# solution 1
# n=21 sym=rot2 status=verified source=flammenkamp_cache/n21_rot2
# code=:56BG8D8D1G3I360F01AI9B2AJK5KEH2H4J7C7C49EF
0 5
0 6
1 11
1 16
2 8
2 13
3 8
3 13
4 1
4 16
5 3
5 18
6 3
6 6
7 0
7 15
8 0
8 1
9 10
9 18
10 9
10 11
11 2
11 10
12 19
12 20
13 5
13 20
14 14
14 17
15 2
15 17
16 4
16 19
17 7
17 12
18 7
18 12
19 4
19 9
20 14
20 15

# solution 2
# n=21 sym=rot2 status=verified source=flammenkamp_cache/n21_rot2
# code=:575BCDIK4I6B131G6HAK8C0A3E4JHJ9E2G02789FDF
0 5
0 7
1 5
1 11
2 12
2 13
3 18
3 20
4 4
4 18
5 6
5 11
6 1
6 3
7 1
7 16
8 6
8 17
9 10
9 20
10 8
10 12
11 0
11 10
12 3
12 14
13 4
13 19
14 17
14 19
15 9
15 14
16 2
16 16
17 0
17 2
18 7
18 8
19 9
19 15
20 13
20 15

# solution 3
# n=21 sym=rot2 status=verified source=flammenkamp_cache/n21_rot2
# code=:458B2E471FBDHJ0K6I3A8CAH2E0K13795JDG6I9CFG
0 4
0 5
1 8
1 11
2 2
2 14
3 4
3 7
4 1
4 15
5 11
5 13
6 17
6 19
7 0
7 20
8 6
8 18
9 3
9 10
10 8
10 12
11 10
11 17
12 2
12 14
13 0
13 20
14 1
14 3
15 7
15 9
16 5
16 19
17 13
17 16
18 6
18 18
19 9
19 12
20 15
20 16

# solution 4
# n=21 sym=rot2 status=verified source=flammenkamp_cache/n21_rot2
# code=:6BGH28467FFKBJ031I7A8CAD2JHK19055DEGCI349E
0 6
0 11
1 16
1 17
2 2
2 8
3 4
3 6
4 7
4 15
5 15
5 20
6 11
6 19
7 0
7 3
8 1
8 18
9 7
9 10
10 8
10 12
11 10
11 13
12 2
12 19
13 17
13 20
14 1
14 9
15 0
15 5
16 5
16 13
17 14
17 16
18 12
18 18
19 3
19 4
20 9
20 14

# solution 5
# n=21 sym=rot2 status=verified source=flammenkamp_cache/n21_rot2
# code=:693F8D6I1B017HFGIK4A8CAG02453DJK9J2E7C5HBE
0 6
0 9
1 3
1 15
2 8
2 13
3 6
3 18
4 1
4 11
5 0
5 1
6 7
6 17
7 15
7 16
8 18
8 20
9 4
9 10
10 8
10 12
11 10
11 16
12 0
12 2
13 4
13 5
14 3
14 13
15 19
15 20
16 9
16 19
17 2
17 14
18 7
18 12
19 5
19 17
20 11
20 14

# solution 6
# n=21 sym=rot2 status=verified source=flammenkamp_cache/n21_rot2
# code=:5K67CDEG12499IFH013A8CAHJK352BBGIJ4678DE0F
0 5
0 20
1 6
1 7
2 12
2 13
3 14
3 16
4 1
4 2
5 4
5 9
6 9
6 18
7 15
7 17
8 0
8 1
9 3
9 10
10 8
10 12
11 10
11 17
12 19
12 20
13 3
13 5
14 2
14 11
15 11
15 16
16 18
16 19
17 4
17 6
18 7
18 8
19 13
19 14
20 0
20 15

# solution 7
# n=21 sym=rot2 status=verified source=flammenkamp_cache/n21_rot2
# code=:39EF2H4I7D01BE18AG5K8C0F4ACJ69JK7D2G3I56BH
0 3
0 9
1 14
1 15
2 2
2 17
3 4
3 18
4 7
4 13
5 0
5 1
6 11
6 14
7 1
7 8
8 10
8 16
9 5
9 20
10 8
10 12
11 0
11 15
12 4
12 10
13 12
13 19
14 6
14 9
15 19
15 20
16 7
16 13
17 2
17 16
18 3
18 18
19 5
19 6
20 11
20 17

# solution 8
# n=21 sym=rot2 status=verified source=flammenkamp_cache/n21_rot2
# code=:BC6B3F367GIK2701AJFG8C451AJKDI024DEH5H9E89
0 11
0 12
1 6
1 11
2 3
2 15
3 3
3 6
4 7
4 16
5 18
5 20
6 2
6 7
7 0
7 1
8 10
8 19
9 15
9 16
10 8
10 12
11 4
11 5
12 1
12 10
13 19
13 20
14 13
14 18
15 0
15 2
16 4
16 13
17 14
17 17
18 5
18 17
19 9
19 14
20 8
20 9

# solution 9
# n=21 sym=rot2 status=verified source=flammenkamp_cache/n21_rot2
# code=:8B25BE367J0G7J2G0A3F8C5HAK4I1D4K1DEH69FI9C
0 8
0 11
1 2
1 5
2 11
2 14
3 3
3 6
4 7
4 19
5 0
5 16
6 7
6 19
7 2
7 16
8 0
8 10
9 3
9 15
10 8
10 12
11 5
11 17
12 10
12 20
13 4
13 18
14 1
14 13
15 4
15 20
16 1
16 13
17 14
17 17
18 6
18 9
19 15
19 18
20 9
20 12

# solution 10
# n=21 sym=rot2 status=verified source=flammenkamp_cache/n21_rot2
# code=:0C67FI6GDF9J290HAJGH8C341A3KBI1B574E25DE8K
0 0
0 12
1 6
1 7
2 15
2 18
3 6
3 16
4 13
4 15
5 9
5 19
6 2
6 9
7 0
7 17
8 10
8 19
9 16
9 17
10 8
10 12
11 3
11 4
12 1
12 10
13 3
13 20
14 11
14 18
15 1
15 11
16 5
16 7
17 4
17 14
18 2
18 5
19 13
19 14
20 8
20 20

# solution 11
# n=21 sym=rot2 status=verified source=flammenkamp_cache/n21_rot2
# code=:BG5B8E367F0I7J0GAI138CHJ2A4K1D2K5DEH6C9F49
0 11
0 16
1 5
1 11
2 8
2 14
3 3
3 6
4 7
4 15
5 0
5 18
6 7
6 19
7 0
7 16
8 10
8 18
9 1
9 3
10 8
10 12
11 17
11 19
12 2
12 10
13 4
13 20
14 1
14 13
15 2
15 20
16 5
16 13
17 14
17 17
18 6
18 12
19 9
19 15
20 4
20 9

# solution 12
# n=21 sym=rot2 status=verified source=flammenkamp_cache/n21_rot2
# code=:DE69790IGJ8G2513AF038CHK5AHJFI4C142KBDBE67
0 13
0 14
1 6
1 9
2 7
2 9
3 0
3 18
4 16
4 19
5 8
5 16
6 2
6 5
7 1
7 3
8 10
8 15
9 0
9 3
10 8
10 12
11 17
11 20
12 5
12 10
13 17
13 19
14 15
14 18
15 4
15 12
16 1
16 4
17 2
17 20
18 11
18 13
19 11
19 14
20 6
20 7

# solution 13
# n=21 sym=rot2 status=verified source=flammenkamp_cache/n21_rot2
# code=:45DJDE6I395BHK8K4A128CIJAG0C039FBH2E6717FG
0 4
0 5
1 13
1 19
2 13
2 14
3 6
3 18
4 3
4 9
5 5
5 11
6 17
6 20
7 8
7 20
8 4
8 10
9 1
9 2
10 8
10 12
11 18
11 19
12 10
12 16
13 0
13 12
14 0
14 3
15 9
15 15
16 11
16 17
17 2
17 14
18 6
18 7
19 1
19 7
20 15
20 16

# solution 14
# n=21 sym=rot2 status=verified source=flammenkamp_cache/n21_rot2
# code=:45BDDE6I3925HK8G0A1J8C1JAK4C03FIBH2E6779FG
0 4
0 5
1 11
1 13
2 13
2 14
3 6
3 18
4 3
4 9
5 2
5 5
6 17
6 20
7 8
7 16
8 0
8 10
9 1
9 19
10 8
10 12
11 1
11 19
12 10
12 20
13 4
13 12
14 0
14 3
15 15
15 18
16 11
16 17
17 2
17 14
18 6
18 7
19 7
19 9
20 15
20 16

# solution 15
# n=21 sym=rot2 status=verified source=flammenkamp_cache/n21_rot2
# code=:DF286D3G1969FI4H0A018CJKAK3G25BEBJ4H7ECI57
0 13
0 15
1 2
1 8
2 6
2 13
3 3
3 16
4 1
4 9
5 6
5 9
6 15
6 18
7 4
7 17
8 0
8 10
9 0
9 1
10 8
10 12
11 19
11 20
12 10
12 20
13 3
13 16
14 2
14 5
15 11
15 14
16 11
16 19
17 4
17 17
18 7
18 14
19 12
19 18
20 5
20 7

# solution 16
# n=21 sym=rot2 status=verified source=flammenkamp_cache/n21_rot2
# code=:CE7FEH399F2I7J4G0A1K8C0JAK4G1D2I5BBH365D68
0 12
0 14
1 7
1 15
2 14
2 17
3 3
3 9
4 9
4 15
5 2
5 18
6 7
6 19
7 4
7 16
8 0
8 10
9 1
9 20
10 8
10 12
11 0
11 19
12 10
12 20
13 4
13 16
14 1
14 13
15 2
15 18
16 5
16 11
17 11
17 17
18 3
18 6
19 5
19 13
20 6
20 8

# solution 17
# n=21 sym=rot2 status=verified source=flammenkamp_cache/n21_rot2
# code=:4FBD3F7I19EJEH28AG0K8C0K4ACI3616BJ2D5H795G
0 4
0 15
1 11
1 13
2 3
2 15
3 7
3 18
4 1
4 9
5 14
5 19
6 14
6 17
7 2
7 8
8 10
8 16
9 0
9 20
10 8
10 12
11 0
11 20
12 4
12 10
13 12
13 18
14 3
14 6
15 1
15 6
16 11
16 19
17 2
17 13
18 5
18 17
19 7
19 9
20 5
20 16

# solution 18
# n=21 sym=rot2 status=verified source=flammenkamp_cache/n21_rot2
# code=:45BD2F7I39EJEH18AG0K8C0K4ACJ3616BH2D5I79FG
0 4
0 5
1 11
1 13
2 2
2 15
3 7
3 18
4 3
4 9
5 14
5 19
6 14
6 17
7 1
7 8
8 10
8 16
9 0
9 20
10 8
10 12
11 0
11 20
12 4
12 10
13 12
13 19
14 3
14 6
15 1
15 6
16 11
16 17
17 2
17 13
18 5
18 18
19 7
19 9
20 15
20 16

# solution 19
# n=21 sym=rot2 status=verified source=flammenkamp_cache/n21_rot2
# code=:3B5EEFBC2I0G7G1308AJ7D1ACKHJ4D4K2I89566F9H
0 3
0 11
1 5
1 14
2 14
2 15
3 11
3 12
4 2
4 18
5 0
5 16
6 7
6 16
7 1
7 3
8 0
8 8
9 10
9 19
10 7
10 13
11 1
11 10
12 12
12 20
13 17
13 19
14 4
14 13
15 4
15 20
16 2
16 18
17 8
17 9
18 5
18 6
19 6
19 15
20 9
20 17

# solution 20
# n=21 sym=rot2 status=verified source=flammenkamp_cache/n21_rot2
# code=:451FCH78BEBI34016KAI7D2A0EJKGH2969CD385JFG
0 4
0 5
1 1
1 15
2 12
2 17
3 7
3 8
4 11
4 14
5 11
5 18
6 3
6 4
7 0
7 1
8 6
8 20
9 10
9 18
10 7
10 13
11 2
11 10
12 0
12 14
13 19
13 20
14 16
14 17
15 2
15 9
16 6
16 9
17 12
17 13
18 3
18 8
19 5
19 19
20 15
20 16

# solution 21
# n=21 sym=rot2 status=verified source=flammenkamp_cache/n21_rot2
# code=:7F9C8I1G4K9J2356EH0A7DAK36EFHI1B0G4J2C8B5D
0 7
0 15
1 9
1 12
2 8
2 18
3 1
3 16
4 4
4 20
5 9
5 19
6 2
6 3
7 5
7 6
8 14
8 17
9 0
9 10
10 7
10 13
11 10
11 20
12 3
12 6
13 14
13 15
14 17
14 18
15 1
15 11
16 0
16 16
17 4
17 19
18 2
18 12
19 8
19 11
20 5
20 13

# solution 22
# n=21 sym=rot2 status=verified source=flammenkamp_cache/n21_rot2
# code=:8H57CE192I569G0K341A7DAJGH0K4BEF2IBJ68DF3C
0 8
0 17
1 5
1 7
2 12
2 14
3 1
3 9
4 2
4 18
5 5
5 6
6 9
6 16
7 0
7 20
8 3
8 4
9 1
9 10
10 7
10 13
11 10
11 19
12 16
12 17
13 0
13 20
14 4
14 11
15 14
15 15
16 2
16 18
17 11
17 19
18 6
18 8
19 13
19 15
20 3
20 12

# solution 23
# n=21 sym=rot2 status=verified source=flammenkamp_cache/n21_rot2
# code=:8H57CE192I5E9G0K341A7DAJGH0K4B6F2IBJ68DF3C
0 8
0 17
1 5
1 7
2 12
2 14
3 1
3 9
4 2
4 18
5 5
5 14
6 9
6 16
7 0
7 20
8 3
8 4
9 1
9 10
10 7
10 13
11 10
11 19
12 16
12 17
13 0
13 20
14 4
14 11
15 6
15 15
16 2
16 18
17 11
17 19
18 6
18 8
19 13
19 15
20 3
20 12

# solution 24
# n=21 sym=rot2 status=verified source=flammenkamp_cache/n21_rot2
# code=:4E189B2F6D08IKFH34AJ7D1AGH3502CK7E5I9BCJ6G
0 4
0 14
1 1
1 8
2 9
2 11
3 2
3 15
4 6
4 13
5 0
5 8
6 18
6 20
7 15
7 17
8 3
8 4
9 10
9 19
10 7
10 13
11 1
11 10
12 16
12 17
13 3
13 5
14 0
14 2
15 12
15 20
16 7
16 14
17 5
17 18
18 9
18 11
19 12
19 19
20 6
20 16

# solution 25
# n=21 sym=rot2 status=verified source=flammenkamp_cache/n21_rot2
# code=:BC5C6G1B5D3J360KGI2A7DAI240KEH1H7F9J4E8F89
0 11
0 12
1 5
1 12
2 6
2 16
3 1
3 11
4 5
4 13
5 3
5 19
6 3
6 6
7 0
7 20
8 16
8 18
9 2
9 10
10 7
10 13
11 10
11 18
12 2
12 4
13 0
13 20
14 14
14 17
15 1
15 17
16 7
16 15
17 9
17 19
18 4
18 14
19 8
19 15
20 8
20 9

# solution 26
# n=21 sym=rot2 status=verified source=flammenkamp_cache/n21_rot2
# code=:CJ9E7FCH1E452K9H042A7DAIGK3B0IFG6J385D6B18
0 12
0 19
1 9
1 14
2 7
2 15
3 12
3 17
4 1
4 14
5 4
5 5
6 2
6 20
7 9
7 17
8 0
8 4
9 2
9 10
10 7
10 13
11 10
11 18
12 16
12 20
13 3
13 11
14 0
14 18
15 15
15 16
16 6
16 19
17 3
17 8
18 5
18 13
19 6
19 11
20 1
20 8

# solution 27
# n=21 sym=rot2 status=verified source=flammenkamp_cache/n21_rot2
# code=:596ICF4H261D9CJK043A7DAHGK018B7JEI3G582EBF
0 5
0 9
1 6
1 18
2 12
2 15
3 4
3 17
4 2
4 6
5 1
5 13
6 9
6 12
7 19
7 20
8 0
8 4
9 3
9 10
10 7
10 13
11 10
11 17
12 16
12 20
13 0
13 1
14 8
14 11
15 7
15 19
16 14
16 18
17 3
17 16
18 5
18 8
19 2
19 14
20 11
20 15

# solution 28
# n=21 sym=rot2 status=verified source=flammenkamp_cache/n21_rot2
# code=:1C9C47FH1E5E2K9H042A7DAIGK3B0I6F6J35DG8B8J
0 1
0 12
1 9
1 12
2 4
2 7
3 15
3 17
4 1
4 14
5 5
5 14
6 2
6 20
7 9
7 17
8 0
8 4
9 2
9 10
10 7
10 13
11 10
11 18
12 16
12 20
13 3
13 11
14 0
14 18
15 6
15 15
16 6
16 19
17 3
17 5
18 13
18 16
19 8
19 11
20 8
20 19

# solution 29
# n=21 sym=rot2 status=verified source=flammenkamp_cache/n21_rot2
# code=:1C9C47FHEJ5E2K9H042A7DAIGK3B0I6F1635DG8B8J
0 1
0 12
1 9
1 12
2 4
2 7
3 15
3 17
4 14
4 19
5 5
5 14
6 2
6 20
7 9
7 17
8 0
8 4
9 2
9 10
10 7
10 13
11 10
11 18
12 16
12 20
13 3
13 11
14 0
14 18
15 6
15 15
16 1
16 6
17 3
17 5
18 13
18 16
19 8
19 11
20 8
20 19

# solution 30
# n=21 sym=rot2 status=verified source=flammenkamp_cache/n21_rot2
# code=:CF6I4IBJ679C050HGHAJ7D1A343KFK8BDE192G2E58
0 12
0 15
1 6
1 18
2 4
2 18
3 11
3 19
4 6
4 7
5 9
5 12
6 0
6 5
7 0
7 17
8 16
8 17
9 10
9 19
10 7
10 13
11 1
11 10
12 3
12 4
13 3
13 20
14 15
14 20
15 8
15 11
16 13
16 14
17 1
17 9
18 2
18 16
19 2
19 14
20 5
20 8

# solution 31
# n=21 sym=rot2 status=verified source=flammenkamp_cache/n21_rot2
# code=:7B6B4HCFCJ15236KGI0A7DAK240EHIFJ18583G9E9D
0 7
0 11
1 6
1 11
2 4
2 17
3 12
3 15
4 12
4 19
5 1
5 5
6 2
6 3
7 6
7 20
8 16
8 18
9 0
9 10
10 7
10 13
11 10
11 20
12 2
12 4
13 0
13 14
14 17
14 18
15 15
15 19
16 1
16 8
17 5
17 8
18 3
18 16
19 9
19 14
20 9
20 13

# solution 32
# n=21 sym=rot2 status=verified source=flammenkamp_cache/n21_rot2
# code=:9EGI8D3J6B1F58HK0GAI7D2A4K03CF5J9E1H7C246B
0 9
0 14
1 16
1 18
2 8
2 13
3 3
3 19
4 6
4 11
5 1
5 15
6 5
6 8
7 17
7 20
8 0
8 16
9 10
9 18
10 7
10 13
11 2
11 10
12 4
12 20
13 0
13 3
14 12
14 15
15 5
15 19
16 9
16 14
17 1
17 17
18 7
18 12
19 2
19 4
20 6
20 11

# solution 33
# n=21 sym=rot2 status=verified source=flammenkamp_cache/n21_rot2
# code=:459CCG35DE0J9I162HAK7D0A3IEJ2B1K67FH488BFG
0 4
0 5
1 9
1 12
2 12
2 16
3 3
3 5
4 13
4 14
5 0
5 19
6 9
6 18
7 1
7 6
8 2
8 17
9 10
9 20
10 7
10 13
11 0
11 10
12 3
12 18
13 14
13 19
14 2
14 11
15 1
15 20
16 6
16 7
17 15
17 17
18 4
18 8
19 8
19 11
20 15
20 16

# solution 34
# n=21 sym=rot2 status=verified source=flammenkamp_cache/n21_rot2
# code=:5936CF4H241D9CEJ020A7DAKIK168B7JGI3G58EHBF
0 5
0 9
1 3
1 6
2 12
2 15
3 4
3 17
4 2
4 4
5 1
5 13
6 9
6 12
7 14
7 19
8 0
8 2
9 0
9 10
10 7
10 13
11 10
11 20
12 18
12 20
13 1
13 6
14 8
14 11
15 7
15 19
16 16
16 18
17 3
17 16
18 5
18 8
19 14
19 17
20 11
20 15

# solution 35
# n=21 sym=rot2 status=verified source=flammenkamp_cache/n21_rot2
# code=:3B78EFBC4I01FG36IK1A7DAJ02EH45JK2G8956CD9H
0 3
0 11
1 7
1 8
2 14
2 15
3 11
3 12
4 4
4 18
5 0
5 1
6 15
6 16
7 3
7 6
8 18
8 20
9 1
9 10
10 7
10 13
11 10
11 19
12 0
12 2
13 14
13 17
14 4
14 5
15 19
15 20
16 2
16 16
17 8
17 9
18 5
18 6
19 12
19 13
20 9
20 17

# solution 36
# n=21 sym=rot2 status=verified source=flammenkamp_cache/n21_rot2
# code=:3B78EFBC4I0JFG36IK1A7DAJ02EH451K2G8956CD9H
0 3
0 11
1 7
1 8
2 14
2 15
3 11
3 12
4 4
4 18
5 0
5 19
6 15
6 16
7 3
7 6
8 18
8 20
9 1
9 10
10 7
10 13
11 10
11 19
12 0
12 2
13 14
13 17
14 4
14 5
15 1
15 20
16 2
16 16
17 8
17 9
18 5
18 6
19 12
19 13
20 9
20 17

# solution 37
# n=21 sym=rot2 status=verified source=flammenkamp_cache/n21_rot2
# code=:BCEH5714BE5G0813IK2A7DAI02HJCK4F69GJDF3689
0 11
0 12
1 14
1 17
2 5
2 7
3 1
3 4
4 11
4 14
5 5
5 16
6 0
6 8
7 1
7 3
8 18
8 20
9 2
9 10
10 7
10 13
11 10
11 18
12 0
12 2
13 17
13 19
14 12
14 20
15 4
15 15
16 6
16 9
17 16
17 19
18 13
18 15
19 3
19 6
20 8
20 9

# solution 38
# n=21 sym=rot2 status=verified source=flammenkamp_cache/n21_rot2
# code=:1DCE4CHJ5K5929EG2A037DHKAI46BIBF0F138G687J
0 1
0 13
1 12
1 14
2 4
2 12
3 17
3 19
4 5
4 20
5 5
5 9
6 2
6 9
7 14
7 16
8 2
8 10
9 0
9 3
10 7
10 13
11 17
11 20
12 10
12 18
13 4
13 6
14 11
14 18
15 11
15 15
16 0
16 15
17 1
17 3
18 8
18 16
19 6
19 8
20 7
20 19

# solution 39
# n=21 sym=rot2 status=verified source=flammenkamp_cache/n21_rot2
# code=:DF692C482HFJ09EGAK137DHJ0A46BK153ICG8IBE57
0 13
0 15
1 6
1 9
2 2
2 12
3 4
3 8
4 2
4 17
5 15
5 19
6 0
6 9
7 14
7 16
8 10
8 20
9 1
9 3
10 7
10 13
11 17
11 19
12 0
12 10
13 4
13 6
14 11
14 20
15 1
15 5
16 3
16 18
17 12
17 16
18 8
18 18
19 11
19 14
20 5
20 7

# solution 40
# n=21 sym=rot2 status=verified source=flammenkamp_cache/n21_rot2
# code=:5D9E2C4823FJ09EGAK137DHJ0A46BK15HICG8I6B7F
0 5
0 13
1 9
1 14
2 2
2 12
3 4
3 8
4 2
4 3
5 15
5 19
6 0
6 9
7 14
7 16
8 10
8 20
9 1
9 3
10 7
10 13
11 17
11 19
12 0
12 10
13 4
13 6
14 11
14 20
15 1
15 5
16 17
16 18
17 12
17 16
18 8
18 18
19 6
19 11
20 7
20 15

# solution 41
# n=21 sym=rot2 status=verified source=flammenkamp_cache/n21_rot2
# code=:498HEH27CF0F46JK9AIJ7D12AB01EG5K58DI363CBG
0 4
0 9
1 8
1 17
2 14
2 17
3 2
3 7
4 12
4 15
5 0
5 15
6 4
6 6
7 19
7 20
8 9
8 10
9 18
9 19
10 7
10 13
11 1
11 2
12 10
12 11
13 0
13 1
14 14
14 16
15 5
15 20
16 5
16 8
17 13
17 18
18 3
18 6
19 3
19 12
20 11
20 16

# solution 42
# n=21 sym=rot2 status=verified source=flammenkamp_cache/n21_rot2
# code=:6G5CBK2CBK24EH571AHJ7D13AJDF36GI098I098F4E
0 6
0 16
1 5
1 12
2 11
2 20
3 2
3 12
4 11
4 20
5 2
5 4
6 14
6 17
7 5
7 7
8 1
8 10
9 17
9 19
10 7
10 13
11 1
11 3
12 10
12 19
13 13
13 15
14 3
14 6
15 16
15 18
16 0
16 9
17 8
17 18
18 0
18 9
19 8
19 15
20 4
20 14

# solution 43
# n=21 sym=rot2 status=verified source=flammenkamp_cache/n21_rot2
# code=:4E8C9G279HFI6F1H0A017DJKAK3J5E253BDI4B8C6G
0 4
0 14
1 8
1 12
2 9
2 16
3 2
3 7
4 9
4 17
5 15
5 18
6 6
6 15
7 1
7 17
8 0
8 10
9 0
9 1
10 7
10 13
11 19
11 20
12 10
12 20
13 3
13 19
14 5
14 14
15 2
15 5
16 3
16 11
17 13
17 18
18 4
18 11
19 8
19 12
20 6
20 16

# solution 44
# n=21 sym=rot2 status=verified source=flammenkamp_cache/n21_rot2
# code=:BD46381G8IBJ6F23AF0K7D0K5AHI5E192C4JCHEG79
0 11
0 13
1 4
1 6
2 3
2 8
3 1
3 16
4 8
4 18
5 11
5 19
6 6
6 15
7 2
7 3
8 10
8 15
9 0
9 20
10 7
10 13
11 0
11 20
12 5
12 10
13 17
13 18
14 5
14 14
15 1
15 9
16 2
16 12
17 4
17 19
18 12
18 17
19 14
19 16
20 7
20 9

# solution 45
# n=21 sym=rot2 status=verified source=flammenkamp_cache/n21_rot2
# code=:BC6B46CG5DJK052H2A1H7D3JAI3IFK017F48EG9E89
0 11
0 12
1 6
1 11
2 4
2 6
3 12
3 16
4 5
4 13
5 19
5 20
6 0
6 5
7 2
7 17
8 2
8 10
9 1
9 17
10 7
10 13
11 3
11 19
12 10
12 18
13 3
13 18
14 15
14 20
15 0
15 1
16 7
16 15
17 4
17 8
18 14
18 16
19 9
19 14
20 8
20 9

# solution 46
# n=21 sym=rot2 status=verified source=flammenkamp_cache/n21_rot2
# code=:6G9C6G9C5H02FH027A1J7D1JADIK35IK3F8B4E8B4E
0 6
0 16
1 9
1 12
2 6
2 16
3 9
3 12
4 5
4 17
5 0
5 2
6 15
6 17
7 0
7 2
8 7
8 10
9 1
9 19
10 7
10 13
11 1
11 19
12 10
12 13
13 18
13 20
14 3
14 5
15 18
15 20
16 3
16 15
17 8
17 11
18 4
18 14
19 8
19 11
20 4
20 14

# solution 47
# n=21 sym=rot2 status=verified source=flammenkamp_cache/n21_rot2
# code=:7F4C6BCG2H6J052HAK197DBJ0A3IFK1E3I489E8G5D
0 7
0 15
1 4
1 12
2 6
2 11
3 12
3 16
4 2
4 17
5 6
5 19
6 0
6 5
7 2
7 17
8 10
8 20
9 1
9 9
10 7
10 13
11 11
11 19
12 0
12 10
13 3
13 18
14 15
14 20
15 1
15 14
16 3
16 18
17 4
17 8
18 9
18 14
19 8
19 16
20 5
20 13

# solution 48
# n=21 sym=rot2 status=verified source=flammenkamp_cache/n21_rot2
# code=:6BBF6HCHCD0K4G2J1A257DFIAJ1I4G0K78383E599E
0 6
0 11
1 11
1 15
2 6
2 17
3 12
3 17
4 12
4 13
5 0
5 20
6 4
6 16
7 2
7 19
8 1
8 10
9 2
9 5
10 7
10 13
11 15
11 18
12 10
12 19
13 1
13 18
14 4
14 16
15 0
15 20
16 7
16 8
17 3
17 8
18 3
18 14
19 5
19 9
20 9
20 14

# solution 49
# n=21 sym=rot2 status=verified source=flammenkamp_cache/n21_rot2
# code=:CF5867HI19GI0G69AK1H7D3J0ABE4K24BJ23DECF58
0 12
0 15
1 5
1 8
2 6
2 7
3 17
3 18
4 1
4 9
5 16
5 18
6 0
6 16
7 6
7 9
8 10
8 20
9 1
9 17
10 7
10 13
11 3
11 19
12 0
12 10
13 11
13 14
14 4
14 20
15 2
15 4
16 11
16 19
17 2
17 3
18 13
18 14
19 12
19 15
20 5
20 8

# solution 50
# n=21 sym=rot2 status=verified source=flammenkamp_cache/n21_rot2
# code=:DF58692C6924GK1HAK1H7D3J0A3J04GIBE8IBECF57
0 13
0 15
1 5
1 8
2 6
2 9
3 2
3 12
4 6
4 9
5 2
5 4
6 16
6 20
7 1
7 17
8 10
8 20
9 1
9 17
10 7
10 13
11 3
11 19
12 0
12 10
13 3
13 19
14 0
14 4
15 16
15 18
16 11
16 14
17 8
17 18
18 11
18 14
19 12
19 15
20 5
20 7

# solution 51
# n=21 sym=rot2 status=verified source=flammenkamp_cache/n21_rot2
# code=:CF69CG1935GJ2H7E0A027DIKAK6D3I14FHBJ48BE58
0 12
0 15
1 6
1 9
2 12
2 16
3 1
3 9
4 3
4 5
5 16
5 19
6 2
6 17
7 7
7 14
8 0
8 10
9 0
9 2
10 7
10 13
11 18
11 20
12 10
12 20
13 6
13 13
14 3
14 18
15 1
15 4
16 15
16 17
17 11
17 19
18 4
18 8
19 11
19 14
20 5
20 8

# solution 52
# n=21 sym=rot2 status=verified source=flammenkamp_cache/n21_rot2
# code=:DG1949FI8JEF0368AIHK7D032ACEHK561C25BGBJ47
0 13
0 16
1 1
1 9
2 4
2 9
3 15
3 18
4 8
4 19
5 14
5 15
6 0
6 3
7 6
7 8
8 10
8 18
9 17
9 20
10 7
10 13
11 0
11 3
12 2
12 10
13 12
13 14
14 17
14 20
15 5
15 6
16 1
16 12
17 2
17 5
18 11
18 16
19 11
19 19
20 4
20 7

# solution 53
# n=21 sym=rot2 status=verified source=flammenkamp_cache/n21_rot2
# code=:BD69CHCGEJ5J3K25AK2G7D4I0AFI0H1F164838BE79
0 11
0 13
1 6
1 9
2 12
2 17
3 12
3 16
4 14
4 19
5 5
5 19
6 3
6 20
7 2
7 5
8 10
8 20
9 2
9 16
10 7
10 13
11 4
11 18
12 0
12 10
13 15
13 18
14 0
14 17
15 1
15 15
16 1
16 6
17 4
17 8
18 3
18 8
19 11
19 14
20 7
20 9

# solution 54
# n=21 sym=rot2 status=verified source=flammenkamp_cache/n21_rot2
# code=:BE6B4HGJ585I3K8D0A127DIJAK7C0H2FCF143G9E69
0 11
0 14
1 6
1 11
2 4
2 17
3 16
3 19
4 5
4 8
5 5
5 18
6 3
6 20
7 8
7 13
8 0
8 10
9 1
9 2
10 7
10 13
11 18
11 19
12 10
12 20
13 7
13 12
14 0
14 17
15 2
15 15
16 12
16 15
17 1
17 4
18 3
18 16
19 9
19 14
20 6
20 9

# solution 55
# n=21 sym=rot2 status=verified source=flammenkamp_cache/n21_rot2
# code=:EF6929FG08343KDIAJ187DCJ1A270HGHCK45BIBE56
0 14
0 15
1 6
1 9
2 2
2 9
3 15
3 16
4 0
4 8
5 3
5 4
6 3
6 20
7 13
7 18
8 10
8 19
9 1
9 8
10 7
10 13
11 12
11 19
12 1
12 10
13 2
13 7
14 0
14 17
15 16
15 17
16 12
16 20
17 4
17 5
18 11
18 18
19 11
19 14
20 5
20 6

# solution 56
# n=21 sym=rot2 status=verified source=flammenkamp_cache/n21_rot2
# code=:485E8BEIBF0J3I7J0A347DGHAK1D2H1K59269C6FCG
0 4
0 8
1 5
1 14
2 8
2 11
3 14
3 18
4 11
4 15
5 0
5 19
6 3
6 18
7 7
7 19
8 0
8 10
9 3
9 4
10 7
10 13
11 16
11 17
12 10
12 20
13 1
13 13
14 2
14 17
15 1
15 20
16 5
16 9
17 2
17 6
18 9
18 12
19 6
19 15
20 12
20 16

# solution 57
# n=21 sym=rot2 status=verified source=flammenkamp_cache/n21_rot2
# code=:9C590E4I7EGK2H181AFH7D35AJCJ3I046D2G6KBF8B
0 9
0 12
1 5
1 9
2 0
2 14
3 4
3 18
4 7
4 14
5 16
5 20
6 2
6 17
7 1
7 8
8 1
8 10
9 15
9 17
10 7
10 13
11 3
11 5
12 10
12 19
13 12
13 19
14 3
14 18
15 0
15 4
16 6
16 13
17 2
17 16
18 6
18 20
19 11
19 15
20 8
20 11

# solution 58
# n=21 sym=rot2 status=verified source=flammenkamp_cache/n21_rot2
# code=:599ECE35CH2G02GJ7AJK7D01AD14IK4I38FH686BBF
0 5
0 9
1 9
1 14
2 12
2 14
3 3
3 5
4 12
4 17
5 2
5 16
6 0
6 2
7 16
7 19
8 7
8 10
9 19
9 20
10 7
10 13
11 0
11 1
12 10
12 13
13 1
13 4
14 18
14 20
15 4
15 18
16 3
16 8
17 15
17 17
18 6
18 8
19 6
19 11
20 11
20 15

# solution 59
# n=21 sym=rot2 status=verified source=flammenkamp_cache/n21_rot2
# code=:CF6B9CHJ0H452KEG7A1I7D2JAD460IFG3K138B9E58
0 12
0 15
1 6
1 11
2 9
2 12
3 17
3 19
4 0
4 17
5 4
5 5
6 2
6 20
7 14
7 16
8 7
8 10
9 1
9 18
10 7
10 13
11 2
11 19
12 10
12 13
13 4
13 6
14 0
14 18
15 15
15 16
16 3
16 20
17 1
17 3
18 8
18 11
19 9
19 14
20 5
20 8

# solution 60
# n=21 sym=rot2 status=verified source=flammenkamp_cache/n21_rot2
# code=:8F695CGHBEGJ0227AJ037DHK1ADIIK1469348FBE5C
0 8
0 15
1 6
1 9
2 5
2 12
3 16
3 17
4 11
4 14
5 16
5 19
6 0
6 2
7 2
7 7
8 10
8 19
9 0
9 3
10 7
10 13
11 17
11 20
12 1
12 10
13 13
13 18
14 18
14 20
15 1
15 4
16 6
16 9
17 3
17 4
18 8
18 15
19 11
19 14
20 5
20 12

# solution 61
# n=21 sym=rot2 status=verified source=flammenkamp_cache/n21_rot2
# code=:69BFIJ8D03HK58AE241G7D4JGI6ACF03HK7C1259BE
0 6
0 9
1 11
1 15
2 18
2 19
3 8
3 13
4 0
4 3
5 17
5 20
6 5
6 8
7 10
7 14
8 2
8 4
9 1
9 16
10 7
10 13
11 4
11 19
12 16
12 18
13 6
13 10
14 12
14 15
15 0
15 3
16 17
16 20
17 7
17 12
18 1
18 2
19 5
19 9
20 11
20 14

# solution 62
# n=21 sym=rot2 status=verified source=flammenkamp_cache/n21_rot2
# code=:BE250489HK5H1D8AEIGJ7D1426AC7J3F03BCGKFI69
0 11
0 14
1 2
1 5
2 0
2 4
3 8
3 9
4 17
4 20
5 5
5 17
6 1
6 13
7 8
7 10
8 14
8 18
9 16
9 19
10 7
10 13
11 1
11 4
12 2
12 6
13 10
13 12
14 7
14 19
15 3
15 15
16 0
16 3
17 11
17 12
18 16
18 20
19 15
19 18
20 6
20 9

# solution 63
# n=21 sym=rot2 status=verified source=flammenkamp_cache/n21_rot2
# code=:BE8C6GBI5H5701AK2HGJ7D143I0AJKDF3F294E8C69
0 11
0 14
1 8
1 12
2 6
2 16
3 11
3 18
4 5
4 17
5 5
5 7
6 0
6 1
7 10
7 20
8 2
8 17
9 16
9 19
10 7
10 13
11 1
11 4
12 3
12 18
13 0
13 10
14 19
14 20
15 13
15 15
16 3
16 15
17 2
17 9
18 4
18 14
19 8
19 12
20 6
20 9

# solution 64
# n=21 sym=rot2 status=verified source=flammenkamp_cache/n21_rot2
# code=:BE3C6GBI5H57018A02GJ7D14IKACJKDF3F294E8H69
0 11
0 14
1 3
1 12
2 6
2 16
3 11
3 18
4 5
4 17
5 5
5 7
6 0
6 1
7 8
7 10
8 0
8 2
9 16
9 19
10 7
10 13
11 1
11 4
12 18
12 20
13 10
13 12
14 19
14 20
15 13
15 15
16 3
16 15
17 2
17 9
18 4
18 14
19 8
19 17
20 6
20 9

# solution 65
# n=21 sym=rot2 status=verified source=flammenkamp_cache/n21_rot2
# code=:9IEF364C89FH1K7AGK127DIJ04AD0J35BC8GEH562B
0 9
0 18
1 14
1 15
2 3
2 6
3 4
3 12
4 8
4 9
5 15
5 17
6 1
6 20
7 7
7 10
8 16
8 20
9 1
9 2
10 7
10 13
11 18
11 19
12 0
12 4
13 10
13 13
14 0
14 19
15 3
15 5
16 11
16 12
17 8
17 16
18 14
18 17
19 5
19 6
20 2
20 11

# solution 66
# n=21 sym=rot2 status=verified source=flammenkamp_cache/n21_rot2
# code=:5C3E2CFG9E14029A7J037DHK1DABIKGJ6B458I6H8F
0 5
0 12
1 3
1 14
2 2
2 12
3 15
3 16
4 9
4 14
5 1
5 4
6 0
6 2
7 9
7 10
8 7
8 19
9 0
9 3
10 7
10 13
11 17
11 20
12 1
12 13
13 10
13 11
14 18
14 20
15 16
15 19
16 6
16 11
17 4
17 5
18 8
18 18
19 6
19 17
20 8
20 15

# solution 67
# n=21 sym=rot2 status=verified source=flammenkamp_cache/n21_rot2
# code=:583ECDFI9E140I9A4J037DHK1GAB2KGJ6B25786HCF
0 5
0 8
1 3
1 14
2 12
2 13
3 15
3 18
4 9
4 14
5 1
5 4
6 0
6 18
7 9
7 10
8 4
8 19
9 0
9 3
10 7
10 13
11 17
11 20
12 1
12 16
13 10
13 11
14 2
14 20
15 16
15 19
16 6
16 11
17 2
17 5
18 7
18 8
19 6
19 17
20 12
20 15

# solution 68
# n=21 sym=rot2 status=verified source=flammenkamp_cache/n21_rot2
# code=:BCEF478G0I5E029AHJ1H7D3J13ABIK6F2K4CDG5689
0 11
0 12
1 14
1 15
2 4
2 7
3 8
3 16
4 0
4 18
5 5
5 14
6 0
6 2
7 9
7 10
8 17
8 19
9 1
9 17
10 7
10 13
11 3
11 19
12 1
12 3
13 10
13 11
14 18
14 20
15 6
15 15
16 2
16 20
17 4
17 12
18 13
18 16
19 5
19 6
20 8
20 9

# solution 69
# n=21 sym=rot2 status=verified source=flammenkamp_cache/n21_rot2
# code=:579C9E452EGJ2K8AHKHJ7D1303AC0I146IFG6B8BDF
0 5
0 7
1 9
1 12
2 9
2 14
3 4
3 5
4 2
4 14
5 16
5 19
6 2
6 20
7 8
7 10
8 17
8 20
9 17
9 19
10 7
10 13
11 1
11 3
12 0
12 3
13 10
13 12
14 0
14 18
15 1
15 4
16 6
16 18
17 15
17 16
18 6
18 11
19 8
19 11
20 13
20 15

# solution 70
# n=21 sym=rot2 status=verified source=flammenkamp_cache/n21_rot2
# code=:4C692C592EGH570A1J0H7D3K1JAKDF346IBF8IBE8G
0 4
0 12
1 6
1 9
2 2
2 12
3 5
3 9
4 2
4 14
5 16
5 17
6 5
6 7
7 0
7 10
8 1
8 19
9 0
9 17
10 7
10 13
11 3
11 20
12 1
12 19
13 10
13 20
14 13
14 15
15 3
15 4
16 6
16 18
17 11
17 15
18 8
18 18
19 11
19 14
20 8
20 16

# solution 71
# n=21 sym=rot2 status=verified source=flammenkamp_cache/n21_rot2
# code=:69353E8G897FGK0A2J127DIJ1IAK045DBC4C6HFHBE
0 6
0 9
1 3
1 5
2 3
2 14
3 8
3 16
4 8
4 9
5 7
5 15
6 16
6 20
7 0
7 10
8 2
8 19
9 1
9 2
10 7
10 13
11 18
11 19
12 1
12 18
13 10
13 20
14 0
14 4
15 5
15 13
16 11
16 12
17 4
17 12
18 6
18 17
19 15
19 17
20 11
20 14

# solution 72
# n=21 sym=rot2 status=verified source=flammenkamp_cache/n21_rot2
# code=:BE5H6B14CK5D048AHI2J7D1I23ACGK7F08GJ9E3F69
0 11
0 14
1 5
1 17
2 6
2 11
3 1
3 4
4 12
4 20
5 5
5 13
6 0
6 4
7 8
7 10
8 17
8 18
9 2
9 19
10 7
10 13
11 1
11 18
12 2
12 3
13 10
13 12
14 16
14 20
15 7
15 15
16 0
16 8
17 16
17 19
18 9
18 14
19 3
19 15
20 6
20 9

# solution 73
# n=21 sym=rot2 status=verified source=flammenkamp_cache/n21_rot2
# code=:569C29250H7GGK8AEH1J7D1J36AC044D3KFIBI8BEF
0 5
0 6
1 9
1 12
2 2
2 9
3 2
3 5
4 0
4 17
5 7
5 16
6 16
6 20
7 8
7 10
8 14
8 17
9 1
9 19
10 7
10 13
11 1
11 19
12 3
12 6
13 10
13 12
14 0
14 4
15 4
15 13
16 3
16 20
17 15
17 18
18 11
18 18
19 8
19 11
20 14
20 15

# solution 74
# n=21 sym=rot2 status=verified source=flammenkamp_cache/n21_rot2
# code=:569C9E250G7G2K8A3H1J7D1J3HAC0I4D4KFI6B8BEF
0 5
0 6
1 9
1 12
2 9
2 14
3 2
3 5
4 0
4 16
5 7
5 16
6 2
6 20
7 8
7 10
8 3
8 17
9 1
9 19
10 7
10 13
11 1
11 19
12 3
12 17
13 10
13 12
14 0
14 18
15 4
15 13
16 4
16 20
17 15
17 18
18 6
18 11
19 8
19 11
20 14
20 15

# solution 75
# n=21 sym=rot2 status=verified source=flammenkamp_cache/n21_rot2
# code=:6ECF292FGH79048AHJ017DJK13ACGKBD345IBI586E
0 6
0 14
1 12
1 15
2 2
2 9
3 2
3 15
4 16
4 17
5 7
5 9
6 0
6 4
7 8
7 10
8 17
8 19
9 0
9 1
10 7
10 13
11 19
11 20
12 1
12 3
13 10
13 12
14 16
14 20
15 11
15 13
16 3
16 4
17 5
17 18
18 11
18 18
19 5
19 8
20 6
20 14

# solution 76
# n=21 sym=rot2 status=verified source=flammenkamp_cache/n21_rot2
# code=:572C3G359CEG0E9A120J7D1KIJAB6K468BFH4H8IDF
0 5
0 7
1 2
1 12
2 3
2 16
3 3
3 5
4 9
4 12
5 14
5 16
6 0
6 14
7 9
7 10
8 1
8 2
9 0
9 19
10 7
10 13
11 1
11 20
12 18
12 19
13 10
13 11
14 6
14 20
15 4
15 6
16 8
16 11
17 15
17 17
18 4
18 17
19 8
19 18
20 13
20 15

# solution 77
# n=21 sym=rot2 status=verified source=flammenkamp_cache/n21_rot2
# code=:8F8BBG5I36GJ7E0A23JK7D01HIAK6D14EH2F499C5C
0 8
0 15
1 8
1 11
2 11
2 16
3 5
3 18
4 3
4 6
5 16
5 19
6 7
6 14
7 0
7 10
8 2
8 3
9 19
9 20
10 7
10 13
11 0
11 1
12 17
12 18
13 10
13 20
14 6
14 13
15 1
15 4
16 14
16 17
17 2
17 15
18 4
18 9
19 9
19 12
20 5
20 12

# solution 78
# n=21 sym=rot2 status=verified source=flammenkamp_cache/n21_rot2
# code=:8F6HBCFH6B1G2I7A1G0K7D0K4JAD2I4J9E35893E5C
0 8
0 15
1 6
1 17
2 11
2 12
3 15
3 17
4 6
4 11
5 1
5 16
6 2
6 18
7 7
7 10
8 1
8 16
9 0
9 20
10 7
10 13
11 0
11 20
12 4
12 19
13 10
13 13
14 2
14 18
15 4
15 19
16 9
16 14
17 3
17 5
18 8
18 9
19 3
19 14
20 5
20 12

# solution 79
# n=21 sym=rot2 status=verified source=flammenkamp_cache/n21_rot2
# code=:8F36BCFH6B1G2I7A1G0K7D0K4JAD2I4J9E3589EH5C
0 8
0 15
1 3
1 6
2 11
2 12
3 15
3 17
4 6
4 11
5 1
5 16
6 2
6 18
7 7
7 10
8 1
8 16
9 0
9 20
10 7
10 13
11 0
11 20
12 4
12 19
13 10
13 13
14 2
14 18
15 4
15 19
16 9
16 14
17 3
17 5
18 8
18 9
19 14
19 17
20 5
20 12

# solution 80
# n=21 sym=rot2 status=verified source=flammenkamp_cache/n21_rot2
# code=:CG5E89FH3I146D9AIJ0K7D0K12AB7EGJ2H35BC6F48
0 12
0 16
1 5
1 14
2 8
2 9
3 15
3 17
4 3
4 18
5 1
5 4
6 6
6 13
7 9
7 10
8 18
8 19
9 0
9 20
10 7
10 13
11 0
11 20
12 1
12 2
13 10
13 11
14 7
14 14
15 16
15 19
16 2
16 17
17 3
17 5
18 11
18 12
19 6
19 15
20 4
20 8

# solution 81
# n=21 sym=rot2 status=verified source=flammenkamp_cache/n21_rot2
# code=:5C5E89GH3I146D9AIJ0K7D0K12AB7EGJ2H34BC6F8F
0 5
0 12
1 5
1 14
2 8
2 9
3 16
3 17
4 3
4 18
5 1
5 4
6 6
6 13
7 9
7 10
8 18
8 19
9 0
9 20
10 7
10 13
11 0
11 20
12 1
12 2
13 10
13 11
14 7
14 14
15 16
15 19
16 2
16 17
17 3
17 4
18 11
18 12
19 6
19 15
20 8
20 15

# solution 82
# n=21 sym=rot2 status=verified source=flammenkamp_cache/n21_rot2
# code=:CE7H49GH2C5E1A2K59017DJKBF0IAJ6F8I34BG3D68
0 12
0 14
1 7
1 17
2 4
2 9
3 16
3 17
4 2
4 12
5 5
5 14
6 1
6 10
7 2
7 20
8 5
8 9
9 0
9 1
10 7
10 13
11 19
11 20
12 11
12 15
13 0
13 18
14 10
14 19
15 6
15 15
16 8
16 18
17 3
17 4
18 11
18 16
19 3
19 13
20 6
20 8

# solution 83
# n=21 sym=rot2 status=verified source=flammenkamp_cache/n21_rot2
# code=:9JFH472C6A1F2CHK09467DEGBK038I5JAE8IDG351B
0 9
0 19
1 15
1 17
2 4
2 7
3 2
3 12
4 6
4 10
5 1
5 15
6 2
6 12
7 17
7 20
8 0
8 9
9 4
9 6
10 7
10 13
11 14
11 16
12 11
12 20
13 0
13 3
14 8
14 18
15 5
15 19
16 10
16 14
17 8
17 18
18 13
18 16
19 3
19 5
20 1
20 11

# solution 84
# n=21 sym=rot2 status=verified source=flammenkamp_cache/n21_rot2
# code=:EI5C7EDH58024JAK9H9J4G1B3B0A1GIKCF376D8F26
0 14
0 18
1 5
1 12
2 7
2 14
3 13
3 17
4 5
4 8
5 0
5 2
6 4
6 19
7 10
7 20
8 9
8 17
9 9
9 19
10 4
10 16
11 1
11 11
12 3
12 11
13 0
13 10
14 1
14 16
15 18
15 20
16 12
16 15
17 3
17 7
18 6
18 13
19 8
19 15
20 2
20 6

# solution 85
# n=21 sym=rot2 status=verified source=flammenkamp_cache/n21_rot2
# code=:9E58348AEF024J3D9KIJ7D120B7H1GIK56ACGHCF6B
0 9
0 14
1 5
1 8
2 3
2 4
3 8
3 10
4 14
4 15
5 0
5 2
6 4
6 19
7 3
7 13
8 9
8 20
9 18
9 19
10 7
10 13
11 1
11 2
12 0
12 11
13 7
13 17
14 1
14 16
15 18
15 20
16 5
16 6
17 10
17 12
18 16
18 17
19 12
19 15
20 6
20 11

# solution 86
# n=21 sym=rot2 status=verified source=flammenkamp_cache/n21_rot2
# code=:BI5F488A3I0KDEHJ496J7D1EBG13670K2HACCG5F29
0 11
0 18
1 5
1 15
2 4
2 8
3 8
3 10
4 3
4 18
5 0
5 20
6 13
6 14
7 17
7 19
8 4
8 9
9 6
9 19
10 7
10 13
11 1
11 14
12 11
12 16
13 1
13 3
14 6
14 7
15 0
15 20
16 2
16 17
17 10
17 12
18 12
18 16
19 5
19 15
20 2
20 9

# solution 87
# n=21 sym=rot2 status=verified source=flammenkamp_cache/n21_rot2
# code=:EJ384BAC4I6F023F9D1K7D0J7B5HIK5E2G8A9GCH16
0 14
0 19
1 3
1 8
2 4
2 11
3 10
3 12
4 4
4 18
5 6
5 15
6 0
6 2
7 3
7 15
8 9
8 13
9 1
9 20
10 7
10 13
11 0
11 19
12 7
12 11
13 5
13 17
14 18
14 20
15 5
15 14
16 2
16 16
17 8
17 10
18 9
18 16
19 12
19 17
20 1
20 6

# solution 88
# n=21 sym=rot2 status=verified source=flammenkamp_cache/n21_rot2
# code=:CE5H9J6A5CGK24DH29JK7D01BI37GI048FAE1B3F68
0 12
0 14
1 5
1 17
2 9
2 19
3 6
3 10
4 5
4 12
5 16
5 20
6 2
6 4
7 13
7 17
8 2
8 9
9 19
9 20
10 7
10 13
11 0
11 1
12 11
12 18
13 3
13 7
14 16
14 18
15 0
15 4
16 8
16 15
17 10
17 14
18 1
18 11
19 3
19 15
20 6
20 8

# solution 89
# n=21 sym=rot2 status=verified source=flammenkamp_cache/n21_rot2
# code=:6E384JAF49FK2C3I9D1K7D0J7B2H8I05BG5A1GCH6E
0 6
0 14
1 3
1 8
2 4
2 19
3 10
3 15
4 4
4 9
5 15
5 20
6 2
6 12
7 3
7 18
8 9
8 13
9 1
9 20
10 7
10 13
11 0
11 19
12 7
12 11
13 2
13 17
14 8
14 18
15 0
15 5
16 11
16 16
17 5
17 10
18 1
18 16
19 12
19 17
20 6
20 14

# solution 90
# n=21 sym=rot2 status=verified source=flammenkamp_cache/n21_rot2
# code=:48CF47AI3EBF1K3J9E2K7D0I6B1H0J596H2ADG58CG
0 4
0 8
1 12
1 15
2 4
2 7
3 10
3 18
4 3
4 14
5 11
5 15
6 1
6 20
7 3
7 19
8 9
8 14
9 2
9 20
10 7
10 13
11 0
11 18
12 6
12 11
13 1
13 17
14 0
14 19
15 5
15 9
16 6
16 17
17 2
17 10
18 13
18 16
19 5
19 8
20 12
20 16

# solution 91
# n=21 sym=rot2 status=verified source=flammenkamp_cache/n21_rot2
# code=:DF1358AI6E490IHJ9CGK7D048B132KBG6E2ACFHJ57
0 13
0 15
1 1
1 3
2 5
2 8
3 10
3 18
4 6
4 14
5 4
5 9
6 0
6 18
7 17
7 19
8 9
8 12
9 16
9 20
10 7
10 13
11 0
11 4
12 8
12 11
13 1
13 3
14 2
14 20
15 11
15 16
16 6
16 14
17 2
17 10
18 12
18 15
19 17
19 19
20 5
20 7

# solution 92
# n=21 sym=rot2 status=verified source=flammenkamp_cache/n21_rot2
# code=:DF1H58AI6E490IHJ9CGK7D048B132KBG6E2ACF3J57
0 13
0 15
1 1
1 17
2 5
2 8
3 10
3 18
4 6
4 14
5 4
5 9
6 0
6 18
7 17
7 19
8 9
8 12
9 16
9 20
10 7
10 13
11 0
11 4
12 8
12 11
13 1
13 3
14 2
14 20
15 11
15 16
16 6
16 14
17 2
17 10
18 12
18 15
19 3
19 19
20 5
20 7

# solution 93
# n=21 sym=rot2 status=verified source=flammenkamp_cache/n21_rot2
# code=:34CE8A3FEF1K4D9J9I027DIK2B1B7G0J565HAC68GH
0 3
0 4
1 12
1 14
2 8
2 10
3 3
3 15
4 14
4 15
5 1
5 20
6 4
6 13
7 9
7 19
8 9
8 18
9 0
9 2
10 7
10 13
11 18
11 20
12 2
12 11
13 1
13 11
14 7
14 16
15 0
15 19
16 5
16 6
17 5
17 17
18 10
18 12
19 6
19 8
20 16
20 17

# solution 94
# n=21 sym=rot2 status=verified source=flammenkamp_cache/n21_rot2
# code=:4E8HAEFI498F0K3I9D1J7D1J7B2H0K5CBG256A3C6G
0 4
0 14
1 8
1 17
2 10
2 14
3 15
3 18
4 4
4 9
5 8
5 15
6 0
6 20
7 3
7 18
8 9
8 13
9 1
9 19
10 7
10 13
11 1
11 19
12 7
12 11
13 2
13 17
14 0
14 20
15 5
15 12
16 11
16 16
17 2
17 5
18 6
18 10
19 3
19 12
20 6
20 16

# solution 95
# n=21 sym=rot2 status=verified source=flammenkamp_cache/n21_rot2
# code=:893H0A6IEF1F07IJ894G7D4GBC12DK5J562EAK3HBC
0 8
0 9
1 3
1 17
2 0
2 10
3 6
3 18
4 14
4 15
5 1
5 15
6 0
6 7
7 18
7 19
8 8
8 9
9 4
9 16
10 7
10 13
11 4
11 16
12 11
12 12
13 1
13 2
14 13
14 20
15 5
15 19
16 5
16 6
17 2
17 14
18 10
18 20
19 3
19 17
20 11
20 12

# solution 96
# n=21 sym=rot2 status=verified source=flammenkamp_cache/n21_rot2
# code=:DE8A8HFI0EFJ349J09GI7D24BK1BGH156K253CAC67
0 13
0 14
1 8
1 10
2 8
2 17
3 15
3 18
4 0
4 14
5 15
5 19
6 3
6 4
7 9
7 19
8 0
8 9
9 16
9 18
10 7
10 13
11 2
11 4
12 11
12 20
13 1
13 11
14 16
14 17
15 1
15 5
16 6
16 20
17 2
17 5
18 3
18 12
19 10
19 12
20 6
20 7

# solution 97
# n=21 sym=rot2 status=verified source=flammenkamp_cache/n21_rot2
# code=:CD5A348H0I5EGJ099I167DEJ2BBK146F2K3CGHAF78
0 12
0 13
1 5
1 10
2 3
2 4
3 8
3 17
4 0
4 18
5 5
5 14
6 16
6 19
7 0
7 9
8 9
8 18
9 1
9 6
10 7
10 13
11 14
11 19
12 2
12 11
13 11
13 20
14 1
14 4
15 6
15 15
16 2
16 20
17 3
17 12
18 16
18 17
19 10
19 15
20 7
20 8

# solution 98
# n=21 sym=rot2 status=verified source=flammenkamp_cache/n21_rot2
# code=:DE8A4HBI68FJ1G3F9K027DIK0B5H4J15CE293GAC67
0 13
0 14
1 8
1 10
2 4
2 17
3 11
3 18
4 6
4 8
5 15
5 19
6 1
6 16
7 3
7 15
8 9
8 20
9 0
9 2
10 7
10 13
11 18
11 20
12 0
12 11
13 5
13 17
14 4
14 19
15 1
15 5
16 12
16 14
17 2
17 9
18 3
18 16
19 10
19 12
20 6
20 7

# solution 99
# n=21 sym=rot2 status=verified source=flammenkamp_cache/n21_rot2
# code=:BK7ACE4F2K8G1F23693J7D1HBEHI5J4C0I5G68AD09
0 11
0 20
1 7
1 10
2 12
2 14
3 4
3 15
4 2
4 20
5 8
5 16
6 1
6 15
7 2
7 3
8 6
8 9
9 3
9 19
10 7
10 13
11 1
11 17
12 11
12 14
13 17
13 18
14 5
14 19
15 4
15 12
16 0
16 18
17 5
17 16
18 6
18 8
19 10
19 13
20 0
20 9

# solution 100
# n=21 sym=rot2 status=verified source=flammenkamp_cache/n21_rot2
# code=:4D9A248F38EF0J0J9I367DEH2B1K1K56CH5CGIAB7G
0 4
0 13
1 9
1 10
2 2
2 4
3 8
3 15
4 3
4 8
5 14
5 15
6 0
6 19
7 0
7 19
8 9
8 18
9 3
9 6
10 7
10 13
11 14
11 17
12 2
12 11
13 1
13 20
14 1
14 20
15 5
15 6
16 12
16 17
17 5
17 12
18 16
18 18
19 10
19 11
20 7
20 16

# solution 101
# n=21 sym=rot2 status=verified source=flammenkamp_cache/n21_rot2
# code=:AB165CFH2K4D0ICE9H1G7D4J3B682K7G0I358FEJ9A
0 10
0 11
1 1
1 6
2 5
2 12
3 15
3 17
4 2
4 20
5 4
5 13
6 0
6 18
7 12
7 14
8 9
8 17
9 1
9 16
10 7
10 13
11 4
11 19
12 3
12 11
13 6
13 8
14 2
14 20
15 7
15 16
16 0
16 18
17 3
17 5
18 8
18 15
19 14
19 19
20 9
20 10

# solution 102
# n=21 sym=rot2 status=verified source=flammenkamp_cache/n21_rot2
# code=:AC6B583GFK162IDK19GH7D34BJ072IEJ054HCF9E8A
0 10
0 12
1 6
1 11
2 5
2 8
3 3
3 16
4 15
4 20
5 1
5 6
6 2
6 18
7 13
7 20
8 1
8 9
9 16
9 17
10 7
10 13
11 3
11 4
12 11
12 19
13 0
13 7
14 2
14 18
15 14
15 19
16 0
16 5
17 4
17 17
18 12
18 15
19 9
19 14
20 8
20 10

# solution 103
# n=21 sym=rot2 status=verified source=flammenkamp_cache/n21_rot2
# code=:7A3F8CBI4G163IEF9J0K7D0K1B562HEJ4G298C5HAD
0 7
0 10
1 3
1 15
2 8
2 12
3 11
3 18
4 4
4 16
5 1
5 6
6 3
6 18
7 14
7 15
8 9
8 19
9 0
9 20
10 7
10 13
11 0
11 20
12 1
12 11
13 5
13 6
14 2
14 17
15 14
15 19
16 4
16 16
17 2
17 9
18 8
18 12
19 5
19 17
20 10
20 13

# solution 104
# n=21 sym=rot2 status=verified source=flammenkamp_cache/n21_rot2
# code=:7A8F459J4K6K2E2C9H137DHJ3B8I6I0E0G1BFG5CAD
0 7
0 10
1 8
1 15
2 4
2 5
3 9
3 19
4 4
4 20
5 6
5 20
6 2
6 14
7 2
7 12
8 9
8 17
9 1
9 3
10 7
10 13
11 17
11 19
12 3
12 11
13 8
13 18
14 6
14 18
15 0
15 14
16 0
16 16
17 1
17 11
18 15
18 16
19 5
19 12
20 10
20 13

# solution 105
# n=21 sym=rot2 status=verified source=flammenkamp_cache/n21_rot2
# code=:6D467H1G5CHJ2K5A9C9I0K2B8BAF0I138F4J3DEG7E
0 6
0 13
1 4
1 6
2 7
2 17
3 1
3 16
4 5
4 12
5 17
5 19
6 2
6 20
7 5
7 10
8 9
8 12
9 9
9 18
10 0
10 20
11 2
11 11
12 8
12 11
13 10
13 15
14 0
14 18
15 1
15 3
16 8
16 15
17 4
17 19
18 3
18 13
19 14
19 16
20 7
20 14

# solution 106
# n=21 sym=rot2 status=verified source=flammenkamp_cache/n21_rot2
# code=:6ACE4C7H45HJ9I0F9J027DIK1B5K2B13FG3D8G68AE
0 6
0 10
1 12
1 14
2 4
2 12
3 7
3 17
4 4
4 5
5 17
5 19
6 9
6 18
7 0
7 15
8 9
8 19
9 0
9 2
10 7
10 13
11 18
11 20
12 1
12 11
13 5
13 20
14 2
14 11
15 1
15 3
16 15
16 16
17 3
17 13
18 8
18 16
19 6
19 8
20 10
20 14

# solution 107
# n=21 sym=rot2 status=verified source=flammenkamp_cache/n21_rot2
# code=:6AFH7C1BGH126I5809GK7D04BKCF2EIJ349J8D35AE
0 6
0 10
1 15
1 17
2 7
2 12
3 1
3 11
4 16
4 17
5 1
5 2
6 6
6 18
7 5
7 8
8 0
8 9
9 16
9 20
10 7
10 13
11 0
11 4
12 11
12 20
13 12
13 15
14 2
14 14
15 18
15 19
16 3
16 4
17 9
17 19
18 8
18 13
19 3
19 5
20 10
20 14

# solution 108
# n=21 sym=rot2 status=verified source=flammenkamp_cache/n21_rot2
# code=:AE8F4BFJ4K67022C9H137DHJ3B8IIKDE0G159G5C6A
0 10
0 14
1 8
1 15
2 4
2 11
3 15
3 19
4 4
4 20
5 6
5 7
6 0
6 2
7 2
7 12
8 9
8 17
9 1
9 3
10 7
10 13
11 17
11 19
12 3
12 11
13 8
13 18
14 18
14 20
15 13
15 14
16 0
16 16
17 1
17 5
18 9
18 16
19 5
19 12
20 6
20 10

# solution 109
# n=21 sym=rot2 status=verified source=flammenkamp_cache/n21_rot2
# code=:AF6H781G2F69IJ049C037DHK8BGK12BE5I4JCD3E5A
0 10
0 15
1 6
1 17
2 7
2 8
3 1
3 16
4 2
4 15
5 6
5 9
6 18
6 19
7 0
7 4
8 9
8 12
9 0
9 3
10 7
10 13
11 17
11 20
12 8
12 11
13 16
13 20
14 1
14 2
15 11
15 14
16 5
16 18
17 4
17 19
18 12
18 13
19 3
19 14
20 5
20 10

# solution 110
# n=21 sym=rot2 status=verified source=flammenkamp_cache/n21_rot2
# code=:AF6H78GJ2F69IJ049C037DHK8BGK12BE5I14CD3E5A
0 10
0 15
1 6
1 17
2 7
2 8
3 16
3 19
4 2
4 15
5 6
5 9
6 18
6 19
7 0
7 4
8 9
8 12
9 0
9 3
10 7
10 13
11 17
11 20
12 8
12 11
13 16
13 20
14 1
14 2
15 11
15 14
16 5
16 18
17 1
17 4
18 12
18 13
19 3
19 14
20 5
20 10

# solution 111
# n=21 sym=rot2 status=verified source=flammenkamp_cache/n21_rot2
# code=:AI683468FH1BGI5D091K7D0JBK7F249J35CEGHCE2A
0 10
0 18
1 6
1 8
2 3
2 4
3 6
3 8
4 15
4 17
5 1
5 11
6 16
6 18
7 5
7 13
8 0
8 9
9 1
9 20
10 7
10 13
11 0
11 19
12 11
12 20
13 7
13 15
14 2
14 4
15 9
15 19
16 3
16 5
17 12
17 14
18 16
18 17
19 12
19 14
20 2
20 10

# solution 112
# n=21 sym=rot2 status=verified source=flammenkamp_cache/n21_rot2
# code=:BF5H9CCG6J2H17GK2K7A6EAD0I04DJ3I1E488B3F59
0 11
0 15
1 5
1 17
2 9
2 12
3 12
3 16
4 6
4 19
5 2
5 17
6 1
6 7
7 16
7 20
8 2
8 20
9 7
9 10
10 6
10 14
11 10
11 13
12 0
12 18
13 0
13 4
14 13
14 19
15 3
15 18
16 1
16 14
17 4
17 8
18 8
18 11
19 3
19 15
20 5
20 9

# solution 113
# n=21 sym=rot2 status=verified source=flammenkamp_cache/n21_rot2
# code=:8CBE5H45DI0KBG3J127A6EADIJ1H490K27FG3F698C
0 8
0 12
1 11
1 14
2 5
2 17
3 4
3 5
4 13
4 18
5 0
5 20
6 11
6 16
7 3
7 19
8 1
8 2
9 7
9 10
10 6
10 14
11 10
11 13
12 18
12 19
13 1
13 17
14 4
14 9
15 0
15 20
16 2
16 7
17 15
17 16
18 3
18 15
19 6
19 9
20 8
20 12

# solution 114
# n=21 sym=rot2 status=verified source=flammenkamp_cache/n21_rot2
# code=:7CBC5B37HJ6FIK1402AG6E4AIKGJ025E13DH9F898D
0 7
0 12
1 11
1 12
2 5
2 11
3 3
3 7
4 17
4 19
5 6
5 15
6 18
6 20
7 1
7 4
8 0
8 2
9 10
9 16
10 6
10 14
11 4
11 10
12 18
12 20
13 16
13 19
14 0
14 2
15 5
15 14
16 1
16 3
17 13
17 17
18 9
18 15
19 8
19 9
20 8
20 13

# solution 115
# n=21 sym=rot2 status=verified source=flammenkamp_cache/n21_rot2
# code=:49DHCF346I0CFJ9D02AJ6E1AIK7B158K2EGH5837BG
0 4
0 9
1 13
1 17
2 12
2 15
3 3
3 4
4 6
4 18
5 0
5 12
6 15
6 19
7 9
7 13
8 0
8 2
9 10
9 19
10 6
10 14
11 1
11 10
12 18
12 20
13 7
13 11
14 1
14 5
15 8
15 20
16 2
16 14
17 16
17 17
18 5
18 8
19 3
19 7
20 11
20 16

# solution 116
# n=21 sym=rot2 status=verified source=flammenkamp_cache/n21_rot2
# code=:CF7G462H9B8JFH07IK1A6EAJ02DK351C9B3IEG4D58
0 12
0 15
1 7
1 16
2 4
2 6
3 2
3 17
4 9
4 11
5 8
5 19
6 15
6 17
7 0
7 7
8 18
8 20
9 1
9 10
10 6
10 14
11 10
11 19
12 0
12 2
13 13
13 20
14 3
14 5
15 1
15 12
16 9
16 11
17 3
17 18
18 14
18 16
19 4
19 13
20 5
20 8

# solution 117
# n=21 sym=rot2 status=verified source=flammenkamp_cache/n21_rot2
# code=:8E351GDIBD5H894K2KAJ6E1A0I0GBC3F79274JFH6C
0 8
0 14
1 3
1 5
2 1
2 16
3 13
3 18
4 11
4 13
5 5
5 17
6 8
6 9
7 4
7 20
8 2
8 20
9 10
9 19
10 6
10 14
11 1
11 10
12 0
12 18
13 0
13 16
14 11
14 12
15 3
15 15
16 7
16 9
17 2
17 7
18 4
18 19
19 15
19 17
20 6
20 12

# solution 118
# n=21 sym=rot2 status=verified source=flammenkamp_cache/n21_rot2
# code=:49DHCF346I0CFJ9D12AK6E0AIJ7B158K2EGH5837BG
0 4
0 9
1 13
1 17
2 12
2 15
3 3
3 4
4 6
4 18
5 0
5 12
6 15
6 19
7 9
7 13
8 1
8 2
9 10
9 20
10 6
10 14
11 0
11 10
12 18
12 19
13 7
13 11
14 1
14 5
15 8
15 20
16 2
16 14
17 16
17 17
18 5
18 8
19 3
19 7
20 11
20 16

# solution 119
# n=21 sym=rot2 status=verified source=flammenkamp_cache/n21_rot2
# code=:349C2C5B7D0HFG1612AK6E0AIJEJ453K7D9F8I8BGH
0 3
0 4
1 9
1 12
2 2
2 12
3 5
3 11
4 7
4 13
5 0
5 17
6 15
6 16
7 1
7 6
8 1
8 2
9 10
9 20
10 6
10 14
11 0
11 10
12 18
12 19
13 14
13 19
14 4
14 5
15 3
15 20
16 7
16 13
17 9
17 15
18 8
18 18
19 8
19 11
20 16
20 17

# solution 120
# n=21 sym=rot2 status=verified source=flammenkamp_cache/n21_rot2
# code=:0DFG48BH7B8E2J0F3IAJ6E1A2H5K1I6C9D39CG457K
0 0
0 13
1 15
1 16
2 4
2 8
3 11
3 17
4 7
4 11
5 8
5 14
6 2
6 19
7 0
7 15
8 3
8 18
9 10
9 19
10 6
10 14
11 1
11 10
12 2
12 17
13 5
13 20
14 1
14 18
15 6
15 12
16 9
16 13
17 3
17 9
18 12
18 16
19 4
19 5
20 7
20 20

# solution 121
# n=21 sym=rot2 status=verified source=flammenkamp_cache/n21_rot2
# code=:5938DFDG182HEK1G029A6EABIK4J063ICJ4757CHBF
0 5
0 9
1 3
1 8
2 13
2 15
3 13
3 16
4 1
4 8
5 2
5 17
6 14
6 20
7 1
7 16
8 0
8 2
9 9
9 10
10 6
10 14
11 10
11 11
12 18
12 20
13 4
13 19
14 0
14 6
15 3
15 18
16 12
16 19
17 4
17 7
18 5
18 7
19 12
19 17
20 11
20 15

# solution 122
# n=21 sym=rot2 status=verified source=flammenkamp_cache/n21_rot2
# code=:48BDFH586D023GJK129A6EABIJ014HIK7ECF3579CG
0 4
0 8
1 11
1 13
2 15
2 17
3 5
3 8
4 6
4 13
5 0
5 2
6 3
6 16
7 19
7 20
8 1
8 2
9 9
9 10
10 6
10 14
11 10
11 11
12 18
12 19
13 0
13 1
14 4
14 17
15 18
15 20
16 7
16 14
17 12
17 15
18 3
18 5
19 7
19 9
20 12
20 16

# solution 123
# n=21 sym=rot2 status=verified source=flammenkamp_cache/n21_rot2
# code=:9C0C4659DF02GJ7H231A6EAJHI3D14IK57BFEG8K8B
0 9
0 12
1 0
1 12
2 4
2 6
3 5
3 9
4 13
4 15
5 0
5 2
6 16
6 19
7 7
7 17
8 2
8 3
9 1
9 10
10 6
10 14
11 10
11 19
12 17
12 18
13 3
13 13
14 1
14 4
15 18
15 20
16 5
16 7
17 11
17 15
18 14
18 16
19 8
19 20
20 8
20 11

# solution 124
# n=21 sym=rot2 status=verified source=flammenkamp_cache/n21_rot2
# code=:CD8E7925GJGKHK15239A6EABHIFJ030414FIBD6C78
0 12
0 13
1 8
1 14
2 7
2 9
3 2
3 5
4 16
4 19
5 16
5 20
6 17
6 20
7 1
7 5
8 2
8 3
9 9
9 10
10 6
10 14
11 10
11 11
12 17
12 18
13 15
13 19
14 0
14 3
15 0
15 4
16 1
16 4
17 15
17 18
18 11
18 13
19 6
19 12
20 7
20 8

# solution 125
# n=21 sym=rot2 status=verified source=flammenkamp_cache/n21_rot2
# code=:BE7G58CI0B3715GHIK1A6EAJ0234FJDH9K28CF4D69
0 11
0 14
1 7
1 16
2 5
2 8
3 12
3 18
4 0
4 11
5 3
5 7
6 1
6 5
7 16
7 17
8 18
8 20
9 1
9 10
10 6
10 14
11 10
11 19
12 0
12 2
13 3
13 4
14 15
14 19
15 13
15 17
16 9
16 20
17 2
17 8
18 12
18 15
19 4
19 13
20 6
20 9

# solution 126
# n=21 sym=rot2 status=verified source=flammenkamp_cache/n21_rot2
# code=:CD3F25BH8DEKGJ049I1A6EAJ2BGK14067C39FI5H78
0 12
0 13
1 3
1 15
2 2
2 5
3 11
3 17
4 8
4 13
5 14
5 20
6 16
6 19
7 0
7 4
8 9
8 18
9 1
9 10
10 6
10 14
11 10
11 19
12 2
12 11
13 16
13 20
14 1
14 4
15 0
15 6
16 7
16 12
17 3
17 9
18 15
18 18
19 5
19 17
20 7
20 8

# solution 127
# n=21 sym=rot2 status=verified source=flammenkamp_cache/n21_rot2
# code=:7CDI050949CFHJ36GI1A6EAJ24EH1358BGBKFK278D
0 7
0 12
1 13
1 18
2 0
2 5
3 0
3 9
4 4
4 9
5 12
5 15
6 17
6 19
7 3
7 6
8 16
8 18
9 1
9 10
10 6
10 14
11 10
11 19
12 2
12 4
13 14
13 17
14 1
14 3
15 5
15 8
16 11
16 16
17 11
17 20
18 15
18 20
19 2
19 7
20 8
20 13

# solution 128
# n=21 sym=rot2 status=verified source=flammenkamp_cache/n21_rot2
# code=:488BDG59360I1I7JFH0A6EAK351D2J2KEHBF479CCG
0 4
0 8
1 8
1 11
2 13
2 16
3 5
3 9
4 3
4 6
5 0
5 18
6 1
6 18
7 7
7 19
8 15
8 17
9 0
9 10
10 6
10 14
11 10
11 20
12 3
12 5
13 1
13 13
14 2
14 19
15 2
15 20
16 14
16 17
17 11
17 15
18 4
18 7
19 9
19 12
20 12
20 16

# solution 129
# n=21 sym=rot2 status=verified source=flammenkamp_cache/n21_rot2
# code=:898E4F9F7K2K2H7J3J4A6EAG1H1D3I0I0D5B5G6CBC
0 8
0 9
1 8
1 14
2 4
2 15
3 9
3 15
4 7
4 20
5 2
5 20
6 2
6 17
7 7
7 19
8 3
8 19
9 4
9 10
10 6
10 14
11 10
11 16
12 1
12 17
13 1
13 13
14 3
14 18
15 0
15 18
16 0
16 13
17 5
17 11
18 5
18 16
19 6
19 12
20 11
20 12

# solution 130
# n=21 sym=rot2 status=verified source=flammenkamp_cache/n21_rot2
# code=:587B0D3GBE8I0I34FJ1A6EAJ15GH2K2C694H7K9DCF
0 5
0 8
1 7
1 11
2 0
2 13
3 3
3 16
4 11
4 14
5 8
5 18
6 0
6 18
7 3
7 4
8 15
8 19
9 1
9 10
10 6
10 14
11 10
11 19
12 1
12 5
13 16
13 17
14 2
14 20
15 2
15 12
16 6
16 9
17 4
17 17
18 7
18 20
19 9
19 13
20 12
20 15

# solution 131
# n=21 sym=rot2 status=verified source=flammenkamp_cache/n21_rot2
# code=:9C8E1BGJ7I3F027HFK4A6EAG053DIK5H2D149J6C8B
0 9
0 12
1 8
1 14
2 1
2 11
3 16
3 19
4 7
4 18
5 3
5 15
6 0
6 2
7 7
7 17
8 15
8 20
9 4
9 10
10 6
10 14
11 10
11 16
12 0
12 5
13 3
13 13
14 18
14 20
15 5
15 17
16 2
16 13
17 1
17 4
18 9
18 19
19 6
19 12
20 8
20 11

# solution 132
# n=21 sym=rot2 status=verified source=flammenkamp_cache/n21_rot2
# code=:BF8B34EJ7I8F247JHK0A6EAK031DGI5C2D16GH9C59
0 11
0 15
1 8
1 11
2 3
2 4
3 14
3 19
4 7
4 18
5 8
5 15
6 2
6 4
7 7
7 19
8 17
8 20
9 0
9 10
10 6
10 14
11 10
11 20
12 0
12 3
13 1
13 13
14 16
14 18
15 5
15 12
16 2
16 13
17 1
17 6
18 16
18 17
19 9
19 12
20 5
20 9

# solution 133
# n=21 sym=rot2 status=verified source=flammenkamp_cache/n21_rot2
# code=:BD9CFG482DFHIK13016A6EAEJKHJ02357ICG458B79
0 11
0 13
1 9
1 12
2 15
2 16
3 4
3 8
4 2
4 13
5 15
5 17
6 18
6 20
7 1
7 3
8 0
8 1
9 6
9 10
10 6
10 14
11 10
11 14
12 19
12 20
13 17
13 19
14 0
14 2
15 3
15 5
16 7
16 18
17 12
17 16
18 4
18 5
19 8
19 11
20 7
20 9

# solution 134
# n=21 sym=rot2 status=verified source=flammenkamp_cache/n21_rot2
# code=:362C0F9J79CF247JHKAG6E4A031DGI58BD1B5K8IEH
0 3
0 6
1 2
1 12
2 0
2 15
3 9
3 19
4 7
4 9
5 12
5 15
6 2
6 4
7 7
7 19
8 17
8 20
9 10
9 16
10 6
10 14
11 4
11 10
12 0
12 3
13 1
13 13
14 16
14 18
15 5
15 8
16 11
16 13
17 1
17 11
18 5
18 20
19 8
19 18
20 14
20 17

# solution 135
# n=21 sym=rot2 status=verified source=flammenkamp_cache/n21_rot2
# code=:78EGCJBF2725GJ393K0A6EAK0HBH14FIDI591846CD
0 7
0 8
1 14
1 16
2 12
2 19
3 11
3 15
4 2
4 7
5 2
5 5
6 16
6 19
7 3
7 9
8 3
8 20
9 0
9 10
10 6
10 14
11 10
11 20
12 0
12 17
13 11
13 17
14 1
14 4
15 15
15 18
16 13
16 18
17 5
17 9
18 1
18 8
19 4
19 6
20 12
20 13

# solution 136
# n=21 sym=rot2 status=verified source=flammenkamp_cache/n21_rot2
# code=:CF7835BHEIIK4B17JK4A6EAG01DJ9G022639FHCD58
0 12
0 15
1 7
1 8
2 3
2 5
3 11
3 17
4 14
4 18
5 18
5 20
6 4
6 11
7 1
7 7
8 19
8 20
9 4
9 10
10 6
10 14
11 10
11 16
12 0
12 1
13 13
13 19
14 9
14 16
15 0
15 2
16 2
16 6
17 3
17 9
18 15
18 17
19 12
19 13
20 5
20 8

# solution 137
# n=21 sym=rot2 status=verified source=flammenkamp_cache/n21_rot2
# code=:480F9F8B6IIK4D17HJ3A6EAH13DJ7G022E9C5B5KCG
0 4
0 8
1 0
1 15
2 9
2 15
3 8
3 11
4 6
4 18
5 18
5 20
6 4
6 13
7 1
7 7
8 17
8 19
9 3
9 10
10 6
10 14
11 10
11 17
12 1
12 3
13 13
13 19
14 7
14 16
15 0
15 2
16 2
16 14
17 9
17 12
18 5
18 11
19 5
19 20
20 12
20 16

# solution 138
# n=21 sym=rot2 status=verified source=flammenkamp_cache/n21_rot2
# code=:8B8B6GDGDI25350JHK1A6EAJ031KFHFI27474E9C9C
0 8
0 11
1 8
1 11
2 6
2 16
3 13
3 16
4 13
4 18
5 2
5 5
6 3
6 5
7 0
7 19
8 17
8 20
9 1
9 10
10 6
10 14
11 10
11 19
12 0
12 3
13 1
13 20
14 15
14 17
15 15
15 18
16 2
16 7
17 4
17 7
18 4
18 14
19 9
19 12
20 9
20 12

# solution 139
# n=21 sym=rot2 status=verified source=flammenkamp_cache/n21_rot2
# code=:CF7I35BH6CIK4B17JK4A6EAG01DJ9G028E39FH2D58
0 12
0 15
1 7
1 18
2 3
2 5
3 11
3 17
4 6
4 12
5 18
5 20
6 4
6 11
7 1
7 7
8 19
8 20
9 4
9 10
10 6
10 14
11 10
11 16
12 0
12 1
13 13
13 19
14 9
14 16
15 0
15 2
16 8
16 14
17 3
17 9
18 15
18 17
19 2
19 13
20 5
20 8

# solution 140
# n=21 sym=rot2 status=verified source=flammenkamp_cache/n21_rot2
# code=:0C7C4B2B7EGI0J35FH1A6EAJ35FH1K246D9I9G8D8K
0 0
0 12
1 7
1 12
2 4
2 11
3 2
3 11
4 7
4 14
5 16
5 18
6 0
6 19
7 3
7 5
8 15
8 17
9 1
9 10
10 6
10 14
11 10
11 19
12 3
12 5
13 15
13 17
14 1
14 20
15 2
15 4
16 6
16 13
17 9
17 18
18 9
18 16
19 8
19 13
20 8
20 20

# solution 141
# n=21 sym=rot2 status=verified source=flammenkamp_cache/n21_rot2
# code=:BC6745CIBI0F03371G1A6EAJ4JDHHK5K2928FGDE89
0 11
0 12
1 6
1 7
2 4
2 5
3 12
3 18
4 11
4 18
5 0
5 15
6 0
6 3
7 3
7 7
8 1
8 16
9 1
9 10
10 6
10 14
11 10
11 19
12 4
12 19
13 13
13 17
14 17
14 20
15 5
15 20
16 2
16 9
17 2
17 8
18 15
18 16
19 13
19 14
20 8
20 9

# solution 142
# n=21 sym=rot2 status=verified source=flammenkamp_cache/n21_rot2
# code=:CH6I1G5B7ICF0917HK4A6EAG03DJBK582D9F4J2E38
0 12
0 17
1 6
1 18
2 1
2 16
3 5
3 11
4 7
4 18
5 12
5 15
6 0
6 9
7 1
7 7
8 17
8 20
9 4
9 10
10 6
10 14
11 10
11 16
12 0
12 3
13 13
13 19
14 11
14 20
15 5
15 8
16 2
16 13
17 9
17 15
18 4
18 19
19 2
19 14
20 3
20 8

# solution 143
# n=21 sym=rot2 status=verified source=flammenkamp_cache/n21_rot2
# code=:9D3ICF48DIBF0634JK1A6EAJ01GHEK5927CG582H7B
0 9
0 13
1 3
1 18
2 12
2 15
3 4
3 8
4 13
4 18
5 11
5 15
6 0
6 6
7 3
7 4
8 19
8 20
9 1
9 10
10 6
10 14
11 10
11 19
12 0
12 1
13 16
13 17
14 14
14 20
15 5
15 9
16 2
16 7
17 12
17 16
18 5
18 8
19 2
19 17
20 7
20 11

# solution 144
# n=21 sym=rot2 status=verified source=flammenkamp_cache/n21_rot2
# code=:7D5J8B29260GGHFJ380A6EAKCH15344KEIBI9C1F7D
0 7
0 13
1 5
1 19
2 8
2 11
3 2
3 9
4 2
4 6
5 0
5 16
6 16
6 17
7 15
7 19
8 3
8 8
9 0
9 10
10 6
10 14
11 10
11 20
12 12
12 17
13 1
13 5
14 3
14 4
15 4
15 20
16 14
16 18
17 11
17 18
18 9
18 12
19 1
19 15
20 7
20 13

# solution 145
# n=21 sym=rot2 status=verified source=flammenkamp_cache/n21_rot2
# code=:7H7E5C2C2G093F1KGJ9A6EAB140J5HBK4I8I8F6D3D
0 7
0 17
1 7
1 14
2 5
2 12
3 2
3 12
4 2
4 16
5 0
5 9
6 3
6 15
7 1
7 20
8 16
8 19
9 9
9 10
10 6
10 14
11 10
11 11
12 1
12 4
13 0
13 19
14 5
14 17
15 11
15 20
16 4
16 18
17 8
17 18
18 8
18 15
19 6
19 13
20 3
20 13

# solution 146
# n=21 sym=rot2 status=verified source=flammenkamp_cache/n21_rot2
# code=:2B8C7GBIDJ35150KGH6A6EAE340KFJFH17294D8C9I
0 2
0 11
1 8
1 12
2 7
2 16
3 11
3 18
4 13
4 19
5 3
5 5
6 1
6 5
7 0
7 20
8 16
8 17
9 6
9 10
10 6
10 14
11 10
11 14
12 3
12 4
13 0
13 20
14 15
14 19
15 15
15 17
16 1
16 7
17 2
17 9
18 4
18 13
19 8
19 12
20 9
20 18

# solution 147
# n=21 sym=rot2 status=verified source=flammenkamp_cache/n21_rot2
# code=:CI9E572CDF03341KGJ9A6EAB140JGHHK578IDF6B28
0 12
0 18
1 9
1 14
2 5
2 7
3 2
3 12
4 13
4 15
5 0
5 3
6 3
6 4
7 1
7 20
8 16
8 19
9 9
9 10
10 6
10 14
11 10
11 11
12 1
12 4
13 0
13 19
14 16
14 17
15 17
15 20
16 5
16 7
17 8
17 18
18 13
18 15
19 6
19 11
20 2
20 8

# solution 148
# n=21 sym=rot2 status=verified source=flammenkamp_cache/n21_rot2
# code=:DJ8B4E4837FIFH1I0A096EBKAK2J3525DHCG6G9C17
0 13
0 19
1 8
1 11
2 4
2 14
3 4
3 8
4 3
4 7
5 15
5 18
6 15
6 17
7 1
7 18
8 0
8 10
9 0
9 9
10 6
10 14
11 11
11 20
12 10
12 20
13 2
13 19
14 3
14 5
15 2
15 5
16 13
16 17
17 12
17 16
18 6
18 16
19 9
19 12
20 1
20 7

# solution 149
# n=21 sym=rot2 status=verified source=flammenkamp_cache/n21_rot2
# code=:7C499F141HEK5H2I8A0D6E7KAC2I3F063JGJ5BBG8D
0 7
0 12
1 4
1 9
2 9
2 15
3 1
3 4
4 1
4 17
5 14
5 20
6 5
6 17
7 2
7 18
8 8
8 10
9 0
9 13
10 6
10 14
11 7
11 20
12 10
12 12
13 2
13 18
14 3
14 15
15 0
15 6
16 3
16 19
17 16
17 19
18 5
18 11
19 11
19 16
20 8
20 13

# solution 150
# n=21 sym=rot2 status=verified source=flammenkamp_cache/n21_rot2
# code=:595C3H9GCJ27JK470AEI6E26AKDG01DI184B3H8FBF
0 5
0 9
1 5
1 12
2 3
2 17
3 9
3 16
4 12
4 19
5 2
5 7
6 19
6 20
7 4
7 7
8 0
8 10
9 14
9 18
10 6
10 14
11 2
11 6
12 10
12 20
13 13
13 16
14 0
14 1
15 13
15 18
16 1
16 8
17 4
17 11
18 3
18 17
19 8
19 15
20 11
20 15

# solution 151
# n=21 sym=rot2 status=verified source=flammenkamp_cache/n21_rot2
# code=:595C3H9GCJ270J470AEI6E26AKDG1KDI184B3H8FBF
0 5
0 9
1 5
1 12
2 3
2 17
3 9
3 16
4 12
4 19
5 2
5 7
6 0
6 19
7 4
7 7
8 0
8 10
9 14
9 18
10 6
10 14
11 2
11 6
12 10
12 20
13 13
13 16
14 1
14 20
15 13
15 18
16 1
16 8
17 4
17 11
18 3
18 17
19 8
19 15
20 11
20 15

# solution 152
# n=21 sym=rot2 status=verified source=flammenkamp_cache/n21_rot2
# code=:CECG2H4J9D02359DAK156EFJ0A7BFHIK7B1G3I4868
0 12
0 14
1 12
1 16
2 2
2 17
3 4
3 19
4 9
4 13
5 0
5 2
6 3
6 5
7 9
7 13
8 10
8 20
9 1
9 5
10 6
10 14
11 15
11 19
12 0
12 10
13 7
13 11
14 15
14 17
15 18
15 20
16 7
16 11
17 1
17 16
18 3
18 18
19 4
19 8
20 6
20 8

# solution 153
# n=21 sym=rot2 status=verified source=flammenkamp_cache/n21_rot2
# code=:5F9G2C471HCDJK9EAK3I6E2H0A6B01783JDG8I4B5F
0 5
0 15
1 9
1 16
2 2
2 12
3 4
3 7
4 1
4 17
5 12
5 13
6 19
6 20
7 9
7 14
8 10
8 20
9 3
9 18
10 6
10 14
11 2
11 17
12 0
12 10
13 6
13 11
14 0
14 1
15 7
15 8
16 3
16 19
17 13
17 16
18 8
18 18
19 4
19 11
20 5
20 15

# solution 154
# n=21 sym=rot2 status=verified source=flammenkamp_cache/n21_rot2
# code=:592G9D8D1G5C3K6IAK136EHJ0A2E0H8F4J7C7B4IBF
0 5
0 9
1 2
1 16
2 9
2 13
3 8
3 13
4 1
4 16
5 5
5 12
6 3
6 20
7 6
7 18
8 10
8 20
9 1
9 3
10 6
10 14
11 17
11 19
12 0
12 10
13 2
13 14
14 0
14 17
15 8
15 15
16 4
16 19
17 7
17 12
18 7
18 11
19 4
19 18
20 11
20 15

# solution 155
# n=21 sym=rot2 status=verified source=flammenkamp_cache/n21_rot2
# code=:9GCI9C5E572K7G13AK136EHJ0AHJ4D0IDF6F8B284B
0 9
0 16
1 12
1 18
2 9
2 12
3 5
3 14
4 5
4 7
5 2
5 20
6 7
6 16
7 1
7 3
8 10
8 20
9 1
9 3
10 6
10 14
11 17
11 19
12 0
12 10
13 17
13 19
14 4
14 13
15 0
15 18
16 13
16 15
17 6
17 15
18 8
18 11
19 2
19 8
20 4
20 11

# solution 156
# n=21 sym=rot2 status=verified source=flammenkamp_cache/n21_rot2
# code=:267CBGCI5BFJ13470AHK6E03AKDGHJ159F28498DEI
0 2
0 6
1 7
1 12
2 11
2 16
3 12
3 18
4 5
4 11
5 15
5 19
6 1
6 3
7 4
7 7
8 0
8 10
9 17
9 20
10 6
10 14
11 0
11 3
12 10
12 20
13 13
13 16
14 17
14 19
15 1
15 5
16 9
16 15
17 2
17 8
18 4
18 9
19 8
19 13
20 14
20 18

# solution 157
# n=21 sym=rot2 status=verified source=flammenkamp_cache/n21_rot2
# code=:BC48DHFH15EI7K9G0A126EIJAK4B0D26FJ3537CG89
0 11
0 12
1 4
1 8
2 13
2 17
3 15
3 17
4 1
4 5
5 14
5 18
6 7
6 20
7 9
7 16
8 0
8 10
9 1
9 2
10 6
10 14
11 18
11 19
12 10
12 20
13 4
13 11
14 0
14 13
15 2
15 6
16 15
16 19
17 3
17 5
18 3
18 7
19 12
19 16
20 8
20 9

# solution 158
# n=21 sym=rot2 status=verified source=flammenkamp_cache/n21_rot2
# code=:9F4737CIEKCF01349A126EIJABGHJK580628DHDG5B
0 9
0 15
1 4
1 7
2 3
2 7
3 12
3 18
4 14
4 20
5 12
5 15
6 0
6 1
7 3
7 4
8 9
8 10
9 1
9 2
10 6
10 14
11 18
11 19
12 10
12 11
13 16
13 17
14 19
14 20
15 5
15 8
16 0
16 6
17 2
17 8
18 13
18 17
19 13
19 16
20 5
20 11

# solution 159
# n=21 sym=rot2 status=verified source=flammenkamp_cache/n21_rot2
# code=:BC48DH3F15EI7K9G0A2J6E1IAK4B0D26FJ5H37CG89
0 11
0 12
1 4
1 8
2 13
2 17
3 3
3 15
4 1
4 5
5 14
5 18
6 7
6 20
7 9
7 16
8 0
8 10
9 2
9 19
10 6
10 14
11 1
11 18
12 10
12 20
13 4
13 11
14 0
14 13
15 2
15 6
16 15
16 19
17 5
17 17
18 3
18 7
19 12
19 16
20 8
20 9

# solution 160
# n=21 sym=rot2 status=verified source=flammenkamp_cache/n21_rot2
# code=:DF69CD48HJ5H2K9GAKIJ6E120A4B0I3F13CG78BE57
0 13
0 15
1 6
1 9
2 12
2 13
3 4
3 8
4 17
4 19
5 5
5 17
6 2
6 20
7 9
7 16
8 10
8 20
9 18
9 19
10 6
10 14
11 1
11 2
12 0
12 10
13 4
13 11
14 0
14 18
15 3
15 15
16 1
16 3
17 12
17 16
18 7
18 8
19 11
19 14
20 5
20 7

# solution 161
# n=21 sym=rot2 status=verified source=flammenkamp_cache/n21_rot2
# code=:DE8I47BC340F0J3F9AIJ6E12AB5H1K5KGH89DG2C67
0 13
0 14
1 8
1 18
2 4
2 7
3 11
3 12
4 3
4 4
5 0
5 15
6 0
6 19
7 3
7 15
8 9
8 10
9 18
9 19
10 6
10 14
11 1
11 2
12 10
12 11
13 5
13 17
14 1
14 20
15 5
15 20
16 16
16 17
17 8
17 9
18 13
18 16
19 2
19 12
20 6
20 7

# solution 162
# n=21 sym=rot2 status=verified source=flammenkamp_cache/n21_rot2
# code=:597CDH2G048I09FH6A1J6E1JAE35BK2CGK4I378DBF
0 5
0 9
1 7
1 12
2 13
2 17
3 2
3 16
4 0
4 4
5 8
5 18
6 0
6 9
7 15
7 17
8 6
8 10
9 1
9 19
10 6
10 14
11 1
11 19
12 10
12 14
13 3
13 5
14 11
14 20
15 2
15 12
16 16
16 20
17 4
17 18
18 3
18 7
19 8
19 13
20 11
20 15

# solution 163
# n=21 sym=rot2 status=verified source=flammenkamp_cache/n21_rot2
# code=:5978DH2404CI09FH6A1J6E1JAE35BK28GKGI37CDBF
0 5
0 9
1 7
1 8
2 13
2 17
3 2
3 4
4 0
4 4
5 12
5 18
6 0
6 9
7 15
7 17
8 6
8 10
9 1
9 19
10 6
10 14
11 1
11 19
12 10
12 14
13 3
13 5
14 11
14 20
15 2
15 8
16 16
16 20
17 16
17 18
18 3
18 7
19 12
19 13
20 11
20 15

# solution 164
# n=21 sym=rot2 status=verified source=flammenkamp_cache/n21_rot2
# code=:2CBDFG7G39EK5H128A016EJKACIJ3F06BH4D45798I
0 2
0 12
1 11
1 13
2 15
2 16
3 7
3 16
4 3
4 9
5 14
5 20
6 5
6 17
7 1
7 2
8 8
8 10
9 0
9 1
10 6
10 14
11 19
11 20
12 10
12 12
13 18
13 19
14 3
14 15
15 0
15 6
16 11
16 17
17 4
17 13
18 4
18 5
19 7
19 9
20 8
20 18

# solution 165
# n=21 sym=rot2 status=verified source=flammenkamp_cache/n21_rot2
# code=:7907CF9F4G12386IAHJK6E013A2ECHIJ4G5B58DKBD
0 7
0 9
1 0
1 7
2 12
2 15
3 9
3 15
4 4
4 16
5 1
5 2
6 3
6 8
7 6
7 18
8 10
8 17
9 19
9 20
10 6
10 14
11 0
11 1
12 3
12 10
13 2
13 14
14 12
14 17
15 18
15 19
16 4
16 16
17 5
17 11
18 5
18 8
19 13
19 20
20 11
20 13

# solution 166
# n=21 sym=rot2 status=verified source=flammenkamp_cache/n21_rot2
# code=:797KCF9F4G12386IAHJK6E013A2ECHIJ4G5B580DBD
0 7
0 9
1 7
1 20
2 12
2 15
3 9
3 15
4 4
4 16
5 1
5 2
6 3
6 8
7 6
7 18
8 10
8 17
9 19
9 20
10 6
10 14
11 0
11 1
12 3
12 10
13 2
13 14
14 12
14 17
15 18
15 19
16 4
16 16
17 5
17 11
18 5
18 8
19 0
19 13
20 11
20 13

# solution 167
# n=21 sym=rot2 status=verified source=flammenkamp_cache/n21_rot2
# code=:CE3F1D4J8D0F490A3I9I6E2B2HAKBG5K7C1G7J5H68
0 12
0 14
1 3
1 15
2 1
2 13
3 4
3 19
4 8
4 13
5 0
5 15
6 4
6 9
7 0
7 10
8 3
8 18
9 9
9 18
10 6
10 14
11 2
11 11
12 2
12 17
13 10
13 20
14 11
14 16
15 5
15 20
16 7
16 12
17 1
17 16
18 7
18 19
19 5
19 17
20 6
20 8

# solution 168
# n=21 sym=rot2 status=verified source=flammenkamp_cache/n21_rot2
# code=:BD3647CG5B58HK1AIK126EIJ02AJ03CF9F48DGEH79
0 11
0 13
1 3
1 6
2 4
2 7
3 12
3 16
4 5
4 11
5 5
5 8
6 17
6 20
7 1
7 10
8 18
8 20
9 1
9 2
10 6
10 14
11 18
11 19
12 0
12 2
13 10
13 19
14 0
14 3
15 12
15 15
16 9
16 15
17 4
17 8
18 13
18 16
19 14
19 17
20 7
20 9

# solution 169
# n=21 sym=rot2 status=verified source=flammenkamp_cache/n21_rot2
# code=:8F7948FH7B14HK6AIJ026EIK12AE03GJ9D35CGBD5C
0 8
0 15
1 7
1 9
2 4
2 8
3 15
3 17
4 7
4 11
5 1
5 4
6 17
6 20
7 6
7 10
8 18
8 19
9 0
9 2
10 6
10 14
11 18
11 20
12 1
12 2
13 10
13 14
14 0
14 3
15 16
15 19
16 9
16 13
17 3
17 5
18 12
18 16
19 11
19 13
20 5
20 12

# solution 170
# n=21 sym=rot2 status=verified source=flammenkamp_cache/n21_rot2
# code=:683F4BFI7804BKAJ7J236EHI1D1A09GKCD259G5HCE
0 6
0 8
1 3
1 15
2 4
2 11
3 15
3 18
4 7
4 8
5 0
5 4
6 11
6 20
7 10
7 19
8 7
8 19
9 2
9 3
10 6
10 14
11 17
11 18
12 1
12 13
13 1
13 10
14 0
14 9
15 16
15 20
16 12
16 13
17 2
17 5
18 9
18 16
19 5
19 17
20 12
20 14

# solution 171
# n=21 sym=rot2 status=verified source=flammenkamp_cache/n21_rot2
# code=:DE138DBI8KFGGJ0A59236EHIBFAK14450C297CHJ67
0 13
0 14
1 1
1 3
2 8
2 13
3 11
3 18
4 8
4 20
5 15
5 16
6 16
6 19
7 0
7 10
8 5
8 9
9 2
9 3
10 6
10 14
11 17
11 18
12 11
12 15
13 10
13 20
14 1
14 4
15 4
15 5
16 0
16 12
17 2
17 9
18 7
18 12
19 17
19 19
20 6
20 7

# solution 172
# n=21 sym=rot2 status=verified source=flammenkamp_cache/n21_rot2
# code=:7BBF1G388DFK14AK26HI6E23EI0AGJ057CCH4J599D
0 7
0 11
1 11
1 15
2 1
2 16
3 3
3 8
4 8
4 13
5 15
5 20
6 1
6 4
7 10
7 20
8 2
8 6
9 17
9 18
10 6
10 14
11 2
11 3
12 14
12 18
13 0
13 10
14 16
14 19
15 0
15 5
16 7
16 12
17 12
17 17
18 4
18 19
19 5
19 9
20 9
20 13

# solution 173
# n=21 sym=rot2 status=verified source=flammenkamp_cache/n21_rot2
# code=:7858DE39FH0449AJ0IIJ6E122K1ABGGK35BH67CFCD
0 7
0 8
1 5
1 8
2 13
2 14
3 3
3 9
4 15
4 17
5 0
5 4
6 4
6 9
7 10
7 19
8 0
8 18
9 18
9 19
10 6
10 14
11 1
11 2
12 2
12 20
13 1
13 10
14 11
14 16
15 16
15 20
16 3
16 5
17 11
17 17
18 6
18 7
19 12
19 15
20 12
20 13

# solution 174
# n=21 sym=rot2 status=verified source=flammenkamp_cache/n21_rot2
# code=:CFCJ36149F23BD7AGK026EIK04AD79HI5BGJEH1858
0 12
0 15
1 12
1 19
2 3
2 6
3 1
3 4
4 9
4 15
5 2
5 3
6 11
6 13
7 7
7 10
8 16
8 20
9 0
9 2
10 6
10 14
11 18
11 20
12 0
12 4
13 10
13 13
14 7
14 9
15 17
15 18
16 5
16 11
17 16
17 19
18 14
18 17
19 1
19 8
20 5
20 8

# solution 175
# n=21 sym=rot2 status=verified source=flammenkamp_cache/n21_rot2
# code=:CE593JBG2507GJAD8H026EIK3C7A14DKFI491HBF68
0 12
0 14
1 5
1 9
2 3
2 19
3 11
3 16
4 2
4 5
5 0
5 7
6 16
6 19
7 10
7 13
8 8
8 17
9 0
9 2
10 6
10 14
11 18
11 20
12 3
12 12
13 7
13 10
14 1
14 4
15 13
15 20
16 15
16 18
17 4
17 9
18 1
18 17
19 11
19 15
20 6
20 8

# solution 176
# n=21 sym=rot2 status=verified source=flammenkamp_cache/n21_rot2
# code=:458BDK693F3CIJ7A0I146EGJ2KAD128H5HBE079CFG
0 4
0 5
1 8
1 11
2 13
2 20
3 6
3 9
4 3
4 15
5 3
5 12
6 18
6 19
7 7
7 10
8 0
8 18
9 1
9 4
10 6
10 14
11 16
11 19
12 2
12 20
13 10
13 13
14 1
14 2
15 8
15 17
16 5
16 17
17 11
17 14
18 0
18 7
19 9
19 12
20 15
20 16

# solution 177
# n=21 sym=rot2 status=verified source=flammenkamp_cache/n21_rot2
# code=:CD6B5G5CDHGK2K9A121H6E3JIJAB0I04378F4F9E78
0 12
0 13
1 6
1 11
2 5
2 16
3 5
3 12
4 13
4 17
5 16
5 20
6 2
6 20
7 9
7 10
8 1
8 2
9 1
9 17
10 6
10 14
11 3
11 19
12 18
12 19
13 10
13 11
14 0
14 18
15 0
15 4
16 3
16 7
17 8
17 15
18 4
18 15
19 9
19 14
20 7
20 8

# solution 178
# n=21 sym=rot2 status=verified source=flammenkamp_cache/n21_rot2
# code=:DE5H795C9C2H4JAG02JK6E01IK4A1G3I8B8FBD3F67
0 13
0 14
1 5
1 17
2 7
2 9
3 5
3 12
4 9
4 12
5 2
5 17
6 4
6 19
7 10
7 16
8 0
8 2
9 19
9 20
10 6
10 14
11 0
11 1
12 18
12 20
13 4
13 10
14 1
14 16
15 3
15 18
16 8
16 11
17 8
17 15
18 11
18 13
19 3
19 15
20 6
20 7

# solution 179
# n=21 sym=rot2 status=verified source=flammenkamp_cache/n21_rot2
# code=:DE5H795C9C2H4JAG2KJK6E010I4A1G3I8B8FBD3F67
0 13
0 14
1 5
1 17
2 7
2 9
3 5
3 12
4 9
4 12
5 2
5 17
6 4
6 19
7 10
7 16
8 2
8 20
9 19
9 20
10 6
10 14
11 0
11 1
12 0
12 18
13 4
13 10
14 1
14 16
15 3
15 18
16 8
16 11
17 8
17 15
18 11
18 13
19 3
19 15
20 6
20 7

# solution 180
# n=21 sym=rot2 status=verified source=flammenkamp_cache/n21_rot2
# code=:599E373GIK8C7G1A2K5J6E1F0IAJ4D8C024HDH6BBF
0 5
0 9
1 9
1 14
2 3
2 7
3 3
3 16
4 18
4 20
5 8
5 12
6 7
6 16
7 1
7 10
8 2
8 20
9 5
9 19
10 6
10 14
11 1
11 15
12 0
12 18
13 10
13 19
14 4
14 13
15 8
15 12
16 0
16 2
17 4
17 17
18 13
18 17
19 6
19 11
20 11
20 15

# solution 181
# n=21 sym=rot2 status=verified source=flammenkamp_cache/n21_rot2
# code=:579E8F8I03340D4AIJ9J6E1B12AG7KGHHK2C5C6BDF
0 5
0 7
1 9
1 14
2 8
2 15
3 8
3 18
4 0
4 3
5 3
5 4
6 0
6 13
7 4
7 10
8 18
8 19
9 9
9 19
10 6
10 14
11 1
11 11
12 1
12 2
13 10
13 16
14 7
14 20
15 16
15 17
16 17
16 20
17 2
17 12
18 5
18 12
19 6
19 11
20 13
20 15

# solution 182
# n=21 sym=rot2 status=verified source=flammenkamp_cache/n21_rot2
# code=:6DCF14BI7804HJ5AHI096EBK23AF13GKCD29GJ587E
0 6
0 13
1 12
1 15
2 1
2 4
3 11
3 18
4 7
4 8
5 0
5 4
6 17
6 19
7 5
7 10
8 17
8 18
9 0
9 9
10 6
10 14
11 11
11 20
12 2
12 3
13 10
13 15
14 1
14 3
15 16
15 20
16 12
16 13
17 2
17 9
18 16
18 19
19 5
19 8
20 7
20 14

# solution 183
# n=21 sym=rot2 status=verified source=flammenkamp_cache/n21_rot2
# code=:5E3C79CI5JDH49AK24JK6E01GI0ABG371F28BD8H6F
0 5
0 14
1 3
1 12
2 7
2 9
3 12
3 18
4 5
4 19
5 13
5 17
6 4
6 9
7 10
7 20
8 2
8 4
9 19
9 20
10 6
10 14
11 0
11 1
12 16
12 18
13 0
13 10
14 11
14 16
15 3
15 7
16 1
16 15
17 2
17 8
18 11
18 13
19 8
19 17
20 6
20 15

# solution 184
# n=21 sym=rot2 status=verified source=flammenkamp_cache/n21_rot2
# code=:598E8H1BFK231G7A02DG6E47IKAD4JHI059J3C6CBF
0 5
0 9
1 8
1 14
2 8
2 17
3 1
3 11
4 15
4 20
5 2
5 3
6 1
6 16
7 7
7 10
8 0
8 2
9 13
9 16
10 6
10 14
11 4
11 7
12 18
12 20
13 10
13 13
14 4
14 19
15 17
15 18
16 0
16 5
17 9
17 19
18 3
18 12
19 6
19 12
20 11
20 15

# solution 185
# n=21 sym=rot2 status=verified source=flammenkamp_cache/n21_rot2
# code=:BF6BDH4H028C47AJ0I1F6E5J2K1ADG8CIK3G379E59
0 11
0 15
1 6
1 11
2 13
2 17
3 4
3 17
4 0
4 2
5 8
5 12
6 4
6 7
7 10
7 19
8 0
8 18
9 1
9 15
10 6
10 14
11 5
11 19
12 2
12 20
13 1
13 10
14 13
14 16
15 8
15 12
16 18
16 20
17 3
17 16
18 3
18 7
19 9
19 14
20 5
20 9

# solution 186
# n=21 sym=rot2 status=verified source=flammenkamp_cache/n21_rot2
# code=:BF6H9D34028C47AJ0IFJ6E152K1ADG8CIKGH7B3E59
0 11
0 15
1 6
1 17
2 9
2 13
3 3
3 4
4 0
4 2
5 8
5 12
6 4
6 7
7 10
7 19
8 0
8 18
9 15
9 19
10 6
10 14
11 1
11 5
12 2
12 20
13 1
13 10
14 13
14 16
15 8
15 12
16 18
16 20
17 16
17 17
18 7
18 11
19 3
19 14
20 5
20 9

# solution 187
# n=21 sym=rot2 status=verified source=flammenkamp_cache/n21_rot2
# code=:BD8B248HDF01FJ0AGI366EEH24AK15JK573CGI9C79
0 11
0 13
1 8
1 11
2 2
2 4
3 8
3 17
4 13
4 15
5 0
5 1
6 15
6 19
7 0
7 10
8 16
8 18
9 3
9 6
10 6
10 14
11 14
11 17
12 2
12 4
13 10
13 20
14 1
14 5
15 19
15 20
16 5
16 7
17 3
17 12
18 16
18 18
19 9
19 12
20 7
20 9

# solution 188
# n=21 sym=rot2 status=verified source=flammenkamp_cache/n21_rot2
# code=:257935EGBC17GK8A1I036EHK2JAC04DJ8946FHBDFI
0 2
0 5
1 7
1 9
2 3
2 5
3 14
3 16
4 11
4 12
5 1
5 7
6 16
6 20
7 8
7 10
8 1
8 18
9 0
9 3
10 6
10 14
11 17
11 20
12 2
12 19
13 10
13 12
14 0
14 4
15 13
15 19
16 8
16 9
17 4
17 6
18 15
18 17
19 11
19 13
20 15
20 18

# solution 189
# n=21 sym=rot2 status=verified source=flammenkamp_cache/n21_rot2
# code=:5B48CF1BGI7D0I6AHJ036EHK13AE2K7D249J58CG9F
0 5
0 11
1 4
1 8
2 12
2 15
3 1
3 11
4 16
4 18
5 7
5 13
6 0
6 18
7 6
7 10
8 17
8 19
9 0
9 3
10 6
10 14
11 17
11 20
12 1
12 3
13 10
13 14
14 2
14 20
15 7
15 13
16 2
16 4
17 9
17 19
18 5
18 8
19 12
19 16
20 9
20 15

# solution 190
# n=21 sym=rot2 status=verified source=flammenkamp_cache/n21_rot2
# code=:49183D89GI23FK0A671F6E5JDEAK05HI24BC7HCJBG
0 4
0 9
1 1
1 8
2 3
2 13
3 8
3 9
4 16
4 18
5 2
5 3
6 15
6 20
7 0
7 10
8 6
8 7
9 1
9 15
10 6
10 14
11 5
11 19
12 13
12 14
13 10
13 20
14 0
14 5
15 17
15 18
16 2
16 4
17 11
17 12
18 7
18 17
19 12
19 19
20 11
20 16

# solution 191
# n=21 sym=rot2 status=verified source=flammenkamp_cache/n21_rot2
# code=:484E9B3F2K0I7C5A17HJ6E13DJAF8D2K0I5H9B6GCG
0 4
0 8
1 4
1 14
2 9
2 11
3 3
3 15
4 2
4 20
5 0
5 18
6 7
6 12
7 5
7 10
8 1
8 7
9 17
9 19
10 6
10 14
11 1
11 3
12 13
12 19
13 10
13 15
14 8
14 13
15 2
15 20
16 0
16 18
17 5
17 17
18 9
18 11
19 6
19 16
20 12
20 16

# solution 192
# n=21 sym=rot2 status=verified source=flammenkamp_cache/n21_rot2
# code=:595G38IJ9C23DJ7A060G6E4KEKAD17HI8B12CH4FBF
0 5
0 9
1 5
1 16
2 3
2 8
3 18
3 19
4 9
4 12
5 2
5 3
6 13
6 19
7 7
7 10
8 0
8 6
9 0
9 16
10 6
10 14
11 4
11 20
12 14
12 20
13 10
13 13
14 1
14 7
15 17
15 18
16 8
16 11
17 1
17 2
18 12
18 17
19 4
19 15
20 11
20 15

# solution 193
# n=21 sym=rot2 status=verified source=flammenkamp_cache/n21_rot2
# code=:5C6935BG2I17GJAD8H0K6E0K3C7A14DJ2I49FHBE8F
0 5
0 12
1 6
1 9
2 3
2 5
3 11
3 16
4 2
4 18
5 1
5 7
6 16
6 19
7 10
7 13
8 8
8 17
9 0
9 20
10 6
10 14
11 0
11 20
12 3
12 12
13 7
13 10
14 1
14 4
15 13
15 19
16 2
16 18
17 4
17 9
18 15
18 17
19 11
19 14
20 8
20 15

# solution 194
# n=21 sym=rot2 status=verified source=flammenkamp_cache/n21_rot2
# code=:787BGICG231559AK3K1E6E6J0H0ABFFJHI48249DCD
0 7
0 8
1 7
1 11
2 16
2 18
3 12
3 16
4 2
4 3
5 1
5 5
6 5
6 9
7 10
7 20
8 3
8 20
9 1
9 14
10 6
10 14
11 6
11 19
12 0
12 17
13 0
13 10
14 11
14 15
15 15
15 19
16 17
16 18
17 4
17 8
18 2
18 4
19 9
19 13
20 12
20 13

# solution 195
# n=21 sym=rot2 status=verified source=flammenkamp_cache/n21_rot2
# code=:8I469CBH25057JAGHK7J6E1D034A1DFKFI398BEG2C
0 8
0 18
1 4
1 6
2 9
2 12
3 11
3 17
4 2
4 5
5 0
5 5
6 7
6 19
7 10
7 16
8 17
8 20
9 7
9 19
10 6
10 14
11 1
11 13
12 0
12 3
13 4
13 10
14 1
14 13
15 15
15 20
16 15
16 18
17 3
17 9
18 8
18 11
19 14
19 16
20 2
20 12

# solution 196
# n=21 sym=rot2 status=verified source=flammenkamp_cache/n21_rot2
# code=:7DBE358I28GH051AGJ096EBK14AJFK34CI2CFH697D
0 7
0 13
1 11
1 14
2 3
2 5
3 8
3 18
4 2
4 8
5 16
5 17
6 0
6 5
7 1
7 10
8 16
8 19
9 0
9 9
10 6
10 14
11 11
11 20
12 1
12 4
13 10
13 19
14 15
14 20
15 3
15 4
16 12
16 18
17 2
17 12
18 15
18 17
19 6
19 9
20 7
20 13

# solution 197
# n=21 sym=rot2 status=verified source=flammenkamp_cache/n21_rot2
# code=:9K5B5H2C2K7C1G7A3E1G6E4J6HAD4J8D0I8I3F9F0B
0 9
0 20
1 5
1 11
2 5
2 17
3 2
3 12
4 2
4 20
5 7
5 12
6 1
6 16
7 7
7 10
8 3
8 14
9 1
9 16
10 6
10 14
11 4
11 19
12 6
12 17
13 10
13 13
14 4
14 19
15 8
15 13
16 0
16 18
17 8
17 18
18 3
18 15
19 9
19 15
20 0
20 11

# solution 198
# n=21 sym=rot2 status=verified source=flammenkamp_cache/n21_rot2
# code=:EF598D1I3I381GAD09046EGKBK7A4JCH2H2J7CBF56
0 14
0 15
1 5
1 9
2 8
2 13
3 1
3 18
4 3
4 18
5 3
5 8
6 1
6 16
7 10
7 13
8 0
8 9
9 0
9 4
10 6
10 14
11 16
11 20
12 11
12 20
13 7
13 10
14 4
14 19
15 12
15 17
16 2
16 17
17 2
17 19
18 7
18 12
19 11
19 15
20 5
20 6

# solution 199
# n=21 sym=rot2 status=verified source=flammenkamp_cache/n21_rot2
# code=:388B3F2F7DGK4AEJ029J6E1BIK16AG047D5I5H9CCH
0 3
0 8
1 8
1 11
2 3
2 15
3 2
3 15
4 7
4 13
5 16
5 20
6 4
6 10
7 14
7 19
8 0
8 2
9 9
9 19
10 6
10 14
11 1
11 11
12 18
12 20
13 1
13 6
14 10
14 16
15 0
15 4
16 7
16 13
17 5
17 18
18 5
18 17
19 9
19 12
20 12
20 17

# solution 200
# n=21 sym=rot2 status=verified source=flammenkamp_cache/n21_rot2
# code=:8B383FFG7D2K4AEJ029J6E1BIK16AG0I7D455HCH9C
0 8
0 11
1 3
1 8
2 3
2 15
3 15
3 16
4 7
4 13
5 2
5 20
6 4
6 10
7 14
7 19
8 0
8 2
9 9
9 19
10 6
10 14
11 1
11 11
12 18
12 20
13 1
13 6
14 10
14 16
15 0
15 18
16 7
16 13
17 4
17 5
18 5
18 17
19 12
19 17
20 9
20 12

# solution 201
# n=21 sym=rot2 status=verified source=flammenkamp_cache/n21_rot2
# code=:8B383FFG7D024AEJ029J6E1BIK16AGIK7D455HCH9C
0 8
0 11
1 3
1 8
2 3
2 15
3 15
3 16
4 7
4 13
5 0
5 2
6 4
6 10
7 14
7 19
8 0
8 2
9 9
9 19
10 6
10 14
11 1
11 11
12 18
12 20
13 1
13 6
14 10
14 16
15 18
15 20
16 7
16 13
17 4
17 5
18 5
18 17
19 12
19 17
20 9
20 12

# solution 202
# n=21 sym=rot2 status=verified source=flammenkamp_cache/n21_rot2
# code=:3827DH8BEG250A059JGJ6E141BFKAKFI469C37DICH
0 3
0 8
1 2
1 7
2 13
2 17
3 8
3 11
4 14
4 16
5 2
5 5
6 0
6 10
7 0
7 5
8 9
8 19
9 16
9 19
10 6
10 14
11 1
11 4
12 1
12 11
13 15
13 20
14 10
14 20
15 15
15 18
16 4
16 6
17 9
17 12
18 3
18 7
19 13
19 18
20 12
20 17

# solution 203
# n=21 sym=rot2 status=verified source=flammenkamp_cache/n21_rot2
# code=:6F7BBC2513DH8A241KGK6E040JGIAC37HJFI899D5E
0 6
0 15
1 7
1 11
2 11
2 12
3 2
3 5
4 1
4 3
5 13
5 17
6 8
6 10
7 2
7 4
8 1
8 20
9 16
9 20
10 6
10 14
11 0
11 4
12 0
12 19
13 16
13 18
14 10
14 12
15 3
15 7
16 17
16 19
17 15
17 18
18 8
18 9
19 9
19 13
20 5
20 14

# solution 204
# n=21 sym=rot2 status=verified source=flammenkamp_cache/n21_rot2
# code=:6F7BBC5I13DH8A241KGK6E040JGIAC37HJ2F899D5E
0 6
0 15
1 7
1 11
2 11
2 12
3 5
3 18
4 1
4 3
5 13
5 17
6 8
6 10
7 2
7 4
8 1
8 20
9 16
9 20
10 6
10 14
11 0
11 4
12 0
12 19
13 16
13 18
14 10
14 12
15 3
15 7
16 17
16 19
17 2
17 15
18 8
18 9
19 9
19 13
20 5
20 14

# solution 205
# n=21 sym=rot2 status=verified source=flammenkamp_cache/n21_rot2
# code=:CF787G9F13EI9AGK03126EIJHK04AB26HJ5B4DCD58
0 12
0 15
1 7
1 8
2 7
2 16
3 9
3 15
4 1
4 3
5 14
5 18
6 9
6 10
7 16
7 20
8 0
8 3
9 1
9 2
10 6
10 14
11 18
11 19
12 17
12 20
13 0
13 4
14 10
14 11
15 2
15 6
16 17
16 19
17 5
17 11
18 4
18 13
19 12
19 13
20 5
20 8

# solution 206
# n=21 sym=rot2 status=verified source=flammenkamp_cache/n21_rot2
# code=:5C78DG9F13EI9AGK03126EIJHK04AB26HJ5B47CD8F
0 5
0 12
1 7
1 8
2 13
2 16
3 9
3 15
4 1
4 3
5 14
5 18
6 9
6 10
7 16
7 20
8 0
8 3
9 1
9 2
10 6
10 14
11 18
11 19
12 17
12 20
13 0
13 4
14 10
14 11
15 2
15 6
16 17
16 19
17 5
17 11
18 4
18 7
19 12
19 13
20 8
20 15

# solution 207
# n=21 sym=rot2 status=verified source=flammenkamp_cache/n21_rot2
# code=:89GICDBK565H7A04HJ2J6E1I13GKAD3FEF097824BC
0 8
0 9
1 16
1 18
2 12
2 13
3 11
3 20
4 5
4 6
5 5
5 17
6 7
6 10
7 0
7 4
8 17
8 19
9 2
9 19
10 6
10 14
11 1
11 18
12 1
12 3
13 16
13 20
14 10
14 13
15 3
15 15
16 14
16 15
17 0
17 9
18 7
18 8
19 2
19 4
20 11
20 12

# solution 208
# n=21 sym=rot2 status=verified source=flammenkamp_cache/n21_rot2
# code=:8E499C4I2DHK7A155HJK6E013FFJAD037I2G8BBG6C
0 8
0 14
1 4
1 9
2 9
2 12
3 4
3 18
4 2
4 13
5 17
5 20
6 7
6 10
7 1
7 5
8 5
8 17
9 19
9 20
10 6
10 14
11 0
11 1
12 3
12 15
13 15
13 19
14 10
14 13
15 0
15 3
16 7
16 18
17 2
17 16
18 8
18 11
19 11
19 16
20 6
20 12

# solution 209
# n=21 sym=rot2 status=verified source=flammenkamp_cache/n21_rot2
# code=:CD790E4I4I8AFJ039FHJ6E135BHK15AC2G2G6KBD78
0 12
0 13
1 7
1 9
2 0
2 14
3 4
3 18
4 4
4 18
5 8
5 10
6 15
6 19
7 0
7 3
8 9
8 15
9 17
9 19
10 6
10 14
11 1
11 3
12 5
12 11
13 17
13 20
14 1
14 5
15 10
15 12
16 2
16 16
17 2
17 16
18 6
18 20
19 11
19 13
20 7
20 8

# solution 210
# n=21 sym=rot2 status=verified source=flammenkamp_cache/n21_rot2
# code=:4J2B58FHDJ8ADK6923GK6E04HIBE07AC1735CF9I1G
0 4
0 19
1 2
1 11
2 5
2 8
3 15
3 17
4 13
4 19
5 8
5 10
6 13
6 20
7 6
7 9
8 2
8 3
9 16
9 20
10 6
10 14
11 0
11 4
12 17
12 18
13 11
13 14
14 0
14 7
15 10
15 12
16 1
16 7
17 3
17 5
18 12
18 15
19 9
19 18
20 1
20 16

# solution 211
# n=21 sym=rot2 status=verified source=flammenkamp_cache/n21_rot2
# code=:479C053FEHAC0I149DIJ6E127BGJ2K8A365HFK8BDG
0 4
0 7
1 9
1 12
2 0
2 5
3 3
3 15
4 14
4 17
5 10
5 12
6 0
6 18
7 1
7 4
8 9
8 13
9 18
9 19
10 6
10 14
11 1
11 2
12 7
12 11
13 16
13 19
14 2
14 20
15 8
15 10
16 3
16 6
17 5
17 17
18 15
18 20
19 8
19 11
20 13
20 16

# solution 212
# n=21 sym=rot2 status=verified source=flammenkamp_cache/n21_rot2
# code=:7B46CF2G2C7A0F3J9J036EHK1B1H5KAD8I4I58EG9D
0 7
0 11
1 4
1 6
2 12
2 15
3 2
3 16
4 2
4 12
5 7
5 10
6 0
6 15
7 3
7 19
8 9
8 19
9 0
9 3
10 6
10 14
11 17
11 20
12 1
12 11
13 1
13 17
14 5
14 20
15 10
15 13
16 8
16 18
17 4
17 18
18 5
18 8
19 14
19 16
20 9
20 13

# solution 213
# n=21 sym=rot2 status=verified source=flammenkamp_cache/n21_rot2
# code=:7B46CF2GCI7A0F3J9J036EHK1B1H5KAD284I58EG9D
0 7
0 11
1 4
1 6
2 12
2 15
3 2
3 16
4 12
4 18
5 7
5 10
6 0
6 15
7 3
7 19
8 9
8 19
9 0
9 3
10 6
10 14
11 17
11 20
12 1
12 11
13 1
13 17
14 5
14 20
15 10
15 13
16 2
16 8
17 4
17 18
18 5
18 8
19 14
19 16
20 9
20 13

# solution 214
# n=21 sym=rot2 status=verified source=flammenkamp_cache/n21_rot2
# code=:38DI9C346I4A1F9DFKJK6E01057B5JAG2EGH8B27CH
0 3
0 8
1 13
1 18
2 9
2 12
3 3
3 4
4 6
4 18
5 4
5 10
6 1
6 15
7 9
7 13
8 15
8 20
9 19
9 20
10 6
10 14
11 0
11 1
12 0
12 5
13 7
13 11
14 5
14 19
15 10
15 16
16 2
16 14
17 16
17 17
18 8
18 11
19 2
19 7
20 12
20 17

# solution 215
# n=21 sym=rot2 status=verified source=flammenkamp_cache/n21_rot2
# code=:8E48DHEG252J1ADK9K395FBH0B07AJ1IFI4637CG6C
0 8
0 14
1 4
1 8
2 13
2 17
3 14
3 16
4 2
4 5
5 2
5 19
6 1
6 10
7 13
7 20
8 9
8 20
9 3
9 9
10 5
10 15
11 11
11 17
12 0
12 11
13 0
13 7
14 10
14 19
15 1
15 18
16 15
16 18
17 4
17 6
18 3
18 7
19 12
19 16
20 6
20 12

# solution 216
# n=21 sym=rot2 status=verified source=flammenkamp_cache/n21_rot2
# code=:276D3C29GJAGCF390F1K6E0J5KBH584A14BI8H7EDI
0 2
0 7
1 6
1 13
2 3
2 12
3 2
3 9
4 16
4 19
5 10
5 16
6 12
6 15
7 3
7 9
8 0
8 15
9 1
9 20
10 6
10 14
11 0
11 19
12 5
12 20
13 11
13 17
14 5
14 8
15 4
15 10
16 1
16 4
17 11
17 18
18 8
18 17
19 7
19 14
20 13
20 18

# solution 217
# n=21 sym=rot2 status=verified source=flammenkamp_cache/n21_rot2
# code=:7B1ECF48FI3A379J4K0I6E2K0G1BDHAH25CG586J9D
0 7
0 11
1 1
1 14
2 12
2 15
3 4
3 8
4 15
4 18
5 3
5 10
6 3
6 7
7 9
7 19
8 4
8 20
9 0
9 18
10 6
10 14
11 2
11 20
12 0
12 16
13 1
13 11
14 13
14 17
15 10
15 17
16 2
16 5
17 12
17 16
18 5
18 8
19 6
19 19
20 9
20 13

# solution 218
# n=21 sym=rot2 status=verified source=flammenkamp_cache/n21_rot2
# code=:8E8F9HEG2D241A1KHK9D5F7B030JAJGI7I463B5C6C
0 8
0 14
1 8
1 15
2 9
2 17
3 14
3 16
4 2
4 13
5 2
5 4
6 1
6 10
7 1
7 20
8 17
8 20
9 9
9 13
10 5
10 15
11 7
11 11
12 0
12 3
13 0
13 19
14 10
14 19
15 16
15 18
16 7
16 18
17 4
17 6
18 3
18 11
19 5
19 12
20 6
20 12

# solution 219
# n=21 sym=rot2 status=verified source=flammenkamp_cache/n21_rot2
# code=:784ICF597A1H1G9E3K0I6E2K0H6B4J3JADBF582GCD
0 7
0 8
1 4
1 18
2 12
2 15
3 5
3 9
4 7
4 10
5 1
5 17
6 1
6 16
7 9
7 14
8 3
8 20
9 0
9 18
10 6
10 14
11 2
11 20
12 0
12 17
13 6
13 11
14 4
14 19
15 3
15 19
16 10
16 13
17 11
17 15
18 5
18 8
19 2
19 16
20 12
20 13

# solution 220
# n=21 sym=rot2 status=verified source=flammenkamp_cache/n21_rot2
# code=:8D4ICF597A1H1G9E3K0I6E2K0H6B4J3JADBF582G7C
0 8
0 13
1 4
1 18
2 12
2 15
3 5
3 9
4 7
4 10
5 1
5 17
6 1
6 16
7 9
7 14
8 3
8 20
9 0
9 18
10 6
10 14
11 2
11 20
12 0
12 17
13 6
13 11
14 4
14 19
15 3
15 19
16 10
16 13
17 11
17 15
18 5
18 8
19 2
19 16
20 7
20 12

# solution 221
# n=21 sym=rot2 status=verified source=flammenkamp_cache/n21_rot2
# code=:8C9D5K25AD063G9I13GJ6E14HJ2B4HEK7AFI0F7B8C
0 8
0 12
1 9
1 13
2 5
2 20
3 2
3 5
4 10
4 13
5 0
5 6
6 3
6 16
7 9
7 18
8 1
8 3
9 16
9 19
10 6
10 14
11 1
11 4
12 17
12 19
13 2
13 11
14 4
14 17
15 14
15 20
16 7
16 10
17 15
17 18
18 0
18 15
19 7
19 11
20 8
20 12

# solution 222
# n=21 sym=rot2 status=verified source=flammenkamp_cache/n21_rot2
# code=:689D1G28AD5KGH095H2J6E1I3FBK340F7ACI4J7BCE
0 6
0 8
1 9
1 13
2 1
2 16
3 2
3 8
4 10
4 13
5 5
5 20
6 16
6 17
7 0
7 9
8 5
8 17
9 2
9 19
10 6
10 14
11 1
11 18
12 3
12 15
13 11
13 20
14 3
14 4
15 0
15 15
16 7
16 10
17 12
17 18
18 4
18 19
19 7
19 11
20 12
20 14

# solution 223
# n=21 sym=rot2 status=verified source=flammenkamp_cache/n21_rot2
# code=:582G2C59AD6D3J9K1H4K6E0G3J0B1H7E7ABF8I4ICF
0 5
0 8
1 2
1 16
2 2
2 12
3 5
3 9
4 10
4 13
5 6
5 13
6 3
6 19
7 9
7 20
8 1
8 17
9 4
9 20
10 6
10 14
11 0
11 16
12 3
12 19
13 0
13 11
14 1
14 17
15 7
15 14
16 7
16 10
17 11
17 15
18 8
18 18
19 4
19 18
20 12
20 15

# solution 224
# n=21 sym=rot2 status=verified source=flammenkamp_cache/n21_rot2
# code=:9C57DG25AC02GH0E391J6E1JBH6K34IK8AFI47DF8B
0 9
0 12
1 5
1 7
2 13
2 16
3 2
3 5
4 10
4 12
5 0
5 2
6 16
6 17
7 0
7 14
8 3
8 9
9 1
9 19
10 6
10 14
11 1
11 19
12 11
12 17
13 6
13 20
14 3
14 4
15 18
15 20
16 8
16 10
17 15
17 18
18 4
18 7
19 13
19 15
20 8
20 11

# solution 225
# n=21 sym=rot2 status=verified source=flammenkamp_cache/n21_rot2
# code=:9C3F7C1GAH2K671F092G6E4IBK5JDE0I3A4J8D5H8B
0 9
0 12
1 3
1 15
2 7
2 12
3 1
3 16
4 10
4 17
5 2
5 20
6 6
6 7
7 1
7 15
8 0
8 9
9 2
9 16
10 6
10 14
11 4
11 18
12 11
12 20
13 5
13 19
14 13
14 14
15 0
15 18
16 3
16 10
17 4
17 19
18 8
18 13
19 5
19 17
20 8
20 11

# solution 226
# n=21 sym=rot2 status=verified source=flammenkamp_cache/n21_rot2
# code=:8E78FH7H12EKAG2K59194GBJBF0I4A06IJ3D35CD6C
0 8
0 14
1 7
1 8
2 15
2 17
3 7
3 17
4 1
4 2
5 14
5 20
6 10
6 16
7 2
7 20
8 5
8 9
9 1
9 9
10 4
10 16
11 11
11 19
12 11
12 15
13 0
13 18
14 4
14 10
15 0
15 6
16 18
16 19
17 3
17 13
18 3
18 5
19 12
19 13
20 6
20 12

# solution 227
# n=21 sym=rot2 status=verified source=flammenkamp_cache/n21_rot2
# code=:BD8H1H9A4FDF248JIK066EEK021CGI575GAB3J3C79
0 11
0 13
1 8
1 17
2 1
2 17
3 9
3 10
4 4
4 15
5 13
5 15
6 2
6 4
7 8
7 19
8 18
8 20
9 0
9 6
10 6
10 14
11 14
11 20
12 0
12 2
13 1
13 12
14 16
14 18
15 5
15 7
16 5
16 16
17 10
17 11
18 3
18 19
19 3
19 12
20 7
20 9

# solution 228
# n=21 sym=rot2 status=verified source=flammenkamp_cache/n21_rot2
# code=:8D7E4H8A1J450FBH9I026EIK2B395KFG1JAC3G6D7C
0 8
0 13
1 7
1 14
2 4
2 17
3 8
3 10
4 1
4 19
5 4
5 5
6 0
6 15
7 11
7 17
8 9
8 18
9 0
9 2
10 6
10 14
11 18
11 20
12 2
12 11
13 3
13 9
14 5
14 20
15 15
15 16
16 1
16 19
17 10
17 12
18 3
18 16
19 6
19 13
20 7
20 12

# solution 229
# n=21 sym=rot2 status=verified source=flammenkamp_cache/n21_rot2
# code=:8E4DGH8A25HK599D01IJ6E12JK7BBF03FIAC347G6C
0 8
0 14
1 4
1 13
2 16
2 17
3 8
3 10
4 2
4 5
5 17
5 20
6 5
6 9
7 9
7 13
8 0
8 1
9 18
9 19
10 6
10 14
11 1
11 2
12 19
12 20
13 7
13 11
14 11
14 15
15 0
15 3
16 15
16 18
17 10
17 12
18 3
18 4
19 7
19 16
20 6
20 12

# solution 230
# n=21 sym=rot2 status=verified source=flammenkamp_cache/n21_rot2
# code=:890DDG8A565IGH9J0H2J6E1I3K1B342FEFAC477KBC
0 8
0 9
1 0
1 13
2 13
2 16
3 8
3 10
4 5
4 6
5 5
5 18
6 16
6 17
7 9
7 19
8 0
8 17
9 2
9 19
10 6
10 14
11 1
11 18
12 3
12 20
13 1
13 11
14 3
14 4
15 2
15 15
16 14
16 15
17 10
17 12
18 4
18 7
19 7
19 20
20 11
20 12

# solution 231
# n=21 sym=rot2 status=verified source=flammenkamp_cache/n21_rot2
# code=:CF9J47AC4I7E2H0J39FK6E05BH1K3I6D2G8ADG1B58
0 12
0 15
1 9
1 19
2 4
2 7
3 10
3 12
4 4
4 18
5 7
5 14
6 2
6 17
7 0
7 19
8 3
8 9
9 15
9 20
10 6
10 14
11 0
11 5
12 11
12 17
13 1
13 20
14 3
14 18
15 6
15 13
16 2
16 16
17 8
17 10
18 13
18 16
19 1
19 11
20 5
20 8

# solution 232
# n=21 sym=rot2 status=verified source=flammenkamp_cache/n21_rot2
# code=:8F8H247A164KBFDH09IJ6E12BK37590GEJADGI3C5C
0 8
0 15
1 8
1 17
2 2
2 4
3 7
3 10
4 1
4 6
5 4
5 20
6 11
6 15
7 13
7 17
8 0
8 9
9 18
9 19
10 6
10 14
11 1
11 2
12 11
12 20
13 3
13 7
14 5
14 9
15 0
15 16
16 14
16 19
17 10
17 13
18 16
18 18
19 3
19 12
20 5
20 12

# solution 233
# n=21 sym=rot2 status=verified source=flammenkamp_cache/n21_rot2
# code=:9F47CF6AGI1H170I89HK6E03BC2KDJ3J24AE58DG5B
0 9
0 15
1 4
1 7
2 12
2 15
3 6
3 10
4 16
4 18
5 1
5 17
6 1
6 7
7 0
7 18
8 8
8 9
9 17
9 20
10 6
10 14
11 0
11 3
12 11
12 12
13 2
13 20
14 13
14 19
15 3
15 19
16 2
16 4
17 10
17 14
18 5
18 8
19 13
19 16
20 5
20 11

# solution 234
# n=21 sym=rot2 status=verified source=flammenkamp_cache/n21_rot2
# code=:68DFHJ4A07IKGH28159B6E9BFJCI3402DKAG1357CE
0 6
0 8
1 13
1 15
2 17
2 19
3 4
3 10
4 0
4 7
5 18
5 20
6 16
6 17
7 2
7 8
8 1
8 5
9 9
9 11
10 6
10 14
11 9
11 11
12 15
12 19
13 12
13 18
14 3
14 4
15 0
15 2
16 13
16 20
17 10
17 16
18 1
18 3
19 5
19 7
20 12
20 14

# solution 235
# n=21 sym=rot2 status=verified source=flammenkamp_cache/n21_rot2
# code=:9CEI455EBH24AK1D8K1D3H7J0C7J0AGI396FFG268B
0 9
0 12
1 14
1 18
2 4
2 5
3 5
3 14
4 11
4 17
5 2
5 4
6 10
6 20
7 1
7 13
8 8
8 20
9 1
9 13
10 3
10 17
11 7
11 19
12 0
12 12
13 7
13 19
14 0
14 10
15 16
15 18
16 3
16 9
17 6
17 15
18 15
18 16
19 2
19 6
20 8
20 11

# solution 236
# n=21 sym=rot2 status=verified source=flammenkamp_cache/n21_rot2
# code=:CH9C2G1A7H2G5K9DEK156EFJ067B0F4I3DAJ4I8B38
0 12
0 17
1 9
1 12
2 2
2 16
3 1
3 10
4 7
4 17
5 2
5 16
6 5
6 20
7 9
7 13
8 14
8 20
9 1
9 5
10 6
10 14
11 15
11 19
12 0
12 6
13 7
13 11
14 0
14 15
15 4
15 18
16 3
16 13
17 10
17 19
18 4
18 18
19 8
19 11
20 3
20 8

# solution 237
# n=21 sym=rot2 status=verified source=flammenkamp_cache/n21_rot2
# code=:CD6G15AJHI0C49792H5K6E0F3IBDBG8K231AFJ4E78
0 12
0 13
1 6
1 16
2 1
2 5
3 10
3 19
4 17
4 18
5 0
5 12
6 4
6 9
7 7
7 9
8 2
8 17
9 5
9 20
10 6
10 14
11 0
11 15
12 3
12 18
13 11
13 13
14 11
14 16
15 8
15 20
16 2
16 3
17 1
17 10
18 15
18 19
19 4
19 14
20 7
20 8

# solution 238
# n=21 sym=rot2 status=verified source=flammenkamp_cache/n21_rot2
# code=:788BAG5G7I150H9J2HEK6E063I1B3KFJ2D4F4A9CCD
0 7
0 8
1 8
1 11
2 10
2 16
3 5
3 16
4 7
4 18
5 1
5 5
6 0
6 17
7 9
7 19
8 2
8 17
9 14
9 20
10 6
10 14
11 0
11 6
12 3
12 18
13 1
13 11
14 3
14 20
15 15
15 19
16 2
16 13
17 4
17 15
18 4
18 10
19 9
19 12
20 12
20 13

# solution 239
# n=21 sym=rot2 status=verified source=flammenkamp_cache/n21_rot2
# code=:38BD8AFG0I45DJ69HJ026EIK13BE17FG2K45AC79CH
0 3
0 8
1 11
1 13
2 8
2 10
3 15
3 16
4 0
4 18
5 4
5 5
6 13
6 19
7 6
7 9
8 17
8 19
9 0
9 2
10 6
10 14
11 18
11 20
12 1
12 3
13 11
13 14
14 1
14 7
15 15
15 16
16 2
16 20
17 4
17 5
18 10
18 12
19 7
19 9
20 12
20 17

# solution 240
# n=21 sym=rot2 status=verified source=flammenkamp_cache/n21_rot2
# code=:5E8IAD3G1D8H5J9B0K246EGI0K9B1F3C7J4H7A2C6F
0 5
0 14
1 8
1 18
2 10
2 13
3 3
3 16
4 1
4 13
5 8
5 17
6 5
6 19
7 9
7 11
8 0
8 20
9 2
9 4
10 6
10 14
11 16
11 18
12 0
12 20
13 9
13 11
14 1
14 15
15 3
15 12
16 7
16 19
17 4
17 17
18 7
18 10
19 2
19 12
20 6
20 15

# solution 241
# n=21 sym=rot2 status=verified source=flammenkamp_cache/n21_rot2
# code=:689ADF247H0HCF291KGJ6E140JBI583K3DGI57ABCE
0 6
0 8
1 9
1 10
2 13
2 15
3 2
3 4
4 7
4 17
5 0
5 17
6 12
6 15
7 2
7 9
8 1
8 20
9 16
9 19
10 6
10 14
11 1
11 4
12 0
12 19
13 11
13 18
14 5
14 8
15 3
15 20
16 3
16 13
17 16
17 18
18 5
18 7
19 10
19 11
20 12
20 14

# solution 242
# n=21 sym=rot2 status=verified source=flammenkamp_cache/n21_rot2
# code=:FH8A9F4IEH7B148DIK016EJK027CGJ9D362G5BAC35
0 15
0 17
1 8
1 10
2 9
2 15
3 4
3 18
4 14
4 17
5 7
5 11
6 1
6 4
7 8
7 13
8 18
8 20
9 0
9 1
10 6
10 14
11 19
11 20
12 0
12 2
13 7
13 12
14 16
14 19
15 9
15 13
16 3
16 6
17 2
17 16
18 5
18 11
19 10
19 12
20 3
20 5

# solution 243
# n=21 sym=rot2 status=verified source=flammenkamp_cache/n21_rot2
# code=:FH8A7H5B7E8I019J04GI6E24GK1BJK2C6D9F3DAC35
0 15
0 17
1 8
1 10
2 7
2 17
3 5
3 11
4 7
4 14
5 8
5 18
6 0
6 1
7 9
7 19
8 0
8 4
9 16
9 18
10 6
10 14
11 2
11 4
12 16
12 20
13 1
13 11
14 19
14 20
15 2
15 12
16 6
16 13
17 9
17 15
18 3
18 13
19 10
19 12
20 3
20 5

# solution 244
# n=21 sym=rot2 status=verified source=flammenkamp_cache/n21_rot2
# code=:FH8A7H5B7E8I019J4KGI6E240G1BJK2C6D9F3DAC35
0 15
0 17
1 8
1 10
2 7
2 17
3 5
3 11
4 7
4 14
5 8
5 18
6 0
6 1
7 9
7 19
8 4
8 20
9 16
9 18
10 6
10 14
11 2
11 4
12 0
12 16
13 1
13 11
14 19
14 20
15 2
15 12
16 6
16 13
17 9
17 15
18 3
18 13
19 10
19 12
20 3
20 5

# solution 245
# n=21 sym=rot2 status=verified source=flammenkamp_cache/n21_rot2
# code=:FH8A7HBF7E8I019J04GI6E24GK1BJK2C6D593DAC35
0 15
0 17
1 8
1 10
2 7
2 17
3 11
3 15
4 7
4 14
5 8
5 18
6 0
6 1
7 9
7 19
8 0
8 4
9 16
9 18
10 6
10 14
11 2
11 4
12 16
12 20
13 1
13 11
14 19
14 20
15 2
15 12
16 6
16 13
17 5
17 9
18 3
18 13
19 10
19 12
20 3
20 5

# solution 246
# n=21 sym=rot2 status=verified source=flammenkamp_cache/n21_rot2
# code=:6IACCF247H073F9B01GJ6E14JK9B5HDK3DGI588A2E
0 6
0 18
1 10
1 12
2 12
2 15
3 2
3 4
4 7
4 17
5 0
5 7
6 3
6 15
7 9
7 11
8 0
8 1
9 16
9 19
10 6
10 14
11 1
11 4
12 19
12 20
13 9
13 11
14 5
14 17
15 13
15 20
16 3
16 13
17 16
17 18
18 5
18 8
19 8
19 10
20 2
20 14

# solution 247
# n=21 sym=rot2 status=verified source=flammenkamp_cache/n21_rot2
# code=:78ACFI23DE043J9B05GJ6E14FK9B1HGK67HI258ACD
0 7
0 8
1 10
1 12
2 15
2 18
3 2
3 3
4 13
4 14
5 0
5 4
6 3
6 19
7 9
7 11
8 0
8 5
9 16
9 19
10 6
10 14
11 1
11 4
12 15
12 20
13 9
13 11
14 1
14 17
15 16
15 20
16 6
16 7
17 17
17 18
18 2
18 5
19 8
19 10
20 12
20 13

# solution 248
# n=21 sym=rot2 status=verified source=flammenkamp_cache/n21_rot2
# code=:1D7A588IEG03IJ359B0G6E4K9BFH12HK462CCFAD7J
0 1
0 13
1 7
1 10
2 5
2 8
3 8
3 18
4 14
4 16
5 0
5 3
6 18
6 19
7 3
7 5
8 9
8 11
9 0
9 16
10 6
10 14
11 4
11 20
12 9
12 11
13 15
13 17
14 1
14 2
15 17
15 20
16 4
16 6
17 2
17 12
18 12
18 15
19 10
19 13
20 7
20 19

# solution 249
# n=21 sym=rot2 status=verified source=flammenkamp_cache/n21_rot2
# code=:7C6A349F7H04CJ9IIJ056EFK122B18GK3D5BGHAE8D
0 7
0 12
1 6
1 10
2 3
2 4
3 9
3 15
4 7
4 17
5 0
5 4
6 12
6 19
7 9
7 18
8 18
8 19
9 0
9 5
10 6
10 14
11 15
11 20
12 1
12 2
13 2
13 11
14 1
14 8
15 16
15 20
16 3
16 13
17 5
17 11
18 16
18 17
19 10
19 14
20 8
20 13

# solution 250
# n=21 sym=rot2 status=verified source=flammenkamp_cache/n21_rot2
# code=:CD4A5F2H29EK1C7914HK6E03GJBD8J06BI3I5FAG78
0 12
0 13
1 4
1 10
2 5
2 15
3 2
3 17
4 2
4 9
5 14
5 20
6 1
6 12
7 7
7 9
8 1
8 4
9 17
9 20
10 6
10 14
11 0
11 3
12 16
12 19
13 11
13 13
14 8
14 19
15 0
15 6
16 11
16 18
17 3
17 18
18 5
18 15
19 10
19 16
20 7
20 8

# solution 251
# n=21 sym=rot2 status=verified source=flammenkamp_cache/n21_rot2
# code=:6C9J9F4625HK4AIK8DDH1J377C02AG03FIEG5B1B8E
0 6
0 12
1 9
1 19
2 9
2 15
3 4
3 6
4 2
4 5
5 17
5 20
6 4
6 10
7 18
7 20
8 8
8 13
9 13
9 17
10 1
10 19
11 3
11 7
12 7
12 12
13 0
13 2
14 10
14 16
15 0
15 3
16 15
16 18
17 14
17 16
18 5
18 11
19 1
19 11
20 8
20 14

# solution 252
# n=21 sym=rot2 status=verified source=flammenkamp_cache/n21_rot2
# code=:AF783J9J4G79IK8E350I6E2KFH6C02BD4G1B1HCD5A
0 10
0 15
1 7
1 8
2 3
2 19
3 9
3 19
4 4
4 16
5 7
5 9
6 18
6 20
7 8
7 14
8 3
8 5
9 0
9 18
10 6
10 14
11 2
11 20
12 15
12 17
13 6
13 12
14 0
14 2
15 11
15 13
16 4
16 16
17 1
17 11
18 1
18 17
19 12
19 13
20 5
20 10

# solution 253
# n=21 sym=rot2 status=verified source=flammenkamp_cache/n21_rot2
# code=:AF783J9J4G79IK8E35IK6E02FH6C02BD4G1B1HCD5A
0 10
0 15
1 7
1 8
2 3
2 19
3 9
3 19
4 4
4 16
5 7
5 9
6 18
6 20
7 8
7 14
8 3
8 5
9 18
9 20
10 6
10 14
11 0
11 2
12 15
12 17
13 6
13 12
14 0
14 2
15 11
15 13
16 4
16 16
17 1
17 11
18 1
18 17
19 12
19 13
20 5
20 10

# solution 254
# n=21 sym=rot2 status=verified source=flammenkamp_cache/n21_rot2
# code=:AFCD37CH169J0G459K2I6E2I0BFG4K1BEJ38DH785A
0 10
0 15
1 12
1 13
2 3
2 7
3 12
3 17
4 1
4 6
5 9
5 19
6 0
6 16
7 4
7 5
8 9
8 20
9 2
9 18
10 6
10 14
11 2
11 18
12 0
12 11
13 15
13 16
14 4
14 20
15 1
15 11
16 14
16 19
17 3
17 8
18 13
18 17
19 7
19 8
20 5
20 10

# solution 255
# n=21 sym=rot2 status=verified source=flammenkamp_cache/n21_rot2
# code=:AB28GH5B0G7D1I8E350J6E1KFH6C2J7D4K9F34CI9A
0 10
0 11
1 2
1 8
2 16
2 17
3 5
3 11
4 0
4 16
5 7
5 13
6 1
6 18
7 8
7 14
8 3
8 5
9 0
9 19
10 6
10 14
11 1
11 20
12 15
12 17
13 6
13 12
14 2
14 19
15 7
15 13
16 4
16 20
17 9
17 15
18 3
18 4
19 12
19 18
20 9
20 10

# solution 256
# n=21 sym=rot2 status=verified source=flammenkamp_cache/n21_rot2
# code=:AB375BCGGK57018EIJ2H6E3I126CJKDF04489FDH9A
0 10
0 11
1 3
1 7
2 5
2 11
3 12
3 16
4 16
4 20
5 5
5 7
6 0
6 1
7 8
7 14
8 18
8 19
9 2
9 17
10 6
10 14
11 3
11 18
12 1
12 2
13 6
13 12
14 19
14 20
15 13
15 15
16 0
16 4
17 4
17 8
18 9
18 15
19 13
19 17
20 9
20 10

# solution 257
# n=21 sym=rot2 status=verified source=flammenkamp_cache/n21_rot2
# code=:AECH3CFI9J57IJ4D090G6E4KBK7G12DF1B258H386A
0 10
0 14
1 12
1 17
2 3
2 12
3 15
3 18
4 9
4 19
5 5
5 7
6 18
6 19
7 4
7 13
8 0
8 9
9 0
9 16
10 6
10 14
11 4
11 20
12 11
12 20
13 7
13 16
14 1
14 2
15 13
15 15
16 1
16 11
17 2
17 5
18 8
18 17
19 3
19 8
20 6
20 10

# solution 258
# n=21 sym=rot2 status=verified source=flammenkamp_cache/n21_rot2
# code=:AB2B5FCI7G7H1K18EG0H6E3K46CJ0J3D4D285F9I9A
0 10
0 11
1 2
1 11
2 5
2 15
3 12
3 18
4 7
4 16
5 7
5 17
6 1
6 20
7 1
7 8
8 14
8 16
9 0
9 17
10 6
10 14
11 3
11 20
12 4
12 6
13 12
13 19
14 0
14 19
15 3
15 13
16 4
16 13
17 2
17 8
18 5
18 15
19 9
19 18
20 9
20 10

# solution 259
# n=21 sym=rot2 status=verified source=flammenkamp_cache/n21_rot2
# code=:AE3D899GFK7H15280JGI6E241KCIFJ3D054BBC7H6A
0 10
0 14
1 3
1 13
2 8
2 9
3 9
3 16
4 15
4 20
5 7
5 17
6 1
6 5
7 2
7 8
8 0
8 19
9 16
9 18
10 6
10 14
11 2
11 4
12 1
12 20
13 12
13 18
14 15
14 19
15 3
15 13
16 0
16 5
17 4
17 11
18 11
18 12
19 7
19 17
20 6
20 10

# solution 260
# n=21 sym=rot2 status=verified source=flammenkamp_cache/n21_rot2
# code=:6E8CDH5H1D0IAJ9F24490KBGGI5B1A2K7J3F378C6E
0 6
0 14
1 8
1 12
2 13
2 17
3 5
3 17
4 1
4 13
5 0
5 18
6 10
6 19
7 9
7 15
8 2
8 4
9 4
9 9
10 0
10 20
11 11
11 16
12 16
12 18
13 5
13 11
14 1
14 10
15 2
15 20
16 7
16 19
17 3
17 15
18 3
18 7
19 8
19 12
20 6
20 14

# solution 261
# n=21 sym=rot2 status=verified source=flammenkamp_cache/n21_rot2
# code=:38BGDF286G260AFJDJ390KBH1715AKEI4ECI5749CH
0 3
0 8
1 11
1 16
2 13
2 15
3 2
3 8
4 6
4 16
5 2
5 6
6 0
6 10
7 15
7 19
8 13
8 19
9 3
9 9
10 0
10 20
11 11
11 17
12 1
12 7
13 1
13 5
14 10
14 20
15 14
15 18
16 4
16 14
17 12
17 18
18 5
18 7
19 4
19 9
20 12
20 17

# solution 262
# n=21 sym=rot2 status=verified source=flammenkamp_cache/n21_rot2
# code=:AF8C5GHI1B7I017904EH6E36GKBDJK2D9J234F8C5A
0 10
0 15
1 8
1 12
2 5
2 16
3 17
3 18
4 1
4 11
5 7
5 18
6 0
6 1
7 7
7 9
8 0
8 4
9 14
9 17
10 6
10 14
11 3
11 6
12 16
12 20
13 11
13 13
14 19
14 20
15 2
15 13
16 9
16 19
17 2
17 3
18 4
18 15
19 8
19 12
20 5
20 10

# solution 263
# n=21 sym=rot2 status=verified source=flammenkamp_cache/n21_rot2
# code=:AB78FH9J4G17IK8E350I6E2KFH6C02DJ4G1B35CD9A
0 10
0 11
1 7
1 8
2 15
2 17
3 9
3 19
4 4
4 16
5 1
5 7
6 18
6 20
7 8
7 14
8 3
8 5
9 0
9 18
10 6
10 14
11 2
11 20
12 15
12 17
13 6
13 12
14 0
14 2
15 13
15 19
16 4
16 16
17 1
17 11
18 3
18 5
19 12
19 13
20 9
20 10

# solution 264
# n=21 sym=rot2 status=verified source=flammenkamp_cache/n21_rot2
# code=:AF483CBE7I170F29HK146EGJ03BI5KDJ2D698HCG5A
0 10
0 15
1 4
1 8
2 3
2 12
3 11
3 14
4 7
4 18
5 1
5 7
6 0
6 15
7 2
7 9
8 17
8 20
9 1
9 4
10 6
10 14
11 16
11 19
12 0
12 3
13 11
13 18
14 5
14 20
15 13
15 19
16 2
16 13
17 6
17 9
18 8
18 17
19 12
19 16
20 5
20 10

# solution 265
# n=21 sym=rot2 status=verified source=flammenkamp_cache/n21_rot2
# code=:AH173F89EG179K285G0I6E2K4FCI0BDJ46BC5HDJ3A
0 10
0 17
1 1
1 7
2 3
2 15
3 8
3 9
4 14
4 16
5 1
5 7
6 9
6 20
7 2
7 8
8 5
8 16
9 0
9 18
10 6
10 14
11 2
11 20
12 4
12 15
13 12
13 18
14 0
14 11
15 13
15 19
16 4
16 6
17 11
17 12
18 5
18 17
19 13
19 19
20 3
20 10

# solution 266
# n=21 sym=rot2 status=verified source=flammenkamp_cache/n21_rot2
# code=:6ACD3F9C153DGK491K2I6E2I0JBG047HFJ8B5H78AE
0 6
0 10
1 12
1 13
2 3
2 15
3 9
3 12
4 1
4 5
5 3
5 13
6 16
6 20
7 4
7 9
8 1
8 20
9 2
9 18
10 6
10 14
11 2
11 18
12 0
12 19
13 11
13 16
14 0
14 4
15 7
15 17
16 15
16 19
17 8
17 11
18 5
18 17
19 7
19 8
20 10
20 14

# solution 267
# n=21 sym=rot2 status=verified source=flammenkamp_cache/n21_rot2
# code=:6A9CDF3C153DGK491K2I6E2I0JBG047HFJ8H578BAE
0 6
0 10
1 9
1 12
2 13
2 15
3 3
3 12
4 1
4 5
5 3
5 13
6 16
6 20
7 4
7 9
8 1
8 20
9 2
9 18
10 6
10 14
11 2
11 18
12 0
12 19
13 11
13 16
14 0
14 4
15 7
15 17
16 15
16 19
17 8
17 17
18 5
18 7
19 8
19 11
20 10
20 14

# solution 268
# n=21 sym=rot2 status=verified source=flammenkamp_cache/n21_rot2
# code=:AFDF18HI8B3D164G09IK6E02BK4GEJ7H9C23CJ575A
0 10
0 15
1 13
1 15
2 1
2 8
3 17
3 18
4 8
4 11
5 3
5 13
6 1
6 6
7 4
7 16
8 0
8 9
9 18
9 20
10 6
10 14
11 0
11 2
12 11
12 20
13 4
13 16
14 14
14 19
15 7
15 17
16 9
16 12
17 2
17 3
18 12
18 19
19 5
19 7
20 5
20 10

# solution 269
# n=21 sym=rot2 status=verified source=flammenkamp_cache/n21_rot2
# code=:AF4D181H8BDH06249FIK6E025BGIEK379C3JCJ7G5A
0 10
0 15
1 4
1 13
2 1
2 8
3 1
3 17
4 8
4 11
5 13
5 17
6 0
6 6
7 2
7 4
8 9
8 15
9 18
9 20
10 6
10 14
11 0
11 2
12 5
12 11
13 16
13 18
14 14
14 20
15 3
15 7
16 9
16 12
17 3
17 19
18 12
18 19
19 7
19 16
20 5
20 10

# solution 270
# n=21 sym=rot2 status=verified source=flammenkamp_cache/n21_rot2
# code=:ABDF348I8E2D035G9J016EJK1B4FHK7I6C2CGH579A
0 10
0 11
1 13
1 15
2 3
2 4
3 8
3 18
4 8
4 14
5 2
5 13
6 0
6 3
7 5
7 16
8 9
8 19
9 0
9 1
10 6
10 14
11 19
11 20
12 1
12 11
13 4
13 15
14 17
14 20
15 7
15 18
16 6
16 12
17 2
17 12
18 16
18 17
19 5
19 7
20 9
20 10

# solution 271
# n=21 sym=rot2 status=verified source=flammenkamp_cache/n21_rot2
# code=:AB8F3F7B142DHK28EKGJ6E1406CI037IGJ9D5H5C9A
0 10
0 11
1 8
1 15
2 3
2 15
3 7
3 11
4 1
4 4
5 2
5 13
6 17
6 20
7 2
7 8
8 14
8 20
9 16
9 19
10 6
10 14
11 1
11 4
12 0
12 6
13 12
13 18
14 0
14 3
15 7
15 18
16 16
16 19
17 9
17 13
18 5
18 17
19 5
19 12
20 9
20 10

# solution 272
# n=21 sym=rot2 status=verified source=flammenkamp_cache/n21_rot2
# code=:AB8FFH7B142DHK28EKGJ6E1406CI037IGJ9D355C9A
0 10
0 11
1 8
1 15
2 15
2 17
3 7
3 11
4 1
4 4
5 2
5 13
6 17
6 20
7 2
7 8
8 14
8 20
9 16
9 19
10 6
10 14
11 1
11 4
12 0
12 6
13 12
13 18
14 0
14 3
15 7
15 18
16 16
16 19
17 9
17 13
18 3
18 5
19 5
19 12
20 9
20 10

# solution 273
# n=21 sym=rot2 status=verified source=flammenkamp_cache/n21_rot2
# code=:7ABE8B4FGKDI0H281J5H6E3F1JCI3K27045G9C69AD
0 7
0 10
1 11
1 14
2 8
2 11
3 4
3 15
4 16
4 20
5 13
5 18
6 0
6 17
7 2
7 8
8 1
8 19
9 5
9 17
10 6
10 14
11 3
11 15
12 1
12 19
13 12
13 18
14 3
14 20
15 2
15 7
16 0
16 4
17 5
17 16
18 9
18 12
19 6
19 9
20 10
20 13

# solution 274
# n=21 sym=rot2 status=verified source=flammenkamp_cache/n21_rot2
# code=:8A6D35HI1BDJ0G5C49026EIKBG8F4K179J23FH7EAC
0 8
0 10
1 6
1 13
2 3
2 5
3 17
3 18
4 1
4 11
5 13
5 19
6 0
6 16
7 5
7 12
8 4
8 9
9 0
9 2
10 6
10 14
11 18
11 20
12 11
12 16
13 8
13 15
14 4
14 20
15 1
15 7
16 9
16 19
17 2
17 3
18 15
18 17
19 7
19 14
20 10
20 12

# solution 275
# n=21 sym=rot2 status=verified source=flammenkamp_cache/n21_rot2
# code=:8A6D35HI1BDJ0G5C490I6E2KBG8F4K179J23FH7EAC
0 8
0 10
1 6
1 13
2 3
2 5
3 17
3 18
4 1
4 11
5 13
5 19
6 0
6 16
7 5
7 12
8 4
8 9
9 0
9 18
10 6
10 14
11 2
11 20
12 11
12 16
13 8
13 15
14 4
14 20
15 1
15 7
16 9
16 19
17 2
17 3
18 15
18 17
19 7
19 14
20 10
20 12

# solution 276
# n=21 sym=rot2 status=verified source=flammenkamp_cache/n21_rot2
# code=:6B358D02GH6IAB5J8DGJ0K147C1F9A2E34IK7CFH9E
0 6
0 11
1 3
1 5
2 8
2 13
3 0
3 2
4 16
4 17
5 6
5 18
6 10
6 11
7 5
7 19
8 8
8 13
9 16
9 19
10 0
10 20
11 1
11 4
12 7
12 12
13 1
13 15
14 9
14 10
15 2
15 14
16 3
16 4
17 18
17 20
18 7
18 12
19 15
19 17
20 9
20 14

# solution 277
# n=21 sym=rot2 status=verified source=flammenkamp_cache/n21_rot2
# code=:8EDF894K3E13AF4IDJ9I0K2B172G5AHJ6H0GBC576C
0 8
0 14
1 13
1 15
2 8
2 9
3 4
3 20
4 3
4 14
5 1
5 3
6 10
6 15
7 4
7 18
8 13
8 19
9 9
9 18
10 0
10 20
11 2
11 11
12 1
12 7
13 2
13 16
14 5
14 10
15 17
15 19
16 6
16 17
17 0
17 16
18 11
18 12
19 5
19 7
20 6
20 12

# solution 278
# n=21 sym=rot2 status=verified source=flammenkamp_cache/n21_rot2
# code=:AE489DFH1D5H182904IK6E02GKBICJ3F7J357BCG6A
0 10
0 14
1 4
1 8
2 9
2 13
3 15
3 17
4 1
4 13
5 5
5 17
6 1
6 8
7 2
7 9
8 0
8 4
9 18
9 20
10 6
10 14
11 0
11 2
12 16
12 20
13 11
13 18
14 12
14 19
15 3
15 15
16 7
16 19
17 3
17 5
18 7
18 11
19 12
19 16
20 6
20 10

# solution 279
# n=21 sym=rot2 status=verified source=flammenkamp_cache/n21_rot2
# code=:AJ8D9F26DF3H498K04IJ6E12GK0CBG3H57EI5B7C1A
0 10
0 19
1 8
1 13
2 9
2 15
3 2
3 6
4 13
4 15
5 3
5 17
6 4
6 9
7 8
7 20
8 0
8 4
9 18
9 19
10 6
10 14
11 1
11 2
12 16
12 20
13 0
13 12
14 11
14 16
15 3
15 17
16 5
16 7
17 14
17 18
18 5
18 11
19 7
19 12
20 1
20 10

# solution 280
# n=21 sym=rot2 status=verified source=flammenkamp_cache/n21_rot2
# code=:4A8BJK69DF234J780FHI6E235KCD1GHI57BE019CAG
0 4
0 10
1 8
1 11
2 19
2 20
3 6
3 9
4 13
4 15
5 2
5 3
6 4
6 19
7 7
7 8
8 0
8 15
9 17
9 18
10 6
10 14
11 2
11 3
12 5
12 20
13 12
13 13
14 1
14 16
15 17
15 18
16 5
16 7
17 11
17 14
18 0
18 1
19 9
19 12
20 10
20 16

# solution 281
# n=21 sym=rot2 status=verified source=flammenkamp_cache/n21_rot2
# code=:BC6G596FDI34AK1I8D1H0K3J7C2J0AGH275EBF4E89
0 11
0 12
1 6
1 16
2 5
2 9
3 6
3 15
4 13
4 18
5 3
5 4
6 10
6 20
7 1
7 18
8 8
8 13
9 1
9 17
10 0
10 20
11 3
11 19
12 7
12 12
13 2
13 19
14 0
14 10
15 16
15 17
16 2
16 7
17 5
17 14
18 11
18 15
19 4
19 14
20 8
20 9

# solution 282
# n=21 sym=rot2 status=verified source=flammenkamp_cache/n21_rot2
# code=:6C499F452HEH1ADI18DK0K07CJ27AJ363IFG5BBG8E
0 6
0 12
1 4
1 9
2 9
2 15
3 4
3 5
4 2
4 17
5 14
5 17
6 1
6 10
7 13
7 18
8 1
8 8
9 13
9 20
10 0
10 20
11 0
11 7
12 12
12 19
13 2
13 7
14 10
14 19
15 3
15 6
16 3
16 18
17 15
17 16
18 5
18 11
19 11
19 16
20 8
20 14

# solution 283
# n=21 sym=rot2 status=verified source=flammenkamp_cache/n21_rot2
# code=:6C799F452HEH1AGI18DK0K07CJ24AJ363IFG5BBD8E
0 6
0 12
1 7
1 9
2 9
2 15
3 4
3 5
4 2
4 17
5 14
5 17
6 1
6 10
7 16
7 18
8 1
8 8
9 13
9 20
10 0
10 20
11 0
11 7
12 12
12 19
13 2
13 4
14 10
14 19
15 3
15 6
16 3
16 18
17 15
17 16
18 5
18 11
19 11
19 13
20 8
20 14

# solution 284
# n=21 sym=rot2 status=verified source=flammenkamp_cache/n21_rot2
# code=:48BC3F256DGJ3A2JDK690KBE071IAH147EFI5H89CG
0 4
0 8
1 11
1 12
2 3
2 15
3 2
3 5
4 6
4 13
5 16
5 19
6 3
6 10
7 2
7 19
8 13
8 20
9 6
9 9
10 0
10 20
11 11
11 14
12 0
12 7
13 1
13 18
14 10
14 17
15 1
15 4
16 7
16 14
17 15
17 18
18 5
18 17
19 8
19 9
20 12
20 16

# solution 285
# n=21 sym=rot2 status=verified source=flammenkamp_cache/n21_rot2
# code=:AE785HGJ5B2HBK8DGK1I6E2J047C093I9F143FCD6A
0 10
0 14
1 7
1 8
2 5
2 17
3 16
3 19
4 5
4 11
5 2
5 17
6 11
6 20
7 8
7 13
8 16
8 20
9 1
9 18
10 6
10 14
11 2
11 19
12 0
12 4
13 7
13 12
14 0
14 9
15 3
15 18
16 9
16 15
17 1
17 4
18 3
18 15
19 12
19 13
20 6
20 10

# solution 286
# n=21 sym=rot2 status=verified source=flammenkamp_cache/n21_rot2
# code=:8A48DFFH1BHI0179064I6E2GEKBDJK239J3557CGAC
0 8
0 10
1 4
1 8
2 13
2 15
3 15
3 17
4 1
4 11
5 17
5 18
6 0
6 1
7 7
7 9
8 0
8 6
9 4
9 18
10 6
10 14
11 2
11 16
12 14
12 20
13 11
13 13
14 19
14 20
15 2
15 3
16 9
16 19
17 3
17 5
18 5
18 7
19 12
19 16
20 10
20 12

# solution 287
# n=21 sym=rot2 status=verified source=flammenkamp_cache/n21_rot2
# code=:8A48DF6F39HI019D04IJ6E12GK7BJK23BH5E57CGAC
0 8
0 10
1 4
1 8
2 13
2 15
3 6
3 15
4 3
4 9
5 17
5 18
6 0
6 1
7 9
7 13
8 0
8 4
9 18
9 19
10 6
10 14
11 1
11 2
12 16
12 20
13 7
13 11
14 19
14 20
15 2
15 3
16 11
16 17
17 5
17 14
18 5
18 7
19 12
19 16
20 10
20 12

# solution 288
# n=21 sym=rot2 status=verified source=flammenkamp_cache/n21_rot2
# code=:8A4D8H59IK1H1D469F0I6E2K5BEG7J3J02BF3C7GAC
0 8
0 10
1 4
1 13
2 8
2 17
3 5
3 9
4 18
4 20
5 1
5 17
6 1
6 13
7 4
7 6
8 9
8 15
9 0
9 18
10 6
10 14
11 2
11 20
12 5
12 11
13 14
13 16
14 7
14 19
15 3
15 19
16 0
16 2
17 11
17 15
18 3
18 12
19 7
19 16
20 10
20 12

# solution 289
# n=21 sym=rot2 status=verified source=flammenkamp_cache/n21_rot2
# code=:8A4D8H59IK1H1D469FIK6E025BEG7J3J02BF3C7GAC
0 8
0 10
1 4
1 13
2 8
2 17
3 5
3 9
4 18
4 20
5 1
5 17
6 1
6 13
7 4
7 6
8 9
8 15
9 18
9 20
10 6
10 14
11 0
11 2
12 5
12 11
13 14
13 16
14 7
14 19
15 3
15 19
16 0
16 2
17 11
17 15
18 3
18 12
19 7
19 16
20 10
20 12

# solution 290
# n=21 sym=rot2 status=verified source=flammenkamp_cache/n21_rot2
# code=:AD8E9B254DHJGK283K156EFJ0HCI04137GFI9B6C7A
0 10
0 13
1 8
1 14
2 9
2 11
3 2
3 5
4 4
4 13
5 17
5 19
6 16
6 20
7 2
7 8
8 3
8 20
9 1
9 5
10 6
10 14
11 15
11 19
12 0
12 17
13 12
13 18
14 0
14 4
15 1
15 3
16 7
16 16
17 15
17 18
18 9
18 11
19 6
19 12
20 7
20 10

# solution 291
# n=21 sym=rot2 status=verified source=flammenkamp_cache/n21_rot2
# code=:498FFJ2EEG387A0J2D9H0K3B7I1KADCH466I155CBG
0 4
0 9
1 8
1 15
2 15
2 19
3 2
3 14
4 14
4 16
5 3
5 8
6 7
6 10
7 0
7 19
8 2
8 13
9 9
9 17
10 0
10 20
11 3
11 11
12 7
12 18
13 1
13 20
14 10
14 13
15 12
15 17
16 4
16 6
17 6
17 18
18 1
18 5
19 5
19 12
20 11
20 16

# solution 292
# n=21 sym=rot2 status=verified source=flammenkamp_cache/n21_rot2
# code=:8A3D8F590H2J164I9DGK6E047B2GEJ1I3KBF5C7HAC
0 8
0 10
1 3
1 13
2 8
2 15
3 5
3 9
4 0
4 17
5 2
5 19
6 1
6 6
7 4
7 18
8 9
8 13
9 16
9 20
10 6
10 14
11 0
11 4
12 7
12 11
13 2
13 16
14 14
14 19
15 1
15 18
16 3
16 20
17 11
17 15
18 5
18 12
19 7
19 17
20 10
20 12

# solution 293
# n=21 sym=rot2 status=verified source=flammenkamp_cache/n21_rot2
# code=:4A8C5H3I9D2J05DJ69GK6E04BE17FK1I7B2H3F8CAG
0 4
0 10
1 8
1 12
2 5
2 17
3 3
3 18
4 9
4 13
5 2
5 19
6 0
6 5
7 13
7 19
8 6
8 9
9 16
9 20
10 6
10 14
11 0
11 4
12 11
12 14
13 1
13 7
14 15
14 20
15 1
15 18
16 7
16 11
17 2
17 17
18 3
18 15
19 8
19 12
20 10
20 16

# solution 294
# n=21 sym=rot2 status=verified source=flammenkamp_cache/n21_rot2
# code=:ACDF37CH1B1I0G5K9E246EGI6B0F4K2J9J38DH578A
0 10
0 12
1 13
1 15
2 3
2 7
3 12
3 17
4 1
4 11
5 1
5 18
6 0
6 16
7 5
7 20
8 9
8 14
9 2
9 4
10 6
10 14
11 16
11 18
12 6
12 11
13 0
13 15
14 4
14 20
15 2
15 19
16 9
16 19
17 3
17 8
18 13
18 17
19 5
19 7
20 8
20 10

# solution 295
# n=21 sym=rot2 status=verified source=flammenkamp_cache/n21_rot2
# code=:ABBF1G3F7DIK148C06HI6E23EK8CGJ027D5H4J599A
0 10
0 11
1 11
1 15
2 1
2 16
3 3
3 15
4 7
4 13
5 18
5 20
6 1
6 4
7 8
7 12
8 0
8 6
9 17
9 18
10 6
10 14
11 2
11 3
12 14
12 20
13 8
13 12
14 16
14 19
15 0
15 2
16 7
16 13
17 5
17 17
18 4
18 19
19 5
19 9
20 9
20 10

# solution 296
# n=21 sym=rot2 status=verified source=flammenkamp_cache/n21_rot2
# code=:6DCGCE2927GHJK9F03AJ5F1AHK5B0134DIBI68487E
0 6
0 13
1 12
1 16
2 12
2 14
3 2
3 9
4 2
4 7
5 16
5 17
6 19
6 20
7 9
7 15
8 0
8 3
9 10
9 19
10 5
10 15
11 1
11 10
12 17
12 20
13 5
13 11
14 0
14 1
15 3
15 4
16 13
16 18
17 11
17 18
18 6
18 8
19 4
19 8
20 7
20 14

# solution 297
# n=21 sym=rot2 status=verified source=flammenkamp_cache/n21_rot2
# code=:9EDG4639IJ08CF3I017A5FADJK2H58CK12BHEG476B
0 9
0 14
1 13
1 16
2 4
2 6
3 3
3 9
4 18
4 19
5 0
5 8
6 12
6 15
7 3
7 18
8 0
8 1
9 7
9 10
10 5
10 15
11 10
11 13
12 19
12 20
13 2
13 17
14 5
14 8
15 12
15 20
16 1
16 2
17 11
17 17
18 14
18 16
19 4
19 7
20 6
20 11

# solution 298
# n=21 sym=rot2 status=verified source=flammenkamp_cache/n21_rot2
# code=:EJ47BI3B5E084CHI017A5FADJK238GCK6F9H29DG16
0 14
0 19
1 4
1 7
2 11
2 18
3 3
3 11
4 5
4 14
5 0
5 8
6 4
6 12
7 17
7 18
8 0
8 1
9 7
9 10
10 5
10 15
11 10
11 13
12 19
12 20
13 2
13 3
14 8
14 16
15 12
15 20
16 6
16 15
17 9
17 17
18 2
18 9
19 13
19 16
20 1
20 6

# solution 299
# n=21 sym=rot2 status=verified source=flammenkamp_cache/n21_rot2
# code=:49CD163BEI084FHI017A5FADJK235GCK269HEJ78BG
0 4
0 9
1 12
1 13
2 1
2 6
3 3
3 11
4 14
4 18
5 0
5 8
6 4
6 15
7 17
7 18
8 0
8 1
9 7
9 10
10 5
10 15
11 10
11 13
12 19
12 20
13 2
13 3
14 5
14 16
15 12
15 20
16 2
16 6
17 9
17 17
18 14
18 19
19 7
19 8
20 11
20 16

# solution 300
# n=21 sym=rot2 status=verified source=flammenkamp_cache/n21_rot2
# code=:BE9G583IIK673CGJ017A5FADJK148HDE022HCF4B69
0 11
0 14
1 9
1 16
2 5
2 8
3 3
3 18
4 18
4 20
5 6
5 7
6 3
6 12
7 16
7 19
8 0
8 1
9 7
9 10
10 5
10 15
11 10
11 13
12 19
12 20
13 1
13 4
14 8
14 17
15 13
15 14
16 0
16 2
17 2
17 17
18 12
18 15
19 4
19 11
20 6
20 9

# solution 301
# n=21 sym=rot2 status=verified source=flammenkamp_cache/n21_rot2
# code=:6C6CBG0B5HHI247D01AJ5F1AJK7DGI233F9K498E8E
0 6
0 12
1 6
1 12
2 11
2 16
3 0
3 11
4 5
4 17
5 17
5 18
6 2
6 4
7 7
7 13
8 0
8 1
9 10
9 19
10 5
10 15
11 1
11 10
12 19
12 20
13 7
13 13
14 16
14 18
15 2
15 3
16 3
16 15
17 9
17 20
18 4
18 9
19 8
19 14
20 8
20 14

# solution 302
# n=21 sym=rot2 status=verified source=flammenkamp_cache/n21_rot2
# code=:68DH590IBE1718GH04AI5F2AGK34CJDJ692KBF37CE
0 6
0 8
1 13
1 17
2 5
2 9
3 0
3 18
4 11
4 14
5 1
5 7
6 1
6 8
7 16
7 17
8 0
8 4
9 10
9 18
10 5
10 15
11 2
11 10
12 16
12 20
13 3
13 4
14 12
14 19
15 13
15 19
16 6
16 9
17 2
17 20
18 11
18 15
19 3
19 7
20 12
20 14

# solution 303
# n=21 sym=rot2 status=verified source=flammenkamp_cache/n21_rot2
# code=:7J78CFBK2624EG13HK9A5FAB03HJ46GIEI0958CD1D
0 7
0 19
1 7
1 8
2 12
2 15
3 11
3 20
4 2
4 6
5 2
5 4
6 14
6 16
7 1
7 3
8 17
8 20
9 9
9 10
10 5
10 15
11 10
11 11
12 0
12 3
13 17
13 19
14 4
14 6
15 16
15 18
16 14
16 18
17 0
17 9
18 5
18 8
19 12
19 13
20 1
20 13

# solution 304
# n=21 sym=rot2 status=verified source=flammenkamp_cache/n21_rot2
# code=:46BCBF017EHI248J0DAH5F3A7K1CGI236DJK5989EG
0 4
0 6
1 11
1 12
2 11
2 15
3 0
3 1
4 7
4 14
5 17
5 18
6 2
6 4
7 8
7 19
8 0
8 13
9 10
9 17
10 5
10 15
11 3
11 10
12 7
12 20
13 1
13 12
14 16
14 18
15 2
15 3
16 6
16 13
17 19
17 20
18 5
18 9
19 8
19 9
20 14
20 16

# solution 305
# n=21 sym=rot2 status=verified source=flammenkamp_cache/n21_rot2
# code=:CF78BKBG362JEG37JK2A5FAI01DH461IEH4909CD58
0 12
0 15
1 7
1 8
2 11
2 20
3 11
3 16
4 3
4 6
5 2
5 19
6 14
6 16
7 3
7 7
8 19
8 20
9 2
9 10
10 5
10 15
11 10
11 18
12 0
12 1
13 13
13 17
14 4
14 6
15 1
15 18
16 14
16 17
17 4
17 9
18 0
18 9
19 12
19 13
20 5
20 8

# solution 306
# n=21 sym=rot2 status=verified source=flammenkamp_cache/n21_rot2
# code=:BC78FKBG362JEG37JK2A5FAI01DH461IEH4905CD89
0 11
0 12
1 7
1 8
2 15
2 20
3 11
3 16
4 3
4 6
5 2
5 19
6 14
6 16
7 3
7 7
8 19
8 20
9 2
9 10
10 5
10 15
11 10
11 18
12 0
12 1
13 13
13 17
14 4
14 6
15 1
15 18
16 14
16 17
17 4
17 9
18 0
18 5
19 12
19 13
20 8
20 9

# solution 307
# n=21 sym=rot2 status=verified source=flammenkamp_cache/n21_rot2
# code=:5C9G0G27HI9C3E171K6A5FAE0JDJ6H8B23DI4K4B8F
0 5
0 12
1 9
1 16
2 0
2 16
3 2
3 7
4 17
4 18
5 9
5 12
6 3
6 14
7 1
7 7
8 1
8 20
9 6
9 10
10 5
10 15
11 10
11 14
12 0
12 19
13 13
13 19
14 6
14 17
15 8
15 11
16 2
16 3
17 13
17 18
18 4
18 20
19 4
19 11
20 8
20 15

# solution 308
# n=21 sym=rot2 status=verified source=flammenkamp_cache/n21_rot2
# code=:DE4847EI38BHIK150J9A5FAB1KFJ0239CH26DGCG67
0 13
0 14
1 4
1 8
2 4
2 7
3 14
3 18
4 3
4 8
5 11
5 17
6 18
6 20
7 1
7 5
8 0
8 19
9 9
9 10
10 5
10 15
11 10
11 11
12 1
12 20
13 15
13 19
14 0
14 2
15 3
15 9
16 12
16 17
17 2
17 6
18 13
18 16
19 12
19 16
20 6
20 7

# solution 309
# n=21 sym=rot2 status=verified source=flammenkamp_cache/n21_rot2
# code=:DI3J894KBD1G682HEK5A5FAF063ICE4J790GBC1H27
0 13
0 18
1 3
1 19
2 8
2 9
3 4
3 20
4 11
4 13
5 1
5 16
6 6
6 8
7 2
7 17
8 14
8 20
9 5
9 10
10 5
10 15
11 10
11 15
12 0
12 6
13 3
13 18
14 12
14 14
15 4
15 19
16 7
16 9
17 0
17 16
18 11
18 12
19 1
19 17
20 2
20 7

# solution 310
# n=21 sym=rot2 status=verified source=flammenkamp_cache/n21_rot2
# code=:79460CDGBI3I361FJK8A5FAC015JEH2H29478KEGBD
0 7
0 9
1 4
1 6
2 0
2 12
3 13
3 16
4 11
4 18
5 3
5 18
6 3
6 6
7 1
7 15
8 19
8 20
9 8
9 10
10 5
10 15
11 10
11 12
12 0
12 1
13 5
13 19
14 14
14 17
15 2
15 17
16 2
16 9
17 4
17 7
18 8
18 20
19 14
19 16
20 11
20 13

# solution 311
# n=21 sym=rot2 status=verified source=flammenkamp_cache/n21_rot2
# code=:6C7C04BH1E4I9DFH1KAI5F2A0J357B2G6J39GK8D8E
0 6
0 12
1 7
1 12
2 0
2 4
3 11
3 17
4 1
4 14
5 4
5 18
6 9
6 13
7 15
7 17
8 1
8 20
9 10
9 18
10 5
10 15
11 2
11 10
12 0
12 19
13 3
13 5
14 7
14 11
15 2
15 16
16 6
16 19
17 3
17 9
18 16
18 20
19 8
19 13
20 8
20 14

# solution 312
# n=21 sym=rot2 status=verified source=flammenkamp_cache/n21_rot2
# code=:2G6C490I5E9C037DHJAJ5F1A137DHK8B6F2KBG8E4I
0 2
0 16
1 6
1 12
2 4
2 9
3 0
3 18
4 5
4 14
5 9
5 12
6 0
6 3
7 7
7 13
8 17
8 19
9 10
9 19
10 5
10 15
11 1
11 10
12 1
12 3
13 7
13 13
14 17
14 20
15 8
15 11
16 6
16 15
17 2
17 20
18 11
18 16
19 8
19 14
20 4
20 18

# solution 313
# n=21 sym=rot2 status=verified source=flammenkamp_cache/n21_rot2
# code=:CG8EBK69DJ1G7K3F232A5FAIHI5H0D4J17BE096C48
0 12
0 16
1 8
1 14
2 11
2 20
3 6
3 9
4 13
4 19
5 1
5 16
6 7
6 20
7 3
7 15
8 2
8 3
9 2
9 10
10 5
10 15
11 10
11 18
12 17
12 18
13 5
13 17
14 0
14 13
15 4
15 19
16 1
16 7
17 11
17 14
18 0
18 9
19 6
19 12
20 4
20 8

# solution 314
# n=21 sym=rot2 status=verified source=flammenkamp_cache/n21_rot2
# code=:348K9G7F6C2BEK1J37AI5F2ADH1J069I8E5D4B0CGH
0 3
0 4
1 8
1 20
2 9
2 16
3 7
3 15
4 6
4 12
5 2
5 11
6 14
6 20
7 1
7 19
8 3
8 7
9 10
9 18
10 5
10 15
11 2
11 10
12 13
12 17
13 1
13 19
14 0
14 6
15 9
15 18
16 8
16 14
17 5
17 13
18 4
18 11
19 0
19 12
20 16
20 17

# solution 315
# n=21 sym=rot2 status=verified source=flammenkamp_cache/n21_rot2
# code=:6D3C5K9B0GDG268J132A5FAIHJ1CEI474K9B0F8H7E
0 6
0 13
1 3
1 12
2 5
2 20
3 9
3 11
4 0
4 16
5 13
5 16
6 2
6 6
7 8
7 19
8 1
8 3
9 2
9 10
10 5
10 15
11 10
11 18
12 17
12 19
13 1
13 12
14 14
14 18
15 4
15 7
16 4
16 20
17 9
17 11
18 0
18 15
19 8
19 17
20 7
20 14

# solution 316
# n=21 sym=rot2 status=verified source=flammenkamp_cache/n21_rot2
# code=:8E0D5G3G0J8BBE3I127A5FADIJ2H699C1K4H4F7K6C
0 8
0 14
1 0
1 13
2 5
2 16
3 3
3 16
4 0
4 19
5 8
5 11
6 11
6 14
7 3
7 18
8 1
8 2
9 7
9 10
10 5
10 15
11 10
11 13
12 18
12 19
13 2
13 17
14 6
14 9
15 9
15 12
16 1
16 20
17 4
17 17
18 4
18 15
19 7
19 20
20 6
20 12

# solution 317
# n=21 sym=rot2 status=verified source=flammenkamp_cache/n21_rot2
# code=:CG679B0K371C46HIIJ5A5FAF1223EG8JDH0K9BDE48
0 12
0 16
1 6
1 7
2 9
2 11
3 0
3 20
4 3
4 7
5 1
5 12
6 4
6 6
7 17
7 18
8 18
8 19
9 5
9 10
10 5
10 15
11 10
11 15
12 1
12 2
13 2
13 3
14 14
14 16
15 8
15 19
16 13
16 17
17 0
17 20
18 9
18 11
19 13
19 14
20 4
20 8

# solution 318
# n=21 sym=rot2 status=verified source=flammenkamp_cache/n21_rot2
# code=:CE7D5G299H1IEH481A0K5F0KAJCG362J3BBI4F7D68
0 12
0 14
1 7
1 13
2 5
2 16
3 2
3 9
4 9
4 17
5 1
5 18
6 14
6 17
7 4
7 8
8 1
8 10
9 0
9 20
10 5
10 15
11 0
11 20
12 10
12 19
13 12
13 16
14 3
14 6
15 2
15 19
16 3
16 11
17 11
17 18
18 4
18 15
19 7
19 13
20 6
20 8

# solution 319
# n=21 sym=rot2 status=verified source=flammenkamp_cache/n21_rot2
# code=:8CDF239B1EGI7JEG3A0K5F0KAH461D246J9BHI578C
0 8
0 12
1 13
1 15
2 2
2 3
3 9
3 11
4 1
4 14
5 16
5 18
6 7
6 19
7 14
7 16
8 3
8 10
9 0
9 20
10 5
10 15
11 0
11 20
12 10
12 17
13 4
13 6
14 1
14 13
15 2
15 4
16 6
16 19
17 9
17 11
18 17
18 18
19 5
19 7
20 8
20 12

# solution 320
# n=21 sym=rot2 status=verified source=flammenkamp_cache/n21_rot2
# code=:589B383IEG7J27EGAJ0K5F0K1A46DI1D462HCH9BCF
0 5
0 8
1 9
1 11
2 3
2 8
3 3
3 18
4 14
4 16
5 7
5 19
6 2
6 7
7 14
7 16
8 10
8 19
9 0
9 20
10 5
10 15
11 0
11 20
12 1
12 10
13 4
13 6
14 13
14 18
15 1
15 13
16 4
16 6
17 2
17 17
18 12
18 17
19 9
19 11
20 12
20 15

# solution 321
# n=21 sym=rot2 status=verified source=flammenkamp_cache/n21_rot2
# code=:7BCGFJ2B4H7J0E8HAE0I5F2K6A3C6K1D3G9I15489D
0 7
0 11
1 12
1 16
2 15
2 19
3 2
3 11
4 4
4 17
5 7
5 19
6 0
6 14
7 8
7 17
8 10
8 14
9 0
9 18
10 5
10 15
11 2
11 20
12 6
12 10
13 3
13 12
14 6
14 20
15 1
15 13
16 3
16 16
17 9
17 18
18 1
18 5
19 4
19 8
20 9
20 13

# solution 322
# n=21 sym=rot2 status=verified source=flammenkamp_cache/n21_rot2
# code=:89CE3H697IFJ027J4A4K5F0GAG1DIK152DBE3H68BC
0 8
0 9
1 12
1 14
2 3
2 17
3 6
3 9
4 7
4 18
5 15
5 19
6 0
6 2
7 7
7 19
8 4
8 10
9 4
9 20
10 5
10 15
11 0
11 16
12 10
12 16
13 1
13 13
14 18
14 20
15 1
15 5
16 2
16 13
17 11
17 14
18 3
18 17
19 6
19 8
20 11
20 12

# solution 323
# n=21 sym=rot2 status=verified source=flammenkamp_cache/n21_rot2
# code=:7G7B89FH348EJK26AI015FJK2AEI016CGH35BC9D4D
0 7
0 16
1 7
1 11
2 8
2 9
3 15
3 17
4 3
4 4
5 8
5 14
6 19
6 20
7 2
7 6
8 10
8 18
9 0
9 1
10 5
10 15
11 19
11 20
12 2
12 10
13 14
13 18
14 0
14 1
15 6
15 12
16 16
16 17
17 3
17 5
18 11
18 12
19 9
19 13
20 4
20 13

# solution 324
# n=21 sym=rot2 status=verified source=flammenkamp_cache/n21_rot2
# code=:797B3EIKCG5I1G186A0H5F3KAECJ4J2F48026H9DBD
0 7
0 9
1 7
1 11
2 3
2 14
3 18
3 20
4 12
4 16
5 5
5 18
6 1
6 16
7 1
7 8
8 6
8 10
9 0
9 17
10 5
10 15
11 3
11 20
12 10
12 14
13 12
13 19
14 4
14 19
15 2
15 15
16 4
16 8
17 0
17 2
18 6
18 17
19 9
19 13
20 11
20 13

# solution 325
# n=21 sym=rot2 status=verified source=flammenkamp_cache/n21_rot2
# code=:8D9BCD2K461HHI461A0F5F5KAJEG233JEG0I789B7C
0 8
0 13
1 9
1 11
2 12
2 13
3 2
3 20
4 4
4 6
5 1
5 17
6 17
6 18
7 4
7 6
8 1
8 10
9 0
9 15
10 5
10 15
11 5
11 20
12 10
12 19
13 14
13 16
14 2
14 3
15 3
15 19
16 14
16 16
17 0
17 18
18 7
18 8
19 9
19 11
20 7
20 12

# solution 326
# n=21 sym=rot2 status=verified source=flammenkamp_cache/n21_rot2
# code=:BG7G8K8D232EEJ3J9A055FFKAB1H166IHI7C0C4D49
0 11
0 16
1 7
1 16
2 8
2 20
3 8
3 13
4 2
4 3
5 2
5 14
6 14
6 19
7 3
7 19
8 9
8 10
9 0
9 5
10 5
10 15
11 15
11 20
12 10
12 11
13 1
13 17
14 1
14 6
15 6
15 18
16 17
16 18
17 7
17 12
18 0
18 12
19 4
19 13
20 4
20 9

# solution 327
# n=21 sym=rot2 status=verified source=flammenkamp_cache/n21_rot2
# code=:8D9BFI36368G02GJ7AJK5F01AD14IK4CEHEH259B7C
0 8
0 13
1 9
1 11
2 15
2 18
3 3
3 6
4 3
4 6
5 8
5 16
6 0
6 2
7 16
7 19
8 7
8 10
9 19
9 20
10 5
10 15
11 0
11 1
12 10
12 13
13 1
13 4
14 18
14 20
15 4
15 12
16 14
16 17
17 14
17 17
18 2
18 5
19 9
19 11
20 7
20 12

# solution 328
# n=21 sym=rot2 status=verified source=flammenkamp_cache/n21_rot2
# code=:9C691FDH6H8G0I147AIK5F02ADGJ2K4C3E375JBE8B
0 9
0 12
1 6
1 9
2 1
2 15
3 13
3 17
4 6
4 17
5 8
5 16
6 0
6 18
7 1
7 4
8 7
8 10
9 18
9 20
10 5
10 15
11 0
11 2
12 10
12 13
13 16
13 19
14 2
14 20
15 4
15 12
16 3
16 14
17 3
17 7
18 5
18 19
19 11
19 14
20 8
20 11

# solution 329
# n=21 sym=rot2 status=verified source=flammenkamp_cache/n21_rot2
# code=:484C6E1IBHBD0H27AF0J5F1K5ADI3K79392J6E8GCG
0 4
0 8
1 4
1 12
2 6
2 14
3 1
3 18
4 11
4 17
5 11
5 13
6 0
6 17
7 2
7 7
8 10
8 15
9 0
9 19
10 5
10 15
11 1
11 20
12 5
12 10
13 13
13 18
14 3
14 20
15 7
15 9
16 3
16 9
17 2
17 19
18 6
18 14
19 8
19 16
20 12
20 16

# solution 330
# n=21 sym=rot2 status=verified source=flammenkamp_cache/n21_rot2
# code=:DJ4DBH6C456ICK9H2A1K5F0JAI3B082EFG8E397G17
0 13
0 19
1 4
1 13
2 11
2 17
3 6
3 12
4 4
4 5
5 6
5 18
6 12
6 20
7 9
7 17
8 2
8 10
9 1
9 20
10 5
10 15
11 0
11 19
12 10
12 18
13 3
13 11
14 0
14 8
15 2
15 14
16 15
16 16
17 8
17 14
18 3
18 9
19 7
19 16
20 1
20 7

# solution 331
# n=21 sym=rot2 status=verified source=flammenkamp_cache/n21_rot2
# code=:DH898E04491D3I1I6A5K5F0FAE2J2H7JBGGK6CBC37
0 13
0 17
1 8
1 9
2 8
2 14
3 0
3 4
4 4
4 9
5 1
5 13
6 3
6 18
7 1
7 18
8 6
8 10
9 5
9 20
10 5
10 15
11 0
11 15
12 10
12 14
13 2
13 19
14 2
14 17
15 7
15 19
16 11
16 16
17 16
17 20
18 6
18 12
19 11
19 12
20 3
20 7

# solution 332
# n=21 sym=rot2 status=verified source=flammenkamp_cache/n21_rot2
# code=:7GBF7C6K3BEH281G2A1K5F0JAI4JCI369H0E8D594D
0 7
0 16
1 11
1 15
2 7
2 12
3 6
3 20
4 3
4 11
5 14
5 17
6 2
6 8
7 1
7 16
8 2
8 10
9 1
9 20
10 5
10 15
11 0
11 19
12 10
12 18
13 4
13 19
14 12
14 18
15 3
15 6
16 9
16 17
17 0
17 14
18 8
18 13
19 5
19 9
20 4
20 13

# solution 333
# n=21 sym=rot2 status=verified source=flammenkamp_cache/n21_rot2
# code=:28EKBG6B37CG1237AJ0F5F5K1ADHIJ48DH9E4906CI
0 2
0 8
1 14
1 20
2 11
2 16
3 6
3 11
4 3
4 7
5 12
5 16
6 1
6 2
7 3
7 7
8 10
8 19
9 0
9 15
10 5
10 15
11 5
11 20
12 1
12 10
13 13
13 17
14 18
14 19
15 4
15 8
16 13
16 17
17 9
17 14
18 4
18 9
19 0
19 6
20 12
20 18

# solution 334
# n=21 sym=rot2 status=verified source=flammenkamp_cache/n21_rot2
# code=:7C06499EDH48IJ1HAI5K5F0F2A3J12CG376BBGEK8D
0 7
0 12
1 0
1 6
2 4
2 9
3 9
3 14
4 13
4 17
5 4
5 8
6 18
6 19
7 1
7 17
8 10
8 18
9 5
9 20
10 5
10 15
11 0
11 15
12 2
12 10
13 3
13 19
14 1
14 2
15 12
15 16
16 3
16 7
17 6
17 11
18 11
18 16
19 14
19 20
20 8
20 13

# solution 335
# n=21 sym=rot2 status=verified source=flammenkamp_cache/n21_rot2
# code=:580G8E3B1G7B37EIAIJK5F012A26DH9D4J9H6C4KCF
0 5
0 8
1 0
1 16
2 8
2 14
3 3
3 11
4 1
4 16
5 7
5 11
6 3
6 7
7 14
7 18
8 10
8 18
9 19
9 20
10 5
10 15
11 0
11 1
12 2
12 10
13 2
13 6
14 13
14 17
15 9
15 13
16 4
16 19
17 9
17 17
18 6
18 12
19 4
19 20
20 12
20 15

# solution 336
# n=21 sym=rot2 status=verified source=flammenkamp_cache/n21_rot2
# code=:58GK8E3B1G7B37EIAIJK5F012A26DH9D4J9H6C04CF
0 5
0 8
1 16
1 20
2 8
2 14
3 3
3 11
4 1
4 16
5 7
5 11
6 3
6 7
7 14
7 18
8 10
8 18
9 19
9 20
10 5
10 15
11 0
11 1
12 2
12 10
13 2
13 6
14 13
14 17
15 9
15 13
16 4
16 19
17 9
17 17
18 6
18 12
19 0
19 4
20 12
20 15

# solution 337
# n=21 sym=rot2 status=verified source=flammenkamp_cache/n21_rot2
# code=:CE571JBH79EI4G0K8A235FHIAC0K4G26BD391JDF68
0 12
0 14
1 5
1 7
2 1
2 19
3 11
3 17
4 7
4 9
5 14
5 18
6 4
6 16
7 0
7 20
8 8
8 10
9 2
9 3
10 5
10 15
11 17
11 18
12 10
12 12
13 0
13 20
14 4
14 16
15 2
15 6
16 11
16 13
17 3
17 9
18 1
18 19
19 13
19 15
20 6
20 8

# solution 338
# n=21 sym=rot2 status=verified source=flammenkamp_cache/n21_rot2
# code=:BC4G23BH7FCE0J02AE175FDJ6AIK1K685D39HI4G89
0 11
0 12
1 4
1 16
2 2
2 3
3 11
3 17
4 7
4 15
5 12
5 14
6 0
6 19
7 0
7 2
8 10
8 14
9 1
9 7
10 5
10 15
11 13
11 19
12 6
12 10
13 18
13 20
14 1
14 20
15 6
15 8
16 5
16 13
17 3
17 9
18 17
18 18
19 4
19 16
20 8
20 9

# solution 339
# n=21 sym=rot2 status=verified source=flammenkamp_cache/n21_rot2
# code=:139B68DFCG1I0704AH2E5F6I3AGKDK2J4857CE9BHJ
0 1
0 3
1 9
1 11
2 6
2 8
3 13
3 15
4 12
4 16
5 1
5 18
6 0
6 7
7 0
7 4
8 10
8 17
9 2
9 14
10 5
10 15
11 6
11 18
12 3
12 10
13 16
13 20
14 13
14 20
15 2
15 19
16 4
16 8
17 5
17 7
18 12
18 14
19 9
19 11
20 17
20 19

# solution 340
# n=21 sym=rot2 status=verified source=flammenkamp_cache/n21_rot2
# code=:CH8E15469D132KDKAG295FBI4A070IHJ7BEGFJ6C38
0 12
0 17
1 8
1 14
2 1
2 5
3 4
3 6
4 9
4 13
5 1
5 3
6 2
6 20
7 13
7 20
8 10
8 16
9 2
9 9
10 5
10 15
11 11
11 18
12 4
12 10
13 0
13 7
14 0
14 18
15 17
15 19
16 7
16 11
17 14
17 16
18 15
18 19
19 6
19 12
20 3
20 8

# solution 341
# n=21 sym=rot2 status=verified source=flammenkamp_cache/n21_rot2
# code=:3B5GCD279GCJ0I066A135FHJAEEK2K184BDI784F9H
0 3
0 11
1 5
1 16
2 12
2 13
3 2
3 7
4 9
4 16
5 12
5 19
6 0
6 18
7 0
7 6
8 6
8 10
9 1
9 3
10 5
10 15
11 17
11 19
12 10
12 14
13 14
13 20
14 2
14 20
15 1
15 8
16 4
16 11
17 13
17 18
18 7
18 8
19 4
19 15
20 9
20 17

# solution 342
# n=21 sym=rot2 status=verified source=flammenkamp_cache/n21_rot2
# code=:588D4G9I1D6B6KHKAH125FIJ3A030E9E7J2B4G7CCF
0 5
0 8
1 8
1 13
2 4
2 16
3 9
3 18
4 1
4 13
5 6
5 11
6 6
6 20
7 17
7 20
8 10
8 17
9 1
9 2
10 5
10 15
11 18
11 19
12 3
12 10
13 0
13 3
14 0
14 14
15 9
15 14
16 7
16 19
17 2
17 11
18 4
18 16
19 7
19 12
20 12
20 15

# solution 343
# n=21 sym=rot2 status=verified source=flammenkamp_cache/n21_rot2
# code=:9CGI1J696D58GK0H7A2H5F3IAD3K04CF7EBE1J248B
0 9
0 12
1 16
1 18
2 1
2 19
3 6
3 9
4 6
4 13
5 5
5 8
6 16
6 20
7 0
7 17
8 7
8 10
9 2
9 17
10 5
10 15
11 3
11 18
12 10
12 13
13 3
13 20
14 0
14 4
15 12
15 15
16 7
16 14
17 11
17 14
18 1
18 19
19 2
19 4
20 8
20 11

# solution 344
# n=21 sym=rot2 status=verified source=flammenkamp_cache/n21_rot2
# code=:BC4G23BH7FCEJK02AE175FDJ6AIK01685D39HI4G89
0 11
0 12
1 4
1 16
2 2
2 3
3 11
3 17
4 7
4 15
5 12
5 14
6 19
6 20
7 0
7 2
8 10
8 14
9 1
9 7
10 5
10 15
11 13
11 19
12 6
12 10
13 18
13 20
14 0
14 1
15 6
15 8
16 5
16 13
17 3
17 9
18 17
18 18
19 4
19 16
20 8
20 9

# solution 345
# n=21 sym=rot2 status=verified source=flammenkamp_cache/n21_rot2
# code=:CG5D492E792JJK03AE385FCH6AHK011IBD6IBG7F48
0 12
0 16
1 5
1 13
2 4
2 9
3 2
3 14
4 7
4 9
5 2
5 19
6 19
6 20
7 0
7 3
8 10
8 14
9 3
9 8
10 5
10 15
11 12
11 17
12 6
12 10
13 17
13 20
14 0
14 1
15 1
15 18
16 11
16 13
17 6
17 18
18 11
18 16
19 7
19 15
20 4
20 8

# solution 346
# n=21 sym=rot2 status=verified source=flammenkamp_cache/n21_rot2
# code=:7C270CEG4I9E3903AJFJ5F151AHKBH6B2G468KDI8D
0 7
0 12
1 2
1 7
2 0
2 12
3 14
3 16
4 4
4 18
5 9
5 14
6 3
6 9
7 0
7 3
8 10
8 19
9 15
9 19
10 5
10 15
11 1
11 5
12 1
12 10
13 17
13 20
14 11
14 17
15 6
15 11
16 2
16 16
17 4
17 6
18 8
18 20
19 13
19 18
20 8
20 13

# solution 347
# n=21 sym=rot2 status=verified source=flammenkamp_cache/n21_rot2
# code=:8B1DGH6B37EF028K4AIJ5F12AG0CIK56DH9E347J9C
0 8
0 11
1 1
1 13
2 16
2 17
3 6
3 11
4 3
4 7
5 14
5 15
6 0
6 2
7 8
7 20
8 4
8 10
9 18
9 19
10 5
10 15
11 1
11 2
12 10
12 16
13 0
13 12
14 18
14 20
15 5
15 6
16 13
16 17
17 9
17 14
18 3
18 4
19 7
19 19
20 9
20 12

# solution 348
# n=21 sym=rot2 status=verified source=flammenkamp_cache/n21_rot2
# code=:3C9FCE47EJ179KGK3A2I5F2IAH040BDJ16DG685B8H
0 3
0 12
1 9
1 15
2 12
2 14
3 4
3 7
4 14
4 19
5 1
5 7
6 9
6 20
7 16
7 20
8 3
8 10
9 2
9 18
10 5
10 15
11 2
11 18
12 10
12 17
13 0
13 4
14 0
14 11
15 13
15 19
16 1
16 6
17 13
17 16
18 6
18 8
19 5
19 11
20 8
20 17

# solution 349
# n=21 sym=rot2 status=verified source=flammenkamp_cache/n21_rot2
# code=:598G3EDI249D0K13AJ685FCE1AHJ0K7BGI276H4CBF
0 5
0 9
1 8
1 16
2 3
2 14
3 13
3 18
4 2
4 4
5 9
5 13
6 0
6 20
7 1
7 3
8 10
8 19
9 6
9 8
10 5
10 15
11 12
11 14
12 1
12 10
13 17
13 19
14 0
14 20
15 7
15 11
16 16
16 18
17 2
17 7
18 6
18 17
19 4
19 12
20 11
20 15

# solution 350
# n=21 sym=rot2 status=verified source=flammenkamp_cache/n21_rot2
# code=:DI4806BHFJ6BDK248A135FHJACGI079E1539EKCG27
0 13
0 18
1 4
1 8
2 0
2 6
3 11
3 17
4 15
4 19
5 6
5 11
6 13
6 20
7 2
7 4
8 8
8 10
9 1
9 3
10 5
10 15
11 17
11 19
12 10
12 12
13 16
13 18
14 0
14 7
15 9
15 14
16 1
16 5
17 3
17 9
18 14
18 20
19 12
19 16
20 2
20 7

# solution 351
# n=21 sym=rot2 status=verified source=flammenkamp_cache/n21_rot2
# code=:CE8K35EI9D13IK1DAG9G5F4B4A7J02HJ7B26FH0C68
0 12
0 14
1 8
1 20
2 3
2 5
3 14
3 18
4 9
4 13
5 1
5 3
6 18
6 20
7 1
7 13
8 10
8 16
9 9
9 16
10 5
10 15
11 4
11 11
12 4
12 10
13 7
13 19
14 0
14 2
15 17
15 19
16 7
16 11
17 2
17 6
18 15
18 17
19 0
19 12
20 6
20 8

# solution 352
# n=21 sym=rot2 status=verified source=flammenkamp_cache/n21_rot2
# code=:CE8K5H469D13IK1DAG295FBI4A7J02HJ7BEG3F0C68
0 12
0 14
1 8
1 20
2 5
2 17
3 4
3 6
4 9
4 13
5 1
5 3
6 18
6 20
7 1
7 13
8 10
8 16
9 2
9 9
10 5
10 15
11 11
11 18
12 4
12 10
13 7
13 19
14 0
14 2
15 17
15 19
16 7
16 11
17 14
17 16
18 3
18 15
19 0
19 12
20 6
20 8

# solution 353
# n=21 sym=rot2 status=verified source=flammenkamp_cache/n21_rot2
# code=:CE085HEI9D13IK1DAG9G5F4B4A7J02HJ7B263FCK68
0 12
0 14
1 0
1 8
2 5
2 17
3 14
3 18
4 9
4 13
5 1
5 3
6 18
6 20
7 1
7 13
8 10
8 16
9 9
9 16
10 5
10 15
11 4
11 11
12 4
12 10
13 7
13 19
14 0
14 2
15 17
15 19
16 7
16 11
17 2
17 6
18 3
18 15
19 12
19 20
20 6
20 8

# solution 354
# n=21 sym=rot2 status=verified source=flammenkamp_cache/n21_rot2
# code=:3C790E9D5EGIHK481A125FIJAJCG03246F7B6KBD8H
0 3
0 12
1 7
1 9
2 0
2 14
3 9
3 13
4 5
4 14
5 16
5 18
6 17
6 20
7 4
7 8
8 1
8 10
9 1
9 2
10 5
10 15
11 18
11 19
12 10
12 19
13 12
13 16
14 0
14 3
15 2
15 4
16 6
16 15
17 7
17 11
18 6
18 20
19 11
19 13
20 8
20 17

# solution 355
# n=21 sym=rot2 status=verified source=flammenkamp_cache/n21_rot2
# code=:CE793KBH571G02EI8A4J5F1GAC26IK4JDF390HBD68
0 12
0 14
1 7
1 9
2 3
2 20
3 11
3 17
4 5
4 7
5 1
5 16
6 0
6 2
7 14
7 18
8 8
8 10
9 4
9 19
10 5
10 15
11 1
11 16
12 10
12 12
13 2
13 6
14 18
14 20
15 4
15 19
16 13
16 15
17 3
17 9
18 0
18 17
19 11
19 13
20 6
20 8

# solution 356
# n=21 sym=rot2 status=verified source=flammenkamp_cache/n21_rot2
# code=:677C4CBI46HJ1IAF9H0K5F0K3B5A2J13EG298G8DDE
0 6
0 7
1 7
1 12
2 4
2 12
3 11
3 18
4 4
4 6
5 17
5 19
6 1
6 18
7 10
7 15
8 9
8 17
9 0
9 20
10 5
10 15
11 0
11 20
12 3
12 11
13 5
13 10
14 2
14 19
15 1
15 3
16 14
16 16
17 2
17 9
18 8
18 16
19 8
19 13
20 13
20 14

# solution 357
# n=21 sym=rot2 status=verified source=flammenkamp_cache/n21_rot2
# code=:BF7848DH461H1IAE9I0K5F0K2B6A2J3JEG37CGCD59
0 11
0 15
1 7
1 8
2 4
2 8
3 13
3 17
4 4
4 6
5 1
5 17
6 1
6 18
7 10
7 14
8 9
8 18
9 0
9 20
10 5
10 15
11 0
11 20
12 2
12 11
13 6
13 10
14 2
14 19
15 3
15 19
16 14
16 16
17 3
17 7
18 12
18 16
19 12
19 13
20 5
20 9

# solution 358
# n=21 sym=rot2 status=verified source=flammenkamp_cache/n21_rot2
# code=:8DFH89EIBE174I4A0J035FHK1KAG2GDJ6926BC357C
0 8
0 13
1 15
1 17
2 8
2 9
3 14
3 18
4 11
4 14
5 1
5 7
6 4
6 18
7 4
7 10
8 0
8 19
9 0
9 3
10 5
10 15
11 17
11 20
12 1
12 20
13 10
13 16
14 2
14 16
15 13
15 19
16 6
16 9
17 2
17 6
18 11
18 12
19 3
19 5
20 7
20 12

# solution 359
# n=21 sym=rot2 status=verified source=flammenkamp_cache/n21_rot2
# code=:9D1946DHHI68248AFK0J5F1K05ACGICE2337EGBJ7B
0 9
0 13
1 1
1 9
2 4
2 6
3 13
3 17
4 17
4 18
5 6
5 8
6 2
6 4
7 8
7 10
8 15
8 20
9 0
9 19
10 5
10 15
11 1
11 20
12 0
12 5
13 10
13 12
14 16
14 18
15 12
15 14
16 2
16 3
17 3
17 7
18 14
18 16
19 11
19 19
20 7
20 11

# solution 360
# n=21 sym=rot2 status=verified source=flammenkamp_cache/n21_rot2
# code=:89EH8GBE23GJ157A2K075FDK0IADFJ14HI694C36BC
0 8
0 9
1 14
1 17
2 8
2 16
3 11
3 14
4 2
4 3
5 16
5 19
6 1
6 5
7 7
7 10
8 2
8 20
9 0
9 7
10 5
10 15
11 13
11 20
12 0
12 18
13 10
13 13
14 15
14 19
15 1
15 4
16 17
16 18
17 6
17 9
18 4
18 12
19 3
19 6
20 11
20 12

# solution 361
# n=21 sym=rot2 status=verified source=flammenkamp_cache/n21_rot2
# code=:8B8GGH6J3B7JFI7A06IK5F02EKAD251D9H1E344C9C
0 8
0 11
1 8
1 16
2 16
2 17
3 6
3 19
4 3
4 11
5 7
5 19
6 15
6 18
7 7
7 10
8 0
8 6
9 18
9 20
10 5
10 15
11 0
11 2
12 14
12 20
13 10
13 13
14 2
14 5
15 1
15 13
16 9
16 17
17 1
17 14
18 3
18 4
19 4
19 12
20 9
20 12

# solution 362
# n=21 sym=rot2 status=verified source=flammenkamp_cache/n21_rot2
# code=:8E58EG7J3BBG137A02IK5F02IKADHJ499H1D46CF6C
0 8
0 14
1 5
1 8
2 14
2 16
3 7
3 19
4 3
4 11
5 11
5 16
6 1
6 3
7 7
7 10
8 0
8 2
9 18
9 20
10 5
10 15
11 0
11 2
12 18
12 20
13 10
13 13
14 17
14 19
15 4
15 9
16 9
16 17
17 1
17 13
18 4
18 6
19 12
19 15
20 6
20 12

# solution 363
# n=21 sym=rot2 status=verified source=flammenkamp_cache/n21_rot2
# code=:9E588E793IGIGJ7A03JK5F01HKAD14242HBD6CCF6B
0 9
0 14
1 5
1 8
2 8
2 14
3 7
3 9
4 3
4 18
5 16
5 18
6 16
6 19
7 7
7 10
8 0
8 3
9 19
9 20
10 5
10 15
11 0
11 1
12 17
12 20
13 10
13 13
14 1
14 4
15 2
15 4
16 2
16 17
17 11
17 13
18 6
18 12
19 12
19 15
20 6
20 11

# solution 364
# n=21 sym=rot2 status=verified source=flammenkamp_cache/n21_rot2
# code=:479C24CIEH9D031A6F0J5F1K5EAJHK7B3628GI8BDG
0 4
0 7
1 9
1 12
2 2
2 4
3 12
3 18
4 14
4 17
5 9
5 13
6 0
6 3
7 1
7 10
8 6
8 15
9 0
9 19
10 5
10 15
11 1
11 20
12 5
12 14
13 10
13 19
14 17
14 20
15 7
15 11
16 3
16 6
17 2
17 8
18 16
18 18
19 8
19 11
20 13
20 16

# solution 365
# n=21 sym=rot2 status=verified source=flammenkamp_cache/n21_rot2
# code=:7E48EIBF3I370JAC49015FJKBG8A1KDH2H5926CG6D
0 7
0 14
1 4
1 8
2 14
2 18
3 11
3 15
4 3
4 18
5 3
5 7
6 0
6 19
7 10
7 12
8 4
8 9
9 0
9 1
10 5
10 15
11 19
11 20
12 11
12 16
13 8
13 10
14 1
14 20
15 13
15 17
16 2
16 17
17 5
17 9
18 2
18 6
19 12
19 16
20 6
20 13

# solution 366
# n=21 sym=rot2 status=verified source=flammenkamp_cache/n21_rot2
# code=:6C39BF7G8E3J0G2A7J025FIK1DAI4K1H6C4D59BH8E
0 6
0 12
1 3
1 9
2 11
2 15
3 7
3 16
4 8
4 14
5 3
5 19
6 0
6 16
7 2
7 10
8 7
8 19
9 0
9 2
10 5
10 15
11 18
11 20
12 1
12 13
13 10
13 18
14 4
14 20
15 1
15 17
16 6
16 12
17 4
17 13
18 5
18 9
19 11
19 17
20 8
20 14

# solution 367
# n=21 sym=rot2 status=verified source=flammenkamp_cache/n21_rot2
# code=:6C8DBF2I369D0G3AGJ0J5F1K14AH4K7BEH2I597C8E
0 6
0 12
1 8
1 13
2 11
2 15
3 2
3 18
4 3
4 6
5 9
5 13
6 0
6 16
7 3
7 10
8 16
8 19
9 0
9 19
10 5
10 15
11 1
11 20
12 1
12 4
13 10
13 17
14 4
14 20
15 7
15 11
16 14
16 17
17 2
17 18
18 5
18 9
19 7
19 12
20 8
20 14

# solution 368
# n=21 sym=rot2 status=verified source=flammenkamp_cache/n21_rot2
# code=:8BHJEG273BCE0F7A24JK5F01GIAD5K689HDI46139C
0 8
0 11
1 17
1 19
2 14
2 16
3 2
3 7
4 3
4 11
5 12
5 14
6 0
6 15
7 7
7 10
8 2
8 4
9 19
9 20
10 5
10 15
11 0
11 1
12 16
12 18
13 10
13 13
14 5
14 20
15 6
15 8
16 9
16 17
17 13
17 18
18 4
18 6
19 1
19 3
20 9
20 12

# solution 369
# n=21 sym=rot2 status=verified source=flammenkamp_cache/n21_rot2
# code=:89DF8E49EHIK247A13JK5F01HJADGI0236BG6C57BC
0 8
0 9
1 13
1 15
2 8
2 14
3 4
3 9
4 14
4 17
5 18
5 20
6 2
6 4
7 7
7 10
8 1
8 3
9 19
9 20
10 5
10 15
11 0
11 1
12 17
12 19
13 10
13 13
14 16
14 18
15 0
15 2
16 3
16 6
17 11
17 16
18 6
18 12
19 5
19 7
20 11
20 12

# solution 370
# n=21 sym=rot2 status=verified source=flammenkamp_cache/n21_rot2
# code=:7E5B4C2HCDHK146A129K5F0BIJAEGJ03783I8G9F6D
0 7
0 14
1 5
1 11
2 4
2 12
3 2
3 17
4 12
4 13
5 17
5 20
6 1
6 4
7 6
7 10
8 1
8 2
9 9
9 20
10 5
10 15
11 0
11 11
12 18
12 19
13 10
13 14
14 16
14 19
15 0
15 3
16 7
16 8
17 3
17 18
18 8
18 16
19 9
19 15
20 6
20 13

# solution 371
# n=21 sym=rot2 status=verified source=flammenkamp_cache/n21_rot2
# code=:38DI89DI061HEG9AFJ045FGK15AB463JEK27BC27CH
0 3
0 8
1 13
1 18
2 8
2 9
3 13
3 18
4 0
4 6
5 1
5 17
6 14
6 16
7 9
7 10
8 15
8 19
9 0
9 4
10 5
10 15
11 16
11 20
12 1
12 5
13 10
13 11
14 4
14 6
15 3
15 19
16 14
16 20
17 2
17 7
18 11
18 12
19 2
19 7
20 12
20 17

# solution 372
# n=21 sym=rot2 status=verified source=flammenkamp_cache/n21_rot2
# code=:683IBG798KEI147A15HK5F03FJADGJ260CBD492HCE
0 6
0 8
1 3
1 18
2 11
2 16
3 7
3 9
4 8
4 20
5 14
5 18
6 1
6 4
7 7
7 10
8 1
8 5
9 17
9 20
10 5
10 15
11 0
11 3
12 15
12 19
13 10
13 13
14 16
14 19
15 2
15 6
16 0
16 12
17 11
17 13
18 4
18 9
19 2
19 17
20 12
20 14

# solution 373
# n=21 sym=rot2 status=verified source=flammenkamp_cache/n21_rot2
# code=:DE784I340CBH1JAF690I5F2KBE5A1J398KGH2GCD67
0 13
0 14
1 7
1 8
2 4
2 18
3 3
3 4
4 0
4 12
5 11
5 17
6 1
6 19
7 10
7 15
8 6
8 9
9 0
9 18
10 5
10 15
11 2
11 20
12 11
12 14
13 5
13 10
14 1
14 19
15 3
15 9
16 8
16 20
17 16
17 17
18 2
18 16
19 12
19 13
20 6
20 7

# solution 374
# n=21 sym=rot2 status=verified source=flammenkamp_cache/n21_rot2
# code=:DE38BD2501GH2GAE89015FJKBC6A4I34JKFI79CH67
0 13
0 14
1 3
1 8
2 11
2 13
3 2
3 5
4 0
4 1
5 16
5 17
6 2
6 16
7 10
7 14
8 8
8 9
9 0
9 1
10 5
10 15
11 19
11 20
12 11
12 12
13 6
13 10
14 4
14 18
15 3
15 4
16 19
16 20
17 15
17 18
18 7
18 9
19 12
19 17
20 6
20 7

# solution 375
# n=21 sym=rot2 status=verified source=flammenkamp_cache/n21_rot2
# code=:899ECF4JEK1G237A2D3K5F0H7IADHI4J061G586BBC
0 8
0 9
1 9
1 14
2 12
2 15
3 4
3 19
4 14
4 20
5 1
5 16
6 2
6 3
7 7
7 10
8 2
8 13
9 3
9 20
10 5
10 15
11 0
11 17
12 7
12 18
13 10
13 13
14 17
14 18
15 4
15 19
16 0
16 6
17 1
17 16
18 5
18 8
19 6
19 11
20 11
20 12

# solution 376
# n=21 sym=rot2 status=verified source=flammenkamp_cache/n21_rot2
# code=:BC369G7J23CGEJ7A2K055FFK0IAD1648HI1D4BEH89
0 11
0 12
1 3
1 6
2 9
2 16
3 7
3 19
4 2
4 3
5 12
5 16
6 14
6 19
7 7
7 10
8 2
8 20
9 0
9 5
10 5
10 15
11 15
11 20
12 0
12 18
13 10
13 13
14 1
14 6
15 4
15 8
16 17
16 18
17 1
17 13
18 4
18 11
19 14
19 17
20 8
20 9

# solution 377
# n=21 sym=rot2 status=verified source=flammenkamp_cache/n21_rot2
# code=:6I9C89DG2E4J157AHK0H5F3K03ADFJ1G6I47BC8B2E
0 6
0 18
1 9
1 12
2 8
2 9
3 13
3 16
4 2
4 14
5 4
5 19
6 1
6 5
7 7
7 10
8 17
8 20
9 0
9 17
10 5
10 15
11 3
11 20
12 0
12 3
13 10
13 13
14 15
14 19
15 1
15 16
16 6
16 18
17 4
17 7
18 11
18 12
19 8
19 11
20 2
20 14

# solution 378
# n=21 sym=rot2 status=verified source=flammenkamp_cache/n21_rot2
# code=:463BCE471HCDFJ9A02IK5F02IKAB15783JDG689HEG
0 4
0 6
1 3
1 11
2 12
2 14
3 4
3 7
4 1
4 17
5 12
5 13
6 15
6 19
7 9
7 10
8 0
8 2
9 18
9 20
10 5
10 15
11 0
11 2
12 18
12 20
13 10
13 11
14 1
14 5
15 7
15 8
16 3
16 19
17 13
17 16
18 6
18 8
19 9
19 17
20 14
20 16

# solution 379
# n=21 sym=rot2 status=verified source=flammenkamp_cache/n21_rot2
# code=:9G698HDH2D68025A1JGK5F041JAFIKCE7I373CBE4B
0 9
0 16
1 6
1 9
2 8
2 17
3 13
3 17
4 2
4 13
5 6
5 8
6 0
6 2
7 5
7 10
8 1
8 19
9 16
9 20
10 5
10 15
11 0
11 4
12 1
12 19
13 10
13 15
14 18
14 20
15 12
15 14
16 7
16 18
17 3
17 7
18 3
18 12
19 11
19 14
20 4
20 11

# solution 380
# n=21 sym=rot2 status=verified source=flammenkamp_cache/n21_rot2
# code=:796C8B37EG3I025A1GJK5F014JAFIK2H46DH9C8EBD
0 7
0 9
1 6
1 12
2 8
2 11
3 3
3 7
4 14
4 16
5 3
5 18
6 0
6 2
7 5
7 10
8 1
8 16
9 19
9 20
10 5
10 15
11 0
11 1
12 4
12 19
13 10
13 15
14 18
14 20
15 2
15 17
16 4
16 6
17 13
17 17
18 9
18 12
19 8
19 14
20 11
20 13

# solution 381
# n=21 sym=rot2 status=verified source=flammenkamp_cache/n21_rot2
# code=:6C699D252DGHGK1A180H5F3KCJAJ04347IFI7BBE8E
0 6
0 12
1 6
1 9
2 9
2 13
3 2
3 5
4 2
4 13
5 16
5 17
6 16
6 20
7 1
7 10
8 1
8 8
9 0
9 17
10 5
10 15
11 3
11 20
12 12
12 19
13 10
13 19
14 0
14 4
15 3
15 4
16 7
16 18
17 15
17 18
18 7
18 11
19 11
19 14
20 8
20 14

# solution 382
# n=21 sym=rot2 status=verified source=flammenkamp_cache/n21_rot2
# code=:6C8DBF2I369D0G3AGJJK5F0114AH4K7BEH2I597C8E
0 6
0 12
1 8
1 13
2 11
2 15
3 2
3 18
4 3
4 6
5 9
5 13
6 0
6 16
7 3
7 10
8 16
8 19
9 19
9 20
10 5
10 15
11 0
11 1
12 1
12 4
13 10
13 17
14 4
14 20
15 7
15 11
16 14
16 17
17 2
17 18
18 5
18 9
19 7
19 12
20 8
20 14

# solution 383
# n=21 sym=rot2 status=verified source=flammenkamp_cache/n21_rot2
# code=:489E247DHJ8BFK1A36IK5F02EHAJ059C137DGI6BCG
0 4
0 8
1 9
1 14
2 2
2 4
3 7
3 13
4 17
4 19
5 8
5 11
6 15
6 20
7 1
7 10
8 3
8 6
9 18
9 20
10 5
10 15
11 0
11 2
12 14
12 17
13 10
13 19
14 0
14 5
15 9
15 12
16 1
16 3
17 7
17 13
18 16
18 18
19 6
19 11
20 12
20 16

# solution 384
# n=21 sym=rot2 status=verified source=flammenkamp_cache/n21_rot2
# code=:CD6D589H261G2KAH19GK5F04BJ3A0I4JEI3BCF7E78
0 12
0 13
1 6
1 13
2 5
2 8
3 9
3 17
4 2
4 6
5 1
5 16
6 2
6 20
7 10
7 17
8 1
8 9
9 16
9 20
10 5
10 15
11 0
11 4
12 11
12 19
13 3
13 10
14 0
14 18
15 4
15 19
16 14
16 18
17 3
17 11
18 12
18 15
19 7
19 14
20 7
20 8

# solution 385
# n=21 sym=rot2 status=verified source=flammenkamp_cache/n21_rot2
# code=:EJ9D3F792803GIAE8J0G5F4K1C6A24HKCIBD5H7B16
0 14
0 19
1 9
1 13
2 3
2 15
3 7
3 9
4 2
4 8
5 0
5 3
6 16
6 18
7 10
7 14
8 8
8 19
9 0
9 16
10 5
10 15
11 4
11 20
12 1
12 12
13 6
13 10
14 2
14 4
15 17
15 20
16 12
16 18
17 11
17 13
18 5
18 17
19 7
19 11
20 1
20 6

# solution 386
# n=21 sym=rot2 status=verified source=flammenkamp_cache/n21_rot2
# code=:DE5H289H6CGK174A9IJK5F012BAGDJ048E3BCI3F67
0 13
0 14
1 5
1 17
2 2
2 8
3 9
3 17
4 6
4 12
5 16
5 20
6 1
6 7
7 4
7 10
8 9
8 18
9 19
9 20
10 5
10 15
11 0
11 1
12 2
12 11
13 10
13 16
14 13
14 19
15 0
15 4
16 8
16 14
17 3
17 11
18 12
18 18
19 3
19 15
20 6
20 7

# solution 387
# n=21 sym=rot2 status=verified source=flammenkamp_cache/n21_rot2
# code=:7C7B58BG06IJ2G6A13HK5F03HJAE4I12EK49CF9D8D
0 7
0 12
1 7
1 11
2 5
2 8
3 11
3 16
4 0
4 6
5 18
5 19
6 2
6 16
7 6
7 10
8 1
8 3
9 17
9 20
10 5
10 15
11 0
11 3
12 17
12 19
13 10
13 14
14 4
14 18
15 1
15 2
16 14
16 20
17 4
17 9
18 12
18 15
19 9
19 13
20 8
20 13

# solution 388
# n=21 sym=rot2 status=verified source=flammenkamp_cache/n21_rot2
# code=:DE9F28BI08363GAG7JJK5F011D4A4HEHCK29CI5B67
0 13
0 14
1 9
1 15
2 2
2 8
3 11
3 18
4 0
4 8
5 3
5 6
6 3
6 16
7 10
7 16
8 7
8 19
9 19
9 20
10 5
10 15
11 0
11 1
12 1
12 13
13 4
13 10
14 4
14 17
15 14
15 17
16 12
16 20
17 2
17 9
18 12
18 18
19 5
19 11
20 6
20 7

# solution 389
# n=21 sym=rot2 status=verified source=flammenkamp_cache/n21_rot2
# code=:6D9F4G9I086C3IAJ17HK5F03DJ1A2H8ECK2B4G5B7E
0 6
0 13
1 9
1 15
2 4
2 16
3 9
3 18
4 0
4 8
5 6
5 12
6 3
6 18
7 10
7 19
8 1
8 7
9 17
9 20
10 5
10 15
11 0
11 3
12 13
12 19
13 1
13 10
14 2
14 17
15 8
15 14
16 12
16 20
17 2
17 11
18 4
18 16
19 5
19 11
20 7
20 14

# solution 390
# n=21 sym=rot2 status=verified source=flammenkamp_cache/n21_rot2
# code=:9CDH46HK19DG25AE28015FJKCI6AFI47BJ03EG378B
0 9
0 12
1 13
1 17
2 4
2 6
3 17
3 20
4 1
4 9
5 13
5 16
6 2
6 5
7 10
7 14
8 2
8 8
9 0
9 1
10 5
10 15
11 19
11 20
12 12
12 18
13 6
13 10
14 15
14 18
15 4
15 7
16 11
16 19
17 0
17 3
18 14
18 16
19 3
19 7
20 8
20 11

# solution 391
# n=21 sym=rot2 status=verified source=flammenkamp_cache/n21_rot2
# code=:8D6F8B03GI6724AJ9HJK5F013B1AGIDE24HK9C5E7C
0 8
0 13
1 6
1 15
2 8
2 11
3 0
3 3
4 16
4 18
5 6
5 7
6 2
6 4
7 10
7 19
8 9
8 17
9 19
9 20
10 5
10 15
11 0
11 1
12 3
12 11
13 1
13 10
14 16
14 18
15 13
15 14
16 2
16 4
17 17
17 20
18 9
18 12
19 5
19 14
20 7
20 12

# solution 392
# n=21 sym=rot2 status=verified source=flammenkamp_cache/n21_rot2
# code=:4I9D3B568EGI0K8ADJ135FHJ17AC0K246CEF9H7B2G
0 4
0 18
1 9
1 13
2 3
2 11
3 5
3 6
4 8
4 14
5 16
5 18
6 0
6 20
7 8
7 10
8 13
8 19
9 1
9 3
10 5
10 15
11 17
11 19
12 1
12 7
13 10
13 12
14 0
14 20
15 2
15 4
16 6
16 12
17 14
17 15
18 9
18 17
19 7
19 11
20 2
20 16

# solution 393
# n=21 sym=rot2 status=verified source=flammenkamp_cache/n21_rot2
# code=:269FBH468DDG0K8A132J5F1IHJAC0K477CEG395BEI
0 2
0 6
1 9
1 15
2 11
2 17
3 4
3 6
4 8
4 13
5 13
5 16
6 0
6 20
7 8
7 10
8 1
8 3
9 2
9 19
10 5
10 15
11 1
11 18
12 17
12 19
13 10
13 12
14 0
14 20
15 4
15 7
16 7
16 12
17 14
17 16
18 3
18 9
19 5
19 11
20 14
20 18

# solution 394
# n=21 sym=rot2 status=verified source=flammenkamp_cache/n21_rot2
# code=:67381GBE8K7F1K4A2H9I5F2B3IAG0J5D0C694JCHDE
0 6
0 7
1 3
1 8
2 1
2 16
3 11
3 14
4 8
4 20
5 7
5 15
6 1
6 20
7 4
7 10
8 2
8 17
9 9
9 18
10 5
10 15
11 2
11 11
12 3
12 18
13 10
13 16
14 0
14 19
15 5
15 13
16 0
16 12
17 6
17 9
18 4
18 19
19 12
19 17
20 13
20 14

# solution 395
# n=21 sym=rot2 status=verified source=flammenkamp_cache/n21_rot2
# code=:7E9H8EFG0C37014A9IIJ5F122BAGJKDH8K456C3B6D
0 7
0 14
1 9
1 17
2 8
2 14
3 15
3 16
4 0
4 12
5 3
5 7
6 0
6 1
7 4
7 10
8 9
8 18
9 18
9 19
10 5
10 15
11 1
11 2
12 2
12 11
13 10
13 16
14 19
14 20
15 13
15 17
16 8
16 20
17 4
17 5
18 6
18 12
19 3
19 11
20 6
20 13

# solution 396
# n=21 sym=rot2 status=verified source=flammenkamp_cache/n21_rot2
# code=:7E9B3EFG0C3I084A7JIJ5F121DAGCK2H8K456H9B6D
0 7
0 14
1 9
1 11
2 3
2 14
3 15
3 16
4 0
4 12
5 3
5 18
6 0
6 8
7 4
7 10
8 7
8 19
9 18
9 19
10 5
10 15
11 1
11 2
12 1
12 13
13 10
13 16
14 12
14 20
15 2
15 17
16 8
16 20
17 4
17 5
18 6
18 17
19 9
19 11
20 6
20 13

# solution 397
# n=21 sym=rot2 status=verified source=flammenkamp_cache/n21_rot2
# code=:673EBC2H094D2KAG181F5F5JCJ4A0I7GBK3I896HDE
0 6
0 7
1 3
1 14
2 11
2 12
3 2
3 17
4 0
4 9
5 4
5 13
6 2
6 20
7 10
7 16
8 1
8 8
9 1
9 15
10 5
10 15
11 5
11 19
12 12
12 19
13 4
13 10
14 0
14 18
15 7
15 16
16 11
16 20
17 3
17 18
18 8
18 9
19 6
19 17
20 13
20 14

# solution 398
# n=21 sym=rot2 status=verified source=flammenkamp_cache/n21_rot2
# code=:4G8C369KEI3BFK7A1D1I5F2J7JAD059H260BEH8C4G
0 4
0 16
1 8
1 12
2 3
2 6
3 9
3 20
4 14
4 18
5 3
5 11
6 15
6 20
7 7
7 10
8 1
8 13
9 1
9 18
10 5
10 15
11 2
11 19
12 7
12 19
13 10
13 13
14 0
14 5
15 9
15 17
16 2
16 6
17 0
17 11
18 14
18 17
19 8
19 12
20 4
20 16

# solution 399
# n=21 sym=rot2 status=verified source=flammenkamp_cache/n21_rot2
# code=:6D9G9H4602DF8K8A13IJ5F12HJAC0C57IKEG3B4B7E
0 6
0 13
1 9
1 16
2 9
2 17
3 4
3 6
4 0
4 2
5 13
5 15
6 8
6 20
7 8
7 10
8 1
8 3
9 18
9 19
10 5
10 15
11 1
11 2
12 17
12 19
13 10
13 12
14 0
14 12
15 5
15 7
16 18
16 20
17 14
17 16
18 3
18 11
19 4
19 11
20 7
20 14

# solution 400
# n=21 sym=rot2 status=verified source=flammenkamp_cache/n21_rot2
# code=:DG8BEH25068G2KAD391J5F1JBH7A0I4CEKFI369C47
0 13
0 16
1 8
1 11
2 14
2 17
3 2
3 5
4 0
4 6
5 8
5 16
6 2
6 20
7 10
7 13
8 3
8 9
9 1
9 19
10 5
10 15
11 1
11 19
12 11
12 17
13 7
13 10
14 0
14 18
15 4
15 12
16 14
16 20
17 15
17 18
18 3
18 6
19 9
19 12
20 4
20 7

# solution 401
# n=21 sym=rot2 status=verified source=flammenkamp_cache/n21_rot2
# code=:8C3F9HEI024J0E4A7J9D5F7B1DAG6K1GIK263B5H8C
0 8
0 12
1 3
1 15
2 9
2 17
3 14
3 18
4 0
4 2
5 4
5 19
6 0
6 14
7 4
7 10
8 7
8 19
9 9
9 13
10 5
10 15
11 7
11 11
12 1
12 13
13 10
13 16
14 6
14 20
15 1
15 16
16 18
16 20
17 2
17 6
18 3
18 11
19 5
19 17
20 8
20 12

# solution 402
# n=21 sym=rot2 status=verified source=flammenkamp_cache/n21_rot2
# code=:GJ5879BE038G0E7A2HIJ5F123IAD6K4CHK69BDCF14
0 16
0 19
1 5
1 8
2 7
2 9
3 11
3 14
4 0
4 3
5 8
5 16
6 0
6 14
7 7
7 10
8 2
8 17
9 18
9 19
10 5
10 15
11 1
11 2
12 3
12 18
13 10
13 13
14 6
14 20
15 4
15 12
16 17
16 20
17 6
17 9
18 11
18 13
19 12
19 15
20 1
20 4

# solution 403
# n=21 sym=rot2 status=verified source=flammenkamp_cache/n21_rot2
# code=:BC239G03CE17EKAG175I5F2FDJ4A06DJ68HK4BHI89
0 11
0 12
1 2
1 3
2 9
2 16
3 0
3 3
4 12
4 14
5 1
5 7
6 14
6 20
7 10
7 16
8 1
8 7
9 5
9 18
10 5
10 15
11 2
11 15
12 13
12 19
13 4
13 10
14 0
14 6
15 13
15 19
16 6
16 8
17 17
17 20
18 4
18 11
19 17
19 18
20 8
20 9

# solution 404
# n=21 sym=rot2 status=verified source=flammenkamp_cache/n21_rot2
# code=:689B34048DHJFK2A1E275FDI6JAI05137CGKGH9BCE
0 6
0 8
1 9
1 11
2 3
2 4
3 0
3 4
4 8
4 13
5 17
5 19
6 15
6 20
7 2
7 10
8 1
8 14
9 2
9 7
10 5
10 15
11 13
11 18
12 6
12 19
13 10
13 18
14 0
14 5
15 1
15 3
16 7
16 12
17 16
17 20
18 16
18 17
19 9
19 11
20 12
20 14

# solution 405
# n=21 sym=rot2 status=verified source=flammenkamp_cache/n21_rot2
# code=:8B398E0G0E47IJ7AFJ235FHI15AD12DG6K4K6CBH9C
0 8
0 11
1 3
1 9
2 8
2 14
3 0
3 16
4 0
4 14
5 4
5 7
6 18
6 19
7 7
7 10
8 15
8 19
9 2
9 3
10 5
10 15
11 17
11 18
12 1
12 5
13 10
13 13
14 1
14 2
15 13
15 16
16 6
16 20
17 4
17 20
18 6
18 12
19 11
19 17
20 9
20 12

# solution 406
# n=21 sym=rot2 status=verified source=flammenkamp_cache/n21_rot2
# code=:68BHDH0G06BD8A24FJ2J5F1I15GIAC79EK4K3739CE
0 6
0 8
1 11
1 17
2 13
2 17
3 0
3 16
4 0
4 6
5 11
5 13
6 8
6 10
7 2
7 4
8 15
8 19
9 2
9 19
10 5
10 15
11 1
11 18
12 1
12 5
13 16
13 18
14 10
14 12
15 7
15 9
16 14
16 20
17 4
17 20
18 3
18 7
19 3
19 9
20 12
20 14

# solution 407
# n=21 sym=rot2 status=verified source=flammenkamp_cache/n21_rot2
# code=:68BDDH3G062B8A0GFJIJ5F12154KAC9IEK4H3779CE
0 6
0 8
1 11
1 13
2 13
2 17
3 3
3 16
4 0
4 6
5 2
5 11
6 8
6 10
7 0
7 16
8 15
8 19
9 18
9 19
10 5
10 15
11 1
11 2
12 1
12 5
13 4
13 20
14 10
14 12
15 9
15 18
16 14
16 20
17 4
17 17
18 3
18 7
19 7
19 9
20 12
20 14

# solution 408
# n=21 sym=rot2 status=verified source=flammenkamp_cache/n21_rot2
# code=:8EBHDH0G06BD8A24FJ2J5F1I15GIAC79EK4K37396C
0 8
0 14
1 11
1 17
2 13
2 17
3 0
3 16
4 0
4 6
5 11
5 13
6 8
6 10
7 2
7 4
8 15
8 19
9 2
9 19
10 5
10 15
11 1
11 18
12 1
12 5
13 16
13 18
14 10
14 12
15 7
15 9
16 14
16 20
17 4
17 20
18 3
18 7
19 3
19 9
20 6
20 12

# solution 409
# n=21 sym=rot2 status=verified source=flammenkamp_cache/n21_rot2
# code=:8B7F4H7B1J2E8A0KEH245FGI360KAC6I1J9D3G5D9C
0 8
0 11
1 7
1 15
2 4
2 17
3 7
3 11
4 1
4 19
5 2
5 14
6 8
6 10
7 0
7 20
8 14
8 17
9 2
9 4
10 5
10 15
11 16
11 18
12 3
12 6
13 0
13 20
14 10
14 12
15 6
15 18
16 1
16 19
17 9
17 13
18 3
18 16
19 5
19 13
20 9
20 12

# solution 410
# n=21 sym=rot2 status=verified source=flammenkamp_cache/n21_rot2
# code=:3DFI894IGJ8AJK05369D6E7BEHFK01AC142GBC257H
0 3
0 13
1 15
1 18
2 8
2 9
3 4
3 18
4 16
4 19
5 8
5 10
6 19
6 20
7 0
7 5
8 3
8 6
9 9
9 13
10 6
10 14
11 7
11 11
12 14
12 17
13 15
13 20
14 0
14 1
15 10
15 12
16 1
16 4
17 2
17 16
18 11
18 12
19 2
19 5
20 7
20 17

# solution 411
# n=21 sym=rot2 status=verified source=flammenkamp_cache/n21_rot2
# code=:8GEH49783JEIAD15IK095FBK02FJ7A261HCDBG364C
0 8
0 16
1 14
1 17
2 4
2 9
3 7
3 8
4 3
4 19
5 14
5 18
6 10
6 13
7 1
7 5
8 18
8 20
9 0
9 9
10 5
10 15
11 11
11 20
12 0
12 2
13 15
13 19
14 7
14 10
15 2
15 6
16 1
16 17
17 12
17 13
18 11
18 16
19 3
19 6
20 4
20 12

# solution 412
# n=21 sym=rot2 status=verified source=flammenkamp_cache/n21_rot2
# code=:FH4D08EIEH8J7A0J249B5F9BGI1KAD1C3626CK7G35
0 15
0 17
1 4
1 13
2 0
2 8
3 14
3 18
4 14
4 17
5 8
5 19
6 7
6 10
7 0
7 19
8 2
8 4
9 9
9 11
10 5
10 15
11 9
11 11
12 16
12 18
13 1
13 20
14 10
14 13
15 1
15 12
16 3
16 6
17 2
17 6
18 12
18 20
19 7
19 16
20 3
20 5

# solution 413
# n=21 sym=rot2 status=verified source=flammenkamp_cache/n21_rot2
# code=:15BH8D0B16GIADGK683I5F2HCE047A24EJ9K7C39FJ
0 1
0 5
1 11
1 17
2 8
2 13
3 0
3 11
4 1
4 6
5 16
5 18
6 10
6 13
7 16
7 20
8 6
8 8
9 3
9 18
10 5
10 15
11 2
11 17
12 12
12 14
13 0
13 4
14 7
14 10
15 2
15 4
16 14
16 19
17 9
17 20
18 7
18 12
19 3
19 9
20 15
20 19

# solution 414
# n=21 sym=rot2 status=verified source=flammenkamp_cache/n21_rot2
# code=:9D484HCE136IAD1F029K5F0BIK5J7A2EHJ683GCG7B
0 9
0 13
1 4
1 8
2 4
2 17
3 12
3 14
4 1
4 3
5 6
5 18
6 10
6 13
7 1
7 15
8 0
8 2
9 9
9 20
10 5
10 15
11 0
11 11
12 18
12 20
13 5
13 19
14 7
14 10
15 2
15 14
16 17
16 19
17 6
17 8
18 3
18 16
19 12
19 16
20 7
20 11

# solution 415
# n=21 sym=rot2 status=verified source=flammenkamp_cache/n21_rot2
# code=:8958DGEH1J367A042K9I5F2B0IGKADEH1J3647CFBC
0 8
0 9
1 5
1 8
2 13
2 16
3 14
3 17
4 1
4 19
5 3
5 6
6 7
6 10
7 0
7 4
8 2
8 20
9 9
9 18
10 5
10 15
11 2
11 11
12 0
12 18
13 16
13 20
14 10
14 13
15 14
15 17
16 1
16 19
17 3
17 6
18 4
18 7
19 12
19 15
20 11
20 12

# solution 416
# n=21 sym=rot2 status=verified source=flammenkamp_cache/n21_rot2
# code=:28BF78EG3734AE0JJK9I5F2B011K6AGHDH46CD59CI
0 2
0 8
1 11
1 15
2 7
2 8
3 14
3 16
4 3
4 7
5 3
5 4
6 10
6 14
7 0
7 19
8 19
8 20
9 9
9 18
10 5
10 15
11 2
11 11
12 0
12 1
13 1
13 20
14 6
14 10
15 16
15 17
16 13
16 17
17 4
17 6
18 12
18 13
19 5
19 9
20 12
20 18

# solution 417
# n=21 sym=rot2 status=verified source=flammenkamp_cache/n21_rot2
# code=:39CD3GBE0I6IAF0D18145FGJCJ7K5A2E2K694H78BH
0 3
0 9
1 12
1 13
2 3
2 16
3 11
3 14
4 0
4 18
5 6
5 18
6 10
6 15
7 0
7 13
8 1
8 8
9 1
9 4
10 5
10 15
11 16
11 19
12 12
12 19
13 7
13 20
14 5
14 10
15 2
15 14
16 2
16 20
17 6
17 9
18 4
18 17
19 7
19 8
20 11
20 17

# solution 418
# n=21 sym=rot2 status=verified source=flammenkamp_cache/n21_rot2
# code=:397C3GBE0I6IAF0D18145FGJCJ7K5A2E2K694H8DBH
0 3
0 9
1 7
1 12
2 3
2 16
3 11
3 14
4 0
4 18
5 6
5 18
6 10
6 15
7 0
7 13
8 1
8 8
9 1
9 4
10 5
10 15
11 16
11 19
12 12
12 19
13 7
13 20
14 5
14 10
15 2
15 14
16 2
16 20
17 6
17 9
18 4
18 17
19 8
19 13
20 11
20 17

# solution 419
# n=21 sym=rot2 status=verified source=flammenkamp_cache/n21_rot2
# code=:BCDI4B6K6ICKAG373JFJ5F151HDH4A082E0E9G2789
0 11
0 12
1 13
1 18
2 4
2 11
3 6
3 20
4 6
4 18
5 12
5 20
6 10
6 16
7 3
7 7
8 3
8 19
9 15
9 19
10 5
10 15
11 1
11 5
12 1
12 17
13 13
13 17
14 4
14 10
15 0
15 8
16 2
16 14
17 0
17 14
18 9
18 16
19 2
19 7
20 8
20 9

# solution 420
# n=21 sym=rot2 status=verified source=flammenkamp_cache/n21_rot2
# code=:8BDI4B6K6ICKAG373JFJ5F151HDH4A082E0E9G279C
0 8
0 11
1 13
1 18
2 4
2 11
3 6
3 20
4 6
4 18
5 12
5 20
6 10
6 16
7 3
7 7
8 3
8 19
9 15
9 19
10 5
10 15
11 1
11 5
12 1
12 17
13 13
13 17
14 4
14 10
15 0
15 8
16 2
16 14
17 0
17 14
18 9
18 16
19 2
19 7
20 9
20 12

# solution 421
# n=21 sym=rot2 status=verified source=flammenkamp_cache/n21_rot2
# code=:BC7I4B2K36CEAG073JFJ5F151HDK4A68EH0I9G2D89
0 11
0 12
1 7
1 18
2 4
2 11
3 2
3 20
4 3
4 6
5 12
5 14
6 10
6 16
7 0
7 7
8 3
8 19
9 15
9 19
10 5
10 15
11 1
11 5
12 1
12 17
13 13
13 20
14 4
14 10
15 6
15 8
16 14
16 17
17 0
17 18
18 9
18 16
19 2
19 13
20 8
20 9

# solution 422
# n=21 sym=rot2 status=verified source=flammenkamp_cache/n21_rot2
# code=:5GBD8D6I134CAH0KEI195FBJ260K3A8GHJ2E7C794F
0 5
0 16
1 11
1 13
2 8
2 13
3 6
3 18
4 1
4 3
5 4
5 12
6 10
6 17
7 0
7 20
8 14
8 18
9 1
9 9
10 5
10 15
11 11
11 19
12 2
12 6
13 0
13 20
14 3
14 10
15 8
15 16
16 17
16 19
17 2
17 14
18 7
18 12
19 7
19 9
20 4
20 15

# solution 423
# n=21 sym=rot2 status=verified source=flammenkamp_cache/n21_rot2
# code=:9C7B1G0G063EAHDI8F125FIJ5C273A6HEK4K4J9D8B
0 9
0 12
1 7
1 11
2 1
2 16
3 0
3 16
4 0
4 6
5 3
5 14
6 10
6 17
7 13
7 18
8 8
8 15
9 1
9 2
10 5
10 15
11 18
11 19
12 5
12 12
13 2
13 7
14 3
14 10
15 6
15 17
16 14
16 20
17 4
17 20
18 4
18 19
19 9
19 13
20 8
20 11

# solution 424
# n=21 sym=rot2 status=verified source=flammenkamp_cache/n21_rot2
# code=:8D3H8D2K1GBG2A5E1K9E5F6B0J6FAI494J0I7C3H7C
0 8
0 13
1 3
1 17
2 8
2 13
3 2
3 20
4 1
4 16
5 11
5 16
6 2
6 10
7 5
7 14
8 1
8 20
9 9
9 14
10 5
10 15
11 6
11 11
12 0
12 19
13 6
13 15
14 10
14 18
15 4
15 9
16 4
16 19
17 0
17 18
18 7
18 12
19 3
19 17
20 7
20 12

# solution 425
# n=21 sym=rot2 status=verified source=flammenkamp_cache/n21_rot2
# code=:4J793CEK792GAJ0F68235FHICE5K1A4IBD068HBD1G
0 4
0 19
1 7
1 9
2 3
2 12
3 14
3 20
4 7
4 9
5 2
5 16
6 10
6 19
7 0
7 15
8 6
8 8
9 2
9 3
10 5
10 15
11 17
11 18
12 12
12 14
13 5
13 20
14 1
14 10
15 4
15 18
16 11
16 13
17 0
17 6
18 8
18 17
19 11
19 13
20 1
20 16

# solution 426
# n=21 sym=rot2 status=verified source=flammenkamp_cache/n21_rot2
# code=:472BCH6I674CAJFK0J395FBH1K051A8GDE2E389IDG
0 4
0 7
1 2
1 11
2 12
2 17
3 6
3 18
4 6
4 7
5 4
5 12
6 10
6 19
7 15
7 20
8 0
8 19
9 3
9 9
10 5
10 15
11 11
11 17
12 1
12 20
13 0
13 5
14 1
14 10
15 8
15 16
16 13
16 14
17 2
17 14
18 3
18 8
19 9
19 18
20 13
20 16

# solution 427
# n=21 sym=rot2 status=verified source=flammenkamp_cache/n21_rot2
# code=:494HCJDE5H681ADK2K295FBI0I07AJCE3F67183GBG
0 4
0 9
1 4
1 17
2 12
2 19
3 13
3 14
4 5
4 17
5 6
5 8
6 1
6 10
7 13
7 20
8 2
8 20
9 2
9 9
10 5
10 15
11 11
11 18
12 0
12 18
13 0
13 7
14 10
14 19
15 12
15 14
16 3
16 15
17 6
17 7
18 1
18 8
19 3
19 16
20 11
20 16

# solution 428
# n=21 sym=rot2 status=verified source=flammenkamp_cache/n21_rot2
# code=:8E4D9H12DH681A0K249F5F5BGI0KAJCE37IJ3B7G6C
0 8
0 14
1 4
1 13
2 9
2 17
3 1
3 2
4 13
4 17
5 6
5 8
6 1
6 10
7 0
7 20
8 2
8 4
9 9
9 15
10 5
10 15
11 5
11 11
12 16
12 18
13 0
13 20
14 10
14 19
15 12
15 14
16 3
16 7
17 18
17 19
18 3
18 11
19 7
19 16
20 6
20 12

# solution 429
# n=21 sym=rot2 status=verified source=flammenkamp_cache/n21_rot2
# code=:6B683GBG58HJAJ7D0K2I5F2I0K7D1A13CF494HCE9E
0 6
0 11
1 6
1 8
2 3
2 16
3 11
3 16
4 5
4 8
5 17
5 19
6 10
6 19
7 7
7 13
8 0
8 20
9 2
9 18
10 5
10 15
11 2
11 18
12 0
12 20
13 7
13 13
14 1
14 10
15 1
15 3
16 12
16 15
17 4
17 9
18 4
18 17
19 12
19 14
20 9
20 14

# solution 430
# n=21 sym=rot2 status=verified source=flammenkamp_cache/n21_rot2
# code=:8GBD8H26DFHI1A06149K5F0BGJEKAJ2357EI3C794C
0 8
0 16
1 11
1 13
2 8
2 17
3 2
3 6
4 13
4 15
5 17
5 18
6 1
6 10
7 0
7 6
8 1
8 4
9 9
9 20
10 5
10 15
11 0
11 11
12 16
12 19
13 14
13 20
14 10
14 19
15 2
15 3
16 5
16 7
17 14
17 18
18 3
18 12
19 7
19 9
20 4
20 12

# solution 431
# n=21 sym=rot2 status=verified source=flammenkamp_cache/n21_rot2
# code=:8G7B8H26DFHI1A06149K5F0BGJEKAJ2357EI3C9D4C
0 8
0 16
1 7
1 11
2 8
2 17
3 2
3 6
4 13
4 15
5 17
5 18
6 1
6 10
7 0
7 6
8 1
8 4
9 9
9 20
10 5
10 15
11 0
11 11
12 16
12 19
13 14
13 20
14 10
14 19
15 2
15 3
16 5
16 7
17 14
17 18
18 3
18 12
19 9
19 13
20 4
20 12

# solution 432
# n=21 sym=rot2 status=verified source=flammenkamp_cache/n21_rot2
# code=:BF8F361J6CAI370DIK494GBG027KDH2A8E1JEH5C59
0 11
0 15
1 8
1 15
2 3
2 6
3 1
3 19
4 6
4 12
5 10
5 18
6 3
6 7
7 0
7 13
8 18
8 20
9 4
9 9
10 4
10 16
11 11
11 16
12 0
12 2
13 7
13 20
14 13
14 17
15 2
15 10
16 8
16 14
17 1
17 19
18 14
18 17
19 5
19 12
20 5
20 9

# solution 433
# n=21 sym=rot2 status=verified source=flammenkamp_cache/n21_rot2
# code=:6D9F49HKAD2H6I8C4J1K5F0J1G8C2E3I7A03BG5B7E
0 6
0 13
1 9
1 15
2 4
2 9
3 17
3 20
4 10
4 13
5 2
5 17
6 6
6 18
7 8
7 12
8 4
8 19
9 1
9 20
10 5
10 15
11 0
11 19
12 1
12 16
13 8
13 12
14 2
14 14
15 3
15 18
16 7
16 10
17 0
17 3
18 11
18 16
19 5
19 11
20 7
20 14

# solution 434
# n=21 sym=rot2 status=verified source=flammenkamp_cache/n21_rot2
# code=:7H8C3I6JDFAE495K0I9J4G1B2K0FBG6A571E2H8C3D
0 7
0 17
1 8
1 12
2 3
2 18
3 6
3 19
4 13
4 15
5 10
5 14
6 4
6 9
7 5
7 20
8 0
8 18
9 9
9 19
10 4
10 16
11 1
11 11
12 2
12 20
13 0
13 15
14 11
14 16
15 6
15 10
16 5
16 7
17 1
17 14
18 2
18 17
19 8
19 12
20 3
20 13

# solution 435
# n=21 sym=rot2 status=verified source=flammenkamp_cache/n21_rot2
# code=:8B58HIEJ37AE475K0I9J4G1B2K0FDG6ADH1623CF9C
0 8
0 11
1 5
1 8
2 17
2 18
3 14
3 19
4 3
4 7
5 10
5 14
6 4
6 7
7 5
7 20
8 0
8 18
9 9
9 19
10 4
10 16
11 1
11 11
12 2
12 20
13 0
13 15
14 13
14 16
15 6
15 10
16 13
16 17
17 1
17 6
18 2
18 3
19 12
19 15
20 9
20 12

# solution 436
# n=21 sym=rot2 status=verified source=flammenkamp_cache/n21_rot2
# code=:342D8B6CAEDJ240539JK5F01BHFKGI176A8E9C7IGH
0 3
0 4
1 2
1 13
2 8
2 11
3 6
3 12
4 10
4 14
5 13
5 19
6 2
6 4
7 0
7 5
8 3
8 9
9 19
9 20
10 5
10 15
11 0
11 1
12 11
12 17
13 15
13 20
14 16
14 18
15 1
15 7
16 6
16 10
17 8
17 14
18 9
18 12
19 7
19 18
20 16
20 17

# solution 437
# n=21 sym=rot2 status=verified source=flammenkamp_cache/n21_rot2
# code=:490345DHAE18CI7I19EK5F06BJ2D28CJ6A37FGHKBG
0 4
0 9
1 0
1 3
2 4
2 5
3 13
3 17
4 10
4 14
5 1
5 8
6 12
6 18
7 7
7 18
8 1
8 9
9 14
9 20
10 5
10 15
11 0
11 6
12 11
12 19
13 2
13 13
14 2
14 8
15 12
15 19
16 6
16 10
17 3
17 7
18 15
18 16
19 17
19 20
20 11
20 16

# solution 438
# n=21 sym=rot2 status=verified source=flammenkamp_cache/n21_rot2
# code=:8B8E3617GH2A7F0FIJ094GBK125K5DAI34DJEH6C9C
0 8
0 11
1 8
1 14
2 3
2 6
3 1
3 7
4 16
4 17
5 2
5 10
6 7
6 15
7 0
7 15
8 18
8 19
9 0
9 9
10 4
10 16
11 11
11 20
12 1
12 2
13 5
13 20
14 5
14 13
15 10
15 18
16 3
16 4
17 13
17 19
18 14
18 17
19 6
19 12
20 9
20 12

# solution 439
# n=21 sym=rot2 status=verified source=flammenkamp_cache/n21_rot2
# code=:782EFG07AGEJ389B23JK5F01HI9BCH164ADK456ICD
0 7
0 8
1 2
1 14
2 15
2 16
3 0
3 7
4 10
4 16
5 14
5 19
6 3
6 8
7 9
7 11
8 2
8 3
9 19
9 20
10 5
10 15
11 0
11 1
12 17
12 18
13 9
13 11
14 12
14 17
15 1
15 6
16 4
16 10
17 13
17 20
18 4
18 5
19 6
19 18
20 12
20 13

# solution 440
# n=21 sym=rot2 status=verified source=flammenkamp_cache/n21_rot2
# code=:CD8FGJ162H9A2H0D5K9E4G6B0F7K3IAB3IEJ145C78
0 12
0 13
1 8
1 15
2 16
2 19
3 1
3 6
4 2
4 17
5 9
5 10
6 2
6 17
7 0
7 13
8 5
8 20
9 9
9 14
10 4
10 16
11 6
11 11
12 0
12 15
13 7
13 20
14 3
14 18
15 10
15 11
16 3
16 18
17 14
17 19
18 1
18 4
19 5
19 12
20 7
20 8

# solution 441
# n=21 sym=rot2 status=verified source=flammenkamp_cache/n21_rot2
# code=:CD8F1G162H9A2H0D5K9E4G6B0F7K3IAB3IEJ4J5C78
0 12
0 13
1 8
1 15
2 1
2 16
3 1
3 6
4 2
4 17
5 9
5 10
6 2
6 17
7 0
7 13
8 5
8 20
9 9
9 14
10 4
10 16
11 6
11 11
12 0
12 15
13 7
13 20
14 3
14 18
15 10
15 11
16 3
16 18
17 14
17 19
18 4
18 19
19 5
19 12
20 7
20 8

# solution 442
# n=21 sym=rot2 status=verified source=flammenkamp_cache/n21_rot2
# code=:8945EICE1F3A17HKIK9D4G7B0203DJAH5J6826FGBC
0 8
0 9
1 4
1 5
2 14
2 18
3 12
3 14
4 1
4 15
5 3
5 10
6 1
6 7
7 17
7 20
8 18
8 20
9 9
9 13
10 4
10 16
11 7
11 11
12 0
12 2
13 0
13 3
14 13
14 19
15 10
15 17
16 5
16 19
17 6
17 8
18 2
18 6
19 15
19 16
20 11
20 12

# solution 443
# n=21 sym=rot2 status=verified source=flammenkamp_cache/n21_rot2
# code=:4CDE5H9A248J2KDH190E5F6KBJ370I1CGIAB3F678G
0 4
0 12
1 13
1 14
2 5
2 17
3 9
3 10
4 2
4 4
5 8
5 19
6 2
6 20
7 13
7 17
8 1
8 9
9 0
9 14
10 5
10 15
11 6
11 20
12 11
12 19
13 3
13 7
14 0
14 18
15 1
15 12
16 16
16 18
17 10
17 11
18 3
18 15
19 6
19 7
20 8
20 16

# solution 444
# n=21 sym=rot2 status=verified source=flammenkamp_cache/n21_rot2
# code=:4CDE5H9A248J2KDH19EK5F06BJ370I1CGIAB3F678G
0 4
0 12
1 13
1 14
2 5
2 17
3 9
3 10
4 2
4 4
5 8
5 19
6 2
6 20
7 13
7 17
8 1
8 9
9 14
9 20
10 5
10 15
11 0
11 6
12 11
12 19
13 3
13 7
14 0
14 18
15 1
15 12
16 16
16 18
17 10
17 11
18 3
18 15
19 6
19 7
20 8
20 16

# solution 445
# n=21 sym=rot2 status=verified source=flammenkamp_cache/n21_rot2
# code=:7BGI784J2J6AEF9F8K033HHK0C5B56AE1I1GCD249D
0 7
0 11
1 16
1 18
2 7
2 8
3 4
3 19
4 2
4 19
5 6
5 10
6 14
6 15
7 9
7 15
8 8
8 20
9 0
9 3
10 3
10 17
11 17
11 20
12 0
12 12
13 5
13 11
14 5
14 6
15 10
15 14
16 1
16 18
17 1
17 16
18 12
18 13
19 2
19 4
20 9
20 13

# solution 446
# n=21 sym=rot2 status=verified source=flammenkamp_cache/n21_rot2
# code=:7B2E784J2JAGEF9F8K033HHK0C5B564A1I1GCD6I9D
0 7
0 11
1 2
1 14
2 7
2 8
3 4
3 19
4 2
4 19
5 10
5 16
6 14
6 15
7 9
7 15
8 8
8 20
9 0
9 3
10 3
10 17
11 17
11 20
12 0
12 12
13 5
13 11
14 5
14 6
15 4
15 10
16 1
16 18
17 1
17 16
18 12
18 13
19 6
19 18
20 9
20 13

# solution 447
# n=21 sym=rot2 status=verified source=flammenkamp_cache/n21_rot2
# code=:8G7B5I8ADI149K361EHK5F036JEH0BGJ27AC2F9D4C
0 8
0 16
1 7
1 11
2 5
2 18
3 8
3 10
4 13
4 18
5 1
5 4
6 9
6 20
7 3
7 6
8 1
8 14
9 17
9 20
10 5
10 15
11 0
11 3
12 6
12 19
13 14
13 17
14 0
14 11
15 16
15 19
16 2
16 7
17 10
17 12
18 2
18 15
19 9
19 13
20 4
20 12

# solution 448
# n=21 sym=rot2 status=verified source=flammenkamp_cache/n21_rot2
# code=:GI5847AC032BEH7J9EJK5F016B1D369IHK8ADGCF24
0 16
0 18
1 5
1 8
2 4
2 7
3 10
3 12
4 0
4 3
5 2
5 11
6 14
6 17
7 7
7 19
8 9
8 14
9 19
9 20
10 5
10 15
11 0
11 1
12 6
12 11
13 1
13 13
14 3
14 6
15 9
15 18
16 17
16 20
17 8
17 10
18 13
18 16
19 12
19 15
20 2
20 4

# solution 449
# n=21 sym=rot2 status=verified source=flammenkamp_cache/n21_rot2
# code=:8B36EG7A2I4CFJ7J09035FHKBK1D158G2IAD46EH9C
0 8
0 11
1 3
1 6
2 14
2 16
3 7
3 10
4 2
4 18
5 4
5 12
6 15
6 19
7 7
7 19
8 0
8 9
9 0
9 3
10 5
10 15
11 17
11 20
12 11
12 20
13 1
13 13
14 1
14 5
15 8
15 16
16 2
16 18
17 10
17 13
18 4
18 6
19 14
19 17
20 9
20 12

# solution 450
# n=21 sym=rot2 status=verified source=flammenkamp_cache/n21_rot2
# code=:9E180EAD0I8G4FDI393J5F1HBH275G4C2K7A6KCJ6B
0 9
0 14
1 1
1 8
2 0
2 14
3 10
3 13
4 0
4 18
5 8
5 16
6 4
6 15
7 13
7 18
8 3
8 9
9 3
9 19
10 5
10 15
11 1
11 17
12 11
12 17
13 2
13 7
14 5
14 16
15 4
15 12
16 2
16 20
17 7
17 10
18 6
18 20
19 12
19 19
20 6
20 11

# solution 451
# n=21 sym=rot2 status=verified source=flammenkamp_cache/n21_rot2
# code=:3946CFAD24DJ02EJ9C035FHK8B16IK17GI7A58EGBH
0 3
0 9
1 4
1 6
2 12
2 15
3 10
3 13
4 2
4 4
5 13
5 19
6 0
6 2
7 14
7 19
8 9
8 12
9 0
9 3
10 5
10 15
11 17
11 20
12 8
12 11
13 1
13 6
14 18
14 20
15 1
15 7
16 16
16 18
17 7
17 10
18 5
18 8
19 14
19 16
20 11
20 17

# solution 452
# n=21 sym=rot2 status=verified source=flammenkamp_cache/n21_rot2
# code=:3B6C34ADEI5C02DJ49015FJKBG17IK8F267AGH8E9H
0 3
0 11
1 6
1 12
2 3
2 4
3 10
3 13
4 14
4 18
5 5
5 12
6 0
6 2
7 13
7 19
8 4
8 9
9 0
9 1
10 5
10 15
11 19
11 20
12 11
12 16
13 1
13 7
14 18
14 20
15 8
15 15
16 2
16 6
17 7
17 10
18 16
18 17
19 8
19 14
20 9
20 17

# solution 453
# n=21 sym=rot2 status=verified source=flammenkamp_cache/n21_rot2
# code=:386FGH7A2G6C027J9BJK5F019B1DIK8E4IAD345ECH
0 3
0 8
1 6
1 15
2 16
2 17
3 7
3 10
4 2
4 16
5 6
5 12
6 0
6 2
7 7
7 19
8 9
8 11
9 19
9 20
10 5
10 15
11 0
11 1
12 9
12 11
13 1
13 13
14 18
14 20
15 8
15 14
16 4
16 18
17 10
17 13
18 3
18 4
19 5
19 14
20 12
20 17

# solution 454
# n=21 sym=rot2 status=verified source=flammenkamp_cache/n21_rot2
# code=:8C9G35ADGJ7E239EIJ0K5F0K126BHI6D147AFH4B8C
0 8
0 12
1 9
1 16
2 3
2 5
3 10
3 13
4 16
4 19
5 7
5 14
6 2
6 3
7 9
7 14
8 18
8 19
9 0
9 20
10 5
10 15
11 0
11 20
12 1
12 2
13 6
13 11
14 17
14 18
15 6
15 13
16 1
16 4
17 7
17 10
18 15
18 17
19 4
19 11
20 8
20 12

# solution 455
# n=21 sym=rot2 status=verified source=flammenkamp_cache/n21_rot2
# code=:8JBDGHAD566B283G1KIK5F020J4HCI9EEF7A34791C
0 8
0 19
1 11
1 13
2 16
2 17
3 10
3 13
4 5
4 6
5 6
5 11
6 2
6 8
7 3
7 16
8 1
8 20
9 18
9 20
10 5
10 15
11 0
11 2
12 0
12 19
13 4
13 17
14 12
14 18
15 9
15 14
16 14
16 15
17 7
17 10
18 3
18 4
19 7
19 9
20 1
20 12

# solution 456
# n=21 sym=rot2 status=verified source=flammenkamp_cache/n21_rot2
# code=:697F7C4G2JAJEH580K293HBI0KCF361A1I4G8D5DBE
0 6
0 9
1 7
1 15
2 7
2 12
3 4
3 16
4 2
4 19
5 10
5 19
6 14
6 17
7 5
7 8
8 0
8 20
9 2
9 9
10 3
10 17
11 11
11 18
12 0
12 20
13 12
13 15
14 3
14 6
15 1
15 10
16 1
16 18
17 4
17 16
18 8
18 13
19 5
19 13
20 11
20 14

# solution 457
# n=21 sym=rot2 status=verified source=flammenkamp_cache/n21_rot2
# code=:9CDHFJ6A2K8G461H9IDK5F072B3JEG4C0IAE15378B
0 9
0 12
1 13
1 17
2 15
2 19
3 6
3 10
4 2
4 20
5 8
5 16
6 4
6 6
7 1
7 17
8 9
8 18
9 13
9 20
10 5
10 15
11 0
11 7
12 2
12 11
13 3
13 19
14 14
14 16
15 4
15 12
16 0
16 18
17 10
17 14
18 1
18 5
19 3
19 7
20 8
20 11

# solution 458
# n=21 sym=rot2 status=verified source=flammenkamp_cache/n21_rot2
# code=:8B3F1G6AEG7C2J7K29035FHKBI0D1I8D46AE4J5H9C
0 8
0 11
1 3
1 15
2 1
2 16
3 6
3 10
4 14
4 16
5 7
5 12
6 2
6 19
7 7
7 20
8 2
8 9
9 0
9 3
10 5
10 15
11 17
11 20
12 11
12 18
13 0
13 13
14 1
14 18
15 8
15 13
16 4
16 6
17 10
17 14
18 4
18 19
19 5
19 17
20 9
20 12

# solution 459
# n=21 sym=rot2 status=verified source=flammenkamp_cache/n21_rot2
# code=:8B3FEG6A3G7C0J2729JK5F01BIDI1K8D4HAE465H9C
0 8
0 11
1 3
1 15
2 14
2 16
3 6
3 10
4 3
4 16
5 7
5 12
6 0
6 19
7 2
7 7
8 2
8 9
9 19
9 20
10 5
10 15
11 0
11 1
12 11
12 18
13 13
13 18
14 1
14 20
15 8
15 13
16 4
16 17
17 10
17 14
18 4
18 6
19 5
19 17
20 9
20 12

# solution 460
# n=21 sym=rot2 status=verified source=flammenkamp_cache/n21_rot2
# code=:FGBDGH6A268C02DJ39JK5F01BH17IK8CEIAE347945
0 15
0 16
1 11
1 13
2 16
2 17
3 6
3 10
4 2
4 6
5 8
5 12
6 0
6 2
7 13
7 19
8 3
8 9
9 19
9 20
10 5
10 15
11 0
11 1
12 11
12 17
13 1
13 7
14 18
14 20
15 8
15 12
16 14
16 18
17 10
17 14
18 3
18 4
19 7
19 9
20 4
20 5

# solution 461
# n=21 sym=rot2 status=verified source=flammenkamp_cache/n21_rot2
# code=:8E38IJAE45DJ09349IDK5F072BGHBK17FG6A12CH6C
0 8
0 14
1 3
1 8
2 18
2 19
3 10
3 14
4 4
4 5
5 13
5 19
6 0
6 9
7 3
7 4
8 9
8 18
9 13
9 20
10 5
10 15
11 0
11 7
12 2
12 11
13 16
13 17
14 11
14 20
15 1
15 7
16 15
16 16
17 6
17 10
18 1
18 2
19 12
19 17
20 6
20 12

# solution 462
# n=21 sym=rot2 status=verified source=flammenkamp_cache/n21_rot2
# code=:9C34CIAE151D06HK29DG5F47BI03EK7JFJ6A28GH8B
0 9
0 12
1 3
1 4
2 12
2 18
3 10
3 14
4 1
4 5
5 1
5 13
6 0
6 6
7 17
7 20
8 2
8 9
9 13
9 16
10 5
10 15
11 4
11 7
12 11
12 18
13 0
13 3
14 14
14 20
15 7
15 19
16 15
16 19
17 6
17 10
18 2
18 8
19 16
19 17
20 8
20 11

# solution 463
# n=21 sym=rot2 status=verified source=flammenkamp_cache/n21_rot2
# code=:49CI34AE8E350IDJ9D015FJK7B172KFH6C6AGH28BG
0 4
0 9
1 12
1 18
2 3
2 4
3 10
3 14
4 8
4 14
5 3
5 5
6 0
6 18
7 13
7 19
8 9
8 13
9 0
9 1
10 5
10 15
11 19
11 20
12 7
12 11
13 1
13 7
14 2
14 20
15 15
15 17
16 6
16 12
17 6
17 10
18 16
18 17
19 2
19 8
20 11
20 16

# solution 464
# n=21 sym=rot2 status=verified source=flammenkamp_cache/n21_rot2
# code=:EJ7B57AECI134C349I0K5F0K2BGH8GHJ286ADF9D16
0 14
0 19
1 7
1 11
2 5
2 7
3 10
3 14
4 12
4 18
5 1
5 3
6 4
6 12
7 3
7 4
8 9
8 18
9 0
9 20
10 5
10 15
11 0
11 20
12 2
12 11
13 16
13 17
14 8
14 16
15 17
15 19
16 2
16 8
17 6
17 10
18 13
18 15
19 9
19 13
20 1
20 6

# solution 465
# n=21 sym=rot2 status=verified source=flammenkamp_cache/n21_rot2
# code=:67BJ45AECI34CI3J9D0K5F0K7B1H28GH286AFG19DE
0 6
0 7
1 11
1 19
2 4
2 5
3 10
3 14
4 12
4 18
5 3
5 4
6 12
6 18
7 3
7 19
8 9
8 13
9 0
9 20
10 5
10 15
11 0
11 20
12 7
12 11
13 1
13 17
14 2
14 8
15 16
15 17
16 2
16 8
17 6
17 10
18 15
18 16
19 1
19 9
20 13
20 14

# solution 466
# n=21 sym=rot2 status=verified source=flammenkamp_cache/n21_rot2
# code=:CD5902AEEGCG2319DH015FJK37BJHI48466AIKBF78
0 12
0 13
1 5
1 9
2 0
2 2
3 10
3 14
4 14
4 16
5 12
5 16
6 2
6 3
7 1
7 9
8 13
8 17
9 0
9 1
10 5
10 15
11 19
11 20
12 3
12 7
13 11
13 19
14 17
14 18
15 4
15 8
16 4
16 6
17 6
17 10
18 18
18 20
19 11
19 15
20 7
20 8

# solution 467
# n=21 sym=rot2 status=verified source=flammenkamp_cache/n21_rot2
# code=:9D6KCIAE47139C05GI135FHJ24FK8BHJDG6A280E7B
0 9
0 13
1 6
1 20
2 12
2 18
3 10
3 14
4 4
4 7
5 1
5 3
6 9
6 12
7 0
7 5
8 16
8 18
9 1
9 3
10 5
10 15
11 17
11 19
12 2
12 4
13 15
13 20
14 8
14 11
15 17
15 19
16 13
16 16
17 6
17 10
18 2
18 8
19 0
19 14
20 7
20 11

# solution 468
# n=21 sym=rot2 status=verified source=flammenkamp_cache/n21_rot2
# code=:CEDIGH5A0J68029D39GJ5F14BH7BIKCE1KAF342768
0 12
0 14
1 13
1 18
2 16
2 17
3 5
3 10
4 0
4 19
5 6
5 8
6 0
6 2
7 9
7 13
8 3
8 9
9 16
9 19
10 5
10 15
11 1
11 4
12 11
12 17
13 7
13 11
14 18
14 20
15 12
15 14
16 1
16 20
17 10
17 15
18 3
18 4
19 2
19 7
20 6
20 8

# solution 469
# n=21 sym=rot2 status=verified source=flammenkamp_cache/n21_rot2
# code=:34397JAF2E6CIK479C0J5F1K8BDG028E6I5A1DBHGH
0 3
0 4
1 3
1 9
2 7
2 19
3 10
3 15
4 2
4 14
5 6
5 12
6 18
6 20
7 4
7 7
8 9
8 12
9 0
9 19
10 5
10 15
11 1
11 20
12 8
12 11
13 13
13 16
14 0
14 2
15 8
15 14
16 6
16 18
17 5
17 10
18 1
18 13
19 11
19 17
20 16
20 17

# solution 470
# n=21 sym=rot2 status=verified source=flammenkamp_cache/n21_rot2
# code=:9C6HCJ4A46DK2FDK9I135FHJ2B075I07EGAG183E8B
0 9
0 12
1 6
1 17
2 12
2 19
3 4
3 10
4 4
4 6
5 13
5 20
6 2
6 15
7 13
7 20
8 9
8 18
9 1
9 3
10 5
10 15
11 17
11 19
12 2
12 11
13 0
13 7
14 5
14 18
15 0
15 7
16 14
16 16
17 10
17 16
18 1
18 8
19 3
19 14
20 8
20 11

# solution 471
# n=21 sym=rot2 status=verified source=flammenkamp_cache/n21_rot2
# code=:9D2F7CGK3JAE2K15CE9G3H4B68FJ0I6A1H048D5I7B
0 9
0 13
1 2
1 15
2 7
2 12
3 16
3 20
4 3
4 19
5 10
5 14
6 2
6 20
7 1
7 5
8 12
8 14
9 9
9 16
10 3
10 17
11 4
11 11
12 6
12 8
13 15
13 19
14 0
14 18
15 6
15 10
16 1
16 17
17 0
17 4
18 8
18 13
19 5
19 18
20 7
20 11

# solution 472
# n=21 sym=rot2 status=verified source=flammenkamp_cache/n21_rot2
# code=:9D2F7CGK3JAE2815EK9G3H4B06FJCI6A1H048D5I7B
0 9
0 13
1 2
1 15
2 7
2 12
3 16
3 20
4 3
4 19
5 10
5 14
6 2
6 8
7 1
7 5
8 14
8 20
9 9
9 16
10 3
10 17
11 4
11 11
12 0
12 6
13 15
13 19
14 12
14 18
15 6
15 10
16 1
16 17
17 0
17 4
18 8
18 13
19 5
19 18
20 7
20 11

# solution 473
# n=21 sym=rot2 status=verified source=flammenkamp_cache/n21_rot2
# code=:8DBD38AGEI1502GJ39065FEKBH14IKFJ264ACH797C
0 8
0 13
1 11
1 13
2 3
2 8
3 10
3 16
4 14
4 18
5 1
5 5
6 0
6 2
7 16
7 19
8 3
8 9
9 0
9 6
10 5
10 15
11 14
11 20
12 11
12 17
13 1
13 4
14 18
14 20
15 15
15 19
16 2
16 6
17 4
17 10
18 12
18 17
19 7
19 9
20 7
20 12

# solution 474
# n=21 sym=rot2 status=verified source=flammenkamp_cache/n21_rot2
# code=:9DGJ048E13AE9I0F285D3H7FCI5K2B6AHJ6CGK147B
0 9
0 13
1 16
1 19
2 0
2 4
3 8
3 14
4 1
4 3
5 10
5 14
6 9
6 18
7 0
7 15
8 2
8 8
9 5
9 13
10 3
10 17
11 7
11 15
12 12
12 18
13 5
13 20
14 2
14 11
15 6
15 10
16 17
16 19
17 6
17 12
18 16
18 20
19 1
19 4
20 7
20 11

# solution 475
# n=21 sym=rot2 status=verified source=flammenkamp_cache/n21_rot2
# code=:78BJ58AG1I472K69EH0H5F3K36BE0IDG2J4ACF19CD
0 7
0 8
1 11
1 19
2 5
2 8
3 10
3 16
4 1
4 18
5 4
5 7
6 2
6 20
7 6
7 9
8 14
8 17
9 0
9 17
10 5
10 15
11 3
11 20
12 3
12 6
13 11
13 14
14 0
14 18
15 13
15 16
16 2
16 19
17 4
17 10
18 12
18 15
19 1
19 9
20 12
20 13

# solution 476
# n=21 sym=rot2 status=verified source=flammenkamp_cache/n21_rot2
# code=:687B49043FAJ8I7I5K1E3H6J0F2D2C1A5HGKBG9DCE
0 6
0 8
1 7
1 11
2 4
2 9
3 0
3 4
4 3
4 15
5 10
5 19
6 8
6 18
7 7
7 18
8 5
8 20
9 1
9 14
10 3
10 17
11 6
11 19
12 0
12 15
13 2
13 13
14 2
14 12
15 1
15 10
16 5
16 17
17 16
17 20
18 11
18 16
19 9
19 13
20 12
20 14

# solution 477
# n=21 sym=rot2 status=verified source=flammenkamp_cache/n21_rot2
# code=:9C056EAG2K489H7D3I1J5F1J2H7D3BCG0I4A6EFK8B
0 9
0 12
1 0
1 5
2 6
2 14
3 10
3 16
4 2
4 20
5 4
5 8
6 9
6 17
7 7
7 13
8 3
8 18
9 1
9 19
10 5
10 15
11 1
11 19
12 2
12 17
13 7
13 13
14 3
14 11
15 12
15 16
16 0
16 18
17 4
17 10
18 6
18 14
19 15
19 20
20 8
20 11

# solution 478
# n=21 sym=rot2 status=verified source=flammenkamp_cache/n21_rot2
# code=:89BG0G7J3JAE7E2528FK3H05CIFI6D6A1H1D4K49BC
0 8
0 9
1 11
1 16
2 0
2 16
3 7
3 19
4 3
4 19
5 10
5 14
6 7
6 14
7 2
7 5
8 2
8 8
9 15
9 20
10 3
10 17
11 0
11 5
12 12
12 18
13 15
13 18
14 6
14 13
15 6
15 10
16 1
16 17
17 1
17 13
18 4
18 20
19 4
19 9
20 11
20 12

# solution 479
# n=21 sym=rot2 status=verified source=flammenkamp_cache/n21_rot2
# code=:CE7G452ACI1H9E37190K5F0KBJDH6B3J28AIFG4D68
0 12
0 14
1 7
1 16
2 4
2 5
3 2
3 10
4 12
4 18
5 1
5 17
6 9
6 14
7 3
7 7
8 1
8 9
9 0
9 20
10 5
10 15
11 0
11 20
12 11
12 19
13 13
13 17
14 6
14 11
15 3
15 19
16 2
16 8
17 10
17 18
18 15
18 16
19 4
19 13
20 6
20 8

# solution 480
# n=21 sym=rot2 status=verified source=flammenkamp_cache/n21_rot2
# code=:8E38EJAI45DJ09349IDK5F072BGHBK17FG2A16CH6C
0 8
0 14
1 3
1 8
2 14
2 19
3 10
3 18
4 4
4 5
5 13
5 19
6 0
6 9
7 3
7 4
8 9
8 18
9 13
9 20
10 5
10 15
11 0
11 7
12 2
12 11
13 16
13 17
14 11
14 20
15 1
15 7
16 15
16 16
17 2
17 10
18 1
18 6
19 12
19 17
20 6
20 12

# solution 481
# n=21 sym=rot2 status=verified source=flammenkamp_cache/n21_rot2
# code=:8CBD34AI17162G9KEH0F5F5K360B4IEJDJ2AGH798C
0 8
0 12
1 11
1 13
2 3
2 4
3 10
3 18
4 1
4 7
5 1
5 6
6 2
6 16
7 9
7 20
8 14
8 17
9 0
9 15
10 5
10 15
11 5
11 20
12 3
12 6
13 0
13 11
14 4
14 18
15 14
15 19
16 13
16 19
17 2
17 10
18 16
18 17
19 7
19 9
20 8
20 12

# solution 482
# n=21 sym=rot2 status=verified source=flammenkamp_cache/n21_rot2
# code=:4BCD4HAJ7I1CEF9H020E5F6KIK3B568J2D1A3G789G
0 4
0 11
1 12
1 13
2 4
2 17
3 10
3 19
4 7
4 18
5 1
5 12
6 14
6 15
7 9
7 17
8 0
8 2
9 0
9 14
10 5
10 15
11 6
11 20
12 18
12 20
13 3
13 11
14 5
14 6
15 8
15 19
16 2
16 13
17 1
17 10
18 3
18 16
19 7
19 8
20 9
20 16

# solution 483
# n=21 sym=rot2 status=verified source=flammenkamp_cache/n21_rot2
# code=:4H2KAB47EK8E9C7J3F2J5F1I5H1D8B6C06DG9A0I3G
0 4
0 17
1 2
1 20
2 10
2 11
3 4
3 7
4 14
4 20
5 8
5 14
6 9
6 12
7 7
7 19
8 3
8 15
9 2
9 19
10 5
10 15
11 1
11 18
12 5
12 17
13 1
13 13
14 8
14 11
15 6
15 12
16 0
16 6
17 13
17 16
18 9
18 10
19 0
19 18
20 3
20 16

# solution 484
# n=21 sym=rot2 status=verified source=flammenkamp_cache/n21_rot2
# code=:4H2KAB47EK8E9C7J3F125FIJ5H1D8B6C06DG9A0I3G
0 4
0 17
1 2
1 20
2 10
2 11
3 4
3 7
4 14
4 20
5 8
5 14
6 9
6 12
7 7
7 19
8 3
8 15
9 1
9 2
10 5
10 15
11 18
11 19
12 5
12 17
13 1
13 13
14 8
14 11
15 6
15 12
16 0
16 6
17 13
17 16
18 9
18 10
19 0
19 18
20 3
20 16

# solution 485
# n=21 sym=rot2 status=verified source=flammenkamp_cache/n21_rot2
# code=:3G0I9ADG066C8B175H1I5F2J3FDJ9C8EEK47AB2K4H
0 3
0 16
1 0
1 18
2 9
2 10
3 13
3 16
4 0
4 6
5 6
5 12
6 8
6 11
7 1
7 7
8 5
8 17
9 1
9 18
10 5
10 15
11 2
11 19
12 3
12 15
13 13
13 19
14 9
14 12
15 8
15 14
16 14
16 20
17 4
17 7
18 10
18 11
19 2
19 20
20 4
20 17

# solution 486
# n=21 sym=rot2 status=verified source=flammenkamp_cache/n21_rot2
# code=:4EFJ380E7F4ACJ39DI092IBK27BH18AG5D6KCH156G
0 4
0 14
1 15
1 19
2 3
2 8
3 0
3 14
4 7
4 15
5 4
5 10
6 12
6 19
7 3
7 9
8 13
8 18
9 0
9 9
10 2
10 18
11 11
11 20
12 2
12 7
13 11
13 17
14 1
14 8
15 10
15 16
16 5
16 13
17 6
17 20
18 12
18 17
19 1
19 5
20 6
20 16

# solution 487
# n=21 sym=rot2 status=verified source=flammenkamp_cache/n21_rot2
# code=:68DJ8ADIFK346B3419IK5F02BJGH9EGH0527AC17CE
0 6
0 8
1 13
1 19
2 8
2 10
3 13
3 18
4 15
4 20
5 3
5 4
6 6
6 11
7 3
7 4
8 1
8 9
9 18
9 20
10 5
10 15
11 0
11 2
12 11
12 19
13 16
13 17
14 9
14 14
15 16
15 17
16 0
16 5
17 2
17 7
18 10
18 12
19 1
19 7
20 12
20 14

# solution 488
# n=21 sym=rot2 status=verified source=flammenkamp_cache/n21_rot2
# code=:278D8A6I0G391H4F9EJK5F016B5G3JBH4K2EAC7CDI
0 2
0 7
1 8
1 13
2 8
2 10
3 6
3 18
4 0
4 16
5 3
5 9
6 1
6 17
7 4
7 15
8 9
8 14
9 19
9 20
10 5
10 15
11 0
11 1
12 6
12 11
13 5
13 16
14 3
14 19
15 11
15 17
16 4
16 20
17 2
17 14
18 10
18 12
19 7
19 12
20 13
20 18

# solution 489
# n=21 sym=rot2 status=verified source=flammenkamp_cache/n21_rot2
# code=:6DCI8A56BG1I3G7903JK5F01HKBD4H2J49EFAC287E
0 6
0 13
1 12
1 18
2 8
2 10
3 5
3 6
4 11
4 16
5 1
5 18
6 3
6 16
7 7
7 9
8 0
8 3
9 19
9 20
10 5
10 15
11 0
11 1
12 17
12 20
13 11
13 13
14 4
14 17
15 2
15 19
16 4
16 9
17 14
17 15
18 10
18 12
19 2
19 8
20 7
20 14

# solution 490
# n=21 sym=rot2 status=verified source=flammenkamp_cache/n21_rot2
# code=:4J8EBK1F9D4A5HDE8IHK2I032C673FAG7B5J096C1G
0 4
0 19
1 8
1 14
2 11
2 20
3 1
3 15
4 9
4 13
5 4
5 10
6 5
6 17
7 13
7 14
8 8
8 18
9 17
9 20
10 2
10 18
11 0
11 3
12 2
12 12
13 6
13 7
14 3
14 15
15 10
15 16
16 7
16 11
17 5
17 19
18 0
18 9
19 6
19 12
20 1
20 16

# solution 491
# n=21 sym=rot2 status=verified source=flammenkamp_cache/n21_rot2
# code=:3E48ACEF24HJ019D79IK5F02BD7BJK13GI568ACG6H
0 3
0 14
1 4
1 8
2 10
2 12
3 14
3 15
4 2
4 4
5 17
5 19
6 0
6 1
7 9
7 13
8 7
8 9
9 18
9 20
10 5
10 15
11 0
11 2
12 11
12 13
13 7
13 11
14 19
14 20
15 1
15 3
16 16
16 18
17 5
17 6
18 8
18 10
19 12
19 16
20 6
20 17

# solution 492
# n=21 sym=rot2 status=verified source=flammenkamp_cache/n21_rot2
# code=:8G7FAC232DEG190369JK5F01BEHKBJ467IHI8A5D4C
0 8
0 16
1 7
1 15
2 10
2 12
3 2
3 3
4 2
4 13
5 14
5 16
6 1
6 9
7 0
7 3
8 6
8 9
9 19
9 20
10 5
10 15
11 0
11 1
12 11
12 14
13 17
13 20
14 11
14 19
15 4
15 6
16 7
16 18
17 17
17 18
18 8
18 10
19 5
19 13
20 4
20 12

# solution 493
# n=21 sym=rot2 status=verified source=flammenkamp_cache/n21_rot2
# code=:7B7EAC4ICJEHIK3519045FGKBJFH0236182G8A6D9D
0 7
0 11
1 7
1 14
2 10
2 12
3 4
3 18
4 12
4 19
5 14
5 17
6 18
6 20
7 3
7 5
8 1
8 9
9 0
9 4
10 5
10 15
11 16
11 20
12 11
12 19
13 15
13 17
14 0
14 2
15 3
15 6
16 1
16 8
17 2
17 16
18 8
18 10
19 6
19 13
20 9
20 13

# solution 494
# n=21 sym=rot2 status=verified source=flammenkamp_cache/n21_rot2
# code=:7E28ACEF492J4H9DHK015FJK037B3G1IBG568ACI6D
0 7
0 14
1 2
1 8
2 10
2 12
3 14
3 15
4 4
4 9
5 2
5 19
6 4
6 17
7 9
7 13
8 17
8 20
9 0
9 1
10 5
10 15
11 19
11 20
12 0
12 3
13 7
13 11
14 3
14 16
15 1
15 18
16 11
16 16
17 5
17 6
18 8
18 10
19 12
19 18
20 6
20 13

# solution 495
# n=21 sym=rot2 status=verified source=flammenkamp_cache/n21_rot2
# code=:9C15ACEG06DJDH9KHI245FGI230B3717EK468AFJ8B
0 9
0 12
1 1
1 5
2 10
2 12
3 14
3 16
4 0
4 6
5 13
5 19
6 13
6 17
7 9
7 20
8 17
8 18
9 2
9 4
10 5
10 15
11 16
11 18
12 2
12 3
13 0
13 11
14 3
14 7
15 1
15 7
16 14
16 20
17 4
17 6
18 8
18 10
19 15
19 19
20 8
20 11

# solution 496
# n=21 sym=rot2 status=verified source=flammenkamp_cache/n21_rot2
# code=:1H58AD0G6C291GDH690I5F2KBE374JBI8E4K7ACF3J
0 1
0 17
1 5
1 8
2 10
2 13
3 0
3 16
4 6
4 12
5 2
5 9
6 1
6 16
7 13
7 17
8 6
8 9
9 0
9 18
10 5
10 15
11 2
11 20
12 11
12 14
13 3
13 7
14 4
14 19
15 11
15 18
16 8
16 14
17 4
17 20
18 7
18 10
19 12
19 15
20 3
20 19

# solution 497
# n=21 sym=rot2 status=verified source=flammenkamp_cache/n21_rot2
# code=:6C9G5A277J3HCK9EIJ0G5F4K126B083H1DDIAF4B8E
0 6
0 12
1 9
1 16
2 5
2 10
3 2
3 7
4 7
4 19
5 3
5 17
6 12
6 20
7 9
7 14
8 18
8 19
9 0
9 16
10 5
10 15
11 4
11 20
12 1
12 2
13 6
13 11
14 0
14 8
15 3
15 17
16 1
16 13
17 13
17 18
18 10
18 15
19 4
19 11
20 8
20 14

# solution 498
# n=21 sym=rot2 status=verified source=flammenkamp_cache/n21_rot2
# code=:4B378E5H79AIFJ0E48012IJKCG6K152ABD3F6CDH9G
0 4
0 11
1 3
1 7
2 8
2 14
3 5
3 17
4 7
4 9
5 10
5 18
6 15
6 19
7 0
7 14
8 4
8 8
9 0
9 1
10 2
10 18
11 19
11 20
12 12
12 16
13 6
13 20
14 1
14 5
15 2
15 10
16 11
16 13
17 3
17 15
18 6
18 12
19 13
19 17
20 9
20 16

# solution 499
# n=21 sym=rot2 status=verified source=flammenkamp_cache/n21_rot2
# code=:1C4D084E9HAIEF0H159D2I7BFJ3K562A3B6GCK7G8J
0 1
0 12
1 4
1 13
2 0
2 8
3 4
3 14
4 9
4 17
5 10
5 18
6 14
6 15
7 0
7 17
8 1
8 5
9 9
9 13
10 2
10 18
11 7
11 11
12 15
12 19
13 3
13 20
14 5
14 6
15 2
15 10
16 3
16 11
17 6
17 16
18 12
18 20
19 7
19 16
20 8
20 19

# solution 500
# n=21 sym=rot2 status=verified source=flammenkamp_cache/n21_rot2
# code=:6CCD3B01BIAG457H01EF2I56JK3DFG4A29JK9H788E
0 6
0 12
1 12
1 13
2 3
2 11
3 0
3 1
4 11
4 18
5 10
5 16
6 4
6 5
7 7
7 17
8 0
8 1
9 14
9 15
10 2
10 18
11 5
11 6
12 19
12 20
13 3
13 13
14 15
14 16
15 4
15 10
16 2
16 9
17 19
17 20
18 9
18 17
19 7
19 8
20 8
20 14

# solution 501
# n=21 sym=rot2 status=verified source=flammenkamp_cache/n21_rot2
# code=:680B4ADF14BH8D6I13IK5F02HJ2E7C39GJ57AG9KCE
0 6
0 8
1 0
1 11
2 4
2 10
3 13
3 15
4 1
4 4
5 11
5 17
6 8
6 13
7 6
7 18
8 1
8 3
9 18
9 20
10 5
10 15
11 0
11 2
12 17
12 19
13 2
13 14
14 7
14 12
15 3
15 9
16 16
16 19
17 5
17 7
18 10
18 16
19 9
19 20
20 12
20 14

# solution 502
# n=21 sym=rot2 status=verified source=flammenkamp_cache/n21_rot2
# code=:68BK4ADF14BH8D6I13IK5F02HJ2E7C39GJ57AG09CE
0 6
0 8
1 11
1 20
2 4
2 10
3 13
3 15
4 1
4 4
5 11
5 17
6 8
6 13
7 6
7 18
8 1
8 3
9 18
9 20
10 5
10 15
11 0
11 2
12 17
12 19
13 2
13 14
14 7
14 12
15 3
15 9
16 16
16 19
17 5
17 7
18 10
18 16
19 0
19 9
20 12
20 14

# solution 503
# n=21 sym=rot2 status=verified source=flammenkamp_cache/n21_rot2
# code=:8B58AG7G362E0KDJ39IJ5F12BH170K6IEH4D4ACF9C
0 8
0 11
1 5
1 8
2 10
2 16
3 7
3 16
4 3
4 6
5 2
5 14
6 0
6 20
7 13
7 19
8 3
8 9
9 18
9 19
10 5
10 15
11 1
11 2
12 11
12 17
13 1
13 7
14 0
14 20
15 6
15 18
16 14
16 17
17 4
17 13
18 4
18 10
19 12
19 15
20 9
20 12

# solution 504
# n=21 sym=rot2 status=verified source=flammenkamp_cache/n21_rot2
# code=:178GAG0I6C29FJDH69035FHKBE3715BI8E2K4A4CDJ
0 1
0 7
1 8
1 16
2 10
2 16
3 0
3 18
4 6
4 12
5 2
5 9
6 15
6 19
7 13
7 17
8 6
8 9
9 0
9 3
10 5
10 15
11 17
11 20
12 11
12 14
13 3
13 7
14 1
14 5
15 11
15 18
16 8
16 14
17 2
17 20
18 4
18 10
19 4
19 12
20 13
20 19

# solution 505
# n=21 sym=rot2 status=verified source=flammenkamp_cache/n21_rot2
# code=:9CDFAG261JDE8H0923GK5F04HIBK3C671JEI4A578B
0 9
0 12
1 13
1 15
2 10
2 16
3 2
3 6
4 1
4 19
5 13
5 14
6 8
6 17
7 0
7 9
8 2
8 3
9 16
9 20
10 5
10 15
11 0
11 4
12 17
12 18
13 11
13 20
14 3
14 12
15 6
15 7
16 1
16 19
17 14
17 18
18 4
18 10
19 5
19 7
20 8
20 11

# solution 506
# n=21 sym=rot2 status=verified source=flammenkamp_cache/n21_rot2
# code=:47EF8FIK670A3C9J149H2I3BGJ1B8HAKDE025C56DG
0 4
0 7
1 14
1 15
2 8
2 15
3 18
3 20
4 6
4 7
5 0
5 10
6 3
6 12
7 9
7 19
8 1
8 4
9 9
9 17
10 2
10 18
11 3
11 11
12 16
12 19
13 1
13 11
14 8
14 17
15 10
15 20
16 13
16 14
17 0
17 2
18 5
18 12
19 5
19 6
20 13
20 16

# solution 507
# n=21 sym=rot2 status=verified source=flammenkamp_cache/n21_rot2
# code=:DE18AH470FBI8H49EK125FIJ06BG3C295KDG3ACJ67
0 13
0 14
1 1
1 8
2 10
2 17
3 4
3 7
4 0
4 15
5 11
5 18
6 8
6 17
7 4
7 9
8 14
8 20
9 1
9 2
10 5
10 15
11 18
11 19
12 0
12 6
13 11
13 16
14 3
14 12
15 2
15 9
16 5
16 20
17 13
17 16
18 3
18 10
19 12
19 19
20 6
20 7

# solution 508
# n=21 sym=rot2 status=verified source=flammenkamp_cache/n21_rot2
# code=:7E2B7HFH1JAE589G08GK2I04CK4BCF6A1J353D9I6D
0 7
0 14
1 2
1 11
2 7
2 17
3 15
3 17
4 1
4 19
5 10
5 14
6 5
6 8
7 9
7 16
8 0
8 8
9 16
9 20
10 2
10 18
11 0
11 4
12 12
12 20
13 4
13 11
14 12
14 15
15 6
15 10
16 1
16 19
17 3
17 5
18 3
18 13
19 9
19 18
20 6
20 13

# solution 509
# n=21 sym=rot2 status=verified source=flammenkamp_cache/n21_rot2
# code=:788FEG2623AG095D039J1J1BHK7FBK4AHIEI465CCD
0 7
0 8
1 8
1 15
2 14
2 16
3 2
3 6
4 2
4 3
5 10
5 16
6 0
6 9
7 5
7 13
8 0
8 3
9 9
9 19
10 1
10 19
11 1
11 11
12 17
12 20
13 7
13 15
14 11
14 20
15 4
15 10
16 17
16 18
17 14
17 18
18 4
18 6
19 5
19 12
20 12
20 13

# solution 510
# n=21 sym=rot2 status=verified source=flammenkamp_cache/n21_rot2
# code=:EH9A8CGI5E7D1H9K4J025FIK1G0B3J7D6F248CAB36
0 14
0 17
1 9
1 10
2 8
2 12
3 16
3 18
4 5
4 14
5 7
5 13
6 1
6 17
7 9
7 20
8 4
8 19
9 0
9 2
10 5
10 15
11 18
11 20
12 1
12 16
13 0
13 11
14 3
14 19
15 7
15 13
16 6
16 15
17 2
17 4
18 8
18 12
19 10
19 11
20 3
20 6

# solution 511
# n=21 sym=rot2 status=verified source=flammenkamp_cache/n21_rot2
# code=:7B4E7E2G059A8H0F283J1J1HCI5K3CABFK4I6D6G9D
0 7
0 11
1 4
1 14
2 7
2 14
3 2
3 16
4 0
4 5
5 9
5 10
6 8
6 17
7 0
7 15
8 2
8 8
9 3
9 19
10 1
10 19
11 1
11 17
12 12
12 18
13 5
13 20
14 3
14 12
15 10
15 11
16 15
16 20
17 4
17 18
18 6
18 13
19 6
19 16
20 9
20 13

# solution 512
# n=21 sym=rot2 status=verified source=flammenkamp_cache/n21_rot2
# code=:4E590D9E3H8AIK458D1I1J2J7CFG02AC3H6B7KBF6G
0 4
0 14
1 5
1 9
2 0
2 13
3 9
3 14
4 3
4 17
5 8
5 10
6 18
6 20
7 4
7 5
8 8
8 13
9 1
9 18
10 1
10 19
11 2
11 19
12 7
12 12
13 15
13 16
14 0
14 2
15 10
15 12
16 3
16 17
17 6
17 11
18 7
18 20
19 11
19 15
20 6
20 16

# solution 513
# n=21 sym=rot2 status=verified source=flammenkamp_cache/n21_rot2
# code=:3E8A4J3FCK6I49DK9IDJ5F172B07BG2E085H1GAC6H
0 3
0 14
1 8
1 10
2 4
2 19
3 3
3 15
4 12
4 20
5 6
5 18
6 4
6 9
7 13
7 20
8 9
8 18
9 13
9 19
10 5
10 15
11 1
11 7
12 2
12 11
13 0
13 7
14 11
14 16
15 2
15 14
16 0
16 8
17 5
17 17
18 1
18 16
19 10
19 12
20 6
20 17

# solution 514
# n=21 sym=rot2 status=verified source=flammenkamp_cache/n21_rot2
# code=:8GDE8FIK353A0E49DJ9I1J2B17BG6KAHFH025C674C
0 8
0 16
1 13
1 14
2 8
2 15
3 18
3 20
4 3
4 5
5 3
5 10
6 0
6 14
7 4
7 9
8 13
8 19
9 9
9 18
10 1
10 19
11 2
11 11
12 1
12 7
13 11
13 16
14 6
14 20
15 10
15 17
16 15
16 17
17 0
17 2
18 5
18 12
19 6
19 7
20 4
20 12

# solution 515
# n=21 sym=rot2 status=verified source=flammenkamp_cache/n21_rot2
# code=:3B8A6FBE347JDG8K2I015FJK2I0C471DGH695EAC9H
0 3
0 11
1 8
1 10
2 6
2 15
3 11
3 14
4 3
4 4
5 7
5 19
6 13
6 16
7 8
7 20
8 2
8 18
9 0
9 1
10 5
10 15
11 19
11 20
12 2
12 18
13 0
13 12
14 4
14 7
15 1
15 13
16 16
16 17
17 6
17 9
18 5
18 14
19 10
19 12
20 9
20 17

# solution 516
# n=21 sym=rot2 status=verified source=flammenkamp_cache/n21_rot2
# code=:8B8AFG7I16271GEH09035FHKBK364JDIEJ2D45AC9C
0 8
0 11
1 8
1 10
2 15
2 16
3 7
3 18
4 1
4 6
5 2
5 7
6 1
6 16
7 14
7 17
8 0
8 9
9 0
9 3
10 5
10 15
11 17
11 20
12 11
12 20
13 3
13 6
14 4
14 19
15 13
15 18
16 14
16 19
17 2
17 13
18 4
18 5
19 10
19 12
20 9
20 12

# solution 517
# n=21 sym=rot2 status=verified source=flammenkamp_cache/n21_rot2
# code=:7E8A34BF047J2JCK9E3I5F2H6B081I1DGK59GHAC6D
0 7
0 14
1 8
1 10
2 3
2 4
3 11
3 15
4 0
4 4
5 7
5 19
6 2
6 19
7 12
7 20
8 9
8 14
9 3
9 18
10 5
10 15
11 2
11 17
12 6
12 11
13 0
13 8
14 1
14 18
15 1
15 13
16 16
16 20
17 5
17 9
18 16
18 17
19 10
19 12
20 6
20 13

# solution 518
# n=21 sym=rot2 status=verified source=flammenkamp_cache/n21_rot2
# code=:7E8A34BF4K7J2JCK9E3I5F2H6B081I1D0G59GHAC6D
0 7
0 14
1 8
1 10
2 3
2 4
3 11
3 15
4 4
4 20
5 7
5 19
6 2
6 19
7 12
7 20
8 9
8 14
9 3
9 18
10 5
10 15
11 2
11 17
12 6
12 11
13 0
13 8
14 1
14 18
15 1
15 13
16 0
16 16
17 5
17 9
18 16
18 17
19 10
19 12
20 6
20 13

# solution 519
# n=21 sym=rot2 status=verified source=flammenkamp_cache/n21_rot2
# code=:8E8A0G672JDG9F039I3J5F1H2BHK5B471IDE4KAC6C
0 8
0 14
1 8
1 10
2 0
2 16
3 6
3 7
4 2
4 19
5 13
5 16
6 9
6 15
7 0
7 3
8 9
8 18
9 3
9 19
10 5
10 15
11 1
11 17
12 2
12 11
13 17
13 20
14 5
14 11
15 4
15 7
16 1
16 18
17 13
17 14
18 4
18 20
19 10
19 12
20 6
20 12

# solution 520
# n=21 sym=rot2 status=verified source=flammenkamp_cache/n21_rot2
# code=:9D8A2D0EIK681GHJ49355FFHBG134JCE026K7IAC7B
0 9
0 13
1 8
1 10
2 2
2 13
3 0
3 14
4 18
4 20
5 6
5 8
6 1
6 16
7 17
7 19
8 4
8 9
9 3
9 5
10 5
10 15
11 15
11 17
12 11
12 16
13 1
13 3
14 4
14 19
15 12
15 14
16 0
16 2
17 6
17 20
18 7
18 18
19 10
19 12
20 7
20 11

# solution 521
# n=21 sym=rot2 status=verified source=flammenkamp_cache/n21_rot2
# code=:4CCI5B07BEAI457H01EH1J36JK3DFG2A69DK9F288G
0 4
0 12
1 12
1 18
2 5
2 11
3 0
3 7
4 11
4 14
5 10
5 18
6 4
6 5
7 7
7 17
8 0
8 1
9 14
9 17
10 1
10 19
11 3
11 6
12 19
12 20
13 3
13 13
14 15
14 16
15 2
15 10
16 6
16 9
17 13
17 20
18 9
18 15
19 2
19 8
20 8
20 16

# solution 522
# n=21 sym=rot2 status=verified source=flammenkamp_cache/n21_rot2
# code=:7BACEF274K9H1G8K263J5F1HEI0C4J3B0GDI568A9D
0 7
0 11
1 10
1 12
2 14
2 15
3 2
3 7
4 4
4 20
5 9
5 17
6 1
6 16
7 8
7 20
8 2
8 6
9 3
9 19
10 5
10 15
11 1
11 17
12 14
12 18
13 0
13 12
14 4
14 19
15 3
15 11
16 0
16 16
17 13
17 18
18 5
18 6
19 8
19 10
20 9
20 13

# solution 523
# n=21 sym=rot2 status=verified source=flammenkamp_cache/n21_rot2
# code=:DG4B7I05BEAI583J8E031JHK6C1HCF2A69FK2D9G47
0 13
0 16
1 4
1 11
2 7
2 18
3 0
3 5
4 11
4 14
5 10
5 18
6 5
6 8
7 3
7 19
8 8
8 14
9 0
9 3
10 1
10 19
11 17
11 20
12 6
12 12
13 1
13 17
14 12
14 15
15 2
15 10
16 6
16 9
17 15
17 20
18 2
18 13
19 9
19 16
20 4
20 7

# solution 524
# n=21 sym=rot2 status=verified source=flammenkamp_cache/n21_rot2
# code=:13ADEF6D38IK8G024J9B5F9B1GIK4C02CH7E567AHJ
0 1
0 3
1 10
1 13
2 14
2 15
3 6
3 13
4 3
4 8
5 18
5 20
6 8
6 16
7 0
7 2
8 4
8 19
9 9
9 11
10 5
10 15
11 9
11 11
12 1
12 16
13 18
13 20
14 4
14 12
15 0
15 2
16 12
16 17
17 7
17 14
18 5
18 6
19 7
19 10
20 17
20 19

# solution 525
# n=21 sym=rot2 status=verified source=flammenkamp_cache/n21_rot2
# code=:BC8FFHEI362A7K1DGK491JBG047J0DAIEH26355C89
0 11
0 12
1 8
1 15
2 15
2 17
3 14
3 18
4 3
4 6
5 2
5 10
6 7
6 20
7 1
7 13
8 16
8 20
9 4
9 9
10 1
10 19
11 11
11 16
12 0
12 4
13 7
13 19
14 0
14 13
15 10
15 18
16 14
16 17
17 2
17 6
18 3
18 5
19 5
19 12
20 8
20 9

# solution 526
# n=21 sym=rot2 status=verified source=flammenkamp_cache/n21_rot2
# code=:8FAD1437EJ2B4I0E9C3K5F0H8B6K2G9I16DHGJ7A5C
0 8
0 15
1 10
1 13
2 1
2 4
3 3
3 7
4 14
4 19
5 2
5 11
6 4
6 18
7 0
7 14
8 9
8 12
9 3
9 20
10 5
10 15
11 0
11 17
12 8
12 11
13 6
13 20
14 2
14 16
15 9
15 18
16 1
16 6
17 13
17 17
18 16
18 19
19 7
19 10
20 5
20 12

# solution 527
# n=21 sym=rot2 status=verified source=flammenkamp_cache/n21_rot2
# code=:7D9ECE24021A8F4HFK391JBH053G5CAJIKGI686B7D
0 7
0 13
1 9
1 14
2 12
2 14
3 2
3 4
4 0
4 2
5 1
5 10
6 8
6 15
7 4
7 17
8 15
8 20
9 3
9 9
10 1
10 19
11 11
11 17
12 0
12 5
13 3
13 16
14 5
14 12
15 10
15 19
16 18
16 20
17 16
17 18
18 6
18 8
19 6
19 11
20 7
20 13

# solution 528
# n=21 sym=rot2 status=verified source=flammenkamp_cache/n21_rot2
# code=:7C59DI5I1C3AHK4EEK491JBG066G03AH8J2F27BF8D
0 7
0 12
1 5
1 9
2 13
2 18
3 5
3 18
4 1
4 12
5 3
5 10
6 17
6 20
7 4
7 14
8 14
8 20
9 4
9 9
10 1
10 19
11 11
11 16
12 0
12 6
13 6
13 16
14 0
14 3
15 10
15 17
16 8
16 19
17 2
17 15
18 2
18 7
19 11
19 15
20 8
20 13

# solution 529
# n=21 sym=rot2 status=verified source=flammenkamp_cache/n21_rot2
# code=:CEAH4J35CJ6D29DK9I045FGK2B07BI7E18FH1G3A68
0 12
0 14
1 10
1 17
2 4
2 19
3 3
3 5
4 12
4 19
5 6
5 13
6 2
6 9
7 13
7 20
8 9
8 18
9 0
9 4
10 5
10 15
11 16
11 20
12 2
12 11
13 0
13 7
14 11
14 18
15 7
15 14
16 1
16 8
17 15
17 17
18 1
18 16
19 3
19 10
20 6
20 8

# solution 530
# n=21 sym=rot2 status=verified source=flammenkamp_cache/n21_rot2
# code=:6E2ACG785KGH399D0JIJ5F121K7BBH340FCD48AI6E
0 6
0 14
1 2
1 10
2 12
2 16
3 7
3 8
4 5
4 20
5 16
5 17
6 3
6 9
7 9
7 13
8 0
8 19
9 18
9 19
10 5
10 15
11 1
11 2
12 1
12 20
13 7
13 11
14 11
14 17
15 3
15 4
16 0
16 15
17 12
17 13
18 4
18 8
19 10
19 18
20 6
20 14

# solution 531
# n=21 sym=rot2 status=verified source=flammenkamp_cache/n21_rot2
# code=:EJAI4579CI13CE0H794K5F0GBD3K68HJ28BDFG2A16
0 14
0 19
1 10
1 18
2 4
2 5
3 7
3 9
4 12
4 18
5 1
5 3
6 12
6 14
7 0
7 17
8 7
8 9
9 4
9 20
10 5
10 15
11 0
11 16
12 11
12 13
13 3
13 20
14 6
14 8
15 17
15 19
16 2
16 8
17 11
17 13
18 15
18 16
19 2
19 10
20 1
20 6

# solution 532
# n=21 sym=rot2 status=verified source=flammenkamp_cache/n21_rot2
# code=:CEAI45BD6CHI1G1K79035FHKBD0J4J238E79FG2A68
0 12
0 14
1 10
1 18
2 4
2 5
3 11
3 13
4 6
4 12
5 17
5 18
6 1
6 16
7 1
7 20
8 7
8 9
9 0
9 3
10 5
10 15
11 17
11 20
12 11
12 13
13 0
13 19
14 4
14 19
15 2
15 3
16 8
16 14
17 7
17 9
18 15
18 16
19 2
19 10
20 6
20 8

# solution 533
# n=21 sym=rot2 status=verified source=flammenkamp_cache/n21_rot2
# code=:6EAICG785KGH399D0JIJ5F121K7BBH340FCD482A6E
0 6
0 14
1 10
1 18
2 12
2 16
3 7
3 8
4 5
4 20
5 16
5 17
6 3
6 9
7 9
7 13
8 0
8 19
9 18
9 19
10 5
10 15
11 1
11 2
12 1
12 20
13 7
13 11
14 11
14 17
15 3
15 4
16 0
16 15
17 12
17 13
18 4
18 8
19 2
19 10
20 6
20 14

# solution 534
# n=21 sym=rot2 status=verified source=flammenkamp_cache/n21_rot2
# code=:DG2A0C6K591G9D1368235FHICEHJ7B4JBF0E8KAI47
0 13
0 16
1 2
1 10
2 0
2 12
3 6
3 20
4 5
4 9
5 1
5 16
6 9
6 13
7 1
7 3
8 6
8 8
9 2
9 3
10 5
10 15
11 17
11 18
12 12
12 14
13 17
13 19
14 7
14 11
15 4
15 19
16 11
16 15
17 0
17 14
18 8
18 20
19 10
19 18
20 4
20 7

# solution 535
# n=21 sym=rot2 status=verified source=flammenkamp_cache/n21_rot2
# code=:4ADE3CHI498D0I1E9F015FJK5B6J2K7CBG238H67AG
0 4
0 10
1 13
1 14
2 3
2 12
3 17
3 18
4 4
4 9
5 8
5 13
6 0
6 18
7 1
7 14
8 9
8 15
9 0
9 1
10 5
10 15
11 19
11 20
12 5
12 11
13 6
13 19
14 2
14 20
15 7
15 12
16 11
16 16
17 2
17 3
18 8
18 17
19 6
19 7
20 10
20 16

# solution 536
# n=21 sym=rot2 status=verified source=flammenkamp_cache/n21_rot2
# code=:AC38EG3E5912JK4D9IDK5F072B7G01IJBF6H46CH8A
0 10
0 12
1 3
1 8
2 14
2 16
3 3
3 14
4 5
4 9
5 1
5 2
6 19
6 20
7 4
7 13
8 9
8 18
9 13
9 20
10 5
10 15
11 0
11 7
12 2
12 11
13 7
13 16
14 0
14 1
15 18
15 19
16 11
16 15
17 6
17 17
18 4
18 6
19 12
19 17
20 8
20 10

# solution 537
# n=21 sym=rot2 status=verified source=flammenkamp_cache/n21_rot2
# code=:ACEH5H9D4J8E2I0D194K5F0GBJ7K2I6C1G7B3F368A
0 10
0 12
1 14
1 17
2 5
2 17
3 9
3 13
4 4
4 19
5 8
5 14
6 2
6 18
7 0
7 13
8 1
8 9
9 4
9 20
10 5
10 15
11 0
11 16
12 11
12 19
13 7
13 20
14 2
14 18
15 6
15 12
16 1
16 16
17 7
17 11
18 3
18 15
19 3
19 6
20 8
20 10

# solution 538
# n=21 sym=rot2 status=verified source=flammenkamp_cache/n21_rot2
# code=:68DFDH4I56AI1H490C9J0K1B8KBG3J2AEF2G3757CE
0 6
0 8
1 13
1 15
2 13
2 17
3 4
3 18
4 5
4 6
5 10
5 18
6 1
6 17
7 4
7 9
8 0
8 12
9 9
9 19
10 0
10 20
11 1
11 11
12 8
12 20
13 11
13 16
14 3
14 19
15 2
15 10
16 14
16 15
17 2
17 16
18 3
18 7
19 5
19 7
20 12
20 14

# solution 539
# n=21 sym=rot2 status=verified source=flammenkamp_cache/n21_rot2
# code=:8ABE34371GCE2I9FDJ0K5F0K175B2I684JDHGH69AC
0 8
0 10
1 11
1 14
2 3
2 4
3 3
3 7
4 1
4 16
5 12
5 14
6 2
6 18
7 9
7 15
8 13
8 19
9 0
9 20
10 5
10 15
11 0
11 20
12 1
12 7
13 5
13 11
14 2
14 18
15 6
15 8
16 4
16 19
17 13
17 17
18 16
18 17
19 6
19 9
20 10
20 12

# solution 540
# n=21 sym=rot2 status=verified source=flammenkamp_cache/n21_rot2
# code=:7E48BFCG25AJ2E3JDK390KBH071H6I1AFI4859CG6D
0 7
0 14
1 4
1 8
2 11
2 15
3 12
3 16
4 2
4 5
5 10
5 19
6 2
6 14
7 3
7 19
8 13
8 20
9 3
9 9
10 0
10 20
11 11
11 17
12 0
12 7
13 1
13 17
14 6
14 18
15 1
15 10
16 15
16 18
17 4
17 8
18 5
18 9
19 12
19 16
20 6
20 13

# solution 541
# n=21 sym=rot2 status=verified source=flammenkamp_cache/n21_rot2
# code=:8D389F5DEG1K36IJ29AK4G0ABI12EH0J467F5BCH7C
0 8
0 13
1 3
1 8
2 9
2 15
3 5
3 13
4 14
4 16
5 1
5 20
6 3
6 6
7 18
7 19
8 2
8 9
9 10
9 20
10 4
10 16
11 0
11 10
12 11
12 18
13 1
13 2
14 14
14 17
15 0
15 19
16 4
16 6
17 7
17 15
18 5
18 11
19 12
19 17
20 7
20 12

# solution 542
# n=21 sym=rot2 status=verified source=flammenkamp_cache/n21_rot2
# code=:89DE4E7CFI5J1H0K392A4GAIBH0K3J1F258D6G67BC
0 8
0 9
1 13
1 14
2 4
2 14
3 7
3 12
4 15
4 18
5 5
5 19
6 1
6 17
7 0
7 20
8 3
8 9
9 2
9 10
10 4
10 16
11 10
11 18
12 11
12 17
13 0
13 20
14 3
14 19
15 1
15 15
16 2
16 5
17 8
17 13
18 6
18 16
19 6
19 7
20 11
20 12

# solution 543
# n=21 sym=rot2 status=verified source=flammenkamp_cache/n21_rot2
# code=:086C5BFH6DDJ0I3I19AG4G4ABJ2H2K177E359F8ECK
0 0
0 8
1 6
1 12
2 5
2 11
3 15
3 17
4 6
4 13
5 13
5 19
6 0
6 18
7 3
7 18
8 1
8 9
9 10
9 16
10 4
10 16
11 4
11 10
12 11
12 19
13 2
13 17
14 2
14 20
15 1
15 7
16 7
16 14
17 3
17 5
18 9
18 15
19 8
19 14
20 12
20 20

# solution 544
# n=21 sym=rot2 status=verified source=flammenkamp_cache/n21_rot2
# code=:CD6BIJ5K1E0937GI8HAF4G5A3C24DHBK6J0F129E78
0 12
0 13
1 6
1 11
2 18
2 19
3 5
3 20
4 1
4 14
5 0
5 9
6 3
6 7
7 16
7 18
8 8
8 17
9 10
9 15
10 4
10 16
11 5
11 10
12 3
12 12
13 2
13 4
14 13
14 17
15 11
15 20
16 6
16 19
17 0
17 15
18 1
18 2
19 9
19 14
20 7
20 8

# solution 545
# n=21 sym=rot2 status=verified source=flammenkamp_cache/n21_rot2
# code=:378EBF1BEI0713GI08AF4G5ACK24HJDK269J596CDH
0 3
0 7
1 8
1 14
2 11
2 15
3 1
3 11
4 14
4 18
5 0
5 7
6 1
6 3
7 16
7 18
8 0
8 8
9 10
9 15
10 4
10 16
11 5
11 10
12 12
12 20
13 2
13 4
14 17
14 19
15 13
15 20
16 2
16 6
17 9
17 19
18 5
18 9
19 6
19 12
20 13
20 17

# solution 546
# n=21 sym=rot2 status=verified source=flammenkamp_cache/n21_rot2
# code=:CD9F370BEIFG23018JAE4G6A1CJKHI45269KDH5B78
0 12
0 13
1 9
1 15
2 3
2 7
3 0
3 11
4 14
4 18
5 15
5 16
6 2
6 3
7 0
7 1
8 8
8 19
9 10
9 14
10 4
10 16
11 6
11 10
12 1
12 12
13 19
13 20
14 17
14 18
15 4
15 5
16 2
16 6
17 9
17 20
18 13
18 17
19 5
19 11
20 7
20 8

# solution 547
# n=21 sym=rot2 status=verified source=flammenkamp_cache/n21_rot2
# code=:CD6BGI5K1E19370I8HAF4G5A3C2KDHBJ6J0F249E78
0 12
0 13
1 6
1 11
2 16
2 18
3 5
3 20
4 1
4 14
5 1
5 9
6 3
6 7
7 0
7 18
8 8
8 17
9 10
9 15
10 4
10 16
11 5
11 10
12 3
12 12
13 2
13 20
14 13
14 17
15 11
15 19
16 6
16 19
17 0
17 15
18 2
18 4
19 9
19 14
20 7
20 8

# solution 548
# n=21 sym=rot2 status=verified source=flammenkamp_cache/n21_rot2
# code=:7CCG59EHHK9J2J257E0A4GAK6DFI1I1B0336BF488D
0 7
0 12
1 12
1 16
2 5
2 9
3 14
3 17
4 17
4 20
5 9
5 19
6 2
6 19
7 2
7 5
8 7
8 14
9 0
9 10
10 4
10 16
11 10
11 20
12 6
12 13
13 15
13 18
14 1
14 18
15 1
15 11
16 0
16 3
17 3
17 6
18 11
18 15
19 4
19 8
20 8
20 13

# solution 549
# n=21 sym=rot2 status=verified source=flammenkamp_cache/n21_rot2
# code=:7C6HBF1B460JCI3I7F0A4GAK5D2H281KEG9J593E8D
0 7
0 12
1 6
1 17
2 11
2 15
3 1
3 11
4 4
4 6
5 0
5 19
6 12
6 18
7 3
7 18
8 7
8 15
9 0
9 10
10 4
10 16
11 10
11 20
12 5
12 13
13 2
13 17
14 2
14 8
15 1
15 20
16 14
16 16
17 9
17 19
18 5
18 9
19 3
19 14
20 8
20 13

# solution 550
# n=21 sym=rot2 status=verified source=flammenkamp_cache/n21_rot2
# code=:8D69BFFH461JCI0I37AK4G0ADH2K281JEG3559BE7C
0 8
0 13
1 6
1 9
2 11
2 15
3 15
3 17
4 4
4 6
5 1
5 19
6 12
6 18
7 0
7 18
8 3
8 7
9 10
9 20
10 4
10 16
11 0
11 10
12 13
12 17
13 2
13 20
14 2
14 8
15 1
15 19
16 14
16 16
17 3
17 5
18 5
18 9
19 11
19 14
20 7
20 12

# solution 551
# n=21 sym=rot2 status=verified source=flammenkamp_cache/n21_rot2
# code=:388FBF3G671JBE0227AK4G0ADIIK691JDE4H595CCH
0 3
0 8
1 8
1 15
2 11
2 15
3 3
3 16
4 6
4 7
5 1
5 19
6 11
6 14
7 0
7 2
8 2
8 7
9 10
9 20
10 4
10 16
11 0
11 10
12 13
12 18
13 18
13 20
14 6
14 9
15 1
15 19
16 13
16 14
17 4
17 17
18 5
18 9
19 5
19 12
20 12
20 17

# solution 552
# n=21 sym=rot2 status=verified source=flammenkamp_cache/n21_rot2
# code=:48BEBD35161F3I0K2D8A4GAC7I0K2H5JEJFH7969CG
0 4
0 8
1 11
1 14
2 11
2 13
3 3
3 5
4 1
4 6
5 1
5 15
6 3
6 18
7 0
7 20
8 2
8 13
9 8
9 10
10 4
10 16
11 10
11 12
12 7
12 18
13 0
13 20
14 2
14 17
15 5
15 19
16 14
16 19
17 15
17 17
18 7
18 9
19 6
19 9
20 12
20 16

# solution 553
# n=21 sym=rot2 status=verified source=flammenkamp_cache/n21_rot2
# code=:7K3B462C8BHJ1F275EAK4G0A6FDI5J139C8IEG9H0D
0 7
0 20
1 3
1 11
2 4
2 6
3 2
3 12
4 8
4 11
5 17
5 19
6 1
6 15
7 2
7 7
8 5
8 14
9 10
9 20
10 4
10 16
11 0
11 10
12 6
12 15
13 13
13 18
14 5
14 19
15 1
15 3
16 9
16 12
17 8
17 18
18 14
18 16
19 9
19 17
20 0
20 13

# solution 554
# n=21 sym=rot2 status=verified source=flammenkamp_cache/n21_rot2
# code=:479C9F1H28DJ6F2K3E0A4GAK6H0I5E17CI3J5B8BDG
0 4
0 7
1 9
1 12
2 9
2 15
3 1
3 17
4 2
4 8
5 13
5 19
6 6
6 15
7 2
7 20
8 3
8 14
9 0
9 10
10 4
10 16
11 10
11 20
12 6
12 17
13 0
13 18
14 5
14 14
15 1
15 7
16 12
16 18
17 3
17 19
18 5
18 11
19 8
19 11
20 13
20 16

# solution 555
# n=21 sym=rot2 status=verified source=flammenkamp_cache/n21_rot2
# code=:4CBH7B171FCF3I0K26AE4G6AEI0K2H585JDJ9D398G
0 4
0 12
1 11
1 17
2 7
2 11
3 1
3 7
4 1
4 15
5 12
5 15
6 3
6 18
7 0
7 20
8 2
8 6
9 10
9 14
10 4
10 16
11 6
11 10
12 14
12 18
13 0
13 20
14 2
14 17
15 5
15 8
16 5
16 19
17 13
17 19
18 9
18 13
19 3
19 9
20 8
20 16

# solution 556
# n=21 sym=rot2 status=verified source=flammenkamp_cache/n21_rot2
# code=:8F571B3809GHEI0I167A4GADEJ2K2634BKCH9JDF5C
0 8
0 15
1 5
1 7
2 1
2 11
3 3
3 8
4 0
4 9
5 16
5 17
6 14
6 18
7 0
7 18
8 1
8 6
9 7
9 10
10 4
10 16
11 10
11 13
12 14
12 19
13 2
13 20
14 2
14 6
15 3
15 4
16 11
16 20
17 12
17 17
18 9
18 19
19 13
19 15
20 5
20 12

# solution 557
# n=21 sym=rot2 status=verified source=flammenkamp_cache/n21_rot2
# code=:5F7BBD8I1C3HGI0616AK4G0AEJEK243H8J2C799D5F
0 5
0 15
1 7
1 11
2 11
2 13
3 8
3 18
4 1
4 12
5 3
5 17
6 16
6 18
7 0
7 6
8 1
8 6
9 10
9 20
10 4
10 16
11 0
11 10
12 14
12 19
13 14
13 20
14 2
14 4
15 3
15 17
16 8
16 19
17 2
17 12
18 7
18 9
19 9
19 13
20 5
20 15

# solution 558
# n=21 sym=rot2 status=verified source=flammenkamp_cache/n21_rot2
# code=:7B3I68CF0B5I17GH06AJ4G1AEK34DJ2F9K58CE2H9D
0 7
0 11
1 3
1 18
2 6
2 8
3 12
3 15
4 0
4 11
5 5
5 18
6 1
6 7
7 16
7 17
8 0
8 6
9 10
9 19
10 4
10 16
11 1
11 10
12 14
12 20
13 3
13 4
14 13
14 19
15 2
15 15
16 9
16 20
17 5
17 8
18 12
18 14
19 2
19 17
20 9
20 13

# solution 559
# n=21 sym=rot2 status=verified source=flammenkamp_cache/n21_rot2
# code=:89BH7ICE2F15170H6KAG4G4A0E3KDJFJ5I682D39BC
0 8
0 9
1 11
1 17
2 7
2 18
3 12
3 14
4 2
4 15
5 1
5 5
6 1
6 7
7 0
7 17
8 6
8 20
9 10
9 16
10 4
10 16
11 4
11 10
12 0
12 14
13 3
13 20
14 13
14 19
15 15
15 19
16 5
16 18
17 6
17 8
18 2
18 13
19 3
19 9
20 11
20 12

# solution 560
# n=21 sym=rot2 status=verified source=flammenkamp_cache/n21_rot2
# code=:7C2CEF351901DG39EIAK4G0A26BH47JKBJFH568I8D
0 7
0 12
1 2
1 12
2 14
2 15
3 3
3 5
4 1
4 9
5 0
5 1
6 13
6 16
7 3
7 9
8 14
8 18
9 10
9 20
10 4
10 16
11 0
11 10
12 2
12 6
13 11
13 17
14 4
14 7
15 19
15 20
16 11
16 19
17 15
17 17
18 5
18 6
19 8
19 18
20 8
20 13

# solution 561
# n=21 sym=rot2 status=verified source=flammenkamp_cache/n21_rot2
# code=:7C2CEF357901GJ39EIAK4G0A26BH14JKBDFH568I8D
0 7
0 12
1 2
1 12
2 14
2 15
3 3
3 5
4 7
4 9
5 0
5 1
6 16
6 19
7 3
7 9
8 14
8 18
9 10
9 20
10 4
10 16
11 0
11 10
12 2
12 6
13 11
13 17
14 1
14 4
15 19
15 20
16 11
16 13
17 15
17 17
18 5
18 6
19 8
19 18
20 8
20 13

# solution 562
# n=21 sym=rot2 status=verified source=flammenkamp_cache/n21_rot2
# code=:BJBF563C2G8H7K021E7A4GAD6JIK0D3C4I8HEF5919
0 11
0 19
1 11
1 15
2 5
2 6
3 3
3 12
4 2
4 16
5 8
5 17
6 7
6 20
7 0
7 2
8 1
8 14
9 7
9 10
10 4
10 16
11 10
11 13
12 6
12 19
13 18
13 20
14 0
14 13
15 3
15 12
16 4
16 18
17 8
17 17
18 14
18 15
19 5
19 9
20 1
20 9

# solution 563
# n=21 sym=rot2 status=verified source=flammenkamp_cache/n21_rot2
# code=:3739DI1E1859FG28EK0A4GAK06CI45BFCJ6J27BHDH
0 3
0 7
1 3
1 9
2 13
2 18
3 1
3 14
4 1
4 8
5 5
5 9
6 15
6 16
7 2
7 8
8 14
8 20
9 0
9 10
10 4
10 16
11 10
11 20
12 0
12 6
13 12
13 18
14 4
14 5
15 11
15 15
16 12
16 19
17 6
17 19
18 2
18 7
19 11
19 17
20 13
20 17

# solution 564
# n=21 sym=rot2 status=verified source=flammenkamp_cache/n21_rot2
# code=:7H39DI1E1859FG28EK0A4GAK06CI45BFCJ6J27BH3D
0 7
0 17
1 3
1 9
2 13
2 18
3 1
3 14
4 1
4 8
5 5
5 9
6 15
6 16
7 2
7 8
8 14
8 20
9 0
9 10
10 4
10 16
11 10
11 20
12 0
12 6
13 12
13 18
14 4
14 5
15 11
15 15
16 12
16 19
17 6
17 19
18 2
18 7
19 11
19 17
20 3
20 13

# solution 565
# n=21 sym=rot2 status=verified source=flammenkamp_cache/n21_rot2
# code=:4H9C5IBE1K35DJ28EK7A4GAD06CI17FH0J692F8B3G
0 4
0 17
1 9
1 12
2 5
2 18
3 11
3 14
4 1
4 20
5 3
5 5
6 13
6 19
7 2
7 8
8 14
8 20
9 7
9 10
10 4
10 16
11 10
11 13
12 0
12 6
13 12
13 18
14 1
14 7
15 15
15 17
16 0
16 19
17 6
17 9
18 2
18 15
19 8
19 11
20 3
20 16

# solution 566
# n=21 sym=rot2 status=verified source=flammenkamp_cache/n21_rot2
# code=:7CFI6GBCBJ35172HEK0A4GAK063IDJFH19894E258D
0 7
0 12
1 15
1 18
2 6
2 16
3 11
3 12
4 11
4 19
5 3
5 5
6 1
6 7
7 2
7 17
8 14
8 20
9 0
9 10
10 4
10 16
11 10
11 20
12 0
12 6
13 3
13 18
14 13
14 19
15 15
15 17
16 1
16 9
17 8
17 9
18 4
18 14
19 2
19 5
20 8
20 13

# solution 567
# n=21 sym=rot2 status=verified source=flammenkamp_cache/n21_rot2
# code=:BE596D8I2KDH341K158A4GACFJ0JGH370I2C7EBF69
0 11
0 14
1 5
1 9
2 6
2 13
3 8
3 18
4 2
4 20
5 13
5 17
6 3
6 4
7 1
7 20
8 1
8 5
9 8
9 10
10 4
10 16
11 10
11 12
12 15
12 19
13 0
13 19
14 16
14 17
15 3
15 7
16 0
16 18
17 2
17 12
18 7
18 14
19 11
19 15
20 6
20 9

# solution 568
# n=21 sym=rot2 status=verified source=flammenkamp_cache/n21_rot2
# code=:8D7HBG165CFJ690I3IAK4G0A2H2KBE158FEJ493D7C
0 8
0 13
1 7
1 17
2 11
2 16
3 1
3 6
4 5
4 12
5 15
5 19
6 6
6 9
7 0
7 18
8 3
8 18
9 10
9 20
10 4
10 16
11 0
11 10
12 2
12 17
13 2
13 20
14 11
14 14
15 1
15 5
16 8
16 15
17 14
17 19
18 4
18 9
19 3
19 13
20 7
20 12

# solution 569
# n=21 sym=rot2 status=verified source=flammenkamp_cache/n21_rot2
# code=:45BEBJ5C068IHI7D13AK4G0AHJ7D232CEK8F1969FG
0 4
0 5
1 11
1 14
2 11
2 19
3 5
3 12
4 0
4 6
5 8
5 18
6 17
6 18
7 7
7 13
8 1
8 3
9 10
9 20
10 4
10 16
11 0
11 10
12 17
12 19
13 7
13 13
14 2
14 3
15 2
15 12
16 14
16 20
17 8
17 15
18 1
18 9
19 6
19 9
20 15
20 16

# solution 570
# n=21 sym=rot2 status=verified source=flammenkamp_cache/n21_rot2
# code=:8F9E7B1724EF0IHK138A4GACHJ032K56GIDJ9D6B5C
0 8
0 15
1 9
1 14
2 7
2 11
3 1
3 7
4 2
4 4
5 14
5 15
6 0
6 18
7 17
7 20
8 1
8 3
9 8
9 10
10 4
10 16
11 10
11 12
12 17
12 19
13 0
13 3
14 2
14 20
15 5
15 6
16 16
16 18
17 13
17 19
18 9
18 13
19 6
19 11
20 5
20 12

# solution 571
# n=21 sym=rot2 status=verified source=flammenkamp_cache/n21_rot2
# code=:8D057BFKHI1B68GI136A4GAEHJ24CE9J23059DFK7C
0 8
0 13
1 0
1 5
2 7
2 11
3 15
3 20
4 17
4 18
5 1
5 11
6 6
6 8
7 16
7 18
8 1
8 3
9 6
9 10
10 4
10 16
11 10
11 14
12 17
12 19
13 2
13 4
14 12
14 14
15 9
15 19
16 2
16 3
17 0
17 5
18 9
18 13
19 15
19 20
20 7
20 12

# solution 572
# n=21 sym=rot2 status=verified source=flammenkamp_cache/n21_rot2
# code=:789HEF4E121F8D2KHK9A4GAB030I7C5JIJ6G563BCD
0 7
0 8
1 9
1 17
2 14
2 15
3 4
3 14
4 1
4 2
5 1
5 15
6 8
6 13
7 2
7 20
8 17
8 20
9 9
9 10
10 4
10 16
11 10
11 11
12 0
12 3
13 0
13 18
14 7
14 12
15 5
15 19
16 18
16 19
17 6
17 16
18 5
18 6
19 3
19 11
20 12
20 13

# solution 573
# n=21 sym=rot2 status=verified source=flammenkamp_cache/n21_rot2
# code=:3DBC46FKCI05DJ9J2HAE4G6A3I1B17FK2805EG897H
0 3
0 13
1 11
1 12
2 4
2 6
3 15
3 20
4 12
4 18
5 0
5 5
6 13
6 19
7 9
7 19
8 2
8 17
9 10
9 14
10 4
10 16
11 6
11 10
12 3
12 18
13 1
13 11
14 1
14 7
15 15
15 20
16 2
16 8
17 0
17 5
18 14
18 16
19 8
19 9
20 7
20 17

# solution 574
# n=21 sym=rot2 status=verified source=flammenkamp_cache/n21_rot2
# code=:3DBC46EFCI05DJ9J2H0A4GAK3I1B17FK2856EG897H
0 3
0 13
1 11
1 12
2 4
2 6
3 14
3 15
4 12
4 18
5 0
5 5
6 13
6 19
7 9
7 19
8 2
8 17
9 0
9 10
10 4
10 16
11 10
11 20
12 3
12 18
13 1
13 11
14 1
14 7
15 15
15 20
16 2
16 8
17 5
17 6
18 14
18 16
19 8
19 9
20 7
20 17

# solution 575
# n=21 sym=rot2 status=verified source=flammenkamp_cache/n21_rot2
# code=:CH895I56BD0D1G16HIAK4G0A23EJ4J7K79EF2FBC38
0 12
0 17
1 8
1 9
2 5
2 18
3 5
3 6
4 11
4 13
5 0
5 13
6 1
6 16
7 1
7 6
8 17
8 18
9 10
9 20
10 4
10 16
11 0
11 10
12 2
12 3
13 14
13 19
14 4
14 19
15 7
15 20
16 7
16 9
17 14
17 15
18 2
18 15
19 11
19 12
20 3
20 8

# solution 576
# n=21 sym=rot2 status=verified source=flammenkamp_cache/n21_rot2
# code=:FJ9C465E9C2I137DHK0A4GAK037DHJ2I8B6FEG8B15
0 15
0 19
1 9
1 12
2 4
2 6
3 5
3 14
4 9
4 12
5 2
5 18
6 1
6 3
7 7
7 13
8 17
8 20
9 0
9 10
10 4
10 16
11 10
11 20
12 0
12 3
13 7
13 13
14 17
14 19
15 2
15 18
16 8
16 11
17 6
17 15
18 14
18 16
19 8
19 11
20 1
20 5

# solution 577
# n=21 sym=rot2 status=verified source=flammenkamp_cache/n21_rot2
# code=:789D0556GHJK6BHI128A4GACIJ239E0134EFFK7BCD
0 7
0 8
1 9
1 13
2 0
2 5
3 5
3 6
4 16
4 17
5 19
5 20
6 6
6 11
7 17
7 18
8 1
8 2
9 8
9 10
10 4
10 16
11 10
11 12
12 18
12 19
13 2
13 3
14 9
14 14
15 0
15 1
16 3
16 4
17 14
17 15
18 15
18 20
19 7
19 11
20 12
20 13

# solution 578
# n=21 sym=rot2 status=verified source=flammenkamp_cache/n21_rot2
# code=:HK6B7B5C46HJDI0F2J8A4GAC1I5K2713EG8F9D9E03
0 17
0 20
1 6
1 11
2 7
2 11
3 5
3 12
4 4
4 6
5 17
5 19
6 13
6 18
7 0
7 15
8 2
8 19
9 8
9 10
10 4
10 16
11 10
11 12
12 1
12 18
13 5
13 20
14 2
14 7
15 1
15 3
16 14
16 16
17 8
17 15
18 9
18 13
19 9
19 14
20 0
20 3

# solution 579
# n=21 sym=rot2 status=verified source=flammenkamp_cache/n21_rot2
# code=:789D0556GHJK6BHI2J8A4GAC1I239E0134EFFK7BCD
0 7
0 8
1 9
1 13
2 0
2 5
3 5
3 6
4 16
4 17
5 19
5 20
6 6
6 11
7 17
7 18
8 2
8 19
9 8
9 10
10 4
10 16
11 10
11 12
12 1
12 18
13 2
13 3
14 9
14 14
15 0
15 1
16 3
16 4
17 14
17 15
18 15
18 20
19 7
19 11
20 12
20 13

# solution 580
# n=21 sym=rot2 status=verified source=flammenkamp_cache/n21_rot2
# code=:DFBH46FK8C029DHJ2JAE4G6A1I137BIK8C05EG3957
0 13
0 15
1 11
1 17
2 4
2 6
3 15
3 20
4 8
4 12
5 0
5 2
6 9
6 13
7 17
7 19
8 2
8 19
9 10
9 14
10 4
10 16
11 6
11 10
12 1
12 18
13 1
13 3
14 7
14 11
15 18
15 20
16 8
16 12
17 0
17 5
18 14
18 16
19 3
19 9
20 5
20 7

# solution 581
# n=21 sym=rot2 status=verified source=flammenkamp_cache/n21_rot2
# code=:CF7947CH9J5J2H6EIK0A4GAK026E3I1F1B38DGBD58
0 12
0 15
1 7
1 9
2 4
2 7
3 12
3 17
4 9
4 19
5 5
5 19
6 2
6 17
7 6
7 14
8 18
8 20
9 0
9 10
10 4
10 16
11 10
11 20
12 0
12 2
13 6
13 14
14 3
14 18
15 1
15 15
16 1
16 11
17 3
17 8
18 13
18 16
19 11
19 13
20 5
20 8

# solution 582
# n=21 sym=rot2 status=verified source=flammenkamp_cache/n21_rot2
# code=:8CBF276JBJFH7H4E02AK4G0AIK6G3D35191EDI598C
0 8
0 12
1 11
1 15
2 2
2 7
3 6
3 19
4 11
4 19
5 15
5 17
6 7
6 17
7 4
7 14
8 0
8 2
9 10
9 20
10 4
10 16
11 0
11 10
12 18
12 20
13 6
13 16
14 3
14 13
15 3
15 5
16 1
16 9
17 1
17 14
18 13
18 18
19 5
19 9
20 8
20 12

# solution 583
# n=21 sym=rot2 status=verified source=flammenkamp_cache/n21_rot2
# code=:7C4C6FEH1935DJ292K0A4GAK0IBI17FHBJ365E8G8D
0 7
0 12
1 4
1 12
2 6
2 15
3 14
3 17
4 1
4 9
5 3
5 5
6 13
6 19
7 2
7 9
8 2
8 20
9 0
9 10
10 4
10 16
11 10
11 20
12 0
12 18
13 11
13 18
14 1
14 7
15 15
15 17
16 11
16 19
17 3
17 6
18 5
18 14
19 8
19 16
20 8
20 13

# solution 584
# n=21 sym=rot2 status=verified source=flammenkamp_cache/n21_rot2
# code=:8DFH0I567BBE1G03IJ8A4GAC12HK4J699DEF2K357C
0 8
0 13
1 15
1 17
2 0
2 18
3 5
3 6
4 7
4 11
5 11
5 14
6 1
6 16
7 0
7 3
8 18
8 19
9 8
9 10
10 4
10 16
11 10
11 12
12 1
12 2
13 17
13 20
14 4
14 19
15 6
15 9
16 9
16 13
17 14
17 15
18 2
18 20
19 3
19 5
20 7
20 12

# solution 585
# n=21 sym=rot2 status=verified source=flammenkamp_cache/n21_rot2
# code=:47BC58EH1I35DJ690I0A4GAK2KBE17FH2J36CF89DG
0 4
0 7
1 11
1 12
2 5
2 8
3 14
3 17
4 1
4 18
5 3
5 5
6 13
6 19
7 6
7 9
8 0
8 18
9 0
9 10
10 4
10 16
11 10
11 20
12 2
12 20
13 11
13 14
14 1
14 7
15 15
15 17
16 2
16 19
17 3
17 6
18 12
18 15
19 8
19 9
20 13
20 16

# solution 586
# n=21 sym=rot2 status=verified source=flammenkamp_cache/n21_rot2
# code=:9B357ICECE351701IKAG4G4A02JKDJFH68682DFH9B
0 9
0 11
1 3
1 5
2 7
2 18
3 12
3 14
4 12
4 14
5 3
5 5
6 1
6 7
7 0
7 1
8 18
8 20
9 10
9 16
10 4
10 16
11 4
11 10
12 0
12 2
13 19
13 20
14 13
14 19
15 15
15 17
16 6
16 8
17 6
17 8
18 2
18 13
19 15
19 17
20 9
20 11

# solution 587
# n=21 sym=rot2 status=verified source=flammenkamp_cache/n21_rot2
# code=:481E59CF3713DE29IK0A4GAK02BI67HJDH58BF6JCG
0 4
0 8
1 1
1 14
2 5
2 9
3 12
3 15
4 3
4 7
5 1
5 3
6 13
6 14
7 2
7 9
8 18
8 20
9 0
9 10
10 4
10 16
11 10
11 20
12 0
12 2
13 11
13 18
14 6
14 7
15 17
15 19
16 13
16 17
17 5
17 8
18 11
18 15
19 6
19 19
20 12
20 16

# solution 588
# n=21 sym=rot2 status=verified source=flammenkamp_cache/n21_rot2
# code=:5CEHBECK4I3I5D9D1JAK4G0A1J7B7F2H2G0869368F
0 5
0 12
1 14
1 17
2 11
2 14
3 12
3 20
4 4
4 18
5 3
5 18
6 5
6 13
7 9
7 13
8 1
8 19
9 10
9 20
10 4
10 16
11 0
11 10
12 1
12 19
13 7
13 11
14 7
14 15
15 2
15 17
16 2
16 16
17 0
17 8
18 6
18 9
19 3
19 6
20 8
20 15

# solution 589
# n=21 sym=rot2 status=verified source=flammenkamp_cache/n21_rot2
# code=:6CBC1B36DFFI4I03017A4GADJKHK2G2557EH9J898E
0 6
0 12
1 11
1 12
2 1
2 11
3 3
3 6
4 13
4 15
5 15
5 18
6 4
6 18
7 0
7 3
8 0
8 1
9 7
9 10
10 4
10 16
11 10
11 13
12 19
12 20
13 17
13 20
14 2
14 16
15 2
15 5
16 5
16 7
17 14
17 17
18 9
18 19
19 8
19 9
20 8
20 14

# solution 590
# n=21 sym=rot2 status=verified source=flammenkamp_cache/n21_rot2
# code=:IK5968CEBF2337GJ1K7A4GAD0J14DHHI5968CEBF02
0 18
0 20
1 5
1 9
2 6
2 8
3 12
3 14
4 11
4 15
5 2
5 3
6 3
6 7
7 16
7 19
8 1
8 20
9 7
9 10
10 4
10 16
11 10
11 13
12 0
12 19
13 1
13 4
14 13
14 17
15 17
15 18
16 5
16 9
17 6
17 8
18 12
18 14
19 11
19 15
20 0
20 2

# solution 591
# n=21 sym=rot2 status=verified source=flammenkamp_cache/n21_rot2
# code=:4F9B16CEFK383I7D1K2A4GAI0J7D2HCH0568EJ9B5G
0 4
0 15
1 9
1 11
2 1
2 6
3 12
3 14
4 15
4 20
5 3
5 8
6 3
6 18
7 7
7 13
8 1
8 20
9 2
9 10
10 4
10 16
11 10
11 18
12 0
12 19
13 7
13 13
14 2
14 17
15 12
15 17
16 0
16 5
17 6
17 8
18 14
18 19
19 9
19 11
20 5
20 16

# solution 592
# n=21 sym=rot2 status=verified source=flammenkamp_cache/n21_rot2
# code=:5I3CBF4D6802DE13019A4GABJKHJ67IKCE7G598H2F
0 5
0 18
1 3
1 12
2 11
2 15
3 4
3 13
4 6
4 8
5 0
5 2
6 13
6 14
7 1
7 3
8 0
8 1
9 9
9 10
10 4
10 16
11 10
11 11
12 19
12 20
13 17
13 19
14 6
14 7
15 18
15 20
16 12
16 14
17 7
17 16
18 5
18 9
19 8
19 17
20 2
20 15

# solution 593
# n=21 sym=rot2 status=verified source=flammenkamp_cache/n21_rot2
# code=:9F6B468D1I3I3D0FJK8A4GAC015K7H2H2J7CEG9E5B
0 9
0 15
1 6
1 11
2 4
2 6
3 8
3 13
4 1
4 18
5 3
5 18
6 3
6 13
7 0
7 15
8 19
8 20
9 8
9 10
10 4
10 16
11 10
11 12
12 0
12 1
13 5
13 20
14 7
14 17
15 2
15 17
16 2
16 19
17 7
17 12
18 14
18 16
19 9
19 14
20 5
20 11

# solution 594
# n=21 sym=rot2 status=verified source=flammenkamp_cache/n21_rot2
# code=:5CEG79CHIJ560239JK7A4GAD01BHIKEF1238BD468F
0 5
0 12
1 14
1 16
2 7
2 9
3 12
3 17
4 18
4 19
5 5
5 6
6 0
6 2
7 3
7 9
8 19
8 20
9 7
9 10
10 4
10 16
11 10
11 13
12 0
12 1
13 11
13 17
14 18
14 20
15 14
15 15
16 1
16 2
17 3
17 8
18 11
18 13
19 4
19 6
20 8
20 15

# solution 595
# n=21 sym=rot2 status=verified source=flammenkamp_cache/n21_rot2
# code=:579ECFCE0K347I131A9I4G2BAJHJ2DGH0K68586BDF
0 5
0 7
1 9
1 14
2 12
2 15
3 12
3 14
4 0
4 20
5 3
5 4
6 7
6 18
7 1
7 3
8 1
8 10
9 9
9 18
10 4
10 16
11 2
11 11
12 10
12 19
13 17
13 19
14 2
14 13
15 16
15 17
16 0
16 20
17 6
17 8
18 5
18 8
19 6
19 11
20 13
20 15

# solution 596
# n=21 sym=rot2 status=verified source=flammenkamp_cache/n21_rot2
# code=:579ECF8E0K347I131A9I4G2BAJHJ2DGH0K6C586BDF
0 5
0 7
1 9
1 14
2 12
2 15
3 8
3 14
4 0
4 20
5 3
5 4
6 7
6 18
7 1
7 3
8 1
8 10
9 9
9 18
10 4
10 16
11 2
11 11
12 10
12 19
13 17
13 19
14 2
14 13
15 16
15 17
16 0
16 20
17 6
17 12
18 5
18 8
19 6
19 11
20 13
20 15

# solution 597
# n=21 sym=rot2 status=verified source=flammenkamp_cache/n21_rot2
# code=:7CBE358DHI040F9JAJ264GEI1A1B5KGK237CFH698D
0 7
0 12
1 11
1 14
2 3
2 5
3 8
3 13
4 17
4 18
5 0
5 4
6 0
6 15
7 9
7 19
8 10
8 19
9 2
9 6
10 4
10 16
11 14
11 18
12 1
12 10
13 1
13 11
14 5
14 20
15 16
15 20
16 2
16 3
17 7
17 12
18 15
18 17
19 6
19 9
20 8
20 13

# solution 598
# n=21 sym=rot2 status=verified source=flammenkamp_cache/n21_rot2
# code=:3I199C7ECKGK5715AHEI4G263AFJDF04086D8BBJ2H
0 3
0 18
1 1
1 9
2 9
2 12
3 7
3 14
4 12
4 20
5 16
5 20
6 5
6 7
7 1
7 5
8 10
8 17
9 14
9 18
10 4
10 16
11 2
11 6
12 3
12 10
13 15
13 19
14 13
14 15
15 0
15 4
16 0
16 8
17 6
17 13
18 8
18 11
19 11
19 19
20 2
20 17

# solution 599
# n=21 sym=rot2 status=verified source=flammenkamp_cache/n21_rot2
# code=:DH9J9FDJ48EK238EAI0F4G5K2A6CHI06CG175B1B37
0 13
0 17
1 9
1 19
2 9
2 15
3 13
3 19
4 4
4 8
5 14
5 20
6 2
6 3
7 8
7 14
8 10
8 18
9 0
9 15
10 4
10 16
11 5
11 20
12 2
12 10
13 6
13 12
14 17
14 18
15 0
15 6
16 12
16 16
17 1
17 7
18 5
18 11
19 1
19 11
20 3
20 7

# solution 600
# n=21 sym=rot2 status=verified source=flammenkamp_cache/n21_rot2
# code=:CFBC5627GJDI03691AHK4G03AJBEHK2714DIEF8958
0 12
0 15
1 11
1 12
2 5
2 6
3 2
3 7
4 16
4 19
5 13
5 18
6 0
6 3
7 6
7 9
8 1
8 10
9 17
9 20
10 4
10 16
11 0
11 3
12 10
12 19
13 11
13 14
14 17
14 20
15 2
15 7
16 1
16 4
17 13
17 18
18 14
18 15
19 8
19 9
20 5
20 8

# solution 601
# n=21 sym=rot2 status=verified source=flammenkamp_cache/n21_rot2
# code=:CFBC562DGJDI01693AHK4G03AHBEJK27147IEF8958
0 12
0 15
1 11
1 12
2 5
2 6
3 2
3 13
4 16
4 19
5 13
5 18
6 0
6 1
7 6
7 9
8 3
8 10
9 17
9 20
10 4
10 16
11 0
11 3
12 10
12 17
13 11
13 14
14 19
14 20
15 2
15 7
16 1
16 4
17 7
17 18
18 14
18 15
19 8
19 9
20 5
20 8

# solution 602
# n=21 sym=rot2 status=verified source=flammenkamp_cache/n21_rot2
# code=:9CEI7E791I5F1H480AHK4G03AKCG3J5F2JBD6D268B
0 9
0 12
1 14
1 18
2 7
2 14
3 7
3 9
4 1
4 18
5 5
5 15
6 1
6 17
7 4
7 8
8 0
8 10
9 17
9 20
10 4
10 16
11 0
11 3
12 10
12 20
13 12
13 16
14 3
14 19
15 5
15 15
16 2
16 19
17 11
17 13
18 6
18 13
19 2
19 6
20 8
20 11

# solution 603
# n=21 sym=rot2 status=verified source=flammenkamp_cache/n21_rot2
# code=:EJ9F8E34BF7D1H28AK024GIK0ACI3J7D59GH6C5B16
0 14
0 19
1 9
1 15
2 8
2 14
3 3
3 4
4 11
4 15
5 7
5 13
6 1
6 17
7 2
7 8
8 10
8 20
9 0
9 2
10 4
10 16
11 18
11 20
12 0
12 10
13 12
13 18
14 3
14 19
15 7
15 13
16 5
16 9
17 16
17 17
18 6
18 12
19 5
19 11
20 1
20 6

# solution 604
# n=21 sym=rot2 status=verified source=flammenkamp_cache/n21_rot2
# code=:579B1578EHCG361I0A0I4G2KAK2JEH4836CDFJ9BDF
0 5
0 7
1 9
1 11
2 1
2 5
3 7
3 8
4 14
4 17
5 12
5 16
6 3
6 6
7 1
7 18
8 0
8 10
9 0
9 18
10 4
10 16
11 2
11 20
12 10
12 20
13 2
13 19
14 14
14 17
15 4
15 8
16 3
16 6
17 12
17 13
18 15
18 19
19 9
19 11
20 13
20 15

# solution 605
# n=21 sym=rot2 status=verified source=flammenkamp_cache/n21_rot2
# code=:4829DH09DJ8FFJ366A2K4G0IAEEH155C17BK37BICG
0 4
0 8
1 2
1 9
2 13
2 17
3 0
3 9
4 13
4 19
5 8
5 15
6 15
6 19
7 3
7 6
8 6
8 10
9 2
9 20
10 4
10 16
11 0
11 18
12 10
12 14
13 14
13 17
14 1
14 5
15 5
15 12
16 1
16 7
17 11
17 20
18 3
18 7
19 11
19 18
20 12
20 16

# solution 606
# n=21 sym=rot2 status=verified source=flammenkamp_cache/n21_rot2
# code=:482BDH09DJ8FFJ366A2K4G0IAEEH155C17BK379ICG
0 4
0 8
1 2
1 11
2 13
2 17
3 0
3 9
4 13
4 19
5 8
5 15
6 15
6 19
7 3
7 6
8 6
8 10
9 2
9 20
10 4
10 16
11 0
11 18
12 10
12 14
13 14
13 17
14 1
14 5
15 5
15 12
16 1
16 7
17 11
17 20
18 3
18 7
19 9
19 18
20 12
20 16

# solution 607
# n=21 sym=rot2 status=verified source=flammenkamp_cache/n21_rot2
# code=:179IEF69GH5D188I3A0K4G0KAH2CCJ7F34BE562BDJ
0 1
0 7
1 9
1 18
2 14
2 15
3 6
3 9
4 16
4 17
5 5
5 13
6 1
6 8
7 8
7 18
8 3
8 10
9 0
9 20
10 4
10 16
11 0
11 20
12 10
12 17
13 2
13 12
14 12
14 19
15 7
15 15
16 3
16 4
17 11
17 14
18 5
18 6
19 2
19 11
20 13
20 19

# solution 608
# n=21 sym=rot2 status=verified source=flammenkamp_cache/n21_rot2
# code=:DG5B5J3D39EI8E8I1A0K4G0KAJ2C6C26BH7H1F9F47
0 13
0 16
1 5
1 11
2 5
2 19
3 3
3 13
4 3
4 9
5 14
5 18
6 8
6 14
7 8
7 18
8 1
8 10
9 0
9 20
10 4
10 16
11 0
11 20
12 10
12 19
13 2
13 12
14 6
14 12
15 2
15 6
16 11
16 17
17 7
17 17
18 1
18 15
19 9
19 15
20 4
20 7

# solution 609
# n=21 sym=rot2 status=verified source=flammenkamp_cache/n21_rot2
# code=:7H9B3G682CEF271J5A0K4G0KAF1JDI568ICE4H9B3D
0 7
0 17
1 9
1 11
2 3
2 16
3 6
3 8
4 2
4 12
5 14
5 15
6 2
6 7
7 1
7 19
8 5
8 10
9 0
9 20
10 4
10 16
11 0
11 20
12 10
12 15
13 1
13 19
14 13
14 18
15 5
15 6
16 8
16 18
17 12
17 14
18 4
18 17
19 9
19 11
20 3
20 13

# solution 610
# n=21 sym=rot2 status=verified source=flammenkamp_cache/n21_rot2
# code=:8GBF378E2I3K7E0A1J594GBF1JAK6D0H2I6CDH594C
0 8
0 16
1 11
1 15
2 3
2 7
3 8
3 14
4 2
4 18
5 3
5 20
6 7
6 14
7 0
7 10
8 1
8 19
9 5
9 9
10 4
10 16
11 11
11 15
12 1
12 19
13 10
13 20
14 6
14 13
15 0
15 17
16 2
16 18
17 6
17 12
18 13
18 17
19 5
19 9
20 4
20 12

# solution 611
# n=21 sym=rot2 status=verified source=flammenkamp_cache/n21_rot2
# code=:27BE358E2K01DF8AGJ394GBH14AC57JK0I6CFH69DI
0 2
0 7
1 11
1 14
2 3
2 5
3 8
3 14
4 2
4 20
5 0
5 1
6 13
6 15
7 8
7 10
8 16
8 19
9 3
9 9
10 4
10 16
11 11
11 17
12 1
12 4
13 10
13 12
14 5
14 7
15 19
15 20
16 0
16 18
17 6
17 12
18 15
18 17
19 6
19 9
20 13
20 18

# solution 612
# n=21 sym=rot2 status=verified source=flammenkamp_cache/n21_rot2
# code=:349EDJ782KCFFIAK369J4G1BEH0A25580ICD176BGH
0 3
0 4
1 9
1 14
2 13
2 19
3 7
3 8
4 2
4 20
5 12
5 15
6 15
6 18
7 10
7 20
8 3
8 6
9 9
9 19
10 4
10 16
11 1
11 11
12 14
12 17
13 0
13 10
14 2
14 5
15 5
15 8
16 0
16 18
17 12
17 13
18 1
18 7
19 6
19 11
20 16
20 17

# solution 613
# n=21 sym=rot2 status=verified source=flammenkamp_cache/n21_rot2
# code=:349EDJ782KCFFI0A369J4G1BEHAK25580ICD176BGH
0 3
0 4
1 9
1 14
2 13
2 19
3 7
3 8
4 2
4 20
5 12
5 15
6 15
6 18
7 0
7 10
8 3
8 6
9 9
9 19
10 4
10 16
11 1
11 11
12 14
12 17
13 10
13 20
14 2
14 5
15 5
15 8
16 0
16 18
17 12
17 13
18 1
18 7
19 6
19 11
20 16
20 17

# solution 614
# n=21 sym=rot2 status=verified source=flammenkamp_cache/n21_rot2
# code=:8BFH678E2H2F07AK1G9J4G1B4J0ADK5I3I6CDE359C
0 8
0 11
1 15
1 17
2 6
2 7
3 8
3 14
4 2
4 17
5 2
5 15
6 0
6 7
7 10
7 20
8 1
8 16
9 9
9 19
10 4
10 16
11 1
11 11
12 4
12 19
13 0
13 10
14 13
14 20
15 5
15 18
16 3
16 18
17 6
17 12
18 13
18 14
19 3
19 5
20 9
20 12

# solution 615
# n=21 sym=rot2 status=verified source=flammenkamp_cache/n21_rot2
# code=:8C9E59DHEI15020AHJ474GDG13AKIKFJ2637BF6B8C
0 8
0 12
1 9
1 14
2 5
2 9
3 13
3 17
4 14
4 18
5 1
5 5
6 0
6 2
7 0
7 10
8 17
8 19
9 4
9 7
10 4
10 16
11 13
11 16
12 1
12 3
13 10
13 20
14 18
14 20
15 15
15 19
16 2
16 6
17 3
17 7
18 11
18 15
19 6
19 11
20 8
20 12

# solution 616
# n=21 sym=rot2 status=verified source=flammenkamp_cache/n21_rot2
# code=:59CI9I3D06CHFK4AEJ174GDJ16AG0538EK7H2B28BF
0 5
0 9
1 12
1 18
2 9
2 18
3 3
3 13
4 0
4 6
5 12
5 17
6 15
6 20
7 4
7 10
8 14
8 19
9 1
9 7
10 4
10 16
11 13
11 19
12 1
12 6
13 10
13 16
14 0
14 5
15 3
15 8
16 14
16 20
17 7
17 17
18 2
18 11
19 2
19 8
20 11
20 15

# solution 617
# n=21 sym=rot2 status=verified source=flammenkamp_cache/n21_rot2
# code=:596C9H5D0ICHEK4A2J174GDJ1IAG06382K7F3B8EBF
0 5
0 9
1 6
1 12
2 9
2 17
3 5
3 13
4 0
4 18
5 12
5 17
6 14
6 20
7 4
7 10
8 2
8 19
9 1
9 7
10 4
10 16
11 13
11 19
12 1
12 18
13 10
13 16
14 0
14 6
15 3
15 8
16 2
16 20
17 7
17 15
18 3
18 11
19 8
19 14
20 11
20 15

# solution 618
# n=21 sym=rot2 status=verified source=flammenkamp_cache/n21_rot2
# code=:7C6C39EJ255902AKGH174GDJ340AIKBFFI16BH8E8D
0 7
0 12
1 6
1 12
2 3
2 9
3 14
3 19
4 2
4 5
5 5
5 9
6 0
6 2
7 10
7 20
8 16
8 17
9 1
9 7
10 4
10 16
11 13
11 19
12 3
12 4
13 0
13 10
14 18
14 20
15 11
15 15
16 15
16 18
17 1
17 6
18 11
18 17
19 8
19 14
20 8
20 13

# solution 619
# n=21 sym=rot2 status=verified source=flammenkamp_cache/n21_rot2
# code=:BJ6C6B38IJ7F3KAF2G074GDK4I5A0H5D12CH9E8E19
0 11
0 19
1 6
1 12
2 6
2 11
3 3
3 8
4 18
4 19
5 7
5 15
6 3
6 20
7 10
7 15
8 2
8 16
9 0
9 7
10 4
10 16
11 13
11 20
12 4
12 18
13 5
13 10
14 0
14 17
15 5
15 13
16 1
16 2
17 12
17 17
18 9
18 14
19 8
19 14
20 1
20 9

# solution 620
# n=21 sym=rot2 status=verified source=flammenkamp_cache/n21_rot2
# code=:8F6B6B48IJFH7K3A12074GDKIJAH0D3512CG9E9E5C
0 8
0 15
1 6
1 11
2 6
2 11
3 4
3 8
4 18
4 19
5 15
5 17
6 7
6 20
7 3
7 10
8 1
8 2
9 0
9 7
10 4
10 16
11 13
11 20
12 18
12 19
13 10
13 17
14 0
14 13
15 3
15 5
16 1
16 2
17 12
17 16
18 9
18 14
19 9
19 14
20 5
20 12

# solution 621
# n=21 sym=rot2 status=verified source=flammenkamp_cache/n21_rot2
# code=:48BDFH68BFHK126A127K4G0DIJAEIJ0359CE3579CG
0 4
0 8
1 11
1 13
2 15
2 17
3 6
3 8
4 11
4 15
5 17
5 20
6 1
6 2
7 6
7 10
8 1
8 2
9 7
9 20
10 4
10 16
11 0
11 13
12 18
12 19
13 10
13 14
14 18
14 19
15 0
15 3
16 5
16 9
17 12
17 14
18 3
18 5
19 7
19 9
20 12
20 16

# solution 622
# n=21 sym=rot2 status=verified source=flammenkamp_cache/n21_rot2
# code=:8GBDFH68BFHK126A127K4G0DIJAEIJ0359CE35794C
0 8
0 16
1 11
1 13
2 15
2 17
3 6
3 8
4 11
4 15
5 17
5 20
6 1
6 2
7 6
7 10
8 1
8 2
9 7
9 20
10 4
10 16
11 0
11 13
12 18
12 19
13 10
13 14
14 18
14 19
15 0
15 3
16 5
16 9
17 12
17 14
18 3
18 5
19 7
19 9
20 4
20 12

# solution 623
# n=21 sym=rot2 status=verified source=flammenkamp_cache/n21_rot2
# code=:8BFIBH1806FJ36AK27DG4G47DI0AEH15EKCJ39259C
0 8
0 11
1 15
1 18
2 11
2 17
3 1
3 8
4 0
4 6
5 15
5 19
6 3
6 6
7 10
7 20
8 2
8 7
9 13
9 16
10 4
10 16
11 4
11 7
12 13
12 18
13 0
13 10
14 14
14 17
15 1
15 5
16 14
16 20
17 12
17 19
18 3
18 9
19 2
19 5
20 9
20 12

# solution 624
# n=21 sym=rot2 status=verified source=flammenkamp_cache/n21_rot2
# code=:49CK693E2C2H7K5A17FJ4G15DJAF0D3I8I6HBE08BG
0 4
0 9
1 12
1 20
2 6
2 9
3 3
3 14
4 2
4 12
5 2
5 17
6 7
6 20
7 5
7 10
8 1
8 7
9 15
9 19
10 4
10 16
11 1
11 5
12 13
12 19
13 10
13 15
14 0
14 13
15 3
15 18
16 8
16 18
17 6
17 17
18 11
18 14
19 0
19 8
20 11
20 16

# solution 625
# n=21 sym=rot2 status=verified source=flammenkamp_cache/n21_rot2
# code=:8I6E8H7BFIFK370A194J4G1GBJAKDH05259D3C6E2C
0 8
0 18
1 6
1 14
2 8
2 17
3 7
3 11
4 15
4 18
5 15
5 20
6 3
6 7
7 0
7 10
8 1
8 9
9 4
9 19
10 4
10 16
11 1
11 16
12 11
12 19
13 10
13 20
14 13
14 17
15 0
15 5
16 2
16 5
17 9
17 13
18 3
18 12
19 6
19 14
20 2
20 12

# solution 626
# n=21 sym=rot2 status=verified source=flammenkamp_cache/n21_rot2
# code=:472KBC67CE03FI5A19134GHJBJAF25HK68DE890IDG
0 4
0 7
1 2
1 20
2 11
2 12
3 6
3 7
4 12
4 14
5 0
5 3
6 15
6 18
7 5
7 10
8 1
8 9
9 1
9 3
10 4
10 16
11 17
11 19
12 11
12 19
13 10
13 15
14 2
14 5
15 17
15 20
16 6
16 8
17 13
17 14
18 8
18 9
19 0
19 18
20 13
20 16

# solution 627
# n=21 sym=rot2 status=verified source=flammenkamp_cache/n21_rot2
# code=:7B6C2JFGCE03IK5A79134GHJBDAF02HK68451I8E9D
0 7
0 11
1 6
1 12
2 2
2 19
3 15
3 16
4 12
4 14
5 0
5 3
6 18
6 20
7 5
7 10
8 7
8 9
9 1
9 3
10 4
10 16
11 17
11 19
12 11
12 13
13 10
13 15
14 0
14 2
15 17
15 20
16 6
16 8
17 4
17 5
18 1
18 18
19 8
19 14
20 9
20 13

# solution 628
# n=21 sym=rot2 status=verified source=flammenkamp_cache/n21_rot2
# code=:BD6C2JFGCE03IK5A79134GHJBDAF02HK68451I8E79
0 11
0 13
1 6
1 12
2 2
2 19
3 15
3 16
4 12
4 14
5 0
5 3
6 18
6 20
7 5
7 10
8 7
8 9
9 1
9 3
10 4
10 16
11 17
11 19
12 11
12 13
13 10
13 15
14 0
14 2
15 17
15 20
16 6
16 8
17 4
17 5
18 1
18 18
19 8
19 14
20 7
20 9

# solution 629
# n=21 sym=rot2 status=verified source=flammenkamp_cache/n21_rot2
# code=:BD6C25GJCE03IK5A79134GHJBDAF02HK6814FI8E79
0 11
0 13
1 6
1 12
2 2
2 5
3 16
3 19
4 12
4 14
5 0
5 3
6 18
6 20
7 5
7 10
8 7
8 9
9 1
9 3
10 4
10 16
11 17
11 19
12 11
12 13
13 10
13 15
14 0
14 2
15 17
15 20
16 6
16 8
17 1
17 4
18 15
18 18
19 8
19 14
20 7
20 9

# solution 630
# n=21 sym=rot2 status=verified source=flammenkamp_cache/n21_rot2
# code=:4E8BBJ7F6C0IIJAF37034GHKDH5A122K8E5D199C6G
0 4
0 14
1 8
1 11
2 11
2 19
3 7
3 15
4 6
4 12
5 0
5 18
6 18
6 19
7 10
7 15
8 3
8 7
9 0
9 3
10 4
10 16
11 17
11 20
12 13
12 17
13 5
13 10
14 1
14 2
15 2
15 20
16 8
16 14
17 5
17 13
18 1
18 9
19 9
19 12
20 6
20 16

# solution 631
# n=21 sym=rot2 status=verified source=flammenkamp_cache/n21_rot2
# code=:8D6H6B08HIBFFKAI471J4G1JDG2A055923CK9E3E7C
0 8
0 13
1 6
1 17
2 6
2 11
3 0
3 8
4 17
4 18
5 11
5 15
6 15
6 20
7 10
7 18
8 4
8 7
9 1
9 19
10 4
10 16
11 1
11 19
12 13
12 16
13 2
13 10
14 0
14 5
15 5
15 9
16 2
16 3
17 12
17 20
18 9
18 14
19 3
19 14
20 7
20 12

# solution 632
# n=21 sym=rot2 status=verified source=flammenkamp_cache/n21_rot2
# code=:570EBF7H8I3B6G8A1I014GJK2JAC4E9H2C3D596KDF
0 5
0 7
1 0
1 14
2 11
2 15
3 7
3 17
4 8
4 18
5 3
5 11
6 6
6 16
7 8
7 10
8 1
8 18
9 0
9 1
10 4
10 16
11 19
11 20
12 2
12 19
13 10
13 12
14 4
14 14
15 9
15 17
16 2
16 12
17 3
17 13
18 5
18 9
19 6
19 20
20 13
20 15

# solution 633
# n=21 sym=rot2 status=verified source=flammenkamp_cache/n21_rot2
# code=:469CBF162HDFIK8A3D0J4G1K7HAC02573IEJ598BEG
0 4
0 6
1 9
1 12
2 11
2 15
3 1
3 6
4 2
4 17
5 13
5 15
6 18
6 20
7 8
7 10
8 3
8 13
9 0
9 19
10 4
10 16
11 1
11 20
12 7
12 17
13 10
13 12
14 0
14 2
15 5
15 7
16 3
16 18
17 14
17 19
18 5
18 9
19 8
19 11
20 14
20 16

# solution 634
# n=21 sym=rot2 status=verified source=flammenkamp_cache/n21_rot2
# code=:5B8E8EBF3I027D3A4J0J4G1K1GAH7DIK2H596C6C9F
0 5
0 11
1 8
1 14
2 8
2 14
3 11
3 15
4 3
4 18
5 0
5 2
6 7
6 13
7 3
7 10
8 4
8 19
9 0
9 19
10 4
10 16
11 1
11 20
12 1
12 16
13 10
13 17
14 7
14 13
15 18
15 20
16 2
16 17
17 5
17 9
18 6
18 12
19 6
19 12
20 9
20 15

# solution 635
# n=21 sym=rot2 status=verified source=flammenkamp_cache/n21_rot2
# code=:8E8H3B7FFK274IAE9J0J4G1K1B6A2GDI055D9H3C6C
0 8
0 14
1 8
1 17
2 3
2 11
3 7
3 15
4 15
4 20
5 2
5 7
6 4
6 18
7 10
7 14
8 9
8 19
9 0
9 19
10 4
10 16
11 1
11 20
12 1
12 11
13 6
13 10
14 2
14 16
15 13
15 18
16 0
16 5
17 5
17 13
18 9
18 17
19 3
19 12
20 6
20 12

# solution 636
# n=21 sym=rot2 status=verified source=flammenkamp_cache/n21_rot2
# code=:58HIBE165B3D0I8A4DJK4G017GAC2K7H9FEJ6923CF
0 5
0 8
1 17
1 18
2 11
2 14
3 1
3 6
4 5
4 11
5 3
5 13
6 0
6 18
7 8
7 10
8 4
8 13
9 19
9 20
10 4
10 16
11 0
11 1
12 7
12 16
13 10
13 12
14 2
14 20
15 7
15 17
16 9
16 15
17 14
17 19
18 6
18 9
19 2
19 3
20 12
20 15

# solution 637
# n=21 sym=rot2 status=verified source=flammenkamp_cache/n21_rot2
# code=:8E5C7FDH29HK49AE12JK4G01IJ6ABG03BI375D8F6C
0 8
0 14
1 5
1 12
2 7
2 15
3 13
3 17
4 2
4 9
5 17
5 20
6 4
6 9
7 10
7 14
8 1
8 2
9 19
9 20
10 4
10 16
11 0
11 1
12 18
12 19
13 6
13 10
14 11
14 16
15 0
15 3
16 11
16 18
17 3
17 7
18 5
18 13
19 8
19 15
20 6
20 12

# solution 638
# n=21 sym=rot2 status=verified source=flammenkamp_cache/n21_rot2
# code=:699CEGCH052717AF3IJK4G012H5ADJDIFK38468BBE
0 6
0 9
1 9
1 12
2 14
2 16
3 12
3 17
4 0
4 5
5 2
5 7
6 1
6 7
7 10
7 15
8 3
8 18
9 19
9 20
10 4
10 16
11 0
11 1
12 2
12 17
13 5
13 10
14 13
14 19
15 13
15 18
16 15
16 20
17 3
17 8
18 4
18 6
19 8
19 11
20 11
20 14

# solution 639
# n=21 sym=rot2 status=verified source=flammenkamp_cache/n21_rot2
# code=:599I5ECE2KDH478A13JK4G01HJACDG370I686F2BBF
0 5
0 9
1 9
1 18
2 5
2 14
3 12
3 14
4 2
4 20
5 13
5 17
6 4
6 7
7 8
7 10
8 1
8 3
9 19
9 20
10 4
10 16
11 0
11 1
12 17
12 19
13 10
13 12
14 13
14 16
15 3
15 7
16 0
16 18
17 6
17 8
18 6
18 15
19 2
19 11
20 11
20 15

# solution 640
# n=21 sym=rot2 status=verified source=flammenkamp_cache/n21_rot2
# code=:8F482D9F3K3D1IAE69JK4G01BE6A2J7H0H5B7ICG5C
0 8
0 15
1 4
1 8
2 2
2 13
3 9
3 15
4 3
4 20
5 3
5 13
6 1
6 18
7 10
7 14
8 6
8 9
9 19
9 20
10 4
10 16
11 0
11 1
12 11
12 14
13 6
13 10
14 2
14 19
15 7
15 17
16 0
16 17
17 5
17 11
18 7
18 18
19 12
19 16
20 5
20 12

# solution 641
# n=21 sym=rot2 status=verified source=flammenkamp_cache/n21_rot2
# code=:67BFBH5E8I13GI8A170K4G0KDJAC24HJ2C6F3959DE
0 6
0 7
1 11
1 15
2 11
2 17
3 5
3 14
4 8
4 18
5 1
5 3
6 16
6 18
7 8
7 10
8 1
8 7
9 0
9 20
10 4
10 16
11 0
11 20
12 13
12 19
13 10
13 12
14 2
14 4
15 17
15 19
16 2
16 12
17 6
17 15
18 3
18 9
19 5
19 9
20 13
20 14

# solution 642
# n=21 sym=rot2 status=verified source=flammenkamp_cache/n21_rot2
# code=:8D6HBF8F36179IAI1G0K4G0K4J2A2BDJEH5C593E7C
0 8
0 13
1 6
1 17
2 11
2 15
3 8
3 15
4 3
4 6
5 1
5 7
6 9
6 18
7 10
7 18
8 1
8 16
9 0
9 20
10 4
10 16
11 0
11 20
12 4
12 19
13 2
13 10
14 2
14 11
15 13
15 19
16 14
16 17
17 5
17 12
18 5
18 9
19 3
19 14
20 7
20 12

# solution 643
# n=21 sym=rot2 status=verified source=flammenkamp_cache/n21_rot2
# code=:6B8IEH074I3C7AFJ59014GJKBF15AD8H2GDK362C9E
0 6
0 11
1 8
1 18
2 14
2 17
3 0
3 7
4 4
4 18
5 3
5 12
6 7
6 10
7 15
7 19
8 5
8 9
9 0
9 1
10 4
10 16
11 19
11 20
12 11
12 15
13 1
13 5
14 10
14 13
15 8
15 17
16 2
16 16
17 13
17 20
18 3
18 6
19 2
19 12
20 9
20 14

# solution 644
# n=21 sym=rot2 status=verified source=flammenkamp_cache/n21_rot2
# code=:BKCEFJ574KDH1A8E29HI4G23BI6CAJ370GDF156809
0 11
0 20
1 12
1 14
2 15
2 19
3 5
3 7
4 4
4 20
5 13
5 17
6 1
6 10
7 8
7 14
8 2
8 9
9 17
9 18
10 4
10 16
11 2
11 3
12 11
12 18
13 6
13 12
14 10
14 19
15 3
15 7
16 0
16 16
17 13
17 15
18 1
18 5
19 6
19 8
20 0
20 9

# solution 645
# n=21 sym=rot2 status=verified source=flammenkamp_cache/n21_rot2
# code=:BF6D276C8IHJ5AGK09134GHJBK04AF132C8EDI7E59
0 11
0 15
1 6
1 13
2 2
2 7
3 6
3 12
4 8
4 18
5 17
5 19
6 5
6 10
7 16
7 20
8 0
8 9
9 1
9 3
10 4
10 16
11 17
11 19
12 11
12 20
13 0
13 4
14 10
14 15
15 1
15 3
16 2
16 12
17 8
17 14
18 13
18 18
19 7
19 14
20 5
20 9

# solution 646
# n=21 sym=rot2 status=verified source=flammenkamp_cache/n21_rot2
# code=:CECEBJ7K2H571A249HFK4G053BGIAJDF3I0D196868
0 12
0 14
1 12
1 14
2 11
2 19
3 7
3 20
4 2
4 17
5 5
5 7
6 1
6 10
7 2
7 4
8 9
8 17
9 15
9 20
10 4
10 16
11 0
11 5
12 3
12 11
13 16
13 18
14 10
14 19
15 13
15 15
16 3
16 18
17 0
17 13
18 1
18 9
19 6
19 8
20 6
20 8

# solution 647
# n=21 sym=rot2 status=verified source=flammenkamp_cache/n21_rot2
# code=:EK8H593D258EAJGI09DJ4G17BK241A6CFI7HBF3C06
0 14
0 20
1 8
1 17
2 5
2 9
3 3
3 13
4 2
4 5
5 8
5 14
6 10
6 19
7 16
7 18
8 0
8 9
9 13
9 19
10 4
10 16
11 1
11 7
12 11
12 20
13 2
13 4
14 1
14 10
15 6
15 12
16 15
16 18
17 7
17 17
18 11
18 15
19 3
19 12
20 0
20 6

# solution 648
# n=21 sym=rot2 status=verified source=flammenkamp_cache/n21_rot2
# code=:CD6H9D269J4FAJ0F8I3K4G0H2C5K1A5G1BEI7B3E78
0 12
0 13
1 6
1 17
2 9
2 13
3 2
3 6
4 9
4 19
5 4
5 15
6 10
6 19
7 0
7 15
8 8
8 18
9 3
9 20
10 4
10 16
11 0
11 17
12 2
12 12
13 5
13 20
14 1
14 10
15 5
15 16
16 1
16 11
17 14
17 18
18 7
18 11
19 3
19 14
20 7
20 8

# solution 649
# n=21 sym=rot2 status=verified source=flammenkamp_cache/n21_rot2
# code=:CD6H9D26194FAJ0F8I3K4G0H2C5K1A5GBJEI7B3E78
0 12
0 13
1 6
1 17
2 9
2 13
3 2
3 6
4 1
4 9
5 4
5 15
6 10
6 19
7 0
7 15
8 8
8 18
9 3
9 20
10 4
10 16
11 0
11 17
12 2
12 12
13 5
13 20
14 1
14 10
15 5
15 16
16 11
16 19
17 14
17 18
18 7
18 11
19 3
19 14
20 7
20 8

# solution 650
# n=21 sym=rot2 status=verified source=flammenkamp_cache/n21_rot2
# code=:7B3C16CFBG257A2H060J4G1KEK3IADFI4958EJ8H9D
0 7
0 11
1 3
1 12
2 1
2 6
3 12
3 15
4 11
4 16
5 2
5 5
6 7
6 10
7 2
7 17
8 0
8 6
9 0
9 19
10 4
10 16
11 1
11 20
12 14
12 20
13 3
13 18
14 10
14 13
15 15
15 18
16 4
16 9
17 5
17 8
18 14
18 19
19 8
19 17
20 9
20 13

# solution 651
# n=21 sym=rot2 status=verified source=flammenkamp_cache/n21_rot2
# code=:6B5G3C25AGCD1J0KDH9I6E2B370K1J784AFI8H4F9E
0 6
0 11
1 5
1 16
2 3
2 12
3 2
3 5
4 10
4 16
5 12
5 13
6 1
6 19
7 0
7 20
8 13
8 17
9 9
9 18
10 6
10 14
11 2
11 11
12 3
12 7
13 0
13 20
14 1
14 19
15 7
15 8
16 4
16 10
17 15
17 18
18 8
18 17
19 4
19 15
20 9
20 14

# solution 652
# n=21 sym=rot2 status=verified source=flammenkamp_cache/n21_rot2
# code=:BI8B7E1FFJ03AD6804HI4G23GKCE7AHK155J6D9C29
0 11
0 18
1 8
1 11
2 7
2 14
3 1
3 15
4 15
4 19
5 0
5 3
6 10
6 13
7 6
7 8
8 0
8 4
9 17
9 18
10 4
10 16
11 2
11 3
12 16
12 20
13 12
13 14
14 7
14 10
15 17
15 20
16 1
16 5
17 5
17 19
18 6
18 13
19 9
19 12
20 2
20 9

# solution 653
# n=21 sym=rot2 status=verified source=flammenkamp_cache/n21_rot2
# code=:7D8EBK263C1G9A5F3IJK4G012H5FAB4J8HEI096C7D
0 7
0 13
1 8
1 14
2 11
2 20
3 2
3 6
4 3
4 12
5 1
5 16
6 9
6 10
7 5
7 15
8 3
8 18
9 19
9 20
10 4
10 16
11 0
11 1
12 2
12 17
13 5
13 15
14 10
14 11
15 4
15 19
16 8
16 17
17 14
17 18
18 0
18 9
19 6
19 12
20 7
20 13

# solution 654
# n=21 sym=rot2 status=verified source=flammenkamp_cache/n21_rot2
# code=:9E5C5E7H2HAD141K892K4G0IBC0JGJ7A3I3D6F8F6B
0 9
0 14
1 5
1 12
2 5
2 14
3 7
3 17
4 2
4 17
5 10
5 13
6 1
6 4
7 1
7 20
8 8
8 9
9 2
9 20
10 4
10 16
11 0
11 18
12 11
12 12
13 0
13 19
14 16
14 19
15 7
15 10
16 3
16 18
17 3
17 13
18 6
18 15
19 8
19 15
20 6
20 11

# solution 655
# n=21 sym=rot2 status=verified source=flammenkamp_cache/n21_rot2
# code=:8B5IDI3D6EAJ34JK59084GCKBF01GH1A6E7H272F9C
0 8
0 11
1 5
1 18
2 13
2 18
3 3
3 13
4 6
4 14
5 10
5 19
6 3
6 4
7 19
7 20
8 5
8 9
9 0
9 8
10 4
10 16
11 12
11 20
12 11
12 15
13 0
13 1
14 16
14 17
15 1
15 10
16 6
16 14
17 7
17 17
18 2
18 7
19 2
19 15
20 9
20 12

# solution 656
# n=21 sym=rot2 status=verified source=flammenkamp_cache/n21_rot2
# code=:89EF1E0I8H7A1H4DFI9K4G0B257G3JAD3C2K6J56BC
0 8
0 9
1 14
1 15
2 1
2 14
3 0
3 18
4 8
4 17
5 7
5 10
6 1
6 17
7 4
7 13
8 15
8 18
9 9
9 20
10 4
10 16
11 0
11 11
12 2
12 5
13 7
13 16
14 3
14 19
15 10
15 13
16 3
16 12
17 2
17 20
18 6
18 19
19 5
19 6
20 11
20 12

# solution 657
# n=21 sym=rot2 status=verified source=flammenkamp_cache/n21_rot2
# code=:7GBE47IKACEH2813FJ095FBK15HJCI368A02DG694D
0 7
0 16
1 11
1 14
2 4
2 7
3 18
3 20
4 10
4 12
5 14
5 17
6 2
6 8
7 1
7 3
8 15
8 19
9 0
9 9
10 5
10 15
11 11
11 20
12 1
12 5
13 17
13 19
14 12
14 18
15 3
15 6
16 8
16 10
17 0
17 2
18 13
18 16
19 6
19 9
20 4
20 13

# solution 658
# n=21 sym=rot2 status=verified source=flammenkamp_cache/n21_rot2
# code=:BH28FH17CF2A1G790E064GEK6KBD4JAI58DJ35CI39
0 11
0 17
1 2
1 8
2 15
2 17
3 1
3 7
4 12
4 15
5 2
5 10
6 1
6 16
7 7
7 9
8 0
8 14
9 0
9 6
10 4
10 16
11 14
11 20
12 6
12 20
13 11
13 13
14 4
14 19
15 10
15 18
16 5
16 8
17 13
17 19
18 3
18 5
19 12
19 18
20 3
20 9

# solution 659
# n=21 sym=rot2 status=verified source=flammenkamp_cache/n21_rot2
# code=:8C679F7H131AGIFK9I064GEK2B0524AJHJ3D5BDE8C
0 8
0 12
1 6
1 7
2 9
2 15
3 7
3 17
4 1
4 3
5 1
5 10
6 16
6 18
7 15
7 20
8 9
8 18
9 0
9 6
10 4
10 16
11 14
11 20
12 2
12 11
13 0
13 5
14 2
14 4
15 10
15 19
16 17
16 19
17 3
17 13
18 5
18 11
19 13
19 14
20 8
20 12

# solution 660
# n=21 sym=rot2 status=verified source=flammenkamp_cache/n21_rot2
# code=:785E89350K2AEH49DJIJ4G1217BG36AI0KFHBC6FCD
0 7
0 8
1 5
1 14
2 8
2 9
3 3
3 5
4 0
4 20
5 2
5 10
6 14
6 17
7 4
7 9
8 13
8 19
9 18
9 19
10 4
10 16
11 1
11 2
12 1
12 7
13 11
13 16
14 3
14 6
15 10
15 18
16 0
16 20
17 15
17 17
18 11
18 12
19 6
19 15
20 12
20 13

# solution 661
# n=21 sym=rot2 status=verified source=flammenkamp_cache/n21_rot2
# code=:8D5E1935CIAEIK3D19044GGKBJ7H026A28FHBJ6F7C
0 8
0 13
1 5
1 14
2 1
2 9
3 3
3 5
4 12
4 18
5 10
5 14
6 18
6 20
7 3
7 13
8 1
8 9
9 0
9 4
10 4
10 16
11 16
11 20
12 11
12 19
13 7
13 17
14 0
14 2
15 6
15 10
16 2
16 8
17 15
17 17
18 11
18 19
19 6
19 15
20 7
20 12

# solution 662
# n=21 sym=rot2 status=verified source=flammenkamp_cache/n21_rot2
# code=:8D6F2857GI1AHJ069B0H4G3K9BEK13AJ24DFCI5E7C
0 8
0 13
1 6
1 15
2 2
2 8
3 5
3 7
4 16
4 18
5 1
5 10
6 17
6 19
7 0
7 6
8 9
8 11
9 0
9 17
10 4
10 16
11 3
11 20
12 9
12 11
13 14
13 20
14 1
14 3
15 10
15 19
16 2
16 4
17 13
17 15
18 12
18 18
19 5
19 14
20 7
20 12

# solution 663
# n=21 sym=rot2 status=verified source=flammenkamp_cache/n21_rot2
# code=:8E3BFJ78FI7AGI3K9J064GEK1B0H24AD25CD159H6C
0 8
0 14
1 3
1 11
2 15
2 19
3 7
3 8
4 15
4 18
5 7
5 10
6 16
6 18
7 3
7 20
8 9
8 19
9 0
9 6
10 4
10 16
11 14
11 20
12 1
12 11
13 0
13 17
14 2
14 4
15 10
15 13
16 2
16 5
17 12
17 13
18 1
18 5
19 9
19 17
20 6
20 12

# solution 664
# n=21 sym=rot2 status=verified source=flammenkamp_cache/n21_rot2
# code=:8EBH4F78FI7A3I1K9J064GEK1B0J2HAD25CD5G396C
0 8
0 14
1 11
1 17
2 4
2 15
3 7
3 8
4 15
4 18
5 7
5 10
6 3
6 18
7 1
7 20
8 9
8 19
9 0
9 6
10 4
10 16
11 14
11 20
12 1
12 11
13 0
13 19
14 2
14 17
15 10
15 13
16 2
16 5
17 12
17 13
18 5
18 16
19 3
19 9
20 6
20 12

# solution 665
# n=21 sym=rot2 status=verified source=flammenkamp_cache/n21_rot2
# code=:8E5813DJ9DAG365902IK4G02IKBFEH4A7B17HJCF6C
0 8
0 14
1 5
1 8
2 1
2 3
3 13
3 19
4 9
4 13
5 10
5 16
6 3
6 6
7 5
7 9
8 0
8 2
9 18
9 20
10 4
10 16
11 0
11 2
12 18
12 20
13 11
13 15
14 14
14 17
15 4
15 10
16 7
16 11
17 1
17 7
18 17
18 19
19 12
19 15
20 6
20 12

# solution 666
# n=21 sym=rot2 status=verified source=flammenkamp_cache/n21_rot2
# code=:8E589D5K03AHEI49DJIJ4G1217BG263AHK0F7BCF6C
0 8
0 14
1 5
1 8
2 9
2 13
3 5
3 20
4 0
4 3
5 10
5 17
6 14
6 18
7 4
7 9
8 13
8 19
9 18
9 19
10 4
10 16
11 1
11 2
12 1
12 7
13 11
13 16
14 2
14 6
15 3
15 10
16 17
16 20
17 0
17 15
18 7
18 11
19 12
19 15
20 6
20 12

# solution 667
# n=21 sym=rot2 status=verified source=flammenkamp_cache/n21_rot2
# code=:38CE9F37GI1AFI069D0J4G1K7BEK25AJ24DH5B68CH
0 3
0 8
1 12
1 14
2 9
2 15
3 3
3 7
4 16
4 18
5 1
5 10
6 15
6 18
7 0
7 6
8 9
8 13
9 0
9 19
10 4
10 16
11 1
11 20
12 7
12 11
13 14
13 20
14 2
14 5
15 10
15 19
16 2
16 4
17 13
17 17
18 5
18 11
19 6
19 8
20 12
20 17

# solution 668
# n=21 sym=rot2 status=verified source=flammenkamp_cache/n21_rot2
# code=:183BFJ68FI7AGI3709064GEKBKDH24AD25CE159HCJ
0 1
0 8
1 3
1 11
2 15
2 19
3 6
3 8
4 15
4 18
5 7
5 10
6 16
6 18
7 3
7 7
8 0
8 9
9 0
9 6
10 4
10 16
11 14
11 20
12 11
12 20
13 13
13 17
14 2
14 4
15 10
15 13
16 2
16 5
17 12
17 14
18 1
18 5
19 9
19 17
20 12
20 19

# solution 669
# n=21 sym=rot2 status=verified source=flammenkamp_cache/n21_rot2
# code=:CD6C391HDK5AGI059I164GEJ2BFK24AF073JBH8E78
0 12
0 13
1 6
1 12
2 3
2 9
3 1
3 17
4 13
4 20
5 5
5 10
6 16
6 18
7 0
7 5
8 9
8 18
9 1
9 6
10 4
10 16
11 14
11 19
12 2
12 11
13 15
13 20
14 2
14 4
15 10
15 15
16 0
16 7
17 3
17 19
18 11
18 17
19 8
19 14
20 7
20 8

# solution 670
# n=21 sym=rot2 status=verified source=flammenkamp_cache/n21_rot2
# code=:CD6C9H1HDK5AGI059I164GEJ2BFK24AF073J3B8E78
0 12
0 13
1 6
1 12
2 9
2 17
3 1
3 17
4 13
4 20
5 5
5 10
6 16
6 18
7 0
7 5
8 9
8 18
9 1
9 6
10 4
10 16
11 14
11 19
12 2
12 11
13 15
13 20
14 2
14 4
15 10
15 15
16 0
16 7
17 3
17 19
18 3
18 11
19 8
19 14
20 7
20 8

# solution 671
# n=21 sym=rot2 status=verified source=flammenkamp_cache/n21_rot2
# code=:3BBG5D7G2A1HCI0E081E5F6JCK6K283JAI4D7F499H
0 3
0 11
1 11
1 16
2 5
2 13
3 7
3 16
4 2
4 10
5 1
5 17
6 12
6 18
7 0
7 14
8 0
8 8
9 1
9 14
10 5
10 15
11 6
11 19
12 12
12 20
13 6
13 20
14 2
14 8
15 3
15 19
16 10
16 18
17 4
17 13
18 7
18 15
19 4
19 9
20 9
20 17

# solution 672
# n=21 sym=rot2 status=verified source=flammenkamp_cache/n21_rot2
# code=:6CEG3B37FIAC1K9FJK274GDI015B0J8A25DH9H468E
0 6
0 12
1 14
1 16
2 3
2 11
3 3
3 7
4 15
4 18
5 10
5 12
6 1
6 20
7 9
7 15
8 19
8 20
9 2
9 7
10 4
10 16
11 13
11 18
12 0
12 1
13 5
13 11
14 0
14 19
15 8
15 10
16 2
16 5
17 13
17 17
18 9
18 17
19 4
19 6
20 8
20 14

# solution 673
# n=21 sym=rot2 status=verified source=flammenkamp_cache/n21_rot2
# code=:6C28BF3D16AD5G39JK024GIK01BH4F7AEJ7H59CI8E
0 6
0 12
1 2
1 8
2 11
2 15
3 3
3 13
4 1
4 6
5 10
5 13
6 5
6 16
7 3
7 9
8 19
8 20
9 0
9 2
10 4
10 16
11 18
11 20
12 0
12 1
13 11
13 17
14 4
14 15
15 7
15 10
16 14
16 19
17 7
17 17
18 5
18 9
19 12
19 18
20 8
20 14

# solution 674
# n=21 sym=rot2 status=verified source=flammenkamp_cache/n21_rot2
# code=:CE7C9F3H2KAD5G2K19164GEJBJ0I4F7A0I3H5B8D68
0 12
0 14
1 7
1 12
2 9
2 15
3 3
3 17
4 2
4 20
5 10
5 13
6 5
6 16
7 2
7 20
8 1
8 9
9 1
9 6
10 4
10 16
11 14
11 19
12 11
12 19
13 0
13 18
14 4
14 15
15 7
15 10
16 0
16 18
17 3
17 17
18 5
18 11
19 8
19 13
20 6
20 8

# solution 675
# n=21 sym=rot2 status=verified source=flammenkamp_cache/n21_rot2
# code=:CH1B7B16DFAF4I6802HK4G03IKCE2G5A57EJ9D9J38
0 12
0 17
1 1
1 11
2 7
2 11
3 1
3 6
4 13
4 15
5 10
5 15
6 4
6 18
7 6
7 8
8 0
8 2
9 17
9 20
10 4
10 16
11 0
11 3
12 18
12 20
13 12
13 14
14 2
14 16
15 5
15 10
16 5
16 7
17 14
17 19
18 9
18 13
19 9
19 19
20 3
20 8

# solution 676
# n=21 sym=rot2 status=verified source=flammenkamp_cache/n21_rot2
# code=:7G3B5KEIAD4J8E3I019C5F8BJK2H6C1G7A260F9H4D
0 7
0 16
1 3
1 11
2 5
2 20
3 14
3 18
4 10
4 13
5 4
5 19
6 8
6 14
7 3
7 18
8 0
8 1
9 9
9 12
10 5
10 15
11 8
11 11
12 19
12 20
13 2
13 17
14 6
14 12
15 1
15 16
16 7
16 10
17 2
17 6
18 0
18 15
19 9
19 17
20 4
20 13

# solution 677
# n=21 sym=rot2 status=verified source=flammenkamp_cache/n21_rot2
# code=:473B5KEIAD4J8E3I019C5F8BJK2H6C1G7A260F9HDG
0 4
0 7
1 3
1 11
2 5
2 20
3 14
3 18
4 10
4 13
5 4
5 19
6 8
6 14
7 3
7 18
8 0
8 1
9 9
9 12
10 5
10 15
11 8
11 11
12 19
12 20
13 2
13 17
14 6
14 12
15 1
15 16
16 7
16 10
17 2
17 6
18 0
18 15
19 9
19 17
20 13
20 16

# solution 678
# n=21 sym=rot2 status=verified source=flammenkamp_cache/n21_rot2
# code=:2C2B6F7HCH0AFG791J064GEK1JBD45AK383D5E9I8I
0 2
0 12
1 2
1 11
2 6
2 15
3 7
3 17
4 12
4 17
5 0
5 10
6 15
6 16
7 7
7 9
8 1
8 19
9 0
9 6
10 4
10 16
11 14
11 20
12 1
12 19
13 11
13 13
14 4
14 5
15 10
15 20
16 3
16 8
17 3
17 13
18 5
18 14
19 9
19 18
20 8
20 18

# solution 679
# n=21 sym=rot2 status=verified source=flammenkamp_cache/n21_rot2
# code=:7F8B8IFK36AD239J4JEK4G061G1BHI7AEH052C9C5D
0 7
0 15
1 8
1 11
2 8
2 18
3 15
3 20
4 3
4 6
5 10
5 13
6 2
6 3
7 9
7 19
8 4
8 19
9 14
9 20
10 4
10 16
11 0
11 6
12 1
12 16
13 1
13 11
14 17
14 18
15 7
15 10
16 14
16 17
17 0
17 5
18 2
18 12
19 9
19 12
20 5
20 13

# solution 680
# n=21 sym=rot2 status=verified source=flammenkamp_cache/n21_rot2
# code=:3D8F6B26CGAD0J053I9J4G1B2HFK1K7A48EI9E5C7H
0 3
0 13
1 8
1 15
2 6
2 11
3 2
3 6
4 12
4 16
5 10
5 13
6 0
6 19
7 0
7 5
8 3
8 18
9 9
9 19
10 4
10 16
11 1
11 11
12 2
12 17
13 15
13 20
14 1
14 20
15 7
15 10
16 4
16 8
17 14
17 18
18 9
18 14
19 5
19 12
20 7
20 17

# solution 681
# n=21 sym=rot2 status=verified source=flammenkamp_cache/n21_rot2
# code=:4D6CDH1G8A6HIK0529195FBJBIFK023EAC4J378E7G
0 4
0 13
1 6
1 12
2 13
2 17
3 1
3 16
4 8
4 10
5 6
5 17
6 18
6 20
7 0
7 5
8 2
8 9
9 1
9 9
10 5
10 15
11 11
11 19
12 11
12 18
13 15
13 20
14 0
14 2
15 3
15 14
16 10
16 12
17 4
17 19
18 3
18 7
19 8
19 14
20 7
20 16

# solution 682
# n=21 sym=rot2 status=verified source=flammenkamp_cache/n21_rot2
# code=:8D7B4JFG2A6CIK03HJ9E5F6B13HK028EAI451G9D7C
0 8
0 13
1 7
1 11
2 4
2 19
3 15
3 16
4 2
4 10
5 6
5 12
6 18
6 20
7 0
7 3
8 17
8 19
9 9
9 14
10 5
10 15
11 6
11 11
12 1
12 3
13 17
13 20
14 0
14 2
15 8
15 14
16 10
16 18
17 4
17 5
18 1
18 16
19 9
19 13
20 7
20 12

# solution 683
# n=21 sym=rot2 status=verified source=flammenkamp_cache/n21_rot2
# code=:7C394F2HACEK0146IJ9D5F7B12EGJK068A3I5GBH8D
0 7
0 12
1 3
1 9
2 4
2 15
3 2
3 17
4 10
4 12
5 14
5 20
6 0
6 1
7 4
7 6
8 18
8 19
9 9
9 13
10 5
10 15
11 7
11 11
12 1
12 2
13 14
13 16
14 19
14 20
15 0
15 6
16 8
16 10
17 3
17 18
18 5
18 16
19 11
19 17
20 8
20 13

# solution 684
# n=21 sym=rot2 status=verified source=flammenkamp_cache/n21_rot2
# code=:HI8B37CE7I1AEF19GK5K4G0F04BJ56AJ2D68DH9C23
0 17
0 18
1 8
1 11
2 3
2 7
3 12
3 14
4 7
4 18
5 1
5 10
6 14
6 15
7 1
7 9
8 16
8 20
9 5
9 20
10 4
10 16
11 0
11 15
12 0
12 4
13 11
13 19
14 5
14 6
15 10
15 19
16 2
16 13
17 6
17 8
18 13
18 17
19 9
19 12
20 2
20 3

# solution 685
# n=21 sym=rot2 status=verified source=flammenkamp_cache/n21_rot2
# code=:7CFI6G6CAF0317HI1K9B4G9B0J23DJHK5A8E4E258D
0 7
0 12
1 15
1 18
2 6
2 16
3 6
3 12
4 10
4 15
5 0
5 3
6 1
6 7
7 17
7 18
8 1
8 20
9 9
9 11
10 4
10 16
11 9
11 11
12 0
12 19
13 2
13 3
14 13
14 19
15 17
15 20
16 5
16 10
17 8
17 14
18 4
18 14
19 2
19 5
20 8
20 13

# solution 686
# n=21 sym=rot2 status=verified source=flammenkamp_cache/n21_rot2
# code=:9CEF1617AIFI4704HK9C3H8B03GKDG252ADJEJ568B
0 9
0 12
1 14
1 15
2 1
2 6
3 1
3 7
4 10
4 18
5 15
5 18
6 4
6 7
7 0
7 4
8 17
8 20
9 9
9 12
10 3
10 17
11 8
11 11
12 0
12 3
13 16
13 20
14 13
14 16
15 2
15 5
16 2
16 10
17 13
17 19
18 14
18 19
19 5
19 6
20 8
20 11

# solution 687
# n=21 sym=rot2 status=verified source=flammenkamp_cache/n21_rot2
# code=:9CFI474EAI18EH01DK593HBF07JK36CJ2A6GDG258B
0 9
0 12
1 15
1 18
2 4
2 7
3 4
3 14
4 10
4 18
5 1
5 8
6 14
6 17
7 0
7 1
8 13
8 20
9 5
9 9
10 3
10 17
11 11
11 15
12 0
12 7
13 19
13 20
14 3
14 6
15 12
15 19
16 2
16 10
17 6
17 16
18 13
18 16
19 2
19 5
20 8
20 11

# solution 688
# n=21 sym=rot2 status=verified source=flammenkamp_cache/n21_rot2
# code=:8C16BF5A13DGIKEH290D4G7KBI360247HJAF59EJ8C
0 8
0 12
1 1
1 6
2 11
2 15
3 5
3 10
4 1
4 3
5 13
5 16
6 18
6 20
7 14
7 17
8 2
8 9
9 0
9 13
10 4
10 16
11 7
11 20
12 11
12 18
13 3
13 6
14 0
14 2
15 4
15 7
16 17
16 19
17 10
17 15
18 5
18 9
19 14
19 19
20 8
20 12

# solution 689
# n=21 sym=rot2 status=verified source=flammenkamp_cache/n21_rot2
# code=:3C6FFJ7A2B3J6C4K9IDK4G072B0G8E1H9IAD155E8H
0 3
0 12
1 6
1 15
2 15
2 19
3 7
3 10
4 2
4 11
5 3
5 19
6 6
6 12
7 4
7 20
8 9
8 18
9 13
9 20
10 4
10 16
11 0
11 7
12 2
12 11
13 0
13 16
14 8
14 14
15 1
15 17
16 9
16 18
17 10
17 13
18 1
18 5
19 5
19 14
20 8
20 17

# solution 690
# n=21 sym=rot2 status=verified source=flammenkamp_cache/n21_rot2
# code=:DF6B158AIKCHIK3D49164GEJBG7H023802ACFJ9E57
0 13
0 15
1 6
1 11
2 1
2 5
3 8
3 10
4 18
4 20
5 12
5 17
6 18
6 20
7 3
7 13
8 4
8 9
9 1
9 6
10 4
10 16
11 14
11 19
12 11
12 16
13 7
13 17
14 0
14 2
15 3
15 8
16 0
16 2
17 10
17 12
18 15
18 19
19 9
19 14
20 5
20 7

# solution 691
# n=21 sym=rot2 status=verified source=flammenkamp_cache/n21_rot2
# code=:DJEK57AB235CGI1H9C064GEK8B3J248FHI9ADF0617
0 13
0 19
1 14
1 20
2 5
2 7
3 10
3 11
4 2
4 3
5 5
5 12
6 16
6 18
7 1
7 17
8 9
8 12
9 0
9 6
10 4
10 16
11 14
11 20
12 8
12 11
13 3
13 19
14 2
14 4
15 8
15 15
16 17
16 18
17 9
17 10
18 13
18 15
19 0
19 6
20 1
20 7

# solution 692
# n=21 sym=rot2 status=verified source=flammenkamp_cache/n21_rot2
# code=:CD591C5AGH0J369I27EK4G06DI2BEH1K34AF8JBF78
0 12
0 13
1 5
1 9
2 1
2 12
3 5
3 10
4 16
4 17
5 0
5 19
6 3
6 6
7 9
7 18
8 2
8 7
9 14
9 20
10 4
10 16
11 0
11 6
12 13
12 18
13 2
13 11
14 14
14 17
15 1
15 20
16 3
16 4
17 10
17 15
18 8
18 19
19 11
19 15
20 7
20 8

# solution 693
# n=21 sym=rot2 status=verified source=flammenkamp_cache/n21_rot2
# code=:37BCEG2A7H15EJ9C2K5K4G0F0I8B16FJ3DAI4689DH
0 3
0 7
1 11
1 12
2 14
2 16
3 2
3 10
4 7
4 17
5 1
5 5
6 14
6 19
7 9
7 12
8 2
8 20
9 5
9 20
10 4
10 16
11 0
11 15
12 0
12 18
13 8
13 11
14 1
14 6
15 15
15 19
16 3
16 13
17 10
17 18
18 4
18 6
19 8
19 9
20 13
20 17

# solution 694
# n=21 sym=rot2 status=verified source=flammenkamp_cache/n21_rot2
# code=:8D9H4FAI1E7K138E9I0F4G5K2B6CHJ0D6J2A5G3B7C
0 8
0 13
1 9
1 17
2 4
2 15
3 10
3 18
4 1
4 14
5 7
5 20
6 1
6 3
7 8
7 14
8 9
8 18
9 0
9 15
10 4
10 16
11 5
11 20
12 2
12 11
13 6
13 12
14 17
14 19
15 0
15 13
16 6
16 19
17 2
17 10
18 5
18 16
19 3
19 11
20 7
20 12

# solution 695
# n=21 sym=rot2 status=verified source=flammenkamp_cache/n21_rot2
# code=:8C462B7A15FJIK3E9D034GHK7B6H0215FJAD9IEG8C
0 8
0 12
1 4
1 6
2 2
2 11
3 7
3 10
4 1
4 5
5 15
5 19
6 18
6 20
7 3
7 14
8 9
8 13
9 0
9 3
10 4
10 16
11 17
11 20
12 7
12 11
13 6
13 17
14 0
14 2
15 1
15 5
16 15
16 19
17 10
17 13
18 9
18 18
19 14
19 16
20 8
20 12

# solution 696
# n=21 sym=rot2 status=verified source=flammenkamp_cache/n21_rot2
# code=:9D564JAK8E2K5JDH892H4G3IBC371F0I6C0A1GEF7B
0 9
0 13
1 5
1 6
2 4
2 19
3 10
3 20
4 8
4 14
5 2
5 20
6 5
6 19
7 13
7 17
8 8
8 9
9 2
9 17
10 4
10 16
11 3
11 18
12 11
12 12
13 3
13 7
14 1
14 15
15 0
15 18
16 6
16 12
17 0
17 10
18 1
18 16
19 14
19 15
20 7
20 11

# solution 697
# n=21 sym=rot2 status=verified source=flammenkamp_cache/n21_rot2
# code=:3B6C7HAG8E5JIK1579024GIKBDFJ021F6C4A3D8E9H
0 3
0 11
1 6
1 12
2 7
2 17
3 10
3 16
4 8
4 14
5 5
5 19
6 18
6 20
7 1
7 5
8 7
8 9
9 0
9 2
10 4
10 16
11 18
11 20
12 11
12 13
13 15
13 19
14 0
14 2
15 1
15 15
16 6
16 12
17 4
17 10
18 3
18 13
19 8
19 14
20 9
20 17

# solution 698
# n=21 sym=rot2 status=verified source=flammenkamp_cache/n21_rot2
# code=:3CEF9H7ACI1406FJ9DIK4G027B15EKGJ28AD3B568H
0 3
0 12
1 14
1 15
2 9
2 17
3 7
3 10
4 12
4 18
5 1
5 4
6 0
6 6
7 15
7 19
8 9
8 13
9 18
9 20
10 4
10 16
11 0
11 2
12 7
12 11
13 1
13 5
14 14
14 20
15 16
15 19
16 2
16 8
17 10
17 13
18 3
18 11
19 5
19 6
20 8
20 17

# solution 699
# n=21 sym=rot2 status=verified source=flammenkamp_cache/n21_rot2
# code=:8I0B8FAE46FJ3D9J37IK4G02DH1B7H15EG6A5C9K2C
0 8
0 18
1 0
1 11
2 8
2 15
3 10
3 14
4 4
4 6
5 15
5 19
6 3
6 13
7 9
7 19
8 3
8 7
9 18
9 20
10 4
10 16
11 0
11 2
12 13
12 17
13 1
13 11
14 7
14 17
15 1
15 5
16 14
16 16
17 6
17 10
18 5
18 12
19 9
19 20
20 2
20 12

# solution 700
# n=21 sym=rot2 status=verified source=flammenkamp_cache/n21_rot2
# code=:258CDG7A3KEI569B031J4G1JHK9BEF260HAD478CFI
0 2
0 5
1 8
1 12
2 13
2 16
3 7
3 10
4 3
4 20
5 14
5 18
6 5
6 6
7 9
7 11
8 0
8 3
9 1
9 19
10 4
10 16
11 1
11 19
12 17
12 20
13 9
13 11
14 14
14 15
15 2
15 6
16 0
16 17
17 10
17 13
18 4
18 7
19 8
19 12
20 15
20 18

# solution 701
# n=21 sym=rot2 status=verified source=flammenkamp_cache/n21_rot2
# code=:8E6F9FAJ37GK239C27014GJKDI8BHI04DH1A5B5E6C
0 8
0 14
1 6
1 15
2 9
2 15
3 10
3 19
4 3
4 7
5 16
5 20
6 2
6 3
7 9
7 12
8 2
8 7
9 0
9 1
10 4
10 16
11 19
11 20
12 13
12 18
13 8
13 11
14 17
14 18
15 0
15 4
16 13
16 17
17 1
17 10
18 5
18 11
19 5
19 14
20 6
20 12

# solution 702
# n=21 sym=rot2 status=verified source=flammenkamp_cache/n21_rot2
# code=:8C6G79AI3HFJ2K597E014GJK6DBF0I153H2ABD4E8C
0 8
0 12
1 6
1 16
2 7
2 9
3 10
3 18
4 3
4 17
5 15
5 19
6 2
6 20
7 5
7 9
8 7
8 14
9 0
9 1
10 4
10 16
11 19
11 20
12 6
12 13
13 11
13 15
14 0
14 18
15 1
15 5
16 3
16 17
17 2
17 10
18 11
18 13
19 4
19 14
20 8
20 12

# solution 703
# n=21 sym=rot2 status=verified source=flammenkamp_cache/n21_rot2
# code=:CD4I69AC3HFJ2K597E014GJK6DBF0I153H8ABE2G78
0 12
0 13
1 4
1 18
2 6
2 9
3 10
3 12
4 3
4 17
5 15
5 19
6 2
6 20
7 5
7 9
8 7
8 14
9 0
9 1
10 4
10 16
11 19
11 20
12 6
12 13
13 11
13 15
14 0
14 18
15 1
15 5
16 3
16 17
17 8
17 10
18 11
18 14
19 2
19 16
20 7
20 8

# solution 704
# n=21 sym=rot2 status=verified source=flammenkamp_cache/n21_rot2
# code=:DH36598ADE459I180I014GJK2KCJ2BFG67ACBFEH37
0 13
0 17
1 3
1 6
2 5
2 9
3 8
3 10
4 13
4 14
5 4
5 5
6 9
6 18
7 1
7 8
8 0
8 18
9 0
9 1
10 4
10 16
11 19
11 20
12 2
12 20
13 12
13 19
14 2
14 11
15 15
15 16
16 6
16 7
17 10
17 12
18 11
18 15
19 14
19 17
20 3
20 7

# solution 705
# n=21 sym=rot2 status=verified source=flammenkamp_cache/n21_rot2
# code=:8E4C59AJHK57EH292D0J4G1K7IBI36DF031ABF8G6C
0 8
0 14
1 4
1 12
2 5
2 9
3 10
3 19
4 17
4 20
5 5
5 7
6 14
6 17
7 2
7 9
8 2
8 13
9 0
9 19
10 4
10 16
11 1
11 20
12 7
12 18
13 11
13 18
14 3
14 6
15 13
15 15
16 0
16 3
17 1
17 10
18 11
18 15
19 8
19 16
20 6
20 12

# solution 706
# n=21 sym=rot2 status=verified source=flammenkamp_cache/n21_rot2
# code=:386B17ADGH15289E250K4G0KFI6BCIFJ347ADJ9ECH
0 3
0 8
1 6
1 11
2 1
2 7
3 10
3 13
4 16
4 17
5 1
5 5
6 2
6 8
7 9
7 14
8 2
8 5
9 0
9 20
10 4
10 16
11 0
11 20
12 15
12 18
13 6
13 11
14 12
14 18
15 15
15 19
16 3
16 4
17 7
17 10
18 13
18 19
19 9
19 14
20 12
20 17

# solution 707
# n=21 sym=rot2 status=verified source=flammenkamp_cache/n21_rot2
# code=:8C49EH7A2F1F172H690K4G0KBE3IDJ5J5IAD36BG8C
0 8
0 12
1 4
1 9
2 14
2 17
3 7
3 10
4 2
4 15
5 1
5 15
6 1
6 7
7 2
7 17
8 6
8 9
9 0
9 20
10 4
10 16
11 0
11 20
12 11
12 14
13 3
13 18
14 13
14 19
15 5
15 19
16 5
16 18
17 10
17 13
18 3
18 6
19 11
19 16
20 8
20 12

# solution 708
# n=21 sym=rot2 status=verified source=flammenkamp_cache/n21_rot2
# code=:8DEH4A5J3DFJ9B06282K4G0ICIEK9B157H1FAG367C
0 8
0 13
1 14
1 17
2 4
2 10
3 5
3 19
4 3
4 13
5 15
5 19
6 9
6 11
7 0
7 6
8 2
8 8
9 2
9 20
10 4
10 16
11 0
11 18
12 12
12 18
13 14
13 20
14 9
14 11
15 1
15 5
16 7
16 17
17 1
17 15
18 10
18 16
19 3
19 6
20 7
20 12

# solution 709
# n=21 sym=rot2 status=verified source=flammenkamp_cache/n21_rot2
# code=:8J8G5ADI5K13693D692K4G0IBE7HBEHJ0F27AF4C1C
0 8
0 19
1 8
1 16
2 5
2 10
3 13
3 18
4 5
4 20
5 1
5 3
6 6
6 9
7 3
7 13
8 6
8 9
9 2
9 20
10 4
10 16
11 0
11 18
12 11
12 14
13 7
13 17
14 11
14 14
15 17
15 19
16 0
16 15
17 2
17 7
18 10
18 15
19 4
19 12
20 1
20 12

# solution 710
# n=21 sym=rot2 status=verified source=flammenkamp_cache/n21_rot2
# code=:CD2GACEF06DJ5939HJ024GIK13BHBF17EK568A4I78
0 12
0 13
1 2
1 16
2 10
2 12
3 14
3 15
4 0
4 6
5 13
5 19
6 5
6 9
7 3
7 9
8 17
8 19
9 0
9 2
10 4
10 16
11 18
11 20
12 1
12 3
13 11
13 17
14 11
14 15
15 1
15 7
16 14
16 20
17 5
17 6
18 8
18 10
19 4
19 18
20 7
20 8

# solution 711
# n=21 sym=rot2 status=verified source=flammenkamp_cache/n21_rot2
# code=:BF3H197J0AEF78GK28EG2I46CI04CD56AK1DBJ3H59
0 11
0 15
1 3
1 17
2 1
2 9
3 7
3 19
4 0
4 10
5 14
5 15
6 7
6 8
7 16
7 20
8 2
8 8
9 14
9 16
10 2
10 18
11 4
11 6
12 12
12 18
13 0
13 4
14 12
14 13
15 5
15 6
16 10
16 20
17 1
17 13
18 11
18 19
19 3
19 17
20 5
20 9

# solution 712
# n=21 sym=rot2 status=verified source=flammenkamp_cache/n21_rot2
# code=:7D9C4A238JFJ592H6E0K4G0K6E3IBF151CHIAG8B7D
0 7
0 13
1 9
1 12
2 4
2 10
3 2
3 3
4 8
4 19
5 15
5 19
6 5
6 9
7 2
7 17
8 6
8 14
9 0
9 20
10 4
10 16
11 0
11 20
12 6
12 14
13 3
13 18
14 11
14 15
15 1
15 5
16 1
16 12
17 17
17 18
18 10
18 16
19 8
19 11
20 7
20 13

# solution 713
# n=21 sym=rot2 status=verified source=flammenkamp_cache/n21_rot2
# code=:BF4B1G7F2A1E78HK380E2I6KCH03CD6JAI5D4J9G59
0 11
0 15
1 4
1 11
2 1
2 16
3 7
3 15
4 2
4 10
5 1
5 14
6 7
6 8
7 17
7 20
8 3
8 8
9 0
9 14
10 2
10 18
11 6
11 20
12 12
12 17
13 0
13 3
14 12
14 13
15 6
15 19
16 10
16 18
17 5
17 13
18 4
18 19
19 9
19 16
20 5
20 9

# solution 714
# n=21 sym=rot2 status=verified source=flammenkamp_cache/n21_rot2
# code=:7B5CAG7C2J0359EH0EIJ4G126K36BFHK1I8D4A8F9D
0 7
0 11
1 5
1 12
2 10
2 16
3 7
3 12
4 2
4 19
5 0
5 3
6 5
6 9
7 14
7 17
8 0
8 14
9 18
9 19
10 4
10 16
11 1
11 2
12 6
12 20
13 3
13 6
14 11
14 15
15 17
15 20
16 1
16 18
17 8
17 13
18 4
18 10
19 8
19 15
20 9
20 13

# solution 715
# n=21 sym=rot2 status=verified source=flammenkamp_cache/n21_rot2
# code=:7BCFAG7C2J0359EH0EIJ4G126K36BFHK1I8D4A589D
0 7
0 11
1 12
1 15
2 10
2 16
3 7
3 12
4 2
4 19
5 0
5 3
6 5
6 9
7 14
7 17
8 0
8 14
9 18
9 19
10 4
10 16
11 1
11 2
12 6
12 20
13 3
13 6
14 11
14 15
15 17
15 20
16 1
16 18
17 8
17 13
18 4
18 10
19 5
19 8
20 9
20 13

# solution 716
# n=21 sym=rot2 status=verified source=flammenkamp_cache/n21_rot2
# code=:CF6C4A171K6H9H2K9IDF4G572B0I3B3E0JDJAG8E58
0 12
0 15
1 6
1 12
2 4
2 10
3 1
3 7
4 1
4 20
5 6
5 17
6 9
6 17
7 2
7 20
8 9
8 18
9 13
9 15
10 4
10 16
11 5
11 7
12 2
12 11
13 0
13 18
14 3
14 11
15 3
15 14
16 0
16 19
17 13
17 19
18 10
18 16
19 8
19 14
20 5
20 8

# solution 717
# n=21 sym=rot2 status=verified source=flammenkamp_cache/n21_rot2
# code=:BJ579E0F3ADI138K48EG2I46CG0CHJ27AH5K6BDF19
0 11
0 19
1 5
1 7
2 9
2 14
3 0
3 15
4 3
4 10
5 13
5 18
6 1
6 3
7 8
7 20
8 4
8 8
9 14
9 16
10 2
10 18
11 4
11 6
12 12
12 16
13 0
13 12
14 17
14 19
15 2
15 7
16 10
16 17
17 5
17 20
18 6
18 11
19 13
19 15
20 1
20 9

# solution 718
# n=21 sym=rot2 status=verified source=flammenkamp_cache/n21_rot2
# code=:8CEF1A37174FBH9KEIIK4G02260B395GDJDHAJ568C
0 8
0 12
1 14
1 15
2 1
2 10
3 3
3 7
4 1
4 7
5 4
5 15
6 11
6 17
7 9
7 20
8 14
8 18
9 18
9 20
10 4
10 16
11 0
11 2
12 2
12 6
13 0
13 11
14 3
14 9
15 5
15 16
16 13
16 19
17 13
17 17
18 10
18 19
19 5
19 6
20 8
20 12

# solution 719
# n=21 sym=rot2 status=verified source=flammenkamp_cache/n21_rot2
# code=:5D1HAB0F8D36BI18GI6K4G0E24CJ29EH7C5K9A3J7F
0 5
0 13
1 1
1 17
2 10
2 11
3 0
3 15
4 8
4 13
5 3
5 6
6 11
6 18
7 1
7 8
8 16
8 18
9 6
9 20
10 4
10 16
11 0
11 14
12 2
12 4
13 12
13 19
14 2
14 9
15 14
15 17
16 7
16 12
17 5
17 20
18 9
18 10
19 3
19 19
20 7
20 15

# solution 720
# n=21 sym=rot2 status=verified source=flammenkamp_cache/n21_rot2
# code=:3D694ADH2856BI18FJ0K4G0K15CJ29EFCI37AGBE7H
0 3
0 13
1 6
1 9
2 4
2 10
3 13
3 17
4 2
4 8
5 5
5 6
6 11
6 18
7 1
7 8
8 15
8 19
9 0
9 20
10 4
10 16
11 0
11 20
12 1
12 5
13 12
13 19
14 2
14 9
15 14
15 15
16 12
16 18
17 3
17 7
18 10
18 16
19 11
19 14
20 7
20 17

# solution 721
# n=21 sym=rot2 status=verified source=flammenkamp_cache/n21_rot2
# code=:CD36AFCK34DJ259BIJ064GEK129BFI17GH085AEH78
0 12
0 13
1 3
1 6
2 10
2 15
3 12
3 20
4 3
4 4
5 13
5 19
6 2
6 5
7 9
7 11
8 18
8 19
9 0
9 6
10 4
10 16
11 14
11 20
12 1
12 2
13 9
13 11
14 15
14 18
15 1
15 7
16 16
16 17
17 0
17 8
18 5
18 10
19 14
19 17
20 7
20 8

# solution 722
# n=21 sym=rot2 status=verified source=flammenkamp_cache/n21_rot2
# code=:9E4C4DCD2A6H15HKFK192IBJ0503FJ3EAI787G8G6B
0 9
0 14
1 4
1 12
2 4
2 13
3 12
3 13
4 2
4 10
5 6
5 17
6 1
6 5
7 17
7 20
8 15
8 20
9 1
9 9
10 2
10 18
11 11
11 19
12 0
12 5
13 0
13 3
14 15
14 19
15 3
15 14
16 10
16 18
17 7
17 8
18 7
18 16
19 8
19 16
20 6
20 11

# solution 723
# n=21 sym=rot2 status=verified source=flammenkamp_cache/n21_rot2
# code=:46BEAD381I3CFK9FDJ024GIK175B058H2JCH7A69EG
0 4
0 6
1 11
1 14
2 10
2 13
3 3
3 8
4 1
4 18
5 3
5 12
6 15
6 20
7 9
7 15
8 13
8 19
9 0
9 2
10 4
10 16
11 18
11 20
12 1
12 7
13 5
13 11
14 0
14 5
15 8
15 17
16 2
16 19
17 12
17 17
18 7
18 10
19 6
19 9
20 14
20 16

# solution 724
# n=21 sym=rot2 status=verified source=flammenkamp_cache/n21_rot2
# code=:6GBEAD381I3CFK9FDJ024GIK175B058H2JCH7A694E
0 6
0 16
1 11
1 14
2 10
2 13
3 3
3 8
4 1
4 18
5 3
5 12
6 15
6 20
7 9
7 15
8 13
8 19
9 0
9 2
10 4
10 16
11 18
11 20
12 1
12 7
13 5
13 11
14 0
14 5
15 8
15 17
16 2
16 19
17 12
17 17
18 7
18 10
19 6
19 9
20 4
20 14

# solution 725
# n=21 sym=rot2 status=verified source=flammenkamp_cache/n21_rot2
# code=:786FACJK7B1F3H69240I4G2KGIBE3H5J9D018A5ECD
0 7
0 8
1 6
1 15
2 10
2 12
3 19
3 20
4 7
4 11
5 1
5 15
6 3
6 17
7 6
7 9
8 2
8 4
9 0
9 18
10 4
10 16
11 2
11 20
12 16
12 18
13 11
13 14
14 3
14 17
15 5
15 19
16 9
16 13
17 0
17 1
18 8
18 10
19 5
19 14
20 12
20 13

# solution 726
# n=21 sym=rot2 status=verified source=flammenkamp_cache/n21_rot2
# code=:48EH9A07FIEF3I7819JK4G01BJCD2H5625DKAB36CG
0 4
0 8
1 14
1 17
2 9
2 10
3 0
3 7
4 15
4 18
5 14
5 15
6 3
6 18
7 7
7 8
8 1
8 9
9 19
9 20
10 4
10 16
11 0
11 1
12 11
12 19
13 12
13 13
14 2
14 17
15 5
15 6
16 2
16 5
17 13
17 20
18 10
18 11
19 3
19 6
20 12
20 16

# solution 727
# n=21 sym=rot2 status=verified source=flammenkamp_cache/n21_rot2
# code=:BF284ADF062H3KCD9J1E4G6J1B780H3IEK57AGCI59
0 11
0 15
1 2
1 8
2 4
2 10
3 13
3 15
4 0
4 6
5 2
5 17
6 3
6 20
7 12
7 13
8 9
8 19
9 1
9 14
10 4
10 16
11 6
11 19
12 1
12 11
13 7
13 8
14 0
14 17
15 3
15 18
16 14
16 20
17 5
17 7
18 10
18 16
19 12
19 18
20 5
20 9

# solution 728
# n=21 sym=rot2 status=verified source=flammenkamp_cache/n21_rot2
# code=:CI369A0D459DHI18FJ064GEK15CJ237BFG7KABEH28
0 12
0 18
1 3
1 6
2 9
2 10
3 0
3 13
4 4
4 5
5 9
5 13
6 17
6 18
7 1
7 8
8 15
8 19
9 0
9 6
10 4
10 16
11 14
11 20
12 1
12 5
13 12
13 19
14 2
14 3
15 7
15 11
16 15
16 16
17 7
17 20
18 10
18 11
19 14
19 17
20 2
20 8

# solution 729
# n=21 sym=rot2 status=verified source=flammenkamp_cache/n21_rot2
# code=:48EFAJ78BH35IK6D190I4G2KBJ7E02FH39CD1A56CG
0 4
0 8
1 14
1 15
2 10
2 19
3 7
3 8
4 11
4 17
5 3
5 5
6 18
6 20
7 6
7 13
8 1
8 9
9 0
9 18
10 4
10 16
11 2
11 20
12 11
12 19
13 7
13 14
14 0
14 2
15 15
15 17
16 3
16 9
17 12
17 13
18 1
18 10
19 5
19 6
20 12
20 16

# solution 730
# n=21 sym=rot2 status=verified source=flammenkamp_cache/n21_rot2
# code=:CFAH26CK69DG129D15HK4G03FJ7BIJ47BE08EI3A58
0 12
0 15
1 10
1 17
2 2
2 6
3 12
3 20
4 6
4 9
5 13
5 16
6 1
6 2
7 9
7 13
8 1
8 5
9 17
9 20
10 4
10 16
11 0
11 3
12 15
12 19
13 7
13 11
14 18
14 19
15 4
15 7
16 11
16 14
17 0
17 8
18 14
18 18
19 3
19 10
20 5
20 8

# solution 731
# n=21 sym=rot2 status=verified source=flammenkamp_cache/n21_rot2
# code=:5BEICI05AE7B3HGK18DG1J47CJ043H9D6AFK28269F
0 5
0 11
1 14
1 18
2 12
2 18
3 0
3 5
4 10
4 14
5 7
5 11
6 3
6 17
7 16
7 20
8 1
8 8
9 13
9 16
10 1
10 19
11 4
11 7
12 12
12 19
13 0
13 4
14 3
14 17
15 9
15 13
16 6
16 10
17 15
17 20
18 2
18 8
19 2
19 6
20 9
20 15

# solution 732
# n=21 sym=rot2 status=verified source=flammenkamp_cache/n21_rot2
# code=:CD6A1HDG569C2H195K024GIK0FBJ3I8BEF473JAE78
0 12
0 13
1 6
1 10
2 1
2 17
3 13
3 16
4 5
4 6
5 9
5 12
6 2
6 17
7 1
7 9
8 5
8 20
9 0
9 2
10 4
10 16
11 18
11 20
12 0
12 15
13 11
13 19
14 3
14 18
15 8
15 11
16 14
16 15
17 4
17 7
18 3
18 19
19 10
19 14
20 7
20 8

# solution 733
# n=21 sym=rot2 status=verified source=flammenkamp_cache/n21_rot2
# code=:8E8A7G3J9H27EF0925JK4G01FIBK56DI3B1H4DAC6C
0 8
0 14
1 8
1 10
2 7
2 16
3 3
3 19
4 9
4 17
5 2
5 7
6 14
6 15
7 0
7 9
8 2
8 5
9 19
9 20
10 4
10 16
11 0
11 1
12 15
12 18
13 11
13 20
14 5
14 6
15 13
15 18
16 3
16 11
17 1
17 17
18 4
18 13
19 10
19 12
20 6
20 12

# solution 734
# n=21 sym=rot2 status=verified source=flammenkamp_cache/n21_rot2
# code=:8C5A56GJ39DJ369KDI024GIK270BEH17BH14EFAF8C
0 8
0 12
1 5
1 10
2 5
2 6
3 16
3 19
4 3
4 9
5 13
5 19
6 3
6 6
7 9
7 20
8 13
8 18
9 0
9 2
10 4
10 16
11 18
11 20
12 2
12 7
13 0
13 11
14 14
14 17
15 1
15 7
16 11
16 17
17 1
17 4
18 14
18 15
19 10
19 15
20 8
20 12

# solution 735
# n=21 sym=rot2 status=verified source=flammenkamp_cache/n21_rot2
# code=:3BAF67372JCG9K580EIJ4G126KCF0B481IDHDE5A9H
0 3
0 11
1 10
1 15
2 6
2 7
3 3
3 7
4 2
4 19
5 12
5 16
6 9
6 20
7 5
7 8
8 0
8 14
9 18
9 19
10 4
10 16
11 1
11 2
12 6
12 20
13 12
13 15
14 0
14 11
15 4
15 8
16 1
16 18
17 13
17 17
18 13
18 14
19 5
19 10
20 9
20 17

# solution 736
# n=21 sym=rot2 status=verified source=flammenkamp_cache/n21_rot2
# code=:8BAI5613BHDF070846IJ4G12EGCKDK5739HJEF2A9C
0 8
0 11
1 10
1 18
2 5
2 6
3 1
3 3
4 11
4 17
5 13
5 15
6 0
6 7
7 0
7 8
8 4
8 6
9 18
9 19
10 4
10 16
11 1
11 2
12 14
12 16
13 12
13 20
14 13
14 20
15 5
15 7
16 3
16 9
17 17
17 19
18 14
18 15
19 2
19 10
20 9
20 12

# solution 737
# n=21 sym=rot2 status=verified source=flammenkamp_cache/n21_rot2
# code=:6GABFH7826FJ3KCK19DI4G27BJ080H15EICD359A4E
0 6
0 16
1 10
1 11
2 15
2 17
3 7
3 8
4 2
4 6
5 15
5 19
6 3
6 20
7 12
7 20
8 1
8 9
9 13
9 18
10 4
10 16
11 2
11 7
12 11
12 19
13 0
13 8
14 0
14 17
15 1
15 5
16 14
16 18
17 12
17 13
18 3
18 5
19 9
19 10
20 4
20 14

# solution 738
# n=21 sym=rot2 status=verified source=flammenkamp_cache/n21_rot2
# code=:CEACFI173BDJ3IFK49064GEKBG052H179HDJ258A68
0 12
0 14
1 10
1 12
2 15
2 18
3 1
3 7
4 3
4 11
5 13
5 19
6 3
6 18
7 15
7 20
8 4
8 9
9 0
9 6
10 4
10 16
11 14
11 20
12 11
12 16
13 0
13 5
14 2
14 17
15 1
15 7
16 9
16 17
17 13
17 19
18 2
18 5
19 8
19 10
20 6
20 8

# solution 739
# n=21 sym=rot2 status=verified source=flammenkamp_cache/n21_rot2
# code=:7B5B580GAI37EJHI084E1J6GCK2316DH2A4KCF9F9D
0 7
0 11
1 5
1 11
2 5
2 8
3 0
3 16
4 10
4 18
5 3
5 7
6 14
6 19
7 17
7 18
8 0
8 8
9 4
9 14
10 1
10 19
11 6
11 16
12 12
12 20
13 2
13 3
14 1
14 6
15 13
15 17
16 2
16 10
17 4
17 20
18 12
18 15
19 9
19 15
20 9
20 13

# solution 740
# n=21 sym=rot2 status=verified source=flammenkamp_cache/n21_rot2
# code=:EKAC275E592HCJ3409174GDJBKGH183IBF6FDI8A06
0 14
0 20
1 10
1 12
2 2
2 7
3 5
3 14
4 5
4 9
5 2
5 17
6 12
6 19
7 3
7 4
8 0
8 9
9 1
9 7
10 4
10 16
11 13
11 19
12 11
12 20
13 16
13 17
14 1
14 8
15 3
15 18
16 11
16 15
17 6
17 15
18 13
18 18
19 8
19 10
20 0
20 6

# solution 741
# n=21 sym=rot2 status=verified source=flammenkamp_cache/n21_rot2
# code=:BCAI57CE5I036J3K9G174GDJ4B0H1EHK2F68DF2A89
0 11
0 12
1 10
1 18
2 5
2 7
3 12
3 14
4 5
4 18
5 0
5 3
6 6
6 19
7 3
7 20
8 9
8 16
9 1
9 7
10 4
10 16
11 13
11 19
12 4
12 11
13 0
13 17
14 1
14 14
15 17
15 20
16 2
16 15
17 6
17 8
18 13
18 15
19 2
19 10
20 8
20 9

# solution 742
# n=21 sym=rot2 status=verified source=flammenkamp_cache/n21_rot2
# code=:7C9A257C2H015GHK196E4G6EBJ034FJK3I8DFIAB8D
0 7
0 12
1 9
1 10
2 2
2 5
3 7
3 12
4 2
4 17
5 0
5 1
6 5
6 16
7 17
7 20
8 1
8 9
9 6
9 14
10 4
10 16
11 6
11 14
12 11
12 19
13 0
13 3
14 4
14 15
15 19
15 20
16 3
16 18
17 8
17 13
18 15
18 18
19 10
19 11
20 8
20 13

# solution 743
# n=21 sym=rot2 status=verified source=flammenkamp_cache/n21_rot2
# code=:8CAKBD572H15GIHK196E4G6EBJ0324FJ3IDF790A8C
0 8
0 12
1 10
1 20
2 11
2 13
3 5
3 7
4 2
4 17
5 1
5 5
6 16
6 18
7 17
7 20
8 1
8 9
9 6
9 14
10 4
10 16
11 6
11 14
12 11
12 19
13 0
13 3
14 2
14 4
15 15
15 19
16 3
16 18
17 13
17 15
18 7
18 9
19 0
19 10
20 8
20 12

# solution 744
# n=21 sym=rot2 status=verified source=flammenkamp_cache/n21_rot2
# code=:FI8A346D6F89HI019KDJ4G170BJK23BC5E7EGHAC25
0 15
0 18
1 8
1 10
2 3
2 4
3 6
3 13
4 6
4 15
5 8
5 9
6 17
6 18
7 0
7 1
8 9
8 20
9 13
9 19
10 4
10 16
11 1
11 7
12 0
12 11
13 19
13 20
14 2
14 3
15 11
15 12
16 5
16 14
17 7
17 14
18 16
18 17
19 10
19 12
20 2
20 5

# solution 745
# n=21 sym=rot2 status=verified source=flammenkamp_cache/n21_rot2
# code=:57DH0G6C5A2GBE9I8K131JHJ0C2B694IAF8E4K37DF
0 5
0 7
1 13
1 17
2 0
2 16
3 6
3 12
4 5
4 10
5 2
5 16
6 11
6 14
7 9
7 18
8 8
8 20
9 1
9 3
10 1
10 19
11 17
11 19
12 0
12 12
13 2
13 11
14 6
14 9
15 4
15 18
16 10
16 15
17 8
17 14
18 4
18 20
19 3
19 7
20 13
20 15

# solution 746
# n=21 sym=rot2 status=verified source=flammenkamp_cache/n21_rot2
# code=:4DAB5E3C2I0J5D0J9C364GEH8B1K7F1K2I8H6F9A7G
0 4
0 13
1 10
1 11
2 5
2 14
3 3
3 12
4 2
4 18
5 0
5 19
6 5
6 13
7 0
7 19
8 9
8 12
9 3
9 6
10 4
10 16
11 14
11 17
12 8
12 11
13 1
13 20
14 7
14 15
15 1
15 20
16 2
16 18
17 8
17 17
18 6
18 15
19 9
19 10
20 7
20 16

# solution 747
# n=21 sym=rot2 status=verified source=flammenkamp_cache/n21_rot2
# code=:BD37FJ02AE39GI8E580G1J4KCF6C24BH6AIK15DH79
0 11
0 13
1 3
1 7
2 15
2 19
3 0
3 2
4 10
4 14
5 3
5 9
6 16
6 18
7 8
7 14
8 5
8 8
9 0
9 16
10 1
10 19
11 4
11 20
12 12
12 15
13 6
13 12
14 2
14 4
15 11
15 17
16 6
16 10
17 18
17 20
18 1
18 5
19 13
19 17
20 7
20 9

# solution 748
# n=21 sym=rot2 status=verified source=flammenkamp_cache/n21_rot2
# code=:47AB5E3C2I0J5DJK9C364GEH8B017F1K2I8H6F9ADG
0 4
0 7
1 10
1 11
2 5
2 14
3 3
3 12
4 2
4 18
5 0
5 19
6 5
6 13
7 19
7 20
8 9
8 12
9 3
9 6
10 4
10 16
11 14
11 17
12 8
12 11
13 0
13 1
14 7
14 15
15 1
15 20
16 2
16 18
17 8
17 17
18 6
18 15
19 9
19 10
20 13
20 16

# solution 749
# n=21 sym=rot2 status=verified source=flammenkamp_cache/n21_rot2
# code=:4DAB5E3C2I0J5DJK9C364GEH8B017F1K2I8H6F9A7G
0 4
0 13
1 10
1 11
2 5
2 14
3 3
3 12
4 2
4 18
5 0
5 19
6 5
6 13
7 19
7 20
8 9
8 12
9 3
9 6
10 4
10 16
11 14
11 17
12 8
12 11
13 0
13 1
14 7
14 15
15 1
15 20
16 2
16 18
17 8
17 17
18 6
18 15
19 9
19 10
20 7
20 16

# solution 750
# n=21 sym=rot2 status=verified source=flammenkamp_cache/n21_rot2
# code=:48AC7H562H5JBI0K79164GEJBD0K291F3IEF3D8ACG
0 4
0 8
1 10
1 12
2 7
2 17
3 5
3 6
4 2
4 17
5 5
5 19
6 11
6 18
7 0
7 20
8 7
8 9
9 1
9 6
10 4
10 16
11 14
11 19
12 11
12 13
13 0
13 20
14 2
14 9
15 1
15 15
16 3
16 18
17 14
17 15
18 3
18 13
19 8
19 10
20 12
20 16

# solution 751
# n=21 sym=rot2 status=verified source=flammenkamp_cache/n21_rot2
# code=:48AC7H56HI5JBI0K79164GEJBD0K291F23EF3D8ACG
0 4
0 8
1 10
1 12
2 7
2 17
3 5
3 6
4 17
4 18
5 5
5 19
6 11
6 18
7 0
7 20
8 7
8 9
9 1
9 6
10 4
10 16
11 14
11 19
12 11
12 13
13 0
13 20
14 2
14 9
15 1
15 15
16 2
16 3
17 14
17 15
18 3
18 13
19 8
19 10
20 12
20 16

# solution 752
# n=21 sym=rot2 status=verified source=flammenkamp_cache/n21_rot2
# code=:5A4E0F6C3I9CDI39DJ0J4G1K17BH278B2H8E5K6GAF
0 5
0 10
1 4
1 14
2 0
2 15
3 6
3 12
4 3
4 18
5 9
5 12
6 13
6 18
7 3
7 9
8 13
8 19
9 0
9 19
10 4
10 16
11 1
11 20
12 1
12 7
13 11
13 17
14 2
14 7
15 8
15 11
16 2
16 17
17 8
17 14
18 5
18 20
19 6
19 16
20 10
20 15

# solution 753
# n=21 sym=rot2 status=verified source=flammenkamp_cache/n21_rot2
# code=:AH6K7D0F1859GI8E9J234GHI1B6C24BFCJ5K7D0E3A
0 10
0 17
1 6
1 20
2 7
2 13
3 0
3 15
4 1
4 8
5 5
5 9
6 16
6 18
7 8
7 14
8 9
8 19
9 2
9 3
10 4
10 16
11 17
11 18
12 1
12 11
13 6
13 12
14 2
14 4
15 11
15 15
16 12
16 19
17 5
17 20
18 7
18 13
19 0
19 14
20 3
20 10

# solution 754
# n=21 sym=rot2 status=verified source=flammenkamp_cache/n21_rot2
# code=:8A35GIDF068B37IJ19EK4G06BJ12DH9CEK5724FHAC
0 8
0 10
1 3
1 5
2 16
2 18
3 13
3 15
4 0
4 6
5 8
5 11
6 3
6 7
7 18
7 19
8 1
8 9
9 14
9 20
10 4
10 16
11 0
11 6
12 11
12 19
13 1
13 2
14 13
14 17
15 9
15 12
16 14
16 20
17 5
17 7
18 2
18 4
19 15
19 17
20 10
20 12

# solution 755
# n=21 sym=rot2 status=verified source=flammenkamp_cache/n21_rot2
# code=:7ACF2BFJ7H3B148E0I6K4G0E2K6CGJ9H3D159I58AD
0 7
0 10
1 12
1 15
2 2
2 11
3 15
3 19
4 7
4 17
5 3
5 11
6 1
6 4
7 8
7 14
8 0
8 18
9 6
9 20
10 4
10 16
11 0
11 14
12 2
12 20
13 6
13 12
14 16
14 19
15 9
15 17
16 3
16 13
17 1
17 5
18 9
18 18
19 5
19 8
20 10
20 13

# solution 756
# n=21 sym=rot2 status=verified source=flammenkamp_cache/n21_rot2
# code=:4ACF6B26DH2B1J58DKHK4G0307CF1J9I37EI9E58AG
0 4
0 10
1 12
1 15
2 6
2 11
3 2
3 6
4 13
4 17
5 2
5 11
6 1
6 19
7 5
7 8
8 13
8 20
9 17
9 20
10 4
10 16
11 0
11 3
12 0
12 7
13 12
13 15
14 1
14 19
15 9
15 18
16 3
16 7
17 14
17 18
18 9
18 14
19 5
19 8
20 10
20 16

# solution 757
# n=21 sym=rot2 status=verified source=flammenkamp_cache/n21_rot2
# code=:1H9E674IAC371F4KCF9I0K2B580G5JDH8A2GDE6B3J
0 1
0 17
1 9
1 14
2 6
2 7
3 4
3 18
4 10
4 12
5 3
5 7
6 1
6 15
7 4
7 20
8 12
8 15
9 9
9 18
10 0
10 20
11 2
11 11
12 5
12 8
13 0
13 16
14 5
14 19
15 13
15 17
16 8
16 10
17 2
17 16
18 13
18 14
19 6
19 11
20 3
20 19

# solution 758
# n=21 sym=rot2 status=verified source=flammenkamp_cache/n21_rot2
# code=:7A8E349HDI681F9FIK1K4G0J025B5JCE273BGH6CAD
0 7
0 10
1 8
1 14
2 3
2 4
3 9
3 17
4 13
4 18
5 6
5 8
6 1
6 15
7 9
7 15
8 18
8 20
9 1
9 20
10 4
10 16
11 0
11 19
12 0
12 2
13 5
13 11
14 5
14 19
15 12
15 14
16 2
16 7
17 3
17 11
18 16
18 17
19 6
19 12
20 10
20 13

# solution 759
# n=21 sym=rot2 status=verified source=flammenkamp_cache/n21_rot2
# code=:ADBFIJ6F02680JCG39DH4G37BH481KCEIK5E12597A
0 10
0 13
1 11
1 15
2 18
2 19
3 6
3 15
4 0
4 2
5 6
5 8
6 0
6 19
7 12
7 16
8 3
8 9
9 13
9 17
10 4
10 16
11 3
11 7
12 11
12 17
13 4
13 8
14 1
14 20
15 12
15 14
16 18
16 20
17 5
17 14
18 1
18 2
19 5
19 9
20 7
20 10

# solution 760
# n=21 sym=rot2 status=verified source=flammenkamp_cache/n21_rot2
# code=:897E4E04AI7CFJ233F9J0K1B5HHI158D2AGK6G6DBC
0 8
0 9
1 7
1 14
2 4
2 14
3 0
3 4
4 10
4 18
5 7
5 12
6 15
6 19
7 2
7 3
8 3
8 15
9 9
9 19
10 0
10 20
11 1
11 11
12 5
12 17
13 17
13 18
14 1
14 5
15 8
15 13
16 2
16 10
17 16
17 20
18 6
18 16
19 6
19 13
20 11
20 12

# solution 761
# n=21 sym=rot2 status=verified source=flammenkamp_cache/n21_rot2
# code=:8ABE5F17348E0I2J397K4G0DBH1I2K6CGHDJ5F69AC
0 8
0 10
1 11
1 14
2 5
2 15
3 1
3 7
4 3
4 4
5 8
5 14
6 0
6 18
7 2
7 19
8 3
8 9
9 7
9 20
10 4
10 16
11 0
11 13
12 11
12 17
13 1
13 18
14 2
14 20
15 6
15 12
16 16
16 17
17 13
17 19
18 5
18 15
19 6
19 9
20 10
20 12

# solution 762
# n=21 sym=rot2 status=verified source=flammenkamp_cache/n21_rot2
# code=:AD5KGH1K5C6C9I3D1I694GBE2J7H2B8E8F0J340F7A
0 10
0 13
1 5
1 20
2 16
2 17
3 1
3 20
4 5
4 12
5 6
5 12
6 9
6 18
7 3
7 13
8 1
8 18
9 6
9 9
10 4
10 16
11 11
11 14
12 2
12 19
13 7
13 17
14 2
14 11
15 8
15 14
16 8
16 15
17 0
17 19
18 3
18 4
19 0
19 15
20 7
20 10

# solution 763
# n=21 sym=rot2 status=verified source=flammenkamp_cache/n21_rot2
# code=:7A8E35DH9I8E259J04014GJKGK1BFI6C2B37FH6CAD
0 7
0 10
1 8
1 14
2 3
2 5
3 13
3 17
4 9
4 18
5 8
5 14
6 2
6 5
7 9
7 19
8 0
8 4
9 0
9 1
10 4
10 16
11 19
11 20
12 16
12 20
13 1
13 11
14 15
14 18
15 6
15 12
16 2
16 11
17 3
17 7
18 15
18 17
19 6
19 12
20 10
20 13

# solution 764
# n=21 sym=rot2 status=verified source=flammenkamp_cache/n21_rot2
# code=:6C3B46CIAD4H150IDF190KBJ572KFJ3G7A28EG9H8E
0 6
0 12
1 3
1 11
2 4
2 6
3 12
3 18
4 10
4 13
5 4
5 17
6 1
6 5
7 0
7 18
8 13
8 15
9 1
9 9
10 0
10 20
11 11
11 19
12 5
12 7
13 2
13 20
14 15
14 19
15 3
15 16
16 7
16 10
17 2
17 8
18 14
18 16
19 9
19 17
20 8
20 14

# solution 765
# n=21 sym=rot2 status=verified source=flammenkamp_cache/n21_rot2
# code=:DG9C6HCG2A175I0J3F9E0K6B5H1K2FDJAI483E8B47
0 13
0 16
1 9
1 12
2 6
2 17
3 12
3 16
4 2
4 10
5 1
5 7
6 5
6 18
7 0
7 19
8 3
8 15
9 9
9 14
10 0
10 20
11 6
11 11
12 5
12 17
13 1
13 20
14 2
14 15
15 13
15 19
16 10
16 18
17 4
17 8
18 3
18 14
19 8
19 11
20 4
20 7

# solution 766
# n=21 sym=rot2 status=verified source=flammenkamp_cache/n21_rot2
# code=:ADBF48360I8EDJFJ39024GIKBH15176C2KEHCG597A
0 10
0 13
1 11
1 15
2 4
2 8
3 3
3 6
4 0
4 18
5 8
5 14
6 13
6 19
7 15
7 19
8 3
8 9
9 0
9 2
10 4
10 16
11 18
11 20
12 11
12 17
13 1
13 5
14 1
14 7
15 6
15 12
16 2
16 20
17 14
17 17
18 12
18 16
19 5
19 9
20 7
20 10

# solution 767
# n=21 sym=rot2 status=verified source=flammenkamp_cache/n21_rot2
# code=:AF7C5GDH2K3816BE9K124GIJ0B69EJCH0I374F8D5A
0 10
0 15
1 7
1 12
2 5
2 16
3 13
3 17
4 2
4 20
5 3
5 8
6 1
6 6
7 11
7 14
8 9
8 20
9 1
9 2
10 4
10 16
11 18
11 19
12 0
12 11
13 6
13 9
14 14
14 19
15 12
15 17
16 0
16 18
17 3
17 7
18 4
18 15
19 8
19 13
20 5
20 10

# solution 768
# n=21 sym=rot2 status=verified source=flammenkamp_cache/n21_rot2
# code=:4A8E5E1I9F38IJ0D09DH4G37BK7K12CH5B2J6F6CAG
0 4
0 10
1 8
1 14
2 5
2 14
3 1
3 18
4 9
4 15
5 3
5 8
6 18
6 19
7 0
7 13
8 0
8 9
9 13
9 17
10 4
10 16
11 3
11 7
12 11
12 20
13 7
13 20
14 1
14 2
15 12
15 17
16 5
16 11
17 2
17 19
18 6
18 15
19 6
19 12
20 10
20 16

# solution 769
# n=21 sym=rot2 status=verified source=flammenkamp_cache/n21_rot2
# code=:9A13DIDE598HFK48EK124GIJ06CG053CBF6727HJAB
0 9
0 10
1 1
1 3
2 13
2 18
3 13
3 14
4 5
4 9
5 8
5 17
6 15
6 20
7 4
7 8
8 14
8 20
9 1
9 2
10 4
10 16
11 18
11 19
12 0
12 6
13 12
13 16
14 0
14 5
15 3
15 12
16 11
16 15
17 6
17 7
18 2
18 7
19 17
19 19
20 10
20 11

# solution 770
# n=21 sym=rot2 status=verified source=flammenkamp_cache/n21_rot2
# code=:ABFHFH178E2806JK792G4G4IBD01EKCI6CDJ35359A
0 10
0 11
1 15
1 17
2 15
2 17
3 1
3 7
4 8
4 14
5 2
5 8
6 0
6 6
7 19
7 20
8 7
8 9
9 2
9 16
10 4
10 16
11 4
11 18
12 11
12 13
13 0
13 1
14 14
14 20
15 12
15 18
16 6
16 12
17 13
17 19
18 3
18 5
19 3
19 5
20 9
20 10

# solution 771
# n=21 sym=rot2 status=verified source=flammenkamp_cache/n21_rot2
# code=:8AFH195D6G2816IK9DHK4G037B02EJCI4E7FBJ35AC
0 8
0 10
1 15
1 17
2 1
2 9
3 5
3 13
4 6
4 16
5 2
5 8
6 1
6 6
7 18
7 20
8 9
8 13
9 17
9 20
10 4
10 16
11 0
11 3
12 7
12 11
13 0
13 2
14 14
14 19
15 12
15 18
16 4
16 14
17 7
17 15
18 11
18 19
19 3
19 5
20 10
20 12

# solution 772
# n=21 sym=rot2 status=verified source=flammenkamp_cache/n21_rot2
# code=:AD6C3H15EK2C9D12GK594GBF04IJ7B8I06FJ3H8E7A
0 10
0 13
1 6
1 12
2 3
2 17
3 1
3 5
4 14
4 20
5 2
5 12
6 9
6 13
7 1
7 2
8 16
8 20
9 5
9 9
10 4
10 16
11 11
11 15
12 0
12 4
13 18
13 19
14 7
14 11
15 8
15 18
16 0
16 6
17 15
17 19
18 3
18 17
19 8
19 14
20 7
20 10

# solution 773
# n=21 sym=rot2 status=verified source=flammenkamp_cache/n21_rot2
# code=:AC6H45DJ9H6C2J79250K4G0KFIBD1I8E3B17FG3E8A
0 10
0 12
1 6
1 17
2 4
2 5
3 13
3 19
4 9
4 17
5 6
5 12
6 2
6 19
7 7
7 9
8 2
8 5
9 0
9 20
10 4
10 16
11 0
11 20
12 15
12 18
13 11
13 13
14 1
14 18
15 8
15 14
16 3
16 11
17 1
17 7
18 15
18 16
19 3
19 14
20 8
20 10

# solution 774
# n=21 sym=rot2 status=verified source=flammenkamp_cache/n21_rot2
# code=:AD8EGH5B376C129F2K0J4G1K0I5BIJ8EDH9F346C7A
0 10
0 13
1 8
1 14
2 16
2 17
3 5
3 11
4 3
4 7
5 6
5 12
6 1
6 2
7 9
7 15
8 2
8 20
9 0
9 19
10 4
10 16
11 1
11 20
12 0
12 18
13 5
13 11
14 18
14 19
15 8
15 14
16 13
16 17
17 9
17 15
18 3
18 4
19 6
19 12
20 7
20 10

# solution 775
# n=21 sym=rot2 status=verified source=flammenkamp_cache/n21_rot2
# code=:AI593C5E0K6CDJ19DH4I4G2G37BJ178E0K6F8HBF2A
0 10
0 18
1 5
1 9
2 3
2 12
3 5
3 14
4 0
4 20
5 6
5 12
6 13
6 19
7 1
7 9
8 13
8 17
9 4
9 18
10 4
10 16
11 2
11 16
12 3
12 7
13 11
13 19
14 1
14 7
15 8
15 14
16 0
16 20
17 6
17 15
18 8
18 17
19 11
19 15
20 2
20 10

# solution 776
# n=21 sym=rot2 status=verified source=flammenkamp_cache/n21_rot2
# code=:AD5E7B15IKCEIK4839134GHJBHCG026802FJ9D6F7A
0 10
0 13
1 5
1 14
2 7
2 11
3 1
3 5
4 18
4 20
5 12
5 14
6 18
6 20
7 4
7 8
8 3
8 9
9 1
9 3
10 4
10 16
11 17
11 19
12 11
12 17
13 12
13 16
14 0
14 2
15 6
15 8
16 0
16 2
17 15
17 19
18 9
18 13
19 6
19 15
20 7
20 10

# solution 777
# n=21 sym=rot2 status=verified source=flammenkamp_cache/n21_rot2
# code=:6C9EFJ14AC7HHK245D9I0K2B7FGI033D8AGJ156B8E
0 6
0 12
1 9
1 14
2 15
2 19
3 1
3 4
4 10
4 12
5 7
5 17
6 17
6 20
7 2
7 4
8 5
8 13
9 9
9 18
10 0
10 20
11 2
11 11
12 7
12 15
13 16
13 18
14 0
14 3
15 3
15 13
16 8
16 10
17 16
17 19
18 1
18 5
19 6
19 11
20 8
20 14

# solution 778
# n=21 sym=rot2 status=verified source=flammenkamp_cache/n21_rot2
# code=:AI8EDH8BDF361I0F490J4G1KBG5K2JEH579C376C2A
0 10
0 18
1 8
1 14
2 13
2 17
3 8
3 11
4 13
4 15
5 3
5 6
6 1
6 18
7 0
7 15
8 4
8 9
9 0
9 19
10 4
10 16
11 1
11 20
12 11
12 16
13 5
13 20
14 2
14 19
15 14
15 17
16 5
16 7
17 9
17 12
18 3
18 7
19 6
19 12
20 2
20 10

# solution 779
# n=21 sym=rot2 status=verified source=flammenkamp_cache/n21_rot2
# code=:8A5E5C13IK3E9I0D9J4D4G7G1B7K2B6H02HJ8F6FAC
0 8
0 10
1 5
1 14
2 5
2 12
3 1
3 3
4 18
4 20
5 3
5 14
6 9
6 18
7 0
7 13
8 9
8 19
9 4
9 13
10 4
10 16
11 7
11 16
12 1
12 11
13 7
13 20
14 2
14 11
15 6
15 17
16 0
16 2
17 17
17 19
18 8
18 15
19 6
19 15
20 10
20 12

# solution 780
# n=21 sym=rot2 status=verified source=flammenkamp_cache/n21_rot2
# code=:8AEH1F789I3E0I79FJGK4G0415BD2K6H2BCD5J36AC
0 8
0 10
1 14
1 17
2 1
2 15
3 7
3 8
4 9
4 18
5 3
5 14
6 0
6 18
7 7
7 9
8 15
8 19
9 16
9 20
10 4
10 16
11 0
11 4
12 1
12 5
13 11
13 13
14 2
14 20
15 6
15 17
16 2
16 11
17 12
17 13
18 5
18 19
19 3
19 6
20 10
20 12

# solution 781
# n=21 sym=rot2 status=verified source=flammenkamp_cache/n21_rot2
# code=:AF68DH051IEH1I9D49084GCKBG7B2J362JFK37CE5A
0 10
0 15
1 6
1 8
2 13
2 17
3 0
3 5
4 1
4 18
5 14
5 17
6 1
6 18
7 9
7 13
8 4
8 9
9 0
9 8
10 4
10 16
11 12
11 20
12 11
12 16
13 7
13 11
14 2
14 19
15 3
15 6
16 2
16 19
17 15
17 20
18 3
18 7
19 12
19 14
20 5
20 10

# solution 782
# n=21 sym=rot2 status=verified source=flammenkamp_cache/n21_rot2
# code=:9CEH560G9AHJ2578DG120KIJ47CDFI13AB4KEF368B
0 9
0 12
1 14
1 17
2 5
2 6
3 0
3 16
4 9
4 10
5 17
5 19
6 2
6 5
7 7
7 8
8 13
8 16
9 1
9 2
10 0
10 20
11 18
11 19
12 4
12 7
13 12
13 13
14 15
14 18
15 1
15 3
16 10
16 11
17 4
17 20
18 14
18 15
19 3
19 6
20 8
20 11

# solution 783
# n=21 sym=rot2 status=verified source=flammenkamp_cache/n21_rot2
# code=:ACEH5D8D1I450B69JK2H4G3I01BE9KFG2J7C7F368A
0 10
0 12
1 14
1 17
2 5
2 13
3 8
3 13
4 1
4 18
5 4
5 5
6 0
6 11
7 6
7 9
8 19
8 20
9 2
9 17
10 4
10 16
11 3
11 18
12 0
12 1
13 11
13 14
14 9
14 20
15 15
15 16
16 2
16 19
17 7
17 12
18 7
18 15
19 3
19 6
20 8
20 10

# solution 784
# n=21 sym=rot2 status=verified source=flammenkamp_cache/n21_rot2
# code=:ACEH5D8DIJ450B69JK2H4G3I01BE9KFG127C7F368A
0 10
0 12
1 14
1 17
2 5
2 13
3 8
3 13
4 18
4 19
5 4
5 5
6 0
6 11
7 6
7 9
8 19
8 20
9 2
9 17
10 4
10 16
11 3
11 18
12 0
12 1
13 11
13 14
14 9
14 20
15 15
15 16
16 1
16 2
17 7
17 12
18 7
18 15
19 3
19 6
20 8
20 10

# solution 785
# n=21 sym=rot2 status=verified source=flammenkamp_cache/n21_rot2
# code=:AD58EH3B06FI171I09CG4G48BK2JDJ25EK9H36CF7A
0 10
0 13
1 5
1 8
2 14
2 17
3 3
3 11
4 0
4 6
5 15
5 18
6 1
6 7
7 1
7 18
8 0
8 9
9 12
9 16
10 4
10 16
11 4
11 8
12 11
12 20
13 2
13 19
14 13
14 19
15 2
15 5
16 14
16 20
17 9
17 17
18 3
18 6
19 12
19 15
20 7
20 10

# solution 786
# n=21 sym=rot2 status=verified source=flammenkamp_cache/n21_rot2
# code=:8ABH6H7FCJ24FJ0967024GIKDEBK15GI185D3E39AC
0 8
0 10
1 11
1 17
2 6
2 17
3 7
3 15
4 12
4 19
5 2
5 4
6 15
6 19
7 0
7 9
8 6
8 7
9 0
9 2
10 4
10 16
11 18
11 20
12 13
12 14
13 11
13 20
14 1
14 5
15 16
15 18
16 1
16 8
17 5
17 13
18 3
18 14
19 3
19 9
20 10
20 12

# solution 787
# n=21 sym=rot2 status=verified source=flammenkamp_cache/n21_rot2
# code=:48BE562KAFBHHI781D140KGJ7JCD23395A0IEF69CG
0 4
0 8
1 11
1 14
2 5
2 6
3 2
3 20
4 10
4 15
5 11
5 17
6 17
6 18
7 7
7 8
8 1
8 13
9 1
9 4
10 0
10 20
11 16
11 19
12 7
12 19
13 12
13 13
14 2
14 3
15 3
15 9
16 5
16 10
17 0
17 18
18 14
18 15
19 6
19 9
20 12
20 16

# solution 788
# n=21 sym=rot2 status=verified source=flammenkamp_cache/n21_rot2
# code=:48BE5604AFBHHI781D120KIJ7JCD23395AGKEF69CG
0 4
0 8
1 11
1 14
2 5
2 6
3 0
3 4
4 10
4 15
5 11
5 17
6 17
6 18
7 7
7 8
8 1
8 13
9 1
9 2
10 0
10 20
11 18
11 19
12 7
12 19
13 12
13 13
14 2
14 3
15 3
15 9
16 5
16 10
17 16
17 20
18 14
18 15
19 6
19 9
20 12
20 16

# solution 789
# n=21 sym=rot2 status=verified source=flammenkamp_cache/n21_rot2
# code=:CD4ECJ455AEJ23092H9D0K7B3IBKHI16AFFG186G78
0 12
0 13
1 4
1 14
2 12
2 19
3 4
3 5
4 5
4 10
5 14
5 19
6 2
6 3
7 0
7 9
8 2
8 17
9 9
9 13
10 0
10 20
11 7
11 11
12 3
12 18
13 11
13 20
14 17
14 18
15 1
15 6
16 10
16 15
17 15
17 16
18 1
18 8
19 6
19 16
20 7
20 8

# solution 790
# n=21 sym=rot2 status=verified source=flammenkamp_cache/n21_rot2
# code=:AD6C9I58EK2G9D15HK1H4G3J03FJ7B4I06CF2B8E7A
0 10
0 13
1 6
1 12
2 9
2 18
3 5
3 8
4 14
4 20
5 2
5 16
6 9
6 13
7 1
7 5
8 17
8 20
9 1
9 17
10 4
10 16
11 3
11 19
12 0
12 3
13 15
13 19
14 7
14 11
15 4
15 18
16 0
16 6
17 12
17 15
18 2
18 11
19 8
19 14
20 7
20 10

# solution 791
# n=21 sym=rot2 status=verified source=flammenkamp_cache/n21_rot2
# code=:AC36BD5638GIIK1F9D014GJK7B5J0224CHEF79EH8A
0 10
0 12
1 3
1 6
2 11
2 13
3 5
3 6
4 3
4 8
5 16
5 18
6 18
6 20
7 1
7 15
8 9
8 13
9 0
9 1
10 4
10 16
11 19
11 20
12 7
12 11
13 5
13 19
14 0
14 2
15 2
15 4
16 12
16 17
17 14
17 15
18 7
18 9
19 14
19 17
20 8
20 10

# solution 792
# n=21 sym=rot2 status=verified source=flammenkamp_cache/n21_rot2
# code=:ADCF57IK3BGI3689061J4G1JEKBCEH249H02DF587A
0 10
0 13
1 12
1 15
2 5
2 7
3 18
3 20
4 3
4 11
5 16
5 18
6 3
6 6
7 8
7 9
8 0
8 6
9 1
9 19
10 4
10 16
11 1
11 19
12 14
12 20
13 11
13 12
14 14
14 17
15 2
15 4
16 9
16 17
17 0
17 2
18 13
18 15
19 5
19 8
20 7
20 10

# solution 793
# n=21 sym=rot2 status=verified source=flammenkamp_cache/n21_rot2
# code=:4AFJ2B68BD3H178E2K5K4G0F0I6CDJ3H79CE9I15AG
0 4
0 10
1 15
1 19
2 2
2 11
3 6
3 8
4 11
4 13
5 3
5 17
6 1
6 7
7 8
7 14
8 2
8 20
9 5
9 20
10 4
10 16
11 0
11 15
12 0
12 18
13 6
13 12
14 13
14 19
15 3
15 17
16 7
16 9
17 12
17 14
18 9
18 18
19 1
19 5
20 10
20 16

# solution 794
# n=21 sym=rot2 status=verified source=flammenkamp_cache/n21_rot2
# code=:BD266F1FAB4812DH8KGH0K340C37IJCG9A5J5EEI79
0 11
0 13
1 2
1 6
2 6
2 15
3 1
3 15
4 10
4 11
5 4
5 8
6 1
6 2
7 13
7 17
8 8
8 20
9 16
9 17
10 0
10 20
11 3
11 4
12 0
12 12
13 3
13 7
14 18
14 19
15 12
15 16
16 9
16 10
17 5
17 19
18 5
18 14
19 14
19 18
20 7
20 9

# solution 795
# n=21 sym=rot2 status=verified source=flammenkamp_cache/n21_rot2
# code=:6ACF3JCFGK2369029DDJ4G177BIKBEHI04581H58AE
0 6
0 10
1 12
1 15
2 3
2 19
3 12
3 15
4 16
4 20
5 2
5 3
6 6
6 9
7 0
7 2
8 9
8 13
9 13
9 19
10 4
10 16
11 1
11 7
12 7
12 11
13 18
13 20
14 11
14 14
15 17
15 18
16 0
16 4
17 5
17 8
18 1
18 17
19 5
19 8
20 10
20 14

# solution 796
# n=21 sym=rot2 status=verified source=flammenkamp_cache/n21_rot2
# code=:6A8C47DF0323FJBI9K1E4G6J0B2915HIHK57DG8CAE
0 6
0 10
1 8
1 12
2 4
2 7
3 13
3 15
4 0
4 3
5 2
5 3
6 15
6 19
7 11
7 18
8 9
8 20
9 1
9 14
10 4
10 16
11 6
11 19
12 0
12 11
13 2
13 9
14 1
14 5
15 17
15 18
16 17
16 20
17 5
17 7
18 13
18 16
19 8
19 12
20 10
20 14

# solution 797
# n=21 sym=rot2 status=verified source=flammenkamp_cache/n21_rot2
# code=:4ACF1H6B8D2316FK9D024GIK7B05EJHI7C9E3J58AG
0 4
0 10
1 12
1 15
2 1
2 17
3 6
3 11
4 8
4 13
5 2
5 3
6 1
6 6
7 15
7 20
8 9
8 13
9 0
9 2
10 4
10 16
11 18
11 20
12 7
12 11
13 0
13 5
14 14
14 19
15 17
15 18
16 7
16 12
17 9
17 14
18 3
18 19
19 5
19 8
20 10
20 16

# solution 798
# n=21 sym=rot2 status=verified source=flammenkamp_cache/n21_rot2
# code=:8B047FFG1A678IEI1H390KBH3J262CDEAJ455DGK9C
0 8
0 11
1 0
1 4
2 7
2 15
3 15
3 16
4 1
4 10
5 6
5 7
6 8
6 18
7 14
7 18
8 1
8 17
9 3
9 9
10 0
10 20
11 11
11 17
12 3
12 19
13 2
13 6
14 2
14 12
15 13
15 14
16 10
16 19
17 4
17 5
18 5
18 13
19 16
19 20
20 9
20 12

# solution 799
# n=21 sym=rot2 status=verified source=flammenkamp_cache/n21_rot2
# code=:7A1CBGEH783I195E0I0F4G5K2K6FBJ2HCD36498JAD
0 7
0 10
1 1
1 12
2 11
2 16
3 14
3 17
4 7
4 8
5 3
5 18
6 1
6 9
7 5
7 14
8 0
8 18
9 0
9 15
10 4
10 16
11 5
11 20
12 2
12 20
13 6
13 15
14 11
14 19
15 2
15 17
16 12
16 13
17 3
17 6
18 4
18 9
19 8
19 19
20 10
20 13

# solution 800
# n=21 sym=rot2 status=verified source=flammenkamp_cache/n21_rot2
# code=:3A8ECJFK453I9D692JDK4G071IBE7B2HFG05186CAH
0 3
0 10
1 8
1 14
2 12
2 19
3 15
3 20
4 4
4 5
5 3
5 18
6 9
6 13
7 6
7 9
8 2
8 19
9 13
9 20
10 4
10 16
11 0
11 7
12 1
12 18
13 11
13 14
14 7
14 11
15 2
15 17
16 15
16 16
17 0
17 5
18 1
18 8
19 6
19 12
20 10
20 17

# solution 801
# n=21 sym=rot2 status=verified source=flammenkamp_cache/n21_rot2
# code=:ACEJ5912DF03GIEK89DH4G37BC0624HK57IJBF168A
0 10
0 12
1 14
1 19
2 5
2 9
3 1
3 2
4 13
4 15
5 0
5 3
6 16
6 18
7 14
7 20
8 8
8 9
9 13
9 17
10 4
10 16
11 3
11 7
12 11
12 12
13 0
13 6
14 2
14 4
15 17
15 20
16 5
16 7
17 18
17 19
18 11
18 15
19 1
19 6
20 8
20 10

# solution 802
# n=21 sym=rot2 status=verified source=flammenkamp_cache/n21_rot2
# code=:AE395JCDGH2I0689FJDK4G0715BCEK2I34781FBH6A
0 10
0 14
1 3
1 9
2 5
2 19
3 12
3 13
4 16
4 17
5 2
5 18
6 0
6 6
7 8
7 9
8 15
8 19
9 13
9 20
10 4
10 16
11 0
11 7
12 1
12 5
13 11
13 12
14 14
14 20
15 2
15 18
16 3
16 4
17 7
17 8
18 1
18 15
19 11
19 17
20 6
20 10

# solution 803
# n=21 sym=rot2 status=verified source=flammenkamp_cache/n21_rot2
# code=:6A583I0F462KDJ9C39DJ4G17BH8B170IEG5K2HCFAE
0 6
0 10
1 5
1 8
2 3
2 18
3 0
3 15
4 4
4 6
5 2
5 20
6 13
6 19
7 9
7 12
8 3
8 9
9 13
9 19
10 4
10 16
11 1
11 7
12 11
12 17
13 8
13 11
14 1
14 7
15 0
15 18
16 14
16 16
17 5
17 20
18 2
18 17
19 12
19 15
20 10
20 14

# solution 804
# n=21 sym=rot2 status=verified source=flammenkamp_cache/n21_rot2
# code=:AE583I0F462KDJ9C39DJ4G17BH8B170IEG5K2HCF6A
0 10
0 14
1 5
1 8
2 3
2 18
3 0
3 15
4 4
4 6
5 2
5 20
6 13
6 19
7 9
7 12
8 3
8 9
9 13
9 19
10 4
10 16
11 1
11 7
12 11
12 17
13 8
13 11
14 1
14 7
15 0
15 18
16 14
16 16
17 5
17 20
18 2
18 17
19 12
19 15
20 6
20 10

# solution 805
# n=21 sym=rot2 status=verified source=flammenkamp_cache/n21_rot2
# code=:6A8F3I0F462KDJ9C39DJ4G17BH8B170IEG5K2H5CAE
0 6
0 10
1 8
1 15
2 3
2 18
3 0
3 15
4 4
4 6
5 2
5 20
6 13
6 19
7 9
7 12
8 3
8 9
9 13
9 19
10 4
10 16
11 1
11 7
12 11
12 17
13 8
13 11
14 1
14 7
15 0
15 18
16 14
16 16
17 5
17 20
18 2
18 17
19 5
19 12
20 10
20 14

# solution 806
# n=21 sym=rot2 status=verified source=flammenkamp_cache/n21_rot2
# code=:AE8F3I0F462KDJ9C39DJ4G17BH8B170IEG5K2H5C6A
0 10
0 14
1 8
1 15
2 3
2 18
3 0
3 15
4 4
4 6
5 2
5 20
6 13
6 19
7 9
7 12
8 3
8 9
9 13
9 19
10 4
10 16
11 1
11 7
12 11
12 17
13 8
13 11
14 1
14 7
15 0
15 18
16 14
16 16
17 5
17 20
18 2
18 17
19 5
19 12
20 6
20 10

# solution 807
# n=21 sym=rot2 status=verified source=flammenkamp_cache/n21_rot2
# code=:598E1514AD8I0IEH349D0K7BGH362K2C7AGJFJ6CBF
0 5
0 9
1 8
1 14
2 1
2 5
3 1
3 4
4 10
4 13
5 8
5 18
6 0
6 18
7 14
7 17
8 3
8 4
9 9
9 13
10 0
10 20
11 7
11 11
12 16
12 17
13 3
13 6
14 2
14 20
15 2
15 12
16 7
16 10
17 16
17 19
18 15
18 19
19 6
19 12
20 11
20 15

# solution 808
# n=21 sym=rot2 status=verified source=flammenkamp_cache/n21_rot2
# code=:0B6D8D5GIK23CEGJ591A3HAJBF1468HI024F7C7E9K
0 0
0 11
1 6
1 13
2 8
2 13
3 5
3 16
4 18
4 20
5 2
5 3
6 12
6 14
7 16
7 19
8 5
8 9
9 1
9 10
10 3
10 17
11 10
11 19
12 11
12 15
13 1
13 4
14 6
14 8
15 17
15 18
16 0
16 2
17 4
17 15
18 7
18 12
19 7
19 14
20 9
20 20

# solution 809
# n=21 sym=rot2 status=verified source=flammenkamp_cache/n21_rot2
# code=:CG7B5KCG26JKEH27591A3HAJBFDI3601EI480F9D48
0 12
0 16
1 7
1 11
2 5
2 20
3 12
3 16
4 2
4 6
5 19
5 20
6 14
6 17
7 2
7 7
8 5
8 9
9 1
9 10
10 3
10 17
11 10
11 19
12 11
12 15
13 13
13 18
14 3
14 6
15 0
15 1
16 14
16 18
17 4
17 8
18 0
18 15
19 9
19 13
20 4
20 8

# solution 810
# n=21 sym=rot2 status=verified source=flammenkamp_cache/n21_rot2
# code=:8E67BF1427FGIK3B180A3HAKCJ9H0245DIGJ59DE6C
0 8
0 14
1 6
1 7
2 11
2 15
3 1
3 4
4 2
4 7
5 15
5 16
6 18
6 20
7 3
7 11
8 1
8 8
9 0
9 10
10 3
10 17
11 10
11 20
12 12
12 19
13 9
13 17
14 0
14 2
15 4
15 5
16 13
16 18
17 16
17 19
18 5
18 9
19 13
19 14
20 6
20 12

# solution 811
# n=21 sym=rot2 status=verified source=flammenkamp_cache/n21_rot2
# code=:BE7G782E19FHFI04081A3HAJCKGK2535BJ6ICD4D69
0 11
0 14
1 7
1 16
2 7
2 8
3 2
3 14
4 1
4 9
5 15
5 17
6 15
6 18
7 0
7 4
8 0
8 8
9 1
9 10
10 3
10 17
11 10
11 19
12 12
12 20
13 16
13 20
14 2
14 5
15 3
15 5
16 11
16 19
17 6
17 18
18 12
18 13
19 4
19 13
20 6
20 9

# solution 812
# n=21 sym=rot2 status=verified source=flammenkamp_cache/n21_rot2
# code=:8E4E599JGI1528HK7D0A3HAK7D03CIFJ241BBF6G6C
0 8
0 14
1 4
1 14
2 5
2 9
3 9
3 19
4 16
4 18
5 1
5 5
6 2
6 8
7 17
7 20
8 7
8 13
9 0
9 10
10 3
10 17
11 10
11 20
12 7
12 13
13 0
13 3
14 12
14 18
15 15
15 19
16 2
16 4
17 1
17 11
18 11
18 15
19 6
19 16
20 6
20 12

# solution 813
# n=21 sym=rot2 status=verified source=flammenkamp_cache/n21_rot2
# code=:9B57CE1IGI5C03GK671A3HAJDE04HK8F242J68DF9B
0 9
0 11
1 5
1 7
2 12
2 14
3 1
3 18
4 16
4 18
5 5
5 12
6 0
6 3
7 16
7 20
8 6
8 7
9 1
9 10
10 3
10 17
11 10
11 19
12 13
12 14
13 0
13 4
14 17
14 20
15 8
15 15
16 2
16 4
17 2
17 19
18 6
18 8
19 13
19 15
20 9
20 11

# solution 814
# n=21 sym=rot2 status=verified source=flammenkamp_cache/n21_rot2
# code=:341BCG786J2BFK5K7E2A3HAI6D0F059I1ECD489JGH
0 3
0 4
1 1
1 11
2 12
2 16
3 7
3 8
4 6
4 19
5 2
5 11
6 15
6 20
7 5
7 20
8 7
8 14
9 2
9 10
10 3
10 17
11 10
11 18
12 6
12 13
13 0
13 15
14 0
14 5
15 9
15 18
16 1
16 14
17 12
17 13
18 4
18 8
19 9
19 19
20 16
20 17

# solution 815
# n=21 sym=rot2 status=verified source=flammenkamp_cache/n21_rot2
# code=:896D068G2IBF3G0J7JAF3H5A1D1K4H592I4CEK7EBC
0 8
0 9
1 6
1 13
2 0
2 6
3 8
3 16
4 2
4 18
5 11
5 15
6 3
6 16
7 0
7 19
8 7
8 19
9 10
9 15
10 3
10 17
11 5
11 10
12 1
12 13
13 1
13 20
14 4
14 17
15 5
15 9
16 2
16 18
17 4
17 12
18 14
18 20
19 7
19 14
20 11
20 12

# solution 816
# n=21 sym=rot2 status=verified source=flammenkamp_cache/n21_rot2
# code=:89DE068G2IBF3G0J7JAF3H5A1D1K4H592I4CEK67BC
0 8
0 9
1 13
1 14
2 0
2 6
3 8
3 16
4 2
4 18
5 11
5 15
6 3
6 16
7 0
7 19
8 7
8 19
9 10
9 15
10 3
10 17
11 5
11 10
12 1
12 13
13 1
13 20
14 4
14 17
15 5
15 9
16 2
16 18
17 4
17 12
18 14
18 20
19 6
19 7
20 11
20 12

# solution 817
# n=21 sym=rot2 status=verified source=flammenkamp_cache/n21_rot2
# code=:69FI7C014GBH280F7J6A3HAE1D5KCI394GJK8D25BE
0 6
0 9
1 15
1 18
2 7
2 12
3 0
3 1
4 4
4 16
5 11
5 17
6 2
6 8
7 0
7 15
8 7
8 19
9 6
9 10
10 3
10 17
11 10
11 14
12 1
12 13
13 5
13 20
14 12
14 18
15 3
15 9
16 4
16 16
17 19
17 20
18 8
18 13
19 2
19 5
20 11
20 14

# solution 818
# n=21 sym=rot2 status=verified source=flammenkamp_cache/n21_rot2
# code=:BG6I45BC6CFH02177J0A3HAK1DDJIK358E89FG2E49
0 11
0 16
1 6
1 18
2 4
2 5
3 11
3 12
4 6
4 12
5 15
5 17
6 0
6 2
7 1
7 7
8 7
8 19
9 0
9 10
10 3
10 17
11 10
11 20
12 1
12 13
13 13
13 19
14 18
14 20
15 3
15 5
16 8
16 14
17 8
17 9
18 15
18 16
19 2
19 14
20 4
20 9

# solution 819
# n=21 sym=rot2 status=verified source=flammenkamp_cache/n21_rot2
# code=:49467CBC2IFH06157JAK3H0A1DFJEK352I898DEGBG
0 4
0 9
1 4
1 6
2 7
2 12
3 11
3 12
4 2
4 18
5 15
5 17
6 0
6 6
7 1
7 5
8 7
8 19
9 10
9 20
10 3
10 17
11 0
11 10
12 1
12 13
13 15
13 19
14 14
14 20
15 3
15 5
16 2
16 18
17 8
17 9
18 8
18 13
19 14
19 16
20 11
20 16

# solution 820
# n=21 sym=rot2 status=verified source=flammenkamp_cache/n21_rot2
# code=:BK5CEG1I279C36FG7K1A3HAJ0D45EH8BDI2J468F09
0 11
0 20
1 5
1 12
2 14
2 16
3 1
3 18
4 2
4 7
5 9
5 12
6 3
6 6
7 15
7 16
8 7
8 20
9 1
9 10
10 3
10 17
11 10
11 19
12 0
12 13
13 4
13 5
14 14
14 17
15 8
15 11
16 13
16 18
17 2
17 19
18 4
18 6
19 8
19 15
20 0
20 9

# solution 821
# n=21 sym=rot2 status=verified source=flammenkamp_cache/n21_rot2
# code=:8K4DDE592J4JHK2C5E9A3HAB6F8I031G1IBF677G0C
0 8
0 20
1 4
1 13
2 13
2 14
3 5
3 9
4 2
4 19
5 4
5 19
6 17
6 20
7 2
7 12
8 5
8 14
9 9
9 10
10 3
10 17
11 10
11 11
12 6
12 15
13 8
13 18
14 0
14 3
15 1
15 16
16 1
16 18
17 11
17 15
18 6
18 7
19 7
19 16
20 0
20 12

# solution 822
# n=21 sym=rot2 status=verified source=flammenkamp_cache/n21_rot2
# code=:89DF160J8DBF34IK26AG3H4AEI02GH597C1KEJ57BC
0 8
0 9
1 13
1 15
2 1
2 6
3 0
3 19
4 8
4 13
5 11
5 15
6 3
6 4
7 18
7 20
8 2
8 6
9 10
9 16
10 3
10 17
11 4
11 10
12 14
12 18
13 0
13 2
14 16
14 17
15 5
15 9
16 7
16 12
17 1
17 20
18 14
18 19
19 5
19 7
20 11
20 12

# solution 823
# n=21 sym=rot2 status=verified source=flammenkamp_cache/n21_rot2
# code=:8BDF160J8DBF34IK26AG3H4AEI02GH597C1KEJ579C
0 8
0 11
1 13
1 15
2 1
2 6
3 0
3 19
4 8
4 13
5 11
5 15
6 3
6 4
7 18
7 20
8 2
8 6
9 10
9 16
10 3
10 17
11 4
11 10
12 14
12 18
13 0
13 2
14 16
14 17
15 5
15 9
16 7
16 12
17 1
17 20
18 14
18 19
19 5
19 7
20 9
20 12

# solution 824
# n=21 sym=rot2 status=verified source=flammenkamp_cache/n21_rot2
# code=:8DGH159D0I5B8EGI160A3HAKEJ246C9F2K7BFJ347C
0 8
0 13
1 16
1 17
2 1
2 5
3 9
3 13
4 0
4 18
5 5
5 11
6 8
6 14
7 16
7 18
8 1
8 6
9 0
9 10
10 3
10 17
11 10
11 20
12 14
12 19
13 2
13 4
14 6
14 12
15 9
15 15
16 2
16 20
17 7
17 11
18 15
18 19
19 3
19 4
20 7
20 12

# solution 825
# n=21 sym=rot2 status=verified source=flammenkamp_cache/n21_rot2
# code=:CH797I0C459JGI0F6J6A3HAE1E5K241BFG8K2DBD38
0 12
0 17
1 7
1 9
2 7
2 18
3 0
3 12
4 4
4 5
5 9
5 19
6 16
6 18
7 0
7 15
8 6
8 19
9 6
9 10
10 3
10 17
11 10
11 14
12 1
12 14
13 5
13 20
14 2
14 4
15 1
15 11
16 15
16 16
17 8
17 20
18 2
18 13
19 11
19 13
20 3
20 8

# solution 826
# n=21 sym=rot2 status=verified source=flammenkamp_cache/n21_rot2
# code=:57BI8C9F4G1D3J6I06AK3H0AEK2E1H7J4G5B8C29DF
0 5
0 7
1 11
1 18
2 8
2 12
3 9
3 15
4 4
4 16
5 1
5 13
6 3
6 19
7 6
7 18
8 0
8 6
9 10
9 20
10 3
10 17
11 0
11 10
12 14
12 20
13 2
13 14
14 1
14 17
15 7
15 19
16 4
16 16
17 5
17 11
18 8
18 12
19 2
19 9
20 13
20 15

# solution 827
# n=21 sym=rot2 status=verified source=flammenkamp_cache/n21_rot2
# code=:BF4B6C7C4JHJ5K022E7A3HAD6IIK0F131G8D8E9G59
0 11
0 15
1 4
1 11
2 6
2 12
3 7
3 12
4 4
4 19
5 17
5 19
6 5
6 20
7 0
7 2
8 2
8 14
9 7
9 10
10 3
10 17
11 10
11 13
12 6
12 18
13 18
13 20
14 0
14 15
15 1
15 3
16 1
16 16
17 8
17 13
18 8
18 14
19 9
19 16
20 5
20 9

# solution 828
# n=21 sym=rot2 status=verified source=flammenkamp_cache/n21_rot2
# code=:BFBC6C7G4JHJ5K022E7A3HAD6IIK0F131G4D8E8959
0 11
0 15
1 11
1 12
2 6
2 12
3 7
3 16
4 4
4 19
5 17
5 19
6 5
6 20
7 0
7 2
8 2
8 14
9 7
9 10
10 3
10 17
11 10
11 13
12 6
12 18
13 18
13 20
14 0
14 15
15 1
15 3
16 1
16 16
17 4
17 13
18 8
18 14
19 8
19 9
20 5
20 9

# solution 829
# n=21 sym=rot2 status=verified source=flammenkamp_cache/n21_rot2
# code=:89DF4C5GDI016923EJAK3H0A16HIBEJK274F8G57BC
0 8
0 9
1 13
1 15
2 4
2 12
3 5
3 16
4 13
4 18
5 0
5 1
6 6
6 9
7 2
7 3
8 14
8 19
9 10
9 20
10 3
10 17
11 0
11 10
12 1
12 6
13 17
13 18
14 11
14 14
15 19
15 20
16 2
16 7
17 4
17 15
18 8
18 16
19 5
19 7
20 11
20 12

# solution 830
# n=21 sym=rot2 status=verified source=flammenkamp_cache/n21_rot2
# code=:5B6B4DDIIK136CGJ058A3HACFK148EHJ02277G9E9F
0 5
0 11
1 6
1 11
2 4
2 13
3 13
3 18
4 18
4 20
5 1
5 3
6 6
6 12
7 16
7 19
8 0
8 5
9 8
9 10
10 3
10 17
11 10
11 12
12 15
12 20
13 1
13 4
14 8
14 14
15 17
15 19
16 0
16 2
17 2
17 7
18 7
18 16
19 9
19 14
20 9
20 15

# solution 831
# n=21 sym=rot2 status=verified source=flammenkamp_cache/n21_rot2
# code=:064BFI788E0B34IJFJ7A3HAD1512GH9K6CCD259GEK
0 0
0 6
1 4
1 11
2 15
2 18
3 7
3 8
4 8
4 14
5 0
5 11
6 3
6 4
7 18
7 19
8 15
8 19
9 7
9 10
10 3
10 17
11 10
11 13
12 1
12 5
13 1
13 2
14 16
14 17
15 9
15 20
16 6
16 12
17 12
17 13
18 2
18 5
19 9
19 16
20 14
20 20

# solution 832
# n=21 sym=rot2 status=verified source=flammenkamp_cache/n21_rot2
# code=:JK79784C2I3916FGFK6A3HAE0545EJBH2I8GCDBD01
0 19
0 20
1 7
1 9
2 7
2 8
3 4
3 12
4 2
4 18
5 3
5 9
6 1
6 6
7 15
7 16
8 15
8 20
9 6
9 10
10 3
10 17
11 10
11 14
12 0
12 5
13 4
13 5
14 14
14 19
15 11
15 17
16 2
16 18
17 8
17 16
18 12
18 13
19 11
19 13
20 0
20 1

# solution 833
# n=21 sym=rot2 status=verified source=flammenkamp_cache/n21_rot2
# code=:56BCEF02289H4J7D1G0A3HAK4J7D1G3BCIIK5689EF
0 5
0 6
1 11
1 12
2 14
2 15
3 0
3 2
4 2
4 8
5 9
5 17
6 4
6 19
7 7
7 13
8 1
8 16
9 0
9 10
10 3
10 17
11 10
11 20
12 4
12 19
13 7
13 13
14 1
14 16
15 3
15 11
16 12
16 18
17 18
17 20
18 5
18 6
19 8
19 9
20 14
20 15

# solution 834
# n=21 sym=rot2 status=verified source=flammenkamp_cache/n21_rot2
# code=:56BCEF02289H4J7D1GAK3H0A4J7D1G3BCIIK5689EF
0 5
0 6
1 11
1 12
2 14
2 15
3 0
3 2
4 2
4 8
5 9
5 17
6 4
6 19
7 7
7 13
8 1
8 16
9 10
9 20
10 3
10 17
11 0
11 10
12 4
12 19
13 7
13 13
14 1
14 16
15 3
15 11
16 12
16 18
17 18
17 20
18 5
18 6
19 8
19 9
20 14
20 15

# solution 835
# n=21 sym=rot2 status=verified source=flammenkamp_cache/n21_rot2
# code=:GH26CE9C1I0F9F7K14AD3H7AGJ0D5B5K2J8B68EI34
0 16
0 17
1 2
1 6
2 12
2 14
3 9
3 12
4 1
4 18
5 0
5 15
6 9
6 15
7 7
7 20
8 1
8 4
9 10
9 13
10 3
10 17
11 7
11 10
12 16
12 19
13 0
13 13
14 5
14 11
15 5
15 20
16 2
16 19
17 8
17 11
18 6
18 8
19 14
19 18
20 3
20 4

# solution 836
# n=21 sym=rot2 status=verified source=flammenkamp_cache/n21_rot2
# code=:GH26CE9C120F9F7K14AD3H7AGJ0D5B5KIJ8B68EI34
0 16
0 17
1 2
1 6
2 12
2 14
3 9
3 12
4 1
4 2
5 0
5 15
6 9
6 15
7 7
7 20
8 1
8 4
9 10
9 13
10 3
10 17
11 7
11 10
12 16
12 19
13 0
13 13
14 5
14 11
15 5
15 20
16 18
16 19
17 8
17 11
18 6
18 8
19 14
19 18
20 3
20 4

# solution 837
# n=21 sym=rot2 status=verified source=flammenkamp_cache/n21_rot2
# code=:9B4E6C7C4J2FHK5K127A3HADIJ0F035I1G8D8E6G9B
0 9
0 11
1 4
1 14
2 6
2 12
3 7
3 12
4 4
4 19
5 2
5 15
6 17
6 20
7 5
7 20
8 1
8 2
9 7
9 10
10 3
10 17
11 10
11 13
12 18
12 19
13 0
13 15
14 0
14 3
15 5
15 18
16 1
16 16
17 8
17 13
18 8
18 14
19 6
19 16
20 9
20 11

# solution 838
# n=21 sym=rot2 status=verified source=flammenkamp_cache/n21_rot2
# code=:8D3B6GDF28569KGJ120A3HAKIJ140BEFCI574E9H7C
0 8
0 13
1 3
1 11
2 6
2 16
3 13
3 15
4 2
4 8
5 5
5 6
6 9
6 20
7 16
7 19
8 1
8 2
9 0
9 10
10 3
10 17
11 10
11 20
12 18
12 19
13 1
13 4
14 0
14 11
15 14
15 15
16 12
16 18
17 5
17 7
18 4
18 14
19 9
19 17
20 7
20 12

# solution 839
# n=21 sym=rot2 status=verified source=flammenkamp_cache/n21_rot2
# code=:4B786IEJ3J8B4F7FIK0A3HAK025D5G9C1H162ECD9G
0 4
0 11
1 7
1 8
2 6
2 18
3 14
3 19
4 3
4 19
5 8
5 11
6 4
6 15
7 7
7 15
8 18
8 20
9 0
9 10
10 3
10 17
11 10
11 20
12 0
12 2
13 5
13 13
14 5
14 16
15 9
15 12
16 1
16 17
17 1
17 6
18 2
18 14
19 12
19 13
20 9
20 16

# solution 840
# n=21 sym=rot2 status=verified source=flammenkamp_cache/n21_rot2
# code=:BE7G684CBJFJ3F2KIK7A3HAD020I5H15198GCE4D69
0 11
0 14
1 7
1 16
2 6
2 8
3 4
3 12
4 11
4 19
5 15
5 19
6 3
6 15
7 2
7 20
8 18
8 20
9 7
9 10
10 3
10 17
11 10
11 13
12 0
12 2
13 0
13 18
14 5
14 17
15 1
15 5
16 1
16 9
17 8
17 16
18 12
18 14
19 4
19 13
20 6
20 9

# solution 841
# n=21 sym=rot2 status=verified source=flammenkamp_cache/n21_rot2
# code=:9K6C6G89DF2J3G57021A3HAJIKDF4H1I57BC4E8E0B
0 9
0 20
1 6
1 12
2 6
2 16
3 8
3 9
4 13
4 15
5 2
5 19
6 3
6 16
7 5
7 7
8 0
8 2
9 1
9 10
10 3
10 17
11 10
11 19
12 18
12 20
13 13
13 15
14 4
14 17
15 1
15 18
16 5
16 7
17 11
17 12
18 4
18 14
19 8
19 14
20 0
20 11

# solution 842
# n=21 sym=rot2 status=verified source=flammenkamp_cache/n21_rot2
# code=:6HBD4E8J7FCF4JIK029A3HABIK021G585D1C6G793E
0 6
0 17
1 11
1 13
2 4
2 14
3 8
3 19
4 7
4 15
5 12
5 15
6 4
6 19
7 18
7 20
8 0
8 2
9 9
9 10
10 3
10 17
11 10
11 11
12 18
12 20
13 0
13 2
14 1
14 16
15 5
15 8
16 5
16 13
17 1
17 12
18 6
18 16
19 7
19 9
20 3
20 14

# solution 843
# n=21 sym=rot2 status=verified source=flammenkamp_cache/n21_rot2
# code=:79DF68GJ24BF1H8KIK6A3HAE020C3J59GI14CE57BD
0 7
0 9
1 13
1 15
2 6
2 8
3 16
3 19
4 2
4 4
5 11
5 15
6 1
6 17
7 8
7 20
8 18
8 20
9 6
9 10
10 3
10 17
11 10
11 14
12 0
12 2
13 0
13 12
14 3
14 19
15 5
15 9
16 16
16 18
17 1
17 4
18 12
18 14
19 5
19 7
20 11
20 13

# solution 844
# n=21 sym=rot2 status=verified source=flammenkamp_cache/n21_rot2
# code=:7BDF68GJ24BF1H8KIK6A3HAE020C3J59GI14CE579D
0 7
0 11
1 13
1 15
2 6
2 8
3 16
3 19
4 2
4 4
5 11
5 15
6 1
6 17
7 8
7 20
8 18
8 20
9 6
9 10
10 3
10 17
11 10
11 14
12 0
12 2
13 0
13 12
14 3
14 19
15 5
15 9
16 16
16 18
17 1
17 4
18 12
18 14
19 5
19 7
20 9
20 13

# solution 845
# n=21 sym=rot2 status=verified source=flammenkamp_cache/n21_rot2
# code=:CE9G055DGI09368I1JAD3H7A1J2CEHBK247FFK4B68
0 12
0 14
1 9
1 16
2 0
2 5
3 5
3 13
4 16
4 18
5 0
5 9
6 3
6 6
7 8
7 18
8 1
8 19
9 10
9 13
10 3
10 17
11 7
11 10
12 1
12 19
13 2
13 12
14 14
14 17
15 11
15 20
16 2
16 4
17 7
17 15
18 15
18 20
19 4
19 11
20 6
20 8

# solution 846
# n=21 sym=rot2 status=verified source=flammenkamp_cache/n21_rot2
# code=:BCDF6G6C2D5I49HK01AJ3H1AJK03BG2F7I8E4E5789
0 11
0 12
1 13
1 15
2 6
2 16
3 6
3 12
4 2
4 13
5 5
5 18
6 4
6 9
7 17
7 20
8 0
8 1
9 10
9 19
10 3
10 17
11 1
11 10
12 19
12 20
13 0
13 3
14 11
14 16
15 2
15 15
16 7
16 18
17 8
17 14
18 4
18 14
19 5
19 7
20 8
20 9

# solution 847
# n=21 sym=rot2 status=verified source=flammenkamp_cache/n21_rot2
# code=:296ECG9F4712FHDK1K8A3HAC0J0735IJDG5B486EBI
0 2
0 9
1 6
1 14
2 12
2 16
3 9
3 15
4 4
4 7
5 1
5 2
6 15
6 17
7 13
7 20
8 1
8 20
9 8
9 10
10 3
10 17
11 10
11 12
12 0
12 19
13 0
13 7
14 3
14 5
15 18
15 19
16 13
16 16
17 5
17 11
18 4
18 8
19 6
19 14
20 11
20 18

# solution 848
# n=21 sym=rot2 status=verified source=flammenkamp_cache/n21_rot2
# code=:697D048IBIFJ6G38JK5A3HAF01CH4E15292CGK7DBE
0 6
0 9
1 7
1 13
2 0
2 4
3 8
3 18
4 11
4 18
5 15
5 19
6 6
6 16
7 3
7 8
8 19
8 20
9 5
9 10
10 3
10 17
11 10
11 15
12 0
12 1
13 12
13 17
14 4
14 14
15 1
15 5
16 2
16 9
17 2
17 12
18 16
18 20
19 7
19 13
20 11
20 14

# solution 849
# n=21 sym=rot2 status=verified source=flammenkamp_cache/n21_rot2
# code=:9G69468F2K25DH1DJK8A3HAC017J37FI0I5CEGBE4B
0 9
0 16
1 6
1 9
2 4
2 6
3 8
3 15
4 2
4 20
5 2
5 5
6 13
6 17
7 1
7 13
8 19
8 20
9 8
9 10
10 3
10 17
11 10
11 12
12 0
12 1
13 7
13 19
14 3
14 7
15 15
15 18
16 0
16 18
17 5
17 12
18 14
18 16
19 11
19 14
20 4
20 11

# solution 850
# n=21 sym=rot2 status=verified source=flammenkamp_cache/n21_rot2
# code=:69DG8D68BI1525GH0KAJ3H1A0K34FIFJ29CE7C47BE
0 6
0 9
1 13
1 16
2 8
2 13
3 6
3 8
4 11
4 18
5 1
5 5
6 2
6 5
7 16
7 17
8 0
8 20
9 10
9 19
10 3
10 17
11 1
11 10
12 0
12 20
13 3
13 4
14 15
14 18
15 15
15 19
16 2
16 9
17 12
17 14
18 7
18 12
19 4
19 7
20 11
20 14

# solution 851
# n=21 sym=rot2 status=verified source=flammenkamp_cache/n21_rot2
# code=:4FBE680IGI0CBF7JAJ373HDH1A1D598K242KCE695G
0 4
0 15
1 11
1 14
2 6
2 8
3 0
3 18
4 16
4 18
5 0
5 12
6 11
6 15
7 7
7 19
8 10
8 19
9 3
9 7
10 3
10 17
11 13
11 17
12 1
12 10
13 1
13 13
14 5
14 9
15 8
15 20
16 2
16 4
17 2
17 20
18 12
18 14
19 6
19 9
20 5
20 16

# solution 852
# n=21 sym=rot2 status=verified source=flammenkamp_cache/n21_rot2
# code=:895E3F69GI0J8I177A4K3H0GADDJ2C1K24BE5H6FBC
0 8
0 9
1 5
1 14
2 3
2 15
3 6
3 9
4 16
4 18
5 0
5 19
6 8
6 18
7 1
7 7
8 7
8 10
9 4
9 20
10 3
10 17
11 0
11 16
12 10
12 13
13 13
13 19
14 2
14 12
15 1
15 20
16 2
16 4
17 11
17 14
18 5
18 17
19 6
19 15
20 11
20 12

# solution 853
# n=21 sym=rot2 status=verified source=flammenkamp_cache/n21_rot2
# code=:797F3B6E4G01CI58AIJK3H012ACF28JK4G6E9H5DBD
0 7
0 9
1 7
1 15
2 3
2 11
3 6
3 14
4 4
4 16
5 0
5 1
6 12
6 18
7 5
7 8
8 10
8 18
9 19
9 20
10 3
10 17
11 0
11 1
12 2
12 10
13 12
13 15
14 2
14 8
15 19
15 20
16 4
16 16
17 6
17 14
18 9
18 17
19 5
19 13
20 11
20 13

# solution 854
# n=21 sym=rot2 status=verified source=flammenkamp_cache/n21_rot2
# code=:7F4B3G68JKEF279C2A013HJKAI8BDI5601CE4H9G5D
0 7
0 15
1 4
1 11
2 3
2 16
3 6
3 8
4 19
4 20
5 14
5 15
6 2
6 7
7 9
7 12
8 2
8 10
9 0
9 1
10 3
10 17
11 19
11 20
12 10
12 18
13 8
13 11
14 13
14 18
15 5
15 6
16 0
16 1
17 12
17 14
18 4
18 17
19 9
19 16
20 5
20 13

# solution 855
# n=21 sym=rot2 status=verified source=flammenkamp_cache/n21_rot2
# code=:2B6GEK08CF257JDJ9AGH3H34AB171DFI58CK064E9I
0 2
0 11
1 6
1 16
2 14
2 20
3 0
3 8
4 12
4 15
5 2
5 5
6 7
6 19
7 13
7 19
8 9
8 10
9 16
9 17
10 3
10 17
11 3
11 4
12 10
12 11
13 1
13 7
14 1
14 13
15 15
15 18
16 5
16 8
17 12
17 20
18 0
18 6
19 4
19 14
20 9
20 18

# solution 856
# n=21 sym=rot2 status=verified source=flammenkamp_cache/n21_rot2
# code=:48DI2EBE15BKDG35AJ083HCK1AFH4709FJ696I27CG
0 4
0 8
1 13
1 18
2 2
2 14
3 11
3 14
4 1
4 5
5 11
5 20
6 13
6 16
7 3
7 5
8 10
8 19
9 0
9 8
10 3
10 17
11 12
11 20
12 1
12 10
13 15
13 17
14 4
14 7
15 0
15 9
16 15
16 19
17 6
17 9
18 6
18 18
19 2
19 7
20 12
20 16

# solution 857
# n=21 sym=rot2 status=verified source=flammenkamp_cache/n21_rot2
# code=:9F4C7J8EBIFI0634AK173HDJ0AGHEK25296C1D8G5B
0 9
0 15
1 4
1 12
2 7
2 19
3 8
3 14
4 11
4 18
5 15
5 18
6 0
6 6
7 3
7 4
8 10
8 20
9 1
9 7
10 3
10 17
11 13
11 19
12 0
12 10
13 16
13 17
14 14
14 20
15 2
15 5
16 2
16 9
17 6
17 12
18 1
18 13
19 8
19 16
20 5
20 11

# solution 858
# n=21 sym=rot2 status=verified source=flammenkamp_cache/n21_rot2
# code=:589B3F8DGI1606GI1A073HDKAJ24EKEJ247C5H9BCF
0 5
0 8
1 9
1 11
2 3
2 15
3 8
3 13
4 16
4 18
5 1
5 6
6 0
6 6
7 16
7 18
8 1
8 10
9 0
9 7
10 3
10 17
11 13
11 20
12 10
12 19
13 2
13 4
14 14
14 20
15 14
15 19
16 2
16 4
17 7
17 12
18 5
18 17
19 9
19 11
20 12
20 15

# solution 859
# n=21 sym=rot2 status=verified source=flammenkamp_cache/n21_rot2
# code=:589B3F8DGI1606GIAJ073HDK1A24EKEJ247C5H9BCF
0 5
0 8
1 9
1 11
2 3
2 15
3 8
3 13
4 16
4 18
5 1
5 6
6 0
6 6
7 16
7 18
8 10
8 19
9 0
9 7
10 3
10 17
11 13
11 20
12 1
12 10
13 2
13 4
14 14
14 20
15 14
15 19
16 2
16 4
17 7
17 12
18 5
18 17
19 9
19 11
20 12
20 15

# solution 860
# n=21 sym=rot2 status=verified source=flammenkamp_cache/n21_rot2
# code=:589B582DGH1606GI1A073HDKAJ24EKEJ347ICF9BCF
0 5
0 8
1 9
1 11
2 5
2 8
3 2
3 13
4 16
4 17
5 1
5 6
6 0
6 6
7 16
7 18
8 1
8 10
9 0
9 7
10 3
10 17
11 13
11 20
12 10
12 19
13 2
13 4
14 14
14 20
15 14
15 19
16 3
16 4
17 7
17 18
18 12
18 15
19 9
19 11
20 12
20 15

# solution 861
# n=21 sym=rot2 status=verified source=flammenkamp_cache/n21_rot2
# code=:8F9B582DGH1606GI1A073HDKAJ24EKEJ347ICF9B5C
0 8
0 15
1 9
1 11
2 5
2 8
3 2
3 13
4 16
4 17
5 1
5 6
6 0
6 6
7 16
7 18
8 1
8 10
9 0
9 7
10 3
10 17
11 13
11 20
12 10
12 19
13 2
13 4
14 14
14 20
15 14
15 19
16 3
16 4
17 7
17 18
18 12
18 15
19 9
19 11
20 5
20 12

# solution 862
# n=21 sym=rot2 status=verified source=flammenkamp_cache/n21_rot2
# code=:589B582DGH1606GI1A7K3H0DAJ24EKEJ347ICF9BCF
0 5
0 8
1 9
1 11
2 5
2 8
3 2
3 13
4 16
4 17
5 1
5 6
6 0
6 6
7 16
7 18
8 1
8 10
9 7
9 20
10 3
10 17
11 0
11 13
12 10
12 19
13 2
13 4
14 14
14 20
15 14
15 19
16 3
16 4
17 7
17 18
18 12
18 15
19 9
19 11
20 12
20 15

# solution 863
# n=21 sym=rot2 status=verified source=flammenkamp_cache/n21_rot2
# code=:8F9B582DGH1606GI1A7K3H0DAJ24EKEJ347ICF9B5C
0 8
0 15
1 9
1 11
2 5
2 8
3 2
3 13
4 16
4 17
5 1
5 6
6 0
6 6
7 16
7 18
8 1
8 10
9 7
9 20
10 3
10 17
11 0
11 13
12 10
12 19
13 2
13 4
14 14
14 20
15 14
15 19
16 3
16 4
17 7
17 18
18 12
18 15
19 9
19 11
20 5
20 12

# solution 864
# n=21 sym=rot2 status=verified source=flammenkamp_cache/n21_rot2
# code=:357BCG6G2C9J25EK7A1K3H0JAD06FI1B8I4E489DFH
0 3
0 5
1 7
1 11
2 12
2 16
3 6
3 16
4 2
4 12
5 9
5 19
6 2
6 5
7 14
7 20
8 7
8 10
9 1
9 20
10 3
10 17
11 0
11 19
12 10
12 13
13 0
13 6
14 15
14 18
15 1
15 11
16 8
16 18
17 4
17 14
18 4
18 8
19 9
19 13
20 15
20 17

# solution 865
# n=21 sym=rot2 status=verified source=flammenkamp_cache/n21_rot2
# code=:BE47680G9JDFFJ238A023HIKACHI15571B4KCEDG69
0 11
0 14
1 4
1 7
2 6
2 8
3 0
3 16
4 9
4 19
5 13
5 15
6 15
6 19
7 2
7 3
8 8
8 10
9 0
9 2
10 3
10 17
11 18
11 20
12 10
12 12
13 17
13 18
14 1
14 5
15 5
15 7
16 1
16 11
17 4
17 20
18 12
18 14
19 13
19 16
20 6
20 9

# solution 866
# n=21 sym=rot2 status=verified source=flammenkamp_cache/n21_rot2
# code=:BCBF6C7I4J4D5K2KAH163HEJ3A0I0F7G1G2D8E5989
0 11
0 12
1 11
1 15
2 6
2 12
3 7
3 18
4 4
4 19
5 4
5 13
6 5
6 20
7 2
7 20
8 10
8 17
9 1
9 6
10 3
10 17
11 14
11 19
12 3
12 10
13 0
13 18
14 0
14 15
15 7
15 16
16 1
16 16
17 2
17 13
18 8
18 14
19 5
19 9
20 8
20 9

# solution 867
# n=21 sym=rot2 status=verified source=flammenkamp_cache/n21_rot2
# code=:59DEGI46BJ1725HK8ACK3H08AC03FIDJ19EG2467BF
0 5
0 9
1 13
1 14
2 16
2 18
3 4
3 6
4 11
4 19
5 1
5 7
6 2
6 5
7 17
7 20
8 8
8 10
9 12
9 20
10 3
10 17
11 0
11 8
12 10
12 12
13 0
13 3
14 15
14 18
15 13
15 19
16 1
16 9
17 14
17 16
18 2
18 4
19 6
19 7
20 11
20 15

# solution 868
# n=21 sym=rot2 status=verified source=flammenkamp_cache/n21_rot2
# code=:BFDJ68EI484BFK2KAH173HDJ3A0I059GCG26CE1759
0 11
0 15
1 13
1 19
2 6
2 8
3 14
3 18
4 4
4 8
5 4
5 11
6 15
6 20
7 2
7 20
8 10
8 17
9 1
9 7
10 3
10 17
11 13
11 19
12 3
12 10
13 0
13 18
14 0
14 5
15 9
15 16
16 12
16 16
17 2
17 6
18 12
18 14
19 1
19 7
20 5
20 9

# solution 869
# n=21 sym=rot2 status=verified source=flammenkamp_cache/n21_rot2
# code=:7GBD2E8B15EIGJ350A083HCKAKFH1426FJ9C6I794D
0 7
0 16
1 11
1 13
2 2
2 14
3 8
3 11
4 1
4 5
5 14
5 18
6 16
6 19
7 3
7 5
8 0
8 10
9 0
9 8
10 3
10 17
11 12
11 20
12 10
12 20
13 15
13 17
14 1
14 4
15 2
15 6
16 15
16 19
17 9
17 12
18 6
18 18
19 7
19 9
20 4
20 13

# solution 870
# n=21 sym=rot2 status=verified source=flammenkamp_cache/n21_rot2
# code=:598E5E793C17GK14AIIK3H022AGJ04DJ8HBD6F6CBF
0 5
0 9
1 8
1 14
2 5
2 14
3 7
3 9
4 3
4 12
5 1
5 7
6 16
6 20
7 1
7 4
8 10
8 18
9 18
9 20
10 3
10 17
11 0
11 2
12 2
12 10
13 16
13 19
14 0
14 4
15 13
15 19
16 8
16 17
17 11
17 13
18 6
18 15
19 6
19 12
20 11
20 15

# solution 871
# n=21 sym=rot2 status=verified source=flammenkamp_cache/n21_rot2
# code=:HJ2B8B6G0C67IJ47AF053HFK5ADG12DE8K4E9C9I13
0 17
0 19
1 2
1 11
2 8
2 11
3 6
3 16
4 0
4 12
5 6
5 7
6 18
6 19
7 4
7 7
8 10
8 15
9 0
9 5
10 3
10 17
11 15
11 20
12 5
12 10
13 13
13 16
14 1
14 2
15 13
15 14
16 8
16 20
17 4
17 14
18 9
18 12
19 9
19 18
20 1
20 3

# solution 872
# n=21 sym=rot2 status=verified source=flammenkamp_cache/n21_rot2
# code=:FJ2B8H6B0C67IJ47AF043HGK5ADG12DE8K9E3C9I15
0 15
0 19
1 2
1 11
2 8
2 17
3 6
3 11
4 0
4 12
5 6
5 7
6 18
6 19
7 4
7 7
8 10
8 15
9 0
9 4
10 3
10 17
11 16
11 20
12 5
12 10
13 13
13 16
14 1
14 2
15 13
15 14
16 8
16 20
17 9
17 14
18 3
18 12
19 9
19 18
20 1
20 5

# solution 873
# n=21 sym=rot2 status=verified source=flammenkamp_cache/n21_rot2
# code=:BF683GGI6CBF12177A0K3H0KADDJIJ598E244HCE59
0 11
0 15
1 6
1 8
2 3
2 16
3 16
3 18
4 6
4 12
5 11
5 15
6 1
6 2
7 1
7 7
8 7
8 10
9 0
9 20
10 3
10 17
11 0
11 20
12 10
12 13
13 13
13 19
14 18
14 19
15 5
15 9
16 8
16 14
17 2
17 4
18 4
18 17
19 12
19 14
20 5
20 9

# solution 874
# n=21 sym=rot2 status=verified source=flammenkamp_cache/n21_rot2
# code=:8BBE356GCIFJ027J7A043HGKAD1DIK15284EFH699C
0 8
0 11
1 11
1 14
2 3
2 5
3 6
3 16
4 12
4 18
5 15
5 19
6 0
6 2
7 7
7 19
8 7
8 10
9 0
9 4
10 3
10 17
11 16
11 20
12 10
12 13
13 1
13 13
14 18
14 20
15 1
15 5
16 2
16 8
17 4
17 14
18 15
18 17
19 6
19 9
20 9
20 12

# solution 875
# n=21 sym=rot2 status=verified source=flammenkamp_cache/n21_rot2
# code=:894E35CE0IBF027J1A473HDGAJ1DIK592K68FH6GBC
0 8
0 9
1 4
1 14
2 3
2 5
3 12
3 14
4 0
4 18
5 11
5 15
6 0
6 2
7 7
7 19
8 1
8 10
9 4
9 7
10 3
10 17
11 13
11 16
12 10
12 19
13 1
13 13
14 18
14 20
15 5
15 9
16 2
16 20
17 6
17 8
18 15
18 17
19 6
19 16
20 11
20 12

# solution 876
# n=21 sym=rot2 status=verified source=flammenkamp_cache/n21_rot2
# code=:8BBE35EGCIFJ027J7A043HGKAD1DIK152846FH699C
0 8
0 11
1 11
1 14
2 3
2 5
3 14
3 16
4 12
4 18
5 15
5 19
6 0
6 2
7 7
7 19
8 7
8 10
9 0
9 4
10 3
10 17
11 16
11 20
12 10
12 13
13 1
13 13
14 18
14 20
15 1
15 5
16 2
16 8
17 4
17 6
18 15
18 17
19 6
19 9
20 9
20 12

# solution 877
# n=21 sym=rot2 status=verified source=flammenkamp_cache/n21_rot2
# code=:16BKCE59CH4D2J275AGK3H04AFDI1I7G38BF6809EJ
0 1
0 6
1 11
1 20
2 12
2 14
3 5
3 9
4 12
4 17
5 4
5 13
6 2
6 19
7 2
7 7
8 5
8 10
9 16
9 20
10 3
10 17
11 0
11 4
12 10
12 15
13 13
13 18
14 1
14 18
15 7
15 16
16 3
16 8
17 11
17 15
18 6
18 8
19 0
19 9
20 14
20 19

# solution 878
# n=21 sym=rot2 status=verified source=flammenkamp_cache/n21_rot2
# code=:16BKCE59CH4D12275AGK3H04AFDIIJ7G38BF6809EJ
0 1
0 6
1 11
1 20
2 12
2 14
3 5
3 9
4 12
4 17
5 4
5 13
6 1
6 2
7 2
7 7
8 5
8 10
9 16
9 20
10 3
10 17
11 0
11 4
12 10
12 15
13 13
13 18
14 18
14 19
15 7
15 16
16 3
16 8
17 11
17 15
18 6
18 8
19 0
19 9
20 14
20 19

# solution 879
# n=21 sym=rot2 status=verified source=flammenkamp_cache/n21_rot2
# code=:68BC2H2F7BEF014GAK173HDJ0A4GJK569D5I3I89CE
0 6
0 8
1 11
1 12
2 2
2 17
3 2
3 15
4 7
4 11
5 14
5 15
6 0
6 1
7 4
7 16
8 10
8 20
9 1
9 7
10 3
10 17
11 13
11 19
12 0
12 10
13 4
13 16
14 19
14 20
15 5
15 6
16 9
16 13
17 5
17 18
18 3
18 18
19 8
19 9
20 12
20 14

# solution 880
# n=21 sym=rot2 status=verified source=flammenkamp_cache/n21_rot2
# code=:8EBC2H2F7BEF014GAK173HDJ0A4GJK569D5I3I896C
0 8
0 14
1 11
1 12
2 2
2 17
3 2
3 15
4 7
4 11
5 14
5 15
6 0
6 1
7 4
7 16
8 10
8 20
9 1
9 7
10 3
10 17
11 13
11 19
12 0
12 10
13 4
13 16
14 19
14 20
15 5
15 6
16 9
16 13
17 5
17 18
18 3
18 18
19 8
19 9
20 6
20 12

# solution 881
# n=21 sym=rot2 status=verified source=flammenkamp_cache/n21_rot2
# code=:BG5B38EG8IFI01671A073HDKAJDEJK252C46CH9F49
0 11
0 16
1 5
1 11
2 3
2 8
3 14
3 16
4 8
4 18
5 15
5 18
6 0
6 1
7 6
7 7
8 1
8 10
9 0
9 7
10 3
10 17
11 13
11 20
12 10
12 19
13 13
13 14
14 19
14 20
15 2
15 5
16 2
16 12
17 4
17 6
18 12
18 17
19 9
19 15
20 4
20 9

# solution 882
# n=21 sym=rot2 status=verified source=flammenkamp_cache/n21_rot2
# code=:9B5E384E8IFI017JAK473HDG0A1DJK252C6GCH6F9B
0 9
0 11
1 5
1 14
2 3
2 8
3 4
3 14
4 8
4 18
5 15
5 18
6 0
6 1
7 7
7 19
8 10
8 20
9 4
9 7
10 3
10 17
11 13
11 16
12 0
12 10
13 1
13 13
14 19
14 20
15 2
15 5
16 2
16 12
17 6
17 16
18 12
18 17
19 6
19 15
20 9
20 11

# solution 883
# n=21 sym=rot2 status=verified source=flammenkamp_cache/n21_rot2
# code=:BE5B25EG7GDJ0128AK8H3H3C0ACIJK174D46FI9F69
0 11
0 14
1 5
1 11
2 2
2 5
3 14
3 16
4 7
4 16
5 13
5 19
6 0
6 1
7 2
7 8
8 10
8 20
9 8
9 17
10 3
10 17
11 3
11 12
12 0
12 10
13 12
13 18
14 19
14 20
15 1
15 7
16 4
16 13
17 4
17 6
18 15
18 18
19 9
19 15
20 6
20 9

# solution 884
# n=21 sym=rot2 status=verified source=flammenkamp_cache/n21_rot2
# code=:5C8DFI6D291GJKGH0A693HBEAK34014JBI7E257C8F
0 5
0 12
1 8
1 13
2 15
2 18
3 6
3 13
4 2
4 9
5 1
5 16
6 19
6 20
7 16
7 17
8 0
8 10
9 6
9 9
10 3
10 17
11 11
11 14
12 10
12 20
13 3
13 4
14 0
14 1
15 4
15 19
16 11
16 18
17 7
17 14
18 2
18 5
19 7
19 12
20 8
20 15

# solution 885
# n=21 sym=rot2 status=verified source=flammenkamp_cache/n21_rot2
# code=:5C78FI6D291GJKGH0A693HBEAK34014JBI7E25CD8F
0 5
0 12
1 7
1 8
2 15
2 18
3 6
3 13
4 2
4 9
5 1
5 16
6 19
6 20
7 16
7 17
8 0
8 10
9 6
9 9
10 3
10 17
11 11
11 14
12 10
12 20
13 3
13 4
14 0
14 1
15 4
15 19
16 11
16 18
17 7
17 14
18 2
18 5
19 12
19 13
20 8
20 15

# solution 886
# n=21 sym=rot2 status=verified source=flammenkamp_cache/n21_rot2
# code=:89DI8F46BI571KGH0A6J3H1EAK340JDF29EG5C27BC
0 8
0 9
1 13
1 18
2 8
2 15
3 4
3 6
4 11
4 18
5 5
5 7
6 1
6 20
7 16
7 17
8 0
8 10
9 6
9 19
10 3
10 17
11 1
11 14
12 10
12 20
13 3
13 4
14 0
14 19
15 13
15 15
16 2
16 9
17 14
17 16
18 5
18 12
19 2
19 7
20 11
20 12

# solution 887
# n=21 sym=rot2 status=verified source=flammenkamp_cache/n21_rot2
# code=:894DFG672HBF01IJ8AEK3H06AC12JK593IDE457GBC
0 8
0 9
1 4
1 13
2 15
2 16
3 6
3 7
4 2
4 17
5 11
5 15
6 0
6 1
7 18
7 19
8 8
8 10
9 14
9 20
10 3
10 17
11 0
11 6
12 10
12 12
13 1
13 2
14 19
14 20
15 5
15 9
16 3
16 18
17 13
17 14
18 4
18 5
19 7
19 16
20 11
20 12

# solution 888
# n=21 sym=rot2 status=verified source=flammenkamp_cache/n21_rot2
# code=:CE5I0C1G7BFJ7H2A4E093HBK6GAI3D159D4J8K2F68
0 12
0 14
1 5
1 18
2 0
2 12
3 1
3 16
4 7
4 11
5 15
5 19
6 7
6 17
7 2
7 10
8 4
8 14
9 0
9 9
10 3
10 17
11 11
11 20
12 6
12 16
13 10
13 18
14 3
14 13
15 1
15 5
16 9
16 13
17 4
17 19
18 8
18 20
19 2
19 15
20 6
20 8

# solution 889
# n=21 sym=rot2 status=verified source=flammenkamp_cache/n21_rot2
# code=:6C5I0C1G7BFJ7H2A4E093HBK6GAI3D159D4J8K2F8E
0 6
0 12
1 5
1 18
2 0
2 12
3 1
3 16
4 7
4 11
5 15
5 19
6 7
6 17
7 2
7 10
8 4
8 14
9 0
9 9
10 3
10 17
11 11
11 20
12 6
12 16
13 10
13 18
14 3
14 13
15 1
15 5
16 9
16 13
17 4
17 19
18 8
18 20
19 2
19 15
20 8
20 14

# solution 890
# n=21 sym=rot2 status=verified source=flammenkamp_cache/n21_rot2
# code=:CE5I081G7BFJ7H2A4E093HBK6GAI3D159D4JCK2F68
0 12
0 14
1 5
1 18
2 0
2 8
3 1
3 16
4 7
4 11
5 15
5 19
6 7
6 17
7 2
7 10
8 4
8 14
9 0
9 9
10 3
10 17
11 11
11 20
12 6
12 16
13 10
13 18
14 3
14 13
15 1
15 5
16 9
16 13
17 4
17 19
18 12
18 20
19 2
19 15
20 6
20 8

# solution 891
# n=21 sym=rot2 status=verified source=flammenkamp_cache/n21_rot2
# code=:68BGDI1J5B06GK2A58373HDHCFAI04EK9F1J2749CE
0 6
0 8
1 11
1 16
2 13
2 18
3 1
3 19
4 5
4 11
5 0
5 6
6 16
6 20
7 2
7 10
8 5
8 8
9 3
9 7
10 3
10 17
11 13
11 17
12 12
12 15
13 10
13 18
14 0
14 4
15 14
15 20
16 9
16 15
17 1
17 19
18 2
18 7
19 4
19 9
20 12
20 14

# solution 892
# n=21 sym=rot2 status=verified source=flammenkamp_cache/n21_rot2
# code=:CF7E371G9IEJGI0A9C053HFK8BAK24162B4JDH6D58
0 12
0 15
1 7
1 14
2 3
2 7
3 1
3 16
4 9
4 18
5 14
5 19
6 16
6 18
7 0
7 10
8 9
8 12
9 0
9 5
10 3
10 17
11 15
11 20
12 8
12 11
13 10
13 20
14 2
14 4
15 1
15 6
16 2
16 11
17 4
17 19
18 13
18 17
19 6
19 13
20 5
20 8

# solution 893
# n=21 sym=rot2 status=verified source=flammenkamp_cache/n21_rot2
# code=:BEGI18DG8BFJ03AF670I3H2KDE5AHK159C47CJ2469
0 11
0 14
1 16
1 18
2 1
2 8
3 13
3 16
4 8
4 11
5 15
5 19
6 0
6 3
7 10
7 15
8 6
8 7
9 0
9 18
10 3
10 17
11 2
11 20
12 13
12 14
13 5
13 10
14 17
14 20
15 1
15 5
16 9
16 12
17 4
17 7
18 12
18 19
19 2
19 4
20 6
20 9

# solution 894
# n=21 sym=rot2 status=verified source=flammenkamp_cache/n21_rot2
# code=:48BDCH6J2B45025A7JEK3H061DAFIKFG9I1E3879CG
0 4
0 8
1 11
1 13
2 12
2 17
3 6
3 19
4 2
4 11
5 4
5 5
6 0
6 2
7 5
7 10
8 7
8 19
9 14
9 20
10 3
10 17
11 0
11 6
12 1
12 13
13 10
13 15
14 18
14 20
15 15
15 16
16 9
16 18
17 1
17 14
18 3
18 8
19 7
19 9
20 12
20 16

# solution 895
# n=21 sym=rot2 status=verified source=flammenkamp_cache/n21_rot2
# code=:BC6ICEGK2B4503AF7J1D3H7J1D5AHKFG9I04682E89
0 11
0 12
1 6
1 18
2 12
2 14
3 16
3 20
4 2
4 11
5 4
5 5
6 0
6 3
7 10
7 15
8 7
8 19
9 1
9 13
10 3
10 17
11 7
11 19
12 1
12 13
13 5
13 10
14 17
14 20
15 15
15 16
16 9
16 18
17 0
17 4
18 6
18 8
19 2
19 14
20 8
20 9

# solution 896
# n=21 sym=rot2 status=verified source=flammenkamp_cache/n21_rot2
# code=:4C675CBJ2B4H025A7JEK3H061DAFIK3G9I198FDE8G
0 4
0 12
1 6
1 7
2 5
2 12
3 11
3 19
4 2
4 11
5 4
5 17
6 0
6 2
7 5
7 10
8 7
8 19
9 14
9 20
10 3
10 17
11 0
11 6
12 1
12 13
13 10
13 15
14 18
14 20
15 3
15 16
16 9
16 18
17 1
17 9
18 8
18 15
19 13
19 14
20 8
20 16

# solution 897
# n=21 sym=rot2 status=verified source=flammenkamp_cache/n21_rot2
# code=:8J5B45EGBI7JCE3A270K3H0KDIAH681D2946FG9F1C
0 8
0 19
1 5
1 11
2 4
2 5
3 14
3 16
4 11
4 18
5 7
5 19
6 12
6 14
7 3
7 10
8 2
8 7
9 0
9 20
10 3
10 17
11 0
11 20
12 13
12 18
13 10
13 17
14 6
14 8
15 1
15 13
16 2
16 9
17 4
17 6
18 15
18 16
19 9
19 15
20 1
20 12

# solution 898
# n=21 sym=rot2 status=verified source=flammenkamp_cache/n21_rot2
# code=:48BDCH16BI45025A7JEK3H061DAFIKFG29EJ3879CG
0 4
0 8
1 11
1 13
2 12
2 17
3 1
3 6
4 11
4 18
5 4
5 5
6 0
6 2
7 5
7 10
8 7
8 19
9 14
9 20
10 3
10 17
11 0
11 6
12 1
12 13
13 10
13 15
14 18
14 20
15 15
15 16
16 2
16 9
17 14
17 19
18 3
18 8
19 7
19 9
20 12
20 16

# solution 899
# n=21 sym=rot2 status=verified source=flammenkamp_cache/n21_rot2
# code=:48BDCH6JBI45025A7JEK3H061DAFIKFG291E3879CG
0 4
0 8
1 11
1 13
2 12
2 17
3 6
3 19
4 11
4 18
5 4
5 5
6 0
6 2
7 5
7 10
8 7
8 19
9 14
9 20
10 3
10 17
11 0
11 6
12 1
12 13
13 10
13 15
14 18
14 20
15 15
15 16
16 2
16 9
17 1
17 14
18 3
18 8
19 7
19 9
20 12
20 16

# solution 900
# n=21 sym=rot2 status=verified source=flammenkamp_cache/n21_rot2
# code=:6B5F6718CD2K4GAK2H9J3H1B3I0A4G0I78CJDE5F9E
0 6
0 11
1 5
1 15
2 6
2 7
3 1
3 8
4 12
4 13
5 2
5 20
6 4
6 16
7 10
7 20
8 2
8 17
9 9
9 19
10 3
10 17
11 1
11 11
12 3
12 18
13 0
13 10
14 4
14 16
15 0
15 18
16 7
16 8
17 12
17 19
18 13
18 14
19 5
19 15
20 9
20 14

# solution 901
# n=21 sym=rot2 status=verified source=flammenkamp_cache/n21_rot2
# code=:692B4C1G5CEH2J7A05DK3H07FKAD1I368F4J8G9IBE
0 6
0 9
1 2
1 11
2 4
2 12
3 1
3 16
4 5
4 12
5 14
5 17
6 2
6 19
7 7
7 10
8 0
8 5
9 13
9 20
10 3
10 17
11 0
11 7
12 15
12 20
13 10
13 13
14 1
14 18
15 3
15 6
16 8
16 15
17 4
17 19
18 8
18 16
19 9
19 18
20 11
20 14

# solution 902
# n=21 sym=rot2 status=verified source=flammenkamp_cache/n21_rot2
# code=:8B4F129D28FH1KAK67EG3H46DE0A0J35CI7BIJ5G9C
0 8
0 11
1 4
1 15
2 1
2 2
3 9
3 13
4 2
4 8
5 15
5 17
6 1
6 20
7 10
7 20
8 6
8 7
9 14
9 16
10 3
10 17
11 4
11 6
12 13
12 14
13 0
13 10
14 0
14 19
15 3
15 5
16 12
16 18
17 7
17 11
18 18
18 19
19 5
19 16
20 9
20 12

# solution 903
# n=21 sym=rot2 status=verified source=flammenkamp_cache/n21_rot2
# code=:589B4F1G8I6E0IAH7J0D3H7K1D3A2K6E2C4J5G9BCF
0 5
0 8
1 9
1 11
2 4
2 15
3 1
3 16
4 8
4 18
5 6
5 14
6 0
6 18
7 10
7 17
8 7
8 19
9 0
9 13
10 3
10 17
11 7
11 20
12 1
12 13
13 3
13 10
14 2
14 20
15 6
15 14
16 2
16 12
17 4
17 19
18 5
18 16
19 9
19 11
20 12
20 15

# solution 904
# n=21 sym=rot2 status=verified source=flammenkamp_cache/n21_rot2
# code=:9CFG2H266C9FGK0A7J1D3H7J1DAK045B8EEI3I458B
0 9
0 12
1 15
1 16
2 2
2 17
3 2
3 6
4 6
4 12
5 9
5 15
6 16
6 20
7 0
7 10
8 7
8 19
9 1
9 13
10 3
10 17
11 7
11 19
12 1
12 13
13 10
13 20
14 0
14 4
15 5
15 11
16 8
16 14
17 14
17 18
18 3
18 18
19 4
19 5
20 8
20 11

# solution 905
# n=21 sym=rot2 status=verified source=flammenkamp_cache/n21_rot2
# code=:EFBI46BD8F0I14AD8H013HJK3C7AGJ2K5C79EG2956
0 14
0 15
1 11
1 18
2 4
2 6
3 11
3 13
4 8
4 15
5 0
5 18
6 1
6 4
7 10
7 13
8 8
8 17
9 0
9 1
10 3
10 17
11 19
11 20
12 3
12 12
13 7
13 10
14 16
14 19
15 2
15 20
16 5
16 12
17 7
17 9
18 14
18 16
19 2
19 9
20 5
20 6

# solution 906
# n=21 sym=rot2 status=verified source=flammenkamp_cache/n21_rot2
# code=:BFDI49EJ581D4EAK28033HHKCI0A6G7JCF16BG2759
0 11
0 15
1 13
1 18
2 4
2 9
3 14
3 19
4 5
4 8
5 1
5 13
6 4
6 14
7 10
7 20
8 2
8 8
9 0
9 3
10 3
10 17
11 17
11 20
12 12
12 18
13 0
13 10
14 6
14 16
15 7
15 19
16 12
16 15
17 1
17 6
18 11
18 16
19 2
19 7
20 5
20 9

# solution 907
# n=21 sym=rot2 status=verified source=flammenkamp_cache/n21_rot2
# code=:5BDI49EJ581D4EAK28033HHKCI0A6G7JCF16BG279F
0 5
0 11
1 13
1 18
2 4
2 9
3 14
3 19
4 5
4 8
5 1
5 13
6 4
6 14
7 10
7 20
8 2
8 8
9 0
9 3
10 3
10 17
11 17
11 20
12 12
12 18
13 0
13 10
14 6
14 16
15 7
15 19
16 12
16 15
17 1
17 6
18 11
18 16
19 2
19 7
20 9
20 15

# solution 908
# n=21 sym=rot2 status=verified source=flammenkamp_cache/n21_rot2
# code=:9CBFHK2E2C15EK4A7JDG3H471DAG06FJ8I6I03598B
0 9
0 12
1 11
1 15
2 17
2 20
3 2
3 14
4 2
4 12
5 1
5 5
6 14
6 20
7 4
7 10
8 7
8 19
9 13
9 16
10 3
10 17
11 4
11 7
12 1
12 13
13 10
13 16
14 0
14 6
15 15
15 19
16 8
16 18
17 6
17 18
18 0
18 3
19 5
19 9
20 8
20 11

# solution 909
# n=21 sym=rot2 status=verified source=flammenkamp_cache/n21_rot2
# code=:BF79084JCI3F67AG1I063HEK2J4ADE5H281GCKBD59
0 11
0 15
1 7
1 9
2 0
2 8
3 4
3 19
4 12
4 18
5 3
5 15
6 6
6 7
7 10
7 16
8 1
8 18
9 0
9 6
10 3
10 17
11 14
11 20
12 2
12 19
13 4
13 10
14 13
14 14
15 5
15 17
16 2
16 8
17 1
17 16
18 12
18 20
19 11
19 13
20 5
20 9

# solution 910
# n=21 sym=rot2 status=verified source=flammenkamp_cache/n21_rot2
# code=:4957CI4BCI057J0AEHEJ3H1636AK1DFK289G28DFBG
0 4
0 9
1 5
1 7
2 12
2 18
3 4
3 11
4 12
4 18
5 0
5 5
6 7
6 19
7 0
7 10
8 14
8 17
9 14
9 19
10 3
10 17
11 1
11 6
12 3
12 6
13 10
13 20
14 1
14 13
15 15
15 20
16 2
16 8
17 9
17 16
18 2
18 8
19 13
19 15
20 11
20 16

# solution 911
# n=21 sym=rot2 status=verified source=flammenkamp_cache/n21_rot2
# code=:9E45CE19CI571G0A37IK3H02DHAK4JDF28BJ68FG6B
0 9
0 14
1 4
1 5
2 12
2 14
3 1
3 9
4 12
4 18
5 5
5 7
6 1
6 16
7 0
7 10
8 3
8 7
9 18
9 20
10 3
10 17
11 0
11 2
12 13
12 17
13 10
13 20
14 4
14 19
15 13
15 15
16 2
16 8
17 11
17 19
18 6
18 8
19 15
19 16
20 6
20 11

# solution 912
# n=21 sym=rot2 status=verified source=flammenkamp_cache/n21_rot2
# code=:9E5GCE19CI571G0A37IK3H02DHAK4JDF28BJ684F6B
0 9
0 14
1 5
1 16
2 12
2 14
3 1
3 9
4 12
4 18
5 5
5 7
6 1
6 16
7 0
7 10
8 3
8 7
9 18
9 20
10 3
10 17
11 0
11 2
12 13
12 17
13 10
13 20
14 4
14 19
15 13
15 15
16 2
16 8
17 11
17 19
18 6
18 8
19 4
19 15
20 6
20 11

# solution 913
# n=21 sym=rot2 status=verified source=flammenkamp_cache/n21_rot2
# code=:2CFI89EG574KEJ3AJK9D3H7B01AH160GDF46BC258I
0 2
0 12
1 15
1 18
2 8
2 9
3 14
3 16
4 5
4 7
5 4
5 20
6 14
6 19
7 3
7 10
8 19
8 20
9 9
9 13
10 3
10 17
11 7
11 11
12 0
12 1
13 10
13 17
14 1
14 6
15 0
15 16
16 13
16 15
17 4
17 6
18 11
18 12
19 2
19 5
20 8
20 18

# solution 914
# n=21 sym=rot2 status=verified source=flammenkamp_cache/n21_rot2
# code=:5K59389CDI1G6G2A01673HDEJKAI4E4J278BCHBF0F
0 5
0 20
1 5
1 9
2 3
2 8
3 9
3 12
4 13
4 18
5 1
5 16
6 6
6 16
7 2
7 10
8 0
8 1
9 6
9 7
10 3
10 17
11 13
11 14
12 19
12 20
13 10
13 18
14 4
14 14
15 4
15 19
16 2
16 7
17 8
17 11
18 12
18 17
19 11
19 15
20 0
20 15

# solution 915
# n=21 sym=rot2 status=verified source=flammenkamp_cache/n21_rot2
# code=:7GEF388B27GK2E1AJK593HBF01AJ6I04DI9CCH564D
0 7
0 16
1 14
1 15
2 3
2 8
3 8
3 11
4 2
4 7
5 16
5 20
6 2
6 14
7 1
7 10
8 19
8 20
9 5
9 9
10 3
10 17
11 11
11 15
12 0
12 1
13 10
13 19
14 6
14 18
15 0
15 4
16 13
16 18
17 9
17 12
18 12
18 17
19 5
19 6
20 4
20 13

# solution 916
# n=21 sym=rot2 status=verified source=flammenkamp_cache/n21_rot2
# code=:8D3F894K274JEF2AEK9J3H1B06AI561GDI0GBC5H7C
0 8
0 13
1 3
1 15
2 8
2 9
3 4
3 20
4 2
4 7
5 4
5 19
6 14
6 15
7 2
7 10
8 14
8 20
9 9
9 19
10 3
10 17
11 1
11 11
12 0
12 6
13 10
13 18
14 5
14 6
15 1
15 16
16 13
16 18
17 0
17 16
18 11
18 12
19 5
19 17
20 7
20 12

# solution 917
# n=21 sym=rot2 status=verified source=flammenkamp_cache/n21_rot2
# code=:9C573CBG260J6GAF7J023HIK1D5A4E1KEI498HDF8B
0 9
0 12
1 5
1 7
2 3
2 12
3 11
3 16
4 2
4 6
5 0
5 19
6 6
6 16
7 10
7 15
8 7
8 19
9 0
9 2
10 3
10 17
11 18
11 20
12 1
12 13
13 5
13 10
14 4
14 14
15 1
15 20
16 14
16 18
17 4
17 9
18 8
18 17
19 13
19 15
20 8
20 11

# solution 918
# n=21 sym=rot2 status=verified source=flammenkamp_cache/n21_rot2
# code=:5G695C2BEK172CAG7J3K3H0H1D4A8IDJ069I8FBE4F
0 5
0 16
1 6
1 9
2 5
2 12
3 2
3 11
4 14
4 20
5 1
5 7
6 2
6 12
7 10
7 16
8 7
8 19
9 3
9 20
10 3
10 17
11 0
11 17
12 1
12 13
13 4
13 10
14 8
14 18
15 13
15 19
16 0
16 6
17 9
17 18
18 8
18 15
19 11
19 14
20 4
20 15

# solution 919
# n=21 sym=rot2 status=verified source=flammenkamp_cache/n21_rot2
# code=:7F4J68BEFI4712ACHK093HBK038AIJDG2569CE1G5D
0 7
0 15
1 4
1 19
2 6
2 8
3 11
3 14
4 15
4 18
5 4
5 7
6 1
6 2
7 10
7 12
8 17
8 20
9 0
9 9
10 3
10 17
11 11
11 20
12 0
12 3
13 8
13 10
14 18
14 19
15 13
15 16
16 2
16 5
17 6
17 9
18 12
18 14
19 1
19 16
20 5
20 13

# solution 920
# n=21 sym=rot2 status=verified source=flammenkamp_cache/n21_rot2
# code=:7F4J68BE2F4712ACHK093HBK038AIJDG5I69CE1G5D
0 7
0 15
1 4
1 19
2 6
2 8
3 11
3 14
4 2
4 15
5 4
5 7
6 1
6 2
7 10
7 12
8 17
8 20
9 0
9 9
10 3
10 17
11 11
11 20
12 0
12 3
13 8
13 10
14 18
14 19
15 13
15 16
16 5
16 18
17 6
17 9
18 12
18 14
19 1
19 16
20 5
20 13

# solution 921
# n=21 sym=rot2 status=verified source=flammenkamp_cache/n21_rot2
# code=:0CBF6C7BFIGI7J4AEH013HJK36AG1D24259D8E598K
0 0
0 12
1 11
1 15
2 6
2 12
3 7
3 11
4 15
4 18
5 16
5 18
6 7
6 19
7 4
7 10
8 14
8 17
9 0
9 1
10 3
10 17
11 19
11 20
12 3
12 6
13 10
13 16
14 1
14 13
15 2
15 4
16 2
16 5
17 9
17 13
18 8
18 14
19 5
19 9
20 8
20 20

# solution 922
# n=21 sym=rot2 status=verified source=flammenkamp_cache/n21_rot2
# code=:599EGHCG058JEI7AIKDJ3H1702AD261CFK48346BBF
0 5
0 9
1 9
1 14
2 16
2 17
3 12
3 16
4 0
4 5
5 8
5 19
6 14
6 18
7 7
7 10
8 18
8 20
9 13
9 19
10 3
10 17
11 1
11 7
12 0
12 2
13 10
13 13
14 2
14 6
15 1
15 12
16 15
16 20
17 4
17 8
18 3
18 4
19 6
19 11
20 11
20 15

# solution 923
# n=21 sym=rot2 status=verified source=flammenkamp_cache/n21_rot2
# code=:599E4HCG058JEI7AIKDJ3H1702AD261CFK483G6BBF
0 5
0 9
1 9
1 14
2 4
2 17
3 12
3 16
4 0
4 5
5 8
5 19
6 14
6 18
7 7
7 10
8 18
8 20
9 13
9 19
10 3
10 17
11 1
11 7
12 0
12 2
13 10
13 13
14 2
14 6
15 1
15 12
16 15
16 20
17 4
17 8
18 3
18 16
19 6
19 11
20 11
20 15

# solution 924
# n=21 sym=rot2 status=verified source=flammenkamp_cache/n21_rot2
# code=:6F9BFH6824DJIK8A14DK3H07GJAC0217GICE359B5E
0 6
0 15
1 9
1 11
2 15
2 17
3 6
3 8
4 2
4 4
5 13
5 19
6 18
6 20
7 8
7 10
8 1
8 4
9 13
9 20
10 3
10 17
11 0
11 7
12 16
12 19
13 10
13 12
14 0
14 2
15 1
15 7
16 16
16 18
17 12
17 14
18 3
18 5
19 9
19 11
20 5
20 14

# solution 925
# n=21 sym=rot2 status=verified source=flammenkamp_cache/n21_rot2
# code=:6B58368DGJ2K47AF029J3H1BIK5ADG0I147CEHCF9E
0 6
0 11
1 5
1 8
2 3
2 6
3 8
3 13
4 16
4 19
5 2
5 20
6 4
6 7
7 10
7 15
8 0
8 2
9 9
9 19
10 3
10 17
11 1
11 11
12 18
12 20
13 5
13 10
14 13
14 16
15 0
15 18
16 1
16 4
17 7
17 12
18 14
18 17
19 12
19 15
20 9
20 14

# solution 926
# n=21 sym=rot2 status=verified source=flammenkamp_cache/n21_rot2
# code=:9B6G8E281G350F0AIJ7D3H7D12AK5KFH4JCI6C4E9B
0 9
0 11
1 6
1 16
2 8
2 14
3 2
3 8
4 1
4 16
5 3
5 5
6 0
6 15
7 0
7 10
8 18
8 19
9 7
9 13
10 3
10 17
11 7
11 13
12 1
12 2
13 10
13 20
14 5
14 20
15 15
15 17
16 4
16 19
17 12
17 18
18 6
18 12
19 4
19 14
20 9
20 11

# solution 927
# n=21 sym=rot2 status=verified source=flammenkamp_cache/n21_rot2
# code=:8FBF4H68GI7B02AJ7JEK3H061D1AIK9D24CE3G595C
0 8
0 15
1 11
1 15
2 4
2 17
3 6
3 8
4 16
4 18
5 7
5 11
6 0
6 2
7 10
7 19
8 7
8 19
9 14
9 20
10 3
10 17
11 0
11 6
12 1
12 13
13 1
13 10
14 18
14 20
15 9
15 13
16 2
16 4
17 12
17 14
18 3
18 16
19 5
19 9
20 5
20 12

# solution 928
# n=21 sym=rot2 status=verified source=flammenkamp_cache/n21_rot2
# code=:BF6B6D8D2I4804AJ0F133HHJ5K1AGKCG2I7C7E9E59
0 11
0 15
1 6
1 11
2 6
2 13
3 8
3 13
4 2
4 18
5 4
5 8
6 0
6 4
7 10
7 19
8 0
8 15
9 1
9 3
10 3
10 17
11 17
11 19
12 5
12 20
13 1
13 10
14 16
14 20
15 12
15 16
16 2
16 18
17 7
17 12
18 7
18 14
19 9
19 14
20 5
20 9

# solution 929
# n=21 sym=rot2 status=verified source=flammenkamp_cache/n21_rot2
# code=:9C67CHBJ2K25EG5A7JGK3H041DAF46FI0I1938DE8B
0 9
0 12
1 6
1 7
2 12
2 17
3 11
3 19
4 2
4 20
5 2
5 5
6 14
6 16
7 5
7 10
8 7
8 19
9 16
9 20
10 3
10 17
11 0
11 4
12 1
12 13
13 10
13 15
14 4
14 6
15 15
15 18
16 0
16 18
17 1
17 9
18 3
18 8
19 13
19 14
20 8
20 11

# solution 930
# n=21 sym=rot2 status=verified source=flammenkamp_cache/n21_rot2
# code=:9C67CHBF2K25EG1A7JGK3H041DAJ46FI0I5938DE8B
0 9
0 12
1 6
1 7
2 12
2 17
3 11
3 15
4 2
4 20
5 2
5 5
6 14
6 16
7 1
7 10
8 7
8 19
9 16
9 20
10 3
10 17
11 0
11 4
12 1
12 13
13 10
13 19
14 4
14 6
15 15
15 18
16 0
16 18
17 5
17 9
18 3
18 8
19 13
19 14
20 8
20 11

# solution 931
# n=21 sym=rot2 status=verified source=flammenkamp_cache/n21_rot2
# code=:595C249J0ICEEK4A37173HDJDHAG06682K1BGI8FBF
0 5
0 9
1 5
1 12
2 2
2 4
3 9
3 19
4 0
4 18
5 12
5 14
6 14
6 20
7 4
7 10
8 3
8 7
9 1
9 7
10 3
10 17
11 13
11 19
12 13
12 17
13 10
13 16
14 0
14 6
15 6
15 8
16 2
16 20
17 1
17 11
18 16
18 18
19 8
19 15
20 11
20 15

# solution 932
# n=21 sym=rot2 status=verified source=flammenkamp_cache/n21_rot2
# code=:CF4B094J7F1H0ADI68EI3H26CE27AK3J5D1GBK9G58
0 12
0 15
1 4
1 11
2 0
2 9
3 4
3 19
4 7
4 15
5 1
5 17
6 0
6 10
7 13
7 18
8 6
8 8
9 14
9 18
10 3
10 17
11 2
11 6
12 12
12 14
13 2
13 7
14 10
14 20
15 3
15 19
16 5
16 13
17 1
17 16
18 11
18 20
19 9
19 16
20 5
20 8

# solution 933
# n=21 sym=rot2 status=verified source=flammenkamp_cache/n21_rot2
# code=:CH6B4FAC37JKFK24IJ9D6E7B12GI0501DH8A5G9E38
0 12
0 17
1 6
1 11
2 4
2 15
3 10
3 12
4 3
4 7
5 19
5 20
6 15
6 20
7 2
7 4
8 18
8 19
9 9
9 13
10 6
10 14
11 7
11 11
12 1
12 2
13 16
13 18
14 0
14 5
15 0
15 1
16 13
16 17
17 8
17 10
18 5
18 16
19 9
19 14
20 3
20 8

# solution 934
# n=21 sym=rot2 status=verified source=flammenkamp_cache/n21_rot2
# code=:CH6B4FAC37JK0F24IJ9D6E7B12GI5K01DH8A5G9E38
0 12
0 17
1 6
1 11
2 4
2 15
3 10
3 12
4 3
4 7
5 19
5 20
6 0
6 15
7 2
7 4
8 18
8 19
9 9
9 13
10 6
10 14
11 7
11 11
12 1
12 2
13 16
13 18
14 5
14 20
15 0
15 1
16 13
16 17
17 8
17 10
18 5
18 16
19 9
19 14
20 3
20 8

# solution 935
# n=21 sym=rot2 status=verified source=flammenkamp_cache/n21_rot2
# code=:CE4B4JAC37030F1IFI9D6E7B252J5KHKDH8A1G9G68
0 12
0 14
1 4
1 11
2 4
2 19
3 10
3 12
4 3
4 7
5 0
5 3
6 0
6 15
7 1
7 18
8 15
8 18
9 9
9 13
10 6
10 14
11 7
11 11
12 2
12 5
13 2
13 19
14 5
14 20
15 17
15 20
16 13
16 17
17 8
17 10
18 1
18 16
19 9
19 16
20 6
20 8

# solution 936
# n=21 sym=rot2 status=verified source=flammenkamp_cache/n21_rot2
# code=:58DE4C5IDH1J9A042E9K3H0B6IGKAB1J372F8G67CF
0 5
0 8
1 13
1 14
2 4
2 12
3 5
3 18
4 13
4 17
5 1
5 19
6 9
6 10
7 0
7 4
8 2
8 14
9 9
9 20
10 3
10 17
11 0
11 11
12 6
12 18
13 16
13 20
14 10
14 11
15 1
15 19
16 3
16 7
17 2
17 15
18 8
18 16
19 6
19 7
20 12
20 15

# solution 937
# n=21 sym=rot2 status=verified source=flammenkamp_cache/n21_rot2
# code=:4D9F4I8A3703FJ18EI096EBK26CJ15HKDHAC2G5B7G
0 4
0 13
1 9
1 15
2 4
2 18
3 8
3 10
4 3
4 7
5 0
5 3
6 15
6 19
7 1
7 8
8 14
8 18
9 0
9 9
10 6
10 14
11 11
11 20
12 2
12 6
13 12
13 19
14 1
14 5
15 17
15 20
16 13
16 17
17 10
17 12
18 2
18 16
19 5
19 11
20 7
20 16

# solution 938
# n=21 sym=rot2 status=verified source=flammenkamp_cache/n21_rot2
# code=:CE9D2819DHJK5A240F463HEG5KGIAF0137BJCI7B68
0 12
0 14
1 9
1 13
2 2
2 8
3 1
3 9
4 13
4 17
5 19
5 20
6 5
6 10
7 2
7 4
8 0
8 15
9 4
9 6
10 3
10 17
11 14
11 16
12 5
12 20
13 16
13 18
14 10
14 15
15 0
15 1
16 3
16 7
17 11
17 19
18 12
18 18
19 7
19 11
20 6
20 8

# solution 939
# n=21 sym=rot2 status=verified source=flammenkamp_cache/n21_rot2
# code=:CE9D289JDHJK5A240F463HEG5KGIAF01371BCI7B68
0 12
0 14
1 9
1 13
2 2
2 8
3 9
3 19
4 13
4 17
5 19
5 20
6 5
6 10
7 2
7 4
8 0
8 15
9 4
9 6
10 3
10 17
11 14
11 16
12 5
12 20
13 16
13 18
14 10
14 15
15 0
15 1
16 3
16 7
17 1
17 11
18 12
18 18
19 7
19 11
20 6
20 8

# solution 940
# n=21 sym=rot2 status=verified source=flammenkamp_cache/n21_rot2
# code=:783D8H4A1EGK259J259K6E0BFI1BFI046JAG3C7HCD
0 7
0 8
1 3
1 13
2 8
2 17
3 4
3 10
4 1
4 14
5 16
5 20
6 2
6 5
7 9
7 19
8 2
8 5
9 9
9 20
10 6
10 14
11 0
11 11
12 15
12 18
13 1
13 11
14 15
14 18
15 0
15 4
16 6
16 19
17 10
17 16
18 3
18 12
19 7
19 17
20 12
20 13

# solution 941
# n=21 sym=rot2 status=verified source=flammenkamp_cache/n21_rot2
# code=:049I5C9D23DE8A1G15EK3H06FJ4JAC67HI7B8F2BGK
0 0
0 4
1 9
1 18
2 5
2 12
3 9
3 13
4 2
4 3
5 13
5 14
6 8
6 10
7 1
7 16
8 1
8 5
9 14
9 20
10 3
10 17
11 0
11 6
12 15
12 19
13 4
13 19
14 10
14 12
15 6
15 7
16 17
16 18
17 7
17 11
18 8
18 15
19 2
19 11
20 16
20 20

# solution 942
# n=21 sym=rot2 status=verified source=flammenkamp_cache/n21_rot2
# code=:5G9B8J26HI67AC7GFJ0K3H0K154D8ADE23EI1C9B4F
0 5
0 16
1 9
1 11
2 8
2 19
3 2
3 6
4 17
4 18
5 6
5 7
6 10
6 12
7 7
7 16
8 15
8 19
9 0
9 20
10 3
10 17
11 0
11 20
12 1
12 5
13 4
13 13
14 8
14 10
15 13
15 14
16 2
16 3
17 14
17 18
18 1
18 12
19 9
19 11
20 4
20 15

# solution 943
# n=21 sym=rot2 status=verified source=flammenkamp_cache/n21_rot2
# code=:9B7EFG2C062JAC470FHJ3H135KDG8A1IEK8I456D9B
0 9
0 11
1 7
1 14
2 15
2 16
3 2
3 12
4 0
4 6
5 2
5 19
6 10
6 12
7 4
7 7
8 0
8 15
9 17
9 19
10 3
10 17
11 1
11 3
12 5
12 20
13 13
13 16
14 8
14 10
15 1
15 18
16 14
16 20
17 8
17 18
18 4
18 5
19 6
19 13
20 9
20 11

# solution 944
# n=21 sym=rot2 status=verified source=flammenkamp_cache/n21_rot2
# code=:BI8D4J5I8E56AKDG9J033HHK1B470AEF6C2F1G7C29
0 11
0 18
1 8
1 13
2 4
2 19
3 5
3 18
4 8
4 14
5 5
5 6
6 10
6 20
7 13
7 16
8 9
8 19
9 0
9 3
10 3
10 17
11 17
11 20
12 1
12 11
13 4
13 7
14 0
14 10
15 14
15 15
16 6
16 12
17 2
17 15
18 1
18 16
19 7
19 12
20 2
20 9

# solution 945
# n=21 sym=rot2 status=verified source=flammenkamp_cache/n21_rot2
# code=:69CDDG062IAC45HJ09FJ3H15BK13FG8A2IEK4778BE
0 6
0 9
1 12
1 13
2 13
2 16
3 0
3 6
4 2
4 18
5 10
5 12
6 4
6 5
7 17
7 19
8 0
8 9
9 15
9 19
10 3
10 17
11 1
11 5
12 11
12 20
13 1
13 3
14 15
14 16
15 8
15 10
16 2
16 18
17 14
17 20
18 4
18 7
19 7
19 8
20 11
20 14

# solution 946
# n=21 sym=rot2 status=verified source=flammenkamp_cache/n21_rot2
# code=:4B8F7EEI7I8A4F130K9J3H1B0KHJ5GAC2D266D5C9G
0 4
0 11
1 8
1 15
2 7
2 14
3 14
3 18
4 7
4 18
5 8
5 10
6 4
6 15
7 1
7 3
8 0
8 20
9 9
9 19
10 3
10 17
11 1
11 11
12 0
12 20
13 17
13 19
14 5
14 16
15 10
15 12
16 2
16 13
17 2
17 6
18 6
18 13
19 5
19 12
20 9
20 16

# solution 947
# n=21 sym=rot2 status=verified source=flammenkamp_cache/n21_rot2
# code=:59DE38DK24AE2C9J4F1K3H0J5G1B8I6AGI07CH67BF
0 5
0 9
1 13
1 14
2 3
2 8
3 13
3 20
4 2
4 4
5 10
5 14
6 2
6 12
7 9
7 19
8 4
8 15
9 1
9 20
10 3
10 17
11 0
11 19
12 5
12 16
13 1
13 11
14 8
14 18
15 6
15 10
16 16
16 18
17 0
17 7
18 12
18 17
19 6
19 7
20 11
20 15

# solution 948
# n=21 sym=rot2 status=verified source=flammenkamp_cache/n21_rot2
# code=:7E5GCJ2A29DJ9E348K3K5F0H0CGH6B17BIAI184F6D
0 7
0 14
1 5
1 16
2 12
2 19
3 2
3 10
4 2
4 9
5 13
5 19
6 9
6 14
7 3
7 4
8 8
8 20
9 3
9 20
10 5
10 15
11 0
11 17
12 0
12 12
13 16
13 17
14 6
14 11
15 1
15 7
16 11
16 18
17 10
17 18
18 1
18 8
19 4
19 15
20 6
20 13

# solution 949
# n=21 sym=rot2 status=verified source=flammenkamp_cache/n21_rot2
# code=:8B581GDJ3DAG065902EI3H26IKBFEK4A7H174JCF9C
0 8
0 11
1 5
1 8
2 1
2 16
3 13
3 19
4 3
4 13
5 10
5 16
6 0
6 6
7 5
7 9
8 0
8 2
9 14
9 18
10 3
10 17
11 2
11 6
12 18
12 20
13 11
13 15
14 14
14 20
15 4
15 10
16 7
16 17
17 1
17 7
18 4
18 19
19 12
19 15
20 9
20 12

# solution 950
# n=21 sym=rot2 status=verified source=flammenkamp_cache/n21_rot2
# code=:8B581GDJDGAK365902EI3H26IKBFEH0A47174JCF9C
0 8
0 11
1 5
1 8
2 1
2 16
3 13
3 19
4 13
4 16
5 10
5 20
6 3
6 6
7 5
7 9
8 0
8 2
9 14
9 18
10 3
10 17
11 2
11 6
12 18
12 20
13 11
13 15
14 14
14 17
15 0
15 10
16 4
16 7
17 1
17 7
18 4
18 19
19 12
19 15
20 9
20 12

# solution 951
# n=21 sym=rot2 status=verified source=flammenkamp_cache/n21_rot2
# code=:7B5725CG266ACGJK9KHJ3H130B0148AEEI48FIDF9D
0 7
0 11
1 5
1 7
2 2
2 5
3 12
3 16
4 2
4 6
5 6
5 10
6 12
6 16
7 19
7 20
8 9
8 20
9 17
9 19
10 3
10 17
11 1
11 3
12 0
12 11
13 0
13 1
14 4
14 8
15 10
15 14
16 14
16 18
17 4
17 8
18 15
18 18
19 13
19 15
20 9
20 13

# solution 952
# n=21 sym=rot2 status=verified source=flammenkamp_cache/n21_rot2
# code=:7B5628FI06AG7CGJ09HJ3H13BK148D4AEK25CIEF9D
0 7
0 11
1 5
1 6
2 2
2 8
3 15
3 18
4 0
4 6
5 10
5 16
6 7
6 12
7 16
7 19
8 0
8 9
9 17
9 19
10 3
10 17
11 1
11 3
12 11
12 20
13 1
13 4
14 8
14 13
15 4
15 10
16 14
16 20
17 2
17 5
18 12
18 18
19 14
19 15
20 9
20 13

# solution 953
# n=21 sym=rot2 status=verified source=flammenkamp_cache/n21_rot2
# code=:8G7I4J8A2DHJ5E039K695FBE0BHK6F137IAC1G2D4C
0 8
0 16
1 7
1 18
2 4
2 19
3 8
3 10
4 2
4 13
5 17
5 19
6 5
6 14
7 0
7 3
8 9
8 20
9 6
9 9
10 5
10 15
11 11
11 14
12 0
12 11
13 17
13 20
14 6
14 15
15 1
15 3
16 7
16 18
17 10
17 12
18 1
18 16
19 2
19 13
20 4
20 12

# solution 954
# n=21 sym=rot2 status=verified source=flammenkamp_cache/n21_rot2
# code=:677B0C5GCGAEIJ239J053HFK1BHI126A484F8K9DDE
0 6
0 7
1 7
1 11
2 0
2 12
3 5
3 16
4 12
4 16
5 10
5 14
6 18
6 19
7 2
7 3
8 9
8 19
9 0
9 5
10 3
10 17
11 15
11 20
12 1
12 11
13 17
13 18
14 1
14 2
15 6
15 10
16 4
16 8
17 4
17 15
18 8
18 20
19 9
19 13
20 13
20 14

# solution 955
# n=21 sym=rot2 status=verified source=flammenkamp_cache/n21_rot2
# code=:269F3IAE7D13GK8K149C5F8BGJ0C04HJ7D6A2H5BEI
0 2
0 6
1 9
1 15
2 3
2 18
3 10
3 14
4 7
4 13
5 1
5 3
6 16
6 20
7 8
7 20
8 1
8 4
9 9
9 12
10 5
10 15
11 8
11 11
12 16
12 19
13 0
13 12
14 0
14 4
15 17
15 19
16 7
16 13
17 6
17 10
18 2
18 17
19 5
19 11
20 14
20 18

# solution 956
# n=21 sym=rot2 status=verified source=flammenkamp_cache/n21_rot2
# code=:7E1CFK7C3I9A4E129G0F3H5K4BIJ6GAB2H8D058J6D
0 7
0 14
1 1
1 12
2 15
2 20
3 7
3 12
4 3
4 18
5 9
5 10
6 4
6 14
7 1
7 2
8 9
8 16
9 0
9 15
10 3
10 17
11 5
11 20
12 4
12 11
13 18
13 19
14 6
14 16
15 10
15 11
16 2
16 17
17 8
17 13
18 0
18 5
19 8
19 19
20 6
20 13

# solution 957
# n=21 sym=rot2 status=verified source=flammenkamp_cache/n21_rot2
# code=:9E464C9A5KDI2H1K8H1D5F7J3C0J3I270FAB8GEG6B
0 9
0 14
1 4
1 6
2 4
2 12
3 9
3 10
4 5
4 20
5 13
5 18
6 2
6 17
7 1
7 20
8 8
8 17
9 1
9 13
10 5
10 15
11 7
11 19
12 3
12 12
13 0
13 19
14 3
14 18
15 2
15 7
16 0
16 15
17 10
17 11
18 8
18 16
19 14
19 16
20 6
20 11

# solution 958
# n=21 sym=rot2 status=verified source=flammenkamp_cache/n21_rot2
# code=:56DGGH195D6A2J098CIK3H028CBK1IAE7FBJ3447EF
0 5
0 6
1 13
1 16
2 16
2 17
3 1
3 9
4 5
4 13
5 6
5 10
6 2
6 19
7 0
7 9
8 8
8 12
9 18
9 20
10 3
10 17
11 0
11 2
12 8
12 12
13 11
13 20
14 1
14 18
15 10
15 14
16 7
16 15
17 11
17 19
18 3
18 4
19 4
19 7
20 14
20 15

# solution 959
# n=21 sym=rot2 status=verified source=flammenkamp_cache/n21_rot2
# code=:CFFI6714ACEI074J039B3H9BHK1GDK268AGJDE2558
0 12
0 15
1 15
1 18
2 6
2 7
3 1
3 4
4 10
4 12
5 14
5 18
6 0
6 7
7 4
7 19
8 0
8 3
9 9
9 11
10 3
10 17
11 9
11 11
12 17
12 20
13 1
13 16
14 13
14 20
15 2
15 6
16 8
16 10
17 16
17 19
18 13
18 14
19 2
19 5
20 5
20 8

# solution 960
# n=21 sym=rot2 status=verified source=flammenkamp_cache/n21_rot2
# code=:CFFI674JACEI074J039B3H9BHK1GDK268A1GDE2558
0 12
0 15
1 15
1 18
2 6
2 7
3 4
3 19
4 10
4 12
5 14
5 18
6 0
6 7
7 4
7 19
8 0
8 3
9 9
9 11
10 3
10 17
11 9
11 11
12 17
12 20
13 1
13 16
14 13
14 20
15 2
15 6
16 8
16 10
17 1
17 16
18 13
18 14
19 2
19 5
20 5
20 8

# solution 961
# n=21 sym=rot2 status=verified source=flammenkamp_cache/n21_rot2
# code=:59CE14ADFH023E18IK9D4G7B02CJ6HIK357AGJ68BF
0 5
0 9
1 12
1 14
2 1
2 4
3 10
3 13
4 15
4 17
5 0
5 2
6 3
6 14
7 1
7 8
8 18
8 20
9 9
9 13
10 4
10 16
11 7
11 11
12 0
12 2
13 12
13 19
14 6
14 17
15 18
15 20
16 3
16 5
17 7
17 10
18 16
18 19
19 6
19 8
20 11
20 15

# solution 962
# n=21 sym=rot2 status=verified source=flammenkamp_cache/n21_rot2
# code=:3F9DDI682A1J4GEK098F3H5CBK064G1JAICE277B5H
0 3
0 15
1 9
1 13
2 13
2 18
3 6
3 8
4 2
4 10
5 1
5 19
6 4
6 16
7 14
7 20
8 0
8 9
9 8
9 15
10 3
10 17
11 5
11 12
12 11
12 20
13 0
13 6
14 4
14 16
15 1
15 19
16 10
16 18
17 12
17 14
18 2
18 7
19 7
19 11
20 5
20 17

# solution 963
# n=21 sym=rot2 status=verified source=flammenkamp_cache/n21_rot2
# code=:BC04CE2J7A5F4J09DHEI3H2637BK1G5FAD1I68GK89
0 11
0 12
1 0
1 4
2 12
2 14
3 2
3 19
4 7
4 10
5 5
5 15
6 4
6 19
7 0
7 9
8 13
8 17
9 14
9 18
10 3
10 17
11 2
11 6
12 3
12 7
13 11
13 20
14 1
14 16
15 5
15 15
16 10
16 13
17 1
17 18
18 6
18 8
19 16
19 20
20 8
20 9

# solution 964
# n=21 sym=rot2 status=verified source=flammenkamp_cache/n21_rot2
# code=:BC0ICE4J7A5F4J09DHEI3H2637BK1G5FAD1G682K89
0 11
0 12
1 0
1 18
2 12
2 14
3 4
3 19
4 7
4 10
5 5
5 15
6 4
6 19
7 0
7 9
8 13
8 17
9 14
9 18
10 3
10 17
11 2
11 6
12 3
12 7
13 11
13 20
14 1
14 16
15 5
15 15
16 10
16 13
17 1
17 16
18 6
18 8
19 2
19 20
20 8
20 9

# solution 965
# n=21 sym=rot2 status=verified source=flammenkamp_cache/n21_rot2
# code=:9C6E47CGAIFJ2H0709FJ3H15BKDK3I152A48DG6E8B
0 9
0 12
1 6
1 14
2 4
2 7
3 12
3 16
4 10
4 18
5 15
5 19
6 2
6 17
7 0
7 7
8 0
8 9
9 15
9 19
10 3
10 17
11 1
11 5
12 11
12 20
13 13
13 20
14 3
14 18
15 1
15 5
16 2
16 10
17 4
17 8
18 13
18 16
19 6
19 14
20 8
20 11

# solution 966
# n=21 sym=rot2 status=verified source=flammenkamp_cache/n21_rot2
# code=:459D0B268ADJ468I13FK3H05HJ2CEG17ACEI9K7BFG
0 4
0 5
1 9
1 13
2 0
2 11
3 2
3 6
4 8
4 10
5 13
5 19
6 4
6 6
7 8
7 18
8 1
8 3
9 15
9 20
10 3
10 17
11 0
11 5
12 17
12 19
13 2
13 12
14 14
14 16
15 1
15 7
16 10
16 12
17 14
17 18
18 9
18 20
19 7
19 11
20 15
20 16

# solution 967
# n=21 sym=rot2 status=verified source=flammenkamp_cache/n21_rot2
# code=:8C9E454JADFJ269KDH2K3H0I370BEI157A1GFG6B8C
0 8
0 12
1 9
1 14
2 4
2 5
3 4
3 19
4 10
4 13
5 15
5 19
6 2
6 6
7 9
7 20
8 13
8 17
9 2
9 20
10 3
10 17
11 0
11 18
12 3
12 7
13 0
13 11
14 14
14 18
15 1
15 5
16 7
16 10
17 1
17 16
18 15
18 16
19 6
19 11
20 8
20 12

# solution 968
# n=21 sym=rot2 status=verified source=flammenkamp_cache/n21_rot2
# code=:89BFFH2A16DK1H2K68DG4G47CE0I3J07EJAI3559BC
0 8
0 9
1 11
1 15
2 15
2 17
3 2
3 10
4 1
4 6
5 13
5 20
6 1
6 17
7 2
7 20
8 6
8 8
9 13
9 16
10 4
10 16
11 4
11 7
12 12
12 14
13 0
13 18
14 3
14 19
15 0
15 7
16 14
16 19
17 10
17 18
18 3
18 5
19 5
19 9
20 11
20 12

# solution 969
# n=21 sym=rot2 status=verified source=flammenkamp_cache/n21_rot2
# code=:9E5B4HAC16HI15DI08DK4G07CK27FJ23EJ8A3G9F6B
0 9
0 14
1 5
1 11
2 4
2 17
3 10
3 12
4 1
4 6
5 17
5 18
6 1
6 5
7 13
7 18
8 0
8 8
9 13
9 20
10 4
10 16
11 0
11 7
12 12
12 20
13 2
13 7
14 15
14 19
15 2
15 3
16 14
16 19
17 8
17 10
18 3
18 16
19 9
19 15
20 6
20 11

# solution 970
# n=21 sym=rot2 status=verified source=flammenkamp_cache/n21_rot2
# code=:9C9E1E7AHI7F1H0F8I4K4G0G2C5K3J5D23AD6J6B8B
0 9
0 12
1 9
1 14
2 1
2 14
3 7
3 10
4 17
4 18
5 7
5 15
6 1
6 17
7 0
7 15
8 8
8 18
9 4
9 20
10 4
10 16
11 0
11 16
12 2
12 12
13 5
13 20
14 3
14 19
15 5
15 13
16 2
16 3
17 10
17 13
18 6
18 19
19 6
19 11
20 8
20 11

# solution 971
# n=21 sym=rot2 status=verified source=flammenkamp_cache/n21_rot2
# code=:7EFG4A17FJ269CHKCI9K3H0B28038BEI15DJAG456D
0 7
0 14
1 15
1 16
2 4
2 10
3 1
3 7
4 15
4 19
5 2
5 6
6 9
6 12
7 17
7 20
8 12
8 18
9 9
9 20
10 3
10 17
11 0
11 11
12 2
12 8
13 0
13 3
14 8
14 11
15 14
15 18
16 1
16 5
17 13
17 19
18 10
18 16
19 4
19 5
20 6
20 13

# solution 972
# n=21 sym=rot2 status=verified source=flammenkamp_cache/n21_rot2
# code=:9G7D8EAK2303FJ8E4J592IBF1G6C15HKHI0A6C7D4B
0 9
0 16
1 7
1 13
2 8
2 14
3 10
3 20
4 2
4 3
5 0
5 3
6 15
6 19
7 8
7 14
8 4
8 19
9 5
9 9
10 2
10 18
11 11
11 15
12 1
12 16
13 6
13 12
14 1
14 5
15 17
15 20
16 17
16 18
17 0
17 10
18 6
18 12
19 7
19 13
20 4
20 11

# solution 973
# n=21 sym=rot2 status=verified source=flammenkamp_cache/n21_rot2
# code=:795EAG57GI2E0JHJ098C3H8CBK131K6I24DF4A6FBD
0 7
0 9
1 5
1 14
2 10
2 16
3 5
3 7
4 16
4 18
5 2
5 14
6 0
6 19
7 17
7 19
8 0
8 9
9 8
9 12
10 3
10 17
11 8
11 12
12 11
12 20
13 1
13 3
14 1
14 20
15 6
15 18
16 2
16 4
17 13
17 15
18 4
18 10
19 6
19 15
20 11
20 13

# solution 974
# n=21 sym=rot2 status=verified source=flammenkamp_cache/n21_rot2
# code=:9E14ACEF2C0H05DI19473HDGBJ27FK3K8I568AGJ6B
0 9
0 14
1 1
1 4
2 10
2 12
3 14
3 15
4 2
4 12
5 0
5 17
6 0
6 5
7 13
7 18
8 1
8 9
9 4
9 7
10 3
10 17
11 13
11 16
12 11
12 19
13 2
13 7
14 15
14 20
15 3
15 20
16 8
16 18
17 5
17 6
18 8
18 10
19 16
19 19
20 6
20 11

# solution 975
# n=21 sym=rot2 status=verified source=flammenkamp_cache/n21_rot2
# code=:684BAI8F3701FK9IEJ7G3H4D162B05JKDH5C2A9GCE
0 6
0 8
1 4
1 11
2 10
2 18
3 8
3 15
4 3
4 7
5 0
5 1
6 15
6 20
7 9
7 18
8 14
8 19
9 7
9 16
10 3
10 17
11 4
11 13
12 1
12 6
13 2
13 11
14 0
14 5
15 19
15 20
16 13
16 17
17 5
17 12
18 2
18 10
19 9
19 16
20 12
20 14

# solution 976
# n=21 sym=rot2 status=verified source=flammenkamp_cache/n21_rot2
# code=:1B8F8AEIDG1H0F29064D3H7GEKBI5K3J4726AC5C9J
0 1
0 11
1 8
1 15
2 8
2 10
3 14
3 18
4 13
4 16
5 1
5 17
6 0
6 15
7 2
7 9
8 0
8 6
9 4
9 13
10 3
10 17
11 7
11 16
12 14
12 20
13 11
13 18
14 5
14 20
15 3
15 19
16 4
16 7
17 2
17 6
18 10
18 12
19 5
19 12
20 9
20 19

# solution 977
# n=21 sym=rot2 status=verified source=flammenkamp_cache/n21_rot2
# code=:4E481DAF39IK3F9D08EJ2I16CK7B5H02BH5A7JCG6G
0 4
0 14
1 4
1 8
2 1
2 13
3 10
3 15
4 3
4 9
5 18
5 20
6 3
6 15
7 9
7 13
8 0
8 8
9 14
9 19
10 2
10 18
11 1
11 6
12 12
12 20
13 7
13 11
14 5
14 17
15 0
15 2
16 11
16 17
17 5
17 10
18 7
18 19
19 12
19 16
20 6
20 16

# solution 978
# n=21 sym=rot2 status=verified source=flammenkamp_cache/n21_rot2
# code=:6C7D4AGJ3I5E9J029C053HFK8BIK1B6F2H14AG7D8E
0 6
0 12
1 7
1 13
2 4
2 10
3 16
3 19
4 3
4 18
5 5
5 14
6 9
6 19
7 0
7 2
8 9
8 12
9 0
9 5
10 3
10 17
11 15
11 20
12 8
12 11
13 18
13 20
14 1
14 11
15 6
15 15
16 2
16 17
17 1
17 4
18 10
18 16
19 7
19 13
20 8
20 14

# solution 979
# n=21 sym=rot2 status=verified source=flammenkamp_cache/n21_rot2
# code=:FH69AD2J28014GDE890F3H5KBC674GJKCI1I7ABE35
0 15
0 17
1 6
1 9
2 10
2 13
3 2
3 19
4 2
4 8
5 0
5 1
6 4
6 16
7 13
7 14
8 8
8 9
9 0
9 15
10 3
10 17
11 5
11 20
12 11
12 12
13 6
13 7
14 4
14 16
15 19
15 20
16 12
16 18
17 1
17 18
18 7
18 10
19 11
19 14
20 3
20 5

# solution 980
# n=21 sym=rot2 status=verified source=flammenkamp_cache/n21_rot2
# code=:BGGJ567ABD03058J8EHI2I236C1CFKHK79ADEF1449
0 11
0 16
1 16
1 19
2 5
2 6
3 7
3 10
4 11
4 13
5 0
5 3
6 0
6 5
7 8
7 19
8 8
8 14
9 17
9 18
10 2
10 18
11 2
11 3
12 6
12 12
13 1
13 12
14 15
14 20
15 17
15 20
16 7
16 9
17 10
17 13
18 14
18 15
19 1
19 4
20 4
20 9

# solution 981
# n=21 sym=rot2 status=verified source=flammenkamp_cache/n21_rot2
# code=:2B575JAEBD031G688G032IHK4CCE4JHK796A1FDF9I
0 2
0 11
1 5
1 7
2 5
2 19
3 10
3 14
4 11
4 13
5 0
5 3
6 1
6 16
7 6
7 8
8 8
8 16
9 0
9 3
10 2
10 18
11 17
11 20
12 4
12 12
13 12
13 14
14 4
14 19
15 17
15 20
16 7
16 9
17 6
17 10
18 1
18 15
19 13
19 15
20 9
20 18

# solution 982
# n=21 sym=rot2 status=verified source=flammenkamp_cache/n21_rot2
# code=:BG575JAEBD031G688I032IHK2CCE4JHK796A1FDF49
0 11
0 16
1 5
1 7
2 5
2 19
3 10
3 14
4 11
4 13
5 0
5 3
6 1
6 16
7 6
7 8
8 8
8 18
9 0
9 3
10 2
10 18
11 17
11 20
12 2
12 12
13 12
13 14
14 4
14 19
15 17
15 20
16 7
16 9
17 6
17 10
18 1
18 15
19 13
19 15
20 4
20 9

# solution 983
# n=21 sym=rot2 status=verified source=flammenkamp_cache/n21_rot2
# code=:8CEI4ADFHI56BK1D19043HGKBJ7J09EF2357AG268C
0 8
0 12
1 14
1 18
2 4
2 10
3 13
3 15
4 17
4 18
5 5
5 6
6 11
6 20
7 1
7 13
8 1
8 9
9 0
9 4
10 3
10 17
11 16
11 20
12 11
12 19
13 7
13 19
14 0
14 9
15 14
15 15
16 2
16 3
17 5
17 7
18 10
18 16
19 2
19 6
20 8
20 12

# solution 984
# n=21 sym=rot2 status=verified source=flammenkamp_cache/n21_rot2
# code=:FI6C0ADG8E5B4JDJ39023HIKBH171G9F6C47AK8E25
0 15
0 18
1 6
1 12
2 0
2 10
3 13
3 16
4 8
4 14
5 5
5 11
6 4
6 19
7 13
7 19
8 3
8 9
9 0
9 2
10 3
10 17
11 18
11 20
12 11
12 17
13 1
13 7
14 1
14 16
15 9
15 15
16 6
16 12
17 4
17 7
18 10
18 20
19 8
19 14
20 2
20 5

# solution 985
# n=21 sym=rot2 status=verified source=flammenkamp_cache/n21_rot2
# code=:FI6C4A4D8E5BJKDJ39023HIKBH17019F6C7GAG8E25
0 15
0 18
1 6
1 12
2 4
2 10
3 4
3 13
4 8
4 14
5 5
5 11
6 19
6 20
7 13
7 19
8 3
8 9
9 0
9 2
10 3
10 17
11 18
11 20
12 11
12 17
13 1
13 7
14 0
14 1
15 9
15 15
16 6
16 12
17 7
17 16
18 10
18 16
19 8
19 14
20 2
20 5

# solution 986
# n=21 sym=rot2 status=verified source=flammenkamp_cache/n21_rot2
# code=:FI6C4ADG8E5BJKDJ39023HIKBH17019F6C47AG8E25
0 15
0 18
1 6
1 12
2 4
2 10
3 13
3 16
4 8
4 14
5 5
5 11
6 19
6 20
7 13
7 19
8 3
8 9
9 0
9 2
10 3
10 17
11 18
11 20
12 11
12 17
13 1
13 7
14 0
14 1
15 9
15 15
16 6
16 12
17 4
17 7
18 10
18 16
19 8
19 14
20 2
20 5

# solution 987
# n=21 sym=rot2 status=verified source=flammenkamp_cache/n21_rot2
# code=:8E4J8A4J9D25HK59DE2K3H0I67BF03FI7B1GAC1G6C
0 8
0 14
1 4
1 19
2 8
2 10
3 4
3 19
4 9
4 13
5 2
5 5
6 17
6 20
7 5
7 9
8 13
8 14
9 2
9 20
10 3
10 17
11 0
11 18
12 6
12 7
13 11
13 15
14 0
14 3
15 15
15 18
16 7
16 11
17 1
17 16
18 10
18 12
19 1
19 16
20 6
20 12

# solution 988
# n=21 sym=rot2 status=verified source=flammenkamp_cache/n21_rot2
# code=:BG68ADDG285FJK13690I3H2KBEHJ015FCI477ACE49
0 11
0 16
1 6
1 8
2 10
2 13
3 13
3 16
4 2
4 8
5 5
5 15
6 19
6 20
7 1
7 3
8 6
8 9
9 0
9 18
10 3
10 17
11 2
11 20
12 11
12 14
13 17
13 19
14 0
14 1
15 5
15 15
16 12
16 18
17 4
17 7
18 7
18 10
19 12
19 14
20 4
20 9

# solution 989
# n=21 sym=rot2 status=verified source=flammenkamp_cache/n21_rot2
# code=:5C2E8A7BGI36GJ79150K3H0KFJBD14EH249DAC6I8F
0 5
0 12
1 2
1 14
2 8
2 10
3 7
3 11
4 16
4 18
5 3
5 6
6 16
6 19
7 7
7 9
8 1
8 5
9 0
9 20
10 3
10 17
11 0
11 20
12 15
12 19
13 11
13 13
14 1
14 4
15 14
15 17
16 2
16 4
17 9
17 13
18 10
18 12
19 6
19 18
20 8
20 15

# solution 990
# n=21 sym=rot2 status=verified source=flammenkamp_cache/n21_rot2
# code=:9F6K4CAEHK4D28DH25191JBJFI37CI7G036A8G0E5B
0 9
0 15
1 6
1 20
2 4
2 12
3 10
3 14
4 17
4 20
5 4
5 13
6 2
6 8
7 13
7 17
8 2
8 5
9 1
9 9
10 1
10 19
11 11
11 19
12 15
12 18
13 3
13 7
14 12
14 18
15 7
15 16
16 0
16 3
17 6
17 10
18 8
18 16
19 0
19 14
20 5
20 11

# solution 991
# n=21 sym=rot2 status=verified source=flammenkamp_cache/n21_rot2
# code=:9F064CAEHK4D28DH25191JBJFI37CI7G036A8GEK5B
0 9
0 15
1 0
1 6
2 4
2 12
3 10
3 14
4 17
4 20
5 4
5 13
6 2
6 8
7 13
7 17
8 2
8 5
9 1
9 9
10 1
10 19
11 11
11 19
12 15
12 18
13 3
13 7
14 12
14 18
15 7
15 16
16 0
16 3
17 6
17 10
18 8
18 16
19 14
19 20
20 5
20 11

# solution 992
# n=21 sym=rot2 status=verified source=flammenkamp_cache/n21_rot2
# code=:38BE47AK3F048IDE25191JBJFI672CGK5H0ADG69CH
0 3
0 8
1 11
1 14
2 4
2 7
3 10
3 20
4 3
4 15
5 0
5 4
6 8
6 18
7 13
7 14
8 2
8 5
9 1
9 9
10 1
10 19
11 11
11 19
12 15
12 18
13 6
13 7
14 2
14 12
15 16
15 20
16 5
16 17
17 0
17 10
18 13
18 16
19 6
19 9
20 12
20 17

# solution 993
# n=21 sym=rot2 status=verified source=flammenkamp_cache/n21_rot2
# code=:687BFIAG3C47IKEJ35091JBKFH1602DG8H4A259DCE
0 6
0 8
1 7
1 11
2 15
2 18
3 10
3 16
4 3
4 12
5 4
5 7
6 18
6 20
7 14
7 19
8 3
8 5
9 0
9 9
10 1
10 19
11 11
11 20
12 15
12 17
13 1
13 6
14 0
14 2
15 13
15 16
16 8
16 17
17 4
17 10
18 2
18 5
19 9
19 13
20 12
20 14

# solution 994
# n=21 sym=rot2 status=verified source=flammenkamp_cache/n21_rot2
# code=:3E26DJ4A9DFH089F28GK1J04CI5BCK357BAG17EI6H
0 3
0 14
1 2
1 6
2 13
2 19
3 4
3 10
4 9
4 13
5 15
5 17
6 0
6 8
7 9
7 15
8 2
8 8
9 16
9 20
10 1
10 19
11 0
11 4
12 12
12 18
13 5
13 11
14 12
14 20
15 3
15 5
16 7
16 11
17 10
17 16
18 1
18 7
19 14
19 18
20 6
20 17

# solution 995
# n=21 sym=rot2 status=verified source=flammenkamp_cache/n21_rot2
# code=:8D5B7IAG3I0E03598E1G1J4J6CBFHK6K2H4A2D9F7C
0 8
0 13
1 5
1 11
2 7
2 18
3 10
3 16
4 3
4 18
5 0
5 14
6 0
6 3
7 5
7 9
8 8
8 14
9 1
9 16
10 1
10 19
11 4
11 19
12 6
12 12
13 11
13 15
14 17
14 20
15 6
15 20
16 2
16 17
17 4
17 10
18 2
18 13
19 9
19 15
20 7
20 12

# solution 996
# n=21 sym=rot2 status=verified source=flammenkamp_cache/n21_rot2
# code=:175ACG5B7IBE1I8K04363HEHGK0C2J692D9F48AFDJ
0 1
0 7
1 5
1 10
2 12
2 16
3 5
3 11
4 7
4 18
5 11
5 14
6 1
6 18
7 8
7 20
8 0
8 4
9 3
9 6
10 3
10 17
11 14
11 17
12 16
12 20
13 0
13 12
14 2
14 19
15 6
15 9
16 2
16 13
17 9
17 15
18 4
18 8
19 10
19 15
20 13
20 19

# solution 997
# n=21 sym=rot2 status=verified source=flammenkamp_cache/n21_rot2
# code=:24ABEF480IBDHK8D15163HEJFJ7C03792KCG569AGI
0 2
0 4
1 10
1 11
2 14
2 15
3 4
3 8
4 0
4 18
5 11
5 13
6 17
6 20
7 8
7 13
8 1
8 5
9 1
9 6
10 3
10 17
11 14
11 19
12 15
12 19
13 7
13 12
14 0
14 3
15 7
15 9
16 2
16 20
17 12
17 16
18 5
18 6
19 9
19 10
20 16
20 18

# solution 998
# n=21 sym=rot2 status=verified source=flammenkamp_cache/n21_rot2
# code=:4JAD59CJ25GKCE279K3E3H6H0BDI6804FI18BF7A1G
0 4
0 19
1 10
1 13
2 5
2 9
3 12
3 19
4 2
4 5
5 16
5 20
6 12
6 14
7 2
7 7
8 9
8 20
9 3
9 14
10 3
10 17
11 6
11 17
12 0
12 11
13 13
13 18
14 6
14 8
15 0
15 4
16 15
16 18
17 1
17 8
18 11
18 15
19 7
19 10
20 1
20 16

# solution 999
# n=21 sym=rot2 status=verified source=flammenkamp_cache/n21_rot2
# code=:477A5C9C2I0F6J3K9G1E3H6J4B0H1E5K2I8B8FADDG
0 4
0 7
1 7
1 10
2 5
2 12
3 9
3 12
4 2
4 18
5 0
5 15
6 6
6 19
7 3
7 20
8 9
8 16
9 1
9 14
10 3
10 17
11 6
11 19
12 4
12 11
13 0
13 17
14 1
14 14
15 5
15 20
16 2
16 18
17 8
17 11
18 8
18 15
19 10
19 13
20 13
20 16

# solution 1000
# n=21 sym=rot2 status=verified source=flammenkamp_cache/n21_rot2
# code=:9F671KAE2HCG49HK285D1J7FCI03BG483I6A0JDE5B
0 9
0 15
1 6
1 7
2 1
2 20
3 10
3 14
4 2
4 17
5 12
5 16
6 4
6 9
7 17
7 20
8 2
8 8
9 5
9 13
10 1
10 19
11 7
11 15
12 12
12 18
13 0
13 3
14 11
14 16
15 4
15 8
16 3
16 18
17 6
17 10
18 0
18 19
19 13
19 14
20 5
20 11

# solution 1001
# n=21 sym=rot2 status=verified source=flammenkamp_cache/n21_rot2
# code=:8EAG9D172H5ECG2K09FJ3H15BK0I486F3IDJ7B4A6C
0 8
0 14
1 10
1 16
2 9
2 13
3 1
3 7
4 2
4 17
5 5
5 14
6 12
6 16
7 2
7 20
8 0
8 9
9 15
9 19
10 3
10 17
11 1
11 5
12 11
12 20
13 0
13 18
14 4
14 8
15 6
15 15
16 3
16 18
17 13
17 19
18 7
18 11
19 4
19 10
20 6
20 12

# solution 1002
# n=21 sym=rot2 status=verified source=flammenkamp_cache/n21_rot2
# code=:3C9A7K018F5EGI1D69243HGIBE7J246F5CJK0DAB8H
0 3
0 12
1 9
1 10
2 7
2 20
3 0
3 1
4 8
4 15
5 5
5 14
6 16
6 18
7 1
7 13
8 6
8 9
9 2
9 4
10 3
10 17
11 16
11 18
12 11
12 14
13 7
13 19
14 2
14 4
15 6
15 15
16 5
16 12
17 19
17 20
18 0
18 13
19 10
19 11
20 8
20 17

# solution 1003
# n=21 sym=rot2 status=verified source=flammenkamp_cache/n21_rot2
# code=:7C5A2E05CI9EHK149D4J3H1G7BGJ036B28FK6IAF8D
0 7
0 12
1 5
1 10
2 2
2 14
3 0
3 5
4 12
4 18
5 9
5 14
6 17
6 20
7 1
7 4
8 9
8 13
9 4
9 19
10 3
10 17
11 1
11 16
12 7
12 11
13 16
13 19
14 0
14 3
15 6
15 11
16 2
16 8
17 15
17 20
18 6
18 18
19 10
19 15
20 8
20 13

# solution 1004
# n=21 sym=rot2 status=verified source=flammenkamp_cache/n21_rot2
# code=:5BAE1807EG13CI79FI043HGK25BD28HJ46DKCJ6A9F
0 5
0 11
1 10
1 14
2 1
2 8
3 0
3 7
4 14
4 16
5 1
5 3
6 12
6 18
7 7
7 9
8 15
8 18
9 0
9 4
10 3
10 17
11 16
11 20
12 2
12 5
13 11
13 13
14 2
14 8
15 17
15 19
16 4
16 6
17 13
17 20
18 12
18 19
19 6
19 10
20 9
20 15

# solution 1005
# n=21 sym=rot2 status=verified source=flammenkamp_cache/n21_rot2
# code=:68AFDH072C6F24JK9BGJ3H149B01GI5E8IDK375ACE
0 6
0 8
1 10
1 15
2 13
2 17
3 0
3 7
4 2
4 12
5 6
5 15
6 2
6 4
7 19
7 20
8 9
8 11
9 16
9 19
10 3
10 17
11 1
11 4
12 9
12 11
13 0
13 1
14 16
14 18
15 5
15 14
16 8
16 18
17 13
17 20
18 3
18 7
19 5
19 10
20 12
20 14

# solution 1006
# n=21 sym=rot2 status=verified source=flammenkamp_cache/n21_rot2
# code=:6EAJ5G7B2CGK1C39DFIK3H0257BH8J048I9D4F1A6E
0 6
0 14
1 10
1 19
2 5
2 16
3 7
3 11
4 2
4 12
5 16
5 20
6 1
6 12
7 3
7 9
8 13
8 15
9 18
9 20
10 3
10 17
11 0
11 2
12 5
12 7
13 11
13 17
14 8
14 19
15 0
15 4
16 8
16 18
17 9
17 13
18 4
18 15
19 1
19 10
20 6
20 14

# solution 1007
# n=21 sym=rot2 status=verified source=flammenkamp_cache/n21_rot2
# code=:CEAG597G2H0JCE2759013HJKBFDI681K3I4DBF4A68
0 12
0 14
1 10
1 16
2 5
2 9
3 7
3 16
4 2
4 17
5 0
5 19
6 12
6 14
7 2
7 7
8 5
8 9
9 0
9 1
10 3
10 17
11 19
11 20
12 11
12 15
13 13
13 18
14 6
14 8
15 1
15 20
16 3
16 18
17 4
17 13
18 11
18 15
19 4
19 10
20 6
20 8

# solution 1008
# n=21 sym=rot2 status=verified source=flammenkamp_cache/n21_rot2
# code=:4E9ADH058F68GI1D9I013HJK2B7J24CE5CFK37AB6G
0 4
0 14
1 9
1 10
2 13
2 17
3 0
3 5
4 8
4 15
5 6
5 8
6 16
6 18
7 1
7 13
8 9
8 18
9 0
9 1
10 3
10 17
11 19
11 20
12 2
12 11
13 7
13 19
14 2
14 4
15 12
15 14
16 5
16 12
17 15
17 20
18 3
18 7
19 10
19 11
20 6
20 16

# solution 1009
# n=21 sym=rot2 status=verified source=flammenkamp_cache/n21_rot2
# code=:2C7FDG4A5J29EH1K369C0K8BEH0J36BI1FAG475D8I
0 2
0 12
1 7
1 15
2 13
2 16
3 4
3 10
4 5
4 19
5 2
5 9
6 14
6 17
7 1
7 20
8 3
8 6
9 9
9 12
10 0
10 20
11 8
11 11
12 14
12 17
13 0
13 19
14 3
14 6
15 11
15 18
16 1
16 15
17 10
17 16
18 4
18 7
19 5
19 13
20 8
20 18

# solution 1010
# n=21 sym=rot2 status=verified source=flammenkamp_cache/n21_rot2
# code=:6879DE4A23FJFJ243K9C0K8B0HGI1515HIAG67BDCE
0 6
0 8
1 7
1 9
2 13
2 14
3 4
3 10
4 2
4 3
5 15
5 19
6 15
6 19
7 2
7 4
8 3
8 20
9 9
9 12
10 0
10 20
11 8
11 11
12 0
12 17
13 16
13 18
14 1
14 5
15 1
15 5
16 17
16 18
17 10
17 16
18 6
18 7
19 11
19 13
20 12
20 14

# solution 1011
# n=21 sym=rot2 status=verified source=flammenkamp_cache/n21_rot2
# code=:BEEF47AC2708HI3J4F9J0K1B5G1H23CKDI8ADG5669
0 11
0 14
1 14
1 15
2 4
2 7
3 10
3 12
4 2
4 7
5 0
5 8
6 17
6 18
7 3
7 19
8 4
8 15
9 9
9 19
10 0
10 20
11 1
11 11
12 5
12 16
13 1
13 17
14 2
14 3
15 12
15 20
16 13
16 18
17 8
17 10
18 13
18 16
19 5
19 6
20 6
20 9

# solution 1012
# n=21 sym=rot2 status=verified source=flammenkamp_cache/n21_rot2
# code=:9EFG4J8A5D38EIIJ0D390KBH7K1226CH7FAC1G456B
0 9
0 14
1 15
1 16
2 4
2 19
3 8
3 10
4 5
4 13
5 3
5 8
6 14
6 18
7 18
7 19
8 0
8 13
9 3
9 9
10 0
10 20
11 11
11 17
12 7
12 20
13 1
13 2
14 2
14 6
15 12
15 17
16 7
16 15
17 10
17 12
18 1
18 16
19 4
19 5
20 6
20 11

# solution 1013
# n=21 sym=rot2 status=verified source=flammenkamp_cache/n21_rot2
# code=:7C343IAE8E9J5KGI5D190KBJ7F240F1B6C6A2HGH8D
0 7
0 12
1 3
1 4
2 3
2 18
3 10
3 14
4 8
4 14
5 9
5 19
6 5
6 20
7 16
7 18
8 5
8 13
9 1
9 9
10 0
10 20
11 11
11 19
12 7
12 15
13 2
13 4
14 0
14 15
15 1
15 11
16 6
16 12
17 6
17 10
18 2
18 17
19 16
19 17
20 8
20 13

# solution 1014
# n=21 sym=rot2 status=verified source=flammenkamp_cache/n21_rot2
# code=:6836DG9A18IJ2F0G5D9H0K3B7F4K5I12CJAB47EHCE
0 6
0 8
1 3
1 6
2 13
2 16
3 9
3 10
4 1
4 8
5 18
5 19
6 2
6 15
7 0
7 16
8 5
8 13
9 9
9 17
10 0
10 20
11 3
11 11
12 7
12 15
13 4
13 20
14 5
14 18
15 1
15 2
16 12
16 19
17 10
17 11
18 4
18 7
19 14
19 17
20 12
20 14

# solution 1015
# n=21 sym=rot2 status=verified source=flammenkamp_cache/n21_rot2
# code=:68363G9A78IJ2F0G5D190KBJ7F4K5I12CDAB4HEHCE
0 6
0 8
1 3
1 6
2 3
2 16
3 9
3 10
4 7
4 8
5 18
5 19
6 2
6 15
7 0
7 16
8 5
8 13
9 1
9 9
10 0
10 20
11 11
11 19
12 7
12 15
13 4
13 20
14 5
14 18
15 1
15 2
16 12
16 13
17 10
17 11
18 4
18 17
19 14
19 17
20 12
20 14

# solution 1016
# n=21 sym=rot2 status=verified source=flammenkamp_cache/n21_rot2
# code=:6BCI67AC5G7J15GH029H0K3BIK34FJ1D4F8ADE289E
0 6
0 11
1 12
1 18
2 6
2 7
3 10
3 12
4 5
4 16
5 7
5 19
6 1
6 5
7 16
7 17
8 0
8 2
9 9
9 17
10 0
10 20
11 3
11 11
12 18
12 20
13 3
13 4
14 15
14 19
15 1
15 13
16 4
16 15
17 8
17 10
18 13
18 14
19 2
19 8
20 9
20 14

# solution 1017
# n=21 sym=rot2 status=verified source=flammenkamp_cache/n21_rot2
# code=:CF2G378A1F19DE4I0E390KBH6K2G67BJ5JACDH4I58
0 12
0 15
1 2
1 16
2 3
2 7
3 8
3 10
4 1
4 15
5 1
5 9
6 13
6 14
7 4
7 18
8 0
8 14
9 3
9 9
10 0
10 20
11 11
11 17
12 6
12 20
13 2
13 16
14 6
14 7
15 11
15 19
16 5
16 19
17 10
17 12
18 13
18 17
19 4
19 18
20 5
20 8

# solution 1018
# n=21 sym=rot2 status=verified source=flammenkamp_cache/n21_rot2
# code=:AE8F57GJDG26029CJK393HBH018BIKEI4714DF5C6A
0 10
0 14
1 8
1 15
2 5
2 7
3 16
3 19
4 13
4 16
5 2
5 6
6 0
6 2
7 9
7 12
8 19
8 20
9 3
9 9
10 3
10 17
11 11
11 17
12 0
12 1
13 8
13 11
14 18
14 20
15 14
15 18
16 4
16 7
17 1
17 4
18 13
18 15
19 5
19 12
20 6
20 10

# solution 1019
# n=21 sym=rot2 status=verified source=flammenkamp_cache/n21_rot2
# code=:9A6E7H5G0825IK1D9J8G3H4C1B7J02FICK4F3D6EAB
0 9
0 10
1 6
1 14
2 7
2 17
3 5
3 16
4 0
4 8
5 2
5 5
6 18
6 20
7 1
7 13
8 9
8 19
9 8
9 16
10 3
10 17
11 4
11 12
12 1
12 11
13 7
13 19
14 0
14 2
15 15
15 18
16 12
16 20
17 4
17 15
18 3
18 13
19 6
19 14
20 10
20 11

# solution 1020
# n=21 sym=rot2 status=verified source=flammenkamp_cache/n21_rot2
# code=:AB583D686I12GKGJ097F3H5DBK1404IJ2ECE7HCF9A
0 10
0 11
1 5
1 8
2 3
2 13
3 6
3 8
4 6
4 18
5 1
5 2
6 16
6 20
7 16
7 19
8 0
8 9
9 7
9 15
10 3
10 17
11 5
11 13
12 11
12 20
13 1
13 4
14 0
14 4
15 18
15 19
16 2
16 14
17 12
17 14
18 7
18 17
19 12
19 15
20 9
20 10

# solution 1021
# n=21 sym=rot2 status=verified source=flammenkamp_cache/n21_rot2
# code=:AC6F3CEF241G29DK19073HDKBJ07BI4JGI568H5E8A
0 10
0 12
1 6
1 15
2 3
2 12
3 14
3 15
4 2
4 4
5 1
5 16
6 2
6 9
7 13
7 20
8 1
8 9
9 0
9 7
10 3
10 17
11 13
11 20
12 11
12 19
13 0
13 7
14 11
14 18
15 4
15 19
16 16
16 18
17 5
17 6
18 8
18 17
19 5
19 14
20 8
20 10

# solution 1022
# n=21 sym=rot2 status=verified source=flammenkamp_cache/n21_rot2
# code=:CH8BGJ6A2GEK127935DF0K57FHBDIJ064IAE149C38
0 12
0 17
1 8
1 11
2 16
2 19
3 6
3 10
4 2
4 16
5 14
5 20
6 1
6 2
7 7
7 9
8 3
8 5
9 13
9 15
10 0
10 20
11 5
11 7
12 15
12 17
13 11
13 13
14 18
14 19
15 0
15 6
16 4
16 18
17 10
17 14
18 1
18 4
19 9
19 12
20 3
20 8

# solution 1023
# n=21 sym=rot2 status=verified source=flammenkamp_cache/n21_rot2
# code=:388BFG6A2G6K1J7923DF0K57HIBD1J0E4IAE459CCH
0 3
0 8
1 8
1 11
2 15
2 16
3 6
3 10
4 2
4 16
5 6
5 20
6 1
6 19
7 7
7 9
8 2
8 3
9 13
9 15
10 0
10 20
11 5
11 7
12 17
12 18
13 11
13 13
14 1
14 19
15 0
15 14
16 4
16 18
17 10
17 14
18 4
18 5
19 9
19 12
20 12
20 17

# solution 1024
# n=21 sym=rot2 status=verified source=flammenkamp_cache/n21_rot2
# code=:AD8DFK1BFI6B1I4804363HEHGKCG2J9E259J057C7A
0 10
0 13
1 8
1 13
2 15
2 20
3 1
3 11
4 15
4 18
5 6
5 11
6 1
6 18
7 4
7 8
8 0
8 4
9 3
9 6
10 3
10 17
11 14
11 17
12 16
12 20
13 12
13 16
14 2
14 19
15 9
15 14
16 2
16 5
17 9
17 19
18 0
18 5
19 7
19 12
20 7
20 10

# solution 1025
# n=21 sym=rot2 status=verified source=flammenkamp_cache/n21_rot2
# code=:AJ792EBD25CG1K8G5K363HEH0F4C0J48FI796IBD1A
0 10
0 19
1 7
1 9
2 2
2 14
3 11
3 13
4 2
4 5
5 12
5 16
6 1
6 20
7 8
7 16
8 5
8 20
9 3
9 6
10 3
10 17
11 14
11 17
12 0
12 15
13 4
13 12
14 0
14 19
15 4
15 8
16 15
16 18
17 7
17 9
18 6
18 18
19 11
19 13
20 1
20 10

# solution 1026
# n=21 sym=rot2 status=verified source=flammenkamp_cache/n21_rot2
# code=:67BE4I5ACH24BH1J8D5K0K0F7C1J39GI38AF2G69DE
0 6
0 7
1 11
1 14
2 4
2 18
3 5
3 10
4 12
4 17
5 2
5 4
6 11
6 17
7 1
7 19
8 8
8 13
9 5
9 20
10 0
10 20
11 0
11 15
12 7
12 12
13 1
13 19
14 3
14 9
15 16
15 18
16 3
16 8
17 10
17 15
18 2
18 16
19 6
19 9
20 13
20 14

# solution 1027
# n=21 sym=rot2 status=verified source=flammenkamp_cache/n21_rot2
# code=:8A5ECF1BDI4G0I39DJ063HEK17BH2K4G279J586FAC
0 8
0 10
1 5
1 14
2 12
2 15
3 1
3 11
4 13
4 18
5 4
5 16
6 0
6 18
7 3
7 9
8 13
8 19
9 0
9 6
10 3
10 17
11 14
11 20
12 1
12 7
13 11
13 17
14 2
14 20
15 4
15 16
16 2
16 7
17 9
17 19
18 5
18 8
19 6
19 15
20 10
20 12

# solution 1028
# n=21 sym=rot2 status=verified source=flammenkamp_cache/n21_rot2
# code=:AD163F2CGIBG8K9F1D063HEK7J5B0C49248I5HEJ7A
0 10
0 13
1 1
1 6
2 3
2 15
3 2
3 12
4 16
4 18
5 11
5 16
6 8
6 20
7 9
7 15
8 1
8 13
9 0
9 6
10 3
10 17
11 14
11 20
12 7
12 19
13 5
13 11
14 0
14 12
15 4
15 9
16 2
16 4
17 8
17 18
18 5
18 17
19 14
19 19
20 7
20 10

# solution 1029
# n=21 sym=rot2 status=verified source=flammenkamp_cache/n21_rot2
# code=:AB5G7E281G390D8I06FJ3H15EK2C7KBH4JCI6D4F9A
0 10
0 11
1 5
1 16
2 7
2 14
3 2
3 8
4 1
4 16
5 3
5 9
6 0
6 13
7 8
7 18
8 0
8 6
9 15
9 19
10 3
10 17
11 1
11 5
12 14
12 20
13 2
13 12
14 7
14 20
15 11
15 17
16 4
16 19
17 12
17 18
18 6
18 13
19 4
19 15
20 9
20 10

# solution 1030
# n=21 sym=rot2 status=verified source=flammenkamp_cache/n21_rot2
# code=:AB5G7E8I1G390D8I06FJ3H15EK2C7KBH4J2C6D4F9A
0 10
0 11
1 5
1 16
2 7
2 14
3 8
3 18
4 1
4 16
5 3
5 9
6 0
6 13
7 8
7 18
8 0
8 6
9 15
9 19
10 3
10 17
11 1
11 5
12 14
12 20
13 2
13 12
14 7
14 20
15 11
15 17
16 4
16 19
17 2
17 12
18 6
18 13
19 4
19 15
20 9
20 10

# solution 1031
# n=21 sym=rot2 status=verified source=flammenkamp_cache/n21_rot2
# code=:9A277FEJ29EG8K380GFJ3H154KCH0C46BI165DDIAB
0 9
0 10
1 2
1 7
2 7
2 15
3 14
3 19
4 2
4 9
5 14
5 16
6 8
6 20
7 3
7 8
8 0
8 16
9 15
9 19
10 3
10 17
11 1
11 5
12 4
12 20
13 12
13 17
14 0
14 12
15 4
15 6
16 11
16 18
17 1
17 6
18 5
18 13
19 13
19 18
20 10
20 11

# solution 1032
# n=21 sym=rot2 status=verified source=flammenkamp_cache/n21_rot2
# code=:AC365KDJ2F6902DJ894G3H4GBC17IKBE5I170FEH8A
0 10
0 12
1 3
1 6
2 5
2 20
3 13
3 19
4 2
4 15
5 6
5 9
6 0
6 2
7 13
7 19
8 8
8 9
9 4
9 16
10 3
10 17
11 4
11 16
12 11
12 12
13 1
13 7
14 18
14 20
15 11
15 14
16 5
16 18
17 1
17 7
18 0
18 15
19 14
19 17
20 8
20 10

# solution 1033
# n=21 sym=rot2 status=verified source=flammenkamp_cache/n21_rot2
# code=:8A5D5K28DEGJ039I691G3H4JBE2BHK1467CI0F7FAC
0 8
0 10
1 5
1 13
2 5
2 20
3 2
3 8
4 13
4 14
5 16
5 19
6 0
6 3
7 9
7 18
8 6
8 9
9 1
9 16
10 3
10 17
11 4
11 19
12 11
12 14
13 2
13 11
14 17
14 20
15 1
15 4
16 6
16 7
17 12
17 18
18 0
18 15
19 7
19 15
20 10
20 12

# solution 1034
# n=21 sym=rot2 status=verified source=flammenkamp_cache/n21_rot2
# code=:ABFGDH0F68262CJK9DGJ3H147B018IEICE5K37459A
0 10
0 11
1 15
1 16
2 13
2 17
3 0
3 15
4 6
4 8
5 2
5 6
6 2
6 12
7 19
7 20
8 9
8 13
9 16
9 19
10 3
10 17
11 1
11 4
12 7
12 11
13 0
13 1
14 8
14 18
15 14
15 18
16 12
16 14
17 5
17 20
18 3
18 7
19 4
19 5
20 9
20 10

# solution 1035
# n=21 sym=rot2 status=verified source=flammenkamp_cache/n21_rot2
# code=:ACEG5BDJIJ56289D3K0G3H4K0H7BCIEF12179F468A
0 10
0 12
1 14
1 16
2 5
2 11
3 13
3 19
4 18
4 19
5 5
5 6
6 2
6 8
7 9
7 13
8 3
8 20
9 0
9 16
10 3
10 17
11 4
11 20
12 0
12 17
13 7
13 11
14 12
14 18
15 14
15 15
16 1
16 2
17 1
17 7
18 9
18 15
19 4
19 6
20 8
20 10

# solution 1036
# n=21 sym=rot2 status=verified source=flammenkamp_cache/n21_rot2
# code=:5ADE388B246J2F9DJK0G3H4K017B5I1EGI9CCH67AF
0 5
0 10
1 13
1 14
2 3
2 8
3 8
3 11
4 2
4 4
5 6
5 19
6 2
6 15
7 9
7 13
8 19
8 20
9 0
9 16
10 3
10 17
11 4
11 20
12 0
12 1
13 7
13 11
14 5
14 18
15 1
15 14
16 16
16 18
17 9
17 12
18 12
18 17
19 6
19 7
20 10
20 15

# solution 1037
# n=21 sym=rot2 status=verified source=flammenkamp_cache/n21_rot2
# code=:8A67FH782E4JIKBJ590G3H4KBF19021G6ICD35DEAC
0 8
0 10
1 6
1 7
2 15
2 17
3 7
3 8
4 2
4 14
5 4
5 19
6 18
6 20
7 11
7 19
8 5
8 9
9 0
9 16
10 3
10 17
11 4
11 20
12 11
12 15
13 1
13 9
14 0
14 2
15 1
15 16
16 6
16 18
17 12
17 13
18 3
18 5
19 13
19 14
20 10
20 12

# solution 1038
# n=21 sym=rot2 status=verified source=flammenkamp_cache/n21_rot2
# code=:8A7EFH782E4JIKBJ590G3H4KBF19021G6ICD356DAC
0 8
0 10
1 7
1 14
2 15
2 17
3 7
3 8
4 2
4 14
5 4
5 19
6 18
6 20
7 11
7 19
8 5
8 9
9 0
9 16
10 3
10 17
11 4
11 20
12 11
12 15
13 1
13 9
14 0
14 2
15 1
15 16
16 6
16 18
17 12
17 13
18 3
18 5
19 6
19 13
20 10
20 12

# solution 1039
# n=21 sym=rot2 status=verified source=flammenkamp_cache/n21_rot2
# code=:795HDJ5A292EEK488G3J0K1H4CCG066IBIAF173FBD
0 7
0 9
1 5
1 17
2 13
2 19
3 5
3 10
4 2
4 9
5 2
5 14
6 14
6 20
7 4
7 8
8 8
8 16
9 3
9 19
10 0
10 20
11 1
11 17
12 4
12 12
13 12
13 16
14 0
14 6
15 6
15 18
16 11
16 18
17 10
17 15
18 1
18 7
19 3
19 15
20 11
20 13

# solution 1040
# n=21 sym=rot2 status=verified source=flammenkamp_cache/n21_rot2
# code=:9E484EAI9HDF151I8HDK0K073C2JFJ573B2A6GCG6B
0 9
0 14
1 4
1 8
2 4
2 14
3 10
3 18
4 9
4 17
5 13
5 15
6 1
6 5
7 1
7 18
8 8
8 17
9 13
9 20
10 0
10 20
11 0
11 7
12 3
12 12
13 2
13 19
14 15
14 19
15 5
15 7
16 3
16 11
17 2
17 10
18 6
18 16
19 12
19 16
20 6
20 11

# solution 1041
# n=21 sym=rot2 status=verified source=flammenkamp_cache/n21_rot2
# code=:4A1C8FEJ374BEK9FDI023HIK275B069GDH165C8JAG
0 4
0 10
1 1
1 12
2 8
2 15
3 14
3 19
4 3
4 7
5 4
5 11
6 14
6 20
7 9
7 15
8 13
8 18
9 0
9 2
10 3
10 17
11 18
11 20
12 2
12 7
13 5
13 11
14 0
14 6
15 9
15 16
16 13
16 17
17 1
17 6
18 5
18 12
19 8
19 19
20 10
20 16

# solution 1042
# n=21 sym=rot2 status=verified source=flammenkamp_cache/n21_rot2
# code=:AC795GCE2H6GJK2D590J3H1KBF7I014E3I684FBD8A
0 10
0 12
1 7
1 9
2 5
2 16
3 12
3 14
4 2
4 17
5 6
5 16
6 19
6 20
7 2
7 13
8 5
8 9
9 0
9 19
10 3
10 17
11 1
11 20
12 11
12 15
13 7
13 18
14 0
14 1
15 4
15 14
16 3
16 18
17 6
17 8
18 4
18 15
19 11
19 13
20 8
20 10

# solution 1043
# n=21 sym=rot2 status=verified source=flammenkamp_cache/n21_rot2
# code=:9B57472AEH281E5J8KGH0K340C1F6JCI36AIDGDF9B
0 9
0 11
1 5
1 7
2 4
2 7
3 2
3 10
4 14
4 17
5 2
5 8
6 1
6 14
7 5
7 19
8 8
8 20
9 16
9 17
10 0
10 20
11 3
11 4
12 0
12 12
13 1
13 15
14 6
14 19
15 12
15 18
16 3
16 6
17 10
17 18
18 13
18 16
19 13
19 15
20 9
20 11

# solution 1044
# n=21 sym=rot2 status=verified source=flammenkamp_cache/n21_rot2
# code=:9B57472AEH281E158KGH0K340CFJ6JCI36AIDGDF9B
0 9
0 11
1 5
1 7
2 4
2 7
3 2
3 10
4 14
4 17
5 2
5 8
6 1
6 14
7 1
7 5
8 8
8 20
9 16
9 17
10 0
10 20
11 3
11 4
12 0
12 12
13 15
13 19
14 6
14 19
15 12
15 18
16 3
16 6
17 10
17 18
18 13
18 16
19 13
19 15
20 9
20 11

# solution 1045
# n=21 sym=rot2 status=verified source=flammenkamp_cache/n21_rot2
# code=:8A4D8H5BDI14169IEF0K3H0K562BEJGJ279F3C7GAC
0 8
0 10
1 4
1 13
2 8
2 17
3 5
3 11
4 13
4 18
5 1
5 4
6 1
6 6
7 9
7 18
8 14
8 15
9 0
9 20
10 3
10 17
11 0
11 20
12 5
12 6
13 2
13 11
14 14
14 19
15 16
15 19
16 2
16 7
17 9
17 15
18 3
18 12
19 7
19 16
20 10
20 12

# solution 1046
# n=21 sym=rot2 status=verified source=flammenkamp_cache/n21_rot2
# code=:8A4D8H5BDI4J169IEF0K3H0K562BEJ1G279F3C7GAC
0 8
0 10
1 4
1 13
2 8
2 17
3 5
3 11
4 13
4 18
5 4
5 19
6 1
6 6
7 9
7 18
8 14
8 15
9 0
9 20
10 3
10 17
11 0
11 20
12 5
12 6
13 2
13 11
14 14
14 19
15 1
15 16
16 2
16 7
17 9
17 15
18 3
18 12
19 7
19 16
20 10
20 12

# solution 1047
# n=21 sym=rot2 status=verified source=flammenkamp_cache/n21_rot2
# code=:683DDF5GBG016C239J0A2IAK1BHI8EJK494F577HCE
0 6
0 8
1 3
1 13
2 13
2 15
3 5
3 16
4 11
4 16
5 0
5 1
6 6
6 12
7 2
7 3
8 9
8 19
9 0
9 10
10 2
10 18
11 10
11 20
12 1
12 11
13 17
13 18
14 8
14 14
15 19
15 20
16 4
16 9
17 4
17 15
18 5
18 7
19 7
19 17
20 12
20 14

# solution 1048
# n=21 sym=rot2 status=verified source=flammenkamp_cache/n21_rot2
# code=:9D6E585JGI3BHK4J8DAK2I0A7C1G039H241FCF6E7B
0 9
0 13
1 6
1 14
2 5
2 8
3 5
3 19
4 16
4 18
5 3
5 11
6 17
6 20
7 4
7 19
8 8
8 13
9 10
9 20
10 2
10 18
11 0
11 10
12 7
12 12
13 1
13 16
14 0
14 3
15 9
15 17
16 2
16 4
17 1
17 15
18 12
18 15
19 6
19 14
20 7
20 11

# solution 1049
# n=21 sym=rot2 status=verified source=flammenkamp_cache/n21_rot2
# code=:BD6E5805GI3BHKGJ781A2IAJCD14039H24FKCF6E79
0 11
0 13
1 6
1 14
2 5
2 8
3 0
3 5
4 16
4 18
5 3
5 11
6 17
6 20
7 16
7 19
8 7
8 8
9 1
9 10
10 2
10 18
11 10
11 19
12 12
12 13
13 1
13 4
14 0
14 3
15 9
15 17
16 2
16 4
17 15
17 20
18 12
18 15
19 6
19 14
20 7
20 9

# solution 1050
# n=21 sym=rot2 status=verified source=flammenkamp_cache/n21_rot2
# code=:BG6E58597I03HKGJ781A2IAJCD1403HK2DBFCF6E49
0 11
0 16
1 6
1 14
2 5
2 8
3 5
3 9
4 7
4 18
5 0
5 3
6 17
6 20
7 16
7 19
8 7
8 8
9 1
9 10
10 2
10 18
11 10
11 19
12 12
12 13
13 1
13 4
14 0
14 3
15 17
15 20
16 2
16 13
17 11
17 15
18 12
18 15
19 6
19 14
20 4
20 9

# solution 1051
# n=21 sym=rot2 status=verified source=flammenkamp_cache/n21_rot2
# code=:697JCFEG04HJ890F37AI2I2ADH5KBC13GK46581DBE
0 6
0 9
1 7
1 19
2 12
2 15
3 14
3 16
4 0
4 4
5 17
5 19
6 8
6 9
7 0
7 15
8 3
8 7
9 10
9 18
10 2
10 18
11 2
11 10
12 13
12 17
13 5
13 20
14 11
14 12
15 1
15 3
16 16
16 20
17 4
17 6
18 5
18 8
19 1
19 13
20 11
20 14

# solution 1052
# n=21 sym=rot2 status=verified source=flammenkamp_cache/n21_rot2
# code=:8E5G5K9DGJ1389EK372A2IAIDH06BCHJ147B0F4F6C
0 8
0 14
1 5
1 16
2 5
2 20
3 9
3 13
4 16
4 19
5 1
5 3
6 8
6 9
7 14
7 20
8 3
8 7
9 2
9 10
10 2
10 18
11 10
11 18
12 13
12 17
13 0
13 6
14 11
14 12
15 17
15 19
16 1
16 4
17 7
17 11
18 0
18 15
19 4
19 15
20 6
20 12

# solution 1053
# n=21 sym=rot2 status=verified source=flammenkamp_cache/n21_rot2
# code=:8936CFGK6I0J9G377JAF2I5A1DDH4B1K2E0458EHBC
0 8
0 9
1 3
1 6
2 12
2 15
3 16
3 20
4 6
4 18
5 0
5 19
6 9
6 16
7 3
7 7
8 7
8 19
9 10
9 15
10 2
10 18
11 5
11 10
12 1
12 13
13 13
13 17
14 4
14 11
15 1
15 20
16 2
16 14
17 0
17 4
18 5
18 8
19 14
19 17
20 11
20 12

# solution 1054
# n=21 sym=rot2 status=verified source=flammenkamp_cache/n21_rot2
# code=:BG37CJ56GI0C093F7JAE2I6A1D5HBK8K24EF18DH49
0 11
0 16
1 3
1 7
2 12
2 19
3 5
3 6
4 16
4 18
5 0
5 12
6 0
6 9
7 3
7 15
8 7
8 19
9 10
9 14
10 2
10 18
11 6
11 10
12 1
12 13
13 5
13 17
14 11
14 20
15 8
15 20
16 2
16 4
17 14
17 15
18 1
18 8
19 13
19 17
20 4
20 9

# solution 1055
# n=21 sym=rot2 status=verified source=flammenkamp_cache/n21_rot2
# code=:EF379G08FJ1B68GH07AI2I2ADK34CE9J15CK4BDH56
0 14
0 15
1 3
1 7
2 9
2 16
3 0
3 8
4 15
4 19
5 1
5 11
6 6
6 8
7 16
7 17
8 0
8 7
9 10
9 18
10 2
10 18
11 2
11 10
12 13
12 20
13 3
13 4
14 12
14 14
15 9
15 19
16 1
16 5
17 12
17 20
18 4
18 11
19 13
19 17
20 5
20 6

# solution 1056
# n=21 sym=rot2 status=verified source=flammenkamp_cache/n21_rot2
# code=:6G8E5BHJ1I570B03DG8A2IAC47HK9KDF2J139F6C4E
0 6
0 16
1 8
1 14
2 5
2 11
3 17
3 19
4 1
4 18
5 5
5 7
6 0
6 11
7 0
7 3
8 13
8 16
9 8
9 10
10 2
10 18
11 10
11 12
12 4
12 7
13 17
13 20
14 9
14 20
15 13
15 15
16 2
16 19
17 1
17 3
18 9
18 15
19 6
19 12
20 4
20 14

# solution 1057
# n=21 sym=rot2 status=verified source=flammenkamp_cache/n21_rot2
# code=:8EDE5B35GI1K4B031D8A2IAC7JHK9G0J24FH9F676C
0 8
0 14
1 13
1 14
2 5
2 11
3 3
3 5
4 16
4 18
5 1
5 20
6 4
6 11
7 0
7 3
8 1
8 13
9 8
9 10
10 2
10 18
11 10
11 12
12 7
12 19
13 17
13 20
14 9
14 16
15 0
15 19
16 2
16 4
17 15
17 17
18 9
18 15
19 6
19 7
20 6
20 12

# solution 1058
# n=21 sym=rot2 status=verified source=flammenkamp_cache/n21_rot2
# code=:4E8E595B7IHK1413DK8A2IAC07HJGJ032D9FBF6C6G
0 4
0 14
1 8
1 14
2 5
2 9
3 5
3 11
4 7
4 18
5 17
5 20
6 1
6 4
7 1
7 3
8 13
8 20
9 8
9 10
10 2
10 18
11 10
11 12
12 0
12 7
13 17
13 19
14 16
14 19
15 0
15 3
16 2
16 13
17 9
17 15
18 11
18 15
19 6
19 12
20 6
20 16

# solution 1059
# n=21 sym=rot2 status=verified source=flammenkamp_cache/n21_rot2
# code=:2B6D4H0C5BFJ1C7H4EAK2I0A6G3D8J159F8K3G7E9I
0 2
0 11
1 6
1 13
2 4
2 17
3 0
3 12
4 5
4 11
5 15
5 19
6 1
6 12
7 7
7 17
8 4
8 14
9 10
9 20
10 2
10 18
11 0
11 10
12 6
12 16
13 3
13 13
14 8
14 19
15 1
15 5
16 9
16 15
17 8
17 20
18 3
18 16
19 7
19 14
20 9
20 18

# solution 1060
# n=21 sym=rot2 status=verified source=flammenkamp_cache/n21_rot2
# code=:2B6D4H0C5BFJ1C374EAK2I0A6GDH8J159F8K3G7E9I
0 2
0 11
1 6
1 13
2 4
2 17
3 0
3 12
4 5
4 11
5 15
5 19
6 1
6 12
7 3
7 7
8 4
8 14
9 10
9 20
10 2
10 18
11 0
11 10
12 6
12 16
13 13
13 17
14 8
14 19
15 1
15 5
16 9
16 15
17 8
17 20
18 3
18 16
19 7
19 14
20 9
20 18

# solution 1061
# n=21 sym=rot2 status=verified source=flammenkamp_cache/n21_rot2
# code=:3B4J8F784IBH1F6K067A2IADEK0E5J392GCD5C1G9H
0 3
0 11
1 4
1 19
2 8
2 15
3 7
3 8
4 4
4 18
5 11
5 17
6 1
6 15
7 6
7 20
8 0
8 6
9 7
9 10
10 2
10 18
11 10
11 13
12 14
12 20
13 0
13 14
14 5
14 19
15 3
15 9
16 2
16 16
17 12
17 13
18 5
18 12
19 1
19 16
20 9
20 17

# solution 1062
# n=21 sym=rot2 status=verified source=flammenkamp_cache/n21_rot2
# code=:7BGH89DF1K15386G6KAI2I2A0E4ECHFJ0J57BC349D
0 7
0 11
1 16
1 17
2 8
2 9
3 13
3 15
4 1
4 20
5 1
5 5
6 3
6 8
7 6
7 16
8 6
8 20
9 10
9 18
10 2
10 18
11 2
11 10
12 0
12 14
13 4
13 14
14 12
14 17
15 15
15 19
16 0
16 19
17 5
17 7
18 11
18 12
19 3
19 4
20 9
20 13

# solution 1063
# n=21 sym=rot2 status=verified source=flammenkamp_cache/n21_rot2
# code=:DF4D582K9JEH18394EAK2I0A6GBHCJ361B0ICF7G57
0 13
0 15
1 4
1 13
2 5
2 8
3 2
3 20
4 9
4 19
5 14
5 17
6 1
6 8
7 3
7 9
8 4
8 14
9 10
9 20
10 2
10 18
11 0
11 10
12 6
12 16
13 11
13 17
14 12
14 19
15 3
15 6
16 1
16 11
17 0
17 18
18 12
18 15
19 7
19 16
20 5
20 7

# solution 1064
# n=21 sym=rot2 status=verified source=flammenkamp_cache/n21_rot2
# code=:BC474EHJ195C5H020E7A2IAD6KIK3F8FBJ136GDG89
0 11
0 12
1 4
1 7
2 4
2 14
3 17
3 19
4 1
4 9
5 5
5 12
6 5
6 17
7 0
7 2
8 0
8 14
9 7
9 10
10 2
10 18
11 10
11 13
12 6
12 20
13 18
13 20
14 3
14 15
15 8
15 15
16 11
16 19
17 1
17 3
18 6
18 16
19 13
19 16
20 8
20 9

# solution 1065
# n=21 sym=rot2 status=verified source=flammenkamp_cache/n21_rot2
# code=:7BEG8935FJ0278HJ0E4A2IAG6K13CDIK15FHBC469D
0 7
0 11
1 14
1 16
2 8
2 9
3 3
3 5
4 15
4 19
5 0
5 2
6 7
6 8
7 17
7 19
8 0
8 14
9 4
9 10
10 2
10 18
11 10
11 16
12 6
12 20
13 1
13 3
14 12
14 13
15 18
15 20
16 1
16 5
17 15
17 17
18 11
18 12
19 4
19 6
20 9
20 13

# solution 1066
# n=21 sym=rot2 status=verified source=flammenkamp_cache/n21_rot2
# code=:BDFG783BIJFG1308EK6A2IAE06CKHJ45129HCD4579
0 11
0 13
1 15
1 16
2 7
2 8
3 3
3 11
4 18
4 19
5 15
5 16
6 1
6 3
7 0
7 8
8 14
8 20
9 6
9 10
10 2
10 18
11 10
11 14
12 0
12 6
13 12
13 20
14 17
14 19
15 4
15 5
16 1
16 2
17 9
17 17
18 12
18 13
19 4
19 5
20 7
20 9

# solution 1067
# n=21 sym=rot2 status=verified source=flammenkamp_cache/n21_rot2
# code=:8DDG5K9H46JK1C9E352A2IAIFH6B8J01EG3B0F477C
0 8
0 13
1 13
1 16
2 5
2 20
3 9
3 17
4 4
4 6
5 19
5 20
6 1
6 12
7 9
7 14
8 3
8 5
9 2
9 10
10 2
10 18
11 10
11 18
12 15
12 17
13 6
13 11
14 8
14 19
15 0
15 1
16 14
16 16
17 3
17 11
18 0
18 15
19 4
19 7
20 7
20 12

# solution 1068
# n=21 sym=rot2 status=verified source=flammenkamp_cache/n21_rot2
# code=:6GBF8B687I03GH7JFJ0A2IAK151D34HK2DCE9C594E
0 6
0 16
1 11
1 15
2 8
2 11
3 6
3 8
4 7
4 18
5 0
5 3
6 16
6 17
7 7
7 19
8 15
8 19
9 0
9 10
10 2
10 18
11 10
11 20
12 1
12 5
13 1
13 13
14 3
14 4
15 17
15 20
16 2
16 13
17 12
17 14
18 9
18 12
19 5
19 9
20 4
20 14

# solution 1069
# n=21 sym=rot2 status=verified source=flammenkamp_cache/n21_rot2
# code=:5C3G9G7CHJ69EK2K157A2IADFJ0I06BE138D4B4H8F
0 5
0 12
1 3
1 16
2 9
2 16
3 7
3 12
4 17
4 19
5 6
5 9
6 14
6 20
7 2
7 20
8 1
8 5
9 7
9 10
10 2
10 18
11 10
11 13
12 15
12 19
13 0
13 18
14 0
14 6
15 11
15 14
16 1
16 3
17 8
17 13
18 4
18 11
19 4
19 17
20 8
20 15

# solution 1070
# n=21 sym=rot2 status=verified source=flammenkamp_cache/n21_rot2
# code=:6I9E3G788J3BFKGK157A2IADFJ04059H1CCD4H6B2E
0 6
0 18
1 9
1 14
2 3
2 16
3 7
3 8
4 8
4 19
5 3
5 11
6 15
6 20
7 16
7 20
8 1
8 5
9 7
9 10
10 2
10 18
11 10
11 13
12 15
12 19
13 0
13 4
14 0
14 5
15 9
15 17
16 1
16 12
17 12
17 13
18 4
18 17
19 6
19 11
20 2
20 14

# solution 1071
# n=21 sym=rot2 status=verified source=flammenkamp_cache/n21_rot2
# code=:BGDH686823FGBJJK057A2IADFK011945HICECE3749
0 11
0 16
1 13
1 17
2 6
2 8
3 6
3 8
4 2
4 3
5 15
5 16
6 11
6 19
7 19
7 20
8 0
8 5
9 7
9 10
10 2
10 18
11 10
11 13
12 15
12 20
13 0
13 1
14 1
14 9
15 4
15 5
16 17
16 18
17 12
17 14
18 12
18 14
19 3
19 7
20 4
20 9

# solution 1072
# n=21 sym=rot2 status=verified source=flammenkamp_cache/n21_rot2
# code=:BG8E78BH2K35171G5K6A2IAE0F4JDJFH0I39CD6C49
0 11
0 16
1 8
1 14
2 7
2 8
3 11
3 17
4 2
4 20
5 3
5 5
6 1
6 7
7 1
7 16
8 5
8 20
9 6
9 10
10 2
10 18
11 10
11 14
12 0
12 15
13 4
13 19
14 13
14 19
15 15
15 17
16 0
16 18
17 3
17 9
18 12
18 13
19 6
19 12
20 4
20 9

# solution 1073
# n=21 sym=rot2 status=verified source=flammenkamp_cache/n21_rot2
# code=:1KBF8B6C67GHGH7J0F2A2IAI5K1D3434DE8E9C590J
0 1
0 20
1 11
1 15
2 8
2 11
3 6
3 12
4 6
4 7
5 16
5 17
6 16
6 17
7 7
7 19
8 0
8 15
9 2
9 10
10 2
10 18
11 10
11 18
12 5
12 20
13 1
13 13
14 3
14 4
15 3
15 4
16 13
16 14
17 8
17 14
18 9
18 12
19 5
19 9
20 0
20 19

# solution 1074
# n=21 sym=rot2 status=verified source=flammenkamp_cache/n21_rot2
# code=:9BDE450C6IHJ0137FG8A2IAC45DHJK132E8KFG679B
0 9
0 11
1 13
1 14
2 4
2 5
3 0
3 12
4 6
4 18
5 17
5 19
6 0
6 1
7 3
7 7
8 15
8 16
9 8
9 10
10 2
10 18
11 10
11 12
12 4
12 5
13 13
13 17
14 19
14 20
15 1
15 3
16 2
16 14
17 8
17 20
18 15
18 16
19 6
19 7
20 9
20 11

# solution 1075
# n=21 sym=rot2 status=verified source=flammenkamp_cache/n21_rot2
# code=:8B3EFG7836JKBG175KAI2I2A0FDJ4901EHCD456H9C
0 8
0 11
1 3
1 14
2 15
2 16
3 7
3 8
4 3
4 6
5 19
5 20
6 11
6 16
7 1
7 7
8 5
8 20
9 10
9 18
10 2
10 18
11 2
11 10
12 0
12 15
13 13
13 19
14 4
14 9
15 0
15 1
16 14
16 17
17 12
17 13
18 4
18 5
19 6
19 17
20 9
20 12

# solution 1076
# n=21 sym=rot2 status=verified source=flammenkamp_cache/n21_rot2
# code=:686FCF1J47BH9D0K34AI2I2AGH0K7B39DG1J585ECE
0 6
0 8
1 6
1 15
2 12
2 15
3 1
3 19
4 4
4 7
5 11
5 17
6 9
6 13
7 0
7 20
8 3
8 4
9 10
9 18
10 2
10 18
11 2
11 10
12 16
12 17
13 0
13 20
14 7
14 11
15 3
15 9
16 13
16 16
17 1
17 19
18 5
18 8
19 5
19 14
20 12
20 14

# solution 1077
# n=21 sym=rot2 status=verified source=flammenkamp_cache/n21_rot2
# code=:BC36570KBJ6G2C371GAF2I5A4JDH8I4E190KDFEH89
0 11
0 12
1 3
1 6
2 5
2 7
3 0
3 20
4 11
4 19
5 6
5 16
6 2
6 12
7 3
7 7
8 1
8 16
9 10
9 15
10 2
10 18
11 5
11 10
12 4
12 19
13 13
13 17
14 8
14 18
15 4
15 14
16 1
16 9
17 0
17 20
18 13
18 15
19 14
19 17
20 8
20 9

# solution 1078
# n=21 sym=rot2 status=verified source=flammenkamp_cache/n21_rot2
# code=:9D6ICFHJ67049CHJ04AF2I5AGK138BGKDE13582E7B
0 9
0 13
1 6
1 18
2 12
2 15
3 17
3 19
4 6
4 7
5 0
5 4
6 9
6 12
7 17
7 19
8 0
8 4
9 10
9 15
10 2
10 18
11 5
11 10
12 16
12 20
13 1
13 3
14 8
14 11
15 16
15 20
16 13
16 14
17 1
17 3
18 5
18 8
19 2
19 14
20 7
20 11

# solution 1079
# n=21 sym=rot2 status=verified source=flammenkamp_cache/n21_rot2
# code=:9B6C561FDI0C37HJ04AG2I4AGK13DH8K275JEF8E9B
0 9
0 11
1 6
1 12
2 5
2 6
3 1
3 15
4 13
4 18
5 0
5 12
6 3
6 7
7 17
7 19
8 0
8 4
9 10
9 16
10 2
10 18
11 4
11 10
12 16
12 20
13 1
13 3
14 13
14 17
15 8
15 20
16 2
16 7
17 5
17 19
18 14
18 15
19 8
19 14
20 9
20 11

# solution 1080
# n=21 sym=rot2 status=verified source=flammenkamp_cache/n21_rot2
# code=:BE28FJCE7BFH1437GK0A2IAK04DHGJ359D6815CI69
0 11
0 14
1 2
1 8
2 15
2 19
3 12
3 14
4 7
4 11
5 15
5 17
6 1
6 4
7 3
7 7
8 16
8 20
9 0
9 10
10 2
10 18
11 10
11 20
12 0
12 4
13 13
13 17
14 16
14 19
15 3
15 5
16 9
16 13
17 6
17 8
18 1
18 5
19 12
19 18
20 6
20 9

# solution 1081
# n=21 sym=rot2 status=verified source=flammenkamp_cache/n21_rot2
# code=:6CHJ9F574J069C2KGH7A2IAD340I8BEK1GDF5B138E
0 6
0 12
1 17
1 19
2 9
2 15
3 5
3 7
4 4
4 19
5 0
5 6
6 9
6 12
7 2
7 20
8 16
8 17
9 7
9 10
10 2
10 18
11 10
11 13
12 3
12 4
13 0
13 18
14 8
14 11
15 14
15 20
16 1
16 16
17 13
17 15
18 5
18 11
19 1
19 3
20 8
20 14

# solution 1082
# n=21 sym=rot2 status=verified source=flammenkamp_cache/n21_rot2
# code=:BE7E580JGI17BF03GH8A2IAC34HK59DJ241KCF6D69
0 11
0 14
1 7
1 14
2 5
2 8
3 0
3 19
4 16
4 18
5 1
5 7
6 11
6 15
7 0
7 3
8 16
8 17
9 8
9 10
10 2
10 18
11 10
11 12
12 3
12 4
13 17
13 20
14 5
14 9
15 13
15 19
16 2
16 4
17 1
17 20
18 12
18 15
19 6
19 13
20 6
20 9

# solution 1083
# n=21 sym=rot2 status=verified source=flammenkamp_cache/n21_rot2
# code=:6C6CBG0F5H392J7D1GAK2I0A4J7D1IBH3F5K498E8E
0 6
0 12
1 6
1 12
2 11
2 16
3 0
3 15
4 5
4 17
5 3
5 9
6 2
6 19
7 7
7 13
8 1
8 16
9 10
9 20
10 2
10 18
11 0
11 10
12 4
12 19
13 7
13 13
14 1
14 18
15 11
15 17
16 3
16 15
17 5
17 20
18 4
18 9
19 8
19 14
20 8
20 14

# solution 1084
# n=21 sym=rot2 status=verified source=flammenkamp_cache/n21_rot2
# code=:6BCECG5H7903IJ7F140A2IAKGJ5D12HKBD3F48689E
0 6
0 11
1 12
1 14
2 12
2 16
3 5
3 17
4 7
4 9
5 0
5 3
6 18
6 19
7 7
7 15
8 1
8 4
9 0
9 10
10 2
10 18
11 10
11 20
12 16
12 19
13 5
13 13
14 1
14 2
15 17
15 20
16 11
16 13
17 3
17 15
18 4
18 8
19 6
19 8
20 9
20 14

# solution 1085
# n=21 sym=rot2 status=verified source=flammenkamp_cache/n21_rot2
# code=:9B67EGHJ275CFJ03GK8A2IAC04HK158FDI1346DE9B
0 9
0 11
1 6
1 7
2 14
2 16
3 17
3 19
4 2
4 7
5 5
5 12
6 15
6 19
7 0
7 3
8 16
8 20
9 8
9 10
10 2
10 18
11 10
11 12
12 0
12 4
13 17
13 20
14 1
14 5
15 8
15 15
16 13
16 18
17 1
17 3
18 4
18 6
19 13
19 14
20 9
20 11

# solution 1086
# n=21 sym=rot2 status=verified source=flammenkamp_cache/n21_rot2
# code=:5B377E0CIJ9E3418GK5A2IAF04CJGH6B128K6DDH9F
0 5
0 11
1 3
1 7
2 7
2 14
3 0
3 12
4 18
4 19
5 9
5 14
6 3
6 4
7 1
7 8
8 16
8 20
9 5
9 10
10 2
10 18
11 10
11 15
12 0
12 4
13 12
13 19
14 16
14 17
15 6
15 11
16 1
16 2
17 8
17 20
18 6
18 13
19 13
19 17
20 9
20 15

# solution 1087
# n=21 sym=rot2 status=verified source=flammenkamp_cache/n21_rot2
# code=:BD6HCH2567FJ9C01GK4A2IAG04JK8B15DEFI383E79
0 11
0 13
1 6
1 17
2 12
2 17
3 2
3 5
4 6
4 7
5 15
5 19
6 9
6 12
7 0
7 1
8 16
8 20
9 4
9 10
10 2
10 18
11 10
11 16
12 0
12 4
13 19
13 20
14 8
14 11
15 1
15 5
16 13
16 14
17 15
17 18
18 3
18 8
19 3
19 14
20 7
20 9

# solution 1088
# n=21 sym=rot2 status=verified source=flammenkamp_cache/n21_rot2
# code=:9E5E78GJ9D358H01GK2A2IAI04JK3CFH7B14CD6F6B
0 9
0 14
1 5
1 14
2 7
2 8
3 16
3 19
4 9
4 13
5 3
5 5
6 8
6 17
7 0
7 1
8 16
8 20
9 2
9 10
10 2
10 18
11 10
11 18
12 0
12 4
13 19
13 20
14 3
14 12
15 15
15 17
16 7
16 11
17 1
17 4
18 12
18 13
19 6
19 15
20 6
20 11

# solution 1089
# n=21 sym=rot2 status=verified source=flammenkamp_cache/n21_rot2
# code=:692F8F689D3HGJ7J04AK2I0AGK1D143H7BCE5C5IBE
0 6
0 9
1 2
1 15
2 8
2 15
3 6
3 8
4 9
4 13
5 3
5 17
6 16
6 19
7 7
7 19
8 0
8 4
9 10
9 20
10 2
10 18
11 0
11 10
12 16
12 20
13 1
13 13
14 1
14 4
15 3
15 17
16 7
16 11
17 12
17 14
18 5
18 12
19 5
19 18
20 11
20 14

# solution 1090
# n=21 sym=rot2 status=verified source=flammenkamp_cache/n21_rot2
# code=:5937BF2606CGCG370JAJ2I1A1KDH4848EKEI59DHBF
0 5
0 9
1 3
1 7
2 11
2 15
3 2
3 6
4 0
4 6
5 12
5 16
6 12
6 16
7 3
7 7
8 0
8 19
9 10
9 19
10 2
10 18
11 1
11 10
12 1
12 20
13 13
13 17
14 4
14 8
15 4
15 8
16 14
16 20
17 14
17 18
18 5
18 9
19 13
19 17
20 11
20 15

# solution 1091
# n=21 sym=rot2 status=verified source=flammenkamp_cache/n21_rot2
# code=:4F7835BHEI8K4B171KAE2I6A0JDJ9G0C2639FHCD5G
0 4
0 15
1 7
1 8
2 3
2 5
3 11
3 17
4 14
4 18
5 8
5 20
6 4
6 11
7 1
7 7
8 1
8 20
9 10
9 14
10 2
10 18
11 6
11 10
12 0
12 19
13 13
13 19
14 9
14 16
15 0
15 12
16 2
16 6
17 3
17 9
18 15
18 17
19 12
19 13
20 5
20 16

# solution 1092
# n=21 sym=rot2 status=verified source=flammenkamp_cache/n21_rot2
# code=:694G7J5D9CFH2803JK6A2IAE01HKCI358B7F1D4GBE
0 6
0 9
1 4
1 16
2 7
2 19
3 5
3 13
4 9
4 12
5 15
5 17
6 2
6 8
7 0
7 3
8 19
8 20
9 6
9 10
10 2
10 18
11 10
11 14
12 0
12 1
13 17
13 20
14 12
14 18
15 3
15 5
16 8
16 11
17 7
17 15
18 1
18 13
19 4
19 16
20 11
20 14

# solution 1093
# n=21 sym=rot2 status=verified source=flammenkamp_cache/n21_rot2
# code=:9EFI784J4D3B8H0FJK6A2IAE015K3C9H7G1GCD256B
0 9
0 14
1 15
1 18
2 7
2 8
3 4
3 19
4 4
4 13
5 3
5 11
6 8
6 17
7 0
7 15
8 19
8 20
9 6
9 10
10 2
10 18
11 10
11 14
12 0
12 1
13 5
13 20
14 3
14 12
15 9
15 17
16 7
16 16
17 1
17 16
18 12
18 13
19 2
19 5
20 6
20 11

# solution 1094
# n=21 sym=rot2 status=verified source=flammenkamp_cache/n21_rot2
# code=:EF6F8B08HJ3B477G012A2IAIJK4DDG9H13CK9C5E56
0 14
0 15
1 6
1 15
2 8
2 11
3 0
3 8
4 17
4 19
5 3
5 11
6 4
6 7
7 7
7 16
8 0
8 1
9 2
9 10
10 2
10 18
11 10
11 18
12 19
12 20
13 4
13 13
14 13
14 16
15 9
15 17
16 1
16 3
17 12
17 20
18 9
18 12
19 5
19 14
20 5
20 6

# solution 1095
# n=21 sym=rot2 status=verified source=flammenkamp_cache/n21_rot2
# code=:BE3715CG6BFJCG370K2A2IAI0KDH48159E48FJDH69
0 11
0 14
1 3
1 7
2 1
2 5
3 12
3 16
4 6
4 11
5 15
5 19
6 12
6 16
7 3
7 7
8 0
8 20
9 2
9 10
10 2
10 18
11 10
11 18
12 0
12 20
13 13
13 17
14 4
14 8
15 1
15 5
16 9
16 14
17 4
17 8
18 15
18 19
19 13
19 17
20 6
20 9

# solution 1096
# n=21 sym=rot2 status=verified source=flammenkamp_cache/n21_rot2
# code=:BF488F6D09DJJK3G6A232IHIAE4H0117BK7E5CCG59
0 11
0 15
1 4
1 8
2 8
2 15
3 6
3 13
4 0
4 9
5 13
5 19
6 19
6 20
7 3
7 16
8 6
8 10
9 2
9 3
10 2
10 18
11 17
11 18
12 10
12 14
13 4
13 17
14 0
14 1
15 1
15 7
16 11
16 20
17 7
17 14
18 5
18 12
19 12
19 16
20 5
20 9

# solution 1097
# n=21 sym=rot2 status=verified source=flammenkamp_cache/n21_rot2
# code=:5BCE453DHJ9JDE48AK0I2I2K0ACG671B137HFG689F
0 5
0 11
1 12
1 14
2 4
2 5
3 3
3 13
4 17
4 19
5 9
5 19
6 13
6 14
7 4
7 8
8 10
8 20
9 0
9 18
10 2
10 18
11 2
11 20
12 0
12 10
13 12
13 16
14 6
14 7
15 1
15 11
16 1
16 3
17 7
17 17
18 15
18 16
19 6
19 8
20 9
20 15

# solution 1098
# n=21 sym=rot2 status=verified source=flammenkamp_cache/n21_rot2
# code=:38BG186DGH06BFJK2A572IDFAI0159EK347ECJ49CH
0 3
0 8
1 11
1 16
2 1
2 8
3 6
3 13
4 16
4 17
5 0
5 6
6 11
6 15
7 19
7 20
8 2
8 10
9 5
9 7
10 2
10 18
11 13
11 15
12 10
12 18
13 0
13 1
14 5
14 9
15 14
15 20
16 3
16 4
17 7
17 14
18 12
18 19
19 4
19 9
20 12
20 17

# solution 1099
# n=21 sym=rot2 status=verified source=flammenkamp_cache/n21_rot2
# code=:8GGJ8BEJ3B063F7K2A572IDFAI0D5HEK9H169C144C
0 8
0 16
1 16
1 19
2 8
2 11
3 14
3 19
4 3
4 11
5 0
5 6
6 3
6 15
7 7
7 20
8 2
8 10
9 5
9 7
10 2
10 18
11 13
11 15
12 10
12 18
13 0
13 13
14 5
14 17
15 14
15 20
16 9
16 17
17 1
17 6
18 9
18 12
19 1
19 4
20 4
20 12

# solution 1100
# n=21 sym=rot2 status=verified source=flammenkamp_cache/n21_rot2
# code=:49CD890EDH2614HK1A5F2I5FAJ03GJEI376KBC78BG
0 4
0 9
1 12
1 13
2 8
2 9
3 0
3 14
4 13
4 17
5 2
5 6
6 1
6 4
7 17
7 20
8 1
8 10
9 5
9 15
10 2
10 18
11 5
11 15
12 10
12 19
13 0
13 3
14 16
14 19
15 14
15 18
16 3
16 7
17 6
17 20
18 11
18 12
19 7
19 8
20 11
20 16

# solution 1101
# n=21 sym=rot2 status=verified source=flammenkamp_cache/n21_rot2
# code=:8BBG683FGJ0637IK1A7F2I5DAJ02DHEK145HCE499C
0 8
0 11
1 11
1 16
2 6
2 8
3 3
3 15
4 16
4 19
5 0
5 6
6 3
6 7
7 18
7 20
8 1
8 10
9 7
9 15
10 2
10 18
11 5
11 13
12 10
12 19
13 0
13 2
14 13
14 17
15 14
15 20
16 1
16 4
17 5
17 17
18 12
18 14
19 4
19 9
20 9
20 12

# solution 1102
# n=21 sym=rot2 status=verified source=flammenkamp_cache/n21_rot2
# code=:9DCG6C2F1J563D9HAKGK2I040A3B7HEF1J5I8E487B
0 9
0 13
1 12
1 16
2 6
2 12
3 2
3 15
4 1
4 19
5 5
5 6
6 3
6 13
7 9
7 17
8 10
8 20
9 16
9 20
10 2
10 18
11 0
11 4
12 0
12 10
13 3
13 11
14 7
14 17
15 14
15 15
16 1
16 19
17 5
17 18
18 8
18 14
19 4
19 8
20 7
20 11

# solution 1103
# n=21 sym=rot2 status=verified source=flammenkamp_cache/n21_rot2
# code=:099D8EDH8H461F1IAFGK2I045A2J5JEG3C376C7BBK
0 0
0 9
1 9
1 13
2 8
2 14
3 13
3 17
4 8
4 17
5 4
5 6
6 1
6 15
7 1
7 18
8 10
8 15
9 16
9 20
10 2
10 18
11 0
11 4
12 5
12 10
13 2
13 19
14 5
14 19
15 14
15 16
16 3
16 12
17 3
17 7
18 6
18 12
19 7
19 11
20 11
20 20

# solution 1104
# n=21 sym=rot2 status=verified source=flammenkamp_cache/n21_rot2
# code=:8FEK1G78GJ6BBF03AI372IDH2AHK599E14CD4J065C
0 8
0 15
1 14
1 20
2 1
2 16
3 7
3 8
4 16
4 19
5 6
5 11
6 11
6 15
7 0
7 3
8 10
8 18
9 3
9 7
10 2
10 18
11 13
11 17
12 2
12 10
13 17
13 20
14 5
14 9
15 9
15 14
16 1
16 4
17 12
17 13
18 4
18 19
19 0
19 6
20 5
20 12

# solution 1105
# n=21 sym=rot2 status=verified source=flammenkamp_cache/n21_rot2
# code=:56CDBH4C146I0D9HAFJK2I015A3B7K2EGJ8G3978EF
0 5
0 6
1 12
1 13
2 11
2 17
3 4
3 12
4 1
4 4
5 6
5 18
6 0
6 13
7 9
7 17
8 10
8 15
9 19
9 20
10 2
10 18
11 0
11 1
12 5
12 10
13 3
13 11
14 7
14 20
15 2
15 14
16 16
16 19
17 8
17 16
18 3
18 9
19 7
19 8
20 14
20 15

# solution 1106
# n=21 sym=rot2 status=verified source=flammenkamp_cache/n21_rot2
# code=:DH4B7H6C4JEJ5C9K2A5K2I0FAI0B8F161G8E3D9G37
0 13
0 17
1 4
1 11
2 7
2 17
3 6
3 12
4 4
4 19
5 14
5 19
6 5
6 12
7 9
7 20
8 2
8 10
9 5
9 20
10 2
10 18
11 0
11 15
12 10
12 18
13 0
13 11
14 8
14 15
15 1
15 6
16 1
16 16
17 8
17 14
18 3
18 13
19 9
19 16
20 3
20 7

# solution 1107
# n=21 sym=rot2 status=verified source=flammenkamp_cache/n21_rot2
# code=:48BDBG163HEF0J27AF8K2I0C5ADI1K563HEJ4979CG
0 4
0 8
1 11
1 13
2 11
2 16
3 1
3 6
4 3
4 17
5 14
5 15
6 0
6 19
7 2
7 7
8 10
8 15
9 8
9 20
10 2
10 18
11 0
11 12
12 5
12 10
13 13
13 18
14 1
14 20
15 5
15 6
16 3
16 17
17 14
17 19
18 4
18 9
19 7
19 9
20 12
20 16

# solution 1108
# n=21 sym=rot2 status=verified source=flammenkamp_cache/n21_rot2
# code=:3F7D18BEGH16BG258A0K2I0KACFI49EJ3469CJ7D5H
0 3
0 15
1 7
1 13
2 1
2 8
3 11
3 14
4 16
4 17
5 1
5 6
6 11
6 16
7 2
7 5
8 8
8 10
9 0
9 20
10 2
10 18
11 0
11 20
12 10
12 12
13 15
13 18
14 4
14 9
15 14
15 19
16 3
16 4
17 6
17 9
18 12
18 19
19 7
19 13
20 5
20 17

# solution 1109
# n=21 sym=rot2 status=verified source=flammenkamp_cache/n21_rot2
# code=:3B47CE17CG5E5H029A0J2I1KABIK3F6F48DJ68DG9H
0 3
0 11
1 4
1 7
2 12
2 14
3 1
3 7
4 12
4 16
5 5
5 14
6 5
6 17
7 0
7 2
8 9
8 10
9 0
9 19
10 2
10 18
11 1
11 20
12 10
12 11
13 18
13 20
14 3
14 15
15 6
15 15
16 4
16 8
17 13
17 19
18 6
18 8
19 13
19 16
20 9
20 17

# solution 1110
# n=21 sym=rot2 status=verified source=flammenkamp_cache/n21_rot2
# code=:BC37EG7834EKFJ029A152IFJABIK1506GHCD46DH89
0 11
0 12
1 3
1 7
2 14
2 16
3 7
3 8
4 3
4 4
5 14
5 20
6 15
6 19
7 0
7 2
8 9
8 10
9 1
9 5
10 2
10 18
11 15
11 19
12 10
12 11
13 18
13 20
14 1
14 5
15 0
15 6
16 16
16 17
17 12
17 13
18 4
18 6
19 13
19 17
20 8
20 9

# solution 1111
# n=21 sym=rot2 status=verified source=flammenkamp_cache/n21_rot2
# code=:9D4C46CDHJ0615HIAK592IBF0A23FJEK1378EG8G7B
0 9
0 13
1 4
1 12
2 4
2 6
3 12
3 13
4 17
4 19
5 0
5 6
6 1
6 5
7 17
7 18
8 10
8 20
9 5
9 9
10 2
10 18
11 11
11 15
12 0
12 10
13 2
13 3
14 15
14 19
15 14
15 20
16 1
16 3
17 7
17 8
18 14
18 16
19 8
19 16
20 7
20 11

# solution 1112
# n=21 sym=rot2 status=verified source=flammenkamp_cache/n21_rot2
# code=:8JDEGH575B6B03GJ8AIK2I02AC14HK9E9FDF34671C
0 8
0 19
1 13
1 14
2 16
2 17
3 5
3 7
4 5
4 11
5 6
5 11
6 0
6 3
7 16
7 19
8 8
8 10
9 18
9 20
10 2
10 18
11 0
11 2
12 10
12 12
13 1
13 4
14 17
14 20
15 9
15 14
16 9
16 15
17 13
17 15
18 3
18 4
19 6
19 7
20 1
20 12

# solution 1113
# n=21 sym=rot2 status=verified source=flammenkamp_cache/n21_rot2
# code=:CE3G89BG17EK7J23AF0F2I5K5AHI1D06DJ49BC4H68
0 12
0 14
1 3
1 16
2 8
2 9
3 11
3 16
4 1
4 7
5 14
5 20
6 7
6 19
7 2
7 3
8 10
8 15
9 0
9 15
10 2
10 18
11 5
11 20
12 5
12 10
13 17
13 18
14 1
14 13
15 0
15 6
16 13
16 19
17 4
17 9
18 11
18 12
19 4
19 17
20 6
20 8

# solution 1114
# n=21 sym=rot2 status=verified source=flammenkamp_cache/n21_rot2
# code=:5B57CEEI3C341JDGAK092IBK0A471JGH8H2668DF9F
0 5
0 11
1 5
1 7
2 12
2 14
3 14
3 18
4 3
4 12
5 3
5 4
6 1
6 19
7 13
7 16
8 10
8 20
9 0
9 9
10 2
10 18
11 11
11 20
12 0
12 10
13 4
13 7
14 1
14 19
15 16
15 17
16 8
16 17
17 2
17 6
18 6
18 8
19 13
19 15
20 9
20 15

# solution 1115
# n=21 sym=rot2 status=verified source=flammenkamp_cache/n21_rot2
# code=:9B4GEH6J0C7FFJ037A282ICIADHK155D8K1E364G9B
0 9
0 11
1 4
1 16
2 14
2 17
3 6
3 19
4 0
4 12
5 7
5 15
6 15
6 19
7 0
7 3
8 7
8 10
9 2
9 8
10 2
10 18
11 12
11 18
12 10
12 13
13 17
13 20
14 1
14 5
15 5
15 13
16 8
16 20
17 1
17 14
18 3
18 6
19 4
19 16
20 9
20 11

# solution 1116
# n=21 sym=rot2 status=verified source=flammenkamp_cache/n21_rot2
# code=:57EG9C7E1314039F8AIK2I02AC5BHKGJHJ6D8B46DF
0 5
0 7
1 14
1 16
2 9
2 12
3 7
3 14
4 1
4 3
5 1
5 4
6 0
6 3
7 9
7 15
8 8
8 10
9 18
9 20
10 2
10 18
11 0
11 2
12 10
12 12
13 5
13 11
14 17
14 20
15 16
15 19
16 17
16 19
17 6
17 13
18 8
18 11
19 4
19 6
20 13
20 15

# solution 1117
# n=21 sym=rot2 status=verified source=flammenkamp_cache/n21_rot2
# code=:9F3E7C4E7C1205HJAK492IBG0A13FKIJ8D6G8D6H5B
0 9
0 15
1 3
1 14
2 7
2 12
3 4
3 14
4 7
4 12
5 1
5 2
6 0
6 5
7 17
7 19
8 10
8 20
9 4
9 9
10 2
10 18
11 11
11 16
12 0
12 10
13 1
13 3
14 15
14 20
15 18
15 19
16 8
16 13
17 6
17 16
18 8
18 13
19 6
19 17
20 5
20 11

# solution 1118
# n=21 sym=rot2 status=verified source=flammenkamp_cache/n21_rot2
# code=:8BEH5B6G4D0J8D02AJ3F2I5H1AIK7C1K7G4E9F369C
0 8
0 11
1 14
1 17
2 5
2 11
3 6
3 16
4 4
4 13
5 0
5 19
6 8
6 13
7 0
7 2
8 10
8 19
9 3
9 15
10 2
10 18
11 5
11 17
12 1
12 10
13 18
13 20
14 7
14 12
15 1
15 20
16 7
16 16
17 4
17 14
18 9
18 15
19 3
19 6
20 9
20 12

# solution 1119
# n=21 sym=rot2 status=verified source=flammenkamp_cache/n21_rot2
# code=:4G7E8I165B08FH079AHJ2I13ABDK35CK9FEJ2C6D4G
0 4
0 16
1 7
1 14
2 8
2 18
3 1
3 6
4 5
4 11
5 0
5 8
6 15
6 17
7 0
7 7
8 9
8 10
9 17
9 19
10 2
10 18
11 1
11 3
12 10
12 11
13 13
13 20
14 3
14 5
15 12
15 20
16 9
16 15
17 14
17 19
18 2
18 12
19 6
19 13
20 4
20 16

# solution 1120
# n=21 sym=rot2 status=verified source=flammenkamp_cache/n21_rot2
# code=:BE4878EK19FH0F37AGIJ2I124ADH5K35BJ06CDCG69
0 11
0 14
1 4
1 8
2 7
2 8
3 14
3 20
4 1
4 9
5 15
5 17
6 0
6 15
7 3
7 7
8 10
8 16
9 18
9 19
10 2
10 18
11 1
11 2
12 4
12 10
13 13
13 17
14 5
14 20
15 3
15 5
16 11
16 19
17 0
17 6
18 12
18 13
19 12
19 16
20 6
20 9

# solution 1121
# n=21 sym=rot2 status=verified source=flammenkamp_cache/n21_rot2
# code=:8BDJ4E6815IKDH034A9F2I5BAGHK3702FJCE6G179C
0 8
0 11
1 13
1 19
2 4
2 14
3 6
3 8
4 1
4 5
5 18
5 20
6 13
6 17
7 0
7 3
8 4
8 10
9 9
9 15
10 2
10 18
11 5
11 11
12 10
12 16
13 17
13 20
14 3
14 7
15 0
15 2
16 15
16 19
17 12
17 14
18 6
18 16
19 1
19 7
20 9
20 12

# solution 1122
# n=21 sym=rot2 status=verified source=flammenkamp_cache/n21_rot2
# code=:8BDJ4E68150IDH034A9F2I5BAGHK372KFJCE6G179C
0 8
0 11
1 13
1 19
2 4
2 14
3 6
3 8
4 1
4 5
5 0
5 18
6 13
6 17
7 0
7 3
8 4
8 10
9 9
9 15
10 2
10 18
11 5
11 11
12 10
12 16
13 17
13 20
14 3
14 7
15 2
15 20
16 15
16 19
17 12
17 14
18 6
18 16
19 1
19 7
20 9
20 12

# solution 1123
# n=21 sym=rot2 status=verified source=flammenkamp_cache/n21_rot2
# code=:8F4C6FEHBH2B017JAK472IDG0A1DJK9I39365E8G5C
0 8
0 15
1 4
1 12
2 6
2 15
3 14
3 17
4 11
4 17
5 2
5 11
6 0
6 1
7 7
7 19
8 10
8 20
9 4
9 7
10 2
10 18
11 13
11 16
12 0
12 10
13 1
13 13
14 19
14 20
15 9
15 18
16 3
16 9
17 3
17 6
18 5
18 14
19 8
19 16
20 5
20 12

# solution 1124
# n=21 sym=rot2 status=verified source=flammenkamp_cache/n21_rot2
# code=:8B4D68163HIJBF074A0F2I5KAGDK59123HEJCE7G9C
0 8
0 11
1 4
1 13
2 6
2 8
3 1
3 6
4 3
4 17
5 18
5 19
6 11
6 15
7 0
7 7
8 4
8 10
9 0
9 15
10 2
10 18
11 5
11 20
12 10
12 16
13 13
13 20
14 5
14 9
15 1
15 2
16 3
16 17
17 14
17 19
18 12
18 14
19 7
19 16
20 9
20 12

# solution 1125
# n=21 sym=rot2 status=verified source=flammenkamp_cache/n21_rot2
# code=:CJ6779EF34894JHK2A5K2I0FAI031GBCGH56BDDE18
0 12
0 19
1 6
1 7
2 7
2 9
3 14
3 15
4 3
4 4
5 8
5 9
6 4
6 19
7 17
7 20
8 2
8 10
9 5
9 20
10 2
10 18
11 0
11 15
12 10
12 18
13 0
13 3
14 1
14 16
15 11
15 12
16 16
16 17
17 5
17 6
18 11
18 13
19 13
19 14
20 1
20 8

# solution 1126
# n=21 sym=rot2 status=verified source=flammenkamp_cache/n21_rot2
# code=:452ECH69CD015KDH1A9G2I4BAJ370FJK78BE386IFG
0 4
0 5
1 2
1 14
2 12
2 17
3 6
3 9
4 12
4 13
5 0
5 1
6 5
6 20
7 13
7 17
8 1
8 10
9 9
9 16
10 2
10 18
11 4
11 11
12 10
12 19
13 3
13 7
14 0
14 15
15 19
15 20
16 7
16 8
17 11
17 14
18 3
18 8
19 6
19 18
20 15
20 16

# solution 1127
# n=21 sym=rot2 status=verified source=flammenkamp_cache/n21_rot2
# code=:BI468FBE38FJ0J377A042IGKADDH1K15CH695CEG29
0 11
0 18
1 4
1 6
2 8
2 15
3 11
3 14
4 3
4 8
5 15
5 19
6 0
6 19
7 3
7 7
8 7
8 10
9 0
9 4
10 2
10 18
11 16
11 20
12 10
12 13
13 13
13 17
14 1
14 20
15 1
15 5
16 12
16 17
17 6
17 9
18 5
18 12
19 14
19 16
20 2
20 9

# solution 1128
# n=21 sym=rot2 status=verified source=flammenkamp_cache/n21_rot2
# code=:BC46FG6B23CK7J7HAJ0F2I5K1A3D1D08HI9E45EG89
0 11
0 12
1 4
1 6
2 15
2 16
3 6
3 11
4 2
4 3
5 12
5 20
6 7
6 19
7 7
7 17
8 10
8 19
9 0
9 15
10 2
10 18
11 5
11 20
12 1
12 10
13 3
13 13
14 1
14 13
15 0
15 8
16 17
16 18
17 9
17 14
18 4
18 5
19 14
19 16
20 8
20 9

# solution 1129
# n=21 sym=rot2 status=verified source=flammenkamp_cache/n21_rot2
# code=:59EG198E01480D3FAI372IDH2A5H7KCGJK6CBJ46BF
0 5
0 9
1 14
1 16
2 1
2 9
3 8
3 14
4 0
4 1
5 4
5 8
6 0
6 13
7 3
7 15
8 10
8 18
9 3
9 7
10 2
10 18
11 13
11 17
12 2
12 10
13 5
13 17
14 7
14 20
15 12
15 16
16 19
16 20
17 6
17 12
18 11
18 19
19 4
19 6
20 11
20 15

# solution 1130
# n=21 sym=rot2 status=verified source=flammenkamp_cache/n21_rot2
# code=:586DDH6G3B1BGK158A0I2I2KACFJ049J9H4E377ECF
0 5
0 8
1 6
1 13
2 13
2 17
3 6
3 16
4 3
4 11
5 1
5 11
6 16
6 20
7 1
7 5
8 8
8 10
9 0
9 18
10 2
10 18
11 2
11 20
12 10
12 12
13 15
13 19
14 0
14 4
15 9
15 19
16 9
16 17
17 4
17 14
18 3
18 7
19 7
19 14
20 12
20 15

# solution 1131
# n=21 sym=rot2 status=verified source=flammenkamp_cache/n21_rot2
# code=:586D3D6G3B1BGK158A0I2I2KACFJ049J9H4E7H7ECF
0 5
0 8
1 6
1 13
2 3
2 13
3 6
3 16
4 3
4 11
5 1
5 11
6 16
6 20
7 1
7 5
8 8
8 10
9 0
9 18
10 2
10 18
11 2
11 20
12 10
12 12
13 15
13 19
14 0
14 4
15 9
15 19
16 9
16 17
17 4
17 14
18 7
18 17
19 7
19 14
20 12
20 15

# solution 1132
# n=21 sym=rot2 status=verified source=flammenkamp_cache/n21_rot2
# code=:5DEG598E1349CK3IAK172IDJ0A2H08BGHJ6CBF467F
0 5
0 13
1 14
1 16
2 5
2 9
3 8
3 14
4 1
4 3
5 4
5 9
6 12
6 20
7 3
7 18
8 10
8 20
9 1
9 7
10 2
10 18
11 13
11 19
12 0
12 10
13 2
13 17
14 0
14 8
15 11
15 16
16 17
16 19
17 6
17 12
18 11
18 15
19 4
19 6
20 7
20 15

# solution 1133
# n=21 sym=rot2 status=verified source=flammenkamp_cache/n21_rot2
# code=:BE7847EI19FH0F03AG8J2I1C4AHK5K35BJ26DGCD69
0 11
0 14
1 7
1 8
2 4
2 7
3 14
3 18
4 1
4 9
5 15
5 17
6 0
6 15
7 0
7 3
8 10
8 16
9 8
9 19
10 2
10 18
11 1
11 12
12 4
12 10
13 17
13 20
14 5
14 20
15 3
15 5
16 11
16 19
17 2
17 6
18 13
18 16
19 12
19 13
20 6
20 9

# solution 1134
# n=21 sym=rot2 status=verified source=flammenkamp_cache/n21_rot2
# code=:EJ5C69CK1BFH0327AG472IDG4ADIHK359J08BE8F16
0 14
0 19
1 5
1 12
2 6
2 9
3 12
3 20
4 1
4 11
5 15
5 17
6 0
6 3
7 2
7 7
8 10
8 16
9 4
9 7
10 2
10 18
11 13
11 16
12 4
12 10
13 13
13 18
14 17
14 20
15 3
15 5
16 9
16 19
17 0
17 8
18 11
18 14
19 8
19 15
20 1
20 6

# solution 1135
# n=21 sym=rot2 status=verified source=flammenkamp_cache/n21_rot2
# code=:6G89EG895J03FJ377AIK2I02ADDH15HK1FBC46BC4E
0 6
0 16
1 8
1 9
2 14
2 16
3 8
3 9
4 5
4 19
5 0
5 3
6 15
6 19
7 3
7 7
8 7
8 10
9 18
9 20
10 2
10 18
11 0
11 2
12 10
12 13
13 13
13 17
14 1
14 5
15 17
15 20
16 1
16 15
17 11
17 12
18 4
18 6
19 11
19 12
20 4
20 14

# solution 1136
# n=21 sym=rot2 status=verified source=flammenkamp_cache/n21_rot2
# code=:276E8B0HBJGJCF37AG5K2I0F4ADH5814193K9C6EDI
0 2
0 7
1 6
1 14
2 8
2 11
3 0
3 17
4 11
4 19
5 16
5 19
6 12
6 15
7 3
7 7
8 10
8 16
9 5
9 20
10 2
10 18
11 0
11 15
12 4
12 10
13 13
13 17
14 5
14 8
15 1
15 4
16 1
16 9
17 3
17 20
18 9
18 12
19 6
19 14
20 13
20 18

# solution 1137
# n=21 sym=rot2 status=verified source=flammenkamp_cache/n21_rot2
# code=:796E9H17144FCFHI0A8K2I0CAK23585GGJDJ3B6EBD
0 7
0 9
1 6
1 14
2 9
2 17
3 1
3 7
4 1
4 4
5 4
5 15
6 12
6 15
7 17
7 18
8 0
8 10
9 8
9 20
10 2
10 18
11 0
11 12
12 10
12 20
13 2
13 3
14 5
14 8
15 5
15 16
16 16
16 19
17 13
17 19
18 3
18 11
19 6
19 14
20 11
20 13

# solution 1138
# n=21 sym=rot2 status=verified source=flammenkamp_cache/n21_rot2
# code=:8CDFFG369B03GJAE2J072IDK1I6A14HK9BEH45578C
0 8
0 12
1 13
1 15
2 15
2 16
3 3
3 6
4 9
4 11
5 0
5 3
6 16
6 19
7 10
7 14
8 2
8 19
9 0
9 7
10 2
10 18
11 13
11 20
12 1
12 18
13 6
13 10
14 1
14 4
15 17
15 20
16 9
16 11
17 14
17 17
18 4
18 5
19 5
19 7
20 8
20 12

# solution 1139
# n=21 sym=rot2 status=verified source=flammenkamp_cache/n21_rot2
# code=:02DE9GHK89DG8F1A136F2I5EHJAJ5C47BC034B67IK
0 0
0 2
1 13
1 14
2 9
2 16
3 17
3 20
4 8
4 9
5 13
5 16
6 8
6 15
7 1
7 10
8 1
8 3
9 6
9 15
10 2
10 18
11 5
11 14
12 17
12 19
13 10
13 19
14 5
14 12
15 4
15 7
16 11
16 12
17 0
17 3
18 4
18 11
19 6
19 7
20 18
20 20

# solution 1140
# n=21 sym=rot2 status=verified source=flammenkamp_cache/n21_rot2
# code=:5C3D9GEH5B160JAK28472IDGCI0A1KEJ9F364B7H8F
0 5
0 12
1 3
1 13
2 9
2 16
3 14
3 17
4 5
4 11
5 1
5 6
6 0
6 19
7 10
7 20
8 2
8 8
9 4
9 7
10 2
10 18
11 13
11 16
12 12
12 18
13 0
13 10
14 1
14 20
15 14
15 19
16 9
16 15
17 3
17 6
18 4
18 11
19 7
19 17
20 8
20 15

# solution 1141
# n=21 sym=rot2 status=verified source=flammenkamp_cache/n21_rot2
# code=:9F4E183E9F0H780AGI7J2I1D24AKCD3K5B6HCJ6G5B
0 9
0 15
1 4
1 14
2 1
2 8
3 3
3 14
4 9
4 15
5 0
5 17
6 7
6 8
7 0
7 10
8 16
8 18
9 7
9 19
10 2
10 18
11 1
11 13
12 2
12 4
13 10
13 20
14 12
14 13
15 3
15 20
16 5
16 11
17 6
17 17
18 12
18 19
19 6
19 16
20 5
20 11

# solution 1142
# n=21 sym=rot2 status=verified source=flammenkamp_cache/n21_rot2
# code=:48DECF6J39FH019A470I2I2KDGABJK35BH1E5867CG
0 4
0 8
1 13
1 14
2 12
2 15
3 6
3 19
4 3
4 9
5 15
5 17
6 0
6 1
7 9
7 10
8 4
8 7
9 0
9 18
10 2
10 18
11 2
11 20
12 13
12 16
13 10
13 11
14 19
14 20
15 3
15 5
16 11
16 17
17 1
17 14
18 5
18 8
19 6
19 7
20 12
20 16

# solution 1143
# n=21 sym=rot2 status=verified source=flammenkamp_cache/n21_rot2
# code=:6C5FCE7H9H2G1J7A09GK2I04BKAD1J4I3B3D685F8E
0 6
0 12
1 5
1 15
2 12
2 14
3 7
3 17
4 9
4 17
5 2
5 16
6 1
6 19
7 7
7 10
8 0
8 9
9 16
9 20
10 2
10 18
11 0
11 4
12 11
12 20
13 10
13 13
14 1
14 19
15 4
15 18
16 3
16 11
17 3
17 13
18 6
18 8
19 5
19 15
20 8
20 14

# solution 1144
# n=21 sym=rot2 status=verified source=flammenkamp_cache/n21_rot2
# code=:583I7B7F1B6GGK1A68032IHKCEAJ044E9J5D9D2HCF
0 5
0 8
1 3
1 18
2 7
2 11
3 7
3 15
4 1
4 11
5 6
5 16
6 16
6 20
7 1
7 10
8 6
8 8
9 0
9 3
10 2
10 18
11 17
11 20
12 12
12 14
13 10
13 19
14 0
14 4
15 4
15 14
16 9
16 19
17 5
17 13
18 9
18 13
19 2
19 17
20 12
20 15

# solution 1145
# n=21 sym=rot2 status=verified source=flammenkamp_cache/n21_rot2
# code=:8FEK893D09EH24AG157J2I1DFJ4AGI36BK7HBC065C
0 8
0 15
1 14
1 20
2 8
2 9
3 3
3 13
4 0
4 9
5 14
5 17
6 2
6 4
7 10
7 16
8 1
8 5
9 7
9 19
10 2
10 18
11 1
11 13
12 15
12 19
13 4
13 10
14 16
14 18
15 3
15 6
16 11
16 20
17 7
17 17
18 11
18 12
19 0
19 6
20 5
20 12

# solution 1146
# n=21 sym=rot2 status=verified source=flammenkamp_cache/n21_rot2
# code=:57CKEG7H9C36FJ1A2K9G2I4B0IAJ15EH8B3D4608DF
0 5
0 7
1 12
1 20
2 14
2 16
3 7
3 17
4 9
4 12
5 3
5 6
6 15
6 19
7 1
7 10
8 2
8 20
9 9
9 16
10 2
10 18
11 4
11 11
12 0
12 18
13 10
13 19
14 1
14 5
15 14
15 17
16 8
16 11
17 3
17 13
18 4
18 6
19 0
19 8
20 13
20 15

# solution 1147
# n=21 sym=rot2 status=verified source=flammenkamp_cache/n21_rot2
# code=:8E5D5HHJ9D6K249A18GK2I04CJABGI0E7B133F7F6C
0 8
0 14
1 5
1 13
2 5
2 17
3 17
3 19
4 9
4 13
5 6
5 20
6 2
6 4
7 9
7 10
8 1
8 8
9 16
9 20
10 2
10 18
11 0
11 4
12 12
12 19
13 10
13 11
14 16
14 18
15 0
15 14
16 7
16 11
17 1
17 3
18 3
18 15
19 7
19 15
20 6
20 12

# solution 1148
# n=21 sym=rot2 status=verified source=flammenkamp_cache/n21_rot2
# code=:8B366G0J3BCGFJ7A2K572IDF0IAD15489H1K4EEH9C
0 8
0 11
1 3
1 6
2 6
2 16
3 0
3 19
4 3
4 11
5 12
5 16
6 15
6 19
7 7
7 10
8 2
8 20
9 5
9 7
10 2
10 18
11 13
11 15
12 0
12 18
13 10
13 13
14 1
14 5
15 4
15 8
16 9
16 17
17 1
17 20
18 4
18 14
19 14
19 17
20 9
20 12

# solution 1149
# n=21 sym=rot2 status=verified source=flammenkamp_cache/n21_rot2
# code=:6B483B3F8KFJ1K2A67DG2I47DEAI0J150C5H9HCG9E
0 6
0 11
1 4
1 8
2 3
2 11
3 3
3 15
4 8
4 20
5 15
5 19
6 1
6 20
7 2
7 10
8 6
8 7
9 13
9 16
10 2
10 18
11 4
11 7
12 13
12 14
13 10
13 18
14 0
14 19
15 1
15 5
16 0
16 12
17 5
17 17
18 9
18 17
19 12
19 16
20 9
20 14

# solution 1150
# n=21 sym=rot2 status=verified source=flammenkamp_cache/n21_rot2
# code=:6B48BH3F8KFJ1K2A67DG2I47DEAI0J150C5H39CG9E
0 6
0 11
1 4
1 8
2 11
2 17
3 3
3 15
4 8
4 20
5 15
5 19
6 1
6 20
7 2
7 10
8 6
8 7
9 13
9 16
10 2
10 18
11 4
11 7
12 13
12 14
13 10
13 18
14 0
14 19
15 1
15 5
16 0
16 12
17 5
17 17
18 3
18 9
19 12
19 16
20 9
20 14

# solution 1151
# n=21 sym=rot2 status=verified source=flammenkamp_cache/n21_rot2
# code=:9E5835DJ0CHK14AD69GI2I24BE7AGJ038K17FHCF6B
0 9
0 14
1 5
1 8
2 3
2 5
3 13
3 19
4 0
4 12
5 17
5 20
6 1
6 4
7 10
7 13
8 6
8 9
9 16
9 18
10 2
10 18
11 2
11 4
12 11
12 14
13 7
13 10
14 16
14 19
15 0
15 3
16 8
16 20
17 1
17 7
18 15
18 17
19 12
19 15
20 6
20 11

# solution 1152
# n=21 sym=rot2 status=verified source=flammenkamp_cache/n21_rot2
# code=:7D039C5H0C5E9JAJ244E2I6GGI1A1B6F8K3F8BHK7D
0 7
0 13
1 0
1 3
2 9
2 12
3 5
3 17
4 0
4 12
5 5
5 14
6 9
6 19
7 10
7 19
8 2
8 4
9 4
9 14
10 2
10 18
11 6
11 16
12 16
12 18
13 1
13 10
14 1
14 11
15 6
15 15
16 8
16 20
17 3
17 15
18 8
18 11
19 17
19 20
20 7
20 13

# solution 1153
# n=21 sym=rot2 status=verified source=flammenkamp_cache/n21_rot2
# code=:683D9B14DH06GK2A58FJ2I15CFAI04EK37GJ9B7HCE
0 6
0 8
1 3
1 13
2 9
2 11
3 1
3 4
4 13
4 17
5 0
5 6
6 16
6 20
7 2
7 10
8 5
8 8
9 15
9 19
10 2
10 18
11 1
11 5
12 12
12 15
13 10
13 18
14 0
14 4
15 14
15 20
16 3
16 7
17 16
17 19
18 9
18 11
19 7
19 17
20 12
20 14

# solution 1154
# n=21 sym=rot2 status=verified source=flammenkamp_cache/n21_rot2
# code=:EG5858DG3D360JABIJ092IBK129A1KEH7H47CFCF46
0 14
0 16
1 5
1 8
2 5
2 8
3 13
3 16
4 3
4 13
5 3
5 6
6 0
6 19
7 10
7 11
8 18
8 19
9 0
9 9
10 2
10 18
11 11
11 20
12 1
12 2
13 9
13 10
14 1
14 20
15 14
15 17
16 7
16 17
17 4
17 7
18 12
18 15
19 12
19 15
20 4
20 6

# solution 1155
# n=21 sym=rot2 status=verified source=flammenkamp_cache/n21_rot2
# code=:8B5F8EGJ373G17AK2K9E2I6B0I0ADJ4HDH146C5F9C
0 8
0 11
1 5
1 15
2 8
2 14
3 16
3 19
4 3
4 7
5 3
5 16
6 1
6 7
7 10
7 20
8 2
8 20
9 9
9 14
10 2
10 18
11 6
11 11
12 0
12 18
13 0
13 10
14 13
14 19
15 4
15 17
16 13
16 17
17 1
17 4
18 6
18 12
19 5
19 15
20 9
20 12

# solution 1156
# n=21 sym=rot2 status=verified source=flammenkamp_cache/n21_rot2
# code=:9B4ECECJ45135HAKIK7D2I7D020A3FHJFG18686G9B
0 9
0 11
1 4
1 14
2 12
2 14
3 12
3 19
4 4
4 5
5 1
5 3
6 5
6 17
7 10
7 20
8 18
8 20
9 7
9 13
10 2
10 18
11 7
11 13
12 0
12 2
13 0
13 10
14 3
14 15
15 17
15 19
16 15
16 16
17 1
17 8
18 6
18 8
19 6
19 16
20 9
20 11

# solution 1157
# n=21 sym=rot2 status=verified source=flammenkamp_cache/n21_rot2
# code=:9B7C147H050H8FAEEI4J2I1G266A5C3KFK3DGJ8D9B
0 9
0 11
1 7
1 12
2 1
2 4
3 7
3 17
4 0
4 5
5 0
5 17
6 8
6 15
7 10
7 14
8 14
8 18
9 4
9 19
10 2
10 18
11 1
11 16
12 2
12 6
13 6
13 10
14 5
14 12
15 3
15 20
16 15
16 20
17 3
17 13
18 16
18 19
19 8
19 13
20 9
20 11

# solution 1158
# n=21 sym=rot2 status=verified source=flammenkamp_cache/n21_rot2
# code=:8B363B18FK1F6KAG27DG2I47DI4A0E5J05CJ9HEH9C
0 8
0 11
1 3
1 6
2 3
2 11
3 1
3 8
4 15
4 20
5 1
5 15
6 6
6 20
7 10
7 16
8 2
8 7
9 13
9 16
10 2
10 18
11 4
11 7
12 13
12 18
13 4
13 10
14 0
14 14
15 5
15 19
16 0
16 5
17 12
17 19
18 9
18 17
19 14
19 17
20 9
20 12

# solution 1159
# n=21 sym=rot2 status=verified source=flammenkamp_cache/n21_rot2
# code=:8B36BH18FK1F6KAG27DG2I47DI4A0E5J05CJ39EH9C
0 8
0 11
1 3
1 6
2 11
2 17
3 1
3 8
4 15
4 20
5 1
5 15
6 6
6 20
7 10
7 16
8 2
8 7
9 13
9 16
10 2
10 18
11 4
11 7
12 13
12 18
13 4
13 10
14 0
14 14
15 5
15 19
16 0
16 5
17 12
17 19
18 3
18 9
19 14
19 17
20 9
20 12

# solution 1160
# n=21 sym=rot2 status=verified source=flammenkamp_cache/n21_rot2
# code=:569C9F1C4GHJDK2AEH7K2I0D36AI07134G8J5B8BEF
0 5
0 6
1 9
1 12
2 9
2 15
3 1
3 12
4 4
4 16
5 17
5 19
6 13
6 20
7 2
7 10
8 14
8 17
9 7
9 20
10 2
10 18
11 0
11 13
12 3
12 6
13 10
13 18
14 0
14 7
15 1
15 3
16 4
16 16
17 8
17 19
18 5
18 11
19 8
19 11
20 14
20 15

# solution 1161
# n=21 sym=rot2 status=verified source=flammenkamp_cache/n21_rot2
# code=:CG691D1DGH6C2K0A5H592IBF3FAK0I8E347J7JBE48
0 12
0 16
1 6
1 9
2 1
2 13
3 1
3 13
4 16
4 17
5 6
5 12
6 2
6 20
7 0
7 10
8 5
8 17
9 5
9 9
10 2
10 18
11 11
11 15
12 3
12 15
13 10
13 20
14 0
14 18
15 8
15 14
16 3
16 4
17 7
17 19
18 7
18 19
19 11
19 14
20 4
20 8

# solution 1162
# n=21 sym=rot2 status=verified source=flammenkamp_cache/n21_rot2
# code=:684B8BEF341FIJ0A370D2I7KDHAK125JGH569C9GCE
0 6
0 8
1 4
1 11
2 8
2 11
3 14
3 15
4 3
4 4
5 1
5 15
6 18
6 19
7 0
7 10
8 3
8 7
9 0
9 13
10 2
10 18
11 7
11 20
12 13
12 17
13 10
13 20
14 1
14 2
15 5
15 19
16 16
16 17
17 5
17 6
18 9
18 12
19 9
19 16
20 12
20 14

# solution 1163
# n=21 sym=rot2 status=verified source=flammenkamp_cache/n21_rot2
# code=:6E7CCH1704FH9IAF19042IGKBJ5A2B35GKDJ388D6E
0 6
0 14
1 7
1 12
2 12
2 17
3 1
3 7
4 0
4 4
5 15
5 17
6 9
6 18
7 10
7 15
8 1
8 9
9 0
9 4
10 2
10 18
11 16
11 20
12 11
12 19
13 5
13 10
14 2
14 11
15 3
15 5
16 16
16 20
17 13
17 19
18 3
18 8
19 8
19 13
20 6
20 14

# solution 1164
# n=21 sym=rot2 status=verified source=flammenkamp_cache/n21_rot2
# code=:9CEH5C1D04EH250A19472IDGBJAKFI36GK7J8F368B
0 9
0 12
1 14
1 17
2 5
2 12
3 1
3 13
4 0
4 4
5 14
5 17
6 2
6 5
7 0
7 10
8 1
8 9
9 4
9 7
10 2
10 18
11 13
11 16
12 11
12 19
13 10
13 20
14 15
14 18
15 3
15 6
16 16
16 20
17 7
17 19
18 8
18 15
19 3
19 6
20 8
20 11

# solution 1165
# n=21 sym=rot2 status=verified source=flammenkamp_cache/n21_rot2
# code=:6B8CFG13GK29FK6A7HDJ2I173DAE05BI04HJ458C9E
0 6
0 11
1 8
1 12
2 15
2 16
3 1
3 3
4 16
4 20
5 2
5 9
6 15
6 20
7 6
7 10
8 7
8 17
9 13
9 19
10 2
10 18
11 1
11 7
12 3
12 13
13 10
13 14
14 0
14 5
15 11
15 18
16 0
16 4
17 17
17 19
18 4
18 5
19 8
19 12
20 9
20 14

# solution 1166
# n=21 sym=rot2 status=verified source=flammenkamp_cache/n21_rot2
# code=:6B481DBD3H0F4J5A280E2I6KCIAF1G5K3H797JCG9E
0 6
0 11
1 4
1 8
2 1
2 13
3 11
3 13
4 3
4 17
5 0
5 15
6 4
6 19
7 5
7 10
8 2
8 8
9 0
9 14
10 2
10 18
11 6
11 20
12 12
12 18
13 10
13 15
14 1
14 16
15 5
15 20
16 3
16 17
17 7
17 9
18 7
18 19
19 12
19 16
20 9
20 14

# solution 1167
# n=21 sym=rot2 status=verified source=flammenkamp_cache/n21_rot2
# code=:6G6B7A4K2F3FCJ3I019C7D8BJK2H185H5I0GAD9E4E
0 6
0 16
1 6
1 11
2 7
2 10
3 4
3 20
4 2
4 15
5 3
5 15
6 12
6 19
7 3
7 18
8 0
8 1
9 9
9 12
10 7
10 13
11 8
11 11
12 19
12 20
13 2
13 17
14 1
14 8
15 5
15 17
16 5
16 18
17 0
17 16
18 10
18 13
19 9
19 14
20 4
20 14

# solution 1168
# n=21 sym=rot2 status=verified source=flammenkamp_cache/n21_rot2
# code=:4G378DCE130IAF06159B2I9BFJEK5A2KHJ687CDH4G
0 4
0 16
1 3
1 7
2 8
2 13
3 12
3 14
4 1
4 3
5 0
5 18
6 10
6 15
7 0
7 6
8 1
8 5
9 9
9 11
10 2
10 18
11 9
11 11
12 15
12 19
13 14
13 20
14 5
14 10
15 2
15 20
16 17
16 19
17 6
17 8
18 7
18 12
19 13
19 17
20 4
20 16

# solution 1169
# n=21 sym=rot2 status=verified source=flammenkamp_cache/n21_rot2
# code=:45CHDHCIDK064A161F9B2I9B5JEJAGEK07283738FG
0 4
0 5
1 12
1 17
2 13
2 17
3 12
3 18
4 13
4 20
5 0
5 6
6 4
6 10
7 1
7 6
8 1
8 15
9 9
9 11
10 2
10 18
11 9
11 11
12 5
12 19
13 14
13 19
14 10
14 16
15 14
15 20
16 0
16 7
17 2
17 8
18 3
18 7
19 3
19 8
20 15
20 16

# solution 1170
# n=21 sym=rot2 status=verified source=flammenkamp_cache/n21_rot2
# code=:59EG348DFJ67AC0K2J9H2I3B1I0K8ADE157CGH46BF
0 5
0 9
1 14
1 16
2 3
2 4
3 8
3 13
4 15
4 19
5 6
5 7
6 10
6 12
7 0
7 20
8 2
8 19
9 9
9 17
10 2
10 18
11 3
11 11
12 1
12 18
13 0
13 20
14 8
14 10
15 13
15 14
16 1
16 5
17 7
17 12
18 16
18 17
19 4
19 6
20 11
20 15

# solution 1171
# n=21 sym=rot2 status=verified source=flammenkamp_cache/n21_rot2
# code=:DF348A48FJ02DJ390E296EBI6KBH17IK15CGACGH57
0 13
0 15
1 3
1 4
2 8
2 10
3 4
3 8
4 15
4 19
5 0
5 2
6 13
6 19
7 3
7 9
8 0
8 14
9 2
9 9
10 6
10 14
11 11
11 18
12 6
12 20
13 11
13 17
14 1
14 7
15 18
15 20
16 1
16 5
17 12
17 16
18 10
18 12
19 16
19 17
20 5
20 7

# solution 1172
# n=21 sym=rot2 status=verified source=flammenkamp_cache/n21_rot2
# code=:348D8A246F2FDJ9J039K6E0BHK1B175I5EGIAC7CGH
0 3
0 4
1 8
1 13
2 8
2 10
3 2
3 4
4 6
4 15
5 2
5 15
6 13
6 19
7 9
7 19
8 0
8 3
9 9
9 20
10 6
10 14
11 0
11 11
12 17
12 20
13 1
13 11
14 1
14 7
15 5
15 18
16 5
16 14
17 16
17 18
18 10
18 12
19 7
19 12
20 16
20 17

# solution 1173
# n=21 sym=rot2 status=verified source=flammenkamp_cache/n21_rot2
# code=:8E7D498K3F2JAF3GJK692IBE014H5A1I5H0CBG7D6C
0 8
0 14
1 7
1 13
2 4
2 9
3 8
3 20
4 3
4 15
5 2
5 19
6 10
6 15
7 3
7 16
8 19
8 20
9 6
9 9
10 2
10 18
11 11
11 14
12 0
12 1
13 4
13 17
14 5
14 10
15 1
15 18
16 5
16 17
17 0
17 12
18 11
18 16
19 7
19 13
20 6
20 12

# solution 1174
# n=21 sym=rot2 status=verified source=flammenkamp_cache/n21_rot2
# code=:8EDH498D3F12AFGKJK692IBE01045AIJ5H7CBG376C
0 8
0 14
1 13
1 17
2 4
2 9
3 8
3 13
4 3
4 15
5 1
5 2
6 10
6 15
7 16
7 20
8 19
8 20
9 6
9 9
10 2
10 18
11 11
11 14
12 0
12 1
13 0
13 4
14 5
14 10
15 18
15 19
16 5
16 17
17 7
17 12
18 11
18 16
19 3
19 7
20 6
20 12

# solution 1175
# n=21 sym=rot2 status=verified source=flammenkamp_cache/n21_rot2
# code=:8E7H498D3F12AFGKJK692IBE01045AIJ5H7CBG3D6C
0 8
0 14
1 7
1 17
2 4
2 9
3 8
3 13
4 3
4 15
5 1
5 2
6 10
6 15
7 16
7 20
8 19
8 20
9 6
9 9
10 2
10 18
11 11
11 14
12 0
12 1
13 0
13 4
14 5
14 10
15 18
15 19
16 5
16 17
17 7
17 12
18 11
18 16
19 3
19 13
20 6
20 12

# solution 1176
# n=21 sym=rot2 status=verified source=flammenkamp_cache/n21_rot2
# code=:CE347H5F9CEKAK14192D2I7IBJGJ0A068B5F3DGH68
0 12
0 14
1 3
1 4
2 7
2 17
3 5
3 15
4 9
4 12
5 14
5 20
6 10
6 20
7 1
7 4
8 1
8 9
9 2
9 13
10 2
10 18
11 7
11 18
12 11
12 19
13 16
13 19
14 0
14 10
15 0
15 6
16 8
16 11
17 5
17 15
18 3
18 13
19 16
19 17
20 6
20 8

# solution 1177
# n=21 sym=rot2 status=verified source=flammenkamp_cache/n21_rot2
# code=:BD894ADG6I2F3K1J8HEK5F063C1J0H5I2E47AGBC79
0 11
0 13
1 8
1 9
2 4
2 10
3 13
3 16
4 6
4 18
5 2
5 15
6 3
6 20
7 1
7 19
8 8
8 17
9 14
9 20
10 5
10 15
11 0
11 6
12 3
12 12
13 1
13 19
14 0
14 17
15 5
15 18
16 2
16 14
17 4
17 7
18 10
18 16
19 11
19 12
20 7
20 9

# solution 1178
# n=21 sym=rot2 status=verified source=flammenkamp_cache/n21_rot2
# code=:68BDABDGHI3405IJ18EK5F06CJ12FKGH23479A79CE
0 6
0 8
1 11
1 13
2 10
2 11
3 13
3 16
4 17
4 18
5 3
5 4
6 0
6 5
7 18
7 19
8 1
8 8
9 14
9 20
10 5
10 15
11 0
11 6
12 12
12 19
13 1
13 2
14 15
14 20
15 16
15 17
16 2
16 3
17 4
17 7
18 9
18 10
19 7
19 9
20 12
20 14

# solution 1179
# n=21 sym=rot2 status=verified source=flammenkamp_cache/n21_rot2
# code=:9HCK9KCE2H6A147D1G5F2I5F4J7DGJAE3I680B083B
0 9
0 17
1 12
1 20
2 9
2 20
3 12
3 14
4 2
4 17
5 6
5 10
6 1
6 4
7 7
7 13
8 1
8 16
9 5
9 15
10 2
10 18
11 5
11 15
12 4
12 19
13 7
13 13
14 16
14 19
15 10
15 14
16 3
16 18
17 6
17 8
18 0
18 11
19 0
19 8
20 3
20 11

# solution 1180
# n=21 sym=rot2 status=verified source=flammenkamp_cache/n21_rot2
# code=:8B7J8E6F017AFH039I4G2I4G2BHK35ADJK5E6C1D9C
0 8
0 11
1 7
1 19
2 8
2 14
3 6
3 15
4 0
4 1
5 7
5 10
6 15
6 17
7 0
7 3
8 9
8 18
9 4
9 16
10 2
10 18
11 4
11 16
12 2
12 11
13 17
13 20
14 3
14 5
15 10
15 13
16 19
16 20
17 5
17 14
18 6
18 12
19 1
19 13
20 9
20 12

# solution 1181
# n=21 sym=rot2 status=verified source=flammenkamp_cache/n21_rot2
# code=:8B6EFG3712AJCF349K072IDK0BGH581AIJDH456E9C
0 8
0 11
1 6
1 14
2 15
2 16
3 3
3 7
4 1
4 2
5 10
5 19
6 12
6 15
7 3
7 4
8 9
8 20
9 0
9 7
10 2
10 18
11 13
11 20
12 0
12 11
13 16
13 17
14 5
14 8
15 1
15 10
16 18
16 19
17 13
17 17
18 4
18 5
19 6
19 14
20 9
20 12

# solution 1182
# n=21 sym=rot2 status=verified source=flammenkamp_cache/n21_rot2
# code=:BC68EG373I9A7J1G0FFK2I055K4J1DAB2HDH46CE89
0 11
0 12
1 6
1 8
2 14
2 16
3 3
3 7
4 3
4 18
5 9
5 10
6 7
6 19
7 1
7 16
8 0
8 15
9 15
9 20
10 2
10 18
11 0
11 5
12 5
12 20
13 4
13 19
14 1
14 13
15 10
15 11
16 2
16 17
17 13
17 17
18 4
18 6
19 12
19 14
20 8
20 9

# solution 1183
# n=21 sym=rot2 status=verified source=flammenkamp_cache/n21_rot2
# code=:897E3G7J9FAE34JK8IFK2I052C01GH6A5B1D4H6DBC
0 8
0 9
1 7
1 14
2 3
2 16
3 7
3 19
4 9
4 15
5 10
5 14
6 3
6 4
7 19
7 20
8 8
8 18
9 15
9 20
10 2
10 18
11 0
11 5
12 2
12 12
13 0
13 1
14 16
14 17
15 6
15 10
16 5
16 11
17 1
17 13
18 4
18 17
19 6
19 13
20 11
20 12

# solution 1184
# n=21 sym=rot2 status=verified source=flammenkamp_cache/n21_rot2
# code=:BC5D4857HIAKEH1619042IGKBJEJ360A23DFCG7F89
0 11
0 12
1 5
1 13
2 4
2 8
3 5
3 7
4 17
4 18
5 10
5 20
6 14
6 17
7 1
7 6
8 1
8 9
9 0
9 4
10 2
10 18
11 16
11 20
12 11
12 19
13 14
13 19
14 3
14 6
15 0
15 10
16 2
16 3
17 13
17 15
18 12
18 16
19 7
19 15
20 8
20 9

# solution 1185
# n=21 sym=rot2 status=verified source=flammenkamp_cache/n21_rot2
# code=:4CDF8AEI1734HJ9KEI095FBK260B13GHDJ26AC578G
0 4
0 12
1 13
1 15
2 8
2 10
3 14
3 18
4 1
4 7
5 3
5 4
6 17
6 19
7 9
7 20
8 14
8 18
9 0
9 9
10 5
10 15
11 11
11 20
12 2
12 6
13 0
13 11
14 1
14 3
15 16
15 17
16 13
16 19
17 2
17 6
18 10
18 12
19 5
19 7
20 8
20 16

# solution 1186
# n=21 sym=rot2 status=verified source=flammenkamp_cache/n21_rot2
# code=:CDEG9A5D3J2G8K23EJ095FBK16HI0C4I1H7FAB4678
0 12
0 13
1 14
1 16
2 9
2 10
3 5
3 13
4 3
4 19
5 2
5 16
6 8
6 20
7 2
7 3
8 14
8 19
9 0
9 9
10 5
10 15
11 11
11 20
12 1
12 6
13 17
13 18
14 0
14 12
15 4
15 18
16 1
16 17
17 7
17 15
18 10
18 11
19 4
19 6
20 7
20 8

# solution 1187
# n=21 sym=rot2 status=verified source=flammenkamp_cache/n21_rot2
# code=:4BDF5B13DH8A048E02EJ2I16IK6CGKAC37HJ9F579G
0 4
0 11
1 13
1 15
2 5
2 11
3 1
3 3
4 13
4 17
5 8
5 10
6 0
6 4
7 8
7 14
8 0
8 2
9 14
9 19
10 2
10 18
11 1
11 6
12 18
12 20
13 6
13 12
14 16
14 20
15 10
15 12
16 3
16 7
17 17
17 19
18 9
18 15
19 5
19 7
20 9
20 16

# solution 1188
# n=21 sym=rot2 status=verified source=flammenkamp_cache/n21_rot2
# code=:8C7E3H4E09AJ4I0D15592IBFFJ7K2G1ABK6G3H6D8C
0 8
0 12
1 7
1 14
2 3
2 17
3 4
3 14
4 0
4 9
5 10
5 19
6 4
6 18
7 0
7 13
8 1
8 5
9 5
9 9
10 2
10 18
11 11
11 15
12 15
12 19
13 7
13 20
14 2
14 16
15 1
15 10
16 11
16 20
17 6
17 16
18 3
18 17
19 6
19 13
20 8
20 12

# solution 1189
# n=21 sym=rot2 status=verified source=flammenkamp_cache/n21_rot2
# code=:784834JKHJAB2F79EK562IEF06BD5I9A1301GHCGCD
0 7
0 8
1 4
1 8
2 3
2 4
3 19
3 20
4 17
4 19
5 10
5 11
6 2
6 15
7 7
7 9
8 14
8 20
9 5
9 6
10 2
10 18
11 14
11 15
12 0
12 6
13 11
13 13
14 5
14 18
15 9
15 10
16 1
16 3
17 0
17 1
18 16
18 17
19 12
19 16
20 12
20 13

# solution 1190
# n=21 sym=rot2 status=verified source=flammenkamp_cache/n21_rot2
# code=:68FK9C5K3DAG13794J6I2I2E1GBDHJ4A7H0F8B05CE
0 6
0 8
1 15
1 20
2 9
2 12
3 5
3 20
4 3
4 13
5 10
5 16
6 1
6 3
7 7
7 9
8 4
8 19
9 6
9 18
10 2
10 18
11 2
11 14
12 1
12 16
13 11
13 13
14 17
14 19
15 4
15 10
16 7
16 17
17 0
17 15
18 8
18 11
19 0
19 5
20 12
20 14

# solution 1191
# n=21 sym=rot2 status=verified source=flammenkamp_cache/n21_rot2
# code=:7C36DJ1BGI6A3CGK590F2I5KBF048HAE249J17EH8D
0 7
0 12
1 3
1 6
2 13
2 19
3 1
3 11
4 16
4 18
5 6
5 10
6 3
6 12
7 16
7 20
8 5
8 9
9 0
9 15
10 2
10 18
11 5
11 20
12 11
12 15
13 0
13 4
14 8
14 17
15 10
15 14
16 2
16 4
17 9
17 19
18 1
18 7
19 14
19 17
20 8
20 13

# solution 1192
# n=21 sym=rot2 status=verified source=flammenkamp_cache/n21_rot2
# code=:9EGI3ADH286D084K1J9F5F5B1J0GCK7ECI37AH246B
0 9
0 14
1 16
1 18
2 3
2 10
3 13
3 17
4 2
4 8
5 6
5 13
6 0
6 8
7 4
7 20
8 1
8 19
9 9
9 15
10 5
10 15
11 5
11 11
12 1
12 19
13 0
13 16
14 12
14 20
15 7
15 14
16 12
16 18
17 3
17 7
18 10
18 17
19 2
19 4
20 6
20 11

# solution 1193
# n=21 sym=rot2 status=verified source=flammenkamp_cache/n21_rot2
# code=:9E4I3ADH286D084K1J9F5F5B1J0GCK7ECI37AH2G6B
0 9
0 14
1 4
1 18
2 3
2 10
3 13
3 17
4 2
4 8
5 6
5 13
6 0
6 8
7 4
7 20
8 1
8 19
9 9
9 15
10 5
10 15
11 5
11 11
12 1
12 19
13 0
13 16
14 12
14 20
15 7
15 14
16 12
16 18
17 3
17 7
18 10
18 17
19 2
19 16
20 6
20 11

# solution 1194
# n=21 sym=rot2 status=verified source=flammenkamp_cache/n21_rot2
# code=:7G138978EFAG3E195K0I2I2K0FBJ6H4A56CDBCHJ4D
0 7
0 16
1 1
1 3
2 8
2 9
3 7
3 8
4 14
4 15
5 10
5 16
6 3
6 14
7 1
7 9
8 5
8 20
9 0
9 18
10 2
10 18
11 2
11 20
12 0
12 15
13 11
13 19
14 6
14 17
15 4
15 10
16 5
16 6
17 12
17 13
18 11
18 12
19 17
19 19
20 4
20 13

# solution 1195
# n=21 sym=rot2 status=verified source=flammenkamp_cache/n21_rot2
# code=:7J679C3G0IAJ5C3G59062IEKBF4H8F1A2K4H8BDE1D
0 7
0 19
1 6
1 7
2 9
2 12
3 3
3 16
4 0
4 18
5 10
5 19
6 5
6 12
7 3
7 16
8 5
8 9
9 0
9 6
10 2
10 18
11 14
11 20
12 11
12 15
13 4
13 17
14 8
14 15
15 1
15 10
16 2
16 20
17 4
17 17
18 8
18 11
19 13
19 14
20 1
20 13

# solution 1196
# n=21 sym=rot2 status=verified source=flammenkamp_cache/n21_rot2
# code=:DE4J59CJ2KAE45CH093D2I7HBK38FG6A0I18BF1G67
0 13
0 14
1 4
1 19
2 5
2 9
3 12
3 19
4 2
4 20
5 10
5 14
6 4
6 5
7 12
7 17
8 0
8 9
9 3
9 13
10 2
10 18
11 7
11 17
12 11
12 20
13 3
13 8
14 15
14 16
15 6
15 10
16 0
16 18
17 1
17 8
18 11
18 15
19 1
19 16
20 6
20 7

# solution 1197
# n=21 sym=rot2 status=verified source=flammenkamp_cache/n21_rot2
# code=:9H3I9A4D05EI8K4D8E1J5F1J6C7G0C26FK7GAB2H3B
0 9
0 17
1 3
1 18
2 9
2 10
3 4
3 13
4 0
4 5
5 14
5 18
6 8
6 20
7 4
7 13
8 8
8 14
9 1
9 19
10 5
10 15
11 1
11 19
12 6
12 12
13 7
13 16
14 0
14 12
15 2
15 6
16 15
16 20
17 7
17 16
18 10
18 11
19 2
19 17
20 3
20 11

# solution 1198
# n=21 sym=rot2 status=verified source=flammenkamp_cache/n21_rot2
# code=:4J8D093DFJ4AEK895E3I2I2H6FBC06AG157HBK7C1G
0 4
0 19
1 8
1 13
2 0
2 9
3 3
3 13
4 15
4 19
5 4
5 10
6 14
6 20
7 8
7 9
8 5
8 14
9 3
9 18
10 2
10 18
11 2
11 17
12 6
12 15
13 11
13 12
14 0
14 6
15 10
15 16
16 1
16 5
17 7
17 17
18 11
18 20
19 7
19 12
20 1
20 16

# solution 1199
# n=21 sym=rot2 status=verified source=flammenkamp_cache/n21_rot2
# code=:9DDH8J4J2A3FBF8K046E2I6EGK0C595HAI1G1C377B
0 9
0 13
1 13
1 17
2 8
2 19
3 4
3 19
4 2
4 10
5 3
5 15
6 11
6 15
7 8
7 20
8 0
8 4
9 6
9 14
10 2
10 18
11 6
11 14
12 16
12 20
13 0
13 12
14 5
14 9
15 5
15 17
16 10
16 18
17 1
17 16
18 1
18 12
19 3
19 7
20 7
20 11

# solution 1200
# n=21 sym=rot2 status=verified source=flammenkamp_cache/n21_rot2
# code=:GI5J9C173AGKCD5K396E2I6EBH0F7804AHDJ8B1F24
0 16
0 18
1 5
1 19
2 9
2 12
3 1
3 7
4 3
4 10
5 16
5 20
6 12
6 13
7 5
7 20
8 3
8 9
9 6
9 14
10 2
10 18
11 6
11 14
12 11
12 17
13 0
13 15
14 7
14 8
15 0
15 4
16 10
16 17
17 13
17 19
18 8
18 11
19 1
19 15
20 2
20 4

# solution 1201
# n=21 sym=rot2 status=verified source=flammenkamp_cache/n21_rot2
# code=:CH9HDJ15AK56CD049I462IEG2BGK78EF0AFJ173B38
0 12
0 17
1 9
1 17
2 13
2 19
3 1
3 5
4 10
4 20
5 5
5 6
6 12
6 13
7 0
7 4
8 9
8 18
9 4
9 6
10 2
10 18
11 14
11 16
12 2
12 11
13 16
13 20
14 7
14 8
15 14
15 15
16 0
16 10
17 15
17 19
18 1
18 7
19 3
19 11
20 3
20 8

# solution 1202
# n=21 sym=rot2 status=verified source=flammenkamp_cache/n21_rot2
# code=:9CFHDJ352A06CDGJ09462IEGBK1478EKAIFH17358B
0 9
0 12
1 15
1 17
2 13
2 19
3 3
3 5
4 2
4 10
5 0
5 6
6 12
6 13
7 16
7 19
8 0
8 9
9 4
9 6
10 2
10 18
11 14
11 16
12 11
12 20
13 1
13 4
14 7
14 8
15 14
15 20
16 10
16 18
17 15
17 17
18 1
18 7
19 3
19 5
20 8
20 11

# solution 1203
# n=21 sym=rot2 status=verified source=flammenkamp_cache/n21_rot2
# code=:79EJ4A5D8H2KBF3J28EK4G06CI1H590I3C7FAG16BD
0 7
0 9
1 14
1 19
2 4
2 10
3 5
3 13
4 8
4 17
5 2
5 20
6 11
6 15
7 3
7 19
8 2
8 8
9 14
9 20
10 4
10 16
11 0
11 6
12 12
12 18
13 1
13 17
14 5
14 9
15 0
15 18
16 3
16 12
17 7
17 15
18 10
18 16
19 1
19 6
20 11
20 13

# solution 1204
# n=21 sym=rot2 status=verified source=flammenkamp_cache/n21_rot2
# code=:DJ78AEEH051H5B0IGI9C4G8B242K9F3JFK366ACD17
0 13
0 19
1 7
1 8
2 10
2 14
3 14
3 17
4 0
4 5
5 1
5 17
6 5
6 11
7 0
7 18
8 16
8 18
9 9
9 12
10 4
10 16
11 8
11 11
12 2
12 4
13 2
13 20
14 9
14 15
15 3
15 19
16 15
16 20
17 3
17 6
18 6
18 10
19 12
19 13
20 1
20 7

# solution 1205
# n=21 sym=rot2 status=verified source=flammenkamp_cache/n21_rot2
# code=:9D3H7C1K4ACE290F4J6F2I5E1G5KBI68AG0J8D3H7B
0 9
0 13
1 3
1 17
2 7
2 12
3 1
3 20
4 4
4 10
5 12
5 14
6 2
6 9
7 0
7 15
8 4
8 19
9 6
9 15
10 2
10 18
11 5
11 14
12 1
12 16
13 5
13 20
14 11
14 18
15 6
15 8
16 10
16 16
17 0
17 19
18 8
18 13
19 3
19 17
20 7
20 11

# solution 1206
# n=21 sym=rot2 status=verified source=flammenkamp_cache/n21_rot2
# code=:9F583G8G1A2H6J0D097E2I6DBK7K1E3IAJ4C4HCF5B
0 9
0 15
1 5
1 8
2 3
2 16
3 8
3 16
4 1
4 10
5 2
5 17
6 6
6 19
7 0
7 13
8 0
8 9
9 7
9 14
10 2
10 18
11 6
11 13
12 11
12 20
13 7
13 20
14 1
14 14
15 3
15 18
16 10
16 19
17 4
17 12
18 4
18 17
19 12
19 15
20 5
20 11

# solution 1207
# n=21 sym=rot2 status=verified source=flammenkamp_cache/n21_rot2
# code=:CF3458EJABDGIK391D0E2I6K7JBH02479A16CFGH58
0 12
0 15
1 3
1 4
2 5
2 8
3 14
3 19
4 10
4 11
5 13
5 16
6 18
6 20
7 3
7 9
8 1
8 13
9 0
9 14
10 2
10 18
11 6
11 20
12 7
12 19
13 11
13 17
14 0
14 2
15 4
15 7
16 9
16 10
17 1
17 6
18 12
18 15
19 16
19 17
20 5
20 8

# solution 1208
# n=21 sym=rot2 status=verified source=flammenkamp_cache/n21_rot2
# code=:25EIABDH01175C06GH9C4G8B34EK8FDJJK379A26FI
0 2
0 5
1 14
1 18
2 10
2 11
3 13
3 17
4 0
4 1
5 1
5 7
6 5
6 12
7 0
7 6
8 16
8 17
9 9
9 12
10 4
10 16
11 8
11 11
12 3
12 4
13 14
13 20
14 8
14 15
15 13
15 19
16 19
16 20
17 3
17 7
18 9
18 10
19 2
19 6
20 15
20 18

# solution 1209
# n=21 sym=rot2 status=verified source=flammenkamp_cache/n21_rot2
# code=:79357C0E9A15GH48EK122IIJ06CG34FJAB6K8DFHBD
0 7
0 9
1 3
1 5
2 7
2 12
3 0
3 14
4 9
4 10
5 1
5 5
6 16
6 17
7 4
7 8
8 14
8 20
9 1
9 2
10 2
10 18
11 18
11 19
12 0
12 6
13 12
13 16
14 3
14 4
15 15
15 19
16 10
16 11
17 6
17 20
18 8
18 13
19 15
19 17
20 11
20 13

# solution 1210
# n=21 sym=rot2 status=verified source=flammenkamp_cache/n21_rot2
# code=:7H9CAF147E010F8E3I9I4G2B2H6C5KJK6DGJ5A8B3D
0 7
0 17
1 9
1 12
2 10
2 15
3 1
3 4
4 7
4 14
5 0
5 1
6 0
6 15
7 8
7 14
8 3
8 18
9 9
9 18
10 4
10 16
11 2
11 11
12 2
12 17
13 6
13 12
14 5
14 20
15 19
15 20
16 6
16 13
17 16
17 19
18 5
18 10
19 8
19 11
20 3
20 13

# solution 1211
# n=21 sym=rot2 status=verified source=flammenkamp_cache/n21_rot2
# code=:390E9A5DEI385KDI18144GGJCJ270FCH267FAB6KBH
0 3
0 9
1 0
1 14
2 9
2 10
3 5
3 13
4 14
4 18
5 3
5 8
6 5
6 20
7 13
7 18
8 1
8 8
9 1
9 4
10 4
10 16
11 16
11 19
12 12
12 19
13 2
13 7
14 0
14 15
15 12
15 17
16 2
16 6
17 7
17 15
18 10
18 11
19 6
19 20
20 11
20 17

# solution 1212
# n=21 sym=rot2 status=verified source=flammenkamp_cache/n21_rot2
# code=:4E9C5D574AEK1C9H13022IIKHJ3B8J06AGDF7F8B6G
0 4
0 14
1 9
1 12
2 5
2 13
3 5
3 7
4 4
4 10
5 14
5 20
6 1
6 12
7 9
7 17
8 1
8 3
9 0
9 2
10 2
10 18
11 18
11 20
12 17
12 19
13 3
13 11
14 8
14 19
15 0
15 6
16 10
16 16
17 13
17 15
18 7
18 15
19 8
19 11
20 6
20 16

# solution 1213
# n=21 sym=rot2 status=verified source=flammenkamp_cache/n21_rot2
# code=:4E9C5D7F4AEK1C9H13022IIKHJ3B8J06AG5D7F8B6G
0 4
0 14
1 9
1 12
2 5
2 13
3 7
3 15
4 4
4 10
5 14
5 20
6 1
6 12
7 9
7 17
8 1
8 3
9 0
9 2
10 2
10 18
11 18
11 20
12 17
12 19
13 3
13 11
14 8
14 19
15 0
15 6
16 10
16 16
17 5
17 13
18 7
18 15
19 8
19 11
20 6
20 16

# solution 1214
# n=21 sym=rot2 status=verified source=flammenkamp_cache/n21_rot2
# code=:4E9C5H7E4AHK1C591D022IIK7JBF8J03AG6D3F8B6G
0 4
0 14
1 9
1 12
2 5
2 17
3 7
3 14
4 4
4 10
5 17
5 20
6 1
6 12
7 5
7 9
8 1
8 13
9 0
9 2
10 2
10 18
11 18
11 20
12 7
12 19
13 11
13 15
14 8
14 19
15 0
15 3
16 10
16 16
17 6
17 13
18 3
18 15
19 8
19 11
20 6
20 16

# solution 1215
# n=21 sym=rot2 status=verified source=flammenkamp_cache/n21_rot2
# code=:4E9C5H7E4AHK1C591D0I2I2K7JBF8J03AG6D3F8B6G
0 4
0 14
1 9
1 12
2 5
2 17
3 7
3 14
4 4
4 10
5 17
5 20
6 1
6 12
7 5
7 9
8 1
8 13
9 0
9 18
10 2
10 18
11 2
11 20
12 7
12 19
13 11
13 15
14 8
14 19
15 0
15 3
16 10
16 16
17 6
17 13
18 3
18 15
19 8
19 11
20 6
20 16

# solution 1216
# n=21 sym=rot2 status=verified source=flammenkamp_cache/n21_rot2
# code=:7F9F8ACGIK16271G3K9E3H6B0H4JDIEJ0248AC5B5D
0 7
0 15
1 9
1 15
2 8
2 10
3 12
3 16
4 18
4 20
5 1
5 6
6 2
6 7
7 1
7 16
8 3
8 20
9 9
9 14
10 3
10 17
11 6
11 11
12 0
12 17
13 4
13 19
14 13
14 18
15 14
15 19
16 0
16 2
17 4
17 8
18 10
18 12
19 5
19 11
20 5
20 13

# solution 1217
# n=21 sym=rot2 status=verified source=flammenkamp_cache/n21_rot2
# code=:6E7C4H2A4J7F9KFH19CK2I08BJ350B5D1GAI3G8D6E
0 6
0 14
1 7
1 12
2 4
2 17
3 2
3 10
4 4
4 19
5 7
5 15
6 9
6 20
7 15
7 17
8 1
8 9
9 12
9 20
10 2
10 18
11 0
11 8
12 11
12 19
13 3
13 5
14 0
14 11
15 5
15 13
16 1
16 16
17 10
17 18
18 3
18 16
19 8
19 13
20 6
20 14

# solution 1218
# n=21 sym=rot2 status=verified source=flammenkamp_cache/n21_rot2
# code=:9C5E4H7A15EJCH04297K2I0DBIGK3816FJAD3G6F8B
0 9
0 12
1 5
1 14
2 4
2 17
3 7
3 10
4 1
4 5
5 14
5 19
6 12
6 17
7 0
7 4
8 2
8 9
9 7
9 20
10 2
10 18
11 0
11 13
12 11
12 18
13 16
13 20
14 3
14 8
15 1
15 6
16 15
16 19
17 10
17 13
18 3
18 16
19 6
19 15
20 8
20 11

# solution 1219
# n=21 sym=rot2 status=verified source=flammenkamp_cache/n21_rot2
# code=:895DCJ0AEJGK356923DG2I47HIBEFH0416AK187FBC
0 8
0 9
1 5
1 13
2 12
2 19
3 0
3 10
4 14
4 19
5 16
5 20
6 3
6 5
7 6
7 9
8 2
8 3
9 13
9 16
10 2
10 18
11 4
11 7
12 17
12 18
13 11
13 14
14 15
14 17
15 0
15 4
16 1
16 6
17 10
17 20
18 1
18 8
19 7
19 15
20 11
20 12

# solution 1220
# n=21 sym=rot2 status=verified source=flammenkamp_cache/n21_rot2
# code=:6B488HAF471IFK9H06DJ2I17EK3B052JDG5A3CCG9E
0 6
0 11
1 4
1 8
2 8
2 17
3 10
3 15
4 4
4 7
5 1
5 18
6 15
6 20
7 9
7 17
8 0
8 6
9 13
9 19
10 2
10 18
11 1
11 7
12 14
12 20
13 3
13 11
14 0
14 5
15 2
15 19
16 13
16 16
17 5
17 10
18 3
18 12
19 12
19 16
20 9
20 14

# solution 1221
# n=21 sym=rot2 status=verified source=flammenkamp_cache/n21_rot2
# code=:6D251ADG1BHK8B4F28EK3H06CI5G9C039J47AJFI7E
0 6
0 13
1 2
1 5
2 1
2 10
3 13
3 16
4 1
4 11
5 17
5 20
6 8
6 11
7 4
7 15
8 2
8 8
9 14
9 20
10 3
10 17
11 0
11 6
12 12
12 18
13 5
13 16
14 9
14 12
15 0
15 3
16 9
16 19
17 4
17 7
18 10
18 19
19 15
19 18
20 7
20 14

# solution 1222
# n=21 sym=rot2 status=verified source=flammenkamp_cache/n21_rot2
# code=:EF483GAJ9C7F039J27EK2I06DI1BHK5D8B1A4HCG56
0 14
0 15
1 4
1 8
2 3
2 16
3 10
3 19
4 9
4 12
5 7
5 15
6 0
6 3
7 9
7 19
8 2
8 7
9 14
9 20
10 2
10 18
11 0
11 6
12 13
12 18
13 1
13 11
14 17
14 20
15 5
15 13
16 8
16 11
17 1
17 10
18 4
18 17
19 12
19 16
20 5
20 6

# solution 1223
# n=21 sym=rot2 status=verified source=flammenkamp_cache/n21_rot2
# code=:CF375GAC2G1E3K7B19EK2I06BJ9D0H6J4I8A4FDH58
0 12
0 15
1 3
1 7
2 5
2 16
3 10
3 12
4 2
4 16
5 1
5 14
6 3
6 20
7 7
7 11
8 1
8 9
9 14
9 20
10 2
10 18
11 0
11 6
12 11
12 19
13 9
13 13
14 0
14 17
15 6
15 19
16 4
16 18
17 8
17 10
18 4
18 15
19 13
19 17
20 5
20 8

# solution 1224
# n=21 sym=rot2 status=verified source=flammenkamp_cache/n21_rot2
# code=:9BCF0H7A4703GJ8EEI152IFJ266C14HKDGAD3K589B
0 9
0 11
1 12
1 15
2 0
2 17
3 7
3 10
4 4
4 7
5 0
5 3
6 16
6 19
7 8
7 14
8 14
8 18
9 1
9 5
10 2
10 18
11 15
11 19
12 2
12 6
13 6
13 12
14 1
14 4
15 17
15 20
16 13
16 16
17 10
17 13
18 3
18 20
19 5
19 8
20 9
20 11

# solution 1225
# n=21 sym=rot2 status=verified source=flammenkamp_cache/n21_rot2
# code=:0D6845ACDH4J9H19EI5K2I0F26BJ3B1G378AFGCE7K
0 0
0 13
1 6
1 8
2 4
2 5
3 10
3 12
4 13
4 17
5 4
5 19
6 9
6 17
7 1
7 9
8 14
8 18
9 5
9 20
10 2
10 18
11 0
11 15
12 2
12 6
13 11
13 19
14 3
14 11
15 1
15 16
16 3
16 7
17 8
17 10
18 15
18 16
19 12
19 14
20 7
20 20

# solution 1226
# n=21 sym=rot2 status=verified source=flammenkamp_cache/n21_rot2
# code=:3C5J3E6ACI59DK1G9D042IGK7B4J07BF28AE6H1F8H
0 3
0 12
1 5
1 19
2 3
2 14
3 6
3 10
4 12
4 18
5 5
5 9
6 13
6 20
7 1
7 16
8 9
8 13
9 0
9 4
10 2
10 18
11 16
11 20
12 7
12 11
13 4
13 19
14 0
14 7
15 11
15 15
16 2
16 8
17 10
17 14
18 6
18 17
19 1
19 15
20 8
20 17

# solution 1227
# n=21 sym=rot2 status=verified source=flammenkamp_cache/n21_rot2
# code=:8BDF480AHI6K1F3D69GJ2I14BE7H5J0E23AKCG579C
0 8
0 11
1 13
1 15
2 4
2 8
3 0
3 10
4 17
4 18
5 6
5 20
6 1
6 15
7 3
7 13
8 6
8 9
9 16
9 19
10 2
10 18
11 1
11 4
12 11
12 14
13 7
13 17
14 5
14 19
15 0
15 14
16 2
16 3
17 10
17 20
18 12
18 16
19 5
19 7
20 9
20 12

# solution 1228
# n=21 sym=rot2 status=verified source=flammenkamp_cache/n21_rot2
# code=:CG6D5J0A6J5G2C9D39HK2I03BH7B8I4F1EAK1F7E48
0 12
0 16
1 6
1 13
2 5
2 19
3 0
3 10
4 6
4 19
5 5
5 16
6 2
6 12
7 9
7 13
8 3
8 9
9 17
9 20
10 2
10 18
11 0
11 3
12 11
12 17
13 7
13 11
14 8
14 18
15 4
15 15
16 1
16 14
17 10
17 20
18 1
18 15
19 7
19 14
20 4
20 8

# solution 1229
# n=21 sym=rot2 status=verified source=flammenkamp_cache/n21_rot2
# code=:6C4C4HAF7J5EHK9B7I012IJK2D9B036F1D5A3G8G8E
0 6
0 12
1 4
1 12
2 4
2 17
3 10
3 15
4 7
4 19
5 5
5 14
6 17
6 20
7 9
7 11
8 7
8 18
9 0
9 1
10 2
10 18
11 19
11 20
12 2
12 13
13 9
13 11
14 0
14 3
15 6
15 15
16 1
16 13
17 5
17 10
18 3
18 16
19 8
19 16
20 8
20 14

# solution 1230
# n=21 sym=rot2 status=verified source=flammenkamp_cache/n21_rot2
# code=:6I9H48AD4706FH89FJ0J2I1K15BC35EKDG7ACG3B2E
0 6
0 18
1 9
1 17
2 4
2 8
3 10
3 13
4 4
4 7
5 0
5 6
6 15
6 17
7 8
7 9
8 15
8 19
9 0
9 19
10 2
10 18
11 1
11 20
12 1
12 5
13 11
13 12
14 3
14 5
15 14
15 20
16 13
16 16
17 7
17 10
18 12
18 16
19 3
19 11
20 2
20 14

# solution 1231
# n=21 sym=rot2 status=verified source=flammenkamp_cache/n21_rot2
# code=:7B67AGHJ24CE5JHK590C2I8KBF031F68GI134ADE9D
0 7
0 11
1 6
1 7
2 10
2 16
3 17
3 19
4 2
4 4
5 12
5 14
6 5
6 19
7 17
7 20
8 5
8 9
9 0
9 12
10 2
10 18
11 8
11 20
12 11
12 15
13 0
13 3
14 1
14 15
15 6
15 8
16 16
16 18
17 1
17 3
18 4
18 10
19 13
19 14
20 9
20 13

# solution 1232
# n=21 sym=rot2 status=verified source=flammenkamp_cache/n21_rot2
# code=:3B68AKDF026F147J9HCG2I483B1DGJ5EIK570ACE9H
0 3
0 11
1 6
1 8
2 10
2 20
3 13
3 15
4 0
4 2
5 6
5 15
6 1
6 4
7 7
7 19
8 9
8 17
9 12
9 16
10 2
10 18
11 4
11 8
12 3
12 11
13 1
13 13
14 16
14 19
15 5
15 14
16 18
16 20
17 5
17 7
18 0
18 10
19 12
19 14
20 9
20 17

# solution 1233
# n=21 sym=rot2 status=verified source=flammenkamp_cache/n21_rot2
# code=:3B6CAK7F026F147J9HCG2I483B1DGJ5EIK5D0A8E9H
0 3
0 11
1 6
1 12
2 10
2 20
3 7
3 15
4 0
4 2
5 6
5 15
6 1
6 4
7 7
7 19
8 9
8 17
9 12
9 16
10 2
10 18
11 4
11 8
12 3
12 11
13 1
13 13
14 16
14 19
15 5
15 14
16 18
16 20
17 5
17 13
18 0
18 10
19 8
19 14
20 9
20 17

# solution 1234
# n=21 sym=rot2 status=verified source=flammenkamp_cache/n21_rot2
# code=:696C1A7F02FHHK4719CG2I48BJDG0335IK5DAJ8EBE
0 6
0 9
1 6
1 12
2 1
2 10
3 7
3 15
4 0
4 2
5 15
5 17
6 17
6 20
7 4
7 7
8 1
8 9
9 12
9 16
10 2
10 18
11 4
11 8
12 11
12 19
13 13
13 16
14 0
14 3
15 3
15 5
16 18
16 20
17 5
17 13
18 10
18 19
19 8
19 14
20 11
20 14

# solution 1235
# n=21 sym=rot2 status=verified source=flammenkamp_cache/n21_rot2
# code=:5D68AD9F036I03GJCI9G1J4B2814HK2EHK5B7ACE7F
0 5
0 13
1 6
1 8
2 10
2 13
3 9
3 15
4 0
4 3
5 6
5 18
6 0
6 3
7 16
7 19
8 12
8 18
9 9
9 16
10 1
10 19
11 4
11 11
12 2
12 8
13 1
13 4
14 17
14 20
15 2
15 14
16 17
16 20
17 5
17 11
18 7
18 10
19 12
19 14
20 7
20 15

# solution 1236
# n=21 sym=rot2 status=verified source=flammenkamp_cache/n21_rot2
# code=:7C7FAG4E2H9F028K13691JBEHJ0CIK5B3I6G4A5D8D
0 7
0 12
1 7
1 15
2 10
2 16
3 4
3 14
4 2
4 17
5 9
5 15
6 0
6 2
7 8
7 20
8 1
8 3
9 6
9 9
10 1
10 19
11 11
11 14
12 17
12 19
13 0
13 12
14 18
14 20
15 5
15 11
16 3
16 18
17 6
17 16
18 4
18 10
19 5
19 13
20 8
20 13

# solution 1237
# n=21 sym=rot2 status=verified source=flammenkamp_cache/n21_rot2
# code=:3F280AEG9F6C4J3DIK9D1J7B027H1G8E5B46AKCI5H
0 3
0 15
1 2
1 8
2 0
2 10
3 14
3 16
4 9
4 15
5 6
5 12
6 4
6 19
7 3
7 13
8 18
8 20
9 9
9 13
10 1
10 19
11 7
11 11
12 0
12 2
13 7
13 17
14 1
14 16
15 8
15 14
16 5
16 11
17 4
17 6
18 10
18 20
19 12
19 18
20 5
20 17

# solution 1238
# n=21 sym=rot2 status=verified source=flammenkamp_cache/n21_rot2
# code=:CD2H6A5E29CKJK34DG9F1J5B47GH0108BI6FAE3I78
0 12
0 13
1 2
1 17
2 6
2 10
3 5
3 14
4 2
4 9
5 12
5 20
6 19
6 20
7 3
7 4
8 13
8 16
9 9
9 15
10 1
10 19
11 5
11 11
12 4
12 7
13 16
13 17
14 0
14 1
15 0
15 8
16 11
16 18
17 6
17 15
18 10
18 14
19 3
19 18
20 7
20 8

# solution 1239
# n=21 sym=rot2 status=verified source=flammenkamp_cache/n21_rot2
# code=:9F348A48EF2IDJ3D0K9E1J6B0K7H172I56CGACGH5B
0 9
0 15
1 3
1 4
2 8
2 10
3 4
3 8
4 14
4 15
5 2
5 18
6 13
6 19
7 3
7 13
8 0
8 20
9 9
9 14
10 1
10 19
11 6
11 11
12 0
12 20
13 7
13 17
14 1
14 7
15 2
15 18
16 5
16 6
17 12
17 16
18 10
18 12
19 16
19 17
20 5
20 11

# solution 1240
# n=21 sym=rot2 status=verified source=flammenkamp_cache/n21_rot2
# code=:353CAC2D0KDG9J6G6F291JBI5E4E1B470K7I8A8HFH
0 3
0 5
1 3
1 12
2 10
2 12
3 2
3 13
4 0
4 20
5 13
5 16
6 9
6 19
7 6
7 16
8 6
8 15
9 2
9 9
10 1
10 19
11 11
11 18
12 5
12 14
13 4
13 14
14 1
14 11
15 4
15 7
16 0
16 20
17 7
17 18
18 8
18 10
19 8
19 17
20 15
20 17

# solution 1241
# n=21 sym=rot2 status=verified source=flammenkamp_cache/n21_rot2
# code=:5C35ACEGBD023JDEGI9K1J0B24671HIK79468AFH8F
0 5
0 12
1 3
1 5
2 10
2 12
3 14
3 16
4 11
4 13
5 0
5 2
6 3
6 19
7 13
7 14
8 16
8 18
9 9
9 20
10 1
10 19
11 0
11 11
12 2
12 4
13 6
13 7
14 1
14 17
15 18
15 20
16 7
16 9
17 4
17 6
18 8
18 10
19 15
19 17
20 8
20 15

# solution 1242
# n=21 sym=rot2 status=verified source=flammenkamp_cache/n21_rot2
# code=:DG6A5D3926FGJK13098C2I8CBKHJ0145EIBH7FAE47
0 13
0 16
1 6
1 10
2 5
2 13
3 3
3 9
4 2
4 6
5 15
5 16
6 19
6 20
7 1
7 3
8 0
8 9
9 8
9 12
10 2
10 18
11 8
11 12
12 11
12 20
13 17
13 19
14 0
14 1
15 4
15 5
16 14
16 18
17 11
17 17
18 7
18 15
19 10
19 14
20 4
20 7

# solution 1243
# n=21 sym=rot2 status=verified source=flammenkamp_cache/n21_rot2
# code=:3606AFDG9CFH027J49CI1J28BG1DIK358B475AEKEH
0 3
0 6
1 0
1 6
2 10
2 15
3 13
3 16
4 9
4 12
5 15
5 17
6 0
6 2
7 7
7 19
8 4
8 9
9 12
9 18
10 1
10 19
11 2
11 8
12 11
12 16
13 1
13 13
14 18
14 20
15 3
15 5
16 8
16 11
17 4
17 7
18 5
18 10
19 14
19 20
20 14
20 17

# solution 1244
# n=21 sym=rot2 status=verified source=flammenkamp_cache/n21_rot2
# code=:4E9A5CCK4EHK152D19372IDHBJ7IFJ036G088FAB6G
0 4
0 14
1 9
1 10
2 5
2 12
3 12
3 20
4 4
4 14
5 17
5 20
6 1
6 5
7 2
7 13
8 1
8 9
9 3
9 7
10 2
10 18
11 13
11 17
12 11
12 19
13 7
13 18
14 15
14 19
15 0
15 3
16 6
16 16
17 0
17 8
18 8
18 15
19 10
19 11
20 6
20 16

# solution 1245
# n=21 sym=rot2 status=verified source=flammenkamp_cache/n21_rot2
# code=:7C3E7AEG39GK259J28051JFKCI1BFI04BH46AD6H8D
0 7
0 12
1 3
1 14
2 7
2 10
3 14
3 16
4 3
4 9
5 16
5 20
6 2
6 5
7 9
7 19
8 2
8 8
9 0
9 5
10 1
10 19
11 15
11 20
12 12
12 18
13 1
13 11
14 15
14 18
15 0
15 4
16 11
16 17
17 4
17 6
18 10
18 13
19 6
19 17
20 8
20 13

# solution 1246
# n=21 sym=rot2 status=verified source=flammenkamp_cache/n21_rot2
# code=:FH8K8A469F361279IKDG1J4702BDIJEH5BEGAC0C35
0 15
0 17
1 8
1 20
2 8
2 10
3 4
3 6
4 9
4 15
5 3
5 6
6 1
6 2
7 7
7 9
8 18
8 20
9 13
9 16
10 1
10 19
11 4
11 7
12 0
12 2
13 11
13 13
14 18
14 19
15 14
15 17
16 5
16 11
17 14
17 16
18 10
18 12
19 0
19 12
20 3
20 5

# solution 1247
# n=21 sym=rot2 status=verified source=flammenkamp_cache/n21_rot2
# code=:6B6A78130IFG34089FDJ2I175BCKGH452KHJCDAE9E
0 6
0 11
1 6
1 10
2 7
2 8
3 1
3 3
4 0
4 18
5 15
5 16
6 3
6 4
7 0
7 8
8 9
8 15
9 13
9 19
10 2
10 18
11 1
11 7
12 5
12 11
13 12
13 20
14 16
14 17
15 4
15 5
16 2
16 20
17 17
17 19
18 12
18 13
19 10
19 14
20 9
20 14

# solution 1248
# n=21 sym=rot2 status=verified source=flammenkamp_cache/n21_rot2
# code=:EF8A34DJ9K2E4H0C59DJ2I17BF8K3G6I0B17GHAC56
0 14
0 15
1 8
1 10
2 3
2 4
3 13
3 19
4 9
4 20
5 2
5 14
6 4
6 17
7 0
7 12
8 5
8 9
9 13
9 19
10 2
10 18
11 1
11 7
12 11
12 15
13 8
13 20
14 3
14 16
15 6
15 18
16 0
16 11
17 1
17 7
18 16
18 17
19 10
19 12
20 5
20 6

# solution 1249
# n=21 sym=rot2 status=verified source=flammenkamp_cache/n21_rot2
# code=:5B5G8A2E6G2D3J9K8D031JHK7C0B1H7I4E6IAC4F9F
0 5
0 11
1 5
1 16
2 8
2 10
3 2
3 14
4 6
4 16
5 2
5 13
6 3
6 19
7 9
7 20
8 8
8 13
9 0
9 3
10 1
10 19
11 17
11 20
12 7
12 12
13 0
13 11
14 1
14 17
15 7
15 18
16 4
16 14
17 6
17 18
18 10
18 12
19 4
19 15
20 9
20 15

# solution 1250
# n=21 sym=rot2 status=verified source=flammenkamp_cache/n21_rot2
# code=:DE5A38GJ9D5J38290K6G2I4E0KBICH1F7B14CHAF67
0 13
0 14
1 5
1 10
2 3
2 8
3 16
3 19
4 9
4 13
5 5
5 19
6 3
6 8
7 2
7 9
8 0
8 20
9 6
9 16
10 2
10 18
11 4
11 14
12 0
12 20
13 11
13 18
14 12
14 17
15 1
15 15
16 7
16 11
17 1
17 4
18 12
18 17
19 10
19 15
20 6
20 7

# solution 1251
# n=21 sym=rot2 status=verified source=flammenkamp_cache/n21_rot2
# code=:56AD3B38IK9F4D8K1G6J2I1E4J0C7G5B02CH9H7AEF
0 5
0 6
1 10
1 13
2 3
2 11
3 3
3 8
4 18
4 20
5 9
5 15
6 4
6 13
7 8
7 20
8 1
8 16
9 6
9 19
10 2
10 18
11 1
11 14
12 4
12 19
13 0
13 12
14 7
14 16
15 5
15 11
16 0
16 2
17 12
17 17
18 9
18 17
19 7
19 10
20 14
20 15

# solution 1252
# n=21 sym=rot2 status=verified source=flammenkamp_cache/n21_rot2
# code=:6C4A1D57HI1GBKFH89062IEKBC35094J23DF7JAG8E
0 6
0 12
1 4
1 10
2 1
2 13
3 5
3 7
4 17
4 18
5 1
5 16
6 11
6 20
7 15
7 17
8 8
8 9
9 0
9 6
10 2
10 18
11 14
11 20
12 11
12 12
13 3
13 5
14 0
14 9
15 4
15 19
16 2
16 3
17 13
17 15
18 7
18 19
19 10
19 16
20 8
20 14

# solution 1253
# n=21 sym=rot2 status=verified source=flammenkamp_cache/n21_rot2
# code=:BH4IAD468I13BK6F8D0F1J5K7C5E09HJ2CEG7A2G39
0 11
0 17
1 4
1 18
2 10
2 13
3 4
3 6
4 8
4 18
5 1
5 3
6 11
6 20
7 6
7 15
8 8
8 13
9 0
9 15
10 1
10 19
11 5
11 20
12 7
12 12
13 5
13 14
14 0
14 9
15 17
15 19
16 2
16 12
17 14
17 16
18 7
18 10
19 2
19 16
20 3
20 9

# solution 1254
# n=21 sym=rot2 status=verified source=flammenkamp_cache/n21_rot2
# code=:7CAGCH57139E5J9K02EG2I46IK0B1F6BHJDF384A8D
0 7
0 12
1 10
1 16
2 12
2 17
3 5
3 7
4 1
4 3
5 9
5 14
6 5
6 19
7 9
7 20
8 0
8 2
9 14
9 16
10 2
10 18
11 4
11 6
12 18
12 20
13 0
13 11
14 1
14 15
15 6
15 11
16 17
16 19
17 13
17 15
18 3
18 8
19 4
19 10
20 8
20 13

# solution 1255
# n=21 sym=rot2 status=verified source=flammenkamp_cache/n21_rot2
# code=:DF9ADH6F28GH141K9C0E2I6K8B0JGJ34CI5E37AB57
0 13
0 15
1 9
1 10
2 13
2 17
3 6
3 15
4 2
4 8
5 16
5 17
6 1
6 4
7 1
7 20
8 9
8 12
9 0
9 14
10 2
10 18
11 6
11 20
12 8
12 11
13 0
13 19
14 16
14 19
15 3
15 4
16 12
16 18
17 5
17 14
18 3
18 7
19 10
19 11
20 5
20 7

# solution 1256
# n=21 sym=rot2 status=verified source=flammenkamp_cache/n21_rot2
# code=:3C7A790E3C5J14IK695G2I4FBE02GJ1F8H6KBDAD8H
0 3
0 12
1 7
1 10
2 7
2 9
3 0
3 14
4 3
4 12
5 5
5 19
6 1
6 4
7 18
7 20
8 6
8 9
9 5
9 16
10 2
10 18
11 4
11 15
12 11
12 14
13 0
13 2
14 16
14 19
15 1
15 15
16 8
16 17
17 6
17 20
18 11
18 13
19 10
19 13
20 8
20 17

# solution 1257
# n=21 sym=rot2 status=verified source=flammenkamp_cache/n21_rot2
# code=:GI7A9D353G8K1CEK69152IFJBE068J0C4HFH7BAD24
0 16
0 18
1 7
1 10
2 9
2 13
3 3
3 5
4 3
4 16
5 8
5 20
6 1
6 12
7 14
7 20
8 6
8 9
9 1
9 5
10 2
10 18
11 15
11 19
12 11
12 14
13 0
13 6
14 8
14 19
15 0
15 12
16 4
16 17
17 15
17 17
18 7
18 11
19 10
19 13
20 2
20 4

# solution 1258
# n=21 sym=rot2 status=verified source=flammenkamp_cache/n21_rot2
# code=:1B8A7HDF4E08HK6924152IFJGIBE03CK6G573DAC9J
0 1
0 11
1 8
1 10
2 7
2 17
3 13
3 15
4 4
4 14
5 0
5 8
6 17
6 20
7 6
7 9
8 2
8 4
9 1
9 5
10 2
10 18
11 15
11 19
12 16
12 18
13 11
13 14
14 0
14 3
15 12
15 20
16 6
16 16
17 5
17 7
18 3
18 13
19 10
19 12
20 9
20 19

# solution 1259
# n=21 sym=rot2 status=verified source=flammenkamp_cache/n21_rot2
# code=:4C7A7C1F9H1E4H069IFK2I052BEK3G6J3B5J8DAD8G
0 4
0 12
1 7
1 10
2 7
2 12
3 1
3 15
4 9
4 17
5 1
5 14
6 4
6 17
7 0
7 6
8 9
8 18
9 15
9 20
10 2
10 18
11 0
11 5
12 2
12 11
13 14
13 20
14 3
14 16
15 6
15 19
16 3
16 11
17 5
17 19
18 8
18 13
19 10
19 13
20 8
20 16

# solution 1260
# n=21 sym=rot2 status=verified source=flammenkamp_cache/n21_rot2
# code=:EH5A4H175CEK9CDK19242IGIBJ078B068FDJ3GAF36
0 14
0 17
1 5
1 10
2 4
2 17
3 1
3 7
4 5
4 12
5 14
5 20
6 9
6 12
7 13
7 20
8 1
8 9
9 2
9 4
10 2
10 18
11 16
11 18
12 11
12 19
13 0
13 7
14 8
14 11
15 0
15 6
16 8
16 15
17 13
17 19
18 3
18 16
19 10
19 15
20 3
20 6

# solution 1261
# n=21 sym=rot2 status=verified source=flammenkamp_cache/n21_rot2
# code=:BE4A1D7F28FH89EH01042IGKJK36BC35CI5D7JAG69
0 11
0 14
1 4
1 10
2 1
2 13
3 7
3 15
4 2
4 8
5 15
5 17
6 8
6 9
7 14
7 17
8 0
8 1
9 0
9 4
10 2
10 18
11 16
11 20
12 19
12 20
13 3
13 6
14 11
14 12
15 3
15 5
16 12
16 18
17 5
17 13
18 7
18 19
19 10
19 16
20 6
20 9

# solution 1262
# n=21 sym=rot2 status=verified source=flammenkamp_cache/n21_rot2
# code=:6HACCJ7J5D5B3G9K062G2I4IEK0B4H9F7F1D188A3E
0 6
0 17
1 10
1 12
2 12
2 19
3 7
3 19
4 5
4 13
5 5
5 11
6 3
6 16
7 9
7 20
8 0
8 6
9 2
9 16
10 2
10 18
11 4
11 18
12 14
12 20
13 0
13 11
14 4
14 17
15 9
15 15
16 7
16 15
17 1
17 13
18 1
18 8
19 8
19 10
20 3
20 14

# solution 1263
# n=21 sym=rot2 status=verified source=flammenkamp_cache/n21_rot2
# code=:6CAE351K9C1524DH9DGK2I047B37GIFJ8B0JFH6A8E
0 6
0 12
1 10
1 14
2 3
2 5
3 1
3 20
4 9
4 12
5 1
5 5
6 2
6 4
7 13
7 17
8 9
8 13
9 16
9 20
10 2
10 18
11 0
11 4
12 7
12 11
13 3
13 7
14 16
14 18
15 15
15 19
16 8
16 11
17 0
17 19
18 15
18 17
19 6
19 10
20 8
20 14

# solution 1264
# n=21 sym=rot2 status=verified source=flammenkamp_cache/n21_rot2
# code=:CEAE351K9C1524DH9DGK2I047B37GIFJ8B0JFH6A68
0 12
0 14
1 10
1 14
2 3
2 5
3 1
3 20
4 9
4 12
5 1
5 5
6 2
6 4
7 13
7 17
8 9
8 13
9 16
9 20
10 2
10 18
11 0
11 4
12 7
12 11
13 3
13 7
14 16
14 18
15 15
15 19
16 8
16 11
17 0
17 19
18 15
18 17
19 6
19 10
20 6
20 8

# solution 1265
# n=21 sym=rot2 status=verified source=flammenkamp_cache/n21_rot2
# code=:793DAK9G6ICG153I08EF1J56CK2HFJ482E4B0A7HBD
0 7
0 9
1 3
1 13
2 10
2 20
3 9
3 16
4 6
4 18
5 12
5 16
6 1
6 5
7 3
7 18
8 0
8 8
9 14
9 15
10 1
10 19
11 5
11 6
12 12
12 20
13 2
13 17
14 15
14 19
15 4
15 8
16 2
16 14
17 4
17 11
18 0
18 10
19 7
19 17
20 11
20 13

# solution 1266
# n=21 sym=rot2 status=verified source=flammenkamp_cache/n21_rot2
# code=:DF8AFH369I1G8K9D4E1K2I0J6G7B0C4J2BEH35AC57
0 13
0 15
1 8
1 10
2 15
2 17
3 3
3 6
4 9
4 18
5 1
5 16
6 8
6 20
7 9
7 13
8 4
8 14
9 1
9 20
10 2
10 18
11 0
11 19
12 6
12 16
13 7
13 11
14 0
14 12
15 4
15 19
16 2
16 11
17 14
17 17
18 3
18 5
19 10
19 12
20 5
20 7

# solution 1267
# n=21 sym=rot2 status=verified source=flammenkamp_cache/n21_rot2
# code=:893D6A2G68BK1H27FJFG0K4515DI3J09CE4IAE7HBC
0 8
0 9
1 3
1 13
2 6
2 10
3 2
3 16
4 6
4 8
5 11
5 20
6 1
6 17
7 2
7 7
8 15
8 19
9 15
9 16
10 0
10 20
11 4
11 5
12 1
12 5
13 13
13 18
14 3
14 19
15 0
15 9
16 12
16 14
17 4
17 18
18 10
18 14
19 7
19 17
20 11
20 12

# solution 1268
# n=21 sym=rot2 status=verified source=flammenkamp_cache/n21_rot2
# code=:AJCE3G784J793K2E59FK2I05BF6I0HBD1GCD4H681A
0 10
0 19
1 12
1 14
2 3
2 16
3 7
3 8
4 4
4 19
5 7
5 9
6 3
6 20
7 2
7 14
8 5
8 9
9 15
9 20
10 2
10 18
11 0
11 5
12 11
12 15
13 6
13 18
14 0
14 17
15 11
15 13
16 1
16 16
17 12
17 13
18 4
18 17
19 6
19 8
20 1
20 10

# solution 1269
# n=21 sym=rot2 status=verified source=flammenkamp_cache/n21_rot2
# code=:3836ADGJ9D1F296G28FK0K05CI4EBI5J7B147AEHCH
0 3
0 8
1 3
1 6
2 10
2 13
3 16
3 19
4 9
4 13
5 1
5 15
6 2
6 9
7 6
7 16
8 2
8 8
9 15
9 20
10 0
10 20
11 0
11 5
12 12
12 18
13 4
13 14
14 11
14 18
15 5
15 19
16 7
16 11
17 1
17 4
18 7
18 10
19 14
19 17
20 12
20 17

# solution 1270
# n=21 sym=rot2 status=verified source=flammenkamp_cache/n21_rot2
# code=:AD6HDH568J9F4I0189042IGKBCJK2G5B1CEF373E7A
0 10
0 13
1 6
1 17
2 13
2 17
3 5
3 6
4 8
4 19
5 9
5 15
6 4
6 18
7 0
7 1
8 8
8 9
9 0
9 4
10 2
10 18
11 16
11 20
12 11
12 12
13 19
13 20
14 2
14 16
15 5
15 11
16 1
16 12
17 14
17 15
18 3
18 7
19 3
19 14
20 7
20 10

# solution 1271
# n=21 sym=rot2 status=verified source=flammenkamp_cache/n21_rot2
# code=:AD6HDH568J9F4I0J89042IGKBC1K2G5B1CEF373E7A
0 10
0 13
1 6
1 17
2 13
2 17
3 5
3 6
4 8
4 19
5 9
5 15
6 4
6 18
7 0
7 19
8 8
8 9
9 0
9 4
10 2
10 18
11 16
11 20
12 11
12 12
13 1
13 20
14 2
14 16
15 5
15 11
16 1
16 12
17 14
17 15
18 3
18 7
19 3
19 14
20 7
20 10

# solution 1272
# n=21 sym=rot2 status=verified source=flammenkamp_cache/n21_rot2
# code=:7ACE2G7H1J493C5E09FK2I05BK6F8HBG1J3D4I68AD
0 7
0 10
1 12
1 14
2 2
2 16
3 7
3 17
4 1
4 19
5 4
5 9
6 3
6 12
7 5
7 14
8 0
8 9
9 15
9 20
10 2
10 18
11 0
11 5
12 11
12 20
13 6
13 15
14 8
14 17
15 11
15 16
16 1
16 19
17 3
17 13
18 4
18 18
19 6
19 8
20 10
20 13

# solution 1273
# n=21 sym=rot2 status=verified source=flammenkamp_cache/n21_rot2
# code=:793GAC25CIEG9J371EFK0K056JDH1B4628FI8A4HBD
0 7
0 9
1 3
1 16
2 10
2 12
3 2
3 5
4 12
4 18
5 14
5 16
6 9
6 19
7 3
7 7
8 1
8 14
9 15
9 20
10 0
10 20
11 0
11 5
12 6
12 19
13 13
13 17
14 1
14 11
15 4
15 6
16 2
16 8
17 15
17 18
18 8
18 10
19 4
19 17
20 11
20 13

# solution 1274
# n=21 sym=rot2 status=verified source=flammenkamp_cache/n21_rot2
# code=:4ADE388E4I9HFJ0519072IDKBJFK153B2G6CCH67AG
0 4
0 10
1 13
1 14
2 3
2 8
3 8
3 14
4 4
4 18
5 9
5 17
6 15
6 19
7 0
7 5
8 1
8 9
9 0
9 7
10 2
10 18
11 13
11 20
12 11
12 19
13 15
13 20
14 1
14 5
15 3
15 11
16 2
16 16
17 6
17 12
18 12
18 17
19 6
19 7
20 10
20 16

# solution 1275
# n=21 sym=rot2 status=verified source=flammenkamp_cache/n21_rot2
# code=:1D8H5A8IDG369K126G9F0K5B4EIJ0BEH472CAF3C7J
0 1
0 13
1 8
1 17
2 5
2 10
3 8
3 18
4 13
4 16
5 3
5 6
6 9
6 20
7 1
7 2
8 6
8 16
9 9
9 15
10 0
10 20
11 5
11 11
12 4
12 14
13 18
13 19
14 0
14 11
15 14
15 17
16 4
16 7
17 2
17 12
18 10
18 15
19 3
19 12
20 7
20 19

# solution 1276
# n=21 sym=rot2 status=verified source=flammenkamp_cache/n21_rot2
# code=:795C6AEH123D19GK28FG0K45CI04BJ7HIJ36AE8FBD
0 7
0 9
1 5
1 12
2 6
2 10
3 14
3 17
4 1
4 2
5 3
5 13
6 1
6 9
7 16
7 20
8 2
8 8
9 15
9 16
10 0
10 20
11 4
11 5
12 12
12 18
13 0
13 4
14 11
14 19
15 7
15 17
16 18
16 19
17 3
17 6
18 10
18 14
19 8
19 15
20 11
20 13

# solution 1277
# n=21 sym=rot2 status=verified source=flammenkamp_cache/n21_rot2
# code=:6ADE3F08GI9JCF3419072IDKBJGH581B24CK5H67AE
0 6
0 10
1 13
1 14
2 3
2 15
3 0
3 8
4 16
4 18
5 9
5 19
6 12
6 15
7 3
7 4
8 1
8 9
9 0
9 7
10 2
10 18
11 13
11 20
12 11
12 19
13 16
13 17
14 5
14 8
15 1
15 11
16 2
16 4
17 12
17 20
18 5
18 17
19 6
19 7
20 10
20 14

# solution 1278
# n=21 sym=rot2 status=verified source=flammenkamp_cache/n21_rot2
# code=:6ADE3F08GI9JCF349D0J2I1K7BGH581B24CK5H67AE
0 6
0 10
1 13
1 14
2 3
2 15
3 0
3 8
4 16
4 18
5 9
5 19
6 12
6 15
7 3
7 4
8 9
8 13
9 0
9 19
10 2
10 18
11 1
11 20
12 7
12 11
13 16
13 17
14 5
14 8
15 1
15 11
16 2
16 4
17 12
17 20
18 5
18 17
19 6
19 7
20 10
20 14

# solution 1279
# n=21 sym=rot2 status=verified source=flammenkamp_cache/n21_rot2
# code=:8B560AGI7E3I193D8JFG0K451C7HBJ2H6D24AKEF9C
0 8
0 11
1 5
1 6
2 0
2 10
3 16
3 18
4 7
4 14
5 3
5 18
6 1
6 9
7 3
7 13
8 8
8 19
9 15
9 16
10 0
10 20
11 4
11 5
12 1
12 12
13 7
13 17
14 11
14 19
15 2
15 17
16 6
16 13
17 2
17 4
18 10
18 20
19 14
19 15
20 9
20 12

# solution 1280
# n=21 sym=rot2 status=verified source=flammenkamp_cache/n21_rot2
# code=:8B5E0AEG7B1337GJ8IFI0K252C14DHHJ9D46AK6F9C
0 8
0 11
1 5
1 14
2 0
2 10
3 14
3 16
4 7
4 11
5 1
5 3
6 3
6 7
7 16
7 19
8 8
8 18
9 15
9 18
10 0
10 20
11 2
11 5
12 2
12 12
13 1
13 4
14 13
14 17
15 17
15 19
16 9
16 13
17 4
17 6
18 10
18 20
19 6
19 15
20 9
20 12

# solution 1281
# n=21 sym=rot2 status=verified source=flammenkamp_cache/n21_rot2
# code=:6A9E34DG5D091F0J8C232IHI8C1K5JBK7F47GH6BAE
0 6
0 10
1 9
1 14
2 3
2 4
3 13
3 16
4 5
4 13
5 0
5 9
6 1
6 15
7 0
7 19
8 8
8 12
9 2
9 3
10 2
10 18
11 17
11 18
12 8
12 12
13 1
13 20
14 5
14 19
15 11
15 20
16 7
16 15
17 4
17 7
18 16
18 17
19 6
19 11
20 10
20 14

# solution 1282
# n=21 sym=rot2 status=verified source=flammenkamp_cache/n21_rot2
# code=:4C9C7A4I7J033JEIEF590KBF56261HHK1D2GAD8B8G
0 4
0 12
1 9
1 12
2 7
2 10
3 4
3 18
4 7
4 19
5 0
5 3
6 3
6 19
7 14
7 18
8 14
8 15
9 5
9 9
10 0
10 20
11 11
11 15
12 5
12 6
13 2
13 6
14 1
14 17
15 17
15 20
16 1
16 13
17 2
17 16
18 10
18 13
19 8
19 11
20 8
20 16

# solution 1283
# n=21 sym=rot2 status=verified source=flammenkamp_cache/n21_rot2
# code=:0ACD467H13BC159I05EG2I46FK2BFJ89HJ3DEG78AK
0 0
0 10
1 12
1 13
2 4
2 6
3 7
3 17
4 1
4 3
5 11
5 12
6 1
6 5
7 9
7 18
8 0
8 5
9 14
9 16
10 2
10 18
11 4
11 6
12 15
12 20
13 2
13 11
14 15
14 19
15 8
15 9
16 17
16 19
17 3
17 13
18 14
18 16
19 7
19 8
20 10
20 20

# solution 1284
# n=21 sym=rot2 status=verified source=flammenkamp_cache/n21_rot2
# code=:6B3D1A6GGI2CBJ358D050KFK7CFH198I244EAJ7H9E
0 6
0 11
1 3
1 13
2 1
2 10
3 6
3 16
4 16
4 18
5 2
5 12
6 11
6 19
7 3
7 5
8 8
8 13
9 0
9 5
10 0
10 20
11 15
11 20
12 7
12 12
13 15
13 17
14 1
14 9
15 8
15 18
16 2
16 4
17 4
17 14
18 10
18 19
19 7
19 17
20 9
20 14

# solution 1285
# n=21 sym=rot2 status=verified source=flammenkamp_cache/n21_rot2
# code=:6DCD6A1G352C9H12GK590KBF04IJ3B8IFH4JAE787E
0 6
0 13
1 12
1 13
2 6
2 10
3 1
3 16
4 3
4 5
5 2
5 12
6 9
6 17
7 1
7 2
8 16
8 20
9 5
9 9
10 0
10 20
11 11
11 15
12 0
12 4
13 18
13 19
14 3
14 11
15 8
15 18
16 15
16 17
17 4
17 19
18 10
18 14
19 7
19 8
20 7
20 14

# solution 1286
# n=21 sym=rot2 status=verified source=flammenkamp_cache/n21_rot2
# code=:CDDK6A14562C9H12GH590KBF34IJ3B8IEFGJAE0778
0 12
0 13
1 13
1 20
2 6
2 10
3 1
3 4
4 5
4 6
5 2
5 12
6 9
6 17
7 1
7 2
8 16
8 17
9 5
9 9
10 0
10 20
11 11
11 15
12 3
12 4
13 18
13 19
14 3
14 11
15 8
15 18
16 14
16 15
17 16
17 19
18 10
18 14
19 0
19 7
20 7
20 8

# solution 1287
# n=21 sym=rot2 status=verified source=flammenkamp_cache/n21_rot2
# code=:AE8CFH2714BH5K9D146K2I0EGJ7B0F39GJDI358C6A
0 10
0 14
1 8
1 12
2 15
2 17
3 2
3 7
4 1
4 4
5 11
5 17
6 5
6 20
7 9
7 13
8 1
8 4
9 6
9 20
10 2
10 18
11 0
11 14
12 16
12 19
13 7
13 11
14 0
14 15
15 3
15 9
16 16
16 19
17 13
17 18
18 3
18 5
19 8
19 12
20 6
20 10

# solution 1288
# n=21 sym=rot2 status=verified source=flammenkamp_cache/n21_rot2
# code=:AK8E34EG3D299D5J8J0F2I5K1C1F7BBI7H46GH6C0A
0 10
0 20
1 8
1 14
2 3
2 4
3 14
3 16
4 3
4 13
5 2
5 9
6 9
6 13
7 5
7 19
8 8
8 19
9 0
9 15
10 2
10 18
11 5
11 20
12 1
12 12
13 1
13 15
14 7
14 11
15 11
15 18
16 7
16 17
17 4
17 6
18 16
18 17
19 6
19 12
20 0
20 10

# solution 1289
# n=21 sym=rot2 status=verified source=flammenkamp_cache/n21_rot2
# code=:9AEF8D36DI1B18044FHK2I035GGKCJ9J27EH7C56AB
0 9
0 10
1 14
1 15
2 8
2 13
3 3
3 6
4 13
4 18
5 1
5 11
6 1
6 8
7 0
7 4
8 4
8 15
9 17
9 20
10 2
10 18
11 0
11 3
12 5
12 16
13 16
13 20
14 12
14 19
15 9
15 19
16 2
16 7
17 14
17 17
18 7
18 12
19 5
19 6
20 10
20 11

# solution 1290
# n=21 sym=rot2 status=verified source=flammenkamp_cache/n21_rot2
# code=:9D6F8A292GDGHJEJ38050KFKCH1613474IBIAC5E7B
0 9
0 13
1 6
1 15
2 8
2 10
3 2
3 9
4 2
4 16
5 13
5 16
6 17
6 19
7 14
7 19
8 3
8 8
9 0
9 5
10 0
10 20
11 15
11 20
12 12
12 17
13 1
13 6
14 1
14 3
15 4
15 7
16 4
16 18
17 11
17 18
18 10
18 12
19 5
19 14
20 7
20 11

# solution 1291
# n=21 sym=rot2 status=verified source=flammenkamp_cache/n21_rot2
# code=:796F8A292GDGHJEJ38050KFKCH1613474IBIAC5EBD
0 7
0 9
1 6
1 15
2 8
2 10
3 2
3 9
4 2
4 16
5 13
5 16
6 17
6 19
7 14
7 19
8 3
8 8
9 0
9 5
10 0
10 20
11 15
11 20
12 12
12 17
13 1
13 6
14 1
14 3
15 4
15 7
16 4
16 18
17 11
17 18
18 10
18 12
19 5
19 14
20 11
20 13

# solution 1292
# n=21 sym=rot2 status=verified source=flammenkamp_cache/n21_rot2
# code=:9B6F8A242G7DHJEJ38050KFKCH16137D4IGIAC5E9B
0 9
0 11
1 6
1 15
2 8
2 10
3 2
3 4
4 2
4 16
5 7
5 13
6 17
6 19
7 14
7 19
8 3
8 8
9 0
9 5
10 0
10 20
11 15
11 20
12 12
12 17
13 1
13 6
14 1
14 3
15 7
15 13
16 4
16 18
17 16
17 18
18 10
18 12
19 5
19 14
20 9
20 11

# solution 1293
# n=21 sym=rot2 status=verified source=flammenkamp_cache/n21_rot2
# code=:348C7A4K7F3E1E192F9I0K2B5IBJ6J6H5D0GAD8CGH
0 3
0 4
1 8
1 12
2 7
2 10
3 4
3 20
4 7
4 15
5 3
5 14
6 1
6 14
7 1
7 9
8 2
8 15
9 9
9 18
10 0
10 20
11 2
11 11
12 5
12 18
13 11
13 19
14 6
14 19
15 6
15 17
16 5
16 13
17 0
17 16
18 10
18 13
19 8
19 12
20 16
20 17

# solution 1294
# n=21 sym=rot2 status=verified source=flammenkamp_cache/n21_rot2
# code=:4AEH45CD9H185IDJ09EK2I06BK172FCJ3B78FG36AG
0 4
0 10
1 14
1 17
2 4
2 5
3 12
3 13
4 9
4 17
5 1
5 8
6 5
6 18
7 13
7 19
8 0
8 9
9 14
9 20
10 2
10 18
11 0
11 6
12 11
12 20
13 1
13 7
14 2
14 15
15 12
15 19
16 3
16 11
17 7
17 8
18 15
18 16
19 3
19 6
20 10
20 16

# solution 1295
# n=21 sym=rot2 status=verified source=flammenkamp_cache/n21_rot2
# code=:AF7E3836GI18BK0F19472IDGBJ5K09CJ24EHCH6D5A
0 10
0 15
1 7
1 14
2 3
2 8
3 3
3 6
4 16
4 18
5 1
5 8
6 11
6 20
7 0
7 15
8 1
8 9
9 4
9 7
10 2
10 18
11 13
11 16
12 11
12 19
13 5
13 20
14 0
14 9
15 12
15 19
16 2
16 4
17 14
17 17
18 12
18 17
19 6
19 13
20 5
20 10

# solution 1296
# n=21 sym=rot2 status=verified source=flammenkamp_cache/n21_rot2
# code=:8ADE143K79CG159E25032IHKFI6BFJ48BD0HGJ67AC
0 8
0 10
1 13
1 14
2 1
2 4
3 3
3 20
4 7
4 9
5 12
5 16
6 1
6 5
7 9
7 14
8 2
8 5
9 0
9 3
10 2
10 18
11 17
11 20
12 15
12 18
13 6
13 11
14 15
14 19
15 4
15 8
16 11
16 13
17 0
17 17
18 16
18 19
19 6
19 7
20 10
20 12

# solution 1297
# n=21 sym=rot2 status=verified source=flammenkamp_cache/n21_rot2
# code=:4ADE1C3K79CG159E25032IHKFI6BFJ48BD0H8J67AG
0 4
0 10
1 13
1 14
2 1
2 12
3 3
3 20
4 7
4 9
5 12
5 16
6 1
6 5
7 9
7 14
8 2
8 5
9 0
9 3
10 2
10 18
11 17
11 20
12 15
12 18
13 6
13 11
14 15
14 19
15 4
15 8
16 11
16 13
17 0
17 17
18 8
18 19
19 6
19 7
20 10
20 16

# solution 1298
# n=21 sym=rot2 status=verified source=flammenkamp_cache/n21_rot2
# code=:4ADE1C3K79CG5J9E25032IHKFI6B1F48BD0H8J67AG
0 4
0 10
1 13
1 14
2 1
2 12
3 3
3 20
4 7
4 9
5 12
5 16
6 5
6 19
7 9
7 14
8 2
8 5
9 0
9 3
10 2
10 18
11 17
11 20
12 15
12 18
13 6
13 11
14 1
14 15
15 4
15 8
16 11
16 13
17 0
17 17
18 8
18 19
19 6
19 7
20 10
20 16

# solution 1299
# n=21 sym=rot2 status=verified source=flammenkamp_cache/n21_rot2
# code=:6D6FABHI1B7H184F8IGK0K042C5GCJ3D9J239A5E7E
0 6
0 13
1 6
1 15
2 10
2 11
3 17
3 18
4 1
4 11
5 7
5 17
6 1
6 8
7 4
7 15
8 8
8 18
9 16
9 20
10 0
10 20
11 0
11 4
12 2
12 12
13 5
13 16
14 12
14 19
15 3
15 13
16 9
16 19
17 2
17 3
18 9
18 10
19 5
19 14
20 7
20 14

# solution 1300
# n=21 sym=rot2 status=verified source=flammenkamp_cache/n21_rot2
# code=:6D6FAB2H1B7H184F8IGK0K042C5GCJ3D9J3I9A5E7E
0 6
0 13
1 6
1 15
2 10
2 11
3 2
3 17
4 1
4 11
5 7
5 17
6 1
6 8
7 4
7 15
8 8
8 18
9 16
9 20
10 0
10 20
11 0
11 4
12 2
12 12
13 5
13 16
14 12
14 19
15 3
15 13
16 9
16 19
17 3
17 18
18 9
18 10
19 5
19 14
20 7
20 14

# solution 1301
# n=21 sym=rot2 status=verified source=flammenkamp_cache/n21_rot2
# code=:AE6H18BD0F17FH0489242IGIBCGK35DJ5K79CJ3E6A
0 10
0 14
1 6
1 17
2 1
2 8
3 11
3 13
4 0
4 15
5 1
5 7
6 15
6 17
7 0
7 4
8 8
8 9
9 2
9 4
10 2
10 18
11 16
11 18
12 11
12 12
13 16
13 20
14 3
14 5
15 13
15 19
16 5
16 20
17 7
17 9
18 12
18 19
19 3
19 14
20 6
20 10

# solution 1302
# n=21 sym=rot2 status=verified source=flammenkamp_cache/n21_rot2
# code=:AB8C3F1714DHFK69IK6G2I4E02BE0537GJDJ5H8C9A
0 10
0 11
1 8
1 12
2 3
2 15
3 1
3 7
4 1
4 4
5 13
5 17
6 15
6 20
7 6
7 9
8 18
8 20
9 6
9 16
10 2
10 18
11 4
11 14
12 0
12 2
13 11
13 14
14 0
14 5
15 3
15 7
16 16
16 19
17 13
17 19
18 5
18 17
19 8
19 12
20 9
20 10

# solution 1303
# n=21 sym=rot2 status=verified source=flammenkamp_cache/n21_rot2
# code=:AB8CFH1714DHFK69IK6G2I4E02BE0537GJDJ358C9A
0 10
0 11
1 8
1 12
2 15
2 17
3 1
3 7
4 1
4 4
5 13
5 17
6 15
6 20
7 6
7 9
8 18
8 20
9 6
9 16
10 2
10 18
11 4
11 14
12 0
12 2
13 11
13 14
14 0
14 5
15 3
15 7
16 16
16 19
17 13
17 19
18 3
18 5
19 8
19 12
20 9
20 10

# solution 1304
# n=21 sym=rot2 status=verified source=flammenkamp_cache/n21_rot2
# code=:AB6G393FDGDJ0808IJ6F2I5E12CKCK17475HBH4E9A
0 10
0 11
1 6
1 16
2 3
2 9
3 3
3 15
4 13
4 16
5 13
5 19
6 0
6 8
7 0
7 8
8 18
8 19
9 6
9 15
10 2
10 18
11 5
11 14
12 1
12 2
13 12
13 20
14 12
14 20
15 1
15 7
16 4
16 7
17 5
17 17
18 11
18 17
19 4
19 14
20 9
20 10

# solution 1305
# n=21 sym=rot2 status=verified source=flammenkamp_cache/n21_rot2
# code=:AB6G3BFH4DDJ0808IJ6F2I5E12CKCK177G359H4E9A
0 10
0 11
1 6
1 16
2 3
2 11
3 15
3 17
4 4
4 13
5 13
5 19
6 0
6 8
7 0
7 8
8 18
8 19
9 6
9 15
10 2
10 18
11 5
11 14
12 1
12 2
13 12
13 20
14 12
14 20
15 1
15 7
16 7
16 16
17 3
17 5
18 9
18 17
19 4
19 14
20 9
20 10

# solution 1306
# n=21 sym=rot2 status=verified source=flammenkamp_cache/n21_rot2
# code=:AB6G3B3FDGDJ0808IJ6F2I5E12CKCK17475H9H4E9A
0 10
0 11
1 6
1 16
2 3
2 11
3 3
3 15
4 13
4 16
5 13
5 19
6 0
6 8
7 0
7 8
8 18
8 19
9 6
9 15
10 2
10 18
11 5
11 14
12 1
12 2
13 12
13 20
14 12
14 20
15 1
15 7
16 4
16 7
17 5
17 17
18 9
18 17
19 4
19 14
20 9
20 10

# solution 1307
# n=21 sym=rot2 status=verified source=flammenkamp_cache/n21_rot2
# code=:AC365903DGDJ0B68IJFG2I4512CE9K1747HKBFEH8A
0 10
0 12
1 3
1 6
2 5
2 9
3 0
3 3
4 13
4 16
5 13
5 19
6 0
6 11
7 6
7 8
8 18
8 19
9 15
9 16
10 2
10 18
11 4
11 5
12 1
12 2
13 12
13 14
14 9
14 20
15 1
15 7
16 4
16 7
17 17
17 20
18 11
18 15
19 14
19 17
20 8
20 10

# solution 1308
# n=21 sym=rot2 status=verified source=flammenkamp_cache/n21_rot2
# code=:6ACE45CI9HDJ15DH490K2I0KBG37FJ173B28FG68AE
0 6
0 10
1 12
1 14
2 4
2 5
3 12
3 18
4 9
4 17
5 13
5 19
6 1
6 5
7 13
7 17
8 4
8 9
9 0
9 20
10 2
10 18
11 0
11 20
12 11
12 16
13 3
13 7
14 15
14 19
15 1
15 7
16 3
16 11
17 2
17 8
18 15
18 16
19 6
19 8
20 10
20 14

# solution 1309
# n=21 sym=rot2 status=verified source=flammenkamp_cache/n21_rot2
# code=:6A34CF79GHDJ152E890K2I0KBC6IFJ1734BD58GHAE
0 6
0 10
1 3
1 4
2 12
2 15
3 7
3 9
4 16
4 17
5 13
5 19
6 1
6 5
7 2
7 14
8 8
8 9
9 0
9 20
10 2
10 18
11 0
11 20
12 11
12 12
13 6
13 18
14 15
14 19
15 1
15 7
16 3
16 4
17 11
17 13
18 5
18 8
19 16
19 17
20 10
20 14

# solution 1310
# n=21 sym=rot2 status=verified source=flammenkamp_cache/n21_rot2
# code=:6A5E89GK3FDJ13479C0I2I2K8BDGHJ175H04BC6FAE
0 6
0 10
1 5
1 14
2 8
2 9
3 16
3 20
4 3
4 15
5 13
5 19
6 1
6 3
7 4
7 7
8 9
8 12
9 0
9 18
10 2
10 18
11 2
11 20
12 8
12 11
13 13
13 16
14 17
14 19
15 1
15 7
16 5
16 17
17 0
17 4
18 11
18 12
19 6
19 15
20 10
20 14

# solution 1311
# n=21 sym=rot2 status=verified source=flammenkamp_cache/n21_rot2
# code=:4ACE3DFI9J15389DGK0E2I6K047BCHFJ1B257H68AG
0 4
0 10
1 12
1 14
2 3
2 13
3 15
3 18
4 9
4 19
5 1
5 5
6 3
6 8
7 9
7 13
8 16
8 20
9 0
9 14
10 2
10 18
11 6
11 20
12 0
12 4
13 7
13 11
14 12
14 17
15 15
15 19
16 1
16 11
17 2
17 5
18 7
18 17
19 6
19 8
20 10
20 16

# solution 1312
# n=21 sym=rot2 status=verified source=flammenkamp_cache/n21_rot2
# code=:AB683F1J4DFG039C076I2I2EDK8BHK457G1J5HCE9A
0 10
0 11
1 6
1 8
2 3
2 15
3 1
3 19
4 4
4 13
5 15
5 16
6 0
6 3
7 9
7 12
8 0
8 7
9 6
9 18
10 2
10 18
11 2
11 14
12 13
12 20
13 8
13 11
14 17
14 20
15 4
15 5
16 7
16 16
17 1
17 19
18 5
18 17
19 12
19 14
20 9
20 10

# solution 1313
# n=21 sym=rot2 status=verified source=flammenkamp_cache/n21_rot2
# code=:AB683F1J4DFG3K9C076I2I2EDK8B0H457G1J5HCE9A
0 10
0 11
1 6
1 8
2 3
2 15
3 1
3 19
4 4
4 13
5 15
5 16
6 3
6 20
7 9
7 12
8 0
8 7
9 6
9 18
10 2
10 18
11 2
11 14
12 13
12 20
13 8
13 11
14 0
14 17
15 4
15 5
16 7
16 16
17 1
17 19
18 5
18 17
19 12
19 14
20 9
20 10

# solution 1314
# n=21 sym=rot2 status=verified source=flammenkamp_cache/n21_rot2
# code=:BC464A1D5FCE3I012H9D0K7B3IJK2H685F7JAGEG89
0 11
0 12
1 4
1 6
2 4
2 10
3 1
3 13
4 5
4 15
5 12
5 14
6 3
6 18
7 0
7 1
8 2
8 17
9 9
9 13
10 0
10 20
11 7
11 11
12 3
12 18
13 19
13 20
14 2
14 17
15 6
15 8
16 5
16 15
17 7
17 19
18 10
18 16
19 14
19 16
20 8
20 9

# solution 1315
# n=21 sym=rot2 status=verified source=flammenkamp_cache/n21_rot2
# code=:BE7E8AFI0F3I378J14490KBGGJ1CDH2H5K25AC6D69
0 11
0 14
1 7
1 14
2 8
2 10
3 15
3 18
4 0
4 15
5 3
5 18
6 3
6 7
7 8
7 19
8 1
8 4
9 4
9 9
10 0
10 20
11 11
11 16
12 16
12 19
13 1
13 12
14 13
14 17
15 2
15 17
16 5
16 20
17 2
17 5
18 10
18 12
19 6
19 13
20 6
20 9

# solution 1316
# n=21 sym=rot2 status=verified source=flammenkamp_cache/n21_rot2
# code=:AE15CH5ECI4H199G7D0K2I0K7D4BBJ3G286F38FJ6A
0 10
0 14
1 1
1 5
2 12
2 17
3 5
3 14
4 12
4 18
5 4
5 17
6 1
6 9
7 9
7 16
8 7
8 13
9 0
9 20
10 2
10 18
11 0
11 20
12 7
12 13
13 4
13 11
14 11
14 19
15 3
15 16
16 2
16 8
17 6
17 15
18 3
18 8
19 15
19 19
20 6
20 10

# solution 1317
# n=21 sym=rot2 status=verified source=flammenkamp_cache/n21_rot2
# code=:474CAF2C3F13DE19EK9I0K2B06BJ67HJ5H8I5A8GDG
0 4
0 7
1 4
1 12
2 10
2 15
3 2
3 12
4 3
4 15
5 1
5 3
6 13
6 14
7 1
7 9
8 14
8 20
9 9
9 18
10 0
10 20
11 2
11 11
12 0
12 6
13 11
13 19
14 6
14 7
15 17
15 19
16 5
16 17
17 8
17 18
18 5
18 10
19 8
19 16
20 13
20 16

# solution 1318
# n=21 sym=rot2 status=verified source=flammenkamp_cache/n21_rot2
# code=:8AGHEF583924DJ9DJK6K2I0E017B17GIBHCF5634AC
0 8
0 10
1 16
1 17
2 14
2 15
3 5
3 8
4 3
4 9
5 2
5 4
6 13
6 19
7 9
7 13
8 19
8 20
9 6
9 20
10 2
10 18
11 0
11 14
12 0
12 1
13 7
13 11
14 1
14 7
15 16
15 18
16 11
16 17
17 12
17 15
18 5
18 6
19 3
19 4
20 10
20 12

# solution 1319
# n=21 sym=rot2 status=verified source=flammenkamp_cache/n21_rot2
# code=:ACGHEF583924DJ9D0J6K2I0E1K7B17GIBHCF56348A
0 10
0 12
1 16
1 17
2 14
2 15
3 5
3 8
4 3
4 9
5 2
5 4
6 13
6 19
7 9
7 13
8 0
8 19
9 6
9 20
10 2
10 18
11 0
11 14
12 1
12 20
13 7
13 11
14 1
14 7
15 16
15 18
16 11
16 17
17 12
17 15
18 5
18 6
19 3
19 4
20 8
20 10

# solution 1320
# n=21 sym=rot2 status=verified source=flammenkamp_cache/n21_rot2
# code=:AE8E4H7J9C14FH9D5K2K2I0I0F7B35GJ8B1D3G6C6A
0 10
0 14
1 8
1 14
2 4
2 17
3 7
3 19
4 9
4 12
5 1
5 4
6 15
6 17
7 9
7 13
8 5
8 20
9 2
9 20
10 2
10 18
11 0
11 18
12 0
12 15
13 7
13 11
14 3
14 5
15 16
15 19
16 8
16 11
17 1
17 13
18 3
18 16
19 6
19 12
20 6
20 10

# solution 1321
# n=21 sym=rot2 status=verified source=flammenkamp_cache/n21_rot2
# code=:6FEJ8ABJ3F473D498IIK0K022CBG7HDG5H19AC165E
0 6
0 15
1 14
1 19
2 8
2 10
3 11
3 19
4 3
4 15
5 4
5 7
6 3
6 13
7 4
7 9
8 8
8 18
9 18
9 20
10 0
10 20
11 0
11 2
12 2
12 12
13 11
13 16
14 7
14 17
15 13
15 16
16 5
16 17
17 1
17 9
18 10
18 12
19 1
19 6
20 5
20 14

# solution 1322
# n=21 sym=rot2 status=verified source=flammenkamp_cache/n21_rot2
# code=:AD6F89EH4D048J9FIJ032IHK125B1CGK7G36BC5E7A
0 10
0 13
1 6
1 15
2 8
2 9
3 14
3 17
4 4
4 13
5 0
5 4
6 8
6 19
7 9
7 15
8 18
8 19
9 0
9 3
10 2
10 18
11 17
11 20
12 1
12 2
13 5
13 11
14 1
14 12
15 16
15 20
16 7
16 16
17 3
17 6
18 11
18 12
19 5
19 14
20 7
20 10

# solution 1323
# n=21 sym=rot2 status=verified source=flammenkamp_cache/n21_rot2
# code=:AB6J8F3628GHFJ0479072IDKBDGK1534CIEH5C1E9A
0 10
0 11
1 6
1 19
2 8
2 15
3 3
3 6
4 2
4 8
5 16
5 17
6 15
6 19
7 0
7 4
8 7
8 9
9 0
9 7
10 2
10 18
11 13
11 20
12 11
12 13
13 16
13 20
14 1
14 5
15 3
15 4
16 12
16 18
17 14
17 17
18 5
18 12
19 1
19 14
20 9
20 10

# solution 1324
# n=21 sym=rot2 status=verified source=flammenkamp_cache/n21_rot2
# code=:AD689CEF13GH5J9D02042IGKIK7B1F34HJ568BCE7A
0 10
0 13
1 6
1 8
2 9
2 12
3 14
3 15
4 1
4 3
5 16
5 17
6 5
6 19
7 9
7 13
8 0
8 2
9 0
9 4
10 2
10 18
11 16
11 20
12 18
12 20
13 7
13 11
14 1
14 15
15 3
15 4
16 17
16 19
17 5
17 6
18 8
18 11
19 12
19 14
20 7
20 10

# solution 1325
# n=21 sym=rot2 status=verified source=flammenkamp_cache/n21_rot2
# code=:6C4EAJ255DCH3K19DG290KBI47BJ0H387FFI1A6G8E
0 6
0 12
1 4
1 14
2 10
2 19
3 2
3 5
4 5
4 13
5 12
5 17
6 3
6 20
7 1
7 9
8 13
8 16
9 2
9 9
10 0
10 20
11 11
11 18
12 4
12 7
13 11
13 19
14 0
14 17
15 3
15 8
16 7
16 15
17 15
17 18
18 1
18 10
19 6
19 16
20 8
20 14

# solution 1326
# n=21 sym=rot2 status=verified source=flammenkamp_cache/n21_rot2
# code=:6A6D8I083BGHFJ4519072IDKBJFG15349HCK2C7EAE
0 6
0 10
1 6
1 13
2 8
2 18
3 0
3 8
4 3
4 11
5 16
5 17
6 15
6 19
7 4
7 5
8 1
8 9
9 0
9 7
10 2
10 18
11 13
11 20
12 11
12 19
13 15
13 16
14 1
14 5
15 3
15 4
16 9
16 17
17 12
17 20
18 2
18 12
19 7
19 14
20 10
20 14

# solution 1327
# n=21 sym=rot2 status=verified source=flammenkamp_cache/n21_rot2
# code=:6A6D8I8K3BGHFJ4519072IDKBJFG15349H0C2C7EAE
0 6
0 10
1 6
1 13
2 8
2 18
3 8
3 20
4 3
4 11
5 16
5 17
6 15
6 19
7 4
7 5
8 1
8 9
9 0
9 7
10 2
10 18
11 13
11 20
12 11
12 19
13 15
13 16
14 1
14 5
15 3
15 4
16 9
16 17
17 0
17 12
18 2
18 12
19 7
19 14
20 10
20 14

# solution 1328
# n=21 sym=rot2 status=verified source=flammenkamp_cache/n21_rot2
# code=:8A3E9D08DH1GGI195K5E2I6F0FBJ244J37CK7B6HAC
0 8
0 10
1 3
1 14
2 9
2 13
3 0
3 8
4 13
4 17
5 1
5 16
6 16
6 18
7 1
7 9
8 5
8 20
9 5
9 14
10 2
10 18
11 6
11 15
12 0
12 15
13 11
13 19
14 2
14 4
15 4
15 19
16 3
16 7
17 12
17 20
18 7
18 11
19 6
19 17
20 10
20 12

# solution 1329
# n=21 sym=rot2 status=verified source=flammenkamp_cache/n21_rot2
# code=:CD8F6A125DEHHJ49029G0K4BIKBG13367FIJAE5C78
0 12
0 13
1 8
1 15
2 6
2 10
3 1
3 2
4 5
4 13
5 14
5 17
6 17
6 19
7 4
7 9
8 0
8 2
9 9
9 16
10 0
10 20
11 4
11 11
12 18
12 20
13 11
13 16
14 1
14 3
15 3
15 6
16 7
16 15
17 18
17 19
18 10
18 14
19 5
19 12
20 7
20 8

# solution 1330
# n=21 sym=rot2 status=verified source=flammenkamp_cache/n21_rot2
# code=:AC367F13BG1GCD6K295K2I0FBI0E784J49HJ5DEH8A
0 10
0 12
1 3
1 6
2 7
2 15
3 1
3 3
4 11
4 16
5 1
5 16
6 12
6 13
7 6
7 20
8 2
8 9
9 5
9 20
10 2
10 18
11 0
11 15
12 11
12 18
13 0
13 14
14 7
14 8
15 4
15 19
16 4
16 9
17 17
17 19
18 5
18 13
19 14
19 17
20 8
20 10

# solution 1331
# n=21 sym=rot2 status=verified source=flammenkamp_cache/n21_rot2
# code=:8AFG7C2F13GK9D396J0E2I6K1EBH7B04HJ5I8D45AC
0 8
0 10
1 15
1 16
2 7
2 12
3 2
3 15
4 1
4 3
5 16
5 20
6 9
6 13
7 3
7 9
8 6
8 19
9 0
9 14
10 2
10 18
11 6
11 20
12 1
12 14
13 11
13 17
14 7
14 11
15 0
15 4
16 17
16 19
17 5
17 18
18 8
18 13
19 4
19 5
20 10
20 12

# solution 1332
# n=21 sym=rot2 status=verified source=flammenkamp_cache/n21_rot2
# code=:5H4CADIJ5J6B49DK682H0K3ICE07BG9E1F127A8G3F
0 5
0 17
1 4
1 12
2 10
2 13
3 18
3 19
4 5
4 19
5 6
5 11
6 4
6 9
7 13
7 20
8 6
8 8
9 2
9 17
10 0
10 20
11 3
11 18
12 12
12 14
13 0
13 7
14 11
14 16
15 9
15 14
16 1
16 15
17 1
17 2
18 7
18 10
19 8
19 16
20 3
20 15

# solution 1333
# n=21 sym=rot2 status=verified source=flammenkamp_cache/n21_rot2
# code=:AE3D78EF5B23CJ049GJK2I014BGK18HI9F56CD7H6A
0 10
0 14
1 3
1 13
2 7
2 8
3 14
3 15
4 5
4 11
5 2
5 3
6 12
6 19
7 0
7 4
8 9
8 16
9 19
9 20
10 2
10 18
11 0
11 1
12 4
12 11
13 16
13 20
14 1
14 8
15 17
15 18
16 9
16 15
17 5
17 6
18 12
18 13
19 7
19 17
20 6
20 10

# solution 1334
# n=21 sym=rot2 status=verified source=flammenkamp_cache/n21_rot2
# code=:6ADE35CDGI13BC059J042IGK1BFK89HJ2478FH67AE
0 6
0 10
1 13
1 14
2 3
2 5
3 12
3 13
4 16
4 18
5 1
5 3
6 11
6 12
7 0
7 5
8 9
8 19
9 0
9 4
10 2
10 18
11 16
11 20
12 1
12 11
13 15
13 20
14 8
14 9
15 17
15 19
16 2
16 4
17 7
17 8
18 15
18 17
19 6
19 7
20 10
20 14

# solution 1335
# n=21 sym=rot2 status=verified source=flammenkamp_cache/n21_rot2
# code=:AE577C6F9H2H4J019G8K2I0C4BJK1G3I3B5E8DDF6A
0 10
0 14
1 5
1 7
2 7
2 12
3 6
3 15
4 9
4 17
5 2
5 17
6 4
6 19
7 0
7 1
8 9
8 16
9 8
9 20
10 2
10 18
11 0
11 12
12 4
12 11
13 19
13 20
14 1
14 16
15 3
15 18
16 3
16 11
17 5
17 14
18 8
18 13
19 13
19 15
20 6
20 10

# solution 1336
# n=21 sym=rot2 status=verified source=flammenkamp_cache/n21_rot2
# code=:4A7C1F6F9H2H147E9C0K2I0K8B6DGJ3I3B5E5J8DAG
0 4
0 10
1 7
1 12
2 1
2 15
3 6
3 15
4 9
4 17
5 2
5 17
6 1
6 4
7 7
7 14
8 9
8 12
9 0
9 20
10 2
10 18
11 0
11 20
12 8
12 11
13 6
13 13
14 16
14 19
15 3
15 18
16 3
16 11
17 5
17 14
18 5
18 19
19 8
19 13
20 10
20 16

# solution 1337
# n=21 sym=rot2 status=verified source=flammenkamp_cache/n21_rot2
# code=:6B5CAH5ICG27BK171HEG0K463JDJ09DI482F3A8F9E
0 6
0 11
1 5
1 12
2 10
2 17
3 5
3 18
4 12
4 16
5 2
5 7
6 11
6 20
7 1
7 7
8 1
8 17
9 14
9 16
10 0
10 20
11 4
11 6
12 3
12 19
13 13
13 19
14 0
14 9
15 13
15 18
16 4
16 8
17 2
17 15
18 3
18 10
19 8
19 15
20 9
20 14

# solution 1338
# n=21 sym=rot2 status=verified source=flammenkamp_cache/n21_rot2
# code=:9B5C6A25CG27JK7H1H4E0K6G3J3D01DI48FIAE8F9B
0 9
0 11
1 5
1 12
2 6
2 10
3 2
3 5
4 12
4 16
5 2
5 7
6 19
6 20
7 7
7 17
8 1
8 17
9 4
9 14
10 0
10 20
11 6
11 16
12 3
12 19
13 3
13 13
14 0
14 1
15 13
15 18
16 4
16 8
17 15
17 18
18 10
18 14
19 8
19 15
20 9
20 11

# solution 1339
# n=21 sym=rot2 status=verified source=flammenkamp_cache/n21_rot2
# code=:AE6C5D174BHJ5C4H090I2I2KBK3G8F139GDJ7F8E6A
0 10
0 14
1 6
1 12
2 5
2 13
3 1
3 7
4 4
4 11
5 17
5 19
6 5
6 12
7 4
7 17
8 0
8 9
9 0
9 18
10 2
10 18
11 2
11 20
12 11
12 20
13 3
13 16
14 8
14 15
15 1
15 3
16 9
16 16
17 13
17 19
18 7
18 15
19 8
19 14
20 6
20 10

# solution 1340
# n=21 sym=rot2 status=verified source=flammenkamp_cache/n21_rot2
# code=:6ABD486K3FHJ1F479C022IIK8BDG5J135H0ECG79AE
0 6
0 10
1 11
1 13
2 4
2 8
3 6
3 20
4 3
4 15
5 17
5 19
6 1
6 15
7 4
7 7
8 9
8 12
9 0
9 2
10 2
10 18
11 18
11 20
12 8
12 11
13 13
13 16
14 5
14 19
15 1
15 3
16 5
16 17
17 0
17 14
18 12
18 16
19 7
19 9
20 10
20 14

# solution 1341
# n=21 sym=rot2 status=verified source=flammenkamp_cache/n21_rot2
# code=:AC2645DE9HHJFK479C012IJK8BDG05133B67FGEI8A
0 10
0 12
1 2
1 6
2 4
2 5
3 13
3 14
4 9
4 17
5 17
5 19
6 15
6 20
7 4
7 7
8 9
8 12
9 0
9 1
10 2
10 18
11 19
11 20
12 8
12 11
13 13
13 16
14 0
14 5
15 1
15 3
16 3
16 11
17 6
17 7
18 15
18 16
19 14
19 18
20 8
20 10

# solution 1342
# n=21 sym=rot2 status=verified source=flammenkamp_cache/n21_rot2
# code=:AE6C457C24HJ59DH190K2I0KBJ37BF13GI8DFG8E6A
0 10
0 14
1 6
1 12
2 4
2 5
3 7
3 12
4 2
4 4
5 17
5 19
6 5
6 9
7 13
7 17
8 1
8 9
9 0
9 20
10 2
10 18
11 0
11 20
12 11
12 19
13 3
13 7
14 11
14 15
15 1
15 3
16 16
16 18
17 8
17 13
18 15
18 16
19 8
19 14
20 6
20 10

# solution 1343
# n=21 sym=rot2 status=verified source=flammenkamp_cache/n21_rot2
# code=:AB8DDH064IHJ4B680FFJ2I155KCE9G132GEK377C9A
0 10
0 11
1 8
1 13
2 13
2 17
3 0
3 6
4 4
4 18
5 17
5 19
6 4
6 11
7 6
7 8
8 0
8 15
9 15
9 19
10 2
10 18
11 1
11 5
12 5
12 20
13 12
13 14
14 9
14 16
15 1
15 3
16 2
16 16
17 14
17 20
18 3
18 7
19 7
19 12
20 9
20 10

# solution 1344
# n=21 sym=rot2 status=verified source=flammenkamp_cache/n21_rot2
# code=:7A6CDF184BHJ0F49EKHI2I2306BG5K139GCJ578EAD
0 7
0 10
1 6
1 12
2 13
2 15
3 1
3 8
4 4
4 11
5 17
5 19
6 0
6 15
7 4
7 9
8 14
8 20
9 17
9 18
10 2
10 18
11 2
11 3
12 0
12 6
13 11
13 16
14 5
14 20
15 1
15 3
16 9
16 16
17 12
17 19
18 5
18 7
19 8
19 14
20 10
20 13

# solution 1345
# n=21 sym=rot2 status=verified source=flammenkamp_cache/n21_rot2
# code=:6D5BAI15CIEHBH148DGK0K047CGJ393628FJ2A9F7E
0 6
0 13
1 5
1 11
2 10
2 18
3 1
3 5
4 12
4 18
5 14
5 17
6 11
6 17
7 1
7 4
8 8
8 13
9 16
9 20
10 0
10 20
11 0
11 4
12 7
12 12
13 16
13 19
14 3
14 9
15 3
15 6
16 2
16 8
17 15
17 19
18 2
18 10
19 9
19 15
20 7
20 14

# solution 1346
# n=21 sym=rot2 status=verified source=flammenkamp_cache/n21_rot2
# code=:AB567CEG02HJCJ0459372IDHBFGK1813IK468DEF9A
0 10
0 11
1 5
1 6
2 7
2 12
3 14
3 16
4 0
4 2
5 17
5 19
6 12
6 19
7 0
7 4
8 5
8 9
9 3
9 7
10 2
10 18
11 13
11 17
12 11
12 15
13 16
13 20
14 1
14 8
15 1
15 3
16 18
16 20
17 4
17 6
18 8
18 13
19 14
19 15
20 9
20 10

# solution 1347
# n=21 sym=rot2 status=verified source=flammenkamp_cache/n21_rot2
# code=:AD6D4B0C45HJ2H059C162IEJ8BFK3I13FG8K9G7E7A
0 10
0 13
1 6
1 13
2 4
2 11
3 0
3 12
4 4
4 5
5 17
5 19
6 2
6 17
7 0
7 5
8 9
8 12
9 1
9 6
10 2
10 18
11 14
11 19
12 8
12 11
13 15
13 20
14 3
14 18
15 1
15 3
16 15
16 16
17 8
17 20
18 9
18 16
19 7
19 14
20 7
20 10

# solution 1348
# n=21 sym=rot2 status=verified source=flammenkamp_cache/n21_rot2
# code=:36059A25DIEH8B148DGJ0K147CGJ9C3627FIABFKEH
0 3
0 6
1 0
1 5
2 9
2 10
3 2
3 5
4 13
4 18
5 14
5 17
6 8
6 11
7 1
7 4
8 8
8 13
9 16
9 19
10 0
10 20
11 1
11 4
12 7
12 12
13 16
13 19
14 9
14 12
15 3
15 6
16 2
16 7
17 15
17 18
18 10
18 11
19 15
19 20
20 14
20 17

# solution 1349
# n=21 sym=rot2 status=verified source=flammenkamp_cache/n21_rot2
# code=:36059A25DIEH8B148D1G0K4J7CGJ9C3627FIABFKEH
0 3
0 6
1 0
1 5
2 9
2 10
3 2
3 5
4 13
4 18
5 14
5 17
6 8
6 11
7 1
7 4
8 8
8 13
9 1
9 16
10 0
10 20
11 4
11 19
12 7
12 12
13 16
13 19
14 9
14 12
15 3
15 6
16 2
16 7
17 15
17 18
18 10
18 11
19 15
19 20
20 14
20 17

# solution 1350
# n=21 sym=rot2 status=verified source=flammenkamp_cache/n21_rot2
# code=:9A38FGDF3412EJ9C7KEK2I060D8B16IJGH5745CHAB
0 9
0 10
1 3
1 8
2 15
2 16
3 13
3 15
4 3
4 4
5 1
5 2
6 14
6 19
7 9
7 12
8 7
8 20
9 14
9 20
10 2
10 18
11 0
11 6
12 0
12 13
13 8
13 11
14 1
14 6
15 18
15 19
16 16
16 17
17 5
17 7
18 4
18 5
19 12
19 17
20 10
20 11

# solution 1351
# n=21 sym=rot2 status=verified source=flammenkamp_cache/n21_rot2
# code=:5A8G3DCD4912HK69EK152IFJ06BE03IJBG787H4CAF
0 5
0 10
1 8
1 16
2 3
2 13
3 12
3 13
4 4
4 9
5 1
5 2
6 17
6 20
7 6
7 9
8 14
8 20
9 1
9 5
10 2
10 18
11 15
11 19
12 0
12 6
13 11
13 14
14 0
14 3
15 18
15 19
16 11
16 16
17 7
17 8
18 7
18 17
19 4
19 12
20 10
20 15

# solution 1352
# n=21 sym=rot2 status=verified source=flammenkamp_cache/n21_rot2
# code=:7FDF8AGIEK362JGJ9C390KBH8B141IEH0624AC575D
0 7
0 15
1 13
1 15
2 8
2 10
3 16
3 18
4 14
4 20
5 3
5 6
6 2
6 19
7 16
7 19
8 9
8 12
9 3
9 9
10 0
10 20
11 11
11 17
12 8
12 11
13 1
13 4
14 1
14 18
15 14
15 17
16 0
16 6
17 2
17 4
18 10
18 12
19 5
19 7
20 5
20 13

# solution 1353
# n=21 sym=rot2 status=verified source=flammenkamp_cache/n21_rot2
# code=:688H4E9DFI0F143709AI1J2ABKDHGJ5K257B6G3CCE
0 6
0 8
1 8
1 17
2 4
2 14
3 9
3 13
4 15
4 18
5 0
5 15
6 1
6 4
7 3
7 7
8 0
8 9
9 10
9 18
10 1
10 19
11 2
11 10
12 11
12 20
13 13
13 17
14 16
14 19
15 5
15 20
16 2
16 5
17 7
17 11
18 6
18 16
19 3
19 12
20 12
20 14

# solution 1354
# n=21 sym=rot2 status=verified source=flammenkamp_cache/n21_rot2
# code=:6D6C48BFGK2J2D359HAK1J0A3BFH7I1I0459CG8E7E
0 6
0 13
1 6
1 12
2 4
2 8
3 11
3 15
4 16
4 20
5 2
5 19
6 2
6 13
7 3
7 5
8 9
8 17
9 10
9 20
10 1
10 19
11 0
11 10
12 3
12 11
13 15
13 17
14 7
14 18
15 1
15 18
16 0
16 4
17 5
17 9
18 12
18 16
19 8
19 14
20 7
20 14

# solution 1355
# n=21 sym=rot2 status=verified source=flammenkamp_cache/n21_rot2
# code=:DI685E9HCJDK4K359IAG1J4A2BFH0G07183B6FCE27
0 13
0 18
1 6
1 8
2 5
2 14
3 9
3 17
4 12
4 19
5 13
5 20
6 4
6 20
7 3
7 5
8 9
8 18
9 10
9 16
10 1
10 19
11 4
11 10
12 2
12 11
13 15
13 17
14 0
14 16
15 0
15 7
16 1
16 8
17 3
17 11
18 6
18 15
19 12
19 14
20 2
20 7

# solution 1356
# n=21 sym=rot2 status=verified source=flammenkamp_cache/n21_rot2
# code=:34BCDFDG285HIK01696A1JAEBEJK023FCI475789GH
0 3
0 4
1 11
1 12
2 13
2 15
3 13
3 16
4 2
4 8
5 5
5 17
6 18
6 20
7 0
7 1
8 6
8 9
9 6
9 10
10 1
10 19
11 10
11 14
12 11
12 14
13 19
13 20
14 0
14 2
15 3
15 15
16 12
16 18
17 4
17 7
18 5
18 7
19 8
19 9
20 16
20 17

# solution 1357
# n=21 sym=rot2 status=verified source=flammenkamp_cache/n21_rot2
# code=:9F576G122CDG9H0K38AE1J6ACH0K3B478IIJ4EDF5B
0 9
0 15
1 5
1 7
2 6
2 16
3 1
3 2
4 2
4 12
5 13
5 16
6 9
6 17
7 0
7 20
8 3
8 8
9 10
9 14
10 1
10 19
11 6
11 10
12 12
12 17
13 0
13 20
14 3
14 11
15 4
15 7
16 8
16 18
17 18
17 19
18 4
18 14
19 13
19 15
20 5
20 11

# solution 1358
# n=21 sym=rot2 status=verified source=flammenkamp_cache/n21_rot2
# code=:8D4946EH8I5B03IJ7F0A1JAK5D12HK9F2C36EGBG7C
0 8
0 13
1 4
1 9
2 4
2 6
3 14
3 17
4 8
4 18
5 5
5 11
6 0
6 3
7 18
7 19
8 7
8 15
9 0
9 10
10 1
10 19
11 10
11 20
12 5
12 13
13 1
13 2
14 17
14 20
15 9
15 15
16 2
16 12
17 3
17 6
18 14
18 16
19 11
19 16
20 7
20 12

# solution 1359
# n=21 sym=rot2 status=verified source=flammenkamp_cache/n21_rot2
# code=:7F8FBG0G6E2I8BHJ073A1JAHDK139C2I6E4K495C5D
0 7
0 15
1 8
1 15
2 11
2 16
3 0
3 16
4 6
4 14
5 2
5 18
6 8
6 11
7 17
7 19
8 0
8 7
9 3
9 10
10 1
10 19
11 10
11 17
12 13
12 20
13 1
13 3
14 9
14 12
15 2
15 18
16 6
16 14
17 4
17 20
18 4
18 9
19 5
19 12
20 5
20 13

# solution 1360
# n=21 sym=rot2 status=verified source=flammenkamp_cache/n21_rot2
# code=:8D4H359ECE5K149IDI0A1JAK272BGJ0F686BFH3G7C
0 8
0 13
1 4
1 17
2 3
2 5
3 9
3 14
4 12
4 14
5 5
5 20
6 1
6 4
7 9
7 18
8 13
8 18
9 0
9 10
10 1
10 19
11 10
11 20
12 2
12 7
13 2
13 11
14 16
14 19
15 0
15 15
16 6
16 8
17 6
17 11
18 15
18 17
19 3
19 16
20 7
20 12

# solution 1361
# n=21 sym=rot2 status=verified source=flammenkamp_cache/n21_rot2
# code=:BK0C7F7B24CHGI13566A1JAEEFHJ2438GI9D5D8K09
0 11
0 20
1 0
1 12
2 7
2 15
3 7
3 11
4 2
4 4
5 12
5 17
6 16
6 18
7 1
7 3
8 5
8 6
9 6
9 10
10 1
10 19
11 10
11 14
12 14
12 15
13 17
13 19
14 2
14 4
15 3
15 8
16 16
16 18
17 9
17 13
18 5
18 13
19 8
19 20
20 0
20 9

# solution 1362
# n=21 sym=rot2 status=verified source=flammenkamp_cache/n21_rot2
# code=:5J4B8D894KDHHI066FAI1J2A5EEK23370GBC7C9G1F
0 5
0 19
1 4
1 11
2 8
2 13
3 8
3 9
4 4
4 20
5 13
5 17
6 17
6 18
7 0
7 6
8 6
8 15
9 10
9 18
10 1
10 19
11 2
11 10
12 5
12 14
13 14
13 20
14 2
14 3
15 3
15 7
16 0
16 16
17 11
17 12
18 7
18 12
19 9
19 16
20 1
20 15

# solution 1363
# n=21 sym=rot2 status=verified source=flammenkamp_cache/n21_rot2
# code=:5J4B8C794KDHHI066FAI1J2A5EEK23370GBD8C9G1F
0 5
0 19
1 4
1 11
2 8
2 12
3 7
3 9
4 4
4 20
5 13
5 17
6 17
6 18
7 0
7 6
8 6
8 15
9 10
9 18
10 1
10 19
11 2
11 10
12 5
12 14
13 14
13 20
14 2
14 3
15 3
15 7
16 0
16 16
17 11
17 13
18 8
18 12
19 9
19 16
20 1
20 15

# solution 1364
# n=21 sym=rot2 status=verified source=flammenkamp_cache/n21_rot2
# code=:9C9I5D47CI3F6KJK3E4A1JAG6H010E5H28DG7F2B8B
0 9
0 12
1 9
1 18
2 5
2 13
3 4
3 7
4 12
4 18
5 3
5 15
6 6
6 20
7 19
7 20
8 3
8 14
9 4
9 10
10 1
10 19
11 10
11 16
12 6
12 17
13 0
13 1
14 0
14 14
15 5
15 17
16 2
16 8
17 13
17 16
18 7
18 15
19 2
19 11
20 8
20 11

# solution 1365
# n=21 sym=rot2 status=verified source=flammenkamp_cache/n21_rot2
# code=:9C9I5D47CI3F06JK3E4A1JAG6H01EK5H28DG7F2B8B
0 9
0 12
1 9
1 18
2 5
2 13
3 4
3 7
4 12
4 18
5 3
5 15
6 0
6 6
7 19
7 20
8 3
8 14
9 4
9 10
10 1
10 19
11 10
11 16
12 6
12 17
13 0
13 1
14 14
14 20
15 5
15 17
16 2
16 8
17 13
17 16
18 7
18 15
19 2
19 11
20 8
20 11

# solution 1366
# n=21 sym=rot2 status=verified source=flammenkamp_cache/n21_rot2
# code=:8DDF5E39BI48143I06AK1J0AEK2HGJCG29BH6F577C
0 8
0 13
1 13
1 15
2 5
2 14
3 3
3 9
4 11
4 18
5 4
5 8
6 1
6 4
7 3
7 18
8 0
8 6
9 10
9 20
10 1
10 19
11 0
11 10
12 14
12 20
13 2
13 17
14 16
14 19
15 12
15 16
16 2
16 9
17 11
17 17
18 6
18 15
19 5
19 7
20 7
20 12

# solution 1367
# n=21 sym=rot2 status=verified source=flammenkamp_cache/n21_rot2
# code=:4I8F6K3BBJ8F37GI067A1JADEK24DH5C199H0E5C2G
0 4
0 18
1 8
1 15
2 6
2 20
3 3
3 11
4 11
4 19
5 8
5 15
6 3
6 7
7 16
7 18
8 0
8 6
9 7
9 10
10 1
10 19
11 10
11 13
12 14
12 20
13 2
13 4
14 13
14 17
15 5
15 12
16 1
16 9
17 9
17 17
18 0
18 14
19 5
19 12
20 2
20 16

# solution 1368
# n=21 sym=rot2 status=verified source=flammenkamp_cache/n21_rot2
# code=:295C6GDH9C2G5J07EKAH1J3A06DK1F4I8B374E8FBI
0 2
0 9
1 5
1 12
2 6
2 16
3 13
3 17
4 9
4 12
5 2
5 16
6 5
6 19
7 0
7 7
8 14
8 20
9 10
9 17
10 1
10 19
11 3
11 10
12 0
12 6
13 13
13 20
14 1
14 15
15 4
15 18
16 8
16 11
17 3
17 7
18 4
18 14
19 8
19 15
20 11
20 18

# solution 1369
# n=21 sym=rot2 status=verified source=flammenkamp_cache/n21_rot2
# code=:8C4B57GKIJ560239EH7A1JAD36BHIKEF1204DF9G8C
0 8
0 12
1 4
1 11
2 5
2 7
3 16
3 20
4 18
4 19
5 5
5 6
6 0
6 2
7 3
7 9
8 14
8 17
9 7
9 10
10 1
10 19
11 10
11 13
12 3
12 6
13 11
13 17
14 18
14 20
15 14
15 15
16 1
16 2
17 0
17 4
18 13
18 15
19 9
19 16
20 8
20 12

# solution 1370
# n=21 sym=rot2 status=verified source=flammenkamp_cache/n21_rot2
# code=:7B9G256HCKCG0735EIAJ1J1A26FHDK48083EFI4B9D
0 7
0 11
1 9
1 16
2 2
2 5
3 6
3 17
4 12
4 20
5 12
5 16
6 0
6 7
7 3
7 5
8 14
8 18
9 10
9 19
10 1
10 19
11 1
11 10
12 2
12 6
13 15
13 17
14 13
14 20
15 4
15 8
16 0
16 8
17 3
17 14
18 15
18 18
19 4
19 11
20 9
20 13

# solution 1371
# n=21 sym=rot2 status=verified source=flammenkamp_cache/n21_rot2
# code=:379F0GCGBC35272JEKAE1J6A061IDIFH89484K5BDH
0 3
0 7
1 9
1 15
2 0
2 16
3 12
3 16
4 11
4 12
5 3
5 5
6 2
6 7
7 2
7 19
8 14
8 20
9 10
9 14
10 1
10 19
11 6
11 10
12 0
12 6
13 1
13 18
14 13
14 18
15 15
15 17
16 8
16 9
17 4
17 8
18 4
18 20
19 5
19 11
20 13
20 17

# solution 1372
# n=21 sym=rot2 status=verified source=flammenkamp_cache/n21_rot2
# code=:0C795G2H6J9D28EK35AG1J4AFH06CI7B1E3I4FBD8K
0 0
0 12
1 7
1 9
2 5
2 16
3 2
3 17
4 6
4 19
5 9
5 13
6 2
6 8
7 14
7 20
8 3
8 5
9 10
9 16
10 1
10 19
11 4
11 10
12 15
12 17
13 0
13 6
14 12
14 18
15 7
15 11
16 1
16 14
17 3
17 18
18 4
18 15
19 11
19 13
20 8
20 20

# solution 1373
# n=21 sym=rot2 status=verified source=flammenkamp_cache/n21_rot2
# code=:3GBD4E3906CFDJIK258A1JACFI021758EKBH6G794H
0 3
0 16
1 11
1 13
2 4
2 14
3 3
3 9
4 0
4 6
5 12
5 15
6 13
6 19
7 18
7 20
8 2
8 5
9 8
9 10
10 1
10 19
11 10
11 12
12 15
12 18
13 0
13 2
14 1
14 7
15 5
15 8
16 14
16 20
17 11
17 17
18 6
18 16
19 7
19 9
20 4
20 17

# solution 1374
# n=21 sym=rot2 status=verified source=flammenkamp_cache/n21_rot2
# code=:BFCG677BCI3406HJFKAI1J2A0513EKGH289DDE4859
0 11
0 15
1 12
1 16
2 6
2 7
3 7
3 11
4 12
4 18
5 3
5 4
6 0
6 6
7 17
7 19
8 15
8 20
9 10
9 18
10 1
10 19
11 2
11 10
12 0
12 5
13 1
13 3
14 14
14 20
15 16
15 17
16 2
16 8
17 9
17 13
18 13
18 14
19 4
19 8
20 5
20 9

# solution 1375
# n=21 sym=rot2 status=verified source=flammenkamp_cache/n21_rot2
# code=:8C4D579HEI160209FH4A1JAG35BKIKEJ263BDF7G8C
0 8
0 12
1 4
1 13
2 5
2 7
3 9
3 17
4 14
4 18
5 1
5 6
6 0
6 2
7 0
7 9
8 15
8 17
9 4
9 10
10 1
10 19
11 10
11 16
12 3
12 5
13 11
13 20
14 18
14 20
15 14
15 19
16 2
16 6
17 3
17 11
18 13
18 15
19 7
19 16
20 8
20 12

# solution 1376
# n=21 sym=rot2 status=verified source=flammenkamp_cache/n21_rot2
# code=:8C4D57BHEI160209FH4A1JAG35BKIKEJ2639DF7G8C
0 8
0 12
1 4
1 13
2 5
2 7
3 11
3 17
4 14
4 18
5 1
5 6
6 0
6 2
7 0
7 9
8 15
8 17
9 4
9 10
10 1
10 19
11 10
11 16
12 3
12 5
13 11
13 20
14 18
14 20
15 14
15 19
16 2
16 6
17 3
17 9
18 13
18 15
19 7
19 16
20 8
20 12

# solution 1377
# n=21 sym=rot2 status=verified source=flammenkamp_cache/n21_rot2
# code=:5B89EGDG060837IJFI3A1JAH2512DHCKEK4746BC9F
0 5
0 11
1 8
1 9
2 14
2 16
3 13
3 16
4 0
4 6
5 0
5 8
6 3
6 7
7 18
7 19
8 15
8 18
9 3
9 10
10 1
10 19
11 10
11 17
12 2
12 5
13 1
13 2
14 13
14 17
15 12
15 20
16 14
16 20
17 4
17 7
18 4
18 6
19 11
19 12
20 9
20 15

# solution 1378
# n=21 sym=rot2 status=verified source=flammenkamp_cache/n21_rot2
# code=:24CH8E799F3DIJ040F6A1JAE5KGK127H5BBD6C38GI
0 2
0 4
1 12
1 17
2 8
2 14
3 7
3 9
4 9
4 15
5 3
5 13
6 18
6 19
7 0
7 4
8 0
8 15
9 6
9 10
10 1
10 19
11 10
11 14
12 5
12 20
13 16
13 20
14 1
14 2
15 7
15 17
16 5
16 11
17 11
17 13
18 6
18 12
19 3
19 8
20 16
20 18

# solution 1379
# n=21 sym=rot2 status=verified source=flammenkamp_cache/n21_rot2
# code=:3IBH58CD066G12790FAG1J4A5KBDIJ4EEK78CF392H
0 3
0 18
1 11
1 17
2 5
2 8
3 12
3 13
4 0
4 6
5 6
5 16
6 1
6 2
7 7
7 9
8 0
8 15
9 10
9 16
10 1
10 19
11 4
11 10
12 5
12 20
13 11
13 13
14 18
14 19
15 4
15 14
16 14
16 20
17 7
17 8
18 12
18 15
19 3
19 9
20 2
20 17

# solution 1380
# n=21 sym=rot2 status=verified source=flammenkamp_cache/n21_rot2
# code=:79DF6C3G2IBF1H8K4KAE1J6A0G0C3J592I4H8E57BD
0 7
0 9
1 13
1 15
2 6
2 12
3 3
3 16
4 2
4 18
5 11
5 15
6 1
6 17
7 8
7 20
8 4
8 20
9 10
9 14
10 1
10 19
11 6
11 10
12 0
12 16
13 0
13 12
14 3
14 19
15 5
15 9
16 2
16 18
17 4
17 17
18 8
18 14
19 5
19 7
20 11
20 13

# solution 1381
# n=21 sym=rot2 status=verified source=flammenkamp_cache/n21_rot2
# code=:3FBD6K6IBICF14370G8A1JAC4KDHGJ58292E0E795H
0 3
0 15
1 11
1 13
2 6
2 20
3 6
3 18
4 11
4 18
5 12
5 15
6 1
6 4
7 3
7 7
8 0
8 16
9 8
9 10
10 1
10 19
11 10
11 12
12 4
12 20
13 13
13 17
14 16
14 19
15 5
15 8
16 2
16 9
17 2
17 14
18 0
18 14
19 7
19 9
20 5
20 17

# solution 1382
# n=21 sym=rot2 status=verified source=flammenkamp_cache/n21_rot2
# code=:9F7C6IEGCK47195K3IAH1J3A2H0FBJDG08462E8D5B
0 9
0 15
1 7
1 12
2 6
2 18
3 14
3 16
4 12
4 20
5 4
5 7
6 1
6 9
7 5
7 20
8 3
8 18
9 10
9 17
10 1
10 19
11 3
11 10
12 2
12 17
13 0
13 15
14 11
14 19
15 13
15 16
16 0
16 8
17 4
17 6
18 2
18 14
19 8
19 13
20 5
20 11

# solution 1383
# n=21 sym=rot2 status=verified source=flammenkamp_cache/n21_rot2
# code=:6H4B8D6IBC5F120G037A1JADHK4KIJ5F892E7C9G3E
0 6
0 17
1 4
1 11
2 8
2 13
3 6
3 18
4 11
4 12
5 5
5 15
6 1
6 2
7 0
7 16
8 0
8 3
9 7
9 10
10 1
10 19
11 10
11 13
12 17
12 20
13 4
13 20
14 18
14 19
15 5
15 15
16 8
16 9
17 2
17 14
18 7
18 12
19 9
19 16
20 3
20 14

# solution 1384
# n=21 sym=rot2 status=verified source=flammenkamp_cache/n21_rot2
# code=:6H89DGDG58BF260J03AI1J2AHK1KEI59CF4747BC3E
0 6
0 17
1 8
1 9
2 13
2 16
3 13
3 16
4 5
4 8
5 11
5 15
6 2
6 6
7 0
7 19
8 0
8 3
9 10
9 18
10 1
10 19
11 2
11 10
12 17
12 20
13 1
13 20
14 14
14 18
15 5
15 9
16 12
16 15
17 4
17 7
18 4
18 7
19 11
19 12
20 3
20 14

# solution 1385
# n=21 sym=rot2 status=verified source=flammenkamp_cache/n21_rot2
# code=:36CFBD6G589I1I0703AG1J4AHKDK2J2BCF4E7958EH
0 3
0 6
1 12
1 15
2 11
2 13
3 6
3 16
4 5
4 8
5 9
5 18
6 1
6 18
7 0
7 7
8 0
8 3
9 10
9 16
10 1
10 19
11 4
11 10
12 17
12 20
13 13
13 20
14 2
14 19
15 2
15 11
16 12
16 15
17 4
17 14
18 7
18 9
19 5
19 8
20 14
20 17

# solution 1386
# n=21 sym=rot2 status=verified source=flammenkamp_cache/n21_rot2
# code=:895FDE3J780H49EK2I4A1JAG2I06BG3KCD1H675FBC
0 8
0 9
1 5
1 15
2 13
2 14
3 3
3 19
4 7
4 8
5 0
5 17
6 4
6 9
7 14
7 20
8 2
8 18
9 4
9 10
10 1
10 19
11 10
11 16
12 2
12 18
13 0
13 6
14 11
14 16
15 3
15 20
16 12
16 13
17 1
17 17
18 6
18 7
19 5
19 15
20 11
20 12

# solution 1387
# n=21 sym=rot2 status=verified source=flammenkamp_cache/n21_rot2
# code=:CDDF166HHK599C2G024A1JAGIK4I8BBF033EEJ5778
0 12
0 13
1 13
1 15
2 1
2 6
3 6
3 17
4 17
4 20
5 5
5 9
6 9
6 12
7 2
7 16
8 0
8 2
9 4
9 10
10 1
10 19
11 10
11 16
12 18
12 20
13 4
13 18
14 8
14 11
15 11
15 15
16 0
16 3
17 3
17 14
18 14
18 19
19 5
19 7
20 7
20 8

# solution 1388
# n=21 sym=rot2 status=verified source=flammenkamp_cache/n21_rot2
# code=:573F8BBG16262C7H0K4A1JAG0K3D8IEIEJ499C5HDF
0 5
0 7
1 3
1 15
2 8
2 11
3 11
3 16
4 1
4 6
5 2
5 6
6 2
6 12
7 7
7 17
8 0
8 20
9 4
9 10
10 1
10 19
11 10
11 16
12 0
12 20
13 3
13 13
14 8
14 18
15 14
15 18
16 14
16 19
17 4
17 9
18 9
18 12
19 5
19 17
20 13
20 15

# solution 1389
# n=21 sym=rot2 status=verified source=flammenkamp_cache/n21_rot2
# code=:9C36CF47JKDF092E2AGH1J34AI6IBK5701DG58EH8B
0 9
0 12
1 3
1 6
2 12
2 15
3 4
3 7
4 19
4 20
5 13
5 15
6 0
6 9
7 2
7 14
8 2
8 10
9 16
9 17
10 1
10 19
11 3
11 4
12 10
12 18
13 6
13 18
14 11
14 20
15 5
15 7
16 0
16 1
17 13
17 16
18 5
18 8
19 14
19 17
20 8
20 11

# solution 1390
# n=21 sym=rot2 status=verified source=flammenkamp_cache/n21_rot2
# code=:8G5B5G6I3BIJ08377A0E1J6KADDHCK129H2E4F9F4C
0 8
0 16
1 5
1 11
2 5
2 16
3 6
3 18
4 3
4 11
5 18
5 19
6 0
6 8
7 3
7 7
8 7
8 10
9 0
9 14
10 1
10 19
11 6
11 20
12 10
12 13
13 13
13 17
14 12
14 20
15 1
15 2
16 9
16 17
17 2
17 14
18 4
18 15
19 9
19 15
20 4
20 12

# solution 1391
# n=21 sym=rot2 status=verified source=flammenkamp_cache/n21_rot2
# code=:8I497D39FG068I06AHFJ1J153AEK2CEK45BH7DBG2C
0 8
0 18
1 4
1 9
2 7
2 13
3 3
3 9
4 15
4 16
5 0
5 6
6 8
6 18
7 0
7 6
8 10
8 17
9 15
9 19
10 1
10 19
11 1
11 5
12 3
12 10
13 14
13 20
14 2
14 12
15 14
15 20
16 4
16 5
17 11
17 17
18 7
18 13
19 11
19 16
20 2
20 12

# solution 1392
# n=21 sym=rot2 status=verified source=flammenkamp_cache/n21_rot2
# code=:399E7DEG04088I3FAIFJ1J152A5H2CCKGK467D6BBH
0 3
0 9
1 9
1 14
2 7
2 13
3 14
3 16
4 0
4 4
5 0
5 8
6 8
6 18
7 3
7 15
8 10
8 18
9 15
9 19
10 1
10 19
11 1
11 5
12 2
12 10
13 5
13 17
14 2
14 12
15 12
15 20
16 16
16 20
17 4
17 6
18 7
18 13
19 6
19 11
20 11
20 17

# solution 1393
# n=21 sym=rot2 status=verified source=flammenkamp_cache/n21_rot2
# code=:BC6F26279FCK4701AG3H1J3H4AJKDG085BDIEI5E89
0 11
0 12
1 6
1 15
2 2
2 6
3 2
3 7
4 9
4 15
5 12
5 20
6 4
6 7
7 0
7 1
8 10
8 16
9 3
9 17
10 1
10 19
11 3
11 17
12 4
12 10
13 19
13 20
14 13
14 16
15 0
15 8
16 5
16 11
17 13
17 18
18 14
18 18
19 5
19 14
20 8
20 9

# solution 1394
# n=21 sym=rot2 status=verified source=flammenkamp_cache/n21_rot2
# code=:5F9B8CGK3G2737IJAEEK1J066A12DHDI4H048C9B5F
0 5
0 15
1 9
1 11
2 8
2 12
3 16
3 20
4 3
4 16
5 2
5 7
6 3
6 7
7 18
7 19
8 10
8 14
9 14
9 20
10 1
10 19
11 0
11 6
12 6
12 10
13 1
13 2
14 13
14 17
15 13
15 18
16 4
16 17
17 0
17 4
18 8
18 12
19 9
19 11
20 5
20 15

# solution 1395
# n=21 sym=rot2 status=verified source=flammenkamp_cache/n21_rot2
# code=:59598CGK3G2737IJAEEK1J066A12DHDI4H048CBFBF
0 5
0 9
1 5
1 9
2 8
2 12
3 16
3 20
4 3
4 16
5 2
5 7
6 3
6 7
7 18
7 19
8 10
8 14
9 14
9 20
10 1
10 19
11 0
11 6
12 6
12 10
13 1
13 2
14 13
14 17
15 13
15 18
16 4
16 17
17 0
17 4
18 8
18 12
19 11
19 15
20 11
20 15

# solution 1396
# n=21 sym=rot2 status=verified source=flammenkamp_cache/n21_rot2
# code=:9F598CGK3G2737IJAEEK1J066A12DHDI4H048CBF5B
0 9
0 15
1 5
1 9
2 8
2 12
3 16
3 20
4 3
4 16
5 2
5 7
6 3
6 7
7 18
7 19
8 10
8 14
9 14
9 20
10 1
10 19
11 0
11 6
12 6
12 10
13 1
13 2
14 13
14 17
15 13
15 18
16 4
16 17
17 0
17 4
18 8
18 12
19 11
19 15
20 5
20 11

# solution 1397
# n=21 sym=rot2 status=verified source=flammenkamp_cache/n21_rot2
# code=:595B8CGK3G2737IJAEEK1J066A12DHDI4H048C9FBF
0 5
0 9
1 5
1 11
2 8
2 12
3 16
3 20
4 3
4 16
5 2
5 7
6 3
6 7
7 18
7 19
8 10
8 14
9 14
9 20
10 1
10 19
11 0
11 6
12 6
12 10
13 1
13 2
14 13
14 17
15 13
15 18
16 4
16 17
17 0
17 4
18 8
18 12
19 9
19 15
20 11
20 15

# solution 1398
# n=21 sym=rot2 status=verified source=flammenkamp_cache/n21_rot2
# code=:9F5B8CGK3G2737IJAEEK1J066A12DHDI4H048C9F5B
0 9
0 15
1 5
1 11
2 8
2 12
3 16
3 20
4 3
4 16
5 2
5 7
6 3
6 7
7 18
7 19
8 10
8 14
9 14
9 20
10 1
10 19
11 0
11 6
12 6
12 10
13 1
13 2
14 13
14 17
15 13
15 18
16 4
16 17
17 0
17 4
18 8
18 12
19 9
19 15
20 5
20 11

# solution 1399
# n=21 sym=rot2 status=verified source=flammenkamp_cache/n21_rot2
# code=:BC6I46BF350K3D1D8AGI1J24AC7J7H0KFH59EG2E89
0 11
0 12
1 6
1 18
2 4
2 6
3 11
3 15
4 3
4 5
5 0
5 20
6 3
6 13
7 1
7 13
8 8
8 10
9 16
9 18
10 1
10 19
11 2
11 4
12 10
12 12
13 7
13 19
14 7
14 17
15 0
15 20
16 15
16 17
17 5
17 9
18 14
18 16
19 2
19 14
20 8
20 9

# solution 1400
# n=21 sym=rot2 status=verified source=flammenkamp_cache/n21_rot2
# code=:586F8K3BGH2B27EG7AJK1J01AD46DI9I349H0C5ECF
0 5
0 8
1 6
1 15
2 8
2 20
3 3
3 11
4 16
4 17
5 2
5 11
6 2
6 7
7 14
7 16
8 7
8 10
9 19
9 20
10 1
10 19
11 0
11 1
12 10
12 13
13 4
13 6
14 13
14 18
15 9
15 18
16 3
16 4
17 9
17 17
18 0
18 12
19 5
19 14
20 12
20 15

# solution 1401
# n=21 sym=rot2 status=verified source=flammenkamp_cache/n21_rot2
# code=:DIBF8I6BHK563D8G0AGJ1J14AK4C7HEF039E2C5927
0 13
0 18
1 11
1 15
2 8
2 18
3 6
3 11
4 17
4 20
5 5
5 6
6 3
6 13
7 8
7 16
8 0
8 10
9 16
9 19
10 1
10 19
11 1
11 4
12 10
12 20
13 4
13 12
14 7
14 17
15 14
15 15
16 0
16 3
17 9
17 14
18 2
18 12
19 5
19 9
20 2
20 7

# solution 1402
# n=21 sym=rot2 status=verified source=flammenkamp_cache/n21_rot2
# code=:CF5H1DBD6GCG062H9A021JIKAB3IEK484E797J3F58
0 12
0 15
1 5
1 17
2 1
2 13
3 11
3 13
4 6
4 16
5 12
5 16
6 0
6 6
7 2
7 17
8 9
8 10
9 0
9 2
10 1
10 19
11 18
11 20
12 10
12 11
13 3
13 18
14 14
14 20
15 4
15 8
16 4
16 14
17 7
17 9
18 7
18 19
19 3
19 15
20 5
20 8

# solution 1403
# n=21 sym=rot2 status=verified source=flammenkamp_cache/n21_rot2
# code=:8D8GBF390604EIHJ7A251JFIAD1326GKEKBH594C7C
0 8
0 13
1 8
1 16
2 11
2 15
3 3
3 9
4 0
4 6
5 0
5 4
6 14
6 18
7 17
7 19
8 7
8 10
9 2
9 5
10 1
10 19
11 15
11 18
12 10
12 13
13 1
13 3
14 2
14 6
15 16
15 20
16 14
16 20
17 11
17 17
18 5
18 9
19 4
19 12
20 7
20 12

# solution 1404
# n=21 sym=rot2 status=verified source=flammenkamp_cache/n21_rot2
# code=:48298DDGBH3F062JAF0E1J6K5A1IEK5H39477CBICG
0 4
0 8
1 2
1 9
2 8
2 13
3 13
3 16
4 11
4 17
5 3
5 15
6 0
6 6
7 2
7 19
8 10
8 15
9 0
9 14
10 1
10 19
11 6
11 20
12 5
12 10
13 1
13 18
14 14
14 20
15 5
15 17
16 3
16 9
17 4
17 7
18 7
18 12
19 11
19 18
20 12
20 16

# solution 1405
# n=21 sym=rot2 status=verified source=flammenkamp_cache/n21_rot2
# code=:CG895G795H02EKHJ7AEI1J26AD1306IK3FBD4FBC48
0 12
0 16
1 8
1 9
2 5
2 16
3 7
3 9
4 5
4 17
5 0
5 2
6 14
6 20
7 17
7 19
8 7
8 10
9 14
9 18
10 1
10 19
11 2
11 6
12 10
12 13
13 1
13 3
14 0
14 6
15 18
15 20
16 3
16 15
17 11
17 13
18 4
18 15
19 11
19 12
20 4
20 8

# solution 1406
# n=21 sym=rot2 status=verified source=flammenkamp_cache/n21_rot2
# code=:9C576C2EHK0245DH1A491JBGAJ37FGIK036I8EDF8B
0 9
0 12
1 5
1 7
2 6
2 12
3 2
3 14
4 17
4 20
5 0
5 2
6 4
6 5
7 13
7 17
8 1
8 10
9 4
9 9
10 1
10 19
11 11
11 16
12 10
12 19
13 3
13 7
14 15
14 16
15 18
15 20
16 0
16 3
17 6
17 18
18 8
18 14
19 13
19 15
20 8
20 11

# solution 1407
# n=21 sym=rot2 status=verified source=flammenkamp_cache/n21_rot2
# code=:8G89EG26BH02FH577AJK1J01ADDF35IK39EI46BC4C
0 8
0 16
1 8
1 9
2 14
2 16
3 2
3 6
4 11
4 17
5 0
5 2
6 15
6 17
7 5
7 7
8 7
8 10
9 19
9 20
10 1
10 19
11 0
11 1
12 10
12 13
13 13
13 15
14 3
14 5
15 18
15 20
16 3
16 9
17 14
17 18
18 4
18 6
19 11
19 12
20 4
20 12

# solution 1408
# n=21 sym=rot2 status=verified source=flammenkamp_cache/n21_rot2
# code=:6CBDCI6G37IKFH09AJFG1J451ABK3502DH4E28798E
0 6
0 12
1 11
1 13
2 12
2 18
3 6
3 16
4 3
4 7
5 18
5 20
6 15
6 17
7 0
7 9
8 10
8 19
9 15
9 16
10 1
10 19
11 4
11 5
12 1
12 10
13 11
13 20
14 3
14 5
15 0
15 2
16 13
16 17
17 4
17 14
18 2
18 8
19 7
19 9
20 8
20 14

# solution 1409
# n=21 sym=rot2 status=verified source=flammenkamp_cache/n21_rot2
# code=:8G6B8IBG57IKFH06AJ371JDH1AEK3502DF492C9E4C
0 8
0 16
1 6
1 11
2 8
2 18
3 11
3 16
4 5
4 7
5 18
5 20
6 15
6 17
7 0
7 6
8 10
8 19
9 3
9 7
10 1
10 19
11 13
11 17
12 1
12 10
13 14
13 20
14 3
14 5
15 0
15 2
16 13
16 15
17 4
17 9
18 2
18 12
19 9
19 14
20 4
20 12

# solution 1410
# n=21 sym=rot2 status=verified source=flammenkamp_cache/n21_rot2
# code=:472CCE375BGI0F190AEH1J36AKBJ5K249FDH688IDG
0 4
0 7
1 2
1 12
2 12
2 14
3 3
3 7
4 5
4 11
5 16
5 18
6 0
6 15
7 1
7 9
8 0
8 10
9 14
9 17
10 1
10 19
11 3
11 6
12 10
12 20
13 11
13 19
14 5
14 20
15 2
15 4
16 9
16 15
17 13
17 17
18 6
18 8
19 8
19 18
20 13
20 16

# solution 1411
# n=21 sym=rot2 status=verified source=flammenkamp_cache/n21_rot2
# code=:BD6F6C2F39IK341D8A0G1J4KAC7JGH02BH5I8E5E79
0 11
0 13
1 6
1 15
2 6
2 12
3 2
3 15
4 3
4 9
5 18
5 20
6 3
6 4
7 1
7 13
8 8
8 10
9 0
9 16
10 1
10 19
11 4
11 20
12 10
12 12
13 7
13 19
14 16
14 17
15 0
15 2
16 11
16 17
17 5
17 18
18 8
18 14
19 5
19 14
20 7
20 9

# solution 1412
# n=21 sym=rot2 status=verified source=flammenkamp_cache/n21_rot2
# code=:EJ8959EI037FGI37AG081JCK4ADH245DHK26BFBC16
0 14
0 19
1 8
1 9
2 5
2 9
3 14
3 18
4 0
4 3
5 7
5 15
6 16
6 18
7 3
7 7
8 10
8 16
9 0
9 8
10 1
10 19
11 12
11 20
12 4
12 10
13 13
13 17
14 2
14 4
15 5
15 13
16 17
16 20
17 2
17 6
18 11
18 15
19 11
19 12
20 1
20 6

# solution 1413
# n=21 sym=rot2 status=verified source=flammenkamp_cache/n21_rot2
# code=:BF5E7B174CCI0G06AI3H1J3H2AEK4K288GDJ9D6F59
0 11
0 15
1 5
1 14
2 7
2 11
3 1
3 7
4 4
4 12
5 12
5 18
6 0
6 16
7 0
7 6
8 10
8 18
9 3
9 17
10 1
10 19
11 3
11 17
12 2
12 10
13 14
13 20
14 4
14 20
15 2
15 8
16 8
16 16
17 13
17 19
18 9
18 13
19 6
19 15
20 5
20 9

# solution 1414
# n=21 sym=rot2 status=verified source=flammenkamp_cache/n21_rot2
# code=:4G9D89DI3JFI038F6A061JEKAE5CHK251H27BC7B4G
0 4
0 16
1 9
1 13
2 8
2 9
3 13
3 18
4 3
4 19
5 15
5 18
6 0
6 3
7 8
7 15
8 6
8 10
9 0
9 6
10 1
10 19
11 14
11 20
12 10
12 14
13 5
13 12
14 17
14 20
15 2
15 5
16 1
16 17
17 2
17 7
18 11
18 12
19 7
19 11
20 4
20 16

# solution 1415
# n=21 sym=rot2 status=verified source=flammenkamp_cache/n21_rot2
# code=:45284EDI9BDF03130A681JCEAKHJHK579B276GCIFG
0 4
0 5
1 2
1 8
2 4
2 14
3 13
3 18
4 9
4 11
5 13
5 15
6 0
6 3
7 1
7 3
8 0
8 10
9 6
9 8
10 1
10 19
11 12
11 14
12 10
12 20
13 17
13 19
14 17
14 20
15 5
15 7
16 9
16 11
17 2
17 7
18 6
18 16
19 12
19 18
20 15
20 16

# solution 1416
# n=21 sym=rot2 status=verified source=flammenkamp_cache/n21_rot2
# code=:7C9JEF7835GK039I4AEI1J26AG2BHK04FHCD561B8D
0 7
0 12
1 9
1 19
2 14
2 15
3 7
3 8
4 3
4 5
5 16
5 20
6 0
6 3
7 9
7 18
8 4
8 10
9 14
9 18
10 1
10 19
11 2
11 6
12 10
12 16
13 2
13 11
14 17
14 20
15 0
15 4
16 15
16 17
17 12
17 13
18 5
18 6
19 1
19 11
20 8
20 13

# solution 1417
# n=21 sym=rot2 status=verified source=flammenkamp_cache/n21_rot2
# code=:47BCEG7I3B5I3K5J0A681JCEAK1F0H2F9H2D4689DG
0 4
0 7
1 11
1 12
2 14
2 16
3 7
3 18
4 3
4 11
5 5
5 18
6 3
6 20
7 5
7 19
8 0
8 10
9 6
9 8
10 1
10 19
11 12
11 14
12 10
12 20
13 1
13 15
14 0
14 17
15 2
15 15
16 9
16 17
17 2
17 13
18 4
18 6
19 8
19 9
20 13
20 16

# solution 1418
# n=21 sym=rot2 status=verified source=flammenkamp_cache/n21_rot2
# code=:13DE8B5I8BFI0H7E4A4K1J0GAG6D3K259C2F9C67HJ
0 1
0 3
1 13
1 14
2 8
2 11
3 5
3 18
4 8
4 11
5 15
5 18
6 0
6 17
7 7
7 14
8 4
8 10
9 4
9 20
10 1
10 19
11 0
11 16
12 10
12 16
13 6
13 13
14 3
14 20
15 2
15 5
16 9
16 12
17 2
17 15
18 9
18 12
19 6
19 7
20 17
20 19

# solution 1419
# n=21 sym=rot2 status=verified source=flammenkamp_cache/n21_rot2
# code=:488EEF3IBF023K9DAJ4D1J7G1A7B0HIK592H566CCG
0 4
0 8
1 8
1 14
2 14
2 15
3 3
3 18
4 11
4 15
5 0
5 2
6 3
6 20
7 9
7 13
8 10
8 19
9 4
9 13
10 1
10 19
11 7
11 16
12 1
12 10
13 7
13 11
14 0
14 17
15 18
15 20
16 5
16 9
17 2
17 17
18 5
18 6
19 6
19 12
20 12
20 16

# solution 1420
# n=21 sym=rot2 status=verified source=flammenkamp_cache/n21_rot2
# code=:8D4F672G5J2E0H09AC391JBH8ABK3K6I1F4IDE5G7C
0 8
0 13
1 4
1 15
2 6
2 7
3 2
3 16
4 5
4 19
5 2
5 14
6 0
6 17
7 0
7 9
8 10
8 12
9 3
9 9
10 1
10 19
11 11
11 17
12 8
12 10
13 11
13 20
14 3
14 20
15 6
15 18
16 1
16 15
17 4
17 18
18 13
18 14
19 5
19 16
20 7
20 12

# solution 1421
# n=21 sym=rot2 status=verified source=flammenkamp_cache/n21_rot2
# code=:FG8956CI9H270H17AGEK1J064ADJ3KDI3B28EFBC45
0 15
0 16
1 8
1 9
2 5
2 6
3 12
3 18
4 9
4 17
5 2
5 7
6 0
6 17
7 1
7 7
8 10
8 16
9 14
9 20
10 1
10 19
11 0
11 6
12 4
12 10
13 13
13 19
14 3
14 20
15 13
15 18
16 3
16 11
17 2
17 8
18 14
18 15
19 11
19 12
20 4
20 5

# solution 1422
# n=21 sym=rot2 status=verified source=flammenkamp_cache/n21_rot2
# code=:57BECI694F8K2H3KAG171JDJ4A0H3I0C5GBE2869DF
0 5
0 7
1 11
1 14
2 12
2 18
3 6
3 9
4 4
4 15
5 8
5 20
6 2
6 17
7 3
7 20
8 10
8 16
9 1
9 7
10 1
10 19
11 13
11 19
12 4
12 10
13 0
13 17
14 3
14 18
15 0
15 12
16 5
16 16
17 11
17 14
18 2
18 8
19 6
19 9
20 13
20 15

# solution 1423
# n=21 sym=rot2 status=verified source=flammenkamp_cache/n21_rot2
# code=:5CEK479D4F19HI06AH281JCI3AEK23BJ5G7BDG068F
0 5
0 12
1 14
1 20
2 4
2 7
3 9
3 13
4 4
4 15
5 1
5 9
6 17
6 18
7 0
7 6
8 10
8 17
9 2
9 8
10 1
10 19
11 12
11 18
12 3
12 10
13 14
13 20
14 2
14 3
15 11
15 19
16 5
16 16
17 7
17 11
18 13
18 16
19 0
19 6
20 8
20 15

# solution 1424
# n=21 sym=rot2 status=verified source=flammenkamp_cache/n21_rot2
# code=:389DEG6I5BFJ0H784AIK1J02AGCD3K159F2E467BCH
0 3
0 8
1 9
1 13
2 14
2 16
3 6
3 18
4 5
4 11
5 15
5 19
6 0
6 17
7 7
7 8
8 4
8 10
9 18
9 20
10 1
10 19
11 0
11 2
12 10
12 16
13 12
13 13
14 3
14 20
15 1
15 5
16 9
16 15
17 2
17 14
18 4
18 6
19 7
19 11
20 12
20 17

# solution 1425
# n=21 sym=rot2 status=verified source=flammenkamp_cache/n21_rot2
# code=:389DEG6I5BFI0H784AJK1J01AGCD3K259F2E467BCH
0 3
0 8
1 9
1 13
2 14
2 16
3 6
3 18
4 5
4 11
5 15
5 18
6 0
6 17
7 7
7 8
8 4
8 10
9 19
9 20
10 1
10 19
11 0
11 1
12 10
12 16
13 12
13 13
14 3
14 20
15 2
15 5
16 9
16 15
17 2
17 14
18 4
18 6
19 7
19 11
20 12
20 17

# solution 1426
# n=21 sym=rot2 status=verified source=flammenkamp_cache/n21_rot2
# code=:4C8E36DJ9F4F0H79AK2I1J2I0ABD3K5G5B17EH6C8G
0 4
0 12
1 8
1 14
2 3
2 6
3 13
3 19
4 9
4 15
5 4
5 15
6 0
6 17
7 7
7 9
8 10
8 20
9 2
9 18
10 1
10 19
11 2
11 18
12 0
12 10
13 11
13 13
14 3
14 20
15 5
15 16
16 5
16 11
17 1
17 7
18 14
18 17
19 6
19 12
20 8
20 16

# solution 1427
# n=21 sym=rot2 status=verified source=flammenkamp_cache/n21_rot2
# code=:8GBD059D5H8GHK26AE121JIJ6AEI034C3F7BFK794C
0 8
0 16
1 11
1 13
2 0
2 5
3 9
3 13
4 5
4 17
5 8
5 16
6 17
6 20
7 2
7 6
8 10
8 14
9 1
9 2
10 1
10 19
11 18
11 19
12 6
12 10
13 14
13 18
14 0
14 3
15 4
15 12
16 3
16 15
17 7
17 11
18 15
18 20
19 7
19 9
20 4
20 12

# solution 1428
# n=21 sym=rot2 status=verified source=flammenkamp_cache/n21_rot2
# code=:8C09FG6E37FG2I39AD0J1J1K7ABH2I45DH6E45BK8C
0 8
0 12
1 0
1 9
2 15
2 16
3 6
3 14
4 3
4 7
5 15
5 16
6 2
6 18
7 3
7 9
8 10
8 13
9 0
9 19
10 1
10 19
11 1
11 20
12 7
12 10
13 11
13 17
14 2
14 18
15 4
15 5
16 13
16 17
17 6
17 14
18 4
18 5
19 11
19 20
20 8
20 12

# solution 1429
# n=21 sym=rot2 status=verified source=flammenkamp_cache/n21_rot2
# code=:CF9C154BEKEI02373A471JDGAHDHIK26069GFJ8B58
0 12
0 15
1 9
1 12
2 1
2 5
3 4
3 11
4 14
4 20
5 14
5 18
6 0
6 2
7 3
7 7
8 3
8 10
9 4
9 7
10 1
10 19
11 13
11 16
12 10
12 17
13 13
13 17
14 18
14 20
15 2
15 6
16 0
16 6
17 9
17 16
18 15
18 19
19 8
19 11
20 5
20 8

# solution 1430
# n=21 sym=rot2 status=verified source=flammenkamp_cache/n21_rot2
# code=:8F8B6DGK3624IKDH5A191JBJAF3702GIEH047E9C5C
0 8
0 15
1 8
1 11
2 6
2 13
3 16
3 20
4 3
4 6
5 2
5 4
6 18
6 20
7 13
7 17
8 5
8 10
9 1
9 9
10 1
10 19
11 11
11 19
12 10
12 15
13 3
13 7
14 0
14 2
15 16
15 18
16 14
16 17
17 0
17 4
18 7
18 14
19 9
19 12
20 5
20 12

# solution 1431
# n=21 sym=rot2 status=verified source=flammenkamp_cache/n21_rot2
# code=:DGBE058E3F48IK3DAI191JBJ2A7H02CG5H6CFK6947
0 13
0 16
1 11
1 14
2 0
2 5
3 8
3 14
4 3
4 15
5 4
5 8
6 18
6 20
7 3
7 13
8 10
8 18
9 1
9 9
10 1
10 19
11 11
11 19
12 2
12 10
13 7
13 17
14 0
14 2
15 12
15 16
16 5
16 17
17 6
17 12
18 15
18 20
19 6
19 9
20 4
20 7

# solution 1432
# n=21 sym=rot2 status=verified source=flammenkamp_cache/n21_rot2
# code=:5B7B47EF4K28IK68AH1H1J3J3ACE02CI0G56DG9D9F
0 5
0 11
1 7
1 11
2 4
2 7
3 14
3 15
4 4
4 20
5 2
5 8
6 18
6 20
7 6
7 8
8 10
8 17
9 1
9 17
10 1
10 19
11 3
11 19
12 3
12 10
13 12
13 14
14 0
14 2
15 12
15 18
16 0
16 16
17 5
17 6
18 13
18 16
19 9
19 13
20 9
20 15

# solution 1433
# n=21 sym=rot2 status=verified source=flammenkamp_cache/n21_rot2
# code=:CI59CD56DH06IK139A4G1J4GABHJ02EK37EF78BF28
0 12
0 18
1 5
1 9
2 12
2 13
3 5
3 6
4 13
4 17
5 0
5 6
6 18
6 20
7 1
7 3
8 9
8 10
9 4
9 16
10 1
10 19
11 4
11 16
12 10
12 11
13 17
13 19
14 0
14 2
15 14
15 20
16 3
16 7
17 14
17 15
18 7
18 8
19 11
19 15
20 2
20 8

# solution 1434
# n=21 sym=rot2 status=verified source=flammenkamp_cache/n21_rot2
# code=:3F6BCF4EBH4702DJ8AIK1J02AC17IKDG396G589E5H
0 3
0 15
1 6
1 11
2 12
2 15
3 4
3 14
4 11
4 17
5 4
5 7
6 0
6 2
7 13
7 19
8 8
8 10
9 18
9 20
10 1
10 19
11 0
11 2
12 10
12 12
13 1
13 7
14 18
14 20
15 13
15 16
16 3
16 9
17 6
17 16
18 5
18 8
19 9
19 14
20 5
20 17

# solution 1435
# n=21 sym=rot2 status=verified source=flammenkamp_cache/n21_rot2
# code=:EH8C5E4I59130KDGAD291JBI7A470KHJBF2G6F8C36
0 14
0 17
1 8
1 12
2 5
2 14
3 4
3 18
4 5
4 9
5 1
5 3
6 0
6 20
7 13
7 16
8 10
8 13
9 2
9 9
10 1
10 19
11 11
11 18
12 7
12 10
13 4
13 7
14 0
14 20
15 17
15 19
16 11
16 15
17 2
17 16
18 6
18 15
19 8
19 12
20 3
20 6

# solution 1436
# n=21 sym=rot2 status=verified source=flammenkamp_cache/n21_rot2
# code=:6C2E8B049F3FHK7A1G271JDI4JAD035H5BGK9C6I8E
0 6
0 12
1 2
1 14
2 8
2 11
3 0
3 4
4 9
4 15
5 3
5 15
6 17
6 20
7 7
7 10
8 1
8 16
9 2
9 7
10 1
10 19
11 13
11 18
12 4
12 19
13 10
13 13
14 0
14 3
15 5
15 17
16 5
16 11
17 16
17 20
18 9
18 12
19 6
19 18
20 8
20 14

# solution 1437
# n=21 sym=rot2 status=verified source=flammenkamp_cache/n21_rot2
# code=:9C2E68049F3FHK7A1G271JDI4JAD035H5BGKCE6I8B
0 9
0 12
1 2
1 14
2 6
2 8
3 0
3 4
4 9
4 15
5 3
5 15
6 17
6 20
7 7
7 10
8 1
8 16
9 2
9 7
10 1
10 19
11 13
11 18
12 4
12 19
13 10
13 13
14 0
14 3
15 5
15 17
16 5
16 11
17 16
17 20
18 12
18 14
19 6
19 18
20 8
20 11

# solution 1438
# n=21 sym=rot2 status=verified source=flammenkamp_cache/n21_rot2
# code=:8B9E36GH5F8JGI7AIK0D1J7K02AD241C5F34EH6B9C
0 8
0 11
1 9
1 14
2 3
2 6
3 16
3 17
4 5
4 15
5 8
5 19
6 16
6 18
7 7
7 10
8 18
8 20
9 0
9 13
10 1
10 19
11 7
11 20
12 0
12 2
13 10
13 13
14 2
14 4
15 1
15 12
16 5
16 15
17 3
17 4
18 14
18 17
19 6
19 11
20 9
20 12

# solution 1439
# n=21 sym=rot2 status=verified source=flammenkamp_cache/n21_rot2
# code=:8F6B1H7B2H06GKAG28DF1J57CI4A04EK3I9D3J9E5C
0 8
0 15
1 6
1 11
2 1
2 17
3 7
3 11
4 2
4 17
5 0
5 6
6 16
6 20
7 10
7 16
8 2
8 8
9 13
9 15
10 1
10 19
11 5
11 7
12 12
12 18
13 4
13 10
14 0
14 4
15 14
15 20
16 3
16 18
17 9
17 13
18 3
18 19
19 9
19 14
20 5
20 12

# solution 1440
# n=21 sym=rot2 status=verified source=flammenkamp_cache/n21_rot2
# code=:09CIDH4559CHEK4A2E171JDJ6IAG0638BFFG3728BK
0 0
0 9
1 12
1 18
2 13
2 17
3 4
3 5
4 5
4 9
5 12
5 17
6 14
6 20
7 4
7 10
8 2
8 14
9 1
9 7
10 1
10 19
11 13
11 19
12 6
12 18
13 10
13 16
14 0
14 6
15 3
15 8
16 11
16 15
17 15
17 16
18 3
18 7
19 2
19 8
20 11
20 20

# solution 1441
# n=21 sym=rot2 status=verified source=flammenkamp_cache/n21_rot2
# code=:5C4C9D345IEI0K9A1E7H1J3D6JAB0K262FGH7B8G8F
0 5
0 12
1 4
1 12
2 9
2 13
3 3
3 4
4 5
4 18
5 14
5 18
6 0
6 20
7 9
7 10
8 1
8 14
9 7
9 17
10 1
10 19
11 3
11 13
12 6
12 19
13 10
13 11
14 0
14 20
15 2
15 6
16 2
16 15
17 16
17 17
18 7
18 11
19 8
19 16
20 8
20 15

# solution 1442
# n=21 sym=rot2 status=verified source=flammenkamp_cache/n21_rot2
# code=:9CCD5G4H5EIK269A03171JDJHKABEI026F3G4F788B
0 9
0 12
1 12
1 13
2 5
2 16
3 4
3 17
4 5
4 14
5 18
5 20
6 2
6 6
7 9
7 10
8 0
8 3
9 1
9 7
10 1
10 19
11 13
11 19
12 17
12 20
13 10
13 11
14 14
14 18
15 0
15 2
16 6
16 15
17 3
17 16
18 4
18 15
19 7
19 8
20 8
20 11

# solution 1443
# n=21 sym=rot2 status=verified source=flammenkamp_cache/n21_rot2
# code=:8C5D5B4I6I0KEG3A19371JDHBJAH460K2E2G9F7F8C
0 8
0 12
1 5
1 13
2 5
2 11
3 4
3 18
4 6
4 18
5 0
5 20
6 14
6 16
7 3
7 10
8 1
8 9
9 3
9 7
10 1
10 19
11 13
11 17
12 11
12 19
13 10
13 17
14 4
14 6
15 0
15 20
16 2
16 14
17 2
17 16
18 9
18 15
19 7
19 15
20 8
20 12

# solution 1444
# n=21 sym=rot2 status=verified source=flammenkamp_cache/n21_rot2
# code=:8C7E5B2G6F0JGI0A393D1J7HBHAK241K5E4I9F6D8C
0 8
0 12
1 7
1 14
2 5
2 11
3 2
3 16
4 6
4 15
5 0
5 19
6 16
6 18
7 0
7 10
8 3
8 9
9 3
9 13
10 1
10 19
11 7
11 17
12 11
12 17
13 10
13 20
14 2
14 4
15 1
15 20
16 5
16 14
17 4
17 18
18 9
18 15
19 6
19 13
20 8
20 12

# solution 1445
# n=21 sym=rot2 status=verified source=flammenkamp_cache/n21_rot2
# code=:8C7E5B2G6F0JGI0A39DH1J37BHAK241K5E4I9F6D8C
0 8
0 12
1 7
1 14
2 5
2 11
3 2
3 16
4 6
4 15
5 0
5 19
6 16
6 18
7 0
7 10
8 3
8 9
9 13
9 17
10 1
10 19
11 3
11 7
12 11
12 17
13 10
13 20
14 2
14 4
15 1
15 20
16 5
16 14
17 4
17 18
18 9
18 15
19 6
19 13
20 8
20 12

# solution 1446
# n=21 sym=rot2 status=verified source=flammenkamp_cache/n21_rot2
# code=:8C5D4H195H0KEG2A9I6D1J7E2BAI460K3FBJ3G7F8C
0 8
0 12
1 5
1 13
2 4
2 17
3 1
3 9
4 5
4 17
5 0
5 20
6 14
6 16
7 2
7 10
8 9
8 18
9 6
9 13
10 1
10 19
11 7
11 14
12 2
12 11
13 10
13 18
14 4
14 6
15 0
15 20
16 3
16 15
17 11
17 19
18 3
18 16
19 7
19 15
20 8
20 12

# solution 1447
# n=21 sym=rot2 status=verified source=flammenkamp_cache/n21_rot2
# code=:572BCE6G2BHJ0F8A04DH1J37GKAC5K139I4E689IDF
0 5
0 7
1 2
1 11
2 12
2 14
3 6
3 16
4 2
4 11
5 17
5 19
6 0
6 15
7 8
7 10
8 0
8 4
9 13
9 17
10 1
10 19
11 3
11 7
12 16
12 20
13 10
13 12
14 5
14 20
15 1
15 3
16 9
16 18
17 4
17 14
18 6
18 8
19 9
19 18
20 13
20 15

# solution 1448
# n=21 sym=rot2 status=verified source=flammenkamp_cache/n21_rot2
# code=:9I9F8I4DEH8K157A4KEH1J360GADFJ0C367G2C5B2B
0 9
0 18
1 9
1 15
2 8
2 18
3 4
3 13
4 14
4 17
5 8
5 20
6 1
6 5
7 7
7 10
8 4
8 20
9 14
9 17
10 1
10 19
11 3
11 6
12 0
12 16
13 10
13 13
14 15
14 19
15 0
15 12
16 3
16 6
17 7
17 16
18 2
18 12
19 5
19 11
20 2
20 11

# solution 1449
# n=21 sym=rot2 status=verified source=flammenkamp_cache/n21_rot2
# code=:9IEH8I1D9F8K457A4KEH1J360GADFG0C5B7J2C362B
0 9
0 18
1 14
1 17
2 8
2 18
3 1
3 13
4 9
4 15
5 8
5 20
6 4
6 5
7 7
7 10
8 4
8 20
9 14
9 17
10 1
10 19
11 3
11 6
12 0
12 16
13 10
13 13
14 15
14 16
15 0
15 12
16 5
16 11
17 7
17 19
18 2
18 12
19 3
19 6
20 2
20 11

# solution 1450
# n=21 sym=rot2 status=verified source=flammenkamp_cache/n21_rot2
# code=:8E5I584D9KDK246A13391JBHHJAEGI070B7GCF2F6C
0 8
0 14
1 5
1 18
2 5
2 8
3 4
3 13
4 9
4 20
5 13
5 20
6 2
6 4
7 6
7 10
8 1
8 3
9 3
9 9
10 1
10 19
11 11
11 17
12 17
12 19
13 10
13 14
14 16
14 18
15 0
15 7
16 0
16 11
17 7
17 16
18 12
18 15
19 2
19 15
20 6
20 12

# solution 1451
# n=21 sym=rot2 status=verified source=flammenkamp_cache/n21_rot2
# code=:89DF49HI8H0D46AK2JEF1J561I0AEG7K3C23BG57BC
0 8
0 9
1 13
1 15
2 4
2 9
3 17
3 18
4 8
4 17
5 0
5 13
6 4
6 6
7 10
7 20
8 2
8 19
9 14
9 15
10 1
10 19
11 5
11 6
12 1
12 18
13 0
13 10
14 14
14 16
15 7
15 20
16 3
16 12
17 2
17 3
18 11
18 16
19 5
19 7
20 11
20 12

# solution 1452
# n=21 sym=rot2 status=verified source=flammenkamp_cache/n21_rot2
# code=:5C699G4D258D0KAH163I1J2HEJ3A0K7CFI7G4BBE8F
0 5
0 12
1 6
1 9
2 9
2 16
3 4
3 13
4 2
4 5
5 8
5 13
6 0
6 20
7 10
7 17
8 1
8 6
9 3
9 18
10 1
10 19
11 2
11 17
12 14
12 19
13 3
13 10
14 0
14 20
15 7
15 12
16 15
16 18
17 7
17 16
18 4
18 11
19 11
19 14
20 8
20 15

# solution 1453
# n=21 sym=rot2 status=verified source=flammenkamp_cache/n21_rot2
# code=:CD9IFH4924DF1K8A36061JEKEHAC0J57GIBG352B78
0 12
0 13
1 9
1 18
2 15
2 17
3 4
3 9
4 2
4 4
5 13
5 15
6 1
6 20
7 8
7 10
8 3
8 6
9 0
9 6
10 1
10 19
11 14
11 20
12 14
12 17
13 10
13 12
14 0
14 19
15 5
15 7
16 16
16 18
17 11
17 16
18 3
18 5
19 2
19 11
20 7
20 8

# solution 1454
# n=21 sym=rot2 status=verified source=flammenkamp_cache/n21_rot2
# code=:9I9D46DHHI8K45AK185E1J6FCJ0AFG0C2337EG7B2B
0 9
0 18
1 9
1 13
2 4
2 6
3 13
3 17
4 17
4 18
5 8
5 20
6 4
6 5
7 10
7 20
8 1
8 8
9 5
9 14
10 1
10 19
11 6
11 15
12 12
12 19
13 0
13 10
14 15
14 16
15 0
15 12
16 2
16 3
17 3
17 7
18 14
18 16
19 7
19 11
20 2
20 11

# solution 1455
# n=21 sym=rot2 status=verified source=flammenkamp_cache/n21_rot2
# code=:BC7BEG37230C4F0AIJ6F1J5E12AK5G8KHIDH469D89
0 11
0 12
1 7
1 11
2 14
2 16
3 3
3 7
4 2
4 3
5 0
5 12
6 4
6 15
7 0
7 10
8 18
8 19
9 6
9 15
10 1
10 19
11 5
11 14
12 1
12 2
13 10
13 20
14 5
14 16
15 8
15 20
16 17
16 18
17 13
17 17
18 4
18 6
19 9
19 13
20 8
20 9

# solution 1456
# n=21 sym=rot2 status=verified source=flammenkamp_cache/n21_rot2
# code=:5B7C4C47HIBHFIAK06161JEJEK0A253923DG8G8D9F
0 5
0 11
1 7
1 12
2 4
2 12
3 4
3 7
4 17
4 18
5 11
5 17
6 15
6 18
7 10
7 20
8 0
8 6
9 1
9 6
10 1
10 19
11 14
11 19
12 14
12 20
13 0
13 10
14 2
14 5
15 3
15 9
16 2
16 3
17 13
17 16
18 8
18 16
19 8
19 13
20 9
20 15

# solution 1457
# n=21 sym=rot2 status=verified source=flammenkamp_cache/n21_rot2
# code=:BF675B7IEI3C8KAK4G131JHJ4G0A0C8H262D9FDE59
0 11
0 15
1 6
1 7
2 5
2 11
3 7
3 18
4 14
4 18
5 3
5 12
6 8
6 20
7 10
7 20
8 4
8 16
9 1
9 3
10 1
10 19
11 17
11 19
12 4
12 16
13 0
13 10
14 0
14 12
15 8
15 17
16 2
16 6
17 2
17 13
18 9
18 15
19 13
19 14
20 5
20 9

# solution 1458
# n=21 sym=rot2 status=verified source=flammenkamp_cache/n21_rot2
# code=:BF7E5B7IEI3C8KAK4G131JHJ4G0A0C8H262D9F6D59
0 11
0 15
1 7
1 14
2 5
2 11
3 7
3 18
4 14
4 18
5 3
5 12
6 8
6 20
7 10
7 20
8 4
8 16
9 1
9 3
10 1
10 19
11 17
11 19
12 4
12 16
13 0
13 10
14 0
14 12
15 8
15 17
16 2
16 6
17 2
17 13
18 9
18 15
19 6
19 13
20 5
20 9

# solution 1459
# n=21 sym=rot2 status=verified source=flammenkamp_cache/n21_rot2
# code=:7J5B6GDG698K0HAF282H1J3ICI5A3K0CBE474E9F1D
0 7
0 19
1 5
1 11
2 6
2 16
3 13
3 16
4 6
4 9
5 8
5 20
6 0
6 17
7 10
7 15
8 2
8 8
9 2
9 17
10 1
10 19
11 3
11 18
12 12
12 18
13 5
13 10
14 3
14 20
15 0
15 12
16 11
16 14
17 4
17 7
18 4
18 14
19 9
19 15
20 1
20 13

# solution 1460
# n=21 sym=rot2 status=verified source=flammenkamp_cache/n21_rot2
# code=:5E8BDG273F9I4J0A8E031JHK6CAK1G2B5HDI479C6F
0 5
0 14
1 8
1 11
2 13
2 16
3 2
3 7
4 3
4 15
5 9
5 18
6 4
6 19
7 0
7 10
8 8
8 14
9 0
9 3
10 1
10 19
11 17
11 20
12 6
12 12
13 10
13 20
14 1
14 16
15 2
15 11
16 5
16 17
17 13
17 18
18 4
18 7
19 9
19 12
20 6
20 15

# solution 1461
# n=21 sym=rot2 status=verified source=flammenkamp_cache/n21_rot2
# code=:8GCF477BEHIK025A3J691JBE1HAFIK02369DDG584C
0 8
0 16
1 12
1 15
2 4
2 7
3 7
3 11
4 14
4 17
5 18
5 20
6 0
6 2
7 5
7 10
8 3
8 19
9 6
9 9
10 1
10 19
11 11
11 14
12 1
12 17
13 10
13 15
14 18
14 20
15 0
15 2
16 3
16 6
17 9
17 13
18 13
18 16
19 5
19 8
20 4
20 12

# solution 1462
# n=21 sym=rot2 status=verified source=flammenkamp_cache/n21_rot2
# code=:8E7835BD060H4GAI9JFI1J251B2A4G3KEK79FHCD6C
0 8
0 14
1 7
1 8
2 3
2 5
3 11
3 13
4 0
4 6
5 0
5 17
6 4
6 16
7 10
7 18
8 9
8 19
9 15
9 18
10 1
10 19
11 2
11 5
12 1
12 11
13 2
13 10
14 4
14 16
15 3
15 20
16 14
16 20
17 7
17 9
18 15
18 17
19 12
19 13
20 6
20 12

# solution 1463
# n=21 sym=rot2 status=verified source=flammenkamp_cache/n21_rot2
# code=:8FDF48DHBE26240A9J031JHK1BAKGIEI6937CG575C
0 8
0 15
1 13
1 15
2 4
2 8
3 13
3 17
4 11
4 14
5 2
5 6
6 2
6 4
7 0
7 10
8 9
8 19
9 0
9 3
10 1
10 19
11 17
11 20
12 1
12 11
13 10
13 20
14 16
14 18
15 14
15 18
16 6
16 9
17 3
17 7
18 12
18 16
19 5
19 7
20 5
20 12

# solution 1464
# n=21 sym=rot2 status=verified source=flammenkamp_cache/n21_rot2
# code=:1D6H9D4E2C9F4KAF28031JHKCI5A0G5B8I6G7B3E7J
0 1
0 13
1 6
1 17
2 9
2 13
3 4
3 14
4 2
4 12
5 9
5 15
6 4
6 20
7 10
7 15
8 2
8 8
9 0
9 3
10 1
10 19
11 17
11 20
12 12
12 18
13 5
13 10
14 0
14 16
15 5
15 11
16 8
16 18
17 6
17 16
18 7
18 11
19 3
19 14
20 7
20 19

# solution 1465
# n=21 sym=rot2 status=verified source=flammenkamp_cache/n21_rot2
# code=:DE8K4D2B38FI4F0AEJ391JBH16AK5G25CH9I7G0C67
0 13
0 14
1 8
1 20
2 4
2 13
3 2
3 11
4 3
4 8
5 15
5 18
6 4
6 15
7 0
7 10
8 14
8 19
9 3
9 9
10 1
10 19
11 11
11 17
12 1
12 6
13 10
13 20
14 5
14 16
15 2
15 5
16 12
16 17
17 9
17 18
18 7
18 16
19 0
19 12
20 6
20 7

# solution 1466
# n=21 sym=rot2 status=verified source=flammenkamp_cache/n21_rot2
# code=:7GBF78EGHI1F028A03691JBEHKACIK5J2346CD594D
0 7
0 16
1 11
1 15
2 7
2 8
3 14
3 16
4 17
4 18
5 1
5 15
6 0
6 2
7 8
7 10
8 0
8 3
9 6
9 9
10 1
10 19
11 11
11 14
12 17
12 20
13 10
13 12
14 18
14 20
15 5
15 19
16 2
16 3
17 4
17 6
18 12
18 13
19 5
19 9
20 4
20 13

# solution 1467
# n=21 sym=rot2 status=verified source=flammenkamp_cache/n21_rot2
# code=:7D5IBK8E0B35GI8A6G3J1J1H4EAC24FH9K6C092F7D
0 7
0 13
1 5
1 18
2 11
2 20
3 8
3 14
4 0
4 11
5 3
5 5
6 16
6 18
7 8
7 10
8 6
8 16
9 3
9 19
10 1
10 19
11 1
11 17
12 4
12 14
13 10
13 12
14 2
14 4
15 15
15 17
16 9
16 20
17 6
17 12
18 0
18 9
19 2
19 15
20 7
20 13

# solution 1468
# n=21 sym=rot2 status=verified source=flammenkamp_cache/n21_rot2
# code=:EF487B2GCF26AK3DJK391JBH017H0AEI584I9DCG56
0 14
0 15
1 4
1 8
2 7
2 11
3 2
3 16
4 12
4 15
5 2
5 6
6 10
6 20
7 3
7 13
8 19
8 20
9 3
9 9
10 1
10 19
11 11
11 17
12 0
12 1
13 7
13 17
14 0
14 10
15 14
15 18
16 5
16 8
17 4
17 18
18 9
18 13
19 12
19 16
20 5
20 6

# solution 1469
# n=21 sym=rot2 status=verified source=flammenkamp_cache/n21_rot2
# code=:8EEG9D7G232FAKFH190C1J8KBJ350A5IHI4D7B466C
0 8
0 14
1 14
1 16
2 9
2 13
3 7
3 16
4 2
4 3
5 2
5 15
6 10
6 20
7 15
7 17
8 1
8 9
9 0
9 12
10 1
10 19
11 8
11 20
12 11
12 19
13 3
13 5
14 0
14 10
15 5
15 18
16 17
16 18
17 4
17 13
18 7
18 11
19 4
19 6
20 6
20 12

# solution 1470
# n=21 sym=rot2 status=verified source=flammenkamp_cache/n21_rot2
# code=:8C3959DIEG0G7A3I150E1J6KFJ2HAD4K4627BFBH8C
0 8
0 12
1 3
1 9
2 5
2 9
3 13
3 18
4 14
4 16
5 0
5 16
6 7
6 10
7 3
7 18
8 1
8 5
9 0
9 14
10 1
10 19
11 6
11 20
12 15
12 19
13 2
13 17
14 10
14 13
15 4
15 20
16 4
16 6
17 2
17 7
18 11
18 15
19 11
19 17
20 8
20 12

# solution 1471
# n=21 sym=rot2 status=verified source=flammenkamp_cache/n21_rot2
# code=:47AB8H4F7K3IEJ8J0F9I6E2B5K1C162H0D5G3C9ADG
0 4
0 7
1 10
1 11
2 8
2 17
3 4
3 15
4 7
4 20
5 3
5 18
6 14
6 19
7 8
7 19
8 0
8 15
9 9
9 18
10 6
10 14
11 2
11 11
12 5
12 20
13 1
13 12
14 1
14 6
15 2
15 17
16 0
16 13
17 5
17 16
18 3
18 12
19 9
19 10
20 13
20 16

# solution 1472
# n=21 sym=rot2 status=verified source=flammenkamp_cache/n21_rot2
# code=:CEEH593D2508AKGI194D1J7GBJ240ACKFI7HBF3668
0 12
0 14
1 14
1 17
2 5
2 9
3 3
3 13
4 2
4 5
5 0
5 8
6 10
6 20
7 16
7 18
8 1
8 9
9 4
9 13
10 1
10 19
11 7
11 16
12 11
12 19
13 2
13 4
14 0
14 10
15 12
15 20
16 15
16 18
17 7
17 17
18 11
18 15
19 3
19 6
20 6
20 8

# solution 1473
# n=21 sym=rot2 status=verified source=flammenkamp_cache/n21_rot2
# code=:8C2E9F5D392GAG37JK061JEK01DH4A4IBH7F5B6I8C
0 8
0 12
1 2
1 14
2 9
2 15
3 5
3 13
4 3
4 9
5 2
5 16
6 10
6 16
7 3
7 7
8 19
8 20
9 0
9 6
10 1
10 19
11 14
11 20
12 0
12 1
13 13
13 17
14 4
14 10
15 4
15 18
16 11
16 17
17 7
17 15
18 5
18 11
19 6
19 18
20 8
20 12

# solution 1474
# n=21 sym=rot2 status=verified source=flammenkamp_cache/n21_rot2
# code=:BF784B37EF028A06GI131JHJ24EKACIK56DH9GCD59
0 11
0 15
1 7
1 8
2 4
2 11
3 3
3 7
4 14
4 15
5 0
5 2
6 8
6 10
7 0
7 6
8 16
8 18
9 1
9 3
10 1
10 19
11 17
11 19
12 2
12 4
13 14
13 20
14 10
14 12
15 18
15 20
16 5
16 6
17 13
17 17
18 9
18 16
19 12
19 13
20 5
20 9

# solution 1475
# n=21 sym=rot2 status=verified source=flammenkamp_cache/n21_rot2
# code=:8C7I3B3626FGAG0K19DF1J57BJ0K4A45EIEH9H2D8C
0 8
0 12
1 7
1 18
2 3
2 11
3 3
3 6
4 2
4 6
5 15
5 16
6 10
6 16
7 0
7 20
8 1
8 9
9 13
9 15
10 1
10 19
11 5
11 7
12 11
12 19
13 0
13 20
14 4
14 10
15 4
15 5
16 14
16 18
17 14
17 17
18 9
18 17
19 2
19 13
20 8
20 12

# solution 1476
# n=21 sym=rot2 status=verified source=flammenkamp_cache/n21_rot2
# code=:295B7C0G3J3I5ADE086G1J4ECK67AF2H1H4K8D9FBI
0 2
0 9
1 5
1 11
2 7
2 12
3 0
3 16
4 3
4 19
5 3
5 18
6 5
6 10
7 13
7 14
8 0
8 8
9 6
9 16
10 1
10 19
11 4
11 14
12 12
12 20
13 6
13 7
14 10
14 15
15 2
15 17
16 1
16 17
17 4
17 20
18 8
18 13
19 9
19 15
20 11
20 18

# solution 1477
# n=21 sym=rot2 status=verified source=flammenkamp_cache/n21_rot2
# code=:BFBH58EI03EI8A7D014G1J4GJK7DAC26HK26CF3959
0 11
0 15
1 11
1 17
2 5
2 8
3 14
3 18
4 0
4 3
5 14
5 18
6 8
6 10
7 7
7 13
8 0
8 1
9 4
9 16
10 1
10 19
11 4
11 16
12 19
12 20
13 7
13 13
14 10
14 12
15 2
15 6
16 17
16 20
17 2
17 6
18 12
18 15
19 3
19 9
20 5
20 9

# solution 1478
# n=21 sym=rot2 status=verified source=flammenkamp_cache/n21_rot2
# code=:5IBCCD6749HI4A016F031JHK5EJKAG23BGDE78892F
0 5
0 18
1 11
1 12
2 12
2 13
3 6
3 7
4 4
4 9
5 17
5 18
6 4
6 10
7 0
7 1
8 6
8 15
9 0
9 3
10 1
10 19
11 17
11 20
12 5
12 14
13 19
13 20
14 10
14 16
15 2
15 3
16 11
16 16
17 13
17 14
18 7
18 8
19 8
19 9
20 2
20 15

# solution 1479
# n=21 sym=rot2 status=verified source=flammenkamp_cache/n21_rot2
# code=:BF7E78BE2G23AG0K58HJ1J13CF0K4AHI4I69CD6D59
0 11
0 15
1 7
1 14
2 7
2 8
3 11
3 14
4 2
4 16
5 2
5 3
6 10
6 16
7 0
7 20
8 5
8 8
9 17
9 19
10 1
10 19
11 1
11 3
12 12
12 15
13 0
13 20
14 4
14 10
15 17
15 18
16 4
16 18
17 6
17 9
18 12
18 13
19 6
19 13
20 5
20 9

# solution 1480
# n=21 sym=rot2 status=verified source=flammenkamp_cache/n21_rot2
# code=:GK7B58686FHIADGI019H1J3BJK247A235ECECF9D04
0 16
0 20
1 7
1 11
2 5
2 8
3 6
3 8
4 6
4 15
5 17
5 18
6 10
6 13
7 16
7 18
8 0
8 1
9 9
9 17
10 1
10 19
11 3
11 11
12 19
12 20
13 2
13 4
14 7
14 10
15 2
15 3
16 5
16 14
17 12
17 14
18 12
18 15
19 9
19 13
20 0
20 4

# solution 1481
# n=21 sym=rot2 status=verified source=flammenkamp_cache/n21_rot2
# code=:8GBG8I6BFI3KAD37FJ061JEK15DH7A0H259E2C494C
0 8
0 16
1 11
1 16
2 8
2 18
3 6
3 11
4 15
4 18
5 3
5 20
6 10
6 13
7 3
7 7
8 15
8 19
9 0
9 6
10 1
10 19
11 14
11 20
12 1
12 5
13 13
13 17
14 7
14 10
15 0
15 17
16 2
16 5
17 9
17 14
18 2
18 12
19 4
19 9
20 4
20 12

# solution 1482
# n=21 sym=rot2 status=verified source=flammenkamp_cache/n21_rot2
# code=:259C7E375B8G0AGJ06231JHIEK14AK4C9FDH6D8BFI
0 2
0 5
1 9
1 12
2 7
2 14
3 3
3 7
4 5
4 11
5 8
5 16
6 0
6 10
7 16
7 19
8 0
8 6
9 2
9 3
10 1
10 19
11 17
11 18
12 14
12 20
13 1
13 4
14 10
14 20
15 4
15 12
16 9
16 15
17 13
17 17
18 6
18 13
19 8
19 11
20 15
20 18

# solution 1483
# n=21 sym=rot2 status=verified source=flammenkamp_cache/n21_rot2
# code=:4EAC3J591D2K58IKDG396EBH4702CF0I7JBF1H8A6G
0 4
0 14
1 10
1 12
2 3
2 19
3 5
3 9
4 1
4 13
5 2
5 20
6 5
6 8
7 18
7 20
8 13
8 16
9 3
9 9
10 6
10 14
11 11
11 17
12 4
12 7
13 0
13 2
14 12
14 15
15 0
15 18
16 7
16 19
17 11
17 15
18 1
18 17
19 8
19 10
20 6
20 16

# solution 1484
# n=21 sym=rot2 status=verified source=flammenkamp_cache/n21_rot2
# code=:8EAH1F9G1D02580IDG396EBH472KCFIK7J4B5J3A6C
0 8
0 14
1 10
1 17
2 1
2 15
3 9
3 16
4 1
4 13
5 0
5 2
6 5
6 8
7 0
7 18
8 13
8 16
9 3
9 9
10 6
10 14
11 11
11 17
12 4
12 7
13 2
13 20
14 12
14 15
15 18
15 20
16 7
16 19
17 4
17 11
18 5
18 19
19 3
19 10
20 6
20 12

# solution 1485
# n=21 sym=rot2 status=verified source=flammenkamp_cache/n21_rot2
# code=:8E3A1F9G1D02580IDG396EBH472KCFIK7J4B5JAH6C
0 8
0 14
1 3
1 10
2 1
2 15
3 9
3 16
4 1
4 13
5 0
5 2
6 5
6 8
7 0
7 18
8 13
8 16
9 3
9 9
10 6
10 14
11 11
11 17
12 4
12 7
13 2
13 20
14 12
14 15
15 18
15 20
16 7
16 19
17 4
17 11
18 5
18 19
19 10
19 17
20 6
20 12

# solution 1486
# n=21 sym=rot2 status=verified source=flammenkamp_cache/n21_rot2
# code=:9E8I5D4K9FDH4A1K68231JHICE0JAG375B0G7F2C6B
0 9
0 14
1 8
1 18
2 5
2 13
3 4
3 20
4 9
4 15
5 13
5 17
6 4
6 10
7 1
7 20
8 6
8 8
9 2
9 3
10 1
10 19
11 17
11 18
12 12
12 14
13 0
13 19
14 10
14 16
15 3
15 7
16 5
16 11
17 0
17 16
18 7
18 15
19 2
19 12
20 6
20 11

# solution 1487
# n=21 sym=rot2 status=verified source=flammenkamp_cache/n21_rot2
# code=:6B7847EHIK25AG0C591H1J3JBF8K4AFI0236DGCD9E
0 6
0 11
1 7
1 8
2 4
2 7
3 14
3 17
4 18
4 20
5 2
5 5
6 10
6 16
7 0
7 12
8 5
8 9
9 1
9 17
10 1
10 19
11 3
11 19
12 11
12 15
13 8
13 20
14 4
14 10
15 15
15 18
16 0
16 2
17 3
17 6
18 13
18 16
19 12
19 13
20 9
20 14

# solution 1488
# n=21 sym=rot2 status=verified source=flammenkamp_cache/n21_rot2
# code=:478BDG5B3EIK0A1538EI1J26CHFJAK026H9F479CDG
0 4
0 7
1 8
1 11
2 13
2 16
3 5
3 11
4 3
4 14
5 18
5 20
6 0
6 10
7 1
7 5
8 3
8 8
9 14
9 18
10 1
10 19
11 2
11 6
12 12
12 17
13 15
13 19
14 10
14 20
15 0
15 2
16 6
16 17
17 9
17 15
18 4
18 7
19 9
19 12
20 13
20 16

# solution 1489
# n=21 sym=rot2 status=verified source=flammenkamp_cache/n21_rot2
# code=:8D380D0G39EF1A4IEI591JBF262GAJ56BH4K7KCH7C
0 8
0 13
1 3
1 8
2 0
2 13
3 0
3 16
4 3
4 9
5 14
5 15
6 1
6 10
7 4
7 18
8 14
8 18
9 5
9 9
10 1
10 19
11 11
11 15
12 2
12 6
13 2
13 16
14 10
14 19
15 5
15 6
16 11
16 17
17 4
17 20
18 7
18 20
19 12
19 17
20 7
20 12

# solution 1490
# n=21 sym=rot2 status=verified source=flammenkamp_cache/n21_rot2
# code=:7C5CDG296G02AK9F1HEH1J363J5B0AIK4EBI478F8D
0 7
0 12
1 5
1 12
2 13
2 16
3 2
3 9
4 6
4 16
5 0
5 2
6 10
6 20
7 9
7 15
8 1
8 17
9 14
9 17
10 1
10 19
11 3
11 6
12 3
12 19
13 5
13 11
14 0
14 10
15 18
15 20
16 4
16 14
17 11
17 18
18 4
18 7
19 8
19 15
20 8
20 13

# solution 1491
# n=21 sym=rot2 status=verified source=flammenkamp_cache/n21_rot2
# code=:148EDI689D5H4A0K9IFH1J352B0KAG3F7BCE276CGJ
0 1
0 4
1 8
1 14
2 13
2 18
3 6
3 8
4 9
4 13
5 5
5 17
6 4
6 10
7 0
7 20
8 9
8 18
9 15
9 17
10 1
10 19
11 3
11 5
12 2
12 11
13 0
13 20
14 10
14 16
15 3
15 15
16 7
16 11
17 12
17 14
18 2
18 7
19 6
19 12
20 16
20 19

# solution 1492
# n=21 sym=rot2 status=verified source=flammenkamp_cache/n21_rot2
# code=:BKCD5H1D5BHI4A084EEI1J266GCKAG239F7J3F7809
0 11
0 20
1 12
1 13
2 5
2 17
3 1
3 13
4 5
4 11
5 17
5 18
6 4
6 10
7 0
7 8
8 4
8 14
9 14
9 18
10 1
10 19
11 2
11 6
12 6
12 16
13 12
13 20
14 10
14 16
15 2
15 3
16 9
16 15
17 7
17 19
18 3
18 15
19 7
19 8
20 0
20 9

# solution 1493
# n=21 sym=rot2 status=verified source=flammenkamp_cache/n21_rot2
# code=:7GCE5G2716CKAB5K3I391JBH2H0F9A08EJDI4F684D
0 7
0 16
1 12
1 14
2 5
2 16
3 2
3 7
4 1
4 6
5 12
5 20
6 10
6 11
7 5
7 20
8 3
8 18
9 3
9 9
10 1
10 19
11 11
11 17
12 2
12 17
13 0
13 15
14 9
14 10
15 0
15 8
16 14
16 19
17 13
17 18
18 4
18 15
19 6
19 8
20 4
20 13

# solution 1494
# n=21 sym=rot2 status=verified source=flammenkamp_cache/n21_rot2
# code=:48AE5H4I9D1J8H6D029K5F0BIK7E3C1J7B2G3F6ACG
0 4
0 8
1 10
1 14
2 5
2 17
3 4
3 18
4 9
4 13
5 1
5 19
6 8
6 17
7 6
7 13
8 0
8 2
9 9
9 20
10 5
10 15
11 0
11 11
12 18
12 20
13 7
13 14
14 3
14 12
15 1
15 19
16 7
16 11
17 2
17 16
18 3
18 15
19 6
19 10
20 12
20 16

# solution 1495
# n=21 sym=rot2 status=verified source=flammenkamp_cache/n21_rot2
# code=:9H46DEGI18AH0K5F9C271JDI8B5F0K3ACJ2467EG3B
0 9
0 17
1 4
1 6
2 13
2 14
3 16
3 18
4 1
4 8
5 10
5 17
6 0
6 20
7 5
7 15
8 9
8 12
9 2
9 7
10 1
10 19
11 13
11 18
12 8
12 11
13 5
13 15
14 0
14 20
15 3
15 10
16 12
16 19
17 2
17 4
18 6
18 7
19 14
19 16
20 3
20 11

# solution 1496
# n=21 sym=rot2 status=verified source=flammenkamp_cache/n21_rot2
# code=:9C4AEK7G12397JEF28HK5F03CI561DBHIJ4D06AG8B
0 9
0 12
1 4
1 10
2 14
2 20
3 7
3 16
4 1
4 2
5 3
5 9
6 7
6 19
7 14
7 15
8 2
8 8
9 17
9 20
10 5
10 15
11 0
11 3
12 12
12 18
13 5
13 6
14 1
14 13
15 11
15 17
16 18
16 19
17 4
17 13
18 0
18 6
19 10
19 16
20 8
20 11

# solution 1497
# n=21 sym=rot2 status=verified source=flammenkamp_cache/n21_rot2
# code=:9I4C1D56EGAC0K5H9D231JHI7B3F0K8A46EF7J8G2B
0 9
0 18
1 4
1 12
2 1
2 13
3 5
3 6
4 14
4 16
5 10
5 12
6 0
6 20
7 5
7 17
8 9
8 13
9 2
9 3
10 1
10 19
11 17
11 18
12 7
12 11
13 3
13 15
14 0
14 20
15 8
15 10
16 4
16 6
17 14
17 15
18 7
18 19
19 8
19 16
20 2
20 11

# solution 1498
# n=21 sym=rot2 status=verified source=flammenkamp_cache/n21_rot2
# code=:9I4CDJ56EGAC0K5H9D231JHI7B3F0K8A46EF178G2B
0 9
0 18
1 4
1 12
2 13
2 19
3 5
3 6
4 14
4 16
5 10
5 12
6 0
6 20
7 5
7 17
8 9
8 13
9 2
9 3
10 1
10 19
11 17
11 18
12 7
12 11
13 3
13 15
14 0
14 20
15 8
15 10
16 4
16 6
17 14
17 15
18 1
18 7
19 8
19 16
20 2
20 11

# solution 1499
# n=21 sym=rot2 status=verified source=flammenkamp_cache/n21_rot2
# code=:DE4A3C692J1D2H9F8K045FGK0C5B3I7J1IBE8HAG67
0 13
0 14
1 4
1 10
2 3
2 12
3 6
3 9
4 2
4 19
5 1
5 13
6 2
6 17
7 9
7 15
8 8
8 20
9 0
9 4
10 5
10 15
11 16
11 20
12 0
12 12
13 5
13 11
14 3
14 18
15 7
15 19
16 1
16 18
17 11
17 14
18 8
18 17
19 10
19 16
20 6
20 7

# solution 1500
# n=21 sym=rot2 status=verified source=flammenkamp_cache/n21_rot2
# code=:47AC452DEH9IEH1801095FBKJKCJ362B367IFG8ADG
0 4
0 7
1 10
1 12
2 4
2 5
3 2
3 13
4 14
4 17
5 9
5 18
6 14
6 17
7 1
7 8
8 0
8 1
9 0
9 9
10 5
10 15
11 11
11 20
12 19
12 20
13 12
13 19
14 3
14 6
15 2
15 11
16 3
16 6
17 7
17 18
18 15
18 16
19 8
19 10
20 13
20 16

# solution 1501
# n=21 sym=rot2 status=verified source=flammenkamp_cache/n21_rot2
# code=:EJ7AEG475J899H2K8K235FHI0C0I3BBC1FDG46AD16
0 14
0 19
1 7
1 10
2 14
2 16
3 4
3 7
4 5
4 19
5 8
5 9
6 9
6 17
7 2
7 20
8 8
8 20
9 2
9 3
10 5
10 15
11 17
11 18
12 0
12 12
13 0
13 18
14 3
14 11
15 11
15 12
16 1
16 15
17 13
17 16
18 4
18 6
19 10
19 13
20 1
20 6

# solution 1502
# n=21 sym=rot2 status=verified source=flammenkamp_cache/n21_rot2
# code=:8E4AFH9H2D4618IKJK9D5F7B0102CJEG7I3B35AG6C
0 8
0 14
1 4
1 10
2 15
2 17
3 9
3 17
4 2
4 13
5 4
5 6
6 1
6 8
7 18
7 20
8 19
8 20
9 9
9 13
10 5
10 15
11 7
11 11
12 0
12 1
13 0
13 2
14 12
14 19
15 14
15 16
16 7
16 18
17 3
17 11
18 3
18 5
19 10
19 16
20 6
20 12

# solution 1503
# n=21 sym=rot2 status=verified source=flammenkamp_cache/n21_rot2
# code=:6D9A34DJCG262H01FK9C5F8B05JK3IEI4817GHAB7E
0 6
0 13
1 9
1 10
2 3
2 4
3 13
3 19
4 12
4 16
5 2
5 6
6 2
6 17
7 0
7 1
8 15
8 20
9 9
9 12
10 5
10 15
11 8
11 11
12 0
12 5
13 19
13 20
14 3
14 18
15 14
15 18
16 4
16 8
17 1
17 7
18 16
18 17
19 10
19 11
20 7
20 14

# solution 1504
# n=21 sym=rot2 status=verified source=flammenkamp_cache/n21_rot2
# code=:7C8K35EI9D6A4J3KGI9F1J5B240H1GAE7B26FH0C8D
0 7
0 12
1 8
1 20
2 3
2 5
3 14
3 18
4 9
4 13
5 6
5 10
6 4
6 19
7 3
7 20
8 16
8 18
9 9
9 15
10 1
10 19
11 5
11 11
12 2
12 4
13 0
13 17
14 1
14 16
15 10
15 14
16 7
16 11
17 2
17 6
18 15
18 17
19 0
19 12
20 8
20 13

# solution 1505
# n=21 sym=rot2 status=verified source=flammenkamp_cache/n21_rot2
# code=:8D39FI084IAEDK39146F1J5EGJBH076A2GCK25BH7C
0 8
0 13
1 3
1 9
2 15
2 18
3 0
3 8
4 4
4 18
5 10
5 14
6 13
6 20
7 3
7 9
8 1
8 4
9 6
9 15
10 1
10 19
11 5
11 14
12 16
12 19
13 11
13 17
14 0
14 7
15 6
15 10
16 2
16 16
17 12
17 20
18 2
18 5
19 11
19 17
20 7
20 12

# solution 1506
# n=21 sym=rot2 status=verified source=flammenkamp_cache/n21_rot2
# code=:6804FKDGFI7A693J9CHI1J238B1HBEAD254705GKCE
0 6
0 8
1 0
1 4
2 15
2 20
3 13
3 16
4 15
4 18
5 7
5 10
6 6
6 9
7 3
7 19
8 9
8 12
9 17
9 18
10 1
10 19
11 2
11 3
12 8
12 11
13 1
13 17
14 11
14 14
15 10
15 13
16 2
16 5
17 4
17 7
18 0
18 5
19 16
19 20
20 12
20 14

# solution 1507
# n=21 sym=rot2 status=verified source=flammenkamp_cache/n21_rot2
# code=:8GBEFG3637AC029F2D0J1J1K7I5BIK8ADHEH45694C
0 8
0 16
1 11
1 14
2 15
2 16
3 3
3 6
4 3
4 7
5 10
5 12
6 0
6 2
7 9
7 15
8 2
8 13
9 0
9 19
10 1
10 19
11 1
11 20
12 7
12 18
13 5
13 11
14 18
14 20
15 8
15 10
16 13
16 17
17 14
17 17
18 4
18 5
19 6
19 9
20 4
20 12

# solution 1508
# n=21 sym=rot2 status=verified source=flammenkamp_cache/n21_rot2
# code=:8D69DKEG254A02HJCF391JBH5813IKAGFI4607BE7C
0 8
0 13
1 6
1 9
2 13
2 20
3 14
3 16
4 2
4 5
5 4
5 10
6 0
6 2
7 17
7 19
8 12
8 15
9 3
9 9
10 1
10 19
11 11
11 17
12 5
12 8
13 1
13 3
14 18
14 20
15 10
15 16
16 15
16 18
17 4
17 6
18 0
18 7
19 11
19 14
20 7
20 12

# solution 1509
# n=21 sym=rot2 status=verified source=flammenkamp_cache/n21_rot2
# code=:7C59DH4612AG6KFH9C021JIK8B350E4AIJEG37BF8D
0 7
0 12
1 5
1 9
2 13
2 17
3 4
3 6
4 1
4 2
5 10
5 16
6 6
6 20
7 15
7 17
8 9
8 12
9 0
9 2
10 1
10 19
11 18
11 20
12 8
12 11
13 3
13 5
14 0
14 14
15 4
15 10
16 18
16 19
17 14
17 16
18 3
18 7
19 11
19 15
20 8
20 13

# solution 1510
# n=21 sym=rot2 status=verified source=flammenkamp_cache/n21_rot2
# code=:7C9FDH4612AG6KFH9C021JIK8B350E4AIJEG375B8D
0 7
0 12
1 9
1 15
2 13
2 17
3 4
3 6
4 1
4 2
5 10
5 16
6 6
6 20
7 15
7 17
8 9
8 12
9 0
9 2
10 1
10 19
11 18
11 20
12 8
12 11
13 3
13 5
14 0
14 14
15 4
15 10
16 18
16 19
17 14
17 16
18 3
18 7
19 5
19 11
20 8
20 13

# solution 1511
# n=21 sym=rot2 status=verified source=flammenkamp_cache/n21_rot2
# code=:7C59DH461IAG6KFH9C021JIK8B350E4A2JEG37BF8D
0 7
0 12
1 5
1 9
2 13
2 17
3 4
3 6
4 1
4 18
5 10
5 16
6 6
6 20
7 15
7 17
8 9
8 12
9 0
9 2
10 1
10 19
11 18
11 20
12 8
12 11
13 3
13 5
14 0
14 14
15 4
15 10
16 2
16 19
17 14
17 16
18 3
18 7
19 11
19 15
20 8
20 13

# solution 1512
# n=21 sym=rot2 status=verified source=flammenkamp_cache/n21_rot2
# code=:47ACCE9H5724HJJK029E5F6BIK0113GIDF3B688ADG
0 4
0 7
1 10
1 12
2 12
2 14
3 9
3 17
4 5
4 7
5 2
5 4
6 17
6 19
7 19
7 20
8 0
8 2
9 9
9 14
10 5
10 15
11 6
11 11
12 18
12 20
13 0
13 1
14 1
14 3
15 16
15 18
16 13
16 15
17 3
17 11
18 6
18 8
19 8
19 10
20 13
20 16

# solution 1513
# n=21 sym=rot2 status=verified source=flammenkamp_cache/n21_rot2
# code=:7C298E5HEI0A5H794J0G1J4K1GBD3FAK263F6CBI8D
0 7
0 12
1 2
1 9
2 8
2 14
3 5
3 17
4 14
4 18
5 0
5 10
6 5
6 17
7 7
7 9
8 4
8 19
9 0
9 16
10 1
10 19
11 4
11 20
12 1
12 16
13 11
13 13
14 3
14 15
15 10
15 20
16 2
16 6
17 3
17 15
18 6
18 12
19 11
19 18
20 8
20 13

# solution 1514
# n=21 sym=rot2 status=verified source=flammenkamp_cache/n21_rot2
# code=:47AHEI59674JHKCI019C5F8BJK28031GDEBF263ADG
0 4
0 7
1 10
1 17
2 14
2 18
3 5
3 9
4 6
4 7
5 4
5 19
6 17
6 20
7 12
7 18
8 0
8 1
9 9
9 12
10 5
10 15
11 8
11 11
12 19
12 20
13 2
13 8
14 0
14 3
15 1
15 16
16 13
16 14
17 11
17 15
18 2
18 6
19 3
19 10
20 13
20 16

# solution 1515
# n=21 sym=rot2 status=verified source=flammenkamp_cache/n21_rot2
# code=:6C359D57GIAI6CHK19041JGKBJ038E2A24DF7BFH8E
0 6
0 12
1 3
1 5
2 9
2 13
3 5
3 7
4 16
4 18
5 10
5 18
6 6
6 12
7 17
7 20
8 1
8 9
9 0
9 4
10 1
10 19
11 16
11 20
12 11
12 19
13 0
13 3
14 8
14 14
15 2
15 10
16 2
16 4
17 13
17 15
18 7
18 11
19 15
19 17
20 8
20 14

# solution 1516
# n=21 sym=rot2 status=verified source=flammenkamp_cache/n21_rot2
# code=:6CBF276G13AKFG039C271JDI8BHK450AHJ4EDI598E
0 6
0 12
1 11
1 15
2 2
2 7
3 6
3 16
4 1
4 3
5 10
5 20
6 15
6 16
7 0
7 3
8 9
8 12
9 2
9 7
10 1
10 19
11 13
11 18
12 8
12 11
13 17
13 20
14 4
14 5
15 0
15 10
16 17
16 19
17 4
17 14
18 13
18 18
19 5
19 9
20 8
20 14

# solution 1517
# n=21 sym=rot2 status=verified source=flammenkamp_cache/n21_rot2
# code=:4C69DG5D25AC02EH9J031JHK1B36IK8AFI7F47BE8G
0 4
0 12
1 6
1 9
2 13
2 16
3 5
3 13
4 2
4 5
5 10
5 12
6 0
6 2
7 14
7 17
8 9
8 19
9 0
9 3
10 1
10 19
11 17
11 20
12 1
12 11
13 3
13 6
14 18
14 20
15 8
15 10
16 15
16 18
17 7
17 15
18 4
18 7
19 11
19 14
20 8
20 16

# solution 1518
# n=21 sym=rot2 status=verified source=flammenkamp_cache/n21_rot2
# code=:DH9A46EH5K17CJ24029C5F8BIKGI18DJ0F36EGAB37
0 13
0 17
1 9
1 10
2 4
2 6
3 14
3 17
4 5
4 20
5 1
5 7
6 12
6 19
7 2
7 4
8 0
8 2
9 9
9 12
10 5
10 15
11 8
11 11
12 18
12 20
13 16
13 18
14 1
14 8
15 13
15 19
16 0
16 15
17 3
17 6
18 14
18 16
19 10
19 11
20 3
20 7

# solution 1519
# n=21 sym=rot2 status=verified source=flammenkamp_cache/n21_rot2
# code=:4C9CDF462HAH6K1F9D021JIK7B5J0E3A3IEG578B8G
0 4
0 12
1 9
1 12
2 13
2 15
3 4
3 6
4 2
4 17
5 10
5 17
6 6
6 20
7 1
7 15
8 9
8 13
9 0
9 2
10 1
10 19
11 18
11 20
12 7
12 11
13 5
13 19
14 0
14 14
15 3
15 10
16 3
16 18
17 14
17 16
18 5
18 7
19 8
19 11
20 8
20 16

# solution 1520
# n=21 sym=rot2 status=verified source=flammenkamp_cache/n21_rot2
# code=:9HAE454DHK1828DE02195FBJIK67CICJ037GFG6A3B
0 9
0 17
1 10
1 14
2 4
2 5
3 4
3 13
4 17
4 20
5 1
5 8
6 2
6 8
7 13
7 14
8 0
8 2
9 1
9 9
10 5
10 15
11 11
11 19
12 18
12 20
13 6
13 7
14 12
14 18
15 12
15 19
16 0
16 3
17 7
17 16
18 15
18 16
19 6
19 10
20 3
20 11

# solution 1521
# n=21 sym=rot2 status=verified source=flammenkamp_cache/n21_rot2
# code=:8H57BE6BFHAC1I7K24GK1J04GI0D2J8A359E69DF3C
0 8
0 17
1 5
1 7
2 11
2 14
3 6
3 11
4 15
4 17
5 10
5 12
6 1
6 18
7 7
7 20
8 2
8 4
9 16
9 20
10 1
10 19
11 0
11 4
12 16
12 18
13 0
13 13
14 2
14 19
15 8
15 10
16 3
16 5
17 9
17 14
18 6
18 9
19 13
19 15
20 3
20 12

# solution 1522
# n=21 sym=rot2 status=verified source=flammenkamp_cache/n21_rot2
# code=:7D49FK4E2I6A093J8CFH1J358C1HBKAE2I6G05BG7D
0 7
0 13
1 4
1 9
2 15
2 20
3 4
3 14
4 2
4 18
5 6
5 10
6 0
6 9
7 3
7 19
8 8
8 12
9 15
9 17
10 1
10 19
11 3
11 5
12 8
12 12
13 1
13 17
14 11
14 20
15 10
15 14
16 2
16 18
17 6
17 16
18 0
18 5
19 11
19 16
20 7
20 13

# solution 1523
# n=21 sym=rot2 status=verified source=flammenkamp_cache/n21_rot2
# code=:6FAB3C6B2K472HGK8J1D5F7J1C043IDG0I9E8H9A5E
0 6
0 15
1 10
1 11
2 3
2 12
3 6
3 11
4 2
4 20
5 4
5 7
6 2
6 17
7 16
7 20
8 8
8 19
9 1
9 13
10 5
10 15
11 7
11 19
12 1
12 12
13 0
13 4
14 3
14 18
15 13
15 16
16 0
16 18
17 9
17 14
18 8
18 17
19 9
19 10
20 5
20 14

# solution 1524
# n=21 sym=rot2 status=verified source=flammenkamp_cache/n21_rot2
# code=:47BFDE462IAC035J9CHK1J038B1FHK8A2IEG6759DG
0 4
0 7
1 11
1 15
2 13
2 14
3 4
3 6
4 2
4 18
5 10
5 12
6 0
6 3
7 5
7 19
8 9
8 12
9 17
9 20
10 1
10 19
11 0
11 3
12 8
12 11
13 1
13 15
14 17
14 20
15 8
15 10
16 2
16 18
17 14
17 16
18 6
18 7
19 5
19 9
20 13
20 16

# solution 1525
# n=21 sym=rot2 status=verified source=flammenkamp_cache/n21_rot2
# code=:477C3F9F0KAH46CI69121JIJBE28EG3A0K5B5H8DDG
0 4
0 7
1 7
1 12
2 3
2 15
3 9
3 15
4 0
4 20
5 10
5 17
6 4
6 6
7 12
7 18
8 6
8 9
9 1
9 2
10 1
10 19
11 18
11 19
12 11
12 14
13 2
13 8
14 14
14 16
15 3
15 10
16 0
16 20
17 5
17 11
18 5
18 17
19 8
19 13
20 13
20 16

# solution 1526
# n=21 sym=rot2 status=verified source=flammenkamp_cache/n21_rot2
# code=:7GBC357H16AC0G259EIK1J026BFI4K8AEJ3DFH894D
0 7
0 16
1 11
1 12
2 3
2 5
3 7
3 17
4 1
4 6
5 10
5 12
6 0
6 16
7 2
7 5
8 9
8 14
9 18
9 20
10 1
10 19
11 0
11 2
12 6
12 11
13 15
13 18
14 4
14 20
15 8
15 10
16 14
16 19
17 3
17 13
18 15
18 17
19 8
19 9
20 4
20 13

# solution 1527
# n=21 sym=rot2 status=verified source=flammenkamp_cache/n21_rot2
# code=:DI6B8C1E044A2H9F570H1J3KDF5B3IAGGK6J8C9E27
0 13
0 18
1 6
1 11
2 8
2 12
3 1
3 14
4 0
4 4
5 4
5 10
6 2
6 17
7 9
7 15
8 5
8 7
9 0
9 17
10 1
10 19
11 3
11 20
12 13
12 15
13 5
13 11
14 3
14 18
15 10
15 16
16 16
16 20
17 6
17 19
18 8
18 12
19 9
19 14
20 2
20 7

# solution 1528
# n=21 sym=rot2 status=verified source=flammenkamp_cache/n21_rot2
# code=:4I9C1D56EGAC0K5H9D231JHI7B3F0K8A46EF7J8B2G
0 4
0 18
1 9
1 12
2 1
2 13
3 5
3 6
4 14
4 16
5 10
5 12
6 0
6 20
7 5
7 17
8 9
8 13
9 2
9 3
10 1
10 19
11 17
11 18
12 7
12 11
13 3
13 15
14 0
14 20
15 8
15 10
16 4
16 6
17 14
17 15
18 7
18 19
19 8
19 11
20 2
20 16

# solution 1529
# n=21 sym=rot2 status=verified source=flammenkamp_cache/n21_rot2
# code=:4I9CDJ56EGAC0K5H9D231JHI7B3F0K8A46EF178B2G
0 4
0 18
1 9
1 12
2 13
2 19
3 5
3 6
4 14
4 16
5 10
5 12
6 0
6 20
7 5
7 17
8 9
8 13
9 2
9 3
10 1
10 19
11 17
11 18
12 7
12 11
13 3
13 15
14 0
14 20
15 8
15 10
16 4
16 6
17 14
17 15
18 1
18 7
19 8
19 11
20 2
20 16

# solution 1530
# n=21 sym=rot2 status=verified source=flammenkamp_cache/n21_rot2
# code=:CF69CK062ADG25GH19371JDHBJ34FI47AIEK08BE58
0 12
0 15
1 6
1 9
2 12
2 20
3 0
3 6
4 2
4 10
5 13
5 16
6 2
6 5
7 16
7 17
8 1
8 9
9 3
9 7
10 1
10 19
11 13
11 17
12 11
12 19
13 3
13 4
14 15
14 18
15 4
15 7
16 10
16 18
17 14
17 20
18 0
18 8
19 11
19 14
20 5
20 8

# solution 1531
# n=21 sym=rot2 status=verified source=flammenkamp_cache/n21_rot2
# code=:3F8CGK275AEG9E09237J1J1DHIBK6B46AFDI048C5H
0 3
0 15
1 8
1 12
2 16
2 20
3 2
3 7
4 5
4 10
5 14
5 16
6 9
6 14
7 0
7 9
8 2
8 3
9 7
9 19
10 1
10 19
11 1
11 13
12 17
12 18
13 11
13 20
14 6
14 11
15 4
15 6
16 10
16 15
17 13
17 18
18 0
18 4
19 8
19 12
20 5
20 17

# solution 1532
# n=21 sym=rot2 status=verified source=flammenkamp_cache/n21_rot2
# code=:8C9D5K4HAI4E26391F7K1J0D5JBHEI6G2A3G0F7B8C
0 8
0 12
1 9
1 13
2 5
2 20
3 4
3 17
4 10
4 18
5 4
5 14
6 2
6 6
7 3
7 9
8 1
8 15
9 7
9 20
10 1
10 19
11 0
11 13
12 5
12 19
13 11
13 17
14 14
14 18
15 6
15 16
16 2
16 10
17 3
17 16
18 0
18 15
19 7
19 11
20 8
20 12

# solution 1533
# n=21 sym=rot2 status=verified source=flammenkamp_cache/n21_rot2
# code=:HI6A780B35IKDE598JGJ4G141CBF6702FH9KCDAE23
0 17
0 18
1 6
1 10
2 7
2 8
3 0
3 11
4 3
4 5
5 18
5 20
6 13
6 14
7 5
7 9
8 8
8 19
9 16
9 19
10 4
10 16
11 1
11 4
12 1
12 12
13 11
13 15
14 6
14 7
15 0
15 2
16 15
16 17
17 9
17 20
18 12
18 13
19 10
19 14
20 2
20 3

# solution 1534
# n=21 sym=rot2 status=verified source=flammenkamp_cache/n21_rot2
# code=:178C5B3I6A0GEG2H09DF1J57BK3I464KAE2H9F8CDJ
0 1
0 7
1 8
1 12
2 5
2 11
3 3
3 18
4 6
4 10
5 0
5 16
6 14
6 16
7 2
7 17
8 0
8 9
9 13
9 15
10 1
10 19
11 5
11 7
12 11
12 20
13 3
13 18
14 4
14 6
15 4
15 20
16 10
16 14
17 2
17 17
18 9
18 15
19 8
19 12
20 13
20 19

# solution 1535
# n=21 sym=rot2 status=verified source=flammenkamp_cache/n21_rot2
# code=:58AE3D5B23EJ0ICK4J9D4G7B1G082K16HI9F7H6ACF
0 5
0 8
1 10
1 14
2 3
2 13
3 5
3 11
4 2
4 3
5 14
5 19
6 0
6 18
7 12
7 20
8 4
8 19
9 9
9 13
10 4
10 16
11 7
11 11
12 1
12 16
13 0
13 8
14 2
14 20
15 1
15 6
16 17
16 18
17 9
17 15
18 7
18 17
19 6
19 10
20 12
20 15

# solution 1536
# n=21 sym=rot2 status=verified source=flammenkamp_cache/n21_rot2
# code=:CF34582EABDGIK391D0E1J6K7JBH02479A6ICFGH58
0 12
0 15
1 3
1 4
2 5
2 8
3 2
3 14
4 10
4 11
5 13
5 16
6 18
6 20
7 3
7 9
8 1
8 13
9 0
9 14
10 1
10 19
11 6
11 20
12 7
12 19
13 11
13 17
14 0
14 2
15 4
15 7
16 9
16 10
17 6
17 18
18 12
18 15
19 16
19 17
20 5
20 8

# solution 1537
# n=21 sym=rot2 status=verified source=flammenkamp_cache/n21_rot2
# code=:CF469F3KACDG0239DJ6I1J2E17BHIK478A0H5BEG58
0 12
0 15
1 4
1 6
2 9
2 15
3 3
3 20
4 10
4 12
5 13
5 16
6 0
6 2
7 3
7 9
8 13
8 19
9 6
9 18
10 1
10 19
11 2
11 14
12 1
12 7
13 11
13 17
14 18
14 20
15 4
15 7
16 8
16 10
17 0
17 17
18 5
18 11
19 14
19 16
20 5
20 8

# solution 1538
# n=21 sym=rot2 status=verified source=flammenkamp_cache/n21_rot2
# code=:9H5AEJBE1H027G5828DK4G07CICF4DIK3J6916AF3B
0 9
0 17
1 5
1 10
2 14
2 19
3 11
3 14
4 1
4 17
5 0
5 2
6 7
6 16
7 5
7 8
8 2
8 8
9 13
9 20
10 4
10 16
11 0
11 7
12 12
12 18
13 12
13 15
14 4
14 13
15 18
15 20
16 3
16 19
17 6
17 9
18 1
18 6
19 10
19 15
20 3
20 11

# solution 1539
# n=21 sym=rot2 status=verified source=flammenkamp_cache/n21_rot2
# code=:8H8D459JAKFG2629DH6K1J0E37BIEI450A1BFG7C3C
0 8
0 17
1 8
1 13
2 4
2 5
3 9
3 19
4 10
4 20
5 15
5 16
6 2
6 6
7 2
7 9
8 13
8 17
9 6
9 20
10 1
10 19
11 0
11 14
12 3
12 7
13 11
13 18
14 14
14 18
15 4
15 5
16 0
16 10
17 1
17 11
18 15
18 16
19 7
19 12
20 3
20 12

# solution 1540
# n=21 sym=rot2 status=verified source=flammenkamp_cache/n21_rot2
# code=:5C8D2G9G6A2DHJ095HEK1J063FBK137IAE4B4I7C8F
0 5
0 12
1 8
1 13
2 2
2 16
3 9
3 16
4 6
4 10
5 2
5 13
6 17
6 19
7 0
7 9
8 5
8 17
9 14
9 20
10 1
10 19
11 0
11 6
12 3
12 15
13 11
13 20
14 1
14 3
15 7
15 18
16 10
16 14
17 4
17 11
18 4
18 18
19 7
19 12
20 8
20 15

# solution 1541
# n=21 sym=rot2 status=verified source=flammenkamp_cache/n21_rot2
# code=:08DF0E9J8A4D9H26FH241JGI35EI3B7GAC1B6K57CK
0 0
0 8
1 13
1 15
2 0
2 14
3 9
3 19
4 8
4 10
5 4
5 13
6 9
6 17
7 2
7 6
8 15
8 17
9 2
9 4
10 1
10 19
11 16
11 18
12 3
12 5
13 14
13 18
14 3
14 11
15 7
15 16
16 10
16 12
17 1
17 11
18 6
18 20
19 5
19 7
20 12
20 20

# solution 1542
# n=21 sym=rot2 status=verified source=flammenkamp_cache/n21_rot2
# code=:8D5ABE263JGKBJ0528DH4G37CIFK19041HEI69AF7C
0 8
0 13
1 5
1 10
2 11
2 14
3 2
3 6
4 3
4 19
5 16
5 20
6 11
6 19
7 0
7 5
8 2
8 8
9 13
9 17
10 4
10 16
11 3
11 7
12 12
12 18
13 15
13 20
14 1
14 9
15 0
15 4
16 1
16 17
17 14
17 18
18 6
18 9
19 10
19 15
20 7
20 12

# solution 1543
# n=21 sym=rot2 status=verified source=flammenkamp_cache/n21_rot2
# code=:BC7H5G173A9IEI8E050G1J4KFK6C262BAHDJ4F3D89
0 11
0 12
1 7
1 17
2 5
2 16
3 1
3 7
4 3
4 10
5 9
5 18
6 14
6 18
7 8
7 14
8 0
8 5
9 0
9 16
10 1
10 19
11 4
11 20
12 15
12 20
13 6
13 12
14 2
14 6
15 2
15 11
16 10
16 17
17 13
17 19
18 4
18 15
19 3
19 13
20 8
20 9

# solution 1544
# n=21 sym=rot2 status=verified source=flammenkamp_cache/n21_rot2
# code=:BC7E45DH0A5H2B8EIJ041JGK126C9I3FAK37FG6D89
0 11
0 12
1 7
1 14
2 4
2 5
3 13
3 17
4 0
4 10
5 5
5 17
6 2
6 11
7 8
7 14
8 18
8 19
9 0
9 4
10 1
10 19
11 16
11 20
12 1
12 2
13 6
13 12
14 9
14 18
15 3
15 15
16 10
16 20
17 3
17 7
18 15
18 16
19 6
19 13
20 8
20 9

# solution 1545
# n=21 sym=rot2 status=verified source=flammenkamp_cache/n21_rot2
# code=:DJ8E5BDI8A45GI03693K1J0HBEHK24FGAC279F6C17
0 13
0 19
1 8
1 14
2 5
2 11
3 13
3 18
4 8
4 10
5 4
5 5
6 16
6 18
7 0
7 3
8 6
8 9
9 3
9 20
10 1
10 19
11 0
11 17
12 11
12 14
13 17
13 20
14 2
14 4
15 15
15 16
16 10
16 12
17 2
17 7
18 9
18 15
19 6
19 12
20 1
20 7

# solution 1546
# n=21 sym=rot2 status=verified source=flammenkamp_cache/n21_rot2
# code=:9D5H46DKAF246C9CJK2H1J3I018B8EGI5A07EG3F7B
0 9
0 13
1 5
1 17
2 4
2 6
3 13
3 20
4 10
4 15
5 2
5 4
6 6
6 12
7 9
7 12
8 19
8 20
9 2
9 17
10 1
10 19
11 3
11 18
12 0
12 1
13 8
13 11
14 8
14 14
15 16
15 18
16 5
16 10
17 0
17 7
18 14
18 16
19 3
19 15
20 7
20 11

# solution 1547
# n=21 sym=rot2 status=verified source=flammenkamp_cache/n21_rot2
# code=:9D5H46DKAF4I6C9CJK2H1J3I018B8E2G5A07EG3F7B
0 9
0 13
1 5
1 17
2 4
2 6
3 13
3 20
4 10
4 15
5 4
5 18
6 6
6 12
7 9
7 12
8 19
8 20
9 2
9 17
10 1
10 19
11 3
11 18
12 0
12 1
13 8
13 11
14 8
14 14
15 2
15 16
16 5
16 10
17 0
17 7
18 14
18 16
19 3
19 15
20 7
20 11

# solution 1548
# n=21 sym=rot2 status=verified source=flammenkamp_cache/n21_rot2
# code=:7C7C5G1H2A5G2BEK39061JEKBH069I4FAI3J4F8D8D
0 7
0 12
1 7
1 12
2 5
2 16
3 1
3 17
4 2
4 10
5 5
5 16
6 2
6 11
7 14
7 20
8 3
8 9
9 0
9 6
10 1
10 19
11 14
11 20
12 11
12 17
13 0
13 6
14 9
14 18
15 4
15 15
16 10
16 18
17 3
17 19
18 4
18 15
19 8
19 13
20 8
20 13

# solution 1549
# n=21 sym=rot2 status=verified source=flammenkamp_cache/n21_rot2
# code=:7CCD5G1H2A5G2BEK39061JEKBH069I4FAI3J4F788D
0 7
0 12
1 12
1 13
2 5
2 16
3 1
3 17
4 2
4 10
5 5
5 16
6 2
6 11
7 14
7 20
8 3
8 9
9 0
9 6
10 1
10 19
11 14
11 20
12 11
12 17
13 0
13 6
14 9
14 18
15 4
15 15
16 10
16 18
17 3
17 19
18 4
18 15
19 7
19 8
20 8
20 13

# solution 1550
# n=21 sym=rot2 status=verified source=flammenkamp_cache/n21_rot2
# code=:79DF1GIK8ABF238E03461JEGHK6CHI59AC024J57BD
0 7
0 9
1 13
1 15
2 1
2 16
3 18
3 20
4 8
4 10
5 11
5 15
6 2
6 3
7 8
7 14
8 0
8 3
9 4
9 6
10 1
10 19
11 14
11 16
12 17
12 20
13 6
13 12
14 17
14 18
15 5
15 9
16 10
16 12
17 0
17 2
18 4
18 19
19 5
19 7
20 11
20 13

# solution 1551
# n=21 sym=rot2 status=verified source=flammenkamp_cache/n21_rot2
# code=:BFAF78EIEH34170KCI194GBJ280KDJGH3626CD5A59
0 11
0 15
1 10
1 15
2 7
2 8
3 14
3 18
4 14
4 17
5 3
5 4
6 1
6 7
7 0
7 20
8 12
8 18
9 1
9 9
10 4
10 16
11 11
11 19
12 2
12 8
13 0
13 20
14 13
14 19
15 16
15 17
16 3
16 6
17 2
17 6
18 12
18 13
19 5
19 10
20 5
20 9

# solution 1552
# n=21 sym=rot2 status=verified source=flammenkamp_cache/n21_rot2
# code=:GH7D4FAB032JEF8CEK291JBI068C561IHK9A5G7D34
0 16
0 17
1 7
1 13
2 4
2 15
3 10
3 11
4 0
4 3
5 2
5 19
6 14
6 15
7 8
7 12
8 14
8 20
9 2
9 9
10 1
10 19
11 11
11 18
12 0
12 6
13 8
13 12
14 5
14 6
15 1
15 18
16 17
16 20
17 9
17 10
18 5
18 16
19 7
19 13
20 3
20 4

# solution 1553
# n=21 sym=rot2 status=verified source=flammenkamp_cache/n21_rot2
# code=:7GAD8F8B2304EJ5IEJ093HBK162F16GKHI9C5C7A4D
0 7
0 16
1 10
1 13
2 8
2 15
3 8
3 11
4 2
4 3
5 0
5 4
6 14
6 19
7 5
7 18
8 14
8 19
9 0
9 9
10 3
10 17
11 11
11 20
12 1
12 6
13 2
13 15
14 1
14 6
15 16
15 20
16 17
16 18
17 9
17 12
18 5
18 12
19 7
19 10
20 4
20 13

# solution 1554
# n=21 sym=rot2 status=verified source=flammenkamp_cache/n21_rot2
# code=:7G4A68BEFI0157HJ029C3H8BIK13DFJK2569CEAG4D
0 7
0 16
1 4
1 10
2 6
2 8
3 11
3 14
4 15
4 18
5 0
5 1
6 5
6 7
7 17
7 19
8 0
8 2
9 9
9 12
10 3
10 17
11 8
11 11
12 18
12 20
13 1
13 3
14 13
14 15
15 19
15 20
16 2
16 5
17 6
17 9
18 12
18 14
19 10
19 16
20 4
20 13

# solution 1555
# n=21 sym=rot2 status=verified source=flammenkamp_cache/n21_rot2
# code=:37AFCE147I19EF8I0K493HBG0K2C56BJ2DGJ685ADH
0 3
0 7
1 10
1 15
2 12
2 14
3 1
3 4
4 7
4 18
5 1
5 9
6 14
6 15
7 8
7 18
8 0
8 20
9 4
9 9
10 3
10 17
11 11
11 16
12 0
12 20
13 2
13 12
14 5
14 6
15 11
15 19
16 2
16 13
17 16
17 19
18 6
18 8
19 5
19 10
20 13
20 17

# solution 1556
# n=21 sym=rot2 status=verified source=flammenkamp_cache/n21_rot2
# code=:9F3DCF4A24DJ02EK9C361JEH8B06IK17GIAG587H5B
0 9
0 15
1 3
1 13
2 12
2 15
3 4
3 10
4 2
4 4
5 13
5 19
6 0
6 2
7 14
7 20
8 9
8 12
9 3
9 6
10 1
10 19
11 14
11 17
12 8
12 11
13 0
13 6
14 18
14 20
15 1
15 7
16 16
16 18
17 10
17 16
18 5
18 8
19 7
19 17
20 5
20 11

# solution 1557
# n=21 sym=rot2 status=verified source=flammenkamp_cache/n21_rot2
# code=:15DH8IAE4589HI094D061JEK7GBK23BCFG6A2C37FJ
0 1
0 5
1 13
1 17
2 8
2 18
3 10
3 14
4 4
4 5
5 8
5 9
6 17
6 18
7 0
7 9
8 4
8 13
9 0
9 6
10 1
10 19
11 14
11 20
12 7
12 16
13 11
13 20
14 2
14 3
15 11
15 12
16 15
16 16
17 6
17 10
18 2
18 12
19 3
19 7
20 15
20 19

# solution 1558
# n=21 sym=rot2 status=verified source=flammenkamp_cache/n21_rot2
# code=:EF0A78BJGH7B24EI58JK3H01CF26GI9D3419CDAK56
0 14
0 15
1 0
1 10
2 7
2 8
3 11
3 19
4 16
4 17
5 7
5 11
6 2
6 4
7 14
7 18
8 5
8 8
9 19
9 20
10 3
10 17
11 0
11 1
12 12
12 15
13 2
13 6
14 16
14 18
15 9
15 13
16 3
16 4
17 1
17 9
18 12
18 13
19 10
19 20
20 5
20 6

# solution 1559
# n=21 sym=rot2 status=verified source=flammenkamp_cache/n21_rot2
# code=:9B6D2GAD8E023J8KFG351JFH450C1HIK6C7A4I7E9B
0 9
0 11
1 6
1 13
2 2
2 16
3 10
3 13
4 8
4 14
5 0
5 2
6 3
6 19
7 8
7 20
8 15
8 16
9 3
9 5
10 1
10 19
11 15
11 17
12 4
12 5
13 0
13 12
14 1
14 17
15 18
15 20
16 6
16 12
17 7
17 10
18 4
18 18
19 7
19 14
20 9
20 11

# solution 1560
# n=21 sym=rot2 status=verified source=flammenkamp_cache/n21_rot2
# code=:6K79146A9C2H4I78FH5K1J0F35CD2G3I8BAEGJBD0E
0 6
0 20
1 7
1 9
2 1
2 4
3 6
3 10
4 9
4 12
5 2
5 17
6 4
6 18
7 7
7 8
8 15
8 17
9 5
9 20
10 1
10 19
11 0
11 15
12 3
12 5
13 12
13 13
14 2
14 16
15 3
15 18
16 8
16 11
17 10
17 14
18 16
18 19
19 11
19 13
20 0
20 14

# solution 1561
# n=21 sym=rot2 status=verified source=flammenkamp_cache/n21_rot2
# code=:78CI474AIJ5BEK39EH5K1J0F36BH069F12AGDG28CD
0 7
0 8
1 12
1 18
2 4
2 7
3 4
3 10
4 18
4 19
5 5
5 11
6 14
6 20
7 3
7 9
8 14
8 17
9 5
9 20
10 1
10 19
11 0
11 15
12 3
12 6
13 11
13 17
14 0
14 6
15 9
15 15
16 1
16 2
17 10
17 16
18 13
18 16
19 2
19 8
20 12
20 13

# solution 1562
# n=21 sym=rot2 status=verified source=flammenkamp_cache/n21_rot2
# code=:CD794EACHJ05392E4I5K1J0F2G6IBHFK138A6GBD78
0 12
0 13
1 7
1 9
2 4
2 14
3 10
3 12
4 17
4 19
5 0
5 5
6 3
6 9
7 2
7 14
8 4
8 18
9 5
9 20
10 1
10 19
11 0
11 15
12 2
12 16
13 6
13 18
14 11
14 17
15 15
15 20
16 1
16 3
17 8
17 10
18 6
18 16
19 11
19 13
20 7
20 8

# solution 1563
# n=21 sym=rot2 status=verified source=flammenkamp_cache/n21_rot2
# code=:3ICE7JAE4G39CI059D0F1J5K7BFK28BH4G6A1D682H
0 3
0 18
1 12
1 14
2 7
2 19
3 10
3 14
4 4
4 16
5 3
5 9
6 12
6 18
7 0
7 5
8 9
8 13
9 0
9 15
10 1
10 19
11 5
11 20
12 7
12 11
13 15
13 20
14 2
14 8
15 11
15 17
16 4
16 16
17 6
17 10
18 1
18 13
19 6
19 8
20 2
20 17

# solution 1564
# n=21 sym=rot2 status=verified source=flammenkamp_cache/n21_rot2
# code=:CE495JAECIFH02379D041JGK7BDHIK35286A1FBG68
0 12
0 14
1 4
1 9
2 5
2 19
3 10
3 14
4 12
4 18
5 15
5 17
6 0
6 2
7 3
7 7
8 9
8 13
9 0
9 4
10 1
10 19
11 16
11 20
12 7
12 11
13 13
13 17
14 18
14 20
15 3
15 5
16 2
16 8
17 6
17 10
18 1
18 15
19 11
19 16
20 6
20 8

# solution 1565
# n=21 sym=rot2 status=verified source=flammenkamp_cache/n21_rot2
# code=:3705CHAE2E59CJ9IDG041JGK472B18BF6I6A38FKDH
0 3
0 7
1 0
1 5
2 12
2 17
3 10
3 14
4 2
4 14
5 5
5 9
6 12
6 19
7 9
7 18
8 13
8 16
9 0
9 4
10 1
10 19
11 16
11 20
12 4
12 7
13 2
13 11
14 1
14 8
15 11
15 15
16 6
16 18
17 6
17 10
18 3
18 8
19 15
19 20
20 13
20 17

# solution 1566
# n=21 sym=rot2 status=verified source=flammenkamp_cache/n21_rot2
# code=:CDBG7I5A0J5E3C39EIGK1J0426BH8H6F1KAF2D4978
0 12
0 13
1 11
1 16
2 7
2 18
3 5
3 10
4 0
4 19
5 5
5 14
6 3
6 12
7 3
7 9
8 14
8 18
9 16
9 20
10 1
10 19
11 0
11 4
12 2
12 6
13 11
13 17
14 8
14 17
15 6
15 15
16 1
16 20
17 10
17 15
18 2
18 13
19 4
19 9
20 7
20 8

# solution 1567
# n=21 sym=rot2 status=verified source=flammenkamp_cache/n21_rot2
# code=:5B690E7A5IGI07GJ8C3H1J3H8C14DK242FAD6KBE9F
0 5
0 11
1 6
1 9
2 0
2 14
3 7
3 10
4 5
4 18
5 16
5 18
6 0
6 7
7 16
7 19
8 8
8 12
9 3
9 17
10 1
10 19
11 3
11 17
12 8
12 12
13 1
13 4
14 13
14 20
15 2
15 4
16 2
16 15
17 10
17 13
18 6
18 20
19 11
19 14
20 9
20 15

# solution 1568
# n=21 sym=rot2 status=verified source=flammenkamp_cache/n21_rot2
# code=:5E49CGAE258H129D7K031JHK0D7BIJ3CFI6A48BG6F
0 5
0 14
1 4
1 9
2 12
2 16
3 10
3 14
4 2
4 5
5 8
5 17
6 1
6 2
7 9
7 13
8 7
8 20
9 0
9 3
10 1
10 19
11 17
11 20
12 0
12 13
13 7
13 11
14 18
14 19
15 3
15 12
16 15
16 18
17 6
17 10
18 4
18 8
19 11
19 16
20 6
20 15

# solution 1569
# n=21 sym=rot2 status=verified source=flammenkamp_cache/n21_rot2
# code=:8FBE487AFJ4723EK9IHK1J032B06HIDG15ADCG695C
0 8
0 15
1 11
1 14
2 4
2 8
3 7
3 10
4 15
4 19
5 4
5 7
6 2
6 3
7 14
7 20
8 9
8 18
9 17
9 20
10 1
10 19
11 0
11 3
12 2
12 11
13 0
13 6
14 17
14 18
15 13
15 16
16 1
16 5
17 10
17 13
18 12
18 16
19 6
19 9
20 5
20 12

# solution 1570
# n=21 sym=rot2 status=verified source=flammenkamp_cache/n21_rot2
# code=:8D5B58AIGI4J6D3H9E0K1J0K6B3H7E1G242ACF9F7C
0 8
0 13
1 5
1 11
2 5
2 8
3 10
3 18
4 16
4 18
5 4
5 19
6 6
6 13
7 3
7 17
8 9
8 14
9 0
9 20
10 1
10 19
11 0
11 20
12 6
12 11
13 3
13 17
14 7
14 14
15 1
15 16
16 2
16 4
17 2
17 10
18 12
18 15
19 9
19 15
20 7
20 12

# solution 1571
# n=21 sym=rot2 status=verified source=flammenkamp_cache/n21_rot2
# code=:58AE147DHJ2B4H0E5C9K2I0B8F6K3G9I137DGJ6ACF
0 5
0 8
1 10
1 14
2 1
2 4
3 7
3 13
4 17
4 19
5 2
5 11
6 4
6 17
7 0
7 14
8 5
8 12
9 9
9 20
10 2
10 18
11 0
11 11
12 8
12 15
13 6
13 20
14 3
14 16
15 9
15 18
16 1
16 3
17 7
17 13
18 16
18 19
19 6
19 10
20 12
20 15

# solution 1572
# n=21 sym=rot2 status=verified source=flammenkamp_cache/n21_rot2
# code=:7C4A35EH2K6KCF191D492IBG7JBJ580E0I36FHAG8D
0 7
0 12
1 4
1 10
2 3
2 5
3 14
3 17
4 2
4 20
5 6
5 20
6 12
6 15
7 1
7 9
8 1
8 13
9 4
9 9
10 2
10 18
11 11
11 16
12 7
12 19
13 11
13 19
14 5
14 8
15 0
15 14
16 0
16 18
17 3
17 6
18 15
18 17
19 10
19 16
20 8
20 13

# solution 1573
# n=21 sym=rot2 status=verified source=flammenkamp_cache/n21_rot2
# code=:EHAF7C17CHEF190K249G2I4BGI0KBJ5638DJ8D5A36
0 14
0 17
1 10
1 15
2 7
2 12
3 1
3 7
4 12
4 17
5 14
5 15
6 1
6 9
7 0
7 20
8 2
8 4
9 9
9 16
10 2
10 18
11 4
11 11
12 16
12 18
13 0
13 20
14 11
14 19
15 5
15 6
16 3
16 8
17 13
17 19
18 8
18 13
19 5
19 10
20 3
20 6

# solution 1574
# n=21 sym=rot2 status=verified source=flammenkamp_cache/n21_rot2
# code=:3EAF7C17CHEF190K249G2I4BGI0KBJ5638DJ8D5A6H
0 3
0 14
1 10
1 15
2 7
2 12
3 1
3 7
4 12
4 17
5 14
5 15
6 1
6 9
7 0
7 20
8 2
8 4
9 9
9 16
10 2
10 18
11 4
11 11
12 16
12 18
13 0
13 20
14 11
14 19
15 5
15 6
16 3
16 8
17 13
17 19
18 8
18 13
19 5
19 10
20 6
20 17

# solution 1575
# n=21 sym=rot2 status=verified source=flammenkamp_cache/n21_rot2
# code=:8D8A15DFHJ0649EH24092IBKGI36BGEK1357FJAC7C
0 8
0 13
1 8
1 10
2 1
2 5
3 13
3 15
4 17
4 19
5 0
5 6
6 4
6 9
7 14
7 17
8 2
8 4
9 0
9 9
10 2
10 18
11 11
11 20
12 16
12 18
13 3
13 6
14 11
14 16
15 14
15 20
16 1
16 3
17 5
17 7
18 15
18 19
19 10
19 12
20 7
20 12

# solution 1576
# n=21 sym=rot2 status=verified source=flammenkamp_cache/n21_rot2
# code=:GH7A8F8B3F0EIJ064J9D2I7B1GEK126K5H9C5CAD34
0 16
0 17
1 7
1 10
2 8
2 15
3 8
3 11
4 3
4 15
5 0
5 14
6 18
6 19
7 0
7 6
8 4
8 19
9 9
9 13
10 2
10 18
11 7
11 11
12 1
12 16
13 14
13 20
14 1
14 2
15 6
15 20
16 5
16 17
17 9
17 12
18 5
18 12
19 10
19 13
20 3
20 4

# solution 1577
# n=21 sym=rot2 status=verified source=flammenkamp_cache/n21_rot2
# code=:8E8A45DG39JK0F163I9D2I7B2HEJ5K01BH47FGAC6C
0 8
0 14
1 8
1 10
2 4
2 5
3 13
3 16
4 3
4 9
5 19
5 20
6 0
6 15
7 1
7 6
8 3
8 18
9 9
9 13
10 2
10 18
11 7
11 11
12 2
12 17
13 14
13 19
14 5
14 20
15 0
15 1
16 11
16 17
17 4
17 7
18 15
18 16
19 10
19 12
20 6
20 12

# solution 1578
# n=21 sym=rot2 status=verified source=flammenkamp_cache/n21_rot2
# code=:3B8A4FDG3F8JEK16IK9D2I7B02EJ061C5H475GAC9H
0 3
0 11
1 8
1 10
2 4
2 15
3 13
3 16
4 3
4 15
5 8
5 19
6 14
6 20
7 1
7 6
8 18
8 20
9 9
9 13
10 2
10 18
11 7
11 11
12 0
12 2
13 14
13 19
14 0
14 6
15 1
15 12
16 5
16 17
17 4
17 7
18 5
18 16
19 10
19 12
20 9
20 17

# solution 1579
# n=21 sym=rot2 status=verified source=flammenkamp_cache/n21_rot2
# code=:398A4FDG3F8JEK16IK9D2I7B02EJ061C5H475GACBH
0 3
0 9
1 8
1 10
2 4
2 15
3 13
3 16
4 3
4 15
5 8
5 19
6 14
6 20
7 1
7 6
8 18
8 20
9 9
9 13
10 2
10 18
11 7
11 11
12 0
12 2
13 14
13 19
14 0
14 6
15 1
15 12
16 5
16 17
17 4
17 7
18 5
18 16
19 10
19 12
20 11
20 17

# solution 1580
# n=21 sym=rot2 status=verified source=flammenkamp_cache/n21_rot2
# code=:398A4FDG3F18EK16IK9D2I7B02EJ06CJ5H475GACBH
0 3
0 9
1 8
1 10
2 4
2 15
3 13
3 16
4 3
4 15
5 1
5 8
6 14
6 20
7 1
7 6
8 18
8 20
9 9
9 13
10 2
10 18
11 7
11 11
12 0
12 2
13 14
13 19
14 0
14 6
15 12
15 19
16 5
16 17
17 4
17 7
18 5
18 16
19 10
19 12
20 11
20 17

# solution 1581
# n=21 sym=rot2 status=verified source=flammenkamp_cache/n21_rot2
# code=:89AE45DKHJ0845EH129D2I7BIJ36FGCK1307FG6ABC
0 8
0 9
1 10
1 14
2 4
2 5
3 13
3 20
4 17
4 19
5 0
5 8
6 4
6 5
7 14
7 17
8 1
8 2
9 9
9 13
10 2
10 18
11 7
11 11
12 18
12 19
13 3
13 6
14 15
14 16
15 12
15 20
16 1
16 3
17 0
17 7
18 15
18 16
19 6
19 10
20 11
20 12

# solution 1582
# n=21 sym=rot2 status=verified source=flammenkamp_cache/n21_rot2
# code=:BKCE7A4F4823IK3F19671JDEBJ5H02HICG5GAD6809
0 11
0 20
1 12
1 14
2 7
2 10
3 4
3 15
4 4
4 8
5 2
5 3
6 18
6 20
7 3
7 15
8 1
8 9
9 6
9 7
10 1
10 19
11 13
11 14
12 11
12 19
13 5
13 17
14 0
14 2
15 17
15 18
16 12
16 16
17 5
17 16
18 10
18 13
19 6
19 8
20 0
20 9

# solution 1583
# n=21 sym=rot2 status=verified source=flammenkamp_cache/n21_rot2
# code=:8F8EAJIK6G0247BH39DF1J57BH39DGIK4E021A6C5C
0 8
0 15
1 8
1 14
2 10
2 19
3 18
3 20
4 6
4 16
5 0
5 2
6 4
6 7
7 11
7 17
8 3
8 9
9 13
9 15
10 1
10 19
11 5
11 7
12 11
12 17
13 3
13 9
14 13
14 16
15 18
15 20
16 4
16 14
17 0
17 2
18 1
18 10
19 6
19 12
20 5
20 12

# solution 1584
# n=21 sym=rot2 status=verified source=flammenkamp_cache/n21_rot2
# code=:6CDHAF260K3549CI9J4D1J7G1B28BGFH0KEI5A378E
0 6
0 12
1 13
1 17
2 10
2 15
3 2
3 6
4 0
4 20
5 3
5 5
6 4
6 9
7 12
7 18
8 9
8 19
9 4
9 13
10 1
10 19
11 7
11 16
12 1
12 11
13 2
13 8
14 11
14 16
15 15
15 17
16 0
16 20
17 14
17 18
18 5
18 10
19 3
19 7
20 8
20 14

# solution 1585
# n=21 sym=rot2 status=verified source=flammenkamp_cache/n21_rot2
# code=:28DFAF6GBK236K3C9JDG1J471B8H0EHI094E5A57CI
0 2
0 8
1 13
1 15
2 10
2 15
3 6
3 16
4 11
4 20
5 2
5 3
6 6
6 20
7 3
7 12
8 9
8 19
9 13
9 16
10 1
10 19
11 4
11 7
12 1
12 11
13 8
13 17
14 0
14 14
15 17
15 18
16 0
16 9
17 4
17 14
18 5
18 10
19 5
19 7
20 12
20 18

# solution 1586
# n=21 sym=rot2 status=verified source=flammenkamp_cache/n21_rot2
# code=:IJ39AC5D8D2G5K039E6G1J4E6BHK0F4I7C7F8ABH12
0 18
0 19
1 3
1 9
2 10
2 12
3 5
3 13
4 8
4 13
5 2
5 16
6 5
6 20
7 0
7 3
8 9
8 14
9 6
9 16
10 1
10 19
11 4
11 14
12 6
12 11
13 17
13 20
14 0
14 15
15 4
15 18
16 7
16 12
17 7
17 15
18 8
18 10
19 11
19 17
20 1
20 2

# solution 1587
# n=21 sym=rot2 status=verified source=flammenkamp_cache/n21_rot2
# code=:8HBF4A47125EDKHK9C261JEI8B03076FIJDGAG593C
0 8
0 17
1 11
1 15
2 4
2 10
3 4
3 7
4 1
4 2
5 5
5 14
6 13
6 20
7 17
7 20
8 9
8 12
9 2
9 6
10 1
10 19
11 14
11 18
12 8
12 11
13 0
13 3
14 0
14 7
15 6
15 15
16 18
16 19
17 13
17 16
18 10
18 16
19 5
19 9
20 3
20 12

# solution 1588
# n=21 sym=rot2 status=verified source=flammenkamp_cache/n21_rot2
# code=:8BGH1AFH468KDK259D6I1J2E7BFI070CEG35AJ349C
0 8
0 11
1 16
1 17
2 1
2 10
3 15
3 17
4 4
4 6
5 8
5 20
6 13
6 20
7 2
7 5
8 9
8 13
9 6
9 18
10 1
10 19
11 2
11 14
12 7
12 11
13 15
13 18
14 0
14 7
15 0
15 12
16 14
16 16
17 3
17 5
18 10
18 19
19 3
19 4
20 9
20 12

# solution 1589
# n=21 sym=rot2 status=verified source=flammenkamp_cache/n21_rot2
# code=:8BHI4A47EK58DK5H196I1J2EBJ3F07CF06DGAG239C
0 8
0 11
1 17
1 18
2 4
2 10
3 4
3 7
4 14
4 20
5 5
5 8
6 13
6 20
7 5
7 17
8 1
8 9
9 6
9 18
10 1
10 19
11 2
11 14
12 11
12 19
13 3
13 15
14 0
14 7
15 12
15 15
16 0
16 6
17 13
17 16
18 10
18 16
19 2
19 3
20 9
20 12

# solution 1590
# n=21 sym=rot2 status=verified source=flammenkamp_cache/n21_rot2
# code=:DE8B4A4F0CFI039J37EI1J26DH1BHK258K5GAG9C67
0 13
0 14
1 8
1 11
2 4
2 10
3 4
3 15
4 0
4 12
5 15
5 18
6 0
6 3
7 9
7 19
8 3
8 7
9 14
9 18
10 1
10 19
11 2
11 6
12 13
12 17
13 1
13 11
14 17
14 20
15 2
15 5
16 8
16 20
17 5
17 16
18 10
18 16
19 9
19 12
20 6
20 7

# solution 1591
# n=21 sym=rot2 status=verified source=flammenkamp_cache/n21_rot2
# code=:7C458A35BIGI17390EEK1J066KBHDJ2429FHACFG8D
0 7
0 12
1 4
1 5
2 8
2 10
3 3
3 5
4 11
4 18
5 16
5 18
6 1
6 7
7 3
7 9
8 0
8 14
9 14
9 20
10 1
10 19
11 0
11 6
12 6
12 20
13 11
13 17
14 13
14 19
15 2
15 4
16 2
16 9
17 15
17 17
18 10
18 12
19 15
19 16
20 8
20 13

# solution 1592
# n=21 sym=rot2 status=verified source=flammenkamp_cache/n21_rot2
# code=:9C6F8A3G5G3I7D092JEK1J061IBK7D2H4F4HAC5E8B
0 9
0 12
1 6
1 15
2 8
2 10
3 3
3 16
4 5
4 16
5 3
5 18
6 7
6 13
7 0
7 9
8 2
8 19
9 14
9 20
10 1
10 19
11 0
11 6
12 1
12 18
13 11
13 20
14 7
14 13
15 2
15 17
16 4
16 15
17 4
17 17
18 10
18 12
19 5
19 14
20 8
20 11

# solution 1593
# n=21 sym=rot2 status=verified source=flammenkamp_cache/n21_rot2
# code=:3D8B2A6J6G0C7K9G235F1J5FHI4B0D8K4E1EAI9C7H
0 3
0 13
1 8
1 11
2 2
2 10
3 6
3 19
4 6
4 16
5 0
5 12
6 7
6 20
7 9
7 16
8 2
8 3
9 5
9 15
10 1
10 19
11 5
11 15
12 17
12 18
13 4
13 11
14 0
14 13
15 8
15 20
16 4
16 14
17 1
17 14
18 10
18 18
19 9
19 12
20 7
20 17

# solution 1594
# n=21 sym=rot2 status=verified source=flammenkamp_cache/n21_rot2
# code=:CD290A4E4E08DJ39HI5F1J5F23BH17CK6G6GAKBI78
0 12
0 13
1 2
1 9
2 0
2 10
3 4
3 14
4 4
4 14
5 0
5 8
6 13
6 19
7 3
7 9
8 17
8 18
9 5
9 15
10 1
10 19
11 5
11 15
12 2
12 3
13 11
13 17
14 1
14 7
15 12
15 20
16 6
16 16
17 6
17 16
18 10
18 20
19 11
19 18
20 7
20 8

# solution 1595
# n=21 sym=rot2 status=verified source=flammenkamp_cache/n21_rot2
# code=:CD29AK4E4E08DJ39HI5F1J5F23BH17CK6G6G0ABI78
0 12
0 13
1 2
1 9
2 10
2 20
3 4
3 14
4 4
4 14
5 0
5 8
6 13
6 19
7 3
7 9
8 17
8 18
9 5
9 15
10 1
10 19
11 5
11 15
12 2
12 3
13 11
13 17
14 1
14 7
15 12
15 20
16 6
16 16
17 6
17 16
18 0
18 10
19 11
19 18
20 7
20 8

# solution 1596
# n=21 sym=rot2 status=verified source=flammenkamp_cache/n21_rot2
# code=:3FAD78BE2H1B4GEK58JK2I01CF064G9J3I69CD7A5H
0 3
0 15
1 10
1 13
2 7
2 8
3 11
3 14
4 2
4 17
5 1
5 11
6 4
6 16
7 14
7 20
8 5
8 8
9 19
9 20
10 2
10 18
11 0
11 1
12 12
12 15
13 0
13 6
14 4
14 16
15 9
15 19
16 3
16 18
17 6
17 9
18 12
18 13
19 7
19 10
20 5
20 17

# solution 1597
# n=21 sym=rot2 status=verified source=flammenkamp_cache/n21_rot2
# code=:3FAD78BE2H1B4G0E58JK2I01CF6K4G9J3I69CD7A5H
0 3
0 15
1 10
1 13
2 7
2 8
3 11
3 14
4 2
4 17
5 1
5 11
6 4
6 16
7 0
7 14
8 5
8 8
9 19
9 20
10 2
10 18
11 0
11 1
12 12
12 15
13 6
13 20
14 4
14 16
15 9
15 19
16 3
16 18
17 6
17 9
18 12
18 13
19 7
19 10
20 5
20 17

# solution 1598
# n=21 sym=rot2 status=verified source=flammenkamp_cache/n21_rot2
# code=:6HBCAD5ICG2H1K49DE051JFK67BG0J3I482F7A893E
0 6
0 17
1 11
1 12
2 10
2 13
3 5
3 18
4 12
4 16
5 2
5 17
6 1
6 20
7 4
7 9
8 13
8 14
9 0
9 5
10 1
10 19
11 15
11 20
12 6
12 7
13 11
13 16
14 0
14 19
15 3
15 18
16 4
16 8
17 2
17 15
18 7
18 10
19 8
19 9
20 3
20 14

# solution 1599
# n=21 sym=rot2 status=verified source=flammenkamp_cache/n21_rot2
# code=:7B4A8K1F2HBF7HEK481E2I6JCG063D593I5J0CAG9D
0 7
0 11
1 4
1 10
2 8
2 20
3 1
3 15
4 2
4 17
5 11
5 15
6 7
6 17
7 14
7 20
8 4
8 8
9 1
9 14
10 2
10 18
11 6
11 19
12 12
12 16
13 0
13 6
14 3
14 13
15 5
15 9
16 3
16 18
17 5
17 19
18 0
18 12
19 10
19 16
20 9
20 13

# solution 1600
# n=21 sym=rot2 status=verified source=flammenkamp_cache/n21_rot2
# code=:DI694A9H45HK288EDJ051JFK176CCI03FG3BAGBE27
0 13
0 18
1 6
1 9
2 4
2 10
3 9
3 17
4 4
4 5
5 17
5 20
6 2
6 8
7 8
7 14
8 13
8 19
9 0
9 5
10 1
10 19
11 15
11 20
12 1
12 7
13 6
13 12
14 12
14 18
15 0
15 3
16 15
16 16
17 3
17 11
18 10
18 16
19 11
19 14
20 2
20 7

# solution 1601
# n=21 sym=rot2 status=verified source=flammenkamp_cache/n21_rot2
# code=:177H9A4G2EEK9K258CFH1J358CFI0B066I4GAB3DDJ
0 1
0 7
1 7
1 17
2 9
2 10
3 4
3 16
4 2
4 14
5 14
5 20
6 9
6 20
7 2
7 5
8 8
8 12
9 15
9 17
10 1
10 19
11 3
11 5
12 8
12 12
13 15
13 18
14 0
14 11
15 0
15 6
16 6
16 18
17 4
17 16
18 10
18 11
19 3
19 13
20 13
20 19

# solution 1602
# n=21 sym=rot2 status=verified source=flammenkamp_cache/n21_rot2
# code=:1D7H9A4G2EEK9K258CFH1J358CFI0B066I4GAB3D7J
0 1
0 13
1 7
1 17
2 9
2 10
3 4
3 16
4 2
4 14
5 14
5 20
6 9
6 20
7 2
7 5
8 8
8 12
9 15
9 17
10 1
10 19
11 3
11 5
12 8
12 12
13 15
13 18
14 0
14 11
15 0
15 6
16 6
16 18
17 4
17 16
18 10
18 11
19 3
19 13
20 7
20 19

# solution 1603
# n=21 sym=rot2 status=verified source=flammenkamp_cache/n21_rot2
# code=:7D2HAG6G3CEK9B15285K1J0FCIFJ9B068H4E4A3I7D
0 7
0 13
1 2
1 17
2 10
2 16
3 6
3 16
4 3
4 12
5 14
5 20
6 9
6 11
7 1
7 5
8 2
8 8
9 5
9 20
10 1
10 19
11 0
11 15
12 12
12 18
13 15
13 19
14 9
14 11
15 0
15 6
16 8
16 17
17 4
17 14
18 4
18 10
19 3
19 18
20 7
20 13

# solution 1604
# n=21 sym=rot2 status=verified source=flammenkamp_cache/n21_rot2
# code=:8C5H4A7D5IEK9K1H69241JGIBE3J0B062F7DAG3F8C
0 8
0 12
1 5
1 17
2 4
2 10
3 7
3 13
4 5
4 18
5 14
5 20
6 9
6 20
7 1
7 17
8 6
8 9
9 2
9 4
10 1
10 19
11 16
11 18
12 11
12 14
13 3
13 19
14 0
14 11
15 0
15 6
16 2
16 15
17 7
17 13
18 10
18 16
19 3
19 15
20 8
20 12

# solution 1605
# n=21 sym=rot2 status=verified source=flammenkamp_cache/n21_rot2
# code=:67CFAKDH15399CGI06241JGIEK248BBHFJ370A58DE
0 6
0 7
1 12
1 15
2 10
2 20
3 13
3 17
4 1
4 5
5 3
5 9
6 9
6 12
7 16
7 18
8 0
8 6
9 2
9 4
10 1
10 19
11 16
11 18
12 14
12 20
13 2
13 4
14 8
14 11
15 11
15 17
16 15
16 19
17 3
17 7
18 0
18 10
19 5
19 8
20 13
20 14

# solution 1606
# n=21 sym=rot2 status=verified source=flammenkamp_cache/n21_rot2
# code=:376EAC5KBC1F0H79244I1J2GGIBD3K5J890F8A6EDH
0 3
0 7
1 6
1 14
2 10
2 12
3 5
3 20
4 11
4 12
5 1
5 15
6 0
6 17
7 7
7 9
8 2
8 4
9 4
9 18
10 1
10 19
11 2
11 16
12 16
12 18
13 11
13 13
14 3
14 20
15 5
15 19
16 8
16 9
17 0
17 15
18 8
18 10
19 6
19 14
20 13
20 17

# solution 1607
# n=21 sym=rot2 status=verified source=flammenkamp_cache/n21_rot2
# code=:6C3C1A67IKDF492H9F4K1J0G5B3IBG5702DEAJ8H8E
0 6
0 12
1 3
1 12
2 1
2 10
3 6
3 7
4 18
4 20
5 13
5 15
6 4
6 9
7 2
7 17
8 9
8 15
9 4
9 20
10 1
10 19
11 0
11 16
12 5
12 11
13 3
13 18
14 11
14 16
15 5
15 7
16 0
16 2
17 13
17 14
18 10
18 19
19 8
19 17
20 8
20 14

# solution 1608
# n=21 sym=rot2 status=verified source=flammenkamp_cache/n21_rot2
# code=:CI674A7F3CFK3B1E9I0G1J4K2B6J9H058H5DAGDE28
0 12
0 18
1 6
1 7
2 4
2 10
3 7
3 15
4 3
4 12
5 15
5 20
6 3
6 11
7 1
7 14
8 9
8 18
9 0
9 16
10 1
10 19
11 4
11 20
12 2
12 11
13 6
13 19
14 9
14 17
15 0
15 5
16 8
16 17
17 5
17 13
18 10
18 16
19 13
19 14
20 2
20 8

# solution 1609
# n=21 sym=rot2 status=verified source=flammenkamp_cache/n21_rot2
# code=:27CFAG09EJ2547EH9CHK1J038B36DGFI16BK4A58DI
0 2
0 7
1 12
1 15
2 10
2 16
3 0
3 9
4 14
4 19
5 2
5 5
6 4
6 7
7 14
7 17
8 9
8 12
9 17
9 20
10 1
10 19
11 0
11 3
12 8
12 11
13 3
13 6
14 13
14 16
15 15
15 18
16 1
16 6
17 11
17 20
18 4
18 10
19 5
19 8
20 13
20 18

# solution 1610
# n=21 sym=rot2 status=verified source=flammenkamp_cache/n21_rot2
# code=:67CG8A56GI351KBH9D021JIK7B390JFH24EFAC48DE
0 6
0 7
1 12
1 16
2 8
2 10
3 5
3 6
4 16
4 18
5 3
5 5
6 1
6 20
7 11
7 17
8 9
8 13
9 0
9 2
10 1
10 19
11 18
11 20
12 7
12 11
13 3
13 9
14 0
14 19
15 15
15 17
16 2
16 4
17 14
17 15
18 10
18 12
19 4
19 8
20 13
20 14

# solution 1611
# n=21 sym=rot2 status=verified source=flammenkamp_cache/n21_rot2
# code=:9FAD39EJ8HDG140K28EF2I56CI0KGJ473C16BH7A5B
0 9
0 15
1 10
1 13
2 3
2 9
3 14
3 19
4 8
4 17
5 13
5 16
6 1
6 4
7 0
7 20
8 2
8 8
9 14
9 15
10 2
10 18
11 5
11 6
12 12
12 18
13 0
13 20
14 16
14 19
15 4
15 7
16 3
16 12
17 1
17 6
18 11
18 17
19 7
19 10
20 5
20 11

# solution 1612
# n=21 sym=rot2 status=verified source=flammenkamp_cache/n21_rot2
# code=:453ADE4E8I8B0J05DI9H1J3B27FK1K9C2C6G67AHFG
0 4
0 5
1 3
1 10
2 13
2 14
3 4
3 14
4 8
4 18
5 8
5 11
6 0
6 19
7 0
7 5
8 13
8 18
9 9
9 17
10 1
10 19
11 3
11 11
12 2
12 7
13 15
13 20
14 1
14 20
15 9
15 12
16 2
16 12
17 6
17 16
18 6
18 7
19 10
19 17
20 15
20 16

# solution 1613
# n=21 sym=rot2 status=verified source=flammenkamp_cache/n21_rot2
# code=:DJ9A6GDG568C02HIFK391JBH0523IK8CEF474EAB17
0 13
0 19
1 9
1 10
2 6
2 16
3 13
3 16
4 5
4 6
5 8
5 12
6 0
6 2
7 17
7 18
8 15
8 20
9 3
9 9
10 1
10 19
11 11
11 17
12 0
12 5
13 2
13 3
14 18
14 20
15 8
15 12
16 14
16 15
17 4
17 7
18 4
18 14
19 10
19 11
20 1
20 7

# solution 1614
# n=21 sym=rot2 status=verified source=flammenkamp_cache/n21_rot2
# code=:1EAE57BDCI5I0G03493C1J8HBGHK4K2F2879DF6A6J
0 1
0 14
1 10
1 14
2 5
2 7
3 11
3 13
4 12
4 18
5 5
5 18
6 0
6 16
7 0
7 3
8 4
8 9
9 3
9 12
10 1
10 19
11 8
11 17
12 11
12 16
13 17
13 20
14 4
14 20
15 2
15 15
16 2
16 8
17 7
17 9
18 13
18 15
19 6
19 10
20 6
20 19

# solution 1615
# n=21 sym=rot2 status=verified source=flammenkamp_cache/n21_rot2
# code=:582A5GDH9J8K069I46DH1J37EG2BEK0C1B374FAICF
0 5
0 8
1 2
1 10
2 5
2 16
3 13
3 17
4 9
4 19
5 8
5 20
6 0
6 6
7 9
7 18
8 4
8 6
9 13
9 17
10 1
10 19
11 3
11 7
12 14
12 16
13 2
13 11
14 14
14 20
15 0
15 12
16 1
16 11
17 3
17 7
18 4
18 15
19 10
19 18
20 12
20 15

# solution 1616
# n=21 sym=rot2 status=verified source=flammenkamp_cache/n21_rot2
# code=:AD6C5H0K5H6D281GGI9B1J9B244JCI7E3F0K3F8E7A
0 10
0 13
1 6
1 12
2 5
2 17
3 0
3 20
4 5
4 17
5 6
5 13
6 2
6 8
7 1
7 16
8 16
8 18
9 9
9 11
10 1
10 19
11 9
11 11
12 2
12 4
13 4
13 19
14 12
14 18
15 7
15 14
16 3
16 15
17 0
17 20
18 3
18 15
19 8
19 14
20 7
20 10

# solution 1617
# n=21 sym=rot2 status=verified source=flammenkamp_cache/n21_rot2
# code=:4DAHCE585JEKDJ29249H0K3BGIBI17061FCF683A7G
0 4
0 13
1 10
1 17
2 12
2 14
3 5
3 8
4 5
4 19
5 14
5 20
6 13
6 19
7 2
7 9
8 2
8 4
9 9
9 17
10 0
10 20
11 3
11 11
12 16
12 18
13 11
13 18
14 1
14 7
15 0
15 6
16 1
16 15
17 12
17 15
18 6
18 8
19 3
19 10
20 7
20 16

# solution 1618
# n=21 sym=rot2 status=verified source=flammenkamp_cache/n21_rot2
# code=:8D4ADH2K286G19FH169F0K5BEJ35BJ4ECI0I37AG7C
0 8
0 13
1 4
1 10
2 13
2 17
3 2
3 20
4 2
4 8
5 6
5 16
6 1
6 9
7 15
7 17
8 1
8 6
9 9
9 15
10 0
10 20
11 5
11 11
12 14
12 19
13 3
13 5
14 11
14 19
15 4
15 14
16 12
16 18
17 0
17 18
18 3
18 7
19 10
19 16
20 7
20 12

# solution 1619
# n=21 sym=rot2 status=verified source=flammenkamp_cache/n21_rot2
# code=:6GADFH6823CJ9K254J9D0K7B1GFI0B18HICE357A4E
0 6
0 16
1 10
1 13
2 15
2 17
3 6
3 8
4 2
4 3
5 12
5 19
6 9
6 20
7 2
7 5
8 4
8 19
9 9
9 13
10 0
10 20
11 7
11 11
12 1
12 16
13 15
13 18
14 0
14 11
15 1
15 8
16 17
16 18
17 12
17 14
18 3
18 5
19 7
19 10
20 4
20 14

# solution 1620
# n=21 sym=rot2 status=verified source=flammenkamp_cache/n21_rot2
# code=:347ACF1823BDEI0J459E0K6BFG1K2679HICJ58ADGH
0 3
0 4
1 7
1 10
2 12
2 15
3 1
3 8
4 2
4 3
5 11
5 13
6 14
6 18
7 0
7 19
8 4
8 5
9 9
9 14
10 0
10 20
11 6
11 11
12 15
12 16
13 1
13 20
14 2
14 6
15 7
15 9
16 17
16 18
17 12
17 19
18 5
18 8
19 10
19 13
20 16
20 17

# solution 1621
# n=21 sym=rot2 status=verified source=flammenkamp_cache/n21_rot2
# code=:7FAE688H2K4B7H2J459J0K1BFG1I3D9G0I3CCE6A5D
0 7
0 15
1 10
1 14
2 6
2 8
3 8
3 17
4 2
4 20
5 4
5 11
6 7
6 17
7 2
7 19
8 4
8 5
9 9
9 19
10 0
10 20
11 1
11 11
12 15
12 16
13 1
13 18
14 3
14 13
15 9
15 16
16 0
16 18
17 3
17 12
18 12
18 14
19 6
19 10
20 5
20 13

# solution 1622
# n=21 sym=rot2 status=verified source=flammenkamp_cache/n21_rot2
# code=:248ADFBF138GEJ26DK390KBH07EI164CHJ5957ACGI
0 2
0 4
1 8
1 10
2 13
2 15
3 11
3 15
4 1
4 3
5 8
5 16
6 14
6 19
7 2
7 6
8 13
8 20
9 3
9 9
10 0
10 20
11 11
11 17
12 0
12 7
13 14
13 18
14 1
14 6
15 4
15 12
16 17
16 19
17 5
17 9
18 5
18 7
19 10
19 12
20 16
20 18

# solution 1623
# n=21 sym=rot2 status=verified source=flammenkamp_cache/n21_rot2
# code=:7A6F780G8F6B23GKIJ9H1J3B1204HI9E5C4KCD5EAD
0 7
0 10
1 6
1 15
2 7
2 8
3 0
3 16
4 8
4 15
5 6
5 11
6 2
6 3
7 16
7 20
8 18
8 19
9 9
9 17
10 1
10 19
11 3
11 11
12 1
12 2
13 0
13 4
14 17
14 18
15 9
15 14
16 5
16 12
17 4
17 20
18 12
18 13
19 5
19 14
20 10
20 13

# solution 1624
# n=21 sym=rot2 status=verified source=flammenkamp_cache/n21_rot2
# code=:4E7ADIBE1314CF2HFK9C0K8B053I58GJHJ6927AD6G
0 4
0 14
1 7
1 10
2 13
2 18
3 11
3 14
4 1
4 3
5 1
5 4
6 12
6 15
7 2
7 17
8 15
8 20
9 9
9 12
10 0
10 20
11 8
11 11
12 0
12 5
13 3
13 18
14 5
14 8
15 16
15 19
16 17
16 19
17 6
17 9
18 2
18 7
19 10
19 13
20 6
20 16

# solution 1625
# n=21 sym=rot2 status=verified source=flammenkamp_cache/n21_rot2
# code=:45AECH195DDJ3I8K249E0K6BGI0C2H177FBJ386AFG
0 4
0 5
1 10
1 14
2 12
2 17
3 1
3 9
4 5
4 13
5 13
5 19
6 3
6 18
7 8
7 20
8 2
8 4
9 9
9 14
10 0
10 20
11 6
11 11
12 16
12 18
13 0
13 12
14 2
14 17
15 1
15 7
16 7
16 15
17 11
17 19
18 3
18 8
19 6
19 10
20 15
20 16

# solution 1626
# n=21 sym=rot2 status=verified source=flammenkamp_cache/n21_rot2
# code=:9H8ADF256I8G0J16DG9H0K3B47EJ1K4C2EFI57AC3B
0 9
0 17
1 8
1 10
2 13
2 15
3 2
3 5
4 6
4 18
5 8
5 16
6 0
6 19
7 1
7 6
8 13
8 16
9 9
9 17
10 0
10 20
11 3
11 11
12 4
12 7
13 14
13 19
14 1
14 20
15 4
15 12
16 2
16 14
17 15
17 18
18 5
18 7
19 10
19 12
20 3
20 11

# solution 1627
# n=21 sym=rot2 status=verified source=flammenkamp_cache/n21_rot2
# code=:AGFH247H587EBJ0K9I6C1J8E2B0K196DCF3DGI354A
0 10
0 16
1 15
1 17
2 2
2 4
3 7
3 17
4 5
4 8
5 7
5 14
6 11
6 19
7 0
7 20
8 9
8 18
9 6
9 12
10 1
10 19
11 8
11 14
12 2
12 11
13 0
13 20
14 1
14 9
15 6
15 13
16 12
16 15
17 3
17 13
18 16
18 18
19 3
19 5
20 4
20 10

# solution 1628
# n=21 sym=rot2 status=verified source=flammenkamp_cache/n21_rot2
# code=:8A685B3FGKDG023I19671JDEBJ2HIK47045H9FCEAC
0 8
0 10
1 6
1 8
2 5
2 11
3 3
3 15
4 16
4 20
5 13
5 16
6 0
6 2
7 3
7 18
8 1
8 9
9 6
9 7
10 1
10 19
11 13
11 14
12 11
12 19
13 2
13 17
14 18
14 20
15 4
15 7
16 0
16 4
17 5
17 17
18 9
18 15
19 12
19 14
20 10
20 12

# solution 1629
# n=21 sym=rot2 status=verified source=flammenkamp_cache/n21_rot2
# code=:8D8A5FHI6B2G6G19JKDH0K3701BJ4E4I9E235FAC7C
0 8
0 13
1 8
1 10
2 5
2 15
3 17
3 18
4 6
4 11
5 2
5 16
6 6
6 16
7 1
7 9
8 19
8 20
9 13
9 17
10 0
10 20
11 3
11 7
12 0
12 1
13 11
13 19
14 4
14 14
15 4
15 18
16 9
16 14
17 2
17 3
18 5
18 15
19 10
19 12
20 7
20 12

# solution 1630
# n=21 sym=rot2 status=verified source=flammenkamp_cache/n21_rot2
# code=:6C8A15FH9H4E12790IDG0K472KBDIJ6G3B35FJAC8E
0 6
0 12
1 8
1 10
2 1
2 5
3 15
3 17
4 9
4 17
5 4
5 14
6 1
6 2
7 7
7 9
8 0
8 18
9 13
9 16
10 0
10 20
11 4
11 7
12 2
12 20
13 11
13 13
14 18
14 19
15 6
15 16
16 3
16 11
17 3
17 5
18 15
18 19
19 10
19 12
20 8
20 14

# solution 1631
# n=21 sym=rot2 status=verified source=flammenkamp_cache/n21_rot2
# code=:3E8A5FBJ2D6G02398DGJ0K147CBHIK4E7I195FAC6H
0 3
0 14
1 8
1 10
2 5
2 15
3 11
3 19
4 2
4 13
5 6
5 16
6 0
6 2
7 3
7 9
8 8
8 13
9 16
9 19
10 0
10 20
11 1
11 4
12 7
12 12
13 11
13 17
14 18
14 20
15 4
15 14
16 7
16 18
17 1
17 9
18 5
18 15
19 10
19 12
20 6
20 17

# solution 1632
# n=21 sym=rot2 status=verified source=flammenkamp_cache/n21_rot2
# code=:6A4C7C190G0256FI9HDH1J373B25EFIK4KBJ8D8GAE
0 6
0 10
1 4
1 12
2 7
2 12
3 1
3 9
4 0
4 16
5 0
5 2
6 5
6 6
7 15
7 18
8 9
8 17
9 13
9 17
10 1
10 19
11 3
11 7
12 3
12 11
13 2
13 5
14 14
14 15
15 18
15 20
16 4
16 20
17 11
17 19
18 8
18 13
19 8
19 16
20 10
20 14

# solution 1633
# n=21 sym=rot2 status=verified source=flammenkamp_cache/n21_rot2
# code=:AG5DHI6926CJ5G0C09DH1J37BK8K4F18EIBE237F4A
0 10
0 16
1 5
1 13
2 17
2 18
3 6
3 9
4 2
4 6
5 12
5 19
6 5
6 16
7 0
7 12
8 0
8 9
9 13
9 17
10 1
10 19
11 3
11 7
12 11
12 20
13 8
13 20
14 4
14 15
15 1
15 8
16 14
16 18
17 11
17 14
18 2
18 3
19 7
19 15
20 4
20 10

# solution 1634
# n=21 sym=rot2 status=verified source=flammenkamp_cache/n21_rot2
# code=:8AEH592DFJ0846IK49DH1J37BG02EGCK157IBF36AC
0 8
0 10
1 14
1 17
2 5
2 9
3 2
3 13
4 15
4 19
5 0
5 8
6 4
6 6
7 18
7 20
8 4
8 9
9 13
9 17
10 1
10 19
11 3
11 7
12 11
12 16
13 0
13 2
14 14
14 16
15 12
15 20
16 1
16 5
17 7
17 18
18 11
18 15
19 3
19 6
20 10
20 12

# solution 1635
# n=21 sym=rot2 status=verified source=flammenkamp_cache/n21_rot2
# code=:3E8A3F9J2D6G029F8DGJ0K147C5BIK4E7I1B5HAC6H
0 3
0 14
1 8
1 10
2 3
2 15
3 9
3 19
4 2
4 13
5 6
5 16
6 0
6 2
7 9
7 15
8 8
8 13
9 16
9 19
10 0
10 20
11 1
11 4
12 7
12 12
13 5
13 11
14 18
14 20
15 4
15 14
16 7
16 18
17 1
17 11
18 5
18 17
19 10
19 12
20 6
20 17

# solution 1636
# n=21 sym=rot2 status=verified source=flammenkamp_cache/n21_rot2
# code=:AG08EF9J0F7834EI39DI1J27BH26GHCD5K1B56CK4A
0 10
0 16
1 0
1 8
2 14
2 15
3 9
3 19
4 0
4 15
5 7
5 8
6 3
6 4
7 14
7 18
8 3
8 9
9 13
9 18
10 1
10 19
11 2
11 7
12 11
12 17
13 2
13 6
14 16
14 17
15 12
15 13
16 5
16 20
17 1
17 11
18 5
18 6
19 12
19 20
20 4
20 10

# solution 1637
# n=21 sym=rot2 status=verified source=flammenkamp_cache/n21_rot2
# code=:47AE39EJ5D8G029F28HJ0K13CI5BIK4C7F16BH6ADG
0 4
0 7
1 10
1 14
2 3
2 9
3 14
3 19
4 5
4 13
5 8
5 16
6 0
6 2
7 9
7 15
8 2
8 8
9 17
9 19
10 0
10 20
11 1
11 3
12 12
12 18
13 5
13 11
14 18
14 20
15 4
15 12
16 7
16 15
17 1
17 6
18 11
18 17
19 6
19 10
20 13
20 16

# solution 1638
# n=21 sym=rot2 status=verified source=flammenkamp_cache/n21_rot2
# code=:AF36572C2GCG06BH19DK1J07BJ39EK484I8IDFEH5A
0 10
0 15
1 3
1 6
2 5
2 7
3 2
3 12
4 2
4 16
5 12
5 16
6 0
6 6
7 11
7 17
8 1
8 9
9 13
9 20
10 1
10 19
11 0
11 7
12 11
12 19
13 3
13 9
14 14
14 20
15 4
15 8
16 4
16 18
17 8
17 18
18 13
18 15
19 14
19 17
20 5
20 10

# solution 1639
# n=21 sym=rot2 status=verified source=flammenkamp_cache/n21_rot2
# code=:AF36572C2GCG6KBH19DK1J07BJ390E484I8IDFEH5A
0 10
0 15
1 3
1 6
2 5
2 7
3 2
3 12
4 2
4 16
5 12
5 16
6 6
6 20
7 11
7 17
8 1
8 9
9 13
9 20
10 1
10 19
11 0
11 7
12 11
12 19
13 3
13 9
14 0
14 14
15 4
15 8
16 4
16 18
17 8
17 18
18 13
18 15
19 14
19 17
20 5
20 10

# solution 1640
# n=21 sym=rot2 status=verified source=flammenkamp_cache/n21_rot2
# code=:893A1FDJFH6C069I24DG0K47GI2BEK8E35175JAHBC
0 8
0 9
1 3
1 10
2 1
2 15
3 13
3 19
4 15
4 17
5 6
5 12
6 0
6 6
7 9
7 18
8 2
8 4
9 13
9 16
10 0
10 20
11 4
11 7
12 16
12 18
13 2
13 11
14 14
14 20
15 8
15 14
16 3
16 5
17 1
17 7
18 5
18 19
19 10
19 17
20 11
20 12

# solution 1641
# n=21 sym=rot2 status=verified source=flammenkamp_cache/n21_rot2
# code=:893AFHDJ1F6C069I24DG0K47GI2BEK8E5J1735AHBC
0 8
0 9
1 3
1 10
2 15
2 17
3 13
3 19
4 1
4 15
5 6
5 12
6 0
6 6
7 9
7 18
8 2
8 4
9 13
9 16
10 0
10 20
11 4
11 7
12 16
12 18
13 2
13 11
14 14
14 20
15 8
15 14
16 5
16 19
17 1
17 7
18 3
18 5
19 10
19 17
20 11
20 12

# solution 1642
# n=21 sym=rot2 status=verified source=flammenkamp_cache/n21_rot2
# code=:7A8F03CK9G2I7G9J3E561JEF6H1B4D2I4B08HK5CAD
0 7
0 10
1 8
1 15
2 0
2 3
3 12
3 20
4 9
4 16
5 2
5 18
6 7
6 16
7 9
7 19
8 3
8 14
9 5
9 6
10 1
10 19
11 14
11 15
12 6
12 17
13 1
13 11
14 4
14 13
15 2
15 18
16 4
16 11
17 0
17 8
18 17
18 20
19 5
19 12
20 10
20 13

# solution 1643
# n=21 sym=rot2 status=verified source=flammenkamp_cache/n21_rot2
# code=:AC4G7DBKCIEH02593J561JEF1HBFIK3628097D4G8A
0 10
0 12
1 4
1 16
2 7
2 13
3 11
3 20
4 12
4 18
5 14
5 17
6 0
6 2
7 5
7 9
8 3
8 19
9 5
9 6
10 1
10 19
11 14
11 15
12 1
12 17
13 11
13 15
14 18
14 20
15 3
15 6
16 2
16 8
17 0
17 9
18 7
18 13
19 4
19 16
20 8
20 10

# solution 1644
# n=21 sym=rot2 status=verified source=flammenkamp_cache/n21_rot2
# code=:8A2G9FCJ56DG029HDK361JEH073BIK47EF185B4IAC
0 8
0 10
1 2
1 16
2 9
2 15
3 12
3 19
4 5
4 6
5 13
5 16
6 0
6 2
7 9
7 17
8 13
8 20
9 3
9 6
10 1
10 19
11 14
11 17
12 0
12 7
13 3
13 11
14 18
14 20
15 4
15 7
16 14
16 15
17 1
17 8
18 5
18 11
19 4
19 18
20 10
20 12

# solution 1645
# n=21 sym=rot2 status=verified source=flammenkamp_cache/n21_rot2
# code=:AE7I594K9K7H248CFJ361JEH158CGI3D0B0GBF2D6A
0 10
0 14
1 7
1 18
2 5
2 9
3 4
3 20
4 9
4 20
5 7
5 17
6 2
6 4
7 8
7 12
8 15
8 19
9 3
9 6
10 1
10 19
11 14
11 17
12 1
12 5
13 8
13 12
14 16
14 18
15 3
15 13
16 0
16 11
17 0
17 16
18 11
18 15
19 2
19 13
20 6
20 10

# solution 1646
# n=21 sym=rot2 status=verified source=flammenkamp_cache/n21_rot2
# code=:ADDF4E4H0838BJ0F9I261JEI2B5K19CHCK3G6G577A
0 10
0 13
1 13
1 15
2 4
2 14
3 4
3 17
4 0
4 8
5 3
5 8
6 11
6 19
7 0
7 15
8 9
8 18
9 2
9 6
10 1
10 19
11 14
11 18
12 2
12 11
13 5
13 20
14 1
14 9
15 12
15 17
16 12
16 20
17 3
17 16
18 6
18 16
19 5
19 7
20 7
20 10

# solution 1647
# n=21 sym=rot2 status=verified source=flammenkamp_cache/n21_rot2
# code=:AC5J7D3G593G2C0K9E261JEI6B0K8I4HBF4H7D1F8A
0 10
0 12
1 5
1 19
2 7
2 13
3 3
3 16
4 5
4 9
5 3
5 16
6 2
6 12
7 0
7 20
8 9
8 14
9 2
9 6
10 1
10 19
11 14
11 18
12 6
12 11
13 0
13 20
14 8
14 18
15 4
15 17
16 11
16 15
17 4
17 17
18 7
18 13
19 1
19 15
20 8
20 10

# solution 1648
# n=21 sym=rot2 status=verified source=flammenkamp_cache/n21_rot2
# code=:8A6G5B375IDG0K1H9C261JEI8B3J0K472FDH9F4EAC
0 8
0 10
1 6
1 16
2 5
2 11
3 3
3 7
4 5
4 18
5 13
5 16
6 0
6 20
7 1
7 17
8 9
8 12
9 2
9 6
10 1
10 19
11 14
11 18
12 8
12 11
13 3
13 19
14 0
14 20
15 4
15 7
16 2
16 15
17 13
17 17
18 9
18 15
19 4
19 14
20 10
20 12

# solution 1649
# n=21 sym=rot2 status=verified source=flammenkamp_cache/n21_rot2
# code=:3A8ECF7J9I34FK9D4K261JEI0G7B05GH2B1D586CAH
0 3
0 10
1 8
1 14
2 12
2 15
3 7
3 19
4 9
4 18
5 3
5 4
6 15
6 20
7 9
7 13
8 4
8 20
9 2
9 6
10 1
10 19
11 14
11 18
12 0
12 16
13 7
13 11
14 0
14 5
15 16
15 17
16 2
16 11
17 1
17 13
18 5
18 8
19 6
19 12
20 10
20 17

# solution 1650
# n=21 sym=rot2 status=verified source=flammenkamp_cache/n21_rot2
# code=:AH8ECF7J9I34FK9D4K261JEI0G7B05GH2B1D586C3A
0 10
0 17
1 8
1 14
2 12
2 15
3 7
3 19
4 9
4 18
5 3
5 4
6 15
6 20
7 9
7 13
8 4
8 20
9 2
9 6
10 1
10 19
11 14
11 18
12 0
12 16
13 7
13 11
14 0
14 5
15 16
15 17
16 2
16 11
17 1
17 13
18 5
18 8
19 6
19 12
20 3
20 10

# solution 1651
# n=21 sym=rot2 status=verified source=flammenkamp_cache/n21_rot2
# code=:AGDH281D28GH5BEK59061JEKBF069F34CI7JCI374A
0 10
0 16
1 13
1 17
2 2
2 8
3 1
3 13
4 2
4 8
5 16
5 17
6 5
6 11
7 14
7 20
8 5
8 9
9 0
9 6
10 1
10 19
11 14
11 20
12 11
12 15
13 0
13 6
14 9
14 15
15 3
15 4
16 12
16 18
17 7
17 19
18 12
18 18
19 3
19 7
20 4
20 10

# solution 1652
# n=21 sym=rot2 status=verified source=flammenkamp_cache/n21_rot2
# code=:AD5D48HI4836BI0F19061JEKBJ5K29EHCG23CG7F7A
0 10
0 13
1 5
1 13
2 4
2 8
3 17
3 18
4 4
4 8
5 3
5 6
6 11
6 18
7 0
7 15
8 1
8 9
9 0
9 6
10 1
10 19
11 14
11 20
12 11
12 19
13 5
13 20
14 2
14 9
15 14
15 17
16 12
16 16
17 2
17 3
18 12
18 16
19 7
19 15
20 7
20 10

# solution 1653
# n=21 sym=rot2 status=verified source=flammenkamp_cache/n21_rot2
# code=:ADDF48HI4836BI0F19061JEKBJ5K29EHCG23CG577A
0 10
0 13
1 13
1 15
2 4
2 8
3 17
3 18
4 4
4 8
5 3
5 6
6 11
6 18
7 0
7 15
8 1
8 9
9 0
9 6
10 1
10 19
11 14
11 20
12 11
12 19
13 5
13 20
14 2
14 9
15 14
15 17
16 12
16 16
17 2
17 3
18 12
18 16
19 5
19 7
20 7
20 10

# solution 1654
# n=21 sym=rot2 status=verified source=flammenkamp_cache/n21_rot2
# code=:8A36CF4H9I7D9IJK4F061JEK5G012B7D2B3G58EHAC
0 8
0 10
1 3
1 6
2 12
2 15
3 4
3 17
4 9
4 18
5 7
5 13
6 9
6 18
7 19
7 20
8 4
8 15
9 0
9 6
10 1
10 19
11 14
11 20
12 5
12 16
13 0
13 1
14 2
14 11
15 7
15 13
16 2
16 11
17 3
17 16
18 5
18 8
19 14
19 17
20 10
20 12

# solution 1655
# n=21 sym=rot2 status=verified source=flammenkamp_cache/n21_rot2
# code=:8ADHCF094I4EDI39FJ6K1J0E15BH276G2GBK5837AC
0 8
0 10
1 13
1 17
2 12
2 15
3 0
3 9
4 4
4 18
5 4
5 14
6 13
6 18
7 3
7 9
8 15
8 19
9 6
9 20
10 1
10 19
11 0
11 14
12 1
12 5
13 11
13 17
14 2
14 7
15 6
15 16
16 2
16 16
17 11
17 20
18 5
18 8
19 3
19 7
20 10
20 12

# solution 1656
# n=21 sym=rot2 status=verified source=flammenkamp_cache/n21_rot2
# code=:49AD6814FI3IBJ068DFH0K357CEK192H25GJCE7ABG
0 4
0 9
1 10
1 13
2 6
2 8
3 1
3 4
4 15
4 18
5 3
5 18
6 11
6 19
7 0
7 6
8 8
8 13
9 15
9 17
10 0
10 20
11 3
11 5
12 7
12 12
13 14
13 20
14 1
14 9
15 2
15 17
16 2
16 5
17 16
17 19
18 12
18 14
19 7
19 10
20 11
20 16

# solution 1657
# n=21 sym=rot2 status=verified source=flammenkamp_cache/n21_rot2
# code=:1A8E4H9D5G8K2D9K235E1J6FHI0B7I0C4F7B3G6CAJ
0 1
0 10
1 8
1 14
2 4
2 17
3 9
3 13
4 5
4 16
5 8
5 20
6 2
6 13
7 9
7 20
8 2
8 3
9 5
9 14
10 1
10 19
11 6
11 15
12 17
12 18
13 0
13 11
14 7
14 18
15 0
15 12
16 4
16 15
17 7
17 11
18 3
18 16
19 6
19 12
20 10
20 19

# solution 1658
# n=21 sym=rot2 status=verified source=flammenkamp_cache/n21_rot2
# code=:7ABH5812FK8E027934EG1J46GHBDIK6C05IJCF39AD
0 7
0 10
1 11
1 17
2 5
2 8
3 1
3 2
4 15
4 20
5 8
5 14
6 0
6 2
7 7
7 9
8 3
8 4
9 14
9 16
10 1
10 19
11 4
11 6
12 16
12 17
13 11
13 13
14 18
14 20
15 6
15 12
16 0
16 5
17 18
17 19
18 12
18 15
19 3
19 9
20 10
20 13

# solution 1659
# n=21 sym=rot2 status=verified source=flammenkamp_cache/n21_rot2
# code=:5A8D3I39EJ8D059I04EG1J46GK2BFK7C16BH2H7CAF
0 5
0 10
1 8
1 13
2 3
2 18
3 3
3 9
4 14
4 19
5 8
5 13
6 0
6 5
7 9
7 18
8 0
8 4
9 14
9 16
10 1
10 19
11 4
11 6
12 16
12 20
13 2
13 11
14 15
14 20
15 7
15 12
16 1
16 6
17 11
17 17
18 2
18 17
19 7
19 12
20 10
20 15

# solution 1660
# n=21 sym=rot2 status=verified source=flammenkamp_cache/n21_rot2
# code=:AG097C0G5F2I689DHJ3E1J6H137BCE2I5F4K8DBK4A
0 10
0 16
1 0
1 9
2 7
2 12
3 0
3 16
4 5
4 15
5 2
5 18
6 6
6 8
7 9
7 13
8 17
8 19
9 3
9 14
10 1
10 19
11 6
11 17
12 1
12 3
13 7
13 11
14 12
14 14
15 2
15 18
16 5
16 15
17 4
17 20
18 8
18 13
19 11
19 20
20 4
20 10

# solution 1661
# n=21 sym=rot2 status=verified source=flammenkamp_cache/n21_rot2
# code=:AF8H58EIBI7G017904EH1J36GKBDJK4D2926CF3C5A
0 10
0 15
1 8
1 17
2 5
2 8
3 14
3 18
4 11
4 18
5 7
5 16
6 0
6 1
7 7
7 9
8 0
8 4
9 14
9 17
10 1
10 19
11 3
11 6
12 16
12 20
13 11
13 13
14 19
14 20
15 4
15 13
16 2
16 9
17 2
17 6
18 12
18 15
19 3
19 12
20 5
20 10

# solution 1662
# n=21 sym=rot2 status=verified source=flammenkamp_cache/n21_rot2
# code=:AE385KBD157H2B8K4GEI1J264G0C9I3DFJ790FCH6A
0 10
0 14
1 3
1 8
2 5
2 20
3 11
3 13
4 1
4 5
5 7
5 17
6 2
6 11
7 8
7 20
8 4
8 16
9 14
9 18
10 1
10 19
11 2
11 6
12 4
12 16
13 0
13 12
14 9
14 18
15 3
15 13
16 15
16 19
17 7
17 9
18 0
18 15
19 12
19 17
20 6
20 10

# solution 1663
# n=21 sym=rot2 status=verified source=flammenkamp_cache/n21_rot2
# code=:ABCF45DJ3BHI068D04EI1J26GK7CEK239H17FG589A
0 10
0 11
1 12
1 15
2 4
2 5
3 13
3 19
4 3
4 11
5 17
5 18
6 0
6 6
7 8
7 13
8 0
8 4
9 14
9 18
10 1
10 19
11 2
11 6
12 16
12 20
13 7
13 12
14 14
14 20
15 2
15 3
16 9
16 17
17 1
17 7
18 15
18 16
19 5
19 8
20 9
20 10

# solution 1664
# n=21 sym=rot2 status=verified source=flammenkamp_cache/n21_rot2
# code=:89AD4E45HI1C397IEFJK0K01562DBH8J23FG6G7ABC
0 8
0 9
1 10
1 13
2 4
2 14
3 4
3 5
4 17
4 18
5 1
5 12
6 3
6 9
7 7
7 18
8 14
8 15
9 19
9 20
10 0
10 20
11 0
11 1
12 5
12 6
13 2
13 13
14 11
14 17
15 8
15 19
16 2
16 3
17 15
17 16
18 6
18 16
19 7
19 10
20 11
20 12

# solution 1665
# n=21 sym=rot2 status=verified source=flammenkamp_cache/n21_rot2
# code=:9ADI5E29EH8D018K345G1J4FGH0CJK7C36BI6F27AB
0 9
0 10
1 13
1 18
2 5
2 14
3 2
3 9
4 14
4 17
5 8
5 13
6 0
6 1
7 8
7 20
8 3
8 4
9 5
9 16
10 1
10 19
11 4
11 15
12 16
12 17
13 0
13 12
14 19
14 20
15 7
15 12
16 3
16 6
17 11
17 18
18 6
18 15
19 2
19 7
20 10
20 11

# solution 1666
# n=21 sym=rot2 status=verified source=flammenkamp_cache/n21_rot2
# code=:AE297JDK9C2G0648FH351JFH35CGEK4I8B071DBI6A
0 10
0 14
1 2
1 9
2 7
2 19
3 13
3 20
4 9
4 12
5 2
5 16
6 0
6 6
7 4
7 8
8 15
8 17
9 3
9 5
10 1
10 19
11 15
11 17
12 3
12 5
13 12
13 16
14 14
14 20
15 4
15 18
16 8
16 11
17 0
17 7
18 1
18 13
19 11
19 18
20 6
20 10

# solution 1667
# n=21 sym=rot2 status=verified source=flammenkamp_cache/n21_rot2
# code=:AG287FGJ9D38EK39EK251JFI06BH06CH7B145DCI4A
0 10
0 16
1 2
1 8
2 7
2 15
3 16
3 19
4 9
4 13
5 3
5 8
6 14
6 20
7 3
7 9
8 14
8 20
9 2
9 5
10 1
10 19
11 15
11 18
12 0
12 6
13 11
13 17
14 0
14 6
15 12
15 17
16 7
16 11
17 1
17 4
18 5
18 13
19 12
19 18
20 4
20 10

# solution 1668
# n=21 sym=rot2 status=verified source=flammenkamp_cache/n21_rot2
# code=:2A79EH064C9HFG287J5K1J0F1DCI453B8GEK36BDAI
0 2
0 10
1 7
1 9
2 14
2 17
3 0
3 6
4 4
4 12
5 9
5 17
6 15
6 16
7 2
7 8
8 7
8 19
9 5
9 20
10 1
10 19
11 0
11 15
12 1
12 13
13 12
13 18
14 4
14 5
15 3
15 11
16 8
16 16
17 14
17 20
18 3
18 6
19 11
19 13
20 10
20 18

# solution 1669
# n=21 sym=rot2 status=verified source=flammenkamp_cache/n21_rot2
# code=:6C8A3F2F6979GH17GJ020KIK14DJ34BDBE5I5HAC8E
0 6
0 12
1 8
1 10
2 3
2 15
3 2
3 15
4 6
4 9
5 7
5 9
6 16
6 17
7 1
7 7
8 16
8 19
9 0
9 2
10 0
10 20
11 18
11 20
12 1
12 4
13 13
13 19
14 3
14 4
15 11
15 13
16 11
16 14
17 5
17 18
18 5
18 17
19 10
19 12
20 8
20 14

# solution 1670
# n=21 sym=rot2 status=verified source=flammenkamp_cache/n21_rot2
# code=:2A6HCE480G79DFIK193F1J5HBJ0257BD4KCG683EAI
0 2
0 10
1 6
1 17
2 12
2 14
3 4
3 8
4 0
4 16
5 7
5 9
6 13
6 15
7 18
7 20
8 1
8 9
9 3
9 15
10 1
10 19
11 5
11 17
12 11
12 19
13 0
13 2
14 5
14 7
15 11
15 13
16 4
16 20
17 12
17 16
18 6
18 8
19 3
19 14
20 10
20 18

# solution 1671
# n=21 sym=rot2 status=verified source=flammenkamp_cache/n21_rot2
# code=:6C8A79123H9F4J7FEK4I0K2G065D1G5B3HIJBDAC8E
0 6
0 12
1 8
1 10
2 7
2 9
3 1
3 2
4 3
4 17
5 9
5 15
6 4
6 19
7 7
7 15
8 14
8 20
9 4
9 18
10 0
10 20
11 2
11 16
12 0
12 6
13 5
13 13
14 1
14 16
15 5
15 11
16 3
16 17
17 18
17 19
18 11
18 13
19 10
19 12
20 8
20 14

# solution 1672
# n=21 sym=rot2 status=verified source=flammenkamp_cache/n21_rot2
# code=:CH9A7EGKCF391257EJGI0K2416DFIJBH58046DAB38
0 12
0 17
1 9
1 10
2 7
2 14
3 16
3 20
4 12
4 15
5 3
5 9
6 1
6 2
7 5
7 7
8 14
8 19
9 16
9 18
10 0
10 20
11 2
11 4
12 1
12 6
13 13
13 15
14 18
14 19
15 11
15 17
16 5
16 8
17 0
17 4
18 6
18 13
19 10
19 11
20 3
20 8

# solution 1673
# n=21 sym=rot2 status=verified source=flammenkamp_cache/n21_rot2
# code=:4A6ECD379I34CI0J59FK1J05BF1K28GH2BDH786EAG
0 4
0 10
1 6
1 14
2 12
2 13
3 3
3 7
4 9
4 18
5 3
5 4
6 12
6 18
7 0
7 19
8 5
8 9
9 15
9 20
10 1
10 19
11 0
11 5
12 11
12 15
13 1
13 20
14 2
14 8
15 16
15 17
16 2
16 11
17 13
17 17
18 7
18 8
19 6
19 14
20 10
20 16

# solution 1674
# n=21 sym=rot2 status=verified source=flammenkamp_cache/n21_rot2
# code=:3ACG6C9E5K5H2J9DDK241JGI077B1I3F0F6B8E48AH
0 3
0 10
1 12
1 16
2 6
2 12
3 9
3 14
4 5
4 20
5 5
5 17
6 2
6 19
7 9
7 13
8 13
8 20
9 2
9 4
10 1
10 19
11 16
11 18
12 0
12 7
13 7
13 11
14 1
14 18
15 3
15 15
16 0
16 15
17 6
17 11
18 8
18 14
19 4
19 8
20 10
20 17

# solution 1675
# n=21 sym=rot2 status=verified source=flammenkamp_cache/n21_rot2
# code=:AI9C7FBE5H270K48EH4J1J1G36CG0KDI3F695D8B2A
0 10
0 18
1 9
1 12
2 7
2 15
3 11
3 14
4 5
4 17
5 2
5 7
6 0
6 20
7 4
7 8
8 14
8 17
9 4
9 19
10 1
10 19
11 1
11 16
12 3
12 6
13 12
13 16
14 0
14 20
15 13
15 18
16 3
16 15
17 6
17 9
18 5
18 13
19 8
19 11
20 2
20 10

# solution 1676
# n=21 sym=rot2 status=verified source=flammenkamp_cache/n21_rot2
# code=:9A8D45DI3IBH8E160F4K1J0G5KEJ6C392H27FG7CAB
0 9
0 10
1 8
1 13
2 4
2 5
3 13
3 18
4 3
4 18
5 11
5 17
6 8
6 14
7 1
7 6
8 0
8 15
9 4
9 20
10 1
10 19
11 0
11 16
12 5
12 20
13 14
13 19
14 6
14 12
15 3
15 9
16 2
16 17
17 2
17 7
18 15
18 16
19 7
19 12
20 10
20 11

# solution 1677
# n=21 sym=rot2 status=verified source=flammenkamp_cache/n21_rot2
# code=:79AECH5JBC242H7FJK4E0K6G015D3IGI891F386ABD
0 7
0 9
1 10
1 14
2 12
2 17
3 5
3 19
4 11
4 12
5 2
5 4
6 2
6 17
7 7
7 15
8 19
8 20
9 4
9 14
10 0
10 20
11 6
11 16
12 0
12 1
13 5
13 13
14 3
14 18
15 16
15 18
16 8
16 9
17 1
17 15
18 3
18 8
19 6
19 10
20 11
20 13

# solution 1678
# n=21 sym=rot2 status=verified source=flammenkamp_cache/n21_rot2
# code=:8ADH5E79EJ38FKIK492G1J4IBG0205CH16BD6F37AC
0 8
0 10
1 13
1 17
2 5
2 14
3 7
3 9
4 14
4 19
5 3
5 8
6 15
6 20
7 18
7 20
8 4
8 9
9 2
9 16
10 1
10 19
11 4
11 18
12 11
12 16
13 0
13 2
14 0
14 5
15 12
15 17
16 1
16 6
17 11
17 13
18 6
18 15
19 3
19 7
20 10
20 12

# solution 1679
# n=21 sym=rot2 status=verified source=flammenkamp_cache/n21_rot2
# code=:AC7E357B2F13GIEK890G1J4KBC0624HJ5I9DFH6D8A
0 10
0 12
1 7
1 14
2 3
2 5
3 7
3 11
4 2
4 15
5 1
5 3
6 16
6 18
7 14
7 20
8 8
8 9
9 0
9 16
10 1
10 19
11 4
11 20
12 11
12 12
13 0
13 6
14 2
14 4
15 17
15 19
16 5
16 18
17 9
17 13
18 15
18 17
19 6
19 13
20 8
20 10

# solution 1680
# n=21 sym=rot2 status=verified source=flammenkamp_cache/n21_rot2
# code=:AD4F8D6I28396KFH9J0G1J4K1B350EBHCI2E7C5G7A
0 10
0 13
1 4
1 15
2 8
2 13
3 6
3 18
4 2
4 8
5 3
5 9
6 6
6 20
7 15
7 17
8 9
8 19
9 0
9 16
10 1
10 19
11 4
11 20
12 1
12 11
13 3
13 5
14 0
14 14
15 11
15 17
16 12
16 18
17 2
17 14
18 7
18 12
19 5
19 16
20 7
20 10

# solution 1681
# n=21 sym=rot2 status=verified source=flammenkamp_cache/n21_rot2
# code=:8A5H4E69FH2C1I7K79GK1J04BD0D2J8I35BE6G3FAC
0 8
0 10
1 5
1 17
2 4
2 14
3 6
3 9
4 15
4 17
5 2
5 12
6 1
6 18
7 7
7 20
8 7
8 9
9 16
9 20
10 1
10 19
11 0
11 4
12 11
12 13
13 0
13 13
14 2
14 19
15 8
15 18
16 3
16 5
17 11
17 14
18 6
18 16
19 3
19 15
20 10
20 12

# solution 1682
# n=21 sym=rot2 status=verified source=flammenkamp_cache/n21_rot2
# code=:AC67357B2F13GIEK89GK1J04BC0624HJ5I9DFHDE8A
0 10
0 12
1 6
1 7
2 3
2 5
3 7
3 11
4 2
4 15
5 1
5 3
6 16
6 18
7 14
7 20
8 8
8 9
9 16
9 20
10 1
10 19
11 0
11 4
12 11
12 12
13 0
13 6
14 2
14 4
15 17
15 19
16 5
16 18
17 9
17 13
18 15
18 17
19 13
19 14
20 8
20 10

# solution 1683
# n=21 sym=rot2 status=verified source=flammenkamp_cache/n21_rot2
# code=:AC7E357B2F13GIEK89GK1J04BC0624HJ5I9DFH6D8A
0 10
0 12
1 7
1 14
2 3
2 5
3 7
3 11
4 2
4 15
5 1
5 3
6 16
6 18
7 14
7 20
8 8
8 9
9 16
9 20
10 1
10 19
11 0
11 4
12 11
12 12
13 0
13 6
14 2
14 4
15 17
15 19
16 5
16 18
17 9
17 13
18 15
18 17
19 6
19 13
20 8
20 10

# solution 1684
# n=21 sym=rot2 status=verified source=flammenkamp_cache/n21_rot2
# code=:AC357FDH692G2C169KGK1J040BEJ8I4IBE375DFH8A
0 10
0 12
1 3
1 5
2 7
2 15
3 13
3 17
4 6
4 9
5 2
5 16
6 2
6 12
7 1
7 6
8 9
8 20
9 16
9 20
10 1
10 19
11 0
11 4
12 0
12 11
13 14
13 19
14 8
14 18
15 4
15 18
16 11
16 14
17 3
17 7
18 5
18 13
19 15
19 17
20 8
20 10

# solution 1685
# n=21 sym=rot2 status=verified source=flammenkamp_cache/n21_rot2
# code=:AG587FDH692H2C169KGK1J040BEJ8I3IBE375DCF4A
0 10
0 16
1 5
1 8
2 7
2 15
3 13
3 17
4 6
4 9
5 2
5 17
6 2
6 12
7 1
7 6
8 9
8 20
9 16
9 20
10 1
10 19
11 0
11 4
12 0
12 11
13 14
13 19
14 8
14 18
15 3
15 18
16 11
16 14
17 3
17 7
18 5
18 13
19 12
19 15
20 4
20 10

# solution 1686
# n=21 sym=rot2 status=verified source=flammenkamp_cache/n21_rot2
# code=:7ACEFG37159C0E9IGK3I1J2H042B6K8BFJDH4568AD
0 7
0 10
1 12
1 14
2 15
2 16
3 3
3 7
4 1
4 5
5 9
5 12
6 0
6 14
7 9
7 18
8 16
8 20
9 3
9 18
10 1
10 19
11 2
11 17
12 0
12 4
13 2
13 11
14 6
14 20
15 8
15 11
16 15
16 19
17 13
17 17
18 4
18 5
19 6
19 8
20 10
20 13

# solution 1687
# n=21 sym=rot2 status=verified source=flammenkamp_cache/n21_rot2
# code=:AC6D5CEG25DG029K9H131JHJ3B0BIK47FI468F7E8A
0 10
0 12
1 6
1 13
2 5
2 12
3 14
3 16
4 2
4 5
5 13
5 16
6 0
6 2
7 9
7 20
8 9
8 17
9 1
9 3
10 1
10 19
11 17
11 19
12 3
12 11
13 0
13 11
14 18
14 20
15 4
15 7
16 15
16 18
17 4
17 6
18 8
18 15
19 7
19 14
20 8
20 10

# solution 1688
# n=21 sym=rot2 status=verified source=flammenkamp_cache/n21_rot2
# code=:AD4H246E0C9C5J9F27031JHKDI5B1F8B8K6EGI3G7A
0 10
0 13
1 4
1 17
2 2
2 4
3 6
3 14
4 0
4 12
5 9
5 12
6 5
6 19
7 9
7 15
8 2
8 7
9 0
9 3
10 1
10 19
11 17
11 20
12 13
12 18
13 5
13 11
14 1
14 15
15 8
15 11
16 8
16 20
17 6
17 14
18 16
18 18
19 3
19 16
20 7
20 10

# solution 1689
# n=21 sym=rot2 status=verified source=flammenkamp_cache/n21_rot2
# code=:9A5C7GDH162G6C5K092H1J3IBK0F8E4IEJ374D8FAB
0 9
0 10
1 5
1 12
2 7
2 16
3 13
3 17
4 1
4 6
5 2
5 16
6 6
6 12
7 5
7 20
8 0
8 9
9 2
9 17
10 1
10 19
11 3
11 18
12 11
12 20
13 0
13 15
14 8
14 14
15 4
15 18
16 14
16 19
17 3
17 7
18 4
18 13
19 8
19 15
20 10
20 11

# solution 1690
# n=21 sym=rot2 status=verified source=flammenkamp_cache/n21_rot2
# code=:7A56CE0H24HJ47BC59021JIKBF89DG13GI3K68EFAD
0 7
0 10
1 5
1 6
2 12
2 14
3 0
3 17
4 2
4 4
5 17
5 19
6 4
6 7
7 11
7 12
8 5
8 9
9 0
9 2
10 1
10 19
11 18
11 20
12 11
12 15
13 8
13 9
14 13
14 16
15 1
15 3
16 16
16 18
17 3
17 20
18 6
18 8
19 14
19 15
20 10
20 13

# solution 1691
# n=21 sym=rot2 status=verified source=flammenkamp_cache/n21_rot2
# code=:7A46CEBH02HJ47CF59021JIKBF58DG13IK3968EGAD
0 7
0 10
1 4
1 6
2 12
2 14
3 11
3 17
4 0
4 2
5 17
5 19
6 4
6 7
7 12
7 15
8 5
8 9
9 0
9 2
10 1
10 19
11 18
11 20
12 11
12 15
13 5
13 8
14 13
14 16
15 1
15 3
16 18
16 20
17 3
17 9
18 6
18 8
19 14
19 16
20 10
20 13

# solution 1692
# n=21 sym=rot2 status=verified source=flammenkamp_cache/n21_rot2
# code=:8A5B572G3GCJ0639DE021JIK67BHEK184H4IDF9FAC
0 8
0 10
1 5
1 11
2 5
2 7
3 2
3 16
4 3
4 16
5 12
5 19
6 0
6 6
7 3
7 9
8 13
8 14
9 0
9 2
10 1
10 19
11 18
11 20
12 6
12 7
13 11
13 17
14 14
14 20
15 1
15 8
16 4
16 17
17 4
17 18
18 13
18 15
19 9
19 15
20 10
20 12

# solution 1693
# n=21 sym=rot2 status=verified source=flammenkamp_cache/n21_rot2
# code=:7ACEFG37359C0E9IGKIJ1J12042B6K8BFHDH4568AD
0 7
0 10
1 12
1 14
2 15
2 16
3 3
3 7
4 3
4 5
5 9
5 12
6 0
6 14
7 9
7 18
8 16
8 20
9 18
9 19
10 1
10 19
11 1
11 2
12 0
12 4
13 2
13 11
14 6
14 20
15 8
15 11
16 15
16 17
17 13
17 17
18 4
18 5
19 6
19 8
20 10
20 13

# solution 1694
# n=21 sym=rot2 status=verified source=flammenkamp_cache/n21_rot2
# code=:AG9G6CEJ352H9D5D8K021JIK0C7F7B3IFH168E4B4A
0 10
0 16
1 9
1 16
2 6
2 12
3 14
3 19
4 3
4 5
5 2
5 17
6 9
6 13
7 5
7 13
8 8
8 20
9 0
9 2
10 1
10 19
11 18
11 20
12 0
12 12
13 7
13 15
14 7
14 11
15 3
15 18
16 15
16 17
17 1
17 6
18 8
18 14
19 4
19 11
20 4
20 10

# solution 1695
# n=21 sym=rot2 status=verified source=flammenkamp_cache/n21_rot2
# code=:ABEG7CGH02237CEF59011JJKBF568DHIIK348D469A
0 10
0 11
1 14
1 16
2 7
2 12
3 16
3 17
4 0
4 2
5 2
5 3
6 7
6 12
7 14
7 15
8 5
8 9
9 0
9 1
10 1
10 19
11 19
11 20
12 11
12 15
13 5
13 6
14 8
14 13
15 17
15 18
16 18
16 20
17 3
17 4
18 8
18 13
19 4
19 6
20 9
20 10

# solution 1696
# n=21 sym=rot2 status=verified source=flammenkamp_cache/n21_rot2
# code=:AC7F6F2E9H2H9K8D4G1K1J0J4G7C0B3I3B6I5E5D8A
0 10
0 12
1 7
1 15
2 6
2 15
3 2
3 14
4 9
4 17
5 2
5 17
6 9
6 20
7 8
7 13
8 4
8 16
9 1
9 20
10 1
10 19
11 0
11 19
12 4
12 16
13 7
13 12
14 0
14 11
15 3
15 18
16 3
16 11
17 6
17 18
18 5
18 14
19 5
19 13
20 8
20 10

# solution 1697
# n=21 sym=rot2 status=verified source=flammenkamp_cache/n21_rot2
# code=:8A4E8F36BI03FI9D4DJK1J017G7B25HK29EH5C6GAC
0 8
0 10
1 4
1 14
2 8
2 15
3 3
3 6
4 11
4 18
5 0
5 3
6 15
6 18
7 9
7 13
8 4
8 13
9 19
9 20
10 1
10 19
11 0
11 1
12 7
12 16
13 7
13 11
14 2
14 5
15 17
15 20
16 2
16 9
17 14
17 17
18 5
18 12
19 6
19 16
20 10
20 12

# solution 1698
# n=21 sym=rot2 status=verified source=flammenkamp_cache/n21_rot2
# code=:CF375J9C46DJEH049I2A0KAI2BGK3617EG8B1FDH58
0 12
0 15
1 3
1 7
2 5
2 19
3 9
3 12
4 4
4 6
5 13
5 19
6 14
6 17
7 0
7 4
8 9
8 18
9 2
9 10
10 0
10 20
11 10
11 18
12 2
12 11
13 16
13 20
14 3
14 6
15 1
15 7
16 14
16 16
17 8
17 11
18 1
18 15
19 13
19 17
20 5
20 8

# solution 1699
# n=21 sym=rot2 status=verified source=flammenkamp_cache/n21_rot2
# code=:4C8H0E574BEI13DF9JAI0K2A1B57HJ269GDF6K3C8G
0 4
0 12
1 8
1 17
2 0
2 14
3 5
3 7
4 4
4 11
5 14
5 18
6 1
6 3
7 13
7 15
8 9
8 19
9 10
9 18
10 0
10 20
11 2
11 10
12 1
12 11
13 5
13 7
14 17
14 19
15 2
15 6
16 9
16 16
17 13
17 15
18 6
18 20
19 3
19 12
20 8
20 16

# solution 1700
# n=21 sym=rot2 status=verified source=flammenkamp_cache/n21_rot2
# code=:5E3DGI098E1BFHGI781A0KAJCD24359J6CBK247H6F
0 5
0 14
1 3
1 13
2 16
2 18
3 0
3 9
4 8
4 14
5 1
5 11
6 15
6 17
7 16
7 18
8 7
8 8
9 1
9 10
10 0
10 20
11 10
11 19
12 12
12 13
13 2
13 4
14 3
14 5
15 9
15 19
16 6
16 12
17 11
17 20
18 2
18 4
19 7
19 17
20 6
20 15

# solution 1701
# n=21 sym=rot2 status=verified source=flammenkamp_cache/n21_rot2
# code=:FI7G5K8B371GBE3I68AJ0K1ACE2H694JDH9C0F4D25
0 15
0 18
1 7
1 16
2 5
2 20
3 8
3 11
4 3
4 7
5 1
5 16
6 11
6 14
7 3
7 18
8 6
8 8
9 10
9 19
10 0
10 20
11 1
11 10
12 12
12 14
13 2
13 17
14 6
14 9
15 4
15 19
16 13
16 17
17 9
17 12
18 0
18 15
19 4
19 13
20 2
20 5

# solution 1702
# n=21 sym=rot2 status=verified source=flammenkamp_cache/n21_rot2
# code=:9D6D1CGH6I1B2HFG58AK0K0ACF453I9J2E348J7E7B
0 9
0 13
1 6
1 13
2 1
2 12
3 16
3 17
4 6
4 18
5 1
5 11
6 2
6 17
7 15
7 16
8 5
8 8
9 10
9 20
10 0
10 20
11 0
11 10
12 12
12 15
13 4
13 5
14 3
14 18
15 9
15 19
16 2
16 14
17 3
17 4
18 8
18 19
19 7
19 14
20 7
20 11

# solution 1703
# n=21 sym=rot2 status=verified source=flammenkamp_cache/n21_rot2
# code=:BFDG782E2G391JEK583A0KAHCF061JBH4I6ICD4759
0 11
0 15
1 13
1 16
2 7
2 8
3 2
3 14
4 2
4 16
5 3
5 9
6 1
6 19
7 14
7 20
8 5
8 8
9 3
9 10
10 0
10 20
11 10
11 17
12 12
12 15
13 0
13 6
14 1
14 19
15 11
15 17
16 4
16 18
17 6
17 18
18 12
18 13
19 4
19 7
20 5
20 9

# solution 1704
# n=21 sym=rot2 status=verified source=flammenkamp_cache/n21_rot2
# code=:CE5B36FI1D3DBJ4K8G2A0KAI4C0G197H7J25EH9F68
0 12
0 14
1 5
1 11
2 3
2 6
3 15
3 18
4 1
4 13
5 3
5 13
6 11
6 19
7 4
7 20
8 8
8 16
9 2
9 10
10 0
10 20
11 10
11 18
12 4
12 12
13 0
13 16
14 1
14 9
15 7
15 17
16 7
16 19
17 2
17 5
18 14
18 17
19 9
19 15
20 6
20 8

# solution 1705
# n=21 sym=rot2 status=verified source=flammenkamp_cache/n21_rot2
# code=:CE5B36FI1D3DBJ048G2A0KAI4CGK197H7J25EH9F68
0 12
0 14
1 5
1 11
2 3
2 6
3 15
3 18
4 1
4 13
5 3
5 13
6 11
6 19
7 0
7 4
8 8
8 16
9 2
9 10
10 0
10 20
11 10
11 18
12 4
12 12
13 16
13 20
14 1
14 9
15 7
15 17
16 7
16 19
17 2
17 5
18 14
18 17
19 9
19 15
20 6
20 8

# solution 1706
# n=21 sym=rot2 status=verified source=flammenkamp_cache/n21_rot2
# code=:377C69EG1249IJ5F8H0A0KAK3C5F12BGIJ46BE8DDH
0 3
0 7
1 7
1 12
2 6
2 9
3 14
3 16
4 1
4 2
5 4
5 9
6 18
6 19
7 5
7 15
8 8
8 17
9 0
9 10
10 0
10 20
11 10
11 20
12 3
12 12
13 5
13 15
14 1
14 2
15 11
15 16
16 18
16 19
17 4
17 6
18 11
18 14
19 8
19 13
20 13
20 17

# solution 1707
# n=21 sym=rot2 status=verified source=flammenkamp_cache/n21_rot2
# code=:7E46BFBH121DCI5K8HAG0K4A3C0F287JIJ3959EG6D
0 7
0 14
1 4
1 6
2 11
2 15
3 11
3 17
4 1
4 2
5 1
5 13
6 12
6 18
7 5
7 20
8 8
8 17
9 10
9 16
10 0
10 20
11 4
11 10
12 3
12 12
13 0
13 15
14 2
14 8
15 7
15 19
16 18
16 19
17 3
17 9
18 5
18 9
19 14
19 16
20 6
20 13

# solution 1708
# n=21 sym=rot2 status=verified source=flammenkamp_cache/n21_rot2
# code=:7E46BF9H121DCI5K8HAG0K4A3C0F287JIJ3B59EG6D
0 7
0 14
1 4
1 6
2 11
2 15
3 9
3 17
4 1
4 2
5 1
5 13
6 12
6 18
7 5
7 20
8 8
8 17
9 10
9 16
10 0
10 20
11 4
11 10
12 3
12 12
13 0
13 15
14 2
14 8
15 7
15 19
16 18
16 19
17 3
17 11
18 5
18 9
19 14
19 16
20 6
20 13

# solution 1709
# n=21 sym=rot2 status=verified source=flammenkamp_cache/n21_rot2
# code=:2G7E8B5J9D043JEF8IAH0K3A2C561HGK7B1F9C6D4I
0 2
0 16
1 7
1 14
2 8
2 11
3 5
3 19
4 9
4 13
5 0
5 4
6 3
6 19
7 14
7 15
8 8
8 18
9 10
9 17
10 0
10 20
11 3
11 10
12 2
12 12
13 5
13 6
14 1
14 17
15 16
15 20
16 7
16 11
17 1
17 15
18 9
18 12
19 6
19 13
20 4
20 18

# solution 1710
# n=21 sym=rot2 status=verified source=flammenkamp_cache/n21_rot2
# code=:9D686F2H1BDGHK4J28AF0K5ACI1G03479J3I5ECE7B
0 9
0 13
1 6
1 8
2 6
2 15
3 2
3 17
4 1
4 11
5 13
5 16
6 17
6 20
7 4
7 19
8 2
8 8
9 10
9 15
10 0
10 20
11 5
11 10
12 12
12 18
13 1
13 16
14 0
14 3
15 4
15 7
16 9
16 19
17 3
17 18
18 5
18 14
19 12
19 14
20 7
20 11

# solution 1711
# n=21 sym=rot2 status=verified source=flammenkamp_cache/n21_rot2
# code=:DE9J6K489D3GHI5F182A0KAICJ5F234H7BCG0E1B67
0 13
0 14
1 9
1 19
2 6
2 20
3 4
3 8
4 9
4 13
5 3
5 16
6 17
6 18
7 5
7 15
8 1
8 8
9 2
9 10
10 0
10 20
11 10
11 18
12 12
12 19
13 5
13 15
14 2
14 3
15 4
15 17
16 7
16 11
17 12
17 16
18 0
18 14
19 1
19 11
20 6
20 7

# solution 1712
# n=21 sym=rot2 status=verified source=flammenkamp_cache/n21_rot2
# code=:8D6BBF456D0G3IIJ18AH0K3ACJ122H4K7EFG599E7C
0 8
0 13
1 6
1 11
2 11
2 15
3 4
3 5
4 6
4 13
5 0
5 16
6 3
6 18
7 18
7 19
8 1
8 8
9 10
9 17
10 0
10 20
11 3
11 10
12 12
12 19
13 1
13 2
14 2
14 17
15 4
15 20
16 7
16 14
17 15
17 16
18 5
18 9
19 9
19 14
20 7
20 12

# solution 1713
# n=21 sym=rot2 status=verified source=flammenkamp_cache/n21_rot2
# code=:7BCH25FI6G9C031G67AJ0K1ADE4JHK8B4E25FI389D
0 7
0 11
1 12
1 17
2 2
2 5
3 15
3 18
4 6
4 16
5 9
5 12
6 0
6 3
7 1
7 16
8 6
8 7
9 10
9 19
10 0
10 20
11 1
11 10
12 13
12 14
13 4
13 19
14 17
14 20
15 8
15 11
16 4
16 14
17 2
17 5
18 15
18 18
19 3
19 8
20 9
20 13

# solution 1714
# n=21 sym=rot2 status=verified source=flammenkamp_cache/n21_rot2
# code=:6G7CEFBJGJ02893F37AI0K2ADH5HBCIK1419568D4E
0 6
0 16
1 7
1 12
2 14
2 15
3 11
3 19
4 16
4 19
5 0
5 2
6 8
6 9
7 3
7 15
8 3
8 7
9 10
9 18
10 0
10 20
11 2
11 10
12 13
12 17
13 5
13 17
14 11
14 12
15 18
15 20
16 1
16 4
17 1
17 9
18 5
18 6
19 8
19 13
20 4
20 14

# solution 1715
# n=21 sym=rot2 status=verified source=flammenkamp_cache/n21_rot2
# code=:8B58EGGJ67FI3B0J7HAI0K2A3D1K9H25DE1446CF9C
0 8
0 11
1 5
1 8
2 14
2 16
3 16
3 19
4 6
4 7
5 15
5 18
6 3
6 11
7 0
7 19
8 7
8 17
9 10
9 18
10 0
10 20
11 2
11 10
12 3
12 13
13 1
13 20
14 9
14 17
15 2
15 5
16 13
16 14
17 1
17 4
18 4
18 6
19 12
19 15
20 9
20 12

# solution 1716
# n=21 sym=rot2 status=verified source=flammenkamp_cache/n21_rot2
# code=:8B8FEGGJ67FI3B0J7HAI0K2A3D1K9H25DE14465C9C
0 8
0 11
1 8
1 15
2 14
2 16
3 16
3 19
4 6
4 7
5 15
5 18
6 3
6 11
7 0
7 19
8 7
8 17
9 10
9 18
10 0
10 20
11 2
11 10
12 3
12 13
13 1
13 20
14 9
14 17
15 2
15 5
16 13
16 14
17 1
17 4
18 4
18 6
19 5
19 12
20 9
20 12

# solution 1717
# n=21 sym=rot2 status=verified source=flammenkamp_cache/n21_rot2
# code=:CD3F691H480E9GFJ272A0KAIDI154B6KCG3JBE5H78
0 12
0 13
1 3
1 15
2 6
2 9
3 1
3 17
4 4
4 8
5 0
5 14
6 9
6 16
7 15
7 19
8 2
8 7
9 2
9 10
10 0
10 20
11 10
11 18
12 13
12 18
13 1
13 5
14 4
14 11
15 6
15 20
16 12
16 16
17 3
17 19
18 11
18 14
19 5
19 17
20 7
20 8

# solution 1718
# n=21 sym=rot2 status=verified source=flammenkamp_cache/n21_rot2
# code=:9C6F248B672HFG1K7JAH0K3A1D0J453IDE9CGI5E8B
0 9
0 12
1 6
1 15
2 2
2 4
3 8
3 11
4 6
4 7
5 2
5 17
6 15
6 16
7 1
7 20
8 7
8 19
9 10
9 17
10 0
10 20
11 3
11 10
12 1
12 13
13 0
13 19
14 4
14 5
15 3
15 18
16 13
16 14
17 9
17 12
18 16
18 18
19 5
19 14
20 8
20 11

# solution 1719
# n=21 sym=rot2 status=verified source=flammenkamp_cache/n21_rot2
# code=:4DEH9I8946HJIK155D8A0KAC7FFJ0213EGBC2B367G
0 4
0 13
1 14
1 17
2 9
2 18
3 8
3 9
4 4
4 6
5 17
5 19
6 18
6 20
7 1
7 5
8 5
8 13
9 8
9 10
10 0
10 20
11 10
11 12
12 7
12 15
13 15
13 19
14 0
14 2
15 1
15 3
16 14
16 16
17 11
17 12
18 2
18 11
19 3
19 6
20 7
20 16

# solution 1720
# n=21 sym=rot2 status=verified source=flammenkamp_cache/n21_rot2
# code=:9GCE5I9F4E27HK1J3D8A0KAC7H1J03DI6G5B2F684B
0 9
0 16
1 12
1 14
2 5
2 18
3 9
3 15
4 4
4 14
5 2
5 7
6 17
6 20
7 1
7 19
8 3
8 13
9 8
9 10
10 0
10 20
11 10
11 12
12 7
12 17
13 1
13 19
14 0
14 3
15 13
15 18
16 6
16 16
17 5
17 11
18 2
18 15
19 6
19 8
20 4
20 11

# solution 1721
# n=21 sym=rot2 status=verified source=flammenkamp_cache/n21_rot2
# code=:BJDJ585CDI39362KEG4A0KAG460IEHBH278FCF1719
0 11
0 19
1 13
1 19
2 5
2 8
3 5
3 12
4 13
4 18
5 3
5 9
6 3
6 6
7 2
7 20
8 14
8 16
9 4
9 10
10 0
10 20
11 10
11 16
12 4
12 6
13 0
13 18
14 14
14 17
15 11
15 17
16 2
16 7
17 8
17 15
18 12
18 15
19 1
19 7
20 1
20 9

# solution 1722
# n=21 sym=rot2 status=verified source=flammenkamp_cache/n21_rot2
# code=:4I7B5B8EDF133I086G1A0KAJ4ECK2HHJ576C9F9D2G
0 4
0 18
1 7
1 11
2 5
2 11
3 8
3 14
4 13
4 15
5 1
5 3
6 3
6 18
7 0
7 8
8 6
8 16
9 1
9 10
10 0
10 20
11 10
11 19
12 4
12 14
13 12
13 20
14 2
14 17
15 17
15 19
16 5
16 7
17 6
17 12
18 9
18 15
19 9
19 13
20 2
20 16

# solution 1723
# n=21 sym=rot2 status=verified source=flammenkamp_cache/n21_rot2
# code=:9D2468DF048B1JFI36AH0K3AEH251J9CGK57CEGI7B
0 9
0 13
1 2
1 4
2 6
2 8
3 13
3 15
4 0
4 4
5 8
5 11
6 1
6 19
7 15
7 18
8 3
8 6
9 10
9 17
10 0
10 20
11 3
11 10
12 14
12 17
13 2
13 5
14 1
14 19
15 9
15 12
16 16
16 20
17 5
17 7
18 12
18 14
19 16
19 18
20 7
20 11

# solution 1724
# n=21 sym=rot2 status=verified source=flammenkamp_cache/n21_rot2
# code=:498D8I9J4FDI1H5K366A0KAEEH0F3J275G1B2C7CBG
0 4
0 9
1 8
1 13
2 8
2 18
3 9
3 19
4 4
4 15
5 13
5 18
6 1
6 17
7 5
7 20
8 3
8 6
9 6
9 10
10 0
10 20
11 10
11 14
12 14
12 17
13 0
13 15
14 3
14 19
15 2
15 7
16 5
16 16
17 1
17 11
18 2
18 12
19 7
19 12
20 11
20 16

# solution 1725
# n=21 sym=rot2 status=verified source=flammenkamp_cache/n21_rot2
# code=:9DDI689J4G8I1H5F360A0KAKEH5F3J2C4G1BCE277B
0 9
0 13
1 13
1 18
2 6
2 8
3 9
3 19
4 4
4 16
5 8
5 18
6 1
6 17
7 5
7 15
8 3
8 6
9 0
9 10
10 0
10 20
11 10
11 20
12 14
12 17
13 5
13 15
14 3
14 19
15 2
15 12
16 4
16 16
17 1
17 11
18 12
18 14
19 2
19 7
20 7
20 11

# solution 1726
# n=21 sym=rot2 status=verified source=flammenkamp_cache/n21_rot2
# code=:9DDI689J4G8I1H5F36AK0K0AEH5F3J2C4G1BCE277B
0 9
0 13
1 13
1 18
2 6
2 8
3 9
3 19
4 4
4 16
5 8
5 18
6 1
6 17
7 5
7 15
8 3
8 6
9 10
9 20
10 0
10 20
11 0
11 10
12 14
12 17
13 5
13 15
14 3
14 19
15 2
15 12
16 4
16 16
17 1
17 11
18 12
18 14
19 2
19 7
20 7
20 11

# solution 1727
# n=21 sym=rot2 status=verified source=flammenkamp_cache/n21_rot2
# code=:899F46GH5J281H7KEIAD0K7A260D3JCI1F34EG5BBC
0 8
0 9
1 9
1 15
2 4
2 6
3 16
3 17
4 5
4 19
5 2
5 8
6 1
6 17
7 7
7 20
8 14
8 18
9 10
9 13
10 0
10 20
11 7
11 10
12 2
12 6
13 0
13 13
14 3
14 19
15 12
15 18
16 1
16 15
17 3
17 4
18 14
18 16
19 5
19 11
20 11
20 12

# solution 1728
# n=21 sym=rot2 status=verified source=flammenkamp_cache/n21_rot2
# code=:4B891G1H7D386F2KEI5A0KAF260I5ECH7D3J4JBC9G
0 4
0 11
1 8
1 9
2 1
2 16
3 1
3 17
4 7
4 13
5 3
5 8
6 6
6 15
7 2
7 20
8 14
8 18
9 5
9 10
10 0
10 20
11 10
11 15
12 2
12 6
13 0
13 18
14 5
14 14
15 12
15 17
16 7
16 13
17 3
17 19
18 4
18 19
19 11
19 12
20 9
20 16

# solution 1729
# n=21 sym=rot2 status=verified source=flammenkamp_cache/n21_rot2
# code=:BH28EG5B7KCG3J572EAJ0K1A6IDF1H480D9F46CI39
0 11
0 17
1 2
1 8
2 14
2 16
3 5
3 11
4 7
4 20
5 12
5 16
6 3
6 19
7 5
7 7
8 2
8 14
9 10
9 19
10 0
10 20
11 1
11 10
12 6
12 18
13 13
13 15
14 1
14 17
15 4
15 8
16 0
16 13
17 9
17 15
18 4
18 6
19 12
19 18
20 3
20 9

# solution 1730
# n=21 sym=rot2 status=verified source=flammenkamp_cache/n21_rot2
# code=:9D78EF144B8H1F3I6IAK0K0A2E2H5J3C9GGJ56CD7B
0 9
0 13
1 7
1 8
2 14
2 15
3 1
3 4
4 4
4 11
5 8
5 17
6 1
6 15
7 3
7 18
8 6
8 18
9 10
9 20
10 0
10 20
11 0
11 10
12 2
12 14
13 2
13 17
14 5
14 19
15 3
15 12
16 9
16 16
17 16
17 19
18 5
18 6
19 12
19 13
20 7
20 11

# solution 1731
# n=21 sym=rot2 status=verified source=flammenkamp_cache/n21_rot2
# code=:3B7CHK6B4GCI7I5F16AJ0K1AEJ5F2D284G9E038D9H
0 3
0 11
1 7
1 12
2 17
2 20
3 6
3 11
4 4
4 16
5 12
5 18
6 7
6 18
7 5
7 15
8 1
8 6
9 10
9 19
10 0
10 20
11 1
11 10
12 14
12 19
13 5
13 15
14 2
14 13
15 2
15 8
16 4
16 16
17 9
17 14
18 0
18 3
19 8
19 13
20 9
20 17

# solution 1732
# n=21 sym=rot2 status=verified source=flammenkamp_cache/n21_rot2
# code=:2G7C7E0J499F3J38EF2A0KAI56CH1H5BBG1K6D8D4I
0 2
0 16
1 7
1 12
2 7
2 14
3 0
3 19
4 4
4 9
5 9
5 15
6 3
6 19
7 3
7 8
8 14
8 15
9 2
9 10
10 0
10 20
11 10
11 18
12 5
12 6
13 12
13 17
14 1
14 17
15 5
15 11
16 11
16 16
17 1
17 20
18 6
18 13
19 8
19 13
20 4
20 18

# solution 1733
# n=21 sym=rot2 status=verified source=flammenkamp_cache/n21_rot2
# code=:8E4CFH195DDJ3IIK469A0KABEG022H177FBJ358G6C
0 8
0 14
1 4
1 12
2 15
2 17
3 1
3 9
4 5
4 13
5 13
5 19
6 3
6 18
7 18
7 20
8 4
8 6
9 9
9 10
10 0
10 20
11 10
11 11
12 14
12 16
13 0
13 2
14 2
14 17
15 1
15 7
16 7
16 15
17 11
17 19
18 3
18 5
19 8
19 16
20 6
20 12

# solution 1734
# n=21 sym=rot2 status=verified source=flammenkamp_cache/n21_rot2
# code=:58BDGJ236DCJ3925EGAK0K0A46FIBH187EHI1479CF
0 5
0 8
1 11
1 13
2 16
2 19
3 2
3 3
4 6
4 13
5 12
5 19
6 3
6 9
7 2
7 5
8 14
8 16
9 10
9 20
10 0
10 20
11 0
11 10
12 4
12 6
13 15
13 18
14 11
14 17
15 1
15 8
16 7
16 14
17 17
17 18
18 1
18 4
19 7
19 9
20 12
20 15

# solution 1735
# n=21 sym=rot2 status=verified source=flammenkamp_cache/n21_rot2
# code=:9HCI6C1FDG391702EGAF0K5A46IKDJBH475J8E283B
0 9
0 17
1 12
1 18
2 6
2 12
3 1
3 15
4 13
4 16
5 3
5 9
6 1
6 7
7 0
7 2
8 14
8 16
9 10
9 15
10 0
10 20
11 5
11 10
12 4
12 6
13 18
13 20
14 13
14 19
15 11
15 17
16 4
16 7
17 5
17 19
18 8
18 14
19 2
19 8
20 3
20 11

# solution 1736
# n=21 sym=rot2 status=verified source=flammenkamp_cache/n21_rot2
# code=:9HCJ455B0DDG3618EI2A0KAI26CJEH477K9FFG183B
0 9
0 17
1 12
1 19
2 4
2 5
3 5
3 11
4 0
4 13
5 13
5 16
6 3
6 6
7 1
7 8
8 14
8 18
9 2
9 10
10 0
10 20
11 10
11 18
12 2
12 6
13 12
13 19
14 14
14 17
15 4
15 7
16 7
16 20
17 9
17 15
18 15
18 16
19 1
19 8
20 3
20 11

# solution 1737
# n=21 sym=rot2 status=verified source=flammenkamp_cache/n21_rot2
# code=:CG7945FH7B3J1628EI0A0KAK26CIEJ1H9D35FGBD48
0 12
0 16
1 7
1 9
2 4
2 5
3 15
3 17
4 7
4 11
5 3
5 19
6 1
6 6
7 2
7 8
8 14
8 18
9 0
9 10
10 0
10 20
11 10
11 20
12 2
12 6
13 12
13 18
14 14
14 19
15 1
15 17
16 9
16 13
17 3
17 5
18 15
18 16
19 11
19 13
20 4
20 8

# solution 1738
# n=21 sym=rot2 status=verified source=flammenkamp_cache/n21_rot2
# code=:BG3745FH7B1C1628EI0A0KAK26CIEJ8J9D35FGDH49
0 11
0 16
1 3
1 7
2 4
2 5
3 15
3 17
4 7
4 11
5 1
5 12
6 1
6 6
7 2
7 8
8 14
8 18
9 0
9 10
10 0
10 20
11 10
11 20
12 2
12 6
13 12
13 18
14 14
14 19
15 8
15 19
16 9
16 13
17 3
17 5
18 15
18 16
19 13
19 17
20 4
20 9

# solution 1739
# n=21 sym=rot2 status=verified source=flammenkamp_cache/n21_rot2
# code=:BG3745FH7BCJ1628EI0A0KAK26CIEJ189D35FGDH49
0 11
0 16
1 3
1 7
2 4
2 5
3 15
3 17
4 7
4 11
5 12
5 19
6 1
6 6
7 2
7 8
8 14
8 18
9 0
9 10
10 0
10 20
11 10
11 20
12 2
12 6
13 12
13 18
14 14
14 19
15 1
15 8
16 9
16 13
17 3
17 5
18 15
18 16
19 13
19 17
20 4
20 9

# solution 1740
# n=21 sym=rot2 status=verified source=flammenkamp_cache/n21_rot2
# code=:BG3745FHBD1C1628EI0A0KAK26CIEJ8J7935FGDH49
0 11
0 16
1 3
1 7
2 4
2 5
3 15
3 17
4 11
4 13
5 1
5 12
6 1
6 6
7 2
7 8
8 14
8 18
9 0
9 10
10 0
10 20
11 10
11 20
12 2
12 6
13 12
13 18
14 14
14 19
15 8
15 19
16 7
16 9
17 3
17 5
18 15
18 16
19 13
19 17
20 4
20 9

# solution 1741
# n=21 sym=rot2 status=verified source=flammenkamp_cache/n21_rot2
# code=:BG3745FHBDCJ1628EI0A0KAK26CIEJ187935FGDH49
0 11
0 16
1 3
1 7
2 4
2 5
3 15
3 17
4 11
4 13
5 12
5 19
6 1
6 6
7 2
7 8
8 14
8 18
9 0
9 10
10 0
10 20
11 10
11 20
12 2
12 6
13 12
13 18
14 14
14 19
15 1
15 8
16 7
16 9
17 3
17 5
18 15
18 16
19 13
19 17
20 4
20 9

# solution 1742
# n=21 sym=rot2 status=verified source=flammenkamp_cache/n21_rot2
# code=:8EDF239G8D129H0FEJ4A0KAG165K3BIJ7C4BHI576C
0 8
0 14
1 13
1 15
2 2
2 3
3 9
3 16
4 8
4 13
5 1
5 2
6 9
6 17
7 0
7 15
8 14
8 19
9 4
9 10
10 0
10 20
11 10
11 16
12 1
12 6
13 5
13 20
14 3
14 11
15 18
15 19
16 7
16 12
17 4
17 11
18 17
18 18
19 5
19 7
20 6
20 12

# solution 1743
# n=21 sym=rot2 status=verified source=flammenkamp_cache/n21_rot2
# code=:8IDEEG1738GI9B1535AK0K0AFHFJ9B24CHDJ46672C
0 8
0 18
1 13
1 14
2 14
2 16
3 1
3 7
4 3
4 8
5 16
5 18
6 9
6 11
7 1
7 5
8 3
8 5
9 10
9 20
10 0
10 20
11 0
11 10
12 15
12 17
13 15
13 19
14 9
14 11
15 2
15 4
16 12
16 17
17 13
17 19
18 4
18 6
19 6
19 7
20 2
20 12

# solution 1744
# n=21 sym=rot2 status=verified source=flammenkamp_cache/n21_rot2
# code=:79DGEG13289JEF8I35AK0K0AFH2C561BCIHJ4647BD
0 7
0 9
1 13
1 16
2 14
2 16
3 1
3 3
4 2
4 8
5 9
5 19
6 14
6 15
7 8
7 18
8 3
8 5
9 10
9 20
10 0
10 20
11 0
11 10
12 15
12 17
13 2
13 12
14 5
14 6
15 1
15 11
16 12
16 18
17 17
17 19
18 4
18 6
19 4
19 7
20 11
20 13

# solution 1745
# n=21 sym=rot2 status=verified source=flammenkamp_cache/n21_rot2
# code=:6H8G7BDJ4I1BEF8I35AK0K0AFH2C569J2G179D4C3E
0 6
0 17
1 8
1 16
2 7
2 11
3 13
3 19
4 4
4 18
5 1
5 11
6 14
6 15
7 8
7 18
8 3
8 5
9 10
9 20
10 0
10 20
11 0
11 10
12 15
12 17
13 2
13 12
14 5
14 6
15 9
15 19
16 2
16 16
17 1
17 7
18 9
18 13
19 4
19 12
20 3
20 14

# solution 1746
# n=21 sym=rot2 status=verified source=flammenkamp_cache/n21_rot2
# code=:8BDE46GJ2I8B157HFH0A0KAK353DFJ9C2I14EG679C
0 8
0 11
1 13
1 14
2 4
2 6
3 16
3 19
4 2
4 18
5 8
5 11
6 1
6 5
7 7
7 17
8 15
8 17
9 0
9 10
10 0
10 20
11 10
11 20
12 3
12 5
13 3
13 13
14 15
14 19
15 9
15 12
16 2
16 18
17 1
17 4
18 14
18 16
19 6
19 7
20 9
20 12

# solution 1747
# n=21 sym=rot2 status=verified source=flammenkamp_cache/n21_rot2
# code=:4C7C7B14EH9I06FJFH2A0KAI3515EK2B36GJ9D8D8G
0 4
0 12
1 7
1 12
2 7
2 11
3 1
3 4
4 14
4 17
5 9
5 18
6 0
6 6
7 15
7 19
8 15
8 17
9 2
9 10
10 0
10 20
11 10
11 18
12 3
12 5
13 1
13 5
14 14
14 20
15 2
15 11
16 3
16 6
17 16
17 19
18 9
18 13
19 8
19 13
20 8
20 16

# solution 1748
# n=21 sym=rot2 status=verified source=flammenkamp_cache/n21_rot2
# code=:9C7G37590IEJ8E4I351A0KAJFH2G6C162KBFDH4D8B
0 9
0 12
1 7
1 16
2 3
2 7
3 5
3 9
4 0
4 18
5 14
5 19
6 8
6 14
7 4
7 18
8 3
8 5
9 1
9 10
10 0
10 20
11 10
11 19
12 15
12 17
13 2
13 16
14 6
14 12
15 1
15 6
16 2
16 20
17 11
17 15
18 13
18 17
19 4
19 13
20 8
20 11

# solution 1749
# n=21 sym=rot2 status=verified source=flammenkamp_cache/n21_rot2
# code=:3EBD4638GIDKBJ15258A0KACFIFJ190724CHEG796H
0 3
0 14
1 11
1 13
2 4
2 6
3 3
3 8
4 16
4 18
5 13
5 20
6 11
6 19
7 1
7 5
8 2
8 5
9 8
9 10
10 0
10 20
11 10
11 12
12 15
12 18
13 15
13 19
14 1
14 9
15 0
15 7
16 2
16 4
17 12
17 17
18 14
18 16
19 7
19 9
20 6
20 17

# solution 1750
# n=21 sym=rot2 status=verified source=flammenkamp_cache/n21_rot2
# code=:297E8EGJ0938137FFIAG0K4A255DHJCHBK146C6DBI
0 2
0 9
1 7
1 14
2 8
2 14
3 16
3 19
4 0
4 9
5 3
5 8
6 1
6 3
7 7
7 15
8 15
8 18
9 10
9 16
10 0
10 20
11 4
11 10
12 2
12 5
13 5
13 13
14 17
14 19
15 12
15 17
16 11
16 20
17 1
17 4
18 6
18 12
19 6
19 13
20 11
20 18

# solution 1751
# n=21 sym=rot2 status=verified source=flammenkamp_cache/n21_rot2
# code=:4C79BJ8HDE3406FIFJ2A0KAI1525EKGH673C19BD8G
0 4
0 12
1 7
1 9
2 11
2 19
3 8
3 17
4 13
4 14
5 3
5 4
6 0
6 6
7 15
7 18
8 15
8 19
9 2
9 10
10 0
10 20
11 10
11 18
12 1
12 5
13 2
13 5
14 14
14 20
15 16
15 17
16 6
16 7
17 3
17 12
18 1
18 9
19 11
19 13
20 8
20 16

# solution 1752
# n=21 sym=rot2 status=verified source=flammenkamp_cache/n21_rot2
# code=:8C37EF2G6B0J9G27FJAH0K3A15DI4B1K9E4I56DH8C
0 8
0 12
1 3
1 7
2 14
2 15
3 2
3 16
4 6
4 11
5 0
5 19
6 9
6 16
7 2
7 7
8 15
8 19
9 10
9 17
10 0
10 20
11 3
11 10
12 1
12 5
13 13
13 18
14 4
14 11
15 1
15 20
16 9
16 14
17 4
17 18
18 5
18 6
19 13
19 17
20 8
20 12

# solution 1753
# n=21 sym=rot2 status=verified source=flammenkamp_cache/n21_rot2
# code=:6C7D145HBICE9G235JAK0K0A1FHI4B68293FGJ7D8E
0 6
0 12
1 7
1 13
2 1
2 4
3 5
3 17
4 11
4 18
5 12
5 14
6 9
6 16
7 2
7 3
8 5
8 19
9 10
9 20
10 0
10 20
11 0
11 10
12 1
12 15
13 17
13 18
14 4
14 11
15 6
15 8
16 2
16 9
17 3
17 15
18 16
18 19
19 7
19 13
20 8
20 14

# solution 1754
# n=21 sym=rot2 status=verified source=flammenkamp_cache/n21_rot2
# code=:CE1B5B7H0CEI7I143FAG0K4A5HGJ2D268K3D9F9J68
0 12
0 14
1 1
1 11
2 5
2 11
3 7
3 17
4 0
4 12
5 14
5 18
6 7
6 18
7 1
7 4
8 3
8 15
9 10
9 16
10 0
10 20
11 4
11 10
12 5
12 17
13 16
13 19
14 2
14 13
15 2
15 6
16 8
16 20
17 3
17 13
18 9
18 15
19 9
19 19
20 6
20 8

# solution 1755
# n=21 sym=rot2 status=verified source=flammenkamp_cache/n21_rot2
# code=:38BD5G8GIJ6B0E3I1F7A0KAD5J2H6K9E124C4F79CH
0 3
0 8
1 11
1 13
2 5
2 16
3 8
3 16
4 18
4 19
5 6
5 11
6 0
6 14
7 3
7 18
8 1
8 15
9 7
9 10
10 0
10 20
11 10
11 13
12 5
12 19
13 2
13 17
14 6
14 20
15 9
15 14
16 1
16 2
17 4
17 12
18 4
18 15
19 7
19 9
20 12
20 17

# solution 1756
# n=21 sym=rot2 status=verified source=flammenkamp_cache/n21_rot2
# code=:CE4D9BCH251D46HI15AK0K0AFJ23EG7JFI389B7G68
0 12
0 14
1 4
1 13
2 9
2 11
3 12
3 17
4 2
4 5
5 1
5 13
6 4
6 6
7 17
7 18
8 1
8 5
9 10
9 20
10 0
10 20
11 0
11 10
12 15
12 19
13 2
13 3
14 14
14 16
15 7
15 19
16 15
16 18
17 3
17 8
18 9
18 11
19 7
19 16
20 6
20 8

# solution 1757
# n=21 sym=rot2 status=verified source=flammenkamp_cache/n21_rot2
# code=:CE479BCH251D46HI15AK0K0AFJ23EG7JFI389BDG68
0 12
0 14
1 4
1 7
2 9
2 11
3 12
3 17
4 2
4 5
5 1
5 13
6 4
6 6
7 17
7 18
8 1
8 5
9 10
9 20
10 0
10 20
11 0
11 10
12 15
12 19
13 2
13 3
14 14
14 16
15 7
15 19
16 15
16 18
17 3
17 8
18 9
18 11
19 13
19 16
20 6
20 8

# solution 1758
# n=21 sym=rot2 status=verified source=flammenkamp_cache/n21_rot2
# code=:6C3459CGDI0916HIFJ7A0KAD1523EJBK2748BFGH8E
0 6
0 12
1 3
1 4
2 5
2 9
3 12
3 16
4 13
4 18
5 0
5 9
6 1
6 6
7 17
7 18
8 15
8 19
9 7
9 10
10 0
10 20
11 10
11 13
12 1
12 5
13 2
13 3
14 14
14 19
15 11
15 20
16 2
16 7
17 4
17 8
18 11
18 15
19 16
19 17
20 8
20 14

# solution 1759
# n=21 sym=rot2 status=verified source=flammenkamp_cache/n21_rot2
# code=:6G3D59CG0I7916HIFJ8A0KAC1523EJBD2K48BF7H4E
0 6
0 16
1 3
1 13
2 5
2 9
3 12
3 16
4 0
4 18
5 7
5 9
6 1
6 6
7 17
7 18
8 15
8 19
9 8
9 10
10 0
10 20
11 10
11 12
12 1
12 5
13 2
13 3
14 14
14 19
15 11
15 13
16 2
16 20
17 4
17 8
18 11
18 15
19 7
19 17
20 4
20 14

# solution 1760
# n=21 sym=rot2 status=verified source=flammenkamp_cache/n21_rot2
# code=:EI8E9B053D38IJ7F4GAJ0K1A4G5D12CH7HFK9B6C26
0 14
0 18
1 8
1 14
2 9
2 11
3 0
3 5
4 3
4 13
5 3
5 8
6 18
6 19
7 7
7 15
8 4
8 16
9 10
9 19
10 0
10 20
11 1
11 10
12 4
12 16
13 5
13 13
14 1
14 2
15 12
15 17
16 7
16 17
17 15
17 20
18 9
18 11
19 6
19 12
20 2
20 6

# solution 1761
# n=21 sym=rot2 status=verified source=flammenkamp_cache/n21_rot2
# code=:23896905DIEJ1G7834AF0K5AGHCD4J1627FKBEBCHI
0 2
0 3
1 8
1 9
2 6
2 9
3 0
3 5
4 13
4 18
5 14
5 19
6 1
6 16
7 7
7 8
8 3
8 4
9 10
9 15
10 0
10 20
11 5
11 10
12 16
12 17
13 12
13 13
14 4
14 19
15 1
15 6
16 2
16 7
17 15
17 20
18 11
18 14
19 11
19 12
20 17
20 18

# solution 1762
# n=21 sym=rot2 status=verified source=flammenkamp_cache/n21_rot2
# code=:23896905DIEJGJ7834AF0K5AGHCD141627FKBEBCHI
0 2
0 3
1 8
1 9
2 6
2 9
3 0
3 5
4 13
4 18
5 14
5 19
6 16
6 19
7 7
7 8
8 3
8 4
9 10
9 15
10 0
10 20
11 5
11 10
12 16
12 17
13 12
13 13
14 1
14 4
15 1
15 6
16 2
16 7
17 15
17 20
18 11
18 14
19 11
19 12
20 17
20 18

# solution 1763
# n=21 sym=rot2 status=verified source=flammenkamp_cache/n21_rot2
# code=:6G6C09BF7H2C2J57GHAJ0K1A34DF1I8I3D59BK8E4E
0 6
0 16
1 6
1 12
2 0
2 9
3 11
3 15
4 7
4 17
5 2
5 12
6 2
6 19
7 5
7 7
8 16
8 17
9 10
9 19
10 0
10 20
11 1
11 10
12 3
12 4
13 13
13 15
14 1
14 18
15 8
15 18
16 3
16 13
17 5
17 9
18 11
18 20
19 8
19 14
20 4
20 14

# solution 1764
# n=21 sym=rot2 status=verified source=flammenkamp_cache/n21_rot2
# code=:6G6CBKBF7H2C2J573GAJ0K1A4HDF1I8I3D59098E4E
0 6
0 16
1 6
1 12
2 11
2 20
3 11
3 15
4 7
4 17
5 2
5 12
6 2
6 19
7 5
7 7
8 3
8 16
9 10
9 19
10 0
10 20
11 1
11 10
12 4
12 17
13 13
13 15
14 1
14 18
15 8
15 18
16 3
16 13
17 5
17 9
18 0
18 9
19 8
19 14
20 4
20 14

# solution 1765
# n=21 sym=rot2 status=verified source=flammenkamp_cache/n21_rot2
# code=:683H2CBJ7D169F5K24AG0K4AGI0F5BEJ7D198I3HCE
0 6
0 8
1 3
1 17
2 2
2 12
3 11
3 19
4 7
4 13
5 1
5 6
6 9
6 15
7 5
7 20
8 2
8 4
9 10
9 16
10 0
10 20
11 4
11 10
12 16
12 18
13 0
13 15
14 5
14 11
15 14
15 19
16 7
16 13
17 1
17 9
18 8
18 18
19 3
19 17
20 12
20 14

# solution 1766
# n=21 sym=rot2 status=verified source=flammenkamp_cache/n21_rot2
# code=:367CFGBJ129C6F2KGH7A0KAD340I5E8BIJ19458DEH
0 3
0 6
1 7
1 12
2 15
2 16
3 11
3 19
4 1
4 2
5 9
5 12
6 6
6 15
7 2
7 20
8 16
8 17
9 7
9 10
10 0
10 20
11 10
11 13
12 3
12 4
13 0
13 18
14 5
14 14
15 8
15 11
16 18
16 19
17 1
17 9
18 4
18 5
19 8
19 13
20 14
20 17

# solution 1767
# n=21 sym=rot2 status=verified source=flammenkamp_cache/n21_rot2
# code=:677CEGBF129C3J25GHAK0K0A34FI1H8BIJ59468DDE
0 6
0 7
1 7
1 12
2 14
2 16
3 11
3 15
4 1
4 2
5 9
5 12
6 3
6 19
7 2
7 5
8 16
8 17
9 10
9 20
10 0
10 20
11 0
11 10
12 3
12 4
13 15
13 18
14 1
14 17
15 8
15 11
16 18
16 19
17 5
17 9
18 4
18 6
19 8
19 13
20 13
20 14

# solution 1768
# n=21 sym=rot2 status=verified source=flammenkamp_cache/n21_rot2
# code=:CE9H59FG7D3J6J28GI0A0KAK24CI1E1H7D45BF3B68
0 12
0 14
1 9
1 17
2 5
2 9
3 15
3 16
4 7
4 13
5 3
5 19
6 6
6 19
7 2
7 8
8 16
8 18
9 0
9 10
10 0
10 20
11 10
11 20
12 2
12 4
13 12
13 18
14 1
14 14
15 1
15 17
16 7
16 13
17 4
17 5
18 11
18 15
19 3
19 11
20 6
20 8

# solution 1769
# n=21 sym=rot2 status=verified source=flammenkamp_cache/n21_rot2
# code=:3B6JEJ8K5B3CGI5724AD0K7AGIDF248H9F0C161E9H
0 3
0 11
1 6
1 19
2 14
2 19
3 8
3 20
4 5
4 11
5 3
5 12
6 16
6 18
7 5
7 7
8 2
8 4
9 10
9 13
10 0
10 20
11 7
11 10
12 16
12 18
13 13
13 15
14 2
14 4
15 8
15 17
16 9
16 15
17 0
17 12
18 1
18 6
19 1
19 14
20 9
20 17

# solution 1770
# n=21 sym=rot2 status=verified source=flammenkamp_cache/n21_rot2
# code=:396JEJ8K5B3CGI5724AD0K7AGIDF248H9F0C161EBH
0 3
0 9
1 6
1 19
2 14
2 19
3 8
3 20
4 5
4 11
5 3
5 12
6 16
6 18
7 5
7 7
8 2
8 4
9 10
9 13
10 0
10 20
11 7
11 10
12 16
12 18
13 13
13 15
14 2
14 4
15 8
15 17
16 9
16 15
17 0
17 12
18 1
18 6
19 1
19 14
20 11
20 17

# solution 1771
# n=21 sym=rot2 status=verified source=flammenkamp_cache/n21_rot2
# code=:CE3E59HJ7D152B8KGI4A0KAG240C9IFJ7D13BF6H68
0 12
0 14
1 3
1 14
2 5
2 9
3 17
3 19
4 7
4 13
5 1
5 5
6 2
6 11
7 8
7 20
8 16
8 18
9 4
9 10
10 0
10 20
11 10
11 16
12 2
12 4
13 0
13 12
14 9
14 18
15 15
15 19
16 7
16 13
17 1
17 3
18 11
18 15
19 6
19 17
20 6
20 8

# solution 1772
# n=21 sym=rot2 status=verified source=flammenkamp_cache/n21_rot2
# code=:4C6C6B9F253KHJ7D1G2A0KAI4J7D130HFI5B9E8E8G
0 4
0 12
1 6
1 12
2 6
2 11
3 9
3 15
4 2
4 5
5 3
5 20
6 17
6 19
7 7
7 13
8 1
8 16
9 2
9 10
10 0
10 20
11 10
11 18
12 4
12 19
13 7
13 13
14 1
14 3
15 0
15 17
16 15
16 18
17 5
17 11
18 9
18 14
19 8
19 14
20 8
20 16

# solution 1773
# n=21 sym=rot2 status=verified source=flammenkamp_cache/n21_rot2
# code=:CG6C6B9F253KHJ7D1G2A0KAI4J7D130HFI5B9E8E48
0 12
0 16
1 6
1 12
2 6
2 11
3 9
3 15
4 2
4 5
5 3
5 20
6 17
6 19
7 7
7 13
8 1
8 16
9 2
9 10
10 0
10 20
11 10
11 18
12 4
12 19
13 7
13 13
14 1
14 3
15 0
15 17
16 15
16 18
17 5
17 11
18 9
18 14
19 8
19 14
20 4
20 8

# solution 1774
# n=21 sym=rot2 status=verified source=flammenkamp_cache/n21_rot2
# code=:367C9CEI479HIJ5F1G0A0KAK4J5F123BDG268B8DEH
0 3
0 6
1 7
1 12
2 9
2 12
3 14
3 18
4 4
4 7
5 9
5 17
6 18
6 19
7 5
7 15
8 1
8 16
9 0
9 10
10 0
10 20
11 10
11 20
12 4
12 19
13 5
13 15
14 1
14 2
15 3
15 11
16 13
16 16
17 2
17 6
18 8
18 11
19 8
19 13
20 14
20 17

# solution 1775
# n=21 sym=rot2 status=verified source=flammenkamp_cache/n21_rot2
# code=:9H7DCI2J46BC3F0FGJ6A0KAE145K5H89EG1I287D3B
0 9
0 17
1 7
1 13
2 12
2 18
3 2
3 19
4 4
4 6
5 11
5 12
6 3
6 15
7 0
7 15
8 16
8 19
9 6
9 10
10 0
10 20
11 10
11 14
12 1
12 4
13 5
13 20
14 5
14 17
15 8
15 9
16 14
16 16
17 1
17 18
18 2
18 8
19 7
19 13
20 3
20 11

# solution 1776
# n=21 sym=rot2 status=verified source=flammenkamp_cache/n21_rot2
# code=:BH7DCI2J46BC3F0FGJ6A0KAE145K5H89EG1I287D39
0 11
0 17
1 7
1 13
2 12
2 18
3 2
3 19
4 4
4 6
5 11
5 12
6 3
6 15
7 0
7 15
8 16
8 19
9 6
9 10
10 0
10 20
11 10
11 14
12 1
12 4
13 5
13 20
14 5
14 17
15 8
15 9
16 14
16 16
17 1
17 18
18 2
18 8
19 7
19 13
20 3
20 9

# solution 1777
# n=21 sym=rot2 status=verified source=flammenkamp_cache/n21_rot2
# code=:CE9H59FG7D3J2628GJ0A0KAK14CIEI1H7D45BF3B68
0 12
0 14
1 9
1 17
2 5
2 9
3 15
3 16
4 7
4 13
5 3
5 19
6 2
6 6
7 2
7 8
8 16
8 19
9 0
9 10
10 0
10 20
11 10
11 20
12 1
12 4
13 12
13 18
14 14
14 18
15 1
15 17
16 7
16 13
17 4
17 5
18 11
18 15
19 3
19 11
20 6
20 8

# solution 1778
# n=21 sym=rot2 status=verified source=flammenkamp_cache/n21_rot2
# code=:6G7CEFBJGJ27890F3HAI0K2A3H5KBCDI1419568D4E
0 6
0 16
1 7
1 12
2 14
2 15
3 11
3 19
4 16
4 19
5 2
5 7
6 8
6 9
7 0
7 15
8 3
8 17
9 10
9 18
10 0
10 20
11 2
11 10
12 3
12 17
13 5
13 20
14 11
14 12
15 13
15 18
16 1
16 4
17 1
17 9
18 5
18 6
19 8
19 13
20 4
20 14

# solution 1779
# n=21 sym=rot2 status=verified source=flammenkamp_cache/n21_rot2
# code=:6C4F7B59EJ248D0I3H1A0KAJ3H2K7CGI16BF9D5G8E
0 6
0 12
1 4
1 15
2 7
2 11
3 5
3 9
4 14
4 19
5 2
5 4
6 8
6 13
7 0
7 18
8 3
8 17
9 1
9 10
10 0
10 20
11 10
11 19
12 3
12 17
13 2
13 20
14 7
14 12
15 16
15 18
16 1
16 6
17 11
17 15
18 9
18 13
19 5
19 16
20 8
20 14

# solution 1780
# n=21 sym=rot2 status=verified source=flammenkamp_cache/n21_rot2
# code=:6B795FGJ2C0CGI7J3H6A0KAE3H1D248K8I145FBD9E
0 6
0 11
1 7
1 9
2 5
2 15
3 16
3 19
4 2
4 12
5 0
5 12
6 16
6 18
7 7
7 19
8 3
8 17
9 6
9 10
10 0
10 20
11 10
11 14
12 3
12 17
13 1
13 13
14 2
14 4
15 8
15 20
16 8
16 18
17 1
17 4
18 5
18 15
19 11
19 13
20 9
20 14

# solution 1781
# n=21 sym=rot2 status=verified source=flammenkamp_cache/n21_rot2
# code=:DE4C39590GDJ8IEF23AJ0K1AHI562C174KBFBH8G67
0 13
0 14
1 4
1 12
2 3
2 9
3 5
3 9
4 0
4 16
5 13
5 19
6 8
6 18
7 14
7 15
8 2
8 3
9 10
9 19
10 0
10 20
11 1
11 10
12 17
12 18
13 5
13 6
14 2
14 12
15 1
15 7
16 4
16 20
17 11
17 15
18 11
18 17
19 8
19 16
20 6
20 7

# solution 1782
# n=21 sym=rot2 status=verified source=flammenkamp_cache/n21_rot2
# code=:BDDF6G8I38BF16JK2HAG0K4A3I01EJ59CH2C4E5779
0 11
0 13
1 13
1 15
2 6
2 16
3 8
3 18
4 3
4 8
5 11
5 15
6 1
6 6
7 19
7 20
8 2
8 17
9 10
9 16
10 0
10 20
11 4
11 10
12 3
12 18
13 0
13 1
14 14
14 19
15 5
15 9
16 12
16 17
17 2
17 12
18 4
18 14
19 5
19 7
20 7
20 9

# solution 1783
# n=21 sym=rot2 status=verified source=flammenkamp_cache/n21_rot2
# code=:498C6G39DFDI15JK3I6A0KAE2H01FJ2757BH4E8CBG
0 4
0 9
1 8
1 12
2 6
2 16
3 3
3 9
4 13
4 15
5 13
5 18
6 1
6 5
7 19
7 20
8 3
8 18
9 6
9 10
10 0
10 20
11 10
11 14
12 2
12 17
13 0
13 1
14 15
14 19
15 2
15 7
16 5
16 7
17 11
17 17
18 4
18 14
19 8
19 12
20 11
20 16

# solution 1784
# n=21 sym=rot2 status=verified source=flammenkamp_cache/n21_rot2
# code=:9DFG6839FG682J0J3I7A0KAD2H1K1ICE45BHCE457B
0 9
0 13
1 15
1 16
2 6
2 8
3 3
3 9
4 15
4 16
5 6
5 8
6 2
6 19
7 0
7 19
8 3
8 18
9 7
9 10
10 0
10 20
11 10
11 13
12 2
12 17
13 1
13 20
14 1
14 18
15 12
15 14
16 4
16 5
17 11
17 17
18 12
18 14
19 4
19 5
20 7
20 11

# solution 1785
# n=21 sym=rot2 status=verified source=flammenkamp_cache/n21_rot2
# code=:4B8B1E5F78EI137K2HAG0K4A3I0DHJ26CD5F6J9C9G
0 4
0 11
1 8
1 11
2 1
2 14
3 5
3 15
4 7
4 8
5 14
5 18
6 1
6 3
7 7
7 20
8 2
8 17
9 10
9 16
10 0
10 20
11 4
11 10
12 3
12 18
13 0
13 13
14 17
14 19
15 2
15 6
16 12
16 13
17 5
17 15
18 6
18 19
19 9
19 12
20 9
20 16

# solution 1786
# n=21 sym=rot2 status=verified source=flammenkamp_cache/n21_rot2
# code=:6B25EF8BGK2C3D17HJ4A0KAG13DJ7H8I049C56FI9E
0 6
0 11
1 2
1 5
2 14
2 15
3 8
3 11
4 16
4 20
5 2
5 12
6 3
6 13
7 1
7 7
8 17
8 19
9 4
9 10
10 0
10 20
11 10
11 16
12 1
12 3
13 13
13 19
14 7
14 17
15 8
15 18
16 0
16 4
17 9
17 12
18 5
18 6
19 15
19 18
20 9
20 14

# solution 1787
# n=21 sym=rot2 status=verified source=flammenkamp_cache/n21_rot2
# code=:BE6F28BGGJ3I7C0F3J7A0KAD1H5K8D2H1449CI5E69
0 11
0 14
1 6
1 15
2 2
2 8
3 11
3 16
4 16
4 19
5 3
5 18
6 7
6 12
7 0
7 15
8 3
8 19
9 7
9 10
10 0
10 20
11 10
11 13
12 1
12 17
13 5
13 20
14 8
14 13
15 2
15 17
16 1
16 4
17 4
17 9
18 12
18 18
19 5
19 14
20 6
20 9

# solution 1788
# n=21 sym=rot2 status=verified source=flammenkamp_cache/n21_rot2
# code=:9G8E8IFK247B7HEJ3J5A0KAF1H163D9DGI052C6C4B
0 9
0 16
1 8
1 14
2 8
2 18
3 15
3 20
4 2
4 4
5 7
5 11
6 7
6 17
7 14
7 19
8 3
8 19
9 5
9 10
10 0
10 20
11 10
11 15
12 1
12 17
13 1
13 6
14 3
14 13
15 9
15 13
16 16
16 18
17 0
17 5
18 2
18 12
19 6
19 12
20 4
20 11

# solution 1789
# n=21 sym=rot2 status=verified source=flammenkamp_cache/n21_rot2
# code=:6B7D4E05BI2C1G383J5A0KAF1HCH4J8I29FK6G7D9E
0 6
0 11
1 7
1 13
2 4
2 14
3 0
3 5
4 11
4 18
5 2
5 12
6 1
6 16
7 3
7 8
8 3
8 19
9 5
9 10
10 0
10 20
11 10
11 15
12 1
12 17
13 12
13 17
14 4
14 19
15 8
15 18
16 2
16 9
17 15
17 20
18 6
18 16
19 7
19 13
20 9
20 14

# solution 1790
# n=21 sym=rot2 status=verified source=flammenkamp_cache/n21_rot2
# code=:3D8D699EGI184J5FHI0A0KAK235F1GCJ246BBE7C7H
0 3
0 13
1 8
1 13
2 6
2 9
3 9
3 14
4 16
4 18
5 1
5 8
6 4
6 19
7 5
7 15
8 17
8 18
9 0
9 10
10 0
10 20
11 10
11 20
12 2
12 3
13 5
13 15
14 1
14 16
15 12
15 19
16 2
16 4
17 6
17 11
18 11
18 14
19 7
19 12
20 7
20 17

# solution 1791
# n=21 sym=rot2 status=verified source=flammenkamp_cache/n21_rot2
# code=:7B5C4E29GKCE1J5723AH0K3AHIDF1J6804BI6G8F9D
0 7
0 11
1 5
1 12
2 4
2 14
3 2
3 9
4 16
4 20
5 12
5 14
6 1
6 19
7 5
7 7
8 2
8 3
9 10
9 17
10 0
10 20
11 3
11 10
12 17
12 18
13 13
13 15
14 1
14 19
15 6
15 8
16 0
16 4
17 11
17 18
18 6
18 16
19 8
19 15
20 9
20 13

# solution 1792
# n=21 sym=rot2 status=verified source=flammenkamp_cache/n21_rot2
# code=:6B6724FHCK2C9D5JHJ4A0KAG131F7B8I0835GIDE9E
0 6
0 11
1 6
1 7
2 2
2 4
3 15
3 17
4 12
4 20
5 2
5 12
6 9
6 13
7 5
7 19
8 17
8 19
9 4
9 10
10 0
10 20
11 10
11 16
12 1
12 3
13 1
13 15
14 7
14 11
15 8
15 18
16 0
16 8
17 3
17 5
18 16
18 18
19 13
19 14
20 9
20 14

# solution 1793
# n=21 sym=rot2 status=verified source=flammenkamp_cache/n21_rot2
# code=:4E8G69BDIJ3805FIHJ7A0KAD1325FKCH1279BE4C6G
0 4
0 14
1 8
1 16
2 6
2 9
3 11
3 13
4 18
4 19
5 3
5 8
6 0
6 5
7 15
7 18
8 17
8 19
9 7
9 10
10 0
10 20
11 10
11 13
12 1
12 3
13 2
13 5
14 15
14 20
15 12
15 17
16 1
16 2
17 7
17 9
18 11
18 14
19 4
19 12
20 6
20 16

# solution 1794
# n=21 sym=rot2 status=verified source=flammenkamp_cache/n21_rot2
# code=:8G7B4F8IDI1B563KHJ6A0KAE130HEF9J272C5G9D4C
0 8
0 16
1 7
1 11
2 4
2 15
3 8
3 18
4 13
4 18
5 1
5 11
6 5
6 6
7 3
7 20
8 17
8 19
9 6
9 10
10 0
10 20
11 10
11 14
12 1
12 3
13 0
13 17
14 14
14 15
15 9
15 19
16 2
16 7
17 2
17 12
18 5
18 16
19 9
19 13
20 4
20 12

# solution 1795
# n=21 sym=rot2 status=verified source=flammenkamp_cache/n21_rot2
# code=:896GBD8JFG3603FJ2I7A0KAD2I15HKEH451C794EBC
0 8
0 9
1 6
1 16
2 11
2 13
3 8
3 19
4 15
4 16
5 3
5 6
6 0
6 3
7 15
7 19
8 2
8 18
9 7
9 10
10 0
10 20
11 10
11 13
12 2
12 18
13 1
13 5
14 17
14 20
15 14
15 17
16 4
16 5
17 1
17 12
18 7
18 9
19 4
19 14
20 11
20 12

# solution 1796
# n=21 sym=rot2 status=verified source=flammenkamp_cache/n21_rot2
# code=:68BC7F459H2HEKGJ127A0KADIJ14063I3BFG5D89CE
0 6
0 8
1 11
1 12
2 7
2 15
3 4
3 5
4 9
4 17
5 2
5 17
6 14
6 20
7 16
7 19
8 1
8 2
9 7
9 10
10 0
10 20
11 10
11 13
12 18
12 19
13 1
13 4
14 0
14 6
15 3
15 18
16 3
16 11
17 15
17 16
18 5
18 13
19 8
19 9
20 12
20 14

# solution 1797
# n=21 sym=rot2 status=verified source=flammenkamp_cache/n21_rot2
# code=:7B6C2FFG1K393C6G127A0KADIJ4E8HBH0J455I8E9D
0 7
0 11
1 6
1 12
2 2
2 15
3 15
3 16
4 1
4 20
5 3
5 9
6 3
6 12
7 6
7 16
8 1
8 2
9 7
9 10
10 0
10 20
11 10
11 13
12 18
12 19
13 4
13 14
14 8
14 17
15 11
15 17
16 0
16 19
17 4
17 5
18 5
18 18
19 8
19 14
20 9
20 13

# solution 1798
# n=21 sym=rot2 status=verified source=flammenkamp_cache/n21_rot2
# code=:CE7H5945GJ8EBK2H127A0KADIJ3I096C14FGBF3D68
0 12
0 14
1 7
1 17
2 5
2 9
3 4
3 5
4 16
4 19
5 8
5 14
6 11
6 20
7 2
7 17
8 1
8 2
9 7
9 10
10 0
10 20
11 10
11 13
12 18
12 19
13 3
13 18
14 0
14 9
15 6
15 12
16 1
16 4
17 15
17 16
18 11
18 15
19 3
19 13
20 6
20 8

# solution 1799
# n=21 sym=rot2 status=verified source=flammenkamp_cache/n21_rot2
# code=:7B452CBF8GDJ3H6K12AE0K6AIJ0E3H174C598IFG9D
0 7
0 11
1 4
1 5
2 2
2 12
3 11
3 15
4 8
4 16
5 13
5 19
6 3
6 17
7 6
7 20
8 1
8 2
9 10
9 14
10 0
10 20
11 6
11 10
12 18
12 19
13 0
13 14
14 3
14 17
15 1
15 7
16 4
16 12
17 5
17 9
18 8
18 18
19 15
19 16
20 9
20 13

# solution 1800
# n=21 sym=rot2 status=verified source=flammenkamp_cache/n21_rot2
# code=:46DFBI084DBH1H8FIJ6A0KAE125C3J397GCK2957EG
0 4
0 6
1 13
1 15
2 11
2 18
3 0
3 8
4 4
4 13
5 11
5 17
6 1
6 17
7 8
7 15
8 18
8 19
9 6
9 10
10 0
10 20
11 10
11 14
12 1
12 2
13 5
13 12
14 3
14 19
15 3
15 9
16 7
16 16
17 12
17 20
18 2
18 9
19 5
19 7
20 14
20 16

# solution 1801
# n=21 sym=rot2 status=verified source=flammenkamp_cache/n21_rot2
# code=:6G38BDFG17BH6K25IJ8A0KAC12FI0E39DJ4579CH4E
0 6
0 16
1 3
1 8
2 11
2 13
3 15
3 16
4 1
4 7
5 11
5 17
6 6
6 20
7 2
7 5
8 18
8 19
9 8
9 10
10 0
10 20
11 10
11 12
12 1
12 2
13 15
13 18
14 0
14 14
15 3
15 9
16 13
16 19
17 4
17 5
18 7
18 9
19 12
19 17
20 4
20 14

# solution 1802
# n=21 sym=rot2 status=verified source=flammenkamp_cache/n21_rot2
# code=:47EG9B1F783I068FIJAH0K3A125CEK2HCD5J9B46DG
0 4
0 7
1 14
1 16
2 9
2 11
3 1
3 15
4 7
4 8
5 3
5 18
6 0
6 6
7 8
7 15
8 18
8 19
9 10
9 17
10 0
10 20
11 3
11 10
12 1
12 2
13 5
13 12
14 14
14 20
15 2
15 17
16 12
16 13
17 5
17 19
18 9
18 11
19 4
19 6
20 13
20 16

# solution 1803
# n=21 sym=rot2 status=verified source=flammenkamp_cache/n21_rot2
# code=:6H5G5B2C7C9HEG021J7A0KAD1JIK463B8D8I9F4F3E
0 6
0 17
1 5
1 16
2 5
2 11
3 2
3 12
4 7
4 12
5 9
5 17
6 14
6 16
7 0
7 2
8 1
8 19
9 7
9 10
10 0
10 20
11 10
11 13
12 1
12 19
13 18
13 20
14 4
14 6
15 3
15 11
16 8
16 13
17 8
17 18
18 9
18 15
19 4
19 15
20 3
20 14

# solution 1804
# n=21 sym=rot2 status=verified source=flammenkamp_cache/n21_rot2
# code=:CE7H5604FG9IBC2H1J7A0KAD1J3I892B45GKEF3D68
0 12
0 14
1 7
1 17
2 5
2 6
3 0
3 4
4 15
4 16
5 9
5 18
6 11
6 12
7 2
7 17
8 1
8 19
9 7
9 10
10 0
10 20
11 10
11 13
12 1
12 19
13 3
13 18
14 8
14 9
15 2
15 11
16 4
16 5
17 16
17 20
18 14
18 15
19 3
19 13
20 6
20 8

# solution 1805
# n=21 sym=rot2 status=verified source=flammenkamp_cache/n21_rot2
# code=:8B4D681G3IBI157HAF060KEK5A3DFJ292H4JCE7G9C
0 8
0 11
1 4
1 13
2 6
2 8
3 1
3 16
4 3
4 18
5 11
5 18
6 1
6 5
7 7
7 17
8 10
8 15
9 0
9 6
10 0
10 20
11 14
11 20
12 5
12 10
13 3
13 13
14 15
14 19
15 2
15 9
16 2
16 17
17 4
17 19
18 12
18 14
19 7
19 16
20 9
20 12

# solution 1806
# n=21 sym=rot2 status=verified source=flammenkamp_cache/n21_rot2
# code=:689DGH8H4B26FJ0J5A7I0K2DAF1K15EI9G3C347BCE
0 6
0 8
1 9
1 13
2 16
2 17
3 8
3 17
4 4
4 11
5 2
5 6
6 15
6 19
7 0
7 19
8 5
8 10
9 7
9 18
10 0
10 20
11 2
11 13
12 10
12 15
13 1
13 20
14 1
14 5
15 14
15 18
16 9
16 16
17 3
17 12
18 3
18 4
19 7
19 11
20 12
20 14

# solution 1807
# n=21 sym=rot2 status=verified source=flammenkamp_cache/n21_rot2
# code=:9C573C2G6G9D1H1K5A260KEIAF0J3J7B4E4I8HDF8B
0 9
0 12
1 5
1 7
2 3
2 12
3 2
3 16
4 6
4 16
5 9
5 13
6 1
6 17
7 1
7 20
8 5
8 10
9 2
9 6
10 0
10 20
11 14
11 18
12 10
12 15
13 0
13 19
14 3
14 19
15 7
15 11
16 4
16 14
17 4
17 18
18 8
18 17
19 13
19 15
20 8
20 11

# solution 1808
# n=21 sym=rot2 status=verified source=flammenkamp_cache/n21_rot2
# code=:6G8GBC293J7JEF375A2K0K0IAFDH561D1HBI894C4E
0 6
0 16
1 8
1 16
2 11
2 12
3 2
3 9
4 3
4 19
5 7
5 19
6 14
6 15
7 3
7 7
8 5
8 10
9 2
9 20
10 0
10 20
11 0
11 18
12 10
12 15
13 13
13 17
14 5
14 6
15 1
15 13
16 1
16 17
17 11
17 18
18 8
18 9
19 4
19 12
20 4
20 14

# solution 1809
# n=21 sym=rot2 status=verified source=flammenkamp_cache/n21_rot2
# code=:CE7H699C1G2415HKAF7I0K2D5A03FJGI4J8BBE3D68
0 12
0 14
1 7
1 17
2 6
2 9
3 9
3 12
4 1
4 16
5 2
5 4
6 1
6 5
7 17
7 20
8 10
8 15
9 7
9 18
10 0
10 20
11 2
11 13
12 5
12 10
13 0
13 3
14 15
14 19
15 16
15 18
16 4
16 19
17 8
17 11
18 11
18 14
19 3
19 13
20 6
20 8

# solution 1810
# n=21 sym=rot2 status=verified source=flammenkamp_cache/n21_rot2
# code=:89248EBD4H67FJIJAF3K0K0H5A1215DE3G796CGIBC
0 8
0 9
1 2
1 4
2 8
2 14
3 11
3 13
4 4
4 17
5 6
5 7
6 15
6 19
7 18
7 19
8 10
8 15
9 3
9 20
10 0
10 20
11 0
11 17
12 5
12 10
13 1
13 2
14 1
14 5
15 13
15 14
16 3
16 16
17 7
17 9
18 6
18 12
19 16
19 18
20 11
20 12

# solution 1811
# n=21 sym=rot2 status=verified source=flammenkamp_cache/n21_rot2
# code=:9B8D6G3I8G6I1FHKAF170KDJ5A035J2E4C2H4E7C9B
0 9
0 11
1 8
1 13
2 6
2 16
3 3
3 18
4 8
4 16
5 6
5 18
6 1
6 15
7 17
7 20
8 10
8 15
9 1
9 7
10 0
10 20
11 13
11 19
12 5
12 10
13 0
13 3
14 5
14 19
15 2
15 14
16 4
16 12
17 2
17 17
18 4
18 14
19 7
19 12
20 9
20 11

# solution 1812
# n=21 sym=rot2 status=verified source=flammenkamp_cache/n21_rot2
# code=:8I458B16DH1B67HIAFGK0K045A23DE9J37EJ9CFG2C
0 8
0 18
1 4
1 5
2 8
2 11
3 1
3 6
4 13
4 17
5 1
5 11
6 6
6 7
7 17
7 18
8 10
8 15
9 16
9 20
10 0
10 20
11 0
11 4
12 5
12 10
13 2
13 3
14 13
14 14
15 9
15 19
16 3
16 7
17 14
17 19
18 9
18 12
19 15
19 16
20 2
20 12

# solution 1813
# n=21 sym=rot2 status=verified source=flammenkamp_cache/n21_rot2
# code=:8I458B26DH1B67HJAFGK0K045A13DE9J37EI9CFG2C
0 8
0 18
1 4
1 5
2 8
2 11
3 2
3 6
4 13
4 17
5 1
5 11
6 6
6 7
7 17
7 19
8 10
8 15
9 16
9 20
10 0
10 20
11 0
11 4
12 5
12 10
13 1
13 3
14 13
14 14
15 9
15 19
16 3
16 7
17 14
17 18
18 9
18 12
19 15
19 16
20 2
20 12

# solution 1814
# n=21 sym=rot2 status=verified source=flammenkamp_cache/n21_rot2
# code=:7B578B6GCG16HI2KAFHJ0K135A0I23EJ484E9CDF9D
0 7
0 11
1 5
1 7
2 8
2 11
3 6
3 16
4 12
4 16
5 1
5 6
6 17
6 18
7 2
7 20
8 10
8 15
9 17
9 19
10 0
10 20
11 1
11 3
12 5
12 10
13 0
13 18
14 2
14 3
15 14
15 19
16 4
16 8
17 4
17 14
18 9
18 12
19 13
19 15
20 9
20 13

# solution 1815
# n=21 sym=rot2 status=verified source=flammenkamp_cache/n21_rot2
# code=:6G459C9C077H1H6IAF1I0K2J5A2E3J3DDK8B8BFG4E
0 6
0 16
1 4
1 5
2 9
2 12
3 9
3 12
4 0
4 7
5 7
5 17
6 1
6 17
7 6
7 18
8 10
8 15
9 1
9 18
10 0
10 20
11 2
11 19
12 5
12 10
13 2
13 14
14 3
14 19
15 3
15 13
16 13
16 20
17 8
17 11
18 8
18 11
19 15
19 16
20 4
20 14

# solution 1816
# n=21 sym=rot2 status=verified source=flammenkamp_cache/n21_rot2
# code=:89EF4739DI681I04AFHJ0K135AGK2JCE27BHDG56BC
0 8
0 9
1 14
1 15
2 4
2 7
3 3
3 9
4 13
4 18
5 6
5 8
6 1
6 18
7 0
7 4
8 10
8 15
9 17
9 19
10 0
10 20
11 1
11 3
12 5
12 10
13 16
13 20
14 2
14 19
15 12
15 14
16 2
16 7
17 11
17 17
18 13
18 16
19 5
19 6
20 11
20 12

# solution 1817
# n=21 sym=rot2 status=verified source=flammenkamp_cache/n21_rot2
# code=:DG48BE28373FFJEI0A190KBJAK26155HDHCI69CG47
0 13
0 16
1 4
1 8
2 11
2 14
3 2
3 8
4 3
4 7
5 3
5 15
6 15
6 19
7 14
7 18
8 0
8 10
9 1
9 9
10 0
10 20
11 11
11 19
12 10
12 20
13 2
13 6
14 1
14 5
15 5
15 17
16 13
16 17
17 12
17 18
18 6
18 9
19 12
19 16
20 4
20 7

# solution 1818
# n=21 sym=rot2 status=verified source=flammenkamp_cache/n21_rot2
# code=:496C6C9H15DI15GK2A7H0K3DAI04FJ27FJ3B8E8EBG
0 4
0 9
1 6
1 12
2 6
2 12
3 9
3 17
4 1
4 5
5 13
5 18
6 1
6 5
7 16
7 20
8 2
8 10
9 7
9 17
10 0
10 20
11 3
11 13
12 10
12 18
13 0
13 4
14 15
14 19
15 2
15 7
16 15
16 19
17 3
17 11
18 8
18 14
19 8
19 14
20 11
20 16

# solution 1819
# n=21 sym=rot2 status=verified source=flammenkamp_cache/n21_rot2
# code=:BG8D160C9F3HEF27AG2J0K1I4ADI563H5B8KEJ7C49
0 11
0 16
1 8
1 13
2 1
2 6
3 0
3 12
4 9
4 15
5 3
5 17
6 14
6 15
7 2
7 7
8 10
8 16
9 2
9 19
10 0
10 20
11 1
11 18
12 4
12 10
13 13
13 18
14 5
14 6
15 3
15 17
16 5
16 11
17 8
17 20
18 14
18 19
19 7
19 12
20 4
20 9

# solution 1820
# n=21 sym=rot2 status=verified source=flammenkamp_cache/n21_rot2
# code=:8E79EG397F1215HIAK480KCG0A23FJIJ5DBH46BD6C
0 8
0 14
1 7
1 9
2 14
2 16
3 3
3 9
4 7
4 15
5 1
5 2
6 1
6 5
7 17
7 18
8 10
8 20
9 4
9 8
10 0
10 20
11 12
11 16
12 0
12 10
13 2
13 3
14 15
14 19
15 18
15 19
16 5
16 13
17 11
17 17
18 4
18 6
19 11
19 13
20 6
20 12

# solution 1821
# n=21 sym=rot2 status=verified source=flammenkamp_cache/n21_rot2
# code=:8E79EG397F1215GHAK8I0K2C0A34FJIJ5DBH46BD6C
0 8
0 14
1 7
1 9
2 14
2 16
3 3
3 9
4 7
4 15
5 1
5 2
6 1
6 5
7 16
7 17
8 10
8 20
9 8
9 18
10 0
10 20
11 2
11 12
12 0
12 10
13 3
13 4
14 15
14 19
15 18
15 19
16 5
16 13
17 11
17 17
18 4
18 6
19 11
19 13
20 6
20 12

# solution 1822
# n=21 sym=rot2 status=verified source=flammenkamp_cache/n21_rot2
# code=:8D9E3C9J25GKFH471A2E0K6IAJDG3504FI1B8H6B7C
0 8
0 13
1 9
1 14
2 3
2 12
3 9
3 19
4 2
4 5
5 16
5 20
6 15
6 17
7 4
7 7
8 1
8 10
9 2
9 14
10 0
10 20
11 6
11 18
12 10
12 19
13 13
13 16
14 3
14 5
15 0
15 4
16 15
16 18
17 1
17 11
18 8
18 17
19 6
19 11
20 7
20 12

# solution 1823
# n=21 sym=rot2 status=verified source=flammenkamp_cache/n21_rot2
# code=:6G69IJ1B7FCK357I4A380KCHAG2DFH085D9J12BE4E
0 6
0 16
1 6
1 9
2 18
2 19
3 1
3 11
4 7
4 15
5 12
5 20
6 3
6 5
7 7
7 18
8 4
8 10
9 3
9 8
10 0
10 20
11 12
11 17
12 10
12 16
13 2
13 13
14 15
14 17
15 0
15 8
16 5
16 13
17 9
17 19
18 1
18 2
19 11
19 14
20 4
20 14

# solution 1824
# n=21 sym=rot2 status=verified source=flammenkamp_cache/n21_rot2
# code=:8BDE1845HI0B3F27AG6J0K1E4ADI5H9K23FGCJ679C
0 8
0 11
1 13
1 14
2 1
2 8
3 4
3 5
4 17
4 18
5 0
5 11
6 3
6 15
7 2
7 7
8 10
8 16
9 6
9 19
10 0
10 20
11 1
11 14
12 4
12 10
13 13
13 18
14 5
14 17
15 9
15 20
16 2
16 3
17 15
17 16
18 12
18 19
19 6
19 7
20 9
20 12

# solution 1825
# n=21 sym=rot2 status=verified source=flammenkamp_cache/n21_rot2
# code=:68491FDH7HCG569I1A0I0K2KAJ2BEF483D375JBGCE
0 6
0 8
1 4
1 9
2 1
2 15
3 13
3 17
4 7
4 17
5 12
5 16
6 5
6 6
7 9
7 18
8 1
8 10
9 0
9 18
10 0
10 20
11 2
11 20
12 10
12 19
13 2
13 11
14 14
14 15
15 4
15 8
16 3
16 13
17 3
17 7
18 5
18 19
19 11
19 16
20 12
20 14

# solution 1826
# n=21 sym=rot2 status=verified source=flammenkamp_cache/n21_rot2
# code=:8I67BF38BD1G5I06AG3J0K1H4AEK2F4J79CH59DE2C
0 8
0 18
1 6
1 7
2 11
2 15
3 3
3 8
4 11
4 13
5 1
5 16
6 5
6 18
7 0
7 6
8 10
8 16
9 3
9 19
10 0
10 20
11 1
11 17
12 4
12 10
13 14
13 20
14 2
14 15
15 4
15 19
16 7
16 9
17 12
17 17
18 5
18 9
19 13
19 14
20 2
20 12

# solution 1827
# n=21 sym=rot2 status=verified source=flammenkamp_cache/n21_rot2
# code=:BD458E6H29DJ5J2GAK380KCH0A4I1F17BI3E6CFG79
0 11
0 13
1 4
1 5
2 8
2 14
3 6
3 17
4 2
4 9
5 13
5 19
6 5
6 19
7 2
7 16
8 10
8 20
9 3
9 8
10 0
10 20
11 12
11 17
12 0
12 10
13 4
13 18
14 1
14 15
15 1
15 7
16 11
16 18
17 3
17 14
18 6
18 12
19 15
19 16
20 7
20 9

# solution 1828
# n=21 sym=rot2 status=verified source=flammenkamp_cache/n21_rot2
# code=:7C7C9E4H1H59FJ2I6A040KGKAE2I15BF3J3G6B8D8D
0 7
0 12
1 7
1 12
2 9
2 14
3 4
3 17
4 1
4 17
5 5
5 9
6 15
6 19
7 2
7 18
8 6
8 10
9 0
9 4
10 0
10 20
11 16
11 20
12 10
12 14
13 2
13 18
14 1
14 5
15 11
15 15
16 3
16 19
17 3
17 16
18 6
18 11
19 8
19 13
20 8
20 13

# solution 1829
# n=21 sym=rot2 status=verified source=flammenkamp_cache/n21_rot2
# code=:7C7C9E4HHJ59FJ2I6A040KGKAE2I15BF133G6B8D8D
0 7
0 12
1 7
1 12
2 9
2 14
3 4
3 17
4 17
4 19
5 5
5 9
6 15
6 19
7 2
7 18
8 6
8 10
9 0
9 4
10 0
10 20
11 16
11 20
12 10
12 14
13 2
13 18
14 1
14 5
15 11
15 15
16 1
16 3
17 3
17 16
18 6
18 11
19 8
19 13
20 8
20 13

# solution 1830
# n=21 sym=rot2 status=verified source=flammenkamp_cache/n21_rot2
# code=:4G7CEH185B016FDI9AHI0K23AB275EJK9FCJ368D4G
0 4
0 16
1 7
1 12
2 14
2 17
3 1
3 8
4 5
4 11
5 0
5 1
6 6
6 15
7 13
7 18
8 9
8 10
9 17
9 18
10 0
10 20
11 2
11 3
12 10
12 11
13 2
13 7
14 5
14 14
15 19
15 20
16 9
16 15
17 12
17 19
18 3
18 6
19 8
19 13
20 4
20 16

# solution 1831
# n=21 sym=rot2 status=verified source=flammenkamp_cache/n21_rot2
# code=:6G9C6G9C5J02FH277AHJ0K13ADDI35IK1F8B4E8B4E
0 6
0 16
1 9
1 12
2 6
2 16
3 9
3 12
4 5
4 19
5 0
5 2
6 15
6 17
7 2
7 7
8 7
8 10
9 17
9 19
10 0
10 20
11 1
11 3
12 10
12 13
13 13
13 18
14 3
14 5
15 18
15 20
16 1
16 15
17 8
17 11
18 4
18 14
19 8
19 11
20 4
20 14

# solution 1832
# n=21 sym=rot2 status=verified source=flammenkamp_cache/n21_rot2
# code=:9EBD4E8I45IKFJ133A8D0K7CAHHJ1502FG2C6G796B
0 9
0 14
1 11
1 13
2 4
2 14
3 8
3 18
4 4
4 5
5 18
5 20
6 15
6 19
7 1
7 3
8 3
8 10
9 8
9 13
10 0
10 20
11 7
11 12
12 10
12 17
13 17
13 19
14 1
14 5
15 0
15 2
16 15
16 16
17 2
17 12
18 6
18 16
19 7
19 9
20 6
20 11

# solution 1833
# n=21 sym=rot2 status=verified source=flammenkamp_cache/n21_rot2
# code=:47CG9CEJ156K3F9D2AHI0K23AI7B5H0EFJ168B48DG
0 4
0 7
1 12
1 16
2 9
2 12
3 14
3 19
4 1
4 5
5 6
5 20
6 3
6 15
7 9
7 13
8 2
8 10
9 17
9 18
10 0
10 20
11 2
11 3
12 10
12 18
13 7
13 11
14 5
14 17
15 0
15 14
16 15
16 19
17 1
17 6
18 8
18 11
19 4
19 8
20 13
20 16

# solution 1834
# n=21 sym=rot2 status=verified source=flammenkamp_cache/n21_rot2
# code=:BC3D6GBG5DEI150I8A130KHJAC2KFJ267F494E7H89
0 11
0 12
1 3
1 13
2 6
2 16
3 11
3 16
4 5
4 13
5 14
5 18
6 1
6 5
7 0
7 18
8 8
8 10
9 1
9 3
10 0
10 20
11 17
11 19
12 10
12 12
13 2
13 20
14 15
14 19
15 2
15 6
16 7
16 15
17 4
17 9
18 4
18 14
19 7
19 17
20 8
20 9

# solution 1835
# n=21 sym=rot2 status=verified source=flammenkamp_cache/n21_rot2
# code=:DG796CEG15015ICIAH390KBH3A282FJKFJ468EBD47
0 13
0 16
1 7
1 9
2 6
2 12
3 14
3 16
4 1
4 5
5 0
5 1
6 5
6 18
7 12
7 18
8 10
8 17
9 3
9 9
10 0
10 20
11 11
11 17
12 3
12 10
13 2
13 8
14 2
14 15
15 19
15 20
16 15
16 19
17 4
17 6
18 8
18 14
19 11
19 13
20 4
20 7

# solution 1836
# n=21 sym=rot2 status=verified source=flammenkamp_cache/n21_rot2
# code=:68483IBD7F6K1F39AJGI0K241ABH5J0E5D792HCGCE
0 6
0 8
1 4
1 8
2 3
2 18
3 11
3 13
4 7
4 15
5 6
5 20
6 1
6 15
7 3
7 9
8 10
8 19
9 16
9 18
10 0
10 20
11 2
11 4
12 1
12 10
13 11
13 17
14 5
14 19
15 0
15 14
16 5
16 13
17 7
17 9
18 2
18 17
19 12
19 16
20 12
20 14

# solution 1837
# n=21 sym=rot2 status=verified source=flammenkamp_cache/n21_rot2
# code=:DG68CE35HI199F147AIK0K02ADGJ5BBJ23FH68CE47
0 13
0 16
1 6
1 8
2 12
2 14
3 3
3 5
4 17
4 18
5 1
5 9
6 9
6 15
7 1
7 4
8 7
8 10
9 18
9 20
10 0
10 20
11 0
11 2
12 10
12 13
13 16
13 19
14 5
14 11
15 11
15 19
16 2
16 3
17 15
17 17
18 6
18 8
19 12
19 14
20 4
20 7

# solution 1838
# n=21 sym=rot2 status=verified source=flammenkamp_cache/n21_rot2
# code=:BD48BE5H08GH6F127A120KIJADIJ5E34CK3F69CG79
0 11
0 13
1 4
1 8
2 11
2 14
3 5
3 17
4 0
4 8
5 16
5 17
6 6
6 15
7 1
7 2
8 7
8 10
9 1
9 2
10 0
10 20
11 18
11 19
12 10
12 13
13 18
13 19
14 5
14 14
15 3
15 4
16 12
16 20
17 3
17 15
18 6
18 9
19 12
19 16
20 7
20 9

# solution 1839
# n=21 sym=rot2 status=verified source=flammenkamp_cache/n21_rot2
# code=:7D24BF8CJK3B5623AEGJ0K146AHIEF9H018C59GI7D
0 7
0 13
1 2
1 4
2 11
2 15
3 8
3 12
4 19
4 20
5 3
5 11
6 5
6 6
7 2
7 3
8 10
8 14
9 16
9 19
10 0
10 20
11 1
11 4
12 6
12 10
13 17
13 18
14 14
14 15
15 9
15 17
16 0
16 1
17 8
17 12
18 5
18 9
19 16
19 18
20 7
20 13

# solution 1840
# n=21 sym=rot2 status=verified source=flammenkamp_cache/n21_rot2
# code=:7B5B683ICJ7JFH240A460KEGAKGI351D182HCE9F9D
0 7
0 11
1 5
1 11
2 6
2 8
3 3
3 18
4 12
4 19
5 7
5 19
6 15
6 17
7 2
7 4
8 0
8 10
9 4
9 6
10 0
10 20
11 14
11 16
12 10
12 20
13 16
13 18
14 3
14 5
15 1
15 13
16 1
16 8
17 2
17 17
18 12
18 14
19 9
19 15
20 9
20 13

# solution 1841
# n=21 sym=rot2 status=verified source=flammenkamp_cache/n21_rot2
# code=:BE58EG7B7G2K1F12AH380KCH3AIJ5J0I4D9D46CF69
0 11
0 14
1 5
1 8
2 14
2 16
3 7
3 11
4 7
4 16
5 2
5 20
6 1
6 15
7 1
7 2
8 10
8 17
9 3
9 8
10 0
10 20
11 12
11 17
12 3
12 10
13 18
13 19
14 5
14 19
15 0
15 18
16 4
16 13
17 9
17 13
18 4
18 6
19 12
19 15
20 6
20 9

# solution 1842
# n=21 sym=rot2 status=verified source=flammenkamp_cache/n21_rot2
# code=:BE58EG7B7GIK1F12AH380KCH3AIJ5J024D9D46CF69
0 11
0 14
1 5
1 8
2 14
2 16
3 7
3 11
4 7
4 16
5 18
5 20
6 1
6 15
7 1
7 2
8 10
8 17
9 3
9 8
10 0
10 20
11 12
11 17
12 3
12 10
13 18
13 19
14 5
14 19
15 0
15 2
16 4
16 13
17 9
17 13
18 4
18 6
19 12
19 15
20 6
20 9

# solution 1843
# n=21 sym=rot2 status=verified source=flammenkamp_cache/n21_rot2
# code=:9D8FCE4I341D9F136A2K0K0IAEHJ5B7JGH2G685C7B
0 9
0 13
1 8
1 15
2 12
2 14
3 4
3 18
4 3
4 4
5 1
5 13
6 9
6 15
7 1
7 3
8 6
8 10
9 2
9 20
10 0
10 20
11 0
11 18
12 10
12 14
13 17
13 19
14 5
14 11
15 7
15 19
16 16
16 17
17 2
17 16
18 6
18 8
19 5
19 12
20 7
20 11

# solution 1844
# n=21 sym=rot2 status=verified source=flammenkamp_cache/n21_rot2
# code=:9H5736CD2CGI5J4EAK190KBJ0A6G1F248I78EHDF3B
0 9
0 17
1 5
1 7
2 3
2 6
3 12
3 13
4 2
4 12
5 16
5 18
6 5
6 19
7 4
7 14
8 10
8 20
9 1
9 9
10 0
10 20
11 11
11 19
12 0
12 10
13 6
13 16
14 1
14 15
15 2
15 4
16 8
16 18
17 7
17 8
18 14
18 17
19 13
19 15
20 3
20 11

# solution 1845
# n=21 sym=rot2 status=verified source=flammenkamp_cache/n21_rot2
# code=:7BBF683ICJ17FH240A460KEGAKGI35DJ182HCE599D
0 7
0 11
1 11
1 15
2 6
2 8
3 3
3 18
4 12
4 19
5 1
5 7
6 15
6 17
7 2
7 4
8 0
8 10
9 4
9 6
10 0
10 20
11 14
11 16
12 10
12 20
13 16
13 18
14 3
14 5
15 13
15 19
16 1
16 8
17 2
17 17
18 12
18 14
19 5
19 9
20 9
20 13

# solution 1846
# n=21 sym=rot2 status=verified source=flammenkamp_cache/n21_rot2
# code=:9BFJ6C3JCH277F4I0A4E0K6GAK2G5DDI381H8E159B
0 9
0 11
1 15
1 19
2 6
2 12
3 3
3 19
4 12
4 17
5 2
5 7
6 7
6 15
7 4
7 18
8 0
8 10
9 4
9 14
10 0
10 20
11 6
11 16
12 10
12 20
13 2
13 16
14 5
14 13
15 13
15 18
16 3
16 8
17 1
17 17
18 8
18 14
19 1
19 5
20 9
20 11

# solution 1847
# n=21 sym=rot2 status=verified source=flammenkamp_cache/n21_rot2
# code=:5C369I341J9DDF8K4A6I0K2EAG0C577B1JGH2BEH8F
0 5
0 12
1 3
1 6
2 9
2 18
3 3
3 4
4 1
4 19
5 9
5 13
6 13
6 15
7 8
7 20
8 4
8 10
9 6
9 18
10 0
10 20
11 2
11 14
12 10
12 16
13 0
13 12
14 5
14 7
15 7
15 11
16 1
16 19
17 16
17 17
18 2
18 11
19 14
19 17
20 8
20 15

# solution 1848
# n=21 sym=rot2 status=verified source=flammenkamp_cache/n21_rot2
# code=:5D9GBE348I13DF8I0AEJ0K16AK2C57HJ2CGH694B7F
0 5
0 13
1 9
1 16
2 11
2 14
3 3
3 4
4 8
4 18
5 1
5 3
6 13
6 15
7 8
7 18
8 0
8 10
9 14
9 19
10 0
10 20
11 1
11 6
12 10
12 20
13 2
13 12
14 5
14 7
15 17
15 19
16 2
16 12
17 16
17 17
18 6
18 9
19 4
19 11
20 7
20 15

# solution 1849
# n=21 sym=rot2 status=verified source=flammenkamp_cache/n21_rot2
# code=:FH4836IJ8BBI1F7D6A040KGKAE7D5J299C12EHCG35
0 15
0 17
1 4
1 8
2 3
2 6
3 18
3 19
4 8
4 11
5 11
5 18
6 1
6 15
7 7
7 13
8 6
8 10
9 0
9 4
10 0
10 20
11 16
11 20
12 10
12 14
13 7
13 13
14 5
14 19
15 2
15 9
16 9
16 12
17 1
17 2
18 14
18 17
19 12
19 16
20 3
20 5

# solution 1850
# n=21 sym=rot2 status=verified source=flammenkamp_cache/n21_rot2
# code=:48BD6H2C1F5HBE04AJ270KDI1AGK693F5J8I3E79CG
0 4
0 8
1 11
1 13
2 6
2 17
3 2
3 12
4 1
4 15
5 5
5 17
6 11
6 14
7 0
7 4
8 10
8 19
9 2
9 7
10 0
10 20
11 13
11 18
12 1
12 10
13 16
13 20
14 6
14 9
15 3
15 15
16 5
16 19
17 8
17 18
18 3
18 14
19 7
19 9
20 12
20 16

# solution 1851
# n=21 sym=rot2 status=verified source=flammenkamp_cache/n21_rot2
# code=:69CG9H45DH25EJ280ADJ0K17AKCI16FI37FG3B48BE
0 6
0 9
1 12
1 16
2 9
2 17
3 4
3 5
4 13
4 17
5 2
5 5
6 14
6 19
7 2
7 8
8 0
8 10
9 13
9 19
10 0
10 20
11 1
11 7
12 10
12 20
13 12
13 18
14 1
14 6
15 15
15 18
16 3
16 7
17 15
17 16
18 3
18 11
19 4
19 8
20 11
20 14

# solution 1852
# n=21 sym=rot2 status=verified source=flammenkamp_cache/n21_rot2
# code=:9ECG9H45DH25EJ280ADJ0K17AKCI16FI37FG3B486B
0 9
0 14
1 12
1 16
2 9
2 17
3 4
3 5
4 13
4 17
5 2
5 5
6 14
6 19
7 2
7 8
8 0
8 10
9 13
9 19
10 0
10 20
11 1
11 7
12 10
12 20
13 12
13 18
14 1
14 6
15 15
15 18
16 3
16 7
17 15
17 16
18 3
18 11
19 4
19 8
20 6
20 11

# solution 1853
# n=21 sym=rot2 status=verified source=flammenkamp_cache/n21_rot2
# code=:7EBC5E2IBH153JDG4A080KCKAG471HFJ392I6F896D
0 7
0 14
1 11
1 12
2 5
2 14
3 2
3 18
4 11
4 17
5 1
5 5
6 3
6 19
7 13
7 16
8 4
8 10
9 0
9 8
10 0
10 20
11 12
11 20
12 10
12 16
13 4
13 7
14 1
14 17
15 15
15 19
16 3
16 9
17 2
17 18
18 6
18 15
19 8
19 9
20 6
20 13

# solution 1854
# n=21 sym=rot2 status=verified source=flammenkamp_cache/n21_rot2
# code=:67CFBD8H1H5I1G9GAK260KEI0A4B4J2F3J3C7958DE
0 6
0 7
1 12
1 15
2 11
2 13
3 8
3 17
4 1
4 17
5 5
5 18
6 1
6 16
7 9
7 16
8 10
8 20
9 2
9 6
10 0
10 20
11 14
11 18
12 0
12 10
13 4
13 11
14 4
14 19
15 2
15 15
16 3
16 19
17 3
17 12
18 7
18 9
19 5
19 8
20 13
20 14

# solution 1855
# n=21 sym=rot2 status=verified source=flammenkamp_cache/n21_rot2
# code=:CE7F391EHK5812DI9A4G0K4GAB27IJCF036JBH5D68
0 12
0 14
1 7
1 15
2 3
2 9
3 1
3 14
4 17
4 20
5 5
5 8
6 1
6 2
7 13
7 18
8 9
8 10
9 4
9 16
10 0
10 20
11 4
11 16
12 10
12 11
13 2
13 7
14 18
14 19
15 12
15 15
16 0
16 3
17 6
17 19
18 11
18 17
19 5
19 13
20 6
20 8

# solution 1856
# n=21 sym=rot2 status=verified source=flammenkamp_cache/n21_rot2
# code=:8B8G6GHI5F6B1J07AH7I0K2D3ADK1J9E5F234E4C9C
0 8
0 11
1 8
1 16
2 6
2 16
3 17
3 18
4 5
4 15
5 6
5 11
6 1
6 19
7 0
7 7
8 10
8 17
9 7
9 18
10 0
10 20
11 2
11 13
12 3
12 10
13 13
13 20
14 1
14 19
15 9
15 14
16 5
16 15
17 2
17 3
18 4
18 14
19 4
19 12
20 9
20 12

# solution 1857
# n=21 sym=rot2 status=verified source=flammenkamp_cache/n21_rot2
# code=:9C7D462H5F9J1H4K8A260KEIAC0G3J1B5F3IEG7D8B
0 9
0 12
1 7
1 13
2 4
2 6
3 2
3 17
4 5
4 15
5 9
5 19
6 1
6 17
7 4
7 20
8 8
8 10
9 2
9 6
10 0
10 20
11 14
11 18
12 10
12 12
13 0
13 16
14 3
14 19
15 1
15 11
16 5
16 15
17 3
17 18
18 14
18 16
19 7
19 13
20 8
20 11

# solution 1858
# n=21 sym=rot2 status=verified source=flammenkamp_cache/n21_rot2
# code=:8B8G6GHI5F6B1J7KAH7I0K2D3A0D1J9E5F234E4C9C
0 8
0 11
1 8
1 16
2 6
2 16
3 17
3 18
4 5
4 15
5 6
5 11
6 1
6 19
7 7
7 20
8 10
8 17
9 7
9 18
10 0
10 20
11 2
11 13
12 3
12 10
13 0
13 13
14 1
14 19
15 9
15 14
16 5
16 15
17 2
17 3
18 4
18 14
19 4
19 12
20 9
20 12

# solution 1859
# n=21 sym=rot2 status=verified source=flammenkamp_cache/n21_rot2
# code=:387C127B5F1B3GGK6A2E0K6IAE044H9J5F9DIJ8DCH
0 3
0 8
1 7
1 12
2 1
2 2
3 7
3 11
4 5
4 15
5 1
5 11
6 3
6 16
7 16
7 20
8 6
8 10
9 2
9 14
10 0
10 20
11 6
11 18
12 10
12 14
13 0
13 4
14 4
14 17
15 9
15 19
16 5
16 15
17 9
17 13
18 18
18 19
19 8
19 13
20 12
20 17

# solution 1860
# n=21 sym=rot2 status=verified source=flammenkamp_cache/n21_rot2
# code=:9C7D462H5F9J1H048A260KEIACGK3J1B5F3IEG7D8B
0 9
0 12
1 7
1 13
2 4
2 6
3 2
3 17
4 5
4 15
5 9
5 19
6 1
6 17
7 0
7 4
8 8
8 10
9 2
9 6
10 0
10 20
11 14
11 18
12 10
12 12
13 16
13 20
14 3
14 19
15 1
15 11
16 5
16 15
17 3
17 18
18 14
18 16
19 7
19 13
20 8
20 11

# solution 1861
# n=21 sym=rot2 status=verified source=flammenkamp_cache/n21_rot2
# code=:4C9B1H565K8E2J7D3A240KGIAH7D1I6C0FEF3J9B8G
0 4
0 12
1 9
1 11
2 1
2 17
3 5
3 6
4 5
4 20
5 8
5 14
6 2
6 19
7 7
7 13
8 3
8 10
9 2
9 4
10 0
10 20
11 16
11 18
12 10
12 17
13 7
13 13
14 1
14 18
15 6
15 12
16 0
16 15
17 14
17 15
18 3
18 19
19 9
19 11
20 8
20 16

# solution 1862
# n=21 sym=rot2 status=verified source=flammenkamp_cache/n21_rot2
# code=:8ECG7B457F02EI3J1A390KBHAJ1H26IK5DFG9D486C
0 8
0 14
1 12
1 16
2 7
2 11
3 4
3 5
4 7
4 15
5 0
5 2
6 14
6 18
7 3
7 19
8 1
8 10
9 3
9 9
10 0
10 20
11 11
11 17
12 10
12 19
13 1
13 17
14 2
14 6
15 18
15 20
16 5
16 13
17 15
17 16
18 9
18 13
19 4
19 8
20 6
20 12

# solution 1863
# n=21 sym=rot2 status=verified source=flammenkamp_cache/n21_rot2
# code=:CE4759CI5HDJ461H9AIK0K02AB3JEG173F28BFDG68
0 12
0 14
1 4
1 7
2 5
2 9
3 12
3 18
4 5
4 17
5 13
5 19
6 4
6 6
7 1
7 17
8 9
8 10
9 18
9 20
10 0
10 20
11 0
11 2
12 10
12 11
13 3
13 19
14 14
14 16
15 1
15 7
16 3
16 15
17 2
17 8
18 11
18 15
19 13
19 16
20 6
20 8

# solution 1864
# n=21 sym=rot2 status=verified source=flammenkamp_cache/n21_rot2
# code=:CG7D59CH5H2J461I9AEK0K06AB2JEG1I3F38BF7D48
0 12
0 16
1 7
1 13
2 5
2 9
3 12
3 17
4 5
4 17
5 2
5 19
6 4
6 6
7 1
7 18
8 9
8 10
9 14
9 20
10 0
10 20
11 0
11 6
12 10
12 11
13 2
13 19
14 14
14 16
15 1
15 18
16 3
16 15
17 3
17 8
18 11
18 15
19 7
19 13
20 4
20 8

# solution 1865
# n=21 sym=rot2 status=verified source=flammenkamp_cache/n21_rot2
# code=:378EFI28DFBG346JAK9J0K1B0A1EGH4957CI256CDH
0 3
0 7
1 8
1 14
2 15
2 18
3 2
3 8
4 13
4 15
5 11
5 16
6 3
6 4
7 6
7 19
8 10
8 20
9 9
9 19
10 0
10 20
11 1
11 11
12 0
12 10
13 1
13 14
14 16
14 17
15 4
15 9
16 5
16 7
17 12
17 18
18 2
18 5
19 6
19 12
20 13
20 17

# solution 1866
# n=21 sym=rot2 status=verified source=flammenkamp_cache/n21_rot2
# code=:9E6915CG5K382H7DAJ2G0K4I1A7D3ICH0F48FJBE6B
0 9
0 14
1 6
1 9
2 1
2 5
3 12
3 16
4 5
4 20
5 3
5 8
6 2
6 17
7 7
7 13
8 10
8 19
9 2
9 16
10 0
10 20
11 4
11 18
12 1
12 10
13 7
13 13
14 3
14 18
15 12
15 17
16 0
16 15
17 4
17 8
18 15
18 19
19 11
19 14
20 6
20 11

# solution 1867
# n=21 sym=rot2 status=verified source=flammenkamp_cache/n21_rot2
# code=:CJ9D054C9F4JEH27AE230KHI6ADI361G5B8GFK7B18
0 12
0 19
1 9
1 13
2 0
2 5
3 4
3 12
4 9
4 15
5 4
5 19
6 14
6 17
7 2
7 7
8 10
8 14
9 2
9 3
10 0
10 20
11 17
11 18
12 6
12 10
13 13
13 18
14 3
14 6
15 1
15 16
16 5
16 11
17 8
17 16
18 15
18 20
19 7
19 11
20 1
20 8

# solution 1868
# n=21 sym=rot2 status=verified source=flammenkamp_cache/n21_rot2
# code=:7C46FK8B5DEJ23192AGH0K34AIBJHI167F9C05EG8D
0 7
0 12
1 4
1 6
2 15
2 20
3 8
3 11
4 5
4 13
5 14
5 19
6 2
6 3
7 1
7 9
8 2
8 10
9 16
9 17
10 0
10 20
11 3
11 4
12 10
12 18
13 11
13 19
14 17
14 18
15 1
15 6
16 7
16 15
17 9
17 12
18 0
18 5
19 14
19 16
20 8
20 13

# solution 1869
# n=21 sym=rot2 status=verified source=flammenkamp_cache/n21_rot2
# code=:4J459DCJ598EEH2H0A270KDIAK3I366CBF187BFG1G
0 4
0 19
1 4
1 5
2 9
2 13
3 12
3 19
4 5
4 9
5 8
5 14
6 14
6 17
7 2
7 17
8 0
8 10
9 2
9 7
10 0
10 20
11 13
11 18
12 10
12 20
13 3
13 18
14 3
14 6
15 6
15 12
16 11
16 15
17 1
17 8
18 7
18 11
19 15
19 16
20 1
20 16

# solution 1870
# n=21 sym=rot2 status=verified source=flammenkamp_cache/n21_rot2
# code=:679FDH3C5GEI1G9J0A280KCIAK1B4J264F8H375BDE
0 6
0 7
1 9
1 15
2 13
2 17
3 3
3 12
4 5
4 16
5 14
5 18
6 1
6 16
7 9
7 19
8 0
8 10
9 2
9 8
10 0
10 20
11 12
11 18
12 10
12 20
13 1
13 11
14 4
14 19
15 2
15 6
16 4
16 15
17 8
17 17
18 3
18 7
19 5
19 11
20 13
20 14

# solution 1871
# n=21 sym=rot2 status=verified source=flammenkamp_cache/n21_rot2
# code=:BC4F2G7C15EI7H9E0AHJ0K13AK6B3D26FJ8D4I5G89
0 11
0 12
1 4
1 15
2 2
2 16
3 7
3 12
4 1
4 5
5 14
5 18
6 7
6 17
7 9
7 14
8 0
8 10
9 17
9 19
10 0
10 20
11 1
11 3
12 10
12 20
13 6
13 11
14 3
14 13
15 2
15 6
16 15
16 19
17 8
17 13
18 4
18 18
19 5
19 16
20 8
20 9

# solution 1872
# n=21 sym=rot2 status=verified source=flammenkamp_cache/n21_rot2
# code=:18453EBEBF231DGK8ADI0K27AC047JHI59696HFGCJ
0 1
0 8
1 4
1 5
2 3
2 14
3 11
3 14
4 11
4 15
5 2
5 3
6 1
6 13
7 16
7 20
8 8
8 10
9 13
9 18
10 0
10 20
11 2
11 7
12 10
12 12
13 0
13 4
14 7
14 19
15 17
15 18
16 5
16 9
17 6
17 9
18 6
18 17
19 15
19 16
20 12
20 19

# solution 1873
# n=21 sym=rot2 status=verified source=flammenkamp_cache/n21_rot2
# code=:7C6F1G8B5DEK23192AGH0K34AIBJHI067F9C4J5E8D
0 7
0 12
1 6
1 15
2 1
2 16
3 8
3 11
4 5
4 13
5 14
5 20
6 2
6 3
7 1
7 9
8 2
8 10
9 16
9 17
10 0
10 20
11 3
11 4
12 10
12 18
13 11
13 19
14 17
14 18
15 0
15 6
16 7
16 15
17 9
17 12
18 4
18 19
19 5
19 14
20 8
20 13

# solution 1874
# n=21 sym=rot2 status=verified source=flammenkamp_cache/n21_rot2
# code=:7C5806EGDF249I1HAH190KBJ3A3J2BGI5746EKCF8D
0 7
0 12
1 5
1 8
2 0
2 6
3 14
3 16
4 13
4 15
5 2
5 4
6 9
6 18
7 1
7 17
8 10
8 17
9 1
9 9
10 0
10 20
11 11
11 19
12 3
12 10
13 3
13 19
14 2
14 11
15 16
15 18
16 5
16 7
17 4
17 6
18 14
18 20
19 12
19 15
20 8
20 13

# solution 1875
# n=21 sym=rot2 status=verified source=flammenkamp_cache/n21_rot2
# code=:8B8K1E45FIBI3J7D3A460KEGAH7D1H2925FG6J0C9C
0 8
0 11
1 8
1 20
2 1
2 14
3 4
3 5
4 15
4 18
5 11
5 18
6 3
6 19
7 7
7 13
8 3
8 10
9 4
9 6
10 0
10 20
11 14
11 16
12 10
12 17
13 7
13 13
14 1
14 17
15 2
15 9
16 2
16 5
17 15
17 16
18 6
18 19
19 0
19 12
20 9
20 12

# solution 1876
# n=21 sym=rot2 status=verified source=flammenkamp_cache/n21_rot2
# code=:6B8K3BFHDF2C1624AG170KDJ4AGIEJ8I57359H0C9E
0 6
0 11
1 8
1 20
2 3
2 11
3 15
3 17
4 13
4 15
5 2
5 12
6 1
6 6
7 2
7 4
8 10
8 16
9 1
9 7
10 0
10 20
11 13
11 19
12 4
12 10
13 16
13 18
14 14
14 19
15 8
15 18
16 5
16 7
17 3
17 5
18 9
18 17
19 0
19 12
20 9
20 14

# solution 1877
# n=21 sym=rot2 status=verified source=flammenkamp_cache/n21_rot2
# code=:CG8B5E6JFH392J7D2AGK0K04AI7D1IBH351E6F9C48
0 12
0 16
1 8
1 11
2 5
2 14
3 6
3 19
4 15
4 17
5 3
5 9
6 2
6 19
7 7
7 13
8 2
8 10
9 16
9 20
10 0
10 20
11 0
11 4
12 10
12 18
13 7
13 13
14 1
14 18
15 11
15 17
16 3
16 5
17 1
17 14
18 6
18 15
19 9
19 12
20 4
20 8

# solution 1878
# n=21 sym=rot2 status=verified source=flammenkamp_cache/n21_rot2
# code=:7D8B45EIFG163I1B0A380KCHAK9J2HEJ4526FG9C7D
0 7
0 13
1 8
1 11
2 4
2 5
3 14
3 18
4 15
4 16
5 1
5 6
6 3
6 18
7 1
7 11
8 0
8 10
9 3
9 8
10 0
10 20
11 12
11 17
12 10
12 20
13 9
13 19
14 2
14 17
15 14
15 19
16 4
16 5
17 2
17 6
18 15
18 16
19 9
19 12
20 7
20 13

# solution 1879
# n=21 sym=rot2 status=verified source=flammenkamp_cache/n21_rot2
# code=:9G9C5G2C5K27EH7J3AEJ0K16AH1D36DI0F8I4F8B4B
0 9
0 16
1 9
1 12
2 5
2 16
3 2
3 12
4 5
4 20
5 2
5 7
6 14
6 17
7 7
7 19
8 3
8 10
9 14
9 19
10 0
10 20
11 1
11 6
12 10
12 17
13 1
13 13
14 3
14 6
15 13
15 18
16 0
16 15
17 8
17 18
18 4
18 15
19 8
19 11
20 4
20 11

# solution 1880
# n=21 sym=rot2 status=verified source=flammenkamp_cache/n21_rot2
# code=:CG6935CG597J2H7JAE020KIK6A1D3I1DBF48FHBE48
0 12
0 16
1 6
1 9
2 3
2 5
3 12
3 16
4 5
4 9
5 7
5 19
6 2
6 17
7 7
7 19
8 10
8 14
9 0
9 2
10 0
10 20
11 18
11 20
12 6
12 10
13 1
13 13
14 3
14 18
15 1
15 13
16 11
16 15
17 4
17 8
18 15
18 17
19 11
19 14
20 4
20 8

# solution 1881
# n=21 sym=rot2 status=verified source=flammenkamp_cache/n21_rot2
# code=:CG6J35CG59792H7EAJ020KIK1A6D3IBDBF48FH1E48
0 12
0 16
1 6
1 19
2 3
2 5
3 12
3 16
4 5
4 9
5 7
5 9
6 2
6 17
7 7
7 14
8 10
8 19
9 0
9 2
10 0
10 20
11 18
11 20
12 1
12 10
13 6
13 13
14 3
14 18
15 11
15 13
16 11
16 15
17 4
17 8
18 15
18 17
19 1
19 14
20 4
20 8

# solution 1882
# n=21 sym=rot2 status=verified source=flammenkamp_cache/n21_rot2
# code=:CG6935CG597J2H7EAJ020KIK1A6D3I1DBF48FHBE48
0 12
0 16
1 6
1 9
2 3
2 5
3 12
3 16
4 5
4 9
5 7
5 19
6 2
6 17
7 7
7 14
8 10
8 19
9 0
9 2
10 0
10 20
11 18
11 20
12 1
12 10
13 6
13 13
14 3
14 18
15 1
15 13
16 11
16 15
17 4
17 8
18 15
18 17
19 11
19 14
20 4
20 8

# solution 1883
# n=21 sym=rot2 status=verified source=flammenkamp_cache/n21_rot2
# code=:685B3BEGFJ7JCI237A0G0K4KADHI281D15469H9FCE
0 6
0 8
1 5
1 11
2 3
2 11
3 14
3 16
4 15
4 19
5 7
5 19
6 12
6 18
7 2
7 3
8 7
8 10
9 0
9 16
10 0
10 20
11 4
11 20
12 10
12 13
13 17
13 18
14 2
14 8
15 1
15 13
16 1
16 5
17 4
17 6
18 9
18 17
19 9
19 15
20 12
20 14

# solution 1884
# n=21 sym=rot2 status=verified source=flammenkamp_cache/n21_rot2
# code=:CE3589341FDE12DK9A240KGIAB07IJ675JGHBCFH68
0 12
0 14
1 3
1 5
2 8
2 9
3 3
3 4
4 1
4 15
5 13
5 14
6 1
6 2
7 13
7 20
8 9
8 10
9 2
9 4
10 0
10 20
11 16
11 18
12 10
12 11
13 0
13 7
14 18
14 19
15 6
15 7
16 5
16 19
17 16
17 17
18 11
18 12
19 15
19 17
20 6
20 8

# solution 1885
# n=21 sym=rot2 status=verified source=flammenkamp_cache/n21_rot2
# code=:CE358934FJDE12DK9A240KGIAB07IJ6715GHBCFH68
0 12
0 14
1 3
1 5
2 8
2 9
3 3
3 4
4 15
4 19
5 13
5 14
6 1
6 2
7 13
7 20
8 9
8 10
9 2
9 4
10 0
10 20
11 16
11 18
12 10
12 11
13 0
13 7
14 18
14 19
15 6
15 7
16 1
16 5
17 16
17 17
18 11
18 12
19 15
19 17
20 6
20 8

# solution 1886
# n=21 sym=rot2 status=verified source=flammenkamp_cache/n21_rot2
# code=:9C4F198I5G0I6H3EAJ7D0K7D1A6H3E2K4F2CBJ5G8B
0 9
0 12
1 4
1 15
2 1
2 9
3 8
3 18
4 5
4 16
5 0
5 18
6 6
6 17
7 3
7 14
8 10
8 19
9 7
9 13
10 0
10 20
11 7
11 13
12 1
12 10
13 6
13 17
14 3
14 14
15 2
15 20
16 4
16 15
17 2
17 12
18 11
18 19
19 5
19 16
20 8
20 11

# solution 1887
# n=21 sym=rot2 status=verified source=flammenkamp_cache/n21_rot2
# code=:685H6I0CFH2B1B7G1A7G0K4DAJ4D9J9I358K2E3FCE
0 6
0 8
1 5
1 17
2 6
2 18
3 0
3 12
4 15
4 17
5 2
5 11
6 1
6 11
7 7
7 16
8 1
8 10
9 7
9 16
10 0
10 20
11 4
11 13
12 10
12 19
13 4
13 13
14 9
14 19
15 9
15 18
16 3
16 5
17 8
17 20
18 2
18 14
19 3
19 15
20 12
20 14

# solution 1888
# n=21 sym=rot2 status=verified source=flammenkamp_cache/n21_rot2
# code=:9B57462C5HDI1H048A160KEJACGK3J273F8IEGDF9B
0 9
0 11
1 5
1 7
2 4
2 6
3 2
3 12
4 5
4 17
5 13
5 18
6 1
6 17
7 0
7 4
8 8
8 10
9 1
9 6
10 0
10 20
11 14
11 19
12 10
12 12
13 16
13 20
14 3
14 19
15 2
15 7
16 3
16 15
17 8
17 18
18 14
18 16
19 13
19 15
20 9
20 11

# solution 1889
# n=21 sym=rot2 status=verified source=flammenkamp_cache/n21_rot2
# code=:5B8EEJ48FJ349I7D0AHI0K23AK7D2BGH15CG166C9F
0 5
0 11
1 8
1 14
2 14
2 19
3 4
3 8
4 15
4 19
5 3
5 4
6 9
6 18
7 7
7 13
8 0
8 10
9 17
9 18
10 0
10 20
11 2
11 3
12 10
12 20
13 7
13 13
14 2
14 11
15 16
15 17
16 1
16 5
17 12
17 16
18 1
18 6
19 6
19 12
20 9
20 15

# solution 1890
# n=21 sym=rot2 status=verified source=flammenkamp_cache/n21_rot2
# code=:9J573C9F3C2IEJ47AK4E0K6G0ADG162I8H5B8HDF1B
0 9
0 19
1 5
1 7
2 3
2 12
3 9
3 15
4 3
4 12
5 2
5 18
6 14
6 19
7 4
7 7
8 10
8 20
9 4
9 14
10 0
10 20
11 6
11 16
12 0
12 10
13 13
13 16
14 1
14 6
15 2
15 18
16 8
16 17
17 5
17 11
18 8
18 17
19 13
19 15
20 1
20 11

# solution 1891
# n=21 sym=rot2 status=verified source=flammenkamp_cache/n21_rot2
# code=:69CF9J45DH2I3E784AJK0K01AGCD6H2I37FG1B58BE
0 6
0 9
1 12
1 15
2 9
2 19
3 4
3 5
4 13
4 17
5 2
5 18
6 3
6 14
7 7
7 8
8 4
8 10
9 19
9 20
10 0
10 20
11 0
11 1
12 10
12 16
13 12
13 13
14 6
14 17
15 2
15 18
16 3
16 7
17 15
17 16
18 1
18 11
19 5
19 8
20 11
20 14

# solution 1892
# n=21 sym=rot2 status=verified source=flammenkamp_cache/n21_rot2
# code=:9ECF9J45DH2I3E784AJK0K01AGCD6H2I37FG1B586B
0 9
0 14
1 12
1 15
2 9
2 19
3 4
3 5
4 13
4 17
5 2
5 18
6 3
6 14
7 7
7 8
8 4
8 10
9 19
9 20
10 0
10 20
11 0
11 1
12 10
12 16
13 12
13 13
14 6
14 17
15 2
15 18
16 3
16 7
17 15
17 16
18 1
18 11
19 5
19 8
20 6
20 11

# solution 1893
# n=21 sym=rot2 status=verified source=flammenkamp_cache/n21_rot2
# code=:4ECFBE5IBH1D3JDG0A280KCIAK471H7J392F69586G
0 4
0 14
1 12
1 15
2 11
2 14
3 5
3 18
4 11
4 17
5 1
5 13
6 3
6 19
7 13
7 16
8 0
8 10
9 2
9 8
10 0
10 20
11 12
11 18
12 10
12 20
13 4
13 7
14 1
14 17
15 7
15 19
16 3
16 9
17 2
17 15
18 6
18 9
19 5
19 8
20 6
20 16

# solution 1894
# n=21 sym=rot2 status=verified source=flammenkamp_cache/n21_rot2
# code=:5JCE7E5B1429DG38AK3I0K2H0ACH47BIGJ9F6D681F
0 5
0 19
1 12
1 14
2 7
2 14
3 5
3 11
4 1
4 4
5 2
5 9
6 13
6 16
7 3
7 8
8 10
8 20
9 3
9 18
10 0
10 20
11 2
11 17
12 0
12 10
13 12
13 17
14 4
14 7
15 11
15 18
16 16
16 19
17 9
17 15
18 6
18 13
19 6
19 8
20 1
20 15

# solution 1895
# n=21 sym=rot2 status=verified source=flammenkamp_cache/n21_rot2
# code=:8K5717BF13BC36GI6AGI0K24AE24EH89HJ59DJDF0C
0 8
0 20
1 5
1 7
2 1
2 7
3 11
3 15
4 1
4 3
5 11
5 12
6 3
6 6
7 16
7 18
8 6
8 10
9 16
9 18
10 0
10 20
11 2
11 4
12 10
12 14
13 2
13 4
14 14
14 17
15 8
15 9
16 17
16 19
17 5
17 9
18 13
18 19
19 13
19 15
20 0
20 12

# solution 1896
# n=21 sym=rot2 status=verified source=flammenkamp_cache/n21_rot2
# code=:8K5717BF1HBC36GI6AGI0K24AE24EH893J59DJDF0C
0 8
0 20
1 5
1 7
2 1
2 7
3 11
3 15
4 1
4 17
5 11
5 12
6 3
6 6
7 16
7 18
8 6
8 10
9 16
9 18
10 0
10 20
11 2
11 4
12 10
12 14
13 2
13 4
14 14
14 17
15 8
15 9
16 3
16 19
17 5
17 9
18 13
18 19
19 13
19 15
20 0
20 12

# solution 1897
# n=21 sym=rot2 status=verified source=flammenkamp_cache/n21_rot2
# code=:9D5GCI591J6H3D6I8AGK0K04AC2E7H3E1JBF284F7B
0 9
0 13
1 5
1 16
2 12
2 18
3 5
3 9
4 1
4 19
5 6
5 17
6 3
6 13
7 6
7 18
8 8
8 10
9 16
9 20
10 0
10 20
11 0
11 4
12 10
12 12
13 2
13 14
14 7
14 17
15 3
15 14
16 1
16 19
17 11
17 15
18 2
18 8
19 4
19 15
20 7
20 11

# solution 1898
# n=21 sym=rot2 status=verified source=flammenkamp_cache/n21_rot2
# code=:8K7F17BF13BC36GI6AGI0K24AE24EH89HJ59DJ5D0C
0 8
0 20
1 7
1 15
2 1
2 7
3 11
3 15
4 1
4 3
5 11
5 12
6 3
6 6
7 16
7 18
8 6
8 10
9 16
9 18
10 0
10 20
11 2
11 4
12 10
12 14
13 2
13 4
14 14
14 17
15 8
15 9
16 17
16 19
17 5
17 9
18 13
18 19
19 5
19 13
20 0
20 12

# solution 1899
# n=21 sym=rot2 status=verified source=flammenkamp_cache/n21_rot2
# code=:8K7F17BF1HBC36GI6AGI0K24AE24EH893J59DJ5D0C
0 8
0 20
1 7
1 15
2 1
2 7
3 11
3 15
4 1
4 17
5 11
5 12
6 3
6 6
7 16
7 18
8 6
8 10
9 16
9 18
10 0
10 20
11 2
11 4
12 10
12 14
13 2
13 4
14 14
14 17
15 8
15 9
16 3
16 19
17 5
17 9
18 13
18 19
19 5
19 13
20 0
20 12

# solution 1900
# n=21 sym=rot2 status=verified source=flammenkamp_cache/n21_rot2
# code=:8B5C5EBI037J36GJ7AGI0K24AD14EH1DHK296F8F9C
0 8
0 11
1 5
1 12
2 5
2 14
3 11
3 18
4 0
4 3
5 7
5 19
6 3
6 6
7 16
7 19
8 7
8 10
9 16
9 18
10 0
10 20
11 2
11 4
12 10
12 13
13 1
13 4
14 14
14 17
15 1
15 13
16 17
16 20
17 2
17 9
18 6
18 15
19 8
19 15
20 9
20 12

# solution 1901
# n=21 sym=rot2 status=verified source=flammenkamp_cache/n21_rot2
# code=:4CDF9F6J9H8E2H172AGK0K04AIDJ3I6C3B1E5B578G
0 4
0 12
1 13
1 15
2 9
2 15
3 6
3 19
4 9
4 17
5 8
5 14
6 2
6 17
7 1
7 7
8 2
8 10
9 16
9 20
10 0
10 20
11 0
11 4
12 10
12 18
13 13
13 19
14 3
14 18
15 6
15 12
16 3
16 11
17 1
17 14
18 5
18 11
19 5
19 7
20 8
20 16

# solution 1902
# n=21 sym=rot2 status=verified source=flammenkamp_cache/n21_rot2
# code=:8BCF5B6G0J36IJ7D2AGH0K34AI7D12EH1K4E9F589C
0 8
0 11
1 12
1 15
2 5
2 11
3 6
3 16
4 0
4 19
5 3
5 6
6 18
6 19
7 7
7 13
8 2
8 10
9 16
9 17
10 0
10 20
11 3
11 4
12 10
12 18
13 7
13 13
14 1
14 2
15 14
15 17
16 1
16 20
17 4
17 14
18 9
18 15
19 5
19 8
20 9
20 12

# solution 1903
# n=21 sym=rot2 status=verified source=flammenkamp_cache/n21_rot2
# code=:58DI158H1D6B6G39AKGI0K240ABH4E9E7J3CFJ27CF
0 5
0 8
1 13
1 18
2 1
2 5
3 8
3 17
4 1
4 13
5 6
5 11
6 6
6 16
7 3
7 9
8 10
8 20
9 16
9 18
10 0
10 20
11 2
11 4
12 0
12 10
13 11
13 17
14 4
14 14
15 9
15 14
16 7
16 19
17 3
17 12
18 15
18 19
19 2
19 7
20 12
20 15

# solution 1904
# n=21 sym=rot2 status=verified source=flammenkamp_cache/n21_rot2
# code=:5D2C59CE0G9H362G7A1J0K1JAD4IEH3B4K68BF8I7F
0 5
0 13
1 2
1 12
2 5
2 9
3 12
3 14
4 0
4 16
5 9
5 17
6 3
6 6
7 2
7 16
8 7
8 10
9 1
9 19
10 0
10 20
11 1
11 19
12 10
12 13
13 4
13 18
14 14
14 17
15 3
15 11
16 4
16 20
17 6
17 8
18 11
18 15
19 8
19 18
20 7
20 15

# solution 1905
# n=21 sym=rot2 status=verified source=flammenkamp_cache/n21_rot2
# code=:59671FCG0I389I67AGHJ0K134ADE2BCH2K485JDEBF
0 5
0 9
1 6
1 7
2 1
2 15
3 12
3 16
4 0
4 18
5 3
5 8
6 9
6 18
7 6
7 7
8 10
8 16
9 17
9 19
10 0
10 20
11 1
11 3
12 4
12 10
13 13
13 14
14 2
14 11
15 12
15 17
16 2
16 20
17 4
17 8
18 5
18 19
19 13
19 14
20 11
20 15

# solution 1906
# n=21 sym=rot2 status=verified source=flammenkamp_cache/n21_rot2
# code=:BC6F35BH7KEI2C17AJ4G0K4G1ADJ8I260D39FH5E89
0 11
0 12
1 6
1 15
2 3
2 5
3 11
3 17
4 7
4 20
5 14
5 18
6 2
6 12
7 1
7 7
8 10
8 19
9 4
9 16
10 0
10 20
11 4
11 16
12 1
12 10
13 13
13 19
14 8
14 18
15 2
15 6
16 0
16 13
17 3
17 9
18 15
18 17
19 5
19 14
20 8
20 9

# solution 1907
# n=21 sym=rot2 status=verified source=flammenkamp_cache/n21_rot2
# code=:CE7F5H2C9D1IEJ4H0A490KBGAK3G162J7B8I3F5D68
0 12
0 14
1 7
1 15
2 5
2 17
3 2
3 12
4 9
4 13
5 1
5 18
6 14
6 19
7 4
7 17
8 0
8 10
9 4
9 9
10 0
10 20
11 11
11 16
12 10
12 20
13 3
13 16
14 1
14 6
15 2
15 19
16 7
16 11
17 8
17 18
18 3
18 15
19 5
19 13
20 6
20 8

# solution 1908
# n=21 sym=rot2 status=verified source=flammenkamp_cache/n21_rot2
# code=:9DCF5D46JKEI241C3A9H0K3BAH8JGI2601EG7F587B
0 9
0 13
1 12
1 15
2 5
2 13
3 4
3 6
4 19
4 20
5 14
5 18
6 2
6 4
7 1
7 12
8 3
8 10
9 9
9 17
10 0
10 20
11 3
11 11
12 10
12 17
13 8
13 19
14 16
14 18
15 2
15 6
16 0
16 1
17 14
17 16
18 7
18 15
19 5
19 8
20 7
20 11

# solution 1909
# n=21 sym=rot2 status=verified source=flammenkamp_cache/n21_rot2
# code=:588D5HGH0D16IJ692A9G0K4BAIBE12EJ7K343F7CCF
0 5
0 8
1 8
1 13
2 5
2 17
3 16
3 17
4 0
4 13
5 1
5 6
6 18
6 19
7 6
7 9
8 2
8 10
9 9
9 16
10 0
10 20
11 4
11 11
12 10
12 18
13 11
13 14
14 1
14 2
15 14
15 19
16 7
16 20
17 3
17 4
18 3
18 15
19 7
19 12
20 12
20 15

# solution 1910
# n=21 sym=rot2 status=verified source=flammenkamp_cache/n21_rot2
# code=:8B5F8D4I1H1B370G6AEI0K26AE4KDH9J3J2G7C5F9C
0 8
0 11
1 5
1 15
2 8
2 13
3 4
3 18
4 1
4 17
5 1
5 11
6 3
6 7
7 0
7 16
8 6
8 10
9 14
9 18
10 0
10 20
11 2
11 6
12 10
12 14
13 4
13 20
14 13
14 17
15 9
15 19
16 3
16 19
17 2
17 16
18 7
18 12
19 5
19 15
20 9
20 12

# solution 1911
# n=21 sym=rot2 status=verified source=flammenkamp_cache/n21_rot2
# code=:BC5F8E2H19EI1D7G0AGH0K34AK4D7J26BJ3I6C5F89
0 11
0 12
1 5
1 15
2 8
2 14
3 2
3 17
4 1
4 9
5 14
5 18
6 1
6 13
7 7
7 16
8 0
8 10
9 16
9 17
10 0
10 20
11 3
11 4
12 10
12 20
13 4
13 13
14 7
14 19
15 2
15 6
16 11
16 19
17 3
17 18
18 6
18 12
19 5
19 15
20 8
20 9

# solution 1912
# n=21 sym=rot2 status=verified source=flammenkamp_cache/n21_rot2
# code=:685FBD8I1BGI36GJ0A370KDHAK14EH249J2C795FCE
0 6
0 8
1 5
1 15
2 11
2 13
3 8
3 18
4 1
4 11
5 16
5 18
6 3
6 6
7 16
7 19
8 0
8 10
9 3
9 7
10 0
10 20
11 13
11 17
12 10
12 20
13 1
13 4
14 14
14 17
15 2
15 4
16 9
16 19
17 2
17 12
18 7
18 9
19 5
19 15
20 12
20 14

# solution 1913
# n=21 sym=rot2 status=verified source=flammenkamp_cache/n21_rot2
# code=:9C5F7C1437EIEHIJ0A490KBGAK123626DHGJ8D5F8B
0 9
0 12
1 5
1 15
2 7
2 12
3 1
3 4
4 3
4 7
5 14
5 18
6 14
6 17
7 18
7 19
8 0
8 10
9 4
9 9
10 0
10 20
11 11
11 16
12 10
12 20
13 1
13 2
14 3
14 6
15 2
15 6
16 13
16 17
17 16
17 19
18 8
18 13
19 5
19 15
20 8
20 11

# solution 1914
# n=21 sym=rot2 status=verified source=flammenkamp_cache/n21_rot2
# code=:BH5F8B4I186I137D6A040KGKAE7DHJ2ECJ2G9C5F39
0 11
0 17
1 5
1 15
2 8
2 11
3 4
3 18
4 1
4 8
5 6
5 18
6 1
6 3
7 7
7 13
8 6
8 10
9 0
9 4
10 0
10 20
11 16
11 20
12 10
12 14
13 7
13 13
14 17
14 19
15 2
15 14
16 12
16 19
17 2
17 16
18 9
18 12
19 5
19 15
20 3
20 9

# solution 1915
# n=21 sym=rot2 status=verified source=flammenkamp_cache/n21_rot2
# code=:5B5EBJCG047DHI162A8H0K3CAIEJ237DGK48196F9F
0 5
0 11
1 5
1 14
2 11
2 19
3 12
3 16
4 0
4 4
5 7
5 13
6 17
6 18
7 1
7 6
8 2
8 10
9 8
9 17
10 0
10 20
11 3
11 12
12 10
12 18
13 14
13 19
14 2
14 3
15 7
15 13
16 16
16 20
17 4
17 8
18 1
18 9
19 6
19 15
20 9
20 15

# solution 1916
# n=21 sym=rot2 status=verified source=flammenkamp_cache/n21_rot2
# code=:7B566CGHBCGJ5J7A023I0K2HIKAD1F1489348EEF9D
0 7
0 11
1 5
1 6
2 6
2 12
3 16
3 17
4 11
4 12
5 16
5 19
6 5
6 19
7 7
7 10
8 0
8 2
9 3
9 18
10 0
10 20
11 2
11 17
12 18
12 20
13 10
13 13
14 1
14 15
15 1
15 4
16 8
16 9
17 3
17 4
18 8
18 14
19 14
19 15
20 9
20 13

# solution 1917
# n=21 sym=rot2 status=verified source=flammenkamp_cache/n21_rot2
# code=:9C56FJ2H6B4H1D4A8IDK0K072CAG7J3G9E3I15EF8B
0 9
0 12
1 5
1 6
2 15
2 19
3 2
3 17
4 6
4 11
5 4
5 17
6 1
6 13
7 4
7 10
8 8
8 18
9 13
9 20
10 0
10 20
11 0
11 7
12 2
12 12
13 10
13 16
14 7
14 19
15 3
15 16
16 9
16 14
17 3
17 18
18 1
18 5
19 14
19 15
20 8
20 11

# solution 1918
# n=21 sym=rot2 status=verified source=flammenkamp_cache/n21_rot2
# code=:4CCD5934591JEHAE2I070KDK2I6A361JBFGHBF788G
0 4
0 12
1 12
1 13
2 5
2 9
3 3
3 4
4 5
4 9
5 1
5 19
6 14
6 17
7 10
7 14
8 2
8 18
9 0
9 7
10 0
10 20
11 13
11 20
12 2
12 18
13 6
13 10
14 3
14 6
15 1
15 19
16 11
16 15
17 16
17 17
18 11
18 15
19 7
19 8
20 8
20 16

# solution 1919
# n=21 sym=rot2 status=verified source=flammenkamp_cache/n21_rot2
# code=:6C7H4E2H9F271JAF89GK0K04BC5A1JDI5B3I6G3D8E
0 6
0 12
1 7
1 17
2 4
2 14
3 2
3 17
4 9
4 15
5 2
5 7
6 1
6 19
7 10
7 15
8 8
8 9
9 16
9 20
10 0
10 20
11 0
11 4
12 11
12 12
13 5
13 10
14 1
14 19
15 13
15 18
16 5
16 11
17 3
17 18
18 6
18 16
19 3
19 13
20 8
20 14

# solution 1920
# n=21 sym=rot2 status=verified source=flammenkamp_cache/n21_rot2
# code=:CG6J47BE5B2HDJ5A28HK0K03CIAF173I9F69DG1E48
0 12
0 16
1 6
1 19
2 4
2 7
3 11
3 14
4 5
4 11
5 2
5 17
6 13
6 19
7 5
7 10
8 2
8 8
9 17
9 20
10 0
10 20
11 0
11 3
12 12
12 18
13 10
13 15
14 1
14 7
15 3
15 18
16 9
16 15
17 6
17 9
18 13
18 16
19 1
19 14
20 4
20 8

# solution 1921
# n=21 sym=rot2 status=verified source=flammenkamp_cache/n21_rot2
# code=:6G695I2CBHCJFK7A34DJ0K17GHAD0518398I2FBE4E
0 6
0 16
1 6
1 9
2 5
2 18
3 2
3 12
4 11
4 17
5 12
5 19
6 15
6 20
7 7
7 10
8 3
8 4
9 13
9 19
10 0
10 20
11 1
11 7
12 16
12 17
13 10
13 13
14 0
14 5
15 1
15 8
16 3
16 9
17 8
17 18
18 2
18 15
19 11
19 14
20 4
20 14

# solution 1922
# n=21 sym=rot2 status=verified source=flammenkamp_cache/n21_rot2
# code=:6G695I2CBHCJ0F7A34DJ0K17GHAD5K18398I2FBE4E
0 6
0 16
1 6
1 9
2 5
2 18
3 2
3 12
4 11
4 17
5 12
5 19
6 0
6 15
7 7
7 10
8 3
8 4
9 13
9 19
10 0
10 20
11 1
11 7
12 16
12 17
13 10
13 13
14 5
14 20
15 1
15 8
16 3
16 9
17 8
17 18
18 2
18 15
19 11
19 14
20 4
20 14

# solution 1923
# n=21 sym=rot2 status=verified source=flammenkamp_cache/n21_rot2
# code=:6F69FI283BHJDK4A48DJ0K17CGAG07139HCI25BE5E
0 6
0 15
1 6
1 9
2 15
2 18
3 2
3 8
4 3
4 11
5 17
5 19
6 13
6 20
7 4
7 10
8 4
8 8
9 13
9 19
10 0
10 20
11 1
11 7
12 12
12 16
13 10
13 16
14 0
14 7
15 1
15 3
16 9
16 17
17 12
17 18
18 2
18 5
19 11
19 14
20 5
20 14

# solution 1924
# n=21 sym=rot2 status=verified source=flammenkamp_cache/n21_rot2
# code=:6G695J2C2BCHFK7A34DJ0K17GHAD05389I8I1FBE4E
0 6
0 16
1 6
1 9
2 5
2 19
3 2
3 12
4 2
4 11
5 12
5 17
6 15
6 20
7 7
7 10
8 3
8 4
9 13
9 19
10 0
10 20
11 1
11 7
12 16
12 17
13 10
13 13
14 0
14 5
15 3
15 8
16 9
16 18
17 8
17 18
18 1
18 15
19 11
19 14
20 4
20 14

# solution 1925
# n=21 sym=rot2 status=verified source=flammenkamp_cache/n21_rot2
# code=:9CDF064GBJ237JAE28350KFHCI6A1DHI194GEK578B
0 9
0 12
1 13
1 15
2 0
2 6
3 4
3 16
4 11
4 19
5 2
5 3
6 7
6 19
7 10
7 14
8 2
8 8
9 3
9 5
10 0
10 20
11 15
11 17
12 12
12 18
13 6
13 10
14 1
14 13
15 17
15 18
16 1
16 9
17 4
17 16
18 14
18 20
19 5
19 7
20 8
20 11

# solution 1926
# n=21 sym=rot2 status=verified source=flammenkamp_cache/n21_rot2
# code=:DG8H4E8H1B175FAI2K9E0K6B0I2A5FDJ9J3C6G3C47
0 13
0 16
1 8
1 17
2 4
2 14
3 8
3 17
4 1
4 11
5 1
5 7
6 5
6 15
7 10
7 18
8 2
8 20
9 9
9 14
10 0
10 20
11 6
11 11
12 0
12 18
13 2
13 10
14 5
14 15
15 13
15 19
16 9
16 19
17 3
17 12
18 6
18 16
19 3
19 12
20 4
20 7

# solution 1927
# n=21 sym=rot2 status=verified source=flammenkamp_cache/n21_rot2
# code=:DG8H468H1B175FAI2K9E0K6B0I2A5FDJ9J3CEG3C47
0 13
0 16
1 8
1 17
2 4
2 6
3 8
3 17
4 1
4 11
5 1
5 7
6 5
6 15
7 10
7 18
8 2
8 20
9 9
9 14
10 0
10 20
11 6
11 11
12 0
12 18
13 2
13 10
14 5
14 15
15 13
15 19
16 9
16 19
17 3
17 12
18 14
18 16
19 3
19 12
20 4
20 7

# solution 1928
# n=21 sym=rot2 status=verified source=flammenkamp_cache/n21_rot2
# code=:893G6I3J8B067FAF12470KDGIJ5A5DEK9C1H2E4HBC
0 8
0 9
1 3
1 16
2 6
2 18
3 3
3 19
4 8
4 11
5 0
5 6
6 7
6 15
7 10
7 15
8 1
8 2
9 4
9 7
10 0
10 20
11 13
11 16
12 18
12 19
13 5
13 10
14 5
14 13
15 14
15 20
16 9
16 12
17 1
17 17
18 2
18 14
19 4
19 17
20 11
20 12

# solution 1929
# n=21 sym=rot2 status=verified source=flammenkamp_cache/n21_rot2
# code=:2D1967EG8B3GIK8A153F0K5HFJAC024H9C46DEBJ7I
0 2
0 13
1 1
1 9
2 6
2 7
3 14
3 16
4 8
4 11
5 3
5 16
6 18
6 20
7 8
7 10
8 1
8 5
9 3
9 15
10 0
10 20
11 5
11 17
12 15
12 19
13 10
13 12
14 0
14 2
15 4
15 17
16 9
16 12
17 4
17 6
18 13
18 14
19 11
19 19
20 7
20 18

# solution 1930
# n=21 sym=rot2 status=verified source=flammenkamp_cache/n21_rot2
# code=:DF6HBI8IBE178K4A1G3F0K5H4JAG0CDJ692C293E57
0 13
0 15
1 6
1 17
2 11
2 18
3 8
3 18
4 11
4 14
5 1
5 7
6 8
6 20
7 4
7 10
8 1
8 16
9 3
9 15
10 0
10 20
11 5
11 17
12 4
12 19
13 10
13 16
14 0
14 12
15 13
15 19
16 6
16 9
17 2
17 12
18 2
18 9
19 3
19 14
20 5
20 7

# solution 1931
# n=21 sym=rot2 status=verified source=flammenkamp_cache/n21_rot2
# code=:792E5H1C9F472EAJ48HK0K03CG1A6IDG5B8J3F6IBD
0 7
0 9
1 2
1 14
2 5
2 17
3 1
3 12
4 9
4 15
5 4
5 7
6 2
6 14
7 10
7 19
8 4
8 8
9 17
9 20
10 0
10 20
11 0
11 3
12 12
12 16
13 1
13 10
14 6
14 18
15 13
15 16
16 5
16 11
17 8
17 19
18 3
18 15
19 6
19 18
20 11
20 13

# solution 1932
# n=21 sym=rot2 status=verified source=flammenkamp_cache/n21_rot2
# code=:BE6GDJ485B380IAF1I370KDH2J5A2KCH9FCG174E69
0 11
0 14
1 6
1 16
2 13
2 19
3 4
3 8
4 5
4 11
5 3
5 8
6 0
6 18
7 10
7 15
8 1
8 18
9 3
9 7
10 0
10 20
11 13
11 17
12 2
12 19
13 5
13 10
14 2
14 20
15 12
15 17
16 9
16 15
17 12
17 16
18 1
18 7
19 4
19 14
20 6
20 9

# solution 1933
# n=21 sym=rot2 status=verified source=flammenkamp_cache/n21_rot2
# code=:8E6D9F3I5B8G2J3AGJ070KDK14AH1I4C9F2H5B7E6C
0 8
0 14
1 6
1 13
2 9
2 15
3 3
3 18
4 5
4 11
5 8
5 16
6 2
6 19
7 3
7 10
8 16
8 19
9 0
9 7
10 0
10 20
11 13
11 20
12 1
12 4
13 10
13 17
14 1
14 18
15 4
15 12
16 9
16 15
17 2
17 17
18 5
18 11
19 7
19 14
20 6
20 12

# solution 1934
# n=21 sym=rot2 status=verified source=flammenkamp_cache/n21_rot2
# code=:69EF8I4C9F2J7H7A04HJ0K13GKAD3D1I5B8G2C56BE
0 6
0 9
1 14
1 15
2 8
2 18
3 4
3 12
4 9
4 15
5 2
5 19
6 7
6 17
7 7
7 10
8 0
8 4
9 17
9 19
10 0
10 20
11 1
11 3
12 16
12 20
13 10
13 13
14 3
14 13
15 1
15 18
16 5
16 11
17 8
17 16
18 2
18 12
19 5
19 6
20 11
20 14

# solution 1935
# n=21 sym=rot2 status=verified source=flammenkamp_cache/n21_rot2
# code=:9DEH684C9FHJ257AGK2J0K1I04ADFI135B8GCE367B
0 9
0 13
1 14
1 17
2 6
2 8
3 4
3 12
4 9
4 15
5 17
5 19
6 2
6 5
7 7
7 10
8 16
8 20
9 2
9 19
10 0
10 20
11 1
11 18
12 0
12 4
13 10
13 13
14 15
14 18
15 1
15 3
16 5
16 11
17 8
17 16
18 12
18 14
19 3
19 6
20 7
20 11

# solution 1936
# n=21 sym=rot2 status=verified source=flammenkamp_cache/n21_rot2
# code=:7869DF385B3G0IAJ46IJ0K12EG1A2K4H9FCH57BECD
0 7
0 8
1 6
1 9
2 13
2 15
3 3
3 8
4 5
4 11
5 3
5 16
6 0
6 18
7 10
7 19
8 4
8 6
9 18
9 19
10 0
10 20
11 1
11 2
12 14
12 16
13 1
13 10
14 2
14 20
15 4
15 17
16 9
16 15
17 12
17 17
18 5
18 7
19 11
19 14
20 12
20 13

# solution 1937
# n=21 sym=rot2 status=verified source=flammenkamp_cache/n21_rot2
# code=:GJ9E35CG597JCH7AEI2K0K0I26AD381DBF48FH6B14
0 16
0 19
1 9
1 14
2 3
2 5
3 12
3 16
4 5
4 9
5 7
5 19
6 12
6 17
7 7
7 10
8 14
8 18
9 2
9 20
10 0
10 20
11 0
11 18
12 2
12 6
13 10
13 13
14 3
14 8
15 1
15 13
16 11
16 15
17 4
17 8
18 15
18 17
19 6
19 11
20 1
20 4

# solution 1938
# n=21 sym=rot2 status=verified source=flammenkamp_cache/n21_rot2
# code=:48BDFH48BF1D3I6A16IK0K02EJAE2H7J59CG3579CG
0 4
0 8
1 11
1 13
2 15
2 17
3 4
3 8
4 11
4 15
5 1
5 13
6 3
6 18
7 6
7 10
8 1
8 6
9 18
9 20
10 0
10 20
11 0
11 2
12 14
12 19
13 10
13 14
14 2
14 17
15 7
15 19
16 5
16 9
17 12
17 16
18 3
18 5
19 7
19 9
20 12
20 16

# solution 1939
# n=21 sym=rot2 status=verified source=flammenkamp_cache/n21_rot2
# code=:4C6IBI8KBF3436AF7J1D0K7J1D5AEHGH590C292E8G
0 4
0 12
1 6
1 18
2 11
2 18
3 8
3 20
4 11
4 15
5 3
5 4
6 3
6 6
7 10
7 15
8 7
8 19
9 1
9 13
10 0
10 20
11 7
11 19
12 1
12 13
13 5
13 10
14 14
14 17
15 16
15 17
16 5
16 9
17 0
17 12
18 2
18 9
19 2
19 14
20 8
20 16

# solution 1940
# n=21 sym=rot2 status=verified source=flammenkamp_cache/n21_rot2
# code=:7836GJ3JBG68BFAK2I7F0K5D2I0A59CE491H14EHCD
0 7
0 8
1 3
1 6
2 16
2 19
3 3
3 19
4 11
4 16
5 6
5 8
6 11
6 15
7 10
7 20
8 2
8 18
9 7
9 15
10 0
10 20
11 5
11 13
12 2
12 18
13 0
13 10
14 5
14 9
15 12
15 14
16 4
16 9
17 1
17 17
18 1
18 4
19 14
19 17
20 12
20 13

# solution 1941
# n=21 sym=rot2 status=verified source=flammenkamp_cache/n21_rot2
# code=:78366G3JBG18BFAK2I7F0K5D2I0A59CJ491H4EEHCD
0 7
0 8
1 3
1 6
2 6
2 16
3 3
3 19
4 11
4 16
5 1
5 8
6 11
6 15
7 10
7 20
8 2
8 18
9 7
9 15
10 0
10 20
11 5
11 13
12 2
12 18
13 0
13 10
14 5
14 9
15 12
15 19
16 4
16 9
17 1
17 17
18 4
18 14
19 14
19 17
20 12
20 13

# solution 1942
# n=21 sym=rot2 status=verified source=flammenkamp_cache/n21_rot2
# code=:6B8G3618BG2H7FAF027J0K1DIK5A5D3I49CJEH4C9E
0 6
0 11
1 8
1 16
2 3
2 6
3 1
3 8
4 11
4 16
5 2
5 17
6 7
6 15
7 10
7 15
8 0
8 2
9 7
9 19
10 0
10 20
11 1
11 13
12 18
12 20
13 5
13 10
14 5
14 13
15 3
15 18
16 4
16 9
17 12
17 19
18 14
18 17
19 4
19 12
20 9
20 14

# solution 1943
# n=21 sym=rot2 status=verified source=flammenkamp_cache/n21_rot2
# code=:BD48FH4I3BDJ68AF26JK0K01EI5ACE179H2G35CG79
0 11
0 13
1 4
1 8
2 15
2 17
3 4
3 18
4 3
4 11
5 13
5 19
6 6
6 8
7 10
7 15
8 2
8 6
9 19
9 20
10 0
10 20
11 0
11 1
12 14
12 18
13 5
13 10
14 12
14 14
15 1
15 7
16 9
16 17
17 2
17 16
18 3
18 5
19 12
19 16
20 7
20 9

# solution 1944
# n=21 sym=rot2 status=verified source=flammenkamp_cache/n21_rot2
# code=:6C5C36FI9H47BJ7AGI010KJK24AD19DG3B25EH8F8E
0 6
0 12
1 5
1 12
2 3
2 6
3 15
3 18
4 9
4 17
5 4
5 7
6 11
6 19
7 7
7 10
8 16
8 18
9 0
9 1
10 0
10 20
11 19
11 20
12 2
12 4
13 10
13 13
14 1
14 9
15 13
15 16
16 3
16 11
17 2
17 5
18 14
18 17
19 8
19 15
20 8
20 14

# solution 1945
# n=21 sym=rot2 status=verified source=flammenkamp_cache/n21_rot2
# code=:7D4E9E2C9I1HFK5A481H0K3JCGAF053J2B8I6B6G7D
0 7
0 13
1 4
1 14
2 9
2 14
3 2
3 12
4 9
4 18
5 1
5 17
6 15
6 20
7 5
7 10
8 4
8 8
9 1
9 17
10 0
10 20
11 3
11 19
12 12
12 16
13 10
13 15
14 0
14 5
15 3
15 19
16 2
16 11
17 8
17 18
18 6
18 11
19 6
19 16
20 7
20 13

# solution 1946
# n=21 sym=rot2 status=verified source=flammenkamp_cache/n21_rot2
# code=:9D2EDE489I1HFK5A481H0K3JCGAF053J2BCG676I7B
0 9
0 13
1 2
1 14
2 13
2 14
3 4
3 8
4 9
4 18
5 1
5 17
6 15
6 20
7 5
7 10
8 4
8 8
9 1
9 17
10 0
10 20
11 3
11 19
12 12
12 16
13 10
13 15
14 0
14 5
15 3
15 19
16 2
16 11
17 12
17 16
18 6
18 7
19 6
19 18
20 7
20 11

# solution 1947
# n=21 sym=rot2 status=verified source=flammenkamp_cache/n21_rot2
# code=:792EDE489I1HFK5A481H0K3JCGAF053J2BCG676IBD
0 7
0 9
1 2
1 14
2 13
2 14
3 4
3 8
4 9
4 18
5 1
5 17
6 15
6 20
7 5
7 10
8 4
8 8
9 1
9 17
10 0
10 20
11 3
11 19
12 12
12 16
13 10
13 15
14 0
14 5
15 3
15 19
16 2
16 11
17 12
17 16
18 6
18 7
19 6
19 18
20 11
20 13

# solution 1948
# n=21 sym=rot2 status=verified source=flammenkamp_cache/n21_rot2
# code=:7C9FCH5H2B4E12AJ470E0K6KDG1AIJ6G9I3F385B8D
0 7
0 12
1 9
1 15
2 12
2 17
3 5
3 17
4 2
4 11
5 4
5 14
6 1
6 2
7 10
7 19
8 4
8 7
9 0
9 14
10 0
10 20
11 6
11 20
12 13
12 16
13 1
13 10
14 18
14 19
15 6
15 16
16 9
16 18
17 3
17 15
18 3
18 8
19 5
19 11
20 8
20 13

# solution 1949
# n=21 sym=rot2 status=verified source=flammenkamp_cache/n21_rot2
# code=:9B4D6C34583JFJAI2K7E0K6D0I2A151HCFGH8E7G9B
0 9
0 11
1 4
1 13
2 6
2 12
3 3
3 4
4 5
4 8
5 3
5 19
6 15
6 19
7 10
7 18
8 2
8 20
9 7
9 14
10 0
10 20
11 6
11 13
12 0
12 18
13 2
13 10
14 1
14 5
15 1
15 17
16 12
16 15
17 16
17 17
18 8
18 14
19 7
19 16
20 9
20 11

# solution 1950
# n=21 sym=rot2 status=verified source=flammenkamp_cache/n21_rot2
# code=:893E592E8H0G1G7A127F0K5DIJAD4J4K3C6IBF6HBC
0 8
0 9
1 3
1 14
2 5
2 9
3 2
3 14
4 8
4 17
5 0
5 16
6 1
6 16
7 7
7 10
8 1
8 2
9 7
9 15
10 0
10 20
11 5
11 13
12 18
12 19
13 10
13 13
14 4
14 19
15 4
15 20
16 3
16 12
17 6
17 18
18 11
18 15
19 6
19 17
20 11
20 12

# solution 1951
# n=21 sym=rot2 status=verified source=flammenkamp_cache/n21_rot2
# code=:BD5H79FG28GJEI8A01360KEHJKAC2614CI45BD3F79
0 11
0 13
1 5
1 17
2 7
2 9
3 15
3 16
4 2
4 8
5 16
5 19
6 14
6 18
7 8
7 10
8 0
8 1
9 3
9 6
10 0
10 20
11 14
11 17
12 19
12 20
13 10
13 12
14 2
14 6
15 1
15 4
16 12
16 18
17 4
17 5
18 11
18 13
19 3
19 15
20 7
20 9

# solution 1952
# n=21 sym=rot2 status=verified source=flammenkamp_cache/n21_rot2
# code=:7B5H7BFG28GJEI8A01360KEHJKAC2614CI459D3F9D
0 7
0 11
1 5
1 17
2 7
2 11
3 15
3 16
4 2
4 8
5 16
5 19
6 14
6 18
7 8
7 10
8 0
8 1
9 3
9 6
10 0
10 20
11 14
11 17
12 19
12 20
13 10
13 12
14 2
14 6
15 1
15 4
16 12
16 18
17 4
17 5
18 9
18 13
19 3
19 15
20 9
20 13

# solution 1953
# n=21 sym=rot2 status=verified source=flammenkamp_cache/n21_rot2
# code=:BD5H7BFG28GJEI8A01360KEHJKAC2614CI459D3F79
0 11
0 13
1 5
1 17
2 7
2 11
3 15
3 16
4 2
4 8
5 16
5 19
6 14
6 18
7 8
7 10
8 0
8 1
9 3
9 6
10 0
10 20
11 14
11 17
12 19
12 20
13 10
13 12
14 2
14 6
15 1
15 4
16 12
16 18
17 4
17 5
18 9
18 13
19 3
19 15
20 7
20 9

# solution 1954
# n=21 sym=rot2 status=verified source=flammenkamp_cache/n21_rot2
# code=:8D593BFG283J6KAG17260KEIDJ4A0E1HCI459HBF7C
0 8
0 13
1 5
1 9
2 3
2 11
3 15
3 16
4 2
4 8
5 3
5 19
6 6
6 20
7 10
7 16
8 1
8 7
9 2
9 6
10 0
10 20
11 14
11 18
12 13
12 19
13 4
13 10
14 0
14 14
15 1
15 17
16 12
16 18
17 4
17 5
18 9
18 17
19 11
19 15
20 7
20 12

# solution 1955
# n=21 sym=rot2 status=verified source=flammenkamp_cache/n21_rot2
# code=:8D59BHFG283J6KAG17260KEIDJ4A0E1HCI4539BF7C
0 8
0 13
1 5
1 9
2 11
2 17
3 15
3 16
4 2
4 8
5 3
5 19
6 6
6 20
7 10
7 16
8 1
8 7
9 2
9 6
10 0
10 20
11 14
11 18
12 13
12 19
13 4
13 10
14 0
14 14
15 1
15 17
16 12
16 18
17 4
17 5
18 3
18 9
19 11
19 15
20 7
20 12

# solution 1956
# n=21 sym=rot2 status=verified source=flammenkamp_cache/n21_rot2
# code=:DE8E9H3I284JBGAJ57FK0K05DF1A491GCI2H3B6C67
0 13
0 14
1 8
1 14
2 9
2 17
3 3
3 18
4 2
4 8
5 4
5 19
6 11
6 16
7 10
7 19
8 5
8 7
9 15
9 20
10 0
10 20
11 0
11 5
12 13
12 15
13 1
13 10
14 4
14 9
15 1
15 16
16 12
16 18
17 2
17 17
18 3
18 11
19 6
19 12
20 6
20 7

# solution 1957
# n=21 sym=rot2 status=verified source=flammenkamp_cache/n21_rot2
# code=:7E9G5H9J8I160F8A3I470KDG2HAC5KEJ2C1B3F4B6D
0 7
0 14
1 9
1 16
2 5
2 17
3 9
3 19
4 8
4 18
5 1
5 6
6 0
6 15
7 8
7 10
8 3
8 18
9 4
9 7
10 0
10 20
11 13
11 16
12 2
12 17
13 10
13 12
14 5
14 20
15 14
15 19
16 2
16 12
17 1
17 11
18 3
18 15
19 4
19 11
20 6
20 13

# solution 1958
# n=21 sym=rot2 status=verified source=flammenkamp_cache/n21_rot2
# code=:685BDJ9JCDGK342A365I0K2FEHAIGH04781B179FCE
0 6
0 8
1 5
1 11
2 13
2 19
3 9
3 19
4 12
4 13
5 16
5 20
6 3
6 4
7 2
7 10
8 3
8 6
9 5
9 18
10 0
10 20
11 2
11 15
12 14
12 17
13 10
13 18
14 16
14 17
15 0
15 4
16 7
16 8
17 1
17 11
18 1
18 7
19 9
19 15
20 12
20 14

# solution 1959
# n=21 sym=rot2 status=verified source=flammenkamp_cache/n21_rot2
# code=:7F7C133BCEBG142A6F0I0K2K5EAIGJ49689HHJ8D5D
0 7
0 15
1 7
1 12
2 1
2 3
3 3
3 11
4 12
4 14
5 11
5 16
6 1
6 4
7 2
7 10
8 6
8 15
9 0
9 18
10 0
10 20
11 2
11 20
12 5
12 14
13 10
13 18
14 16
14 19
15 4
15 9
16 6
16 8
17 9
17 17
18 17
18 19
19 8
19 13
20 5
20 13

# solution 1960
# n=21 sym=rot2 status=verified source=flammenkamp_cache/n21_rot2
# code=:7F7C133BCEBG4J2A6F0I0K2K5EAI1G49689HHJ8D5D
0 7
0 15
1 7
1 12
2 1
2 3
3 3
3 11
4 12
4 14
5 11
5 16
6 4
6 19
7 2
7 10
8 6
8 15
9 0
9 18
10 0
10 20
11 2
11 20
12 5
12 14
13 10
13 18
14 1
14 16
15 4
15 9
16 6
16 8
17 9
17 17
18 17
18 19
19 8
19 13
20 5
20 13

# solution 1961
# n=21 sym=rot2 status=verified source=flammenkamp_cache/n21_rot2
# code=:26BJEF4858HK4DAI1D9H0K3B7J2A7G03CFCG5619EI
0 2
0 6
1 11
1 19
2 14
2 15
3 4
3 8
4 5
4 8
5 17
5 20
6 4
6 13
7 10
7 18
8 1
8 13
9 9
9 17
10 0
10 20
11 3
11 11
12 7
12 19
13 2
13 10
14 7
14 16
15 0
15 3
16 12
16 15
17 12
17 16
18 5
18 6
19 1
19 9
20 14
20 18

# solution 1962
# n=21 sym=rot2 status=verified source=flammenkamp_cache/n21_rot2
# code=:9I7CEH6F4C7F1KAI391G0K4JBH2A0J5D8G5E368D2B
0 9
0 18
1 7
1 12
2 14
2 17
3 6
3 15
4 4
4 12
5 7
5 15
6 1
6 20
7 10
7 18
8 3
8 9
9 1
9 16
10 0
10 20
11 4
11 19
12 11
12 17
13 2
13 10
14 0
14 19
15 5
15 13
16 8
16 16
17 5
17 14
18 3
18 6
19 8
19 13
20 2
20 11

# solution 1963
# n=21 sym=rot2 status=verified source=flammenkamp_cache/n21_rot2
# code=:68DF9E29382F4J7AHJ040KGK13AD1G5ICHBI6B57CE
0 6
0 8
1 13
1 15
2 9
2 14
3 2
3 9
4 3
4 8
5 2
5 15
6 4
6 19
7 7
7 10
8 17
8 19
9 0
9 4
10 0
10 20
11 16
11 20
12 1
12 3
13 10
13 13
14 1
14 16
15 5
15 18
16 12
16 17
17 11
17 18
18 6
18 11
19 5
19 7
20 12
20 14

# solution 1964
# n=21 sym=rot2 status=verified source=flammenkamp_cache/n21_rot2
# code=:7G6J4J9CCI679FAK235H0K3FHI0A5BDE288B1G1E4D
0 7
0 16
1 6
1 19
2 4
2 19
3 9
3 12
4 12
4 18
5 6
5 7
6 9
6 15
7 10
7 20
8 2
8 3
9 5
9 17
10 0
10 20
11 3
11 15
12 17
12 18
13 0
13 10
14 5
14 11
15 13
15 14
16 2
16 8
17 8
17 11
18 1
18 16
19 1
19 14
20 4
20 13

# solution 1965
# n=21 sym=rot2 status=verified source=flammenkamp_cache/n21_rot2
# code=:146B1D5BDF8H02AE28GH0K34CI6AIK3C579F7J9EGJ
0 1
0 4
1 6
1 11
2 1
2 13
3 5
3 11
4 13
4 15
5 8
5 17
6 0
6 2
7 10
7 14
8 2
8 8
9 16
9 17
10 0
10 20
11 3
11 4
12 12
12 18
13 6
13 10
14 18
14 20
15 3
15 12
16 5
16 7
17 9
17 15
18 7
18 19
19 9
19 14
20 16
20 19

# solution 1966
# n=21 sym=rot2 status=verified source=flammenkamp_cache/n21_rot2
# code=:48BEDF387F1HEK9A124I0K2GIJAB063J5DCH5769CG
0 4
0 8
1 11
1 14
2 13
2 15
3 3
3 8
4 7
4 15
5 1
5 17
6 14
6 20
7 9
7 10
8 1
8 2
9 4
9 18
10 0
10 20
11 2
11 16
12 18
12 19
13 10
13 11
14 0
14 6
15 3
15 19
16 5
16 13
17 12
17 17
18 5
18 7
19 6
19 9
20 12
20 16

# solution 1967
# n=21 sym=rot2 status=verified source=flammenkamp_cache/n21_rot2
# code=:BC8F36IJ5D9D6JAKGH240KGI340A1E7B7F12EH5C89
0 11
0 12
1 8
1 15
2 3
2 6
3 18
3 19
4 5
4 13
5 9
5 13
6 6
6 19
7 10
7 20
8 16
8 17
9 2
9 4
10 0
10 20
11 16
11 18
12 3
12 4
13 0
13 10
14 1
14 14
15 7
15 11
16 7
16 15
17 1
17 2
18 14
18 17
19 5
19 12
20 8
20 9

# solution 1968
# n=21 sym=rot2 status=verified source=flammenkamp_cache/n21_rot2
# code=:7I386B8I3DBG56AJ041F0K5JGK1AEF497H2C9ECH2D
0 7
0 18
1 3
1 8
2 6
2 11
3 8
3 18
4 3
4 13
5 11
5 16
6 5
6 6
7 10
7 19
8 0
8 4
9 1
9 15
10 0
10 20
11 5
11 19
12 16
12 20
13 1
13 10
14 14
14 15
15 4
15 9
16 7
16 17
17 2
17 12
18 9
18 14
19 12
19 17
20 2
20 13

# solution 1969
# n=21 sym=rot2 status=verified source=flammenkamp_cache/n21_rot2
# code=:9DCI9E4H274CFJAH6K150KFJ0E3A158GDI3G6B287B
0 9
0 13
1 12
1 18
2 9
2 14
3 4
3 17
4 2
4 7
5 4
5 12
6 15
6 19
7 10
7 17
8 6
8 20
9 1
9 5
10 0
10 20
11 15
11 19
12 0
12 14
13 3
13 10
14 1
14 5
15 8
15 16
16 13
16 18
17 3
17 16
18 6
18 11
19 2
19 8
20 7
20 11

# solution 1970
# n=21 sym=rot2 status=verified source=flammenkamp_cache/n21_rot2
# code=:7B3E1ECH7I9CFG2AGK150KFJ04AI458B2D386J6H9D
0 7
0 11
1 3
1 14
2 1
2 14
3 12
3 17
4 7
4 18
5 9
5 12
6 15
6 16
7 2
7 10
8 16
8 20
9 1
9 5
10 0
10 20
11 15
11 19
12 0
12 4
13 10
13 18
14 4
14 5
15 8
15 11
16 2
16 13
17 3
17 8
18 6
18 19
19 6
19 17
20 9
20 13

# solution 1971
# n=21 sym=rot2 status=verified source=flammenkamp_cache/n21_rot2
# code=:6B3E17CH7I9CFG2AGK150KFJ04AI458B2D38DJ6H9E
0 6
0 11
1 3
1 14
2 1
2 7
3 12
3 17
4 7
4 18
5 9
5 12
6 15
6 16
7 2
7 10
8 16
8 20
9 1
9 5
10 0
10 20
11 15
11 19
12 0
12 4
13 10
13 18
14 4
14 5
15 8
15 11
16 2
16 13
17 3
17 8
18 13
18 19
19 6
19 17
20 9
20 14

# solution 1972
# n=21 sym=rot2 status=verified source=flammenkamp_cache/n21_rot2
# code=:DE096C8G2D2J15AF4H390KBH3G5AFJ1I7I4C8EBK67
0 13
0 14
1 0
1 9
2 6
2 12
3 8
3 16
4 2
4 13
5 2
5 19
6 1
6 5
7 10
7 15
8 4
8 17
9 3
9 9
10 0
10 20
11 11
11 17
12 3
12 16
13 5
13 10
14 15
14 19
15 1
15 18
16 7
16 18
17 4
17 12
18 8
18 14
19 11
19 20
20 6
20 7

# solution 1973
# n=21 sym=rot2 status=verified source=flammenkamp_cache/n21_rot2
# code=:9C469H4I5DHJ68AF2J7K0K0D1I5ACE137F2G3BEG8B
0 9
0 12
1 4
1 6
2 9
2 17
3 4
3 18
4 5
4 13
5 17
5 19
6 6
6 8
7 10
7 15
8 2
8 19
9 7
9 20
10 0
10 20
11 0
11 13
12 1
12 18
13 5
13 10
14 12
14 14
15 1
15 3
16 7
16 15
17 2
17 16
18 3
18 11
19 14
19 16
20 8
20 11

# solution 1974
# n=21 sym=rot2 status=verified source=flammenkamp_cache/n21_rot2
# code=:6CBE09GJ7FCH247AHJ5I0K2F13ADGI385D14BK698E
0 6
0 12
1 11
1 14
2 0
2 9
3 16
3 19
4 7
4 15
5 12
5 17
6 2
6 4
7 7
7 10
8 17
8 19
9 5
9 18
10 0
10 20
11 2
11 15
12 1
12 3
13 10
13 13
14 16
14 18
15 3
15 8
16 5
16 13
17 1
17 4
18 11
18 20
19 6
19 9
20 8
20 14

# solution 1975
# n=21 sym=rot2 status=verified source=flammenkamp_cache/n21_rot2
# code=:8B78BH1HDF15IK2A6G460KEG4EAI02FJ573J39CD9C
0 8
0 11
1 7
1 8
2 11
2 17
3 1
3 17
4 13
4 15
5 1
5 5
6 18
6 20
7 2
7 10
8 6
8 16
9 4
9 6
10 0
10 20
11 14
11 16
12 4
12 14
13 10
13 18
14 0
14 2
15 15
15 19
16 5
16 7
17 3
17 19
18 3
18 9
19 12
19 13
20 9
20 12

# solution 1976
# n=21 sym=rot2 status=verified source=flammenkamp_cache/n21_rot2
# code=:DE23688BDH2G159A04FJ0K15GKABFJ4I379CCEHI67
0 13
0 14
1 2
1 3
2 6
2 8
3 8
3 11
4 13
4 17
5 2
5 16
6 1
6 5
7 9
7 10
8 0
8 4
9 15
9 19
10 0
10 20
11 1
11 5
12 16
12 20
13 10
13 11
14 15
14 19
15 4
15 18
16 3
16 7
17 9
17 12
18 12
18 14
19 17
19 18
20 6
20 7

# solution 1977
# n=21 sym=rot2 status=verified source=flammenkamp_cache/n21_rot2
# code=:6I3CBF2837GKEJAJ4D590KBF7G1A1604DHCI598H2E
0 6
0 18
1 3
1 12
2 11
2 15
3 2
3 8
4 3
4 7
5 16
5 20
6 14
6 19
7 10
7 19
8 4
8 13
9 5
9 9
10 0
10 20
11 11
11 15
12 7
12 16
13 1
13 10
14 1
14 6
15 0
15 4
16 13
16 17
17 12
17 18
18 5
18 9
19 8
19 17
20 2
20 14

# solution 1978
# n=21 sym=rot2 status=verified source=flammenkamp_cache/n21_rot2
# code=:6C6F9C4JDHHK7J9A245I0K2FGIAB1D03371G8B5E8E
0 6
0 12
1 6
1 15
2 9
2 12
3 4
3 19
4 13
4 17
5 17
5 20
6 7
6 19
7 9
7 10
8 2
8 4
9 5
9 18
10 0
10 20
11 2
11 15
12 16
12 18
13 10
13 11
14 1
14 13
15 0
15 3
16 3
16 7
17 1
17 16
18 8
18 11
19 5
19 14
20 8
20 14

# solution 1979
# n=21 sym=rot2 status=verified source=flammenkamp_cache/n21_rot2
# code=:8G8BDG3B2D6H1J0A56FI0K25EFAK1J3E7I9H479C4C
0 8
0 16
1 8
1 11
2 13
2 16
3 3
3 11
4 2
4 13
5 6
5 17
6 1
6 19
7 0
7 10
8 5
8 6
9 15
9 18
10 0
10 20
11 2
11 5
12 14
12 15
13 10
13 20
14 1
14 19
15 3
15 14
16 7
16 18
17 9
17 17
18 4
18 7
19 9
19 12
20 4
20 12

# solution 1980
# n=21 sym=rot2 status=verified source=flammenkamp_cache/n21_rot2
# code=:8C4F9H47EF1K7E2A139I0K2BHJAI6D0J56DG3B5G8C
0 8
0 12
1 4
1 15
2 9
2 17
3 4
3 7
4 14
4 15
5 1
5 20
6 7
6 14
7 2
7 10
8 1
8 3
9 9
9 18
10 0
10 20
11 2
11 11
12 17
12 19
13 10
13 18
14 6
14 13
15 0
15 19
16 5
16 6
17 13
17 16
18 3
18 11
19 5
19 16
20 8
20 12

# solution 1981
# n=21 sym=rot2 status=verified source=flammenkamp_cache/n21_rot2
# code=:188E9IBJ56GIFG7AHK370KDH03AD4524EF192B6CCJ
0 1
0 8
1 8
1 14
2 9
2 18
3 11
3 19
4 5
4 6
5 16
5 18
6 15
6 16
7 7
7 10
8 17
8 20
9 3
9 7
10 0
10 20
11 13
11 17
12 0
12 3
13 10
13 13
14 4
14 5
15 2
15 4
16 14
16 15
17 1
17 9
18 2
18 11
19 6
19 12
20 12
20 19

# solution 1982
# n=21 sym=rot2 status=verified source=flammenkamp_cache/n21_rot2
# code=:488E9F9J6F01GI7A373I0K2HDHAD24JK5E1B5B6CCG
0 4
0 8
1 8
1 14
2 9
2 15
3 9
3 19
4 6
4 15
5 0
5 1
6 16
6 18
7 7
7 10
8 3
8 7
9 3
9 18
10 0
10 20
11 2
11 17
12 13
12 17
13 10
13 13
14 2
14 4
15 19
15 20
16 5
16 14
17 1
17 11
18 5
18 11
19 6
19 12
20 12
20 16

# solution 1983
# n=21 sym=rot2 status=verified source=flammenkamp_cache/n21_rot2
# code=:BC794EGH5E23DJAF8J020KIK1C5A17HI6F346GBD89
0 11
0 12
1 7
1 9
2 4
2 14
3 16
3 17
4 5
4 14
5 2
5 3
6 13
6 19
7 10
7 15
8 8
8 19
9 0
9 2
10 0
10 20
11 18
11 20
12 1
12 12
13 5
13 10
14 1
14 7
15 17
15 18
16 6
16 15
17 3
17 4
18 6
18 16
19 11
19 13
20 8
20 9

# solution 1984
# n=21 sym=rot2 status=verified source=flammenkamp_cache/n21_rot2
# code=:9D8E259J6F1D8H0AGI340KGH24AK3C7J5E1BFI6C7B
0 9
0 13
1 8
1 14
2 2
2 5
3 9
3 19
4 6
4 15
5 1
5 13
6 8
6 17
7 0
7 10
8 16
8 18
9 3
9 4
10 0
10 20
11 16
11 17
12 2
12 4
13 10
13 20
14 3
14 12
15 7
15 19
16 5
16 14
17 1
17 11
18 15
18 18
19 6
19 12
20 7
20 11

# solution 1985
# n=21 sym=rot2 status=verified source=flammenkamp_cache/n21_rot2
# code=:DJ8F468B462B1HAI7K350KFH0D2A3J9IEG9CEG5C17
0 13
0 19
1 8
1 15
2 4
2 6
3 8
3 11
4 4
4 6
5 2
5 11
6 1
6 17
7 10
7 18
8 7
8 20
9 3
9 5
10 0
10 20
11 15
11 17
12 0
12 13
13 2
13 10
14 3
14 19
15 9
15 18
16 14
16 16
17 9
17 12
18 14
18 16
19 5
19 12
20 1
20 7

# solution 1986
# n=21 sym=rot2 status=verified source=flammenkamp_cache/n21_rot2
# code=:8G8F7H1BEG26270A3J590KBF1HAKDIEI469J3D5C4C
0 8
0 16
1 8
1 15
2 7
2 17
3 1
3 11
4 14
4 16
5 2
5 6
6 2
6 7
7 0
7 10
8 3
8 19
9 5
9 9
10 0
10 20
11 11
11 15
12 1
12 17
13 10
13 20
14 13
14 18
15 14
15 18
16 4
16 6
17 9
17 19
18 3
18 13
19 5
19 12
20 4
20 12

# solution 1987
# n=21 sym=rot2 status=verified source=flammenkamp_cache/n21_rot2
# code=:9D69DJ282E34JKAG583F0K5HCF4A01GH6ICI17BE7B
0 9
0 13
1 6
1 9
2 13
2 19
3 2
3 8
4 2
4 14
5 3
5 4
6 19
6 20
7 10
7 16
8 5
8 8
9 3
9 15
10 0
10 20
11 5
11 17
12 12
12 15
13 4
13 10
14 0
14 1
15 16
15 17
16 6
16 18
17 12
17 18
18 1
18 7
19 11
19 14
20 7
20 11

# solution 1988
# n=21 sym=rot2 status=verified source=flammenkamp_cache/n21_rot2
# code=:8D7E4BHJ6F1G3IAB8F020KIK5C9A2H4J5E139G6D7C
0 8
0 13
1 7
1 14
2 4
2 11
3 17
3 19
4 6
4 15
5 1
5 16
6 3
6 18
7 10
7 11
8 8
8 15
9 0
9 2
10 0
10 20
11 18
11 20
12 5
12 12
13 9
13 10
14 2
14 17
15 4
15 19
16 5
16 14
17 1
17 3
18 9
18 16
19 6
19 13
20 7
20 12

# solution 1989
# n=21 sym=rot2 status=verified source=flammenkamp_cache/n21_rot2
# code=:BC395ECG4E7J250A7JHI0K231DAKFI1D6G486FBH89
0 11
0 12
1 3
1 9
2 5
2 14
3 12
3 16
4 4
4 14
5 7
5 19
6 2
6 5
7 0
7 10
8 7
8 19
9 17
9 18
10 0
10 20
11 2
11 3
12 1
12 13
13 10
13 20
14 15
14 18
15 1
15 13
16 6
16 16
17 4
17 8
18 6
18 15
19 11
19 17
20 8
20 9

# solution 1990
# n=21 sym=rot2 status=verified source=flammenkamp_cache/n21_rot2
# code=:7DCF35BCEG3J4J2A9E020KIK6BAI1G1H4689FH587D
0 7
0 13
1 12
1 15
2 3
2 5
3 11
3 12
4 14
4 16
5 3
5 19
6 4
6 19
7 2
7 10
8 9
8 14
9 0
9 2
10 0
10 20
11 18
11 20
12 6
12 11
13 10
13 18
14 1
14 16
15 1
15 17
16 4
16 6
17 8
17 9
18 15
18 17
19 5
19 8
20 7
20 13

# solution 1991
# n=21 sym=rot2 status=verified source=flammenkamp_cache/n21_rot2
# code=:8B378E3GEG27FJ0A9J250KFI1BAK15DI464H6CDH9C
0 8
0 11
1 3
1 7
2 8
2 14
3 3
3 16
4 14
4 16
5 2
5 7
6 15
6 19
7 0
7 10
8 9
8 19
9 2
9 5
10 0
10 20
11 15
11 18
12 1
12 11
13 10
13 20
14 1
14 5
15 13
15 18
16 4
16 6
17 4
17 17
18 6
18 12
19 13
19 17
20 9
20 12

# solution 1992
# n=21 sym=rot2 status=verified source=flammenkamp_cache/n21_rot2
# code=:8B7H8E3GEG27FJ0A9J250KFI1BAK15DI464H6C3D9C
0 8
0 11
1 7
1 17
2 8
2 14
3 3
3 16
4 14
4 16
5 2
5 7
6 15
6 19
7 0
7 10
8 9
8 19
9 2
9 5
10 0
10 20
11 15
11 18
12 1
12 11
13 10
13 20
14 1
14 5
15 13
15 18
16 4
16 6
17 4
17 17
18 6
18 12
19 3
19 13
20 9
20 12

# solution 1993
# n=21 sym=rot2 status=verified source=flammenkamp_cache/n21_rot2
# code=:785CFJ29EG0G369A127H0K3DIJABEH4K46BI158FCD
0 7
0 8
1 5
1 12
2 15
2 19
3 2
3 9
4 14
4 16
5 0
5 16
6 3
6 6
7 9
7 10
8 1
8 2
9 7
9 17
10 0
10 20
11 3
11 13
12 18
12 19
13 10
13 11
14 14
14 17
15 4
15 20
16 4
16 6
17 11
17 18
18 1
18 5
19 8
19 15
20 12
20 13

# solution 1994
# n=21 sym=rot2 status=verified source=flammenkamp_cache/n21_rot2
# code=:9D8EBD256IGH5K1A8GHJ0K134CAJ0F342EFI796C7B
0 9
0 13
1 8
1 14
2 11
2 13
3 2
3 5
4 6
4 18
5 16
5 17
6 5
6 20
7 1
7 10
8 8
8 16
9 17
9 19
10 0
10 20
11 1
11 3
12 4
12 12
13 10
13 19
14 0
14 15
15 3
15 4
16 2
16 14
17 15
17 18
18 7
18 9
19 6
19 12
20 7
20 11

# solution 1995
# n=21 sym=rot2 status=verified source=flammenkamp_cache/n21_rot2
# code=:9C56FJ9H264H1D4A8IDK0K072CAG7J3GEI3B15EF8B
0 9
0 12
1 5
1 6
2 15
2 19
3 9
3 17
4 2
4 6
5 4
5 17
6 1
6 13
7 4
7 10
8 8
8 18
9 13
9 20
10 0
10 20
11 0
11 7
12 2
12 12
13 10
13 16
14 7
14 19
15 3
15 16
16 14
16 18
17 3
17 11
18 1
18 5
19 14
19 15
20 8
20 11

# solution 1996
# n=21 sym=rot2 status=verified source=flammenkamp_cache/n21_rot2
# code=:7G24BE39EI1C8FAK37150KFJDH0A5C8J26BH69GI4D
0 7
0 16
1 2
1 4
2 11
2 14
3 3
3 9
4 14
4 18
5 1
5 12
6 8
6 15
7 10
7 20
8 3
8 7
9 1
9 5
10 0
10 20
11 15
11 19
12 13
12 17
13 0
13 10
14 5
14 12
15 8
15 19
16 2
16 6
17 11
17 17
18 6
18 9
19 16
19 18
20 4
20 13

# solution 1997
# n=21 sym=rot2 status=verified source=flammenkamp_cache/n21_rot2
# code=:48BE3D48163DFIAK1F9I0K2B5J0A257HEJCG7H69CG
0 4
0 8
1 11
1 14
2 3
2 13
3 4
3 8
4 1
4 6
5 3
5 13
6 15
6 18
7 10
7 20
8 1
8 15
9 9
9 18
10 0
10 20
11 2
11 11
12 5
12 19
13 0
13 10
14 2
14 5
15 7
15 17
16 14
16 19
17 12
17 16
18 7
18 17
19 6
19 9
20 12
20 16

# solution 1998
# n=21 sym=rot2 status=verified source=flammenkamp_cache/n21_rot2
# code=:GI7C7B1G5F1B268AHKEH0K3603ACEI9J5F4J9D8D24
0 16
0 18
1 7
1 12
2 7
2 11
3 1
3 16
4 5
4 15
5 1
5 11
6 2
6 6
7 8
7 10
8 17
8 20
9 14
9 17
10 0
10 20
11 3
11 6
12 0
12 3
13 10
13 12
14 14
14 18
15 9
15 19
16 5
16 15
17 4
17 19
18 9
18 13
19 8
19 13
20 2
20 4

# solution 1999
# n=21 sym=rot2 status=verified source=flammenkamp_cache/n21_rot2
# code=:BC3EFJ7945DHEK8A1I4I0K2G2JAC0637FGBD156H89
0 11
0 12
1 3
1 14
2 15
2 19
3 7
3 9
4 4
4 5
5 13
5 17
6 14
6 20
7 8
7 10
8 1
8 18
9 4
9 18
10 0
10 20
11 2
11 16
12 2
12 19
13 10
13 12
14 0
14 6
15 3
15 7
16 15
16 16
17 11
17 13
18 1
18 5
19 6
19 17
20 8
20 9

# solution 2000
# n=21 sym=rot2 status=verified source=flammenkamp_cache/n21_rot2
# code=:BC375BEH45DEIK8A1I140KGJ2JAC0267FG369FDH89
0 11
0 12
1 3
1 7
2 5
2 11
3 14
3 17
4 4
4 5
5 13
5 14
6 18
6 20
7 8
7 10
8 1
8 18
9 1
9 4
10 0
10 20
11 16
11 19
12 2
12 19
13 10
13 12
14 0
14 2
15 6
15 7
16 15
16 16
17 3
17 6
18 9
18 15
19 13
19 17
20 8
20 9

# solution 2001
# n=21 sym=rot2 status=verified source=flammenkamp_cache/n21_rot2
# code=:CG679BIJ351C46AKHI570KDF230AEG8JFH129BDE48
0 12
0 16
1 6
1 7
2 9
2 11
3 18
3 19
4 3
4 5
5 1
5 12
6 4
6 6
7 10
7 20
8 17
8 18
9 5
9 7
10 0
10 20
11 13
11 15
12 2
12 3
13 0
13 10
14 14
14 16
15 8
15 19
16 15
16 17
17 1
17 2
18 9
18 11
19 13
19 14
20 4
20 8

# solution 2002
# n=21 sym=rot2 status=verified source=flammenkamp_cache/n21_rot2
# code=:9CEF7B1JFH382G7A2KEG0K460IAD4ICH351J9D568B
0 9
0 12
1 14
1 15
2 7
2 11
3 1
3 19
4 15
4 17
5 3
5 8
6 2
6 16
7 7
7 10
8 2
8 20
9 14
9 16
10 0
10 20
11 4
11 6
12 0
12 18
13 10
13 13
14 4
14 18
15 12
15 17
16 3
16 5
17 1
17 19
18 9
18 13
19 5
19 6
20 8
20 11

# solution 2003
# n=21 sym=rot2 status=verified source=flammenkamp_cache/n21_rot2
# code=:9C5E7B1JFH382G7A2KEG0K460IAD4ICH351J9D6F8B
0 9
0 12
1 5
1 14
2 7
2 11
3 1
3 19
4 15
4 17
5 3
5 8
6 2
6 16
7 7
7 10
8 2
8 20
9 14
9 16
10 0
10 20
11 4
11 6
12 0
12 18
13 10
13 13
14 4
14 18
15 12
15 17
16 3
16 5
17 1
17 19
18 9
18 13
19 6
19 15
20 8
20 11

# solution 2004
# n=21 sym=rot2 status=verified source=flammenkamp_cache/n21_rot2
# code=:683I2B7F5H17CE4A19GK0K04BJAG68DJ3F5D9I2HCE
0 6
0 8
1 3
1 18
2 2
2 11
3 7
3 15
4 5
4 17
5 1
5 7
6 12
6 14
7 4
7 10
8 1
8 9
9 16
9 20
10 0
10 20
11 0
11 4
12 11
12 19
13 10
13 16
14 6
14 8
15 13
15 19
16 3
16 15
17 5
17 13
18 9
18 18
19 2
19 17
20 12
20 14

# solution 2005
# n=21 sym=rot2 status=verified source=flammenkamp_cache/n21_rot2
# code=:BE588E193F3IIJ7A4D040KGK7GAD122H5HBJ6CCF69
0 11
0 14
1 5
1 8
2 8
2 14
3 1
3 9
4 3
4 15
5 3
5 18
6 18
6 19
7 7
7 10
8 4
8 13
9 0
9 4
10 0
10 20
11 16
11 20
12 7
12 16
13 10
13 13
14 1
14 2
15 2
15 17
16 5
16 17
17 11
17 19
18 6
18 12
19 12
19 15
20 6
20 9

# solution 2006
# n=21 sym=rot2 status=verified source=flammenkamp_cache/n21_rot2
# code=:5CCD79395H2JGJ6A26GK0K04EIAE141I3FBHBD788F
0 5
0 12
1 12
1 13
2 7
2 9
3 3
3 9
4 5
4 17
5 2
5 19
6 16
6 19
7 6
7 10
8 2
8 6
9 16
9 20
10 0
10 20
11 0
11 4
12 14
12 18
13 10
13 14
14 1
14 4
15 1
15 18
16 3
16 15
17 11
17 17
18 11
18 13
19 7
19 8
20 8
20 15

# solution 2007
# n=21 sym=rot2 status=verified source=flammenkamp_cache/n21_rot2
# code=:3D28671G3F9C14AI0E9F0K5B6K2AGJ8B5H4JDECI7H
0 3
0 13
1 2
1 8
2 6
2 7
3 1
3 16
4 3
4 15
5 9
5 12
6 1
6 4
7 10
7 18
8 0
8 14
9 9
9 15
10 0
10 20
11 5
11 11
12 6
12 20
13 2
13 10
14 16
14 19
15 8
15 11
16 5
16 17
17 4
17 19
18 13
18 14
19 12
19 18
20 7
20 17

# solution 2008
# n=21 sym=rot2 status=verified source=flammenkamp_cache/n21_rot2
# code=:BC6F6CBH5H127JAG2K470KDG0I4A1DIJ3F398E5E89
0 11
0 12
1 6
1 15
2 6
2 12
3 11
3 17
4 5
4 17
5 1
5 2
6 7
6 19
7 10
7 16
8 2
8 20
9 4
9 7
10 0
10 20
11 13
11 16
12 0
12 18
13 4
13 10
14 1
14 13
15 18
15 19
16 3
16 15
17 3
17 9
18 8
18 14
19 5
19 14
20 8
20 9

# solution 2009
# n=21 sym=rot2 status=verified source=flammenkamp_cache/n21_rot2
# code=:6C5H9E293F2CJK7ADG140KGJ47AD018I5HBI6B3F8E
0 6
0 12
1 5
1 17
2 9
2 14
3 2
3 9
4 3
4 15
5 2
5 12
6 19
6 20
7 7
7 10
8 13
8 16
9 1
9 4
10 0
10 20
11 16
11 19
12 4
12 7
13 10
13 13
14 0
14 1
15 8
15 18
16 5
16 17
17 11
17 18
18 6
18 11
19 3
19 15
20 8
20 14

# solution 2010
# n=21 sym=rot2 status=verified source=flammenkamp_cache/n21_rot2
# code=:6G8H6F8B3F17JK4A2D9I0K2B7IAG01DJ5H9C5E3C4E
0 6
0 16
1 8
1 17
2 6
2 15
3 8
3 11
4 3
4 15
5 1
5 7
6 19
6 20
7 4
7 10
8 2
8 13
9 9
9 18
10 0
10 20
11 2
11 11
12 7
12 18
13 10
13 16
14 0
14 1
15 13
15 19
16 5
16 17
17 9
17 12
18 5
18 14
19 3
19 12
20 4
20 14

# solution 2011
# n=21 sym=rot2 status=verified source=flammenkamp_cache/n21_rot2
# code=:8C4B26BE5H017FAI1H470KDG3J2A5DJK3F69EI9G8C
0 8
0 12
1 4
1 11
2 2
2 6
3 11
3 14
4 5
4 17
5 0
5 1
6 7
6 15
7 10
7 18
8 1
8 17
9 4
9 7
10 0
10 20
11 13
11 16
12 3
12 19
13 2
13 10
14 5
14 13
15 19
15 20
16 3
16 15
17 6
17 9
18 14
18 18
19 9
19 16
20 8
20 12

# solution 2012
# n=21 sym=rot2 status=verified source=flammenkamp_cache/n21_rot2
# code=:686C9K9F5H2G2J7A3G7J0K1D4HAD1I4I3F5B0B8ECE
0 6
0 8
1 6
1 12
2 9
2 20
3 9
3 15
4 5
4 17
5 2
5 16
6 2
6 19
7 7
7 10
8 3
8 16
9 7
9 19
10 0
10 20
11 1
11 13
12 4
12 17
13 10
13 13
14 1
14 18
15 4
15 18
16 3
16 15
17 5
17 11
18 0
18 11
19 8
19 14
20 12
20 14

# solution 2013
# n=21 sym=rot2 status=verified source=flammenkamp_cache/n21_rot2
# code=:DG19CH8H25EJ295A470E0K6KDGAFBI16FI3C38BJ47
0 13
0 16
1 1
1 9
2 12
2 17
3 8
3 17
4 2
4 5
5 14
5 19
6 2
6 9
7 5
7 10
8 4
8 7
9 0
9 14
10 0
10 20
11 6
11 20
12 13
12 16
13 10
13 15
14 11
14 18
15 1
15 6
16 15
16 18
17 3
17 12
18 3
18 8
19 11
19 19
20 4
20 7

# solution 2014
# n=21 sym=rot2 status=verified source=flammenkamp_cache/n21_rot2
# code=:498E8F1HFI3B1D7A4I6K0K0E2GAD7J9H253J5C6CBG
0 4
0 9
1 8
1 14
2 8
2 15
3 1
3 17
4 15
4 18
5 3
5 11
6 1
6 13
7 7
7 10
8 4
8 18
9 6
9 20
10 0
10 20
11 0
11 14
12 2
12 16
13 10
13 13
14 7
14 19
15 9
15 17
16 2
16 5
17 3
17 19
18 5
18 12
19 6
19 12
20 11
20 16

# solution 2015
# n=21 sym=rot2 status=verified source=flammenkamp_cache/n21_rot2
# code=:9DDH6G38258J5J9A2KEG0K460IAB1F1CFICH4E377B
0 9
0 13
1 13
1 17
2 6
2 16
3 3
3 8
4 2
4 5
5 8
5 19
6 5
6 19
7 9
7 10
8 2
8 20
9 14
9 16
10 0
10 20
11 4
11 6
12 0
12 18
13 10
13 11
14 1
14 15
15 1
15 12
16 15
16 18
17 12
17 17
18 4
18 14
19 3
19 7
20 7
20 11

# solution 2016
# n=21 sym=rot2 status=verified source=flammenkamp_cache/n21_rot2
# code=:9B8E8E14FIHI5D7A04HJ0K13GKAD7F2325GJ6C6C9B
0 9
0 11
1 8
1 14
2 8
2 14
3 1
3 4
4 15
4 18
5 17
5 18
6 5
6 13
7 7
7 10
8 0
8 4
9 17
9 19
10 0
10 20
11 1
11 3
12 16
12 20
13 10
13 13
14 7
14 15
15 2
15 3
16 2
16 5
17 16
17 19
18 6
18 12
19 6
19 12
20 9
20 11

# solution 2017
# n=21 sym=rot2 status=verified source=flammenkamp_cache/n21_rot2
# code=:9B8E8E14FI2H5D7A04HJ0K13GKAD7F3I25GJ6C6C9B
0 9
0 11
1 8
1 14
2 8
2 14
3 1
3 4
4 15
4 18
5 2
5 17
6 5
6 13
7 7
7 10
8 0
8 4
9 17
9 19
10 0
10 20
11 1
11 3
12 16
12 20
13 10
13 13
14 7
14 15
15 3
15 18
16 2
16 5
17 16
17 19
18 6
18 12
19 6
19 12
20 9
20 11

# solution 2018
# n=21 sym=rot2 status=verified source=flammenkamp_cache/n21_rot2
# code=:BD69DH48258EIKAJ143F0K5HGJ1A026CFICG37BE79
0 11
0 13
1 6
1 9
2 13
2 17
3 4
3 8
4 2
4 5
5 8
5 14
6 18
6 20
7 10
7 19
8 1
8 4
9 3
9 15
10 0
10 20
11 5
11 17
12 16
12 19
13 1
13 10
14 0
14 2
15 6
15 12
16 15
16 18
17 12
17 16
18 3
18 7
19 11
19 14
20 7
20 9

# solution 2019
# n=21 sym=rot2 status=verified source=flammenkamp_cache/n21_rot2
# code=:8E568B3I5IBG7JAG037J0K1DHK4A1D492F2H9CEF6C
0 8
0 14
1 5
1 6
2 8
2 11
3 3
3 18
4 5
4 18
5 11
5 16
6 7
6 19
7 10
7 16
8 0
8 3
9 7
9 19
10 0
10 20
11 1
11 13
12 17
12 20
13 4
13 10
14 1
14 13
15 4
15 9
16 2
16 15
17 2
17 17
18 9
18 12
19 14
19 15
20 6
20 12

# solution 2020
# n=21 sym=rot2 status=verified source=flammenkamp_cache/n21_rot2
# code=:68CD7BGH15GH2K5A9E120KIJ6BAF0I34FJ349D78CE
0 6
0 8
1 12
1 13
2 7
2 11
3 16
3 17
4 1
4 5
5 16
5 17
6 2
6 20
7 5
7 10
8 9
8 14
9 1
9 2
10 0
10 20
11 18
11 19
12 6
12 11
13 10
13 15
14 0
14 18
15 3
15 4
16 15
16 19
17 3
17 4
18 9
18 13
19 7
19 8
20 12
20 14

# solution 2021
# n=21 sym=rot2 status=verified source=flammenkamp_cache/n21_rot2
# code=:488E2D593FHJDGAJ690I0K2KBE1A47135HBF7I6CCG
0 4
0 8
1 8
1 14
2 2
2 13
3 5
3 9
4 3
4 15
5 17
5 19
6 13
6 16
7 10
7 19
8 6
8 9
9 0
9 18
10 0
10 20
11 2
11 20
12 11
12 14
13 1
13 10
14 4
14 7
15 1
15 3
16 5
16 17
17 11
17 15
18 7
18 18
19 6
19 12
20 12
20 16

# solution 2022
# n=21 sym=rot2 status=verified source=flammenkamp_cache/n21_rot2
# code=:9A7EEF4H0C341KFIIJ9C7D8B12250JGH8K3G566DAB
0 9
0 10
1 7
1 14
2 14
2 15
3 4
3 17
4 0
4 12
5 3
5 4
6 1
6 20
7 15
7 18
8 18
8 19
9 9
9 12
10 7
10 13
11 8
11 11
12 1
12 2
13 2
13 5
14 0
14 19
15 16
15 17
16 8
16 20
17 3
17 16
18 5
18 6
19 6
19 13
20 10
20 11

# solution 2023
# n=21 sym=rot2 status=verified source=flammenkamp_cache/n21_rot2
# code=:8B6F6CBHFH127JAG2K470KDG0I4A1DIJ35398E5E9C
0 8
0 11
1 6
1 15
2 6
2 12
3 11
3 17
4 15
4 17
5 1
5 2
6 7
6 19
7 10
7 16
8 2
8 20
9 4
9 7
10 0
10 20
11 13
11 16
12 0
12 18
13 4
13 10
14 1
14 13
15 18
15 19
16 3
16 5
17 3
17 9
18 8
18 14
19 5
19 14
20 9
20 12

# solution 2024
# n=21 sym=rot2 status=verified source=flammenkamp_cache/n21_rot2
# code=:BC6F6CBHFH127JAG2K470KDG0I4A1DIJ35398E5E89
0 11
0 12
1 6
1 15
2 6
2 12
3 11
3 17
4 15
4 17
5 1
5 2
6 7
6 19
7 10
7 16
8 2
8 20
9 4
9 7
10 0
10 20
11 13
11 16
12 0
12 18
13 4
13 10
14 1
14 13
15 18
15 19
16 3
16 5
17 3
17 9
18 8
18 14
19 5
19 14
20 8
20 9

# solution 2025
# n=21 sym=rot2 status=verified source=flammenkamp_cache/n21_rot2
# code=:CE5C7JDG359J04AIEH290KBI362AGK1BFH471D8F68
0 12
0 14
1 5
1 12
2 7
2 19
3 13
3 16
4 3
4 5
5 9
5 19
6 0
6 4
7 10
7 18
8 14
8 17
9 2
9 9
10 0
10 20
11 11
11 18
12 3
12 6
13 2
13 10
14 16
14 20
15 1
15 11
16 15
16 17
17 4
17 7
18 1
18 13
19 8
19 15
20 6
20 8

# solution 2026
# n=21 sym=rot2 status=verified source=flammenkamp_cache/n21_rot2
# code=:9C9E5CGJ2513277AHK4E0K6G03ADDIHJFI148F6B8B
0 9
0 12
1 9
1 14
2 5
2 12
3 16
3 19
4 2
4 5
5 1
5 3
6 2
6 7
7 7
7 10
8 17
8 20
9 4
9 14
10 0
10 20
11 6
11 16
12 0
12 3
13 10
13 13
14 13
14 18
15 17
15 19
16 15
16 18
17 1
17 4
18 8
18 15
19 6
19 11
20 8
20 11

# solution 2027
# n=21 sym=rot2 status=verified source=flammenkamp_cache/n21_rot2
# code=:7CBE8E34FI1J2FAD09GH0K34BK7A5I1J25GH6C698D
0 7
0 12
1 11
1 14
2 8
2 14
3 3
3 4
4 15
4 18
5 1
5 19
6 2
6 15
7 10
7 13
8 0
8 9
9 16
9 17
10 0
10 20
11 3
11 4
12 11
12 20
13 7
13 10
14 5
14 18
15 1
15 19
16 2
16 5
17 16
17 17
18 6
18 12
19 6
19 9
20 8
20 13

# solution 2028
# n=21 sym=rot2 status=verified source=flammenkamp_cache/n21_rot2
# code=:699C46CH5J2H157AIKDG0K4702ADFJ3I1F38EG8BBE
0 6
0 9
1 9
1 12
2 4
2 6
3 12
3 17
4 5
4 19
5 2
5 17
6 1
6 5
7 7
7 10
8 18
8 20
9 13
9 16
10 0
10 20
11 4
11 7
12 0
12 2
13 10
13 13
14 15
14 19
15 3
15 18
16 1
16 15
17 3
17 8
18 14
18 16
19 8
19 11
20 11
20 14

# solution 2029
# n=21 sym=rot2 status=verified source=flammenkamp_cache/n21_rot2
# code=:2G9E9E2C15CH0F7A4JDH0K371GAD5K38FJ8I6B6B4I
0 2
0 16
1 9
1 14
2 9
2 14
3 2
3 12
4 1
4 5
5 12
5 17
6 0
6 15
7 7
7 10
8 4
8 19
9 13
9 17
10 0
10 20
11 3
11 7
12 1
12 16
13 10
13 13
14 5
14 20
15 3
15 8
16 15
16 19
17 8
17 18
18 6
18 11
19 6
19 11
20 4
20 18

# solution 2030
# n=21 sym=rot2 status=verified source=flammenkamp_cache/n21_rot2
# code=:496B1E8G15HIDK5A28DH0K37CIAF0723FJ4C6J9EBG
0 4
0 9
1 6
1 11
2 1
2 14
3 8
3 16
4 1
4 5
5 17
5 18
6 13
6 20
7 5
7 10
8 2
8 8
9 13
9 17
10 0
10 20
11 3
11 7
12 12
12 18
13 10
13 15
14 0
14 7
15 2
15 3
16 15
16 19
17 4
17 12
18 6
18 19
19 9
19 14
20 11
20 16

# solution 2031
# n=21 sym=rot2 status=verified source=flammenkamp_cache/n21_rot2
# code=:9B5C6GCH24HK57AE127J0K1DIJ6ADF03GI384E8F9B
0 9
0 11
1 5
1 12
2 6
2 16
3 12
3 17
4 2
4 4
5 17
5 20
6 5
6 7
7 10
7 14
8 1
8 2
9 7
9 19
10 0
10 20
11 1
11 13
12 18
12 19
13 6
13 10
14 13
14 15
15 0
15 3
16 16
16 18
17 3
17 8
18 4
18 14
19 8
19 15
20 9
20 11

# solution 2032
# n=21 sym=rot2 status=verified source=flammenkamp_cache/n21_rot2
# code=:7959IJ8E243E1K8A7G3F0K5H4DAC0J6HGI6C12BFBD
0 7
0 9
1 5
1 9
2 18
2 19
3 8
3 14
4 2
4 4
5 3
5 14
6 1
6 20
7 8
7 10
8 7
8 16
9 3
9 15
10 0
10 20
11 5
11 17
12 4
12 13
13 10
13 12
14 0
14 19
15 6
15 17
16 16
16 18
17 6
17 12
18 1
18 2
19 11
19 15
20 11
20 13

# solution 2033
# n=21 sym=rot2 status=verified source=flammenkamp_cache/n21_rot2
# code=:699DFI6824HJFK8A34DJ0K17GHAC0513GICE257BBE
0 6
0 9
1 9
1 13
2 15
2 18
3 6
3 8
4 2
4 4
5 17
5 19
6 15
6 20
7 8
7 10
8 3
8 4
9 13
9 19
10 0
10 20
11 1
11 7
12 16
12 17
13 10
13 12
14 0
14 5
15 1
15 3
16 16
16 18
17 12
17 14
18 2
18 5
19 7
19 11
20 11
20 14

# solution 2034
# n=21 sym=rot2 status=verified source=flammenkamp_cache/n21_rot2
# code=:178C4EEJ249D9FAK2H350KFH3I0A5B7BGI166G8CDJ
0 1
0 7
1 8
1 12
2 4
2 14
3 14
3 19
4 2
4 4
5 9
5 13
6 9
6 15
7 10
7 20
8 2
8 17
9 3
9 5
10 0
10 20
11 15
11 17
12 3
12 18
13 0
13 10
14 5
14 11
15 7
15 11
16 16
16 18
17 1
17 6
18 6
18 16
19 8
19 12
20 13
20 19

# solution 2035
# n=21 sym=rot2 status=verified source=flammenkamp_cache/n21_rot2
# code=:5B8ECE1B244H0F3A7JDI0K271DAH5K3GGI9J686C9F
0 5
0 11
1 8
1 14
2 12
2 14
3 1
3 11
4 2
4 4
5 4
5 17
6 0
6 15
7 3
7 10
8 7
8 19
9 13
9 18
10 0
10 20
11 2
11 7
12 1
12 13
13 10
13 17
14 5
14 20
15 3
15 16
16 16
16 18
17 9
17 19
18 6
18 8
19 6
19 12
20 9
20 15

# solution 2036
# n=21 sym=rot2 status=verified source=flammenkamp_cache/n21_rot2
# code=:BC375B4E4IDEIK8A131F0K5JHJAC02672G6G9FDH89
0 11
0 12
1 3
1 7
2 5
2 11
3 4
3 14
4 4
4 18
5 13
5 14
6 18
6 20
7 8
7 10
8 1
8 3
9 1
9 15
10 0
10 20
11 5
11 19
12 17
12 19
13 10
13 12
14 0
14 2
15 6
15 7
16 2
16 16
17 6
17 16
18 9
18 15
19 13
19 17
20 8
20 9

# solution 2037
# n=21 sym=rot2 status=verified source=flammenkamp_cache/n21_rot2
# code=:79EG68194IHJ5F8AIK7H0K3D02AC5F132GBJCE46BD
0 7
0 9
1 14
1 16
2 6
2 8
3 1
3 9
4 4
4 18
5 17
5 19
6 5
6 15
7 8
7 10
8 18
8 20
9 7
9 17
10 0
10 20
11 3
11 13
12 0
12 2
13 10
13 12
14 5
14 15
15 1
15 3
16 2
16 16
17 11
17 19
18 12
18 14
19 4
19 6
20 11
20 13

# solution 2038
# n=21 sym=rot2 status=verified source=flammenkamp_cache/n21_rot2
# code=:169C6F9CGH2HFK2A7G7J0K1D4DAI053I348B5E8BEJ
0 1
0 6
1 9
1 12
2 6
2 15
3 9
3 12
4 16
4 17
5 2
5 17
6 15
6 20
7 2
7 10
8 7
8 16
9 7
9 19
10 0
10 20
11 1
11 13
12 4
12 13
13 10
13 18
14 0
14 5
15 3
15 18
16 3
16 4
17 8
17 11
18 5
18 14
19 8
19 11
20 14
20 19

# solution 2039
# n=21 sym=rot2 status=verified source=flammenkamp_cache/n21_rot2
# code=:8D8FBD362G6G120A39FJ0K15BHAKIJ4E4IEH795C7C
0 8
0 13
1 8
1 15
2 11
2 13
3 3
3 6
4 2
4 16
5 6
5 16
6 1
6 2
7 0
7 10
8 3
8 9
9 15
9 19
10 0
10 20
11 1
11 5
12 11
12 17
13 10
13 20
14 18
14 19
15 4
15 14
16 4
16 18
17 14
17 17
18 7
18 9
19 5
19 12
20 7
20 12

# solution 2040
# n=21 sym=rot2 status=verified source=flammenkamp_cache/n21_rot2
# code=:8B48EJ3BGI031F6A7IDF0K572DAE5JHK249H16CG9C
0 8
0 11
1 4
1 8
2 14
2 19
3 3
3 11
4 16
4 18
5 0
5 3
6 1
6 15
7 6
7 10
8 7
8 18
9 13
9 15
10 0
10 20
11 5
11 7
12 2
12 13
13 10
13 14
14 5
14 19
15 17
15 20
16 2
16 4
17 9
17 17
18 1
18 6
19 12
19 16
20 9
20 12

# solution 2041
# n=21 sym=rot2 status=verified source=flammenkamp_cache/n21_rot2
# code=:498F8E3BGI0IFJ6A7JDH0K371DAE152K249H6C5CBG
0 4
0 9
1 8
1 15
2 8
2 14
3 3
3 11
4 16
4 18
5 0
5 18
6 15
6 19
7 6
7 10
8 7
8 19
9 13
9 17
10 0
10 20
11 3
11 7
12 1
12 13
13 10
13 14
14 1
14 5
15 2
15 20
16 2
16 4
17 9
17 17
18 6
18 12
19 5
19 12
20 11
20 16

# solution 2042
# n=21 sym=rot2 status=verified source=flammenkamp_cache/n21_rot2
# code=:68BG583BGI7J2F6A3J7K0K0D1HAE5I1D249HCF49CE
0 6
0 8
1 11
1 16
2 5
2 8
3 3
3 11
4 16
4 18
5 7
5 19
6 2
6 15
7 6
7 10
8 3
8 19
9 7
9 20
10 0
10 20
11 0
11 13
12 1
12 17
13 10
13 14
14 5
14 18
15 1
15 13
16 2
16 4
17 9
17 17
18 12
18 15
19 4
19 9
20 12
20 14

# solution 2043
# n=21 sym=rot2 status=verified source=flammenkamp_cache/n21_rot2
# code=:9E28683FGI39FJ4A7DJK0K017DAG15BH245HCECI6B
0 9
0 14
1 2
1 8
2 6
2 8
3 3
3 15
4 16
4 18
5 3
5 9
6 15
6 19
7 4
7 10
8 7
8 13
9 19
9 20
10 0
10 20
11 0
11 1
12 7
12 13
13 10
13 16
14 1
14 5
15 11
15 17
16 2
16 4
17 5
17 17
18 12
18 14
19 12
19 18
20 6
20 11

# solution 2044
# n=21 sym=rot2 status=verified source=flammenkamp_cache/n21_rot2
# code=:686B583BGI7J2FAG3J7K0K0D1H4A5I1D249HCF9ECE
0 6
0 8
1 6
1 11
2 5
2 8
3 3
3 11
4 16
4 18
5 7
5 19
6 2
6 15
7 10
7 16
8 3
8 19
9 7
9 20
10 0
10 20
11 0
11 13
12 1
12 17
13 4
13 10
14 5
14 18
15 1
15 13
16 2
16 4
17 9
17 17
18 12
18 15
19 9
19 14
20 12
20 14

# solution 2045
# n=21 sym=rot2 status=verified source=flammenkamp_cache/n21_rot2
# code=:BH6KBD14HI684JAD8I5F0K5F2C7A1GCE23GJ790E39
0 11
0 17
1 6
1 20
2 11
2 13
3 1
3 4
4 17
4 18
5 6
5 8
6 4
6 19
7 10
7 13
8 8
8 18
9 5
9 15
10 0
10 20
11 5
11 15
12 2
12 12
13 7
13 10
14 1
14 16
15 12
15 14
16 2
16 3
17 16
17 19
18 7
18 9
19 0
19 14
20 3
20 9

# solution 2046
# n=21 sym=rot2 status=verified source=flammenkamp_cache/n21_rot2
# code=:BC6I68DJ239D5JAG05340KGHFK4A1F7BHI17CE2E89
0 11
0 12
1 6
1 18
2 6
2 8
3 13
3 19
4 2
4 3
5 9
5 13
6 5
6 19
7 10
7 16
8 0
8 5
9 3
9 4
10 0
10 20
11 16
11 17
12 15
12 20
13 4
13 10
14 1
14 15
15 7
15 11
16 17
16 18
17 1
17 7
18 12
18 14
19 2
19 14
20 8
20 9

# solution 2047
# n=21 sym=rot2 status=verified source=flammenkamp_cache/n21_rot2
# code=:9BCDCI3J237J5F0A4G6E0K6E4GAK5F1DHI1H28789B
0 9
0 11
1 12
1 13
2 12
2 18
3 3
3 19
4 2
4 3
5 7
5 19
6 5
6 15
7 0
7 10
8 4
8 16
9 6
9 14
10 0
10 20
11 6
11 14
12 4
12 16
13 10
13 20
14 5
14 15
15 1
15 13
16 17
16 18
17 1
17 17
18 2
18 8
19 7
19 8
20 9
20 11

# solution 2048
# n=21 sym=rot2 status=verified source=flammenkamp_cache/n21_rot2
# code=:9BCDCI3J237J5FAK4G6E0K6E4G0A5F1DHI1H28789B
0 9
0 11
1 12
1 13
2 12
2 18
3 3
3 19
4 2
4 3
5 7
5 19
6 5
6 15
7 10
7 20
8 4
8 16
9 6
9 14
10 0
10 20
11 6
11 14
12 4
12 16
13 0
13 10
14 5
14 15
15 1
15 13
16 17
16 18
17 1
17 17
18 2
18 8
19 7
19 8
20 9
20 11

# solution 2049
# n=21 sym=rot2 status=verified source=flammenkamp_cache/n21_rot2
# code=:9BCDCI3J3I7J5F0A4G6E0K6E4GAK5F1D2H1H28789B
0 9
0 11
1 12
1 13
2 12
2 18
3 3
3 19
4 3
4 18
5 7
5 19
6 5
6 15
7 0
7 10
8 4
8 16
9 6
9 14
10 0
10 20
11 6
11 14
12 4
12 16
13 10
13 20
14 5
14 15
15 1
15 13
16 2
16 17
17 1
17 17
18 2
18 8
19 7
19 8
20 9
20 11

# solution 2050
# n=21 sym=rot2 status=verified source=flammenkamp_cache/n21_rot2
# code=:9BCDCI3J3I7J5FAK4G6E0K6E4G0A5F1D2H1H28789B
0 9
0 11
1 12
1 13
2 12
2 18
3 3
3 19
4 3
4 18
5 7
5 19
6 5
6 15
7 10
7 20
8 4
8 16
9 6
9 14
10 0
10 20
11 6
11 14
12 4
12 16
13 0
13 10
14 5
14 15
15 1
15 13
16 2
16 17
17 1
17 17
18 2
18 8
19 7
19 8
20 9
20 11

# solution 2051
# n=21 sym=rot2 status=verified source=flammenkamp_cache/n21_rot2
# code=:9G8H468D1H175FAI2K9E0K6B0I2A5FDJ3J7CEG3C4B
0 9
0 16
1 8
1 17
2 4
2 6
3 8
3 13
4 1
4 17
5 1
5 7
6 5
6 15
7 10
7 18
8 2
8 20
9 9
9 14
10 0
10 20
11 6
11 11
12 0
12 18
13 2
13 10
14 5
14 15
15 13
15 19
16 3
16 19
17 7
17 12
18 14
18 16
19 3
19 12
20 4
20 11

# solution 2052
# n=21 sym=rot2 status=verified source=flammenkamp_cache/n21_rot2
# code=:9EEH7925HJ8D2K8A4GFJ0K154GAC0I7C13FIBD366B
0 9
0 14
1 14
1 17
2 7
2 9
3 2
3 5
4 17
4 19
5 8
5 13
6 2
6 20
7 8
7 10
8 4
8 16
9 15
9 19
10 0
10 20
11 1
11 5
12 4
12 16
13 10
13 12
14 0
14 18
15 7
15 12
16 1
16 3
17 15
17 18
18 11
18 13
19 3
19 6
20 6
20 11

# solution 2053
# n=21 sym=rot2 status=verified source=flammenkamp_cache/n21_rot2
# code=:478CBF1H136DFI2A6G9K0K0B4EAI257EHJ3J598CDG
0 4
0 7
1 8
1 12
2 11
2 15
3 1
3 17
4 1
4 3
5 6
5 13
6 15
6 18
7 2
7 10
8 6
8 16
9 9
9 20
10 0
10 20
11 0
11 11
12 4
12 14
13 10
13 18
14 2
14 5
15 7
15 14
16 17
16 19
17 3
17 19
18 5
18 9
19 8
19 12
20 13
20 16

# solution 2054
# n=21 sym=rot2 status=verified source=flammenkamp_cache/n21_rot2
# code=:598EDE481I3IDF3A049J0K1BGKAH572H2JCG676CBF
0 5
0 9
1 8
1 14
2 13
2 14
3 4
3 8
4 1
4 18
5 3
5 18
6 13
6 15
7 3
7 10
8 0
8 4
9 9
9 19
10 0
10 20
11 1
11 11
12 16
12 20
13 10
13 17
14 5
14 7
15 2
15 17
16 2
16 19
17 12
17 16
18 6
18 7
19 6
19 12
20 11
20 15

# solution 2055
# n=21 sym=rot2 status=verified source=flammenkamp_cache/n21_rot2
# code=:9D8E4H2H1D681A0F249F0K5BGI5KAJCE7J3I3G6C7B
0 9
0 13
1 8
1 14
2 4
2 17
3 2
3 17
4 1
4 13
5 6
5 8
6 1
6 10
7 0
7 15
8 2
8 4
9 9
9 15
10 0
10 20
11 5
11 11
12 16
12 18
13 5
13 20
14 10
14 19
15 12
15 14
16 7
16 19
17 3
17 18
18 3
18 16
19 6
19 12
20 7
20 11

# solution 2056
# n=21 sym=rot2 status=verified source=flammenkamp_cache/n21_rot2
# code=:9J679D8IEG284A5K1H350KFH3J0FAGCI462C7BDE1B
0 9
0 19
1 6
1 7
2 9
2 13
3 8
3 18
4 14
4 16
5 2
5 8
6 4
6 10
7 5
7 20
8 1
8 17
9 3
9 5
10 0
10 20
11 15
11 17
12 3
12 19
13 0
13 15
14 10
14 16
15 12
15 18
16 4
16 6
17 2
17 12
18 7
18 11
19 13
19 14
20 1
20 11

# solution 2057
# n=21 sym=rot2 status=verified source=flammenkamp_cache/n21_rot2
# code=:9J679D8IEG284A5K1H5H0K3F3J0FAGCI462C7BDE1B
0 9
0 19
1 6
1 7
2 9
2 13
3 8
3 18
4 14
4 16
5 2
5 8
6 4
6 10
7 5
7 20
8 1
8 17
9 5
9 17
10 0
10 20
11 3
11 15
12 3
12 19
13 0
13 15
14 10
14 16
15 12
15 18
16 4
16 6
17 2
17 12
18 7
18 11
19 13
19 14
20 1
20 11

# solution 2058
# n=21 sym=rot2 status=verified source=flammenkamp_cache/n21_rot2
# code=:6CHJ1D0C49EHAD459I250KFI2BFG7A36BG8K7J138E
0 6
0 12
1 17
1 19
2 1
2 13
3 0
3 12
4 4
4 9
5 14
5 17
6 10
6 13
7 4
7 5
8 9
8 18
9 2
9 5
10 0
10 20
11 15
11 18
12 2
12 11
13 15
13 16
14 7
14 10
15 3
15 6
16 11
16 16
17 8
17 20
18 7
18 19
19 1
19 3
20 8
20 14

# solution 2059
# n=21 sym=rot2 status=verified source=flammenkamp_cache/n21_rot2
# code=:9DCG37GK3C2E9A15EI150KFJ26FJAB6I8H04DH487B
0 9
0 13
1 12
1 16
2 3
2 7
3 16
3 20
4 3
4 12
5 2
5 14
6 9
6 10
7 1
7 5
8 14
8 18
9 1
9 5
10 0
10 20
11 15
11 19
12 2
12 6
13 15
13 19
14 10
14 11
15 6
15 18
16 8
16 17
17 0
17 4
18 13
18 17
19 4
19 8
20 7
20 11

# solution 2060
# n=21 sym=rot2 status=verified source=flammenkamp_cache/n21_rot2
# code=:9DCG3DGK3C2E9A15EI150KFJ26FJAB6I8H047H487B
0 9
0 13
1 12
1 16
2 3
2 13
3 16
3 20
4 3
4 12
5 2
5 14
6 9
6 10
7 1
7 5
8 14
8 18
9 1
9 5
10 0
10 20
11 15
11 19
12 2
12 6
13 15
13 19
14 10
14 11
15 6
15 18
16 8
16 17
17 0
17 4
18 7
18 17
19 4
19 8
20 7
20 11

# solution 2061
# n=21 sym=rot2 status=verified source=flammenkamp_cache/n21_rot2
# code=:8B7H1E8KEG2GAD2519350KFHBJFI7A4I460C6J3D9C
0 8
0 11
1 7
1 17
2 1
2 14
3 8
3 20
4 14
4 16
5 2
5 16
6 10
6 13
7 2
7 5
8 1
8 9
9 3
9 5
10 0
10 20
11 15
11 17
12 11
12 19
13 15
13 18
14 7
14 10
15 4
15 18
16 4
16 6
17 0
17 12
18 6
18 19
19 3
19 13
20 9
20 12

# solution 2062
# n=21 sym=rot2 status=verified source=flammenkamp_cache/n21_rot2
# code=:6C487B257JEH0A9I3J5G0K4F1H2BAK361DFI9DCG8E
0 6
0 12
1 4
1 8
2 7
2 11
3 2
3 5
4 7
4 19
5 14
5 17
6 0
6 10
7 9
7 18
8 3
8 19
9 5
9 16
10 0
10 20
11 4
11 15
12 1
12 17
13 2
13 11
14 10
14 20
15 3
15 6
16 1
16 13
17 15
17 18
18 9
18 13
19 12
19 16
20 8
20 14

# solution 2063
# n=21 sym=rot2 status=verified source=flammenkamp_cache/n21_rot2
# code=:6C3H7F9C14EIAD491I5K0K0F2JBG7A26GJ8B5D3H8E
0 6
0 12
1 3
1 17
2 7
2 15
3 9
3 12
4 1
4 4
5 14
5 18
6 10
6 13
7 4
7 9
8 1
8 18
9 5
9 20
10 0
10 20
11 0
11 15
12 2
12 19
13 11
13 16
14 7
14 10
15 2
15 6
16 16
16 19
17 8
17 11
18 5
18 13
19 3
19 17
20 8
20 14

# solution 2064
# n=21 sym=rot2 status=verified source=flammenkamp_cache/n21_rot2
# code=:6B7CFH23CG27AG0J19560KEFBJ1K4ADI48HI358D9E
0 6
0 11
1 7
1 12
2 15
2 17
3 2
3 3
4 12
4 16
5 2
5 7
6 10
6 16
7 0
7 19
8 1
8 9
9 5
9 6
10 0
10 20
11 14
11 15
12 11
12 19
13 1
13 20
14 4
14 10
15 13
15 18
16 4
16 8
17 17
17 18
18 3
18 5
19 8
19 13
20 9
20 14

# solution 2065
# n=21 sym=rot2 status=verified source=flammenkamp_cache/n21_rot2
# code=:68487D2G23BKAE5J3J590KBF1H1F6A09HI4I7DCGCE
0 6
0 8
1 4
1 8
2 7
2 13
3 2
3 16
4 2
4 3
5 11
5 20
6 10
6 14
7 5
7 19
8 3
8 19
9 5
9 9
10 0
10 20
11 11
11 15
12 1
12 17
13 1
13 15
14 6
14 10
15 0
15 9
16 17
16 18
17 4
17 18
18 7
18 13
19 12
19 16
20 12
20 14

# solution 2066
# n=21 sym=rot2 status=verified source=flammenkamp_cache/n21_rot2
# code=:68CD49HIDH561A0249FJ0K15BGIKAJEF3723BG78CE
0 6
0 8
1 12
1 13
2 4
2 9
3 17
3 18
4 13
4 17
5 5
5 6
6 1
6 10
7 0
7 2
8 4
8 9
9 15
9 19
10 0
10 20
11 1
11 5
12 11
12 16
13 18
13 20
14 10
14 19
15 14
15 15
16 3
16 7
17 2
17 3
18 11
18 16
19 7
19 8
20 12
20 14

# solution 2067
# n=21 sym=rot2 status=verified source=flammenkamp_cache/n21_rot2
# code=:AH7815FIDG39048EIJ096EBK126CGKBH4725FJCD3A
0 10
0 17
1 7
1 8
2 1
2 5
3 15
3 18
4 13
4 16
5 3
5 9
6 0
6 4
7 8
7 14
8 18
8 19
9 0
9 9
10 6
10 14
11 11
11 20
12 1
12 2
13 6
13 12
14 16
14 20
15 11
15 17
16 4
16 7
17 2
17 5
18 15
18 19
19 12
19 13
20 3
20 10

# solution 2068
# n=21 sym=rot2 status=verified source=flammenkamp_cache/n21_rot2
# code=:8D4C1I1IDH06AB5F4H690KBE3G5F9AEK372J2J8G7C
0 8
0 13
1 4
1 12
2 1
2 18
3 1
3 18
4 13
4 17
5 0
5 6
6 10
6 11
7 5
7 15
8 4
8 17
9 6
9 9
10 0
10 20
11 11
11 14
12 3
12 16
13 5
13 15
14 9
14 10
15 14
15 20
16 3
16 7
17 2
17 19
18 2
18 19
19 8
19 16
20 7
20 12

# solution 2069
# n=21 sym=rot2 status=verified source=flammenkamp_cache/n21_rot2
# code=:6D684B1I1DFHAB4F28HK0K03CI5G9A357J2J9GCE7E
0 6
0 13
1 6
1 8
2 4
2 11
3 1
3 18
4 1
4 13
5 15
5 17
6 10
6 11
7 4
7 15
8 2
8 8
9 17
9 20
10 0
10 20
11 0
11 3
12 12
12 18
13 5
13 16
14 9
14 10
15 3
15 5
16 7
16 19
17 2
17 19
18 9
18 16
19 12
19 14
20 7
20 14

# solution 2070
# n=21 sym=rot2 status=verified source=flammenkamp_cache/n21_rot2
# code=:4D289DFH9JEI4A1F680H0K3KCE5JAG261B357BCI7G
0 4
0 13
1 2
1 8
2 9
2 13
3 15
3 17
4 9
4 19
5 14
5 18
6 4
6 10
7 1
7 15
8 6
8 8
9 0
9 17
10 0
10 20
11 3
11 20
12 12
12 14
13 5
13 19
14 10
14 16
15 2
15 6
16 1
16 11
17 3
17 5
18 7
18 11
19 12
19 18
20 7
20 16

# solution 2071
# n=21 sym=rot2 status=verified source=flammenkamp_cache/n21_rot2
# code=:6C469D45HI1HAJ5D89IK0K02BC7F1A3J23FG7BEG8E
0 6
0 12
1 4
1 6
2 9
2 13
3 4
3 5
4 17
4 18
5 1
5 17
6 10
6 19
7 5
7 13
8 8
8 9
9 18
9 20
10 0
10 20
11 0
11 2
12 11
12 12
13 7
13 15
14 1
14 10
15 3
15 19
16 2
16 3
17 15
17 16
18 7
18 11
19 14
19 16
20 8
20 14

# solution 2072
# n=21 sym=rot2 status=verified source=flammenkamp_cache/n21_rot2
# code=:6C469D45DH1HAK5I891I0K2JBC2F0A3J37FG7BEG8E
0 6
0 12
1 4
1 6
2 9
2 13
3 4
3 5
4 13
4 17
5 1
5 17
6 10
6 20
7 5
7 18
8 8
8 9
9 1
9 18
10 0
10 20
11 2
11 19
12 11
12 12
13 2
13 15
14 0
14 10
15 3
15 19
16 3
16 7
17 15
17 16
18 7
18 11
19 14
19 16
20 8
20 14

# solution 2073
# n=21 sym=rot2 status=verified source=flammenkamp_cache/n21_rot2
# code=:68687J1FGH2BAH4579IK0K02BDFG3A9I345J1DCECE
0 6
0 8
1 6
1 8
2 7
2 19
3 1
3 15
4 16
4 17
5 2
5 11
6 10
6 17
7 4
7 5
8 7
8 9
9 18
9 20
10 0
10 20
11 0
11 2
12 11
12 13
13 15
13 16
14 3
14 10
15 9
15 18
16 3
16 4
17 5
17 19
18 1
18 13
19 12
19 14
20 12
20 14

# solution 2074
# n=21 sym=rot2 status=verified source=flammenkamp_cache/n21_rot2
# code=:6ABF3F4I8D3DJK4I0J9C6E8B1K2G017H7C2G5H59AE
0 6
0 10
1 11
1 15
2 3
2 15
3 4
3 18
4 8
4 13
5 3
5 13
6 19
6 20
7 4
7 18
8 0
8 19
9 9
9 12
10 6
10 14
11 8
11 11
12 1
12 20
13 2
13 16
14 0
14 1
15 7
15 17
16 7
16 12
17 2
17 16
18 5
18 17
19 5
19 9
20 10
20 14

# solution 2075
# n=21 sym=rot2 status=verified source=flammenkamp_cache/n21_rot2
# code=:9DCI9D25GJ6H0AFG68HJ0K13CE45AK3E14FI7B287B
0 9
0 13
1 12
1 18
2 9
2 13
3 2
3 5
4 16
4 19
5 6
5 17
6 0
6 10
7 15
7 16
8 6
8 8
9 17
9 19
10 0
10 20
11 1
11 3
12 12
12 14
13 4
13 5
14 10
14 20
15 3
15 14
16 1
16 4
17 15
17 18
18 7
18 11
19 2
19 8
20 7
20 11

# solution 2076
# n=21 sym=rot2 status=verified source=flammenkamp_cache/n21_rot2
# code=:48CD3BFH1DGK6A2519260KEIBJFIAE047J359H78CG
0 4
0 8
1 12
1 13
2 3
2 11
3 15
3 17
4 1
4 13
5 16
5 20
6 6
6 10
7 2
7 5
8 1
8 9
9 2
9 6
10 0
10 20
11 14
11 18
12 11
12 19
13 15
13 18
14 10
14 14
15 0
15 4
16 7
16 19
17 3
17 5
18 9
18 17
19 7
19 8
20 12
20 16

# solution 2077
# n=21 sym=rot2 status=verified source=flammenkamp_cache/n21_rot2
# code=:8GCD3BFH1DGK6A2519260KEIBJFIAE047J359H784C
0 8
0 16
1 12
1 13
2 3
2 11
3 15
3 17
4 1
4 13
5 16
5 20
6 6
6 10
7 2
7 5
8 1
8 9
9 2
9 6
10 0
10 20
11 14
11 18
12 11
12 19
13 15
13 18
14 10
14 14
15 0
15 4
16 7
16 19
17 3
17 5
18 9
18 17
19 7
19 8
20 4
20 12

# solution 2078
# n=21 sym=rot2 status=verified source=flammenkamp_cache/n21_rot2
# code=:BC46FJ24BD1H0ADF682H0K3ICE57AK3J79GI15EG89
0 11
0 12
1 4
1 6
2 15
2 19
3 2
3 4
4 11
4 13
5 1
5 17
6 0
6 10
7 13
7 15
8 6
8 8
9 2
9 17
10 0
10 20
11 3
11 18
12 12
12 14
13 5
13 7
14 10
14 20
15 3
15 19
16 7
16 9
17 16
17 18
18 1
18 5
19 14
19 16
20 8
20 9

# solution 2079
# n=21 sym=rot2 status=verified source=flammenkamp_cache/n21_rot2
# code=:478E5ECI1H04AB5D9I130KHJ2B7F9AGK3J286F6CDG
0 4
0 7
1 8
1 14
2 5
2 14
3 12
3 18
4 1
4 17
5 0
5 4
6 10
6 11
7 5
7 13
8 9
8 18
9 1
9 3
10 0
10 20
11 17
11 19
12 2
12 11
13 7
13 15
14 9
14 10
15 16
15 20
16 3
16 19
17 2
17 8
18 6
18 15
19 6
19 12
20 13
20 16

# solution 2080
# n=21 sym=rot2 status=verified source=flammenkamp_cache/n21_rot2
# code=:47CE5ECI1H04AB5D9I130KHJ2B7F9AGK3J286F68DG
0 4
0 7
1 12
1 14
2 5
2 14
3 12
3 18
4 1
4 17
5 0
5 4
6 10
6 11
7 5
7 13
8 9
8 18
9 1
9 3
10 0
10 20
11 17
11 19
12 2
12 11
13 7
13 15
14 9
14 10
15 16
15 20
16 3
16 19
17 2
17 8
18 6
18 15
19 6
19 8
20 13
20 16

# solution 2081
# n=21 sym=rot2 status=verified source=flammenkamp_cache/n21_rot2
# code=:8IDH158B46GKAD5I193E0K6HBJ2F7A04EG9CFJ372C
0 8
0 18
1 13
1 17
2 1
2 5
3 8
3 11
4 4
4 6
5 16
5 20
6 10
6 13
7 5
7 18
8 1
8 9
9 3
9 14
10 0
10 20
11 6
11 17
12 11
12 19
13 2
13 15
14 7
14 10
15 0
15 4
16 14
16 16
17 9
17 12
18 15
18 19
19 3
19 7
20 2
20 12

# solution 2082
# n=21 sym=rot2 status=verified source=flammenkamp_cache/n21_rot2
# code=:8I569D1ICGGH7A159H0E0K6K3BFJAD34482J7BEF2C
0 8
0 18
1 5
1 6
2 9
2 13
3 1
3 18
4 12
4 16
5 16
5 17
6 7
6 10
7 1
7 5
8 9
8 17
9 0
9 14
10 0
10 20
11 6
11 20
12 3
12 11
13 15
13 19
14 10
14 13
15 3
15 4
16 4
16 8
17 2
17 19
18 7
18 11
19 14
19 15
20 2
20 12

# solution 2083
# n=21 sym=rot2 status=verified source=flammenkamp_cache/n21_rot2
# code=:FI6B9D4I17GHAK568C1H0K3J8CEF0A34DJ2G7B9E25
0 15
0 18
1 6
1 11
2 9
2 13
3 4
3 18
4 1
4 7
5 16
5 17
6 10
6 20
7 5
7 6
8 8
8 12
9 1
9 17
10 0
10 20
11 3
11 19
12 8
12 12
13 14
13 15
14 0
14 10
15 3
15 4
16 13
16 19
17 2
17 16
18 7
18 11
19 9
19 14
20 2
20 5

# solution 2084
# n=21 sym=rot2 status=verified source=flammenkamp_cache/n21_rot2
# code=:8G8B372F7JGK2A5E3J690KBE1H6FAI041D5IDH9C4C
0 8
0 16
1 8
1 11
2 3
2 7
3 2
3 15
4 7
4 19
5 16
5 20
6 2
6 10
7 5
7 14
8 3
8 19
9 6
9 9
10 0
10 20
11 11
11 14
12 1
12 17
13 6
13 15
14 10
14 18
15 0
15 4
16 1
16 13
17 5
17 18
18 13
18 17
19 9
19 12
20 4
20 12

# solution 2085
# n=21 sym=rot2 status=verified source=flammenkamp_cache/n21_rot2
# code=:6C9CDH451D026A9F1H240KGI3J5BAEIK7JFG378B8E
0 6
0 12
1 9
1 12
2 13
2 17
3 4
3 5
4 1
4 13
5 0
5 2
6 6
6 10
7 9
7 15
8 1
8 17
9 2
9 4
10 0
10 20
11 16
11 18
12 3
12 19
13 5
13 11
14 10
14 14
15 18
15 20
16 7
16 19
17 15
17 16
18 3
18 7
19 8
19 11
20 8
20 14

# solution 2086
# n=21 sym=rot2 status=verified source=flammenkamp_cache/n21_rot2
# code=:5A2B8901GH7H05GI8JDE6E671C24FK3D34JKBC9IAF
0 5
0 10
1 2
1 11
2 8
2 9
3 0
3 1
4 16
4 17
5 7
5 17
6 0
6 5
7 16
7 18
8 8
8 19
9 13
9 14
10 6
10 14
11 6
11 7
12 1
12 12
13 2
13 4
14 15
14 20
15 3
15 13
16 3
16 4
17 19
17 20
18 11
18 12
19 9
19 18
20 10
20 15

# solution 2087
# n=21 sym=rot2 status=verified source=flammenkamp_cache/n21_rot2
# code=:36CE39BF27CJ7AFG240J0K1KGI45AD18DI59BH68EH
0 3
0 6
1 12
1 14
2 3
2 9
3 11
3 15
4 2
4 7
5 12
5 19
6 7
6 10
7 15
7 16
8 2
8 4
9 0
9 19
10 0
10 20
11 1
11 20
12 16
12 18
13 4
13 5
14 10
14 13
15 1
15 8
16 13
16 18
17 5
17 9
18 11
18 17
19 6
19 8
20 14
20 17

# solution 2088
# n=21 sym=rot2 status=verified source=flammenkamp_cache/n21_rot2
# code=:6D4EBJ5K7CCG2A253H9J0K1B3HFIAI488D0F196G7E
0 6
0 13
1 4
1 14
2 11
2 19
3 5
3 20
4 7
4 12
5 12
5 16
6 2
6 10
7 2
7 5
8 3
8 17
9 9
9 19
10 0
10 20
11 1
11 11
12 3
12 17
13 15
13 18
14 10
14 18
15 4
15 8
16 8
16 13
17 0
17 15
18 1
18 9
19 6
19 16
20 7
20 14

# solution 2089
# n=21 sym=rot2 status=verified source=flammenkamp_cache/n21_rot2
# code=:6C249F2J9DEH4A5D18HK0K03CJ7FAG367B1I5BGI8E
0 6
0 12
1 2
1 4
2 9
2 15
3 2
3 19
4 9
4 13
5 14
5 17
6 4
6 10
7 5
7 13
8 1
8 8
9 17
9 20
10 0
10 20
11 0
11 3
12 12
12 19
13 7
13 15
14 10
14 16
15 3
15 6
16 7
16 11
17 1
17 18
18 5
18 11
19 16
19 18
20 8
20 14

# solution 2090
# n=21 sym=rot2 status=verified source=flammenkamp_cache/n21_rot2
# code=:688EBF2H7D0H9AFJ244J0K1GGI15AB3K7D3I596CCE
0 6
0 8
1 8
1 14
2 11
2 15
3 2
3 17
4 7
4 13
5 0
5 17
6 9
6 10
7 15
7 19
8 2
8 4
9 4
9 19
10 0
10 20
11 1
11 16
12 16
12 18
13 1
13 5
14 10
14 11
15 3
15 20
16 7
16 13
17 3
17 18
18 5
18 9
19 6
19 12
20 12
20 14

# solution 2091
# n=21 sym=rot2 status=verified source=flammenkamp_cache/n21_rot2
# code=:6CDF37GH49EIAC0F9J120KIJ1B5K8A26BG34DH578E
0 6
0 12
1 13
1 15
2 3
2 7
3 16
3 17
4 4
4 9
5 14
5 18
6 10
6 12
7 0
7 15
8 9
8 19
9 1
9 2
10 0
10 20
11 18
11 19
12 1
12 11
13 5
13 20
14 8
14 10
15 2
15 6
16 11
16 16
17 3
17 4
18 13
18 17
19 5
19 7
20 8
20 14

# solution 2092
# n=21 sym=rot2 status=verified source=flammenkamp_cache/n21_rot2
# code=:FH7C3B7I1CGIAG0516690KBEEJFK4A248J2D9H8D35
0 15
0 17
1 7
1 12
2 3
2 11
3 7
3 18
4 1
4 12
5 16
5 18
6 10
6 16
7 0
7 5
8 1
8 6
9 6
9 9
10 0
10 20
11 11
11 14
12 14
12 19
13 15
13 20
14 4
14 10
15 2
15 4
16 8
16 19
17 2
17 13
18 9
18 17
19 8
19 13
20 3
20 5

# solution 2093
# n=21 sym=rot2 status=verified source=flammenkamp_cache/n21_rot2
# code=:5A49BF48IJ3E0KDI18DH6E37CJ270K6H12CG59BGAF
0 5
0 10
1 4
1 9
2 11
2 15
3 4
3 8
4 18
4 19
5 3
5 14
6 0
6 20
7 13
7 18
8 1
8 8
9 13
9 17
10 6
10 14
11 3
11 7
12 12
12 19
13 2
13 7
14 0
14 20
15 6
15 17
16 1
16 2
17 12
17 16
18 5
18 9
19 11
19 16
20 10
20 15

# solution 2094
# n=21 sym=rot2 status=verified source=flammenkamp_cache/n21_rot2
# code=:AC597G2H1CEI05041D396EBH7JGKFK268J3I4DBF8A
0 10
0 12
1 5
1 9
2 7
2 16
3 2
3 17
4 1
4 12
5 14
5 18
6 0
6 5
7 0
7 4
8 1
8 13
9 3
9 9
10 6
10 14
11 11
11 17
12 7
12 19
13 16
13 20
14 15
14 20
15 2
15 6
16 8
16 19
17 3
17 18
18 4
18 13
19 11
19 15
20 8
20 10

# solution 2095
# n=21 sym=rot2 status=verified source=flammenkamp_cache/n21_rot2
# code=:8G9EFJ147BCHAF67IK3I0K2H02DE5A389DGJ156B4C
0 8
0 16
1 9
1 14
2 15
2 19
3 1
3 4
4 7
4 11
5 12
5 17
6 10
6 15
7 6
7 7
8 18
8 20
9 3
9 18
10 0
10 20
11 2
11 17
12 0
12 2
13 13
13 14
14 5
14 10
15 3
15 8
16 9
16 13
17 16
17 19
18 1
18 5
19 6
19 11
20 4
20 12

# solution 2096
# n=21 sym=rot2 status=verified source=flammenkamp_cache/n21_rot2
# code=:563C7C9J4H2G5A9J076I0K2EDK1BAF4I3G1B8D8HEF
0 5
0 6
1 3
1 12
2 7
2 12
3 9
3 19
4 4
4 17
5 2
5 16
6 5
6 10
7 9
7 19
8 0
8 7
9 6
9 18
10 0
10 20
11 2
11 14
12 13
12 20
13 1
13 11
14 10
14 15
15 4
15 18
16 3
16 16
17 1
17 11
18 8
18 13
19 8
19 17
20 14
20 15

# solution 2097
# n=21 sym=rot2 status=verified source=flammenkamp_cache/n21_rot2
# code=:696C4J5D1DCH5A0I249H0K3BGI2KAF387J7F1G8EBE
0 6
0 9
1 6
1 12
2 4
2 19
3 5
3 13
4 1
4 13
5 12
5 17
6 5
6 10
7 0
7 18
8 2
8 4
9 9
9 17
10 0
10 20
11 3
11 11
12 16
12 18
13 2
13 20
14 10
14 15
15 3
15 8
16 7
16 19
17 7
17 15
18 1
18 16
19 8
19 14
20 11
20 14

# solution 2098
# n=21 sym=rot2 status=verified source=flammenkamp_cache/n21_rot2
# code=:696C145D1DCH5A0I249H0K3BGI2KAF387J7FGJ8EBE
0 6
0 9
1 6
1 12
2 1
2 4
3 5
3 13
4 1
4 13
5 12
5 17
6 5
6 10
7 0
7 18
8 2
8 4
9 9
9 17
10 0
10 20
11 3
11 11
12 16
12 18
13 2
13 20
14 10
14 15
15 3
15 8
16 7
16 19
17 7
17 15
18 16
18 19
19 8
19 14
20 11
20 14

# solution 2099
# n=21 sym=rot2 status=verified source=flammenkamp_cache/n21_rot2
# code=:BCDH5I6IBD135A6G08GJ0K14CK4EAFHJ792E2F3789
0 11
0 12
1 13
1 17
2 5
2 18
3 6
3 18
4 11
4 13
5 1
5 3
6 5
6 10
7 6
7 16
8 0
8 8
9 16
9 19
10 0
10 20
11 1
11 4
12 12
12 20
13 4
13 14
14 10
14 15
15 17
15 19
16 7
16 9
17 2
17 14
18 2
18 15
19 3
19 7
20 8
20 9

# solution 2100
# n=21 sym=rot2 status=verified source=flammenkamp_cache/n21_rot2
# code=:7DBC562C6GHJ5A2G019H0K3BJK4IAF134E8IEF897D
0 7
0 13
1 11
1 12
2 5
2 6
3 2
3 12
4 6
4 16
5 17
5 19
6 5
6 10
7 2
7 16
8 0
8 1
9 9
9 17
10 0
10 20
11 3
11 11
12 19
12 20
13 4
13 18
14 10
14 15
15 1
15 3
16 4
16 14
17 8
17 18
18 14
18 15
19 8
19 9
20 7
20 13

# solution 2101
# n=21 sym=rot2 status=verified source=flammenkamp_cache/n21_rot2
# code=:7DBC56CGGK6H5A12129H0K3BIJIJAF3E0448EF897D
0 7
0 13
1 11
1 12
2 5
2 6
3 12
3 16
4 16
4 20
5 6
5 17
6 5
6 10
7 1
7 2
8 1
8 2
9 9
9 17
10 0
10 20
11 3
11 11
12 18
12 19
13 18
13 19
14 10
14 15
15 3
15 14
16 0
16 4
17 4
17 8
18 14
18 15
19 8
19 9
20 7
20 13

# solution 2102
# n=21 sym=rot2 status=verified source=flammenkamp_cache/n21_rot2
# code=:688G1D15DHFH9A2E249K0K0BGI6IAB3537FJ7J4CCE
0 6
0 8
1 8
1 16
2 1
2 13
3 1
3 5
4 13
4 17
5 15
5 17
6 9
6 10
7 2
7 14
8 2
8 4
9 9
9 20
10 0
10 20
11 0
11 11
12 16
12 18
13 6
13 18
14 10
14 11
15 3
15 5
16 3
16 7
17 15
17 19
18 7
18 19
19 4
19 12
20 12
20 14

# solution 2103
# n=21 sym=rot2 status=verified source=flammenkamp_cache/n21_rot2
# code=:68481D15DHFH9A2E249K0K0BGI6IAB3537FJ7JCGCE
0 6
0 8
1 4
1 8
2 1
2 13
3 1
3 5
4 13
4 17
5 15
5 17
6 9
6 10
7 2
7 14
8 2
8 4
9 9
9 20
10 0
10 20
11 0
11 11
12 16
12 18
13 6
13 18
14 10
14 11
15 3
15 5
16 3
16 7
17 15
17 19
18 7
18 19
19 12
19 16
20 12
20 14

# solution 2104
# n=21 sym=rot2 status=verified source=flammenkamp_cache/n21_rot2
# code=:478C3J25DJ3F9A2KEG690KBE460IAB5H17FI1H8CDG
0 4
0 7
1 8
1 12
2 3
2 19
3 2
3 5
4 13
4 19
5 3
5 15
6 9
6 10
7 2
7 20
8 14
8 16
9 6
9 9
10 0
10 20
11 11
11 14
12 4
12 6
13 0
13 18
14 10
14 11
15 5
15 17
16 1
16 7
17 15
17 18
18 1
18 17
19 8
19 12
20 13
20 16

# solution 2105
# n=21 sym=rot2 status=verified source=flammenkamp_cache/n21_rot2
# code=:68681D15DHFH9A04249I0K2BGIGKAB3537FJ7JCECE
0 6
0 8
1 6
1 8
2 1
2 13
3 1
3 5
4 13
4 17
5 15
5 17
6 9
6 10
7 0
7 4
8 2
8 4
9 9
9 18
10 0
10 20
11 2
11 11
12 16
12 18
13 16
13 20
14 10
14 11
15 3
15 5
16 3
16 7
17 15
17 19
18 7
18 19
19 12
19 14
20 12
20 14

# solution 2106
# n=21 sym=rot2 status=verified source=flammenkamp_cache/n21_rot2
# code=:IJ899D35HJ7F0A484EEI0K266GCGAK5D13FH7BBC12
0 18
0 19
1 8
1 9
2 9
2 13
3 3
3 5
4 17
4 19
5 7
5 15
6 0
6 10
7 4
7 8
8 4
8 14
9 14
9 18
10 0
10 20
11 2
11 6
12 6
12 16
13 12
13 16
14 10
14 20
15 5
15 13
16 1
16 3
17 15
17 17
18 7
18 11
19 11
19 12
20 1
20 2

# solution 2107
# n=21 sym=rot2 status=verified source=flammenkamp_cache/n21_rot2
# code=:DI899J35HJ7F0A484EEI0K266GCGAK5D13FH1BBC27
0 13
0 18
1 8
1 9
2 9
2 19
3 3
3 5
4 17
4 19
5 7
5 15
6 0
6 10
7 4
7 8
8 4
8 14
9 14
9 18
10 0
10 20
11 2
11 6
12 6
12 16
13 12
13 16
14 10
14 20
15 5
15 13
16 1
16 3
17 15
17 17
18 1
18 11
19 11
19 12
20 2
20 7

# solution 2108
# n=21 sym=rot2 status=verified source=flammenkamp_cache/n21_rot2
# code=:47BC15584HHIAK9JDE6I0K2E671B0A233GCFFJ89DG
0 4
0 7
1 11
1 12
2 1
2 5
3 5
3 8
4 4
4 17
5 17
5 18
6 10
6 20
7 9
7 19
8 13
8 14
9 6
9 18
10 0
10 20
11 2
11 14
12 6
12 7
13 1
13 11
14 0
14 10
15 2
15 3
16 3
16 16
17 12
17 15
18 15
18 19
19 8
19 9
20 13
20 16

# solution 2109
# n=21 sym=rot2 status=verified source=flammenkamp_cache/n21_rot2
# code=:CDDI8F59EK39AH241J6G0K4E1JGI3ABH06BF5C2778
0 12
0 13
1 13
1 18
2 8
2 15
3 5
3 9
4 14
4 20
5 3
5 9
6 10
6 17
7 2
7 4
8 1
8 19
9 6
9 16
10 0
10 20
11 4
11 14
12 1
12 19
13 16
13 18
14 3
14 10
15 11
15 17
16 0
16 6
17 11
17 15
18 5
18 12
19 2
19 7
20 7
20 8

# solution 2110
# n=21 sym=rot2 status=verified source=flammenkamp_cache/n21_rot2
# code=:8B5C345IDJ6D9A02EH4J0K1G36IKAB7E172FGH8F9C
0 8
0 11
1 5
1 12
2 3
2 4
3 5
3 18
4 13
4 19
5 6
5 13
6 9
6 10
7 0
7 2
8 14
8 17
9 4
9 19
10 0
10 20
11 1
11 16
12 3
12 6
13 18
13 20
14 10
14 11
15 7
15 14
16 1
16 7
17 2
17 15
18 16
18 17
19 8
19 15
20 9
20 12

# solution 2111
# n=21 sym=rot2 status=verified source=flammenkamp_cache/n21_rot2
# code=:68BF3B2F78GI0A7J3J6G0K4E1H1DAK24CD5I9H59CE
0 6
0 8
1 11
1 15
2 3
2 11
3 2
3 15
4 7
4 8
5 16
5 18
6 0
6 10
7 7
7 19
8 3
8 19
9 6
9 16
10 0
10 20
11 4
11 14
12 1
12 17
13 1
13 13
14 10
14 20
15 2
15 4
16 12
16 13
17 5
17 18
18 9
18 17
19 5
19 9
20 12
20 14

# solution 2112
# n=21 sym=rot2 status=verified source=flammenkamp_cache/n21_rot2
# code=:BC8F1D35IJ397A24EK460KEG06GIADBH12FH7J5C89
0 11
0 12
1 8
1 15
2 1
2 13
3 3
3 5
4 18
4 19
5 3
5 9
6 7
6 10
7 2
7 4
8 14
8 20
9 4
9 6
10 0
10 20
11 14
11 16
12 0
12 6
13 16
13 18
14 10
14 13
15 11
15 17
16 1
16 2
17 15
17 17
18 7
18 19
19 5
19 12
20 8
20 9

# solution 2113
# n=21 sym=rot2 status=verified source=flammenkamp_cache/n21_rot2
# code=:69DF3D598I268A0G3J140KGJ1H4KACEI2CBF7H57BE
0 6
0 9
1 13
1 15
2 3
2 13
3 5
3 9
4 8
4 18
5 2
5 6
6 8
6 10
7 0
7 16
8 3
8 19
9 1
9 4
10 0
10 20
11 16
11 19
12 1
12 17
13 4
13 20
14 10
14 12
15 14
15 18
16 2
16 12
17 11
17 15
18 7
18 17
19 5
19 7
20 11
20 14

# solution 2114
# n=21 sym=rot2 status=verified source=flammenkamp_cache/n21_rot2
# code=:69DF3D598I6I8A0G3J140KGJ1H4KAC2E2CBF7H57BE
0 6
0 9
1 13
1 15
2 3
2 13
3 5
3 9
4 8
4 18
5 6
5 18
6 8
6 10
7 0
7 16
8 3
8 19
9 1
9 4
10 0
10 20
11 16
11 19
12 1
12 17
13 4
13 20
14 10
14 12
15 2
15 14
16 2
16 12
17 11
17 15
18 7
18 17
19 5
19 7
20 11
20 14

# solution 2115
# n=21 sym=rot2 status=verified source=flammenkamp_cache/n21_rot2
# code=:8BCF345IDJ6D9A02EH4J0K1G36IKAB7E172FGH589C
0 8
0 11
1 12
1 15
2 3
2 4
3 5
3 18
4 13
4 19
5 6
5 13
6 9
6 10
7 0
7 2
8 14
8 17
9 4
9 19
10 0
10 20
11 1
11 16
12 3
12 6
13 18
13 20
14 10
14 11
15 7
15 14
16 1
16 7
17 2
17 15
18 16
18 17
19 5
19 8
20 9
20 12

# solution 2116
# n=21 sym=rot2 status=verified source=flammenkamp_cache/n21_rot2
# code=:57DJ3BBF8E6I0AGI381G0K4JCH24AK2E6C599H17DF
0 5
0 7
1 13
1 19
2 3
2 11
3 11
3 15
4 8
4 14
5 6
5 18
6 0
6 10
7 16
7 18
8 3
8 8
9 1
9 16
10 0
10 20
11 4
11 19
12 12
12 17
13 2
13 4
14 10
14 20
15 2
15 14
16 6
16 12
17 5
17 9
18 9
18 17
19 1
19 7
20 13
20 15

# solution 2117
# n=21 sym=rot2 status=verified source=flammenkamp_cache/n21_rot2
# code=:8E4C573FHJBD1AIK692G0K4IBE02AJ79135HDF8G6C
0 8
0 14
1 4
1 12
2 5
2 7
3 3
3 15
4 17
4 19
5 11
5 13
6 1
6 10
7 18
7 20
8 6
8 9
9 2
9 16
10 0
10 20
11 4
11 18
12 11
12 14
13 0
13 2
14 10
14 19
15 7
15 9
16 1
16 3
17 5
17 17
18 13
18 15
19 8
19 16
20 6
20 12

# solution 2118
# n=21 sym=rot2 status=verified source=flammenkamp_cache/n21_rot2
# code=:6C8JBFFI137E0A349I470KDG2BGHAK6DHJ25591C8E
0 6
0 12
1 8
1 19
2 11
2 15
3 15
3 18
4 1
4 3
5 7
5 14
6 0
6 10
7 3
7 4
8 9
8 18
9 4
9 7
10 0
10 20
11 13
11 16
12 2
12 11
13 16
13 17
14 10
14 20
15 6
15 13
16 17
16 19
17 2
17 5
18 5
18 9
19 1
19 12
20 8
20 14

# solution 2119
# n=21 sym=rot2 status=verified source=flammenkamp_cache/n21_rot2
# code=:CE8B3FFI7J4E0A9I3JDG0K471H2BAK6G1D255H9C68
0 12
0 14
1 8
1 11
2 3
2 15
3 15
3 18
4 7
4 19
5 4
5 14
6 0
6 10
7 9
7 18
8 3
8 19
9 13
9 16
10 0
10 20
11 4
11 7
12 1
12 17
13 2
13 11
14 10
14 20
15 6
15 16
16 1
16 13
17 2
17 5
18 5
18 17
19 9
19 12
20 6
20 8

# solution 2120
# n=21 sym=rot2 status=verified source=flammenkamp_cache/n21_rot2
# code=:AH4857BEGK138F1K2D9I6E2B7I0J5CHJ0469DFCG3A
0 10
0 17
1 4
1 8
2 5
2 7
3 11
3 14
4 16
4 20
5 1
5 3
6 8
6 15
7 1
7 20
8 2
8 13
9 9
9 18
10 6
10 14
11 2
11 11
12 7
12 18
13 0
13 19
14 5
14 12
15 17
15 19
16 0
16 4
17 6
17 9
18 13
18 15
19 12
19 16
20 3
20 10

# solution 2121
# n=21 sym=rot2 status=verified source=flammenkamp_cache/n21_rot2
# code=:7H8FBF1I7E8E4AIJ04390KBHGK12AG6C6D2J595C3D
0 7
0 17
1 8
1 15
2 11
2 15
3 1
3 18
4 7
4 14
5 8
5 14
6 4
6 10
7 18
7 19
8 0
8 4
9 3
9 9
10 0
10 20
11 11
11 17
12 16
12 20
13 1
13 2
14 10
14 16
15 6
15 12
16 6
16 13
17 2
17 19
18 5
18 9
19 5
19 12
20 3
20 13

# solution 2122
# n=21 sym=rot2 status=verified source=flammenkamp_cache/n21_rot2
# code=:7H8FBF127E8E4AIJ04390KBHGK12AG6C6DIJ595C3D
0 7
0 17
1 8
1 15
2 11
2 15
3 1
3 2
4 7
4 14
5 8
5 14
6 4
6 10
7 18
7 19
8 0
8 4
9 3
9 9
10 0
10 20
11 11
11 17
12 16
12 20
13 1
13 2
14 10
14 16
15 6
15 12
16 6
16 13
17 18
17 19
18 5
18 9
19 5
19 12
20 3
20 13

# solution 2123
# n=21 sym=rot2 status=verified source=flammenkamp_cache/n21_rot2
# code=:EI5K5D189H6D4A1G893I0K2HBC4JAG7E3BCJ7F0F26
0 14
0 18
1 5
1 20
2 5
2 13
3 1
3 8
4 9
4 17
5 6
5 13
6 4
6 10
7 1
7 16
8 8
8 9
9 3
9 18
10 0
10 20
11 2
11 17
12 11
12 12
13 4
13 19
14 10
14 16
15 7
15 14
16 3
16 11
17 12
17 19
18 7
18 15
19 0
19 15
20 2
20 6

# solution 2124
# n=21 sym=rot2 status=verified source=flammenkamp_cache/n21_rot2
# code=:FI8B5D784G2HAK16193E0K6HBJEJ0A3I4GCD7F9C25
0 15
0 18
1 8
1 11
2 5
2 13
3 7
3 8
4 4
4 16
5 2
5 17
6 10
6 20
7 1
7 6
8 1
8 9
9 3
9 14
10 0
10 20
11 6
11 17
12 11
12 19
13 14
13 19
14 0
14 10
15 3
15 18
16 4
16 16
17 12
17 13
18 7
18 15
19 9
19 12
20 2
20 5

# solution 2125
# n=21 sym=rot2 status=verified source=flammenkamp_cache/n21_rot2
# code=:8B577F349IHIAE481K6J0K1E0JCG6A232BGH5DDF9C
0 8
0 11
1 5
1 7
2 7
2 15
3 3
3 4
4 9
4 18
5 17
5 18
6 10
6 14
7 4
7 8
8 1
8 20
9 6
9 19
10 0
10 20
11 1
11 14
12 0
12 19
13 12
13 16
14 6
14 10
15 2
15 3
16 2
16 11
17 16
17 17
18 5
18 13
19 13
19 15
20 9
20 12

# solution 2126
# n=21 sym=rot2 status=verified source=flammenkamp_cache/n21_rot2
# code=:DF37598C6E12AK2G1G9H0K3B4J4I0AIJ6E8CBFDH57
0 13
0 15
1 3
1 7
2 5
2 9
3 8
3 12
4 6
4 14
5 1
5 2
6 10
6 20
7 2
7 16
8 1
8 16
9 9
9 17
10 0
10 20
11 3
11 11
12 4
12 19
13 4
13 18
14 0
14 10
15 18
15 19
16 6
16 14
17 8
17 12
18 11
18 15
19 13
19 17
20 5
20 7

# solution 2127
# n=21 sym=rot2 status=verified source=flammenkamp_cache/n21_rot2
# code=:5EBC15GJDH693ADI08GI0K24CK27AHBE3714FJ896F
0 5
0 14
1 11
1 12
2 1
2 5
3 16
3 19
4 13
4 17
5 6
5 9
6 3
6 10
7 13
7 18
8 0
8 8
9 16
9 18
10 0
10 20
11 2
11 4
12 12
12 20
13 2
13 7
14 10
14 17
15 11
15 14
16 3
16 7
17 1
17 4
18 15
18 19
19 8
19 9
20 6
20 15

# solution 2128
# n=21 sym=rot2 status=verified source=flammenkamp_cache/n21_rot2
# code=:AC9D342E7JEG2J9K38055FFKCH0B1I461D6IGH7B8A
0 10
0 12
1 9
1 13
2 3
2 4
3 2
3 14
4 7
4 19
5 14
5 16
6 2
6 19
7 9
7 20
8 3
8 8
9 0
9 5
10 5
10 15
11 15
11 20
12 12
12 17
13 0
13 11
14 1
14 18
15 4
15 6
16 1
16 13
17 6
17 18
18 16
18 17
19 7
19 11
20 8
20 10

# solution 2129
# n=21 sym=rot2 status=verified source=flammenkamp_cache/n21_rot2
# code=:7A3B8G0B13DE25GK8J2E5F6I1C04FI67HJ9K4C9HAD
0 7
0 10
1 3
1 11
2 8
2 16
3 0
3 11
4 1
4 3
5 13
5 14
6 2
6 5
7 16
7 20
8 8
8 19
9 2
9 14
10 5
10 15
11 6
11 18
12 1
12 12
13 0
13 4
14 15
14 18
15 6
15 7
16 17
16 19
17 9
17 20
18 4
18 12
19 9
19 17
20 10
20 13

# solution 2130
# n=21 sym=rot2 status=verified source=flammenkamp_cache/n21_rot2
# code=:26CDFH171IAG69FH9C040KGK8B35BE4A2JDJ3578EI
0 2
0 6
1 12
1 13
2 15
2 17
3 1
3 7
4 1
4 18
5 10
5 16
6 6
6 9
7 15
7 17
8 9
8 12
9 0
9 4
10 0
10 20
11 16
11 20
12 8
12 11
13 3
13 5
14 11
14 14
15 4
15 10
16 2
16 19
17 13
17 19
18 3
18 5
19 7
19 8
20 14
20 18

# solution 2131
# n=21 sym=rot2 status=verified source=flammenkamp_cache/n21_rot2
# code=:8E4D9F4F2K3A36CI19DJ0K17BJ28EHAH0I5G5B7G6C
0 8
0 14
1 4
1 13
2 9
2 15
3 4
3 15
4 2
4 20
5 3
5 10
6 3
6 6
7 12
7 18
8 1
8 9
9 13
9 19
10 0
10 20
11 1
11 7
12 11
12 19
13 2
13 8
14 14
14 17
15 10
15 17
16 0
16 18
17 5
17 16
18 5
18 11
19 7
19 16
20 6
20 12

# solution 2132
# n=21 sym=rot2 status=verified source=flammenkamp_cache/n21_rot2
# code=:6C379BCGHIAJEG275K150KFJ0FDI461A23489BDH8E
0 6
0 12
1 3
1 7
2 9
2 11
3 12
3 16
4 17
4 18
5 10
5 19
6 14
6 16
7 2
7 7
8 5
8 20
9 1
9 5
10 0
10 20
11 15
11 19
12 0
12 15
13 13
13 18
14 4
14 6
15 1
15 10
16 2
16 3
17 4
17 8
18 9
18 11
19 13
19 17
20 8
20 14

# solution 2133
# n=21 sym=rot2 status=verified source=flammenkamp_cache/n21_rot2
# code=:6C379BCG3IAJEG275K150KFJ0FDI461A2H489BDH8E
0 6
0 12
1 3
1 7
2 9
2 11
3 12
3 16
4 3
4 18
5 10
5 19
6 14
6 16
7 2
7 7
8 5
8 20
9 1
9 5
10 0
10 20
11 15
11 19
12 0
12 15
13 13
13 18
14 4
14 6
15 1
15 10
16 2
16 17
17 4
17 8
18 9
18 11
19 13
19 17
20 8
20 14

# solution 2134
# n=21 sym=rot2 status=verified source=flammenkamp_cache/n21_rot2
# code=:AE78EFDH1934084IJK295FBI012GCKGHBJ3756CD6A
0 10
0 14
1 7
1 8
2 14
2 15
3 13
3 17
4 1
4 9
5 3
5 4
6 0
6 8
7 4
7 18
8 19
8 20
9 2
9 9
10 5
10 15
11 11
11 18
12 0
12 1
13 2
13 16
14 12
14 20
15 16
15 17
16 11
16 19
17 3
17 7
18 5
18 6
19 12
19 13
20 6
20 10

# solution 2135
# n=21 sym=rot2 status=verified source=flammenkamp_cache/n21_rot2
# code=:CICF794FDH2AEK1369GJ0K14BEHJ06AI375GBD5828
0 12
0 18
1 12
1 15
2 7
2 9
3 4
3 15
4 13
4 17
5 2
5 10
6 14
6 20
7 1
7 3
8 6
8 9
9 16
9 19
10 0
10 20
11 1
11 4
12 11
12 14
13 17
13 19
14 0
14 6
15 10
15 18
16 3
16 7
17 5
17 16
18 11
18 13
19 5
19 8
20 2
20 8

# solution 2136
# n=21 sym=rot2 status=verified source=flammenkamp_cache/n21_rot2
# code=:3G9C17CI7A3E1G9KEF250KFI560B4J6HAD28DJ8B4H
0 3
0 16
1 9
1 12
2 1
2 7
3 12
3 18
4 7
4 10
5 3
5 14
6 1
6 16
7 9
7 20
8 14
8 15
9 2
9 5
10 0
10 20
11 15
11 18
12 5
12 6
13 0
13 11
14 4
14 19
15 6
15 17
16 10
16 13
17 2
17 8
18 13
18 19
19 8
19 11
20 4
20 17

# solution 2137
# n=21 sym=rot2 status=verified source=flammenkamp_cache/n21_rot2
# code=:9DCI4E054AHJDJ3I9E580KCF6B2H1713AGFK6G287B
0 9
0 13
1 12
1 18
2 4
2 14
3 0
3 5
4 4
4 10
5 17
5 19
6 13
6 19
7 3
7 18
8 9
8 14
9 5
9 8
10 0
10 20
11 12
11 15
12 6
12 11
13 2
13 17
14 1
14 7
15 1
15 3
16 10
16 16
17 15
17 20
18 6
18 16
19 2
19 8
20 7
20 11

# solution 2138
# n=21 sym=rot2 status=verified source=flammenkamp_cache/n21_rot2
# code=:7B7E1F3I9A8GEI38GK5J0K1F04CH264CAB2H5J6D9D
0 7
0 11
1 7
1 14
2 1
2 15
3 3
3 18
4 9
4 10
5 8
5 16
6 14
6 18
7 3
7 8
8 16
8 20
9 5
9 19
10 0
10 20
11 1
11 15
12 0
12 4
13 12
13 17
14 2
14 6
15 4
15 12
16 10
16 11
17 2
17 17
18 5
18 19
19 6
19 13
20 9
20 13

# solution 2139
# n=21 sym=rot2 status=verified source=flammenkamp_cache/n21_rot2
# code=:9C9H574K4A7J2H8EIJ6F0K5E126C3I1DAG0GDF3B8B
0 9
0 12
1 9
1 17
2 5
2 7
3 4
3 20
4 4
4 10
5 7
5 19
6 2
6 17
7 8
7 14
8 18
8 19
9 6
9 15
10 0
10 20
11 5
11 14
12 1
12 2
13 6
13 12
14 3
14 18
15 1
15 13
16 10
16 16
17 0
17 16
18 13
18 15
19 3
19 11
20 8
20 11

# solution 2140
# n=21 sym=rot2 status=verified source=flammenkamp_cache/n21_rot2
# code=:4DDHBF8IAK1646CI9HFJ0K153B28EGEJ0A2C59377G
0 4
0 13
1 13
1 17
2 11
2 15
3 8
3 18
4 10
4 20
5 1
5 6
6 4
6 6
7 12
7 18
8 9
8 17
9 15
9 19
10 0
10 20
11 1
11 5
12 3
12 11
13 2
13 8
14 14
14 16
15 14
15 19
16 0
16 10
17 2
17 12
18 5
18 9
19 3
19 7
20 7
20 16

# solution 2141
# n=21 sym=rot2 status=verified source=flammenkamp_cache/n21_rot2
# code=:49DEGI382ADJ3FEK598J0K1CBF065H17AICH2467BG
0 4
0 9
1 13
1 14
2 16
2 18
3 3
3 8
4 2
4 10
5 13
5 19
6 3
6 15
7 14
7 20
8 5
8 9
9 8
9 19
10 0
10 20
11 1
11 12
12 11
12 15
13 0
13 6
14 5
14 17
15 1
15 7
16 10
16 18
17 12
17 17
18 2
18 4
19 6
19 7
20 11
20 16

# solution 2142
# n=21 sym=rot2 status=verified source=flammenkamp_cache/n21_rot2
# code=:7A3E5D9KHI6C2F9J481K4G0JCG1B5I8E230B7F6HAD
0 7
0 10
1 3
1 14
2 5
2 13
3 9
3 20
4 17
4 18
5 6
5 12
6 2
6 15
7 9
7 19
8 4
8 8
9 1
9 20
10 4
10 16
11 0
11 19
12 12
12 16
13 1
13 11
14 5
14 18
15 8
15 14
16 2
16 3
17 0
17 11
18 7
18 15
19 6
19 17
20 10
20 13

# solution 2143
# n=21 sym=rot2 status=verified source=flammenkamp_cache/n21_rot2
# code=:6A287E0J37CF4J9I3K594GBF0H2B1G58DH1K6DCIAE
0 6
0 10
1 2
1 8
2 7
2 14
3 0
3 19
4 3
4 7
5 12
5 15
6 4
6 19
7 9
7 18
8 3
8 20
9 5
9 9
10 4
10 16
11 11
11 15
12 0
12 17
13 2
13 11
14 1
14 16
15 5
15 8
16 13
16 17
17 1
17 20
18 6
18 13
19 12
19 18
20 10
20 14

# solution 2144
# n=21 sym=rot2 status=verified source=flammenkamp_cache/n21_rot2
# code=:4I8K5D139A6GCEHJ59270KDIBF13684EABHJ7F0C2G
0 4
0 18
1 8
1 20
2 5
2 13
3 1
3 3
4 9
4 10
5 6
5 16
6 12
6 14
7 17
7 19
8 5
8 9
9 2
9 7
10 0
10 20
11 13
11 18
12 11
12 15
13 1
13 3
14 6
14 8
15 4
15 14
16 10
16 11
17 17
17 19
18 7
18 15
19 0
19 12
20 2
20 16

# solution 2145
# n=21 sym=rot2 status=verified source=flammenkamp_cache/n21_rot2
# code=:9C6H6F291ADJ2H785G040KGK4FCD3I17AJBI5E3E8B
0 9
0 12
1 6
1 17
2 6
2 15
3 2
3 9
4 1
4 10
5 13
5 19
6 2
6 17
7 7
7 8
8 5
8 16
9 0
9 4
10 0
10 20
11 16
11 20
12 4
12 15
13 12
13 13
14 3
14 18
15 1
15 7
16 10
16 19
17 11
17 18
18 5
18 14
19 3
19 14
20 8
20 11

# solution 2146
# n=21 sym=rot2 status=verified source=flammenkamp_cache/n21_rot2
# code=:9E7HDJ4G9A58EH28FK2J0K1I05CI36CFAB4G173D6B
0 9
0 14
1 7
1 17
2 13
2 19
3 4
3 16
4 9
4 10
5 5
5 8
6 14
6 17
7 2
7 8
8 15
8 20
9 2
9 19
10 0
10 20
11 1
11 18
12 0
12 5
13 12
13 18
14 3
14 6
15 12
15 15
16 10
16 11
17 4
17 16
18 1
18 7
19 3
19 13
20 6
20 11

# solution 2147
# n=21 sym=rot2 status=verified source=flammenkamp_cache/n21_rot2
# code=:68296GCIAF017H9JFH470KDG351B3DJK5A284EBICE
0 6
0 8
1 2
1 9
2 6
2 16
3 12
3 18
4 10
4 15
5 0
5 1
6 7
6 17
7 9
7 19
8 15
8 17
9 4
9 7
10 0
10 20
11 13
11 16
12 3
12 5
13 1
13 11
14 3
14 13
15 19
15 20
16 5
16 10
17 2
17 8
18 4
18 14
19 11
19 18
20 12
20 14

# solution 2148
# n=21 sym=rot2 status=verified source=flammenkamp_cache/n21_rot2
# code=:DJ6E2C59AC12DH49FH4K0K0G35BG37IJ8ABF8I6E17
0 13
0 19
1 6
1 14
2 2
2 12
3 5
3 9
4 10
4 12
5 1
5 2
6 13
6 17
7 4
7 9
8 15
8 17
9 4
9 20
10 0
10 20
11 0
11 16
12 3
12 5
13 11
13 16
14 3
14 7
15 18
15 19
16 8
16 10
17 11
17 15
18 8
18 18
19 6
19 14
20 1
20 7

# solution 2149
# n=21 sym=rot2 status=verified source=flammenkamp_cache/n21_rot2
# code=:19CE7E45AHCH02794FIJ0K125GBDIK383AFG6D68BJ
0 1
0 9
1 12
1 14
2 7
2 14
3 4
3 5
4 10
4 17
5 12
5 17
6 0
6 2
7 7
7 9
8 4
8 15
9 18
9 19
10 0
10 20
11 1
11 2
12 5
12 16
13 11
13 13
14 18
14 20
15 3
15 8
16 3
16 10
17 15
17 16
18 6
18 13
19 6
19 8
20 11
20 19

# solution 2150
# n=21 sym=rot2 status=verified source=flammenkamp_cache/n21_rot2
# code=:8D6E2H9FAC124D9JFH4K0K0G351B7GIJ8A5B3I6E7C
0 8
0 13
1 6
1 14
2 2
2 17
3 9
3 15
4 10
4 12
5 1
5 2
6 4
6 13
7 9
7 19
8 15
8 17
9 4
9 20
10 0
10 20
11 0
11 16
12 3
12 5
13 1
13 11
14 7
14 16
15 18
15 19
16 8
16 10
17 5
17 11
18 3
18 18
19 6
19 14
20 7
20 12

# solution 2151
# n=21 sym=rot2 status=verified source=flammenkamp_cache/n21_rot2
# code=:AE9E3JCD2H28050GFJ9D4G7B154KFKCI3I781H6B6A
0 10
0 14
1 9
1 14
2 3
2 19
3 12
3 13
4 2
4 17
5 2
5 8
6 0
6 5
7 0
7 16
8 15
8 19
9 9
9 13
10 4
10 16
11 7
11 11
12 1
12 5
13 4
13 20
14 15
14 20
15 12
15 18
16 3
16 18
17 7
17 8
18 1
18 17
19 6
19 11
20 6
20 10

# solution 2152
# n=21 sym=rot2 status=verified source=flammenkamp_cache/n21_rot2
# code=:39784E8DAI1H5F0I491E0K6JBG2K5F3J2A7C6GCDBH
0 3
0 9
1 7
1 8
2 4
2 14
3 8
3 13
4 10
4 18
5 1
5 17
6 5
6 15
7 0
7 18
8 4
8 9
9 1
9 14
10 0
10 20
11 6
11 19
12 11
12 16
13 2
13 20
14 5
14 15
15 3
15 19
16 2
16 10
17 7
17 12
18 6
18 16
19 12
19 13
20 11
20 17

# solution 2153
# n=21 sym=rot2 status=verified source=flammenkamp_cache/n21_rot2
# code=:9CDH582K2ADE159H14EG0K46GJ3BFJ67AI0ICF378B
0 9
0 12
1 13
1 17
2 5
2 8
3 2
3 20
4 2
4 10
5 13
5 14
6 1
6 5
7 9
7 17
8 1
8 4
9 14
9 16
10 0
10 20
11 4
11 6
12 16
12 19
13 3
13 11
14 15
14 19
15 6
15 7
16 10
16 18
17 0
17 18
18 12
18 15
19 3
19 7
20 8
20 11

# solution 2154
# n=21 sym=rot2 status=verified source=flammenkamp_cache/n21_rot2
# code=:5ABHDF682836IKDK1J9G4G4B1J0702EHCICE5739AF
0 5
0 10
1 11
1 17
2 13
2 15
3 6
3 8
4 2
4 8
5 3
5 6
6 18
6 20
7 13
7 20
8 1
8 19
9 9
9 16
10 4
10 16
11 4
11 11
12 1
12 19
13 0
13 7
14 0
14 2
15 14
15 17
16 12
16 18
17 12
17 14
18 5
18 7
19 3
19 9
20 10
20 15

# solution 2155
# n=21 sym=rot2 status=verified source=flammenkamp_cache/n21_rot2
# code=:DG368E5B5A123JCG09DI0K27BK481HIJAF9F6CEH47
0 13
0 16
1 3
1 6
2 8
2 14
3 5
3 11
4 5
4 10
5 1
5 2
6 3
6 19
7 12
7 16
8 0
8 9
9 13
9 18
10 0
10 20
11 2
11 7
12 11
12 20
13 4
13 8
14 1
14 17
15 18
15 19
16 10
16 15
17 9
17 15
18 6
18 12
19 14
19 17
20 4
20 7

# solution 2156
# n=21 sym=rot2 status=verified source=flammenkamp_cache/n21_rot2
# code=:6C149F6C5A1H2KHI9D470KDG7B230I3JAF8E5BGJ8E
0 6
0 12
1 1
1 4
2 9
2 15
3 6
3 12
4 5
4 10
5 1
5 17
6 2
6 20
7 17
7 18
8 9
8 13
9 4
9 7
10 0
10 20
11 13
11 16
12 7
12 11
13 2
13 3
14 0
14 18
15 3
15 19
16 10
16 15
17 8
17 14
18 5
18 11
19 16
19 19
20 8
20 14

# solution 2157
# n=21 sym=rot2 status=verified source=flammenkamp_cache/n21_rot2
# code=:6G8H6B2FAF27BH7801140KGJJKCD39DI5A5I9E3C4E
0 6
0 16
1 8
1 17
2 6
2 11
3 2
3 15
4 10
4 15
5 2
5 7
6 11
6 17
7 7
7 8
8 0
8 1
9 1
9 4
10 0
10 20
11 16
11 19
12 19
12 20
13 12
13 13
14 3
14 9
15 13
15 18
16 5
16 10
17 5
17 18
18 9
18 14
19 3
19 12
20 4
20 14

# solution 2158
# n=21 sym=rot2 status=verified source=flammenkamp_cache/n21_rot2
# code=:CE487I5F4A0E7H9BHJ120KIJ139B3D6KAG5F2DCG68
0 12
0 14
1 4
1 8
2 7
2 18
3 5
3 15
4 4
4 10
5 0
5 14
6 7
6 17
7 9
7 11
8 17
8 19
9 1
9 2
10 0
10 20
11 18
11 19
12 1
12 3
13 9
13 11
14 3
14 13
15 6
15 20
16 10
16 16
17 5
17 15
18 2
18 13
19 12
19 16
20 6
20 8

# solution 2159
# n=21 sym=rot2 status=verified source=flammenkamp_cache/n21_rot2
# code=:5A9C17CEEJ3H2957GK024GIK04DFBI3H1668DJ8BAF
0 5
0 10
1 9
1 12
2 1
2 7
3 12
3 14
4 14
4 19
5 3
5 17
6 2
6 9
7 5
7 7
8 16
8 20
9 0
9 2
10 4
10 16
11 18
11 20
12 0
12 4
13 13
13 15
14 11
14 18
15 3
15 17
16 1
16 6
17 6
17 8
18 13
18 19
19 8
19 11
20 10
20 15

# solution 2160
# n=21 sym=rot2 status=verified source=flammenkamp_cache/n21_rot2
# code=:8B6E5B158AHIGI7D130G0K4KHJ7D2423ACFJ9F6E9C
0 8
0 11
1 6
1 14
2 5
2 11
3 1
3 5
4 8
4 10
5 17
5 18
6 16
6 18
7 7
7 13
8 1
8 3
9 0
9 16
10 0
10 20
11 4
11 20
12 17
12 19
13 7
13 13
14 2
14 4
15 2
15 3
16 10
16 12
17 15
17 19
18 9
18 15
19 6
19 14
20 9
20 12

# solution 2161
# n=21 sym=rot2 status=verified source=flammenkamp_cache/n21_rot2
# code=:6824DFFHAD16IK9C139G0K4BHJ8B02EJ7A3557GICE
0 6
0 8
1 2
1 4
2 13
2 15
3 15
3 17
4 10
4 13
5 1
5 6
6 18
6 20
7 9
7 12
8 1
8 3
9 9
9 16
10 0
10 20
11 4
11 11
12 17
12 19
13 8
13 11
14 0
14 2
15 14
15 19
16 7
16 10
17 3
17 5
18 5
18 7
19 16
19 18
20 12
20 14

# solution 2162
# n=21 sym=rot2 status=verified source=flammenkamp_cache/n21_rot2
# code=:DG78BF5H1AHJ6G289K260KEI0BCI4E13AJ3F59CD47
0 13
0 16
1 7
1 8
2 11
2 15
3 5
3 17
4 1
4 10
5 17
5 19
6 6
6 16
7 2
7 8
8 9
8 20
9 2
9 6
10 0
10 20
11 14
11 18
12 0
12 11
13 12
13 18
14 4
14 14
15 1
15 3
16 10
16 19
17 3
17 15
18 5
18 9
19 12
19 13
20 4
20 7

# solution 2163
# n=21 sym=rot2 status=verified source=flammenkamp_cache/n21_rot2
# code=:47GJ5C9F2A6D3I891HEK0K063JBC2H7EAI5B8F14DG
0 4
0 7
1 16
1 19
2 5
2 12
3 9
3 15
4 2
4 10
5 6
5 13
6 3
6 18
7 8
7 9
8 1
8 17
9 14
9 20
10 0
10 20
11 0
11 6
12 3
12 19
13 11
13 12
14 2
14 17
15 7
15 14
16 10
16 18
17 5
17 11
18 8
18 15
19 1
19 4
20 13
20 16

# solution 2164
# n=21 sym=rot2 status=verified source=flammenkamp_cache/n21_rot2
# code=:6C8H56FI9A17HJ790G240KGI4KBD13DJAB25EF3C8E
0 6
0 12
1 8
1 17
2 5
2 6
3 15
3 18
4 9
4 10
5 1
5 7
6 17
6 19
7 7
7 9
8 0
8 16
9 2
9 4
10 0
10 20
11 16
11 18
12 4
12 20
13 11
13 13
14 1
14 3
15 13
15 19
16 10
16 11
17 2
17 5
18 14
18 15
19 3
19 12
20 8
20 14

# solution 2165
# n=21 sym=rot2 status=verified source=flammenkamp_cache/n21_rot2
# code=:684C5DFHAD16IK9B1H240KGI3J9B02EJ7A357F8GCE
0 6
0 8
1 4
1 12
2 5
2 13
3 15
3 17
4 10
4 13
5 1
5 6
6 18
6 20
7 9
7 11
8 1
8 17
9 2
9 4
10 0
10 20
11 16
11 18
12 3
12 19
13 9
13 11
14 0
14 2
15 14
15 19
16 7
16 10
17 3
17 5
18 7
18 15
19 8
19 16
20 12
20 14

# solution 2166
# n=21 sym=rot2 status=verified source=flammenkamp_cache/n21_rot2
# code=:68CG5DFHAD16IK9B1H240KGI3J9B02EJ7A357F48CE
0 6
0 8
1 12
1 16
2 5
2 13
3 15
3 17
4 10
4 13
5 1
5 6
6 18
6 20
7 9
7 11
8 1
8 17
9 2
9 4
10 0
10 20
11 16
11 18
12 3
12 19
13 9
13 11
14 0
14 2
15 14
15 19
16 7
16 10
17 3
17 5
18 7
18 15
19 4
19 8
20 12
20 14

# solution 2167
# n=21 sym=rot2 status=verified source=flammenkamp_cache/n21_rot2
# code=:678CFG6FAG2K2J39397J0K1DBHBH1I0I4A5E458CDE
0 6
0 7
1 8
1 12
2 15
2 16
3 6
3 15
4 10
4 16
5 2
5 20
6 2
6 19
7 3
7 9
8 3
8 9
9 7
9 19
10 0
10 20
11 1
11 13
12 11
12 17
13 11
13 17
14 1
14 18
15 0
15 18
16 4
16 10
17 5
17 14
18 4
18 5
19 8
19 12
20 13
20 14

# solution 2168
# n=21 sym=rot2 status=verified source=flammenkamp_cache/n21_rot2
# code=:7C6H8F3F7A4J2B69IJ0G0K4K12BE9I1GAD5H5C3E8D
0 7
0 12
1 6
1 17
2 8
2 15
3 3
3 15
4 7
4 10
5 4
5 19
6 2
6 11
7 6
7 9
8 18
8 19
9 0
9 16
10 0
10 20
11 4
11 20
12 1
12 2
13 11
13 14
14 9
14 18
15 1
15 16
16 10
16 13
17 5
17 17
18 5
18 12
19 3
19 14
20 8
20 13

# solution 2169
# n=21 sym=rot2 status=verified source=flammenkamp_cache/n21_rot2
# code=:8A69FICE133KDF24JK9D4G7B01GI570HHJ6825BEAC
0 8
0 10
1 6
1 9
2 15
2 18
3 12
3 14
4 1
4 3
5 3
5 20
6 13
6 15
7 2
7 4
8 19
8 20
9 9
9 13
10 4
10 16
11 7
11 11
12 0
12 1
13 16
13 18
14 5
14 7
15 0
15 17
16 17
16 19
17 6
17 8
18 2
18 5
19 11
19 14
20 10
20 12

# solution 2170
# n=21 sym=rot2 status=verified source=flammenkamp_cache/n21_rot2
# code=:AHBF362C6CIK1F04DJ9D4G7B17GK5J028E8IEH593A
0 10
0 17
1 11
1 15
2 3
2 6
3 2
3 12
4 6
4 12
5 18
5 20
6 1
6 15
7 0
7 4
8 13
8 19
9 9
9 13
10 4
10 16
11 7
11 11
12 1
12 7
13 16
13 20
14 5
14 19
15 0
15 2
16 8
16 14
17 8
17 18
18 14
18 17
19 5
19 9
20 3
20 10

# solution 2171
# n=21 sym=rot2 status=verified source=flammenkamp_cache/n21_rot2
# code=:CF8IFI69AK1347HJ9D460KEG7B13DGHJ0ABE252C58
0 12
0 15
1 8
1 18
2 15
2 18
3 6
3 9
4 10
4 20
5 1
5 3
6 4
6 7
7 17
7 19
8 9
8 13
9 4
9 6
10 0
10 20
11 14
11 16
12 7
12 11
13 1
13 3
14 13
14 16
15 17
15 19
16 0
16 10
17 11
17 14
18 2
18 5
19 2
19 12
20 5
20 8

# solution 2172
# n=21 sym=rot2 status=verified source=flammenkamp_cache/n21_rot2
# code=:8A7F8DGK231EEI049J593HBF1BGK266JHI047C5DAC
0 8
0 10
1 7
1 15
2 8
2 13
3 16
3 20
4 2
4 3
5 1
5 14
6 14
6 18
7 0
7 4
8 9
8 19
9 5
9 9
10 3
10 17
11 11
11 15
12 1
12 11
13 16
13 20
14 2
14 6
15 6
15 19
16 17
16 18
17 0
17 4
18 7
18 12
19 5
19 13
20 10
20 12

# solution 2173
# n=21 sym=rot2 status=verified source=flammenkamp_cache/n21_rot2
# code=:AD6F07CI8E2J34GJ9K593HBF0B14GH1I6C28DK5E7A
0 10
0 13
1 6
1 15
2 0
2 7
3 12
3 18
4 8
4 14
5 2
5 19
6 3
6 4
7 16
7 19
8 9
8 20
9 5
9 9
10 3
10 17
11 11
11 15
12 0
12 11
13 1
13 4
14 16
14 17
15 1
15 18
16 6
16 12
17 2
17 8
18 13
18 20
19 5
19 14
20 7
20 10

# solution 2174
# n=21 sym=rot2 status=verified source=flammenkamp_cache/n21_rot2
# code=:AD6F072C8E2J34GJ9K593HBF0B14GH1I6C8IDK5E7A
0 10
0 13
1 6
1 15
2 0
2 7
3 2
3 12
4 8
4 14
5 2
5 19
6 3
6 4
7 16
7 19
8 9
8 20
9 5
9 9
10 3
10 17
11 11
11 15
12 0
12 11
13 1
13 4
14 16
14 17
15 1
15 18
16 6
16 12
17 8
17 18
18 13
18 20
19 5
19 14
20 7
20 10

# solution 2175
# n=21 sym=rot2 status=verified source=flammenkamp_cache/n21_rot2
# code=:8A578DGK23EJEI049J593HBF1BGK2616HI047CDFAC
0 8
0 10
1 5
1 7
2 8
2 13
3 16
3 20
4 2
4 3
5 14
5 19
6 14
6 18
7 0
7 4
8 9
8 19
9 5
9 9
10 3
10 17
11 11
11 15
12 1
12 11
13 16
13 20
14 2
14 6
15 1
15 6
16 17
16 18
17 0
17 4
18 7
18 12
19 13
19 15
20 10
20 12

# solution 2176
# n=21 sym=rot2 status=verified source=flammenkamp_cache/n21_rot2
# code=:AF6I4DGJ186CIKDH59093HBKBF37028ECJ147G2E5A
0 10
0 15
1 6
1 18
2 4
2 13
3 16
3 19
4 1
4 8
5 6
5 12
6 18
6 20
7 13
7 17
8 5
8 9
9 0
9 9
10 3
10 17
11 11
11 20
12 11
12 15
13 3
13 7
14 0
14 2
15 8
15 14
16 12
16 19
17 1
17 4
18 7
18 16
19 2
19 14
20 5
20 10

# solution 2177
# n=21 sym=rot2 status=verified source=flammenkamp_cache/n21_rot2
# code=:AE3DFK8D28GJEJ2459093HBKBFGI1614CI7C057H6A
0 10
0 14
1 3
1 13
2 15
2 20
3 8
3 13
4 2
4 8
5 16
5 19
6 14
6 19
7 2
7 4
8 5
8 9
9 0
9 9
10 3
10 17
11 11
11 20
12 11
12 15
13 16
13 18
14 1
14 6
15 1
15 4
16 12
16 18
17 7
17 12
18 0
18 5
19 7
19 17
20 6
20 10

# solution 2178
# n=21 sym=rot2 status=verified source=flammenkamp_cache/n21_rot2
# code=:AE3DFK7828GJEJ2459093HBKBFGI1614CICD057H6A
0 10
0 14
1 3
1 13
2 15
2 20
3 7
3 8
4 2
4 8
5 16
5 19
6 14
6 19
7 2
7 4
8 5
8 9
9 0
9 9
10 3
10 17
11 11
11 20
12 11
12 15
13 16
13 18
14 1
14 6
15 1
15 4
16 12
16 18
17 12
17 13
18 0
18 5
19 7
19 17
20 6
20 10

# solution 2179
# n=21 sym=rot2 status=verified source=flammenkamp_cache/n21_rot2
# code=:AE7F196IFK24481KCH9D3H7B380JCGGI052EBJ5D6A
0 10
0 14
1 7
1 15
2 1
2 9
3 6
3 18
4 15
4 20
5 2
5 4
6 4
6 8
7 1
7 20
8 12
8 17
9 9
9 13
10 3
10 17
11 7
11 11
12 3
12 8
13 0
13 19
14 12
14 16
15 16
15 18
16 0
16 5
17 2
17 14
18 11
18 19
19 5
19 13
20 6
20 10

# solution 2180
# n=21 sym=rot2 status=verified source=flammenkamp_cache/n21_rot2
# code=:AFDE784EIJ4J02593C9K3H0B8HBFIK1G126GCD675A
0 10
0 15
1 13
1 14
2 7
2 8
3 4
3 14
4 18
4 19
5 4
5 19
6 0
6 2
7 5
7 9
8 3
8 12
9 9
9 20
10 3
10 17
11 0
11 11
12 8
12 17
13 11
13 15
14 18
14 20
15 1
15 16
16 1
16 2
17 6
17 16
18 12
18 13
19 6
19 7
20 5
20 10

# solution 2181
# n=21 sym=rot2 status=verified source=flammenkamp_cache/n21_rot2
# code=:6AFH7F487J2E4K190C9I3H2B8KBJ0G6I1DCG5D35AE
0 6
0 10
1 15
1 17
2 7
2 15
3 4
3 8
4 7
4 19
5 2
5 14
6 4
6 20
7 1
7 9
8 0
8 12
9 9
9 18
10 3
10 17
11 2
11 11
12 8
12 20
13 11
13 19
14 0
14 16
15 6
15 18
16 1
16 13
17 12
17 16
18 5
18 13
19 3
19 5
20 10
20 14

# solution 2182
# n=21 sym=rot2 status=verified source=flammenkamp_cache/n21_rot2
# code=:ADEG5E9J23CG2K18DK593HBF07CJ0I48HI1B6F467A
0 10
0 13
1 14
1 16
2 5
2 14
3 9
3 19
4 2
4 3
5 12
5 16
6 2
6 20
7 1
7 8
8 13
8 20
9 5
9 9
10 3
10 17
11 11
11 15
12 0
12 7
13 12
13 19
14 0
14 18
15 4
15 8
16 17
16 18
17 1
17 11
18 6
18 15
19 4
19 6
20 7
20 10

# solution 2183
# n=21 sym=rot2 status=verified source=flammenkamp_cache/n21_rot2
# code=:7ABF35GKCG162CJK2D9E3H6B7I018IEJ4804FH59AD
0 7
0 10
1 11
1 15
2 3
2 5
3 16
3 20
4 12
4 16
5 1
5 6
6 2
6 12
7 19
7 20
8 2
8 13
9 9
9 14
10 3
10 17
11 6
11 11
12 7
12 18
13 0
13 1
14 8
14 18
15 14
15 19
16 4
16 8
17 0
17 4
18 15
18 17
19 5
19 9
20 10
20 13

# solution 2184
# n=21 sym=rot2 status=verified source=flammenkamp_cache/n21_rot2
# code=:7ABF350GCG162CJK2D9E3H6B7I018IEJ484KFH59AD
0 7
0 10
1 11
1 15
2 3
2 5
3 0
3 16
4 12
4 16
5 1
5 6
6 2
6 12
7 19
7 20
8 2
8 13
9 9
9 14
10 3
10 17
11 6
11 11
12 7
12 18
13 0
13 1
14 8
14 18
15 14
15 19
16 4
16 8
17 4
17 20
18 15
18 17
19 5
19 9
20 10
20 13

# solution 2185
# n=21 sym=rot2 status=verified source=flammenkamp_cache/n21_rot2
# code=:9A45682ECFIJ17040D393HBH7KGKDJ12586ICEFGAB
0 9
0 10
1 4
1 5
2 6
2 8
3 2
3 14
4 12
4 15
5 18
5 19
6 1
6 7
7 0
7 4
8 0
8 13
9 3
9 9
10 3
10 17
11 11
11 17
12 7
12 20
13 16
13 20
14 13
14 19
15 1
15 2
16 5
16 8
17 6
17 18
18 12
18 14
19 15
19 16
20 10
20 11

# solution 2186
# n=21 sym=rot2 status=verified source=flammenkamp_cache/n21_rot2
# code=:4AEF07287H9J4F18EK9I3H2B06CJ5G1B3DCIDK56AG
0 4
0 10
1 14
1 15
2 0
2 7
3 2
3 8
4 7
4 17
5 9
5 19
6 4
6 15
7 1
7 8
8 14
8 20
9 9
9 18
10 3
10 17
11 2
11 11
12 0
12 6
13 12
13 19
14 5
14 16
15 1
15 11
16 3
16 13
17 12
17 18
18 13
18 20
19 5
19 6
20 10
20 16

# solution 2187
# n=21 sym=rot2 status=verified source=flammenkamp_cache/n21_rot2
# code=:4ABF7J8E23IJ8E045K9D3H7B0FGK6C12HI6C1D59AG
0 4
0 10
1 11
1 15
2 7
2 19
3 8
3 14
4 2
4 3
5 18
5 19
6 8
6 14
7 0
7 4
8 5
8 20
9 9
9 13
10 3
10 17
11 7
11 11
12 0
12 15
13 16
13 20
14 6
14 12
15 1
15 2
16 17
16 18
17 6
17 12
18 1
18 13
19 5
19 9
20 10
20 16

# solution 2188
# n=21 sym=rot2 status=verified source=flammenkamp_cache/n21_rot2
# code=:AG2D0K8B58GIDE15HJ9E3H6B13FJ6724CF9C0K7I4A
0 10
0 16
1 2
1 13
2 0
2 20
3 8
3 11
4 5
4 8
5 16
5 18
6 13
6 14
7 1
7 5
8 17
8 19
9 9
9 14
10 3
10 17
11 6
11 11
12 1
12 3
13 15
13 19
14 6
14 7
15 2
15 4
16 12
16 15
17 9
17 12
18 0
18 20
19 7
19 18
20 4
20 10

# solution 2189
# n=21 sym=rot2 status=verified source=flammenkamp_cache/n21_rot2
# code=:4AEF7E487J9FHK182K9I3H2B0ICJ035B1DCG6D56AG
0 4
0 10
1 14
1 15
2 7
2 14
3 4
3 8
4 7
4 19
5 9
5 15
6 17
6 20
7 1
7 8
8 2
8 20
9 9
9 18
10 3
10 17
11 2
11 11
12 0
12 18
13 12
13 19
14 0
14 3
15 5
15 11
16 1
16 13
17 12
17 16
18 6
18 13
19 5
19 6
20 10
20 16

# solution 2190
# n=21 sym=rot2 status=verified source=flammenkamp_cache/n21_rot2
# code=:8ADF8JBD2H46025GJK9E3H6B014FIKEG3I791C57AC
0 8
0 10
1 13
1 15
2 8
2 19
3 11
3 13
4 2
4 17
5 4
5 6
6 0
6 2
7 5
7 16
8 19
8 20
9 9
9 14
10 3
10 17
11 6
11 11
12 0
12 1
13 4
13 15
14 18
14 20
15 14
15 16
16 3
16 18
17 7
17 9
18 1
18 12
19 5
19 7
20 10
20 12

# solution 2191
# n=21 sym=rot2 status=verified source=flammenkamp_cache/n21_rot2
# code=:8ADE58DI3J4G2E59JK093HBK01BF6I4G1H27CF67AC
0 8
0 10
1 13
1 14
2 5
2 8
3 13
3 18
4 3
4 19
5 4
5 16
6 2
6 14
7 5
7 9
8 19
8 20
9 0
9 9
10 3
10 17
11 11
11 20
12 0
12 1
13 11
13 15
14 6
14 18
15 4
15 16
16 1
16 17
17 2
17 7
18 12
18 15
19 6
19 7
20 10
20 12

# solution 2192
# n=21 sym=rot2 status=verified source=flammenkamp_cache/n21_rot2
# code=:BE8J6CAJ452KFH492H7D0K7D3IBG350IFG1A8E1C69
0 11
0 14
1 8
1 19
2 6
2 12
3 10
3 19
4 4
4 5
5 2
5 20
6 15
6 17
7 4
7 9
8 2
8 17
9 7
9 13
10 0
10 20
11 7
11 13
12 3
12 18
13 11
13 16
14 3
14 5
15 0
15 18
16 15
16 16
17 1
17 10
18 8
18 14
19 1
19 12
20 6
20 9

# solution 2193
# n=21 sym=rot2 status=verified source=flammenkamp_cache/n21_rot2
# code=:8A4GDF272B16EK9J58033HHKCF1B06EJ9IDI574GAC
0 8
0 10
1 4
1 16
2 13
2 15
3 2
3 7
4 2
4 11
5 1
5 6
6 14
6 20
7 9
7 19
8 5
8 8
9 0
9 3
10 3
10 17
11 17
11 20
12 12
12 15
13 1
13 11
14 0
14 6
15 14
15 19
16 9
16 18
17 13
17 18
18 5
18 7
19 4
19 16
20 10
20 12

# solution 2194
# n=21 sym=rot2 status=verified source=flammenkamp_cache/n21_rot2
# code=:9E8F1EAF048I4JDI393D0K7HBH271G2CGK5A6J5C6B
0 9
0 14
1 8
1 15
2 1
2 14
3 10
3 15
4 0
4 4
5 8
5 18
6 4
6 19
7 13
7 18
8 3
8 9
9 3
9 13
10 0
10 20
11 7
11 17
12 11
12 17
13 2
13 7
14 1
14 16
15 2
15 12
16 16
16 20
17 5
17 10
18 6
18 19
19 5
19 12
20 6
20 11

# solution 2195
# n=21 sym=rot2 status=verified source=flammenkamp_cache/n21_rot2
# code=:684F892AFI1736GH9J0D0K7K1B34EHDJ25AIBC5GCE
0 6
0 8
1 4
1 15
2 8
2 9
3 2
3 10
4 15
4 18
5 1
5 7
6 3
6 6
7 16
7 17
8 9
8 19
9 0
9 13
10 0
10 20
11 7
11 20
12 1
12 11
13 3
13 4
14 14
14 17
15 13
15 19
16 2
16 5
17 10
17 18
18 11
18 12
19 5
19 16
20 12
20 14

# solution 2196
# n=21 sym=rot2 status=verified source=flammenkamp_cache/n21_rot2
# code=:BI8D4IABDF13158K4E360KEH6G0CFJHJ579A2G7C29
0 11
0 18
1 8
1 13
2 4
2 18
3 10
3 11
4 13
4 15
5 1
5 3
6 1
6 5
7 8
7 20
8 4
8 14
9 3
9 6
10 0
10 20
11 14
11 17
12 6
12 16
13 0
13 12
14 15
14 19
15 17
15 19
16 5
16 7
17 9
17 10
18 2
18 16
19 7
19 12
20 2
20 9

# solution 2197
# n=21 sym=rot2 status=verified source=flammenkamp_cache/n21_rot2
# code=:BF8F28AIEK1D7H4J496H0K3EBG1G3D7J062ACI5C59
0 11
0 15
1 8
1 15
2 2
2 8
3 10
3 18
4 14
4 20
5 1
5 13
6 7
6 17
7 4
7 19
8 4
8 9
9 6
9 17
10 0
10 20
11 3
11 14
12 11
12 16
13 1
13 16
14 3
14 13
15 7
15 19
16 0
16 6
17 2
17 10
18 12
18 18
19 5
19 12
20 5
20 9

# solution 2198
# n=21 sym=rot2 status=verified source=flammenkamp_cache/n21_rot2
# code=:48BD248ADFHJ0F39EJ260KEI16BH5K1357ACGI79CG
0 4
0 8
1 11
1 13
2 2
2 4
3 8
3 10
4 13
4 15
5 17
5 19
6 0
6 15
7 3
7 9
8 14
8 19
9 2
9 6
10 0
10 20
11 14
11 18
12 1
12 6
13 11
13 17
14 5
14 20
15 1
15 3
16 5
16 7
17 10
17 12
18 16
18 18
19 7
19 9
20 12
20 16

# solution 2199
# n=21 sym=rot2 status=verified source=flammenkamp_cache/n21_rot2
# code=:8JCF1EAF24DG093D39260KEIBH7HBK47GI5A6J581C
0 8
0 19
1 12
1 15
2 1
2 14
3 10
3 15
4 2
4 4
5 13
5 16
6 0
6 9
7 3
7 13
8 3
8 9
9 2
9 6
10 0
10 20
11 14
11 18
12 11
12 17
13 7
13 17
14 11
14 20
15 4
15 7
16 16
16 18
17 5
17 10
18 6
18 19
19 5
19 8
20 1
20 12

# solution 2200
# n=21 sym=rot2 status=verified source=flammenkamp_cache/n21_rot2
# code=:48CFEJAF2JDG093D39260KEIBH7HBK471I5A1658CG
0 4
0 8
1 12
1 15
2 14
2 19
3 10
3 15
4 2
4 19
5 13
5 16
6 0
6 9
7 3
7 13
8 3
8 9
9 2
9 6
10 0
10 20
11 14
11 18
12 11
12 17
13 7
13 17
14 11
14 20
15 4
15 7
16 1
16 18
17 5
17 10
18 1
18 6
19 5
19 8
20 12
20 16

# solution 2201
# n=21 sym=rot2 status=verified source=flammenkamp_cache/n21_rot2
# code=:48CFEJAF2JDG9K3D39260KEIBH7H0B471I5A1658CG
0 4
0 8
1 12
1 15
2 14
2 19
3 10
3 15
4 2
4 19
5 13
5 16
6 9
6 20
7 3
7 13
8 3
8 9
9 2
9 6
10 0
10 20
11 14
11 18
12 11
12 17
13 7
13 17
14 0
14 11
15 4
15 7
16 1
16 18
17 5
17 10
18 1
18 6
19 5
19 8
20 12
20 16

# solution 2202
# n=21 sym=rot2 status=verified source=flammenkamp_cache/n21_rot2
# code=:EJ8F3CAF24DG293D9J060KEK1B7HBI47GI5A8H5C16
0 14
0 19
1 8
1 15
2 3
2 12
3 10
3 15
4 2
4 4
5 13
5 16
6 2
6 9
7 3
7 13
8 9
8 19
9 0
9 6
10 0
10 20
11 14
11 20
12 1
12 11
13 7
13 17
14 11
14 18
15 4
15 7
16 16
16 18
17 5
17 10
18 8
18 17
19 5
19 12
20 1
20 6

# solution 2203
# n=21 sym=rot2 status=verified source=flammenkamp_cache/n21_rot2
# code=:1C8F5BAI04DE24DJ39EH0K36BH17GI67GK2A9F5C8J
0 1
0 12
1 8
1 15
2 5
2 11
3 10
3 18
4 0
4 4
5 13
5 14
6 2
6 4
7 13
7 19
8 3
8 9
9 14
9 17
10 0
10 20
11 3
11 6
12 11
12 17
13 1
13 7
14 16
14 18
15 6
15 7
16 16
16 20
17 2
17 10
18 9
18 15
19 5
19 12
20 8
20 19

# solution 2204
# n=21 sym=rot2 status=verified source=flammenkamp_cache/n21_rot2
# code=:694C3D5ACG5I029JDHEJ0K16371BIK2F48AF7H8GBE
0 6
0 9
1 4
1 12
2 3
2 13
3 5
3 10
4 12
4 16
5 5
5 18
6 0
6 2
7 9
7 19
8 13
8 17
9 14
9 19
10 0
10 20
11 1
11 6
12 3
12 7
13 1
13 11
14 18
14 20
15 2
15 15
16 4
16 8
17 10
17 15
18 7
18 17
19 8
19 16
20 11
20 14

# solution 2205
# n=21 sym=rot2 status=verified source=flammenkamp_cache/n21_rot2
# code=:694CDH5ACG5I029JDHEJ0K16371BIK2F48AF378GBE
0 6
0 9
1 4
1 12
2 13
2 17
3 5
3 10
4 12
4 16
5 5
5 18
6 0
6 2
7 9
7 19
8 13
8 17
9 14
9 19
10 0
10 20
11 1
11 6
12 3
12 7
13 1
13 11
14 18
14 20
15 2
15 15
16 4
16 8
17 10
17 15
18 3
18 7
19 8
19 16
20 11
20 14

# solution 2206
# n=21 sym=rot2 status=verified source=flammenkamp_cache/n21_rot2
# code=:9A5645DJIKCG89172HEK3H063IDJBC480217FGEFAB
0 9
0 10
1 5
1 6
2 4
2 5
3 13
3 19
4 18
4 20
5 12
5 16
6 8
6 9
7 1
7 7
8 2
8 17
9 14
9 20
10 3
10 17
11 0
11 6
12 3
12 18
13 13
13 19
14 11
14 12
15 4
15 8
16 0
16 2
17 1
17 7
18 15
18 16
19 14
19 15
20 10
20 11

# solution 2207
# n=21 sym=rot2 status=verified source=flammenkamp_cache/n21_rot2
# code=:8EEI47AC25BJ1D349K350KFH0BGH7J19FI8ADG266C
0 8
0 14
1 14
1 18
2 4
2 7
3 10
3 12
4 2
4 5
5 11
5 19
6 1
6 13
7 3
7 4
8 9
8 20
9 3
9 5
10 0
10 20
11 15
11 17
12 0
12 11
13 16
13 17
14 7
14 19
15 1
15 9
16 15
16 18
17 8
17 10
18 13
18 16
19 2
19 6
20 6
20 12

# solution 2208
# n=21 sym=rot2 status=verified source=flammenkamp_cache/n21_rot2
# code=:8EEI47AC25BJ1D3G9K350KFH0B4H7J19FI8ADG266C
0 8
0 14
1 14
1 18
2 4
2 7
3 10
3 12
4 2
4 5
5 11
5 19
6 1
6 13
7 3
7 16
8 9
8 20
9 3
9 5
10 0
10 20
11 15
11 17
12 0
12 11
13 4
13 17
14 7
14 19
15 1
15 9
16 15
16 18
17 8
17 10
18 13
18 16
19 2
19 6
20 6
20 12

# solution 2209
# n=21 sym=rot2 status=verified source=flammenkamp_cache/n21_rot2
# code=:BI6EIJ0A57CG7B3J483F0K5HCG1H9D48DFAK126E29
0 11
0 18
1 6
1 14
2 18
2 19
3 0
3 10
4 5
4 7
5 12
5 16
6 7
6 11
7 3
7 19
8 4
8 8
9 3
9 15
10 0
10 20
11 5
11 17
12 12
12 16
13 1
13 17
14 9
14 13
15 4
15 8
16 13
16 15
17 10
17 20
18 1
18 2
19 6
19 14
20 2
20 9

# solution 2210
# n=21 sym=rot2 status=verified source=flammenkamp_cache/n21_rot2
# code=:9B8J46AE4I7D158K2HFH0K353I0CFJ7D2G6AEG1C9B
0 9
0 11
1 8
1 19
2 4
2 6
3 10
3 14
4 4
4 18
5 7
5 13
6 1
6 5
7 8
7 20
8 2
8 17
9 15
9 17
10 0
10 20
11 3
11 5
12 3
12 18
13 0
13 12
14 15
14 19
15 7
15 13
16 2
16 16
17 6
17 10
18 14
18 16
19 1
19 12
20 9
20 11

# solution 2211
# n=21 sym=rot2 status=verified source=flammenkamp_cache/n21_rot2
# code=:79166GAG183D9F8K2IFH0K352I0C5B7HCJ4A4EEJBD
0 7
0 9
1 1
1 6
2 6
2 16
3 10
3 16
4 1
4 8
5 3
5 13
6 9
6 15
7 8
7 20
8 2
8 18
9 15
9 17
10 0
10 20
11 3
11 5
12 2
12 18
13 0
13 12
14 5
14 11
15 7
15 17
16 12
16 19
17 4
17 10
18 4
18 14
19 14
19 19
20 11
20 13

# solution 2212
# n=21 sym=rot2 status=verified source=flammenkamp_cache/n21_rot2
# code=:2A7D8BEG139E250F8GJK3H014C5KFI6BHJ469C7DAI
0 2
0 10
1 7
1 13
2 8
2 11
3 14
3 16
4 1
4 3
5 9
5 14
6 2
6 5
7 0
7 15
8 8
8 16
9 19
9 20
10 3
10 17
11 0
11 1
12 4
12 12
13 5
13 20
14 15
14 18
15 6
15 11
16 17
16 19
17 4
17 6
18 9
18 12
19 7
19 13
20 10
20 18

# solution 2213
# n=21 sym=rot2 status=verified source=flammenkamp_cache/n21_rot2
# code=:3CBG6G2A2FCE7J790H1F0K5J3KBD1D685IAI4E498H
0 3
0 12
1 11
1 16
2 6
2 16
3 2
3 10
4 2
4 15
5 12
5 14
6 7
6 19
7 7
7 9
8 0
8 17
9 1
9 15
10 0
10 20
11 5
11 19
12 3
12 20
13 11
13 13
14 1
14 13
15 6
15 8
16 5
16 18
17 10
17 18
18 4
18 14
19 4
19 9
20 8
20 17

# solution 2214
# n=21 sym=rot2 status=verified source=flammenkamp_cache/n21_rot2
# code=:9E3G69AJDH8K258DGI1F0K5J247CFI0C371ABE4H6B
0 9
0 14
1 3
1 16
2 6
2 9
3 10
3 19
4 13
4 17
5 8
5 20
6 2
6 5
7 8
7 13
8 16
8 18
9 1
9 15
10 0
10 20
11 5
11 19
12 2
12 4
13 7
13 12
14 15
14 18
15 0
15 12
16 3
16 7
17 1
17 10
18 11
18 14
19 4
19 17
20 6
20 11

# solution 2215
# n=21 sym=rot2 status=verified source=flammenkamp_cache/n21_rot2
# code=:6848DIAF14167H9BHI0F0K5K239B3DEJGJ5A27CGCE
0 6
0 8
1 4
1 8
2 13
2 18
3 10
3 15
4 1
4 4
5 1
5 6
6 7
6 17
7 9
7 11
8 17
8 18
9 0
9 15
10 0
10 20
11 5
11 20
12 2
12 3
13 9
13 11
14 3
14 13
15 14
15 19
16 16
16 19
17 5
17 10
18 2
18 7
19 12
19 16
20 12
20 14

# solution 2216
# n=21 sym=rot2 status=verified source=flammenkamp_cache/n21_rot2
# code=:9C7E4IAE4H7813FJ9IFK0K052B15HJCD3G6A2G6D8B
0 9
0 12
1 7
1 14
2 4
2 18
3 10
3 14
4 4
4 17
5 7
5 8
6 1
6 3
7 15
7 19
8 9
8 18
9 15
9 20
10 0
10 20
11 0
11 5
12 2
12 11
13 1
13 5
14 17
14 19
15 12
15 13
16 3
16 16
17 6
17 10
18 2
18 16
19 6
19 13
20 8
20 11

# solution 2217
# n=21 sym=rot2 status=verified source=flammenkamp_cache/n21_rot2
# code=:8947EH2AFI7J163F9C4K0K0G8B5HEJ1D25AI36DGBC
0 8
0 9
1 4
1 7
2 14
2 17
3 2
3 10
4 15
4 18
5 7
5 19
6 1
6 6
7 3
7 15
8 9
8 12
9 4
9 20
10 0
10 20
11 0
11 16
12 8
12 11
13 5
13 17
14 14
14 19
15 1
15 13
16 2
16 5
17 10
17 18
18 3
18 6
19 13
19 16
20 11
20 12

# solution 2218
# n=21 sym=rot2 status=verified source=flammenkamp_cache/n21_rot2
# code=:6847EH2AFI7J193F9C4K0K0G8B5HBJ1D25AI36DGCE
0 6
0 8
1 4
1 7
2 14
2 17
3 2
3 10
4 15
4 18
5 7
5 19
6 1
6 9
7 3
7 15
8 9
8 12
9 4
9 20
10 0
10 20
11 0
11 16
12 8
12 11
13 5
13 17
14 11
14 19
15 1
15 13
16 2
16 5
17 10
17 18
18 3
18 6
19 13
19 16
20 12
20 14

# solution 2219
# n=21 sym=rot2 status=verified source=flammenkamp_cache/n21_rot2
# code=:EJ6F3CAF2JDG293D890G0K4KBC7HBI471I5A8H5E16
0 14
0 19
1 6
1 15
2 3
2 12
3 10
3 15
4 2
4 19
5 13
5 16
6 2
6 9
7 3
7 13
8 8
8 9
9 0
9 16
10 0
10 20
11 4
11 20
12 11
12 12
13 7
13 17
14 11
14 18
15 4
15 7
16 1
16 18
17 5
17 10
18 8
18 17
19 5
19 14
20 1
20 6

# solution 2220
# n=21 sym=rot2 status=verified source=flammenkamp_cache/n21_rot2
# code=:9I7F4F7AEH183E1I89GK0K04BC2J6HCJ36AD5G5D2B
0 9
0 18
1 7
1 15
2 4
2 15
3 7
3 10
4 14
4 17
5 1
5 8
6 3
6 14
7 1
7 18
8 8
8 9
9 16
9 20
10 0
10 20
11 0
11 4
12 11
12 12
13 2
13 19
14 6
14 17
15 12
15 19
16 3
16 6
17 10
17 13
18 5
18 16
19 5
19 13
20 2
20 11

# solution 2221
# n=21 sym=rot2 status=verified source=flammenkamp_cache/n21_rot2
# code=:9I7D4F5AEH183EIJ89GK0K04BC126HCJ36AF5G7D2B
0 9
0 18
1 7
1 13
2 4
2 15
3 5
3 10
4 14
4 17
5 1
5 8
6 3
6 14
7 18
7 19
8 8
8 9
9 16
9 20
10 0
10 20
11 0
11 4
12 11
12 12
13 1
13 2
14 6
14 17
15 12
15 19
16 3
16 6
17 10
17 15
18 5
18 16
19 7
19 13
20 2
20 11

# solution 2222
# n=21 sym=rot2 status=verified source=flammenkamp_cache/n21_rot2
# code=:BG6H4EAC25CK1F7D9I130KHJ2B7D5J08FI8A6G3E49
0 11
0 16
1 6
1 17
2 4
2 14
3 10
3 12
4 2
4 5
5 12
5 20
6 1
6 15
7 7
7 13
8 9
8 18
9 1
9 3
10 0
10 20
11 17
11 19
12 2
12 11
13 7
13 13
14 5
14 19
15 0
15 8
16 15
16 18
17 8
17 10
18 6
18 16
19 3
19 14
20 4
20 9

# solution 2223
# n=21 sym=rot2 status=verified source=flammenkamp_cache/n21_rot2
# code=:7B6G7EAI25390FGJ8C130KHJ8C145KBHFI2A6D4E9D
0 7
0 11
1 6
1 16
2 7
2 14
3 10
3 18
4 2
4 5
5 3
5 9
6 0
6 15
7 16
7 19
8 8
8 12
9 1
9 3
10 0
10 20
11 17
11 19
12 8
12 12
13 1
13 4
14 5
14 20
15 11
15 17
16 15
16 18
17 2
17 10
18 6
18 13
19 4
19 14
20 9
20 13

# solution 2224
# n=21 sym=rot2 status=verified source=flammenkamp_cache/n21_rot2
# code=:7BEG7EAI25390FGJ8C130KHJ8C145KBHFI2A6D469D
0 7
0 11
1 14
1 16
2 7
2 14
3 10
3 18
4 2
4 5
5 3
5 9
6 0
6 15
7 16
7 19
8 8
8 12
9 1
9 3
10 0
10 20
11 17
11 19
12 8
12 12
13 1
13 4
14 5
14 20
15 11
15 17
16 15
16 18
17 2
17 10
18 6
18 13
19 4
19 6
20 9
20 13

# solution 2225
# n=21 sym=rot2 status=verified source=flammenkamp_cache/n21_rot2
# code=:BIDE47AC4F2C35JK9E3J0K1H6B01FH8I5G8ADG6729
0 11
0 18
1 13
1 14
2 4
2 7
3 10
3 12
4 4
4 15
5 2
5 12
6 3
6 5
7 19
7 20
8 9
8 14
9 3
9 19
10 0
10 20
11 1
11 17
12 6
12 11
13 0
13 1
14 15
14 17
15 8
15 18
16 5
16 16
17 8
17 10
18 13
18 16
19 6
19 7
20 2
20 9

# solution 2226
# n=21 sym=rot2 status=verified source=flammenkamp_cache/n21_rot2
# code=:9C7G46AI5B2JFH8D6K1H0K3J0E7C351I9F2AEG4D8B
0 9
0 12
1 7
1 16
2 4
2 6
3 10
3 18
4 5
4 11
5 2
5 19
6 15
6 17
7 8
7 13
8 6
8 20
9 1
9 17
10 0
10 20
11 3
11 19
12 0
12 14
13 7
13 12
14 3
14 5
15 1
15 18
16 9
16 15
17 2
17 10
18 14
18 16
19 4
19 13
20 8
20 11

# solution 2227
# n=21 sym=rot2 status=verified source=flammenkamp_cache/n21_rot2
# code=:CG5H7BACEJ2426197FHK0K035DBJEIGI168A9D3F48
0 12
0 16
1 5
1 17
2 7
2 11
3 10
3 12
4 14
4 19
5 2
5 4
6 2
6 6
7 1
7 9
8 7
8 15
9 17
9 20
10 0
10 20
11 0
11 3
12 5
12 13
13 11
13 19
14 14
14 18
15 16
15 18
16 1
16 6
17 8
17 10
18 9
18 13
19 3
19 15
20 4
20 8

# solution 2228
# n=21 sym=rot2 status=verified source=flammenkamp_cache/n21_rot2
# code=:8ICD4H4A5E5BEJ9J3D020KIK7H1B169F6FAG3G782C
0 8
0 18
1 12
1 13
2 4
2 17
3 4
3 10
4 5
4 14
5 5
5 11
6 14
6 19
7 9
7 19
8 3
8 13
9 0
9 2
10 0
10 20
11 18
11 20
12 7
12 17
13 1
13 11
14 1
14 6
15 9
15 15
16 6
16 15
17 10
17 16
18 3
18 16
19 7
19 8
20 2
20 12

# solution 2229
# n=21 sym=rot2 status=verified source=flammenkamp_cache/n21_rot2
# code=:9A6F4BEK184712DF8IHK3H032C57IJDGCJ069G5EAB
0 9
0 10
1 6
1 15
2 4
2 11
3 14
3 20
4 1
4 8
5 4
5 7
6 1
6 2
7 13
7 15
8 8
8 18
9 17
9 20
10 3
10 17
11 0
11 3
12 2
12 12
13 5
13 7
14 18
14 19
15 13
15 16
16 12
16 19
17 0
17 6
18 9
18 16
19 5
19 14
20 10
20 11

# solution 2230
# n=21 sym=rot2 status=verified source=flammenkamp_cache/n21_rot2
# code=:2G586B9ADF240H78361J0K1JEHCD3KGI57AB9ECF4I
0 2
0 16
1 5
1 8
2 6
2 11
3 9
3 10
4 13
4 15
5 2
5 4
6 0
6 17
7 7
7 8
8 3
8 6
9 1
9 19
10 0
10 20
11 1
11 19
12 14
12 17
13 12
13 13
14 3
14 20
15 16
15 18
16 5
16 7
17 10
17 11
18 9
18 14
19 12
19 15
20 4
20 18

# solution 2231
# n=21 sym=rot2 status=verified source=flammenkamp_cache/n21_rot2
# code=:AE9B5G48HK160FDI18DI3H27CJ275KEJ03CG4F9B6A
0 10
0 14
1 9
1 11
2 5
2 16
3 4
3 8
4 17
4 20
5 1
5 6
6 0
6 15
7 13
7 18
8 1
8 8
9 13
9 18
10 3
10 17
11 2
11 7
12 12
12 19
13 2
13 7
14 5
14 20
15 14
15 19
16 0
16 3
17 12
17 16
18 4
18 15
19 9
19 11
20 6
20 10

# solution 2232
# n=21 sym=rot2 status=verified source=flammenkamp_cache/n21_rot2
# code=:5E28AGGJ2D3E9B3D08FJ0K15CK7H9B6H7I144ACI6F
0 5
0 14
1 2
1 8
2 10
2 16
3 16
3 19
4 2
4 13
5 3
5 14
6 9
6 11
7 3
7 13
8 0
8 8
9 15
9 19
10 0
10 20
11 1
11 5
12 12
12 20
13 7
13 17
14 9
14 11
15 6
15 17
16 7
16 18
17 1
17 4
18 4
18 10
19 12
19 18
20 6
20 15

# solution 2233
# n=21 sym=rot2 status=verified source=flammenkamp_cache/n21_rot2
# code=:5E48AGIJ2D369B3D08FJ0K15CK7H9BEH7I124ACG6F
0 5
0 14
1 4
1 8
2 10
2 16
3 18
3 19
4 2
4 13
5 3
5 6
6 9
6 11
7 3
7 13
8 0
8 8
9 15
9 19
10 0
10 20
11 1
11 5
12 12
12 20
13 7
13 17
14 9
14 11
15 14
15 17
16 7
16 18
17 1
17 2
18 4
18 10
19 12
19 16
20 6
20 15

# solution 2234
# n=21 sym=rot2 status=verified source=flammenkamp_cache/n21_rot2
# code=:AG8C4FHJ9B27FK17EHEK2I0636DJ05DI9B135G8C4A
0 10
0 16
1 8
1 12
2 4
2 15
3 17
3 19
4 9
4 11
5 2
5 7
6 15
6 20
7 1
7 7
8 14
8 17
9 14
9 20
10 2
10 18
11 0
11 6
12 3
12 6
13 13
13 19
14 0
14 5
15 13
15 18
16 9
16 11
17 1
17 3
18 5
18 16
19 8
19 12
20 4
20 10

# solution 2235
# n=21 sym=rot2 status=verified source=flammenkamp_cache/n21_rot2
# code=:ABDG5D193H0845EJ08EI2I26CK16FGCK3HBJ7F479A
0 10
0 11
1 13
1 16
2 5
2 13
3 1
3 9
4 3
4 17
5 0
5 8
6 4
6 5
7 14
7 19
8 0
8 8
9 14
9 18
10 2
10 18
11 2
11 6
12 12
12 20
13 1
13 6
14 15
14 16
15 12
15 20
16 3
16 17
17 11
17 19
18 7
18 15
19 4
19 7
20 9
20 10

# solution 2236
# n=21 sym=rot2 status=verified source=flammenkamp_cache/n21_rot2
# code=:9ACG4HDJ157905EK28EH2I36CI06FKBDFJ173G48AB
0 9
0 10
1 12
1 16
2 4
2 17
3 13
3 19
4 1
4 5
5 7
5 9
6 0
6 5
7 14
7 20
8 2
8 8
9 14
9 17
10 2
10 18
11 3
11 6
12 12
12 18
13 0
13 6
14 15
14 20
15 11
15 13
16 15
16 19
17 1
17 7
18 3
18 16
19 4
19 8
20 10
20 11

# solution 2237
# n=21 sym=rot2 status=verified source=flammenkamp_cache/n21_rot2
# code=:CE37AC2F4BEI793G1JFK0K051J4HBD269G5I8ADH68
0 12
0 14
1 3
1 7
2 10
2 12
3 2
3 15
4 4
4 11
5 14
5 18
6 7
6 9
7 3
7 16
8 1
8 19
9 15
9 20
10 0
10 20
11 0
11 5
12 1
12 19
13 4
13 17
14 11
14 13
15 2
15 6
16 9
16 16
17 5
17 18
18 8
18 10
19 13
19 17
20 6
20 8

# solution 2238
# n=21 sym=rot2 status=verified source=flammenkamp_cache/n21_rot2
# code=:8D8GAG9F131379EI6I0F0K5K2E26BDHJHJ5B4A4C7C
0 8
0 13
1 8
1 16
2 10
2 16
3 9
3 15
4 1
4 3
5 1
5 3
6 7
6 9
7 14
7 18
8 6
8 18
9 0
9 15
10 0
10 20
11 5
11 20
12 2
12 14
13 2
13 6
14 11
14 13
15 17
15 19
16 17
16 19
17 5
17 11
18 4
18 10
19 4
19 12
20 7
20 12

# solution 2239
# n=21 sym=rot2 status=verified source=flammenkamp_cache/n21_rot2
# code=:8D8GAG9F131379EI6IFK0K052E26BDHJHJ5B4A4C7C
0 8
0 13
1 8
1 16
2 10
2 16
3 9
3 15
4 1
4 3
5 1
5 3
6 7
6 9
7 14
7 18
8 6
8 18
9 15
9 20
10 0
10 20
11 0
11 5
12 2
12 14
13 2
13 6
14 11
14 13
15 17
15 19
16 17
16 19
17 5
17 11
18 4
18 10
19 4
19 12
20 7
20 12

# solution 2240
# n=21 sym=rot2 status=verified source=flammenkamp_cache/n21_rot2
# code=:AGCI5BJK7B0745EJ8HEH2I363C16FGDK9D019F284A
0 10
0 16
1 12
1 18
2 5
2 11
3 19
3 20
4 7
4 11
5 0
5 7
6 4
6 5
7 14
7 19
8 8
8 17
9 14
9 17
10 2
10 18
11 3
11 6
12 3
12 12
13 1
13 6
14 15
14 16
15 13
15 20
16 9
16 13
17 0
17 1
18 9
18 15
19 2
19 8
20 4
20 10

# solution 2241
# n=21 sym=rot2 status=verified source=flammenkamp_cache/n21_rot2
# code=:8EDJ5ACG5K3I692H9J4D0K7G1B3IBE2H0F48AF176C
0 8
0 14
1 13
1 19
2 5
2 10
3 12
3 16
4 5
4 20
5 3
5 18
6 6
6 9
7 2
7 17
8 9
8 19
9 4
9 13
10 0
10 20
11 7
11 16
12 1
12 11
13 3
13 18
14 11
14 14
15 2
15 17
16 0
16 15
17 4
17 8
18 10
18 15
19 1
19 7
20 6
20 12

# solution 2242
# n=21 sym=rot2 status=verified source=flammenkamp_cache/n21_rot2
# code=:9A5D3BDG16GI0C058JEH2I361CFK8K24EJ479H7FAB
0 9
0 10
1 5
1 13
2 3
2 11
3 13
3 16
4 1
4 6
5 16
5 18
6 0
6 12
7 0
7 5
8 8
8 19
9 14
9 17
10 2
10 18
11 3
11 6
12 1
12 12
13 15
13 20
14 8
14 20
15 2
15 4
16 14
16 19
17 4
17 7
18 9
18 17
19 7
19 15
20 10
20 11

# solution 2243
# n=21 sym=rot2 status=verified source=flammenkamp_cache/n21_rot2
# code=:8BDGAJ358DFJ39262EGK0K046IEIBH157CFH1A479C
0 8
0 11
1 13
1 16
2 10
2 19
3 3
3 5
4 8
4 13
5 15
5 19
6 3
6 9
7 2
7 6
8 2
8 14
9 16
9 20
10 0
10 20
11 0
11 4
12 6
12 18
13 14
13 18
14 11
14 17
15 1
15 5
16 7
16 12
17 15
17 17
18 1
18 10
19 4
19 7
20 9
20 12

# solution 2244
# n=21 sym=rot2 status=verified source=flammenkamp_cache/n21_rot2
# code=:5G89AG8I5J3J9H7D6EIK0K026E7D3B1H1F2C4ABC4F
0 5
0 16
1 8
1 9
2 10
2 16
3 8
3 18
4 5
4 19
5 3
5 19
6 9
6 17
7 7
7 13
8 6
8 14
9 18
9 20
10 0
10 20
11 0
11 2
12 6
12 14
13 7
13 13
14 3
14 11
15 1
15 17
16 1
16 15
17 2
17 12
18 4
18 10
19 11
19 12
20 4
20 15

# solution 2245
# n=21 sym=rot2 status=verified source=flammenkamp_cache/n21_rot2
# code=:CE341A7C0FEF9H2719240KGIBJDI3B565K8DAJGH68
0 12
0 14
1 3
1 4
2 1
2 10
3 7
3 12
4 0
4 15
5 14
5 15
6 9
6 17
7 2
7 7
8 1
8 9
9 2
9 4
10 0
10 20
11 16
11 18
12 11
12 19
13 13
13 18
14 3
14 11
15 5
15 6
16 5
16 20
17 8
17 13
18 10
18 19
19 16
19 17
20 6
20 8

# solution 2246
# n=21 sym=rot2 status=verified source=flammenkamp_cache/n21_rot2
# code=:7A2CCF6H9B4J0J3704EF2I56GKDH1K1G9B3E588IAD
0 7
0 10
1 2
1 12
2 12
2 15
3 6
3 17
4 9
4 11
5 4
5 19
6 0
6 19
7 3
7 7
8 0
8 4
9 14
9 15
10 2
10 18
11 5
11 6
12 16
12 20
13 13
13 17
14 1
14 20
15 1
15 16
16 9
16 11
17 3
17 14
18 5
18 8
19 8
19 18
20 10
20 13

# solution 2247
# n=21 sym=rot2 status=verified source=flammenkamp_cache/n21_rot2
# code=:7D8HABFI484619136IFK0K052EHJBJEGCG259A3C7D
0 7
0 13
1 8
1 17
2 10
2 11
3 15
3 18
4 4
4 8
5 4
5 6
6 1
6 9
7 1
7 3
8 6
8 18
9 15
9 20
10 0
10 20
11 0
11 5
12 2
12 14
13 17
13 19
14 11
14 19
15 14
15 16
16 12
16 16
17 2
17 5
18 9
18 10
19 3
19 12
20 7
20 13

# solution 2248
# n=21 sym=rot2 status=verified source=flammenkamp_cache/n21_rot2
# code=:AB5E58GJ23397C7G0J0E2I6K1K4D8DBHHI14CF6F9A
0 10
0 11
1 5
1 14
2 5
2 8
3 16
3 19
4 2
4 3
5 3
5 9
6 7
6 12
7 7
7 16
8 0
8 19
9 0
9 14
10 2
10 18
11 6
11 20
12 1
12 20
13 4
13 13
14 8
14 13
15 11
15 17
16 17
16 18
17 1
17 4
18 12
18 15
19 6
19 15
20 9
20 10

# solution 2249
# n=21 sym=rot2 status=verified source=flammenkamp_cache/n21_rot2
# code=:5ABE5GCG233B7C7J0J0E2I6K1K1D8D9HHI484F69AF
0 5
0 10
1 11
1 14
2 5
2 16
3 12
3 16
4 2
4 3
5 3
5 11
6 7
6 12
7 7
7 19
8 0
8 19
9 0
9 14
10 2
10 18
11 6
11 20
12 1
12 20
13 1
13 13
14 8
14 13
15 9
15 17
16 17
16 18
17 4
17 8
18 4
18 15
19 6
19 9
20 10
20 15

# solution 2250
# n=21 sym=rot2 status=verified source=flammenkamp_cache/n21_rot2
# code=:7C39AG2F47EJ198K36FI0K25EH0CBJ16DG5I4ABH8D
0 7
0 12
1 3
1 9
2 10
2 16
3 2
3 15
4 4
4 7
5 14
5 19
6 1
6 9
7 8
7 20
8 3
8 6
9 15
9 18
10 0
10 20
11 2
11 5
12 14
12 17
13 0
13 12
14 11
14 19
15 1
15 6
16 13
16 16
17 5
17 18
18 4
18 10
19 11
19 17
20 8
20 13

# solution 2251
# n=21 sym=rot2 status=verified source=flammenkamp_cache/n21_rot2
# code=:9AEH5902GH7D018G8JEF2I561C4CJK7D34IKBF36AB
0 9
0 10
1 14
1 17
2 5
2 9
3 0
3 2
4 16
4 17
5 7
5 13
6 0
6 1
7 8
7 16
8 8
8 19
9 14
9 15
10 2
10 18
11 5
11 6
12 1
12 12
13 4
13 12
14 19
14 20
15 7
15 13
16 3
16 4
17 18
17 20
18 11
18 15
19 3
19 6
20 10
20 11

# solution 2252
# n=21 sym=rot2 status=verified source=flammenkamp_cache/n21_rot2
# code=:8AEI4B57BH145KDH18EK2I06CJ370FGJ39DF9G26AC
0 8
0 10
1 14
1 18
2 4
2 11
3 5
3 7
4 11
4 17
5 1
5 4
6 5
6 20
7 13
7 17
8 1
8 8
9 14
9 20
10 2
10 18
11 0
11 6
12 12
12 19
13 3
13 7
14 0
14 15
15 16
15 19
16 3
16 9
17 13
17 15
18 9
18 16
19 2
19 6
20 10
20 12

# solution 2253
# n=21 sym=rot2 status=verified source=flammenkamp_cache/n21_rot2
# code=:6C7H0A471FEI19FH9C4I0K2G8B35BJ265JDGAK3D8E
0 6
0 12
1 7
1 17
2 0
2 10
3 4
3 7
4 1
4 15
5 14
5 18
6 1
6 9
7 15
7 17
8 9
8 12
9 4
9 18
10 0
10 20
11 2
11 16
12 8
12 11
13 3
13 5
14 11
14 19
15 2
15 6
16 5
16 19
17 13
17 16
18 10
18 20
19 3
19 13
20 8
20 14

# solution 2254
# n=21 sym=rot2 status=verified source=flammenkamp_cache/n21_rot2
# code=:4C28AG7F37EI9J1903EF0K56HKBJ1B26DH5D4ACI8G
0 4
0 12
1 2
1 8
2 10
2 16
3 7
3 15
4 3
4 7
5 14
5 18
6 9
6 19
7 1
7 9
8 0
8 3
9 14
9 15
10 0
10 20
11 5
11 6
12 17
12 20
13 11
13 19
14 1
14 11
15 2
15 6
16 13
16 17
17 5
17 13
18 4
18 10
19 12
19 18
20 8
20 16

# solution 2255
# n=21 sym=rot2 status=verified source=flammenkamp_cache/n21_rot2
# code=:9C8D6A1GDI259J0H3G5E0K6F4H3K1BFI274JAE7C8B
0 9
0 12
1 8
1 13
2 6
2 10
3 1
3 16
4 13
4 18
5 2
5 5
6 9
6 19
7 0
7 17
8 3
8 16
9 5
9 14
10 0
10 20
11 6
11 15
12 4
12 17
13 3
13 20
14 1
14 11
15 15
15 18
16 2
16 7
17 4
17 19
18 10
18 14
19 7
19 12
20 8
20 11

# solution 2256
# n=21 sym=rot2 status=verified source=flammenkamp_cache/n21_rot2
# code=:BE567AHK2CGI9C471HFJ0K153JDG8B248I03ADEF69
0 11
0 14
1 5
1 6
2 7
2 10
3 17
3 20
4 2
4 12
5 16
5 18
6 9
6 12
7 4
7 7
8 1
8 17
9 15
9 19
10 0
10 20
11 1
11 5
12 3
12 19
13 13
13 16
14 8
14 11
15 2
15 4
16 8
16 18
17 0
17 3
18 10
18 13
19 14
19 15
20 6
20 9

# solution 2257
# n=21 sym=rot2 status=verified source=flammenkamp_cache/n21_rot2
# code=:BD35AG8I3DGJ6B8J06FI0K25EK1C9E147H2C4AFH79
0 11
0 13
1 3
1 5
2 10
2 16
3 8
3 18
4 3
4 13
5 16
5 19
6 6
6 11
7 8
7 19
8 0
8 6
9 15
9 18
10 0
10 20
11 2
11 5
12 14
12 20
13 1
13 12
14 9
14 14
15 1
15 4
16 7
16 17
17 2
17 12
18 4
18 10
19 15
19 17
20 7
20 9

# solution 2258
# n=21 sym=rot2 status=verified source=flammenkamp_cache/n21_rot2
# code=:6CFGAE7JBI243B8D3J5K0K0F1H7C9HGI291D6A458E
0 6
0 12
1 15
1 16
2 10
2 14
3 7
3 19
4 11
4 18
5 2
5 4
6 3
6 11
7 8
7 13
8 3
8 19
9 5
9 20
10 0
10 20
11 0
11 15
12 1
12 17
13 7
13 12
14 9
14 17
15 16
15 18
16 2
16 9
17 1
17 13
18 6
18 10
19 4
19 5
20 8
20 14

# solution 2259
# n=21 sym=rot2 status=verified source=flammenkamp_cache/n21_rot2
# code=:8E5D0ACDFI361B349JGI0K241BGH9JEH2578AK7F6C
0 8
0 14
1 5
1 13
2 0
2 10
3 12
3 13
4 15
4 18
5 3
5 6
6 1
6 11
7 3
7 4
8 9
8 19
9 16
9 18
10 0
10 20
11 2
11 4
12 1
12 11
13 16
13 17
14 9
14 19
15 14
15 17
16 2
16 5
17 7
17 8
18 10
18 20
19 7
19 15
20 6
20 12

# solution 2260
# n=21 sym=rot2 status=verified source=flammenkamp_cache/n21_rot2
# code=:CE38AE3I5F12BJ4D09DG0K47BK7G19IJ5F2H6ACH68
0 12
0 14
1 3
1 8
2 10
2 14
3 3
3 18
4 5
4 15
5 1
5 2
6 11
6 19
7 4
7 13
8 0
8 9
9 13
9 16
10 0
10 20
11 4
11 7
12 11
12 20
13 7
13 16
14 1
14 9
15 18
15 19
16 5
16 15
17 2
17 17
18 6
18 10
19 12
19 17
20 6
20 8

# solution 2261
# n=21 sym=rot2 status=verified source=flammenkamp_cache/n21_rot2
# code=:8E38AE3I5F12BJ4D9KDG0K470B7G19IJ5F2H6ACH6C
0 8
0 14
1 3
1 8
2 10
2 14
3 3
3 18
4 5
4 15
5 1
5 2
6 11
6 19
7 4
7 13
8 9
8 20
9 13
9 16
10 0
10 20
11 4
11 7
12 0
12 11
13 7
13 16
14 1
14 9
15 18
15 19
16 5
16 15
17 2
17 17
18 6
18 10
19 12
19 17
20 6
20 12

# solution 2262
# n=21 sym=rot2 status=verified source=flammenkamp_cache/n21_rot2
# code=:375HAECGCG26BJ159DIK0K027BFJ19EI48486A3FDH
0 3
0 7
1 5
1 17
2 10
2 14
3 12
3 16
4 12
4 16
5 2
5 6
6 11
6 19
7 1
7 5
8 9
8 13
9 18
9 20
10 0
10 20
11 0
11 2
12 7
12 11
13 15
13 19
14 1
14 9
15 14
15 18
16 4
16 8
17 4
17 8
18 6
18 10
19 3
19 15
20 13
20 17

# solution 2263
# n=21 sym=rot2 status=verified source=flammenkamp_cache/n21_rot2
# code=:CE6IAD041G9I7C3HFJ9F0K5B153H8D2B4JGK7A2E68
0 12
0 14
1 6
1 18
2 10
2 13
3 0
3 4
4 1
4 16
5 9
5 18
6 7
6 12
7 3
7 17
8 15
8 19
9 9
9 15
10 0
10 20
11 5
11 11
12 1
12 5
13 3
13 17
14 8
14 13
15 2
15 11
16 4
16 19
17 16
17 20
18 7
18 10
19 2
19 14
20 6
20 8

# solution 2264
# n=21 sym=rot2 status=verified source=flammenkamp_cache/n21_rot2
# code=:8AGI58DG3D01JK69EH592IBF36BE01JK7H47CF24AC
0 8
0 10
1 16
1 18
2 5
2 8
3 13
3 16
4 3
4 13
5 0
5 1
6 19
6 20
7 6
7 9
8 14
8 17
9 5
9 9
10 2
10 18
11 11
11 15
12 3
12 6
13 11
13 14
14 0
14 1
15 19
15 20
16 7
16 17
17 4
17 7
18 12
18 15
19 2
19 4
20 10
20 12

# solution 2265
# n=21 sym=rot2 status=verified source=flammenkamp_cache/n21_rot2
# code=:5ADE358DHJ9J0448EK9I2I2B06CGGK1B137CFH67AF
0 5
0 10
1 13
1 14
2 3
2 5
3 8
3 13
4 17
4 19
5 9
5 19
6 0
6 4
7 4
7 8
8 14
8 20
9 9
9 18
10 2
10 18
11 2
11 11
12 0
12 6
13 12
13 16
14 16
14 20
15 1
15 11
16 1
16 3
17 7
17 12
18 15
18 17
19 6
19 7
20 10
20 15

# solution 2266
# n=21 sym=rot2 status=verified source=flammenkamp_cache/n21_rot2
# code=:5ADE5H18DH9J0448EK9I2I2B06CGGK1B37CJ3F67AF
0 5
0 10
1 13
1 14
2 5
2 17
3 1
3 8
4 13
4 17
5 9
5 19
6 0
6 4
7 4
7 8
8 14
8 20
9 9
9 18
10 2
10 18
11 2
11 11
12 0
12 6
13 12
13 16
14 16
14 20
15 1
15 11
16 3
16 7
17 12
17 19
18 3
18 15
19 6
19 7
20 10
20 15

# solution 2267
# n=21 sym=rot2 status=verified source=flammenkamp_cache/n21_rot2
# code=:9H68AF4G0F6B287D3JIJ0K121H7DCI9E5K4G5ACE3B
0 9
0 17
1 6
1 8
2 10
2 15
3 4
3 16
4 0
4 15
5 6
5 11
6 2
6 8
7 7
7 13
8 3
8 19
9 18
9 19
10 0
10 20
11 1
11 2
12 1
12 17
13 7
13 13
14 12
14 18
15 9
15 14
16 5
16 20
17 4
17 16
18 5
18 10
19 12
19 14
20 3
20 11

# solution 2268
# n=21 sym=rot2 status=verified source=flammenkamp_cache/n21_rot2
# code=:687B9A2F6F1H8D24HJ040KGK13GI7C3J5E5IAB9DCE
0 6
0 8
1 7
1 11
2 9
2 10
3 2
3 15
4 6
4 15
5 1
5 17
6 8
6 13
7 2
7 4
8 17
8 19
9 0
9 4
10 0
10 20
11 16
11 20
12 1
12 3
13 16
13 18
14 7
14 12
15 3
15 19
16 5
16 14
17 5
17 18
18 10
18 11
19 9
19 13
20 12
20 14

# solution 2269
# n=21 sym=rot2 status=verified source=flammenkamp_cache/n21_rot2
# code=:382E8AFG4E0B7D9J3J250KFI1H1B7D9K6G45AC6ICH
0 3
0 8
1 2
1 14
2 8
2 10
3 15
3 16
4 4
4 14
5 0
5 11
6 7
6 13
7 9
7 19
8 3
8 19
9 2
9 5
10 0
10 20
11 15
11 18
12 1
12 17
13 1
13 11
14 7
14 13
15 9
15 20
16 6
16 16
17 4
17 5
18 10
18 12
19 6
19 18
20 12
20 17

# solution 2270
# n=21 sym=rot2 status=verified source=flammenkamp_cache/n21_rot2
# code=:684J8A6F0F1H7H299I470KDG2BBI3D3J5K5EAC1GCE
0 6
0 8
1 4
1 19
2 8
2 10
3 6
3 15
4 0
4 15
5 1
5 17
6 7
6 17
7 2
7 9
8 9
8 18
9 4
9 7
10 0
10 20
11 13
11 16
12 2
12 11
13 11
13 18
14 3
14 13
15 3
15 19
16 5
16 20
17 5
17 14
18 10
18 12
19 1
19 16
20 12
20 14

# solution 2271
# n=21 sym=rot2 status=verified source=flammenkamp_cache/n21_rot2
# code=:26BE8AGJ45CK7H9J3D250KFI7H1B3D08FG14AC69EI
0 2
0 6
1 11
1 14
2 8
2 10
3 16
3 19
4 4
4 5
5 12
5 20
6 7
6 17
7 9
7 19
8 3
8 13
9 2
9 5
10 0
10 20
11 15
11 18
12 7
12 17
13 1
13 11
14 3
14 13
15 0
15 8
16 15
16 16
17 1
17 4
18 10
18 12
19 6
19 9
20 14
20 18

# solution 2272
# n=21 sym=rot2 status=verified source=flammenkamp_cache/n21_rot2
# code=:BC6F8A4H2E9D7HGJ15020KIKFJ143D7B6I3GAC5E89
0 11
0 12
1 6
1 15
2 8
2 10
3 4
3 17
4 2
4 14
5 9
5 13
6 7
6 17
7 16
7 19
8 1
8 5
9 0
9 2
10 0
10 20
11 18
11 20
12 15
12 19
13 1
13 4
14 3
14 13
15 7
15 11
16 6
16 18
17 3
17 16
18 10
18 12
19 5
19 14
20 8
20 9

# solution 2273
# n=21 sym=rot2 status=verified source=flammenkamp_cache/n21_rot2
# code=:3B18AC4F67EI7H9J04FI0K25GK1B3D26DE5G8ACJ9H
0 3
0 11
1 1
1 8
2 10
2 12
3 4
3 15
4 6
4 7
5 14
5 18
6 7
6 17
7 9
7 19
8 0
8 4
9 15
9 18
10 0
10 20
11 2
11 5
12 16
12 20
13 1
13 11
14 3
14 13
15 2
15 6
16 13
16 14
17 5
17 16
18 8
18 10
19 12
19 19
20 9
20 17

# solution 2274
# n=21 sym=rot2 status=verified source=flammenkamp_cache/n21_rot2
# code=:9A7GGH56CD025J0E3C9J2I1B8H6K1FIK78EF344DAB
0 9
0 10
1 7
1 16
2 16
2 17
3 5
3 6
4 12
4 13
5 0
5 2
6 5
6 19
7 0
7 14
8 3
8 12
9 9
9 19
10 2
10 18
11 1
11 11
12 8
12 17
13 6
13 20
14 1
14 15
15 18
15 20
16 7
16 8
17 14
17 15
18 3
18 4
19 4
19 13
20 10
20 11

# solution 2275
# n=21 sym=rot2 status=verified source=flammenkamp_cache/n21_rot2
# code=:CE08AI5F47EI7H9BHJ1G0K4J139B3D26DG5F2ACK68
0 12
0 14
1 0
1 8
2 10
2 18
3 5
3 15
4 4
4 7
5 14
5 18
6 7
6 17
7 9
7 11
8 17
8 19
9 1
9 16
10 0
10 20
11 4
11 19
12 1
12 3
13 9
13 11
14 3
14 13
15 2
15 6
16 13
16 16
17 5
17 15
18 2
18 10
19 12
19 20
20 6
20 8

# solution 2276
# n=21 sym=rot2 status=verified source=flammenkamp_cache/n21_rot2
# code=:CE38AK1F49EF7H4I9D120KIJ7B2G3D56BG5J0ACH68
0 12
0 14
1 3
1 8
2 10
2 20
3 1
3 15
4 4
4 9
5 14
5 15
6 7
6 17
7 4
7 18
8 9
8 13
9 1
9 2
10 0
10 20
11 18
11 19
12 7
12 11
13 2
13 16
14 3
14 13
15 5
15 6
16 11
16 16
17 5
17 19
18 0
18 10
19 12
19 17
20 6
20 8

# solution 2277
# n=21 sym=rot2 status=verified source=flammenkamp_cache/n21_rot2
# code=:8G5E8A39FJ3K174E9I270KDI2B6GDJ0H15BHAC6F4C
0 8
0 16
1 5
1 14
2 8
2 10
3 3
3 9
4 15
4 19
5 3
5 20
6 1
6 7
7 4
7 14
8 9
8 18
9 2
9 7
10 0
10 20
11 13
11 18
12 2
12 11
13 6
13 16
14 13
14 19
15 0
15 17
16 1
16 5
17 11
17 17
18 10
18 12
19 6
19 15
20 4
20 12

# solution 2278
# n=21 sym=rot2 status=verified source=flammenkamp_cache/n21_rot2
# code=:9I58ADEG6G2817HJ093F0K5HBK13DJCI4E467ACF2B
0 9
0 18
1 5
1 8
2 10
2 13
3 14
3 16
4 6
4 16
5 2
5 8
6 1
6 7
7 17
7 19
8 0
8 9
9 3
9 15
10 0
10 20
11 5
11 17
12 11
12 20
13 1
13 3
14 13
14 19
15 12
15 18
16 4
16 14
17 4
17 6
18 7
18 10
19 12
19 15
20 2
20 11

# solution 2279
# n=21 sym=rot2 status=verified source=flammenkamp_cache/n21_rot2
# code=:8ADE3F1D28GH9KEG15092IBKFJ460B34CI7J5H67AC
0 8
0 10
1 13
1 14
2 3
2 15
3 1
3 13
4 2
4 8
5 16
5 17
6 9
6 20
7 14
7 16
8 1
8 5
9 0
9 9
10 2
10 18
11 11
11 20
12 15
12 19
13 4
13 6
14 0
14 11
15 3
15 4
16 12
16 18
17 7
17 19
18 5
18 17
19 6
19 7
20 10
20 12

# solution 2280
# n=21 sym=rot2 status=verified source=flammenkamp_cache/n21_rot2
# code=:8B58AGDG262H17EJ593K0K0HBF16DJ3IEI474ACF9C
0 8
0 11
1 5
1 8
2 10
2 16
3 13
3 16
4 2
4 6
5 2
5 17
6 1
6 7
7 14
7 19
8 5
8 9
9 3
9 20
10 0
10 20
11 0
11 17
12 11
12 15
13 1
13 6
14 13
14 19
15 3
15 18
16 14
16 18
17 4
17 7
18 4
18 10
19 12
19 15
20 9
20 12

# solution 2281
# n=21 sym=rot2 status=verified source=flammenkamp_cache/n21_rot2
# code=:89EF3A7F8EBI07GJ13240KGIHJ14DK296C5DAH56BC
0 8
0 9
1 14
1 15
2 3
2 10
3 7
3 15
4 8
4 14
5 11
5 18
6 0
6 7
7 16
7 19
8 1
8 3
9 2
9 4
10 0
10 20
11 16
11 18
12 17
12 19
13 1
13 4
14 13
14 20
15 2
15 9
16 6
16 12
17 5
17 13
18 10
18 17
19 5
19 6
20 11
20 12

# solution 2282
# n=21 sym=rot2 status=verified source=flammenkamp_cache/n21_rot2
# code=:68DE4A4IBJ2J3D5H9C5K0K0F8B3F7H1I192GAG67CE
0 6
0 8
1 13
1 14
2 4
2 10
3 4
3 18
4 11
4 19
5 2
5 19
6 3
6 13
7 5
7 17
8 9
8 12
9 5
9 20
10 0
10 20
11 0
11 15
12 8
12 11
13 3
13 15
14 7
14 17
15 1
15 18
16 1
16 9
17 2
17 16
18 10
18 16
19 6
19 7
20 12
20 14

# solution 2283
# n=21 sym=rot2 status=verified source=flammenkamp_cache/n21_rot2
# code=:6D26AC59CG12DH9JFH4K0K0G351B37IJ48BF8AEI7E
0 6
0 13
1 2
1 6
2 10
2 12
3 5
3 9
4 12
4 16
5 1
5 2
6 13
6 17
7 9
7 19
8 15
8 17
9 4
9 20
10 0
10 20
11 0
11 16
12 3
12 5
13 1
13 11
14 3
14 7
15 18
15 19
16 4
16 8
17 11
17 15
18 8
18 10
19 14
19 18
20 7
20 14

# solution 2284
# n=21 sym=rot2 status=verified source=flammenkamp_cache/n21_rot2
# code=:8A360FCG371JBF46IK9D2I7B02EG591JDH485KEHAC
0 8
0 10
1 3
1 6
2 0
2 15
3 12
3 16
4 3
4 7
5 1
5 19
6 11
6 15
7 4
7 6
8 18
8 20
9 9
9 13
10 2
10 18
11 7
11 11
12 0
12 2
13 14
13 16
14 5
14 9
15 1
15 19
16 13
16 17
17 4
17 8
18 5
18 20
19 14
19 17
20 10
20 12

# solution 2285
# n=21 sym=rot2 status=verified source=flammenkamp_cache/n21_rot2
# code=:48EF8A3I5D13DJ499E020KIK6BBG17HJ7F2HAC56CG
0 4
0 8
1 14
1 15
2 8
2 10
3 3
3 18
4 5
4 13
5 1
5 3
6 13
6 19
7 4
7 9
8 9
8 14
9 0
9 2
10 0
10 20
11 18
11 20
12 6
12 11
13 11
13 16
14 1
14 7
15 17
15 19
16 7
16 15
17 2
17 17
18 10
18 12
19 5
19 6
20 12
20 16

# solution 2286
# n=21 sym=rot2 status=verified source=flammenkamp_cache/n21_rot2
# code=:4BFG8A3I2836DJDF19060KEKBJ5717EHCI2HAC459G
0 4
0 11
1 15
1 16
2 8
2 10
3 3
3 18
4 2
4 8
5 3
5 6
6 13
6 19
7 13
7 15
8 1
8 9
9 0
9 6
10 0
10 20
11 14
11 20
12 11
12 19
13 5
13 7
14 1
14 7
15 14
15 17
16 12
16 18
17 2
17 17
18 10
18 12
19 4
19 5
20 9
20 16

# solution 2287
# n=21 sym=rot2 status=verified source=flammenkamp_cache/n21_rot2
# code=:8A46DF459D1J8K6H2H9K2I0B3I3E0C1J7BFG57EGAC
0 8
0 10
1 4
1 6
2 13
2 15
3 4
3 5
4 9
4 13
5 1
5 19
6 8
6 20
7 6
7 17
8 2
8 17
9 9
9 20
10 2
10 18
11 0
11 11
12 3
12 18
13 3
13 14
14 0
14 12
15 1
15 19
16 7
16 11
17 15
17 16
18 5
18 7
19 14
19 16
20 10
20 12

# solution 2288
# n=21 sym=rot2 status=verified source=flammenkamp_cache/n21_rot2
# code=:695FACGHCJ26DJ379KGI0K240BDH17EI18348A5FBE
0 6
0 9
1 5
1 15
2 10
2 12
3 16
3 17
4 12
4 19
5 2
5 6
6 13
6 19
7 3
7 7
8 9
8 20
9 16
9 18
10 0
10 20
11 2
11 4
12 0
12 11
13 13
13 17
14 1
14 7
15 14
15 18
16 1
16 8
17 3
17 4
18 8
18 10
19 5
19 15
20 11
20 14

# solution 2289
# n=21 sym=rot2 status=verified source=flammenkamp_cache/n21_rot2
# code=:AB6G3F571GBD8K6I18032IHKCJ2E0C794JDF5H4E9A
0 10
0 11
1 6
1 16
2 3
2 15
3 5
3 7
4 1
4 16
5 11
5 13
6 8
6 20
7 6
7 18
8 1
8 8
9 0
9 3
10 2
10 18
11 17
11 20
12 12
12 19
13 2
13 14
14 0
14 12
15 7
15 9
16 4
16 19
17 13
17 15
18 5
18 17
19 4
19 14
20 9
20 10

# solution 2290
# n=21 sym=rot2 status=verified source=flammenkamp_cache/n21_rot2
# code=:896GAD5C2G260DHJ19350KFHBJ137KEI4I8F7A4EBC
0 8
0 9
1 6
1 16
2 10
2 13
3 5
3 12
4 2
4 16
5 2
5 6
6 0
6 13
7 17
7 19
8 1
8 9
9 3
9 5
10 0
10 20
11 15
11 17
12 11
12 19
13 1
13 3
14 7
14 20
15 14
15 18
16 4
16 18
17 8
17 15
18 7
18 10
19 4
19 14
20 11
20 12

# solution 2291
# n=21 sym=rot2 status=verified source=flammenkamp_cache/n21_rot2
# code=:8B6D8A1F3F3J0D4G9I6I0K2E2B4G7K1H5H5JAC7E9C
0 8
0 11
1 6
1 13
2 8
2 10
3 1
3 15
4 3
4 15
5 3
5 19
6 0
6 13
7 4
7 16
8 9
8 18
9 6
9 18
10 0
10 20
11 2
11 14
12 2
12 11
13 4
13 16
14 7
14 20
15 1
15 17
16 5
16 17
17 5
17 19
18 10
18 12
19 7
19 14
20 9
20 12

# solution 2292
# n=21 sym=rot2 status=verified source=flammenkamp_cache/n21_rot2
# code=:AC3D084E9HIJEF04159D2I7BFJGK56123B6GCK7H8A
0 10
0 12
1 3
1 13
2 0
2 8
3 4
3 14
4 9
4 17
5 18
5 19
6 14
6 15
7 0
7 4
8 1
8 5
9 9
9 13
10 2
10 18
11 7
11 11
12 15
12 19
13 16
13 20
14 5
14 6
15 1
15 2
16 3
16 11
17 6
17 16
18 12
18 20
19 7
19 17
20 8
20 10

# solution 2293
# n=21 sym=rot2 status=verified source=flammenkamp_cache/n21_rot2
# code=:79FH4A2C7H14EJ9CEK250KFI068B16GJ3D8IAG35BD
0 7
0 9
1 15
1 17
2 4
2 10
3 2
3 12
4 7
4 17
5 1
5 4
6 14
6 19
7 9
7 12
8 14
8 20
9 2
9 5
10 0
10 20
11 15
11 18
12 0
12 6
13 8
13 11
14 1
14 6
15 16
15 19
16 3
16 13
17 8
17 18
18 10
18 16
19 3
19 5
20 11
20 13

# solution 2294
# n=21 sym=rot2 status=verified source=flammenkamp_cache/n21_rot2
# code=:8B17AE8G5F1H34DK9I6I0K2E2B07GH3J5F4C6ADJ9C
0 8
0 11
1 1
1 7
2 10
2 14
3 8
3 16
4 5
4 15
5 1
5 17
6 3
6 4
7 13
7 20
8 9
8 18
9 6
9 18
10 0
10 20
11 2
11 14
12 2
12 11
13 0
13 7
14 16
14 17
15 3
15 19
16 5
16 15
17 4
17 12
18 6
18 10
19 13
19 19
20 9
20 12

# solution 2295
# n=21 sym=rot2 status=verified source=flammenkamp_cache/n21_rot2
# code=:CE7I9A5C5H124JDH9GEK0K064B371GIJ3F8FAB2D68
0 12
0 14
1 7
1 18
2 9
2 10
3 5
3 12
4 5
4 17
5 1
5 2
6 4
6 19
7 13
7 17
8 9
8 16
9 14
9 20
10 0
10 20
11 0
11 6
12 4
12 11
13 3
13 7
14 1
14 16
15 18
15 19
16 3
16 15
17 8
17 15
18 10
18 11
19 2
19 13
20 6
20 8

# solution 2296
# n=21 sym=rot2 status=verified source=flammenkamp_cache/n21_rot2
# code=:685EAD9G3F2J3G7J9C0I0K2K8B1D4H1I5H4B7A6FCE
0 6
0 8
1 5
1 14
2 10
2 13
3 9
3 16
4 3
4 15
5 2
5 19
6 3
6 16
7 7
7 19
8 9
8 12
9 0
9 18
10 0
10 20
11 2
11 20
12 8
12 11
13 1
13 13
14 4
14 17
15 1
15 18
16 5
16 17
17 4
17 11
18 7
18 10
19 6
19 15
20 12
20 14

# solution 2297
# n=21 sym=rot2 status=verified source=flammenkamp_cache/n21_rot2
# code=:7DEJAC345C9E231925GK0K04FIBJHI6B8FGH8A167D
0 7
0 13
1 14
1 19
2 10
2 12
3 3
3 4
4 5
4 12
5 9
5 14
6 2
6 3
7 1
7 9
8 2
8 5
9 16
9 20
10 0
10 20
11 0
11 4
12 15
12 18
13 11
13 19
14 17
14 18
15 6
15 11
16 8
16 15
17 16
17 17
18 8
18 10
19 1
19 6
20 7
20 13

# solution 2298
# n=21 sym=rot2 status=verified source=flammenkamp_cache/n21_rot2
# code=:CD268A5GEJ9D239G3J0F0K5K1H4BHI7B164FACEI78
0 12
0 13
1 2
1 6
2 8
2 10
3 5
3 16
4 14
4 19
5 9
5 13
6 2
6 3
7 9
7 16
8 3
8 19
9 0
9 15
10 0
10 20
11 5
11 20
12 1
12 17
13 4
13 11
14 17
14 18
15 7
15 11
16 1
16 6
17 4
17 15
18 10
18 12
19 14
19 18
20 7
20 8

# solution 2299
# n=21 sym=rot2 status=verified source=flammenkamp_cache/n21_rot2
# code=:6B7F4AFI6C2C137J9HGK0K043B1DHJ8I8E25AG5D9E
0 6
0 11
1 7
1 15
2 4
2 10
3 15
3 18
4 6
4 12
5 2
5 12
6 1
6 3
7 7
7 19
8 9
8 17
9 16
9 20
10 0
10 20
11 0
11 4
12 3
12 11
13 1
13 13
14 17
14 19
15 8
15 18
16 8
16 14
17 2
17 5
18 10
18 16
19 5
19 13
20 9
20 14

# solution 2300
# n=21 sym=rot2 status=verified source=flammenkamp_cache/n21_rot2
# code=:3ADE4J8E3D9J9G5F280K2I0KCI5F4B1B7H6C1G67AH
0 3
0 10
1 13
1 14
2 4
2 19
3 8
3 14
4 3
4 13
5 9
5 19
6 9
6 16
7 5
7 15
8 2
8 8
9 0
9 20
10 2
10 18
11 0
11 20
12 12
12 18
13 5
13 15
14 4
14 11
15 1
15 11
16 7
16 17
17 6
17 12
18 1
18 16
19 6
19 7
20 10
20 17

# solution 2301
# n=21 sym=rot2 status=verified source=flammenkamp_cache/n21_rot2
# code=:AG6H5D1E8BCJFK34DI092IBK27GH05189C6J7F3E4A
0 10
0 16
1 6
1 17
2 5
2 13
3 1
3 14
4 8
4 11
5 12
5 19
6 15
6 20
7 3
7 4
8 13
8 18
9 0
9 9
10 2
10 18
11 11
11 20
12 2
12 7
13 16
13 17
14 0
14 5
15 1
15 8
16 9
16 12
17 6
17 19
18 7
18 15
19 3
19 14
20 4
20 10

# solution 2302
# n=21 sym=rot2 status=verified source=flammenkamp_cache/n21_rot2
# code=:AC363F4E1G9KCDIK1D592IBF7J02780B4J6G5HEH8A
0 10
0 12
1 3
1 6
2 3
2 15
3 4
3 14
4 1
4 16
5 9
5 20
6 12
6 13
7 18
7 20
8 1
8 13
9 5
9 9
10 2
10 18
11 11
11 15
12 7
12 19
13 0
13 2
14 7
14 8
15 0
15 11
16 4
16 19
17 6
17 16
18 5
18 17
19 14
19 17
20 8
20 10

# solution 2303
# n=21 sym=rot2 status=verified source=flammenkamp_cache/n21_rot2
# code=:AE379F7E034JCF24JK9C2I8B01GI581GHK6D5BDH6A
0 10
0 14
1 3
1 7
2 9
2 15
3 7
3 14
4 0
4 3
5 4
5 19
6 12
6 15
7 2
7 4
8 19
8 20
9 9
9 12
10 2
10 18
11 8
11 11
12 0
12 1
13 16
13 18
14 5
14 8
15 1
15 16
16 17
16 20
17 6
17 13
18 5
18 11
19 13
19 17
20 6
20 10

# solution 2304
# n=21 sym=rot2 status=verified source=flammenkamp_cache/n21_rot2
# code=:5A375E6C3C14BK1GIK9D2I7B024J09GJ8H8E6FDHAF
0 5
0 10
1 3
1 7
2 5
2 14
3 6
3 12
4 3
4 12
5 1
5 4
6 11
6 20
7 1
7 16
8 18
8 20
9 9
9 13
10 2
10 18
11 7
11 11
12 0
12 2
13 4
13 19
14 0
14 9
15 16
15 19
16 8
16 17
17 8
17 14
18 6
18 15
19 13
19 17
20 10
20 15

# solution 2305
# n=21 sym=rot2 status=verified source=flammenkamp_cache/n21_rot2
# code=:8D4FAD194H081H9EEI250KFI266B3JCK3GBJ7A5G7C
0 8
0 13
1 4
1 15
2 10
2 13
3 1
3 9
4 4
4 17
5 0
5 8
6 1
6 17
7 9
7 14
8 14
8 18
9 2
9 5
10 0
10 20
11 15
11 18
12 2
12 6
13 6
13 11
14 3
14 19
15 12
15 20
16 3
16 16
17 11
17 19
18 7
18 10
19 5
19 16
20 7
20 12

# solution 2306
# n=21 sym=rot2 status=verified source=flammenkamp_cache/n21_rot2
# code=:8ADE8B46HK1FFI04139D2I7BHJGK255J03EG9C67AC
0 8
0 10
1 13
1 14
2 8
2 11
3 4
3 6
4 17
4 20
5 1
5 15
6 15
6 18
7 0
7 4
8 1
8 3
9 9
9 13
10 2
10 18
11 7
11 11
12 17
12 19
13 16
13 20
14 2
14 5
15 5
15 19
16 0
16 3
17 14
17 16
18 9
18 12
19 6
19 7
20 10
20 12

# solution 2307
# n=21 sym=rot2 status=verified source=flammenkamp_cache/n21_rot2
# code=:2C8E6A7F394I1H790JFG0K451KBD3J2GBH5DAE6C8I
0 2
0 12
1 8
1 14
2 6
2 10
3 7
3 15
4 3
4 9
5 4
5 18
6 1
6 17
7 7
7 9
8 0
8 19
9 15
9 16
10 0
10 20
11 4
11 5
12 1
12 20
13 11
13 13
14 3
14 19
15 2
15 16
16 11
16 17
17 5
17 13
18 10
18 14
19 6
19 12
20 8
20 18

# solution 2308
# n=21 sym=rot2 status=verified source=flammenkamp_cache/n21_rot2
# code=:8B3D6A8GDG2K1H6925FJ0K15FIBE3J0I474CAE7H9C
0 8
0 11
1 3
1 13
2 6
2 10
3 8
3 16
4 13
4 16
5 2
5 20
6 1
6 17
7 6
7 9
8 2
8 5
9 15
9 19
10 0
10 20
11 1
11 5
12 15
12 18
13 11
13 14
14 3
14 19
15 0
15 18
16 4
16 7
17 4
17 12
18 10
18 14
19 7
19 17
20 9
20 12

# solution 2309
# n=21 sym=rot2 status=verified source=flammenkamp_cache/n21_rot2
# code=:8A4EBC26HJGH0579FJ0D2I7K15BDFK3413EI896GAC
0 8
0 10
1 4
1 14
2 11
2 12
3 2
3 6
4 17
4 19
5 16
5 17
6 0
6 5
7 7
7 9
8 15
8 19
9 0
9 13
10 2
10 18
11 7
11 20
12 1
12 5
13 11
13 13
14 15
14 20
15 3
15 4
16 1
16 3
17 14
17 18
18 8
18 9
19 6
19 16
20 10
20 12

# solution 2310
# n=21 sym=rot2 status=verified source=flammenkamp_cache/n21_rot2
# code=:AE075H6GCG3B182KFJ9D2I7B150ICJ9H484E3FDK6A
0 10
0 14
1 0
1 7
2 5
2 17
3 6
3 16
4 12
4 16
5 3
5 11
6 1
6 8
7 2
7 20
8 15
8 19
9 9
9 13
10 2
10 18
11 7
11 11
12 1
12 5
13 0
13 18
14 12
14 19
15 9
15 17
16 4
16 8
17 4
17 14
18 3
18 15
19 13
19 20
20 6
20 10

# solution 2311
# n=21 sym=rot2 status=verified source=flammenkamp_cache/n21_rot2
# code=:9C4HACEI45EK129D7JFH0K351D7BIJ06FG268A3G8B
0 9
0 12
1 4
1 17
2 10
2 12
3 14
3 18
4 4
4 5
5 14
5 20
6 1
6 2
7 9
7 13
8 7
8 19
9 15
9 17
10 0
10 20
11 3
11 5
12 1
12 13
13 7
13 11
14 18
14 19
15 0
15 6
16 15
16 16
17 2
17 6
18 8
18 10
19 3
19 16
20 8
20 11

# solution 2312
# n=21 sym=rot2 status=verified source=flammenkamp_cache/n21_rot2
# code=:BC8G3AEJ7G352J9EDI050KFK276B1IFH4D16AH4C89
0 11
0 12
1 8
1 16
2 3
2 10
3 14
3 19
4 7
4 16
5 3
5 5
6 2
6 19
7 9
7 14
8 13
8 18
9 0
9 5
10 0
10 20
11 15
11 20
12 2
12 7
13 6
13 11
14 1
14 18
15 15
15 17
16 4
16 13
17 1
17 6
18 10
18 17
19 4
19 12
20 8
20 9

# solution 2313
# n=21 sym=rot2 status=verified source=flammenkamp_cache/n21_rot2
# code=:7B8FAH4F478E029J2HEJ0K163I1BIK6CDG5G3A5C9D
0 7
0 11
1 8
1 15
2 10
2 17
3 4
3 15
4 4
4 7
5 8
5 14
6 0
6 2
7 9
7 19
8 2
8 17
9 14
9 19
10 0
10 20
11 1
11 6
12 3
12 18
13 1
13 11
14 18
14 20
15 6
15 12
16 13
16 16
17 5
17 16
18 3
18 10
19 5
19 12
20 9
20 13

# solution 2314
# n=21 sym=rot2 status=verified source=flammenkamp_cache/n21_rot2
# code=:BD8HAH45BJEJ2K7824EF0K56GICD0I1619FG3A3C79
0 11
0 13
1 8
1 17
2 10
2 17
3 4
3 5
4 11
4 19
5 14
5 19
6 2
6 20
7 7
7 8
8 2
8 4
9 14
9 15
10 0
10 20
11 5
11 6
12 16
12 18
13 12
13 13
14 0
14 18
15 1
15 6
16 1
16 9
17 15
17 16
18 3
18 10
19 3
19 12
20 7
20 9

# solution 2315
# n=21 sym=rot2 status=verified source=flammenkamp_cache/n21_rot2
# code=:AB6C69FKDH243F1D8K142IGJ0C7J5HGI3705BE8E9A
0 10
0 11
1 6
1 12
2 6
2 9
3 15
3 20
4 13
4 17
5 2
5 4
6 3
6 15
7 1
7 13
8 8
8 20
9 1
9 4
10 2
10 18
11 16
11 19
12 0
12 12
13 7
13 19
14 5
14 17
15 16
15 18
16 3
16 7
17 0
17 5
18 11
18 14
19 8
19 14
20 9
20 10

# solution 2316
# n=21 sym=rot2 status=verified source=flammenkamp_cache/n21_rot2
# code=:36BC7A45CGHI1J79EFIK0K0256BD1J2348FGAD89EH
0 3
0 6
1 11
1 12
2 7
2 10
3 4
3 5
4 12
4 16
5 17
5 18
6 1
6 19
7 7
7 9
8 14
8 15
9 18
9 20
10 0
10 20
11 0
11 2
12 5
12 6
13 11
13 13
14 1
14 19
15 2
15 3
16 4
16 8
17 15
17 16
18 10
18 13
19 8
19 9
20 14
20 17

# solution 2317
# n=21 sym=rot2 status=verified source=flammenkamp_cache/n21_rot2
# code=:6C37AGFG36CF1J279B0I0K2K9BDI1J58EH454ADH8E
0 6
0 12
1 3
1 7
2 10
2 16
3 15
3 16
4 3
4 6
5 12
5 15
6 1
6 19
7 2
7 7
8 9
8 11
9 0
9 18
10 0
10 20
11 2
11 20
12 9
12 11
13 13
13 18
14 1
14 19
15 5
15 8
16 14
16 17
17 4
17 5
18 4
18 10
19 13
19 17
20 8
20 14

# solution 2318
# n=21 sym=rot2 status=verified source=flammenkamp_cache/n21_rot2
# code=:AB6E385I8GDJ3K041D9F2I5B7JGK0H174C2FCH6E9A
0 10
0 11
1 6
1 14
2 3
2 8
3 5
3 18
4 8
4 16
5 13
5 19
6 3
6 20
7 0
7 4
8 1
8 13
9 9
9 15
10 2
10 18
11 5
11 11
12 7
12 19
13 16
13 20
14 0
14 17
15 1
15 7
16 4
16 12
17 2
17 15
18 12
18 17
19 6
19 14
20 9
20 10

# solution 2319
# n=21 sym=rot2 status=verified source=flammenkamp_cache/n21_rot2
# code=:3B8EAK4E5D8H1J9D2I450KFG2I7B1J3C7F6G0A6C9H
0 3
0 11
1 8
1 14
2 10
2 20
3 4
3 14
4 5
4 13
5 8
5 17
6 1
6 19
7 9
7 13
8 2
8 18
9 4
9 5
10 0
10 20
11 15
11 16
12 2
12 18
13 7
13 11
14 1
14 19
15 3
15 12
16 7
16 15
17 6
17 16
18 0
18 10
19 6
19 12
20 9
20 17

# solution 2320
# n=21 sym=rot2 status=verified source=flammenkamp_cache/n21_rot2
# code=:AE467HGK25BJ581KCH9D2I7B380JCF19FI043DEG6A
0 10
0 14
1 4
1 6
2 7
2 17
3 16
3 20
4 2
4 5
5 11
5 19
6 5
6 8
7 1
7 20
8 12
8 17
9 9
9 13
10 2
10 18
11 7
11 11
12 3
12 8
13 0
13 19
14 12
14 15
15 1
15 9
16 15
16 18
17 0
17 4
18 3
18 13
19 14
19 16
20 6
20 10

# solution 2321
# n=21 sym=rot2 status=verified source=flammenkamp_cache/n21_rot2
# code=:478F3ABF378I0J9J4EEI0K266G1B1K2CDH59AH5CDG
0 4
0 7
1 8
1 15
2 3
2 10
3 11
3 15
4 3
4 7
5 8
5 18
6 0
6 19
7 9
7 19
8 4
8 14
9 14
9 18
10 0
10 20
11 2
11 6
12 6
12 16
13 1
13 11
14 1
14 20
15 2
15 12
16 13
16 17
17 5
17 9
18 10
18 17
19 5
19 12
20 13
20 16

# solution 2322
# n=21 sym=rot2 status=verified source=flammenkamp_cache/n21_rot2
# code=:478FAHBF378I0J9J4EEI0K266G1B1K2CDH593A5CDG
0 4
0 7
1 8
1 15
2 10
2 17
3 11
3 15
4 3
4 7
5 8
5 18
6 0
6 19
7 9
7 19
8 4
8 14
9 14
9 18
10 0
10 20
11 2
11 6
12 6
12 16
13 1
13 11
14 1
14 20
15 2
15 12
16 13
16 17
17 5
17 9
18 3
18 10
19 5
19 12
20 13
20 16

# solution 2323
# n=21 sym=rot2 status=verified source=flammenkamp_cache/n21_rot2
# code=:AE5K7D2G283JCE0G599H1J3BBF4K681HCI4I7D0F6A
0 10
0 14
1 5
1 20
2 7
2 13
3 2
3 16
4 2
4 8
5 3
5 19
6 12
6 14
7 0
7 16
8 5
8 9
9 9
9 17
10 1
10 19
11 3
11 11
12 11
12 15
13 4
13 20
14 6
14 8
15 1
15 17
16 12
16 18
17 4
17 18
18 7
18 13
19 0
19 15
20 6
20 10

# solution 2324
# n=21 sym=rot2 status=verified source=flammenkamp_cache/n21_rot2
# code=:8A4D8FEI5I34DE093K9J1J1B0HBK67GH2F265C7GAC
0 8
0 10
1 4
1 13
2 8
2 15
3 14
3 18
4 5
4 18
5 3
5 4
6 13
6 14
7 0
7 9
8 3
8 20
9 9
9 19
10 1
10 19
11 1
11 11
12 0
12 17
13 11
13 20
14 6
14 7
15 16
15 17
16 2
16 15
17 2
17 6
18 5
18 12
19 7
19 16
20 10
20 12

# solution 2325
# n=21 sym=rot2 status=verified source=flammenkamp_cache/n21_rot2
# code=:7AEG4EHK8C029F3FDJ291JBI175H5BIK8C036G46AD
0 7
0 10
1 14
1 16
2 4
2 14
3 17
3 20
4 8
4 12
5 0
5 2
6 9
6 15
7 3
7 15
8 13
8 19
9 2
9 9
10 1
10 19
11 11
11 18
12 1
12 7
13 5
13 17
14 5
14 11
15 18
15 20
16 8
16 12
17 0
17 3
18 6
18 16
19 4
19 6
20 10
20 13

# solution 2326
# n=21 sym=rot2 status=verified source=flammenkamp_cache/n21_rot2
# code=:7A5EEK248CGI09153D9H1J3B7HFJBK248CGI066FAD
0 7
0 10
1 5
1 14
2 14
2 20
3 2
3 4
4 8
4 12
5 16
5 18
6 0
6 9
7 1
7 5
8 3
8 13
9 9
9 17
10 1
10 19
11 3
11 11
12 7
12 17
13 15
13 19
14 11
14 20
15 2
15 4
16 8
16 12
17 16
17 18
18 0
18 6
19 6
19 15
20 10
20 13

# solution 2327
# n=21 sym=rot2 status=verified source=flammenkamp_cache/n21_rot2
# code=:3ACE7F4HCF9EIK04129D1J7BIJGK026B583G5D68AH
0 3
0 10
1 12
1 14
2 7
2 15
3 4
3 17
4 12
4 15
5 9
5 14
6 18
6 20
7 0
7 4
8 1
8 2
9 9
9 13
10 1
10 19
11 7
11 11
12 18
12 19
13 16
13 20
14 0
14 2
15 6
15 11
16 5
16 8
17 3
17 16
18 5
18 13
19 6
19 8
20 10
20 17

# solution 2328
# n=21 sym=rot2 status=verified source=flammenkamp_cache/n21_rot2
# code=:AD3I56BG6D8C01HI049F1J5BGK23JK8C7E49EF2H7A
0 10
0 13
1 3
1 18
2 5
2 6
3 11
3 16
4 6
4 13
5 8
5 12
6 0
6 1
7 17
7 18
8 0
8 4
9 9
9 15
10 1
10 19
11 5
11 11
12 16
12 20
13 2
13 3
14 19
14 20
15 8
15 12
16 7
16 14
17 4
17 9
18 14
18 15
19 2
19 17
20 7
20 10

# solution 2329
# n=21 sym=rot2 status=verified source=flammenkamp_cache/n21_rot2
# code=:4JAE5F289D8DEKHJ24390KBHGI13067C7BCI5F6A1G
0 4
0 19
1 10
1 14
2 5
2 15
3 2
3 8
4 9
4 13
5 8
5 13
6 14
6 20
7 17
7 19
8 2
8 4
9 3
9 9
10 0
10 20
11 11
11 17
12 16
12 18
13 1
13 3
14 0
14 6
15 7
15 12
16 7
16 11
17 12
17 18
18 5
18 15
19 6
19 10
20 1
20 16

# solution 2330
# n=21 sym=rot2 status=verified source=flammenkamp_cache/n21_rot2
# code=:AE8GBD250KGI8E133D9F1J5B7HHJ6C240KFI794C6A
0 10
0 14
1 8
1 16
2 11
2 13
3 2
3 5
4 0
4 20
5 16
5 18
6 8
6 14
7 1
7 3
8 3
8 13
9 9
9 15
10 1
10 19
11 5
11 11
12 7
12 17
13 17
13 19
14 6
14 12
15 2
15 4
16 0
16 20
17 15
17 18
18 7
18 9
19 4
19 12
20 6
20 10

# solution 2331
# n=21 sym=rot2 status=verified source=flammenkamp_cache/n21_rot2
# code=:5A2BDF0G8D48EK23EJ9H1J3B16HI06CG7C4K579IAF
0 5
0 10
1 2
1 11
2 13
2 15
3 0
3 16
4 8
4 13
5 4
5 8
6 14
6 20
7 2
7 3
8 14
8 19
9 9
9 17
10 1
10 19
11 3
11 11
12 1
12 6
13 17
13 18
14 0
14 6
15 12
15 16
16 7
16 12
17 4
17 20
18 5
18 7
19 9
19 18
20 10
20 15

# solution 2332
# n=21 sym=rot2 status=verified source=flammenkamp_cache/n21_rot2
# code=:2A9C67DH153I0F48EK491JBG06CG5K2HFJ37DE8BAI
0 2
0 10
1 9
1 12
2 6
2 7
3 13
3 17
4 1
4 5
5 3
5 18
6 0
6 15
7 4
7 8
8 14
8 20
9 4
9 9
10 1
10 19
11 11
11 16
12 0
12 6
13 12
13 16
14 5
14 20
15 2
15 17
16 15
16 19
17 3
17 7
18 13
18 14
19 8
19 11
20 10
20 18

# solution 2333
# n=21 sym=rot2 status=verified source=flammenkamp_cache/n21_rot2
# code=:9A3F7D4IEK188E4IFK391JBH052G6CCJ062G7D5HAB
0 9
0 10
1 3
1 15
2 7
2 13
3 4
3 18
4 14
4 20
5 1
5 8
6 8
6 14
7 4
7 18
8 15
8 20
9 3
9 9
10 1
10 19
11 11
11 17
12 0
12 5
13 2
13 16
14 6
14 12
15 12
15 19
16 0
16 6
17 2
17 16
18 7
18 13
19 5
19 17
20 10
20 11

# solution 2334
# n=21 sym=rot2 status=verified source=flammenkamp_cache/n21_rot2
# code=:147A5E9CEKDI245J39CH0K38BH1FGI27068B6FADGJ
0 1
0 4
1 7
1 10
2 5
2 14
3 9
3 12
4 14
4 20
5 13
5 18
6 2
6 4
7 5
7 19
8 3
8 9
9 12
9 17
10 0
10 20
11 3
11 8
12 11
12 17
13 1
13 15
14 16
14 18
15 2
15 7
16 0
16 6
17 8
17 11
18 6
18 15
19 10
19 13
20 16
20 19

# solution 2335
# n=21 sym=rot2 status=verified source=flammenkamp_cache/n21_rot2
# code=:8E9A5E8D5I1303GI9J4D0K7G1B24HKHJ2F7C6FAB6C
0 8
0 14
1 9
1 10
2 5
2 14
3 8
3 13
4 5
4 18
5 1
5 3
6 0
6 3
7 16
7 18
8 9
8 19
9 4
9 13
10 0
10 20
11 7
11 16
12 1
12 11
13 2
13 4
14 17
14 20
15 17
15 19
16 2
16 15
17 7
17 12
18 6
18 15
19 10
19 11
20 6
20 12

# solution 2336
# n=21 sym=rot2 status=verified source=flammenkamp_cache/n21_rot2
# code=:AHEI8F5HBE481I794K0D1J7K0GBD2JCG693F5C263A
0 10
0 17
1 14
1 18
2 8
2 15
3 5
3 17
4 11
4 14
5 4
5 8
6 1
6 18
7 7
7 9
8 4
8 20
9 0
9 13
10 1
10 19
11 7
11 20
12 0
12 16
13 11
13 13
14 2
14 19
15 12
15 16
16 6
16 9
17 3
17 15
18 5
18 12
19 2
19 6
20 3
20 10

# solution 2337
# n=21 sym=rot2 status=verified source=flammenkamp_cache/n21_rot2
# code=:2B6A8H5G18IK36DF19DG0K47BJ57EH02CJ4F3CAE9I
0 2
0 11
1 6
1 10
2 8
2 17
3 5
3 16
4 1
4 8
5 18
5 20
6 3
6 6
7 13
7 15
8 1
8 9
9 13
9 16
10 0
10 20
11 4
11 7
12 11
12 19
13 5
13 7
14 14
14 17
15 0
15 2
16 12
16 19
17 4
17 15
18 3
18 12
19 10
19 14
20 9
20 18

# solution 2338
# n=21 sym=rot2 status=verified source=flammenkamp_cache/n21_rot2
# code=:EG7A3K89121F36CI9FDG0K475B28EH5JIJBC0HAD46
0 14
0 16
1 7
1 10
2 3
2 20
3 8
3 9
4 1
4 2
5 1
5 15
6 3
6 6
7 12
7 18
8 9
8 15
9 13
9 16
10 0
10 20
11 4
11 7
12 5
12 11
13 2
13 8
14 14
14 17
15 5
15 19
16 18
16 19
17 11
17 12
18 0
18 17
19 10
19 13
20 4
20 6

# solution 2339
# n=21 sym=rot2 status=verified source=flammenkamp_cache/n21_rot2
# code=:452A2E8CGJ3D0969FJDH0K3715BEBK7H148C6IAIFG
0 4
0 5
1 2
1 10
2 2
2 14
3 8
3 12
4 16
4 19
5 3
5 13
6 0
6 9
7 6
7 9
8 15
8 19
9 13
9 17
10 0
10 20
11 3
11 7
12 1
12 5
13 11
13 14
14 11
14 20
15 7
15 17
16 1
16 4
17 8
17 12
18 6
18 18
19 10
19 18
20 15
20 16

# solution 2340
# n=21 sym=rot2 status=verified source=flammenkamp_cache/n21_rot2
# code=:AC9G5D04FI7E029J38EH1J36CH1BIK6D25GK7F4B8A
0 10
0 12
1 9
1 16
2 5
2 13
3 0
3 4
4 15
4 18
5 7
5 14
6 0
6 2
7 9
7 19
8 3
8 8
9 14
9 17
10 1
10 19
11 3
11 6
12 12
12 17
13 1
13 11
14 18
14 20
15 6
15 13
16 2
16 5
17 16
17 20
18 7
18 15
19 4
19 11
20 8
20 10

# solution 2341
# n=21 sym=rot2 status=verified source=flammenkamp_cache/n21_rot2
# code=:4E1AEF58BHDG032829DJ0K17BICIHK4739CF56AJ6G
0 4
0 14
1 1
1 10
2 14
2 15
3 5
3 8
4 11
4 17
5 13
5 16
6 0
6 3
7 2
7 8
8 2
8 9
9 13
9 19
10 0
10 20
11 1
11 7
12 11
12 18
13 12
13 18
14 17
14 20
15 4
15 7
16 3
16 9
17 12
17 15
18 5
18 6
19 10
19 19
20 6
20 16

# solution 2342
# n=21 sym=rot2 status=verified source=flammenkamp_cache/n21_rot2
# code=:8D5A8FHJ2DBG36290J6G0K4E1KBIEH497I135CAF7C
0 8
0 13
1 5
1 10
2 8
2 15
3 17
3 19
4 2
4 13
5 11
5 16
6 3
6 6
7 2
7 9
8 0
8 19
9 6
9 16
10 0
10 20
11 4
11 14
12 1
12 20
13 11
13 18
14 14
14 17
15 4
15 9
16 7
16 18
17 1
17 3
18 5
18 12
19 10
19 15
20 7
20 12

# solution 2343
# n=21 sym=rot2 status=verified source=flammenkamp_cache/n21_rot2
# code=:8D5A8FHJ2DBG3629JK6G0K4E01BIEH497I135CAF7C
0 8
0 13
1 5
1 10
2 8
2 15
3 17
3 19
4 2
4 13
5 11
5 16
6 3
6 6
7 2
7 9
8 19
8 20
9 6
9 16
10 0
10 20
11 4
11 14
12 0
12 1
13 11
13 18
14 14
14 17
15 4
15 9
16 7
16 18
17 1
17 3
18 5
18 12
19 10
19 15
20 7
20 12

# solution 2344
# n=21 sym=rot2 status=verified source=flammenkamp_cache/n21_rot2
# code=:9DAG3C5G3ICJ9D25EK160KEJ06FI7B182H4F8H4A7B
0 9
0 13
1 10
1 16
2 3
2 12
3 5
3 16
4 3
4 18
5 12
5 19
6 9
6 13
7 2
7 5
8 14
8 20
9 1
9 6
10 0
10 20
11 14
11 19
12 0
12 6
13 15
13 18
14 7
14 11
15 1
15 8
16 2
16 17
17 4
17 15
18 8
18 17
19 4
19 10
20 7
20 11

# solution 2345
# n=21 sym=rot2 status=verified source=flammenkamp_cache/n21_rot2
# code=:BG5A8I35DI391D08EG6J0K1E46CK7JBH27FH2CAF49
0 11
0 16
1 5
1 10
2 8
2 18
3 3
3 5
4 13
4 18
5 3
5 9
6 1
6 13
7 0
7 8
8 14
8 16
9 6
9 19
10 0
10 20
11 1
11 14
12 4
12 6
13 12
13 20
14 7
14 19
15 11
15 17
16 2
16 7
17 15
17 17
18 2
18 12
19 10
19 15
20 4
20 9

# solution 2346
# n=21 sym=rot2 status=verified source=flammenkamp_cache/n21_rot2
# code=:24AG8E8F3I9J3D059D6J0K1E7BFK7H1B2H5C6C4AGI
0 2
0 4
1 10
1 16
2 8
2 14
3 8
3 15
4 3
4 18
5 9
5 19
6 3
6 13
7 0
7 5
8 9
8 13
9 6
9 19
10 0
10 20
11 1
11 14
12 7
12 11
13 15
13 20
14 7
14 17
15 1
15 11
16 2
16 17
17 5
17 12
18 6
18 12
19 4
19 10
20 16
20 18

# solution 2347
# n=21 sym=rot2 status=verified source=flammenkamp_cache/n21_rot2
# code=:48AD593D5IBH0E8I1J4E0K6G1J2C6K392F7HBF7ACG
0 4
0 8
1 10
1 13
2 5
2 9
3 3
3 13
4 5
4 18
5 11
5 17
6 0
6 14
7 8
7 18
8 1
8 19
9 4
9 14
10 0
10 20
11 6
11 16
12 1
12 19
13 2
13 12
14 6
14 20
15 3
15 9
16 2
16 15
17 7
17 17
18 11
18 15
19 7
19 10
20 12
20 16

# solution 2348
# n=21 sym=rot2 status=verified source=flammenkamp_cache/n21_rot2
# code=:7DAF29CF3C1G031I694E0K6GBE2JHK4J8H58BI5A7D
0 7
0 13
1 10
1 15
2 2
2 9
3 12
3 15
4 3
4 12
5 1
5 16
6 0
6 3
7 1
7 18
8 6
8 9
9 4
9 14
10 0
10 20
11 6
11 16
12 11
12 14
13 2
13 19
14 17
14 20
15 4
15 19
16 8
16 17
17 5
17 8
18 11
18 18
19 5
19 10
20 7
20 13

# solution 2349
# n=21 sym=rot2 status=verified source=flammenkamp_cache/n21_rot2
# code=:8D7A24FICE1B350J9HEG0K463B1KFH9J6825GIAD7C
0 8
0 13
1 7
1 10
2 2
2 4
3 15
3 18
4 12
4 14
5 1
5 11
6 3
6 5
7 0
7 19
8 9
8 17
9 14
9 16
10 0
10 20
11 4
11 6
12 3
12 11
13 1
13 20
14 15
14 17
15 9
15 19
16 6
16 8
17 2
17 5
18 16
18 18
19 10
19 13
20 7
20 12

# solution 2350
# n=21 sym=rot2 status=verified source=flammenkamp_cache/n21_rot2
# code=:9CAEHI372C7J1GFK59EG0K46BF054J1D8IDH236A8B
0 9
0 12
1 10
1 14
2 17
2 18
3 3
3 7
4 2
4 12
5 7
5 19
6 1
6 16
7 15
7 20
8 5
8 9
9 14
9 16
10 0
10 20
11 4
11 6
12 11
12 15
13 0
13 5
14 4
14 19
15 1
15 13
16 8
16 18
17 13
17 17
18 2
18 3
19 6
19 10
20 8
20 11

# solution 2351
# n=21 sym=rot2 status=verified source=flammenkamp_cache/n21_rot2
# code=:473A8ICIEK9J355J9DEG0K467B1FFH1B06282CAHDG
0 4
0 7
1 3
1 10
2 8
2 18
3 12
3 18
4 14
4 20
5 9
5 19
6 3
6 5
7 5
7 19
8 9
8 13
9 14
9 16
10 0
10 20
11 4
11 6
12 7
12 11
13 1
13 15
14 15
14 17
15 1
15 11
16 0
16 6
17 2
17 8
18 2
18 12
19 10
19 17
20 13
20 16

# solution 2352
# n=21 sym=rot2 status=verified source=flammenkamp_cache/n21_rot2
# code=:48AF8I3F12DG379E9J0E0K6K1B6BDH47IJ5H2C5ACG
0 4
0 8
1 10
1 15
2 8
2 18
3 3
3 15
4 1
4 2
5 13
5 16
6 3
6 7
7 9
7 14
8 9
8 19
9 0
9 14
10 0
10 20
11 6
11 20
12 1
12 11
13 6
13 11
14 13
14 17
15 4
15 7
16 18
16 19
17 5
17 17
18 2
18 12
19 5
19 10
20 12
20 16

# solution 2353
# n=21 sym=rot2 status=verified source=flammenkamp_cache/n21_rot2
# code=:7ACE05BH57BH02GI184E1J6GCJ24IK39DF39FK68AD
0 7
0 10
1 12
1 14
2 0
2 5
3 11
3 17
4 5
4 7
5 11
5 17
6 0
6 2
7 16
7 18
8 1
8 8
9 4
9 14
10 1
10 19
11 6
11 16
12 12
12 19
13 2
13 4
14 18
14 20
15 3
15 9
16 13
16 15
17 3
17 9
18 15
18 20
19 6
19 8
20 10
20 13

# solution 2354
# n=21 sym=rot2 status=verified source=flammenkamp_cache/n21_rot2
# code=:3HAB67FGCI67BJ182G050KFK4ICJ19DE2845DE9A3H
0 3
0 17
1 10
1 11
2 6
2 7
3 15
3 16
4 12
4 18
5 6
5 7
6 11
6 19
7 1
7 8
8 2
8 16
9 0
9 5
10 0
10 20
11 15
11 20
12 4
12 18
13 12
13 19
14 1
14 9
15 13
15 14
16 2
16 8
17 4
17 5
18 13
18 14
19 9
19 10
20 3
20 17

# solution 2355
# n=21 sym=rot2 status=verified source=flammenkamp_cache/n21_rot2
# code=:3D8A6E9F3IGI1918DG5K0K0F47CJBJ242H5B6EAC7H
0 3
0 13
1 8
1 10
2 6
2 14
3 9
3 15
4 3
4 18
5 16
5 18
6 1
6 9
7 1
7 8
8 13
8 16
9 5
9 20
10 0
10 20
11 0
11 15
12 4
12 7
13 12
13 19
14 11
14 19
15 2
15 4
16 2
16 17
17 5
17 11
18 6
18 14
19 10
19 12
20 7
20 17

# solution 2356
# n=21 sym=rot2 status=verified source=flammenkamp_cache/n21_rot2
# code=:4BAI8E358E3I1DJK79FG0K45BD017J2H6CFH6C2A9G
0 4
0 11
1 10
1 18
2 8
2 14
3 3
3 5
4 8
4 14
5 3
5 18
6 1
6 13
7 19
7 20
8 7
8 9
9 15
9 16
10 0
10 20
11 4
11 5
12 11
12 13
13 0
13 1
14 7
14 19
15 2
15 17
16 6
16 12
17 15
17 17
18 6
18 12
19 2
19 10
20 9
20 16

# solution 2357
# n=21 sym=rot2 status=verified source=flammenkamp_cache/n21_rot2
# code=:3AFK68BFBH6I27DG8K4J1J1G0C47DI2E3959CE05AH
0 3
0 10
1 15
1 20
2 6
2 8
3 11
3 15
4 11
4 17
5 6
5 18
6 2
6 7
7 13
7 16
8 8
8 20
9 4
9 19
10 1
10 19
11 1
11 16
12 0
12 12
13 4
13 7
14 13
14 18
15 2
15 14
16 3
16 9
17 5
17 9
18 12
18 14
19 0
19 5
20 10
20 17

# solution 2358
# n=21 sym=rot2 status=verified source=flammenkamp_cache/n21_rot2
# code=:6I5A6C5BHK2B7H8G1D140KGJ7J4C3D9I039F8EAF2E
0 6
0 18
1 5
1 10
2 6
2 12
3 5
3 11
4 17
4 20
5 2
5 11
6 7
6 17
7 8
7 16
8 1
8 13
9 1
9 4
10 0
10 20
11 16
11 19
12 7
12 19
13 4
13 12
14 3
14 13
15 9
15 18
16 0
16 3
17 9
17 15
18 8
18 14
19 10
19 15
20 2
20 14

# solution 2359
# n=21 sym=rot2 status=verified source=flammenkamp_cache/n21_rot2
# code=:4EAF397FHK8I6C2D194J0K1GBJ7I8E2C035DBH5A6G
0 4
0 14
1 10
1 15
2 3
2 9
3 7
3 15
4 17
4 20
5 8
5 18
6 6
6 12
7 2
7 13
8 1
8 9
9 4
9 19
10 0
10 20
11 1
11 16
12 11
12 19
13 7
13 18
14 8
14 14
15 2
15 12
16 0
16 3
17 5
17 13
18 11
18 17
19 5
19 10
20 6
20 16

# solution 2360
# n=21 sym=rot2 status=verified source=flammenkamp_cache/n21_rot2
# code=:BDAF0E358IGI138D9E4J0K1G6B7CHJ242CFH6K5A79
0 11
0 13
1 10
1 15
2 0
2 14
3 3
3 5
4 8
4 18
5 16
5 18
6 1
6 3
7 8
7 13
8 9
8 14
9 4
9 19
10 0
10 20
11 1
11 16
12 6
12 11
13 7
13 12
14 17
14 19
15 2
15 4
16 2
16 12
17 15
17 17
18 6
18 20
19 5
19 10
20 7
20 9

# solution 2361
# n=21 sym=rot2 status=verified source=flammenkamp_cache/n21_rot2
# code=:7DAH592I6C1G6H1F9C040KGK8B5J3E4J8E2IBF3A7D
0 7
0 13
1 10
1 17
2 5
2 9
3 2
3 18
4 6
4 12
5 1
5 16
6 6
6 17
7 1
7 15
8 9
8 12
9 0
9 4
10 0
10 20
11 16
11 20
12 8
12 11
13 5
13 19
14 3
14 14
15 4
15 19
16 8
16 14
17 2
17 18
18 11
18 15
19 3
19 10
20 7
20 13

# solution 2362
# n=21 sym=rot2 status=verified source=flammenkamp_cache/n21_rot2
# code=:6C6A3FBCGH1J27792F4K0K0G5IBDDI1J34895HAE8E
0 6
0 12
1 6
1 10
2 3
2 15
3 11
3 12
4 16
4 17
5 1
5 19
6 2
6 7
7 7
7 9
8 2
8 15
9 4
9 20
10 0
10 20
11 0
11 16
12 5
12 18
13 11
13 13
14 13
14 18
15 1
15 19
16 3
16 4
17 8
17 9
18 5
18 17
19 10
19 14
20 8
20 14

# solution 2363
# n=21 sym=rot2 status=verified source=flammenkamp_cache/n21_rot2
# code=:4B8A1D57EH3I0EFJ89GI0K24BC156K2H36DF7JAC9G
0 4
0 11
1 8
1 10
2 1
2 13
3 5
3 7
4 14
4 17
5 3
5 18
6 0
6 14
7 15
7 19
8 8
8 9
9 16
9 18
10 0
10 20
11 2
11 4
12 11
12 12
13 1
13 5
14 6
14 20
15 2
15 17
16 3
16 6
17 13
17 15
18 7
18 19
19 10
19 12
20 9
20 16

# solution 2364
# n=21 sym=rot2 status=verified source=flammenkamp_cache/n21_rot2
# code=:CE6A5HGJ9C1K237D9FGI0K245B7DHI0J8B143FAE68
0 12
0 14
1 6
1 10
2 5
2 17
3 16
3 19
4 9
4 12
5 1
5 20
6 2
6 3
7 7
7 13
8 9
8 15
9 16
9 18
10 0
10 20
11 2
11 4
12 5
12 11
13 7
13 13
14 17
14 18
15 0
15 19
16 8
16 11
17 1
17 4
18 3
18 15
19 10
19 14
20 6
20 8

# solution 2365
# n=21 sym=rot2 status=verified source=flammenkamp_cache/n21_rot2
# code=:CE7A7E19CH4I193FFIGK0K04255HBJ2G38BJ6DAD68
0 12
0 14
1 7
1 10
2 7
2 14
3 1
3 9
4 12
4 17
5 4
5 18
6 1
6 9
7 3
7 15
8 15
8 18
9 16
9 20
10 0
10 20
11 0
11 4
12 2
12 5
13 5
13 17
14 11
14 19
15 2
15 16
16 3
16 8
17 11
17 19
18 6
18 13
19 10
19 13
20 6
20 8

# solution 2366
# n=21 sym=rot2 status=verified source=flammenkamp_cache/n21_rot2
# code=:2F8A0D381F2EBG6D9G130KHJ4B7E496I5JCH7KAC5I
0 2
0 15
1 8
1 10
2 0
2 13
3 3
3 8
4 1
4 15
5 2
5 14
6 11
6 16
7 6
7 13
8 9
8 16
9 1
9 3
10 0
10 20
11 17
11 19
12 4
12 11
13 7
13 14
14 4
14 9
15 6
15 18
16 5
16 19
17 12
17 17
18 7
18 20
19 10
19 12
20 5
20 18

# solution 2367
# n=21 sym=rot2 status=verified source=flammenkamp_cache/n21_rot2
# code=:7F2A691E2F4D09GH8C130KHJ8C34BK7G5I6JBEAI5D
0 7
0 15
1 2
1 10
2 6
2 9
3 1
3 14
4 2
4 15
5 4
5 13
6 0
6 9
7 16
7 17
8 8
8 12
9 1
9 3
10 0
10 20
11 17
11 19
12 8
12 12
13 3
13 4
14 11
14 20
15 7
15 16
16 5
16 18
17 6
17 19
18 11
18 14
19 10
19 18
20 5
20 13

# solution 2368
# n=21 sym=rot2 status=verified source=flammenkamp_cache/n21_rot2
# code=:9A6FCGBE5H2H271D8K4K1J0G0C7JDI3I3F69485EAB
0 9
0 10
1 6
1 15
2 12
2 16
3 11
3 14
4 5
4 17
5 2
5 17
6 2
6 7
7 1
7 13
8 8
8 20
9 4
9 20
10 1
10 19
11 0
11 16
12 0
12 12
13 7
13 19
14 13
14 18
15 3
15 18
16 3
16 15
17 6
17 9
18 4
18 8
19 5
19 14
20 10
20 11

# solution 2369
# n=21 sym=rot2 status=verified source=flammenkamp_cache/n21_rot2
# code=:2B7A2F6C0G8G7J3F69HJ0K13BE5H1D4C4K8E5IAD9I
0 2
0 11
1 7
1 10
2 2
2 15
3 6
3 12
4 0
4 16
5 8
5 16
6 7
6 19
7 3
7 15
8 6
8 9
9 17
9 19
10 0
10 20
11 1
11 3
12 11
12 14
13 5
13 17
14 1
14 13
15 4
15 12
16 4
16 20
17 8
17 14
18 5
18 18
19 10
19 13
20 9
20 18

# solution 2370
# n=21 sym=rot2 status=verified source=flammenkamp_cache/n21_rot2
# code=:7HAC569F4K149H8D6I120KIJ2E7C3BGJ0G5BEF8A3D
0 7
0 17
1 10
1 12
2 5
2 6
3 9
3 15
4 4
4 20
5 1
5 4
6 9
6 17
7 8
7 13
8 6
8 18
9 1
9 2
10 0
10 20
11 18
11 19
12 2
12 14
13 7
13 12
14 3
14 11
15 16
15 19
16 0
16 16
17 5
17 11
18 14
18 15
19 8
19 10
20 3
20 13

# solution 2371
# n=21 sym=rot2 status=verified source=flammenkamp_cache/n21_rot2
# code=:7HAC569F4K4J9H8D6I120KIJ2E7C3B1G0G5BEF8A3D
0 7
0 17
1 10
1 12
2 5
2 6
3 9
3 15
4 4
4 20
5 4
5 19
6 9
6 17
7 8
7 13
8 6
8 18
9 1
9 2
10 0
10 20
11 18
11 19
12 2
12 14
13 7
13 12
14 3
14 11
15 1
15 16
16 0
16 16
17 5
17 11
18 14
18 15
19 8
19 10
20 3
20 13

# solution 2372
# n=21 sym=rot2 status=verified source=flammenkamp_cache/n21_rot2
# code=:9G5A6CFH24BH7J8K6D120KIJ7E0C1D39GI358EAF4B
0 9
0 16
1 5
1 10
2 6
2 12
3 15
3 17
4 2
4 4
5 11
5 17
6 7
6 19
7 8
7 20
8 6
8 13
9 1
9 2
10 0
10 20
11 18
11 19
12 7
12 14
13 0
13 12
14 1
14 13
15 3
15 9
16 16
16 18
17 3
17 5
18 8
18 14
19 10
19 15
20 4
20 11

# solution 2373
# n=21 sym=rot2 status=verified source=flammenkamp_cache/n21_rot2
# code=:AC795904CE4H0227HJ5E1J6F13DIIK3G68GKBFBD8A
0 10
0 12
1 7
1 9
2 5
2 9
3 0
3 4
4 12
4 14
5 4
5 17
6 0
6 2
7 2
7 7
8 17
8 19
9 5
9 14
10 1
10 19
11 6
11 15
12 1
12 3
13 13
13 18
14 18
14 20
15 3
15 16
16 6
16 8
17 16
17 20
18 11
18 15
19 11
19 13
20 8
20 10

# solution 2374
# n=21 sym=rot2 status=verified source=flammenkamp_cache/n21_rot2
# code=:CEAD5F149H1D4EHI89IK0K02BC236G7J3BGJ5F7A68
0 12
0 14
1 10
1 13
2 5
2 15
3 1
3 4
4 9
4 17
5 1
5 13
6 4
6 14
7 17
7 18
8 8
8 9
9 18
9 20
10 0
10 20
11 0
11 2
12 11
12 12
13 2
13 3
14 6
14 16
15 7
15 19
16 3
16 11
17 16
17 19
18 5
18 15
19 7
19 10
20 6
20 8

# solution 2375
# n=21 sym=rot2 status=verified source=flammenkamp_cache/n21_rot2
# code=:7C6A469FHI149H8DFI010KJK257C3BGJ235BEGAE8D
0 7
0 12
1 6
1 10
2 4
2 6
3 9
3 15
4 17
4 18
5 1
5 4
6 9
6 17
7 8
7 13
8 15
8 18
9 0
9 1
10 0
10 20
11 19
11 20
12 2
12 5
13 7
13 12
14 3
14 11
15 16
15 19
16 2
16 3
17 5
17 11
18 14
18 16
19 10
19 14
20 8
20 13

# solution 2376
# n=21 sym=rot2 status=verified source=flammenkamp_cache/n21_rot2
# code=:AE236D8GDH2815FJ049B0K9BGK15FJCI374C7EHI6A
0 10
0 14
1 2
1 3
2 6
2 13
3 8
3 16
4 13
4 17
5 2
5 8
6 1
6 5
7 15
7 19
8 0
8 4
9 9
9 11
10 0
10 20
11 9
11 11
12 16
12 20
13 1
13 5
14 15
14 19
15 12
15 18
16 3
16 7
17 4
17 12
18 7
18 14
19 17
19 18
20 6
20 10

# solution 2377
# n=21 sym=rot2 status=verified source=flammenkamp_cache/n21_rot2
# code=:ADFI468CDH241H19EK590KBF06BJ3JGI378CEG257A
0 10
0 13
1 15
1 18
2 4
2 6
3 8
3 12
4 13
4 17
5 2
5 4
6 1
6 17
7 1
7 9
8 14
8 20
9 5
9 9
10 0
10 20
11 11
11 15
12 0
12 6
13 11
13 19
14 3
14 19
15 16
15 18
16 3
16 7
17 8
17 12
18 14
18 16
19 2
19 5
20 7
20 10

# solution 2378
# n=21 sym=rot2 status=verified source=flammenkamp_cache/n21_rot2
# code=:4ACE7F4H7FBHIK1816290KBIEJCJ02395D3G5D68AG
0 4
0 10
1 12
1 14
2 7
2 15
3 4
3 17
4 7
4 15
5 11
5 17
6 18
6 20
7 1
7 8
8 1
8 6
9 2
9 9
10 0
10 20
11 11
11 18
12 14
12 19
13 12
13 19
14 0
14 2
15 3
15 9
16 5
16 13
17 3
17 16
18 5
18 13
19 6
19 8
20 10
20 16

# solution 2379
# n=21 sym=rot2 status=verified source=flammenkamp_cache/n21_rot2
# code=:8A35DE19382G0EGJDF290KBI57146K4ICHBJ67FHAC
0 8
0 10
1 3
1 5
2 13
2 14
3 1
3 9
4 3
4 8
5 2
5 16
6 0
6 14
7 16
7 19
8 13
8 15
9 2
9 9
10 0
10 20
11 11
11 18
12 5
12 7
13 1
13 4
14 6
14 20
15 4
15 18
16 12
16 17
17 11
17 19
18 6
18 7
19 15
19 17
20 10
20 12

# solution 2380
# n=21 sym=rot2 status=verified source=flammenkamp_cache/n21_rot2
# code=:2A5F6D9C13GI7C4J3K9E0K6B0H1G8D24HJ8B7E5FAI
0 2
0 10
1 5
1 15
2 6
2 13
3 9
3 12
4 1
4 3
5 16
5 18
6 7
6 12
7 4
7 19
8 3
8 20
9 9
9 14
10 0
10 20
11 6
11 11
12 0
12 17
13 1
13 16
14 8
14 13
15 2
15 4
16 17
16 19
17 8
17 11
18 7
18 14
19 5
19 15
20 10
20 18

# solution 2381
# n=21 sym=rot2 status=verified source=flammenkamp_cache/n21_rot2
# code=:AE7G5B283G13082EFJ9D0K7B156ICKHJ4HCI9F4D6A
0 10
0 14
1 7
1 16
2 5
2 11
3 2
3 8
4 3
4 16
5 1
5 3
6 0
6 8
7 2
7 14
8 15
8 19
9 9
9 13
10 0
10 20
11 7
11 11
12 1
12 5
13 6
13 18
14 12
14 20
15 17
15 19
16 4
16 17
17 12
17 18
18 9
18 15
19 4
19 13
20 6
20 10

# solution 2382
# n=21 sym=rot2 status=verified source=flammenkamp_cache/n21_rot2
# code=:AEGH59481D138IEI0D9F0K5B7K262CHJ7JCGBF346A
0 10
0 14
1 16
1 17
2 5
2 9
3 4
3 8
4 1
4 13
5 1
5 3
6 8
6 18
7 14
7 18
8 0
8 13
9 9
9 15
10 0
10 20
11 5
11 11
12 7
12 20
13 2
13 6
14 2
14 12
15 17
15 19
16 7
16 19
17 12
17 16
18 11
18 15
19 3
19 4
20 6
20 10

# solution 2383
# n=21 sym=rot2 status=verified source=flammenkamp_cache/n21_rot2
# code=:4A3D59EI5K18CEIJ39470KDGBH1268CJ0F26BF7HAG
0 4
0 10
1 3
1 13
2 5
2 9
3 14
3 18
4 5
4 20
5 1
5 8
6 12
6 14
7 18
7 19
8 3
8 9
9 4
9 7
10 0
10 20
11 13
11 16
12 11
12 17
13 1
13 2
14 6
14 8
15 12
15 19
16 0
16 15
17 2
17 6
18 11
18 15
19 7
19 17
20 10
20 16

# solution 2384
# n=21 sym=rot2 status=verified source=flammenkamp_cache/n21_rot2
# code=:AE8D5J8F39GIEJ4I09370KDHBK2G1624BH5C1F7C6A
0 10
0 14
1 8
1 13
2 5
2 19
3 8
3 15
4 3
4 9
5 16
5 18
6 14
6 19
7 4
7 18
8 0
8 9
9 3
9 7
10 0
10 20
11 13
11 17
12 11
12 20
13 2
13 16
14 1
14 6
15 2
15 4
16 11
16 17
17 5
17 12
18 1
18 15
19 7
19 12
20 6
20 10

# solution 2385
# n=21 sym=rot2 status=verified source=flammenkamp_cache/n21_rot2
# code=:AD6H3F8F2J6G299D8J0G0K4K1C7BBI4E1I5C5H3E7A
0 10
0 13
1 6
1 17
2 3
2 15
3 8
3 15
4 2
4 19
5 6
5 16
6 2
6 9
7 9
7 13
8 8
8 19
9 0
9 16
10 0
10 20
11 4
11 20
12 1
12 12
13 7
13 11
14 11
14 18
15 4
15 14
16 1
16 18
17 5
17 12
18 5
18 17
19 3
19 14
20 7
20 10

# solution 2386
# n=21 sym=rot2 status=verified source=flammenkamp_cache/n21_rot2
# code=:AG5D37CG129H6C5K19260KEIBJ0F8E3BIJ48DH7F4A
0 10
0 16
1 5
1 13
2 3
2 7
3 12
3 16
4 1
4 2
5 9
5 17
6 6
6 12
7 5
7 20
8 1
8 9
9 2
9 6
10 0
10 20
11 14
11 18
12 11
12 19
13 0
13 15
14 8
14 14
15 3
15 11
16 18
16 19
17 4
17 8
18 13
18 17
19 7
19 15
20 4
20 10

# solution 2387
# n=21 sym=rot2 status=verified source=flammenkamp_cache/n21_rot2
# code=:8A8F37BF17GI029JEHEG0K46361BIK24DJ59DH5CAC
0 8
0 10
1 8
1 15
2 3
2 7
3 11
3 15
4 1
4 7
5 16
5 18
6 0
6 2
7 9
7 19
8 14
8 17
9 14
9 16
10 0
10 20
11 4
11 6
12 3
12 6
13 1
13 11
14 18
14 20
15 2
15 4
16 13
16 19
17 5
17 9
18 13
18 17
19 5
19 12
20 10
20 12

# solution 2388
# n=21 sym=rot2 status=verified source=flammenkamp_cache/n21_rot2
# code=:8A8F7HBF17GI029JEHEG0K46361BIK24DJ593D5CAC
0 8
0 10
1 8
1 15
2 7
2 17
3 11
3 15
4 1
4 7
5 16
5 18
6 0
6 2
7 9
7 19
8 14
8 17
9 14
9 16
10 0
10 20
11 4
11 6
12 3
12 6
13 1
13 11
14 18
14 20
15 2
15 4
16 13
16 19
17 5
17 9
18 3
18 13
19 5
19 12
20 10
20 12

# solution 2389
# n=21 sym=rot2 status=verified source=flammenkamp_cache/n21_rot2
# code=:4A8E15FI4B8D02DJ39EH0K36BH17IK7C9G25FJ6CAG
0 4
0 10
1 8
1 14
2 1
2 5
3 15
3 18
4 4
4 11
5 8
5 13
6 0
6 2
7 13
7 19
8 3
8 9
9 14
9 17
10 0
10 20
11 3
11 6
12 11
12 17
13 1
13 7
14 18
14 20
15 7
15 12
16 9
16 16
17 2
17 5
18 15
18 19
19 6
19 12
20 10
20 16

# solution 2390
# n=21 sym=rot2 status=verified source=flammenkamp_cache/n21_rot2
# code=:9ADE35194H8D028J4FEI0K265G1CIK7C3GBJFH67AB
0 9
0 10
1 13
1 14
2 3
2 5
3 1
3 9
4 4
4 17
5 8
5 13
6 0
6 2
7 8
7 19
8 4
8 15
9 14
9 18
10 0
10 20
11 2
11 6
12 5
12 16
13 1
13 12
14 18
14 20
15 7
15 12
16 3
16 16
17 11
17 19
18 15
18 17
19 6
19 7
20 10
20 11

# solution 2391
# n=21 sym=rot2 status=verified source=flammenkamp_cache/n21_rot2
# code=:7A37EGCI15BG235J9CEK0K068B1FHI49FJ2846DHAD
0 7
0 10
1 3
1 7
2 14
2 16
3 12
3 18
4 1
4 5
5 11
5 16
6 2
6 3
7 5
7 19
8 9
8 12
9 14
9 20
10 0
10 20
11 0
11 6
12 8
12 11
13 1
13 15
14 17
14 18
15 4
15 9
16 15
16 19
17 2
17 8
18 4
18 6
19 13
19 17
20 10
20 13

# solution 2392
# n=21 sym=rot2 status=verified source=flammenkamp_cache/n21_rot2
# code=:AE8DHI693F1B154I08DG0K47CK2GFJ9J5HBE237C6A
0 10
0 14
1 8
1 13
2 17
2 18
3 6
3 9
4 3
4 15
5 1
5 11
6 1
6 5
7 4
7 18
8 0
8 8
9 13
9 16
10 0
10 20
11 4
11 7
12 12
12 20
13 2
13 16
14 15
14 19
15 9
15 19
16 5
16 17
17 11
17 14
18 2
18 3
19 7
19 12
20 6
20 10

# solution 2393
# n=21 sym=rot2 status=verified source=flammenkamp_cache/n21_rot2
# code=:AI4E7BCGFJ3BCI5701EH0K36JKDF289H15489D6G2A
0 10
0 18
1 4
1 14
2 7
2 11
3 12
3 16
4 15
4 19
5 3
5 11
6 12
6 18
7 5
7 7
8 0
8 1
9 14
9 17
10 0
10 20
11 3
11 6
12 19
12 20
13 13
13 15
14 2
14 8
15 9
15 17
16 1
16 5
17 4
17 8
18 9
18 13
19 6
19 16
20 2
20 10

# solution 2394
# n=21 sym=rot2 status=verified source=flammenkamp_cache/n21_rot2
# code=:6A376G2IBD9J1F4858HK0K03CFCG5J1B792I4EDHAE
0 6
0 10
1 3
1 7
2 6
2 16
3 2
3 18
4 11
4 13
5 9
5 19
6 1
6 15
7 4
7 8
8 5
8 8
9 17
9 20
10 0
10 20
11 0
11 3
12 12
12 15
13 12
13 16
14 5
14 19
15 1
15 11
16 7
16 9
17 2
17 18
18 4
18 14
19 13
19 17
20 10
20 14

# solution 2395
# n=21 sym=rot2 status=verified source=flammenkamp_cache/n21_rot2
# code=:AG3C56HIBJ79CF271E4K0K0G6JDI58BD1923EF8H4A
0 10
0 16
1 3
1 12
2 5
2 6
3 17
3 18
4 11
4 19
5 7
5 9
6 12
6 15
7 2
7 7
8 1
8 14
9 4
9 20
10 0
10 20
11 0
11 16
12 6
12 19
13 13
13 18
14 5
14 8
15 11
15 13
16 1
16 9
17 2
17 3
18 14
18 15
19 8
19 17
20 4
20 10

# solution 2396
# n=21 sym=rot2 status=verified source=flammenkamp_cache/n21_rot2
# code=:AG3C56HI1B79CF271E4K0K0G6JDI58BD9J23EF8H4A
0 10
0 16
1 3
1 12
2 5
2 6
3 17
3 18
4 1
4 11
5 7
5 9
6 12
6 15
7 2
7 7
8 1
8 14
9 4
9 20
10 0
10 20
11 0
11 16
12 6
12 19
13 13
13 18
14 5
14 8
15 11
15 13
16 9
16 19
17 2
17 3
18 14
18 15
19 8
19 17
20 4
20 10

# solution 2397
# n=21 sym=rot2 status=verified source=flammenkamp_cache/n21_rot2
# code=:AG3C562HBJ79CF271E4K0K0G6JDI58BD193IEF8H4A
0 10
0 16
1 3
1 12
2 5
2 6
3 2
3 17
4 11
4 19
5 7
5 9
6 12
6 15
7 2
7 7
8 1
8 14
9 4
9 20
10 0
10 20
11 0
11 16
12 6
12 19
13 13
13 18
14 5
14 8
15 11
15 13
16 1
16 9
17 3
17 18
18 14
18 15
19 8
19 17
20 4
20 10

# solution 2398
# n=21 sym=rot2 status=verified source=flammenkamp_cache/n21_rot2
# code=:AG3C562H1B79CF271E4K0K0G6JDI58BD9J3IEF8H4A
0 10
0 16
1 3
1 12
2 5
2 6
3 2
3 17
4 1
4 11
5 7
5 9
6 12
6 15
7 2
7 7
8 1
8 14
9 4
9 20
10 0
10 20
11 0
11 16
12 6
12 19
13 13
13 18
14 5
14 8
15 11
15 13
16 9
16 19
17 3
17 18
18 14
18 15
19 8
19 17
20 4
20 10

# solution 2399
# n=21 sym=rot2 status=verified source=flammenkamp_cache/n21_rot2
# code=:AC466D19HJ4I2K9C57FH0K35DF8B0I2G13BJ7EEG8A
0 10
0 12
1 4
1 6
2 6
2 13
3 1
3 9
4 17
4 19
5 4
5 18
6 2
6 20
7 9
7 12
8 5
8 7
9 15
9 17
10 0
10 20
11 3
11 5
12 13
12 15
13 8
13 11
14 0
14 18
15 2
15 16
16 1
16 3
17 11
17 19
18 7
18 14
19 14
19 16
20 8
20 10

# solution 2400
# n=21 sym=rot2 status=verified source=flammenkamp_cache/n21_rot2
# code=:AB3E27FG9J7E2C8G0JFH0K351K4C8I6D1B45DI6H9A
0 10
0 11
1 3
1 14
2 2
2 7
3 15
3 16
4 9
4 19
5 7
5 14
6 2
6 12
7 8
7 16
8 0
8 19
9 15
9 17
10 0
10 20
11 3
11 5
12 1
12 20
13 4
13 12
14 8
14 18
15 6
15 13
16 1
16 11
17 4
17 5
18 13
18 18
19 6
19 17
20 9
20 10

# solution 2401
# n=21 sym=rot2 status=verified source=flammenkamp_cache/n21_rot2
# code=:8A6GDG8I1F16379B0HFI0K253K9BDHEJ5J2C474EAC
0 8
0 10
1 6
1 16
2 13
2 16
3 8
3 18
4 1
4 15
5 1
5 6
6 3
6 7
7 9
7 11
8 0
8 17
9 15
9 18
10 0
10 20
11 2
11 5
12 3
12 20
13 9
13 11
14 13
14 17
15 14
15 19
16 5
16 19
17 2
17 12
18 4
18 7
19 4
19 14
20 10
20 12

# solution 2402
# n=21 sym=rot2 status=verified source=flammenkamp_cache/n21_rot2
# code=:8A4DHJ355D18EK9I9E240KGI6B2B06CJ7FFH137GAC
0 8
0 10
1 4
1 13
2 17
2 19
3 3
3 5
4 5
4 13
5 1
5 8
6 14
6 20
7 9
7 18
8 9
8 14
9 2
9 4
10 0
10 20
11 16
11 18
12 6
12 11
13 2
13 11
14 0
14 6
15 12
15 19
16 7
16 15
17 15
17 17
18 1
18 3
19 7
19 16
20 10
20 12

# solution 2403
# n=21 sym=rot2 status=verified source=flammenkamp_cache/n21_rot2
# code=:AD4DEH1538CE19FI09240KGIBK25BJ68CHFJ367G7A
0 10
0 13
1 4
1 13
2 14
2 17
3 1
3 5
4 3
4 8
5 12
5 14
6 1
6 9
7 15
7 18
8 0
8 9
9 2
9 4
10 0
10 20
11 16
11 18
12 11
12 20
13 2
13 5
14 11
14 19
15 6
15 8
16 12
16 17
17 15
17 19
18 3
18 6
19 7
19 16
20 7
20 10

# solution 2404
# n=21 sym=rot2 status=verified source=flammenkamp_cache/n21_rot2
# code=:AD48EH1538EI19DF09240KGIBK57BJ26CHFJ36CG7A
0 10
0 13
1 4
1 8
2 14
2 17
3 1
3 5
4 3
4 8
5 14
5 18
6 1
6 9
7 13
7 15
8 0
8 9
9 2
9 4
10 0
10 20
11 16
11 18
12 11
12 20
13 5
13 7
14 11
14 19
15 2
15 6
16 12
16 17
17 15
17 19
18 3
18 6
19 12
19 16
20 7
20 10

# solution 2405
# n=21 sym=rot2 status=verified source=flammenkamp_cache/n21_rot2
# code=:AI785EEI5913JKCD9GGH0K344B7801HJBF266FCD2A
0 10
0 18
1 7
1 8
2 5
2 14
3 14
3 18
4 5
4 9
5 1
5 3
6 19
6 20
7 12
7 13
8 9
8 16
9 16
9 17
10 0
10 20
11 3
11 4
12 4
12 11
13 7
13 8
14 0
14 1
15 17
15 19
16 11
16 15
17 2
17 6
18 6
18 15
19 12
19 13
20 2
20 10

# solution 2406
# n=21 sym=rot2 status=verified source=flammenkamp_cache/n21_rot2
# code=:AB6E348I1IDJ3F5D890G0K4KBC7F5H172J2CGH6E9A
0 10
0 11
1 6
1 14
2 3
2 4
3 8
3 18
4 1
4 18
5 13
5 19
6 3
6 15
7 5
7 13
8 8
8 9
9 0
9 16
10 0
10 20
11 4
11 20
12 11
12 12
13 7
13 15
14 5
14 17
15 1
15 7
16 2
16 19
17 2
17 12
18 16
18 17
19 6
19 14
20 9
20 10

# solution 2407
# n=21 sym=rot2 status=verified source=flammenkamp_cache/n21_rot2
# code=:AG8K5D8G59HJ2E7J9E230KHI6B1D6I13BF4C7F0C4A
0 10
0 16
1 8
1 20
2 5
2 13
3 8
3 16
4 5
4 9
5 17
5 19
6 2
6 14
7 7
7 19
8 9
8 14
9 2
9 3
10 0
10 20
11 17
11 18
12 6
12 11
13 1
13 13
14 6
14 18
15 1
15 3
16 11
16 15
17 4
17 12
18 7
18 15
19 0
19 12
20 4
20 10

# solution 2408
# n=21 sym=rot2 status=verified source=flammenkamp_cache/n21_rot2
# code=:AC4F56BHDJ4E279CJK2H0K3I018BDI6G1739EF5G8A
0 10
0 12
1 4
1 15
2 5
2 6
3 11
3 17
4 13
4 19
5 4
5 14
6 2
6 7
7 9
7 12
8 19
8 20
9 2
9 17
10 0
10 20
11 3
11 18
12 0
12 1
13 8
13 11
14 13
14 18
15 6
15 16
16 1
16 7
17 3
17 9
18 14
18 15
19 5
19 16
20 8
20 10

# solution 2409
# n=21 sym=rot2 status=verified source=flammenkamp_cache/n21_rot2
# code=:AG6C57CI5B1306DJ49HI0K23BG17EKHJ9F28DF8E4A
0 10
0 16
1 6
1 12
2 5
2 7
3 12
3 18
4 5
4 11
5 1
5 3
6 0
6 6
7 13
7 19
8 4
8 9
9 17
9 18
10 0
10 20
11 2
11 3
12 11
12 16
13 1
13 7
14 14
14 20
15 17
15 19
16 9
16 15
17 2
17 8
18 13
18 15
19 8
19 14
20 4
20 10

# solution 2410
# n=21 sym=rot2 status=verified source=flammenkamp_cache/n21_rot2
# code=:AG6C57CI5B3J06DJ49HI0K23BG17EK1H9F28DF8E4A
0 10
0 16
1 6
1 12
2 5
2 7
3 12
3 18
4 5
4 11
5 3
5 19
6 0
6 6
7 13
7 19
8 4
8 9
9 17
9 18
10 0
10 20
11 2
11 3
12 11
12 16
13 1
13 7
14 14
14 20
15 1
15 17
16 9
16 15
17 2
17 8
18 13
18 15
19 8
19 14
20 4
20 10

# solution 2411
# n=21 sym=rot2 status=verified source=flammenkamp_cache/n21_rot2
# code=:9A7F692FCG4I1C07HJEH0K3613DK8J2G485IBE5DAB
0 9
0 10
1 7
1 15
2 6
2 9
3 2
3 15
4 12
4 16
5 4
5 18
6 1
6 12
7 0
7 7
8 17
8 19
9 14
9 17
10 0
10 20
11 3
11 6
12 1
12 3
13 13
13 20
14 8
14 19
15 2
15 16
16 4
16 8
17 5
17 18
18 11
18 14
19 5
19 13
20 10
20 11

# solution 2412
# n=21 sym=rot2 status=verified source=flammenkamp_cache/n21_rot2
# code=:9A57692FCG4I1C07HJEH0K3613DK8J2G485IBEDFAB
0 9
0 10
1 5
1 7
2 6
2 9
3 2
3 15
4 12
4 16
5 4
5 18
6 1
6 12
7 0
7 7
8 17
8 19
9 14
9 17
10 0
10 20
11 3
11 6
12 1
12 3
13 13
13 20
14 8
14 19
15 2
15 16
16 4
16 8
17 5
17 18
18 11
18 14
19 13
19 15
20 10
20 11

