# solution 1
# n=22 sym=rot2 status=verified source=flammenkamp_cache/n22_rot2
# code=:GH7C6J8E1KAI358H6LJLAC9B020F4DGI3B1K7D2F9E45
0 16
0 17
1 7
1 12
2 6
2 19
3 8
3 14
4 1
4 20
5 10
5 18
6 3
6 5
7 8
7 17
8 6
8 21
9 19
9 21
10 10
10 12
11 9
11 11
12 0
12 2
13 0
13 15
14 4
14 13
15 16
15 18
16 3
16 11
17 1
17 20
18 7
18 13
19 2
19 15
20 9
20 14
21 4
21 5

# solution 2
# n=22 sym=rot2 status=verified source=flammenkamp_cache/n22_rot2
# code=:GH7A6E8913IJHL28165LAC9B0GFKDJ0423IKCD7FBE45
0 16
0 17
1 7
1 10
2 6
2 14
3 8
3 9
4 1
4 3
5 18
5 19
6 17
6 21
7 2
7 8
8 1
8 6
9 5
9 21
10 10
10 12
11 9
11 11
12 0
12 16
13 15
13 20
14 13
14 19
15 0
15 4
16 2
16 3
17 18
17 20
18 12
18 13
19 7
19 15
20 11
20 14
21 4
21 5

# solution 3
# n=22 sym=rot2 status=verified source=flammenkamp_cache/n22_rot2
# code=:6AEG35CL37DLDH126K24AC9BHJ1FJK4808EI09GI57BF
0 6
0 10
1 14
1 16
2 3
2 5
3 12
3 21
4 3
4 7
5 13
5 21
6 13
6 17
7 1
7 2
8 6
8 20
9 2
9 4
10 10
10 12
11 9
11 11
12 17
12 19
13 1
13 15
14 19
14 20
15 4
15 8
16 0
16 8
17 14
17 18
18 0
18 9
19 16
19 18
20 5
20 7
21 11
21 15

# solution 4
# n=22 sym=rot2 status=verified source=flammenkamp_cache/n22_rot2
# code=:5AEI1468DJ19FI0427GLAC9B05EJHL36CK28DFHK37BG
0 5
0 10
1 14
1 18
2 1
2 4
3 6
3 8
4 13
4 19
5 1
5 9
6 15
6 18
7 0
7 4
8 2
8 7
9 16
9 21
10 10
10 12
11 9
11 11
12 0
12 5
13 14
13 19
14 17
14 21
15 3
15 6
16 12
16 20
17 2
17 8
18 13
18 15
19 17
19 20
20 3
20 7
21 11
21 16

# solution 5
# n=22 sym=rot2 status=verified source=flammenkamp_cache/n22_rot2
# code=:6C8IEG487AJLFH351L1JAC9B2K0KGI4602BEDH573D9F
0 6
0 12
1 8
1 18
2 14
2 16
3 4
3 8
4 7
4 10
5 19
5 21
6 15
6 17
7 3
7 5
8 1
8 21
9 1
9 19
10 10
10 12
11 9
11 11
12 2
12 20
13 0
13 20
14 16
14 18
15 4
15 6
16 0
16 2
17 11
17 14
18 13
18 17
19 5
19 7
20 3
20 13
21 9
21 15

# solution 6
# n=22 sym=rot2 status=verified source=flammenkamp_cache/n22_rot2
# code=:6CBE3H7823JLDF0K5K45AC9BGH1G1L6802IJDE4I7A9F
0 6
0 12
1 11
1 14
2 3
2 17
3 7
3 8
4 2
4 3
5 19
5 21
6 13
6 15
7 0
7 20
8 5
8 20
9 4
9 5
10 10
10 12
11 9
11 11
12 16
12 17
13 1
13 16
14 1
14 21
15 6
15 8
16 0
16 2
17 18
17 19
18 13
18 14
19 4
19 18
20 7
20 10
21 9
21 15

# solution 7
# n=22 sym=rot2 status=verified source=flammenkamp_cache/n22_rot2
# code=:EF5HCG8E3J8L4FAJ1L13AC9BIK0K2B6H0D2I7D594G67
0 14
0 15
1 5
1 17
2 12
2 16
3 8
3 14
4 3
4 19
5 8
5 21
6 4
6 15
7 10
7 19
8 1
8 21
9 1
9 3
10 10
10 12
11 9
11 11
12 18
12 20
13 0
13 20
14 2
14 11
15 6
15 17
16 0
16 13
17 2
17 18
18 7
18 13
19 5
19 9
20 4
20 16
21 6
21 7

# solution 8
# n=22 sym=rot2 status=verified source=flammenkamp_cache/n22_rot2
# code=:6E59DG47DJ06HI1A01IJAC9B23KLBK34FL28EH58CG7F
0 6
0 14
1 5
1 9
2 13
2 16
3 4
3 7
4 13
4 19
5 0
5 6
6 17
6 18
7 1
7 10
8 0
8 1
9 18
9 19
10 10
10 12
11 9
11 11
12 2
12 3
13 20
13 21
14 11
14 20
15 3
15 4
16 15
16 21
17 2
17 8
18 14
18 17
19 5
19 8
20 12
20 16
21 7
21 15

# solution 9
# n=22 sym=rot2 status=verified source=flammenkamp_cache/n22_rot2
# code=:6I9D577D2H6A2H0G0KIKAC9B131L5L4JBF4J8EEG8C3F
0 6
0 18
1 9
1 13
2 5
2 7
3 7
3 13
4 2
4 17
5 6
5 10
6 2
6 17
7 0
7 16
8 0
8 20
9 18
9 20
10 10
10 12
11 9
11 11
12 1
12 3
13 1
13 21
14 5
14 21
15 4
15 19
16 11
16 15
17 4
17 19
18 8
18 14
19 14
19 16
20 8
20 12
21 3
21 15

# solution 10
# n=22 sym=rot2 status=verified source=flammenkamp_cache/n22_rot2
# code=:AF5DDL16EJ490I4E23GKAC9B15IJ7H3LCH27FK088G6B
0 10
0 15
1 5
1 13
2 13
2 21
3 1
3 6
4 14
4 19
5 4
5 9
6 0
6 18
7 4
7 14
8 2
8 3
9 16
9 20
10 10
10 12
11 9
11 11
12 1
12 5
13 18
13 19
14 7
14 17
15 3
15 21
16 12
16 17
17 2
17 7
18 15
18 20
19 0
19 8
20 8
20 16
21 6
21 11

# solution 11
# n=22 sym=rot2 status=verified source=flammenkamp_cache/n22_rot2
# code=:6DBF57DE39IJ044GJK01AC9BKL125HHL23CI78EG6A8F
0 6
0 13
1 11
1 15
2 5
2 7
3 13
3 14
4 3
4 9
5 18
5 19
6 0
6 4
7 4
7 16
8 19
8 20
9 0
9 1
10 10
10 12
11 9
11 11
12 20
12 21
13 1
13 2
14 5
14 17
15 17
15 21
16 2
16 3
17 12
17 18
18 7
18 8
19 14
19 16
20 6
20 10
21 8
21 15

# solution 12
# n=22 sym=rot2 status=verified source=flammenkamp_cache/n22_rot2
# code=:68FH89EG133EJL2B45KLAC9B01GHAJ027IIK57CD46DF
0 6
0 8
1 15
1 17
2 8
2 9
3 14
3 16
4 1
4 3
5 3
5 14
6 19
6 21
7 2
7 11
8 4
8 5
9 20
9 21
10 10
10 12
11 9
11 11
12 0
12 1
13 16
13 17
14 10
14 19
15 0
15 2
16 7
16 18
17 18
17 20
18 5
18 7
19 12
19 13
20 4
20 6
21 13
21 15

# solution 13
# n=22 sym=rot2 status=verified source=flammenkamp_cache/n22_rot2
# code=:672F9ADK373DHL2H5K05AC9BGL1G4J048IEI18BC6JEF
0 6
0 7
1 2
1 15
2 9
2 10
3 13
3 20
4 3
4 7
5 3
5 13
6 17
6 21
7 2
7 17
8 5
8 20
9 0
9 5
10 10
10 12
11 9
11 11
12 16
12 21
13 1
13 16
14 4
14 19
15 0
15 4
16 8
16 18
17 14
17 18
18 1
18 8
19 11
19 12
20 6
20 19
21 14
21 15

# solution 14
# n=22 sym=rot2 status=verified source=flammenkamp_cache/n22_rot2
# code=:6CFG5ADK7K3D7H03HJ02AC9BJL24IL4E8I1E18BG569F
0 6
0 12
1 15
1 16
2 5
2 10
3 13
3 20
4 7
4 20
5 3
5 13
6 7
6 17
7 0
7 3
8 17
8 19
9 0
9 2
10 10
10 12
11 9
11 11
12 19
12 21
13 2
13 4
14 18
14 21
15 4
15 14
16 8
16 18
17 1
17 14
18 1
18 8
19 11
19 16
20 5
20 6
21 9
21 15

# solution 15
# n=22 sym=rot2 status=verified source=flammenkamp_cache/n22_rot2
# code=:27BG4G24799D0FFK1303AD8BILIK166L8CCEHJ5H5AEJ
0 2
0 7
1 11
1 16
2 4
2 16
3 2
3 4
4 7
4 9
5 9
5 13
6 0
6 15
7 15
7 20
8 1
8 3
9 0
9 3
10 10
10 13
11 8
11 11
12 18
12 21
13 18
13 20
14 1
14 6
15 6
15 21
16 8
16 12
17 12
17 14
18 17
18 19
19 5
19 17
20 5
20 10
21 14
21 19

# solution 16
# n=22 sym=rot2 status=verified source=flammenkamp_cache/n22_rot2
# code=:27BG4G24799D0FFK3K03AD8BIL1I166L8CCEHJ5H5AEJ
0 2
0 7
1 11
1 16
2 4
2 16
3 2
3 4
4 7
4 9
5 9
5 13
6 0
6 15
7 15
7 20
8 3
8 20
9 0
9 3
10 10
10 13
11 8
11 11
12 18
12 21
13 1
13 18
14 1
14 6
15 6
15 21
16 8
16 12
17 12
17 14
18 17
18 19
19 5
19 17
20 5
20 10
21 14
21 19

# solution 17
# n=22 sym=rot2 status=verified source=flammenkamp_cache/n22_rot2
# code=:DG69CE46EGAJ02IL143KAD8B1IHK03JL2B57FH79CF58
0 13
0 16
1 6
1 9
2 12
2 14
3 4
3 6
4 14
4 16
5 10
5 19
6 0
6 2
7 18
7 21
8 1
8 4
9 3
9 20
10 10
10 13
11 8
11 11
12 1
12 18
13 17
13 20
14 0
14 3
15 19
15 21
16 2
16 11
17 5
17 7
18 15
18 17
19 7
19 9
20 12
20 15
21 5
21 8

# solution 18
# n=22 sym=rot2 status=verified source=flammenkamp_cache/n22_rot2
# code=:DF259GIL7C1BHJFL7K34AD8BHI1E0624AK9E035CGJ68
0 13
0 15
1 2
1 5
2 9
2 16
3 18
3 21
4 7
4 12
5 1
5 11
6 17
6 19
7 15
7 21
8 7
8 20
9 3
9 4
10 10
10 13
11 8
11 11
12 17
12 18
13 1
13 14
14 0
14 6
15 2
15 4
16 10
16 20
17 9
17 14
18 0
18 3
19 5
19 12
20 16
20 19
21 6
21 8

# solution 19
# n=22 sym=rot2 status=verified source=flammenkamp_cache/n22_rot2
# code=:9G8EAG14CLFJ0F4I23EKAD8B17IJ3H6L2609HK5B7D5C
0 9
0 16
1 8
1 14
2 10
2 16
3 1
3 4
4 12
4 21
5 15
5 19
6 0
6 15
7 4
7 18
8 2
8 3
9 14
9 20
10 10
10 13
11 8
11 11
12 1
12 7
13 18
13 19
14 3
14 17
15 6
15 21
16 2
16 6
17 0
17 9
18 17
18 20
19 5
19 11
20 7
20 13
21 5
21 12

# solution 20
# n=22 sym=rot2 status=verified source=flammenkamp_cache/n22_rot2
# code=:CH6EAE4J169J0DIK3G05AD8BGL5I138L2CFK2H7B7F49
0 12
0 17
1 6
1 14
2 10
2 14
3 4
3 19
4 1
4 6
5 9
5 19
6 0
6 13
7 18
7 20
8 3
8 16
9 0
9 5
10 10
10 13
11 8
11 11
12 16
12 21
13 5
13 18
14 1
14 3
15 8
15 21
16 2
16 12
17 15
17 20
18 2
18 17
19 7
19 11
20 7
20 15
21 4
21 9

# solution 21
# n=22 sym=rot2 status=verified source=flammenkamp_cache/n22_rot2
# code=:CE8CGH56BH1L1E6I23JLAD8B02IJ3F7K0K4AFG459D79
0 12
0 14
1 8
1 12
2 16
2 17
3 5
3 6
4 11
4 17
5 1
5 21
6 1
6 14
7 6
7 18
8 2
8 3
9 19
9 21
10 10
10 13
11 8
11 11
12 0
12 2
13 18
13 19
14 3
14 15
15 7
15 20
16 0
16 20
17 4
17 10
18 15
18 16
19 4
19 5
20 9
20 13
21 7
21 9

# solution 22
# n=22 sym=rot2 status=verified source=flammenkamp_cache/n22_rot2
# code=:AD67GJ4CCE6LHJ3513KLAD8B01IKGI240F799H25EF8B
0 10
0 13
1 6
1 7
2 16
2 19
3 4
3 12
4 12
4 14
5 6
5 21
6 17
6 19
7 3
7 5
8 1
8 3
9 20
9 21
10 10
10 13
11 8
11 11
12 0
12 1
13 18
13 20
14 16
14 18
15 2
15 4
16 0
16 15
17 7
17 9
18 9
18 17
19 2
19 5
20 14
20 15
21 8
21 11

# solution 23
# n=22 sym=rot2 status=verified source=flammenkamp_cache/n22_rot2
# code=:7C0C48FJ7J4LBF351I5KAD8B1G3KGI6A0H2E26DH9L9E
0 7
0 12
1 0
1 12
2 4
2 8
3 15
3 19
4 7
4 19
5 4
5 21
6 11
6 15
7 3
7 5
8 1
8 18
9 5
9 20
10 10
10 13
11 8
11 11
12 1
12 16
13 3
13 20
14 16
14 18
15 6
15 10
16 0
16 17
17 2
17 14
18 2
18 6
19 13
19 17
20 9
20 21
21 9
21 14

# solution 24
# n=22 sym=rot2 status=verified source=flammenkamp_cache/n22_rot2
# code=:9F7C362G027DBK4KGI04AD8BHL351H1A8EJL5JFI9E6C
0 9
0 15
1 7
1 12
2 3
2 6
3 2
3 16
4 0
4 2
5 7
5 13
6 11
6 20
7 4
7 20
8 16
8 18
9 0
9 4
10 10
10 13
11 8
11 11
12 17
12 21
13 3
13 5
14 1
14 17
15 1
15 10
16 8
16 14
17 19
17 21
18 5
18 19
19 15
19 18
20 9
20 14
21 6
21 12

# solution 25
# n=22 sym=rot2 status=verified source=flammenkamp_cache/n22_rot2
# code=:9F7C36GJ027DBK4KGI04AD8BHL351H1A8EJL25FI9E6C
0 9
0 15
1 7
1 12
2 3
2 6
3 16
3 19
4 0
4 2
5 7
5 13
6 11
6 20
7 4
7 20
8 16
8 18
9 0
9 4
10 10
10 13
11 8
11 11
12 17
12 21
13 3
13 5
14 1
14 17
15 1
15 10
16 8
16 14
17 19
17 21
18 2
18 5
19 15
19 18
20 9
20 14
21 6
21 12

# solution 26
# n=22 sym=rot2 status=verified source=flammenkamp_cache/n22_rot2
# code=:AC3CFHFJ571L018EIJ45AD8BGH237DKL0KEG26469I9B
0 10
0 12
1 3
1 12
2 15
2 17
3 15
3 19
4 5
4 7
5 1
5 21
6 0
6 1
7 8
7 14
8 18
8 19
9 4
9 5
10 10
10 13
11 8
11 11
12 16
12 17
13 2
13 3
14 7
14 13
15 20
15 21
16 0
16 20
17 14
17 16
18 2
18 6
19 4
19 6
20 9
20 18
21 9
21 11

# solution 27
# n=22 sym=rot2 status=verified source=flammenkamp_cache/n22_rot2
# code=:CD69EG45EL6A03IK12HJAD8B24JK13ILBF07GH57CF89
0 12
0 13
1 6
1 9
2 14
2 16
3 4
3 5
4 14
4 21
5 6
5 10
6 0
6 3
7 18
7 20
8 1
8 2
9 17
9 19
10 10
10 13
11 8
11 11
12 2
12 4
13 19
13 20
14 1
14 3
15 18
15 21
16 11
16 15
17 0
17 7
18 16
18 17
19 5
19 7
20 12
20 15
21 8
21 9

# solution 28
# n=22 sym=rot2 status=verified source=flammenkamp_cache/n22_rot2
# code=:9F7F7C143LAJ8G4I2G1LAD8B0K5J3H5D2B0IHK9E6E6C
0 9
0 15
1 7
1 15
2 7
2 12
3 1
3 4
4 3
4 21
5 10
5 19
6 8
6 16
7 4
7 18
8 2
8 16
9 1
9 21
10 10
10 13
11 8
11 11
12 0
12 20
13 5
13 19
14 3
14 17
15 5
15 13
16 2
16 11
17 0
17 18
18 17
18 20
19 9
19 14
20 6
20 14
21 6
21 12

# solution 29
# n=22 sym=rot2 status=verified source=flammenkamp_cache/n22_rot2
# code=:7DACCGFJ3517FJ4I01HLAD8B04KL3H26EKGI26599B8E
0 7
0 13
1 10
1 12
2 12
2 16
3 15
3 19
4 3
4 5
5 1
5 7
6 15
6 19
7 4
7 18
8 0
8 1
9 17
9 21
10 10
10 13
11 8
11 11
12 0
12 4
13 20
13 21
14 3
14 17
15 2
15 6
16 14
16 20
17 16
17 18
18 2
18 6
19 5
19 9
20 9
20 11
21 8
21 14

# solution 30
# n=22 sym=rot2 status=verified source=flammenkamp_cache/n22_rot2
# code=:AF9H579IEG4L2D6I0K2KAD8B1J1L3F8J0H573CEG4C6B
0 10
0 15
1 9
1 17
2 5
2 7
3 9
3 18
4 14
4 16
5 4
5 21
6 2
6 13
7 6
7 18
8 0
8 20
9 2
9 20
10 10
10 13
11 8
11 11
12 1
12 19
13 1
13 21
14 3
14 15
15 8
15 19
16 0
16 17
17 5
17 7
18 3
18 12
19 14
19 16
20 4
20 12
21 6
21 11

# solution 31
# n=22 sym=rot2 status=verified source=flammenkamp_cache/n22_rot2
# code=:9E7BFI2C5F1L48IK052HAD8B4JGL13DH0K6G9J36AE7C
0 9
0 14
1 7
1 11
2 15
2 18
3 2
3 12
4 5
4 15
5 1
5 21
6 4
6 8
7 18
7 20
8 0
8 5
9 2
9 17
10 10
10 13
11 8
11 11
12 4
12 19
13 16
13 21
14 1
14 3
15 13
15 17
16 0
16 20
17 6
17 16
18 9
18 19
19 3
19 6
20 10
20 14
21 7
21 12

# solution 32
# n=22 sym=rot2 status=verified source=flammenkamp_cache/n22_rot2
# code=:699FDE1G033AEJ2H45KLAD8B01GH4J27BIIL5K786CCF
0 6
0 9
1 9
1 15
2 13
2 14
3 1
3 16
4 0
4 3
5 3
5 10
6 14
6 19
7 2
7 17
8 4
8 5
9 20
9 21
10 10
10 13
11 8
11 11
12 0
12 1
13 16
13 17
14 4
14 19
15 2
15 7
16 11
16 18
17 18
17 21
18 5
18 20
19 7
19 8
20 6
20 12
21 12
21 15

# solution 33
# n=22 sym=rot2 status=verified source=flammenkamp_cache/n22_rot2
# code=:CE3C8BFH357LFJ1401GJAD8B25KLHK260EGI46AD9I79
0 12
0 14
1 3
1 12
2 8
2 11
3 15
3 17
4 3
4 5
5 7
5 21
6 15
6 19
7 1
7 4
8 0
8 1
9 16
9 19
10 10
10 13
11 8
11 11
12 2
12 5
13 20
13 21
14 17
14 20
15 2
15 6
16 0
16 14
17 16
17 18
18 4
18 6
19 10
19 13
20 9
20 18
21 7
21 9

# solution 34
# n=22 sym=rot2 status=verified source=flammenkamp_cache/n22_rot2
# code=:CECI8BFH357LFJ1401GJAD8B25KLHK260EGI46AD3979
0 12
0 14
1 12
1 18
2 8
2 11
3 15
3 17
4 3
4 5
5 7
5 21
6 15
6 19
7 1
7 4
8 0
8 1
9 16
9 19
10 10
10 13
11 8
11 11
12 2
12 5
13 20
13 21
14 17
14 20
15 2
15 6
16 0
16 14
17 16
17 18
18 4
18 6
19 10
19 13
20 3
20 9
21 7
21 9

# solution 35
# n=22 sym=rot2 status=verified source=flammenkamp_cache/n22_rot2
# code=:7CFI8ACG254JFL14IL1D7ABE8K03HK062HGJ59BD369E
0 7
0 12
1 15
1 18
2 8
2 10
3 12
3 16
4 2
4 5
5 4
5 19
6 15
6 21
7 1
7 4
8 18
8 21
9 1
9 13
10 7
10 10
11 11
11 14
12 8
12 20
13 0
13 3
14 17
14 20
15 0
15 6
16 2
16 17
17 16
17 19
18 5
18 9
19 11
19 13
20 3
20 6
21 9
21 14

# solution 36
# n=22 sym=rot2 status=verified source=flammenkamp_cache/n22_rot2
# code=:468C1G7J6C0I5H1JADIL7ABE038B2K4G3L9F2E5K9DFH
0 4
0 6
1 8
1 12
2 1
2 16
3 7
3 19
4 6
4 12
5 0
5 18
6 5
6 17
7 1
7 19
8 10
8 13
9 18
9 21
10 7
10 10
11 11
11 14
12 0
12 3
13 8
13 11
14 2
14 20
15 4
15 16
16 3
16 21
17 9
17 15
18 2
18 14
19 5
19 20
20 9
20 13
21 15
21 17

# solution 37
# n=22 sym=rot2 status=verified source=flammenkamp_cache/n22_rot2
# code=:8A8EGH59HJ1613FL39JL7ABE02CI06IKFK24CG457DBD
0 8
0 10
1 8
1 14
2 16
2 17
3 5
3 9
4 17
4 19
5 1
5 6
6 1
6 3
7 15
7 21
8 3
8 9
9 19
9 21
10 7
10 10
11 11
11 14
12 0
12 2
13 12
13 18
14 0
14 6
15 18
15 20
16 15
16 20
17 2
17 4
18 12
18 16
19 4
19 5
20 7
20 13
21 11
21 13

# solution 38
# n=22 sym=rot2 status=verified source=flammenkamp_cache/n22_rot2
# code=:GH388H6CBL171G6L23CJAE7B29IJ0F5KEK0A9F4DDI45
0 16
0 17
1 3
1 8
2 8
2 17
3 6
3 12
4 11
4 21
5 1
5 7
6 1
6 16
7 6
7 21
8 2
8 3
9 12
9 19
10 10
10 14
11 7
11 11
12 2
12 9
13 18
13 19
14 0
14 15
15 5
15 20
16 14
16 20
17 0
17 10
18 9
18 15
19 4
19 13
20 13
20 18
21 4
21 5

# solution 39
# n=22 sym=rot2 status=verified source=flammenkamp_cache/n22_rot2
# code=:3D7CGJ46BDHL0KCK3625AE7BGJFI191L048AFH259E8I
0 3
0 13
1 7
1 12
2 16
2 19
3 4
3 6
4 11
4 13
5 17
5 21
6 0
6 20
7 12
7 20
8 3
8 6
9 2
9 5
10 10
10 14
11 7
11 11
12 16
12 19
13 15
13 18
14 1
14 9
15 1
15 21
16 0
16 4
17 8
17 10
18 15
18 17
19 2
19 5
20 9
20 14
21 8
21 18

# solution 40
# n=22 sym=rot2 status=verified source=flammenkamp_cache/n22_rot2
# code=:ADDF59HI3E6K2419JL0GAE7B5L02CKHJ1F7I34CG688B
0 10
0 13
1 13
1 15
2 5
2 9
3 17
3 18
4 3
4 14
5 6
5 20
6 2
6 4
7 1
7 9
8 19
8 21
9 0
9 16
10 10
10 14
11 7
11 11
12 5
12 21
13 0
13 2
14 12
14 20
15 17
15 19
16 1
16 15
17 7
17 18
18 3
18 4
19 12
19 16
20 6
20 8
21 8
21 11

# solution 41
# n=22 sym=rot2 status=verified source=flammenkamp_cache/n22_rot2
# code=:169DDG4C6AEIGK020I24AE7BHJ3LJL1537BF9H588CFK
0 1
0 6
1 9
1 13
2 13
2 16
3 4
3 12
4 6
4 10
5 14
5 18
6 16
6 20
7 0
7 2
8 0
8 18
9 2
9 4
10 10
10 14
11 7
11 11
12 17
12 19
13 3
13 21
14 19
14 21
15 1
15 5
16 3
16 7
17 11
17 15
18 9
18 17
19 5
19 8
20 8
20 12
21 15
21 20

# solution 42
# n=22 sym=rot2 status=verified source=flammenkamp_cache/n22_rot2
# code=:6BDE38CI161CHJGL0524AE7BHJGL05249KFK39DI78AF
0 6
0 11
1 13
1 14
2 3
2 8
3 12
3 18
4 1
4 6
5 1
5 12
6 17
6 19
7 16
7 21
8 0
8 5
9 2
9 4
10 10
10 14
11 7
11 11
12 17
12 19
13 16
13 21
14 0
14 5
15 2
15 4
16 9
16 20
17 15
17 20
18 3
18 9
19 13
19 18
20 7
20 8
21 10
21 15

# solution 43
# n=22 sym=rot2 status=verified source=flammenkamp_cache/n22_rot2
# code=:6C9IDG1K7G3602ALDH4JAE7B2H480BJLFI5E1K583C9F
0 6
0 12
1 9
1 18
2 13
2 16
3 1
3 20
4 7
4 16
5 3
5 6
6 0
6 2
7 10
7 21
8 13
8 17
9 4
9 19
10 10
10 14
11 7
11 11
12 2
12 17
13 4
13 8
14 0
14 11
15 19
15 21
16 15
16 18
17 5
17 14
18 1
18 20
19 5
19 8
20 3
20 12
21 9
21 15

# solution 44
# n=22 sym=rot2 status=verified source=flammenkamp_cache/n22_rot2
# code=:3GBDDH9K3629GK6E0204AE7BHLJL7F15CJFI1C488A5I
0 3
0 16
1 11
1 13
2 13
2 17
3 9
3 20
4 3
4 6
5 2
5 9
6 16
6 20
7 6
7 14
8 0
8 2
9 0
9 4
10 10
10 14
11 7
11 11
12 17
12 21
13 19
13 21
14 7
14 15
15 1
15 5
16 12
16 19
17 15
17 18
18 1
18 12
19 4
19 8
20 8
20 10
21 5
21 18

# solution 45
# n=22 sym=rot2 status=verified source=flammenkamp_cache/n22_rot2
# code=:59DH7JDG1A6CJK06043IAE7B3IHLFL129FBK582E48CG
0 5
0 9
1 13
1 17
2 7
2 19
3 13
3 16
4 1
4 10
5 6
5 12
6 19
6 20
7 0
7 6
8 0
8 4
9 3
9 18
10 10
10 14
11 7
11 11
12 3
12 18
13 17
13 21
14 15
14 21
15 1
15 2
16 9
16 15
17 11
17 20
18 5
18 8
19 2
19 14
20 4
20 8
21 12
21 16

# solution 46
# n=22 sym=rot2 status=verified source=flammenkamp_cache/n22_rot2
# code=:9E3GDF249FHL8KBK0523AE7BIJGL1A1D046CHJ685I7C
0 9
0 14
1 3
1 16
2 13
2 15
3 2
3 4
4 9
4 15
5 17
5 21
6 8
6 20
7 11
7 20
8 0
8 5
9 2
9 3
10 10
10 14
11 7
11 11
12 18
12 19
13 16
13 21
14 1
14 10
15 1
15 13
16 0
16 4
17 6
17 12
18 17
18 19
19 6
19 8
20 5
20 18
21 7
21 12

# solution 47
# n=22 sym=rot2 status=verified source=flammenkamp_cache/n22_rot2
# code=:BDDHCH2669015KEGIJ03AE7BIL23571GKLCFFJ49488A
0 11
0 13
1 13
1 17
2 12
2 17
3 2
3 6
4 6
4 9
5 0
5 1
6 5
6 20
7 14
7 16
8 18
8 19
9 0
9 3
10 10
10 14
11 7
11 11
12 18
12 21
13 2
13 3
14 5
14 7
15 1
15 16
16 20
16 21
17 12
17 15
18 15
18 19
19 4
19 9
20 4
20 8
21 8
21 10

# solution 48
# n=22 sym=rot2 status=verified source=flammenkamp_cache/n22_rot2
# code=:4E9IDF155K480FAC02IJAE7B23JL9B6LDH1GGK683C7H
0 4
0 14
1 9
1 18
2 13
2 15
3 1
3 5
4 5
4 20
5 4
5 8
6 0
6 15
7 10
7 12
8 0
8 2
9 18
9 19
10 10
10 14
11 7
11 11
12 2
12 3
13 19
13 21
14 9
14 11
15 6
15 21
16 13
16 17
17 1
17 16
18 16
18 20
19 6
19 8
20 3
20 12
21 7
21 17

# solution 49
# n=22 sym=rot2 status=verified source=flammenkamp_cache/n22_rot2
# code=:594D9FDF351AEK0402IJAE7B23JLHL17BKGI686C8HCG
0 5
0 9
1 4
1 13
2 9
2 15
3 13
3 15
4 3
4 5
5 1
5 10
6 14
6 20
7 0
7 4
8 0
8 2
9 18
9 19
10 10
10 14
11 7
11 11
12 2
12 3
13 19
13 21
14 17
14 21
15 1
15 7
16 11
16 20
17 16
17 18
18 6
18 8
19 6
19 12
20 8
20 17
21 12
21 16

# solution 50
# n=22 sym=rot2 status=verified source=flammenkamp_cache/n22_rot2
# code=:CG8A569I1E4KHJ6D0LIJAE7B230L8F241H7K3CFGBD59
0 12
0 16
1 8
1 10
2 5
2 6
3 9
3 18
4 1
4 14
5 4
5 20
6 17
6 19
7 6
7 13
8 0
8 21
9 18
9 19
10 10
10 14
11 7
11 11
12 2
12 3
13 0
13 21
14 8
14 15
15 2
15 4
16 1
16 17
17 7
17 20
18 3
18 12
19 15
19 16
20 11
20 13
21 5
21 9

# solution 51
# n=22 sym=rot2 status=verified source=flammenkamp_cache/n22_rot2
# code=:DI049D5BFG240KCE261IAE7B3KFJ791LHJ56AG8CHL38
0 13
0 18
1 0
1 4
2 9
2 13
3 5
3 11
4 15
4 16
5 2
5 4
6 0
6 20
7 12
7 14
8 2
8 6
9 1
9 18
10 10
10 14
11 7
11 11
12 3
12 20
13 15
13 19
14 7
14 9
15 1
15 21
16 17
16 19
17 5
17 6
18 10
18 16
19 8
19 12
20 17
20 21
21 3
21 8

# solution 52
# n=22 sym=rot2 status=verified source=flammenkamp_cache/n22_rot2
# code=:5D9D3J69BE16GH4L02IKAE7B13JL0H45FK7ACF2I8C8G
0 5
0 13
1 9
1 13
2 3
2 19
3 6
3 9
4 11
4 14
5 1
5 6
6 16
6 17
7 4
7 21
8 0
8 2
9 18
9 20
10 10
10 14
11 7
11 11
12 1
12 3
13 19
13 21
14 0
14 17
15 4
15 5
16 15
16 20
17 7
17 10
18 12
18 15
19 2
19 18
20 8
20 12
21 8
21 16

# solution 53
# n=22 sym=rot2 status=verified source=flammenkamp_cache/n22_rot2
# code=:6CBG784I9F148I0L5J12AE7BJK2G0L3DHK6C3HDE5A9F
0 6
0 12
1 11
1 16
2 7
2 8
3 4
3 18
4 9
4 15
5 1
5 4
6 8
6 18
7 0
7 21
8 5
8 19
9 1
9 2
10 10
10 14
11 7
11 11
12 19
12 20
13 2
13 16
14 0
14 21
15 3
15 13
16 17
16 20
17 6
17 12
18 3
18 17
19 13
19 14
20 5
20 10
21 9
21 15

# solution 54
# n=22 sym=rot2 status=verified source=flammenkamp_cache/n22_rot2
# code=:6D8F4CEK3J9H155AIL02AE7BJL03BGGK4C2I179H6D8F
0 6
0 13
1 8
1 15
2 4
2 12
3 14
3 20
4 3
4 19
5 9
5 17
6 1
6 5
7 5
7 10
8 18
8 21
9 0
9 2
10 10
10 14
11 7
11 11
12 19
12 21
13 0
13 3
14 11
14 16
15 16
15 20
16 4
16 12
17 2
17 18
18 1
18 7
19 9
19 17
20 6
20 13
21 8
21 15

# solution 55
# n=22 sym=rot2 status=verified source=flammenkamp_cache/n22_rot2
# code=:EF9H8C8K5J3BFK5I0402AE7BJLHL3G16AI2G1D9D4C67
0 14
0 15
1 9
1 17
2 8
2 12
3 8
3 20
4 5
4 19
5 3
5 11
6 15
6 20
7 5
7 18
8 0
8 4
9 0
9 2
10 10
10 14
11 7
11 11
12 19
12 21
13 17
13 21
14 3
14 16
15 1
15 6
16 10
16 18
17 2
17 16
18 1
18 13
19 9
19 13
20 4
20 12
21 6
21 7

# solution 56
# n=22 sym=rot2 status=verified source=flammenkamp_cache/n22_rot2
# code=:CF343H9DGK8AJKEG060JAE7B2LFL5712BD158C4IHI69
0 12
0 15
1 3
1 4
2 3
2 17
3 9
3 13
4 16
4 20
5 8
5 10
6 19
6 20
7 14
7 16
8 0
8 6
9 0
9 19
10 10
10 14
11 7
11 11
12 2
12 21
13 15
13 21
14 5
14 7
15 1
15 2
16 11
16 13
17 1
17 5
18 8
18 12
19 4
19 18
20 17
20 18
21 6
21 9

# solution 57
# n=22 sym=rot2 status=verified source=flammenkamp_cache/n22_rot2
# code=:CF343H9DGK8AJKEG6L0JAE7B2L0F5712BD158C4IHI69
0 12
0 15
1 3
1 4
2 3
2 17
3 9
3 13
4 16
4 20
5 8
5 10
6 19
6 20
7 14
7 16
8 6
8 21
9 0
9 19
10 10
10 14
11 7
11 11
12 2
12 21
13 0
13 15
14 5
14 7
15 1
15 2
16 11
16 13
17 1
17 5
18 8
18 12
19 4
19 18
20 17
20 18
21 6
21 9

# solution 58
# n=22 sym=rot2 status=verified source=flammenkamp_cache/n22_rot2
# code=:787D4BGI39FK0K249G026ABFJL5CHJ1L16CI35AH8EDE
0 7
0 8
1 7
1 13
2 4
2 11
3 16
3 18
4 3
4 9
5 15
5 20
6 0
6 20
7 2
7 4
8 9
8 16
9 0
9 2
10 6
10 10
11 11
11 15
12 19
12 21
13 5
13 12
14 17
14 19
15 1
15 21
16 1
16 6
17 12
17 18
18 3
18 5
19 10
19 17
20 8
20 14
21 13
21 14

# solution 59
# n=22 sym=rot2 status=verified source=flammenkamp_cache/n22_rot2
# code=:787D4BGI39FK0K249G0J6ABF2L5CHJ1L16CI35AH8EDE
0 7
0 8
1 7
1 13
2 4
2 11
3 16
3 18
4 3
4 9
5 15
5 20
6 0
6 20
7 2
7 4
8 9
8 16
9 0
9 19
10 6
10 10
11 11
11 15
12 2
12 21
13 5
13 12
14 17
14 19
15 1
15 21
16 1
16 6
17 12
17 18
18 3
18 5
19 10
19 17
20 8
20 14
21 13
21 14

# solution 60
# n=22 sym=rot2 status=verified source=flammenkamp_cache/n22_rot2
# code=:4G9B7D9I2EIK4518FL026ABFJL06DKGH137J3C8EAC5H
0 4
0 16
1 9
1 11
2 7
2 13
3 9
3 18
4 2
4 14
5 18
5 20
6 4
6 5
7 1
7 8
8 15
8 21
9 0
9 2
10 6
10 10
11 11
11 15
12 19
12 21
13 0
13 6
14 13
14 20
15 16
15 17
16 1
16 3
17 7
17 19
18 3
18 12
19 8
19 14
20 10
20 12
21 5
21 17

# solution 61
# n=22 sym=rot2 status=verified source=flammenkamp_cache/n22_rot2
# code=:269D5L7D2HCEGI1A1L4I6ABF3H0KBK35794J8E0G8CFJ
0 2
0 6
1 9
1 13
2 5
2 21
3 7
3 13
4 2
4 17
5 12
5 14
6 16
6 18
7 1
7 10
8 1
8 21
9 4
9 18
10 6
10 10
11 11
11 15
12 3
12 17
13 0
13 20
14 11
14 20
15 3
15 5
16 7
16 9
17 4
17 19
18 8
18 14
19 0
19 16
20 8
20 12
21 15
21 19

# solution 62
# n=22 sym=rot2 status=verified source=flammenkamp_cache/n22_rot2
# code=:9A3F388G0E2GCJ04HKEK6ABF1714HL295J7L5DDI6IBC
0 9
0 10
1 3
1 15
2 3
2 8
3 8
3 16
4 0
4 14
5 2
5 16
6 12
6 19
7 0
7 4
8 17
8 20
9 14
9 20
10 6
10 10
11 11
11 15
12 1
12 7
13 1
13 4
14 17
14 21
15 2
15 9
16 5
16 19
17 7
17 21
18 5
18 13
19 13
19 18
20 6
20 18
21 11
21 12

# solution 63
# n=22 sym=rot2 status=verified source=flammenkamp_cache/n22_rot2
# code=:8I35AK9E57KLCH28FL246ABFHJ06DJ4901EG7C1BGI3D
0 8
0 18
1 3
1 5
2 10
2 20
3 9
3 14
4 5
4 7
5 20
5 21
6 12
6 17
7 2
7 8
8 15
8 21
9 2
9 4
10 6
10 10
11 11
11 15
12 17
12 19
13 0
13 6
14 13
14 19
15 4
15 9
16 0
16 1
17 14
17 16
18 7
18 12
19 1
19 11
20 16
20 18
21 3
21 13

# solution 64
# n=22 sym=rot2 status=verified source=flammenkamp_cache/n22_rot2
# code=:4E891G8BEG2IFL4912IL6ABF03JKCH063J57AD5KCD7H
0 4
0 14
1 8
1 9
2 1
2 16
3 8
3 11
4 14
4 16
5 2
5 18
6 15
6 21
7 4
7 9
8 1
8 2
9 18
9 21
10 6
10 10
11 11
11 15
12 0
12 3
13 19
13 20
14 12
14 17
15 0
15 6
16 3
16 19
17 5
17 7
18 10
18 13
19 5
19 20
20 12
20 13
21 7
21 17

# solution 65
# n=22 sym=rot2 status=verified source=flammenkamp_cache/n22_rot2
# code=:5D89CI5K0E6J0H4A27IKAF6B13EJBH4L2F7L1G39CD8G
0 5
0 13
1 8
1 9
2 12
2 18
3 5
3 20
4 0
4 14
5 6
5 19
6 0
6 17
7 4
7 10
8 2
8 7
9 18
9 20
10 10
10 15
11 6
11 11
12 1
12 3
13 14
13 19
14 11
14 17
15 4
15 21
16 2
16 15
17 7
17 21
18 1
18 16
19 3
19 9
20 12
20 13
21 8
21 16

# solution 66
# n=22 sym=rot2 status=verified source=flammenkamp_cache/n22_rot2
# code=:2F595H7D13CD0H2EAK03AF6BIL1B7J4L89IK8E4GCG6J
0 2
0 15
1 5
1 9
2 5
2 17
3 7
3 13
4 1
4 3
5 12
5 13
6 0
6 17
7 2
7 14
8 10
8 20
9 0
9 3
10 10
10 15
11 6
11 11
12 18
12 21
13 1
13 11
14 7
14 19
15 4
15 21
16 8
16 9
17 18
17 20
18 8
18 14
19 4
19 16
20 12
20 16
21 6
21 19

# solution 67
# n=22 sym=rot2 status=verified source=flammenkamp_cache/n22_rot2
# code=:9D58CL15AE6LHJEJ3413AF6BIKHI27240F7BGK09DG8C
0 9
0 13
1 5
1 8
2 12
2 21
3 1
3 5
4 10
4 14
5 6
5 21
6 17
6 19
7 14
7 19
8 3
8 4
9 1
9 3
10 10
10 15
11 6
11 11
12 18
12 20
13 17
13 18
14 2
14 7
15 2
15 4
16 0
16 15
17 7
17 11
18 16
18 20
19 0
19 9
20 13
20 16
21 8
21 12

# solution 68
# n=22 sym=rot2 status=verified source=flammenkamp_cache/n22_rot2
# code=:CF573CGL2BHJ7D13DH0KAF6B1L48IK8E24AJ059IEG69
0 12
0 15
1 5
1 7
2 3
2 12
3 16
3 21
4 2
4 11
5 17
5 19
6 7
6 13
7 1
7 3
8 13
8 17
9 0
9 20
10 10
10 15
11 6
11 11
12 1
12 21
13 4
13 8
14 18
14 20
15 8
15 14
16 2
16 4
17 10
17 19
18 0
18 5
19 9
19 18
20 14
20 16
21 6
21 9

# solution 69
# n=22 sym=rot2 status=verified source=flammenkamp_cache/n22_rot2
# code=:9D7CGI583F27ALHK12HLAF6B04JK140BEJ6IDG359E8C
0 9
0 13
1 7
1 12
2 16
2 18
3 5
3 8
4 3
4 15
5 2
5 7
6 10
6 21
7 17
7 20
8 1
8 2
9 17
9 21
10 10
10 15
11 6
11 11
12 0
12 4
13 19
13 20
14 1
14 4
15 0
15 11
16 14
16 19
17 6
17 18
18 13
18 16
19 3
19 5
20 9
20 14
21 8
21 12

# solution 70
# n=22 sym=rot2 status=verified source=flammenkamp_cache/n22_rot2
# code=:48CD56CIAEEL135HJL12AF6BJK024GIK077B39FG89DH
0 4
0 8
1 12
1 13
2 5
2 6
3 12
3 18
4 10
4 14
5 14
5 21
6 1
6 3
7 5
7 17
8 19
8 21
9 1
9 2
10 10
10 15
11 6
11 11
12 19
12 20
13 0
13 2
14 4
14 16
15 18
15 20
16 0
16 7
17 7
17 11
18 3
18 9
19 15
19 16
20 8
20 9
21 13
21 17

# solution 71
# n=22 sym=rot2 status=verified source=flammenkamp_cache/n22_rot2
# code=:8FCJ47CI1E8B0K03GH25AF6BGJ45IL1LAD7K39EH296D
0 8
0 15
1 12
1 19
2 4
2 7
3 12
3 18
4 1
4 14
5 8
5 11
6 0
6 20
7 0
7 3
8 16
8 17
9 2
9 5
10 10
10 15
11 6
11 11
12 16
12 19
13 4
13 5
14 18
14 21
15 1
15 21
16 10
16 13
17 7
17 20
18 3
18 9
19 14
19 17
20 2
20 9
21 6
21 13

# solution 72
# n=22 sym=rot2 status=verified source=flammenkamp_cache/n22_rot2
# code=:78CD057C5HFJ033KAK24AF6BHJ1B1IIL264G9EGL89DE
0 7
0 8
1 12
1 13
2 0
2 5
3 7
3 12
4 5
4 17
5 15
5 19
6 0
6 3
7 3
7 20
8 10
8 20
9 2
9 4
10 10
10 15
11 6
11 11
12 17
12 19
13 1
13 11
14 1
14 18
15 18
15 21
16 2
16 6
17 4
17 16
18 9
18 14
19 16
19 21
20 8
20 9
21 13
21 14

# solution 73
# n=22 sym=rot2 status=verified source=flammenkamp_cache/n22_rot2
# code=:797F196HJL238A38GH1L5ABG0K45DIBDIJ024FCK6ECE
0 7
0 9
1 7
1 15
2 1
2 9
3 6
3 17
4 19
4 21
5 2
5 3
6 8
6 10
7 3
7 8
8 16
8 17
9 1
9 21
10 5
10 10
11 11
11 16
12 0
12 20
13 4
13 5
14 13
14 18
15 11
15 13
16 18
16 19
17 0
17 2
18 4
18 15
19 12
19 20
20 6
20 14
21 12
21 14

# solution 74
# n=22 sym=rot2 status=verified source=flammenkamp_cache/n22_rot2
# code=:7J7A4F0C5F13IK4D9DJL5ABG028C8H13IK6G9L6HBE2E
0 7
0 19
1 7
1 10
2 4
2 15
3 0
3 12
4 5
4 15
5 1
5 3
6 18
6 20
7 4
7 13
8 9
8 13
9 19
9 21
10 5
10 10
11 11
11 16
12 0
12 2
13 8
13 12
14 8
14 17
15 1
15 3
16 18
16 20
17 6
17 16
18 9
18 21
19 6
19 17
20 11
20 14
21 2
21 14

# solution 75
# n=22 sym=rot2 status=verified source=flammenkamp_cache/n22_rot2
# code=:6E399J0E561DHJDH3K0A5ABGBL1I48248KFG7L2CCI7F
0 6
0 14
1 3
1 9
2 9
2 19
3 0
3 14
4 5
4 6
5 1
5 13
6 17
6 19
7 13
7 17
8 3
8 20
9 0
9 10
10 5
10 10
11 11
11 16
12 11
12 21
13 1
13 18
14 4
14 8
15 2
15 4
16 8
16 20
17 15
17 16
18 7
18 21
19 2
19 12
20 12
20 18
21 7
21 15

# solution 76
# n=22 sym=rot2 status=verified source=flammenkamp_cache/n22_rot2
# code=:7C36CI2E184LADHK250F5ABG6LGJ148B0HDK7J39FI9E
0 7
0 12
1 3
1 6
2 12
2 18
3 2
3 14
4 1
4 8
5 4
5 21
6 10
6 13
7 17
7 20
8 2
8 5
9 0
9 15
10 5
10 10
11 11
11 16
12 6
12 21
13 16
13 19
14 1
14 4
15 8
15 11
16 0
16 17
17 13
17 20
18 7
18 19
19 3
19 9
20 15
20 18
21 9
21 14

# solution 77
# n=22 sym=rot2 status=verified source=flammenkamp_cache/n22_rot2
# code=:18BF792FCEHI481GJL035ABGIL025KDH34796JCE6ADK
0 1
0 8
1 11
1 15
2 7
2 9
3 2
3 15
4 12
4 14
5 17
5 18
6 4
6 8
7 1
7 16
8 19
8 21
9 0
9 3
10 5
10 10
11 11
11 16
12 18
12 21
13 0
13 2
14 5
14 20
15 13
15 17
16 3
16 4
17 7
17 9
18 6
18 19
19 12
19 14
20 6
20 10
21 13
21 20

# solution 78
# n=22 sym=rot2 status=verified source=flammenkamp_cache/n22_rot2
# code=:EI598C4I171BHJ8FFL2L5ABG0J066D24AKEK3H9DCG37
0 14
0 18
1 5
1 9
2 8
2 12
3 4
3 18
4 1
4 7
5 1
5 11
6 17
6 19
7 8
7 15
8 15
8 21
9 2
9 21
10 5
10 10
11 11
11 16
12 0
12 19
13 0
13 6
14 6
14 13
15 2
15 4
16 10
16 20
17 14
17 20
18 3
18 17
19 9
19 13
20 12
20 16
21 3
21 7

# solution 79
# n=22 sym=rot2 status=verified source=flammenkamp_cache/n22_rot2
# code=:CEBI5F4LCK480EIJDFJK5ABG1268237LDH190H6G3A79
0 12
0 14
1 11
1 18
2 5
2 15
3 4
3 21
4 12
4 20
5 4
5 8
6 0
6 14
7 18
7 19
8 13
8 15
9 19
9 20
10 5
10 10
11 11
11 16
12 1
12 2
13 6
13 8
14 2
14 3
15 7
15 21
16 13
16 17
17 1
17 9
18 0
18 17
19 6
19 16
20 3
20 10
21 7
21 9

# solution 80
# n=22 sym=rot2 status=verified source=flammenkamp_cache/n22_rot2
# code=:8DCF4I7EJK4B09GL36125ABGJKFI05CLAH127E3H698D
0 8
0 13
1 12
1 15
2 4
2 18
3 7
3 14
4 19
4 20
5 4
5 11
6 0
6 9
7 16
7 21
8 3
8 6
9 1
9 2
10 5
10 10
11 11
11 16
12 19
12 20
13 15
13 18
14 0
14 5
15 12
15 21
16 10
16 17
17 1
17 2
18 7
18 14
19 3
19 17
20 6
20 9
21 8
21 13

# solution 81
# n=22 sym=rot2 status=verified source=flammenkamp_cache/n22_rot2
# code=:1CAI46DE6J4D19ILEG0J5ABG2L5703CK8H2F78FH3B9K
0 1
0 12
1 10
1 18
2 4
2 6
3 13
3 14
4 6
4 19
5 4
5 13
6 1
6 9
7 18
7 21
8 14
8 16
9 0
9 19
10 5
10 10
11 11
11 16
12 2
12 21
13 5
13 7
14 0
14 3
15 12
15 20
16 8
16 17
17 2
17 15
18 7
18 8
19 15
19 17
20 3
20 11
21 9
21 20

# solution 82
# n=22 sym=rot2 status=verified source=flammenkamp_cache/n22_rot2
# code=:1CAI46DE6J4D19ILEGJL5ABG025703CK8H2F78FH3B9K
0 1
0 12
1 10
1 18
2 4
2 6
3 13
3 14
4 6
4 19
5 4
5 13
6 1
6 9
7 18
7 21
8 14
8 16
9 19
9 21
10 5
10 10
11 11
11 16
12 0
12 2
13 5
13 7
14 0
14 3
15 12
15 20
16 8
16 17
17 2
17 15
18 7
18 8
19 15
19 17
20 3
20 11
21 9
21 20

# solution 83
# n=22 sym=rot2 status=verified source=flammenkamp_cache/n22_rot2
# code=:CE8H5F190H3EIK2F028A5ABGBDJL6J137I4LCK6G4D79
0 12
0 14
1 8
1 17
2 5
2 15
3 1
3 9
4 0
4 17
5 3
5 14
6 18
6 20
7 2
7 15
8 0
8 2
9 8
9 10
10 5
10 10
11 11
11 16
12 11
12 13
13 19
13 21
14 6
14 19
15 1
15 3
16 7
16 18
17 4
17 21
18 12
18 20
19 6
19 16
20 4
20 13
21 7
21 9

# solution 84
# n=22 sym=rot2 status=verified source=flammenkamp_cache/n22_rot2
# code=:6C8BEH463J9L8E13JL1G5ABG5K02IK7D0C2IFH47AD9F
0 6
0 12
1 8
1 11
2 14
2 17
3 4
3 6
4 3
4 19
5 9
5 21
6 8
6 14
7 1
7 3
8 19
8 21
9 1
9 16
10 5
10 10
11 11
11 16
12 5
12 20
13 0
13 2
14 18
14 20
15 7
15 13
16 0
16 12
17 2
17 18
18 15
18 17
19 4
19 7
20 10
20 13
21 9
21 15

# solution 85
# n=22 sym=rot2 status=verified source=flammenkamp_cache/n22_rot2
# code=:7DCD3F7C23GH2L1HAF01AG5BKL6B4K0J45IJ9E6I898E
0 7
0 13
1 12
1 13
2 3
2 15
3 7
3 12
4 2
4 3
5 16
5 17
6 2
6 21
7 1
7 17
8 10
8 15
9 0
9 1
10 10
10 16
11 5
11 11
12 20
12 21
13 6
13 11
14 4
14 20
15 0
15 19
16 4
16 5
17 18
17 19
18 9
18 14
19 6
19 18
20 8
20 9
21 8
21 14

# solution 86
# n=22 sym=rot2 status=verified source=flammenkamp_cache/n22_rot2
# code=:79361GEI28HLBC48FLJKAG5B1206DH9A04DJ375KFICE
0 7
0 9
1 3
1 6
2 1
2 16
3 14
3 18
4 2
4 8
5 17
5 21
6 11
6 12
7 4
7 8
8 15
8 21
9 19
9 20
10 10
10 16
11 5
11 11
12 1
12 2
13 0
13 6
14 13
14 17
15 9
15 10
16 0
16 4
17 13
17 19
18 3
18 7
19 5
19 20
20 15
20 18
21 12
21 14

# solution 87
# n=22 sym=rot2 status=verified source=flammenkamp_cache/n22_rot2
# code=:ADFK370E28HICL459F12AG5BJK6CGH0934DJ7LEI168B
0 10
0 13
1 15
1 20
2 3
2 7
3 0
3 14
4 2
4 8
5 17
5 18
6 12
6 21
7 4
7 5
8 9
8 15
9 1
9 2
10 10
10 16
11 5
11 11
12 19
12 20
13 6
13 12
14 16
14 17
15 0
15 9
16 3
16 4
17 13
17 19
18 7
18 21
19 14
19 18
20 1
20 6
21 8
21 11

# solution 88
# n=22 sym=rot2 status=verified source=flammenkamp_cache/n22_rot2
# code=:6C8ECL48373JFH5A1LJKAG5B120KBG462IEIDH097D9F
0 6
0 12
1 8
1 14
2 12
2 21
3 4
3 8
4 3
4 7
5 3
5 19
6 15
6 17
7 5
7 10
8 1
8 21
9 19
9 20
10 10
10 16
11 5
11 11
12 1
12 2
13 0
13 20
14 11
14 16
15 4
15 6
16 2
16 18
17 14
17 18
18 13
18 17
19 0
19 9
20 7
20 13
21 9
21 15

# solution 89
# n=22 sym=rot2 status=verified source=flammenkamp_cache/n22_rot2
# code=:6C8ECL8H373JFH5A1LJKAG5B120KBG462IEI4D097D9F
0 6
0 12
1 8
1 14
2 12
2 21
3 8
3 17
4 3
4 7
5 3
5 19
6 15
6 17
7 5
7 10
8 1
8 21
9 19
9 20
10 10
10 16
11 5
11 11
12 1
12 2
13 0
13 20
14 11
14 16
15 4
15 6
16 2
16 18
17 14
17 18
18 4
18 13
19 0
19 9
20 7
20 13
21 9
21 15

# solution 90
# n=22 sym=rot2 status=verified source=flammenkamp_cache/n22_rot2
# code=:4EBD39EK6K26HL295D0IAG5B3L8GCJ04FJ1F17CI8A7H
0 4
0 14
1 11
1 13
2 3
2 9
3 14
3 20
4 6
4 20
5 2
5 6
6 17
6 21
7 2
7 9
8 5
8 13
9 0
9 18
10 10
10 16
11 5
11 11
12 3
12 21
13 8
13 16
14 12
14 19
15 0
15 4
16 15
16 19
17 1
17 15
18 1
18 7
19 12
19 18
20 8
20 10
21 7
21 17

# solution 91
# n=22 sym=rot2 status=verified source=flammenkamp_cache/n22_rot2
# code=:CE89GJ461E6AHL1303DJAG5B28ILIK04BF7KFH25CD79
0 12
0 14
1 8
1 9
2 16
2 19
3 4
3 6
4 1
4 14
5 6
5 10
6 17
6 21
7 1
7 3
8 0
8 3
9 13
9 19
10 10
10 16
11 5
11 11
12 2
12 8
13 18
13 21
14 18
14 20
15 0
15 4
16 11
16 15
17 7
17 20
18 15
18 17
19 2
19 5
20 12
20 13
21 7
21 9

# solution 92
# n=22 sym=rot2 status=verified source=flammenkamp_cache/n22_rot2
# code=:CE89EG461J6AHL1303DJAG5B28ILIK04BF2KFH57CD79
0 12
0 14
1 8
1 9
2 14
2 16
3 4
3 6
4 1
4 19
5 6
5 10
6 17
6 21
7 1
7 3
8 0
8 3
9 13
9 19
10 10
10 16
11 5
11 11
12 2
12 8
13 18
13 21
14 18
14 20
15 0
15 4
16 11
16 15
17 2
17 20
18 15
18 17
19 5
19 7
20 12
20 13
21 7
21 9

# solution 93
# n=22 sym=rot2 status=verified source=flammenkamp_cache/n22_rot2
# code=:7A5H7DFI126K3DCL09HJAG5B24CL098I1FJK368E4GBE
0 7
0 10
1 5
1 17
2 7
2 13
3 15
3 18
4 1
4 2
5 6
5 20
6 3
6 13
7 12
7 21
8 0
8 9
9 17
9 19
10 10
10 16
11 5
11 11
12 2
12 4
13 12
13 21
14 0
14 9
15 8
15 18
16 1
16 15
17 19
17 20
18 3
18 6
19 8
19 14
20 4
20 16
21 11
21 14

# solution 94
# n=22 sym=rot2 status=verified source=flammenkamp_cache/n22_rot2
# code=:89BJ4F08EJ6I043E195KAG5B1GCK7IHL3F27DL6H2ACD
0 8
0 9
1 11
1 19
2 4
2 15
3 0
3 8
4 14
4 19
5 6
5 18
6 0
6 4
7 3
7 14
8 1
8 9
9 5
9 20
10 10
10 16
11 5
11 11
12 1
12 16
13 12
13 20
14 7
14 18
15 17
15 21
16 3
16 15
17 2
17 7
18 13
18 21
19 6
19 17
20 2
20 10
21 12
21 13

# solution 95
# n=22 sym=rot2 status=verified source=flammenkamp_cache/n22_rot2
# code=:69DH7D5K2B6EIJ0309HKAG5B14CLIL237FAJ1G8E48CF
0 6
0 9
1 13
1 17
2 7
2 13
3 5
3 20
4 2
4 11
5 6
5 14
6 18
6 19
7 0
7 3
8 0
8 9
9 17
9 20
10 10
10 16
11 5
11 11
12 1
12 4
13 12
13 21
14 18
14 21
15 2
15 3
16 7
16 15
17 10
17 19
18 1
18 16
19 8
19 14
20 4
20 8
21 12
21 15

# solution 96
# n=22 sym=rot2 status=verified source=flammenkamp_cache/n22_rot2
# code=:AE499F8J3FKL185E4J0IAG5B3L2H7GDK016I2D6CCH7B
0 10
0 14
1 4
1 9
2 9
2 15
3 8
3 19
4 3
4 15
5 20
5 21
6 1
6 8
7 5
7 14
8 4
8 19
9 0
9 18
10 10
10 16
11 5
11 11
12 3
12 21
13 2
13 17
14 7
14 16
15 13
15 20
16 0
16 1
17 6
17 18
18 2
18 13
19 6
19 12
20 12
20 17
21 7
21 11

# solution 97
# n=22 sym=rot2 status=verified source=flammenkamp_cache/n22_rot2
# code=:DE6D0946GJ47AJ1I03CKAG5B19IL3K2BEH25FHCL8F78
0 13
0 14
1 6
1 13
2 0
2 9
3 4
3 6
4 16
4 19
5 4
5 7
6 10
6 19
7 1
7 18
8 0
8 3
9 12
9 20
10 10
10 16
11 5
11 11
12 1
12 9
13 18
13 21
14 3
14 20
15 2
15 11
16 14
16 17
17 2
17 5
18 15
18 17
19 12
19 21
20 8
20 15
21 7
21 8

# solution 98
# n=22 sym=rot2 status=verified source=flammenkamp_cache/n22_rot2
# code=:4B68EI6E2L9I491GDL1JAG5B2K085KCH3C0J7F37DFAH
0 4
0 11
1 6
1 8
2 14
2 18
3 6
3 14
4 2
4 21
5 9
5 18
6 4
6 9
7 1
7 16
8 13
8 21
9 1
9 19
10 10
10 16
11 5
11 11
12 2
12 20
13 0
13 8
14 5
14 20
15 12
15 17
16 3
16 12
17 0
17 19
18 7
18 15
19 3
19 7
20 13
20 15
21 10
21 17

# solution 99
# n=22 sym=rot2 status=verified source=flammenkamp_cache/n22_rot2
# code=:7D260CGJ5917DF1A0IHI4ABH343LBK68EKCG259LFJ8E
0 7
0 13
1 2
1 6
2 0
2 12
3 16
3 19
4 5
4 9
5 1
5 7
6 13
6 15
7 1
7 10
8 0
8 18
9 17
9 18
10 4
10 10
11 11
11 17
12 3
12 4
13 3
13 21
14 11
14 20
15 6
15 8
16 14
16 20
17 12
17 16
18 2
18 5
19 9
19 21
20 15
20 19
21 8
21 14

# solution 100
# n=22 sym=rot2 status=verified source=flammenkamp_cache/n22_rot2
# code=:AC56EF8CEJ235H1L1LDI4ABH380K0K4GIJ279D67FG9B
0 10
0 12
1 5
1 6
2 14
2 15
3 8
3 12
4 14
4 19
5 2
5 3
6 5
6 17
7 1
7 21
8 1
8 21
9 13
9 18
10 4
10 10
11 11
11 17
12 3
12 8
13 0
13 20
14 0
14 20
15 4
15 16
16 18
16 19
17 2
17 7
18 9
18 13
19 6
19 7
20 15
20 16
21 9
21 11

# solution 101
# n=22 sym=rot2 status=verified source=flammenkamp_cache/n22_rot2
# code=:AC587F2C6LHI271LDGIK4ABH13580KEJ340F9J6EDG9B
0 10
0 12
1 5
1 8
2 7
2 15
3 2
3 12
4 6
4 21
5 17
5 18
6 2
6 7
7 1
7 21
8 13
8 16
9 18
9 20
10 4
10 10
11 11
11 17
12 1
12 3
13 5
13 8
14 0
14 20
15 14
15 19
16 3
16 4
17 0
17 15
18 9
18 19
19 6
19 14
20 13
20 16
21 9
21 11

# solution 102
# n=22 sym=rot2 status=verified source=flammenkamp_cache/n22_rot2
# code=:DG296IEK6C12074GADIL4ABH038B5HELJK9F173FCJ58
0 13
0 16
1 2
1 9
2 6
2 18
3 14
3 20
4 6
4 12
5 1
5 2
6 0
6 7
7 4
7 16
8 10
8 13
9 18
9 21
10 4
10 10
11 11
11 17
12 0
12 3
13 8
13 11
14 5
14 17
15 14
15 21
16 19
16 20
17 9
17 15
18 1
18 7
19 3
19 15
20 12
20 19
21 5
21 8

# solution 103
# n=22 sym=rot2 status=verified source=flammenkamp_cache/n22_rot2
# code=:CD6F35AE5DJL9E1H13JL4ABH02IK4K7C028G7BGI6F89
0 12
0 13
1 6
1 15
2 3
2 5
3 10
3 14
4 5
4 13
5 19
5 21
6 9
6 14
7 1
7 17
8 1
8 3
9 19
9 21
10 4
10 10
11 11
11 17
12 0
12 2
13 18
13 20
14 4
14 20
15 7
15 12
16 0
16 2
17 8
17 16
18 7
18 11
19 16
19 18
20 6
20 15
21 8
21 9

# solution 104
# n=22 sym=rot2 status=verified source=flammenkamp_cache/n22_rot2
# code=:8L254B0E59EF9D1I6I124ABHJK3F3K8C67CG7LAHGJ0D
0 8
0 21
1 2
1 5
2 4
2 11
3 0
3 14
4 5
4 9
5 14
5 15
6 9
6 13
7 1
7 18
8 6
8 18
9 1
9 2
10 4
10 10
11 11
11 17
12 19
12 20
13 3
13 15
14 3
14 20
15 8
15 12
16 6
16 7
17 12
17 16
18 7
18 21
19 10
19 17
20 16
20 19
21 0
21 13

# solution 105
# n=22 sym=rot2 status=verified source=flammenkamp_cache/n22_rot2
# code=:DG6G9AJL037J9D36HK1E4ABH7K14FI8C2EIL02BC5F58
0 13
0 16
1 6
1 16
2 9
2 10
3 19
3 21
4 0
4 3
5 7
5 19
6 9
6 13
7 3
7 6
8 17
8 20
9 1
9 14
10 4
10 10
11 11
11 17
12 7
12 20
13 1
13 4
14 15
14 18
15 8
15 12
16 2
16 14
17 18
17 21
18 0
18 2
19 11
19 12
20 5
20 15
21 5
21 8

# solution 106
# n=22 sym=rot2 status=verified source=flammenkamp_cache/n22_rot2
# code=:CEIJ7A05FK6D043J9DGK4ABH158C2IHL8F16GLBE2379
0 12
0 14
1 18
1 19
2 7
2 10
3 0
3 5
4 15
4 20
5 6
5 13
6 0
6 4
7 3
7 19
8 9
8 13
9 16
9 20
10 4
10 10
11 11
11 17
12 1
12 5
13 8
13 12
14 2
14 18
15 17
15 21
16 8
16 15
17 1
17 6
18 16
18 21
19 11
19 14
20 2
20 3
21 7
21 9

# solution 107
# n=22 sym=rot2 status=verified source=flammenkamp_cache/n22_rot2
# code=:9G6EAH2DJK7G390I6L1D4ABH8K0F3LCI5E128J4B7F5C
0 9
0 16
1 6
1 14
2 10
2 17
3 2
3 13
4 19
4 20
5 7
5 16
6 3
6 9
7 0
7 18
8 6
8 21
9 1
9 13
10 4
10 10
11 11
11 17
12 8
12 20
13 0
13 15
14 3
14 21
15 12
15 18
16 5
16 14
17 1
17 2
18 8
18 19
19 4
19 11
20 7
20 15
21 5
21 12

# solution 108
# n=22 sym=rot2 status=verified source=flammenkamp_cache/n22_rot2
# code=:59EFAH2DJK7G390I6L1D4ABH8K0F3LCI5E128J4B67CG
0 5
0 9
1 14
1 15
2 10
2 17
3 2
3 13
4 19
4 20
5 7
5 16
6 3
6 9
7 0
7 18
8 6
8 21
9 1
9 13
10 4
10 10
11 11
11 17
12 8
12 20
13 0
13 15
14 3
14 21
15 12
15 18
16 5
16 14
17 1
17 2
18 8
18 19
19 4
19 11
20 6
20 7
21 12
21 16

# solution 109
# n=22 sym=rot2 status=verified source=flammenkamp_cache/n22_rot2
# code=:HI7A7D5D2C26GI0K9F014ABHKL6C1L35FJ9J8G8EBE34
0 17
0 18
1 7
1 10
2 7
2 13
3 5
3 13
4 2
4 12
5 2
5 6
6 16
6 18
7 0
7 20
8 9
8 15
9 0
9 1
10 4
10 10
11 11
11 17
12 20
12 21
13 6
13 12
14 1
14 21
15 3
15 5
16 15
16 19
17 9
17 19
18 8
18 16
19 8
19 14
20 11
20 14
21 3
21 4

# solution 110
# n=22 sym=rot2 status=verified source=flammenkamp_cache/n22_rot2
# code=:5C7J37CD5F23AD0K6H1L4ABH0K4F1L8BIJ6G89EI2E9G
0 5
0 12
1 7
1 19
2 3
2 7
3 12
3 13
4 5
4 15
5 2
5 3
6 10
6 13
7 0
7 20
8 6
8 17
9 1
9 21
10 4
10 10
11 11
11 17
12 0
12 20
13 4
13 15
14 1
14 21
15 8
15 11
16 18
16 19
17 6
17 16
18 8
18 9
19 14
19 18
20 2
20 14
21 9
21 16

# solution 111
# n=22 sym=rot2 status=verified source=flammenkamp_cache/n22_rot2
# code=:DG59DE6IEI6C2LHL12AK4ABH1BJK040J9F373F78CG58
0 13
0 16
1 5
1 9
2 13
2 14
3 6
3 18
4 14
4 18
5 6
5 12
6 2
6 21
7 17
7 21
8 1
8 2
9 10
9 20
10 4
10 10
11 11
11 17
12 1
12 11
13 19
13 20
14 0
14 4
15 0
15 19
16 9
16 15
17 3
17 7
18 3
18 15
19 7
19 8
20 12
20 16
21 5
21 8

# solution 112
# n=22 sym=rot2 status=verified source=flammenkamp_cache/n22_rot2
# code=:3FBE9IDG6C2K7D2L4G0K4ABH1L5H0J8E1J9F583C7A6I
0 3
0 15
1 11
1 14
2 9
2 18
3 13
3 16
4 6
4 12
5 2
5 20
6 7
6 13
7 2
7 21
8 4
8 16
9 0
9 20
10 4
10 10
11 11
11 17
12 1
12 21
13 5
13 17
14 0
14 19
15 8
15 14
16 1
16 19
17 9
17 15
18 5
18 8
19 3
19 12
20 7
20 10
21 6
21 18

# solution 113
# n=22 sym=rot2 status=verified source=flammenkamp_cache/n22_rot2
# code=:EH78CJ8C3F1B35FJ05KLAH4B01GL26GIAK6I9D29DE47
0 14
0 17
1 7
1 8
2 12
2 19
3 8
3 12
4 3
4 15
5 1
5 11
6 3
6 5
7 15
7 19
8 0
8 5
9 20
9 21
10 10
10 17
11 4
11 11
12 0
12 1
13 16
13 21
14 2
14 6
15 16
15 18
16 10
16 20
17 6
17 18
18 9
18 13
19 2
19 9
20 13
20 14
21 4
21 7

# solution 114
# n=22 sym=rot2 status=verified source=flammenkamp_cache/n22_rot2
# code=:GKBF388C7F3J275H1L0CAH4B9L0K4GEJ2I6E9DDI6A15
0 16
0 20
1 11
1 15
2 3
2 8
3 8
3 12
4 7
4 15
5 3
5 19
6 2
6 7
7 5
7 17
8 1
8 21
9 0
9 12
10 10
10 17
11 4
11 11
12 9
12 21
13 0
13 20
14 4
14 16
15 14
15 19
16 2
16 18
17 6
17 14
18 9
18 13
19 13
19 18
20 6
20 10
21 1
21 5

# solution 115
# n=22 sym=rot2 status=verified source=flammenkamp_cache/n22_rot2
# code=:EH35CF68CE381A1GJL02AH4BJL025KBKDI79DF69GI47
0 14
0 17
1 3
1 5
2 12
2 15
3 6
3 8
4 12
4 14
5 3
5 8
6 1
6 10
7 1
7 16
8 19
8 21
9 0
9 2
10 10
10 17
11 4
11 11
12 19
12 21
13 0
13 2
14 5
14 20
15 11
15 20
16 13
16 18
17 7
17 9
18 13
18 15
19 6
19 9
20 16
20 18
21 4
21 7

# solution 116
# n=22 sym=rot2 status=verified source=flammenkamp_cache/n22_rot2
# code=:2DFGAF89259LHI1E0KEIAH4B371L7K340CGJCD6B568J
0 2
0 13
1 15
1 16
2 10
2 15
3 8
3 9
4 2
4 5
5 9
5 21
6 17
6 18
7 1
7 14
8 0
8 20
9 14
9 18
10 10
10 17
11 4
11 11
12 3
12 7
13 1
13 21
14 7
14 20
15 3
15 4
16 0
16 12
17 16
17 19
18 12
18 13
19 6
19 11
20 5
20 6
21 8
21 19

# solution 117
# n=22 sym=rot2 status=verified source=flammenkamp_cache/n22_rot2
# code=:CGFK9B16058EHJ383EJLAH4B027IDI247DGLFKAC1659
0 12
0 16
1 15
1 20
2 9
2 11
3 1
3 6
4 0
4 5
5 8
5 14
6 17
6 19
7 3
7 8
8 3
8 14
9 19
9 21
10 10
10 17
11 4
11 11
12 0
12 2
13 7
13 18
14 13
14 18
15 2
15 4
16 7
16 13
17 16
17 21
18 15
18 20
19 10
19 12
20 1
20 6
21 5
21 9

# solution 118
# n=22 sym=rot2 status=verified source=flammenkamp_cache/n22_rot2
# code=:AC5F8C5F1J481JEL3E0IAH4B3L7I072KDH2K6G9D6G9B
0 10
0 12
1 5
1 15
2 8
2 12
3 5
3 15
4 1
4 19
5 4
5 8
6 1
6 19
7 14
7 21
8 3
8 14
9 0
9 18
10 10
10 17
11 4
11 11
12 3
12 21
13 7
13 18
14 0
14 7
15 2
15 20
16 13
16 17
17 2
17 20
18 6
18 16
19 9
19 13
20 6
20 16
21 9
21 11

# solution 119
# n=22 sym=rot2 status=verified source=flammenkamp_cache/n22_rot2
# code=:8E583C5FHJ1B1J9F370LAH4B0LEI6C2KAK246G9IDG7D
0 8
0 14
1 5
1 8
2 3
2 12
3 5
3 15
4 17
4 19
5 1
5 11
6 1
6 19
7 9
7 15
8 3
8 7
9 0
9 21
10 10
10 17
11 4
11 11
12 0
12 21
13 14
13 18
14 6
14 12
15 2
15 20
16 10
16 20
17 2
17 4
18 6
18 16
19 9
19 18
20 13
20 16
21 7
21 13

# solution 120
# n=22 sym=rot2 status=verified source=flammenkamp_cache/n22_rot2
# code=:AF5E1C68JKCI07452HDL3ABI084JGHEL3912DF9K7G6B
0 10
0 15
1 5
1 14
2 1
2 12
3 6
3 8
4 19
4 20
5 12
5 18
6 0
6 7
7 4
7 5
8 2
8 17
9 13
9 21
10 3
10 10
11 11
11 18
12 0
12 8
13 4
13 19
14 16
14 17
15 14
15 21
16 3
16 9
17 1
17 2
18 13
18 15
19 9
19 20
20 7
20 16
21 6
21 11

# solution 121
# n=22 sym=rot2 status=verified source=flammenkamp_cache/n22_rot2
# code=:9E7G6D8C2KBI452HFL1L3ABI0K064JGH3A1J9D8F5E7C
0 9
0 14
1 7
1 16
2 6
2 13
3 8
3 12
4 2
4 20
5 11
5 18
6 4
6 5
7 2
7 17
8 15
8 21
9 1
9 21
10 3
10 10
11 11
11 18
12 0
12 20
13 0
13 6
14 4
14 19
15 16
15 17
16 3
16 10
17 1
17 19
18 9
18 13
19 8
19 15
20 5
20 14
21 7
21 12

# solution 122
# n=22 sym=rot2 status=verified source=flammenkamp_cache/n22_rot2
# code=:6ACEGK78239DHJ15FH0L3ABI0L46GK248CIJDE1579BF
0 6
0 10
1 12
1 14
2 16
2 20
3 7
3 8
4 2
4 3
5 9
5 13
6 17
6 19
7 1
7 5
8 15
8 17
9 0
9 21
10 3
10 10
11 11
11 18
12 0
12 21
13 4
13 6
14 16
14 20
15 2
15 4
16 8
16 12
17 18
17 19
18 13
18 14
19 1
19 5
20 7
20 9
21 11
21 15

# solution 123
# n=22 sym=rot2 status=verified source=flammenkamp_cache/n22_rot2
# code=:695E9GEK362DBL4L124DAI3B8HJK0H0A8JFI175C7GCF
0 6
0 9
1 5
1 14
2 9
2 16
3 14
3 20
4 3
4 6
5 2
5 13
6 11
6 21
7 4
7 21
8 1
8 2
9 4
9 13
10 10
10 18
11 3
11 11
12 8
12 17
13 19
13 20
14 0
14 17
15 0
15 10
16 8
16 19
17 15
17 18
18 1
18 7
19 5
19 12
20 7
20 16
21 12
21 15

# solution 124
# n=22 sym=rot2 status=verified source=flammenkamp_cache/n22_rot2
# code=:HJ9A7D9F2E6I0G084KGKAI3B151HDL5L3F7J6C8EBC24
0 17
0 19
1 9
1 10
2 7
2 13
3 9
3 15
4 2
4 14
5 6
5 18
6 0
6 16
7 0
7 8
8 4
8 20
9 16
9 20
10 10
10 18
11 3
11 11
12 1
12 5
13 1
13 17
14 13
14 21
15 5
15 21
16 3
16 15
17 7
17 19
18 6
18 12
19 8
19 14
20 11
20 12
21 2
21 4

# solution 125
# n=22 sym=rot2 status=verified source=flammenkamp_cache/n22_rot2
# code=:AF2CFH5805CI8K2E4E1LAI3B0K7H7J1D39GLDG469J6B
0 10
0 15
1 2
1 12
2 15
2 17
3 5
3 8
4 0
4 5
5 12
5 18
6 8
6 20
7 2
7 14
8 4
8 14
9 1
9 21
10 10
10 18
11 3
11 11
12 0
12 20
13 7
13 17
14 7
14 19
15 1
15 13
16 3
16 9
17 16
17 21
18 13
18 16
19 4
19 6
20 9
20 19
21 6
21 11

# solution 126
# n=22 sym=rot2 status=verified source=flammenkamp_cache/n22_rot2
# code=:AF5E1C68JKCI07452HDLAI3B084JGHEL3912DF9K7G6B
0 10
0 15
1 5
1 14
2 1
2 12
3 6
3 8
4 19
4 20
5 12
5 18
6 0
6 7
7 4
7 5
8 2
8 17
9 13
9 21
10 10
10 18
11 3
11 11
12 0
12 8
13 4
13 19
14 16
14 17
15 14
15 21
16 3
16 9
17 1
17 2
18 13
18 15
19 9
19 20
20 7
20 16
21 6
21 11

# solution 127
# n=22 sym=rot2 status=verified source=flammenkamp_cache/n22_rot2
# code=:6C593E7D5K2AHL04DFJKAI3B1268HL04BJ1G8E7ICG9F
0 6
0 12
1 5
1 9
2 3
2 14
3 7
3 13
4 5
4 20
5 2
5 10
6 17
6 21
7 0
7 4
8 13
8 15
9 19
9 20
10 10
10 18
11 3
11 11
12 1
12 2
13 6
13 8
14 17
14 21
15 0
15 4
16 11
16 19
17 1
17 16
18 8
18 14
19 7
19 18
20 12
20 16
21 9
21 15

# solution 128
# n=22 sym=rot2 status=verified source=flammenkamp_cache/n22_rot2
# code=:9D5H3F8E56AE0K4902JKAI3B12JLCH1L7BFG7D6I4G8C
0 9
0 13
1 5
1 17
2 3
2 15
3 8
3 14
4 5
4 6
5 10
5 14
6 0
6 20
7 4
7 9
8 0
8 2
9 19
9 20
10 10
10 18
11 3
11 11
12 1
12 2
13 19
13 21
14 12
14 17
15 1
15 21
16 7
16 11
17 15
17 16
18 7
18 13
19 6
19 18
20 4
20 16
21 8
21 12

# solution 129
# n=22 sym=rot2 status=verified source=flammenkamp_cache/n22_rot2
# code=:8G479D1G0F4CFK3A27JLAI3B02EJBI169H6L5K8CEH5D
0 8
0 16
1 4
1 7
2 9
2 13
3 1
3 16
4 0
4 15
5 4
5 12
6 15
6 20
7 3
7 10
8 2
8 7
9 19
9 21
10 10
10 18
11 3
11 11
12 0
12 2
13 14
13 19
14 11
14 18
15 1
15 6
16 9
16 17
17 6
17 21
18 5
18 20
19 8
19 12
20 14
20 17
21 5
21 13

# solution 130
# n=22 sym=rot2 status=verified source=flammenkamp_cache/n22_rot2
# code=:19CE4G6EHJ6801DJAI5LAI3B0G3B28KLDF247F5H79CK
0 1
0 9
1 12
1 14
2 4
2 16
3 6
3 14
4 17
4 19
5 6
5 8
6 0
6 1
7 13
7 19
8 10
8 18
9 5
9 21
10 10
10 18
11 3
11 11
12 0
12 16
13 3
13 11
14 2
14 8
15 20
15 21
16 13
16 15
17 2
17 4
18 7
18 15
19 5
19 17
20 7
20 9
21 12
21 20

# solution 131
# n=22 sym=rot2 status=verified source=flammenkamp_cache/n22_rot2
# code=:9C6E4HDEDGAL2315FLJKAI3B1206GKIJ0B58784H7F9C
0 9
0 12
1 6
1 14
2 4
2 17
3 13
3 14
4 13
4 16
5 10
5 21
6 2
6 3
7 1
7 5
8 15
8 21
9 19
9 20
10 10
10 18
11 3
11 11
12 1
12 2
13 0
13 6
14 16
14 20
15 18
15 19
16 0
16 11
17 5
17 8
18 7
18 8
19 4
19 17
20 7
20 15
21 9
21 12

# solution 132
# n=22 sym=rot2 status=verified source=flammenkamp_cache/n22_rot2
# code=:49CE4G6EDJ6801JKAI5LAI3B0G3B12KLDF287F5H79CH
0 4
0 9
1 12
1 14
2 4
2 16
3 6
3 14
4 13
4 19
5 6
5 8
6 0
6 1
7 19
7 20
8 10
8 18
9 5
9 21
10 10
10 18
11 3
11 11
12 0
12 16
13 3
13 11
14 1
14 2
15 20
15 21
16 13
16 15
17 2
17 8
18 7
18 15
19 5
19 17
20 7
20 9
21 12
21 17

# solution 133
# n=22 sym=rot2 status=verified source=flammenkamp_cache/n22_rot2
# code=:BC47CG457JDIFLIK160D2ABJ8LFK1306382EGH59EH9A
0 11
0 12
1 4
1 7
2 12
2 16
3 4
3 5
4 7
4 19
5 13
5 18
6 15
6 21
7 18
7 20
8 1
8 6
9 0
9 13
10 2
10 10
11 11
11 19
12 8
12 21
13 15
13 20
14 1
14 3
15 0
15 6
16 3
16 8
17 2
17 14
18 16
18 17
19 5
19 9
20 14
20 17
21 9
21 10

# solution 134
# n=22 sym=rot2 status=verified source=flammenkamp_cache/n22_rot2
# code=:ACFH188EGH3L23GL196E2ABJ7FCK05IJ0I457DDK469B
0 10
0 12
1 15
1 17
2 1
2 8
3 8
3 14
4 16
4 17
5 3
5 21
6 2
6 3
7 16
7 21
8 1
8 9
9 6
9 14
10 2
10 10
11 11
11 19
12 7
12 15
13 12
13 20
14 0
14 5
15 18
15 19
16 0
16 18
17 4
17 5
18 7
18 13
19 13
19 20
20 4
20 6
21 9
21 11

# solution 135
# n=22 sym=rot2 status=verified source=flammenkamp_cache/n22_rot2
# code=:9DFG7I5D2K690I044KAE2ABJ7B1HHL3LCF1J8G3E568C
0 9
0 13
1 15
1 16
2 7
2 18
3 5
3 13
4 2
4 20
5 6
5 9
6 0
6 18
7 0
7 4
8 4
8 20
9 10
9 14
10 2
10 10
11 11
11 19
12 7
12 11
13 1
13 17
14 17
14 21
15 3
15 21
16 12
16 15
17 1
17 19
18 8
18 16
19 3
19 14
20 5
20 6
21 8
21 12

# solution 136
# n=22 sym=rot2 status=verified source=flammenkamp_cache/n22_rot2
# code=:363D78CL591FHJ4E0KAG2ABJ5B1L7H246KCG09DE8IFI
0 3
0 6
1 3
1 13
2 7
2 8
3 12
3 21
4 5
4 9
5 1
5 15
6 17
6 19
7 4
7 14
8 0
8 20
9 10
9 16
10 2
10 10
11 11
11 19
12 5
12 11
13 1
13 21
14 7
14 17
15 2
15 4
16 6
16 20
17 12
17 16
18 0
18 9
19 13
19 14
20 8
20 18
21 15
21 18

# solution 137
# n=22 sym=rot2 status=verified source=flammenkamp_cache/n22_rot2
# code=:9I0F9B5D7LDG24IK4K6E2ABJ7F1H13HJ580E8GAC6L3C
0 9
0 18
1 0
1 15
2 9
2 11
3 5
3 13
4 7
4 21
5 13
5 16
6 2
6 4
7 18
7 20
8 4
8 20
9 6
9 14
10 2
10 10
11 11
11 19
12 7
12 15
13 1
13 17
14 1
14 3
15 17
15 19
16 5
16 8
17 0
17 14
18 8
18 16
19 10
19 12
20 6
20 21
21 3
21 12

# solution 138
# n=22 sym=rot2 status=verified source=flammenkamp_cache/n22_rot2
# code=:6H8C5F7D3C3J5H1LAK0E2ABJ7L1B0K4G2I9I8E6G9D4F
0 6
0 17
1 8
1 12
2 5
2 15
3 7
3 13
4 3
4 12
5 3
5 19
6 5
6 17
7 1
7 21
8 10
8 20
9 0
9 14
10 2
10 10
11 11
11 19
12 7
12 21
13 1
13 11
14 0
14 20
15 4
15 16
16 2
16 18
17 9
17 18
18 8
18 14
19 6
19 16
20 9
20 13
21 4
21 15

# solution 139
# n=22 sym=rot2 status=verified source=flammenkamp_cache/n22_rot2
# code=:CG388F1C7LAF2HEH3K052ABJGL1I474J6B0E9K6DDI59
0 12
0 16
1 3
1 8
2 8
2 15
3 1
3 12
4 7
4 21
5 10
5 15
6 2
6 17
7 14
7 17
8 3
8 20
9 0
9 5
10 2
10 10
11 11
11 19
12 16
12 21
13 1
13 18
14 4
14 7
15 4
15 19
16 6
16 11
17 0
17 14
18 9
18 20
19 6
19 13
20 13
20 18
21 5
21 9

# solution 140
# n=22 sym=rot2 status=verified source=flammenkamp_cache/n22_rot2
# code=:CI388CEF251FHLEK054A2ABJBHGL17046KGJ679DDI39
0 12
0 18
1 3
1 8
2 8
2 12
3 14
3 15
4 2
4 5
5 1
5 15
6 17
6 21
7 14
7 20
8 0
8 5
9 4
9 10
10 2
10 10
11 11
11 19
12 11
12 17
13 16
13 21
14 1
14 7
15 0
15 4
16 6
16 20
17 16
17 19
18 6
18 7
19 9
19 13
20 13
20 18
21 3
21 9

# solution 141
# n=22 sym=rot2 status=verified source=flammenkamp_cache/n22_rot2
# code=:AI2C8H587F1C13EFHL5L2ABJ0G0467IK9K6EDG4D9J3B
0 10
0 18
1 2
1 12
2 8
2 17
3 5
3 8
4 7
4 15
5 1
5 12
6 1
6 3
7 14
7 15
8 17
8 21
9 5
9 21
10 2
10 10
11 11
11 19
12 0
12 16
13 0
13 4
14 6
14 7
15 18
15 20
16 9
16 20
17 6
17 14
18 13
18 16
19 4
19 13
20 9
20 19
21 3
21 11

# solution 142
# n=22 sym=rot2 status=verified source=flammenkamp_cache/n22_rot2
# code=:9D46FH8K351LACEI5EJL2ABJ027G379B0KGI1D46FH8C
0 9
0 13
1 4
1 6
2 15
2 17
3 8
3 20
4 3
4 5
5 1
5 21
6 10
6 12
7 14
7 18
8 5
8 14
9 19
9 21
10 2
10 10
11 11
11 19
12 0
12 2
13 7
13 16
14 3
14 7
15 9
15 11
16 0
16 20
17 16
17 18
18 1
18 13
19 4
19 6
20 15
20 17
21 8
21 12

# solution 143
# n=22 sym=rot2 status=verified source=flammenkamp_cache/n22_rot2
# code=:89EF7B45IK6K89042IGL2ABJ053JHLCD1F13GHAE67CD
0 8
0 9
1 14
1 15
2 7
2 11
3 4
3 5
4 18
4 20
5 6
5 20
6 8
6 9
7 0
7 4
8 2
8 18
9 16
9 21
10 2
10 10
11 11
11 19
12 0
12 5
13 3
13 19
14 17
14 21
15 12
15 13
16 1
16 15
17 1
17 3
18 16
18 17
19 10
19 14
20 6
20 7
21 12
21 13

# solution 144
# n=22 sym=rot2 status=verified source=flammenkamp_cache/n22_rot2
# code=:89EH7B4GFK6K89032IGL2ABJ053JILCD1F165HAE47CD
0 8
0 9
1 14
1 17
2 7
2 11
3 4
3 16
4 15
4 20
5 6
5 20
6 8
6 9
7 0
7 3
8 2
8 18
9 16
9 21
10 2
10 10
11 11
11 19
12 0
12 5
13 3
13 19
14 18
14 21
15 12
15 13
16 1
16 15
17 1
17 6
18 5
18 17
19 10
19 14
20 4
20 7
21 12
21 13

# solution 145
# n=22 sym=rot2 status=verified source=flammenkamp_cache/n22_rot2
# code=:9HCF5I1F8ADK470EIJ052ABJGL237LEH18BD6K3G694C
0 9
0 17
1 12
1 15
2 5
2 18
3 1
3 15
4 8
4 10
5 13
5 20
6 4
6 7
7 0
7 14
8 18
8 19
9 0
9 5
10 2
10 10
11 11
11 19
12 16
12 21
13 2
13 3
14 7
14 21
15 14
15 17
16 1
16 8
17 11
17 13
18 6
18 20
19 3
19 16
20 6
20 9
21 4
21 12

# solution 146
# n=22 sym=rot2 status=verified source=flammenkamp_cache/n22_rot2
# code=:7I9D464G9DGK02FK7A3LAJ2B0IBE16JL158C5HFH8C3E
0 7
0 18
1 9
1 13
2 4
2 6
3 4
3 16
4 9
4 13
5 16
5 20
6 0
6 2
7 15
7 20
8 7
8 10
9 3
9 21
10 10
10 19
11 2
11 11
12 0
12 18
13 11
13 14
14 1
14 6
15 19
15 21
16 1
16 5
17 8
17 12
18 5
18 17
19 15
19 17
20 8
20 12
21 3
21 14

# solution 147
# n=22 sym=rot2 status=verified source=flammenkamp_cache/n22_rot2
# code=:78CF5CFL571AHJ13DH3LAJ2B0I48IK24BKEG069G69DE
0 7
0 8
1 12
1 15
2 5
2 12
3 15
3 21
4 5
4 7
5 1
5 10
6 17
6 19
7 1
7 3
8 13
8 17
9 3
9 21
10 10
10 19
11 2
11 11
12 0
12 18
13 4
13 8
14 18
14 20
15 2
15 4
16 11
16 20
17 14
17 16
18 0
18 6
19 9
19 16
20 6
20 9
21 13
21 14

# solution 148
# n=22 sym=rot2 status=verified source=flammenkamp_cache/n22_rot2
# code=:6IDE1C8G074CGKIJ4A06AJ2BFLBH23159HEL5D9K783F
0 6
0 18
1 13
1 14
2 1
2 12
3 8
3 16
4 0
4 7
5 4
5 12
6 16
6 20
7 18
7 19
8 4
8 10
9 0
9 6
10 10
10 19
11 2
11 11
12 15
12 21
13 11
13 17
14 2
14 3
15 1
15 5
16 9
16 17
17 14
17 21
18 5
18 13
19 9
19 20
20 7
20 8
21 3
21 15

# solution 149
# n=22 sym=rot2 status=verified source=flammenkamp_cache/n22_rot2
# code=:185HEL8C56CI3BHLEK26AJ2BFJ1704AI39FG9D074GDK
0 1
0 8
1 5
1 17
2 14
2 21
3 8
3 12
4 5
4 6
5 12
5 18
6 3
6 11
7 17
7 21
8 14
8 20
9 2
9 6
10 10
10 19
11 2
11 11
12 15
12 19
13 1
13 7
14 0
14 4
15 10
15 18
16 3
16 9
17 15
17 16
18 9
18 13
19 0
19 7
20 4
20 16
21 13
21 20

# solution 150
# n=22 sym=rot2 status=verified source=flammenkamp_cache/n22_rot2
# code=:1C7F45CD5AFI8I0204EKAJ2B17HLJL3D36BG89GH6E9K
0 1
0 12
1 7
1 15
2 4
2 5
3 12
3 13
4 5
4 10
5 15
5 18
6 8
6 18
7 0
7 2
8 0
8 4
9 14
9 20
10 10
10 19
11 2
11 11
12 1
12 7
13 17
13 21
14 19
14 21
15 3
15 13
16 3
16 6
17 11
17 16
18 8
18 9
19 16
19 17
20 6
20 14
21 9
21 20

# solution 151
# n=22 sym=rot2 status=verified source=flammenkamp_cache/n22_rot2
# code=:EG7B9GFJ3C1I048KDF04AJ2BHL681DHL3K9I265CAE57
0 14
0 16
1 7
1 11
2 9
2 16
3 15
3 19
4 3
4 12
5 1
5 18
6 0
6 4
7 8
7 20
8 13
8 15
9 0
9 4
10 10
10 19
11 2
11 11
12 17
12 21
13 6
13 8
14 1
14 13
15 17
15 21
16 3
16 20
17 9
17 18
18 2
18 6
19 5
19 12
20 10
20 14
21 5
21 7

# solution 152
# n=22 sym=rot2 status=verified source=flammenkamp_cache/n22_rot2
# code=:6A6E5D9I2E9IHK45010DAJ2B8LKLGH143C7J3C8G7FBF
0 6
0 10
1 6
1 14
2 5
2 13
3 9
3 18
4 2
4 14
5 9
5 18
6 17
6 20
7 4
7 5
8 0
8 1
9 0
9 13
10 10
10 19
11 2
11 11
12 8
12 21
13 20
13 21
14 16
14 17
15 1
15 4
16 3
16 12
17 7
17 19
18 3
18 12
19 8
19 16
20 7
20 15
21 11
21 15

# solution 153
# n=22 sym=rot2 status=verified source=flammenkamp_cache/n22_rot2
# code=:8I251HDL6A0I9E9EHK6GAJ2B5F147C7C3LBF084KGJ3D
0 8
0 18
1 2
1 5
2 1
2 17
3 13
3 21
4 6
4 10
5 0
5 18
6 9
6 14
7 9
7 14
8 17
8 20
9 6
9 16
10 10
10 19
11 2
11 11
12 5
12 15
13 1
13 4
14 7
14 12
15 7
15 12
16 3
16 21
17 11
17 15
18 0
18 8
19 4
19 20
20 16
20 19
21 3
21 13

# solution 154
# n=22 sym=rot2 status=verified source=flammenkamp_cache/n22_rot2
# code=:9F47CI8E351J8A0K05FHAJ2B46GL1LBD2KGI7D39EH6C
0 9
0 15
1 4
1 7
2 12
2 18
3 8
3 14
4 3
4 5
5 1
5 19
6 8
6 10
7 0
7 20
8 0
8 5
9 15
9 17
10 10
10 19
11 2
11 11
12 4
12 6
13 16
13 21
14 1
14 21
15 11
15 13
16 2
16 20
17 16
17 18
18 7
18 13
19 3
19 9
20 14
20 17
21 6
21 12

# solution 155
# n=22 sym=rot2 status=verified source=flammenkamp_cache/n22_rot2
# code=:DF3F159D039A4JEHEK0GAJ2B5L17472HBCIL8CGK6I68
0 13
0 15
1 3
1 15
2 1
2 5
3 9
3 13
4 0
4 3
5 9
5 10
6 4
6 19
7 14
7 17
8 14
8 20
9 0
9 16
10 10
10 19
11 2
11 11
12 5
12 21
13 1
13 7
14 4
14 7
15 2
15 17
16 11
16 12
17 18
17 21
18 8
18 12
19 16
19 20
20 6
20 18
21 6
21 8

# solution 156
# n=22 sym=rot2 status=verified source=flammenkamp_cache/n22_rot2
# code=:35EK9HDF3C27DG6LAH1LAJ2B0K4B0F58EJ9I684C17GI
0 3
0 5
1 14
1 20
2 9
2 17
3 13
3 15
4 3
4 12
5 2
5 7
6 13
6 16
7 6
7 21
8 10
8 17
9 1
9 21
10 10
10 19
11 2
11 11
12 0
12 20
13 4
13 11
14 0
14 15
15 5
15 8
16 14
16 19
17 9
17 18
18 6
18 8
19 4
19 12
20 1
20 7
21 16
21 18

# solution 157
# n=22 sym=rot2 status=verified source=flammenkamp_cache/n22_rot2
# code=:3C7J4C8E3H6D0A0K6GGKAJ2B155F1LBL8F4I7D9H2E9I
0 3
0 12
1 7
1 19
2 4
2 12
3 8
3 14
4 3
4 17
5 6
5 13
6 0
6 10
7 0
7 20
8 6
8 16
9 16
9 20
10 10
10 19
11 2
11 11
12 1
12 5
13 5
13 15
14 1
14 21
15 11
15 21
16 8
16 15
17 4
17 18
18 7
18 13
19 9
19 17
20 2
20 14
21 9
21 18

# solution 158
# n=22 sym=rot2 status=verified source=flammenkamp_cache/n22_rot2
# code=:8G6I3C8FCH275H1LAEKLAJ2B017B0K4GEJ496D9I3F5D
0 8
0 16
1 6
1 18
2 3
2 12
3 8
3 15
4 12
4 17
5 2
5 7
6 5
6 17
7 1
7 21
8 10
8 14
9 20
9 21
10 10
10 19
11 2
11 11
12 0
12 1
13 7
13 11
14 0
14 20
15 4
15 16
16 14
16 19
17 4
17 9
18 6
18 13
19 9
19 18
20 3
20 15
21 5
21 13

# solution 159
# n=22 sym=rot2 status=verified source=flammenkamp_cache/n22_rot2
# code=:7F79DG4629DI0G2AHIKL1ABK0134BJ5L38CJFH58CE6E
0 7
0 15
1 7
1 9
2 13
2 16
3 4
3 6
4 2
4 9
5 13
5 18
6 0
6 16
7 2
7 10
8 17
8 18
9 20
9 21
10 1
10 10
11 11
11 20
12 0
12 1
13 3
13 4
14 11
14 19
15 5
15 21
16 3
16 8
17 12
17 19
18 15
18 17
19 5
19 8
20 12
20 14
21 6
21 14

# solution 160
# n=22 sym=rot2 status=verified source=flammenkamp_cache/n22_rot2
# code=:EF79DG4629DI0G2AHIKL1ABK0134BJ5L38CJFH58CE67
0 14
0 15
1 7
1 9
2 13
2 16
3 4
3 6
4 2
4 9
5 13
5 18
6 0
6 16
7 2
7 10
8 17
8 18
9 20
9 21
10 1
10 10
11 11
11 20
12 0
12 1
13 3
13 4
14 11
14 19
15 5
15 21
16 3
16 8
17 12
17 19
18 15
18 17
19 5
19 8
20 12
20 14
21 6
21 7

# solution 161
# n=22 sym=rot2 status=verified source=flammenkamp_cache/n22_rot2
# code=:376CAEDI250C5HHK02DF1ABK68JL144G9LGJ387B9FEI
0 3
0 7
1 6
1 12
2 10
2 14
3 13
3 18
4 2
4 5
5 0
5 12
6 5
6 17
7 17
7 20
8 0
8 2
9 13
9 15
10 1
10 10
11 11
11 20
12 6
12 8
13 19
13 21
14 1
14 4
15 4
15 16
16 9
16 21
17 16
17 19
18 3
18 8
19 7
19 11
20 9
20 15
21 14
21 18

# solution 162
# n=22 sym=rot2 status=verified source=flammenkamp_cache/n22_rot2
# code=:7C9I7H1J5A8L2F580I461ABKFH3LDG6J0DBG2K4E3C9E
0 7
0 12
1 9
1 18
2 7
2 17
3 1
3 19
4 5
4 10
5 8
5 21
6 2
6 15
7 5
7 8
8 0
8 18
9 4
9 6
10 1
10 10
11 11
11 20
12 15
12 17
13 3
13 21
14 13
14 16
15 6
15 19
16 0
16 13
17 11
17 16
18 2
18 20
19 4
19 14
20 3
20 12
21 9
21 14

# solution 163
# n=22 sym=rot2 status=verified source=flammenkamp_cache/n22_rot2
# code=:7C698HEJ5A03HK580I261ABKFJ3LDG14ILBG274DCF9E
0 7
0 12
1 6
1 9
2 8
2 17
3 14
3 19
4 5
4 10
5 0
5 3
6 17
6 20
7 5
7 8
8 0
8 18
9 2
9 6
10 1
10 10
11 11
11 20
12 15
12 19
13 3
13 21
14 13
14 16
15 1
15 4
16 18
16 21
17 11
17 16
18 2
18 7
19 4
19 13
20 12
20 15
21 9
21 14

# solution 164
# n=22 sym=rot2 status=verified source=flammenkamp_cache/n22_rot2
# code=:7C398HEJ5A0KFH580I261ABKFJ3LDG461LBG274DCI9E
0 7
0 12
1 3
1 9
2 8
2 17
3 14
3 19
4 5
4 10
5 0
5 20
6 15
6 17
7 5
7 8
8 0
8 18
9 2
9 6
10 1
10 10
11 11
11 20
12 15
12 19
13 3
13 21
14 13
14 16
15 4
15 6
16 1
16 21
17 11
17 16
18 2
18 7
19 4
19 13
20 12
20 18
21 9
21 14

# solution 165
# n=22 sym=rot2 status=verified source=flammenkamp_cache/n22_rot2
# code=:6D681CEJ259EHL5A0I3H1ABK4I3LBG047CGJ279KDF8F
0 6
0 13
1 6
1 8
2 1
2 12
3 14
3 19
4 2
4 5
5 9
5 14
6 17
6 21
7 5
7 10
8 0
8 18
9 3
9 17
10 1
10 10
11 11
11 20
12 4
12 18
13 3
13 21
14 11
14 16
15 0
15 4
16 7
16 12
17 16
17 19
18 2
18 7
19 9
19 20
20 13
20 15
21 8
21 15

# solution 166
# n=22 sym=rot2 status=verified source=flammenkamp_cache/n22_rot2
# code=:7C398HEJ5A0KFH58IL261ABKFJ03DG461LBG274DCI9E
0 7
0 12
1 3
1 9
2 8
2 17
3 14
3 19
4 5
4 10
5 0
5 20
6 15
6 17
7 5
7 8
8 18
8 21
9 2
9 6
10 1
10 10
11 11
11 20
12 15
12 19
13 0
13 3
14 13
14 16
15 4
15 6
16 1
16 21
17 11
17 16
18 2
18 7
19 4
19 13
20 12
20 18
21 9
21 14

# solution 167
# n=22 sym=rot2 status=verified source=flammenkamp_cache/n22_rot2
# code=:8E583EBLFG241J9C4LFI1ABK360H9C2KHJ560A7IDG7D
0 8
0 14
1 5
1 8
2 3
2 14
3 11
3 21
4 15
4 16
5 2
5 4
6 1
6 19
7 9
7 12
8 4
8 21
9 15
9 18
10 1
10 10
11 11
11 20
12 3
12 6
13 0
13 17
14 9
14 12
15 2
15 20
16 17
16 19
17 5
17 6
18 0
18 10
19 7
19 18
20 13
20 16
21 7
21 13

# solution 168
# n=22 sym=rot2 status=verified source=flammenkamp_cache/n22_rot2
# code=:1F7C3LDE292H8A04FG5I1ABK3G56HLBD4JCJ780I9E6K
0 1
0 15
1 7
1 12
2 3
2 21
3 13
3 14
4 2
4 9
5 2
5 17
6 8
6 10
7 0
7 4
8 15
8 16
9 5
9 18
10 1
10 10
11 11
11 20
12 3
12 16
13 5
13 6
14 17
14 21
15 11
15 13
16 4
16 19
17 12
17 19
18 7
18 8
19 0
19 18
20 9
20 14
21 6
21 20

# solution 169
# n=22 sym=rot2 status=verified source=flammenkamp_cache/n22_rot2
# code=:3CCG6F2D8A043HKLEG2E1ABK7J57014IHLBD8J6F599I
0 3
0 12
1 12
1 16
2 6
2 15
3 2
3 13
4 8
4 10
5 0
5 4
6 3
6 17
7 20
7 21
8 14
8 16
9 2
9 14
10 1
10 10
11 11
11 20
12 7
12 19
13 5
13 7
14 0
14 1
15 4
15 18
16 17
16 21
17 11
17 13
18 8
18 19
19 6
19 15
20 5
20 9
21 9
21 18

# solution 170
# n=22 sym=rot2 status=verified source=flammenkamp_cache/n22_rot2
# code=:79CH482GEF8A0L3FIK251ABKGJ136I0LBD675JDH49CE
0 7
0 9
1 12
1 17
2 4
2 8
3 2
3 16
4 14
4 15
5 8
5 10
6 0
6 21
7 3
7 15
8 18
8 20
9 2
9 5
10 1
10 10
11 11
11 20
12 16
12 19
13 1
13 3
14 6
14 18
15 0
15 21
16 11
16 13
17 6
17 7
18 5
18 19
19 13
19 17
20 4
20 9
21 12
21 14

# solution 171
# n=22 sym=rot2 status=verified source=flammenkamp_cache/n22_rot2
# code=:9E89FG5A1F780L3H3JHJ1ABK242I4I0LDE6KBG56CD7C
0 9
0 14
1 8
1 9
2 15
2 16
3 5
3 10
4 1
4 15
5 7
5 8
6 0
6 21
7 3
7 17
8 3
8 19
9 17
9 19
10 1
10 10
11 11
11 20
12 2
12 4
13 2
13 18
14 4
14 18
15 0
15 21
16 13
16 14
17 6
17 20
18 11
18 16
19 5
19 6
20 12
20 13
21 7
21 12

# solution 172
# n=22 sym=rot2 status=verified source=flammenkamp_cache/n22_rot2
# code=:4A7F0I799H6DJL28GIGK1ABK1535DJ028F4CCE3L6EBH
0 4
0 10
1 7
1 15
2 0
2 18
3 7
3 9
4 9
4 17
5 6
5 13
6 19
6 21
7 2
7 8
8 16
8 18
9 16
9 20
10 1
10 10
11 11
11 20
12 1
12 5
13 3
13 5
14 13
14 19
15 0
15 2
16 8
16 15
17 4
17 12
18 12
18 14
19 3
19 21
20 6
20 14
21 11
21 17

# solution 173
# n=22 sym=rot2 status=verified source=flammenkamp_cache/n22_rot2
# code=:89EF46EIDI02590HAK25AK1BGJ1B4LCGJL3837FH67CD
0 8
0 9
1 14
1 15
2 4
2 6
3 14
3 18
4 13
4 18
5 0
5 2
6 5
6 9
7 0
7 17
8 10
8 20
9 2
9 5
10 10
10 20
11 1
11 11
12 16
12 19
13 1
13 11
14 4
14 21
15 12
15 16
16 19
16 21
17 3
17 8
18 3
18 7
19 15
19 17
20 6
20 7
21 12
21 13

# solution 174
# n=22 sym=rot2 status=verified source=flammenkamp_cache/n22_rot2
# code=:395F8H8EGH23AC0K062EAK1B7JFL1L9BIJ457D4D6GCI
0 3
0 9
1 5
1 15
2 8
2 17
3 8
3 14
4 16
4 17
5 2
5 3
6 10
6 12
7 0
7 20
8 0
8 6
9 2
9 14
10 10
10 20
11 1
11 11
12 7
12 19
13 15
13 21
14 1
14 21
15 9
15 11
16 18
16 19
17 4
17 5
18 7
18 13
19 4
19 13
20 6
20 16
21 12
21 18

# solution 175
# n=22 sym=rot2 status=verified source=flammenkamp_cache/n22_rot2
# code=:69BD68EI592EIK040G24AK1BHJ5LHL137JCG37DF8ACF
0 6
0 9
1 11
1 13
2 6
2 8
3 14
3 18
4 5
4 9
5 2
5 14
6 18
6 20
7 0
7 4
8 0
8 16
9 2
9 4
10 10
10 20
11 1
11 11
12 17
12 19
13 5
13 21
14 17
14 21
15 1
15 3
16 7
16 19
17 12
17 16
18 3
18 7
19 13
19 15
20 8
20 10
21 12
21 15

# solution 176
# n=22 sym=rot2 status=verified source=flammenkamp_cache/n22_rot2
# code=:EH8C56CG3A1L4J26DEILAK1B0378FJ2H0KBI59FG9D47
0 14
0 17
1 8
1 12
2 5
2 6
3 12
3 16
4 3
4 10
5 1
5 21
6 4
6 19
7 2
7 6
8 13
8 14
9 18
9 21
10 10
10 20
11 1
11 11
12 0
12 3
13 7
13 8
14 15
14 19
15 2
15 17
16 0
16 20
17 11
17 18
18 5
18 9
19 15
19 16
20 9
20 13
21 4
21 7

# solution 177
# n=22 sym=rot2 status=verified source=flammenkamp_cache/n22_rot2
# code=:7DCG67BCJK3H05286IHLAK1B043FDJGL4I129AEF598E
0 7
0 13
1 12
1 16
2 6
2 7
3 11
3 12
4 19
4 20
5 3
5 17
6 0
6 5
7 2
7 8
8 6
8 18
9 17
9 21
10 10
10 20
11 1
11 11
12 0
12 4
13 3
13 15
14 13
14 19
15 16
15 21
16 4
16 18
17 1
17 2
18 9
18 10
19 14
19 15
20 5
20 9
21 8
21 14

# solution 178
# n=22 sym=rot2 status=verified source=flammenkamp_cache/n22_rot2
# code=:7825FI5D0CCIFH247A0KAK1B1LBEHJ46399L8G36GJDE
0 7
0 8
1 2
1 5
2 15
2 18
3 5
3 13
4 0
4 12
5 12
5 18
6 15
6 17
7 2
7 4
8 7
8 10
9 0
9 20
10 10
10 20
11 1
11 11
12 1
12 21
13 11
13 14
14 17
14 19
15 4
15 6
16 3
16 9
17 9
17 21
18 8
18 16
19 3
19 6
20 16
20 19
21 13
21 14

# solution 179
# n=22 sym=rot2 status=verified source=flammenkamp_cache/n22_rot2
# code=:895JEF58BEIL04249FIKAK1B136CHJHL037ADG672GCD
0 8
0 9
1 5
1 19
2 14
2 15
3 5
3 8
4 11
4 14
5 18
5 21
6 0
6 4
7 2
7 4
8 9
8 15
9 18
9 20
10 10
10 20
11 1
11 11
12 1
12 3
13 6
13 12
14 17
14 19
15 17
15 21
16 0
16 3
17 7
17 10
18 13
18 16
19 6
19 7
20 2
20 16
21 12
21 13

# solution 180
# n=22 sym=rot2 status=verified source=flammenkamp_cache/n22_rot2
# code=:DE59CGEI0668HJ4J1AILAK1B03BK2H24DFFL3759CG78
0 13
0 14
1 5
1 9
2 12
2 16
3 14
3 18
4 0
4 6
5 6
5 8
6 17
6 19
7 4
7 19
8 1
8 10
9 18
9 21
10 10
10 20
11 1
11 11
12 0
12 3
13 11
13 20
14 2
14 17
15 2
15 4
16 13
16 15
17 15
17 21
18 3
18 7
19 5
19 9
20 12
20 16
21 7
21 8

# solution 181
# n=22 sym=rot2 status=verified source=flammenkamp_cache/n22_rot2
# code=:8A35FI2C7LDG491JFL4EAK1B7H062KCH580E9J36GIBD
0 8
0 10
1 3
1 5
2 15
2 18
3 2
3 12
4 7
4 21
5 13
5 16
6 4
6 9
7 1
7 19
8 15
8 21
9 4
9 14
10 10
10 20
11 1
11 11
12 7
12 17
13 0
13 6
14 2
14 20
15 12
15 17
16 5
16 8
17 0
17 14
18 9
18 19
19 3
19 6
20 16
20 18
21 11
21 13

# solution 182
# n=22 sym=rot2 status=verified source=flammenkamp_cache/n22_rot2
# code=:FG58CL4E6I2C271LADHIAK1B348B0KEJ9J3F7H09DG56
0 15
0 16
1 5
1 8
2 12
2 21
3 4
3 14
4 6
4 18
5 2
5 12
6 2
6 7
7 1
7 21
8 10
8 13
9 17
9 18
10 10
10 20
11 1
11 11
12 3
12 4
13 8
13 11
14 0
14 20
15 14
15 19
16 9
16 19
17 3
17 15
18 7
18 17
19 0
19 9
20 13
20 16
21 5
21 6

# solution 183
# n=22 sym=rot2 status=verified source=flammenkamp_cache/n22_rot2
# code=:9G4D6LDE9BGJ2406EK3IAK1B3I17FLHJ25AC780F8H5C
0 9
0 16
1 4
1 13
2 6
2 21
3 13
3 14
4 9
4 11
5 16
5 19
6 2
6 4
7 0
7 6
8 14
8 20
9 3
9 18
10 10
10 20
11 1
11 11
12 3
12 18
13 1
13 7
14 15
14 21
15 17
15 19
16 2
16 5
17 10
17 12
18 7
18 8
19 0
19 15
20 8
20 17
21 5
21 12

# solution 184
# n=22 sym=rot2 status=verified source=flammenkamp_cache/n22_rot2
# code=:9H0D56DE9BGJ2406EK3IAK1B3I17FLHJ25AC78FG8L4C
0 9
0 17
1 0
1 13
2 5
2 6
3 13
3 14
4 9
4 11
5 16
5 19
6 2
6 4
7 0
7 6
8 14
8 20
9 3
9 18
10 10
10 20
11 1
11 11
12 3
12 18
13 1
13 7
14 15
14 21
15 17
15 19
16 2
16 5
17 10
17 12
18 7
18 8
19 15
19 16
20 8
20 21
21 4
21 12

# solution 185
# n=22 sym=rot2 status=verified source=flammenkamp_cache/n22_rot2
# code=:49DF78CF3J2I5A1E0L4GAK1B5H0L7KBG3J2I69DE68CH
0 4
0 9
1 13
1 15
2 7
2 8
3 12
3 15
4 3
4 19
5 2
5 18
6 5
6 10
7 1
7 14
8 0
8 21
9 4
9 16
10 10
10 20
11 1
11 11
12 5
12 17
13 0
13 21
14 7
14 20
15 11
15 16
16 3
16 19
17 2
17 18
18 6
18 9
19 13
19 14
20 6
20 8
21 12
21 17

# solution 186
# n=22 sym=rot2 status=verified source=flammenkamp_cache/n22_rot2
# code=:9H3D6LDE9JGJ4A06EG13AK1BIK57FLBH252C780F8I4C
0 9
0 17
1 3
1 13
2 6
2 21
3 13
3 14
4 9
4 19
5 16
5 19
6 4
6 10
7 0
7 6
8 14
8 16
9 1
9 3
10 10
10 20
11 1
11 11
12 18
12 20
13 5
13 7
14 15
14 21
15 11
15 17
16 2
16 5
17 2
17 12
18 7
18 8
19 0
19 15
20 8
20 18
21 4
21 12

# solution 187
# n=22 sym=rot2 status=verified source=flammenkamp_cache/n22_rot2
# code=:4EDI497JDJ6G9L16AIGLAK1B053BFK0C5F282ECH387H
0 4
0 14
1 13
1 18
2 4
2 9
3 7
3 19
4 13
4 19
5 6
5 16
6 9
6 21
7 1
7 6
8 10
8 18
9 16
9 21
10 10
10 20
11 1
11 11
12 0
12 5
13 3
13 11
14 15
14 20
15 0
15 12
16 5
16 15
17 2
17 8
18 2
18 14
19 12
19 17
20 3
20 8
21 7
21 17

# solution 188
# n=22 sym=rot2 status=verified source=flammenkamp_cache/n22_rot2
# code=:8C5FBHEG783J1JFH130C0ABL9LIK462K2IDE574A6G9D
0 8
0 12
1 5
1 15
2 11
2 17
3 14
3 16
4 7
4 8
5 3
5 19
6 1
6 19
7 15
7 17
8 1
8 3
9 0
9 12
10 0
10 10
11 11
11 21
12 9
12 21
13 18
13 20
14 4
14 6
15 2
15 20
16 2
16 18
17 13
17 14
18 5
18 7
19 4
19 10
20 6
20 16
21 9
21 13

# solution 189
# n=22 sym=rot2 status=verified source=flammenkamp_cache/n22_rot2
# code=:7D35DEBI5K2C0H2K69FH0ABL46CF1J4L9J1G3A78GI8E
0 7
0 13
1 3
1 5
2 13
2 14
3 11
3 18
4 5
4 20
5 2
5 12
6 0
6 17
7 2
7 20
8 6
8 9
9 15
9 17
10 0
10 10
11 11
11 21
12 4
12 6
13 12
13 15
14 1
14 19
15 4
15 21
16 9
16 19
17 1
17 16
18 3
18 10
19 7
19 8
20 16
20 18
21 8
21 14

# solution 190
# n=22 sym=rot2 status=verified source=flammenkamp_cache/n22_rot2
# code=:7DDF9AGI2K24EKGH69IL0ABL03CF4517HJ1J35BC688E
0 7
0 13
1 13
1 15
2 9
2 10
3 16
3 18
4 2
4 20
5 2
5 4
6 14
6 20
7 16
7 17
8 6
8 9
9 18
9 21
10 0
10 10
11 11
11 21
12 0
12 3
13 12
13 15
14 4
14 5
15 1
15 7
16 17
16 19
17 1
17 19
18 3
18 5
19 11
19 12
20 6
20 8
21 8
21 14

# solution 191
# n=22 sym=rot2 status=verified source=flammenkamp_cache/n22_rot2
# code=:8E4834FGAE1I199F2JGL0ABL052J6CCK3K7B56HIDH7D
0 8
0 14
1 4
1 8
2 3
2 4
3 15
3 16
4 10
4 14
5 1
5 18
6 1
6 9
7 9
7 15
8 2
8 19
9 16
9 21
10 0
10 10
11 11
11 21
12 0
12 5
13 2
13 19
14 6
14 12
15 12
15 20
16 3
16 20
17 7
17 11
18 5
18 6
19 17
19 18
20 13
20 17
21 7
21 13

# solution 192
# n=22 sym=rot2 status=verified source=flammenkamp_cache/n22_rot2
# code=:8E4834FGAEIK199F2JGL0ABL052J6CCK137B56HIDH7D
0 8
0 14
1 4
1 8
2 3
2 4
3 15
3 16
4 10
4 14
5 18
5 20
6 1
6 9
7 9
7 15
8 2
8 19
9 16
9 21
10 0
10 10
11 11
11 21
12 0
12 5
13 2
13 19
14 6
14 12
15 12
15 20
16 1
16 3
17 7
17 11
18 5
18 6
19 17
19 18
20 13
20 17
21 7
21 13

# solution 193
# n=22 sym=rot2 status=verified source=flammenkamp_cache/n22_rot2
# code=:9E8EBG043JDG4J9FIK6K0ABL1F136C2H582IHL5A7D7C
0 9
0 14
1 8
1 14
2 11
2 16
3 0
3 4
4 3
4 19
5 13
5 16
6 4
6 19
7 9
7 15
8 18
8 20
9 6
9 20
10 0
10 10
11 11
11 21
12 1
12 15
13 1
13 3
14 6
14 12
15 2
15 17
16 5
16 8
17 2
17 18
18 17
18 21
19 5
19 10
20 7
20 13
21 7
21 12

# solution 194
# n=22 sym=rot2 status=verified source=flammenkamp_cache/n22_rot2
# code=:8ICF5714FLBD29EG2K4I0ABL3H1J57CJ8A06HKEG693D
0 8
0 18
1 12
1 15
2 5
2 7
3 1
3 4
4 15
4 21
5 11
5 13
6 2
6 9
7 14
7 16
8 2
8 20
9 4
9 18
10 0
10 10
11 11
11 21
12 3
12 17
13 1
13 19
14 5
14 7
15 12
15 19
16 8
16 10
17 0
17 6
18 17
18 20
19 14
19 16
20 6
20 9
21 3
21 13

# solution 195
# n=22 sym=rot2 status=verified source=flammenkamp_cache/n22_rot2
# code=:DE8C4G26BH169E1G033J0ABL2IIL5K7CFK4AFJ5H9D78
0 13
0 14
1 8
1 12
2 4
2 16
3 2
3 6
4 11
4 17
5 1
5 6
6 9
6 14
7 1
7 16
8 0
8 3
9 3
9 19
10 0
10 10
11 11
11 21
12 2
12 18
13 18
13 21
14 5
14 20
15 7
15 12
16 15
16 20
17 4
17 10
18 15
18 19
19 5
19 17
20 9
20 13
21 7
21 8

# solution 196
# n=22 sym=rot2 status=verified source=flammenkamp_cache/n22_rot2
# code=:59EFAH2DJK7G390I6H1D0ABL8K4F3LCI5E128J4B67CG
0 5
0 9
1 14
1 15
2 10
2 17
3 2
3 13
4 19
4 20
5 7
5 16
6 3
6 9
7 0
7 18
8 6
8 17
9 1
9 13
10 0
10 10
11 11
11 21
12 8
12 20
13 4
13 15
14 3
14 21
15 12
15 18
16 5
16 14
17 1
17 2
18 8
18 19
19 4
19 11
20 6
20 7
21 12
21 16

# solution 197
# n=22 sym=rot2 status=verified source=flammenkamp_cache/n22_rot2
# code=:9G6EAH2DJK7G390I6H1D0ABL8K4F3LCI5E128J4B7F5C
0 9
0 16
1 6
1 14
2 10
2 17
3 2
3 13
4 19
4 20
5 7
5 16
6 3
6 9
7 0
7 18
8 6
8 17
9 1
9 13
10 0
10 10
11 11
11 21
12 8
12 20
13 4
13 15
14 3
14 21
15 12
15 18
16 5
16 14
17 1
17 2
18 8
18 19
19 4
19 11
20 7
20 15
21 5
21 12

# solution 198
# n=22 sym=rot2 status=verified source=flammenkamp_cache/n22_rot2
# code=:BDGJ671D6949HJEG0K3I0ABL3I1L5724CHCF8KEF258A
0 11
0 13
1 16
1 19
2 6
2 7
3 1
3 13
4 6
4 9
5 4
5 9
6 17
6 19
7 14
7 16
8 0
8 20
9 3
9 18
10 0
10 10
11 11
11 21
12 3
12 18
13 1
13 21
14 5
14 7
15 2
15 4
16 12
16 17
17 12
17 15
18 8
18 20
19 14
19 15
20 2
20 5
21 8
21 10

# solution 199
# n=22 sym=rot2 status=verified source=flammenkamp_cache/n22_rot2
# code=:368E6B0K3C795H25DHJK0ABL1248GJ4GCE9I1LAF7DFI
0 3
0 6
1 8
1 14
2 6
2 11
3 0
3 20
4 3
4 12
5 7
5 9
6 5
6 17
7 2
7 5
8 13
8 17
9 19
9 20
10 0
10 10
11 11
11 21
12 1
12 2
13 4
13 8
14 16
14 19
15 4
15 16
16 12
16 14
17 9
17 18
18 1
18 21
19 10
19 15
20 7
20 13
21 15
21 18

# solution 200
# n=22 sym=rot2 status=verified source=flammenkamp_cache/n22_rot2
# code=:2E8B5F89CK3J5F13HLEH0ABL4704IK6G2I19CD6GAD7J
0 2
0 14
1 8
1 11
2 5
2 15
3 8
3 9
4 12
4 20
5 3
5 19
6 5
6 15
7 1
7 3
8 17
8 21
9 14
9 17
10 0
10 10
11 11
11 21
12 4
12 7
13 0
13 4
14 18
14 20
15 6
15 16
16 2
16 18
17 1
17 9
18 12
18 13
19 6
19 16
20 10
20 13
21 7
21 19

# solution 201
# n=22 sym=rot2 status=verified source=flammenkamp_cache/n22_rot2
# code=:7D479D2FCF4K2K5A3GIL0ABL035IBG1J1H696J8CEH8E
0 7
0 13
1 4
1 7
2 9
2 13
3 2
3 15
4 12
4 15
5 4
5 20
6 2
6 20
7 5
7 10
8 3
8 16
9 18
9 21
10 0
10 10
11 11
11 21
12 0
12 3
13 5
13 18
14 11
14 16
15 1
15 19
16 1
16 17
17 6
17 9
18 6
18 19
19 8
19 12
20 14
20 17
21 8
21 14

# solution 202
# n=22 sym=rot2 status=verified source=flammenkamp_cache/n22_rot2
# code=:8E6HCG8C1JBH57IJ1F030ABLIL6K23EG4A2K9D594F7D
0 8
0 14
1 6
1 17
2 12
2 16
3 8
3 12
4 1
4 19
5 11
5 17
6 5
6 7
7 18
7 19
8 1
8 15
9 0
9 3
10 0
10 10
11 11
11 21
12 18
12 21
13 6
13 20
14 2
14 3
15 14
15 16
16 4
16 10
17 2
17 20
18 9
18 13
19 5
19 9
20 4
20 15
21 7
21 13

# solution 203
# n=22 sym=rot2 status=verified source=flammenkamp_cache/n22_rot2
# code=:39583FCE6J181HELAG4J0ABL2H5B074KDK2F796IDGCI
0 3
0 9
1 5
1 8
2 3
2 15
3 12
3 14
4 6
4 19
5 1
5 8
6 1
6 17
7 14
7 21
8 10
8 16
9 4
9 19
10 0
10 10
11 11
11 21
12 2
12 17
13 5
13 11
14 0
14 7
15 4
15 20
16 13
16 20
17 2
17 15
18 7
18 9
19 6
19 18
20 13
20 16
21 12
21 18

# solution 204
# n=22 sym=rot2 status=verified source=flammenkamp_cache/n22_rot2
# code=:3C5E8ACE3518HJ0FFK4J0ABL2H166L24DKGI79BD7G9I
0 3
0 12
1 5
1 14
2 8
2 10
3 12
3 14
4 3
4 5
5 1
5 8
6 17
6 19
7 0
7 15
8 15
8 20
9 4
9 19
10 0
10 10
11 11
11 21
12 2
12 17
13 1
13 6
14 6
14 21
15 2
15 4
16 13
16 20
17 16
17 18
18 7
18 9
19 11
19 13
20 7
20 16
21 9
21 18

# solution 205
# n=22 sym=rot2 status=verified source=flammenkamp_cache/n22_rot2
# code=:CG7F7A4CKL23FH8D35JK0ABL12GI8D46IJ019HBE6E59
0 12
0 16
1 7
1 15
2 7
2 10
3 4
3 12
4 20
4 21
5 2
5 3
6 15
6 17
7 8
7 13
8 3
8 5
9 19
9 20
10 0
10 10
11 11
11 21
12 1
12 2
13 16
13 18
14 8
14 13
15 4
15 6
16 18
16 19
17 0
17 1
18 9
18 17
19 11
19 14
20 6
20 14
21 5
21 9

# solution 206
# n=22 sym=rot2 status=verified source=flammenkamp_cache/n22_rot2
# code=:BC67FH8C5K3EIK582LHJ0ABL240JDG137I1G9D46EF9A
0 11
0 12
1 6
1 7
2 15
2 17
3 8
3 12
4 5
4 20
5 3
5 14
6 18
6 20
7 5
7 8
8 2
8 21
9 17
9 19
10 0
10 10
11 11
11 21
12 2
12 4
13 0
13 19
14 13
14 16
15 1
15 3
16 7
16 18
17 1
17 16
18 9
18 13
19 4
19 6
20 14
20 15
21 9
21 10

# solution 207
# n=22 sym=rot2 status=verified source=flammenkamp_cache/n22_rot2
# code=:7H79396H2AGK8K28GI6L0ABL0F35DJ1D15BJ4FCICE4E
0 7
0 17
1 7
1 9
2 3
2 9
3 6
3 17
4 2
4 10
5 16
5 20
6 8
6 20
7 2
7 8
8 16
8 18
9 6
9 21
10 0
10 10
11 11
11 21
12 0
12 15
13 3
13 5
14 13
14 19
15 1
15 13
16 1
16 5
17 11
17 19
18 4
18 15
19 12
19 18
20 12
20 14
21 4
21 14

# solution 208
# n=22 sym=rot2 status=verified source=flammenkamp_cache/n22_rot2
# code=:7H7939FH2AGK8K28GI6L0ABL0F35DJ1D15BJ46CICE4E
0 7
0 17
1 7
1 9
2 3
2 9
3 15
3 17
4 2
4 10
5 16
5 20
6 8
6 20
7 2
7 8
8 16
8 18
9 6
9 21
10 0
10 10
11 11
11 21
12 0
12 15
13 3
13 5
14 13
14 19
15 1
15 13
16 1
16 5
17 11
17 19
18 4
18 6
19 12
19 18
20 12
20 14
21 4
21 14

# solution 209
# n=22 sym=rot2 status=verified source=flammenkamp_cache/n22_rot2
# code=:37CD794G2D6H0K2A6GIK0ABL135FBJ1L4F8J5HCE89EI
0 3
0 7
1 12
1 13
2 7
2 9
3 4
3 16
4 2
4 13
5 6
5 17
6 0
6 20
7 2
7 10
8 6
8 16
9 18
9 20
10 0
10 10
11 11
11 21
12 1
12 3
13 5
13 15
14 11
14 19
15 1
15 21
16 4
16 15
17 8
17 19
18 5
18 17
19 12
19 14
20 8
20 9
21 14
21 18

# solution 210
# n=22 sym=rot2 status=verified source=flammenkamp_cache/n22_rot2
# code=:79DF9A1D6I2G7L244GIK0ABL135HHJ0E5J3F8KBC68CE
0 7
0 9
1 13
1 15
2 9
2 10
3 1
3 13
4 6
4 18
5 2
5 16
6 7
6 21
7 2
7 4
8 4
8 16
9 18
9 20
10 0
10 10
11 11
11 21
12 1
12 3
13 5
13 17
14 17
14 19
15 0
15 14
16 5
16 19
17 3
17 15
18 8
18 20
19 11
19 12
20 6
20 8
21 12
21 14

# solution 211
# n=22 sym=rot2 status=verified source=flammenkamp_cache/n22_rot2
# code=:69CEEH5DAK2IFL2I451D0ABL8KGH3J063J1B8G4779CF
0 6
0 9
1 12
1 14
2 14
2 17
3 5
3 13
4 10
4 20
5 2
5 18
6 15
6 21
7 2
7 18
8 4
8 5
9 1
9 13
10 0
10 10
11 11
11 21
12 8
12 20
13 16
13 17
14 3
14 19
15 0
15 6
16 3
16 19
17 1
17 11
18 8
18 16
19 4
19 7
20 7
20 9
21 12
21 15

# solution 212
# n=22 sym=rot2 status=verified source=flammenkamp_cache/n22_rot2
# code=:9C4EEH6G8A3J5F1L3J1D0ABL8K2I0K6G2IBD5F477H9C
0 9
0 12
1 4
1 14
2 14
2 17
3 6
3 16
4 8
4 10
5 3
5 19
6 5
6 15
7 1
7 21
8 3
8 19
9 1
9 13
10 0
10 10
11 11
11 21
12 8
12 20
13 2
13 18
14 0
14 20
15 6
15 16
16 2
16 18
17 11
17 13
18 5
18 15
19 4
19 7
20 7
20 17
21 9
21 12

# solution 213
# n=22 sym=rot2 status=verified source=flammenkamp_cache/n22_rot2
# code=:9CGL46AD5H27DK36JKEI0ABL3712FI18EJ4G8BFH059C
0 9
0 12
1 16
1 21
2 4
2 6
3 10
3 13
4 5
4 17
5 2
5 7
6 13
6 20
7 3
7 6
8 19
8 20
9 14
9 18
10 0
10 10
11 11
11 21
12 3
12 7
13 1
13 2
14 15
14 18
15 1
15 8
16 14
16 19
17 4
17 16
18 8
18 11
19 15
19 17
20 0
20 5
21 9
21 12

# solution 214
# n=22 sym=rot2 status=verified source=flammenkamp_cache/n22_rot2
# code=:9CEG46DK2A6L3D3HEJ1GAL0B5K274I8I0FBJ18FH579C
0 9
0 12
1 14
1 16
2 4
2 6
3 13
3 20
4 2
4 10
5 6
5 21
6 3
6 13
7 3
7 17
8 14
8 19
9 1
9 16
10 10
10 21
11 0
11 11
12 5
12 20
13 2
13 7
14 4
14 18
15 8
15 18
16 0
16 15
17 11
17 19
18 1
18 8
19 15
19 17
20 5
20 7
21 9
21 12

# solution 215
# n=22 sym=rot2 status=verified source=flammenkamp_cache/n22_rot2
# code=:38EIGH69DG672B9L1214AL0BHKJK0CAJEF58CF4537DI
0 3
0 8
1 14
1 18
2 16
2 17
3 6
3 9
4 13
4 16
5 6
5 7
6 2
6 11
7 9
7 21
8 1
8 2
9 1
9 4
10 10
10 21
11 0
11 11
12 17
12 20
13 19
13 20
14 0
14 12
15 10
15 19
16 14
16 15
17 5
17 8
18 12
18 15
19 4
19 5
20 3
20 7
21 13
21 18

# solution 216
# n=22 sym=rot2 status=verified source=flammenkamp_cache/n22_rot2
# code=:9CGL46AD5H27DK36JKEIAL0B3712FI18EJ4G8BFH059C
0 9
0 12
1 16
1 21
2 4
2 6
3 10
3 13
4 5
4 17
5 2
5 7
6 13
6 20
7 3
7 6
8 19
8 20
9 14
9 18
10 10
10 21
11 0
11 11
12 3
12 7
13 1
13 2
14 15
14 18
15 1
15 8
16 14
16 19
17 4
17 16
18 8
18 11
19 15
19 17
20 0
20 5
21 9
21 12

# solution 217
# n=22 sym=rot2 status=verified source=flammenkamp_cache/n22_rot2
# code=:7DCG67DHCH6J135A0K3JAL0B2I1LBGIK2F4948EF598E
0 7
0 13
1 12
1 16
2 6
2 7
3 13
3 17
4 12
4 17
5 6
5 19
6 1
6 3
7 5
7 10
8 0
8 20
9 3
9 19
10 10
10 21
11 0
11 11
12 2
12 18
13 1
13 21
14 11
14 16
15 18
15 20
16 2
16 15
17 4
17 9
18 4
18 8
19 14
19 15
20 5
20 9
21 8
21 14

# solution 218
# n=22 sym=rot2 status=verified source=flammenkamp_cache/n22_rot2
# code=:7DCG67DHCH6J13AG0K3JAL0B2I1L5BIK2F4948EF598E
0 7
0 13
1 12
1 16
2 6
2 7
3 13
3 17
4 12
4 17
5 6
5 19
6 1
6 3
7 10
7 16
8 0
8 20
9 3
9 19
10 10
10 21
11 0
11 11
12 2
12 18
13 1
13 21
14 5
14 11
15 18
15 20
16 2
16 15
17 4
17 9
18 4
18 8
19 14
19 15
20 5
20 9
21 8
21 14

# solution 219
# n=22 sym=rot2 status=verified source=flammenkamp_cache/n22_rot2
# code=:698B6H2E1GCD17HJ3L35AL0BGI0I24EK895K7J4FADCF
0 6
0 9
1 8
1 11
2 6
2 17
3 2
3 14
4 1
4 16
5 12
5 13
6 1
6 7
7 17
7 19
8 3
8 21
9 3
9 5
10 10
10 21
11 0
11 11
12 16
12 18
13 0
13 18
14 2
14 4
15 14
15 20
16 8
16 9
17 5
17 20
18 7
18 19
19 4
19 15
20 10
20 13
21 12
21 15

# solution 220
# n=22 sym=rot2 status=verified source=flammenkamp_cache/n22_rot2
# code=:AH56CD1216DH7CEJ3503AL0BILGI279E48FKJK89FG4B
0 10
0 17
1 5
1 6
2 12
2 13
3 1
3 2
4 1
4 6
5 13
5 17
6 7
6 12
7 14
7 19
8 3
8 5
9 0
9 3
10 10
10 21
11 0
11 11
12 18
12 21
13 16
13 18
14 2
14 7
15 9
15 14
16 4
16 8
17 15
17 20
18 19
18 20
19 8
19 9
20 15
20 16
21 4
21 11

# solution 221
# n=22 sym=rot2 status=verified source=flammenkamp_cache/n22_rot2
# code=:486D7F3J1H7JAC0G01AICG593BKL5L9B2E4K2I6E8FDH
0 4
0 8
1 6
1 13
2 7
2 15
3 3
3 19
4 1
4 17
5 7
5 19
6 10
6 12
7 0
7 16
8 0
8 1
9 10
9 18
10 12
10 16
11 5
11 9
12 3
12 11
13 20
13 21
14 5
14 21
15 9
15 11
16 2
16 14
17 4
17 20
18 2
18 18
19 6
19 14
20 8
20 15
21 13
21 17

# solution 222
# n=22 sym=rot2 status=verified source=flammenkamp_cache/n22_rot2
# code=:6EAF183ECH8H1L35GJALCJ290B25GI0K4D497IDK6B7F
0 6
0 14
1 10
1 15
2 1
2 8
3 3
3 14
4 12
4 17
5 8
5 17
6 1
6 21
7 3
7 5
8 16
8 19
9 10
9 21
10 12
10 19
11 2
11 9
12 0
12 11
13 2
13 5
14 16
14 18
15 0
15 20
16 4
16 13
17 4
17 9
18 7
18 18
19 13
19 20
20 6
20 11
21 7
21 15

# solution 223
# n=22 sym=rot2 status=verified source=flammenkamp_cache/n22_rot2
# code=:EGGI689J8E4A3L4J6L1A1C9KBK0F2H0IBH7D2CDF3557
0 14
0 16
1 16
1 18
2 6
2 8
3 9
3 19
4 8
4 14
5 4
5 10
6 3
6 21
7 4
7 19
8 6
8 21
9 1
9 10
10 1
10 12
11 9
11 20
12 11
12 20
13 0
13 15
14 2
14 17
15 0
15 18
16 11
16 17
17 7
17 13
18 2
18 12
19 13
19 15
20 3
20 5
21 5
21 7

# solution 224
# n=22 sym=rot2 status=verified source=flammenkamp_cache/n22_rot2
# code=:DE57CD6I2J6H1I0A1GAH0C9L4B5KBL3K4F2J3F89EG78
0 13
0 14
1 5
1 7
2 12
2 13
3 6
3 18
4 2
4 19
5 6
5 17
6 1
6 18
7 0
7 10
8 1
8 16
9 10
9 17
10 0
10 12
11 9
11 21
12 4
12 11
13 5
13 20
14 11
14 21
15 3
15 20
16 4
16 15
17 2
17 19
18 3
18 15
19 8
19 9
20 14
20 16
21 7
21 8

# solution 225
# n=22 sym=rot2 status=verified source=flammenkamp_cache/n22_rot2
# code=:362G8BCH7C1LEH0316AJ58DG2BFKIL470K9E49AD5JFI
0 3
0 6
1 2
1 16
2 8
2 11
3 12
3 17
4 7
4 12
5 1
5 21
6 14
6 17
7 0
7 3
8 1
8 6
9 10
9 19
10 5
10 8
11 13
11 16
12 2
12 11
13 15
13 20
14 18
14 21
15 4
15 7
16 0
16 20
17 9
17 14
18 4
18 9
19 10
19 13
20 5
20 19
21 15
21 18

# solution 226
# n=22 sym=rot2 status=verified source=flammenkamp_cache/n22_rot2
# code=:AECD6L7I396HJL121AGH8G5D45BKJK024FCI3E0F897B
0 10
0 14
1 12
1 13
2 6
2 21
3 7
3 18
4 3
4 9
5 6
5 17
6 19
6 21
7 1
7 2
8 1
8 10
9 16
9 17
10 8
10 16
11 5
11 13
12 4
12 5
13 11
13 20
14 19
14 20
15 0
15 2
16 4
16 15
17 12
17 18
18 3
18 14
19 0
19 15
20 8
20 9
21 7
21 11

# solution 227
# n=22 sym=rot2 status=verified source=flammenkamp_cache/n22_rot2
# code=:BG572E9F13298LFI1H0A8H4DBL4K360DCJIK6C7JEG5A
0 11
0 16
1 5
1 7
2 2
2 14
3 9
3 15
4 1
4 3
5 2
5 9
6 8
6 21
7 15
7 18
8 1
8 17
9 0
9 10
10 8
10 17
11 4
11 13
12 11
12 21
13 4
13 20
14 3
14 6
15 0
15 13
16 12
16 19
17 18
17 20
18 6
18 12
19 7
19 19
20 14
20 16
21 5
21 10

# solution 228
# n=22 sym=rot2 status=verified source=flammenkamp_cache/n22_rot2
# code=:CGBF483C7LGJ7J140F1A38DIBK6LHK2E250E9IDH6A59
0 12
0 16
1 11
1 15
2 4
2 8
3 3
3 12
4 7
4 21
5 16
5 19
6 7
6 19
7 1
7 4
8 0
8 15
9 1
9 10
10 3
10 8
11 13
11 18
12 11
12 20
13 6
13 21
14 17
14 20
15 2
15 14
16 2
16 5
17 0
17 14
18 9
18 18
19 13
19 17
20 6
20 10
21 5
21 9

# solution 229
# n=22 sym=rot2 status=verified source=flammenkamp_cache/n22_rot2
# code=:9G7B9F4G4J02EK8IAK6L8I3D0F1B3D17JL2H5H6CAE5C
0 9
0 16
1 7
1 11
2 9
2 15
3 4
3 16
4 4
4 19
5 0
5 2
6 14
6 20
7 8
7 18
8 10
8 20
9 6
9 21
10 8
10 18
11 3
11 13
12 0
12 15
13 1
13 11
14 3
14 13
15 1
15 7
16 19
16 21
17 2
17 17
18 5
18 17
19 6
19 12
20 10
20 14
21 5
21 12

# solution 230
# n=22 sym=rot2 status=verified source=flammenkamp_cache/n22_rot2
# code=:BE799G4I160206GIHKAD28DJ8B1435FLJLFK3H5CCE7A
0 11
0 14
1 7
1 9
2 9
2 16
3 4
3 18
4 1
4 6
5 0
5 2
6 0
6 6
7 16
7 18
8 17
8 20
9 10
9 13
10 2
10 8
11 13
11 19
12 8
12 11
13 1
13 4
14 3
14 5
15 15
15 21
16 19
16 21
17 15
17 20
18 3
18 17
19 5
19 12
20 12
20 14
21 7
21 10

# solution 231
# n=22 sym=rot2 status=verified source=flammenkamp_cache/n22_rot2
# code=:7F4JAC26CG157H3IAD0L18DK0L8B3I4EGK59FJ9B2H6E
0 7
0 15
1 4
1 19
2 10
2 12
3 2
3 6
4 12
4 16
5 1
5 5
6 7
6 17
7 3
7 18
8 10
8 13
9 0
9 21
10 1
10 8
11 13
11 20
12 0
12 21
13 8
13 11
14 3
14 18
15 4
15 14
16 16
16 20
17 5
17 9
18 15
18 19
19 9
19 11
20 2
20 17
21 6
21 14

# solution 232
# n=22 sym=rot2 status=verified source=flammenkamp_cache/n22_rot2
# code=:FICD57BH0CEK5602HI2A8K1DBJ34JLFG179L4AEG8936
0 15
0 18
1 12
1 13
2 5
2 7
3 11
3 17
4 0
4 12
5 14
5 20
6 5
6 6
7 0
7 2
8 17
8 18
9 2
9 10
10 8
10 20
11 1
11 13
12 11
12 19
13 3
13 4
14 19
14 21
15 15
15 16
16 1
16 7
17 9
17 21
18 4
18 10
19 14
19 16
20 8
20 9
21 3
21 6

# solution 233
# n=22 sym=rot2 status=verified source=flammenkamp_cache/n22_rot2
# code=:6E7959462GHKDK2B03AI08DL3BILAJ18145JFHCGCE7F
0 6
0 14
1 7
1 9
2 5
2 9
3 4
3 6
4 2
4 16
5 17
5 20
6 13
6 20
7 2
7 11
8 0
8 3
9 10
9 18
10 0
10 8
11 13
11 21
12 3
12 11
13 18
13 21
14 10
14 19
15 1
15 8
16 1
16 4
17 5
17 19
18 15
18 17
19 12
19 16
20 12
20 14
21 7
21 15

# solution 234
# n=22 sym=rot2 status=verified source=flammenkamp_cache/n22_rot2
# code=:EH58BE6C3J1H1L9F3GAJ08DL2B5I6C0K4K2I9F7ADG47
0 14
0 17
1 5
1 8
2 11
2 14
3 6
3 12
4 3
4 19
5 1
5 17
6 1
6 21
7 9
7 15
8 3
8 16
9 10
9 19
10 0
10 8
11 13
11 21
12 2
12 11
13 5
13 18
14 6
14 12
15 0
15 20
16 4
16 20
17 2
17 18
18 9
18 15
19 7
19 10
20 13
20 16
21 4
21 7

# solution 235
# n=22 sym=rot2 status=verified source=flammenkamp_cache/n22_rot2
# code=:6E8A7H3HCG6C1J13GLAJ08DL2B05IK2K9F594I4EBD7F
0 6
0 14
1 8
1 10
2 7
2 17
3 3
3 17
4 12
4 16
5 6
5 12
6 1
6 19
7 1
7 3
8 16
8 21
9 10
9 19
10 0
10 8
11 13
11 21
12 2
12 11
13 0
13 5
14 18
14 20
15 2
15 20
16 9
16 15
17 5
17 9
18 4
18 18
19 4
19 14
20 11
20 13
21 7
21 15

# solution 236
# n=22 sym=rot2 status=verified source=flammenkamp_cache/n22_rot2
# code=:56EJ9FCI154EAD340AJK08DL12BLHI8B7HGK396C27FG
0 5
0 6
1 14
1 19
2 9
2 15
3 12
3 18
4 1
4 5
5 4
5 14
6 10
6 13
7 3
7 4
8 0
8 10
9 19
9 20
10 0
10 8
11 13
11 21
12 1
12 2
13 11
13 21
14 17
14 18
15 8
15 11
16 7
16 17
17 16
17 20
18 3
18 9
19 6
19 12
20 2
20 7
21 15
21 16

# solution 237
# n=22 sym=rot2 status=verified source=flammenkamp_cache/n22_rot2
# code=:CE5F2H6923HK3B0KDE5A08DLBG781LAI14IJCF4J6G79
0 12
0 14
1 5
1 15
2 2
2 17
3 6
3 9
4 2
4 3
5 17
5 20
6 3
6 11
7 0
7 20
8 13
8 14
9 5
9 10
10 0
10 8
11 13
11 21
12 11
12 16
13 7
13 8
14 1
14 21
15 10
15 18
16 1
16 4
17 18
17 19
18 12
18 15
19 4
19 19
20 6
20 16
21 7
21 9

# solution 238
# n=22 sym=rot2 status=verified source=flammenkamp_cache/n22_rot2
# code=:9E6C5K27AI6L3H1GAD2H08DL4J8B5K4I0F3BEJ1G9F7C
0 9
0 14
1 6
1 12
2 5
2 20
3 2
3 7
4 10
4 18
5 6
5 21
6 3
6 17
7 1
7 16
8 10
8 13
9 2
9 17
10 0
10 8
11 13
11 21
12 4
12 19
13 8
13 11
14 5
14 20
15 4
15 18
16 0
16 15
17 3
17 11
18 14
18 19
19 1
19 16
20 9
20 15
21 7
21 12

# solution 239
# n=22 sym=rot2 status=verified source=flammenkamp_cache/n22_rot2
# code=:CEDE6I0ACH5K2K5H230ADF68BLIJ4G1J1G49BL3F7879
0 12
0 14
1 13
1 14
2 6
2 18
3 0
3 10
4 12
4 17
5 5
5 20
6 2
6 20
7 5
7 17
8 2
8 3
9 0
9 10
10 13
10 15
11 6
11 8
12 11
12 21
13 18
13 19
14 4
14 16
15 1
15 19
16 1
16 16
17 4
17 9
18 11
18 21
19 3
19 15
20 7
20 8
21 7
21 9

# solution 240
# n=22 sym=rot2 status=verified source=flammenkamp_cache/n22_rot2
# code=:596EFL5D1I2HAD1E4A39JL02CIBH7K8B4J3K8G067FCG
0 5
0 9
1 6
1 14
2 15
2 21
3 5
3 13
4 1
4 18
5 2
5 17
6 10
6 13
7 1
7 14
8 4
8 10
9 3
9 9
10 19
10 21
11 0
11 2
12 12
12 18
13 11
13 17
14 7
14 20
15 8
15 11
16 4
16 19
17 3
17 20
18 8
18 16
19 0
19 6
20 7
20 15
21 12
21 16

# solution 241
# n=22 sym=rot2 status=verified source=flammenkamp_cache/n22_rot2
# code=:DE6D9E2IIL264AGK4A9K05GL1CBH15BHFJ033J7C8F78
0 13
0 14
1 6
1 13
2 9
2 14
3 2
3 18
4 18
4 21
5 2
5 6
6 4
6 10
7 16
7 20
8 4
8 10
9 9
9 20
10 0
10 5
11 16
11 21
12 1
12 12
13 11
13 17
14 1
14 5
15 11
15 17
16 15
16 19
17 0
17 3
18 3
18 19
19 7
19 12
20 8
20 15
21 7
21 8

# solution 242
# n=22 sym=rot2 status=verified source=flammenkamp_cache/n22_rot2
# code=:CJ37EF48DFBG35KL1A490J2LCHBK01GI5A68DH67EI29
0 12
0 19
1 3
1 7
2 14
2 15
3 4
3 8
4 13
4 15
5 11
5 16
6 3
6 5
7 20
7 21
8 1
8 10
9 4
9 9
10 0
10 19
11 2
11 21
12 12
12 17
13 11
13 20
14 0
14 1
15 16
15 18
16 5
16 10
17 6
17 8
18 13
18 17
19 6
19 7
20 14
20 18
21 2
21 9

# solution 243
# n=22 sym=rot2 status=verified source=flammenkamp_cache/n22_rot2
# code=:2639EF0H39ADGJ7H1K0ADG58BL1K4E258BCI4L67CIFJ
0 2
0 6
1 3
1 9
2 14
2 15
3 0
3 17
4 3
4 9
5 10
5 13
6 16
6 19
7 7
7 17
8 1
8 20
9 0
9 10
10 13
10 16
11 5
11 8
12 11
12 21
13 1
13 20
14 4
14 14
15 2
15 5
16 8
16 11
17 12
17 18
18 4
18 21
19 6
19 7
20 12
20 18
21 15
21 19

# solution 244
# n=22 sym=rot2 status=verified source=flammenkamp_cache/n22_rot2
# code=:CE683E4I1F8A2H5K0A9J0G5L2CBL1G4JBD6K3H7IDF79
0 12
0 14
1 6
1 8
2 3
2 14
3 4
3 18
4 1
4 15
5 8
5 10
6 2
6 17
7 5
7 20
8 0
8 10
9 9
9 19
10 0
10 16
11 5
11 21
12 2
12 12
13 11
13 21
14 1
14 16
15 4
15 19
16 11
16 13
17 6
17 20
18 3
18 17
19 7
19 18
20 13
20 15
21 7
21 9

# solution 245
# n=22 sym=rot2 status=verified source=flammenkamp_cache/n22_rot2
# code=:595E4FCLAI24DK17AI2LDF680J3BEK18HJ3B096H7GCG
0 5
0 9
1 5
1 14
2 4
2 15
3 12
3 21
4 10
4 18
5 2
5 4
6 13
6 20
7 1
7 7
8 10
8 18
9 2
9 21
10 13
10 15
11 6
11 8
12 0
12 19
13 3
13 11
14 14
14 20
15 1
15 8
16 17
16 19
17 3
17 11
18 0
18 9
19 6
19 17
20 7
20 16
21 12
21 16

# solution 246
# n=22 sym=rot2 status=verified source=flammenkamp_cache/n22_rot2
# code=:5F15CI8E7CHJAFIL2A01DH48KLBJ036B249E7D39GK6G
0 5
0 15
1 1
1 5
2 12
2 18
3 8
3 14
4 7
4 12
5 17
5 19
6 10
6 15
7 18
7 21
8 2
8 10
9 0
9 1
10 13
10 17
11 4
11 8
12 20
12 21
13 11
13 19
14 0
14 3
15 6
15 11
16 2
16 4
17 9
17 14
18 7
18 13
19 3
19 9
20 16
20 20
21 6
21 16

# solution 247
# n=22 sym=rot2 status=verified source=flammenkamp_cache/n22_rot2
# code=:CE6A4G1CEH0F5J3J081A3D8IBKDL2I2G6L479K5HBF79
0 12
0 14
1 6
1 10
2 4
2 16
3 1
3 12
4 14
4 17
5 0
5 15
6 5
6 19
7 3
7 19
8 0
8 8
9 1
9 10
10 3
10 13
11 8
11 18
12 11
12 20
13 13
13 21
14 2
14 18
15 2
15 16
16 6
16 21
17 4
17 7
18 9
18 20
19 5
19 17
20 11
20 15
21 7
21 9

# solution 248
# n=22 sym=rot2 status=verified source=flammenkamp_cache/n22_rot2
# code=:DF67CD7BGH4K02GIAI9L12JK0C3B35JL1H45AE89EF68
0 13
0 15
1 6
1 7
2 12
2 13
3 7
3 11
4 16
4 17
5 4
5 20
6 0
6 2
7 16
7 18
8 10
8 18
9 9
9 21
10 1
10 2
11 19
11 20
12 0
12 12
13 3
13 11
14 3
14 5
15 19
15 21
16 1
16 17
17 4
17 5
18 10
18 14
19 8
19 9
20 14
20 15
21 6
21 8

# solution 249
# n=22 sym=rot2 status=verified source=flammenkamp_cache/n22_rot2
# code=:DF674D7BGJ4C0KGI3A9L12JK0CBI351L9H25AE8HEF68
0 13
0 15
1 6
1 7
2 4
2 13
3 7
3 11
4 16
4 19
5 4
5 12
6 0
6 20
7 16
7 18
8 3
8 10
9 9
9 21
10 1
10 2
11 19
11 20
12 0
12 12
13 11
13 18
14 3
14 5
15 1
15 21
16 9
16 17
17 2
17 5
18 10
18 14
19 8
19 17
20 14
20 15
21 6
21 8

# solution 250
# n=22 sym=rot2 status=verified source=flammenkamp_cache/n22_rot2
# code=:58EJFLACFI48253EAK9L14HK0C1B7IGJDH369B0627DG
0 5
0 8
1 14
1 19
2 15
2 21
3 10
3 12
4 15
4 18
5 4
5 8
6 2
6 5
7 3
7 14
8 10
8 20
9 9
9 21
10 1
10 4
11 17
11 20
12 0
12 12
13 1
13 11
14 7
14 18
15 16
15 19
16 13
16 17
17 3
17 6
18 9
18 11
19 0
19 6
20 2
20 7
21 13
21 16

# solution 251
# n=22 sym=rot2 status=verified source=flammenkamp_cache/n22_rot2
# code=:56EH7B9C26HJGK0I1L8ADI38BD0K3L1524FJ9CAE47FG
0 5
0 6
1 14
1 17
2 7
2 11
3 9
3 12
4 2
4 6
5 17
5 19
6 16
6 20
7 0
7 18
8 1
8 21
9 8
9 10
10 13
10 18
11 3
11 8
12 11
12 13
13 0
13 20
14 3
14 21
15 1
15 5
16 2
16 4
17 15
17 19
18 9
18 12
19 10
19 14
20 4
20 7
21 15
21 16

# solution 252
# n=22 sym=rot2 status=verified source=flammenkamp_cache/n22_rot2
# code=:6B2H599DEG0K26EI0K4ADI38BH1L37FJ1L578CCG4JAF
0 6
0 11
1 2
1 17
2 5
2 9
3 9
3 13
4 14
4 16
5 0
5 20
6 2
6 6
7 14
7 18
8 0
8 20
9 4
9 10
10 13
10 18
11 3
11 8
12 11
12 17
13 1
13 21
14 3
14 7
15 15
15 19
16 1
16 21
17 5
17 7
18 8
18 12
19 12
19 16
20 4
20 19
21 10
21 15

# solution 253
# n=22 sym=rot2 status=verified source=flammenkamp_cache/n22_rot2
# code=:9BEG4K369D7JGK0604AJDI382BHLFL152E8CFI1H57AC
0 9
0 11
1 14
1 16
2 4
2 20
3 3
3 6
4 9
4 13
5 7
5 19
6 16
6 20
7 0
7 6
8 0
8 4
9 10
9 19
10 13
10 18
11 3
11 8
12 2
12 11
13 17
13 21
14 15
14 21
15 1
15 5
16 2
16 14
17 8
17 12
18 15
18 18
19 1
19 17
20 5
20 7
21 10
21 12

# solution 254
# n=22 sym=rot2 status=verified source=flammenkamp_cache/n22_rot2
# code=:9F39BE5HEG6J020K48AKDI381BDH1LJL2F574G7ACI6C
0 9
0 15
1 3
1 9
2 11
2 14
3 5
3 17
4 14
4 16
5 6
5 19
6 0
6 2
7 0
7 20
8 4
8 8
9 10
9 20
10 13
10 18
11 3
11 8
12 1
12 11
13 13
13 17
14 1
14 21
15 19
15 21
16 2
16 15
17 5
17 7
18 4
18 16
19 7
19 10
20 12
20 18
21 6
21 12

# solution 255
# n=22 sym=rot2 status=verified source=flammenkamp_cache/n22_rot2
# code=:DK685BCH57062HEI2A390K1LCIBJ374JFLEG49AGDF18
0 13
0 20
1 6
1 8
2 5
2 11
3 12
3 17
4 5
4 7
5 0
5 6
6 2
6 17
7 14
7 18
8 2
8 10
9 3
9 9
10 0
10 20
11 1
11 21
12 12
12 18
13 11
13 19
14 3
14 7
15 4
15 19
16 15
16 21
17 14
17 16
18 4
18 9
19 10
19 16
20 13
20 15
21 1
21 8

# solution 256
# n=22 sym=rot2 status=verified source=flammenkamp_cache/n22_rot2
# code=:4916DJ5HAE6I3E1L9AGL2D8J05BC0K7I3F7B4G28FKCH
0 4
0 9
1 1
1 6
2 13
2 19
3 5
3 17
4 10
4 14
5 6
5 18
6 3
6 14
7 1
7 21
8 9
8 10
9 16
9 21
10 2
10 13
11 8
11 19
12 0
12 5
13 11
13 12
14 0
14 20
15 7
15 18
16 3
16 15
17 7
17 11
18 4
18 16
19 2
19 8
20 15
20 20
21 12
21 17

# solution 257
# n=22 sym=rot2 status=verified source=flammenkamp_cache/n22_rot2
# code=:8D9EBE45JLFG134JAF39KL01CI6B2HIK5602GH7A7C8D
0 8
0 13
1 9
1 14
2 11
2 14
3 4
3 5
4 19
4 21
5 15
5 16
6 1
6 3
7 4
7 19
8 10
8 15
9 3
9 9
10 20
10 21
11 0
11 1
12 12
12 18
13 6
13 11
14 2
14 17
15 18
15 20
16 5
16 6
17 0
17 2
18 16
18 17
19 7
19 10
20 7
20 12
21 8
21 13

# solution 258
# n=22 sym=rot2 status=verified source=flammenkamp_cache/n22_rot2
# code=:DEAE4C6CFL45153JAIKL2D8J013B2IGKGH069F9H7B78
0 13
0 14
1 10
1 14
2 4
2 12
3 6
3 12
4 15
4 21
5 4
5 5
6 1
6 5
7 3
7 19
8 10
8 18
9 20
9 21
10 2
10 13
11 8
11 19
12 0
12 1
13 3
13 11
14 2
14 18
15 16
15 20
16 16
16 17
17 0
17 6
18 9
18 15
19 9
19 17
20 7
20 11
21 7
21 8

# solution 259
# n=22 sym=rot2 status=verified source=flammenkamp_cache/n22_rot2
# code=:5CGI4A7D0IFL7D14AJ691J2KCF2BHK8E063L8EBH359G
0 5
0 12
1 16
1 18
2 4
2 10
3 7
3 13
4 0
4 18
5 15
5 21
6 7
6 13
7 1
7 4
8 10
8 19
9 6
9 9
10 1
10 19
11 2
11 20
12 12
12 15
13 2
13 11
14 17
14 20
15 8
15 14
16 0
16 6
17 3
17 21
18 8
18 14
19 11
19 17
20 3
20 5
21 9
21 16

# solution 260
# n=22 sym=rot2 status=verified source=flammenkamp_cache/n22_rot2
# code=:394F8A4D3J01EJ1E6A9G5L0G5CBF7K27KL2I8HBD6HCI
0 3
0 9
1 4
1 15
2 8
2 10
3 4
3 13
4 3
4 19
5 0
5 1
6 14
6 19
7 1
7 14
8 6
8 10
9 9
9 16
10 5
10 21
11 0
11 16
12 5
12 12
13 11
13 15
14 7
14 20
15 2
15 7
16 20
16 21
17 2
17 18
18 8
18 17
19 11
19 13
20 6
20 17
21 12
21 18

# solution 261
# n=22 sym=rot2 status=verified source=flammenkamp_cache/n22_rot2
# code=:394F8A4D3J01EJEK6A9G05GL5CBF1727KL2I8HBD6HCI
0 3
0 9
1 4
1 15
2 8
2 10
3 4
3 13
4 3
4 19
5 0
5 1
6 14
6 19
7 14
7 20
8 6
8 10
9 9
9 16
10 0
10 5
11 16
11 21
12 5
12 12
13 11
13 15
14 1
14 7
15 2
15 7
16 20
16 21
17 2
17 18
18 8
18 17
19 11
19 13
20 6
20 17
21 12
21 18

# solution 262
# n=22 sym=rot2 status=verified source=flammenkamp_cache/n22_rot2
# code=:6G6CDG39EH473BJL0K1ADJ28BK1L02AIEH47CI589F5F
0 6
0 16
1 6
1 12
2 13
2 16
3 3
3 9
4 14
4 17
5 4
5 7
6 3
6 11
7 19
7 21
8 0
8 20
9 1
9 10
10 13
10 19
11 2
11 8
12 11
12 20
13 1
13 21
14 0
14 2
15 10
15 18
16 14
16 17
17 4
17 7
18 12
18 18
19 5
19 8
20 9
20 15
21 5
21 15

# solution 263
# n=22 sym=rot2 status=verified source=flammenkamp_cache/n22_rot2
# code=:CH5B7I57DH26CI0K06AKDJ281BFL1L39FJ48EG3EAG49
0 12
0 17
1 5
1 11
2 7
2 18
3 5
3 7
4 13
4 17
5 2
5 6
6 12
6 18
7 0
7 20
8 0
8 6
9 10
9 20
10 13
10 19
11 2
11 8
12 1
12 11
13 15
13 21
14 1
14 21
15 3
15 9
16 15
16 19
17 4
17 8
18 14
18 16
19 3
19 14
20 10
20 16
21 4
21 9

# solution 264
# n=22 sym=rot2 status=verified source=flammenkamp_cache/n22_rot2
# code=:AD6E47FI5I9H2L1L9A1GDJ285KBC0K0J4C3G36EH7F8B
0 10
0 13
1 6
1 14
2 4
2 7
3 15
3 18
4 5
4 18
5 9
5 17
6 2
6 21
7 1
7 21
8 9
8 10
9 1
9 16
10 13
10 19
11 2
11 8
12 5
12 20
13 11
13 12
14 0
14 20
15 0
15 19
16 4
16 12
17 3
17 16
18 3
18 6
19 14
19 17
20 7
20 15
21 8
21 11

# solution 265
# n=22 sym=rot2 status=verified source=flammenkamp_cache/n22_rot2
# code=:DE78ACJK236L1G4I4A09FG56CLBH3H5K0FIJ129BDE78
0 13
0 14
1 7
1 8
2 10
2 12
3 19
3 20
4 2
4 3
5 6
5 21
6 1
6 16
7 4
7 18
8 4
8 10
9 0
9 9
10 15
10 16
11 5
11 6
12 12
12 21
13 11
13 17
14 3
14 17
15 5
15 20
16 0
16 15
17 18
17 19
18 1
18 2
19 9
19 11
20 13
20 14
21 7
21 8

# solution 266
# n=22 sym=rot2 status=verified source=flammenkamp_cache/n22_rot2
# code=:59BF564I0DIKDE24AK7902JLCE1BHJ78138L3HFG6ACG
0 5
0 9
1 11
1 15
2 5
2 6
3 4
3 18
4 0
4 13
5 18
5 20
6 13
6 14
7 2
7 4
8 10
8 20
9 7
9 9
10 0
10 2
11 19
11 21
12 12
12 14
13 1
13 11
14 17
14 19
15 7
15 8
16 1
16 3
17 8
17 21
18 3
18 17
19 15
19 16
20 6
20 10
21 12
21 16

# solution 267
# n=22 sym=rot2 status=verified source=flammenkamp_cache/n22_rot2
# code=:6C582G9H7H0F7B3J0I1A1D8KBK3L2IAE6L4E4C5JDG9F
0 6
0 12
1 5
1 8
2 2
2 16
3 9
3 17
4 7
4 17
5 0
5 15
6 7
6 11
7 3
7 19
8 0
8 18
9 1
9 10
10 1
10 13
11 8
11 20
12 11
12 20
13 3
13 21
14 2
14 18
15 10
15 14
16 6
16 21
17 4
17 14
18 4
18 12
19 5
19 19
20 13
20 16
21 9
21 15

# solution 268
# n=22 sym=rot2 status=verified source=flammenkamp_cache/n22_rot2
# code=:4H8F692E3GAE1L9L5A3JDK182IBG0C0K7B5I7JCF6D4H
0 4
0 17
1 8
1 15
2 6
2 9
3 2
3 14
4 3
4 16
5 10
5 14
6 1
6 21
7 9
7 21
8 5
8 10
9 3
9 19
10 13
10 20
11 1
11 8
12 2
12 18
13 11
13 16
14 0
14 12
15 0
15 20
16 7
16 11
17 5
17 18
18 7
18 19
19 12
19 15
20 6
20 13
21 4
21 17

# solution 269
# n=22 sym=rot2 status=verified source=flammenkamp_cache/n22_rot2
# code=:9BFG4G2I379FDJ170A1LDH480KBLEK286CEI3J5H56AC
0 9
0 11
1 15
1 16
2 4
2 16
3 2
3 18
4 3
4 7
5 9
5 15
6 13
6 19
7 1
7 7
8 0
8 10
9 1
9 21
10 13
10 17
11 4
11 8
12 0
12 20
13 11
13 21
14 14
14 20
15 2
15 8
16 6
16 12
17 14
17 18
18 3
18 19
19 5
19 17
20 5
20 6
21 10
21 12

# solution 270
# n=22 sym=rot2 status=verified source=flammenkamp_cache/n22_rot2
# code=:EH7A891C5I1G6J2F0I4A0D8LBH3L6J2F5K3G9KCDBE47
0 14
0 17
1 7
1 10
2 8
2 9
3 1
3 12
4 5
4 18
5 1
5 16
6 6
6 19
7 2
7 15
8 0
8 18
9 4
9 10
10 0
10 13
11 8
11 21
12 11
12 17
13 3
13 21
14 6
14 19
15 2
15 15
16 5
16 20
17 3
17 16
18 9
18 20
19 12
19 13
20 11
20 14
21 4
21 7

# solution 271
# n=22 sym=rot2 status=verified source=flammenkamp_cache/n22_rot2
# code=:9ADE67HI9F5H2K0K5A23DL08IJBG1L1J4G6C34EF78BC
0 9
0 10
1 13
1 14
2 6
2 7
3 17
3 18
4 9
4 15
5 5
5 17
6 2
6 20
7 0
7 20
8 5
8 10
9 2
9 3
10 13
10 21
11 0
11 8
12 18
12 19
13 11
13 16
14 1
14 21
15 1
15 19
16 4
16 16
17 6
17 12
18 3
18 4
19 14
19 15
20 7
20 8
21 11
21 12

# solution 272
# n=22 sym=rot2 status=verified source=flammenkamp_cache/n22_rot2
# code=:9DEG7A1J4C6JGI0346AKDL081BFHIL352F9H2KBE578C
0 9
0 13
1 14
1 16
2 7
2 10
3 1
3 19
4 4
4 12
5 6
5 19
6 16
6 18
7 0
7 3
8 4
8 6
9 10
9 20
10 13
10 21
11 0
11 8
12 1
12 11
13 15
13 17
14 18
14 21
15 3
15 5
16 2
16 15
17 9
17 17
18 2
18 20
19 11
19 14
20 5
20 7
21 8
21 12

# solution 273
# n=22 sym=rot2 status=verified source=flammenkamp_cache/n22_rot2
# code=:69FH7D3H37AC2G01GKAJDL082B15KL5J9BEI4I8E46CF
0 6
0 9
1 15
1 17
2 7
2 13
3 3
3 17
4 3
4 7
5 10
5 12
6 2
6 16
7 0
7 1
8 16
8 20
9 10
9 19
10 13
10 21
11 0
11 8
12 2
12 11
13 1
13 5
14 20
14 21
15 5
15 19
16 9
16 11
17 14
17 18
18 4
18 18
19 8
19 14
20 4
20 6
21 12
21 15

# solution 274
# n=22 sym=rot2 status=verified source=flammenkamp_cache/n22_rot2
# code=:69FH7DHI37AC2G01GKAJDL082B15KL5J9BEI348E46CF
0 6
0 9
1 15
1 17
2 7
2 13
3 17
3 18
4 3
4 7
5 10
5 12
6 2
6 16
7 0
7 1
8 16
8 20
9 10
9 19
10 13
10 21
11 0
11 8
12 2
12 11
13 1
13 5
14 20
14 21
15 5
15 19
16 9
16 11
17 14
17 18
18 3
18 4
19 8
19 14
20 4
20 6
21 12
21 15

# solution 275
# n=22 sym=rot2 status=verified source=flammenkamp_cache/n22_rot2
# code=:7AEGCF4K56HL3D1JAD39JL02CI8B2K8I04FG1H6957BE
0 7
0 10
1 14
1 16
2 12
2 15
3 4
3 20
4 5
4 6
5 17
5 21
6 3
6 13
7 1
7 19
8 10
8 13
9 3
9 9
10 19
10 21
11 0
11 2
12 12
12 18
13 8
13 11
14 2
14 20
15 8
15 18
16 0
16 4
17 15
17 16
18 1
18 17
19 6
19 9
20 5
20 7
21 11
21 14

# solution 276
# n=22 sym=rot2 status=verified source=flammenkamp_cache/n22_rot2
# code=:5D9F495IFI4D0A0KJKAJ7E7E2B121LBL8H363GCH6C8G
0 5
0 13
1 9
1 15
2 4
2 9
3 5
3 18
4 15
4 18
5 4
5 13
6 0
6 10
7 0
7 20
8 19
8 20
9 10
9 19
10 7
10 14
11 7
11 14
12 2
12 11
13 1
13 2
14 1
14 21
15 11
15 21
16 8
16 17
17 3
17 6
18 3
18 16
19 12
19 17
20 6
20 12
21 8
21 16

# solution 277
# n=22 sym=rot2 status=verified source=flammenkamp_cache/n22_rot2
# code=:CD6H8C25HI1B27AL1FIL57EG036K0BEJAK34GJ9D4F89
0 12
0 13
1 6
1 17
2 8
2 12
3 2
3 5
4 17
4 18
5 1
5 11
6 2
6 7
7 10
7 21
8 1
8 15
9 18
9 21
10 5
10 7
11 14
11 16
12 0
12 3
13 6
13 20
14 0
14 11
15 14
15 19
16 10
16 20
17 3
17 4
18 16
18 19
19 9
19 13
20 4
20 15
21 8
21 9

# solution 278
# n=22 sym=rot2 status=verified source=flammenkamp_cache/n22_rot2
# code=:4BDH693I6KCE0K582LAJ57EG2B0JDG1L791F3ICF48AH
0 4
0 11
1 13
1 17
2 6
2 9
3 3
3 18
4 6
4 20
5 12
5 14
6 0
6 20
7 5
7 8
8 2
8 21
9 10
9 19
10 5
10 7
11 14
11 16
12 2
12 11
13 0
13 19
14 13
14 16
15 1
15 21
16 7
16 9
17 1
17 15
18 3
18 18
19 12
19 15
20 4
20 8
21 10
21 17

# solution 279
# n=22 sym=rot2 status=verified source=flammenkamp_cache/n22_rot2
# code=:29DH7LBJ9D166G4K0I3A7G5EBI3L1H5FFK8C2A0E48CJ
0 2
0 9
1 13
1 17
2 7
2 21
3 11
3 19
4 9
4 13
5 1
5 6
6 6
6 16
7 4
7 20
8 0
8 18
9 3
9 10
10 7
10 16
11 5
11 14
12 11
12 18
13 3
13 21
14 1
14 17
15 5
15 15
16 15
16 20
17 8
17 12
18 2
18 10
19 0
19 14
20 4
20 8
21 12
21 19

# solution 280
# n=22 sym=rot2 status=verified source=flammenkamp_cache/n22_rot2
# code=:AGDKDH35276C2I0KCLAF47EH6B091L3J9FEJGI48185B
0 10
0 16
1 13
1 20
2 13
2 17
3 3
3 5
4 2
4 7
5 6
5 12
6 2
6 18
7 0
7 20
8 12
8 21
9 10
9 15
10 4
10 7
11 14
11 17
12 6
12 11
13 0
13 9
14 1
14 21
15 3
15 19
16 9
16 15
17 14
17 19
18 16
18 18
19 4
19 8
20 1
20 8
21 5
21 11

# solution 281
# n=22 sym=rot2 status=verified source=flammenkamp_cache/n22_rot2
# code=:AE496D1I9J1D6I05JLAG47EH5B02GL3F8K2C3K8FCH7B
0 10
0 14
1 4
1 9
2 6
2 13
3 1
3 18
4 9
4 19
5 1
5 13
6 6
6 18
7 0
7 5
8 19
8 21
9 10
9 16
10 4
10 7
11 14
11 17
12 5
12 11
13 0
13 2
14 16
14 21
15 3
15 15
16 8
16 20
17 2
17 12
18 3
18 20
19 8
19 15
20 12
20 17
21 7
21 11

# solution 282
# n=22 sym=rot2 status=verified source=flammenkamp_cache/n22_rot2
# code=:6E3C8H2I5B02HKBF019D57EG8CKL6A14JLAG3J4D9I7F
0 6
0 14
1 3
1 12
2 8
2 17
3 2
3 18
4 5
4 11
5 0
5 2
6 17
6 20
7 11
7 15
8 0
8 1
9 9
9 13
10 5
10 7
11 14
11 16
12 8
12 12
13 20
13 21
14 6
14 10
15 1
15 4
16 19
16 21
17 10
17 16
18 3
18 19
19 4
19 13
20 9
20 18
21 7
21 15

# solution 283
# n=22 sym=rot2 status=verified source=flammenkamp_cache/n22_rot2
# code=:4B8D0GFKCI7F052KIJAC47EH9B231JGL6E39165L8DAH
0 4
0 11
1 8
1 13
2 0
2 16
3 15
3 20
4 12
4 18
5 7
5 15
6 0
6 5
7 2
7 20
8 18
8 19
9 10
9 12
10 4
10 7
11 14
11 17
12 9
12 11
13 2
13 3
14 1
14 19
15 16
15 21
16 6
16 14
17 3
17 9
18 1
18 6
19 5
19 21
20 8
20 13
21 10
21 17

# solution 284
# n=22 sym=rot2 status=verified source=flammenkamp_cache/n22_rot2
# code=:896AEKDG2A6J3GKL09347H4EHICL015I2FBJ5817BFCD
0 8
0 9
1 6
1 10
2 14
2 20
3 13
3 16
4 2
4 10
5 6
5 19
6 3
6 16
7 20
7 21
8 0
8 9
9 3
9 4
10 7
10 17
11 4
11 14
12 17
12 18
13 12
13 21
14 0
14 1
15 5
15 18
16 2
16 15
17 11
17 19
18 5
18 8
19 1
19 7
20 11
20 15
21 12
21 13

# solution 285
# n=22 sym=rot2 status=verified source=flammenkamp_cache/n22_rot2
# code=:8HAC5613FJ0D15EJAC3L7H4E0I9B27GK8L26IKFG9B4D
0 8
0 17
1 10
1 12
2 5
2 6
3 1
3 3
4 15
4 19
5 0
5 13
6 1
6 5
7 14
7 19
8 10
8 12
9 3
9 21
10 7
10 17
11 4
11 14
12 0
12 18
13 9
13 11
14 2
14 7
15 16
15 20
16 8
16 21
17 2
17 6
18 18
18 20
19 15
19 16
20 9
20 11
21 4
21 13

# solution 286
# n=22 sym=rot2 status=verified source=flammenkamp_cache/n22_rot2
# code=:25AFACDF5H1D23179LIL7H4E030CEKIJ8K4G689B6BGJ
0 2
0 5
1 10
1 15
2 10
2 12
3 13
3 15
4 5
4 17
5 1
5 13
6 2
6 3
7 1
7 7
8 9
8 21
9 18
9 21
10 7
10 17
11 4
11 14
12 0
12 3
13 0
13 12
14 14
14 20
15 18
15 19
16 8
16 20
17 4
17 16
18 6
18 8
19 9
19 11
20 6
20 11
21 16
21 19

# solution 287
# n=22 sym=rot2 status=verified source=flammenkamp_cache/n22_rot2
# code=:8A57DKGH2A6L36CJ391L7H4E0KCI29FI0FBJ4518EGBD
0 8
0 10
1 5
1 7
2 13
2 20
3 16
3 17
4 2
4 10
5 6
5 21
6 3
6 6
7 12
7 19
8 3
8 9
9 1
9 21
10 7
10 17
11 4
11 14
12 0
12 20
13 12
13 18
14 2
14 9
15 15
15 18
16 0
16 15
17 11
17 19
18 4
18 5
19 1
19 8
20 14
20 16
21 11
21 13

# solution 288
# n=22 sym=rot2 status=verified source=flammenkamp_cache/n22_rot2
# code=:4K295D3FDG7AFK9L024A37EIBHJL0C16BE586I8GCJ1H
0 4
0 20
1 2
1 9
2 5
2 13
3 3
3 15
4 13
4 16
5 7
5 10
6 15
6 20
7 9
7 21
8 0
8 2
9 4
9 10
10 3
10 7
11 14
11 18
12 11
12 17
13 19
13 21
14 0
14 12
15 1
15 6
16 11
16 14
17 5
17 8
18 6
18 18
19 8
19 16
20 12
20 19
21 1
21 17

# solution 289
# n=22 sym=rot2 status=verified source=flammenkamp_cache/n22_rot2
# code=:697HJK1D9JAD6G034LAG7I3E5B0HIL5F8B2C8K124ECF
0 6
0 9
1 7
1 17
2 19
2 20
3 1
3 13
4 9
4 19
5 10
5 13
6 6
6 16
7 0
7 3
8 4
8 21
9 10
9 16
10 7
10 18
11 3
11 14
12 5
12 11
13 0
13 17
14 18
14 21
15 5
15 15
16 8
16 11
17 2
17 12
18 8
18 20
19 1
19 2
20 4
20 14
21 12
21 15

# solution 290
# n=22 sym=rot2 status=verified source=flammenkamp_cache/n22_rot2
# code=:AC5A37DH6G13HL1L9D2627EJFJ8C0K04IK5F48EIBG9B
0 10
0 12
1 5
1 10
2 3
2 7
3 13
3 17
4 6
4 16
5 1
5 3
6 17
6 21
7 1
7 21
8 9
8 13
9 2
9 6
10 2
10 7
11 14
11 19
12 15
12 19
13 8
13 12
14 0
14 20
15 0
15 4
16 18
16 20
17 5
17 15
18 4
18 8
19 14
19 18
20 11
20 16
21 9
21 11

# solution 291
# n=22 sym=rot2 status=verified source=flammenkamp_cache/n22_rot2
# code=:AGBJ4G9F031E3DFL9D147J2EHK8C068I7KIL6C5H2A5B
0 10
0 16
1 11
1 19
2 4
2 16
3 9
3 15
4 0
4 3
5 1
5 14
6 3
6 13
7 15
7 21
8 9
8 13
9 1
9 4
10 7
10 19
11 2
11 14
12 17
12 20
13 8
13 12
14 0
14 6
15 8
15 18
16 7
16 20
17 18
17 21
18 6
18 12
19 5
19 17
20 2
20 10
21 5
21 11

# solution 292
# n=22 sym=rot2 status=verified source=flammenkamp_cache/n22_rot2
# code=:BF8C8G3BJK3F04EG49JL17EK02CH57HL6I12AI5D9D6A
0 11
0 15
1 8
1 12
2 8
2 16
3 3
3 11
4 19
4 20
5 3
5 15
6 0
6 4
7 14
7 16
8 4
8 9
9 19
9 21
10 1
10 7
11 14
11 20
12 0
12 2
13 12
13 17
14 5
14 7
15 17
15 21
16 6
16 18
17 1
17 2
18 10
18 18
19 5
19 13
20 9
20 13
21 6
21 10

# solution 293
# n=22 sym=rot2 status=verified source=flammenkamp_cache/n22_rot2
# code=:8C26CG5H2HBD07AKFIIL17EK03361BEL8A4J4G59FJ9D
0 8
0 12
1 2
1 6
2 12
2 16
3 5
3 17
4 2
4 17
5 11
5 13
6 0
6 7
7 10
7 20
8 15
8 18
9 18
9 21
10 1
10 7
11 14
11 20
12 0
12 3
13 3
13 6
14 1
14 11
15 14
15 21
16 8
16 10
17 4
17 19
18 4
18 16
19 5
19 9
20 15
20 19
21 9
21 13

# solution 294
# n=22 sym=rot2 status=verified source=flammenkamp_cache/n22_rot2
# code=:8CEH9I35250FAD2LHK6A17EKBF140J8B6LGJGI3C479D
0 8
0 12
1 14
1 17
2 9
2 18
3 3
3 5
4 2
4 5
5 0
5 15
6 10
6 13
7 2
7 21
8 17
8 20
9 6
9 10
10 1
10 7
11 14
11 20
12 11
12 15
13 1
13 4
14 0
14 19
15 8
15 11
16 6
16 21
17 16
17 19
18 16
18 18
19 3
19 12
20 4
20 7
21 9
21 13

# solution 295
# n=22 sym=rot2 status=verified source=flammenkamp_cache/n22_rot2
# code=:BF58BECG34DF02JL39147K1EHKCI02JL68HI597ADG6A
0 11
0 15
1 5
1 8
2 11
2 14
3 12
3 16
4 3
4 4
5 13
5 15
6 0
6 2
7 19
7 21
8 3
8 9
9 1
9 4
10 7
10 20
11 1
11 14
12 17
12 20
13 12
13 18
14 0
14 2
15 19
15 21
16 6
16 8
17 17
17 18
18 5
18 9
19 7
19 10
20 13
20 16
21 6
21 10

# solution 296
# n=22 sym=rot2 status=verified source=flammenkamp_cache/n22_rot2
# code=:BDHJ6934CDEG030K6GAJ7K1E2B5F1LIL5789HICF248A
0 11
0 13
1 17
1 19
2 6
2 9
3 3
3 4
4 12
4 13
5 14
5 16
6 0
6 3
7 0
7 20
8 6
8 16
9 10
9 19
10 7
10 20
11 1
11 14
12 2
12 11
13 5
13 15
14 1
14 21
15 18
15 21
16 5
16 7
17 8
17 9
18 17
18 18
19 12
19 15
20 2
20 4
21 8
21 10

# solution 297
# n=22 sym=rot2 status=verified source=flammenkamp_cache/n22_rot2
# code=:7D7AFHHI6C0235BG1K9D02JL8C1K5AGIJL9F3446BE8E
0 7
0 13
1 7
1 10
2 15
2 17
3 17
3 18
4 6
4 12
5 0
5 2
6 3
6 5
7 11
7 16
8 1
8 20
9 9
9 13
10 0
10 2
11 19
11 21
12 8
12 12
13 1
13 20
14 5
14 10
15 16
15 18
16 19
16 21
17 9
17 15
18 3
18 4
19 4
19 6
20 11
20 14
21 8
21 14

# solution 298
# n=22 sym=rot2 status=verified source=flammenkamp_cache/n22_rot2
# code=:4B9D5I4G9D7FIK2K0JAF07EL6B2L1J136E8C5H3G8CAH
0 4
0 11
1 9
1 13
2 5
2 18
3 4
3 16
4 9
4 13
5 7
5 15
6 18
6 20
7 2
7 20
8 0
8 19
9 10
9 15
10 0
10 7
11 14
11 21
12 6
12 11
13 2
13 21
14 1
14 19
15 1
15 3
16 6
16 14
17 8
17 12
18 5
18 17
19 3
19 16
20 8
20 12
21 10
21 17

# solution 299
# n=22 sym=rot2 status=verified source=flammenkamp_cache/n22_rot2
# code=:BD8H1936CFHK0235EGAJ07EL2B57GIJL1469FICK4D8A
0 11
0 13
1 8
1 17
2 1
2 9
3 3
3 6
4 12
4 15
5 17
5 20
6 0
6 2
7 3
7 5
8 14
8 16
9 10
9 19
10 0
10 7
11 14
11 21
12 2
12 11
13 5
13 7
14 16
14 18
15 19
15 21
16 1
16 4
17 6
17 9
18 15
18 18
19 12
19 20
20 4
20 13
21 8
21 10

# solution 300
# n=22 sym=rot2 status=verified source=flammenkamp_cache/n22_rot2
# code=:8D5I4KACFI5C2K4J7AFL7L0E06BE2H1J9G369B1H3G8D
0 8
0 13
1 5
1 18
2 4
2 20
3 10
3 12
4 15
4 18
5 5
5 12
6 2
6 20
7 4
7 19
8 7
8 10
9 15
9 21
10 7
10 21
11 0
11 14
12 0
12 6
13 11
13 14
14 2
14 17
15 1
15 19
16 9
16 16
17 3
17 6
18 9
18 11
19 1
19 17
20 3
20 16
21 8
21 13

# solution 301
# n=22 sym=rot2 status=verified source=flammenkamp_cache/n22_rot2
# code=:8FCH583J56HJ1A9E013A7L0EBIKL7CBK24FG2IDG496D
0 8
0 15
1 12
1 17
2 5
2 8
3 3
3 19
4 5
4 6
5 17
5 19
6 1
6 10
7 9
7 14
8 0
8 1
9 3
9 10
10 7
10 21
11 0
11 14
12 11
12 18
13 20
13 21
14 7
14 12
15 11
15 20
16 2
16 4
17 15
17 16
18 2
18 18
19 13
19 16
20 4
20 9
21 6
21 13

# solution 302
# n=22 sym=rot2 status=verified source=flammenkamp_cache/n22_rot2
# code=:1F9JDF59EJ4IAG4A080K3E7I1LDLBH5B3H27CG682C6K
0 1
0 15
1 9
1 19
2 13
2 15
3 5
3 9
4 14
4 19
5 4
5 18
6 10
6 16
7 4
7 10
8 0
8 8
9 0
9 20
10 3
10 14
11 7
11 18
12 1
12 21
13 13
13 21
14 11
14 17
15 5
15 11
16 3
16 17
17 2
17 7
18 12
18 16
19 6
19 8
20 2
20 12
21 6
21 20

# solution 303
# n=22 sym=rot2 status=verified source=flammenkamp_cache/n22_rot2
# code=:8C4F3G9J0E4AGJAK680E1I3K7LDF1B25BH7L2C5I6H9D
0 8
0 12
1 4
1 15
2 3
2 16
3 9
3 19
4 0
4 14
5 4
5 10
6 16
6 19
7 10
7 20
8 6
8 8
9 0
9 14
10 1
10 18
11 3
11 20
12 7
12 21
13 13
13 15
14 1
14 11
15 2
15 5
16 11
16 17
17 7
17 21
18 2
18 12
19 5
19 18
20 6
20 17
21 9
21 13

# solution 304
# n=22 sym=rot2 status=verified source=flammenkamp_cache/n22_rot2
# code=:CE8JDE6LFIAI145A029G14HK5CJLBGHK3B360F782D79
0 12
0 14
1 8
1 19
2 13
2 14
3 6
3 21
4 15
4 18
5 10
5 18
6 1
6 4
7 5
7 10
8 0
8 2
9 9
9 16
10 1
10 4
11 17
11 20
12 5
12 12
13 19
13 21
14 11
14 16
15 17
15 20
16 3
16 11
17 3
17 6
18 0
18 15
19 7
19 8
20 2
20 13
21 7
21 9

# solution 305
# n=22 sym=rot2 status=verified source=flammenkamp_cache/n22_rot2
# code=:6C358ECH1L3AGH6A8LEJ12JK270DBF45BI0K497DGI9F
0 6
0 12
1 3
1 5
2 8
2 14
3 12
3 17
4 1
4 21
5 3
5 10
6 16
6 17
7 6
7 10
8 8
8 21
9 14
9 19
10 1
10 2
11 19
11 20
12 2
12 7
13 0
13 13
14 11
14 15
15 4
15 5
16 11
16 18
17 0
17 20
18 4
18 9
19 7
19 13
20 16
20 18
21 9
21 15

# solution 306
# n=22 sym=rot2 status=verified source=flammenkamp_cache/n22_rot2
# code=:7DEF592IDF4A2I5A0K9HKL014C1LBG3JBH683JCG678E
0 7
0 13
1 14
1 15
2 5
2 9
3 2
3 18
4 13
4 15
5 4
5 10
6 2
6 18
7 5
7 10
8 0
8 20
9 9
9 17
10 20
10 21
11 0
11 1
12 4
12 12
13 1
13 21
14 11
14 16
15 3
15 19
16 11
16 17
17 6
17 8
18 3
18 19
19 12
19 16
20 6
20 7
21 8
21 14

# solution 307
# n=22 sym=rot2 status=verified source=flammenkamp_cache/n22_rot2
# code=:7D6CDEHI256A3JAG0K9H01KL4C1L5B2IBFGJ34789F8E
0 7
0 13
1 6
1 12
2 13
2 14
3 17
3 18
4 2
4 5
5 6
5 10
6 3
6 19
7 10
7 16
8 0
8 20
9 9
9 17
10 0
10 1
11 20
11 21
12 4
12 12
13 1
13 21
14 5
14 11
15 2
15 18
16 11
16 15
17 16
17 19
18 3
18 4
19 7
19 8
20 9
20 15
21 8
21 14

# solution 308
# n=22 sym=rot2 status=verified source=flammenkamp_cache/n22_rot2
# code=:7D6CDEHI256A23AG0K9H01KL4C1L5BIJBFGJ34789F8E
0 7
0 13
1 6
1 12
2 13
2 14
3 17
3 18
4 2
4 5
5 6
5 10
6 2
6 3
7 10
7 16
8 0
8 20
9 9
9 17
10 0
10 1
11 20
11 21
12 4
12 12
13 1
13 21
14 5
14 11
15 18
15 19
16 11
16 15
17 16
17 19
18 3
18 4
19 7
19 8
20 9
20 15
21 8
21 14

# solution 309
# n=22 sym=rot2 status=verified source=flammenkamp_cache/n22_rot2
# code=:4A1B798I2F2H0I0F598KEG571DCG6L3L4J6J3DCEAKBH
0 4
0 10
1 1
1 11
2 7
2 9
3 8
3 18
4 2
4 15
5 2
5 17
6 0
6 18
7 0
7 15
8 5
8 9
9 8
9 20
10 14
10 16
11 5
11 7
12 1
12 13
13 12
13 16
14 6
14 21
15 3
15 21
16 4
16 19
17 6
17 19
18 3
18 13
19 12
19 14
20 10
20 20
21 11
21 17

# solution 310
# n=22 sym=rot2 status=verified source=flammenkamp_cache/n22_rot2
# code=:384A19DJ4K0AEF05693JEG572ICFGL67BL1H28CKBHDI
0 3
0 8
1 4
1 10
2 1
2 9
3 13
3 19
4 4
4 20
5 0
5 10
6 14
6 15
7 0
7 5
8 6
8 9
9 3
9 19
10 14
10 16
11 5
11 7
12 2
12 18
13 12
13 15
14 16
14 21
15 6
15 7
16 11
16 21
17 1
17 17
18 2
18 8
19 12
19 20
20 11
20 17
21 13
21 18

# solution 311
# n=22 sym=rot2 status=verified source=flammenkamp_cache/n22_rot2
# code=:3D4A19DJ4K0AEF05693JEG572ICFGL67BL1H28CKBH8I
0 3
0 13
1 4
1 10
2 1
2 9
3 13
3 19
4 4
4 20
5 0
5 10
6 14
6 15
7 0
7 5
8 6
8 9
9 3
9 19
10 14
10 16
11 5
11 7
12 2
12 18
13 12
13 15
14 16
14 21
15 6
15 7
16 11
16 21
17 1
17 17
18 2
18 8
19 12
19 20
20 11
20 17
21 8
21 18

# solution 312
# n=22 sym=rot2 status=verified source=flammenkamp_cache/n22_rot2
# code=:AD9JFJ469L1DGL7G13AI4E7H3BIK5E058K0CFH262C8B
0 10
0 13
1 9
1 19
2 15
2 19
3 4
3 6
4 9
4 21
5 1
5 13
6 16
6 21
7 7
7 16
8 1
8 3
9 10
9 18
10 4
10 14
11 7
11 17
12 3
12 11
13 18
13 20
14 5
14 14
15 0
15 5
16 8
16 20
17 0
17 12
18 15
18 17
19 2
19 6
20 2
20 12
21 8
21 11

# solution 313
# n=22 sym=rot2 status=verified source=flammenkamp_cache/n22_rot2
# code=:DE9ADF3I562CGLHJ01AK4E7H1BKL24059JFG3I68BC78
0 13
0 14
1 9
1 10
2 13
2 15
3 3
3 18
4 5
4 6
5 2
5 12
6 16
6 21
7 17
7 19
8 0
8 1
9 10
9 20
10 4
10 14
11 7
11 17
12 1
12 11
13 20
13 21
14 2
14 4
15 0
15 5
16 9
16 19
17 15
17 16
18 3
18 18
19 6
19 8
20 11
20 12
21 7
21 8

# solution 314
# n=22 sym=rot2 status=verified source=flammenkamp_cache/n22_rot2
# code=:7C5H8CFKBL4I1G6A28072I3JELDJBF5K3H0A169D4G9E
0 7
0 12
1 5
1 17
2 8
2 12
3 15
3 20
4 11
4 21
5 4
5 18
6 1
6 16
7 6
7 10
8 2
8 8
9 0
9 7
10 2
10 18
11 3
11 19
12 14
12 21
13 13
13 19
14 11
14 15
15 5
15 20
16 3
16 17
17 0
17 10
18 1
18 6
19 9
19 13
20 4
20 16
21 9
21 14

# solution 315
# n=22 sym=rot2 status=verified source=flammenkamp_cache/n22_rot2
# code=:7C5H8CFKBL341G6A28072I3JELDJBF5KHI0A169D4G9E
0 7
0 12
1 5
1 17
2 8
2 12
3 15
3 20
4 11
4 21
5 3
5 4
6 1
6 16
7 6
7 10
8 2
8 8
9 0
9 7
10 2
10 18
11 3
11 19
12 14
12 21
13 13
13 19
14 11
14 15
15 5
15 20
16 17
16 18
17 0
17 10
18 1
18 6
19 9
19 13
20 4
20 16
21 9
21 14

# solution 316
# n=22 sym=rot2 status=verified source=flammenkamp_cache/n22_rot2
# code=:6B1D3C7I6C08HK2G5A02EH47JLBG5J14DL9F3E9I8KAF
0 6
0 11
1 1
1 13
2 3
2 12
3 7
3 18
4 6
4 12
5 0
5 8
6 17
6 20
7 2
7 16
8 5
8 10
9 0
9 2
10 14
10 17
11 4
11 7
12 19
12 21
13 11
13 16
14 5
14 19
15 1
15 4
16 13
16 21
17 9
17 15
18 3
18 14
19 9
19 18
20 8
20 20
21 10
21 15

# solution 317
# n=22 sym=rot2 status=verified source=flammenkamp_cache/n22_rot2
# code=:4C68DI491BGJ5J1A6L07EI37EL0FBK2G25AKCH38DF9H
0 4
0 12
1 6
1 8
2 13
2 18
3 4
3 9
4 1
4 11
5 16
5 19
6 5
6 19
7 1
7 10
8 6
8 21
9 0
9 7
10 14
10 18
11 3
11 7
12 14
12 21
13 0
13 15
14 11
14 20
15 2
15 16
16 2
16 5
17 10
17 20
18 12
18 17
19 3
19 8
20 13
20 15
21 9
21 17

# solution 318
# n=22 sym=rot2 status=verified source=flammenkamp_cache/n22_rot2
# code=:5CCF473K8KBH58AFJL02EI37JL026BDG4A1D1IEH699G
0 5
0 12
1 12
1 15
2 4
2 7
3 3
3 20
4 8
4 20
5 11
5 17
6 5
6 8
7 10
7 15
8 19
8 21
9 0
9 2
10 14
10 18
11 3
11 7
12 19
12 21
13 0
13 2
14 6
14 11
15 13
15 16
16 4
16 10
17 1
17 13
18 1
18 18
19 14
19 17
20 6
20 9
21 9
21 16

# solution 319
# n=22 sym=rot2 status=verified source=flammenkamp_cache/n22_rot2
# code=:9J6A5D1D450F4J3K0EACEI379B7L1I2H6LGH8K8GBF2C
0 9
0 19
1 6
1 10
2 5
2 13
3 1
3 13
4 4
4 5
5 0
5 15
6 4
6 19
7 3
7 20
8 0
8 14
9 10
9 12
10 14
10 18
11 3
11 7
12 9
12 11
13 7
13 21
14 1
14 18
15 2
15 17
16 6
16 21
17 16
17 17
18 8
18 20
19 8
19 16
20 11
20 15
21 2
21 12

# solution 320
# n=22 sym=rot2 status=verified source=flammenkamp_cache/n22_rot2
# code=:7C2G6B148I3D0HAF5J9E01KL7C2G6B4L8I3DHKAF5J9E
0 7
0 12
1 2
1 16
2 6
2 11
3 1
3 4
4 8
4 18
5 3
5 13
6 0
6 17
7 10
7 15
8 5
8 19
9 9
9 14
10 0
10 1
11 20
11 21
12 7
12 12
13 2
13 16
14 6
14 11
15 4
15 21
16 8
16 18
17 3
17 13
18 17
18 20
19 10
19 15
20 5
20 19
21 9
21 14

# solution 321
# n=22 sym=rot2 status=verified source=flammenkamp_cache/n22_rot2
# code=:DF56BE8K3H3JEHAL199L2G5J0CCK0B472I4I1D7AFG68
0 13
0 15
1 5
1 6
2 11
2 14
3 8
3 20
4 3
4 17
5 3
5 19
6 14
6 17
7 10
7 21
8 1
8 9
9 9
9 21
10 2
10 16
11 5
11 19
12 0
12 12
13 12
13 20
14 0
14 11
15 4
15 7
16 2
16 18
17 4
17 18
18 1
18 13
19 7
19 10
20 15
20 16
21 6
21 8

# solution 322
# n=22 sym=rot2 status=verified source=flammenkamp_cache/n22_rot2
# code=:584EBE4D2I9J15AF6L9IKL013C0F6BGK2C3J8H7A7HDG
0 5
0 8
1 4
1 14
2 11
2 14
3 4
3 13
4 2
4 18
5 9
5 19
6 1
6 5
7 10
7 15
8 6
8 21
9 9
9 18
10 20
10 21
11 0
11 1
12 3
12 12
13 0
13 15
14 6
14 11
15 16
15 20
16 2
16 12
17 3
17 19
18 8
18 17
19 7
19 10
20 7
20 17
21 13
21 16

# solution 323
# n=22 sym=rot2 status=verified source=flammenkamp_cache/n22_rot2
# code=:58BF57CIFI1H0C04JK8A2E7JBD12HL9L4K3639EG6ADG
0 5
0 8
1 11
1 15
2 5
2 7
3 12
3 18
4 15
4 18
5 1
5 17
6 0
6 12
7 0
7 4
8 19
8 20
9 8
9 10
10 2
10 14
11 7
11 19
12 11
12 13
13 1
13 2
14 17
14 21
15 9
15 21
16 4
16 20
17 3
17 6
18 3
18 9
19 14
19 16
20 6
20 10
21 13
21 16

# solution 324
# n=22 sym=rot2 status=verified source=flammenkamp_cache/n22_rot2
# code=:039D8C46BH06JK1G3A7G2E7J5EBI5K12FL4AFH9D8CIL
0 0
0 3
1 9
1 13
2 8
2 12
3 4
3 6
4 11
4 17
5 0
5 6
6 19
6 20
7 1
7 16
8 3
8 10
9 7
9 16
10 2
10 14
11 7
11 19
12 5
12 14
13 11
13 18
14 5
14 20
15 1
15 2
16 15
16 21
17 4
17 10
18 15
18 17
19 9
19 13
20 8
20 12
21 18
21 21

# solution 325
# n=22 sym=rot2 status=verified source=flammenkamp_cache/n22_rot2
# code=:CE58AG67CF0KHLAH28IJ13IK23DJ4B041L69EF5BDG79
0 12
0 14
1 5
1 8
2 10
2 16
3 6
3 7
4 12
4 15
5 0
5 20
6 17
6 21
7 10
7 17
8 2
8 8
9 18
9 19
10 1
10 3
11 18
11 20
12 2
12 3
13 13
13 19
14 4
14 11
15 0
15 4
16 1
16 21
17 6
17 9
18 14
18 15
19 5
19 11
20 13
20 16
21 7
21 9

# solution 326
# n=22 sym=rot2 status=verified source=flammenkamp_cache/n22_rot2
# code=:7CEH6ADHIJ1318AG5L29FL06CJ0G5BDKIK2348BF479E
0 7
0 12
1 14
1 17
2 6
2 10
3 13
3 17
4 18
4 19
5 1
5 3
6 1
6 8
7 10
7 16
8 5
8 21
9 2
9 9
10 15
10 21
11 0
11 6
12 12
12 19
13 0
13 16
14 5
14 11
15 13
15 20
16 18
16 20
17 2
17 3
18 4
18 8
19 11
19 15
20 4
20 7
21 9
21 14

# solution 327
# n=22 sym=rot2 status=verified source=flammenkamp_cache/n22_rot2
# code=:8H036ADF9H2E7KAGJK3905GLCI125B1E7J4C68BFIL4D
0 8
0 17
1 0
1 3
2 6
2 10
3 13
3 15
4 9
4 17
5 2
5 14
6 7
6 20
7 10
7 16
8 19
8 20
9 3
9 9
10 0
10 5
11 16
11 21
12 12
12 18
13 1
13 2
14 5
14 11
15 1
15 14
16 7
16 19
17 4
17 12
18 6
18 8
19 11
19 15
20 18
20 21
21 4
21 13

# solution 328
# n=22 sym=rot2 status=verified source=flammenkamp_cache/n22_rot2
# code=:360B591DAG1H682E9LHIEJ27340C7JDF4K5B8KCGALFI
0 3
0 6
1 0
1 11
2 5
2 9
3 1
3 13
4 10
4 16
5 1
5 17
6 6
6 8
7 2
7 14
8 9
8 21
9 17
9 18
10 14
10 19
11 2
11 7
12 3
12 4
13 0
13 12
14 7
14 19
15 13
15 15
16 4
16 20
17 5
17 11
18 8
18 20
19 12
19 16
20 10
20 21
21 15
21 18

# solution 329
# n=22 sym=rot2 status=verified source=flammenkamp_cache/n22_rot2
# code=:EH89AG79JK0FHL1A58IJ36FI23DGBK046L12CE5BCD47
0 14
0 17
1 8
1 9
2 10
2 16
3 7
3 9
4 19
4 20
5 0
5 15
6 17
6 21
7 1
7 10
8 5
8 8
9 18
9 19
10 3
10 6
11 15
11 18
12 2
12 3
13 13
13 16
14 11
14 20
15 0
15 4
16 6
16 21
17 1
17 2
18 12
18 14
19 5
19 11
20 12
20 13
21 4
21 7

# solution 330
# n=22 sym=rot2 status=verified source=flammenkamp_cache/n22_rot2
# code=:6C9E1H5H2808BGIJIL6A1E7KBF03235ADLDJ4G4K7C9F
0 6
0 12
1 9
1 14
2 1
2 17
3 5
3 17
4 2
4 8
5 0
5 8
6 11
6 16
7 18
7 19
8 18
8 21
9 6
9 10
10 1
10 14
11 7
11 20
12 11
12 15
13 0
13 3
14 2
14 3
15 5
15 10
16 13
16 21
17 13
17 19
18 4
18 16
19 4
19 20
20 7
20 12
21 9
21 15

# solution 331
# n=22 sym=rot2 status=verified source=flammenkamp_cache/n22_rot2
# code=:6G4B9EGJ1469DJILAD0IEK173L8B0328CFHK257CAH5F
0 6
0 16
1 4
1 11
2 9
2 14
3 16
3 19
4 1
4 4
5 6
5 9
6 13
6 19
7 18
7 21
8 10
8 13
9 0
9 18
10 14
10 20
11 1
11 7
12 3
12 21
13 8
13 11
14 0
14 3
15 2
15 8
16 12
16 15
17 17
17 20
18 2
18 5
19 7
19 12
20 10
20 17
21 5
21 15

# solution 332
# n=22 sym=rot2 status=verified source=flammenkamp_cache/n22_rot2
# code=:78CF2FAGGK24AL4D390IEK173LCI8H0BHJ155B6J69DE
0 7
0 8
1 12
1 15
2 2
2 15
3 10
3 16
4 16
4 20
5 2
5 4
6 10
6 21
7 4
7 13
8 3
8 9
9 0
9 18
10 14
10 20
11 1
11 7
12 3
12 21
13 12
13 18
14 8
14 17
15 0
15 11
16 17
16 19
17 1
17 5
18 5
18 11
19 6
19 19
20 6
20 9
21 13
21 14

# solution 333
# n=22 sym=rot2 status=verified source=flammenkamp_cache/n22_rot2
# code=:7D5AFJDH6902EIAG1K3904HLCI1K5B37JLCF4826BG8E
0 7
0 13
1 5
1 10
2 15
2 19
3 13
3 17
4 6
4 9
5 0
5 2
6 14
6 18
7 10
7 16
8 1
8 20
9 3
9 9
10 0
10 4
11 17
11 21
12 12
12 18
13 1
13 20
14 5
14 11
15 3
15 7
16 19
16 21
17 12
17 15
18 4
18 8
19 2
19 6
20 11
20 16
21 8
21 14

# solution 334
# n=22 sym=rot2 status=verified source=flammenkamp_cache/n22_rot2
# code=:6DAE9D256I2EHI0A4K590K1LCG1HBL347J3FGJ8C7B8F
0 6
0 13
1 10
1 14
2 9
2 13
3 2
3 5
4 6
4 18
5 2
5 14
6 17
6 18
7 0
7 10
8 4
8 20
9 5
9 9
10 0
10 20
11 1
11 21
12 12
12 16
13 1
13 17
14 11
14 21
15 3
15 4
16 7
16 19
17 3
17 15
18 16
18 19
19 8
19 12
20 7
20 11
21 8
21 15

# solution 335
# n=22 sym=rot2 status=verified source=flammenkamp_cache/n22_rot2
# code=:DG6A6I892E27GLAK019H34HI4CKL1B05EJ7JCD3FBF58
0 13
0 16
1 6
1 10
2 6
2 18
3 8
3 9
4 2
4 14
5 2
5 7
6 16
6 21
7 10
7 20
8 0
8 1
9 9
9 17
10 3
10 4
11 17
11 18
12 4
12 12
13 20
13 21
14 1
14 11
15 0
15 5
16 14
16 19
17 7
17 19
18 12
18 13
19 3
19 15
20 11
20 15
21 5
21 8

# solution 336
# n=22 sym=rot2 status=verified source=flammenkamp_cache/n22_rot2
# code=:5D8A9JGL3F14097A2I1HEF674K3JBECLHK6I052CBD8G
0 5
0 13
1 8
1 10
2 9
2 19
3 16
3 21
4 3
4 15
5 1
5 4
6 0
6 9
7 7
7 10
8 2
8 18
9 1
9 17
10 14
10 15
11 6
11 7
12 4
12 20
13 3
13 19
14 11
14 14
15 12
15 21
16 17
16 20
17 6
17 18
18 0
18 5
19 2
19 12
20 11
20 13
21 8
21 16

# solution 337
# n=22 sym=rot2 status=verified source=flammenkamp_cache/n22_rot2
# code=:58AD7K23AFCG23049LFHEK17460CHLIJ596BIJ1E8BDG
0 5
0 8
1 10
1 13
2 7
2 20
3 2
3 3
4 10
4 15
5 12
5 16
6 2
6 3
7 0
7 4
8 9
8 21
9 15
9 17
10 14
10 20
11 1
11 7
12 4
12 6
13 0
13 12
14 17
14 21
15 18
15 19
16 5
16 9
17 6
17 11
18 18
18 19
19 1
19 14
20 8
20 11
21 13
21 16

# solution 338
# n=22 sym=rot2 status=verified source=flammenkamp_cache/n22_rot2
# code=:699DDG4BGJ23064EILAKEK171B037HFLIJ25AH588CCF
0 6
0 9
1 9
1 13
2 13
2 16
3 4
3 11
4 16
4 19
5 2
5 3
6 0
6 6
7 4
7 14
8 18
8 21
9 10
9 20
10 14
10 20
11 1
11 7
12 1
12 11
13 0
13 3
14 7
14 17
15 15
15 21
16 18
16 19
17 2
17 5
18 10
18 17
19 5
19 8
20 8
20 12
21 12
21 15

# solution 339
# n=22 sym=rot2 status=verified source=flammenkamp_cache/n22_rot2
# code=:58BF795IFI2H0C04JK8AEK17BD12HL9L4J363GCE6ADG
0 5
0 8
1 11
1 15
2 7
2 9
3 5
3 18
4 15
4 18
5 2
5 17
6 0
6 12
7 0
7 4
8 19
8 20
9 8
9 10
10 14
10 20
11 1
11 7
12 11
12 13
13 1
13 2
14 17
14 21
15 9
15 21
16 4
16 19
17 3
17 6
18 3
18 16
19 12
19 14
20 6
20 10
21 13
21 16

# solution 340
# n=22 sym=rot2 status=verified source=flammenkamp_cache/n22_rot2
# code=:89AE5H58HJ1L3B0J693FEK176ICF2LAI0K24DG4G7BCD
0 8
0 9
1 10
1 14
2 5
2 17
3 5
3 8
4 17
4 19
5 1
5 21
6 3
6 11
7 0
7 19
8 6
8 9
9 3
9 15
10 14
10 20
11 1
11 7
12 6
12 18
13 12
13 15
14 2
14 21
15 10
15 18
16 0
16 20
17 2
17 4
18 13
18 16
19 4
19 16
20 7
20 11
21 12
21 13

# solution 341
# n=22 sym=rot2 status=verified source=flammenkamp_cache/n22_rot2
# code=:AD4E35FI9LHK680C2J5AEK17BG2J9LDF140C36GI7H8B
0 10
0 13
1 4
1 14
2 3
2 5
3 15
3 18
4 9
4 21
5 17
5 20
6 6
6 8
7 0
7 12
8 2
8 19
9 5
9 10
10 14
10 20
11 1
11 7
12 11
12 16
13 2
13 19
14 9
14 21
15 13
15 15
16 1
16 4
17 0
17 12
18 3
18 6
19 16
19 18
20 7
20 17
21 8
21 11

# solution 342
# n=22 sym=rot2 status=verified source=flammenkamp_cache/n22_rot2
# code=:23FL5D9CAE5K24ILDF4AEK17BH6803HJ1G7B9C8G06IJ
0 2
0 3
1 15
1 21
2 5
2 13
3 9
3 12
4 10
4 14
5 5
5 20
6 2
6 4
7 18
7 21
8 13
8 15
9 4
9 10
10 14
10 20
11 1
11 7
12 11
12 17
13 6
13 8
14 0
14 3
15 17
15 19
16 1
16 16
17 7
17 11
18 9
18 12
19 8
19 16
20 0
20 6
21 18
21 19

# solution 343
# n=22 sym=rot2 status=verified source=flammenkamp_cache/n22_rot2
# code=:FG3D0C4FBC08HJEI251AEK17BKGJ3724DL9A6H9L8I56
0 15
0 16
1 3
1 13
2 0
2 12
3 4
3 15
4 11
4 12
5 0
5 8
6 17
6 19
7 14
7 18
8 2
8 5
9 1
9 10
10 14
10 20
11 1
11 7
12 11
12 20
13 16
13 19
14 3
14 7
15 2
15 4
16 13
16 21
17 9
17 10
18 6
18 17
19 9
19 21
20 8
20 18
21 5
21 6

# solution 344
# n=22 sym=rot2 status=verified source=flammenkamp_cache/n22_rot2
# code=:6E8AHI594C6D1JIJ1L5A0E7LBG0K232K8F9HCG34BD7F
0 6
0 14
1 8
1 10
2 17
2 18
3 5
3 9
4 4
4 12
5 6
5 13
6 1
6 19
7 18
7 19
8 1
8 21
9 5
9 10
10 0
10 14
11 7
11 21
12 11
12 16
13 0
13 20
14 2
14 3
15 2
15 20
16 8
16 15
17 9
17 17
18 12
18 16
19 3
19 4
20 11
20 13
21 7
21 15

# solution 345
# n=22 sym=rot2 status=verified source=flammenkamp_cache/n22_rot2
# code=:5G4A9D1I8C2H6I0F27AK0E7L1BEJ6L3F4J9D3K8CBH5G
0 5
0 16
1 4
1 10
2 9
2 13
3 1
3 18
4 8
4 12
5 2
5 17
6 6
6 18
7 0
7 15
8 2
8 7
9 10
9 20
10 0
10 14
11 7
11 21
12 1
12 11
13 14
13 19
14 6
14 21
15 3
15 15
16 4
16 19
17 9
17 13
18 3
18 20
19 8
19 12
20 11
20 17
21 5
21 16

# solution 346
# n=22 sym=rot2 status=verified source=flammenkamp_cache/n22_rot2
# code=:BE8E4I451D9F026AGJ9L13IK0C25BFJL6C8KGH3H7D7A
0 11
0 14
1 8
1 14
2 4
2 18
3 4
3 5
4 1
4 13
5 9
5 15
6 0
6 2
7 6
7 10
8 16
8 19
9 9
9 21
10 1
10 3
11 18
11 20
12 0
12 12
13 2
13 5
14 11
14 15
15 19
15 21
16 6
16 12
17 8
17 20
18 16
18 17
19 3
19 17
20 7
20 13
21 7
21 10

# solution 347
# n=22 sym=rot2 status=verified source=flammenkamp_cache/n22_rot2
# code=:BE686EIJCL4J148A055913IKCGGLBDHK2H09237FDF7A
0 11
0 14
1 6
1 8
2 6
2 14
3 18
3 19
4 12
4 21
5 4
5 19
6 1
6 4
7 8
7 10
8 0
8 5
9 5
9 9
10 1
10 3
11 18
11 20
12 12
12 16
13 16
13 21
14 11
14 13
15 17
15 20
16 2
16 17
17 0
17 9
18 2
18 3
19 7
19 15
20 13
20 15
21 7
21 10

# solution 348
# n=22 sym=rot2 status=verified source=flammenkamp_cache/n22_rot2
# code=:7BEH695J8I0KHKAG2D690I3LCF8J5B141L3D2GCF47AE
0 7
0 11
1 14
1 17
2 6
2 9
3 5
3 19
4 8
4 18
5 0
5 20
6 17
6 20
7 10
7 16
8 2
8 13
9 6
9 9
10 0
10 18
11 3
11 21
12 12
12 15
13 8
13 19
14 5
14 11
15 1
15 4
16 1
16 21
17 3
17 13
18 2
18 16
19 12
19 15
20 4
20 7
21 10
21 14

# solution 349
# n=22 sym=rot2 status=verified source=flammenkamp_cache/n22_rot2
# code=:7B479FDF8I4G2KAG2K090I3LCL1J5B1J5H3D686CEHAE
0 7
0 11
1 4
1 7
2 9
2 15
3 13
3 15
4 8
4 18
5 4
5 16
6 2
6 20
7 10
7 16
8 2
8 20
9 0
9 9
10 0
10 18
11 3
11 21
12 12
12 21
13 1
13 19
14 5
14 11
15 1
15 19
16 5
16 17
17 3
17 13
18 6
18 8
19 6
19 12
20 14
20 17
21 10
21 14

# solution 350
# n=22 sym=rot2 status=verified source=flammenkamp_cache/n22_rot2
# code=:68BD5F25HI2C0I7C14AK0E7L1BHK9E3L9J34GJ6G8ADF
0 6
0 8
1 11
1 13
2 5
2 15
3 2
3 5
4 17
4 18
5 2
5 12
6 0
6 18
7 7
7 12
8 1
8 4
9 10
9 20
10 0
10 14
11 7
11 21
12 1
12 11
13 17
13 20
14 9
14 14
15 3
15 21
16 9
16 19
17 3
17 4
18 16
18 19
19 6
19 16
20 8
20 10
21 13
21 15

# solution 351
# n=22 sym=rot2 status=verified source=flammenkamp_cache/n22_rot2
# code=:23AFAG48DJFH03CE19150E7LGKCK79IL4628DH5B6BIJ
0 2
0 3
1 10
1 15
2 10
2 16
3 4
3 8
4 13
4 19
5 15
5 17
6 0
6 3
7 12
7 14
8 1
8 9
9 1
9 5
10 0
10 14
11 7
11 21
12 16
12 20
13 12
13 20
14 7
14 9
15 18
15 21
16 4
16 6
17 2
17 8
18 13
18 17
19 5
19 11
20 6
20 11
21 18
21 19

# solution 352
# n=22 sym=rot2 status=verified source=flammenkamp_cache/n22_rot2
# code=:BD3F2E249GFK094GAD1I0E7L3K8B5HCL165CHJ7J6I8A
0 11
0 13
1 3
1 15
2 2
2 14
3 2
3 4
4 9
4 16
5 15
5 20
6 0
6 9
7 4
7 16
8 10
8 13
9 1
9 18
10 0
10 14
11 7
11 21
12 3
12 20
13 8
13 11
14 5
14 17
15 12
15 21
16 1
16 6
17 5
17 12
18 17
18 19
19 7
19 19
20 6
20 18
21 8
21 10

# solution 353
# n=22 sym=rot2 status=verified source=flammenkamp_cache/n22_rot2
# code=:BDFI2E249GFK094GAD1I0E7L3K8B5HCL165CHJ7J368A
0 11
0 13
1 15
1 18
2 2
2 14
3 2
3 4
4 9
4 16
5 15
5 20
6 0
6 9
7 4
7 16
8 10
8 13
9 1
9 18
10 0
10 14
11 7
11 21
12 3
12 20
13 8
13 11
14 5
14 17
15 12
15 21
16 1
16 6
17 5
17 12
18 17
18 19
19 7
19 19
20 3
20 6
21 8
21 10

# solution 354
# n=22 sym=rot2 status=verified source=flammenkamp_cache/n22_rot2
# code=:8CCFHJ3H3D27AL6GAK1G0E7L5K1B5F0BEJ8I4I24699D
0 8
0 12
1 12
1 15
2 17
2 19
3 3
3 17
4 3
4 13
5 2
5 7
6 10
6 21
7 6
7 16
8 10
8 20
9 1
9 16
10 0
10 14
11 7
11 21
12 5
12 20
13 1
13 11
14 5
14 15
15 0
15 11
16 14
16 19
17 8
17 18
18 4
18 18
19 2
19 4
20 6
20 9
21 9
21 13

# solution 355
# n=22 sym=rot2 status=verified source=flammenkamp_cache/n22_rot2
# code=:5D9DFH496B7J1GIJ01AIEL073BKL235K2EAFCH468C8G
0 5
0 13
1 9
1 13
2 15
2 17
3 4
3 9
4 6
4 11
5 7
5 19
6 1
6 16
7 18
7 19
8 0
8 1
9 10
9 18
10 14
10 21
11 0
11 7
12 3
12 11
13 20
13 21
14 2
14 3
15 5
15 20
16 2
16 14
17 10
17 15
18 12
18 17
19 4
19 6
20 8
20 12
21 8
21 16

# solution 356
# n=22 sym=rot2 status=verified source=flammenkamp_cache/n22_rot2
# code=:8HBDCK4G6I126CEI5L2AEL07BJ0G379FJK3F5H198A4D
0 8
0 17
1 11
1 13
2 12
2 20
3 4
3 16
4 6
4 18
5 1
5 2
6 6
6 12
7 14
7 18
8 5
8 21
9 2
9 10
10 14
10 21
11 0
11 7
12 11
12 19
13 0
13 16
14 3
14 7
15 9
15 15
16 19
16 20
17 3
17 15
18 5
18 17
19 1
19 9
20 8
20 10
21 4
21 13

# solution 357
# n=22 sym=rot2 status=verified source=flammenkamp_cache/n22_rot2
# code=:8C3C8B3515FKFJ0H4E2AEL07BJ7H4L2616GKGIAD9I9D
0 8
0 12
1 3
1 12
2 8
2 11
3 3
3 5
4 1
4 5
5 15
5 20
6 15
6 19
7 0
7 17
8 4
8 14
9 2
9 10
10 14
10 21
11 0
11 7
12 11
12 19
13 7
13 17
14 4
14 21
15 2
15 6
16 1
16 6
17 16
17 20
18 16
18 18
19 10
19 13
20 9
20 18
21 9
21 13

# solution 358
# n=22 sym=rot2 status=verified source=flammenkamp_cache/n22_rot2
# code=:8C4G138CIJ7FAF01AJGHEL07452BKL6B6E239DIK5H9D
0 8
0 12
1 4
1 16
2 1
2 3
3 8
3 12
4 18
4 19
5 7
5 15
6 10
6 15
7 0
7 1
8 10
8 19
9 16
9 17
10 14
10 21
11 0
11 7
12 4
12 5
13 2
13 11
14 20
14 21
15 6
15 11
16 6
16 14
17 2
17 3
18 9
18 13
19 18
19 20
20 5
20 17
21 9
21 13

# solution 359
# n=22 sym=rot2 status=verified source=flammenkamp_cache/n22_rot2
# code=:AF6ECH7H03CJ3D5A8K0K2G5J1L1DBG8I29IL4E497F6B
0 10
0 15
1 6
1 14
2 12
2 17
3 7
3 17
4 0
4 3
5 12
5 19
6 3
6 13
7 5
7 10
8 8
8 20
9 0
9 20
10 2
10 16
11 5
11 19
12 1
12 21
13 1
13 13
14 11
14 16
15 8
15 18
16 2
16 9
17 18
17 21
18 4
18 14
19 4
19 9
20 7
20 15
21 6
21 11

# solution 360
# n=22 sym=rot2 status=verified source=flammenkamp_cache/n22_rot2
# code=:6A6ECH7H03CJDI5A8K0K2G5J1L1DBG3829IL4E497FBF
0 6
0 10
1 6
1 14
2 12
2 17
3 7
3 17
4 0
4 3
5 12
5 19
6 13
6 18
7 5
7 10
8 8
8 20
9 0
9 20
10 2
10 16
11 5
11 19
12 1
12 21
13 1
13 13
14 11
14 16
15 3
15 8
16 2
16 9
17 18
17 21
18 4
18 14
19 4
19 9
20 7
20 15
21 11
21 15

# solution 361
# n=22 sym=rot2 status=verified source=flammenkamp_cache/n22_rot2
# code=:6A6ECH7H03CJ3D5A8K0K2G5J1L1DBG8I29IL4E497FBF
0 6
0 10
1 6
1 14
2 12
2 17
3 7
3 17
4 0
4 3
5 12
5 19
6 3
6 13
7 5
7 10
8 8
8 20
9 0
9 20
10 2
10 16
11 5
11 19
12 1
12 21
13 1
13 13
14 11
14 16
15 8
15 18
16 2
16 9
17 18
17 21
18 4
18 14
19 4
19 9
20 7
20 15
21 11
21 15

# solution 362
# n=22 sym=rot2 status=verified source=flammenkamp_cache/n22_rot2
# code=:6A6C7H7H03CJDI5A8K0K2G5J1L1DBG3829IL4E4E9FBF
0 6
0 10
1 6
1 12
2 7
2 17
3 7
3 17
4 0
4 3
5 12
5 19
6 13
6 18
7 5
7 10
8 8
8 20
9 0
9 20
10 2
10 16
11 5
11 19
12 1
12 21
13 1
13 13
14 11
14 16
15 3
15 8
16 2
16 9
17 18
17 21
18 4
18 14
19 4
19 14
20 9
20 15
21 11
21 15

# solution 363
# n=22 sym=rot2 status=verified source=flammenkamp_cache/n22_rot2
# code=:6E9AFHCH3835GL1J1DAJEL072B8K2K05GIDI4946BC7F
0 6
0 14
1 9
1 10
2 15
2 17
3 12
3 17
4 3
4 8
5 3
5 5
6 16
6 21
7 1
7 19
8 1
8 13
9 10
9 19
10 14
10 21
11 0
11 7
12 2
12 11
13 8
13 20
14 2
14 20
15 0
15 5
16 16
16 18
17 13
17 18
18 4
18 9
19 4
19 6
20 11
20 12
21 7
21 15

# solution 364
# n=22 sym=rot2 status=verified source=flammenkamp_cache/n22_rot2
# code=:89BD5F253I0CFK274AHKEL0714BHEJ169L3IGJ6G8ACD
0 8
0 9
1 11
1 13
2 5
2 15
3 2
3 5
4 3
4 18
5 0
5 12
6 15
6 20
7 2
7 7
8 4
8 10
9 17
9 20
10 14
10 21
11 0
11 7
12 1
12 4
13 11
13 17
14 14
14 19
15 1
15 6
16 9
16 21
17 3
17 18
18 16
18 19
19 6
19 16
20 8
20 10
21 12
21 13

# solution 365
# n=22 sym=rot2 status=verified source=flammenkamp_cache/n22_rot2
# code=:9ADH7J4E6J1C0801GIAI56FG3B35KLDL9K2F7H2E48BC
0 9
0 10
1 13
1 17
2 7
2 19
3 4
3 14
4 6
4 19
5 1
5 12
6 0
6 8
7 0
7 1
8 16
8 18
9 10
9 18
10 5
10 6
11 15
11 16
12 3
12 11
13 3
13 5
14 20
14 21
15 13
15 21
16 9
16 20
17 2
17 15
18 7
18 17
19 2
19 14
20 4
20 8
21 11
21 12

# solution 366
# n=22 sym=rot2 status=verified source=flammenkamp_cache/n22_rot2
# code=:3907AEHI56DK9JDLAK2456FGHJ1B082C18FG347BELCI
0 3
0 9
1 0
1 7
2 10
2 14
3 17
3 18
4 5
4 6
5 13
5 20
6 9
6 19
7 13
7 21
8 10
8 20
9 2
9 4
10 5
10 6
11 15
11 16
12 17
12 19
13 1
13 11
14 0
14 8
15 2
15 12
16 1
16 8
17 15
17 16
18 3
18 4
19 7
19 11
20 14
20 21
21 12
21 18

# solution 367
# n=22 sym=rot2 status=verified source=flammenkamp_cache/n22_rot2
# code=:8E7B3CGJ038HFLAC1H1256FGJK4K9B064DIL259IAE7D
0 8
0 14
1 7
1 11
2 3
2 12
3 16
3 19
4 0
4 3
5 8
5 17
6 15
6 21
7 10
7 12
8 1
8 17
9 1
9 2
10 5
10 6
11 15
11 16
12 19
12 20
13 4
13 20
14 9
14 11
15 0
15 6
16 4
16 13
17 18
17 21
18 2
18 5
19 9
19 18
20 10
20 14
21 7
21 13

# solution 368
# n=22 sym=rot2 status=verified source=flammenkamp_cache/n22_rot2
# code=:7C9E155F12BJBF8I080434HIHLDL3D6A2AJK6GGK7C9E
0 7
0 12
1 9
1 14
2 1
2 5
3 5
3 15
4 1
4 2
5 11
5 19
6 11
6 15
7 8
7 18
8 0
8 8
9 0
9 4
10 3
10 4
11 17
11 18
12 17
12 21
13 13
13 21
14 3
14 13
15 6
15 10
16 2
16 10
17 19
17 20
18 6
18 16
19 16
19 20
20 7
20 12
21 9
21 14

# solution 369
# n=22 sym=rot2 status=verified source=flammenkamp_cache/n22_rot2
# code=:9E4J3CFIBE15BD4802KL6G5F01JLDH8AGK7A369I2H7C
0 9
0 14
1 4
1 19
2 3
2 12
3 15
3 18
4 11
4 14
5 1
5 5
6 11
6 13
7 4
7 8
8 0
8 2
9 20
9 21
10 6
10 16
11 5
11 15
12 0
12 1
13 19
13 21
14 13
14 17
15 8
15 10
16 16
16 20
17 7
17 10
18 3
18 6
19 9
19 18
20 2
20 17
21 7
21 12

# solution 370
# n=22 sym=rot2 status=verified source=flammenkamp_cache/n22_rot2
# code=:DJ9A4CIJEF573B4801KL6G5F01KLDHAIEG67239HBC28
0 13
0 19
1 9
1 10
2 4
2 12
3 18
3 19
4 14
4 15
5 5
5 7
6 3
6 11
7 4
7 8
8 0
8 1
9 20
9 21
10 6
10 16
11 5
11 15
12 0
12 1
13 20
13 21
14 13
14 17
15 10
15 18
16 14
16 16
17 6
17 7
18 2
18 3
19 9
19 17
20 11
20 12
21 2
21 8

# solution 371
# n=22 sym=rot2 status=verified source=flammenkamp_cache/n22_rot2
# code=:CKFG3D7H252ACD0IAK0E46FH7L1B3L89BJGJ4E8I5619
0 12
0 20
1 15
1 16
2 3
2 13
3 7
3 17
4 2
4 5
5 2
5 10
6 12
6 13
7 0
7 18
8 10
8 20
9 0
9 14
10 4
10 6
11 15
11 17
12 7
12 21
13 1
13 11
14 3
14 21
15 8
15 9
16 11
16 19
17 16
17 19
18 4
18 14
19 8
19 18
20 5
20 6
21 1
21 9

# solution 372
# n=22 sym=rot2 status=verified source=flammenkamp_cache/n22_rot2
# code=:BI6J8E5GBK29348E09KL46FH01CL7DHICJ1A5G7D2F3A
0 11
0 18
1 6
1 19
2 8
2 14
3 5
3 16
4 11
4 20
5 2
5 9
6 3
6 4
7 8
7 14
8 0
8 9
9 20
9 21
10 4
10 6
11 15
11 17
12 0
12 1
13 12
13 21
14 7
14 13
15 17
15 18
16 12
16 19
17 1
17 10
18 5
18 16
19 7
19 13
20 2
20 15
21 3
21 10

# solution 373
# n=22 sym=rot2 status=verified source=flammenkamp_cache/n22_rot2
# code=:8A5E5D2A9K2H06EI9I1L46FH0K3C37FL4J1CBJ8G7GBD
0 8
0 10
1 5
1 14
2 5
2 13
3 2
3 10
4 9
4 20
5 2
5 17
6 0
6 6
7 14
7 18
8 9
8 18
9 1
9 21
10 4
10 6
11 15
11 17
12 0
12 20
13 3
13 12
14 3
14 7
15 15
15 21
16 4
16 19
17 1
17 12
18 11
18 19
19 8
19 16
20 7
20 16
21 11
21 13

# solution 374
# n=22 sym=rot2 status=verified source=flammenkamp_cache/n22_rot2
# code=:DE6A9A0HGJ7K3D9I2G0K46FH1L5J3C8I1E254LBCBF78
0 13
0 14
1 6
1 10
2 9
2 10
3 0
3 17
4 16
4 19
5 7
5 20
6 3
6 13
7 9
7 18
8 2
8 16
9 0
9 20
10 4
10 6
11 15
11 17
12 1
12 21
13 5
13 19
14 3
14 12
15 8
15 18
16 1
16 14
17 2
17 5
18 4
18 21
19 11
19 12
20 11
20 15
21 7
21 8

# solution 375
# n=22 sym=rot2 status=verified source=flammenkamp_cache/n22_rot2
# code=:AB46EI8C5J390J8E151L46FH0KGK7D2LCI2G9D37FHAB
0 10
0 11
1 4
1 6
2 14
2 18
3 8
3 12
4 5
4 19
5 3
5 9
6 0
6 19
7 8
7 14
8 1
8 5
9 1
9 21
10 4
10 6
11 15
11 17
12 0
12 20
13 16
13 20
14 7
14 13
15 2
15 21
16 12
16 18
17 2
17 16
18 9
18 13
19 3
19 7
20 15
20 17
21 10
21 11

# solution 376
# n=22 sym=rot2 status=verified source=flammenkamp_cache/n22_rot2
# code=:56BC0D1BGJ2I7I4E89016H4FKLCD7H3E3J25AK8L9AFG
0 5
0 6
1 11
1 12
2 0
2 13
3 1
3 11
4 16
4 19
5 2
5 18
6 7
6 18
7 4
7 14
8 8
8 9
9 0
9 1
10 6
10 17
11 4
11 15
12 20
12 21
13 12
13 13
14 7
14 17
15 3
15 14
16 3
16 19
17 2
17 5
18 10
18 20
19 8
19 21
20 9
20 10
21 15
21 16

# solution 377
# n=22 sym=rot2 status=verified source=flammenkamp_cache/n22_rot2
# code=:BC7G4JBG028L3C783F1K6H4F1K6IDE9I0DJL5A2H5E9A
0 11
0 12
1 7
1 16
2 4
2 19
3 11
3 16
4 0
4 2
5 8
5 21
6 3
6 12
7 7
7 8
8 3
8 15
9 1
9 20
10 6
10 17
11 4
11 15
12 1
12 20
13 6
13 18
14 13
14 14
15 9
15 18
16 0
16 13
17 19
17 21
18 5
18 10
19 2
19 17
20 5
20 14
21 9
21 10

# solution 378
# n=22 sym=rot2 status=verified source=flammenkamp_cache/n22_rot2
# code=:AEAC375H8K2F3L1J9DGL6H4F058C2K0I6J1D4GEI9B7B
0 10
0 14
1 10
1 12
2 3
2 7
3 5
3 17
4 8
4 20
5 2
5 15
6 3
6 21
7 1
7 19
8 9
8 13
9 16
9 21
10 6
10 17
11 4
11 15
12 0
12 5
13 8
13 12
14 2
14 20
15 0
15 18
16 6
16 19
17 1
17 13
18 4
18 16
19 14
19 18
20 9
20 11
21 7
21 11

# solution 379
# n=22 sym=rot2 status=verified source=flammenkamp_cache/n22_rot2
# code=:1C368H9EGHAJ2E0K8G0A36FIBL5D1L7J2B457C4DFI9K
0 1
0 12
1 3
1 6
2 8
2 17
3 9
3 14
4 16
4 17
5 10
5 19
6 2
6 14
7 0
7 20
8 8
8 16
9 0
9 10
10 3
10 6
11 15
11 18
12 11
12 21
13 5
13 13
14 1
14 21
15 7
15 19
16 2
16 11
17 4
17 5
18 7
18 12
19 4
19 13
20 15
20 18
21 9
21 20

# solution 380
# n=22 sym=rot2 status=verified source=flammenkamp_cache/n22_rot2
# code=:2DGK7D9HGK9J047AFI0A36FIBL36BEHL2C154C8E158J
0 2
0 13
1 16
1 20
2 7
2 13
3 9
3 17
4 16
4 20
5 9
5 19
6 0
6 4
7 7
7 10
8 15
8 18
9 0
9 10
10 3
10 6
11 15
11 18
12 11
12 21
13 3
13 6
14 11
14 14
15 17
15 21
16 2
16 12
17 1
17 5
18 4
18 12
19 8
19 14
20 1
20 5
21 8
21 19

# solution 381
# n=22 sym=rot2 status=verified source=flammenkamp_cache/n22_rot2
# code=:9A4E45FL2G9L1D7D3JAK36FI1B2I8E8K0C5J06GH7HBC
0 9
0 10
1 4
1 14
2 4
2 5
3 15
3 21
4 2
4 16
5 9
5 21
6 1
6 13
7 7
7 13
8 3
8 19
9 10
9 20
10 3
10 6
11 15
11 18
12 1
12 11
13 2
13 18
14 8
14 14
15 8
15 20
16 0
16 12
17 5
17 19
18 0
18 6
19 16
19 17
20 7
20 17
21 11
21 12

# solution 382
# n=22 sym=rot2 status=verified source=flammenkamp_cache/n22_rot2
# code=:9CFHAK075L5DHJDE3KAJ36FI2B1I78248G0GEL1B469C
0 9
0 12
1 15
1 17
2 10
2 20
3 0
3 7
4 5
4 21
5 5
5 13
6 17
6 19
7 13
7 14
8 3
8 20
9 10
9 19
10 3
10 6
11 15
11 18
12 2
12 11
13 1
13 18
14 7
14 8
15 2
15 4
16 8
16 16
17 0
17 16
18 14
18 21
19 1
19 11
20 4
20 6
21 9
21 12

# solution 383
# n=22 sym=rot2 status=verified source=flammenkamp_cache/n22_rot2
# code=:AD7G57HJCD14060CJKAI36FI3B129LFLHK8924EG5E8B
0 10
0 13
1 7
1 16
2 5
2 7
3 17
3 19
4 12
4 13
5 1
5 4
6 0
6 6
7 0
7 12
8 19
8 20
9 10
9 18
10 3
10 6
11 15
11 18
12 3
12 11
13 1
13 2
14 9
14 21
15 15
15 21
16 17
16 20
17 8
17 9
18 2
18 4
19 14
19 16
20 5
20 14
21 8
21 11

# solution 384
# n=22 sym=rot2 status=verified source=flammenkamp_cache/n22_rot2
# code=:9F794L2BEJ041GIK8ADG36FI58BD135KHL27AJ0HCE6C
0 9
0 15
1 7
1 9
2 4
2 21
3 2
3 11
4 14
4 19
5 0
5 4
6 1
6 16
7 18
7 20
8 8
8 10
9 13
9 16
10 3
10 6
11 15
11 18
12 5
12 8
13 11
13 13
14 1
14 3
15 5
15 20
16 17
16 21
17 2
17 7
18 10
18 19
19 0
19 17
20 12
20 14
21 6
21 12

# solution 385
# n=22 sym=rot2 status=verified source=flammenkamp_cache/n22_rot2
# code=:GHBCDH8JEJ6C13KLAE5L36FI0G7B01IK9F272D489A45
0 16
0 17
1 11
1 12
2 13
2 17
3 8
3 19
4 14
4 19
5 6
5 12
6 1
6 3
7 20
7 21
8 10
8 14
9 5
9 21
10 3
10 6
11 15
11 18
12 0
12 16
13 7
13 11
14 0
14 1
15 18
15 20
16 9
16 15
17 2
17 7
18 2
18 13
19 4
19 8
20 9
20 10
21 4
21 5

# solution 386
# n=22 sym=rot2 status=verified source=flammenkamp_cache/n22_rot2
# code=:9AEGHK8G07CH8K26AJ3L36FI0I2BFJ1D49EL5D1457BC
0 9
0 10
1 14
1 16
2 17
2 20
3 8
3 16
4 0
4 7
5 12
5 17
6 8
6 20
7 2
7 6
8 10
8 19
9 3
9 21
10 3
10 6
11 15
11 18
12 0
12 18
13 2
13 11
14 15
14 19
15 1
15 13
16 4
16 9
17 14
17 21
18 5
18 13
19 1
19 4
20 5
20 7
21 11
21 12

# solution 387
# n=22 sym=rot2 status=verified source=flammenkamp_cache/n22_rot2
# code=:EG4J9L5B068CBFHK283IEK173IDJ146A9DFLAG0C2H57
0 14
0 16
1 4
1 19
2 9
2 21
3 5
3 11
4 0
4 6
5 8
5 12
6 11
6 15
7 17
7 20
8 2
8 8
9 3
9 18
10 14
10 20
11 1
11 7
12 3
12 18
13 13
13 19
14 1
14 4
15 6
15 10
16 9
16 13
17 15
17 21
18 10
18 16
19 0
19 12
20 2
20 17
21 5
21 7

# solution 388
# n=22 sym=rot2 status=verified source=flammenkamp_cache/n22_rot2
# code=:AD7G57HJCD14060CJKAI6I3F3B129LFLHK8924EG5E8B
0 10
0 13
1 7
1 16
2 5
2 7
3 17
3 19
4 12
4 13
5 1
5 4
6 0
6 6
7 0
7 12
8 19
8 20
9 10
9 18
10 6
10 18
11 3
11 15
12 3
12 11
13 1
13 2
14 9
14 21
15 15
15 21
16 17
16 20
17 8
17 9
18 2
18 4
19 14
19 16
20 5
20 14
21 8
21 11

# solution 389
# n=22 sym=rot2 status=verified source=flammenkamp_cache/n22_rot2
# code=:5B9D45FI1D7J071C4J0A6I3FBL2H9KEL2E8K36GH8CAG
0 5
0 11
1 9
1 13
2 4
2 5
3 15
3 18
4 1
4 13
5 7
5 19
6 0
6 7
7 1
7 12
8 4
8 19
9 0
9 10
10 6
10 18
11 3
11 15
12 11
12 21
13 2
13 17
14 9
14 20
15 14
15 21
16 2
16 14
17 8
17 20
18 3
18 6
19 16
19 17
20 8
20 12
21 10
21 16

# solution 390
# n=22 sym=rot2 status=verified source=flammenkamp_cache/n22_rot2
# code=:9ABH5789GK2I0478FL2K6I3F1J06DEHL3J15CDEG4ABC
0 9
0 10
1 11
1 17
2 5
2 7
3 8
3 9
4 16
4 20
5 2
5 18
6 0
6 4
7 7
7 8
8 15
8 21
9 2
9 20
10 6
10 18
11 3
11 15
12 1
12 19
13 0
13 6
14 13
14 14
15 17
15 21
16 3
16 19
17 1
17 5
18 12
18 13
19 14
19 16
20 4
20 10
21 11
21 12

# solution 391
# n=22 sym=rot2 status=verified source=flammenkamp_cache/n22_rot2
# code=:9ABH578CGK2I0478FL2K6I3F1J06DEHL3J159DEG4ABC
0 9
0 10
1 11
1 17
2 5
2 7
3 8
3 12
4 16
4 20
5 2
5 18
6 0
6 4
7 7
7 8
8 15
8 21
9 2
9 20
10 6
10 18
11 3
11 15
12 1
12 19
13 0
13 6
14 13
14 14
15 17
15 21
16 3
16 19
17 1
17 5
18 9
18 13
19 14
19 16
20 4
20 10
21 11
21 12

# solution 392
# n=22 sym=rot2 status=verified source=flammenkamp_cache/n22_rot2
# code=:9A5H492EDG021L7DAI6K6I3F1F3B8E0KJL587JCH4GBC
0 9
0 10
1 5
1 17
2 4
2 9
3 2
3 14
4 13
4 16
5 0
5 2
6 1
6 21
7 7
7 13
8 10
8 18
9 6
9 20
10 6
10 18
11 3
11 15
12 1
12 15
13 3
13 11
14 8
14 14
15 0
15 20
16 19
16 21
17 5
17 8
18 7
18 19
19 12
19 17
20 4
20 16
21 11
21 12

# solution 393
# n=22 sym=rot2 status=verified source=flammenkamp_cache/n22_rot2
# code=:9G3DGI6CBH78120HKLAE26FJ7B014LJKDE4A9F358I5C
0 9
0 16
1 3
1 13
2 16
2 18
3 6
3 12
4 11
4 17
5 7
5 8
6 1
6 2
7 0
7 17
8 20
8 21
9 10
9 14
10 2
10 6
11 15
11 19
12 7
12 11
13 0
13 1
14 4
14 21
15 19
15 20
16 13
16 14
17 4
17 10
18 9
18 15
19 3
19 5
20 8
20 18
21 5
21 12

# solution 394
# n=22 sym=rot2 status=verified source=flammenkamp_cache/n22_rot2
# code=:6H3A9D13EG2L1CEG048A26FJBDHL579K0J57IK8CBI4F
0 6
0 17
1 3
1 10
2 9
2 13
3 1
3 3
4 14
4 16
5 2
5 21
6 1
6 12
7 14
7 16
8 0
8 4
9 8
9 10
10 2
10 6
11 15
11 19
12 11
12 13
13 17
13 21
14 5
14 7
15 9
15 20
16 0
16 19
17 5
17 7
18 18
18 20
19 8
19 12
20 11
20 18
21 4
21 15

# solution 395
# n=22 sym=rot2 status=verified source=flammenkamp_cache/n22_rot2
# code=:6IAC7D13GL2H1CEG048A26FJBDHL579K4J05IK8E9B3F
0 6
0 18
1 10
1 12
2 7
2 13
3 1
3 3
4 16
4 21
5 2
5 17
6 1
6 12
7 14
7 16
8 0
8 4
9 8
9 10
10 2
10 6
11 15
11 19
12 11
12 13
13 17
13 21
14 5
14 7
15 9
15 20
16 4
16 19
17 0
17 5
18 18
18 20
19 8
19 14
20 9
20 11
21 3
21 15

# solution 396
# n=22 sym=rot2 status=verified source=flammenkamp_cache/n22_rot2
# code=:9C5738EJGH3A1HKL680A26FJBLDF014KBI4527DIEG9C
0 9
0 12
1 5
1 7
2 3
2 8
3 14
3 19
4 16
4 17
5 3
5 10
6 1
6 17
7 20
7 21
8 6
8 8
9 0
9 10
10 2
10 6
11 15
11 19
12 11
12 21
13 13
13 15
14 0
14 1
15 4
15 20
16 11
16 18
17 4
17 5
18 2
18 7
19 13
19 18
20 14
20 16
21 9
21 12

# solution 397
# n=22 sym=rot2 status=verified source=flammenkamp_cache/n22_rot2
# code=:CK578CAE235813HLFH0A26FJBL4604IKDGIJ7B9DEG19
0 12
0 20
1 5
1 7
2 8
2 12
3 10
3 14
4 2
4 3
5 5
5 8
6 1
6 3
7 17
7 21
8 15
8 17
9 0
9 10
10 2
10 6
11 15
11 19
12 11
12 21
13 4
13 6
14 0
14 4
15 18
15 20
16 13
16 16
17 18
17 19
18 7
18 11
19 9
19 13
20 14
20 16
21 1
21 9

# solution 398
# n=22 sym=rot2 status=verified source=flammenkamp_cache/n22_rot2
# code=:5E2F4B59DJ16BE4K0I9L3D8I0C3L1H7AFK28CGAH6J7G
0 5
0 14
1 2
1 15
2 4
2 11
3 5
3 9
4 13
4 19
5 1
5 6
6 11
6 14
7 4
7 20
8 0
8 18
9 9
9 21
10 3
10 13
11 8
11 18
12 0
12 12
13 3
13 21
14 1
14 17
15 7
15 10
16 15
16 20
17 2
17 8
18 12
18 16
19 10
19 17
20 6
20 19
21 7
21 16

# solution 399
# n=22 sym=rot2 status=verified source=flammenkamp_cache/n22_rot2
# code=:7DBCEI144J9F0LGIAD1G26FJ5K8B350L6C2HHK379A8E
0 7
0 13
1 11
1 12
2 14
2 18
3 1
3 4
4 4
4 19
5 9
5 15
6 0
6 21
7 16
7 18
8 10
8 13
9 1
9 16
10 2
10 6
11 15
11 19
12 5
12 20
13 8
13 11
14 3
14 5
15 0
15 21
16 6
16 12
17 2
17 17
18 17
18 20
19 3
19 7
20 9
20 10
21 8
21 14

# solution 400
# n=22 sym=rot2 status=verified source=flammenkamp_cache/n22_rot2
# code=:AF9HHK8E5L093KDG7A2326FJIJBE581ICL0G7D144C6B
0 10
0 15
1 9
1 17
2 17
2 20
3 8
3 14
4 5
4 21
5 0
5 9
6 3
6 20
7 13
7 16
8 7
8 10
9 2
9 3
10 2
10 6
11 15
11 19
12 18
12 19
13 11
13 14
14 5
14 8
15 1
15 18
16 12
16 21
17 0
17 16
18 7
18 13
19 1
19 4
20 4
20 12
21 6
21 11

# solution 401
# n=22 sym=rot2 status=verified source=flammenkamp_cache/n22_rot2
# code=:9AEGDE4I1429DGILAF1L26FJ0K6B0358CJHK3H7857BC
0 9
0 10
1 14
1 16
2 13
2 14
3 4
3 18
4 1
4 4
5 2
5 9
6 13
6 16
7 18
7 21
8 10
8 15
9 1
9 21
10 2
10 6
11 15
11 19
12 0
12 20
13 6
13 11
14 0
14 3
15 5
15 8
16 12
16 19
17 17
17 20
18 3
18 17
19 7
19 8
20 5
20 7
21 11
21 12

# solution 402
# n=22 sym=rot2 status=verified source=flammenkamp_cache/n22_rot2
# code=:9H8C238A7F3H0GGK7A1L26FJ0KBE155L4I6EBDIJ9D4C
0 9
0 17
1 8
1 12
2 2
2 3
3 8
3 10
4 7
4 15
5 3
5 17
6 0
6 16
7 16
7 20
8 7
8 10
9 1
9 21
10 2
10 6
11 15
11 19
12 0
12 20
13 11
13 14
14 1
14 5
15 5
15 21
16 4
16 18
17 6
17 14
18 11
18 13
19 18
19 19
20 9
20 13
21 4
21 12

# solution 403
# n=22 sym=rot2 status=verified source=flammenkamp_cache/n22_rot2
# code=:9E8B348G7B0204GI9K1F26FJ6K1C35HLJLAE5DHIAD7C
0 9
0 14
1 8
1 11
2 3
2 4
3 8
3 16
4 7
4 11
5 0
5 2
6 0
6 4
7 16
7 18
8 9
8 20
9 1
9 15
10 2
10 6
11 15
11 19
12 6
12 20
13 1
13 12
14 3
14 5
15 17
15 21
16 19
16 21
17 10
17 14
18 5
18 13
19 17
19 18
20 10
20 13
21 7
21 12

# solution 404
# n=22 sym=rot2 status=verified source=flammenkamp_cache/n22_rot2
# code=:BE483B48EJ9F1L195GIL26FJ035GCK0K6C27DHAIDH7A
0 11
0 14
1 4
1 8
2 3
2 11
3 4
3 8
4 14
4 19
5 9
5 15
6 1
6 21
7 1
7 9
8 5
8 16
9 18
9 21
10 2
10 6
11 15
11 19
12 0
12 3
13 5
13 16
14 12
14 20
15 0
15 20
16 6
16 12
17 2
17 7
18 13
18 17
19 10
19 18
20 13
20 17
21 7
21 10

# solution 405
# n=22 sym=rot2 status=verified source=flammenkamp_cache/n22_rot2
# code=:9A4A7H58GKFL28EI9L1326FJIK0C37DJ0615DG4EBHBC
0 9
0 10
1 4
1 10
2 7
2 17
3 5
3 8
4 16
4 20
5 15
5 21
6 2
6 8
7 14
7 18
8 9
8 21
9 1
9 3
10 2
10 6
11 15
11 19
12 18
12 20
13 0
13 12
14 3
14 7
15 13
15 19
16 0
16 6
17 1
17 5
18 13
18 16
19 4
19 14
20 11
20 17
21 11
21 12

# solution 406
# n=22 sym=rot2 status=verified source=flammenkamp_cache/n22_rot2
# code=:9D8E4A5KFIJK2B46EI9LGL050C37FHAJ12361GBH7D8C
0 9
0 13
1 8
1 14
2 4
2 10
3 5
3 20
4 15
4 18
5 19
5 20
6 2
6 11
7 4
7 6
8 14
8 18
9 9
9 21
10 16
10 21
11 0
11 5
12 0
12 12
13 3
13 7
14 15
14 17
15 10
15 19
16 1
16 2
17 3
17 6
18 1
18 16
19 11
19 17
20 7
20 13
21 8
21 12

# solution 407
# n=22 sym=rot2 status=verified source=flammenkamp_cache/n22_rot2
# code=:9D8E4A5KFI1J2B46EI9LGL050C37FHAJ2K361GBH7D8C
0 9
0 13
1 8
1 14
2 4
2 10
3 5
3 20
4 15
4 18
5 1
5 19
6 2
6 11
7 4
7 6
8 14
8 18
9 9
9 21
10 16
10 21
11 0
11 5
12 0
12 12
13 3
13 7
14 15
14 17
15 10
15 19
16 2
16 20
17 3
17 6
18 1
18 16
19 11
19 17
20 7
20 13
21 8
21 12

# solution 408
# n=22 sym=rot2 status=verified source=flammenkamp_cache/n22_rot2
# code=:AGCG4D7KBEHI361D092L6J2F0JCL8KFI347A1E8H595B
0 10
0 16
1 12
1 16
2 4
2 13
3 7
3 20
4 11
4 14
5 17
5 18
6 3
6 6
7 1
7 13
8 0
8 9
9 2
9 21
10 6
10 19
11 2
11 15
12 0
12 19
13 12
13 21
14 8
14 20
15 15
15 18
16 3
16 4
17 7
17 10
18 1
18 14
19 8
19 17
20 5
20 9
21 5
21 11

# solution 409
# n=22 sym=rot2 status=verified source=flammenkamp_cache/n22_rot2
# code=:BHCH1869EG35DJ2E0IAL16FK0B3L7J28GI57CFDK494A
0 11
0 17
1 12
1 17
2 1
2 8
3 6
3 9
4 14
4 16
5 3
5 5
6 13
6 19
7 2
7 14
8 0
8 18
9 10
9 21
10 1
10 6
11 15
11 20
12 0
12 11
13 3
13 21
14 7
14 19
15 2
15 8
16 16
16 18
17 5
17 7
18 12
18 15
19 13
19 20
20 4
20 9
21 4
21 10

# solution 410
# n=22 sym=rot2 status=verified source=flammenkamp_cache/n22_rot2
# code=:5HDL147BCJ2E3C06AD3G16FK5I8BFL9I7J29AEHK084G
0 5
0 17
1 13
1 21
2 1
2 4
3 7
3 11
4 12
4 19
5 2
5 14
6 3
6 12
7 0
7 6
8 10
8 13
9 3
9 16
10 1
10 6
11 15
11 20
12 5
12 18
13 8
13 11
14 15
14 21
15 9
15 18
16 7
16 19
17 2
17 9
18 10
18 14
19 17
19 20
20 0
20 8
21 4
21 16

# solution 411
# n=22 sym=rot2 status=verified source=flammenkamp_cache/n22_rot2
# code=:7CCD4G7B5DIK0L2FAI2416FKHJ3B6J0L138GAE5H899E
0 7
0 12
1 12
1 13
2 4
2 16
3 7
3 11
4 5
4 13
5 18
5 20
6 0
6 21
7 2
7 15
8 10
8 18
9 2
9 4
10 1
10 6
11 15
11 20
12 17
12 19
13 3
13 11
14 6
14 19
15 0
15 21
16 1
16 3
17 8
17 16
18 10
18 14
19 5
19 17
20 8
20 9
21 9
21 14

# solution 412
# n=22 sym=rot2 status=verified source=flammenkamp_cache/n22_rot2
# code=:7CBD5CGH2I36BF1K8J0HEL074L2D1K6AFI3J459G8A9E
0 7
0 12
1 11
1 13
2 5
2 12
3 16
3 17
4 2
4 18
5 3
5 6
6 11
6 15
7 1
7 20
8 8
8 19
9 0
9 17
10 14
10 21
11 0
11 7
12 4
12 21
13 2
13 13
14 1
14 20
15 6
15 10
16 15
16 18
17 3
17 19
18 4
18 5
19 9
19 16
20 8
20 10
21 9
21 14

# solution 413
# n=22 sym=rot2 status=verified source=flammenkamp_cache/n22_rot2
# code=:8IBE6G9C15HLBH3F182EJL027JDK6I4A04GK9C5F7A3D
0 8
0 18
1 11
1 14
2 6
2 16
3 9
3 12
4 1
4 5
5 17
5 21
6 11
6 17
7 3
7 15
8 1
8 8
9 2
9 14
10 19
10 21
11 0
11 2
12 7
12 19
13 13
13 20
14 6
14 18
15 4
15 10
16 0
16 4
17 16
17 20
18 9
18 12
19 5
19 15
20 7
20 10
21 3
21 13

# solution 414
# n=22 sym=rot2 status=verified source=flammenkamp_cache/n22_rot2
# code=:DE492E49KLDG2LAG36AI6K1F3BFI5B0J5801CH7JCH78
0 13
0 14
1 4
1 9
2 2
2 14
3 4
3 9
4 20
4 21
5 13
5 16
6 2
6 21
7 10
7 16
8 3
8 6
9 10
9 18
10 6
10 20
11 1
11 15
12 3
12 11
13 15
13 18
14 5
14 11
15 0
15 19
16 5
16 8
17 0
17 1
18 12
18 17
19 7
19 19
20 12
20 17
21 7
21 8

# solution 415
# n=22 sym=rot2 status=verified source=flammenkamp_cache/n22_rot2
# code=:BC7I5EHI05FKCD280A246K1FHJBLDJ8916GL347G3E9A
0 11
0 12
1 7
1 18
2 5
2 14
3 17
3 18
4 0
4 5
5 15
5 20
6 12
6 13
7 2
7 8
8 0
8 10
9 2
9 4
10 6
10 20
11 1
11 15
12 17
12 19
13 11
13 21
14 13
14 19
15 8
15 9
16 1
16 6
17 16
17 21
18 3
18 4
19 7
19 16
20 3
20 14
21 9
21 10

# solution 416
# n=22 sym=rot2 status=verified source=flammenkamp_cache/n22_rot2
# code=:BC7I5EHI5LFKCD280A246K1FHJBLDJ89160G347G3E9A
0 11
0 12
1 7
1 18
2 5
2 14
3 17
3 18
4 5
4 21
5 15
5 20
6 12
6 13
7 2
7 8
8 0
8 10
9 2
9 4
10 6
10 20
11 1
11 15
12 17
12 19
13 11
13 21
14 13
14 19
15 8
15 9
16 1
16 6
17 0
17 16
18 3
18 4
19 7
19 16
20 3
20 14
21 9
21 10

# solution 417
# n=22 sym=rot2 status=verified source=flammenkamp_cache/n22_rot2
# code=:2E9A9FFH23GHBD138L0KEG571L0DIK8A45IJ466CBC7J
0 2
0 14
1 9
1 10
2 9
2 15
3 15
3 17
4 2
4 3
5 16
5 17
6 11
6 13
7 1
7 3
8 8
8 21
9 0
9 20
10 14
10 16
11 5
11 7
12 1
12 21
13 0
13 13
14 18
14 20
15 8
15 10
16 4
16 5
17 18
17 19
18 4
18 6
19 6
19 12
20 11
20 12
21 7
21 19

# solution 418
# n=22 sym=rot2 status=verified source=flammenkamp_cache/n22_rot2
# code=:7BEH4JCG368K03BG89JL6K1F02CD5AIL1DFI592H47AE
0 7
0 11
1 14
1 17
2 4
2 19
3 12
3 16
4 3
4 6
5 8
5 20
6 0
6 3
7 11
7 16
8 8
8 9
9 19
9 21
10 6
10 20
11 1
11 15
12 0
12 2
13 12
13 13
14 5
14 10
15 18
15 21
16 1
16 13
17 15
17 18
18 5
18 9
19 2
19 17
20 4
20 7
21 10
21 14

# solution 419
# n=22 sym=rot2 status=verified source=flammenkamp_cache/n22_rot2
# code=:9H4ACE136I8JDJ0K7G5A06FLBG5E1L282D3FIK79BH4C
0 9
0 17
1 4
1 10
2 12
2 14
3 1
3 3
4 6
4 18
5 8
5 19
6 13
6 19
7 0
7 20
8 7
8 16
9 5
9 10
10 0
10 6
11 15
11 21
12 11
12 16
13 5
13 14
14 1
14 21
15 2
15 8
16 2
16 13
17 3
17 15
18 18
18 20
19 7
19 9
20 11
20 17
21 4
21 12

# solution 420
# n=22 sym=rot2 status=verified source=flammenkamp_cache/n22_rot2
# code=:CH7858CF5B1IJK4703AJ06FL2BILEH123KAG69DGDE49
0 12
0 17
1 7
1 8
2 5
2 8
3 12
3 15
4 5
4 11
5 1
5 18
6 19
6 20
7 4
7 7
8 0
8 3
9 10
9 19
10 0
10 6
11 15
11 21
12 2
12 11
13 18
13 21
14 14
14 17
15 1
15 2
16 3
16 20
17 10
17 16
18 6
18 9
19 13
19 16
20 13
20 14
21 4
21 9

# solution 421
# n=22 sym=rot2 status=verified source=flammenkamp_cache/n22_rot2
# code=:BD9G9D36GJ7JIK1E044A06FLBHHL7K132E25FI8C5C8A
0 11
0 13
1 9
1 16
2 9
2 13
3 3
3 6
4 16
4 19
5 7
5 19
6 18
6 20
7 1
7 14
8 0
8 4
9 4
9 10
10 0
10 6
11 15
11 21
12 11
12 17
13 17
13 21
14 7
14 20
15 1
15 3
16 2
16 14
17 2
17 5
18 15
18 18
19 8
19 12
20 5
20 12
21 8
21 10

# solution 422
# n=22 sym=rot2 status=verified source=flammenkamp_cache/n22_rot2
# code=:CD9EBD45GJJK3K4E360A06FLBLFI7H1I1225GH8A7C89
0 12
0 13
1 9
1 14
2 11
2 13
3 4
3 5
4 16
4 19
5 19
5 20
6 3
6 20
7 4
7 14
8 3
8 6
9 0
9 10
10 0
10 6
11 15
11 21
12 11
12 21
13 15
13 18
14 7
14 17
15 1
15 18
16 1
16 2
17 2
17 5
18 16
18 17
19 8
19 10
20 7
20 12
21 8
21 9

# solution 423
# n=22 sym=rot2 status=verified source=flammenkamp_cache/n22_rot2
# code=:8KDJ47CF4AGK7C03IJAG06FL5B23IL9E15BH69EH281D
0 8
0 20
1 13
1 19
2 4
2 7
3 12
3 15
4 4
4 10
5 16
5 20
6 7
6 12
7 0
7 3
8 18
8 19
9 10
9 16
10 0
10 6
11 15
11 21
12 5
12 11
13 2
13 3
14 18
14 21
15 9
15 14
16 1
16 5
17 11
17 17
18 6
18 9
19 14
19 17
20 2
20 8
21 1
21 13

# solution 424
# n=22 sym=rot2 status=verified source=flammenkamp_cache/n22_rot2
# code=:CE3858AC5K1JEL4J364A06FLBHFI2H072K1G9BDGDI79
0 12
0 14
1 3
1 8
2 5
2 8
3 10
3 12
4 5
4 20
5 1
5 19
6 14
6 21
7 4
7 19
8 3
8 6
9 4
9 10
10 0
10 6
11 15
11 21
12 11
12 17
13 15
13 18
14 2
14 17
15 0
15 7
16 2
16 20
17 1
17 16
18 9
18 11
19 13
19 16
20 13
20 18
21 7
21 9

# solution 425
# n=22 sym=rot2 status=verified source=flammenkamp_cache/n22_rot2
# code=:CE8I58AC5K1JEL4J364A06FLBHFI2H072K1G9BDG3D79
0 12
0 14
1 8
1 18
2 5
2 8
3 10
3 12
4 5
4 20
5 1
5 19
6 14
6 21
7 4
7 19
8 3
8 6
9 4
9 10
10 0
10 6
11 15
11 21
12 11
12 17
13 15
13 18
14 2
14 17
15 0
15 7
16 2
16 20
17 1
17 16
18 9
18 11
19 13
19 16
20 3
20 13
21 7
21 9

# solution 426
# n=22 sym=rot2 status=verified source=flammenkamp_cache/n22_rot2
# code=:9IAC5D26EI7HDJ1K04AG06FL5BHL1K284E37FJ8G9B3C
0 9
0 18
1 10
1 12
2 5
2 13
3 2
3 6
4 14
4 18
5 7
5 17
6 13
6 19
7 1
7 20
8 0
8 4
9 10
9 16
10 0
10 6
11 15
11 21
12 5
12 11
13 17
13 21
14 1
14 20
15 2
15 8
16 4
16 14
17 3
17 7
18 15
18 19
19 8
19 16
20 9
20 11
21 3
21 12

# solution 427
# n=22 sym=rot2 status=verified source=flammenkamp_cache/n22_rot2
# code=:BD9E4923DG7JIK1G046A06FLBFHL5K132E58IJCH7C8A
0 11
0 13
1 9
1 14
2 4
2 9
3 2
3 3
4 13
4 16
5 7
5 19
6 18
6 20
7 1
7 16
8 0
8 4
9 6
9 10
10 0
10 6
11 15
11 21
12 11
12 15
13 17
13 21
14 5
14 20
15 1
15 3
16 2
16 14
17 5
17 8
18 18
18 19
19 12
19 17
20 7
20 12
21 8
21 10

# solution 428
# n=22 sym=rot2 status=verified source=flammenkamp_cache/n22_rot2
# code=:BC578CEK2H3813FJGH0A06FLBL4526IKDI4J179DEG9A
0 11
0 12
1 5
1 7
2 8
2 12
3 14
3 20
4 2
4 17
5 3
5 8
6 1
6 3
7 15
7 19
8 16
8 17
9 0
9 10
10 0
10 6
11 15
11 21
12 11
12 21
13 4
13 5
14 2
14 6
15 18
15 20
16 13
16 18
17 4
17 19
18 1
18 7
19 9
19 13
20 14
20 16
21 9
21 10

# solution 429
# n=22 sym=rot2 status=verified source=flammenkamp_cache/n22_rot2
# code=:CE79BJGH251813DH36AL06FL0BFI48IKDKGJ452ACE79
0 12
0 14
1 7
1 9
2 11
2 19
3 16
3 17
4 2
4 5
5 1
5 8
6 1
6 3
7 13
7 17
8 3
8 6
9 10
9 21
10 0
10 6
11 15
11 21
12 0
12 11
13 15
13 18
14 4
14 8
15 18
15 20
16 13
16 20
17 16
17 19
18 4
18 5
19 2
19 10
20 12
20 14
21 7
21 9

# solution 430
# n=22 sym=rot2 status=verified source=flammenkamp_cache/n22_rot2
# code=:8C7FBH3H2G8K1C3EAJ0G06FL5L2B7I9K1D5J4I4A6E9D
0 8
0 12
1 7
1 15
2 11
2 17
3 3
3 17
4 2
4 16
5 8
5 20
6 1
6 12
7 3
7 14
8 10
8 19
9 0
9 16
10 0
10 6
11 15
11 21
12 5
12 21
13 2
13 11
14 7
14 18
15 9
15 20
16 1
16 13
17 5
17 19
18 4
18 18
19 4
19 10
20 6
20 14
21 9
21 13

# solution 431
# n=22 sym=rot2 status=verified source=flammenkamp_cache/n22_rot2
# code=:56AC1D3JEH8E3J05AC1H06FL4K9BGL2I7D472I8K9BFG
0 5
0 6
1 10
1 12
2 1
2 13
3 3
3 19
4 14
4 17
5 8
5 14
6 3
6 19
7 0
7 5
8 10
8 12
9 1
9 17
10 0
10 6
11 15
11 21
12 4
12 20
13 9
13 11
14 16
14 21
15 2
15 18
16 7
16 13
17 4
17 7
18 2
18 18
19 8
19 20
20 9
20 11
21 15
21 16

# solution 432
# n=22 sym=rot2 status=verified source=flammenkamp_cache/n22_rot2
# code=:5B7D7D3I25HKCJ06AC1H06FL4K9BFL2914GJ3I8E8EAG
0 5
0 11
1 7
1 13
2 7
2 13
3 3
3 18
4 2
4 5
5 17
5 20
6 12
6 19
7 0
7 6
8 10
8 12
9 1
9 17
10 0
10 6
11 15
11 21
12 4
12 20
13 9
13 11
14 15
14 21
15 2
15 9
16 1
16 4
17 16
17 19
18 3
18 18
19 8
19 14
20 8
20 14
21 10
21 16

# solution 433
# n=22 sym=rot2 status=verified source=flammenkamp_cache/n22_rot2
# code=:56CD7D5B4JHI07BK9I1206FLJK3C1AEL342HAG8E89FG
0 5
0 6
1 12
1 13
2 7
2 13
3 5
3 11
4 4
4 19
5 17
5 18
6 0
6 7
7 11
7 20
8 9
8 18
9 1
9 2
10 0
10 6
11 15
11 21
12 19
12 20
13 3
13 12
14 1
14 10
15 14
15 21
16 3
16 4
17 2
17 17
18 10
18 16
19 8
19 14
20 8
20 9
21 15
21 16

# solution 434
# n=22 sym=rot2 status=verified source=flammenkamp_cache/n22_rot2
# code=:BC255809HJ34BEFL8KEK36FI171D067AHI24CLDGGJ9A
0 11
0 12
1 2
1 5
2 5
2 8
3 0
3 9
4 17
4 19
5 3
5 4
6 11
6 14
7 15
7 21
8 8
8 20
9 14
9 20
10 3
10 6
11 15
11 18
12 1
12 7
13 1
13 13
14 0
14 6
15 7
15 10
16 17
16 18
17 2
17 4
18 12
18 21
19 13
19 16
20 16
20 19
21 9
21 10

# solution 435
# n=22 sym=rot2 status=verified source=flammenkamp_cache/n22_rot2
# code=:2E8AGK5ADH6I9H139EJL06FL027CIK4C3F48BG15BD7J
0 2
0 14
1 8
1 10
2 16
2 20
3 5
3 10
4 13
4 17
5 6
5 18
6 9
6 17
7 1
7 3
8 9
8 14
9 19
9 21
10 0
10 6
11 15
11 21
12 0
12 2
13 7
13 12
14 18
14 20
15 4
15 12
16 3
16 15
17 4
17 8
18 11
18 16
19 1
19 5
20 11
20 13
21 7
21 19

# solution 436
# n=22 sym=rot2 status=verified source=flammenkamp_cache/n22_rot2
# code=:BH59CG671H0J8BFJ8EIL13IK037D26AD2L4KEF59CG4A
0 11
0 17
1 5
1 9
2 12
2 16
3 6
3 7
4 1
4 17
5 0
5 19
6 8
6 11
7 15
7 19
8 8
8 14
9 18
9 21
10 1
10 3
11 18
11 20
12 0
12 3
13 7
13 13
14 2
14 6
15 10
15 13
16 2
16 21
17 4
17 20
18 14
18 15
19 5
19 9
20 12
20 16
21 4
21 10

# solution 437
# n=22 sym=rot2 status=verified source=flammenkamp_cache/n22_rot2
# code=:8D165HAI5KAC2EHJ9E3L6L0F0I7C247J9B1G3B4GFK8D
0 8
0 13
1 1
1 6
2 5
2 17
3 10
3 18
4 5
4 20
5 10
5 12
6 2
6 14
7 17
7 19
8 9
8 14
9 3
9 21
10 6
10 21
11 0
11 15
12 0
12 18
13 7
13 12
14 2
14 4
15 7
15 19
16 9
16 11
17 1
17 16
18 3
18 11
19 4
19 16
20 15
20 20
21 8
21 13

# solution 438
# n=22 sym=rot2 status=verified source=flammenkamp_cache/n22_rot2
# code=:EFAE4HAJ258913GI891L6L0F0KCD35IKCDGJ2B4H7B67
0 14
0 15
1 10
1 14
2 4
2 17
3 10
3 19
4 2
4 5
5 8
5 9
6 1
6 3
7 16
7 18
8 8
8 9
9 1
9 21
10 6
10 21
11 0
11 15
12 0
12 20
13 12
13 13
14 3
14 5
15 18
15 20
16 12
16 13
17 16
17 19
18 2
18 11
19 4
19 17
20 7
20 11
21 6
21 7

# solution 439
# n=22 sym=rot2 status=verified source=flammenkamp_cache/n22_rot2
# code=:8HEI596HDGAE129L2A136L0FIKBJ0CJK7B584FCG374D
0 8
0 17
1 14
1 18
2 5
2 9
3 6
3 17
4 13
4 16
5 10
5 14
6 1
6 2
7 9
7 21
8 2
8 10
9 1
9 3
10 6
10 21
11 0
11 15
12 18
12 20
13 11
13 19
14 0
14 12
15 19
15 20
16 7
16 11
17 5
17 8
18 4
18 15
19 12
19 16
20 3
20 7
21 4
21 13

# solution 440
# n=22 sym=rot2 status=verified source=flammenkamp_cache/n22_rot2
# code=:8HEI596HDGAE129L2A3K6L0F1IBJ0CJK7B584FCG374D
0 8
0 17
1 14
1 18
2 5
2 9
3 6
3 17
4 13
4 16
5 10
5 14
6 1
6 2
7 9
7 21
8 2
8 10
9 3
9 20
10 6
10 21
11 0
11 15
12 1
12 18
13 11
13 19
14 0
14 12
15 19
15 20
16 7
16 11
17 5
17 8
18 4
18 15
19 12
19 16
20 3
20 7
21 4
21 13

# solution 441
# n=22 sym=rot2 status=verified source=flammenkamp_cache/n22_rot2
# code=:8EBD5FCI14JK473CGJ0A6L0FBL259IEH12HK396G8A7D
0 8
0 14
1 11
1 13
2 5
2 15
3 12
3 18
4 1
4 4
5 19
5 20
6 4
6 7
7 3
7 12
8 16
8 19
9 0
9 10
10 6
10 21
11 0
11 15
12 11
12 21
13 2
13 5
14 9
14 18
15 14
15 17
16 1
16 2
17 17
17 20
18 3
18 9
19 6
19 16
20 8
20 10
21 7
21 13

# solution 442
# n=22 sym=rot2 status=verified source=flammenkamp_cache/n22_rot2
# code=:8E2E593AHKFH8K3C250A6L0FBLGJ9I1D4614BICG7J7D
0 8
0 14
1 2
1 14
2 5
2 9
3 3
3 10
4 17
4 20
5 15
5 17
6 8
6 20
7 3
7 12
8 2
8 5
9 0
9 10
10 6
10 21
11 0
11 15
12 11
12 21
13 16
13 19
14 9
14 18
15 1
15 13
16 4
16 6
17 1
17 4
18 11
18 18
19 12
19 16
20 7
20 19
21 7
21 13

# solution 443
# n=22 sym=rot2 status=verified source=flammenkamp_cache/n22_rot2
# code=:7G3B48CF7JHIBC281L5K6L0F1G0KDJ9A342E69DHAI5E
0 7
0 16
1 3
1 11
2 4
2 8
3 12
3 15
4 7
4 19
5 17
5 18
6 11
6 12
7 2
7 8
8 1
8 21
9 5
9 20
10 6
10 21
11 0
11 15
12 1
12 16
13 0
13 20
14 13
14 19
15 9
15 10
16 3
16 4
17 2
17 14
18 6
18 9
19 13
19 17
20 10
20 18
21 5
21 14

# solution 444
# n=22 sym=rot2 status=verified source=flammenkamp_cache/n22_rot2
# code=:5A045C79HI6DBJ0168IKEJ2713DFKL2A8F34CE9GHLBG
0 5
0 10
1 0
1 4
2 5
2 12
3 7
3 9
4 17
4 18
5 6
5 13
6 11
6 19
7 0
7 1
8 6
8 8
9 18
9 20
10 14
10 19
11 2
11 7
12 1
12 3
13 13
13 15
14 20
14 21
15 2
15 10
16 8
16 15
17 3
17 4
18 12
18 14
19 9
19 16
20 17
20 21
21 11
21 16

# solution 445
# n=22 sym=rot2 status=verified source=flammenkamp_cache/n22_rot2
# code=:ACEH685J15IKBH698E2LIL030J7DCF4A13GK2GDF479B
0 10
0 12
1 14
1 17
2 6
2 8
3 5
3 19
4 1
4 5
5 18
5 20
6 11
6 17
7 6
7 9
8 8
8 14
9 2
9 21
10 18
10 21
11 0
11 3
12 0
12 19
13 7
13 13
14 12
14 15
15 4
15 10
16 1
16 3
17 16
17 20
18 2
18 16
19 13
19 15
20 4
20 7
21 9
21 11

# solution 446
# n=22 sym=rot2 status=verified source=flammenkamp_cache/n22_rot2
# code=:9E59BK162L5DHIDJ374A6L0FBHEI28348G0JFK1ACG7C
0 9
0 14
1 5
1 9
2 11
2 20
3 1
3 6
4 2
4 21
5 5
5 13
6 17
6 18
7 13
7 19
8 3
8 7
9 4
9 10
10 6
10 21
11 0
11 15
12 11
12 17
13 14
13 18
14 2
14 8
15 3
15 4
16 8
16 16
17 0
17 19
18 15
18 20
19 1
19 10
20 12
20 16
21 7
21 12

# solution 447
# n=22 sym=rot2 status=verified source=flammenkamp_cache/n22_rot2
# code=:9C4G57DJAH3617KLAJ3D6L0F8I2B01EKFI4B28EG5H9C
0 9
0 12
1 4
1 16
2 5
2 7
3 13
3 19
4 10
4 17
5 3
5 6
6 1
6 7
7 20
7 21
8 10
8 19
9 3
9 13
10 6
10 21
11 0
11 15
12 8
12 18
13 2
13 11
14 0
14 1
15 14
15 20
16 15
16 18
17 4
17 11
18 2
18 8
19 14
19 16
20 5
20 17
21 9
21 12

# solution 448
# n=22 sym=rot2 status=verified source=flammenkamp_cache/n22_rot2
# code=:7ACH7F5C2JHIBK688G0LIK130L5DDF1A342J9G6E49BE
0 7
0 10
1 12
1 17
2 7
2 15
3 5
3 12
4 2
4 19
5 17
5 18
6 11
6 20
7 6
7 8
8 8
8 16
9 0
9 21
10 18
10 20
11 1
11 3
12 0
12 21
13 5
13 13
14 13
14 15
15 1
15 10
16 3
16 4
17 2
17 19
18 9
18 16
19 6
19 14
20 4
20 9
21 11
21 14

# solution 449
# n=22 sym=rot2 status=verified source=flammenkamp_cache/n22_rot2
# code=:8E0C8J3BJK174A4G9L365F6GFI0C5HBHEK12AI2D9L7D
0 8
0 14
1 0
1 12
2 8
2 19
3 3
3 11
4 19
4 20
5 1
5 7
6 4
6 10
7 4
7 16
8 9
8 21
9 3
9 6
10 5
10 15
11 6
11 16
12 15
12 18
13 0
13 12
14 5
14 17
15 11
15 17
16 14
16 20
17 1
17 2
18 10
18 18
19 2
19 13
20 9
20 21
21 7
21 13

# solution 450
# n=22 sym=rot2 status=verified source=flammenkamp_cache/n22_rot2
# code=:9E289HEI28HI01BF5AKLFG5601BG6AKL34DJ374CDJ7C
0 9
0 14
1 2
1 8
2 9
2 17
3 14
3 18
4 2
4 8
5 17
5 18
6 0
6 1
7 11
7 15
8 5
8 10
9 20
9 21
10 15
10 16
11 5
11 6
12 0
12 1
13 11
13 16
14 6
14 10
15 20
15 21
16 3
16 4
17 13
17 19
18 3
18 7
19 4
19 12
20 13
20 19
21 7
21 12

# solution 451
# n=22 sym=rot2 status=verified source=flammenkamp_cache/n22_rot2
# code=:DE9LBH343ECG8K12AJ6LFG560F2BJK1D597IHI4A0C78
0 13
0 14
1 9
1 21
2 11
2 17
3 3
3 4
4 3
4 14
5 12
5 16
6 8
6 20
7 1
7 2
8 10
8 19
9 6
9 21
10 15
10 16
11 5
11 6
12 0
12 15
13 2
13 11
14 19
14 20
15 1
15 13
16 5
16 9
17 7
17 18
18 17
18 18
19 4
19 10
20 0
20 12
21 7
21 8

# solution 452
# n=22 sym=rot2 status=verified source=flammenkamp_cache/n22_rot2
# code=:BD9E24DE1G491I060AIJFG5623BLFL3KCH5K78HJ7C8A
0 11
0 13
1 9
1 14
2 2
2 4
3 13
3 14
4 1
4 16
5 4
5 9
6 1
6 18
7 0
7 6
8 0
8 10
9 18
9 19
10 15
10 16
11 5
11 6
12 2
12 3
13 11
13 21
14 15
14 21
15 3
15 20
16 12
16 17
17 5
17 20
18 7
18 8
19 17
19 19
20 7
20 12
21 8
21 10

# solution 453
# n=22 sym=rot2 status=verified source=flammenkamp_cache/n22_rot2
# code=:9E9F5AEK48381L3HAJ02FG56JL2B4I0KDIDH17BG6C7C
0 9
0 14
1 9
1 15
2 5
2 10
3 14
3 20
4 4
4 8
5 3
5 8
6 1
6 21
7 3
7 17
8 10
8 19
9 0
9 2
10 15
10 16
11 5
11 6
12 19
12 21
13 2
13 11
14 4
14 18
15 0
15 20
16 13
16 18
17 13
17 17
18 1
18 7
19 11
19 16
20 6
20 12
21 7
21 12

# solution 454
# n=22 sym=rot2 status=verified source=flammenkamp_cache/n22_rot2
# code=:FG9AAG382E38HK1E9LJL4F6H020C7K14DI7JDI5BBC56
0 15
0 16
1 9
1 10
2 10
2 16
3 3
3 8
4 2
4 14
5 3
5 8
6 17
6 20
7 1
7 14
8 9
8 21
9 19
9 21
10 4
10 15
11 6
11 17
12 0
12 2
13 0
13 12
14 7
14 20
15 1
15 4
16 13
16 18
17 7
17 19
18 13
18 18
19 5
19 11
20 11
20 12
21 5
21 6

# solution 455
# n=22 sym=rot2 status=verified source=flammenkamp_cache/n22_rot2
# code=:DGABDH350E269K3E29KL4F6H01CJ7I1CFJ7LGI48AB58
0 13
0 16
1 10
1 11
2 13
2 17
3 3
3 5
4 0
4 14
5 2
5 6
6 9
6 20
7 3
7 14
8 2
8 9
9 20
9 21
10 4
10 15
11 6
11 17
12 0
12 1
13 12
13 19
14 7
14 18
15 1
15 12
16 15
16 19
17 7
17 21
18 16
18 18
19 4
19 8
20 10
20 11
21 5
21 8

# solution 456
# n=22 sym=rot2 status=verified source=flammenkamp_cache/n22_rot2
# code=:8CCI68271GBJ7H5L1A0IFH463LBK0G4E2A5KEJDF399D
0 8
0 12
1 12
1 18
2 6
2 8
3 2
3 7
4 1
4 16
5 11
5 19
6 7
6 17
7 5
7 21
8 1
8 10
9 0
9 18
10 15
10 17
11 4
11 6
12 3
12 21
13 11
13 20
14 0
14 16
15 4
15 14
16 2
16 10
17 5
17 20
18 14
18 19
19 13
19 15
20 3
20 9
21 9
21 13

# solution 457
# n=22 sym=rot2 status=verified source=flammenkamp_cache/n22_rot2
# code=:5CDFAGCD27IK2H370A0KFH461LBLEI4J13EJ895B689G
0 5
0 12
1 13
1 15
2 10
2 16
3 12
3 13
4 2
4 7
5 18
5 20
6 2
6 17
7 3
7 7
8 0
8 10
9 0
9 20
10 15
10 17
11 4
11 6
12 1
12 21
13 11
13 21
14 14
14 18
15 4
15 19
16 1
16 3
17 14
17 19
18 8
18 9
19 5
19 11
20 6
20 8
21 9
21 16

# solution 458
# n=22 sym=rot2 status=verified source=flammenkamp_cache/n22_rot2
# code=:5BDJ8G4I7C297AFK1L03FH46IL0K16BECJ9E3H5D28AG
0 5
0 11
1 13
1 19
2 8
2 16
3 4
3 18
4 7
4 12
5 2
5 9
6 7
6 10
7 15
7 20
8 1
8 21
9 0
9 3
10 15
10 17
11 4
11 6
12 18
12 21
13 0
13 20
14 1
14 6
15 11
15 14
16 12
16 19
17 9
17 14
18 3
18 17
19 5
19 13
20 2
20 8
21 10
21 16

# solution 459
# n=22 sym=rot2 status=verified source=flammenkamp_cache/n22_rot2
# code=:BE4CCE6L2513AG8D231LFH460KIJ8D5BIKGJ0F799H7A
0 11
0 14
1 4
1 12
2 12
2 14
3 6
3 21
4 2
4 5
5 1
5 3
6 10
6 16
7 8
7 13
8 2
8 3
9 1
9 21
10 15
10 17
11 4
11 6
12 0
12 20
13 18
13 19
14 8
14 13
15 5
15 11
16 18
16 20
17 16
17 19
18 0
18 15
19 7
19 9
20 9
20 17
21 7
21 10

# solution 460
# n=22 sym=rot2 status=verified source=flammenkamp_cache/n22_rot2
# code=:6E6C392HAL8E3AHK8G1205GLJK5D14BI7D0B4JCI9F7F
0 6
0 14
1 6
1 12
2 3
2 9
3 2
3 17
4 10
4 21
5 8
5 14
6 3
6 10
7 17
7 20
8 8
8 16
9 1
9 2
10 0
10 5
11 16
11 21
12 19
12 20
13 5
13 13
14 1
14 4
15 11
15 18
16 7
16 13
17 0
17 11
18 4
18 19
19 12
19 18
20 9
20 15
21 7
21 15

# solution 461
# n=22 sym=rot2 status=verified source=flammenkamp_cache/n22_rot2
# code=:DE7B5IBCGK260K3H9D2LFH460J8C4I1LFJ159A3GAE78
0 13
0 14
1 7
1 11
2 5
2 18
3 11
3 12
4 16
4 20
5 2
5 6
6 0
6 20
7 3
7 17
8 9
8 13
9 2
9 21
10 15
10 17
11 4
11 6
12 0
12 19
13 8
13 12
14 4
14 18
15 1
15 21
16 15
16 19
17 1
17 5
18 9
18 10
19 3
19 16
20 10
20 14
21 7
21 8

# solution 462
# n=22 sym=rot2 status=verified source=flammenkamp_cache/n22_rot2
# code=:583B58CJHL127C7HFKAL3F6I0B164E9EJK0429DGAIDG
0 5
0 8
1 3
1 11
2 5
2 8
3 12
3 19
4 17
4 21
5 1
5 2
6 7
6 12
7 7
7 17
8 15
8 20
9 10
9 21
10 3
10 15
11 6
11 18
12 0
12 11
13 1
13 6
14 4
14 14
15 9
15 14
16 19
16 20
17 0
17 4
18 2
18 9
19 13
19 16
20 10
20 18
21 13
21 16

# solution 463
# n=22 sym=rot2 status=verified source=flammenkamp_cache/n22_rot2
# code=:479HGJ9B7L8FAG2K183IFL063IDK1J5B6D0EAC254CEH
0 4
0 7
1 9
1 17
2 16
2 19
3 9
3 11
4 7
4 21
5 8
5 15
6 10
6 16
7 2
7 20
8 1
8 8
9 3
9 18
10 15
10 21
11 0
11 6
12 3
12 18
13 13
13 20
14 1
14 19
15 5
15 11
16 6
16 13
17 0
17 14
18 10
18 12
19 2
19 5
20 4
20 12
21 14
21 17

# solution 464
# n=22 sym=rot2 status=verified source=flammenkamp_cache/n22_rot2
# code=:9AEG4A094GDEIK0826JK3F6I12FJDL13785HCLBH57BC
0 9
0 10
1 14
1 16
2 4
2 10
3 0
3 9
4 4
4 16
5 13
5 14
6 18
6 20
7 0
7 8
8 2
8 6
9 19
9 20
10 3
10 15
11 6
11 18
12 1
12 2
13 15
13 19
14 13
14 21
15 1
15 3
16 7
16 8
17 5
17 17
18 12
18 21
19 11
19 17
20 5
20 7
21 11
21 12

# solution 465
# n=22 sym=rot2 status=verified source=flammenkamp_cache/n22_rot2
# code=:89472GBCFJ7G1K04AIDL3F6I083BHL1K5E269A5JEHCD
0 8
0 9
1 4
1 7
2 2
2 16
3 11
3 12
4 15
4 19
5 7
5 16
6 1
6 20
7 0
7 4
8 10
8 18
9 13
9 21
10 3
10 15
11 6
11 18
12 0
12 8
13 3
13 11
14 17
14 21
15 1
15 20
16 5
16 14
17 2
17 6
18 9
18 10
19 5
19 19
20 14
20 17
21 12
21 13

# solution 466
# n=22 sym=rot2 status=verified source=flammenkamp_cache/n22_rot2
# code=:BC5714CIFJ48EKDLAG2L3F6I0J5B0817DH2639HKEG9A
0 11
0 12
1 5
1 7
2 1
2 4
3 12
3 18
4 15
4 19
5 4
5 8
6 14
6 20
7 13
7 21
8 10
8 16
9 2
9 21
10 3
10 15
11 6
11 18
12 0
12 19
13 5
13 11
14 0
14 8
15 1
15 7
16 13
16 17
17 2
17 6
18 3
18 9
19 17
19 20
20 14
20 16
21 9
21 10

# solution 467
# n=22 sym=rot2 status=verified source=flammenkamp_cache/n22_rot2
# code=:3F79145B8G4CAI028EJK0F6L127DJL3B9H5DAGHKCE6I
0 3
0 15
1 7
1 9
2 1
2 4
3 5
3 11
4 8
4 16
5 4
5 12
6 10
6 18
7 0
7 2
8 8
8 14
9 19
9 20
10 0
10 15
11 6
11 21
12 1
12 2
13 7
13 13
14 19
14 21
15 3
15 11
16 9
16 17
17 5
17 13
18 10
18 16
19 17
19 20
20 12
20 14
21 6
21 18

# solution 468
# n=22 sym=rot2 status=verified source=flammenkamp_cache/n22_rot2
# code=:9H7D6L6B2KGI9AHI8E1205GLJK7D34BC351JAF0F8E4C
0 9
0 17
1 7
1 13
2 6
2 21
3 6
3 11
4 2
4 20
5 16
5 18
6 9
6 10
7 17
7 18
8 8
8 14
9 1
9 2
10 0
10 5
11 16
11 21
12 19
12 20
13 7
13 13
14 3
14 4
15 11
15 12
16 3
16 5
17 1
17 19
18 10
18 15
19 0
19 15
20 8
20 14
21 4
21 12

# solution 469
# n=22 sym=rot2 status=verified source=flammenkamp_cache/n22_rot2
# code=:8C5B8G4J7JCIFL171A04FI36HLBKEK06392E2H5DAG9D
0 8
0 12
1 5
1 11
2 8
2 16
3 4
3 19
4 7
4 19
5 12
5 18
6 15
6 21
7 1
7 7
8 1
8 10
9 0
9 4
10 15
10 18
11 3
11 6
12 17
12 21
13 11
13 20
14 14
14 20
15 0
15 6
16 3
16 9
17 2
17 14
18 2
18 17
19 5
19 13
20 10
20 16
21 9
21 13

# solution 470
# n=22 sym=rot2 status=verified source=flammenkamp_cache/n22_rot2
# code=:8F58BCKL147H5C2AIL27FI36EJ03BJ9G4EHK019ADG6D
0 8
0 15
1 5
1 8
2 11
2 12
3 20
3 21
4 1
4 4
5 7
5 17
6 5
6 12
7 2
7 10
8 18
8 21
9 2
9 7
10 15
10 18
11 3
11 6
12 14
12 19
13 0
13 3
14 11
14 19
15 9
15 16
16 4
16 14
17 17
17 20
18 0
18 1
19 9
19 10
20 13
20 16
21 6
21 13

# solution 471
# n=22 sym=rot2 status=verified source=flammenkamp_cache/n22_rot2
# code=:17BC78CG8K2H45AFIL02FI36JL036BGH4J1D59DE9AEK
0 1
0 7
1 11
1 12
2 7
2 8
3 12
3 16
4 8
4 20
5 2
5 17
6 4
6 5
7 10
7 15
8 18
8 21
9 0
9 2
10 15
10 18
11 3
11 6
12 19
12 21
13 0
13 3
14 6
14 11
15 16
15 17
16 4
16 19
17 1
17 13
18 5
18 9
19 13
19 14
20 9
20 10
21 14
21 20

# solution 472
# n=22 sym=rot2 status=verified source=flammenkamp_cache/n22_rot2
# code=:79579AKL4J2G8A68HIKLFI360134DFBD5J2H01BCEGCE
0 7
0 9
1 5
1 7
2 9
2 10
3 20
3 21
4 4
4 19
5 2
5 16
6 8
6 10
7 6
7 8
8 17
8 18
9 20
9 21
10 15
10 18
11 3
11 6
12 0
12 1
13 3
13 4
14 13
14 15
15 11
15 13
16 5
16 19
17 2
17 17
18 0
18 1
19 11
19 12
20 14
20 16
21 12
21 14

# solution 473
# n=22 sym=rot2 status=verified source=flammenkamp_cache/n22_rot2
# code=:8CCEDJ4A2LIKAG47360FGK156LFIEH5B130JBH28799D
0 8
0 12
1 12
1 14
2 13
2 19
3 4
3 10
4 2
4 21
5 18
5 20
6 10
6 16
7 4
7 7
8 3
8 6
9 0
9 15
10 16
10 20
11 1
11 5
12 6
12 21
13 15
13 18
14 14
14 17
15 5
15 11
16 1
16 3
17 0
17 19
18 11
18 17
19 2
19 8
20 7
20 9
21 9
21 13

# solution 474
# n=22 sym=rot2 status=verified source=flammenkamp_cache/n22_rot2
# code=:79CE6G1AHJDH1AFI283L05GL0IDJ36BK4824BK5F79CE
0 7
0 9
1 12
1 14
2 6
2 16
3 1
3 10
4 17
4 19
5 13
5 17
6 1
6 10
7 15
7 18
8 2
8 8
9 3
9 21
10 0
10 5
11 16
11 21
12 0
12 18
13 13
13 19
14 3
14 6
15 11
15 20
16 4
16 8
17 2
17 4
18 11
18 20
19 5
19 15
20 7
20 9
21 12
21 14

# solution 475
# n=22 sym=rot2 status=verified source=flammenkamp_cache/n22_rot2
# code=:199G5FAJEJ3H8A6E08034K1HILDL7FBD4I272B6G5CCK
0 1
0 9
1 9
1 16
2 5
2 15
3 10
3 19
4 14
4 19
5 3
5 17
6 8
6 10
7 6
7 14
8 0
8 8
9 0
9 3
10 4
10 20
11 1
11 17
12 18
12 21
13 13
13 21
14 7
14 15
15 11
15 13
16 4
16 18
17 2
17 7
18 2
18 11
19 6
19 16
20 5
20 12
21 12
21 20

# solution 476
# n=22 sym=rot2 status=verified source=flammenkamp_cache/n22_rot2
# code=:89CG4I47BIGL1D1726ALFJ260BFJEK8K053AEH3H59CD
0 8
0 9
1 12
1 16
2 4
2 18
3 4
3 7
4 11
4 18
5 16
5 21
6 1
6 13
7 1
7 7
8 2
8 6
9 10
9 21
10 15
10 19
11 2
11 6
12 0
12 11
13 15
13 19
14 14
14 20
15 8
15 20
16 0
16 5
17 3
17 10
18 14
18 17
19 3
19 17
20 5
20 9
21 12
21 13

# solution 477
# n=22 sym=rot2 status=verified source=flammenkamp_cache/n22_rot2
# code=:8ICF49BL571GDJ174IALFJ260B3HEK285KEG0ACH693D
0 8
0 18
1 12
1 15
2 4
2 9
3 11
3 21
4 5
4 7
5 1
5 16
6 13
6 19
7 1
7 7
8 4
8 18
9 10
9 21
10 15
10 19
11 2
11 6
12 0
12 11
13 3
13 17
14 14
14 20
15 2
15 8
16 5
16 20
17 14
17 16
18 0
18 10
19 12
19 17
20 6
20 9
21 3
21 13

# solution 478
# n=22 sym=rot2 status=verified source=flammenkamp_cache/n22_rot2
# code=:9F68AG28371HAKGI2E9L0H4L0C7J351B4KEIDJ5BDF6C
0 9
0 15
1 6
1 8
2 10
2 16
3 2
3 8
4 3
4 7
5 1
5 17
6 10
6 20
7 16
7 18
8 2
8 14
9 9
9 21
10 0
10 17
11 4
11 21
12 0
12 12
13 7
13 19
14 3
14 5
15 1
15 11
16 4
16 20
17 14
17 18
18 13
18 19
19 5
19 11
20 13
20 15
21 6
21 12

# solution 479
# n=22 sym=rot2 status=verified source=flammenkamp_cache/n22_rot2
# code=:CD6EAH1L5JCFAIEI280514HKGLDJ373B692G0K4B7F89
0 12
0 13
1 6
1 14
2 10
2 17
3 1
3 21
4 5
4 19
5 12
5 15
6 10
6 18
7 14
7 18
8 2
8 8
9 0
9 5
10 1
10 4
11 17
11 20
12 16
12 21
13 13
13 19
14 3
14 7
15 3
15 11
16 6
16 9
17 2
17 16
18 0
18 20
19 4
19 11
20 7
20 15
21 8
21 9

# solution 480
# n=22 sym=rot2 status=verified source=flammenkamp_cache/n22_rot2
# code=:9I6FAD187L2HAGEK2H5903ILCG4J175B4J0EDK8B6F3C
0 9
0 18
1 6
1 15
2 10
2 13
3 1
3 8
4 7
4 21
5 2
5 17
6 10
6 16
7 14
7 20
8 2
8 17
9 5
9 9
10 0
10 3
11 18
11 21
12 12
12 16
13 4
13 19
14 1
14 7
15 5
15 11
16 4
16 19
17 0
17 14
18 13
18 20
19 8
19 11
20 6
20 15
21 3
21 12

# solution 481
# n=22 sym=rot2 status=verified source=flammenkamp_cache/n22_rot2
# code=:8A7AGIGL02679H3K89HKFJ2614CD1I4CEFJL0535BEBD
0 8
0 10
1 7
1 10
2 16
2 18
3 16
3 21
4 0
4 2
5 6
5 7
6 9
6 17
7 3
7 20
8 8
8 9
9 17
9 20
10 15
10 19
11 2
11 6
12 1
12 4
13 12
13 13
14 1
14 18
15 4
15 12
16 14
16 15
17 19
17 21
18 0
18 5
19 3
19 5
20 11
20 14
21 11
21 13

# solution 482
# n=22 sym=rot2 status=verified source=flammenkamp_cache/n22_rot2
# code=:8E9A7H03FI8C2L5H2A5K1F6K1GBJ4G0J9D36IL4EBC7D
0 8
0 14
1 9
1 10
2 7
2 17
3 0
3 3
4 15
4 18
5 8
5 12
6 2
6 21
7 5
7 17
8 2
8 10
9 5
9 20
10 1
10 15
11 6
11 20
12 1
12 16
13 11
13 19
14 4
14 16
15 0
15 19
16 9
16 13
17 3
17 6
18 18
18 21
19 4
19 14
20 11
20 12
21 7
21 13

# solution 483
# n=22 sym=rot2 status=verified source=flammenkamp_cache/n22_rot2
# code=:EF8C8G2EBJ1H4A9G3L3L1F6K0I0I5CBH4K2A7J5D9D67
0 14
0 15
1 8
1 12
2 8
2 16
3 2
3 14
4 11
4 19
5 1
5 17
6 4
6 10
7 9
7 16
8 3
8 21
9 3
9 21
10 1
10 15
11 6
11 20
12 0
12 18
13 0
13 18
14 5
14 12
15 11
15 17
16 4
16 20
17 2
17 10
18 7
18 19
19 5
19 13
20 9
20 13
21 6
21 7

# solution 484
# n=22 sym=rot2 status=verified source=flammenkamp_cache/n22_rot2
# code=:CE8C6H5BBJ570K8I230H1F6K4LIJ3D1LEG2AAG4F9D79
0 12
0 14
1 8
1 12
2 6
2 17
3 5
3 11
4 11
4 19
5 5
5 7
6 0
6 20
7 8
7 18
8 2
8 3
9 0
9 17
10 1
10 15
11 6
11 20
12 4
12 21
13 18
13 19
14 3
14 13
15 1
15 21
16 14
16 16
17 2
17 10
18 10
18 16
19 4
19 15
20 9
20 13
21 7
21 9

# solution 485
# n=22 sym=rot2 status=verified source=flammenkamp_cache/n22_rot2
# code=:BC6745HL2B8I2C78IL151F6KGK03DE9J3DAJ04GHEF9A
0 11
0 12
1 6
1 7
2 4
2 5
3 17
3 21
4 2
4 11
5 8
5 18
6 2
6 12
7 7
7 8
8 18
8 21
9 1
9 5
10 1
10 15
11 6
11 20
12 16
12 20
13 0
13 3
14 13
14 14
15 9
15 19
16 3
16 13
17 10
17 19
18 0
18 4
19 16
19 17
20 14
20 15
21 9
21 10

# solution 486
# n=22 sym=rot2 status=verified source=flammenkamp_cache/n22_rot2
# code=:8BCD5HFI0I572C2K7H0AFK16BL4E1J9JEG3L364G89AD
0 8
0 11
1 12
1 13
2 5
2 17
3 15
3 18
4 0
4 18
5 5
5 7
6 2
6 12
7 2
7 20
8 7
8 17
9 0
9 10
10 15
10 20
11 1
11 6
12 11
12 21
13 4
13 14
14 1
14 19
15 9
15 19
16 14
16 16
17 3
17 21
18 3
18 6
19 4
19 16
20 8
20 9
21 10
21 13

# solution 487
# n=22 sym=rot2 status=verified source=flammenkamp_cache/n22_rot2
# code=:8B7C25GH037F0823HKACFK169B14IJDL6EIL45GJ9EAD
0 8
0 11
1 7
1 12
2 2
2 5
3 16
3 17
4 0
4 3
5 7
5 15
6 0
6 8
7 2
7 3
8 17
8 20
9 10
9 12
10 15
10 20
11 1
11 6
12 9
12 11
13 1
13 4
14 18
14 19
15 13
15 21
16 6
16 14
17 18
17 21
18 4
18 5
19 16
19 19
20 9
20 14
21 10
21 13

# solution 488
# n=22 sym=rot2 status=verified source=flammenkamp_cache/n22_rot2
# code=:8E9H2EIL0G6A3D592HAKFK161B4JCG8IBF5L037J4C7D
0 8
0 14
1 9
1 17
2 2
2 14
3 18
3 21
4 0
4 16
5 6
5 10
6 3
6 13
7 5
7 9
8 2
8 17
9 10
9 20
10 15
10 20
11 1
11 6
12 1
12 11
13 4
13 19
14 12
14 16
15 8
15 18
16 11
16 15
17 5
17 21
18 0
18 3
19 7
19 19
20 4
20 12
21 7
21 13

# solution 489
# n=22 sym=rot2 status=verified source=flammenkamp_cache/n22_rot2
# code=:9D7FGK4A23HL9J37AD5LFK160G8BEI2C04IJBH156E8C
0 9
0 13
1 7
1 15
2 16
2 20
3 4
3 10
4 2
4 3
5 17
5 21
6 9
6 19
7 3
7 7
8 10
8 13
9 5
9 21
10 15
10 20
11 1
11 6
12 0
12 16
13 8
13 11
14 14
14 18
15 2
15 12
16 0
16 4
17 18
17 19
18 11
18 17
19 1
19 5
20 6
20 14
21 8
21 12

# solution 490
# n=22 sym=rot2 status=verified source=flammenkamp_cache/n22_rot2
# code=:9D579EHK3426DJBL5A03FK16ILBG0A28FJHI147CEG8C
0 9
0 13
1 5
1 7
2 9
2 14
3 17
3 20
4 3
4 4
5 2
5 6
6 13
6 19
7 11
7 21
8 5
8 10
9 0
9 3
10 15
10 20
11 1
11 6
12 18
12 21
13 11
13 16
14 0
14 10
15 2
15 8
16 15
16 19
17 17
17 18
18 1
18 4
19 7
19 12
20 14
20 16
21 8
21 12

# solution 491
# n=22 sym=rot2 status=verified source=flammenkamp_cache/n22_rot2
# code=:7D8C1LFG2G9L4A4A273IFK163IEJBHBH0C5J560K9D8E
0 7
0 13
1 8
1 12
2 1
2 21
3 15
3 16
4 2
4 16
5 9
5 21
6 4
6 10
7 4
7 10
8 2
8 7
9 3
9 18
10 15
10 20
11 1
11 6
12 3
12 18
13 14
13 19
14 11
14 17
15 11
15 17
16 0
16 12
17 5
17 19
18 5
18 6
19 0
19 20
20 9
20 13
21 8
21 14

# solution 492
# n=22 sym=rot2 status=verified source=flammenkamp_cache/n22_rot2
# code=:9E483D7AGJ234GBK9LFLFK16060C1A5HIJ25BE8IDH7C
0 9
0 14
1 4
1 8
2 3
2 13
3 7
3 10
4 16
4 19
5 2
5 3
6 4
6 16
7 11
7 20
8 9
8 21
9 15
9 21
10 15
10 20
11 1
11 6
12 0
12 6
13 0
13 12
14 1
14 10
15 5
15 17
16 18
16 19
17 2
17 5
18 11
18 14
19 8
19 18
20 13
20 17
21 7
21 12

# solution 493
# n=22 sym=rot2 status=verified source=flammenkamp_cache/n22_rot2
# code=:AECD5HIK458L0EBF9J2IFK163J2C6A7L0DGH134G897B
0 10
0 14
1 12
1 13
2 5
2 17
3 18
3 20
4 4
4 5
5 8
5 21
6 0
6 14
7 11
7 15
8 9
8 19
9 2
9 18
10 15
10 20
11 1
11 6
12 3
12 19
13 2
13 12
14 6
14 10
15 7
15 21
16 0
16 13
17 16
17 17
18 1
18 3
19 4
19 16
20 8
20 9
21 7
21 11

# solution 494
# n=22 sym=rot2 status=verified source=flammenkamp_cache/n22_rot2
# code=:39AG8D24EG37AH1KFL2906FLCJ061K4BEI57HJ8D5BCI
0 3
0 9
1 10
1 16
2 8
2 13
3 2
3 4
4 14
4 16
5 3
5 7
6 10
6 17
7 1
7 20
8 15
8 21
9 2
9 9
10 0
10 6
11 15
11 21
12 12
12 19
13 0
13 6
14 1
14 20
15 4
15 11
16 14
16 18
17 5
17 7
18 17
18 19
19 8
19 13
20 5
20 11
21 12
21 18

# solution 495
# n=22 sym=rot2 status=verified source=flammenkamp_cache/n22_rot2
# code=:4J3H7BCF25BGEL3D89KLFK1601CD8I075AGJ69AE4I2H
0 4
0 19
1 3
1 17
2 7
2 11
3 12
3 15
4 2
4 5
5 11
5 16
6 14
6 21
7 3
7 13
8 8
8 9
9 20
9 21
10 15
10 20
11 1
11 6
12 0
12 1
13 12
13 13
14 8
14 18
15 0
15 7
16 5
16 10
17 16
17 19
18 6
18 9
19 10
19 14
20 4
20 18
21 2
21 17

# solution 496
# n=22 sym=rot2 status=verified source=flammenkamp_cache/n22_rot2
# code=:2EAECG6L5B8KDH3923HLFK1604IJCI481DAG0F597B7J
0 2
0 14
1 10
1 14
2 12
2 16
3 6
3 21
4 5
4 11
5 8
5 20
6 13
6 17
7 3
7 9
8 2
8 3
9 17
9 21
10 15
10 20
11 1
11 6
12 0
12 4
13 18
13 19
14 12
14 18
15 4
15 8
16 1
16 13
17 10
17 16
18 0
18 15
19 5
19 9
20 7
20 11
21 7
21 19

# solution 497
# n=22 sym=rot2 status=verified source=flammenkamp_cache/n22_rot2
# code=:298AFH5E3J9HAG6E08KLIK1301DL7F5B4C2I7G46BDCJ
0 2
0 9
1 8
1 10
2 15
2 17
3 5
3 14
4 3
4 19
5 9
5 17
6 10
6 16
7 6
7 14
8 0
8 8
9 20
9 21
10 18
10 20
11 1
11 3
12 0
12 1
13 13
13 21
14 7
14 15
15 5
15 11
16 4
16 12
17 2
17 18
18 7
18 16
19 4
19 6
20 11
20 13
21 12
21 19

# solution 498
# n=22 sym=rot2 status=verified source=flammenkamp_cache/n22_rot2
# code=:9B894BGH02IJ1E785I6LFK160F3GDE7K23JL45AHCDAC
0 9
0 11
1 8
1 9
2 4
2 11
3 16
3 17
4 0
4 2
5 18
5 19
6 1
6 14
7 7
7 8
8 5
8 18
9 6
9 21
10 15
10 20
11 1
11 6
12 0
12 15
13 3
13 16
14 13
14 14
15 7
15 20
16 2
16 3
17 19
17 21
18 4
18 5
19 10
19 17
20 12
20 13
21 10
21 12

# solution 499
# n=22 sym=rot2 status=verified source=flammenkamp_cache/n22_rot2
# code=:9B4BEG4G028I027F9DIKFK16138C6EJL3DJL5H57AHAC
0 9
0 11
1 4
1 11
2 14
2 16
3 4
3 16
4 0
4 2
5 8
5 18
6 0
6 2
7 7
7 15
8 9
8 13
9 18
9 20
10 15
10 20
11 1
11 6
12 1
12 3
13 8
13 12
14 6
14 14
15 19
15 21
16 3
16 13
17 19
17 21
18 5
18 17
19 5
19 7
20 10
20 17
21 10
21 12

# solution 500
# n=22 sym=rot2 status=verified source=flammenkamp_cache/n22_rot2
# code=:BE8L4C6823IKAG1G0269EH47CFJL5K5B13IJDF9H0D7A
0 11
0 14
1 8
1 21
2 4
2 12
3 6
3 8
4 2
4 3
5 18
5 20
6 10
6 16
7 1
7 16
8 0
8 2
9 6
9 9
10 14
10 17
11 4
11 7
12 12
12 15
13 19
13 21
14 5
14 20
15 5
15 11
16 1
16 3
17 18
17 19
18 13
18 15
19 9
19 17
20 0
20 13
21 7
21 10

# solution 501
# n=22 sym=rot2 status=verified source=flammenkamp_cache/n22_rot2
# code=:BE696E48IJGI0A8K5H9LJK120C4G1DBL3523DH7FCF7A
0 11
0 14
1 6
1 9
2 6
2 14
3 4
3 8
4 18
4 19
5 16
5 18
6 0
6 10
7 8
7 20
8 5
8 17
9 9
9 21
10 19
10 20
11 1
11 2
12 0
12 12
13 4
13 16
14 1
14 13
15 11
15 21
16 3
16 5
17 2
17 3
18 13
18 17
19 7
19 15
20 12
20 15
21 7
21 10

# solution 502
# n=22 sym=rot2 status=verified source=flammenkamp_cache/n22_rot2
# code=:BE67DI26GJ4I4A9K0D5901KLCG8L1CBH3H25FJ38EF7A
0 11
0 14
1 6
1 7
2 13
2 18
3 2
3 6
4 16
4 19
5 4
5 18
6 4
6 10
7 9
7 20
8 0
8 13
9 5
9 9
10 0
10 1
11 20
11 21
12 12
12 16
13 8
13 21
14 1
14 12
15 11
15 17
16 3
16 17
17 2
17 5
18 15
18 19
19 3
19 8
20 14
20 15
21 7
21 10

# solution 503
# n=22 sym=rot2 status=verified source=flammenkamp_cache/n22_rot2
# code=:58DH9BAG2K2E047K9I360F6LFI3C1EHL7J1J5BAC48DG
0 5
0 8
1 13
1 17
2 9
2 11
3 10
3 16
4 2
4 20
5 2
5 14
6 0
6 4
7 7
7 20
8 9
8 18
9 3
9 6
10 0
10 15
11 6
11 21
12 15
12 18
13 3
13 12
14 1
14 14
15 17
15 21
16 7
16 19
17 1
17 19
18 5
18 11
19 10
19 12
20 4
20 8
21 13
21 16

# solution 504
# n=22 sym=rot2 status=verified source=flammenkamp_cache/n22_rot2
# code=:CE78FG353J481A4KACJL0F6L029B1HBKDH2IGI56DE79
0 12
0 14
1 7
1 8
2 15
2 16
3 3
3 5
4 3
4 19
5 4
5 8
6 1
6 10
7 4
7 20
8 10
8 12
9 19
9 21
10 0
10 15
11 6
11 21
12 0
12 2
13 9
13 11
14 1
14 17
15 11
15 20
16 13
16 17
17 2
17 18
18 16
18 18
19 5
19 6
20 13
20 14
21 7
21 9

# solution 505
# n=22 sym=rot2 status=verified source=flammenkamp_cache/n22_rot2
# code=:DE8J9EBIGJ164B9K4G0I0F6L3L5H1CAHFK253A7C2D78
0 13
0 14
1 8
1 19
2 9
2 14
3 11
3 18
4 16
4 19
5 1
5 6
6 4
6 11
7 9
7 20
8 4
8 16
9 0
9 18
10 0
10 15
11 6
11 21
12 3
12 21
13 5
13 17
14 1
14 12
15 10
15 17
16 15
16 20
17 2
17 5
18 3
18 10
19 7
19 12
20 2
20 13
21 7
21 8

# solution 506
# n=22 sym=rot2 status=verified source=flammenkamp_cache/n22_rot2
# code=:BDCJ368KHL27AC57HKFI05GL3614EG9BEJ041DFI298A
0 11
0 13
1 12
1 19
2 3
2 6
3 8
3 20
4 17
4 21
5 2
5 7
6 10
6 12
7 5
7 7
8 17
8 20
9 15
9 18
10 0
10 5
11 16
11 21
12 3
12 6
13 1
13 4
14 14
14 16
15 9
15 11
16 14
16 19
17 0
17 4
18 1
18 13
19 15
19 18
20 2
20 9
21 8
21 10

# solution 507
# n=22 sym=rot2 status=verified source=flammenkamp_cache/n22_rot2
# code=:9DEIAE4IDG16294LAGJK0F6L125B0HCJFK583H7B378C
0 9
0 13
1 14
1 18
2 10
2 14
3 4
3 18
4 13
4 16
5 1
5 6
6 2
6 9
7 4
7 21
8 10
8 16
9 19
9 20
10 0
10 15
11 6
11 21
12 1
12 2
13 5
13 11
14 0
14 17
15 12
15 19
16 15
16 20
17 5
17 8
18 3
18 17
19 7
19 11
20 3
20 7
21 8
21 12

# solution 508
# n=22 sym=rot2 status=verified source=flammenkamp_cache/n22_rot2
# code=:9B464C8G1G1JAJEI8E0F03IL6L7D372B2K5K5D9HFHAC
0 9
0 11
1 4
1 6
2 4
2 12
3 8
3 16
4 1
4 16
5 1
5 19
6 10
6 19
7 14
7 18
8 8
8 14
9 0
9 15
10 0
10 3
11 18
11 21
12 6
12 21
13 7
13 13
14 3
14 7
15 2
15 11
16 2
16 20
17 5
17 20
18 5
18 13
19 9
19 17
20 15
20 17
21 10
21 12

# solution 509
# n=22 sym=rot2 status=verified source=flammenkamp_cache/n22_rot2
# code=:DJ586BCI1J45CE0IAK7H0F6L4E1B3L79GH2K39AFDG28
0 13
0 19
1 5
1 8
2 6
2 11
3 12
3 18
4 1
4 19
5 4
5 5
6 12
6 14
7 0
7 18
8 10
8 20
9 7
9 17
10 0
10 15
11 6
11 21
12 4
12 14
13 1
13 11
14 3
14 21
15 7
15 9
16 16
16 17
17 2
17 20
18 3
18 9
19 10
19 15
20 13
20 16
21 2
21 8

# solution 510
# n=22 sym=rot2 status=verified source=flammenkamp_cache/n22_rot2
# code=:BG4C7IFI24BKCD587L120F6LJK0EDG891AHJ363E9H5A
0 11
0 16
1 4
1 12
2 7
2 18
3 15
3 18
4 2
4 4
5 11
5 20
6 12
6 13
7 5
7 8
8 7
8 21
9 1
9 2
10 0
10 15
11 6
11 21
12 19
12 20
13 0
13 14
14 13
14 16
15 8
15 9
16 1
16 10
17 17
17 19
18 3
18 6
19 3
19 14
20 9
20 17
21 5
21 10

# solution 511
# n=22 sym=rot2 status=verified source=flammenkamp_cache/n22_rot2
# code=:BC69DH247GIJ3AEK68050K1LGLDF17BI235EHJ48CF9A
0 11
0 12
1 6
1 9
2 13
2 17
3 2
3 4
4 7
4 16
5 18
5 19
6 3
6 10
7 14
7 20
8 6
8 8
9 0
9 5
10 0
10 20
11 1
11 21
12 16
12 21
13 13
13 15
14 1
14 7
15 11
15 18
16 2
16 3
17 5
17 14
18 17
18 19
19 4
19 8
20 12
20 15
21 9
21 10

# solution 512
# n=22 sym=rot2 status=verified source=flammenkamp_cache/n22_rot2
# code=:6B4E9E2G9G1423DL8AIK0F6L13BD08IJHK5C5J7C7HAF
0 6
0 11
1 4
1 14
2 9
2 14
3 2
3 16
4 9
4 16
5 1
5 4
6 2
6 3
7 13
7 21
8 8
8 10
9 18
9 20
10 0
10 15
11 6
11 21
12 1
12 3
13 11
13 13
14 0
14 8
15 18
15 19
16 17
16 20
17 5
17 12
18 5
18 19
19 7
19 12
20 7
20 17
21 10
21 15

# solution 513
# n=22 sym=rot2 status=verified source=flammenkamp_cache/n22_rot2
# code=:BE3H9H398GKL8E2J1G6A0F6LBF5K2J7D015DCI4C4I7A
0 11
0 14
1 3
1 17
2 9
2 17
3 3
3 9
4 8
4 16
5 20
5 21
6 8
6 14
7 2
7 19
8 1
8 16
9 6
9 10
10 0
10 15
11 6
11 21
12 11
12 15
13 5
13 20
14 2
14 19
15 7
15 13
16 0
16 1
17 5
17 13
18 12
18 18
19 4
19 12
20 4
20 18
21 7
21 10

# solution 514
# n=22 sym=rot2 status=verified source=flammenkamp_cache/n22_rot2
# code=:CG8F9A4K7G232H7LADIK0F6L138B0E4JIJ5E1HBC6D59
0 12
0 16
1 8
1 15
2 9
2 10
3 4
3 20
4 7
4 16
5 2
5 3
6 2
6 17
7 7
7 21
8 10
8 13
9 18
9 20
10 0
10 15
11 6
11 21
12 1
12 3
13 8
13 11
14 0
14 14
15 4
15 19
16 18
16 19
17 5
17 14
18 1
18 17
19 11
19 12
20 6
20 13
21 5
21 9

# solution 515
# n=22 sym=rot2 status=verified source=flammenkamp_cache/n22_rot2
# code=:8C7915GHDF7B3I0KAJ240F6LHJ2B1L3IAE6845GKCE9D
0 8
0 12
1 7
1 9
2 1
2 5
3 16
3 17
4 13
4 15
5 7
5 11
6 3
6 18
7 0
7 20
8 10
8 19
9 2
9 4
10 0
10 15
11 6
11 21
12 17
12 19
13 2
13 11
14 1
14 21
15 3
15 18
16 10
16 14
17 6
17 8
18 4
18 5
19 16
19 20
20 12
20 14
21 9
21 13

# solution 516
# n=22 sym=rot2 status=verified source=flammenkamp_cache/n22_rot2
# code=:9DAC45GJFK2A4E78IK3L0F6L0I13DE7HBJ1625GH9B8C
0 9
0 13
1 10
1 12
2 4
2 5
3 16
3 19
4 15
4 20
5 2
5 10
6 4
6 14
7 7
7 8
8 18
8 20
9 3
9 21
10 0
10 15
11 6
11 21
12 0
12 18
13 1
13 3
14 13
14 14
15 7
15 17
16 11
16 19
17 1
17 6
18 2
18 5
19 16
19 17
20 9
20 11
21 8
21 12

# solution 517
# n=22 sym=rot2 status=verified source=flammenkamp_cache/n22_rot2
# code=:5B27CFEL9I3JAF48581LHK140KDGDH6B2I3C0769EJAG
0 5
0 11
1 2
1 7
2 12
2 15
3 14
3 21
4 9
4 18
5 3
5 19
6 10
6 15
7 4
7 8
8 5
8 8
9 1
9 21
10 17
10 20
11 1
11 4
12 0
12 20
13 13
13 16
14 13
14 17
15 6
15 11
16 2
16 18
17 3
17 12
18 0
18 7
19 6
19 9
20 14
20 19
21 10
21 16

# solution 518
# n=22 sym=rot2 status=verified source=flammenkamp_cache/n22_rot2
# code=:9C57DIBI5F2L18HK2H7A0F6LBE4J14DK0J6G3A38EG9C
0 9
0 12
1 5
1 7
2 13
2 18
3 11
3 18
4 5
4 15
5 2
5 21
6 1
6 8
7 17
7 20
8 2
8 17
9 7
9 10
10 0
10 15
11 6
11 21
12 11
12 14
13 4
13 19
14 1
14 4
15 13
15 20
16 0
16 19
17 6
17 16
18 3
18 10
19 3
19 8
20 14
20 16
21 9
21 12

# solution 519
# n=22 sym=rot2 status=verified source=flammenkamp_cache/n22_rot2
# code=:9I8G4H3J8C26AEKL5AEKFL0617BG017BFJ9D2I4H5D3C
0 9
0 18
1 8
1 16
2 4
2 17
3 3
3 19
4 8
4 12
5 2
5 6
6 10
6 14
7 20
7 21
8 5
8 10
9 14
9 20
10 15
10 21
11 0
11 6
12 1
12 7
13 11
13 16
14 0
14 1
15 7
15 11
16 15
16 19
17 9
17 13
18 2
18 18
19 4
19 17
20 5
20 13
21 3
21 12

# solution 520
# n=22 sym=rot2 status=verified source=flammenkamp_cache/n22_rot2
# code=:9E7D9G4A25HI02FK8AIKFL0613BD16JL34GJBH5C8E7C
0 9
0 14
1 7
1 13
2 9
2 16
3 4
3 10
4 2
4 5
5 17
5 18
6 0
6 2
7 15
7 20
8 8
8 10
9 18
9 20
10 15
10 21
11 0
11 6
12 1
12 3
13 11
13 13
14 1
14 6
15 19
15 21
16 3
16 4
17 16
17 19
18 11
18 17
19 5
19 12
20 8
20 14
21 7
21 12

# solution 521
# n=22 sym=rot2 status=verified source=flammenkamp_cache/n22_rot2
# code=:9AEF3545DJ17AJFL0349DK18CHIL062BEK28GHGI67BC
0 9
0 10
1 14
1 15
2 3
2 5
3 4
3 5
4 13
4 19
5 1
5 7
6 10
6 19
7 15
7 21
8 0
8 3
9 4
9 9
10 13
10 20
11 1
11 8
12 12
12 17
13 18
13 21
14 0
14 6
15 2
15 11
16 14
16 20
17 2
17 8
18 16
18 17
19 16
19 18
20 6
20 7
21 11
21 12

# solution 522
# n=22 sym=rot2 status=verified source=flammenkamp_cache/n22_rot2
# code=:7A4ICD7C5IDH6K125A2LFL060JBGJK1F483G9E893HBE
0 7
0 10
1 4
1 18
2 12
2 13
3 7
3 12
4 5
4 18
5 13
5 17
6 6
6 20
7 1
7 2
8 5
8 10
9 2
9 21
10 15
10 21
11 0
11 6
12 0
12 19
13 11
13 16
14 19
14 20
15 1
15 15
16 4
16 8
17 3
17 16
18 9
18 14
19 8
19 9
20 3
20 17
21 11
21 14

# solution 523
# n=22 sym=rot2 status=verified source=flammenkamp_cache/n22_rot2
# code=:7D7CAJFH1205CDAG4I1IFL063K3H5B89GLJK462B9E8E
0 7
0 13
1 7
1 12
2 10
2 19
3 15
3 17
4 1
4 2
5 0
5 5
6 12
6 13
7 10
7 16
8 4
8 18
9 1
9 18
10 15
10 21
11 0
11 6
12 3
12 20
13 3
13 17
14 5
14 11
15 8
15 9
16 16
16 21
17 19
17 20
18 4
18 6
19 2
19 11
20 9
20 14
21 8
21 14

# solution 524
# n=22 sym=rot2 status=verified source=flammenkamp_cache/n22_rot2
# code=:AJ278E6C3L1DAGFL35491H4KCHGI065B8K0I9F7DEJ2B
0 10
0 19
1 2
1 7
2 8
2 14
3 6
3 12
4 3
4 21
5 1
5 13
6 10
6 16
7 15
7 21
8 3
8 5
9 4
9 9
10 1
10 17
11 4
11 20
12 12
12 17
13 16
13 18
14 0
14 6
15 5
15 11
16 8
16 20
17 0
17 18
18 9
18 15
19 7
19 13
20 14
20 19
21 2
21 11

# solution 525
# n=22 sym=rot2 status=verified source=flammenkamp_cache/n22_rot2
# code=:9A6C155JEFHJ8AEK080334HIILDL17BD24672GGK9FBC
0 9
0 10
1 6
1 12
2 1
2 5
3 5
3 19
4 14
4 15
5 17
5 19
6 8
6 10
7 14
7 20
8 0
8 8
9 0
9 3
10 3
10 4
11 17
11 18
12 18
12 21
13 13
13 21
14 1
14 7
15 11
15 13
16 2
16 4
17 6
17 7
18 2
18 16
19 16
19 20
20 9
20 15
21 11
21 12

# solution 526
# n=22 sym=rot2 status=verified source=flammenkamp_cache/n22_rot2
# code=:9EGI1B892B7H0K385FHJFL06246GDI1L4EAJCDAK357C
0 9
0 14
1 16
1 18
2 1
2 11
3 8
3 9
4 2
4 11
5 7
5 17
6 0
6 20
7 3
7 8
8 5
8 15
9 17
9 19
10 15
10 21
11 0
11 6
12 2
12 4
13 6
13 16
14 13
14 18
15 1
15 21
16 4
16 14
17 10
17 19
18 12
18 13
19 10
19 20
20 3
20 5
21 7
21 12

# solution 527
# n=22 sym=rot2 status=verified source=flammenkamp_cache/n22_rot2
# code=:FJ238HAB4G189E1E9I5LFL060G3C7K7CDK5HAB4DIJ26
0 15
0 19
1 2
1 3
2 8
2 17
3 10
3 11
4 4
4 16
5 1
5 8
6 9
6 14
7 1
7 14
8 9
8 18
9 5
9 21
10 15
10 21
11 0
11 6
12 0
12 16
13 3
13 12
14 7
14 20
15 7
15 12
16 13
16 20
17 5
17 17
18 10
18 11
19 4
19 13
20 18
20 19
21 2
21 6

# solution 528
# n=22 sym=rot2 status=verified source=flammenkamp_cache/n22_rot2
# code=:5ACEFH5J3F9H1A8E280LIK130LDJ7DBK4C6I2G4679BG
0 5
0 10
1 12
1 14
2 15
2 17
3 5
3 19
4 3
4 15
5 9
5 17
6 1
6 10
7 8
7 14
8 2
8 8
9 0
9 21
10 18
10 20
11 1
11 3
12 0
12 21
13 13
13 19
14 7
14 13
15 11
15 20
16 4
16 12
17 6
17 18
18 2
18 16
19 4
19 6
20 7
20 9
21 11
21 16

# solution 529
# n=22 sym=rot2 status=verified source=flammenkamp_cache/n22_rot2
# code=:CI8A5HAI2845EKJL69EKFL0617CF0217GHDJ3B4GBD39
0 12
0 18
1 8
1 10
2 5
2 17
3 10
3 18
4 2
4 8
5 4
5 5
6 14
6 20
7 19
7 21
8 6
8 9
9 14
9 20
10 15
10 21
11 0
11 6
12 1
12 7
13 12
13 15
14 0
14 2
15 1
15 7
16 16
16 17
17 13
17 19
18 3
18 11
19 4
19 16
20 11
20 13
21 3
21 9

# solution 530
# n=22 sym=rot2 status=verified source=flammenkamp_cache/n22_rot2
# code=:AE584D2E19HIALFJ6G0913IKCL5F260B34CK7J8HDG7B
0 10
0 14
1 5
1 8
2 4
2 13
3 2
3 14
4 1
4 9
5 17
5 18
6 10
6 21
7 15
7 19
8 6
8 16
9 0
9 9
10 1
10 3
11 18
11 20
12 12
12 21
13 5
13 15
14 2
14 6
15 0
15 11
16 3
16 4
17 12
17 20
18 7
18 19
19 8
19 17
20 13
20 16
21 7
21 11

# solution 531
# n=22 sym=rot2 status=verified source=flammenkamp_cache/n22_rot2
# code=:5A7GCI2E3FDH4A01DF9L1J2K0C68KLBH486I7J395EBG
0 5
0 10
1 7
1 16
2 12
2 18
3 2
3 14
4 3
4 15
5 13
5 17
6 4
6 10
7 0
7 1
8 13
8 15
9 9
9 21
10 1
10 19
11 2
11 20
12 0
12 12
13 6
13 8
14 20
14 21
15 11
15 17
16 4
16 8
17 6
17 18
18 7
18 19
19 3
19 9
20 5
20 14
21 11
21 16

# solution 532
# n=22 sym=rot2 status=verified source=flammenkamp_cache/n22_rot2
# code=:AJEH6C59FIDH5AEK1803JL02ILDK17BG4836CG9F472B
0 10
0 19
1 14
1 17
2 6
2 12
3 5
3 9
4 15
4 18
5 13
5 17
6 5
6 10
7 14
7 20
8 1
8 8
9 0
9 3
10 19
10 21
11 0
11 2
12 18
12 21
13 13
13 20
14 1
14 7
15 11
15 16
16 4
16 8
17 3
17 6
18 12
18 16
19 9
19 15
20 4
20 7
21 2
21 11

# solution 533
# n=22 sym=rot2 status=verified source=flammenkamp_cache/n22_rot2
# code=:AH6E6C291IDH5AEK5803JL02ILDG17BG483KCJ9F7F4B
0 10
0 17
1 6
1 14
2 6
2 12
3 2
3 9
4 1
4 18
5 13
5 17
6 5
6 10
7 14
7 20
8 5
8 8
9 0
9 3
10 19
10 21
11 0
11 2
12 18
12 21
13 13
13 16
14 1
14 7
15 11
15 16
16 4
16 8
17 3
17 20
18 12
18 19
19 9
19 15
20 7
20 15
21 4
21 11

# solution 534
# n=22 sym=rot2 status=verified source=flammenkamp_cache/n22_rot2
# code=:5D596EEIDJAB4I0K0F9J4K1H2C6L1L3HAB28377FCG8G
0 5
0 13
1 5
1 9
2 6
2 14
3 14
3 18
4 13
4 19
5 10
5 11
6 4
6 18
7 0
7 20
8 0
8 15
9 9
9 19
10 4
10 20
11 1
11 17
12 2
12 12
13 6
13 21
14 1
14 21
15 3
15 17
16 10
16 11
17 2
17 8
18 3
18 7
19 7
19 15
20 12
20 16
21 8
21 16

# solution 535
# n=22 sym=rot2 status=verified source=flammenkamp_cache/n22_rot2
# code=:9F4G9I7D6E2I0K02AKAD45GH8B1BJL1L3J7F8E3C5H6C
0 9
0 15
1 4
1 16
2 9
2 18
3 7
3 13
4 6
4 14
5 2
5 18
6 0
6 20
7 0
7 2
8 10
8 20
9 10
9 13
10 4
10 5
11 16
11 17
12 8
12 11
13 1
13 11
14 19
14 21
15 1
15 21
16 3
16 19
17 7
17 15
18 8
18 14
19 3
19 12
20 5
20 17
21 6
21 12

# solution 536
# n=22 sym=rot2 status=verified source=flammenkamp_cache/n22_rot2
# code=:4F3I7F8J7B4B0J9G5K9D0K1L8C1G5C2LAHAE2D6E3I6H
0 4
0 15
1 3
1 18
2 7
2 15
3 8
3 19
4 7
4 11
5 4
5 11
6 0
6 19
7 9
7 16
8 5
8 20
9 9
9 13
10 0
10 20
11 1
11 21
12 8
12 12
13 1
13 16
14 5
14 12
15 2
15 21
16 10
16 17
17 10
17 14
18 2
18 13
19 6
19 14
20 3
20 18
21 6
21 17

# solution 537
# n=22 sym=rot2 status=verified source=flammenkamp_cache/n22_rot2
# code=:6CCD46BE3JJK3K058E0A5H4GBL7DGL1I122I7AFH899F
0 6
0 12
1 12
1 13
2 4
2 6
3 11
3 14
4 3
4 19
5 19
5 20
6 3
6 20
7 0
7 5
8 8
8 14
9 0
9 10
10 5
10 17
11 4
11 16
12 11
12 21
13 7
13 13
14 16
14 21
15 1
15 18
16 1
16 2
17 2
17 18
18 7
18 10
19 15
19 17
20 8
20 9
21 9
21 15

# solution 538
# n=22 sym=rot2 status=verified source=flammenkamp_cache/n22_rot2
# code=:46199I2D67DEAI125LAL5H4G0B0GJK3B78EF8J3CCKFH
0 4
0 6
1 1
1 9
2 9
2 18
3 2
3 13
4 6
4 7
5 13
5 14
6 10
6 18
7 1
7 2
8 5
8 21
9 10
9 21
10 5
10 17
11 4
11 16
12 0
12 11
13 0
13 16
14 19
14 20
15 3
15 11
16 7
16 8
17 14
17 15
18 8
18 19
19 3
19 12
20 12
20 20
21 15
21 17

# solution 539
# n=22 sym=rot2 status=verified source=flammenkamp_cache/n22_rot2
# code=:89CGKLDF7I26BKEH023A5H4GBIJL471AFJ3E680159CD
0 8
0 9
1 12
1 16
2 20
2 21
3 13
3 15
4 7
4 18
5 2
5 6
6 11
6 20
7 14
7 17
8 0
8 2
9 3
9 10
10 5
10 17
11 4
11 16
12 11
12 18
13 19
13 21
14 4
14 7
15 1
15 10
16 15
16 19
17 3
17 14
18 6
18 8
19 0
19 1
20 5
20 9
21 12
21 13

# solution 540
# n=22 sym=rot2 status=verified source=flammenkamp_cache/n22_rot2
# code=:CF7BCH8F3L182KGLAH2735GIEJ4B051JDK0I6D49AE69
0 12
0 15
1 7
1 11
2 12
2 17
3 8
3 15
4 3
4 21
5 1
5 8
6 2
6 20
7 16
7 21
8 10
8 17
9 2
9 7
10 3
10 5
11 16
11 18
12 14
12 19
13 4
13 11
14 0
14 5
15 1
15 19
16 13
16 20
17 0
17 18
18 6
18 13
19 4
19 9
20 10
20 14
21 6
21 9

# solution 541
# n=22 sym=rot2 status=verified source=flammenkamp_cache/n22_rot2
# code=:BE79DG1I1J46AD9F240L35GI0LHJ6C8BFH2K3K58CE7A
0 11
0 14
1 7
1 9
2 13
2 16
3 1
3 18
4 1
4 19
5 4
5 6
6 10
6 13
7 9
7 15
8 2
8 4
9 0
9 21
10 3
10 5
11 16
11 18
12 0
12 21
13 17
13 19
14 6
14 12
15 8
15 11
16 15
16 17
17 2
17 20
18 3
18 20
19 5
19 8
20 12
20 14
21 7
21 10

# solution 542
# n=22 sym=rot2 status=verified source=flammenkamp_cache/n22_rot2
# code=:9A1FEH8B67CG8J1HJL0335GIIL024K2D59EFAD476KBC
0 9
0 10
1 1
1 15
2 14
2 17
3 8
3 11
4 6
4 7
5 12
5 16
6 8
6 19
7 1
7 17
8 19
8 21
9 0
9 3
10 3
10 5
11 16
11 18
12 18
12 21
13 0
13 2
14 4
14 20
15 2
15 13
16 5
16 9
17 14
17 15
18 10
18 13
19 4
19 7
20 6
20 20
21 11
21 12

# solution 543
# n=22 sym=rot2 status=verified source=flammenkamp_cache/n22_rot2
# code=:6A46DE9EDH3923GL1L1A25GJBK0K05IJCI487C78FHBF
0 6
0 10
1 4
1 6
2 13
2 14
3 9
3 14
4 13
4 17
5 3
5 9
6 2
6 3
7 16
7 21
8 1
8 21
9 1
9 10
10 2
10 5
11 16
11 19
12 11
12 20
13 0
13 20
14 0
14 5
15 18
15 19
16 12
16 18
17 4
17 8
18 7
18 12
19 7
19 8
20 15
20 17
21 11
21 15

# solution 544
# n=22 sym=rot2 status=verified source=flammenkamp_cache/n22_rot2
# code=:697D9LDH3613BJEH5K0A25GJBL1G472AIKFI480C8ECF
0 6
0 9
1 7
1 13
2 9
2 21
3 13
3 17
4 3
4 6
5 1
5 3
6 11
6 19
7 14
7 17
8 5
8 20
9 0
9 10
10 2
10 5
11 16
11 19
12 11
12 21
13 1
13 16
14 4
14 7
15 2
15 10
16 18
16 20
17 15
17 18
18 4
18 8
19 0
19 12
20 8
20 14
21 12
21 15

# solution 545
# n=22 sym=rot2 status=verified source=flammenkamp_cache/n22_rot2
# code=:691D69DEAI1H350HJLAE25GJ7B024LGI4K3B78CF8KCF
0 6
0 9
1 1
1 13
2 6
2 9
3 13
3 14
4 10
4 18
5 1
5 17
6 3
6 5
7 0
7 17
8 19
8 21
9 10
9 14
10 2
10 5
11 16
11 19
12 7
12 11
13 0
13 2
14 4
14 21
15 16
15 18
16 4
16 20
17 3
17 11
18 7
18 8
19 12
19 15
20 8
20 20
21 12
21 15

# solution 546
# n=22 sym=rot2 status=verified source=flammenkamp_cache/n22_rot2
# code=:CDAD6C576KELHLAI1I2425GJHJ3K3B04071FEG9F8B89
0 12
0 13
1 10
1 13
2 6
2 12
3 5
3 7
4 6
4 20
5 14
5 21
6 17
6 21
7 10
7 18
8 1
8 18
9 2
9 4
10 2
10 5
11 16
11 19
12 17
12 19
13 3
13 20
14 3
14 11
15 0
15 4
16 0
16 7
17 1
17 15
18 14
18 16
19 9
19 15
20 8
20 11
21 8
21 9

# solution 547
# n=22 sym=rot2 status=verified source=flammenkamp_cache/n22_rot2
# code=:39FG6B8E27BI4G0K029DHK148CJL1L5H3AEJ7DAF56CI
0 3
0 9
1 15
1 16
2 6
2 11
3 8
3 14
4 2
4 7
5 11
5 18
6 4
6 16
7 0
7 20
8 0
8 2
9 9
9 13
10 17
10 20
11 1
11 4
12 8
12 12
13 19
13 21
14 1
14 21
15 5
15 17
16 3
16 10
17 14
17 19
18 7
18 13
19 10
19 15
20 5
20 6
21 12
21 18

# solution 548
# n=22 sym=rot2 status=verified source=flammenkamp_cache/n22_rot2
# code=:3HBF784FEG398A1K9L025J2GJL0C1KBDCI576HDE6A4I
0 3
0 17
1 11
1 15
2 7
2 8
3 4
3 15
4 14
4 16
5 3
5 9
6 8
6 10
7 1
7 20
8 9
8 21
9 0
9 2
10 5
10 19
11 2
11 16
12 19
12 21
13 0
13 12
14 1
14 20
15 11
15 13
16 12
16 18
17 5
17 7
18 6
18 17
19 13
19 14
20 6
20 10
21 4
21 18

# solution 549
# n=22 sym=rot2 status=verified source=flammenkamp_cache/n22_rot2
# code=:7B479I0F6I4K8BGKDJ9L2G5J0C2815AD1H3F6L3CEHAE
0 7
0 11
1 4
1 7
2 9
2 18
3 0
3 15
4 6
4 18
5 4
5 20
6 8
6 11
7 16
7 20
8 13
8 19
9 9
9 21
10 2
10 16
11 5
11 19
12 0
12 12
13 2
13 8
14 1
14 5
15 10
15 13
16 1
16 17
17 3
17 15
18 6
18 21
19 3
19 12
20 14
20 17
21 10
21 14

# solution 550
# n=22 sym=rot2 status=verified source=flammenkamp_cache/n22_rot2
# code=:EG69AD5IEJ6BHJ181H9L03IL0C4KDK24AF273G8BCF57
0 14
0 16
1 6
1 9
2 10
2 13
3 5
3 18
4 14
4 19
5 6
5 11
6 17
6 19
7 1
7 8
8 1
8 17
9 9
9 21
10 0
10 3
11 18
11 21
12 0
12 12
13 4
13 20
14 13
14 20
15 2
15 4
16 10
16 15
17 2
17 7
18 3
18 16
19 8
19 11
20 12
20 15
21 5
21 7

# solution 551
# n=22 sym=rot2 status=verified source=flammenkamp_cache/n22_rot2
# code=:6DCI692DEI5H042EAK0A15GKBL1B7JHL4G378JCF398F
0 6
0 13
1 12
1 18
2 6
2 9
3 2
3 13
4 14
4 18
5 5
5 17
6 0
6 4
7 2
7 14
8 10
8 20
9 0
9 10
10 1
10 5
11 16
11 20
12 11
12 21
13 1
13 11
14 7
14 19
15 17
15 21
16 4
16 16
17 3
17 7
18 8
18 19
19 12
19 15
20 3
20 9
21 8
21 15

# solution 552
# n=22 sym=rot2 status=verified source=flammenkamp_cache/n22_rot2
# code=:8I2C7C6H7A1FJL358LAH15GK4B0DGI026KBE4F9E9J3D
0 8
0 18
1 2
1 12
2 7
2 12
3 6
3 17
4 7
4 10
5 1
5 15
6 19
6 21
7 3
7 5
8 8
8 21
9 10
9 17
10 1
10 5
11 16
11 20
12 4
12 11
13 0
13 13
14 16
14 18
15 0
15 2
16 6
16 20
17 11
17 14
18 4
18 15
19 9
19 14
20 9
20 19
21 3
21 13

# solution 553
# n=22 sym=rot2 status=verified source=flammenkamp_cache/n22_rot2
# code=:8I2C7CFH7A1FJL358LAH15GK4B0DGI026KBE469E9J3D
0 8
0 18
1 2
1 12
2 7
2 12
3 15
3 17
4 7
4 10
5 1
5 15
6 19
6 21
7 3
7 5
8 8
8 21
9 10
9 17
10 1
10 5
11 16
11 20
12 4
12 11
13 0
13 13
14 16
14 18
15 0
15 2
16 6
16 20
17 11
17 14
18 4
18 6
19 9
19 14
20 9
20 19
21 3
21 13

# solution 554
# n=22 sym=rot2 status=verified source=flammenkamp_cache/n22_rot2
# code=:DE29CF5A7JFH0I134D0A15GKBL8HIK3L462EBG69CJ78
0 13
0 14
1 2
1 9
2 12
2 15
3 5
3 10
4 7
4 19
5 15
5 17
6 0
6 18
7 1
7 3
8 4
8 13
9 0
9 10
10 1
10 5
11 16
11 20
12 11
12 21
13 8
13 17
14 18
14 20
15 3
15 21
16 4
16 6
17 2
17 14
18 11
18 16
19 6
19 9
20 12
20 19
21 7
21 8

# solution 555
# n=22 sym=rot2 status=verified source=flammenkamp_cache/n22_rot2
# code=:8C5HCE03FL238BFH2EAK15GK1B7J46ADIJ06IL794G9D
0 8
0 12
1 5
1 17
2 12
2 14
3 0
3 3
4 15
4 21
5 2
5 3
6 8
6 11
7 15
7 17
8 2
8 14
9 10
9 20
10 1
10 5
11 16
11 20
12 1
12 11
13 7
13 19
14 4
14 6
15 10
15 13
16 18
16 19
17 0
17 6
18 18
18 21
19 7
19 9
20 4
20 16
21 9
21 13

# solution 556
# n=22 sym=rot2 status=verified source=flammenkamp_cache/n22_rot2
# code=:CE38CH37150JAFDH026A15GKBFJL486B2LGKEI49DI79
0 12
0 14
1 3
1 8
2 12
2 17
3 3
3 7
4 1
4 5
5 0
5 19
6 10
6 15
7 13
7 17
8 0
8 2
9 6
9 10
10 1
10 5
11 16
11 20
12 11
12 15
13 19
13 21
14 4
14 8
15 6
15 11
16 2
16 21
17 16
17 20
18 14
18 18
19 4
19 9
20 13
20 18
21 7
21 9

# solution 557
# n=22 sym=rot2 status=verified source=flammenkamp_cache/n22_rot2
# code=:9I6JADDH4E690JEI1L5A15GKBG0K372LCF7H488B2F3C
0 9
0 18
1 6
1 19
2 10
2 13
3 13
3 17
4 4
4 14
5 6
5 9
6 0
6 19
7 14
7 18
8 1
8 21
9 5
9 10
10 1
10 5
11 16
11 20
12 11
12 16
13 0
13 20
14 3
14 7
15 2
15 21
16 12
16 15
17 7
17 17
18 4
18 8
19 8
19 11
20 2
20 15
21 3
21 12

# solution 558
# n=22 sym=rot2 status=verified source=flammenkamp_cache/n22_rot2
# code=:782C5F2B8ICF0I174A0415GKHLBHEK3L693DAJ6G9JDE
0 7
0 8
1 2
1 12
2 5
2 15
3 2
3 11
4 8
4 18
5 12
5 15
6 0
6 18
7 1
7 7
8 4
8 10
9 0
9 4
10 1
10 5
11 16
11 20
12 17
12 21
13 11
13 17
14 14
14 20
15 3
15 21
16 6
16 9
17 3
17 13
18 10
18 19
19 6
19 16
20 9
20 19
21 13
21 14

# solution 559
# n=22 sym=rot2 status=verified source=flammenkamp_cache/n22_rot2
# code=:6F78CH7J3C23GHALAD0115GKKL8B0B45IJ9I2E49DE6F
0 6
0 15
1 7
1 8
2 12
2 17
3 7
3 19
4 3
4 12
5 2
5 3
6 16
6 17
7 10
7 21
8 10
8 13
9 0
9 1
10 1
10 5
11 16
11 20
12 20
12 21
13 8
13 11
14 0
14 11
15 4
15 5
16 18
16 19
17 9
17 18
18 2
18 14
19 4
19 9
20 13
20 14
21 6
21 15

# solution 560
# n=22 sym=rot2 status=verified source=flammenkamp_cache/n22_rot2
# code=:8CDF5F3J7A7C2K0HAL4I15GK3H0B4L1J9EBE2I6G689D
0 8
0 12
1 13
1 15
2 5
2 15
3 3
3 19
4 7
4 10
5 7
5 12
6 2
6 20
7 0
7 17
8 10
8 21
9 4
9 18
10 1
10 5
11 16
11 20
12 3
12 17
13 0
13 11
14 4
14 21
15 1
15 19
16 9
16 14
17 11
17 14
18 2
18 18
19 6
19 16
20 6
20 8
21 9
21 13

# solution 561
# n=22 sym=rot2 status=verified source=flammenkamp_cache/n22_rot2
# code=:DH67AC37HJKL390G6A2D15GK8JBF5LCI0124EI9BEF48
0 13
0 17
1 6
1 7
2 10
2 12
3 3
3 7
4 17
4 19
5 20
5 21
6 3
6 9
7 0
7 16
8 6
8 10
9 2
9 13
10 1
10 5
11 16
11 20
12 8
12 19
13 11
13 15
14 5
14 21
15 12
15 18
16 0
16 1
17 2
17 4
18 14
18 18
19 9
19 11
20 14
20 15
21 4
21 8

# solution 562
# n=22 sym=rot2 status=verified source=flammenkamp_cache/n22_rot2
# code=:DF9F47AH0J2I0C37AK8G15GK5D1BEI9L3J2L4BEH6C68
0 13
0 15
1 9
1 15
2 4
2 7
3 10
3 17
4 0
4 19
5 2
5 18
6 0
6 12
7 3
7 7
8 10
8 20
9 8
9 16
10 1
10 5
11 16
11 20
12 5
12 13
13 1
13 11
14 14
14 18
15 9
15 21
16 3
16 19
17 2
17 21
18 4
18 11
19 14
19 17
20 6
20 12
21 6
21 8

# solution 563
# n=22 sym=rot2 status=verified source=flammenkamp_cache/n22_rot2
# code=:8D9HEG379A12HJ0A6F3L15GK0I6FBL24JKBCEI574C8D
0 8
0 13
1 9
1 17
2 14
2 16
3 3
3 7
4 9
4 10
5 1
5 2
6 17
6 19
7 0
7 10
8 6
8 15
9 3
9 21
10 1
10 5
11 16
11 20
12 0
12 18
13 6
13 15
14 11
14 21
15 2
15 4
16 19
16 20
17 11
17 12
18 14
18 18
19 5
19 7
20 4
20 12
21 8
21 13

# solution 564
# n=22 sym=rot2 status=verified source=flammenkamp_cache/n22_rot2
# code=:8E2F89FL5B9I4J1A4I0E15GK7L3HBK2H3CAG06CD6J7D
0 8
0 14
1 2
1 15
2 8
2 9
3 15
3 21
4 5
4 11
5 9
5 18
6 4
6 19
7 1
7 10
8 4
8 18
9 0
9 14
10 1
10 5
11 16
11 20
12 7
12 21
13 3
13 17
14 11
14 20
15 2
15 17
16 3
16 12
17 10
17 16
18 0
18 6
19 12
19 13
20 6
20 19
21 7
21 13

# solution 565
# n=22 sym=rot2 status=verified source=flammenkamp_cache/n22_rot2
# code=:9C37AH267J0H8A8FIL5K15GK1G036DBD4L2EFJ4BEI9C
0 9
0 12
1 3
1 7
2 10
2 17
3 2
3 6
4 7
4 19
5 0
5 17
6 8
6 10
7 8
7 15
8 18
8 21
9 5
9 20
10 1
10 5
11 16
11 20
12 1
12 16
13 0
13 3
14 6
14 13
15 11
15 13
16 4
16 21
17 2
17 14
18 15
18 19
19 4
19 11
20 14
20 18
21 9
21 12

# solution 566
# n=22 sym=rot2 status=verified source=flammenkamp_cache/n22_rot2
# code=:9C6B4G6HJL3BEJ1858EKIL0317DGDK27AI024F5HAF9C
0 9
0 12
1 6
1 11
2 4
2 16
3 6
3 17
4 19
4 21
5 3
5 11
6 14
6 19
7 1
7 8
8 5
8 8
9 14
9 20
10 18
10 21
11 0
11 3
12 1
12 7
13 13
13 16
14 13
14 20
15 2
15 7
16 10
16 18
17 0
17 2
18 4
18 15
19 5
19 17
20 10
20 15
21 9
21 12

# solution 567
# n=22 sym=rot2 status=verified source=flammenkamp_cache/n22_rot2
# code=:8B7C25FH037F0823HKAC5K1G9B14IJDL6EIL46GJ9EAD
0 8
0 11
1 7
1 12
2 2
2 5
3 15
3 17
4 0
4 3
5 7
5 15
6 0
6 8
7 2
7 3
8 17
8 20
9 10
9 12
10 5
10 20
11 1
11 16
12 9
12 11
13 1
13 4
14 18
14 19
15 13
15 21
16 6
16 14
17 18
17 21
18 4
18 6
19 16
19 19
20 9
20 14
21 10
21 13

# solution 568
# n=22 sym=rot2 status=verified source=flammenkamp_cache/n22_rot2
# code=:797D464B0JGI6BDK9I025K1GJL3C18AF352LAHFH8ECE
0 7
0 9
1 7
1 13
2 4
2 6
3 4
3 11
4 0
4 19
5 16
5 18
6 6
6 11
7 13
7 20
8 9
8 18
9 0
9 2
10 5
10 20
11 1
11 16
12 19
12 21
13 3
13 12
14 1
14 8
15 10
15 15
16 3
16 5
17 2
17 21
18 10
18 17
19 15
19 17
20 8
20 14
21 12
21 14

# solution 569
# n=22 sym=rot2 status=verified source=flammenkamp_cache/n22_rot2
# code=:DH9D373F7A24AG090JFK5K1G162LCL5BHJBE6IEI8C48
0 13
0 17
1 9
1 13
2 3
2 7
3 3
3 15
4 7
4 10
5 2
5 4
6 10
6 16
7 0
7 9
8 0
8 19
9 15
9 20
10 5
10 20
11 1
11 16
12 1
12 6
13 2
13 21
14 12
14 21
15 5
15 11
16 17
16 19
17 11
17 14
18 6
18 18
19 14
19 18
20 8
20 12
21 4
21 8

# solution 570
# n=22 sym=rot2 status=verified source=flammenkamp_cache/n22_rot2
# code=:8ACE6H3F3L1H58CE2A025K1GJLBJ79DG4K0I6I4F79BD
0 8
0 10
1 12
1 14
2 6
2 17
3 3
3 15
4 3
4 21
5 1
5 17
6 5
6 8
7 12
7 14
8 2
8 10
9 0
9 2
10 5
10 20
11 1
11 16
12 19
12 21
13 11
13 19
14 7
14 9
15 13
15 16
16 4
16 20
17 0
17 18
18 6
18 18
19 4
19 15
20 7
20 9
21 11
21 13

# solution 571
# n=22 sym=rot2 status=verified source=flammenkamp_cache/n22_rot2
# code=:8ADF05FICI27CH27HLAK5K1G1B04EJ49EJ3936GL68BD
0 8
0 10
1 13
1 15
2 0
2 5
3 15
3 18
4 12
4 18
5 2
5 7
6 12
6 17
7 2
7 7
8 17
8 21
9 10
9 20
10 5
10 20
11 1
11 16
12 1
12 11
13 0
13 4
14 14
14 19
15 4
15 9
16 14
16 19
17 3
17 9
18 3
18 6
19 16
19 21
20 6
20 8
21 11
21 13

# solution 572
# n=22 sym=rot2 status=verified source=flammenkamp_cache/n22_rot2
# code=:6IAC8BEH569LIJ8E0K2H5K1G4J1L7D230CFG47AD9B3F
0 6
0 18
1 10
1 12
2 8
2 11
3 14
3 17
4 5
4 6
5 9
5 21
6 18
6 19
7 8
7 14
8 0
8 20
9 2
9 17
10 5
10 20
11 1
11 16
12 4
12 19
13 1
13 21
14 7
14 13
15 2
15 3
16 0
16 12
17 15
17 16
18 4
18 7
19 10
19 13
20 9
20 11
21 3
21 15

# solution 573
# n=22 sym=rot2 status=verified source=flammenkamp_cache/n22_rot2
# code=:9BEH066E9JDHGK03283A5K1GBIDJIL15482C7FFL47AC
0 9
0 11
1 14
1 17
2 0
2 6
3 6
3 14
4 9
4 19
5 13
5 17
6 16
6 20
7 0
7 3
8 2
8 8
9 3
9 10
10 5
10 20
11 1
11 16
12 11
12 18
13 13
13 19
14 18
14 21
15 1
15 5
16 4
16 8
17 2
17 12
18 7
18 15
19 15
19 21
20 4
20 7
21 10
21 12

# solution 574
# n=22 sym=rot2 status=verified source=flammenkamp_cache/n22_rot2
# code=:8D2CHLEI4C12AG0A673F5K1G6IEFBL5BJK9H37049J8D
0 8
0 13
1 2
1 12
2 17
2 21
3 14
3 18
4 4
4 12
5 1
5 2
6 10
6 16
7 0
7 10
8 6
8 7
9 3
9 15
10 5
10 20
11 1
11 16
12 6
12 18
13 14
13 15
14 11
14 21
15 5
15 11
16 19
16 20
17 9
17 17
18 3
18 7
19 0
19 4
20 9
20 19
21 8
21 13

# solution 575
# n=22 sym=rot2 status=verified source=flammenkamp_cache/n22_rot2
# code=:9KDF9B464L8G2E03IJAE5K1G7B23IL7J5D0HFHAC681C
0 9
0 20
1 13
1 15
2 9
2 11
3 4
3 6
4 4
4 21
5 8
5 16
6 2
6 14
7 0
7 3
8 18
8 19
9 10
9 14
10 5
10 20
11 1
11 16
12 7
12 11
13 2
13 3
14 18
14 21
15 7
15 19
16 5
16 13
17 0
17 17
18 15
18 17
19 10
19 12
20 6
20 8
21 1
21 12

# solution 576
# n=22 sym=rot2 status=verified source=flammenkamp_cache/n22_rot2
# code=:69794EBG3LHJ8F038JAK5K1G1B2DIL6D240I5A7HCECF
0 6
0 9
1 7
1 9
2 4
2 14
3 11
3 16
4 3
4 21
5 17
5 19
6 8
6 15
7 0
7 3
8 8
8 19
9 10
9 20
10 5
10 20
11 1
11 16
12 1
12 11
13 2
13 13
14 18
14 21
15 6
15 13
16 2
16 4
17 0
17 18
18 5
18 10
19 7
19 17
20 12
20 14
21 12
21 15

# solution 577
# n=22 sym=rot2 status=verified source=flammenkamp_cache/n22_rot2
# code=:164DBDEK6I292I5E0H9A05GLBC4L7G3JCJ3F178A8HFK
0 1
0 6
1 4
1 13
2 11
2 13
3 14
3 20
4 6
4 18
5 2
5 9
6 2
6 18
7 5
7 14
8 0
8 17
9 9
9 10
10 0
10 5
11 16
11 21
12 11
12 12
13 4
13 21
14 7
14 16
15 3
15 19
16 12
16 19
17 3
17 15
18 1
18 7
19 8
19 10
20 8
20 17
21 15
21 20

# solution 578
# n=22 sym=rot2 status=verified source=flammenkamp_cache/n22_rot2
# code=:8C4H2C8B0F1G371JAF7I05GL3E6B2KEI5K6LAD9J4H9D
0 8
0 12
1 4
1 17
2 2
2 12
3 8
3 11
4 0
4 15
5 1
5 16
6 3
6 7
7 1
7 19
8 10
8 15
9 7
9 18
10 0
10 5
11 16
11 21
12 3
12 14
13 6
13 11
14 2
14 20
15 14
15 18
16 5
16 20
17 6
17 21
18 10
18 13
19 9
19 19
20 4
20 17
21 9
21 13

# solution 579
# n=22 sym=rot2 status=verified source=flammenkamp_cache/n22_rot2
# code=:8C4H2C8BFL1G371JAF7I05GL3E6B2KEI5K06AD9J4H9D
0 8
0 12
1 4
1 17
2 2
2 12
3 8
3 11
4 15
4 21
5 1
5 16
6 3
6 7
7 1
7 19
8 10
8 15
9 7
9 18
10 0
10 5
11 16
11 21
12 3
12 14
13 6
13 11
14 2
14 20
15 14
15 18
16 5
16 20
17 0
17 6
18 10
18 13
19 9
19 19
20 4
20 17
21 9
21 13

# solution 580
# n=22 sym=rot2 status=verified source=flammenkamp_cache/n22_rot2
# code=:7C8B3H46CGJL2E13AD6K05GL1F8BIK7J0259FH4IAD9E
0 7
0 12
1 8
1 11
2 3
2 17
3 4
3 6
4 12
4 16
5 19
5 21
6 2
6 14
7 1
7 3
8 10
8 13
9 6
9 20
10 0
10 5
11 16
11 21
12 1
12 15
13 8
13 11
14 18
14 20
15 7
15 19
16 0
16 2
17 5
17 9
18 15
18 17
19 4
19 18
20 10
20 13
21 9
21 14

# solution 581
# n=22 sym=rot2 status=verified source=flammenkamp_cache/n22_rot2
# code=:6D7C46DI7C02HJBGAK1I05GL3K1B5A24JL9E38FH9E8F
0 6
0 13
1 7
1 12
2 4
2 6
3 13
3 18
4 7
4 12
5 0
5 2
6 17
6 19
7 11
7 16
8 10
8 20
9 1
9 18
10 0
10 5
11 16
11 21
12 3
12 20
13 1
13 11
14 5
14 10
15 2
15 4
16 19
16 21
17 9
17 14
18 3
18 8
19 15
19 17
20 9
20 14
21 8
21 15

# solution 582
# n=22 sym=rot2 status=verified source=flammenkamp_cache/n22_rot2
# code=:DE492A26FI1K7D5HAC0I05GL3L9B4G8E1K36FJBJCH78
0 13
0 14
1 4
1 9
2 2
2 10
3 2
3 6
4 15
4 18
5 1
5 20
6 7
6 13
7 5
7 17
8 10
8 12
9 0
9 18
10 0
10 5
11 16
11 21
12 3
12 21
13 9
13 11
14 4
14 16
15 8
15 14
16 1
16 20
17 3
17 6
18 15
18 19
19 11
19 19
20 12
20 17
21 7
21 8

# solution 583
# n=22 sym=rot2 status=verified source=flammenkamp_cache/n22_rot2
# code=:7826BICH28GK7B1HFI9LGL050C364KAE15DJ493AFJDE
0 7
0 8
1 2
1 6
2 11
2 18
3 12
3 17
4 2
4 8
5 16
5 20
6 7
6 11
7 1
7 17
8 15
8 18
9 9
9 21
10 16
10 21
11 0
11 5
12 0
12 12
13 3
13 6
14 4
14 20
15 10
15 14
16 1
16 5
17 13
17 19
18 4
18 9
19 3
19 10
20 15
20 19
21 13
21 14

# solution 584
# n=22 sym=rot2 status=verified source=flammenkamp_cache/n22_rot2
# code=:7826BICH281G7B1HFI9LGL050C364KAE5KDJ493AFJDE
0 7
0 8
1 2
1 6
2 11
2 18
3 12
3 17
4 2
4 8
5 1
5 16
6 7
6 11
7 1
7 17
8 15
8 18
9 9
9 21
10 16
10 21
11 0
11 5
12 0
12 12
13 3
13 6
14 4
14 20
15 10
15 14
16 5
16 20
17 13
17 19
18 4
18 9
19 3
19 10
20 15
20 19
21 13
21 14

# solution 585
# n=22 sym=rot2 status=verified source=flammenkamp_cache/n22_rot2
# code=:CI7D6B1468GIBK7H9J0205GLJL2C4E1A35DFHKAF8E39
0 12
0 18
1 7
1 13
2 6
2 11
3 1
3 4
4 6
4 8
5 16
5 18
6 11
6 20
7 7
7 17
8 9
8 19
9 0
9 2
10 0
10 5
11 16
11 21
12 19
12 21
13 2
13 12
14 4
14 14
15 1
15 10
16 3
16 5
17 13
17 15
18 17
18 20
19 10
19 15
20 8
20 14
21 3
21 9

# solution 586
# n=22 sym=rot2 status=verified source=flammenkamp_cache/n22_rot2
# code=:BE9E6I04FIBK28285H9LGK150C4GDJDJ1A36HL3F7C7A
0 11
0 14
1 9
1 14
2 6
2 18
3 0
3 4
4 15
4 18
5 11
5 20
6 2
6 8
7 2
7 8
8 5
8 17
9 9
9 21
10 16
10 20
11 1
11 5
12 0
12 12
13 4
13 16
14 13
14 19
15 13
15 19
16 1
16 10
17 3
17 6
18 17
18 21
19 3
19 15
20 7
20 12
21 7
21 10

# solution 587
# n=22 sym=rot2 status=verified source=flammenkamp_cache/n22_rot2
# code=:FJ059IAF1A184EHJ893E05GL7ICD247HDKBK6B3CGL26
0 15
0 19
1 0
1 5
2 9
2 18
3 10
3 15
4 1
4 10
5 1
5 8
6 4
6 14
7 17
7 19
8 8
8 9
9 3
9 14
10 0
10 5
11 16
11 21
12 7
12 18
13 12
13 13
14 2
14 4
15 7
15 17
16 13
16 20
17 11
17 20
18 6
18 11
19 3
19 12
20 16
20 21
21 2
21 6

# solution 588
# n=22 sym=rot2 status=verified source=flammenkamp_cache/n22_rot2
# code=:CH7CAE3HDJ2613GL6A1D5L0G8KBF05IKFJ284I7B9E49
0 12
0 17
1 7
1 12
2 10
2 14
3 3
3 17
4 13
4 19
5 2
5 6
6 1
6 3
7 16
7 21
8 6
8 10
9 1
9 13
10 5
10 21
11 0
11 16
12 8
12 20
13 11
13 15
14 0
14 5
15 18
15 20
16 15
16 19
17 2
17 8
18 4
18 18
19 7
19 11
20 9
20 14
21 4
21 9

# solution 589
# n=22 sym=rot2 status=verified source=flammenkamp_cache/n22_rot2
# code=:AC6E49GJ5D1BEI01480JFI362LDHKL37AK8G25CH7F9B
0 10
0 12
1 6
1 14
2 4
2 9
3 16
3 19
4 5
4 13
5 1
5 11
6 14
6 18
7 0
7 1
8 4
8 8
9 0
9 19
10 15
10 18
11 3
11 6
12 2
12 21
13 13
13 17
14 20
14 21
15 3
15 7
16 10
16 20
17 8
17 16
18 2
18 5
19 12
19 17
20 7
20 15
21 9
21 11

# solution 590
# n=22 sym=rot2 status=verified source=flammenkamp_cache/n22_rot2
# code=:AC35DJEH5DBJ130KFL9E46FH7C061LIK2A8G4728GI9B
0 10
0 12
1 3
1 5
2 13
2 19
3 14
3 17
4 5
4 13
5 11
5 19
6 1
6 3
7 0
7 20
8 15
8 21
9 9
9 14
10 4
10 6
11 15
11 17
12 7
12 12
13 0
13 6
14 1
14 21
15 18
15 20
16 2
16 10
17 8
17 16
18 4
18 7
19 2
19 8
20 16
20 18
21 9
21 11

# solution 591
# n=22 sym=rot2 status=verified source=flammenkamp_cache/n22_rot2
# code=:FJ059IAF1A184EHJ893E5L0G7ICD247HDKBK6B3CGL26
0 15
0 19
1 0
1 5
2 9
2 18
3 10
3 15
4 1
4 10
5 1
5 8
6 4
6 14
7 17
7 19
8 8
8 9
9 3
9 14
10 5
10 21
11 0
11 16
12 7
12 18
13 12
13 13
14 2
14 4
15 7
15 17
16 13
16 20
17 11
17 20
18 6
18 11
19 3
19 12
20 16
20 21
21 2
21 6

# solution 592
# n=22 sym=rot2 status=verified source=flammenkamp_cache/n22_rot2
# code=:8E0B69AG161E4JHJ893I5L0G3ICD242H7KFK5BCFAL7D
0 8
0 14
1 0
1 11
2 6
2 9
3 10
3 16
4 1
4 6
5 1
5 14
6 4
6 19
7 17
7 19
8 8
8 9
9 3
9 18
10 5
10 21
11 0
11 16
12 3
12 18
13 12
13 13
14 2
14 4
15 2
15 17
16 7
16 20
17 15
17 20
18 5
18 11
19 12
19 15
20 10
20 21
21 7
21 13

# solution 593
# n=22 sym=rot2 status=verified source=flammenkamp_cache/n22_rot2
# code=:DE9ADF3I2K6C2LGH017A4G5HBEKL450J9F1J3I68BC78
0 13
0 14
1 9
1 10
2 13
2 15
3 3
3 18
4 2
4 20
5 6
5 12
6 2
6 21
7 16
7 17
8 0
8 1
9 7
9 10
10 4
10 16
11 5
11 17
12 11
12 14
13 20
13 21
14 4
14 5
15 0
15 19
16 9
16 15
17 1
17 19
18 3
18 18
19 6
19 8
20 11
20 12
21 7
21 8

# solution 594
# n=22 sym=rot2 status=verified source=flammenkamp_cache/n22_rot2
# code=:89CD155H3B7AFJ7J1L3HFL064I0K2E26BEAI4GGK89CD
0 8
0 9
1 12
1 13
2 1
2 5
3 5
3 17
4 3
4 11
5 7
5 10
6 15
6 19
7 7
7 19
8 1
8 21
9 3
9 17
10 15
10 21
11 0
11 6
12 4
12 18
13 0
13 20
14 2
14 14
15 2
15 6
16 11
16 14
17 10
17 18
18 4
18 16
19 16
19 20
20 8
20 9
21 12
21 13

# solution 595
# n=22 sym=rot2 status=verified source=flammenkamp_cache/n22_rot2
# code=:BE368I291L9KAE6H8G025H4GJL5D4F7B1C0KCJ3DFI7A
0 11
0 14
1 3
1 6
2 8
2 18
3 2
3 9
4 1
4 21
5 9
5 20
6 10
6 14
7 6
7 17
8 8
8 16
9 0
9 2
10 5
10 17
11 4
11 16
12 19
12 21
13 5
13 13
14 4
14 15
15 7
15 11
16 1
16 12
17 0
17 20
18 12
18 19
19 3
19 13
20 15
20 18
21 7
21 10

# solution 596
# n=22 sym=rot2 status=verified source=flammenkamp_cache/n22_rot2
# code=:8CHI9FEI280F5A17JK0AGH45BL12EKBG6LDJ376C349D
0 8
0 12
1 17
1 18
2 9
2 15
3 14
3 18
4 2
4 8
5 0
5 15
6 5
6 10
7 1
7 7
8 19
8 20
9 0
9 10
10 16
10 17
11 4
11 5
12 11
12 21
13 1
13 2
14 14
14 20
15 11
15 16
16 6
16 21
17 13
17 19
18 3
18 7
19 6
19 12
20 3
20 4
21 9
21 13

# solution 597
# n=22 sym=rot2 status=verified source=flammenkamp_cache/n22_rot2
# code=:9DBF67IL2K2ADG470913GH45IKCLEH58BJ1J03EF6A8C
0 9
0 13
1 11
1 15
2 6
2 7
3 18
3 21
4 2
4 20
5 2
5 10
6 13
6 16
7 4
7 7
8 0
8 9
9 1
9 3
10 16
10 17
11 4
11 5
12 18
12 20
13 12
13 21
14 14
14 17
15 5
15 8
16 11
16 19
17 1
17 19
18 0
18 3
19 14
19 15
20 6
20 10
21 8
21 12

# solution 598
# n=22 sym=rot2 status=verified source=flammenkamp_cache/n22_rot2
# code=:6A8HCE5J1FHJ1L7803AC3G5I9BILDE0K246K2G794DBF
0 6
0 10
1 8
1 17
2 12
2 14
3 5
3 19
4 1
4 15
5 17
5 19
6 1
6 21
7 7
7 8
8 0
8 3
9 10
9 12
10 3
10 16
11 5
11 18
12 9
12 11
13 18
13 21
14 13
14 14
15 0
15 20
16 2
16 4
17 6
17 20
18 2
18 16
19 7
19 9
20 4
20 13
21 11
21 15

# solution 599
# n=22 sym=rot2 status=verified source=flammenkamp_cache/n22_rot2
# code=:9C3G78FH1E6A2H0K082AGI35BJDL1L4JBF7K46DE5I9C
0 9
0 12
1 3
1 16
2 7
2 8
3 15
3 17
4 1
4 14
5 6
5 10
6 2
6 17
7 0
7 20
8 0
8 8
9 2
9 10
10 16
10 18
11 3
11 5
12 11
12 19
13 13
13 21
14 1
14 21
15 4
15 19
16 11
16 15
17 7
17 20
18 4
18 6
19 13
19 14
20 5
20 18
21 9
21 12

# solution 600
# n=22 sym=rot2 status=verified source=flammenkamp_cache/n22_rot2
# code=:8D561CCK7L34HJBJAE6LGI350F7B2A24HI0E199KFG8D
0 8
0 13
1 5
1 6
2 1
2 12
3 12
3 20
4 7
4 21
5 3
5 4
6 17
6 19
7 11
7 19
8 10
8 14
9 6
9 21
10 16
10 18
11 3
11 5
12 0
12 15
13 7
13 11
14 2
14 10
15 2
15 4
16 17
16 18
17 0
17 14
18 1
18 9
19 9
19 20
20 15
20 16
21 8
21 13

# solution 601
# n=22 sym=rot2 status=verified source=flammenkamp_cache/n22_rot2
# code=:AE9CGH4E1836JL1JAD6LGI350F8B2K02FIDK7H459C7B
0 10
0 14
1 9
1 12
2 16
2 17
3 4
3 14
4 1
4 8
5 3
5 6
6 19
6 21
7 1
7 19
8 10
8 13
9 6
9 21
10 16
10 18
11 3
11 5
12 0
12 15
13 8
13 11
14 2
14 20
15 0
15 2
16 15
16 18
17 13
17 20
18 7
18 17
19 4
19 5
20 9
20 12
21 7
21 11

# solution 602
# n=22 sym=rot2 status=verified source=flammenkamp_cache/n22_rot2
# code=:7A4J3C7HCFJK018GAD06GI35FL8B5DKL12694E9I2HBE
0 7
0 10
1 4
1 19
2 3
2 12
3 7
3 17
4 12
4 15
5 19
5 20
6 0
6 1
7 8
7 16
8 10
8 13
9 0
9 6
10 16
10 18
11 3
11 5
12 15
12 21
13 8
13 11
14 5
14 13
15 20
15 21
16 1
16 2
17 6
17 9
18 4
18 14
19 9
19 18
20 2
20 17
21 11
21 14

# solution 603
# n=22 sym=rot2 status=verified source=flammenkamp_cache/n22_rot2
# code=:BH56CE7913FJHLAD8K0235GIJL1D8B0426IKCE79FG4A
0 11
0 17
1 5
1 6
2 12
2 14
3 7
3 9
4 1
4 3
5 15
5 19
6 17
6 21
7 10
7 13
8 8
8 20
9 0
9 2
10 3
10 5
11 16
11 18
12 19
12 21
13 1
13 13
14 8
14 11
15 0
15 4
16 2
16 6
17 18
17 20
18 12
18 14
19 7
19 9
20 15
20 16
21 4
21 10

# solution 604
# n=22 sym=rot2 status=verified source=flammenkamp_cache/n22_rot2
# code=:69FJ5E8A03AI4J4G7K9D0K1L8C1E5H2H3BILBD7G26CF
0 6
0 9
1 15
1 19
2 5
2 14
3 8
3 10
4 0
4 3
5 10
5 18
6 4
6 19
7 4
7 16
8 7
8 20
9 9
9 13
10 0
10 20
11 1
11 21
12 8
12 12
13 1
13 14
14 5
14 17
15 2
15 17
16 3
16 11
17 18
17 21
18 11
18 13
19 7
19 16
20 2
20 6
21 12
21 15

# solution 605
# n=22 sym=rot2 status=verified source=flammenkamp_cache/n22_rot2
# code=:49IJEF1H1E89BL6LDGAI2G5J3B580F0ACD7K4K6723CH
0 4
0 9
1 18
1 19
2 14
2 15
3 1
3 17
4 1
4 14
5 8
5 9
6 11
6 21
7 6
7 21
8 13
8 16
9 10
9 18
10 2
10 16
11 5
11 19
12 3
12 11
13 5
13 8
14 0
14 15
15 0
15 10
16 12
16 13
17 7
17 20
18 4
18 20
19 6
19 7
20 2
20 3
21 12
21 17

# solution 606
# n=22 sym=rot2 status=verified source=flammenkamp_cache/n22_rot2
# code=:BC9I4H782LFL1I8A57FK2G5J16EGBD3K060JDE4H3C9A
0 11
0 12
1 9
1 18
2 4
2 17
3 7
3 8
4 2
4 21
5 15
5 21
6 1
6 18
7 8
7 10
8 5
8 7
9 15
9 20
10 2
10 16
11 5
11 19
12 1
12 6
13 14
13 16
14 11
14 13
15 3
15 20
16 0
16 6
17 0
17 19
18 13
18 14
19 4
19 17
20 3
20 12
21 9
21 10

# solution 607
# n=22 sym=rot2 status=verified source=flammenkamp_cache/n22_rot2
# code=:3C67DG3L2H79AD6K0H1AGJ25BK4L1F8BCE4J0I58EF9I
0 3
0 12
1 6
1 7
2 13
2 16
3 3
3 21
4 2
4 17
5 7
5 9
6 10
6 13
7 6
7 20
8 0
8 17
9 1
9 10
10 16
10 19
11 2
11 5
12 11
12 20
13 4
13 21
14 1
14 15
15 8
15 11
16 12
16 14
17 4
17 19
18 0
18 18
19 5
19 8
20 14
20 15
21 9
21 18

# solution 608
# n=22 sym=rot2 status=verified source=flammenkamp_cache/n22_rot2
# code=:9BGI4D7HEK6C26DK0IALGJ250B3L18FJ9F174E8H35AC
0 9
0 11
1 16
1 18
2 4
2 13
3 7
3 17
4 14
4 20
5 6
5 12
6 2
6 6
7 13
7 20
8 0
8 18
9 10
9 21
10 16
10 19
11 2
11 5
12 0
12 11
13 3
13 21
14 1
14 8
15 15
15 19
16 9
16 15
17 1
17 7
18 4
18 14
19 8
19 17
20 3
20 5
21 10
21 12

# solution 609
# n=22 sym=rot2 status=verified source=flammenkamp_cache/n22_rot2
# code=:4F9B247I9D7FIK080KAGGJ255B1LDL136E8C3EHJAC6H
0 4
0 15
1 9
1 11
2 2
2 4
3 7
3 18
4 9
4 13
5 7
5 15
6 18
6 20
7 0
7 8
8 0
8 20
9 10
9 16
10 16
10 19
11 2
11 5
12 5
12 11
13 1
13 21
14 13
14 21
15 1
15 3
16 6
16 14
17 8
17 12
18 3
18 14
19 17
19 19
20 10
20 12
21 6
21 17

# solution 610
# n=22 sym=rot2 status=verified source=flammenkamp_cache/n22_rot2
# code=:CK566ICD3E4ADJ4E0A1LGJ250KBL7H28BH7I893FFG19
0 12
0 20
1 5
1 6
2 6
2 18
3 12
3 13
4 3
4 14
5 4
5 10
6 13
6 19
7 4
7 14
8 0
8 10
9 1
9 21
10 16
10 19
11 2
11 5
12 0
12 20
13 11
13 21
14 7
14 17
15 2
15 8
16 11
16 17
17 7
17 18
18 8
18 9
19 3
19 15
20 15
20 16
21 1
21 9

# solution 611
# n=22 sym=rot2 status=verified source=flammenkamp_cache/n22_rot2
# code=:CK566ICD3E4ADJ4E0AKLGJ2501BL7H28BH7I893FFG19
0 12
0 20
1 5
1 6
2 6
2 18
3 12
3 13
4 3
4 14
5 4
5 10
6 13
6 19
7 4
7 14
8 0
8 10
9 20
9 21
10 16
10 19
11 2
11 5
12 0
12 1
13 11
13 21
14 7
14 17
15 2
15 8
16 11
16 17
17 7
17 18
18 8
18 9
19 3
19 15
20 15
20 16
21 1
21 9

# solution 612
# n=22 sym=rot2 status=verified source=flammenkamp_cache/n22_rot2
# code=:EJ9B674H9D36ILDK1AGLGJ2505BK1803FI8C4HEFAC27
0 14
0 19
1 9
1 11
2 6
2 7
3 4
3 17
4 9
4 13
5 3
5 6
6 18
6 21
7 13
7 20
8 1
8 10
9 16
9 21
10 16
10 19
11 2
11 5
12 0
12 5
13 11
13 20
14 1
14 8
15 0
15 3
16 15
16 18
17 8
17 12
18 4
18 17
19 14
19 15
20 10
20 12
21 2
21 7

# solution 613
# n=22 sym=rot2 status=verified source=flammenkamp_cache/n22_rot2
# code=:AC3935EH8K06EH1JAD06GJ25FL8B2K47FL1D47GICI9B
0 10
0 12
1 3
1 9
2 3
2 5
3 14
3 17
4 8
4 20
5 0
5 6
6 14
6 17
7 1
7 19
8 10
8 13
9 0
9 6
10 16
10 19
11 2
11 5
12 15
12 21
13 8
13 11
14 2
14 20
15 4
15 7
16 15
16 21
17 1
17 13
18 4
18 7
19 16
19 18
20 12
20 18
21 9
21 11

# solution 614
# n=22 sym=rot2 status=verified source=flammenkamp_cache/n22_rot2
# code=:79DH5AGH2L6A238IKL9E6K1F7C013DIJBF0J45BG48CE
0 7
0 9
1 13
1 17
2 5
2 10
3 16
3 17
4 2
4 21
5 6
5 10
6 2
6 3
7 8
7 18
8 20
8 21
9 9
9 14
10 6
10 20
11 1
11 15
12 7
12 12
13 0
13 1
14 3
14 13
15 18
15 19
16 11
16 15
17 0
17 19
18 4
18 5
19 11
19 16
20 4
20 8
21 12
21 14

# solution 615
# n=22 sym=rot2 status=verified source=flammenkamp_cache/n22_rot2
# code=:7DAE6I0D6A4J1GCI491LGJ250KCH395K2HBF8L3F7B8E
0 7
0 13
1 10
1 14
2 6
2 18
3 0
3 13
4 6
4 10
5 4
5 19
6 1
6 16
7 12
7 18
8 4
8 9
9 1
9 21
10 16
10 19
11 2
11 5
12 0
12 20
13 12
13 17
14 3
14 9
15 5
15 20
16 2
16 17
17 11
17 15
18 8
18 21
19 3
19 15
20 7
20 11
21 8
21 14

# solution 616
# n=22 sym=rot2 status=verified source=flammenkamp_cache/n22_rot2
# code=:AB3C5F38EH1H18JL9E06GJ25FL7C02DK4K47DI6G9IAB
0 10
0 11
1 3
1 12
2 5
2 15
3 3
3 8
4 14
4 17
5 1
5 17
6 1
6 8
7 19
7 21
8 9
8 14
9 0
9 6
10 16
10 19
11 2
11 5
12 15
12 21
13 7
13 12
14 0
14 2
15 13
15 20
16 4
16 20
17 4
17 7
18 13
18 18
19 6
19 16
20 9
20 18
21 10
21 11

# solution 617
# n=22 sym=rot2 status=verified source=flammenkamp_cache/n22_rot2
# code=:ABCI5F38EH1H18JL9E06GJ25FL7C02DK4K47DI6G39AB
0 10
0 11
1 12
1 18
2 5
2 15
3 3
3 8
4 14
4 17
5 1
5 17
6 1
6 8
7 19
7 21
8 9
8 14
9 0
9 6
10 16
10 19
11 2
11 5
12 15
12 21
13 7
13 12
14 0
14 2
15 13
15 20
16 4
16 20
17 4
17 7
18 13
18 18
19 6
19 16
20 3
20 9
21 10
21 11

# solution 618
# n=22 sym=rot2 status=verified source=flammenkamp_cache/n22_rot2
# code=:AD5HDFFI124A3ECL09271G5KEJCL097IBHJK36684G8B
0 10
0 13
1 5
1 17
2 13
2 15
3 15
3 18
4 1
4 2
5 4
5 10
6 3
6 14
7 12
7 21
8 0
8 9
9 2
9 7
10 1
10 16
11 5
11 20
12 14
12 19
13 12
13 21
14 0
14 9
15 7
15 18
16 11
16 17
17 19
17 20
18 3
18 6
19 6
19 8
20 4
20 16
21 8
21 11

# solution 619
# n=22 sym=rot2 status=verified source=flammenkamp_cache/n22_rot2
# code=:4A5I3D0E69HJDE1J9A061G5KFLBC2K7824CF7L8I3GBH
0 4
0 10
1 5
1 18
2 3
2 13
3 0
3 14
4 6
4 9
5 17
5 19
6 13
6 14
7 1
7 19
8 9
8 10
9 0
9 6
10 1
10 16
11 5
11 20
12 15
12 21
13 11
13 12
14 2
14 20
15 7
15 8
16 2
16 4
17 12
17 15
18 7
18 21
19 8
19 18
20 3
20 16
21 11
21 17

# solution 620
# n=22 sym=rot2 status=verified source=flammenkamp_cache/n22_rot2
# code=:7FCH3A0EBH23681G9LDJ1G5K280C5KDFIJ4A7LBI496E
0 7
0 15
1 12
1 17
2 3
2 10
3 0
3 14
4 11
4 17
5 2
5 3
6 6
6 8
7 1
7 16
8 9
8 21
9 13
9 19
10 1
10 16
11 5
11 20
12 2
12 8
13 0
13 12
14 5
14 20
15 13
15 15
16 18
16 19
17 4
17 10
18 7
18 21
19 11
19 18
20 4
20 9
21 6
21 14

# solution 621
# n=22 sym=rot2 status=verified source=flammenkamp_cache/n22_rot2
# code=:8ACG3J37FL8H9LFH1A271G5KEJBK460C4D06EI2I59BD
0 8
0 10
1 12
1 16
2 3
2 19
3 3
3 7
4 15
4 21
5 8
5 17
6 9
6 21
7 15
7 17
8 1
8 10
9 2
9 7
10 1
10 16
11 5
11 20
12 14
12 19
13 11
13 20
14 4
14 6
15 0
15 12
16 4
16 13
17 0
17 6
18 14
18 18
19 2
19 18
20 5
20 9
21 11
21 13

# solution 622
# n=22 sym=rot2 status=verified source=flammenkamp_cache/n22_rot2
# code=:CH587F373HAJCDJL061A1G5KBKFL02892B4IEI6EDG49
0 12
0 17
1 5
1 8
2 7
2 15
3 3
3 7
4 3
4 17
5 10
5 19
6 12
6 13
7 19
7 21
8 0
8 6
9 1
9 10
10 1
10 16
11 5
11 20
12 11
12 20
13 15
13 21
14 0
14 2
15 8
15 9
16 2
16 11
17 4
17 18
18 14
18 18
19 6
19 14
20 13
20 16
21 4
21 9

# solution 623
# n=22 sym=rot2 status=verified source=flammenkamp_cache/n22_rot2
# code=:6D9B4645EL9DJL2713AI1G5K3BIKEJ028C07GHFHAC8F
0 6
0 13
1 9
1 11
2 4
2 6
3 4
3 5
4 14
4 21
5 9
5 13
6 19
6 21
7 2
7 7
8 1
8 3
9 10
9 18
10 1
10 16
11 5
11 20
12 3
12 11
13 18
13 20
14 14
14 19
15 0
15 2
16 8
16 12
17 0
17 7
18 16
18 17
19 15
19 17
20 10
20 12
21 8
21 15

# solution 624
# n=22 sym=rot2 status=verified source=flammenkamp_cache/n22_rot2
# code=:7F2HADDH790C2I6A0K351G5KGI1LBF3J9LCE488B4J6E
0 7
0 15
1 2
1 17
2 10
2 13
3 13
3 17
4 7
4 9
5 0
5 12
6 2
6 18
7 6
7 10
8 0
8 20
9 3
9 5
10 1
10 16
11 5
11 20
12 16
12 18
13 1
13 21
14 11
14 15
15 3
15 19
16 9
16 21
17 12
17 14
18 4
18 8
19 8
19 11
20 4
20 19
21 6
21 14

# solution 625
# n=22 sym=rot2 status=verified source=flammenkamp_cache/n22_rot2
# code=:DE6ACD362934GHJK0EAL1G5K0B7L1245HICJFI89BF78
0 13
0 14
1 6
1 10
2 12
2 13
3 3
3 6
4 2
4 9
5 3
5 4
6 16
6 17
7 19
7 20
8 0
8 14
9 10
9 21
10 1
10 16
11 5
11 20
12 0
12 11
13 7
13 21
14 1
14 2
15 4
15 5
16 17
16 18
17 12
17 19
18 15
18 18
19 8
19 9
20 11
20 15
21 7
21 8

# solution 626
# n=22 sym=rot2 status=verified source=flammenkamp_cache/n22_rot2
# code=:AD69DG362924HIEK0EAL1G5K0B7L1734HJCJFI58CF8B
0 10
0 13
1 6
1 9
2 13
2 16
3 3
3 6
4 2
4 9
5 2
5 4
6 17
6 18
7 14
7 20
8 0
8 14
9 10
9 21
10 1
10 16
11 5
11 20
12 0
12 11
13 7
13 21
14 1
14 7
15 3
15 4
16 17
16 19
17 12
17 19
18 15
18 18
19 5
19 8
20 12
20 15
21 8
21 11

# solution 627
# n=22 sym=rot2 status=verified source=flammenkamp_cache/n22_rot2
# code=:AE9H3935DE0H8A261J6L1G5K0F2KFJBD4L78GICI4C7B
0 10
0 14
1 9
1 17
2 3
2 9
3 3
3 5
4 13
4 14
5 0
5 17
6 8
6 10
7 2
7 6
8 1
8 19
9 6
9 21
10 1
10 16
11 5
11 20
12 0
12 15
13 2
13 20
14 15
14 19
15 11
15 13
16 4
16 21
17 7
17 8
18 16
18 18
19 12
19 18
20 4
20 12
21 7
21 11

# solution 628
# n=22 sym=rot2 status=verified source=flammenkamp_cache/n22_rot2
# code=:186CCD6HEH573JJL03AB1G5KABIL022IEG474F899FDK
0 1
0 8
1 6
1 12
2 12
2 13
3 6
3 17
4 14
4 17
5 5
5 7
6 3
6 19
7 19
7 21
8 0
8 3
9 10
9 11
10 1
10 16
11 5
11 20
12 10
12 11
13 18
13 21
14 0
14 2
15 2
15 18
16 14
16 16
17 4
17 7
18 4
18 15
19 8
19 9
20 9
20 15
21 13
21 20

# solution 629
# n=22 sym=rot2 status=verified source=flammenkamp_cache/n22_rot2
# code=:3C4CBF7J460JDEKL3G8A1G5KBD5I01782LFH2E6A9H9I
0 3
0 12
1 4
1 12
2 11
2 15
3 7
3 19
4 4
4 6
5 0
5 19
6 13
6 14
7 20
7 21
8 3
8 16
9 8
9 10
10 1
10 16
11 5
11 20
12 11
12 13
13 5
13 18
14 0
14 1
15 7
15 8
16 2
16 21
17 15
17 17
18 2
18 14
19 6
19 10
20 9
20 17
21 9
21 18

# solution 630
# n=22 sym=rot2 status=verified source=flammenkamp_cache/n22_rot2
# code=:BD4E26HICL9J13586E0AGK15BL7FDGIK2C0934FJ7H8A
0 11
0 13
1 4
1 14
2 2
2 6
3 17
3 18
4 12
4 21
5 9
5 19
6 1
6 3
7 5
7 8
8 6
8 14
9 0
9 10
10 16
10 20
11 1
11 5
12 11
12 21
13 7
13 15
14 13
14 16
15 18
15 20
16 2
16 12
17 0
17 9
18 3
18 4
19 15
19 19
20 7
20 17
21 8
21 10

# solution 631
# n=22 sym=rot2 status=verified source=flammenkamp_cache/n22_rot2
# code=:89CF2B457IDFIL4E12ALGK150BJK7H03683EGHAJ69CD
0 8
0 9
1 12
1 15
2 2
2 11
3 4
3 5
4 7
4 18
5 13
5 15
6 18
6 21
7 4
7 14
8 1
8 2
9 10
9 21
10 16
10 20
11 1
11 5
12 0
12 11
13 19
13 20
14 7
14 17
15 0
15 3
16 6
16 8
17 3
17 14
18 16
18 17
19 10
19 19
20 6
20 9
21 12
21 13

# solution 632
# n=22 sym=rot2 status=verified source=flammenkamp_cache/n22_rot2
# code=:5CAFDLIJ573A7JFHHK190D8LCK14462EBIEG23086B9G
0 5
0 12
1 10
1 15
2 13
2 21
3 18
3 19
4 5
4 7
5 3
5 10
6 7
6 19
7 15
7 17
8 17
8 20
9 1
9 9
10 0
10 13
11 8
11 21
12 12
12 20
13 1
13 4
14 4
14 6
15 2
15 14
16 11
16 18
17 14
17 16
18 2
18 3
19 0
19 8
20 6
20 11
21 9
21 16

# solution 633
# n=22 sym=rot2 status=verified source=flammenkamp_cache/n22_rot2
# code=:6DCD6AJL3I591J4EAH0EGK157L4B7H2KCG3I02BF898F
0 6
0 13
1 12
1 13
2 6
2 10
3 19
3 21
4 3
4 18
5 5
5 9
6 1
6 19
7 4
7 14
8 10
8 17
9 0
9 14
10 16
10 20
11 1
11 5
12 7
12 21
13 4
13 11
14 7
14 17
15 2
15 20
16 12
16 16
17 3
17 18
18 0
18 2
19 11
19 15
20 8
20 9
21 8
21 15

# solution 634
# n=22 sym=rot2 status=verified source=flammenkamp_cache/n22_rot2
# code=:9B69EH2H2E8G3D160AILGK1503BLFK8I5D7J4J47CFAC
0 9
0 11
1 6
1 9
2 14
2 17
3 2
3 17
4 2
4 14
5 8
5 16
6 3
6 13
7 1
7 6
8 0
8 10
9 18
9 21
10 16
10 20
11 1
11 5
12 0
12 3
13 11
13 21
14 15
14 20
15 8
15 18
16 5
16 13
17 7
17 19
18 4
18 19
19 4
19 7
20 12
20 15
21 10
21 12

# solution 635
# n=22 sym=rot2 status=verified source=flammenkamp_cache/n22_rot2
# code=:DHCE68372KAH35CF0A02GK15JLBL69GI4B1JEIDF7948
0 13
0 17
1 12
1 14
2 6
2 8
3 3
3 7
4 2
4 20
5 10
5 17
6 3
6 5
7 12
7 15
8 0
8 10
9 0
9 2
10 16
10 20
11 1
11 5
12 19
12 21
13 11
13 21
14 6
14 9
15 16
15 18
16 4
16 11
17 1
17 19
18 14
18 18
19 13
19 15
20 7
20 9
21 4
21 8

# solution 636
# n=22 sym=rot2 status=verified source=flammenkamp_cache/n22_rot2
# code=:9H459F3J3F8E8AEK0AJLGK1502BL17BD7D6I2I6CGH4C
0 9
0 17
1 4
1 5
2 9
2 15
3 3
3 19
4 3
4 15
5 8
5 14
6 8
6 10
7 14
7 20
8 0
8 10
9 19
9 21
10 16
10 20
11 1
11 5
12 0
12 2
13 11
13 21
14 1
14 7
15 11
15 13
16 7
16 13
17 6
17 18
18 2
18 18
19 6
19 12
20 16
20 17
21 4
21 12

# solution 637
# n=22 sym=rot2 status=verified source=flammenkamp_cache/n22_rot2
# code=:FJ9C4H7EDG6L138B3AJLGK1502BIADIK0F587E4H9C26
0 15
0 19
1 9
1 12
2 4
2 17
3 7
3 14
4 13
4 16
5 6
5 21
6 1
6 3
7 8
7 11
8 3
8 10
9 19
9 21
10 16
10 20
11 1
11 5
12 0
12 2
13 11
13 18
14 10
14 13
15 18
15 20
16 0
16 15
17 5
17 8
18 7
18 14
19 4
19 17
20 9
20 12
21 2
21 6

# solution 638
# n=22 sym=rot2 status=verified source=flammenkamp_cache/n22_rot2
# code=:9HEI8F7A238H12CFAG0LGK150L5B69JK4DIJBE6D374C
0 9
0 17
1 14
1 18
2 8
2 15
3 7
3 10
4 2
4 3
5 8
5 17
6 1
6 2
7 12
7 15
8 10
8 16
9 0
9 21
10 16
10 20
11 1
11 5
12 0
12 21
13 5
13 11
14 6
14 9
15 19
15 20
16 4
16 13
17 18
17 19
18 11
18 14
19 6
19 13
20 3
20 7
21 4
21 12

# solution 639
# n=22 sym=rot2 status=verified source=flammenkamp_cache/n22_rot2
# code=:DH78AL7F6I2A35CL9K2HGK154J1C09GIBJ3F6E0BDE48
0 13
0 17
1 7
1 8
2 10
2 21
3 7
3 15
4 6
4 18
5 2
5 10
6 3
6 5
7 12
7 21
8 9
8 20
9 2
9 17
10 16
10 20
11 1
11 5
12 4
12 19
13 1
13 12
14 0
14 9
15 16
15 18
16 11
16 19
17 3
17 15
18 6
18 14
19 0
19 11
20 13
20 14
21 4
21 8

# solution 640
# n=22 sym=rot2 status=verified source=flammenkamp_cache/n22_rot2
# code=:89680AFHAG2L7J4739IKGK1513CIEH2E0J5B46BLDFCD
0 8
0 9
1 6
1 8
2 0
2 10
3 15
3 17
4 10
4 16
5 2
5 21
6 7
6 19
7 4
7 7
8 3
8 9
9 18
9 20
10 16
10 20
11 1
11 5
12 1
12 3
13 12
13 18
14 14
14 17
15 2
15 14
16 0
16 19
17 5
17 11
18 4
18 6
19 11
19 21
20 13
20 15
21 12
21 13

# solution 641
# n=22 sym=rot2 status=verified source=flammenkamp_cache/n22_rot2
# code=:9E6G4B7A2HIL398D0F1JGK152K6L8DCI034JBEAH5F7C
0 9
0 14
1 6
1 16
2 4
2 11
3 7
3 10
4 2
4 17
5 18
5 21
6 3
6 9
7 8
7 13
8 0
8 15
9 1
9 19
10 16
10 20
11 1
11 5
12 2
12 20
13 6
13 21
14 8
14 13
15 12
15 18
16 0
16 3
17 4
17 19
18 11
18 14
19 10
19 17
20 5
20 15
21 7
21 12

# solution 642
# n=22 sym=rot2 status=verified source=flammenkamp_cache/n22_rot2
# code=:8G4A6FCD1J7A0HEI12590I3LCGJK374LBE2K896FBH5D
0 8
0 16
1 4
1 10
2 6
2 15
3 12
3 13
4 1
4 19
5 7
5 10
6 0
6 17
7 14
7 18
8 1
8 2
9 5
9 9
10 0
10 18
11 3
11 21
12 12
12 16
13 19
13 20
14 3
14 7
15 4
15 21
16 11
16 14
17 2
17 20
18 8
18 9
19 6
19 15
20 11
20 17
21 5
21 13

# solution 643
# n=22 sym=rot2 status=verified source=flammenkamp_cache/n22_rot2
# code=:8EEH4BBF126L3D3C9JGLGK15052C9I8I0FJK6AAH477D
0 8
0 14
1 14
1 17
2 4
2 11
3 11
3 15
4 1
4 2
5 6
5 21
6 3
6 13
7 3
7 12
8 9
8 19
9 16
9 21
10 16
10 20
11 1
11 5
12 0
12 5
13 2
13 12
14 9
14 18
15 8
15 18
16 0
16 15
17 19
17 20
18 6
18 10
19 10
19 17
20 4
20 7
21 7
21 13

# solution 644
# n=22 sym=rot2 status=verified source=flammenkamp_cache/n22_rot2
# code=:9F5A9E4L5K8A2HFI8KEJ03IL271D364JBD1G0H7CBG6C
0 9
0 15
1 5
1 10
2 9
2 14
3 4
3 21
4 5
4 20
5 8
5 10
6 2
6 17
7 15
7 18
8 8
8 20
9 14
9 19
10 0
10 3
11 18
11 21
12 2
12 7
13 1
13 13
14 3
14 6
15 4
15 19
16 11
16 13
17 1
17 16
18 0
18 17
19 7
19 12
20 11
20 16
21 6
21 12

# solution 645
# n=22 sym=rot2 status=verified source=flammenkamp_cache/n22_rot2
# code=:9C7AFJ1J583A5HFL8KEH03IL471D064GBIDG2K26BE9C
0 9
0 12
1 7
1 10
2 15
2 19
3 1
3 19
4 5
4 8
5 3
5 10
6 5
6 17
7 15
7 21
8 8
8 20
9 14
9 17
10 0
10 3
11 18
11 21
12 4
12 7
13 1
13 13
14 0
14 6
15 4
15 16
16 11
16 18
17 13
17 16
18 2
18 20
19 2
19 6
20 11
20 14
21 9
21 12

# solution 646
# n=22 sym=rot2 status=verified source=flammenkamp_cache/n22_rot2
# code=:8EAFDI5I5K2AEH4J699L0K1L0CCF2H47BJ1G3G386B7D
0 8
0 14
1 10
1 15
2 13
2 18
3 5
3 18
4 5
4 20
5 2
5 10
6 14
6 17
7 4
7 19
8 6
8 9
9 9
9 21
10 0
10 20
11 1
11 21
12 0
12 12
13 12
13 15
14 2
14 17
15 4
15 7
16 11
16 19
17 1
17 16
18 3
18 16
19 3
19 8
20 6
20 11
21 7
21 13

# solution 647
# n=22 sym=rot2 status=verified source=flammenkamp_cache/n22_rot2
# code=:8EAFDI5I5K2AEH4J69090K1LCLCF2H47BJ1G3G386B7D
0 8
0 14
1 10
1 15
2 13
2 18
3 5
3 18
4 5
4 20
5 2
5 10
6 14
6 17
7 4
7 19
8 6
8 9
9 0
9 9
10 0
10 20
11 1
11 21
12 12
12 21
13 12
13 15
14 2
14 17
15 4
15 7
16 11
16 19
17 1
17 16
18 3
18 16
19 3
19 8
20 6
20 11
21 7
21 13

# solution 648
# n=22 sym=rot2 status=verified source=flammenkamp_cache/n22_rot2
# code=:9B4D496D6I1JIJ0K7E5A0G5LBG7E1L232K3F8FCH8HAC
0 9
0 11
1 4
1 13
2 4
2 9
3 6
3 13
4 6
4 18
5 1
5 19
6 18
6 19
7 0
7 20
8 7
8 14
9 5
9 10
10 0
10 16
11 5
11 21
12 11
12 16
13 7
13 14
14 1
14 21
15 2
15 3
16 2
16 20
17 3
17 15
18 8
18 15
19 12
19 17
20 8
20 17
21 10
21 12

# solution 649
# n=22 sym=rot2 status=verified source=flammenkamp_cache/n22_rot2
# code=:9E196E0H186DHJ5I3AAJ0G5L2BBI3G248FDK4L7FCK7C
0 9
0 14
1 1
1 9
2 6
2 14
3 0
3 17
4 1
4 8
5 6
5 13
6 17
6 19
7 5
7 18
8 3
8 10
9 10
9 19
10 0
10 16
11 5
11 21
12 2
12 11
13 11
13 18
14 3
14 16
15 2
15 4
16 8
16 15
17 13
17 20
18 4
18 21
19 7
19 15
20 12
20 20
21 7
21 12

# solution 650
# n=22 sym=rot2 status=verified source=flammenkamp_cache/n22_rot2
# code=:DE581F6J4KAC2I493EAL0G5L0B7ICH3J9B1H2F6KDG78
0 13
0 14
1 5
1 8
2 1
2 15
3 6
3 19
4 4
4 20
5 10
5 12
6 2
6 18
7 4
7 9
8 3
8 14
9 10
9 21
10 0
10 16
11 5
11 21
12 0
12 11
13 7
13 18
14 12
14 17
15 3
15 19
16 9
16 11
17 1
17 17
18 2
18 15
19 6
19 20
20 13
20 16
21 7
21 8

# solution 651
# n=22 sym=rot2 status=verified source=flammenkamp_cache/n22_rot2
# code=:EF6E9HAJ1D3923GH8AKL0G5L01BD45IJCI8K2B4C7F67
0 14
0 15
1 6
1 14
2 9
2 17
3 10
3 19
4 1
4 13
5 3
5 9
6 2
6 3
7 16
7 17
8 8
8 10
9 20
9 21
10 0
10 16
11 5
11 21
12 0
12 1
13 11
13 13
14 4
14 5
15 18
15 19
16 12
16 18
17 8
17 20
18 2
18 11
19 4
19 12
20 7
20 15
21 6
21 7

# solution 652
# n=22 sym=rot2 status=verified source=flammenkamp_cache/n22_rot2
# code=:3C9D7H4D6LFG2K17AB2I5L0G3JABEK1J560F8H4E8C9I
0 3
0 12
1 9
1 13
2 7
2 17
3 4
3 13
4 6
4 21
5 15
5 16
6 2
6 20
7 1
7 7
8 10
8 11
9 2
9 18
10 5
10 21
11 0
11 16
12 3
12 19
13 10
13 11
14 14
14 20
15 1
15 19
16 5
16 6
17 0
17 15
18 8
18 17
19 4
19 14
20 8
20 12
21 9
21 18

# solution 653
# n=22 sym=rot2 status=verified source=flammenkamp_cache/n22_rot2
# code=:7E9J16BJ1D6GDI494AIL0G5L03BHCH385F8K2AFK2C7E
0 7
0 14
1 9
1 19
2 1
2 6
3 11
3 19
4 1
4 13
5 6
5 16
6 13
6 18
7 4
7 9
8 4
8 10
9 18
9 21
10 0
10 16
11 5
11 21
12 0
12 3
13 11
13 17
14 12
14 17
15 3
15 8
16 5
16 15
17 8
17 20
18 2
18 10
19 15
19 20
20 2
20 12
21 7
21 14

# solution 654
# n=22 sym=rot2 status=verified source=flammenkamp_cache/n22_rot2
# code=:8E9G268A9F1JHI4A17IL0G5L03EKBH342K6CBDFJ5C7D
0 8
0 14
1 9
1 16
2 2
2 6
3 8
3 10
4 9
4 15
5 1
5 19
6 17
6 18
7 4
7 10
8 1
8 7
9 18
9 21
10 0
10 16
11 5
11 21
12 0
12 3
13 14
13 20
14 11
14 17
15 3
15 4
16 2
16 20
17 6
17 12
18 11
18 13
19 15
19 19
20 5
20 12
21 7
21 13

# solution 655
# n=22 sym=rot2 status=verified source=flammenkamp_cache/n22_rot2
# code=:9B69DH262EAD5K17ILGL34HI0503EK1G8B7JFJ48CFAC
0 9
0 11
1 6
1 9
2 13
2 17
3 2
3 6
4 2
4 14
5 10
5 13
6 5
6 20
7 1
7 7
8 18
8 21
9 16
9 21
10 3
10 4
11 17
11 18
12 0
12 5
13 0
13 3
14 14
14 20
15 1
15 16
16 8
16 11
17 7
17 19
18 15
18 19
19 4
19 8
20 12
20 15
21 10
21 12

# solution 656
# n=22 sym=rot2 status=verified source=flammenkamp_cache/n22_rot2
# code=:6B3D5E5K7LAC126HIL9D24HJ8C034FJK9B0E1G7G8IAF
0 6
0 11
1 3
1 13
2 5
2 14
3 5
3 20
4 7
4 21
5 10
5 12
6 1
6 2
7 6
7 17
8 18
8 21
9 9
9 13
10 2
10 4
11 17
11 19
12 8
12 12
13 0
13 3
14 4
14 15
15 19
15 20
16 9
16 11
17 0
17 14
18 1
18 16
19 7
19 16
20 8
20 18
21 10
21 15

# solution 657
# n=22 sym=rot2 status=verified source=flammenkamp_cache/n22_rot2
# code=:BD4916BJ4EGJ1D693EIL0G5L037ICF8K257H2AFKCH8A
0 11
0 13
1 4
1 9
2 1
2 6
3 11
3 19
4 4
4 14
5 16
5 19
6 1
6 13
7 6
7 9
8 3
8 14
9 18
9 21
10 0
10 16
11 5
11 21
12 0
12 3
13 7
13 18
14 12
14 15
15 8
15 20
16 2
16 5
17 7
17 17
18 2
18 10
19 15
19 20
20 12
20 17
21 8
21 10

# solution 658
# n=22 sym=rot2 status=verified source=flammenkamp_cache/n22_rot2
# code=:483BCGCF3717HJDJ016AGL05BFKL2824EKEI6959AIDH
0 4
0 8
1 3
1 11
2 12
2 16
3 12
3 15
4 3
4 7
5 1
5 7
6 17
6 19
7 13
7 19
8 0
8 1
9 6
9 10
10 16
10 21
11 0
11 5
12 11
12 15
13 20
13 21
14 2
14 8
15 2
15 4
16 14
16 20
17 14
17 18
18 6
18 9
19 5
19 9
20 10
20 18
21 13
21 17

# solution 659
# n=22 sym=rot2 status=verified source=flammenkamp_cache/n22_rot2
# code=:8KEJACFI6E15384CHJ0AGL05BL249HDIGK7F369B271D
0 8
0 20
1 14
1 19
2 10
2 12
3 15
3 18
4 6
4 14
5 1
5 5
6 3
6 8
7 4
7 12
8 17
8 19
9 0
9 10
10 16
10 21
11 0
11 5
12 11
12 21
13 2
13 4
14 9
14 17
15 13
15 18
16 16
16 20
17 7
17 15
18 3
18 6
19 9
19 11
20 2
20 7
21 1
21 13

# solution 660
# n=22 sym=rot2 status=verified source=flammenkamp_cache/n22_rot2
# code=:9FCH452B6E8E0123IKADGL058B13IJKL7D7FAJGH496C
0 9
0 15
1 12
1 17
2 4
2 5
3 2
3 11
4 6
4 14
5 8
5 14
6 0
6 1
7 2
7 3
8 18
8 20
9 10
9 13
10 16
10 21
11 0
11 5
12 8
12 11
13 1
13 3
14 18
14 19
15 20
15 21
16 7
16 13
17 7
17 15
18 10
18 19
19 16
19 17
20 4
20 9
21 6
21 12

# solution 661
# n=22 sym=rot2 status=verified source=flammenkamp_cache/n22_rot2
# code=:9FCH45BJ6E8E0123IKADGL058B13IJKL7D7F2AGH496C
0 9
0 15
1 12
1 17
2 4
2 5
3 11
3 19
4 6
4 14
5 8
5 14
6 0
6 1
7 2
7 3
8 18
8 20
9 10
9 13
10 16
10 21
11 0
11 5
12 8
12 11
13 1
13 3
14 18
14 19
15 20
15 21
16 7
16 13
17 7
17 15
18 2
18 10
19 16
19 17
20 4
20 9
21 6
21 12

# solution 662
# n=22 sym=rot2 status=verified source=flammenkamp_cache/n22_rot2
# code=:9FCH452B6E8E1L23IKADGL058B13IJ0K7D7FAJGH496C
0 9
0 15
1 12
1 17
2 4
2 5
3 2
3 11
4 6
4 14
5 8
5 14
6 1
6 21
7 2
7 3
8 18
8 20
9 10
9 13
10 16
10 21
11 0
11 5
12 8
12 11
13 1
13 3
14 18
14 19
15 0
15 20
16 7
16 13
17 7
17 15
18 10
18 19
19 16
19 17
20 4
20 9
21 6
21 12

# solution 663
# n=22 sym=rot2 status=verified source=flammenkamp_cache/n22_rot2
# code=:9FCH45BJ6E8E1L23IKADGL058B13IJ0K7D7F2AGH496C
0 9
0 15
1 12
1 17
2 4
2 5
3 11
3 19
4 6
4 14
5 8
5 14
6 1
6 21
7 2
7 3
8 18
8 20
9 10
9 13
10 16
10 21
11 0
11 5
12 8
12 11
13 1
13 3
14 18
14 19
15 0
15 20
16 7
16 13
17 7
17 15
18 2
18 10
19 16
19 17
20 4
20 9
21 6
21 12

# solution 664
# n=22 sym=rot2 status=verified source=flammenkamp_cache/n22_rot2
# code=:AD5DCF6I124E140JCEAIGL053B792LHK7HJK3F698G8B
0 10
0 13
1 5
1 13
2 12
2 15
3 6
3 18
4 1
4 2
5 4
5 14
6 1
6 4
7 0
7 19
8 12
8 14
9 10
9 18
10 16
10 21
11 0
11 5
12 3
12 11
13 7
13 9
14 2
14 21
15 17
15 20
16 7
16 17
17 19
17 20
18 3
18 15
19 6
19 9
20 8
20 16
21 8
21 11

# solution 665
# n=22 sym=rot2 status=verified source=flammenkamp_cache/n22_rot2
# code=:EF69593I2LDHHK2B17ADGL058BEKAJ14480J3ICGCF67
0 14
0 15
1 6
1 9
2 5
2 9
3 3
3 18
4 2
4 21
5 13
5 17
6 17
6 20
7 2
7 11
8 1
8 7
9 10
9 13
10 16
10 21
11 0
11 5
12 8
12 11
13 14
13 20
14 10
14 19
15 1
15 4
16 4
16 8
17 0
17 19
18 3
18 18
19 12
19 16
20 12
20 15
21 6
21 7

# solution 666
# n=22 sym=rot2 status=verified source=flammenkamp_cache/n22_rot2
# code=:CF68AC7J1G34JL4EAI8KGL051D3B7H02HI5K2E9BDF69
0 12
0 15
1 6
1 8
2 10
2 12
3 7
3 19
4 1
4 16
5 3
5 4
6 19
6 21
7 4
7 14
8 10
8 18
9 8
9 20
10 16
10 21
11 0
11 5
12 1
12 13
13 3
13 11
14 7
14 17
15 0
15 2
16 17
16 18
17 5
17 20
18 2
18 14
19 9
19 11
20 13
20 15
21 6
21 9

# solution 667
# n=22 sym=rot2 status=verified source=flammenkamp_cache/n22_rot2
# code=:6C6BEI8J1439JLEH5A8KGL051DBG4702CIHK2D37AF9F
0 6
0 12
1 6
1 11
2 14
2 18
3 8
3 19
4 1
4 4
5 3
5 9
6 19
6 21
7 14
7 17
8 5
8 10
9 8
9 20
10 16
10 21
11 0
11 5
12 1
12 13
13 11
13 16
14 4
14 7
15 0
15 2
16 12
16 18
17 17
17 20
18 2
18 13
19 3
19 7
20 10
20 15
21 9
21 15

# solution 668
# n=22 sym=rot2 status=verified source=flammenkamp_cache/n22_rot2
# code=:CF6BEI8J1439JLEH5A8KGL051DBG4702CIHK2D37AF69
0 12
0 15
1 6
1 11
2 14
2 18
3 8
3 19
4 1
4 4
5 3
5 9
6 19
6 21
7 14
7 17
8 5
8 10
9 8
9 20
10 16
10 21
11 0
11 5
12 1
12 13
13 11
13 16
14 4
14 7
15 0
15 2
16 12
16 18
17 17
17 20
18 2
18 13
19 3
19 7
20 10
20 15
21 6
21 9

# solution 669
# n=22 sym=rot2 status=verified source=flammenkamp_cache/n22_rot2
# code=:1A6ECEFJ251A8H0IHL39DG58CI043L4DBKGJ26797FBK
0 1
0 10
1 6
1 14
2 12
2 14
3 15
3 19
4 2
4 5
5 1
5 10
6 8
6 17
7 0
7 18
8 17
8 21
9 3
9 9
10 13
10 16
11 5
11 8
12 12
12 18
13 0
13 4
14 3
14 21
15 4
15 13
16 11
16 20
17 16
17 19
18 2
18 6
19 7
19 9
20 7
20 15
21 11
21 20

# solution 670
# n=22 sym=rot2 status=verified source=flammenkamp_cache/n22_rot2
# code=:9AFI5E253DAF4JKL0K49DE78CH1L012H6B8IGJ7G36BC
0 9
0 10
1 15
1 18
2 5
2 14
3 2
3 5
4 3
4 13
5 10
5 15
6 4
6 19
7 20
7 21
8 0
8 20
9 4
9 9
10 13
10 14
11 7
11 8
12 12
12 17
13 1
13 21
14 0
14 1
15 2
15 17
16 6
16 11
17 8
17 18
18 16
18 19
19 7
19 16
20 3
20 6
21 11
21 12

# solution 671
# n=22 sym=rot2 status=verified source=flammenkamp_cache/n22_rot2
# code=:8F9B4F7G238HCK2A370KGL051LEIBJ194DIJ5E6HAC6D
0 8
0 15
1 9
1 11
2 4
2 15
3 7
3 16
4 2
4 3
5 8
5 17
6 12
6 20
7 2
7 10
8 3
8 7
9 0
9 20
10 16
10 21
11 0
11 5
12 1
12 21
13 14
13 18
14 11
14 19
15 1
15 9
16 4
16 13
17 18
17 19
18 5
18 14
19 6
19 17
20 10
20 12
21 6
21 13

# solution 672
# n=22 sym=rot2 status=verified source=flammenkamp_cache/n22_rot2
# code=:8F9B4F7G2I8HCK2A370KGL051LEIBJ194D3J5E6HAC6D
0 8
0 15
1 9
1 11
2 4
2 15
3 7
3 16
4 2
4 18
5 8
5 17
6 12
6 20
7 2
7 10
8 3
8 7
9 0
9 20
10 16
10 21
11 0
11 5
12 1
12 21
13 14
13 18
14 11
14 19
15 1
15 9
16 4
16 13
17 3
17 19
18 5
18 14
19 6
19 17
20 10
20 12
21 6
21 13

# solution 673
# n=22 sym=rot2 status=verified source=flammenkamp_cache/n22_rot2
# code=:3AEG3H7J18AD5H9FKL09FJ26CL016C4G8BDK2E4I57BI
0 3
0 10
1 14
1 16
2 3
2 17
3 7
3 19
4 1
4 8
5 10
5 13
6 5
6 17
7 9
7 15
8 20
8 21
9 0
9 9
10 15
10 19
11 2
11 6
12 12
12 21
13 0
13 1
14 6
14 12
15 4
15 16
16 8
16 11
17 13
17 20
18 2
18 14
19 4
19 18
20 5
20 7
21 11
21 18

# solution 674
# n=22 sym=rot2 status=verified source=flammenkamp_cache/n22_rot2
# code=:8A8C5FEF3J7A051J3L9HHK144C0I2KGLBE2I676G9DBD
0 8
0 10
1 8
1 12
2 5
2 15
3 14
3 15
4 3
4 19
5 7
5 10
6 0
6 5
7 1
7 19
8 3
8 21
9 9
9 17
10 17
10 20
11 1
11 4
12 4
12 12
13 0
13 18
14 2
14 20
15 16
15 21
16 11
16 14
17 2
17 18
18 6
18 7
19 6
19 16
20 9
20 13
21 11
21 13

# solution 675
# n=22 sym=rot2 status=verified source=flammenkamp_cache/n22_rot2
# code=:CDHJ7A6FBH8K129I0E5IGL053G7L3CJK1D4A6FBE2489
0 12
0 13
1 17
1 19
2 7
2 10
3 6
3 15
4 11
4 17
5 8
5 20
6 1
6 2
7 9
7 18
8 0
8 14
9 5
9 18
10 16
10 21
11 0
11 5
12 3
12 16
13 7
13 21
14 3
14 12
15 19
15 20
16 1
16 13
17 4
17 10
18 6
18 15
19 11
19 14
20 2
20 4
21 8
21 9

# solution 676
# n=22 sym=rot2 status=verified source=flammenkamp_cache/n22_rot2
# code=:AD8H5FEI13AH259L6E092K1JCL7F0CGJ4BIK376G4D8B
0 10
0 13
1 8
1 17
2 5
2 15
3 14
3 18
4 1
4 3
5 10
5 17
6 2
6 5
7 9
7 21
8 6
8 14
9 0
9 9
10 2
10 20
11 1
11 19
12 12
12 21
13 7
13 15
14 0
14 12
15 16
15 19
16 4
16 11
17 18
17 20
18 3
18 7
19 6
19 16
20 4
20 13
21 8
21 11

# solution 677
# n=22 sym=rot2 status=verified source=flammenkamp_cache/n22_rot2
# code=:6BBD692EHI4I9E12581L05GL0KDGJK7C3H347JCF8AAF
0 6
0 11
1 11
1 13
2 6
2 9
3 2
3 14
4 17
4 18
5 4
5 18
6 9
6 14
7 1
7 2
8 5
8 8
9 1
9 21
10 0
10 5
11 16
11 21
12 0
12 20
13 13
13 16
14 19
14 20
15 7
15 12
16 3
16 17
17 3
17 4
18 7
18 19
19 12
19 15
20 8
20 10
21 10
21 15

# solution 678
# n=22 sym=rot2 status=verified source=flammenkamp_cache/n22_rot2
# code=:7KDL7B6G69GK2H9B283LHI340IDJAC4J15CF5FAE081E
0 7
0 20
1 13
1 21
2 7
2 11
3 6
3 16
4 6
4 9
5 16
5 20
6 2
6 17
7 9
7 11
8 2
8 8
9 3
9 21
10 17
10 18
11 3
11 4
12 0
12 18
13 13
13 19
14 10
14 12
15 4
15 19
16 1
16 5
17 12
17 15
18 5
18 15
19 10
19 14
20 0
20 8
21 1
21 14

# solution 679
# n=22 sym=rot2 status=verified source=flammenkamp_cache/n22_rot2
# code=:37FJ8C7B5B1LGH140D9IFJ263C8LHK450KAGAE9D26EI
0 3
0 7
1 15
1 19
2 8
2 12
3 7
3 11
4 5
4 11
5 1
5 21
6 16
6 17
7 1
7 4
8 0
8 13
9 9
9 18
10 15
10 19
11 2
11 6
12 3
12 12
13 8
13 21
14 17
14 20
15 4
15 5
16 0
16 20
17 10
17 16
18 10
18 14
19 9
19 13
20 2
20 6
21 14
21 18

# solution 680
# n=22 sym=rot2 status=verified source=flammenkamp_cache/n22_rot2
# code=:7C0H7GBHBC68GJ3K283KFL061IDJ1I25DF9A4A5E4L9E
0 7
0 12
1 0
1 17
2 7
2 16
3 11
3 17
4 11
4 12
5 6
5 8
6 16
6 19
7 3
7 20
8 2
8 8
9 3
9 20
10 15
10 21
11 0
11 6
12 1
12 18
13 13
13 19
14 1
14 18
15 2
15 5
16 13
16 15
17 9
17 10
18 4
18 10
19 5
19 14
20 4
20 21
21 9
21 14

# solution 681
# n=22 sym=rot2 status=verified source=flammenkamp_cache/n22_rot2
# code=:5BBE9F56EI4J029D8KKLHI34011D8CJL2H37FG6C7AAG
0 5
0 11
1 11
1 14
2 9
2 15
3 5
3 6
4 14
4 18
5 4
5 19
6 0
6 2
7 9
7 13
8 8
8 20
9 20
9 21
10 17
10 18
11 3
11 4
12 0
12 1
13 1
13 13
14 8
14 12
15 19
15 21
16 2
16 17
17 3
17 7
18 15
18 16
19 6
19 12
20 7
20 10
21 10
21 16

# solution 682
# n=22 sym=rot2 status=verified source=flammenkamp_cache/n22_rot2
# code=:7CCF68BH2BIK3J5H8E051L0KGL7D4G2I13AJ4ADF699E
0 7
0 12
1 12
1 15
2 6
2 8
3 11
3 17
4 2
4 11
5 18
5 20
6 3
6 19
7 5
7 17
8 8
8 14
9 0
9 5
10 1
10 21
11 0
11 20
12 16
12 21
13 7
13 13
14 4
14 16
15 2
15 18
16 1
16 3
17 10
17 19
18 4
18 10
19 13
19 15
20 6
20 9
21 9
21 14

# solution 683
# n=22 sym=rot2 status=verified source=flammenkamp_cache/n22_rot2
# code=:29DHGIACBH16EJ1358ELFL0607DGIK27FK4A9B3548CJ
0 2
0 9
1 13
1 17
2 16
2 18
3 10
3 12
4 11
4 17
5 1
5 6
6 14
6 19
7 1
7 3
8 5
8 8
9 14
9 21
10 15
10 21
11 0
11 6
12 0
12 7
13 13
13 16
14 18
14 20
15 2
15 7
16 15
16 20
17 4
17 10
18 9
18 11
19 3
19 5
20 4
20 8
21 12
21 19

# solution 684
# n=22 sym=rot2 status=verified source=flammenkamp_cache/n22_rot2
# code=:9B456EDE9L2DGI0K163A24HJBIFK1L358J0C787FGHAC
0 9
0 11
1 4
1 5
2 6
2 14
3 13
3 14
4 9
4 21
5 2
5 13
6 16
6 18
7 0
7 20
8 1
8 6
9 3
9 10
10 2
10 4
11 17
11 19
12 11
12 18
13 15
13 20
14 1
14 21
15 3
15 5
16 8
16 19
17 0
17 12
18 7
18 8
19 7
19 15
20 16
20 17
21 10
21 12

# solution 685
# n=22 sym=rot2 status=verified source=flammenkamp_cache/n22_rot2
# code=:BD6KEF4L8G39ELGI129A24HJBCJK3507CI5D0H671F8A
0 11
0 13
1 6
1 20
2 14
2 15
3 4
3 21
4 8
4 16
5 3
5 9
6 14
6 21
7 16
7 18
8 1
8 2
9 9
9 10
10 2
10 4
11 17
11 19
12 11
12 12
13 19
13 20
14 3
14 5
15 0
15 7
16 12
16 18
17 5
17 13
18 0
18 17
19 6
19 7
20 1
20 15
21 8
21 10

# solution 686
# n=22 sym=rot2 status=verified source=flammenkamp_cache/n22_rot2
# code=:DK5A9E36CLEK3L5H26AD24HJ8BFJ4G0I1709FI7CBG18
0 13
0 20
1 5
1 10
2 9
2 14
3 3
3 6
4 12
4 21
5 14
5 20
6 3
6 21
7 5
7 17
8 2
8 6
9 10
9 13
10 2
10 4
11 17
11 19
12 8
12 11
13 15
13 19
14 4
14 16
15 0
15 18
16 1
16 7
17 0
17 9
18 15
18 18
19 7
19 12
20 11
20 16
21 1
21 8

# solution 687
# n=22 sym=rot2 status=verified source=flammenkamp_cache/n22_rot2
# code=:7F343BEF8B4G2K9G0K9J0D8L2C1L5C1J5HAD67AIHI6E
0 7
0 15
1 3
1 4
2 3
2 11
3 14
3 15
4 8
4 11
5 4
5 16
6 2
6 20
7 9
7 16
8 0
8 20
9 9
9 19
10 0
10 13
11 8
11 21
12 2
12 12
13 1
13 21
14 5
14 12
15 1
15 19
16 5
16 17
17 10
17 13
18 6
18 7
19 10
19 18
20 17
20 18
21 6
21 14

# solution 688
# n=22 sym=rot2 status=verified source=flammenkamp_cache/n22_rot2
# code=:BI5829EH5D0EKL6C6A1324HJIKBF9F017L8G47CJDG3A
0 11
0 18
1 5
1 8
2 2
2 9
3 14
3 17
4 5
4 13
5 0
5 14
6 20
6 21
7 6
7 12
8 6
8 10
9 1
9 3
10 2
10 4
11 17
11 19
12 18
12 20
13 11
13 15
14 9
14 15
15 0
15 1
16 7
16 21
17 8
17 16
18 4
18 7
19 12
19 19
20 13
20 16
21 3
21 10

# solution 689
# n=22 sym=rot2 status=verified source=flammenkamp_cache/n22_rot2
# code=:9EBG6E9L16GI8B3K0824HJ24HJDL1IAD35FK0C7F5A7C
0 9
0 14
1 11
1 16
2 6
2 14
3 9
3 21
4 1
4 6
5 16
5 18
6 8
6 11
7 3
7 20
8 0
8 8
9 2
9 4
10 17
10 19
11 2
11 4
12 17
12 19
13 13
13 21
14 1
14 18
15 10
15 13
16 3
16 5
17 15
17 20
18 0
18 12
19 7
19 15
20 5
20 10
21 7
21 12

# solution 690
# n=22 sym=rot2 status=verified source=flammenkamp_cache/n22_rot2
# code=:AE8J496E9K1L5B8G0I3624HJFI3L5DAG0K1C7FCH2D7B
0 10
0 14
1 8
1 19
2 4
2 9
3 6
3 14
4 9
4 20
5 1
5 21
6 5
6 11
7 8
7 16
8 0
8 18
9 3
9 6
10 2
10 4
11 17
11 19
12 15
12 18
13 3
13 21
14 5
14 13
15 10
15 16
16 0
16 20
17 1
17 12
18 7
18 15
19 12
19 17
20 2
20 13
21 7
21 11

# solution 691
# n=22 sym=rot2 status=verified source=flammenkamp_cache/n22_rot2
# code=:8B36EH3A8E9G1L1J9L6G24HJ5F0C2K0K5C7DBI47FIAD
0 8
0 11
1 3
1 6
2 14
2 17
3 3
3 10
4 8
4 14
5 9
5 16
6 1
6 21
7 1
7 19
8 9
8 21
9 6
9 16
10 2
10 4
11 17
11 19
12 5
12 15
13 0
13 12
14 2
14 20
15 0
15 20
16 5
16 12
17 7
17 13
18 11
18 18
19 4
19 7
20 15
20 18
21 10
21 13

# solution 692
# n=22 sym=rot2 status=verified source=flammenkamp_cache/n22_rot2
# code=:4FAEAI5819FK3D9E2L0524HJGL0J7C8I16CKDG3B7B6H
0 4
0 15
1 10
1 14
2 10
2 18
3 5
3 8
4 1
4 9
5 15
5 20
6 3
6 13
7 9
7 14
8 2
8 21
9 0
9 5
10 2
10 4
11 17
11 19
12 16
12 21
13 0
13 19
14 7
14 12
15 8
15 18
16 1
16 6
17 12
17 20
18 13
18 16
19 3
19 11
20 7
20 11
21 6
21 17

# solution 693
# n=22 sym=rot2 status=verified source=flammenkamp_cache/n22_rot2
# code=:ABEI3C581FHJ1F89EG0L24HJ0L57CD6K246KDG9I37AB
0 10
0 11
1 14
1 18
2 3
2 12
3 5
3 8
4 1
4 15
5 17
5 19
6 1
6 15
7 8
7 9
8 14
8 16
9 0
9 21
10 2
10 4
11 17
11 19
12 0
12 21
13 5
13 7
14 12
14 13
15 6
15 20
16 2
16 4
17 6
17 20
18 13
18 16
19 9
19 18
20 3
20 7
21 10
21 11

# solution 694
# n=22 sym=rot2 status=verified source=flammenkamp_cache/n22_rot2
# code=:8BCG9I3702HKDF5K07AF4J2H6BEL1G6814JLEI3C59AD
0 8
0 11
1 12
1 16
2 9
2 18
3 3
3 7
4 0
4 2
5 17
5 20
6 13
6 15
7 5
7 20
8 0
8 7
9 10
9 15
10 4
10 19
11 2
11 17
12 6
12 11
13 14
13 21
14 1
14 16
15 6
15 8
16 1
16 4
17 19
17 21
18 14
18 18
19 3
19 12
20 5
20 9
21 10
21 13

# solution 695
# n=22 sym=rot2 status=verified source=flammenkamp_cache/n22_rot2
# code=:9CFL7AFGILDG14782IAK4J2H1B3JDEHK580356BE069C
0 9
0 12
1 15
1 21
2 7
2 10
3 15
3 16
4 18
4 21
5 13
5 16
6 1
6 4
7 7
7 8
8 2
8 18
9 10
9 20
10 4
10 19
11 2
11 17
12 1
12 11
13 3
13 19
14 13
14 14
15 17
15 20
16 5
16 8
17 0
17 3
18 5
18 6
19 11
19 14
20 0
20 6
21 9
21 12

# solution 696
# n=22 sym=rot2 status=verified source=flammenkamp_cache/n22_rot2
# code=:9B3E6E3H69DG1G0K028A4J2HBDJL1L5K58CF4I7F7IAC
0 9
0 11
1 3
1 14
2 6
2 14
3 3
3 17
4 6
4 9
5 13
5 16
6 1
6 16
7 0
7 20
8 0
8 2
9 8
9 10
10 4
10 19
11 2
11 17
12 11
12 13
13 19
13 21
14 1
14 21
15 5
15 20
16 5
16 8
17 12
17 15
18 4
18 18
19 7
19 15
20 7
20 18
21 10
21 12

# solution 697
# n=22 sym=rot2 status=verified source=flammenkamp_cache/n22_rot2
# code=:38CE5F1H8I0C5AEJAK0F4J2H6L1B27BG9L3D4K6G79DI
0 3
0 8
1 12
1 14
2 5
2 15
3 1
3 17
4 8
4 18
5 0
5 12
6 5
6 10
7 14
7 19
8 10
8 20
9 0
9 15
10 4
10 19
11 2
11 17
12 6
12 21
13 1
13 11
14 2
14 7
15 11
15 16
16 9
16 21
17 3
17 13
18 4
18 20
19 6
19 16
20 7
20 9
21 13
21 18

# solution 698
# n=22 sym=rot2 status=verified source=flammenkamp_cache/n22_rot2
# code=:8I6C157G68ACHK7J0A034J2HILBL2E149BDF5EGK9F3D
0 8
0 18
1 6
1 12
2 1
2 5
3 7
3 16
4 6
4 8
5 10
5 12
6 17
6 20
7 7
7 19
8 0
8 10
9 0
9 3
10 4
10 19
11 2
11 17
12 18
12 21
13 11
13 21
14 2
14 14
15 1
15 4
16 9
16 11
17 13
17 15
18 5
18 14
19 16
19 20
20 9
20 15
21 3
21 13

# solution 699
# n=22 sym=rot2 status=verified source=flammenkamp_cache/n22_rot2
# code=:3H9BEL279I6D06GKAKDG4J2H581B15FL8F3CEJ07AC4I
0 3
0 17
1 9
1 11
2 14
2 21
3 2
3 7
4 9
4 18
5 6
5 13
6 0
6 6
7 16
7 20
8 10
8 20
9 13
9 16
10 4
10 19
11 2
11 17
12 5
12 8
13 1
13 11
14 1
14 5
15 15
15 21
16 8
16 15
17 3
17 12
18 14
18 19
19 0
19 7
20 10
20 12
21 4
21 18

# solution 700
# n=22 sym=rot2 status=verified source=flammenkamp_cache/n22_rot2
# code=:595FDE0EBK6I34BD9L1J4J2H2K0C8AHI3F1A7L786GCG
0 5
0 9
1 5
1 15
2 13
2 14
3 0
3 14
4 11
4 20
5 6
5 18
6 3
6 4
7 11
7 13
8 9
8 21
9 1
9 19
10 4
10 19
11 2
11 17
12 2
12 20
13 0
13 12
14 8
14 10
15 17
15 18
16 3
16 15
17 1
17 10
18 7
18 21
19 7
19 8
20 6
20 16
21 12
21 16

# solution 701
# n=22 sym=rot2 status=verified source=flammenkamp_cache/n22_rot2
# code=:AD346C5EFI9B1L2E581L2H4J0KDG7J0KAC367G9FHI8B
0 10
0 13
1 3
1 4
2 6
2 12
3 5
3 14
4 15
4 18
5 9
5 11
6 1
6 21
7 2
7 14
8 5
8 8
9 1
9 21
10 2
10 17
11 4
11 19
12 0
12 20
13 13
13 16
14 7
14 19
15 0
15 20
16 10
16 12
17 3
17 6
18 7
18 16
19 9
19 15
20 17
20 18
21 8
21 11

# solution 702
# n=22 sym=rot2 status=verified source=flammenkamp_cache/n22_rot2
# code=:8B5F596EBKHK8I392L0E4J2H7L0JCI3D141A7FCG6GAD
0 8
0 11
1 5
1 15
2 5
2 9
3 6
3 14
4 11
4 20
5 17
5 20
6 8
6 18
7 3
7 9
8 2
8 21
9 0
9 14
10 4
10 19
11 2
11 17
12 7
12 21
13 0
13 19
14 12
14 18
15 3
15 13
16 1
16 4
17 1
17 10
18 7
18 15
19 12
19 16
20 6
20 16
21 10
21 13

# solution 703
# n=22 sym=rot2 status=verified source=flammenkamp_cache/n22_rot2
# code=:8E4K8A2F5BEH1L393F59JL02CG6ICI0K47AG6JBD1H7D
0 8
0 14
1 4
1 20
2 8
2 10
3 2
3 15
4 5
4 11
5 14
5 17
6 1
6 21
7 3
7 9
8 3
8 15
9 5
9 9
10 19
10 21
11 0
11 2
12 12
12 16
13 6
13 18
14 12
14 18
15 0
15 20
16 4
16 7
17 10
17 16
18 6
18 19
19 11
19 13
20 1
20 17
21 7
21 13

# solution 704
# n=22 sym=rot2 status=verified source=flammenkamp_cache/n22_rot2
# code=:78DG7AFGBI2F4K249L9IKL013C0CHJ1H6J3A56BE58DE
0 7
0 8
1 13
1 16
2 7
2 10
3 15
3 16
4 11
4 18
5 2
5 15
6 4
6 20
7 2
7 4
8 9
8 21
9 9
9 18
10 20
10 21
11 0
11 1
12 3
12 12
13 0
13 12
14 17
14 19
15 1
15 17
16 6
16 19
17 3
17 10
18 5
18 6
19 11
19 14
20 5
20 8
21 13
21 14

# solution 705
# n=22 sym=rot2 status=verified source=flammenkamp_cache/n22_rot2
# code=:8E57AD249B0234GIFK9F01KL6C1635HIJLACHJ8BEG7D
0 8
0 14
1 5
1 7
2 10
2 13
3 2
3 4
4 9
4 11
5 0
5 2
6 3
6 4
7 16
7 18
8 15
8 20
9 9
9 15
10 0
10 1
11 20
11 21
12 6
12 12
13 1
13 6
14 3
14 5
15 17
15 18
16 19
16 21
17 10
17 12
18 17
18 19
19 8
19 11
20 14
20 16
21 7
21 13

# solution 706
# n=22 sym=rot2 status=verified source=flammenkamp_cache/n22_rot2
# code=:BF68CD4JGL172IEG0I9A14HKBC3L573JEK052H89DF6A
0 11
0 15
1 6
1 8
2 12
2 13
3 4
3 19
4 16
4 21
5 1
5 7
6 2
6 18
7 14
7 16
8 0
8 18
9 9
9 10
10 1
10 4
11 17
11 20
12 11
12 12
13 3
13 21
14 5
14 7
15 3
15 19
16 14
16 20
17 0
17 5
18 2
18 17
19 8
19 9
20 13
20 15
21 6
21 10

# solution 707
# n=22 sym=rot2 status=verified source=flammenkamp_cache/n22_rot2
# code=:3B695D3J8E7F2CGK0L4A14HKBH0L159J6E7D2I8GCFAI
0 3
0 11
1 6
1 9
2 5
2 13
3 3
3 19
4 8
4 14
5 7
5 15
6 2
6 12
7 16
7 20
8 0
8 21
9 4
9 10
10 1
10 4
11 17
11 20
12 11
12 17
13 0
13 21
14 1
14 5
15 9
15 19
16 6
16 14
17 7
17 13
18 2
18 18
19 8
19 16
20 12
20 15
21 10
21 18

# solution 708
# n=22 sym=rot2 status=verified source=flammenkamp_cache/n22_rot2
# code=:8EFI295E5B2F0I9KDHAL14HK0B481C3L6JAG7GCJ367D
0 8
0 14
1 15
1 18
2 2
2 9
3 5
3 14
4 5
4 11
5 2
5 15
6 0
6 18
7 9
7 20
8 13
8 17
9 10
9 21
10 1
10 4
11 17
11 20
12 0
12 11
13 4
13 8
14 1
14 12
15 3
15 21
16 6
16 19
17 10
17 16
18 7
18 16
19 12
19 19
20 3
20 6
21 7
21 13

# solution 709
# n=22 sym=rot2 status=verified source=flammenkamp_cache/n22_rot2
# code=:CF895BJL583F24EKILAE14HK7B0317HJ6IDG02AGCD69
0 12
0 15
1 8
1 9
2 5
2 11
3 19
3 21
4 5
4 8
5 3
5 15
6 2
6 4
7 14
7 20
8 18
8 21
9 10
9 14
10 1
10 4
11 17
11 20
12 7
12 11
13 0
13 3
14 1
14 7
15 17
15 19
16 6
16 18
17 13
17 16
18 0
18 2
19 10
19 16
20 12
20 13
21 6
21 9

# solution 710
# n=22 sym=rot2 status=verified source=flammenkamp_cache/n22_rot2
# code=:CF89BGJL583F24EKILAE14HK7B0317HJ6IDG025ACD69
0 12
0 15
1 8
1 9
2 11
2 16
3 19
3 21
4 5
4 8
5 3
5 15
6 2
6 4
7 14
7 20
8 18
8 21
9 10
9 14
10 1
10 4
11 17
11 20
12 7
12 11
13 0
13 3
14 1
14 7
15 17
15 19
16 6
16 18
17 13
17 16
18 0
18 2
19 5
19 10
20 12
20 13
21 6
21 9

# solution 711
# n=22 sym=rot2 status=verified source=flammenkamp_cache/n22_rot2
# code=:BD89CG0356EFJKEJ043A14HKBIHL271267FGIL59CD8A
0 11
0 13
1 8
1 9
2 12
2 16
3 0
3 3
4 5
4 6
5 14
5 15
6 19
6 20
7 14
7 19
8 0
8 4
9 3
9 10
10 1
10 4
11 17
11 20
12 11
12 18
13 17
13 21
14 2
14 7
15 1
15 2
16 6
16 7
17 15
17 16
18 18
18 21
19 5
19 9
20 12
20 13
21 8
21 10

# solution 712
# n=22 sym=rot2 status=verified source=flammenkamp_cache/n22_rot2
# code=:BD6JCG069G13JL8EHI7A14HKBE347D02IK5CFL592F8A
0 11
0 13
1 6
1 19
2 12
2 16
3 0
3 6
4 9
4 16
5 1
5 3
6 19
6 21
7 8
7 14
8 17
8 18
9 7
9 10
10 1
10 4
11 17
11 20
12 11
12 14
13 3
13 4
14 7
14 13
15 0
15 2
16 18
16 20
17 5
17 12
18 15
18 21
19 5
19 9
20 2
20 15
21 8
21 10

# solution 713
# n=22 sym=rot2 status=verified source=flammenkamp_cache/n22_rot2
# code=:AC57DG6EHL0313FJ8CAJ14HK2B9D26IKIL047F58EG9B
0 10
0 12
1 5
1 7
2 13
2 16
3 6
3 14
4 17
4 21
5 0
5 3
6 1
6 3
7 15
7 19
8 8
8 12
9 10
9 19
10 1
10 4
11 17
11 20
12 2
12 11
13 9
13 13
14 2
14 6
15 18
15 20
16 18
16 21
17 0
17 4
18 7
18 15
19 5
19 8
20 14
20 16
21 9
21 11

# solution 714
# n=22 sym=rot2 status=verified source=flammenkamp_cache/n22_rot2
# code=:DE896I5EFJACIL245A1L14HK0KBGHJ039B267G3FCD78
0 13
0 14
1 8
1 9
2 6
2 18
3 5
3 14
4 15
4 19
5 10
5 12
6 18
6 21
7 2
7 4
8 5
8 10
9 1
9 21
10 1
10 4
11 17
11 20
12 0
12 20
13 11
13 16
14 17
14 19
15 0
15 3
16 9
16 11
17 2
17 6
18 7
18 16
19 3
19 15
20 12
20 13
21 7
21 8

# solution 715
# n=22 sym=rot2 status=verified source=flammenkamp_cache/n22_rot2
# code=:CD592FDE5JAFIK040A3E14HK7IBLHL136B2G786JCG89
0 12
0 13
1 5
1 9
2 2
2 15
3 13
3 14
4 5
4 19
5 10
5 15
6 18
6 20
7 0
7 4
8 0
8 10
9 3
9 14
10 1
10 4
11 17
11 20
12 7
12 18
13 11
13 21
14 17
14 21
15 1
15 3
16 6
16 11
17 2
17 16
18 7
18 8
19 6
19 19
20 12
20 16
21 8
21 9

# solution 716
# n=22 sym=rot2 status=verified source=flammenkamp_cache/n22_rot2
# code=:7CCG1D67GLAL363HAD2J14HK2J8B4IFI0B05EF8K599E
0 7
0 12
1 12
1 16
2 1
2 13
3 6
3 7
4 16
4 21
5 10
5 21
6 3
6 6
7 3
7 17
8 10
8 13
9 2
9 19
10 1
10 4
11 17
11 20
12 2
12 19
13 8
13 11
14 4
14 18
15 15
15 18
16 0
16 11
17 0
17 5
18 14
18 15
19 8
19 20
20 5
20 9
21 9
21 14

# solution 717
# n=22 sym=rot2 status=verified source=flammenkamp_cache/n22_rot2
# code=:5F9F252E0B1I8C4EAI0814HKDL3B7H9D3KAL7JGJ6C6G
0 5
0 15
1 9
1 15
2 2
2 5
3 2
3 14
4 0
4 11
5 1
5 18
6 8
6 12
7 4
7 14
8 10
8 18
9 0
9 8
10 1
10 4
11 17
11 20
12 13
12 21
13 3
13 11
14 7
14 17
15 9
15 13
16 3
16 20
17 10
17 21
18 7
18 19
19 16
19 19
20 6
20 12
21 6
21 16

# solution 718
# n=22 sym=rot2 status=verified source=flammenkamp_cache/n22_rot2
# code=:5FCF252E0B1I8C4EAI0814HKDL3B7H9D3KAL7JGJ696G
0 5
0 15
1 12
1 15
2 2
2 5
3 2
3 14
4 0
4 11
5 1
5 18
6 8
6 12
7 4
7 14
8 10
8 18
9 0
9 8
10 1
10 4
11 17
11 20
12 13
12 21
13 3
13 11
14 7
14 17
15 9
15 13
16 3
16 20
17 10
17 21
18 7
18 19
19 16
19 19
20 6
20 9
21 6
21 16

# solution 719
# n=22 sym=rot2 status=verified source=flammenkamp_cache/n22_rot2
# code=:5CBCDG7J23HI0K67AD0614HKFL8BEF1L34IJ2E589A9G
0 5
0 12
1 11
1 12
2 13
2 16
3 7
3 19
4 2
4 3
5 17
5 18
6 0
6 20
7 6
7 7
8 10
8 13
9 0
9 6
10 1
10 4
11 17
11 20
12 15
12 21
13 8
13 11
14 14
14 15
15 1
15 21
16 3
16 4
17 18
17 19
18 2
18 14
19 5
19 8
20 9
20 10
21 9
21 16

# solution 720
# n=22 sym=rot2 status=verified source=flammenkamp_cache/n22_rot2
# code=:AGFI49271GCFIL27AD0814HKDL8BEJ03695KEJCH365B
0 10
0 16
1 15
1 18
2 4
2 9
3 2
3 7
4 1
4 16
5 12
5 15
6 18
6 21
7 2
7 7
8 10
8 13
9 0
9 8
10 1
10 4
11 17
11 20
12 13
12 21
13 8
13 11
14 14
14 19
15 0
15 3
16 6
16 9
17 5
17 20
18 14
18 19
19 12
19 17
20 3
20 6
21 5
21 11

# solution 721
# n=22 sym=rot2 status=verified source=flammenkamp_cache/n22_rot2
# code=:8A5C5F7LCF4I0127AI2814HKDJ3BEJKL3H690E6G9GBD
0 8
0 10
1 5
1 12
2 5
2 15
3 7
3 21
4 12
4 15
5 4
5 18
6 0
6 1
7 2
7 7
8 10
8 18
9 2
9 8
10 1
10 4
11 17
11 20
12 13
12 19
13 3
13 11
14 14
14 19
15 20
15 21
16 3
16 17
17 6
17 9
18 0
18 14
19 6
19 16
20 9
20 16
21 11
21 13

# solution 722
# n=22 sym=rot2 status=verified source=flammenkamp_cache/n22_rot2
# code=:8G9B5FFK09472IADJLEI14HK37028B3JEHCL166GAC5D
0 8
0 16
1 9
1 11
2 5
2 15
3 15
3 20
4 0
4 9
5 4
5 7
6 2
6 18
7 10
7 13
8 19
8 21
9 14
9 18
10 1
10 4
11 17
11 20
12 3
12 7
13 0
13 2
14 8
14 11
15 3
15 19
16 14
16 17
17 12
17 21
18 1
18 6
19 6
19 16
20 10
20 12
21 5
21 13

# solution 723
# n=22 sym=rot2 status=verified source=flammenkamp_cache/n22_rot2
# code=:8C7B3J8KBFHKGL36259HEL074CGJFI05146A1D2IAE9D
0 8
0 12
1 7
1 11
2 3
2 19
3 8
3 20
4 11
4 15
5 17
5 20
6 16
6 21
7 3
7 6
8 2
8 5
9 9
9 17
10 14
10 21
11 0
11 7
12 4
12 12
13 16
13 19
14 15
14 18
15 0
15 5
16 1
16 4
17 6
17 10
18 1
18 13
19 2
19 18
20 10
20 14
21 9
21 13

# solution 724
# n=22 sym=rot2 status=verified source=flammenkamp_cache/n22_rot2
# code=:CDBH5725BF8C0K372KHIFL06341JEI1L9D6AGJEG4A89
0 12
0 13
1 11
1 17
2 5
2 7
3 2
3 5
4 11
4 15
5 8
5 12
6 0
6 20
7 3
7 7
8 2
8 20
9 17
9 18
10 15
10 21
11 0
11 6
12 3
12 4
13 1
13 19
14 14
14 18
15 1
15 21
16 9
16 13
17 6
17 10
18 16
18 19
19 14
19 16
20 4
20 10
21 8
21 9

# solution 725
# n=22 sym=rot2 status=verified source=flammenkamp_cache/n22_rot2
# code=:8CBH5725BF8C0K372KHIFL06341JEI1L9D6AGJEG4A9D
0 8
0 12
1 11
1 17
2 5
2 7
3 2
3 5
4 11
4 15
5 8
5 12
6 0
6 20
7 3
7 7
8 2
8 20
9 17
9 18
10 15
10 21
11 0
11 6
12 3
12 4
13 1
13 19
14 14
14 18
15 1
15 21
16 9
16 13
17 6
17 10
18 16
18 19
19 14
19 16
20 4
20 10
21 9
21 13

# solution 726
# n=22 sym=rot2 status=verified source=flammenkamp_cache/n22_rot2
# code=:AICF47588E25AJKL9F0314HKIL6C012BGJ7DDGEH693B
0 10
0 18
1 12
1 15
2 4
2 7
3 5
3 8
4 8
4 14
5 2
5 5
6 10
6 19
7 20
7 21
8 9
8 15
9 0
9 3
10 1
10 4
11 17
11 20
12 18
12 21
13 6
13 12
14 0
14 1
15 2
15 11
16 16
16 19
17 7
17 13
18 13
18 16
19 14
19 17
20 6
20 9
21 3
21 11

# solution 727
# n=22 sym=rot2 status=verified source=flammenkamp_cache/n22_rot2
# code=:39BD6GGI2B179D270HHK0F6L144LEJ8CEKAJ355F8ACI
0 3
0 9
1 11
1 13
2 6
2 16
3 16
3 18
4 2
4 11
5 1
5 7
6 9
6 13
7 2
7 7
8 0
8 17
9 17
9 20
10 0
10 15
11 6
11 21
12 1
12 4
13 4
13 21
14 14
14 19
15 8
15 12
16 14
16 20
17 10
17 19
18 3
18 5
19 5
19 15
20 8
20 10
21 12
21 18

# solution 728
# n=22 sym=rot2 status=verified source=flammenkamp_cache/n22_rot2
# code=:CDBG7D5I6B2I2K4LEH196L0FCK470H1J3JAF3G8E5A89
0 12
0 13
1 11
1 16
2 7
2 13
3 5
3 18
4 6
4 11
5 2
5 18
6 2
6 20
7 4
7 21
8 14
8 17
9 1
9 9
10 6
10 21
11 0
11 15
12 12
12 20
13 4
13 7
14 0
14 17
15 1
15 19
16 3
16 19
17 10
17 15
18 3
18 16
19 8
19 14
20 5
20 10
21 8
21 9

# solution 729
# n=22 sym=rot2 status=verified source=flammenkamp_cache/n22_rot2
# code=:DI78FJ5A03AF4G7C9J0114HKKL2C9E5H6BILBG26DE38
0 13
0 18
1 7
1 8
2 15
2 19
3 5
3 10
4 0
4 3
5 10
5 15
6 4
6 16
7 7
7 12
8 9
8 19
9 0
9 1
10 1
10 4
11 17
11 20
12 20
12 21
13 2
13 12
14 9
14 14
15 5
15 17
16 6
16 11
17 18
17 21
18 11
18 16
19 2
19 6
20 13
20 14
21 3
21 8

# solution 730
# n=22 sym=rot2 status=verified source=flammenkamp_cache/n22_rot2
# code=:8C2B68GIFL4A1379JL7G14HK5E02CEIKBH0635DFAJ9D
0 8
0 12
1 2
1 11
2 6
2 8
3 16
3 18
4 15
4 21
5 4
5 10
6 1
6 3
7 7
7 9
8 19
8 21
9 7
9 16
10 1
10 4
11 17
11 20
12 5
12 14
13 0
13 2
14 12
14 14
15 18
15 20
16 11
16 17
17 0
17 6
18 3
18 5
19 13
19 15
20 10
20 19
21 9
21 13

# solution 731
# n=22 sym=rot2 status=verified source=flammenkamp_cache/n22_rot2
# code=:3F9A8G4E9B01GH0J683J1E7K2IDF2L45KLAC7H5DBC6I
0 3
0 15
1 9
1 10
2 8
2 16
3 4
3 14
4 9
4 11
5 0
5 1
6 16
6 17
7 0
7 19
8 6
8 8
9 3
9 19
10 1
10 14
11 7
11 20
12 2
12 18
13 13
13 15
14 2
14 21
15 4
15 5
16 20
16 21
17 10
17 12
18 7
18 17
19 5
19 13
20 11
20 12
21 6
21 18

# solution 732
# n=22 sym=rot2 status=verified source=flammenkamp_cache/n22_rot2
# code=:39ADFG4G0B079H3J8EJKFK16127D2I4CELAL5H568BCI
0 3
0 9
1 10
1 13
2 15
2 16
3 4
3 16
4 0
4 11
5 0
5 7
6 9
6 17
7 3
7 19
8 8
8 14
9 19
9 20
10 15
10 20
11 1
11 6
12 1
12 2
13 7
13 13
14 2
14 18
15 4
15 12
16 14
16 21
17 10
17 21
18 5
18 17
19 5
19 6
20 8
20 11
21 12
21 18

# solution 733
# n=22 sym=rot2 status=verified source=flammenkamp_cache/n22_rot2
# code=:DEAG8F7IBFHL2349019K25GJ1CKLCHIJ046A3E6D5B78
0 13
0 14
1 10
1 16
2 8
2 15
3 7
3 18
4 11
4 15
5 17
5 21
6 2
6 3
7 4
7 9
8 0
8 1
9 9
9 20
10 2
10 5
11 16
11 19
12 1
12 12
13 20
13 21
14 12
14 17
15 18
15 19
16 0
16 4
17 6
17 10
18 3
18 14
19 6
19 13
20 5
20 11
21 7
21 8

# solution 734
# n=22 sym=rot2 status=verified source=flammenkamp_cache/n22_rot2
# code=:8GAF7H08BK2F27GI9L394K1HCI0C35EJ6J1ADL4E6B5D
0 8
0 16
1 10
1 15
2 7
2 17
3 0
3 8
4 11
4 20
5 2
5 15
6 2
6 7
7 16
7 18
8 9
8 21
9 3
9 9
10 4
10 20
11 1
11 17
12 12
12 18
13 0
13 12
14 3
14 5
15 14
15 19
16 6
16 19
17 1
17 10
18 13
18 21
19 4
19 14
20 6
20 11
21 5
21 13

# solution 735
# n=22 sym=rot2 status=verified source=flammenkamp_cache/n22_rot2
# code=:9I6A07GLBG389H6E8KHJ2K1J241D7F4CDI5A05ELBF3C
0 9
0 18
1 6
1 10
2 0
2 7
3 16
3 21
4 11
4 16
5 3
5 8
6 9
6 17
7 6
7 14
8 8
8 20
9 17
9 19
10 2
10 20
11 1
11 19
12 2
12 4
13 1
13 13
14 7
14 15
15 4
15 12
16 13
16 18
17 5
17 10
18 0
18 5
19 14
19 21
20 11
20 15
21 3
21 12

# solution 736
# n=22 sym=rot2 status=verified source=flammenkamp_cache/n22_rot2
# code=:9J6A07GHBG389J6E8K3H0K1L4I1D7F2CDI5A45ELBF2C
0 9
0 19
1 6
1 10
2 0
2 7
3 16
3 17
4 11
4 16
5 3
5 8
6 9
6 19
7 6
7 14
8 8
8 20
9 3
9 17
10 0
10 20
11 1
11 21
12 4
12 18
13 1
13 13
14 7
14 15
15 2
15 12
16 13
16 18
17 5
17 10
18 4
18 5
19 14
19 21
20 11
20 15
21 2
21 12

# solution 737
# n=22 sym=rot2 status=verified source=flammenkamp_cache/n22_rot2
# code=:AB575DFH37CI2D2K690L4K1H0LCF1J8J39EI468GEGAB
0 10
0 11
1 5
1 7
2 5
2 13
3 15
3 17
4 3
4 7
5 12
5 18
6 2
6 13
7 2
7 20
8 6
8 9
9 0
9 21
10 4
10 20
11 1
11 17
12 0
12 21
13 12
13 15
14 1
14 19
15 8
15 19
16 3
16 9
17 14
17 18
18 4
18 6
19 8
19 16
20 14
20 16
21 10
21 11

# solution 738
# n=22 sym=rot2 status=verified source=flammenkamp_cache/n22_rot2
# code=:EI8E5I598K0F2FJK9B4A04HLBHAC126J6L1DCG3G7D37
0 14
0 18
1 8
1 14
2 5
2 18
3 5
3 9
4 8
4 20
5 0
5 15
6 2
6 15
7 19
7 20
8 9
8 11
9 4
9 10
10 0
10 4
11 17
11 21
12 11
12 17
13 10
13 12
14 1
14 2
15 6
15 19
16 6
16 21
17 1
17 13
18 12
18 16
19 3
19 16
20 7
20 13
21 3
21 7

# solution 739
# n=22 sym=rot2 status=verified source=flammenkamp_cache/n22_rot2
# code=:BG364D6G191JIJ78CE0A04HLBL79DE232KCK5F8HFI5A
0 11
0 16
1 3
1 6
2 4
2 13
3 6
3 16
4 1
4 9
5 1
5 19
6 18
6 19
7 7
7 8
8 12
8 14
9 0
9 10
10 0
10 4
11 17
11 21
12 11
12 21
13 7
13 9
14 13
14 14
15 2
15 3
16 2
16 20
17 12
17 20
18 5
18 15
19 8
19 17
20 15
20 18
21 5
21 10

# solution 740
# n=22 sym=rot2 status=verified source=flammenkamp_cache/n22_rot2
# code=:BC6D9G268IGK240KEIAE04HL7B371LHJ153DFJ5C8F9A
0 11
0 12
1 6
1 13
2 9
2 16
3 2
3 6
4 8
4 18
5 16
5 20
6 2
6 4
7 0
7 20
8 14
8 18
9 10
9 14
10 0
10 4
11 17
11 21
12 7
12 11
13 3
13 7
14 1
14 21
15 17
15 19
16 1
16 5
17 3
17 13
18 15
18 19
19 5
19 12
20 8
20 15
21 9
21 10

# solution 741
# n=22 sym=rot2 status=verified source=flammenkamp_cache/n22_rot2
# code=:BC6D9G268IGK4J0KEIAE04HL7B371L2H153DFJ5C8F9A
0 11
0 12
1 6
1 13
2 9
2 16
3 2
3 6
4 8
4 18
5 16
5 20
6 4
6 19
7 0
7 20
8 14
8 18
9 10
9 14
10 0
10 4
11 17
11 21
12 7
12 11
13 3
13 7
14 1
14 21
15 2
15 17
16 1
16 5
17 3
17 13
18 15
18 19
19 5
19 12
20 8
20 15
21 9
21 10

# solution 742
# n=22 sym=rot2 status=verified source=flammenkamp_cache/n22_rot2
# code=:8CFG69GI3727AD2HAK0104HLKL1B4J8BEJEI35CF569D
0 8
0 12
1 15
1 16
2 6
2 9
3 16
3 18
4 3
4 7
5 2
5 7
6 10
6 13
7 2
7 17
8 10
8 20
9 0
9 1
10 0
10 4
11 17
11 21
12 20
12 21
13 1
13 11
14 4
14 19
15 8
15 11
16 14
16 19
17 14
17 18
18 3
18 5
19 12
19 15
20 5
20 6
21 9
21 13

# solution 743
# n=22 sym=rot2 status=verified source=flammenkamp_cache/n22_rot2
# code=:CDFG69GI3727AD2HAK0104HLKL1B4J8BEJEI35CF5689
0 12
0 13
1 15
1 16
2 6
2 9
3 16
3 18
4 3
4 7
5 2
5 7
6 10
6 13
7 2
7 17
8 10
8 20
9 0
9 1
10 0
10 4
11 17
11 21
12 20
12 21
13 1
13 11
14 4
14 19
15 8
15 11
16 14
16 19
17 14
17 18
18 3
18 5
19 12
19 15
20 5
20 6
21 8
21 9

# solution 744
# n=22 sym=rot2 status=verified source=flammenkamp_cache/n22_rot2
# code=:8D5F35ACCKHI1227AE0604HLFL7BEJJK34199BGI6G8D
0 8
0 13
1 5
1 15
2 3
2 5
3 10
3 12
4 12
4 20
5 17
5 18
6 1
6 2
7 2
7 7
8 10
8 14
9 0
9 6
10 0
10 4
11 17
11 21
12 15
12 21
13 7
13 11
14 14
14 19
15 19
15 20
16 3
16 4
17 1
17 9
18 9
18 11
19 16
19 18
20 6
20 16
21 8
21 13

# solution 745
# n=22 sym=rot2 status=verified source=flammenkamp_cache/n22_rot2
# code=:3D9FBE5H5D6K23EKACJL04HL029B17IJ1F8G4G7A6C8I
0 3
0 13
1 9
1 15
2 11
2 14
3 5
3 17
4 5
4 13
5 6
5 20
6 2
6 3
7 14
7 20
8 10
8 12
9 19
9 21
10 0
10 4
11 17
11 21
12 0
12 2
13 9
13 11
14 1
14 7
15 18
15 19
16 1
16 15
17 8
17 16
18 4
18 16
19 7
19 10
20 6
20 12
21 8
21 18

# solution 746
# n=22 sym=rot2 status=verified source=flammenkamp_cache/n22_rot2
# code=:DI9FBE5H5D6K23EKACJL04HL029B17IJ1F8G4G7A6C38
0 13
0 18
1 9
1 15
2 11
2 14
3 5
3 17
4 5
4 13
5 6
5 20
6 2
6 3
7 14
7 20
8 10
8 12
9 19
9 21
10 0
10 4
11 17
11 21
12 0
12 2
13 9
13 11
14 1
14 7
15 18
15 19
16 1
16 15
17 8
17 16
18 4
18 16
19 7
19 10
20 6
20 12
21 3
21 8

# solution 747
# n=22 sym=rot2 status=verified source=flammenkamp_cache/n22_rot2
# code=:8F7A1F7ICI2815JLAC4G04HL5H9B02GKDJ393E6KBE6D
0 8
0 15
1 7
1 10
2 1
2 15
3 7
3 18
4 12
4 18
5 2
5 8
6 1
6 5
7 19
7 21
8 10
8 12
9 4
9 16
10 0
10 4
11 17
11 21
12 5
12 17
13 9
13 11
14 0
14 2
15 16
15 20
16 13
16 19
17 3
17 9
18 3
18 14
19 6
19 20
20 11
20 14
21 6
21 13

# solution 748
# n=22 sym=rot2 status=verified source=flammenkamp_cache/n22_rot2
# code=:7BEG3F49BK082GFJIK49DL08CH13265JDL1ACH6I57AE
0 7
0 11
1 14
1 16
2 3
2 15
3 4
3 9
4 11
4 20
5 0
5 8
6 2
6 16
7 15
7 19
8 18
8 20
9 4
9 9
10 13
10 21
11 0
11 8
12 12
12 17
13 1
13 3
14 2
14 6
15 5
15 19
16 13
16 21
17 1
17 10
18 12
18 17
19 6
19 18
20 5
20 7
21 10
21 14

# solution 749
# n=22 sym=rot2 status=verified source=flammenkamp_cache/n22_rot2
# code=:8B6J793G8K2K4AEG9L3604HLFI0C57BH1J1D5ICE2FAD
0 8
0 11
1 6
1 19
2 7
2 9
3 3
3 16
4 8
4 20
5 2
5 20
6 4
6 10
7 14
7 16
8 9
8 21
9 3
9 6
10 0
10 4
11 17
11 21
12 15
12 18
13 0
13 12
14 5
14 7
15 11
15 17
16 1
16 19
17 1
17 13
18 5
18 18
19 12
19 14
20 2
20 15
21 10
21 13

# solution 750
# n=22 sym=rot2 status=verified source=flammenkamp_cache/n22_rot2
# code=:BFDJ79GJ8K3K4AEG9L3604HLFI0C57BH1I1D25CE286A
0 11
0 15
1 13
1 19
2 7
2 9
3 16
3 19
4 8
4 20
5 3
5 20
6 4
6 10
7 14
7 16
8 9
8 21
9 3
9 6
10 0
10 4
11 17
11 21
12 15
12 18
13 0
13 12
14 5
14 7
15 11
15 17
16 1
16 18
17 1
17 13
18 2
18 5
19 12
19 14
20 2
20 8
21 6
21 10

# solution 751
# n=22 sym=rot2 status=verified source=flammenkamp_cache/n22_rot2
# code=:8B34CG67BFHK2709280315GKILDJCLEJ146AEF59HIAD
0 8
0 11
1 3
1 4
2 12
2 16
3 6
3 7
4 11
4 15
5 17
5 20
6 2
6 7
7 0
7 9
8 2
8 8
9 0
9 3
10 1
10 5
11 16
11 20
12 18
12 21
13 13
13 19
14 12
14 21
15 14
15 19
16 1
16 4
17 6
17 10
18 14
18 15
19 5
19 9
20 17
20 18
21 10
21 13

# solution 752
# n=22 sym=rot2 status=verified source=flammenkamp_cache/n22_rot2
# code=:6I9ADIAK5D276G2K9LEH04HL470C1J5FEJ8G1B38BC3F
0 6
0 18
1 9
1 10
2 13
2 18
3 10
3 20
4 5
4 13
5 2
5 7
6 6
6 16
7 2
7 20
8 9
8 21
9 14
9 17
10 0
10 4
11 17
11 21
12 4
12 7
13 0
13 12
14 1
14 19
15 5
15 15
16 14
16 19
17 8
17 16
18 1
18 11
19 3
19 8
20 11
20 12
21 3
21 15

# solution 753
# n=22 sym=rot2 status=verified source=flammenkamp_cache/n22_rot2
# code=:DF5A1D5AFKCH23279I7L04HL0E3CEJIJ4916BG8KBG68
0 13
0 15
1 5
1 10
2 1
2 13
3 5
3 10
4 15
4 20
5 12
5 17
6 2
6 3
7 2
7 7
8 9
8 18
9 7
9 21
10 0
10 4
11 17
11 21
12 0
12 14
13 3
13 12
14 14
14 19
15 18
15 19
16 4
16 9
17 1
17 6
18 11
18 16
19 8
19 20
20 11
20 16
21 6
21 8

# solution 754
# n=22 sym=rot2 status=verified source=flammenkamp_cache/n22_rot2
# code=:BC6DCG56BE0K240I8EHI12JK347D3LHJ1L7AFG598F9A
0 11
0 12
1 6
1 13
2 12
2 16
3 5
3 6
4 11
4 14
5 0
5 20
6 2
6 4
7 0
7 18
8 8
8 14
9 17
9 18
10 1
10 2
11 19
11 20
12 3
12 4
13 7
13 13
14 3
14 21
15 17
15 19
16 1
16 21
17 7
17 10
18 15
18 16
19 5
19 9
20 8
20 15
21 9
21 10

# solution 755
# n=22 sym=rot2 status=verified source=flammenkamp_cache/n22_rot2
# code=:8BEG584IBF07IK49FK9J02JL2C16CH13EL6A3HDG57AD
0 8
0 11
1 14
1 16
2 5
2 8
3 4
3 18
4 11
4 15
5 0
5 7
6 18
6 20
7 4
7 9
8 15
8 20
9 9
9 19
10 0
10 2
11 19
11 21
12 2
12 12
13 1
13 6
14 12
14 17
15 1
15 3
16 14
16 21
17 6
17 10
18 3
18 17
19 13
19 16
20 5
20 7
21 10
21 13

# solution 756
# n=22 sym=rot2 status=verified source=flammenkamp_cache/n22_rot2
# code=:AD6G5I9J681EIJ4E019A4L0HBCKL7H237KDF2C3G5F8B
0 10
0 13
1 6
1 16
2 5
2 18
3 9
3 19
4 6
4 8
5 1
5 14
6 18
6 19
7 4
7 14
8 0
8 1
9 9
9 10
10 4
10 21
11 0
11 17
12 11
12 12
13 20
13 21
14 7
14 17
15 2
15 3
16 7
16 20
17 13
17 15
18 2
18 12
19 3
19 16
20 5
20 15
21 8
21 11

# solution 757
# n=22 sym=rot2 status=verified source=flammenkamp_cache/n22_rot2
# code=:AF7F5E49BK4G2D2IKL9D0I3L8C013J8J5H1ACH7G6E6B
0 10
0 15
1 7
1 15
2 5
2 14
3 4
3 9
4 11
4 20
5 4
5 16
6 2
6 13
7 2
7 18
8 20
8 21
9 9
9 13
10 0
10 18
11 3
11 21
12 8
12 12
13 0
13 1
14 3
14 19
15 8
15 19
16 5
16 17
17 1
17 10
18 12
18 17
19 7
19 16
20 6
20 14
21 6
21 11

# solution 758
# n=22 sym=rot2 status=verified source=flammenkamp_cache/n22_rot2
# code=:AD357KDF5C2KJLCE463A4L0HBIFH79021J9G681EGI8B
0 10
0 13
1 3
1 5
2 7
2 20
3 13
3 15
4 5
4 12
5 2
5 20
6 19
6 21
7 12
7 14
8 4
8 6
9 3
9 10
10 4
10 21
11 0
11 17
12 11
12 18
13 15
13 17
14 7
14 9
15 0
15 2
16 1
16 19
17 9
17 16
18 6
18 8
19 1
19 14
20 16
20 18
21 8
21 11

# solution 759
# n=22 sym=rot2 status=verified source=flammenkamp_cache/n22_rot2
# code=:459EFGAEIJ1819FJ8A034L0HILBD26CKDK237B567CGH
0 4
0 5
1 9
1 14
2 15
2 16
3 10
3 14
4 18
4 19
5 1
5 8
6 1
6 9
7 15
7 19
8 8
8 10
9 0
9 3
10 4
10 21
11 0
11 17
12 18
12 21
13 11
13 13
14 2
14 6
15 12
15 20
16 13
16 20
17 2
17 3
18 7
18 11
19 5
19 6
20 7
20 12
21 16
21 17

# solution 760
# n=22 sym=rot2 status=verified source=flammenkamp_cache/n22_rot2
# code=:AD6G1G398E39HJEJ016A4L0HBFKL2724CI7DCI5K5F8B
0 10
0 13
1 6
1 16
2 1
2 16
3 3
3 9
4 8
4 14
5 3
5 9
6 17
6 19
7 14
7 19
8 0
8 1
9 6
9 10
10 4
10 21
11 0
11 17
12 11
12 15
13 20
13 21
14 2
14 7
15 2
15 4
16 12
16 18
17 7
17 13
18 12
18 18
19 5
19 20
20 5
20 15
21 8
21 11

# solution 761
# n=22 sym=rot2 status=verified source=flammenkamp_cache/n22_rot2
# code=:AG782C8KCG12HI6F7A0I4L0H3LBE6F34JK591D9JDE5B
0 10
0 16
1 7
1 8
2 2
2 12
3 8
3 20
4 12
4 16
5 1
5 2
6 17
6 18
7 6
7 15
8 7
8 10
9 0
9 18
10 4
10 21
11 0
11 17
12 3
12 21
13 11
13 14
14 6
14 15
15 3
15 4
16 19
16 20
17 5
17 9
18 1
18 13
19 9
19 19
20 13
20 14
21 5
21 11

# solution 762
# n=22 sym=rot2 status=verified source=flammenkamp_cache/n22_rot2
# code=:9G8G69DF4J271B3L7A134L0HIKBE0IAKEJ2H68CF5D5C
0 9
0 16
1 8
1 16
2 6
2 9
3 13
3 15
4 4
4 19
5 2
5 7
6 1
6 11
7 3
7 21
8 7
8 10
9 1
9 3
10 4
10 21
11 0
11 17
12 18
12 20
13 11
13 14
14 0
14 18
15 10
15 20
16 14
16 19
17 2
17 17
18 6
18 8
19 12
19 15
20 5
20 13
21 5
21 12

# solution 763
# n=22 sym=rot2 status=verified source=flammenkamp_cache/n22_rot2
# code=:BG7CGH027K3A6KDF9DJL3H4I028C681FBI1EJL459E5A
0 11
0 16
1 7
1 12
2 16
2 17
3 0
3 2
4 7
4 20
5 3
5 10
6 6
6 20
7 13
7 15
8 9
8 13
9 19
9 21
10 3
10 17
11 4
11 18
12 0
12 2
13 8
13 12
14 6
14 8
15 1
15 15
16 11
16 18
17 1
17 14
18 19
18 21
19 4
19 5
20 9
20 14
21 5
21 10

# solution 764
# n=22 sym=rot2 status=verified source=flammenkamp_cache/n22_rot2
# code=:69CG24DE572FIL0DAK1AHI34BK1B8L036JEG78HJ59CF
0 6
0 9
1 12
1 16
2 2
2 4
3 13
3 14
4 5
4 7
5 2
5 15
6 18
6 21
7 0
7 13
8 10
8 20
9 1
9 10
10 17
10 18
11 3
11 4
12 11
12 20
13 1
13 11
14 8
14 21
15 0
15 3
16 6
16 19
17 14
17 16
18 7
18 8
19 17
19 19
20 5
20 9
21 12
21 15

# solution 765
# n=22 sym=rot2 status=verified source=flammenkamp_cache/n22_rot2
# code=:9BCG8J171JFI7G084AFLHI3406BHDL5E362KEK2D59AC
0 9
0 11
1 12
1 16
2 8
2 19
3 1
3 7
4 1
4 19
5 15
5 18
6 7
6 16
7 0
7 8
8 4
8 10
9 15
9 21
10 17
10 18
11 3
11 4
12 0
12 6
13 11
13 17
14 13
14 21
15 5
15 14
16 3
16 6
17 2
17 20
18 14
18 20
19 2
19 13
20 5
20 9
21 10
21 12

# solution 766
# n=22 sym=rot2 status=verified source=flammenkamp_cache/n22_rot2
# code=:9EFH049AAF2IEJ8I58015K1GKLDG3D273J6BBCHL467C
0 9
0 14
1 15
1 17
2 0
2 4
3 9
3 10
4 10
4 15
5 2
5 18
6 14
6 19
7 8
7 18
8 5
8 8
9 0
9 1
10 5
10 20
11 1
11 16
12 20
12 21
13 13
13 16
14 3
14 13
15 2
15 7
16 3
16 19
17 6
17 11
18 11
18 12
19 17
19 21
20 4
20 6
21 7
21 12

# solution 767
# n=22 sym=rot2 status=verified source=flammenkamp_cache/n22_rot2
# code=:7B6B7H9D6LGJ2IDG9K01HI34KL1C583J250F8C4EAFAE
0 7
0 11
1 6
1 11
2 7
2 17
3 9
3 13
4 6
4 21
5 16
5 19
6 2
6 18
7 13
7 16
8 9
8 20
9 0
9 1
10 17
10 18
11 3
11 4
12 20
12 21
13 1
13 12
14 5
14 8
15 3
15 19
16 2
16 5
17 0
17 15
18 8
18 12
19 4
19 14
20 10
20 15
21 10
21 14

# solution 768
# n=22 sym=rot2 status=verified source=flammenkamp_cache/n22_rot2
# code=:AB68HIDG6C1G2J17790LHI340LCEEK2J5K9F5834DFAB
0 10
0 11
1 6
1 8
2 17
2 18
3 13
3 16
4 6
4 12
5 1
5 16
6 2
6 19
7 1
7 7
8 7
8 9
9 0
9 21
10 17
10 18
11 3
11 4
12 0
12 21
13 12
13 14
14 14
14 20
15 2
15 19
16 5
16 20
17 9
17 15
18 5
18 8
19 3
19 4
20 13
20 15
21 10
21 11

# solution 769
# n=22 sym=rot2 status=verified source=flammenkamp_cache/n22_rot2
# code=:AB67GHDE25123LCD691LHI340KCF890IJKGJ7845EFAB
0 10
0 11
1 6
1 7
2 16
2 17
3 13
3 14
4 2
4 5
5 1
5 2
6 3
6 21
7 12
7 13
8 6
8 9
9 1
9 21
10 17
10 18
11 3
11 4
12 0
12 20
13 12
13 15
14 8
14 9
15 0
15 18
16 19
16 20
17 16
17 19
18 7
18 8
19 4
19 5
20 14
20 15
21 10
21 11

# solution 770
# n=22 sym=rot2 status=verified source=flammenkamp_cache/n22_rot2
# code=:9D7D4GFI67BIBK02095K2H4J1GCLJL1A3AEF365H8E8C
0 9
0 13
1 7
1 13
2 4
2 16
3 15
3 18
4 6
4 7
5 11
5 18
6 11
6 20
7 0
7 2
8 0
8 9
9 5
9 20
10 2
10 17
11 4
11 19
12 1
12 16
13 12
13 21
14 19
14 21
15 1
15 10
16 3
16 10
17 14
17 15
18 3
18 6
19 5
19 17
20 8
20 14
21 8
21 12

# solution 771
# n=22 sym=rot2 status=verified source=flammenkamp_cache/n22_rot2
# code=:BK56CE0K564DADEI029I4J2H3CJL378B8HFG1L79FG1A
0 11
0 20
1 5
1 6
2 12
2 14
3 0
3 20
4 5
4 6
5 4
5 13
6 10
6 13
7 14
7 18
8 0
8 2
9 9
9 18
10 4
10 19
11 2
11 17
12 3
12 12
13 19
13 21
14 3
14 7
15 8
15 11
16 8
16 17
17 15
17 16
18 1
18 21
19 7
19 9
20 15
20 16
21 1
21 10

# solution 772
# n=22 sym=rot2 status=verified source=flammenkamp_cache/n22_rot2
# code=:489DBFFG3A022K5EHI9EKL017C347G1JJLBI566A8CDH
0 4
0 8
1 9
1 13
2 11
2 15
3 15
3 16
4 3
4 10
5 0
5 2
6 2
6 20
7 5
7 14
8 17
8 18
9 9
9 14
10 20
10 21
11 0
11 1
12 7
12 12
13 3
13 4
14 7
14 16
15 1
15 19
16 19
16 21
17 11
17 18
18 5
18 6
19 6
19 10
20 8
20 12
21 13
21 17

# solution 773
# n=22 sym=rot2 status=verified source=flammenkamp_cache/n22_rot2
# code=:38CD67FHCL15GK0A2AEIHJ2437BJBL15GK0946EF89DI
0 3
0 8
1 12
1 13
2 6
2 7
3 15
3 17
4 12
4 21
5 1
5 5
6 16
6 20
7 0
7 10
8 2
8 10
9 14
9 18
10 17
10 19
11 2
11 4
12 3
12 7
13 11
13 19
14 11
14 21
15 1
15 5
16 16
16 20
17 0
17 9
18 4
18 6
19 14
19 15
20 8
20 9
21 13
21 18

# solution 774
# n=22 sym=rot2 status=verified source=flammenkamp_cache/n22_rot2
# code=:56ELACDL5A137H3F1H29DJ28CJ4K6I4EIKBG089B07FG
0 5
0 6
1 14
1 21
2 10
2 12
3 13
3 21
4 5
4 10
5 1
5 3
6 7
6 17
7 3
7 15
8 1
8 17
9 2
9 9
10 13
10 19
11 2
11 8
12 12
12 19
13 4
13 20
14 6
14 18
15 4
15 14
16 18
16 20
17 11
17 16
18 0
18 8
19 9
19 11
20 0
20 7
21 15
21 16

# solution 775
# n=22 sym=rot2 status=verified source=flammenkamp_cache/n22_rot2
# code=:1C5E8AEH5A1F4I0I6L29DJ28CJ0F3L3H6KBG47BD7G9K
0 1
0 12
1 5
1 14
2 8
2 10
3 14
3 17
4 5
4 10
5 1
5 15
6 4
6 18
7 0
7 18
8 6
8 21
9 2
9 9
10 13
10 19
11 2
11 8
12 12
12 19
13 0
13 15
14 3
14 21
15 3
15 17
16 6
16 20
17 11
17 16
18 4
18 7
19 11
19 13
20 7
20 16
21 9
21 20

# solution 776
# n=22 sym=rot2 status=verified source=flammenkamp_cache/n22_rot2
# code=:56DE9IDF794KAGIL2A01HJ24KLBJ035B1HCE683C78FG
0 5
0 6
1 13
1 14
2 9
2 18
3 13
3 15
4 7
4 9
5 4
5 20
6 10
6 16
7 18
7 21
8 2
8 10
9 0
9 1
10 17
10 19
11 2
11 4
12 20
12 21
13 11
13 19
14 0
14 3
15 5
15 11
16 1
16 17
17 12
17 14
18 6
18 8
19 3
19 12
20 7
20 8
21 15
21 16

# solution 777
# n=22 sym=rot2 status=verified source=flammenkamp_cache/n22_rot2
# code=:7F051AGH7AFL8CIJ3419DJ28CKHI239D06BE45BKGL6E
0 7
0 15
1 0
1 5
2 1
2 10
3 16
3 17
4 7
4 10
5 15
5 21
6 8
6 12
7 18
7 19
8 3
8 4
9 1
9 9
10 13
10 19
11 2
11 8
12 12
12 20
13 17
13 18
14 2
14 3
15 9
15 13
16 0
16 6
17 11
17 14
18 4
18 5
19 11
19 20
20 16
20 21
21 6
21 14

# solution 778
# n=22 sym=rot2 status=verified source=flammenkamp_cache/n22_rot2
# code=:58BD7FGLCI240A179FIKHJ24136CEKBLHJ39056E8ADG
0 5
0 8
1 11
1 13
2 7
2 15
3 16
3 21
4 12
4 18
5 2
5 4
6 0
6 10
7 1
7 7
8 9
8 15
9 18
9 20
10 17
10 19
11 2
11 4
12 1
12 3
13 6
13 12
14 14
14 20
15 11
15 21
16 17
16 19
17 3
17 9
18 0
18 5
19 6
19 14
20 8
20 10
21 13
21 16

# solution 779
# n=22 sym=rot2 status=verified source=flammenkamp_cache/n22_rot2
# code=:DG5EAIDHAL2913EH2F9KFL061C6J47IKCJ0B483B7G58
0 13
0 16
1 5
1 14
2 10
2 18
3 13
3 17
4 10
4 21
5 2
5 9
6 1
6 3
7 14
7 17
8 2
8 15
9 9
9 20
10 15
10 21
11 0
11 6
12 1
12 12
13 6
13 19
14 4
14 7
15 18
15 20
16 12
16 19
17 0
17 11
18 4
18 8
19 3
19 11
20 7
20 16
21 5
21 8

# solution 780
# n=22 sym=rot2 status=verified source=flammenkamp_cache/n22_rot2
# code=:8G5EAIDHAL2913EH2F9KFL061C6J47IKCJ0B483B7G5D
0 8
0 16
1 5
1 14
2 10
2 18
3 13
3 17
4 10
4 21
5 2
5 9
6 1
6 3
7 14
7 17
8 2
8 15
9 9
9 20
10 15
10 21
11 0
11 6
12 1
12 12
13 6
13 19
14 4
14 7
15 18
15 20
16 12
16 19
17 0
17 11
18 4
18 8
19 3
19 11
20 7
20 16
21 5
21 13

# solution 781
# n=22 sym=rot2 status=verified source=flammenkamp_cache/n22_rot2
# code=:67EL9ADG6A035H23HK9DJK128C14IJ4GILBF58BC07EF
0 6
0 7
1 14
1 21
2 9
2 10
3 13
3 16
4 6
4 10
5 0
5 3
6 5
6 17
7 2
7 3
8 17
8 20
9 9
9 13
10 19
10 20
11 1
11 2
12 8
12 12
13 1
13 4
14 18
14 19
15 4
15 16
16 18
16 21
17 11
17 15
18 5
18 8
19 11
19 12
20 0
20 7
21 14
21 15

# solution 782
# n=22 sym=rot2 status=verified source=flammenkamp_cache/n22_rot2
# code=:3845AFDE5AEH1L391F9JJL022C6KCI0K47BG786BGHDI
0 3
0 8
1 4
1 5
2 10
2 15
3 13
3 14
4 5
4 10
5 14
5 17
6 1
6 21
7 3
7 9
8 1
8 15
9 9
9 19
10 19
10 21
11 0
11 2
12 2
12 12
13 6
13 20
14 12
14 18
15 0
15 20
16 4
16 7
17 11
17 16
18 7
18 8
19 6
19 11
20 16
20 17
21 13
21 18

# solution 783
# n=22 sym=rot2 status=verified source=flammenkamp_cache/n22_rot2
# code=:5AAF7E09FKHI238D9L1GHJ245K0C8DIJ3416CL7E6BBG
0 5
0 10
1 10
1 15
2 7
2 14
3 0
3 9
4 15
4 20
5 17
5 18
6 2
6 3
7 8
7 13
8 9
8 21
9 1
9 16
10 17
10 19
11 2
11 4
12 5
12 20
13 0
13 12
14 8
14 13
15 18
15 19
16 3
16 4
17 1
17 6
18 12
18 21
19 7
19 14
20 6
20 11
21 11
21 16

# solution 784
# n=22 sym=rot2 status=verified source=flammenkamp_cache/n22_rot2
# code=:AGBH792F6G1I087D390KHJ241LCI8EDL3K5F6JCE4A5B
0 10
0 16
1 11
1 17
2 7
2 9
3 2
3 15
4 6
4 16
5 1
5 18
6 0
6 8
7 7
7 13
8 3
8 9
9 0
9 20
10 17
10 19
11 2
11 4
12 1
12 21
13 12
13 18
14 8
14 14
15 13
15 21
16 3
16 20
17 5
17 15
18 6
18 19
19 12
19 14
20 4
20 10
21 5
21 11

# solution 785
# n=22 sym=rot2 status=verified source=flammenkamp_cache/n22_rot2
# code=:AC3E6J5EGL6J13CD480A1H4KBLDH89IK2F057G2F7I9B
0 10
0 12
1 3
1 14
2 6
2 19
3 5
3 14
4 16
4 21
5 6
5 19
6 1
6 3
7 12
7 13
8 4
8 8
9 0
9 10
10 1
10 17
11 4
11 20
12 11
12 21
13 13
13 17
14 8
14 9
15 18
15 20
16 2
16 15
17 0
17 5
18 7
18 16
19 2
19 15
20 7
20 18
21 9
21 11

# solution 786
# n=22 sym=rot2 status=verified source=flammenkamp_cache/n22_rot2
# code=:DGCD6FJL159AEI4E023A1H4KBIJL7H37BCGK026F8958
0 13
0 16
1 12
1 13
2 6
2 15
3 19
3 21
4 1
4 5
5 9
5 10
6 14
6 18
7 4
7 14
8 0
8 2
9 3
9 10
10 1
10 17
11 4
11 20
12 11
12 18
13 19
13 21
14 7
14 17
15 3
15 7
16 11
16 12
17 16
17 20
18 0
18 2
19 6
19 15
20 8
20 9
21 5
21 8

# solution 787
# n=22 sym=rot2 status=verified source=flammenkamp_cache/n22_rot2
# code=:6GBG4C7J9F8E2L0IAD131H4KIK8B3L0J7D6C2E9H5A5F
0 6
0 16
1 11
1 16
2 4
2 12
3 7
3 19
4 9
4 15
5 8
5 14
6 2
6 21
7 0
7 18
8 10
8 13
9 1
9 3
10 1
10 17
11 4
11 20
12 18
12 20
13 8
13 11
14 3
14 21
15 0
15 19
16 7
16 13
17 6
17 12
18 2
18 14
19 9
19 17
20 5
20 10
21 5
21 15

# solution 788
# n=22 sym=rot2 status=verified source=flammenkamp_cache/n22_rot2
# code=:AG9G7IDL7H9I2D126A6L1H4K0FBFJK8J3C4E083E5C5B
0 10
0 16
1 9
1 16
2 7
2 18
3 13
3 21
4 7
4 17
5 9
5 18
6 2
6 13
7 1
7 2
8 6
8 10
9 6
9 21
10 1
10 17
11 4
11 20
12 0
12 15
13 11
13 15
14 19
14 20
15 8
15 19
16 3
16 12
17 4
17 14
18 0
18 8
19 3
19 14
20 5
20 12
21 5
21 11

# solution 789
# n=22 sym=rot2 status=verified source=flammenkamp_cache/n22_rot2
# code=:28DFAJ9H5E061C7AILGI1H4K3503BE9KFL7G4C2B68DJ
0 2
0 8
1 13
1 15
2 10
2 19
3 9
3 17
4 5
4 14
5 0
5 6
6 1
6 12
7 7
7 10
8 18
8 21
9 16
9 18
10 1
10 17
11 4
11 20
12 3
12 5
13 0
13 3
14 11
14 14
15 9
15 20
16 15
16 21
17 7
17 16
18 4
18 12
19 2
19 11
20 6
20 8
21 13
21 19

# solution 790
# n=22 sym=rot2 status=verified source=flammenkamp_cache/n22_rot2
# code=:585B8IJL0C473B179F6J1H4K2F6CEKAIEH9L023DAGDG
0 5
0 8
1 5
1 11
2 8
2 18
3 19
3 21
4 0
4 12
5 4
5 7
6 3
6 11
7 1
7 7
8 9
8 15
9 6
9 19
10 1
10 17
11 4
11 20
12 2
12 15
13 6
13 12
14 14
14 20
15 10
15 18
16 14
16 17
17 9
17 21
18 0
18 2
19 3
19 13
20 10
20 16
21 13
21 16

# solution 791
# n=22 sym=rot2 status=verified source=flammenkamp_cache/n22_rot2
# code=:BC5E8F7D234JBI9L5F0K1H4K1L6G0C3A2HIJ8E6D7G9A
0 11
0 12
1 5
1 14
2 8
2 15
3 7
3 13
4 2
4 3
5 4
5 19
6 11
6 18
7 9
7 21
8 5
8 15
9 0
9 20
10 1
10 17
11 4
11 20
12 1
12 21
13 6
13 16
14 0
14 12
15 3
15 10
16 2
16 17
17 18
17 19
18 8
18 14
19 6
19 13
20 7
20 16
21 9
21 10

# solution 792
# n=22 sym=rot2 status=verified source=flammenkamp_cache/n22_rot2
# code=:8DBF6J093G4AEJ793K0G1H4K5L1ICE27BH5ICL2F6A8D
0 8
0 13
1 11
1 15
2 6
2 19
3 0
3 9
4 3
4 16
5 4
5 10
6 14
6 19
7 7
7 9
8 3
8 20
9 0
9 16
10 1
10 17
11 4
11 20
12 5
12 21
13 1
13 18
14 12
14 14
15 2
15 7
16 11
16 17
17 5
17 18
18 12
18 21
19 2
19 15
20 6
20 10
21 8
21 13

# solution 793
# n=22 sym=rot2 status=verified source=flammenkamp_cache/n22_rot2
# code=:DE6B36EJACGL0J483519HK14CKGIDH2L059B27FIAF78
0 13
0 14
1 6
1 11
2 3
2 6
3 14
3 19
4 10
4 12
5 16
5 21
6 0
6 19
7 4
7 8
8 3
8 5
9 1
9 9
10 17
10 20
11 1
11 4
12 12
12 20
13 16
13 18
14 13
14 17
15 2
15 21
16 0
16 5
17 9
17 11
18 2
18 7
19 15
19 18
20 10
20 15
21 7
21 8

# solution 794
# n=22 sym=rot2 status=verified source=flammenkamp_cache/n22_rot2
# code=:58BI08BF0G797F1I9J241H4KHJ2C3K6ECE5L6ADL3ADG
0 5
0 8
1 11
1 18
2 0
2 8
3 11
3 15
4 0
4 16
5 7
5 9
6 7
6 15
7 1
7 18
8 9
8 19
9 2
9 4
10 1
10 17
11 4
11 20
12 17
12 19
13 2
13 12
14 3
14 20
15 6
15 14
16 12
16 14
17 5
17 21
18 6
18 10
19 13
19 21
20 3
20 10
21 13
21 16

# solution 795
# n=22 sym=rot2 status=verified source=flammenkamp_cache/n22_rot2
# code=:CH6B8K8EAJ347LFJ1G593L0ICG5K260EHI2B7D1DAF49
0 12
0 17
1 6
1 11
2 8
2 20
3 8
3 14
4 10
4 19
5 3
5 4
6 7
6 21
7 15
7 19
8 1
8 16
9 5
9 9
10 3
10 21
11 0
11 18
12 12
12 16
13 5
13 20
14 2
14 6
15 0
15 14
16 17
16 18
17 2
17 11
18 7
18 13
19 1
19 13
20 10
20 15
21 4
21 9

# solution 796
# n=22 sym=rot2 status=verified source=flammenkamp_cache/n22_rot2
# code=:BF6DAL5I2E9D2KGI9E4L1H4K0H7C351J8C7J3G0B8F6A
0 11
0 15
1 6
1 13
2 10
2 21
3 5
3 18
4 2
4 14
5 9
5 13
6 2
6 20
7 16
7 18
8 9
8 14
9 4
9 21
10 1
10 17
11 4
11 20
12 0
12 17
13 7
13 12
14 3
14 5
15 1
15 19
16 8
16 12
17 7
17 19
18 3
18 16
19 0
19 11
20 8
20 15
21 6
21 10

# solution 797
# n=22 sym=rot2 status=verified source=flammenkamp_cache/n22_rot2
# code=:7CBG6I24AGDE08IKFJ4901KLCH2613DL785BHJ3F5A9E
0 7
0 12
1 11
1 16
2 6
2 18
3 2
3 4
4 10
4 16
5 13
5 14
6 0
6 8
7 18
7 20
8 15
8 19
9 4
9 9
10 0
10 1
11 20
11 21
12 12
12 17
13 2
13 6
14 1
14 3
15 13
15 21
16 7
16 8
17 5
17 11
18 17
18 19
19 3
19 15
20 5
20 10
21 9
21 14

# solution 798
# n=22 sym=rot2 status=verified source=flammenkamp_cache/n22_rot2
# code=:395FDE7J4502CDIL6A1AHK14BKBF0389JLGH2E786GCI
0 3
0 9
1 5
1 15
2 13
2 14
3 7
3 19
4 4
4 5
5 0
5 2
6 12
6 13
7 18
7 21
8 6
8 10
9 1
9 10
10 17
10 20
11 1
11 4
12 11
12 20
13 11
13 15
14 0
14 3
15 8
15 9
16 19
16 21
17 16
17 17
18 2
18 14
19 7
19 8
20 6
20 16
21 12
21 18

# solution 799
# n=22 sym=rot2 status=verified source=flammenkamp_cache/n22_rot2
# code=:5A9F57CI27IK2H0F8A0DHK148LBD6L4J13EJ39EG6CBG
0 5
0 10
1 9
1 15
2 5
2 7
3 12
3 18
4 2
4 7
5 18
5 20
6 2
6 17
7 0
7 15
8 8
8 10
9 0
9 13
10 17
10 20
11 1
11 4
12 8
12 21
13 11
13 13
14 6
14 21
15 4
15 19
16 1
16 3
17 14
17 19
18 3
18 9
19 14
19 16
20 6
20 12
21 11
21 16

# solution 800
# n=22 sym=rot2 status=verified source=flammenkamp_cache/n22_rot2
# code=:AD7C3J8E3J5HCKGL6A06HK14FLBF05194G2I7D2I9E8B
0 10
0 13
1 7
1 12
2 3
2 19
3 8
3 14
4 3
4 19
5 5
5 17
6 12
6 20
7 16
7 21
8 6
8 10
9 0
9 6
10 17
10 20
11 1
11 4
12 15
12 21
13 11
13 15
14 0
14 5
15 1
15 9
16 4
16 16
17 2
17 18
18 7
18 13
19 2
19 18
20 9
20 14
21 8
21 11

# solution 801
# n=22 sym=rot2 status=verified source=flammenkamp_cache/n22_rot2
# code=:6E7GBC046925DKIJADILHK14038B2318GJCFHL9A5E7F
0 6
0 14
1 7
1 16
2 11
2 12
3 0
3 4
4 6
4 9
5 2
5 5
6 13
6 20
7 18
7 19
8 10
8 13
9 18
9 21
10 17
10 20
11 1
11 4
12 0
12 3
13 8
13 11
14 2
14 3
15 1
15 8
16 16
16 19
17 12
17 15
18 17
18 21
19 9
19 10
20 5
20 14
21 7
21 15

# solution 802
# n=22 sym=rot2 status=verified source=flammenkamp_cache/n22_rot2
# code=:59CE6H2EDJ35AI06AD1LHK140K8BFL3BGI287J4F79CG
0 5
0 9
1 12
1 14
2 6
2 17
3 2
3 14
4 13
4 19
5 3
5 5
6 10
6 18
7 0
7 6
8 10
8 13
9 1
9 21
10 17
10 20
11 1
11 4
12 0
12 20
13 8
13 11
14 15
14 21
15 3
15 11
16 16
16 18
17 2
17 8
18 7
18 19
19 4
19 15
20 7
20 9
21 12
21 16

# solution 803
# n=22 sym=rot2 status=verified source=flammenkamp_cache/n22_rot2
# code=:366A5D12AHCEDJ5L039HEK174CIL0G28794BJK8GBFFI
0 3
0 6
1 6
1 10
2 5
2 13
3 1
3 2
4 10
4 17
5 12
5 14
6 13
6 19
7 5
7 21
8 0
8 3
9 9
9 17
10 14
10 20
11 1
11 7
12 4
12 12
13 18
13 21
14 0
14 16
15 2
15 8
16 7
16 9
17 4
17 11
18 19
18 20
19 8
19 16
20 11
20 15
21 15
21 18

# solution 804
# n=22 sym=rot2 status=verified source=flammenkamp_cache/n22_rot2
# code=:34CF8G8JEJ35AB1E9L6LHK140F0C7KABGI272D5D69HI
0 3
0 4
1 12
1 15
2 8
2 16
3 8
3 19
4 14
4 19
5 3
5 5
6 10
6 11
7 1
7 14
8 9
8 21
9 6
9 21
10 17
10 20
11 1
11 4
12 0
12 15
13 0
13 12
14 7
14 20
15 10
15 11
16 16
16 18
17 2
17 7
18 2
18 13
19 5
19 13
20 6
20 9
21 17
21 18

# solution 805
# n=22 sym=rot2 status=verified source=flammenkamp_cache/n22_rot2
# code=:BGCD7KGI2602AD47093FHK146ICLEH8BJLFJ351E895A
0 11
0 16
1 12
1 13
2 7
2 20
3 16
3 18
4 2
4 6
5 0
5 2
6 10
6 13
7 4
7 7
8 0
8 9
9 3
9 15
10 17
10 20
11 1
11 4
12 6
12 18
13 12
13 21
14 14
14 17
15 8
15 11
16 19
16 21
17 15
17 19
18 3
18 5
19 1
19 14
20 8
20 9
21 5
21 10

# solution 806
# n=22 sym=rot2 status=verified source=flammenkamp_cache/n22_rot2
# code=:797DBG0G246IBK3F9DJLHK14028C6I1A3FHJ5L5A8ECE
0 7
0 9
1 7
1 13
2 11
2 16
3 0
3 16
4 2
4 4
5 6
5 18
6 11
6 20
7 3
7 15
8 9
8 13
9 19
9 21
10 17
10 20
11 1
11 4
12 0
12 2
13 8
13 12
14 6
14 18
15 1
15 10
16 3
16 15
17 17
17 19
18 5
18 21
19 5
19 10
20 8
20 14
21 12
21 14

# solution 807
# n=22 sym=rot2 status=verified source=flammenkamp_cache/n22_rot2
# code=:5IACDH6F1A39GJ1E8LEL2H4J070D7K25CIBK6F489B3G
0 5
0 18
1 10
1 12
2 13
2 17
3 6
3 15
4 1
4 10
5 3
5 9
6 16
6 19
7 1
7 14
8 8
8 21
9 14
9 21
10 2
10 17
11 4
11 19
12 0
12 7
13 0
13 13
14 7
14 20
15 2
15 5
16 12
16 18
17 11
17 20
18 6
18 15
19 4
19 8
20 9
20 11
21 3
21 16

# solution 808
# n=22 sym=rot2 status=verified source=flammenkamp_cache/n22_rot2
# code=:7IAE5F2I8A018H9J5F490K1LCH6G2C4DKLBD3J6G7B3E
0 7
0 18
1 10
1 14
2 5
2 15
3 2
3 18
4 8
4 10
5 0
5 1
6 8
6 17
7 9
7 19
8 5
8 15
9 4
9 9
10 0
10 20
11 1
11 21
12 12
12 17
13 6
13 16
14 2
14 12
15 4
15 13
16 20
16 21
17 11
17 13
18 3
18 19
19 6
19 16
20 7
20 11
21 3
21 14

# solution 809
# n=22 sym=rot2 status=verified source=flammenkamp_cache/n22_rot2
# code=:BE7AGHFJ5C38FLDI19JLHK1402CK3806DI9G2645BE7A
0 11
0 14
1 7
1 10
2 16
2 17
3 15
3 19
4 5
4 12
5 3
5 8
6 15
6 21
7 13
7 18
8 1
8 9
9 19
9 21
10 17
10 20
11 1
11 4
12 0
12 2
13 12
13 20
14 3
14 8
15 0
15 6
16 13
16 18
17 9
17 16
18 2
18 6
19 4
19 5
20 11
20 14
21 7
21 10

# solution 810
# n=22 sym=rot2 status=verified source=flammenkamp_cache/n22_rot2
# code=:0DDH5A6936EKAE293J5K0H4L1G2ICJ7B17FICFBG488L
0 0
0 13
1 13
1 17
2 5
2 10
3 6
3 9
4 3
4 6
5 14
5 20
6 10
6 14
7 2
7 9
8 3
8 19
9 5
9 20
10 0
10 17
11 4
11 21
12 1
12 16
13 2
13 18
14 12
14 19
15 7
15 11
16 1
16 7
17 15
17 18
18 12
18 15
19 11
19 16
20 4
20 8
21 8
21 21

# solution 811
# n=22 sym=rot2 status=verified source=flammenkamp_cache/n22_rot2
# code=:6D7G5B4ICD7JIK2C016A0H4LBFKL9J132E893HAG5E8F
0 6
0 13
1 7
1 16
2 5
2 11
3 4
3 18
4 12
4 13
5 7
5 19
6 18
6 20
7 2
7 12
8 0
8 1
9 6
9 10
10 0
10 17
11 4
11 21
12 11
12 15
13 20
13 21
14 9
14 19
15 1
15 3
16 2
16 14
17 8
17 9
18 3
18 17
19 10
19 16
20 5
20 14
21 8
21 15

# solution 812
# n=22 sym=rot2 status=verified source=flammenkamp_cache/n22_rot2
# code=:9EAGEF4J8K9J3D1F053A0H4LBIGL6K8I2C1D2H675B7C
0 9
0 14
1 10
1 16
2 14
2 15
3 4
3 19
4 8
4 20
5 9
5 19
6 3
6 13
7 1
7 15
8 0
8 5
9 3
9 10
10 0
10 17
11 4
11 21
12 11
12 18
13 16
13 21
14 6
14 20
15 8
15 18
16 2
16 12
17 1
17 13
18 2
18 17
19 6
19 7
20 5
20 11
21 7
21 12

# solution 813
# n=22 sym=rot2 status=verified source=flammenkamp_cache/n22_rot2
# code=:8GCGHI289A12IKAE67FL0H4L06EF7B13JKBCDJ34595D
0 8
0 16
1 12
1 16
2 17
2 18
3 2
3 8
4 9
4 10
5 1
5 2
6 18
6 20
7 10
7 14
8 6
8 7
9 15
9 21
10 0
10 17
11 4
11 21
12 0
12 6
13 14
13 15
14 7
14 11
15 1
15 3
16 19
16 20
17 11
17 12
18 13
18 19
19 3
19 4
20 5
20 9
21 5
21 13

# solution 814
# n=22 sym=rot2 status=verified source=flammenkamp_cache/n22_rot2
# code=:BI2C571K2C8HAF78035F0H4L6GILDE6B4D9J1KEG9J3A
0 11
0 18
1 2
1 12
2 5
2 7
3 1
3 20
4 2
4 12
5 8
5 17
6 10
6 15
7 7
7 8
8 0
8 3
9 5
9 15
10 0
10 17
11 4
11 21
12 6
12 16
13 18
13 21
14 13
14 14
15 6
15 11
16 4
16 13
17 9
17 19
18 1
18 20
19 14
19 16
20 9
20 19
21 3
21 10

# solution 815
# n=22 sym=rot2 status=verified source=flammenkamp_cache/n22_rot2
# code=:69CF4G5J3E8KBL372KADHL048B1JEI0A1D7I2G5H69CF
0 6
0 9
1 12
1 15
2 4
2 16
3 5
3 19
4 3
4 14
5 8
5 20
6 11
6 21
7 3
7 7
8 2
8 20
9 10
9 13
10 17
10 21
11 0
11 4
12 8
12 11
13 1
13 19
14 14
14 18
15 0
15 10
16 1
16 13
17 7
17 18
18 2
18 16
19 5
19 17
20 6
20 9
21 12
21 15

# solution 816
# n=22 sym=rot2 status=verified source=flammenkamp_cache/n22_rot2
# code=:9AFG79DE23HI261DGL1AHL04BK058KFJ34IJ78CE56BC
0 9
0 10
1 15
1 16
2 7
2 9
3 13
3 14
4 2
4 3
5 17
5 18
6 2
6 6
7 1
7 13
8 16
8 21
9 1
9 10
10 17
10 21
11 0
11 4
12 11
12 20
13 0
13 5
14 8
14 20
15 15
15 19
16 3
16 4
17 18
17 19
18 7
18 8
19 12
19 14
20 5
20 6
21 11
21 12

# solution 817
# n=22 sym=rot2 status=verified source=flammenkamp_cache/n22_rot2
# code=:FI7C4I2D79DKFK052B5AHL04BGAJGL1618CE8J3H9E36
0 15
0 18
1 7
1 12
2 4
2 18
3 2
3 13
4 7
4 9
5 13
5 20
6 15
6 20
7 0
7 5
8 2
8 11
9 5
9 10
10 17
10 21
11 0
11 4
12 11
12 16
13 10
13 19
14 16
14 21
15 1
15 6
16 1
16 8
17 12
17 14
18 8
18 19
19 3
19 17
20 9
20 14
21 3
21 6

# solution 818
# n=22 sym=rot2 status=verified source=flammenkamp_cache/n22_rot2
# code=:8C5C68FH5J0K13AEEIAJHL042B377BIK1L2G46DF9G9D
0 8
0 12
1 5
1 12
2 6
2 8
3 15
3 17
4 5
4 19
5 0
5 20
6 1
6 3
7 10
7 14
8 14
8 18
9 10
9 19
10 17
10 21
11 0
11 4
12 2
12 11
13 3
13 7
14 7
14 11
15 18
15 20
16 1
16 21
17 2
17 16
18 4
18 6
19 13
19 15
20 9
20 16
21 9
21 13

# solution 819
# n=22 sym=rot2 status=verified source=flammenkamp_cache/n22_rot2
# code=:8D6C5K5FCL7KAI2E24AIHL043BHJ7J3B1E096G1G9F8D
0 8
0 13
1 6
1 12
2 5
2 20
3 5
3 15
4 12
4 21
5 7
5 20
6 10
6 18
7 2
7 14
8 2
8 4
9 10
9 18
10 17
10 21
11 0
11 4
12 3
12 11
13 17
13 19
14 7
14 19
15 3
15 11
16 1
16 14
17 0
17 9
18 6
18 16
19 1
19 16
20 9
20 15
21 8
21 13

# solution 820
# n=22 sym=rot2 status=verified source=flammenkamp_cache/n22_rot2
# code=:4EEI9B12DG9I162D5AFLHL0406BG8JFK3C58JKAC377H
0 4
0 14
1 14
1 18
2 9
2 11
3 1
3 2
4 13
4 16
5 9
5 18
6 1
6 6
7 2
7 13
8 5
8 10
9 15
9 21
10 17
10 21
11 0
11 4
12 0
12 6
13 11
13 16
14 8
14 19
15 15
15 20
16 3
16 12
17 5
17 8
18 19
18 20
19 10
19 12
20 3
20 7
21 7
21 17

# solution 821
# n=22 sym=rot2 status=verified source=flammenkamp_cache/n22_rot2
# code=:6G9B4K2D379IDL275AFKHL0416BGEJ083CEI8J1HAC5F
0 6
0 16
1 9
1 11
2 4
2 20
3 2
3 13
4 3
4 7
5 9
5 18
6 13
6 21
7 2
7 7
8 5
8 10
9 15
9 20
10 17
10 21
11 0
11 4
12 1
12 6
13 11
13 16
14 14
14 19
15 0
15 8
16 3
16 12
17 14
17 18
18 8
18 19
19 1
19 17
20 10
20 12
21 5
21 15

# solution 822
# n=22 sym=rot2 status=verified source=flammenkamp_cache/n22_rot2
# code=:AEDF892IGK4I092F5AEKHL0417BG6JCL3H153JCD687B
0 10
0 14
1 13
1 15
2 8
2 9
3 2
3 18
4 16
4 20
5 4
5 18
6 0
6 9
7 2
7 15
8 5
8 10
9 14
9 20
10 17
10 21
11 0
11 4
12 1
12 7
13 11
13 16
14 6
14 19
15 12
15 21
16 3
16 17
17 1
17 5
18 3
18 19
19 12
19 13
20 6
20 8
21 7
21 11

# solution 823
# n=22 sym=rot2 status=verified source=flammenkamp_cache/n22_rot2
# code=:8C6DBKEH253906AK5I2EHL047J3G1BFLCIGJ471A8F9D
0 8
0 12
1 6
1 13
2 11
2 20
3 14
3 17
4 2
4 5
5 3
5 9
6 0
6 6
7 10
7 20
8 5
8 18
9 2
9 14
10 17
10 21
11 0
11 4
12 7
12 19
13 3
13 16
14 1
14 11
15 15
15 21
16 12
16 18
17 16
17 19
18 4
18 7
19 1
19 10
20 8
20 15
21 9
21 13

# solution 824
# n=22 sym=rot2 status=verified source=flammenkamp_cache/n22_rot2
# code=:8A08CG6FCJ5717AJ3HIKHL04134I2BEKEG296F59DLBD
0 8
0 10
1 0
1 8
2 12
2 16
3 6
3 15
4 12
4 19
5 5
5 7
6 1
6 7
7 10
7 19
8 3
8 17
9 18
9 20
10 17
10 21
11 0
11 4
12 1
12 3
13 4
13 18
14 2
14 11
15 14
15 20
16 14
16 16
17 2
17 9
18 6
18 15
19 5
19 9
20 13
20 21
21 11
21 13

# solution 825
# n=22 sym=rot2 status=verified source=flammenkamp_cache/n22_rot2
# code=:9F8A3F1G2A5HEKJL9D3EHL047I8C02174GBJ5K6IBD6C
0 9
0 15
1 8
1 10
2 3
2 15
3 1
3 16
4 2
4 10
5 5
5 17
6 14
6 20
7 19
7 21
8 9
8 13
9 3
9 14
10 17
10 21
11 0
11 4
12 7
12 18
13 8
13 12
14 0
14 2
15 1
15 7
16 4
16 16
17 11
17 19
18 5
18 20
19 6
19 18
20 11
20 13
21 6
21 12

# solution 826
# n=22 sym=rot2 status=verified source=flammenkamp_cache/n22_rot2
# code=:8AEI38FJ1A792F055H9KHL041C4GGL6JCEBK26DI37BD
0 8
0 10
1 14
1 18
2 3
2 8
3 15
3 19
4 1
4 10
5 7
5 9
6 2
6 15
7 0
7 5
8 5
8 17
9 9
9 20
10 17
10 21
11 0
11 4
12 1
12 12
13 4
13 16
14 16
14 21
15 6
15 19
16 12
16 14
17 11
17 20
18 2
18 6
19 13
19 18
20 3
20 7
21 11
21 13

# solution 827
# n=22 sym=rot2 status=verified source=flammenkamp_cache/n22_rot2
# code=:7AEI3F595A8J129F8K4LHL040H1D6CJK2DBGCG6I37BE
0 7
0 10
1 14
1 18
2 3
2 15
3 5
3 9
4 5
4 10
5 8
5 19
6 1
6 2
7 9
7 15
8 8
8 20
9 4
9 21
10 17
10 21
11 0
11 4
12 0
12 17
13 1
13 13
14 6
14 12
15 19
15 20
16 2
16 13
17 11
17 16
18 12
18 16
19 6
19 18
20 3
20 7
21 11
21 14

# solution 828
# n=22 sym=rot2 status=verified source=flammenkamp_cache/n22_rot2
# code=:8EBD6BFK15IL7J35HJ9CHL049C24GI2E03GK16AF8A7D
0 8
0 14
1 11
1 13
2 6
2 11
3 15
3 20
4 1
4 5
5 18
5 21
6 7
6 19
7 3
7 5
8 17
8 19
9 9
9 12
10 17
10 21
11 0
11 4
12 9
12 12
13 2
13 4
14 16
14 18
15 2
15 14
16 0
16 3
17 16
17 20
18 1
18 6
19 10
19 15
20 8
20 10
21 7
21 13

# solution 829
# n=22 sym=rot2 status=verified source=flammenkamp_cache/n22_rot2
# code=:ACEG5612AI4E08FIDJ4901KLCH2836DL7H3BJKFG579B
0 10
0 12
1 14
1 16
2 5
2 6
3 1
3 2
4 10
4 18
5 4
5 14
6 0
6 8
7 15
7 18
8 13
8 19
9 4
9 9
10 0
10 1
11 20
11 21
12 12
12 17
13 2
13 8
14 3
14 6
15 13
15 21
16 7
16 17
17 3
17 11
18 19
18 20
19 15
19 16
20 5
20 7
21 9
21 11

# solution 830
# n=22 sym=rot2 status=verified source=flammenkamp_cache/n22_rot2
# code=:BC5F5H6E2K0C2LDK8E4A3I3IBH7D180J9L1J7F4G6G9A
0 11
0 12
1 5
1 15
2 5
2 17
3 6
3 14
4 2
4 20
5 0
5 12
6 2
6 21
7 13
7 20
8 8
8 14
9 4
9 10
10 3
10 18
11 3
11 18
12 11
12 17
13 7
13 13
14 1
14 8
15 0
15 19
16 9
16 21
17 1
17 19
18 7
18 15
19 4
19 16
20 6
20 16
21 9
21 10

# solution 831
# n=22 sym=rot2 status=verified source=flammenkamp_cache/n22_rot2
# code=:9AEF58CF287L2H04GKAK3I3I1B15HL4J0EDJ69DG67BC
0 9
0 10
1 14
1 15
2 5
2 8
3 12
3 15
4 2
4 8
5 7
5 21
6 2
6 17
7 0
7 4
8 16
8 20
9 10
9 20
10 3
10 18
11 3
11 18
12 1
12 11
13 1
13 5
14 17
14 21
15 4
15 19
16 0
16 14
17 13
17 19
18 6
18 9
19 13
19 16
20 6
20 7
21 11
21 12

# solution 832
# n=22 sym=rot2 status=verified source=flammenkamp_cache/n22_rot2
# code=:AB7H1D5D6JCH1L2759FL3I3I06CGEJ0K492F8G8K4EAB
0 10
0 11
1 7
1 17
2 1
2 13
3 5
3 13
4 6
4 19
5 12
5 17
6 1
6 21
7 2
7 7
8 5
8 9
9 15
9 21
10 3
10 18
11 3
11 18
12 0
12 6
13 12
13 16
14 14
14 19
15 0
15 20
16 4
16 9
17 2
17 15
18 8
18 16
19 8
19 20
20 4
20 14
21 10
21 11

# solution 833
# n=22 sym=rot2 status=verified source=flammenkamp_cache/n22_rot2
# code=:DI9E4JAB6JCL1G4G8E36KL01FI7D5H5K092FAB2H7C38
0 13
0 18
1 9
1 14
2 4
2 19
3 10
3 11
4 6
4 19
5 12
5 21
6 1
6 16
7 4
7 16
8 8
8 14
9 3
9 6
10 20
10 21
11 0
11 1
12 15
12 18
13 7
13 13
14 5
14 17
15 5
15 20
16 0
16 9
17 2
17 15
18 10
18 11
19 2
19 17
20 7
20 12
21 3
21 8

# solution 834
# n=22 sym=rot2 status=verified source=flammenkamp_cache/n22_rot2
# code=:CH398GAB126GHL068EIJ1E7K237DFL045FJKAB5DCI49
0 12
0 17
1 3
1 9
2 8
2 16
3 10
3 11
4 1
4 2
5 6
5 16
6 17
6 21
7 0
7 6
8 8
8 14
9 18
9 19
10 1
10 14
11 7
11 20
12 2
12 3
13 7
13 13
14 15
14 21
15 0
15 4
16 5
16 15
17 19
17 20
18 10
18 11
19 5
19 13
20 12
20 18
21 4
21 9

# solution 835
# n=22 sym=rot2 status=verified source=flammenkamp_cache/n22_rot2
# code=:9F468H1DAE037J0KCG5A23IJBG591L2EIL7B8K4DFH6C
0 9
0 15
1 4
1 6
2 8
2 17
3 1
3 13
4 10
4 14
5 0
5 3
6 7
6 19
7 0
7 20
8 12
8 16
9 5
9 10
10 2
10 3
11 18
11 19
12 11
12 16
13 5
13 9
14 1
14 21
15 2
15 14
16 18
16 21
17 7
17 11
18 8
18 20
19 4
19 13
20 15
20 17
21 6
21 12

# solution 836
# n=22 sym=rot2 status=verified source=flammenkamp_cache/n22_rot2
# code=:5FAH8E9D2E3KFH0K0C5A23IJBG9L1L461I7J8C7D4B6G
0 5
0 15
1 10
1 17
2 8
2 14
3 9
3 13
4 2
4 14
5 3
5 20
6 15
6 17
7 0
7 20
8 0
8 12
9 5
9 10
10 2
10 3
11 18
11 19
12 11
12 16
13 9
13 21
14 1
14 21
15 4
15 6
16 1
16 18
17 7
17 19
18 8
18 12
19 7
19 13
20 4
20 11
21 6
21 16

# solution 837
# n=22 sym=rot2 status=verified source=flammenkamp_cache/n22_rot2
# code=:9BHI566H9E0K25DE8KAL23IJ0B1D78GJ1L7C4FFG34AC
0 9
0 11
1 17
1 18
2 5
2 6
3 6
3 17
4 9
4 14
5 0
5 20
6 2
6 5
7 13
7 14
8 8
8 20
9 10
9 21
10 2
10 3
11 18
11 19
12 0
12 11
13 1
13 13
14 7
14 8
15 16
15 19
16 1
16 21
17 7
17 12
18 4
18 15
19 15
19 16
20 3
20 4
21 10
21 12

# solution 838
# n=22 sym=rot2 status=verified source=flammenkamp_cache/n22_rot2
# code=:69AHDK5E169H03JLDGAE23IJ7B5802IL4CFK7G184BCF
0 6
0 9
1 10
1 17
2 13
2 20
3 5
3 14
4 1
4 6
5 9
5 17
6 0
6 3
7 19
7 21
8 13
8 16
9 10
9 14
10 2
10 3
11 18
11 19
12 7
12 11
13 5
13 8
14 0
14 2
15 18
15 21
16 4
16 12
17 15
17 20
18 7
18 16
19 1
19 8
20 4
20 11
21 12
21 15

# solution 839
# n=22 sym=rot2 status=verified source=flammenkamp_cache/n22_rot2
# code=:9B4F58DF241317CLEG0A23IJBL5709EKIKHJ68DG6HAC
0 9
0 11
1 4
1 15
2 5
2 8
3 13
3 15
4 2
4 4
5 1
5 3
6 1
6 7
7 12
7 21
8 14
8 16
9 0
9 10
10 2
10 3
11 18
11 19
12 11
12 21
13 5
13 7
14 0
14 9
15 14
15 20
16 18
16 20
17 17
17 19
18 6
18 8
19 13
19 16
20 6
20 17
21 10
21 12

# solution 840
# n=22 sym=rot2 status=verified source=flammenkamp_cache/n22_rot2
# code=:69DFEI141H890B05GJAE23IJ7B25GLALCD4KHK3768CF
0 6
0 9
1 13
1 15
2 14
2 18
3 1
3 4
4 1
4 17
5 8
5 9
6 0
6 11
7 0
7 5
8 16
8 19
9 10
9 14
10 2
10 3
11 18
11 19
12 7
12 11
13 2
13 5
14 16
14 21
15 10
15 21
16 12
16 13
17 4
17 20
18 17
18 20
19 3
19 7
20 6
20 8
21 12
21 15

# solution 841
# n=22 sym=rot2 status=verified source=flammenkamp_cache/n22_rot2
# code=:69269EDLADGH1G3704AK23IJ1BHLEI5K458B087CFJCF
0 6
0 9
1 2
1 6
2 9
2 14
3 13
3 21
4 10
4 13
5 16
5 17
6 1
6 16
7 3
7 7
8 0
8 4
9 10
9 20
10 2
10 3
11 18
11 19
12 1
12 11
13 17
13 21
14 14
14 18
15 5
15 20
16 4
16 5
17 8
17 11
18 0
18 8
19 7
19 12
20 15
20 19
21 12
21 15

# solution 842
# n=22 sym=rot2 status=verified source=flammenkamp_cache/n22_rot2
# code=:0DAD56CG7F4HCK03AJ1723IJEK2BIL194H6E59FG8B8L
0 0
0 13
1 10
1 13
2 5
2 6
3 12
3 16
4 7
4 15
5 4
5 17
6 12
6 20
7 0
7 3
8 10
8 19
9 1
9 7
10 2
10 3
11 18
11 19
12 14
12 20
13 2
13 11
14 18
14 21
15 1
15 9
16 4
16 17
17 6
17 14
18 5
18 9
19 15
19 16
20 8
20 11
21 8
21 21

# solution 843
# n=22 sym=rot2 status=verified source=flammenkamp_cache/n22_rot2
# code=:AL9EEH588L4F351JACFK23IJ169B2KGI6H0DDG477C0B
0 10
0 21
1 9
1 14
2 14
2 17
3 5
3 8
4 8
4 21
5 4
5 15
6 3
6 5
7 1
7 19
8 10
8 12
9 15
9 20
10 2
10 3
11 18
11 19
12 1
12 6
13 9
13 11
14 2
14 20
15 16
15 18
16 6
16 17
17 0
17 13
18 13
18 16
19 4
19 7
20 7
20 12
21 0
21 11

# solution 844
# n=22 sym=rot2 status=verified source=flammenkamp_cache/n22_rot2
# code=:DF8EBK5B3L9L5H2E3H9F2K1J6C4I7J4G0C0IAG1A7D68
0 13
0 15
1 8
1 14
2 11
2 20
3 5
3 11
4 3
4 21
5 9
5 21
6 5
6 17
7 2
7 14
8 3
8 17
9 9
9 15
10 2
10 20
11 1
11 19
12 6
12 12
13 4
13 18
14 7
14 19
15 4
15 16
16 0
16 12
17 0
17 18
18 10
18 16
19 1
19 10
20 7
20 13
21 6
21 8

# solution 845
# n=22 sym=rot2 status=verified source=flammenkamp_cache/n22_rot2
# code=:AH6A7G0F2839HLEG891K23IJ1KCD5704CIDJ6L5EBF4B
0 10
0 17
1 6
1 10
2 7
2 16
3 0
3 15
4 2
4 8
5 3
5 9
6 17
6 21
7 14
7 16
8 8
8 9
9 1
9 20
10 2
10 3
11 18
11 19
12 1
12 20
13 12
13 13
14 5
14 7
15 0
15 4
16 12
16 18
17 13
17 19
18 6
18 21
19 5
19 14
20 11
20 15
21 4
21 11

# solution 846
# n=22 sym=rot2 status=verified source=flammenkamp_cache/n22_rot2
# code=:69DH5BBG2I267K3K4D9E0L0L7C8H1I1EFJ3J5AAG48CF
0 6
0 9
1 13
1 17
2 5
2 11
3 11
3 16
4 2
4 18
5 2
5 6
6 7
6 20
7 3
7 20
8 4
8 13
9 9
9 14
10 0
10 21
11 0
11 21
12 7
12 12
13 8
13 17
14 1
14 18
15 1
15 14
16 15
16 19
17 3
17 19
18 5
18 10
19 10
19 16
20 4
20 8
21 12
21 15

# solution 847
# n=22 sym=rot2 status=verified source=flammenkamp_cache/n22_rot2
# code=:6A68CE591H1JEH58030A3J2IBLILDG472K4KCG79DFBF
0 6
0 10
1 6
1 8
2 12
2 14
3 5
3 9
4 1
4 17
5 1
5 19
6 14
6 17
7 5
7 8
8 0
8 3
9 0
9 10
10 3
10 19
11 2
11 18
12 11
12 21
13 18
13 21
14 13
14 16
15 4
15 7
16 2
16 20
17 4
17 20
18 12
18 16
19 7
19 9
20 13
20 15
21 11
21 15

# solution 848
# n=22 sym=rot2 status=verified source=flammenkamp_cache/n22_rot2
# code=:6A4KGI897DAF247K095L3J2I0GCL1EHJ6B8ECD351HBF
0 6
0 10
1 4
1 20
2 16
2 18
3 8
3 9
4 7
4 13
5 10
5 15
6 2
6 4
7 7
7 20
8 0
8 9
9 5
9 21
10 3
10 19
11 2
11 18
12 0
12 16
13 12
13 21
14 1
14 14
15 17
15 19
16 6
16 11
17 8
17 14
18 12
18 13
19 3
19 5
20 1
20 17
21 11
21 15

# solution 849
# n=22 sym=rot2 status=verified source=flammenkamp_cache/n22_rot2
# code=:7C5FAH6BHJ8J1CIK8E0503ILGL7D139K2D24AF4B6G9E
0 7
0 12
1 5
1 15
2 10
2 17
3 6
3 11
4 17
4 19
5 8
5 19
6 1
6 12
7 18
7 20
8 8
8 14
9 0
9 5
10 0
10 3
11 18
11 21
12 16
12 21
13 7
13 13
14 1
14 3
15 9
15 20
16 2
16 13
17 2
17 4
18 10
18 15
19 4
19 11
20 6
20 16
21 9
21 14

# solution 850
# n=22 sym=rot2 status=verified source=flammenkamp_cache/n22_rot2
# code=:BH68CE361EHJ0J58CL5A13IKBG09DG2L247KFI79DF4A
0 11
0 17
1 6
1 8
2 12
2 14
3 3
3 6
4 1
4 14
5 17
5 19
6 0
6 19
7 5
7 8
8 12
8 21
9 5
9 10
10 1
10 3
11 18
11 20
12 11
12 16
13 0
13 9
14 13
14 16
15 2
15 21
16 2
16 4
17 7
17 20
18 15
18 18
19 7
19 9
20 13
20 15
21 4
21 10

# solution 851
# n=22 sym=rot2 status=verified source=flammenkamp_cache/n22_rot2
# code=:3F9A8G29EG0F2HEK084A13IKBHDL174J6L57CJ5DBC6I
0 3
0 15
1 9
1 10
2 8
2 16
3 2
3 9
4 14
4 16
5 0
5 15
6 2
6 17
7 14
7 20
8 0
8 8
9 4
9 10
10 1
10 3
11 18
11 20
12 11
12 17
13 13
13 21
14 1
14 7
15 4
15 19
16 6
16 21
17 5
17 7
18 12
18 19
19 5
19 13
20 11
20 12
21 6
21 18

# solution 852
# n=22 sym=rot2 status=verified source=flammenkamp_cache/n22_rot2
# code=:48FG8CBF571J4JCEIL0A13IKBL03792H2KEG6A9D56DH
0 4
0 8
1 15
1 16
2 8
2 12
3 11
3 15
4 5
4 7
5 1
5 19
6 4
6 19
7 12
7 14
8 18
8 21
9 0
9 10
10 1
10 3
11 18
11 20
12 11
12 21
13 0
13 3
14 7
14 9
15 2
15 17
16 2
16 20
17 14
17 16
18 6
18 10
19 9
19 13
20 5
20 6
21 13
21 17

# solution 853
# n=22 sym=rot2 status=verified source=flammenkamp_cache/n22_rot2
# code=:DEEG4L683J5C1AHJAC6L13IK0F9B24BK9G2IDF0H5778
0 13
0 14
1 14
1 16
2 4
2 21
3 6
3 8
4 3
4 19
5 5
5 12
6 1
6 10
7 17
7 19
8 10
8 12
9 6
9 21
10 1
10 3
11 18
11 20
12 0
12 15
13 9
13 11
14 2
14 4
15 11
15 20
16 9
16 16
17 2
17 18
18 13
18 15
19 0
19 17
20 5
20 7
21 7
21 8

# solution 854
# n=22 sym=rot2 status=verified source=flammenkamp_cache/n22_rot2
# code=:57BECD6B5KHL026I2H193D8ICK4J3FJL041GAF897AEG
0 5
0 7
1 11
1 14
2 12
2 13
3 6
3 11
4 5
4 20
5 17
5 21
6 0
6 2
7 6
7 18
8 2
8 17
9 1
9 9
10 3
10 13
11 8
11 18
12 12
12 20
13 4
13 19
14 3
14 15
15 19
15 21
16 0
16 4
17 1
17 16
18 10
18 15
19 8
19 9
20 7
20 10
21 14
21 16

# solution 855
# n=22 sym=rot2 status=verified source=flammenkamp_cache/n22_rot2
# code=:DF694C7B1G4J02EGAI8L13IK0D3B57JL2H5KAE9HCF68
0 13
0 15
1 6
1 9
2 4
2 12
3 7
3 11
4 1
4 16
5 4
5 19
6 0
6 2
7 14
7 16
8 10
8 18
9 8
9 21
10 1
10 3
11 18
11 20
12 0
12 13
13 3
13 11
14 5
14 7
15 19
15 21
16 2
16 17
17 5
17 20
18 10
18 14
19 9
19 17
20 12
20 15
21 6
21 8

# solution 856
# n=22 sym=rot2 status=verified source=flammenkamp_cache/n22_rot2
# code=:DF69CH7B1G4J02EGAI8L13IK0D3B57JL2H5KAE49CF68
0 13
0 15
1 6
1 9
2 12
2 17
3 7
3 11
4 1
4 16
5 4
5 19
6 0
6 2
7 14
7 16
8 10
8 18
9 8
9 21
10 1
10 3
11 18
11 20
12 0
12 13
13 3
13 11
14 5
14 7
15 19
15 21
16 2
16 17
17 5
17 20
18 10
18 14
19 4
19 9
20 12
20 15
21 6
21 8

# solution 857
# n=22 sym=rot2 status=verified source=flammenkamp_cache/n22_rot2
# code=:7HCG5A16HJ6LCE2L8A3D13IK8IBD0J790F24FKBG594E
0 7
0 17
1 12
1 16
2 5
2 10
3 1
3 6
4 17
4 19
5 6
5 21
6 12
6 14
7 2
7 21
8 8
8 10
9 3
9 13
10 1
10 3
11 18
11 20
12 8
12 18
13 11
13 13
14 0
14 19
15 7
15 9
16 0
16 15
17 2
17 4
18 15
18 20
19 11
19 16
20 5
20 9
21 4
21 14

# solution 858
# n=22 sym=rot2 status=verified source=flammenkamp_cache/n22_rot2
# code=:6D9BEIEG1J4945DLAJ0613IKFL2B08GHCH2K5737AC8F
0 6
0 13
1 9
1 11
2 14
2 18
3 14
3 16
4 1
4 19
5 4
5 9
6 4
6 5
7 13
7 21
8 10
8 19
9 0
9 6
10 1
10 3
11 18
11 20
12 15
12 21
13 2
13 11
14 0
14 8
15 16
15 17
16 12
16 17
17 2
17 20
18 5
18 7
19 3
19 7
20 10
20 12
21 8
21 15

# solution 859
# n=22 sym=rot2 status=verified source=flammenkamp_cache/n22_rot2
# code=:6J9BEK2G069DGL47AD4I13IK3H8BEH058CFL5J17AC2F
0 6
0 19
1 9
1 11
2 14
2 20
3 2
3 16
4 0
4 6
5 9
5 13
6 16
6 21
7 4
7 7
8 10
8 13
9 4
9 18
10 1
10 3
11 18
11 20
12 3
12 17
13 8
13 11
14 14
14 17
15 0
15 5
16 8
16 12
17 15
17 21
18 5
18 19
19 1
19 7
20 10
20 12
21 2
21 15

# solution 860
# n=22 sym=rot2 status=verified source=flammenkamp_cache/n22_rot2
# code=:AD6E5CJL1F5H28CE4A0313IKILBH79DJ4G6K029G7F8B
0 10
0 13
1 6
1 14
2 5
2 12
3 19
3 21
4 1
4 15
5 5
5 17
6 2
6 8
7 12
7 14
8 4
8 10
9 0
9 3
10 1
10 3
11 18
11 20
12 18
12 21
13 11
13 17
14 7
14 9
15 13
15 19
16 4
16 16
17 6
17 20
18 0
18 2
19 9
19 16
20 7
20 15
21 8
21 11

# solution 861
# n=22 sym=rot2 status=verified source=flammenkamp_cache/n22_rot2
# code=:CF9B5H4B7DIL0I2K1825EF67GJDK1J3L038EAH4GAC69
0 12
0 15
1 9
1 11
2 5
2 17
3 4
3 11
4 7
4 13
5 18
5 21
6 0
6 18
7 2
7 20
8 1
8 8
9 2
9 5
10 14
10 15
11 6
11 7
12 16
12 19
13 13
13 20
14 1
14 19
15 3
15 21
16 0
16 3
17 8
17 14
18 10
18 17
19 4
19 16
20 10
20 12
21 6
21 9

# solution 862
# n=22 sym=rot2 status=verified source=flammenkamp_cache/n22_rot2
# code=:9C3B8G4B1J3L7F4F8JEK05GL172D6H6E0I2KAH5DAI9C
0 9
0 12
1 3
1 11
2 8
2 16
3 4
3 11
4 1
4 19
5 3
5 21
6 7
6 15
7 4
7 15
8 8
8 19
9 14
9 20
10 0
10 5
11 16
11 21
12 1
12 7
13 2
13 13
14 6
14 17
15 6
15 14
16 0
16 18
17 2
17 20
18 10
18 17
19 5
19 13
20 10
20 18
21 9
21 12

# solution 863
# n=22 sym=rot2 status=verified source=flammenkamp_cache/n22_rot2
# code=:6EBF0E8B5J8I341K099GHJ245CCL1KHI3D2GAD7L6A7F
0 6
0 14
1 11
1 15
2 0
2 14
3 8
3 11
4 5
4 19
5 8
5 18
6 3
6 4
7 1
7 20
8 0
8 9
9 9
9 16
10 17
10 19
11 2
11 4
12 5
12 12
13 12
13 21
14 1
14 20
15 17
15 18
16 3
16 13
17 2
17 16
18 10
18 13
19 7
19 21
20 6
20 10
21 7
21 15

# solution 864
# n=22 sym=rot2 status=verified source=flammenkamp_cache/n22_rot2
# code=:EJ8B0G7BFG2449IK9LDF13IK680C13CHHJ56AE5LAD27
0 14
0 19
1 8
1 11
2 0
2 16
3 7
3 11
4 15
4 16
5 2
5 4
6 4
6 9
7 18
7 20
8 9
8 21
9 13
9 15
10 1
10 3
11 18
11 20
12 6
12 8
13 0
13 12
14 1
14 3
15 12
15 17
16 17
16 19
17 5
17 6
18 10
18 14
19 5
19 21
20 10
20 13
21 2
21 7

# solution 865
# n=22 sym=rot2 status=verified source=flammenkamp_cache/n22_rot2
# code=:5HBI78BDGK26479FJK093L0ICL126CEHFJ158ADE3A4G
0 5
0 17
1 11
1 18
2 7
2 8
3 11
3 13
4 16
4 20
5 2
5 6
6 4
6 7
7 9
7 15
8 19
8 20
9 0
9 9
10 3
10 21
11 0
11 18
12 12
12 21
13 1
13 2
14 6
14 12
15 14
15 17
16 15
16 19
17 1
17 5
18 8
18 10
19 13
19 14
20 3
20 10
21 4
21 16

# solution 866
# n=22 sym=rot2 status=verified source=flammenkamp_cache/n22_rot2
# code=:7C6BGH6B2J037C8I8H5K01KL1G4D3D9EIL2JAF45AF9E
0 7
0 12
1 6
1 11
2 16
2 17
3 6
3 11
4 2
4 19
5 0
5 3
6 7
6 12
7 8
7 18
8 8
8 17
9 5
9 20
10 0
10 1
11 20
11 21
12 1
12 16
13 4
13 13
14 3
14 13
15 9
15 14
16 18
16 21
17 2
17 19
18 10
18 15
19 4
19 5
20 10
20 15
21 9
21 14

# solution 867
# n=22 sym=rot2 status=verified source=flammenkamp_cache/n22_rot2
# code=:5A5FDF1J7JCH7C4LAD033K1IIL8B0H9E492E2K686GBG
0 5
0 10
1 5
1 15
2 13
2 15
3 1
3 19
4 7
4 19
5 12
5 17
6 7
6 12
7 4
7 21
8 10
8 13
9 0
9 3
10 3
10 20
11 1
11 18
12 18
12 21
13 8
13 11
14 0
14 17
15 9
15 14
16 4
16 9
17 2
17 14
18 2
18 20
19 6
19 8
20 6
20 16
21 11
21 16

# solution 868
# n=22 sym=rot2 status=verified source=flammenkamp_cache/n22_rot2
# code=:9B4G2E7J6K4G9D6L0ADI3K1I38BL0F8C5H1F2E7J5HAC
0 9
0 11
1 4
1 16
2 2
2 14
3 7
3 19
4 6
4 20
5 4
5 16
6 9
6 13
7 6
7 21
8 0
8 10
9 13
9 18
10 3
10 20
11 1
11 18
12 3
12 8
13 11
13 21
14 0
14 15
15 8
15 12
16 5
16 17
17 1
17 15
18 2
18 14
19 7
19 19
20 5
20 17
21 10
21 12

# solution 869
# n=22 sym=rot2 status=verified source=flammenkamp_cache/n22_rot2
# code=:9A4J2D8G57AE4KFI9LFL3K1I060C361H7BEG5D8J2HBC
0 9
0 10
1 4
1 19
2 2
2 13
3 8
3 16
4 5
4 7
5 10
5 14
6 4
6 20
7 15
7 18
8 9
8 21
9 15
9 21
10 3
10 20
11 1
11 18
12 0
12 6
13 0
13 12
14 3
14 6
15 1
15 17
16 7
16 11
17 14
17 16
18 5
18 13
19 8
19 19
20 2
20 17
21 11
21 12

# solution 870
# n=22 sym=rot2 status=verified source=flammenkamp_cache/n22_rot2
# code=:4I9A78BFJL4I2L9E68GK15GK15DF7C0J3H026ADEBC3H
0 4
0 18
1 9
1 10
2 7
2 8
3 11
3 15
4 19
4 21
5 4
5 18
6 2
6 21
7 9
7 14
8 6
8 8
9 16
9 20
10 1
10 5
11 16
11 20
12 1
12 5
13 13
13 15
14 7
14 12
15 0
15 19
16 3
16 17
17 0
17 2
18 6
18 10
19 13
19 14
20 11
20 12
21 3
21 17

# solution 871
# n=22 sym=rot2 status=verified source=flammenkamp_cache/n22_rot2
# code=:7D5AFKBL5929EH4I28FI0K1L36DJ3H47CJCG0A16BG8E
0 7
0 13
1 5
1 10
2 15
2 20
3 11
3 21
4 5
4 9
5 2
5 9
6 14
6 17
7 4
7 18
8 2
8 8
9 15
9 18
10 0
10 20
11 1
11 21
12 3
12 6
13 13
13 19
14 3
14 17
15 4
15 7
16 12
16 19
17 12
17 16
18 0
18 10
19 1
19 6
20 11
20 16
21 8
21 14

# solution 872
# n=22 sym=rot2 status=verified source=flammenkamp_cache/n22_rot2
# code=:BC6H456E9J1JKL358E8A03ILBD7DGI012K2C7FGH4F9A
0 11
0 12
1 6
1 17
2 4
2 5
3 6
3 14
4 9
4 19
5 1
5 19
6 20
6 21
7 3
7 5
8 8
8 14
9 8
9 10
10 0
10 3
11 18
11 21
12 11
12 13
13 7
13 13
14 16
14 18
15 0
15 1
16 2
16 20
17 2
17 12
18 7
18 15
19 16
19 17
20 4
20 15
21 9
21 10

# solution 873
# n=22 sym=rot2 status=verified source=flammenkamp_cache/n22_rot2
# code=:6CFJ4G5B488E1J0KEIAC03IL9B371L2K7DDHAG5H269F
0 6
0 12
1 15
1 19
2 4
2 16
3 5
3 11
4 4
4 8
5 8
5 14
6 1
6 19
7 0
7 20
8 14
8 18
9 10
9 12
10 0
10 3
11 18
11 21
12 9
12 11
13 3
13 7
14 1
14 21
15 2
15 20
16 7
16 13
17 13
17 17
18 10
18 16
19 5
19 17
20 2
20 6
21 9
21 15

# solution 874
# n=22 sym=rot2 status=verified source=flammenkamp_cache/n22_rot2
# code=:6I9F4G5B488E1J0KEJAC03IL9B271L2K7DDHAG5H6C3F
0 6
0 18
1 9
1 15
2 4
2 16
3 5
3 11
4 4
4 8
5 8
5 14
6 1
6 19
7 0
7 20
8 14
8 19
9 10
9 12
10 0
10 3
11 18
11 21
12 9
12 11
13 2
13 7
14 1
14 21
15 2
15 20
16 7
16 13
17 13
17 17
18 10
18 16
19 5
19 17
20 6
20 12
21 3
21 15

# solution 875
# n=22 sym=rot2 status=verified source=flammenkamp_cache/n22_rot2
# code=:6C7D5F1429DJAG4I01AE03IL7BKL3H5B28CJHK6G8E9F
0 6
0 12
1 7
1 13
2 5
2 15
3 1
3 4
4 2
4 9
5 13
5 19
6 10
6 16
7 4
7 18
8 0
8 1
9 10
9 14
10 0
10 3
11 18
11 21
12 7
12 11
13 20
13 21
14 3
14 17
15 5
15 11
16 2
16 8
17 12
17 19
18 17
18 20
19 6
19 16
20 8
20 14
21 9
21 15

# solution 876
# n=22 sym=rot2 status=verified source=flammenkamp_cache/n22_rot2
# code=:8E57CH8CFH5K3JBJ1A6L03IL0FBK2A2I1G469D49EG7D
0 8
0 14
1 5
1 7
2 12
2 17
3 8
3 12
4 15
4 17
5 5
5 20
6 3
6 19
7 11
7 19
8 1
8 10
9 6
9 21
10 0
10 3
11 18
11 21
12 0
12 15
13 11
13 20
14 2
14 10
15 2
15 18
16 1
16 16
17 4
17 6
18 9
18 13
19 4
19 9
20 14
20 16
21 7
21 13

# solution 877
# n=22 sym=rot2 status=verified source=flammenkamp_cache/n22_rot2
# code=:CF9J258B1F1458EHAEIL03IL037B47DGHK6KADGJ2C69
0 12
0 15
1 9
1 19
2 2
2 5
3 8
3 11
4 1
4 15
5 1
5 4
6 5
6 8
7 14
7 17
8 10
8 14
9 18
9 21
10 0
10 3
11 18
11 21
12 0
12 3
13 7
13 11
14 4
14 7
15 13
15 16
16 17
16 20
17 6
17 20
18 10
18 13
19 16
19 19
20 2
20 12
21 6
21 9

# solution 878
# n=22 sym=rot2 status=verified source=flammenkamp_cache/n22_rot2
# code=:9F569H4B1G8JEJ138A0E03IL7LBDIK272D5KAH4CFG6C
0 9
0 15
1 5
1 6
2 9
2 17
3 4
3 11
4 1
4 16
5 8
5 19
6 14
6 19
7 1
7 3
8 8
8 10
9 0
9 14
10 0
10 3
11 18
11 21
12 7
12 21
13 11
13 13
14 18
14 20
15 2
15 7
16 2
16 13
17 5
17 20
18 10
18 17
19 4
19 12
20 15
20 16
21 6
21 12

# solution 879
# n=22 sym=rot2 status=verified source=flammenkamp_cache/n22_rot2
# code=:5BCE36BG2L27IK064D9H1D8K4C8HFL13EJ0J5AFI79AG
0 5
0 11
1 12
1 14
2 3
2 6
3 11
3 16
4 2
4 21
5 2
5 7
6 18
6 20
7 0
7 6
8 4
8 13
9 9
9 17
10 1
10 13
11 8
11 20
12 4
12 12
13 8
13 17
14 15
14 21
15 1
15 3
16 14
16 19
17 0
17 19
18 5
18 10
19 15
19 18
20 7
20 9
21 10
21 16

# solution 880
# n=22 sym=rot2 status=verified source=flammenkamp_cache/n22_rot2
# code=:FG7A6I9K2G7DHL2A9DHK03IL148CBJ048E5J1C3FBE56
0 15
0 16
1 7
1 10
2 6
2 18
3 9
3 20
4 2
4 16
5 7
5 13
6 17
6 21
7 2
7 10
8 9
8 13
9 17
9 20
10 0
10 3
11 18
11 21
12 1
12 4
13 8
13 12
14 11
14 19
15 0
15 4
16 8
16 14
17 5
17 19
18 1
18 12
19 3
19 15
20 11
20 14
21 5
21 6

# solution 881
# n=22 sym=rot2 status=verified source=flammenkamp_cache/n22_rot2
# code=:FG7ADH9F037HGK2A9D2K03IL1J8CBJ154EIL6C48BE56
0 15
0 16
1 7
1 10
2 13
2 17
3 9
3 15
4 0
4 3
5 7
5 17
6 16
6 20
7 2
7 10
8 9
8 13
9 2
9 20
10 0
10 3
11 18
11 21
12 1
12 19
13 8
13 12
14 11
14 19
15 1
15 5
16 4
16 14
17 18
17 21
18 6
18 12
19 4
19 8
20 11
20 14
21 5
21 6

# solution 882
# n=22 sym=rot2 status=verified source=flammenkamp_cache/n22_rot2
# code=:4B48EGBD5I069J3K2E9LFK160C7J1I2CFL3G8A57DHAH
0 4
0 11
1 4
1 8
2 14
2 16
3 11
3 13
4 5
4 18
5 0
5 6
6 9
6 19
7 3
7 20
8 2
8 14
9 9
9 21
10 15
10 20
11 1
11 6
12 0
12 12
13 7
13 19
14 1
14 18
15 2
15 12
16 15
16 21
17 3
17 16
18 8
18 10
19 5
19 7
20 13
20 17
21 10
21 17

# solution 883
# n=22 sym=rot2 status=verified source=flammenkamp_cache/n22_rot2
# code=:9B47GH9B8G23IJ0K68EK0F6L17DF1L23IJ5DAC45EHAC
0 9
0 11
1 4
1 7
2 16
2 17
3 9
3 11
4 8
4 16
5 2
5 3
6 18
6 19
7 0
7 20
8 6
8 8
9 14
9 20
10 0
10 15
11 6
11 21
12 1
12 7
13 13
13 15
14 1
14 21
15 2
15 3
16 18
16 19
17 5
17 13
18 10
18 12
19 4
19 5
20 14
20 17
21 10
21 12

# solution 884
# n=22 sym=rot2 status=verified source=flammenkamp_cache/n22_rot2
# code=:6B9JEKDG2K4G8B479LFI03IL360CEHAD5H1J58172CAF
0 6
0 11
1 9
1 19
2 14
2 20
3 13
3 16
4 2
4 20
5 4
5 16
6 8
6 11
7 4
7 7
8 9
8 21
9 15
9 18
10 0
10 3
11 18
11 21
12 3
12 6
13 0
13 12
14 14
14 17
15 10
15 13
16 5
16 17
17 1
17 19
18 5
18 8
19 1
19 7
20 2
20 12
21 10
21 15

# solution 885
# n=22 sym=rot2 status=verified source=flammenkamp_cache/n22_rot2
# code=:6B9JEKDG2K4GBD479LFI03IL360CEH8A5H1J58172CAF
0 6
0 11
1 9
1 19
2 14
2 20
3 13
3 16
4 2
4 20
5 4
5 16
6 11
6 13
7 4
7 7
8 9
8 21
9 15
9 18
10 0
10 3
11 18
11 21
12 3
12 6
13 0
13 12
14 14
14 17
15 8
15 10
16 5
16 17
17 1
17 19
18 5
18 8
19 1
19 7
20 2
20 12
21 10
21 15

# solution 886
# n=22 sym=rot2 status=verified source=flammenkamp_cache/n22_rot2
# code=:9C7F4HBG78BJ1G8F3J0K03IL1L2I6D5K2ADE5A4H6E9C
0 9
0 12
1 7
1 15
2 4
2 17
3 11
3 16
4 7
4 8
5 11
5 19
6 1
6 16
7 8
7 15
8 3
8 19
9 0
9 20
10 0
10 3
11 18
11 21
12 1
12 21
13 2
13 18
14 6
14 13
15 5
15 20
16 2
16 10
17 13
17 14
18 5
18 10
19 4
19 17
20 6
20 14
21 9
21 12

# solution 887
# n=22 sym=rot2 status=verified source=flammenkamp_cache/n22_rot2
# code=:BH4639BD0I2E8K5K0E9F5J2G6C7L1G1D7J3L8ACIFH4A
0 11
0 17
1 4
1 6
2 3
2 9
3 11
3 13
4 0
4 18
5 2
5 14
6 8
6 20
7 5
7 20
8 0
8 14
9 9
9 15
10 5
10 19
11 2
11 16
12 6
12 12
13 7
13 21
14 1
14 16
15 1
15 13
16 7
16 19
17 3
17 21
18 8
18 10
19 12
19 18
20 15
20 17
21 4
21 10

# solution 888
# n=22 sym=rot2 status=verified source=flammenkamp_cache/n22_rot2
# code=:8E56BC451HBJIJ891E6L03IL0F7KCD232A4KGH9AFG7D
0 8
0 14
1 5
1 6
2 11
2 12
3 4
3 5
4 1
4 17
5 11
5 19
6 18
6 19
7 8
7 9
8 1
8 14
9 6
9 21
10 0
10 3
11 18
11 21
12 0
12 15
13 7
13 20
14 12
14 13
15 2
15 3
16 2
16 10
17 4
17 20
18 16
18 17
19 9
19 10
20 15
20 16
21 7
21 13

# solution 889
# n=22 sym=rot2 status=verified source=flammenkamp_cache/n22_rot2
# code=:9B4H56BDIJ368KEK2E0905GLCL7J171DFI238AFG4HAC
0 9
0 11
1 4
1 17
2 5
2 6
3 11
3 13
4 18
4 19
5 3
5 6
6 8
6 20
7 14
7 20
8 2
8 14
9 0
9 9
10 0
10 5
11 16
11 21
12 12
12 21
13 7
13 19
14 1
14 7
15 1
15 13
16 15
16 18
17 2
17 3
18 8
18 10
19 15
19 16
20 4
20 17
21 10
21 12

# solution 890
# n=22 sym=rot2 status=verified source=flammenkamp_cache/n22_rot2
# code=:BC5E8BDJ134J1H79FG0603ILFL56CE4K2HIK28AD7G9A
0 11
0 12
1 5
1 14
2 8
2 11
3 13
3 19
4 1
4 3
5 4
5 19
6 1
6 17
7 7
7 9
8 15
8 16
9 0
9 6
10 0
10 3
11 18
11 21
12 15
12 21
13 5
13 6
14 12
14 14
15 4
15 20
16 2
16 17
17 18
17 20
18 2
18 8
19 10
19 13
20 7
20 16
21 9
21 10

# solution 891
# n=22 sym=rot2 status=verified source=flammenkamp_cache/n22_rot2
# code=:BH4A7G9F8G232LDE691K03IL1KCF780JIJ5D6C5EBH4A
0 11
0 17
1 4
1 10
2 7
2 16
3 9
3 15
4 8
4 16
5 2
5 3
6 2
6 21
7 13
7 14
8 6
8 9
9 1
9 20
10 0
10 3
11 18
11 21
12 1
12 20
13 12
13 15
14 7
14 8
15 0
15 19
16 18
16 19
17 5
17 13
18 6
18 12
19 5
19 14
20 11
20 17
21 4
21 10

# solution 892
# n=22 sym=rot2 status=verified source=flammenkamp_cache/n22_rot2
# code=:59DJBF4G6812EK4E0I9A3L0IBC3L7H17JKDF5H6A28CG
0 5
0 9
1 13
1 19
2 11
2 15
3 4
3 16
4 6
4 8
5 1
5 2
6 14
6 20
7 4
7 14
8 0
8 18
9 9
9 10
10 3
10 21
11 0
11 18
12 11
12 12
13 3
13 21
14 7
14 17
15 1
15 7
16 19
16 20
17 13
17 15
18 5
18 17
19 6
19 10
20 2
20 8
21 12
21 16

# solution 893
# n=22 sym=rot2 status=verified source=flammenkamp_cache/n22_rot2
# code=:AD67359B2GEK4K28FI09HL04CL36DJ1H175JACGIEF8B
0 10
0 13
1 6
1 7
2 3
2 5
3 9
3 11
4 2
4 16
5 14
5 20
6 4
6 20
7 2
7 8
8 15
8 18
9 0
9 9
10 17
10 21
11 0
11 4
12 12
12 21
13 3
13 6
14 13
14 19
15 1
15 17
16 1
16 7
17 5
17 19
18 10
18 12
19 16
19 18
20 14
20 15
21 8
21 11

# solution 894
# n=22 sym=rot2 status=verified source=flammenkamp_cache/n22_rot2
# code=:5ACF68BH582EIJ0KEI491L0KCH371L237JDG4ADF69BG
0 5
0 10
1 12
1 15
2 6
2 8
3 11
3 17
4 5
4 8
5 2
5 14
6 18
6 19
7 0
7 20
8 14
8 18
9 4
9 9
10 1
10 21
11 0
11 20
12 12
12 17
13 3
13 7
14 1
14 21
15 2
15 3
16 7
16 19
17 13
17 16
18 4
18 10
19 13
19 15
20 6
20 9
21 11
21 16

# solution 895
# n=22 sym=rot2 status=verified source=flammenkamp_cache/n22_rot2
# code=:5ACF68BH582E3J0KEI491L0KCH371L2I7JDG4ADF69BG
0 5
0 10
1 12
1 15
2 6
2 8
3 11
3 17
4 5
4 8
5 2
5 14
6 3
6 19
7 0
7 20
8 14
8 18
9 4
9 9
10 1
10 21
11 0
11 20
12 12
12 17
13 3
13 7
14 1
14 21
15 2
15 18
16 7
16 19
17 13
17 16
18 4
18 10
19 13
19 15
20 6
20 9
21 11
21 16

# solution 896
# n=22 sym=rot2 status=verified source=flammenkamp_cache/n22_rot2
# code=:1ACF68BH582EIJ05EI491L0KCH37GL237JDG4ADF69BK
0 1
0 10
1 12
1 15
2 6
2 8
3 11
3 17
4 5
4 8
5 2
5 14
6 18
6 19
7 0
7 5
8 14
8 18
9 4
9 9
10 1
10 21
11 0
11 20
12 12
12 17
13 3
13 7
14 16
14 21
15 2
15 3
16 7
16 19
17 13
17 16
18 4
18 10
19 13
19 15
20 6
20 9
21 11
21 20

# solution 897
# n=22 sym=rot2 status=verified source=flammenkamp_cache/n22_rot2
# code=:6EEIBDHL12691J5D4GAC3L0I9B5H8G2KCFJK048A377F
0 6
0 14
1 14
1 18
2 11
2 13
3 17
3 21
4 1
4 2
5 6
5 9
6 1
6 19
7 5
7 13
8 4
8 16
9 10
9 12
10 3
10 21
11 0
11 18
12 9
12 11
13 5
13 17
14 8
14 16
15 2
15 20
16 12
16 15
17 19
17 20
18 0
18 4
19 8
19 10
20 3
20 7
21 7
21 15

# solution 898
# n=22 sym=rot2 status=verified source=flammenkamp_cache/n22_rot2
# code=:FI8E8E4B6GGJ1J190C4A3L0IBH9LCK2K255FAH7D7D36
0 15
0 18
1 8
1 14
2 8
2 14
3 4
3 11
4 6
4 16
5 16
5 19
6 1
6 19
7 1
7 9
8 0
8 12
9 4
9 10
10 3
10 21
11 0
11 18
12 11
12 17
13 9
13 21
14 12
14 20
15 2
15 20
16 2
16 5
17 5
17 15
18 10
18 17
19 7
19 13
20 7
20 13
21 3
21 6

# solution 899
# n=22 sym=rot2 status=verified source=flammenkamp_cache/n22_rot2
# code=:FHIKCD57680HCKAJ5E2A3L0IBJ7G2B194LDFEG891346
0 15
0 17
1 18
1 20
2 12
2 13
3 5
3 7
4 6
4 8
5 0
5 17
6 12
6 20
7 10
7 19
8 5
8 14
9 2
9 10
10 3
10 21
11 0
11 18
12 11
12 19
13 7
13 16
14 2
14 11
15 1
15 9
16 4
16 21
17 13
17 15
18 14
18 16
19 8
19 9
20 1
20 3
21 4
21 6

# solution 900
# n=22 sym=rot2 status=verified source=flammenkamp_cache/n22_rot2
# code=:DK47DF6C3JBC1G7J4A053L0IGLBH2E5K9A2I9F68EH18
0 13
0 20
1 4
1 7
2 13
2 15
3 6
3 12
4 3
4 19
5 11
5 12
6 1
6 16
7 7
7 19
8 4
8 10
9 0
9 5
10 3
10 21
11 0
11 18
12 16
12 21
13 11
13 17
14 2
14 14
15 5
15 20
16 9
16 10
17 2
17 18
18 9
18 15
19 6
19 8
20 14
20 17
21 1
21 8

# solution 901
# n=22 sym=rot2 status=verified source=flammenkamp_cache/n22_rot2
# code=:8A571C6F1HCH0J573JAD3L0I8B2IEG2L494K6F9KEGBD
0 8
0 10
1 5
1 7
2 1
2 12
3 6
3 15
4 1
4 17
5 12
5 17
6 0
6 19
7 5
7 7
8 3
8 19
9 10
9 13
10 3
10 21
11 0
11 18
12 8
12 11
13 2
13 18
14 14
14 16
15 2
15 21
16 4
16 9
17 4
17 20
18 6
18 15
19 9
19 20
20 14
20 16
21 11
21 13

# solution 902
# n=22 sym=rot2 status=verified source=flammenkamp_cache/n22_rot2
# code=:7F7BCI46CD4J02GK8A5K3L0I1GBD15JL2H89FH39AE6E
0 7
0 15
1 7
1 11
2 12
2 18
3 4
3 6
4 12
4 13
5 4
5 19
6 0
6 2
7 16
7 20
8 8
8 10
9 5
9 20
10 3
10 21
11 0
11 18
12 1
12 16
13 11
13 13
14 1
14 5
15 19
15 21
16 2
16 17
17 8
17 9
18 15
18 17
19 3
19 9
20 10
20 14
21 6
21 14

# solution 903
# n=22 sym=rot2 status=verified source=flammenkamp_cache/n22_rot2
# code=:AH8C5CBH5F1LJL6E8E3I12JK3I7D7F020K6G4A9G9D4B
0 10
0 17
1 8
1 12
2 5
2 12
3 11
3 17
4 5
4 15
5 1
5 21
6 19
6 21
7 6
7 14
8 8
8 14
9 3
9 18
10 1
10 2
11 19
11 20
12 3
12 18
13 7
13 13
14 7
14 15
15 0
15 2
16 0
16 20
17 6
17 16
18 4
18 10
19 9
19 16
20 9
20 13
21 4
21 11

# solution 904
# n=22 sym=rot2 status=verified source=flammenkamp_cache/n22_rot2
# code=:CE4AFHCI288FGK1J07AG3L0I5BEL2K156DDJ3946BH79
0 12
0 14
1 4
1 10
2 15
2 17
3 12
3 18
4 2
4 8
5 8
5 15
6 16
6 20
7 1
7 19
8 0
8 7
9 10
9 16
10 3
10 21
11 0
11 18
12 5
12 11
13 14
13 21
14 2
14 20
15 1
15 5
16 6
16 13
17 13
17 19
18 3
18 9
19 4
19 6
20 11
20 17
21 7
21 9

# solution 905
# n=22 sym=rot2 status=verified source=flammenkamp_cache/n22_rot2
# code=:CF9D4K7B8J045K2IAEFG3L0I567B3J1GHL2DAE1H8C69
0 12
0 15
1 9
1 13
2 4
2 20
3 7
3 11
4 8
4 19
5 0
5 4
6 5
6 20
7 2
7 18
8 10
8 14
9 15
9 16
10 3
10 21
11 0
11 18
12 5
12 6
13 7
13 11
14 3
14 19
15 1
15 16
16 17
16 21
17 2
17 13
18 10
18 14
19 1
19 17
20 8
20 12
21 6
21 9

# solution 906
# n=22 sym=rot2 status=verified source=flammenkamp_cache/n22_rot2
# code=:5A3H8CBF7CGI7J128F0L1H4K0L6DJK2E359E6A9D4IBG
0 5
0 10
1 3
1 17
2 8
2 12
3 11
3 15
4 7
4 12
5 16
5 18
6 7
6 19
7 1
7 2
8 8
8 15
9 0
9 21
10 1
10 17
11 4
11 20
12 0
12 21
13 6
13 13
14 19
14 20
15 2
15 14
16 3
16 5
17 9
17 14
18 6
18 10
19 9
19 13
20 4
20 18
21 11
21 16

# solution 907
# n=22 sym=rot2 status=verified source=flammenkamp_cache/n22_rot2
# code=:BD7HDF5K67CH0K235C0A2I3JBL9GIJ1L49EF1G684E8A
0 11
0 13
1 7
1 17
2 13
2 15
3 5
3 20
4 6
4 7
5 12
5 17
6 0
6 20
7 2
7 3
8 5
8 12
9 0
9 10
10 2
10 18
11 3
11 19
12 11
12 21
13 9
13 16
14 18
14 19
15 1
15 21
16 4
16 9
17 14
17 15
18 1
18 16
19 6
19 8
20 4
20 14
21 8
21 10

# solution 908
# n=22 sym=rot2 status=verified source=flammenkamp_cache/n22_rot2
# code=:4EEG9F6L9I245A1DADKL2I3J018B8KBGHJ3C0F6C577H
0 4
0 14
1 14
1 16
2 9
2 15
3 6
3 21
4 9
4 18
5 2
5 4
6 5
6 10
7 1
7 13
8 10
8 13
9 20
9 21
10 2
10 18
11 3
11 19
12 0
12 1
13 8
13 11
14 8
14 20
15 11
15 16
16 17
16 19
17 3
17 12
18 0
18 15
19 6
19 12
20 5
20 7
21 7
21 17

# solution 909
# n=22 sym=rot2 status=verified source=flammenkamp_cache/n22_rot2
# code=:9B15FHAD2K7G3LDL9E462I3JFH7C080I5E1J8B46GKAC
0 9
0 11
1 1
1 5
2 15
2 17
3 10
3 13
4 2
4 20
5 7
5 16
6 3
6 21
7 13
7 21
8 9
8 14
9 4
9 6
10 2
10 18
11 3
11 19
12 15
12 17
13 7
13 12
14 0
14 8
15 0
15 18
16 5
16 14
17 1
17 19
18 8
18 11
19 4
19 6
20 16
20 20
21 10
21 12

# solution 910
# n=22 sym=rot2 status=verified source=flammenkamp_cache/n22_rot2
# code=:FH6A4E198I9G5J0K08AEIJ237BDL1L2G5C3DCK7HBF46
0 15
0 17
1 6
1 10
2 4
2 14
3 1
3 9
4 8
4 18
5 9
5 16
6 5
6 19
7 0
7 20
8 0
8 8
9 10
9 14
10 18
10 19
11 2
11 3
12 7
12 11
13 13
13 21
14 1
14 21
15 2
15 16
16 5
16 12
17 3
17 13
18 12
18 20
19 7
19 17
20 11
20 15
21 4
21 6

# solution 911
# n=22 sym=rot2 status=verified source=flammenkamp_cache/n22_rot2
# code=:AC5659FH1E032HDL78AKIJ231BDE084JIL7K46CGFG9B
0 10
0 12
1 5
1 6
2 5
2 9
3 15
3 17
4 1
4 14
5 0
5 3
6 2
6 17
7 13
7 21
8 7
8 8
9 10
9 20
10 18
10 19
11 2
11 3
12 1
12 11
13 13
13 14
14 0
14 8
15 4
15 19
16 18
16 21
17 7
17 20
18 4
18 6
19 12
19 16
20 15
20 16
21 9
21 11

# solution 912
# n=22 sym=rot2 status=verified source=flammenkamp_cache/n22_rot2
# code=:9B5E9LEI258H6L1D461AIJ23BKFH8K0F4DGJ370C7GAC
0 9
0 11
1 5
1 14
2 9
2 21
3 14
3 18
4 2
4 5
5 8
5 17
6 6
6 21
7 1
7 13
8 4
8 6
9 1
9 10
10 18
10 19
11 2
11 3
12 11
12 20
13 15
13 17
14 8
14 20
15 0
15 15
16 4
16 13
17 16
17 19
18 3
18 7
19 0
19 12
20 7
20 16
21 10
21 12

# solution 913
# n=22 sym=rot2 status=verified source=flammenkamp_cache/n22_rot2
# code=:HJ673DCH15CD6A1L5A7LIJ230EBG0KBF89GK498IEF24
0 17
0 19
1 6
1 7
2 3
2 13
3 12
3 17
4 1
4 5
5 12
5 13
6 6
6 10
7 1
7 21
8 5
8 10
9 7
9 21
10 18
10 19
11 2
11 3
12 0
12 14
13 11
13 16
14 0
14 20
15 11
15 15
16 8
16 9
17 16
17 20
18 4
18 9
19 8
19 18
20 14
20 15
21 2
21 4

# solution 914
# n=22 sym=rot2 status=verified source=flammenkamp_cache/n22_rot2
# code=:4CCF5827IKAL5H17AD06IJ23FL8BEK4G0B13EJDG699H
0 4
0 12
1 12
1 15
2 5
2 8
3 2
3 7
4 18
4 20
5 10
5 21
6 5
6 17
7 1
7 7
8 10
8 13
9 0
9 6
10 18
10 19
11 2
11 3
12 15
12 21
13 8
13 11
14 14
14 20
15 4
15 16
16 0
16 11
17 1
17 3
18 14
18 19
19 13
19 16
20 6
20 9
21 9
21 17

# solution 915
# n=22 sym=rot2 status=verified source=flammenkamp_cache/n22_rot2
# code=:9HCG588H3F7BKL27AF1LIJ230K6BEJ01AE6I4DDG594C
0 9
0 17
1 12
1 16
2 5
2 8
3 8
3 17
4 3
4 15
5 7
5 11
6 20
6 21
7 2
7 7
8 10
8 15
9 1
9 21
10 18
10 19
11 2
11 3
12 0
12 20
13 6
13 11
14 14
14 19
15 0
15 1
16 10
16 14
17 6
17 18
18 4
18 13
19 13
19 16
20 5
20 9
21 4
21 12

# solution 916
# n=22 sym=rot2 status=verified source=flammenkamp_cache/n22_rot2
# code=:5A6E1H6CEI49DK0J5ADLIJ2308BG2L18CH379F4K7FBG
0 5
0 10
1 6
1 14
2 1
2 17
3 6
3 12
4 14
4 18
5 4
5 9
6 13
6 20
7 0
7 19
8 5
8 10
9 13
9 21
10 18
10 19
11 2
11 3
12 0
12 8
13 11
13 16
14 2
14 21
15 1
15 8
16 12
16 17
17 3
17 7
18 9
18 15
19 4
19 20
20 7
20 15
21 11
21 16

# solution 917
# n=22 sym=rot2 status=verified source=flammenkamp_cache/n22_rot2
# code=:7ADE39DG694GKL124AFLIJ2306BHJK015HCF58CI78BE
0 7
0 10
1 13
1 14
2 3
2 9
3 13
3 16
4 6
4 9
5 4
5 16
6 20
6 21
7 1
7 2
8 4
8 10
9 15
9 21
10 18
10 19
11 2
11 3
12 0
12 6
13 11
13 17
14 19
14 20
15 0
15 1
16 5
16 17
17 12
17 15
18 5
18 8
19 12
19 18
20 7
20 8
21 11
21 14

# solution 918
# n=22 sym=rot2 status=verified source=flammenkamp_cache/n22_rot2
# code=:BC679I7D140GDJGH6A1LIJ230KBF45285LHK8E3CEF9A
0 11
0 12
1 6
1 7
2 9
2 18
3 7
3 13
4 1
4 4
5 0
5 16
6 13
6 19
7 16
7 17
8 6
8 10
9 1
9 21
10 18
10 19
11 2
11 3
12 0
12 20
13 11
13 15
14 4
14 5
15 2
15 8
16 5
16 21
17 17
17 20
18 8
18 14
19 3
19 12
20 14
20 15
21 9
21 10

# solution 919
# n=22 sym=rot2 status=verified source=flammenkamp_cache/n22_rot2
# code=:6D6G9ADK0K9H35AHEJ0EIJ237L274BGI4C1L18BC5F8F
0 6
0 13
1 6
1 16
2 9
2 10
3 13
3 20
4 0
4 20
5 9
5 17
6 3
6 5
7 10
7 17
8 14
8 19
9 0
9 14
10 18
10 19
11 2
11 3
12 7
12 21
13 2
13 7
14 4
14 11
15 16
15 18
16 4
16 12
17 1
17 21
18 1
18 8
19 11
19 12
20 5
20 15
21 8
21 15

# solution 920
# n=22 sym=rot2 status=verified source=flammenkamp_cache/n22_rot2
# code=:AE685C15FH1LHJ8B0E9I23IJ3C7LAD240K46GK9GDF7B
0 10
0 14
1 6
1 8
2 5
2 12
3 1
3 5
4 15
4 17
5 1
5 21
6 17
6 19
7 8
7 11
8 0
8 14
9 9
9 18
10 2
10 3
11 18
11 19
12 3
12 12
13 7
13 21
14 10
14 13
15 2
15 4
16 0
16 20
17 4
17 6
18 16
18 20
19 9
19 16
20 13
20 15
21 7
21 11

# solution 921
# n=22 sym=rot2 status=verified source=flammenkamp_cache/n22_rot2
# code=:6ADE06GH8E24BK1C59ILIJ2303CG9K1AHJ7D45FL78BF
0 6
0 10
1 13
1 14
2 0
2 6
3 16
3 17
4 8
4 14
5 2
5 4
6 11
6 20
7 1
7 12
8 5
8 9
9 18
9 21
10 18
10 19
11 2
11 3
12 0
12 3
13 12
13 16
14 9
14 20
15 1
15 10
16 17
16 19
17 7
17 13
18 4
18 5
19 15
19 21
20 7
20 8
21 11
21 15

# solution 922
# n=22 sym=rot2 status=verified source=flammenkamp_cache/n22_rot2
# code=:7J35AF0ACF7G3L1H89DJ14HK28CD4K0I5E69BL6BGI2E
0 7
0 19
1 3
1 5
2 10
2 15
3 0
3 10
4 12
4 15
5 7
5 16
6 3
6 21
7 1
7 17
8 8
8 9
9 13
9 19
10 1
10 4
11 17
11 20
12 2
12 8
13 12
13 13
14 4
14 20
15 0
15 18
16 5
16 14
17 6
17 9
18 11
18 21
19 6
19 11
20 16
20 18
21 2
21 14

# solution 923
# n=22 sym=rot2 status=verified source=flammenkamp_cache/n22_rot2
# code=:2G37AIACFLEF1J481D5904HLCG8KDH2K67069B3BEI5J
0 2
0 16
1 3
1 7
2 10
2 18
3 10
3 12
4 15
4 21
5 14
5 15
6 1
6 19
7 4
7 8
8 1
8 13
9 5
9 9
10 0
10 4
11 17
11 21
12 12
12 16
13 8
13 20
14 13
14 17
15 2
15 20
16 6
16 7
17 0
17 6
18 9
18 11
19 3
19 11
20 14
20 18
21 5
21 19

# solution 924
# n=22 sym=rot2 status=verified source=flammenkamp_cache/n22_rot2
# code=:9G4I3A8A05EH8KEF2J9FKL016C2J671D47GLBDBI3H5C
0 9
0 16
1 4
1 18
2 3
2 10
3 8
3 10
4 0
4 5
5 14
5 17
6 8
6 20
7 14
7 15
8 2
8 19
9 9
9 15
10 20
10 21
11 0
11 1
12 6
12 12
13 2
13 19
14 6
14 7
15 1
15 13
16 4
16 7
17 16
17 21
18 11
18 13
19 11
19 18
20 3
20 17
21 5
21 12

# solution 925
# n=22 sym=rot2 status=verified source=flammenkamp_cache/n22_rot2
# code=:89FJ5A8A35IL4J4EEK9F0K1L6C177H2H03GIBDBG26CD
0 8
0 9
1 15
1 19
2 5
2 10
3 8
3 10
4 3
4 5
5 18
5 21
6 4
6 19
7 4
7 14
8 14
8 20
9 9
9 15
10 0
10 20
11 1
11 21
12 6
12 12
13 1
13 7
14 7
14 17
15 2
15 17
16 0
16 3
17 16
17 18
18 11
18 13
19 11
19 16
20 2
20 6
21 12
21 13

# solution 926
# n=22 sym=rot2 status=verified source=flammenkamp_cache/n22_rot2
# code=:AHBDEH39061J5KDE9G06IJ23FL5C781G2KFLCI478A4B
0 10
0 17
1 11
1 13
2 14
2 17
3 3
3 9
4 0
4 6
5 1
5 19
6 5
6 20
7 13
7 14
8 9
8 16
9 0
9 6
10 18
10 19
11 2
11 3
12 15
12 21
13 5
13 12
14 7
14 8
15 1
15 16
16 2
16 20
17 15
17 21
18 12
18 18
19 4
19 7
20 8
20 10
21 4
21 11

# solution 927
# n=22 sym=rot2 status=verified source=flammenkamp_cache/n22_rot2
# code=:29GH7DEK9G2606BDILAH1I3K4B038AFLFJ5C178E45CJ
0 2
0 9
1 16
1 17
2 7
2 13
3 14
3 20
4 9
4 16
5 2
5 6
6 0
6 6
7 11
7 13
8 18
8 21
9 10
9 17
10 1
10 18
11 3
11 20
12 4
12 11
13 0
13 3
14 8
14 10
15 15
15 21
16 15
16 19
17 5
17 12
18 1
18 7
19 8
19 14
20 4
20 5
21 12
21 19

# solution 928
# n=22 sym=rot2 status=verified source=flammenkamp_cache/n22_rot2
# code=:587C4FAG7J2C6KDHAI0L1I3K0L3B481F9J2E5B6H9EDG
0 5
0 8
1 7
1 12
2 4
2 15
3 10
3 16
4 7
4 19
5 2
5 12
6 6
6 20
7 13
7 17
8 10
8 18
9 0
9 21
10 1
10 18
11 3
11 20
12 0
12 21
13 3
13 11
14 4
14 8
15 1
15 15
16 9
16 19
17 2
17 14
18 5
18 11
19 6
19 17
20 9
20 14
21 13
21 16

# solution 929
# n=22 sym=rot2 status=verified source=flammenkamp_cache/n22_rot2
# code=:FH8FBJ5A8E4JGL79391L1I3K0KCICE052H7DBG2A6D46
0 15
0 17
1 8
1 15
2 11
2 19
3 5
3 10
4 8
4 14
5 4
5 19
6 16
6 21
7 7
7 9
8 3
8 9
9 1
9 21
10 1
10 18
11 3
11 20
12 0
12 20
13 12
13 18
14 12
14 14
15 0
15 5
16 2
16 17
17 7
17 13
18 11
18 16
19 2
19 10
20 6
20 13
21 4
21 6

# solution 930
# n=22 sym=rot2 status=verified source=flammenkamp_cache/n22_rot2
# code=:5B8CFGBL8I2H47EK29061I3KFLCJ17EH4J3D0A569DAG
0 5
0 11
1 8
1 12
2 15
2 16
3 11
3 21
4 8
4 18
5 2
5 17
6 4
6 7
7 14
7 20
8 2
8 9
9 0
9 6
10 1
10 18
11 3
11 20
12 15
12 21
13 12
13 19
14 1
14 7
15 14
15 17
16 4
16 19
17 3
17 13
18 0
18 10
19 5
19 6
20 9
20 13
21 10
21 16

# solution 931
# n=22 sym=rot2 status=verified source=flammenkamp_cache/n22_rot2
# code=:49FH7BDG27035LDFJKACIK139B12680GILEJ58AE46CH
0 4
0 9
1 15
1 17
2 7
2 11
3 13
3 16
4 2
4 7
5 0
5 3
6 5
6 21
7 13
7 15
8 19
8 20
9 10
9 12
10 18
10 20
11 1
11 3
12 9
12 11
13 1
13 2
14 6
14 8
15 0
15 16
16 18
16 21
17 14
17 19
18 5
18 8
19 10
19 14
20 4
20 6
21 12
21 17

# solution 932
# n=22 sym=rot2 status=verified source=flammenkamp_cache/n22_rot2
# code=:69HJ57CG061B8E04IJ8AIK13BD23HL7DAKFL59EG24CF
0 6
0 9
1 17
1 19
2 5
2 7
3 12
3 16
4 0
4 6
5 1
5 11
6 8
6 14
7 0
7 4
8 18
8 19
9 8
9 10
10 18
10 20
11 1
11 3
12 11
12 13
13 2
13 3
14 17
14 21
15 7
15 13
16 10
16 20
17 15
17 21
18 5
18 9
19 14
19 16
20 2
20 4
21 12
21 15

# solution 933
# n=22 sym=rot2 status=verified source=flammenkamp_cache/n22_rot2
# code=:6CHJ57CG061B8E04IJ8AIK13BD23HL7DAKFL59EG249F
0 6
0 12
1 17
1 19
2 5
2 7
3 12
3 16
4 0
4 6
5 1
5 11
6 8
6 14
7 0
7 4
8 18
8 19
9 8
9 10
10 18
10 20
11 1
11 3
12 11
12 13
13 2
13 3
14 17
14 21
15 7
15 13
16 10
16 20
17 15
17 21
18 5
18 9
19 14
19 16
20 2
20 4
21 9
21 15

# solution 934
# n=22 sym=rot2 status=verified source=flammenkamp_cache/n22_rot2
# code=:69DGBDEG2602EK044I9AIK13BC3HHL17JLFJ578A58CF
0 6
0 9
1 13
1 16
2 11
2 13
3 14
3 16
4 2
4 6
5 0
5 2
6 14
6 20
7 0
7 4
8 4
8 18
9 9
9 10
10 18
10 20
11 1
11 3
12 11
12 12
13 3
13 17
14 17
14 21
15 1
15 7
16 19
16 21
17 15
17 19
18 5
18 7
19 8
19 10
20 5
20 8
21 12
21 15

# solution 935
# n=22 sym=rot2 status=verified source=flammenkamp_cache/n22_rot2
# code=:9D6C27DF2I7H0K04BG5AIK13BG5AHL1L4E3J68EJ9F8C
0 9
0 13
1 6
1 12
2 2
2 7
3 13
3 15
4 2
4 18
5 7
5 17
6 0
6 20
7 0
7 4
8 11
8 16
9 5
9 10
10 18
10 20
11 1
11 3
12 11
12 16
13 5
13 10
14 17
14 21
15 1
15 21
16 4
16 14
17 3
17 19
18 6
18 8
19 14
19 19
20 9
20 15
21 8
21 12

# solution 936
# n=22 sym=rot2 status=verified source=flammenkamp_cache/n22_rot2
# code=:5D299F5F2EEH0A0I48AKIK131BDH3LBL477J6G6CCJ8G
0 5
0 13
1 2
1 9
2 9
2 15
3 5
3 15
4 2
4 14
5 14
5 17
6 0
6 10
7 0
7 18
8 4
8 8
9 10
9 20
10 18
10 20
11 1
11 3
12 1
12 11
13 13
13 17
14 3
14 21
15 11
15 21
16 4
16 7
17 7
17 19
18 6
18 16
19 6
19 12
20 12
20 19
21 8
21 16

# solution 937
# n=22 sym=rot2 status=verified source=flammenkamp_cache/n22_rot2
# code=:6IBE58EH6C125HJLAC08IK13DL9B024GJK9F47DG7A3F
0 6
0 18
1 11
1 14
2 5
2 8
3 14
3 17
4 6
4 12
5 1
5 2
6 5
6 17
7 19
7 21
8 10
8 12
9 0
9 8
10 18
10 20
11 1
11 3
12 13
12 21
13 9
13 11
14 0
14 2
15 4
15 16
16 19
16 20
17 9
17 15
18 4
18 7
19 13
19 16
20 7
20 10
21 3
21 15

# solution 938
# n=22 sym=rot2 status=verified source=flammenkamp_cache/n22_rot2
# code=:7A9C0G6HDJ6G37JKAHDLIK13084B12EI5F284F5L9CBE
0 7
0 10
1 9
1 12
2 0
2 16
3 6
3 17
4 13
4 19
5 6
5 16
6 3
6 7
7 19
7 20
8 10
8 17
9 13
9 21
10 18
10 20
11 1
11 3
12 0
12 8
13 4
13 11
14 1
14 2
15 14
15 18
16 5
16 15
17 2
17 8
18 4
18 15
19 5
19 21
20 9
20 12
21 11
21 14

# solution 939
# n=22 sym=rot2 status=verified source=flammenkamp_cache/n22_rot2
# code=:495LDGAE296IDE142A6LIK130FBJHK783FCJ7B580GCH
0 4
0 9
1 5
1 21
2 13
2 16
3 10
3 14
4 2
4 9
5 6
5 18
6 13
6 14
7 1
7 4
8 2
8 10
9 6
9 21
10 18
10 20
11 1
11 3
12 0
12 15
13 11
13 19
14 17
14 20
15 7
15 8
16 3
16 15
17 12
17 19
18 7
18 11
19 5
19 8
20 0
20 16
21 12
21 17

# solution 940
# n=22 sym=rot2 status=verified source=flammenkamp_cache/n22_rot2
# code=:5DAE395FEJ2L4FAL491DIK138KCH0B6H0J276GCI7B8G
0 5
0 13
1 10
1 14
2 3
2 9
3 5
3 15
4 14
4 19
5 2
5 21
6 4
6 15
7 10
7 21
8 4
8 9
9 1
9 13
10 18
10 20
11 1
11 3
12 8
12 20
13 12
13 17
14 0
14 11
15 6
15 17
16 0
16 19
17 2
17 7
18 6
18 16
19 12
19 18
20 7
20 11
21 8
21 16

# solution 941
# n=22 sym=rot2 status=verified source=flammenkamp_cache/n22_rot2
# code=:AD6H7D3C7JCH0K6A2G5LIK130G5JBF1L492E9I8E4F8B
0 10
0 13
1 6
1 17
2 7
2 13
3 3
3 12
4 7
4 19
5 12
5 17
6 0
6 20
7 6
7 10
8 2
8 16
9 5
9 21
10 18
10 20
11 1
11 3
12 0
12 16
13 5
13 19
14 11
14 15
15 1
15 21
16 4
16 9
17 2
17 14
18 9
18 18
19 8
19 14
20 4
20 15
21 8
21 11

# solution 942
# n=22 sym=rot2 status=verified source=flammenkamp_cache/n22_rot2
# code=:5D12FH9A27EL9A8H035FIK136GIL4DBC07EJBC46JK8G
0 5
0 13
1 1
1 2
2 15
2 17
3 9
3 10
4 2
4 7
5 14
5 21
6 9
6 10
7 8
7 17
8 0
8 3
9 5
9 15
10 18
10 20
11 1
11 3
12 6
12 16
13 18
13 21
14 4
14 13
15 11
15 12
16 0
16 7
17 14
17 19
18 11
18 12
19 4
19 6
20 19
20 20
21 8
21 16

# solution 943
# n=22 sym=rot2 status=verified source=flammenkamp_cache/n22_rot2
# code=:9C6A4G4A25IJDE138EKL6L0F017DIK7823GJBH5HBF9C
0 9
0 12
1 6
1 10
2 4
2 16
3 4
3 10
4 2
4 5
5 18
5 19
6 13
6 14
7 1
7 3
8 8
8 14
9 20
9 21
10 6
10 21
11 0
11 15
12 0
12 1
13 7
13 13
14 18
14 20
15 7
15 8
16 2
16 3
17 16
17 19
18 11
18 17
19 5
19 17
20 11
20 15
21 9
21 12

# solution 944
# n=22 sym=rot2 status=verified source=flammenkamp_cache/n22_rot2
# code=:7ADF4H7A5K2G2LCI89FLIK1306CD390J5J1GBE4H68BE
0 7
0 10
1 13
1 15
2 4
2 17
3 7
3 10
4 5
4 20
5 2
5 16
6 2
6 21
7 12
7 18
8 8
8 9
9 15
9 21
10 18
10 20
11 1
11 3
12 0
12 6
13 12
13 13
14 3
14 9
15 0
15 19
16 5
16 19
17 1
17 16
18 11
18 14
19 4
19 17
20 6
20 8
21 11
21 14

# solution 945
# n=22 sym=rot2 status=verified source=flammenkamp_cache/n22_rot2
# code=:BF780H5A0FHJ1E8J359CIK139CGI2D7K246LBG4LDE6A
0 11
0 15
1 7
1 8
2 0
2 17
3 5
3 10
4 0
4 15
5 17
5 19
6 1
6 14
7 8
7 19
8 3
8 5
9 9
9 12
10 18
10 20
11 1
11 3
12 9
12 12
13 16
13 18
14 2
14 13
15 7
15 20
16 2
16 4
17 6
17 21
18 11
18 16
19 4
19 21
20 13
20 14
21 6
21 10

# solution 946
# n=22 sym=rot2 status=verified source=flammenkamp_cache/n22_rot2
# code=:45AL5EAD2J1D496KEF390I3LCI671FCH8K2J8B7G0BGH
0 4
0 5
1 10
1 21
2 5
2 14
3 10
3 13
4 2
4 19
5 1
5 13
6 4
6 9
7 6
7 20
8 14
8 15
9 3
9 9
10 0
10 18
11 3
11 21
12 12
12 18
13 6
13 7
14 1
14 15
15 12
15 17
16 8
16 20
17 2
17 19
18 8
18 11
19 7
19 16
20 0
20 11
21 16
21 17

# solution 947
# n=22 sym=rot2 status=verified source=flammenkamp_cache/n22_rot2
# code=:785ABH0F2I791L4D9JFGIK13562C8H0KCE3J6L4ABGDE
0 7
0 8
1 5
1 10
2 11
2 17
3 0
3 15
4 2
4 18
5 7
5 9
6 1
6 21
7 4
7 13
8 9
8 19
9 15
9 16
10 18
10 20
11 1
11 3
12 5
12 6
13 2
13 12
14 8
14 17
15 0
15 20
16 12
16 14
17 3
17 19
18 6
18 21
19 4
19 10
20 11
20 16
21 13
21 14

# solution 948
# n=22 sym=rot2 status=verified source=flammenkamp_cache/n22_rot2
# code=:7D5ABH0F2I791L4D9JFGIK13562C8H0KCE3J6L4ABG8E
0 7
0 13
1 5
1 10
2 11
2 17
3 0
3 15
4 2
4 18
5 7
5 9
6 1
6 21
7 4
7 13
8 9
8 19
9 15
9 16
10 18
10 20
11 1
11 3
12 5
12 6
13 2
13 12
14 8
14 17
15 0
15 20
16 12
16 14
17 3
17 19
18 6
18 21
19 4
19 10
20 11
20 16
21 8
21 14

# solution 949
# n=22 sym=rot2 status=verified source=flammenkamp_cache/n22_rot2
# code=:5JAE37AF5K8C9H3F28HLKL0104DJ6I4C9D1G6BEI7B2G
0 5
0 19
1 10
1 14
2 3
2 7
3 10
3 15
4 5
4 20
5 8
5 12
6 9
6 17
7 3
7 15
8 2
8 8
9 17
9 21
10 20
10 21
11 0
11 1
12 0
12 4
13 13
13 19
14 6
14 18
15 4
15 12
16 9
16 13
17 1
17 16
18 6
18 11
19 14
19 18
20 7
20 11
21 2
21 16

# solution 950
# n=22 sym=rot2 status=verified source=flammenkamp_cache/n22_rot2
# code=:4BGI6CAD237H5K0KDE9LFJ260C781L1G4EIJ8B9F35AH
0 4
0 11
1 16
1 18
2 6
2 12
3 10
3 13
4 2
4 3
5 7
5 17
6 5
6 20
7 0
7 20
8 13
8 14
9 9
9 21
10 15
10 19
11 2
11 6
12 0
12 12
13 7
13 8
14 1
14 21
15 1
15 16
16 4
16 14
17 18
17 19
18 8
18 11
19 9
19 15
20 3
20 5
21 10
21 17

# solution 951
# n=22 sym=rot2 status=verified source=flammenkamp_cache/n22_rot2
# code=:67BD251G9I1EFL4D9A240I3LHJBC8H067K3C5KGJ8AEF
0 6
0 7
1 11
1 13
2 2
2 5
3 1
3 16
4 9
4 18
5 1
5 14
6 15
6 21
7 4
7 13
8 9
8 10
9 2
9 4
10 0
10 18
11 3
11 21
12 17
12 19
13 11
13 12
14 8
14 17
15 0
15 6
16 7
16 20
17 3
17 12
18 5
18 20
19 16
19 19
20 8
20 10
21 14
21 15

# solution 952
# n=22 sym=rot2 status=verified source=flammenkamp_cache/n22_rot2
# code=:9F7A4JAGEF1H3LDJ891G0I3L5KCD280I4K675B2HBE6C
0 9
0 15
1 7
1 10
2 4
2 19
3 10
3 16
4 14
4 15
5 1
5 17
6 3
6 21
7 13
7 19
8 8
8 9
9 1
9 16
10 0
10 18
11 3
11 21
12 5
12 20
13 12
13 13
14 2
14 8
15 0
15 18
16 4
16 20
17 6
17 7
18 5
18 11
19 2
19 17
20 11
20 14
21 6
21 12

# solution 953
# n=22 sym=rot2 status=verified source=flammenkamp_cache/n22_rot2
# code=:475F9D2J1FAK3C7GADHL0I3L048B5E9I1B6K2J8C6GEH
0 4
0 7
1 5
1 15
2 9
2 13
3 2
3 19
4 1
4 15
5 10
5 20
6 3
6 12
7 7
7 16
8 10
8 13
9 17
9 21
10 0
10 18
11 3
11 21
12 0
12 4
13 8
13 11
14 5
14 14
15 9
15 18
16 1
16 11
17 6
17 20
18 2
18 19
19 8
19 12
20 6
20 16
21 14
21 17

# solution 954
# n=22 sym=rot2 status=verified source=flammenkamp_cache/n22_rot2
# code=:6B9E6D14GJ9J174GAD3L0I3L0I8B5HEK2C25HK8F7CAF
0 6
0 11
1 9
1 14
2 6
2 13
3 1
3 4
4 16
4 19
5 9
5 19
6 1
6 7
7 4
7 16
8 10
8 13
9 3
9 21
10 0
10 18
11 3
11 21
12 0
12 18
13 8
13 11
14 5
14 17
15 14
15 20
16 2
16 12
17 2
17 5
18 17
18 20
19 8
19 15
20 7
20 12
21 10
21 15

# solution 955
# n=22 sym=rot2 status=verified source=flammenkamp_cache/n22_rot2
# code=:45BK9F2L498EDE152A6I0I3L3FBJGK787DCH0J6C1AGH
0 4
0 5
1 11
1 20
2 9
2 15
3 2
3 21
4 4
4 9
5 8
5 14
6 13
6 14
7 1
7 5
8 2
8 10
9 6
9 18
10 0
10 18
11 3
11 21
12 3
12 15
13 11
13 19
14 16
14 20
15 7
15 8
16 7
16 13
17 12
17 17
18 0
18 19
19 6
19 12
20 1
20 10
21 16
21 17

# solution 956
# n=22 sym=rot2 status=verified source=flammenkamp_cache/n22_rot2
# code=:7J5D592F9IAEFL148AHK0I3L14BDHK067B3C6JCG8G2E
0 7
0 19
1 5
1 13
2 5
2 9
3 2
3 15
4 9
4 18
5 10
5 14
6 15
6 21
7 1
7 4
8 8
8 10
9 17
9 20
10 0
10 18
11 3
11 21
12 1
12 4
13 11
13 13
14 17
14 20
15 0
15 6
16 7
16 11
17 3
17 12
18 6
18 19
19 12
19 16
20 8
20 16
21 2
21 14

# solution 957
# n=22 sym=rot2 status=verified source=flammenkamp_cache/n22_rot2
# code=:7H9E5F6A9J1G8H1J8A3L0I3L0IBD2K4D5K2CBF6G7C4E
0 7
0 17
1 9
1 14
2 5
2 15
3 6
3 10
4 9
4 19
5 1
5 16
6 8
6 17
7 1
7 19
8 8
8 10
9 3
9 21
10 0
10 18
11 3
11 21
12 0
12 18
13 11
13 13
14 2
14 20
15 4
15 13
16 5
16 20
17 2
17 12
18 11
18 15
19 6
19 16
20 7
20 12
21 4
21 14

# solution 958
# n=22 sym=rot2 status=verified source=flammenkamp_cache/n22_rot2
# code=:CKBF4E28794IFJGL5A1D0I3L8KBG05263HCEDJ7H6A19
0 12
0 20
1 11
1 15
2 4
2 14
3 2
3 8
4 7
4 9
5 4
5 18
6 15
6 19
7 16
7 21
8 5
8 10
9 1
9 13
10 0
10 18
11 3
11 21
12 8
12 20
13 11
13 16
14 0
14 5
15 2
15 6
16 3
16 17
17 12
17 14
18 13
18 19
19 7
19 17
20 6
20 10
21 1
21 9

# solution 959
# n=22 sym=rot2 status=verified source=flammenkamp_cache/n22_rot2
# code=:AC8H5F1C4F1J58EJELAI0I3L3B0727DG2K6H9K6G4D9B
0 10
0 12
1 8
1 17
2 5
2 15
3 1
3 12
4 4
4 15
5 1
5 19
6 5
6 8
7 14
7 19
8 14
8 21
9 10
9 18
10 0
10 18
11 3
11 21
12 3
12 11
13 0
13 7
14 2
14 7
15 13
15 16
16 2
16 20
17 6
17 17
18 9
18 20
19 6
19 16
20 4
20 13
21 9
21 11

# solution 960
# n=22 sym=rot2 status=verified source=flammenkamp_cache/n22_rot2
# code=:CH5A59EF284E1L2F8IAK0I3L1B3D6J0K7HDJ67CGBG49
0 12
0 17
1 5
1 10
2 5
2 9
3 14
3 15
4 2
4 8
5 4
5 14
6 1
6 21
7 2
7 15
8 8
8 18
9 10
9 20
10 0
10 18
11 3
11 21
12 1
12 11
13 3
13 13
14 6
14 19
15 0
15 20
16 7
16 17
17 13
17 19
18 6
18 7
19 12
19 16
20 11
20 16
21 4
21 9

# solution 961
# n=22 sym=rot2 status=verified source=flammenkamp_cache/n22_rot2
# code=:5C8G7CFH16122L8EHIABIL03AB347D0JJKFK469E5D9G
0 5
0 12
1 8
1 16
2 7
2 12
3 15
3 17
4 1
4 6
5 1
5 2
6 2
6 21
7 8
7 14
8 17
8 18
9 10
9 11
10 18
10 21
11 0
11 3
12 10
12 11
13 3
13 4
14 7
14 13
15 0
15 19
16 19
16 20
17 15
17 20
18 4
18 6
19 9
19 14
20 5
20 13
21 9
21 16

# solution 962
# n=22 sym=rot2 status=verified source=flammenkamp_cache/n22_rot2
# code=:5KCD89FH562EKL2E4A3AIL03BIBH7J017JFG46CD891G
0 5
0 20
1 12
1 13
2 8
2 9
3 15
3 17
4 5
4 6
5 2
5 14
6 20
6 21
7 2
7 14
8 4
8 10
9 3
9 10
10 18
10 21
11 0
11 3
12 11
12 18
13 11
13 17
14 7
14 19
15 0
15 1
16 7
16 19
17 15
17 16
18 4
18 6
19 12
19 13
20 8
20 9
21 1
21 16

# solution 963
# n=22 sym=rot2 status=verified source=flammenkamp_cache/n22_rot2
# code=:4D9G7F9D2I572K041BAFIL036BAKHL1JEG3J8C6E5C8H
0 4
0 13
1 9
1 16
2 7
2 15
3 9
3 13
4 2
4 18
5 5
5 7
6 2
6 20
7 0
7 4
8 1
8 11
9 10
9 15
10 18
10 21
11 0
11 3
12 6
12 11
13 10
13 20
14 17
14 21
15 1
15 19
16 14
16 16
17 3
17 19
18 8
18 12
19 6
19 14
20 5
20 12
21 8
21 17

# solution 964
# n=22 sym=rot2 status=verified source=flammenkamp_cache/n22_rot2
# code=:FG7K47AD2K296I4D9LAGIL035B0C8H3FCJ1J8BEH1E56
0 15
0 16
1 7
1 20
2 4
2 7
3 10
3 13
4 2
4 20
5 2
5 9
6 6
6 18
7 4
7 13
8 9
8 21
9 10
9 16
10 18
10 21
11 0
11 3
12 5
12 11
13 0
13 12
14 8
14 17
15 3
15 15
16 12
16 19
17 1
17 19
18 8
18 11
19 14
19 17
20 1
20 14
21 5
21 6

# solution 965
# n=22 sym=rot2 status=verified source=flammenkamp_cache/n22_rot2
# code=:5D9H9F5A6EEK2K2L48AIIL033BDH0J1J177FBG6C4C8G
0 5
0 13
1 9
1 17
2 9
2 15
3 5
3 10
4 6
4 14
5 14
5 20
6 2
6 20
7 2
7 21
8 4
8 8
9 10
9 18
10 18
10 21
11 0
11 3
12 3
12 11
13 13
13 17
14 0
14 19
15 1
15 19
16 1
16 7
17 7
17 15
18 11
18 16
19 6
19 12
20 4
20 12
21 8
21 16

# solution 966
# n=22 sym=rot2 status=verified source=flammenkamp_cache/n22_rot2
# code=:4D9G7I9A6G7K2HJL1D6AIL03BF8K024J1E5FBC3E5C8H
0 4
0 13
1 9
1 16
2 7
2 18
3 9
3 10
4 6
4 16
5 7
5 20
6 2
6 17
7 19
7 21
8 1
8 13
9 6
9 10
10 18
10 21
11 0
11 3
12 11
12 15
13 8
13 20
14 0
14 2
15 4
15 19
16 1
16 14
17 5
17 15
18 11
18 12
19 3
19 14
20 5
20 12
21 8
21 17

# solution 967
# n=22 sym=rot2 status=verified source=flammenkamp_cache/n22_rot2
# code=:4C7A6DFH1CIL1J585EAJIL032B7GDG2K039K468FBE9H
0 4
0 12
1 7
1 10
2 6
2 13
3 15
3 17
4 1
4 12
5 18
5 21
6 1
6 19
7 5
7 8
8 5
8 14
9 10
9 19
10 18
10 21
11 0
11 3
12 2
12 11
13 7
13 16
14 13
14 16
15 2
15 20
16 0
16 3
17 9
17 20
18 4
18 6
19 8
19 15
20 11
20 14
21 9
21 17

# solution 968
# n=22 sym=rot2 status=verified source=flammenkamp_cache/n22_rot2
# code=:FL7B4E9J69DH1J8I155AIL03BGGK3D2K48CF2C7HAE06
0 15
0 21
1 7
1 11
2 4
2 14
3 9
3 19
4 6
4 9
5 13
5 17
6 1
6 19
7 8
7 18
8 1
8 5
9 5
9 10
10 18
10 21
11 0
11 3
12 11
12 16
13 16
13 20
14 3
14 13
15 2
15 20
16 4
16 8
17 12
17 15
18 2
18 12
19 7
19 17
20 10
20 14
21 0
21 6

# solution 969
# n=22 sym=rot2 status=verified source=flammenkamp_cache/n22_rot2
# code=:6B4G6K9D2I9K4D2E57ALIL030BEG7J8H1C3J8C1F5HAF
0 6
0 11
1 4
1 16
2 6
2 20
3 9
3 13
4 2
4 18
5 9
5 20
6 4
6 13
7 2
7 14
8 5
8 7
9 10
9 21
10 18
10 21
11 0
11 3
12 0
12 11
13 14
13 16
14 7
14 19
15 8
15 17
16 1
16 12
17 3
17 19
18 8
18 12
19 1
19 15
20 5
20 17
21 10
21 15

# solution 970
# n=22 sym=rot2 status=verified source=flammenkamp_cache/n22_rot2
# code=:6C67DG2H59EI4A0K8A12IL03JKBD1LBH37CG4J58EF9F
0 6
0 12
1 6
1 7
2 13
2 16
3 2
3 17
4 5
4 9
5 14
5 18
6 4
6 10
7 0
7 20
8 8
8 10
9 1
9 2
10 18
10 21
11 0
11 3
12 19
12 20
13 11
13 13
14 1
14 21
15 11
15 17
16 3
16 7
17 12
17 16
18 4
18 19
19 5
19 8
20 14
20 15
21 9
21 15

# solution 971
# n=22 sym=rot2 status=verified source=flammenkamp_cache/n22_rot2
# code=:9C7G6G26DJBI140E8A14IL03HKBD7LHK3A28FJ5F5E9C
0 9
0 12
1 7
1 16
2 6
2 16
3 2
3 6
4 13
4 19
5 11
5 18
6 1
6 4
7 0
7 14
8 8
8 10
9 1
9 4
10 18
10 21
11 0
11 3
12 17
12 20
13 11
13 13
14 7
14 21
15 17
15 20
16 3
16 10
17 2
17 8
18 15
18 19
19 5
19 15
20 5
20 14
21 9
21 12

# solution 972
# n=22 sym=rot2 status=verified source=flammenkamp_cache/n22_rot2
# code=:495EAF1J3J8C1G4E8AFLIL0306BD7H5K9D2I2K6B7GCH
0 4
0 9
1 5
1 14
2 10
2 15
3 1
3 19
4 3
4 19
5 8
5 12
6 1
6 16
7 4
7 14
8 8
8 10
9 15
9 21
10 18
10 21
11 0
11 3
12 0
12 6
13 11
13 13
14 7
14 17
15 5
15 20
16 9
16 13
17 2
17 18
18 2
18 20
19 6
19 11
20 7
20 16
21 12
21 17

# solution 973
# n=22 sym=rot2 status=verified source=flammenkamp_cache/n22_rot2
# code=:9D5G6A1HIJ2C174E8AFLIL0306BD7HEK9J234KBF5G8C
0 9
0 13
1 5
1 16
2 6
2 10
3 1
3 17
4 18
4 19
5 2
5 12
6 1
6 7
7 4
7 14
8 8
8 10
9 15
9 21
10 18
10 21
11 0
11 3
12 0
12 6
13 11
13 13
14 7
14 17
15 14
15 20
16 9
16 19
17 2
17 3
18 4
18 20
19 11
19 15
20 5
20 16
21 8
21 12

# solution 974
# n=22 sym=rot2 status=verified source=flammenkamp_cache/n22_rot2
# code=:59BG694H1J2EEK8IADFLIL03068B3D177J2K4HCF5ACG
0 5
0 9
1 11
1 16
2 6
2 9
3 4
3 17
4 1
4 19
5 2
5 14
6 14
6 20
7 8
7 18
8 10
8 13
9 15
9 21
10 18
10 21
11 0
11 3
12 0
12 6
13 8
13 11
14 3
14 13
15 1
15 7
16 7
16 19
17 2
17 20
18 4
18 17
19 12
19 15
20 5
20 10
21 12
21 16

# solution 975
# n=22 sym=rot2 status=verified source=flammenkamp_cache/n22_rot2
# code=:9A45DHDJ370CFK7K2AFGIL0356BJ1E169LEI2848GHBC
0 9
0 10
1 4
1 5
2 13
2 17
3 13
3 19
4 3
4 7
5 0
5 12
6 15
6 20
7 7
7 20
8 2
8 10
9 15
9 16
10 18
10 21
11 0
11 3
12 5
12 6
13 11
13 19
14 1
14 14
15 1
15 6
16 9
16 21
17 14
17 18
18 2
18 8
19 4
19 8
20 16
20 17
21 11
21 12

# solution 976
# n=22 sym=rot2 status=verified source=flammenkamp_cache/n22_rot2
# code=:5ACD7HDI252C7K14AFFLIL03066BHK1E9JGJ384E89BG
0 5
0 10
1 12
1 13
2 7
2 17
3 13
3 18
4 2
4 5
5 2
5 12
6 7
6 20
7 1
7 4
8 10
8 15
9 15
9 21
10 18
10 21
11 0
11 3
12 0
12 6
13 6
13 11
14 17
14 20
15 1
15 14
16 9
16 19
17 16
17 19
18 3
18 8
19 4
19 14
20 8
20 9
21 11
21 16

# solution 977
# n=22 sym=rot2 status=verified source=flammenkamp_cache/n22_rot2
# code=:6A4E5F2AIJ1H8CCL380GEK175LDI099D4K23BJ6G7HBF
0 6
0 10
1 4
1 14
2 5
2 15
3 2
3 10
4 18
4 19
5 1
5 17
6 8
6 12
7 12
7 21
8 3
8 8
9 0
9 16
10 14
10 20
11 1
11 7
12 5
12 21
13 13
13 18
14 0
14 9
15 9
15 13
16 4
16 20
17 2
17 3
18 11
18 19
19 6
19 16
20 7
20 17
21 11
21 15

# solution 978
# n=22 sym=rot2 status=verified source=flammenkamp_cache/n22_rot2
# code=:BF563D8G1H4E0E9B129J03IL2CJKAC7L7H4K5D8IFG6A
0 11
0 15
1 5
1 6
2 3
2 13
3 8
3 16
4 1
4 17
5 4
5 14
6 0
6 14
7 9
7 11
8 1
8 2
9 9
9 19
10 0
10 3
11 18
11 21
12 2
12 12
13 19
13 20
14 10
14 12
15 7
15 21
16 7
16 17
17 4
17 20
18 5
18 13
19 8
19 18
20 15
20 16
21 6
21 10

# solution 979
# n=22 sym=rot2 status=verified source=flammenkamp_cache/n22_rot2
# code=:9A48FJ0AFG7E1813349JGL052CHIIKDK7E56BL26DHBC
0 9
0 10
1 4
1 8
2 15
2 19
3 0
3 10
4 15
4 16
5 7
5 14
6 1
6 8
7 1
7 3
8 3
8 4
9 9
9 19
10 16
10 21
11 0
11 5
12 2
12 12
13 17
13 18
14 18
14 20
15 13
15 20
16 7
16 14
17 5
17 6
18 11
18 21
19 2
19 6
20 13
20 17
21 11
21 12

# solution 980
# n=22 sym=rot2 status=verified source=flammenkamp_cache/n22_rot2
# code=:DG7H6G2A1D9B164E9JILIL03032C7HFKAC8KBJ5F4E58
0 13
0 16
1 7
1 17
2 6
2 16
3 2
3 10
4 1
4 13
5 9
5 11
6 1
6 6
7 4
7 14
8 9
8 19
9 18
9 21
10 18
10 21
11 0
11 3
12 0
12 3
13 2
13 12
14 7
14 17
15 15
15 20
16 10
16 12
17 8
17 20
18 11
18 19
19 5
19 15
20 4
20 14
21 5
21 8

# solution 981
# n=22 sym=rot2 status=verified source=flammenkamp_cache/n22_rot2
# code=:ACEF4HAF1J8J1G8E3905IL03GLCI7D5K2D2K6B4H679B
0 10
0 12
1 14
1 15
2 4
2 17
3 10
3 15
4 1
4 19
5 8
5 19
6 1
6 16
7 8
7 14
8 3
8 9
9 0
9 5
10 18
10 21
11 0
11 3
12 16
12 21
13 12
13 18
14 7
14 13
15 5
15 20
16 2
16 13
17 2
17 20
18 6
18 11
19 4
19 17
20 6
20 7
21 9
21 11

# solution 982
# n=22 sym=rot2 status=verified source=flammenkamp_cache/n22_rot2
# code=:7A3EFHAF1C45281G9J0DIL038L2C5KDJGH9K6B467IBE
0 7
0 10
1 3
1 14
2 15
2 17
3 10
3 15
4 1
4 12
5 4
5 5
6 2
6 8
7 1
7 16
8 9
8 19
9 0
9 13
10 18
10 21
11 0
11 3
12 8
12 21
13 2
13 12
14 5
14 20
15 13
15 19
16 16
16 17
17 9
17 20
18 6
18 11
19 4
19 6
20 7
20 18
21 11
21 14

# solution 983
# n=22 sym=rot2 status=verified source=flammenkamp_cache/n22_rot2
# code=:9A3IDG4AJL6709EF8K5HJK124G1D67CLEF02BH583IBC
0 9
0 10
1 3
1 18
2 13
2 16
3 4
3 10
4 19
4 21
5 6
5 7
6 0
6 9
7 14
7 15
8 8
8 20
9 5
9 17
10 19
10 20
11 1
11 2
12 4
12 16
13 1
13 13
14 6
14 7
15 12
15 21
16 14
16 15
17 0
17 2
18 11
18 17
19 5
19 8
20 3
20 18
21 11
21 12

# solution 984
# n=22 sym=rot2 status=verified source=flammenkamp_cache/n22_rot2
# code=:6A6E4G9A1D0I9IEJ4815JL02GKDH273C3L8KBC5H7FBF
0 6
0 10
1 6
1 14
2 4
2 16
3 9
3 10
4 1
4 13
5 0
5 18
6 9
6 18
7 14
7 19
8 4
8 8
9 1
9 5
10 19
10 21
11 0
11 2
12 16
12 20
13 13
13 17
14 2
14 7
15 3
15 12
16 3
16 21
17 8
17 20
18 11
18 12
19 5
19 17
20 7
20 15
21 11
21 15

# solution 985
# n=22 sym=rot2 status=verified source=flammenkamp_cache/n22_rot2
# code=:AC57FI7ADF24GI040D9K12JK1C8LHL35HJ68BE36EG9B
0 10
0 12
1 5
1 7
2 15
2 18
3 7
3 10
4 13
4 15
5 2
5 4
6 16
6 18
7 0
7 4
8 0
8 13
9 9
9 20
10 1
10 2
11 19
11 20
12 1
12 12
13 8
13 21
14 17
14 21
15 3
15 5
16 17
16 19
17 6
17 8
18 11
18 14
19 3
19 6
20 14
20 16
21 9
21 11

# solution 986
# n=22 sym=rot2 status=verified source=flammenkamp_cache/n22_rot2
# code=:9A48EG2AFG7I08FK2349KL01CHIJ16DL3E56BJ57DHBC
0 9
0 10
1 4
1 8
2 14
2 16
3 2
3 10
4 15
4 16
5 7
5 18
6 0
6 8
7 15
7 20
8 2
8 3
9 4
9 9
10 20
10 21
11 0
11 1
12 12
12 17
13 18
13 19
14 1
14 6
15 13
15 21
16 3
16 14
17 5
17 6
18 11
18 19
19 5
19 7
20 13
20 17
21 11
21 12

# solution 987
# n=22 sym=rot2 status=verified source=flammenkamp_cache/n22_rot2
# code=:GLDH7C6D7G3AHL362CAK12JK1B9JFI04BI5E8F9E4805
0 16
0 21
1 13
1 17
2 7
2 12
3 6
3 13
4 7
4 16
5 3
5 10
6 17
6 21
7 3
7 6
8 2
8 12
9 10
9 20
10 1
10 2
11 19
11 20
12 1
12 11
13 9
13 19
14 15
14 18
15 0
15 4
16 11
16 18
17 5
17 14
18 8
18 15
19 9
19 14
20 4
20 8
21 0
21 5

# solution 988
# n=22 sym=rot2 status=verified source=flammenkamp_cache/n22_rot2
# code=:EF085E59AI1CHJ3H086A12JKBFDL4I249K3BCG7GDL67
0 14
0 15
1 0
1 8
2 5
2 14
3 5
3 9
4 10
4 18
5 1
5 12
6 17
6 19
7 3
7 17
8 0
8 8
9 6
9 10
10 1
10 2
11 19
11 20
12 11
12 15
13 13
13 21
14 4
14 18
15 2
15 4
16 9
16 20
17 3
17 11
18 12
18 16
19 7
19 16
20 13
20 21
21 6
21 7

# solution 989
# n=22 sym=rot2 status=verified source=flammenkamp_cache/n22_rot2
# code=:6I9BDF4K7G290G7IDL4A12JKBH083E5LCJ5E1H68AC3F
0 6
0 18
1 9
1 11
2 13
2 15
3 4
3 20
4 7
4 16
5 2
5 9
6 0
6 16
7 7
7 18
8 13
8 21
9 4
9 10
10 1
10 2
11 19
11 20
12 11
12 17
13 0
13 8
14 3
14 14
15 5
15 21
16 12
16 19
17 5
17 14
18 1
18 17
19 6
19 8
20 10
20 12
21 3
21 15

# solution 990
# n=22 sym=rot2 status=verified source=flammenkamp_cache/n22_rot2
# code=:DG9I479D0H6KGL7A26AI12JK3BFJBE051F4L8CEH3C58
0 13
0 16
1 9
1 18
2 4
2 7
3 9
3 13
4 0
4 17
5 6
5 20
6 16
6 21
7 7
7 10
8 2
8 6
9 10
9 18
10 1
10 2
11 19
11 20
12 3
12 11
13 15
13 19
14 11
14 14
15 0
15 5
16 1
16 15
17 4
17 21
18 8
18 12
19 14
19 17
20 3
20 12
21 5
21 8

# solution 991
# n=22 sym=rot2 status=verified source=flammenkamp_cache/n22_rot2
# code=:DG5C7CDK7I4A06IL2H6A12JKBF4J03FLBH3E189E9G58
0 13
0 16
1 5
1 12
2 7
2 12
3 13
3 20
4 7
4 18
5 4
5 10
6 0
6 6
7 18
7 21
8 2
8 17
9 6
9 10
10 1
10 2
11 19
11 20
12 11
12 15
13 4
13 19
14 0
14 3
15 15
15 21
16 11
16 17
17 3
17 14
18 1
18 8
19 9
19 14
20 9
20 16
21 5
21 8

# solution 992
# n=22 sym=rot2 status=verified source=flammenkamp_cache/n22_rot2
# code=:5E38DE39026CGHAH0K6A12JKBF1L4B459FJLCI78DI7G
0 5
0 14
1 3
1 8
2 13
2 14
3 3
3 9
4 0
4 2
5 6
5 12
6 16
6 17
7 10
7 17
8 0
8 20
9 6
9 10
10 1
10 2
11 19
11 20
12 11
12 15
13 1
13 21
14 4
14 11
15 4
15 5
16 9
16 15
17 19
17 21
18 12
18 18
19 7
19 8
20 13
20 18
21 7
21 16

# solution 993
# n=22 sym=rot2 status=verified source=flammenkamp_cache/n22_rot2
# code=:9E6BBE4J05FG8JIK0319DH48CKIL132D56GL2H7AAF7C
0 9
0 14
1 6
1 11
2 11
2 14
3 4
3 19
4 0
4 5
5 15
5 16
6 8
6 19
7 18
7 20
8 0
8 3
9 1
9 9
10 13
10 17
11 4
11 8
12 12
12 20
13 18
13 21
14 1
14 3
15 2
15 13
16 5
16 6
17 16
17 21
18 2
18 17
19 7
19 10
20 10
20 15
21 7
21 12

# solution 994
# n=22 sym=rot2 status=verified source=flammenkamp_cache/n22_rot2
# code=:5F9H2E7A139LDG46ADIL12JK038BFH580CIKBE7J4C6G
0 5
0 15
1 9
1 17
2 2
2 14
3 7
3 10
4 1
4 3
5 9
5 21
6 13
6 16
7 4
7 6
8 10
8 13
9 18
9 21
10 1
10 2
11 19
11 20
12 0
12 3
13 8
13 11
14 15
14 17
15 5
15 8
16 0
16 12
17 18
17 20
18 11
18 14
19 7
19 19
20 4
20 12
21 6
21 16

# solution 995
# n=22 sym=rot2 status=verified source=flammenkamp_cache/n22_rot2
# code=:4D6BBG4E26IL9EJL1359DK18CGIK027C03FJ7H5AAF8H
0 4
0 13
1 6
1 11
2 11
2 16
3 4
3 14
4 2
4 6
5 18
5 21
6 9
6 14
7 19
7 21
8 1
8 3
9 5
9 9
10 13
10 20
11 1
11 8
12 12
12 16
13 18
13 20
14 0
14 2
15 7
15 12
16 0
16 3
17 15
17 19
18 7
18 17
19 5
19 10
20 10
20 15
21 8
21 17

# solution 996
# n=22 sym=rot2 status=verified source=flammenkamp_cache/n22_rot2
# code=:5BCG8E2H39DHFL0KAF3712JKEI6B1L0648CI4J7D59AG
0 5
0 11
1 12
1 16
2 8
2 14
3 2
3 17
4 3
4 9
5 13
5 17
6 15
6 21
7 0
7 20
8 10
8 15
9 3
9 7
10 1
10 2
11 19
11 20
12 14
12 18
13 6
13 11
14 1
14 21
15 0
15 6
16 4
16 8
17 12
17 18
18 4
18 19
19 7
19 13
20 5
20 9
21 10
21 16

# solution 997
# n=22 sym=rot2 status=verified source=flammenkamp_cache/n22_rot2
# code=:3F5H8CDFAG342EAK9L0712JKEL0C1B7JHI5B689D4G6I
0 3
0 15
1 5
1 17
2 8
2 12
3 13
3 15
4 10
4 16
5 3
5 4
6 2
6 14
7 10
7 20
8 9
8 21
9 0
9 7
10 1
10 2
11 19
11 20
12 14
12 21
13 0
13 12
14 1
14 11
15 7
15 19
16 17
16 18
17 5
17 11
18 6
18 8
19 9
19 13
20 4
20 16
21 6
21 18

# solution 998
# n=22 sym=rot2 status=verified source=flammenkamp_cache/n22_rot2
# code=:AD58CH7I13HJ5B9LEF0612JKFL670CAG24IK3E49DG8B
0 10
0 13
1 5
1 8
2 12
2 17
3 7
3 18
4 1
4 3
5 17
5 19
6 5
6 11
7 9
7 21
8 14
8 15
9 0
9 6
10 1
10 2
11 19
11 20
12 15
12 21
13 6
13 7
14 0
14 12
15 10
15 16
16 2
16 4
17 18
17 20
18 3
18 14
19 4
19 9
20 13
20 16
21 8
21 11

# solution 999
# n=22 sym=rot2 status=verified source=flammenkamp_cache/n22_rot2
# code=:AD6GCE4A0K5DHJ9E36IL12JK03FI7C248G1LBH795F8B
0 10
0 13
1 6
1 16
2 12
2 14
3 4
3 10
4 0
4 20
5 5
5 13
6 17
6 19
7 9
7 14
8 3
8 6
9 18
9 21
10 1
10 2
11 19
11 20
12 0
12 3
13 15
13 18
14 7
14 12
15 2
15 4
16 8
16 16
17 1
17 21
18 11
18 17
19 7
19 9
20 5
20 15
21 8
21 11

# solution 1000
# n=22 sym=rot2 status=verified source=flammenkamp_cache/n22_rot2
# code=:4CBFBG4K670G2J8D1I9E3L0I7C3K8D2J5LEF1H5A6A9H
0 4
0 12
1 11
1 15
2 11
2 16
3 4
3 20
4 6
4 7
5 0
5 16
6 2
6 19
7 8
7 13
8 1
8 18
9 9
9 14
10 3
10 21
11 0
11 18
12 7
12 12
13 3
13 20
14 8
14 13
15 2
15 19
16 5
16 21
17 14
17 15
18 1
18 17
19 5
19 10
20 6
20 10
21 9
21 17

# solution 1001
# n=22 sym=rot2 status=verified source=flammenkamp_cache/n22_rot2
# code=:49BFBG4K670G2J8D1I9E3L0I7C3K8D2J5LEF1H5A6ACH
0 4
0 9
1 11
1 15
2 11
2 16
3 4
3 20
4 6
4 7
5 0
5 16
6 2
6 19
7 8
7 13
8 1
8 18
9 9
9 14
10 3
10 21
11 0
11 18
12 7
12 12
13 3
13 20
14 8
14 13
15 2
15 19
16 5
16 21
17 14
17 15
18 1
18 17
19 5
19 10
20 6
20 10
21 12
21 17

# solution 1002
# n=22 sym=rot2 status=verified source=flammenkamp_cache/n22_rot2
# code=:3BBD5EDLFI5J47CF190412JKHLCK69EH2G36087G8AAI
0 3
0 11
1 11
1 13
2 5
2 14
3 13
3 21
4 15
4 18
5 5
5 19
6 4
6 7
7 12
7 15
8 1
8 9
9 0
9 4
10 1
10 2
11 19
11 20
12 17
12 21
13 12
13 20
14 6
14 9
15 14
15 17
16 2
16 16
17 3
17 6
18 0
18 8
19 7
19 16
20 8
20 10
21 10
21 18

# solution 1003
# n=22 sym=rot2 status=verified source=flammenkamp_cache/n22_rot2
# code=:69AC68DJGH033704GKAE2K1J7B15HLEIIL4528DF9BCF
0 6
0 9
1 10
1 12
2 6
2 8
3 13
3 19
4 16
4 17
5 0
5 3
6 3
6 7
7 0
7 4
8 16
8 20
9 10
9 14
10 2
10 20
11 1
11 19
12 7
12 11
13 1
13 5
14 17
14 21
15 14
15 18
16 18
16 21
17 4
17 5
18 2
18 8
19 13
19 15
20 9
20 11
21 12
21 15

# solution 1004
# n=22 sym=rot2 status=verified source=flammenkamp_cache/n22_rot2
# code=:7D6ABF57CIKL2H5H1239DL08CIJK4G4J0139EG6ABF8E
0 7
0 13
1 6
1 10
2 11
2 15
3 5
3 7
4 12
4 18
5 20
5 21
6 2
6 17
7 5
7 17
8 1
8 2
9 3
9 9
10 13
10 21
11 0
11 8
12 12
12 18
13 19
13 20
14 4
14 16
15 4
15 19
16 0
16 1
17 3
17 9
18 14
18 16
19 6
19 10
20 11
20 15
21 8
21 14

# solution 1005
# n=22 sym=rot2 status=verified source=flammenkamp_cache/n22_rot2
# code=:7GAFBJ4H790K28FIGK390D8LCI1536DJ1LCE4H2A6B5E
0 7
0 16
1 10
1 15
2 11
2 19
3 4
3 17
4 7
4 9
5 0
5 20
6 2
6 8
7 15
7 18
8 16
8 20
9 3
9 9
10 0
10 13
11 8
11 21
12 12
12 18
13 1
13 5
14 3
14 6
15 13
15 19
16 1
16 21
17 12
17 14
18 4
18 17
19 2
19 10
20 6
20 11
21 5
21 14

# solution 1006
# n=22 sym=rot2 status=verified source=flammenkamp_cache/n22_rot2
# code=:7GAFBJ4H790328FKGK390D8LCI1516DJILCE4H2A6B5E
0 7
0 16
1 10
1 15
2 11
2 19
3 4
3 17
4 7
4 9
5 0
5 3
6 2
6 8
7 15
7 20
8 16
8 20
9 3
9 9
10 0
10 13
11 8
11 21
12 12
12 18
13 1
13 5
14 1
14 6
15 13
15 19
16 18
16 21
17 12
17 14
18 4
18 17
19 2
19 10
20 6
20 11
21 5
21 14

# solution 1007
# n=22 sym=rot2 status=verified source=flammenkamp_cache/n22_rot2
# code=:AFDH268E39EH5K09ALGI2K1J350BCL1G47CI7DFJ486B
0 10
0 15
1 13
1 17
2 2
2 6
3 8
3 14
4 3
4 9
5 14
5 17
6 5
6 20
7 0
7 9
8 10
8 21
9 16
9 18
10 2
10 20
11 1
11 19
12 3
12 5
13 0
13 11
14 12
14 21
15 1
15 16
16 4
16 7
17 12
17 18
18 7
18 13
19 15
19 19
20 4
20 8
21 6
21 11

# solution 1008
# n=22 sym=rot2 status=verified source=flammenkamp_cache/n22_rot2
# code=:5ADE5F3CIL8E2C1LAF4H2K1J4H6B0K9J7D039I6G78BG
0 5
0 10
1 13
1 14
2 5
2 15
3 3
3 12
4 18
4 21
5 8
5 14
6 2
6 12
7 1
7 21
8 10
8 15
9 4
9 17
10 2
10 20
11 1
11 19
12 4
12 17
13 6
13 11
14 0
14 20
15 9
15 19
16 7
16 13
17 0
17 3
18 9
18 18
19 6
19 16
20 7
20 8
21 11
21 16

# solution 1009
# n=22 sym=rot2 status=verified source=flammenkamp_cache/n22_rot2
# code=:6GAH8L789GCF23AL7KHI2K1J341E0BIJ695CDE0D4B5F
0 6
0 16
1 10
1 17
2 8
2 21
3 7
3 8
4 9
4 16
5 12
5 15
6 2
6 3
7 10
7 21
8 7
8 20
9 17
9 18
10 2
10 20
11 1
11 19
12 3
12 4
13 1
13 14
14 0
14 11
15 18
15 19
16 6
16 9
17 5
17 12
18 13
18 14
19 0
19 13
20 4
20 11
21 5
21 15

# solution 1010
# n=22 sym=rot2 status=verified source=flammenkamp_cache/n22_rot2
# code=:BGCH37DH7G0CDL6A2KFI2K1J361JBF089L5E48EI495A
0 11
0 16
1 12
1 17
2 3
2 7
3 13
3 17
4 7
4 16
5 0
5 12
6 13
6 21
7 6
7 10
8 2
8 20
9 15
9 18
10 2
10 20
11 1
11 19
12 3
12 6
13 1
13 19
14 11
14 15
15 0
15 8
16 9
16 21
17 5
17 14
18 4
18 8
19 14
19 18
20 4
20 9
21 5
21 10

# solution 1011
# n=22 sym=rot2 status=verified source=flammenkamp_cache/n22_rot2
# code=:58CD7H0FAI13AL4E9JFG2K1J562C7H0BIK3B6L4E89DG
0 5
0 8
1 12
1 13
2 7
2 17
3 0
3 15
4 10
4 18
5 1
5 3
6 10
6 21
7 4
7 14
8 9
8 19
9 15
9 16
10 2
10 20
11 1
11 19
12 5
12 6
13 2
13 12
14 7
14 17
15 0
15 11
16 18
16 20
17 3
17 11
18 6
18 21
19 4
19 14
20 8
20 9
21 13
21 16

# solution 1012
# n=22 sym=rot2 status=verified source=flammenkamp_cache/n22_rot2
# code=:HK8ABF6G038H2K9E27395L0GCIEJ7C1J4DIL5F6ABD14
0 17
0 20
1 8
1 10
2 11
2 15
3 6
3 16
4 0
4 3
5 8
5 17
6 2
6 20
7 9
7 14
8 2
8 7
9 3
9 9
10 5
10 21
11 0
11 16
12 12
12 18
13 14
13 19
14 7
14 12
15 1
15 19
16 4
16 13
17 18
17 21
18 5
18 15
19 6
19 10
20 11
20 13
21 1
21 4

# solution 1013
# n=22 sym=rot2 status=verified source=flammenkamp_cache/n22_rot2
# code=:DH7A29DGAI1H7L39FG062K1JFL56CI0E4K3B58CJBE48
0 13
0 17
1 7
1 10
2 2
2 9
3 13
3 16
4 10
4 18
5 1
5 17
6 7
6 21
7 3
7 9
8 15
8 16
9 0
9 6
10 2
10 20
11 1
11 19
12 15
12 21
13 5
13 6
14 12
14 18
15 0
15 14
16 4
16 20
17 3
17 11
18 5
18 8
19 12
19 19
20 11
20 14
21 4
21 8

# solution 1014
# n=22 sym=rot2 status=verified source=flammenkamp_cache/n22_rot2
# code=:6KAEBH5E3J9D13FJDL59HL04CG0826IK8C2I7G4A7B1F
0 6
0 20
1 10
1 14
2 11
2 17
3 5
3 14
4 3
4 19
5 9
5 13
6 1
6 3
7 15
7 19
8 13
8 21
9 5
9 9
10 17
10 21
11 0
11 4
12 12
12 16
13 0
13 8
14 2
14 6
15 18
15 20
16 8
16 12
17 2
17 18
18 7
18 16
19 4
19 10
20 7
20 11
21 1
21 15

# solution 1015
# n=22 sym=rot2 status=verified source=flammenkamp_cache/n22_rot2
# code=:AECD375FBK2L4DGI09462K1JFHCL358H0J1A6GEI897B
0 10
0 14
1 12
1 13
2 3
2 7
3 5
3 15
4 11
4 20
5 2
5 21
6 4
6 13
7 16
7 18
8 0
8 9
9 4
9 6
10 2
10 20
11 1
11 19
12 15
12 17
13 12
13 21
14 3
14 5
15 8
15 17
16 0
16 19
17 1
17 10
18 6
18 16
19 14
19 18
20 8
20 9
21 7
21 11

# solution 1016
# n=22 sym=rot2 status=verified source=flammenkamp_cache/n22_rot2
# code=:9E6G9H3E286L13DH5A1A02JLBKBG48IK0FDJ7I4C5F7C
0 9
0 14
1 6
1 16
2 9
2 17
3 3
3 14
4 2
4 8
5 6
5 21
6 1
6 3
7 13
7 17
8 5
8 10
9 1
9 10
10 0
10 2
11 19
11 21
12 11
12 20
13 11
13 16
14 4
14 8
15 18
15 20
16 0
16 15
17 13
17 19
18 7
18 18
19 4
19 12
20 5
20 15
21 7
21 12

# solution 1017
# n=22 sym=rot2 status=verified source=flammenkamp_cache/n22_rot2
# code=:CD677C35DHHJ3K0A6GAK02JL1B5FBL1I2448GI9EEF89
0 12
0 13
1 6
1 7
2 7
2 12
3 3
3 5
4 13
4 17
5 17
5 19
6 3
6 20
7 0
7 10
8 6
8 16
9 10
9 20
10 0
10 2
11 19
11 21
12 1
12 11
13 5
13 15
14 11
14 21
15 1
15 18
16 2
16 4
17 4
17 8
18 16
18 18
19 9
19 14
20 14
20 15
21 8
21 9

# solution 1018
# n=22 sym=rot2 status=verified source=flammenkamp_cache/n22_rot2
# code=:2D7G9I494IEK8FBL1G6A02JLBF5K0A6D173HCH3C5E8J
0 2
0 13
1 7
1 16
2 9
2 18
3 4
3 9
4 4
4 18
5 14
5 20
6 8
6 15
7 11
7 21
8 1
8 16
9 6
9 10
10 0
10 2
11 19
11 21
12 11
12 15
13 5
13 20
14 0
14 10
15 6
15 13
16 1
16 7
17 3
17 17
18 12
18 17
19 3
19 12
20 5
20 14
21 8
21 19

# solution 1019
# n=22 sym=rot2 status=verified source=flammenkamp_cache/n22_rot2
# code=:9D6CEI1D2A5H5F0I14AE02JL7BHK3L6G4GBJ8K379F8C
0 9
0 13
1 6
1 12
2 14
2 18
3 1
3 13
4 2
4 10
5 5
5 17
6 5
6 15
7 0
7 18
8 1
8 4
9 10
9 14
10 0
10 2
11 19
11 21
12 7
12 11
13 17
13 20
14 3
14 21
15 6
15 16
16 4
16 16
17 11
17 19
18 8
18 20
19 3
19 7
20 9
20 15
21 8
21 12

# solution 1020
# n=22 sym=rot2 status=verified source=flammenkamp_cache/n22_rot2
# code=:9E9LBD6E246I1IHK5D5A02JLBG8G143K3FHJ7F8A0C7C
0 9
0 14
1 9
1 21
2 11
2 13
3 6
3 14
4 2
4 4
5 6
5 18
6 1
6 18
7 17
7 20
8 5
8 13
9 5
9 10
10 0
10 2
11 19
11 21
12 11
12 16
13 8
13 16
14 1
14 4
15 3
15 20
16 3
16 15
17 17
17 19
18 7
18 15
19 8
19 10
20 0
20 12
21 7
21 12

# solution 1021
# n=22 sym=rot2 status=verified source=flammenkamp_cache/n22_rot2
# code=:9C46BD13FGDL7G4K237A02JLBEIJ1H5E0856IK8AFH9C
0 9
0 12
1 4
1 6
2 11
2 13
3 1
3 3
4 15
4 16
5 13
5 21
6 7
6 16
7 4
7 20
8 2
8 3
9 7
9 10
10 0
10 2
11 19
11 21
12 11
12 14
13 18
13 19
14 1
14 17
15 5
15 14
16 0
16 8
17 5
17 6
18 18
18 20
19 8
19 10
20 15
20 17
21 9
21 12

# solution 1022
# n=22 sym=rot2 status=verified source=flammenkamp_cache/n22_rot2
# code=:0C5FGKBCDH3827HK36AE02JL7BFI14EJDI489A156G9L
0 0
0 12
1 5
1 15
2 16
2 20
3 11
3 12
4 13
4 17
5 3
5 8
6 2
6 7
7 17
7 20
8 3
8 6
9 10
9 14
10 0
10 2
11 19
11 21
12 7
12 11
13 15
13 18
14 1
14 4
15 14
15 19
16 13
16 18
17 4
17 8
18 9
18 10
19 1
19 5
20 6
20 16
21 9
21 21

# solution 1023
# n=22 sym=rot2 status=verified source=flammenkamp_cache/n22_rot2
# code=:BF784B470IGJJL9F1319DG58CKIK6C02253LEHAHDE6A
0 11
0 15
1 7
1 8
2 4
2 11
3 4
3 7
4 0
4 18
5 16
5 19
6 19
6 21
7 9
7 15
8 1
8 3
9 1
9 9
10 13
10 16
11 5
11 8
12 12
12 20
13 18
13 20
14 6
14 12
15 0
15 2
16 2
16 5
17 3
17 21
18 14
18 17
19 10
19 17
20 13
20 14
21 6
21 10

# solution 1024
# n=22 sym=rot2 status=verified source=flammenkamp_cache/n22_rot2
# code=:7B7FBD49HK062G2GIK9L3D8I0C135J5JFL14CH8A6EAE
0 7
0 11
1 7
1 15
2 11
2 13
3 4
3 9
4 17
4 20
5 0
5 6
6 2
6 16
7 2
7 16
8 18
8 20
9 9
9 21
10 3
10 13
11 8
11 18
12 0
12 12
13 1
13 3
14 5
14 19
15 5
15 19
16 15
16 21
17 1
17 4
18 12
18 17
19 8
19 10
20 6
20 14
21 10
21 14

# solution 1025
# n=22 sym=rot2 status=verified source=flammenkamp_cache/n22_rot2
# code=:9G694E3I8AEK15HLAF2802JLDJ6B04GK17BD3I7HCF5C
0 9
0 16
1 6
1 9
2 4
2 14
3 3
3 18
4 8
4 10
5 14
5 20
6 1
6 5
7 17
7 21
8 10
8 15
9 2
9 8
10 0
10 2
11 19
11 21
12 13
12 19
13 6
13 11
14 0
14 4
15 16
15 20
16 1
16 7
17 11
17 13
18 3
18 18
19 7
19 17
20 12
20 15
21 5
21 12

# solution 1026
# n=22 sym=rot2 status=verified source=flammenkamp_cache/n22_rot2
# code=:46DF9D4I2GCK37BGAL1E02JL7K0B5AEI195J3H8C68FH
0 4
0 6
1 13
1 15
2 9
2 13
3 4
3 18
4 2
4 16
5 12
5 20
6 3
6 7
7 11
7 16
8 10
8 21
9 1
9 14
10 0
10 2
11 19
11 21
12 7
12 20
13 0
13 11
14 5
14 10
15 14
15 18
16 1
16 9
17 5
17 19
18 3
18 17
19 8
19 12
20 6
20 8
21 15
21 17

# solution 1027
# n=22 sym=rot2 status=verified source=flammenkamp_cache/n22_rot2
# code=:7B5D5ICD9I4K2714AFFL02JL066BHKEJ1H3C893G8GAE
0 7
0 11
1 5
1 13
2 5
2 18
3 12
3 13
4 9
4 18
5 4
5 20
6 2
6 7
7 1
7 4
8 10
8 15
9 15
9 21
10 0
10 2
11 19
11 21
12 0
12 6
13 6
13 11
14 17
14 20
15 14
15 19
16 1
16 17
17 3
17 12
18 8
18 9
19 3
19 16
20 8
20 16
21 10
21 14

# solution 1028
# n=22 sym=rot2 status=verified source=flammenkamp_cache/n22_rot2
# code=:7DAE45CI9F1458AJ0K3F02JL6I1L2BDGHK6C39GH7B8E
0 7
0 13
1 10
1 14
2 4
2 5
3 12
3 18
4 9
4 15
5 1
5 4
6 5
6 8
7 10
7 19
8 0
8 20
9 3
9 15
10 0
10 2
11 19
11 21
12 6
12 18
13 1
13 21
14 2
14 11
15 13
15 16
16 17
16 20
17 6
17 12
18 3
18 9
19 16
19 17
20 7
20 11
21 8
21 14

# solution 1029
# n=22 sym=rot2 status=verified source=flammenkamp_cache/n22_rot2
# code=:EGAD9J34680FEK1A594I02JL3HCGBK176LDFHI2C8B57
0 14
0 16
1 10
1 13
2 9
2 19
3 3
3 4
4 6
4 8
5 0
5 15
6 14
6 20
7 1
7 10
8 5
8 9
9 4
9 18
10 0
10 2
11 19
11 21
12 3
12 17
13 12
13 16
14 11
14 20
15 1
15 7
16 6
16 21
17 13
17 15
18 17
18 18
19 2
19 12
20 8
20 11
21 5
21 7

# solution 1030
# n=22 sym=rot2 status=verified source=flammenkamp_cache/n22_rot2
# code=:67AC23DHGH017DACGKFI02JL36159B8EKL4548IJ9BEF
0 6
0 7
1 10
1 12
2 2
2 3
3 13
3 17
4 16
4 17
5 0
5 1
6 7
6 13
7 10
7 12
8 16
8 20
9 15
9 18
10 0
10 2
11 19
11 21
12 3
12 6
13 1
13 5
14 9
14 11
15 8
15 14
16 20
16 21
17 4
17 5
18 4
18 8
19 18
19 19
20 9
20 11
21 14
21 15

# solution 1031
# n=22 sym=rot2 status=verified source=flammenkamp_cache/n22_rot2
# code=:EF3H58AKDH9LAE2G193602JLFICK5J7B0C481BDG4I67
0 14
0 15
1 3
1 17
2 5
2 8
3 10
3 20
4 13
4 17
5 9
5 21
6 10
6 14
7 2
7 16
8 1
8 9
9 3
9 6
10 0
10 2
11 19
11 21
12 15
12 18
13 12
13 20
14 5
14 19
15 7
15 11
16 0
16 12
17 4
17 8
18 1
18 11
19 13
19 16
20 4
20 18
21 6
21 7

# solution 1032
# n=22 sym=rot2 status=verified source=flammenkamp_cache/n22_rot2
# code=:7ACD7F34GH1JAKDG093602JLFICL581B2K45HI6E89BE
0 7
0 10
1 12
1 13
2 7
2 15
3 3
3 4
4 16
4 17
5 1
5 19
6 10
6 20
7 13
7 16
8 0
8 9
9 3
9 6
10 0
10 2
11 19
11 21
12 15
12 18
13 12
13 21
14 5
14 8
15 1
15 11
16 2
16 20
17 4
17 5
18 17
18 18
19 6
19 14
20 8
20 9
21 11
21 14

# solution 1033
# n=22 sym=rot2 status=verified source=flammenkamp_cache/n22_rot2
# code=:EI6D49AI8E14BKGJ590602JLFLCG251AHK7D3BCH8F37
0 14
0 18
1 6
1 13
2 4
2 9
3 10
3 18
4 8
4 14
5 1
5 4
6 11
6 20
7 16
7 19
8 5
8 9
9 0
9 6
10 0
10 2
11 19
11 21
12 15
12 21
13 12
13 16
14 2
14 5
15 1
15 10
16 17
16 20
17 7
17 13
18 3
18 11
19 12
19 17
20 8
20 15
21 3
21 7

# solution 1034
# n=22 sym=rot2 status=verified source=flammenkamp_cache/n22_rot2
# code=:78CF5IAF4J1H8BGK790302JLILCE15AD4K2H6B3G69DE
0 7
0 8
1 12
1 15
2 5
2 18
3 10
3 15
4 4
4 19
5 1
5 17
6 8
6 11
7 16
7 20
8 7
8 9
9 0
9 3
10 0
10 2
11 19
11 21
12 18
12 21
13 12
13 14
14 1
14 5
15 10
15 13
16 4
16 20
17 2
17 17
18 6
18 11
19 3
19 16
20 6
20 9
21 13
21 14

# solution 1035
# n=22 sym=rot2 status=verified source=flammenkamp_cache/n22_rot2
# code=:37CF58AF241H8BGK790302JLILCE15AD4KHJ6BDG69EI
0 3
0 7
1 12
1 15
2 5
2 8
3 10
3 15
4 2
4 4
5 1
5 17
6 8
6 11
7 16
7 20
8 7
8 9
9 0
9 3
10 0
10 2
11 19
11 21
12 18
12 21
13 12
13 14
14 1
14 5
15 10
15 13
16 4
16 20
17 17
17 19
18 6
18 11
19 13
19 16
20 6
20 9
21 14
21 18

# solution 1036
# n=22 sym=rot2 status=verified source=flammenkamp_cache/n22_rot2
# code=:8B5HCF23HLBE389G1E6K02JL1F7K5CDI7A04IJ694GAD
0 8
0 11
1 5
1 17
2 12
2 15
3 2
3 3
4 17
4 21
5 11
5 14
6 3
6 8
7 9
7 16
8 1
8 14
9 6
9 20
10 0
10 2
11 19
11 21
12 1
12 15
13 7
13 20
14 5
14 12
15 13
15 18
16 7
16 10
17 0
17 4
18 18
18 19
19 6
19 9
20 4
20 16
21 10
21 13

# solution 1037
# n=22 sym=rot2 status=verified source=flammenkamp_cache/n22_rot2
# code=:9BFH5B16HK0C0J588EEJ3I3I277DDG2L9L14FKAG46AC
0 9
0 11
1 15
1 17
2 5
2 11
3 1
3 6
4 17
4 20
5 0
5 12
6 0
6 19
7 5
7 8
8 8
8 14
9 14
9 19
10 3
10 18
11 3
11 18
12 2
12 7
13 7
13 13
14 13
14 16
15 2
15 21
16 9
16 21
17 1
17 4
18 15
18 20
19 10
19 16
20 4
20 6
21 10
21 12

# solution 1038
# n=22 sym=rot2 status=verified source=flammenkamp_cache/n22_rot2
# code=:9BGH8B27GH7I0106FK9D2I3J8C16FLKL3E45EJAD45AC
0 9
0 11
1 16
1 17
2 8
2 11
3 2
3 7
4 16
4 17
5 7
5 18
6 0
6 1
7 0
7 6
8 15
8 20
9 9
9 13
10 2
10 18
11 3
11 19
12 8
12 12
13 1
13 6
14 15
14 21
15 20
15 21
16 3
16 14
17 4
17 5
18 14
18 19
19 10
19 13
20 4
20 5
21 10
21 12

# solution 1039
# n=22 sym=rot2 status=verified source=flammenkamp_cache/n22_rot2
# code=:7BEG3BHJ8K482L9G6F19IL03CK6F5C0JDH1D24AI57AE
0 7
0 11
1 14
1 16
2 3
2 11
3 17
3 19
4 8
4 20
5 4
5 8
6 2
6 21
7 9
7 16
8 6
8 15
9 1
9 9
10 18
10 21
11 0
11 3
12 12
12 20
13 6
13 15
14 5
14 12
15 0
15 19
16 13
16 17
17 1
17 13
18 2
18 4
19 10
19 18
20 5
20 7
21 10
21 14

# solution 1040
# n=22 sym=rot2 status=verified source=flammenkamp_cache/n22_rot2
# code=:BF67BI48127G2LDG49190I3LCKCH580J5EJKDH3AEF6A
0 11
0 15
1 6
1 7
2 11
2 18
3 4
3 8
4 1
4 2
5 7
5 16
6 2
6 21
7 13
7 16
8 4
8 9
9 1
9 9
10 0
10 18
11 3
11 21
12 12
12 20
13 12
13 17
14 5
14 8
15 0
15 19
16 5
16 14
17 19
17 20
18 13
18 17
19 3
19 10
20 14
20 15
21 6
21 10

# solution 1041
# n=22 sym=rot2 status=verified source=flammenkamp_cache/n22_rot2
# code=:3B48HK8B3G5JKLCE697F02JL6ECF79012G5IAD14DHAI
0 3
0 11
1 4
1 8
2 17
2 20
3 8
3 11
4 3
4 16
5 5
5 19
6 20
6 21
7 12
7 14
8 6
8 9
9 7
9 15
10 0
10 2
11 19
11 21
12 6
12 14
13 12
13 15
14 7
14 9
15 0
15 1
16 2
16 16
17 5
17 18
18 10
18 13
19 1
19 4
20 13
20 17
21 10
21 18

# solution 1042
# n=22 sym=rot2 status=verified source=flammenkamp_cache/n22_rot2
# code=:BD4JAF8K3E59HL1E59FI02JL36CG7K04CG7I1D6B2H8A
0 11
0 13
1 4
1 19
2 10
2 15
3 8
3 20
4 3
4 14
5 5
5 9
6 17
6 21
7 1
7 14
8 5
8 9
9 15
9 18
10 0
10 2
11 19
11 21
12 3
12 6
13 12
13 16
14 7
14 20
15 0
15 4
16 12
16 16
17 7
17 18
18 1
18 13
19 6
19 11
20 2
20 17
21 8
21 10

# solution 1043
# n=22 sym=rot2 status=verified source=flammenkamp_cache/n22_rot2
# code=:7A893AFG3G7F0214DH9KJL021C48HKJL6E5I56BICDBE
0 7
0 10
1 8
1 9
2 3
2 10
3 15
3 16
4 3
4 16
5 7
5 15
6 0
6 2
7 1
7 4
8 13
8 17
9 9
9 20
10 19
10 21
11 0
11 2
12 1
12 12
13 4
13 8
14 17
14 20
15 19
15 21
16 6
16 14
17 5
17 18
18 5
18 6
19 11
19 18
20 12
20 13
21 11
21 14

# solution 1044
# n=22 sym=rot2 status=verified source=flammenkamp_cache/n22_rot2
# code=:5EDGBKCL6C2H7K3I4D6A2L0JBF8H3I1E4J9F091A587G
0 5
0 14
1 13
1 16
2 11
2 20
3 12
3 21
4 6
4 12
5 2
5 17
6 7
6 20
7 3
7 18
8 4
8 13
9 6
9 10
10 2
10 21
11 0
11 19
12 11
12 15
13 8
13 17
14 3
14 18
15 1
15 14
16 4
16 19
17 9
17 15
18 0
18 9
19 1
19 10
20 5
20 8
21 7
21 16

# solution 1045
# n=22 sym=rot2 status=verified source=flammenkamp_cache/n22_rot2
# code=:7A2EBDFJ1L6I1G394D9L4G5H0C8HCI5K3F0K268A7JBE
0 7
0 10
1 2
1 14
2 11
2 13
3 15
3 19
4 1
4 21
5 6
5 18
6 1
6 16
7 3
7 9
8 4
8 13
9 9
9 21
10 4
10 16
11 5
11 17
12 0
12 12
13 8
13 17
14 12
14 18
15 5
15 20
16 3
16 15
17 0
17 20
18 2
18 6
19 8
19 10
20 7
20 19
21 11
21 14

# solution 1046
# n=22 sym=rot2 status=verified source=flammenkamp_cache/n22_rot2
# code=:DEFG59AL3DAI2419471F2L0J6KEHCKHJ3B8I0BCG5678
0 13
0 14
1 15
1 16
2 5
2 9
3 10
3 21
4 3
4 13
5 10
5 18
6 2
6 4
7 1
7 9
8 4
8 7
9 1
9 15
10 2
10 21
11 0
11 19
12 6
12 20
13 14
13 17
14 12
14 20
15 17
15 19
16 3
16 11
17 8
17 18
18 0
18 11
19 12
19 16
20 5
20 6
21 7
21 8

# solution 1047
# n=22 sym=rot2 status=verified source=flammenkamp_cache/n22_rot2
# code=:9AEI4A4J1D58KL9E3F5F2L0J6G6I7C01DG8K2HBH37BC
0 9
0 10
1 14
1 18
2 4
2 10
3 4
3 19
4 1
4 13
5 5
5 8
6 20
6 21
7 9
7 14
8 3
8 15
9 5
9 15
10 2
10 21
11 0
11 19
12 6
12 16
13 6
13 18
14 7
14 12
15 0
15 1
16 13
16 16
17 8
17 20
18 2
18 17
19 11
19 17
20 3
20 7
21 11
21 12

# solution 1048
# n=22 sym=rot2 status=verified source=flammenkamp_cache/n22_rot2
# code=:0C3F8G7J1B07CG48FI4A1J2KBH36DH59ELAK2E5D6I9L
0 0
0 12
1 3
1 15
2 8
2 16
3 7
3 19
4 1
4 11
5 0
5 7
6 12
6 16
7 4
7 8
8 15
8 18
9 4
9 10
10 1
10 19
11 2
11 20
12 11
12 17
13 3
13 6
14 13
14 17
15 5
15 9
16 14
16 21
17 10
17 20
18 2
18 14
19 5
19 13
20 6
20 18
21 9
21 21

# solution 1049
# n=22 sym=rot2 status=verified source=flammenkamp_cache/n22_rot2
# code=:8ICG486HEG7L1A230FAC1J2K9B6LIJBK0E574FDH593D
0 8
0 18
1 12
1 16
2 4
2 8
3 6
3 17
4 14
4 16
5 7
5 21
6 1
6 10
7 2
7 3
8 0
8 15
9 10
9 12
10 1
10 19
11 2
11 20
12 9
12 11
13 6
13 21
14 18
14 19
15 11
15 20
16 0
16 14
17 5
17 7
18 4
18 15
19 13
19 17
20 5
20 9
21 3
21 13

# solution 1050
# n=22 sym=rot2 status=verified source=flammenkamp_cache/n22_rot2
# code=:AE8HEI356LCD1G2604AC1J2K9BHLFJ5K890FGI374D7B
0 10
0 14
1 8
1 17
2 14
2 18
3 3
3 5
4 6
4 21
5 12
5 13
6 1
6 16
7 2
7 6
8 0
8 4
9 10
9 12
10 1
10 19
11 2
11 20
12 9
12 11
13 17
13 21
14 15
14 19
15 5
15 20
16 8
16 9
17 0
17 15
18 16
18 18
19 3
19 7
20 4
20 13
21 7
21 11

# solution 1051
# n=22 sym=rot2 status=verified source=flammenkamp_cache/n22_rot2
# code=:BE8HEI356LCD1G2604AC1J2K9BHLFJ5K890FGI374D7A
0 11
0 14
1 8
1 17
2 14
2 18
3 3
3 5
4 6
4 21
5 12
5 13
6 1
6 16
7 2
7 6
8 0
8 4
9 10
9 12
10 1
10 19
11 2
11 20
12 9
12 11
13 17
13 21
14 15
14 19
15 5
15 20
16 8
16 9
17 0
17 15
18 16
18 18
19 3
19 7
20 4
20 13
21 7
21 10

# solution 1052
# n=22 sym=rot2 status=verified source=flammenkamp_cache/n22_rot2
# code=:6DBD6A4JIK2EKL4E09593G5ICGCL7H017J132HBF8A8F
0 6
0 13
1 11
1 13
2 6
2 10
3 4
3 19
4 18
4 20
5 2
5 14
6 20
6 21
7 4
7 14
8 0
8 9
9 5
9 9
10 3
10 16
11 5
11 18
12 12
12 16
13 12
13 21
14 7
14 17
15 0
15 1
16 7
16 19
17 1
17 3
18 2
18 17
19 11
19 15
20 8
20 10
21 8
21 15

# solution 1053
# n=22 sym=rot2 status=verified source=flammenkamp_cache/n22_rot2
# code=:48BH7A8J3F3KJL9E1569GL05CFGK7C021I6I2DBE4ADH
0 4
0 8
1 11
1 17
2 7
2 10
3 8
3 19
4 3
4 15
5 3
5 20
6 19
6 21
7 9
7 14
8 1
8 5
9 6
9 9
10 16
10 21
11 0
11 5
12 12
12 15
13 16
13 20
14 7
14 12
15 0
15 2
16 1
16 18
17 6
17 18
18 2
18 13
19 11
19 14
20 4
20 10
21 13
21 17

# solution 1054
# n=22 sym=rot2 status=verified source=flammenkamp_cache/n22_rot2
# code=:48BH7A283F3KJL9E1569GL05CFGK7C021I6IDJBE4ADH
0 4
0 8
1 11
1 17
2 7
2 10
3 2
3 8
4 3
4 15
5 3
5 20
6 19
6 21
7 9
7 14
8 1
8 5
9 6
9 9
10 16
10 21
11 0
11 5
12 12
12 15
13 16
13 20
14 7
14 12
15 0
15 2
16 1
16 18
17 6
17 18
18 13
18 19
19 11
19 14
20 4
20 10
21 13
21 17

# solution 1055
# n=22 sym=rot2 status=verified source=flammenkamp_cache/n22_rot2
# code=:9B4E9DIL6I58021F4GAEJK127B5H6KJLDG3F038C7HAC
0 9
0 11
1 4
1 14
2 9
2 13
3 18
3 21
4 6
4 18
5 5
5 8
6 0
6 2
7 1
7 15
8 4
8 16
9 10
9 14
10 19
10 20
11 1
11 2
12 7
12 11
13 5
13 17
14 6
14 20
15 19
15 21
16 13
16 16
17 3
17 15
18 0
18 3
19 8
19 12
20 7
20 17
21 10
21 12

# solution 1056
# n=22 sym=rot2 status=verified source=flammenkamp_cache/n22_rot2
# code=:6BFG8C4K7L7H3I02CD5AJK12BG89JL3I4E0E1H9D56AF
0 6
0 11
1 15
1 16
2 8
2 12
3 4
3 20
4 7
4 21
5 7
5 17
6 3
6 18
7 0
7 2
8 12
8 13
9 5
9 10
10 19
10 20
11 1
11 2
12 11
12 16
13 8
13 9
14 19
14 21
15 3
15 18
16 4
16 14
17 0
17 14
18 1
18 17
19 9
19 13
20 5
20 6
21 10
21 15

# solution 1057
# n=22 sym=rot2 status=verified source=flammenkamp_cache/n22_rot2
# code=:9BDE69EI2I4DGL016G4AJK12BH5FKL058H3J37CF78AC
0 9
0 11
1 13
1 14
2 6
2 9
3 14
3 18
4 2
4 18
5 4
5 13
6 16
6 21
7 0
7 1
8 6
8 16
9 4
9 10
10 19
10 20
11 1
11 2
12 11
12 17
13 5
13 15
14 20
14 21
15 0
15 5
16 8
16 17
17 3
17 19
18 3
18 7
19 12
19 15
20 7
20 8
21 10
21 12

# solution 1058
# n=22 sym=rot2 status=verified source=flammenkamp_cache/n22_rot2
# code=:9BDE9LEI23DH6G016G4AJK12BH5FKL5F48IJ370C78AC
0 9
0 11
1 13
1 14
2 9
2 21
3 14
3 18
4 2
4 3
5 13
5 17
6 6
6 16
7 0
7 1
8 6
8 16
9 4
9 10
10 19
10 20
11 1
11 2
12 11
12 17
13 5
13 15
14 20
14 21
15 5
15 15
16 4
16 8
17 18
17 19
18 3
18 7
19 0
19 12
20 7
20 8
21 10
21 12

# solution 1059
# n=22 sym=rot2 status=verified source=flammenkamp_cache/n22_rot2
# code=:DG694EGH1J693E8B3A0LJK120LBIAD7ICF2K457HCF58
0 13
0 16
1 6
1 9
2 4
2 14
3 16
3 17
4 1
4 19
5 6
5 9
6 3
6 14
7 8
7 11
8 3
8 10
9 0
9 21
10 19
10 20
11 1
11 2
12 0
12 21
13 11
13 18
14 10
14 13
15 7
15 18
16 12
16 15
17 2
17 20
18 4
18 5
19 7
19 17
20 12
20 15
21 5
21 8

# solution 1060
# n=22 sym=rot2 status=verified source=flammenkamp_cache/n22_rot2
# code=:56EG9CEL3624AD4L8AIKJK1213BD0H8BHJFI079C57FG
0 5
0 6
1 14
1 16
2 9
2 12
3 14
3 21
4 3
4 6
5 2
5 4
6 10
6 13
7 4
7 21
8 8
8 10
9 18
9 20
10 19
10 20
11 1
11 2
12 1
12 3
13 11
13 13
14 0
14 17
15 8
15 11
16 17
16 19
17 15
17 18
18 0
18 7
19 9
19 12
20 5
20 7
21 15
21 16

# solution 1061
# n=22 sym=rot2 status=verified source=flammenkamp_cache/n22_rot2
# code=:8G5F9L7B7F2K4C0IAD34JK12HI8B3L9H1J6EAE0C6G5D
0 8
0 16
1 5
1 15
2 9
2 21
3 7
3 11
4 7
4 15
5 2
5 20
6 4
6 12
7 0
7 18
8 10
8 13
9 3
9 4
10 19
10 20
11 1
11 2
12 17
12 18
13 8
13 11
14 3
14 21
15 9
15 17
16 1
16 19
17 6
17 14
18 10
18 14
19 0
19 12
20 6
20 16
21 5
21 13

# solution 1062
# n=22 sym=rot2 status=verified source=flammenkamp_cache/n22_rot2
# code=:389B48FG3L0CFH7JAE5KJK121G7B2E469L0I56DHACDI
0 3
0 8
1 9
1 11
2 4
2 8
3 15
3 16
4 3
4 21
5 0
5 12
6 15
6 17
7 7
7 19
8 10
8 14
9 5
9 20
10 19
10 20
11 1
11 2
12 1
12 16
13 7
13 11
14 2
14 14
15 4
15 6
16 9
16 21
17 0
17 18
18 5
18 6
19 13
19 17
20 10
20 12
21 13
21 18

# solution 1063
# n=22 sym=rot2 status=verified source=flammenkamp_cache/n22_rot2
# code=:6FADAIHK02085HEI599JEK172CCG374GDLJL143B8B6F
0 6
0 15
1 10
1 13
2 10
2 18
3 17
3 20
4 0
4 2
5 0
5 8
6 5
6 17
7 14
7 18
8 5
8 9
9 9
9 19
10 14
10 20
11 1
11 7
12 2
12 12
13 12
13 16
14 3
14 7
15 4
15 16
16 13
16 21
17 19
17 21
18 1
18 4
19 3
19 11
20 8
20 11
21 6
21 15

# solution 1064
# n=22 sym=rot2 status=verified source=flammenkamp_cache/n22_rot2
# code=:48AD5F3I0EBJ599L1F4EJK127H6K0CCG2A7L3I6G8BDH
0 4
0 8
1 10
1 13
2 5
2 15
3 3
3 18
4 0
4 14
5 11
5 19
6 5
6 9
7 9
7 21
8 1
8 15
9 4
9 14
10 19
10 20
11 1
11 2
12 7
12 17
13 6
13 20
14 0
14 12
15 12
15 16
16 2
16 10
17 7
17 21
18 3
18 18
19 6
19 16
20 8
20 11
21 13
21 17

# solution 1065
# n=22 sym=rot2 status=verified source=flammenkamp_cache/n22_rot2
# code=:5J8AAC6F3713GH1LDE9LHJ240C780K45IKEI6F9BBD2G
0 5
0 19
1 8
1 10
2 10
2 12
3 6
3 15
4 3
4 7
5 1
5 3
6 16
6 17
7 1
7 21
8 13
8 14
9 9
9 21
10 17
10 19
11 2
11 4
12 0
12 12
13 7
13 8
14 0
14 20
15 4
15 5
16 18
16 20
17 14
17 18
18 6
18 15
19 9
19 11
20 11
20 13
21 2
21 16

# solution 1066
# n=22 sym=rot2 status=verified source=flammenkamp_cache/n22_rot2
# code=:7DAG6AEJ2F3L0C485I19HK14CK3GDH9L0I6J27BF5B8E
0 7
0 13
1 10
1 16
2 6
2 10
3 14
3 19
4 2
4 15
5 3
5 21
6 0
6 12
7 4
7 8
8 5
8 18
9 1
9 9
10 17
10 20
11 1
11 4
12 12
12 20
13 3
13 16
14 13
14 17
15 9
15 21
16 0
16 18
17 6
17 19
18 2
18 7
19 11
19 15
20 5
20 11
21 8
21 14

# solution 1067
# n=22 sym=rot2 status=verified source=flammenkamp_cache/n22_rot2
# code=:674AAJDE260935GIKL9DHK148C0135GICLFJ782BBHEF
0 6
0 7
1 4
1 10
2 10
2 19
3 13
3 14
4 2
4 6
5 0
5 9
6 3
6 5
7 16
7 18
8 20
8 21
9 9
9 13
10 17
10 20
11 1
11 4
12 8
12 12
13 0
13 1
14 3
14 5
15 16
15 18
16 12
16 21
17 15
17 19
18 7
18 8
19 2
19 11
20 11
20 17
21 14
21 15

# solution 1068
# n=22 sym=rot2 status=verified source=flammenkamp_cache/n22_rot2
# code=:9E58EGBLBF6I04IK29DHJK1248CJ13HL3F6A0A57DG7C
0 9
0 14
1 5
1 8
2 14
2 16
3 11
3 21
4 11
4 15
5 6
5 18
6 0
6 4
7 18
7 20
8 2
8 9
9 13
9 17
10 19
10 20
11 1
11 2
12 4
12 8
13 12
13 19
14 1
14 3
15 17
15 21
16 3
16 15
17 6
17 10
18 0
18 10
19 5
19 7
20 13
20 16
21 7
21 12

# solution 1069
# n=22 sym=rot2 status=verified source=flammenkamp_cache/n22_rot2
# code=:5E8AEG1A0F4I49FI29DLJK1208CJ36CH3H6LBK57BD7G
0 5
0 14
1 8
1 10
2 14
2 16
3 1
3 10
4 0
4 15
5 4
5 18
6 4
6 9
7 15
7 18
8 2
8 9
9 13
9 21
10 19
10 20
11 1
11 2
12 0
12 8
13 12
13 19
14 3
14 6
15 12
15 17
16 3
16 17
17 6
17 21
18 11
18 20
19 5
19 7
20 11
20 13
21 7
21 16

# solution 1070
# n=22 sym=rot2 status=verified source=flammenkamp_cache/n22_rot2
# code=:5HAE8A9H6K0F3J8E159JIL032CGK7D2I6L1F4CBD7B4G
0 5
0 17
1 10
1 14
2 8
2 10
3 9
3 17
4 6
4 20
5 0
5 15
6 3
6 19
7 8
7 14
8 1
8 5
9 9
9 19
10 18
10 21
11 0
11 3
12 2
12 12
13 16
13 20
14 7
14 13
15 2
15 18
16 6
16 21
17 1
17 15
18 4
18 12
19 11
19 13
20 7
20 11
21 4
21 16

# solution 1071
# n=22 sym=rot2 status=verified source=flammenkamp_cache/n22_rot2
# code=:AGEH388B391GHJ9F6E0LJK120L7F6C245KCIADDI475B
0 10
0 16
1 14
1 17
2 3
2 8
3 8
3 11
4 3
4 9
5 1
5 16
6 17
6 19
7 9
7 15
8 6
8 14
9 0
9 21
10 19
10 20
11 1
11 2
12 0
12 21
13 7
13 15
14 6
14 12
15 2
15 4
16 5
16 20
17 12
17 18
18 10
18 13
19 13
19 18
20 4
20 7
21 5
21 11

# solution 1072
# n=22 sym=rot2 status=verified source=flammenkamp_cache/n22_rot2
# code=:GI6AAE8H1JFK348E9L5902JLCG0C7DHI162K4D7BBF35
0 16
0 18
1 6
1 10
2 10
2 14
3 8
3 17
4 1
4 19
5 15
5 20
6 3
6 4
7 8
7 14
8 9
8 21
9 5
9 9
10 0
10 2
11 19
11 21
12 12
12 16
13 0
13 12
14 7
14 13
15 17
15 18
16 1
16 6
17 2
17 20
18 4
18 13
19 7
19 11
20 11
20 15
21 3
21 5

# solution 1073
# n=22 sym=rot2 status=verified source=flammenkamp_cache/n22_rot2
# code=:AIAD477F050I9H5F892KJK121JCD6G4C3LGL6EEH8B3B
0 10
0 18
1 10
1 13
2 4
2 7
3 7
3 15
4 0
4 5
5 0
5 18
6 9
6 17
7 5
7 15
8 8
8 9
9 2
9 20
10 19
10 20
11 1
11 2
12 1
12 19
13 12
13 13
14 6
14 16
15 4
15 12
16 3
16 21
17 16
17 21
18 6
18 14
19 14
19 17
20 8
20 11
21 3
21 11

# solution 1074
# n=22 sym=rot2 status=verified source=flammenkamp_cache/n22_rot2
# code=:9HDG7D34CK2B0IFK56AE0J2L7BFG163LAJ19HI8E584C
0 9
0 17
1 13
1 16
2 7
2 13
3 3
3 4
4 12
4 20
5 2
5 11
6 0
6 18
7 15
7 20
8 5
8 6
9 10
9 14
10 0
10 19
11 2
11 21
12 7
12 11
13 15
13 16
14 1
14 6
15 3
15 21
16 10
16 19
17 1
17 9
18 17
18 18
19 8
19 14
20 5
20 8
21 4
21 12

# solution 1075
# n=22 sym=rot2 status=verified source=flammenkamp_cache/n22_rot2
# code=:563ADIDLCH671H7K2C5A0J2LBG9J1E4KEF490838BIFG
0 5
0 6
1 3
1 10
2 13
2 18
3 13
3 21
4 12
4 17
5 6
5 7
6 1
6 17
7 7
7 20
8 2
8 12
9 5
9 10
10 0
10 19
11 2
11 21
12 11
12 16
13 9
13 19
14 1
14 14
15 4
15 20
16 14
16 15
17 4
17 9
18 0
18 8
19 3
19 8
20 11
20 18
21 15
21 16

# solution 1076
# n=22 sym=rot2 status=verified source=flammenkamp_cache/n22_rot2
# code=:9F6I7D5IDK290K474GAB2L0JAB5HEH1LCJ183G8E3F6C
0 9
0 15
1 6
1 18
2 7
2 13
3 5
3 18
4 13
4 20
5 2
5 9
6 0
6 20
7 4
7 7
8 4
8 16
9 10
9 11
10 2
10 21
11 0
11 19
12 10
12 11
13 5
13 17
14 14
14 17
15 1
15 21
16 12
16 19
17 1
17 8
18 3
18 16
19 8
19 14
20 3
20 15
21 6
21 12

# solution 1077
# n=22 sym=rot2 status=verified source=flammenkamp_cache/n22_rot2
# code=:8C6EHI6CAH175KJL35AD0J2L8BGI021GEK4B9F347F9D
0 8
0 12
1 6
1 14
2 17
2 18
3 6
3 12
4 10
4 17
5 1
5 7
6 5
6 20
7 19
7 21
8 3
8 5
9 10
9 13
10 0
10 19
11 2
11 21
12 8
12 11
13 16
13 18
14 0
14 2
15 1
15 16
16 14
16 20
17 4
17 11
18 9
18 15
19 3
19 4
20 7
20 15
21 9
21 13

# solution 1078
# n=22 sym=rot2 status=verified source=flammenkamp_cache/n22_rot2
# code=:46BC5D173ICH5J17AD060J2LFL8BEK2G493IEK8G9AFH
0 4
0 6
1 11
1 12
2 5
2 13
3 1
3 7
4 3
4 18
5 12
5 17
6 5
6 19
7 1
7 7
8 10
8 13
9 0
9 6
10 0
10 19
11 2
11 21
12 15
12 21
13 8
13 11
14 14
14 20
15 2
15 16
16 4
16 9
17 3
17 18
18 14
18 20
19 8
19 16
20 9
20 10
21 15
21 17

# solution 1079
# n=22 sym=rot2 status=verified source=flammenkamp_cache/n22_rot2
# code=:8G7B47FG18CH3FBL39120J2LJKCI0A6I49DK56EHAE5D
0 8
0 16
1 7
1 11
2 4
2 7
3 15
3 16
4 1
4 8
5 12
5 17
6 3
6 15
7 11
7 21
8 3
8 9
9 1
9 2
10 0
10 19
11 2
11 21
12 19
12 20
13 12
13 18
14 0
14 10
15 6
15 18
16 4
16 9
17 13
17 20
18 5
18 6
19 14
19 17
20 10
20 14
21 5
21 13

# solution 1080
# n=22 sym=rot2 status=verified source=flammenkamp_cache/n22_rot2
# code=:5EAE084CFK148B3JFI9G2L0J5C362IADHK169HDL7B7G
0 5
0 14
1 10
1 14
2 0
2 8
3 4
3 12
4 15
4 20
5 1
5 4
6 8
6 11
7 3
7 19
8 15
8 18
9 9
9 16
10 2
10 21
11 0
11 19
12 5
12 12
13 3
13 6
14 2
14 18
15 10
15 13
16 17
16 20
17 1
17 6
18 9
18 17
19 13
19 21
20 7
20 11
21 7
21 16

# solution 1081
# n=22 sym=rot2 status=verified source=flammenkamp_cache/n22_rot2
# code=:8C6F5KAGHKAD2H3779030J2LILCEEI4J8B145B1G6F9D
0 8
0 12
1 6
1 15
2 5
2 20
3 10
3 16
4 17
4 20
5 10
5 13
6 2
6 17
7 3
7 7
8 7
8 9
9 0
9 3
10 0
10 19
11 2
11 21
12 18
12 21
13 12
13 14
14 14
14 18
15 4
15 19
16 8
16 11
17 1
17 4
18 5
18 11
19 1
19 16
20 6
20 15
21 9
21 13

# solution 1082
# n=22 sym=rot2 status=verified source=flammenkamp_cache/n22_rot2
# code=:8B58EKBF4J17HL6939GI0J2L35CICF04EK2H6A17DGAD
0 8
0 11
1 5
1 8
2 14
2 20
3 11
3 15
4 4
4 19
5 1
5 7
6 17
6 21
7 6
7 9
8 3
8 9
9 16
9 18
10 0
10 19
11 2
11 21
12 3
12 5
13 12
13 18
14 12
14 15
15 0
15 4
16 14
16 20
17 2
17 17
18 6
18 10
19 1
19 7
20 13
20 16
21 10
21 13

# solution 1083
# n=22 sym=rot2 status=verified source=flammenkamp_cache/n22_rot2
# code=:5BFHADDK2H369E2GEK0903ILCL175J7CFI4J188B46AG
0 5
0 11
1 15
1 17
2 10
2 13
3 13
3 20
4 2
4 17
5 3
5 6
6 9
6 14
7 2
7 16
8 14
8 20
9 0
9 9
10 0
10 3
11 18
11 21
12 12
12 21
13 1
13 7
14 5
14 19
15 7
15 12
16 15
16 18
17 4
17 19
18 1
18 8
19 8
19 11
20 4
20 6
21 10
21 16

# solution 1084
# n=22 sym=rot2 status=verified source=flammenkamp_cache/n22_rot2
# code=:8A699E362EGH1D154LAIJL023B0HGK8K457JFI7CCFBD
0 8
0 10
1 6
1 9
2 9
2 14
3 3
3 6
4 2
4 14
5 16
5 17
6 1
6 13
7 1
7 5
8 4
8 21
9 10
9 18
10 19
10 21
11 0
11 2
12 3
12 11
13 0
13 17
14 16
14 20
15 8
15 20
16 4
16 5
17 7
17 19
18 15
18 18
19 7
19 12
20 12
20 15
21 11
21 13

# solution 1085
# n=22 sym=rot2 status=verified source=flammenkamp_cache/n22_rot2
# code=:8C7B47FG13FK8C3L5H2AJL02BJ4G0I9D16IK56EHAE9D
0 8
0 12
1 7
1 11
2 4
2 7
3 15
3 16
4 1
4 3
5 15
5 20
6 8
6 12
7 3
7 21
8 5
8 17
9 2
9 10
10 19
10 21
11 0
11 2
12 11
12 19
13 4
13 16
14 0
14 18
15 9
15 13
16 1
16 6
17 18
17 20
18 5
18 6
19 14
19 17
20 10
20 14
21 9
21 13

# solution 1086
# n=22 sym=rot2 status=verified source=flammenkamp_cache/n22_rot2
# code=:DE9G679I24AI0K8F4KAGJL025B1H6D1L3BHJ3CEF5C78
0 13
0 14
1 9
1 16
2 6
2 7
3 9
3 18
4 2
4 4
5 10
5 18
6 0
6 20
7 8
7 15
8 4
8 20
9 10
9 16
10 19
10 21
11 0
11 2
12 5
12 11
13 1
13 17
14 6
14 13
15 1
15 21
16 3
16 11
17 17
17 19
18 3
18 12
19 14
19 15
20 5
20 12
21 7
21 8

# solution 1087
# n=22 sym=rot2 status=verified source=flammenkamp_cache/n22_rot2
# code=:BEEG689G36HL132H8KACJL029B1D4JIK04FI5CDF577A
0 11
0 14
1 14
1 16
2 6
2 8
3 9
3 16
4 3
4 6
5 17
5 21
6 1
6 3
7 2
7 17
8 8
8 20
9 10
9 12
10 19
10 21
11 0
11 2
12 9
12 11
13 1
13 13
14 4
14 19
15 18
15 20
16 0
16 4
17 15
17 18
18 5
18 12
19 13
19 15
20 5
20 7
21 7
21 10

# solution 1088
# n=22 sym=rot2 status=verified source=flammenkamp_cache/n22_rot2
# code=:8C4F59DF35AE0J134A1EJL027KBHIK2L7BGI68CG6H9D
0 8
0 12
1 4
1 15
2 5
2 9
3 13
3 15
4 3
4 5
5 10
5 14
6 0
6 19
7 1
7 3
8 4
8 10
9 1
9 14
10 19
10 21
11 0
11 2
12 7
12 20
13 11
13 17
14 18
14 20
15 2
15 21
16 7
16 11
17 16
17 18
18 6
18 8
19 12
19 16
20 6
20 17
21 9
21 13

# solution 1089
# n=22 sym=rot2 status=verified source=flammenkamp_cache/n22_rot2
# code=:8A6EAEIJ5L16CH031H9JDG582C4KIL49FK0G237B7FBD
0 8
0 10
1 6
1 14
2 10
2 14
3 18
3 19
4 5
4 21
5 1
5 6
6 12
6 17
7 0
7 3
8 1
8 17
9 9
9 19
10 13
10 16
11 5
11 8
12 2
12 12
13 4
13 20
14 18
14 21
15 4
15 9
16 15
16 20
17 0
17 16
18 2
18 3
19 7
19 11
20 7
20 15
21 11
21 13

# solution 1090
# n=22 sym=rot2 status=verified source=flammenkamp_cache/n22_rot2
# code=:895D6LHKAE2634EK9A3GJL025IBC17HIFJ7B140F8GCD
0 8
0 9
1 5
1 13
2 6
2 21
3 17
3 20
4 10
4 14
5 2
5 6
6 3
6 4
7 14
7 20
8 9
8 10
9 3
9 16
10 19
10 21
11 0
11 2
12 5
12 18
13 11
13 12
14 1
14 7
15 17
15 18
16 15
16 19
17 7
17 11
18 1
18 4
19 0
19 15
20 8
20 16
21 12
21 13

# solution 1091
# n=22 sym=rot2 status=verified source=flammenkamp_cache/n22_rot2
# code=:7F5918FI5A0C3HJKAH7DJL028E4B124I9LBG36DKCG6E
0 7
0 15
1 5
1 9
2 1
2 8
3 15
3 18
4 5
4 10
5 0
5 12
6 3
6 17
7 19
7 20
8 10
8 17
9 7
9 13
10 19
10 21
11 0
11 2
12 8
12 14
13 4
13 11
14 1
14 2
15 4
15 18
16 9
16 21
17 11
17 16
18 3
18 6
19 13
19 20
20 12
20 16
21 6
21 14

# solution 1092
# n=22 sym=rot2 status=verified source=flammenkamp_cache/n22_rot2
# code=:FH8CEG138A263LEG9A1HJL024KBC570IFJBDIK579D46
0 15
0 17
1 8
1 12
2 14
2 16
3 1
3 3
4 8
4 10
5 2
5 6
6 3
6 21
7 14
7 16
8 9
8 10
9 1
9 17
10 19
10 21
11 0
11 2
12 4
12 20
13 11
13 12
14 5
14 7
15 0
15 18
16 15
16 19
17 11
17 13
18 18
18 20
19 5
19 7
20 9
20 13
21 4
21 6

# solution 1093
# n=22 sym=rot2 status=verified source=flammenkamp_cache/n22_rot2
# code=:EGBF7D4IGK2I48FK9B0902JLCLAC16DH3J153H8E6A57
0 14
0 16
1 11
1 15
2 7
2 13
3 4
3 18
4 16
4 20
5 2
5 18
6 4
6 8
7 15
7 20
8 9
8 11
9 0
9 9
10 0
10 2
11 19
11 21
12 12
12 21
13 10
13 12
14 1
14 6
15 13
15 17
16 3
16 19
17 1
17 5
18 3
18 17
19 8
19 14
20 6
20 10
21 5
21 7

# solution 1094
# n=22 sym=rot2 status=verified source=flammenkamp_cache/n22_rot2
# code=:6E9EGH9J383DBG4A160KJL021LFKBH5A8IDI2C457C7F
0 6
0 14
1 9
1 14
2 16
2 17
3 9
3 19
4 3
4 8
5 3
5 13
6 11
6 16
7 4
7 10
8 1
8 6
9 0
9 20
10 19
10 21
11 0
11 2
12 1
12 21
13 15
13 20
14 11
14 17
15 5
15 10
16 8
16 18
17 13
17 18
18 2
18 12
19 4
19 5
20 7
20 12
21 7
21 15

# solution 1095
# n=22 sym=rot2 status=verified source=flammenkamp_cache/n22_rot2
# code=:AC6DAI45JLFI4J8E059K1E7K1CGL7D2H3602GH3B8F9B
0 10
0 12
1 6
1 13
2 10
2 18
3 4
3 5
4 19
4 21
5 15
5 18
6 4
6 19
7 8
7 14
8 0
8 5
9 9
9 20
10 1
10 14
11 7
11 20
12 1
12 12
13 16
13 21
14 7
14 13
15 2
15 17
16 3
16 6
17 0
17 2
18 16
18 17
19 3
19 11
20 8
20 15
21 9
21 11

# solution 1096
# n=22 sym=rot2 status=verified source=flammenkamp_cache/n22_rot2
# code=:7A9D396E2I48AK15GHFLJL020645GK1BDH3J7FCI8CBE
0 7
0 10
1 9
1 13
2 3
2 9
3 6
3 14
4 2
4 18
5 4
5 8
6 10
6 20
7 1
7 5
8 16
8 17
9 15
9 21
10 19
10 21
11 0
11 2
12 0
12 6
13 4
13 5
14 16
14 20
15 1
15 11
16 13
16 17
17 3
17 19
18 7
18 15
19 12
19 18
20 8
20 12
21 11
21 14

# solution 1097
# n=22 sym=rot2 status=verified source=flammenkamp_cache/n22_rot2
# code=:9D67AHFI457ADKIL2915JL02GKCJ0318BEGH364BEF8C
0 9
0 13
1 6
1 7
2 10
2 17
3 15
3 18
4 4
4 5
5 7
5 10
6 13
6 20
7 18
7 21
8 2
8 9
9 1
9 5
10 19
10 21
11 0
11 2
12 16
12 20
13 12
13 19
14 0
14 3
15 1
15 8
16 11
16 14
17 16
17 17
18 3
18 6
19 4
19 11
20 14
20 15
21 8
21 12

# solution 1098
# n=22 sym=rot2 status=verified source=flammenkamp_cache/n22_rot2
# code=:AGEH2G893A8H13EF691LJL020KCF67IK4DBICD5J475B
0 10
0 16
1 14
1 17
2 2
2 16
3 8
3 9
4 3
4 10
5 8
5 17
6 1
6 3
7 14
7 15
8 6
8 9
9 1
9 21
10 19
10 21
11 0
11 2
12 0
12 20
13 12
13 15
14 6
14 7
15 18
15 20
16 4
16 13
17 11
17 18
18 12
18 13
19 5
19 19
20 4
20 7
21 5
21 11

# solution 1099
# n=22 sym=rot2 status=verified source=flammenkamp_cache/n22_rot2
# code=:7A6C48FH5A01EI5K892IJL023JCD1G37KLBG46DH9FBE
0 7
0 10
1 6
1 12
2 4
2 8
3 15
3 17
4 5
4 10
5 0
5 1
6 14
6 18
7 5
7 20
8 8
8 9
9 2
9 18
10 19
10 21
11 0
11 2
12 3
12 19
13 12
13 13
14 1
14 16
15 3
15 7
16 20
16 21
17 11
17 16
18 4
18 6
19 13
19 17
20 9
20 15
21 11
21 14

# solution 1100
# n=22 sym=rot2 status=verified source=flammenkamp_cache/n22_rot2
# code=:AE6C48FH5A01EI5K892IJL023JCD1G37KLBG46DH9F7B
0 10
0 14
1 6
1 12
2 4
2 8
3 15
3 17
4 5
4 10
5 0
5 1
6 14
6 18
7 5
7 20
8 8
8 9
9 2
9 18
10 19
10 21
11 0
11 2
12 3
12 19
13 12
13 13
14 1
14 16
15 3
15 7
16 20
16 21
17 11
17 16
18 4
18 6
19 13
19 17
20 9
20 15
21 7
21 11

# solution 1101
# n=22 sym=rot2 status=verified source=flammenkamp_cache/n22_rot2
# code=:7AEG3A9J6G0KHK48DF9JIL032C68DH141L5F2CBI57BE
0 7
0 10
1 14
1 16
2 3
2 10
3 9
3 19
4 6
4 16
5 0
5 20
6 17
6 20
7 4
7 8
8 13
8 15
9 9
9 19
10 18
10 21
11 0
11 3
12 2
12 12
13 6
13 8
14 13
14 17
15 1
15 4
16 1
16 21
17 5
17 15
18 2
18 12
19 11
19 18
20 5
20 7
21 11
21 14

# solution 1102
# n=22 sym=rot2 status=verified source=flammenkamp_cache/n22_rot2
# code=:5B8EFLBD6C241G17493IJL023ICHEK5KHJ9F8A067DAG
0 5
0 11
1 8
1 14
2 15
2 21
3 11
3 13
4 6
4 12
5 2
5 4
6 1
6 16
7 1
7 7
8 4
8 9
9 3
9 18
10 19
10 21
11 0
11 2
12 3
12 18
13 12
13 17
14 14
14 20
15 5
15 20
16 17
16 19
17 9
17 15
18 8
18 10
19 0
19 6
20 7
20 13
21 10
21 16

# solution 1103
# n=22 sym=rot2 status=verified source=flammenkamp_cache/n22_rot2
# code=:7ADIAC5G36HLEK12DH9FJL026C48JK1704FI5G9B38BE
0 7
0 10
1 13
1 18
2 10
2 12
3 5
3 16
4 3
4 6
5 17
5 21
6 14
6 20
7 1
7 2
8 13
8 17
9 9
9 15
10 19
10 21
11 0
11 2
12 6
12 12
13 4
13 8
14 19
14 20
15 1
15 7
16 0
16 4
17 15
17 18
18 5
18 16
19 9
19 11
20 3
20 8
21 11
21 14

# solution 1104
# n=22 sym=rot2 status=verified source=flammenkamp_cache/n22_rot2
# code=:3ACHAF5738DHKL291E6GJL025F7KCJ0148DIEG6B49BI
0 3
0 10
1 12
1 17
2 10
2 15
3 5
3 7
4 3
4 8
5 13
5 17
6 20
6 21
7 2
7 9
8 1
8 14
9 6
9 16
10 19
10 21
11 0
11 2
12 5
12 15
13 7
13 20
14 12
14 19
15 0
15 1
16 4
16 8
17 13
17 18
18 14
18 16
19 6
19 11
20 4
20 9
21 11
21 18

# solution 1105
# n=22 sym=rot2 status=verified source=flammenkamp_cache/n22_rot2
# code=:AK4BEF463JDG8C9L13EGJL0257IK0C9D582IFH67AH1B
0 10
0 20
1 4
1 11
2 14
2 15
3 4
3 6
4 3
4 19
5 13
5 16
6 8
6 12
7 9
7 21
8 1
8 3
9 14
9 16
10 19
10 21
11 0
11 2
12 5
12 7
13 18
13 20
14 0
14 12
15 9
15 13
16 5
16 8
17 2
17 18
18 15
18 17
19 6
19 7
20 10
20 17
21 1
21 11

# solution 1106
# n=22 sym=rot2 status=verified source=flammenkamp_cache/n22_rot2
# code=:CDAB34HIJL0E286KEG1956FGCK571FDJ7L0234HIAB89
0 12
0 13
1 10
1 11
2 3
2 4
3 17
3 18
4 19
4 21
5 0
5 14
6 2
6 8
7 6
7 20
8 14
8 16
9 1
9 9
10 5
10 6
11 15
11 16
12 12
12 20
13 5
13 7
14 1
14 15
15 13
15 19
16 7
16 21
17 0
17 2
18 3
18 4
19 17
19 18
20 10
20 11
21 8
21 9

# solution 1107
# n=22 sym=rot2 status=verified source=flammenkamp_cache/n22_rot2
# code=:45AEEIDLIJ498926AFGL1K1K056BFJCDCH2308377BGH
0 4
0 5
1 10
1 14
2 14
2 18
3 13
3 21
4 18
4 19
5 4
5 9
6 8
6 9
7 2
7 6
8 10
8 15
9 16
9 21
10 1
10 20
11 1
11 20
12 0
12 5
13 6
13 11
14 15
14 19
15 12
15 13
16 12
16 17
17 2
17 3
18 0
18 8
19 3
19 7
20 7
20 11
21 16
21 17

# solution 1108
# n=22 sym=rot2 status=verified source=flammenkamp_cache/n22_rot2
# code=:9IAB8G9JFG461J0E8KEH0I3L471D7L2KFH562C5DAB3C
0 9
0 18
1 10
1 11
2 8
2 16
3 9
3 19
4 15
4 16
5 4
5 6
6 1
6 19
7 0
7 14
8 8
8 20
9 14
9 17
10 0
10 18
11 3
11 21
12 4
12 7
13 1
13 13
14 7
14 21
15 2
15 20
16 15
16 17
17 5
17 6
18 2
18 12
19 5
19 13
20 10
20 11
21 3
21 12

# solution 1109
# n=22 sym=rot2 status=verified source=flammenkamp_cache/n22_rot2
# code=:39AB8G9JFG461J0E8KEH0I3L471D7L2KFH562C5DABCI
0 3
0 9
1 10
1 11
2 8
2 16
3 9
3 19
4 15
4 16
5 4
5 6
6 1
6 19
7 0
7 14
8 8
8 20
9 14
9 17
10 0
10 18
11 3
11 21
12 4
12 7
13 1
13 13
14 7
14 21
15 2
15 20
16 15
16 17
17 5
17 6
18 2
18 12
19 5
19 13
20 10
20 11
21 12
21 18

# solution 1110
# n=22 sym=rot2 status=verified source=flammenkamp_cache/n22_rot2
# code=:9FAB689JGK3G7J048KEH03IL471DHL2E5I152CDFAB6C
0 9
0 15
1 10
1 11
2 6
2 8
3 9
3 19
4 16
4 20
5 3
5 16
6 7
6 19
7 0
7 4
8 8
8 20
9 14
9 17
10 0
10 3
11 18
11 21
12 4
12 7
13 1
13 13
14 17
14 21
15 2
15 14
16 5
16 18
17 1
17 5
18 2
18 12
19 13
19 15
20 10
20 11
21 6
21 12

# solution 1111
# n=22 sym=rot2 status=verified source=flammenkamp_cache/n22_rot2
# code=:9F57ILBD2IDG4J47196A01KLBFCKEH2H583J8A03EG6C
0 9
0 15
1 5
1 7
2 18
2 21
3 11
3 13
4 2
4 18
5 13
5 16
6 4
6 19
7 4
7 7
8 1
8 9
9 6
9 10
10 0
10 1
11 20
11 21
12 11
12 15
13 12
13 20
14 14
14 17
15 2
15 17
16 5
16 8
17 3
17 19
18 8
18 10
19 0
19 3
20 14
20 16
21 6
21 12

# solution 1112
# n=22 sym=rot2 status=verified source=flammenkamp_cache/n22_rot2
# code=:6B794F2IDG79DI2L4GAK01KL1B5H0J38CE583J6HCEAF
0 6
0 11
1 7
1 9
2 4
2 15
3 2
3 18
4 13
4 16
5 7
5 9
6 13
6 18
7 2
7 21
8 4
8 16
9 10
9 20
10 0
10 1
11 20
11 21
12 1
12 11
13 5
13 17
14 0
14 19
15 3
15 8
16 12
16 14
17 5
17 8
18 3
18 19
19 6
19 17
20 12
20 14
21 10
21 15

# solution 1113
# n=22 sym=rot2 status=verified source=flammenkamp_cache/n22_rot2
# code=:CD56EI26DH39ELAH2GAK01KL1B5J4B07CI48FJ37FG89
0 12
0 13
1 5
1 6
2 14
2 18
3 2
3 6
4 13
4 17
5 3
5 9
6 14
6 21
7 10
7 17
8 2
8 16
9 10
9 20
10 0
10 1
11 20
11 21
12 1
12 11
13 5
13 19
14 4
14 11
15 0
15 7
16 12
16 18
17 4
17 8
18 15
18 19
19 3
19 7
20 15
20 16
21 8
21 9

# solution 1114
# n=22 sym=rot2 status=verified source=flammenkamp_cache/n22_rot2
# code=:89CF5E15BF8J0JEH343A01KLBIHI472L2D6AGK7G69CD
0 8
0 9
1 12
1 15
2 5
2 14
3 1
3 5
4 11
4 15
5 8
5 19
6 0
6 19
7 14
7 17
8 3
8 4
9 3
9 10
10 0
10 1
11 20
11 21
12 11
12 18
13 17
13 18
14 4
14 7
15 2
15 21
16 2
16 13
17 6
17 10
18 16
18 20
19 7
19 16
20 6
20 9
21 12
21 13

# solution 1115
# n=22 sym=rot2 status=verified source=flammenkamp_cache/n22_rot2
# code=:56DEAD391I9JGJ460HAE01KL7B4LFH252C3KCI8B78FG
0 5
0 6
1 13
1 14
2 10
2 13
3 3
3 9
4 1
4 18
5 9
5 19
6 16
6 19
7 4
7 6
8 0
8 17
9 10
9 14
10 0
10 1
11 20
11 21
12 7
12 11
13 4
13 21
14 15
14 17
15 2
15 5
16 2
16 12
17 3
17 20
18 12
18 18
19 8
19 11
20 7
20 8
21 15
21 16

# solution 1116
# n=22 sym=rot2 status=verified source=flammenkamp_cache/n22_rot2
# code=:69CH47BEGJ2D163DILAG01KL5B038IFK8J257AEH49CF
0 6
0 9
1 12
1 17
2 4
2 7
3 11
3 14
4 16
4 19
5 2
5 13
6 1
6 6
7 3
7 13
8 18
8 21
9 10
9 16
10 0
10 1
11 20
11 21
12 5
12 11
13 0
13 3
14 8
14 18
15 15
15 20
16 8
16 19
17 2
17 5
18 7
18 10
19 14
19 17
20 4
20 9
21 12
21 15

# solution 1117
# n=22 sym=rot2 status=verified source=flammenkamp_cache/n22_rot2
# code=:6BBE054I5J9DEKIL1H296D8FCJ4K03178C2G3HGL7AAF
0 6
0 11
1 11
1 14
2 0
2 5
3 4
3 18
4 5
4 19
5 9
5 13
6 14
6 20
7 18
7 21
8 1
8 17
9 2
9 9
10 6
10 13
11 8
11 15
12 12
12 19
13 4
13 20
14 0
14 3
15 1
15 7
16 8
16 12
17 2
17 16
18 3
18 17
19 16
19 21
20 7
20 10
21 10
21 15

# solution 1118
# n=22 sym=rot2 status=verified source=flammenkamp_cache/n22_rot2
# code=:0C8F5FAJCGIJ4714AD3E01KL7I8BHKEH23592B6G6D9L
0 0
0 12
1 8
1 15
2 5
2 15
3 10
3 19
4 12
4 16
5 18
5 19
6 4
6 7
7 1
7 4
8 10
8 13
9 3
9 14
10 0
10 1
11 20
11 21
12 7
12 18
13 8
13 11
14 17
14 20
15 14
15 17
16 2
16 3
17 5
17 9
18 2
18 11
19 6
19 16
20 6
20 13
21 9
21 21

# solution 1119
# n=22 sym=rot2 status=verified source=flammenkamp_cache/n22_rot2
# code=:5J8C1EAHCFHJ0537AD6I01KL3F8BEIGL24694B7K9D2G
0 5
0 19
1 8
1 12
2 1
2 14
3 10
3 17
4 12
4 15
5 17
5 19
6 0
6 5
7 3
7 7
8 10
8 13
9 6
9 18
10 0
10 1
11 20
11 21
12 3
12 15
13 8
13 11
14 14
14 18
15 16
15 21
16 2
16 4
17 6
17 9
18 4
18 11
19 7
19 20
20 9
20 13
21 2
21 16

# solution 1120
# n=22 sym=rot2 status=verified source=flammenkamp_cache/n22_rot2
# code=:7D58CE4BGJJK3H690A6I01KL3FBLCF4I1225AH79DG8E
0 7
0 13
1 5
1 8
2 12
2 14
3 4
3 11
4 16
4 19
5 19
5 20
6 3
6 17
7 6
7 9
8 0
8 10
9 6
9 18
10 0
10 1
11 20
11 21
12 3
12 15
13 11
13 21
14 12
14 15
15 4
15 18
16 1
16 2
17 2
17 5
18 10
18 17
19 7
19 9
20 13
20 16
21 8
21 14

# solution 1121
# n=22 sym=rot2 status=verified source=flammenkamp_cache/n22_rot2
# code=:8C6C8HBJ3G173L6EAHGJ01KL254B7F0IEK5I2A4D9F9D
0 8
0 12
1 6
1 12
2 8
2 17
3 11
3 19
4 3
4 16
5 1
5 7
6 3
6 21
7 6
7 14
8 10
8 17
9 16
9 19
10 0
10 1
11 20
11 21
12 2
12 5
13 4
13 11
14 7
14 15
15 0
15 18
16 14
16 20
17 5
17 18
18 2
18 10
19 4
19 13
20 9
20 15
21 9
21 13

# solution 1122
# n=22 sym=rot2 status=verified source=flammenkamp_cache/n22_rot2
# code=:CF695E2BIJ148HEI8A0G01KL5LBD374DHK23AJ7GCF69
0 12
0 15
1 6
1 9
2 5
2 14
3 2
3 11
4 18
4 19
5 1
5 4
6 8
6 17
7 14
7 18
8 8
8 10
9 0
9 16
10 0
10 1
11 20
11 21
12 5
12 21
13 11
13 13
14 3
14 7
15 4
15 13
16 17
16 20
17 2
17 3
18 10
18 19
19 7
19 16
20 12
20 15
21 6
21 9

# solution 1123
# n=22 sym=rot2 status=verified source=flammenkamp_cache/n22_rot2
# code=:7C58CHBHGJ3J1736AD0601KLFL8BFIEK2I254A49DG9E
0 7
0 12
1 5
1 8
2 12
2 17
3 11
3 17
4 16
4 19
5 3
5 19
6 1
6 7
7 3
7 6
8 10
8 13
9 0
9 6
10 0
10 1
11 20
11 21
12 15
12 21
13 8
13 11
14 15
14 18
15 14
15 20
16 2
16 18
17 2
17 5
18 4
18 10
19 4
19 9
20 13
20 16
21 9
21 14

# solution 1124
# n=22 sym=rot2 status=verified source=flammenkamp_cache/n22_rot2
# code=:6C7D467BCH2I1D2I5A0G01KL5LBG3J8K3J49AEFH8E9F
0 6
0 12
1 7
1 13
2 4
2 6
3 7
3 11
4 12
4 17
5 2
5 18
6 1
6 13
7 2
7 18
8 5
8 10
9 0
9 16
10 0
10 1
11 20
11 21
12 5
12 21
13 11
13 16
14 3
14 19
15 8
15 20
16 3
16 19
17 4
17 9
18 10
18 14
19 15
19 17
20 8
20 14
21 9
21 15

# solution 1125
# n=22 sym=rot2 status=verified source=flammenkamp_cache/n22_rot2
# code=:6C7D467BCHIJ1D2I5A0G01KL5LBG3J8K2349AEFH8E9F
0 6
0 12
1 7
1 13
2 4
2 6
3 7
3 11
4 12
4 17
5 18
5 19
6 1
6 13
7 2
7 18
8 5
8 10
9 0
9 16
10 0
10 1
11 20
11 21
12 5
12 21
13 11
13 16
14 3
14 19
15 8
15 20
16 2
16 3
17 4
17 9
18 10
18 14
19 15
19 17
20 8
20 14
21 9
21 15

# solution 1126
# n=22 sym=rot2 status=verified source=flammenkamp_cache/n22_rot2
# code=:6G9E4A4J1L29DG7IADFI01KL368B3E58CJ0K2HBH7C5F
0 6
0 16
1 9
1 14
2 4
2 10
3 4
3 19
4 1
4 21
5 2
5 9
6 13
6 16
7 7
7 18
8 10
8 13
9 15
9 18
10 0
10 1
11 20
11 21
12 3
12 6
13 8
13 11
14 3
14 14
15 5
15 8
16 12
16 19
17 0
17 20
18 2
18 17
19 11
19 17
20 7
20 12
21 5
21 15

# solution 1127
# n=22 sym=rot2 status=verified source=flammenkamp_cache/n22_rot2
# code=:FI9B5F2C8H3KEH2L5ADE01KL78BG0J471I4D9J6GAC36
0 15
0 18
1 9
1 11
2 5
2 15
3 2
3 12
4 8
4 17
5 3
5 20
6 14
6 17
7 2
7 21
8 5
8 10
9 13
9 14
10 0
10 1
11 20
11 21
12 7
12 8
13 11
13 16
14 0
14 19
15 4
15 7
16 1
16 18
17 4
17 13
18 9
18 19
19 6
19 16
20 10
20 12
21 3
21 6

# solution 1128
# n=22 sym=rot2 status=verified source=flammenkamp_cache/n22_rot2
# code=:5BBF8I2CEH2I7C058K0KFH461L1DGL9E3J479J3D6AAG
0 5
0 11
1 11
1 15
2 8
2 18
3 2
3 12
4 14
4 17
5 2
5 18
6 7
6 12
7 0
7 5
8 8
8 20
9 0
9 20
10 15
10 17
11 4
11 6
12 1
12 21
13 1
13 13
14 16
14 21
15 9
15 14
16 3
16 19
17 4
17 7
18 9
18 19
19 3
19 13
20 6
20 10
21 10
21 16

# solution 1129
# n=22 sym=rot2 status=verified source=flammenkamp_cache/n22_rot2
# code=:69CD47AEHJ2D6A0KGI3501KLGI351LBF8J247BEH89CF
0 6
0 9
1 12
1 13
2 4
2 7
3 10
3 14
4 17
4 19
5 2
5 13
6 6
6 10
7 0
7 20
8 16
8 18
9 3
9 5
10 0
10 1
11 20
11 21
12 16
12 18
13 3
13 5
14 1
14 21
15 11
15 15
16 8
16 19
17 2
17 4
18 7
18 11
19 14
19 17
20 8
20 9
21 12
21 15

# solution 1130
# n=22 sym=rot2 status=verified source=flammenkamp_cache/n22_rot2
# code=:67CD4F2BGK57AD2H390301KLILCI4J8BEG15AJ6H89EF
0 6
0 7
1 12
1 13
2 4
2 15
3 2
3 11
4 16
4 20
5 5
5 7
6 10
6 13
7 2
7 17
8 3
8 9
9 0
9 3
10 0
10 1
11 20
11 21
12 18
12 21
13 12
13 18
14 4
14 19
15 8
15 11
16 14
16 16
17 1
17 5
18 10
18 19
19 6
19 17
20 8
20 9
21 14
21 15

# solution 1131
# n=22 sym=rot2 status=verified source=flammenkamp_cache/n22_rot2
# code=:EF358A9E4J3JAG489F0K01KL1L6CDH5B2I2H7CBDGI67
0 14
0 15
1 3
1 5
2 8
2 10
3 9
3 14
4 4
4 19
5 3
5 19
6 10
6 16
7 4
7 8
8 9
8 15
9 0
9 20
10 0
10 1
11 20
11 21
12 1
12 21
13 6
13 12
14 13
14 17
15 5
15 11
16 2
16 18
17 2
17 17
18 7
18 12
19 11
19 13
20 16
20 18
21 6
21 7

# solution 1132
# n=22 sym=rot2 status=verified source=flammenkamp_cache/n22_rot2
# code=:9B8BEH4G9G3602EK28IK0F6L13DJ17JLFI5C5H47ADAC
0 9
0 11
1 8
1 11
2 14
2 17
3 4
3 16
4 9
4 16
5 3
5 6
6 0
6 2
7 14
7 20
8 2
8 8
9 18
9 20
10 0
10 15
11 6
11 21
12 1
12 3
13 13
13 19
14 1
14 7
15 19
15 21
16 15
16 18
17 5
17 12
18 5
18 17
19 4
19 7
20 10
20 13
21 10
21 12

# solution 1133
# n=22 sym=rot2 status=verified source=flammenkamp_cache/n22_rot2
# code=:8BBEFI1505CJ9I048EJK46FH127DHL3C29GLGK367AAD
0 8
0 11
1 11
1 14
2 15
2 18
3 1
3 5
4 0
4 5
5 12
5 19
6 9
6 18
7 0
7 4
8 8
8 14
9 19
9 20
10 4
10 6
11 15
11 17
12 1
12 2
13 7
13 13
14 17
14 21
15 3
15 12
16 2
16 9
17 16
17 21
18 16
18 20
19 3
19 6
20 7
20 10
21 10
21 13

# solution 1134
# n=22 sym=rot2 status=verified source=flammenkamp_cache/n22_rot2
# code=:BJ3BDF6825HKCK0L5E9EHI347C7G0L1914GJDF68AI2A
0 11
0 19
1 3
1 11
2 13
2 15
3 6
3 8
4 2
4 5
5 17
5 20
6 12
6 20
7 0
7 21
8 5
8 14
9 9
9 14
10 17
10 18
11 3
11 4
12 7
12 12
13 7
13 16
14 0
14 21
15 1
15 9
16 1
16 4
17 16
17 19
18 13
18 15
19 6
19 8
20 10
20 18
21 2
21 10

# solution 1135
# n=22 sym=rot2 status=verified source=flammenkamp_cache/n22_rot2
# code=:4BBI6K0D37CGJK580E9FHJ246C7LDG1259EI8L1F3AAH
0 4
0 11
1 11
1 18
2 6
2 20
3 0
3 13
4 3
4 7
5 12
5 16
6 19
6 20
7 5
7 8
8 0
8 14
9 9
9 15
10 17
10 19
11 2
11 4
12 6
12 12
13 7
13 21
14 13
14 16
15 1
15 2
16 5
16 9
17 14
17 18
18 8
18 21
19 1
19 15
20 3
20 10
21 10
21 17

# solution 1136
# n=22 sym=rot2 status=verified source=flammenkamp_cache/n22_rot2
# code=:5BBF3E5JFJ8K3C080E49HK14CH7LDL9I1D262G7I6AAG
0 5
0 11
1 11
1 15
2 3
2 14
3 5
3 19
4 15
4 19
5 8
5 20
6 3
6 12
7 0
7 8
8 0
8 14
9 4
9 9
10 17
10 20
11 1
11 4
12 12
12 17
13 7
13 21
14 13
14 21
15 9
15 18
16 1
16 13
17 2
17 6
18 2
18 16
19 7
19 18
20 6
20 10
21 10
21 16

# solution 1137
# n=22 sym=rot2 status=verified source=flammenkamp_cache/n22_rot2
# code=:4B6BEG9D7I02JLGK169D34HI8CFK1502JL3E8C57AFAH
0 4
0 11
1 6
1 11
2 14
2 16
3 9
3 13
4 7
4 18
5 0
5 2
6 19
6 21
7 16
7 20
8 1
8 6
9 9
9 13
10 3
10 4
11 17
11 18
12 8
12 12
13 15
13 20
14 1
14 5
15 0
15 2
16 19
16 21
17 3
17 14
18 8
18 12
19 5
19 7
20 10
20 15
21 10
21 17

# solution 1138
# n=22 sym=rot2 status=verified source=flammenkamp_cache/n22_rot2
# code=:6B3B6EDG7LGJ130CHK9D4J2H8C149LIK250E587FAIAF
0 6
0 11
1 3
1 11
2 6
2 14
3 13
3 16
4 7
4 21
5 16
5 19
6 1
6 3
7 0
7 12
8 17
8 20
9 9
9 13
10 4
10 19
11 2
11 17
12 8
12 12
13 1
13 4
14 9
14 21
15 18
15 20
16 2
16 5
17 0
17 14
18 5
18 8
19 7
19 15
20 10
20 18
21 10
21 15

# solution 1139
# n=22 sym=rot2 status=verified source=flammenkamp_cache/n22_rot2
# code=:9B3B8G9JFG461J0E8KEH0I3L471D7L2KFH562C5DAIAC
0 9
0 11
1 3
1 11
2 8
2 16
3 9
3 19
4 15
4 16
5 4
5 6
6 1
6 19
7 0
7 14
8 8
8 20
9 14
9 17
10 0
10 18
11 3
11 21
12 4
12 7
13 1
13 13
14 7
14 21
15 2
15 20
16 15
16 17
17 5
17 6
18 2
18 12
19 5
19 13
20 10
20 18
21 10
21 12

# solution 1140
# n=22 sym=rot2 status=verified source=flammenkamp_cache/n22_rot2
# code=:BD68BH4L561I9EEJ2I59KL01CG3J277C3KFG0H4ADF8A
0 11
0 13
1 6
1 8
2 11
2 17
3 4
3 21
4 5
4 6
5 1
5 18
6 9
6 14
7 14
7 19
8 2
8 18
9 5
9 9
10 20
10 21
11 0
11 1
12 12
12 16
13 3
13 19
14 2
14 7
15 7
15 12
16 3
16 20
17 15
17 16
18 0
18 17
19 4
19 10
20 13
20 15
21 8
21 10

# solution 1141
# n=22 sym=rot2 status=verified source=flammenkamp_cache/n22_rot2
# code=:5FCDCF038I2H7KEH2AAG1L0K5BBJ471E4J3DIL69896G
0 5
0 15
1 12
1 13
2 12
2 15
3 0
3 3
4 8
4 18
5 2
5 17
6 7
6 20
7 14
7 17
8 2
8 10
9 10
9 16
10 1
10 21
11 0
11 20
12 5
12 11
13 11
13 19
14 4
14 7
15 1
15 14
16 4
16 19
17 3
17 13
18 18
18 21
19 6
19 9
20 8
20 9
21 6
21 16

# solution 1142
# n=22 sym=rot2 status=verified source=flammenkamp_cache/n22_rot2
# code=:CE38EF3C5H2J1GAH06AD1L0K8BFL4B5K2J4G9I67DI79
0 12
0 14
1 3
1 8
2 14
2 15
3 3
3 12
4 5
4 17
5 2
5 19
6 1
6 16
7 10
7 17
8 0
8 6
9 10
9 13
10 1
10 21
11 0
11 20
12 8
12 11
13 15
13 21
14 4
14 11
15 5
15 20
16 2
16 19
17 4
17 16
18 9
18 18
19 6
19 7
20 13
20 18
21 7
21 9

# solution 1143
# n=22 sym=rot2 status=verified source=flammenkamp_cache/n22_rot2
# code=:EF89GH9J48137GAJIL6A1L0KBF032B5EIKDH2C45CD67
0 14
0 15
1 8
1 9
2 16
2 17
3 9
3 19
4 4
4 8
5 1
5 3
6 7
6 16
7 10
7 19
8 18
8 21
9 6
9 10
10 1
10 21
11 0
11 20
12 11
12 15
13 0
13 3
14 2
14 11
15 5
15 14
16 18
16 20
17 13
17 17
18 2
18 12
19 4
19 5
20 12
20 13
21 6
21 7

# solution 1144
# n=22 sym=rot2 status=verified source=flammenkamp_cache/n22_rot2
# code=:DE58CH361HAC2L562I7A1L0KBE3JFG0J9B4KFI49DG78
0 13
0 14
1 5
1 8
2 12
2 17
3 3
3 6
4 1
4 17
5 10
5 12
6 2
6 21
7 5
7 6
8 2
8 18
9 7
9 10
10 1
10 21
11 0
11 20
12 11
12 14
13 3
13 19
14 15
14 16
15 0
15 19
16 9
16 11
17 4
17 20
18 15
18 18
19 4
19 9
20 13
20 16
21 7
21 8

# solution 1145
# n=22 sym=rot2 status=verified source=flammenkamp_cache/n22_rot2
# code=:9C46DE6I2IADGK7H025A1L0KBGJL4E158B3J3F78FH9C
0 9
0 12
1 4
1 6
2 13
2 14
3 6
3 18
4 2
4 18
5 10
5 13
6 16
6 20
7 7
7 17
8 0
8 2
9 5
9 10
10 1
10 21
11 0
11 20
12 11
12 16
13 19
13 21
14 4
14 14
15 1
15 5
16 8
16 11
17 3
17 19
18 3
18 15
19 7
19 8
20 15
20 17
21 9
21 12

# solution 1146
# n=22 sym=rot2 status=verified source=flammenkamp_cache/n22_rot2
# code=:9C6IDE462IADGK7H025A1L0KBGJL4E158B3JFH783F9C
0 9
0 12
1 6
1 18
2 13
2 14
3 4
3 6
4 2
4 18
5 10
5 13
6 16
6 20
7 7
7 17
8 0
8 2
9 5
9 10
10 1
10 21
11 0
11 20
12 11
12 16
13 19
13 21
14 4
14 14
15 1
15 5
16 8
16 11
17 3
17 19
18 15
18 17
19 7
19 8
20 3
20 15
21 9
21 12

# solution 1147
# n=22 sym=rot2 status=verified source=flammenkamp_cache/n22_rot2
# code=:CF05DE6B2I9J135H8HAE1L0K7B4D4GIK2C3JAF78GL69
0 12
0 15
1 0
1 5
2 13
2 14
3 6
3 11
4 2
4 18
5 9
5 19
6 1
6 3
7 5
7 17
8 8
8 17
9 10
9 14
10 1
10 21
11 0
11 20
12 7
12 11
13 4
13 13
14 4
14 16
15 18
15 20
16 2
16 12
17 3
17 19
18 10
18 15
19 7
19 8
20 16
20 21
21 6
21 9

# solution 1148
# n=22 sym=rot2 status=verified source=flammenkamp_cache/n22_rot2
# code=:6E5BFL9H9E481J3J8GAI1L0K3B5D2I2KDH7C4C06AG7F
0 6
0 14
1 5
1 11
2 15
2 21
3 9
3 17
4 9
4 14
5 4
5 8
6 1
6 19
7 3
7 19
8 8
8 16
9 10
9 18
10 1
10 21
11 0
11 20
12 3
12 11
13 5
13 13
14 2
14 18
15 2
15 20
16 13
16 17
17 7
17 12
18 4
18 12
19 0
19 6
20 10
20 16
21 7
21 15

# solution 1149
# n=22 sym=rot2 status=verified source=flammenkamp_cache/n22_rot2
# code=:AD47EF9JGJ4916ILDGAI1L0K3B5803FKCH252C67EH8B
0 10
0 13
1 4
1 7
2 14
2 15
3 9
3 19
4 16
4 19
5 4
5 9
6 1
6 6
7 18
7 21
8 13
8 16
9 10
9 18
10 1
10 21
11 0
11 20
12 3
12 11
13 5
13 8
14 0
14 3
15 15
15 20
16 12
16 17
17 2
17 5
18 2
18 12
19 6
19 7
20 14
20 17
21 8
21 11

# solution 1150
# n=22 sym=rot2 status=verified source=flammenkamp_cache/n22_rot2
# code=:FG894C26BGEJ017IAI481L0KDH3B3EKL275AFJ9HCD56
0 15
0 16
1 8
1 9
2 4
2 12
3 2
3 6
4 11
4 16
5 14
5 19
6 0
6 1
7 7
7 18
8 10
8 18
9 4
9 8
10 1
10 21
11 0
11 20
12 13
12 17
13 3
13 11
14 3
14 14
15 20
15 21
16 2
16 7
17 5
17 10
18 15
18 19
19 9
19 17
20 12
20 13
21 5
21 6

# solution 1151
# n=22 sym=rot2 status=verified source=flammenkamp_cache/n22_rot2
# code=:5D7C6ECIBJ2513HL6ADH1L0K48BF04IKGJ2A397F9E8G
0 5
0 13
1 7
1 12
2 6
2 14
3 12
3 18
4 11
4 19
5 2
5 5
6 1
6 3
7 17
7 21
8 6
8 10
9 13
9 17
10 1
10 21
11 0
11 20
12 4
12 8
13 11
13 15
14 0
14 4
15 18
15 20
16 16
16 19
17 2
17 10
18 3
18 9
19 7
19 15
20 9
20 14
21 8
21 16

# solution 1152
# n=22 sym=rot2 status=verified source=flammenkamp_cache/n22_rot2
# code=:7D59FHBH2GCJ3713AD061L0KFL8BIKEI295J4A46CG8E
0 7
0 13
1 5
1 9
2 15
2 17
3 11
3 17
4 2
4 16
5 12
5 19
6 3
6 7
7 1
7 3
8 10
8 13
9 0
9 6
10 1
10 21
11 0
11 20
12 15
12 21
13 8
13 11
14 18
14 20
15 14
15 18
16 2
16 9
17 5
17 19
18 4
18 10
19 4
19 6
20 12
20 16
21 8
21 14

# solution 1153
# n=22 sym=rot2 status=verified source=flammenkamp_cache/n22_rot2
# code=:6G9E4A4J1L29DG7IADFI1L0K368B3E58CJ0K2HBH7C5F
0 6
0 16
1 9
1 14
2 4
2 10
3 4
3 19
4 1
4 21
5 2
5 9
6 13
6 16
7 7
7 18
8 10
8 13
9 15
9 18
10 1
10 21
11 0
11 20
12 3
12 6
13 8
13 11
14 3
14 14
15 5
15 8
16 12
16 19
17 0
17 20
18 2
18 17
19 11
19 17
20 7
20 12
21 5
21 15

# solution 1154
# n=22 sym=rot2 status=verified source=flammenkamp_cache/n22_rot2
# code=:4F9E5AEF3J4C8G1JAI0D1L0K8L3B2K5D9H2I67BG7C6H
0 4
0 15
1 9
1 14
2 5
2 10
3 14
3 15
4 3
4 19
5 4
5 12
6 8
6 16
7 1
7 19
8 10
8 18
9 0
9 13
10 1
10 21
11 0
11 20
12 8
12 21
13 3
13 11
14 2
14 20
15 5
15 13
16 9
16 17
17 2
17 18
18 6
18 7
19 11
19 16
20 7
20 12
21 6
21 17

# solution 1155
# n=22 sym=rot2 status=verified source=flammenkamp_cache/n22_rot2
# code=:5FCG6A2H8I2C37EH8A011L0KKLBD47EI9J3D4JBF596G
0 5
0 15
1 12
1 16
2 6
2 10
3 2
3 17
4 8
4 18
5 2
5 12
6 3
6 7
7 14
7 17
8 8
8 10
9 0
9 1
10 1
10 21
11 0
11 20
12 20
12 21
13 11
13 13
14 4
14 7
15 14
15 18
16 9
16 19
17 3
17 13
18 4
18 19
19 11
19 15
20 5
20 9
21 6
21 16

# solution 1156
# n=22 sym=rot2 status=verified source=flammenkamp_cache/n22_rot2
# code=:AG49CE24GJ7D16ILAD6I1L0K3F8B03FK8E25HJ79CH5B
0 10
0 16
1 4
1 9
2 12
2 14
3 2
3 4
4 16
4 19
5 7
5 13
6 1
6 6
7 18
7 21
8 10
8 13
9 6
9 18
10 1
10 21
11 0
11 20
12 3
12 15
13 8
13 11
14 0
14 3
15 15
15 20
16 8
16 14
17 2
17 5
18 17
18 19
19 7
19 9
20 12
20 17
21 5
21 11

# solution 1157
# n=22 sym=rot2 status=verified source=flammenkamp_cache/n22_rot2
# code=:CD6F45AD25CI2I1A4E0E1L0K7L7HBK3J39GJ8BGH6F89
0 12
0 13
1 6
1 15
2 4
2 5
3 10
3 13
4 2
4 5
5 12
5 18
6 2
6 18
7 1
7 10
8 4
8 14
9 0
9 14
10 1
10 21
11 0
11 20
12 7
12 21
13 7
13 17
14 11
14 20
15 3
15 19
16 3
16 9
17 16
17 19
18 8
18 11
19 16
19 17
20 6
20 15
21 8
21 9

# solution 1158
# n=22 sym=rot2 status=verified source=flammenkamp_cache/n22_rot2
# code=:2F7IDGAKDG79062B9I4H1L0K4H3CAJFLCE581B583E6J
0 2
0 15
1 7
1 18
2 13
2 16
3 10
3 20
4 13
4 16
5 7
5 9
6 0
6 6
7 2
7 11
8 9
8 18
9 4
9 17
10 1
10 21
11 0
11 20
12 4
12 17
13 3
13 12
14 10
14 19
15 15
15 21
16 12
16 14
17 5
17 8
18 1
18 11
19 5
19 8
20 3
20 14
21 6
21 19

# solution 1159
# n=22 sym=rot2 status=verified source=flammenkamp_cache/n22_rot2
# code=:8A3B68EG034GCE0J1K49FJ26CH1K2L795HIL57DFAIBD
0 8
0 10
1 3
1 11
2 6
2 8
3 14
3 16
4 0
4 3
5 4
5 16
6 12
6 14
7 0
7 19
8 1
8 20
9 4
9 9
10 15
10 19
11 2
11 6
12 12
12 17
13 1
13 20
14 2
14 21
15 7
15 9
16 5
16 17
17 18
17 21
18 5
18 7
19 13
19 15
20 10
20 18
21 11
21 13

# solution 1160
# n=22 sym=rot2 status=verified source=flammenkamp_cache/n22_rot2
# code=:8A6C7C3512DH7A0JFH351L0KGI462LBE48JKGI9E9FBD
0 8
0 10
1 6
1 12
2 7
2 12
3 3
3 5
4 1
4 2
5 13
5 17
6 7
6 10
7 0
7 19
8 15
8 17
9 3
9 5
10 1
10 21
11 0
11 20
12 16
12 18
13 4
13 6
14 2
14 21
15 11
15 14
16 4
16 8
17 19
17 20
18 16
18 18
19 9
19 14
20 9
20 15
21 11
21 13

# solution 1161
# n=22 sym=rot2 status=verified source=flammenkamp_cache/n22_rot2
# code=:7ABE45028IDIFL9G129K46FH1CJK5C06383DJLGH7ABE
0 7
0 10
1 11
1 14
2 4
2 5
3 0
3 2
4 8
4 18
5 13
5 18
6 15
6 21
7 9
7 16
8 1
8 2
9 9
9 20
10 4
10 6
11 15
11 17
12 1
12 12
13 19
13 20
14 5
14 12
15 0
15 6
16 3
16 8
17 3
17 13
18 19
18 21
19 16
19 17
20 7
20 10
21 11
21 14

# solution 1162
# n=22 sym=rot2 status=verified source=flammenkamp_cache/n22_rot2
# code=:8HBK8C365BEH7J9JFL351L0KGI062C2E47AGFI9D1A4D
0 8
0 17
1 11
1 20
2 8
2 12
3 3
3 6
4 5
4 11
5 14
5 17
6 7
6 19
7 9
7 19
8 15
8 21
9 3
9 5
10 1
10 21
11 0
11 20
12 16
12 18
13 0
13 6
14 2
14 12
15 2
15 14
16 4
16 7
17 10
17 16
18 15
18 18
19 9
19 13
20 1
20 10
21 4
21 13

# solution 1163
# n=22 sym=rot2 status=verified source=flammenkamp_cache/n22_rot2
# code=:4ABH6E9LDJ6I59EK08GKIJ2315DL17CG3F280C7F4ABH
0 4
0 10
1 11
1 17
2 6
2 14
3 9
3 21
4 13
4 19
5 6
5 18
6 5
6 9
7 14
7 20
8 0
8 8
9 16
9 20
10 18
10 19
11 2
11 3
12 1
12 5
13 13
13 21
14 1
14 7
15 12
15 16
16 3
16 15
17 2
17 8
18 0
18 12
19 7
19 15
20 4
20 10
21 11
21 17

# solution 1164
# n=22 sym=rot2 status=verified source=flammenkamp_cache/n22_rot2
# code=:5A7B8GCH0J179FFI1824IL03HJDK366CEK2L495DAEBG
0 5
0 10
1 7
1 11
2 8
2 16
3 12
3 17
4 0
4 19
5 1
5 7
6 9
6 15
7 15
7 18
8 1
8 8
9 2
9 4
10 18
10 21
11 0
11 3
12 17
12 19
13 13
13 20
14 3
14 6
15 6
15 12
16 14
16 20
17 2
17 21
18 4
18 9
19 5
19 13
20 10
20 14
21 11
21 16

# solution 1165
# n=22 sym=rot2 status=verified source=flammenkamp_cache/n22_rot2
# code=:4FCF8BBI2K24DE579IGL1L0K053CEG78HJ1J3AAD696H
0 4
0 15
1 12
1 15
2 8
2 11
3 11
3 18
4 2
4 20
5 2
5 4
6 13
6 14
7 5
7 7
8 9
8 18
9 16
9 21
10 1
10 21
11 0
11 20
12 0
12 5
13 3
13 12
14 14
14 16
15 7
15 8
16 17
16 19
17 1
17 19
18 3
18 10
19 10
19 13
20 6
20 9
21 6
21 17

# solution 1166
# n=22 sym=rot2 status=verified source=flammenkamp_cache/n22_rot2
# code=:8A347BGH289F3L7J9F1G1L0K5K6C2E0I6CDJ45AEHIBD
0 8
0 10
1 3
1 4
2 7
2 11
3 16
3 17
4 2
4 8
5 9
5 15
6 3
6 21
7 7
7 19
8 9
8 15
9 1
9 16
10 1
10 21
11 0
11 20
12 5
12 20
13 6
13 12
14 2
14 14
15 0
15 18
16 6
16 12
17 13
17 19
18 4
18 5
19 10
19 14
20 17
20 18
21 11
21 13

# solution 1167
# n=22 sym=rot2 status=verified source=flammenkamp_cache/n22_rot2
# code=:AFBE58FHIJ042I9E89GK1L0K15CD7C3JHL2346DG7A6B
0 10
0 15
1 11
1 14
2 5
2 8
3 15
3 17
4 18
4 19
5 0
5 4
6 2
6 18
7 9
7 14
8 8
8 9
9 16
9 20
10 1
10 21
11 0
11 20
12 1
12 5
13 12
13 13
14 7
14 12
15 3
15 19
16 17
16 21
17 2
17 3
18 4
18 6
19 13
19 16
20 7
20 10
21 6
21 11

# solution 1168
# n=22 sym=rot2 status=verified source=flammenkamp_cache/n22_rot2
# code=:3A0B78IJFK7928FG594H1L0K4HCG56DJCE1623DEALBI
0 3
0 10
1 0
1 11
2 7
2 8
3 18
3 19
4 15
4 20
5 7
5 9
6 2
6 8
7 15
7 16
8 5
8 9
9 4
9 17
10 1
10 21
11 0
11 20
12 4
12 17
13 12
13 16
14 5
14 6
15 13
15 19
16 12
16 14
17 1
17 6
18 2
18 3
19 13
19 14
20 10
20 21
21 11
21 18

# solution 1169
# n=22 sym=rot2 status=verified source=flammenkamp_cache/n22_rot2
# code=:6CEI8E5CDH1J25AL364A0K1LBHFI0BGJ2K489G7D379F
0 6
0 12
1 14
1 18
2 8
2 14
3 5
3 12
4 13
4 17
5 1
5 19
6 2
6 5
7 10
7 21
8 3
8 6
9 4
9 10
10 0
10 20
11 1
11 21
12 11
12 17
13 15
13 18
14 0
14 11
15 16
15 19
16 2
16 20
17 4
17 8
18 9
18 16
19 7
19 13
20 3
20 7
21 9
21 15

# solution 1170
# n=22 sym=rot2 status=verified source=flammenkamp_cache/n22_rot2
# code=:8H7D45ACCI125I27FLAF0K1L6B06EJ3GJK399BGH8E4D
0 8
0 17
1 7
1 13
2 4
2 5
3 10
3 12
4 12
4 18
5 1
5 2
6 5
6 18
7 2
7 7
8 15
8 21
9 10
9 15
10 0
10 20
11 1
11 21
12 6
12 11
13 0
13 6
14 14
14 19
15 3
15 16
16 19
16 20
17 3
17 9
18 9
18 11
19 16
19 17
20 8
20 14
21 4
21 13

# solution 1171
# n=22 sym=rot2 status=verified source=flammenkamp_cache/n22_rot2
# code=:9FAH9D3H2G7813062GAE0K1L7B5JFLIKDE5J4I8C4B6C
0 9
0 15
1 10
1 17
2 9
2 13
3 3
3 17
4 2
4 16
5 7
5 8
6 1
6 3
7 0
7 6
8 2
8 16
9 10
9 14
10 0
10 20
11 1
11 21
12 7
12 11
13 5
13 19
14 15
14 21
15 18
15 20
16 13
16 14
17 5
17 19
18 4
18 18
19 8
19 12
20 4
20 11
21 6
21 12

# solution 1172
# n=22 sym=rot2 status=verified source=flammenkamp_cache/n22_rot2
# code=:9E5FEH28493IFLBK5A280K1LDJBG1A063ICHDJ476G7C
0 9
0 14
1 5
1 15
2 14
2 17
3 2
3 8
4 4
4 9
5 3
5 18
6 15
6 21
7 11
7 20
8 5
8 10
9 2
9 8
10 0
10 20
11 1
11 21
12 13
12 19
13 11
13 16
14 1
14 10
15 0
15 6
16 3
16 18
17 12
17 17
18 13
18 19
19 4
19 7
20 6
20 16
21 7
21 12

# solution 1173
# n=22 sym=rot2 status=verified source=flammenkamp_cache/n22_rot2
# code=:38CF7J4E3JCH6A1GAG0D0K1L8L5B5KBF492I7H2E69DI
0 3
0 8
1 12
1 15
2 7
2 19
3 4
3 14
4 3
4 19
5 12
5 17
6 6
6 10
7 1
7 16
8 10
8 16
9 0
9 13
10 0
10 20
11 1
11 21
12 8
12 21
13 5
13 11
14 5
14 20
15 11
15 15
16 4
16 9
17 2
17 18
18 7
18 17
19 2
19 14
20 6
20 9
21 13
21 18

# solution 1174
# n=22 sym=rot2 status=verified source=flammenkamp_cache/n22_rot2
# code=:5F8CEF2C7JBD45ILAK340K1LHI1B03GH8A2E9J679D6G
0 5
0 15
1 8
1 12
2 14
2 15
3 2
3 12
4 7
4 19
5 11
5 13
6 4
6 5
7 18
7 21
8 10
8 20
9 3
9 4
10 0
10 20
11 1
11 21
12 17
12 18
13 1
13 11
14 0
14 3
15 16
15 17
16 8
16 10
17 2
17 14
18 9
18 19
19 6
19 7
20 9
20 13
21 6
21 16

# solution 1175
# n=22 sym=rot2 status=verified source=flammenkamp_cache/n22_rot2
# code=:3C8F5JAE6JEH5C1L3A480K1LDHBI0K9G472F7B2G6D9I
0 3
0 12
1 8
1 15
2 5
2 19
3 10
3 14
4 6
4 19
5 14
5 17
6 5
6 12
7 1
7 21
8 3
8 10
9 4
9 8
10 0
10 20
11 1
11 21
12 13
12 17
13 11
13 18
14 0
14 20
15 9
15 16
16 4
16 7
17 2
17 15
18 7
18 11
19 2
19 16
20 6
20 13
21 9
21 18

# solution 1176
# n=22 sym=rot2 status=verified source=flammenkamp_cache/n22_rot2
# code=:6ICF597A1GHLHJ27AD380K1LDI8BEJ24045KBECG693F
0 6
0 18
1 12
1 15
2 5
2 9
3 7
3 10
4 1
4 16
5 17
5 21
6 17
6 19
7 2
7 7
8 10
8 13
9 3
9 8
10 0
10 20
11 1
11 21
12 13
12 18
13 8
13 11
14 14
14 19
15 2
15 4
16 0
16 4
17 5
17 20
18 11
18 14
19 12
19 16
20 6
20 9
21 3
21 15

# solution 1177
# n=22 sym=rot2 status=verified source=flammenkamp_cache/n22_rot2
# code=:6ICF597A1GHIHJ27AD080K1LDL8BEJ24345KBECG693F
0 6
0 18
1 12
1 15
2 5
2 9
3 7
3 10
4 1
4 16
5 17
5 18
6 17
6 19
7 2
7 7
8 10
8 13
9 0
9 8
10 0
10 20
11 1
11 21
12 13
12 21
13 8
13 11
14 14
14 19
15 2
15 4
16 3
16 4
17 5
17 20
18 11
18 14
19 12
19 16
20 6
20 9
21 3
21 15

# solution 1178
# n=22 sym=rot2 status=verified source=flammenkamp_cache/n22_rot2
# code=:9E6F5H2A9GDIEJ148A030K1LILBDHK27385CBJ4G6F7C
0 9
0 14
1 6
1 15
2 5
2 17
3 2
3 10
4 9
4 16
5 13
5 18
6 14
6 19
7 1
7 4
8 8
8 10
9 0
9 3
10 0
10 20
11 1
11 21
12 18
12 21
13 11
13 13
14 17
14 20
15 2
15 7
16 3
16 8
17 5
17 12
18 11
18 19
19 4
19 16
20 6
20 15
21 7
21 12

# solution 1179
# n=22 sym=rot2 status=verified source=flammenkamp_cache/n22_rot2
# code=:6D8CEG4B7G24FJCL3A1I0K1L3KBI0926HJ5EAH579D8F
0 6
0 13
1 8
1 12
2 14
2 16
3 4
3 11
4 7
4 16
5 2
5 4
6 15
6 19
7 12
7 21
8 3
8 10
9 1
9 18
10 0
10 20
11 1
11 21
12 3
12 20
13 11
13 18
14 0
14 9
15 2
15 6
16 17
16 19
17 5
17 14
18 10
18 17
19 5
19 7
20 9
20 13
21 8
21 15

# solution 1180
# n=22 sym=rot2 status=verified source=flammenkamp_cache/n22_rot2
# code=:DH9F7A3F25097J4GAKDI0K1L381B5H2ECLGJ6IBE6C48
0 13
0 17
1 9
1 15
2 7
2 10
3 3
3 15
4 2
4 5
5 0
5 9
6 7
6 19
7 4
7 16
8 10
8 20
9 13
9 18
10 0
10 20
11 1
11 21
12 3
12 8
13 1
13 11
14 5
14 17
15 2
15 14
16 12
16 21
17 16
17 19
18 6
18 18
19 11
19 14
20 6
20 12
21 4
21 8

# solution 1181
# n=22 sym=rot2 status=verified source=flammenkamp_cache/n22_rot2
# code=:BDAG6I6D9G0K34EK029J4E7H2CJL17HI1L5C8F3F5B8A
0 11
0 13
1 10
1 16
2 6
2 18
3 6
3 13
4 9
4 16
5 0
5 20
6 3
6 4
7 14
7 20
8 0
8 2
9 9
9 19
10 4
10 14
11 7
11 17
12 2
12 12
13 19
13 21
14 1
14 7
15 17
15 18
16 1
16 21
17 5
17 12
18 8
18 15
19 3
19 15
20 5
20 11
21 8
21 10

# solution 1182
# n=22 sym=rot2 status=verified source=flammenkamp_cache/n22_rot2
# code=:6E9D2G4A2D6I9LAG13470K1LEHIK5B0C3F8JBH5J8C7F
0 6
0 14
1 9
1 13
2 2
2 16
3 4
3 10
4 2
4 13
5 6
5 18
6 9
6 21
7 10
7 16
8 1
8 3
9 4
9 7
10 0
10 20
11 1
11 21
12 14
12 17
13 18
13 20
14 5
14 11
15 0
15 12
16 3
16 15
17 8
17 19
18 11
18 17
19 5
19 19
20 8
20 12
21 7
21 15

# solution 1183
# n=22 sym=rot2 status=verified source=flammenkamp_cache/n22_rot2
# code=:7GDE8BFG2I492K4A390F0K1L6LCIBH1JCH3J56AD785E
0 7
0 16
1 13
1 14
2 8
2 11
3 15
3 16
4 2
4 18
5 4
5 9
6 2
6 20
7 4
7 10
8 3
8 9
9 0
9 15
10 0
10 20
11 1
11 21
12 6
12 21
13 12
13 18
14 11
14 17
15 1
15 19
16 12
16 17
17 3
17 19
18 5
18 6
19 10
19 13
20 7
20 8
21 5
21 14

# solution 1184
# n=22 sym=rot2 status=verified source=flammenkamp_cache/n22_rot2
# code=:BIAC477H2KCF2DGK8L3LFG560I0D158J691J4EEH9B3A
0 11
0 18
1 10
1 12
2 4
2 7
3 7
3 17
4 2
4 20
5 12
5 15
6 2
6 13
7 16
7 20
8 8
8 21
9 3
9 21
10 15
10 16
11 5
11 6
12 0
12 18
13 0
13 13
14 1
14 5
15 8
15 19
16 6
16 9
17 1
17 19
18 4
18 14
19 14
19 17
20 9
20 11
21 3
21 10

# solution 1185
# n=22 sym=rot2 status=verified source=flammenkamp_cache/n22_rot2
# code=:9EDG674AJK234ADG9L360K1LFI0C58BHIJ12BHEF587C
0 9
0 14
1 13
1 16
2 6
2 7
3 4
3 10
4 19
4 20
5 2
5 3
6 4
6 10
7 13
7 16
8 9
8 21
9 3
9 6
10 0
10 20
11 1
11 21
12 15
12 18
13 0
13 12
14 5
14 8
15 11
15 17
16 18
16 19
17 1
17 2
18 11
18 17
19 14
19 15
20 5
20 8
21 7
21 12

# solution 1186
# n=22 sym=rot2 status=verified source=flammenkamp_cache/n22_rot2
# code=:89DF7G4AJK234AEG9L360K1LFI0C57BHIJ12BH5E68CD
0 8
0 9
1 13
1 15
2 7
2 16
3 4
3 10
4 19
4 20
5 2
5 3
6 4
6 10
7 14
7 16
8 9
8 21
9 3
9 6
10 0
10 20
11 1
11 21
12 15
12 18
13 0
13 12
14 5
14 7
15 11
15 17
16 18
16 19
17 1
17 2
18 11
18 17
19 5
19 14
20 6
20 8
21 12
21 13

# solution 1187
# n=22 sym=rot2 status=verified source=flammenkamp_cache/n22_rot2
# code=:9BAJ5619EH34GJ088KELFI36071DDL25HI47CKFG2BAC
0 9
0 11
1 10
1 19
2 5
2 6
3 1
3 9
4 14
4 17
5 3
5 4
6 16
6 19
7 0
7 8
8 8
8 20
9 14
9 21
10 15
10 18
11 3
11 6
12 0
12 7
13 1
13 13
14 13
14 21
15 2
15 5
16 17
16 18
17 4
17 7
18 12
18 20
19 15
19 16
20 2
20 11
21 10
21 12

# solution 1188
# n=22 sym=rot2 status=verified source=flammenkamp_cache/n22_rot2
# code=:3H68EG8BGJ9J4AEK09360K1LFICL17BH2C25AD57DF4I
0 3
0 17
1 6
1 8
2 14
2 16
3 8
3 11
4 16
4 19
5 9
5 19
6 4
6 10
7 14
7 20
8 0
8 9
9 3
9 6
10 0
10 20
11 1
11 21
12 15
12 18
13 12
13 21
14 1
14 7
15 11
15 17
16 2
16 12
17 2
17 5
18 10
18 13
19 5
19 7
20 13
20 15
21 4
21 18

# solution 1189
# n=22 sym=rot2 status=verified source=flammenkamp_cache/n22_rot2
# code=:BDAG58CL2F34797HIK1L2F6J0K134ECEHI6J09DG5B8A
0 11
0 13
1 10
1 16
2 5
2 8
3 12
3 21
4 2
4 15
5 3
5 4
6 7
6 9
7 7
7 17
8 18
8 20
9 1
9 21
10 2
10 15
11 6
11 19
12 0
12 20
13 1
13 3
14 4
14 14
15 12
15 14
16 17
16 18
17 6
17 19
18 0
18 9
19 13
19 16
20 5
20 11
21 8
21 10

# solution 1190
# n=22 sym=rot2 status=verified source=flammenkamp_cache/n22_rot2
# code=:9B3AGH4JFI789LEJ18150F6LGKDK270CDE362H45BIAC
0 9
0 11
1 3
1 10
2 16
2 17
3 4
3 19
4 15
4 18
5 7
5 8
6 9
6 21
7 14
7 19
8 1
8 8
9 1
9 5
10 0
10 15
11 6
11 21
12 16
12 20
13 13
13 20
14 2
14 7
15 0
15 12
16 13
16 14
17 3
17 6
18 2
18 17
19 4
19 5
20 11
20 18
21 10
21 12

# solution 1191
# n=22 sym=rot2 status=verified source=flammenkamp_cache/n22_rot2
# code=:9B3AGH4JFI7809EJ18150F6LGKDK27CLDE362H45BIAC
0 9
0 11
1 3
1 10
2 16
2 17
3 4
3 19
4 15
4 18
5 7
5 8
6 0
6 9
7 14
7 19
8 1
8 8
9 1
9 5
10 0
10 15
11 6
11 21
12 16
12 20
13 13
13 20
14 2
14 7
15 12
15 21
16 13
16 14
17 3
17 6
18 2
18 17
19 4
19 5
20 11
20 18
21 10
21 12

# solution 1192
# n=22 sym=rot2 status=verified source=flammenkamp_cache/n22_rot2
# code=:BDAE8ICH2K13CH275FGL0F6L056GEJ49IK1J493D7B8A
0 11
0 13
1 10
1 14
2 8
2 18
3 12
3 17
4 2
4 20
5 1
5 3
6 12
6 17
7 2
7 7
8 5
8 15
9 16
9 21
10 0
10 15
11 6
11 21
12 0
12 5
13 6
13 16
14 14
14 19
15 4
15 9
16 18
16 20
17 1
17 19
18 4
18 9
19 3
19 13
20 7
20 11
21 8
21 10

# solution 1193
# n=22 sym=rot2 status=verified source=flammenkamp_cache/n22_rot2
# code=:DIAFDE5K5H2A24CI9EFL0K1L067C39HJBJ4G1G786B38
0 13
0 18
1 10
1 15
2 13
2 14
3 5
3 20
4 5
4 17
5 2
5 10
6 2
6 4
7 12
7 18
8 9
8 14
9 15
9 21
10 0
10 20
11 1
11 21
12 0
12 6
13 7
13 12
14 3
14 9
15 17
15 19
16 11
16 19
17 4
17 16
18 1
18 16
19 7
19 8
20 6
20 11
21 3
21 8

# solution 1194
# n=22 sym=rot2 status=verified source=flammenkamp_cache/n22_rot2
# code=:7C5K25BH2C8B7H8I3F0F0K1L6L6I3D4EAD9J4AGJ1G9E
0 7
0 12
1 5
1 20
2 2
2 5
3 11
3 17
4 2
4 12
5 8
5 11
6 7
6 17
7 8
7 18
8 3
8 15
9 0
9 15
10 0
10 20
11 1
11 21
12 6
12 21
13 6
13 18
14 3
14 13
15 4
15 14
16 10
16 13
17 9
17 19
18 4
18 10
19 16
19 19
20 1
20 16
21 9
21 14

# solution 1195
# n=22 sym=rot2 status=verified source=flammenkamp_cache/n22_rot2
# code=:EG8J4E8BBF1245CI9L3F0K1L6I0C39GHJK6AAD7H2D57
0 14
0 16
1 8
1 19
2 4
2 14
3 8
3 11
4 11
4 15
5 1
5 2
6 4
6 5
7 12
7 18
8 9
8 21
9 3
9 15
10 0
10 20
11 1
11 21
12 6
12 18
13 0
13 12
14 3
14 9
15 16
15 17
16 19
16 20
17 6
17 10
18 10
18 13
19 7
19 17
20 2
20 13
21 5
21 7

# solution 1196
# n=22 sym=rot2 status=verified source=flammenkamp_cache/n22_rot2
# code=:BD7AHIDF252HKLEG69190I3LCKCF57014JGJ6834BE8A
0 11
0 13
1 7
1 10
2 17
2 18
3 13
3 15
4 2
4 5
5 2
5 17
6 20
6 21
7 14
7 16
8 6
8 9
9 1
9 9
10 0
10 18
11 3
11 21
12 12
12 20
13 12
13 15
14 5
14 7
15 0
15 1
16 4
16 19
17 16
17 19
18 6
18 8
19 3
19 4
20 11
20 14
21 8
21 10

# solution 1197
# n=22 sym=rot2 status=verified source=flammenkamp_cache/n22_rot2
# code=:BFAC6H5H5LCJ182E8E130I3LIK7D7JDK290G4G4F9B6A
0 11
0 15
1 10
1 12
2 6
2 17
3 5
3 17
4 5
4 21
5 12
5 19
6 1
6 8
7 2
7 14
8 8
8 14
9 1
9 3
10 0
10 18
11 3
11 21
12 18
12 20
13 7
13 13
14 7
14 19
15 13
15 20
16 2
16 9
17 0
17 16
18 4
18 16
19 4
19 15
20 9
20 11
21 6
21 10

# solution 1198
# n=22 sym=rot2 status=verified source=flammenkamp_cache/n22_rot2
# code=:BH68EG8BGJ9J34EK09360K1LFICL17HI2C25AD57DF4A
0 11
0 17
1 6
1 8
2 14
2 16
3 8
3 11
4 16
4 19
5 9
5 19
6 3
6 4
7 14
7 20
8 0
8 9
9 3
9 6
10 0
10 20
11 1
11 21
12 15
12 18
13 12
13 21
14 1
14 7
15 17
15 18
16 2
16 12
17 2
17 5
18 10
18 13
19 5
19 7
20 13
20 15
21 4
21 10

# solution 1199
# n=22 sym=rot2 status=verified source=flammenkamp_cache/n22_rot2
# code=:DIAF4A17GJ2C370G9DFH0K1L468C5LEI9J25EKBH6B38
0 13
0 18
1 10
1 15
2 4
2 10
3 1
3 7
4 16
4 19
5 2
5 12
6 3
6 7
7 0
7 16
8 9
8 13
9 15
9 17
10 0
10 20
11 1
11 21
12 4
12 6
13 8
13 12
14 5
14 21
15 14
15 18
16 9
16 19
17 2
17 5
18 14
18 20
19 11
19 17
20 6
20 11
21 3
21 8

# solution 1200
# n=22 sym=rot2 status=verified source=flammenkamp_cache/n22_rot2
# code=:5BAI5DDF12HL47EK9F3902JLCI6C17EH04JK688G3BAG
0 5
0 11
1 10
1 18
2 5
2 13
3 13
3 15
4 1
4 2
5 17
5 21
6 4
6 7
7 14
7 20
8 9
8 15
9 3
9 9
10 0
10 2
11 19
11 21
12 12
12 18
13 6
13 12
14 1
14 7
15 14
15 17
16 0
16 4
17 19
17 20
18 6
18 8
19 8
19 16
20 3
20 11
21 10
21 16

# solution 1201
# n=22 sym=rot2 status=verified source=flammenkamp_cache/n22_rot2
# code=:BH68BDCL6G1J3E7J395H0K1L4GCI2E7I2K5F098ADF4A
0 11
0 17
1 6
1 8
2 11
2 13
3 12
3 21
4 6
4 16
5 1
5 19
6 3
6 14
7 7
7 19
8 3
8 9
9 5
9 17
10 0
10 20
11 1
11 21
12 4
12 16
13 12
13 18
14 2
14 14
15 7
15 18
16 2
16 20
17 5
17 15
18 0
18 9
19 8
19 10
20 13
20 15
21 4
21 10

# solution 1202
# n=22 sym=rot2 status=verified source=flammenkamp_cache/n22_rot2
# code=:BH6ACG6C153LHJ8E8E1302JLIK7D7D240IGK9F59BF4A
0 11
0 17
1 6
1 10
2 12
2 16
3 6
3 12
4 1
4 5
5 3
5 21
6 17
6 19
7 8
7 14
8 8
8 14
9 1
9 3
10 0
10 2
11 19
11 21
12 18
12 20
13 7
13 13
14 7
14 13
15 2
15 4
16 0
16 18
17 16
17 20
18 9
18 15
19 5
19 9
20 11
20 15
21 4
21 10

# solution 1203
# n=22 sym=rot2 status=verified source=flammenkamp_cache/n22_rot2
# code=:8G577C3F0CHJ8B4I126AKL01BFJK3HAD249L6I9EEG5D
0 8
0 16
1 5
1 7
2 7
2 12
3 3
3 15
4 0
4 12
5 17
5 19
6 8
6 11
7 4
7 18
8 1
8 2
9 6
9 10
10 20
10 21
11 0
11 1
12 11
12 15
13 19
13 20
14 3
14 17
15 10
15 13
16 2
16 4
17 9
17 21
18 6
18 18
19 9
19 14
20 14
20 16
21 5
21 13

# solution 1204
# n=22 sym=rot2 status=verified source=flammenkamp_cache/n22_rot2
# code=:8G577CFI0CHJ8B4I126AKL01BFJK3HAD249L369EEG5D
0 8
0 16
1 5
1 7
2 7
2 12
3 15
3 18
4 0
4 12
5 17
5 19
6 8
6 11
7 4
7 18
8 1
8 2
9 6
9 10
10 20
10 21
11 0
11 1
12 11
12 15
13 19
13 20
14 3
14 17
15 10
15 13
16 2
16 4
17 9
17 21
18 3
18 6
19 9
19 14
20 14
20 16
21 5
21 13

# solution 1205
# n=22 sym=rot2 status=verified source=flammenkamp_cache/n22_rot2
# code=:9CDF7G4G4ADK2L3E2I6AKL01BF3J7I0J18BH5H5E689C
0 9
0 12
1 13
1 15
2 7
2 16
3 4
3 16
4 4
4 10
5 13
5 20
6 2
6 21
7 3
7 14
8 2
8 18
9 6
9 10
10 20
10 21
11 0
11 1
12 11
12 15
13 3
13 19
14 7
14 18
15 0
15 19
16 1
16 8
17 11
17 17
18 5
18 17
19 5
19 14
20 6
20 8
21 9
21 12

# solution 1206
# n=22 sym=rot2 status=verified source=flammenkamp_cache/n22_rot2
# code=:49FI5BFH8C8K0E273JAGKL015B2IEJ7L1D9D46AG36CH
0 4
0 9
1 15
1 18
2 5
2 11
3 15
3 17
4 8
4 12
5 8
5 20
6 0
6 14
7 2
7 7
8 3
8 19
9 10
9 16
10 20
10 21
11 0
11 1
12 5
12 11
13 2
13 18
14 14
14 19
15 7
15 21
16 1
16 13
17 9
17 13
18 4
18 6
19 10
19 16
20 3
20 6
21 12
21 17

# solution 1207
# n=22 sym=rot2 status=verified source=flammenkamp_cache/n22_rot2
# code=:4A7FEF3H09381J58GJACKL019B25DG2KDICL4I676EBH
0 4
0 10
1 7
1 15
2 14
2 15
3 3
3 17
4 0
4 9
5 3
5 8
6 1
6 19
7 5
7 8
8 16
8 19
9 10
9 12
10 20
10 21
11 0
11 1
12 9
12 11
13 2
13 5
14 13
14 16
15 2
15 20
16 13
16 18
17 12
17 21
18 4
18 18
19 6
19 7
20 6
20 14
21 11
21 17

# solution 1208
# n=22 sym=rot2 status=verified source=flammenkamp_cache/n22_rot2
# code=:AK0A8F59FH4713JL3J59DE78CG2I02IKEH46CG6DBL1B
0 10
0 20
1 0
1 10
2 8
2 15
3 5
3 9
4 15
4 17
5 4
5 7
6 1
6 3
7 19
7 21
8 3
8 19
9 5
9 9
10 13
10 14
11 7
11 8
12 12
12 16
13 2
13 18
14 0
14 2
15 18
15 20
16 14
16 17
17 4
17 6
18 12
18 16
19 6
19 13
20 11
20 21
21 1
21 11

# solution 1209
# n=22 sym=rot2 status=verified source=flammenkamp_cache/n22_rot2
# code=:9D4G672KCG2I47BFADILKL01038B6AEH3J591JEF5H8C
0 9
0 13
1 4
1 16
2 6
2 7
3 2
3 20
4 12
4 16
5 2
5 18
6 4
6 7
7 11
7 15
8 10
8 13
9 18
9 21
10 20
10 21
11 0
11 1
12 0
12 3
13 8
13 11
14 6
14 10
15 14
15 17
16 3
16 19
17 5
17 9
18 1
18 19
19 14
19 15
20 5
20 17
21 8
21 12

# solution 1210
# n=22 sym=rot2 status=verified source=flammenkamp_cache/n22_rot2
# code=:694C3EHKAE563JJLADDGKL01588B022IFG7B147I9HCF
0 6
0 9
1 4
1 12
2 3
2 14
3 17
3 20
4 10
4 14
5 5
5 6
6 3
6 19
7 19
7 21
8 10
8 13
9 13
9 16
10 20
10 21
11 0
11 1
12 5
12 8
13 8
13 11
14 0
14 2
15 2
15 18
16 15
16 16
17 7
17 11
18 1
18 4
19 7
19 18
20 9
20 17
21 12
21 15

# solution 1211
# n=22 sym=rot2 status=verified source=flammenkamp_cache/n22_rot2
# code=:6D9E4EAH3J5913GJAD06KL01FL8B25IKCG2I4B7H7C8F
0 6
0 13
1 9
1 14
2 4
2 14
3 10
3 17
4 3
4 19
5 5
5 9
6 1
6 3
7 16
7 19
8 10
8 13
9 0
9 6
10 20
10 21
11 0
11 1
12 15
12 21
13 8
13 11
14 2
14 5
15 18
15 20
16 12
16 16
17 2
17 18
18 4
18 11
19 7
19 17
20 7
20 12
21 8
21 15

# solution 1212
# n=22 sym=rot2 status=verified source=flammenkamp_cache/n22_rot2
# code=:FI7C4E8B9J2L3F8G4A15KL01GKBH5D6I0J2CAD7H9E36
0 15
0 18
1 7
1 12
2 4
2 14
3 8
3 11
4 9
4 19
5 2
5 21
6 3
6 15
7 8
7 16
8 4
8 10
9 1
9 5
10 20
10 21
11 0
11 1
12 16
12 20
13 11
13 17
14 5
14 13
15 6
15 18
16 0
16 19
17 2
17 12
18 10
18 13
19 7
19 17
20 9
20 14
21 3
21 6

# solution 1213
# n=22 sym=rot2 status=verified source=flammenkamp_cache/n22_rot2
# code=:8I6ECFBH15CH25EJ8A03KL01ILBD27GJ49GK4A697F3D
0 8
0 18
1 6
1 14
2 12
2 15
3 11
3 17
4 1
4 5
5 12
5 17
6 2
6 5
7 14
7 19
8 8
8 10
9 0
9 3
10 20
10 21
11 0
11 1
12 18
12 21
13 11
13 13
14 2
14 7
15 16
15 19
16 4
16 9
17 16
17 20
18 4
18 10
19 6
19 9
20 7
20 15
21 3
21 13

# solution 1214
# n=22 sym=rot2 status=verified source=flammenkamp_cache/n22_rot2
# code=:6C6935BH2E8IHJ1E8A0GKL015LBD7K243D7J4AGICF9F
0 6
0 12
1 6
1 9
2 3
2 5
3 11
3 17
4 2
4 14
5 8
5 18
6 17
6 19
7 1
7 14
8 8
8 10
9 0
9 16
10 20
10 21
11 0
11 1
12 5
12 21
13 11
13 13
14 7
14 20
15 2
15 4
16 3
16 13
17 7
17 19
18 4
18 10
19 16
19 18
20 12
20 15
21 9
21 15

# solution 1215
# n=22 sym=rot2 status=verified source=flammenkamp_cache/n22_rot2
# code=:7CCF482BGK5I3J4FAD0EKL017L8B6H2I3G15AJDH699E
0 7
0 12
1 12
1 15
2 4
2 8
3 2
3 11
4 16
4 20
5 5
5 18
6 3
6 19
7 4
7 15
8 10
8 13
9 0
9 14
10 20
10 21
11 0
11 1
12 7
12 21
13 8
13 11
14 6
14 17
15 2
15 18
16 3
16 16
17 1
17 5
18 10
18 19
19 13
19 17
20 6
20 9
21 9
21 14

# solution 1216
# n=22 sym=rot2 status=verified source=flammenkamp_cache/n22_rot2
# code=:CECF482BGK5I3J4FAD0EKL017L8B6H2I3G15AJDH6979
0 12
0 14
1 12
1 15
2 4
2 8
3 2
3 11
4 16
4 20
5 5
5 18
6 3
6 19
7 4
7 15
8 10
8 13
9 0
9 14
10 20
10 21
11 0
11 1
12 7
12 21
13 8
13 11
14 6
14 17
15 2
15 18
16 3
16 16
17 1
17 5
18 10
18 19
19 13
19 17
20 6
20 9
21 7
21 9

# solution 1217
# n=22 sym=rot2 status=verified source=flammenkamp_cache/n22_rot2
# code=:AF9F4E3I79482JGK0ADGKL0158BL152JDHCE3I7H6C6B
0 10
0 15
1 9
1 15
2 4
2 14
3 3
3 18
4 7
4 9
5 4
5 8
6 2
6 19
7 16
7 20
8 0
8 10
9 13
9 16
10 20
10 21
11 0
11 1
12 5
12 8
13 11
13 21
14 1
14 5
15 2
15 19
16 13
16 17
17 12
17 14
18 3
18 18
19 7
19 17
20 6
20 12
21 6
21 11

# solution 1218
# n=22 sym=rot2 status=verified source=flammenkamp_cache/n22_rot2
# code=:5B892ECL6IEH2318AF5HKL014G6BDKIJ473F097JCDAG
0 5
0 11
1 8
1 9
2 2
2 14
3 12
3 21
4 6
4 18
5 14
5 17
6 2
6 3
7 1
7 8
8 10
8 15
9 5
9 17
10 20
10 21
11 0
11 1
12 4
12 16
13 6
13 11
14 13
14 20
15 18
15 19
16 4
16 7
17 3
17 15
18 0
18 9
19 7
19 19
20 12
20 13
21 10
21 16

# solution 1219
# n=22 sym=rot2 status=verified source=flammenkamp_cache/n22_rot2
# code=:AK8ADE59FH6I13JL0259EH47CGJL02IK3F46CG78BD1B
0 10
0 20
1 8
1 10
2 13
2 14
3 5
3 9
4 15
4 17
5 6
5 18
6 1
6 3
7 19
7 21
8 0
8 2
9 5
9 9
10 14
10 17
11 4
11 7
12 12
12 16
13 19
13 21
14 0
14 2
15 18
15 20
16 3
16 15
17 4
17 6
18 12
18 16
19 7
19 8
20 11
20 13
21 1
21 11

# solution 1220
# n=22 sym=rot2 status=verified source=flammenkamp_cache/n22_rot2
# code=:3AAD9E19361GHJ068G042E7JHL5DFL245KFICK7C8BBI
0 3
0 10
1 10
1 13
2 9
2 14
3 1
3 9
4 3
4 6
5 1
5 16
6 17
6 19
7 0
7 6
8 8
8 16
9 0
9 4
10 2
10 14
11 7
11 19
12 17
12 21
13 5
13 13
14 15
14 21
15 2
15 4
16 5
16 20
17 15
17 18
18 12
18 20
19 7
19 12
20 8
20 11
21 11
21 18

# solution 1221
# n=22 sym=rot2 status=verified source=flammenkamp_cache/n22_rot2
# code=:7A5A8HFJ259I371KDH9LFL060C481KEI3CGJ264DBGBE
0 7
0 10
1 5
1 10
2 8
2 17
3 15
3 19
4 2
4 5
5 9
5 18
6 3
6 7
7 1
7 20
8 13
8 17
9 9
9 21
10 15
10 21
11 0
11 6
12 0
12 12
13 4
13 8
14 1
14 20
15 14
15 18
16 3
16 12
17 16
17 19
18 2
18 6
19 4
19 13
20 11
20 16
21 11
21 14

# solution 1222
# n=22 sym=rot2 status=verified source=flammenkamp_cache/n22_rot2
# code=:AH5A16EF9I2E48JKDL39GL05CI0812DH7J3C67FKBG4B
0 10
0 17
1 5
1 10
2 1
2 6
3 14
3 15
4 9
4 18
5 2
5 14
6 4
6 8
7 19
7 20
8 13
8 21
9 3
9 9
10 16
10 21
11 0
11 5
12 12
12 18
13 0
13 8
14 1
14 2
15 13
15 17
16 7
16 19
17 3
17 12
18 6
18 7
19 15
19 20
20 11
20 16
21 4
21 11

# solution 1223
# n=22 sym=rot2 status=verified source=flammenkamp_cache/n22_rot2
# code=:AEAIEI56DL49196H28KL25GJ01DJ4FCKCH08FG373B7B
0 10
0 14
1 10
1 18
2 14
2 18
3 5
3 6
4 13
4 21
5 4
5 9
6 1
6 9
7 6
7 17
8 2
8 8
9 20
9 21
10 2
10 5
11 16
11 19
12 0
12 1
13 13
13 19
14 4
14 15
15 12
15 20
16 12
16 17
17 0
17 8
18 15
18 16
19 3
19 7
20 3
20 11
21 7
21 11

# solution 1224
# n=22 sym=rot2 status=verified source=flammenkamp_cache/n22_rot2
# code=:AFAD47EGFK1L28049I3925GJCI3CHLDJ0K1657EH8B6B
0 10
0 15
1 10
1 13
2 4
2 7
3 14
3 16
4 15
4 20
5 1
5 21
6 2
6 8
7 0
7 4
8 9
8 18
9 3
9 9
10 2
10 5
11 16
11 19
12 12
12 18
13 3
13 12
14 17
14 21
15 13
15 19
16 0
16 20
17 1
17 6
18 5
18 7
19 14
19 17
20 8
20 11
21 6
21 11

# solution 1225
# n=22 sym=rot2 status=verified source=flammenkamp_cache/n22_rot2
# code=:499B2G2I7BEH388FFL5KKL011G066DDI47AE3J5JACCH
0 4
0 9
1 9
1 11
2 2
2 16
3 2
3 18
4 7
4 11
5 14
5 17
6 3
6 8
7 8
7 15
8 15
8 21
9 5
9 20
10 20
10 21
11 0
11 1
12 1
12 16
13 0
13 6
14 6
14 13
15 13
15 18
16 4
16 7
17 10
17 14
18 3
18 19
19 5
19 19
20 10
20 12
21 12
21 17

# solution 1226
# n=22 sym=rot2 status=verified source=flammenkamp_cache/n22_rot2
# code=:4A7A0F9G7F2H1K8JDG093I3ICL582D1K4J6E5C6LBEBH
0 4
0 10
1 7
1 10
2 0
2 15
3 9
3 16
4 7
4 15
5 2
5 17
6 1
6 20
7 8
7 19
8 13
8 16
9 0
9 9
10 3
10 18
11 3
11 18
12 12
12 21
13 5
13 8
14 2
14 13
15 1
15 20
16 4
16 19
17 6
17 14
18 5
18 12
19 6
19 21
20 11
20 14
21 11
21 17

# solution 1227
# n=22 sym=rot2 status=verified source=flammenkamp_cache/n22_rot2
# code=:AFAH3H1C1F8C27EJ8G5LIL030G5D27EJ9D6K9K4I4B6B
0 10
0 15
1 10
1 17
2 3
2 17
3 1
3 12
4 1
4 15
5 8
5 12
6 2
6 7
7 14
7 19
8 8
8 16
9 5
9 21
10 18
10 21
11 0
11 3
12 0
12 16
13 5
13 13
14 2
14 7
15 14
15 19
16 9
16 13
17 6
17 20
18 9
18 20
19 4
19 18
20 4
20 11
21 6
21 11

# solution 1228
# n=22 sym=rot2 status=verified source=flammenkamp_cache/n22_rot2
# code=:AC6A5DFJ15ILCH781E2H0I3L4J7KDE4903GK268GBF9B
0 10
0 12
1 6
1 10
2 5
2 13
3 15
3 19
4 1
4 5
5 18
5 21
6 12
6 17
7 7
7 8
8 1
8 14
9 2
9 17
10 0
10 18
11 3
11 21
12 4
12 19
13 7
13 20
14 13
14 14
15 4
15 9
16 0
16 3
17 16
17 20
18 2
18 6
19 8
19 16
20 11
20 15
21 9
21 11

# solution 1229
# n=22 sym=rot2 status=verified source=flammenkamp_cache/n22_rot2
# code=:AFAH3H1C1F8C27EJ8G5L0I3L0G5D27EJ9D6K9K4I4B6B
0 10
0 15
1 10
1 17
2 3
2 17
3 1
3 12
4 1
4 15
5 8
5 12
6 2
6 7
7 14
7 19
8 8
8 16
9 5
9 21
10 0
10 18
11 3
11 21
12 0
12 16
13 5
13 13
14 2
14 7
15 14
15 19
16 9
16 13
17 6
17 20
18 9
18 20
19 4
19 18
20 4
20 11
21 6
21 11

# solution 1230
# n=22 sym=rot2 status=verified source=flammenkamp_cache/n22_rot2
# code=:AH7ACF563H8J159L8E0123IJKL7D0CGK2D4IFG69BE4B
0 10
0 17
1 7
1 10
2 12
2 15
3 5
3 6
4 3
4 17
5 8
5 19
6 1
6 5
7 9
7 21
8 8
8 14
9 0
9 1
10 2
10 3
11 18
11 19
12 20
12 21
13 7
13 13
14 0
14 12
15 16
15 20
16 2
16 13
17 4
17 18
18 15
18 16
19 6
19 9
20 11
20 14
21 4
21 11

# solution 1231
# n=22 sym=rot2 status=verified source=flammenkamp_cache/n22_rot2
# code=:7AAF57IJFK1428DG094903ILCHCL58DJHK1623EG6BBE
0 7
0 10
1 10
1 15
2 5
2 7
3 18
3 19
4 15
4 20
5 1
5 4
6 2
6 8
7 13
7 16
8 0
8 9
9 4
9 9
10 0
10 3
11 18
11 21
12 12
12 17
13 12
13 21
14 5
14 8
15 13
15 19
16 17
16 20
17 1
17 6
18 2
18 3
19 14
19 16
20 6
20 11
21 11
21 14

# solution 1232
# n=22 sym=rot2 status=verified source=flammenkamp_cache/n22_rot2
# code=:AH9A56GI7F3L17DJHL9D2K1J8C0428EK0I6E35FGBC4B
0 10
0 17
1 9
1 10
2 5
2 6
3 16
3 18
4 7
4 15
5 3
5 21
6 1
6 7
7 13
7 19
8 17
8 21
9 9
9 13
10 2
10 20
11 1
11 19
12 8
12 12
13 0
13 4
14 2
14 8
15 14
15 20
16 0
16 18
17 6
17 14
18 3
18 5
19 15
19 16
20 11
20 12
21 4
21 11

# solution 1233
# n=22 sym=rot2 status=verified source=flammenkamp_cache/n22_rot2
# code=:9A3A7F7H3G8G9L6L8K2H2K1J4J1D0F0C5D5I4E6EBIBC
0 9
0 10
1 3
1 10
2 7
2 15
3 7
3 17
4 3
4 16
5 8
5 16
6 9
6 21
7 6
7 21
8 8
8 20
9 2
9 17
10 2
10 20
11 1
11 19
12 4
12 19
13 1
13 13
14 0
14 15
15 0
15 12
16 5
16 13
17 5
17 18
18 4
18 14
19 6
19 14
20 11
20 18
21 11
21 12

# solution 1234
# n=22 sym=rot2 status=verified source=flammenkamp_cache/n22_rot2
# code=:9A9AFG1E5J3H07FJ8D34KL01HI8D26EL4I2G7K56BCBC
0 9
0 10
1 9
1 10
2 15
2 16
3 1
3 14
4 5
4 19
5 3
5 17
6 0
6 7
7 15
7 19
8 8
8 13
9 3
9 4
10 20
10 21
11 0
11 1
12 17
12 18
13 8
13 13
14 2
14 6
15 14
15 21
16 4
16 18
17 2
17 16
18 7
18 20
19 5
19 6
20 11
20 12
21 11
21 12

# solution 1235
# n=22 sym=rot2 status=verified source=flammenkamp_cache/n22_rot2
# code=:DH476A16CJ9G1G8J3EAI0L0L3B7I2D5K5C29FKBFEH48
0 13
0 17
1 4
1 7
2 6
2 10
3 1
3 6
4 12
4 19
5 9
5 16
6 1
6 16
7 8
7 19
8 3
8 14
9 10
9 18
10 0
10 21
11 0
11 21
12 3
12 11
13 7
13 18
14 2
14 13
15 5
15 20
16 5
16 12
17 2
17 9
18 15
18 20
19 11
19 15
20 14
20 17
21 4
21 8

# solution 1236
# n=22 sym=rot2 status=verified source=flammenkamp_cache/n22_rot2
# code=:CE8E5KAC258H2FHI361A0L0LBKFI346J4DGJ9B1G7D79
0 12
0 14
1 8
1 14
2 5
2 20
3 10
3 12
4 2
4 5
5 8
5 17
6 2
6 15
7 17
7 18
8 3
8 6
9 1
9 10
10 0
10 21
11 0
11 21
12 11
12 20
13 15
13 18
14 3
14 4
15 6
15 19
16 4
16 13
17 16
17 19
18 9
18 11
19 1
19 16
20 7
20 13
21 7
21 9

# solution 1237
# n=22 sym=rot2 status=verified source=flammenkamp_cache/n22_rot2
# code=:CD8E5I9F24EK2K46GIAB0L0LAB35FH1J17HJ6C3G7D89
0 12
0 13
1 8
1 14
2 5
2 18
3 9
3 15
4 2
4 4
5 14
5 20
6 2
6 20
7 4
7 6
8 16
8 18
9 10
9 11
10 0
10 21
11 0
11 21
12 10
12 11
13 3
13 5
14 15
14 17
15 1
15 19
16 1
16 7
17 17
17 19
18 6
18 12
19 3
19 16
20 7
20 13
21 8
21 9

# solution 1238
# n=22 sym=rot2 status=verified source=flammenkamp_cache/n22_rot2
# code=:2C7C5A4G4K8FFJ3D137A0L0LBEIK8I266D1H5HBG9E9J
0 2
0 12
1 7
1 12
2 5
2 10
3 4
3 16
4 4
4 20
5 8
5 15
6 15
6 19
7 3
7 13
8 1
8 3
9 7
9 10
10 0
10 21
11 0
11 21
12 11
12 14
13 18
13 20
14 8
14 18
15 2
15 6
16 6
16 13
17 1
17 17
18 5
18 17
19 11
19 16
20 9
20 14
21 9
21 19

# solution 1239
# n=22 sym=rot2 status=verified source=flammenkamp_cache/n22_rot2
# code=:ABFH169J07GK4J58IL9EDI387C03DG2H15EL2CFK46AB
0 10
0 11
1 15
1 17
2 1
2 6
3 9
3 19
4 0
4 7
5 16
5 20
6 4
6 19
7 5
7 8
8 18
8 21
9 9
9 14
10 13
10 18
11 3
11 8
12 7
12 12
13 0
13 3
14 13
14 16
15 2
15 17
16 1
16 5
17 14
17 21
18 2
18 12
19 15
19 20
20 4
20 6
21 10
21 11

# solution 1240
# n=22 sym=rot2 status=verified source=flammenkamp_cache/n22_rot2
# code=:AB7GCF4G7FHJ0K8J1D093I3ICL8K2D1L246E5H695EAB
0 10
0 11
1 7
1 16
2 12
2 15
3 4
3 16
4 7
4 15
5 17
5 19
6 0
6 20
7 8
7 19
8 1
8 13
9 0
9 9
10 3
10 18
11 3
11 18
12 12
12 21
13 8
13 20
14 2
14 13
15 1
15 21
16 2
16 4
17 6
17 14
18 5
18 17
19 6
19 9
20 5
20 14
21 10
21 11

# solution 1241
# n=22 sym=rot2 status=verified source=flammenkamp_cache/n22_rot2
# code=:69EF4BGI1B5J8E2H398K0L0L1DCI4J7D2GAK35AH67CF
0 6
0 9
1 14
1 15
2 4
2 11
3 16
3 18
4 1
4 11
5 5
5 19
6 8
6 14
7 2
7 17
8 3
8 9
9 8
9 20
10 0
10 21
11 0
11 21
12 1
12 13
13 12
13 18
14 4
14 19
15 7
15 13
16 2
16 16
17 10
17 20
18 3
18 5
19 10
19 17
20 6
20 7
21 12
21 15

# solution 1242
# n=22 sym=rot2 status=verified source=flammenkamp_cache/n22_rot2
# code=:7D5AJKDJ4C4913GI6AEF0L0L67BF35IKCH9H2812BG8E
0 7
0 13
1 5
1 10
2 19
2 20
3 13
3 19
4 4
4 12
5 4
5 9
6 1
6 3
7 16
7 18
8 6
8 10
9 14
9 15
10 0
10 21
11 0
11 21
12 6
12 7
13 11
13 15
14 3
14 5
15 18
15 20
16 12
16 17
17 9
17 17
18 2
18 8
19 1
19 2
20 11
20 16
21 8
21 14

# solution 1243
# n=22 sym=rot2 status=verified source=flammenkamp_cache/n22_rot2
# code=:6E4A3A13GKDF89GJ9J4E0L0L7H2C25CD6815IKBIBH7F
0 6
0 14
1 4
1 10
2 3
2 10
3 1
3 3
4 16
4 20
5 13
5 15
6 8
6 9
7 16
7 19
8 9
8 19
9 4
9 14
10 0
10 21
11 0
11 21
12 7
12 17
13 2
13 12
14 2
14 5
15 12
15 13
16 6
16 8
17 1
17 5
18 18
18 20
19 11
19 18
20 11
20 17
21 7
21 15

# solution 1244
# n=22 sym=rot2 status=verified source=flammenkamp_cache/n22_rot2
# code=:897D9JAGFK2H1G374A360L0LFIBHEI5K4J165B2C8ECD
0 8
0 9
1 7
1 13
2 9
2 19
3 10
3 16
4 15
4 20
5 2
5 17
6 1
6 16
7 3
7 7
8 4
8 10
9 3
9 6
10 0
10 21
11 0
11 21
12 15
12 18
13 11
13 17
14 14
14 18
15 5
15 20
16 4
16 19
17 1
17 6
18 5
18 11
19 2
19 12
20 8
20 14
21 12
21 13

# solution 1245
# n=22 sym=rot2 status=verified source=flammenkamp_cache/n22_rot2
# code=:CD4G6I2ACG7DHK2A17FI0L0L36EKBJ148E59BJ3F5H89
0 12
0 13
1 4
1 16
2 6
2 18
3 2
3 10
4 12
4 16
5 7
5 13
6 17
6 20
7 2
7 10
8 1
8 7
9 15
9 18
10 0
10 21
11 0
11 21
12 3
12 6
13 14
13 20
14 11
14 19
15 1
15 4
16 8
16 14
17 5
17 9
18 11
18 19
19 3
19 15
20 5
20 17
21 8
21 9

# solution 1246
# n=22 sym=rot2 status=verified source=flammenkamp_cache/n22_rot2
# code=:6D8B25HI7G4C27CIAK1F0L0L6K1B39EJ9H5E34GJAD8F
0 6
0 13
1 8
1 11
2 2
2 5
3 17
3 18
4 7
4 16
5 4
5 12
6 2
6 7
7 12
7 18
8 10
8 20
9 1
9 15
10 0
10 21
11 0
11 21
12 6
12 20
13 1
13 11
14 3
14 9
15 14
15 19
16 9
16 17
17 5
17 14
18 3
18 4
19 16
19 19
20 10
20 13
21 8
21 15

# solution 1247
# n=22 sym=rot2 status=verified source=flammenkamp_cache/n22_rot2
# code=:AB275JDG8C4C1I7F4L0F13IK6L0H6E3K9H9D582GEJAB
0 10
0 11
1 2
1 7
2 5
2 19
3 13
3 16
4 8
4 12
5 4
5 12
6 1
6 18
7 7
7 15
8 4
8 21
9 0
9 15
10 1
10 3
11 18
11 20
12 6
12 21
13 0
13 17
14 6
14 14
15 3
15 20
16 9
16 17
17 9
17 13
18 5
18 8
19 2
19 16
20 14
20 19
21 10
21 11

# solution 1248
# n=22 sym=rot2 status=verified source=flammenkamp_cache/n22_rot2
# code=:8C6D5A3CAHEF7J131J4G0L0L5H2KIK2E674B9IBG8F9D
0 8
0 12
1 6
1 13
2 5
2 10
3 3
3 12
4 10
4 17
5 14
5 15
6 7
6 19
7 1
7 3
8 1
8 19
9 4
9 16
10 0
10 21
11 0
11 21
12 5
12 17
13 2
13 20
14 18
14 20
15 2
15 14
16 6
16 7
17 4
17 11
18 9
18 18
19 11
19 16
20 8
20 15
21 9
21 13

