# solution 1
# n=36 sym=rot4 status=verified source=flammenkamp_cache/n36_rot4
# code=oLMFQBNLR6U4P9VMO3F1T5G7X2G0703RYNPHIHIAC18WZSZJX2SJU6YKWBD4QAV5T8ECO9KDE
0 21
0 22
1 15
1 26
2 11
2 23
3 21
3 27
4 6
4 30
5 4
5 25
6 9
6 31
7 22
7 24
8 3
8 15
9 1
9 29
10 5
10 16
11 7
11 33
12 2
12 16
13 0
13 7
14 0
14 3
15 27
15 34
16 23
16 25
17 17
17 18
18 17
18 18
19 10
19 12
20 1
20 8
21 32
21 35
22 28
22 35
23 19
23 33
24 2
24 28
25 19
25 30
26 6
26 34
27 20
27 32
28 11
28 13
29 4
29 26
30 10
30 31
31 5
31 29
32 8
32 14
33 12
33 24
34 9
34 20
35 13
35 14

# solution 2
# n=36 sym=rot4 status=verified source=flammenkamp_cache/n36_rot4
# code=oAMKR6KAQMSJSLX451C3LWZCGOR0469125OHIHIBUXYQTVZ8BJN03EWNYUV2E7G7D9PFT8FDP
0 10
0 22
1 20
1 27
2 6
2 20
3 10
3 26
4 22
4 28
5 19
5 28
6 21
6 33
7 4
7 5
8 1
8 12
9 3
9 21
10 32
10 35
11 12
11 16
12 24
12 27
13 0
13 4
14 6
14 9
15 1
15 2
16 5
16 24
17 17
17 18
18 17
18 18
19 11
19 30
20 33
20 34
21 26
21 29
22 31
22 35
23 8
23 11
24 19
24 23
25 0
25 3
26 14
26 32
27 23
27 34
28 30
28 31
29 2
29 14
30 7
30 16
31 7
31 13
32 9
32 25
33 15
33 29
34 8
34 15
35 13
35 25

# solution 3
# n=36 sym=rot4 status=verified source=flammenkamp_cache/n36_rot4
# code=oDKPUFM9BJT184RCL6UCW1LGWQS2Z7A0X4OHIHIBV2ZPS0X793JEY3N5TEN8VRY6GOQDK5AFM
0 13
0 20
1 25
1 30
2 15
2 22
3 9
3 11
4 19
4 29
5 1
5 8
6 4
6 27
7 12
7 21
8 6
8 30
9 12
9 32
10 1
10 21
11 16
11 32
12 26
12 28
13 2
13 35
14 7
14 10
15 0
15 33
16 4
16 24
17 17
17 18
18 17
18 18
19 11
19 31
20 2
20 35
21 25
21 28
22 0
22 33
23 7
23 9
24 3
24 19
25 14
25 34
26 3
26 23
27 5
27 29
28 14
28 23
29 8
29 31
30 27
30 34
31 6
31 16
32 24
32 26
33 13
33 20
34 5
34 10
35 15
35 22

# solution 4
# n=36 sym=rot4 status=verified source=flammenkamp_cache/n36_rot4
# code=oFLDO3Q7XEGOSAM5WJP2N8T159F6Y0VNZ8VHIHI4R0C4Z1TKQUY6RCXAG3UDP7BJL2S9WBMEK
0 15
0 21
1 13
1 24
2 3
2 26
3 7
3 33
4 14
4 16
5 24
5 28
6 10
6 22
7 5
7 32
8 19
8 25
9 2
9 23
10 8
10 29
11 1
11 5
12 9
12 15
13 6
13 34
14 0
14 31
15 23
15 35
16 8
16 31
17 17
17 18
18 17
18 18
19 4
19 27
20 0
20 12
21 4
21 35
22 1
22 29
23 20
23 26
24 30
24 34
25 6
25 27
26 12
26 33
27 10
27 16
28 3
28 30
29 13
29 25
30 7
30 11
31 19
31 21
32 2
32 28
33 9
33 32
34 11
34 22
35 14
35 20

# solution 5
# n=36 sym=rot4 status=verified source=flammenkamp_cache/n36_rot4
# code=oEFOT67EMGPCR1X9X5GMS4B1PFU39WZNZRVHIHI480C03QW5KAYOV7DJU2Q2Y8NAJDLST6BKL
0 14
0 15
1 24
1 29
2 6
2 7
3 14
3 22
4 16
4 25
5 12
5 27
6 1
6 33
7 9
7 33
8 5
8 16
9 22
9 28
10 4
10 11
11 1
11 25
12 15
12 30
13 3
13 9
14 32
14 35
15 23
15 35
16 27
16 31
17 17
17 18
18 17
18 18
19 4
19 8
20 0
20 12
21 0
21 3
22 26
22 32
23 5
23 20
24 10
24 34
25 24
25 31
26 7
26 13
27 19
27 30
28 2
28 26
29 2
29 34
30 8
30 23
31 10
31 19
32 13
32 21
33 28
33 29
34 6
34 11
35 20
35 21

# solution 6
# n=36 sym=rot4 status=verified source=flammenkamp_cache/n36_rot4
# code=oJKET5O59PRWX1PEG4MBW462QFM8CSY0N0SHIHI7ZCZ17NRDK9XTV3ODVJLAY238AQUBU6LFG
0 19
0 20
1 14
1 29
2 5
2 24
3 5
3 9
4 25
4 27
5 32
5 33
6 1
6 25
7 14
7 16
8 4
8 22
9 11
9 32
10 4
10 6
11 2
11 26
12 15
12 22
13 8
13 12
14 28
14 34
15 0
15 23
16 0
16 28
17 17
17 18
18 17
18 18
19 7
19 35
20 12
20 35
21 1
21 7
22 23
22 27
23 13
23 20
24 9
24 33
25 29
25 31
26 3
26 24
27 13
27 31
28 19
28 21
29 10
29 34
30 2
30 3
31 8
31 10
32 26
32 30
33 11
33 30
34 6
34 21
35 15
35 16

# solution 7
# n=36 sym=rot4 status=verified source=flammenkamp_cache/n36_rot4
# code=oGLLS9BFRPRDFJM1A34CX4SCXOQ6U01UW6ZHIHI0T35YZ5T9B2N7V2NVWPYDGKM8A8KOQ7EEJ
0 16
0 21
1 21
1 28
2 9
2 11
3 15
3 27
4 25
4 27
5 13
5 15
6 19
6 22
7 1
7 10
8 3
8 4
9 12
9 33
10 4
10 28
11 12
11 33
12 24
12 26
13 6
13 30
14 0
14 1
15 30
15 32
16 6
16 35
17 17
17 18
18 17
18 18
19 0
19 29
20 3
20 5
21 34
21 35
22 5
22 29
23 9
23 11
24 2
24 23
25 7
25 31
26 2
26 23
27 31
27 32
28 25
28 34
29 13
29 16
30 20
30 22
31 8
31 10
32 8
32 20
33 24
33 26
34 7
34 14
35 14
35 19

# solution 8
# n=36 sym=rot4 status=verified source=flammenkamp_cache/n36_rot4
# code=oDP8FLP9C7GMQCGLVBY5W02FRTW5Z27OYTVHIHI461BSX0U368KXZ3U1O4EJN9DJSNQAEKRAM
0 13
0 25
1 8
1 15
2 21
2 25
3 9
3 12
4 7
4 16
5 22
5 26
6 12
6 16
7 21
7 31
8 11
8 34
9 5
9 32
10 0
10 2
11 15
11 27
12 29
12 32
13 5
13 35
14 2
14 7
15 24
15 34
16 29
16 31
17 17
17 18
18 17
18 18
19 4
19 6
20 1
20 11
21 28
21 33
22 0
22 30
23 3
23 6
24 8
24 20
25 33
25 35
26 3
26 30
27 1
27 24
28 4
28 14
29 19
29 23
30 9
30 13
31 19
31 28
32 23
32 26
33 10
33 14
34 20
34 27
35 10
35 22

# solution 9
# n=36 sym=rot4 status=verified source=flammenkamp_cache/n36_rot4
# code=oAJ6DDPFT9NGL3Y8ENSBV2ZFQ48XY5SOW0UHIHI5Z3B7U12RV9K0X4O7CLR1WEJCQ6KAMMTGP
0 10
0 19
1 6
1 13
2 13
2 25
3 15
3 29
4 9
4 23
5 16
5 21
6 3
6 34
7 8
7 14
8 23
8 28
9 11
9 31
10 2
10 35
11 15
11 26
12 4
12 8
13 33
13 34
14 5
14 28
15 24
15 32
16 0
16 30
17 17
17 18
18 17
18 18
19 5
19 35
20 3
20 11
21 7
21 30
22 1
22 2
23 27
23 31
24 9
24 20
25 0
25 33
26 4
26 24
27 7
27 12
28 21
28 27
29 1
29 32
30 14
30 19
31 12
31 26
32 6
32 20
33 10
33 22
34 22
34 29
35 16
35 25

# solution 10
# n=36 sym=rot4 status=verified source=flammenkamp_cache/n36_rot4
# code=oJOMUFV7M291N9L8WESTVAP0I5K136RCX0HBJGOIZ2N8TWYFUHZAP467L3REQCYQXDS4K5DBG
0 19
0 24
1 22
1 30
2 15
2 31
3 7
3 22
4 2
4 9
5 1
5 23
6 9
6 21
7 8
7 32
8 14
8 28
9 29
9 31
10 10
10 25
11 0
11 18
12 5
12 20
13 1
13 3
14 6
14 27
15 12
15 33
16 0
16 17
17 11
17 19
18 16
18 24
19 18
19 35
20 2
20 23
21 8
21 29
22 32
22 34
23 15
23 30
24 17
24 35
25 10
25 25
26 4
26 6
27 7
27 21
28 3
28 27
29 14
29 26
30 12
30 34
31 26
31 33
32 13
32 28
33 4
33 20
34 5
34 13
35 11
35 16

# solution 11
# n=36 sym=rot4 status=verified source=flammenkamp_cache/n36_rot4
# code=o9CFPDN56KLDWSW6A8RLZ1SHJ2ZUX494YBHJOBGIO1VQV250XGI7Y0E8RPT373MEFTUCMAKNQ
0 9
0 12
1 15
1 25
2 13
2 23
3 5
3 6
4 20
4 21
5 13
5 32
6 28
6 32
7 6
7 10
8 8
8 27
9 21
9 35
10 1
10 28
11 17
11 19
12 2
12 35
13 30
13 33
14 4
14 9
15 4
15 34
16 11
16 17
17 19
17 24
18 11
18 16
19 18
19 24
20 1
20 31
21 26
21 31
22 2
22 5
23 0
23 33
24 16
24 18
25 7
25 34
26 0
26 14
27 8
27 27
28 25
28 29
29 3
29 7
30 3
30 22
31 14
31 15
32 29
32 30
33 12
33 22
34 10
34 20
35 23
35 26

# solution 12
# n=36 sym=rot4 status=verified source=flammenkamp_cache/n36_rot4
# code=oDLKL58DT8OSX3N5CVXIJAP4F6SWZ011O9H9JGQIQBYYZ037TKVAPGH24NUCW27BR6MRUEFEM
0 13
0 21
1 20
1 21
2 5
2 8
3 13
3 29
4 8
4 24
5 28
5 33
6 3
6 23
7 5
7 12
8 31
8 33
9 18
9 19
10 10
10 25
11 4
11 15
12 6
12 28
13 32
13 35
14 0
14 1
15 1
15 24
16 9
16 17
17 9
17 19
18 16
18 26
19 18
19 26
20 11
20 34
21 34
21 35
22 0
22 3
23 7
23 29
24 20
24 31
25 10
25 25
26 16
26 17
27 2
27 4
28 23
28 30
29 12
29 32
30 2
30 7
31 11
31 27
32 6
32 22
33 27
33 30
34 14
34 15
35 14
35 22

# solution 13
# n=36 sym=rot4 status=verified source=flammenkamp_cache/n36_rot4
# code=oNTFG5BLSBTKX043NEHAMMQVX079A3R5YHYJR8G1I1U8WPQSZ249DDPILCWVZ2F6O7EOUJK6C
0 23
0 29
1 15
1 16
2 5
2 11
3 21
3 28
4 11
4 29
5 20
5 33
6 0
6 4
7 3
7 23
8 14
8 17
9 10
9 22
10 22
10 26
11 31
11 33
12 0
12 7
13 9
13 10
14 3
14 27
15 5
15 34
16 17
16 34
17 19
17 27
18 8
18 16
19 1
19 18
20 1
20 30
21 8
21 32
22 25
22 26
23 28
23 35
24 2
24 4
25 9
25 13
26 13
26 25
27 18
27 21
28 12
28 32
29 31
29 35
30 2
30 15
31 6
31 24
32 7
32 14
33 24
33 30
34 19
34 20
35 6
35 12

# solution 14
# n=36 sym=rot4 status=verified source=flammenkamp_cache/n36_rot4
# code=o6FKMEQ49SWEMOZ4PCH2W7C6JPR15UX1ZBHJR8GIO0Y25UY8AGTNS3XINAV0BDL37QV9LDFKT
0 6
0 15
1 20
1 22
2 14
2 26
3 4
3 9
4 28
4 32
5 14
5 22
6 24
6 35
7 4
7 25
8 12
8 17
9 2
9 32
10 7
10 12
11 6
11 19
12 25
12 27
13 1
13 5
14 30
14 33
15 1
15 35
16 11
16 17
17 19
17 27
18 8
18 16
19 18
19 24
20 0
20 34
21 2
21 5
22 30
22 34
23 8
23 10
24 16
24 29
25 23
25 28
26 3
26 33
27 18
27 23
28 10
28 31
29 0
29 11
30 13
30 21
31 3
31 7
32 26
32 31
33 9
33 21
34 13
34 15
35 20
35 29

# solution 15
# n=36 sym=rot4 status=verified source=flammenkamp_cache/n36_rot4
# code=oBEEK9PDJ6O5UHVAM9CRX2S4ZFR7WYZ1N3HJT6GIWCY013S8K0V7X28NQDP4I5UBTGMAQFLLO
0 11
0 14
1 14
1 20
2 9
2 25
3 13
3 19
4 6
4 24
5 5
5 30
6 17
6 31
7 10
7 22
8 9
8 12
9 27
9 33
10 2
10 28
11 4
11 35
12 15
12 27
13 7
13 32
14 34
14 35
15 1
15 23
16 3
16 17
17 19
17 29
18 6
18 16
19 18
19 32
20 12
20 34
21 0
21 1
22 3
22 28
23 8
23 20
24 0
24 31
25 7
25 33
26 2
26 8
27 23
27 26
28 13
28 25
29 4
29 18
30 5
30 30
31 11
31 29
32 16
32 22
33 10
33 26
34 15
34 21
35 21
35 24

# solution 16
# n=36 sym=rot4 status=verified source=flammenkamp_cache/n36_rot4
# code=oEOEF9PDJ6O5UHVAM9CRX2S04FR7WYZNY3HJT6GIW1C013S8KVZ7X28NQDP4I5UBTGMAQKLBL
0 14
0 24
1 14
1 15
2 9
2 25
3 13
3 19
4 6
4 24
5 5
5 30
6 17
6 31
7 10
7 22
8 9
8 12
9 27
9 33
10 2
10 28
11 0
11 4
12 15
12 27
13 7
13 32
14 34
14 35
15 23
15 34
16 3
16 17
17 19
17 29
18 6
18 16
19 18
19 32
20 1
20 12
21 0
21 1
22 3
22 28
23 8
23 20
24 31
24 35
25 7
25 33
26 2
26 8
27 23
27 26
28 13
28 25
29 4
29 18
30 5
30 30
31 11
31 29
32 16
32 22
33 10
33 26
34 20
34 21
35 11
35 21

# solution 17
# n=36 sym=rot4 status=verified source=flammenkamp_cache/n36_rot4
# code=oBFLMQS9DFP8I6T2CPU2W48LZGS1W1BVZHN5JGUCI04OY3Y7J0ERV3X5ANX6THRAKMQ79DEKO
0 11
0 15
1 21
1 22
2 26
2 28
3 9
3 13
4 15
4 25
5 8
5 18
6 6
6 29
7 2
7 12
8 25
8 30
9 2
9 32
10 4
10 8
11 21
11 35
12 16
12 28
13 1
13 32
14 1
14 11
15 31
15 35
16 17
16 23
17 5
17 19
18 16
18 30
19 12
19 18
20 0
20 4
21 24
21 34
22 3
22 34
23 7
23 19
24 0
24 14
25 27
25 31
26 3
26 33
27 5
27 10
28 23
28 33
29 6
29 29
30 17
30 27
31 10
31 20
32 22
32 26
33 7
33 9
34 13
34 14
35 20
35 24

# solution 18
# n=36 sym=rot4 status=verified source=flammenkamp_cache/n36_rot4
# code=oBF4BFQDLPY7HLP8UDS2C46YZGQRW36XZHNJU5GCI02TW389J01TVNX7M5RAEIS1AEM9KOVKO
0 11
0 15
1 4
1 11
2 15
2 26
3 13
3 21
4 25
4 34
5 7
5 17
6 21
6 25
7 8
7 30
8 13
8 28
9 2
9 12
10 4
10 6
11 34
11 35
12 16
12 26
13 27
13 32
14 3
14 6
15 33
15 35
16 17
16 23
17 19
17 30
18 5
18 16
19 12
19 18
20 0
20 2
21 29
21 32
22 3
22 8
23 9
23 19
24 0
24 1
25 29
25 31
26 23
26 33
27 7
27 22
28 5
28 27
29 10
29 14
30 18
30 28
31 1
31 10
32 14
32 22
33 9
33 20
34 24
34 31
35 20
35 24

# solution 19
# n=36 sym=rot4 status=verified source=flammenkamp_cache/n36_rot4
# code=o8NNTEPADISET154MBZJK2WFR017WUX9O9H4JGVIQBQ253SYZ8K3XFG0ODVUY6L7HMPAL6CCR
0 8
0 23
1 23
1 29
2 14
2 25
3 10
3 13
4 18
4 28
5 14
5 29
6 1
6 5
7 4
7 22
8 11
8 35
9 19
9 20
10 2
10 32
11 15
11 27
12 0
12 1
13 7
13 32
14 30
14 33
15 9
15 24
16 9
16 17
17 4
17 19
18 16
18 31
19 18
19 26
20 11
20 26
21 2
21 5
22 3
22 28
23 34
23 35
24 8
24 20
25 3
25 33
26 15
26 16
27 0
27 24
28 13
28 31
29 30
29 34
30 6
30 21
31 7
31 17
32 22
32 25
33 10
33 21
34 6
34 12
35 12
35 27

# solution 20
# n=36 sym=rot4 status=verified source=flammenkamp_cache/n36_rot4
# code=o6FLOBGRSIKNRCZ3A35ALQS1X5TDM194ZHX4JGV2I0VQYDM6U2Y79EPUWPW0N8CFH78JOBEKT
0 6
0 15
1 21
1 24
2 11
2 16
3 27
3 28
4 18
4 20
5 23
5 27
6 12
6 35
7 3
7 10
8 3
8 5
9 10
9 21
10 26
10 28
11 1
11 33
12 5
12 29
13 13
13 22
14 1
14 9
15 4
15 35
16 17
16 33
17 4
17 19
18 16
18 31
19 2
19 18
20 0
20 31
21 26
21 34
22 13
22 22
23 6
23 30
24 2
24 34
25 7
25 9
26 14
26 25
27 30
27 32
28 25
28 32
29 0
29 23
30 8
30 12
31 15
31 17
32 7
32 8
33 19
33 24
34 11
34 14
35 20
35 29

# solution 21
# n=36 sym=rot4 status=verified source=flammenkamp_cache/n36_rot4
# code=oCG8FNU7AHM2A6TMW9YLRUWFL2Z479BOYHZJV4G0I1BOQSV0XEK358E1Q3D6TPXDIPS5CKRJN
0 12
0 16
1 8
1 15
2 23
2 30
3 7
3 10
4 17
4 22
5 2
5 10
6 6
6 29
7 22
7 32
8 9
8 34
9 21
9 27
10 30
10 32
11 15
11 21
12 2
12 35
13 4
13 7
14 9
14 11
15 24
15 34
16 17
16 35
17 19
17 31
18 4
18 16
19 0
19 18
20 1
20 11
21 24
21 26
22 28
22 31
23 0
23 33
24 14
24 20
25 3
25 5
26 8
26 14
27 1
27 26
28 3
28 13
29 6
29 29
30 25
30 33
31 13
31 18
32 25
32 28
33 5
33 12
34 20
34 27
35 19
35 23

# solution 22
# n=36 sym=rot4 status=verified source=flammenkamp_cache/n36_rot4
# code=o6NLN79IL9U4KGZPXOPVX788K01DM135BHT3JGW6IOUWYDMYZFRRS24AB2A0JFV5QEHQSCECT
0 6
0 23
1 21
1 23
2 7
2 9
3 18
3 21
4 9
4 30
5 4
5 20
6 16
6 35
7 25
7 33
8 24
8 25
9 31
9 33
10 7
10 8
11 8
11 20
12 0
12 1
13 13
13 22
14 1
14 3
15 5
15 11
16 17
16 29
17 3
17 19
18 16
18 32
19 6
19 18
20 24
20 30
21 32
21 34
22 13
22 22
23 34
23 35
24 15
24 27
25 27
25 28
26 2
26 4
27 10
27 11
28 2
28 10
29 0
29 19
30 15
30 31
31 5
31 26
32 14
32 17
33 26
33 28
34 12
34 14
35 12
35 29

# solution 23
# n=36 sym=rot4 status=verified source=flammenkamp_cache/n36_rot4
# code=oDV7OEQCH07KM9FVYJP2T8E1COW5ZPX5T8HJW3GIR6U2A0U3BNYLR6XAG14KQDFSZIN9LBS4M
0 13
0 31
1 7
1 24
2 14
2 26
3 12
3 17
4 0
4 7
5 20
5 22
6 9
6 15
7 31
7 34
8 19
8 25
9 2
9 29
10 8
10 14
11 1
11 12
12 24
12 32
13 5
13 35
14 25
14 33
15 5
15 29
16 8
16 17
17 19
17 32
18 3
18 16
19 18
19 27
20 6
20 30
21 2
21 10
22 0
22 30
23 3
23 11
24 23
24 34
25 21
25 27
26 6
26 33
27 10
27 16
28 1
28 4
29 20
29 26
30 13
30 15
31 28
31 35
32 18
32 23
33 9
33 21
34 11
34 28
35 4
35 22

# solution 24
# n=36 sym=rot4 status=verified source=flammenkamp_cache/n36_rot4
# code=oSTFJEI6OBRAE0W0F49CRNU3VAQDMUXSY1H2JGXIY1725DM9P4W5C8NQVKZ3ZLP8OBTHLGK67
0 28
0 29
1 15
1 19
2 14
2 18
3 6
3 24
4 11
4 27
5 10
5 14
6 0
6 32
7 0
7 15
8 4
8 9
9 12
9 27
10 23
10 30
11 3
11 31
12 10
12 26
13 13
13 22
14 30
14 33
15 28
15 34
16 1
16 17
17 2
17 19
18 16
18 33
19 18
19 34
20 1
20 7
21 2
21 5
22 13
22 22
23 9
23 25
24 4
24 32
25 5
25 12
26 8
26 23
27 26
27 31
28 20
28 35
29 3
29 35
30 21
30 25
31 8
31 24
32 11
32 29
33 17
33 21
34 16
34 20
35 6
35 7

# solution 25
# n=36 sym=rot4 status=verified source=flammenkamp_cache/n36_rot4
# code=o6KFTINMP7PEN1ZBV9GER34DS253OQU0YHR2JGX8I1Z59BWUX7MVW8LJQ4O0YCLASADCH6KFT
0 6
0 20
1 15
1 29
2 18
2 23
3 22
3 25
4 7
4 25
5 14
5 23
6 1
6 35
7 11
7 31
8 9
8 16
9 14
9 27
10 3
10 4
11 13
11 28
12 2
12 5
13 3
13 24
14 26
14 30
15 0
15 34
16 17
16 27
17 2
17 19
18 16
18 33
19 8
19 18
20 1
20 35
21 5
21 9
22 11
22 32
23 30
23 33
24 7
24 22
25 31
25 32
26 8
26 21
27 19
27 26
28 4
28 24
29 0
29 34
30 12
30 21
31 10
31 28
32 10
32 13
33 12
33 17
34 6
34 20
35 15
35 29

# solution 26
# n=36 sym=rot4 status=verified source=flammenkamp_cache/n36_rot4
# code=oQSBI9UENFU24BG0MEM0XAPTY3F78RWNVHT1JGY6I4C38RSKW16AP2ZDLDZJOVX5KCL5QHO79
0 26
0 28
1 11
1 18
2 9
2 30
3 14
3 23
4 15
4 30
5 2
5 4
6 11
6 16
7 0
7 22
8 14
8 22
9 0
9 33
10 10
10 25
11 29
11 34
12 3
12 15
13 7
13 8
14 27
14 32
15 23
15 31
16 17
16 29
17 1
17 19
18 16
18 34
19 6
19 18
20 4
20 12
21 3
21 8
22 27
22 28
23 20
23 32
24 1
24 6
25 10
25 25
26 2
26 35
27 13
27 21
28 13
28 35
29 19
29 24
30 31
30 33
31 5
31 20
32 12
32 21
33 5
33 26
34 17
34 24
35 7
35 9

# solution 27
# n=36 sym=rot4 status=verified source=flammenkamp_cache/n36_rot4
# code=oBJILDE69AQKRBW7S5K4WCVTZMPCX1X580H1JGYIZRU2Y2NAD064N3VFU7S3O8F9PQTLMEHGO
0 11
0 19
1 18
1 21
2 13
2 14
3 6
3 9
4 10
4 26
5 20
5 27
6 11
6 32
7 7
7 28
8 5
8 20
9 4
9 32
10 12
10 31
11 29
11 35
12 22
12 25
13 12
13 33
14 1
14 33
15 5
15 8
16 0
16 17
17 1
17 19
18 16
18 34
19 18
19 35
20 27
20 30
21 2
21 34
22 2
22 23
23 10
23 13
24 0
24 6
25 4
25 23
26 3
26 31
27 15
27 30
28 7
28 28
29 3
29 24
30 8
30 15
31 9
31 25
32 26
32 29
33 21
33 22
34 14
34 17
35 16
35 24

# solution 28
# n=36 sym=rot4 status=verified source=flammenkamp_cache/n36_rot4
# code=oQSBH9UENFU24BG0MEM0XAPTY3F78RWNVHTJY1G6I4C38RSKW16AP2ZDLDZJOVX5KCL5QIO79
0 26
0 28
1 11
1 17
2 9
2 30
3 14
3 23
4 15
4 30
5 2
5 4
6 11
6 16
7 0
7 22
8 14
8 22
9 0
9 33
10 10
10 25
11 29
11 34
12 3
12 15
13 7
13 8
14 27
14 32
15 23
15 31
16 17
16 29
17 19
17 34
18 1
18 16
19 6
19 18
20 4
20 12
21 3
21 8
22 27
22 28
23 20
23 32
24 1
24 6
25 10
25 25
26 2
26 35
27 13
27 21
28 13
28 35
29 19
29 24
30 31
30 33
31 5
31 20
32 12
32 21
33 5
33 26
34 18
34 24
35 7
35 9

# solution 29
# n=36 sym=rot4 status=verified source=flammenkamp_cache/n36_rot4
# code=oCDHK8PLOKP5UBQGR7X6M243TEZ9Z3N14HSJY1G7IVYCW0Q0L6WVXDT2S8J9O5UAFBEARFIMN
0 12
0 13
1 17
1 20
2 8
2 25
3 21
3 24
4 20
4 25
5 5
5 30
6 11
6 26
7 16
7 27
8 7
8 33
9 6
9 22
10 2
10 4
11 3
11 29
12 14
12 35
13 9
13 35
14 3
14 23
15 1
15 4
16 17
16 28
17 19
17 34
18 1
18 16
19 7
19 18
20 31
20 34
21 12
21 32
22 0
22 26
23 0
23 21
24 6
24 32
25 31
25 33
26 13
26 29
27 2
27 28
28 8
28 19
29 9
29 24
30 5
30 30
31 10
31 15
32 11
32 14
33 10
33 27
34 15
34 18
35 22
35 23

# solution 30
# n=36 sym=rot4 status=verified source=flammenkamp_cache/n36_rot4
# code=oISEM5RDE9JAXKN092CSVBUFP6R1WWY6O4H0JGZIVBT133Y8TAK5O47NXQZCF2PGQLM8UDL7H
0 18
0 28
1 14
1 22
2 5
2 27
3 13
3 14
4 9
4 19
5 10
5 33
6 20
6 23
7 0
7 9
8 2
8 12
9 28
9 31
10 11
10 30
11 15
11 25
12 6
12 27
13 1
13 32
14 32
14 34
15 6
15 24
16 4
16 17
17 0
17 19
18 16
18 35
19 18
19 31
20 11
20 29
21 1
21 3
22 3
22 34
23 8
23 29
24 10
24 20
25 5
25 24
26 4
26 7
27 23
27 33
28 26
28 35
29 12
29 15
30 2
30 25
31 16
31 26
32 21
32 22
33 8
33 30
34 13
34 21
35 7
35 17

# solution 31
# n=36 sym=rot4 status=verified source=flammenkamp_cache/n36_rot4
# code=oDHBLQS9DGP8L8K2CTU2W4BPYKSWZ156CHVJZ0G4INTUY037F1AOV3X56NXFRERAJMQ79EOIM
0 13
0 17
1 11
1 21
2 26
2 28
3 9
3 13
4 16
4 25
5 8
5 21
6 8
6 20
7 2
7 12
8 29
8 30
9 2
9 32
10 4
10 11
11 25
11 34
12 20
12 28
13 32
13 35
14 1
14 5
15 6
15 12
16 17
16 31
17 19
17 35
18 0
18 16
19 4
19 18
20 23
20 29
21 30
21 34
22 0
22 3
23 7
23 15
24 1
24 10
25 24
25 31
26 3
26 33
27 5
27 6
28 23
28 33
29 15
29 27
30 14
30 27
31 10
31 19
32 22
32 26
33 7
33 9
34 14
34 24
35 18
35 22

# solution 32
# n=36 sym=rot4 status=verified source=flammenkamp_cache/n36_rot4
# code=oFQEPCG8MPU4B7LOTGW0C147UQX3I6YHZRXDKFM280I1THW295SVYNZ3J6BESOV5ADRJNAL9K
0 15
0 26
1 14
1 25
2 12
2 16
3 8
3 22
4 25
4 30
5 4
5 11
6 7
6 21
7 24
7 29
8 16
8 32
9 0
9 12
10 1
10 4
11 7
11 30
12 26
12 33
13 3
13 18
14 6
14 34
15 17
15 35
16 27
16 33
17 13
17 20
18 15
18 22
19 2
19 8
20 0
20 18
21 1
21 29
22 17
22 32
23 2
23 9
24 5
24 28
25 31
25 34
26 23
26 35
27 3
27 19
28 6
28 11
29 14
29 28
30 24
30 31
31 5
31 10
32 13
32 27
33 19
33 23
34 10
34 21
35 9
35 20

# solution 33
# n=36 sym=rot4 status=verified source=flammenkamp_cache/n36_rot4
# code=oCD9JJRBQFSLP8S462T3Y5ENWBZHZ5PHV12KMDFXY4IAU0I0O3CLU1W6XTV7RAE7K9O8GGQMN
0 12
0 13
1 9
1 19
2 19
2 27
3 11
3 26
4 15
4 28
5 21
5 25
6 8
6 28
7 4
7 6
8 2
8 29
9 3
9 34
10 5
10 14
11 23
11 32
12 11
12 35
13 17
13 35
14 5
14 25
15 17
15 31
16 1
16 2
17 20
17 22
18 13
18 15
19 33
19 34
20 4
20 18
21 10
21 30
22 0
22 18
23 0
23 24
24 3
24 12
25 21
25 30
26 1
26 32
27 6
27 33
28 29
28 31
29 7
29 27
30 10
30 14
31 7
31 20
32 9
32 24
33 8
33 16
34 16
34 26
35 22
35 23

# solution 34
# n=36 sym=rot4 status=verified source=flammenkamp_cache/n36_rot4
# code=oFMBJQT485WOV2MCPGW2H7L5YES06ANHZ1RKQ9F8Y0ICPTZ7L1UESIX3JANDX4B3URV69GODK
0 15
0 22
1 11
1 19
2 26
2 29
3 4
3 8
4 5
4 32
5 24
5 31
6 2
6 22
7 12
7 25
8 16
8 32
9 2
9 17
10 7
10 21
11 5
11 34
12 14
12 28
13 0
13 6
14 10
14 23
15 17
15 35
16 1
16 27
17 20
17 26
18 9
18 15
19 8
19 34
20 0
20 18
21 12
21 25
22 29
22 35
23 7
23 21
24 1
24 30
25 14
25 28
26 18
26 33
27 3
27 19
28 10
28 23
29 13
29 33
30 4
30 11
31 3
31 30
32 27
32 31
33 6
33 9
34 16
34 24
35 13
35 20

# solution 35
# n=36 sym=rot4 status=verified source=flammenkamp_cache/n36_rot4
# code=o5KLMATDJ4VOZ2S6ECINP9X5J9R1W1S0H3B8KFROWIZ7Y3Y8QGU2QACHNLT7X0B4VGM6PDEFU
0 5
0 20
1 21
1 22
2 10
2 29
3 13
3 19
4 4
4 31
5 24
5 35
6 2
6 28
7 6
7 14
8 12
8 18
9 23
9 25
10 9
10 33
11 5
11 19
12 9
12 27
13 1
13 32
14 1
14 28
15 0
15 17
16 3
16 11
17 8
17 20
18 15
18 27
19 24
19 32
20 18
20 35
21 7
21 34
22 3
22 34
23 8
23 26
24 16
24 30
25 2
25 26
26 10
26 12
27 17
27 23
28 21
28 29
29 7
29 33
30 0
30 11
31 4
31 31
32 16
32 22
33 6
33 25
34 13
34 14
35 15
35 30

# solution 36
# n=36 sym=rot4 status=verified source=flammenkamp_cache/n36_rot4
# code=oJY0CJO9K7RLQEOHV4D5WAP26MYCR5T3H02KS7FXZIW6U8N1DTXAP3UMV4IBL9E8SFQBGNZ1G
0 19
0 34
1 0
1 12
2 19
2 24
3 9
3 20
4 7
4 27
5 21
5 26
6 14
6 24
7 17
7 31
8 4
8 13
9 5
9 32
10 10
10 25
11 2
11 6
12 22
12 34
13 12
13 27
14 5
14 29
15 3
15 17
16 0
16 2
17 20
17 28
18 7
18 15
19 33
19 35
20 18
20 32
21 6
21 30
22 8
22 23
23 1
23 13
24 29
24 33
25 10
25 25
26 3
26 30
27 22
27 31
28 4
28 18
29 11
29 21
30 9
30 14
31 8
31 28
32 15
32 26
33 11
33 16
34 23
34 35
35 1
35 16

# solution 37
# n=36 sym=rot4 status=verified source=flammenkamp_cache/n36_rot4
# code=oMOFPCT5T9BIW23EGJNPV190V8X0LDSHY8S5KFU7R1I7MEZ2R4ZQY4ACGJLWX3HOQ6U6NAKBD
0 22
0 24
1 15
1 25
2 12
2 29
3 5
3 29
4 9
4 11
5 18
5 32
6 2
6 3
7 14
7 16
8 19
8 23
9 25
9 31
10 1
10 9
11 0
11 31
12 8
12 33
13 0
13 21
14 13
14 28
15 17
15 34
16 8
16 28
17 5
17 20
18 15
18 30
19 7
19 27
20 1
20 18
21 7
21 22
22 14
22 35
23 2
23 27
24 4
24 35
25 26
25 34
26 4
26 10
27 12
27 16
28 19
28 21
29 32
29 33
30 3
30 17
31 24
31 26
32 6
32 30
33 6
33 23
34 10
34 20
35 11
35 13

# solution 38
# n=36 sym=rot4 status=verified source=flammenkamp_cache/n36_rot4
# code=oGMCQ5PEIPRTX5FBG4L1B24QSMY0C8WHTSZ3KFW076I3RNZ1D79VXOYEVJOKU268AHLAU9NDJ
0 16
0 22
1 12
1 26
2 5
2 25
3 14
3 18
4 25
4 27
5 29
5 33
6 5
6 15
7 11
7 16
8 4
8 21
9 1
9 11
10 2
10 4
11 26
11 28
12 22
12 34
13 0
13 12
14 8
14 32
15 17
15 29
16 28
16 35
17 3
17 20
18 15
18 32
19 0
19 7
20 6
20 18
21 3
21 27
22 23
22 35
23 1
23 13
24 7
24 9
25 31
25 33
26 24
26 34
27 14
27 31
28 19
28 24
29 20
29 30
30 2
30 6
31 8
31 10
32 17
32 21
33 10
33 30
34 9
34 23
35 13
35 19

# solution 39
# n=36 sym=rot4 status=verified source=flammenkamp_cache/n36_rot4
# code=o9GMN6OEHRU4OGXMR47EZCF251P17QWHPTZKW3F06AI39SYAYUXKN0LSV8D2JBV58ILBTCDJQ
0 9
0 16
1 22
1 23
2 6
2 24
3 14
3 17
4 27
4 30
5 4
5 24
6 16
6 33
7 22
7 27
8 4
8 7
9 14
9 35
10 12
10 15
11 2
11 5
12 1
12 25
13 1
13 7
14 26
14 32
15 17
15 25
16 29
16 35
17 20
17 32
18 3
18 15
19 0
19 6
20 10
20 18
21 3
21 9
22 28
22 34
23 10
23 34
24 30
24 33
25 20
25 23
26 0
26 21
27 28
27 31
28 8
28 13
29 2
29 19
30 11
30 31
31 5
31 8
32 18
32 21
33 11
33 29
34 12
34 13
35 19
35 26

# solution 40
# n=36 sym=rot4 status=verified source=flammenkamp_cache/n36_rot4
# code=o5BKMDIOQCRTZ5GPR473G7C3ZPV1XEL1HQT2KFX69IYEL2Y4A0WNSJWSV8AJU068N9BHMDFOU
0 5
0 11
1 20
1 22
2 13
2 18
3 24
3 26
4 12
4 27
5 29
5 35
6 5
6 16
7 25
7 27
8 4
8 7
9 3
9 16
10 7
10 12
11 3
11 35
12 25
12 31
13 1
13 33
14 14
14 21
15 1
15 17
16 26
16 29
17 2
17 20
18 15
18 33
19 6
19 9
20 18
20 34
21 14
21 21
22 2
22 34
23 4
23 10
24 0
24 32
25 23
25 28
26 19
26 32
27 28
27 31
28 8
28 10
29 19
29 30
30 0
30 6
31 8
31 23
32 9
32 11
33 17
33 22
34 13
34 15
35 24
35 30

# solution 41
# n=36 sym=rot4 status=verified source=flammenkamp_cache/n36_rot4
# code=oOQIM8ENO59JVDS6KNX0VAP03381TJX7H5E1KFYLUIS2G6YRWWZAP4Z2CFT7M4GQUBCLRDH9B
0 24
0 26
1 18
1 22
2 8
2 14
3 23
3 24
4 5
4 9
5 19
5 31
6 13
6 28
7 6
7 20
8 23
8 33
9 0
9 31
10 10
10 25
11 0
11 3
12 3
12 8
13 1
13 29
14 19
14 33
15 7
15 17
16 5
16 14
17 1
17 20
18 15
18 34
19 21
19 30
20 18
20 28
21 2
21 16
22 6
22 34
23 27
23 32
24 32
24 35
25 10
25 25
26 4
26 35
27 2
27 12
28 15
28 29
29 7
29 22
30 4
30 16
31 26
31 30
32 11
32 12
33 21
33 27
34 13
34 17
35 9
35 11

# solution 42
# n=36 sym=rot4 status=verified source=flammenkamp_cache/n36_rot4
# code=oGK7H7BCM4V6T5UXYLPCM8EJXQW398P0HBZKY1F0OIZARQW392GLRDNAE125U6T4VDNOSISFJ
0 16
0 20
1 7
1 17
2 7
2 11
3 12
3 22
4 4
4 31
5 6
5 29
6 5
6 30
7 33
7 34
8 21
8 25
9 12
9 22
10 8
10 14
11 19
11 33
12 26
12 32
13 3
13 9
14 8
14 25
15 0
15 17
16 11
16 35
17 20
17 34
18 1
18 15
19 0
19 24
20 18
20 35
21 10
21 27
22 26
22 32
23 3
23 9
24 2
24 16
25 21
25 27
26 13
26 23
27 10
27 14
28 1
28 2
29 5
29 30
30 6
30 29
31 4
31 31
32 13
32 23
33 24
33 28
34 18
34 28
35 15
35 19

# solution 43
# n=36 sym=rot4 status=verified source=flammenkamp_cache/n36_rot4
# code=oIJ7R8QFM5TGV4ENY1X2MAPEN7B39OTHW0U0KFZ5Z3I6BQWOSCLAPDX2Y1CLV4J6UDK9R8SGH
0 18
0 19
1 7
1 27
2 8
2 26
3 15
3 22
4 5
4 29
5 16
5 31
6 4
6 14
7 23
7 34
8 1
8 33
9 2
9 22
10 10
10 25
11 14
11 23
12 7
12 11
13 3
13 9
14 24
14 29
15 17
15 32
16 0
16 30
17 0
17 20
18 15
18 35
19 5
19 35
20 3
20 18
21 6
21 11
22 26
22 32
23 24
23 28
24 12
24 21
25 10
25 25
26 13
26 33
27 2
27 34
28 1
28 12
29 21
29 31
30 4
30 19
31 6
31 30
32 13
32 20
33 9
33 27
34 8
34 28
35 16
35 17

# solution 44
# n=36 sym=rot4 status=verified source=flammenkamp_cache/n36_rot4
# code=oINALQT9MBDKR27NT5G2WEYJV073V1P5HBR0KFZ8OIUAY4WSZ4G1L3XJU6CSX8FMODQ69EPCH
0 18
0 23
1 10
1 21
2 26
2 29
3 9
3 22
4 11
4 13
5 20
5 27
6 2
6 7
7 23
7 29
8 5
8 16
9 2
9 32
10 14
10 34
11 19
11 31
12 0
12 7
13 3
13 31
14 1
14 25
15 5
15 17
16 11
16 27
17 0
17 20
18 15
18 35
19 8
19 24
20 18
20 30
21 10
21 34
22 4
22 32
23 28
23 35
24 4
24 16
25 1
25 21
26 3
26 33
27 19
27 30
28 6
28 12
29 28
29 33
30 8
30 15
31 22
31 24
32 13
32 26
33 6
33 9
34 14
34 25
35 12
35 17

# solution 45
# n=36 sym=rot4 status=verified source=flammenkamp_cache/n36_rot4
# code=oFIMPOV892LCQ6TCEJW5W1O2ASU1J4SHZ8D0KFZMR0I7VGY57PXBY3U3GLN6T9NEXQR4BADHK
0 15
0 18
1 22
1 25
2 24
2 31
3 8
3 9
4 2
4 21
5 12
5 26
6 6
6 29
7 12
7 14
8 19
8 32
9 5
9 32
10 1
10 24
11 2
11 10
12 28
12 30
13 1
13 19
14 4
14 28
15 17
15 35
16 8
16 13
17 0
17 20
18 15
18 35
19 22
19 27
20 0
20 18
21 7
21 31
22 16
22 34
23 5
23 7
24 25
24 33
25 11
25 34
26 3
26 30
27 3
27 16
28 21
28 23
29 6
29 29
30 9
30 23
31 14
31 33
32 26
32 27
33 4
33 11
34 10
34 13
35 17
35 20

# solution 46
# n=36 sym=rot4 status=verified source=flammenkamp_cache/n36_rot4
# code=oHM8OETEMJP9A27NTJYOU4U197F03WXHN48KZ0FRVCI23WZKSQY5V5B1G6CSXPQAGDL6LBRDI
0 17
0 22
1 8
1 24
2 14
2 29
3 14
3 22
4 19
4 25
5 9
5 10
6 2
6 7
7 23
7 29
8 19
8 34
9 24
9 30
10 4
10 30
11 1
11 9
12 7
12 15
13 0
13 3
14 32
14 33
15 17
15 23
16 4
16 8
17 20
17 35
18 0
18 15
19 27
19 31
20 12
20 18
21 2
21 3
22 32
22 35
23 20
23 28
24 26
24 34
25 5
25 31
26 5
26 11
27 1
27 16
28 6
28 12
29 28
29 33
30 25
30 26
31 10
31 16
32 13
32 21
33 6
33 21
34 11
34 27
35 13
35 18

# solution 47
# n=36 sym=rot4 status=verified source=flammenkamp_cache/n36_rot4
# code=oBMAGMSOPTU4F482NETIN3Y3Z7902IRGUKY9ELQ1F5J8HXZQS0W1WCH6LCXRVKV56AB7DJPDO
0 11
0 22
1 10
1 16
2 22
2 28
3 24
3 25
4 29
4 30
5 4
5 15
6 4
6 8
7 2
7 23
8 14
8 29
9 18
9 23
10 3
10 34
11 3
11 35
12 7
12 9
13 0
13 2
14 18
14 27
15 16
15 30
16 20
16 34
17 9
17 14
18 21
18 26
19 1
19 15
20 5
20 19
21 8
21 17
22 33
22 35
23 26
23 28
24 0
24 32
25 1
25 32
26 12
26 17
27 6
27 21
28 12
28 33
29 27
29 31
30 20
30 31
31 5
31 6
32 10
32 11
33 7
33 13
34 19
34 25
35 13
35 24

# solution 48
# n=36 sym=rot4 status=verified source=flammenkamp_cache/n36_rot4
# code=oJQ7DIMAQ6CFNBVRY7P038WLT5V2YBIGU0K2ELXFZ5JHO1X4U6E3RWZAS184OCKNT9PDHMS9G
0 19
0 26
1 7
1 13
2 18
2 22
3 10
3 26
4 6
4 12
5 15
5 23
6 11
6 31
7 27
7 34
8 7
8 25
9 0
9 3
10 8
10 32
11 21
11 29
12 5
12 31
13 2
13 34
14 11
14 18
15 16
15 30
16 0
16 20
17 2
17 14
18 21
18 33
19 15
19 35
20 5
20 19
21 17
21 24
22 1
22 33
23 4
23 30
24 6
24 14
25 3
25 27
26 32
26 35
27 10
27 28
28 1
28 8
29 4
29 24
30 12
30 20
31 23
31 29
32 9
32 25
33 13
33 17
34 22
34 28
35 9
35 16

# solution 49
# n=36 sym=rot4 status=verified source=flammenkamp_cache/n36_rot4
# code=oGP1YBPEK9KBM9RJR67TV02UXIM5CHW347ZCLEN0SVW3INUDH25XZ46ST8G8QDOFQFLAO1YAJ
0 16
0 25
1 1
1 34
2 11
2 25
3 14
3 20
4 9
4 20
5 11
5 22
6 9
6 27
7 19
7 27
8 6
8 7
9 29
9 31
10 0
10 2
11 30
11 33
12 18
12 22
13 5
13 12
14 17
14 32
15 3
15 4
16 7
16 35
17 12
17 21
18 14
18 23
19 0
19 28
20 31
20 32
21 3
21 18
22 23
22 30
23 13
23 17
24 2
24 5
25 33
25 35
26 4
26 6
27 28
27 29
28 8
28 16
29 8
29 26
30 13
30 24
31 15
31 26
32 15
32 21
33 10
33 24
34 1
34 34
35 10
35 19

# solution 50
# n=36 sym=rot4 status=verified source=flammenkamp_cache/n36_rot4
# code=oDQGL4CPQKX67FUDUJO033H8COXSZ1H4T8YLPAE1R6VIY072BNRIWWZBG5M5KST2F9ANVEJ9M
0 13
0 26
1 16
1 21
2 4
2 12
3 25
3 26
4 20
4 33
5 6
5 7
6 15
6 30
7 13
7 30
8 19
8 24
9 0
9 3
10 3
10 17
11 8
11 12
12 24
12 33
13 28
13 35
14 1
14 17
15 4
15 29
16 8
16 34
17 21
17 25
18 10
18 14
19 1
19 27
20 6
20 31
21 18
21 34
22 0
22 7
23 2
23 11
24 23
24 27
25 18
25 32
26 32
26 35
27 11
27 16
28 5
28 22
29 5
29 20
30 28
30 29
31 2
31 15
32 9
32 10
33 23
33 31
34 14
34 19
35 9
35 22

# solution 51
# n=36 sym=rot4 status=verified source=flammenkamp_cache/n36_rot4
# code=oDT38FJBYJNOT05CIQY8LAP5W4SFZ9HMX247LESVX2DIQ0K7V3UAPER19HNUZ6BCG1OGKRW6M
0 13
0 29
1 3
1 8
2 15
2 19
3 11
3 34
4 19
4 23
5 24
5 29
6 0
6 5
7 12
7 18
8 26
8 34
9 8
9 21
10 10
10 25
11 5
11 32
12 4
12 28
13 15
13 35
14 9
14 17
15 22
15 33
16 2
16 4
17 7
17 21
18 14
18 28
19 31
19 33
20 2
20 13
21 18
21 26
22 0
22 20
23 7
23 31
24 3
24 30
25 10
25 25
26 14
26 27
27 1
27 9
28 17
28 23
29 30
29 35
30 6
30 11
31 12
31 16
32 1
32 24
33 16
33 20
34 27
34 32
35 6
35 22

# solution 52
# n=36 sym=rot4 status=verified source=flammenkamp_cache/n36_rot4
# code=oGQKPJMBQ8BCK8CIPTV0317VWTU2EHM152Z7LES0XUYDILX5634SYWZ46AHNRFNOR9ODGAF9J
0 16
0 26
1 20
1 25
2 19
2 22
3 11
3 26
4 8
4 11
5 12
5 20
6 8
6 12
7 18
7 25
8 29
8 31
9 0
9 3
10 1
10 7
11 31
11 32
12 29
12 30
13 2
13 14
14 17
14 22
15 1
15 5
16 2
16 35
17 7
17 21
18 14
18 28
19 0
19 33
20 30
20 34
21 13
21 18
22 21
22 33
23 5
23 6
24 3
24 4
25 28
25 34
26 32
26 35
27 4
27 6
28 10
28 17
29 23
29 27
30 15
30 23
31 24
31 27
32 9
32 24
33 13
33 16
34 10
34 15
35 9
35 19

# solution 53
# n=36 sym=rot4 status=verified source=flammenkamp_cache/n36_rot4
# code=o9DKNIT8LJT7D24RU7WAZJQBO1FUZ3H1N4A2LEXPVCYIW05KYBO9G0P3S58VXMS6GER6HCFMQ
0 9
0 13
1 20
1 23
2 18
2 29
3 8
3 21
4 19
4 29
5 7
5 13
6 2
6 4
7 27
7 30
8 7
8 32
9 10
9 35
10 19
10 26
11 11
11 24
12 1
12 15
13 30
13 35
14 3
14 17
15 1
15 23
16 4
16 10
17 2
17 21
18 14
18 33
19 25
19 31
20 12
20 34
21 18
21 32
22 0
22 5
23 20
23 34
24 11
24 24
25 9
25 16
26 0
26 25
27 3
27 28
28 5
28 8
29 31
29 33
30 22
30 28
31 6
31 16
32 14
32 27
33 6
33 17
34 12
34 15
35 22
35 26

# solution 54
# n=36 sym=rot4 status=verified source=flammenkamp_cache/n36_rot4
# code=oMUBIJP8DFU04KL7SQW8B2CQYGP0W6H6V2N1LEYCX4TIT3ZAJ19NXOR397SEFVZ5KMRAGHO5D
0 22
0 30
1 11
1 18
2 19
2 25
3 8
3 13
4 15
4 30
5 0
5 4
6 20
6 21
7 7
7 28
8 26
8 32
9 8
9 11
10 2
10 12
11 26
11 34
12 16
12 25
13 0
13 32
14 6
14 17
15 6
15 31
16 2
16 23
17 1
17 21
18 14
18 34
19 12
19 33
20 4
20 29
21 18
21 29
22 3
22 35
23 10
23 19
24 1
24 9
25 23
25 33
26 24
26 27
27 3
27 9
28 7
28 28
29 14
29 15
30 31
30 35
31 5
31 20
32 22
32 27
33 10
33 16
34 17
34 24
35 5
35 13

# solution 55
# n=36 sym=rot4 status=verified source=flammenkamp_cache/n36_rot4
# code=oKQ9ICOKL6AJSDV5ACD0YSV2JRXRT3H035B1LEYOUWZIW6828GX471ZMNPU4M7GPTEFBNHQ9F
0 20
0 26
1 9
1 18
2 12
2 24
3 20
3 21
4 6
4 10
5 19
5 28
6 13
6 31
7 5
7 10
8 12
8 13
9 0
9 34
10 28
10 31
11 2
11 19
12 27
12 33
13 27
13 29
14 3
14 17
15 0
15 3
16 5
16 11
17 1
17 21
18 14
18 34
19 24
19 30
20 32
20 35
21 18
21 32
22 6
22 8
23 2
23 8
24 16
24 33
25 4
25 7
26 1
26 35
27 22
27 23
28 25
28 30
29 4
29 22
30 7
30 16
31 25
31 29
32 14
32 15
33 11
33 23
34 17
34 26
35 9
35 15

# solution 56
# n=36 sym=rot4 status=verified source=flammenkamp_cache/n36_rot4
# code=oIK8P5DAK9TLX4J7SGYBV1WCQDONX5H036R0LEZ8TWZIU2CBM9N3Y4O1J7SGV2E6QFPMUARFH
0 18
0 20
1 8
1 25
2 5
2 13
3 10
3 20
4 9
4 29
5 21
5 33
6 4
6 19
7 7
7 28
8 16
8 34
9 11
9 31
10 1
10 32
11 12
11 26
12 13
12 24
13 23
13 33
14 5
14 17
15 0
15 3
16 6
16 27
17 0
17 21
18 14
18 35
19 8
19 29
20 32
20 35
21 18
21 30
22 2
22 12
23 11
23 22
24 9
24 23
25 3
25 34
26 4
26 24
27 1
27 19
28 7
28 28
29 16
29 31
30 2
30 14
31 6
31 26
32 15
32 25
33 22
33 30
34 10
34 27
35 15
35 17

# solution 57
# n=36 sym=rot4 status=verified source=flammenkamp_cache/n36_rot4
# code=oDIGM3NQXBF6APUKQGO376U8V2E1ZHN7VRY0LEZ184SCI0YLX4R5TSWBJ9F5APTKO29CWDJHM
0 13
0 18
1 16
1 22
2 3
2 23
3 26
3 33
4 11
4 15
5 6
5 10
6 25
6 30
7 20
7 26
8 16
8 24
9 3
9 7
10 6
10 30
11 8
11 31
12 2
12 14
13 1
13 35
14 17
14 23
15 7
15 31
16 27
16 34
17 0
17 21
18 14
18 35
19 1
19 8
20 4
20 28
21 12
21 18
22 0
22 34
23 21
23 33
24 4
24 27
25 5
25 29
26 28
26 32
27 11
27 19
28 9
28 15
29 5
29 10
30 25
30 29
31 20
31 24
32 2
32 9
33 12
33 32
34 13
34 19
35 17
35 22

# solution 58
# n=36 sym=rot4 status=verified source=flammenkamp_cache/n36_rot4
# code=oEIFOKPJRAJ6DQU8Q3S672V1MCNBUHZ2Y340LEZVW1X0I5OCNDY4XST7W9R59MTGP8GAFBKHL
0 14
0 18
1 15
1 24
2 20
2 25
3 19
3 27
4 10
4 19
5 6
5 13
6 26
6 30
7 8
7 26
8 3
8 28
9 6
9 7
10 2
10 31
11 1
11 22
12 12
12 23
13 11
13 30
14 17
14 35
15 2
15 34
16 3
16 4
17 0
17 21
18 14
18 35
19 31
19 32
20 1
20 33
21 0
21 18
22 5
22 24
23 12
23 23
24 13
24 34
25 4
25 33
26 28
26 29
27 7
27 32
28 9
28 27
29 5
29 9
30 22
30 29
31 16
31 25
32 8
32 16
33 10
33 15
34 11
34 20
35 17
35 21

# solution 59
# n=36 sym=rot4 status=verified source=flammenkamp_cache/n36_rot4
# code=oEIFOKP8JAJ6DQU8QSW672V1MCNBUHZ2Y340LEZVW1X0I5OCNDY4XST379R59MTGPGRAFBKHL
0 14
0 18
1 15
1 24
2 20
2 25
3 8
3 19
4 10
4 19
5 6
5 13
6 26
6 30
7 8
7 26
8 28
8 32
9 6
9 7
10 2
10 31
11 1
11 22
12 12
12 23
13 11
13 30
14 17
14 35
15 2
15 34
16 3
16 4
17 0
17 21
18 14
18 35
19 31
19 32
20 1
20 33
21 0
21 18
22 5
22 24
23 12
23 23
24 13
24 34
25 4
25 33
26 28
26 29
27 3
27 7
28 9
28 27
29 5
29 9
30 22
30 29
31 16
31 25
32 16
32 27
33 10
33 15
34 11
34 20
35 17
35 21

# solution 60
# n=36 sym=rot4 status=verified source=flammenkamp_cache/n36_rot4
# code=oDH8JMRQTEKPT35CJ2Y3B5NKQAS2ZHV4B17LZ0ESYOV4I0X7P9FCUOW1XGNUW6AFL698DGRIM
0 13
0 17
1 8
1 19
2 22
2 27
3 26
3 29
4 14
4 20
5 25
5 29
6 3
6 5
7 12
7 19
8 2
8 34
9 3
9 11
10 5
10 23
11 20
11 26
12 10
12 28
13 2
13 35
14 17
14 31
15 4
15 11
16 1
16 7
17 21
17 35
18 0
18 14
19 28
19 34
20 24
20 31
21 4
21 18
22 0
22 33
23 7
23 25
24 9
24 15
25 12
25 30
26 24
26 32
27 1
27 33
28 16
28 23
29 30
29 32
30 6
30 10
31 15
31 21
32 6
32 9
33 8
33 13
34 16
34 27
35 18
35 22

# solution 61
# n=36 sym=rot4 status=verified source=flammenkamp_cache/n36_rot4
# code=oAH2FMY8DJPJLQRCF6W6O4Z9COS2W5HSY45LZ0EUV17IU3X7BNQ0VBT3TKN89EGAGMR1DKXIP
0 10
0 17
1 2
1 15
2 22
2 34
3 8
3 13
4 19
4 25
5 19
5 21
6 26
6 27
7 12
7 15
8 6
8 32
9 6
9 24
10 4
10 35
11 9
11 12
12 24
12 28
13 2
13 32
14 5
14 17
15 28
15 34
16 4
16 5
17 21
17 35
18 0
18 14
19 30
19 31
20 1
20 7
21 18
21 30
22 3
22 33
23 7
23 11
24 23
24 26
25 0
25 31
26 11
26 29
27 3
27 29
28 20
28 23
29 8
29 9
30 14
30 16
31 10
31 16
32 22
32 27
33 1
33 13
34 20
34 33
35 18
35 25

# solution 62
# n=36 sym=rot4 status=verified source=flammenkamp_cache/n36_rot4
# code=oHO8GCPJQOU4KCF7SDY3L2M04TXAR9H5T3YLZ0E1W6UIQ8P26VZDXEW1M7SKNFV5B9GANJRBI
0 17
0 24
1 8
1 16
2 12
2 25
3 19
3 26
4 24
4 30
5 4
5 20
6 12
6 15
7 7
7 28
8 13
8 34
9 3
9 21
10 2
10 22
11 0
11 4
12 29
12 33
13 10
13 27
14 9
14 17
15 5
15 29
16 3
16 34
17 21
17 35
18 0
18 14
19 1
19 32
20 6
20 30
21 18
21 26
22 8
22 25
23 2
23 6
24 31
24 35
25 13
25 33
26 14
26 32
27 1
27 22
28 7
28 28
29 20
29 23
30 15
30 31
31 5
31 11
32 9
32 16
33 10
33 23
34 19
34 27
35 11
35 18

# solution 63
# n=36 sym=rot4 status=verified source=flammenkamp_cache/n36_rot4
# code=oHK9SBECPKU4GPR1M6BJY36RXMW7CHX049ULZ0E5QVZ2INS3D28TW1GOTDY8AJV5FANLO7QFI
0 17
0 20
1 9
1 28
2 11
2 14
3 12
3 25
4 20
4 30
5 4
5 16
6 25
6 27
7 1
7 22
8 6
8 11
9 19
9 34
10 3
10 6
11 27
11 33
12 22
12 32
13 7
13 12
14 17
14 33
15 0
15 4
16 9
16 30
17 21
17 35
18 0
18 14
19 5
19 26
20 31
20 35
21 2
21 18
22 23
22 28
23 3
23 13
24 2
24 8
25 29
25 32
26 1
26 16
27 24
27 29
28 13
28 34
29 8
29 10
30 19
30 31
31 5
31 15
32 10
32 23
33 21
33 24
34 7
34 26
35 15
35 18

# solution 64
# n=36 sym=rot4 status=verified source=flammenkamp_cache/n36_rot4
# code=oPR9J3JLX57LV9KCV0KTY0CDHPSHO356812MOBDXYRTUWBI7AIMNZ16FZ4NFQ4ESU2EGWGQ8A
0 25
0 27
1 9
1 19
2 3
2 19
3 21
3 33
4 5
4 7
5 21
5 31
6 9
6 20
7 12
7 31
8 0
8 20
9 29
9 34
10 0
10 12
11 13
11 17
12 25
12 28
13 17
13 24
14 3
14 5
15 6
15 8
16 1
16 2
17 22
17 24
18 11
18 13
19 33
19 34
20 27
20 29
21 30
21 32
22 11
22 18
23 7
23 10
24 18
24 22
25 23
25 35
26 1
26 6
27 15
27 35
28 4
28 23
29 15
29 26
30 4
30 14
31 28
31 30
32 2
32 14
33 16
33 32
34 16
34 26
35 8
35 10

# solution 65
# n=36 sym=rot4 status=verified source=flammenkamp_cache/n36_rot4
# code=oQRAGFS4GCWFQ7N2T0A05RYDH6VHOELUXWYMOBD1325ELBI4TIM18UZPZ6XCS9K3NJV7KJP89
0 26
0 27
1 10
1 16
2 15
2 28
3 4
3 16
4 12
4 32
5 15
5 26
6 7
6 23
7 2
7 29
8 0
8 10
9 0
9 5
10 27
10 34
11 13
11 17
12 6
12 31
13 17
13 24
14 14
14 21
15 30
15 33
16 32
16 34
17 22
17 24
18 11
18 13
19 1
19 3
20 2
20 5
21 14
21 21
22 11
22 18
23 4
23 29
24 18
24 22
25 1
25 8
26 30
26 35
27 25
27 35
28 6
28 33
29 12
29 28
30 9
30 20
31 3
31 23
32 19
32 31
33 7
33 20
34 19
34 25
35 8
35 9

# solution 66
# n=36 sym=rot4 status=verified source=flammenkamp_cache/n36_rot4
# code=oKOEJNUADRS2ENR4946KSHW0G26HWUY091OMPADBYQZ153ITXJZ3I7FTVQV8CLX78MP5CGLBF
0 20
0 24
1 14
1 19
2 23
2 30
3 10
3 13
4 27
4 28
5 2
5 14
6 23
6 27
7 4
7 9
8 4
8 6
9 20
9 28
10 17
10 32
11 0
11 16
12 2
12 6
13 17
13 32
14 30
14 34
15 0
15 9
16 1
16 24
17 22
17 25
18 10
18 13
19 11
19 34
20 26
20 35
21 1
21 5
22 3
22 18
23 29
23 33
24 19
24 35
25 3
25 18
26 7
26 15
27 29
27 31
28 26
28 31
29 8
29 12
30 21
30 33
31 7
31 8
32 22
32 25
33 5
33 12
34 16
34 21
35 11
35 15

# solution 67
# n=36 sym=rot4 status=verified source=flammenkamp_cache/n36_rot4
# code=oDKOSGTLQ7B8C2K1VIU3ANQ1VAUHZ3G06LX8MDR2ETZJW0I5P4Y9CPW5H4YFXNROS9E6J7BFM
0 13
0 20
1 24
1 28
2 16
2 29
3 21
3 26
4 7
4 11
5 8
5 12
6 2
6 20
7 1
7 31
8 18
8 30
9 3
9 10
10 23
10 26
11 1
11 31
12 10
12 30
13 17
13 35
14 3
14 16
15 0
15 6
16 21
16 33
17 8
17 22
18 13
18 27
19 2
19 14
20 29
20 35
21 19
21 32
22 0
22 18
23 5
23 25
24 4
24 34
25 9
25 12
26 25
26 32
27 5
27 17
28 4
28 34
29 15
29 33
30 23
30 27
31 24
31 28
32 9
32 14
33 6
33 19
34 7
34 11
35 15
35 22

# solution 68
# n=36 sym=rot4 status=verified source=flammenkamp_cache/n36_rot4
# code=o9CGLOQGSAFMR8L3I5T2ZFV2NBZ5H16PVWY7MDS134ATYIU0OCX4K0X6UHWER8DKP7J9BEJNQ
0 9
0 12
1 16
1 21
2 24
2 26
3 16
3 28
4 10
4 15
5 22
5 27
6 8
6 21
7 3
7 18
8 5
8 29
9 2
9 35
10 15
10 31
11 2
11 23
12 11
12 35
13 5
13 17
14 1
14 6
15 25
15 31
16 32
16 34
17 7
17 22
18 13
18 28
19 1
19 3
20 4
20 10
21 29
21 34
22 18
22 30
23 0
23 24
24 12
24 33
25 4
25 20
26 0
26 33
27 6
27 30
28 17
28 32
29 14
29 27
30 8
30 13
31 20
31 25
32 7
32 19
33 9
33 11
34 14
34 19
35 23
35 26

# solution 69
# n=36 sym=rot4 status=verified source=flammenkamp_cache/n36_rot4
# code=oBNFGGPOSDT8H473TEUAF2Q3Z0EHVNRQYXYMU5D12198C4ILZ0W9XKP5L6WSVIR6M7BAJJKCO
0 11
0 23
1 15
1 16
2 16
2 25
3 24
3 28
4 13
4 29
5 8
5 17
6 4
6 7
7 3
7 29
8 14
8 30
9 10
9 15
10 2
10 26
11 3
11 35
12 0
12 14
13 17
13 31
14 23
14 27
15 26
15 34
16 33
16 34
17 22
17 30
18 5
18 13
19 1
19 2
20 1
20 9
21 8
21 12
22 4
22 18
23 21
23 35
24 0
24 32
25 9
25 33
26 20
26 25
27 5
27 21
28 6
28 32
29 28
29 31
30 18
30 27
31 6
31 22
32 7
32 11
33 10
33 19
34 19
34 20
35 12
35 24

# solution 70
# n=36 sym=rot4 status=verified source=flammenkamp_cache/n36_rot4
# code=oGLKP9C6C4VHPSW6BEJBX15QSWXFH0R1M8ZMU5D0RDY8ZIK2379UY2OGLOT37AI4VNTNQAFEJ
0 16
0 21
1 20
1 25
2 9
2 12
3 6
3 12
4 4
4 31
5 17
5 25
6 28
6 32
7 6
7 11
8 14
8 19
9 11
9 33
10 1
10 5
11 26
11 28
12 32
12 33
13 15
13 17
14 0
14 27
15 1
15 22
16 8
16 35
17 22
17 30
18 5
18 13
19 0
19 27
20 13
20 34
21 8
21 35
22 18
22 20
23 2
23 3
24 7
24 9
25 30
25 34
26 2
26 24
27 16
27 21
28 24
28 29
29 3
29 7
30 10
30 18
31 4
31 31
32 23
32 29
33 23
33 26
34 10
34 15
35 14
35 19

# solution 71
# n=36 sym=rot4 status=verified source=flammenkamp_cache/n36_rot4
# code=o9GDL8OOUHS3GNS46QX8ZFL236FHY1ANPUZMV4D05ACPY1IKTWXEK0R29TV7CJW7I5BBREMJQ
0 9
0 16
1 13
1 21
2 8
2 24
3 24
3 30
4 17
4 28
5 3
5 16
6 23
6 28
7 4
7 6
8 26
8 33
9 8
9 35
10 15
10 21
11 2
11 3
12 6
12 15
13 17
13 34
14 1
14 10
15 23
15 25
16 30
16 35
17 22
17 31
18 4
18 13
19 0
19 5
20 10
20 12
21 25
21 34
22 1
22 18
23 20
23 29
24 32
24 33
25 14
25 20
26 0
26 27
27 2
27 9
28 29
28 31
29 7
29 12
30 19
30 32
31 7
31 18
32 5
32 11
33 11
33 27
34 14
34 22
35 19
35 26

# solution 72
# n=36 sym=rot4 status=verified source=flammenkamp_cache/n36_rot4
# code=oDNAFIN7B6SBEJV4WJPFL8YUW02HZ9UQY682MDXRT195Q0IXZ351REKAG3V4GLO7TOSCHKPCM
0 13
0 23
1 10
1 15
2 18
2 23
3 7
3 11
4 6
4 28
5 11
5 14
6 19
6 31
7 4
7 32
8 19
8 25
9 15
9 21
10 8
10 34
11 30
11 32
12 0
12 2
13 17
13 35
14 9
14 30
15 26
15 34
16 6
16 8
17 2
17 22
18 13
18 33
19 27
19 29
20 1
20 9
21 5
21 26
22 0
22 18
23 33
23 35
24 3
24 5
25 1
25 27
26 14
26 20
27 10
27 16
28 3
28 31
29 4
29 16
30 21
30 24
31 7
31 29
32 24
32 28
33 12
33 17
34 20
34 25
35 12
35 22

# solution 73
# n=36 sym=rot4 status=verified source=flammenkamp_cache/n36_rot4
# code=o3NDQBIQZ5PJV7PETJO13468X0EHYNSFK582MDXRUFK7C1ILZ2RTVWYBG6LAS4GAU09HO9MCW
0 3
0 23
1 13
1 26
2 11
2 18
3 26
3 35
4 5
4 25
5 19
5 31
6 7
6 25
7 14
7 29
8 19
8 24
9 1
9 3
10 4
10 6
11 8
11 33
12 0
12 14
13 17
13 34
14 23
14 28
15 15
15 20
16 5
16 8
17 2
17 22
18 13
18 33
19 27
19 30
20 15
20 20
21 7
21 12
22 1
22 18
23 21
23 35
24 2
24 27
25 29
25 31
26 32
26 34
27 11
27 16
28 6
28 21
29 10
29 28
30 4
30 16
31 10
31 30
32 0
32 9
33 17
33 24
34 9
34 22
35 12
35 32

# solution 74
# n=36 sym=rot4 status=verified source=flammenkamp_cache/n36_rot4
# code=o9FALHP5EFSRWRS4656JZ2YBOJMCH1WVZ9CMX2DNQ043YINDGBO1X0GTUTV78387KLUAIEPKQ
0 9
0 15
1 10
1 21
2 17
2 25
3 5
3 14
4 15
4 28
5 27
5 32
6 27
6 28
7 4
7 6
8 5
8 6
9 19
9 35
10 2
10 34
11 11
11 24
12 19
12 22
13 12
13 17
14 1
14 32
15 31
15 35
16 9
16 12
17 22
17 33
18 2
18 13
19 23
19 26
20 0
20 4
21 3
21 34
22 18
22 23
23 13
23 16
24 11
24 24
25 1
25 33
26 0
26 16
27 29
27 30
28 29
28 31
29 7
29 8
30 3
30 8
31 7
31 20
32 21
32 30
33 10
33 18
34 14
34 25
35 20
35 26

# solution 75
# n=36 sym=rot4 status=verified source=flammenkamp_cache/n36_rot4
# code=oKRCKHPATLSEG3O4G09DR2W6COYHQ4U01SUMX2D57YZ5V9I1BNT3X8MQZJVBWJL7E6PAIFN8F
0 20
0 27
1 12
1 20
2 17
2 25
3 10
3 29
4 21
4 28
5 14
5 16
6 3
6 24
7 4
7 16
8 0
8 9
9 13
9 27
10 2
10 32
11 6
11 12
12 24
12 34
13 17
13 26
14 4
14 30
15 0
15 1
16 28
16 30
17 22
17 33
18 2
18 13
19 5
19 7
20 34
20 35
21 5
21 31
22 9
22 18
23 1
23 11
24 23
24 29
25 3
25 33
26 8
26 22
27 26
27 35
28 19
28 31
29 11
29 32
30 19
30 21
31 7
31 14
32 6
32 25
33 10
33 18
34 15
34 23
35 8
35 15

# solution 76
# n=36 sym=rot4 status=verified source=flammenkamp_cache/n36_rot4
# code=o9AGI4CCKUX4RRS6K56EZEZBOWXHJPQ37DY1MDY1MSW9AGI23BO0L0LTUFT788V25FNNVHJPQ
0 9
0 10
1 16
1 18
2 4
2 12
3 12
3 20
4 30
4 33
5 4
5 27
6 27
6 28
7 6
7 20
8 5
8 6
9 14
9 35
10 14
10 35
11 11
11 24
12 32
12 33
13 17
13 19
14 25
14 26
15 3
15 7
16 13
16 34
17 1
17 22
18 13
18 34
19 1
19 22
20 28
20 32
21 9
21 10
22 16
22 18
23 2
23 3
24 11
24 24
25 0
25 21
26 0
26 21
27 29
27 30
28 15
28 29
29 7
29 8
30 8
30 31
31 2
31 5
32 15
32 23
33 23
33 31
34 17
34 19
35 25
35 26

# solution 77
# n=36 sym=rot4 status=verified source=flammenkamp_cache/n36_rot4
# code=o6ODIJPOS9SFNGZ34EKAV2Q035EHYNR8U2T1MDY6X5R8C1ILUWZ9X4PFLVW0JCK7Q7BAGHMBT
0 6
0 24
1 13
1 18
2 19
2 25
3 24
3 28
4 9
4 28
5 15
5 23
6 16
6 35
7 3
7 4
8 14
8 20
9 10
9 31
10 2
10 26
11 0
11 3
12 5
12 14
13 17
13 34
14 23
14 27
15 8
15 30
16 2
16 29
17 1
17 22
18 13
18 34
19 6
19 33
20 5
20 27
21 8
21 12
22 1
22 18
23 21
23 30
24 32
24 35
25 9
25 33
26 4
26 25
27 15
27 21
28 31
28 32
29 0
29 19
30 12
30 20
31 7
31 26
32 7
32 11
33 10
33 16
34 17
34 22
35 11
35 29

# solution 78
# n=36 sym=rot4 status=verified source=flammenkamp_cache/n36_rot4
# code=oDNIK3ABXKSGONR4A69JRSX5W06HZEL149U1MDY5QVYEL0ITZ3U278GQTPV8CBJ7F2OPWFHCM
0 13
0 23
1 18
1 20
2 3
2 10
3 11
3 33
4 20
4 28
5 16
5 24
6 23
6 27
7 4
7 10
8 6
8 9
9 19
9 27
10 28
10 33
11 5
11 32
12 0
12 6
13 17
13 35
14 14
14 21
15 1
15 4
16 9
16 30
17 1
17 22
18 13
18 34
19 5
19 26
20 31
20 34
21 14
21 21
22 0
22 18
23 29
23 35
24 3
24 30
25 2
25 7
26 8
26 16
27 26
27 29
28 25
28 31
29 8
29 12
30 11
30 19
31 7
31 15
32 2
32 24
33 25
33 32
34 15
34 17
35 12
35 22

# solution 79
# n=36 sym=rot4 status=verified source=flammenkamp_cache/n36_rot4
# code=oEFEIGO59PSRWJP495FSW462NBMCHYZRZ6X1MDY2T0801INDOCXTV37KUQVAG387AQUBJHLKL
0 14
0 15
1 14
1 18
2 16
2 24
3 5
3 9
4 25
4 28
5 27
5 32
6 19
6 25
7 4
7 9
8 5
8 15
9 28
9 32
10 4
10 6
11 2
11 23
12 11
12 22
13 12
13 17
14 34
14 35
15 27
15 35
16 6
16 33
17 1
17 22
18 13
18 34
19 2
19 29
20 0
20 8
21 0
21 1
22 18
22 23
23 13
23 24
24 12
24 33
25 29
25 31
26 3
26 7
27 20
27 30
28 26
28 31
29 10
29 16
30 3
30 8
31 7
31 10
32 26
32 30
33 11
33 19
34 17
34 21
35 20
35 21

# solution 80
# n=36 sym=rot4 status=verified source=flammenkamp_cache/n36_rot4
# code=oEFEIGO59PSRWGP495KSW462NBMCHYZ8ZTX1MDY260R01INDOCXTV37FUQVAJ387AQUBJHLKL
0 14
0 15
1 14
1 18
2 16
2 24
3 5
3 9
4 25
4 28
5 27
5 32
6 16
6 25
7 4
7 9
8 5
8 20
9 28
9 32
10 4
10 6
11 2
11 23
12 11
12 22
13 12
13 17
14 34
14 35
15 8
15 35
16 29
16 33
17 1
17 22
18 13
18 34
19 2
19 6
20 0
20 27
21 0
21 1
22 18
22 23
23 13
23 24
24 12
24 33
25 29
25 31
26 3
26 7
27 15
27 30
28 26
28 31
29 10
29 19
30 3
30 8
31 7
31 10
32 26
32 30
33 11
33 19
34 17
34 21
35 20
35 21

# solution 81
# n=36 sym=rot4 status=verified source=flammenkamp_cache/n36_rot4
# code=oCWGHFQ0ALRPRFJ7S452B5WCQOZHL4DTX6YMY1D1T26MVEI0B9N3UOXUV7SGK8A8EPZ9KIJ3N
0 12
0 32
1 16
1 17
2 15
2 26
3 0
3 10
4 21
4 27
5 25
5 27
6 15
6 19
7 7
7 28
8 4
8 5
9 2
9 11
10 5
10 32
11 12
11 26
12 24
12 35
13 17
13 21
14 4
14 13
15 29
15 33
16 6
16 34
17 22
17 34
18 1
18 13
19 1
19 29
20 2
20 6
21 22
21 31
22 14
22 18
23 0
23 11
24 9
24 23
25 3
25 30
26 24
26 33
27 30
27 31
28 7
28 28
29 16
29 20
30 8
30 10
31 8
31 14
32 25
32 35
33 9
33 20
34 18
34 19
35 3
35 23

# solution 82
# n=36 sym=rot4 status=verified source=flammenkamp_cache/n36_rot4
# code=oFOGH4C9CPXLRBG9L5FSW4M0TWXAH57RZTYMY1D1608SUIP236ZDV37KUEQJO8E2ANQNVIJBK
0 15
0 24
1 16
1 17
2 4
2 12
3 9
3 12
4 25
4 33
5 21
5 27
6 11
6 16
7 9
7 21
8 5
8 15
9 28
9 32
10 4
10 22
11 0
11 29
12 32
12 33
13 10
13 17
14 5
14 7
15 27
15 35
16 29
16 34
17 22
17 34
18 1
18 13
19 1
19 6
20 0
20 8
21 28
21 30
22 18
22 25
23 2
23 3
24 6
24 35
25 13
25 31
26 3
26 7
27 20
27 30
28 14
28 26
29 19
29 24
30 8
30 14
31 2
31 10
32 23
32 26
33 23
33 31
34 18
34 19
35 11
35 20

# solution 83
# n=36 sym=rot4 status=verified source=flammenkamp_cache/n36_rot4
# code=o9KHO7GAQ7TLO4GVXFN3ZNW158AHL5D0RTXMY1D268ZMUEIPRUY3C0WCK24JVBE6S9PJSBIFQ
0 9
0 20
1 17
1 24
2 7
2 16
3 10
3 26
4 7
4 29
5 21
5 24
6 4
6 16
7 31
7 33
8 15
8 23
9 3
9 35
10 23
10 32
11 1
11 5
12 8
12 10
13 17
13 21
14 5
14 13
15 0
15 27
16 29
16 33
17 22
17 34
18 1
18 13
19 2
19 6
20 8
20 35
21 22
21 30
22 14
22 18
23 25
23 27
24 30
24 34
25 3
25 12
26 0
26 32
27 12
27 20
28 2
28 4
29 19
29 31
30 11
30 14
31 6
31 28
32 9
32 25
33 19
33 28
34 11
34 18
35 15
35 26

# solution 84
# n=36 sym=rot4 status=verified source=flammenkamp_cache/n36_rot4
# code=oHJEOMQ9E4V6RFUBN5K2WCJ1S7P2HWY8T0AMZ0DPZ6R13IXAS7YGN3XFUCO5K8T4VLQ9DBLGI
0 17
0 19
1 14
1 24
2 22
2 26
3 9
3 14
4 4
4 31
5 6
5 27
6 15
6 30
7 11
7 23
8 5
8 20
9 2
9 32
10 12
10 19
11 1
11 28
12 7
12 25
13 2
13 17
14 32
14 34
15 8
15 29
16 0
16 10
17 22
17 35
18 0
18 13
19 25
19 35
20 6
20 27
21 1
21 3
22 18
22 33
23 10
23 28
24 7
24 34
25 16
25 23
26 3
26 33
27 15
27 30
28 12
28 24
29 5
29 20
30 8
30 29
31 4
31 31
32 21
32 26
33 9
33 13
34 11
34 21
35 16
35 18

# solution 85
# n=36 sym=rot4 status=verified source=flammenkamp_cache/n36_rot4
# code=oBHLT3NGXFSMO184QNT7GAP5Z285H1FLVQWMZ0D394EKYIURX0UAPJS6C9VRYBD7K2JCW6EIO
0 11
0 17
1 21
1 29
2 3
2 23
3 16
3 33
4 15
4 28
5 22
5 24
6 1
6 8
7 4
7 26
8 23
8 29
9 7
9 16
10 10
10 25
11 5
11 35
12 2
12 8
13 5
13 17
14 1
14 15
15 21
15 31
16 26
16 32
17 22
17 35
18 0
18 13
19 3
19 9
20 4
20 14
21 20
21 34
22 18
22 30
23 27
23 33
24 0
24 30
25 10
25 25
26 19
26 28
27 6
27 12
28 9
28 31
29 27
29 34
30 11
30 13
31 7
31 20
32 2
32 19
33 12
33 32
34 6
34 14
35 18
35 24

# solution 86
# n=36 sym=rot4 status=verified source=flammenkamp_cache/n36_rot4
# code=oHK7LAEOR4V9GJKQY3A7URX3NBMCH1X066UMZ0D5TTZ2YINDOCW285SPW19FGJQ4V8BLPESFI
0 17
0 20
1 7
1 21
2 10
2 14
3 24
3 27
4 4
4 31
5 9
5 16
6 19
6 20
7 26
7 34
8 3
8 10
9 7
9 30
10 27
10 33
11 3
11 23
12 11
12 22
13 12
13 17
14 1
14 33
15 0
15 6
16 6
16 30
17 22
17 35
18 0
18 13
19 5
19 29
20 29
20 35
21 2
21 34
22 18
22 23
23 13
23 24
24 12
24 32
25 2
25 8
26 5
26 28
27 25
27 32
28 1
28 9
29 15
29 16
30 19
30 26
31 4
31 31
32 8
32 11
33 21
33 25
34 14
34 28
35 15
35 18

# solution 87
# n=36 sym=rot4 status=verified source=flammenkamp_cache/n36_rot4
# code=oJKAD5GOSETSX4935KNPT9Y3H8IEYMV080XCOBN2ZRZ4D1LHRIW1Q6ACFUWQV276L7BJUMPFG
0 19
0 20
1 10
1 13
2 5
2 16
3 24
3 28
4 14
4 29
5 28
5 33
6 4
6 9
7 3
7 5
8 20
8 23
9 25
9 29
10 9
10 34
11 3
11 17
12 8
12 18
13 14
13 34
14 22
14 31
15 0
15 8
16 0
16 33
17 12
17 24
18 11
18 23
19 2
19 35
20 27
20 35
21 4
21 13
22 1
22 21
23 17
23 27
24 18
24 32
25 1
25 26
26 6
26 10
27 12
27 15
28 30
28 32
29 26
29 31
30 2
30 7
31 6
31 21
32 7
32 11
33 19
33 30
34 22
34 25
35 15
35 16

# solution 88
# n=36 sym=rot4 status=verified source=flammenkamp_cache/n36_rot4
# code=oKM9RBHET687D3VAU1VEYJSCXIO0UQW0GAKCX2NFPJZ395ZBH2N7G1L4Y5P4WMSRT6LIO8QDF
0 20
0 22
1 9
1 27
2 11
2 17
3 14
3 29
4 6
4 8
5 7
5 13
6 3
6 31
7 10
7 30
8 1
8 31
9 14
9 34
10 19
10 28
11 12
11 33
12 18
12 24
13 0
13 30
14 26
14 32
15 0
15 16
16 10
16 20
17 12
17 33
18 2
18 23
19 15
19 25
20 19
20 35
21 3
21 9
22 5
22 35
23 11
23 17
24 2
24 23
25 7
25 16
26 1
26 21
27 4
27 34
28 5
28 25
29 4
29 32
30 22
30 28
31 27
31 29
32 6
32 21
33 18
33 24
34 8
34 26
35 13
35 15

# solution 89
# n=36 sym=rot4 status=verified source=flammenkamp_cache/n36_rot4
# code=oDIFMKRNT7B6Q3UQV2G57BLPV3I1ZAG2YLR0CNZ8E1XJP0YHW4AEOSUJX495W9TOS6C8FDKHM
0 13
0 18
1 15
1 22
2 20
2 27
3 23
3 29
4 7
4 11
5 6
5 26
6 3
6 30
7 26
7 31
8 2
8 16
9 5
9 7
10 11
10 21
11 25
11 31
12 3
12 18
13 1
13 35
14 10
14 16
15 2
15 34
16 21
16 27
17 0
17 12
18 23
18 35
19 8
19 14
20 1
20 33
21 19
21 25
22 0
22 34
23 17
23 32
24 4
24 10
25 14
25 24
26 28
26 30
27 19
27 33
28 4
28 9
29 5
29 32
30 9
30 29
31 24
31 28
32 6
32 12
33 8
33 15
34 13
34 20
35 17
35 22

# solution 90
# n=36 sym=rot4 status=verified source=flammenkamp_cache/n36_rot4
# code=oDKAJEW276SEPJV4W9FNR5YDH9HOZUX0R16NOBCTY8Z250BIQIM1U8CKQ3V4GAL7TSX3LGPFM
0 13
0 20
1 10
1 19
2 14
2 32
3 2
3 7
4 6
4 28
5 14
5 25
6 19
6 31
7 4
7 32
8 9
8 15
9 23
9 27
10 5
10 34
11 13
11 17
12 9
12 17
13 24
13 35
14 30
14 33
15 0
15 27
16 1
16 6
17 23
17 24
18 11
18 12
19 29
19 34
20 8
20 35
21 2
21 5
22 0
22 11
23 18
23 26
24 18
24 22
25 1
25 30
26 8
26 12
27 20
27 26
28 3
28 31
29 4
29 16
30 10
30 21
31 7
31 29
32 28
32 33
33 3
33 21
34 16
34 25
35 15
35 22

# solution 91
# n=36 sym=rot4 status=verified source=flammenkamp_cache/n36_rot4
# code=oKO2LLY3W7RCD7GTV4AHJMR0FHUAU120O9TNQ9C6QBZXY5P5IKZ8DGIPV46JSMN8S3W1EEXBF
0 20
0 24
1 2
1 21
2 21
2 34
3 3
3 32
4 7
4 27
5 12
5 13
6 7
6 16
7 29
7 31
8 4
8 10
9 17
9 19
10 22
10 27
11 0
11 15
12 17
12 30
13 10
13 30
14 1
14 2
15 0
15 24
16 9
16 29
17 23
17 26
18 9
18 12
19 6
19 26
20 11
20 35
21 33
21 34
22 5
22 25
23 5
23 18
24 20
24 35
25 8
25 13
26 16
26 18
27 25
27 31
28 4
28 6
29 19
29 28
30 22
30 23
31 8
31 28
32 3
32 32
33 1
33 14
34 14
34 33
35 11
35 15

# solution 92
# n=36 sym=rot4 status=verified source=flammenkamp_cache/n36_rot4
# code=oAEEUMQ47JW1KDOJWAB2HRZ6RHK2TYZ5C47NQ9CSVNU016XFI8T08IXOP3GBMFY3GSV9D5LLP
0 10
0 14
1 14
1 30
2 22
2 26
3 4
3 7
4 19
4 32
5 1
5 20
6 13
6 24
7 19
7 32
8 10
8 11
9 2
9 17
10 27
10 35
11 6
11 27
12 17
12 20
13 2
13 29
14 34
14 35
15 5
15 12
16 4
16 7
17 23
17 26
18 9
18 12
19 28
19 31
20 23
20 30
21 0
21 1
22 6
22 33
23 15
23 18
24 8
24 29
25 0
25 8
26 18
26 33
27 24
27 25
28 3
28 16
29 11
29 22
30 15
30 34
31 3
31 16
32 28
32 31
33 9
33 13
34 5
34 21
35 21
35 25

# solution 93
# n=36 sym=rot4 status=verified source=flammenkamp_cache/n36_rot4
# code=oFJDX1LEP8S6DOU4KHVJO3N69AHUY2W7Z09NR8CQZ0S3X15IPQTCWBG4IFV5BMT7RALEY2MGK
0 15
0 19
1 13
1 33
2 1
2 21
3 14
3 25
4 8
4 28
5 6
5 13
6 24
6 30
7 4
7 20
8 17
8 31
9 19
9 24
10 3
10 23
11 6
11 9
12 10
12 17
13 30
13 34
14 2
14 32
15 7
15 35
16 0
16 9
17 23
17 27
18 8
18 12
19 26
19 35
20 0
20 28
21 3
21 33
22 1
22 5
23 18
23 25
24 26
24 29
25 12
25 32
26 11
26 16
27 4
27 18
28 15
28 31
29 5
29 11
30 22
30 29
31 7
31 27
32 10
32 21
33 14
33 34
34 2
34 22
35 16
35 20

# solution 94
# n=36 sym=rot4 status=verified source=flammenkamp_cache/n36_rot4
# code=oGNASJT6L5BMV2W1FHKAMQYEV0H593O8S2ZNR8C0X7RBWQUIZ4L19DPFIKY3X4DOUET6G7PCJ
0 16
0 23
1 10
1 28
2 19
2 29
3 6
3 21
4 5
4 11
5 22
5 31
6 2
6 32
7 1
7 15
8 17
8 20
9 10
9 22
10 26
10 34
11 14
11 31
12 0
12 17
13 5
13 9
14 3
14 24
15 8
15 28
16 2
16 35
17 23
17 27
18 8
18 12
19 0
19 33
20 7
20 27
21 11
21 32
22 26
22 30
23 18
23 35
24 4
24 21
25 1
25 9
26 13
26 25
27 15
27 18
28 20
28 34
29 3
29 33
30 4
30 13
31 24
31 30
32 14
32 29
33 6
33 16
34 7
34 25
35 12
35 19

# solution 95
# n=36 sym=rot4 status=verified source=flammenkamp_cache/n36_rot4
# code=oKM8M9E4JFW68PUIPUYBX67GQEH01NX0V3O7NCSBW4Z2CYZIL9JST2O15AH5ART3KGVLQDRDF
0 20
0 22
1 8
1 22
2 9
2 14
3 4
3 19
4 15
4 32
5 6
5 8
6 25
6 30
7 18
7 25
8 30
8 34
9 11
9 33
10 6
10 7
11 16
11 26
12 14
12 17
13 0
13 1
14 23
14 33
15 0
15 31
16 3
16 24
17 7
17 23
18 12
18 28
19 11
19 32
20 4
20 35
21 2
21 12
22 34
22 35
23 18
23 21
24 9
24 19
25 28
25 29
26 2
26 24
27 1
27 5
28 10
28 17
29 5
29 10
30 27
30 29
31 3
31 20
32 16
32 31
33 21
33 26
34 13
34 27
35 13
35 15

# solution 96
# n=36 sym=rot4 status=verified source=flammenkamp_cache/n36_rot4
# code=oFMMQ8GRV3L6GAUAH3X1OST9FEH014NOZUXNS7C250BCVYZILKQ67BY2WIP5PJTEW48JR9DDK
0 15
0 22
1 22
1 26
2 8
2 16
3 27
3 31
4 3
4 21
5 6
5 16
6 10
6 30
7 10
7 17
8 3
8 33
9 1
9 24
10 28
10 29
11 9
11 15
12 14
12 17
13 0
13 1
14 4
14 23
15 24
15 35
16 30
16 33
17 23
17 28
18 7
18 12
19 2
19 5
20 0
20 11
21 12
21 31
22 34
22 35
23 18
23 21
24 20
24 26
25 6
25 7
26 11
26 34
27 2
27 32
28 18
28 25
29 5
29 25
30 19
30 29
31 14
31 32
32 4
32 8
33 19
33 27
34 9
34 13
35 13
35 20

# solution 97
# n=36 sym=rot4 status=verified source=flammenkamp_cache/n36_rot4
# code=oMS9KADCP5RQVGH0G4O5Y3X8LHW0XBF1LSTNT6C67EYKO2Z3IER2W1UBVJZIJ498UANMPFQ7D
0 22
0 28
1 9
1 20
2 10
2 13
3 12
3 25
4 5
4 27
5 26
5 31
6 16
6 17
7 0
7 16
8 4
8 24
9 5
9 34
10 3
10 33
11 8
11 21
12 17
12 32
13 0
13 33
14 11
14 15
15 1
15 21
16 28
16 29
17 23
17 29
18 6
18 12
19 6
19 7
20 14
20 34
21 20
21 24
22 2
22 35
23 3
23 18
24 14
24 27
25 2
25 32
26 1
26 30
27 11
27 31
28 19
28 35
29 18
29 19
30 4
30 9
31 8
31 30
32 10
32 23
33 22
33 25
34 15
34 26
35 7
35 13

# solution 98
# n=36 sym=rot4 status=verified source=flammenkamp_cache/n36_rot4
# code=oCFPQTUBL7I2B28LVPT1G18UWHZDM37GZKQ4NCV9F0JSWDM0I35RYJY6A4ERXOXHSEO569AKN
0 12
0 15
1 25
1 26
2 29
2 30
3 11
3 21
4 7
4 18
5 2
5 11
6 2
6 8
7 21
7 31
8 25
8 29
9 1
9 16
10 1
10 8
11 30
11 32
12 17
12 35
13 13
13 22
14 3
14 7
15 16
15 35
16 20
16 26
17 4
17 23
18 12
18 31
19 9
19 15
20 0
20 19
21 28
21 32
22 13
22 22
23 0
23 18
24 3
24 5
25 27
25 34
26 19
26 34
27 6
27 10
28 4
28 14
29 27
29 33
30 24
30 33
31 17
31 28
32 14
32 24
33 5
33 6
34 9
34 10
35 20
35 23

# solution 99
# n=36 sym=rot4 status=verified source=flammenkamp_cache/n36_rot4
# code=oAKFU9R6CGH17BWPU2GMX7ZDTHW9OEL0YRVNV4C481ZELBQ3I6M0S2DJX5A3OSYIJNT8Q5KFP
0 10
0 20
1 15
1 30
2 9
2 27
3 6
3 12
4 16
4 17
5 1
5 7
6 11
6 32
7 25
7 30
8 2
8 16
9 22
9 33
10 7
10 35
11 13
11 29
12 17
12 32
13 9
13 24
14 14
14 21
15 0
15 34
16 27
16 31
17 23
17 31
18 4
18 12
19 4
19 8
20 1
20 35
21 14
21 21
22 11
22 26
23 3
23 18
24 6
24 22
25 0
25 28
26 2
26 13
27 19
27 33
28 5
28 10
29 3
29 24
30 28
30 34
31 18
31 19
32 23
32 29
33 8
33 26
34 5
34 20
35 15
35 25

# solution 100
# n=36 sym=rot4 status=verified source=flammenkamp_cache/n36_rot4
# code=oAJDFNQ6I8FDSOW5AJV2OSZ692HUYELVY083NCWRZ14EL15IXQT07BX4GPU3B7MKRHT9CKMGP
0 10
0 19
1 13
1 15
2 23
2 26
3 6
3 18
4 8
4 15
5 13
5 28
6 24
6 32
7 5
7 10
8 19
8 31
9 2
9 24
10 28
10 35
11 6
11 9
12 2
12 17
13 30
13 34
14 14
14 21
15 31
15 34
16 0
16 8
17 3
17 23
18 12
18 32
19 27
19 35
20 1
20 4
21 14
21 21
22 1
22 5
23 18
23 33
24 26
24 29
25 0
25 7
26 11
26 33
27 4
27 16
28 25
28 30
29 3
29 11
30 7
30 22
31 20
31 27
32 17
32 29
33 9
33 12
34 20
34 22
35 16
35 25

# solution 101
# n=36 sym=rot4 status=verified source=flammenkamp_cache/n36_rot4
# code=oJS9E6VIM2JAENX0FFQ8YOUAM6H3BUYRS043NCWVZ7815OWITDP5B1R9KKZ2CLPGXDH4TLQ7G
0 19
0 28
1 9
1 14
2 6
2 31
3 18
3 22
4 2
4 19
5 10
5 14
6 23
6 33
7 0
7 15
8 15
8 26
9 8
9 34
10 24
10 30
11 10
11 22
12 6
12 17
13 3
13 11
14 30
14 34
15 27
15 28
16 0
16 4
17 3
17 23
18 12
18 32
19 31
19 35
20 7
20 8
21 1
21 5
22 24
22 32
23 18
23 29
24 13
24 25
25 5
25 11
26 1
26 27
27 9
27 20
28 20
28 35
29 2
29 12
30 21
30 25
31 16
31 33
32 13
32 17
33 4
33 29
34 21
34 26
35 7
35 16

# solution 102
# n=36 sym=rot4 status=verified source=flammenkamp_cache/n36_rot4
# code=oFJ9LHQ7M4V8CBRKW6U2YGLMTHU3B1A7Z0PNX2CAZ0SPYOW5I6DEJ1X5T3F8ONR4VDS9IEQGK
0 15
0 19
1 9
1 21
2 17
2 26
3 7
3 22
4 4
4 31
5 8
5 12
6 11
6 27
7 20
7 32
8 6
8 30
9 2
9 34
10 16
10 21
11 22
11 29
12 17
12 30
13 3
13 11
14 1
14 10
15 7
15 35
16 0
16 25
17 23
17 33
18 2
18 12
19 10
19 35
20 0
20 28
21 25
21 34
22 24
22 32
23 5
23 18
24 6
24 13
25 14
25 19
26 1
26 33
27 5
27 29
28 3
28 15
29 8
29 24
30 23
30 27
31 4
31 31
32 13
32 28
33 9
33 18
34 14
34 26
35 16
35 20

# solution 103
# n=36 sym=rot4 status=verified source=flammenkamp_cache/n36_rot4
# code=oOQ5HBEDJ6EJYSV6R7F0DAP0XFHQWVXNR35NY1CUW8C2439IK2ZAPMZKS8T471GLTGMLOIU9B
0 24
0 26
1 5
1 17
2 11
2 14
3 13
3 19
4 6
4 14
5 19
5 34
6 28
6 31
7 6
7 27
8 7
8 15
9 0
9 13
10 10
10 25
11 0
11 33
12 15
12 17
13 26
13 32
14 31
14 33
15 23
15 27
16 3
16 5
17 23
17 34
18 1
18 12
19 30
19 32
20 8
20 12
21 2
21 4
22 3
22 9
23 18
23 20
24 2
24 35
25 10
25 25
26 22
26 35
27 20
27 28
28 8
28 29
29 4
29 7
30 1
30 16
31 21
31 29
32 16
32 22
33 21
33 24
34 18
34 30
35 9
35 11

# solution 104
# n=36 sym=rot4 status=verified source=flammenkamp_cache/n36_rot4
# code=oIQEM8UAOGL2J7A9TNX0STW3D8H1O4YFK5V0NCZ4UFK1VBYIRMW367Z2C6QPSGXEJBP5RDL9H
0 18
0 26
1 14
1 22
2 8
2 30
3 10
3 24
4 16
4 21
5 2
5 19
6 7
6 10
7 9
7 29
8 23
8 33
9 0
9 28
10 29
10 32
11 3
11 13
12 8
12 17
13 1
13 24
14 4
14 34
15 15
15 20
16 5
16 31
17 0
17 23
18 12
18 35
19 4
19 30
20 15
20 20
21 1
21 31
22 11
22 34
23 18
23 27
24 22
24 32
25 3
25 6
26 7
26 35
27 2
27 12
28 6
28 26
29 25
29 28
30 16
30 33
31 14
31 19
32 11
32 25
33 5
33 27
34 13
34 21
35 9
35 17

# solution 105
# n=36 sym=rot4 status=verified source=flammenkamp_cache/n36_rot4
# code=oHMFLBGLRKS5U8A4G3TAOQT9XDH0N134YSXNZ0C271VWYCZIM2Q69BP6WJVPR5U7F8EJOEKDI
0 17
0 22
1 15
1 21
2 11
2 16
3 21
3 27
4 20
4 28
5 5
5 30
6 8
6 10
7 4
7 16
8 3
8 29
9 10
9 24
10 26
10 29
11 9
11 33
12 13
12 17
13 0
13 23
14 1
14 3
15 4
15 34
16 28
16 33
17 23
17 35
18 0
18 12
19 2
19 7
20 1
20 31
21 32
21 34
22 12
22 35
23 18
23 22
24 2
24 26
25 6
25 9
26 11
26 25
27 6
27 32
28 19
28 31
29 25
29 27
30 5
30 30
31 7
31 15
32 8
32 14
33 19
33 24
34 14
34 20
35 13
35 18

# solution 106
# n=36 sym=rot4 status=verified source=flammenkamp_cache/n36_rot4
# code=oAVDSMUAR0F26EU193INSWZIJ9E2YNTGVBK8BORFO4J6C1XLQGH037CHWQY5LTXKZ8P5D7M4P
0 10
0 31
1 13
1 28
2 22
2 30
3 10
3 27
4 0
4 15
5 2
5 6
6 14
6 30
7 1
7 9
8 3
8 18
9 23
9 28
10 32
10 35
11 18
11 19
12 9
12 14
13 2
13 34
14 23
14 29
15 16
15 31
16 11
16 20
17 8
17 11
18 24
18 27
19 15
19 24
20 4
20 19
21 6
21 12
22 1
22 33
23 21
23 26
24 16
24 17
25 0
25 3
26 7
26 12
27 17
27 32
28 26
28 34
29 5
29 21
30 29
30 33
31 20
31 35
32 8
32 25
33 5
33 13
34 7
34 22
35 4
35 25

# solution 107
# n=36 sym=rot4 status=verified source=flammenkamp_cache/n36_rot4
# code=oFRGM6DBTLSIN3X4N0AAFQRIW571X4GQZLY5BOU1E09JV2YSU3H89KPPZCV2WCH7E6OMTDJ8K
0 15
0 27
1 16
1 22
2 6
2 13
3 11
3 29
4 21
4 28
5 18
5 23
6 3
6 33
7 4
7 23
8 0
8 10
9 10
9 15
10 26
10 27
11 18
11 32
12 5
12 7
13 1
13 33
14 4
14 16
15 26
15 35
16 21
16 34
17 5
17 11
18 24
18 30
19 1
19 14
20 0
20 9
21 19
21 31
22 2
22 34
23 28
23 30
24 3
24 17
25 8
25 9
26 20
26 25
27 25
27 35
28 12
28 31
29 2
29 32
30 12
30 17
31 7
31 14
32 6
32 24
33 22
33 29
34 13
34 19
35 8
35 20

# solution 108
# n=36 sym=rot4 status=verified source=flammenkamp_cache/n36_rot4
# code=oFJ9MAU6RIR2GDW7S34LYCXIKEP1T9NBZ0U4BOV5Z0OCQ6YALFH2N1EVW7S3MJX8H8T5PDQGK
0 15
0 19
1 9
1 22
2 10
2 30
3 6
3 27
4 18
4 27
5 2
5 16
6 13
6 32
7 7
7 28
8 3
8 4
9 21
9 34
10 12
10 33
11 18
11 20
12 14
12 25
13 1
13 29
14 9
14 23
15 11
15 35
16 0
16 30
17 4
17 11
18 24
18 31
19 5
19 35
20 0
20 24
21 12
21 26
22 6
22 34
23 10
23 21
24 15
24 17
25 2
25 23
26 1
26 14
27 31
27 32
28 7
28 28
29 3
29 22
30 19
30 33
31 8
31 17
32 8
32 29
33 5
33 25
34 13
34 26
35 16
35 20

# solution 109
# n=36 sym=rot4 status=verified source=flammenkamp_cache/n36_rot4
# code=oFJ9DAU6RIR2GDW7S34LYCXIKEPTY9NBZ0U4BOV5Z0OCQ16ALFH2N1EVW7S3MJX8H8T5PMQGK
0 15
0 19
1 9
1 13
2 10
2 30
3 6
3 27
4 18
4 27
5 2
5 16
6 13
6 32
7 7
7 28
8 3
8 4
9 21
9 34
10 12
10 33
11 18
11 20
12 14
12 25
13 29
13 34
14 9
14 23
15 11
15 35
16 0
16 30
17 4
17 11
18 24
18 31
19 5
19 35
20 0
20 24
21 12
21 26
22 1
22 6
23 10
23 21
24 15
24 17
25 2
25 23
26 1
26 14
27 31
27 32
28 7
28 28
29 3
29 22
30 19
30 33
31 8
31 17
32 8
32 29
33 5
33 25
34 22
34 26
35 16
35 20

# solution 110
# n=36 sym=rot4 status=verified source=flammenkamp_cache/n36_rot4
# code=oDLAM8QITJK5U39COAX2TRY7IES1Z0N4G4K3BOWFVJVCZ0Y7LHS186X2PBNQW5UFG6H9RDPEM
0 13
0 21
1 10
1 22
2 8
2 26
3 18
3 29
4 19
4 20
5 5
5 30
6 3
6 9
7 12
7 24
8 10
8 33
9 2
9 29
10 27
10 34
11 7
11 18
12 14
12 28
13 1
13 35
14 0
14 23
15 4
15 16
16 4
16 20
17 3
17 11
18 24
18 32
19 15
19 31
20 19
20 31
21 12
21 35
22 0
22 34
23 7
23 21
24 17
24 28
25 1
25 8
26 6
26 33
27 2
27 25
28 11
28 23
29 26
29 32
30 5
30 30
31 15
31 16
32 6
32 17
33 9
33 27
34 13
34 25
35 14
35 22

# solution 111
# n=36 sym=rot4 status=verified source=flammenkamp_cache/n36_rot4
# code=oDM8PCTHUEF3A2QCJJY6B1UIQSX0ZFVLV78BW3ORS4E4K0Z279H5YOT1GGN9XPWKL5I6NARDM
0 13
0 22
1 8
1 25
2 12
2 29
3 17
3 30
4 14
4 15
5 3
5 10
6 2
6 26
7 12
7 19
8 19
8 34
9 6
9 11
10 1
10 30
11 18
11 26
12 28
12 33
13 0
13 35
14 15
14 31
15 21
15 31
16 7
16 8
17 11
17 32
18 3
18 24
19 27
19 28
20 4
20 14
21 4
21 20
22 0
22 35
23 2
23 7
24 9
24 17
25 5
25 34
26 24
26 29
27 1
27 16
28 16
28 23
29 9
29 33
30 25
30 32
31 20
31 21
32 5
32 18
33 6
33 23
34 10
34 27
35 13
35 22

# solution 112
# n=36 sym=rot4 status=verified source=flammenkamp_cache/n36_rot4
# code=o19FZDINOGL5UGM9AAESZRS3I3F6X4RNYTV2BOX461C8V2TKWHW7807LPPQDJ5UEJBCHM0KQY
0 1
0 9
1 15
1 35
2 13
2 18
3 23
3 24
4 16
4 21
5 5
5 30
6 16
6 22
7 9
7 10
8 10
8 14
9 28
9 35
10 27
10 28
11 3
11 18
12 3
12 15
13 6
13 33
14 4
14 27
15 23
15 34
16 29
16 31
17 2
17 11
18 24
18 33
19 4
19 6
20 1
20 12
21 8
21 31
22 2
22 29
23 20
23 32
24 17
24 32
25 7
25 8
26 0
26 7
27 21
27 25
28 25
28 26
29 13
29 19
30 5
30 30
31 14
31 19
32 11
32 12
33 17
33 22
34 0
34 20
35 26
35 34

# solution 113
# n=36 sym=rot4 status=verified source=flammenkamp_cache/n36_rot4
# code=oGOGILM7V39AT5KMWAFCVRU0IEQ272N6RYZ1BOY018TCXSX9LHZ584NKP3DFU6PQW4SDEHJBJ
0 16
0 24
1 16
1 18
2 21
2 22
3 7
3 31
4 3
4 9
5 10
5 29
6 5
6 20
7 22
7 32
8 10
8 15
9 12
9 31
10 27
10 30
11 0
11 18
12 14
12 26
13 2
13 7
14 2
14 23
15 6
15 27
16 34
16 35
17 1
17 11
18 24
18 34
19 0
19 1
20 8
20 29
21 12
21 33
22 28
22 33
23 9
23 21
24 17
24 35
25 5
25 8
26 4
26 23
27 20
27 25
28 3
28 13
29 15
29 30
30 6
30 25
31 26
31 32
32 4
32 28
33 13
33 14
34 17
34 19
35 11
35 19

# solution 114
# n=36 sym=rot4 status=verified source=flammenkamp_cache/n36_rot4
# code=oDJ8D8KNSEG67AU3UXYIP9TEH3FYZOV2N0V9OBQ4ZCX4B01KWIL6QAH125W5PSTJL7CFRMRGM
0 13
0 19
1 8
1 13
2 8
2 20
3 23
3 28
4 14
4 16
5 6
5 7
6 10
6 30
7 3
7 30
8 33
8 34
9 18
9 25
10 9
10 29
11 14
11 17
12 3
12 15
13 34
13 35
14 24
14 31
15 2
15 23
16 0
16 31
17 9
17 24
18 11
18 26
19 4
19 35
20 12
20 33
21 4
21 11
22 0
22 1
23 20
23 32
24 18
24 21
25 6
25 26
26 10
26 17
27 1
27 2
28 5
28 32
29 5
29 25
30 28
30 29
31 19
31 21
32 7
32 12
33 15
33 27
34 22
34 27
35 16
35 22

# solution 115
# n=36 sym=rot4 status=verified source=flammenkamp_cache/n36_rot4
# code=oJMBP5D68JLCXSW6QCW7H1EHYRU0X4PFK04OQ9BVZFKAV2Z581ILYIS3N9T372NEGRTMUAODG
0 19
0 22
1 11
1 25
2 5
2 13
3 6
3 8
4 19
4 21
5 12
5 33
6 28
6 32
7 6
7 26
8 12
8 32
9 7
9 17
10 1
10 14
11 17
11 34
12 27
12 30
13 0
13 33
14 4
14 25
15 15
15 20
16 0
16 4
17 24
17 26
18 9
18 11
19 31
19 35
20 15
20 20
21 10
21 31
22 2
22 35
23 5
23 8
24 1
24 18
25 21
25 34
26 18
26 28
27 3
27 23
28 9
28 29
29 3
29 7
30 2
30 23
31 14
31 16
32 27
32 29
33 22
33 30
34 10
34 24
35 13
35 16

# solution 116
# n=36 sym=rot4 status=verified source=flammenkamp_cache/n36_rot4
# code=oCQGMFUGS6C2PPV3R7H0F56HMVZ1BELQXWYOR8B1329ELOY04DITUKZIS8W4AAXNT7J5KDJ9N
0 12
0 26
1 16
1 22
2 15
2 30
3 16
3 28
4 6
4 12
5 2
5 25
6 25
6 31
7 3
7 27
8 7
8 17
9 0
9 15
10 5
10 6
11 17
11 22
12 31
12 35
13 1
13 11
14 14
14 21
15 26
15 33
16 32
16 34
17 24
17 27
18 8
18 11
19 1
19 3
20 2
20 9
21 14
21 21
22 24
22 34
23 0
23 4
24 13
24 18
25 29
25 30
26 20
26 35
27 18
27 28
28 8
28 32
29 4
29 10
30 10
30 33
31 23
31 29
32 7
32 19
33 5
33 20
34 13
34 19
35 9
35 23

# solution 117
# n=36 sym=rot4 status=verified source=flammenkamp_cache/n36_rot4
# code=oAT1YBGFRQSGH0E493C4SEZHXMRCFPTMWUXOU5B253D6AKN8D2I0L7VNWQVLZIJ798KJO1Y6P
0 10
0 29
1 1
1 34
2 11
2 16
3 15
3 27
4 26
4 28
5 16
5 17
6 0
6 14
7 4
7 9
8 3
8 12
9 4
9 28
10 14
10 35
11 17
11 33
12 22
12 27
13 12
13 15
14 25
14 29
15 22
15 32
16 30
16 33
17 24
17 30
18 5
18 11
19 2
19 5
20 3
20 13
21 6
21 10
22 20
22 23
23 8
23 13
24 2
24 18
25 0
25 21
26 7
26 31
27 23
27 32
28 26
28 31
29 21
29 35
30 18
30 19
31 7
31 9
32 8
32 20
33 19
33 24
34 1
34 34
35 6
35 25

# solution 118
# n=36 sym=rot4 status=verified source=flammenkamp_cache/n36_rot4
# code=oLOET9N9DGIMS1A5GNPWX8T0H285W0YFKSV4OBV47FK1Z3URXIZ6R23ACJUPY7DHJMQCQ6LBE
0 21
0 24
1 14
1 29
2 9
2 23
3 9
3 13
4 16
4 18
5 22
5 28
6 1
6 10
7 5
7 16
8 23
8 25
9 32
9 33
10 8
10 29
11 0
11 17
12 2
12 8
13 5
13 32
14 0
14 34
15 15
15 20
16 28
16 31
17 4
17 24
18 11
18 31
19 4
19 7
20 15
20 20
21 1
21 35
22 3
22 30
23 27
23 33
24 18
24 35
25 6
25 27
26 2
26 3
27 10
27 12
28 19
28 30
29 25
29 34
30 7
30 13
31 17
31 19
32 22
32 26
33 12
33 26
34 6
34 21
35 11
35 14

# solution 119
# n=36 sym=rot4 status=verified source=flammenkamp_cache/n36_rot4
# code=oAXEM0HNR9RMT5NEF34AVQZFH3615SYOSGJOX2BGJ7B17UYTWIK094PVWKLCU6D8Q8CIZDL2P
0 10
0 33
1 14
1 22
2 0
2 17
3 23
3 27
4 9
4 27
5 22
5 29
6 5
6 23
7 14
7 15
8 3
8 4
9 10
9 31
10 26
10 35
11 15
11 17
12 3
12 6
13 1
13 5
14 28
14 34
15 24
15 28
16 16
16 19
17 24
17 33
18 2
18 11
19 16
19 19
20 7
20 11
21 1
21 7
22 30
22 34
23 29
23 32
24 18
24 20
25 0
25 9
26 4
26 25
27 31
27 32
28 20
28 21
29 12
29 30
30 6
30 13
31 8
31 26
32 8
32 12
33 18
33 35
34 13
34 21
35 2
35 25

# solution 120
# n=36 sym=rot4 status=verified source=flammenkamp_cache/n36_rot4
# code=oDL4ADHKTQYPT35BKGQ485YHSGLXZ0C37NROX2B8CSWNZ02EJ7I1URV9JFOUW6A196FIMPVEM
0 13
0 21
1 4
1 10
2 13
2 17
3 20
3 29
4 26
4 34
5 25
5 29
6 3
6 5
7 11
7 20
8 16
8 26
9 4
9 8
10 5
10 34
11 17
11 28
12 16
12 21
13 33
13 35
14 0
14 12
15 3
15 7
16 23
16 27
17 24
17 33
18 2
18 11
19 8
19 12
20 28
20 32
21 23
21 35
22 0
22 2
23 14
23 19
24 7
24 18
25 1
25 30
26 27
26 31
27 9
27 19
28 15
28 24
29 30
29 32
30 6
30 10
31 1
31 9
32 6
32 15
33 18
33 22
34 25
34 31
35 14
35 22

# solution 121
# n=36 sym=rot4 status=verified source=flammenkamp_cache/n36_rot4
# code=oFL9IMS6AJS9DJW248RUYCWHNBP2U0FLZ461OBYTV0EKZ5XAOCI3N158RVX3GMQ7GPT7DHQEK
0 15
0 21
1 9
1 18
2 22
2 28
3 6
3 10
4 19
4 28
5 9
5 13
6 19
6 32
7 2
7 4
8 8
8 27
9 30
9 34
10 12
10 32
11 17
11 23
12 11
12 25
13 2
13 30
14 0
14 15
15 21
15 35
16 4
16 6
17 1
17 24
18 11
18 34
19 29
19 31
20 0
20 14
21 20
21 35
22 5
22 33
23 10
23 24
24 12
24 18
25 3
25 23
26 1
26 5
27 8
27 27
28 31
28 33
29 3
29 16
30 22
30 26
31 7
31 16
32 25
32 29
33 7
33 13
34 17
34 26
35 14
35 20

# solution 122
# n=36 sym=rot4 status=verified source=flammenkamp_cache/n36_rot4
# code=oLTHL9MJV3CFS0K5ANQ8XMSGH8V2A016U3OOY1BBW5TYZPX4RIJ7D2R9CPUFZ7KNW4GDQEI6E
0 21
0 29
1 17
1 21
2 9
2 22
3 19
3 31
4 3
4 12
5 15
5 28
6 0
6 20
7 5
7 10
8 23
8 26
9 8
9 33
10 22
10 28
11 16
11 17
12 8
12 31
13 2
13 10
14 0
14 1
15 6
15 30
16 3
16 24
17 24
17 34
18 1
18 11
19 11
19 32
20 5
20 29
21 34
21 35
22 25
22 33
23 4
23 27
24 18
24 19
25 7
25 13
26 2
26 27
27 9
27 12
28 25
28 30
29 15
29 35
30 7
30 20
31 23
31 32
32 4
32 16
33 13
33 26
34 14
34 18
35 6
35 14

# solution 123
# n=36 sym=rot4 status=verified source=flammenkamp_cache/n36_rot4
# code=o2DFHKZEQ7JPSAE5VMO3J5T8HCN8ZTW2Y49OY1BQV1X360RCNIR6UGWBD4ULP7AGS9L0FIKMX
0 2
0 13
1 15
1 17
2 20
2 35
3 14
3 26
4 7
4 19
5 25
5 28
6 10
6 14
7 5
7 31
8 22
8 24
9 3
9 19
10 5
10 29
11 8
11 17
12 12
12 23
13 8
13 35
14 29
14 32
15 2
15 34
16 4
16 9
17 24
17 34
18 1
18 11
19 26
19 31
20 1
20 33
21 3
21 6
22 0
22 27
23 12
23 23
24 18
24 27
25 6
25 30
26 16
26 32
27 11
27 13
28 4
28 30
29 21
29 25
30 7
30 10
31 16
31 28
32 9
32 21
33 0
33 15
34 18
34 20
35 22
35 33

# solution 124
# n=36 sym=rot4 status=verified source=flammenkamp_cache/n36_rot4
# code=oBQFT8N7DFJIT15AWLX0OIS9Z2GEW8MVY4N5APUCV14DR3LJX0Q7HBZ2E3PUY6HGKMSCR6K9O
0 11
0 26
1 15
1 29
2 8
2 23
3 7
3 13
4 15
4 19
5 18
5 29
6 1
6 5
7 10
7 32
8 21
8 33
9 0
9 24
10 18
10 28
11 9
11 35
12 2
12 16
13 14
13 32
14 8
14 22
15 31
15 34
16 4
16 23
17 5
17 10
18 25
18 30
19 12
19 31
20 1
20 4
21 13
21 27
22 3
22 21
23 19
23 33
24 0
24 26
25 7
25 17
26 11
26 35
27 2
27 14
28 3
28 25
29 30
29 34
30 6
30 17
31 16
31 20
32 22
32 28
33 12
33 27
34 6
34 20
35 9
35 24

# solution 125
# n=36 sym=rot4 status=verified source=flammenkamp_cache/n36_rot4
# code=oERGI7DEF9S5U9R4X06TVIOAFDGNXWZOWNY1APY1C3B032CJMKPBH46TZ2V8Q5U7QKLMSHJ8L
0 14
0 27
1 16
1 18
2 7
2 13
3 14
3 15
4 9
4 28
5 5
5 30
6 9
6 27
7 4
7 33
8 0
8 6
9 29
9 31
10 18
10 24
11 10
11 15
12 13
12 16
13 23
13 33
14 32
14 35
15 24
15 32
16 23
16 34
17 1
17 10
18 25
18 34
19 1
19 12
20 3
20 11
21 0
21 3
22 2
22 12
23 19
23 22
24 20
24 25
25 11
25 17
26 4
26 6
27 29
27 35
28 2
28 31
29 8
29 26
30 5
30 30
31 7
31 26
32 20
32 21
33 22
33 28
34 17
34 19
35 8
35 21

# solution 126
# n=36 sym=rot4 status=verified source=flammenkamp_cache/n36_rot4
# code=oJMBH6EPULU34RXGM6Q8N3IKY9F074XBN0SAY1P7ZCO2VSZKQ1FHWCR9TDJ28VW5E5ALTIODG
0 19
0 22
1 11
1 17
2 6
2 14
3 25
3 30
4 21
4 30
5 3
5 4
6 27
6 33
7 16
7 22
8 6
8 26
9 8
9 23
10 3
10 18
11 20
11 34
12 9
12 15
13 0
13 7
14 4
14 33
15 11
15 23
16 0
16 28
17 10
17 34
18 1
18 25
19 7
19 35
20 12
20 24
21 2
21 31
22 28
22 35
23 20
23 26
24 1
24 15
25 17
25 32
26 12
26 27
27 9
27 29
28 13
28 19
29 2
29 8
30 31
30 32
31 5
31 14
32 5
32 10
33 21
33 29
34 18
34 24
35 13
35 16

# solution 127
# n=36 sym=rot4 status=verified source=flammenkamp_cache/n36_rot4
# code=oDIER7M9RNSEFNP4X13BW6IFQ462ZUYOUGJ0APZGJ5B150XTV9KHT3OWY2VACKL7C8QDS8LHM
0 13
0 18
1 14
1 27
2 7
2 22
3 9
3 27
4 23
4 28
5 14
5 15
6 23
6 25
7 4
7 33
8 1
8 3
9 11
9 32
10 6
10 18
11 15
11 26
12 4
12 6
13 2
13 35
14 30
14 34
15 24
15 30
16 16
16 19
17 0
17 10
18 25
18 35
19 16
19 19
20 5
20 11
21 1
21 5
22 0
22 33
23 29
23 31
24 9
24 20
25 17
25 29
26 3
26 24
27 32
27 34
28 2
28 31
29 10
29 12
30 20
30 21
31 7
31 12
32 8
32 26
33 13
33 28
34 8
34 21
35 17
35 22

# solution 128
# n=36 sym=rot4 status=verified source=flammenkamp_cache/n36_rot4
# code=oEOGIRSEN4V69JU2M2BNUHK0R397FWZAM6Y1PAY1TDP03KSQW8ZFI5COXDX5GQT4VCL78HJBL
0 14
0 24
1 16
1 18
2 27
2 28
3 14
3 23
4 4
4 31
5 6
5 9
6 19
6 30
7 2
7 22
8 2
8 11
9 23
9 30
10 17
10 20
11 0
11 27
12 3
12 9
13 7
13 15
14 32
14 35
15 10
15 22
16 6
16 34
17 1
17 25
18 10
18 34
19 1
19 29
20 13
20 25
21 0
21 3
22 20
22 28
23 26
23 32
24 8
24 35
25 15
25 18
26 5
26 12
27 24
27 33
28 13
28 33
29 5
29 16
30 26
30 29
31 4
31 31
32 12
32 21
33 7
33 8
34 17
34 19
35 11
35 21

# solution 129
# n=36 sym=rot4 status=verified source=flammenkamp_cache/n36_rot4
# code=oEKHR4BKQ7XEQGORV1735CH6XMPCGUZ03MTPY1A6DWZ05JNAD2TINUWSY48BJ9L2S9FOV8IFL
0 14
0 20
1 17
1 27
2 4
2 11
3 20
3 26
4 7
4 33
5 14
5 26
6 16
6 24
7 27
7 31
8 1
8 7
9 3
9 5
10 12
10 17
11 6
11 33
12 22
12 25
13 12
13 16
14 30
14 35
15 0
15 3
16 22
16 29
17 25
17 34
18 1
18 10
19 6
19 13
20 32
20 35
21 0
21 5
22 19
22 23
23 10
23 13
24 2
24 29
25 18
25 23
26 30
26 32
27 28
27 34
28 4
28 8
29 11
29 19
30 9
30 21
31 2
31 28
32 9
32 15
33 24
33 31
34 8
34 18
35 15
35 21

# solution 130
# n=36 sym=rot4 status=verified source=flammenkamp_cache/n36_rot4
# code=oGIBDDPJSLS5UOR346NCF2H6Y8QXY4FLQ3Z0PAZ0W9EKV129R1TIXKNCTVW8B5U7E7GAMMOHJ
0 16
0 18
1 11
1 13
2 13
2 25
3 19
3 28
4 21
4 28
5 5
5 30
6 24
6 27
7 3
7 4
8 6
8 23
9 12
9 15
10 2
10 17
11 6
11 34
12 8
12 26
13 33
13 34
14 4
14 15
15 21
15 26
16 3
16 35
17 0
17 25
18 10
18 35
19 0
19 32
20 9
20 14
21 20
21 31
22 1
22 2
23 9
23 27
24 1
24 29
25 18
25 33
26 20
26 23
27 12
27 29
28 31
28 32
29 8
29 11
30 5
30 30
31 7
31 14
32 7
32 16
33 10
33 22
34 22
34 24
35 17
35 19

# solution 131
# n=36 sym=rot4 status=verified source=flammenkamp_cache/n36_rot4
# code=oIJFLQVCS2E5UBR3M6B2MGHRTFW791VNY0P0PAZAZ1C4YQS3K68IJDXOTDW8O5ULX7N49EKGH
0 18
0 19
1 15
1 21
2 26
2 31
3 12
3 28
4 2
4 14
5 5
5 30
6 11
6 27
7 3
7 22
8 6
8 11
9 2
9 22
10 16
10 17
11 27
11 29
12 15
12 32
13 7
13 9
14 1
14 31
15 23
15 34
16 0
16 25
17 0
17 25
18 10
18 35
19 10
19 35
20 1
20 12
21 4
21 34
22 26
22 28
23 3
23 20
24 6
24 8
25 18
25 19
26 13
26 33
27 24
27 29
28 13
28 32
29 8
29 24
30 5
30 30
31 21
31 33
32 7
32 23
33 4
33 9
34 14
34 20
35 16
35 17

# solution 132
# n=36 sym=rot4 status=verified source=flammenkamp_cache/n36_rot4
# code=oGKEM7E3WPQRT5NIX5A4I4RDF6G1OXY0ONZ79QS0CBZ12BYJTKM8VHVPU2HCU689A3WLSDLFJ
0 16
0 20
1 14
1 22
2 7
2 14
3 3
3 32
4 25
4 26
5 27
5 29
6 5
6 23
7 18
7 33
8 5
8 10
9 4
9 18
10 4
10 27
11 13
11 15
12 6
12 16
13 1
13 24
14 33
14 34
15 0
15 24
16 23
16 35
17 7
17 9
18 26
18 28
19 0
19 12
20 11
20 35
21 1
21 2
22 11
22 34
23 19
23 29
24 20
24 22
25 8
25 31
26 17
26 31
27 25
27 30
28 2
28 17
29 12
29 30
30 6
30 8
31 9
31 10
32 3
32 32
33 21
33 28
34 13
34 21
35 15
35 19

# solution 133
# n=36 sym=rot4 status=verified source=flammenkamp_cache/n36_rot4
# code=oFJ7MBQ58ERJWAIMY4W2ICTLXFP17BVNZ0569QTUZ0C4OSYAK2E6NHX3V1DHP3G8LRU9ODSGK
0 15
0 19
1 7
1 22
2 11
2 26
3 5
3 8
4 14
4 27
5 19
5 32
6 10
6 18
7 22
7 34
8 4
8 32
9 2
9 18
10 12
10 29
11 21
11 33
12 15
12 25
13 1
13 7
14 11
14 31
15 23
15 35
16 0
16 5
17 6
17 9
18 26
18 29
19 30
19 35
20 0
20 12
21 4
21 24
22 28
22 34
23 10
23 20
24 2
24 14
25 6
25 23
26 17
26 33
27 3
27 31
28 1
28 13
29 17
29 25
30 3
30 16
31 8
31 21
32 27
32 30
33 9
33 24
34 13
34 28
35 16
35 20

# solution 134
# n=36 sym=rot4 status=verified source=flammenkamp_cache/n36_rot4
# code=oFP5LBJ7F5AVYIMNWEGIO0V9X7D6N1RWZ2R69QT8X038YCTMS2Q4ZBHJL3CDH14PUKSGOEUAK
0 15
0 25
1 5
1 21
2 11
2 19
3 7
3 15
4 5
4 10
5 31
5 34
6 18
6 22
7 23
7 32
8 14
8 16
9 18
9 24
10 0
10 31
11 9
11 33
12 7
12 13
13 6
13 23
14 1
14 27
15 32
15 35
16 2
16 27
17 6
17 9
18 26
18 29
19 8
19 33
20 0
20 3
21 8
21 34
22 12
22 29
23 22
23 28
24 2
24 26
25 4
25 35
26 11
26 17
27 19
27 21
28 3
28 12
29 13
29 17
30 1
30 4
31 25
31 30
32 20
32 28
33 16
33 24
34 14
34 30
35 10
35 20

# solution 135
# n=36 sym=rot4 status=verified source=flammenkamp_cache/n36_rot4
# code=oEJDKSV7U283NBH2WOVIJAP8T5DNYFZ1L099T6QQZEY0K1CMU6RAPGH4B3XIOCWRX5S47FMGL
0 14
0 19
1 13
1 20
2 28
2 31
3 7
3 30
4 2
4 8
5 3
5 23
6 11
6 17
7 2
7 32
8 24
8 31
9 18
9 19
10 10
10 25
11 8
11 29
12 5
12 13
13 23
13 34
14 15
14 35
15 1
15 21
16 0
16 9
17 9
17 29
18 6
18 26
19 26
19 35
20 14
20 34
21 0
21 20
22 1
22 12
23 22
23 30
24 6
24 27
25 10
25 25
26 16
26 17
27 4
27 11
28 3
28 33
29 18
29 24
30 12
30 32
31 27
31 33
32 5
32 28
33 4
33 7
34 15
34 22
35 16
35 21

# solution 136
# n=36 sym=rot4 status=verified source=flammenkamp_cache/n36_rot4
# code=oKXGM0N4CFWRSHP5L5DAI6QGL2W1R7B0VOY9T6Q1B4ZOS8Y3XEJ9THPMUEUAI783KNVCZDJ2F
0 20
0 33
1 16
1 22
2 0
2 23
3 4
3 12
4 15
4 32
5 27
5 28
6 17
6 25
7 5
7 21
8 5
8 13
9 10
9 18
10 6
10 26
11 16
11 21
12 2
12 32
13 1
13 27
14 7
14 11
15 0
15 31
16 24
16 34
17 9
17 29
18 6
18 26
19 1
19 11
20 4
20 35
21 24
21 28
22 8
22 34
23 3
23 33
24 14
24 19
25 9
25 29
26 17
26 25
27 22
27 30
28 14
28 30
29 10
29 18
30 7
30 8
31 3
31 20
32 23
32 31
33 12
33 35
34 13
34 19
35 2
35 15

# solution 137
# n=36 sym=rot4 status=verified source=flammenkamp_cache/n36_rot4
# code=oJLEJNR8SCU4IBS362WIKAPDT2VFO0Y9M0159QUYZDQ1ZBK4X6MAPFH3XTW7OHV5N7R8CGLEG
0 19
0 21
1 14
1 19
2 23
2 27
3 8
3 28
4 12
4 30
5 4
5 18
6 11
6 28
7 3
7 6
8 2
8 32
9 18
9 20
10 10
10 25
11 13
11 29
12 2
12 31
13 15
13 24
14 0
14 34
15 9
15 22
16 0
16 1
17 5
17 9
18 26
18 30
19 34
19 35
20 13
20 26
21 1
21 35
22 11
22 20
23 4
23 33
24 6
24 22
25 10
25 25
26 15
26 17
27 3
27 33
28 29
28 32
29 7
29 24
30 17
30 31
31 5
31 23
32 7
32 27
33 8
33 12
34 16
34 21
35 14
35 16

# solution 138
# n=36 sym=rot4 status=verified source=flammenkamp_cache/n36_rot4
# code=oJRDL585TEIWX3ACM0XIOKT9NBS7Y1VAG0K49QVFZJP4Y1S7OCQ6FBH2ZDNPW23HL6URUEM8G
0 19
0 27
1 13
1 21
2 5
2 8
3 5
3 29
4 14
4 18
5 32
5 33
6 3
6 10
7 12
7 22
8 0
8 33
9 18
9 24
10 20
10 29
11 9
11 23
12 11
12 28
13 7
13 34
14 1
14 31
15 10
15 16
16 0
16 20
17 4
17 9
18 26
18 31
19 15
19 35
20 19
20 25
21 4
21 34
22 1
22 28
23 7
23 24
24 12
24 26
25 6
25 15
26 11
26 17
27 2
27 35
28 13
28 23
29 25
29 32
30 2
30 3
31 17
31 21
32 6
32 30
33 27
33 30
34 14
34 22
35 8
35 16

# solution 139
# n=36 sym=rot4 status=verified source=flammenkamp_cache/n36_rot4
# code=oJMFJ9RCSILKSBC352OIXEM8TTW0A4P5Y0149QVYZ1UAVPZ366RDL2HBXUWNO7FEH7N8QGKDG
0 19
0 22
1 15
1 19
2 9
2 27
3 12
3 28
4 18
4 21
5 20
5 28
6 11
6 12
7 3
7 5
8 2
8 24
9 18
9 33
10 14
10 22
11 8
11 29
12 29
12 32
13 0
13 10
14 4
14 25
15 5
15 34
16 0
16 1
17 4
17 9
18 26
18 31
19 34
19 35
20 1
20 30
21 10
21 31
22 25
22 35
23 3
23 6
24 6
24 27
25 13
25 21
26 2
26 17
27 11
27 33
28 30
28 32
29 23
29 24
30 7
30 15
31 14
31 17
32 7
32 23
33 8
33 26
34 16
34 20
35 13
35 16

# solution 140
# n=36 sym=rot4 status=verified source=flammenkamp_cache/n36_rot4
# code=oIODJ9MJTCP8F37CTPUIX480FSV2YELOU1309QZWY5BEL1X47KZRV2H5A6NSWKRAN6GDQGMBH
0 18
0 24
1 13
1 19
2 9
2 22
3 19
3 29
4 12
4 25
5 8
5 15
6 3
6 7
7 12
7 29
8 25
8 30
9 18
9 33
10 4
10 8
11 0
11 15
12 28
12 31
13 2
13 34
14 14
14 21
15 24
15 30
16 1
16 3
17 0
17 9
18 26
18 35
19 32
19 34
20 5
20 11
21 14
21 21
22 1
22 33
23 4
23 7
24 20
24 35
25 27
25 31
26 2
26 17
27 5
27 10
28 6
28 23
29 28
29 32
30 20
30 27
31 10
31 23
32 6
32 16
33 13
33 26
34 16
34 22
35 11
35 17

# solution 141
# n=36 sym=rot4 status=verified source=flammenkamp_cache/n36_rot4
# code=oKMJM6R7B5ERVHXCW25HKBCPWPS01GV091LQT69EYQZ4JYZ7A3ANOFIUX3N2I48LUOS8TDGDF
0 20
0 22
1 19
1 22
2 6
2 27
3 7
3 11
4 5
4 14
5 27
5 31
6 17
6 33
7 12
7 32
8 2
8 5
9 17
9 20
10 11
10 12
11 25
11 32
12 25
12 28
13 0
13 1
14 16
14 31
15 0
15 9
16 1
16 21
17 26
17 29
18 6
18 9
19 14
19 34
20 26
20 35
21 4
21 19
22 34
22 35
23 7
23 10
24 3
24 10
25 23
25 24
26 15
26 18
27 30
27 33
28 3
28 23
29 2
29 18
30 4
30 8
31 21
31 30
32 24
32 28
33 8
33 29
34 13
34 16
35 13
35 15

# solution 142
# n=36 sym=rot4 status=verified source=flammenkamp_cache/n36_rot4
# code=oCSGM9M78ILAO8J0WTWHXOU5AKZ124FCL6Y4Q9V1TENKVXY0FPU5B2I363ZGRBPEHRSDQDJ7N
0 12
0 28
1 16
1 22
2 9
2 22
3 7
3 8
4 18
4 21
5 10
5 24
6 8
6 19
7 0
7 32
8 29
8 32
9 17
9 33
10 24
10 30
11 5
11 10
12 20
12 35
13 1
13 2
14 4
14 15
15 12
15 21
16 6
16 34
17 4
17 26
18 9
18 31
19 1
19 29
20 14
20 23
21 20
21 31
22 33
22 34
23 0
23 15
24 25
24 30
25 5
25 11
26 2
26 18
27 3
27 6
28 3
28 35
29 16
29 27
30 11
30 25
31 14
31 17
32 27
32 28
33 13
33 26
34 13
34 19
35 7
35 23

# solution 143
# n=36 sym=rot4 status=verified source=flammenkamp_cache/n36_rot4
# code=oGNLQBR6ILSCGPW4D2K1H6KDX0UOS148AUZ3Q9W05PRVY7B5Z2MFTIYFXMV3AJN7EHT8O9ECJ
0 16
0 23
1 21
1 26
2 11
2 27
3 6
3 18
4 21
4 28
5 12
5 16
6 25
6 32
7 4
7 13
8 2
8 20
9 1
9 17
10 6
10 20
11 13
11 33
12 0
12 30
13 24
13 28
14 1
14 4
15 8
15 10
16 30
16 35
17 3
17 26
18 9
18 32
19 0
19 5
20 25
20 27
21 31
21 34
22 7
22 11
23 5
23 35
24 2
24 22
25 15
25 29
26 18
26 34
27 15
27 33
28 22
28 31
29 3
29 10
30 19
30 23
31 7
31 14
32 17
32 29
33 8
33 24
34 9
34 14
35 12
35 19

# solution 144
# n=36 sym=rot4 status=verified source=flammenkamp_cache/n36_rot4
# code=oEGFL9I67GSDNRW4W6PHX8KBO5DNU1ZAYVZ2Q9X041P0Y5CMUBOFR2IAT3V38CM7JSTHQEKJL
0 14
0 16
1 15
1 21
2 9
2 18
3 6
3 7
4 16
4 28
5 13
5 23
6 27
6 32
7 4
7 32
8 6
8 25
9 17
9 33
10 8
10 20
11 11
11 24
12 5
12 13
13 23
13 30
14 1
14 35
15 10
15 34
16 31
16 35
17 2
17 26
18 9
18 33
19 0
19 4
20 1
20 25
21 0
21 34
22 5
22 12
23 22
23 30
24 11
24 24
25 15
25 27
26 2
26 18
27 10
27 29
28 3
28 31
29 3
29 8
30 12
30 22
31 7
31 19
32 28
32 29
33 17
33 26
34 14
34 20
35 19
35 21

# solution 145
# n=36 sym=rot4 status=verified source=flammenkamp_cache/n36_rot4
# code=o4AGM7HOULZ3O9NEXDKHTNZ356A1R4S8GKYQX291FJR7V8YPTUW0C6IFM2LCQBW0E5BISDJPV
0 4
0 10
1 16
1 22
2 7
2 17
3 24
3 30
4 21
4 35
5 3
5 24
6 9
6 23
7 14
7 33
8 13
8 20
9 17
9 29
10 23
10 35
11 3
11 5
12 6
12 10
13 1
13 27
14 4
14 28
15 8
15 16
16 20
16 34
17 26
17 33
18 2
18 9
19 1
19 15
20 19
20 27
21 7
21 31
22 8
22 34
23 25
23 29
24 30
24 32
25 0
25 12
26 6
26 18
27 15
27 22
28 2
28 21
29 12
29 26
30 11
30 32
31 0
31 14
32 5
32 11
33 18
33 28
34 13
34 19
35 25
35 31

# solution 146
# n=36 sym=rot4 status=verified source=flammenkamp_cache/n36_rot4
# code=o9NEMHTDV3KAS285FNTHZOUAE081WOY4SGJQX29GJ7V1B3YRZLP5B0I6CKURX7PFW4M6IDLCQ
0 9
0 23
1 14
1 22
2 17
2 29
3 13
3 31
4 3
4 20
5 10
5 28
6 2
6 8
7 5
7 15
8 23
8 29
9 17
9 35
10 24
10 30
11 10
11 14
12 0
12 8
13 1
13 32
14 24
14 34
15 4
15 28
16 16
16 19
17 26
17 33
18 2
18 9
19 16
19 19
20 7
20 31
21 1
21 11
22 3
22 34
23 27
23 35
24 21
24 25
25 5
25 11
26 0
26 18
27 6
27 12
28 20
28 30
29 27
29 33
30 7
30 25
31 15
31 32
32 4
32 22
33 6
33 18
34 13
34 21
35 12
35 26

# solution 147
# n=36 sym=rot4 status=verified source=flammenkamp_cache/n36_rot4
# code=oJKDICW279ORT5PPW5EHV674JEXFYNR0M0B1Q9YOZDZ8C1K2LGVST4ILU3AAU68BQSX3NHMFG
0 19
0 20
1 13
1 18
2 12
2 32
3 2
3 7
4 9
4 24
5 27
5 29
6 5
6 25
7 25
7 32
8 5
8 14
9 17
9 31
10 6
10 7
11 4
11 19
12 14
12 33
13 15
13 34
14 23
14 27
15 0
15 22
16 0
16 11
17 1
17 26
18 9
18 34
19 24
19 35
20 13
20 35
21 8
21 12
22 1
22 20
23 2
23 21
24 16
24 31
25 28
25 29
26 4
26 18
27 21
27 30
28 3
28 10
29 10
29 30
30 6
30 8
31 11
31 26
32 28
32 33
33 3
33 23
34 17
34 22
35 15
35 16

# solution 148
# n=36 sym=rot4 status=verified source=flammenkamp_cache/n36_rot4
# code=oKO6I9OKM8ARSEY5P5VHX7V02JM3CGT03CL1Q9YENWZ6JNWDGXZ4S2I4UAU1L78PRDFBQHTBF
0 20
0 24
1 6
1 18
2 9
2 24
3 20
3 22
4 8
4 10
5 27
5 28
6 14
6 34
7 5
7 25
8 5
8 31
9 17
9 33
10 7
10 31
11 0
11 2
12 19
12 22
13 3
13 12
14 16
14 29
15 0
15 3
16 12
16 21
17 1
17 26
18 9
18 34
19 14
19 23
20 32
20 35
21 6
21 19
22 23
22 32
23 13
23 16
24 33
24 35
25 4
25 28
26 2
26 18
27 4
27 30
28 10
28 30
29 1
29 21
30 7
30 8
31 25
31 27
32 13
32 15
33 11
33 26
34 17
34 29
35 11
35 15

# solution 149
# n=36 sym=rot4 status=verified source=flammenkamp_cache/n36_rot4
# code=oFMAH36PXLS7CJX4UMOFH3Y8COU084GQZ6LQY19ET09JVRZ5BNR1WIKBD5V2GNS7E2ATWIPDK
0 15
0 22
1 10
1 17
2 3
2 6
3 25
3 33
4 21
4 28
5 7
5 12
6 19
6 33
7 4
7 30
8 22
8 24
9 15
9 17
10 3
10 34
11 8
11 12
12 24
12 30
13 0
13 8
14 4
14 16
15 26
15 35
16 6
16 21
17 26
17 34
18 1
18 9
19 14
19 29
20 0
20 9
21 19
21 31
22 27
22 35
23 5
23 11
24 23
24 27
25 1
25 32
26 18
26 20
27 11
27 13
28 5
28 31
29 2
29 16
30 23
30 28
31 7
31 14
32 2
32 10
33 29
33 32
34 18
34 25
35 13
35 20

# solution 150
# n=36 sym=rot4 status=verified source=flammenkamp_cache/n36_rot4
# code=oDLGJ5T9T8BPX23FIIVPW59CVLOFZ0CMS1Y78RS1Y7DNZ0KBE4NQU3A4HHKWX2AOR6Q6UGJEM
0 13
0 21
1 16
1 19
2 5
2 29
3 9
3 29
4 8
4 11
5 25
5 33
6 2
6 3
7 15
7 18
8 18
8 31
9 25
9 32
10 5
10 9
11 12
11 31
12 21
12 24
13 15
13 35
14 0
14 12
15 22
15 28
16 1
16 34
17 7
17 8
18 27
18 28
19 1
19 34
20 7
20 13
21 23
21 35
22 0
22 20
23 11
23 14
24 4
24 23
25 26
25 30
26 3
26 10
27 4
27 17
28 17
28 20
29 32
29 33
30 2
30 10
31 24
31 27
32 6
32 26
33 6
33 30
34 16
34 19
35 14
35 22

# solution 151
# n=36 sym=rot4 status=verified source=flammenkamp_cache/n36_rot4
# code=oBTDPEJQUBI3P0EFQCI3715VZMRCYTXGS2K48RVFX7J261N8D04UYSWHN9KLZAWHO59GLAM6O
0 11
0 29
1 13
1 25
2 14
2 19
3 26
3 30
4 11
4 18
5 3
5 25
6 0
6 14
7 15
7 26
8 12
8 18
9 3
9 7
10 1
10 5
11 31
11 35
12 22
12 27
13 12
13 34
14 29
14 33
15 16
15 28
16 2
16 20
17 4
17 8
18 27
18 31
19 15
19 33
20 7
20 19
21 2
21 6
22 1
22 23
23 8
23 13
24 0
24 4
25 30
25 34
26 28
26 32
27 17
27 23
28 9
28 20
29 21
29 35
30 10
30 32
31 17
31 24
32 5
32 9
33 16
33 21
34 10
34 22
35 6
35 24

# solution 152
# n=36 sym=rot4 status=verified source=flammenkamp_cache/n36_rot4
# code=oGKBMPW279IEN9RBW6ITV2NSY5A1JFU0LDZ48RV0MEZ5KGYPU17CX46HT3O8QCLHQSX3ADOFJ
0 16
0 20
1 11
1 22
2 25
2 32
3 2
3 7
4 9
4 18
5 14
5 23
6 9
6 27
7 11
7 32
8 6
8 18
9 29
9 31
10 2
10 23
11 28
11 34
12 5
12 10
13 1
13 19
14 15
14 30
15 0
15 21
16 13
16 35
17 4
17 8
18 27
18 31
19 0
19 22
20 14
20 35
21 5
21 20
22 16
22 34
23 25
23 30
24 1
24 7
25 12
25 33
26 4
26 6
27 17
27 29
28 3
28 24
29 8
29 26
30 12
30 21
31 17
31 26
32 28
32 33
33 3
33 10
34 13
34 24
35 15
35 19

# solution 153
# n=36 sym=rot4 status=verified source=flammenkamp_cache/n36_rot4
# code=oFGBMPW279IEN9RBW6ITV2NSY5A1JFULZDZ48RV0M0E5KGYPU17CX46HT3O8QCLHQSX3ADOJK
0 15
0 16
1 11
1 22
2 25
2 32
3 2
3 7
4 9
4 18
5 14
5 23
6 9
6 27
7 11
7 32
8 6
8 18
9 29
9 31
10 2
10 23
11 28
11 34
12 5
12 10
13 1
13 19
14 15
14 30
15 21
15 35
16 13
16 35
17 4
17 8
18 27
18 31
19 0
19 22
20 0
20 14
21 5
21 20
22 16
22 34
23 25
23 30
24 1
24 7
25 12
25 33
26 4
26 6
27 17
27 29
28 3
28 24
29 8
29 26
30 12
30 21
31 17
31 26
32 28
32 33
33 3
33 10
34 13
34 24
35 19
35 20

# solution 154
# n=36 sym=rot4 status=verified source=flammenkamp_cache/n36_rot4
# code=oCQFJ58GSINQX7B3TIX05DKDT4ZOPELAY1W48RV3Y1PELAB0V6MFMUZ2H6WOS29CH7JRUGK9N
0 12
0 26
1 15
1 19
2 5
2 8
3 16
3 28
4 18
4 23
5 26
5 33
6 7
6 11
7 3
7 29
8 18
8 33
9 0
9 5
10 13
10 20
11 13
11 29
12 4
12 35
13 24
13 25
14 14
14 21
15 10
15 34
16 1
16 32
17 4
17 8
18 27
18 31
19 3
19 34
20 1
20 25
21 14
21 21
22 10
22 11
23 0
23 31
24 6
24 22
25 15
25 22
26 30
26 35
27 2
27 17
28 6
28 32
29 24
29 28
30 2
30 9
31 12
31 17
32 7
32 19
33 27
33 30
34 16
34 20
35 9
35 23

# solution 155
# n=36 sym=rot4 status=verified source=flammenkamp_cache/n36_rot4
# code=oGN5PCV6I2JPYBWKQIO7D158T0XLQDF7L4Z38RW0VESKM9E2Z6RUYMSBH9F3O1AGXHT4NAUCJ
0 16
0 23
1 5
1 25
2 12
2 31
3 6
3 18
4 2
4 19
5 25
5 34
6 11
6 32
7 20
7 26
8 18
8 24
9 7
9 13
10 1
10 5
11 8
11 29
12 0
12 33
13 21
13 26
14 13
14 15
15 7
15 21
16 4
16 35
17 3
17 8
18 27
18 32
19 0
19 31
20 14
20 28
21 20
21 22
22 9
22 14
23 2
23 35
24 6
24 27
25 30
25 34
26 22
26 28
27 11
27 17
28 9
28 15
29 3
29 24
30 1
30 10
31 16
31 33
32 17
32 29
33 4
33 23
34 10
34 30
35 12
35 19

# solution 156
# n=36 sym=rot4 status=verified source=flammenkamp_cache/n36_rot4
# code=o9KCMDUHO5R2VBGPQ4I7Z7C3TPY1XEL0GKT8W3R6FJZEL2Y1A6WNS0SHV9AJO4X8UBI5MDNFQ
0 9
0 20
1 12
1 22
2 13
2 30
3 17
3 24
4 5
4 27
5 2
5 31
6 11
6 16
7 25
7 26
8 4
8 18
9 7
9 35
10 7
10 12
11 3
11 29
12 25
12 34
13 1
13 33
14 14
14 21
15 0
15 16
16 20
16 29
17 8
17 32
18 3
18 27
19 6
19 15
20 19
20 35
21 14
21 21
22 2
22 34
23 1
23 10
24 6
24 32
25 23
25 28
26 0
26 28
27 17
27 31
28 9
28 10
29 19
29 24
30 4
30 33
31 8
31 30
32 11
32 18
33 5
33 22
34 13
34 23
35 15
35 26

# solution 157
# n=36 sym=rot4 status=verified source=flammenkamp_cache/n36_rot4
# code=o9KCMDUHO582VBGPQIV7Z7C3TPY1XEL0GKT8W3R6FJZEL2Y1A6WNS0S4H9AJO4XRUBI5MDNFQ
0 9
0 20
1 12
1 22
2 13
2 30
3 17
3 24
4 5
4 8
5 2
5 31
6 11
6 16
7 25
7 26
8 18
8 31
9 7
9 35
10 7
10 12
11 3
11 29
12 25
12 34
13 1
13 33
14 14
14 21
15 0
15 16
16 20
16 29
17 8
17 32
18 3
18 27
19 6
19 15
20 19
20 35
21 14
21 21
22 2
22 34
23 1
23 10
24 6
24 32
25 23
25 28
26 0
26 28
27 4
27 17
28 9
28 10
29 19
29 24
30 4
30 33
31 27
31 30
32 11
32 18
33 5
33 22
34 13
34 23
35 15
35 26

# solution 158
# n=36 sym=rot4 status=verified source=flammenkamp_cache/n36_rot4
# code=oCD1YEI9E7PJPMRBV6IOW459SFZ6ZWXGN5K28RXFUCJ230T0K7QUV3BHT4O8DAGASLQHL1YMN
0 12
0 13
1 1
1 34
2 14
2 18
3 9
3 14
4 7
4 25
5 19
5 25
6 22
6 27
7 11
7 31
8 6
8 18
9 24
9 32
10 4
10 5
11 9
11 28
12 15
12 35
13 6
13 35
14 32
14 33
15 16
15 23
16 5
16 20
17 2
17 8
18 27
18 33
19 15
19 30
20 12
20 19
21 2
21 3
22 0
22 29
23 0
23 20
24 7
24 26
25 30
25 31
26 3
26 11
27 17
27 29
28 4
28 24
29 8
29 13
30 10
30 16
31 10
31 28
32 21
32 26
33 17
33 21
34 1
34 34
35 22
35 23

# solution 159
# n=36 sym=rot4 status=verified source=flammenkamp_cache/n36_rot4
# code=oGK9DEHOS9R6CGU3P4IVY7B3PLUFYCX0MTZ8X2R06DZ2N1K5EAWOS14HVAW5JNT8Q7BILMQFJ
0 16
0 20
1 9
1 13
2 14
2 17
3 24
3 28
4 9
4 27
5 6
5 12
6 16
6 30
7 3
7 25
8 4
8 18
9 31
9 34
10 7
10 11
11 3
11 25
12 21
12 30
13 15
13 34
14 12
14 33
15 0
15 22
16 29
16 35
17 8
17 33
18 2
18 27
19 0
19 6
20 13
20 35
21 2
21 23
22 1
22 20
23 5
23 14
24 10
24 32
25 24
25 28
26 1
26 4
27 17
27 31
28 10
28 32
29 5
29 19
30 23
30 29
31 8
31 26
32 7
32 11
33 18
33 21
34 22
34 26
35 15
35 19

# solution 160
# n=36 sym=rot4 status=verified source=flammenkamp_cache/n36_rot4
# code=oDKIK584JAWQXLOAQIX57SV6JDENZ6N013B18RYOWYZCT0CLMGT47SU2H9PBE293PGVRUFHFM
0 13
0 20
1 18
1 20
2 5
2 8
3 4
3 19
4 10
4 32
5 26
5 33
6 21
6 24
7 10
7 26
8 18
8 33
9 5
9 7
10 28
10 31
11 6
11 19
12 13
12 14
13 23
13 35
14 6
14 23
15 0
15 1
16 3
16 11
17 1
17 8
18 27
18 34
19 24
19 32
20 34
20 35
21 12
21 29
22 0
22 12
23 21
23 22
24 16
24 29
25 4
25 7
26 28
26 30
27 2
27 17
28 9
28 25
29 11
29 14
30 2
30 9
31 3
31 25
32 16
32 31
33 27
33 30
34 15
34 17
35 15
35 22

# solution 161
# n=36 sym=rot4 status=verified source=flammenkamp_cache/n36_rot4
# code=oHJBQJV672ONRPWDW5I1P694Y5LESCMFK028Z0RXZFKDN7LEU1VQTAYHU3M3A8CBXST4G9OGI
0 17
0 19
1 11
1 26
2 19
2 31
3 6
3 7
4 2
4 24
5 23
5 27
6 25
6 32
7 13
7 32
8 5
8 18
9 1
9 25
10 6
10 9
11 4
11 34
12 5
12 21
13 14
13 28
14 12
14 22
15 15
15 20
16 0
16 2
17 8
17 35
18 0
18 27
19 33
19 35
20 15
20 20
21 13
21 23
22 7
22 21
23 14
23 30
24 1
24 31
25 26
25 29
26 10
26 34
27 17
27 30
28 3
28 22
29 3
29 10
30 8
30 12
31 11
31 33
32 28
32 29
33 4
33 16
34 9
34 24
35 16
35 18

# solution 162
# n=36 sym=rot4 status=verified source=flammenkamp_cache/n36_rot4
# code=oHJ9BJV672ONRPWDW5IPY694Y5LESCMFK028Z0RXZFKDN7LEU1VQT1AHU3M3A8CBXST4GOQGI
0 17
0 19
1 9
1 11
2 19
2 31
3 6
3 7
4 2
4 24
5 23
5 27
6 25
6 32
7 13
7 32
8 5
8 18
9 25
9 34
10 6
10 9
11 4
11 34
12 5
12 21
13 14
13 28
14 12
14 22
15 15
15 20
16 0
16 2
17 8
17 35
18 0
18 27
19 33
19 35
20 15
20 20
21 13
21 23
22 7
22 21
23 14
23 30
24 1
24 31
25 26
25 29
26 1
26 10
27 17
27 30
28 3
28 22
29 3
29 10
30 8
30 12
31 11
31 33
32 28
32 29
33 4
33 16
34 24
34 26
35 16
35 18

# solution 163
# n=36 sym=rot4 status=verified source=flammenkamp_cache/n36_rot4
# code=o9FFG3QOX67CDAVHVHM2ZLT3COU8UAGYZLYRS781E01JP5R5BNW6E0XDI4I4PMNST2B9WJKKQ
0 9
0 15
1 15
1 16
2 3
2 26
3 24
3 33
4 6
4 7
5 12
5 13
6 10
6 31
7 17
7 31
8 17
8 22
9 2
9 35
10 21
10 29
11 3
11 12
12 24
12 30
13 8
13 30
14 10
14 16
15 34
15 35
16 21
16 34
17 27
17 28
18 7
18 8
19 1
19 14
20 0
20 1
21 19
21 25
22 5
22 27
23 5
23 11
24 23
24 32
25 6
25 14
26 0
26 33
27 13
27 18
28 4
28 18
29 4
29 25
30 22
30 23
31 28
31 29
32 2
32 11
33 9
33 32
34 19
34 20
35 20
35 26

# solution 164
# n=36 sym=rot4 status=verified source=flammenkamp_cache/n36_rot4
# code=oEOGPGN5ANODW7IRT7HDE1W0424QUQZFKXY6R8T12FK0959VXVZ3YLMIS68HS3MBCPUCJAJBL
0 14
0 24
1 16
1 25
2 16
2 23
3 5
3 10
4 23
4 24
5 13
5 32
6 7
6 18
7 27
7 29
8 7
8 17
9 13
9 14
10 1
10 32
11 0
11 4
12 2
12 4
13 26
13 30
14 26
14 35
15 15
15 20
16 33
16 34
17 6
17 27
18 8
18 29
19 1
19 2
20 15
20 20
21 0
21 9
22 5
22 9
23 31
23 33
24 31
24 35
25 3
25 34
26 21
26 22
27 18
27 28
28 6
28 8
29 17
29 28
30 3
30 22
31 11
31 12
32 25
32 30
33 12
33 19
34 10
34 19
35 11
35 21

# solution 165
# n=36 sym=rot4 status=verified source=flammenkamp_cache/n36_rot4
# code=oBEGPGN5ANODW7IRT7HDE1W4Z24QUQZFKXY6R8T12FK0959VX0V3YLMIS68HS3MBCPUCJAJLO
0 11
0 14
1 16
1 25
2 16
2 23
3 5
3 10
4 23
4 24
5 13
5 32
6 7
6 18
7 27
7 29
8 7
8 17
9 13
9 14
10 1
10 32
11 4
11 35
12 2
12 4
13 26
13 30
14 26
14 35
15 15
15 20
16 33
16 34
17 6
17 27
18 8
18 29
19 1
19 2
20 15
20 20
21 0
21 9
22 5
22 9
23 31
23 33
24 0
24 31
25 3
25 34
26 21
26 22
27 18
27 28
28 6
28 8
29 17
29 28
30 3
30 22
31 11
31 12
32 25
32 30
33 12
33 19
34 10
34 19
35 21
35 24

# solution 166
# n=36 sym=rot4 status=verified source=flammenkamp_cache/n36_rot4
# code=oKN9QGV482WHNKPABHW1Y6SDS05GOEL06MXRU582DTZELBJUZ7M7T1Y3IOPAFCI3XRV4J9QCF
0 20
0 23
1 9
1 26
2 16
2 31
3 4
3 8
4 2
4 32
5 17
5 23
6 20
6 25
7 10
7 11
8 17
8 32
9 1
9 34
10 6
10 28
11 13
11 28
12 0
12 5
13 16
13 24
14 14
14 21
15 0
15 6
16 22
16 33
17 27
17 30
18 5
18 8
19 2
19 13
20 29
20 35
21 14
21 21
22 11
22 19
23 30
23 35
24 7
24 22
25 7
25 29
26 1
26 34
27 3
27 18
28 24
28 25
29 10
29 15
30 12
30 18
31 3
31 33
32 27
32 31
33 4
33 19
34 9
34 26
35 12
35 15

# solution 167
# n=36 sym=rot4 status=verified source=flammenkamp_cache/n36_rot4
# code=oMXOT09CFSTBH144EHJCXAP1UQW0EMSGW8KRU58FR3J7DLZ395YAP2NGILVVYIO67KNQZ6B2D
0 22
0 33
1 24
1 29
2 0
2 9
3 12
3 15
4 28
4 29
5 11
5 17
6 1
6 4
7 4
7 14
8 17
8 19
9 12
9 33
10 10
10 25
11 1
11 30
12 26
12 32
13 0
13 14
14 22
14 28
15 16
15 32
16 8
16 20
17 27
17 30
18 5
18 8
19 15
19 27
20 3
20 19
21 7
21 13
22 21
22 35
23 3
23 9
24 5
24 34
25 10
25 25
26 2
26 23
27 16
27 18
28 21
28 31
29 31
29 34
30 18
30 24
31 6
31 7
32 20
32 23
33 26
33 35
34 6
34 11
35 2
35 13

# solution 168
# n=36 sym=rot4 status=verified source=flammenkamp_cache/n36_rot4
# code=oKOCDLU598H2WAK7SHVJWNT0GAYEY2M069ORV48BQTZDX1L1PJZ6C3G4I7SFP3XIRQU5EMNBF
0 20
0 24
1 12
1 13
2 21
2 30
3 5
3 9
4 8
4 17
5 2
5 32
6 10
6 20
7 7
7 28
8 17
8 31
9 19
9 32
10 23
10 29
11 0
11 16
12 10
12 34
13 14
13 34
14 2
14 22
15 0
15 6
16 9
16 24
17 27
17 31
18 4
18 8
19 11
19 26
20 29
20 35
21 13
21 33
22 1
22 21
23 1
23 25
24 19
24 35
25 6
25 12
26 3
26 16
27 4
27 18
28 7
28 28
29 15
29 25
30 3
30 33
31 18
31 27
32 26
32 30
33 5
33 14
34 22
34 23
35 11
35 15

# solution 169
# n=36 sym=rot4 status=verified source=flammenkamp_cache/n36_rot4
# code=oFNAVQR9I1U4GMOBF2H2WNY6S0A6LDGSZLU3R8W5E07JMETPZ7T1C3XIXKOBDJV5YHQ894PCK
0 15
0 23
1 10
1 31
2 26
2 27
3 9
3 18
4 1
4 30
5 4
5 16
6 22
6 24
7 11
7 15
8 2
8 17
9 2
9 32
10 23
10 34
11 6
11 28
12 0
12 10
13 6
13 21
14 13
14 16
15 28
15 35
16 21
16 30
17 3
17 27
18 8
18 32
19 5
19 14
20 0
20 7
21 19
21 22
22 14
22 29
23 25
23 35
24 7
24 29
25 1
25 12
26 3
26 33
27 18
27 33
28 20
28 24
29 11
29 13
30 19
30 31
31 5
31 34
32 17
32 26
33 8
33 9
34 4
34 25
35 12
35 20

# solution 170
# n=36 sym=rot4 status=verified source=flammenkamp_cache/n36_rot4
# code=o7P4KDHBTGYBP38KZHTDL05UWGLQX9C17NVRX284CSYNQ29EJ35UZEM6I0FRWAO1J6OIMFVAS
0 7
0 25
1 4
1 20
2 13
2 17
3 11
3 29
4 16
4 34
5 11
5 25
6 3
6 8
7 20
7 35
8 17
8 29
9 13
9 21
10 0
10 5
11 30
11 32
12 16
12 21
13 26
13 33
14 9
14 12
15 1
15 7
16 23
16 31
17 27
17 33
18 2
18 8
19 4
19 12
20 28
20 34
21 23
21 26
22 2
22 9
23 14
23 19
24 3
24 5
25 30
25 35
26 14
26 22
27 6
27 18
28 0
28 15
29 27
29 32
30 10
30 24
31 1
31 19
32 6
32 24
33 18
33 22
34 15
34 31
35 10
35 28

# solution 171
# n=36 sym=rot4 status=verified source=flammenkamp_cache/n36_rot4
# code=oKQ5DHJAE56VYOVBR7H0LCW6SFPGY9W0N2MRX28DXCZ3Q1JAK7T3NEZIS8O4B14TULPGIMU9F
0 20
0 26
1 5
1 13
2 17
2 19
3 10
3 14
4 5
4 6
5 31
5 34
6 24
6 31
7 11
7 27
8 7
8 17
9 0
9 21
10 12
10 32
11 6
11 28
12 15
12 25
13 16
13 34
14 9
14 32
15 0
15 23
16 2
16 22
17 27
17 33
18 2
18 8
19 13
19 33
20 12
20 35
21 3
21 26
22 1
22 19
23 10
23 20
24 7
24 29
25 3
25 23
26 14
26 35
27 18
27 28
28 8
28 24
29 4
29 11
30 1
30 4
31 29
31 30
32 21
32 25
33 16
33 18
34 22
34 30
35 9
35 15

# solution 172
# n=36 sym=rot4 status=verified source=flammenkamp_cache/n36_rot4
# code=oEOGI9PEN6ABM7VRT7HDX2V0U3G5QWZFKNY1R8Y1CFK039UJW5Z4X2MIS684SDOPTCLAQHJBL
0 14
0 24
1 16
1 18
2 9
2 25
3 14
3 23
4 6
4 10
5 11
5 22
6 7
6 31
7 27
7 29
8 7
8 17
9 13
9 33
10 2
10 31
11 0
11 30
12 3
12 16
13 5
13 26
14 32
14 35
15 15
15 20
16 23
16 34
17 1
17 27
18 8
18 34
19 1
19 12
20 15
20 20
21 0
21 3
22 9
22 30
23 19
23 32
24 5
24 35
25 4
25 33
26 2
26 22
27 18
27 28
28 6
28 8
29 4
29 28
30 13
30 24
31 25
31 29
32 12
32 21
33 10
33 26
34 17
34 19
35 11
35 21

# solution 173
# n=36 sym=rot4 status=verified source=flammenkamp_cache/n36_rot4
# code=o9ECJ6QDOJO6IUXIPMP2Z7834EY8WNZFK1457SUVYFK0C3R1LVWRS0XADAH25HTBGBM9TGNLQ
0 9
0 14
1 12
1 19
2 6
2 26
3 13
3 24
4 19
4 24
5 6
5 18
6 30
6 33
7 18
7 25
8 22
8 25
9 2
9 35
10 7
10 8
11 3
11 4
12 14
12 34
13 8
13 32
14 23
14 35
15 15
15 20
16 1
16 4
17 5
17 7
18 28
18 30
19 31
19 34
20 15
20 20
21 0
21 12
22 3
22 27
23 1
23 21
24 31
24 32
25 27
25 28
26 0
26 33
27 10
27 13
28 10
28 17
29 2
29 5
30 17
30 29
31 11
31 16
32 11
32 22
33 9
33 29
34 16
34 23
35 21
35 26

# solution 174
# n=36 sym=rot4 status=verified source=flammenkamp_cache/n36_rot4
# code=oGTMQLOCUEI3809IMAU1TOR2AGW172VFKNZ47SV0CFK4XSY3JPX8B6Y5PDHQZRWHL5NBE9D6J
0 16
0 29
1 22
1 26
2 21
2 24
3 12
3 30
4 14
4 18
5 3
5 8
6 0
6 9
7 18
7 22
8 10
8 30
9 1
9 29
10 24
10 27
11 2
11 10
12 16
12 32
13 1
13 7
14 2
14 31
15 15
15 20
16 23
16 35
17 4
17 7
18 28
18 31
19 0
19 12
20 15
20 20
21 4
21 33
22 28
22 34
23 3
23 19
24 25
24 33
25 8
25 11
26 6
26 34
27 5
27 25
28 13
28 17
29 26
29 35
30 27
30 32
31 17
31 21
32 5
32 23
33 11
33 14
34 9
34 13
35 6
35 19

# solution 175
# n=36 sym=rot4 status=verified source=flammenkamp_cache/n36_rot4
# code=o8NGPGLEM8I6P9UINVZOT159F073F2WMOXY47SV12BD3XKWSZKQUY6B04CH5QATHRDLEJAJCR
0 8
0 23
1 16
1 25
2 16
2 21
3 14
3 22
4 8
4 18
5 6
5 25
6 9
6 30
7 18
7 23
8 31
8 35
9 24
9 29
10 1
10 5
11 9
11 15
12 0
12 7
13 3
13 15
14 2
14 32
15 22
15 24
16 33
16 34
17 4
17 7
18 28
18 31
19 1
19 2
20 11
20 13
21 3
21 33
22 20
22 32
23 28
23 35
24 20
24 26
25 30
25 34
26 6
26 11
27 0
27 4
28 12
28 17
29 5
29 26
30 10
30 29
31 17
31 27
32 13
32 21
33 14
33 19
34 10
34 19
35 12
35 27

# solution 176
# n=36 sym=rot4 status=verified source=flammenkamp_cache/n36_rot4
# code=oRUEFBH9PAS09JM4I0CUW3VMXFR6BGYNY6L7X2SET1C1JOT8K2D4W35NZHVDGQZ7PAQIOKL58
0 27
0 30
1 14
1 15
2 11
2 17
3 9
3 25
4 10
4 28
5 0
5 9
6 19
6 22
7 4
7 18
8 0
8 12
9 30
9 32
10 3
10 31
11 22
11 33
12 15
12 27
13 6
13 11
14 16
14 34
15 23
15 34
16 6
16 21
17 7
17 33
18 2
18 28
19 14
19 29
20 1
20 12
21 1
21 19
22 24
22 29
23 8
23 20
24 2
24 13
25 4
25 32
26 3
26 5
27 23
27 35
28 17
28 31
29 13
29 16
30 26
30 35
31 7
31 25
32 10
32 26
33 18
33 24
34 20
34 21
35 5
35 8

# solution 177
# n=36 sym=rot4 status=verified source=flammenkamp_cache/n36_rot4
# code=o6FIUNPBEBQ1LFZIQ8R472MVW2JAG5WTZCM17SYDN063UJPGX34DXSV8R9H0KEY9OLOAC5HKT
0 6
0 15
1 18
1 30
2 23
2 25
3 11
3 14
4 11
4 26
5 1
5 21
6 15
6 35
7 18
7 26
8 8
8 27
9 4
9 7
10 2
10 22
11 31
11 32
12 2
12 19
13 10
13 16
14 5
14 32
15 29
15 35
16 12
16 22
17 1
17 7
18 28
18 34
19 13
19 23
20 0
20 6
21 3
21 30
22 19
22 25
23 16
23 33
24 3
24 4
25 13
25 33
26 28
26 31
27 8
27 27
28 9
28 17
29 0
29 20
30 14
30 34
31 9
31 24
32 21
32 24
33 10
33 12
34 5
34 17
35 20
35 29

# solution 178
# n=36 sym=rot4 status=verified source=flammenkamp_cache/n36_rot4
# code=oBIEJ79MO5J8VFPIXMUPX693ZEF38NYNT1407SZVY6C1CRWKL0WQT2A5D2HAK4RGUBDQSGLHO
0 11
0 18
1 14
1 19
2 7
2 9
3 22
3 24
4 5
4 19
5 8
5 31
6 15
6 25
7 18
7 33
8 22
8 30
9 25
9 33
10 6
10 9
11 3
11 35
12 14
12 15
13 3
13 8
14 23
14 34
15 23
15 29
16 1
16 4
17 0
17 7
18 28
18 35
19 31
19 34
20 6
20 12
21 1
21 12
22 27
22 32
23 20
23 21
24 0
24 32
25 26
25 29
26 2
26 10
27 5
27 13
28 2
28 17
29 10
29 20
30 4
30 27
31 16
31 30
32 11
32 13
33 26
33 28
34 16
34 21
35 17
35 24

# solution 179
# n=36 sym=rot4 status=verified source=flammenkamp_cache/n36_rot4
# code=oFL6J7BAMPRHJMYHX4O9Q4W8XEF360NNZ15SU57UY0CCZTWKL2R3V9QBV2I1DGI8ADPOSGTEK
0 15
0 21
1 6
1 19
2 7
2 11
3 10
3 22
4 25
4 27
5 17
5 19
6 22
6 34
7 17
7 33
8 4
8 24
9 9
9 26
10 4
10 32
11 8
11 33
12 14
12 15
13 3
13 6
14 0
14 23
15 23
15 35
16 1
16 5
17 28
17 30
18 5
18 7
19 30
19 34
20 0
20 12
21 12
21 35
22 29
22 32
23 20
23 21
24 2
24 27
25 3
25 31
26 9
26 26
27 11
27 31
28 2
28 18
29 1
29 13
30 16
30 18
31 8
31 10
32 13
32 25
33 24
33 28
34 16
34 29
35 14
35 20

# solution 180
# n=36 sym=rot4 status=verified source=flammenkamp_cache/n36_rot4
# code=oAK5QDLQR7HBYKRHV3613DZGUEGPX2N06NOSV47BCTZCX2AJL5J0MWYTW4I8F1OIS89EM9UFP
0 10
0 20
1 5
1 26
2 13
2 21
3 26
3 27
4 7
4 17
5 11
5 34
6 20
6 27
7 17
7 31
8 3
8 6
9 1
9 3
10 13
10 35
11 16
11 30
12 14
12 16
13 25
13 33
14 2
14 23
15 0
15 6
16 23
16 24
17 28
17 31
18 4
18 7
19 11
19 12
20 29
20 35
21 12
21 33
22 2
22 10
23 19
23 21
24 5
24 19
25 0
25 22
26 32
26 34
27 29
27 32
28 4
28 18
29 8
29 15
30 1
30 24
31 18
31 28
32 8
32 9
33 14
33 22
34 9
34 30
35 15
35 25

# solution 181
# n=36 sym=rot4 status=verified source=flammenkamp_cache/n36_rot4
# code=oETIMDLRU8N360UAH3VBGOSAQ4G1X2ZFKNQ1S7Y9CFK0X2YJV9P7BJO4WIP5ZTWCR58EMDH6L
0 14
0 29
1 18
1 22
2 13
2 21
3 27
3 30
4 8
4 23
5 3
5 6
6 0
6 30
7 10
7 17
8 3
8 31
9 11
9 16
10 24
10 28
11 10
11 26
12 4
12 16
13 1
13 33
14 2
14 35
15 15
15 20
16 23
16 26
17 1
17 28
18 7
18 34
19 9
19 12
20 15
20 20
21 0
21 33
22 2
22 34
23 19
23 31
24 9
24 25
25 7
25 11
26 19
26 24
27 4
27 32
28 18
28 25
29 5
29 35
30 29
30 32
31 12
31 27
32 5
32 8
33 14
33 22
34 13
34 17
35 6
35 21

# solution 182
# n=36 sym=rot4 status=verified source=flammenkamp_cache/n36_rot4
# code=oFIEGCO5V3PRWAK9H5DES4T2NBXGRQY6ZMY0S7Z1D0T198J2OCX6V7LMUIQFP38AW4UBNJLHK
0 15
0 18
1 14
1 16
2 12
2 24
3 5
3 31
4 3
4 25
5 27
5 32
6 10
6 20
7 9
7 17
8 5
8 13
9 14
9 28
10 4
10 29
11 2
11 23
12 11
12 33
13 16
13 27
14 26
14 34
15 6
15 35
16 22
16 34
17 0
17 28
18 7
18 35
19 1
19 13
20 0
20 29
21 1
21 9
22 8
22 19
23 2
23 24
24 12
24 33
25 6
25 31
26 7
26 21
27 22
27 30
28 18
28 26
29 15
29 25
30 3
30 8
31 10
31 32
32 4
32 30
33 11
33 23
34 19
34 21
35 17
35 20

# solution 183
# n=36 sym=rot4 status=verified source=flammenkamp_cache/n36_rot4
# code=oCIESLOBG9RFJ9P1H4ATV6R2WFZDM2YNU5W0S7Z3U5C1XDM0K3X8T46PVIYAQGK8QJOBE7LHN
0 12
0 18
1 14
1 28
2 21
2 24
3 11
3 16
4 9
4 27
5 15
5 19
6 9
6 25
7 1
7 17
8 4
8 10
9 29
9 31
10 6
10 27
11 2
11 32
12 15
12 35
13 13
13 22
14 2
14 34
15 23
15 30
16 5
16 32
17 0
17 28
18 7
18 35
19 3
19 30
20 5
20 12
21 1
21 33
22 13
22 22
23 0
23 20
24 3
24 33
25 8
25 29
26 4
26 6
27 25
27 31
28 18
28 34
29 10
29 26
30 16
30 20
31 8
31 26
32 19
32 24
33 11
33 14
34 7
34 21
35 17
35 23

# solution 184
# n=36 sym=rot4 status=verified source=flammenkamp_cache/n36_rot4
# code=oEI8M7EGNRTMN49HX4YFTAPGK3515XZBQOW0S7Z3B9O02UYUWFJAP6K1V2IQVCD68CJLSDRHL
0 14
0 18
1 8
1 22
2 7
2 14
3 16
3 23
4 27
4 29
5 22
5 23
6 4
6 9
7 17
7 33
8 4
8 34
9 15
9 29
10 10
10 25
11 16
11 20
12 3
12 5
13 1
13 5
14 33
14 35
15 11
15 26
16 24
16 32
17 0
17 28
18 7
18 35
19 3
19 11
20 9
20 24
21 0
21 2
22 30
22 34
23 30
23 32
24 15
24 19
25 10
25 25
26 6
26 20
27 1
27 31
28 2
28 18
29 26
29 31
30 12
30 13
31 6
31 8
32 12
32 19
33 21
33 28
34 13
34 27
35 17
35 21

# solution 185
# n=36 sym=rot4 status=verified source=flammenkamp_cache/n36_rot4
# code=oEK7B7BNTLR9I3IXY4GAUNQXY3AFG4Z0MMR56TU8DDZ0VJKPW129C5PJV12HWHQ8E6COSOSFL
0 14
0 20
1 7
1 11
2 7
2 11
3 23
3 29
4 21
4 27
5 9
5 18
6 3
6 18
7 33
7 34
8 4
8 16
9 10
9 30
10 23
10 26
11 33
11 34
12 3
12 10
13 15
13 16
14 4
14 35
15 0
15 22
16 22
16 27
17 5
17 6
18 29
18 30
19 8
19 13
20 13
20 35
21 0
21 31
22 19
22 20
23 25
23 32
24 1
24 2
25 9
25 12
26 5
26 25
27 19
27 31
28 1
28 2
29 17
29 32
30 17
30 26
31 8
31 14
32 6
32 12
33 24
33 28
34 24
34 28
35 15
35 21

# solution 186
# n=36 sym=rot4 status=verified source=flammenkamp_cache/n36_rot4
# code=o8DFU3CNX7I16IUOVBZEGAP7R3XFZGQMYLQ46TV9E1D9J0K2W8SAPJL0O4B5HTYHS2CNW5KMR
0 8
0 13
1 15
1 30
2 3
2 12
3 23
3 33
4 7
4 18
5 1
5 6
6 18
6 30
7 24
7 31
8 11
8 35
9 14
9 16
10 10
10 25
11 7
11 27
12 3
12 33
13 15
13 35
14 16
14 26
15 22
15 34
16 21
16 26
17 4
17 6
18 29
18 31
19 9
19 14
20 1
20 13
21 9
21 19
22 0
22 20
23 2
23 32
24 8
24 28
25 10
25 25
26 19
26 21
27 0
27 24
28 4
28 11
29 5
29 17
30 29
30 34
31 17
31 28
32 2
32 12
33 23
33 32
34 5
34 20
35 22
35 27

# solution 187
# n=36 sym=rot4 status=verified source=flammenkamp_cache/n36_rot4
# code=o1GJZCPMQHU4ABIKMBF3C2URTQX37EL7R1Z6V4T0Y8SELSW29685XNWKODFHOPV5I9DAN0GJY
0 1
0 16
1 19
1 35
2 12
2 25
3 22
3 26
4 17
4 30
5 4
5 10
6 11
6 18
7 20
7 22
8 11
8 15
9 3
9 12
10 2
10 30
11 27
11 29
12 26
12 33
13 3
13 7
14 14
14 21
15 7
15 27
16 1
16 35
17 6
17 31
18 4
18 29
19 0
19 34
20 8
20 28
21 14
21 21
22 28
22 32
23 2
23 9
24 6
24 8
25 5
25 33
26 23
26 32
27 20
27 24
28 13
28 15
29 17
29 24
30 25
30 31
31 5
31 18
32 9
32 13
33 10
33 23
34 0
34 16
35 19
35 34

# solution 188
# n=36 sym=rot4 status=verified source=flammenkamp_cache/n36_rot4
# code=o1GGZCPMQHU4ABIKMBF3C2URTQX37EL7RYZ6V4T018SELSW29685XNWKODFHOPV5I9DAN0JJY
0 1
0 16
1 16
1 35
2 12
2 25
3 22
3 26
4 17
4 30
5 4
5 10
6 11
6 18
7 20
7 22
8 11
8 15
9 3
9 12
10 2
10 30
11 27
11 29
12 26
12 33
13 3
13 7
14 14
14 21
15 7
15 27
16 34
16 35
17 6
17 31
18 4
18 29
19 0
19 1
20 8
20 28
21 14
21 21
22 28
22 32
23 2
23 9
24 6
24 8
25 5
25 33
26 23
26 32
27 20
27 24
28 13
28 15
29 17
29 24
30 25
30 31
31 5
31 18
32 9
32 13
33 10
33 23
34 0
34 19
35 19
35 34

# solution 189
# n=36 sym=rot4 status=verified source=flammenkamp_cache/n36_rot4
# code=o7GLVNR5I1KNWFIBZ2Q8DAPGS25EQ1M4TOZ36TW0B6VDY9LUX7JAPMR9X0OHK3CFYHU8C4EJS
0 7
0 16
1 21
1 31
2 23
2 27
3 5
3 18
4 1
4 20
5 23
5 32
6 15
6 18
7 11
7 35
8 2
8 26
9 8
9 13
10 10
10 25
11 16
11 28
12 2
12 5
13 14
13 26
14 1
14 22
15 4
15 29
16 24
16 35
17 3
17 6
18 29
18 32
19 0
19 11
20 6
20 31
21 13
21 34
22 9
22 21
23 30
23 33
24 7
24 19
25 10
25 25
26 22
26 27
27 9
27 33
28 0
28 24
29 17
29 20
30 3
30 12
31 15
31 34
32 17
32 30
33 8
33 12
34 4
34 14
35 19
35 28

# solution 190
# n=36 sym=rot4 status=verified source=flammenkamp_cache/n36_rot4
# code=oDFIKABNQ4VJT5I9ABE3SSXRX3DNZGR1Z5L16TYEU0Y8J0CMW28277WLOPQHU6G4V9COPFHKM
0 13
0 15
1 18
1 20
2 10
2 11
3 23
3 26
4 4
4 31
5 19
5 29
6 5
6 18
7 9
7 10
8 11
8 14
9 3
9 28
10 28
10 33
11 27
11 33
12 3
12 13
13 23
13 35
14 16
14 27
15 1
15 35
16 5
16 21
17 1
17 6
18 29
18 34
19 14
19 30
20 0
20 34
21 8
21 19
22 0
22 12
23 22
23 32
24 2
24 8
25 2
25 7
26 7
26 32
27 21
27 24
28 25
28 26
29 17
29 30
30 6
30 16
31 4
31 31
32 9
32 12
33 24
33 25
34 15
34 17
35 20
35 22

# solution 191
# n=36 sym=rot4 status=verified source=flammenkamp_cache/n36_rot4
# code=o4DHLQR78OZDSIK5W2W2AJQ4CFOUZ1G6NAL6Y1TEPCTJY05BKNV9GPX3X3UFH7M0BRS89EIMV
0 4
0 13
1 17
1 21
2 26
2 27
3 7
3 8
4 24
4 35
5 13
5 28
6 18
6 20
7 5
7 32
8 2
8 32
9 2
9 10
10 19
10 26
11 4
11 12
12 15
12 24
13 30
13 35
14 1
14 16
15 6
15 23
16 10
16 21
17 6
17 34
18 1
18 29
19 14
19 25
20 12
20 29
21 19
21 34
22 0
22 5
23 11
23 20
24 23
24 31
25 9
25 16
26 25
26 33
27 3
27 33
28 3
28 30
29 15
29 17
30 7
30 22
31 0
31 11
32 27
32 28
33 8
33 9
34 14
34 18
35 22
35 31

# solution 192
# n=36 sym=rot4 status=verified source=flammenkamp_cache/n36_rot4
# code=oLWGHAC05KRAWINMR47EGUXBO6X7F0Q4MQY6Y1T19DV9ZKS2TBO25JLSV8DCH3P8FUZNPIJ3E
0 21
0 32
1 16
1 17
2 10
2 12
3 0
3 5
4 20
4 27
5 10
5 32
6 18
6 23
7 22
7 27
8 4
8 7
9 14
9 16
10 30
10 33
11 11
11 24
12 6
12 33
13 7
13 15
14 0
14 26
15 4
15 22
16 26
16 34
17 6
17 34
18 1
18 29
19 1
19 9
20 13
20 31
21 9
21 35
22 20
22 28
23 2
23 29
24 11
24 24
25 2
25 5
26 19
26 21
27 28
27 31
28 8
28 13
29 12
29 17
30 3
30 25
31 8
31 15
32 30
32 35
33 23
33 25
34 18
34 19
35 3
35 14

# solution 193
# n=36 sym=rot4 status=verified source=flammenkamp_cache/n36_rot4
# code=oFI7BJPCP7U4EGIVY8RCD23MYQWBQFULZ2T06TZ6X0E5K9O391DWXMN8R14HJLV5SANAGOSHK
0 15
0 18
1 7
1 11
2 19
2 25
3 12
3 25
4 7
4 30
5 4
5 14
6 16
6 18
7 31
7 34
8 8
8 27
9 12
9 13
10 2
10 3
11 22
11 34
12 26
12 32
13 11
13 26
14 15
14 30
15 21
15 35
16 2
16 29
17 0
17 6
18 29
18 35
19 6
19 33
20 0
20 14
21 5
21 20
22 9
22 24
23 3
23 9
24 1
24 13
25 32
25 33
26 22
26 23
27 8
27 27
28 1
28 4
29 17
29 19
30 21
30 31
31 5
31 28
32 10
32 23
33 10
33 16
34 24
34 28
35 17
35 20

# solution 194
# n=36 sym=rot4 status=verified source=flammenkamp_cache/n36_rot4
# code=oCHLP8FBMCS5U7I4TMXGK1BPWVZ381G9XLQ6Z0T9E2QJYRW043AOYFJ2D6VHS5U7NDOKRAEIN
0 12
0 17
1 21
1 25
2 8
2 15
3 11
3 22
4 12
4 28
5 5
5 30
6 7
6 18
7 4
7 29
8 22
8 33
9 16
9 20
10 1
10 11
11 25
11 32
12 31
12 35
13 3
13 8
14 1
14 16
15 9
15 33
16 21
16 26
17 6
17 35
18 0
18 29
19 9
19 14
20 2
20 26
21 19
21 34
22 27
22 32
23 0
23 4
24 3
24 10
25 24
25 34
26 15
26 19
27 2
27 13
28 6
28 31
29 17
29 28
30 5
30 30
31 7
31 23
32 13
32 24
33 20
33 27
34 10
34 14
35 18
35 23

# solution 195
# n=36 sym=rot4 status=verified source=flammenkamp_cache/n36_rot4
# code=oHQBK7C9PGKCPEIRX7B0W35RYUXGLDT14MV6Z0T4DVY6MEJ2518UW3ZOS28HLANFJAQNSFO9I
0 17
0 26
1 11
1 20
2 7
2 12
3 9
3 25
4 16
4 20
5 12
5 25
6 14
6 18
7 27
7 33
8 7
8 11
9 0
9 32
10 3
10 5
11 27
11 34
12 30
12 33
13 16
13 21
14 13
14 29
15 1
15 4
16 22
16 31
17 6
17 35
18 0
18 29
19 4
19 13
20 31
20 34
21 6
21 22
22 14
22 19
23 2
23 5
24 1
24 8
25 30
25 32
26 3
26 35
27 24
27 28
28 2
28 8
29 17
29 21
30 10
30 23
31 15
31 19
32 10
32 26
33 23
33 28
34 15
34 24
35 9
35 18

# solution 196
# n=36 sym=rot4 status=verified source=flammenkamp_cache/n36_rot4
# code=o5KGPDSQS8CIZFH23OV3J1B8PDVNXEL0T9Y5T6U1Q6ZEL2C4MAROYGW4BWXIK0HNR797MAJFU
0 5
0 20
1 16
1 25
2 13
2 28
3 26
3 28
4 8
4 12
5 18
5 35
6 15
6 17
7 2
7 3
8 24
8 31
9 3
9 19
10 1
10 11
11 8
11 25
12 13
12 31
13 23
13 33
14 14
14 21
15 0
15 29
16 9
16 34
17 5
17 29
18 6
18 30
19 1
19 26
20 6
20 35
21 14
21 21
22 2
22 12
23 4
23 22
24 10
24 27
25 24
25 34
26 16
26 32
27 4
27 11
28 32
28 33
29 18
29 20
30 0
30 17
31 23
31 27
32 7
32 9
33 7
33 22
34 10
34 19
35 15
35 30

# solution 197
# n=36 sym=rot4 status=verified source=flammenkamp_cache/n36_rot4
# code=oGPEF9O7RKR7HBHUW34CX0J2TMQCEMY4YAZTU560P1V1DLN9D6XGZ2NVW35IOIS8F8SBQKLAJ
0 16
0 25
1 14
1 15
2 9
2 24
3 7
3 27
4 20
4 27
5 7
5 17
6 11
6 17
7 30
7 32
8 3
8 4
9 12
9 33
10 0
10 19
11 2
11 29
12 22
12 26
13 12
13 14
14 22
14 34
15 4
15 34
16 10
16 35
17 29
17 30
18 5
18 6
19 0
19 25
20 1
20 31
21 1
21 13
22 21
22 23
23 9
23 13
24 6
24 33
25 16
25 35
26 2
26 23
27 31
27 32
28 3
28 5
29 18
29 24
30 18
30 28
31 8
31 15
32 8
32 28
33 11
33 26
34 20
34 21
35 10
35 19

# solution 198
# n=36 sym=rot4 status=verified source=flammenkamp_cache/n36_rot4
# code=oGKEF9O7RPR7HBHUW34CX4J2TMQCEMY0YAZTU560P1Z1DLN9D6XGV2NVW35IOIS8A8SBQKLFJ
0 16
0 20
1 14
1 15
2 9
2 24
3 7
3 27
4 25
4 27
5 7
5 17
6 11
6 17
7 30
7 32
8 3
8 4
9 12
9 33
10 4
10 19
11 2
11 29
12 22
12 26
13 12
13 14
14 22
14 34
15 0
15 34
16 10
16 35
17 29
17 30
18 5
18 6
19 0
19 25
20 1
20 35
21 1
21 13
22 21
22 23
23 9
23 13
24 6
24 33
25 16
25 31
26 2
26 23
27 31
27 32
28 3
28 5
29 18
29 24
30 18
30 28
31 8
31 10
32 8
32 28
33 11
33 26
34 20
34 21
35 15
35 19

# solution 199
# n=36 sym=rot4 status=verified source=flammenkamp_cache/n36_rot4
# code=o2FASPZEFHOLRHR1C56DG2Y4GDSNQ5WWZOQTV469B033U9C7MJV1XJMTUNY8I8EBIKL0A7PKX
0 2
0 15
1 10
1 28
2 25
2 35
3 14
3 15
4 17
4 24
5 21
5 27
6 17
6 27
7 1
7 12
8 5
8 6
9 13
9 16
10 2
10 34
11 4
11 16
12 13
12 28
13 23
13 26
14 5
14 32
15 32
15 35
16 24
16 26
17 29
17 31
18 4
18 6
19 9
19 11
20 0
20 3
21 3
21 30
22 9
22 12
23 7
23 22
24 19
24 31
25 1
25 33
26 19
26 22
27 29
27 30
28 23
28 34
29 8
29 18
30 8
30 14
31 11
31 18
32 20
32 21
33 0
33 10
34 7
34 25
35 20
35 33

# solution 200
# n=36 sym=rot4 status=verified source=flammenkamp_cache/n36_rot4
# code=o9RLTQSGHNO7F1H2U0O2ZDJ484MCP1FLUAWTW363P5EKYANDVRVGM0XBZ5XIYKSBCIJ796E8Q
0 9
0 27
1 21
1 29
2 26
2 28
3 16
3 17
4 23
4 24
5 7
5 15
6 1
6 17
7 2
7 30
8 0
8 24
9 2
9 35
10 13
10 19
11 4
11 8
12 4
12 22
13 12
13 25
14 1
14 15
15 21
15 30
16 10
16 32
17 29
17 32
18 3
18 6
19 3
19 25
20 5
20 14
21 20
21 34
22 10
22 23
23 13
23 31
24 27
24 31
25 16
25 22
26 0
26 33
27 11
27 35
28 5
28 33
29 18
29 34
30 20
30 28
31 11
31 12
32 18
32 19
33 7
33 9
34 6
34 14
35 8
35 26

# solution 201
# n=36 sym=rot4 status=verified source=flammenkamp_cache/n36_rot4
# code=oDP1YJS9HNQENHJ28OS4W0D8K45PZFUBL26TW36TXEO5K0AUVFRMZ3V7BRXGICL9CIQ7G1YAM
0 13
0 25
1 1
1 34
2 19
2 28
3 9
3 17
4 23
4 26
5 14
5 23
6 17
6 19
7 2
7 8
8 24
8 28
9 4
9 32
10 0
10 13
11 8
11 20
12 4
12 5
13 25
13 35
14 15
14 30
15 11
15 21
16 2
16 6
17 29
17 32
18 3
18 6
19 29
19 33
20 14
20 24
21 5
21 20
22 0
22 10
23 30
23 31
24 15
24 27
25 22
25 35
26 3
26 31
27 7
27 11
28 27
28 33
29 16
29 18
30 12
30 21
31 9
31 12
32 18
32 26
33 7
33 16
34 1
34 34
35 10
35 22

# solution 202
# n=36 sym=rot4 status=verified source=flammenkamp_cache/n36_rot4
# code=oDP1Y7J9HNQENHJ8XOS4W0D8K45PZFUBL26TW36TXEO5K0AUVFRMZ3V7B2RGICL9CIQGS1YAM
0 13
0 25
1 1
1 34
2 7
2 19
3 9
3 17
4 23
4 26
5 14
5 23
6 17
6 19
7 8
7 33
8 24
8 28
9 4
9 32
10 0
10 13
11 8
11 20
12 4
12 5
13 25
13 35
14 15
14 30
15 11
15 21
16 2
16 6
17 29
17 32
18 3
18 6
19 29
19 33
20 14
20 24
21 5
21 20
22 0
22 10
23 30
23 31
24 15
24 27
25 22
25 35
26 3
26 31
27 7
27 11
28 2
28 27
29 16
29 18
30 12
30 21
31 9
31 12
32 18
32 26
33 16
33 28
34 1
34 34
35 10
35 22

# solution 203
# n=36 sym=rot4 status=verified source=flammenkamp_cache/n36_rot4
# code=oDK8FINQT4VEM3HOQJY37JN7E2A5ZOU0Y8A2T6XPR1Z5B0UPXLSCGSW1G9BIWDL4V69CHKRFM
0 13
0 20
1 8
1 15
2 18
2 23
3 26
3 29
4 4
4 31
5 14
5 22
6 3
6 17
7 24
7 26
8 19
8 34
9 3
9 7
10 19
10 23
11 7
11 14
12 2
12 10
13 5
13 35
14 24
14 30
15 0
15 34
16 8
16 10
17 2
17 29
18 6
18 33
19 25
19 27
20 1
20 35
21 5
21 11
22 0
22 30
23 25
23 33
24 21
24 28
25 12
25 16
26 28
26 32
27 1
27 16
28 9
28 11
29 18
29 32
30 13
30 21
31 4
31 31
32 6
32 9
33 12
33 17
34 20
34 27
35 15
35 22

# solution 204
# n=36 sym=rot4 status=verified source=flammenkamp_cache/n36_rot4
# code=oGMPQHN4RTW8C4HEJ3U1M1OAE2U09OSFK7ZTX260SFK7BQZ5XLPBYDY5WGLIVNR368VCI9ADJ
0 16
0 22
1 25
1 26
2 17
2 23
3 4
3 27
4 29
4 32
5 8
5 12
6 4
6 17
7 14
7 19
8 3
8 30
9 1
9 22
10 1
10 24
11 10
11 14
12 2
12 30
13 0
13 9
14 24
14 28
15 15
15 20
16 7
16 35
17 29
17 33
18 2
18 6
19 0
19 28
20 15
20 20
21 7
21 11
22 26
22 35
23 5
23 33
24 21
24 25
25 11
25 34
26 13
26 34
27 5
27 32
28 16
28 21
29 18
29 31
30 23
30 27
31 3
31 6
32 8
32 31
33 12
33 18
34 9
34 10
35 13
35 19

# solution 205
# n=36 sym=rot4 status=verified source=flammenkamp_cache/n36_rot4
# code=oDE3ICK4YSWOPDH4P8RBL575QJXTZ9Z2GCK1T6YFNJX0Q062G9USUEO8RAVIMAB371VFNHWLM
0 13
0 14
1 3
1 18
2 12
2 20
3 4
3 34
4 28
4 32
5 24
5 25
6 13
6 17
7 4
7 25
8 8
8 27
9 11
9 21
10 5
10 7
11 5
11 26
12 19
12 33
13 29
13 35
14 9
14 35
15 2
15 16
16 12
16 20
17 1
17 29
18 6
18 34
19 15
19 23
20 19
20 33
21 0
21 26
22 0
22 6
23 2
23 16
24 9
24 30
25 28
25 30
26 14
26 24
27 8
27 27
28 10
28 31
29 18
29 22
30 10
30 11
31 3
31 7
32 1
32 31
33 15
33 23
34 17
34 32
35 21
35 22

# solution 206
# n=36 sym=rot4 status=verified source=flammenkamp_cache/n36_rot4
# code=o5LIOCKES6QRZHV3D5K4ABQ1PJXGS0W28CM1T6YDNRX3Z7J2GAY9OPVFUMW4I089T7LFNBHEU
0 5
0 21
1 18
1 24
2 12
2 20
3 14
3 28
4 6
4 26
5 27
5 35
6 17
6 31
7 3
7 13
8 5
8 20
9 4
9 10
10 11
10 26
11 1
11 25
12 19
12 33
13 16
13 28
14 0
14 32
15 2
15 8
16 12
16 22
17 1
17 29
18 6
18 34
19 13
19 23
20 27
20 33
21 3
21 35
22 7
22 19
23 2
23 16
24 10
24 34
25 9
25 24
26 25
26 31
27 15
27 30
28 22
28 32
29 4
29 18
30 0
30 8
31 9
31 29
32 7
32 21
33 15
33 23
34 11
34 17
35 14
35 30

# solution 207
# n=36 sym=rot4 status=verified source=flammenkamp_cache/n36_rot4
# code=o5LIOCK7E6QRZHVDW5K4ABQ1PJXGS0W28CM1T6YDNRX3Z7J2GAY9OPVFU3M4I089TLSFNBHEU
0 5
0 21
1 18
1 24
2 12
2 20
3 7
3 14
4 6
4 26
5 27
5 35
6 17
6 31
7 13
7 32
8 5
8 20
9 4
9 10
10 11
10 26
11 1
11 25
12 19
12 33
13 16
13 28
14 0
14 32
15 2
15 8
16 12
16 22
17 1
17 29
18 6
18 34
19 13
19 23
20 27
20 33
21 3
21 35
22 7
22 19
23 2
23 16
24 10
24 34
25 9
25 24
26 25
26 31
27 15
27 30
28 3
28 22
29 4
29 18
30 0
30 8
31 9
31 29
32 21
32 28
33 15
33 23
34 11
34 17
35 14
35 30

# solution 208
# n=36 sym=rot4 status=verified source=flammenkamp_cache/n36_rot4
# code=o9NBIJSCUOS39EH24DJUZAP4Y0WKRFTDL281T6YRXEM6K8F3Z1VAP05GMVXILQW7B5N7GHOCQ
0 9
0 23
1 11
1 18
2 19
2 28
3 12
3 30
4 24
4 28
5 3
5 9
6 14
6 17
7 2
7 4
8 13
8 19
9 30
9 35
10 10
10 25
11 4
11 34
12 0
12 32
13 20
13 27
14 15
14 29
15 13
15 21
16 2
16 8
17 1
17 29
18 6
18 34
19 27
19 33
20 14
20 22
21 6
21 20
22 8
22 15
23 3
23 35
24 1
24 31
25 10
25 25
26 0
26 5
27 16
27 22
28 31
28 33
29 18
29 21
30 26
30 32
31 7
31 11
32 5
32 23
33 7
33 16
34 17
34 24
35 12
35 26

# solution 209
# n=36 sym=rot4 status=verified source=flammenkamp_cache/n36_rot4
# code=oIKFP9O4DJW7JHQCUOP6X1828DSNWEL0Y450T6ZUV1ZEL3C7MRXRY2TAB5N9IGS3GMVBQAKFH
0 18
0 20
1 15
1 25
2 9
2 24
3 4
3 13
4 19
4 32
5 7
5 19
6 17
6 26
7 12
7 30
8 24
8 25
9 6
9 33
10 1
10 8
11 2
11 8
12 13
12 28
13 23
13 32
14 14
14 21
15 0
15 34
16 4
16 5
17 0
17 29
18 6
18 35
19 30
19 31
20 1
20 35
21 14
21 21
22 3
22 12
23 7
23 22
24 27
24 33
25 27
25 34
26 2
26 29
27 10
27 11
28 5
28 23
29 9
29 18
30 16
30 28
31 3
31 16
32 22
32 31
33 11
33 26
34 10
34 20
35 15
35 17

# solution 210
# n=36 sym=rot4 status=verified source=flammenkamp_cache/n36_rot4
# code=oIN4E8GDEPYFSDH59CXPS49FG0RTWWYOUOX0T6Z2B5B13368ZJKQV7A2NQUIM7K1ALMJRLVCH
0 18
0 23
1 4
1 14
2 8
2 16
3 13
3 14
4 25
4 34
5 15
5 28
6 13
6 17
7 5
7 9
8 12
8 33
9 25
9 28
10 4
10 9
11 15
11 16
12 0
12 27
13 29
13 32
14 32
14 34
15 24
15 30
16 24
16 33
17 0
17 29
18 6
18 35
19 2
19 11
20 5
20 11
21 1
21 3
22 3
22 6
23 8
23 35
24 19
24 20
25 26
25 31
26 7
26 10
27 2
27 23
28 26
28 30
29 18
29 22
30 7
30 20
31 1
31 10
32 21
32 22
33 19
33 27
34 21
34 31
35 12
35 17

# solution 211
# n=36 sym=rot4 status=verified source=flammenkamp_cache/n36_rot4
# code=oHL9O6ECDPU4SHX5MPQ8Y481JGW7W0XFKBNTZ06COFK2Z3S3JGYRV1R9ADU2I7V5AMNLTBQEI
0 17
0 21
1 9
1 24
2 6
2 14
3 12
3 13
4 25
4 30
5 4
5 28
6 17
6 33
7 5
7 22
8 25
8 26
9 8
9 34
10 4
10 8
11 1
11 19
12 16
12 32
13 7
13 32
14 0
14 33
15 15
15 20
16 11
16 23
17 29
17 35
18 0
18 6
19 12
19 24
20 15
20 20
21 2
21 35
22 3
22 28
23 3
23 19
24 16
24 34
25 27
25 31
26 1
26 27
27 9
27 10
28 13
28 30
29 2
29 18
30 7
30 31
31 5
31 10
32 22
32 23
33 21
33 29
34 11
34 26
35 14
35 18

# solution 212
# n=36 sym=rot4 status=verified source=flammenkamp_cache/n36_rot4
# code=oEHJV6BMQ1JEOHX8CPS3D8C5XPS3QUZFK14TZ06VYFK059W7A2UNRMW7ANR2IBLGY9DOT4GIL
0 14
0 17
1 19
1 31
2 6
2 11
3 22
3 26
4 1
4 19
5 14
5 24
6 17
6 33
7 8
7 12
8 25
8 28
9 3
9 13
10 8
10 12
11 5
11 33
12 25
12 28
13 3
13 26
14 30
14 35
15 15
15 20
16 1
16 4
17 29
17 35
18 0
18 6
19 31
19 34
20 15
20 20
21 0
21 5
22 9
22 32
23 7
23 10
24 2
24 30
25 23
25 27
26 22
26 32
27 7
27 10
28 23
28 27
29 2
29 18
30 11
30 21
31 16
31 34
32 9
32 13
33 24
33 29
34 4
34 16
35 18
35 21

# solution 213
# n=36 sym=rot4 status=verified source=flammenkamp_cache/n36_rot4
# code=o8GFNIOKR7A9ICEPV3ZMU7V2M1T9BGT3YLZ25UX0E1W6JOQ6YDX4S5D0W4ALNHQPS8FBHCKJR
0 8
0 16
1 15
1 23
2 18
2 24
3 20
3 27
4 7
4 10
5 9
5 18
6 12
6 14
7 25
7 31
8 3
8 35
9 22
9 30
10 7
10 31
11 2
11 22
12 1
12 29
13 9
13 11
14 16
14 29
15 3
15 34
16 21
16 35
17 2
17 5
18 30
18 33
19 0
19 14
20 1
20 32
21 6
21 19
22 24
22 26
23 6
23 34
24 13
24 33
25 4
25 28
26 5
26 13
27 0
27 32
28 4
28 10
29 21
29 23
30 17
30 26
31 25
31 28
32 8
32 15
33 11
33 17
34 12
34 20
35 19
35 27

# solution 214
# n=36 sym=rot4 status=verified source=flammenkamp_cache/n36_rot4
# code=oBFFPIN5DAQIWMS6LGQ481VGZ2E6W7NYZOR25UX8B01CS3TLX0J4YRV9JET7D3H9PMUCHAKKO
0 11
0 15
1 15
1 25
2 18
2 23
3 5
3 13
4 10
4 26
5 18
5 32
6 22
6 28
7 6
7 21
8 16
8 26
9 4
9 8
10 1
10 31
11 16
11 35
12 2
12 14
13 6
13 32
14 7
14 23
15 34
15 35
16 24
16 27
17 2
17 5
18 30
18 33
19 8
19 11
20 0
20 1
21 12
21 28
22 3
22 29
23 21
23 33
24 0
24 19
25 4
25 34
26 27
26 31
27 9
27 19
28 14
28 29
29 7
29 13
30 3
30 17
31 9
31 25
32 22
32 30
33 12
33 17
34 10
34 20
35 20
35 24

# solution 215
# n=36 sym=rot4 status=verified source=flammenkamp_cache/n36_rot4
# code=oASRVCHOR1FISAC0513EOTZ39TXEGMQGVKM5X2UDF4J9DJL26QW06BLWYUZNP7HKY8BIN487P
0 10
0 28
1 27
1 31
2 12
2 17
3 24
3 27
4 1
4 15
5 18
5 28
6 10
6 12
7 0
7 5
8 1
8 3
9 14
9 24
10 29
10 35
11 3
11 9
12 29
12 33
13 14
13 16
14 22
14 26
15 16
15 31
16 20
16 22
17 5
17 33
18 2
18 30
19 13
19 15
20 4
20 19
21 9
21 13
22 19
22 21
23 2
23 6
24 26
24 32
25 0
25 6
26 11
26 21
27 32
27 34
28 30
28 35
29 23
29 25
30 7
30 17
31 20
31 34
32 8
32 11
33 18
33 23
34 4
34 8
35 7
35 25

# solution 216
# n=36 sym=rot4 status=verified source=flammenkamp_cache/n36_rot4
# code=oDJIKOT9O78IJ28AVTVLWKS23EMCZ9N1A0515UYUZPYCQ0NDLWX7F3E464PRXGHRSBQ6BFHGM
0 13
0 19
1 18
1 20
2 24
2 29
3 9
3 24
4 7
4 8
5 18
5 19
6 2
6 8
7 10
7 31
8 29
8 31
9 21
9 32
10 20
10 28
11 2
11 3
12 14
12 22
13 12
13 35
14 9
14 23
15 1
15 10
16 0
16 5
17 1
17 5
18 30
18 34
19 30
19 35
20 25
20 34
21 12
21 26
22 0
22 23
23 13
23 21
24 32
24 33
25 7
25 15
26 3
26 14
27 4
27 6
28 4
28 25
29 27
29 33
30 16
30 17
31 27
31 28
32 11
32 26
33 6
33 11
34 15
34 17
35 16
35 22

# solution 217
# n=36 sym=rot4 status=verified source=flammenkamp_cache/n36_rot4
# code=o9AHOLMAG6RINKV8B4SNZWZ1S592G2F6LMW5Y1U3DETKXJXQU7Y030C7VOR4FCH8TJPDEBIPQ
0 9
0 10
1 17
1 24
2 21
2 22
3 10
3 16
4 6
4 27
5 18
5 23
6 20
6 31
7 8
7 11
8 4
8 28
9 23
9 35
10 32
10 35
11 1
11 28
12 5
12 9
13 2
13 16
14 2
14 15
15 6
15 21
16 22
16 32
17 5
17 34
18 1
18 30
19 3
19 13
20 14
20 29
21 20
21 33
22 19
22 33
23 26
23 30
24 7
24 34
25 0
25 3
26 0
26 12
27 7
27 31
28 24
28 27
29 4
29 15
30 12
30 17
31 8
31 29
32 19
32 25
33 13
33 14
34 11
34 18
35 25
35 26

# solution 218
# n=36 sym=rot4 status=verified source=flammenkamp_cache/n36_rot4
# code=o9AHOLMAG6RINFV8B4SNZWZ1S592G2FLTMW5Y1U3D6EKXJXQU7Y030C7VOR4KCH8TJPDEBIPQ
0 9
0 10
1 17
1 24
2 21
2 22
3 10
3 16
4 6
4 27
5 18
5 23
6 15
6 31
7 8
7 11
8 4
8 28
9 23
9 35
10 32
10 35
11 1
11 28
12 5
12 9
13 2
13 16
14 2
14 15
15 21
15 29
16 22
16 32
17 5
17 34
18 1
18 30
19 3
19 13
20 6
20 14
21 20
21 33
22 19
22 33
23 26
23 30
24 7
24 34
25 0
25 3
26 0
26 12
27 7
27 31
28 24
28 27
29 4
29 20
30 12
30 17
31 8
31 29
32 19
32 25
33 13
33 14
34 11
34 18
35 25
35 26

# solution 219
# n=36 sym=rot4 status=verified source=flammenkamp_cache/n36_rot4
# code=oHK9P3MPX8CGI6TDNOVJY138E7V2SFO0L9U5Z0U5QEZBK7X4SLRWY1G4BCM6THJNR2ADWAQFI
0 17
0 20
1 9
1 25
2 3
2 22
3 25
3 33
4 8
4 12
5 16
5 18
6 6
6 29
7 13
7 23
8 24
8 31
9 19
9 34
10 1
10 3
11 8
11 14
12 7
12 31
13 2
13 28
14 15
14 24
15 0
15 21
16 9
16 30
17 5
17 35
18 0
18 30
19 5
19 26
20 14
20 35
21 11
21 20
22 7
22 33
23 4
23 28
24 21
24 27
25 32
25 34
26 1
26 16
27 4
27 11
28 12
28 22
29 6
29 29
30 17
30 19
31 23
31 27
32 2
32 10
33 13
33 32
34 10
34 26
35 15
35 18

# solution 220
# n=36 sym=rot4 status=verified source=flammenkamp_cache/n36_rot4
# code=oGJSV9MHK1RHPBC1K49RX5LLTDT2NAB370ZUW350ZSWOPCX6M6EEU28QVFYNOAI8YFIDQ47GJ
0 16
0 19
1 28
1 31
2 9
2 22
3 17
3 20
4 1
4 27
5 17
5 25
6 11
6 12
7 1
7 20
8 4
8 9
9 27
9 33
10 5
10 21
11 21
11 29
12 13
12 29
13 2
13 23
14 10
14 11
15 3
15 7
16 0
16 35
17 30
17 32
18 3
18 5
19 0
19 35
20 28
20 32
21 24
21 25
22 12
22 33
23 6
23 22
24 6
24 14
25 14
25 30
26 2
26 8
27 26
27 31
28 15
28 34
29 23
29 24
30 10
30 18
31 8
31 34
32 15
32 18
33 13
33 26
34 4
34 7
35 16
35 19

# solution 221
# n=36 sym=rot4 status=verified source=flammenkamp_cache/n36_rot4
# code=oAEFN6I8NBPHLSX69FWMS4ZGV139G5ZRYMO2U5XBD180UJQWY4J0V7D3KQT27EIAOCRHTCKLP
0 10
0 14
1 15
1 23
2 6
2 18
3 8
3 23
4 11
4 25
5 17
5 21
6 28
6 33
7 6
7 9
8 15
8 32
9 22
9 28
10 4
10 35
11 16
11 31
12 1
12 3
13 9
13 16
14 5
14 35
15 27
15 34
16 22
16 24
17 2
17 30
18 5
18 33
19 11
19 13
20 1
20 8
21 0
21 30
22 19
22 26
23 32
23 34
24 4
24 19
25 0
25 31
26 7
26 13
27 3
27 20
28 26
28 29
29 2
29 7
30 14
30 18
31 10
31 24
32 12
32 27
33 17
33 29
34 12
34 20
35 21
35 25

# solution 222
# n=36 sym=rot4 status=verified source=flammenkamp_cache/n36_rot4
# code=o4P3BHLGYPZDHORDL6Q8C046YFQSU27GNKWUX253FCJSX579K1TVZNR9TEM8BIM0A1JEIOWAV
0 4
0 25
1 3
1 11
2 17
2 21
3 16
3 34
4 25
4 35
5 13
5 17
6 24
6 27
7 13
7 21
8 6
8 26
9 8
9 12
10 0
10 4
11 6
11 34
12 15
12 26
13 28
13 30
14 2
14 7
15 16
15 23
16 20
16 32
17 30
17 33
18 2
18 5
19 3
19 15
20 12
20 19
21 28
21 33
22 5
22 7
23 9
23 20
24 1
24 29
25 31
25 35
26 23
26 27
27 9
27 29
28 14
28 22
29 8
29 11
30 18
30 22
31 0
31 10
32 1
32 19
33 14
33 18
34 24
34 32
35 10
35 31

# solution 223
# n=36 sym=rot4 status=verified source=flammenkamp_cache/n36_rot4
# code=oACGLHO4B8WHQDS6LPV5K8Z2WKZGT179CMYUX251DNQSY6J0F3X0RFU4AET7M9I3ROVBIEJNP
0 10
0 12
1 16
1 21
2 17
2 24
3 4
3 11
4 8
4 32
5 17
5 26
6 13
6 28
7 6
7 21
8 25
8 31
9 5
9 20
10 8
10 35
11 2
11 32
12 20
12 35
13 16
13 29
14 1
14 7
15 9
15 12
16 22
16 34
17 30
17 33
18 2
18 5
19 1
19 13
20 23
20 26
21 28
21 34
22 6
22 19
23 0
23 15
24 3
24 33
25 0
25 27
26 15
26 30
27 4
27 10
28 14
28 29
29 7
29 22
30 9
30 18
31 3
31 27
32 24
32 31
33 11
33 18
34 14
34 19
35 23
35 25

# solution 224
# n=36 sym=rot4 status=verified source=flammenkamp_cache/n36_rot4
# code=oGIFO7D8QSU4HLN4XFW3MAP1E6G9X6ORYNZ0U5Z0C18BT2QJTLYAPDW3K2VCEIV579RMSBKHJ
0 16
0 18
1 15
1 24
2 7
2 13
3 8
3 26
4 28
4 30
5 4
5 17
6 21
6 23
7 4
7 33
8 15
8 32
9 3
9 22
10 10
10 25
11 1
11 14
12 6
12 16
13 9
13 33
14 6
14 24
15 27
15 34
16 23
16 35
17 0
17 30
18 5
18 35
19 0
19 12
20 1
20 8
21 11
21 29
22 2
22 26
23 19
23 29
24 21
24 34
25 10
25 25
26 13
26 32
27 3
27 20
28 2
28 31
29 12
29 14
30 18
30 31
31 5
31 7
32 9
32 27
33 22
33 28
34 11
34 20
35 17
35 19

# solution 225
# n=36 sym=rot4 status=verified source=flammenkamp_cache/n36_rot4
# code=oBH8ODJ4TPWHK3L8CSYCL4G1ZQSFX695M2PUZ05AXDUQT2K790YJVEN17NREWFI3A6VGMBRIO
0 11
0 17
1 8
1 24
2 13
2 19
3 4
3 29
4 25
4 32
5 17
5 20
6 3
6 21
7 8
7 12
8 28
8 34
9 12
9 21
10 4
10 16
11 1
11 35
12 26
12 28
13 15
13 33
14 6
14 9
15 5
15 22
16 2
16 25
17 30
17 35
18 0
18 5
19 10
19 33
20 13
20 30
21 26
21 29
22 2
22 20
23 7
23 9
24 0
24 34
25 19
25 31
26 14
26 23
27 1
27 7
28 23
28 27
29 14
29 32
30 15
30 18
31 3
31 10
32 6
32 31
33 16
33 22
34 11
34 27
35 18
35 24

# solution 226
# n=36 sym=rot4 status=verified source=flammenkamp_cache/n36_rot4
# code=oHKKX1CCRER7HEOQU347DJO6AWXGQTV01AMUZ05DPYZ469J23PTBGMSVW59BLIS8L8NNY2FFI
0 17
0 20
1 20
1 33
2 1
2 12
3 12
3 27
4 14
4 27
5 7
5 17
6 14
6 24
7 26
7 30
8 3
8 4
9 7
9 13
10 19
10 24
11 6
11 10
12 32
12 33
13 16
13 26
14 29
14 31
15 0
15 1
16 10
16 22
17 30
17 35
18 0
18 5
19 13
19 25
20 34
20 35
21 4
21 6
22 9
22 19
23 2
23 3
24 25
24 29
25 11
25 16
26 22
26 28
27 31
27 32
28 5
28 9
29 11
29 21
30 18
30 28
31 8
31 21
32 8
32 23
33 23
33 34
34 2
34 15
35 15
35 18

# solution 227
# n=36 sym=rot4 status=verified source=flammenkamp_cache/n36_rot4
# code=o7MDPIT6AILBL2WQZCG7C1WGUQR0Y45FKOR24VX8BFKUV1Z895J3YNSJN093XEOEHPT6HAMDS
0 7
0 22
1 13
1 25
2 18
2 29
3 6
3 10
4 18
4 21
5 11
5 21
6 2
6 32
7 26
7 35
8 12
8 16
9 7
9 12
10 1
10 32
11 16
11 30
12 26
12 27
13 0
13 34
14 4
14 5
15 15
15 20
16 24
16 27
17 2
17 4
18 31
18 33
19 8
19 11
20 15
20 20
21 30
21 31
22 1
22 35
23 8
23 9
24 5
24 19
25 3
25 34
26 23
26 28
27 19
27 23
28 0
28 9
29 3
29 33
30 14
30 24
31 14
31 17
32 25
32 29
33 6
33 17
34 10
34 22
35 13
35 28

# solution 228
# n=36 sym=rot4 status=verified source=flammenkamp_cache/n36_rot4
# code=oBNJPDINOEI79MS6UAEGU1R3Z036XRVFK1Q24VX9YFK482TWZ0W8Y5JLP5T7DQSHLBCHMAGCO
0 11
0 23
1 19
1 25
2 13
2 18
3 23
3 24
4 14
4 18
5 7
5 9
6 22
6 28
7 6
7 30
8 10
8 14
9 16
9 30
10 1
10 27
11 3
11 35
12 0
12 3
13 6
13 33
14 27
14 31
15 15
15 20
16 1
16 26
17 2
17 4
18 31
18 33
19 9
19 34
20 15
20 20
21 4
21 8
22 2
22 29
23 32
23 35
24 0
24 32
25 8
25 34
26 5
26 19
27 21
27 25
28 5
28 29
29 7
29 13
30 26
30 28
31 17
31 21
32 11
32 12
33 17
33 22
34 10
34 16
35 12
35 24

# solution 229
# n=36 sym=rot4 status=verified source=flammenkamp_cache/n36_rot4
# code=oNP9D7HNOEI679UUXEPTY083F03GYRVGOKM4X2VDFBJ481JWZKWRZ16AL255QSTHLBCISMQAC
0 23
0 25
1 9
1 13
2 7
2 17
3 23
3 24
4 14
4 18
5 6
5 7
6 9
6 30
7 30
7 33
8 14
8 25
9 29
9 34
10 0
10 8
11 3
11 15
12 0
12 3
13 16
13 34
14 27
14 31
15 16
15 24
16 20
16 22
17 4
17 33
18 2
18 31
19 13
19 15
20 11
20 19
21 4
21 8
22 1
22 19
23 32
23 35
24 20
24 32
25 27
25 35
26 1
26 6
27 10
27 21
28 2
28 5
29 5
29 26
30 28
30 29
31 17
31 21
32 11
32 12
33 18
33 28
34 22
34 26
35 10
35 12

# solution 230
# n=36 sym=rot4 status=verified source=flammenkamp_cache/n36_rot4
# code=o9FIQDJRTAIET357S3K1ZNVEJADNXOU8Z2B14VYOX0R5B2CMPGL4C0YFW7SUW6LHP68GM9HKQ
0 9
0 15
1 18
1 26
2 13
2 19
3 27
3 29
4 10
4 18
5 14
5 29
6 3
6 5
7 7
7 28
8 3
8 20
9 1
9 35
10 23
10 31
11 14
11 19
12 10
12 13
13 23
13 33
14 24
14 30
15 8
15 35
16 2
16 11
17 1
17 4
18 31
18 34
19 24
19 33
20 0
20 27
21 5
21 11
22 2
22 12
23 22
23 25
24 16
24 21
25 4
25 12
26 0
26 34
27 15
27 32
28 7
28 28
29 30
29 32
30 6
30 21
31 17
31 25
32 6
32 8
33 16
33 22
34 9
34 17
35 20
35 26

# solution 231
# n=36 sym=rot4 status=verified source=flammenkamp_cache/n36_rot4
# code=oCFIM8Q785IMVBGPWWX2C7JFTQZ15ELOZAT14VY6P0BELUY096KGSNX233AJO4DHURS9RDHKN
0 12
0 15
1 18
1 22
2 8
2 26
3 7
3 8
4 5
4 18
5 22
5 31
6 11
6 16
7 25
7 32
8 32
8 33
9 2
9 12
10 7
10 19
11 15
11 29
12 26
12 35
13 1
13 5
14 14
14 21
15 24
15 35
16 10
16 29
17 1
17 4
18 31
18 34
19 6
19 25
20 0
20 11
21 14
21 21
22 30
22 34
23 0
23 9
24 6
24 20
25 16
25 28
26 23
26 33
27 2
27 3
28 3
28 10
29 19
29 24
30 4
30 13
31 17
31 30
32 27
32 28
33 9
33 27
34 13
34 17
35 20
35 23

# solution 232
# n=36 sym=rot4 status=verified source=flammenkamp_cache/n36_rot4
# code=oBJIL6O9TISDN3X48NSKWAP2Z58FU1G9M0L14VYEZDQJY5KRU0XAP3F7CRV2WCM7H6QBTEHGO
0 11
0 19
1 18
1 21
2 6
2 24
3 9
3 29
4 18
4 28
5 13
5 23
6 3
6 33
7 4
7 8
8 23
8 28
9 20
9 32
10 10
10 25
11 2
11 35
12 5
12 8
13 15
13 30
14 1
14 16
15 9
15 22
16 0
16 21
17 1
17 4
18 31
18 34
19 14
19 35
20 13
20 26
21 19
21 34
22 5
22 20
23 27
23 30
24 0
24 33
25 10
25 25
26 3
26 15
27 7
27 12
28 27
28 31
29 2
29 32
30 12
30 22
31 7
31 17
32 6
32 26
33 11
33 29
34 14
34 17
35 16
35 24

# solution 233
# n=36 sym=rot4 status=verified source=flammenkamp_cache/n36_rot4
# code=oABDHKM9F9I67AU8UNSVWTZLZ8E2YBN2WGJ4Y1VGJ3XCO1XLR0E06347C5R5PSTHQKQDFIMOP
0 10
0 11
1 13
1 17
2 20
2 22
3 9
3 15
4 9
4 18
5 6
5 7
6 10
6 30
7 8
7 30
8 23
8 28
9 31
9 32
10 29
10 35
11 21
11 35
12 8
12 14
13 2
13 34
14 11
14 23
15 2
15 32
16 16
16 19
17 4
17 34
18 1
18 31
19 16
19 19
20 3
20 33
21 12
21 24
22 1
22 33
23 21
23 27
24 0
24 14
25 0
25 6
26 3
26 4
27 7
27 12
28 5
28 27
29 5
29 25
30 28
30 29
31 17
31 26
32 20
32 26
33 13
33 15
34 18
34 22
35 24
35 25

# solution 234
# n=36 sym=rot4 status=verified source=flammenkamp_cache/n36_rot4
# code=oEI5ODEARGITY5QMQ3B67NW1RAG7XXZFKNV04VZ4CFK022SJP8Y3CSTOW9D9U16HJ8PLMBUHL
0 14
0 18
1 5
1 24
2 13
2 14
3 10
3 27
4 16
4 18
5 29
5 34
6 5
6 26
7 22
7 26
8 3
8 11
9 6
9 7
10 23
10 32
11 1
11 27
12 10
12 16
13 7
13 33
14 33
14 35
15 15
15 20
16 23
16 31
17 0
17 4
18 31
18 35
19 4
19 12
20 15
20 20
21 0
21 2
22 2
22 28
23 19
23 25
24 8
24 34
25 3
25 12
26 28
26 29
27 24
27 32
28 9
28 13
29 9
29 30
30 1
30 6
31 17
31 19
32 8
32 25
33 21
33 22
34 11
34 30
35 17
35 21

# solution 235
# n=36 sym=rot4 status=verified source=flammenkamp_cache/n36_rot4
# code=oDIJT8A89FIDF17JTWXCWLXCEOQUZAOUV1704VZSY45BP059BLN2E3N236GSYKMHKQRPR6GHM
0 13
0 18
1 19
1 29
2 8
2 10
3 8
3 9
4 15
4 18
5 13
5 15
6 1
6 7
7 19
7 29
8 32
8 33
9 12
9 32
10 21
10 33
11 12
11 14
12 24
12 26
13 30
13 35
14 10
14 24
15 30
15 31
16 1
16 7
17 0
17 4
18 31
18 35
19 28
19 34
20 4
20 5
21 11
21 25
22 0
22 5
23 9
23 11
24 21
24 23
25 2
25 14
26 3
26 23
27 2
27 3
28 6
28 16
29 28
29 34
30 20
30 22
31 17
31 20
32 26
32 27
33 25
33 27
34 6
34 16
35 17
35 22

# solution 236
# n=36 sym=rot4 status=verified source=flammenkamp_cache/n36_rot4
# code=o7NAGHTQV3HEQ2NPZDG357YDE06OROUFKRYVX2418FK5B8BTZLM1SUWJM0ACX9LIW496IJPCS
0 7
0 23
1 10
1 16
2 17
2 29
3 26
3 31
4 3
4 17
5 14
5 26
6 2
6 23
7 25
7 35
8 13
8 16
9 3
9 5
10 7
10 34
11 13
11 14
12 0
12 6
13 24
13 27
14 24
14 30
15 15
15 20
16 27
16 34
17 31
17 33
18 2
18 4
19 1
19 8
20 15
20 20
21 5
21 11
22 8
22 11
23 29
23 35
24 21
24 22
25 1
25 28
26 30
26 32
27 19
27 22
28 0
28 10
29 12
29 33
30 9
30 21
31 18
31 32
32 4
32 9
33 6
33 18
34 19
34 25
35 12
35 28

# solution 237
# n=36 sym=rot4 status=verified source=flammenkamp_cache/n36_rot4
# code=o5CIKCQOQHKTZ5GPR7A237R3MXZBGEL14MT1V4Y6DVYELJO02DW8SWXPS8AJU06FI9B9NFHNU
0 5
0 12
1 18
1 20
2 12
2 26
3 24
3 26
4 17
4 20
5 29
5 35
6 5
6 16
7 25
7 27
8 7
8 10
9 2
9 3
10 7
10 27
11 3
11 22
12 33
12 35
13 11
13 16
14 14
14 21
15 1
15 4
16 22
16 29
17 1
17 31
18 4
18 34
19 6
19 13
20 31
20 34
21 14
21 21
22 19
22 24
23 0
23 2
24 13
24 32
25 8
25 28
26 32
26 33
27 25
27 28
28 8
28 10
29 19
29 30
30 0
30 6
31 15
31 18
32 9
32 11
33 9
33 23
34 15
34 17
35 23
35 30

# solution 238
# n=36 sym=rot4 status=verified source=flammenkamp_cache/n36_rot4
# code=oCMIJ8TMV3HAO2F8ASXGOSU59FZ03ELNT1Q1V4Y9Y6CELWZ0KQU57BJ27PRKXBPIW4D6RGHDN
0 12
0 22
1 18
1 19
2 8
2 29
3 22
3 31
4 3
4 17
5 10
5 24
6 2
6 15
7 8
7 10
8 28
8 33
9 16
9 24
10 28
10 30
11 5
11 9
12 15
12 35
13 0
13 3
14 14
14 21
15 23
15 29
16 1
16 26
17 1
17 31
18 4
18 34
19 9
19 34
20 6
20 12
21 14
21 21
22 32
22 35
23 0
23 20
24 26
24 30
25 5
25 7
26 11
26 19
27 2
27 7
28 25
28 27
29 20
29 33
30 11
30 25
31 18
31 32
32 4
32 13
33 6
33 27
34 16
34 17
35 13
35 23

# solution 239
# n=36 sym=rot4 status=verified source=flammenkamp_cache/n36_rot4
# code=oBK9I6NDJHPGSOX59CFSY4D6Z2RPWEL0R3U1V4Y5W8ZEL3A8X0TMV17KNQU2B7JAIGMCTHQFO
0 11
0 20
1 9
1 18
2 6
2 23
3 13
3 19
4 17
4 25
5 16
5 28
6 24
6 33
7 5
7 9
8 12
8 15
9 28
9 34
10 4
10 13
11 6
11 35
12 2
12 27
13 25
13 32
14 14
14 21
15 0
15 27
16 3
16 30
17 1
17 31
18 4
18 34
19 5
19 32
20 8
20 35
21 14
21 21
22 3
22 10
23 8
23 33
24 0
24 29
25 22
25 31
26 1
26 7
27 20
27 23
28 26
28 30
29 2
29 11
30 7
30 19
31 10
31 18
32 16
32 22
33 12
33 29
34 17
34 26
35 15
35 24

# solution 240
# n=36 sym=rot4 status=verified source=flammenkamp_cache/n36_rot4
# code=oIXAG0L7RHNEK7CTW3KDP9YDG4TOQ2U58OY0V4Z1BRU5X9B6VJM1QAMFW36NSFLCI8SEZJP2H
0 18
0 33
1 10
1 16
2 0
2 21
3 7
3 27
4 17
4 23
5 14
5 20
6 7
6 12
7 29
7 32
8 3
8 20
9 13
9 25
10 9
10 34
11 13
11 16
12 4
12 29
13 24
13 26
14 2
14 30
15 5
15 8
16 24
16 34
17 0
17 31
18 4
18 35
19 1
19 11
20 27
20 30
21 5
21 33
22 9
22 11
23 6
23 31
24 19
24 22
25 1
25 26
26 10
26 22
27 15
27 32
28 3
28 6
29 23
29 28
30 15
30 21
31 12
31 18
32 8
32 28
33 14
33 35
34 19
34 25
35 2
35 17

# solution 241
# n=36 sym=rot4 status=verified source=flammenkamp_cache/n36_rot4
# code=oIKLQCPDEHP6T5U9BCK1S24DSRXOW1W08GJ0V4ZGJRZ3Y3B287MVX7YFNOQ5U6TAILMAN9EFH
0 18
0 20
1 21
1 26
2 12
2 25
3 13
3 14
4 17
4 25
5 6
5 29
6 5
6 30
7 9
7 11
8 12
8 20
9 1
9 28
10 2
10 4
11 13
11 28
12 27
12 33
13 24
13 32
14 1
14 32
15 0
15 8
16 16
16 19
17 0
17 31
18 4
18 35
19 16
19 19
20 27
20 35
21 3
21 34
22 3
22 11
23 2
23 8
24 7
24 22
25 31
25 33
26 7
26 34
27 15
27 23
28 24
28 26
29 5
29 30
30 6
30 29
31 10
31 18
32 21
32 22
33 10
33 23
34 9
34 14
35 15
35 17

# solution 242
# n=36 sym=rot4 status=verified source=flammenkamp_cache/n36_rot4
# code=oHPBQGMRV3HNT5PDG3E1O069Y5E2SNRFKSXVZ0427FK8C7XLU1QTZBYLWJMAU6CIW48DJ9OAI
0 17
0 25
1 11
1 26
2 16
2 22
3 27
3 31
4 3
4 17
5 23
5 29
6 5
6 25
7 13
7 16
8 3
8 14
9 1
9 24
10 0
10 6
11 9
11 34
12 5
12 14
13 2
13 28
14 23
14 27
15 15
15 20
16 28
16 33
17 31
17 35
18 0
18 4
19 2
19 7
20 15
20 20
21 8
21 12
22 7
22 33
23 21
23 30
24 1
24 26
25 29
25 35
26 11
26 34
27 21
27 32
28 19
28 22
29 10
29 30
30 6
30 12
31 18
31 32
32 4
32 8
33 13
33 19
34 9
34 24
35 10
35 18

# solution 243
# n=36 sym=rot4 status=verified source=flammenkamp_cache/n36_rot4
# code=oAMBTILISASLN1834QT8CVZJY5Q0K25DGBK23WXFOJMUXFZ9U1G04NR69VWRYCE7P7HEH6ODP
0 10
0 22
1 11
1 29
2 18
2 21
3 18
3 28
4 10
4 28
5 21
5 23
6 1
6 8
7 3
7 4
8 26
8 29
9 8
9 12
10 31
10 35
11 19
11 34
12 5
12 26
13 0
13 20
14 2
14 5
15 13
15 16
16 11
16 20
17 2
17 3
18 32
18 33
19 15
19 24
20 19
20 22
21 30
21 33
22 15
22 35
23 9
23 30
24 1
24 16
25 0
25 4
26 23
26 27
27 6
27 9
28 31
28 32
29 27
29 34
30 12
30 14
31 7
31 25
32 7
32 17
33 14
33 17
34 6
34 24
35 13
35 25

# solution 244
# n=36 sym=rot4 status=verified source=flammenkamp_cache/n36_rot4
# code=oCQLSEIDI4VJPCR1B6Q085KDSTZOW1XAG5K23WXFUJP2Y3B067MFURZ9TOY8NAG4VHMHL7E9N
0 12
0 26
1 21
1 28
2 14
2 18
3 13
3 18
4 4
4 31
5 19
5 25
6 12
6 27
7 1
7 11
8 6
8 26
9 0
9 8
10 5
10 20
11 13
11 28
12 29
12 35
13 24
13 32
14 1
14 33
15 10
15 16
16 5
16 20
17 2
17 3
18 32
18 33
19 15
19 30
20 19
20 25
21 2
21 34
22 3
22 11
23 0
23 6
24 7
24 22
25 15
25 30
26 27
26 35
27 9
27 29
28 24
28 34
29 8
29 23
30 10
30 16
31 4
31 31
32 17
32 22
33 17
33 21
34 7
34 14
35 9
35 23

# solution 245
# n=36 sym=rot4 status=verified source=flammenkamp_cache/n36_rot4
# code=oGNBQIQEI6SDNRV4G6D12FLFY05RUAWOPSZ23WX07AB3P58UZ1KEKXYMTJV48CM7THL9H9OCJ
0 16
0 23
1 11
1 26
2 18
2 26
3 14
3 18
4 6
4 28
5 13
5 23
6 27
6 31
7 4
7 16
8 6
8 13
9 1
9 2
10 15
10 21
11 15
11 34
12 0
12 5
13 27
13 30
14 10
14 32
15 24
15 25
16 28
16 35
17 2
17 3
18 32
18 33
19 0
19 7
20 10
20 11
21 3
21 25
22 5
22 8
23 30
23 35
24 1
24 20
25 14
25 20
26 33
26 34
27 22
27 29
28 19
28 31
29 4
29 8
30 12
30 22
31 7
31 29
32 17
32 21
33 9
33 17
34 9
34 24
35 12
35 19

# solution 246
# n=36 sym=rot4 status=verified source=flammenkamp_cache/n36_rot4
# code=o6FIN5MBI8Q7XJZOUFV4P9C7W1P2GELRZ6M13WYDT08ELJXAY3SNQAV4K5B0G2S9RHODUCHKT
0 6
0 15
1 18
1 23
2 5
2 22
3 11
3 18
4 8
4 26
5 7
5 33
6 19
6 35
7 24
7 30
8 15
8 31
9 4
9 25
10 9
10 12
11 7
11 32
12 1
12 25
13 2
13 16
14 14
14 21
15 27
15 35
16 6
16 22
17 1
17 3
18 32
18 34
19 13
19 29
20 0
20 8
21 14
21 21
22 19
22 33
23 10
23 34
24 3
24 28
25 23
25 26
26 10
26 31
27 4
27 20
28 5
28 11
29 0
29 16
30 2
30 28
31 9
31 27
32 17
32 24
33 13
33 30
34 12
34 17
35 20
35 29

# solution 247
# n=36 sym=rot4 status=verified source=flammenkamp_cache/n36_rot4
# code=o6QIVNPIU183DMZJR7V0L2OAE2G6U9OFK7N13WYCSFKBQ5TJXLPBXEZ4S8G0DMWRY5HAC4H9T
0 6
0 26
1 18
1 31
2 23
2 25
3 18
3 30
4 1
4 8
5 3
5 13
6 22
6 35
7 19
7 27
8 7
8 31
9 0
9 21
10 2
10 24
11 10
11 14
12 2
12 16
13 6
13 30
14 9
14 24
15 15
15 20
16 7
16 23
17 1
17 3
18 32
18 34
19 12
19 28
20 15
20 20
21 11
21 26
22 5
22 29
23 19
23 33
24 21
24 25
25 11
25 33
26 14
26 35
27 4
27 28
28 8
28 16
29 0
29 13
30 22
30 32
31 27
31 34
32 5
32 17
33 10
33 12
34 4
34 17
35 9
35 29

# solution 248
# n=36 sym=rot4 status=verified source=flammenkamp_cache/n36_rot4
# code=oMRBIDPIPGLQT5K7S0E5K23NYBG0X4R69NV13WY4CQT8V2ZJO1CWXFULZ7SFU69EJAHAMHO8D
0 22
0 27
1 11
1 18
2 13
2 25
3 18
3 25
4 16
4 21
5 26
5 29
6 5
6 20
7 7
7 28
8 0
8 14
9 5
9 20
10 2
10 3
11 23
11 34
12 11
12 16
13 0
13 33
14 4
14 27
15 6
15 9
16 23
16 31
17 1
17 3
18 32
18 34
19 4
19 12
20 26
20 29
21 8
21 31
22 2
22 35
23 19
23 24
24 1
24 12
25 32
25 33
26 15
26 30
27 21
27 35
28 7
28 28
29 15
29 30
30 6
30 9
31 14
31 19
32 10
32 17
33 10
33 22
34 17
34 24
35 8
35 13

# solution 249
# n=36 sym=rot4 status=verified source=flammenkamp_cache/n36_rot4
# code=o7GHLCT8I5MBV2QFZNW6EBJPU8X4F1QMSAZ3Y1W0P7D9YKV2R5AGOLT3C0K9X4ODUHR6NEIJS
0 7
0 16
1 17
1 21
2 12
2 29
3 8
3 18
4 5
4 22
5 11
5 31
6 2
6 26
7 15
7 35
8 23
8 32
9 6
9 14
10 11
10 19
11 25
11 30
12 8
12 33
13 4
13 15
14 1
14 26
15 22
15 28
16 10
16 35
17 3
17 34
18 1
18 32
19 0
19 25
20 7
20 13
21 9
21 34
22 20
22 31
23 2
23 27
24 5
24 10
25 16
25 24
26 21
26 29
27 3
27 12
28 0
28 20
29 9
29 33
30 4
30 24
31 13
31 30
32 17
32 27
33 6
33 23
34 14
34 18
35 19
35 28

# solution 250
# n=36 sym=rot4 status=verified source=flammenkamp_cache/n36_rot4
# code=oIO6L9TEI5QBV2YFJAC4XJR0UMRCF1WMS7A03WZPS7D3YKN8D5Z8G2VNPGK1X4O9UHL6QETBH
0 18
0 24
1 6
1 21
2 9
2 29
3 14
3 18
4 5
4 26
5 11
5 31
6 2
6 34
7 15
7 19
8 10
8 12
9 4
9 33
10 19
10 27
11 0
11 30
12 22
12 27
13 12
13 15
14 1
14 32
15 22
15 28
16 7
16 10
17 0
17 3
18 32
18 35
19 25
19 28
20 7
20 13
21 3
21 34
22 20
22 23
23 8
23 13
24 5
24 35
25 8
25 16
26 2
26 31
27 23
27 25
28 16
28 20
29 1
29 33
30 4
30 24
31 9
31 30
32 17
32 21
33 6
33 26
34 14
34 29
35 11
35 17

# solution 251
# n=36 sym=rot4 status=verified source=flammenkamp_cache/n36_rot4
# code=oEIUX1Q6IFJ1BRWNP6F2M7NGU7A9EMZRV4O03WZBV480DLQPS5JCSDXKTAC38OYGKHT9Y25HL
0 14
0 18
1 30
1 33
2 1
2 26
3 6
3 18
4 15
4 19
5 1
5 11
6 27
6 32
7 23
7 25
8 6
8 15
9 2
9 22
10 7
10 23
11 16
11 30
12 7
12 10
13 9
13 14
14 22
14 35
15 27
15 31
16 4
16 24
17 0
17 3
18 32
18 35
19 11
19 31
20 4
20 8
21 0
21 13
22 21
22 26
23 25
23 28
24 5
24 19
25 12
25 28
26 13
26 33
27 20
27 29
28 10
28 12
29 3
29 8
30 24
30 34
31 16
31 20
32 17
32 29
33 9
33 34
34 2
34 5
35 17
35 21

# solution 252
# n=36 sym=rot4 status=verified source=flammenkamp_cache/n36_rot4
# code=oEI2UQY6IFJ1BRWNP6F2M7NGU7A9EMZRV4O03WZBV480DLQPS5JCSDXKTAC38OYGKHT195XHL
0 14
0 18
1 2
1 30
2 26
2 34
3 6
3 18
4 15
4 19
5 1
5 11
6 27
6 32
7 23
7 25
8 6
8 15
9 2
9 22
10 7
10 23
11 16
11 30
12 7
12 10
13 9
13 14
14 22
14 35
15 27
15 31
16 4
16 24
17 0
17 3
18 32
18 35
19 11
19 31
20 4
20 8
21 0
21 13
22 21
22 26
23 25
23 28
24 5
24 19
25 12
25 28
26 13
26 33
27 20
27 29
28 10
28 12
29 3
29 8
30 24
30 34
31 16
31 20
32 17
32 29
33 1
33 9
34 5
34 33
35 17
35 21

# solution 253
# n=36 sym=rot4 status=verified source=flammenkamp_cache/n36_rot4
# code=oIWLQ9C0IFPOSAG5JFN1X4T5D8XEO1MRV7T03WZ6S48DYBL2RMU6V2YCKGUJP7BAKHZNQ9E3H
0 18
0 32
1 21
1 26
2 9
2 12
3 0
3 18
4 15
4 25
5 24
5 28
6 10
6 16
7 5
7 19
8 15
8 23
9 1
9 33
10 4
10 29
11 5
11 13
12 8
12 33
13 14
13 24
14 1
14 22
15 27
15 31
16 7
16 29
17 0
17 3
18 32
18 35
19 6
19 28
20 4
20 8
21 13
21 34
22 11
22 21
23 2
23 27
24 22
24 30
25 6
25 31
26 2
26 34
27 12
27 20
28 16
28 30
29 19
29 25
30 7
30 11
31 10
31 20
32 17
32 35
33 23
33 26
34 9
34 14
35 3
35 17

# solution 254
# n=36 sym=rot4 status=verified source=flammenkamp_cache/n36_rot4
# code=oDIDOAQIPEJ6BQU8NJS263X1U7EYZNVFK4803WZRVFK4C01LS5Y2WTX7GCR59OTGLAH9PBMHM
0 13
0 18
1 13
1 24
2 10
2 26
3 18
3 25
4 14
4 19
5 6
5 11
6 26
6 30
7 8
7 23
8 19
8 28
9 2
9 6
10 3
10 33
11 1
11 30
12 7
12 14
13 34
13 35
14 23
14 31
15 15
15 20
16 4
16 8
17 0
17 3
18 32
18 35
19 27
19 31
20 15
20 20
21 4
21 12
22 0
22 1
23 21
23 28
24 5
24 34
25 2
25 32
26 29
26 33
27 7
27 16
28 12
28 27
29 5
29 9
30 24
30 29
31 16
31 21
32 10
32 17
33 9
33 25
34 11
34 22
35 17
35 22

# solution 255
# n=36 sym=rot4 status=verified source=flammenkamp_cache/n36_rot4
# code=oAIJLAMIQ79LT5CFVMO3VXZ8KGT2815BS1N03WZCY7OUYRX6JFR024WBD4KNU6EQS9HDPEGHP
0 10
0 18
1 19
1 21
2 10
2 22
3 18
3 26
4 7
4 9
5 21
5 29
6 5
6 12
7 15
7 31
8 22
8 24
9 3
9 31
10 33
10 35
11 8
11 20
12 16
12 29
13 2
13 8
14 1
14 5
15 11
15 28
16 1
16 23
17 0
17 3
18 32
18 35
19 12
19 34
20 7
20 24
21 30
21 34
22 27
22 33
23 6
23 19
24 15
24 27
25 0
25 2
26 4
26 32
27 11
27 13
28 4
28 20
29 23
29 30
30 6
30 14
31 26
31 28
32 9
32 17
33 13
33 25
34 14
34 16
35 17
35 25

# solution 256
# n=36 sym=rot4 status=verified source=flammenkamp_cache/n36_rot4
# code=oGHBDKQIP67BD9VNVEG2T3KUY7EUYNR2ARZ3Z0W08PX8C15LS15FW6XJL4C4QMOSTAH9FMOIJ
0 16
0 17
1 11
1 13
2 20
2 26
3 18
3 25
4 6
4 7
5 11
5 13
6 9
6 31
7 23
7 31
8 14
8 16
9 2
9 29
10 3
10 20
11 30
11 34
12 7
12 14
13 30
13 34
14 23
14 27
15 2
15 10
16 27
16 35
17 3
17 35
18 0
18 32
19 0
19 8
20 25
20 33
21 8
21 12
22 1
22 5
23 21
23 28
24 1
24 5
25 15
25 32
26 6
26 33
27 19
27 21
28 4
28 12
29 4
29 26
30 22
30 24
31 28
31 29
32 10
32 17
33 9
33 15
34 22
34 24
35 18
35 19

# solution 257
# n=36 sym=rot4 status=verified source=flammenkamp_cache/n36_rot4
# code=oDHDOAQIPEJ6BQU8NJS263X1U7EYZNVFK483Z0WRVFK4C01LS5Y2WTX7GCR59OTGLAH9PBMIM
0 13
0 17
1 13
1 24
2 10
2 26
3 18
3 25
4 14
4 19
5 6
5 11
6 26
6 30
7 8
7 23
8 19
8 28
9 2
9 6
10 3
10 33
11 1
11 30
12 7
12 14
13 34
13 35
14 23
14 31
15 15
15 20
16 4
16 8
17 3
17 35
18 0
18 32
19 27
19 31
20 15
20 20
21 4
21 12
22 0
22 1
23 21
23 28
24 5
24 34
25 2
25 32
26 29
26 33
27 7
27 16
28 12
28 27
29 5
29 9
30 24
30 29
31 16
31 21
32 10
32 17
33 9
33 25
34 11
34 22
35 18
35 22

# solution 258
# n=36 sym=rot4 status=verified source=flammenkamp_cache/n36_rot4
# code=o9HLSCE9I8SMT5B14JVWZCFMTPX5B1XGP8K3Z0WFRAJ2YOU2A6DKN034GVYOU6D7RHQLN7EIQ
0 9
0 17
1 21
1 28
2 12
2 14
3 9
3 18
4 8
4 28
5 22
5 29
6 5
6 11
7 1
7 4
8 19
8 31
9 32
9 35
10 12
10 15
11 22
11 29
12 25
12 33
13 5
13 11
14 1
14 33
15 16
15 25
16 8
16 20
17 3
17 35
18 0
18 32
19 15
19 27
20 10
20 19
21 2
21 34
22 24
22 30
23 2
23 10
24 6
24 13
25 20
25 23
26 0
26 3
27 4
27 16
28 31
28 34
29 24
29 30
30 6
30 13
31 7
31 27
32 17
32 26
33 21
33 23
34 7
34 14
35 18
35 26

# solution 259
# n=36 sym=rot4 status=verified source=flammenkamp_cache/n36_rot4
# code=o9H4PPRIJEYKT5BCQ2K7Z12MTJSBEMV583C3Z0WNWRU4DLO7G6DXY0SFX9NOU6F1LGH8AAVIQ
0 9
0 17
1 4
1 25
2 25
2 27
3 18
3 19
4 14
4 34
5 20
5 29
6 5
6 11
7 12
7 26
8 2
8 20
9 7
9 35
10 1
10 2
11 22
11 29
12 19
12 28
13 11
13 14
14 22
14 31
15 5
15 8
16 3
16 12
17 3
17 35
18 0
18 32
19 23
19 32
20 27
20 30
21 4
21 13
22 21
22 24
23 7
23 16
24 6
24 13
25 33
25 34
26 0
26 28
27 15
27 33
28 9
28 23
29 24
29 30
30 6
30 15
31 1
31 21
32 16
32 17
33 8
33 10
34 10
34 31
35 18
35 26

# solution 260
# n=36 sym=rot4 status=verified source=flammenkamp_cache/n36_rot4
# code=oBVHJ9CHU0C3MGS68OSEXEM8ZVX5APQFK1TWY136YFK9APU240RDL2L7BRT7JDWNZ5INQGI4O
0 11
0 31
1 17
1 19
2 9
2 12
3 17
3 30
4 0
4 12
5 3
5 22
6 16
6 28
7 6
7 8
8 24
8 28
9 14
9 33
10 14
10 22
11 8
11 35
12 31
12 33
13 5
13 10
14 25
14 26
15 15
15 20
16 1
16 29
17 32
17 34
18 1
18 3
19 6
19 34
20 15
20 20
21 9
21 10
22 25
22 30
23 2
23 4
24 0
24 27
25 13
25 21
26 2
26 21
27 7
27 11
28 27
28 29
29 7
29 19
30 13
30 32
31 23
31 35
32 5
32 18
33 23
33 26
34 16
34 18
35 4
35 24

# solution 261
# n=36 sym=rot4 status=verified source=flammenkamp_cache/n36_rot4
# code=oIM7RGK9HNOEK79TY1JTWDL4C4O0PAU258X0W3Z2RUX5PAZBVNVEM36GY16QSFLBCIQFJ8SDH
0 18
0 22
1 7
1 27
2 16
2 20
3 9
3 17
4 23
4 24
5 14
5 20
6 7
6 9
7 29
7 34
8 1
8 19
9 29
9 32
10 13
10 21
11 4
11 12
12 4
12 24
13 0
13 25
14 10
14 30
15 2
15 5
16 8
16 33
17 0
17 32
18 3
18 35
19 2
19 27
20 30
20 33
21 5
21 25
22 10
22 35
23 11
23 31
24 23
24 31
25 14
25 22
26 3
26 6
27 16
27 34
28 1
28 6
29 26
29 28
30 15
30 21
31 11
31 12
32 18
32 26
33 15
33 19
34 8
34 28
35 13
35 17

# solution 262
# n=36 sym=rot4 status=verified source=flammenkamp_cache/n36_rot4
# code=o5IOPGMEH58VZ9JMNEVAT1Q1F7F27RWNO6X0W3Z2TBC38SXKSKY9Y6P4LCDGQ04RUILDJABHU
0 5
0 18
1 24
1 25
2 16
2 22
3 14
3 17
4 5
4 8
5 31
5 35
6 9
6 19
7 22
7 23
8 14
8 31
9 10
9 29
10 1
10 26
11 1
11 15
12 7
12 15
13 2
13 7
14 27
14 32
15 23
15 24
16 6
16 33
17 0
17 32
18 3
18 35
19 2
19 29
20 11
20 12
21 3
21 8
22 28
22 33
23 20
23 28
24 20
24 34
25 9
25 34
26 6
26 25
27 4
27 21
28 12
28 13
29 16
29 26
30 0
30 4
31 27
31 30
32 18
32 21
33 13
33 19
34 10
34 11
35 17
35 30

# solution 263
# n=36 sym=rot4 status=verified source=flammenkamp_cache/n36_rot4
# code=oHPDOGSCHQTCS4Q25BF460G1RUWLYDFLRPXWZ032A8EKM1E358YJZTVKOUX9V7N69IN7JBMAI
0 17
0 25
1 13
1 24
2 16
2 28
3 12
3 17
4 26
4 29
5 12
5 28
6 4
6 26
7 2
7 5
8 11
8 15
9 4
9 6
10 0
10 16
11 1
11 27
12 30
12 32
13 21
13 34
14 13
14 15
15 21
15 27
16 25
16 33
17 32
17 35
18 0
18 3
19 2
19 10
20 8
20 14
21 20
21 22
22 1
22 14
23 3
23 5
24 8
24 34
25 19
25 35
26 29
26 31
27 20
27 24
28 30
28 33
29 9
29 31
30 7
30 23
31 6
31 9
32 18
32 23
33 7
33 19
34 11
34 22
35 10
35 18

# solution 264
# n=36 sym=rot4 status=verified source=flammenkamp_cache/n36_rot4
# code=oAHNUEMHMPT194B8FLSOU4Z9T1F238XNSGJWZ03GJ7C2RWXKY6Q0V5B7EKROVQY6ADIDL5CIP
0 10
0 17
1 23
1 30
2 14
2 22
3 17
3 22
4 25
4 29
5 1
5 9
6 4
6 11
7 8
7 15
8 21
8 28
9 24
9 30
10 4
10 35
11 9
11 29
12 1
12 15
13 2
13 3
14 8
14 33
15 23
15 28
16 16
16 19
17 32
17 35
18 0
18 3
19 16
19 19
20 7
20 12
21 2
21 27
22 32
22 33
23 20
23 34
24 6
24 26
25 0
25 31
26 5
26 11
27 7
27 14
28 20
28 27
29 24
29 31
30 26
30 34
31 6
31 10
32 13
32 18
33 13
33 21
34 5
34 12
35 18
35 25

# solution 265
# n=36 sym=rot4 status=verified source=flammenkamp_cache/n36_rot4
# code=o3AIKIMPZ8O9B8GJMTVEU3Z4UEF27NQ1N7T12XY6SCY9CSXKL5V0W5L46DGJROQBR0ADHFHPW
0 3
0 10
1 18
1 20
2 18
2 22
3 25
3 35
4 8
4 24
5 9
5 11
6 8
6 16
7 19
7 22
8 29
8 31
9 14
9 30
10 3
10 35
11 4
11 30
12 14
12 15
13 2
13 7
14 23
14 26
15 1
15 23
16 7
16 29
17 1
17 2
18 33
18 34
19 6
19 28
20 12
20 34
21 9
21 12
22 28
22 33
23 20
23 21
24 5
24 31
25 0
25 32
26 5
26 21
27 4
27 6
28 13
28 16
29 19
29 27
30 24
30 26
31 11
31 27
32 0
32 10
33 13
33 17
34 15
34 17
35 25
35 32

# solution 266
# n=36 sym=rot4 status=verified source=flammenkamp_cache/n36_rot4
# code=oIRCFIM6RAE5UBWKL03BDGVQTGY2Q7V7YNP02XZAC1S4S9X1J694JMOWZEF3O5ULP8TDHKN8H
0 18
0 27
1 12
1 15
2 18
2 22
3 6
3 27
4 10
4 14
5 5
5 30
6 11
6 32
7 20
7 21
8 0
8 3
9 11
9 13
10 16
10 31
11 26
11 29
12 16
12 34
13 2
13 26
14 7
14 31
15 7
15 34
16 23
16 25
17 0
17 2
18 33
18 35
19 10
19 12
20 1
20 28
21 4
21 28
22 9
22 33
23 1
23 19
24 6
24 9
25 4
25 19
26 22
26 24
27 32
27 35
28 14
28 15
29 3
29 24
30 5
30 30
31 21
31 25
32 8
32 29
33 13
33 17
34 20
34 23
35 8
35 17

# solution 267
# n=36 sym=rot4 status=verified source=flammenkamp_cache/n36_rot4
# code=oIMFPFI4QTW8L4EBQGU371BPSCN0G5TXYMR02XZ8D126UJZCN7AOYSW5J9OLVER369VHKAKDH
0 18
0 22
1 15
1 25
2 15
2 18
3 4
3 26
4 29
4 32
5 8
5 21
6 4
6 14
7 11
7 26
8 16
8 30
9 3
9 7
10 1
10 11
11 25
11 28
12 12
12 23
13 0
13 16
14 5
14 29
15 33
15 34
16 22
16 27
17 0
17 2
18 33
18 35
19 8
19 13
20 1
20 2
21 6
21 30
22 19
22 35
23 12
23 23
24 7
24 10
25 24
25 34
26 28
26 32
27 5
27 19
28 9
28 24
29 21
29 31
30 14
30 27
31 3
31 6
32 9
32 31
33 17
33 20
34 10
34 20
35 13
35 17

# solution 268
# n=36 sym=rot4 status=verified source=flammenkamp_cache/n36_rot4
# code=oFPISHONP8E67OU1UJVDE03263FGQQVNZ8M1X2YDR0C499JKWTXWZLM4G5Y5BSTLRACBI7HAK
0 15
0 25
1 18
1 28
2 17
2 24
3 23
3 25
4 8
4 14
5 6
5 7
6 24
6 30
7 1
7 30
8 19
8 31
9 13
9 14
10 0
10 3
11 2
11 6
12 3
12 15
13 16
13 26
14 26
14 31
15 23
15 35
16 8
16 22
17 1
17 33
18 2
18 34
19 13
19 27
20 0
20 12
21 4
21 9
22 9
22 19
23 20
23 32
24 29
24 33
25 32
25 35
26 21
26 22
27 4
27 16
28 5
28 34
29 5
29 11
30 28
30 29
31 21
31 27
32 10
32 12
33 11
33 18
34 7
34 17
35 10
35 20

# solution 269
# n=36 sym=rot4 status=verified source=flammenkamp_cache/n36_rot4
# code=oIX7D0HJQCOCQAEJYMP358T4EUV8YOTFK370X2ZSWFK6B1R45LV6RUWAD1GLP9NBN9GIZMS2H
0 18
0 33
1 7
1 13
2 0
2 17
3 19
3 26
4 12
4 24
5 12
5 26
6 10
6 14
7 19
7 34
8 22
8 25
9 3
9 5
10 8
10 29
11 4
11 14
12 30
12 31
13 8
13 34
14 24
14 29
15 15
15 20
16 3
16 7
17 0
17 33
18 2
18 35
19 28
19 32
20 15
20 20
21 6
21 11
22 1
22 27
23 4
23 5
24 21
24 31
25 6
25 27
26 30
26 32
27 10
27 13
28 1
28 16
29 21
29 25
30 9
30 23
31 11
31 23
32 9
32 16
33 18
33 35
34 22
34 28
35 2
35 17

# solution 270
# n=36 sym=rot4 status=verified source=flammenkamp_cache/n36_rot4
# code=oHKCOHODTFU4T35AGLPDL8S12GYQW890VNSXZ027C4ZQR391JXY7REMAEJPUW6V5K6MBIBNFI
0 17
0 20
1 12
1 24
2 17
2 24
3 13
3 29
4 15
4 30
5 4
5 29
6 3
6 5
7 10
7 16
8 21
8 25
9 13
9 21
10 8
10 28
11 1
11 2
12 16
12 34
13 26
13 32
14 8
14 9
15 0
15 31
16 23
16 28
17 33
17 35
18 0
18 2
19 7
19 12
20 4
20 35
21 26
21 27
22 3
22 9
23 1
23 19
24 33
24 34
25 7
25 27
26 14
26 22
27 10
27 14
28 19
28 25
29 30
29 32
30 6
30 31
31 5
31 20
32 6
32 22
33 11
33 18
34 11
34 23
35 15
35 18

# solution 271
# n=36 sym=rot4 status=verified source=flammenkamp_cache/n36_rot4
# code=oHKCOHODT5FTV35AGLPDL8S12GYQW890VNSXZ027C4ZQR391JXY7REMAEJPUW46KU6MBIBNFI
0 17
0 20
1 12
1 24
2 17
2 24
3 13
3 29
4 5
4 15
5 29
5 31
6 3
6 5
7 10
7 16
8 21
8 25
9 13
9 21
10 8
10 28
11 1
11 2
12 16
12 34
13 26
13 32
14 8
14 9
15 0
15 31
16 23
16 28
17 33
17 35
18 0
18 2
19 7
19 12
20 4
20 35
21 26
21 27
22 3
22 9
23 1
23 19
24 33
24 34
25 7
25 27
26 14
26 22
27 10
27 14
28 19
28 25
29 30
29 32
30 4
30 6
31 20
31 30
32 6
32 22
33 11
33 18
34 11
34 23
35 15
35 18

# solution 272
# n=36 sym=rot4 status=verified source=flammenkamp_cache/n36_rot4
# code=o3H9LBHKZ8A6PFUMQBV7Y5VRXJM7C1G3TCLXZ02EN6WJYNSDG284U1S4O9D5KATPR0FIOEQIW
0 3
0 17
1 9
1 21
2 11
2 17
3 20
3 35
4 8
4 10
5 6
5 25
6 15
6 30
7 22
7 26
8 11
8 31
9 7
9 34
10 5
10 31
11 27
11 33
12 19
12 22
13 7
13 12
14 1
14 16
15 3
15 29
16 12
16 21
17 33
17 35
18 0
18 2
19 14
19 23
20 6
20 32
21 19
21 34
22 23
22 28
23 13
23 16
24 2
24 8
25 4
25 30
26 1
26 28
27 4
27 24
28 9
28 13
29 5
29 20
30 10
30 29
31 25
31 27
32 0
32 15
33 18
33 24
34 14
34 26
35 18
35 32

# solution 273
# n=36 sym=rot4 status=verified source=flammenkamp_cache/n36_rot4
# code=oHV8NHM9N0SDT5B4FOYGWAP8T132UGKESLQXZ029E7LFJ5XWY6RAP3J1BKVOU6M7ZCQDICR4I
0 17
0 31
1 8
1 23
2 17
2 22
3 9
3 23
4 0
4 28
5 13
5 29
6 5
6 11
7 4
7 15
8 24
8 34
9 16
9 32
10 10
10 25
11 8
11 29
12 1
12 3
13 2
13 30
14 16
14 20
15 14
15 28
16 21
16 26
17 33
17 35
18 0
18 2
19 9
19 14
20 7
20 21
21 15
21 19
22 5
22 33
23 32
23 34
24 6
24 27
25 10
25 25
26 3
26 19
27 1
27 11
28 20
28 31
29 24
29 30
30 6
30 22
31 7
31 35
32 12
32 26
33 13
33 18
34 12
34 27
35 4
35 18

# solution 274
# n=36 sym=rot4 status=verified source=flammenkamp_cache/n36_rot4
# code=oIUBIEFNU8O038AJMTVAJQT4Y3F7EMXNX7901YZQS2C2DLSKW1V69GP46DGPRWZBR5CKLHO5H
0 18
0 30
1 11
1 18
2 14
2 15
3 23
3 30
4 8
4 24
5 0
5 3
6 8
6 10
7 19
7 22
8 29
8 31
9 10
9 19
10 26
10 29
11 4
11 34
12 3
12 15
13 7
13 14
14 22
14 33
15 23
15 33
16 7
16 9
17 0
17 1
18 34
18 35
19 26
19 28
20 2
20 12
21 2
21 13
22 21
22 28
23 20
23 32
24 1
24 31
25 6
25 9
26 16
26 25
27 4
27 6
28 13
28 16
29 25
29 27
30 32
30 35
31 11
31 27
32 5
32 12
33 20
33 21
34 17
34 24
35 5
35 17

# solution 275
# n=36 sym=rot4 status=verified source=flammenkamp_cache/n36_rot4
# code=oAIIL8K6QJN9SEW5GDX3UBZKP4DNR1T2B4S01YZ7VOX6Y8CMVAF0O5W2MJU3L7QCG9TFREHHP
0 10
0 18
1 18
1 21
2 8
2 20
3 6
3 26
4 19
4 23
5 9
5 28
6 14
6 32
7 5
7 16
8 13
8 33
9 3
9 30
10 11
10 35
11 20
11 25
12 4
12 13
13 23
13 27
14 1
14 29
15 2
15 11
16 4
16 28
17 0
17 1
18 34
18 35
19 7
19 31
20 24
20 33
21 6
21 34
22 8
22 12
23 22
23 31
24 10
24 15
25 0
25 24
26 5
26 32
27 2
27 22
28 19
28 30
29 3
29 21
30 7
30 26
31 12
31 16
32 9
32 29
33 15
33 27
34 14
34 17
35 17
35 25

# solution 276
# n=36 sym=rot4 status=verified source=flammenkamp_cache/n36_rot4
# code=oHXIO09DNBU46EU9JGNSXEM1V38AWPTFK7R1Z0Y8SFK6A3PRW4YDL27CJGQ5LTV5OCMQZBH2I
0 17
0 33
1 18
1 24
2 0
2 9
3 13
3 23
4 11
4 30
5 4
5 6
6 14
6 30
7 9
7 19
8 16
8 23
9 28
9 33
10 14
10 22
11 1
11 31
12 3
12 8
13 10
13 32
14 25
14 29
15 15
15 20
16 7
16 27
17 1
17 35
18 0
18 34
19 8
19 28
20 15
20 20
21 6
21 10
22 3
22 25
23 27
23 32
24 4
24 34
25 13
25 21
26 2
26 7
27 12
27 19
28 16
28 26
29 5
29 21
30 29
30 31
31 5
31 24
32 12
32 22
33 26
33 35
34 11
34 17
35 2
35 18

# solution 277
# n=36 sym=rot4 status=verified source=flammenkamp_cache/n36_rot4
# code=oHXBI09DNBU46EU9JGNSXEMVY38AWPTFK7R1Z0Y8SFK6A3PRW14DL27CJGQ5LTV5OCMQZHO2I
0 17
0 33
1 11
1 18
2 0
2 9
3 13
3 23
4 11
4 30
5 4
5 6
6 14
6 30
7 9
7 19
8 16
8 23
9 28
9 33
10 14
10 22
11 31
11 34
12 3
12 8
13 10
13 32
14 25
14 29
15 15
15 20
16 7
16 27
17 1
17 35
18 0
18 34
19 8
19 28
20 15
20 20
21 6
21 10
22 3
22 25
23 27
23 32
24 1
24 4
25 13
25 21
26 2
26 7
27 12
27 19
28 16
28 26
29 5
29 21
30 29
30 31
31 5
31 24
32 12
32 22
33 26
33 35
34 17
34 24
35 2
35 18

# solution 278
# n=36 sym=rot4 status=verified source=flammenkamp_cache/n36_rot4
# code=o3H8HCORZCQFJEMJQ3Y47MO2AVX6AFTLU57YZ01SU5E6KPT24PXBDSV1W9GDLGK9N08BNIRIW
0 3
0 17
1 8
1 17
2 12
2 24
3 27
3 35
4 12
4 26
5 15
5 19
6 14
6 22
7 19
7 26
8 3
8 34
9 4
9 7
10 22
10 24
11 2
11 10
12 31
12 33
13 6
13 10
14 15
14 29
15 21
15 30
16 5
16 7
17 34
17 35
18 0
18 1
19 28
19 30
20 5
20 14
21 6
21 20
22 25
22 29
23 2
23 4
24 25
24 33
25 11
25 13
26 28
26 31
27 1
27 32
28 9
28 16
29 13
29 21
30 16
30 20
31 9
31 23
32 0
32 8
33 11
33 23
34 18
34 27
35 18
35 32

# solution 279
# n=36 sym=rot4 status=verified source=flammenkamp_cache/n36_rot4
# code=oHKHQCRJMOP6GBU9K2N1S4D4T8X3PEL073UYZ015WSZELAW2R6VMV7YCXFQ5OJTABDG8N9IFI
0 17
0 20
1 17
1 26
2 12
2 27
3 19
3 22
4 24
4 25
5 6
5 16
6 11
6 30
7 9
7 20
8 2
8 23
9 1
9 28
10 4
10 13
11 4
11 29
12 8
12 33
13 3
13 25
14 14
14 21
15 0
15 7
16 3
16 30
17 34
17 35
18 0
18 1
19 5
19 32
20 28
20 35
21 14
21 21
22 10
22 32
23 2
23 27
24 6
24 31
25 22
25 31
26 7
26 34
27 12
27 33
28 15
28 26
29 5
29 24
30 19
30 29
31 10
31 11
32 13
32 16
33 8
33 23
34 9
34 18
35 15
35 18

# solution 280
# n=36 sym=rot4 status=verified source=flammenkamp_cache/n36_rot4
# code=oHKHQCRJMOP6GBUKQ2N174D4T8X3PEL073UYZ015WSZELAW2R6VMVSYCX9F5OJTABDG8N9IFI
0 17
0 20
1 17
1 26
2 12
2 27
3 19
3 22
4 24
4 25
5 6
5 16
6 11
6 30
7 20
7 26
8 2
8 23
9 1
9 7
10 4
10 13
11 4
11 29
12 8
12 33
13 3
13 25
14 14
14 21
15 0
15 7
16 3
16 30
17 34
17 35
18 0
18 1
19 5
19 32
20 28
20 35
21 14
21 21
22 10
22 32
23 2
23 27
24 6
24 31
25 22
25 31
26 28
26 34
27 12
27 33
28 9
28 15
29 5
29 24
30 19
30 29
31 10
31 11
32 13
32 16
33 8
33 23
34 9
34 18
35 15
35 18

# solution 281
# n=36 sym=rot4 status=verified source=flammenkamp_cache/n36_rot4
# code=oHIBKBC6JGPPT5W9R7NDS45XY8XFQEL1M3V0Z0Z4WDYEL9K2R12UV7MCS8Q3U6AAJGTNOFOHI
0 17
0 18
1 11
1 20
2 11
2 12
3 6
3 19
4 16
4 25
5 25
5 29
6 5
6 32
7 9
7 27
8 7
8 23
9 13
9 28
10 4
10 5
11 33
11 34
12 8
12 33
13 15
13 26
14 14
14 21
15 1
15 22
16 3
16 31
17 0
17 35
18 0
18 35
19 4
19 32
20 13
20 34
21 14
21 21
22 9
22 20
23 2
23 27
24 1
24 2
25 30
25 31
26 7
26 22
27 12
27 28
28 8
28 26
29 3
29 30
30 6
30 10
31 10
31 19
32 16
32 29
33 23
33 24
34 15
34 24
35 17
35 18

