# solution 1
# n=38 sym=rot4 status=verified source=flammenkamp_cache/n38_rot4
# code=oFRCF6KOWGQ3OTZNQ6LAC0S47Sa357Hab8X2NIJIJEZ4T01KUWY19UX9bPRGVBE28DYBL5DHVMPAM
0 15
0 27
1 12
1 15
2 6
2 20
3 24
3 32
4 16
4 26
5 3
5 24
6 29
6 35
7 23
7 26
8 6
8 21
9 10
9 12
10 0
10 28
11 4
11 7
12 28
12 36
13 3
13 5
14 7
14 17
15 36
15 37
16 8
16 33
17 2
17 23
18 18
18 19
19 18
19 19
20 14
20 35
21 4
21 29
22 0
22 1
23 20
23 30
24 32
24 34
25 1
25 9
26 30
26 33
27 9
27 37
28 25
28 27
29 16
29 31
30 11
30 14
31 2
31 8
32 13
32 34
33 11
33 21
34 5
34 13
35 17
35 31
36 22
36 25
37 10
37 22

# solution 2
# n=38 sym=rot4 status=verified source=flammenkamp_cache/n38_rot4
# code=oBENVHY2FOS8L1CASFW47KUObGV4B1bTY5PAZIJIJ2RCW380aQX6L0D7HUX5M9RPaGT9DMZ3K6ENQ
0 11
0 14
1 23
1 31
2 17
2 34
3 2
3 15
4 24
4 28
5 8
5 21
6 1
6 12
7 10
7 28
8 15
8 32
9 4
9 7
10 20
10 30
11 24
11 37
12 16
12 31
13 4
13 11
14 1
14 37
15 29
15 34
16 5
16 25
17 10
17 35
18 18
18 19
19 18
19 19
20 2
20 27
21 12
21 32
22 3
22 8
23 0
23 36
24 26
24 33
25 6
25 21
26 0
26 13
27 7
27 17
28 30
28 33
29 5
29 22
30 9
30 27
31 25
31 36
32 16
32 29
33 9
33 13
34 22
34 35
35 3
35 20
36 6
36 14
37 23
37 26

# solution 3
# n=38 sym=rot4 status=verified source=flammenkamp_cache/n38_rot4
# code=oNQLSEW5PDG2Y7SHVMO16CH0F3R8X0Z8Q1XRUIJIJ7A4aBT2b4TAYMbKPVaDF6K9U3ZLOCW5N9GBE
0 23
0 26
1 21
1 28
2 14
2 32
3 5
3 25
4 13
4 16
5 2
5 34
6 7
6 28
7 17
7 31
8 22
8 24
9 1
9 6
10 12
10 17
11 0
11 15
12 3
12 27
13 8
13 33
14 0
14 35
15 8
15 26
16 1
16 33
17 27
17 30
18 18
18 19
19 18
19 19
20 7
20 10
21 4
21 36
22 11
22 29
23 2
23 37
24 4
24 29
25 10
25 34
26 22
26 37
27 20
27 25
28 31
28 36
29 13
29 15
30 6
30 20
31 9
31 30
32 3
32 35
33 21
33 24
34 12
34 32
35 5
35 23
36 9
36 16
37 11
37 14

# solution 4
# n=38 sym=rot4 status=verified source=flammenkamp_cache/n38_rot4
# code=oBVEHPUBE5URX0L24FKMO5DYb2G9RYa9T6P8aIJIJ1TCV8S13ASLZ03OWDFHMXZGb4A7WNQ7CKN6Q
0 11
0 31
1 14
1 17
2 25
2 30
3 11
3 14
4 5
4 30
5 27
5 33
6 0
6 21
7 2
7 4
8 15
8 20
9 22
9 24
10 5
10 13
11 34
11 37
12 2
12 16
13 9
13 27
14 34
14 36
15 9
15 29
16 6
16 25
17 8
17 36
18 18
18 19
19 18
19 19
20 1
20 29
21 12
21 31
22 8
22 28
23 1
23 3
24 10
24 28
25 21
25 35
26 0
26 3
27 24
27 32
28 13
28 15
29 17
29 22
30 33
30 35
31 16
31 37
32 4
32 10
33 7
33 32
34 23
34 26
35 7
35 12
36 20
36 23
37 6
37 26

# solution 5
# n=38 sym=rot4 status=verified source=flammenkamp_cache/n38_rot4
# code=oLO6CEH6QEL7SYaHW9F5TOP3FAa0AXZQT04UZIJIJ27Xb8B24Rb1RMYCD8WMS5K139UGNBVKNPVDG
0 21
0 24
1 6
1 12
2 14
2 17
3 6
3 26
4 14
4 21
5 7
5 28
6 34
6 36
7 17
7 32
8 9
8 15
9 5
9 29
10 24
10 25
11 3
11 15
12 10
12 36
13 0
13 10
14 33
14 35
15 26
15 29
16 0
16 4
17 30
17 35
18 18
18 19
19 18
19 19
20 2
20 7
21 33
21 37
22 8
22 11
23 2
23 4
24 27
24 37
25 1
25 27
26 22
26 34
27 12
27 13
28 8
28 32
29 22
29 28
30 5
30 20
31 1
31 3
32 9
32 30
33 16
33 23
34 11
34 31
35 20
35 23
36 25
36 31
37 13
37 16

# solution 6
# n=38 sym=rot4 status=verified source=flammenkamp_cache/n38_rot4
# code=oMU5AMT9CHPGaGO0A2BQYUa9T4Y6NDJ02VWIXEKHN4J56ZbIOEV3X8S173BQZRbDL1LCKPS8FRW7F
0 22
0 30
1 5
1 10
2 22
2 29
3 9
3 12
4 17
4 25
5 16
5 36
6 16
6 24
7 0
7 10
8 2
8 11
9 26
9 34
10 30
10 36
11 9
11 29
12 4
12 34
13 6
13 23
14 13
14 19
15 0
15 2
16 31
16 32
17 18
17 33
18 14
18 20
19 17
19 23
20 4
20 19
21 5
21 6
22 35
22 37
23 18
23 24
24 14
24 31
25 3
25 33
26 8
26 28
27 1
27 7
28 3
28 11
29 26
29 35
30 27
30 37
31 13
31 21
32 1
32 21
33 12
33 20
34 25
34 28
35 8
35 15
36 27
36 32
37 7
37 15

# solution 7
# n=38 sym=rot4 status=verified source=flammenkamp_cache/n38_rot4
# code=o5PAULQDUKMPb9B13NRLV8a2V05NY8D4I294IKMFHJXSZJXOT3EWb6Z1T6GAEYaQS0CFH7OBG7RCW
0 5
0 25
1 10
1 30
2 21
2 26
3 13
3 30
4 20
4 22
5 25
5 37
6 9
6 11
7 1
7 3
8 23
8 27
9 21
9 31
10 8
10 36
11 2
11 31
12 0
12 5
13 23
13 34
14 8
14 13
15 4
15 18
16 2
16 9
17 4
17 18
18 20
18 22
19 15
19 17
20 19
20 33
21 28
21 35
22 19
22 33
23 24
23 29
24 3
24 14
25 32
25 37
26 6
26 35
27 1
27 29
28 6
28 16
29 10
29 14
30 34
30 36
31 26
31 28
32 0
32 12
33 15
33 17
34 7
34 24
35 11
35 16
36 7
36 27
37 12
37 32

# solution 8
# n=38 sym=rot4 status=verified source=flammenkamp_cache/n38_rot4
# code=oRYAHGM0N89SUDM5CGX5X0aBQIUNV3D26TZIaKPCH1J28VZOY6E7JBQ1b4W4LPWFO79STEbFLKR3A
0 27
0 34
1 10
1 17
2 16
2 22
3 0
3 23
4 8
4 9
5 28
5 30
6 13
6 22
7 5
7 12
8 16
8 33
9 5
9 33
10 0
10 36
11 11
11 26
12 18
12 30
13 23
13 31
14 3
14 13
15 2
15 6
16 29
16 35
17 18
17 36
18 20
18 25
19 12
19 17
20 1
20 19
21 2
21 8
22 31
22 35
23 24
23 34
24 6
24 14
25 7
25 19
26 11
26 26
27 1
27 37
28 4
28 32
29 4
29 21
30 25
30 32
31 15
31 24
32 7
32 9
33 28
33 29
34 14
34 37
35 15
35 21
36 20
36 27
37 3
37 10

# solution 9
# n=38 sym=rot4 status=verified source=flammenkamp_cache/n38_rot4
# code=oAEILRTCLOSHM79QV2O4V2b7FEY48Pb5Q13IWKa1H5JYaBW0CTX3NMU0Z6XDZ6BSUFK9DGP8AGJNR
0 10
0 14
1 18
1 21
2 27
2 29
3 12
3 21
4 24
4 28
5 17
5 22
6 7
6 9
7 26
7 31
8 2
8 24
9 4
9 31
10 2
10 37
11 7
11 15
12 14
12 34
13 4
13 8
14 25
14 37
15 5
15 26
16 1
16 3
17 18
17 32
18 20
18 36
19 1
19 17
20 5
20 19
21 34
21 36
22 11
22 32
23 0
23 12
24 29
24 33
25 3
25 23
26 22
26 30
27 0
27 35
28 6
28 33
29 13
29 35
30 6
30 11
31 28
31 30
32 15
32 20
33 9
33 13
34 16
34 25
35 8
35 10
36 16
36 19
37 23
37 27

# solution 10
# n=38 sym=rot4 status=verified source=flammenkamp_cache/n38_rot4
# code=oLR9M5UGN8JDZ9C2OKXVa0MBQEV7W3P1A0Y8I4KHXJT3bRaCY5U6NBQFb164HDZPS2OITEL7WFSAG
0 21
0 27
1 9
1 22
2 5
2 30
3 16
3 23
4 8
4 19
5 13
5 35
6 9
6 12
7 2
7 24
8 20
8 33
9 31
9 36
10 0
10 22
11 11
11 26
12 14
12 31
13 7
13 32
14 3
14 25
15 1
15 10
16 0
16 34
17 8
17 18
18 4
18 20
19 17
19 33
20 19
20 29
21 3
21 37
22 27
22 36
23 12
23 34
24 5
24 30
25 6
25 23
26 11
26 26
27 15
27 37
28 1
28 6
29 4
29 17
30 13
30 35
31 25
31 28
32 2
32 24
33 18
33 29
34 14
34 21
35 7
35 32
36 15
36 28
37 10
37 16

# solution 11
# n=38 sym=rot4 status=verified source=flammenkamp_cache/n38_rot4
# code=oFQEFLQ8D8W4S6VDRXY5L7J02EKUYPaab29CIAKHRJPSZ011C37HNZbIUGW34AO6V9X5TOTBGMNBM
0 15
0 26
1 14
1 15
2 21
2 26
3 8
3 13
4 8
4 32
5 4
5 28
6 6
6 31
7 13
7 27
8 33
8 34
9 5
9 21
10 7
10 19
11 0
11 2
12 14
12 20
13 30
13 34
14 25
14 36
15 36
15 37
16 2
16 9
17 12
17 18
18 10
18 20
19 17
19 27
20 19
20 25
21 28
21 35
22 0
22 1
23 1
23 12
24 3
24 7
25 17
25 23
26 35
26 37
27 18
27 30
28 16
28 32
29 3
29 4
30 10
30 24
31 6
31 31
32 9
32 33
33 5
33 29
34 24
34 29
35 11
35 16
36 22
36 23
37 11
37 22

# solution 12
# n=38 sym=rot4 status=verified source=flammenkamp_cache/n38_rot4
# code=oGWHMFOER9T07IPOW4BRX39NT6G27BY1ZPbIaKV6H1J0C2a3QUZLV8ESY4AQX5DCJUb8SANDMFK5L
0 16
0 32
1 17
1 22
2 15
2 24
3 14
3 27
4 9
4 29
5 0
5 7
6 18
6 25
7 24
7 32
8 4
8 11
9 27
9 33
10 3
10 9
11 23
11 29
12 6
12 16
13 2
13 7
14 11
14 34
15 1
15 35
16 25
16 37
17 18
17 36
18 20
18 31
19 6
19 17
20 1
20 19
21 0
21 12
22 2
22 36
23 3
23 26
24 30
24 35
25 21
25 31
26 8
26 14
27 28
27 34
28 4
28 10
29 26
29 33
30 5
30 13
31 12
31 19
32 30
32 37
33 8
33 28
34 10
34 23
35 13
35 22
36 15
36 20
37 5
37 21

# solution 13
# n=38 sym=rot4 status=verified source=flammenkamp_cache/n38_rot4
# code=o3F9VHLTbLOQS1DEI3A5aNT5CMQ4VAUCb24IZKU7H2JXZ0P7R6XBFPW8E1WRYJNOa9BDG08GK6SMY
0 3
0 15
1 9
1 31
2 17
2 21
3 29
3 37
4 21
4 24
5 26
5 28
6 1
6 13
7 14
7 18
8 3
8 10
9 5
9 36
10 23
10 29
11 5
11 12
12 22
12 26
13 4
13 31
14 10
14 30
15 12
15 37
16 2
16 4
17 18
17 35
18 20
18 30
19 7
19 17
20 2
20 19
21 33
21 35
22 0
22 25
23 7
23 27
24 6
24 33
25 11
25 15
26 25
26 32
27 8
27 14
28 1
28 32
29 27
29 34
30 19
30 23
31 24
31 36
32 9
32 11
33 13
33 16
34 0
34 8
35 16
35 20
36 6
36 28
37 22
37 34

# solution 14
# n=38 sym=rot4 status=verified source=flammenkamp_cache/n38_rot4
# code=o9UMPRY2CEG9F8K0REVWb27BQ1YILTX1WDX6IKODHJV4O5a48GJ3aBQUZ056NAbHTMSLNPZ3ACF7S
0 9
0 30
1 22
1 25
2 27
2 34
3 2
3 12
4 14
4 16
5 9
5 15
6 8
6 20
7 0
7 27
8 14
8 31
9 32
9 37
10 2
10 7
11 11
11 26
12 1
12 34
13 18
13 21
14 29
14 33
15 1
15 32
16 13
16 33
17 6
17 18
18 20
18 24
19 13
19 17
20 19
20 31
21 4
21 24
22 5
22 36
23 4
23 8
24 16
24 19
25 3
25 36
26 11
26 26
27 30
27 35
28 0
28 5
29 6
29 23
30 10
30 37
31 17
31 29
32 22
32 28
33 21
33 23
34 25
34 35
35 3
35 10
36 12
36 15
37 7
37 28

# solution 15
# n=38 sym=rot4 status=verified source=flammenkamp_cache/n38_rot4
# code=o5HGRLQ8DEFTbNSIM5Y6R192OCPBY6X7X2aIbKU7H0J1Z4U4V3QCPDZSaAV3WFJ9E08MNOTBGALKW
0 5
0 17
1 16
1 27
2 21
2 26
3 8
3 13
4 14
4 15
5 29
5 37
6 23
6 28
7 18
7 22
8 5
8 34
9 6
9 27
10 1
10 9
11 2
11 24
12 12
12 25
13 11
13 34
14 6
14 33
15 7
15 33
16 2
16 36
17 18
17 37
18 20
18 30
19 7
19 17
20 0
20 19
21 1
21 35
22 4
22 30
23 4
23 31
24 3
24 26
25 12
25 25
26 13
26 35
27 28
27 36
28 10
28 31
29 3
29 32
30 15
30 19
31 9
31 14
32 0
32 8
33 22
33 23
34 24
34 29
35 11
35 16
36 10
36 21
37 20
37 32

# solution 16
# n=38 sym=rot4 status=verified source=flammenkamp_cache/n38_rot4
# code=oDHMP5U69ETNZGY2G4CRY9FIO1TBb5X1RUVIbKQBH0J67Aa4W0Q8aDJMS3APXLZ3L2E8NSV7WCFKO
0 13
0 17
1 22
1 25
2 5
2 30
3 6
3 9
4 14
4 29
5 23
5 35
6 16
6 34
7 2
7 16
8 4
8 12
9 27
9 34
10 9
10 15
11 18
11 24
12 1
12 29
13 11
13 37
14 5
14 33
15 1
15 27
16 30
16 31
17 18
17 37
18 20
18 26
19 11
19 17
20 0
20 19
21 6
21 7
22 10
22 36
23 4
23 32
24 0
24 26
25 8
25 36
26 13
26 19
27 22
27 28
28 3
28 10
29 25
29 33
30 21
30 35
31 3
31 21
32 2
32 14
33 8
33 23
34 28
34 31
35 7
35 32
36 12
36 15
37 20
37 24

# solution 17
# n=38 sym=rot4 status=verified source=flammenkamp_cache/n38_rot4
# code=oDHMPUW69ET2NGY2G4CRY9FIO1TBb5X1RUVIbKQBH0J67Aa4W0Q8aDJMS3APXLZ3LEZ8NSV57CFKO
0 13
0 17
1 22
1 25
2 30
2 32
3 6
3 9
4 14
4 29
5 2
5 23
6 16
6 34
7 2
7 16
8 4
8 12
9 27
9 34
10 9
10 15
11 18
11 24
12 1
12 29
13 11
13 37
14 5
14 33
15 1
15 27
16 30
16 31
17 18
17 37
18 20
18 26
19 11
19 17
20 0
20 19
21 6
21 7
22 10
22 36
23 4
23 32
24 0
24 26
25 8
25 36
26 13
26 19
27 22
27 28
28 3
28 10
29 25
29 33
30 21
30 35
31 3
31 21
32 14
32 35
33 8
33 23
34 28
34 31
35 5
35 7
36 12
36 15
37 20
37 24

# solution 18
# n=38 sym=rot4 status=verified source=flammenkamp_cache/n38_rot4
# code=oBD5M9GGNCETa6VOR5KBZ7MSbJX7b3X1AYZ8ICKHPJT23Ra4Y0U4I09FU2QHWAD6V18NPELLSFWOQ
0 11
0 13
1 5
1 22
2 9
2 16
3 16
3 23
4 12
4 14
5 29
5 36
6 6
6 31
7 24
7 27
8 5
8 20
9 11
9 35
10 7
10 22
11 28
11 37
12 19
12 33
13 7
13 37
14 3
14 33
15 1
15 10
16 34
16 35
17 8
17 18
18 12
18 20
19 17
19 25
20 19
20 29
21 2
21 3
22 27
22 36
23 4
23 34
24 0
24 30
25 4
25 18
26 0
26 9
27 15
27 30
28 2
28 26
29 17
29 32
30 10
30 13
31 6
31 31
32 1
32 8
33 23
33 25
34 14
34 21
35 21
35 28
36 15
36 32
37 24
37 26

# solution 19
# n=38 sym=rot4 status=verified source=flammenkamp_cache/n38_rot4
# code=o9ULO6P9HDPJMAZ0EBEYbBVRT241XTU5K1IFY5LGW3MJaHW784aXZ8A6Q03NQNb2RFICOKSCVDG7S
0 9
0 30
1 21
1 24
2 6
2 25
3 9
3 17
4 13
4 25
5 19
5 22
6 10
6 35
7 0
7 14
8 11
8 14
9 34
9 37
10 11
10 31
11 27
11 29
12 2
12 4
13 1
13 33
14 29
14 30
15 5
15 20
16 1
16 18
17 15
17 34
18 5
18 21
19 16
19 32
20 3
20 22
21 19
21 36
22 17
22 32
23 7
23 8
24 4
24 36
25 33
25 35
26 8
26 10
27 6
27 26
28 0
28 3
29 23
29 26
30 23
30 37
31 2
31 27
32 15
32 18
33 12
33 24
34 20
34 28
35 12
35 31
36 13
36 16
37 7
37 28

# solution 20
# n=38 sym=rot4 status=verified source=flammenkamp_cache/n38_rot4
# code=oJN7GCRKP89NQSU6aOX6X2Q5A3Z8H05FMIa3O0LGbDY1JFMWbKT2YRWBZ4V4D1V79BESTCHAPLUEI
0 19
0 23
1 7
1 16
2 12
2 27
3 20
3 25
4 8
4 9
5 23
5 26
6 28
6 30
7 6
7 36
8 24
8 33
9 6
9 33
10 2
10 26
11 5
11 10
12 3
12 35
13 8
13 17
14 0
14 5
15 15
15 22
16 18
16 36
17 3
17 24
18 0
18 21
19 16
19 37
20 13
20 34
21 1
21 19
22 15
22 22
23 32
23 37
24 20
24 29
25 2
25 34
26 27
26 32
27 11
27 35
28 4
28 31
29 4
29 13
30 1
30 31
31 7
31 9
32 11
32 14
33 28
33 29
34 12
34 17
35 10
35 25
36 21
36 30
37 14
37 18

# solution 21
# n=38 sym=rot4 status=verified source=flammenkamp_cache/n38_rot4
# code=oLPCN9TFUJW4AFQ3H2EQZOW690aAH1TVY0IOU4LGX7DJb368aKR1bSV5D2BNZKYBMRX5I7M8SEPCG
0 21
0 25
1 12
1 23
2 9
2 29
3 15
3 30
4 19
4 32
5 4
5 10
6 15
6 26
7 3
7 17
8 2
8 14
9 26
9 35
10 24
10 32
11 6
11 9
12 0
12 36
13 10
13 17
14 1
14 29
15 31
15 34
16 0
16 18
17 24
17 30
18 4
18 21
19 16
19 33
20 7
20 13
21 19
21 37
22 3
22 6
23 8
23 36
24 20
24 27
25 1
25 37
26 28
26 31
27 5
27 13
28 2
28 11
29 23
29 35
30 20
30 34
31 11
31 22
32 27
32 33
33 5
33 18
34 7
34 22
35 8
35 28
36 14
36 25
37 12
37 16

# solution 22
# n=38 sym=rot4 status=verified source=flammenkamp_cache/n38_rot4
# code=o9FCOHR3YAUEMCQ4BJLNb2X6UVa1H9W5b8IOZ8LGT2DJT0W5SKa167V4Z0EGIQXBPFN7R3YAKDPMS
0 9
0 15
1 12
1 24
2 17
2 27
3 3
3 34
4 10
4 30
5 14
5 22
6 12
6 26
7 4
7 11
8 19
8 21
9 23
9 37
10 2
10 33
11 6
11 30
12 31
12 36
13 1
13 17
14 9
14 32
15 5
15 37
16 8
16 18
17 24
17 35
18 8
18 21
19 16
19 29
20 2
20 13
21 19
21 29
22 0
22 32
23 5
23 28
24 20
24 36
25 1
25 6
26 7
26 31
27 4
27 35
28 0
28 14
29 16
29 18
30 26
30 33
31 11
31 25
32 15
32 23
33 7
33 27
34 3
34 34
35 10
35 20
36 13
36 25
37 22
37 28

# solution 23
# n=38 sym=rot4 status=verified source=flammenkamp_cache/n38_rot4
# code=oJM9MCRETRUHQQU463CLa2456TZHNDY019IOW0LGb5DJSab3OEK28VWXZ1GPYVX7BBK7A8NAPFSFI
0 19
0 22
1 9
1 22
2 12
2 27
3 14
3 29
4 27
4 30
5 17
5 26
6 26
6 30
7 4
7 6
8 3
8 12
9 21
9 36
10 2
10 4
11 5
11 6
12 29
12 35
13 17
13 23
14 13
14 34
15 0
15 1
16 9
16 18
17 24
17 32
18 0
18 21
19 16
19 37
20 5
20 13
21 19
21 28
22 36
22 37
23 3
23 24
24 14
24 20
25 2
25 8
26 31
26 32
27 33
27 35
28 1
28 16
29 25
29 34
30 31
30 33
31 7
31 11
32 11
32 20
33 7
33 10
34 8
34 23
35 10
35 25
36 15
36 28
37 15
37 18

# solution 24
# n=38 sym=rot4 status=verified source=flammenkamp_cache/n38_rot4
# code=o6DADNTJLCW4MMbQT27EQHa79HXab2S563IPR3LGYACJYVW9Z014KSU1KBNUZ8B0FFX5PGI8EOROV
0 6
0 13
1 10
1 13
2 23
2 29
3 19
3 21
4 12
4 32
5 4
5 22
6 22
6 37
7 26
7 29
8 2
8 7
9 14
9 26
10 17
10 36
11 7
11 9
12 17
12 33
13 36
13 37
14 2
14 28
15 5
15 6
16 3
16 18
17 25
17 27
18 3
18 21
19 16
19 34
20 10
20 12
21 19
21 34
22 31
22 32
23 9
23 35
24 0
24 1
25 4
25 20
26 28
26 30
27 1
27 20
28 11
28 23
29 30
29 35
30 8
30 11
31 0
31 15
32 15
32 33
33 5
33 25
34 16
34 18
35 8
35 14
36 24
36 27
37 24
37 31

# solution 25
# n=38 sym=rot4 status=verified source=flammenkamp_cache/n38_rot4
# code=oKP6CRVNUBEAJ2a3DLM9S2WKX0aFU3X8O8I0B5LGWQbJTDT4Y7M1b4H5Z9SFGOY1ZIRNQ7E6APVCH
0 20
0 25
1 6
1 12
2 27
2 31
3 23
3 30
4 11
4 14
5 10
5 19
6 2
6 36
7 3
7 13
8 21
8 22
9 9
9 28
10 2
10 32
11 20
11 33
12 0
12 36
13 15
13 30
14 3
14 33
15 8
15 24
16 8
16 18
17 0
17 11
18 5
18 21
19 16
19 32
20 26
20 37
21 19
21 29
22 13
22 29
23 4
23 34
24 7
24 22
25 1
25 37
26 4
26 17
27 5
27 35
28 9
28 28
29 15
29 16
30 24
30 34
31 1
31 35
32 18
32 27
33 23
33 26
34 7
34 14
35 6
35 10
36 25
36 31
37 12
37 17

# solution 26
# n=38 sym=rot4 status=verified source=flammenkamp_cache/n38_rot4
# code=o7FDG3N7ZNTAQKPYb4DKQIW596MTa24CbIa69LRAGSV1J0PXZ18FVSW5JBHOX03CHBR8E2UEYLOMU
0 7
0 15
1 13
1 16
2 3
2 23
3 7
3 35
4 23
4 29
5 10
5 26
6 20
6 25
7 34
7 37
8 4
8 13
9 20
9 26
10 18
10 32
11 5
11 9
12 6
12 22
13 29
13 36
14 2
14 4
15 12
15 37
16 18
16 36
17 6
17 9
18 21
18 27
19 10
19 16
20 28
20 31
21 1
21 19
22 0
22 25
23 33
23 35
24 1
24 8
25 15
25 31
26 28
26 32
27 5
27 19
28 11
28 17
29 24
29 33
30 0
30 3
31 12
31 17
32 11
32 27
33 8
33 14
34 2
34 30
35 14
35 34
36 21
36 24
37 22
37 30

# solution 27
# n=38 sym=rot4 status=verified source=flammenkamp_cache/n38_rot4
# code=oFHBPFQ9U6JAOOX3NCHEYLW2a1T567SZbAITb4LGX08JR029UVW8a1Z5G3NKPEY4DDRIV7SBMCQKM
0 15
0 17
1 11
1 25
2 15
2 26
3 9
3 30
4 6
4 19
5 10
5 24
6 24
6 33
7 3
7 23
8 12
8 17
9 14
9 34
10 21
10 32
11 2
11 36
12 1
12 29
13 5
13 6
14 7
14 28
15 35
15 37
16 10
16 18
17 29
17 37
18 4
18 21
19 16
19 33
20 0
20 8
21 19
21 27
22 0
22 2
23 9
23 30
24 31
24 32
25 8
25 36
26 1
26 35
27 5
27 16
28 3
28 23
29 20
29 25
30 14
30 34
31 4
31 13
32 13
32 27
33 18
33 31
34 7
34 28
35 11
35 22
36 12
36 26
37 20
37 22

# solution 28
# n=38 sym=rot4 status=verified source=flammenkamp_cache/n38_rot4
# code=oLQEVBC9TAKDU1R5I3KOY6X0ZFZ9WMaEP0I48LU7GTXJbCN1F5S2M2b4V3DHYJWAa7OHR8SPQ6NBG
0 21
0 26
1 14
1 31
2 11
2 12
3 9
3 29
4 10
4 20
5 13
5 30
6 1
6 27
7 5
7 18
8 3
8 20
9 24
9 34
10 6
10 33
11 0
11 35
12 15
12 35
13 9
13 32
14 22
14 36
15 14
15 25
16 0
16 18
17 4
17 8
18 21
18 30
19 7
19 16
20 29
20 33
21 19
21 37
22 12
22 23
23 1
23 15
24 5
24 28
25 2
25 22
26 2
26 37
27 4
27 31
28 3
28 13
29 17
29 34
30 19
30 32
31 10
31 36
32 7
32 24
33 17
33 27
34 8
34 28
35 25
35 26
36 6
36 23
37 11
37 16

# solution 29
# n=38 sym=rot4 status=verified source=flammenkamp_cache/n38_rot4
# code=oDKNUCRDN796Q8W1XKVLX2I5CQZYb13FM9I08LRAGTbJSFMYa032BPWJZ4G6H4a5TBVSUEOAP7EHO
0 13
0 20
1 23
1 30
2 12
2 27
3 13
3 23
4 7
4 9
5 6
5 26
6 8
6 32
7 1
7 33
8 20
8 31
9 21
9 33
10 2
10 18
11 5
11 12
12 26
12 35
13 34
13 37
14 1
14 3
15 15
15 22
16 9
16 18
17 0
17 8
18 21
18 27
19 10
19 16
20 29
20 37
21 19
21 28
22 15
22 22
23 34
23 36
24 0
24 3
25 2
25 11
26 25
26 32
27 19
27 35
28 4
28 16
29 6
29 17
30 4
30 36
31 5
31 29
32 11
32 31
33 28
33 30
34 14
34 24
35 10
35 25
36 7
36 14
37 17
37 24

# solution 30
# n=38 sym=rot4 status=verified source=flammenkamp_cache/n38_rot4
# code=oDKNUCRDN79QV581XKVLX2I5CQZYb13FM9I08LRAGTbJSFMYa032BPWJZ4G6H4aTW6BSUEOAP7EHO
0 13
0 20
1 23
1 30
2 12
2 27
3 13
3 23
4 7
4 9
5 26
5 31
6 5
6 8
7 1
7 33
8 20
8 31
9 21
9 33
10 2
10 18
11 5
11 12
12 26
12 35
13 34
13 37
14 1
14 3
15 15
15 22
16 9
16 18
17 0
17 8
18 21
18 27
19 10
19 16
20 29
20 37
21 19
21 28
22 15
22 22
23 34
23 36
24 0
24 3
25 2
25 11
26 25
26 32
27 19
27 35
28 4
28 16
29 6
29 17
30 4
30 36
31 29
31 32
32 6
32 11
33 28
33 30
34 14
34 24
35 10
35 25
36 7
36 14
37 17
37 24

# solution 31
# n=38 sym=rot4 status=verified source=flammenkamp_cache/n38_rot4
# code=oEMIP8F9T7CGHAOKX3ZQYBV9R1X6EOb0ZIW7WLa1G5U5J2b0DNV4aAS6Q3B2Y4HDRKLPU8SMTCJFN
0 14
0 22
1 18
1 25
2 8
2 15
3 9
3 29
4 7
4 12
5 16
5 17
6 10
6 24
7 20
7 33
8 3
8 35
9 26
9 34
10 11
10 31
11 9
11 27
12 1
12 33
13 6
13 14
14 24
14 37
15 0
15 35
16 18
16 32
17 7
17 32
18 21
18 36
19 1
19 16
20 5
20 30
21 5
21 19
22 2
22 37
23 0
23 13
24 23
24 31
25 4
25 36
26 10
26 28
27 6
27 26
28 3
28 11
29 2
29 34
30 4
30 17
31 13
31 27
32 20
32 21
33 25
33 30
34 8
34 28
35 22
35 29
36 12
36 19
37 15
37 23

# solution 32
# n=38 sym=rot4 status=verified source=flammenkamp_cache/n38_rot4
# code=o9G6AMTKRCVDM4aBK29Tb3aNUDXPWBJ25Ib37ELGNUY0JWZIQ5C4O7E1Y08SZHQ1XFO6PAH8FRVLS
0 9
0 16
1 6
1 10
2 22
2 29
3 20
3 27
4 12
4 31
5 13
5 22
6 4
6 36
7 11
7 20
8 2
8 9
9 29
9 37
10 3
10 36
11 23
11 30
12 13
12 33
13 25
13 32
14 11
14 19
15 2
15 5
16 18
16 37
17 3
17 7
18 14
18 21
19 16
19 23
20 30
20 34
21 0
21 19
22 32
22 35
23 18
23 26
24 5
24 12
25 4
25 24
26 7
26 14
27 1
27 34
28 0
28 8
29 28
29 35
30 17
30 26
31 1
31 33
32 15
32 24
33 6
33 25
34 10
34 17
35 8
35 15
36 27
36 31
37 21
37 28

# solution 33
# n=38 sym=rot4 status=verified source=flammenkamp_cache/n38_rot4
# code=o7EJRFKMOBVOS4BKbCE5P1GVX9T35Tb3ZIR271LGaUZAJ2Y08WY8S46LaCWNP0HQX9D6QDFHMAINU
0 7
0 14
1 19
1 27
2 15
2 20
3 22
3 24
4 11
4 31
5 24
5 28
6 4
6 11
7 20
7 37
8 12
8 14
9 5
9 25
10 1
10 16
11 31
11 33
12 9
12 29
13 3
13 5
14 29
14 37
15 3
15 35
16 18
16 27
17 2
17 7
18 1
18 21
19 16
19 36
20 30
20 35
21 10
21 19
22 2
22 34
23 0
23 8
24 32
24 34
25 8
25 28
26 4
26 6
27 21
27 36
28 12
28 32
29 23
29 25
30 0
30 17
31 26
31 33
32 9
32 13
33 6
33 26
34 13
34 15
35 17
35 22
36 10
36 18
37 23
37 30

# solution 34
# n=38 sym=rot4 status=verified source=flammenkamp_cache/n38_rot4
# code=oDKMO89CFPT5WEKBR4ZIZ7BRU4Y1bLV1YEI06LS9GVbJN3a6G0a3X7AQU2J2XAQHN5W8CMPSTDFHO
0 13
0 20
1 22
1 24
2 8
2 9
3 12
3 15
4 25
4 29
5 5
5 32
6 14
6 20
7 11
7 27
8 4
8 35
9 18
9 35
10 7
10 11
11 27
11 30
12 4
12 34
13 1
13 37
14 21
14 31
15 1
15 34
16 14
16 18
17 0
17 6
18 21
18 28
19 9
19 16
20 31
20 37
21 19
21 23
22 3
22 36
23 6
23 16
24 0
24 36
25 3
25 33
26 7
26 10
27 26
27 30
28 2
28 19
29 2
29 33
30 10
30 26
31 17
31 23
32 5
32 32
33 8
33 12
34 22
34 25
35 28
35 29
36 13
36 15
37 17
37 24

# solution 35
# n=38 sym=rot4 status=verified source=flammenkamp_cache/n38_rot4
# code=oKQBDLMRW7C3K7PVX8TEM3I0a6XEaOS292I05LRAGWbJZSZ9D1N4V1bJYFN8T46CUHYPU5AFGOQBH
0 20
0 26
1 11
1 13
2 21
2 22
3 27
3 32
4 7
4 12
5 3
5 20
6 7
6 25
7 31
7 33
8 8
8 29
9 14
9 22
10 3
10 18
11 0
11 36
12 6
12 33
13 14
13 36
14 24
14 28
15 2
15 9
16 2
16 18
17 0
17 5
18 21
18 27
19 10
19 16
20 32
20 37
21 19
21 35
22 28
22 35
23 9
23 13
24 1
24 23
25 4
25 31
26 1
26 37
27 19
27 34
28 15
28 23
29 8
29 29
30 4
30 6
31 12
31 30
32 17
32 34
33 25
33 30
34 5
34 10
35 15
35 16
36 24
36 26
37 11
37 17

# solution 36
# n=38 sym=rot4 status=verified source=flammenkamp_cache/n38_rot4
# code=oKMDPAE6TKTEM7YSV347DIZCL1QSaWZ05BI04LRAGXbJQWb2519BaGP2JOUXY693UFN8H8VNRCOFH
0 20
0 22
1 13
1 25
2 10
2 14
3 6
3 29
4 20
4 29
5 14
5 22
6 7
6 34
7 28
7 31
8 3
8 4
9 7
9 13
10 18
10 35
11 12
11 21
12 1
12 26
13 28
13 36
14 32
14 35
15 0
15 5
16 11
16 18
17 0
17 4
18 21
18 27
19 10
19 16
20 33
20 37
21 19
21 26
22 32
22 37
23 2
23 5
24 1
24 9
25 11
25 36
26 16
26 25
27 2
27 19
28 24
28 30
29 33
29 34
30 6
30 9
31 3
31 30
32 15
32 23
33 8
33 17
34 8
34 31
35 23
35 27
36 12
36 24
37 15
37 17

# solution 37
# n=38 sym=rot4 status=verified source=flammenkamp_cache/n38_rot4
# code=oDKNOAB8KNPCV5LISBY7ASZTZ4W1b14FM6I03LU7GYbJVFMXa0a5X2829RU3Q9JGW6PCEHTQRDEHO
0 13
0 20
1 23
1 24
2 10
2 11
3 8
3 20
4 23
4 25
5 12
5 31
6 5
6 21
7 18
7 28
8 11
8 34
9 7
9 10
10 28
10 35
11 29
11 35
12 4
12 32
13 1
13 37
14 1
14 4
15 15
15 22
16 6
16 18
17 0
17 3
18 21
18 30
19 7
19 16
20 34
20 37
21 19
21 31
22 15
22 22
23 33
23 36
24 0
24 36
25 5
25 33
26 2
26 8
27 2
27 9
28 27
28 30
29 3
29 26
30 9
30 19
31 16
31 32
32 6
32 25
33 12
33 14
34 17
34 29
35 26
35 27
36 13
36 14
37 17
37 24

# solution 38
# n=38 sym=rot4 status=verified source=flammenkamp_cache/n38_rot4
# code=oJPCH8HUX3W4A9N3GOZFVNWBQ0a8M6ADSIUZa0LGb127J9ORVFT1bBQ5E6M2DLYESRX5Y47KTKPCI
0 19
0 25
1 12
1 17
2 8
2 17
3 30
3 33
4 3
4 32
5 4
5 10
6 9
6 23
7 3
7 16
8 24
8 35
9 15
9 31
10 23
10 32
11 11
11 26
12 0
12 36
13 8
13 22
14 6
14 10
15 13
15 28
16 18
16 30
17 35
17 36
18 0
18 21
19 16
19 37
20 1
20 2
21 7
21 19
22 9
22 24
23 27
23 31
24 15
24 29
25 1
25 37
26 11
26 26
27 5
27 14
28 6
28 22
29 2
29 13
30 21
30 34
31 14
31 28
32 27
32 33
33 5
33 34
34 4
34 7
35 20
35 29
36 20
36 25
37 12
37 18

# solution 39
# n=38 sym=rot4 status=verified source=flammenkamp_cache/n38_rot4
# code=oKWAPHJLTAD0OCSES3F67XaBQ1V5XMUET3I0Z2LGZ2bJY8N7F4W6aBQ14UVMY9N9PDbOR8GIKCR5H
0 20
0 32
1 10
1 25
2 17
2 19
3 21
3 29
4 10
4 13
5 0
5 24
6 12
6 28
7 14
7 28
8 3
8 15
9 6
9 7
10 33
10 36
11 11
11 26
12 1
12 31
13 5
13 33
14 22
14 30
15 14
15 29
16 3
16 18
17 0
17 35
18 2
18 21
19 16
19 35
20 2
20 37
21 19
21 34
22 8
22 23
23 7
23 15
24 4
24 32
25 6
25 36
26 11
26 26
27 1
27 4
28 30
28 31
29 22
29 34
30 9
30 23
31 9
31 25
32 13
32 37
33 24
33 27
34 8
34 16
35 18
35 20
36 12
36 27
37 5
37 17

# solution 40
# n=38 sym=rot4 status=verified source=flammenkamp_cache/n38_rot4
# code=oERKR6KEX3GOP9ZJT7CMV01BQ5T5FYb9OIX127LGUZa4JDS03MW8WBQab6FPU8I2SCDLY4NHVAHAN
0 14
0 27
1 20
1 27
2 6
2 20
3 14
3 33
4 3
4 16
5 24
5 25
6 9
6 35
7 19
7 29
8 7
8 12
9 22
9 31
10 0
10 1
11 11
11 26
12 5
12 29
13 5
13 15
14 34
14 37
15 9
15 24
16 18
16 33
17 1
17 2
18 7
18 21
19 16
19 30
20 35
20 36
21 4
21 19
22 13
22 28
23 0
23 3
24 22
24 32
25 8
25 32
26 11
26 26
27 36
27 37
28 6
28 15
29 25
29 30
30 8
30 18
31 2
31 28
32 12
32 13
33 21
33 34
34 4
34 23
35 17
35 31
36 10
36 17
37 10
37 23

# solution 41
# n=38 sym=rot4 status=verified source=flammenkamp_cache/n38_rot4
# code=oFJBO8ENRBS6GTWKO6Z4C3PXaAS173ZJbHW7L0FMbGU5K0I2YUa9R14CYPX2VDH58LV9QAENTDQIM
0 15
0 19
1 11
1 24
2 8
2 14
3 23
3 27
4 11
4 28
5 6
5 16
6 29
6 32
7 20
7 24
8 6
8 35
9 4
9 12
10 3
10 25
11 33
11 36
12 10
12 28
13 1
13 7
14 3
14 35
15 19
15 37
16 17
16 32
17 7
17 21
18 0
18 15
19 22
19 37
20 16
20 30
21 5
21 20
22 0
22 18
23 2
23 34
24 30
24 36
25 9
25 27
26 1
26 4
27 12
27 34
28 25
28 33
29 2
29 31
30 13
30 17
31 5
31 8
32 21
32 31
33 9
33 26
34 10
34 14
35 23
35 29
36 13
36 26
37 18
37 22

# solution 42
# n=38 sym=rot4 status=verified source=flammenkamp_cache/n38_rot4
# code=oEK9AISGONRBT7FPV5L2a4aCW7Q3H4bIV8Y0OMZ2FDb3T6J0XKYBU5P1X1ZGW6CMU8QAEDL9JRSHN
0 14
0 20
1 9
1 10
2 18
2 28
3 16
3 24
4 23
4 27
5 11
5 29
6 7
6 15
7 25
7 31
8 5
8 21
9 2
9 36
10 4
10 36
11 12
11 32
12 7
12 26
13 3
13 17
14 4
14 37
15 18
15 31
16 8
16 34
17 0
17 24
18 22
18 35
19 2
19 15
20 13
20 37
21 3
21 29
22 6
22 19
23 0
23 33
24 20
24 34
25 11
25 30
26 5
26 25
27 1
27 33
28 1
28 35
29 16
29 32
30 6
30 12
31 22
31 30
32 8
32 26
33 10
33 14
34 13
34 21
35 9
35 19
36 27
36 28
37 17
37 23

# solution 43
# n=38 sym=rot4 status=verified source=flammenkamp_cache/n38_rot4
# code=oKQ8E4MOTEZLQ9CGP3aRV9J057V3HXa2I5U0OAMFRDb7WJZ14KY6UWbIS6A1YCLPSBG2N8DFXNTBH
0 20
0 26
1 8
1 14
2 4
2 22
3 24
3 29
4 14
4 35
5 21
5 26
6 9
6 12
7 16
7 25
8 3
8 36
9 27
9 31
10 9
10 19
11 0
11 5
12 7
12 31
13 3
13 17
14 33
14 36
15 2
15 18
16 5
16 30
17 0
17 24
18 10
18 22
19 15
19 27
20 13
20 37
21 7
21 32
22 19
22 35
23 1
23 4
24 20
24 34
25 6
25 30
26 32
26 37
27 18
27 28
28 6
28 10
29 1
29 34
30 12
30 21
31 25
31 28
32 11
32 16
33 2
33 23
34 8
34 13
35 15
35 33
36 23
36 29
37 11
37 17

# solution 44
# n=38 sym=rot4 status=verified source=flammenkamp_cache/n38_rot4
# code=oCILZ1AHWNS3BNOASFO47UZHWGb6846IT1PQYMb0F3BCa8JVXTV0L5K27UXDM9RDEQY9E5KRa2GJP
0 12
0 18
1 21
1 35
2 1
2 10
3 17
3 32
4 23
4 28
5 3
5 11
6 23
6 24
7 10
7 28
8 15
8 24
9 4
9 7
10 30
10 35
11 17
11 32
12 16
12 37
13 6
13 8
14 4
14 6
15 18
15 29
16 1
16 25
17 26
17 34
18 22
18 37
19 0
19 15
20 3
20 11
21 12
21 36
22 8
22 19
23 31
23 33
24 29
24 31
25 0
25 21
26 5
26 20
27 2
27 7
28 30
28 33
29 13
29 22
30 9
30 27
31 13
31 14
32 26
32 34
33 9
33 14
34 5
34 20
35 27
35 36
36 2
36 16
37 19
37 25

# solution 45
# n=38 sym=rot4 status=verified source=flammenkamp_cache/n38_rot4
# code=oCRELLR5D7BSYIMCXDN5K02KXUbTY8a6I129BMV6FQSZaJV1T38074HZbHWEO4PFJ39QUOWAGGNAP
0 12
0 27
1 14
1 21
2 21
2 27
3 5
3 13
4 7
4 11
5 28
5 34
6 18
6 22
7 12
7 33
8 13
8 23
9 5
9 20
10 0
10 2
11 20
11 33
12 30
12 37
13 29
13 34
14 8
14 36
15 6
15 18
16 1
16 2
17 9
17 11
18 22
18 31
19 6
19 15
20 26
20 28
21 35
21 36
22 19
22 31
23 1
23 29
24 3
24 8
25 0
25 7
26 4
26 17
27 35
27 37
28 17
28 32
29 14
29 24
30 4
30 25
31 15
31 19
32 3
32 9
33 26
33 30
34 24
34 32
35 10
35 16
36 16
36 23
37 10
37 25

# solution 46
# n=38 sym=rot4 status=verified source=flammenkamp_cache/n38_rot4
# code=oEM1aLSDPDG8B8EJQVW2KCK7W3RXYVb0I2X9A7MFURS4ZJb0634AY5UHPHZ56BINTQTLOCO9G1aFN
0 14
0 22
1 1
1 36
2 21
2 28
3 13
3 25
4 13
4 16
5 8
5 11
6 8
6 14
7 19
7 26
8 31
8 32
9 2
9 20
10 12
10 20
11 7
11 32
12 3
12 27
13 33
13 34
14 31
14 37
15 0
15 18
16 2
16 33
17 9
17 10
18 7
18 22
19 15
19 30
20 27
20 28
21 4
21 35
22 19
22 37
23 0
23 6
24 3
24 4
25 10
25 34
26 5
26 30
27 17
27 25
28 17
28 35
29 5
29 6
30 11
30 18
31 23
31 29
32 26
32 29
33 21
33 24
34 12
34 24
35 9
35 16
36 1
36 36
37 15
37 23

# solution 47
# n=38 sym=rot4 status=verified source=flammenkamp_cache/n38_rot4
# code=oEM1aLSDPDG8B8NJQVW2KCK7W3RXY6b0I2X9A7MFURS4ZJb0V34AY5UHPHZ56BIETQTLOCO9G1aFN
0 14
0 22
1 1
1 36
2 21
2 28
3 13
3 25
4 13
4 16
5 8
5 11
6 8
6 23
7 19
7 26
8 31
8 32
9 2
9 20
10 12
10 20
11 7
11 32
12 3
12 27
13 33
13 34
14 6
14 37
15 0
15 18
16 2
16 33
17 9
17 10
18 7
18 22
19 15
19 30
20 27
20 28
21 4
21 35
22 19
22 37
23 0
23 31
24 3
24 4
25 10
25 34
26 5
26 30
27 17
27 25
28 17
28 35
29 5
29 6
30 11
30 18
31 14
31 29
32 26
32 29
33 21
33 24
34 12
34 24
35 9
35 16
36 1
36 36
37 15
37 23

# solution 48
# n=38 sym=rot4 status=verified source=flammenkamp_cache/n38_rot4
# code=oBIDQKL7PLW4ATU6Y6DFPKW1b39TaENIS242AMb0FRZXZ9JEN18SY0a5HCMOV3V78RX5GCUGHBOJQ
0 11
0 18
1 13
1 26
2 20
2 21
3 7
3 25
4 21
4 32
5 4
5 10
6 29
6 30
7 6
7 34
8 6
8 13
9 15
9 25
10 20
10 32
11 1
11 37
12 3
12 9
13 29
13 36
14 14
14 23
15 18
15 28
16 2
16 4
17 2
17 10
18 22
18 37
19 0
19 15
20 27
20 35
21 33
21 35
22 9
22 19
23 14
23 23
24 1
24 8
25 28
25 34
26 0
26 36
27 5
27 17
28 12
28 22
29 24
29 31
30 3
30 31
31 7
31 8
32 27
32 33
33 5
33 16
34 12
34 30
35 16
35 17
36 11
36 24
37 19
37 26

# solution 49
# n=38 sym=rot4 status=verified source=flammenkamp_cache/n38_rot4
# code=oJOFKSTEPGQ5W7ARV2E2K7V4G3D0PTYIaQX190MFbSa4B1J38CbOYLX6UHZNZ6ARU5WBLCN89HMDI
0 19
0 24
1 15
1 20
2 28
2 29
3 14
3 25
4 16
4 26
5 5
5 32
6 7
6 10
7 27
7 31
8 2
8 14
9 2
9 20
10 7
10 31
11 4
11 16
12 3
12 13
13 0
13 25
14 29
14 34
15 18
15 36
16 26
16 33
17 1
17 9
18 0
18 22
19 15
19 37
20 28
20 36
21 4
21 11
22 1
22 19
23 3
23 8
24 12
24 37
25 24
25 34
26 21
26 33
27 6
27 30
28 17
28 35
29 23
29 35
30 6
30 10
31 27
31 30
32 5
32 32
33 11
33 21
34 12
34 23
35 8
35 9
36 17
36 22
37 13
37 18

# solution 50
# n=38 sym=rot4 status=verified source=flammenkamp_cache/n38_rot4
# code=oFQ6Y9A1PLVKN4aBHDS8ZLZ0U3IET5OIb4A5UMPCF7WRX0JDW8NJY7b2G2T9OKQ1XEH6GCaRS3VBM
0 15
0 26
1 6
1 34
2 9
2 10
3 1
3 25
4 21
4 31
5 20
5 23
6 4
6 36
7 11
7 17
8 13
8 28
9 8
9 35
10 21
10 35
11 0
11 30
12 3
12 18
13 14
13 29
14 5
14 24
15 18
15 37
16 4
16 10
17 5
17 30
18 22
18 25
19 12
19 15
20 7
20 32
21 27
21 33
22 0
22 19
23 13
23 32
24 8
24 23
25 19
25 34
26 7
26 37
27 2
27 16
28 2
28 29
29 9
29 24
30 20
30 26
31 1
31 33
32 14
32 17
33 6
33 16
34 12
34 36
35 27
35 28
36 3
36 31
37 11
37 22

# solution 51
# n=38 sym=rot4 status=verified source=flammenkamp_cache/n38_rot4
# code=oAERVHJGM6C9Q1XHLDNQW1b59OXCT8b3I7YUZ2MFZ273UJY0T8P4DSW0a5BEOGK4aBSPVFLIK6ANR
0 10
0 14
1 27
1 31
2 17
2 19
3 16
3 22
4 6
4 12
5 9
5 26
6 1
6 33
7 17
7 21
8 13
8 23
9 26
9 32
10 1
10 37
11 5
11 9
12 24
12 33
13 12
13 29
14 8
14 37
15 3
15 18
16 7
16 34
17 30
17 35
18 2
18 22
19 15
19 35
20 2
20 7
21 3
21 30
22 19
22 34
23 0
23 29
24 8
24 25
25 4
25 13
26 28
26 32
27 0
27 36
28 5
28 11
29 14
29 24
30 16
30 20
31 4
31 36
32 11
32 28
33 25
33 31
34 15
34 21
35 18
35 20
36 6
36 10
37 23
37 27

# solution 52
# n=38 sym=rot4 status=verified source=flammenkamp_cache/n38_rot4
# code=o9BNVBK8AIRDG1NHT7YGb4YZbMOCW16CISW2UMX4F7Z59JPVa5PDF023X0L3U8KEaLOAJRTHQ6EQS
0 9
0 11
1 23
1 31
2 11
2 20
3 8
3 10
4 18
4 27
5 13
5 16
6 1
6 23
7 17
7 29
8 7
8 34
9 16
9 37
10 4
10 34
11 35
11 37
12 22
12 24
13 12
13 32
14 1
14 6
15 12
15 18
16 28
16 32
17 2
17 30
18 22
18 33
19 4
19 15
20 7
20 35
21 5
21 9
22 19
22 25
23 31
23 36
24 5
24 25
25 13
25 15
26 0
26 2
27 3
27 33
28 0
28 21
29 3
29 30
30 8
30 20
31 14
31 36
32 21
32 24
33 10
33 19
34 27
34 29
35 17
35 26
36 6
36 14
37 26
37 28

# solution 53
# n=38 sym=rot4 status=verified source=flammenkamp_cache/n38_rot4
# code=oIQ8AMT6SBNAH7YKV2a3DWa0XDNPS4C2IGL7WMb0F5UGLJZPX9CEO4b15OY1Z6H3UKREQ9V8FRTBJ
0 18
0 26
1 8
1 10
2 22
2 29
3 6
3 28
4 11
4 23
5 10
5 17
6 7
6 34
7 20
7 31
8 2
8 36
9 3
9 13
10 32
10 36
11 0
11 33
12 13
12 23
13 25
13 28
14 4
14 12
15 2
15 18
16 16
16 21
17 7
17 32
18 22
18 37
19 0
19 15
20 5
20 30
21 16
21 21
22 19
22 35
23 25
23 33
24 9
24 12
25 14
25 24
26 4
26 37
27 1
27 5
28 24
28 34
29 1
29 35
30 6
30 17
31 3
31 30
32 20
32 27
33 14
33 26
34 9
34 31
35 8
35 15
36 27
36 29
37 11
37 19

# solution 54
# n=38 sym=rot4 status=verified source=flammenkamp_cache/n38_rot4
# code=oIQ8RMT6SBNAH7YKV2a3D1W0XDNPS4C2IGL7WMb0F5UGLJZPX9CEO4b5aOY1Z6H3UKREQ9V8FATBJ
0 18
0 26
1 8
1 27
2 22
2 29
3 6
3 28
4 11
4 23
5 10
5 17
6 7
6 34
7 20
7 31
8 2
8 36
9 3
9 13
10 1
10 32
11 0
11 33
12 13
12 23
13 25
13 28
14 4
14 12
15 2
15 18
16 16
16 21
17 7
17 32
18 22
18 37
19 0
19 15
20 5
20 30
21 16
21 21
22 19
22 35
23 25
23 33
24 9
24 12
25 14
25 24
26 4
26 37
27 5
27 36
28 24
28 34
29 1
29 35
30 6
30 17
31 3
31 30
32 20
32 27
33 14
33 26
34 9
34 31
35 8
35 15
36 10
36 29
37 11
37 19

# solution 55
# n=38 sym=rot4 status=verified source=flammenkamp_cache/n38_rot4
# code=oLMJOBKOVRW4C3BKT7AEG4TVZNW13CS0I0S271MFaUZ9bJb9PYa5E268XLNRU8HQYPX5A6DHQDIFG
0 21
0 22
1 19
1 24
2 11
2 20
3 24
3 31
4 27
4 32
5 4
5 12
6 3
6 11
7 20
7 29
8 7
8 10
9 14
9 16
10 4
10 29
11 31
11 35
12 23
12 32
13 1
13 3
14 12
14 28
15 0
15 18
16 0
16 28
17 2
17 7
18 1
18 22
19 15
19 36
20 30
20 35
21 9
21 37
22 19
22 37
23 9
23 25
24 34
24 36
25 5
25 14
26 2
26 6
27 8
27 33
28 21
28 23
29 27
29 30
30 8
30 17
31 26
31 34
32 25
32 33
33 5
33 10
34 6
34 13
35 17
35 26
36 13
36 18
37 15
37 16

# solution 56
# n=38 sym=rot4 status=verified source=flammenkamp_cache/n38_rot4
# code=oGU1a7MACGNHTHN0Z5ADITYCDQYQS462IXbVWMS9F5604JZVX9B3BOP38JORW2bEK8KELPRFU1a7L
0 16
0 30
1 1
1 36
2 7
2 22
3 10
3 12
4 16
4 23
5 17
5 29
6 17
6 23
7 0
7 35
8 5
8 10
9 13
9 18
10 29
10 34
11 12
11 13
12 26
12 34
13 26
13 28
14 4
14 6
15 2
15 18
16 33
16 37
17 31
17 32
18 22
18 28
19 9
19 15
20 5
20 6
21 0
21 4
22 19
22 35
23 31
23 33
24 9
24 11
25 3
25 11
26 24
26 25
27 3
27 8
28 19
28 24
29 27
29 32
30 2
30 37
31 14
31 20
32 8
32 20
33 14
33 21
34 25
34 27
35 15
35 30
36 1
36 36
37 7
37 21

# solution 57
# n=38 sym=rot4 status=verified source=flammenkamp_cache/n38_rot4
# code=oCSMU4HDGRZCUHI15DS084QAGWbTYEN1IQYVZMV6F263BJaEN3805LRBXTb9OWaJK7P2ALOKX7F9P
0 12
0 28
1 22
1 30
2 4
2 17
3 13
3 16
4 27
4 35
5 12
5 30
6 17
6 18
7 1
7 5
8 13
8 28
9 0
9 8
10 4
10 26
11 10
11 16
12 32
12 37
13 29
13 34
14 14
14 23
15 1
15 18
16 26
16 34
17 31
17 35
18 22
18 31
19 6
19 15
20 2
20 6
21 3
21 11
22 19
22 36
23 14
23 23
24 3
24 8
25 0
25 5
26 21
26 27
27 11
27 33
28 29
28 37
29 9
29 24
30 32
30 36
31 19
31 20
32 7
32 25
33 2
33 10
34 21
34 24
35 20
35 33
36 7
36 15
37 9
37 25

# solution 58
# n=38 sym=rot4 status=verified source=flammenkamp_cache/n38_rot4
# code=o9CHT4FASVZIL4HBR1N3b7YGUObCE8OIZ5QVaMW5F16BW2JDTNP0D7L3U0YEaAQKXGJ269RMX8KPS
0 9
0 12
1 17
1 29
2 4
2 15
3 10
3 28
4 31
4 35
5 18
5 21
6 4
6 17
7 11
7 27
8 1
8 23
9 3
9 37
10 7
10 34
11 16
11 30
12 24
12 37
13 12
13 14
14 8
14 24
15 18
15 35
16 5
16 26
17 31
17 36
18 22
18 32
19 5
19 15
20 1
20 6
21 11
21 32
22 2
22 19
23 13
23 29
24 23
24 25
25 0
25 13
26 7
26 21
27 3
27 30
28 0
28 34
29 14
29 36
30 10
30 26
31 20
31 33
32 16
32 19
33 2
33 6
34 9
34 27
35 22
35 33
36 8
36 20
37 25
37 28

# solution 59
# n=38 sym=rot4 status=verified source=flammenkamp_cache/n38_rot4
# code=oKS4ECJTUBaHNPT3F360R9LGX6ZDO5aIUAQ0W2MFZ5bBR7J1WDO2V4LGSAbVYMY8CEK1Q78IPNX9H
0 20
0 28
1 4
1 14
2 12
2 19
3 29
3 30
4 11
4 36
5 17
5 23
6 25
6 29
7 3
7 15
8 3
8 6
9 0
9 27
10 9
10 21
11 16
11 33
12 6
12 35
13 13
13 24
14 5
14 36
15 18
15 30
16 10
16 26
17 0
17 32
18 2
18 22
19 15
19 35
20 5
20 37
21 11
21 27
22 7
22 19
23 1
23 32
24 13
24 24
25 2
25 31
26 4
26 21
27 16
27 28
28 10
28 37
29 31
29 34
30 22
30 34
31 8
31 12
32 14
32 20
33 1
33 26
34 7
34 8
35 18
35 25
36 23
36 33
37 9
37 17

# solution 60
# n=38 sym=rot4 status=verified source=flammenkamp_cache/n38_rot4
# code=o9P7F3KOZEQKOBTPa69TbGI4V0735GXIaNR25MRAFWZAE1J4LWYUb6XJL08SV1C8QDHBN2DHYMUCS
0 9
0 25
1 7
1 15
2 3
2 20
3 24
3 35
4 14
4 26
5 20
5 24
6 11
6 29
7 25
7 36
8 6
8 9
9 29
9 37
10 16
10 18
11 4
11 31
12 0
12 7
13 3
13 5
14 16
14 33
15 18
15 36
16 23
16 27
17 2
17 5
18 22
18 27
19 10
19 15
20 32
20 35
21 10
21 14
22 1
22 19
23 4
23 21
24 32
24 34
25 30
25 37
26 6
26 33
27 19
27 21
28 0
28 8
29 28
29 31
30 1
30 12
31 8
31 26
32 13
32 17
33 11
33 23
34 2
34 13
35 17
35 34
36 22
36 30
37 12
37 28

# solution 61
# n=38 sym=rot4 status=verified source=flammenkamp_cache/n38_rot4
# code=oCQ7YEH1GCHMSQU6a9O5TJO06Xb8ALZ5IEYXZAMFR243NJW2GRT04VbDI8WDS1V7B9FKPLaKN3UBP
0 12
0 26
1 7
1 34
2 14
2 17
3 1
3 16
4 12
4 17
5 22
5 28
6 26
6 30
7 6
7 36
8 9
8 24
9 5
9 29
10 19
10 24
11 0
11 6
12 33
12 37
13 8
13 10
14 21
14 35
15 5
15 18
16 14
16 34
17 33
17 35
18 10
18 22
19 15
19 27
20 2
20 4
21 3
21 23
22 19
22 32
23 2
23 16
24 27
24 29
25 0
25 4
26 31
26 37
27 13
27 18
28 8
28 32
29 13
29 28
30 1
30 31
31 7
31 11
32 9
32 15
33 20
33 25
34 21
34 36
35 20
35 23
36 3
36 30
37 11
37 25

# solution 62
# n=38 sym=rot4 status=verified source=flammenkamp_cache/n38_rot4
# code=oHQEV8EMTKOGS1U6L3Z5BCO0SIR4AZa3I7W4bMPCF0X5UJY12RXAJ9bDPQW2YGV7a9LDH8FNT6NBK
0 17
0 26
1 14
1 31
2 8
2 14
3 22
3 29
4 20
4 24
5 16
5 28
6 1
6 30
7 6
7 21
8 3
8 35
9 5
9 11
10 12
10 24
11 0
11 28
12 18
12 27
13 4
13 10
14 35
14 36
15 3
15 18
16 7
16 32
17 4
17 37
18 22
18 25
19 12
19 15
20 0
20 33
21 5
21 30
22 19
22 34
23 1
23 2
24 27
24 33
25 10
25 19
26 9
26 37
27 13
27 25
28 26
28 32
29 2
29 34
30 16
30 31
31 7
31 36
32 9
32 21
33 13
33 17
34 8
34 15
35 23
35 29
36 6
36 23
37 11
37 20

# solution 63
# n=38 sym=rot4 status=verified source=flammenkamp_cache/n38_rot4
# code=oGRNVHSKO8QUV155PEX2M0I4P7B3L1T9IDb3ZMRAF2Y0OJS8aGYQUCXJbFZ4NCWWa67BTDH9K6EAL
0 16
0 27
1 23
1 31
2 17
2 28
3 20
3 24
4 8
4 26
5 30
5 31
6 1
6 5
7 5
7 25
8 14
8 33
9 2
9 22
10 0
10 18
11 4
11 25
12 7
12 11
13 3
13 21
14 1
14 29
15 9
15 18
16 13
16 37
17 3
17 35
18 22
18 27
19 10
19 15
20 2
20 34
21 0
21 24
22 19
22 28
23 8
23 36
24 16
24 34
25 26
25 30
26 12
26 33
27 19
27 37
28 15
28 35
29 4
29 23
30 12
30 32
31 32
31 36
32 6
32 7
33 11
33 29
34 13
34 17
35 9
35 20
36 6
36 14
37 10
37 21

# solution 64
# n=38 sym=rot4 status=verified source=flammenkamp_cache/n38_rot4
# code=o9DILAK8KCN6UPW5GOYFbQZAN6X8b4BIS1U23Ma1FYZ7a9JQX0T4VER2B0M3DLW5C7VEPHTHRGJOS
0 9
0 13
1 18
1 21
2 10
2 20
3 8
3 20
4 12
4 23
5 6
5 30
6 25
6 32
7 5
7 16
8 24
8 34
9 15
9 37
10 26
10 35
11 10
11 23
12 6
12 33
13 8
13 37
14 4
14 11
15 18
15 28
16 1
16 30
17 2
17 3
18 22
18 36
19 1
19 15
20 34
20 35
21 7
21 36
22 9
22 19
23 26
23 33
24 0
24 29
25 4
25 31
26 14
26 27
27 2
27 11
28 0
28 22
29 3
29 13
30 21
30 32
31 5
31 12
32 7
32 31
33 14
33 25
34 17
34 29
35 17
35 27
36 16
36 19
37 24
37 28

# solution 65
# n=38 sym=rot4 status=verified source=flammenkamp_cache/n38_rot4
# code=oBOKNBLKVLPSV3589NU5UFPZb4A0I18IR2413MODFYaXZAJTaJbRX02CM7W7ESTWY69CG6HGQEHDQ
0 11
0 24
1 20
1 23
2 11
2 21
3 20
3 31
4 21
4 25
5 28
5 31
6 3
6 5
7 8
7 9
8 23
8 30
9 5
9 30
10 15
10 25
11 35
11 37
12 4
12 10
13 0
13 18
14 1
14 8
15 18
15 27
16 2
16 4
17 1
17 3
18 22
18 24
19 13
19 15
20 34
20 36
21 33
21 35
22 10
22 19
23 29
23 36
24 19
24 37
25 27
25 33
26 0
26 2
27 12
27 22
28 7
28 32
29 7
29 14
30 28
30 29
31 32
31 34
32 6
32 9
33 12
33 16
34 6
34 17
35 16
35 26
36 14
36 17
37 13
37 26

# solution 66
# n=38 sym=rot4 status=verified source=flammenkamp_cache/n38_rot4
# code=o9GCVAKPR5QFX1EHI8TOb3Z4D3a9QJVGWMb2UEU7N7Z0F5L6IBS1YOX2Y0D8TJKNa4MBWACHR6PLS
0 9
0 16
1 12
1 31
2 10
2 20
3 25
3 27
4 5
4 26
5 15
5 33
6 1
6 14
7 17
7 18
8 8
8 29
9 24
9 37
10 3
10 35
11 4
11 13
12 3
12 36
13 9
13 26
14 19
14 31
15 16
15 32
16 22
16 37
17 2
17 30
18 14
18 30
19 7
19 23
20 7
20 35
21 0
21 15
22 5
22 21
23 6
23 18
24 11
24 28
25 1
25 34
26 24
26 33
27 2
27 34
28 0
28 13
29 8
29 29
30 19
30 20
31 23
31 36
32 4
32 22
33 11
33 32
34 10
34 12
35 17
35 27
36 6
36 25
37 21
37 28

# solution 67
# n=38 sym=rot4 status=verified source=flammenkamp_cache/n38_rot4
# code=oBHDGQRPVIP8F3KESDW7R292b34TaIUGWMa6bNX4E0V1F5L7J18XY0ZSZAU5O9NHYMTCJ6CABLOKQ
0 11
0 17
1 13
1 16
2 26
2 27
3 25
3 31
4 18
4 25
5 8
5 15
6 3
6 20
7 14
7 28
8 13
8 32
9 7
9 27
10 2
10 9
11 2
11 37
12 3
12 4
13 29
13 36
14 18
14 30
15 16
15 32
16 22
16 36
17 6
17 37
18 23
18 33
19 4
19 14
20 0
20 31
21 1
21 15
22 5
22 21
23 7
23 19
24 1
24 8
25 33
25 34
26 0
26 35
27 28
27 35
28 10
28 30
29 5
29 24
30 9
30 23
31 17
31 34
32 22
32 29
33 12
33 19
34 6
34 12
35 10
35 11
36 21
36 24
37 20
37 26

# solution 68
# n=38 sym=rot4 status=verified source=flammenkamp_cache/n38_rot4
# code=o7EQRVY2C7LKO2KXbAGPQ1T199Y5JIbFM4T56DNEOVW8XFM0JIW3SSa8aBCLR04HZDHGUPZ36ABNU
0 7
0 14
1 26
1 27
2 31
2 34
3 2
3 12
4 7
4 21
5 20
5 24
6 2
6 20
7 33
7 37
8 10
8 16
9 25
9 26
10 1
10 29
11 1
11 9
12 9
12 34
13 5
13 19
14 18
14 37
15 15
15 22
16 4
16 29
17 5
17 6
18 13
18 23
19 14
19 24
20 31
20 32
21 8
21 33
22 15
22 22
23 0
23 19
24 18
24 32
25 3
25 28
26 28
26 36
27 8
27 36
28 11
28 12
29 21
29 27
30 0
30 4
31 17
31 35
32 13
32 17
33 16
33 30
34 25
34 35
35 3
35 6
36 10
36 11
37 23
37 30

# solution 69
# n=38 sym=rot4 status=verified source=flammenkamp_cache/n38_rot4
# code=o6RMPISDX369LXbAGHQ2W0U8O1HBYFI1N5UPTNZ2E8C7WEaJM3QKaDT7b5ZBKLR04GSVY4O9JCFAV
0 6
0 27
1 22
1 25
2 18
2 28
3 13
3 33
4 3
4 6
5 9
5 21
6 33
6 37
7 10
7 16
8 17
8 26
9 2
9 32
10 0
10 30
11 8
11 24
12 1
12 17
13 11
13 34
14 15
14 18
15 1
15 23
16 5
16 30
17 25
17 29
18 23
18 35
19 2
19 14
20 8
20 12
21 7
21 32
22 14
22 36
23 19
23 22
24 3
24 26
25 20
25 36
26 13
26 29
27 7
27 37
28 5
28 35
29 11
29 20
30 21
30 27
31 0
31 4
32 16
32 28
33 31
33 34
34 4
34 24
35 9
35 19
36 12
36 15
37 10
37 31

# solution 70
# n=38 sym=rot4 status=verified source=flammenkamp_cache/n38_rot4
# code=oLSBDGHPVRSKU3O58RU0448Fa3I6aFINQ0Z5ZNPCE2W2bBEJM1VJY1MTXXb7ATWDY7H9A6CKLOQ9G
0 21
0 28
1 11
1 13
2 16
2 17
3 25
3 31
4 27
4 28
5 20
5 30
6 3
6 24
7 5
7 8
8 27
8 30
9 0
9 4
10 4
10 8
11 15
11 36
12 3
12 18
13 6
13 36
14 15
14 18
15 23
15 26
16 0
16 35
17 5
17 35
18 23
18 25
19 12
19 14
20 2
20 32
21 2
21 37
22 11
22 14
23 19
23 22
24 1
24 31
25 19
25 34
26 1
26 22
27 29
27 33
28 33
28 37
29 7
29 10
30 29
30 32
31 13
31 34
32 7
32 17
33 9
33 10
34 6
34 12
35 20
35 21
36 24
36 26
37 9
37 16

# solution 71
# n=38 sym=rot4 status=verified source=flammenkamp_cache/n38_rot4
# code=oCHOR9CHROVBI4G8SLU7Z13MWZb14IMBE8VYbNW5E036TNQFJXa025FYa2U7G9TLXJQ6DAKPSADKP
0 12
0 17
1 24
1 27
2 9
2 12
3 17
3 27
4 24
4 31
5 11
5 18
6 4
6 16
7 8
7 28
8 21
8 30
9 7
9 35
10 1
10 3
11 22
11 32
12 35
12 37
13 1
13 4
14 18
14 22
15 11
15 14
16 8
16 31
17 34
17 37
18 23
18 32
19 5
19 14
20 0
20 3
21 6
21 29
22 23
22 26
23 15
23 19
24 33
24 36
25 0
25 2
26 5
26 15
27 34
27 36
28 2
28 30
29 7
29 16
30 9
30 29
31 21
31 33
32 19
32 26
33 6
33 13
34 10
34 20
35 25
35 28
36 10
36 13
37 20
37 25

# solution 72
# n=38 sym=rot4 status=verified source=flammenkamp_cache/n38_rot4
# code=oHPDLLSVX3TBI3NCF4A2ASTHW0UMa6IDU12QbNW5E0BZa7OJV1F7b5K89RZRXMPEYJQ8Y469GGOCK
0 17
0 25
1 13
1 21
2 21
2 28
3 31
3 33
4 3
4 29
5 11
5 18
6 3
6 23
7 12
7 15
8 4
8 10
9 2
9 10
10 28
10 29
11 17
11 32
12 0
12 30
13 22
13 36
14 6
14 18
15 13
15 30
16 1
16 2
17 26
17 37
18 23
18 32
19 5
19 14
20 0
20 11
21 35
21 36
22 7
22 24
23 19
23 31
24 1
24 15
25 7
25 37
26 5
26 20
27 8
27 9
28 27
28 35
29 27
29 33
30 22
30 25
31 14
31 34
32 19
32 26
33 8
33 34
34 4
34 6
35 9
35 16
36 16
36 24
37 12
37 20

# solution 73
# n=38 sym=rot4 status=verified source=flammenkamp_cache/n38_rot4
# code=oFGPRKNSW7K3DBDLXAS381TJV1FVW2IPb7b24BNEQXZ0U0CJZ56Ma6I8aTY9R4GOQOYHU59EHACLM
0 15
0 16
1 25
1 27
2 20
2 23
3 28
3 32
4 7
4 20
5 3
5 13
6 11
6 13
7 21
7 33
8 10
8 28
9 3
9 8
10 1
10 29
11 19
11 31
12 1
12 15
13 31
13 32
14 2
14 18
15 25
15 37
16 7
16 37
17 2
17 4
18 11
18 23
19 14
19 26
20 33
20 35
21 0
21 30
22 0
22 12
23 19
23 35
24 5
24 6
25 22
25 36
26 6
26 18
27 8
27 36
28 29
28 34
29 9
29 27
30 4
30 16
31 24
31 26
32 24
32 34
33 17
33 30
34 5
34 9
35 14
35 17
36 10
36 12
37 21
37 22

# solution 74
# n=38 sym=rot4 status=verified source=flammenkamp_cache/n38_rot4
# code=o8CAQKNHJDV6L4WQSLb7FOa17MbAX2ICS582Y3NEY3ZTW9PJZ4R0FUa1DMU0G9B5XGV6OIKEHBRPT
0 8
0 12
1 10
1 26
2 20
2 23
3 17
3 19
4 13
4 31
5 6
5 21
6 4
6 32
7 26
7 28
8 21
8 37
9 7
9 15
10 24
10 36
11 1
11 7
12 22
12 37
13 10
13 33
14 2
14 18
15 12
15 28
16 5
16 8
17 2
17 34
18 3
18 23
19 14
19 34
20 3
20 35
21 29
21 32
22 9
22 25
23 19
23 35
24 4
24 27
25 0
25 15
26 30
26 36
27 1
27 13
28 22
28 30
29 0
29 16
30 9
30 11
31 5
31 33
32 16
32 31
33 6
33 24
34 18
34 20
35 14
35 17
36 11
36 27
37 25
37 29

# solution 75
# n=38 sym=rot4 status=verified source=flammenkamp_cache/n38_rot4
# code=oDIAMHR69PW4KTYLO69TY2aFL4N7bCI1Q7B5ZNb0E2WQUBaJP0UEXGM1Z38SVDG38HX5CSVAKFRJO
0 13
0 18
1 10
1 22
2 17
2 27
3 6
3 9
4 25
4 32
5 4
5 20
6 29
6 34
7 21
7 24
8 6
8 9
9 29
9 34
10 2
10 36
11 15
11 21
12 4
12 23
13 7
13 37
14 12
14 18
15 1
15 26
16 7
16 11
17 5
17 35
18 23
18 37
19 0
19 14
20 2
20 32
21 26
21 30
22 11
22 36
23 19
23 25
24 0
24 30
25 14
25 33
26 16
26 22
27 1
27 35
28 3
28 8
29 28
29 31
30 13
30 16
31 3
31 8
32 17
32 33
33 5
33 12
34 28
34 31
35 10
35 20
36 15
36 27
37 19
37 24

# solution 76
# n=38 sym=rot4 status=verified source=flammenkamp_cache/n38_rot4
# code=oWZAO0KAPEH0GLU6S8T7FYaFJ3O1CIXQS6W2XBNEQ4Z5V9B4JPaDYIM13MU8T9V7GLbKNCRHbDR25
0 32
0 35
1 10
1 24
2 0
2 20
3 10
3 25
4 14
4 17
5 0
5 16
6 21
6 30
7 6
7 28
8 8
8 29
9 7
9 15
10 34
10 36
11 15
11 19
12 3
12 24
13 1
13 12
14 18
14 33
15 26
15 28
16 6
16 32
17 2
17 33
18 11
18 23
19 14
19 26
20 4
20 35
21 5
21 31
22 9
22 11
23 4
23 19
24 25
24 36
25 13
25 34
26 18
26 22
27 1
27 3
28 22
28 30
29 8
29 29
30 9
30 31
31 7
31 16
32 21
32 37
33 20
33 23
34 12
34 27
35 17
35 37
36 13
36 27
37 2
37 5

# solution 77
# n=38 sym=rot4 status=verified source=flammenkamp_cache/n38_rot4
# code=oHLQS8KAODIRUCM5T7Z1G5Y1FEV3XIP6Q0S2bNX4E0Z9bBVCJ4Y6NMa3WLa2U8WFP7AJODRHT9BGK
0 17
0 21
1 26
1 28
2 8
2 20
3 10
3 24
4 13
4 18
5 27
5 30
6 12
6 22
7 5
7 29
8 7
8 35
9 1
9 16
10 5
10 34
11 1
11 15
12 14
12 31
13 3
13 33
14 18
14 25
15 6
15 26
16 0
16 28
17 2
17 37
18 23
18 33
19 4
19 14
20 0
20 35
21 9
21 37
22 11
22 31
23 12
23 19
24 4
24 34
25 6
25 23
26 22
26 36
27 3
27 32
28 21
28 36
29 2
29 30
30 8
30 32
31 15
31 25
32 7
32 10
33 19
33 24
34 13
34 27
35 17
35 29
36 9
36 11
37 16
37 20

# solution 78
# n=38 sym=rot4 status=verified source=flammenkamp_cache/n38_rot4
# code=oLSBFCHRT5O7XCJTW370G3OMaVZ4AHIBa0SNZ6NEV2E9b1QJKRX261FDYLbUY58IP4UDW8AKPMQ9G
0 21
0 28
1 11
1 15
2 12
2 17
3 27
3 29
4 5
4 24
5 7
5 33
6 12
6 19
7 29
7 32
8 3
8 7
9 0
9 16
10 3
10 24
11 22
11 36
12 31
12 35
13 4
13 10
14 17
14 18
15 11
15 36
16 0
16 28
17 23
17 35
18 6
18 23
19 14
19 31
20 2
20 14
21 9
21 37
22 1
22 26
23 19
23 20
24 27
24 33
25 2
25 6
26 1
26 15
27 13
27 34
28 21
28 37
29 30
29 34
30 5
30 8
31 18
31 25
32 4
32 30
33 13
33 32
34 8
34 10
35 20
35 25
36 22
36 26
37 9
37 16

# solution 79
# n=38 sym=rot4 status=verified source=flammenkamp_cache/n38_rot4
# code=oHYDLAB0O6IGV5XPSCF7FKZNZ7T3aBIST1WAbNX4E0R5a89JQ1Y8U2E2HMUMP9C4W6LJVDbQRGO3K
0 17
0 34
1 13
1 21
2 10
2 11
3 0
3 24
4 6
4 18
5 16
5 31
6 5
6 33
7 25
7 28
8 12
8 15
9 7
9 15
10 20
10 35
11 23
11 35
12 7
12 29
13 3
13 36
14 11
14 18
15 28
15 29
16 1
16 32
17 10
17 37
18 23
18 33
19 4
19 14
20 0
20 27
21 5
21 36
22 8
22 9
23 19
23 26
24 1
24 34
25 8
25 30
26 2
26 14
27 2
27 17
28 22
28 30
29 22
29 25
30 9
30 12
31 4
31 32
32 6
32 21
33 19
33 31
34 13
34 37
35 26
35 27
36 16
36 24
37 3
37 20

# solution 80
# n=38 sym=rot4 status=verified source=flammenkamp_cache/n38_rot4
# code=oJRCFKUCDKR8O9T2L6WFV04BQYa5YILSa7E240NEbXZNU19GJ3W13BQXb6M5VGZ8SDTAHOP7HMPAI
0 19
0 27
1 12
1 15
2 20
2 30
3 12
3 13
4 20
4 27
5 8
5 24
6 9
6 29
7 2
7 21
8 6
8 32
9 15
9 31
10 0
10 4
11 11
11 26
12 34
12 36
13 5
13 34
14 18
14 21
15 28
15 36
16 7
16 14
17 2
17 4
18 0
18 23
19 14
19 37
20 33
20 35
21 23
21 30
22 1
22 9
23 16
23 19
24 3
24 32
25 1
25 3
26 11
26 26
27 33
27 37
28 6
28 22
29 5
29 31
30 16
30 35
31 8
31 28
32 13
32 29
33 10
33 17
34 24
34 25
35 7
35 17
36 22
36 25
37 10
37 18

# solution 81
# n=38 sym=rot4 status=verified source=flammenkamp_cache/n38_rot4
# code=oHMBCHI5R8OVY5CLT7XFG3ONaVa4ABI0S7SZbNZ2E029U9bJQRX161EDYLM4U8GPW36DTAWJKPQFK
0 17
0 22
1 11
1 12
2 17
2 18
3 5
3 27
4 8
4 24
5 31
5 34
6 5
6 12
7 21
7 29
8 7
8 33
9 15
9 16
10 3
10 24
11 23
11 36
12 31
12 36
13 4
13 10
14 11
14 18
15 0
15 28
16 7
16 28
17 35
17 37
18 23
18 35
19 2
19 14
20 0
20 2
21 9
21 30
22 9
22 37
23 19
23 26
24 27
24 33
25 1
25 6
26 1
26 14
27 13
27 34
28 21
28 22
29 4
29 30
30 8
30 16
31 25
31 32
32 3
32 6
33 13
33 29
34 10
34 32
35 19
35 20
36 25
36 26
37 15
37 20

# solution 82
# n=38 sym=rot4 status=verified source=flammenkamp_cache/n38_rot4
# code=o9CLOBWEK6S2MAXHT7F4bCVIZRb1LIY5T1D3UNQBE7YOa8W3JGa0A2J6P0XMU8K4RFZ9VHN5QDGPS
0 9
0 12
1 21
1 24
2 11
2 32
3 14
3 20
4 6
4 28
5 2
5 22
6 10
6 33
7 17
7 29
8 7
8 15
9 4
9 37
10 12
10 31
11 18
11 35
12 27
12 37
13 1
13 21
14 18
14 34
15 5
15 29
16 1
16 13
17 3
17 30
18 23
18 26
19 11
19 14
20 7
20 34
21 24
21 36
22 8
22 32
23 3
23 19
24 16
24 36
25 0
25 10
26 2
26 19
27 6
27 25
28 0
28 33
29 22
29 30
30 8
30 20
31 4
31 27
32 15
32 35
33 9
33 31
34 17
34 23
35 5
35 26
36 13
36 16
37 25
37 28

# solution 83
# n=38 sym=rot4 status=verified source=flammenkamp_cache/n38_rot4
# code=o2QFRGbAD5KCX7QFVGJCO1Y06SW9YIKUaTZ4E8NETNX2817HJ3S59Vb3aDPIL6MBU4PHWOR0LAMBZ
0 2
0 26
1 15
1 27
2 16
2 37
3 10
3 13
4 5
4 20
5 12
5 33
6 7
6 26
7 15
7 31
8 16
8 19
9 12
9 24
10 1
10 34
11 0
11 6
12 28
12 32
13 9
13 34
14 18
14 20
15 30
15 36
16 29
16 35
17 4
17 14
18 8
18 23
19 14
19 29
20 23
20 33
21 2
21 8
22 1
22 7
23 17
23 19
24 3
24 28
25 5
25 9
26 31
26 37
27 3
27 36
28 13
28 25
29 18
29 21
30 6
30 22
31 11
31 30
32 4
32 25
33 17
33 32
34 24
34 27
35 0
35 21
36 10
36 22
37 11
37 35

# solution 84
# n=38 sym=rot4 status=verified source=flammenkamp_cache/n38_rot4
# code=o8JERLO9KCR8M7FPVWbGY14BQ7X2KIa5V2S3D0NEbOY9Z6W1JHZ4UBQXa3L056CMUFTAPHSDGANIT
0 8
0 19
1 14
1 27
2 21
2 24
3 9
3 20
4 12
4 27
5 8
5 22
6 7
6 15
7 25
7 31
8 32
8 37
9 16
9 34
10 1
10 4
11 11
11 26
12 7
12 33
13 2
13 20
14 18
14 36
15 5
15 31
16 2
16 28
17 3
17 13
18 0
18 23
19 14
19 37
20 24
20 34
21 9
21 35
22 6
22 32
23 1
23 19
24 17
24 35
25 4
25 30
26 11
26 26
27 33
27 36
28 3
28 21
29 0
29 5
30 6
30 12
31 22
31 30
32 15
32 29
33 10
33 25
34 17
34 28
35 13
35 16
36 10
36 23
37 18
37 29

# solution 85
# n=38 sym=rot4 status=verified source=flammenkamp_cache/n38_rot4
# code=o8CFL7QUWBI38MS3ZWb6HHL2XDbEPIO6a1ARSNX4E9ARa1VDJCN0O4ZGKKV052Y9FTYJQ57BUGMPT
0 8
0 12
1 15
1 21
2 7
2 26
3 30
3 32
4 11
4 18
5 3
5 8
6 22
6 28
7 3
7 35
8 32
8 37
9 6
9 17
10 17
10 21
11 2
11 33
12 13
12 37
13 14
13 25
14 18
14 24
15 6
15 36
16 1
16 10
17 27
17 28
18 23
18 33
19 4
19 14
20 9
20 10
21 27
21 36
22 1
22 31
23 13
23 19
24 12
24 23
25 0
25 24
26 4
26 35
27 16
27 20
28 20
28 31
29 0
29 5
30 2
30 34
31 9
31 15
32 29
32 34
33 19
33 26
34 5
34 7
35 11
35 30
36 16
36 22
37 25
37 29

# solution 86
# n=38 sym=rot4 status=verified source=flammenkamp_cache/n38_rot4
# code=o8HLM5SBPISFZPU6T7b24GHNY36DOBI1W1RRbNX4E0AAa5aJQDOVY3EKLXZ0U8V7C2M9JCQ9WFGKT
0 8
0 17
1 21
1 22
2 5
2 28
3 11
3 25
4 18
4 28
5 15
5 35
6 25
6 30
7 6
7 29
8 7
8 37
9 2
9 4
10 16
10 17
11 23
11 34
12 3
12 6
13 13
13 24
14 11
14 18
15 1
15 32
16 1
16 27
17 27
17 37
18 23
18 33
19 4
19 14
20 0
20 10
21 10
21 36
22 5
22 36
23 19
23 26
24 13
24 24
25 31
25 34
26 3
26 14
27 20
27 21
28 33
28 35
29 0
29 30
30 8
30 31
31 7
31 12
32 2
32 22
33 9
33 19
34 12
34 26
35 9
35 32
36 15
36 16
37 20
37 29

# solution 87
# n=38 sym=rot4 status=verified source=flammenkamp_cache/n38_rot4
# code=oILDEFQ8A7TCM6VSX4Y7HPY2HAWGaIa5Z0OQSNb0E9BDb2W1J1L5RKZ3CKU3X496VFP8URTBMNOGJ
0 18
0 21
1 13
1 14
2 15
2 26
3 8
3 10
4 7
4 29
5 12
5 22
6 6
6 31
7 28
7 33
8 4
8 34
9 7
9 17
10 25
10 34
11 2
11 17
12 10
12 32
13 16
13 36
14 18
14 36
15 5
15 35
16 0
16 24
17 26
17 28
18 23
18 37
19 0
19 14
20 9
20 11
21 13
21 37
22 2
22 32
23 1
23 19
24 1
24 21
25 5
25 27
26 20
26 35
27 3
27 12
28 20
28 30
29 3
29 33
30 4
30 9
31 6
31 31
32 15
32 25
33 8
33 30
34 27
34 29
35 11
35 22
36 23
36 24
37 16
37 19

# solution 88
# n=38 sym=rot4 status=verified source=flammenkamp_cache/n38_rot4
# code=oKQMOBT5AJRMY6V8H2UGP4Y0Z9E1LIP15DS0U4NEX7b9OWaCJGaNS2b3XCL7ZKT6V3FAIRW8QDFBH
0 20
0 26
1 22
1 24
2 11
2 29
3 5
3 10
4 19
4 27
5 22
5 34
6 6
6 31
7 8
7 17
8 2
8 30
9 16
9 25
10 4
10 34
11 0
11 35
12 9
12 14
13 1
13 21
14 18
14 25
15 1
15 5
16 13
16 28
17 0
17 30
18 4
18 23
19 14
19 33
20 7
20 37
21 9
21 24
22 32
22 36
23 12
23 19
24 16
24 36
25 23
25 28
26 2
26 37
27 3
27 33
28 12
28 21
29 7
29 35
30 20
30 29
31 6
31 31
32 3
32 15
33 10
33 18
34 27
34 32
35 8
35 26
36 13
36 15
37 11
37 17

# solution 89
# n=38 sym=rot4 status=verified source=flammenkamp_cache/n38_rot4
# code=oBSHM9H6RRTMUIY5O4G0Z34GbDN7PCI15QTZaNV6E128BWaJPCUEO0LXY2bLXDW3J7F8AAVKSFK9Q
0 11
0 28
1 17
1 22
2 9
2 17
3 6
3 27
4 27
4 29
5 22
5 30
6 18
6 34
7 5
7 24
8 4
8 16
9 0
9 35
10 3
10 4
11 16
11 37
12 13
12 23
13 7
13 25
14 12
14 18
15 1
15 5
16 26
16 29
17 35
17 36
18 23
18 31
19 6
19 14
20 1
20 2
21 8
21 11
22 32
22 36
23 19
23 25
24 12
24 30
25 14
25 24
26 0
26 21
27 33
27 34
28 2
28 37
29 21
29 33
30 13
30 32
31 3
31 19
32 7
32 15
33 8
33 10
34 10
34 31
35 20
35 28
36 15
36 20
37 9
37 26

# solution 90
# n=38 sym=rot4 status=verified source=flammenkamp_cache/n38_rot4
# code=oFPLSDL6ADTIMTYCH461ASYKN0UXZBI5b12BUNW5E7QZa0WJQ247bEH39RaVXKP38FJ8ORVGO9GCM
0 15
0 25
1 21
1 28
2 13
2 21
3 6
3 10
4 13
4 29
5 18
5 22
6 29
6 34
7 12
7 17
8 4
8 6
9 1
9 10
10 28
10 34
11 20
11 23
12 0
12 30
13 33
13 35
14 11
14 18
15 5
15 37
16 1
16 2
17 11
17 30
18 23
18 32
19 5
19 14
20 7
20 26
21 35
21 36
22 0
22 32
23 19
23 26
24 2
24 4
25 7
25 37
26 14
26 17
27 3
27 9
28 27
28 36
29 31
29 33
30 20
30 25
31 3
31 8
32 15
32 19
33 8
33 24
34 27
34 31
35 16
35 24
36 9
36 16
37 12
37 22

# solution 91
# n=38 sym=rot4 status=verified source=flammenkamp_cache/n38_rot4
# code=oJMLP9R8K6OGMUX69BYUZ2HET1O4CIQ051W3R0NEbAY5aWbBJPXDa8NKZ273QSV47FLDVHTASCGFI
0 19
0 22
1 21
1 25
2 9
2 27
3 8
3 20
4 6
4 24
5 16
5 22
6 30
6 33
7 6
7 9
8 11
8 34
9 30
9 35
10 2
10 17
11 14
11 29
12 1
12 24
13 4
13 12
14 18
14 26
15 0
15 5
16 1
16 32
17 3
17 27
18 0
18 23
19 14
19 37
20 10
20 34
21 5
21 36
22 32
22 37
23 11
23 19
24 25
24 33
25 13
25 36
26 8
26 23
27 20
27 35
28 2
28 7
29 3
29 26
30 28
30 31
31 4
31 7
32 15
32 21
33 13
33 31
34 17
34 29
35 10
35 28
36 12
36 16
37 15
37 18

# solution 92
# n=38 sym=rot4 status=verified source=flammenkamp_cache/n38_rot4
# code=oAFBO4KFLKZCT6VOS5C7NGbJaTW179IYb3R24BNEQXZAY03JSUa581I0LEUPW9D6V8P2HGMHXDQMR
0 10
0 15
1 11
1 24
2 4
2 20
3 15
3 21
4 20
4 35
5 12
5 29
6 6
6 31
7 24
7 28
8 5
8 12
9 7
9 23
10 16
10 37
11 19
11 36
12 29
12 32
13 1
13 7
14 9
14 18
15 34
15 37
16 3
16 27
17 2
17 4
18 11
18 23
19 14
19 26
20 33
20 35
21 10
21 34
22 0
22 3
23 19
23 28
24 30
24 36
25 5
25 8
26 1
26 18
27 0
27 21
28 14
28 30
29 25
29 32
30 9
30 13
31 6
31 31
32 8
32 25
33 2
33 17
34 16
34 22
35 17
35 33
36 13
36 26
37 22
37 27

# solution 93
# n=38 sym=rot4 status=verified source=flammenkamp_cache/n38_rot4
# code=oAFCGJP9FHTOROU6G4BKY5bET2a56IQYbUa9X2NEZ4S1703BJVW1Z8N0W3HQXLV7DAD8KMSCILPMR
0 10
0 15
1 12
1 16
2 19
2 25
3 9
3 15
4 17
4 29
5 24
5 27
6 24
6 30
7 6
7 16
8 4
8 11
9 20
9 34
10 5
10 37
11 14
11 29
12 2
12 36
13 5
13 6
14 18
14 26
15 34
15 37
16 30
16 36
17 9
17 33
18 2
18 23
19 14
19 35
20 4
20 28
21 1
21 7
22 0
22 3
23 11
23 19
24 31
24 32
25 1
25 35
26 8
26 23
27 0
27 32
28 3
28 17
29 26
29 33
30 21
30 31
31 7
31 13
32 10
32 13
33 8
33 20
34 22
34 28
35 12
35 18
36 21
36 25
37 22
37 27

# solution 94
# n=38 sym=rot4 status=verified source=flammenkamp_cache/n38_rot4
# code=oHMCP4JMSVZBO4GHT7L3R9OEW1a5AIQ038VUb2NEZ076TYbBJRW1a5NDSAYGU8KLXDQ269FIXCPFK
0 17
0 22
1 12
1 25
2 4
2 19
3 22
3 28
4 31
4 35
5 11
5 24
6 4
6 16
7 17
7 29
8 7
8 21
9 3
9 27
10 9
10 24
11 14
11 32
12 1
12 36
13 5
13 10
14 18
14 26
15 0
15 3
16 8
16 31
17 30
17 37
18 2
18 23
19 14
19 35
20 0
20 7
21 6
21 29
22 34
22 37
23 11
23 19
24 27
24 32
25 1
25 36
26 5
26 23
27 13
27 28
28 10
28 34
29 16
29 30
30 8
30 20
31 21
31 33
32 13
32 26
33 2
33 6
34 9
34 15
35 18
35 33
36 12
36 25
37 15
37 20

# solution 95
# n=38 sym=rot4 status=verified source=flammenkamp_cache/n38_rot4
# code=o6FJXFSGO1P9OBbET7A2WLTPV4B35IUZbAYHK1NEaHK3R027JWYQX6C8G5ZRU8N0QDSCaDL9M4IMV
0 6
0 15
1 19
1 33
2 15
2 28
3 16
3 24
4 1
4 25
5 9
5 24
6 11
6 37
7 14
7 29
8 7
8 10
9 2
9 32
10 21
10 29
11 25
11 31
12 4
12 11
13 3
13 5
14 18
14 30
15 35
15 37
16 10
16 34
17 17
17 20
18 1
18 23
19 14
19 36
20 17
20 20
21 3
21 27
22 0
22 2
23 7
23 19
24 32
24 34
25 26
25 33
26 6
26 12
27 8
27 16
28 5
28 35
29 27
29 30
30 8
30 23
31 0
31 26
32 13
32 28
33 12
33 36
34 13
34 21
35 9
35 22
36 4
36 18
37 22
37 31

# solution 96
# n=38 sym=rot4 status=verified source=flammenkamp_cache/n38_rot4
# code=oFJFL9TQW8G3QKSCR2X6Z7H35OUCNDIab1X6R0NEbAV4a01JOEP7DWYKU2V4ZAP9HBYLT5B8SGMIM
0 15
0 19
1 15
1 21
2 9
2 29
3 26
3 32
4 8
4 16
5 3
5 26
6 20
6 28
7 12
7 27
8 2
8 33
9 6
9 35
10 7
10 17
11 3
11 5
12 24
12 30
13 12
13 23
14 13
14 18
15 36
15 37
16 1
16 33
17 6
17 27
18 0
18 23
19 14
19 37
20 10
20 31
21 4
21 36
22 0
22 1
23 19
23 24
24 14
24 25
25 7
25 13
26 32
26 34
27 20
27 30
28 2
28 31
29 4
29 35
30 10
30 25
31 9
31 17
32 11
32 34
33 21
33 29
34 5
34 11
35 8
35 28
36 16
36 22
37 18
37 22

# solution 97
# n=38 sym=rot4 status=verified source=flammenkamp_cache/n38_rot4
# code=o9MFPJQ89VW4G4ADHLYYbHV2E1OCUIQ0a8WRU2NEZ7A5T1bBJ7PDaNZ6K033GKORXLX56STBICMFS
0 9
0 22
1 15
1 25
2 19
2 26
3 8
3 9
4 31
4 32
5 4
5 16
6 4
6 10
7 13
7 17
8 21
8 34
9 34
9 37
10 17
10 31
11 2
11 14
12 1
12 24
13 12
13 30
14 18
14 26
15 0
15 36
16 8
16 32
17 27
17 30
18 2
18 23
19 14
19 35
20 7
20 10
21 5
21 29
22 1
22 37
23 11
23 19
24 7
24 25
25 13
25 36
26 23
26 35
27 6
27 20
28 0
28 3
29 3
29 16
30 20
30 24
31 27
31 33
32 21
32 33
33 5
33 6
34 28
34 29
35 11
35 18
36 12
36 22
37 15
37 28

# solution 98
# n=38 sym=rot4 status=verified source=flammenkamp_cache/n38_rot4
# code=oAFJMRVOS7W4P2U6XBH3K2bOT5N3BCI1bGL9T1NEa8SGL0aJPQYEW8D0ZHYKQ4V7ZCX5U9D6AFIMR
0 10
0 15
1 19
1 22
2 27
2 31
3 24
3 28
4 7
4 32
5 4
5 25
6 2
6 30
7 6
7 33
8 11
8 17
9 3
9 20
10 2
10 37
11 24
11 29
12 5
12 23
13 3
13 11
14 12
14 18
15 1
15 37
16 16
16 21
17 9
17 29
18 1
18 23
19 14
19 36
20 8
20 28
21 16
21 21
22 0
22 36
23 19
23 25
24 26
24 34
25 14
25 32
26 8
26 13
27 0
27 35
28 17
28 34
29 20
29 26
30 4
30 31
31 7
31 35
32 12
32 33
33 5
33 30
34 9
34 13
35 6
35 10
36 15
36 18
37 22
37 27

# solution 99
# n=38 sym=rot4 status=verified source=flammenkamp_cache/n38_rot4
# code=oEFJTMY2DLQ9L6V9R1HUW7C4CQRJYHb2b45NT1DOa8EWX0Z0K3IABPXPU57KaAS6VGSBGOZ3F8IMN
0 14
0 15
1 19
1 29
2 22
2 34
3 2
3 13
4 21
4 26
5 9
5 21
6 6
6 31
7 9
7 27
8 1
8 17
9 30
9 32
10 7
10 12
11 4
11 12
12 26
12 27
13 19
13 34
14 17
14 37
15 2
15 37
16 4
16 5
17 23
17 29
18 1
18 13
19 24
19 36
20 8
20 14
21 32
21 33
22 0
22 35
23 0
23 20
24 3
24 18
25 10
25 11
26 25
26 33
27 25
27 30
28 5
28 7
29 20
29 36
30 10
30 28
31 6
31 31
32 16
32 28
33 11
33 16
34 24
34 35
35 3
35 15
36 8
36 18
37 22
37 23

# solution 100
# n=38 sym=rot4 status=verified source=flammenkamp_cache/n38_rot4
# code=oEFJT3MDZLQ9L6V9R1HUW7C4CQRJYHb2b45NT1DOa8EWX0Z0K3IABPXPU57KaAS6VGSBG2OFY8IMN
0 14
0 15
1 19
1 29
2 3
2 22
3 13
3 35
4 21
4 26
5 9
5 21
6 6
6 31
7 9
7 27
8 1
8 17
9 30
9 32
10 7
10 12
11 4
11 12
12 26
12 27
13 19
13 34
14 17
14 37
15 2
15 37
16 4
16 5
17 23
17 29
18 1
18 13
19 24
19 36
20 8
20 14
21 32
21 33
22 0
22 35
23 0
23 20
24 3
24 18
25 10
25 11
26 25
26 33
27 25
27 30
28 5
28 7
29 20
29 36
30 10
30 28
31 6
31 31
32 16
32 28
33 11
33 16
34 2
34 24
35 15
35 34
36 8
36 18
37 22
37 23

# solution 101
# n=38 sym=rot4 status=verified source=flammenkamp_cache/n38_rot4
# code=o8CRWSWDKJL12FQ9ELb2U1P6MAbIYHUBV483N4ODXEYTX6Q7K3J0RFVCa7Z0GNSBMZaGIHO595APT
0 8
0 12
1 27
1 32
2 28
2 32
3 13
3 20
4 19
4 21
5 1
5 2
6 15
6 26
7 9
7 14
8 21
8 37
9 2
9 30
10 1
10 25
11 6
11 22
12 10
12 37
13 18
13 34
14 17
14 30
15 11
15 31
16 4
16 8
17 3
17 23
18 4
18 24
19 13
19 33
20 14
20 34
21 29
21 33
22 6
22 26
23 7
23 20
24 3
24 19
25 0
25 27
26 15
26 31
27 12
27 36
28 7
28 35
29 0
29 16
30 23
30 28
31 11
31 22
32 35
32 36
33 16
33 18
34 17
34 24
35 5
35 9
36 5
36 10
37 25
37 29

# solution 102
# n=38 sym=rot4 status=verified source=flammenkamp_cache/n38_rot4
# code=oGKMR7PPWBG396VIZRS8W18FX23INDH1QXb0NOU7DEb04BaKOEJYZ4MTa5T9A2J6VSYLQ5CCUAFHL
0 16
0 20
1 22
1 27
2 7
2 25
3 25
3 32
4 11
4 16
5 3
5 9
6 6
6 31
7 18
7 35
8 27
8 28
9 8
9 32
10 1
10 8
11 15
11 33
12 2
12 3
13 18
13 23
14 13
14 17
15 1
15 26
16 33
16 37
17 0
17 23
18 24
18 30
19 7
19 13
20 14
20 37
21 0
21 4
22 11
22 36
23 20
23 24
24 14
24 19
25 34
25 35
26 4
26 22
27 29
27 36
28 5
28 29
29 9
29 10
30 2
30 19
31 6
31 31
32 28
32 34
33 21
33 26
34 5
34 12
35 12
35 30
36 10
36 15
37 17
37 21

# solution 103
# n=38 sym=rot4 status=verified source=flammenkamp_cache/n38_rot4
# code=oGNPR2Z9B69GIOXBKAKXY1TUY1F6I0FNPWb78OW5DTU05CEMbJVMa378a34HRHQ4DJLSVQS2ZACEL
0 16
0 23
1 25
1 27
2 2
2 35
3 9
3 11
4 6
4 9
5 16
5 18
6 24
6 33
7 11
7 20
8 10
8 20
9 33
9 34
10 1
10 29
11 30
11 34
12 1
12 15
13 6
13 18
14 0
14 15
15 23
15 25
16 32
16 37
17 7
17 8
18 24
18 32
19 5
19 13
20 29
20 30
21 0
21 5
22 12
22 14
23 22
23 37
24 19
24 31
25 22
25 36
26 3
26 7
27 8
27 36
28 3
28 4
29 17
29 27
30 17
30 26
31 4
31 13
32 19
32 21
33 28
33 31
34 26
34 28
35 2
35 35
36 10
36 12
37 14
37 21

# solution 104
# n=38 sym=rot4 status=verified source=flammenkamp_cache/n38_rot4
# code=oLRELPS7VDUQR3J4YFH2K055C2QIXFaNT019T6ODV8Sab8E1M4JBZPWWbHZKM3XIYAB7O6U9CGNAG
0 21
0 27
1 14
1 21
2 25
2 28
3 7
3 31
4 13
4 30
5 26
5 27
6 3
6 19
7 4
7 34
8 15
8 17
9 2
9 20
10 0
10 5
11 5
11 12
12 2
12 26
13 18
13 33
14 15
14 36
15 23
15 29
16 0
16 1
17 9
17 29
18 6
18 24
19 13
19 31
20 8
20 28
21 36
21 37
22 8
22 14
23 1
23 22
24 4
24 19
25 11
25 35
26 25
26 32
27 32
27 37
28 17
28 35
29 20
29 22
30 3
30 33
31 18
31 34
32 10
32 11
33 7
33 24
34 6
34 30
35 9
35 12
36 16
36 23
37 10
37 16

# solution 105
# n=38 sym=rot4 status=verified source=flammenkamp_cache/n38_rot4
# code=oFILXPS7A1F7RHTWY692T5YCK2QILENXb1DBVOb0D6QOa04ENGJBZHP3W8ZSV358KAUMaRU9C4GJM
0 15
0 18
1 21
1 33
2 25
2 28
3 7
3 10
4 1
4 15
5 7
5 27
6 17
6 29
7 32
7 34
8 6
8 9
9 2
9 29
10 5
10 34
11 12
11 20
12 2
12 26
13 18
13 21
14 14
14 23
15 33
15 37
16 1
16 13
17 11
17 31
18 24
18 37
19 0
19 13
20 6
20 26
21 24
21 36
22 0
22 4
23 14
23 23
24 16
24 19
25 11
25 35
26 17
26 25
27 3
27 32
28 8
28 35
29 28
29 31
30 3
30 5
31 8
31 20
32 10
32 30
33 22
33 36
34 27
34 30
35 9
35 12
36 4
36 16
37 19
37 22

# solution 106
# n=38 sym=rot4 status=verified source=flammenkamp_cache/n38_rot4
# code=oAKGUBPFHMT7LIT1W46OR9bPZ2B9IEN4Y5a0YOV6D3b1W3XENJSQZ2C0SADVX5a8JGU8FKMCQ7LHR
0 10
0 20
1 16
1 30
2 11
2 25
3 15
3 17
4 22
4 29
5 7
5 21
6 18
6 29
7 1
7 32
8 4
8 6
9 24
9 27
10 9
10 37
11 25
11 35
12 2
12 11
13 9
13 18
14 14
14 23
15 4
15 34
16 5
16 36
17 0
17 34
18 24
18 31
19 6
19 13
20 3
20 37
21 1
21 32
22 3
22 33
23 14
23 23
24 19
24 28
25 26
25 35
26 2
26 12
27 0
27 28
28 10
28 13
29 31
29 33
30 5
30 36
31 8
31 19
32 16
32 30
33 8
33 15
34 20
34 22
35 12
35 26
36 7
36 21
37 17
37 27

# solution 107
# n=38 sym=rot4 status=verified source=flammenkamp_cache/n38_rot4
# code=oFJHTBM8CUVLQ4N4A1YHLPU5ZAYEI6O2b59Sa0ODb19SW0ZDVJN3R2W7CGK3aRXEXBG67PTFQ8KIM
0 15
0 19
1 17
1 29
2 11
2 22
3 8
3 12
4 30
4 31
5 21
5 26
6 4
6 23
7 4
7 10
8 1
8 34
9 17
9 21
10 25
10 30
11 5
11 35
12 10
12 34
13 14
13 18
14 6
14 24
15 2
15 37
16 5
16 9
17 28
17 36
18 0
18 24
19 13
19 37
20 1
20 9
21 28
21 32
22 0
22 35
23 13
23 31
24 19
24 23
25 3
25 27
26 2
26 32
27 7
27 12
28 16
28 20
29 3
29 36
30 27
30 33
31 14
31 33
32 11
32 16
33 6
33 7
34 25
34 29
35 15
35 26
36 8
36 20
37 18
37 22

# solution 108
# n=38 sym=rot4 status=verified source=flammenkamp_cache/n38_rot4
# code=oQXKN8FIQ0G9M6VGPHZRW9P037AIN1D5ZUX1TOY3D8a472WOaEJRUYbCS5A2KCL6VFSLbBJMTEH4B
0 26
0 33
1 20
1 23
2 8
2 15
3 18
3 26
4 0
4 16
5 9
5 22
6 6
6 31
7 16
7 25
8 17
8 35
9 27
9 32
10 9
10 25
11 0
11 3
12 7
12 10
13 18
13 23
14 1
14 13
15 5
15 35
16 30
16 33
17 1
17 29
18 24
18 34
19 3
19 13
20 8
20 36
21 4
21 7
22 2
22 32
23 24
23 36
24 14
24 19
25 27
25 30
26 34
26 37
27 12
27 28
28 5
28 10
29 2
29 20
30 12
30 21
31 6
31 31
32 15
32 28
33 21
33 37
34 11
34 19
35 22
35 29
36 14
36 17
37 4
37 11

# solution 109
# n=38 sym=rot4 status=verified source=flammenkamp_cache/n38_rot4
# code=oFLCNKLBF8SCS6VIRQX457H8YWaIN1DYb022ROU7DAZZb03OaEJ153TKUWX4BAJ6V9P9TMQGHEPGM
0 15
0 21
1 12
1 23
2 20
2 21
3 11
3 15
4 8
4 28
5 12
5 28
6 6
6 31
7 18
7 27
8 26
8 33
9 4
9 5
10 7
10 17
11 8
11 34
12 32
12 36
13 18
13 23
14 1
14 13
15 34
15 37
16 0
16 2
17 2
17 27
18 24
18 30
19 7
19 13
20 10
20 35
21 35
21 37
22 0
22 3
23 24
23 36
24 14
24 19
25 1
25 5
26 3
26 29
27 20
27 30
28 32
28 33
29 4
29 11
30 10
30 19
31 6
31 31
32 9
32 25
33 9
33 29
34 22
34 26
35 16
35 17
36 14
36 25
37 16
37 22

# solution 110
# n=38 sym=rot4 status=verified source=flammenkamp_cache/n38_rot4
# code=oCFIR5M9KBETZ7TBV56AY1SUXEbIKPX2bGL3DOa1DOYGL0Z4CHJ0N479a3RVW6Q8U28NQHSFWAJMP
0 12
0 15
1 18
1 27
2 5
2 22
3 9
3 20
4 11
4 14
5 29
5 35
6 7
6 29
7 11
7 31
8 5
8 6
9 10
9 34
10 1
10 28
11 30
11 33
12 14
12 37
13 18
13 20
14 25
14 33
15 2
15 37
16 16
16 21
17 3
17 13
18 24
18 36
19 1
19 13
20 24
20 34
21 16
21 21
22 0
22 35
23 4
23 12
24 17
24 19
25 0
25 23
26 4
26 7
27 9
27 36
28 3
28 27
29 31
29 32
30 6
30 26
31 8
31 30
32 2
32 8
33 23
33 26
34 17
34 28
35 15
35 32
36 10
36 19
37 22
37 25

# solution 111
# n=38 sym=rot4 status=verified source=flammenkamp_cache/n38_rot4
# code=oHPBZ1FIVEHDS38FGQV5ALS8a0NIWCXUZAUXbOY3D047R274P5JEb1T9GRW6BLMTY9OKN6JMa2QCK
0 17
0 25
1 11
1 35
2 1
2 15
3 18
3 31
4 14
4 17
5 13
5 28
6 3
6 8
7 15
7 16
8 26
8 31
9 5
9 10
10 21
10 28
11 8
11 36
12 0
12 23
13 18
13 32
14 12
14 33
15 30
15 35
16 10
16 30
17 33
17 37
18 24
18 34
19 3
19 13
20 0
20 4
21 7
21 27
22 2
22 7
23 4
23 25
24 5
24 19
25 14
25 37
26 1
26 29
27 9
27 16
28 27
28 32
29 6
29 11
30 21
30 22
31 29
31 34
32 9
32 24
33 20
33 23
34 6
34 19
35 22
35 36
36 2
36 26
37 12
37 20

# solution 112
# n=38 sym=rot4 status=verified source=flammenkamp_cache/n38_rot4
# code=oEF5D4QIMQZ8a6VLPGWAHHS247NIaCb3b7TRSOY3D9A8U0Y0P1JEUXZ9KKR5LCG6V1T2BFJBXOWMN
0 14
0 15
1 5
1 13
2 4
2 26
3 18
3 22
4 26
4 35
5 8
5 36
6 6
6 31
7 21
7 25
8 16
8 32
9 10
9 17
10 17
10 28
11 2
11 4
12 7
12 23
13 18
13 36
14 12
14 37
15 3
15 37
16 7
16 29
17 27
17 28
18 24
18 34
19 3
19 13
20 9
20 10
21 8
21 30
22 0
22 34
23 0
23 25
24 1
24 19
25 14
25 30
26 33
26 35
27 9
27 20
28 20
28 27
29 5
29 21
30 12
30 16
31 6
31 31
32 1
32 29
33 2
33 11
34 15
34 19
35 11
35 33
36 24
36 32
37 22
37 23

# solution 113
# n=38 sym=rot4 status=verified source=flammenkamp_cache/n38_rot4
# code=oKLPXFJ7B1W49LPTY7REW8KEY16FIQSOZ060A2ODZRbVb2D9BJMVa3NHT5NAU38CGSX5aQUIM4CGH
0 20
0 21
1 25
1 33
2 15
2 19
3 7
3 11
4 1
4 32
5 4
5 9
6 21
6 25
7 29
7 34
8 7
8 27
9 14
9 32
10 8
10 20
11 14
11 34
12 1
12 6
13 15
13 18
14 26
14 28
15 24
15 35
16 0
16 6
17 0
17 10
18 2
18 24
19 13
19 35
20 27
20 37
21 31
21 37
22 2
22 13
23 9
23 11
24 19
24 22
25 31
25 36
26 3
26 23
27 17
27 29
28 5
28 23
29 10
29 30
30 3
30 8
31 12
31 16
32 28
32 33
33 5
33 36
34 26
34 30
35 18
35 22
36 4
36 12
37 16
37 17

# solution 114
# n=38 sym=rot4 status=verified source=flammenkamp_cache/n38_rot4
# code=oNOAGCL7J6SPV5XTY7A4MTaEM5Z0I0Q9B2aHK3ODYHK1ZQSBbJb2WFN18FXRU384W6C9VIUGPLRDE
0 23
0 24
1 10
1 16
2 12
2 21
3 7
3 19
4 6
4 28
5 25
5 31
6 5
6 33
7 29
7 34
8 7
8 10
9 4
9 22
10 29
10 36
11 14
11 22
12 5
12 35
13 0
13 18
14 0
14 26
15 9
15 11
16 2
16 36
17 17
17 20
18 3
18 24
19 13
19 34
20 17
20 20
21 1
21 35
22 26
22 28
23 11
23 37
24 19
24 37
25 2
25 32
26 15
26 23
27 1
27 8
28 15
28 33
29 27
29 30
30 3
30 8
31 4
31 32
32 6
32 12
33 9
33 31
34 18
34 30
35 16
35 25
36 21
36 27
37 13
37 14

# solution 115
# n=38 sym=rot4 status=verified source=flammenkamp_cache/n38_rot4
# code=oLSILCY2AEM7A9TMW6H0VWYCEQZIKQX4701DTOa1D8OabUX4BHJ2BNP356bKV5F8SRUFNRZ3PGJ9G
0 21
0 28
1 18
1 21
2 12
2 34
3 2
3 10
4 14
4 22
5 7
5 10
6 9
6 29
7 22
7 32
8 6
8 17
9 0
9 31
10 32
10 34
11 12
11 14
12 26
12 35
13 18
13 20
14 26
14 33
15 4
15 7
16 0
16 1
17 13
17 29
18 24
18 36
19 1
19 13
20 8
20 24
21 36
21 37
22 30
22 33
23 4
23 11
24 17
24 19
25 2
25 11
26 23
26 25
27 3
27 5
28 6
28 37
29 20
29 31
30 5
30 15
31 8
31 28
32 27
32 30
33 15
33 23
34 27
34 35
35 3
35 25
36 16
36 19
37 9
37 16

# solution 116
# n=38 sym=rot4 status=verified source=flammenkamp_cache/n38_rot4
# code=oCI4PBM9HVaHL4T8F6UNYBERZ1bIL9R2U5DWYOb0D35OW7ZASGJ0a2ANQ3E7VMT8XGK16KSFQCXJP
0 12
0 18
1 4
1 25
2 11
2 22
3 9
3 17
4 31
4 36
5 17
5 21
6 4
6 29
7 8
7 15
8 6
8 30
9 23
9 34
10 11
10 14
11 27
11 35
12 1
12 37
13 18
13 21
14 9
14 27
15 2
15 30
16 5
16 13
17 32
17 34
18 24
18 37
19 0
19 13
20 3
20 5
21 24
21 32
22 7
22 35
23 10
23 28
24 16
24 19
25 0
25 36
26 2
26 10
27 23
27 26
28 3
28 14
29 7
29 31
30 22
30 29
31 8
31 33
32 16
32 20
33 1
33 6
34 20
34 28
35 15
35 26
36 12
36 33
37 19
37 25

# solution 117
# n=38 sym=rot4 status=verified source=flammenkamp_cache/n38_rot4
# code=oPTHOBWGJBM27AGTW07HNNVXZ0F1I9A4PVYSa3ODY1936CXRSJaMb246EEKUb58LRUZFQIL5QDK8C
0 25
0 29
1 17
1 24
2 11
2 32
3 16
3 19
4 11
4 22
5 2
5 7
6 10
6 16
7 29
7 32
8 0
8 7
9 17
9 23
10 23
10 31
11 33
11 35
12 0
12 15
13 1
13 18
14 9
14 10
15 4
15 25
16 31
16 34
17 28
17 36
18 3
18 24
19 13
19 34
20 1
20 9
21 3
21 6
22 12
22 33
23 27
23 28
24 19
24 36
25 22
25 37
26 2
26 4
27 6
27 14
28 14
28 20
29 30
29 37
30 5
30 8
31 21
31 27
32 30
32 35
33 15
33 26
34 18
34 21
35 5
35 26
36 13
36 20
37 8
37 12

# solution 118
# n=38 sym=rot4 status=verified source=flammenkamp_cache/n38_rot4
# code=o5JFP6NHSGOCbSZ8FLU36HNBQ1W4I2AUa8XRY0ODb3A4T17RZJX5aBQEKVY7GMT290PDL9KEVCMIW
0 5
0 19
1 15
1 25
2 6
2 23
3 17
3 28
4 16
4 24
5 12
5 37
6 28
6 35
7 8
7 15
8 21
8 30
9 3
9 6
10 17
10 23
11 11
11 26
12 1
12 32
13 4
13 18
14 2
14 10
15 30
15 36
16 8
16 33
17 27
17 34
18 0
18 24
19 13
19 37
20 3
20 10
21 4
21 29
22 1
22 7
23 27
23 35
24 19
24 33
25 5
25 36
26 11
26 26
27 14
27 20
28 31
28 34
29 7
29 16
30 22
30 29
31 2
31 9
32 0
32 25
33 13
33 21
34 9
34 20
35 14
35 31
36 12
36 22
37 18
37 32

# solution 119
# n=38 sym=rot4 status=verified source=flammenkamp_cache/n38_rot4
# code=oCFIKEFKP8U9V5U46RXNW8GBQ3bIL9ZZbDR13Oa1DYaAO022SGJ0YBQLT5E4AVX7W6S7TCHMNHJMP
0 12
0 15
1 18
1 20
2 14
2 15
3 20
3 25
4 8
4 30
5 9
5 31
6 5
6 30
7 4
7 6
8 27
8 33
9 23
9 32
10 8
10 16
11 11
11 26
12 3
12 37
13 18
13 21
14 9
14 35
15 35
15 37
16 13
16 27
17 1
17 3
18 24
18 36
19 1
19 13
20 34
20 36
21 10
21 24
22 0
22 2
23 2
23 28
24 16
24 19
25 0
25 34
26 11
26 26
27 21
27 29
28 5
28 14
29 4
29 10
30 31
30 33
31 7
31 32
32 6
32 28
33 7
33 29
34 12
34 17
35 22
35 23
36 17
36 19
37 22
37 25

# solution 120
# n=38 sym=rot4 status=verified source=flammenkamp_cache/n38_rot4
# code=oEQ8KKMAUGW48JP3RWaNQ7Y096GIM9b2DPX126ODVZa4COZ0SFJLVSb3UBE15AYCITX5L7RFHHTBN
0 14
0 26
1 8
1 20
2 20
2 22
3 10
3 30
4 16
4 32
5 4
5 8
6 19
6 25
7 3
7 27
8 32
8 36
9 23
9 26
10 7
10 34
11 0
11 9
12 6
12 16
13 18
13 22
14 9
14 37
15 2
15 13
16 25
16 33
17 1
17 2
18 6
18 24
19 13
19 31
20 35
20 36
21 4
21 12
22 24
22 35
23 0
23 28
24 15
24 19
25 21
25 31
26 28
26 37
27 3
27 30
28 11
28 14
29 1
29 5
30 10
30 34
31 12
31 18
32 29
32 33
33 5
33 21
34 7
34 27
35 15
35 17
36 17
36 29
37 11
37 23

# solution 121
# n=38 sym=rot4 status=verified source=flammenkamp_cache/n38_rot4
# code=oINFH9RPU7GCH9B3XLNVZ2QAV3WFI08Oa8XWaOb0D154T1DTbJM5Y6RBZ26EG4YQSKPLU7CASKMEJ
0 18
0 23
1 15
1 17
2 9
2 27
3 25
3 30
4 7
4 16
5 12
5 17
6 9
6 11
7 3
7 33
8 21
8 23
9 31
9 35
10 2
10 26
11 10
11 31
12 3
12 32
13 15
13 18
14 0
14 8
15 24
15 36
16 8
16 33
17 32
17 36
18 24
18 37
19 0
19 13
20 1
20 5
21 4
21 29
22 1
22 13
23 29
23 37
24 19
24 22
25 5
25 34
26 6
26 27
27 11
27 35
28 2
28 6
29 14
29 16
30 4
30 34
31 26
31 28
32 20
32 25
33 21
33 30
34 7
34 12
35 10
35 28
36 20
36 22
37 14
37 19

# solution 122
# n=38 sym=rot4 status=verified source=flammenkamp_cache/n38_rot4
# code=oAFKLELBKMVST4ACE595TVbIYOUCIUZ4b1213OQBDYaZa0X27JP7D3J068WSWNPRX896FHQGNGHMR
0 10
0 15
1 20
1 21
2 14
2 21
3 11
3 20
4 22
4 31
5 28
5 29
6 4
6 10
7 12
7 14
8 5
8 9
9 5
9 29
10 31
10 37
11 18
11 34
12 24
12 30
13 12
13 18
14 30
14 35
15 4
15 37
16 1
16 2
17 1
17 3
18 24
18 26
19 11
19 13
20 34
20 36
21 35
21 36
22 0
22 33
23 2
23 7
24 19
24 25
25 7
25 13
26 3
26 19
27 0
27 6
28 8
28 32
29 28
29 32
30 23
30 25
31 27
31 33
32 8
32 9
33 6
33 15
34 17
34 26
35 16
35 23
36 16
36 17
37 22
37 27

# solution 123
# n=38 sym=rot4 status=verified source=flammenkamp_cache/n38_rot4
# code=oQSEGAK5X37FYAEKX8T0LVZ0FIOCIVaQW9a27OPCDUZ1S5B16JPDJMb26Gb8T4HNR3MUY4WHRLN9B
0 26
0 28
1 14
1 16
2 10
2 20
3 5
3 33
4 3
4 7
5 15
5 34
6 10
6 14
7 20
7 33
8 8
8 29
9 0
9 21
10 31
10 35
11 0
11 15
12 18
12 24
13 12
13 18
14 31
14 36
15 26
15 32
16 9
16 36
17 2
17 7
18 24
18 25
19 12
19 13
20 30
20 35
21 1
21 28
22 5
22 11
23 1
23 6
24 19
24 25
25 13
25 19
26 22
26 37
27 2
27 6
28 16
28 37
29 8
29 29
30 4
30 17
31 23
31 27
32 3
32 22
33 30
33 34
34 4
34 32
35 17
35 27
36 21
36 23
37 9
37 11

# solution 124
# n=38 sym=rot4 status=verified source=flammenkamp_cache/n38_rot4
# code=o9KCFEIQWNQ3S6VHT7A5bMT34LaGI4ZAaCO0UOZ2D7bDP1R2XJL1GXY8F0WRU8K6V9YBE5BJNMPHS
0 9
0 20
1 12
1 15
2 14
2 18
3 26
3 32
4 23
4 26
5 3
5 28
6 6
6 31
7 17
7 29
8 7
8 10
9 5
9 37
10 22
10 29
11 3
11 4
12 21
12 36
13 16
13 18
14 4
14 35
15 10
15 36
16 12
16 24
17 0
17 30
18 24
18 35
19 2
19 13
20 7
20 37
21 13
21 25
22 1
22 27
23 2
23 33
24 19
24 21
25 1
25 16
26 33
26 34
27 8
27 15
28 0
28 32
29 27
29 30
30 8
30 20
31 6
31 31
32 9
32 34
33 11
33 14
34 5
34 11
35 19
35 23
36 22
36 25
37 17
37 28

# solution 125
# n=38 sym=rot4 status=verified source=flammenkamp_cache/n38_rot4
# code=oEJBN2Z7MAOAP7FVYBGCKWXTa5S4I1b3VHT9L0ODbGS8K6Y0aJX9W1845HPLQ36MUCRDRFU2ZEQIN
0 14
0 19
1 11
1 23
2 2
2 35
3 7
3 22
4 10
4 24
5 10
5 25
6 7
6 15
7 31
7 34
8 11
8 16
9 12
9 20
10 32
10 33
11 29
11 36
12 5
12 28
13 4
13 18
14 1
14 37
15 3
15 31
16 17
16 29
17 9
17 21
18 0
18 24
19 13
19 37
20 16
20 28
21 8
21 20
22 6
22 34
23 0
23 36
24 19
24 33
25 9
25 32
26 1
26 8
27 4
27 5
28 17
28 25
29 21
29 26
30 3
30 6
31 22
31 30
32 12
32 27
33 13
33 27
34 15
34 30
35 2
35 35
36 14
36 26
37 18
37 23

# solution 126
# n=38 sym=rot4 status=verified source=flammenkamp_cache/n38_rot4
# code=oMOEFLU69OP9H8Y2EBVWYIQAT4J04Ua0a2HLWCRAP5GKZ1b17XbIX8RBJ356QNZ3TKSCDSV7GMNDF
0 22
0 24
1 14
1 15
2 21
2 30
3 6
3 9
4 24
4 25
5 9
5 17
6 8
6 34
7 2
7 14
8 11
8 31
9 32
9 34
10 18
10 26
11 10
11 29
12 4
12 19
13 0
13 4
14 30
14 36
15 0
15 36
16 2
16 17
17 21
17 32
18 12
18 27
19 10
19 25
20 5
20 16
21 20
21 35
22 1
22 37
23 1
23 7
24 33
24 37
25 18
25 33
26 8
26 27
27 11
27 19
28 3
28 5
29 6
29 26
30 23
30 35
31 3
31 29
32 20
32 28
33 12
33 13
34 28
34 31
35 7
35 16
36 22
36 23
37 13
37 15

# solution 127
# n=38 sym=rot4 status=verified source=flammenkamp_cache/n38_rot4
# code=oCK9N9I5OERKYMRBT7BZa46TUJb3F1X6OGL05CZ2PWbGLDV4aMY0I78VX12QU8QAF3HANDWJSESHP
0 12
0 20
1 9
1 23
2 9
2 18
3 5
3 24
4 14
4 27
5 20
5 34
6 22
6 27
7 11
7 29
8 7
8 11
9 35
9 36
10 4
10 6
11 29
11 30
12 19
12 37
13 3
13 15
14 1
14 33
15 6
15 24
16 16
16 21
17 0
17 5
18 12
18 35
19 2
19 25
20 32
20 37
21 16
21 21
22 13
22 31
23 4
23 36
24 22
24 34
25 0
25 18
26 7
26 8
27 31
27 33
28 1
28 2
29 26
29 30
30 8
30 26
31 10
31 15
32 3
32 17
33 10
33 23
34 13
34 32
35 19
35 28
36 14
36 28
37 17
37 25

# solution 128
# n=38 sym=rot4 status=verified source=flammenkamp_cache/n38_rot4
# code=o9DIMGQ5TEKUY6V5R3CRb792NITHbBX1GMZ4OPa1CDX2FLa4Q0K8JEZSU0APYAW6V37HN8WBLFJOS
0 9
0 13
1 18
1 22
2 16
2 26
3 5
3 29
4 14
4 20
5 30
5 34
6 6
6 31
7 5
7 27
8 3
8 12
9 27
9 37
10 7
10 9
11 2
11 23
12 18
12 29
13 17
13 37
14 11
14 33
15 1
15 16
16 22
16 35
17 4
17 24
18 25
18 36
19 1
19 12
20 13
20 33
21 2
21 15
22 21
22 36
23 4
23 26
24 0
24 20
25 8
25 19
26 14
26 35
27 28
27 30
28 0
28 10
29 25
29 34
30 10
30 32
31 6
31 31
32 3
32 7
33 17
33 23
34 8
34 32
35 11
35 21
36 15
36 19
37 24
37 28

# solution 129
# n=38 sym=rot4 status=verified source=flammenkamp_cache/n38_rot4
# code=oDHGK2ZCD7NRV58FXQVNQ5J89IYYb49GUMa1bAPCR0a1F7LSX033JSTIWBE6B4MTW6AEUOP2ZHLKO
0 13
0 17
1 16
1 20
2 2
2 35
3 12
3 13
4 7
4 23
5 27
5 31
6 5
6 8
7 15
7 33
8 26
8 31
9 23
9 26
10 5
10 19
11 8
11 9
12 18
12 34
13 34
13 37
14 4
14 9
15 16
15 30
16 22
16 36
17 1
17 37
18 10
18 25
19 12
19 27
20 0
20 36
21 1
21 15
22 7
22 21
23 28
23 33
24 0
24 3
25 3
25 19
26 28
26 29
27 18
27 32
28 11
28 14
29 6
29 11
30 4
30 22
31 29
31 32
32 6
32 10
33 14
33 30
34 24
34 25
35 2
35 35
36 17
36 21
37 20
37 24

# solution 130
# n=38 sym=rot4 status=verified source=flammenkamp_cache/n38_rot4
# code=o89IXQUEK19KUDL25RbXb8E2MDJPVRYBG6M35Ca1PWYFVLQ3A6CIOFZNT040AWZGO7HSaHN7B4JST
0 8
0 9
1 18
1 33
2 26
2 30
3 14
3 20
4 1
4 9
5 20
5 30
6 13
6 21
7 2
7 5
8 27
8 37
9 33
9 37
10 8
10 14
11 2
11 22
12 13
12 19
13 25
13 31
14 27
14 34
15 11
15 16
16 6
16 22
17 3
17 5
18 12
18 36
19 1
19 25
20 32
20 34
21 15
21 31
22 21
22 26
23 3
23 10
24 6
24 12
25 18
25 24
26 15
26 35
27 23
27 29
28 0
28 4
29 0
29 10
30 32
30 35
31 16
31 24
32 7
32 17
33 28
33 36
34 17
34 23
35 7
35 11
36 4
36 19
37 28
37 29

# solution 131
# n=38 sym=rot4 status=verified source=flammenkamp_cache/n38_rot4
# code=o8BOQFGPX3D8UJR5FWbER691b3I1XGSUZNZHK6PCVHK2E279L4aJY0aSVAN05MWAI7TOY4CLMBDQT
0 8
0 11
1 24
1 26
2 15
2 16
3 25
3 33
4 3
4 13
5 8
5 30
6 19
6 27
7 5
7 15
8 32
8 37
9 14
9 27
10 6
10 9
11 1
11 37
12 3
12 18
13 1
13 33
14 16
14 28
15 30
15 35
16 23
16 35
17 17
17 20
18 6
18 25
19 12
19 31
20 17
20 20
21 2
21 14
22 2
22 7
23 9
23 21
24 4
24 36
25 19
25 34
26 0
26 36
27 28
27 31
28 10
28 23
29 0
29 5
30 22
30 32
31 10
31 18
32 7
32 29
33 24
33 34
34 4
34 12
35 21
35 22
36 11
36 13
37 26
37 29

# solution 132
# n=38 sym=rot4 status=verified source=flammenkamp_cache/n38_rot4
# code=oIQFW7KFRHO1A6VLZES8B3W0SIN4GCTYa7O2XPb0C4ZDU138PLXEJ9b5YQT9N2G6VRaDKAMHU5MBJ
0 18
0 26
1 15
1 32
2 7
2 20
3 15
3 27
4 17
4 24
5 1
5 10
6 6
6 31
7 21
7 35
8 14
8 28
9 8
9 11
10 3
10 32
11 0
11 28
12 18
12 23
13 4
13 16
14 12
14 29
15 34
15 36
16 7
16 24
17 2
17 33
18 25
18 37
19 0
19 12
20 4
20 35
21 13
21 30
22 1
22 3
23 8
23 25
24 21
24 33
25 14
25 19
26 9
26 37
27 5
27 34
28 26
28 29
29 9
29 23
30 2
30 16
31 6
31 31
32 27
32 36
33 13
33 20
34 10
34 22
35 17
35 30
36 5
36 22
37 11
37 19

# solution 133
# n=38 sym=rot4 status=verified source=flammenkamp_cache/n38_rot4
# code=oBZHI06AC58RXLZMSHX7M5YEbJYEGOQ796OTaCa1P18DVSUBDLN3I0N3WFU4K9F2G4ATWPRVbJK2Q
0 11
0 35
1 17
1 18
2 0
2 6
3 10
3 12
4 5
4 8
5 27
5 33
6 21
6 35
7 22
7 28
8 17
8 33
9 7
9 22
10 5
10 34
11 14
11 37
12 19
12 34
13 14
13 16
14 24
14 26
15 7
15 9
16 6
16 24
17 29
17 36
18 12
18 36
19 1
19 25
20 1
20 8
21 13
21 31
22 28
22 30
23 11
23 13
24 21
24 23
25 3
25 18
26 0
26 23
27 3
27 32
28 15
28 30
29 4
29 20
30 9
30 15
31 2
31 16
32 4
32 10
33 29
33 32
34 25
34 27
35 31
35 37
36 19
36 20
37 2
37 26

# solution 134
# n=38 sym=rot4 status=verified source=flammenkamp_cache/n38_rot4
# code=oDK1aNQ6FBHAV5YMSCJ7NGW2XJTGb297YOR0X8CPT4bAD3USZ0L8I4Z5LEUIP9F3W6RKQMVBE1aHO
0 13
0 20
1 1
1 36
2 23
2 26
3 6
3 15
4 11
4 17
5 10
5 31
6 5
6 34
7 22
7 28
8 12
8 19
9 7
9 23
10 16
10 32
11 2
11 33
12 19
12 29
13 16
13 37
14 2
14 9
15 7
15 34
16 24
16 27
17 0
17 33
18 8
18 12
19 25
19 29
20 4
20 37
21 10
21 13
22 3
22 30
23 28
23 35
24 0
24 21
25 8
25 18
26 4
26 35
27 5
27 21
28 14
28 30
29 18
29 25
30 9
30 15
31 3
31 32
32 6
32 27
33 20
33 26
34 22
34 31
35 11
35 14
36 1
36 36
37 17
37 24

# solution 135
# n=38 sym=rot4 status=verified source=flammenkamp_cache/n38_rot4
# code=oKOHR9IOVFVES347UGN5Z1PLMAI038WBXBT0aPZ2C1b8Q4Q5TYbJRFGCa2WEL7UXY9N6M6DJSAKDH
0 20
0 24
1 17
1 27
2 9
2 18
3 24
3 31
4 15
4 31
5 14
5 28
6 3
6 4
7 7
7 30
8 16
8 23
9 5
9 35
10 1
10 25
11 21
11 22
12 10
12 18
13 0
13 3
14 8
14 32
15 11
15 33
16 11
16 29
17 0
17 36
18 25
18 35
19 2
19 12
20 1
20 37
21 8
21 26
22 4
22 26
23 5
23 29
24 34
24 37
25 19
25 27
26 15
26 16
27 12
27 36
28 2
28 32
29 14
29 21
30 7
30 30
31 33
31 34
32 9
32 23
33 6
33 22
34 6
34 13
35 19
35 28
36 10
36 20
37 13
37 17

# solution 136
# n=38 sym=rot4 status=verified source=flammenkamp_cache/n38_rot4
# code=oSXNPGK5B0W4YGU6AIO0FFUNY1I8H1BRSVZ2OPT8CDZ269AQaKTJa3E7MMbDJRV7L3X5bQWHLCE49
0 28
0 33
1 23
1 25
2 16
2 20
3 5
3 11
4 0
4 32
5 4
5 34
6 16
6 30
7 6
7 10
8 18
8 24
9 0
9 15
10 15
10 30
11 23
11 34
12 1
12 18
13 8
13 17
14 1
14 11
15 27
15 28
16 31
16 35
17 2
17 24
18 25
18 29
19 8
19 12
20 13
20 35
21 2
21 6
22 9
22 10
23 26
23 36
24 20
24 29
25 19
25 36
26 3
26 14
27 7
27 22
28 22
28 37
29 13
29 19
30 27
30 31
31 7
31 21
32 3
32 33
33 5
33 37
34 26
34 32
35 17
35 21
36 12
36 14
37 4
37 9

# solution 137
# n=38 sym=rot4 status=verified source=flammenkamp_cache/n38_rot4
# code=oCL3EJQ4aOYFTAG8B5UKNOV2UJb4A9aHW0V9M2CPZFS6b5K1SRX0I7Z6DEH7WQTLR8M3D1XBINYGP
0 12
0 21
1 3
1 14
2 19
2 26
3 4
3 36
4 24
4 34
5 15
5 29
6 10
6 16
7 8
7 11
8 5
8 30
9 20
9 23
10 24
10 31
11 2
11 30
12 19
12 37
13 4
13 10
14 9
14 36
15 17
15 32
16 0
16 31
17 9
17 22
18 2
18 12
19 25
19 35
20 15
20 28
21 6
21 37
22 5
22 20
23 1
23 28
24 27
24 33
25 0
25 18
26 7
26 35
27 6
27 13
28 14
28 17
29 7
29 32
30 26
30 29
31 21
31 27
32 8
32 22
33 3
33 13
34 1
34 33
35 11
35 18
36 23
36 34
37 16
37 25

# solution 138
# n=38 sym=rot4 status=verified source=flammenkamp_cache/n38_rot4
# code=oGKEOFR7TCUGM6V4Y3IDR29HNIX1SBa5ZWb0QPT8CBb052W1Q9a4JEKSZAOJY3X6VFL7P8UAMDNHL
0 16
0 20
1 14
1 24
2 15
2 27
3 7
3 29
4 12
4 30
5 16
5 22
6 6
6 31
7 4
7 34
8 3
8 18
9 13
9 27
10 2
10 9
11 17
11 23
12 18
12 33
13 1
13 28
14 11
14 36
15 5
15 35
16 32
16 37
17 0
17 26
18 25
18 29
19 8
19 12
20 11
20 37
21 0
21 5
22 2
22 32
23 1
23 26
24 9
24 36
25 4
25 19
26 14
26 20
27 28
27 35
28 10
28 24
29 19
29 34
30 3
30 33
31 6
31 31
32 15
32 21
33 7
33 25
34 8
34 30
35 10
35 22
36 13
36 23
37 17
37 21

# solution 139
# n=38 sym=rot4 status=verified source=flammenkamp_cache/n38_rot4
# code=oETBJFLCOVW4G4U6A0OKQFU9aJY38HbRZ2W9N1CPaES5Z2A0KTY3I1S7MBHDbRV7XLX56DPGMIQ8N
0 14
0 29
1 11
1 19
2 15
2 21
3 12
3 24
4 31
4 32
5 4
5 16
6 4
6 30
7 6
7 10
8 0
8 24
9 20
9 26
10 15
10 30
11 9
11 36
12 19
12 34
13 3
13 8
14 17
14 37
15 27
15 35
16 2
16 32
17 9
17 23
18 1
18 12
19 25
19 36
20 14
20 28
21 5
21 35
22 2
22 10
23 0
23 20
24 29
24 34
25 3
25 18
26 1
26 28
27 7
27 22
28 11
28 17
29 13
29 37
30 27
30 31
31 7
31 33
32 21
32 33
33 5
33 6
34 13
34 25
35 16
35 22
36 18
36 26
37 8
37 23

# solution 140
# n=38 sym=rot4 status=verified source=flammenkamp_cache/n38_rot4
# code=oEGOVHQ5M8CGY198QUXJVHO27JX1AFb3NWbRZ9CPS2A05EY0MRa4IUZDK6I47BTSa3LPTFWBK6DLN
0 14
0 16
1 24
1 31
2 17
2 26
3 5
3 22
4 8
4 12
5 16
5 34
6 1
6 9
7 8
7 26
8 30
8 33
9 19
9 31
10 17
10 24
11 2
11 7
12 19
12 33
13 1
13 10
14 15
14 37
15 3
15 23
16 32
16 37
17 27
17 35
18 9
18 12
19 25
19 28
20 2
20 10
21 0
21 5
22 14
22 34
23 0
23 22
24 27
24 36
25 4
25 18
26 30
26 35
27 13
27 20
28 6
28 18
29 4
29 7
30 11
30 29
31 28
31 36
32 3
32 21
33 25
33 29
34 15
34 32
35 11
35 20
36 6
36 13
37 21
37 23

# solution 141
# n=38 sym=rot4 status=verified source=flammenkamp_cache/n38_rot4
# code=oAESU5FHN5FXZ8J1OHV1OCbGJGR793bXZPQTY6BQV38BC240YSUALIL0PDa6KDaIT24MWEKMW79NR
0 10
0 14
1 28
1 30
2 5
2 15
3 17
3 23
4 5
4 15
5 33
5 35
6 8
6 19
7 1
7 24
8 17
8 31
9 1
9 24
10 12
10 37
11 16
11 19
12 16
12 27
13 7
13 9
14 3
14 37
15 33
15 35
16 25
16 26
17 29
17 34
18 6
18 11
19 26
19 31
20 3
20 8
21 11
21 12
22 2
22 4
23 0
23 34
24 28
24 30
25 10
25 21
26 18
26 21
27 0
27 25
28 13
28 36
29 6
29 20
30 13
30 36
31 18
31 29
32 2
32 4
33 22
33 32
34 14
34 20
35 22
35 32
36 7
36 9
37 23
37 27

# solution 142
# n=38 sym=rot4 status=verified source=flammenkamp_cache/n38_rot4
# code=oFRHPHM6DRV8I4YEQSW8N047I1DPY9U2bGLZaQW5B12GL0Z7S3COaJUXbET59BN3XJT6AOVFKCKAM
0 15
0 27
1 17
1 25
2 17
2 22
3 6
3 13
4 27
4 31
5 8
5 18
6 4
6 34
7 14
7 26
8 28
8 32
9 8
9 23
10 0
10 4
11 7
11 18
12 1
12 13
13 25
13 34
14 9
14 30
15 2
15 37
16 16
16 21
17 35
17 36
18 26
18 32
19 5
19 11
20 1
20 2
21 16
21 21
22 0
22 35
23 7
23 28
24 3
24 12
25 24
25 36
26 19
26 30
27 33
27 37
28 14
28 29
29 5
29 9
30 11
30 23
31 3
31 33
32 19
32 29
33 6
33 10
34 24
34 31
35 15
35 20
36 12
36 20
37 10
37 22

# solution 143
# n=38 sym=rot4 status=verified source=flammenkamp_cache/n38_rot4
# code=oHM7F3BTZ8SGPJSGa3X46CEJZ5RDOHR0aUWNb6BQV0E571bAKDOAW2INPVX4Y1L9ICL9T28QYMUFK
0 17
0 22
1 7
1 15
2 3
2 11
3 29
3 35
4 8
4 28
5 16
5 25
6 19
6 28
7 16
7 36
8 3
8 33
9 4
9 6
10 12
10 14
11 19
11 35
12 5
12 27
13 13
13 24
14 17
14 27
15 0
15 36
16 30
16 32
17 23
17 37
18 6
18 11
19 26
19 31
20 0
20 14
21 5
21 7
22 1
22 37
23 10
23 20
24 13
24 24
25 10
25 32
26 2
26 18
27 23
27 25
28 31
28 33
29 4
29 34
30 1
30 21
31 9
31 18
32 12
32 21
33 9
33 29
34 2
34 8
35 26
35 34
36 22
36 30
37 15
37 20

# solution 144
# n=38 sym=rot4 status=verified source=flammenkamp_cache/n38_rot4
# code=o4LKNCH9USbFI6V3DAM4YCTJNRZGU1B8W0O1ZBW5Q2aDb5TQa7L2AEI8P3XFROY6VJM097SKPEHGX
0 4
0 21
1 20
1 23
2 12
2 17
3 9
3 30
4 28
4 37
5 15
5 18
6 6
6 31
7 3
7 13
8 10
8 22
9 4
9 34
10 12
10 29
11 19
11 23
12 27
12 35
13 16
13 30
14 1
14 11
15 8
15 32
16 0
16 24
17 1
17 35
18 11
18 32
19 5
19 26
20 2
20 36
21 13
21 37
22 5
22 29
23 26
23 36
24 7
24 21
25 2
25 10
26 14
26 18
27 8
27 25
28 3
28 33
29 15
29 27
30 24
30 34
31 6
31 31
32 19
32 22
33 0
33 9
34 7
34 28
35 20
35 25
36 14
36 17
37 16
37 33

# solution 145
# n=38 sym=rot4 status=verified source=flammenkamp_cache/n38_rot4
# code=oMP8AFJ469YDQGYGSCa7XEa5J0TEWOR0ZUVHK2BQZHK672bAD5N8bIW1N4U1P9L3LBO3SVXIMRTCF
0 22
0 25
1 8
1 10
2 15
2 19
3 4
3 6
4 9
4 34
5 13
5 26
6 16
6 34
7 16
7 28
8 12
8 36
9 7
9 33
10 14
10 36
11 5
11 19
12 0
12 29
13 14
13 32
14 24
14 27
15 0
15 35
16 30
16 31
17 17
17 20
18 2
18 11
19 26
19 35
20 17
20 20
21 6
21 7
22 2
22 37
23 10
23 13
24 5
24 23
25 8
25 37
26 18
26 32
27 1
27 23
28 4
28 30
29 1
29 25
30 9
30 21
31 3
31 21
32 11
32 24
33 3
33 28
34 31
34 33
35 18
35 22
36 27
36 29
37 12
37 15

# solution 146
# n=38 sym=rot4 status=verified source=flammenkamp_cache/n38_rot4
# code=o8NGNCLIU598XCM3DWbRX9FDIVZQU016R2aHKQY3BHK1ZAVab7B26JOMS4A05OYFP4TSW7JGPELET
0 8
0 23
1 16
1 23
2 12
2 21
3 18
3 30
4 5
4 9
5 8
5 33
6 12
6 22
7 3
7 13
8 32
8 37
9 27
9 33
10 9
10 15
11 13
11 18
12 31
12 35
13 26
13 30
14 0
14 1
15 6
15 27
16 2
16 36
17 17
17 20
18 26
18 34
19 3
19 11
20 17
20 20
21 1
21 35
22 10
22 31
23 36
23 37
24 7
24 11
25 2
25 6
26 19
26 24
27 22
27 28
28 4
28 10
29 0
29 5
30 24
30 34
31 15
31 25
32 4
32 29
33 28
33 32
34 7
34 19
35 16
35 25
36 14
36 21
37 14
37 29

# solution 147
# n=38 sym=rot4 status=verified source=flammenkamp_cache/n38_rot4
# code=o8NGNCLIU9W48CM3DWbRX9FDIVZQU016R2aHKQY3BHK1ZAVab7B26JOMS4A05OYFPTX5S7JGPELET
0 8
0 23
1 16
1 23
2 12
2 21
3 18
3 30
4 9
4 32
5 4
5 8
6 12
6 22
7 3
7 13
8 32
8 37
9 27
9 33
10 9
10 15
11 13
11 18
12 31
12 35
13 26
13 30
14 0
14 1
15 6
15 27
16 2
16 36
17 17
17 20
18 26
18 34
19 3
19 11
20 17
20 20
21 1
21 35
22 10
22 31
23 36
23 37
24 7
24 11
25 2
25 6
26 19
26 24
27 22
27 28
28 4
28 10
29 0
29 5
30 24
30 34
31 15
31 25
32 29
32 33
33 5
33 28
34 7
34 19
35 16
35 25
36 14
36 21
37 14
37 29

# solution 148
# n=38 sym=rot4 status=verified source=flammenkamp_cache/n38_rot4
# code=oAK4YEP1TKa9TCIGN35RW9bFI2VDO7ZGQMU04QV6BXb7FBL2UDO6ZJM0S5AWYELJP8S1H8aCN3XHR
0 10
0 20
1 4
1 34
2 14
2 25
3 1
3 29
4 20
4 36
5 9
5 29
6 12
6 18
7 16
7 23
8 3
8 5
9 27
9 32
10 9
10 37
11 15
11 18
12 2
12 31
13 13
13 24
14 7
14 35
15 16
15 26
16 22
16 30
17 0
17 4
18 26
18 31
19 6
19 11
20 33
20 37
21 7
21 15
22 11
22 21
23 2
23 30
24 13
24 24
25 6
25 35
26 19
26 22
27 0
27 28
28 5
28 10
29 32
29 34
30 14
30 21
31 19
31 25
32 8
32 28
33 1
33 17
34 8
34 36
35 12
35 23
36 3
36 33
37 17
37 27

# solution 149
# n=38 sym=rot4 status=verified source=flammenkamp_cache/n38_rot4
# code=oEMHP5IETCO8ZDRHL3WAF6SIL1X4VYb0S7BUaQZ2B17QU9b036X4aGJ9VMR5YGKAO2TDP8NJWCKFN
0 14
0 22
1 17
1 25
2 5
2 18
3 14
3 29
4 12
4 24
5 8
5 35
6 13
6 27
7 17
7 21
8 3
8 32
9 10
9 15
10 6
10 28
11 18
11 21
12 1
12 33
13 4
13 31
14 34
14 37
15 0
15 28
16 7
16 11
17 30
17 36
18 26
18 35
19 2
19 11
20 1
20 7
21 26
21 30
22 9
22 37
23 0
23 3
24 6
24 33
25 4
25 36
26 16
26 19
27 9
27 31
28 22
28 27
29 5
29 34
30 16
30 20
31 10
31 24
32 2
32 29
33 13
33 25
34 8
34 23
35 19
35 32
36 12
36 20
37 15
37 23

# solution 150
# n=38 sym=rot4 status=verified source=flammenkamp_cache/n38_rot4
# code=oCF9IHNCTNW4GHU6O3AFaOTILYb7A24SbBWVZQa1B265Q09XZRU03GJ8D1MRYDV7KLX5E8PEKJSMP
0 12
0 15
1 9
1 18
2 17
2 23
3 12
3 29
4 23
4 32
5 4
5 16
6 17
6 30
7 6
7 24
8 3
8 10
9 15
9 36
10 24
10 29
11 18
11 21
12 34
12 37
13 7
13 10
14 2
14 4
15 28
15 37
16 11
16 32
17 31
17 35
18 26
18 36
19 1
19 11
20 2
20 6
21 5
21 26
22 0
22 9
23 33
23 35
24 27
24 30
25 0
25 3
26 16
26 19
27 8
27 13
28 1
28 22
29 27
29 34
30 13
30 31
31 7
31 20
32 21
32 33
33 5
33 14
34 8
34 25
35 14
35 20
36 19
36 28
37 22
37 25

# solution 151
# n=38 sym=rot4 status=verified source=flammenkamp_cache/n38_rot4
# code=oCM9IHNCTNW4GHU6O3AFaOTILYb7A240SBWVZQa1B265Q9bXZRU03GJ8D1MRYDV7KLX5E8PEKJSFP
0 12
0 22
1 9
1 18
2 17
2 23
3 12
3 29
4 23
4 32
5 4
5 16
6 17
6 30
7 6
7 24
8 3
8 10
9 15
9 36
10 24
10 29
11 18
11 21
12 34
12 37
13 7
13 10
14 2
14 4
15 0
15 28
16 11
16 32
17 31
17 35
18 26
18 36
19 1
19 11
20 2
20 6
21 5
21 26
22 9
22 37
23 33
23 35
24 27
24 30
25 0
25 3
26 16
26 19
27 8
27 13
28 1
28 22
29 27
29 34
30 13
30 31
31 7
31 20
32 21
32 33
33 5
33 14
34 8
34 25
35 14
35 20
36 19
36 28
37 15
37 25

# solution 152
# n=38 sym=rot4 status=verified source=flammenkamp_cache/n38_rot4
# code=oGHLM797A6NHTCXYZ5OIZJYCOQV8B4F1N1bWbAS9R050aEaMXQT6BDP3I2JDW234P8KEVRUSUFGKL
0 16
0 17
1 21
1 22
2 7
2 9
3 7
3 10
4 6
4 23
5 17
5 29
6 12
6 33
7 34
7 35
8 5
8 24
9 18
9 35
10 19
10 34
11 12
11 24
12 26
12 31
13 8
13 11
14 4
14 15
15 1
15 23
16 1
16 37
17 32
17 37
18 10
18 28
19 9
19 27
20 0
20 5
21 0
21 36
22 14
22 36
23 22
23 33
24 26
24 29
25 6
25 11
26 13
26 25
27 3
27 18
28 2
28 19
29 13
29 32
30 2
30 3
31 4
31 25
32 8
32 20
33 14
33 31
34 27
34 30
35 28
35 30
36 15
36 16
37 20
37 21

# solution 153
# n=38 sym=rot4 status=verified source=flammenkamp_cache/n38_rot4
# code=o7HFNUXFO2KNSBS2bCI56GJPVBT3G15YaOR4bAT8R0XAD13WaLY8Q6CILVWJP0Z9Q9EHZDM47EMKU
0 7
0 17
1 15
1 23
2 30
2 33
3 15
3 24
4 2
4 20
5 23
5 28
6 11
6 28
7 2
7 37
8 12
8 18
9 5
9 6
10 16
10 19
11 25
11 31
12 11
12 29
13 3
13 16
14 1
14 5
15 34
15 36
16 24
16 27
17 4
17 37
18 10
18 29
19 8
19 27
20 0
20 33
21 10
21 13
22 1
22 3
23 32
23 36
24 21
24 34
25 8
25 26
26 6
26 12
27 18
27 21
28 31
28 32
29 19
29 25
30 0
30 35
31 9
31 26
32 9
32 14
33 17
33 35
34 13
34 22
35 4
35 7
36 14
36 22
37 20
37 30

# solution 154
# n=38 sym=rot4 status=verified source=flammenkamp_cache/n38_rot4
# code=oGKHQ4LUV9ZBR3O3JPS8X5J1W8E6EOPFM2b0a7ARU1b0ZFMCDNVNT5aIW4T9CIYDYAQ2S67GXBKHL
0 16
0 20
1 17
1 26
2 4
2 21
3 30
3 31
4 9
4 35
5 11
5 27
6 3
6 24
7 3
7 19
8 25
8 28
9 8
9 33
10 5
10 19
11 1
11 32
12 8
12 14
13 6
13 14
14 24
14 25
15 15
15 22
16 2
16 37
17 0
17 36
18 7
18 10
19 27
19 30
20 1
20 37
21 0
21 35
22 15
22 22
23 12
23 13
24 23
24 31
25 23
25 29
26 5
26 36
27 18
27 32
28 4
28 29
29 9
29 12
30 18
30 34
31 13
31 34
32 10
32 26
33 2
33 28
34 6
34 7
35 16
35 33
36 11
36 20
37 17
37 21

# solution 155
# n=38 sym=rot4 status=verified source=flammenkamp_cache/n38_rot4
# code=oLMOPHW8HBW24PQEISY8FJN6X161GAU0S0OYZAU7R23Db9b7RLaVa4VEIMT39JNBCXZ5QKT5KCDFG
0 21
0 22
1 24
1 25
2 17
2 32
3 8
3 17
4 11
4 32
5 2
5 4
6 25
6 26
7 14
7 18
8 28
8 34
9 8
9 15
10 19
10 23
11 6
11 33
12 1
12 6
13 1
13 16
14 10
14 30
15 0
15 28
16 0
16 24
17 34
17 35
18 10
18 30
19 7
19 27
20 2
20 3
21 13
21 37
22 9
22 37
23 7
23 27
24 21
24 36
25 31
25 36
26 4
26 31
27 14
27 18
28 22
28 29
29 3
29 9
30 19
30 23
31 11
31 12
32 33
32 35
33 5
33 26
34 20
34 29
35 5
35 20
36 12
36 13
37 15
37 16

# solution 156
# n=38 sym=rot4 status=verified source=flammenkamp_cache/n38_rot4
# code=oAKMXPU6G1FDQTY2I6NEQJb592GHW8S1XPY0OAU7RDb3C4a9T5KLZSW0IBNEVJZ38BOMaLV7C4FHR
0 10
0 20
1 22
1 33
2 25
2 30
3 6
3 16
4 1
4 15
5 13
5 26
6 29
6 34
7 2
7 18
8 6
8 23
9 14
9 26
10 19
10 37
11 5
11 9
12 2
12 16
13 17
13 32
14 8
14 28
15 1
15 33
16 25
16 34
17 0
17 24
18 10
18 30
19 7
19 27
20 13
20 37
21 3
21 12
22 4
22 36
23 9
23 29
24 5
24 20
25 21
25 35
26 28
26 32
27 0
27 18
28 11
28 23
29 14
29 31
30 19
30 35
31 3
31 8
32 11
32 24
33 22
33 36
34 21
34 31
35 7
35 12
36 4
36 15
37 17
37 27

# solution 157
# n=38 sym=rot4 status=verified source=flammenkamp_cache/n38_rot4
# code=oKQEFLWATBT27FLJW34COIY0XKS9EOaVa260C7RAUPbVZ161DNS9H4b3JDPXY5IGMUZ8Q8R5GMNBH
0 20
0 26
1 14
1 15
2 21
2 32
3 10
3 29
4 11
4 29
5 2
5 7
6 15
6 21
7 19
7 32
8 3
8 4
9 12
9 24
10 18
10 34
11 0
11 33
12 20
12 28
13 9
13 14
14 24
14 36
15 31
15 36
16 2
16 6
17 0
17 12
18 7
18 27
19 10
19 30
20 25
20 37
21 31
21 35
22 1
22 6
23 1
23 13
24 23
24 28
25 9
25 17
26 4
26 37
27 3
27 19
28 13
28 25
29 33
29 34
30 5
30 18
31 16
31 22
32 30
32 35
33 8
33 26
34 8
34 27
35 5
35 16
36 22
36 23
37 11
37 17

# solution 158
# n=38 sym=rot4 status=verified source=flammenkamp_cache/n38_rot4
# code=oHN7LCRMPSTFJSU6a4D462JNO3ZBT0B3W1HLb5ARW0GKa5YQb8Q2YDEIZVXOX1V79IM89CFAPGUEK
0 17
0 23
1 7
1 21
2 12
2 27
3 22
3 25
4 28
4 29
5 15
5 19
6 28
6 30
7 6
7 36
8 4
8 13
9 4
9 6
10 2
10 19
11 23
11 24
12 3
12 35
13 11
13 29
14 0
14 11
15 3
15 32
16 1
16 17
17 21
17 37
18 5
18 10
19 27
19 32
20 0
20 16
21 20
21 36
22 5
22 34
23 26
23 37
24 8
24 26
25 2
25 34
26 13
26 14
27 18
27 35
28 31
28 33
29 24
29 33
30 1
30 31
31 7
31 9
32 18
32 22
33 8
33 9
34 12
34 15
35 10
35 25
36 16
36 30
37 14
37 20

# solution 159
# n=38 sym=rot4 status=verified source=flammenkamp_cache/n38_rot4
# code=oCMCOKSKN8NBIAU6T7X2BIVSWab1F340OGL23RW5AYZGLDbXYMa01596JQZ4U8V7RJQETEH9HDPFP
0 12
0 22
1 12
1 24
2 20
2 28
3 20
3 23
4 8
4 23
5 11
5 18
6 10
6 30
7 6
7 29
8 7
8 33
9 2
9 11
10 18
10 31
11 28
11 32
12 36
12 37
13 1
13 15
14 3
14 4
15 0
15 24
16 16
16 21
17 2
17 3
18 27
18 32
19 5
19 10
20 34
20 35
21 16
21 21
22 13
22 37
23 33
23 34
24 22
24 36
25 0
25 1
26 5
26 9
27 6
27 19
28 26
28 35
29 4
29 30
30 8
30 31
31 7
31 27
32 19
32 26
33 14
33 29
34 14
34 17
35 9
35 17
36 13
36 25
37 15
37 25

# solution 160
# n=38 sym=rot4 status=verified source=flammenkamp_cache/n38_rot4
# code=o6MHL2ZDFPRJSUb6HCD5Q4I9N4TTYBG0Y1NUa5RAW17Ea3bLQ388XESJXBWOPKV079IACMO2ZGKFV
0 6
0 22
1 17
1 21
2 2
2 35
3 13
3 15
4 25
4 27
5 19
5 28
6 30
6 37
7 6
7 17
8 12
8 13
9 5
9 26
10 4
10 18
11 9
11 23
12 4
12 29
13 29
13 34
14 11
14 16
15 0
15 34
16 1
16 23
17 30
17 36
18 5
18 27
19 10
19 32
20 1
20 7
21 14
21 36
22 3
22 37
23 21
23 26
24 3
24 8
25 8
25 33
26 14
26 28
27 19
27 33
28 11
28 32
29 24
29 25
30 20
30 31
31 0
31 7
32 9
32 18
33 10
33 12
34 22
34 24
35 2
35 35
36 16
36 20
37 15
37 31

# solution 161
# n=38 sym=rot4 status=verified source=flammenkamp_cache/n38_rot4
# code=oATHN3MDZJM7QCQCW0HGOJb56UV9Y1G24NSTa4ARX189EXZLa3S67VW0IDLKb5PBPBUFI2OFYEK8R
0 10
0 29
1 17
1 23
2 3
2 22
3 13
3 35
4 19
4 22
5 7
5 26
6 12
6 26
7 12
7 32
8 0
8 17
9 16
9 24
10 19
10 37
11 5
11 6
12 30
12 31
13 9
13 34
14 1
14 16
15 2
15 4
16 23
16 28
17 29
17 36
18 4
18 10
19 27
19 33
20 1
20 8
21 9
21 14
22 33
22 35
23 21
23 36
24 3
24 28
25 6
25 7
26 31
26 32
27 0
27 18
28 13
28 21
29 20
29 37
30 5
30 25
31 11
31 25
32 11
32 30
33 15
33 18
34 2
34 24
35 15
35 34
36 14
36 20
37 8
37 27

# solution 162
# n=38 sym=rot4 status=verified source=flammenkamp_cache/n38_rot4
# code=o8GTYKN1N9IFR6VKL1bCX5IDMDSPQ23BW7b27RX4AUZ0U5QYZBC9OFOJW4P0aGH6VAMJSEaEH38LT
0 8
0 16
1 29
1 34
2 20
2 23
3 1
3 23
4 9
4 18
5 15
5 27
6 6
6 31
7 20
7 21
8 1
8 37
9 12
9 33
10 5
10 18
11 13
11 22
12 13
12 28
13 25
13 26
14 2
14 3
15 11
15 32
16 7
16 37
17 2
17 7
18 27
18 33
19 4
19 10
20 30
20 35
21 0
21 30
22 5
22 26
23 34
23 35
24 11
24 12
25 9
25 24
26 15
26 24
27 19
27 32
28 4
28 25
29 0
29 36
30 16
30 17
31 6
31 31
32 10
32 22
33 19
33 28
34 14
34 36
35 14
35 17
36 3
36 8
37 21
37 29

# solution 163
# n=38 sym=rot4 status=verified source=flammenkamp_cache/n38_rot4
# code=oCG57KNAQJMMa6VLa9DQTIY39EbHT2P457b2O4RAXDZ0UWXCZ8K0NSY3J8BOS1G6V1FFIBREHUWLP
0 12
0 16
1 5
1 7
2 20
2 23
3 10
3 26
4 19
4 22
5 22
5 36
6 6
6 31
7 21
7 36
8 9
8 13
9 26
9 29
10 18
10 34
11 3
11 9
12 14
12 37
13 17
13 29
14 2
14 25
15 4
15 5
16 7
16 37
17 2
17 24
18 4
18 27
19 10
19 33
20 13
20 35
21 0
21 30
22 32
22 33
23 12
23 35
24 8
24 20
25 0
25 23
26 28
26 34
27 3
27 19
28 8
28 11
29 24
29 28
30 1
30 16
31 6
31 31
32 1
32 15
33 15
33 18
34 11
34 27
35 14
35 17
36 30
36 32
37 21
37 25

# solution 164
# n=38 sym=rot4 status=verified source=flammenkamp_cache/n38_rot4
# code=oOT4KFH9MIaAB7OLV09TYJWGWEN06CP3Z7Q1ZAX4R2aBU2YCPVbEN5L5I38Sb6GDUQR1JFSKMHX8D
0 24
0 29
1 4
1 20
2 15
2 17
3 9
3 22
4 18
4 36
5 10
5 11
6 7
6 24
7 21
7 31
8 0
8 9
9 29
9 34
10 19
10 32
11 16
11 32
12 14
12 23
13 0
13 6
14 12
14 25
15 3
15 35
16 7
16 26
17 1
17 35
18 10
18 33
19 4
19 27
20 2
20 36
21 11
21 30
22 2
22 34
23 12
23 25
24 31
24 37
25 14
25 23
26 5
26 21
27 5
27 18
28 3
28 8
29 28
29 37
30 6
30 16
31 13
31 30
32 26
32 27
33 1
33 19
34 15
34 28
35 20
35 22
36 17
36 33
37 8
37 13

# solution 165
# n=38 sym=rot4 status=verified source=flammenkamp_cache/n38_rot4
# code=oNQ7HEGJWCW349GOa9PTVJK0D8X7Q0ZFMVZAa3ARY1R26FM2bBU4TObHI68CS1DLSXY5P5ILNKUBE
0 23
0 26
1 7
1 17
2 14
2 16
3 19
3 32
4 12
4 32
5 3
5 4
6 9
6 16
7 24
7 36
8 9
8 25
9 29
9 31
10 19
10 20
11 0
11 13
12 8
12 33
13 7
13 26
14 0
14 35
15 15
15 22
16 31
16 35
17 10
17 36
18 3
18 10
19 27
19 34
20 1
20 27
21 2
21 6
22 15
22 22
23 2
23 37
24 11
24 30
25 4
25 29
26 24
26 37
27 17
27 18
28 6
28 8
29 12
29 28
30 1
30 13
31 21
31 28
32 33
32 34
33 5
33 25
34 5
34 18
35 21
35 23
36 20
36 30
37 11
37 14

# solution 166
# n=38 sym=rot4 status=verified source=flammenkamp_cache/n38_rot4
# code=o6CAKILHV8FBT3bPS5X7OIaGW7b9EFONX2Q1YRZ2A3aBZ4EDMNS0U5L1JDU4W9C0Y8QMT6KGJHRPV
0 6
0 12
1 10
1 20
2 18
2 21
3 17
3 31
4 8
4 15
5 11
5 29
6 3
6 37
7 25
7 28
8 5
8 33
9 7
9 24
10 18
10 36
11 16
11 32
12 7
12 37
13 9
13 14
14 15
14 24
15 23
15 33
16 2
16 26
17 1
17 34
18 27
18 35
19 2
19 10
20 3
20 36
21 11
21 35
22 4
22 14
23 13
23 22
24 23
24 28
25 0
25 30
26 5
26 21
27 1
27 19
28 13
28 30
29 4
29 32
30 9
30 12
31 0
31 34
32 8
32 26
33 22
33 29
34 6
34 20
35 16
35 19
36 17
36 27
37 25
37 31

# solution 167
# n=38 sym=rot4 status=verified source=flammenkamp_cache/n38_rot4
# code=oFPFI7GPSNW4GBTAZ6B3KIUTV03HN4DabWZ9ORa1ADS2501OXEKYb687JHYQV2R8QLX5E9CLUJMCM
0 15
0 25
1 15
1 18
2 7
2 16
3 25
3 28
4 23
4 32
5 4
5 16
6 11
6 29
7 10
7 35
8 6
8 11
9 3
9 20
10 18
10 30
11 29
11 31
12 0
12 3
13 17
13 23
14 4
14 13
15 36
15 37
16 32
16 35
17 9
17 24
18 27
18 36
19 1
19 10
20 13
20 28
21 2
21 5
22 0
22 1
23 24
23 33
24 14
24 20
25 34
25 37
26 6
26 8
27 7
27 19
28 17
28 34
29 26
29 31
30 2
30 27
31 8
31 26
32 21
32 33
33 5
33 14
34 9
34 12
35 21
35 30
36 19
36 22
37 12
37 22

# solution 168
# n=38 sym=rot4 status=verified source=flammenkamp_cache/n38_rot4
# code=o8NIULP9AMS67GW1WDb4YIYFN2DPT0B4Q2VHKRa1AHK6ZBXQb8COZEM3J3X0O5a5LUV9FRSCG7JET
0 8
0 23
1 18
1 30
2 21
2 25
3 9
3 10
4 22
4 28
5 6
5 7
6 16
6 32
7 1
7 32
8 13
8 37
9 4
9 34
10 18
10 34
11 15
11 23
12 2
12 13
13 25
13 29
14 0
14 11
15 4
15 26
16 2
16 31
17 17
17 20
18 27
18 36
19 1
19 10
20 17
20 20
21 6
21 35
22 11
22 33
23 26
23 37
24 8
24 12
25 24
25 35
26 14
26 22
27 3
27 19
28 3
28 33
29 0
29 24
30 5
30 36
31 5
31 21
32 30
32 31
33 9
33 15
34 27
34 28
35 12
35 16
36 7
36 19
37 14
37 29

# solution 169
# n=38 sym=rot4 status=verified source=flammenkamp_cache/n38_rot4
# code=oDO8J5KEKAW4ZQTBF6a9SIX6ULN0bCYGUCM231RAaYZFP7L3P0bEG7V4J9S1VMQ8B2X5RHNHWITDO
0 13
0 24
1 8
1 19
2 5
2 20
3 14
3 20
4 10
4 32
5 4
5 35
6 26
6 29
7 11
7 15
8 6
8 36
9 9
9 28
10 18
10 33
11 6
11 30
12 21
12 23
13 0
13 37
14 12
14 34
15 16
15 30
16 12
16 22
17 2
17 3
18 1
18 27
19 10
19 36
20 34
20 35
21 15
21 25
22 7
22 21
23 3
23 25
24 0
24 37
25 14
25 16
26 7
26 31
27 4
27 19
28 9
28 28
29 1
29 31
30 22
30 26
31 8
31 11
32 2
32 33
33 5
33 27
34 17
34 23
35 17
35 32
36 18
36 29
37 13
37 24

# solution 170
# n=38 sym=rot4 status=verified source=flammenkamp_cache/n38_rot4
# code=oFILMBWESNP2AHT7U6O3BIWSZ4D8P4Y1b1HLVRb0A6GKa0a3XCTOX295JQYDV7U8KRZCE9N5QFGJM
0 15
0 18
1 21
1 22
2 11
2 32
3 14
3 28
4 23
4 25
5 2
5 10
6 17
6 29
7 7
7 30
8 6
8 24
9 3
9 11
10 18
10 32
11 28
11 35
12 4
12 13
13 8
13 25
14 4
14 34
15 1
15 37
16 1
16 17
17 21
17 31
18 27
18 37
19 0
19 10
20 6
20 16
21 20
21 36
22 0
22 36
23 3
23 33
24 12
24 29
25 24
25 33
26 2
26 9
27 5
27 19
28 26
28 34
29 13
29 31
30 7
30 30
31 8
31 20
32 27
32 35
33 12
33 14
34 9
34 23
35 5
35 26
36 15
36 16
37 19
37 22

# solution 171
# n=38 sym=rot4 status=verified source=flammenkamp_cache/n38_rot4
# code=oISHN4CSUTZHM7D3V4G03IOBQNZAV1C5GMTWaRb0A158FLWPa6R2EBQDJYbLX6YOUFK2879PXEK9J
0 18
0 28
1 17
1 23
2 4
2 12
3 28
3 30
4 29
4 35
5 17
5 22
6 7
6 13
7 3
7 31
8 4
8 16
9 0
9 3
10 18
10 24
11 11
11 26
12 23
12 35
13 10
13 31
14 1
14 12
15 5
15 16
16 22
16 29
17 32
17 36
18 27
18 37
19 0
19 10
20 1
20 5
21 8
21 15
22 21
22 32
23 25
23 36
24 6
24 27
25 2
25 14
26 11
26 26
27 13
27 19
28 34
28 37
29 21
29 33
30 6
30 34
31 24
31 30
32 15
32 20
33 2
33 8
34 7
34 9
35 25
35 33
36 14
36 20
37 9
37 19

# solution 172
# n=38 sym=rot4 status=verified source=flammenkamp_cache/n38_rot4
# code=oHI9EDK7TERCT7MVY35Ga4IFLDWPZXa6QBS2bRb0A0Z9QBV142C5OGMJX1LWY36FU8PAN8UHONSJK
0 17
0 18
1 9
1 14
2 13
2 20
3 7
3 29
4 14
4 27
5 12
5 29
6 7
6 22
7 31
7 34
8 3
8 5
9 16
9 36
10 4
10 18
11 15
11 21
12 13
12 32
13 25
13 35
14 33
14 36
15 6
15 26
16 11
16 28
17 2
17 37
18 27
18 37
19 0
19 10
20 0
20 35
21 9
21 26
22 11
22 31
23 1
23 4
24 2
24 12
25 5
25 24
26 16
26 22
27 19
27 33
28 1
28 21
29 32
29 34
30 3
30 6
31 15
31 30
32 8
32 25
33 10
33 23
34 8
34 30
35 17
35 24
36 23
36 28
37 19
37 20

# solution 173
# n=38 sym=rot4 status=verified source=flammenkamp_cache/n38_rot4
# code=o3IHP8MBbRUFV5B4CKZGO4JVY1U9EGO2WNS8aAb0R1T9E5ZDLNS7a36IXDL2HPXQW6M7A0QFTCKJY
0 3
0 18
1 17
1 25
2 8
2 22
3 11
3 37
4 27
4 30
5 15
5 31
6 5
6 11
7 4
7 12
8 20
8 35
9 16
9 24
10 4
10 19
11 31
11 34
12 1
12 30
13 9
13 14
14 16
14 24
15 2
15 32
16 23
16 28
17 8
17 36
18 10
18 37
19 0
19 27
20 1
20 29
21 9
21 14
22 5
22 35
23 13
23 21
24 23
24 28
25 7
25 36
26 3
26 6
27 18
27 33
28 13
28 21
29 2
29 17
30 25
30 33
31 26
31 32
32 6
32 22
33 7
33 10
34 0
34 26
35 15
35 29
36 12
36 20
37 19
37 34

# solution 174
# n=38 sym=rot4 status=verified source=flammenkamp_cache/n38_rot4
# code=oFIEQLP9TDH8B7H9V3WUYJM1W2EGXPaAb2OVXAb0R46DZ0R1C4LNZ5aFI375Y6SKUQTKO8SCGBNJM
0 15
0 18
1 14
1 26
2 21
2 25
3 9
3 29
4 13
4 17
5 8
5 11
6 7
6 17
7 9
7 31
8 3
8 32
9 30
9 34
10 19
10 22
11 1
11 32
12 2
12 14
13 16
13 33
14 25
14 36
15 10
15 37
16 2
16 24
17 31
17 33
18 10
18 37
19 0
19 27
20 4
20 6
21 13
21 35
22 0
22 27
23 1
23 12
24 4
24 21
25 23
25 35
26 5
26 36
27 15
27 18
28 3
28 7
29 5
29 34
30 6
30 28
31 20
31 30
32 26
32 29
33 20
33 24
34 8
34 28
35 12
35 16
36 11
36 23
37 19
37 22

# solution 175
# n=38 sym=rot4 status=verified source=flammenkamp_cache/n38_rot4
# code=oBJKTFNGR8OFHSU691X6U3IPbBN4G2CWZOY1W0RAb5a3D25PZLXEQ0CJY7V4aSV79KMDTALEM8HIQ
0 11
0 19
1 20
1 29
2 15
2 23
3 16
3 27
4 8
4 24
5 15
5 17
6 28
6 30
7 6
7 9
8 1
8 33
9 6
9 30
10 3
10 18
11 25
11 37
12 11
12 23
13 4
13 16
14 2
14 12
15 32
15 35
16 24
16 34
17 1
17 32
18 0
18 27
19 10
19 37
20 5
20 36
21 3
21 13
22 2
22 5
23 25
23 35
24 21
24 33
25 14
25 26
26 0
26 12
27 19
27 34
28 7
28 31
29 4
29 36
30 28
30 31
31 7
31 9
32 20
32 22
33 13
33 29
34 10
34 21
35 14
35 22
36 8
36 17
37 18
37 26

# solution 176
# n=38 sym=rot4 status=verified source=flammenkamp_cache/n38_rot4
# code=oHLBWLTEMCS16JW8F2U4JCODaRXAQHY3U02Nb69SV0EZb7Y3KBR4A1ODPIX7ZMT5IVa9PFN8G5QGK
0 17
0 21
1 11
1 32
2 21
2 29
3 14
3 22
4 12
4 28
5 1
5 6
6 19
6 32
7 8
7 15
8 2
8 30
9 4
9 19
10 12
10 24
11 13
11 36
12 27
12 33
13 10
13 26
14 17
14 34
15 3
15 30
16 0
16 2
17 23
17 37
18 6
18 9
19 28
19 31
20 0
20 14
21 35
21 37
22 7
22 34
23 3
23 20
24 11
24 27
25 4
25 10
26 1
26 24
27 13
27 25
28 18
28 33
29 7
29 35
30 22
30 29
31 5
31 18
32 31
32 36
33 9
33 25
34 15
34 23
35 8
35 16
36 5
36 26
37 16
37 20

# solution 177
# n=38 sym=rot4 status=verified source=flammenkamp_cache/n38_rot4
# code=oBFFO37PZAH8JEOQZEWJPHX7b3916TVabGLRX59SW4AGL0168VaSY0U4KCI5N2BDNITKR2CUYDMMQ
0 11
0 15
1 15
1 24
2 3
2 7
3 25
3 35
4 10
4 17
5 8
5 19
6 14
6 24
7 26
7 35
8 14
8 32
9 19
9 25
10 17
10 33
11 7
11 37
12 3
12 9
13 1
13 6
14 29
14 31
15 36
15 37
16 16
16 21
17 27
17 33
18 5
18 9
19 28
19 32
20 4
20 10
21 16
21 21
22 0
22 1
23 6
23 8
24 31
24 36
25 28
25 34
26 0
26 30
27 4
27 20
28 12
28 18
29 5
29 23
30 2
30 11
31 13
31 23
32 18
32 29
33 20
33 27
34 2
34 12
35 30
35 34
36 13
36 22
37 22
37 26

# solution 178
# n=38 sym=rot4 status=verified source=flammenkamp_cache/n38_rot4
# code=oHMCQAE7TLOIL7AVY3OFIVZ1PBa48HZ0S45NbSW590EWX9b2KTX1QCa26JMDY36RUGJDG8UNRBPFK
0 17
0 22
1 12
1 26
2 10
2 14
3 7
3 29
4 21
4 24
5 18
5 21
6 7
6 10
7 31
7 34
8 3
8 24
9 15
9 18
10 31
10 35
11 1
11 25
12 11
12 36
13 4
13 8
14 17
14 35
15 0
15 28
16 4
16 5
17 23
17 37
18 28
18 32
19 5
19 9
20 0
20 14
21 32
21 33
22 9
22 37
23 2
23 20
24 29
24 33
25 1
25 26
26 12
26 36
27 2
27 6
28 19
28 22
29 13
29 34
30 3
30 6
31 27
31 30
32 16
32 19
33 13
33 16
34 8
34 30
35 23
35 27
36 11
36 25
37 15
37 20

# solution 179
# n=38 sym=rot4 status=verified source=flammenkamp_cache/n38_rot4
# code=o7VKLHP8QFGIQ0SRbDY6I7E352DPTFRNX1X1ZSW592a4a4EAM8COZWYNUJV3O0A9bBJLMBTCKGH6U
0 7
0 31
1 20
1 21
2 17
2 25
3 8
3 26
4 15
4 16
5 18
5 26
6 0
6 28
7 27
7 37
8 13
8 34
9 6
9 18
10 7
10 14
11 3
11 5
12 2
12 13
13 25
13 29
14 15
14 27
15 23
15 33
16 1
16 33
17 1
17 35
18 28
18 32
19 5
19 9
20 2
20 36
21 4
21 36
22 4
22 14
23 10
23 22
24 8
24 12
25 24
25 35
26 32
26 34
27 23
27 30
28 19
28 31
29 3
29 24
30 0
30 10
31 9
31 37
32 11
32 19
33 21
33 22
34 11
34 29
35 12
35 20
36 16
36 17
37 6
37 30

# solution 180
# n=38 sym=rot4 status=verified source=flammenkamp_cache/n38_rot4
# code=oCRLUNY2KDIBS8N1PGV5J0BRW7bHX26FM1T3O9X4SDY8aFMVZ4K0U5AQbIW6LCaET9QJOHZ3E7GAP
0 12
0 27
1 21
1 30
2 23
2 34
3 2
3 20
4 13
4 18
5 11
5 28
6 8
6 23
7 1
7 25
8 16
8 31
9 5
9 19
10 0
10 11
11 27
11 32
12 7
12 37
13 17
13 33
14 2
14 6
15 15
15 22
16 1
16 29
17 3
17 24
18 9
18 33
19 4
19 28
20 13
20 34
21 8
21 36
22 15
22 22
23 31
23 35
24 4
24 20
25 0
25 30
26 5
26 10
27 26
27 37
28 18
28 32
29 6
29 21
30 12
30 36
31 14
31 29
32 9
32 26
33 19
33 24
34 17
34 35
35 3
35 14
36 7
36 16
37 10
37 25

# solution 181
# n=38 sym=rot4 status=verified source=flammenkamp_cache/n38_rot4
# code=oGKCF9WJUBO2A6V3FAQJZTW8XNa4ECOUaHb0L39SYGb0K17DPNX1E4T582IBRMY6VRZDQ7I5SMPHL
0 16
0 20
1 12
1 15
2 9
2 32
3 19
3 30
4 11
4 24
5 2
5 10
6 6
6 31
7 3
7 15
8 10
8 26
9 19
9 35
10 29
10 32
11 8
11 33
12 23
12 36
13 4
13 14
14 12
14 24
15 30
15 36
16 17
16 37
17 0
17 21
18 3
18 9
19 28
19 34
20 16
20 37
21 0
21 20
22 1
22 7
23 13
23 25
24 23
24 33
25 1
25 14
26 4
26 29
27 5
27 8
28 2
28 18
29 11
29 27
30 22
30 34
31 6
31 31
32 27
32 35
33 13
33 26
34 7
34 18
35 5
35 28
36 22
36 25
37 17
37 21

# solution 182
# n=38 sym=rot4 status=verified source=flammenkamp_cache/n38_rot4
# code=oDEMP7E5I7BOY6VXZBGJR9HTX1G5bZb1HPTMR9Y3SAF8CKa020WLa48KSAILQ246V3DQUJWNUCFNO
0 13
0 14
1 22
1 25
2 7
2 14
3 5
3 18
4 7
4 11
5 24
5 34
6 6
6 31
7 33
7 35
8 11
8 16
9 19
9 27
10 9
10 17
11 29
11 33
12 1
12 16
13 5
13 37
14 35
14 37
15 1
15 17
16 25
16 29
17 22
17 27
18 9
18 34
19 3
19 28
20 10
20 15
21 8
21 12
22 20
22 36
23 0
23 2
24 0
24 32
25 21
25 36
26 4
26 8
27 20
27 28
28 10
28 18
29 21
29 26
30 2
30 4
31 6
31 31
32 3
32 13
33 26
33 30
34 19
34 32
35 23
35 30
36 12
36 15
37 23
37 24

# solution 183
# n=38 sym=rot4 status=verified source=flammenkamp_cache/n38_rot4
# code=oBELO7AIPPVGV458ZQUJMNZ8b341HAb9H1WMO9Y3SDF5aKS0RKaXY0T2EFI7B2TWX6L6CCJRUDGNQ
0 11
0 14
1 21
1 24
2 7
2 10
3 18
3 25
4 25
4 31
5 16
5 31
6 4
6 5
7 8
7 35
8 26
8 30
9 19
9 22
10 23
10 35
11 8
11 37
12 3
12 4
13 1
13 17
14 10
14 37
15 9
15 17
16 1
16 32
17 22
17 24
18 9
18 34
19 3
19 28
20 13
20 15
21 5
21 36
22 20
22 28
23 0
23 27
24 20
24 36
25 33
25 34
26 0
26 29
27 2
27 14
28 15
28 18
29 7
29 11
30 2
30 29
31 32
31 33
32 6
32 21
33 6
33 12
34 12
34 19
35 27
35 30
36 13
36 16
37 23
37 26

# solution 184
# n=38 sym=rot4 status=verified source=flammenkamp_cache/n38_rot4
# code=o8E6EJOFLAD6KWaQSQb7JPX78AF2XabPY3H5L29SZGWKY3C014ZMRTU4CIU0B9B15HVORGMDINVNT
0 8
0 14
1 6
1 14
2 19
2 24
3 15
3 21
4 10
4 13
5 6
5 20
6 32
6 36
7 26
7 28
8 26
8 37
9 7
9 19
10 25
10 33
11 7
11 8
12 10
12 15
13 2
13 33
14 36
14 37
15 25
15 34
16 3
16 17
17 5
17 21
18 2
18 9
19 28
19 35
20 16
20 32
21 20
21 34
22 3
22 12
23 0
23 1
24 4
24 35
25 22
25 27
26 29
26 30
27 4
27 12
28 18
28 30
29 0
29 11
30 9
30 11
31 1
31 5
32 17
32 31
33 24
33 27
34 16
34 22
35 13
35 18
36 23
36 31
37 23
37 29

# solution 185
# n=38 sym=rot4 status=verified source=flammenkamp_cache/n38_rot4
# code=oCMPU4J6FHZBDNY18QUJOHN8W1b9W6A0YGLRX29SZ4AGL3bRV5S0a5TEKDI7BTa3EOQ2KMVIX7CFP
0 12
0 22
1 25
1 30
2 4
2 19
3 6
3 15
4 17
4 35
5 11
5 13
6 23
6 34
7 1
7 8
8 26
8 30
9 19
9 24
10 17
10 23
11 8
11 32
12 1
12 37
13 9
13 32
14 6
14 10
15 0
15 34
16 16
16 21
17 27
17 33
18 2
18 9
19 28
19 35
20 4
20 10
21 16
21 21
22 3
22 37
23 27
23 31
24 5
24 28
25 0
25 36
26 5
26 29
27 14
27 20
28 13
28 18
29 7
29 11
30 29
30 36
31 3
31 14
32 24
32 26
33 2
33 20
34 22
34 31
35 18
35 33
36 7
36 12
37 15
37 25

# solution 186
# n=38 sym=rot4 status=verified source=flammenkamp_cache/n38_rot4
# code=oCFPU4J6FHZBDNY18QUJOHN8W1b9W6AYbGLRX29SZ4AGL03RV5S0a5TEKDI7BTa3EOQ2KMVIX7CMP
0 12
0 15
1 25
1 30
2 4
2 19
3 6
3 15
4 17
4 35
5 11
5 13
6 23
6 34
7 1
7 8
8 26
8 30
9 19
9 24
10 17
10 23
11 8
11 32
12 1
12 37
13 9
13 32
14 6
14 10
15 34
15 37
16 16
16 21
17 27
17 33
18 2
18 9
19 28
19 35
20 4
20 10
21 16
21 21
22 0
22 3
23 27
23 31
24 5
24 28
25 0
25 36
26 5
26 29
27 14
27 20
28 13
28 18
29 7
29 11
30 29
30 36
31 3
31 14
32 24
32 26
33 2
33 20
34 22
34 31
35 18
35 33
36 7
36 12
37 22
37 25

# solution 187
# n=38 sym=rot4 status=verified source=flammenkamp_cache/n38_rot4
# code=oBFJOMTAC57BXKLEX29JTEYWbKY1GRU2b6O6C19SaPVDV0Z7ALa3H053N8ISZ4NGH4QUWPR8FDIMQ
0 11
0 15
1 19
1 24
2 22
2 29
3 10
3 12
4 5
4 7
5 11
5 33
6 20
6 21
7 14
7 33
8 2
8 9
9 19
9 29
10 14
10 34
11 32
11 37
12 20
12 34
13 1
13 16
14 27
14 30
15 2
15 37
16 6
16 24
17 6
17 12
18 1
18 9
19 28
19 36
20 25
20 31
21 13
21 31
22 0
22 35
23 7
23 10
24 21
24 36
25 3
25 17
26 0
26 5
27 3
27 23
28 8
28 18
29 28
29 35
30 4
30 23
31 16
31 17
32 4
32 26
33 30
33 32
34 25
34 27
35 8
35 15
36 13
36 18
37 22
37 26

# solution 188
# n=38 sym=rot4 status=verified source=flammenkamp_cache/n38_rot4
# code=oELJL6AEW8C36WZ8HUXJPOZDH9XAQYbFM01QU19Sa7BabFM03BR4SKO2DCI47KT25VYPT5NRVGIGN
0 14
0 21
1 19
1 21
2 6
2 10
3 14
3 32
4 8
4 12
5 3
5 6
6 32
6 35
7 8
7 17
8 30
8 33
9 19
9 25
10 24
10 35
11 13
11 17
12 9
12 33
13 10
13 26
14 34
14 37
15 15
15 22
16 0
16 1
17 26
17 30
18 1
18 9
19 28
19 36
20 7
20 11
21 36
21 37
22 15
22 22
23 0
23 3
24 11
24 27
25 4
25 28
26 20
26 24
27 2
27 13
28 12
28 18
29 4
29 7
30 20
30 29
31 2
31 5
32 31
32 34
33 25
33 29
34 5
34 23
35 27
35 31
36 16
36 18
37 16
37 23

# solution 189
# n=38 sym=rot4 status=verified source=flammenkamp_cache/n38_rot4
# code=oCQJKGTOU5C8XEH3A2WJMMU0DXb3QGV9ANZ1V19Sa6a2ERS6LBY04Ob7FFI5ZRYKN4TPW7D8LHIBP
0 12
0 26
1 19
1 20
2 16
2 29
3 24
3 30
4 5
4 12
5 8
5 33
6 14
6 17
7 3
7 10
8 2
8 32
9 19
9 22
10 22
10 30
11 0
11 13
12 33
12 37
13 3
13 26
14 16
14 31
15 9
15 10
16 23
16 35
17 1
17 31
18 1
18 9
19 28
19 36
20 6
20 36
21 2
21 14
22 27
22 28
23 6
23 21
24 11
24 34
25 0
25 4
26 24
26 37
27 7
27 15
28 15
28 18
29 5
29 35
30 27
30 34
31 20
31 23
32 4
32 29
33 25
33 32
34 7
34 13
35 8
35 21
36 17
36 18
37 11
37 25

# solution 190
# n=38 sym=rot4 status=verified source=flammenkamp_cache/n38_rot4
# code=oGNIOMTANBW4T9PHQ25JVPY7X6A1F032OHbLU9a1S7G0KDZYbMaRV4U3C6IWZBKCS8X5QER8FDJEL
0 16
0 23
1 18
1 24
2 22
2 29
3 10
3 23
4 11
4 32
5 4
5 29
6 9
6 25
7 17
7 26
8 2
8 5
9 19
9 31
10 25
10 34
11 7
11 33
12 6
12 10
13 1
13 15
14 0
14 3
15 2
15 24
16 17
16 37
17 21
17 30
18 9
18 36
19 1
19 28
20 7
20 16
21 0
21 20
22 13
22 35
23 34
23 37
24 22
24 36
25 27
25 31
26 4
26 30
27 3
27 12
28 6
28 18
29 32
29 35
30 11
30 20
31 12
31 28
32 8
32 33
33 5
33 26
34 14
34 27
35 8
35 15
36 13
36 19
37 14
37 21

# solution 191
# n=38 sym=rot4 status=verified source=flammenkamp_cache/n38_rot4
# code=oEFIK9VGPPTQV25AE4AJZTU5L34DOUbHbBY1M9a1SFa3Q0K07DOXYGW782IRXNRWZ6B8CCL6SHJMN
0 14
0 15
1 18
1 20
2 9
2 31
3 16
3 25
4 25
4 29
5 26
5 31
6 2
6 5
7 10
7 14
8 4
8 10
9 19
9 35
10 29
10 30
11 5
11 21
12 3
12 4
13 13
13 24
14 30
14 37
15 17
15 37
16 11
16 34
17 1
17 22
18 9
18 36
19 1
19 28
20 15
20 36
21 3
21 26
22 0
22 20
23 0
23 7
24 13
24 24
25 33
25 34
26 16
26 32
27 7
27 8
28 2
28 18
29 27
29 33
30 23
30 27
31 32
31 35
32 6
32 11
33 8
33 12
34 12
34 21
35 6
35 28
36 17
36 19
37 22
37 23

# solution 192
# n=38 sym=rot4 status=verified source=flammenkamp_cache/n38_rot4
# code=o5BJLAEMWQT3bOU6L4ADITZ4bFH6SHZ3P17NP1S9aCEUaCY2K9VKM0X28JORXGV7D0Y8B5FNRGIQW
0 5
0 11
1 19
1 21
2 10
2 14
3 22
3 32
4 26
4 29
5 3
5 37
6 24
6 30
7 6
7 21
8 4
8 10
9 13
9 18
10 29
10 35
11 4
11 37
12 15
12 17
13 6
13 28
14 17
14 35
15 3
15 25
16 1
16 7
17 23
17 25
18 1
18 28
19 9
19 36
20 12
20 14
21 30
21 36
22 12
22 34
23 2
23 20
24 9
24 31
25 20
25 22
26 0
26 33
27 2
27 8
28 19
28 24
29 27
29 33
30 16
30 31
31 7
31 13
32 0
32 34
33 8
33 11
34 5
34 15
35 23
35 27
36 16
36 18
37 26
37 32

# solution 193
# n=38 sym=rot4 status=verified source=flammenkamp_cache/n38_rot4
# code=oBHIX8N7M1KDPAO8YUZJNQVAb5F6W293PGL4b9a1S0XGLCYSZ5VMW0R6BEI273TDRCOHaFUET4JKQ
0 11
0 17
1 18
1 33
2 8
2 23
3 7
3 22
4 1
4 20
5 13
5 25
6 10
6 24
7 8
7 34
8 30
8 35
9 19
9 23
10 26
10 31
11 10
11 37
12 5
12 15
13 6
13 32
14 2
14 9
15 3
15 25
16 16
16 21
17 4
17 37
18 9
18 36
19 1
19 28
20 0
20 33
21 16
21 21
22 12
22 34
23 28
23 35
24 5
24 31
25 22
25 32
26 0
26 27
27 6
27 11
28 14
28 18
29 2
29 7
30 3
30 29
31 13
31 27
32 12
32 24
33 17
33 36
34 15
34 30
35 14
35 29
36 4
36 19
37 20
37 26

# solution 194
# n=38 sym=rot4 status=verified source=flammenkamp_cache/n38_rot4
# code=o5JBDGM4CKYUbDR58NUGJ6CMaRYVa8H2BSZ4N09SbEX29QZKT163A1FPVIL7ETWAO073HPXFLOQIW
0 5
0 19
1 11
1 13
2 16
2 22
3 4
3 12
4 20
4 34
5 30
5 37
6 13
6 27
7 5
7 8
8 23
8 30
9 16
9 19
10 6
10 12
11 22
11 36
12 27
12 34
13 31
13 36
14 8
14 17
15 2
15 11
16 28
16 35
17 4
17 23
18 0
18 9
19 28
19 37
20 14
20 33
21 2
21 9
22 26
22 35
23 20
23 29
24 1
24 6
25 3
25 10
26 1
26 15
27 25
27 31
28 18
28 21
29 7
29 14
30 29
30 32
31 10
31 24
32 0
32 7
33 3
33 17
34 25
34 33
35 15
35 21
36 24
36 26
37 18
37 32

# solution 195
# n=38 sym=rot4 status=verified source=flammenkamp_cache/n38_rot4
# code=oCJEM7QRTCHFH6VTZ37DJ3Q2AXbGSGa1WNOWX09Sb45DE5a1L9L04RZBYIOUY286VKMKP8ABUFNIP
0 12
0 19
1 14
1 22
2 7
2 26
3 27
3 29
4 12
4 17
5 15
5 17
6 6
6 31
7 29
7 35
8 3
8 7
9 13
9 19
10 3
10 26
11 2
11 10
12 33
12 37
13 16
13 28
14 16
14 36
15 1
15 32
16 23
16 24
17 32
17 33
18 0
18 9
19 28
19 37
20 4
20 5
21 13
21 14
22 5
22 36
23 1
23 21
24 9
24 21
25 0
25 4
26 27
26 35
27 11
27 34
28 18
28 24
29 30
29 34
30 2
30 8
31 6
31 31
32 20
32 22
33 20
33 25
34 8
34 10
35 11
35 30
36 15
36 23
37 18
37 25

# solution 196
# n=38 sym=rot4 status=verified source=flammenkamp_cache/n38_rot4
# code=oDJKLCEQWGU3P7E4V8TIMDQ3A5ZRbVZ9H1X1M0S9bFa4aKS260A2WRYBOFJ8T6XNUCY7L5BNPGHIO
0 13
0 19
1 20
1 21
2 12
2 14
3 26
3 32
4 16
4 30
5 3
5 25
6 7
6 14
7 4
7 31
8 8
8 29
9 18
9 22
10 13
10 26
11 3
11 10
12 5
12 35
13 27
13 37
14 31
14 35
15 9
15 17
16 1
16 33
17 1
17 22
18 0
18 28
19 9
19 37
20 15
20 36
21 4
21 36
22 20
22 28
23 2
23 6
24 0
24 10
25 2
25 32
26 27
26 34
27 11
27 24
28 15
28 19
29 8
29 29
30 6
30 33
31 23
31 30
32 12
32 34
33 7
33 21
34 5
34 11
35 23
35 25
36 16
36 17
37 18
37 24

# solution 197
# n=38 sym=rot4 status=verified source=flammenkamp_cache/n38_rot4
# code=oFN8L9PFLDW4QAIPQIaKZDV5727RX0HYb139NTV68ESYa03Kb4AUZUW6O2H1JBCJRBX5OGMCSGTEM
0 15
0 23
1 8
1 21
2 9
2 25
3 15
3 21
4 13
4 32
5 4
5 26
6 10
6 18
7 25
7 26
8 18
8 36
9 20
9 35
10 13
10 31
11 5
11 7
12 2
12 7
13 27
13 33
14 0
14 17
15 34
15 37
16 1
16 3
17 9
17 23
18 29
18 31
19 6
19 8
20 14
20 28
21 34
21 36
22 0
22 3
23 20
23 37
24 4
24 10
25 30
25 35
26 30
26 32
27 6
27 24
28 2
28 17
29 1
29 19
30 11
30 12
31 19
31 27
32 11
32 33
33 5
33 24
34 16
34 22
35 12
35 28
36 16
36 29
37 14
37 22

# solution 198
# n=38 sym=rot4 status=verified source=flammenkamp_cache/n38_rot4
# code=oGSHVACKU7GQR1J3XEJ0D5Z5PBZMSFTDNXb3a68TV1Y04EO8M9F2QCW2WObIN4YIaABLU7HPR6K9L
0 16
0 28
1 17
1 31
2 10
2 12
3 20
3 30
4 7
4 16
5 26
5 27
6 1
6 19
7 3
7 33
8 14
8 19
9 0
9 13
10 5
10 35
11 5
11 25
12 11
12 35
13 22
13 28
14 15
14 29
15 13
15 23
16 33
16 37
17 3
17 36
18 6
18 8
19 29
19 31
20 1
20 34
21 0
21 4
22 14
22 24
23 8
23 22
24 9
24 15
25 2
25 26
26 12
26 32
27 2
27 32
28 24
28 37
29 18
29 23
30 4
30 34
31 18
31 36
32 10
32 11
33 21
33 30
34 7
34 17
35 25
35 27
36 6
36 20
37 9
37 21

# solution 199
# n=38 sym=rot4 status=verified source=flammenkamp_cache/n38_rot4
# code=o9G5GQRHTFPUaDJ5A3IMb2U2C4QNVDH9XabNY6T8V3E014SKO6EBXPZ7Z0FJYRWIO17CM8KABLWLS
0 9
0 16
1 5
1 16
2 26
2 27
3 17
3 29
4 15
4 25
5 30
5 36
6 13
6 19
7 5
7 10
8 3
8 18
9 22
9 37
10 2
10 30
11 2
11 12
12 4
12 26
13 23
13 31
14 13
14 17
15 9
15 33
16 36
16 37
17 23
17 34
18 6
18 29
19 8
19 31
20 3
20 14
21 0
21 1
22 4
22 28
23 20
23 24
24 6
24 14
25 11
25 33
26 25
26 35
27 7
27 35
28 0
28 15
29 19
29 34
30 27
30 32
31 18
31 24
32 1
32 7
33 12
33 22
34 8
34 20
35 10
35 11
36 21
36 32
37 21
37 28

# solution 200
# n=38 sym=rot4 status=verified source=flammenkamp_cache/n38_rot4
# code=oKUAFHQBN6NDJSX09JP6UFa2Y8DPW34RaGL0Z58TW2bGL1AXY5COT3Z1M7VCISb49IOEVEQBKMR7H
0 20
0 30
1 10
1 15
2 17
2 26
3 11
3 23
4 6
4 23
5 13
5 19
6 28
6 33
7 0
7 9
8 19
8 25
9 6
9 30
10 15
10 36
11 2
11 34
12 8
12 13
13 25
13 32
14 3
14 4
15 27
15 36
16 16
16 21
17 0
17 35
18 5
18 8
19 29
19 32
20 2
20 37
21 16
21 21
22 1
22 10
23 33
23 34
24 5
24 12
25 24
25 29
26 3
26 35
27 1
27 22
28 7
28 31
29 12
29 18
30 28
30 37
31 4
31 9
32 18
32 24
33 14
33 31
34 14
34 26
35 11
35 20
36 22
36 27
37 7
37 17

# solution 201
# n=38 sym=rot4 status=verified source=flammenkamp_cache/n38_rot4
# code=oDKPREHGUCJSV5T3E6J5B1OGS1XAbUZFMQY0Z48TX2b3BFM270R4a9LDaQWIVNY8W69IP7LKNACHO
0 13
0 20
1 25
1 27
2 14
2 17
3 16
3 30
4 12
4 19
5 28
5 31
6 5
6 29
7 3
7 14
8 6
8 19
9 5
9 11
10 1
10 24
11 16
11 28
12 1
12 33
13 10
13 37
14 30
14 35
15 15
15 22
16 26
16 34
17 0
17 35
18 4
18 8
19 29
19 33
20 2
20 37
21 3
21 11
22 15
22 22
23 2
23 7
24 0
24 27
25 4
25 36
26 9
26 21
27 13
27 36
28 26
28 32
29 18
29 31
30 23
30 34
31 8
31 32
32 6
32 9
33 18
33 25
34 7
34 21
35 20
35 23
36 10
36 12
37 17
37 24

# solution 202
# n=38 sym=rot4 status=verified source=flammenkamp_cache/n38_rot4
# code=oLPBC5BKMIVRZ4S9DGI6U5NZa0aKUAF3N0T3DTX48OY8bEYMR7H1b12EW7VJLOS9X2A6JFHQWPQCG
0 21
0 25
1 11
1 12
2 5
2 11
3 20
3 22
4 18
4 31
5 27
5 35
6 4
6 28
7 9
7 13
8 16
8 18
9 6
9 30
10 5
10 23
11 35
11 36
12 0
12 36
13 20
13 30
14 10
14 15
15 3
15 23
16 0
16 29
17 3
17 13
18 29
18 33
19 4
19 8
20 24
20 34
21 8
21 37
22 14
22 34
23 22
23 27
24 7
24 17
25 1
25 37
26 1
26 2
27 14
27 32
28 7
28 31
29 19
29 21
30 24
30 28
31 9
31 33
32 2
32 10
33 6
33 19
34 15
34 17
35 26
35 32
36 25
36 26
37 12
37 16

# solution 203
# n=38 sym=rot4 status=verified source=flammenkamp_cache/n38_rot4
# code=oKPDL7W6JEQ2BRYEZJPAK6S4W08MaUXDG1M0938TYSbFaLO471FTb5X9VHRCI2N3AQZBNIV5UGOCH
0 20
0 25
1 13
1 21
2 7
2 32
3 6
3 19
4 14
4 26
5 2
5 11
6 27
6 34
7 14
7 35
8 19
8 25
9 10
9 20
10 6
10 28
11 4
11 32
12 0
12 8
13 22
13 36
14 30
14 33
15 13
15 16
16 1
16 22
17 0
17 9
18 3
18 8
19 29
19 34
20 28
20 37
21 15
21 36
22 21
22 24
23 4
23 7
24 1
24 15
25 29
25 37
26 5
26 33
27 9
27 31
28 17
28 27
29 12
29 18
30 2
30 23
31 3
31 10
32 26
32 35
33 11
33 23
34 18
34 31
35 5
35 30
36 16
36 24
37 12
37 17

# solution 204
# n=38 sym=rot4 status=verified source=flammenkamp_cache/n38_rot4
# code=oESDM469I5ZMXBZORGI0Y7BRVGN7aCb15PTHKTY38HK8CWa0P1UEL6AQU3bJLAD2Q4F2WJSVXFO9N
0 14
0 28
1 13
1 22
2 4
2 6
3 9
3 18
4 5
4 35
5 22
5 33
6 11
6 35
7 24
7 27
8 16
8 18
9 0
9 34
10 7
10 11
11 27
11 31
12 16
12 23
13 7
13 36
14 12
14 37
15 1
15 5
16 25
16 29
17 17
17 20
18 29
18 34
19 3
19 8
20 17
20 20
21 8
21 12
22 32
22 36
23 0
23 25
24 1
24 30
25 14
25 21
26 6
26 10
27 26
27 30
28 3
28 37
29 19
29 21
30 10
30 13
31 2
31 26
32 4
32 15
33 2
33 32
34 19
34 28
35 31
35 33
36 15
36 24
37 9
37 23

# solution 205
# n=38 sym=rot4 status=verified source=flammenkamp_cache/n38_rot4
# code=oOVEGEPJR5MSX0ADGBI5B3VST2K0UZa4HUaCM3T8YFP17KX127bHZ896YQWJQLORb49FWAICNLN6D
0 24
0 31
1 14
1 16
2 14
2 25
3 19
3 27
4 5
4 22
5 28
5 33
6 0
6 10
7 13
7 16
8 11
8 18
9 5
9 11
10 3
10 31
11 28
11 29
12 2
12 20
13 0
13 30
14 35
14 36
15 4
15 17
16 30
16 36
17 12
17 22
18 3
18 29
19 8
19 34
20 15
20 25
21 1
21 7
22 20
22 33
23 1
23 2
24 7
24 37
25 17
25 35
26 8
26 9
27 6
27 34
28 26
28 32
29 19
29 26
30 21
30 24
31 27
31 37
32 4
32 9
33 15
33 32
34 10
34 18
35 12
35 23
36 21
36 23
37 6
37 13

# solution 206
# n=38 sym=rot4 status=verified source=flammenkamp_cache/n38_rot4
# code=oDLDRIV4B7YEF2PBXINAG1SUY6Kab8WHW0SCMTZ28FP9b5K5T01HV379aLREJ4QCZMN3UQX6JAOGO
0 13
0 21
1 13
1 27
2 18
2 31
3 4
3 11
4 7
4 34
5 14
5 15
6 2
6 25
7 11
7 33
8 18
8 23
9 10
9 16
10 1
10 28
11 30
11 34
12 6
12 20
13 36
13 37
14 8
14 32
15 17
15 32
16 0
16 28
17 12
17 22
18 29
18 35
19 2
19 8
20 15
20 25
21 9
21 37
22 5
22 20
23 5
23 29
24 0
24 1
25 17
25 31
26 3
26 7
27 9
27 36
28 21
28 27
29 14
29 19
30 4
30 26
31 12
31 35
32 22
32 23
33 3
33 30
34 26
34 33
35 6
35 19
36 10
36 24
37 16
37 24

# solution 207
# n=38 sym=rot4 status=verified source=flammenkamp_cache/n38_rot4
# code=oKU9FJOBR6EBKFX0PJS8a3EWY7D2PRXVaGL0528TZWbGL164ACZOU35NY1T9ICb4MHQNVAQDIMS7H
0 20
0 30
1 9
1 15
2 19
2 24
3 11
3 27
4 6
4 14
5 11
5 20
6 15
6 33
7 0
7 25
8 19
8 28
9 8
9 36
10 3
10 14
11 32
11 34
12 7
12 13
13 2
13 25
14 27
14 33
15 31
15 36
16 16
16 21
17 0
17 5
18 2
18 8
19 29
19 35
20 32
20 37
21 16
21 21
22 1
22 6
23 4
23 10
24 12
24 35
25 24
25 30
26 3
26 5
27 23
27 34
28 1
28 29
29 9
29 18
30 12
30 37
31 4
31 22
32 17
32 26
33 23
33 31
34 10
34 26
35 13
35 18
36 22
36 28
37 7
37 17

# solution 208
# n=38 sym=rot4 status=verified source=flammenkamp_cache/n38_rot4
# code=oHM7GEIPR8R7SDMWaJX5K34CE3QGVQZ06Oa9b8Z2T0S1DVb2B6LBYNPXYHW4I15FO9UATACJNLUFK
0 17
0 22
1 7
1 16
2 14
2 18
3 25
3 27
4 8
4 27
5 7
5 28
6 13
6 22
7 32
7 36
8 19
8 33
9 5
9 20
10 3
10 4
11 12
11 14
12 3
12 26
13 16
13 31
14 26
14 35
15 0
15 6
16 24
16 36
17 9
17 37
18 8
18 35
19 2
19 29
20 0
20 28
21 1
21 13
22 31
22 37
23 2
23 11
24 6
24 21
25 11
25 34
26 23
26 25
27 33
27 34
28 17
28 32
29 4
29 18
30 1
30 5
31 15
31 24
32 9
32 30
33 10
33 29
34 10
34 12
35 19
35 23
36 21
36 30
37 15
37 20

# solution 209
# n=38 sym=rot4 status=verified source=flammenkamp_cache/n38_rot4
# code=o5AEHGJASOPQb9U6MHI3VYb5F4O4CGa7QNZTa2T8Z182EBU1LPXDXMW036YJKFV7S0BCD9RILKNRW
0 5
0 10
1 14
1 17
2 16
2 19
3 10
3 28
4 24
4 25
5 26
5 37
6 9
6 30
7 6
7 22
8 17
8 18
9 3
9 31
10 34
10 37
11 5
11 15
12 4
12 24
13 4
13 12
14 16
14 36
15 7
15 26
16 23
16 35
17 29
17 36
18 2
18 29
19 8
19 35
20 1
20 8
21 2
21 14
22 11
22 30
23 1
23 21
24 25
24 33
25 13
25 33
26 22
26 32
27 0
27 3
28 6
28 34
29 19
29 20
30 15
30 31
31 7
31 28
32 0
32 11
33 12
33 13
34 9
34 27
35 18
35 21
36 20
36 23
37 27
37 32

# solution 210
# n=38 sym=rot4 status=verified source=flammenkamp_cache/n38_rot4
# code=oCMIQKM7TCD6O9WQY3JGVAR17Xb5XHL02ES2N8a1TEZ9NZbGK4W04UaAR6LIY3B5SDVOP8UFHBJFP
0 12
0 22
1 18
1 26
2 20
2 22
3 7
3 29
4 12
4 13
5 6
5 24
6 9
6 32
7 26
7 34
8 3
8 19
9 16
9 31
10 10
10 27
11 1
11 7
12 33
12 37
13 5
13 33
14 17
14 21
15 0
15 2
16 14
16 28
17 2
17 23
18 8
18 36
19 1
19 29
20 14
20 35
21 9
21 23
22 35
22 37
23 16
23 20
24 4
24 32
25 0
25 4
26 30
26 36
27 10
27 27
28 6
28 21
29 18
29 34
30 3
30 11
31 5
31 28
32 13
32 31
33 24
33 25
34 8
34 30
35 15
35 17
36 11
36 19
37 15
37 25

# solution 211
# n=38 sym=rot4 status=verified source=flammenkamp_cache/n38_rot4
# code=oJMCFKY295VOX4ANRGJEY7VKOGa5B7S0aPT2B08TbQZ8C1b9UQW1LDH6U3NILAERX4D6WSZ3HMPFI
0 19
0 22
1 12
1 15
2 20
2 34
3 2
3 9
4 5
4 31
5 24
5 33
6 4
6 10
7 23
7 27
8 16
8 19
9 14
9 34
10 7
10 31
11 20
11 24
12 16
12 36
13 5
13 11
14 7
14 28
15 0
15 36
16 25
16 29
17 2
17 11
18 0
18 8
19 29
19 37
20 26
20 35
21 8
21 12
22 1
22 37
23 9
23 30
24 26
24 32
25 1
25 21
26 13
26 17
27 6
27 30
28 3
28 23
29 18
29 21
30 10
30 14
31 27
31 33
32 4
32 13
33 6
33 32
34 28
34 35
35 3
35 17
36 22
36 25
37 15
37 18

# solution 212
# n=38 sym=rot4 status=verified source=flammenkamp_cache/n38_rot4
# code=oJU9EHXCR2EHS8F0OJV5a3BMRDY7PXaBVGLWZ08Tb25GL6Q14CU3OAFQY1W6IDbMT9KNZAP4KNS7I
0 19
0 30
1 9
1 14
2 17
2 33
3 12
3 27
4 2
4 14
5 17
5 28
6 8
6 15
7 0
7 24
8 19
8 31
9 5
9 36
10 3
10 11
11 22
11 27
12 13
12 34
13 7
13 25
14 33
14 36
15 11
15 31
16 16
16 21
17 32
17 35
18 0
18 8
19 29
19 37
20 2
20 5
21 16
21 21
22 6
22 26
23 1
23 4
24 12
24 30
25 3
25 24
26 10
26 15
27 26
27 34
28 1
28 32
29 6
29 18
30 13
30 37
31 22
31 29
32 9
32 20
33 23
33 35
34 10
34 25
35 4
35 20
36 23
36 28
37 7
37 18

# solution 213
# n=38 sym=rot4 status=verified source=flammenkamp_cache/n38_rot4
# code=oJKDQ5HRS4XVZ58GMJV3C3N1DLSQaAF7NCU0Z08Tb2b7PEUMR1B9GOaEYPY6IFLTW264X9AKWBOHI
0 19
0 20
1 13
1 26
2 5
2 17
3 27
3 28
4 4
4 33
5 31
5 35
6 5
6 8
7 16
7 22
8 19
8 31
9 3
9 12
10 3
10 23
11 1
11 13
12 21
12 28
13 26
13 36
14 10
14 15
15 7
15 23
16 12
16 30
17 0
17 35
18 0
18 8
19 29
19 37
20 2
20 37
21 7
21 25
22 14
22 30
23 22
23 27
24 1
24 11
25 9
25 16
26 24
26 36
27 14
27 34
28 25
28 34
29 6
29 18
30 15
30 21
31 29
31 32
32 2
32 6
33 4
33 33
34 9
34 10
35 20
35 32
36 11
36 24
37 17
37 18

# solution 214
# n=38 sym=rot4 status=verified source=flammenkamp_cache/n38_rot4
# code=oJLDMALQX38NV5QAHJXCMUZ36ESHa5P1902OU08Tb7DZbSaCW1K9NVY27FP4IKRBW6ETY4BGRFOGI
0 19
0 21
1 13
1 22
2 10
2 21
3 26
3 33
4 3
4 8
5 23
5 31
6 5
6 26
7 10
7 17
8 19
8 33
9 12
9 22
10 30
10 35
11 3
11 6
12 14
12 28
13 17
13 36
14 5
14 25
15 1
15 9
16 0
16 2
17 24
17 30
18 0
18 8
19 29
19 37
20 7
20 13
21 35
21 37
22 28
22 36
23 12
23 32
24 1
24 20
25 9
25 23
26 31
26 34
27 2
27 7
28 15
28 25
29 4
29 18
30 20
30 27
31 11
31 32
32 6
32 14
33 29
33 34
34 4
34 11
35 16
35 27
36 15
36 24
37 16
37 18

# solution 215
# n=38 sym=rot4 status=verified source=flammenkamp_cache/n38_rot4
# code=oHJAMFKAC68LSEXNSIX57YaBQOYCG7V1Z5O2b0T8b0ZDW2a6ULP3DBQ13UW4J9E4N9GTVPRHMFRIK
0 17
0 19
1 10
1 22
2 15
2 20
3 10
3 12
4 6
4 8
5 21
5 28
6 14
6 33
7 23
7 28
8 18
8 33
9 5
9 7
10 34
10 36
11 11
11 26
12 24
12 34
13 12
13 16
14 7
14 31
15 1
15 35
16 5
16 24
17 2
17 37
18 0
18 29
19 8
19 37
20 0
20 35
21 13
21 32
22 2
22 36
23 6
23 30
24 21
24 25
25 3
25 13
26 11
26 26
27 1
27 3
28 30
28 32
29 4
29 19
30 9
30 14
31 4
31 23
32 9
32 16
33 29
33 31
34 25
34 27
35 17
35 22
36 15
36 27
37 18
37 20

# solution 216
# n=38 sym=rot4 status=verified source=flammenkamp_cache/n38_rot4
# code=oNW8QGY2UAE0PFJ3I9aPTGX1O59BF0XOVRZHK6U7VHK2A6D4bMQSWDa4L8C1SJYIMCbNR7Z3LBT5E
0 23
0 32
1 8
1 26
2 16
2 34
3 2
3 30
4 10
4 14
5 0
5 25
6 15
6 19
7 3
7 18
8 9
8 36
9 25
9 29
10 16
10 33
11 1
11 24
12 5
12 9
13 11
13 15
14 0
14 33
15 24
15 31
16 27
16 35
17 17
17 20
18 6
18 30
19 7
19 31
20 17
20 20
21 2
21 10
22 6
22 13
23 4
23 37
24 22
24 26
25 28
25 32
26 13
26 36
27 4
27 21
28 8
28 12
29 1
29 28
30 19
30 34
31 18
31 22
32 12
32 37
33 23
33 27
34 7
34 35
35 3
35 21
36 11
36 29
37 5
37 14

# solution 217
# n=38 sym=rot4 status=verified source=flammenkamp_cache/n38_rot4
# code=oLSHVAMCO7SIK1DJXAB04TZPTBY3VGM2E0N5a7W5U1WEbNZFL6Y3Q8C28XbQR4IOaHJ9UDPFR6K9G
0 21
0 28
1 17
1 31
2 10
2 22
3 12
3 24
4 7
4 28
5 18
5 20
6 1
6 13
7 19
7 33
8 10
8 11
9 0
9 4
10 29
10 35
11 25
11 29
12 11
12 34
13 3
13 31
14 16
14 22
15 2
15 14
16 0
16 23
17 5
17 36
18 7
18 32
19 5
19 30
20 1
20 32
21 14
21 37
22 23
22 35
23 15
23 21
24 6
24 34
25 3
25 26
26 8
26 12
27 2
27 8
28 33
28 37
29 26
29 27
30 4
30 18
31 24
31 36
32 17
32 19
33 9
33 30
34 13
34 25
35 15
35 27
36 6
36 20
37 9
37 16

# solution 218
# n=38 sym=rot4 status=verified source=flammenkamp_cache/n38_rot4
# code=o7F5HCNBNIPVa5SIbAO6FOTLY4Z8A23SbBHLaUX471GKQ09YZRT2X3G8DMVDR0J9W16CJEQEPKWMU
0 7
0 15
1 5
1 17
2 12
2 23
3 11
3 23
4 18
4 25
5 31
5 36
6 5
6 28
7 18
7 37
8 10
8 24
9 6
9 15
10 24
10 29
11 21
11 34
12 4
12 35
13 8
13 10
14 2
14 3
15 28
15 37
16 11
16 17
17 21
17 36
18 30
18 33
19 4
19 7
20 1
20 16
21 20
21 26
22 0
22 9
23 34
23 35
24 27
24 29
25 2
25 33
26 3
26 16
27 8
27 13
28 22
28 31
29 13
29 27
30 0
30 19
31 9
31 32
32 1
32 6
33 12
33 19
34 14
34 26
35 14
35 25
36 20
36 32
37 22
37 30

# solution 219
# n=38 sym=rot4 status=verified source=flammenkamp_cache/n38_rot4
# code=o7F5HCNNQIPVa5SIbAO6FOT3L4Z8A23SbBHLaUX471GKQ09YZRT2XGY8DMVDR0J9W16CJBEEPKWMU
0 7
0 15
1 5
1 17
2 12
2 23
3 23
3 26
4 18
4 25
5 31
5 36
6 5
6 28
7 18
7 37
8 10
8 24
9 6
9 15
10 24
10 29
11 3
11 21
12 4
12 35
13 8
13 10
14 2
14 3
15 28
15 37
16 11
16 17
17 21
17 36
18 30
18 33
19 4
19 7
20 1
20 16
21 20
21 26
22 0
22 9
23 34
23 35
24 27
24 29
25 2
25 33
26 16
26 34
27 8
27 13
28 22
28 31
29 13
29 27
30 0
30 19
31 9
31 32
32 1
32 6
33 12
33 19
34 11
34 14
35 14
35 25
36 20
36 32
37 22
37 30

# solution 220
# n=38 sym=rot4 status=verified source=flammenkamp_cache/n38_rot4
# code=o8OAHDNAIPV7949IWNbVWYaLP4B0Z28FMBHLaUY371GKQFMTZ2bQXCG13560E5JSXSU6CJREOKRDT
0 8
0 24
1 10
1 17
2 13
2 23
3 10
3 18
4 25
4 31
5 7
5 9
6 4
6 9
7 18
7 32
8 23
8 37
9 31
9 32
10 34
10 36
11 21
11 25
12 4
12 11
13 0
13 35
14 2
14 8
15 15
15 22
16 11
16 17
17 21
17 36
18 30
18 34
19 3
19 7
20 1
20 16
21 20
21 26
22 15
22 22
23 29
23 35
24 2
24 37
25 26
25 33
26 12
26 16
27 1
27 3
28 5
28 6
29 0
29 14
30 5
30 19
31 28
31 33
32 28
32 30
33 6
33 12
34 19
34 27
35 14
35 24
36 20
36 27
37 13
37 29

# solution 221
# n=38 sym=rot4 status=verified source=flammenkamp_cache/n38_rot4
# code=oDOAKLN6IPU9A8Y4INVBWWaPS4B0b28FM2H1LUY37GaKZFMTZ0bQX9C155Q6EJX3TRS7CJVEGHRDO
0 13
0 24
1 10
1 20
2 21
2 23
3 6
3 18
4 25
4 30
5 9
5 10
6 8
6 34
7 4
7 18
8 23
8 31
9 11
9 32
10 32
10 36
11 25
11 28
12 4
12 11
13 0
13 37
14 2
14 8
15 15
15 22
16 2
16 17
17 1
17 21
18 30
18 34
19 3
19 7
20 16
20 36
21 20
21 35
22 15
22 22
23 29
23 35
24 0
24 37
25 26
25 33
26 9
26 12
27 1
27 5
28 5
28 26
29 6
29 14
30 19
30 33
31 3
31 29
32 27
32 28
33 7
33 12
34 19
34 31
35 14
35 16
36 17
36 27
37 13
37 24

# solution 222
# n=38 sym=rot4 status=verified source=flammenkamp_cache/n38_rot4
# code=oRT8GEM5J9NAYDP9J0aUX0WCM6QGV4Z2BOaHK37UYHK1DQZ2X6LBVFP5b471bISCO3RESIWFNLT8A
0 27
0 29
1 8
1 16
2 14
2 22
3 5
3 19
4 9
4 23
5 10
5 34
6 13
6 25
7 9
7 19
8 0
8 36
9 30
9 33
10 0
10 32
11 12
11 22
12 6
12 26
13 16
13 31
14 4
14 35
15 2
15 11
16 24
16 36
17 17
17 20
18 3
18 7
19 30
19 34
20 17
20 20
21 1
21 13
22 26
22 35
23 2
23 33
24 6
24 21
25 11
25 31
26 15
26 25
27 5
27 37
28 4
28 7
29 1
29 37
30 18
30 28
31 12
31 24
32 3
32 27
33 14
33 28
34 18
34 32
35 15
35 23
36 21
36 29
37 8
37 10

# solution 223
# n=38 sym=rot4 status=verified source=flammenkamp_cache/n38_rot4
# code=oDVKN7HDIPVCF04JZRS8R89FN4WYb1BQWGL1Z7Y3U2aGL5BQa035XEMSTAT9A2IXbMP6CJOKUEH6O
0 13
0 31
1 20
1 23
2 7
2 17
3 13
3 18
4 25
4 31
5 12
5 15
6 0
6 4
7 19
7 35
8 27
8 28
9 8
9 27
10 8
10 9
11 15
11 23
12 4
12 32
13 34
13 37
14 1
14 11
15 26
15 32
16 16
16 21
17 1
17 35
18 7
18 34
19 3
19 30
20 2
20 36
21 16
21 21
22 5
22 11
23 26
23 36
24 0
24 3
25 5
25 33
26 14
26 22
27 28
27 29
28 10
28 29
29 9
29 10
30 2
30 18
31 33
31 37
32 22
32 25
33 6
33 12
34 19
34 24
35 20
35 30
36 14
36 17
37 6
37 24

# solution 224
# n=38 sym=rot4 status=verified source=flammenkamp_cache/n38_rot4
# code=oKNER6I4DTYPTFZ9I45GU1DBQ5KRY0aGVMS0CUZ27Pb9F6L1b3AHWBQOa7LWXJS2M8C38OXJVANEH
0 20
0 23
1 14
1 27
2 6
2 18
3 4
3 13
4 29
4 34
5 25
5 29
6 15
6 35
7 9
7 18
8 4
8 5
9 16
9 30
10 1
10 13
11 11
11 26
12 5
12 20
13 27
13 34
14 0
14 36
15 16
15 31
16 22
16 28
17 0
17 12
18 30
18 35
19 2
19 7
20 25
20 37
21 9
21 15
22 6
22 21
23 1
23 37
24 3
24 10
25 17
25 32
26 11
26 26
27 24
27 36
28 7
28 21
29 32
29 33
30 19
30 28
31 2
31 22
32 8
32 12
33 3
33 8
34 24
34 33
35 19
35 31
36 10
36 23
37 14
37 17

# solution 225
# n=38 sym=rot4 status=verified source=flammenkamp_cache/n38_rot4
# code=oNO4I7WRSEa2MHTIZ6R3O38BQGH090X5GMPPVUa176CCFLW4bSbKLBQTYDYAV2J8KFZ1N9A5UJXDE
0 23
0 24
1 4
1 18
2 7
2 32
3 27
3 28
4 14
4 36
5 2
5 22
6 17
6 29
7 18
7 35
8 6
8 27
9 3
9 24
10 3
10 8
11 11
11 26
12 16
12 17
13 0
13 9
14 0
14 33
15 5
15 16
16 22
16 25
17 25
17 31
18 30
18 36
19 1
19 7
20 6
20 12
21 12
21 15
22 21
22 32
23 4
23 37
24 28
24 37
25 20
25 21
26 11
26 26
27 29
27 34
28 13
28 34
29 10
29 31
30 2
30 19
31 8
31 20
32 15
32 35
33 1
33 23
34 9
34 10
35 5
35 30
36 19
36 33
37 13
37 14

# solution 226
# n=38 sym=rot4 status=verified source=flammenkamp_cache/n38_rot4
# code=oTUEIHT5DLRRYGM0I02NP45MP9BHY9a6B4VOZUa172D6XQV1S3KQSCFWXCEZbJbFL3AAGOW8KJN78
0 29
0 30
1 14
1 18
2 17
2 29
3 5
3 13
4 21
4 27
5 27
5 34
6 16
6 22
7 0
7 18
8 0
8 2
9 23
9 25
10 4
10 5
11 22
11 25
12 9
12 11
13 17
13 34
14 9
14 36
15 6
15 11
16 4
16 31
17 24
17 35
18 30
18 36
19 1
19 7
20 2
20 13
21 6
21 33
22 26
22 31
23 1
23 28
24 3
24 20
25 26
25 28
26 12
26 15
27 32
27 33
28 12
28 14
29 35
29 37
30 19
30 37
31 15
31 21
32 3
32 10
33 10
33 16
34 24
34 32
35 8
35 20
36 19
36 23
37 7
37 8

# solution 227
# n=38 sym=rot4 status=verified source=flammenkamp_cache/n38_rot4
# code=oEGIQPQGN9CDV5M8JRUMX8D122XRW3b69YbHK7a1UHK03SV0Y5A4ZZaOT4F7AITFW6OPSELBCBJLN
0 14
0 16
1 18
1 26
2 25
2 26
3 16
3 23
4 9
4 12
5 13
5 31
6 5
6 22
7 8
7 19
8 27
8 30
9 22
9 33
10 8
10 13
11 1
11 2
12 2
12 33
13 27
13 32
14 3
14 37
15 6
15 9
16 34
16 37
17 17
17 20
18 7
18 36
19 1
19 30
20 17
20 20
21 0
21 3
22 28
22 31
23 0
23 34
24 5
24 10
25 4
25 35
26 35
26 36
27 24
27 29
28 4
28 15
29 7
29 10
30 18
30 29
31 15
31 32
32 6
32 24
33 25
33 28
34 14
34 21
35 11
35 12
36 11
36 19
37 21
37 23

# solution 228
# n=38 sym=rot4 status=verified source=flammenkamp_cache/n38_rot4
# code=oJR9TLM569RKYTYJN16Xa04CKLQDO7F2N2C5B07UbQWPZEZMUDOBGHPXb14VaEI383HASVWFG8SAI
0 19
0 27
1 9
1 29
2 21
2 22
3 5
3 6
4 9
4 27
5 20
5 34
6 29
6 34
7 19
7 23
8 1
8 6
9 33
9 36
10 0
10 4
11 12
11 20
12 21
12 26
13 13
13 24
14 7
14 15
15 2
15 23
16 2
16 12
17 5
17 11
18 0
18 7
19 30
19 37
20 26
20 32
21 25
21 35
22 14
22 35
23 22
23 30
24 13
24 24
25 11
25 16
26 17
26 25
27 33
27 37
28 1
28 4
29 31
29 36
30 14
30 18
31 3
31 8
32 3
32 17
33 10
33 28
34 31
34 32
35 15
35 16
36 8
36 28
37 10
37 18

# solution 229
# n=38 sym=rot4 status=verified source=flammenkamp_cache/n38_rot4
# code=oIN49FVKPAaHP2LJT7AQaTX9F35EG0OQZ6O3W7b0U5YDV2BDbLNWYMS481BRU8IGZCK1RCH6MSXEJ
0 18
0 23
1 4
1 9
2 15
2 31
3 20
3 25
4 10
4 36
5 17
5 25
6 2
6 21
7 19
7 29
8 7
8 10
9 26
9 36
10 29
10 33
11 9
11 15
12 3
12 5
13 14
13 16
14 0
14 24
15 26
15 35
16 6
16 24
17 3
17 32
18 7
18 37
19 0
19 30
20 5
20 34
21 13
21 31
22 2
22 11
23 13
23 37
24 21
24 23
25 32
25 34
26 22
26 28
27 4
27 8
28 1
28 11
29 27
29 30
30 8
30 18
31 16
31 35
32 12
32 20
33 1
33 27
34 12
34 17
35 6
35 22
36 28
36 33
37 14
37 19

# solution 230
# n=38 sym=rot4 status=verified source=flammenkamp_cache/n38_rot4
# code=oIT4DMQLX3a9C9GJO0CVWKQ2ATW7aEN2H3VAM7b0UFR6YKZEN1U58RZBH56PbDILSPS1Y4GBFOX8J
0 18
0 29
1 4
1 13
2 22
2 26
3 21
3 33
4 3
4 36
5 9
5 12
6 9
6 16
7 19
7 24
8 0
8 12
9 31
9 32
10 20
10 26
11 2
11 10
12 29
12 32
13 7
13 36
14 14
14 23
15 2
15 17
16 3
16 31
17 10
17 22
18 7
18 37
19 0
19 30
20 15
20 27
21 6
21 34
22 20
22 35
23 14
23 23
24 1
24 30
25 5
25 8
26 27
26 35
27 11
27 17
28 5
28 6
29 25
29 37
30 13
30 18
31 21
31 28
32 25
32 28
33 1
33 34
34 4
34 16
35 11
35 15
36 24
36 33
37 8
37 19

# solution 231
# n=38 sym=rot4 status=verified source=flammenkamp_cache/n38_rot4
# code=oMO7ANTACJT9FJN9a24UWYaLPBY0G260WBOHK46VXHKDQ5bVZLb3QCG1357XZ1SEIMS8IPR8ERUDF
0 22
0 24
1 7
1 10
2 23
2 29
3 10
3 12
4 19
4 29
5 9
5 15
6 19
6 23
7 9
7 36
8 2
8 4
9 30
9 32
10 34
10 36
11 21
11 25
12 11
12 34
13 0
13 16
14 2
14 6
15 0
15 32
16 11
16 24
17 17
17 20
18 4
18 6
19 31
19 33
20 17
20 20
21 13
21 26
22 5
22 37
23 31
23 35
24 21
24 37
25 3
25 26
26 12
26 16
27 1
27 3
28 5
28 7
29 33
29 35
30 1
30 28
31 14
31 18
32 22
32 28
33 8
33 18
34 25
34 27
35 8
35 14
36 27
36 30
37 13
37 15

# solution 232
# n=38 sym=rot4 status=verified source=flammenkamp_cache/n38_rot4
# code=oBECK5FMQIORZ9J9D8TUV5K3bGa4UGb3ZNP1A6X4VRaCE2Y0L7X1L0YHW678TOSIS2ADJBFMWHPNQ
0 11
0 14
1 12
1 20
2 5
2 15
3 22
3 26
4 18
4 24
5 27
5 35
6 9
6 19
7 9
7 13
8 8
8 29
9 30
9 31
10 5
10 20
11 3
11 37
12 16
12 36
13 4
13 30
14 16
14 37
15 3
15 35
16 23
16 25
17 1
17 10
18 6
18 33
19 4
19 31
20 27
20 36
21 12
21 14
22 2
22 34
23 0
23 21
24 7
24 33
25 1
25 21
26 0
26 34
27 17
27 32
28 6
28 7
29 8
29 29
30 24
30 28
31 18
31 28
32 2
32 10
33 13
33 19
34 11
34 15
35 22
35 32
36 17
36 25
37 23
37 26

# solution 233
# n=38 sym=rot4 status=verified source=flammenkamp_cache/n38_rot4
# code=oNPRT8BEJ57MXJOCX1ZKM1DGZ0U6R0Y59HQ9L36VYGSBKSW3bAV7b2LOaFH2a4PDI4FUWINQT8ACE
0 23
0 25
1 27
1 29
2 8
2 11
3 14
3 19
4 5
4 7
5 22
5 33
6 19
6 24
7 12
7 33
8 1
8 35
9 20
9 22
10 1
10 13
11 16
11 35
12 0
12 30
13 6
13 27
14 0
14 34
15 5
15 9
16 17
16 26
17 9
17 21
18 3
18 6
19 31
19 34
20 16
20 28
21 11
21 20
22 28
22 32
23 3
23 37
24 10
24 31
25 7
25 37
26 2
26 21
27 24
27 36
28 15
28 17
29 2
29 36
30 4
30 25
31 13
31 18
32 4
32 15
33 30
33 32
34 18
34 23
35 26
35 29
36 8
36 10
37 12
37 14

# solution 234
# n=38 sym=rot4 status=verified source=flammenkamp_cache/n38_rot4
# code=o7BGN9TIMOW4FIN9b2AUZOTPbBG4A163WPaHKVY36HK1C5YVaRXLQ0C8D27RZ0SEJMX5DFJ8SELQU
0 7
0 11
1 16
1 23
2 9
2 29
3 18
3 22
4 24
4 32
5 4
5 15
6 18
6 23
7 9
7 37
8 2
8 10
9 30
9 35
10 24
10 29
11 25
11 37
12 11
12 16
13 4
13 10
14 1
14 6
15 3
15 32
16 25
16 36
17 17
17 20
18 31
18 34
19 3
19 6
20 17
20 20
21 1
21 12
22 5
22 34
23 31
23 36
24 27
24 33
25 21
25 26
26 0
26 12
27 8
27 13
28 2
28 7
29 27
29 35
30 0
30 28
31 14
31 19
32 22
32 33
33 5
33 13
34 15
34 19
35 8
35 28
36 14
36 21
37 26
37 30

# solution 235
# n=38 sym=rot4 status=verified source=flammenkamp_cache/n38_rot4
# code=oEHAPFTJM7W4OEJ9X2BOUHaCT1Q59Vb3ZGLRb36VY0AGL2Y06SWBa8P1K7DQZ4SINDX5UFI8MCRKN
0 14
0 17
1 10
1 25
2 15
2 29
3 19
3 22
4 7
4 32
5 4
5 24
6 14
6 19
7 9
7 33
8 2
8 11
9 24
9 30
10 17
10 36
11 12
11 29
12 1
12 26
13 5
13 9
14 31
14 37
15 3
15 35
16 16
16 21
17 27
17 37
18 3
18 6
19 31
19 34
20 0
20 10
21 16
21 21
22 2
22 34
23 0
23 6
24 28
24 32
25 11
25 36
26 8
26 25
27 1
27 20
28 7
28 13
29 26
29 35
30 4
30 28
31 18
31 23
32 13
32 33
33 5
33 30
34 15
34 18
35 8
35 22
36 12
36 27
37 20
37 23

# solution 236
# n=38 sym=rot4 status=verified source=flammenkamp_cache/n38_rot4
# code=oEHAP8FJM7W4OEJ9XBZOUHaCT1Q59Vb3ZGLRb36VY0AGL2Y06SWBa8P1K7D2Q4SINDX5UFIMTCRKN
0 14
0 17
1 10
1 25
2 8
2 15
3 19
3 22
4 7
4 32
5 4
5 24
6 14
6 19
7 9
7 33
8 11
8 35
9 24
9 30
10 17
10 36
11 12
11 29
12 1
12 26
13 5
13 9
14 31
14 37
15 3
15 35
16 16
16 21
17 27
17 37
18 3
18 6
19 31
19 34
20 0
20 10
21 16
21 21
22 2
22 34
23 0
23 6
24 28
24 32
25 11
25 36
26 8
26 25
27 1
27 20
28 7
28 13
29 2
29 26
30 4
30 28
31 18
31 23
32 13
32 33
33 5
33 30
34 15
34 18
35 22
35 29
36 12
36 27
37 20
37 23

# solution 237
# n=38 sym=rot4 status=verified source=flammenkamp_cache/n38_rot4
# code=oKOAB8JMOBRGPJT9G6ZNU4aXa5K039F3NUW0C26VZPb57EYMSYbHW141X7E2VLS8ICLAQDFITQRDH
0 20
0 24
1 10
1 11
2 8
2 19
3 22
3 24
4 11
4 27
5 16
5 25
6 19
6 29
7 9
7 16
8 6
8 35
9 23
9 30
10 4
10 36
11 33
11 36
12 5
12 20
13 0
13 3
14 9
14 15
15 3
15 23
16 30
16 32
17 0
17 12
18 2
18 6
19 31
19 35
20 25
20 37
21 5
21 7
22 14
22 34
23 22
23 28
24 34
24 37
25 17
25 32
26 1
26 4
27 1
27 33
28 7
28 14
29 2
29 31
30 21
30 28
31 8
31 18
32 12
32 21
33 10
33 26
34 13
34 15
35 18
35 29
36 26
36 27
37 13
37 17

# solution 238
# n=38 sym=rot4 status=verified source=flammenkamp_cache/n38_rot4
# code=oQSFLAI9AUW4KDJ4LCQ0YYZ08ETNVDPHa175M6Z2VFWUa1KCO6E8NTb233bBPGXIOHX57RSJRGM9B
0 26
0 28
1 15
1 21
2 10
2 18
3 9
3 10
4 30
4 32
5 4
5 20
6 13
6 19
7 4
7 21
8 12
8 26
9 0
9 34
10 34
10 35
11 0
11 8
12 14
12 29
13 23
13 31
14 13
14 25
15 17
15 36
16 1
16 7
17 5
17 22
18 6
18 35
19 2
19 31
20 15
20 32
21 30
21 36
22 1
22 20
23 12
23 24
24 6
24 14
25 8
25 23
26 29
26 37
27 2
27 3
28 3
28 37
29 11
29 25
30 16
30 33
31 18
31 24
32 17
32 33
33 5
33 7
34 27
34 28
35 19
35 27
36 16
36 22
37 9
37 11

# solution 239
# n=38 sym=rot4 status=verified source=flammenkamp_cache/n38_rot4
# code=oALBFIRET9BKSJPLT375X2bXa6NFHCYOa075O6Z2VDWUb1D3PKMEV140Z4WUY8GCI9HQS8NAJMQGR
0 10
0 21
1 11
1 15
2 18
2 27
3 14
3 29
4 9
4 11
5 20
5 28
6 19
6 25
7 21
7 29
8 3
8 7
9 5
9 33
10 2
10 37
11 33
11 36
12 6
12 23
13 15
13 17
14 12
14 34
15 24
15 36
16 0
16 7
17 5
17 24
18 6
18 35
19 2
19 31
20 13
20 32
21 30
21 37
22 1
22 13
23 3
23 25
24 20
24 22
25 14
25 31
26 1
26 4
27 0
27 35
28 4
28 32
29 30
29 34
30 8
30 16
31 12
31 18
32 9
32 17
33 26
33 28
34 8
34 23
35 10
35 19
36 22
36 26
37 16
37 27

# solution 240
# n=38 sym=rot4 status=verified source=flammenkamp_cache/n38_rot4
# code=o2GIPMbKT7NBR8IFX3VAD5SKW1LES4O2UCb3BVa16QY0P7ZDX9NGa5H9WOR6Y4MJTAQEU8H0FCJLZ
0 2
0 16
1 18
1 25
2 22
2 37
3 20
3 29
4 7
4 23
5 11
5 27
6 8
6 18
7 15
7 33
8 3
8 31
9 10
9 13
10 5
10 28
11 20
11 32
12 1
12 21
13 14
13 28
14 4
14 24
15 2
15 30
16 12
16 37
17 3
17 11
18 31
18 36
19 1
19 6
20 26
20 34
21 0
21 25
22 7
22 35
23 13
23 33
24 9
24 23
25 16
25 36
26 5
26 17
27 9
27 32
28 24
28 27
29 6
29 34
30 4
30 22
31 19
31 29
32 10
32 26
33 14
33 30
34 8
34 17
35 0
35 15
36 12
36 19
37 21
37 35

# solution 241
# n=38 sym=rot4 status=verified source=flammenkamp_cache/n38_rot4
# code=oFTBJCSLS6W4GJXAO0H23CUFaRZ7HENQb3WOT16Va8D5Y0BENKU2A1M7PYZKbDR4ILX5V9G9PIQ8M
0 15
0 29
1 11
1 19
2 12
2 28
3 21
3 28
4 6
4 32
5 4
5 16
6 19
6 33
7 10
7 24
8 0
8 17
9 2
9 3
10 12
10 30
11 15
11 36
12 27
12 35
13 7
13 17
14 14
14 23
15 26
15 37
16 3
16 32
17 24
17 29
18 1
18 6
19 31
19 36
20 8
20 13
21 5
21 34
22 0
22 11
23 14
23 23
24 20
24 30
25 2
25 10
26 1
26 22
27 7
27 25
28 34
28 35
29 20
29 37
30 13
30 27
31 4
31 18
32 21
32 33
33 5
33 31
34 9
34 16
35 9
35 25
36 18
36 26
37 8
37 22

# solution 242
# n=38 sym=rot4 status=verified source=flammenkamp_cache/n38_rot4
# code=oHQIRDNCRNW48JP9MGWOU130L6Y9Z247HBTMb6a1V0F8QKUXZ2S3VGbYa7D5LFSCITX5EAPEOAJBK
0 17
0 26
1 18
1 27
2 13
2 23
3 12
3 27
4 23
4 32
5 4
5 8
6 19
6 25
7 9
7 22
8 16
8 32
9 24
9 30
10 1
10 3
11 0
11 21
12 6
12 34
13 9
13 35
14 2
14 4
15 7
15 17
16 11
16 29
17 22
17 37
18 6
18 36
19 1
19 31
20 0
20 15
21 8
21 26
22 20
22 30
23 33
23 35
24 2
24 28
25 3
25 31
26 16
26 37
27 34
27 36
28 7
28 13
29 5
29 21
30 15
30 28
31 12
31 18
32 29
32 33
33 5
33 14
34 10
34 25
35 14
35 24
36 10
36 19
37 11
37 20

# solution 243
# n=38 sym=rot4 status=verified source=flammenkamp_cache/n38_rot4
# code=oLTDJGMAU7EFSBI3X0D5ASYCVEQTaPX2W0ZHK1V6aHK2b5Z4C18BN6P39RWOb4YJQ9MNU7RFLIO8G
0 21
0 29
1 13
1 19
2 16
2 22
3 10
3 30
4 7
4 14
5 15
5 28
6 11
6 18
7 3
7 33
8 0
8 13
9 5
9 10
10 28
10 34
11 12
11 31
12 14
12 26
13 29
13 36
14 25
14 33
15 2
15 32
16 0
16 35
17 17
17 20
18 1
18 31
19 6
19 36
20 17
20 20
21 2
21 37
22 5
22 35
23 4
23 12
24 1
24 8
25 11
25 23
26 6
26 25
27 3
27 9
28 27
28 32
29 24
29 37
30 4
30 34
31 19
31 26
32 9
32 22
33 23
33 30
34 7
34 27
35 15
35 21
36 18
36 24
37 8
37 16

# solution 244
# n=38 sym=rot4 status=verified source=flammenkamp_cache/n38_rot4
# code=oGJ1aOPKR8S7PJSGWEX463QAM252MHTBDUb3N06VbEY07OQ8KFZWZFRBYVX4N5L9ICU9TAHCD1aIL
0 16
0 19
1 1
1 36
2 24
2 25
3 20
3 27
4 8
4 28
5 7
5 25
6 19
6 28
7 16
7 32
8 14
8 33
9 4
9 6
10 3
10 26
11 10
11 22
12 2
12 5
13 2
13 22
14 17
14 29
15 11
15 13
16 30
16 37
17 3
17 23
18 0
18 6
19 31
19 37
20 14
20 34
21 0
21 7
22 24
22 26
23 8
23 20
24 15
24 35
25 32
25 35
26 15
26 27
27 11
27 34
28 31
28 33
29 4
29 23
30 5
30 21
31 9
31 18
32 12
32 30
33 9
33 29
34 10
34 17
35 12
35 13
36 1
36 36
37 18
37 21

# solution 245
# n=38 sym=rot4 status=verified source=flammenkamp_cache/n38_rot4
# code=oJMCP7TGQVW494JNZ2HNWKQ3A1aFG790OOYAT06Vb8R3DDbSULM1aRYBH5EKZ2EIXSX56BL8UCPFI
0 19
0 22
1 12
1 25
2 7
2 29
3 16
3 26
4 31
4 32
5 4
5 9
6 4
6 19
7 23
7 35
8 2
8 17
9 23
9 32
10 20
10 26
11 3
11 10
12 1
12 36
13 15
13 16
14 7
14 9
15 0
15 24
16 24
16 34
17 10
17 29
18 0
18 6
19 31
19 37
20 8
20 27
21 3
21 13
22 13
22 37
23 28
23 30
24 21
24 22
25 1
25 36
26 27
26 34
27 11
27 17
28 5
28 14
29 20
29 35
30 2
30 14
31 18
31 33
32 28
32 33
33 5
33 6
34 11
34 21
35 8
35 30
36 12
36 25
37 15
37 18

# solution 246
# n=38 sym=rot4 status=verified source=flammenkamp_cache/n38_rot4
# code=oJLLTBC9CMS7BJK8W1U4YMNWZYZHNAD4A016O06VbDVabRXOREK2325EF3X7a5THIQU9FPSPQ8GGI
0 19
0 21
1 21
1 29
2 11
2 12
3 9
3 12
4 22
4 28
5 7
5 11
6 19
6 20
7 8
7 32
8 1
8 30
9 4
9 34
10 22
10 23
11 32
11 35
12 34
12 35
13 17
13 23
14 10
14 13
15 4
15 10
16 0
16 1
17 6
17 24
18 0
18 6
19 31
19 37
20 13
20 31
21 36
21 37
22 27
22 33
23 24
23 27
24 14
24 20
25 2
25 3
26 2
26 5
27 14
27 15
28 3
28 33
29 7
29 36
30 5
30 29
31 17
31 18
32 26
32 30
33 9
33 15
34 25
34 28
35 25
35 26
36 8
36 16
37 16
37 18

# solution 247
# n=38 sym=rot4 status=verified source=flammenkamp_cache/n38_rot4
# code=oIKAH8OAPMV784IFWWZELYaGP3B2EOS4U9Q0aVb061bBS7X9DNZQYCL13GN255MJXTU6FCRDTKRHJ
0 18
0 20
1 10
1 17
2 8
2 24
3 10
3 25
4 22
4 31
5 7
5 8
6 4
6 18
7 15
7 32
8 32
8 35
9 14
9 21
10 34
10 36
11 16
11 25
12 3
12 11
13 2
13 14
14 24
14 28
15 4
15 30
16 9
16 26
17 0
17 36
18 31
18 37
19 0
19 6
20 1
20 37
21 11
21 28
22 7
22 33
23 9
23 13
24 23
24 35
25 26
25 34
26 12
26 21
27 1
27 3
28 16
28 23
29 2
29 5
30 5
30 22
31 19
31 33
32 29
32 30
33 6
33 15
34 12
34 27
35 13
35 29
36 20
36 27
37 17
37 19

# solution 248
# n=38 sym=rot4 status=verified source=flammenkamp_cache/n38_rot4
# code=oCJMN3QHZBDSTIRCE5D5K6G2XUbTX1U1GMR9Y0V6b3SAFLa7a48074ZLVHWOWNPAJ89OQ2KBYEFIP
0 12
0 19
1 22
1 23
2 3
2 26
3 17
3 35
4 11
4 13
5 28
5 29
6 18
6 27
7 12
7 14
8 5
8 13
9 5
9 20
10 6
10 16
11 2
11 33
12 30
12 37
13 29
13 33
14 1
14 30
15 1
15 16
16 22
16 27
17 9
17 34
18 0
18 31
19 6
19 37
20 3
20 28
21 10
21 15
22 21
22 36
23 7
23 36
24 4
24 8
25 0
25 7
26 4
26 35
27 21
27 31
28 17
28 32
29 24
29 32
30 23
30 25
31 10
31 19
32 8
32 9
33 24
33 26
34 2
34 20
35 11
35 34
36 14
36 15
37 18
37 25

# solution 249
# n=38 sym=rot4 status=verified source=flammenkamp_cache/n38_rot4
# code=oJMCRGH3YUW4G8I4OPVEF1BNR8a7HBS0SWZOZ0V6b2D259b9QKU1TAEQaMN6CDXJTLX573YKLAPFI
0 19
0 22
1 12
1 27
2 16
2 17
3 3
3 34
4 30
4 32
5 4
5 16
6 8
6 18
7 4
7 24
8 25
8 31
9 14
9 15
10 1
10 11
11 23
11 27
12 8
12 36
13 7
13 17
14 11
14 28
15 0
15 28
16 32
16 35
17 24
17 35
18 0
18 31
19 6
19 37
20 2
20 13
21 2
21 5
22 9
22 37
23 9
23 26
24 20
24 30
25 1
25 29
26 10
26 14
27 26
27 36
28 22
28 23
29 6
29 12
30 13
30 33
31 19
31 29
32 21
32 33
33 5
33 7
34 3
34 34
35 20
35 21
36 10
36 25
37 15
37 18

# solution 250
# n=38 sym=rot4 status=verified source=flammenkamp_cache/n38_rot4
# code=oCRGH9UDN7JBI9N2XCGVZ0MHWTbFY36AOTaQa4W5X1B18DRVY3M085KFb26LP4ZESJQIUEO7SKLAP
0 12
0 27
1 16
1 17
2 9
2 30
3 13
3 23
4 7
4 19
5 11
5 18
6 9
6 23
7 2
7 33
8 12
8 16
9 31
9 35
10 0
10 22
11 17
11 32
12 29
12 37
13 15
13 34
14 3
14 6
15 10
15 24
16 29
16 36
17 26
17 36
18 4
18 32
19 5
19 33
20 1
20 11
21 1
21 8
22 13
22 27
23 31
23 34
24 3
24 22
25 0
25 8
26 5
26 20
27 15
27 37
28 2
28 6
29 21
29 25
30 4
30 35
31 14
31 28
32 19
32 26
33 18
33 30
34 14
34 24
35 7
35 28
36 20
36 21
37 10
37 25

# solution 251
# n=38 sym=rot4 status=verified source=flammenkamp_cache/n38_rot4
# code=oEFQS9JMUAG8J7C3VQW1ZHX18NVDOCb3bHXLR25WZAG4K0Y0PDO6ETa4K2a5B6YPUITLR7FIS9BMN
0 14
0 15
1 26
1 28
2 9
2 19
3 22
3 30
4 10
4 16
5 8
5 19
6 7
6 12
7 3
7 31
8 26
8 32
9 1
9 35
10 17
10 33
11 1
11 8
12 23
12 31
13 13
13 24
14 12
14 37
15 3
15 37
16 17
16 33
17 21
17 27
18 2
18 5
19 32
19 35
20 10
20 16
21 4
21 20
22 0
22 34
23 0
23 25
24 13
24 24
25 6
25 14
26 29
26 36
27 4
27 20
28 2
28 36
29 5
29 11
30 6
30 34
31 25
31 30
32 18
32 29
33 21
33 27
34 7
34 15
35 18
35 28
36 9
36 11
37 22
37 23

# solution 252
# n=38 sym=rot4 status=verified source=flammenkamp_cache/n38_rot4
# code=oMO9ADI68FNIK7YCVCYLaQaAKTU0Z4G0X9N5BWZ25QWES4bLX2b78HR1B1G3P6P3UHJEMTVJORSDF
0 22
0 24
1 9
1 10
2 13
2 18
3 6
3 8
4 15
4 23
5 18
5 20
6 7
6 34
7 12
7 31
8 12
8 34
9 21
9 36
10 26
10 36
11 10
11 20
12 29
12 30
13 0
13 35
14 4
14 16
15 0
15 33
16 9
16 23
17 5
17 11
18 32
18 35
19 2
19 5
20 26
20 32
21 14
21 28
22 4
22 37
23 21
23 33
24 2
24 37
25 7
25 8
26 17
26 27
27 1
27 11
28 1
28 16
29 3
29 25
30 6
30 25
31 3
31 30
32 17
32 19
33 14
33 22
34 29
34 31
35 19
35 24
36 27
36 28
37 13
37 15

# solution 253
# n=38 sym=rot4 status=verified source=flammenkamp_cache/n38_rot4
# code=o9PCGJU8ERVJQ4D29FYUb4B5R0aLVFYNTDaHK25WZHK1O8E3M6G1bAWQX073MSZOXBI6ANT7ILPCS
0 9
0 25
1 12
1 16
2 19
2 30
3 8
3 14
4 27
4 31
5 19
5 26
6 4
6 13
7 2
7 9
8 15
8 34
9 30
9 37
10 4
10 11
11 5
11 27
12 0
12 36
13 21
13 31
14 15
14 34
15 23
15 29
16 13
16 36
17 17
17 20
18 2
18 5
19 32
19 35
20 17
20 20
21 1
21 24
22 8
22 14
23 3
23 22
24 6
24 16
25 1
25 37
26 10
26 32
27 26
27 33
28 0
28 7
29 3
29 22
30 28
30 35
31 24
31 33
32 11
32 18
33 6
33 10
34 23
34 29
35 7
35 18
36 21
36 25
37 12
37 28

# solution 254
# n=38 sym=rot4 status=verified source=flammenkamp_cache/n38_rot4
# code=oAHCLJS6STW4IRYCF4D236bKNUaMTBGDU1NBb2W5Z0QEa7OLQ8F17EH0VYZOXMP3AJX589V9IGPKR
0 10
0 17
1 12
1 21
2 19
2 28
3 6
3 28
4 29
4 32
5 4
5 18
6 27
6 34
7 12
7 15
8 4
8 13
9 2
9 3
10 6
10 37
11 20
11 23
12 30
12 36
13 22
13 29
14 11
14 16
15 13
15 30
16 1
16 23
17 11
17 37
18 2
18 32
19 5
19 35
20 0
20 26
21 14
21 36
22 7
22 24
23 21
23 26
24 8
24 15
25 1
25 7
26 14
26 17
27 0
27 31
28 34
28 35
29 24
29 33
30 22
30 25
31 3
31 10
32 19
32 33
33 5
33 8
34 9
34 31
35 9
35 18
36 16
36 25
37 20
37 27

# solution 255
# n=38 sym=rot4 status=verified source=flammenkamp_cache/n38_rot4
# code=oFR68AIHNFW4JPaBSGa7D0ZKU6DPS3GXbNTBY5Z2W3Q8E04LY9COV7H2bOU1L9Q1CIX5MEKJRTVAM
0 15
0 27
1 6
1 8
2 10
2 18
3 17
3 23
4 15
4 32
5 4
5 19
6 25
6 36
7 11
7 28
8 16
8 36
9 7
9 13
10 0
10 35
11 20
11 30
12 6
12 13
13 25
13 28
14 3
14 16
15 33
15 37
16 23
16 29
17 11
17 34
18 5
18 35
19 2
19 32
20 3
20 26
21 8
21 14
22 0
22 4
23 21
23 34
24 9
24 12
25 24
25 31
26 7
26 17
27 2
27 37
28 24
28 30
29 1
29 21
30 9
30 26
31 1
31 12
32 18
32 33
33 5
33 22
34 14
34 20
35 19
35 27
36 29
36 31
37 10
37 22

# solution 256
# n=38 sym=rot4 status=verified source=flammenkamp_cache/n38_rot4
# code=o8MQUHIEO9HJQ9U16RbVX8F15GO3CGY0RNPXZ5Z2W24CEAb3LPYDLWaMT460AVa7SBIKSDNJK7BFT
0 8
0 22
1 26
1 30
2 17
2 18
3 14
3 24
4 9
4 17
5 19
5 26
6 9
6 30
7 1
7 6
8 27
8 37
9 31
9 33
10 8
10 15
11 1
11 5
12 16
12 24
13 3
13 12
14 16
14 34
15 0
15 27
16 23
16 25
17 33
17 35
18 5
18 35
19 2
19 32
20 2
20 4
21 12
21 14
22 10
22 37
23 3
23 21
24 25
24 34
25 13
25 21
26 32
26 36
27 22
27 29
28 4
28 6
29 0
29 10
30 31
30 36
31 7
31 28
32 11
32 18
33 20
33 28
34 13
34 23
35 19
35 20
36 7
36 11
37 15
37 29

# solution 257
# n=38 sym=rot4 status=verified source=flammenkamp_cache/n38_rot4
# code=oLR4JKNCHSa9JQTAB6E4W0U6UDYMP2TDG0M2Y15Wa3ZFbLO8ZCF3O7V7b5XNVQR8BIS19KPEHIXAG
0 21
0 27
1 4
1 19
2 20
2 23
3 12
3 17
4 28
4 36
5 9
5 19
6 26
6 29
7 10
7 11
8 6
8 14
9 4
9 32
10 0
10 30
11 6
11 30
12 13
12 34
13 22
13 25
14 2
14 29
15 13
15 16
16 0
16 22
17 2
17 34
18 1
18 5
19 32
19 36
20 3
20 35
21 15
21 37
22 21
22 24
23 8
23 35
24 12
24 15
25 3
25 24
26 7
26 31
27 7
27 37
28 5
28 33
29 23
29 31
30 26
30 27
31 8
31 11
32 18
32 28
33 1
33 9
34 20
34 25
35 14
35 17
36 18
36 33
37 10
37 16

# solution 258
# n=38 sym=rot4 status=verified source=flammenkamp_cache/n38_rot4
# code=oFRJUAHUX3C8JFH13OWLQ0Z9LDX8PENVb9BVZ15Wa26QS06ENCT4OGS2bBG5DYaKMITPY47KR7IAM
0 15
0 27
1 19
1 30
2 10
2 17
3 30
3 33
4 3
4 12
5 8
5 19
6 15
6 17
7 1
7 3
8 24
8 32
9 21
9 26
10 0
10 35
11 9
11 21
12 13
12 33
13 8
13 25
14 14
14 23
15 31
15 37
16 9
16 11
17 31
17 35
18 1
18 5
19 32
19 36
20 2
20 6
21 26
21 28
22 0
22 6
23 14
23 23
24 12
24 29
25 4
25 24
26 16
26 28
27 2
27 37
28 11
28 16
29 5
29 13
30 34
30 36
31 20
31 22
32 18
32 29
33 25
33 34
34 4
34 7
35 20
35 27
36 7
36 18
37 10
37 22

# solution 259
# n=38 sym=rot4 status=verified source=flammenkamp_cache/n38_rot4
# code=oMNIU8P6LEOIP7Y1VAZDLBTFR254S0X0Q39HKWa15HKSYBb4b9XWZAM8QGO2R6a3UCJDNGVCT7JEF
0 22
0 23
1 18
1 30
2 8
2 25
3 6
3 21
4 14
4 24
5 18
5 25
6 7
6 34
7 1
7 31
8 10
8 35
9 13
9 21
10 11
10 29
11 15
11 27
12 2
12 5
13 4
13 28
14 0
14 33
15 0
15 26
16 3
16 9
17 17
17 20
18 32
18 36
19 1
19 5
20 17
20 20
21 28
21 34
22 11
22 37
23 4
23 37
24 9
24 33
25 32
25 35
26 10
26 22
27 8
27 26
28 16
28 24
29 2
29 27
30 6
30 36
31 3
31 30
32 12
32 19
33 13
33 23
34 16
34 31
35 12
35 29
36 7
36 19
37 14
37 15

# solution 260
# n=38 sym=rot4 status=verified source=flammenkamp_cache/n38_rot4
# code=oKQJK5A9DFUIZQU46FLDYPZ06AGSYENTX8P011W5aabCT48EN39LRVb2C3OGMVX7B2J7MOSRWHIBH
0 20
0 26
1 19
1 20
2 5
2 10
3 9
3 13
4 15
4 30
5 18
5 35
6 26
6 30
7 4
7 6
8 15
8 21
9 13
9 34
10 25
10 35
11 0
11 6
12 10
12 16
13 28
13 34
14 14
14 23
15 29
15 33
16 8
16 25
17 0
17 1
18 1
18 32
19 5
19 36
20 36
20 37
21 12
21 29
22 4
22 8
23 14
23 23
24 3
24 9
25 21
25 27
26 31
26 37
27 2
27 12
28 3
28 24
29 16
29 22
30 31
30 33
31 7
31 11
32 2
32 19
33 7
33 22
34 24
34 28
35 27
35 32
36 17
36 18
37 11
37 17

# solution 261
# n=38 sym=rot4 status=verified source=flammenkamp_cache/n38_rot4
# code=oCG9JCWNO7R2INQGXAKDa4T6FZb3S36HQUb8M1W5aFT07BKVY9Y02MV8X1OHR4LBEJZAUDE5PISLP
0 12
0 16
1 9
1 19
2 12
2 32
3 23
3 24
4 7
4 27
5 2
5 18
6 23
6 26
7 16
7 33
8 10
8 20
9 13
9 36
10 4
10 29
11 6
11 15
12 35
12 37
13 3
13 28
14 3
14 6
15 17
15 26
16 30
16 37
17 8
17 22
18 1
18 32
19 5
19 36
20 15
20 29
21 0
21 7
22 11
22 20
23 31
23 34
24 9
24 34
25 0
25 2
26 22
26 31
27 8
27 33
28 1
28 24
29 17
29 27
30 4
30 21
31 11
31 14
32 19
32 35
33 10
33 30
34 13
34 14
35 5
35 25
36 18
36 28
37 21
37 25

# solution 262
# n=38 sym=rot4 status=verified source=flammenkamp_cache/n38_rot4
# code=oJMBDCM6RLVGJ4YRSCO7H37HaTZ8aEN024WQS05Wb9B5XZbEN1T281KUYKUDP9A3XIL6GAVFPOQFI
0 19
0 22
1 11
1 13
2 12
2 22
3 6
3 27
4 21
4 31
5 16
5 19
6 4
6 34
7 27
7 28
8 12
8 24
9 7
9 17
10 3
10 7
11 17
11 36
12 29
12 35
13 8
13 36
14 14
14 23
15 0
15 2
16 4
16 32
17 26
17 28
18 0
18 5
19 32
19 37
20 9
20 11
21 5
21 33
22 35
22 37
23 14
23 23
24 1
24 29
25 2
25 8
26 1
26 20
27 30
27 34
28 20
28 30
29 13
29 25
30 9
30 10
31 3
31 33
32 18
32 21
33 6
33 16
34 10
34 31
35 15
35 25
36 24
36 26
37 15
37 18

# solution 263
# n=38 sym=rot4 status=verified source=flammenkamp_cache/n38_rot4
# code=oJMBDCM6R6LGJXYRSCO7H37HaTZ8aEN024WQS05Wb9B5XZbEN1T281KUYKUDP9A34ILGVAVFPOQFI
0 19
0 22
1 11
1 13
2 12
2 22
3 6
3 27
4 6
4 21
5 16
5 19
6 33
6 34
7 27
7 28
8 12
8 24
9 7
9 17
10 3
10 7
11 17
11 36
12 29
12 35
13 8
13 36
14 14
14 23
15 0
15 2
16 4
16 32
17 26
17 28
18 0
18 5
19 32
19 37
20 9
20 11
21 5
21 33
22 35
22 37
23 14
23 23
24 1
24 29
25 2
25 8
26 1
26 20
27 30
27 34
28 20
28 30
29 13
29 25
30 9
30 10
31 3
31 4
32 18
32 21
33 16
33 31
34 10
34 31
35 15
35 25
36 24
36 26
37 15
37 18

# solution 264
# n=38 sym=rot4 status=verified source=flammenkamp_cache/n38_rot4
# code=oCIPRDL9UKW4I9N3MBDVY1MHT1bTZ6G7A2N4QWb05BXEZRULV280a8KFa36OQFYESJX5H7SGOACJP
0 12
0 18
1 25
1 27
2 13
2 21
3 9
3 30
4 20
4 32
5 4
5 18
6 9
6 23
7 3
7 22
8 11
8 13
9 31
9 34
10 1
10 22
11 17
11 29
12 1
12 37
13 29
13 35
14 6
14 16
15 7
15 10
16 2
16 23
17 4
17 26
18 32
18 37
19 0
19 5
20 11
20 33
21 14
21 35
22 27
22 30
23 21
23 31
24 2
24 8
25 0
25 36
26 8
26 20
27 15
27 36
28 3
28 6
29 24
29 26
30 15
30 34
31 14
31 28
32 19
32 33
33 5
33 17
34 7
34 28
35 16
35 24
36 10
36 12
37 19
37 25

# solution 265
# n=38 sym=rot4 status=verified source=flammenkamp_cache/n38_rot4
# code=oJVCW6NLNGQ1J0Z9T79TUDK4KMaFR23CO3XAB05WbQR4YDPYZAM1FHXHO78SU8S2bIaBLEGEV5P6I
0 19
0 31
1 12
1 32
2 6
2 23
3 21
3 23
4 16
4 26
5 1
5 19
6 0
6 35
7 9
7 29
8 7
8 9
9 29
9 30
10 13
10 20
11 4
11 20
12 22
12 36
13 15
13 27
14 2
14 3
15 12
15 24
16 3
16 33
17 10
17 11
18 0
18 5
19 32
19 37
20 26
20 27
21 4
21 34
22 13
22 25
23 34
23 35
24 10
24 22
25 1
25 15
26 17
26 33
27 17
27 24
28 7
28 8
29 28
29 30
30 8
30 28
31 2
31 37
32 18
32 36
33 11
33 21
34 14
34 16
35 14
35 31
36 5
36 25
37 6
37 18

# solution 266
# n=38 sym=rot4 status=verified source=flammenkamp_cache/n38_rot4
# code=oBIELPTAH67IR7XVX2N9S5YFb2HFG8aOQ1OPYWb053CDaBD1TLMKZ0M3W9SEZ464UAJUVKR8CGNJQ
0 11
0 18
1 14
1 21
2 25
2 29
3 10
3 17
4 6
4 7
5 18
5 27
6 7
6 33
7 31
7 33
8 2
8 23
9 9
9 28
10 5
10 34
11 15
11 37
12 2
12 17
13 15
13 16
14 8
14 36
15 24
15 26
16 1
16 24
17 25
17 34
18 32
18 37
19 0
19 5
20 3
20 12
21 13
21 36
22 11
22 13
23 1
23 29
24 21
24 22
25 20
25 35
26 0
26 22
27 3
27 32
28 9
28 28
29 14
29 35
30 4
30 6
31 4
31 30
32 10
32 19
33 30
33 31
34 20
34 27
35 8
35 12
36 16
36 23
37 19
37 26

# solution 267
# n=38 sym=rot4 status=verified source=flammenkamp_cache/n38_rot4
# code=oGINTBH8E7RIPGROX1Y9S46FZ5H7F1YOQVbPZWb052C06BD3aMUKW2MVX9S3a4DALCJAUNTKQ8EJL
0 16
0 18
1 23
1 29
2 11
2 17
3 8
3 14
4 7
4 27
5 18
5 25
6 16
6 27
7 24
7 33
8 1
8 34
9 9
9 28
10 4
10 6
11 15
11 35
12 5
12 17
13 7
13 15
14 1
14 34
15 24
15 26
16 31
16 37
17 25
17 35
18 32
18 37
19 0
19 5
20 2
20 12
21 0
21 6
22 11
22 13
23 3
23 36
24 22
24 30
25 20
25 32
26 2
26 22
27 31
27 33
28 9
28 28
29 3
29 36
30 4
30 13
31 10
31 21
32 12
32 19
33 10
33 30
34 23
34 29
35 20
35 26
36 8
36 14
37 19
37 21

# solution 268
# n=38 sym=rot4 status=verified source=flammenkamp_cache/n38_rot4
# code=oEILQAHFN7SIV57VX8T4CFZ1DGSHQ3bRY1POZWb052DCa3A0YBK9LOa2MPX8T46UW6J9UEMKRBGJN
0 14
0 18
1 21
1 26
2 10
2 17
3 15
3 23
4 7
4 28
5 18
5 31
6 5
6 7
7 31
7 33
8 8
8 29
9 4
9 12
10 15
10 35
11 1
11 13
12 16
12 28
13 17
13 26
14 3
14 37
15 27
15 34
16 1
16 25
17 24
17 35
18 32
18 37
19 0
19 5
20 2
20 13
21 12
21 36
22 3
22 10
23 0
23 34
24 11
24 20
25 9
25 21
26 24
26 36
27 2
27 22
28 25
28 33
29 8
29 29
30 4
30 6
31 30
31 32
32 6
32 19
33 9
33 30
34 14
34 22
35 20
35 27
36 11
36 16
37 19
37 23

# solution 269
# n=38 sym=rot4 status=verified source=flammenkamp_cache/n38_rot4
# code=o6IHRDMDN7SFIAbPXCK4L1VBQ7TYZ3G2W9N8aWb051TES5ZLY238UBQ6aGXHP4C0RJM9UEOFOAKJV
0 6
0 18
1 17
1 27
2 13
2 22
3 13
3 23
4 7
4 28
5 15
5 18
6 10
6 37
7 25
7 33
8 12
8 20
9 4
9 21
10 1
10 31
11 11
11 26
12 7
12 29
13 34
13 35
14 3
14 16
15 2
15 32
16 9
16 23
17 8
17 36
18 32
18 37
19 0
19 5
20 1
20 29
21 14
21 28
22 5
22 35
23 21
23 34
24 2
24 3
25 8
25 30
26 11
26 26
27 6
27 36
28 16
28 33
29 17
29 25
30 4
30 12
31 0
31 27
32 19
32 22
33 9
33 30
34 14
34 24
35 15
35 24
36 10
36 20
37 19
37 31

# solution 270
# n=38 sym=rot4 status=verified source=flammenkamp_cache/n38_rot4
# code=oHIPQ8EEQSV9I4P8GUZ4WHM1316GMYZADOURbWb050A7DOR23FLVaYaFK5X27LTCXJS69BNNTBCJK
0 17
0 18
1 25
1 26
2 8
2 14
3 14
3 26
4 28
4 31
5 9
5 18
6 4
6 25
7 8
7 16
8 30
8 35
9 4
9 32
10 17
10 22
11 1
11 3
12 1
12 6
13 16
13 22
14 34
14 35
15 10
15 13
16 24
16 30
17 27
17 37
18 32
18 37
19 0
19 5
20 0
20 10
21 7
21 13
22 24
22 27
23 2
23 3
24 15
24 21
25 31
25 36
26 34
26 36
27 15
27 20
28 5
28 33
29 2
29 7
30 21
30 29
31 12
31 33
32 19
32 28
33 6
33 9
34 11
34 23
35 23
35 29
36 11
36 12
37 19
37 20

# solution 271
# n=38 sym=rot4 status=verified source=flammenkamp_cache/n38_rot4
# code=oIKFPPRSV7BJS37VXEK352MDX12EQOTAaGL085b0WTbGL1R8DBNZa4OFZWYHN46UY9IQU69ACCMHJ
0 18
0 20
1 15
1 25
2 25
2 27
3 28
3 31
4 7
4 11
5 19
5 28
6 3
6 7
7 31
7 33
8 14
8 20
9 3
9 5
10 2
10 22
11 13
11 33
12 1
12 2
13 14
13 26
14 24
14 29
15 10
15 36
16 16
16 21
17 0
17 8
18 5
18 37
19 0
19 32
20 29
20 37
21 16
21 21
22 1
22 27
23 8
23 13
24 11
24 23
25 35
25 36
26 4
26 24
27 15
27 35
28 32
28 34
29 17
29 23
30 4
30 6
31 30
31 34
32 9
32 18
33 26
33 30
34 6
34 9
35 10
35 12
36 12
36 22
37 17
37 19

# solution 272
# n=38 sym=rot4 status=verified source=flammenkamp_cache/n38_rot4
# code=o8UCN6NJSJP78OZ0WWb3FOQAL4a6A12HSBHLM34XYFGKQ9KZaRV1XGRBDMY055b2DTUCI9IEVEP7T
0 8
0 30
1 12
1 23
2 6
2 23
3 19
3 28
4 19
4 25
5 7
5 8
6 24
6 35
7 0
7 32
8 32
8 37
9 3
9 15
10 24
10 26
11 10
11 21
12 4
12 36
13 6
13 10
14 1
14 2
15 17
15 28
16 11
16 17
17 21
17 22
18 3
18 4
19 33
19 34
20 15
20 16
21 20
21 26
22 9
22 20
23 35
23 36
24 27
24 31
25 1
25 33
26 16
26 27
27 11
27 13
28 22
28 34
29 0
29 5
30 5
30 37
31 2
31 13
32 29
32 30
33 12
33 18
34 9
34 18
35 14
35 31
36 14
36 25
37 7
37 29

# solution 273
# n=38 sym=rot4 status=verified source=flammenkamp_cache/n38_rot4
# code=o4E6KJTOQIbDPLaRS2C7A7S3N5T3WBbHL6F1M2X4ZFaMVGK0Q5Y8WEY9URUPZ9A1GCO0JBD8IHVNX
0 4
0 14
1 6
1 20
2 19
2 29
3 24
3 26
4 18
4 37
5 13
5 25
6 21
6 36
7 27
7 28
8 2
8 12
9 7
9 10
10 7
10 28
11 3
11 23
12 5
12 29
13 3
13 32
14 11
14 37
15 17
15 21
16 6
16 15
17 1
17 22
18 2
18 33
19 4
19 35
20 15
20 36
21 22
21 31
22 16
22 20
23 0
23 26
24 5
24 34
25 8
25 32
26 14
26 34
27 9
27 30
28 27
28 30
29 25
29 35
30 9
30 10
31 1
31 16
32 12
32 24
33 0
33 19
34 11
34 13
35 8
35 18
36 17
36 31
37 23
37 33

# solution 274
# n=38 sym=rot4 status=verified source=flammenkamp_cache/n38_rot4
# code=o8FOREJPR8I6L7WSVXb7E13GO3F1BSZPb5QHK2X4ZHKBW0C29QaMYDLYaNU04695UGVJTACINADMT
0 8
0 15
1 24
1 27
2 14
2 19
3 25
3 27
4 8
4 18
5 6
5 21
6 7
6 32
7 28
7 31
8 33
8 37
9 7
9 14
10 1
10 3
11 16
11 24
12 3
12 15
13 1
13 11
14 28
14 35
15 25
15 37
16 5
16 26
17 17
17 20
18 2
18 33
19 4
19 35
20 17
20 20
21 11
21 32
22 0
22 12
23 2
23 9
24 26
24 36
25 22
25 34
26 13
26 21
27 34
27 36
28 23
28 30
29 0
29 4
30 6
30 9
31 5
31 30
32 16
32 31
33 19
33 29
34 10
34 12
35 18
35 23
36 10
36 13
37 22
37 29

# solution 275
# n=38 sym=rot4 status=verified source=flammenkamp_cache/n38_rot4
# code=o8FOREJPR8I6L7WSVXb7E13LO3F1BSZPb5BHK2X4ZHKQW0C29QaMYDGYaNU04695UGVJTACINADMT
0 8
0 15
1 24
1 27
2 14
2 19
3 25
3 27
4 8
4 18
5 6
5 21
6 7
6 32
7 28
7 31
8 33
8 37
9 7
9 14
10 1
10 3
11 21
11 24
12 3
12 15
13 1
13 11
14 28
14 35
15 25
15 37
16 5
16 11
17 17
17 20
18 2
18 33
19 4
19 35
20 17
20 20
21 26
21 32
22 0
22 12
23 2
23 9
24 26
24 36
25 22
25 34
26 13
26 16
27 34
27 36
28 23
28 30
29 0
29 4
30 6
30 9
31 5
31 30
32 16
32 31
33 19
33 29
34 10
34 12
35 18
35 23
36 10
36 13
37 22
37 29

# solution 276
# n=38 sym=rot4 status=verified source=flammenkamp_cache/n38_rot4
# code=oLS8IDK7B8IMR6VRYXa0C57KYNSNZCD5G0M2BXa14QZFbLWOP2E9E3HUWPb143A6VAFJTQUHOJT9G
0 21
0 28
1 8
1 18
2 13
2 20
3 7
3 11
4 8
4 18
5 22
5 27
6 6
6 31
7 27
7 34
8 33
8 36
9 0
9 12
10 5
10 7
11 20
11 34
12 23
12 28
13 23
13 35
14 12
14 13
15 5
15 16
16 0
16 22
17 2
17 11
18 33
18 36
19 1
19 4
20 26
20 35
21 15
21 37
22 21
22 32
23 24
23 25
24 2
24 14
25 9
25 14
26 3
26 17
27 30
27 32
28 25
28 37
29 1
29 4
30 3
30 10
31 6
31 31
32 10
32 15
33 19
33 29
34 26
34 30
35 17
35 24
36 19
36 29
37 9
37 16

# solution 277
# n=38 sym=rot4 status=verified source=flammenkamp_cache/n38_rot4
# code=oCLIP9Y2BIV9R4MDK8TWZ5OMY1bAUHL6B0E7NXa14EUNbQVGK7R0a3FDW258THOFXAS6JQZ3SCJGP
0 12
0 21
1 18
1 25
2 9
2 34
3 2
3 11
4 18
4 31
5 9
5 27
6 4
6 22
7 13
7 20
8 8
8 29
9 32
9 35
10 5
10 24
11 22
11 34
12 1
12 37
13 10
13 30
14 17
14 21
15 6
15 11
16 0
16 14
17 7
17 23
18 33
18 36
19 1
19 4
20 14
20 30
21 23
21 37
22 26
22 31
23 16
23 20
24 7
24 27
25 0
25 36
26 3
26 15
27 13
27 32
28 2
28 5
29 8
29 29
30 17
30 24
31 15
31 33
32 10
32 28
33 6
33 19
34 26
34 35
35 3
35 28
36 12
36 19
37 16
37 25

# solution 278
# n=38 sym=rot4 status=verified source=flammenkamp_cache/n38_rot4
# code=oGWBI8O8PDI07AKHWYZLPEVEa392XQRFM9b6UXa147V0SFMAB4ZSY1N6NCG235KHRUbJOCTDTJQ5L
0 16
0 32
1 11
1 18
2 8
2 24
3 8
3 25
4 13
4 18
5 0
5 7
6 10
6 20
7 17
7 32
8 34
8 35
9 21
9 25
10 14
10 31
11 14
11 36
12 3
12 9
13 2
13 33
14 26
14 27
15 15
15 22
16 9
16 37
17 6
17 30
18 33
18 36
19 1
19 4
20 7
20 31
21 0
21 28
22 15
22 22
23 10
23 11
24 4
24 35
25 28
25 34
26 1
26 23
27 6
27 23
28 12
28 16
29 2
29 3
30 5
30 20
31 17
31 27
32 30
32 37
33 19
33 24
34 12
34 29
35 13
35 29
36 19
36 26
37 5
37 21

# solution 279
# n=38 sym=rot4 status=verified source=flammenkamp_cache/n38_rot4
# code=oAOJXFU6C1J9HCY2BKMQWGb9UVY0NDG8ZNR8W14Xa5TAE2TLOEb367S0L5BFHQZ3PKSIaPV7M4IDR
0 10
0 24
1 19
1 33
2 15
2 30
3 6
3 12
4 1
4 19
5 9
5 17
6 12
6 34
7 2
7 11
8 20
8 22
9 26
9 32
10 16
10 37
11 9
11 30
12 31
12 34
13 0
13 23
14 13
14 16
15 8
15 35
16 23
16 27
17 8
17 32
18 1
18 4
19 33
19 36
20 5
20 29
21 10
21 14
22 2
22 29
23 21
23 24
24 14
24 37
25 3
25 6
26 7
26 28
27 0
27 21
28 5
28 11
29 15
29 17
30 26
30 35
31 3
31 25
32 20
32 28
33 18
33 36
34 25
34 31
35 7
35 22
36 4
36 18
37 13
37 27

# solution 280
# n=38 sym=rot4 status=verified source=flammenkamp_cache/n38_rot4
# code=oAMIPAM7THIOS7BVY3B5GZbTV1O5CGH02NSNXXa144E9EZbKLPWDa6802LWQY36QU9DJK8UFRCJFR
0 10
0 22
1 18
1 25
2 10
2 22
3 7
3 29
4 17
4 18
5 24
5 28
6 7
6 11
7 31
7 34
8 3
8 11
9 5
9 16
10 35
10 37
11 29
11 31
12 1
12 24
13 5
13 12
14 16
14 17
15 0
15 2
16 23
16 28
17 23
17 33
18 33
18 36
19 1
19 4
20 4
20 14
21 9
21 14
22 35
22 37
23 20
23 21
24 25
24 32
25 13
25 36
26 6
26 8
27 0
27 2
28 21
28 32
29 26
29 34
30 3
30 6
31 26
31 30
32 9
32 13
33 19
33 20
34 8
34 30
35 15
35 27
36 12
36 19
37 15
37 27

# solution 281
# n=38 sym=rot4 status=verified source=flammenkamp_cache/n38_rot4
# code=oCDIPRW8WDI238BGQVYHL2N7V1bXbAHFM9UNSXa149E7SFMKR040a6UEZGK36BLQTYZJO5T5ACJOP
0 12
0 13
1 18
1 25
2 27
2 32
3 8
3 32
4 13
4 18
5 2
5 3
6 8
6 11
7 16
7 26
8 31
8 34
9 17
9 21
10 2
10 23
11 7
11 31
12 1
12 37
13 33
13 37
14 10
14 17
15 15
15 22
16 9
16 30
17 23
17 28
18 33
18 36
19 1
19 4
20 9
20 14
21 7
21 28
22 15
22 22
23 20
23 27
24 0
24 4
25 0
25 36
26 6
26 30
27 14
27 35
28 16
28 20
29 3
29 6
30 11
30 21
31 26
31 29
32 34
32 35
33 19
33 24
34 5
34 29
35 5
35 10
36 12
36 19
37 24
37 25

# solution 282
# n=38 sym=rot4 status=verified source=flammenkamp_cache/n38_rot4
# code=oHNIS7UDQHIBTGO2Z5A1CLT3WES6Y0PFMAVXbXa14046RFMCb3V9N5Y8GPaRW2ZDL8QJKBO7U9JEK
0 17
0 23
1 18
1 28
2 7
2 30
3 13
3 26
4 17
4 18
5 11
5 29
6 16
6 24
7 2
7 35
8 5
8 10
9 1
9 12
10 21
10 29
11 3
11 32
12 14
12 28
13 6
13 34
14 0
14 25
15 15
15 22
16 10
16 31
17 33
17 37
18 33
18 36
19 1
19 4
20 0
20 4
21 6
21 27
22 15
22 22
23 12
23 37
24 3
24 31
25 9
25 23
26 5
26 34
27 8
27 16
28 25
28 36
29 27
29 32
30 2
30 35
31 13
31 21
32 8
32 26
33 19
33 20
34 11
34 24
35 7
35 30
36 9
36 19
37 14
37 20

# solution 283
# n=38 sym=rot4 status=verified source=flammenkamp_cache/n38_rot4
# code=oQa0JBLDRJM5W8LDESV8C3N0ZKSUYAU4H26CM14XaFPVZKX7R379H2bEYPT69NOGT5WFIAOGQIb1B
0 26
0 36
1 0
1 19
2 11
2 21
3 13
3 27
4 19
4 22
5 5
5 32
6 8
6 21
7 13
7 14
8 28
8 31
9 8
9 12
10 3
10 23
11 0
11 35
12 20
12 28
13 30
13 34
14 10
14 30
15 4
15 17
16 2
16 6
17 12
17 22
18 1
18 4
19 33
19 36
20 15
20 25
21 31
21 35
22 20
22 33
23 7
23 27
24 3
24 7
25 9
25 17
26 2
26 37
27 14
27 34
28 25
28 29
29 6
29 9
30 23
30 24
31 16
31 29
32 5
32 32
33 15
33 18
34 10
34 24
35 16
35 26
36 18
36 37
37 1
37 11

# solution 284
# n=38 sym=rot4 status=verified source=flammenkamp_cache/n38_rot4
# code=oMPJQ8SAMDI68EWLPWZ2HEY1O07BXRV037HLS1X4a9GKUYb6A4QUbDa3NKZ25CG5NTVJOFR9TBICF
0 22
0 25
1 19
1 26
2 8
2 28
3 10
3 22
4 13
4 18
5 6
5 8
6 14
6 32
7 21
7 25
8 32
8 35
9 2
9 17
10 14
10 34
11 1
11 24
12 0
12 7
13 11
13 33
14 27
14 31
15 0
15 3
16 7
16 17
17 21
17 28
18 1
18 33
19 4
19 36
20 9
20 16
21 20
21 30
22 34
22 37
23 6
23 10
24 4
24 26
25 30
25 37
26 13
26 36
27 3
27 23
28 20
28 35
29 2
29 5
30 12
30 16
31 5
31 23
32 29
32 31
33 19
33 24
34 15
34 27
35 9
35 29
36 11
36 18
37 12
37 15

# solution 285
# n=38 sym=rot4 status=verified source=flammenkamp_cache/n38_rot4
# code=oGHCIEQQT7JGO6V8X3UFOHN23Fa59AZPSWbRb4a1X0A059C2RSW1MYZEKDM7Y4T6VDLIU8BBNJPKL
0 16
0 17
1 12
1 18
2 14
2 26
3 26
3 29
4 7
4 19
5 16
5 24
6 6
6 31
7 8
7 33
8 3
8 30
9 15
9 24
10 17
10 23
11 2
11 3
12 15
12 36
13 5
13 9
14 10
14 35
15 25
15 28
16 32
16 37
17 27
17 37
18 4
18 36
19 1
19 33
20 0
20 10
21 0
21 5
22 9
22 12
23 2
23 27
24 28
24 32
25 1
25 22
26 34
26 35
27 14
27 20
28 13
28 22
29 7
29 34
30 4
30 29
31 6
31 31
32 13
32 21
33 18
33 30
34 8
34 11
35 11
35 23
36 19
36 25
37 20
37 21

# solution 286
# n=38 sym=rot4 status=verified source=flammenkamp_cache/n38_rot4
# code=o9GCIQWFTJM2BGNRT37Nb7H2WOaCH694YVbOR4a1XAD063XSVKP1D5ZKU0EUY8AELQZFI8M5BJPLS
0 9
0 16
1 12
1 18
2 26
2 32
3 15
3 29
4 19
4 22
5 2
5 11
6 16
6 23
7 27
7 29
8 3
8 7
9 23
9 37
10 7
10 17
11 2
11 32
12 24
12 36
13 12
13 17
14 6
14 9
15 4
15 34
16 31
16 37
17 24
17 27
18 4
18 36
19 1
19 33
20 10
20 13
21 0
21 6
22 3
22 33
23 28
23 31
24 20
24 25
25 1
25 13
26 5
26 35
27 20
27 30
28 0
28 14
29 30
29 34
30 8
30 10
31 14
31 21
32 26
32 35
33 15
33 18
34 8
34 22
35 5
35 11
36 19
36 25
37 21
37 28

# solution 287
# n=38 sym=rot4 status=verified source=flammenkamp_cache/n38_rot4
# code=oDRJP9F8FIV9O4GLT7YWZ0QAE1H5bHQYZ7VNP1X4aCE6U23BK0WKaNRBb253U8GLXDS6JMTMSCIAO
0 13
0 27
1 19
1 25
2 9
2 15
3 8
3 15
4 18
4 31
5 9
5 24
6 4
6 16
7 21
7 29
8 7
8 34
9 32
9 35
10 0
10 26
11 10
11 14
12 1
12 17
13 5
13 37
14 17
14 26
15 34
15 35
16 7
16 31
17 23
17 25
18 1
18 33
19 4
19 36
20 12
20 14
21 6
21 30
22 2
22 3
23 11
23 20
24 0
24 32
25 20
25 36
26 23
26 27
27 11
27 37
28 2
28 5
29 3
29 30
30 8
30 16
31 21
31 33
32 13
32 28
33 6
33 19
34 22
34 29
35 22
35 28
36 12
36 18
37 10
37 24

# solution 288
# n=38 sym=rot4 status=verified source=flammenkamp_cache/n38_rot4
# code=oJPNVAY2OAJ8B1F8NUWHLXZOW0G3B17HV9PMS04Xb9FCS6KUaQYLb5D24GK57ETMaQTIRDZ3R6ECI
0 19
0 25
1 23
1 31
2 10
2 34
3 2
3 24
4 10
4 19
5 8
5 11
6 1
6 15
7 8
7 23
8 30
8 32
9 17
9 21
10 33
10 35
11 24
11 32
12 0
12 16
13 3
13 11
14 1
14 7
15 17
15 31
16 9
16 25
17 22
17 28
18 0
18 4
19 33
19 37
20 9
20 15
21 12
21 28
22 6
22 20
23 30
23 36
24 26
24 34
25 21
25 37
26 5
26 13
27 2
27 4
28 16
28 20
29 5
29 7
30 14
30 29
31 22
31 36
32 26
32 29
33 18
33 27
34 13
34 35
35 3
35 27
36 6
36 14
37 12
37 18

# solution 289
# n=38 sym=rot4 status=verified source=flammenkamp_cache/n38_rot4
# code=oEJCL7B4VJYDE38AZPVKQMU9Z8aHWWbAG1M9O04XbDSFaLR055K1T2S7FBH6C2RTYNO3I6XQUGPIN
0 14
0 19
1 12
1 21
2 7
2 11
3 4
3 31
4 19
4 34
5 13
5 14
6 3
6 8
7 10
7 35
8 25
8 31
9 20
9 26
10 22
10 30
11 9
11 35
12 8
12 36
13 17
13 32
14 32
14 37
15 10
15 16
16 1
16 22
17 9
17 24
18 0
18 4
19 33
19 37
20 13
20 28
21 15
21 36
22 21
22 27
23 0
23 5
24 5
24 20
25 1
25 29
26 2
26 28
27 7
27 15
28 11
28 17
29 6
29 12
30 2
30 27
31 29
31 34
32 23
32 24
33 3
33 18
34 6
34 33
35 26
35 30
36 16
36 25
37 18
37 23

# solution 290
# n=38 sym=rot4 status=verified source=flammenkamp_cache/n38_rot4
# code=oILNOKO8AIW46BWLRKYBP7YSV9E121PFM0728Xb04TZUbFMCaZaNS693UCQ3HAG5QVX5JRTDHDEGJ
0 18
0 21
1 23
1 24
2 20
2 24
3 8
3 10
4 18
4 32
5 4
5 6
6 11
6 32
7 21
7 27
8 20
8 34
9 11
9 25
10 7
10 34
11 28
11 31
12 9
12 14
13 1
13 2
14 1
14 25
15 15
15 22
16 0
16 7
17 2
17 8
18 33
18 37
19 0
19 4
20 29
20 35
21 30
21 37
22 15
22 22
23 12
23 36
24 35
24 36
25 23
25 28
26 6
26 9
27 3
27 30
28 12
28 26
29 3
29 17
30 10
30 16
31 5
31 26
32 31
32 33
33 5
33 19
34 27
34 29
35 13
35 17
36 13
36 14
37 16
37 19

# solution 291
# n=38 sym=rot4 status=verified source=flammenkamp_cache/n38_rot4
# code=oDIMRCT8X3IHUES5N2Y6B1QASMZHb7V1CGLOWXb045DGLPa6U0K2F9RBaQV3ZEW9N7KJY4T8PAFJO
0 13
0 18
1 22
1 27
2 12
2 29
3 8
3 33
4 3
4 18
5 17
5 30
6 14
6 28
7 5
7 23
8 2
8 34
9 6
9 11
10 1
10 26
11 10
11 28
12 22
12 35
13 17
13 37
14 7
14 31
15 1
15 12
16 16
16 21
17 24
17 32
18 33
18 37
19 0
19 4
20 5
20 13
21 16
21 21
22 25
22 36
23 6
23 30
24 0
24 20
25 2
25 15
26 9
26 27
27 11
27 36
28 26
28 31
29 3
29 35
30 14
30 32
31 9
31 23
32 7
32 20
33 19
33 34
34 4
34 29
35 8
35 25
36 10
36 15
37 19
37 24

# solution 292
# n=38 sym=rot4 status=verified source=flammenkamp_cache/n38_rot4
# code=oJYCSCT0FDJ6V5WKN2Q1BMN8SZaHX7AAYGL7O04XbDUGL3RRU4K129TEFQaBZEH5W6VIOMb8P9P3I
0 19
0 34
1 12
1 28
2 12
2 29
3 0
3 15
4 13
4 19
5 6
5 31
6 5
6 32
7 20
7 23
8 2
8 26
9 1
9 11
10 22
10 23
11 8
11 28
12 35
12 36
13 17
13 33
14 7
14 10
15 10
15 34
16 16
16 21
17 7
17 24
18 0
18 4
19 33
19 37
20 13
20 30
21 16
21 21
22 3
22 27
23 27
23 30
24 4
24 20
25 1
25 2
26 9
26 29
27 14
27 15
28 26
28 36
29 11
29 35
30 14
30 17
31 5
31 32
32 6
32 31
33 18
33 24
34 22
34 37
35 8
35 25
36 9
36 25
37 3
37 18

# solution 293
# n=38 sym=rot4 status=verified source=flammenkamp_cache/n38_rot4
# code=oCJLT6OKW9J3FOZBT17FXLQAUHb26ENSW1A3P04XbCYRa59ENVZ0K7RBG4MUa8Q2DMYIS5HDV8GIP
0 12
0 19
1 21
1 29
2 6
2 24
3 20
3 32
4 9
4 19
5 3
5 15
6 24
6 35
7 11
7 29
8 1
8 7
9 15
9 33
10 21
10 26
11 10
11 30
12 17
12 37
13 2
13 6
14 14
14 23
15 28
15 32
16 1
16 10
17 3
17 25
18 0
18 4
19 33
19 37
20 12
20 34
21 27
21 36
22 5
22 9
23 14
23 23
24 31
24 35
25 0
25 20
26 7
26 27
27 11
27 16
28 4
28 22
29 30
29 36
30 8
30 26
31 2
31 13
32 22
32 34
33 18
33 28
34 5
34 17
35 13
35 31
36 8
36 16
37 18
37 25

# solution 294
# n=38 sym=rot4 status=verified source=flammenkamp_cache/n38_rot4
# code=oITDMHNASBIMR7PHV0S385YDX6EQa2P15GLUZXb0427GLWaCZ1BNV4O3WTY9b6KCUAFJQ9REKFO8J
0 18
0 29
1 13
1 22
2 17
2 23
3 10
3 28
4 11
4 18
5 22
5 27
6 7
6 25
7 17
7 31
8 0
8 28
9 3
9 8
10 5
10 34
11 13
11 33
12 6
12 14
13 26
13 36
14 2
14 25
15 1
15 5
16 16
16 21
17 30
17 35
18 33
18 37
19 0
19 4
20 2
20 7
21 16
21 21
22 32
22 36
23 12
23 35
24 1
24 11
25 23
25 31
26 4
26 24
27 3
27 32
28 29
28 34
29 9
29 37
30 6
30 20
31 12
31 30
32 10
32 15
33 19
33 26
34 9
34 27
35 14
35 20
36 15
36 24
37 8
37 19

# solution 295
# n=38 sym=rot4 status=verified source=flammenkamp_cache/n38_rot4
# code=oIPDG9BNWJR3AMU6BGOHZ4WUZ0M8a3H6CTaNS4b0X9E18PVKY1TFb275X2KDLQV7FRYAI5EQSLOCJ
0 18
0 25
1 13
1 16
2 9
2 11
3 23
3 32
4 19
4 27
5 3
5 10
6 22
6 30
7 6
7 11
8 16
8 24
9 17
9 35
10 4
10 32
11 30
11 35
12 0
12 22
13 8
13 36
14 3
14 17
15 6
15 12
16 29
16 36
17 23
17 28
18 4
18 37
19 0
19 33
20 9
20 14
21 1
21 8
22 25
22 31
23 20
23 34
24 1
24 29
25 15
25 37
26 2
26 7
27 5
27 33
28 2
28 20
29 13
29 21
30 26
30 31
31 7
31 15
32 27
32 34
33 10
33 18
34 5
34 14
35 26
35 28
36 21
36 24
37 12
37 19

# solution 296
# n=38 sym=rot4 status=verified source=flammenkamp_cache/n38_rot4
# code=oBJGP8E7BISOR8FHYVZ4F5KYb1D5PGZSVNaAU0X4b7R1E692LCWOa03HWMX263KMTAD9JQUNTCLIQ
0 11
0 19
1 16
1 25
2 8
2 14
3 7
3 11
4 18
4 28
5 24
5 27
6 8
6 15
7 17
7 34
8 31
8 35
9 4
9 15
10 5
10 20
11 34
11 37
12 1
12 13
13 5
13 25
14 16
14 35
15 28
15 31
16 23
16 36
17 10
17 30
18 0
18 33
19 4
19 37
20 7
20 27
21 1
21 14
22 6
22 9
23 2
23 21
24 12
24 32
25 24
25 36
26 0
26 3
27 17
27 32
28 22
28 33
29 2
29 6
30 3
30 20
31 22
31 29
32 10
32 13
33 9
33 19
34 26
34 30
35 23
35 29
36 12
36 21
37 18
37 26

# solution 297
# n=38 sym=rot4 status=verified source=flammenkamp_cache/n38_rot4
# code=oEFCRITIMDG6Q7WPV2GKN1H5D7aQX9b3bTX9RYZ23AS480Y0S4B1UOWKaEHLZ6C5UBVLOFJ8JAPMN
0 14
0 15
1 12
1 27
2 18
2 29
3 18
3 22
4 13
4 16
5 6
5 26
6 7
6 32
7 25
7 31
8 2
8 16
9 20
9 23
10 1
10 17
11 5
11 13
12 7
12 36
13 26
13 33
14 9
14 37
15 3
15 37
16 29
16 33
17 9
17 27
18 34
18 35
19 2
19 3
20 10
20 28
21 4
21 8
22 0
22 34
23 0
23 28
24 4
24 11
25 1
25 30
26 24
26 32
27 20
27 36
28 14
28 17
29 21
29 35
30 6
30 12
31 5
31 30
32 11
32 31
33 21
33 24
34 15
34 19
35 8
35 19
36 10
36 25
37 22
37 23

# solution 298
# n=38 sym=rot4 status=verified source=flammenkamp_cache/n38_rot4
# code=oEFPRITIMDG6Q7WPV2GKN1H5D17QX9b3bTX9RYZ23AS480Y0S4BUaOWKaEHLZ6C5UBVLOFJ8JACMN
0 14
0 15
1 25
1 27
2 18
2 29
3 18
3 22
4 13
4 16
5 6
5 26
6 7
6 32
7 25
7 31
8 2
8 16
9 20
9 23
10 1
10 17
11 5
11 13
12 1
12 7
13 26
13 33
14 9
14 37
15 3
15 37
16 29
16 33
17 9
17 27
18 34
18 35
19 2
19 3
20 10
20 28
21 4
21 8
22 0
22 34
23 0
23 28
24 4
24 11
25 30
25 36
26 24
26 32
27 20
27 36
28 14
28 17
29 21
29 35
30 6
30 12
31 5
31 30
32 11
32 31
33 21
33 24
34 15
34 19
35 8
35 19
36 10
36 12
37 22
37 23

# solution 299
# n=38 sym=rot4 status=verified source=flammenkamp_cache/n38_rot4
# code=oMR5JETFJ7RCaOQSX2G7Q0469HW6NDZ0YHTLP13YaCG8K3b2OEV5KSVXbBULZ49BD1PAUIM8NIWAF
0 22
0 27
1 5
1 19
2 14
2 29
3 15
3 19
4 7
4 27
5 12
5 36
6 24
6 26
7 28
7 33
8 2
8 16
9 7
9 26
10 0
10 4
11 6
11 9
12 17
12 32
13 6
13 23
14 13
14 35
15 0
15 34
16 17
16 29
17 21
17 25
18 1
18 3
19 34
19 36
20 12
20 16
21 8
21 20
22 3
22 37
23 2
23 24
24 14
24 31
25 5
25 20
26 28
26 31
27 33
27 37
28 11
28 30
29 21
29 35
30 4
30 9
31 11
31 13
32 1
32 25
33 10
33 30
34 18
34 22
35 8
35 23
36 18
36 32
37 10
37 15

# solution 300
# n=38 sym=rot4 status=verified source=flammenkamp_cache/n38_rot4
# code=oOSILFPAINV7B4AOWBF0EVYTW2H074STZ1HLPYa13CGKa289XUbKZ5836NbMQ5DRXQU6EJRCMGJ9D
0 24
0 28
1 18
1 21
2 15
2 25
3 10
3 18
4 23
4 31
5 7
5 11
6 4
6 10
7 24
7 32
8 11
8 15
9 0
9 14
10 31
10 34
11 29
11 32
12 2
12 17
13 0
13 7
14 4
14 28
15 29
15 35
16 1
16 17
17 21
17 25
18 34
18 36
19 1
19 3
20 12
20 16
21 20
21 36
22 2
22 8
23 9
23 33
24 30
24 37
25 20
25 35
26 5
26 8
27 3
27 6
28 23
28 37
29 22
29 26
30 5
30 13
31 27
31 33
32 26
32 30
33 6
33 14
34 19
34 27
35 12
35 22
36 16
36 19
37 9
37 13

# solution 301
# n=38 sym=rot4 status=verified source=flammenkamp_cache/n38_rot4
# code=o9PIN5EIWQT3Z7AOV4BMbKV4T0K7F1Z9OGLACYa13PRGLDS2aMUHb8X6H0FQX6DRU2Y8B5JNWEJCS
0 9
0 25
1 18
1 23
2 5
2 14
3 18
3 32
4 26
4 29
5 3
5 35
6 7
6 10
7 24
7 31
8 4
8 11
9 22
9 37
10 20
10 31
11 4
11 29
12 0
12 20
13 7
13 15
14 1
14 35
15 9
15 24
16 16
16 21
17 10
17 12
18 34
18 36
19 1
19 3
20 25
20 27
21 16
21 21
22 13
22 28
23 2
23 36
24 22
24 30
25 17
25 37
26 8
26 33
27 6
27 17
28 0
28 15
29 26
29 33
30 6
30 13
31 27
31 30
32 2
32 34
33 8
33 11
34 5
34 19
35 23
35 32
36 14
36 19
37 12
37 28

# solution 302
# n=38 sym=rot4 status=verified source=flammenkamp_cache/n38_rot4
# code=o7CGJGUCJFTOQRT2b46BH6F5SYb5NDHRXZaNS13Ya9E124AKOEW039WMVKQVX0Z8ABD8MIP7LILPU
0 7
0 12
1 16
1 19
2 16
2 30
3 12
3 19
4 15
4 29
5 24
5 26
6 27
6 29
7 2
7 37
8 4
8 6
9 11
9 17
10 6
10 15
11 5
11 28
12 34
12 37
13 5
13 23
14 13
14 17
15 27
15 33
16 35
16 36
17 23
17 28
18 1
18 3
19 34
19 36
20 9
20 14
21 1
21 2
22 4
22 10
23 20
23 24
24 14
24 32
25 0
25 3
26 9
26 32
27 22
27 31
28 20
28 26
29 31
29 33
30 0
30 35
31 8
31 10
32 11
32 13
33 8
33 22
34 18
34 25
35 7
35 21
36 18
36 21
37 25
37 30

# solution 303
# n=38 sym=rot4 status=verified source=flammenkamp_cache/n38_rot4
# code=o7J8DMUJSCO6H9W2bRa3V8NKMEX4aAP2BGLBW03Yb5QGLQZCR1X4NFHET6Y1A0Z5SKVDP9I7FOTIU
0 7
0 19
1 8
1 13
2 22
2 30
3 19
3 28
4 12
4 24
5 6
5 17
6 9
6 32
7 2
7 37
8 27
8 36
9 3
9 31
10 8
10 23
11 20
11 22
12 14
12 33
13 4
13 36
14 10
14 25
15 2
15 11
16 16
16 21
17 11
17 32
18 0
18 3
19 34
19 37
20 5
20 26
21 16
21 21
22 26
22 35
23 12
23 27
24 1
24 33
25 4
25 23
26 15
26 17
27 14
27 29
28 6
28 34
29 1
29 10
30 0
30 35
31 5
31 28
32 20
32 31
33 13
33 25
34 9
34 18
35 7
35 15
36 24
36 29
37 18
37 30

# solution 304
# n=38 sym=rot4 status=verified source=flammenkamp_cache/n38_rot4
# code=oIKDENRIUBV9C4M3G8TMW2DLXHWRa2a69BU0PYb03Cb7QSV1Z1A5K4GOZ5F8TLYFXPS6Q7JAENOHJ
0 18
0 20
1 13
1 14
2 23
2 27
3 18
3 30
4 11
4 31
5 9
5 12
6 4
6 22
7 3
7 16
8 8
8 29
9 22
9 32
10 2
10 13
11 21
11 33
12 17
12 32
13 27
13 36
14 2
14 36
15 6
15 9
16 11
16 30
17 0
17 25
18 34
18 37
19 0
19 3
20 12
20 37
21 7
21 26
22 28
22 31
23 1
23 35
24 1
24 10
25 5
25 20
26 4
26 16
27 24
27 35
28 5
28 15
29 8
29 29
30 21
30 34
31 15
31 33
32 25
32 28
33 6
33 26
34 7
34 19
35 10
35 14
36 23
36 24
37 17
37 19

# solution 305
# n=38 sym=rot4 status=verified source=flammenkamp_cache/n38_rot4
# code=oEJGXCRFJ1DQUNS5H8T6F2Q5ALZHX6bSYCaOU03Yb7D1P390V4K2GRWBZMV8TKW9E7BOaIMAP4LIN
0 14
0 19
1 16
1 33
2 12
2 27
3 15
3 19
4 1
4 13
5 26
5 30
6 23
6 28
7 5
7 17
8 8
8 29
9 6
9 15
10 2
10 26
11 5
11 10
12 21
12 35
13 17
13 33
14 6
14 37
15 28
15 34
16 12
16 36
17 24
17 30
18 0
18 3
19 34
19 37
20 7
20 13
21 1
21 25
22 3
22 9
23 0
23 31
24 4
24 20
25 2
25 16
26 27
26 32
27 11
27 35
28 22
28 31
29 8
29 29
30 20
30 32
31 9
31 14
32 7
32 11
33 24
33 36
34 18
34 22
35 10
35 25
36 4
36 21
37 18
37 23

# solution 306
# n=38 sym=rot4 status=verified source=flammenkamp_cache/n38_rot4
# code=oGIDP6F4IOY9REZHM8TRW59HL1E4aPV7ZBbQUYb037B0Q2U6C1XNaGKSW5A8TFK2NAS3DJXMVCOJL
0 16
0 18
1 13
1 25
2 6
2 15
3 4
3 18
4 24
4 34
5 9
5 27
6 14
6 35
7 17
7 22
8 8
8 29
9 27
9 32
10 5
10 9
11 17
11 21
12 1
12 14
13 4
13 36
14 25
14 31
15 7
15 35
16 11
16 37
17 26
17 30
18 34
18 37
19 0
19 3
20 7
20 11
21 0
21 26
22 2
22 30
23 6
23 12
24 1
24 33
25 23
25 36
26 16
26 20
27 28
27 32
28 5
28 10
29 8
29 29
30 15
30 20
31 2
31 23
32 10
32 28
33 3
33 13
34 19
34 33
35 22
35 31
36 12
36 24
37 19
37 21

# solution 307
# n=38 sym=rot4 status=verified source=flammenkamp_cache/n38_rot4
# code=oHJFN9FJWCR38EU6QBWOZ4H7TDX9P1VZaGLRb03Yb0AGL126aCS4O8UKX2D5QBV7NTYAP5IMSEMIK
0 17
0 19
1 15
1 23
2 9
2 15
3 19
3 32
4 12
4 27
5 3
5 8
6 14
6 30
7 6
7 26
8 11
8 32
9 24
9 35
10 4
10 17
11 7
11 29
12 13
12 33
13 9
13 25
14 1
14 31
15 35
15 36
16 16
16 21
17 27
17 37
18 0
18 3
19 34
19 37
20 0
20 10
21 16
21 21
22 1
22 2
23 6
23 36
24 12
24 28
25 4
25 24
26 8
26 30
27 20
27 33
28 2
28 13
29 5
29 26
30 11
30 31
31 7
31 23
32 29
32 34
33 10
33 25
34 5
34 18
35 22
35 28
36 14
36 22
37 18
37 20

# solution 308
# n=38 sym=rot4 status=verified source=flammenkamp_cache/n38_rot4
# code=oEMJQ9JOX36BC8XFPOVHZGN1W7W38Ab0UHRLS12Za9GAK7b0RTY5U5aEL2K6DCM4TPQVY4DISBIFN
0 14
0 22
1 19
1 26
2 9
2 19
3 24
3 33
4 3
4 6
5 11
5 12
6 8
6 33
7 15
7 25
8 24
8 31
9 17
9 35
10 16
10 23
11 1
11 32
12 7
12 32
13 3
13 8
14 10
14 37
15 0
15 30
16 17
16 27
17 21
17 28
18 1
18 2
19 35
19 36
20 9
20 16
21 10
21 20
22 7
22 37
23 0
23 27
24 29
24 34
25 5
25 30
26 5
26 36
27 14
27 21
28 2
28 20
29 6
29 13
30 12
30 22
31 4
31 29
32 25
32 26
33 31
33 34
34 4
34 13
35 18
35 28
36 11
36 18
37 15
37 23

# solution 309
# n=38 sym=rot4 status=verified source=flammenkamp_cache/n38_rot4
# code=oBNAIFI7D6SPSLXNY8T45DaHb5HRY07GZ6MPQZa12BCFV2LUb3AKW0K1OWX8T3E4G9C9VOUJMJREQ
0 11
0 23
1 10
1 18
2 15
2 18
3 7
3 13
4 6
4 28
5 25
5 28
6 21
6 33
7 23
7 34
8 8
8 29
9 4
9 5
10 13
10 36
11 17
11 37
12 5
12 17
13 27
13 34
14 0
14 7
15 16
15 35
16 6
16 22
17 25
17 26
18 35
18 36
19 1
19 2
20 11
20 12
21 15
21 31
22 2
22 21
23 30
23 37
24 3
24 10
25 20
25 32
26 0
26 20
27 1
27 24
28 32
28 33
29 8
29 29
30 3
30 14
31 4
31 16
32 9
32 12
33 9
33 31
34 24
34 30
35 19
35 22
36 19
36 27
37 14
37 26

# solution 310
# n=38 sym=rot4 status=verified source=flammenkamp_cache/n38_rot4
# code=oDRFJFICQCVSV45LNQS580G38XYHb7HZa7RNO1Z2aDEAU12KU0K34TYLbTW9BEGWX696PBPJMIMAO
0 13
0 27
1 15
1 19
2 15
2 18
3 12
3 26
4 12
4 31
5 28
5 31
6 4
6 5
7 21
7 23
8 26
8 28
9 5
9 8
10 0
10 16
11 3
11 8
12 33
12 34
13 17
13 37
14 7
14 17
15 35
15 36
16 7
16 27
17 23
17 24
18 1
18 35
19 2
19 36
20 13
20 14
21 10
21 30
22 1
22 2
23 20
23 30
24 0
24 20
25 3
25 4
26 29
26 34
27 21
27 37
28 29
28 32
29 9
29 11
30 14
30 16
31 32
31 33
32 6
32 9
33 6
33 25
34 11
34 25
35 19
35 22
36 18
36 22
37 10
37 24

# solution 311
# n=38 sym=rot4 status=verified source=flammenkamp_cache/n38_rot4
# code=oFLIO5JSWCE3ZBDBHKS38CGUVRX1VFXNb0R8U2a1Z7TAb0E4M6a4A67LPTY9HKQOQ2YNP59IWDJGM
0 15
0 21
1 18
1 24
2 5
2 19
3 28
3 32
4 12
4 14
5 3
5 35
6 11
6 13
7 11
7 17
8 20
8 28
9 3
9 8
10 12
10 16
11 30
11 31
12 27
12 33
13 1
13 31
14 15
14 33
15 23
15 37
16 0
16 27
17 8
17 30
18 2
18 36
19 1
19 35
20 7
20 29
21 10
21 37
22 0
22 14
23 4
23 22
24 6
24 36
25 4
25 10
26 6
26 7
27 21
27 25
28 29
28 34
29 9
29 17
30 20
30 26
31 24
31 26
32 2
32 34
33 23
33 25
34 5
34 9
35 18
35 32
36 13
36 19
37 16
37 22

# solution 312
# n=38 sym=rot4 status=verified source=flammenkamp_cache/n38_rot4
# code=oJSGMJVNRCEKR287UDV0K35OPBXBT3X1GMa5902ZbSW1FLa4Y8Q4QCDWYHb6O7UTZAHNPAE6IFL9I
0 19
0 28
1 16
1 22
2 19
2 31
3 23
3 27
4 12
4 14
5 20
5 27
6 2
6 8
7 7
7 30
8 13
8 31
9 0
9 20
10 3
10 5
11 24
11 25
12 11
12 33
13 11
13 29
14 3
14 33
15 1
15 16
16 22
16 36
17 5
17 9
18 0
18 2
19 35
19 37
20 28
20 32
21 1
21 15
22 21
22 36
23 4
23 34
24 8
24 26
25 4
25 26
26 12
26 13
27 32
27 34
28 17
28 37
29 6
29 24
30 7
30 30
31 29
31 35
32 10
32 17
33 23
33 25
34 10
34 14
35 6
35 18
36 15
36 21
37 9
37 18

# solution 313
# n=38 sym=rot4 status=verified source=flammenkamp_cache/n38_rot4
# code=oJPCKBJOU8B5WEH3R9XET7MXZ0a3LSVAGDM1V02Zb6aFOLR69GY1b24FU8N4SAYKN5WQT7DIQHPCI
0 19
0 25
1 12
1 20
2 11
2 19
3 24
3 30
4 8
4 11
5 5
5 32
6 14
6 17
7 3
7 27
8 9
8 33
9 14
9 29
10 7
10 22
11 33
11 35
12 0
12 36
13 3
13 21
14 28
14 31
15 10
15 16
16 13
16 22
17 1
17 31
18 0
18 2
19 35
19 37
20 6
20 36
21 15
21 24
22 21
22 27
23 6
23 9
24 16
24 34
25 1
25 37
26 2
26 4
27 15
27 30
28 8
28 23
29 4
29 28
30 10
30 34
31 20
31 23
32 5
32 32
33 26
33 29
34 7
34 13
35 18
35 26
36 17
36 25
37 12
37 18

# solution 314
# n=38 sym=rot4 status=verified source=flammenkamp_cache/n38_rot4
# code=oCI5GIRHM69Qa8XERQVDX2758HbESOU3GMaPYZb023C1FLY7D9N0KTWUZ4O6BAN4T1BSVFKAJLWJP
0 12
0 18
1 5
1 16
2 18
2 27
3 17
3 22
4 6
4 9
5 26
5 36
6 8
6 33
7 14
7 27
8 26
8 31
9 13
9 33
10 2
10 7
11 5
11 8
12 17
12 37
13 14
13 28
14 24
14 30
15 3
15 16
16 22
16 36
17 25
17 34
18 35
18 37
19 0
19 2
20 3
20 12
21 1
21 15
22 21
22 34
23 7
23 13
24 9
24 23
25 0
25 20
26 29
26 32
27 30
27 35
28 4
28 24
29 6
29 11
30 10
30 23
31 4
31 29
32 1
32 11
33 28
33 31
34 15
34 20
35 10
35 19
36 21
36 32
37 19
37 25

# solution 315
# n=38 sym=rot4 status=verified source=flammenkamp_cache/n38_rot4
# code=o3IPTIKEb5TSXCN9G145UKOBQ1VAF6YGOMU2AZb02RZ7FDL3VMR6aBQDH7WXaLSEP498W0NHJ8CJY
0 3
0 18
1 25
1 29
2 18
2 20
3 14
3 37
4 5
4 29
5 28
5 33
6 12
6 23
7 9
7 16
8 1
8 4
9 5
9 30
10 20
10 24
11 11
11 26
12 1
12 31
13 10
13 15
14 6
14 34
15 16
15 24
16 22
16 30
17 2
17 10
18 35
18 37
19 0
19 2
20 27
20 35
21 7
21 15
22 13
22 21
23 3
23 31
24 22
24 27
25 6
25 36
26 11
26 26
27 13
27 17
28 7
28 32
29 33
29 36
30 21
30 28
31 14
31 25
32 4
32 9
33 8
33 32
34 0
34 23
35 17
35 19
36 8
36 12
37 19
37 34

# solution 316
# n=38 sym=rot4 status=verified source=flammenkamp_cache/n38_rot4
# code=o5JMPEJNUABSbGU36AO5GTXPX1B8F3Z1OSVHK02ZbHK69Da2YMTQa4C48LWDRVY7L09QR7EINCFIW
0 5
0 19
1 22
1 25
2 14
2 19
3 23
3 30
4 10
4 11
5 28
5 37
6 16
6 30
7 3
7 6
8 10
8 24
9 5
9 16
10 29
10 33
11 25
11 33
12 1
12 11
13 8
13 15
14 3
14 35
15 1
15 24
16 28
16 31
17 17
17 20
18 0
18 2
19 35
19 37
20 17
20 20
21 6
21 9
22 13
22 36
23 2
23 34
24 22
24 29
25 26
25 36
26 4
26 12
27 4
27 8
28 21
28 32
29 13
29 27
30 31
30 34
31 7
31 21
32 0
32 9
33 26
33 27
34 7
34 14
35 18
35 23
36 12
36 15
37 18
37 32

# solution 317
# n=38 sym=rot4 status=verified source=flammenkamp_cache/n38_rot4
# code=oJM6C9JOP5LSX8aAELV5ZMUDH3a3QHU0A48NQ02ZbBETXRb7KBY1YKO7F2W6GNR1T49GWCDISPVFI
0 19
0 22
1 6
1 12
2 9
2 19
3 24
3 25
4 5
4 21
5 28
5 33
6 8
6 36
7 10
7 14
8 21
8 31
9 5
9 35
10 22
10 30
11 13
11 17
12 3
12 36
13 3
13 26
14 17
14 30
15 0
15 10
16 4
16 8
17 23
17 26
18 0
18 2
19 35
19 37
20 11
20 14
21 29
21 33
22 27
22 37
23 7
23 20
24 11
24 34
25 1
25 34
26 20
26 24
27 7
27 15
28 2
28 32
29 6
29 16
30 23
30 27
31 1
31 29
32 4
32 9
33 16
33 32
34 12
34 13
35 18
35 28
36 25
36 31
37 15
37 18

# solution 318
# n=38 sym=rot4 status=verified source=flammenkamp_cache/n38_rot4
# code=oFJPQJS8X369MUX6ELY2WDL1D1HQRHU5b8ANP02ZbCERT0W7KABKaOaGO5Z3GNV47FSVY4T9IBCIM
0 15
0 19
1 25
1 26
2 19
2 28
3 8
3 33
4 3
4 6
5 9
5 22
6 30
6 33
7 6
7 14
8 21
8 34
9 2
9 32
10 13
10 21
11 1
11 13
12 1
12 17
13 26
13 27
14 17
14 30
15 5
15 37
16 8
16 10
17 23
17 25
18 0
18 2
19 35
19 37
20 12
20 14
21 27
21 29
22 0
22 32
23 7
23 20
24 10
24 11
25 20
25 36
26 24
26 36
27 16
27 24
28 5
28 35
29 3
29 16
30 23
30 31
31 4
31 7
32 15
32 28
33 31
33 34
34 4
34 29
35 9
35 18
36 11
36 12
37 18
37 22

# solution 319
# n=38 sym=rot4 status=verified source=flammenkamp_cache/n38_rot4
# code=oHJMO9J6PCF69WYAKENWZQUAD3X1Q8T1XGL7b02Zb0UGL4a8TBa4YOR7B25ENHR35SVMPCVISDFIK
0 17
0 19
1 22
1 24
2 9
2 19
3 6
3 25
4 12
4 15
5 6
5 9
6 32
6 34
7 10
7 20
8 14
8 23
9 32
9 35
10 26
10 30
11 10
11 13
12 3
12 33
13 1
13 26
14 8
14 29
15 1
15 33
16 16
16 21
17 7
17 37
18 0
18 2
19 35
19 37
20 0
20 30
21 16
21 21
22 4
22 36
23 8
23 29
24 11
24 36
25 4
25 34
26 24
26 27
27 7
27 11
28 2
28 5
29 14
29 23
30 17
30 27
31 3
31 5
32 28
32 31
33 22
33 25
34 12
34 31
35 18
35 28
36 13
36 15
37 18
37 20

# solution 320
# n=38 sym=rot4 status=verified source=flammenkamp_cache/n38_rot4
# code=oITMO6IPSEMRV5ZAE0L3O5UGP3B19UX148QHKZb02HKBTXa47SaQYCL7WDYGbNR2W6AFN9CJVDF8J
0 18
0 29
1 22
1 24
2 6
2 18
3 25
3 28
4 14
4 22
5 27
5 31
6 5
6 35
7 10
7 14
8 0
8 21
9 3
9 24
10 5
10 30
11 16
11 25
12 3
12 11
13 1
13 9
14 30
14 33
15 1
15 4
16 8
16 26
17 17
17 20
18 35
18 37
19 0
19 2
20 17
20 20
21 11
21 29
22 33
22 36
23 4
23 7
24 28
24 36
25 26
25 34
26 12
26 21
27 7
27 32
28 13
28 34
29 16
29 37
30 23
30 27
31 2
31 32
32 6
32 10
33 15
33 23
34 9
34 12
35 19
35 31
36 13
36 15
37 8
37 19

# solution 321
# n=38 sym=rot4 status=verified source=flammenkamp_cache/n38_rot4
# code=oITMO6IPSEMAV5ZAE0L3OUWGP3B19UX148QHKZb02HKBTXa47SaQYCL57DYGbNR2W6RFN9CJVDF8J
0 18
0 29
1 22
1 24
2 6
2 18
3 25
3 28
4 14
4 22
5 10
5 31
6 5
6 35
7 10
7 14
8 0
8 21
9 3
9 24
10 30
10 32
11 16
11 25
12 3
12 11
13 1
13 9
14 30
14 33
15 1
15 4
16 8
16 26
17 17
17 20
18 35
18 37
19 0
19 2
20 17
20 20
21 11
21 29
22 33
22 36
23 4
23 7
24 28
24 36
25 26
25 34
26 12
26 21
27 5
27 7
28 13
28 34
29 16
29 37
30 23
30 27
31 2
31 32
32 6
32 27
33 15
33 23
34 9
34 12
35 19
35 31
36 13
36 15
37 8
37 19

# solution 322
# n=38 sym=rot4 status=verified source=flammenkamp_cache/n38_rot4
# code=oJMMR4J7ERZ5WPQ9YGKLU146C6QEHOY019T8O02ZbDT8Sab3DKNBVPVXa7GHL3SBC5W2ANUIXAFFI
0 19
0 22
1 22
1 27
2 4
2 19
3 7
3 14
4 27
4 35
5 5
5 32
6 25
6 26
7 9
7 34
8 16
8 20
9 21
9 30
10 1
10 4
11 6
11 12
12 6
12 26
13 14
13 17
14 24
14 34
15 0
15 1
16 9
16 29
17 8
17 24
18 0
18 2
19 35
19 37
20 13
20 29
21 8
21 28
22 36
22 37
23 3
23 13
24 20
24 23
25 11
25 31
26 25
26 31
27 33
27 36
28 7
28 16
29 17
29 21
30 3
30 28
31 11
31 12
32 5
32 32
33 2
33 10
34 23
34 30
35 18
35 33
36 10
36 15
37 15
37 18

# solution 323
# n=38 sym=rot4 status=verified source=flammenkamp_cache/n38_rot4
# code=oIR7HJREO57QXNTXa6KDG025PBG3S6YFMPS8a2b0Z1T9CFM3V9YLQCWZbLOHV148E4BUWDNAIKUAJ
0 18
0 27
1 7
1 17
2 19
2 27
3 14
3 24
4 5
4 7
5 26
5 33
6 23
6 29
7 33
7 36
8 6
8 20
9 13
9 16
10 0
10 2
11 5
11 25
12 11
12 16
13 3
13 28
14 6
14 34
15 15
15 22
16 25
16 28
17 8
17 36
18 2
18 37
19 0
19 35
20 1
20 29
21 9
21 12
22 15
22 22
23 3
23 31
24 9
24 34
25 21
25 26
26 12
26 32
27 35
27 37
28 21
28 24
29 17
29 31
30 1
30 4
31 8
31 14
32 4
32 11
33 30
33 32
34 13
34 23
35 10
35 18
36 20
36 30
37 10
37 19

# solution 324
# n=38 sym=rot4 status=verified source=flammenkamp_cache/n38_rot4
# code=oGJNUAI8ODVCU4L15KYAFSZMNHW3X1BBS6b8P0Z2bCT0V9QQa4Y5KEF29MR3HWaGX7P6ODTJR7EIL
0 16
0 19
1 23
1 30
2 10
2 18
3 8
3 24
4 13
4 31
5 12
5 30
6 4
6 21
7 1
7 5
8 20
8 34
9 10
9 15
10 28
10 35
11 22
11 23
12 17
12 32
13 3
13 33
14 1
14 11
15 11
15 28
16 6
16 37
17 8
17 25
18 0
18 35
19 2
19 37
20 12
20 29
21 0
21 31
22 9
22 26
23 26
23 36
24 4
24 34
25 5
25 20
26 14
26 15
27 2
27 9
28 22
28 27
29 3
29 17
30 32
30 36
31 16
31 33
32 7
32 25
33 6
33 24
34 13
34 29
35 19
35 27
36 7
36 14
37 18
37 21

# solution 325
# n=38 sym=rot4 status=verified source=flammenkamp_cache/n38_rot4
# code=o7J8DIQKOCR6H9WFb9aTV4N2MEX3aAPBUGL3W0Z2b5YGL7QCR1Y4NFZEX681S0M5SKVAPDHBJOTIU
0 7
0 19
1 8
1 13
2 18
2 26
3 20
3 24
4 12
4 27
5 6
5 17
6 9
6 32
7 15
7 37
8 9
8 36
9 29
9 31
10 4
10 23
11 2
11 22
12 14
12 33
13 3
13 36
14 10
14 25
15 11
15 30
16 16
16 21
17 3
17 32
18 0
18 35
19 2
19 37
20 5
20 34
21 16
21 21
22 7
22 26
23 12
23 27
24 1
24 34
25 4
25 23
26 15
26 35
27 14
27 33
28 6
28 8
29 1
29 28
30 0
30 22
31 5
31 28
32 20
32 31
33 10
33 25
34 13
34 17
35 11
35 19
36 24
36 29
37 18
37 30

# solution 326
# n=38 sym=rot4 status=verified source=flammenkamp_cache/n38_rot4
# code=oIWPRJS67FR0F8YKYLV2D14EK1DPSGQWX8N7B2b0ZQUET45BL9COaHNXaOZ6G3H3TMbAMUV9IAC5J
0 18
0 32
1 25
1 27
2 19
2 28
3 6
3 7
4 15
4 27
5 0
5 15
6 8
6 34
7 20
7 34
8 21
8 31
9 2
9 13
10 1
10 4
11 14
11 20
12 1
12 13
13 25
13 28
14 16
14 26
15 32
15 33
16 8
16 23
17 7
17 11
18 2
18 37
19 0
19 35
20 26
20 30
21 14
21 29
22 4
22 5
23 11
23 21
24 9
24 12
25 24
25 36
26 17
26 23
27 33
27 36
28 24
28 35
29 6
29 16
30 3
30 17
31 3
31 29
32 22
32 37
33 10
33 22
34 30
34 31
35 9
35 18
36 10
36 12
37 5
37 19

# solution 327
# n=38 sym=rot4 status=verified source=flammenkamp_cache/n38_rot4
# code=o5JJQMRCEBNHbRT9D6KPU261X9YLU4Y2GDM8W01ab5TFOLZ3X7G3S4aVZ7CHVOS8A0KEQNPAFBIIW
0 5
0 19
1 19
1 26
2 22
2 27
3 12
3 14
4 11
4 23
5 17
5 37
6 27
6 29
7 9
7 13
8 6
8 20
9 25
9 30
10 2
10 6
11 1
11 33
12 9
12 34
13 21
13 30
14 4
14 34
15 2
15 16
16 13
16 22
17 8
17 32
18 0
18 1
19 36
19 37
20 5
20 29
21 15
21 24
22 21
22 35
23 3
23 33
24 7
24 16
25 3
25 28
26 4
26 36
27 31
27 35
28 7
28 12
29 17
29 31
30 24
30 28
31 8
31 10
32 0
32 20
33 14
33 26
34 23
34 25
35 10
35 15
36 11
36 18
37 18
37 32

# solution 328
# n=38 sym=rot4 status=verified source=flammenkamp_cache/n38_rot4
# code=oJVGJEQ7R5NGX0S8YOU6H3C2OHR8B4ZFMWaPS01ab9C15FM2XQTAKDZPYKV7D3T9b4LEWAUBNIL6I
0 19
0 31
1 16
1 19
2 14
2 26
3 7
3 27
4 5
4 23
5 16
5 33
6 0
6 28
7 8
7 34
8 24
8 30
9 6
9 17
10 3
10 12
11 2
11 24
12 17
12 27
13 8
13 11
14 4
14 35
15 15
15 22
16 32
16 36
17 25
17 28
18 0
18 1
19 36
19 37
20 9
20 12
21 1
21 5
22 15
22 22
23 2
23 33
24 26
24 29
25 10
25 20
26 13
26 35
27 25
27 34
28 20
28 31
29 7
29 13
30 3
30 29
31 9
31 37
32 4
32 21
33 14
33 32
34 10
34 30
35 11
35 23
36 18
36 21
37 6
37 18

# solution 329
# n=38 sym=rot4 status=verified source=flammenkamp_cache/n38_rot4
# code=o6JJSBNHNATCV5b9F4O1UOXGZMW8A23CUHQLY01ab3GBK7PYZRT5F2L4D7aDXMS0W6P8REKEQ9IIV
0 6
0 19
1 19
1 28
2 11
2 23
3 17
3 23
4 10
4 29
5 12
5 31
6 5
6 37
7 9
7 15
8 4
8 24
9 1
9 30
10 24
10 33
11 16
11 35
12 22
12 32
13 8
13 10
14 2
14 3
15 12
15 30
16 17
16 26
17 21
17 34
18 0
18 1
19 36
19 37
20 3
20 16
21 11
21 20
22 7
22 25
23 34
23 35
24 27
24 29
25 5
25 15
26 2
26 21
27 4
27 13
28 7
28 36
29 13
29 33
30 22
30 28
31 0
31 32
32 6
32 25
33 8
33 27
34 14
34 20
35 14
35 26
36 9
36 18
37 18
37 31

# solution 330
# n=38 sym=rot4 status=verified source=flammenkamp_cache/n38_rot4
# code=o6JJSBEHNATCV5b9F4O1UOXGZMW8A3ZCUHQLY01ab3GBK7P2YRT5F2L4D7aDXMS0W6P8REKNQ9IIV
0 6
0 19
1 19
1 28
2 11
2 14
3 17
3 23
4 10
4 29
5 12
5 31
6 5
6 37
7 9
7 15
8 4
8 24
9 1
9 30
10 24
10 33
11 16
11 35
12 22
12 32
13 8
13 10
14 3
14 35
15 12
15 30
16 17
16 26
17 21
17 34
18 0
18 1
19 36
19 37
20 3
20 16
21 11
21 20
22 7
22 25
23 2
23 34
24 27
24 29
25 5
25 15
26 2
26 21
27 4
27 13
28 7
28 36
29 13
29 33
30 22
30 28
31 0
31 32
32 6
32 25
33 8
33 27
34 14
34 20
35 23
35 26
36 9
36 18
37 18
37 31

# solution 331
# n=38 sym=rot4 status=verified source=flammenkamp_cache/n38_rot4
# code=o8IAILT6KDW4PUY692bDUMaFL5ESXHPAQ2B3Nab01EYQZBRCK49NWGM1F7O0ZSV37CX5OHV8GJRJT
0 8
0 18
1 10
1 18
2 21
2 29
3 6
3 20
4 13
4 32
5 4
5 25
6 30
6 34
7 6
7 9
8 2
8 37
9 13
9 30
10 22
10 36
11 15
11 21
12 5
12 14
13 28
13 33
14 17
14 25
15 10
15 26
16 2
16 11
17 3
17 23
18 36
18 37
19 0
19 1
20 14
20 34
21 26
21 35
22 11
22 27
23 12
23 20
24 4
24 9
25 23
25 32
26 16
26 22
27 1
27 15
28 7
28 24
29 0
29 35
30 28
30 31
31 3
31 7
32 12
32 33
33 5
33 24
34 17
34 31
35 8
35 16
36 19
36 27
37 19
37 29

# solution 332
# n=38 sym=rot4 status=verified source=flammenkamp_cache/n38_rot4
# code=oGIIL9ADFST6TKWHN454ZMZCDEQQY7PAY1b6Uab017V0a3RCU3BBNOP2F2XWXEK5H8V89MORSGJJL
0 16
0 18
1 18
1 21
2 9
2 10
3 13
3 15
4 28
4 29
5 6
5 29
6 20
6 32
7 17
7 23
8 4
8 5
9 4
9 35
10 22
10 35
11 12
11 13
12 14
12 26
13 26
13 34
14 7
14 25
15 10
15 34
16 1
16 37
17 6
17 30
18 36
18 37
19 0
19 1
20 7
20 31
21 0
21 36
22 3
22 27
23 12
23 30
24 3
24 11
25 11
25 23
26 24
26 25
27 2
27 15
28 2
28 33
29 32
29 33
30 14
30 20
31 5
31 17
32 8
32 31
33 8
33 9
34 22
34 24
35 27
35 28
36 16
36 19
37 19
37 21

# solution 333
# n=38 sym=rot4 status=verified source=flammenkamp_cache/n38_rot4
# code=oJVJSBEFHQTSV05FH4O15CO4ZER8APZUYGLUY01ab37GL372CRTAN2XDPWaDXKMWb698BKMNQ9I6I
0 19
0 31
1 19
1 28
2 11
2 14
3 15
3 17
4 26
4 29
5 28
5 31
6 0
6 5
7 15
7 17
8 4
8 24
9 1
9 5
10 12
10 24
11 4
11 35
12 14
12 27
13 8
13 10
14 25
14 35
15 30
15 34
16 16
16 21
17 30
17 34
18 0
18 1
19 36
19 37
20 3
20 7
21 16
21 21
22 3
22 7
23 2
23 12
24 27
24 29
25 10
25 23
26 2
26 33
27 13
27 25
28 32
28 36
29 13
29 33
30 20
30 22
31 32
31 37
32 6
32 9
33 8
33 11
34 20
34 22
35 23
35 26
36 9
36 18
37 6
37 18

# solution 334
# n=38 sym=rot4 status=verified source=flammenkamp_cache/n38_rot4
# code=oEJCILQDPHL7SQSRWEO567H263a8YTbFM24RX0a1b4AXZFM083T1YVZKUVWDN5A9B9UGKCOBGJPIN
0 14
0 19
1 12
1 18
2 21
2 26
3 13
3 25
4 17
4 21
5 7
5 28
6 26
6 28
7 27
7 32
8 14
8 24
9 5
9 6
10 7
10 17
11 2
11 6
12 3
12 36
13 8
13 34
14 29
14 37
15 15
15 22
16 2
16 4
17 27
17 33
18 0
18 36
19 1
19 37
20 4
20 10
21 33
21 35
22 15
22 22
23 0
23 8
24 3
24 29
25 1
25 34
26 31
26 35
27 20
27 30
28 31
28 32
29 13
29 23
30 5
30 10
31 9
31 11
32 9
32 30
33 16
33 20
34 12
34 24
35 11
35 16
36 19
36 25
37 18
37 23

# solution 335
# n=38 sym=rot4 status=verified source=flammenkamp_cache/n38_rot4
# code=o9JGI7ACMLV9B4HTZ7OWbPZMWAY8EHO3B4aNV0a1b6E1XQYDKNT3R5F2C05DU28KXQS6GFPRUJLIS
0 9
0 19
1 16
1 18
2 7
2 10
3 12
3 22
4 21
4 31
5 9
5 11
6 4
6 17
7 29
7 35
8 7
8 24
9 32
9 37
10 25
10 35
11 22
11 32
12 10
12 34
13 8
13 14
14 17
14 24
15 3
15 11
16 4
16 36
17 23
17 31
18 0
18 36
19 1
19 37
20 6
20 14
21 1
21 33
22 26
22 34
23 13
23 20
24 23
24 29
25 3
25 27
26 5
26 15
27 2
27 12
28 0
28 5
29 13
29 30
30 2
30 8
31 20
31 33
32 26
32 28
33 6
33 16
34 15
34 25
35 27
35 30
36 19
36 21
37 18
37 28

# solution 336
# n=38 sym=rot4 status=verified source=flammenkamp_cache/n38_rot4
# code=oDJAIDL3YQSHV5QFRCH4F7a46NTZbCGSU2NTW0a1b58EZ79LP028EVX1UMXKPAMBW6K9B3YGOJRIO
0 13
0 19
1 10
1 18
2 13
2 21
3 3
3 34
4 26
4 28
5 17
5 31
6 5
6 26
7 15
7 27
8 12
8 17
9 4
9 15
10 7
10 36
11 4
11 6
12 23
12 29
13 35
13 37
14 12
14 16
15 28
15 30
16 2
16 23
17 29
17 32
18 0
18 36
19 1
19 37
20 5
20 8
21 14
21 35
22 7
22 9
23 21
23 25
24 0
24 2
25 8
25 14
26 31
26 33
27 1
27 30
28 22
28 33
29 20
29 25
30 10
30 22
31 11
31 32
32 6
32 20
33 9
33 11
34 3
34 34
35 16
35 24
36 19
36 27
37 18
37 24

# solution 337
# n=38 sym=rot4 status=verified source=flammenkamp_cache/n38_rot4
# code=oDJAIDL3YQS6HQWFRCH4F7a46NTZbCGSU2NTW0a1b58EZ79LP028EVX1UMXKPAM5BKV9B3YGOJRIO
0 13
0 19
1 10
1 18
2 13
2 21
3 3
3 34
4 26
4 28
5 6
5 17
6 26
6 32
7 15
7 27
8 12
8 17
9 4
9 15
10 7
10 36
11 4
11 6
12 23
12 29
13 35
13 37
14 12
14 16
15 28
15 30
16 2
16 23
17 29
17 32
18 0
18 36
19 1
19 37
20 5
20 8
21 14
21 35
22 7
22 9
23 21
23 25
24 0
24 2
25 8
25 14
26 31
26 33
27 1
27 30
28 22
28 33
29 20
29 25
30 10
30 22
31 5
31 11
32 20
32 31
33 9
33 11
34 3
34 34
35 16
35 24
36 19
36 27
37 18
37 24

