# solution 1
# n=40 sym=rot4 status=verified source=flammenkamp_cache/n40_rot4
# code=oIPNTDZ8A2XHS4SFNRaCM1a568UPb0DIW179YOdJKJK0F5UWc7LQd2E9VXY3cHR3CGOBZBM6bTV4QAGEL
0 18
0 25
1 23
1 29
2 13
2 35
3 8
3 10
4 2
4 33
5 17
5 28
6 4
6 28
7 15
7 23
8 27
8 36
9 12
9 22
10 1
10 36
11 5
11 6
12 8
12 30
13 25
13 37
14 0
14 13
15 18
15 32
16 1
16 7
17 9
17 34
18 24
18 39
19 19
19 20
20 19
20 20
21 0
21 15
22 5
22 30
23 32
23 38
24 7
24 21
25 26
25 39
26 2
26 14
27 9
27 31
28 33
28 34
29 3
29 38
30 17
30 27
31 3
31 12
32 16
32 24
33 11
33 35
34 11
34 22
35 6
35 37
36 29
36 31
37 4
37 26
38 10
38 16
39 14
39 21

# solution 2
# n=40 sym=rot4 status=verified source=flammenkamp_cache/n40_rot4
# code=oCTFZ8WGR15MZ9D2GIbSX0E9M3dOXITDcWa5BPVJKJK8ESY371QAL6F0aHUPd6B2LNbQU4HYcCN7V4OAR
0 12
0 29
1 15
1 35
2 8
2 32
3 16
3 27
4 1
4 5
5 22
5 35
6 9
6 13
7 2
7 16
8 18
8 37
9 28
9 33
10 0
10 14
11 9
11 22
12 3
12 39
13 24
13 33
14 18
14 29
15 13
15 38
16 32
16 36
17 5
17 11
18 25
18 31
19 19
19 20
20 19
20 20
21 8
21 14
22 28
22 34
23 3
23 7
24 1
24 26
25 10
25 21
26 6
26 15
27 0
27 36
28 17
28 30
29 25
29 39
30 6
30 11
31 2
31 21
32 23
32 37
33 26
33 30
34 4
34 17
35 34
35 38
36 12
36 23
37 7
37 31
38 4
38 24
39 10
39 27

# solution 3
# n=40 sym=rot4 status=verified source=flammenkamp_cache/n40_rot4
# code=oGSCSOXHL5ETZ29OQAMRX5V019c7LGZ27Pd8a3DJKJKQa3V0EWb4NIW1Ucd8Y6CHTDFUb4APYIM6FBRBN
0 16
0 28
1 12
1 28
2 24
2 33
3 17
3 21
4 5
4 14
5 29
5 35
6 2
6 9
7 24
7 26
8 10
8 22
9 27
9 33
10 5
10 31
11 0
11 1
12 9
12 38
13 7
13 21
14 16
14 35
15 2
15 7
16 25
16 39
17 8
17 36
18 3
18 13
19 19
19 20
20 19
20 20
21 26
21 36
22 3
22 31
23 0
23 14
24 32
24 37
25 4
25 23
26 18
26 32
27 1
27 30
28 38
28 39
29 8
29 34
30 6
30 12
31 17
31 29
32 13
32 15
33 30
33 37
34 4
34 10
35 25
35 34
36 18
36 22
37 6
37 15
38 11
38 27
39 11
39 23

# solution 4
# n=40 sym=rot4 status=verified source=flammenkamp_cache/n40_rot4
# code=oPWGPAM6T9FHLVa0F6QSZ3b9RBL8G01WZQc2Y5CJKJKRY5b1D47cdNVISCU2a4BDXOd38IMOUAXHTEN7E
0 25
0 32
1 16
1 25
2 10
2 22
3 6
3 29
4 9
4 15
5 17
5 21
6 31
6 36
7 0
7 15
8 6
8 26
9 28
9 35
10 3
10 37
11 9
11 27
12 11
12 21
13 8
13 16
14 0
14 1
15 32
15 35
16 26
16 38
17 2
17 34
18 5
18 12
19 19
19 20
20 19
20 20
21 27
21 34
22 5
22 37
23 1
23 13
24 4
24 7
25 38
25 39
26 23
26 31
27 18
27 28
28 12
28 30
29 2
29 36
30 4
30 11
31 13
31 33
32 24
32 39
33 3
33 8
34 18
34 22
35 24
35 30
36 10
36 33
37 17
37 29
38 14
38 23
39 7
39 14

# solution 5
# n=40 sym=rot4 status=verified source=flammenkamp_cache/n40_rot4
# code=oHNCP8GOUCX9V4IOP5b3YBQLTZcAH17370bQdBXJKJK6S0D2dWaWcMT14AIDS5a2YEFLZ8U6R9FNVERGM
0 17
0 23
1 12
1 25
2 8
2 16
3 24
3 30
4 12
4 33
5 9
5 31
6 4
6 18
7 24
7 25
8 5
8 37
9 3
9 34
10 11
10 26
11 21
11 29
12 35
12 38
13 10
13 17
14 1
14 7
15 3
15 7
16 0
16 37
17 26
17 39
18 11
18 33
19 19
19 20
20 19
20 20
21 6
21 28
22 0
22 13
23 2
23 39
24 32
24 36
25 32
25 38
26 22
26 29
27 1
27 4
28 10
28 18
29 13
29 28
30 5
30 36
31 2
31 34
32 14
32 15
33 21
33 35
34 8
34 30
35 6
35 27
36 9
36 15
37 23
37 31
38 14
38 27
39 16
39 22

# solution 6
# n=40 sym=rot4 status=verified source=flammenkamp_cache/n40_rot4
# code=oFH8DNR7NFX8S4LQaYcEHLR5E2A7cSUZd23Ud6AJKJKTX09ab049B1WTbPYCIMP153DIZBV6OGWCGQVMO
0 15
0 17
1 8
1 13
2 23
2 27
3 7
3 23
4 15
4 33
5 8
5 28
6 4
6 21
7 26
7 36
8 34
8 38
9 14
9 17
10 21
10 27
11 5
11 14
12 2
12 10
13 7
13 38
14 28
14 30
15 35
15 39
16 2
16 3
17 30
17 39
18 6
18 10
19 19
19 20
20 19
20 20
21 29
21 33
22 0
22 9
23 36
23 37
24 0
24 4
25 9
25 11
26 1
26 32
27 29
27 37
28 25
28 34
29 12
29 18
30 22
30 25
31 1
31 5
32 3
32 13
33 18
33 35
34 11
34 31
35 6
35 24
36 16
36 32
37 12
37 16
38 26
38 31
39 22
39 24

# solution 7
# n=40 sym=rot4 status=verified source=flammenkamp_cache/n40_rot4
# code=o37GIEQBdQXBG49RdHLHXORYa7A24FbAPYcUV8cJKJK1V8915ET2OZbTW35CF6MIM0CUZNS6D0SDPLNWa
0 3
0 7
1 16
1 18
2 14
2 26
3 11
3 39
4 26
4 33
5 11
5 16
6 4
6 9
7 27
7 39
8 17
8 21
9 17
9 33
10 24
10 27
11 34
11 36
12 7
12 10
13 2
13 4
14 15
14 37
15 10
15 25
16 34
16 38
17 30
17 31
18 8
18 38
19 19
19 20
20 19
20 20
21 1
21 31
22 8
22 9
23 1
23 5
24 14
24 29
25 2
25 24
26 35
26 37
27 29
27 32
28 3
28 5
29 12
29 15
30 6
30 22
31 18
31 22
32 0
32 12
33 30
33 35
34 23
34 28
35 6
35 13
36 0
36 28
37 13
37 25
38 21
38 23
39 32
39 36

# solution 8
# n=40 sym=rot4 status=verified source=flammenkamp_cache/n40_rot4
# code=oGLEUMZ7T2DFRMVSa6I1R3F7N59EZQcTYBd260VJKJK8dXb0S5A1D4PUYGWOaCcLX3B8HCOQbAW4H9PIN
0 16
0 21
1 14
1 30
2 22
2 35
3 7
3 29
4 2
4 13
5 15
5 27
6 22
6 31
7 28
7 36
8 6
8 18
9 1
9 27
10 3
10 15
11 7
11 23
12 5
12 9
13 14
13 35
14 26
14 38
15 29
15 34
16 11
16 39
17 2
17 6
18 0
18 31
19 19
19 20
20 19
20 20
21 8
21 39
22 33
22 37
23 0
23 28
24 5
24 10
25 1
25 13
26 4
26 25
27 30
27 34
28 16
28 32
29 24
29 36
30 12
30 38
31 21
31 33
32 3
32 11
33 8
33 17
34 12
34 24
35 26
35 37
36 10
36 32
37 4
37 17
38 9
38 25
39 18
39 23

# solution 9
# n=40 sym=rot4 status=verified source=flammenkamp_cache/n40_rot4
# code=oGQEMHUFLQT79BNIYCE2Y4SAXFV04VcRa6d1b3WJKJK7a2c0X3C18Zd8O6TBZ5bPR5LGSUWADIO9MHPDN
0 16
0 26
1 14
1 22
2 17
2 30
3 15
3 21
4 26
4 29
5 7
5 9
6 11
6 23
7 18
7 34
8 12
8 14
9 2
9 34
10 4
10 28
11 10
11 33
12 15
12 31
13 0
13 4
14 31
14 38
15 27
15 36
16 6
16 39
17 1
17 37
18 3
18 32
19 19
19 20
20 19
20 20
21 7
21 36
22 2
22 38
23 0
23 33
24 3
24 12
25 1
25 8
26 35
26 39
27 8
27 24
28 6
28 29
29 11
29 35
30 5
30 37
31 25
31 27
32 5
32 21
33 16
33 28
34 30
34 32
35 10
35 13
36 18
36 24
37 9
37 22
38 17
38 25
39 13
39 23

# solution 10
# n=40 sym=rot4 status=verified source=flammenkamp_cache/n40_rot4
# code=o6ENVLZPQ2GAVCdFL15MQMYCFSX393dSW1Z9A27JKJKWbTU4c7B0aUa6BOR5HDHYcIO0R8TNbDE4I8GPX
0 6
0 14
1 23
1 31
2 21
2 35
3 25
3 26
4 2
4 16
5 10
5 31
6 12
6 39
7 15
7 21
8 1
8 5
9 22
9 26
10 22
10 34
11 12
11 15
12 28
12 33
13 3
13 9
14 3
14 39
15 28
15 32
16 1
16 35
17 9
17 10
18 2
18 7
19 19
19 20
20 19
20 20
21 32
21 37
22 29
22 30
23 4
23 38
24 7
24 11
25 0
25 36
26 30
26 36
27 6
27 11
28 24
28 27
29 5
29 17
30 13
30 17
31 34
31 38
32 18
32 24
33 0
33 27
34 8
34 29
35 23
35 37
36 13
36 14
37 4
37 18
38 8
38 16
39 25
39 33

# solution 11
# n=40 sym=rot4 status=verified source=flammenkamp_cache/n40_rot4
# code=oIXMPRU6B8NFS0a9INZ2WEH5a2QCF1TQY481TWdJKJK07AcVZ5DAcORDb3YMP7b4GLU3dBOGVSX9CEH6L
0 18
0 33
1 22
1 25
2 27
2 30
3 6
3 11
4 8
4 23
5 15
5 28
6 0
6 36
7 9
7 18
8 23
8 35
9 2
9 32
10 14
10 17
11 5
11 36
12 2
12 26
13 12
13 15
14 1
14 29
15 26
15 34
16 4
16 8
17 1
17 29
18 32
18 39
19 19
19 20
20 19
20 20
21 0
21 7
22 10
22 38
23 31
23 35
24 5
24 13
25 10
25 38
26 24
26 27
27 13
27 37
28 3
28 34
29 22
29 25
30 7
30 37
31 4
31 16
32 21
32 30
33 3
33 39
34 11
34 24
35 16
35 31
36 28
36 33
37 9
37 12
38 14
38 17
39 6
39 21

# solution 12
# n=40 sym=rot4 status=verified source=flammenkamp_cache/n40_rot4
# code=oIORVANDPHWMOIS491BPWGb6V1DRa39052T5ZXdJKJK064YAbYdUa3CQc8X2N7EScUZBLFH7MEQGT8CFL
0 18
0 24
1 27
1 31
2 10
2 23
3 13
3 25
4 17
4 32
5 22
5 24
6 18
6 28
7 4
7 9
8 1
8 11
9 25
9 32
10 16
10 37
11 6
11 31
12 1
12 13
13 27
13 36
14 3
14 9
15 0
15 5
16 2
16 29
17 5
17 35
18 33
18 39
19 19
19 20
20 19
20 20
21 0
21 6
22 4
22 34
23 10
23 37
24 34
24 39
25 30
25 36
26 3
26 12
27 26
27 38
28 8
28 33
29 2
29 23
30 7
30 14
31 28
31 38
32 30
32 35
33 11
33 21
34 15
34 17
35 7
35 22
36 14
36 26
37 16
37 29
38 8
38 12
39 15
39 21

# solution 13
# n=40 sym=rot4 status=verified source=flammenkamp_cache/n40_rot4
# code=oAP8R3RLb8QHLSUFNZc6MPd6G124F0AQW7S9Y35JKJKYa5UBW7DTdOZbcNX0EHX14GO9BIMDV2ICaCVET
0 10
0 25
1 8
1 27
2 3
2 27
3 21
3 37
4 8
4 26
5 17
5 21
6 28
6 30
7 15
7 23
8 35
8 38
9 6
9 22
10 25
10 39
11 6
11 16
12 1
12 2
13 4
13 15
14 0
14 10
15 26
15 32
16 7
16 28
17 9
17 34
18 3
18 5
19 19
19 20
20 19
20 20
21 34
21 36
22 5
22 30
23 11
23 32
24 7
24 13
25 29
25 39
26 24
26 35
27 37
27 38
28 23
28 33
29 0
29 14
30 17
30 33
31 1
31 4
32 16
32 24
33 9
33 11
34 18
34 22
35 13
35 31
36 2
36 18
37 12
37 36
38 12
38 31
39 14
39 29

# solution 14
# n=40 sym=rot4 status=verified source=flammenkamp_cache/n40_rot4
# code=oMNIR9X9IDESX25ENASabOV581MFZWZAQ070CacJKJK13RdWdDT474OHcVY8F23BTGPYb6BPQLU6UCLGH
0 22
0 23
1 18
1 27
2 9
2 33
3 9
3 18
4 13
4 14
5 28
5 33
6 2
6 5
7 14
7 23
8 10
8 28
9 36
9 37
10 24
10 31
11 5
11 8
12 1
12 22
13 15
13 35
14 32
14 35
15 10
15 26
16 0
16 7
17 0
17 12
18 36
18 38
19 19
19 20
20 19
20 20
21 1
21 3
22 27
22 39
23 32
23 39
24 13
24 29
25 4
25 7
26 4
26 24
27 17
27 38
28 31
28 34
29 8
29 15
30 2
30 3
31 11
31 29
32 16
32 25
33 34
33 37
34 6
34 11
35 25
35 26
36 21
36 30
37 6
37 30
38 12
38 21
39 16
39 17

# solution 15
# n=40 sym=rot4 status=verified source=flammenkamp_cache/n40_rot4
# code=oEYLNGRALCP0779XYOQHXQaHO2Z8A4d8B1bSU13JKJKac9B2cSV0ZTV4bFM3D6MDF56UWWdERITCNGI5P
0 14
0 34
1 21
1 23
2 16
2 27
3 10
3 21
4 12
4 25
5 0
5 7
6 7
6 9
7 33
7 34
8 24
8 26
9 17
9 33
10 26
10 36
11 17
11 24
12 2
12 35
13 8
13 10
14 4
14 39
15 8
15 11
16 1
16 37
17 28
17 30
18 1
18 3
19 19
19 20
20 19
20 20
21 36
21 38
22 9
22 11
23 2
23 38
24 28
24 31
25 0
25 35
26 29
26 31
27 4
27 37
28 15
28 22
29 3
29 13
30 6
30 22
31 13
31 15
32 5
32 6
33 30
33 32
34 32
34 39
35 14
35 27
36 18
36 29
37 12
37 23
38 16
38 18
39 5
39 25

# solution 16
# n=40 sym=rot4 status=verified source=flammenkamp_cache/n40_rot4
# code=oLY9FIRNXDP073F8YRWMcMPDG28SZ4AXc3S9A0bJKJK2dTUBa16TZ4BVbNQEH1H7C5VOaWdEQ6GCLOU5I
0 21
0 34
1 9
1 15
2 18
2 27
3 23
3 33
4 13
4 25
5 0
5 7
6 3
6 15
7 8
7 34
8 27
8 32
9 22
9 38
10 22
10 25
11 13
11 16
12 2
12 8
13 28
13 35
14 4
14 10
15 33
15 38
16 3
16 28
17 9
17 10
18 0
18 37
19 19
19 20
20 19
20 20
21 2
21 39
22 29
22 30
23 11
23 36
24 1
24 6
25 29
25 35
26 4
26 11
27 31
27 37
28 23
28 26
29 14
29 17
30 1
30 17
31 7
31 12
32 5
32 31
33 24
33 36
34 32
34 39
35 14
35 26
36 6
36 16
37 12
37 21
38 24
38 30
39 5
39 18

# solution 17
# n=40 sym=rot4 status=verified source=flammenkamp_cache/n40_rot4
# code=o9LGICQFQ5AHZHPPUCS7dNZ8FVb2367SaAcXY0cJKJK1d561T3BWXab28OV4G0WBR9EEM4MTYDODRLNIU
0 9
0 21
1 16
1 18
2 12
2 26
3 15
3 26
4 5
4 10
5 17
5 35
6 17
6 25
7 25
7 30
8 12
8 28
9 7
9 39
10 23
10 35
11 8
11 15
12 31
12 37
13 2
13 3
14 6
14 7
15 28
15 36
16 10
16 38
17 33
17 34
18 0
18 38
19 19
19 20
20 19
20 20
21 1
21 39
22 5
22 6
23 1
23 29
24 3
24 11
25 32
25 33
26 36
26 37
27 2
27 8
28 24
28 31
29 4
29 16
30 0
30 32
31 11
31 27
32 9
32 14
33 14
33 22
34 4
34 22
35 29
35 34
36 13
36 24
37 13
37 27
38 21
38 23
39 18
39 30

# solution 18
# n=40 sym=rot4 status=verified source=flammenkamp_cache/n40_rot4
# code=oHNORCSGU6B9PEZ8TJW3Y7M2Z1bDQ5X1L0aAdFJLV8IKO0T3dIc6YDQ2c4bHW5a7KAV4PEUSX9NBRCFGM
0 17
0 23
1 24
1 27
2 12
2 28
3 16
3 30
4 6
4 11
5 9
5 25
6 14
6 35
7 8
7 29
8 19
8 32
9 3
9 34
10 7
10 22
11 2
11 35
12 1
12 37
13 13
13 26
14 5
14 33
15 1
15 21
16 0
16 36
17 10
17 39
18 15
18 19
19 21
19 31
20 8
20 18
21 20
21 24
22 0
22 29
23 3
23 39
24 18
24 38
25 6
25 34
26 13
26 26
27 2
27 38
28 4
28 37
29 17
29 32
30 5
30 36
31 7
31 20
32 10
32 31
33 4
33 25
34 14
34 30
35 28
35 33
36 9
36 23
37 11
37 27
38 12
38 15
39 16
39 22

# solution 19
# n=40 sym=rot4 status=verified source=flammenkamp_cache/n40_rot4
# code=oHT6CMPAKENDUVcDL6S5R0a8O9cWY2ZBG4O2d7J3LIaKW0bFZNS4b571UFV3dCYBXIQ189QGPJTEHRXAM
0 17
0 29
1 6
1 12
2 22
2 25
3 10
3 20
4 14
4 23
5 13
5 30
6 31
6 38
7 13
7 21
8 6
8 28
9 5
9 27
10 0
10 36
11 8
11 24
12 9
12 38
13 32
13 34
14 2
14 35
15 11
15 16
16 4
16 24
17 2
17 39
18 7
18 19
19 3
19 21
20 18
20 36
21 20
21 32
22 0
22 37
23 15
23 35
24 23
24 28
25 4
25 37
26 5
26 7
27 1
27 30
28 15
28 31
29 3
29 39
30 12
30 34
31 11
31 33
32 18
32 26
33 1
33 8
34 9
34 26
35 16
35 25
36 19
36 29
37 14
37 17
38 27
38 33
39 10
39 22

# solution 20
# n=40 sym=rot4 status=verified source=flammenkamp_cache/n40_rot4
# code=o5GCSQSJLPW9dDT4CHTOY6812Wc2X4M9GOdEV3JLa3IKa8P0FNUHZ6b17bcVX5FAMRZAQ0U7EIKBDBRNY
0 5
0 16
1 12
1 28
2 26
2 28
3 19
3 21
4 25
4 32
5 9
5 39
6 13
6 29
7 4
7 12
8 17
8 29
9 24
9 34
10 6
10 8
11 1
11 2
12 32
12 38
13 2
13 33
14 4
14 22
15 9
15 16
16 24
16 39
17 14
17 31
18 3
18 19
19 21
19 36
20 3
20 18
21 20
21 36
22 8
22 25
23 0
23 15
24 23
24 30
25 17
25 35
26 6
26 37
27 1
27 7
28 37
28 38
29 31
29 33
30 5
30 15
31 10
31 22
32 27
32 35
33 10
33 26
34 0
34 30
35 7
35 14
36 18
36 20
37 11
37 13
38 11
38 27
39 23
39 34

# solution 21
# n=40 sym=rot4 status=verified source=flammenkamp_cache/n40_rot4
# code=o9PDH2b7CUWNVIQ4a5A4dGVFMKa6c0FPS5TBcJXCLIR6K1SAYBEOd1X3JHO8N0ZTY3ZDL8G79RW2bMQEU
0 9
0 25
1 13
1 17
2 2
2 37
3 7
3 12
4 30
4 32
5 23
5 31
6 18
6 26
7 4
7 36
8 5
8 10
9 4
9 39
10 16
10 31
11 15
11 22
12 20
12 36
13 6
13 38
14 0
14 15
15 25
15 28
16 5
16 29
17 11
17 38
18 19
18 33
19 12
19 21
20 18
20 27
21 6
21 20
22 1
22 28
23 10
23 34
24 11
24 14
25 24
25 39
26 1
26 33
27 3
27 19
28 17
28 24
29 8
29 23
30 0
30 35
31 29
31 34
32 3
32 35
33 13
33 21
34 8
34 16
35 7
35 9
36 27
36 32
37 2
37 37
38 22
38 26
39 14
39 30

# solution 22
# n=40 sym=rot4 status=verified source=flammenkamp_cache/n40_rot4
# code=oHP4A9XCGOcBJ2C7WGQBbHcUYXa8L0O4EVaTdDJLY5IKQ0A38PZFdIV36591M2SDN7WRbKS1FNR6UTZEM
0 17
0 25
1 4
1 10
2 9
2 33
3 12
3 16
4 24
4 38
5 11
5 19
6 2
6 12
7 7
7 32
8 16
8 26
9 11
9 37
10 17
10 38
11 30
11 34
12 33
12 36
13 8
13 21
14 0
14 24
15 4
15 14
16 31
16 36
17 29
17 39
18 13
18 19
19 21
19 34
20 5
20 18
21 20
21 26
22 0
22 10
23 3
23 8
24 25
24 35
25 15
25 39
26 18
26 31
27 3
27 6
28 5
28 9
29 1
29 22
30 2
30 28
31 13
31 23
32 7
32 32
33 27
33 37
34 20
34 28
35 1
35 15
36 23
36 27
37 6
37 30
38 29
38 35
39 14
39 22

# solution 23
# n=40 sym=rot4 status=verified source=flammenkamp_cache/n40_rot4
# code=o3NPTDGLd8EFMDS7WMZAS1U69JOXb1ZCY0b583JLRCIKaVY2d5R4c26FKUX9cBT4H7WBQHOPV0INQAEGa
0 3
0 23
1 25
1 29
2 13
2 16
3 21
3 39
4 8
4 14
5 15
5 22
6 13
6 28
7 7
7 32
8 22
8 35
9 10
9 28
10 1
10 30
11 6
11 9
12 19
12 24
13 33
13 37
14 1
14 35
15 12
15 34
16 0
16 37
17 5
17 8
18 3
18 19
19 21
19 27
20 12
20 18
21 20
21 36
22 31
22 34
23 2
23 39
24 5
24 27
25 4
25 38
26 2
26 6
27 15
27 20
28 30
28 33
29 9
29 38
30 11
30 29
31 4
31 17
32 7
32 32
33 11
33 26
34 17
34 24
35 25
35 31
36 0
36 18
37 23
37 26
38 10
38 14
39 16
39 36

# solution 24
# n=40 sym=rot4 status=verified source=flammenkamp_cache/n40_rot4
# code=o9RGMPX5LCU8a2GFQMY4dATEO0Z7J2SBWXc183JLQDIKaVc167SBbKW4dFPAT0Z5HDONb3V9RIY6EHNCU
0 9
0 27
1 16
1 22
2 25
2 33
3 5
3 21
4 12
4 30
5 8
5 36
6 2
6 16
7 15
7 26
8 22
8 34
9 4
9 39
10 10
10 29
11 14
11 24
12 0
12 35
13 7
13 19
14 2
14 28
15 11
15 32
16 33
16 38
17 1
17 8
18 3
18 19
19 21
19 26
20 13
20 18
21 20
21 36
22 31
22 38
23 1
23 6
24 7
24 28
25 11
25 37
26 20
26 32
27 4
27 39
28 15
28 25
29 10
29 29
30 0
30 35
31 5
31 17
32 13
32 24
33 23
33 37
34 3
34 31
35 9
35 27
36 18
36 34
37 6
37 14
38 17
38 23
39 12
39 30

# solution 25
# n=40 sym=rot4 status=verified source=flammenkamp_cache/n40_rot4
# code=oHJBDEHCX6VAQ3ZLO4FENSYAcNa5cUb7V9Cbd7JLd0IKW02RU8W291Y3G1T5BGPOZFI4aDT8X6RMPQSKM
0 17
0 19
1 11
1 13
2 14
2 17
3 12
3 33
4 6
4 31
5 10
5 26
6 3
6 35
7 21
7 24
8 4
8 15
9 14
9 23
10 28
10 34
11 10
11 38
12 23
12 36
13 5
13 38
14 30
14 37
15 7
15 31
16 9
16 12
17 37
17 39
18 7
18 19
19 21
19 39
20 0
20 18
21 20
21 32
22 0
22 2
23 27
23 30
24 8
24 32
25 2
25 9
26 1
26 34
27 3
27 16
28 1
28 29
29 5
29 11
30 16
30 25
31 24
31 35
32 15
32 18
33 4
33 36
34 13
34 29
35 8
35 33
36 6
36 27
37 22
37 25
38 26
38 28
39 20
39 22

# solution 26
# n=40 sym=rot4 status=verified source=flammenkamp_cache/n40_rot4
# code=o69IK4PGSBbFM9d7WFMXdDP3ZDNRT2AVYCa58Jc1LIc1KVY3R58TbACGQ4aEQ06HO7W0UHO2SBNEZJLUX
0 6
0 9
1 18
1 20
2 4
2 25
3 16
3 28
4 11
4 37
5 15
5 22
6 9
6 39
7 7
7 32
8 15
8 22
9 33
9 39
10 13
10 25
11 3
11 35
12 13
12 23
13 27
13 29
14 2
14 10
15 31
15 34
16 12
16 36
17 5
17 8
18 19
18 38
19 1
19 21
20 18
20 38
21 1
21 20
22 31
22 34
23 3
23 27
24 5
24 8
25 29
25 37
26 10
26 12
27 16
27 26
28 4
28 36
29 14
29 26
30 0
30 6
31 17
31 24
32 7
32 32
33 0
33 30
34 17
34 24
35 2
35 28
36 11
36 23
37 14
37 35
38 19
38 21
39 30
39 33

# solution 27
# n=40 sym=rot4 status=verified source=flammenkamp_cache/n40_rot4
# code=oBMGQ6V7FFMPVWb6a25ERCGJd9T1L5UZaTc04DJLSBIKQZd1A349YIcAU0KNRCPYb3X278EHOOW8XDNHS
0 11
0 22
1 16
1 26
2 6
2 31
3 7
3 15
4 15
4 22
5 25
5 31
6 32
6 37
7 6
7 36
8 2
8 5
9 14
9 27
10 12
10 16
11 19
11 39
12 9
12 29
13 1
13 21
14 5
14 30
15 35
15 36
16 29
16 38
17 0
17 4
18 13
18 19
19 21
19 28
20 11
20 18
21 20
21 26
22 35
22 39
23 1
23 10
24 3
24 4
25 9
25 34
26 18
26 38
27 10
27 30
28 0
28 20
29 23
29 27
30 12
30 25
31 34
31 37
32 3
32 33
33 2
33 7
34 8
34 14
35 17
35 24
36 24
36 32
37 8
37 33
38 13
38 23
39 17
39 28

# solution 28
# n=40 sym=rot4 status=verified source=flammenkamp_cache/n40_rot4
# code=oHWCN5SFOSTUbJM09LP5W4E24QcCG8T3a1Q6d8JLX6IKV0XDc3aAVNR1DZbPZ7YEIUdHK29ABFOBYGR7M
0 17
0 32
1 12
1 23
2 5
2 28
3 15
3 24
4 28
4 29
5 30
5 37
6 19
6 22
7 0
7 9
8 21
8 25
9 5
9 32
10 4
10 14
11 2
11 4
12 26
12 38
13 12
13 16
14 8
14 29
15 3
15 36
16 1
16 26
17 6
17 39
18 8
18 19
19 21
19 33
20 6
20 18
21 20
21 31
22 0
22 33
23 13
23 38
24 3
24 36
25 10
25 31
26 23
26 27
27 1
27 13
28 35
28 37
29 25
29 35
30 7
30 34
31 14
31 18
32 30
32 39
33 17
33 20
34 2
34 9
35 10
35 11
36 15
36 24
37 11
37 34
38 16
38 27
39 7
39 22

# solution 29
# n=40 sym=rot4 status=verified source=flammenkamp_cache/n40_rot4
# code=oBIBOMO7HRT9E9RGaGJXY4Qcd46AEQY12VW2aJdLV8I0K3b78bc5DPTXZ01DZ56KN3NCUPUACMWFHFSLS
0 11
0 18
1 11
1 24
2 22
2 24
3 7
3 17
4 27
4 29
5 9
5 14
6 9
6 27
7 16
7 36
8 16
8 19
9 33
9 34
10 4
10 26
11 38
11 39
12 4
12 6
13 10
13 14
14 26
14 34
15 1
15 2
16 31
16 32
17 2
17 36
18 19
18 39
19 21
19 31
20 8
20 18
21 0
21 20
22 3
22 37
23 7
23 8
24 37
24 38
25 5
25 13
26 25
26 29
27 33
27 35
28 0
28 1
29 13
29 35
30 5
30 6
31 20
31 23
32 3
32 23
33 12
33 30
34 25
34 30
35 10
35 12
36 22
36 32
37 15
37 17
38 15
38 28
39 21
39 28

# solution 30
# n=40 sym=rot4 status=verified source=flammenkamp_cache/n40_rot4
# code=oCODOBV6HUV9IEaEH244YGSAbKdNcWX01DTWaJYCLIR5K37AQcd671G0J2TBN5ZZbMP3PLU89MX8SFQFR
0 12
0 24
1 13
1 24
2 11
2 31
3 6
3 17
4 30
4 31
5 9
5 18
6 14
6 36
7 14
7 17
8 2
8 4
9 4
9 34
10 16
10 28
11 10
11 37
12 20
12 39
13 23
13 38
14 32
14 33
15 0
15 1
16 13
16 29
17 32
17 36
18 19
18 34
19 12
19 21
20 18
20 27
21 5
21 20
22 3
22 7
23 10
23 26
24 38
24 39
25 6
25 7
26 1
26 16
27 0
27 19
28 2
28 29
29 11
29 23
30 5
30 35
31 35
31 37
32 22
32 25
33 3
33 25
34 21
34 30
35 8
35 9
36 22
36 33
37 8
37 28
38 15
38 26
39 15
39 27

# solution 31
# n=40 sym=rot4 status=verified source=flammenkamp_cache/n40_rot4
# code=oGOKN9CBTEMDE7TIX9BVb36VaLbFYYZ0Q1d4JCW1MHc7RKZ0cDd455O2I38Xa28SU6LAWPQHPASRUGJFN
0 16
0 24
1 20
1 23
2 9
2 12
3 11
3 29
4 14
4 22
5 13
5 14
6 7
6 29
7 18
7 33
8 9
8 11
9 31
9 37
10 3
10 6
11 31
11 36
12 21
12 37
13 15
13 34
14 34
14 35
15 0
15 26
16 1
16 39
17 4
17 19
18 12
18 32
19 1
19 22
20 17
20 38
21 7
21 27
22 20
22 35
23 0
23 38
24 13
24 39
25 4
25 5
26 5
26 24
27 2
27 18
28 3
28 8
29 33
29 36
30 2
30 8
31 28
31 30
32 6
32 21
33 10
33 32
34 25
34 26
35 17
35 25
36 10
36 28
37 27
37 30
38 16
38 19
39 15
39 23

# solution 32
# n=40 sym=rot4 status=verified source=flammenkamp_cache/n40_rot4
# code=oNUHJ7DFSTU7EDNYbCE044L3IOVXbVYCa06JcASMc1HBT1KXd3R58268FLaIZZdPR25GQPW9ABOQWKM9G
0 23
0 30
1 17
1 19
2 7
2 13
3 15
3 28
4 29
4 30
5 7
5 14
6 13
6 23
7 34
7 37
8 12
8 14
9 0
9 4
10 4
10 21
11 3
11 18
12 24
12 31
13 33
13 37
14 31
14 34
15 12
15 36
16 0
16 6
17 19
17 38
18 10
18 28
19 22
19 38
20 1
20 17
21 11
21 29
22 1
22 20
23 33
23 39
24 3
24 27
25 5
25 8
26 2
26 6
27 8
27 15
28 21
28 36
29 18
29 35
30 35
30 39
31 25
31 27
32 2
32 5
33 16
33 26
34 25
34 32
35 9
35 10
36 11
36 24
37 26
37 32
38 20
38 22
39 9
39 16

# solution 33
# n=40 sym=rot4 status=verified source=flammenkamp_cache/n40_rot4
# code=oFMQTFK795BBZPVCa6LEa1IYZNW1G6UbdCQ0J8T2MHbAVKdDR029XNc7G45Lc3PIX3R8E4SSYUWJOADHO
0 15
0 22
1 26
1 29
2 15
2 20
3 7
3 9
4 5
4 11
5 11
5 35
6 25
6 31
7 12
7 36
8 6
8 21
9 14
9 36
10 1
10 18
11 34
11 35
12 23
12 32
13 1
13 16
14 6
14 30
15 37
15 39
16 12
16 26
17 0
17 19
18 8
18 29
19 2
19 22
20 17
20 37
21 10
21 31
22 20
22 39
23 13
23 27
24 0
24 2
25 9
25 33
26 23
26 38
27 7
27 16
28 4
28 5
29 21
29 38
30 3
30 25
31 18
31 33
32 3
32 27
33 8
33 14
34 4
34 28
35 28
35 34
36 30
36 32
37 19
37 24
38 10
38 13
39 17
39 24

# solution 34
# n=40 sym=rot4 status=verified source=flammenkamp_cache/n40_rot4
# code=oQYCFDKCLNP06SY7WBEAINU6Vac0b4VMc4AFJ3U2MHb9aKOTZ1H8Z2d138X9GLTPS7W5BXdEGIRJQOR5D
0 26
0 34
1 12
1 15
2 13
2 20
3 12
3 21
4 23
4 25
5 0
5 6
6 28
6 34
7 7
7 32
8 11
8 14
9 10
9 18
10 23
10 30
11 6
11 31
12 36
12 38
13 0
13 37
14 4
14 31
15 22
15 38
16 4
16 10
17 15
17 19
18 3
18 30
19 2
19 22
20 17
20 37
21 9
21 36
22 20
22 24
23 29
23 35
24 1
24 17
25 8
25 35
26 2
26 39
27 1
27 3
28 8
28 33
29 9
29 16
30 21
30 29
31 25
31 28
32 7
32 32
33 5
33 11
34 33
34 39
35 14
35 16
36 18
36 27
37 19
37 26
38 24
38 27
39 5
39 13

# solution 35
# n=40 sym=rot4 status=verified source=flammenkamp_cache/n40_rot4
# code=o7HORIXAO4ZGQ2NVd7CLT9aEQ1V5BJS136YJd9bMPEH2U0K5XacBKSY8cDP3UAIRW08GbDN4ZFT6LCFMW
0 7
0 17
1 24
1 27
2 18
2 33
3 10
3 24
4 4
4 35
5 16
5 26
6 2
6 23
7 31
7 39
8 7
8 12
9 21
9 29
10 9
10 36
11 14
11 26
12 1
12 31
13 5
13 11
14 19
14 28
15 1
15 3
16 6
16 34
17 19
17 39
18 9
18 37
19 22
19 25
20 14
20 17
21 2
21 30
22 0
22 20
23 5
23 33
24 36
24 38
25 11
25 20
26 28
26 34
27 8
27 38
28 13
28 25
29 3
29 30
30 10
30 18
31 27
31 32
32 0
32 8
33 16
33 37
34 13
34 23
35 4
35 35
36 15
36 29
37 6
37 21
38 12
38 15
39 22
39 32

# solution 36
# n=40 sym=rot4 status=verified source=flammenkamp_cache/n40_rot4
# code=oCGCOHV7TPQ9A9IOa2LXY3YBScd4J4G17PdJb8XMQDH6V2K0EWcNZKZ01BS5a56Ib3FLUTUDEAW8MFRNR
0 12
0 16
1 12
1 24
2 17
2 31
3 7
3 29
4 25
4 26
5 9
5 10
6 9
6 18
7 24
7 36
8 2
8 21
9 33
9 34
10 3
10 34
11 11
11 28
12 38
12 39
13 4
13 19
14 4
14 16
15 1
15 7
16 25
16 39
17 19
17 37
18 8
18 33
19 22
19 26
20 13
20 17
21 6
21 31
22 2
22 20
23 0
23 14
24 32
24 38
25 23
25 35
26 20
26 35
27 0
27 1
28 11
28 28
29 5
29 36
30 5
30 6
31 18
31 37
32 3
32 15
33 21
33 30
34 29
34 30
35 13
35 14
36 10
36 32
37 8
37 22
38 15
38 27
39 23
39 27

# solution 37
# n=40 sym=rot4 status=verified source=flammenkamp_cache/n40_rot4
# code=o6GPSFLBVAXKO4dCI39QVMZ1aGW9E1Q5bRdAJ2W5MHY7bKT0C2YDcPU7N3c4H8DUaLR0ZFJ6T8SIOBENX
0 6
0 16
1 25
1 28
2 15
2 21
3 11
3 31
4 10
4 33
5 20
5 24
6 4
6 39
7 12
7 18
8 3
8 9
9 26
9 31
10 22
10 35
11 1
11 36
12 16
12 32
13 9
13 14
14 1
14 26
15 5
15 37
16 27
16 39
17 10
17 19
18 2
18 32
19 5
19 22
20 17
20 34
21 7
21 37
22 20
22 29
23 0
23 12
24 2
24 34
25 13
25 38
26 25
26 30
27 7
27 23
28 3
28 38
29 4
29 17
30 8
30 13
31 30
31 36
32 21
32 27
33 0
33 35
34 15
34 19
35 6
35 29
36 8
36 28
37 18
37 24
38 11
38 14
39 23
39 33

# solution 38
# n=40 sym=rot4 status=verified source=flammenkamp_cache/n40_rot4
# code=o6GPSFLBVAXKO4dIR39QVMZ1a7G9E1Q5bRdAJ2W5MHY7bKT0C2YDcPUNW3c4H8DUaCL0ZFJ6T8SIOBENX
0 6
0 16
1 25
1 28
2 15
2 21
3 11
3 31
4 10
4 33
5 20
5 24
6 4
6 39
7 18
7 27
8 3
8 9
9 26
9 31
10 22
10 35
11 1
11 36
12 7
12 16
13 9
13 14
14 1
14 26
15 5
15 37
16 27
16 39
17 10
17 19
18 2
18 32
19 5
19 22
20 17
20 34
21 7
21 37
22 20
22 29
23 0
23 12
24 2
24 34
25 13
25 38
26 25
26 30
27 23
27 32
28 3
28 38
29 4
29 17
30 8
30 13
31 30
31 36
32 12
32 21
33 0
33 35
34 15
34 19
35 6
35 29
36 8
36 28
37 18
37 24
38 11
38 14
39 23
39 33

# solution 39
# n=40 sym=rot4 status=verified source=flammenkamp_cache/n40_rot4
# code=oAO6INPDHSVLUScEK4U58Dd46CRTa2W0N2FJa5c7MHW1Y3KObGd7b3ACRXZ0QVY9ZJP1B9I8BMQEGLXFT
0 10
0 24
1 6
1 18
2 23
2 25
3 13
3 17
4 28
4 31
5 21
5 30
6 28
6 38
7 14
7 20
8 4
8 30
9 5
9 8
10 13
10 39
11 4
11 6
12 12
12 27
13 29
13 36
14 2
14 32
15 0
15 23
16 2
16 15
17 19
17 36
18 5
18 38
19 7
19 22
20 17
20 32
21 1
21 34
22 3
22 20
23 24
23 37
24 16
24 39
25 7
25 37
26 3
26 10
27 12
27 27
28 33
28 35
29 0
29 26
30 31
30 34
31 9
31 35
32 19
32 25
33 1
33 11
34 9
34 18
35 8
35 11
36 22
36 26
37 14
37 16
38 21
38 33
39 15
39 29

# solution 40
# n=40 sym=rot4 status=verified source=flammenkamp_cache/n40_rot4
# code=oFU6LNPNWADLQSc3V7C0FHZ6EJV5Z2SUd23JT15MRCHYcAKab09Bb4Y8KPX4MOdRW8a1BDIQT7GEGIX9O
0 15
0 30
1 6
1 21
2 23
2 25
3 23
3 32
4 10
4 13
5 21
5 26
6 28
6 38
7 3
7 31
8 7
8 12
9 0
9 15
10 17
10 35
11 6
11 14
12 19
12 31
13 5
13 35
14 2
14 28
15 30
15 39
16 2
16 3
17 19
17 29
18 1
18 5
19 22
19 27
20 12
20 17
21 34
21 38
22 10
22 20
23 36
23 37
24 0
24 9
25 11
25 37
26 4
26 34
27 8
27 20
28 25
28 33
29 4
29 22
30 24
30 39
31 27
31 32
32 8
32 36
33 1
33 11
34 13
34 18
35 26
35 29
36 7
36 16
37 14
37 16
38 18
38 33
39 9
39 24

# solution 41
# n=40 sym=rot4 status=verified source=flammenkamp_cache/n40_rot4
# code=oGMPTBC8LIPBQ8W6QXaGT19YbFb5714JRUd0J3ZMOFH4aKd09CKZcWY2O25UcAN36DX7VDSELIVRSAEHN
0 16
0 22
1 25
1 29
2 11
2 12
3 8
3 21
4 18
4 25
5 11
5 26
6 8
6 32
7 6
7 26
8 33
8 36
9 16
9 29
10 1
10 9
11 34
11 37
12 15
12 37
13 5
13 7
14 1
14 4
15 19
15 27
16 30
16 39
17 0
17 19
18 3
18 35
19 22
19 24
20 15
20 17
21 4
21 36
22 20
22 39
23 0
23 9
24 12
24 20
25 35
25 38
26 32
26 34
27 2
27 24
28 2
28 5
29 30
29 38
30 10
30 23
31 3
31 6
32 13
32 33
33 7
33 31
34 13
34 28
35 14
35 21
36 18
36 31
37 27
37 28
38 10
38 14
39 17
39 23

# solution 42
# n=40 sym=rot4 status=verified source=flammenkamp_cache/n40_rot4
# code=oEUJZIR9O1IEWBD5V7D0aHNOX2GVXYd3BARJTZbMc1H24AKCTSa0568Nb6FGM3dQW8YQS7PLcFUCL4K9P
0 14
0 30
1 19
1 35
2 18
2 27
3 9
3 24
4 1
4 18
5 14
5 32
6 11
6 13
7 5
7 31
8 7
8 13
9 0
9 36
10 17
10 23
11 24
11 33
12 2
12 16
13 31
13 33
14 34
14 39
15 3
15 11
16 10
16 27
17 19
17 29
18 35
18 37
19 22
19 38
20 1
20 17
21 2
21 4
22 10
22 20
23 12
23 29
24 28
24 36
25 0
25 5
26 6
26 8
27 23
27 37
28 6
28 15
29 16
29 22
30 3
30 39
31 26
31 32
32 8
32 34
33 26
33 28
34 7
34 25
35 21
35 38
36 15
36 30
37 12
37 21
38 4
38 20
39 9
39 25

# solution 43
# n=40 sym=rot4 status=verified source=flammenkamp_cache/n40_rot4
# code=o8PELIOAO6AGS7ZRXRd9UZa5K78GH0c23QYJQ1bBMHS2cDK5Dab1dMNVWJY349U0C6C4WBNTXFTFLIPEV
0 8
0 25
1 14
1 21
2 18
2 24
3 10
3 24
4 6
4 10
5 16
5 28
6 7
6 35
7 27
7 33
8 27
8 39
9 9
9 30
10 35
10 36
11 5
11 20
12 7
12 8
13 16
13 17
14 0
14 38
15 2
15 3
16 26
16 34
17 19
17 26
18 1
18 37
19 11
19 22
20 17
20 28
21 2
21 38
22 13
22 20
23 5
23 13
24 36
24 37
25 1
25 39
26 22
26 23
27 31
27 32
28 19
28 34
29 3
29 4
30 9
30 30
31 0
31 12
32 6
32 12
33 4
33 32
34 11
34 23
35 29
35 33
36 15
36 29
37 15
37 21
38 18
38 25
39 14
39 31

# solution 44
# n=40 sym=rot4 status=verified source=flammenkamp_cache/n40_rot4
# code=oEZLSIRAU0GHN798XQW3XFa1O2P8JCdBT5ZJY1bMQDH2c5K4YAS0RKVEbFc3O6a7D6VUWGMNd9TCLBI4P
0 14
0 35
1 21
1 28
2 18
2 27
3 10
3 30
4 0
4 16
5 17
5 23
6 7
6 9
7 8
7 33
8 26
8 32
9 3
9 33
10 15
10 36
11 1
11 24
12 2
12 25
13 8
13 19
14 12
14 39
15 11
15 29
16 5
16 35
17 19
17 34
18 1
18 37
19 22
19 26
20 13
20 17
21 2
21 38
22 5
22 20
23 4
23 34
24 10
24 28
25 0
25 27
26 20
26 31
27 14
27 37
28 15
28 38
29 3
29 24
30 6
30 36
31 7
31 13
32 6
32 31
33 30
33 32
34 16
34 22
35 23
35 39
36 9
36 29
37 12
37 21
38 11
38 18
39 4
39 25

# solution 45
# n=40 sym=rot4 status=verified source=flammenkamp_cache/n40_rot4
# code=oEZLSIRAU0GHN9W68QW3XFa1O2P8JCdBT5ZJY1bMQDH2c5K4YAS0RKVEbFc3O6a7DVX7UGMNd9TCLBI4P
0 14
0 35
1 21
1 28
2 18
2 27
3 10
3 30
4 0
4 16
5 17
5 23
6 9
6 32
7 6
7 8
8 26
8 32
9 3
9 33
10 15
10 36
11 1
11 24
12 2
12 25
13 8
13 19
14 12
14 39
15 11
15 29
16 5
16 35
17 19
17 34
18 1
18 37
19 22
19 26
20 13
20 17
21 2
21 38
22 5
22 20
23 4
23 34
24 10
24 28
25 0
25 27
26 20
26 31
27 14
27 37
28 15
28 38
29 3
29 24
30 6
30 36
31 7
31 13
32 31
32 33
33 7
33 30
34 16
34 22
35 23
35 39
36 9
36 29
37 12
37 21
38 11
38 18
39 4
39 25

# solution 46
# n=40 sym=rot4 status=verified source=flammenkamp_cache/n40_rot4
# code=oCIOTCIAKEGSU6XOV7D5G1a5QbdBVMZ17UZEJbd3MHa02KP49Wc4H8S02DY3cNYQW8F6X9BNPJTLRAFLR
0 12
0 18
1 24
1 29
2 12
2 18
3 10
3 20
4 14
4 16
5 28
5 30
6 6
6 33
7 24
7 31
8 7
8 13
9 5
9 16
10 1
10 36
11 5
11 26
12 37
12 39
13 11
13 31
14 22
14 35
15 1
15 7
16 30
16 35
17 14
17 19
18 37
18 39
19 3
19 22
20 17
20 36
21 0
21 2
22 20
22 25
23 4
23 9
24 32
24 38
25 4
25 17
26 8
26 28
27 0
27 2
28 13
28 34
29 3
29 38
30 23
30 34
31 26
31 32
32 8
32 15
33 6
33 33
34 9
34 11
35 23
35 25
36 19
36 29
37 21
37 27
38 10
38 15
39 21
39 27

# solution 47
# n=40 sym=rot4 status=verified source=flammenkamp_cache/n40_rot4
# code=oLPCEHL4A6aSURZFNDS5DKa586cUV0cNW7FJb02AMHTbd2KOW7G1d891XVY3JQYBQGO4C9B3XTZIMPREI
0 21
0 25
1 12
1 14
2 17
2 21
3 4
3 10
4 6
4 36
5 28
5 30
6 27
6 35
7 15
7 23
8 13
8 28
9 5
9 13
10 20
10 36
11 5
11 8
12 6
12 38
13 30
13 31
14 0
14 38
15 23
15 32
16 7
16 15
17 19
17 37
18 0
18 2
19 10
19 22
20 17
20 29
21 37
21 39
22 2
22 20
23 24
23 32
24 7
24 16
25 1
25 39
26 8
26 9
27 1
27 33
28 31
28 34
29 3
29 19
30 26
30 34
31 11
31 26
32 16
32 24
33 4
33 12
34 9
34 11
35 3
35 33
36 29
36 35
37 18
37 22
38 25
38 27
39 14
39 18

# solution 48
# n=40 sym=rot4 status=verified source=flammenkamp_cache/n40_rot4
# code=oDLOPLU4DOaUWBC5PHN25ATKXNXad17148CJV02BMHSbd8KRVZcWc036G6JATYbGMEYRS793FQZ9IEFIQ
0 13
0 21
1 24
1 25
2 21
2 30
3 4
3 13
4 24
4 36
5 30
5 32
6 11
6 12
7 5
7 25
8 17
8 23
9 2
9 5
10 10
10 29
11 20
11 33
12 23
12 33
13 36
13 39
14 1
14 7
15 1
15 4
16 8
16 12
17 19
17 31
18 0
18 2
19 11
19 22
20 17
20 28
21 37
21 39
22 8
22 20
23 27
23 31
24 35
24 38
25 32
25 38
26 0
26 3
27 6
27 16
28 6
28 19
29 10
29 29
30 34
30 37
31 16
31 22
32 14
32 34
33 27
33 28
34 7
34 9
35 3
35 15
36 26
36 35
37 9
37 18
38 14
38 15
39 18
39 26

# solution 49
# n=40 sym=rot4 status=verified source=flammenkamp_cache/n40_rot4
# code=o5IBLDRSWGJVdEO3V579UHO3c2QCbNX6AEZJT1dMZ4H0cAK4PTX6G2RDb1aFM9UWY8aFP08KN7BCQISLY
0 5
0 18
1 11
1 21
2 13
2 27
3 28
3 32
4 16
4 19
5 31
5 39
6 14
6 24
7 3
7 31
8 5
8 7
9 9
9 30
10 17
10 24
11 3
11 38
12 2
12 26
13 12
13 37
14 23
14 33
15 6
15 10
16 14
16 35
17 19
17 29
18 1
18 39
19 22
19 35
20 4
20 17
21 0
21 38
22 10
22 20
23 4
23 25
24 29
24 33
25 6
25 16
26 2
26 27
27 13
27 37
28 1
28 36
29 15
29 22
30 9
30 30
31 32
31 34
32 8
32 36
33 15
33 25
34 0
34 8
35 20
35 23
36 7
36 11
37 12
37 26
38 18
38 28
39 21
39 34

# solution 50
# n=40 sym=rot4 status=verified source=flammenkamp_cache/n40_rot4
# code=oPYNPARFMSU06CY9FKL4WDb4D2XST01Wa1K3I8M8GNVHVLaJc37cdAB6bQZ2Q7ZIJOU5RXd9BHOCTEG5E
0 25
0 34
1 23
1 25
2 10
2 27
3 15
3 22
4 28
4 30
5 0
5 6
6 12
6 34
7 9
7 15
8 20
8 21
9 4
9 32
10 13
10 37
11 4
11 13
12 2
12 33
13 28
13 29
14 0
14 1
15 32
15 36
16 1
16 20
17 3
17 18
18 8
18 22
19 8
19 16
20 23
20 31
21 17
21 31
22 21
22 36
23 19
23 38
24 3
24 7
25 38
25 39
26 10
26 11
27 6
27 37
28 26
28 35
29 2
29 26
30 7
30 35
31 18
31 19
32 24
32 30
33 5
33 27
34 33
34 39
35 9
35 11
36 17
36 24
37 12
37 29
38 14
38 16
39 5
39 14

# solution 51
# n=40 sym=rot4 status=verified source=flammenkamp_cache/n40_rot4
# code=o9CIPQTDKAUSX58HPHX4d2Z5FFd2a17RSIJVWNc3NGa1G78KLBCWc3b0OOY4b0Z6MEMVY6B9TJQADELRU
0 9
0 12
1 18
1 25
2 26
2 29
3 13
3 20
4 10
4 30
5 28
5 33
6 5
6 8
7 17
7 25
8 17
8 33
9 4
9 39
10 2
10 35
11 5
11 15
12 15
12 39
13 2
13 36
14 1
14 7
15 27
15 28
16 18
16 19
17 31
17 32
18 23
18 38
19 3
19 23
20 16
20 36
21 1
21 16
22 7
22 8
23 20
23 21
24 11
24 12
25 32
25 38
26 3
26 37
27 0
27 24
28 24
28 34
29 4
29 37
30 0
30 35
31 6
31 22
32 14
32 22
33 31
33 34
34 6
34 11
35 9
35 29
36 19
36 26
37 10
37 13
38 14
38 21
39 27
39 30

# solution 52
# n=40 sym=rot4 status=verified source=flammenkamp_cache/n40_rot4
# code=oBL8UMQCQWY4S8C4JXc1HFP5dXa23AFPTJL2U0GNW7GNd9bIKAEOTab360YEOMc16KZRVBZ57DRDH9VIS
0 11
0 21
1 8
1 30
2 22
2 26
3 12
3 26
4 32
4 34
5 4
5 28
6 8
6 12
7 4
7 19
8 33
8 38
9 1
9 17
10 15
10 25
11 5
11 39
12 33
12 36
13 2
13 3
14 10
14 15
15 25
15 29
16 19
16 21
17 2
17 30
18 0
18 16
19 23
19 32
20 7
20 16
21 23
21 39
22 9
22 37
23 18
23 20
24 10
24 14
25 24
25 29
26 36
26 37
27 3
27 6
28 0
28 34
29 14
29 24
30 22
30 38
31 1
31 6
32 20
32 35
33 27
33 31
34 11
34 35
35 5
35 7
36 13
36 27
37 13
37 17
38 9
38 31
39 18
39 28

# solution 53
# n=40 sym=rot4 status=verified source=flammenkamp_cache/n40_rot4
# code=oEIDOMPAR68CWSZ5NDZAKUa6M3YVc2d1I7J2BOd9NGU0FSbKWLc0b185aHX39JT4QGY4B7RVXCTEHFQLP
0 14
0 18
1 13
1 24
2 22
2 25
3 10
3 27
4 6
4 8
5 12
5 32
6 28
6 35
7 5
7 23
8 13
8 35
9 10
9 20
10 30
10 36
11 6
11 22
12 3
12 34
13 31
13 38
14 2
14 39
15 1
15 18
16 7
16 19
17 2
17 11
18 24
18 39
19 9
19 23
20 16
20 30
21 0
21 15
22 28
22 37
23 20
23 32
24 21
24 38
25 0
25 37
26 1
26 8
27 5
27 36
28 17
28 33
29 3
29 9
30 19
30 29
31 4
31 26
32 16
32 34
33 4
33 11
34 7
34 27
35 31
35 33
36 12
36 29
37 14
37 17
38 15
38 26
39 21
39 25

# solution 54
# n=40 sym=rot4 status=verified source=flammenkamp_cache/n40_rot4
# code=oHP7FJTDYOU3DIW6cTU4828GHCRYa0I4cJSSdPXNb2G6E0BBK1ZLd35CRMNVbVZ9A1X7LQa9F5QAKOWEM
0 17
0 25
1 7
1 15
2 19
2 29
3 13
3 34
4 24
4 30
5 3
5 13
6 18
6 32
7 6
7 38
8 29
8 30
9 4
9 8
10 2
10 8
11 16
11 17
12 12
12 27
13 34
13 36
14 0
14 18
15 4
15 38
16 19
16 28
17 28
17 39
18 25
18 33
19 23
19 37
20 2
20 16
21 6
21 14
22 0
22 11
23 11
23 20
24 1
24 35
25 21
25 39
26 3
26 5
27 12
27 27
28 22
28 23
29 31
29 37
30 31
30 35
31 9
31 10
32 1
32 33
33 7
33 21
34 26
34 36
35 9
35 15
36 5
36 26
37 10
37 20
38 24
38 32
39 14
39 22

# solution 55
# n=40 sym=rot4 status=verified source=flammenkamp_cache/n40_rot4
# code=oMSRS5FDR59ZbKLOUGM7ZAT0113PaDL7bJV086E6NGXPXVd8K2WIQ3EaccdAT4WHN9FIJ24UYCQOYBCBH
0 22
0 28
1 27
1 28
2 5
2 15
3 13
3 27
4 5
4 9
5 35
5 37
6 20
6 21
7 24
7 30
8 16
8 22
9 7
9 35
10 10
10 29
11 0
11 1
12 1
12 3
13 25
13 36
14 13
14 21
15 7
15 37
16 19
16 31
17 0
17 8
18 6
18 14
19 6
19 23
20 16
20 33
21 25
21 33
22 31
22 39
23 8
23 20
24 2
24 32
25 18
25 26
26 3
26 14
27 36
27 38
28 38
28 39
29 10
29 29
30 4
30 32
31 17
31 23
32 9
32 15
33 18
33 19
34 2
34 4
35 30
35 34
36 12
36 26
37 24
37 34
38 11
38 12
39 11
39 17

# solution 56
# n=40 sym=rot4 status=verified source=flammenkamp_cache/n40_rot4
# code=oCHQSFGMQWX6S4Y48AWEOLV15Jd13LU9bJb3dAENRCGPT0a2K2U9Iac0KYc8IFP7TVZ5ZBX67DHNOBDMR
0 12
0 17
1 26
1 28
2 15
2 16
3 22
3 26
4 32
4 33
5 6
5 28
6 4
6 34
7 4
7 8
8 10
8 32
9 14
9 24
10 21
10 31
11 1
11 5
12 19
12 39
13 1
13 3
14 21
14 30
15 9
15 37
16 19
16 37
17 3
17 39
18 10
18 14
19 23
19 27
20 12
20 16
21 25
21 29
22 0
22 36
23 2
23 20
24 2
24 30
25 9
25 18
26 36
26 38
27 0
27 20
28 34
28 38
29 8
29 18
30 15
30 25
31 7
31 29
32 31
32 35
33 5
33 35
34 11
34 33
35 6
35 7
36 13
36 17
37 23
37 24
38 11
38 13
39 22
39 27

# solution 57
# n=40 sym=rot4 status=verified source=flammenkamp_cache/n40_rot4
# code=oEUJTFLAQEH6SUY8SGW061a57CR3IZdMbJVFZ2QNc1GDb4O8K2H04LaCRWY3cXd7NBV59BXMPDTIOAK9P
0 14
0 30
1 19
1 29
2 15
2 21
3 10
3 26
4 14
4 17
5 6
5 28
6 30
6 34
7 8
7 28
8 16
8 32
9 0
9 6
10 1
10 36
11 5
11 7
12 12
12 27
13 3
13 18
14 35
14 39
15 22
15 37
16 19
16 31
17 15
17 35
18 2
18 26
19 23
19 38
20 1
20 16
21 13
21 37
22 4
22 24
23 8
23 20
24 2
24 17
25 0
25 4
26 21
26 36
27 12
27 27
28 32
28 34
29 3
29 38
30 33
30 39
31 7
31 23
32 11
32 31
33 5
33 9
34 11
34 33
35 22
35 25
36 13
36 29
37 18
37 24
38 10
38 20
39 9
39 25

# solution 58
# n=40 sym=rot4 status=verified source=flammenkamp_cache/n40_rot4
# code=oRXNT9K49CaOV0DHI5Mab1SAO0ZIXEP5B1J8WQW2NGb7D7VKcSYEP6L4dFTBc23HYLMQd8F3RUZJUAG6C
0 27
0 33
1 23
1 29
2 9
2 20
3 4
3 9
4 12
4 36
5 24
5 31
6 0
6 13
7 17
7 18
8 5
8 22
9 36
9 37
10 1
10 28
11 10
11 24
12 0
12 35
13 18
13 33
14 14
14 25
15 5
15 11
16 1
16 19
17 8
17 32
18 26
18 32
19 2
19 23
20 16
20 37
21 7
21 13
22 7
22 31
23 20
23 38
24 28
24 34
25 14
25 25
26 6
26 21
27 4
27 39
28 15
28 29
29 11
29 38
30 2
30 3
31 17
31 34
32 21
32 22
33 26
33 39
34 8
34 15
35 3
35 27
36 30
36 35
37 19
37 30
38 10
38 16
39 6
39 12

# solution 59
# n=40 sym=rot4 status=verified source=flammenkamp_cache/n40_rot4
# code=oLOFJTUDHBV6PCYHN4S2E2C8ZTXIa5U0c7JWa0QNc1GDd37KW1d9Y3L6A4VRbPbBZGM5REX8SMQ9AKOFI
0 21
0 24
1 15
1 19
2 29
2 30
3 13
3 17
4 11
4 31
5 6
5 25
6 12
6 34
7 17
7 23
8 4
8 28
9 2
9 14
10 2
10 12
11 8
11 35
12 29
12 33
13 18
13 36
14 5
14 30
15 0
15 38
16 7
16 19
17 32
17 36
18 0
18 26
19 23
19 38
20 1
20 16
21 13
21 39
22 3
22 7
23 20
23 32
24 1
24 39
25 9
25 34
26 3
26 21
27 6
27 10
28 4
28 31
29 27
29 37
30 25
30 37
31 11
31 35
32 16
32 22
33 5
33 27
34 14
34 33
35 8
35 28
36 22
36 26
37 9
37 10
38 20
38 24
39 15
39 18

# solution 60
# n=40 sym=rot4 status=verified source=flammenkamp_cache/n40_rot4
# code=o7EFU5XJOPTHb2MVd7I1S4N9DCRIS4d3cAJ6YQVNa3G8D5XKT1a0ZBLCRQUGZBcLW08Hb2MAEFK6Y9OPW
0 7
0 14
1 15
1 30
2 5
2 33
3 19
3 24
4 25
4 29
5 17
5 37
6 2
6 22
7 31
7 39
8 7
8 18
9 1
9 28
10 4
10 23
11 9
11 13
12 12
12 27
13 18
13 28
14 4
14 39
15 3
15 38
16 10
16 19
17 6
17 34
18 26
18 31
19 23
19 36
20 3
20 16
21 8
21 13
22 5
22 33
23 20
23 29
24 1
24 36
25 0
25 35
26 11
26 21
27 12
27 27
28 26
28 30
29 16
29 35
30 11
30 38
31 21
31 32
32 0
32 8
33 17
33 37
34 2
34 22
35 10
35 14
36 15
36 20
37 6
37 34
38 9
38 24
39 25
39 32

# solution 61
# n=40 sym=rot4 status=verified source=flammenkamp_cache/n40_rot4
# code=oHJ6I9DOTPTOSWc69GMWb345ECRLb4S35JV8dDcNd0G1Q0V8KYaBZ2ICRPYZa27HNUX17BFAEAFQULXKM
0 17
0 19
1 6
1 18
2 9
2 13
3 24
3 29
4 25
4 29
5 24
5 28
6 32
6 38
7 6
7 9
8 16
8 22
9 32
9 37
10 3
10 4
11 5
11 14
12 12
12 27
13 21
13 37
14 4
14 28
15 3
15 5
16 19
16 31
17 8
17 39
18 13
18 38
19 23
19 39
20 0
20 16
21 1
21 26
22 0
22 31
23 8
23 20
24 34
24 36
25 11
25 35
26 2
26 18
27 12
27 27
28 25
28 34
29 35
29 36
30 2
30 7
31 17
31 23
32 30
32 33
33 1
33 7
34 11
34 15
35 10
35 14
36 10
36 15
37 26
37 30
38 21
38 33
39 20
39 22

# solution 62
# n=40 sym=rot4 status=verified source=flammenkamp_cache/n40_rot4
# code=o3REOMV9dEJ6MDY8N2WSaCF9I0TLXZc1T7J25DSNZ4GBQYbKWAc146IAdLUOR3B7bGV5QHXKP0U8HFPCa
0 3
0 27
1 14
1 24
2 22
2 31
3 9
3 39
4 14
4 19
5 6
5 22
6 13
6 34
7 8
7 23
8 2
8 32
9 28
9 36
10 12
10 15
11 9
11 18
12 0
12 29
13 21
13 33
14 35
14 38
15 1
15 29
16 7
16 19
17 2
17 5
18 13
18 28
19 23
19 35
20 4
20 16
21 11
21 26
22 34
22 37
23 20
23 32
24 10
24 38
25 1
25 4
26 6
26 18
27 10
27 39
28 21
28 30
29 24
29 27
30 3
30 11
31 7
31 37
32 16
32 31
33 5
33 26
34 17
34 33
35 20
35 25
36 0
36 30
37 8
37 17
38 15
38 25
39 12
39 36

# solution 63
# n=40 sym=rot4 status=verified source=flammenkamp_cache/n40_rot4
# code=oEMJM2bSVBDFX5A9L3GOWDX3ZEITZRd9YJV017RNc1GCWcd8K5U0C4ALP4a6Q7FNaIUTY6OQS8B2bHKHP
0 14
0 22
1 19
1 22
2 2
2 37
3 28
3 31
4 11
4 13
5 15
5 33
6 5
6 10
7 9
7 21
8 3
8 16
9 24
9 32
10 13
10 33
11 3
11 35
12 14
12 18
13 29
13 35
14 27
14 39
15 9
15 34
16 19
16 31
17 0
17 1
18 7
18 27
19 23
19 38
20 1
20 16
21 12
21 32
22 38
22 39
23 8
23 20
24 5
24 30
25 0
25 12
26 4
26 10
27 21
27 25
28 4
28 36
29 6
29 26
30 7
30 15
31 23
31 36
32 18
32 30
33 29
33 34
34 6
34 24
35 26
35 28
36 8
36 11
37 2
37 37
38 17
38 20
39 17
39 25

# solution 64
# n=40 sym=rot4 status=verified source=flammenkamp_cache/n40_rot4
# code=oLOBDOXTYCE3P2J89UW8W3DGcLZTc5Z02JSHM0CNX6GRdHMBKbd4Y1A4I1NQa7V79UVKbEaPR5A6FQSFI
0 21
0 24
1 11
1 13
2 24
2 33
3 29
3 34
4 12
4 14
5 3
5 25
6 2
6 19
7 8
7 9
8 30
8 32
9 8
9 32
10 3
10 13
11 16
11 38
12 21
12 35
13 29
13 38
14 5
14 35
15 0
15 2
16 19
16 28
17 17
17 22
18 0
18 12
19 23
19 33
20 6
20 16
21 27
21 39
22 17
22 22
23 11
23 20
24 37
24 39
25 4
25 34
26 1
26 10
27 4
27 18
28 1
28 23
29 26
29 36
30 7
30 31
31 7
31 9
32 30
32 31
33 20
33 37
34 14
34 36
35 25
35 27
36 5
36 10
37 6
37 15
38 26
38 28
39 15
39 18

# solution 65
# n=40 sym=rot4 status=verified source=flammenkamp_cache/n40_rot4
# code=oEJAMQV6LCDMNTaOR2U8S6c9I7Z2ZOd7E5J153SNd0GBaYcKYPW0F4b4WLU1XBV9bCF3AGHQRIX8DHTKP
0 14
0 19
1 10
1 22
2 26
2 31
3 6
3 21
4 12
4 13
5 22
5 23
6 29
6 36
7 24
7 27
8 2
8 30
9 8
9 28
10 6
10 38
11 9
11 18
12 7
12 35
13 2
13 35
14 24
14 39
15 7
15 14
16 5
16 19
17 1
17 5
18 3
18 28
19 23
19 39
20 0
20 16
21 11
21 36
22 34
22 38
23 20
23 34
24 25
24 32
25 0
25 15
26 4
26 37
27 4
27 32
28 21
28 30
29 1
29 33
30 11
30 31
31 9
31 37
32 12
32 15
33 3
33 10
34 16
34 17
35 26
35 27
36 18
36 33
37 8
37 13
38 17
38 29
39 20
39 25

# solution 66
# n=40 sym=rot4 status=verified source=flammenkamp_cache/n40_rot4
# code=oEFVWCL6NFU6HYa1Q1T4H8CJLTb7EQdZd3JUY2BNSBGSb59Ka040DPW2AIKRVMZAcDc35MX9OGXIR78OP
0 14
0 15
1 31
1 32
2 12
2 21
3 6
3 23
4 15
4 30
5 6
5 17
6 34
6 36
7 1
7 26
8 1
8 29
9 4
9 17
10 8
10 12
11 19
11 21
12 29
12 37
13 7
13 14
14 26
14 39
15 35
15 39
16 3
16 19
17 30
17 34
18 2
18 11
19 23
19 28
20 11
20 16
21 28
21 37
22 5
22 9
23 20
23 36
24 0
24 4
25 0
25 13
26 25
26 32
27 2
27 10
28 18
28 20
29 27
29 31
30 22
30 35
31 10
31 38
32 13
32 38
33 3
33 5
34 22
34 33
35 9
35 24
36 16
36 33
37 18
37 27
38 7
38 8
39 24
39 25

# solution 67
# n=40 sym=rot4 status=verified source=flammenkamp_cache/n40_rot4
# code=oEUIKNT8EFQ6VCYDU5a072CFLTX4WadSZ2JHMBc1NGc1SHMKb4B037Z6AIORbWd3Y9Q5R8XDOPVAGJL9P
0 14
0 30
1 18
1 20
2 23
2 29
3 8
3 14
4 15
4 26
5 6
5 31
6 12
6 34
7 13
7 30
8 5
8 36
9 0
9 7
10 2
10 12
11 15
11 21
12 29
12 33
13 4
13 32
14 36
14 39
15 28
15 35
16 2
16 19
17 17
17 22
18 11
18 38
19 1
19 23
20 16
20 38
21 1
21 28
22 17
22 22
23 20
23 37
24 4
24 11
25 0
25 3
26 7
26 35
27 6
27 10
28 18
28 24
29 27
29 37
30 32
30 39
31 3
31 34
32 9
32 26
33 5
33 27
34 8
34 33
35 13
35 24
36 25
36 31
37 10
37 16
38 19
38 21
39 9
39 25

# solution 68
# n=40 sym=rot4 status=verified source=flammenkamp_cache/n40_rot4
# code=oEQBHJWOUUY4IDV2E6R34CIMc8T0XWd3NFJBcTYNb2G5A1SKOGa076dAV1HLRZaCXPb8QLZ599F7KMSDP
0 14
0 26
1 11
1 17
2 19
2 32
3 24
3 30
4 30
4 34
5 4
5 18
6 13
6 31
7 2
7 14
8 6
8 27
9 3
9 4
10 12
10 18
11 22
11 38
12 8
12 29
13 0
13 33
14 32
14 39
15 3
15 23
16 15
16 19
17 11
17 38
18 29
18 34
19 23
19 37
20 2
20 16
21 5
21 10
22 1
22 28
23 20
23 24
24 16
24 36
25 0
25 7
26 6
26 39
27 10
27 31
28 1
28 17
29 21
29 27
30 35
30 36
31 12
31 33
32 25
32 37
33 8
33 26
34 21
34 35
35 5
35 9
36 9
36 15
37 7
37 20
38 22
38 28
39 13
39 25

# solution 69
# n=40 sym=rot4 status=verified source=flammenkamp_cache/n40_rot4
# code=o2HHQVdKQEFRS9VCE26LXIS5A5W13WZNZFJcd9T3NGaAU01KO4G47ac7YTYBL6IXbPR8UBCOPDJ08DMMb
0 2
0 17
1 17
1 26
2 31
2 39
3 20
3 26
4 14
4 15
5 27
5 28
6 9
6 31
7 12
7 14
8 2
8 6
9 21
9 33
10 18
10 28
11 5
11 10
12 5
12 32
13 1
13 3
14 32
14 35
15 23
15 35
16 15
16 19
17 38
17 39
18 9
18 29
19 3
19 23
20 16
20 36
21 10
21 30
22 0
22 1
23 20
23 24
24 4
24 16
25 4
25 7
26 36
26 38
27 7
27 34
28 29
28 34
29 11
29 21
30 6
30 18
31 33
31 37
32 25
32 27
33 8
33 30
34 11
34 12
35 24
35 25
36 13
36 19
37 0
37 8
38 13
38 22
39 22
39 37

# solution 70
# n=40 sym=rot4 status=verified source=flammenkamp_cache/n40_rot4
# code=o2HMQVdKQEFRS9VCE26LXIS5A5W13WZNZFJ1d9T3NGaAU0cKO4G47ac7YTYBL6IXbPR8UBCOPDJ08DHMb
0 2
0 17
1 22
1 26
2 31
2 39
3 20
3 26
4 14
4 15
5 27
5 28
6 9
6 31
7 12
7 14
8 2
8 6
9 21
9 33
10 18
10 28
11 5
11 10
12 5
12 32
13 1
13 3
14 32
14 35
15 23
15 35
16 15
16 19
17 1
17 39
18 9
18 29
19 3
19 23
20 16
20 36
21 10
21 30
22 0
22 38
23 20
23 24
24 4
24 16
25 4
25 7
26 36
26 38
27 7
27 34
28 29
28 34
29 11
29 21
30 6
30 18
31 33
31 37
32 25
32 27
33 8
33 30
34 11
34 12
35 24
35 25
36 13
36 19
37 0
37 8
38 13
38 17
39 22
39 37

# solution 71
# n=40 sym=rot4 status=verified source=flammenkamp_cache/n40_rot4
# code=oPbCD0JDRLMBW6X5HGOET9LFY3cac0U8SJV4W4ANb2GTZ7Z8KBV9d131a5OIUAPFNMY6X7SHICQKdQR2E
0 25
0 37
1 12
1 13
2 0
2 19
3 13
3 27
4 21
4 22
5 11
5 32
6 6
6 33
7 5
7 17
8 16
8 24
9 14
9 29
10 9
10 21
11 15
11 34
12 3
12 38
13 36
13 38
14 0
14 30
15 8
15 28
16 19
16 31
17 4
17 32
18 4
18 10
19 23
19 37
20 2
20 16
21 29
21 35
22 7
22 35
23 8
23 20
24 11
24 31
25 9
25 39
26 1
26 3
27 1
27 36
28 5
28 24
29 18
29 30
30 10
30 25
31 15
31 23
32 22
32 34
33 6
33 33
34 7
34 28
35 17
35 18
36 12
36 26
37 20
37 39
38 26
38 27
39 2
39 14

# solution 72
# n=40 sym=rot4 status=verified source=flammenkamp_cache/n40_rot4
# code=oLP7HBTCY6H3RUZDcOU682LGb5aPW0D8KJSZc0AFNGOTd14BKJVQd7E3Y2NIbVX9F1Q49CaMX5RASMWEI
0 21
0 25
1 7
1 17
2 11
2 29
3 12
3 34
4 6
4 17
5 3
5 27
6 30
6 35
7 13
7 38
8 24
8 30
9 6
9 8
10 2
10 21
11 16
11 37
12 5
12 36
13 25
13 32
14 0
14 13
15 8
15 20
16 19
16 28
17 35
17 38
18 0
18 10
19 15
19 23
20 16
20 24
21 29
21 39
22 1
22 4
23 11
23 20
24 19
24 31
25 26
25 39
26 7
26 14
27 3
27 34
28 2
28 23
29 18
29 37
30 31
30 33
31 9
31 15
32 1
32 26
33 4
33 9
34 12
34 36
35 22
35 33
36 5
36 27
37 10
37 28
38 22
38 32
39 14
39 18

# solution 73
# n=40 sym=rot4 status=verified source=flammenkamp_cache/n40_rot4
# code=oKMGRDE9IRTTX5W6FMQLa45EO148bSbBWJc089a0NGd3UVd1K7S2B2VZcFPYZ3IDHOX7Y6AACLUPQCNHJ
0 20
0 22
1 16
1 27
2 13
2 14
3 9
3 18
4 27
4 29
5 29
5 33
6 5
6 32
7 6
7 15
8 22
8 26
9 21
9 36
10 4
10 5
11 14
11 24
12 1
12 4
13 8
13 37
14 28
14 37
15 11
15 32
16 19
16 38
17 0
17 8
18 9
18 36
19 0
19 23
20 16
20 39
21 3
21 30
22 31
22 39
23 1
23 20
24 7
24 28
25 2
25 11
26 2
26 31
27 35
27 38
28 15
28 25
29 34
29 35
30 3
30 18
31 13
31 17
32 24
32 33
33 7
33 34
34 6
34 10
35 10
35 12
36 21
36 30
37 25
37 26
38 12
38 23
39 17
39 19

# solution 74
# n=40 sym=rot4 status=verified source=flammenkamp_cache/n40_rot4
# code=oHP6MCULV6F7QZcDY3C2LNSAJVb5W0OEZAJ1d39NSBGUa0cKT4PFd7Y28KTBGIbRa5Q14DWOX8I9RHXEM
0 17
0 25
1 6
1 22
2 12
2 30
3 21
3 31
4 6
4 15
5 7
5 26
6 35
6 38
7 13
7 34
8 3
8 12
9 2
9 21
10 23
10 28
11 10
11 19
12 31
12 37
13 5
13 32
14 0
14 24
15 14
15 35
16 10
16 19
17 1
17 39
18 3
18 9
19 23
19 28
20 11
20 16
21 30
21 36
22 0
22 38
23 20
23 29
24 4
24 25
25 15
25 39
26 7
26 34
27 2
27 8
28 20
28 29
29 11
29 16
30 18
30 37
31 27
31 36
32 5
32 26
33 1
33 4
34 13
34 32
35 24
35 33
36 8
36 18
37 9
37 27
38 17
38 33
39 14
39 22

# solution 75
# n=40 sym=rot4 status=verified source=flammenkamp_cache/n40_rot4
# code=oNSDJMYSTCD2T7CLXIMEO3503XZZcOU9E0J287VNc1G8WVbKdPU9F1446adYaFPHL6IRWAbQRAB5HKQBG
0 23
0 28
1 13
1 19
2 22
2 34
3 28
3 29
4 12
4 13
5 2
5 29
6 7
6 12
7 21
7 33
8 18
8 22
9 14
9 24
10 3
10 5
11 0
11 3
12 33
12 35
13 35
13 38
14 24
14 30
15 9
15 14
16 0
16 19
17 2
17 8
18 7
18 31
19 23
19 38
20 1
20 16
21 8
21 32
22 31
22 37
23 20
23 39
24 25
24 30
25 9
25 15
26 1
26 4
27 4
27 6
28 36
28 39
29 34
29 36
30 15
30 25
31 17
31 21
32 6
32 18
33 27
33 32
34 10
34 37
35 26
35 27
36 10
36 11
37 5
37 17
38 20
38 26
39 11
39 16

# solution 76
# n=40 sym=rot4 status=verified source=flammenkamp_cache/n40_rot4
# code=oNSDJMYSTCD2TCW6LIMEO3503XZZcOU9E0J287VNc1G8WVbKdPU9F1446adYaFPHLIX7RAbQRAB5HKQBG
0 23
0 28
1 13
1 19
2 22
2 34
3 28
3 29
4 12
4 13
5 2
5 29
6 12
6 32
7 6
7 21
8 18
8 22
9 14
9 24
10 3
10 5
11 0
11 3
12 33
12 35
13 35
13 38
14 24
14 30
15 9
15 14
16 0
16 19
17 2
17 8
18 7
18 31
19 23
19 38
20 1
20 16
21 8
21 32
22 31
22 37
23 20
23 39
24 25
24 30
25 9
25 15
26 1
26 4
27 4
27 6
28 36
28 39
29 34
29 36
30 15
30 25
31 17
31 21
32 18
32 33
33 7
33 27
34 10
34 37
35 26
35 27
36 10
36 11
37 5
37 17
38 20
38 26
39 11
39 16

# solution 77
# n=40 sym=rot4 status=verified source=flammenkamp_cache/n40_rot4
# code=oEORS9B6IVXDP4aQU4I7bNO1b1J7Y5d0AAJHMVaNRCG38HMKTTd0Y5WKc2cFG2WLZ9D3ZEQ68LXSUBCFP
0 14
0 24
1 27
1 28
2 9
2 11
3 6
3 18
4 31
4 33
5 13
5 25
6 4
6 36
7 26
7 30
8 4
8 18
9 7
9 37
10 23
10 24
11 1
11 37
12 1
12 19
13 7
13 34
14 5
14 39
15 0
15 10
16 10
16 19
17 17
17 22
18 31
18 36
19 23
19 27
20 12
20 16
21 3
21 8
22 17
22 22
23 20
23 29
24 29
24 39
25 0
25 34
26 5
26 32
27 20
27 38
28 2
28 38
29 15
29 16
30 2
30 32
31 21
31 35
32 9
32 13
33 3
33 35
34 14
34 26
35 6
35 8
36 21
36 33
37 28
37 30
38 11
38 12
39 15
39 25

# solution 78
# n=40 sym=rot4 status=verified source=flammenkamp_cache/n40_rot4
# code=o9IDRMUBT57AZNRFZHI2d3YFa16EcKQSW6J2VVdENGP088bKX7BDJ1PXc3O5a0bLM4OCG4TWYAS9HCQLU
0 9
0 18
1 13
1 27
2 22
2 30
3 11
3 29
4 5
4 7
5 10
5 35
6 23
6 27
7 15
7 35
8 17
8 18
9 2
9 39
10 3
10 34
11 15
11 36
12 1
12 6
13 14
13 38
14 20
14 26
15 28
15 32
16 6
16 19
17 2
17 31
18 31
18 39
19 14
19 23
20 16
20 25
21 0
21 8
22 8
22 37
23 20
23 33
24 7
24 11
25 13
25 19
26 1
26 25
27 33
27 38
28 3
28 24
29 5
29 36
30 0
30 37
31 21
31 22
32 4
32 24
33 12
33 16
34 4
34 29
35 32
35 34
36 10
36 28
37 9
37 17
38 12
38 26
39 21
39 30

# solution 79
# n=40 sym=rot4 status=verified source=flammenkamp_cache/n40_rot4
# code=oELFSQUBTJX6H4Y8OIW2E3N1aCR2HUd7cAJQY0VNZ4G8d5DKT1W09MbCR3cGaPb7LFV5ZMX6KAS9DBOIP
0 14
0 21
1 15
1 28
2 26
2 30
3 11
3 29
4 19
4 33
5 6
5 17
6 4
6 34
7 8
7 24
8 18
8 32
9 2
9 14
10 3
10 23
11 1
11 36
12 12
12 27
13 2
13 17
14 30
14 39
15 7
15 38
16 10
16 19
17 26
17 34
18 0
18 31
19 23
19 35
20 4
20 16
21 8
21 39
22 5
22 13
23 20
23 29
24 1
24 32
25 0
25 9
26 22
26 37
27 12
27 27
28 3
28 38
29 16
29 36
30 25
30 37
31 7
31 21
32 15
32 31
33 5
33 35
34 22
34 33
35 6
35 20
36 10
36 28
37 9
37 13
38 11
38 24
39 18
39 25

# solution 80
# n=40 sym=rot4 status=verified source=flammenkamp_cache/n40_rot4
# code=oFSIMCNBH8CWX5F59LZAWQU0aZbAJEPXd2J1a8cNQDG1V3cKb06EPKT243d9D7T4IUYOY67RVMSGRHLBO
0 15
0 28
1 18
1 22
2 12
2 23
3 11
3 17
4 8
4 12
5 32
5 33
6 5
6 15
7 5
7 9
8 21
8 35
9 10
9 32
10 26
10 30
11 0
11 36
12 35
12 37
13 10
13 19
14 14
14 25
15 33
15 39
16 2
16 19
17 1
17 36
18 8
18 38
19 23
19 26
20 13
20 16
21 1
21 31
22 3
22 38
23 20
23 37
24 0
24 6
25 14
25 25
26 20
26 29
27 2
27 4
28 3
28 39
29 9
29 13
30 7
30 29
31 4
31 18
32 30
32 34
33 24
33 34
34 6
34 7
35 27
35 31
36 22
36 28
37 16
37 27
38 17
38 21
39 11
39 24

# solution 81
# n=40 sym=rot4 status=verified source=flammenkamp_cache/n40_rot4
# code=oFSHQLTHVPV5YBFIU347C2G0XPU1K4CXdJTac2WDNGQ7b13AK06RZJc9E6dNbRWZa9LOS5Y8E8MAIDMBO
0 15
0 28
1 17
1 26
2 21
2 29
3 17
3 31
4 25
4 31
5 5
5 34
6 11
6 15
7 18
7 30
8 3
8 4
9 7
9 12
10 2
10 16
11 0
11 33
12 25
12 30
13 1
13 20
14 4
14 12
15 33
15 39
16 19
16 29
17 36
17 38
18 2
18 32
19 13
19 23
20 16
20 26
21 7
21 37
22 1
22 3
23 10
23 20
24 0
24 6
25 27
25 35
26 19
26 38
27 9
27 14
28 6
28 39
29 23
29 37
30 27
30 32
31 35
31 36
32 9
32 21
33 24
33 28
34 5
34 34
35 8
35 14
36 8
36 22
37 10
37 18
38 13
38 22
39 11
39 24

# solution 82
# n=40 sym=rot4 status=verified source=flammenkamp_cache/n40_rot4
# code=oIU8PRZJO2TCOBEIUGc074DMX2YHT1X35JVBQWdNa3G07DS8KYa6cAM5b6HQZWd1N9LPSFRAbFK4CEV9L
0 18
0 30
1 8
1 25
2 27
2 35
3 19
3 24
4 2
4 29
5 12
5 24
6 11
6 14
7 18
7 30
8 16
8 38
9 0
9 7
10 4
10 13
11 22
11 33
12 2
12 34
13 17
13 29
14 1
14 33
15 3
15 5
16 19
16 31
17 11
17 26
18 32
18 39
19 23
19 36
20 3
20 16
21 0
21 7
22 13
22 28
23 8
23 20
24 34
24 36
25 6
25 38
26 10
26 22
27 5
27 37
28 6
28 17
29 26
29 35
30 32
30 39
31 1
31 23
32 9
32 21
33 25
33 28
34 15
34 27
35 10
35 37
36 15
36 20
37 4
37 12
38 14
38 31
39 9
39 21

# solution 83
# n=40 sym=rot4 status=verified source=flammenkamp_cache/n40_rot4
# code=oHPBCEL9R5ADZUW6LFN6aJZDc3cSY0bHV8JOd27NTAGWb0FKV8M2d5B1a1Q4K3XGOIX794QTYCUIPRSEM
0 17
0 25
1 11
1 12
2 14
2 21
3 9
3 27
4 5
4 10
5 13
5 35
6 30
6 32
7 6
7 21
8 15
8 23
9 6
9 36
10 19
10 35
11 13
11 38
12 3
12 38
13 28
13 34
14 0
14 37
15 17
15 31
16 8
16 19
17 24
17 39
18 2
18 7
19 23
19 29
20 10
20 16
21 32
21 37
22 0
22 15
23 20
23 31
24 8
24 22
25 2
25 39
26 5
26 11
27 1
27 36
28 1
28 26
29 4
29 20
30 3
30 33
31 16
31 24
32 18
32 33
33 7
33 9
34 4
34 26
35 29
35 34
36 12
36 30
37 18
37 25
38 27
38 28
39 14
39 22

# solution 84
# n=40 sym=rot4 status=verified source=flammenkamp_cache/n40_rot4
# code=oFUCQLR588KEaPQALZa0HSWAN2c166YHdBJOU274NGZWb9FKS0M5XXc1bGT7BMd34ITDE3PJVVYCIDR9O
0 15
0 30
1 12
1 26
2 21
2 27
3 5
3 8
4 8
4 20
5 14
5 36
6 25
6 26
7 10
7 21
8 35
8 36
9 0
9 17
10 28
10 32
11 10
11 23
12 2
12 38
13 1
13 6
14 6
14 34
15 17
15 39
16 11
16 19
17 24
17 30
18 2
18 7
19 4
19 23
20 16
20 35
21 32
21 37
22 9
22 15
23 20
23 28
24 0
24 22
25 5
25 33
26 33
26 38
27 1
27 37
28 16
28 29
29 7
29 11
30 22
30 39
31 3
31 4
32 18
32 29
33 13
33 14
34 3
34 25
35 19
35 31
36 31
36 34
37 12
37 18
38 13
38 27
39 9
39 24

# solution 85
# n=40 sym=rot4 status=verified source=flammenkamp_cache/n40_rot4
# code=oLMQUCOJV67AECZLZ3O1NEYDHXb1STY289J0S07Na3GWdBdKUVb5ABc26MQ5PGcFa4I4RPTWX8KFR9DHI
0 21
0 22
1 26
1 30
2 12
2 24
3 19
3 31
4 6
4 7
5 10
5 14
6 12
6 35
7 21
7 35
8 3
8 24
9 1
9 23
10 14
10 34
11 13
11 17
12 33
12 37
13 1
13 28
14 29
14 34
15 2
15 8
16 9
16 19
17 0
17 28
18 0
18 7
19 23
19 36
20 3
20 16
21 32
21 39
22 11
22 39
23 20
23 30
24 31
24 37
25 5
25 10
26 11
26 38
27 2
27 6
28 22
28 26
29 5
29 25
30 16
30 38
31 15
31 36
32 4
32 18
33 4
33 27
34 25
34 29
35 32
35 33
36 8
36 20
37 15
37 27
38 9
38 13
39 17
39 18

# solution 86
# n=40 sym=rot4 status=verified source=flammenkamp_cache/n40_rot4
# code=oLMQUCOJV6WAECZ4L3O1NEYDHXb1STY289J0S07Na3GWdBdKUVb5ABc26MQ5PGcFaIZ4RPT7X8KFR9DHI
0 21
0 22
1 26
1 30
2 12
2 24
3 19
3 31
4 6
4 32
5 10
5 14
6 12
6 35
7 4
7 21
8 3
8 24
9 1
9 23
10 14
10 34
11 13
11 17
12 33
12 37
13 1
13 28
14 29
14 34
15 2
15 8
16 9
16 19
17 0
17 28
18 0
18 7
19 23
19 36
20 3
20 16
21 32
21 39
22 11
22 39
23 20
23 30
24 31
24 37
25 5
25 10
26 11
26 38
27 2
27 6
28 22
28 26
29 5
29 25
30 16
30 38
31 15
31 36
32 18
32 35
33 4
33 27
34 25
34 29
35 7
35 33
36 8
36 20
37 15
37 27
38 9
38 13
39 17
39 18

# solution 87
# n=40 sym=rot4 status=verified source=flammenkamp_cache/n40_rot4
# code=oLMQUCOJV67ETCZLZ3O1N5EDHXb1STY289J0S07Na3GWdBdKUVb5ABc26MQPYGcFa4I4RAPWX8KFR9DHI
0 21
0 22
1 26
1 30
2 12
2 24
3 19
3 31
4 6
4 7
5 14
5 29
6 12
6 35
7 21
7 35
8 3
8 24
9 1
9 23
10 5
10 14
11 13
11 17
12 33
12 37
13 1
13 28
14 29
14 34
15 2
15 8
16 9
16 19
17 0
17 28
18 0
18 7
19 23
19 36
20 3
20 16
21 32
21 39
22 11
22 39
23 20
23 30
24 31
24 37
25 5
25 10
26 11
26 38
27 2
27 6
28 22
28 26
29 25
29 34
30 16
30 38
31 15
31 36
32 4
32 18
33 4
33 27
34 10
34 25
35 32
35 33
36 8
36 20
37 15
37 27
38 9
38 13
39 17
39 18

# solution 88
# n=40 sym=rot4 status=verified source=flammenkamp_cache/n40_rot4
# code=oCMPUCKHP9O6IIYSV7T1Z8F7DbdGS134TJQ0aXY2NGb563dDKAZacBN02QWOV4cAW8B5LLXFUEMJR9EHR
0 12
0 22
1 25
1 30
2 12
2 20
3 17
3 25
4 9
4 24
5 6
5 18
6 18
6 34
7 28
7 31
8 7
8 29
9 1
9 35
10 8
10 15
11 7
11 13
12 37
12 39
13 16
13 28
14 1
14 3
15 4
15 29
16 19
16 26
17 0
17 36
18 33
18 34
19 2
19 23
20 16
20 37
21 5
21 6
22 3
22 39
23 13
23 20
24 10
24 35
25 36
25 38
26 11
26 23
27 0
27 2
28 26
28 32
29 24
29 31
30 4
30 38
31 10
31 32
32 8
32 11
33 5
33 21
34 21
34 33
35 15
35 30
36 14
36 22
37 19
37 27
38 9
38 14
39 17
39 27

# solution 89
# n=40 sym=rot4 status=verified source=flammenkamp_cache/n40_rot4
# code=oGOKT7R9AIPEH8I9bDXWa1aFH2DRV4Y0SJdSYXZ1NGc465B0KBd5Z8CQbMO3c376Q2ULVMPELTUCWAJFN
0 16
0 24
1 20
1 29
2 7
2 27
3 9
3 10
4 18
4 25
5 14
5 17
6 8
6 18
7 9
7 37
8 13
8 33
9 32
9 36
10 1
10 36
11 15
11 17
12 2
12 13
13 27
13 31
14 4
14 34
15 0
15 28
16 19
16 39
17 28
17 34
18 33
18 35
19 1
19 23
20 16
20 38
21 4
21 6
22 5
22 11
23 0
23 20
24 11
24 39
25 5
25 35
26 8
26 12
27 26
27 37
28 22
28 24
29 3
29 38
30 3
30 7
31 6
31 26
32 2
32 30
33 21
33 31
34 22
34 25
35 14
35 21
36 29
36 30
37 12
37 32
38 10
38 19
39 15
39 23

# solution 90
# n=40 sym=rot4 status=verified source=flammenkamp_cache/n40_rot4
# code=oBTLOFPCK7U9CIPQZHQ4Y0SAdYa78261bJMGV1X3NGa6c8NHK2cXbVW350TBd5ZDM4DELRU9WJREOFIAS
0 11
0 29
1 21
1 24
2 15
2 25
3 12
3 20
4 7
4 30
5 9
5 12
6 18
6 25
7 26
7 35
8 17
8 26
9 4
9 34
10 0
10 28
11 10
11 39
12 34
12 36
13 7
13 8
14 2
14 6
15 1
15 37
16 19
16 22
17 16
17 31
18 1
18 33
19 3
19 23
20 16
20 36
21 6
21 38
22 8
22 23
23 17
23 20
24 2
24 38
25 33
25 37
26 31
26 32
27 3
27 5
28 0
28 29
29 11
29 39
30 5
30 35
31 13
31 22
32 4
32 13
33 14
33 21
34 27
34 30
35 9
35 32
36 19
36 27
37 14
37 24
38 15
38 18
39 10
39 28

# solution 91
# n=40 sym=rot4 status=verified source=flammenkamp_cache/n40_rot4
# code=oCIHJ9T8QTY4OIQFUHa7b24PRBd36BN5WEJVcXdNc1G0618KP7YGSXa0SCEZb2W3M9ODLFZ5ADVAUKMLR
0 12
0 18
1 17
1 19
2 9
2 29
3 8
3 26
4 29
4 34
5 4
5 24
6 18
6 26
7 15
7 30
8 17
8 36
9 7
9 37
10 2
10 4
11 25
11 27
12 11
12 39
13 3
13 6
14 11
14 23
15 5
15 32
16 14
16 19
17 31
17 38
18 33
18 39
19 23
19 38
20 1
20 16
21 0
21 6
22 1
22 8
23 20
23 25
24 7
24 34
25 16
25 28
26 33
26 36
27 0
27 28
28 12
28 14
29 35
29 37
30 2
30 32
31 3
31 22
32 9
32 24
33 13
33 21
34 15
34 35
35 5
35 10
36 13
36 31
37 10
37 30
38 20
38 22
39 21
39 27

# solution 92
# n=40 sym=rot4 status=verified source=flammenkamp_cache/n40_rot4
# code=o9KNPTV3aIOAIEFMU2D7d2YCMQSCV1X4X1J7BYZ0NGd45SWKc6Z6c8RBDHR5b0WQb9HOPLTFL3a8AEGJU
0 9
0 20
1 23
1 25
2 29
2 31
3 3
3 36
4 18
4 24
5 10
5 18
6 14
6 15
7 22
7 30
8 2
8 13
9 7
9 39
10 2
10 34
11 12
11 22
12 26
12 28
13 12
13 31
14 1
14 33
15 4
15 33
16 1
16 19
17 7
17 11
18 34
18 35
19 0
19 23
20 16
20 39
21 4
21 5
22 28
22 32
23 20
23 38
24 6
24 35
25 6
25 38
26 8
26 27
27 11
27 13
28 17
28 27
29 5
29 37
30 0
30 32
31 26
31 37
32 9
32 17
33 24
33 25
34 21
34 29
35 15
35 21
36 3
36 36
37 8
37 10
38 14
38 16
39 19
39 30

# solution 93
# n=40 sym=rot4 status=verified source=flammenkamp_cache/n40_rot4
# code=oFLAGKPST9QIMCVUV677Z3c3OQX4C2HBdJc5P0Y2NGb5dEY1K0SMbRZ6DFa1a4WWX898RHLDUABEJNTIO
0 15
0 21
1 10
1 16
2 20
2 25
3 28
3 29
4 9
4 26
5 18
5 22
6 12
6 31
7 30
7 31
8 6
8 7
9 7
9 35
10 3
10 38
11 3
11 24
12 26
12 33
13 4
13 12
14 2
14 17
15 11
15 39
16 19
16 38
17 5
17 25
18 0
18 34
19 2
19 23
20 16
20 37
21 5
21 39
22 14
22 34
23 1
23 20
24 0
24 28
25 22
25 37
26 27
26 35
27 6
27 13
28 15
28 36
29 1
29 36
30 4
30 32
31 32
31 33
32 8
32 9
33 8
33 27
34 17
34 21
35 13
35 30
36 10
36 11
37 14
37 19
38 23
38 29
39 18
39 24

# solution 94
# n=40 sym=rot4 status=verified source=flammenkamp_cache/n40_rot4
# code=oGLAP7JHQ5BLZ8RObCXAOUcQZ6V3B1M79JdEa05Nb2GYd3P0KUWHcSa8X4D19FT6R2FCV4ISYDMKWETIN
0 16
0 21
1 10
1 25
2 7
2 19
3 17
3 26
4 5
4 11
5 21
5 35
6 8
6 27
7 24
7 37
8 12
8 33
9 10
9 24
10 30
10 38
11 26
11 35
12 6
12 31
13 3
13 11
14 1
14 22
15 7
15 9
16 19
16 39
17 14
17 36
18 0
18 5
19 23
19 37
20 2
20 16
21 34
21 39
22 3
22 25
23 0
23 20
24 30
24 32
25 17
25 38
26 28
26 36
27 8
27 33
28 4
28 13
29 1
29 9
30 15
30 29
31 6
31 27
32 2
32 15
33 12
33 31
34 4
34 18
35 28
35 34
36 13
36 22
37 20
37 32
38 14
38 29
39 18
39 23

# solution 95
# n=40 sym=rot4 status=verified source=flammenkamp_cache/n40_rot4
# code=oGHLQCS8I6P7CHZ8YWaAOFU2PYb1K4B9TJdXd1aDNGQ3c060KAUSZJc25Eb9OFT375V4MRWEXLVBRDIMN
0 16
0 17
1 21
1 26
2 12
2 28
3 8
3 18
4 6
4 25
5 7
5 12
6 17
6 35
7 8
7 34
8 32
8 36
9 10
9 24
10 15
10 30
11 2
11 25
12 34
12 37
13 1
13 20
14 4
14 11
15 9
15 29
16 19
16 39
17 33
17 39
18 1
18 36
19 13
19 23
20 16
20 26
21 3
21 38
22 0
22 6
23 0
23 20
24 10
24 30
25 28
25 35
26 19
26 38
27 2
27 5
28 14
28 37
29 9
29 24
30 15
30 29
31 3
31 7
32 5
32 31
33 4
33 22
34 27
34 32
35 14
35 33
36 21
36 31
37 11
37 27
38 13
38 18
39 22
39 23

# solution 96
# n=40 sym=rot4 status=verified source=flammenkamp_cache/n40_rot4
# code=oIMOP9DAITXOX45QRGHPb4aKR7B7b1915JV0VadBNGS038d8KYcUc2WSWCJ3Z2EMNCDYZ6F6ALTQUEFHL
0 18
0 22
1 24
1 25
2 9
2 13
3 10
3 18
4 29
4 33
5 24
5 33
6 4
6 5
7 26
7 27
8 16
8 17
9 25
9 37
10 4
10 36
11 20
11 27
12 7
12 11
13 7
13 37
14 1
14 9
15 1
15 5
16 19
16 31
17 0
17 31
18 36
18 39
19 11
19 23
20 16
20 28
21 0
21 3
22 8
22 39
23 8
23 20
24 34
24 38
25 30
25 38
26 2
26 32
27 28
27 32
28 12
28 19
29 3
29 35
30 2
30 14
31 22
31 23
32 12
32 13
33 34
33 35
34 6
34 15
35 6
35 10
36 21
36 29
37 26
37 30
38 14
38 15
39 17
39 21

# solution 97
# n=40 sym=rot4 status=verified source=flammenkamp_cache/n40_rot4
# code=oLOCSEGLY9D37DTKYMOTZ691CScXZHb08Jb8P037NGWadEV2KVd2M461BRcUX4AFH5JAQWaQU5INPBRFI
0 21
0 24
1 12
1 28
2 14
2 16
3 21
3 34
4 9
4 13
5 3
5 7
6 13
6 29
7 20
7 34
8 22
8 24
9 29
9 35
10 6
10 9
11 1
11 12
12 28
12 38
13 33
13 35
14 17
14 37
15 0
15 8
16 19
16 37
17 8
17 25
18 0
18 3
19 7
19 23
20 16
20 32
21 36
21 39
22 14
22 31
23 2
23 20
24 31
24 39
25 2
25 22
26 4
26 6
27 1
27 11
28 27
28 38
29 30
29 33
30 4
30 10
31 15
31 17
32 5
32 19
33 10
33 26
34 32
34 36
35 26
35 30
36 5
36 18
37 23
37 25
38 11
38 27
39 15
39 18

# solution 98
# n=40 sym=rot4 status=verified source=flammenkamp_cache/n40_rot4
# code=oHLCSUV6LDPAJAa8O2W2MXY1CScOZ4G7DJP9d03NY5Gad0UEKQWNZ4F1BRc56Hb7bFV3TKTEQIX89BRIM
0 17
0 21
1 12
1 28
2 30
2 31
3 6
3 21
4 13
4 25
5 10
5 19
6 10
6 36
7 8
7 24
8 2
8 32
9 2
9 22
10 33
10 34
11 1
11 12
12 28
12 38
13 24
13 35
14 4
14 16
15 7
15 13
16 19
16 25
17 9
17 39
18 0
18 3
19 23
19 34
20 5
20 16
21 36
21 39
22 0
22 30
23 14
23 20
24 26
24 32
25 23
25 35
26 4
26 15
27 1
27 11
28 27
28 38
29 5
29 6
30 17
30 37
31 7
31 37
32 15
32 31
33 3
33 29
34 20
34 29
35 14
35 26
36 18
36 33
37 8
37 9
38 11
38 27
39 18
39 22

# solution 99
# n=40 sym=rot4 status=verified source=flammenkamp_cache/n40_rot4
# code=oOS6IEISTNP7J7cXYAFCM3V03QUCM4b0V4J9DbcNY5G12QUKZ8d2ZHR9Dad8aHROT561WKWEGABLPLXBF
0 24
0 28
1 6
1 18
2 14
2 18
3 28
3 29
4 23
4 25
5 7
5 19
6 7
6 38
7 33
7 34
8 10
8 15
9 12
9 22
10 3
10 31
11 0
11 3
12 26
12 30
13 12
13 22
14 4
14 37
15 0
15 31
16 4
16 19
17 9
17 13
18 37
18 38
19 23
19 34
20 5
20 16
21 1
21 2
22 26
22 30
23 20
23 35
24 8
24 39
25 2
25 35
26 17
26 27
27 9
27 13
28 36
28 39
29 8
29 36
30 17
30 27
31 24
31 29
32 5
32 6
33 1
33 32
34 20
34 32
35 14
35 16
36 10
36 11
37 21
37 25
38 21
38 33
39 11
39 15

# solution 100
# n=40 sym=rot4 status=verified source=flammenkamp_cache/n40_rot4
# code=oCIEQIMKY9V3FCW6O4MTZ9GPQXd1BBc7YJT28bd3NGa02VbAK5W1SSc06DENU4AHZFX7ROa8U5JHLDPLR
0 12
0 18
1 14
1 26
2 18
2 22
3 20
3 34
4 9
4 31
5 3
5 15
6 12
6 32
7 6
7 24
8 4
8 22
9 29
9 35
10 9
10 16
11 25
11 26
12 33
12 39
13 1
13 11
14 11
14 38
15 7
15 34
16 19
16 29
17 2
17 8
18 37
18 39
19 3
19 23
20 16
20 36
21 0
21 2
22 31
22 37
23 10
23 20
24 5
24 32
25 1
25 28
26 28
26 38
27 0
27 6
28 13
28 14
29 23
29 30
30 4
30 10
31 17
31 35
32 15
32 33
33 7
33 27
34 24
34 36
35 8
35 30
36 5
36 19
37 17
37 21
38 13
38 25
39 21
39 27

# solution 101
# n=40 sym=rot4 status=verified source=flammenkamp_cache/n40_rot4
# code=oHXHLDL8R6E8O0ZPUYa7AGUJO3DRb7Z5BJTcd12NSBGbc01AKSY4W2CQaFK9NTW359E4dFVPXCVIQIM6M
0 17
0 33
1 17
1 21
2 13
2 21
3 8
3 27
4 6
4 14
5 8
5 24
6 0
6 35
7 25
7 30
8 34
8 36
9 7
9 10
10 16
10 30
11 19
11 24
12 3
12 13
13 27
13 37
14 7
14 35
15 5
15 11
16 19
16 29
17 38
17 39
18 1
18 2
19 23
19 28
20 11
20 16
21 37
21 38
22 0
22 1
23 10
23 20
24 28
24 34
25 4
25 32
26 2
26 12
27 26
27 36
28 15
28 20
29 9
29 23
30 29
30 32
31 3
31 5
32 9
32 14
33 4
33 39
34 15
34 31
35 25
35 33
36 12
36 31
37 18
37 26
38 18
38 22
39 6
39 22

# solution 102
# n=40 sym=rot4 status=verified source=flammenkamp_cache/n40_rot4
# code=oIRCIOVSY9D37AGKY2MEZDX3M0cTZOU2EJX8Bcd7NGW01SV6KPb9F4A1dHa6Q4PHb5JNTWaQU5B8FLRCL
0 18
0 27
1 12
1 18
2 24
2 31
3 28
3 34
4 9
4 13
5 3
5 7
6 10
6 16
7 20
7 34
8 2
8 22
9 14
9 35
10 13
10 33
11 3
11 22
12 0
12 38
13 29
13 35
14 24
14 30
15 2
15 14
16 19
16 33
17 8
17 11
18 38
18 39
19 7
19 23
20 16
20 32
21 0
21 1
22 28
22 31
23 6
23 20
24 25
24 37
25 9
25 15
26 4
26 10
27 1
27 39
28 17
28 36
29 6
29 26
30 4
30 25
31 17
31 37
32 5
32 19
33 23
33 29
34 32
34 36
35 26
35 30
36 5
36 11
37 8
37 15
38 21
38 27
39 12
39 21

# solution 103
# n=40 sym=rot4 status=verified source=flammenkamp_cache/n40_rot4
# code=oALEQ4CKWRb8BQW36BYLMFdVY4b16GcKTHP9N093FOaUdGUEMAJ1NXc2Z580OHI5SXa7DSV2C7JRZDPIT
0 10
0 21
1 14
1 26
2 4
2 12
3 20
3 32
4 27
4 37
5 8
5 11
6 26
6 32
7 3
7 6
8 11
8 34
9 21
9 22
10 15
10 39
11 31
11 34
12 4
12 37
13 1
13 6
14 16
14 38
15 20
15 29
16 17
16 25
17 9
17 23
18 0
18 9
19 3
19 15
20 24
20 36
21 30
21 39
22 16
22 30
23 14
23 22
24 10
24 19
25 1
25 23
26 33
26 38
27 2
27 35
28 5
28 8
29 0
29 24
30 17
30 18
31 5
31 28
32 33
32 36
33 7
33 13
34 28
34 31
35 2
35 12
36 7
36 19
37 27
37 35
38 13
38 25
39 18
39 29

# solution 104
# n=40 sym=rot4 status=verified source=flammenkamp_cache/n40_rot4
# code=oKLAH4PPQBb6F8YLTSXGQ7c8ZCR3923KYHUNc070FOdWd1G9M5JabUaCR4V1WDN6BAI5VOX2SDEEZMTIJ
0 20
0 21
1 10
1 17
2 4
2 25
3 25
3 26
4 11
4 37
5 6
5 15
6 8
6 34
7 21
7 29
8 28
8 33
9 16
9 26
10 7
10 38
11 8
11 35
12 12
12 27
13 3
13 9
14 2
14 3
15 20
15 34
16 17
16 30
17 23
17 38
18 0
18 7
19 0
19 15
20 24
20 39
21 32
21 39
22 1
22 16
23 9
23 22
24 5
24 19
25 36
25 37
26 30
26 36
27 12
27 27
28 4
28 31
29 1
29 32
30 13
30 23
31 6
31 11
32 10
32 18
33 5
33 31
34 24
34 33
35 2
35 28
36 13
36 14
37 14
37 35
38 22
38 29
39 18
39 19

# solution 105
# n=40 sym=rot4 status=verified source=flammenkamp_cache/n40_rot4
# code=o27AMPdILDPSVHKRd5CASUc597VNZ24GJDO1X3a6OFX3a6cFQKNZb4G8WUY19BTRY0CJM8BEQIL0EHTWb
0 2
0 7
1 10
1 22
2 25
2 39
3 18
3 21
4 13
4 25
5 28
5 31
6 17
6 20
7 27
7 39
8 5
8 12
9 10
9 28
10 30
10 38
11 5
11 9
12 7
12 31
13 23
13 35
14 2
14 4
15 16
15 19
16 13
16 24
17 1
17 33
18 3
18 36
19 6
19 24
20 15
20 33
21 3
21 36
22 6
22 38
23 15
23 26
24 20
24 23
25 35
25 37
26 4
26 16
27 8
27 32
28 30
28 34
29 1
29 9
30 11
30 29
31 27
31 34
32 0
32 12
33 19
33 22
34 8
34 11
35 14
35 26
36 18
36 21
37 0
37 14
38 17
38 29
39 32
39 37

# solution 106
# n=40 sym=rot4 status=verified source=flammenkamp_cache/n40_rot4
# code=oHIDPLPMXAS7B37XYAQKNVZ4YCR8c12GJ9O3d2d9OFU0b0aFUKNbc1VCR5Z48GJDT56WaSWBT6HEIEQLM
0 17
0 18
1 13
1 25
2 21
2 25
3 22
3 33
4 10
4 28
5 7
5 11
6 3
6 7
7 33
7 34
8 10
8 26
9 20
9 23
10 31
10 35
11 4
11 34
12 12
12 27
13 8
13 38
14 1
14 2
15 16
15 19
16 9
16 24
17 3
17 39
18 2
18 39
19 9
19 24
20 15
20 30
21 0
21 37
22 0
22 36
23 15
23 30
24 20
24 23
25 37
25 38
26 1
26 31
27 12
27 27
28 5
28 35
29 4
29 8
30 16
30 19
31 13
31 29
32 5
32 6
33 32
33 36
34 28
34 32
35 11
35 29
36 6
36 17
37 14
37 18
38 14
38 26
39 21
39 22

# solution 107
# n=40 sym=rot4 status=verified source=flammenkamp_cache/n40_rot4
# code=oEIKNDRAZ3IHVCQ8A5WMSWa9F2X6bGdJS1P9YZd1OFc045UEcBK0N2X6bOU37BH7YTVDR8MLa4TCQGJLP
0 14
0 18
1 20
1 23
2 13
2 27
3 10
3 35
4 3
4 18
5 17
5 31
6 12
6 26
7 8
7 10
8 5
8 32
9 22
9 28
10 32
10 36
11 9
11 15
12 2
12 33
13 6
13 37
14 16
14 39
15 19
15 28
16 1
16 25
17 9
17 34
18 35
18 39
19 1
19 24
20 15
20 38
21 0
21 4
22 5
22 30
23 14
23 38
24 11
24 20
25 0
25 23
26 2
26 33
27 6
27 37
28 24
28 30
29 3
29 7
30 11
30 17
31 7
31 34
32 29
32 31
33 13
33 27
34 8
34 22
35 21
35 36
36 4
36 29
37 12
37 26
38 16
38 19
39 21
39 25

# solution 108
# n=40 sym=rot4 status=verified source=flammenkamp_cache/n40_rot4
# code=oNO9TMQJXWY4B3C4PAIHc1VIYQX2C7N0J0E2USVOa3F8B9bPdKdGWRb6D5L8c1MLTEZRaSZ576KDHAUFG
0 23
0 24
1 9
1 29
2 22
2 26
3 19
3 33
4 32
4 34
5 4
5 11
6 3
6 12
7 4
7 25
8 10
8 18
9 17
9 38
10 1
10 31
11 18
11 34
12 26
12 33
13 2
13 12
14 7
14 23
15 0
15 19
16 0
16 14
17 2
17 30
18 28
18 31
19 24
19 36
20 3
20 15
21 8
21 11
22 9
22 37
23 25
23 39
24 20
24 39
25 16
25 32
26 27
26 37
27 6
27 13
28 5
28 21
29 8
29 38
30 1
30 22
31 21
31 29
32 14
32 35
33 27
33 36
34 28
34 35
35 5
35 7
36 6
36 20
37 13
37 17
38 10
38 30
39 15
39 16

# solution 109
# n=40 sym=rot4 status=verified source=flammenkamp_cache/n40_rot4
# code=oLRKW5HQTFVSb7L1X4AEH3V5C0S3NNUJZDEUb061OFcXd29PQ4K9GGaBdRY8aMPTZ6cIW2B8OADMY7JCI
0 21
0 27
1 20
1 32
2 5
2 17
3 26
3 29
4 15
4 31
5 28
5 37
6 7
6 21
7 1
7 33
8 4
8 10
9 14
9 17
10 3
10 31
11 5
11 12
12 0
12 28
13 3
13 23
14 23
14 30
15 19
15 35
16 13
16 14
17 30
17 37
18 0
18 6
19 1
19 24
20 15
20 38
21 33
21 39
22 2
22 9
23 25
23 26
24 4
24 20
25 9
25 16
26 16
26 36
27 11
27 39
28 27
28 34
29 8
29 36
30 22
30 25
31 29
31 35
32 6
32 38
33 18
33 32
34 2
34 11
35 8
35 24
36 10
36 13
37 22
37 34
38 7
38 19
39 12
39 18

# solution 110
# n=40 sym=rot4 status=verified source=flammenkamp_cache/n40_rot4
# code=oJS8GIPTZ3O78CRMYYcEI3B0T6XGM2U4JQc7DUbOd0F29QW1DKZ9bHN6XAdSaLP155HCRVWFa4AELNVBK
0 19
0 28
1 8
1 16
2 18
2 25
3 29
3 35
4 3
4 24
5 7
5 8
6 12
6 27
7 22
7 34
8 34
8 38
9 14
9 18
10 3
10 11
11 0
11 29
12 6
12 33
13 16
13 22
14 2
14 30
15 4
15 19
16 26
16 38
17 7
17 13
18 30
18 37
19 24
19 39
20 0
20 15
21 2
21 9
22 26
22 32
23 1
23 13
24 20
24 35
25 9
25 37
26 17
26 23
27 6
27 33
28 10
28 39
29 28
29 36
30 21
30 25
31 1
31 5
32 5
32 17
33 12
33 27
34 31
34 32
35 15
35 36
36 4
36 10
37 14
37 21
38 23
38 31
39 11
39 20

# solution 111
# n=40 sym=rot4 status=verified source=flammenkamp_cache/n40_rot4
# code=oKS8GIPTZ3O78CRMYYcEI3B0T6XGM2U4JQc7DUb0OFd29QW1DKZ9bHN6XAdSaLP155HCRVWFa4AELNVBJ
0 20
0 28
1 8
1 16
2 18
2 25
3 29
3 35
4 3
4 24
5 7
5 8
6 12
6 27
7 22
7 34
8 34
8 38
9 14
9 18
10 3
10 11
11 0
11 29
12 6
12 33
13 16
13 22
14 2
14 30
15 4
15 19
16 26
16 38
17 7
17 13
18 30
18 37
19 0
19 24
20 15
20 39
21 2
21 9
22 26
22 32
23 1
23 13
24 20
24 35
25 9
25 37
26 17
26 23
27 6
27 33
28 10
28 39
29 28
29 36
30 21
30 25
31 1
31 5
32 5
32 17
33 12
33 27
34 31
34 32
35 15
35 36
36 4
36 10
37 14
37 21
38 23
38 31
39 11
39 19

# solution 112
# n=40 sym=rot4 status=verified source=flammenkamp_cache/n40_rot4
# code=oPR8KIM7EDT5Y9ROaAcHX4VGL06NZ0a7JDS2UBb1OFc2S9bBQKW3d4GXdIN8Z6M1T3FCU5YAQPWHLJVCE
0 25
0 27
1 8
1 20
2 18
2 22
3 7
3 14
4 13
4 29
5 5
5 34
6 9
6 27
7 24
7 36
8 10
8 38
9 17
9 33
10 4
10 31
11 16
11 21
12 0
12 6
13 23
13 35
14 0
14 36
15 7
15 19
16 13
16 28
17 2
17 30
18 11
18 37
19 1
19 24
20 15
20 38
21 2
21 28
22 9
22 37
23 11
23 26
24 20
24 32
25 3
25 39
26 4
26 16
27 33
27 39
28 18
28 23
29 8
29 35
30 6
30 22
31 1
31 29
32 3
32 15
33 12
33 30
34 5
34 34
35 10
35 26
36 25
36 32
37 17
37 21
38 19
38 31
39 12
39 14

# solution 113
# n=40 sym=rot4 status=verified source=flammenkamp_cache/n40_rot4
# code=oLXEGHSABCITU0RJUMO575a2a6ZNPDc8JDc8b0ZOW7F4d2V1QKV1QEG4X3b3YWYFH9KCd9ALRSTBMNP6I
0 21
0 33
1 14
1 16
2 17
2 28
3 10
3 11
4 12
4 18
5 29
5 30
6 0
6 27
7 19
7 30
8 22
8 24
9 5
9 7
10 5
10 36
11 2
11 36
12 6
12 35
13 23
13 25
14 13
14 38
15 8
15 19
16 13
16 38
17 8
17 37
18 0
18 35
19 24
19 32
20 7
20 15
21 4
21 39
22 2
22 31
23 1
23 26
24 20
24 31
25 1
25 26
26 14
26 16
27 4
27 33
28 3
28 37
29 3
29 34
30 32
30 34
31 15
31 17
32 9
32 20
33 12
33 39
34 9
34 10
35 21
35 27
36 28
36 29
37 11
37 22
38 23
38 25
39 6
39 18

# solution 114
# n=40 sym=rot4 status=verified source=flammenkamp_cache/n40_rot4
# code=oKMOVEa29BXEQ49DN1LXaISAZGM5WYb1J7R0C8T0OFdAVRdCWKc257YHN4TBL36IcGQUZDP6SUb3P8FHJ
0 20
0 22
1 24
1 31
2 14
2 36
3 2
3 9
4 11
4 33
5 14
5 26
6 4
6 9
7 13
7 23
8 1
8 21
9 33
9 36
10 18
10 28
11 10
11 35
12 16
12 22
13 5
13 32
14 34
14 37
15 1
15 19
16 7
16 27
17 0
17 12
18 8
18 29
19 0
19 24
20 15
20 39
21 10
21 31
22 27
22 39
23 12
23 32
24 20
24 38
25 2
25 5
26 7
26 34
27 17
27 23
28 4
28 29
29 11
29 21
30 3
30 6
31 18
31 38
32 16
32 26
33 30
33 35
34 13
34 25
35 6
35 28
36 30
36 37
37 3
37 25
38 8
38 15
39 17
39 19

# solution 115
# n=40 sym=rot4 status=verified source=flammenkamp_cache/n40_rot4
# code=oLP9E8UIOGQTX58MTXb2c57HJGQ4C0c3JRZ7S0aOSBF3dBW4CKa1dRZDNKMWY1b26AHVY6ADNFL9VPUEI
0 21
0 25
1 9
1 14
2 8
2 30
3 18
3 24
4 16
4 26
5 29
5 33
6 5
6 8
7 22
7 29
8 33
8 37
9 2
9 38
10 5
10 7
11 17
11 19
12 16
12 26
13 4
13 12
14 0
14 38
15 3
15 19
16 27
16 35
17 7
17 28
18 0
18 36
19 24
19 28
20 11
20 15
21 3
21 39
22 11
22 32
23 4
23 12
24 20
24 36
25 1
25 39
26 27
26 35
27 13
27 23
28 20
28 22
29 32
29 34
30 1
30 37
31 2
31 6
32 10
32 17
33 31
33 34
34 6
34 10
35 13
35 23
36 15
36 21
37 9
37 31
38 25
38 30
39 14
39 18

# solution 116
# n=40 sym=rot4 status=verified source=flammenkamp_cache/n40_rot4
# code=oHJQUBGAHAE6SUY8OQW16Za5bNP18CZ7JCbadILOd0FIL032RKW4RVcEG2Y34Xc7DFV59BXPTMTNS9DKM
0 17
0 19
1 26
1 30
2 11
2 16
3 10
3 17
4 10
4 14
5 6
5 28
6 30
6 34
7 8
7 24
8 26
8 32
9 1
9 6
10 35
10 36
11 5
11 37
12 23
12 25
13 1
13 8
14 12
14 35
15 7
15 19
16 12
16 37
17 36
17 39
18 18
18 21
19 24
19 39
20 0
20 15
21 18
21 21
22 0
22 3
23 2
23 27
24 20
24 32
25 4
25 27
26 31
26 38
27 14
27 16
28 2
28 34
29 3
29 4
30 33
30 38
31 7
31 13
32 15
32 31
33 5
33 9
34 11
34 33
35 25
35 29
36 22
36 29
37 23
37 28
38 9
38 13
39 20
39 22

# solution 117
# n=40 sym=rot4 status=verified source=flammenkamp_cache/n40_rot4
# code=oHJQUGSAHAE6SUY8OQW16Za25NP18CZ7JCbadILOd0FIL032RKW4RVcEGYb34Xc7DFV59BXPTMTBN9DKM
0 17
0 19
1 26
1 30
2 16
2 28
3 10
3 17
4 10
4 14
5 6
5 28
6 30
6 34
7 8
7 24
8 26
8 32
9 1
9 6
10 35
10 36
11 2
11 5
12 23
12 25
13 1
13 8
14 12
14 35
15 7
15 19
16 12
16 37
17 36
17 39
18 18
18 21
19 24
19 39
20 0
20 15
21 18
21 21
22 0
22 3
23 2
23 27
24 20
24 32
25 4
25 27
26 31
26 38
27 14
27 16
28 34
28 37
29 3
29 4
30 33
30 38
31 7
31 13
32 15
32 31
33 5
33 9
34 11
34 33
35 25
35 29
36 22
36 29
37 11
37 23
38 9
38 13
39 20
39 22

# solution 118
# n=40 sym=rot4 status=verified source=flammenkamp_cache/n40_rot4
# code=oLMBEBHOXKXTW345E9LGV5QbcNQACWc3JCU0b084OFZVd2d9RKa17RTDG12DY8NIUPYZa7A6J6FMSPSHI
0 21
0 22
1 11
1 14
2 11
2 17
3 24
3 33
4 20
4 33
5 29
5 32
6 3
6 4
7 5
7 14
8 9
8 21
9 16
9 31
10 5
10 26
11 37
11 38
12 23
12 26
13 10
13 12
14 32
14 38
15 3
15 19
16 12
16 30
17 0
17 37
18 0
18 8
19 4
19 24
20 15
20 35
21 31
21 39
22 2
22 39
23 9
23 27
24 20
24 36
25 1
25 7
26 27
26 29
27 13
27 16
28 1
28 2
29 13
29 34
30 8
30 23
31 18
31 30
32 25
32 34
33 35
33 36
34 7
34 10
35 6
35 19
36 6
36 15
37 22
37 28
38 25
38 28
39 17
39 18

# solution 119
# n=40 sym=rot4 status=verified source=flammenkamp_cache/n40_rot4
# code=o8LHR7EAIBQ6SNYJb9dFVQa5Z1N4AMbJU6CEc0aOW7F3d1PRX9K2HTZGc4Y3D8O0U2K5GBXDSLTPWCMIV
0 8
0 21
1 17
1 27
2 7
2 14
3 10
3 18
4 11
4 26
5 6
5 28
6 23
6 34
7 19
7 37
8 9
8 39
9 15
9 31
10 26
10 36
11 5
11 35
12 1
12 23
13 4
13 10
14 22
14 37
15 19
15 30
16 6
16 12
17 14
17 38
18 0
18 36
19 24
19 32
20 7
20 15
21 3
21 39
22 1
22 25
23 27
23 33
24 9
24 20
25 2
25 17
26 29
26 35
27 16
27 38
28 4
28 34
29 3
29 13
30 8
30 24
31 0
31 30
32 2
32 20
33 5
33 16
34 11
34 33
35 13
35 28
36 21
36 29
37 25
37 32
38 12
38 22
39 18
39 31

# solution 120
# n=40 sym=rot4 status=verified source=flammenkamp_cache/n40_rot4
# code=oLMALEPUXBJOX35GQ9A3VVcDZMN7S2b5JCW0C01OZ4FcdRd7RKY2bBWGH4Q188aTUDNYa6FKS69EPITHI
0 21
0 22
1 10
1 21
2 14
2 25
3 30
3 33
4 11
4 19
5 24
5 33
6 3
6 5
7 16
7 26
8 9
8 10
9 3
9 31
10 31
10 38
11 13
11 35
12 22
12 23
13 7
13 28
14 2
14 37
15 5
15 19
16 12
16 32
17 0
17 12
18 0
18 1
19 24
19 35
20 4
20 15
21 38
21 39
22 27
22 39
23 7
23 27
24 20
24 34
25 2
25 37
26 11
26 32
27 16
27 17
28 4
28 26
29 1
29 8
30 8
30 36
31 29
31 30
32 13
32 23
33 34
33 36
34 6
34 15
35 20
35 28
36 6
36 9
37 14
37 25
38 18
38 29
39 17
39 18

# solution 121
# n=40 sym=rot4 status=verified source=flammenkamp_cache/n40_rot4
# code=oTbHZ0M7I1CDPJNQaFU8I0RGPAZ7Y5BJV6S2cUaOX6F391bBX8KSY5W4TENCdLV9O3DGKEQRcLWHd4M2A
0 29
0 37
1 17
1 35
2 0
2 22
3 7
3 18
4 1
4 12
5 13
5 25
6 19
6 23
7 26
7 36
8 15
8 30
9 8
9 18
10 0
10 27
11 16
11 25
12 10
12 35
13 7
13 34
14 5
14 11
15 19
15 31
16 6
16 28
17 2
17 38
18 30
18 36
19 24
19 33
20 6
20 15
21 3
21 9
22 1
22 37
23 11
23 33
24 8
24 20
25 28
25 34
26 5
26 32
27 4
27 29
28 14
28 23
29 12
29 39
30 21
30 31
31 9
31 24
32 3
32 13
33 16
33 20
34 14
34 26
35 27
35 38
36 21
36 32
37 17
37 39
38 4
38 22
39 2
39 10

# solution 122
# n=40 sym=rot4 status=verified source=flammenkamp_cache/n40_rot4
# code=oAJHNAPCLLXFQ4U7WPU68bdHNQa5C28JY1BSc34Od0FZa1BSc5KVbRY3DGM02VX9E7W9ZDO6IIRETGMKT
0 10
0 19
1 17
1 23
2 10
2 25
3 12
3 21
4 21
4 33
5 15
5 26
6 4
6 30
7 7
7 32
8 25
8 30
9 6
9 8
10 37
10 39
11 17
11 23
12 26
12 36
13 5
13 12
14 2
14 8
15 19
15 34
16 1
16 11
17 28
17 38
18 3
18 4
19 24
19 39
20 0
20 15
21 35
21 36
22 1
22 11
23 28
23 38
24 5
24 20
25 31
25 37
26 27
26 34
27 3
27 13
28 16
28 22
29 0
29 2
30 31
30 33
31 9
31 14
32 7
32 32
33 9
33 35
34 13
34 24
35 6
35 18
36 18
36 27
37 14
37 29
38 16
38 22
39 20
39 29

# solution 123
# n=40 sym=rot4 status=verified source=flammenkamp_cache/n40_rot4
# code=oMRAUDMLS7BGPVW6Z6L1EGc3Z0FKb5UJRTY0238DOFQVabd5ACK9Y2JOd4a1NPcIX4X78ENSWBIHQ9TCH
0 22
0 27
1 10
1 30
2 13
2 22
3 21
3 28
4 7
4 11
5 16
5 25
6 31
6 32
7 6
7 35
8 6
8 21
9 1
9 14
10 16
10 38
11 3
11 35
12 0
12 15
13 20
13 37
14 5
14 30
15 19
15 27
16 29
16 34
17 0
17 2
18 3
18 8
19 13
19 24
20 15
20 26
21 31
21 36
22 37
22 39
23 5
23 10
24 12
24 20
25 9
25 34
26 2
26 19
27 24
27 39
28 4
28 36
29 1
29 23
30 25
30 38
31 18
31 33
32 4
32 33
33 7
33 8
34 14
34 23
35 28
35 32
36 11
36 18
37 17
37 26
38 9
38 29
39 12
39 17

# solution 124
# n=40 sym=rot4 status=verified source=flammenkamp_cache/n40_rot4
# code=oJODTCIDUVXCN4W6L4M3E1GBSYbacMU0J5T8E7bOd0F2WPVAYKd9H1325BSNcPaHZIX7ZGR689QLRAQFK
0 19
0 24
1 13
1 29
2 12
2 18
3 13
3 30
4 31
4 33
5 12
5 23
6 4
6 32
7 6
7 21
8 4
8 22
9 3
9 14
10 1
10 16
11 11
11 28
12 34
12 37
13 36
13 38
14 22
14 30
15 0
15 19
16 5
16 29
17 8
17 14
18 7
18 37
19 24
19 39
20 0
20 15
21 2
21 32
22 25
22 31
23 10
23 34
24 20
24 39
25 9
25 17
26 1
26 3
27 2
27 5
28 11
28 28
29 23
29 38
30 25
30 36
31 17
31 35
32 18
32 33
33 7
33 35
34 16
34 27
35 6
35 8
36 9
36 26
37 21
37 27
38 10
38 26
39 15
39 20

# solution 125
# n=40 sym=rot4 status=verified source=flammenkamp_cache/n40_rot4
# code=oGL3DCUKcIQBFRW6TMN2B7PUY6b4cAHJY8d8P0Z3OFa4dEV0V5KMT1Z2X59EWSbGHAX7COSDL1J9RQaIN
0 16
0 21
1 3
1 13
2 12
2 30
3 20
3 38
4 18
4 26
5 11
5 15
6 27
6 32
7 6
7 29
8 22
8 23
9 2
9 11
10 7
10 25
11 30
11 34
12 6
12 37
13 4
13 38
14 10
14 17
15 19
15 34
16 8
16 39
17 8
17 25
18 0
18 35
19 3
19 24
20 15
20 36
21 4
21 39
22 14
22 31
23 0
23 31
24 5
24 20
25 22
25 29
26 1
26 35
27 2
27 33
28 5
28 9
29 14
29 32
30 28
30 37
31 16
31 17
32 10
32 33
33 7
33 12
34 24
34 28
35 13
35 21
36 1
36 19
37 9
37 27
38 26
38 36
39 18
39 23

# solution 126
# n=40 sym=rot4 status=verified source=flammenkamp_cache/n40_rot4
# code=oNYADDJLU6B0SEZHNIU38Cc5ZOTbcMXCJ07EW3VOb2F8a7PWdKR6H12AF4Y1RVa9LGM4PBdSX9IKQQT5G
0 23
0 34
1 10
1 13
2 13
2 19
3 21
3 30
4 6
4 11
5 0
5 28
6 14
6 35
7 17
7 23
8 18
8 30
9 3
9 8
10 12
10 38
11 5
11 35
12 24
12 29
13 37
13 38
14 22
14 33
15 12
15 19
16 0
16 7
17 14
17 32
18 3
18 31
19 24
19 37
20 2
20 15
21 8
21 36
22 7
22 25
23 32
23 39
24 20
24 27
25 6
25 17
26 1
26 2
27 10
27 15
28 4
28 34
29 1
29 27
30 31
30 36
31 9
31 21
32 16
32 22
33 4
33 25
34 11
34 39
35 28
35 33
36 9
36 18
37 20
37 26
38 26
38 29
39 5
39 16

# solution 127
# n=40 sym=rot4 status=verified source=flammenkamp_cache/n40_rot4
# code=oISDLSTUW7GGJDE3ZHT3O2802EMXcRX9JYZCV1dOY5F0c8R45KU6C16HPbdVbFaAM4aPQKNNW79ABIQBL
0 18
0 28
1 13
1 21
2 28
2 29
3 30
3 32
4 7
4 16
5 16
5 19
6 13
6 14
7 3
7 35
8 17
8 29
9 3
9 24
10 2
10 8
11 0
11 2
12 14
12 22
13 33
13 38
14 27
14 33
15 9
15 19
16 34
16 35
17 12
17 31
18 1
18 39
19 24
19 34
20 5
20 15
21 0
21 38
22 8
22 27
23 4
23 5
24 20
24 30
25 6
25 12
26 1
26 6
27 17
27 25
28 37
28 39
29 31
29 37
30 15
30 36
31 10
31 22
32 4
32 36
33 25
33 26
34 20
34 23
35 23
35 32
36 7
36 9
37 10
37 11
38 18
38 26
39 11
39 21

# solution 128
# n=40 sym=rot4 status=verified source=flammenkamp_cache/n40_rot4
# code=oLM9G58QTJWGbPQ4CTbIc38FHPW366CJSYc0S0UOZ4F9dBd15BKRXXa7EMOVa1L2ARZDE2N7KADVYNUHI
0 21
0 22
1 9
1 16
2 5
2 8
3 26
3 29
4 19
4 32
5 16
5 37
6 25
6 26
7 4
7 12
8 29
8 37
9 18
9 38
10 3
10 8
11 15
11 17
12 25
12 32
13 3
13 6
14 6
14 12
15 19
15 28
16 34
16 38
17 0
17 28
18 0
18 30
19 24
19 35
20 4
20 15
21 9
21 39
22 11
22 39
23 1
23 5
24 11
24 20
25 27
25 33
26 33
26 36
27 7
27 14
28 22
28 24
29 31
29 36
30 1
30 21
31 2
31 10
32 27
32 35
33 13
33 14
34 2
34 23
35 7
35 20
36 10
36 13
37 31
37 34
38 23
38 30
39 17
39 18

# solution 129
# n=40 sym=rot4 status=verified source=flammenkamp_cache/n40_rot4
# code=o8MGSDLJTBWGWRT45DdHI361Z6PVbCOEJYc0U2UOa3F9b9d15KPFR28EX4cXaLM0QYZAC7N7SAKIQBNHV
0 8
0 22
1 16
1 28
2 13
2 21
3 19
3 29
4 11
4 32
5 16
5 32
6 27
6 29
7 4
7 5
8 13
8 39
9 17
9 18
10 3
10 6
11 1
11 35
12 6
12 25
13 31
13 37
14 12
14 24
15 14
15 19
16 34
16 38
17 0
17 30
18 2
18 30
19 24
19 36
20 3
20 15
21 9
21 37
22 9
22 39
23 1
23 5
24 20
24 25
25 15
25 27
26 2
26 8
27 14
27 33
28 4
28 38
29 33
29 36
30 21
30 22
31 0
31 26
32 34
32 35
33 10
33 12
34 7
34 23
35 7
35 28
36 10
36 20
37 18
37 26
38 11
38 23
39 17
39 31

# solution 130
# n=40 sym=rot4 status=verified source=flammenkamp_cache/n40_rot4
# code=o3EGSMVJd9ONQUW6Q2I6ZCM1RBT57Id4J5c2APVOa3F8ETb1YKZ0LWYASCcHR4XLbDX79DGFU0K8HBNPa
0 3
0 14
1 16
1 28
2 22
2 31
3 19
3 39
4 9
4 24
5 23
5 26
6 30
6 32
7 6
7 26
8 2
8 18
9 6
9 35
10 12
10 22
11 1
11 27
12 11
12 29
13 5
13 7
14 18
14 39
15 4
15 19
16 5
16 38
17 2
17 10
18 25
18 31
19 24
19 36
20 3
20 15
21 8
21 14
22 29
22 37
23 1
23 34
24 20
24 35
25 0
25 21
26 32
26 34
27 10
27 28
28 12
28 38
29 17
29 27
30 4
30 33
31 21
31 37
32 13
32 33
33 7
33 9
34 13
34 16
35 15
35 30
36 0
36 20
37 8
37 17
38 11
38 23
39 25
39 36

# solution 131
# n=40 sym=rot4 status=verified source=flammenkamp_cache/n40_rot4
# code=oKNST8ELX6LNQ3ZCSUb8F1M17QW5CMbJU05AE340OFdZaPTYd9K2HRY7DWcHcOV29BR4aDGIX6IPVABGJ
0 20
0 23
1 28
1 29
2 8
2 14
3 21
3 33
4 6
4 21
5 23
5 26
6 3
6 35
7 12
7 28
8 30
8 37
9 8
9 15
10 1
10 22
11 1
11 7
12 26
12 32
13 5
13 12
14 22
14 37
15 19
15 30
16 0
16 5
17 10
17 14
18 3
18 4
19 0
19 24
20 15
20 39
21 35
21 36
22 25
22 29
23 34
23 39
24 9
24 20
25 2
25 17
26 27
26 34
27 7
27 13
28 32
28 38
29 17
29 38
30 24
30 31
31 2
31 9
32 11
32 27
33 4
33 36
34 13
34 16
35 18
35 33
36 6
36 18
37 25
37 31
38 10
38 11
39 16
39 19

# solution 132
# n=40 sym=rot4 status=verified source=flammenkamp_cache/n40_rot4
# code=o9CAOHQNU6GJQBZAEIR3dWcLX8d25HW1J3ZPbBVOY5F8S2E4aKc7MYb0V6I170aCLPT4SDKNX9GDMFTRU
0 9
0 12
1 10
1 24
2 17
2 26
3 23
3 30
4 6
4 16
5 19
5 26
6 11
6 35
7 10
7 14
8 18
8 27
9 3
9 39
10 32
10 38
11 21
11 33
12 8
12 39
13 2
13 5
14 17
14 32
15 1
15 19
16 3
16 35
17 25
17 37
18 11
18 31
19 24
19 34
20 5
20 15
21 8
21 28
22 2
22 14
23 4
23 36
24 20
24 38
25 7
25 22
26 34
26 37
27 0
27 31
28 6
28 18
29 1
29 7
30 0
30 36
31 12
31 21
32 25
32 29
33 4
33 28
34 13
34 20
35 23
35 33
36 9
36 16
37 13
37 22
38 15
38 29
39 27
39 30

# solution 133
# n=40 sym=rot4 status=verified source=flammenkamp_cache/n40_rot4
# code=o2IDSAd5GNPLa9W6FHMQXSb1ACR9c4JJW4a8V5dOPEF0Y8V3Z7KKZ1UCRTc2B6DHMOX7U3IEGNY0TBQLb
0 2
0 18
1 13
1 28
2 10
2 39
3 5
3 16
4 23
4 25
5 21
5 36
6 9
6 32
7 6
7 15
8 17
8 22
9 26
9 33
10 28
10 37
11 1
11 10
12 12
12 27
13 9
13 38
14 4
14 19
15 19
15 32
16 4
16 36
17 8
17 31
18 5
18 39
19 24
19 25
20 14
20 15
21 0
21 34
22 8
22 31
23 3
23 35
24 7
24 20
25 20
25 35
26 1
26 30
27 12
27 27
28 29
28 38
29 2
29 11
30 6
30 13
31 17
31 22
32 24
32 33
33 7
33 30
34 3
34 18
35 14
35 16
36 23
36 34
37 0
37 29
38 11
38 26
39 21
39 37

# solution 134
# n=40 sym=rot4 status=verified source=flammenkamp_cache/n40_rot4
# code=o9GHJCOCN6AWX5Z5LESDdSZ8AabLUMV2J3dEc7DOc1FQW1P0aKb8H9I23TV4B0QBPIY4Y67TXGRFRKMNU
0 9
0 16
1 17
1 19
2 12
2 24
3 12
3 23
4 6
4 10
5 32
5 33
6 5
6 35
7 5
7 21
8 14
8 28
9 13
9 39
10 28
10 35
11 8
11 10
12 36
12 37
13 21
13 30
14 22
14 31
15 2
15 19
16 3
16 39
17 14
17 38
18 7
18 13
19 24
19 38
20 1
20 15
21 26
21 32
22 1
22 25
23 0
23 36
24 20
24 37
25 8
25 17
26 9
26 18
27 2
27 3
28 29
28 31
29 4
29 11
30 0
30 26
31 11
31 25
32 18
32 34
33 4
33 34
34 6
34 7
35 29
35 33
36 16
36 27
37 15
37 27
38 20
38 22
39 23
39 30

# solution 135
# n=40 sym=rot4 status=verified source=flammenkamp_cache/n40_rot4
# code=o9R9GBGXZ3MJM3P7WITcd8DRb0BOT6IDJbc45PVOY5F8EYZ12KQLXAFSd2CQV01AL7WEaHKHa46NSNUCU
0 9
0 27
1 9
1 16
2 11
2 16
3 33
3 35
4 3
4 22
5 19
5 22
6 3
6 25
7 7
7 32
8 18
8 29
9 38
9 39
10 8
10 13
11 27
11 37
12 0
12 11
13 24
13 29
14 6
14 18
15 13
15 19
16 37
16 38
17 4
17 5
18 25
18 31
19 24
19 34
20 5
20 15
21 8
21 14
22 34
22 35
23 1
23 2
24 20
24 26
25 21
25 33
26 10
26 15
27 28
27 39
28 2
28 12
29 26
29 31
30 0
30 1
31 10
31 21
32 7
32 32
33 14
33 36
34 17
34 20
35 17
35 36
36 4
36 6
37 23
37 28
38 23
38 30
39 12
39 30

# solution 136
# n=40 sym=rot4 status=verified source=flammenkamp_cache/n40_rot4
# code=oJNPSHNASAE6CWY6ODHDRZa139YUV1Z7J02VbILOd0FIL28bdKW4c895Uac34CQMQFX57RXPTBTGMBEGK
0 19
0 23
1 25
1 28
2 17
2 23
3 10
3 28
4 10
4 14
5 6
5 12
6 32
6 34
7 6
7 24
8 13
8 17
9 13
9 27
10 35
10 36
11 1
11 3
12 9
12 34
13 30
13 31
14 1
14 35
15 7
15 19
16 0
16 2
17 31
17 37
18 18
18 21
19 24
19 39
20 0
20 15
21 18
21 21
22 2
22 8
23 37
23 39
24 20
24 32
25 4
25 38
26 8
26 9
27 5
27 30
28 36
28 38
29 3
29 4
30 12
30 26
31 22
31 26
32 15
32 33
33 5
33 7
34 27
34 33
35 25
35 29
36 11
36 29
37 16
37 22
38 11
38 14
39 16
39 20

# solution 137
# n=40 sym=rot4 status=verified source=flammenkamp_cache/n40_rot4
# code=o9GNSLRFMASWX5A5IDEMdXZ142KPVDVJa1d392WCOFR7bUa0c3K8Q8EJbZc460HPQLYTY67BTHOCIBGNU
0 9
0 16
1 23
1 28
2 21
2 27
3 15
3 22
4 10
4 28
5 32
5 33
6 5
6 10
7 5
7 18
8 13
8 14
9 22
9 39
10 33
10 35
11 1
11 4
12 2
12 20
13 25
13 31
14 13
14 31
15 19
15 36
16 1
16 39
17 3
17 9
18 2
18 32
19 12
19 24
20 15
20 27
21 7
21 37
22 30
22 36
23 0
23 38
24 3
24 20
25 8
25 26
26 8
26 14
27 19
27 37
28 35
28 38
29 4
29 6
30 0
30 17
31 25
31 26
32 21
32 34
33 29
33 34
34 6
34 7
35 11
35 29
36 17
36 24
37 12
37 18
38 11
38 16
39 23
39 30

# solution 138
# n=40 sym=rot4 status=verified source=flammenkamp_cache/n40_rot4
# code=oLORVDJDN8N6WSY591ZHWEH6C1SabKT0I34TU0OEb2PFd9AZaLdAJ23BcRXMP7M4cUY5B7XGVGQKQ8CFI
0 21
0 24
1 27
1 31
2 13
2 19
3 13
3 23
4 8
4 23
5 6
5 32
6 28
6 34
7 5
7 9
8 1
8 35
9 17
9 32
10 14
10 17
11 6
11 12
12 1
12 28
13 36
13 37
14 20
14 29
15 0
15 18
16 3
16 4
17 29
17 30
18 0
18 24
19 14
19 37
20 2
20 25
21 15
21 39
22 9
22 10
23 35
23 36
24 21
24 39
25 10
25 19
26 2
26 3
27 11
27 38
28 27
28 33
29 22
29 25
30 7
30 22
31 4
31 38
32 30
32 34
33 5
33 11
34 7
34 33
35 16
35 31
36 16
36 26
37 20
37 26
38 8
38 12
39 15
39 18

# solution 139
# n=40 sym=rot4 status=verified source=flammenkamp_cache/n40_rot4
# code=oCHPULU7RFI6BKYGaQT128BTY3d8G1JHZQWOd2Z6PEX4b0F7D4MKcNV0a5ASVbcAD3N5JSXLOCW9I9EMR
0 12
0 17
1 25
1 30
2 21
2 30
3 7
3 27
4 15
4 18
5 6
5 11
6 20
6 34
7 16
7 36
8 26
8 29
9 1
9 2
10 8
10 11
11 29
11 34
12 3
12 39
13 8
13 16
14 1
14 19
15 17
15 35
16 26
16 32
17 24
17 39
18 2
18 35
19 6
19 25
20 14
20 33
21 4
21 37
22 0
22 15
23 7
23 13
24 4
24 22
25 20
25 38
26 23
26 31
27 0
27 36
28 5
28 10
29 28
29 31
30 37
30 38
31 10
31 13
32 3
32 23
33 5
33 19
34 28
34 33
35 21
35 24
36 12
36 32
37 9
37 18
38 9
38 14
39 22
39 27

# solution 140
# n=40 sym=rot4 status=verified source=flammenkamp_cache/n40_rot4
# code=o3PISJMVdBQ6CMYDN3T9U8I1ZFY4W0KGR7O26TcEb2P1AXbFWCNJd7Z5O4cLV9UAaGQ5HRXDS08HKBLEa
0 3
0 25
1 18
1 28
2 19
2 22
3 31
3 39
4 11
4 26
5 6
5 12
6 22
6 34
7 13
7 23
8 3
8 29
9 9
9 30
10 8
10 18
11 1
11 35
12 15
12 34
13 4
13 32
14 0
14 20
15 16
15 27
16 7
16 24
17 2
17 6
18 29
18 38
19 14
19 37
20 2
20 25
21 1
21 10
22 33
22 37
23 15
23 32
24 12
24 23
25 19
25 39
26 7
26 35
27 5
27 24
28 4
28 38
29 21
29 31
30 9
30 30
31 10
31 36
32 16
32 26
33 5
33 17
34 27
34 33
35 13
35 28
36 0
36 8
37 17
37 20
38 11
38 21
39 14
39 36

# solution 141
# n=40 sym=rot4 status=verified source=flammenkamp_cache/n40_rot4
# code=o89KPHSADSWGULV4D6d5dCa24OTWa1JCGOYIb6M1PEcHX2L5FNRKc37AFZb3R0Y0XQZ8I9N7BQTBMEJUV
0 8
0 9
1 20
1 25
2 17
2 28
3 10
3 13
4 28
4 32
5 16
5 30
6 21
6 31
7 4
7 13
8 6
8 39
9 5
9 39
10 12
10 36
11 2
11 4
12 24
12 29
13 32
13 36
14 1
14 19
15 12
15 16
16 24
16 34
17 18
17 37
18 6
18 22
19 1
19 25
20 14
20 38
21 17
21 33
22 2
22 21
23 5
23 15
24 23
24 27
25 20
25 38
26 3
26 7
27 10
27 15
28 35
28 37
29 3
29 27
30 0
30 34
31 0
31 33
32 26
32 35
33 8
33 18
34 9
34 23
35 7
35 11
36 26
36 29
37 11
37 22
38 14
38 19
39 30
39 31

# solution 142
# n=40 sym=rot4 status=verified source=flammenkamp_cache/n40_rot4
# code=oCWIP6JFM5CUZMb0IBQ5BGQUVZd8A1JGaOT36WcPb2E17XaAF3NKcTV0489DNSYDSLd2H49RYHOKXEL7R
0 12
0 32
1 18
1 25
2 6
2 19
3 15
3 22
4 5
4 12
5 30
5 35
6 22
6 37
7 0
7 18
8 11
8 26
9 5
9 11
10 16
10 26
11 30
11 31
12 35
12 39
13 8
13 10
14 1
14 19
15 16
15 36
16 24
16 29
17 3
17 6
18 32
18 38
19 25
19 37
20 2
20 14
21 1
21 7
22 33
22 36
23 10
23 15
24 3
24 23
25 20
25 38
26 29
26 31
27 0
27 4
28 8
28 9
29 13
29 23
30 28
30 34
31 13
31 28
32 21
32 39
33 2
33 17
34 4
34 9
35 27
35 34
36 17
36 24
37 20
37 33
38 14
38 21
39 7
39 27

# solution 143
# n=40 sym=rot4 status=verified source=flammenkamp_cache/n40_rot4
# code=o4SEJHLBDVd6NNY8U4W7HCD0aLTTaJcFO56Ub2CPc1ERb29XYFO1K3AAI3dQRMW7Z9V5GGX08QSIMKPBZ
0 4
0 28
1 14
1 19
2 17
2 21
3 11
3 13
4 31
4 39
5 6
5 23
6 23
6 34
7 8
7 30
8 4
8 32
9 7
9 17
10 12
10 13
11 0
11 36
12 21
12 29
13 29
13 36
14 19
14 38
15 15
15 24
16 5
16 6
17 30
17 37
18 2
18 12
19 25
19 38
20 1
20 14
21 27
21 37
22 2
22 9
23 33
23 34
24 15
24 24
25 1
25 20
26 3
26 10
27 10
27 18
28 3
28 39
29 26
29 27
30 22
30 32
31 7
31 35
32 9
32 31
33 5
33 16
34 16
34 33
35 0
35 8
36 26
36 28
37 18
37 22
38 20
38 25
39 11
39 35

# solution 144
# n=40 sym=rot4 status=verified source=flammenkamp_cache/n40_rot4
# code=oLUDMOVGM6CKNTZCV270B6DIUWZTcJO2E5a130S5PEYBdac3YPbFK1A479LQXSdWb8R4AGJRXHN8FHQ9I
0 21
0 30
1 13
1 22
2 24
2 31
3 16
3 22
4 6
4 12
5 20
5 23
6 29
6 35
7 12
7 31
8 2
8 7
9 0
9 11
10 6
10 13
11 18
11 30
12 32
12 35
13 29
13 38
14 19
14 24
15 2
15 14
16 5
16 36
17 1
17 3
18 0
18 28
19 5
19 25
20 14
20 34
21 11
21 39
22 36
22 38
23 3
23 34
24 25
24 37
25 15
25 20
26 1
26 10
27 4
27 7
28 9
28 21
29 26
29 33
30 28
30 39
31 32
31 37
32 8
32 27
33 4
33 10
34 16
34 19
35 27
35 33
36 17
36 23
37 8
37 15
38 17
38 26
39 9
39 18

# solution 145
# n=40 sym=rot4 status=verified source=flammenkamp_cache/n40_rot4
# code=o8SLTFNAWHXKU4U3NDd561a0LCRFVJMQb27EZ1B5PEYSc4PWb2DHK8OCRId3cXY0QGa9Z9J6M7TGOAIBV
0 8
0 28
1 21
1 29
2 15
2 23
3 10
3 32
4 17
4 33
5 20
5 30
6 4
6 30
7 3
7 23
8 13
8 39
9 5
9 6
10 1
10 36
11 0
11 21
12 12
12 27
13 15
13 31
14 19
14 22
15 26
15 37
16 2
16 7
17 14
17 35
18 1
18 11
19 5
19 25
20 14
20 34
21 28
21 38
22 4
22 25
23 32
23 37
24 2
24 13
25 17
25 20
26 8
26 24
27 12
27 27
28 18
28 39
29 3
29 38
30 33
30 34
31 0
31 26
32 16
32 36
33 9
33 35
34 9
34 19
35 6
35 22
36 7
36 29
37 16
37 24
38 10
38 18
39 11
39 31

# solution 146
# n=40 sym=rot4 status=verified source=flammenkamp_cache/n40_rot4
# code=oIOAENT7S67JRDZZaSU8I2c385HOXKc0D2HNRUdEY5P09CGMbQd1J6FMYVa1bLV9B344QCKWXBWAGPTFL
0 18
0 24
1 10
1 14
2 23
2 29
3 7
3 28
4 6
4 7
5 19
5 27
6 13
6 35
7 35
7 36
8 28
8 30
9 8
9 18
10 2
10 38
11 3
11 8
12 5
12 17
13 24
13 33
14 20
14 38
15 0
15 13
16 2
16 17
17 23
17 27
18 30
18 39
19 14
19 34
20 5
20 25
21 0
21 9
22 12
22 16
23 22
23 37
24 26
24 39
25 1
25 19
26 6
26 15
27 22
27 34
28 31
28 36
29 1
29 37
30 21
30 31
31 9
31 11
32 3
32 4
33 4
33 26
34 12
34 20
35 32
35 33
36 11
36 32
37 10
37 16
38 25
38 29
39 15
39 21

# solution 147
# n=40 sym=rot4 status=verified source=flammenkamp_cache/n40_rot4
# code=oHNIT8F7M5CPZIUKaQb6B1BTUNZ8F5JQb0C3dXc7PEW160aRd2DKYOV4G9AScSX2D3J9L4ERYHWOVALGM
0 17
0 23
1 18
1 29
2 8
2 15
3 7
3 22
4 5
4 12
5 25
5 35
6 18
6 30
7 20
7 36
8 26
8 37
9 6
9 11
10 1
10 11
11 29
11 30
12 23
12 35
13 8
13 15
14 5
14 19
15 26
15 37
16 0
16 12
17 3
17 39
18 33
18 38
19 7
19 25
20 14
20 32
21 1
21 6
22 0
22 36
23 27
23 39
24 2
24 13
25 20
25 34
26 24
26 31
27 4
27 16
28 9
28 10
29 28
29 38
30 28
30 33
31 2
31 13
32 3
32 19
33 9
33 21
34 4
34 14
35 27
35 34
36 17
36 32
37 24
37 31
38 10
38 21
39 16
39 22

# solution 148
# n=40 sym=rot4 status=verified source=flammenkamp_cache/n40_rot4
# code=oFNEKCSGLLW9DTW46MU8Y6R2MAbFYJcQd0a8B341PEcZaSV3d0D1K5O2THbCX5V9HXZ7AQU7IINBRJPGO
0 15
0 23
1 14
1 20
2 12
2 28
3 16
3 21
4 21
4 32
5 9
5 13
6 29
6 32
7 4
7 6
8 22
8 30
9 8
9 34
10 6
10 27
11 2
11 22
12 10
12 37
13 15
13 34
14 19
14 38
15 26
15 39
16 0
16 36
17 8
17 11
18 3
18 4
19 1
19 25
20 14
20 38
21 35
21 36
22 28
22 31
23 3
23 39
24 0
24 13
25 1
25 20
26 5
26 24
27 2
27 29
28 17
28 37
29 12
29 33
30 5
30 31
31 9
31 17
32 33
32 35
33 7
33 10
34 26
34 30
35 7
35 18
36 18
36 23
37 11
37 27
38 19
38 25
39 16
39 24

# solution 149
# n=40 sym=rot4 status=verified source=flammenkamp_cache/n40_rot4
# code=oGHAJIR7ABFUWIU5a8V56acPZ2QCFBKQZHdNdXbEc1P260G0M4DJSORDb4E13XY8V3Y9L79OSTWCLKTMN
0 16
0 17
1 10
1 19
2 18
2 27
3 7
3 10
4 11
4 15
5 30
5 32
6 18
6 30
7 5
7 36
8 8
8 31
9 5
9 6
10 36
10 38
11 25
11 35
12 2
12 26
13 12
13 15
14 11
14 20
15 26
15 35
16 17
16 39
17 23
17 39
18 33
18 37
19 14
19 38
20 1
20 25
21 2
21 6
22 0
22 16
23 0
23 22
24 4
24 13
25 19
25 28
26 24
26 27
27 13
27 37
28 4
28 14
29 1
29 3
30 33
30 34
31 8
31 31
32 3
32 34
33 9
33 21
34 7
34 9
35 24
35 28
36 29
36 32
37 12
37 21
38 20
38 29
39 22
39 23

# solution 150
# n=40 sym=rot4 status=verified source=flammenkamp_cache/n40_rot4
# code=oHJGOCGQWSU89LP38WY4YHL4CSb3O6J1DbcTd6APd0ETX0A12QcKXFa2BRZIM5Z57VaEIUV9B7DNRFNKM
0 17
0 19
1 16
1 24
2 12
2 16
3 26
3 32
4 28
4 30
5 8
5 9
6 21
6 25
7 3
7 8
8 32
8 34
9 4
9 34
10 17
10 21
11 4
11 12
12 28
12 37
13 3
13 24
14 6
14 19
15 1
15 13
16 37
16 38
17 29
17 39
18 6
18 10
19 25
19 39
20 0
20 14
21 29
21 33
22 0
22 10
23 1
23 2
24 26
24 38
25 20
25 33
26 15
26 36
27 2
27 11
28 27
28 35
29 18
29 22
30 5
30 35
31 5
31 7
32 31
32 36
33 14
33 18
34 30
34 31
35 9
35 11
36 7
36 13
37 23
37 27
38 15
38 23
39 20
39 22

# solution 151
# n=40 sym=rot4 status=verified source=flammenkamp_cache/n40_rot4
# code=oHPAIQRLN566ZYZDSGJMSOc792O2W0JAC3V9d3cPV8E1a0U8aRTKd7bFbUW1FBHKNBQ454XXYGICDLTEM
0 17
0 25
1 10
1 18
2 26
2 27
3 21
3 23
4 5
4 6
5 6
5 35
6 34
6 35
7 13
7 28
8 16
8 19
9 22
9 28
10 24
10 38
11 7
11 9
12 2
12 24
13 2
13 32
14 0
14 19
15 10
15 12
16 3
16 31
17 9
17 39
18 3
18 38
19 25
19 31
20 8
20 14
21 1
21 36
22 0
22 30
23 8
23 36
24 27
24 29
25 20
25 39
26 7
26 37
27 15
27 37
28 30
28 32
29 1
29 15
30 11
30 17
31 20
31 23
32 11
32 26
33 4
33 5
34 4
34 33
35 33
35 34
36 16
36 18
37 12
37 13
38 21
38 29
39 14
39 22

# solution 152
# n=40 sym=rot4 status=verified source=flammenkamp_cache/n40_rot4
# code=o8IPTMNNW9D6CVY3O6dJZ1DLMOYTZ1J7C232BBdPU9E0SSbabRWKc4A5FHIQc4K0XFa58RXQU7GGHAELV
0 8
0 18
1 25
1 29
2 22
2 23
3 23
3 32
4 9
4 13
5 6
5 12
6 31
6 34
7 3
7 24
8 6
8 39
9 19
9 35
10 1
10 13
11 21
11 22
12 24
12 34
13 29
13 35
14 1
14 19
15 7
15 12
16 2
16 3
17 2
17 11
18 11
18 39
19 25
19 30
20 9
20 14
21 0
21 28
22 28
22 37
23 36
23 37
24 27
24 32
25 20
25 38
26 4
26 10
27 5
27 15
28 17
28 18
29 26
29 38
30 4
30 20
31 0
31 33
32 15
32 36
33 5
33 8
34 27
34 33
35 26
35 30
36 7
36 16
37 16
37 17
38 10
38 14
39 21
39 31

# solution 153
# n=40 sym=rot4 status=verified source=flammenkamp_cache/n40_rot4
# code=oLMDT7PSTKLFNRW6bCU8M133F6VGc2JSY5Q09044PEZZdUdDY5BKb1N8XOaacHV9R2X7CGOIJABEWAQHI
0 21
0 22
1 13
1 29
2 7
2 25
3 28
3 29
4 20
4 21
5 15
5 23
6 27
6 32
7 6
7 37
8 12
8 30
9 8
9 22
10 1
10 3
11 3
11 15
12 6
12 31
13 16
13 38
14 2
14 19
15 28
15 34
16 5
16 26
17 0
17 9
18 0
18 4
19 4
19 25
20 14
20 35
21 35
21 39
22 30
22 39
23 13
23 34
24 5
24 11
25 20
25 37
26 1
26 23
27 8
27 33
28 24
28 36
29 36
29 38
30 17
30 31
31 9
31 27
32 2
32 33
33 7
33 12
34 16
34 24
35 18
35 19
36 10
36 11
37 14
37 32
38 10
38 26
39 17
39 18

# solution 154
# n=40 sym=rot4 status=verified source=flammenkamp_cache/n40_rot4
# code=oLMDT7PSTKLFNRW6bRU8M133F68Gc2JSY5Q09044PEZZdUdDY5BKb1NVXOaacHV9C2X7CGOIJABEWAQHI
0 21
0 22
1 13
1 29
2 7
2 25
3 28
3 29
4 20
4 21
5 15
5 23
6 27
6 32
7 6
7 37
8 27
8 30
9 8
9 22
10 1
10 3
11 3
11 15
12 6
12 8
13 16
13 38
14 2
14 19
15 28
15 34
16 5
16 26
17 0
17 9
18 0
18 4
19 4
19 25
20 14
20 35
21 35
21 39
22 30
22 39
23 13
23 34
24 5
24 11
25 20
25 37
26 1
26 23
27 31
27 33
28 24
28 36
29 36
29 38
30 17
30 31
31 9
31 12
32 2
32 33
33 7
33 12
34 16
34 24
35 18
35 19
36 10
36 11
37 14
37 32
38 10
38 26
39 17
39 18

# solution 155
# n=40 sym=rot4 status=verified source=flammenkamp_cache/n40_rot4
# code=o3LJVMQRdCEFHQW6U1U78LNFN3Z26JZSYAB2Y0APc1ETd5bST5B4KXb4aGOGIVW9c9X7DMOPR0CDH8KIa
0 3
0 21
1 19
1 31
2 22
2 26
3 27
3 39
4 12
4 14
5 15
5 17
6 26
6 32
7 6
7 30
8 1
8 30
9 7
9 8
10 21
10 23
11 15
11 23
12 3
12 35
13 2
13 6
14 19
14 35
15 28
15 34
16 10
16 11
17 2
17 34
18 0
18 10
19 25
19 38
20 1
20 14
21 29
21 39
22 5
22 37
23 28
23 29
24 5
24 11
25 4
25 20
26 33
26 37
27 4
27 36
28 16
28 24
29 16
29 18
30 31
30 32
31 9
31 38
32 9
32 33
33 7
33 13
34 22
34 24
35 25
35 27
36 0
36 12
37 13
37 17
38 8
38 20
39 18
39 36

# solution 156
# n=40 sym=rot4 status=verified source=flammenkamp_cache/n40_rot4
# code=o9MKMRU6DLNDWWa568V2dGOFR2BYaIJAS4T014P1PEcEZcdAZBTKL35SbCOFN0b8VXY377QGIQX9CHJHU
0 9
0 22
1 20
1 22
2 27
2 30
3 6
3 13
4 21
4 23
5 13
5 32
6 32
6 36
7 5
7 6
8 8
8 31
9 2
9 39
10 16
10 24
11 15
11 27
12 2
12 11
13 34
13 36
14 18
14 19
15 10
15 28
16 4
16 29
17 0
17 1
18 4
18 25
19 1
19 25
20 14
20 38
21 14
21 35
22 38
22 39
23 10
23 35
24 11
24 29
25 20
25 21
26 3
26 5
27 28
27 37
28 12
28 24
29 15
29 23
30 0
30 37
31 8
31 31
32 33
32 34
33 3
33 7
34 7
34 26
35 16
35 18
36 26
36 33
37 9
37 12
38 17
38 19
39 17
39 30

# solution 157
# n=40 sym=rot4 status=verified source=flammenkamp_cache/n40_rot4
# code=oHNAWCN6RFX9J4a18TWMY8cFL3bEIJQSZ029dBQPY5EDS0Ubd4BDKLP2aIO1V5H7AVc3ZKU6OCXGR7TGM
0 17
0 23
1 10
1 32
2 12
2 23
3 6
3 27
4 15
4 33
5 9
5 19
6 4
6 36
7 1
7 8
8 29
8 32
9 22
9 34
10 8
10 38
11 15
11 21
12 3
12 37
13 14
13 18
14 19
14 26
15 28
15 35
16 0
16 2
17 9
17 39
18 11
18 26
19 25
19 34
20 5
20 14
21 13
21 28
22 0
22 30
23 37
23 39
24 4
24 11
25 13
25 20
26 21
26 25
27 2
27 36
28 18
28 24
29 1
29 31
30 5
30 17
31 7
31 10
32 31
32 38
33 3
33 35
34 20
34 30
35 6
35 24
36 12
36 33
37 16
37 27
38 7
38 29
39 16
39 22

# solution 158
# n=40 sym=rot4 status=verified source=flammenkamp_cache/n40_rot4
# code=oHJIUAD67MTOVWa6a5D1G4bLOCRVbJN5BEU4dBcPd0E1S0Z9PSYGK28CRFI2ZNcQY3X378FAHWXQT9LKM
0 17
0 19
1 18
1 30
2 10
2 13
3 6
3 7
4 22
4 29
5 24
5 31
6 32
6 36
7 6
7 36
8 5
8 13
9 1
9 16
10 4
10 37
11 21
11 24
12 12
12 27
13 31
13 37
14 19
14 23
15 5
15 11
16 14
16 30
17 4
17 39
18 11
18 38
19 25
19 39
20 0
20 14
21 1
21 28
22 0
22 35
23 9
23 25
24 28
24 34
25 16
25 20
26 2
26 8
27 12
27 27
28 15
28 18
29 2
29 35
30 23
30 38
31 26
31 34
32 3
32 33
33 3
33 7
34 8
34 15
35 10
35 17
36 32
36 33
37 26
37 29
38 9
38 21
39 20
39 22

# solution 159
# n=40 sym=rot4 status=verified source=flammenkamp_cache/n40_rot4
# code=oOWCHLZBH2W6RUY04DG6LGKOa5cPVDJ0BTVac29APETUb138ASdKQ8E1Y3FJNIXNQZd59CX7bMS4IMR7F
0 24
0 32
1 12
1 17
2 21
2 35
3 11
3 17
4 2
4 32
5 6
5 27
6 30
6 34
7 0
7 4
8 13
8 16
9 6
9 21
10 16
10 20
11 24
11 36
12 5
12 38
13 25
13 31
14 13
14 19
15 0
15 11
16 29
16 31
17 36
17 38
18 2
18 9
19 10
19 25
20 14
20 29
21 30
21 37
22 1
22 3
23 8
23 10
24 28
24 39
25 20
25 26
26 8
26 14
27 1
27 34
28 3
28 15
29 19
29 23
30 18
30 33
31 23
31 26
32 35
32 39
33 5
33 9
34 12
34 33
35 7
35 37
36 22
36 28
37 4
37 18
38 22
38 27
39 7
39 15

# solution 160
# n=40 sym=rot4 status=verified source=flammenkamp_cache/n40_rot4
# code=o3HAGJL7dBWOQLR4aDHAGUcOZ6E5VJR5BUcVd26Pb2EXb0819SYCK8YPX4F19NTMQ3ZCIDF7S0WIKNTMa
0 3
0 17
1 10
1 16
2 19
2 21
3 7
3 39
4 11
4 32
5 24
5 26
6 21
6 27
7 4
7 36
8 13
8 17
9 10
9 16
10 30
10 38
11 24
11 35
12 6
12 14
13 5
13 31
14 19
14 27
15 5
15 11
16 30
16 38
17 31
17 39
18 2
18 6
19 25
19 37
20 2
20 14
21 33
21 37
22 0
22 8
23 1
23 9
24 28
24 34
25 12
25 20
26 8
26 34
27 25
27 33
28 4
28 15
29 1
29 9
30 23
30 29
31 22
31 26
32 3
32 35
33 12
33 18
34 13
34 15
35 7
35 28
36 0
36 32
37 18
37 20
38 23
38 29
39 22
39 36

# solution 161
# n=40 sym=rot4 status=verified source=flammenkamp_cache/n40_rot4
# code=oCW5OHINQ8ITc9C0AFZMX5WKQXd3BGJ1V3P9bZbBPES242UEa8cKNSa06DJ7Y6H4OTdRU1ALVDGLMFY7R
0 12
0 32
1 5
1 24
2 17
2 18
3 23
3 26
4 8
4 18
5 29
5 38
6 9
6 12
7 0
7 10
8 15
8 35
9 22
9 33
10 5
10 32
11 20
11 26
12 33
12 39
13 3
13 11
14 16
14 19
15 1
15 31
16 3
16 25
17 9
17 37
18 35
18 37
19 11
19 25
20 14
20 28
21 2
21 4
22 2
22 30
23 14
23 36
24 8
24 38
25 20
25 23
26 28
26 36
27 0
27 6
28 13
28 19
29 7
29 34
30 6
30 17
31 4
31 24
32 29
32 39
33 27
33 30
34 1
34 10
35 21
35 31
36 13
36 16
37 21
37 22
38 15
38 34
39 7
39 27

# solution 162
# n=40 sym=rot4 status=verified source=flammenkamp_cache/n40_rot4
# code=oFR7R4NBDQbEIJNUcFU78ISAa014aJYVd26HMTYPX6E5AHMXb085K3Zcd3TBLVW9O19GKLP2DQSGZCWCO
0 15
0 27
1 7
1 27
2 4
2 23
3 11
3 13
4 26
4 37
5 14
5 18
6 19
6 23
7 30
7 38
8 15
8 30
9 7
9 8
10 18
10 28
11 10
11 36
12 0
12 1
13 4
13 36
14 19
14 34
15 31
15 39
16 2
16 6
17 17
17 22
18 29
18 34
19 25
19 33
20 6
20 14
21 5
21 10
22 17
22 22
23 33
23 37
24 0
24 8
25 5
25 20
26 3
26 35
27 38
27 39
28 3
28 29
29 11
29 21
30 31
30 32
31 9
31 24
32 1
32 9
33 16
33 20
34 21
34 25
35 2
35 13
36 26
36 28
37 16
37 35
38 12
38 32
39 12
39 24

# solution 163
# n=40 sym=rot4 status=verified source=flammenkamp_cache/n40_rot4
# code=oMRENRVAMFKDX5UBF2L6BQaUW02AYJcWZ1I038N4PEZGVadLc471K5Tbd793DSXIbOS9Y6QJOHT8CGPCH
0 22
0 27
1 14
1 23
2 27
2 31
3 10
3 22
4 15
4 20
5 13
5 33
6 5
6 30
7 11
7 15
8 2
8 21
9 6
9 11
10 26
10 36
11 30
11 32
12 0
12 2
13 10
13 34
14 19
14 38
15 32
15 35
16 1
16 18
17 0
17 3
18 8
18 23
19 4
19 25
20 14
20 35
21 16
21 31
22 36
22 39
23 21
23 38
24 4
24 7
25 1
25 20
26 5
26 29
27 37
27 39
28 7
28 9
29 3
29 13
30 28
30 33
31 18
31 37
32 24
32 28
33 9
33 34
34 6
34 26
35 19
35 24
36 17
36 29
37 8
37 12
38 16
38 25
39 12
39 17

# solution 164
# n=40 sym=rot4 status=verified source=flammenkamp_cache/n40_rot4
# code=oLS3VOREc5CTZJNFG1S9U5Q082ZAMJa2W6WDI0MPX6EHdLQ7X7b3KHT4bVdDY9UBcNOGK4ARY1PCF8aBI
0 21
0 28
1 3
1 31
2 24
2 27
3 14
3 38
4 5
4 12
5 29
5 35
6 19
6 23
7 15
7 16
8 1
8 28
9 9
9 30
10 5
10 26
11 0
11 8
12 2
12 35
13 10
13 22
14 19
14 36
15 2
15 32
16 6
16 32
17 13
17 18
18 0
18 22
19 25
19 33
20 6
20 14
21 17
21 39
22 21
22 26
23 7
23 33
24 7
24 37
25 3
25 20
26 17
26 29
27 4
27 37
28 31
28 39
29 13
29 34
30 9
30 30
31 11
31 38
32 23
32 24
33 16
33 20
34 4
34 10
35 27
35 34
36 1
36 25
37 12
37 15
38 8
38 36
39 11
39 18

# solution 165
# n=40 sym=rot4 status=verified source=flammenkamp_cache/n40_rot4
# code=oFLDSQU4GGa78CKOYCY2T9L1EVX2cJS7dZaHM0A6PEXTdHM340WBK1b68PcIUAb5R5FJRVW3NNZ9DBQIO
0 15
0 21
1 13
1 28
2 26
2 30
3 4
3 16
4 16
4 36
5 7
5 8
6 12
6 20
7 24
7 34
8 12
8 34
9 2
9 29
10 9
10 21
11 1
11 14
12 31
12 33
13 2
13 38
14 19
14 28
15 7
15 39
16 35
16 36
17 17
17 22
18 0
18 10
19 6
19 25
20 14
20 33
21 29
21 39
22 17
22 22
23 3
23 4
24 0
24 32
25 11
25 20
26 1
26 37
27 6
27 8
28 25
28 38
29 18
29 30
30 10
30 37
31 5
31 27
32 5
32 15
33 19
33 27
34 31
34 32
35 3
35 23
36 23
36 35
37 9
37 13
38 11
38 26
39 18
39 24

# solution 166
# n=40 sym=rot4 status=verified source=flammenkamp_cache/n40_rot4
# code=oGIAIDSFT6WFNBZ4KCU8M3c2XDVRbHJYa5d9Pcd7PEW01EU0Y35KM2C8Q6b1aHV9RJZ4SGO7XAOBQLTLN
0 16
0 18
1 10
1 18
2 13
2 28
3 15
3 29
4 6
4 32
5 15
5 23
6 11
6 35
7 4
7 20
8 12
8 30
9 8
9 22
10 3
10 38
11 2
11 33
12 13
12 31
13 27
13 37
14 17
14 19
15 34
15 36
16 5
16 39
17 9
17 25
18 38
18 39
19 7
19 25
20 14
20 32
21 0
21 1
22 14
22 30
23 0
23 34
24 3
24 5
25 20
25 22
26 2
26 12
27 8
27 26
28 6
28 37
29 1
29 36
30 17
30 31
31 9
31 27
32 19
32 35
33 4
33 28
34 16
34 24
35 7
35 33
36 10
36 24
37 11
37 26
38 21
38 29
39 21
39 23

# solution 167
# n=40 sym=rot4 status=verified source=flammenkamp_cache/n40_rot4
# code=oGLFK6UNYAF3RWb68RW2IDZPQ58BTBJZc3dHM0U1PEc9dHM0a14KSASVYDE4QLb7CVX27CaOT5G9XJOIN
0 16
0 21
1 15
1 20
2 6
2 30
3 23
3 34
4 10
4 15
5 3
5 27
6 32
6 37
7 6
7 8
8 27
8 32
9 2
9 18
10 13
10 35
11 25
11 26
12 5
12 8
13 11
13 29
14 11
14 19
15 35
15 38
16 3
16 39
17 17
17 22
18 0
18 30
19 1
19 25
20 14
20 38
21 9
21 39
22 17
22 22
23 0
23 36
24 1
24 4
25 20
25 28
26 10
26 28
27 31
27 34
28 13
28 14
29 4
29 26
30 21
30 37
31 7
31 12
32 31
32 33
33 2
33 7
34 12
34 36
35 24
35 29
36 5
36 16
37 9
37 33
38 19
38 24
39 18
39 23

# solution 168
# n=40 sym=rot4 status=verified source=flammenkamp_cache/n40_rot4
# code=oARIJ4O7FVb6NQYHa4H9UQdCP0S6ABJ2a5IVWNcPc1E1G78LY3bKSTXBdER0D9UMZ3M5DGX28OWFZKLCT
0 10
0 27
1 18
1 19
2 4
2 24
3 7
3 15
4 31
4 37
5 6
5 23
6 26
6 34
7 17
7 36
8 4
8 17
9 9
9 30
10 26
10 39
11 12
11 25
12 0
12 28
13 6
13 10
14 11
14 19
15 2
15 36
16 5
16 18
17 31
17 32
18 23
18 38
19 25
19 38
20 1
20 14
21 1
21 16
22 7
22 8
23 21
23 34
24 3
24 37
25 20
25 28
26 29
26 33
27 11
27 39
28 14
28 27
29 0
29 13
30 9
30 30
31 22
31 35
32 3
32 22
33 5
33 13
34 16
34 33
35 2
35 8
36 24
36 32
37 15
37 35
38 20
38 21
39 12
39 29

# solution 169
# n=40 sym=rot4 status=verified source=flammenkamp_cache/n40_rot4
# code=oAMITCOBF5W8ZHJ4PQYBI1dUaDb8R7J2aGN0XUcPX6E196dGN3bKWCV2Q390cLS5DEZKM4V7YOSFRALHT
0 10
0 22
1 18
1 29
2 12
2 24
3 11
3 15
4 5
4 32
5 8
5 35
6 17
6 19
7 4
7 25
8 26
8 34
9 11
9 18
10 1
10 39
11 30
11 36
12 13
12 37
13 8
13 27
14 7
14 19
15 2
15 36
16 16
16 23
17 0
17 33
18 30
18 38
19 25
19 33
20 6
20 14
21 1
21 9
22 6
22 39
23 16
23 23
24 3
24 37
25 20
25 32
26 12
26 31
27 2
27 26
28 3
28 9
29 0
29 38
30 21
30 28
31 5
31 13
32 14
32 35
33 20
33 22
34 4
34 31
35 7
35 34
36 24
36 28
37 15
37 27
38 10
38 21
39 17
39 29

# solution 170
# n=40 sym=rot4 status=verified source=flammenkamp_cache/n40_rot4
# code=oHWFP8OLMCUDVIN0B5b4JBQTWNZAY1J2c6C3d3XPU9E6a0aRX1bKc5T4G7ADSKZ2YSdGL8Q9RHIFVEO7M
0 17
0 32
1 15
1 25
2 8
2 24
3 21
3 22
4 12
4 30
5 13
5 31
6 18
6 23
7 0
7 11
8 5
8 37
9 4
9 19
10 11
10 26
11 29
11 32
12 23
12 35
13 10
13 34
14 1
14 19
15 2
15 38
16 6
16 12
17 3
17 39
18 3
18 33
19 25
19 30
20 9
20 14
21 6
21 36
22 0
22 36
23 27
23 33
24 1
24 37
25 20
25 38
26 5
26 29
27 4
27 16
28 7
28 10
29 13
29 28
30 20
30 35
31 2
31 34
32 28
32 39
33 16
33 21
34 8
34 26
35 9
35 27
36 17
36 18
37 15
37 31
38 14
38 24
39 7
39 22

# solution 171
# n=40 sym=rot4 status=verified source=flammenkamp_cache/n40_rot4
# code=oHREOHOQUUY4GGL8BBW34DLVW0J3TJc12XYbd6APRCETX0256bc1KAaKd78IQZa7SSVINNZ599DFMFPCM
0 17
0 27
1 14
1 24
2 17
2 24
3 26
3 30
4 30
4 34
5 4
5 16
6 16
6 21
7 8
7 11
8 11
8 32
9 3
9 4
10 13
10 21
11 31
11 32
12 0
12 19
13 3
13 29
14 19
14 38
15 1
15 2
16 33
16 34
17 37
17 39
18 6
18 10
19 25
19 27
20 12
20 14
21 29
21 33
22 0
22 2
23 5
23 6
24 37
24 38
25 1
25 20
26 10
26 36
27 20
27 39
28 7
28 8
29 18
29 26
30 35
30 36
31 7
31 28
32 28
32 31
33 18
33 23
34 23
34 35
35 5
35 9
36 9
36 13
37 15
37 22
38 15
38 25
39 12
39 22

# solution 172
# n=40 sym=rot4 status=verified source=flammenkamp_cache/n40_rot4
# code=oFH8FRSLNSW68AY4GYcEJRX242ADQJUcd3WId3MPU9EHa0L7a019KDQTbZb6CKP15NZ5TVX7BGIBCOVMO
0 15
0 17
1 8
1 15
2 27
2 28
3 21
3 23
4 28
4 32
5 6
5 8
6 10
6 34
7 4
7 16
8 34
8 38
9 14
9 19
10 27
10 33
11 2
11 4
12 2
12 10
13 13
13 26
14 19
14 30
15 38
15 39
16 3
16 32
17 18
17 39
18 3
18 22
19 25
19 30
20 9
20 14
21 17
21 36
22 0
22 21
23 7
23 36
24 0
24 1
25 9
25 20
26 13
26 26
27 29
27 37
28 35
28 37
29 6
29 12
30 20
30 25
31 1
31 5
32 23
32 35
33 5
33 29
34 31
34 33
35 7
35 11
36 16
36 18
37 11
37 12
38 24
38 31
39 22
39 24

# solution 173
# n=40 sym=rot4 status=verified source=flammenkamp_cache/n40_rot4
# code=oOS9FJM6DHXAR4aNQIU8cIY0R5B7aJN0c7E2ZTVPb2E8A4bPW1dGK3WSYCd5L1V9LDG3ZCT6MQXHKOUBF
0 24
0 28
1 9
1 15
2 19
2 22
3 6
3 13
4 17
4 33
5 10
5 27
6 4
6 36
7 23
7 26
8 18
8 30
9 8
9 38
10 18
10 34
11 0
11 27
12 5
12 11
13 7
13 36
14 19
14 23
15 0
15 38
16 7
16 14
17 2
17 35
18 29
18 31
19 25
19 37
20 2
20 14
21 8
21 10
22 4
22 37
23 25
23 32
24 1
24 39
25 16
25 20
26 3
26 32
27 28
27 34
28 12
28 39
29 5
29 21
30 1
30 31
31 9
31 21
32 13
32 16
33 3
33 35
34 12
34 29
35 6
35 22
36 26
36 33
37 17
37 20
38 24
38 30
39 11
39 15

# solution 174
# n=40 sym=rot4 status=verified source=flammenkamp_cache/n40_rot4
# code=oGKET6O7RNY4MVbEa69RV1FDH39JSWc2T4d5SIL0QDdILBY0ZAb17BKUaMQOc8CUX3P28HZ5GCWFXAPJN
0 16
0 20
1 14
1 29
2 6
2 24
3 7
3 27
4 23
4 34
5 4
5 22
6 31
6 37
7 14
7 36
8 6
8 9
9 27
9 31
10 1
10 15
11 13
11 17
12 3
12 9
13 19
13 28
14 32
14 38
15 2
15 29
16 4
16 39
17 5
17 28
18 18
18 21
19 0
19 26
20 13
20 39
21 18
21 21
22 11
22 34
23 0
23 35
24 10
24 37
25 1
25 7
26 11
26 20
27 30
27 36
28 22
28 26
29 24
29 38
30 8
30 12
31 30
31 33
32 3
32 25
33 2
33 8
34 17
34 35
35 5
35 16
36 12
36 32
37 15
37 33
38 10
38 25
39 19
39 23

# solution 175
# n=40 sym=rot4 status=verified source=flammenkamp_cache/n40_rot4
# code=oTVCMBKFMNVUX5BCP045A0UXbWcFK7GQa4P13IL2DQbILacEZ3DNWJO17269dTYZdERSY698GHOJSHR8A
0 29
0 31
1 12
1 22
2 11
2 20
3 15
3 22
4 23
4 31
5 30
5 33
6 5
6 11
7 12
7 25
8 0
8 4
9 5
9 10
10 0
10 30
11 33
11 37
12 32
12 38
13 15
13 20
14 7
14 16
15 26
15 36
16 4
16 25
17 1
17 3
18 18
18 21
19 2
19 13
20 26
20 37
21 18
21 21
22 36
22 38
23 14
23 35
24 3
24 13
25 23
25 32
26 19
26 24
27 1
27 7
28 2
28 6
29 9
29 39
30 29
30 34
31 35
31 39
32 14
32 27
33 28
33 34
34 6
34 9
35 8
35 16
36 17
36 24
37 19
37 28
38 17
38 27
39 8
39 10

# solution 176
# n=40 sym=rot4 status=verified source=flammenkamp_cache/n40_rot4
# code=oCEMTAYKQOW29BL4MCEBY1bUXVd3JVd4GIO176N3QDaGXWcFLNZ08Ka08692c5SPRHZISUb7FDJ5TAHPR
0 12
0 14
1 22
1 29
2 10
2 34
3 20
3 26
4 24
4 32
5 2
5 9
6 11
6 21
7 4
7 22
8 12
8 14
9 11
9 34
10 1
10 37
11 30
11 33
12 31
12 39
13 3
13 19
14 31
14 39
15 4
15 16
16 18
16 24
17 1
17 7
18 6
18 23
19 3
19 26
20 13
20 36
21 16
21 33
22 32
22 38
23 15
23 21
24 23
24 35
25 0
25 8
26 20
26 36
27 0
27 8
28 6
28 9
29 2
29 38
30 5
30 28
31 25
31 27
32 17
32 35
33 18
33 28
34 30
34 37
35 7
35 15
36 13
36 19
37 5
37 29
38 10
38 17
39 25
39 27

# solution 177
# n=40 sym=rot4 status=verified source=flammenkamp_cache/n40_rot4
# code=o8THK2bCO7HBPIPUZUd780ORYBaGK563AIQZcNX1DQc6G14DLTaXYJN3S5CFdVW0949ELESMWFR2bJMAV
0 8
0 29
1 17
1 20
2 2
2 37
3 12
3 24
4 7
4 17
5 11
5 25
6 18
6 25
7 30
7 35
8 30
8 39
9 7
9 8
10 0
10 24
11 27
11 34
12 11
12 36
13 16
13 20
14 5
14 6
15 3
15 10
16 18
16 26
17 35
17 38
18 23
18 33
19 1
19 13
20 26
20 38
21 6
21 16
22 1
22 4
23 13
23 21
24 29
24 36
25 33
25 34
26 19
26 23
27 3
27 28
28 5
28 12
29 15
29 39
30 31
30 32
31 0
31 9
32 4
32 9
33 14
33 21
34 14
34 28
35 22
35 32
36 15
36 27
37 2
37 37
38 19
38 22
39 10
39 31

# solution 178
# n=40 sym=rot4 status=verified source=flammenkamp_cache/n40_rot4
# code=oCUGIHQAJ5PFZBW6NAC0HVaPXVd2K4BIY7cUbOcDa3Q1F291W5LSZJb086E38MdRTGX7S4OEYKTDMLN9R
0 12
0 30
1 16
1 18
2 17
2 26
3 10
3 19
4 5
4 25
5 15
5 35
6 11
6 32
7 6
7 23
8 10
8 12
9 0
9 17
10 31
10 36
11 25
11 33
12 31
12 39
13 2
13 20
14 4
14 11
15 18
15 34
16 7
16 38
17 30
17 37
18 24
18 38
19 13
19 36
20 3
20 26
21 1
21 15
22 2
22 9
23 1
23 32
24 5
24 21
25 28
25 35
26 19
26 37
27 0
27 8
28 6
28 14
29 3
29 8
30 22
30 39
31 27
31 29
32 16
32 33
33 7
33 28
34 4
34 24
35 14
35 34
36 20
36 29
37 13
37 22
38 21
38 23
39 9
39 27

# solution 179
# n=40 sym=rot4 status=verified source=flammenkamp_cache/n40_rot4
# code=oQRFTHKSY9C39HNEGISYZ1P380Z0KAWIc6WXbOV2DQb8F267X1L7TJd4dVaEc45BLNPGMUaRU5BJMAOCD
0 26
0 27
1 15
1 29
2 17
2 20
3 28
3 34
4 9
4 12
5 3
5 9
6 17
6 23
7 14
7 16
8 18
8 28
9 34
9 35
10 1
10 25
11 3
11 8
12 0
12 35
13 0
13 20
14 10
14 32
15 18
15 38
16 6
16 32
17 33
17 37
18 24
18 31
19 2
19 13
20 26
20 37
21 8
21 15
22 2
22 6
23 7
23 33
24 1
24 21
25 7
25 29
26 19
26 39
27 4
27 39
28 31
28 36
29 14
29 38
30 4
30 5
31 11
31 21
32 23
32 25
33 16
33 22
34 30
34 36
35 27
35 30
36 5
36 11
37 19
37 22
38 10
38 24
39 12
39 13

# solution 180
# n=40 sym=rot4 status=verified source=flammenkamp_cache/n40_rot4
# code=o9LBUMYOQ5K2ZHW6OCS1dNR8cAV3JIN37AE2X0P4QDZEd6bPTWaGLKa8T1VCG0cBRFX7M4bJYDF5H9SIU
0 9
0 21
1 11
1 30
2 22
2 34
3 24
3 26
4 5
4 20
5 2
5 35
6 17
6 32
7 6
7 24
8 12
8 28
9 1
9 39
10 23
10 27
11 8
11 38
12 10
12 31
13 3
13 19
14 18
14 23
15 3
15 7
16 10
16 14
17 2
17 33
18 0
18 25
19 4
19 26
20 13
20 35
21 14
21 39
22 6
22 37
23 25
23 29
24 32
24 36
25 16
25 21
26 20
26 36
27 8
27 29
28 1
28 31
29 12
29 16
30 0
30 38
31 11
31 27
32 15
32 33
33 7
33 22
34 4
34 37
35 19
35 34
36 13
36 15
37 5
37 17
38 9
38 28
39 18
39 30

# solution 181
# n=40 sym=rot4 status=verified source=flammenkamp_cache/n40_rot4
# code=oBCALMOSXGKAF37VX7QMRYc3d9d8KGI2YPZ291P4DQZEcUb4E5bLNJV0U0a15CHDW68WaOTJN6BFHITRS
0 11
0 12
1 10
1 21
2 22
2 24
3 28
3 33
4 16
4 20
5 10
5 15
6 3
6 7
7 31
7 33
8 7
8 26
9 22
9 27
10 34
10 38
11 3
11 39
12 9
12 39
13 8
13 20
14 16
14 18
15 2
15 34
16 25
16 35
17 2
17 9
18 1
18 25
19 4
19 13
20 26
20 35
21 14
21 38
22 30
22 37
23 4
23 14
24 5
24 37
25 21
25 23
26 19
26 31
27 0
27 30
28 0
28 36
29 1
29 5
30 12
30 17
31 13
31 32
32 6
32 8
33 32
33 36
34 24
34 29
35 19
35 23
36 6
36 11
37 15
37 17
38 18
38 29
39 27
39 28

# solution 182
# n=40 sym=rot4 status=verified source=flammenkamp_cache/n40_rot4
# code=oIMRS7FORNTAE78XbNXKM4Y1D13KSIY3b4809Pd9DQU0EUdVZ2a5LBJacQc5ZHJ6G26VWPTAGCFOWBCHL
0 18
0 22
1 27
1 28
2 7
2 15
3 24
3 27
4 23
4 29
5 10
5 14
6 7
6 8
7 33
7 37
8 23
8 33
9 20
9 22
10 4
10 34
11 1
11 13
12 1
12 3
13 20
13 28
14 18
14 34
15 3
15 37
16 4
16 8
17 0
17 9
18 25
18 39
19 9
19 13
20 26
20 30
21 0
21 14
22 30
22 39
23 31
23 35
24 2
24 36
25 5
25 21
26 11
26 19
27 36
27 38
28 26
28 38
29 5
29 35
30 17
30 19
31 6
31 16
32 2
32 6
33 31
33 32
34 25
34 29
35 10
35 16
36 12
36 15
37 24
37 32
38 11
38 12
39 17
39 21

# solution 183
# n=40 sym=rot4 status=verified source=flammenkamp_cache/n40_rot4
# code=oMRDNSW6LFH8BPa2NRYAKFU2Y08Kc6ITZ170Z3P9DQUEa4dWc4ALX1JVd5b9OJT5CGb3ESVMOIX7BGQCH
0 22
0 27
1 13
1 23
2 28
2 32
3 6
3 21
4 15
4 17
5 8
5 11
6 25
6 36
7 2
7 23
8 27
8 34
9 10
9 20
10 15
10 30
11 2
11 34
12 0
12 8
13 20
13 38
14 6
14 18
15 29
15 35
16 1
16 7
17 0
17 35
18 3
18 25
19 9
19 13
20 26
20 30
21 14
21 36
22 4
22 39
23 32
23 38
24 4
24 10
25 21
25 33
26 1
26 19
27 31
27 39
28 5
28 37
29 9
29 24
30 19
30 29
31 5
31 12
32 16
32 37
33 3
33 14
34 28
34 31
35 22
35 24
36 18
36 33
37 7
37 11
38 16
38 26
39 12
39 17

# solution 184
# n=40 sym=rot4 status=verified source=flammenkamp_cache/n40_rot4
# code=o6UCMCGJM8F7ALdTYSZ0S7Y89bcEJLQGZOb136EQa3DPXac2F4NDIKP12UV5WBd4B5A0ITWOVHKNRHR9X
0 6
0 30
1 12
1 22
2 12
2 16
3 19
3 22
4 8
4 15
5 7
5 10
6 21
6 39
7 29
7 34
8 28
8 35
9 0
9 28
10 7
10 34
11 8
11 9
12 37
12 38
13 14
13 19
14 21
14 26
15 16
15 35
16 24
16 37
17 1
17 3
18 6
18 14
19 26
19 36
20 3
20 13
21 25
21 33
22 36
22 38
23 2
23 15
24 4
24 23
25 13
25 18
26 20
26 25
27 1
27 2
28 30
28 31
29 5
29 32
30 11
30 39
31 4
31 11
32 5
32 10
33 0
33 18
34 29
34 32
35 24
35 31
36 17
36 20
37 23
37 27
38 17
38 27
39 9
39 33

# solution 185
# n=40 sym=rot4 status=verified source=flammenkamp_cache/n40_rot4
# code=oMPFJARWYEH36UY3GOS6AUb8N2IIJ0Z8cBW0ZQRQc1DCD4d7S1V4dKLLbGV29TXBFNa59XaMP57CTKOEH
0 22
0 25
1 15
1 19
2 10
2 27
3 32
3 34
4 14
4 17
5 3
5 6
6 30
6 34
7 3
7 16
8 24
8 28
9 6
9 10
10 30
10 37
11 8
11 23
12 2
12 18
13 18
13 19
14 0
14 35
15 8
15 38
16 11
16 32
17 0
17 35
18 26
18 27
19 26
19 38
20 1
20 13
21 12
21 13
22 4
22 39
23 7
23 28
24 1
24 31
25 4
25 39
26 20
26 21
27 21
27 37
28 16
28 31
29 2
29 9
30 29
30 33
31 11
31 15
32 23
32 36
33 5
33 9
34 33
34 36
35 22
35 25
36 5
36 7
37 12
37 29
38 20
38 24
39 14
39 17

# solution 186
# n=40 sym=rot4 status=verified source=flammenkamp_cache/n40_rot4
# code=oCOLM5G9GBMVbTV7W56Ea6CKZTdIJFU0Pab141QBQDSDcZc23Ed9OKL0A4JRX3PXY7W8A28HSNUNYHIFR
0 12
0 24
1 21
1 22
2 5
2 16
3 9
3 16
4 11
4 22
5 31
5 37
6 29
6 31
7 7
7 32
8 5
8 6
9 14
9 36
10 6
10 12
11 20
11 35
12 29
12 39
13 18
13 19
14 15
14 30
15 0
15 25
16 36
16 37
17 1
17 4
18 1
18 26
19 11
19 26
20 13
20 28
21 13
21 38
22 35
22 38
23 2
23 3
24 14
24 39
25 9
25 24
26 20
26 21
27 0
27 10
28 4
28 19
29 27
29 33
30 3
30 25
31 33
31 34
32 7
32 32
33 8
33 10
34 2
34 8
35 17
35 28
36 23
36 30
37 23
37 34
38 17
38 18
39 15
39 27

# solution 187
# n=40 sym=rot4 status=verified source=flammenkamp_cache/n40_rot4
# code=oNSCF68OYHK3PNbBTUb8I7C0WTcIK5H3c06PZQU4DQZ9D4EXd1aMYJL1A7dRWLV29AS2GEaJM5FVXORBG
0 23
0 28
1 12
1 15
2 6
2 8
3 24
3 34
4 17
4 20
5 3
5 25
6 23
6 37
7 11
7 29
8 30
8 37
9 8
9 18
10 7
10 12
11 0
11 32
12 29
12 38
13 18
13 20
14 5
14 17
15 3
15 38
16 0
16 6
17 25
17 35
18 26
18 30
19 4
19 13
20 26
20 35
21 9
21 13
22 4
22 14
23 33
23 39
24 1
24 36
25 22
25 34
26 19
26 21
27 1
27 10
28 7
28 39
29 27
29 32
30 21
30 31
31 2
31 9
32 10
32 28
33 2
33 16
34 14
34 36
35 19
35 22
36 5
36 15
37 31
37 33
38 24
38 27
39 11
39 16

# solution 188
# n=40 sym=rot4 status=verified source=flammenkamp_cache/n40_rot4
# code=o4AFJOR9SXd8M4IANMYSaWd392GJLEP2c7R58DXQc1D6QVYCW1bEPIKNbUa073B5HGTLZHV06BUCFKOTZ
0 4
0 10
1 15
1 19
2 24
2 27
3 9
3 28
4 33
4 39
5 8
5 22
6 4
6 18
7 10
7 23
8 22
8 34
9 28
9 36
10 32
10 39
11 3
11 9
12 2
12 16
13 19
13 21
14 14
14 25
15 2
15 38
16 7
16 27
17 5
17 8
18 13
18 33
19 26
19 38
20 1
20 13
21 6
21 26
22 31
22 34
23 12
23 32
24 1
24 37
25 14
25 25
26 18
26 20
27 23
27 37
28 30
28 36
29 0
29 7
30 3
30 11
31 5
31 17
32 16
32 29
33 21
33 35
34 17
34 31
35 0
35 6
36 11
36 30
37 12
37 15
38 20
38 24
39 29
39 35

# solution 189
# n=40 sym=rot4 status=verified source=flammenkamp_cache/n40_rot4
# code=oGR9PSVJMBNUX57HX2L5cCE2Z0TJL1TFO4d3W8DQa3DQV7a0ZFOAcIKAd4bPR1YIb6MWY69GSHK8BEUCN
0 16
0 27
1 9
1 25
2 28
2 31
3 19
3 22
4 11
4 23
5 30
5 33
6 5
6 7
7 17
7 33
8 2
8 21
9 5
9 38
10 12
10 14
11 2
11 35
12 0
12 29
13 19
13 21
14 1
14 29
15 15
15 24
16 4
16 39
17 3
17 32
18 8
18 13
19 26
19 36
20 3
20 13
21 26
21 31
22 7
22 36
23 0
23 35
24 15
24 24
25 10
25 38
26 18
26 20
27 10
27 39
28 4
28 37
29 25
29 27
30 1
30 34
31 18
31 37
32 6
32 22
33 32
33 34
34 6
34 9
35 16
35 28
36 17
36 20
37 8
37 11
38 14
38 30
39 12
39 23

# solution 190
# n=40 sym=rot4 status=verified source=flammenkamp_cache/n40_rot4
# code=oHTFIBOMRWY4B6X4PGKPT09Yb3GJL792cRV3dDc8QDV1Q0a8C1bUWIKNa25UdAEJNEZ6XSZ57CHFSLOAM
0 17
0 29
1 15
1 18
2 11
2 24
3 22
3 27
4 32
4 34
5 4
5 11
6 6
6 33
7 4
7 25
8 16
8 20
9 25
9 29
10 0
10 9
11 34
11 37
12 3
12 16
13 19
13 21
14 7
14 9
15 2
15 38
16 27
16 31
17 3
17 39
18 13
18 38
19 8
19 26
20 13
20 31
21 1
21 26
22 0
22 36
23 8
23 12
24 1
24 37
25 30
25 32
26 18
26 20
27 23
27 36
28 2
28 5
29 30
29 39
30 10
30 14
31 19
31 23
32 14
32 35
33 6
33 33
34 28
34 35
35 5
35 7
36 12
36 17
37 15
37 28
38 21
38 24
39 10
39 22

# solution 191
# n=40 sym=rot4 status=verified source=flammenkamp_cache/n40_rot4
# code=oAP9JMZ8O2IDF7BPXSaIcRd8XAGJY073YHR2NUZQc1D49GbCM5aWd5KNT6V0C1L3B6ESWOQLbFV4HKUET
0 10
0 25
1 9
1 19
2 22
2 35
3 8
3 24
4 2
4 18
5 13
5 15
6 7
6 11
7 25
7 33
8 28
8 36
9 18
9 38
10 27
10 39
11 8
11 33
12 10
12 16
13 19
13 34
14 0
14 7
15 3
15 34
16 17
16 27
17 2
17 23
18 30
18 35
19 26
19 38
20 1
20 13
21 4
21 9
22 16
22 37
23 12
23 22
24 5
24 36
25 32
25 39
26 5
26 20
27 23
27 29
28 6
28 31
29 0
29 12
30 1
30 21
31 3
31 11
32 6
32 14
33 28
33 32
34 24
34 26
35 21
35 37
36 15
36 31
37 4
37 17
38 20
38 30
39 14
39 29

# solution 192
# n=40 sym=rot4 status=verified source=flammenkamp_cache/n40_rot4
# code=oAP6MKO47IaBGBcVa7RLMDdXY8FKT0G2RPY199Z2DQb4UUc5ECbNdAJOV560QHICW381SNS3LWZFJHXET
0 10
0 25
1 6
1 22
2 20
2 24
3 4
3 7
4 18
4 36
5 11
5 16
6 11
6 38
7 31
7 36
8 7
8 27
9 21
9 22
10 13
10 39
11 33
11 34
12 8
12 15
13 20
13 29
14 0
14 16
15 2
15 27
16 25
16 34
17 1
17 9
18 9
18 35
19 2
19 13
20 26
20 37
21 4
21 30
22 30
22 38
23 5
23 14
24 12
24 37
25 23
25 39
26 10
26 19
27 24
27 31
28 5
28 6
29 0
29 26
30 17
30 18
31 12
31 32
32 3
32 8
33 1
33 28
34 23
34 28
35 3
35 21
36 32
36 35
37 15
37 19
38 17
38 33
39 14
39 29

# solution 193
# n=40 sym=rot4 status=verified source=flammenkamp_cache/n40_rot4
# code=oBNCJ2bOWHL9PSV3A6FIYNW6dQcCK5H3V0APZ4UDc1Q9Z4ETd8aMYJR1D0X7G5LOXTa8BEUIM7F2bKRGS
0 11
0 23
1 12
1 19
2 2
2 37
3 24
3 32
4 17
4 21
5 9
5 25
6 28
6 31
7 3
7 10
8 6
8 15
9 18
9 34
10 23
10 32
11 6
11 39
12 26
12 38
13 12
13 20
14 5
14 17
15 3
15 31
16 0
16 10
17 25
17 35
18 4
18 30
19 13
19 38
20 1
20 26
21 9
21 35
22 4
22 14
23 29
23 39
24 8
24 36
25 22
25 34
26 19
26 27
27 1
27 13
28 0
28 33
29 7
29 16
30 5
30 21
31 24
31 33
32 29
32 36
33 8
33 11
34 14
34 30
35 18
35 22
36 7
36 15
37 2
37 37
38 20
38 27
39 16
39 28

# solution 194
# n=40 sym=rot4 status=verified source=flammenkamp_cache/n40_rot4
# code=oEOKMBR7U67AVLZZa5L3DHYRb2BKUGd0GOP1T681DQcVXAcEFNd0N9JSb2C5MQaIY344I8TWX9WCSHJFP
0 14
0 24
1 20
1 22
2 11
2 27
3 7
3 30
4 6
4 7
5 10
5 31
6 21
6 35
7 35
7 36
8 5
8 21
9 3
9 13
10 17
10 34
11 27
11 37
12 2
12 11
13 20
13 30
14 16
14 39
15 0
15 16
16 24
16 25
17 1
17 29
18 6
18 8
19 1
19 13
20 26
20 38
21 31
21 33
22 10
22 38
23 14
23 15
24 23
24 39
25 0
25 23
26 9
26 19
27 28
27 37
28 2
28 12
29 5
29 22
30 26
30 36
31 18
31 34
32 3
32 4
33 4
33 18
34 8
34 29
35 32
35 33
36 9
36 32
37 12
37 28
38 17
38 19
39 15
39 25

# solution 195
# n=40 sym=rot4 status=verified source=flammenkamp_cache/n40_rot4
# code=oMNQYBCLU7F1JEW6ZIO3MATPbNb1JBX8Z0C093VQY5D8aUdRd4V6SKc2G2EATHaFL4X7PKcOW9IRS5DGH
0 22
0 23
1 26
1 34
2 11
2 12
3 21
3 30
4 7
4 15
5 1
5 19
6 14
6 32
7 6
7 35
8 18
8 24
9 3
9 22
10 10
10 29
11 25
11 37
12 23
12 37
13 1
13 19
14 11
14 33
15 8
15 35
16 0
16 12
17 0
17 9
18 3
18 31
19 26
19 34
20 5
20 13
21 8
21 36
22 30
22 39
23 27
23 39
24 4
24 31
25 6
25 28
26 20
26 38
27 2
27 16
28 2
28 14
29 10
29 29
30 17
30 36
31 15
31 21
32 4
32 33
33 7
33 25
34 20
34 38
35 24
35 32
36 9
36 18
37 27
37 28
38 5
38 13
39 16
39 17

# solution 196
# n=40 sym=rot4 status=verified source=flammenkamp_cache/n40_rot4
# code=oEHMTIO6VBNETRa7W3ICJ15DZ6UJSYd2G4O1dVbQU9D280cFZNb05BK9X4QYcKRLa7W3CAPGS8XFLAHMP
0 14
0 17
1 22
1 29
2 18
2 24
3 6
3 31
4 11
4 23
5 14
5 29
6 27
6 36
7 7
7 32
8 3
8 18
9 12
9 19
10 1
10 5
11 13
11 35
12 6
12 30
13 19
13 28
14 34
14 39
15 2
15 16
16 4
16 24
17 1
17 39
18 31
18 37
19 26
19 30
20 9
20 13
21 2
21 8
22 0
22 38
23 15
23 35
24 23
24 37
25 0
25 5
26 11
26 20
27 9
27 33
28 4
28 26
29 34
29 38
30 20
30 27
31 21
31 36
32 7
32 32
33 3
33 12
34 10
34 25
35 16
35 28
36 8
36 33
37 15
37 21
38 10
38 17
39 22
39 25

# solution 197
# n=40 sym=rot4 status=verified source=flammenkamp_cache/n40_rot4
# code=oGMFJADRYOU3UELGMLS45Bb8T3EJbRX4cWd0768Qc1DVXWd071Z6C2KPaAV2SYZBIHNIP9a9F5CQTKOHN
0 16
0 22
1 15
1 19
2 10
2 13
3 27
3 34
4 24
4 30
5 3
5 30
6 14
6 21
7 16
7 22
8 21
8 28
9 4
9 5
10 11
10 37
11 8
11 29
12 3
12 14
13 19
13 37
14 27
14 33
15 4
15 38
16 32
16 39
17 0
17 7
18 6
18 8
19 26
19 38
20 1
20 13
21 31
21 33
22 32
22 39
23 0
23 7
24 1
24 35
25 6
25 12
26 2
26 20
27 25
27 36
28 10
28 31
29 2
29 28
30 34
30 35
31 11
31 18
32 17
32 23
33 18
33 25
34 9
34 36
35 9
35 15
36 5
36 12
37 26
37 29
38 20
38 24
39 17
39 23

# solution 198
# n=40 sym=rot4 status=verified source=flammenkamp_cache/n40_rot4
# code=oMZPTADIW06FKFZ3R9LPV1bCH7SJb19XYGN0S8a5QDY3VBdGN56Uc2KBWMR2c8EIUCa4OJOXd7LQTAE4H
0 22
0 35
1 25
1 29
2 10
2 13
3 18
3 32
4 0
4 6
5 15
5 20
6 15
6 35
7 3
7 27
8 9
8 21
9 25
9 31
10 1
10 37
11 12
11 17
12 7
12 28
13 19
13 37
14 1
14 9
15 33
15 34
16 16
16 23
17 0
17 28
18 8
18 36
19 5
19 26
20 13
20 34
21 3
21 31
22 11
22 39
23 16
23 23
24 5
24 6
25 30
25 38
26 2
26 20
27 11
27 32
28 22
28 27
29 2
29 38
30 8
30 14
31 18
31 30
32 12
32 36
33 4
33 24
34 19
34 24
35 33
35 39
36 7
36 21
37 26
37 29
38 10
38 14
39 4
39 17

# solution 199
# n=40 sym=rot4 status=verified source=flammenkamp_cache/n40_rot4
# code=o3ODRGLKd6R9AIZPT8VMY7YMO14Kc7G0BPb9B2X3DQa6bSU2ESdNW1JZcFH5W5H8VAE4LTUCX0JINCQFa
0 3
0 24
1 13
1 27
2 16
2 21
3 20
3 39
4 6
4 27
5 9
5 10
6 18
6 35
7 25
7 29
8 8
8 31
9 22
9 34
10 7
10 34
11 22
11 24
12 1
12 4
13 20
13 38
14 7
14 16
15 0
15 11
16 25
16 37
17 9
17 11
18 2
18 33
19 3
19 13
20 26
20 36
21 6
21 37
22 28
22 30
23 2
23 14
24 28
24 39
25 23
25 32
26 1
26 19
27 35
27 38
28 15
28 17
29 5
29 32
30 5
30 17
31 8
31 31
32 10
32 14
33 4
33 21
34 29
34 30
35 12
35 33
36 0
36 19
37 18
37 23
38 12
38 26
39 15
39 36

# solution 200
# n=40 sym=rot4 status=verified source=flammenkamp_cache/n40_rot4
# code=o9GKLBRGHBR9VLMAF5TYd8WZb24JPDFPWad6a161QDcXc3X037EOQEKZb247V05AYOTHI8UCSMNCSIJNU
0 9
0 16
1 20
1 21
2 11
2 27
3 16
3 17
4 11
4 27
5 9
5 31
6 21
6 22
7 10
7 15
8 5
8 29
9 34
9 39
10 8
10 32
11 35
11 37
12 2
12 4
13 19
13 25
14 13
14 15
15 25
15 32
16 36
16 39
17 6
17 36
18 1
18 6
19 1
19 26
20 13
20 38
21 33
21 38
22 3
22 33
23 0
23 3
24 7
24 14
25 24
25 26
26 14
26 20
27 35
27 37
28 2
28 4
29 7
29 31
30 0
30 5
31 10
31 34
32 24
32 29
33 17
33 18
34 8
34 30
35 12
35 28
36 22
36 23
37 12
37 28
38 18
38 19
39 23
39 30

# solution 201
# n=40 sym=rot4 status=verified source=flammenkamp_cache/n40_rot4
# code=oCOQSGLAX9ELS3J8F9WVZCa15Td1KGZ0WPbHM25DX6QYbHM2E7d4NJc0AYc3R487UOVKaBIPU6TINBDFR
0 12
0 24
1 26
1 28
2 16
2 21
3 10
3 33
4 9
4 14
5 21
5 28
6 3
6 19
7 8
7 15
8 9
8 32
9 31
9 35
10 12
10 36
11 1
11 5
12 29
12 39
13 1
13 20
14 16
14 35
15 0
15 32
16 25
16 37
17 17
17 22
18 2
18 5
19 13
19 33
20 6
20 26
21 34
21 37
22 17
22 22
23 2
23 14
24 7
24 39
25 4
25 23
26 19
26 38
27 0
27 10
28 34
28 38
29 3
29 27
30 4
30 8
31 7
31 30
32 24
32 31
33 20
33 36
34 11
34 18
35 25
35 30
36 6
36 29
37 18
37 23
38 11
38 13
39 15
39 27

# solution 202
# n=40 sym=rot4 status=verified source=flammenkamp_cache/n40_rot4
# code=oCNIKFRMVSXEI499A3NWXFW4M2dJPDYTb083BYc1QDc15SaVd2A5QEK0bHZ7O67GaTUUZLP6B8HCOJLGR
0 12
0 23
1 18
1 20
2 15
2 27
3 22
3 31
4 28
4 33
5 14
5 18
6 4
6 9
7 9
7 10
8 3
8 23
9 32
9 33
10 15
10 32
11 4
11 22
12 2
12 39
13 19
13 25
14 13
14 34
15 29
15 37
16 0
16 8
17 3
17 11
18 34
18 38
19 1
19 26
20 13
20 38
21 1
21 5
22 28
22 36
23 31
23 39
24 2
24 10
25 5
25 26
26 14
26 20
27 0
27 37
28 17
28 35
29 7
29 24
30 6
30 7
31 16
31 36
32 29
32 30
33 30
33 35
34 21
34 25
35 6
35 11
36 8
36 17
37 12
37 24
38 19
38 21
39 16
39 27

# solution 203
# n=40 sym=rot4 status=verified source=flammenkamp_cache/n40_rot4
# code=oMUGI8a27ENIK9ERaTb0X8HFR7BFJXZQS4c0TYc5QDY15Ad1ZBD46KOSWCOMV6d2A3CPUJLGPWb3VLN9H
0 22
0 30
1 16
1 18
2 8
2 36
3 2
3 7
4 14
4 23
5 18
5 20
6 9
6 14
7 27
7 36
8 29
8 37
9 0
9 33
10 8
10 17
11 15
11 27
12 7
12 11
13 15
13 19
14 33
14 35
15 26
15 28
16 4
16 38
17 0
17 29
18 34
18 38
19 5
19 26
20 13
20 34
21 1
21 5
22 10
22 39
23 1
23 35
24 11
24 13
25 4
25 6
26 20
26 24
27 28
27 32
28 12
28 24
29 22
29 31
30 6
30 39
31 2
31 10
32 3
32 12
33 25
33 30
34 19
34 21
35 16
35 25
36 32
36 37
37 3
37 31
38 21
38 23
39 9
39 17

# solution 204
# n=40 sym=rot4 status=verified source=flammenkamp_cache/n40_rot4
# code=oEOAIBWHL5PBZUV2K6C6HDcYbNVKT4d0GCOUa3c7DQW1a39FRNd0ZAJ8G251QMXRXJb894SEYIM7SLTFP
0 14
0 24
1 10
1 18
2 11
2 32
3 17
3 21
4 5
4 25
5 11
5 35
6 30
6 31
7 2
7 20
8 6
8 12
9 6
9 17
10 13
10 38
11 34
11 37
12 23
12 31
13 20
13 29
14 4
14 39
15 0
15 16
16 12
16 24
17 30
17 36
18 3
18 38
19 7
19 13
20 26
20 32
21 1
21 36
22 3
22 9
23 15
23 27
24 23
24 39
25 0
25 35
26 10
26 19
27 8
27 16
28 2
28 5
29 1
29 26
30 22
30 33
31 27
31 33
32 19
32 37
33 8
33 9
34 4
34 28
35 14
35 34
36 18
36 22
37 7
37 28
38 21
38 29
39 15
39 25

# solution 205
# n=40 sym=rot4 status=verified source=flammenkamp_cache/n40_rot4
# code=oBLLN4FABNbKUAF8QMW5EXaadEM7JRUXb148C015QDYcdRVZc269CKWHP0336PY7HDVOT9J2GSTOZGIIS
0 11
0 21
1 21
1 23
2 4
2 15
3 10
3 11
4 23
4 37
5 20
5 30
6 10
6 15
7 8
7 26
8 22
8 32
9 5
9 14
10 33
10 36
11 36
11 39
12 14
12 22
13 7
13 19
14 27
14 30
15 33
15 37
16 1
16 4
17 8
17 12
18 0
18 1
19 5
19 26
20 13
20 34
21 38
21 39
22 27
22 31
23 35
23 38
24 2
24 6
25 9
25 12
26 20
26 32
27 17
27 25
28 0
28 3
29 3
29 6
30 25
30 34
31 7
31 17
32 13
32 31
33 24
33 29
34 9
34 19
35 2
35 16
36 28
36 29
37 24
37 35
38 16
38 18
39 18
39 28

# solution 206
# n=40 sym=rot4 status=verified source=flammenkamp_cache/n40_rot4
# code=oGMFJ4CGTTbMPOUBV7I6E34QWKbBI5U6cad05QVCc1R8DYd031X9YLS2J7DZaPXLW8S9FEH2AANRZKOHN
0 16
0 22
1 15
1 19
2 4
2 12
3 16
3 29
4 29
4 37
5 22
5 25
6 24
6 30
7 11
7 31
8 7
8 18
9 6
9 14
10 3
10 4
11 26
11 32
12 20
12 37
13 11
13 18
14 5
14 30
15 6
15 38
16 36
16 39
17 0
17 5
18 26
18 31
19 12
19 38
20 1
20 27
21 8
21 13
22 34
22 39
23 0
23 3
24 1
24 33
25 9
25 34
26 21
26 28
27 2
27 19
28 7
28 13
29 35
29 36
30 25
30 33
31 21
31 32
32 8
32 28
33 9
33 15
34 14
34 17
35 2
35 10
36 10
36 23
37 27
37 35
38 20
38 24
39 17
39 23

# solution 207
# n=40 sym=rot4 status=verified source=flammenkamp_cache/n40_rot4
# code=oHKEPCS9OIUOX5AGS8V4aDX27JbLT1c35HWNdDZ0RCd4Q0G7MYa1cAI2KWb6Q3Z8VBNTY6F9LFUBREPJM
0 17
0 20
1 14
1 25
2 12
2 28
3 9
3 24
4 18
4 30
5 24
5 33
6 5
6 10
7 16
7 28
8 8
8 31
9 4
9 36
10 13
10 33
11 2
11 7
12 19
12 37
13 21
13 29
14 1
14 38
15 3
15 5
16 17
16 32
17 23
17 39
18 13
18 35
19 0
19 27
20 12
20 39
21 4
21 26
22 0
22 16
23 7
23 22
24 34
24 36
25 1
25 38
26 10
26 18
27 2
27 20
28 32
28 37
29 6
29 26
30 3
30 35
31 8
31 31
32 11
32 23
33 29
33 34
34 6
34 15
35 9
35 21
36 15
36 30
37 11
37 27
38 14
38 25
39 19
39 22

# solution 208
# n=40 sym=rot4 status=verified source=flammenkamp_cache/n40_rot4
# code=oNO7NPR9H5DPZMUBcIJ6aBOTW2JIZ250A016aQVRV8C8D3XcdTdYb4LKb7AFS3XKL1S9H4EQYMUCEGWFG
0 23
0 24
1 7
1 23
2 25
2 27
3 9
3 17
4 5
4 13
5 25
5 35
6 22
6 30
7 11
7 38
8 18
8 19
9 6
9 36
10 11
10 24
11 29
11 32
12 2
12 19
13 18
13 35
14 2
14 5
15 0
15 10
16 0
16 1
17 6
17 36
18 26
18 31
19 27
19 31
20 8
20 12
21 8
21 13
22 3
22 33
23 38
23 39
24 29
24 39
25 34
25 37
26 4
26 21
27 20
27 37
28 7
28 10
29 15
29 28
30 3
30 33
31 20
31 21
32 1
32 28
33 9
33 17
34 4
34 14
35 26
35 34
36 22
36 30
37 12
37 14
38 16
38 32
39 15
39 16

# solution 209
# n=40 sym=rot4 status=verified source=flammenkamp_cache/n40_rot4
# code=oBENQHL9F4ZOWSU58HW6aGJ6dJP1ICd5a1TVb2QRTACDb28Ac3Y0RLcEK0XKN3X7MVY9B7F4ZOUIMDGPS
0 11
0 14
1 23
1 26
2 17
2 21
3 9
3 15
4 4
4 35
5 24
5 32
6 28
6 30
7 5
7 8
8 17
8 32
9 6
9 36
10 16
10 19
11 6
11 39
12 19
12 25
13 1
13 18
14 12
14 39
15 5
15 36
16 1
16 29
17 31
17 37
18 2
18 26
19 27
19 29
20 10
20 12
21 13
21 37
22 2
22 8
23 10
23 38
24 3
24 34
25 0
25 27
26 21
26 38
27 14
27 20
28 0
28 33
29 20
29 23
30 3
30 33
31 7
31 22
32 31
32 34
33 9
33 11
34 7
34 15
35 4
35 35
36 24
36 30
37 18
37 22
38 13
38 16
39 25
39 28

# solution 210
# n=40 sym=rot4 status=verified source=flammenkamp_cache/n40_rot4
# code=oGSLOHJ6F5VAZHa8Q4WBCPY0UKU7LAG1aPdXb1DCb2RQc260E3cNTIW9J9d5ERS7ZDV3M4T8YOXKMFIBN
0 16
0 28
1 21
1 24
2 17
2 19
3 6
3 15
4 5
4 31
5 10
5 35
6 17
6 36
7 8
7 26
8 4
8 32
9 11
9 12
10 25
10 34
11 0
11 30
12 20
12 30
13 7
13 21
14 10
14 16
15 1
15 36
16 25
16 39
17 33
17 37
18 1
18 13
19 12
19 37
20 2
20 27
21 26
21 38
22 2
22 6
23 0
23 14
24 3
24 38
25 23
25 29
26 18
26 32
27 9
27 19
28 9
28 39
29 5
29 14
30 27
30 28
31 7
31 35
32 13
32 31
33 3
33 22
34 4
34 29
35 8
35 34
36 24
36 33
37 20
37 22
38 15
38 18
39 11
39 23

# solution 211
# n=40 sym=rot4 status=verified source=flammenkamp_cache/n40_rot4
# code=o6PHJEUCL9TAWNd5SBL2Z4Y7VKaHO0bDG6OQc38Cc1RVa1DFXNQ2dFM3J8W5Z4bISBY0G7TAUIR9PKMEX
0 6
0 25
1 17
1 19
2 14
2 30
3 12
3 21
4 9
4 29
5 10
5 32
6 23
6 39
7 5
7 28
8 11
8 21
9 2
9 35
10 4
10 34
11 7
11 31
12 20
12 36
13 17
13 24
14 0
14 37
15 13
15 16
16 6
16 24
17 26
17 38
18 3
18 8
19 12
19 38
20 1
20 27
21 31
21 36
22 1
22 13
23 15
23 33
24 23
24 26
25 2
25 39
26 15
26 22
27 3
27 19
28 8
28 32
29 5
29 35
30 4
30 37
31 18
31 28
32 11
32 34
33 0
33 16
34 7
34 29
35 10
35 30
36 18
36 27
37 9
37 25
38 20
38 22
39 14
39 33

# solution 212
# n=40 sym=rot4 status=verified source=flammenkamp_cache/n40_rot4
# code=oIRKP3QMbFUBVBIOU5A47EVXY0K2H1T7ZGN3QXd1CRc06DaGN4WAcMbJd568PWZTY9FLS8S9O2HDaEJCL
0 18
0 27
1 20
1 25
2 3
2 26
3 22
3 37
4 15
4 30
5 11
5 31
6 11
6 18
7 24
7 30
8 5
8 10
9 4
9 7
10 14
10 31
11 33
11 34
12 0
12 20
13 2
13 17
14 1
14 29
15 7
15 35
16 16
16 23
17 3
17 26
18 33
18 39
19 1
19 12
20 27
20 38
21 0
21 6
22 13
22 36
23 16
23 23
24 4
24 32
25 10
25 38
26 22
26 37
27 19
27 39
28 5
28 6
29 8
29 25
30 32
30 35
31 29
31 34
32 9
32 15
33 21
33 28
34 8
34 28
35 9
35 24
36 2
36 17
37 13
37 36
38 14
38 19
39 12
39 21

# solution 213
# n=40 sym=rot4 status=verified source=flammenkamp_cache/n40_rot4
# code=oIREK3QMbFUBVBIOU5A47EVXY0K2HTc7ZGN3QXd1CRc06DaGN4W1AMbJd568PWZTY9FLS8S9O2HDaJPCL
0 18
0 27
1 14
1 20
2 3
2 26
3 22
3 37
4 15
4 30
5 11
5 31
6 11
6 18
7 24
7 30
8 5
8 10
9 4
9 7
10 14
10 31
11 33
11 34
12 0
12 20
13 2
13 17
14 29
14 38
15 7
15 35
16 16
16 23
17 3
17 26
18 33
18 39
19 1
19 12
20 27
20 38
21 0
21 6
22 13
22 36
23 16
23 23
24 4
24 32
25 1
25 10
26 22
26 37
27 19
27 39
28 5
28 6
29 8
29 25
30 32
30 35
31 29
31 34
32 9
32 15
33 21
33 28
34 8
34 28
35 9
35 24
36 2
36 17
37 13
37 36
38 19
38 25
39 12
39 21

# solution 214
# n=40 sym=rot4 status=verified source=flammenkamp_cache/n40_rot4
# code=oJY3BHOIcAI0SPUNV7A6NVZ5cJOEH6Q2C79QbZaRd0C342DUWRbDXMPFK1Y48GXTW8G9EBdLT1LFMSa5K
0 19
0 34
1 3
1 11
2 17
2 24
3 18
3 38
4 10
4 18
5 0
5 28
6 25
6 30
7 23
7 31
8 7
8 10
9 6
9 23
10 31
10 35
11 5
11 38
12 19
12 24
13 14
13 17
14 6
14 26
15 2
15 12
16 7
16 9
17 26
17 37
18 35
18 36
19 27
19 39
20 0
20 12
21 3
21 4
22 2
22 13
23 30
23 32
24 27
24 37
25 13
25 33
26 22
26 25
27 15
27 20
28 1
28 34
29 4
29 8
30 16
30 33
31 29
31 32
32 8
32 16
33 9
33 14
34 11
34 39
35 21
35 29
36 1
36 21
37 15
37 22
38 28
38 36
39 5
39 20

# solution 215
# n=40 sym=rot4 status=verified source=flammenkamp_cache/n40_rot4
# code=oGKBb1FPXCT7I3FSYPTIQ487cKZ9G38XbQdHMUY0CRd59HM0D26VaNU4J1WVZDLAE5BOaLWAR6EOc2SJN
0 16
0 20
1 11
1 37
2 1
2 15
3 25
3 33
4 12
4 29
5 7
5 18
6 3
6 15
7 28
7 34
8 25
8 29
9 18
9 26
10 4
10 8
11 7
11 38
12 20
12 35
13 9
13 16
14 3
14 8
15 33
15 37
16 26
16 39
17 17
17 22
18 30
18 34
19 0
19 12
20 27
20 39
21 5
21 9
22 17
22 22
23 0
23 13
24 2
24 6
25 31
25 36
26 23
26 30
27 4
27 19
28 1
28 32
29 31
29 35
30 13
30 21
31 10
31 14
32 5
32 11
33 24
33 36
34 21
34 32
35 10
35 27
36 6
36 14
37 24
37 38
38 2
38 28
39 19
39 23

# solution 216
# n=40 sym=rot4 status=verified source=flammenkamp_cache/n40_rot4
# code=oHJMNBDOU8AEI8AIPXZ3BXZUbJOGb7Y3C1Q1dWYRd0C570cDcRa5W2NFK2946Sa46ELTVLPTV9FQSGHKM
0 17
0 19
1 22
1 23
2 11
2 13
3 24
3 30
4 8
4 10
5 14
5 18
6 8
6 10
7 18
7 25
8 33
8 35
9 3
9 11
10 33
10 35
11 30
11 37
12 19
12 24
13 16
13 37
14 7
14 34
15 3
15 12
16 1
16 26
17 1
17 39
18 32
18 34
19 27
19 39
20 0
20 12
21 5
21 7
22 0
22 38
23 13
23 38
24 27
24 36
25 5
25 32
26 2
26 23
27 15
27 20
28 2
28 9
29 4
29 6
30 28
30 36
31 4
31 6
32 14
32 21
33 29
33 31
34 21
34 25
35 29
35 31
36 9
36 15
37 26
37 28
38 16
38 17
39 20
39 22

# solution 217
# n=40 sym=rot4 status=verified source=flammenkamp_cache/n40_rot4
# code=oGLPTAL9WBW8KGR349YVa1bQZ6KBF1FPQXdHM025CRYbdHM06DEOcOSJX4D2c385UZaCNJV7S7UITAEIN
0 16
0 21
1 25
1 29
2 10
2 21
3 9
3 32
4 11
4 32
5 8
5 20
6 16
6 27
7 3
7 4
8 9
8 34
9 31
9 36
10 1
10 37
11 26
11 35
12 6
12 20
13 11
13 15
14 1
14 15
15 25
15 26
16 33
16 39
17 17
17 22
18 0
18 2
19 5
19 12
20 27
20 34
21 37
21 39
22 17
22 22
23 0
23 6
24 13
24 14
25 24
25 38
26 24
26 28
27 19
27 33
28 4
28 13
29 2
29 38
30 3
30 8
31 5
31 30
32 35
32 36
33 12
33 23
34 19
34 31
35 7
35 28
36 7
36 30
37 18
37 29
38 10
38 14
39 18
39 23

# solution 218
# n=40 sym=rot4 status=verified source=flammenkamp_cache/n40_rot4
# code=oHUIQNRUZ3778ESYZOY03EJ6G2J1FTX8Q2SIdMcRTAC1H0LBbDV6AOcKbNXKPad5F45BPVWWa49CGDL9M
0 17
0 30
1 18
1 26
2 23
2 27
3 30
3 35
4 3
4 7
5 7
5 8
6 14
6 28
7 34
7 35
8 24
8 34
9 0
9 3
10 14
10 19
11 6
11 16
12 2
12 19
13 1
13 15
14 29
14 33
15 8
15 26
16 2
16 28
17 18
17 39
18 22
18 38
19 27
19 29
20 10
20 12
21 1
21 17
22 0
22 21
23 11
23 37
24 13
24 31
25 6
25 10
26 24
26 38
27 20
27 37
28 23
28 33
29 20
29 25
30 36
30 39
31 5
31 15
32 4
32 5
33 11
33 25
34 31
34 32
35 32
35 36
36 4
36 9
37 12
37 16
38 13
38 21
39 9
39 22

# solution 219
# n=40 sym=rot4 status=verified source=flammenkamp_cache/n40_rot4
# code=oNWEIJXLR5E9Z270XSTFY8Q8G3JAFZcQU0SHM3cRb2C1aHMBd9D14OTKaNVDV5OAB6dWb4UPYCI6KLP7G
0 23
0 32
1 14
1 18
2 19
2 33
3 21
3 27
4 5
4 14
5 9
5 35
6 2
6 7
7 0
7 33
8 28
8 29
9 15
9 34
10 8
10 26
11 8
11 16
12 3
12 19
13 10
13 15
14 35
14 38
15 26
15 30
16 0
16 28
17 17
17 22
18 3
18 38
19 27
19 37
20 2
20 12
21 1
21 36
22 17
22 22
23 11
23 39
24 9
24 13
25 1
25 4
26 24
26 29
27 20
27 36
28 23
28 31
29 13
29 31
30 5
30 24
31 10
31 11
32 6
32 39
33 32
33 37
34 4
34 30
35 25
35 34
36 12
36 18
37 6
37 20
38 21
38 25
39 7
39 16

# solution 220
# n=40 sym=rot4 status=verified source=flammenkamp_cache/n40_rot4
# code=oMRNPBI9IMS9VGT7W5KYa6D4b0KOT1FDP1X04ab8CRV23Zd6cEQOcAFJd2ZQX35JY7WAN8UBHLULSEGCH
0 22
0 27
1 23
1 25
2 11
2 18
3 9
3 18
4 22
4 28
5 9
5 31
6 16
6 29
7 7
7 32
8 5
8 20
9 34
9 36
10 6
10 13
11 4
11 37
12 0
12 20
13 24
13 29
14 1
14 15
15 13
15 25
16 1
16 33
17 0
17 4
18 36
18 37
19 8
19 12
20 27
20 31
21 2
21 3
22 35
22 39
23 6
23 38
24 14
24 26
25 24
25 38
26 10
26 15
27 19
27 39
28 2
28 35
29 26
29 33
30 3
30 5
31 19
31 34
32 7
32 32
33 10
33 23
34 8
34 30
35 11
35 17
36 21
36 30
37 21
37 28
38 14
38 16
39 12
39 17

# solution 221
# n=40 sym=rot4 status=verified source=flammenkamp_cache/n40_rot4
# code=oFHGQ8AJX8AFL37SXZb9UZb7EHK1EQSYdIcRd5NCa3RGY0C1L05BDPcJMPW249U246BWaIOTV6KTVDNMO
0 15
0 17
1 16
1 26
2 8
2 10
3 19
3 33
4 8
4 10
5 15
5 21
6 3
6 7
7 28
7 33
8 35
8 37
9 9
9 30
10 35
10 37
11 7
11 14
12 17
12 20
13 1
13 14
14 26
14 28
15 34
15 39
16 18
16 38
17 27
17 39
18 5
18 23
19 12
19 36
20 3
20 27
21 16
21 34
22 0
22 12
23 1
23 21
24 0
24 5
25 11
25 13
26 25
26 38
27 19
27 22
28 25
28 32
29 2
29 4
30 9
30 30
31 2
31 4
32 6
32 11
33 32
33 36
34 18
34 24
35 29
35 31
36 6
36 20
37 29
37 31
38 13
38 23
39 22
39 24

# solution 222
# n=40 sym=rot4 status=verified source=flammenkamp_cache/n40_rot4
# code=oLX5BNO8YQT3c0L7WSaJT498cGK4PDM2H2REO06CU9RXdFPCbMbHQEZJN1VUZAK3B7WId1aAD5VFGSY6I
0 21
0 33
1 5
1 11
2 23
2 24
3 8
3 34
4 26
4 29
5 3
5 38
6 0
6 21
7 7
7 32
8 28
8 36
9 19
9 29
10 4
10 9
11 8
11 38
12 16
12 20
13 4
13 25
14 13
14 22
15 2
15 17
16 2
16 27
17 14
17 24
18 0
18 6
19 12
19 30
20 9
20 27
21 33
21 39
22 15
22 25
23 12
23 37
24 22
24 37
25 17
25 26
26 14
26 35
27 19
27 23
28 1
28 31
29 30
29 35
30 10
30 20
31 3
31 11
32 7
32 32
33 18
33 39
34 1
34 36
35 10
35 13
36 5
36 31
37 15
37 16
38 28
38 34
39 6
39 18

# solution 223
# n=40 sym=rot4 status=verified source=flammenkamp_cache/n40_rot4
# code=oLX5BNO58QTac0L7WSaJT498cGK4PDM2H2REO06CU9RXdFPCbMbHQEZJN1VUZAK3B7WId13ADVYFGSY6I
0 21
0 33
1 5
1 11
2 23
2 24
3 5
3 8
4 26
4 29
5 36
5 38
6 0
6 21
7 7
7 32
8 28
8 36
9 19
9 29
10 4
10 9
11 8
11 38
12 16
12 20
13 4
13 25
14 13
14 22
15 2
15 17
16 2
16 27
17 14
17 24
18 0
18 6
19 12
19 30
20 9
20 27
21 33
21 39
22 15
22 25
23 12
23 37
24 22
24 37
25 17
25 26
26 14
26 35
27 19
27 23
28 1
28 31
29 30
29 35
30 10
30 20
31 3
31 11
32 7
32 32
33 18
33 39
34 1
34 3
35 10
35 13
36 31
36 34
37 15
37 16
38 28
38 34
39 6
39 18

# solution 224
# n=40 sym=rot4 status=verified source=flammenkamp_cache/n40_rot4
# code=oBMMTFGIU69STVZFN6J3Z155dJQCEIQWb7b01PaRV8C3Ecd2W27DLPRDK0YYc4aKXGO48ABUX9LNOAHHS
0 11
0 22
1 22
1 29
2 15
2 16
3 18
3 30
4 6
4 9
5 28
5 29
6 31
6 35
7 15
7 23
8 6
8 19
9 3
9 35
10 1
10 5
11 5
11 39
12 19
12 26
13 12
13 14
14 18
14 26
15 32
15 37
16 7
16 37
17 0
17 1
18 25
18 36
19 27
19 31
20 8
20 12
21 3
21 14
22 38
22 39
23 2
23 32
24 2
24 7
25 13
25 21
26 25
26 27
27 13
27 20
28 0
28 34
29 34
29 38
30 4
30 36
31 20
31 33
32 16
32 24
33 4
33 8
34 10
34 11
35 30
35 33
36 9
36 21
37 23
37 24
38 10
38 17
39 17
39 28

# solution 225
# n=40 sym=rot4 status=verified source=flammenkamp_cache/n40_rot4
# code=oIJEO8CMWAUHPBG38Wb4LQZDXJbAS5c1GOX3Y9dRd0C0U5a6FNc1YBT2K6Q4DIZ27VaNSEM9T7HRVFPKL
0 18
0 19
1 14
1 24
2 8
2 12
3 22
3 32
4 10
4 30
5 17
5 25
6 11
6 16
7 3
7 8
8 32
8 37
9 4
9 21
10 26
10 35
11 13
11 33
12 19
12 37
13 10
13 28
14 5
14 38
15 1
15 16
16 24
16 33
17 3
17 34
18 9
18 39
19 27
19 39
20 0
20 12
21 0
21 30
22 5
22 36
23 6
23 15
24 23
24 38
25 1
25 34
26 11
26 29
27 2
27 20
28 6
28 26
29 4
29 13
30 18
30 35
31 2
31 7
32 31
32 36
33 23
33 28
34 14
34 22
35 9
35 29
36 7
36 17
37 27
37 31
38 15
38 25
39 20
39 21

# solution 226
# n=40 sym=rot4 status=verified source=flammenkamp_cache/n40_rot4
# code=oKLGPGP9WOY4OSU3L8V6aDH6QJMBT1245bcCT070RCdWdAR12YZbcASHKDXMQ3X8VIa9BFZ5F7UENENIJ
0 20
0 21
1 16
1 25
2 16
2 25
3 9
3 32
4 24
4 34
5 4
5 24
6 28
6 30
7 3
7 21
8 8
8 31
9 6
9 36
10 13
10 17
11 6
11 26
12 19
12 22
13 11
13 29
14 1
14 2
15 4
15 5
16 37
16 38
17 12
17 29
18 0
18 7
19 0
19 27
20 12
20 39
21 32
21 39
22 10
22 27
23 1
23 2
24 34
24 35
25 37
25 38
26 10
26 28
27 17
27 20
28 13
28 33
29 22
29 26
30 3
30 33
31 8
31 31
32 18
32 36
33 9
33 11
34 15
34 35
35 5
35 15
36 7
36 30
37 14
37 23
38 14
38 23
39 18
39 19

# solution 227
# n=40 sym=rot4 status=verified source=flammenkamp_cache/n40_rot4
# code=oEINO8B4SKa7A9GQYRbLXQY3b8K7AFd1P1XHM9d4CRZ0UHM6cEc0OTWJV2a5D6I2C5DNUTW3JBZSVFGLP
0 14
0 18
1 23
1 24
2 8
2 11
3 4
3 28
4 20
4 36
5 7
5 10
6 9
6 16
7 26
7 34
8 27
8 37
9 21
9 33
10 26
10 34
11 3
11 37
12 8
12 20
13 7
13 10
14 15
14 39
15 1
15 25
16 1
16 33
17 17
17 22
18 9
18 39
19 4
19 12
20 27
20 35
21 0
21 30
22 17
22 22
23 6
23 38
24 14
24 38
25 0
25 24
26 29
26 32
27 19
27 31
28 2
28 36
29 5
29 13
30 6
30 18
31 2
31 12
32 5
32 13
33 23
33 30
34 29
34 32
35 3
35 19
36 11
36 35
37 28
37 31
38 15
38 16
39 21
39 25

# solution 228
# n=40 sym=rot4 status=verified source=flammenkamp_cache/n40_rot4
# code=o5G9LMSIMQVBd9GJP4RXcFQ2Y8K4A7FPTXd231aCW7R3cab06AEOWTZJV5bDO16CZEKNU0S8DHLBHIUNY
0 5
0 16
1 9
1 21
2 22
2 28
3 18
3 22
4 26
4 31
5 11
5 39
6 9
6 16
7 19
7 25
8 4
8 27
9 33
9 38
10 15
10 26
11 2
11 34
12 8
12 20
13 4
13 10
14 7
14 15
15 25
15 29
16 33
16 39
17 2
17 3
18 1
18 36
19 12
19 32
20 7
20 27
21 3
21 38
22 36
22 37
23 0
23 6
24 10
24 14
25 24
25 32
26 29
26 35
27 19
27 31
28 5
28 37
29 13
29 24
30 1
30 6
31 12
31 35
32 14
32 20
33 23
33 30
34 0
34 28
35 8
35 13
36 17
36 21
37 11
37 17
38 18
38 30
39 23
39 34

# solution 229
# n=40 sym=rot4 status=verified source=flammenkamp_cache/n40_rot4
# code=o9FJLCQ8M8EMSBFLUZa7dEQ5XJb2ATZXdGN3517Rc1CWcYaGN064ATb2K6YDP0W349IOSBHPVHVDRIKOU
0 9
0 15
1 19
1 21
2 12
2 26
3 8
3 22
4 8
4 14
5 22
5 28
6 11
6 15
7 21
7 30
8 35
8 36
9 7
9 39
10 14
10 26
11 5
11 33
12 19
12 37
13 2
13 10
14 29
14 35
15 33
15 39
16 16
16 23
17 3
17 5
18 1
18 7
19 27
19 38
20 1
20 12
21 32
21 38
22 34
22 36
23 16
23 23
24 0
24 6
25 4
25 10
26 29
26 37
27 2
27 20
28 6
28 34
29 13
29 25
30 0
30 32
31 3
31 4
32 9
32 18
33 24
33 28
34 11
34 17
35 25
35 31
36 17
36 31
37 13
37 27
38 18
38 20
39 24
39 30

# solution 230
# n=40 sym=rot4 status=verified source=flammenkamp_cache/n40_rot4
# code=oEJ9TDS6OIOISGa9V7DWc1P25HJVbAd34HXNRYZRd0C45CG6MZa0T28KMYbEc17QW8U3NBLFLFXBQAUKP
0 14
0 19
1 9
1 29
2 13
2 28
3 6
3 24
4 18
4 24
5 18
5 28
6 16
6 36
7 9
7 31
8 7
8 13
9 32
9 38
10 1
10 25
11 2
11 5
12 17
12 19
13 31
13 37
14 10
14 39
15 3
15 4
16 17
16 33
17 23
17 27
18 34
18 35
19 27
19 39
20 0
20 12
21 4
21 5
22 12
22 16
23 6
23 22
24 35
24 36
25 0
25 29
26 2
26 8
27 20
27 22
28 34
28 37
29 14
29 38
30 1
30 7
31 26
31 32
32 8
32 30
33 3
33 23
34 11
34 21
35 15
35 21
36 15
36 33
37 11
37 26
38 10
38 30
39 20
39 25

# solution 231
# n=40 sym=rot4 status=verified source=flammenkamp_cache/n40_rot4
# code=o6XGMGIDI7FTU0dUZJQ575HOPJP8aBCBZbc1TabRV8C23Ac124SRS3VEKEFMYWYDK490d9AOWLQLNHN6X
0 6
0 33
1 16
1 22
2 16
2 18
3 13
3 18
4 7
4 15
5 29
5 30
6 0
6 39
7 30
7 35
8 19
8 26
9 5
9 7
10 5
10 17
11 24
11 25
12 19
12 25
13 8
13 36
14 11
14 12
15 11
15 35
16 37
16 38
17 1
17 29
18 36
18 37
19 27
19 31
20 8
20 12
21 2
21 3
22 10
22 38
23 1
23 2
24 4
24 28
25 27
25 28
26 3
26 31
27 14
27 20
28 14
28 15
29 22
29 34
30 32
30 34
31 13
31 20
32 4
32 9
33 0
33 39
34 9
34 10
35 24
35 32
36 21
36 26
37 21
37 23
38 17
38 23
39 6
39 33

# solution 232
# n=40 sym=rot4 status=verified source=flammenkamp_cache/n40_rot4
# code=oKNQTGI9CIP7X59MYEQXa1BOTJa184VBH0b7OZb0RCd24FW2dMS8ZVc3KAFSc36DP5HUY6WELRULNADGJ
0 20
0 23
1 26
1 29
2 16
2 18
3 9
3 12
4 18
4 25
5 7
5 33
6 5
6 9
7 22
7 34
8 14
8 26
9 33
9 36
10 1
10 11
11 24
11 29
12 19
12 36
13 1
13 8
14 4
14 31
15 11
15 17
16 0
16 37
17 7
17 24
18 35
18 37
19 0
19 27
20 12
20 39
21 2
21 4
22 15
22 32
23 2
23 39
24 22
24 28
25 8
25 35
26 31
26 38
27 3
27 20
28 10
28 15
29 28
29 38
30 3
30 6
31 13
31 25
32 5
32 17
33 30
33 34
34 6
34 32
35 14
35 21
36 27
36 30
37 21
37 23
38 10
38 13
39 16
39 19

# solution 233
# n=40 sym=rot4 status=verified source=flammenkamp_cache/n40_rot4
# code=oST4KGM5DMcTaCIDFBOIP050VJXWa9G8WPb24UX1RCc69Zb2E7VNU376K8dYdELFSOQLR3A1HQYHNJZAB
0 28
0 29
1 4
1 20
2 16
2 22
3 5
3 13
4 22
4 38
5 29
5 36
6 12
6 18
7 13
7 15
8 11
8 24
9 18
9 25
10 0
10 5
11 0
11 31
12 19
12 33
13 32
13 36
14 9
14 16
15 8
15 32
16 25
16 37
17 2
17 4
18 30
18 33
19 1
19 27
20 12
20 38
21 6
21 9
22 35
22 37
23 2
23 14
24 7
24 31
25 23
25 30
26 3
26 7
27 6
27 20
28 8
28 39
29 34
29 39
30 14
30 21
31 15
31 28
32 24
32 26
33 21
33 27
34 3
34 10
35 1
35 17
36 26
36 34
37 17
37 23
38 19
38 35
39 10
39 11

# solution 234
# n=40 sym=rot4 status=verified source=flammenkamp_cache/n40_rot4
# code=oHSKU4HDNYb4AGODL8V1EEY0OJLWaTU6B3Xbd7C1RCcRW026aSX9A37IKFd5PPc8VIQFNTZ25GQMZ9JBM
0 17
0 28
1 20
1 30
2 4
2 17
3 13
3 23
4 34
4 37
5 4
5 10
6 16
6 24
7 13
7 21
8 8
8 31
9 1
9 14
10 14
10 34
11 0
11 24
12 19
12 21
13 32
13 36
14 29
14 30
15 6
15 11
16 3
16 33
17 37
17 39
18 7
18 12
19 1
19 27
20 12
20 38
21 27
21 32
22 0
22 2
23 6
23 36
24 28
24 33
25 9
25 10
26 3
26 7
27 18
27 20
28 15
28 39
29 5
29 25
30 25
30 38
31 8
31 31
32 18
32 26
33 15
33 23
34 29
34 35
35 2
35 5
36 16
36 26
37 22
37 35
38 9
38 19
39 11
39 22

# solution 235
# n=40 sym=rot4 status=verified source=flammenkamp_cache/n40_rot4
# code=o25BLZdFQ2ULdAUDJHO46SXAcGJ3WEP8aHRNV15RW7CYc8GCM3VEP7aKN1T6BXZFMKQ9T0I9bDO04ISYb
0 2
0 5
1 11
1 21
2 35
2 39
3 15
3 26
4 2
4 30
5 21
5 39
6 10
6 30
7 13
7 19
8 17
8 24
9 4
9 6
10 28
10 33
11 10
11 38
12 16
12 19
13 3
13 32
14 14
14 25
15 8
15 36
16 17
16 27
17 23
17 31
18 1
18 5
19 27
19 32
20 7
20 12
21 34
21 38
22 8
22 16
23 12
23 22
24 3
24 31
25 14
25 25
26 7
26 36
27 20
27 23
28 1
28 29
29 6
29 11
30 33
30 35
31 15
31 22
32 20
32 26
33 9
33 29
34 0
34 18
35 9
35 37
36 13
36 24
37 0
37 4
38 18
38 28
39 34
39 37

# solution 236
# n=40 sym=rot4 status=verified source=flammenkamp_cache/n40_rot4
# code=oMNBRFQHL5AJZ8UDOSX6AUZ8c1J2WGI7b0P0a3PRY5CEa3dEd2WLN7bKc1V49TX6BFQ9V4KTYIMDOCSGH
0 22
0 23
1 11
1 27
2 15
2 26
3 17
3 21
4 5
4 10
5 19
5 35
6 8
6 30
7 13
7 24
8 28
8 33
9 6
9 10
10 30
10 35
11 8
11 38
12 1
12 19
13 2
13 32
14 16
14 18
15 7
15 37
16 0
16 25
17 0
17 36
18 3
18 25
19 27
19 34
20 5
20 12
21 14
21 36
22 3
22 39
23 14
23 39
24 2
24 32
25 21
25 23
26 7
26 37
27 20
27 38
28 1
28 31
29 4
29 9
30 29
30 33
31 6
31 11
32 15
32 26
33 9
33 31
34 4
34 20
35 29
35 34
36 18
36 22
37 13
37 24
38 12
38 28
39 16
39 17

# solution 237
# n=40 sym=rot4 status=verified source=flammenkamp_cache/n40_rot4
# code=oFIFHSYAD8W2AIK4DUZ8SYa29GKWaEPcdHRNcXd6CRX061GCM01EP37JNUb35BV49QZJLTb7VQT5BMOLO
0 15
0 18
1 15
1 17
2 28
2 34
3 10
3 13
4 8
4 32
5 2
5 10
6 18
6 20
7 4
7 13
8 30
8 35
9 8
9 28
10 34
10 36
11 2
11 9
12 16
12 20
13 32
13 36
14 14
14 25
15 38
15 39
16 17
16 27
17 23
17 38
18 33
18 39
19 6
19 12
20 27
20 33
21 0
21 6
22 1
22 16
23 12
23 22
24 0
24 1
25 14
25 25
26 3
26 7
27 19
27 23
28 30
28 37
29 3
29 5
30 11
30 31
31 4
31 9
32 26
32 35
33 19
33 21
34 29
34 37
35 7
35 31
36 26
36 29
37 5
37 11
38 22
38 24
39 21
39 24

# solution 238
# n=40 sym=rot4 status=verified source=flammenkamp_cache/n40_rot4
# code=oLNPSEQ7KLY496XDaNTOY8B1TKM2W1b9H08CO043CRaZdFRVdMU2c7bHJAcSV5FAG3Q6XUZ5IJWDPBEGI
0 21
0 23
1 25
1 28
2 14
2 26
3 7
3 20
4 21
4 34
5 4
5 9
6 6
6 33
7 13
7 36
8 23
8 29
9 24
9 34
10 8
10 11
11 1
11 29
12 20
12 22
13 2
13 32
14 1
14 37
15 9
15 17
16 0
16 8
17 12
17 24
18 0
18 4
19 3
19 12
20 27
20 36
21 35
21 39
22 15
22 27
23 31
23 39
24 22
24 30
25 2
25 38
26 7
26 37
27 17
27 19
28 10
28 38
29 28
29 31
30 5
30 15
31 10
31 16
32 3
32 26
33 6
33 33
34 30
34 35
35 5
35 18
36 19
36 32
37 13
37 25
38 11
38 14
39 16
39 18

# solution 239
# n=40 sym=rot4 status=verified source=flammenkamp_cache/n40_rot4
# code=oGIBQPV7G8QIJ79Xa2ZOXFSAcHK142H9TadPRYdCY5R05CE03AUMbZcJM1TBO6F4b36UWKLDVNW8EDSLN
0 16
0 18
1 11
1 26
2 25
2 31
3 7
3 16
4 8
4 26
5 18
5 19
6 7
6 9
7 33
7 36
8 2
8 35
9 24
9 33
10 15
10 28
11 10
11 38
12 17
12 20
13 1
13 4
14 2
14 17
15 9
15 29
16 36
16 39
17 25
17 27
18 34
18 39
19 12
19 34
20 5
20 27
21 0
21 5
22 12
22 14
23 0
23 3
24 10
24 30
25 22
25 37
26 35
26 38
27 19
27 22
28 1
28 29
29 11
29 24
30 6
30 15
31 4
31 37
32 3
32 6
33 30
33 32
34 20
34 21
35 13
35 31
36 23
36 32
37 8
37 14
38 13
38 28
39 21
39 23

# solution 240
# n=40 sym=rot4 status=verified source=flammenkamp_cache/n40_rot4
# code=oGIBQIV7G8QEJ79Xa2ZOXFSAcHK14HY9TadPRbdCY5R02CE03AU5MZcJM1TBO6F4b36UWKPDVNW8LDSLN
0 16
0 18
1 11
1 26
2 18
2 31
3 7
3 16
4 8
4 26
5 14
5 19
6 7
6 9
7 33
7 36
8 2
8 35
9 24
9 33
10 15
10 28
11 10
11 38
12 17
12 20
13 1
13 4
14 17
14 34
15 9
15 29
16 36
16 39
17 25
17 27
18 37
18 39
19 12
19 34
20 5
20 27
21 0
21 2
22 12
22 14
23 0
23 3
24 10
24 30
25 5
25 22
26 35
26 38
27 19
27 22
28 1
28 29
29 11
29 24
30 6
30 15
31 4
31 37
32 3
32 6
33 30
33 32
34 20
34 25
35 13
35 31
36 23
36 32
37 8
37 21
38 13
38 28
39 21
39 23

# solution 241
# n=40 sym=rot4 status=verified source=flammenkamp_cache/n40_rot4
# code=oLSGQ6YHXPQ2F3bCUFK7HPS0AKW144AVYIcUa0N8CRVGd391L58TZZc7JTdBEMWJO9R2aObDE6M5XDNBI
0 21
0 28
1 16
1 26
2 6
2 34
3 17
3 33
4 25
4 26
5 2
5 15
6 3
6 37
7 12
7 30
8 15
8 20
9 7
9 17
10 25
10 28
11 0
11 10
12 20
12 32
13 1
13 4
14 4
14 10
15 31
15 34
16 18
16 38
17 30
17 36
18 0
18 23
19 8
19 12
20 27
20 31
21 16
21 39
22 3
22 9
23 1
23 21
24 5
24 8
25 29
25 35
26 35
26 38
27 7
27 19
28 29
28 39
29 11
29 14
30 22
30 32
31 19
31 24
32 9
32 27
33 2
33 36
34 24
34 37
35 13
35 14
36 6
36 22
37 5
37 33
38 13
38 23
39 11
39 18

# solution 242
# n=40 sym=rot4 status=verified source=flammenkamp_cache/n40_rot4
# code=oIP2GQcDF6MCUHZRV7B5EGKJV7Y2a0UIaTc4XOdASBT0F6Z1A3L9d3b5W8KJNPYSW8C4M9RHXOQ1DNbEL
0 18
0 25
1 2
1 16
2 26
2 38
3 13
3 15
4 6
4 22
5 12
5 30
6 17
6 35
7 27
7 31
8 7
8 11
9 5
9 14
10 16
10 20
11 19
11 31
12 7
12 34
13 2
13 36
14 0
14 30
15 18
15 36
16 29
16 38
17 4
17 33
18 24
18 39
19 10
19 28
20 11
20 29
21 0
21 15
22 6
22 35
23 1
23 10
24 3
24 21
25 9
25 39
26 3
26 37
27 5
27 32
28 8
28 20
29 19
29 23
30 25
30 34
31 28
31 32
32 8
32 12
33 4
33 22
34 9
34 27
35 17
35 33
36 24
36 26
37 1
37 13
38 23
38 37
39 14
39 21

# solution 243
# n=40 sym=rot4 status=verified source=flammenkamp_cache/n40_rot4
# code=oMO4ECI9OAcQW7H5X9DVaKZJNNb5VIc03BC0XPbASBT2E6dRSad1L8Y2GGK4J38QU6YMW7D1TFULRPZFH
0 22
0 24
1 4
1 14
2 12
2 18
3 9
3 24
4 10
4 38
5 26
5 32
6 7
6 17
7 5
7 33
8 9
8 13
9 31
9 36
10 20
10 35
11 19
11 23
12 23
12 37
13 5
13 31
14 18
14 38
15 0
15 3
16 11
16 12
17 0
17 33
18 25
18 37
19 10
19 28
20 11
20 29
21 2
21 14
22 6
22 39
23 27
23 28
24 36
24 39
25 1
25 21
26 8
26 34
27 2
27 16
28 16
28 20
29 4
29 19
30 3
30 8
31 26
31 30
32 6
32 34
33 22
33 32
34 7
34 13
35 1
35 29
36 15
36 30
37 21
37 27
38 25
38 35
39 15
39 17

# solution 244
# n=40 sym=rot4 status=verified source=flammenkamp_cache/n40_rot4
# code=oNRHV6FMXALFQ3b9C1SJWNZ8J0W5EIQYb0A3c4PSU9BEZ1aTd25DLPY7dKV4G7KBcRU2aDOIT6HOX8MCG
0 23
0 27
1 17
1 31
2 6
2 15
3 22
3 33
4 10
4 21
5 15
5 26
6 3
6 37
7 9
7 12
8 1
8 28
9 19
9 32
10 23
10 35
11 8
11 19
12 0
12 32
13 5
13 14
14 18
14 26
15 34
15 37
16 0
16 10
17 3
17 38
18 4
18 25
19 28
19 30
20 9
20 11
21 14
21 35
22 1
22 36
23 29
23 39
24 2
24 5
25 13
25 21
26 25
26 34
27 7
27 39
28 20
28 31
29 4
29 16
30 7
30 20
31 11
31 38
32 27
32 30
33 2
33 36
34 13
34 24
35 18
35 29
36 6
36 17
37 24
37 33
38 8
38 22
39 12
39 16

# solution 245
# n=40 sym=rot4 status=verified source=flammenkamp_cache/n40_rot4
# code=o6O8IGOVYGP3LTdCT3cDJ67HKQWCU4H02ZbPS5cBU9S1YBE24bdMZ9R7DJMWXKQ1aAR0AIaEN58FNLVFX
0 6
0 24
1 8
1 18
2 16
2 24
3 31
3 34
4 16
4 25
5 3
5 21
6 29
6 39
7 12
7 29
8 3
8 38
9 13
9 19
10 6
10 7
11 17
11 20
12 26
12 32
13 12
13 30
14 4
14 17
15 0
15 2
16 35
16 37
17 25
17 28
18 5
18 38
19 11
19 30
20 9
20 28
21 1
21 34
22 11
22 14
23 2
23 4
24 37
24 39
25 22
25 35
26 9
26 27
27 7
27 13
28 19
28 22
29 32
29 33
30 20
30 26
31 1
31 36
32 10
32 27
33 0
33 10
34 18
34 36
35 14
35 23
36 5
36 8
37 15
37 23
38 21
38 31
39 15
39 33

# solution 246
# n=40 sym=rot4 status=verified source=flammenkamp_cache/n40_rot4
# code=oMTHZEL9O1IEW8D5ARXKa0WJO8DRXYb3BGN0c2Z9SBU4b1dGNSa256CQVFK7d3J6CTYQV7PLcFUIP4MAH
0 22
0 29
1 17
1 35
2 14
2 21
3 9
3 24
4 1
4 18
5 14
5 32
6 8
6 13
7 5
7 10
8 27
8 33
9 20
9 36
10 0
10 32
11 19
11 24
12 8
12 13
13 27
13 33
14 34
14 37
15 3
15 11
16 16
16 23
17 0
17 38
18 2
18 35
19 9
19 28
20 11
20 30
21 4
21 37
22 1
22 39
23 16
23 23
24 28
24 36
25 2
25 5
26 6
26 12
27 26
27 31
28 15
28 20
29 7
29 39
30 3
30 19
31 6
31 12
32 29
32 34
33 26
33 31
34 7
34 25
35 21
35 38
36 15
36 30
37 18
37 25
38 4
38 22
39 10
39 17

# solution 247
# n=40 sym=rot4 status=verified source=flammenkamp_cache/n40_rot4
# code=oTXFVFL5IEMTa0E9R1JQW05JM7D9RXZbcGN4B2aSV8B3bSZGN1246CUQWHKYd7DKcCUPd3AHPLYIO8O6A
0 29
0 33
1 15
1 31
2 15
2 21
3 5
3 18
4 14
4 22
5 29
5 36
6 0
6 14
7 9
7 27
8 1
8 19
9 26
9 32
10 0
10 5
11 19
11 22
12 7
12 13
13 9
13 27
14 33
14 35
15 37
15 38
16 16
16 23
17 4
17 11
18 2
18 36
19 28
19 31
20 8
20 11
21 3
21 37
22 28
22 35
23 16
23 23
24 1
24 2
25 4
25 6
26 12
26 30
27 26
27 32
28 17
28 20
29 34
29 39
30 7
30 13
31 20
31 38
32 12
32 30
33 25
33 39
34 3
34 10
35 17
35 25
36 21
36 34
37 18
37 24
38 8
38 24
39 6
39 10

# solution 248
# n=40 sym=rot4 status=verified source=flammenkamp_cache/n40_rot4
# code=oPWHSGPIT6OOWUZ05DK6A3U1JCRLV0245HbNcDa8SBV3Q1G2MYZbd8ICRKc9aTXJQYd497FFXALENBM7E
0 25
0 32
1 17
1 28
2 16
2 25
3 18
3 29
4 6
4 24
5 24
5 32
6 30
6 35
7 0
7 5
8 13
8 20
9 6
9 10
10 3
10 30
11 1
11 19
12 12
12 27
13 21
13 31
14 0
14 2
15 4
15 5
16 17
16 37
17 23
17 38
18 13
18 36
19 8
19 28
20 11
20 31
21 3
21 26
22 1
22 16
23 2
23 22
24 34
24 35
25 37
25 39
26 8
26 18
27 12
27 27
28 20
28 38
29 9
29 36
30 29
30 33
31 19
31 26
32 34
32 39
33 4
33 9
34 7
34 15
35 15
35 33
36 10
36 21
37 14
37 23
38 11
38 22
39 7
39 14

# solution 249
# n=40 sym=rot4 status=verified source=flammenkamp_cache/n40_rot4
# code=oGPIR9YLRET2X57QXAKHb4VFJ137N0ZHSDdOU3c8SBV1a9F0QBM4dGWacKO8Z2MJT6DWY6bAPCI5UCLEN
0 16
0 25
1 18
1 27
2 9
2 34
3 21
3 27
4 14
4 29
5 2
5 33
6 5
6 7
7 26
7 33
8 10
8 20
9 17
9 37
10 4
10 31
11 15
11 19
12 1
12 3
13 7
13 23
14 0
14 35
15 17
15 28
16 13
16 39
17 24
17 30
18 3
18 38
19 8
19 28
20 11
20 31
21 1
21 36
22 9
22 15
23 0
23 26
24 11
24 22
25 4
25 39
26 16
26 32
27 36
27 38
28 20
28 24
29 8
29 35
30 2
30 22
31 19
31 29
32 6
32 13
33 32
33 34
34 6
34 37
35 10
35 25
36 12
36 18
37 5
37 30
38 12
38 21
39 14
39 23

# solution 250
# n=40 sym=rot4 status=verified source=flammenkamp_cache/n40_rot4
# code=oEIRS6CGMDG67YbTYKQET791J1b8ZUdHIZa3OOd8SBV0FFa34LM094V2cKcUWAPDJ5A25WXNQHNRXBCLP
0 14
0 18
1 27
1 28
2 6
2 12
3 16
3 22
4 13
4 16
5 6
5 7
6 34
6 37
7 29
7 34
8 20
8 26
9 14
9 29
10 7
10 9
11 1
11 19
12 1
12 37
13 8
13 35
14 30
14 39
15 17
15 18
16 35
16 36
17 3
17 24
18 24
18 39
19 8
19 28
20 11
20 31
21 0
21 15
22 15
22 36
23 3
23 4
24 21
24 22
25 0
25 9
26 4
26 31
27 2
27 38
28 20
28 38
29 30
29 32
30 10
30 25
31 13
31 19
32 5
32 10
33 2
33 5
34 32
34 33
35 23
35 26
36 17
36 23
37 27
37 33
38 11
38 12
39 21
39 25

# solution 251
# n=40 sym=rot4 status=verified source=flammenkamp_cache/n40_rot4
# code=oLRLM695EUWBaDb4JMR4bDNJY08TXOaEGAO1801SW7BcdVcFTNP3F6AVd5KGQ2ZCHKZ2Q3S79PYUXHICI
0 21
0 27
1 21
1 22
2 6
2 9
3 5
3 14
4 30
4 32
5 11
5 36
6 13
6 37
7 4
7 19
8 22
8 27
9 4
9 37
10 13
10 23
11 19
11 34
12 0
12 8
13 29
13 33
14 24
14 36
15 14
15 16
16 10
16 24
17 1
17 8
18 0
18 1
19 28
19 32
20 7
20 11
21 38
21 39
22 31
22 38
23 15
23 29
24 23
24 25
25 3
25 15
26 6
26 10
27 31
27 39
28 5
28 20
29 16
29 26
30 2
30 35
31 12
31 17
32 20
32 35
33 2
33 26
34 3
34 28
35 7
35 9
36 25
36 34
37 30
37 33
38 17
38 18
39 12
39 18

# solution 252
# n=40 sym=rot4 status=verified source=flammenkamp_cache/n40_rot4
# code=oEX9LEQIT6UCO0ZGK8V4c3SAJMY2Fbd5QHWCN1a7SBW3cGR7MDY02Ob5HKTBa1Z8VJN4dFR9XALDPIU6P
0 14
0 33
1 9
1 21
2 14
2 26
3 18
3 29
4 6
4 30
5 12
5 24
6 0
6 35
7 16
7 20
8 8
8 31
9 4
9 38
10 3
10 28
11 10
11 19
12 22
12 34
13 2
13 15
14 37
14 39
15 5
15 26
16 17
16 32
17 12
17 23
18 1
18 36
19 7
19 28
20 11
20 32
21 3
21 38
22 16
22 27
23 7
23 22
24 13
24 34
25 0
25 2
26 24
26 37
27 5
27 17
28 20
28 29
29 11
29 36
30 1
30 35
31 8
31 31
32 19
32 23
33 4
33 39
34 15
34 27
35 9
35 33
36 10
36 21
37 13
37 25
38 18
38 30
39 6
39 25

# solution 253
# n=40 sym=rot4 status=verified source=flammenkamp_cache/n40_rot4
# code=oILDNMQ4BUa7FKTTYCF4E67KaEV2cRUVY1H2N0d6BSX0dGbMc589C1b8P3JWXPZOR5AAJOW39SZDHGQIL
0 18
0 21
1 13
1 23
2 22
2 26
3 4
3 11
4 30
4 36
5 7
5 15
6 20
6 29
7 29
7 34
8 12
8 15
9 4
9 14
10 6
10 7
11 20
11 36
12 14
12 31
13 2
13 38
14 27
14 30
15 31
15 34
16 1
16 17
17 2
17 23
18 0
18 39
19 6
19 11
20 28
20 33
21 0
21 39
22 16
22 37
23 22
23 38
24 5
24 8
25 9
25 12
26 1
26 37
27 8
27 25
28 3
28 19
29 32
29 33
30 25
30 35
31 24
31 27
32 5
32 10
33 10
33 19
34 24
34 32
35 3
35 9
36 28
36 35
37 13
37 17
38 16
38 26
39 18
39 21

# solution 254
# n=40 sym=rot4 status=verified source=flammenkamp_cache/n40_rot4
# code=oRUGIDHDO6CFVKZTV570S7G9K0ZabEP3YTcIbMc6BSX1H2L1A5aEP234dJUNWBdWY8A4J8ORXFQMQLN9C
0 27
0 30
1 16
1 18
2 13
2 17
3 13
3 24
4 6
4 12
5 15
5 31
6 20
6 35
7 29
7 31
8 5
8 7
9 0
9 28
10 7
10 16
11 9
11 20
12 0
12 35
13 36
13 37
14 14
14 25
15 3
15 34
16 29
16 38
17 18
17 37
18 22
18 38
19 6
19 11
20 28
20 33
21 1
21 17
22 2
22 21
23 1
23 10
24 5
24 36
25 14
25 25
26 2
26 3
27 4
27 39
28 19
28 30
29 23
29 32
30 11
30 39
31 32
31 34
32 8
32 10
33 4
33 19
34 8
34 24
35 27
35 33
36 15
36 26
37 22
37 26
38 21
38 23
39 9
39 12

# solution 255
# n=40 sym=rot4 status=verified source=flammenkamp_cache/n40_rot4
# code=o3CGVMQZd3A7MEKNY1CPQFZJLVd299XIT7c25BO6SBXFSYb1WAL6UUb08IK4ODERc5GJPHWTa04DH8NRa
0 3
0 12
1 16
1 31
2 22
2 26
3 35
3 39
4 3
4 10
5 7
5 22
6 14
6 20
7 23
7 34
8 1
8 12
9 25
9 26
10 15
10 35
11 19
11 21
12 31
12 39
13 2
13 9
14 9
14 33
15 18
15 29
16 7
16 38
17 2
17 5
18 11
18 24
19 6
19 28
20 11
20 33
21 15
21 28
22 34
22 37
23 1
23 32
24 10
24 21
25 6
25 30
26 30
26 37
27 0
27 8
28 18
28 20
29 4
29 24
30 13
30 14
31 27
31 38
32 5
32 16
33 19
33 25
34 17
34 32
35 29
35 36
36 0
36 4
37 13
37 17
38 8
38 23
39 27
39 36

# solution 256
# n=40 sym=rot4 status=verified source=flammenkamp_cache/n40_rot4
# code=o4aIRTU0IEdGOKUCQPT2628GJ1W7H8Z5HSYOQac6SBX13DF5BMY4VMW7cKNVbXbAEDR9JFN0PLd9ACL3Z
0 4
0 36
1 18
1 27
2 29
2 30
3 0
3 18
4 14
4 39
5 16
5 24
6 20
6 30
7 12
7 26
8 25
8 29
9 2
9 6
10 2
10 8
11 16
11 19
12 1
12 32
13 7
13 17
14 8
14 35
15 5
15 17
16 28
16 34
17 24
17 26
18 36
18 38
19 6
19 28
20 11
20 33
21 1
21 3
22 13
22 15
23 5
23 11
24 22
24 34
25 4
25 31
26 22
26 32
27 7
27 38
28 20
28 23
29 31
29 37
30 33
30 37
31 10
31 14
32 13
32 27
33 9
33 19
34 15
34 23
35 0
35 25
36 21
36 39
37 9
37 10
38 12
38 21
39 3
39 35

# solution 257
# n=40 sym=rot4 status=verified source=flammenkamp_cache/n40_rot4
# code=oGHEFMTVXDY4J37DX3R9U2RGJ8AWZLcIcSd2dEOSY5BFP0b0B1L1I47TVKNCb9UCa6QWaKZ5Q68AHOPMN
0 16
0 17
1 14
1 15
2 22
2 29
3 31
3 33
4 13
4 34
5 4
5 19
6 3
6 7
7 13
7 33
8 3
8 27
9 9
9 30
10 2
10 27
11 16
11 19
12 8
12 10
13 32
13 35
14 21
14 38
15 18
15 38
16 28
16 39
17 2
17 39
18 14
18 24
19 28
19 34
20 5
20 11
21 15
21 25
22 0
22 37
23 0
23 11
24 1
24 21
25 1
25 18
26 4
26 7
27 29
27 31
28 20
28 23
29 12
29 37
30 9
30 30
31 12
31 36
32 6
32 26
33 32
33 36
34 20
34 35
35 5
35 26
36 6
36 8
37 10
37 17
38 24
38 25
39 22
39 23

# solution 258
# n=40 sym=rot4 status=verified source=flammenkamp_cache/n40_rot4
# code=oNTNQ8FCOWY4JCW46IbDP0LJPXa1U9B3b01HMAVSY5B8THMcd2aSU9c36EKIdEQ2LXZ7RKZ57FROVDGAG
0 23
0 29
1 23
1 26
2 8
2 15
3 12
3 24
4 32
4 34
5 4
5 19
6 12
6 32
7 4
7 6
8 18
8 37
9 13
9 25
10 0
10 21
11 19
11 25
12 33
12 36
13 1
13 30
14 9
14 11
15 3
15 37
16 0
16 1
17 17
17 22
18 10
18 31
19 28
19 34
20 5
20 11
21 8
21 29
22 17
22 22
23 38
23 39
24 2
24 36
25 28
25 30
26 9
26 38
27 3
27 6
28 14
28 20
29 18
29 39
30 14
30 26
31 2
31 21
32 33
32 35
33 7
33 27
34 20
34 35
35 5
35 7
36 15
36 27
37 24
37 31
38 13
38 16
39 10
39 16

# solution 259
# n=40 sym=rot4 status=verified source=flammenkamp_cache/n40_rot4
# code=oEZBUIO4N0aKN8RDRDX1IHPKc67VWAd2H35OTUb5BSY29AFYaMb0T78WX1JEMLc6QCQCVGJ3dGZFL9S4P
0 14
0 35
1 11
1 30
2 18
2 24
3 4
3 23
4 0
4 36
5 20
5 23
6 8
6 27
7 13
7 27
8 13
8 33
9 1
9 18
10 17
10 25
11 20
11 38
12 6
12 7
13 31
13 32
14 10
14 39
15 2
15 17
16 3
16 5
17 24
17 29
18 30
18 37
19 5
19 11
20 28
20 34
21 2
21 9
22 10
22 15
23 34
23 36
24 22
24 37
25 0
25 29
26 7
26 8
27 32
27 33
28 1
28 19
29 14
29 22
30 21
30 38
31 6
31 26
32 12
32 26
33 12
33 31
34 16
34 19
35 3
35 39
36 16
36 35
37 15
37 21
38 9
38 28
39 4
39 25

# solution 260
# n=40 sym=rot4 status=verified source=flammenkamp_cache/n40_rot4
# code=oGRCIHO79SY4K9TNaDIXa6F4K0cPVDH2T7dPbVc5BSY182E0WAbMQ8E1dJZOX36LQ3GAUJZ5BUWFMLRCN
0 16
0 27
1 12
1 18
2 17
2 24
3 7
3 9
4 28
4 34
5 4
5 20
6 9
6 29
7 23
7 36
8 13
8 18
9 33
9 36
10 6
10 15
11 4
11 20
12 0
12 38
13 25
13 31
14 13
14 17
15 2
15 29
16 7
16 39
17 25
17 37
18 31
18 38
19 5
19 11
20 28
20 34
21 1
21 8
22 2
22 14
23 0
23 32
24 10
24 37
25 22
25 26
26 8
26 14
27 1
27 39
28 19
28 35
29 24
29 33
30 3
30 6
31 21
31 26
32 3
32 16
33 10
33 30
34 19
34 35
35 5
35 11
36 30
36 32
37 15
37 22
38 21
38 27
39 12
39 23

# solution 261
# n=40 sym=rot4 status=verified source=flammenkamp_cache/n40_rot4
# code=oGMDRMPJL57UZRULZAQ56OVJO168c2GABPd0237Sa3BWabd0ESTNb1VXcFK8FXYDT4I9C49WYIKEHCQHN
0 16
0 22
1 13
1 27
2 22
2 25
3 19
3 21
4 5
4 7
5 30
5 35
6 27
6 30
7 21
7 35
8 10
8 26
9 5
9 6
10 24
10 31
11 19
11 24
12 1
12 6
13 8
13 38
14 2
14 16
15 10
15 11
16 25
16 39
17 0
17 2
18 3
18 7
19 28
19 36
20 3
20 11
21 32
21 36
22 37
22 39
23 0
23 14
24 28
24 29
25 23
25 37
26 1
26 31
27 33
27 38
28 15
28 20
29 8
29 15
30 33
30 34
31 13
31 29
32 4
32 18
33 9
33 12
34 4
34 9
35 32
35 34
36 18
36 20
37 14
37 17
38 12
38 26
39 17
39 23

# solution 262
# n=40 sym=rot4 status=verified source=flammenkamp_cache/n40_rot4
# code=oIPDI3WKbRV8GHR2U4Y7BHPJU46Gc0AFOQYTXcd3SBa016A5DFOTd1NXZ9KEMSW5Z9bCMNV8C2J7aLQEL
0 18
0 25
1 13
1 18
2 3
2 32
3 20
3 37
4 27
4 31
5 8
5 16
6 17
6 27
7 2
7 30
8 4
8 34
9 7
9 11
10 17
10 25
11 19
11 30
12 4
12 6
13 16
13 38
14 0
14 10
15 15
15 24
16 26
16 34
17 29
17 33
18 38
18 39
19 3
19 28
20 11
20 36
21 0
21 1
22 6
22 10
23 5
23 13
24 15
24 24
25 29
25 39
26 1
26 23
27 33
27 35
28 9
28 20
29 14
29 22
30 28
30 32
31 5
31 35
32 9
32 37
33 12
33 22
34 23
34 31
35 8
35 12
36 2
36 19
37 7
37 36
38 21
38 26
39 14
39 21

# solution 263
# n=40 sym=rot4 status=verified source=flammenkamp_cache/n40_rot4
# code=o3LDGKPAdAVLOGPCV479UZaHKQWCc265HXcOS052BSbYdBF16MYXb1R7DJM349UWZ8RENFI8T0TEJNQIa
0 3
0 21
1 13
1 16
2 20
2 25
3 10
3 39
4 10
4 31
5 21
5 24
6 16
6 25
7 12
7 31
8 4
8 7
9 9
9 30
10 35
10 36
11 17
11 20
12 26
12 32
13 12
13 38
14 2
14 6
15 5
15 17
16 33
16 38
17 24
17 28
18 0
18 5
19 2
19 11
20 28
20 37
21 34
21 39
22 11
22 15
23 1
23 6
24 22
24 34
25 33
25 37
26 1
26 27
27 7
27 13
28 19
28 22
29 3
29 4
30 9
30 30
31 32
31 35
32 8
32 27
33 14
33 23
34 15
34 18
35 8
35 29
36 0
36 29
37 14
37 19
38 23
38 26
39 18
39 36

# solution 264
# n=40 sym=rot4 status=verified source=flammenkamp_cache/n40_rot4
# code=oFIPRJY6T8E2BQaNUNZ7A3UJY1M6F1ZQd78CIMdSb2B0HLRVW0D4cOXHc5K9aTW4G9G3DSbPVAX5KCELO
0 15
0 18
1 25
1 27
2 19
2 34
3 6
3 29
4 8
4 14
5 2
5 11
6 26
6 36
7 23
7 30
8 23
8 35
9 7
9 10
10 3
10 30
11 19
11 34
12 1
12 22
13 6
13 15
14 1
14 35
15 26
15 39
16 7
16 8
17 12
17 18
18 22
18 39
19 28
19 37
20 2
20 11
21 0
21 17
22 21
22 27
23 31
23 32
24 0
24 13
25 4
25 38
26 24
26 33
27 17
27 38
28 5
28 20
29 9
29 36
30 29
30 32
31 4
31 16
32 9
32 16
33 3
33 13
34 28
34 37
35 25
35 31
36 10
36 33
37 5
37 20
38 12
38 14
39 21
39 24

# solution 265
# n=40 sym=rot4 status=verified source=flammenkamp_cache/n40_rot4
# code=oCINPKN9V7FFRQT9Z3HWa6EHK5d6I1TYZ12SVQd2BSb0D8Bbc45AcLX0YJMPX37Ma4UADCOOW8UGJEGLR
0 12
0 18
1 23
1 25
2 20
2 23
3 9
3 31
4 7
4 15
5 15
5 27
6 26
6 29
7 9
7 35
8 3
8 17
9 32
9 36
10 6
10 14
11 17
11 20
12 5
12 39
13 6
13 18
14 1
14 29
15 34
15 35
16 1
16 2
17 28
17 31
18 26
18 39
19 2
19 11
20 28
20 37
21 0
21 13
22 8
22 11
23 37
23 38
24 4
24 5
25 10
25 38
26 21
26 33
27 0
27 34
28 19
28 22
29 25
29 33
30 3
30 7
31 22
31 36
32 4
32 30
33 10
33 13
34 12
34 24
35 24
35 32
36 8
36 30
37 16
37 19
38 14
38 16
39 21
39 27

# solution 266
# n=40 sym=rot4 status=verified source=flammenkamp_cache/n40_rot4
# code=oINCOCJ6F4Z8PQa8DWYBMGPJUbc6W5A1a0T9IMdSb2B0HLUAd3cTY7X129KENHS57QV3DEV4ZOXKRFRGL
0 18
0 23
1 12
1 24
2 12
2 19
3 6
3 15
4 4
4 35
5 8
5 25
6 26
6 36
7 8
7 13
8 32
8 34
9 11
9 22
10 16
10 25
11 19
11 30
12 37
12 38
13 6
13 32
14 5
14 10
15 1
15 36
16 0
16 29
17 9
17 18
18 22
18 39
19 28
19 37
20 2
20 11
21 0
21 17
22 21
22 30
23 10
23 39
24 3
24 38
25 29
25 34
26 7
26 33
27 1
27 2
28 9
28 20
29 14
29 23
30 17
30 28
31 5
31 7
32 26
32 31
33 3
33 13
34 14
34 31
35 4
35 35
36 24
36 33
37 20
37 27
38 15
38 27
39 16
39 21

# solution 267
# n=40 sym=rot4 status=verified source=flammenkamp_cache/n40_rot4
# code=oCHIKFR6V8PDEWa693ZNWFNDK2dSY4YTb9AIdMc1BSc1H0LTU2A5Z5B0bJQGO7G4aUX37PQEV8XCOJLMR
0 12
0 17
1 18
1 20
2 15
2 27
3 6
3 31
4 8
4 25
5 13
5 14
6 32
6 36
7 6
7 9
8 3
8 35
9 23
9 32
10 15
10 23
11 13
11 20
12 2
12 39
13 28
13 34
14 4
14 34
15 29
15 37
16 9
16 10
17 18
17 39
18 22
18 38
19 1
19 11
20 28
20 38
21 1
21 17
22 0
22 21
23 29
23 30
24 2
24 10
25 5
25 35
26 5
26 11
27 0
27 37
28 19
28 26
29 16
29 24
30 7
30 16
31 4
31 36
32 30
32 33
33 3
33 7
34 25
34 26
35 14
35 31
36 8
36 33
37 12
37 24
38 19
38 21
39 22
39 27

# solution 268
# n=40 sym=rot4 status=verified source=flammenkamp_cache/n40_rot4
# code=oLSJX2b8DCTCM1ULNFa6D4E0KYZUaFTPV7H5N07Bc1SWdGYMW8EAO3945JdPZQX3OGI9cHRARQV2b6KBI
0 21
0 28
1 19
1 33
2 2
2 37
3 8
3 13
4 12
4 29
5 12
5 22
6 1
6 30
7 21
7 23
8 15
8 36
9 6
9 13
10 4
10 14
11 0
11 20
12 34
12 35
13 30
13 36
14 15
14 29
15 25
15 31
16 7
16 17
17 5
17 23
18 0
18 7
19 11
19 38
20 1
20 28
21 32
21 39
22 16
22 34
23 22
23 32
24 8
24 14
25 10
25 24
26 3
26 9
27 4
27 5
28 19
28 39
29 25
29 35
30 26
30 33
31 3
31 24
32 16
32 18
33 9
33 38
34 17
34 27
35 10
35 27
36 26
36 31
37 2
37 37
38 6
38 20
39 11
39 18

# solution 269
# n=40 sym=rot4 status=verified source=flammenkamp_cache/n40_rot4
# code=oIKFRGHAQ8WOX5I4PUZ8DCaHK1T3U7G5cPbSbXd0BSd062B2E1YNW9aAcJM3RQV49EZLY6F7VDTMNCOJL
0 18
0 20
1 15
1 27
2 16
2 17
3 10
3 26
4 8
4 32
5 24
5 33
6 5
6 18
7 4
7 25
8 30
8 35
9 8
9 13
10 12
10 36
11 17
11 20
12 1
12 29
13 3
13 30
14 7
14 16
15 5
15 38
16 25
16 37
17 28
17 37
18 33
18 39
19 0
19 11
20 28
20 39
21 0
21 6
22 2
22 11
23 2
23 14
24 1
24 34
25 23
25 32
26 9
26 36
27 10
27 38
28 19
28 22
29 3
29 27
30 26
30 31
31 4
31 9
32 14
32 35
33 21
33 34
34 6
34 15
35 7
35 31
36 13
36 29
37 22
37 23
38 12
38 24
39 19
39 21

# solution 270
# n=40 sym=rot4 status=verified source=flammenkamp_cache/n40_rot4
# code=oKMADGT7Y683ONZRaFZER2cJM79EcQU5V6b0BIL0SBdILSd2X8Y9D1PUWHK1bCP4O3C4GFaVX5WANQTHJ
0 20
0 22
1 10
1 13
2 16
2 29
3 7
3 34
4 6
4 8
5 3
5 24
6 23
6 35
7 27
7 36
8 15
8 35
9 14
9 27
10 2
10 38
11 19
11 22
12 7
12 9
13 14
13 38
14 26
14 30
15 5
15 31
16 6
16 37
17 0
17 11
18 18
18 21
19 0
19 28
20 11
20 39
21 18
21 21
22 28
22 39
23 2
23 33
24 8
24 34
25 9
25 13
26 1
26 25
27 30
27 32
28 17
28 20
29 1
29 37
30 12
30 25
31 4
31 24
32 3
32 12
33 4
33 16
34 15
34 36
35 31
35 33
36 5
36 32
37 10
37 23
38 26
38 29
39 17
39 19

# solution 271
# n=40 sym=rot4 status=verified source=flammenkamp_cache/n40_rot4
# code=oHKTYPQ6Z3L1C8a9HGXPW1NFJQY2C29ISAVWd4O0SBdFZ078TBLUbRb5DKOGc7E6NMU3VRcIa4XDE5AJM
0 17
0 20
1 29
1 34
2 25
2 26
3 6
3 35
4 3
4 21
5 1
5 12
6 8
6 36
7 9
7 17
8 16
8 33
9 25
9 32
10 1
10 23
11 15
11 19
12 26
12 34
13 2
13 12
14 2
14 9
15 18
15 28
16 10
16 31
17 32
17 39
18 4
18 24
19 0
19 28
20 11
20 39
21 15
21 35
22 0
22 7
23 8
23 29
24 11
24 21
25 30
25 37
26 27
26 37
27 5
27 13
28 20
28 24
29 16
29 38
30 7
30 14
31 6
31 23
32 22
32 30
33 3
33 31
34 27
34 38
35 18
35 36
36 4
36 33
37 13
37 14
38 5
38 10
39 19
39 22

# solution 272
# n=40 sym=rot4 status=verified source=flammenkamp_cache/n40_rot4
# code=oKNCODH569TUaLaBEIO5Z4NJWDcRbHW180APb6V0SBd8X2ETdVc7M2C1Q7KGZ4YFLPS3I39AUXYMQFRGJ
0 20
0 23
1 12
1 24
2 13
2 17
3 5
3 6
4 9
4 29
5 30
5 36
6 21
6 36
7 11
7 14
8 18
8 24
9 5
9 35
10 4
10 23
11 19
11 32
12 13
12 38
13 27
13 37
14 17
14 32
15 1
15 8
16 0
16 10
17 25
17 37
18 6
18 31
19 0
19 28
20 11
20 39
21 8
21 33
22 2
22 14
23 29
23 39
24 31
24 38
25 7
25 22
26 2
26 12
27 1
27 26
28 7
28 20
29 16
29 35
30 4
30 34
31 15
31 21
32 25
32 28
33 3
33 18
34 3
34 9
35 10
35 30
36 33
36 34
37 22
37 26
38 15
38 27
39 16
39 19

# solution 273
# n=40 sym=rot4 status=verified source=flammenkamp_cache/n40_rot4
# code=oKNORDH569TUaLaBEIO5Z4NJW1DRbHW180APb6V0SBd8X2ETdVc7M2CQc7KGZ4YFLPS3I39AUXYMQCFGJ
0 20
0 23
1 24
1 27
2 13
2 17
3 5
3 6
4 9
4 29
5 30
5 36
6 21
6 36
7 11
7 14
8 18
8 24
9 5
9 35
10 4
10 23
11 19
11 32
12 1
12 13
13 27
13 37
14 17
14 32
15 1
15 8
16 0
16 10
17 25
17 37
18 6
18 31
19 0
19 28
20 11
20 39
21 8
21 33
22 2
22 14
23 29
23 39
24 31
24 38
25 7
25 22
26 2
26 12
27 26
27 38
28 7
28 20
29 16
29 35
30 4
30 34
31 15
31 21
32 25
32 28
33 3
33 18
34 3
34 9
35 10
35 30
36 33
36 34
37 22
37 26
38 12
38 15
39 16
39 19

# solution 274
# n=40 sym=rot4 status=verified source=flammenkamp_cache/n40_rot4
# code=oJMMN7QIX689V3ZLb5ZEYGSAKEQ2CRUFO1T017aBd0S3WcdAcFO9CRbDPJTBN5P4Y2I4a8UVX6LDWGHHK
0 19
0 22
1 22
1 23
2 7
2 26
3 18
3 33
4 6
4 8
5 9
5 31
6 3
6 35
7 21
7 37
8 5
8 35
9 14
9 34
10 16
10 28
11 10
11 20
12 14
12 26
13 2
13 12
14 27
14 30
15 15
15 24
16 1
16 29
17 0
17 1
18 7
18 36
19 11
19 39
20 0
20 28
21 3
21 32
22 38
22 39
23 10
23 38
24 15
24 24
25 9
25 12
26 27
26 37
27 13
27 25
28 19
28 29
29 11
29 23
30 5
30 25
31 4
31 34
32 2
32 18
33 4
33 36
34 8
34 30
35 31
35 33
36 6
36 21
37 13
37 32
38 16
38 17
39 17
39 20

# solution 275
# n=40 sym=rot4 status=verified source=flammenkamp_cache/n40_rot4
# code=oJMGM7QIX689V3ZLb5ZEYGSAKEQ2CRUFOTc017aBd0S3Wcd1AFO9CRbDPJTBN5P4Y2I4a8UVX6LDWHNHK
0 19
0 22
1 16
1 22
2 7
2 26
3 18
3 33
4 6
4 8
5 9
5 31
6 3
6 35
7 21
7 37
8 5
8 35
9 14
9 34
10 16
10 28
11 10
11 20
12 14
12 26
13 2
13 12
14 27
14 30
15 15
15 24
16 29
16 38
17 0
17 1
18 7
18 36
19 11
19 39
20 0
20 28
21 3
21 32
22 38
22 39
23 1
23 10
24 15
24 24
25 9
25 12
26 27
26 37
27 13
27 25
28 19
28 29
29 11
29 23
30 5
30 25
31 4
31 34
32 2
32 18
33 4
33 36
34 8
34 30
35 31
35 33
36 6
36 21
37 13
37 32
38 17
38 23
39 17
39 20

# solution 276
# n=40 sym=rot4 status=verified source=flammenkamp_cache/n40_rot4
# code=oIMHQDX3aNUER27FXGR4KBJET581bSYIW4V0cOd9TAU0F1d8Z7L5B2cVYAPKSJZCN6OWbCP9G3a6QDMHL
0 18
0 22
1 17
1 26
2 13
2 33
3 3
3 36
4 23
4 30
5 14
5 27
6 2
6 7
7 15
7 33
8 16
8 27
9 4
9 20
10 11
10 19
11 14
11 29
12 5
12 8
13 1
13 37
14 28
14 34
15 18
15 32
16 4
16 31
17 0
17 38
18 24
18 39
19 9
19 29
20 10
20 30
21 0
21 15
22 1
22 39
23 8
23 35
24 7
24 21
25 5
25 11
26 2
26 38
27 31
27 34
28 10
28 25
29 20
29 28
30 19
30 35
31 12
31 23
32 6
32 24
33 32
33 37
34 12
34 25
35 9
35 16
36 3
36 36
37 6
37 26
38 13
38 22
39 17
39 21

# solution 277
# n=40 sym=rot4 status=verified source=flammenkamp_cache/n40_rot4
# code=oEHBEQU3aLX7R4AGYKQ2MJXRc5B28cdGIOW9d4O8TAVFZ0U7FLN01VbSY1C6KHbDJ5NTZCW6I3a9DPSMP
0 14
0 17
1 11
1 14
2 26
2 30
3 3
3 36
4 21
4 33
5 7
5 27
6 4
6 10
7 16
7 34
8 20
8 26
9 2
9 22
10 19
10 33
11 27
11 38
12 5
12 11
13 2
13 8
14 38
14 39
15 16
15 18
16 24
16 32
17 9
17 39
18 4
18 24
19 8
19 29
20 10
20 31
21 15
21 35
22 0
22 30
23 7
23 15
24 21
24 23
25 0
25 1
26 31
26 37
27 28
27 34
28 1
28 12
29 6
29 20
30 17
30 37
31 13
31 19
32 5
32 23
33 29
33 35
34 12
34 32
35 6
35 18
36 3
36 36
37 9
37 13
38 25
38 28
39 22
39 25

# solution 278
# n=40 sym=rot4 status=verified source=flammenkamp_cache/n40_rot4
# code=oPQFILX9CPT7829JYNYXa4JGRBa0F04Qc8SHM2cTW7A1bHMBV1DZdOd3SCNKZ365G5KUbVWAERU6ILODE
0 25
0 26
1 15
1 18
2 21
2 33
3 9
3 12
4 25
4 29
5 7
5 8
6 2
6 9
7 19
7 34
8 23
8 34
9 33
9 36
10 4
10 19
11 16
11 27
12 11
12 36
13 0
13 15
14 0
14 4
15 26
15 38
16 8
16 28
17 17
17 22
18 2
18 38
19 29
19 32
20 7
20 10
21 1
21 37
22 17
22 22
23 11
23 31
24 1
24 13
25 35
25 39
26 24
26 39
27 3
27 28
28 12
28 23
29 20
29 35
30 3
30 6
31 5
31 16
32 5
32 20
33 30
33 37
34 31
34 32
35 10
35 14
36 27
36 30
37 6
37 18
38 21
38 24
39 13
39 14

# solution 279
# n=40 sym=rot4 status=verified source=flammenkamp_cache/n40_rot4
# code=oPRGILZBN2E78FUJYOY6DBJTa0DRU0Z8X3cHM2cTW7A1bHM1a6V4d9CQd3AKSQX5F5K9OVWPbGS4ILNCE
0 25
0 27
1 16
1 18
2 21
2 35
3 11
3 23
4 2
4 14
5 7
5 8
6 15
6 30
7 19
7 34
8 24
8 34
9 6
9 13
10 11
10 19
11 29
11 36
12 0
12 13
13 27
13 30
14 0
14 35
15 8
15 33
16 3
16 38
17 17
17 22
18 2
18 38
19 29
19 32
20 7
20 10
21 1
21 37
22 17
22 22
23 1
23 36
24 6
24 31
25 4
25 39
26 9
26 12
27 26
27 39
28 3
28 10
29 20
29 28
30 26
30 33
31 5
31 15
32 5
32 20
33 9
33 24
34 31
34 32
35 25
35 37
36 16
36 28
37 4
37 18
38 21
38 23
39 12
39 14

# solution 280
# n=40 sym=rot4 status=verified source=flammenkamp_cache/n40_rot4
# code=oIRGHQW6YBR36Ya2JFPOQJSAZ04298H9VIcPcNdTW7A0G1E1L8UMVUbZd4TBKDFEOKb35XaCS5X7DMNCL
0 18
0 27
1 16
1 17
2 26
2 32
3 6
3 34
4 11
4 27
5 3
5 6
6 34
6 36
7 2
7 19
8 15
8 25
9 24
9 26
10 19
10 28
11 10
11 35
12 0
12 4
13 2
13 9
14 8
14 17
15 9
15 31
16 18
16 38
17 25
17 38
18 23
18 39
19 29
19 32
20 7
20 10
21 0
21 16
22 1
22 14
23 1
23 21
24 8
24 30
25 22
25 31
26 30
26 37
27 35
27 39
28 4
28 29
29 11
29 20
30 13
30 15
31 14
31 24
32 20
32 37
33 3
33 5
34 33
34 36
35 12
35 28
36 5
36 33
37 7
37 13
38 22
38 23
39 12
39 21

# solution 281
# n=40 sym=rot4 status=verified source=flammenkamp_cache/n40_rot4
# code=oGLBPLVBR5W6ZQY4J2PCGFJac3U6F18QTUdHM02TW7AbdHM09ADVcOX9a13KONREbKZ5D4X7YCS8IESIN
0 16
0 21
1 11
1 25
2 21
2 31
3 11
3 27
4 5
4 32
5 6
5 35
6 26
6 34
7 4
7 19
8 2
8 25
9 12
9 16
10 15
10 19
11 36
11 38
12 3
12 30
13 6
13 15
14 1
14 8
15 26
15 29
16 30
16 39
17 17
17 22
18 0
18 2
19 29
19 32
20 7
20 10
21 37
21 39
22 17
22 22
23 0
23 9
24 10
24 13
25 31
25 38
26 24
26 33
27 9
27 36
28 1
28 3
29 20
29 24
30 23
30 27
31 14
31 37
32 20
32 35
33 5
33 13
34 4
34 33
35 7
35 34
36 12
36 28
37 8
37 18
38 14
38 28
39 18
39 23

# solution 282
# n=40 sym=rot4 status=verified source=flammenkamp_cache/n40_rot4
# code=oIMXaDP1B6CFI1ZKRMU8FDJEa7ZTb2SUYGN08Yd7TAW05VdGN59Bb2A4W3PKQOV9HCJ4cLORXScEQ36HL
0 18
0 22
1 33
1 36
2 13
2 25
3 1
3 11
4 6
4 12
5 15
5 18
6 1
6 35
7 20
7 27
8 22
8 30
9 8
9 15
10 13
10 19
11 14
11 36
12 7
12 35
13 29
13 37
14 2
14 28
15 30
15 34
16 16
16 23
17 0
17 8
18 34
18 39
19 7
19 29
20 10
20 32
21 0
21 5
22 31
22 39
23 16
23 23
24 5
24 9
25 11
25 37
26 2
26 10
27 4
27 32
28 3
28 25
29 20
29 26
30 24
30 31
31 9
31 17
32 12
32 19
33 4
33 38
34 21
34 24
35 27
35 33
36 28
36 38
37 14
37 26
38 3
38 6
39 17
39 21

# solution 283
# n=40 sym=rot4 status=verified source=flammenkamp_cache/n40_rot4
# code=oEILNPU7V6BOSKZVa372CKQ5ZGUAF2d5Q1RHM1d6ATX0cHMCcDY0bOT9N4YDJRbWa384JBFSX8W9EGILP
0 14
0 18
1 21
1 23
2 25
2 30
3 7
3 31
4 6
4 11
5 24
5 28
6 20
6 35
7 31
7 36
8 3
8 7
9 2
9 12
10 20
10 26
11 5
11 35
12 16
12 30
13 10
13 15
14 2
14 39
15 5
15 26
16 1
16 27
17 17
17 22
18 1
18 39
19 6
19 10
20 29
20 33
21 0
21 38
22 17
22 22
23 12
23 38
24 13
24 34
25 0
25 37
26 24
26 29
27 9
27 23
28 4
28 34
29 13
29 19
30 27
30 37
31 32
31 36
32 3
32 8
33 4
33 19
34 11
34 15
35 28
35 33
36 8
36 32
37 9
37 14
38 16
38 18
39 21
39 25

# solution 284
# n=40 sym=rot4 status=verified source=flammenkamp_cache/n40_rot4
# code=o7XCIENBCPTGV0JUd5O7D4JFaacIU4b8S2YHMQcTX6A1DHM5bBV2Z9L133OKZQWFY09Kd8NAERSGPLR6W
0 7
0 33
1 12
1 18
2 14
2 23
3 11
3 12
4 25
4 29
5 16
5 31
6 0
6 19
7 30
7 39
8 5
8 24
9 7
9 13
10 4
10 19
11 15
11 36
12 36
12 38
13 18
13 30
14 4
14 37
15 8
15 28
16 2
16 34
17 17
17 22
18 26
18 38
19 29
19 33
20 6
20 10
21 1
21 13
22 17
22 22
23 5
23 37
24 11
24 31
25 2
25 35
26 9
26 21
27 1
27 3
28 3
28 24
29 20
29 35
30 26
30 32
31 15
31 34
32 0
32 9
33 20
33 39
34 8
34 23
35 10
35 14
36 27
36 28
37 16
37 25
38 21
38 27
39 6
39 32

# solution 285
# n=40 sym=rot4 status=verified source=flammenkamp_cache/n40_rot4
# code=oHUNY5CFO6R1bKZDIBQ0SGJ9V4b8WEP3a1TIdMW6TAX7H0LAc3aEP7V2Z8UKNBdDSLQ4J2cCXFORY5G9M
0 17
0 30
1 23
1 34
2 5
2 12
3 15
3 24
4 6
4 27
5 1
5 37
6 20
6 35
7 13
7 18
8 11
8 26
9 0
9 28
10 16
10 19
11 9
11 31
12 4
12 37
13 8
13 32
14 14
14 25
15 3
15 36
16 1
16 29
17 18
17 39
18 22
18 32
19 6
19 29
20 10
20 33
21 7
21 17
22 0
22 21
23 10
23 38
24 3
24 36
25 14
25 25
26 7
26 31
27 2
27 35
28 8
28 30
29 20
29 23
30 11
30 39
31 13
31 28
32 21
32 26
33 4
33 19
34 2
34 38
35 12
35 33
36 15
36 24
37 27
37 34
38 5
38 16
39 9
39 22

# solution 286
# n=40 sym=rot4 status=verified source=flammenkamp_cache/n40_rot4
# code=oLXFP7L5B8WKa0R4bQZHQKMCa6S891FPcGNAU025ATYbd9TGN1EOcUVBX3RHJDM4D2ZCd3J7VSYIWEO6I
0 21
0 33
1 15
1 25
2 7
2 21
3 5
3 11
4 8
4 32
5 20
5 36
6 0
6 27
7 4
7 37
8 26
8 35
9 17
9 26
10 20
10 22
11 12
11 36
12 6
12 28
13 8
13 9
14 1
14 15
15 25
15 38
16 16
16 23
17 10
17 30
18 0
18 2
19 5
19 10
20 29
20 34
21 37
21 39
22 9
22 29
23 16
23 23
24 1
24 14
25 24
25 38
26 30
26 31
27 11
27 33
28 3
28 27
29 17
29 19
30 13
30 22
31 4
31 13
32 2
32 35
33 12
33 39
34 3
34 19
35 7
35 31
36 28
36 34
37 18
37 32
38 14
38 24
39 6
39 18

# solution 287
# n=40 sym=rot4 status=verified source=flammenkamp_cache/n40_rot4
# code=oCMLP8WMY7F3K9T2ZDbIX6KCDSdSV1FPZGN031U5ATY9cadGN4EOc8B0BQRJX6L2Q4bAUJaOW5H7VEIHR
0 12
0 22
1 21
1 25
2 8
2 32
3 22
3 34
4 7
4 15
5 3
5 20
6 9
6 29
7 2
7 35
8 13
8 37
9 18
9 33
10 6
10 20
11 12
11 13
12 28
12 39
13 28
13 31
14 1
14 15
15 25
15 35
16 16
16 23
17 0
17 3
18 1
18 30
19 5
19 10
20 29
20 34
21 9
21 38
22 36
22 39
23 16
23 23
24 4
24 14
25 24
25 38
26 8
26 11
27 0
27 11
28 26
28 27
29 19
29 33
30 6
30 21
31 2
31 26
32 4
32 37
33 10
33 30
34 19
34 36
35 24
35 32
36 5
36 17
37 7
37 31
38 14
38 18
39 17
39 27

# solution 288
# n=40 sym=rot4 status=verified source=flammenkamp_cache/n40_rot4
# code=oCQ6C5LIOJTPbNcBV7PBG4JUWcd0F583Q6UHM2aTZ4A3bHM9XDaVYOd0179KZNSEW8S1G2EAKFLIYRXDR
0 12
0 26
1 6
1 12
2 5
2 21
3 18
3 24
4 19
4 29
5 25
5 37
6 23
6 38
7 11
7 31
8 7
8 25
9 11
9 16
10 4
10 19
11 30
11 32
12 38
12 39
13 0
13 15
14 5
14 8
15 3
15 26
16 6
16 30
17 17
17 22
18 2
18 36
19 29
19 35
20 4
20 10
21 3
21 37
22 17
22 22
23 9
23 33
24 13
24 36
25 31
25 34
26 24
26 39
27 0
27 1
28 7
28 9
29 20
29 35
30 23
30 28
31 14
31 32
32 8
32 28
33 1
33 16
34 2
34 14
35 10
35 20
36 15
36 21
37 18
37 34
38 27
38 33
39 13
39 27

# solution 289
# n=40 sym=rot4 status=verified source=flammenkamp_cache/n40_rot4
# code=oHRERDSHV7KDIAVFZ36FNKX2N01YbIcUW9BadPY4ATZ5E03SU791L25cdGb6JGOXa4O8TLQJW8MBQCPCM
0 17
0 27
1 14
1 27
2 13
2 28
3 17
3 31
4 7
4 20
5 13
5 18
6 10
6 31
7 15
7 35
8 3
8 6
9 15
9 23
10 20
10 33
11 2
11 23
12 0
12 1
13 34
13 37
14 18
14 38
15 30
15 32
16 9
16 11
17 36
17 39
18 25
18 34
19 4
19 10
20 29
20 35
21 5
21 14
22 0
22 3
23 28
23 30
24 7
24 9
25 1
25 21
26 2
26 5
27 38
27 39
28 16
28 37
29 6
29 19
30 16
30 24
31 33
31 36
32 4
32 24
33 8
33 29
34 21
34 26
35 19
35 32
36 8
36 22
37 11
37 26
38 12
38 25
39 12
39 22

# solution 290
# n=40 sym=rot4 status=verified source=flammenkamp_cache/n40_rot4
# code=oLMFQ5B9IKUXb5P7WAR4aJVGb8N1F6HQcCS0P0a4TAZ3dEdBR1DMXOcGV2N8K3ZCT7WEY269JLUSYDOHI
0 21
0 22
1 15
1 26
2 5
2 11
3 9
3 18
4 20
4 30
5 33
5 37
6 5
6 25
7 7
7 32
8 10
8 27
9 4
9 36
10 19
10 31
11 16
11 37
12 8
12 23
13 1
13 15
14 6
14 17
15 26
15 38
16 12
16 28
17 0
17 25
18 0
18 36
19 4
19 29
20 10
20 35
21 3
21 39
22 14
22 39
23 11
23 27
24 1
24 13
25 22
25 33
26 24
26 38
27 16
27 31
28 2
28 23
29 8
29 20
30 3
30 35
31 12
31 29
32 7
32 32
33 14
33 34
34 2
34 6
35 9
35 19
36 21
36 30
37 28
37 34
38 13
38 24
39 17
39 18

# solution 291
# n=40 sym=rot4 status=verified source=flammenkamp_cache/n40_rot4
# code=o8GCVHP9G5KQZ6XAL1dQaJWEFIc592SHSadOb7R4TAZCW2F03BMBbUY1LOP7K3D0cIT6X4DJYNUEM8RNV
0 8
0 16
1 12
1 31
2 17
2 25
3 9
3 16
4 5
4 20
5 26
5 35
6 6
6 33
7 10
7 21
8 1
8 39
9 26
9 36
10 19
10 32
11 14
11 15
12 18
12 38
13 5
13 9
14 2
14 28
15 17
15 28
16 36
16 39
17 24
17 37
18 7
18 27
19 4
19 29
20 10
20 35
21 12
21 32
22 2
22 15
23 0
23 3
24 11
24 22
25 11
25 37
26 30
26 34
27 1
27 21
28 24
28 25
29 7
29 20
30 3
30 13
31 0
31 38
32 18
32 29
33 6
33 33
34 4
34 13
35 19
35 34
36 23
36 30
37 14
37 22
38 8
38 27
39 23
39 31

# solution 292
# n=40 sym=rot4 status=verified source=flammenkamp_cache/n40_rot4
# code=o9NDFVXKTMN5Y29FR2DXd3KEI7EVcRSWc044IMS3ATaBHLZZd17BC18PWLPJa06QbCOUb5YGHAJ68OQGU
0 9
0 23
1 13
1 15
2 31
2 33
3 20
3 29
4 22
4 23
5 5
5 34
6 2
6 9
7 15
7 27
8 2
8 13
9 33
9 39
10 3
10 20
11 14
11 18
12 7
12 14
13 31
13 38
14 27
14 28
15 32
15 38
16 0
16 4
17 4
17 18
18 22
18 28
19 3
19 10
20 29
20 36
21 11
21 17
22 21
22 35
23 35
23 39
24 1
24 7
25 11
25 12
26 1
26 8
27 25
27 32
28 21
28 25
29 19
29 36
30 0
30 6
31 26
31 37
32 12
32 24
33 30
33 37
34 5
34 34
35 16
35 17
36 10
36 19
37 6
37 8
38 24
38 26
39 16
39 30

# solution 293
# n=40 sym=rot4 status=verified source=flammenkamp_cache/n40_rot4
# code=oFPMS8DIJOXBD4W6CUb8LHJ1YEWYb0R4dGN1T9aTa3A3UAcGN0ZCd257P5cKMIV29RX7ZQS6FKLQVBHEO
0 15
0 25
1 22
1 28
2 8
2 13
3 18
3 19
4 24
4 33
5 11
5 13
6 4
6 32
7 6
7 12
8 30
8 37
9 8
9 21
10 17
10 19
11 1
11 34
12 14
12 32
13 34
13 37
14 0
14 27
15 4
15 39
16 16
16 23
17 1
17 29
18 9
18 36
19 29
19 36
20 3
20 10
21 3
21 30
22 10
22 38
23 16
23 23
24 0
24 35
25 12
25 39
26 2
26 5
27 7
27 25
28 5
28 38
29 20
29 22
30 18
30 31
31 2
31 9
32 27
32 33
33 7
33 35
34 26
34 28
35 6
35 15
36 20
36 21
37 26
37 31
38 11
38 17
39 14
39 24

# solution 294
# n=40 sym=rot4 status=verified source=flammenkamp_cache/n40_rot4
# code=oAP4Q8IIJDcNX5UCOUb68JdGHPW1Z0C7H5SOSabTa3A23BFBYMWRd4c7EMN0KVX29FR9Y6G1QKLLVDZET
0 10
0 25
1 4
1 26
2 8
2 18
3 18
3 19
4 13
4 38
5 23
5 33
6 5
6 30
7 12
7 24
8 30
8 37
9 6
9 8
10 19
10 39
11 16
11 17
12 25
12 32
13 1
13 35
14 0
14 12
15 7
15 17
16 5
16 28
17 24
17 28
18 36
18 37
19 29
19 36
20 3
20 10
21 2
21 3
22 11
22 15
23 11
23 34
24 22
24 32
25 27
25 39
26 4
26 38
27 7
27 14
28 22
28 23
29 0
29 20
30 31
30 33
31 2
31 9
32 15
32 27
33 9
33 34
34 6
34 16
35 1
35 26
36 20
36 21
37 21
37 31
38 13
38 35
39 14
39 29

# solution 295
# n=40 sym=rot4 status=verified source=flammenkamp_cache/n40_rot4
# code=oNRNPTZKV2M9VIS7W35DY2J6M0LOU1FDP014BCX3TAa6RSZcdEQOc9FIdHXKb5QYa7WBL8UHb8J4AEGCG
0 23
0 27
1 23
1 25
2 29
2 35
3 20
3 31
4 2
4 22
5 9
5 31
6 18
6 28
7 7
7 32
8 3
8 5
9 13
9 34
10 2
10 19
11 6
11 22
12 0
12 21
13 24
13 30
14 1
14 15
15 13
15 25
16 0
16 1
17 4
17 11
18 12
18 33
19 3
19 29
20 10
20 36
21 6
21 27
22 28
22 35
23 38
23 39
24 14
24 26
25 24
25 38
26 9
26 15
27 18
27 39
28 17
28 33
29 20
29 37
30 5
30 26
31 34
31 36
32 7
32 32
33 11
33 21
34 8
34 30
35 17
35 37
36 8
36 19
37 4
37 10
38 14
38 16
39 12
39 16

# solution 296
# n=40 sym=rot4 status=verified source=flammenkamp_cache/n40_rot4
# code=oCLLP3KVbBQ8DHTCU3Y7O6KMZWd4Y1F9PGNBX012ATbcd6SGNEUOc5Z074HJXFW5a9RAMQVDS28JaEIIR
0 12
0 21
1 21
1 25
2 3
2 20
3 31
3 37
4 11
4 26
5 8
5 13
6 17
6 29
7 12
7 30
8 3
8 34
9 7
9 24
10 6
10 20
11 22
11 35
12 32
12 39
13 4
13 34
14 1
14 15
15 9
15 25
16 16
16 23
17 11
17 33
18 0
18 1
19 2
19 10
20 29
20 37
21 38
21 39
22 6
22 28
23 16
23 23
24 14
24 30
25 24
25 38
26 5
26 35
27 0
27 7
28 4
28 17
29 19
29 33
30 15
30 32
31 5
31 36
32 9
32 27
33 10
33 22
34 26
34 31
35 13
35 28
36 2
36 8
37 19
37 36
38 14
38 18
39 18
39 27

# solution 297
# n=40 sym=rot4 status=verified source=flammenkamp_cache/n40_rot4
# code=oHI8CGKAD8GPX5L7WZcHPJaCOScFa59BQZbUd6d2TAb0X0924DSUY3O1BFR3KEM147WIY6ENVQTJNRVLM
0 17
0 18
1 8
1 12
2 16
2 20
3 10
3 13
4 8
4 16
5 25
5 33
6 5
6 21
7 7
7 32
8 35
8 38
9 17
9 25
10 19
10 36
11 12
11 24
12 28
12 38
13 15
13 36
14 5
14 9
15 11
15 26
16 35
16 37
17 30
17 39
18 6
18 39
19 2
19 29
20 10
20 37
21 0
21 33
22 0
22 9
23 2
23 4
24 13
24 28
25 30
25 34
26 3
26 24
27 1
27 11
28 15
28 27
29 3
29 20
30 14
30 22
31 1
31 4
32 7
32 32
33 18
33 34
34 6
34 14
35 23
35 31
36 26
36 29
37 19
37 23
38 27
38 31
39 21
39 22

# solution 298
# n=40 sym=rot4 status=verified source=flammenkamp_cache/n40_rot4
# code=oHUKPEMSVCXGL47LX390VKO3DOZGS1bACQY2d571ATcWY0b5DRT2cBN4FQaFJ8dUa6IWZIN6R8BHPEJ9M
0 17
0 30
1 20
1 25
2 14
2 22
3 28
3 31
4 12
4 33
5 16
5 21
6 4
6 7
7 21
7 33
8 3
8 9
9 0
9 31
10 20
10 24
11 3
11 13
12 24
12 35
13 16
13 28
14 1
14 37
15 10
15 12
16 26
16 34
17 2
17 39
18 5
18 7
19 1
19 10
20 29
20 38
21 32
21 34
22 0
22 37
23 5
23 13
24 27
24 29
25 2
25 38
26 11
26 23
27 4
27 15
28 26
28 36
29 15
29 19
30 8
30 39
31 30
31 36
32 6
32 18
33 32
33 35
34 18
34 23
35 6
35 27
36 8
36 11
37 17
37 25
38 14
38 19
39 9
39 22

# solution 299
# n=40 sym=rot4 status=verified source=flammenkamp_cache/n40_rot4
# code=o5FIJRSGWCG6dIY3PFU8QDJ2M2Z9T7HVdZaBPXcTc1A16ES3408MWAU4bHbKQDV9OEa5L0XNR7NBCKLOY
0 5
0 15
1 18
1 19
2 27
2 28
3 16
3 32
4 12
4 16
5 6
5 39
6 18
6 34
7 3
7 25
8 15
8 30
9 8
9 26
10 13
10 19
11 2
11 22
12 2
12 35
13 9
13 29
14 7
14 17
15 31
15 39
16 35
16 36
17 11
17 25
18 33
18 38
19 29
19 38
20 1
20 10
21 1
21 6
22 14
22 28
23 3
23 4
24 0
24 8
25 22
25 32
26 10
26 30
27 4
27 37
28 17
28 37
29 20
29 26
30 13
30 31
31 9
31 24
32 14
32 36
33 5
33 21
34 0
34 33
35 23
35 27
36 7
36 23
37 11
37 12
38 20
38 21
39 24
39 34

# solution 300
# n=40 sym=rot4 status=verified source=flammenkamp_cache/n40_rot4
# code=oFHKW3WFbCMQUSV126E5NDJ6CSZ5TGVad9P4dIL1TAcIL0ZEU038NAY4BRXKQGYPXbc8B9DHR2O7a7JMO
0 15
0 17
1 20
1 32
2 3
2 32
3 15
3 37
4 12
4 22
5 26
5 30
6 28
6 31
7 1
7 2
8 6
8 14
9 5
9 23
10 13
10 19
11 6
11 12
12 28
12 35
13 5
13 29
14 16
14 31
15 36
15 39
16 9
16 25
17 4
17 39
18 18
18 21
19 1
19 29
20 10
20 38
21 18
21 21
22 0
22 35
23 14
23 30
24 0
24 3
25 8
25 23
26 10
26 34
27 4
27 11
28 27
28 33
29 20
29 26
30 16
30 34
31 25
31 33
32 37
32 38
33 8
33 11
34 9
34 13
35 17
35 27
36 2
36 24
37 7
37 36
38 7
38 19
39 22
39 24

# solution 301
# n=40 sym=rot4 status=verified source=flammenkamp_cache/n40_rot4
# code=oNODJPYCGAO2V7SLX59QVKZ6LEa9c2R040aHM7BAc1TSWHM3dZdCb1U3PIX4J8DUY6IBW8bFTNR5EKQFG
0 23
0 24
1 13
1 19
2 25
2 34
3 12
3 16
4 10
4 24
5 2
5 31
6 7
6 28
7 21
7 33
8 5
8 9
9 26
9 31
10 20
10 35
11 6
11 21
12 14
12 36
13 9
13 38
14 2
14 27
15 0
15 4
16 0
16 36
17 17
17 22
18 7
18 11
19 10
19 38
20 1
20 29
21 28
21 32
22 17
22 22
23 3
23 39
24 35
24 39
25 12
25 37
26 1
26 30
27 3
27 25
28 18
28 33
29 4
29 19
30 8
30 13
31 30
31 34
32 6
32 18
33 11
33 32
34 8
34 37
35 15
35 29
36 23
36 27
37 5
37 14
38 20
38 26
39 15
39 16

# solution 302
# n=40 sym=rot4 status=verified source=flammenkamp_cache/n40_rot4
# code=oCJFUGQ4PWaPX584SIX1BGJ7UFd2I35RcTbHMQVTd0A8DHM2A1CYaLb0O9WKNSc6LBZVY6E37EZDN9OKR
0 12
0 19
1 15
1 30
2 16
2 26
3 4
3 25
4 32
4 36
5 25
5 33
6 5
6 8
7 4
7 28
8 18
8 33
9 1
9 11
10 16
10 19
11 7
11 30
12 15
12 39
13 2
13 18
14 3
14 5
15 27
15 38
16 29
16 37
17 17
17 22
18 26
18 31
19 29
19 39
20 0
20 10
21 8
21 13
22 17
22 22
23 2
23 10
24 1
24 12
25 34
25 36
26 21
26 37
27 0
27 24
28 9
28 32
29 20
29 23
30 28
30 38
31 6
31 21
32 11
32 35
33 31
33 34
34 6
34 14
35 3
35 7
36 14
36 35
37 13
37 23
38 9
38 24
39 20
39 27

# solution 303
# n=40 sym=rot4 status=verified source=flammenkamp_cache/n40_rot4
# code=oKNCDOUOP6R69YZMSHP2YKN7D4cSc38230A7VIL0ATdIL8WTdabVa1B1ZQWGJ5bEMBH45UXCXEF9FQRGJ
0 20
0 23
1 12
1 13
2 24
2 30
3 24
3 25
4 6
4 27
5 6
5 9
6 34
6 35
7 22
7 28
8 17
8 25
9 2
9 34
10 20
10 23
11 7
11 13
12 4
12 38
13 28
13 38
14 3
14 8
15 2
15 3
16 0
16 10
17 7
17 31
18 18
18 21
19 0
19 10
20 29
20 39
21 18
21 21
22 8
22 32
23 29
23 39
24 36
24 37
25 31
25 36
26 1
26 11
27 1
27 35
28 26
28 32
29 16
29 19
30 5
30 37
31 14
31 22
32 11
32 17
33 4
33 5
34 30
34 33
35 12
35 33
36 14
36 15
37 9
37 15
38 26
38 27
39 16
39 19

# solution 304
# n=40 sym=rot4 status=verified source=flammenkamp_cache/n40_rot4
# code=oKLQXAHQW58XZ153FEZCNJbENIU13SVHW9BOb0R0TAdCd2FSU7M8Bac9LGP2KGR4POaYc46VY7DMT6DIJ
0 20
0 21
1 26
1 33
2 10
2 17
3 26
3 32
4 5
4 8
5 33
5 35
6 1
6 5
7 3
7 15
8 14
8 35
9 12
9 23
10 19
10 37
11 14
11 23
12 18
12 30
13 1
13 3
14 28
14 31
15 17
15 32
16 9
16 11
17 24
17 37
18 0
18 27
19 0
19 29
20 10
20 39
21 12
21 39
22 2
22 15
23 28
23 30
24 7
24 22
25 8
25 11
26 36
26 38
27 9
27 21
28 16
28 25
29 2
29 20
30 16
30 27
31 4
31 25
32 24
32 36
33 34
33 38
34 4
34 6
35 31
35 34
36 7
36 13
37 22
37 29
38 6
38 13
39 18
39 19

# solution 305
# n=40 sym=rot4 status=verified source=flammenkamp_cache/n40_rot4
# code=o8JLQQW7XCSGL3A2aEdPSKX49FZ129VMRHYFN15Ad0TYcGO5MCH8Ubc4OUZ6JBE0P3bTaINBR6W7DDIKV
0 8
0 19
1 21
1 26
2 26
2 32
3 7
3 33
4 12
4 28
5 16
5 21
6 3
6 10
7 2
7 36
8 14
8 39
9 25
9 28
10 20
10 33
11 4
11 9
12 15
12 35
13 1
13 2
14 9
14 31
15 22
15 27
16 17
16 34
17 15
17 23
18 1
18 5
19 10
19 39
20 0
20 29
21 34
21 38
22 16
22 24
23 5
23 22
24 12
24 17
25 8
25 30
26 37
26 38
27 4
27 24
28 30
28 35
29 6
29 19
30 11
30 14
31 0
31 25
32 3
32 37
33 29
33 36
34 18
34 23
35 11
35 27
36 6
36 32
37 7
37 13
38 13
38 18
39 20
39 31

# solution 306
# n=40 sym=rot4 status=verified source=flammenkamp_cache/n40_rot4
# code=oKLEQBIPSORMW6X58OWQRGJ3b49193c48HT5N0b0TAd2dGYAMVZ1aUcUZ2aKNCD7FVY6X7HCFBELSDPIJ
0 20
0 21
1 14
1 26
2 11
2 18
3 25
3 28
4 24
4 27
5 22
5 32
6 6
6 33
7 5
7 8
8 24
8 32
9 26
9 27
10 16
10 19
11 3
11 37
12 4
12 9
13 1
13 9
14 3
14 38
15 4
15 8
16 17
16 29
17 5
17 23
18 0
18 37
19 0
19 29
20 10
20 39
21 2
21 39
22 16
22 34
23 10
23 22
24 31
24 35
25 1
25 36
26 30
26 38
27 30
27 35
28 2
28 36
29 20
29 23
30 12
30 13
31 7
31 15
32 31
32 34
33 6
33 33
34 7
34 17
35 12
35 15
36 11
36 14
37 21
37 28
38 13
38 25
39 18
39 19

# solution 307
# n=40 sym=rot4 status=verified source=flammenkamp_cache/n40_rot4
# code=oTXDLHQ8CHW9K0T4PFaKY06GPLa2c7BGVOSZb1C59UYRc24BF8NSW1b3IENXd5J3OEZAdJU7MRVDMIQ6A
0 29
0 33
1 13
1 21
2 17
2 26
3 8
3 12
4 17
4 32
5 9
5 20
6 0
6 29
7 4
7 25
8 15
8 36
9 20
9 34
10 0
10 6
11 16
11 25
12 21
12 36
13 2
13 38
14 7
14 11
15 16
15 31
16 24
16 28
17 35
17 37
18 1
18 12
19 5
19 9
20 30
20 34
21 27
21 38
22 2
22 4
23 11
23 15
24 8
24 23
25 28
25 32
26 1
26 37
27 3
27 18
28 14
28 23
29 33
29 39
30 5
30 19
31 3
31 24
32 14
32 35
33 10
33 39
34 19
34 30
35 7
35 22
36 27
36 31
37 13
37 22
38 18
38 26
39 6
39 10

# solution 308
# n=40 sym=rot4 status=verified source=flammenkamp_cache/n40_rot4
# code=oAXDLHQ8CHW9K0T4PFaKY6dGPLa2c7BGVOSZb1C59UYRc24BF8NSW1b3IEN0X5J3OEZAdJU7MRVDMIQ6T
0 10
0 33
1 13
1 21
2 17
2 26
3 8
3 12
4 17
4 32
5 9
5 20
6 0
6 29
7 4
7 25
8 15
8 36
9 20
9 34
10 6
10 39
11 16
11 25
12 21
12 36
13 2
13 38
14 7
14 11
15 16
15 31
16 24
16 28
17 35
17 37
18 1
18 12
19 5
19 9
20 30
20 34
21 27
21 38
22 2
22 4
23 11
23 15
24 8
24 23
25 28
25 32
26 1
26 37
27 3
27 18
28 14
28 23
29 0
29 33
30 5
30 19
31 3
31 24
32 14
32 35
33 10
33 39
34 19
34 30
35 7
35 22
36 27
36 31
37 13
37 22
38 18
38 26
39 6
39 29

# solution 309
# n=40 sym=rot4 status=verified source=flammenkamp_cache/n40_rot4
# code=oHLDP8A8TNWKUFR4Iab5J3bDF6MSc1GSX4PCd0W5U9Y7d0REZ6BNc1BHXOQ2aKY23LZCO9J7GAVTVEQIM
0 17
0 21
1 13
1 25
2 8
2 10
3 8
3 29
4 23
4 32
5 20
5 30
6 15
6 27
7 4
7 18
8 36
8 37
9 5
9 19
10 3
10 37
11 13
11 15
12 6
12 22
13 28
13 38
14 1
14 16
15 28
15 33
16 4
16 25
17 12
17 39
18 0
18 32
19 5
19 30
20 9
20 34
21 7
21 39
22 0
22 27
23 14
23 35
24 6
24 11
25 23
25 38
26 1
26 11
27 17
27 33
28 24
28 26
29 2
29 36
30 20
30 34
31 2
31 3
32 21
32 35
33 12
33 24
34 9
34 19
35 7
35 16
36 10
36 31
37 29
37 31
38 14
38 26
39 18
39 22

# solution 310
# n=40 sym=rot4 status=verified source=flammenkamp_cache/n40_rot4
# code=oIWAD4BNVPbIK7V0X36DJOcMbCRUc4MAG3OBEYd5U9Y05PSFaNTHZ19CR2H1FKQXa6d8WJL2E8GSZQT7L
0 18
0 32
1 10
1 13
2 4
2 11
3 23
3 31
4 25
4 37
5 18
5 20
6 7
6 31
7 0
7 33
8 3
8 6
9 13
9 19
10 24
10 38
11 22
11 37
12 12
12 27
13 30
13 38
14 4
14 22
15 10
15 16
16 3
16 24
17 11
17 14
18 34
18 39
19 5
19 30
20 9
20 34
21 0
21 5
22 25
22 28
23 15
23 36
24 23
24 29
25 17
25 35
26 1
26 9
27 12
27 27
28 2
28 17
29 1
29 15
30 20
30 26
31 33
31 36
32 6
32 39
33 8
33 32
34 19
34 21
35 2
35 14
36 8
36 16
37 28
37 35
38 26
38 29
39 7
39 21

# solution 311
# n=40 sym=rot4 status=verified source=flammenkamp_cache/n40_rot4
# code=oCLIOEH6TUWKNBa4DAO4J3VRXBdMWGb185PDb0c5U9Y1d2QEYVc2N7H0S6C8aKZFTQZ3SGJ79AXMPFLIR
0 12
0 21
1 18
1 24
2 14
2 17
3 6
3 29
4 30
4 32
5 20
5 23
6 11
6 36
7 4
7 13
8 10
8 24
9 4
9 19
10 3
10 31
11 27
11 33
12 11
12 39
13 22
13 32
14 16
14 37
15 1
15 8
16 5
16 25
17 13
17 37
18 0
18 38
19 5
19 30
20 9
20 34
21 1
21 39
22 2
22 26
23 14
23 34
24 31
24 38
25 2
25 23
26 7
26 17
27 0
27 28
28 6
28 12
29 8
29 36
30 20
30 35
31 15
31 29
32 26
32 35
33 3
33 28
34 16
34 19
35 7
35 9
36 10
36 33
37 22
37 25
38 15
38 21
39 18
39 27

# solution 312
# n=40 sym=rot4 status=verified source=flammenkamp_cache/n40_rot4
# code=oIL6AHOTZ36KRZcDFCSJM3c8G5VPWDG2WPS9b0d5U9Y0d2UBE7bNQ7E8YNV1aHKBROQ14CJXa4AFMTXIL
0 18
0 21
1 6
1 10
2 17
2 24
3 29
3 35
4 3
4 6
5 20
5 27
6 35
6 38
7 13
7 15
8 12
8 28
9 19
9 22
10 3
10 38
11 8
11 16
12 5
12 31
13 25
13 32
14 13
14 16
15 2
15 32
16 25
16 28
17 9
17 37
18 0
18 39
19 5
19 30
20 9
20 34
21 0
21 39
22 2
22 30
23 11
23 14
24 7
24 37
25 23
25 26
26 7
26 14
27 8
27 34
28 23
28 31
29 1
29 36
30 17
30 20
31 11
31 27
32 24
32 26
33 1
33 4
34 12
34 19
35 33
35 36
36 4
36 10
37 15
37 22
38 29
38 33
39 18
39 21

# solution 313
# n=40 sym=rot4 status=verified source=flammenkamp_cache/n40_rot4
# code=oIN7BQS8OGJ7R8OYcXaJT9E2c5Q2CIT360ZHMPdUZ490EHM4dXaALRbDY1bPUAK3615FVCWKNFVBDSWGL
0 18
0 23
1 7
1 11
2 26
2 28
3 8
3 24
4 16
4 19
5 7
5 27
6 8
6 24
7 34
7 38
8 33
8 36
9 19
9 29
10 9
10 14
11 2
11 38
12 5
12 26
13 2
13 12
14 18
14 29
15 3
15 6
16 0
16 35
17 17
17 22
18 25
18 39
19 30
19 35
20 4
20 9
21 0
21 14
22 17
22 22
23 4
23 39
24 33
24 36
25 10
25 21
26 27
26 37
27 13
27 34
28 1
28 37
29 25
29 30
30 10
30 20
31 3
31 6
32 1
32 5
33 15
33 31
34 12
34 32
35 20
35 23
36 15
36 31
37 11
37 13
38 28
38 32
39 16
39 21

# solution 314
# n=40 sym=rot4 status=verified source=flammenkamp_cache/n40_rot4
# code=oEOVWCD7JNVEHRS1a14JMBQ6T6bAbYd0G4O9YILUa39IL5UFZNd052T2XAXDSHKZc3cBCMP8GKWQR78FP
0 14
0 24
1 31
1 32
2 12
2 13
3 7
3 19
4 23
4 31
5 14
5 17
6 27
6 28
7 1
7 36
8 1
8 4
9 19
9 22
10 11
10 26
11 6
11 29
12 6
12 37
13 10
13 37
14 34
14 39
15 0
15 16
16 4
16 24
17 9
17 34
18 18
18 21
19 30
19 36
20 3
20 9
21 18
21 21
22 5
22 30
23 15
23 35
24 23
24 39
25 0
25 5
26 2
26 29
27 2
27 33
28 10
28 33
29 13
29 28
30 17
30 20
31 35
31 38
32 3
32 38
33 11
33 12
34 22
34 25
35 8
35 16
36 20
36 32
37 26
37 27
38 7
38 8
39 15
39 25

# solution 315
# n=40 sym=rot4 status=verified source=flammenkamp_cache/n40_rot4
# code=o8CMWRYJXOS2M3F1V7dJT9G4Q2dBLIN4XET15DPUa39EQYcAP6ZGLIS0bDZNUAK0W8cOaHbBF6K5C7HRV
0 8
0 12
1 22
1 32
2 27
2 34
3 19
3 33
4 24
4 28
5 2
5 22
6 3
6 15
7 1
7 31
8 7
8 39
9 19
9 29
10 9
10 16
11 4
11 26
12 2
12 39
13 11
13 21
14 18
14 23
15 4
15 33
16 14
16 29
17 1
17 5
18 13
18 25
19 30
19 36
20 3
20 9
21 14
21 26
22 34
22 38
23 10
23 25
24 6
24 35
25 16
25 21
26 18
26 28
27 0
27 37
28 13
28 35
29 23
29 30
30 10
30 20
31 0
31 32
32 8
32 38
33 24
33 36
34 17
34 37
35 11
35 15
36 6
36 20
37 5
37 12
38 7
38 17
39 27
39 31

# solution 316
# n=40 sym=rot4 status=verified source=flammenkamp_cache/n40_rot4
# code=oGLSXAVJWHO8X153S2YJOHb17CRIPDG49PdTZ0QUa39Dd4A0EUZNQELCRWc2MFK5bBaYc6VFM7K8T6BIN
0 16
0 21
1 28
1 33
2 10
2 31
3 19
3 32
4 17
4 24
5 8
5 33
6 1
6 5
7 3
7 28
8 2
8 34
9 19
9 24
10 17
10 37
11 1
11 7
12 12
12 27
13 18
13 25
14 13
14 16
15 4
15 9
16 25
16 39
17 29
17 35
18 0
18 26
19 30
19 36
20 3
20 9
21 13
21 39
22 4
22 10
23 0
23 14
24 30
24 35
25 23
25 26
26 14
26 21
27 12
27 27
28 32
28 38
29 2
29 22
30 15
30 20
31 5
31 37
32 11
32 36
33 34
33 38
34 6
34 31
35 15
35 22
36 7
36 20
37 8
37 29
38 6
38 11
39 18
39 23

# solution 317
# n=40 sym=rot4 status=verified source=flammenkamp_cache/n40_rot4
# code=oERLM8RKMNQVX5ABE5bFKIXDW024SWdGU4O131T39UaAcacFZ9N07BZbd7Q6LJO2YPSTY68DGHJCVHICP
0 14
0 27
1 21
1 22
2 8
2 27
3 20
3 22
4 23
4 26
5 31
5 33
6 5
6 10
7 11
7 14
8 5
8 37
9 15
9 20
10 18
10 33
11 13
11 32
12 0
12 2
13 4
13 28
14 32
14 39
15 16
15 30
16 4
16 24
17 1
17 3
18 1
18 29
19 3
19 9
20 30
20 36
21 10
21 38
22 36
22 38
23 15
23 35
24 9
24 23
25 0
25 7
26 11
26 35
27 37
27 39
28 7
28 26
29 6
29 21
30 19
30 24
31 2
31 34
32 25
32 28
33 29
33 34
34 6
34 8
35 13
35 16
36 17
36 19
37 12
37 31
38 17
38 18
39 12
39 25

# solution 318
# n=40 sym=rot4 status=verified source=flammenkamp_cache/n40_rot4
# code=oABMQJOOS8HCX59GV7ZJXRd3dAY1IGI23PW1ZPQUb29DE4c7EabLNLc5T0a0C6K4W8NUY6RMVBFFKDHST
0 10
0 11
1 22
1 26
2 19
2 24
3 24
3 28
4 8
4 17
5 12
5 33
6 5
6 9
7 16
7 31
8 7
8 35
9 19
9 33
10 27
10 39
11 3
11 39
12 10
12 34
13 1
13 18
14 16
14 18
15 2
15 3
16 25
16 32
17 1
17 35
18 25
18 26
19 30
19 37
20 2
20 9
21 13
21 14
22 4
22 38
23 7
23 14
24 36
24 37
25 21
25 23
26 21
26 38
27 5
27 29
28 0
28 36
29 0
29 12
30 6
30 20
31 4
31 32
32 8
32 23
33 30
33 34
34 6
34 27
35 22
35 31
36 11
36 15
37 15
37 20
38 13
38 17
39 28
39 29

# solution 319
# n=40 sym=rot4 status=verified source=flammenkamp_cache/n40_rot4
# code=oFLGXKYGSAQ2F1CCV7MBJMZ3UWX4EIQYdac8A0P2U9bEdTV1305DLPZ679a4HKSHW8RRcObDTBN5J6NIO
0 15
0 21
1 16
1 33
2 20
2 34
3 16
3 28
4 10
4 26
5 2
5 15
6 1
6 12
7 12
7 31
8 7
8 22
9 11
9 19
10 22
10 35
11 3
11 30
12 32
12 33
13 4
13 14
14 18
14 26
15 34
15 39
16 36
16 38
17 8
17 10
18 0
18 25
19 2
19 30
20 9
20 37
21 14
21 39
22 29
22 31
23 1
23 3
24 0
24 5
25 13
25 21
26 25
26 35
27 6
27 7
28 9
28 36
29 4
29 17
30 20
30 28
31 17
31 32
32 8
32 27
33 27
33 38
34 24
34 37
35 13
35 29
36 11
36 23
37 5
37 19
38 6
38 23
39 18
39 24

# solution 320
# n=40 sym=rot4 status=verified source=flammenkamp_cache/n40_rot4
# code=oHRDJMOSXFU8A3NDSTY4J8Y370IWcGI2Z6P2dPRUc19CE0bEX4bLN17LdWa5VKZ5ABQGaTV9O6BFHKQCM
0 17
0 27
1 13
1 19
2 22
2 24
3 28
3 33
4 15
4 30
5 8
5 10
6 3
6 23
7 13
7 28
8 29
8 34
9 4
9 19
10 8
10 34
11 3
11 7
12 0
12 18
13 32
13 38
14 16
14 18
15 2
15 35
16 6
16 25
17 2
17 39
18 25
18 27
19 30
19 38
20 1
20 9
21 12
21 14
22 0
22 37
23 14
23 33
24 4
24 37
25 21
25 23
26 1
26 7
27 21
27 39
28 32
28 36
29 5
29 31
30 20
30 35
31 5
31 10
32 11
32 26
33 16
33 36
34 29
34 31
35 9
35 24
36 6
36 11
37 15
37 17
38 20
38 26
39 12
39 22

# solution 321
# n=40 sym=rot4 status=verified source=flammenkamp_cache/n40_rot4
# code=o7EKL9BINDXOS4C8dAWKbOV5bNXEZQd5A3CHM1a19Uc3cHMRaTY0D4P6G2Y8F2J7T0VRZBF6QGLSUIJPW
0 7
0 14
1 20
1 21
2 9
2 11
3 18
3 23
4 13
4 33
5 24
5 28
6 4
6 12
7 8
7 39
8 10
8 32
9 20
9 37
10 24
10 31
11 5
11 37
12 23
12 33
13 14
13 35
14 26
14 39
15 5
15 10
16 3
16 12
17 17
17 22
18 1
18 36
19 1
19 9
20 30
20 38
21 3
21 38
22 17
22 22
23 27
23 36
24 29
24 34
25 0
25 13
26 4
26 25
27 6
27 16
28 2
28 34
29 8
29 15
30 2
30 19
31 7
31 29
32 0
32 31
33 27
33 35
34 11
34 15
35 6
35 26
36 16
36 21
37 28
37 30
38 18
38 19
39 25
39 32

# solution 322
# n=40 sym=rot4 status=verified source=flammenkamp_cache/n40_rot4
# code=oINJWDR3aDI8ASV1F6YAJUY6F2EZbHRSW0HNPZdUc1904EGMd7BCM24PbOX59KT5XOc8BTVLQ3aCQ7KGL
0 18
0 23
1 19
1 32
2 13
2 27
3 3
3 36
4 13
4 18
5 8
5 10
6 28
6 31
7 1
7 15
8 6
8 34
9 10
9 19
10 30
10 34
11 6
11 15
12 2
12 14
13 35
13 37
14 17
14 27
15 28
15 32
16 0
16 17
17 23
17 25
18 35
18 39
19 30
19 38
20 1
20 9
21 0
21 4
22 14
22 16
23 22
23 39
24 7
24 11
25 12
25 22
26 2
26 4
27 25
27 37
28 24
28 33
29 5
29 9
30 20
30 29
31 5
31 33
32 24
32 38
33 8
33 11
34 29
34 31
35 21
35 26
36 3
36 36
37 12
37 26
38 7
38 20
39 16
39 21

# solution 323
# n=40 sym=rot4 status=verified source=flammenkamp_cache/n40_rot4
# code=oCN7JDONS568Z9ZOcTYJX8E3LQdCbIT2703HMBPUc19ESHMadWbAL2R0DIaPV6K5A1F4U4VXYBGFQKWGR
0 12
0 23
1 7
1 19
2 13
2 24
3 23
3 28
4 5
4 6
5 8
5 35
6 9
6 35
7 24
7 38
8 29
8 34
9 19
9 33
10 8
10 14
11 3
11 21
12 26
12 39
13 12
13 37
14 18
14 29
15 2
15 7
16 0
16 3
17 17
17 22
18 11
18 25
19 30
19 38
20 1
20 9
21 14
21 28
22 17
22 22
23 36
23 39
24 32
24 37
25 10
25 21
26 2
26 27
27 0
27 13
28 18
28 36
29 25
29 31
30 6
30 20
31 5
31 10
32 1
32 15
33 4
33 30
34 4
34 31
35 33
35 34
36 11
36 16
37 15
37 26
38 20
38 32
39 16
39 27

# solution 324
# n=40 sym=rot4 status=verified source=flammenkamp_cache/n40_rot4
# code=oGQJYOW8FAC1HPQ2SMaAJUZ7CSZ066G2aPd8YILUc19IL5V0E3bNXXd4BRW49KT3HBbDEMcRTOV7F5KDN
0 16
0 26
1 19
1 34
2 24
2 32
3 8
3 15
4 10
4 12
5 1
5 17
6 25
6 26
7 2
7 28
8 22
8 36
9 10
9 19
10 30
10 35
11 7
11 12
12 28
12 35
13 0
13 6
14 6
14 16
15 2
15 36
16 25
16 39
17 8
17 34
18 18
18 21
19 30
19 38
20 1
20 9
21 18
21 21
22 5
22 31
23 0
23 14
24 3
24 37
25 23
25 33
26 33
26 39
27 4
27 11
28 27
28 32
29 4
29 9
30 20
30 29
31 3
31 17
32 11
32 37
33 13
33 14
34 22
34 38
35 27
35 29
36 24
36 31
37 7
37 15
38 5
38 20
39 13
39 23

# solution 325
# n=40 sym=rot4 status=verified source=flammenkamp_cache/n40_rot4
# code=oENKQBDRVNY4WAC5O3IFKSXAb3X1bId7U04HMPV19Uc8EHMZd9W0L2c6a2T6BJOLaFYRT7Z5G8CQSDJGP
0 14
0 23
1 20
1 26
2 11
2 13
3 27
3 31
4 23
4 34
5 4
5 32
6 10
6 12
7 5
7 24
8 3
8 18
9 15
9 20
10 28
10 33
11 10
11 37
12 3
12 33
13 1
13 37
14 18
14 39
15 7
15 30
16 0
16 4
17 17
17 22
18 25
18 31
19 1
19 9
20 30
20 38
21 8
21 14
22 17
22 22
23 35
23 39
24 9
24 32
25 0
25 21
26 2
26 38
27 6
27 36
28 2
28 29
29 6
29 11
30 19
30 24
31 21
31 36
32 15
32 34
33 27
33 29
34 7
34 35
35 5
35 16
36 8
36 12
37 26
37 28
38 13
38 19
39 16
39 25

# solution 326
# n=40 sym=rot4 status=verified source=flammenkamp_cache/n40_rot4
# code=oCFKNGW7V6PCHPZ2a3ODKBQHTYdAU468d1bSYIL19UcIL5B2c0VXZ9T05AMDSJQFa3b4EMREX8W7NGJOR
0 12
0 15
1 20
1 23
2 16
2 32
3 7
3 31
4 6
4 25
5 12
5 17
6 25
6 35
7 2
7 36
8 3
8 24
9 13
9 20
10 11
10 26
11 17
11 29
12 34
12 39
13 10
13 30
14 4
14 6
15 8
15 39
16 1
16 37
17 28
17 34
18 18
18 21
19 1
19 9
20 30
20 38
21 18
21 21
22 5
22 11
23 2
23 38
24 0
24 31
25 33
25 35
26 9
26 29
27 0
27 5
28 10
28 22
29 13
29 28
30 19
30 26
31 15
31 36
32 3
32 37
33 4
33 14
34 22
34 27
35 14
35 33
36 8
36 32
37 7
37 23
38 16
38 19
39 24
39 27

# solution 327
# n=40 sym=rot4 status=verified source=flammenkamp_cache/n40_rot4
# code=oCFKN7G7V6PCHPZab3ODKBQHTYdAU468d1bSYIL19UcIL5B2c0VXZ9T05AMDSJQFa234EMREX8WNWGJOR
0 12
0 15
1 20
1 23
2 7
2 16
3 7
3 31
4 6
4 25
5 12
5 17
6 25
6 35
7 36
7 37
8 3
8 24
9 13
9 20
10 11
10 26
11 17
11 29
12 34
12 39
13 10
13 30
14 4
14 6
15 8
15 39
16 1
16 37
17 28
17 34
18 18
18 21
19 1
19 9
20 30
20 38
21 18
21 21
22 5
22 11
23 2
23 38
24 0
24 31
25 33
25 35
26 9
26 29
27 0
27 5
28 10
28 22
29 13
29 28
30 19
30 26
31 15
31 36
32 2
32 3
33 4
33 14
34 22
34 27
35 14
35 33
36 8
36 32
37 23
37 32
38 16
38 19
39 24
39 27

# solution 328
# n=40 sym=rot4 status=verified source=flammenkamp_cache/n40_rot4
# code=oPVEKHN7RDRFG8B9a0XKWDHFX34TZ0cSY2YTbIL19UcIL2A5b5B1d4AZa6OMQ7J6d3USVNOCQCWGMJP8E
0 25
0 31
1 14
1 20
2 17
2 23
3 7
3 27
4 13
4 27
5 15
5 16
6 8
6 11
7 9
7 36
8 0
8 33
9 20
9 32
10 13
10 17
11 15
11 33
12 3
12 4
13 29
13 35
14 0
14 38
15 28
15 34
16 2
16 34
17 29
17 37
18 18
18 21
19 1
19 9
20 30
20 38
21 18
21 21
22 2
22 10
23 5
23 37
24 5
24 11
25 1
25 39
26 4
26 10
27 35
27 36
28 6
28 24
29 22
29 26
30 7
30 19
31 6
31 39
32 3
32 30
33 28
33 31
34 23
34 24
35 12
35 26
36 12
36 32
37 16
37 22
38 19
38 25
39 8
39 14

# solution 329
# n=40 sym=rot4 status=verified source=flammenkamp_cache/n40_rot4
# code=oLOJQOTCE6CUX5ZDNAP5J2VGIZa1W8a027SHM0SUc19BdHMBWbd3V7c34LN8bKYETGQ4Y69RXPRAFDKFI
0 21
0 24
1 19
1 26
2 24
2 29
3 12
3 14
4 6
4 12
5 30
5 33
6 5
6 35
7 13
7 23
8 10
8 25
9 5
9 19
10 2
10 31
11 16
11 18
12 35
12 36
13 1
13 32
14 8
14 36
15 0
15 2
16 7
16 28
17 17
17 22
18 0
18 28
19 30
19 38
20 1
20 9
21 11
21 39
22 17
22 22
23 11
23 32
24 37
24 39
25 3
25 31
26 7
26 38
27 3
27 4
28 21
28 23
29 8
29 37
30 20
30 34
31 14
31 29
32 16
32 26
33 4
33 34
34 6
34 9
35 27
35 33
36 25
36 27
37 10
37 15
38 13
38 20
39 15
39 18

# solution 330
# n=40 sym=rot4 status=verified source=flammenkamp_cache/n40_rot4
# code=oAWJPMZFX2QGQ3B08CWKMOdRXBV451GAaPY29IL9c1UILUb5E3TNcYZ8S6C0FHJ7RVdSaDNDb6O4HEK7T
0 10
0 32
1 19
1 25
2 22
2 35
3 15
3 33
4 2
4 26
5 16
5 26
6 3
6 11
7 0
7 8
8 12
8 32
9 20
9 22
10 24
10 39
11 27
11 33
12 11
12 31
13 4
13 5
14 1
14 16
15 10
15 36
16 25
16 34
17 2
17 9
18 18
18 21
19 9
19 38
20 1
20 30
21 18
21 21
22 30
22 37
23 5
23 14
24 3
24 29
25 23
25 38
26 34
26 35
27 8
27 28
28 6
28 12
29 0
29 15
30 17
30 19
31 7
31 27
32 31
32 39
33 28
33 36
34 13
34 23
35 13
35 37
36 6
36 24
37 4
37 17
38 14
38 20
39 7
39 29

# solution 331
# n=40 sym=rot4 status=verified source=flammenkamp_cache/n40_rot4
# code=oOTKWEHASGVVWHO1545DJ0a3RBDRUGb06PZXbIL1U9cIL264EXd2N9CQSCa3dKQYZYcFM788NBTMP7JAF
0 24
0 29
1 20
1 32
2 14
2 17
3 10
3 28
4 16
4 31
5 31
5 32
6 17
6 24
7 1
7 5
8 4
8 5
9 13
9 19
10 0
10 36
11 3
11 27
12 11
12 13
13 27
13 30
14 16
14 37
15 0
15 6
16 25
16 35
17 33
17 37
18 18
18 21
19 1
19 30
20 9
20 38
21 18
21 21
22 2
22 6
23 4
23 14
24 33
24 39
25 2
25 23
26 9
26 12
27 26
27 28
28 12
28 36
29 3
29 39
30 20
30 26
31 34
31 35
32 34
32 38
33 15
33 22
34 7
34 8
35 8
35 23
36 11
36 29
37 22
37 25
38 7
38 19
39 10
39 15

# solution 332
# n=40 sym=rot4 status=verified source=flammenkamp_cache/n40_rot4
# code=oKORT2b9A8HHRGSNV7ZKa1a6P15IPBD0I7XYZOQ09UdDF456WLdQSELYcEX3c3J4W8GBNCMMVTU2bACFJ
0 20
0 24
1 27
1 29
2 2
2 37
3 9
3 10
4 8
4 17
5 17
5 27
6 16
6 28
7 23
7 31
8 7
8 35
9 20
9 36
10 1
10 36
11 6
11 25
12 1
12 5
13 18
13 25
14 11
14 13
15 0
15 18
16 7
16 33
17 34
17 35
18 24
18 26
19 0
19 9
20 30
20 39
21 13
21 15
22 4
22 5
23 6
23 32
24 21
24 39
25 26
25 28
26 14
26 21
27 34
27 38
28 14
28 33
29 3
29 38
30 3
30 19
31 4
31 32
32 8
32 16
33 11
33 23
34 12
34 22
35 22
35 31
36 29
36 30
37 2
37 37
38 10
38 12
39 15
39 19

# solution 333
# n=40 sym=rot4 status=verified source=flammenkamp_cache/n40_rot4
# code=oEKOSMVBV9G6RLYAE23KZDW1a5LHTWd1GOZ2Q6C09UdRXDb4FNc07AMIY3c7Q4JabPT5ICXNU8S8HBFJP
0 14
0 20
1 24
1 28
2 22
2 31
3 11
3 31
4 9
4 16
5 6
5 27
6 21
6 34
7 10
7 14
8 2
8 3
9 20
9 35
10 13
10 32
11 1
11 36
12 5
12 21
13 17
13 29
14 32
14 39
15 1
15 16
16 24
16 35
17 2
17 26
18 6
18 12
19 0
19 9
20 30
20 39
21 27
21 33
22 13
22 37
23 4
23 15
24 23
24 38
25 0
25 7
26 10
26 22
27 18
27 34
28 3
28 38
29 7
29 26
30 4
30 19
31 36
31 37
32 25
32 29
33 5
33 18
34 12
34 33
35 23
35 30
36 8
36 28
37 8
37 17
38 11
38 15
39 19
39 25

# solution 334
# n=40 sym=rot4 status=verified source=flammenkamp_cache/n40_rot4
# code=oKLFPMZ682DCOTaLV7aDJ6HCGSYUZ1G5cPS2T070U9dWdAbBE1YNc495BNRMXKQ3W8I3AFRQbVX4HEOIJ
0 20
0 21
1 15
1 25
2 22
2 35
3 6
3 8
4 2
4 13
5 12
5 24
6 29
6 36
7 21
7 31
8 7
8 36
9 13
9 19
10 6
10 17
11 12
11 16
12 28
12 34
13 30
13 35
14 1
14 16
15 5
15 38
16 25
16 28
17 2
17 29
18 0
18 7
19 0
19 30
20 9
20 39
21 32
21 39
22 10
22 37
23 11
23 14
24 1
24 34
25 23
25 38
26 4
26 9
27 5
27 11
28 23
28 27
29 22
29 33
30 20
30 26
31 3
31 32
32 8
32 18
33 3
33 10
34 15
34 27
35 26
35 37
36 31
36 33
37 4
37 17
38 14
38 24
39 18
39 19

# solution 335
# n=40 sym=rot4 status=verified source=flammenkamp_cache/n40_rot4
# code=oKPAD9VIXIVCW3T5G24Jb6cCNSYFc0FPQBWHMZa0U9d34HM7SDEOd1O5BGR1X2KZbNYAa7R8L6L8UQTEJ
0 20
0 25
1 10
1 13
2 9
2 31
3 18
3 33
4 18
4 31
5 12
5 32
6 3
6 29
7 5
7 16
8 2
8 4
9 19
9 37
10 6
10 38
11 12
11 23
12 28
12 34
13 15
13 38
14 0
14 15
15 25
15 26
16 11
16 32
17 17
17 22
18 35
18 36
19 0
19 30
20 9
20 39
21 3
21 4
22 17
22 22
23 7
23 28
24 13
24 14
25 24
25 39
26 1
26 24
27 5
27 11
28 16
28 27
29 1
29 33
30 2
30 20
31 35
31 37
32 23
32 34
33 10
33 36
34 7
34 27
35 8
35 21
36 6
36 21
37 8
37 30
38 26
38 29
39 14
39 19

# solution 336
# n=40 sym=rot4 status=verified source=flammenkamp_cache/n40_rot4
# code=oGPFM9R4AFaPX5BBKKQRbGaWX298H05ZcTd1QIL78VWILDc0A14YdMVUb673N2CDJJSSY6E3OTZCUHOEN
0 16
0 25
1 15
1 22
2 9
2 27
3 4
3 10
4 15
4 36
5 25
5 33
6 5
6 11
7 11
7 20
8 20
8 26
9 27
9 37
10 16
10 36
11 32
11 33
12 2
12 9
13 8
13 17
14 0
14 5
15 35
15 38
16 29
16 39
17 1
17 26
18 18
18 21
19 7
19 8
20 31
20 32
21 18
21 21
22 13
22 38
23 0
23 10
24 1
24 4
25 34
25 39
26 22
26 31
27 30
27 37
28 6
28 7
29 3
29 23
30 2
30 12
31 13
31 19
32 19
32 28
33 28
33 34
34 6
34 14
35 3
35 24
36 29
36 35
37 12
37 30
38 17
38 24
39 14
39 23

# solution 337
# n=40 sym=rot4 status=verified source=flammenkamp_cache/n40_rot4
# code=oIOGOBCSU8QHTGK9PKZ3W5D3bPb4T7C01XcIYMd68VX0H5L16cdRWAZ2E2aQY7a4JEUJNAMDV9BRSFNFL
0 18
0 24
1 16
1 24
2 11
2 12
3 28
3 30
4 8
4 26
5 17
5 29
6 16
6 20
7 9
7 25
8 20
8 35
9 3
9 32
10 5
10 13
11 3
11 37
12 25
12 37
13 4
13 29
14 7
14 12
15 0
15 1
16 33
16 38
17 18
17 34
18 22
18 39
19 6
19 8
20 31
20 33
21 0
21 17
22 5
22 21
23 1
23 6
24 38
24 39
25 27
25 32
26 10
26 35
27 2
27 14
28 2
28 36
29 26
29 34
30 7
30 36
31 4
31 19
32 14
32 30
33 19
33 23
34 10
34 22
35 13
35 31
36 9
36 11
37 27
37 28
38 15
38 23
39 15
39 21

# solution 338
# n=40 sym=rot4 status=verified source=flammenkamp_cache/n40_rot4
# code=o5FLNOT7DEWGdKP4aJTDS289CISUa6Z2d1YHM1R6V8XCcHM5c0b4X39BLRUVbBQAK3ZEJ0N7PQWAFGIOY
0 5
0 15
1 21
1 23
2 24
2 29
3 7
3 13
4 14
4 32
5 16
5 39
6 20
6 25
7 4
7 36
8 19
8 29
9 13
9 28
10 2
10 8
11 9
11 12
12 18
12 28
13 30
13 36
14 6
14 35
15 2
15 39
16 1
16 34
17 17
17 22
18 1
18 27
19 6
19 31
20 8
20 33
21 12
21 38
22 17
22 22
23 5
23 38
24 0
24 37
25 4
25 33
26 3
26 9
27 11
27 21
28 27
28 30
29 31
29 37
30 11
30 26
31 10
31 20
32 3
32 35
33 14
33 19
34 0
34 23
35 7
35 25
36 26
36 32
37 10
37 15
38 16
38 18
39 24
39 34

# solution 339
# n=40 sym=rot4 status=verified source=flammenkamp_cache/n40_rot4
# code=oOTMa9A1EMN9J7ERXJQYb0bCF7S8GXa0S4Q14ILVY58ILZcDZBd36NVBWOR2d25DK6CPWKUGHPcTU3HAF
0 24
0 29
1 22
1 36
2 9
2 10
3 1
3 14
4 22
4 23
5 9
5 19
6 7
6 14
7 27
7 33
8 19
8 26
9 34
9 37
10 0
10 37
11 12
11 15
12 7
12 28
13 8
13 16
14 33
14 36
15 0
15 28
16 4
16 26
17 1
17 4
18 18
18 21
19 31
19 34
20 5
20 8
21 18
21 21
22 35
22 38
23 13
23 35
24 11
24 39
25 3
25 6
26 23
26 31
27 11
27 32
28 24
28 27
29 2
29 39
30 2
30 5
31 13
31 20
32 6
32 12
33 25
33 32
34 20
34 30
35 16
35 17
36 25
36 38
37 29
37 30
38 3
38 17
39 10
39 15

# solution 340
# n=40 sym=rot4 status=verified source=flammenkamp_cache/n40_rot4
# code=oLM9SFLFV6WGKPZ4C3KAcPU1RBWHN6AabDY0Q0258VYbdDd5Q23TXGM7SCc9E1TJaRZ4EJN7X8OIOBUHI
0 21
0 22
1 9
1 28
2 15
2 21
3 15
3 31
4 6
4 32
5 16
5 20
6 25
6 35
7 4
7 12
8 3
8 20
9 10
9 38
10 25
10 30
11 1
11 27
12 11
12 32
13 17
13 23
14 6
14 10
15 36
15 37
16 13
16 34
17 0
17 26
18 0
18 2
19 5
19 8
20 31
20 34
21 37
21 39
22 13
22 39
23 5
23 26
24 2
24 3
25 29
25 33
26 16
26 22
27 7
27 28
28 12
28 38
29 9
29 14
30 1
30 29
31 19
31 36
32 27
32 35
33 4
33 14
34 19
34 23
35 7
35 33
36 8
36 24
37 18
37 24
38 11
38 30
39 17
39 18

# solution 341
# n=40 sym=rot4 status=verified source=flammenkamp_cache/n40_rot4
# code=oHP2G8cRUEODK79RXKb3XDHFI37TY0Z4SIcTdNS58VYBG0A1LBZ4d5AWaLOMQ6a2J6CUWJQFP9C1VNbEM
0 17
0 25
1 2
1 16
2 8
2 38
3 27
3 30
4 14
4 24
5 13
5 20
6 7
6 9
7 27
7 33
8 20
8 37
9 3
9 33
10 13
10 17
11 15
11 18
12 3
12 7
13 29
13 34
14 0
14 35
15 4
15 28
16 18
16 38
17 29
17 39
18 23
18 28
19 5
19 8
20 31
20 34
21 11
21 16
22 0
22 10
23 1
23 21
24 11
24 35
25 4
25 39
26 5
26 10
27 32
27 36
28 21
28 24
29 22
29 26
30 6
30 36
31 2
31 19
32 6
32 12
33 30
33 32
34 19
34 26
35 15
35 25
36 9
36 12
37 1
37 31
38 23
38 37
39 14
39 22

# solution 342
# n=40 sym=rot4 status=verified source=flammenkamp_cache/n40_rot4
# code=oIbES0FBQGOJPCT8TKWGQ671aIX395c4bUZHMRd8Y5V0CHM492Z1YUa6L3cWXDN7JAVAREKFNDSOdBP2L
0 18
0 37
1 14
1 28
2 0
2 15
3 11
3 26
4 16
4 24
5 19
5 25
6 12
6 29
7 8
7 29
8 20
8 32
9 16
9 26
10 6
10 7
11 1
11 36
12 18
12 33
13 3
13 9
14 5
14 38
15 4
15 37
16 30
16 35
17 17
17 22
18 27
18 39
19 8
19 34
20 5
20 31
21 0
21 12
22 17
22 22
23 4
23 9
24 2
24 35
25 1
25 34
26 30
26 36
27 6
27 21
28 3
28 38
29 32
29 33
30 13
30 23
31 7
31 19
32 10
32 31
33 10
33 27
34 14
34 20
35 15
35 23
36 13
36 28
37 24
37 39
38 11
38 25
39 2
39 21

# solution 343
# n=40 sym=rot4 status=verified source=flammenkamp_cache/n40_rot4
# code=o2IESFdBQGOJPCT8TKWGQ671aIX395c4bUZHMRd8Y5V0CHM492Z1YUa6L3cWXDN7JAVAREKFNDS0OBPLb
0 2
0 18
1 14
1 28
2 15
2 39
3 11
3 26
4 16
4 24
5 19
5 25
6 12
6 29
7 8
7 29
8 20
8 32
9 16
9 26
10 6
10 7
11 1
11 36
12 18
12 33
13 3
13 9
14 5
14 38
15 4
15 37
16 30
16 35
17 17
17 22
18 27
18 39
19 8
19 34
20 5
20 31
21 0
21 12
22 17
22 22
23 4
23 9
24 2
24 35
25 1
25 34
26 30
26 36
27 6
27 21
28 3
28 38
29 32
29 33
30 13
30 23
31 7
31 19
32 10
32 31
33 10
33 27
34 14
34 20
35 15
35 23
36 13
36 28
37 0
37 24
38 11
38 25
39 21
39 37

# solution 344
# n=40 sym=rot4 status=verified source=flammenkamp_cache/n40_rot4
# code=oIVBT9F59EKTaISFP0Kab156cDNMR7ZWbCHDNXd48VZ06GQMR274WCHGQ1XYc23JdEOBL3AJPUYOUAS8L
0 18
0 31
1 11
1 29
2 9
2 15
3 5
3 9
4 14
4 20
5 29
5 36
6 18
6 28
7 15
7 25
8 0
8 20
9 36
9 37
10 1
10 5
11 6
11 38
12 13
12 23
13 22
13 27
14 7
14 35
15 32
15 37
16 12
16 17
17 13
17 23
18 33
18 39
19 4
19 8
20 31
20 35
21 0
21 6
22 16
22 26
23 22
23 27
24 2
24 7
25 4
25 32
26 12
26 17
27 16
27 26
28 1
28 33
29 34
29 38
30 2
30 3
31 19
31 39
32 14
32 24
33 11
33 21
34 3
34 10
35 19
35 25
36 30
36 34
37 24
37 30
38 10
38 28
39 8
39 21

# solution 345
# n=40 sym=rot4 status=verified source=flammenkamp_cache/n40_rot4
# code=oCLLMRT7HKO8A9SPaKYNX2Y6F2dDQ7G4S9P1a0148VZcd3cEUBZNWDQ0bOX5b6G5J3EBUTVFJMWACHIIR
0 12
0 21
1 21
1 22
2 27
2 29
3 7
3 17
4 20
4 24
5 8
5 10
6 9
6 28
7 25
7 36
8 20
8 34
9 23
9 33
10 2
10 34
11 6
11 15
12 2
12 39
13 13
13 26
14 7
14 16
15 4
15 28
16 9
16 25
17 1
17 36
18 0
18 1
19 4
19 8
20 31
20 35
21 38
21 39
22 3
22 38
23 14
23 30
24 11
24 35
25 23
25 32
26 13
26 26
27 0
27 37
28 24
28 33
29 5
29 37
30 6
30 16
31 5
31 19
32 3
32 14
33 11
33 30
34 29
34 31
35 15
35 19
36 22
36 32
37 10
37 12
38 17
38 18
39 18
39 27

# solution 346
# n=40 sym=rot4 status=verified source=flammenkamp_cache/n40_rot4
# code=oBHGH2bUWBJETAV3O6J3I5XZdDPGRCY7IQccdOUVZ489F011DLW5RCNEQ046YLaKXFa8TAPKS792bMNMS
0 11
0 17
1 16
1 17
2 2
2 37
3 30
3 32
4 11
4 19
5 14
5 29
6 10
6 31
7 3
7 24
8 6
8 19
9 3
9 18
10 5
10 33
11 35
11 39
12 13
12 25
13 16
13 27
14 12
14 34
15 7
15 18
16 26
16 38
17 38
17 39
18 24
18 30
19 31
19 35
20 4
20 8
21 9
21 15
22 0
22 1
23 1
23 13
24 21
24 32
25 5
25 27
26 12
26 23
27 14
27 26
28 0
28 4
29 6
29 34
30 21
30 36
31 20
31 33
32 15
32 36
33 8
33 29
34 10
34 25
35 20
35 28
36 7
36 9
37 2
37 37
38 22
38 23
39 22
39 28

# solution 347
# n=40 sym=rot4 status=verified source=flammenkamp_cache/n40_rot4
# code=oAUHN7DNSEKSVOUOb5J06Cd35DTRbLZ6713IcEM4V8ZHP1LacWX4I2CAQYa0RXdKY2F9F8BJPBGQWGM9T
0 10
0 30
1 17
1 23
2 7
2 13
3 23
3 28
4 14
4 20
5 28
5 31
6 24
6 30
7 24
7 37
8 5
8 19
9 0
9 6
10 12
10 39
11 3
11 5
12 13
12 29
13 27
13 37
14 21
14 35
15 6
15 7
16 1
16 3
17 18
17 38
18 14
18 22
19 4
19 31
20 8
20 35
21 17
21 25
22 1
22 21
23 36
23 38
24 32
24 33
25 4
25 18
26 2
26 12
27 10
27 26
28 34
28 36
29 0
29 27
30 33
30 39
31 20
31 34
32 2
32 15
33 9
33 15
34 8
34 11
35 19
35 25
36 11
36 16
37 26
37 32
38 16
38 22
39 9
39 29

# solution 348
# n=40 sym=rot4 status=verified source=flammenkamp_cache/n40_rot4
# code=oIWIPQS9K8X5Y4C0TKZGa7F2RBX2M1HGTOUDPcd38Va01EQ9FANMcHb6SCbOW3N4JAdRZ5Y6VJUBDEL7L
0 18
0 32
1 18
1 25
2 26
2 28
3 9
3 20
4 8
4 33
5 5
5 34
6 4
6 12
7 0
7 29
8 20
8 35
9 16
9 36
10 7
10 15
11 2
11 27
12 11
12 33
13 2
13 22
14 1
14 17
15 16
15 29
16 24
16 30
17 13
17 25
18 38
18 39
19 3
19 8
20 31
20 36
21 0
21 1
22 14
22 26
23 9
23 15
24 10
24 23
25 22
25 38
26 17
26 37
27 6
27 28
28 12
28 37
29 24
29 32
30 3
30 23
31 4
31 19
32 10
32 39
33 27
33 35
34 5
34 34
35 6
35 31
36 19
36 30
37 11
37 13
38 14
38 21
39 7
39 21

# solution 349
# n=40 sym=rot4 status=verified source=flammenkamp_cache/n40_rot4
# code=oLRUZFNJQ1AAUDSFHKM15YZ6C0S3XGIWb2P8W0P8a3VEd7VEb27LN6aBdRX45YcHJMOBQ9TTcDKGO49CI
0 21
0 27
1 30
1 35
2 15
2 23
3 19
3 26
4 1
4 10
5 10
5 30
6 13
6 28
7 15
7 17
8 20
8 22
9 1
9 5
10 34
10 35
11 6
11 12
12 0
12 28
13 3
13 33
14 16
14 18
15 32
15 37
16 2
16 25
17 8
17 32
18 0
18 25
19 8
19 36
20 3
20 31
21 14
21 39
22 7
22 31
23 14
23 37
24 2
24 7
25 21
25 23
26 6
26 36
27 11
27 39
28 27
28 33
29 4
29 5
30 34
30 38
31 17
31 19
32 22
32 24
33 11
33 26
34 9
34 29
35 29
35 38
36 13
36 20
37 16
37 24
38 4
38 9
39 12
39 18

# solution 350
# n=40 sym=rot4 status=verified source=flammenkamp_cache/n40_rot4
# code=oSZMS5FJL05Zb9D9QKMWXNO01CR7XGIAbAP183P8a3VEaVcET2TLN6WCRcdFG67HJDUQU24YdIKOYBH4B
0 28
0 35
1 22
1 28
2 5
2 15
3 19
3 21
4 0
4 5
5 35
5 37
6 9
6 13
7 9
7 26
8 20
8 22
9 32
9 33
10 23
10 24
11 0
11 1
12 12
12 27
13 7
13 33
14 16
14 18
15 10
15 37
16 10
16 25
17 1
17 8
18 3
18 25
19 8
19 36
20 3
20 31
21 14
21 36
22 31
22 38
23 14
23 29
24 2
24 29
25 21
25 23
26 6
26 32
27 12
27 27
28 38
28 39
29 15
29 16
30 6
30 7
31 17
31 19
32 13
32 30
33 26
33 30
34 2
34 4
35 34
35 39
36 18
36 20
37 24
37 34
38 11
38 17
39 4
39 11

# solution 351
# n=40 sym=rot4 status=verified source=flammenkamp_cache/n40_rot4
# code=oBZMS5FJL05Zb9D9QKMWXNO1dCR7XGIAbAP183P8a3VEaVcET2TLN6WCR0cFG67HJDUQU24YdIKOYBH4S
0 11
0 35
1 22
1 28
2 5
2 15
3 19
3 21
4 0
4 5
5 35
5 37
6 9
6 13
7 9
7 26
8 20
8 22
9 32
9 33
10 23
10 24
11 1
11 39
12 12
12 27
13 7
13 33
14 16
14 18
15 10
15 37
16 10
16 25
17 1
17 8
18 3
18 25
19 8
19 36
20 3
20 31
21 14
21 36
22 31
22 38
23 14
23 29
24 2
24 29
25 21
25 23
26 6
26 32
27 12
27 27
28 0
28 38
29 15
29 16
30 6
30 7
31 17
31 19
32 13
32 30
33 26
33 30
34 2
34 4
35 34
35 39
36 18
36 20
37 24
37 34
38 11
38 17
39 4
39 28

# solution 352
# n=40 sym=rot4 status=verified source=flammenkamp_cache/n40_rot4
# code=oGREFKRGLBPUVBW6L5K5T9DXZ02HT4cHcadOQ3728VbWaDF031M1ZAMbd46QUAYJYIX7S89ESINCJOPCN
0 16
0 27
1 14
1 15
2 20
2 27
3 16
3 21
4 11
4 25
5 30
5 31
6 11
6 32
7 6
7 21
8 5
8 20
9 5
9 29
10 9
10 13
11 33
11 35
12 0
12 2
13 17
13 29
14 4
14 38
15 17
15 38
16 36
16 39
17 24
17 26
18 3
18 7
19 2
19 8
20 31
20 37
21 32
21 36
22 13
22 15
23 0
23 3
24 1
24 22
25 1
25 35
26 10
26 22
27 37
27 39
28 4
28 6
29 26
29 30
30 10
30 34
31 19
31 34
32 18
32 33
33 7
33 28
34 8
34 9
35 14
35 28
36 18
36 23
37 12
37 19
38 24
38 25
39 12
39 23

# solution 353
# n=40 sym=rot4 status=verified source=flammenkamp_cache/n40_rot4
# code=oLT8GCK49OaHSBP9GKcWa0O5XDbMR6I4AWcDY0P28VbEd5Q17TZLXCH2Q6YFd371JNUESBM3FUZJRNVAI
0 21
0 29
1 8
1 16
2 12
2 20
3 4
3 9
4 24
4 36
5 17
5 28
6 11
6 25
7 9
7 16
8 20
8 38
9 32
9 36
10 0
10 24
11 5
11 33
12 13
12 37
13 22
13 27
14 6
14 18
15 4
15 10
16 32
16 38
17 13
17 34
18 0
18 25
19 2
19 8
20 31
20 37
21 14
21 39
22 5
22 26
23 1
23 7
24 29
24 35
25 21
25 33
26 12
26 17
27 2
27 26
28 6
28 34
29 15
29 39
30 3
30 7
31 1
31 19
32 23
32 30
33 14
33 28
34 11
34 22
35 3
35 15
36 30
36 35
37 19
37 27
38 23
38 31
39 10
39 18

# solution 354
# n=40 sym=rot4 status=verified source=flammenkamp_cache/n40_rot4
# code=oNRJODHTXES9W3R5FJLAY3U4E06LbSZ1W0HNb8DVc18QV2GMd7c4B2IXdPZ9a5TIKOYCa7UBP6AMQFKCG
0 23
0 27
1 19
1 24
2 13
2 17
3 29
3 33
4 14
4 28
5 9
5 32
6 3
6 27
7 5
7 15
8 19
8 21
9 10
9 34
10 3
10 30
11 4
11 14
12 0
12 6
13 21
13 37
14 28
14 35
15 1
15 32
16 0
16 17
17 23
17 37
18 8
18 13
19 31
19 38
20 1
20 8
21 26
21 31
22 2
22 16
23 22
23 39
24 7
24 38
25 4
25 11
26 2
26 18
27 33
27 39
28 25
28 35
29 9
29 36
30 5
30 29
31 18
31 20
32 24
32 34
33 12
33 36
34 7
34 30
35 11
35 25
36 6
36 10
37 22
37 26
38 15
38 20
39 12
39 16

# solution 355
# n=40 sym=rot4 status=verified source=flammenkamp_cache/n40_rot4
# code=o9EKOCHDT7VER9SDZ4KXd3I6N5bWaYd1NBFIbMT18VcAH2LOSGc05372YGXLa06JZ4QBUCP8WAQMRFJPU
0 9
0 14
1 20
1 24
2 12
2 17
3 13
3 29
4 7
4 31
5 14
5 27
6 9
6 28
7 13
7 35
8 4
8 20
9 33
9 39
10 3
10 18
11 6
11 23
12 5
12 37
13 32
13 36
14 34
14 39
15 1
15 23
16 11
16 15
17 18
17 37
18 22
18 29
19 1
19 8
20 31
20 38
21 10
21 17
22 2
22 21
23 24
23 28
24 16
24 38
25 0
25 5
26 3
26 7
27 2
27 34
28 16
28 33
29 21
29 36
30 0
30 6
31 19
31 35
32 4
32 26
33 11
33 30
34 12
34 25
35 8
35 32
36 10
36 26
37 22
37 27
38 15
38 19
39 25
39 30

# solution 356
# n=40 sym=rot4 status=verified source=flammenkamp_cache/n40_rot4
# code=oGTJO6DTZ379RWb6ZIJOY03EQ5IBbGS19PdHMRVVc188CHM0EUcBN2SLYDPad5FKL4X27CUWa4AQXFKAN
0 16
0 29
1 19
1 24
2 6
2 13
3 29
3 35
4 3
4 7
5 9
5 27
6 32
6 37
7 6
7 35
8 18
8 19
9 24
9 34
10 0
10 3
11 14
11 26
12 5
12 18
13 11
13 37
14 16
14 28
15 1
15 9
16 25
16 39
17 17
17 22
18 27
18 31
19 31
19 38
20 1
20 8
21 8
21 12
22 17
22 22
23 0
23 14
24 30
24 38
25 11
25 23
26 2
26 28
27 21
27 34
28 13
28 25
29 36
29 39
30 5
30 15
31 20
31 21
32 4
32 33
33 2
33 7
34 12
34 30
35 32
35 36
36 4
36 10
37 26
37 33
38 15
38 20
39 10
39 23

# solution 357
# n=40 sym=rot4 status=verified source=flammenkamp_cache/n40_rot4
# code=oLSKLHSWXRY4A3C3UFK7MFY024XEGGQTVPQ9b0118Vccd2UDE8ADNNP6Zbd5OHWJO9aRaTZ5C67BMIJBI
0 21
0 28
1 20
1 21
2 17
2 28
3 32
3 33
4 27
4 34
5 4
5 10
6 3
6 12
7 3
7 30
8 15
8 20
9 7
9 22
10 15
10 34
11 0
11 2
12 4
12 33
13 14
13 16
14 16
14 26
15 29
15 31
16 25
16 26
17 9
17 37
18 0
18 1
19 1
19 8
20 31
20 38
21 38
21 39
22 2
22 30
23 13
23 14
24 8
24 10
25 13
25 23
26 23
26 25
27 6
27 35
28 37
28 39
29 5
29 24
30 17
30 32
31 19
31 24
32 9
32 36
33 27
33 36
34 29
34 35
35 5
35 12
36 6
36 7
37 11
37 22
38 18
38 19
39 11
39 18

# solution 358
# n=40 sym=rot4 status=verified source=flammenkamp_cache/n40_rot4
# code=oNXBKCFNPLXDT048BKWAE5UWcIbMY3UHb03DO4R18VcCZFQad2M9a5H2L179YPT7JSVZdAQ6IEGORJS6G
0 23
0 33
1 11
1 20
2 12
2 15
3 23
3 25
4 21
4 33
5 13
5 29
6 0
6 4
7 8
7 11
8 20
8 32
9 10
9 14
10 5
10 30
11 32
11 38
12 18
12 37
13 22
13 34
14 3
14 30
15 17
15 37
16 0
16 3
17 13
17 24
18 4
18 27
19 1
19 8
20 31
20 38
21 12
21 35
22 15
22 26
23 36
23 39
24 2
24 22
25 9
25 36
26 5
26 17
27 2
27 21
28 1
28 7
29 9
29 34
30 25
30 29
31 7
31 19
32 28
32 31
33 35
33 39
34 10
34 26
35 6
35 18
36 14
36 16
37 24
37 27
38 19
38 28
39 6
39 16

# solution 359
# n=40 sym=rot4 status=verified source=flammenkamp_cache/n40_rot4
# code=oGHBJCI7GTVTX5UOa4K6I45DcQbCSEP7HadOdUb8c1V290F03MWEPBR2D1QYZLXJZ3F9Y6A8ANWLRKSMN
0 16
0 17
1 11
1 19
2 12
2 18
3 7
3 16
4 29
4 31
5 29
5 33
6 5
6 30
7 24
7 36
8 4
8 20
9 6
9 18
10 4
10 5
11 13
11 38
12 26
12 37
13 12
13 28
14 14
14 25
15 7
15 17
16 36
16 39
17 24
17 39
18 30
18 37
19 8
19 38
20 1
20 31
21 2
21 9
22 0
22 15
23 0
23 3
24 22
24 32
25 14
25 25
26 11
26 27
27 2
27 13
28 1
28 26
29 34
29 35
30 21
30 33
31 19
31 35
32 3
32 15
33 9
33 34
34 6
34 10
35 8
35 10
36 23
36 32
37 21
37 27
38 20
38 28
39 22
39 23

# solution 360
# n=40 sym=rot4 status=verified source=flammenkamp_cache/n40_rot4
# code=oGHKPCU6WACHLSa3IDJ2AUZ6DZbSV1GFOPdYd5W1V8c7Y050EFONc8B24QX49TbKQLa3BIMRT7X9REJMN
0 16
0 17
1 20
1 25
2 12
2 30
3 6
3 32
4 10
4 12
5 17
5 21
6 28
6 36
7 3
7 18
8 13
8 19
9 2
9 10
10 30
10 35
11 6
11 13
12 35
12 37
13 28
13 31
14 1
14 16
15 15
15 24
16 25
16 39
17 34
17 39
18 5
18 32
19 1
19 31
20 8
20 38
21 7
21 34
22 0
22 5
23 0
23 14
24 15
24 24
25 23
25 38
26 8
26 11
27 2
27 4
28 26
28 33
29 4
29 9
30 29
30 37
31 20
31 26
32 21
32 36
33 3
33 11
34 18
34 22
35 27
35 29
36 7
36 33
37 9
37 27
38 14
38 19
39 22
39 23

# solution 361
# n=40 sym=rot4 status=verified source=flammenkamp_cache/n40_rot4
# code=oDJLNDYCF9I2WRT59GJWZ6SAP6abdBFPa1VHM1ZVd084cHM8c3EOS023XETBX47KNUYAC7bLUOR5QGIKQ
0 13
0 19
1 21
1 23
2 13
2 34
3 12
3 15
4 9
4 18
5 2
5 32
6 27
6 29
7 5
7 9
8 16
8 19
9 32
9 35
10 6
10 28
11 10
11 25
12 6
12 36
13 37
13 39
14 11
14 15
15 25
15 36
16 1
16 31
17 17
17 22
18 1
18 35
19 31
19 39
20 0
20 8
21 4
21 38
22 17
22 22
23 8
23 38
24 3
24 14
25 24
25 28
26 0
26 2
27 3
27 33
28 14
28 29
29 11
29 33
30 4
30 7
31 20
31 23
32 30
32 34
33 10
33 12
34 7
34 37
35 21
35 30
36 24
36 27
37 5
37 26
38 16
38 18
39 20
39 26

# solution 362
# n=40 sym=rot4 status=verified source=flammenkamp_cache/n40_rot4
# code=o5JHaES1N6ECdTZ7WJMDR6B2T9YIUZbGI3O8cOQVd08DF1VFaLN249L5UAbSXCQHK7W4A0RPXGcBP3MKY
0 5
0 19
1 17
1 36
2 14
2 28
3 1
3 23
4 6
4 14
5 12
5 39
6 29
6 35
7 7
7 32
8 19
8 22
9 13
9 27
10 6
10 11
11 2
11 29
12 9
12 34
13 18
13 30
14 35
14 37
15 16
15 18
16 3
16 24
17 8
17 38
18 24
18 26
19 31
19 39
20 0
20 8
21 13
21 15
22 1
22 31
23 15
23 36
24 21
24 23
25 2
25 4
26 9
26 21
27 5
27 30
28 10
28 37
29 28
29 33
30 12
30 26
31 17
31 20
32 7
32 32
33 4
33 10
34 0
34 27
35 25
35 33
36 16
36 38
37 11
37 25
38 3
38 22
39 20
39 34

# solution 363
# n=40 sym=rot4 status=verified source=flammenkamp_cache/n40_rot4
# code=oHK9DFS3a8TITEQ9GJZWc452PGM6cBXIbRWCdOY0V8d5F0R7C2L6S1XHNEbYZ174KNUDPALAV3aBOQUJM
0 17
0 20
1 9
1 13
2 15
2 28
3 3
3 36
4 8
4 29
5 18
5 29
6 14
6 26
7 9
7 16
8 19
8 35
9 32
9 38
10 4
10 5
11 2
11 25
12 16
12 22
13 6
13 38
14 11
14 33
15 18
15 37
16 27
16 32
17 12
17 39
18 24
18 34
19 0
19 31
20 8
20 39
21 5
21 15
22 0
22 27
23 7
23 12
24 2
24 21
25 6
25 28
26 1
26 33
27 17
27 23
28 14
28 37
29 34
29 35
30 1
30 7
31 4
31 20
32 23
32 30
33 13
33 25
34 10
34 21
35 10
35 31
36 3
36 36
37 11
37 24
38 26
38 30
39 19
39 22

# solution 364
# n=40 sym=rot4 status=verified source=flammenkamp_cache/n40_rot4
# code=oJPAEHR786SDFAZ9aKaRWXc4M29IY0cIYGNBbOQ8d0VDF2SGN5L1d5LUbHZ167C3J3U4TOQBXVWCMPTEK
0 19
0 25
1 10
1 14
2 17
2 27
3 7
3 8
4 6
4 28
5 13
5 15
6 10
6 35
7 9
7 36
8 20
8 36
9 27
9 32
10 33
10 38
11 4
11 22
12 2
12 9
13 18
13 34
14 0
14 38
15 18
15 34
16 16
16 23
17 11
17 37
18 24
18 26
19 8
19 39
20 0
20 31
21 13
21 15
22 2
22 28
23 16
23 23
24 5
24 21
25 1
25 39
26 5
26 21
27 30
27 37
28 17
28 35
29 1
29 6
30 7
30 12
31 3
31 19
32 3
32 30
33 4
33 29
34 24
34 26
35 11
35 33
36 31
36 32
37 12
37 22
38 25
38 29
39 14
39 20

# solution 365
# n=40 sym=rot4 status=verified source=flammenkamp_cache/n40_rot4
# code=o6GCTNRAZ3PBJIdJV7SEM1a8Y2cIO4UDH2d9OQXWY576DFU0bMQ9ZFL1b5V3cHPBW8K0LKSEa4TCGARNX
0 6
0 16
1 12
1 29
2 23
2 27
3 10
3 35
4 3
4 25
5 11
5 19
6 18
6 39
7 19
7 31
8 7
8 28
9 14
9 22
10 1
10 36
11 8
11 34
12 2
12 38
13 18
13 24
14 4
14 30
15 13
15 17
16 2
16 39
17 9
17 24
18 26
18 33
19 32
19 34
20 5
20 7
21 6
21 13
22 15
22 30
23 0
23 37
24 22
24 26
25 9
25 35
26 15
26 21
27 1
27 37
28 5
28 31
29 3
29 38
30 17
30 25
31 11
31 32
32 8
32 20
33 0
33 21
34 20
34 28
35 14
35 36
36 4
36 29
37 12
37 16
38 10
38 27
39 23
39 33

# solution 366
# n=40 sym=rot4 status=verified source=flammenkamp_cache/n40_rot4
# code=o8UHOBW49RaJNGI2JDd0aQRHb4AAVIO1E5XScPXWY576E1B6YPcFL8TTZ2MCD3d0QKbLNGK3CUZ7SFM9V
0 8
0 30
1 17
1 24
2 11
2 32
3 4
3 9
4 27
4 36
5 19
5 23
6 16
6 18
7 2
7 19
8 13
8 39
9 0
9 36
10 26
10 27
11 17
11 37
12 4
12 10
13 10
13 31
14 18
14 24
15 1
15 14
16 5
16 33
17 28
17 38
18 25
18 33
19 32
19 34
20 5
20 7
21 6
21 14
22 1
22 11
23 6
23 34
24 25
24 38
25 15
25 21
26 8
26 29
27 29
27 35
28 2
28 22
29 12
29 13
30 3
30 39
31 0
31 26
32 20
32 37
33 21
33 23
34 16
34 20
35 3
35 12
36 30
36 35
37 7
37 28
38 15
38 22
39 9
39 31

# solution 367
# n=40 sym=rot4 status=verified source=flammenkamp_cache/n40_rot4
# code=oCLOPDS8B6Q9KNZKUFa7YLP2aHd4b1A1V6HNR0A57WYTdCGMX8cTc2Z0M3bEI5W3O9J4GJUDXSVBQEFIR
0 12
0 21
1 24
1 25
2 13
2 28
3 8
3 11
4 6
4 26
5 9
5 20
6 23
6 35
7 20
7 30
8 15
8 36
9 7
9 34
10 21
10 25
11 2
11 36
12 17
12 39
13 4
13 37
14 1
14 10
15 1
15 31
16 6
16 17
17 23
17 27
18 0
18 10
19 5
19 7
20 32
20 34
21 29
21 39
22 12
22 16
23 22
23 33
24 8
24 38
25 29
25 38
26 2
26 35
27 0
27 22
28 3
28 37
29 14
29 18
30 5
30 32
31 3
31 24
32 9
32 19
33 4
33 16
34 19
34 30
35 13
35 33
36 28
36 31
37 11
37 26
38 14
38 15
39 18
39 27

# solution 368
# n=40 sym=rot4 status=verified source=flammenkamp_cache/n40_rot4
# code=oFLAPCL9AOVCK7HKX49VaacGPYbHN1B4dDSQX0257WYbd6DBQ0ZScGM25EN1338UZ6JMWJR8FTUIRETIO
0 15
0 21
1 10
1 25
2 12
2 21
3 9
3 10
4 24
4 31
5 12
5 20
6 7
6 17
7 20
7 33
8 4
8 9
9 31
9 36
10 36
10 38
11 16
11 25
12 34
12 37
13 17
13 23
14 1
14 11
15 4
15 39
16 13
16 28
17 26
17 33
18 0
18 2
19 5
19 7
20 32
20 34
21 37
21 39
22 6
22 13
23 11
23 26
24 0
24 35
25 28
25 38
26 16
26 22
27 2
27 5
28 14
28 23
29 1
29 3
30 3
30 8
31 30
31 35
32 6
32 19
33 22
33 32
34 19
34 27
35 8
35 15
36 29
36 30
37 18
37 27
38 14
38 29
39 18
39 24

# solution 369
# n=40 sym=rot4 status=verified source=flammenkamp_cache/n40_rot4
# code=oIOOPAIAXKR683YJREYBQabNU479M1V01BHDNbd4W7Z02GQMScd8cHUWZ9G23DS5PCK5aVXCJ6TLTEFFL
0 18
0 24
1 24
1 25
2 10
2 18
3 10
3 33
4 20
4 27
5 6
5 8
6 3
6 34
7 19
7 27
8 14
8 34
9 11
9 26
10 36
10 37
11 23
11 30
12 4
12 7
13 9
13 22
14 1
14 31
15 0
15 1
16 11
16 17
17 13
17 23
18 37
18 39
19 4
19 32
20 7
20 35
21 0
21 2
22 16
22 26
23 22
23 28
24 38
24 39
25 8
25 38
26 17
26 30
27 32
27 35
28 9
28 16
29 2
29 3
30 13
30 28
31 5
31 25
32 12
32 20
33 5
33 36
34 31
34 33
35 12
35 19
36 6
36 29
37 21
37 29
38 14
38 15
39 15
39 21

# solution 370
# n=40 sym=rot4 status=verified source=flammenkamp_cache/n40_rot4
# code=oPSMaBC189JGQLT8KWaRZ6N0b9b5H0OEIAY1Q6O7Z4WFXDc5TLPFdMY2U2dGX4C37JVAIDNKUVcRS3HBE
0 25
0 28
1 22
1 36
2 11
2 12
3 1
3 8
4 9
4 19
5 16
5 26
6 21
6 29
7 8
7 20
8 32
8 36
9 27
9 35
10 6
10 23
11 0
11 37
12 9
12 37
13 5
13 17
14 0
14 24
15 14
15 18
16 10
16 34
17 1
17 26
18 6
18 24
19 7
19 35
20 4
20 32
21 15
21 33
22 13
22 38
23 5
23 29
24 21
24 25
25 15
25 39
26 22
26 34
27 2
27 30
28 2
28 39
29 16
29 33
30 4
30 12
31 3
31 7
32 19
32 31
33 10
33 18
34 13
34 23
35 20
35 30
36 31
36 38
37 27
37 28
38 3
38 17
39 11
39 14

# solution 371
# n=40 sym=rot4 status=verified source=flammenkamp_cache/n40_rot4
# code=oLXFRDH6KCUAW0a5KOS4DEY8I1ZUbNT8cEHNb0S37WaBd2GMP1VAG294cLV5PQZBFJY3d7T9RJXMQCO6I
0 21
0 33
1 15
1 27
2 13
2 17
3 6
3 20
4 12
4 30
5 10
5 32
6 0
6 36
7 5
7 20
8 24
8 28
9 4
9 13
10 14
10 34
11 8
11 18
12 1
12 35
13 30
13 37
14 23
14 29
15 8
15 38
16 14
16 17
17 23
17 37
18 0
18 28
19 3
19 7
20 32
20 36
21 11
21 39
22 2
22 16
23 22
23 25
24 1
24 31
25 10
25 16
26 2
26 9
27 4
27 38
28 21
28 31
29 5
29 25
30 26
30 35
31 11
31 15
32 19
32 34
33 3
33 39
34 7
34 29
35 9
35 27
36 19
36 33
37 22
37 26
38 12
38 24
39 6
39 18

# solution 372
# n=40 sym=rot4 status=verified source=flammenkamp_cache/n40_rot4
# code=o9OPTAV9KFNCVDNIK25ad1bCPSYIX1B0Z46HMQW37Wa7DHMXZ4dSc6L5BER2c03YbJLGQ8RGOJU8TAEFU
0 9
0 24
1 25
1 29
2 10
2 31
3 9
3 20
4 15
4 23
5 12
5 31
6 13
6 23
7 18
7 20
8 2
8 5
9 36
9 39
10 1
10 37
11 12
11 25
12 28
12 34
13 18
13 33
14 1
14 11
15 0
15 35
16 4
16 6
17 17
17 22
18 26
18 32
19 3
19 7
20 32
20 36
21 7
21 13
22 17
22 22
23 33
23 35
24 4
24 39
25 28
25 38
26 6
26 21
27 5
27 11
28 14
28 27
29 2
29 38
30 0
30 3
31 34
31 37
32 19
32 21
33 16
33 26
34 8
34 27
35 16
35 24
36 19
36 30
37 8
37 29
38 10
38 14
39 15
39 30

# solution 373
# n=40 sym=rot4 status=verified source=flammenkamp_cache/n40_rot4
# code=oMUESCIFJTY48FQIKCY0A4U1QVb6BHcXaGN0PWb7a3W27EdGN361MSX28Dc9ZTd5RJLDOVZ5AKOLRBP9H
0 22
0 30
1 14
1 28
2 12
2 18
3 15
3 19
4 29
4 34
5 4
5 8
6 15
6 26
7 18
7 20
8 12
8 34
9 0
9 10
10 4
10 30
11 1
11 26
12 31
12 37
13 6
13 11
14 17
14 38
15 33
15 36
16 16
16 23
17 0
17 25
18 32
18 37
19 7
19 36
20 3
20 32
21 2
21 7
22 14
22 39
23 16
23 23
24 3
24 6
25 1
25 22
26 28
26 33
27 2
27 8
28 13
28 38
29 9
29 35
30 29
30 39
31 5
31 27
32 19
32 21
33 13
33 24
34 31
34 35
35 5
35 10
36 20
36 24
37 21
37 27
38 11
38 25
39 9
39 17

# solution 374
# n=40 sym=rot4 status=verified source=flammenkamp_cache/n40_rot4
# code=oEUCOCJTYPW3TDI4JDG0B35HUbcVX4d1GOVISMXWb276HBL8FNc0Z68129MYaSdNQKZLQAa7E5AKRFR9P
0 14
0 30
1 12
1 24
2 12
2 19
3 29
3 34
4 25
4 32
5 3
5 29
6 13
6 18
7 4
7 19
8 13
8 16
9 0
9 11
10 3
10 5
11 17
11 30
12 37
12 38
13 31
13 33
14 4
14 39
15 1
15 16
16 24
16 31
17 18
17 28
18 22
18 33
19 32
19 37
20 2
20 7
21 6
21 17
22 11
22 21
23 8
23 15
24 23
24 38
25 0
25 35
26 6
26 8
27 1
27 2
28 9
28 22
29 34
29 36
30 28
30 39
31 23
31 26
32 20
32 35
33 21
33 26
34 10
34 36
35 7
35 14
36 5
36 10
37 20
37 27
38 15
38 27
39 9
39 25

# solution 375
# n=40 sym=rot4 status=verified source=flammenkamp_cache/n40_rot4
# code=oAPLNKT4YBa38CR8KWYLP2dOZ6XFG09BQ1QHM1927WbUcHMDcDSUdNO6X4F0bEI57JVCRVa3S5ZAJGIET
0 10
0 25
1 21
1 23
2 20
2 29
3 4
3 34
4 11
4 36
5 3
5 8
6 12
6 27
7 8
7 20
8 32
8 34
9 21
9 25
10 2
10 39
11 24
11 35
12 6
12 33
13 15
13 16
14 0
14 9
15 11
15 26
16 1
16 26
17 17
17 22
18 1
18 9
19 2
19 7
20 32
20 37
21 30
21 38
22 17
22 22
23 13
23 38
24 13
24 28
25 30
25 39
26 23
26 24
27 6
27 33
28 4
28 15
29 0
29 37
30 14
30 18
31 5
31 7
32 19
32 31
33 12
33 27
34 31
34 36
35 3
35 28
36 5
36 35
37 10
37 19
38 16
38 18
39 14
39 29

# solution 376
# n=40 sym=rot4 status=verified source=flammenkamp_cache/n40_rot4
# code=oETCF9J59NTXa5DHJNQab04COSc8XHdBc48PWILWb27IL7EVZ1S0M6V1BFRZd23DGKMQY36AGUYKUORAP
0 14
0 29
1 12
1 15
2 9
2 19
3 5
3 9
4 23
4 29
5 33
5 36
6 5
6 13
7 17
7 19
8 23
8 26
9 36
9 37
10 0
10 4
11 12
11 24
12 28
12 38
13 8
13 33
14 17
14 39
15 11
15 38
16 4
16 8
17 25
17 32
18 18
18 21
19 32
19 37
20 2
20 7
21 18
21 21
22 7
22 14
23 31
23 35
24 1
24 28
25 0
25 22
26 6
26 31
27 1
27 11
28 15
28 27
29 35
29 39
30 2
30 3
31 13
31 16
32 20
32 22
33 26
33 34
34 3
34 6
35 10
35 16
36 30
36 34
37 20
37 30
38 24
38 27
39 10
39 25

# solution 377
# n=40 sym=rot4 status=verified source=flammenkamp_cache/n40_rot4
# code=oEVBQJMTU69ERHZGJ0C3Z3IOc5V1GYdBIQW2XOTWb27AF6b7DLS05Nc8Y1FLa4aRdKN4MCPUX9AHKDS8P
0 14
0 31
1 11
1 26
2 19
2 22
3 29
3 30
4 6
4 9
5 14
5 27
6 17
6 35
7 16
7 19
8 0
8 12
9 3
9 35
10 3
10 18
11 24
11 38
12 5
12 31
13 1
13 16
14 34
14 39
15 11
15 18
16 26
16 32
17 2
17 33
18 24
18 29
19 32
19 37
20 2
20 7
21 10
21 15
22 6
22 37
23 7
23 13
24 21
24 28
25 0
25 5
26 23
26 38
27 8
27 34
28 1
28 15
29 21
29 36
30 4
30 36
31 27
31 39
32 20
32 23
33 4
33 22
34 12
34 25
35 30
35 33
36 9
36 10
37 17
37 20
38 13
38 28
39 8
39 25

# solution 378
# n=40 sym=rot4 status=verified source=flammenkamp_cache/n40_rot4
# code=o5RHIJMCV8ELdAUJQ3Z6BBXTU0a7FFZPQGN2c5cWb271Y1bGNDE4OOW3d9A6SSX4aDK9T0IPV8RHKLMCY
0 5
0 27
1 17
1 18
2 19
2 22
3 12
3 31
4 8
4 14
5 21
5 39
6 10
6 30
7 19
7 26
8 3
8 35
9 6
9 11
10 11
10 33
11 29
11 30
12 0
12 36
13 7
13 15
14 15
14 35
15 25
15 26
16 16
16 23
17 2
17 38
18 5
18 38
19 32
19 37
20 2
20 7
21 1
21 34
22 1
22 37
23 16
23 23
24 13
24 14
25 4
25 24
26 24
26 32
27 3
27 39
28 9
28 10
29 6
29 28
30 28
30 33
31 4
31 36
32 13
32 20
33 9
33 29
34 0
34 18
35 25
35 31
36 8
36 27
37 17
37 20
38 21
38 22
39 12
39 34

# solution 379
# n=40 sym=rot4 status=verified source=flammenkamp_cache/n40_rot4
# code=oRYHIJMCV8E0LAUJQ3Z6BBXTU0a7FFZPQGN2c5cWb271Y1bGNDE4OOW3d9A6SSX4aDK9TIdPV8RHKLM5C
0 27
0 34
1 17
1 18
2 19
2 22
3 12
3 31
4 8
4 14
5 0
5 21
6 10
6 30
7 19
7 26
8 3
8 35
9 6
9 11
10 11
10 33
11 29
11 30
12 0
12 36
13 7
13 15
14 15
14 35
15 25
15 26
16 16
16 23
17 2
17 38
18 5
18 38
19 32
19 37
20 2
20 7
21 1
21 34
22 1
22 37
23 16
23 23
24 13
24 14
25 4
25 24
26 24
26 32
27 3
27 39
28 9
28 10
29 6
29 28
30 28
30 33
31 4
31 36
32 13
32 20
33 9
33 29
34 18
34 39
35 25
35 31
36 8
36 27
37 17
37 20
38 21
38 22
39 5
39 12

# solution 380
# n=40 sym=rot4 status=verified source=flammenkamp_cache/n40_rot4
# code=o9T5QGKNXIO8c3PDJ9YVd0BHTCR1W6L4H3bOSEZ2W7b4PBF2aMZIX7cCRAMSd085UKQEa1VFL6GJNDYAU
0 9
0 29
1 5
1 26
2 16
2 20
3 23
3 33
4 18
4 24
5 8
5 38
6 3
6 25
7 13
7 19
8 9
8 34
9 31
9 39
10 0
10 11
11 17
11 29
12 12
12 27
13 1
13 32
14 6
14 21
15 4
15 17
16 3
16 37
17 24
17 28
18 14
18 35
19 2
19 32
20 7
20 37
21 4
21 25
22 11
22 15
23 2
23 36
24 22
24 35
25 18
25 33
26 7
26 38
27 12
27 27
28 10
28 22
29 28
29 39
30 0
30 8
31 5
31 30
32 20
32 26
33 14
33 36
34 1
34 31
35 15
35 21
36 6
36 16
37 19
37 23
38 13
38 34
39 10
39 30

# solution 381
# n=40 sym=rot4 status=verified source=flammenkamp_cache/n40_rot4
# code=o9NDPKMUWCD6AVY3J6C3dOYMPVZZc1BAG0O2BIL2W7bILSbFdNTSc1448EH5F0aRXKa58TXQR79HJEQGU
0 9
0 23
1 13
1 25
2 20
2 22
3 30
3 32
4 12
4 13
5 6
5 10
6 31
6 34
7 3
7 19
8 6
8 12
9 3
9 39
10 24
10 34
11 22
11 25
12 31
12 35
13 35
13 38
14 1
14 11
15 10
15 16
16 0
16 24
17 2
17 11
18 18
18 21
19 2
19 32
20 7
20 37
21 18
21 21
22 28
22 37
23 15
23 39
24 23
24 29
25 28
25 38
26 1
26 4
27 4
27 8
28 14
28 17
29 5
29 15
30 0
30 36
31 27
31 33
32 20
32 36
33 5
33 8
34 29
34 33
35 26
35 27
36 7
36 9
37 17
37 19
38 14
38 26
39 16
39 30

# solution 382
# n=40 sym=rot4 status=verified source=flammenkamp_cache/n40_rot4
# code=oEXLMDKDXORAV03EJ5N9UMYCO4SabWd4B8I1A1N2W7bGcTcLVSZ0723BZFR5H9UGYKPad8TCF6QJQHI6P
0 14
0 33
1 21
1 22
2 13
2 20
3 13
3 33
4 24
4 27
5 10
5 31
6 0
6 3
7 14
7 19
8 5
8 23
9 9
9 30
10 22
10 34
11 12
11 24
12 4
12 28
13 36
13 37
14 32
14 39
15 4
15 11
16 8
16 18
17 1
17 10
18 1
18 23
19 2
19 32
20 7
20 37
21 16
21 38
22 29
22 38
23 21
23 31
24 28
24 35
25 0
25 7
26 2
26 3
27 11
27 35
28 15
28 27
29 5
29 17
30 9
30 30
31 16
31 34
32 20
32 25
33 36
33 39
34 8
34 29
35 12
35 15
36 6
36 26
37 19
37 26
38 17
38 18
39 6
39 25

# solution 383
# n=40 sym=rot4 status=verified source=flammenkamp_cache/n40_rot4
# code=oEOKQ6L8TDF8BSbKUYa7M3L6YCR1ZNd0ZEH9N2A17WcTbGUMP4d0G4cCR5XIaHW359J2BSVOQAVIXDJFP
0 14
0 24
1 20
1 26
2 6
2 21
3 8
3 29
4 13
4 15
5 8
5 11
6 28
6 37
7 20
7 30
8 34
8 36
9 7
9 22
10 3
10 21
11 6
11 34
12 12
12 27
13 1
13 35
14 23
14 39
15 0
15 35
16 14
16 17
17 9
17 23
18 2
18 10
19 1
19 7
20 32
20 38
21 29
21 37
22 16
22 30
23 22
23 25
24 4
24 39
25 0
25 16
26 4
26 38
27 12
27 27
28 5
28 33
29 18
29 36
30 17
30 32
31 3
31 5
32 9
32 19
33 2
33 11
34 28
34 31
35 24
35 26
36 10
36 31
37 18
37 33
38 13
38 19
39 15
39 25

# solution 384
# n=40 sym=rot4 status=verified source=flammenkamp_cache/n40_rot4
# code=oHLJQSTAC78LUGRJZSZ5E2a286a1OFUDPHXNd05Wc17Yd0G6MEQ9OFc3XVb3bPY4B4KCN9IVWRTABDKIM
0 17
0 21
1 19
1 26
2 28
2 29
3 10
3 12
4 7
4 8
5 21
5 30
6 16
6 27
7 19
7 35
8 28
8 35
9 5
9 14
10 2
10 36
11 2
11 8
12 6
12 36
13 1
13 24
14 15
14 30
15 13
15 25
16 17
16 33
17 23
17 39
18 0
18 5
19 32
19 38
20 1
20 7
21 34
21 39
22 0
22 16
23 6
23 22
24 14
24 26
25 9
25 24
26 15
26 38
27 3
27 33
28 31
28 37
29 3
29 37
30 25
30 34
31 4
31 11
32 4
32 20
33 12
33 23
34 9
34 18
35 31
35 32
36 27
36 29
37 10
37 11
38 13
38 20
39 18
39 22

# solution 385
# n=40 sym=rot4 status=verified source=flammenkamp_cache/n40_rot4
# code=oHLJQSTAC7VLUGRJZ4S5E2a286a1OFUDPHXNd05Wc17Yd0G6MEQ9OFc3XVb3bPYBZ4KCN9I8WRTABDKIM
0 17
0 21
1 19
1 26
2 28
2 29
3 10
3 12
4 7
4 31
5 21
5 30
6 16
6 27
7 19
7 35
8 4
8 28
9 5
9 14
10 2
10 36
11 2
11 8
12 6
12 36
13 1
13 24
14 15
14 30
15 13
15 25
16 17
16 33
17 23
17 39
18 0
18 5
19 32
19 38
20 1
20 7
21 34
21 39
22 0
22 16
23 6
23 22
24 14
24 26
25 9
25 24
26 15
26 38
27 3
27 33
28 31
28 37
29 3
29 37
30 25
30 34
31 11
31 35
32 4
32 20
33 12
33 23
34 9
34 18
35 8
35 32
36 27
36 29
37 10
37 11
38 13
38 20
39 18
39 22

# solution 386
# n=40 sym=rot4 status=verified source=flammenkamp_cache/n40_rot4
# code=o7NJX6I9FBF5Y1bJdMPTa9IDZMPGS8CZa0Q8CTbWc172ARVDd34RVBNEH4QLU3AEH0K2c5YOSOULX6KGW
0 7
0 23
1 19
1 33
2 6
2 18
3 9
3 15
4 11
4 15
5 5
5 34
6 1
6 37
7 19
7 39
8 22
8 25
9 29
9 36
10 9
10 18
11 13
11 35
12 22
12 25
13 16
13 28
14 8
14 12
15 35
15 36
16 0
16 26
17 8
17 12
18 29
18 37
19 32
19 38
20 1
20 7
21 2
21 10
22 27
22 31
23 13
23 39
24 3
24 4
25 27
25 31
26 11
26 23
27 14
27 17
28 4
28 26
29 21
29 30
30 3
30 10
31 14
31 17
32 0
32 20
33 2
33 38
34 5
34 34
35 24
35 28
36 24
36 30
37 21
37 33
38 6
38 20
39 16
39 32

# solution 387
# n=40 sym=rot4 status=verified source=flammenkamp_cache/n40_rot4
# code=oHIKX9HRWAE6P1Y3K9FVbRZGQ3ABG5ZIVQSbdOd17Wc0F02BD8L4YNSTaDN4C28OUJa5cEXPT7CMU6JLM
0 17
0 18
1 20
1 33
2 9
2 17
3 27
3 32
4 10
4 14
5 6
5 25
6 1
6 34
7 3
7 20
8 9
8 15
9 31
9 37
10 27
10 35
11 16
11 26
12 3
12 10
13 11
13 16
14 5
14 35
15 18
15 31
16 26
16 28
17 37
17 39
18 24
18 39
19 1
19 7
20 32
20 38
21 0
21 15
22 0
22 2
23 11
23 13
24 8
24 21
25 4
25 34
26 23
26 28
27 29
27 36
28 13
28 23
29 4
29 12
30 2
30 8
31 24
31 30
32 19
32 36
33 5
33 38
34 14
34 33
35 25
35 29
36 7
36 12
37 22
37 30
38 6
38 19
39 21
39 22

# solution 388
# n=40 sym=rot4 status=verified source=flammenkamp_cache/n40_rot4
# code=oEFJMARGUBQ8FASJLQY3LXb6Z2G48HdYdRa1P79Wc17UWEc3C050MVZNb4X26Ia5DIKBTOVDS9NCTHKOP
0 14
0 15
1 19
1 22
2 10
2 27
3 16
3 30
4 11
4 26
5 8
5 15
6 10
6 28
7 19
7 21
8 26
8 34
9 3
9 21
10 33
10 37
11 6
11 35
12 2
12 16
13 4
13 8
14 17
14 39
15 34
15 39
16 27
16 36
17 1
17 25
18 7
18 9
19 32
19 38
20 1
20 7
21 30
21 32
22 14
22 38
23 3
23 12
24 0
24 5
25 0
25 22
26 31
26 35
27 23
27 37
28 4
28 33
29 2
29 6
30 18
30 36
31 5
31 13
32 18
32 20
33 11
33 29
34 24
34 31
35 13
35 28
36 9
36 23
37 12
37 29
38 17
38 20
39 24
39 25

# solution 389
# n=40 sym=rot4 status=verified source=flammenkamp_cache/n40_rot4
# code=oBTHKGR8UOR5Y9TEKGa3X06Dd24PSDW4IVbIcMO17WcFH1L28LZ7QBEZb0QXd6a3NJPAU5YCF9VCNJMAS
0 11
0 29
1 17
1 20
2 16
2 27
3 8
3 30
4 24
4 27
5 5
5 34
6 9
6 29
7 14
7 20
8 16
8 36
9 3
9 33
10 0
10 6
11 13
11 39
12 2
12 4
13 25
13 28
14 13
14 32
15 4
15 18
16 31
16 37
17 18
17 38
18 22
18 24
19 1
19 7
20 32
20 38
21 15
21 17
22 1
22 21
23 2
23 8
24 21
24 35
25 7
25 26
26 11
26 14
27 35
27 37
28 0
28 26
29 33
29 39
30 6
30 36
31 3
31 23
32 19
32 25
33 10
33 30
34 5
34 34
35 12
35 15
36 9
36 31
37 12
37 23
38 19
38 22
39 10
39 28

# solution 390
# n=40 sym=rot4 status=verified source=flammenkamp_cache/n40_rot4
# code=oGIAJPRGHBPAW6X5JSU8QYc8Z2Q9C24IMadFaOdWc170F3O03HLZbRUDb4V15DV9BKY6X7TESMNCEKTLN
0 16
0 18
1 10
1 19
2 25
2 27
3 16
3 17
4 11
4 25
5 10
5 32
6 6
6 33
7 5
7 19
8 28
8 30
9 8
9 26
10 34
10 38
11 8
11 35
12 2
12 26
13 9
13 12
14 2
14 4
15 18
15 22
16 36
16 39
17 15
17 36
18 24
18 39
19 32
19 38
20 1
20 7
21 0
21 15
22 3
22 24
23 0
23 3
24 17
24 21
25 35
25 37
26 27
26 30
27 13
27 37
28 4
28 31
29 1
29 5
30 13
30 31
31 9
31 11
32 20
32 34
33 6
33 33
34 7
34 29
35 14
35 28
36 22
36 23
37 12
37 14
38 20
38 29
39 21
39 23

# solution 391
# n=40 sym=rot4 status=verified source=flammenkamp_cache/n40_rot4
# code=oGOIJUWBL5PDZAU2KCM26CXPaTVOY4B0DHd8N3c7c1W1aGV0MQdSZ5F8A3E6RXbHRJb9T4QEYIS79KLFN
0 16
0 24
1 18
1 19
2 30
2 32
3 11
3 21
4 5
4 25
5 13
5 35
6 10
6 30
7 2
7 20
8 12
8 22
9 2
9 6
10 12
10 33
11 25
11 36
12 29
12 31
13 24
13 34
14 4
14 11
15 0
15 13
16 17
16 39
17 8
17 23
18 3
18 38
19 7
19 38
20 1
20 32
21 1
21 36
22 16
22 31
23 0
23 22
24 26
24 39
25 28
25 35
26 5
26 15
27 8
27 10
28 3
28 14
29 6
29 27
30 33
30 37
31 17
31 27
32 19
32 37
33 9
33 29
34 4
34 26
35 14
35 34
36 18
36 28
37 7
37 9
38 20
38 21
39 15
39 23

# solution 392
# n=40 sym=rot4 status=verified source=flammenkamp_cache/n40_rot4
# code=oPTFK8L6CEQLR9a9JGbWX0SAG5a4F0ZQcSVHM251W7cYbHM8B1D4dOZ3YNTBd672NKU3UCIDPRXIVJOAE
0 25
0 29
1 15
1 20
2 8
2 21
3 6
3 12
4 14
4 26
5 21
5 27
6 9
6 36
7 9
7 19
8 16
8 37
9 32
9 33
10 0
10 28
11 10
11 16
12 5
12 36
13 4
13 15
14 0
14 35
15 26
15 38
16 28
16 31
17 17
17 22
18 2
18 5
19 1
19 32
20 7
20 38
21 34
21 37
22 17
22 22
23 8
23 11
24 1
24 13
25 4
25 39
26 24
26 35
27 3
27 34
28 23
28 29
29 11
29 39
30 6
30 7
31 2
31 23
32 20
32 30
33 3
33 30
34 12
34 18
35 13
35 25
36 27
36 33
37 18
37 31
38 19
38 24
39 10
39 14

# solution 393
# n=40 sym=rot4 status=verified source=flammenkamp_cache/n40_rot4
# code=oKPCS6M9F4ZQT9bEJINXa5D1CSc5T0WHa8I2ONV0W7d8GFbLV3M7dAY1BRcQY36GLKP2UAD4ZOUHXBREJ
0 20
0 25
1 12
1 28
2 6
2 22
3 9
3 15
4 4
4 35
5 26
5 29
6 9
6 37
7 14
7 19
8 18
8 23
9 33
9 36
10 5
10 13
11 1
11 12
12 28
12 38
13 5
13 29
14 0
14 32
15 17
15 36
16 8
16 18
17 2
17 24
18 23
18 31
19 0
19 32
20 7
20 39
21 8
21 16
22 15
22 37
23 21
23 31
24 3
24 22
25 7
25 39
26 10
26 34
27 1
27 11
28 27
28 38
29 26
29 34
30 3
30 6
31 16
31 21
32 20
32 25
33 2
33 30
34 10
34 13
35 4
35 35
36 24
36 30
37 17
37 33
38 11
38 27
39 14
39 19

# solution 394
# n=40 sym=rot4 status=verified source=flammenkamp_cache/n40_rot4
# code=oFKAENS6L8UFRGaJSUZ48Mc275DLRHcYd2XAP3D0W7dQaET6b051MCIQYWb1HVZ49BK3NCO9VIXBGPTJO
0 15
0 20
1 10
1 14
2 23
2 28
3 6
3 21
4 8
4 30
5 15
5 27
6 16
6 36
7 19
7 28
8 30
8 35
9 4
9 8
10 22
10 38
11 2
11 7
12 5
12 13
13 21
13 27
14 17
14 38
15 34
15 39
16 2
16 33
17 10
17 25
18 3
18 13
19 0
19 32
20 7
20 39
21 26
21 36
22 14
22 29
23 6
23 37
24 0
24 5
25 1
25 22
26 12
26 18
27 26
27 34
28 32
28 37
29 1
29 17
30 31
30 35
31 4
31 9
32 11
32 20
33 3
33 23
34 12
34 24
35 9
35 31
36 18
36 33
37 11
37 16
38 25
38 29
39 19
39 24

# solution 395
# n=40 sym=rot4 status=verified source=flammenkamp_cache/n40_rot4
# code=oAWCI2bLOCWJTEJ04OSBD5d8UZcMUGX38HPDN3cXY561aGQEMVa6N9H149V0YQSBFZdKPAK7RFI2bLR7T
0 10
0 32
1 12
1 18
2 2
2 37
3 21
3 24
4 12
4 32
5 19
5 29
6 14
6 19
7 0
7 4
8 24
8 28
9 11
9 13
10 5
10 39
11 8
11 30
12 35
12 38
13 22
13 30
14 16
14 33
15 3
15 8
16 17
16 25
17 13
17 23
18 3
18 38
19 33
19 34
20 5
20 6
21 1
21 36
22 16
22 26
23 14
23 22
24 31
24 36
25 6
25 23
26 9
26 17
27 1
27 4
28 9
28 31
29 0
29 34
30 26
30 28
31 11
31 15
32 35
32 39
33 20
33 25
34 10
34 20
35 7
35 27
36 15
36 18
37 2
37 37
38 21
38 27
39 7
39 29

# solution 396
# n=40 sym=rot4 status=verified source=flammenkamp_cache/n40_rot4
# code=oEGLQ69FYBK3SKbQV7IRbCE5Z9T17TdGaOdHM1V46XZ8cHM0F3N0AWcAU4YPR2CLW8D2JBaJS5OUXDINP
0 14
0 16
1 21
1 26
2 6
2 9
3 15
3 34
4 11
4 20
5 3
5 28
6 20
6 37
7 26
7 31
8 7
8 18
9 27
9 37
10 12
10 14
11 5
11 35
12 9
12 29
13 1
13 7
14 29
14 39
15 16
15 36
16 24
16 39
17 17
17 22
18 1
18 31
19 4
19 6
20 33
20 35
21 8
21 38
22 17
22 22
23 0
23 15
24 3
24 23
25 0
25 10
26 32
26 38
27 10
27 30
28 4
28 34
29 25
29 27
30 2
30 12
31 21
31 32
32 8
32 13
33 2
33 19
34 11
34 36
35 19
35 28
36 5
36 24
37 30
37 33
38 13
38 18
39 23
39 25

# solution 397
# n=40 sym=rot4 status=verified source=flammenkamp_cache/n40_rot4
# code=oEMVYCPFRKX1B4KBH19TV9LWY3bIO2dDaGN0WAQ46XZDT7dGN3Q0bFL2a57IU8AUcMSJZSc6JCOER58HP
0 14
0 22
1 31
1 34
2 12
2 25
3 15
3 27
4 20
4 33
5 1
5 11
6 4
6 20
7 11
7 17
8 1
8 9
9 29
9 31
10 9
10 21
11 32
11 34
12 3
12 37
13 18
13 24
14 2
14 39
15 13
15 36
16 16
16 23
17 0
17 32
18 10
18 26
19 4
19 6
20 33
20 35
21 13
21 29
22 7
22 39
23 16
23 23
24 3
24 26
25 0
25 37
26 15
26 21
27 2
27 36
28 5
28 7
29 18
29 30
30 8
30 10
31 30
31 38
32 22
32 28
33 19
33 35
34 28
34 38
35 6
35 19
36 12
36 24
37 14
37 27
38 5
38 8
39 17
39 25

# solution 398
# n=40 sym=rot4 status=verified source=flammenkamp_cache/n40_rot4
# code=oGMDS8ZBJ2Y4GJTRTHb9U671a7PIcCOEIYd0VOQXa36DF8d05LPFR1LEW3cWX9U2MACAKNZ5bKS4VBQHN
0 16
0 22
1 13
1 28
2 8
2 35
3 11
3 19
4 2
4 34
5 4
5 16
6 19
6 29
7 27
7 29
8 17
8 37
9 9
9 30
10 6
10 7
11 1
11 36
12 7
12 25
13 18
13 38
14 12
14 24
15 14
15 18
16 34
16 39
17 0
17 31
18 24
18 26
19 33
19 36
20 3
20 6
21 13
21 15
22 8
22 39
23 0
23 5
24 21
24 25
25 15
25 27
26 1
26 21
27 14
27 32
28 3
28 38
29 32
29 33
30 9
30 30
31 2
31 22
32 10
32 12
33 10
33 20
34 23
34 35
35 5
35 37
36 20
36 28
37 4
37 31
38 11
38 26
39 17
39 23

# solution 399
# n=40 sym=rot4 status=verified source=flammenkamp_cache/n40_rot4
# code=oSVENJT8E4ZAOIJDU0a7N2Y0RBIHWac5H19OQRXXb266CDFUcMY137MLSCd5bGW3d9QKLFT4ZPVAKGP8B
0 28
0 31
1 14
1 23
2 19
2 29
3 8
3 14
4 4
4 35
5 10
5 24
6 18
6 19
7 13
7 30
8 0
8 36
9 7
9 23
10 2
10 34
11 0
11 27
12 11
12 18
13 17
13 32
14 36
14 38
15 5
15 17
16 1
16 9
17 24
17 26
18 27
18 33
19 33
19 37
20 2
20 6
21 6
21 12
22 13
22 15
23 30
23 38
24 22
24 34
25 1
25 3
26 7
26 22
27 21
27 28
28 12
28 39
29 5
29 37
30 16
30 32
31 3
31 39
32 9
32 26
33 20
33 21
34 15
34 29
35 4
35 35
36 25
36 31
37 10
37 20
38 16
38 25
39 8
39 11

# solution 400
# n=40 sym=rot4 status=verified source=flammenkamp_cache/n40_rot4
# code=o79MTJPFICXTU4KCdEI5d15DHWZNS2VGaDO1SVa6b2X38BcFQ3N8bBG47MQYc0YLP0RJZ9A6RLOEKAHUW
0 7
0 9
1 22
1 29
2 19
2 25
3 15
3 18
4 12
4 33
5 29
5 30
6 4
6 20
7 12
7 39
8 14
8 18
9 5
9 39
10 1
10 5
11 13
11 17
12 32
12 35
13 23
13 28
14 2
14 31
15 16
15 36
16 13
16 24
17 1
17 28
18 31
18 36
19 6
19 37
20 2
20 33
21 3
21 8
22 11
22 38
23 15
23 26
24 3
24 23
25 8
25 37
26 11
26 16
27 4
27 7
28 22
28 26
29 34
29 38
30 0
30 34
31 21
31 25
32 0
32 27
33 19
33 35
34 9
34 10
35 6
35 27
36 21
36 24
37 14
37 20
38 10
38 17
39 30
39 32

# solution 401
# n=40 sym=rot4 status=verified source=flammenkamp_cache/n40_rot4
# code=oBLCKMPSV8ART9K9G3ZWX5Z3d5cEG2QFOQW2I0M16XcHdLb7DFODbNP1Y0a4Y674aNUJUACTV8BEHJRIS
0 11
0 21
1 12
1 20
2 22
2 25
3 28
3 31
4 8
4 10
5 27
5 29
6 9
6 20
7 9
7 16
8 3
8 35
9 32
9 33
10 5
10 35
11 3
11 39
12 5
12 38
13 14
13 16
14 2
14 26
15 15
15 24
16 26
16 32
17 2
17 18
18 0
18 22
19 1
19 6
20 33
20 38
21 17
21 39
22 21
22 37
23 7
23 13
24 15
24 24
25 13
25 37
26 23
26 25
27 1
27 34
28 0
28 36
29 4
29 34
30 6
30 7
31 4
31 36
32 23
32 30
33 19
33 30
34 10
34 12
35 29
35 31
36 8
36 11
37 14
37 17
38 19
38 27
39 18
39 28

# solution 402
# n=40 sym=rot4 status=verified source=flammenkamp_cache/n40_rot4
# code=oCIJQANBWOWCT9J349LVX5bQaYd1BFG4P2PHM8dXc160VHMEbEZNOSc053D2Y68IUZaKUAR7F7SGTDKLR
0 12
0 18
1 19
1 26
2 10
2 23
3 11
3 32
4 24
4 32
5 12
5 29
6 9
6 19
7 3
7 4
8 9
8 21
9 31
9 33
10 5
10 37
11 26
11 36
12 34
12 39
13 1
13 11
14 15
14 16
15 4
15 25
16 2
16 25
17 17
17 22
18 8
18 39
19 33
19 38
20 1
20 6
21 0
21 31
22 17
22 22
23 14
23 37
24 14
24 35
25 23
25 24
26 28
26 38
27 0
27 5
28 3
28 13
29 2
29 34
30 6
30 8
31 18
31 30
32 35
32 36
33 20
33 30
34 10
34 27
35 7
35 15
36 7
36 28
37 16
37 29
38 13
38 20
39 21
39 27

# solution 403
# n=40 sym=rot4 status=verified source=flammenkamp_cache/n40_rot4
# code=oEOKR9XAVMRBH2KBD3NAbUaWY14NWFd0P8D4YIL16XcIL5ZQVEd0O7GZc57392TGaQSJbMSCH8T6UCJFP
0 14
0 24
1 20
1 27
2 9
2 33
3 10
3 31
4 22
4 27
5 11
5 17
6 2
6 20
7 11
7 13
8 3
8 23
9 10
9 37
10 30
10 36
11 32
11 34
12 1
12 4
13 23
13 32
14 15
14 39
15 0
15 25
16 8
16 13
17 4
17 34
18 18
18 21
19 1
19 6
20 33
20 38
21 18
21 21
22 5
22 35
23 26
23 31
24 14
24 39
25 0
25 24
26 7
26 16
27 35
27 38
28 5
28 7
29 3
29 9
30 2
30 29
31 16
31 36
32 26
32 28
33 19
33 37
34 22
34 28
35 12
35 17
36 8
36 29
37 6
37 30
38 12
38 19
39 15
39 25

# solution 404
# n=40 sym=rot4 status=verified source=flammenkamp_cache/n40_rot4
# code=oCSKL48HRPbBTKN7WDbIM5E0Y3dOV4TDG6O9a1U16Xc9c3UFXNQAZ8F0a5dPYHL2Q7WGJAS2ECMVZIJBR
0 12
0 28
1 20
1 21
2 4
2 8
3 17
3 27
4 25
4 37
5 11
5 29
6 20
6 23
7 7
7 32
8 13
8 37
9 18
9 22
10 5
10 14
11 0
11 34
12 3
12 39
13 24
13 31
14 4
14 29
15 13
15 16
16 6
16 24
17 9
17 36
18 1
18 30
19 1
19 6
20 33
20 38
21 9
21 38
22 3
22 30
23 15
23 33
24 23
24 26
25 10
25 35
26 8
26 15
27 0
27 36
28 5
28 39
29 25
29 34
30 17
30 21
31 2
31 26
32 7
32 32
33 16
33 19
34 10
34 28
35 2
35 14
36 12
36 22
37 31
37 35
38 18
38 19
39 11
39 27

# solution 405
# n=40 sym=rot4 status=verified source=flammenkamp_cache/n40_rot4
# code=o4JPVLQ9FCdRUJVHO165aQSAE5Z2A1S7aIMGW2NXd06Gb7NHL3WBcTb4YPTBD3YXcFM8K9C0ROUDI8EKZ
0 4
0 19
1 25
1 31
2 21
2 26
3 9
3 15
4 12
4 39
5 27
5 30
6 19
6 31
7 17
7 24
8 1
8 6
9 5
9 36
10 26
10 28
11 10
11 14
12 5
12 35
13 2
13 10
14 1
14 28
15 7
15 36
16 18
16 22
17 16
17 32
18 2
18 23
19 33
19 39
20 0
20 6
21 16
21 37
22 7
22 23
23 17
23 21
24 3
24 32
25 11
25 38
26 29
26 37
27 4
27 34
28 25
28 29
29 11
29 13
30 3
30 34
31 33
31 38
32 15
32 22
33 8
33 20
34 9
34 12
35 0
35 27
36 24
36 30
37 13
37 18
38 8
38 14
39 20
39 35

# solution 406
# n=40 sym=rot4 status=verified source=flammenkamp_cache/n40_rot4
# code=oJRGIASBWQUFNJL3V7A4DVb2a0H4UEPHY5cOR6cXd061XCF1Y5MEP9ZMd3b28QZTW8aIKGO9D7SBTLNCK
0 19
0 27
1 16
1 18
2 10
2 28
3 11
3 32
4 26
4 30
5 15
5 23
6 19
6 21
7 3
7 31
8 7
8 10
9 4
9 13
10 31
10 37
11 2
11 36
12 0
12 17
13 4
13 30
14 14
14 25
15 17
15 34
16 5
16 38
17 24
17 27
18 6
18 38
19 33
19 39
20 0
20 6
21 1
21 33
22 12
22 15
23 1
23 34
24 5
24 22
25 14
25 25
26 9
26 35
27 22
27 39
28 3
28 37
29 2
29 8
30 26
30 35
31 29
31 32
32 8
32 36
33 18
33 20
34 16
34 24
35 9
35 13
36 7
36 28
37 11
37 29
38 21
38 23
39 12
39 20

# solution 407
# n=40 sym=rot4 status=verified source=flammenkamp_cache/n40_rot4
# code=oEK7SIQFS7REVJOZc59DVNR134A2UYd6aAIHMNb0X6d2GHMLT3X059bTZacCG8QUY14FK8PCWBODLBWJP
0 14
0 20
1 7
1 28
2 18
2 26
3 15
3 28
4 7
4 27
5 14
5 31
6 19
6 24
7 35
7 38
8 5
8 9
9 13
9 31
10 23
10 27
11 1
11 3
12 4
12 10
13 2
13 30
14 34
14 39
15 6
15 36
16 10
16 18
17 17
17 22
18 23
18 37
19 0
19 33
20 6
20 39
21 2
21 16
22 17
22 22
23 21
23 29
24 3
24 33
25 0
25 5
26 9
26 37
27 29
27 35
28 36
28 38
29 12
29 16
30 8
30 26
31 30
31 34
32 1
32 4
33 15
33 20
34 8
34 25
35 12
35 32
36 11
36 24
37 13
37 21
38 11
38 32
39 19
39 25

# solution 408
# n=40 sym=rot4 status=verified source=flammenkamp_cache/n40_rot4
# code=oJOVYBG9ICO1LEK8T1WQa7RGbAZ9EQX04SbHM5a6d0X3YHM2BZd6DPU4T2NCW3D7cAVJPIcFRLUNS58FK
0 19
0 24
1 31
1 34
2 11
2 16
3 9
3 18
4 12
4 24
5 1
5 21
6 14
6 20
7 8
7 29
8 1
8 32
9 26
9 36
10 7
10 27
11 16
11 37
12 10
12 35
13 9
13 14
14 26
14 33
15 0
15 4
16 28
16 37
17 17
17 22
18 5
18 36
19 6
19 39
20 0
20 33
21 3
21 34
22 17
22 22
23 2
23 11
24 35
24 39
25 6
25 13
26 25
26 30
27 4
27 29
28 2
28 23
29 12
29 32
30 3
30 13
31 7
31 38
32 10
32 31
33 19
33 25
34 18
34 38
35 15
35 27
36 21
36 30
37 23
37 28
38 5
38 8
39 15
39 20

# solution 409
# n=40 sym=rot4 status=verified source=flammenkamp_cache/n40_rot4
# code=oFKAM8PIWDO6DJY39RbNWNcCI8SYZ2H4d9A1PSa0X6d3BEcTU0ZMb45BVLR1G7G2CUa5KQXFQ7LEVHTJO
0 15
0 20
1 10
1 22
2 8
2 25
3 18
3 32
4 13
4 24
5 6
5 13
6 19
6 34
7 3
7 9
8 27
8 37
9 23
9 32
10 23
10 38
11 12
11 18
12 8
12 28
13 34
13 35
14 2
14 17
15 4
15 39
16 9
16 10
17 1
17 25
18 28
18 36
19 0
19 33
20 6
20 39
21 3
21 11
22 14
22 38
23 29
23 30
24 0
24 35
25 22
25 37
26 4
26 5
27 11
27 31
28 21
28 27
29 1
29 16
30 7
30 16
31 2
31 12
32 30
32 36
33 5
33 20
34 26
34 33
35 15
35 26
36 7
36 21
37 14
37 31
38 17
38 29
39 19
39 24

# solution 410
# n=40 sym=rot4 status=verified source=flammenkamp_cache/n40_rot4
# code=oFKAMPVIWDO6DJY392RNWNcCI8SYZ2H4d9A1PSa0X6d3BEcTU0ZMb45BVLR1G7GCbUa5KQXFQ7L8EHTJO
0 15
0 20
1 10
1 22
2 25
2 31
3 18
3 32
4 13
4 24
5 6
5 13
6 19
6 34
7 3
7 9
8 2
8 27
9 23
9 32
10 23
10 38
11 12
11 18
12 8
12 28
13 34
13 35
14 2
14 17
15 4
15 39
16 9
16 10
17 1
17 25
18 28
18 36
19 0
19 33
20 6
20 39
21 3
21 11
22 14
22 38
23 29
23 30
24 0
24 35
25 22
25 37
26 4
26 5
27 11
27 31
28 21
28 27
29 1
29 16
30 7
30 16
31 12
31 37
32 30
32 36
33 5
33 20
34 26
34 33
35 15
35 26
36 7
36 21
37 8
37 14
38 17
38 29
39 19
39 24

# solution 411
# n=40 sym=rot4 status=verified source=flammenkamp_cache/n40_rot4
# code=oIJCb1PMRFS69KYMTNTEY784O3cGI2UBZ8Q37Qd6d0X0DWaDV4S9bLN1aFZVW5PAGAH5JUXBOCHEc2RKL
0 18
0 19
1 12
1 37
2 1
2 25
3 22
3 27
4 15
4 28
5 6
5 9
6 20
6 34
7 22
7 29
8 23
8 29
9 14
9 34
10 7
10 8
11 4
11 24
12 3
12 38
13 16
13 18
14 2
14 30
15 11
15 35
16 8
16 26
17 3
17 7
18 26
18 39
19 6
19 39
20 0
20 33
21 0
21 13
22 32
22 36
23 13
23 31
24 4
24 28
25 9
25 37
26 21
26 23
27 1
27 36
28 15
28 35
29 31
29 32
30 5
30 25
31 10
31 16
32 10
32 17
33 5
33 19
34 30
34 33
35 11
35 24
36 12
36 17
37 14
37 38
38 2
38 27
39 20
39 21

# solution 412
# n=40 sym=rot4 status=verified source=flammenkamp_cache/n40_rot4
# code=oHKBGPT4MCaTU7JCXOP5I25QcWZBG288IQc3dOU0X6d9F0a1DLVVbNS471DYbLYEF6RKW9A3RHZAENSJM
0 17
0 20
1 11
1 16
2 25
2 29
3 4
3 22
4 12
4 36
5 29
5 30
6 7
6 19
7 12
7 33
8 24
8 25
9 5
9 18
10 2
10 5
11 26
11 38
12 32
12 35
13 11
13 16
14 2
14 8
15 8
15 18
16 26
16 38
17 3
17 39
18 24
18 30
19 0
19 33
20 6
20 39
21 9
21 15
22 0
22 36
23 1
23 13
24 21
24 31
25 31
25 37
26 23
26 28
27 4
27 7
28 1
28 13
29 34
29 37
30 21
30 34
31 14
31 15
32 6
32 27
33 20
33 32
34 9
34 10
35 3
35 27
36 17
36 35
37 10
37 14
38 23
38 28
39 19
39 22

# solution 413
# n=40 sym=rot4 status=verified source=flammenkamp_cache/n40_rot4
# code=oRSESLVHWHJJPAU3F2Q6LCX010T8F5cQWGNZa29YZ45Ub34GN7D1YOVAdcd6RIXDbOa9TEKKM7M8IBPBC
0 27
0 28
1 14
1 28
2 21
2 31
3 17
3 32
4 17
4 19
5 19
5 25
6 10
6 30
7 3
7 15
8 2
8 26
9 6
9 21
10 12
10 33
11 0
11 1
12 0
12 29
13 8
13 15
14 5
14 38
15 26
15 32
16 16
16 23
17 35
17 36
18 2
18 9
19 34
19 35
20 4
20 5
21 30
21 37
22 3
22 4
23 16
23 23
24 7
24 13
25 1
25 34
26 24
26 31
27 10
27 39
28 38
28 39
29 6
29 27
30 18
30 33
31 13
31 37
32 24
32 36
33 9
33 29
34 14
34 20
35 20
35 22
36 7
36 22
37 8
37 18
38 11
38 25
39 11
39 12

# solution 414
# n=40 sym=rot4 status=verified source=flammenkamp_cache/n40_rot4
# code=oALDNDS6KNPJWPa5C9OAVUd2HLWbc468H14OS0C3Y5aRdBFZcMVXZ127IMb098TFURY3E7KEGJXBQGQIT
0 10
0 21
1 13
1 23
2 13
2 28
3 6
3 20
4 23
4 25
5 19
5 32
6 25
6 36
7 5
7 12
8 9
8 24
9 10
9 31
10 30
10 39
11 2
11 17
12 21
12 32
13 37
13 38
14 4
14 6
15 8
15 17
16 1
16 4
17 24
17 28
18 0
18 12
19 3
19 34
20 5
20 36
21 27
21 39
22 11
22 15
23 35
23 38
24 22
24 31
25 33
25 35
26 1
26 2
27 7
27 18
28 22
28 37
29 0
29 9
30 8
30 29
31 15
31 30
32 27
32 34
33 3
33 14
34 7
34 20
35 14
35 16
36 19
36 33
37 11
37 26
38 16
38 26
39 18
39 29

# solution 415
# n=40 sym=rot4 status=verified source=flammenkamp_cache/n40_rot4
# code=oBUIQDJ49MaJTTW6HCO0a56EdPV1bCS8IGN4WOcYb251F7ZGNLVBR2c8E0PXY3dFRMX7AAK3HUZKQDL9S
0 11
0 30
1 18
1 26
2 13
2 19
3 4
3 9
4 22
4 36
5 19
5 29
6 29
6 32
7 6
7 17
8 12
8 24
9 0
9 36
10 5
10 6
11 14
11 39
12 25
12 31
13 1
13 37
14 12
14 28
15 8
15 18
16 16
16 23
17 4
17 32
18 24
18 38
19 34
19 37
20 2
20 5
21 1
21 15
22 7
22 35
23 16
23 23
24 21
24 31
25 11
25 27
26 2
26 38
27 8
27 14
28 0
28 25
29 33
29 34
30 3
30 39
31 15
31 27
32 22
32 33
33 7
33 10
34 10
34 20
35 3
35 17
36 30
36 35
37 20
37 26
38 13
38 21
39 9
39 28

# solution 416
# n=40 sym=rot4 status=verified source=flammenkamp_cache/n40_rot4
# code=oUa6DHK0QFRAKNcSV7H0SNY794P3cCLIZ6AVbEO25YbFP28TX4LIR1aEZUW5GBdMW8B1GJTCODdJMQX39
0 30
0 36
1 6
1 13
2 17
2 20
3 0
3 26
4 15
4 27
5 10
5 20
6 23
6 38
7 28
7 31
8 7
8 17
9 0
9 28
10 23
10 34
11 7
11 9
12 4
12 25
13 3
13 38
14 12
14 21
15 18
15 35
16 6
16 10
17 31
17 37
18 14
18 24
19 2
19 5
20 34
20 37
21 15
21 25
22 2
22 8
23 29
23 33
24 4
24 21
25 18
25 27
26 1
26 36
27 14
27 35
28 30
28 32
29 5
29 16
30 11
30 39
31 22
31 32
32 8
32 11
33 1
33 16
34 19
34 29
35 12
35 24
36 13
36 39
37 19
37 22
38 26
38 33
39 3
39 9

# solution 417
# n=40 sym=rot4 status=verified source=flammenkamp_cache/n40_rot4
# code=oANCMJU5UGVJaPSHL4B23Cd6VTcEI6QFO0Z1W7QYb25DW7c4dFODXLP1A8X0RabSZIMBE3K8N9Y9KHRGT
0 10
0 23
1 12
1 22
2 19
2 30
3 5
3 30
4 16
4 31
5 19
5 36
6 25
6 28
7 17
7 21
8 4
8 11
9 2
9 3
10 12
10 39
11 6
11 31
12 29
12 38
13 14
13 18
14 6
14 26
15 15
15 24
16 0
16 35
17 1
17 32
18 7
18 26
19 34
19 37
20 2
20 5
21 13
21 32
22 7
22 38
23 4
23 39
24 15
24 24
25 13
25 33
26 21
26 25
27 1
27 10
28 8
28 33
29 0
29 27
30 36
30 37
31 28
31 35
32 18
32 22
33 11
33 14
34 3
34 20
35 8
35 23
36 9
36 34
37 9
37 20
38 17
38 27
39 16
39 29

# solution 418
# n=40 sym=rot4 status=verified source=flammenkamp_cache/n40_rot4
# code=oNTFWJR7ONQEJSV1a6RAH0U6Q284BHY3c04PUILYb25IL9EZd1a5MSZVbDX9dMTCX3c8BKPDGFWCK7OAG
0 23
0 29
1 15
1 32
2 19
2 27
3 7
3 24
4 23
4 26
5 14
5 19
6 28
6 31
7 1
7 36
8 6
8 27
9 10
9 17
10 0
10 30
11 6
11 26
12 2
12 8
13 4
13 11
14 17
14 34
15 3
15 38
16 0
16 4
17 25
17 30
18 18
18 21
19 34
19 37
20 2
20 5
21 18
21 21
22 9
22 14
23 35
23 39
24 1
24 36
25 5
25 22
26 28
26 35
27 31
27 37
28 13
28 33
29 9
29 39
30 22
30 29
31 12
31 33
32 3
32 38
33 8
33 11
34 20
34 25
35 13
35 16
36 15
36 32
37 12
37 20
38 7
38 24
39 10
39 16

# solution 419
# n=40 sym=rot4 status=verified source=flammenkamp_cache/n40_rot4
# code=oSUHW9JAPDXHK4W16CI0bQa0NPVAZ3CINBFYcOV5b2Y8F15OSGLRa4T8EGd3D2dLRXc7ZJM6QETKU7M9B
0 28
0 30
1 17
1 32
2 9
2 19
3 10
3 25
4 13
4 33
5 17
5 20
6 4
6 32
7 1
7 6
8 12
8 18
9 0
9 37
10 26
10 36
11 0
11 23
12 25
12 31
13 10
13 35
14 3
14 12
15 18
15 23
16 11
16 15
17 34
17 38
18 24
18 31
19 5
19 37
20 2
20 34
21 8
21 15
22 1
22 5
23 24
23 28
24 16
24 21
25 27
25 36
26 4
26 29
27 8
27 14
28 16
28 39
29 3
29 13
30 2
30 39
31 21
31 27
32 33
32 38
33 7
33 35
34 19
34 22
35 6
35 26
36 14
36 29
37 20
37 30
38 7
38 22
39 9
39 11

# solution 420
# n=40 sym=rot4 status=verified source=flammenkamp_cache/n40_rot4
# code=oSUMaCJ1PCGKPQW6BIU08NQ0WZb6A35IMAZ1FOV5b2Y8FOc4THLYaTX247dDGVd9LSX7DEJNREcKR3H9B
0 28
0 30
1 22
1 36
2 12
2 19
3 1
3 25
4 12
4 16
5 20
5 25
6 26
6 32
7 6
7 11
8 18
8 30
9 0
9 8
10 23
10 26
11 0
11 32
12 35
12 37
13 6
13 10
14 3
14 5
15 18
15 22
16 10
16 35
17 1
17 15
18 24
18 31
19 5
19 37
20 2
20 34
21 8
21 15
22 24
22 38
23 4
23 29
24 17
24 21
25 34
25 36
26 29
26 33
27 2
27 4
28 7
28 39
29 13
29 16
30 31
30 39
31 9
31 21
32 28
32 33
33 7
33 13
34 14
34 19
35 23
35 27
36 14
36 38
37 20
37 27
38 3
38 17
39 9
39 11

# solution 421
# n=40 sym=rot4 status=verified source=flammenkamp_cache/n40_rot4
# code=o8GOQBJAUQTKWGM5RBd3R4aVb7914FI1PXd6IMP5b2YEHLX06EcLOZcUW283ZCa0SCYHN7JAD9TKSDFNV
0 8
0 16
1 24
1 26
2 11
2 19
3 10
3 30
4 26
4 29
5 20
5 32
6 16
6 22
7 5
7 27
8 11
8 39
9 3
9 27
10 4
10 36
11 31
11 37
12 7
12 9
13 1
13 4
14 15
14 18
15 1
15 25
16 33
16 39
17 6
17 18
18 22
18 25
19 5
19 37
20 2
20 34
21 14
21 17
22 21
22 33
23 0
23 6
24 14
24 38
25 21
25 24
26 35
26 38
27 30
27 32
28 2
28 8
29 3
29 35
30 12
30 36
31 0
31 28
32 12
32 34
33 17
33 23
34 7
34 19
35 10
35 13
36 9
36 29
37 20
37 28
38 13
38 15
39 23
39 31

# solution 422
# n=40 sym=rot4 status=verified source=flammenkamp_cache/n40_rot4
# code=oBLJSEF8M5RJZQVCF6aIQEN1d4W69TbWbAH3N0UYc159dGaMT272AUX7Z0cGPDL3XOR8D4KCYHVOPBKIS
0 11
0 21
1 19
1 28
2 14
2 15
3 8
3 22
4 5
4 27
5 19
5 35
6 26
6 31
7 12
7 15
8 6
8 36
9 18
9 26
10 14
10 23
11 1
11 39
12 4
12 32
13 6
13 9
14 29
14 37
15 32
15 37
16 10
16 17
17 3
17 23
18 0
18 30
19 34
19 38
20 1
20 5
21 9
21 39
22 16
22 36
23 22
23 29
24 2
24 7
25 2
25 10
26 30
26 33
27 7
27 35
28 0
28 38
29 16
29 25
30 13
30 21
31 3
31 33
32 24
32 27
33 8
33 13
34 4
34 20
35 12
35 34
36 17
36 31
37 24
37 25
38 11
38 20
39 18
39 28

# solution 423
# n=40 sym=rot4 status=verified source=flammenkamp_cache/n40_rot4
# code=oDGKRPUHW8AKL6X3HBZ2AUZLV1FFd2GQRPdWa5B15YcSY370ECDNb0OOc8I49Tb4SMa6XIJTV7M9ECJNQ
0 13
0 16
1 20
1 27
2 25
2 30
3 17
3 32
4 8
4 10
5 20
5 21
6 6
6 33
7 3
7 17
8 11
8 35
9 2
9 10
10 30
10 35
11 21
11 31
12 1
12 15
13 15
13 39
14 2
14 16
15 26
15 27
16 25
16 39
17 32
17 36
18 5
18 11
19 1
19 5
20 34
20 38
21 28
21 34
22 3
22 7
23 0
23 14
24 12
24 13
25 23
25 37
26 0
26 24
27 24
27 38
28 8
28 18
29 4
29 9
30 29
30 37
31 4
31 28
32 22
32 36
33 6
33 33
34 18
34 19
35 29
35 31
36 7
36 22
37 9
37 14
38 12
38 19
39 23
39 26

# solution 424
# n=40 sym=rot4 status=verified source=flammenkamp_cache/n40_rot4
# code=oBIHKBDCZ3TKOTW6UGO7H46bdPaNbCI58DVUcPd15Yc0E198QVYLR2G3E02XZMWFN9X7AFJAa4RQSJMLS
0 11
0 18
1 17
1 20
2 11
2 13
3 12
3 35
4 3
4 29
5 20
5 24
6 29
6 32
7 6
7 30
8 16
8 24
9 7
9 17
10 4
10 6
11 37
11 39
12 25
12 36
13 23
13 37
14 12
14 18
15 5
15 8
16 13
16 31
17 30
17 38
18 25
18 39
19 1
19 5
20 34
20 38
21 0
21 14
22 1
22 9
23 8
23 26
24 31
24 34
25 21
25 27
26 2
26 16
27 3
27 14
28 0
28 2
29 33
29 35
30 22
30 32
31 15
31 23
32 9
32 33
33 7
33 10
34 15
34 19
35 10
35 36
36 4
36 27
37 26
37 28
38 19
38 22
39 21
39 28

# solution 425
# n=40 sym=rot4 status=verified source=flammenkamp_cache/n40_rot4
# code=oFIJQFR3a8XJR4G89WZPWGQHP251A9BbdTXISMdYc150HBL6A02SUTcYbEMDN7E47UVNZCK6V3aCODKLO
0 15
0 18
1 19
1 26
2 15
2 27
3 3
3 36
4 8
4 33
5 19
5 27
6 4
6 16
7 8
7 9
8 32
8 35
9 25
9 32
10 16
10 26
11 17
11 25
12 2
12 5
13 1
13 10
14 9
14 11
15 37
15 39
16 29
16 33
17 18
17 28
18 22
18 39
19 34
19 38
20 1
20 5
21 0
21 17
22 11
22 21
23 6
23 10
24 0
24 2
25 28
25 30
26 29
26 38
27 34
27 37
28 14
28 22
29 13
29 23
30 7
30 14
31 4
31 7
32 30
32 31
33 23
33 35
34 12
34 20
35 6
35 31
36 3
36 36
37 12
37 24
38 13
38 20
39 21
39 24

# solution 426
# n=40 sym=rot4 status=verified source=flammenkamp_cache/n40_rot4
# code=oRTFJEL57BMJaDSCaNU8D0N6Z0WUXHbIc8A4P2OYc15FbEZTV1L2M697d4XGdQV9G3RBQ3KHSWYIPKOAC
0 27
0 29
1 15
1 19
2 14
2 21
3 5
3 7
4 11
4 22
5 19
5 36
6 13
6 28
7 12
7 36
8 23
8 30
9 8
9 13
10 0
10 23
11 6
11 35
12 0
12 32
13 30
13 33
14 17
14 37
15 18
15 38
16 8
16 10
17 4
17 25
18 2
18 24
19 34
19 38
20 1
20 5
21 15
21 37
22 14
22 35
23 29
23 31
24 1
24 21
25 2
25 22
26 6
26 9
27 7
27 39
28 4
28 33
29 16
29 39
30 26
30 31
31 9
31 16
32 3
32 27
33 11
33 26
34 3
34 20
35 17
35 28
36 32
36 34
37 18
37 25
38 20
38 24
39 10
39 12

# solution 427
# n=40 sym=rot4 status=verified source=flammenkamp_cache/n40_rot4
# code=o8GEKISOX4ZKW3D5SPdRT9G279HIX8c3HTdORQb15Yc2DCF0AMa1V6LMUWbNUAC0EBYQa7J4Z6FBLJPNV
0 8
0 16
1 14
1 20
2 18
2 28
3 24
3 33
4 4
4 35
5 20
5 32
6 3
6 13
7 5
7 28
8 25
8 39
9 27
9 29
10 9
10 16
11 2
11 7
12 9
12 17
13 18
13 33
14 8
14 38
15 3
15 17
16 29
16 39
17 24
17 27
18 26
18 37
19 1
19 5
20 34
20 38
21 2
21 13
22 12
22 15
23 0
23 10
24 22
24 36
25 1
25 31
26 6
26 21
27 22
27 30
28 32
28 37
29 23
29 30
30 10
30 12
31 0
31 14
32 11
32 34
33 26
33 36
34 7
34 19
35 4
35 35
36 6
36 15
37 11
37 21
38 19
38 25
39 23
39 31

# solution 428
# n=40 sym=rot4 status=verified source=flammenkamp_cache/n40_rot4
# code=oNODKTa29ARKV79NX5DXa2ZFI4EVcIR0S07HMPS15YcBEHMWdBdCL18PZLO4b36QY6GUW8JCTUb3AJQFG
0 23
0 24
1 13
1 20
2 29
2 36
3 2
3 9
4 10
4 27
5 20
5 31
6 7
6 9
7 23
7 33
8 5
8 13
9 33
9 36
10 2
10 35
11 15
11 18
12 4
12 14
13 31
13 38
14 18
14 27
15 0
15 28
16 0
16 7
17 17
17 22
18 25
18 28
19 1
19 5
20 34
20 38
21 11
21 14
22 17
22 22
23 32
23 39
24 11
24 39
25 12
25 21
26 1
26 8
27 25
27 35
28 21
28 24
29 4
29 37
30 3
30 6
31 26
31 34
32 6
32 16
33 30
33 32
34 8
34 19
35 12
35 29
36 30
36 37
37 3
37 10
38 19
38 26
39 15
39 16

# solution 429
# n=40 sym=rot4 status=verified source=flammenkamp_cache/n40_rot4
# code=oLXKN9B8SNRKW0A5AFaQbWX3b4L9PDFPV14HM0C15YcRdHMZc8EOQEUIZ2a672D3OTYTd7JCGBVSUGJ6I
0 21
0 33
1 20
1 23
2 9
2 11
3 8
3 28
4 23
4 27
5 20
5 32
6 0
6 10
7 5
7 10
8 15
8 36
9 26
9 37
10 32
10 33
11 3
11 37
12 4
12 21
13 9
13 25
14 13
14 15
15 25
15 31
16 1
16 4
17 17
17 22
18 0
18 12
19 1
19 5
20 34
20 38
21 27
21 39
22 17
22 22
23 35
23 38
24 8
24 14
25 24
25 26
26 14
26 30
27 18
27 35
28 2
28 36
29 6
29 7
30 2
30 13
31 3
31 24
32 29
32 34
33 29
33 39
34 7
34 19
35 12
35 16
36 11
36 31
37 28
37 30
38 16
38 19
39 6
39 18

# solution 430
# n=40 sym=rot4 status=verified source=flammenkamp_cache/n40_rot4
# code=oRVJNDIBNUY4JOU7W0S46FH8a0PHbCI6T13QTPbYc152EADacAXLR2MEd3VMOXZBd7W9FKZ59GSLQGK8C
0 27
0 31
1 19
1 23
2 13
2 18
3 11
3 23
4 30
4 34
5 4
5 19
6 24
6 30
7 7
7 32
8 0
8 28
9 4
9 6
10 15
10 17
11 8
11 36
12 0
12 25
13 17
13 37
14 12
14 18
15 6
15 29
16 1
16 3
17 26
17 29
18 25
18 37
19 34
19 38
20 1
20 5
21 2
21 14
22 10
22 13
23 36
23 38
24 10
24 33
25 21
25 27
26 2
26 22
27 14
27 39
28 3
28 31
29 22
29 24
30 33
30 35
31 11
31 39
32 7
32 32
33 9
33 15
34 20
34 35
35 5
35 9
36 16
36 28
37 21
37 26
38 16
38 20
39 8
39 12

# solution 431
# n=40 sym=rot4 status=verified source=flammenkamp_cache/n40_rot4
# code=oRVJNDINSUY4JOU7W0S46FH380PHbCI6T13QTPbYc152EADacAXLR2MEdVaMOXZBd7W9FKZ59BGLQGK8C
0 27
0 31
1 19
1 23
2 13
2 18
3 23
3 28
4 30
4 34
5 4
5 19
6 24
6 30
7 7
7 32
8 0
8 28
9 4
9 6
10 15
10 17
11 3
11 8
12 0
12 25
13 17
13 37
14 12
14 18
15 6
15 29
16 1
16 3
17 26
17 29
18 25
18 37
19 34
19 38
20 1
20 5
21 2
21 14
22 10
22 13
23 36
23 38
24 10
24 33
25 21
25 27
26 2
26 22
27 14
27 39
28 31
28 36
29 22
29 24
30 33
30 35
31 11
31 39
32 7
32 32
33 9
33 15
34 20
34 35
35 5
35 9
36 11
36 16
37 21
37 26
38 16
38 20
39 8
39 12

# solution 432
# n=40 sym=rot4 status=verified source=flammenkamp_cache/n40_rot4
# code=oFRJT6I9YQS3K8bFPBXPa1G4V0M4G79WdQTCIMb5c1Y2HLRAD07UWNZHd8ZNc3E6SEO2VJaBD5ULXAKCO
0 15
0 27
1 19
1 29
2 6
2 18
3 9
3 34
4 26
4 28
5 3
5 20
6 8
6 37
7 15
7 25
8 11
8 33
9 25
9 36
10 1
10 16
11 4
11 31
12 0
12 22
13 4
13 16
14 7
14 9
15 32
15 39
16 26
16 29
17 12
17 18
18 22
18 37
19 5
19 38
20 1
20 34
21 2
21 17
22 21
22 27
23 10
23 13
24 0
24 7
25 30
25 32
26 23
26 35
27 17
27 39
28 8
28 35
29 23
29 38
30 3
30 14
31 6
31 28
32 14
32 24
33 2
33 31
34 19
34 36
35 11
35 13
36 5
36 30
37 21
37 33
38 10
38 20
39 12
39 24

# solution 433
# n=40 sym=rot4 status=verified source=flammenkamp_cache/n40_rot4
# code=oLNKR6UCFAF7JGbTYEU287ZPQ1aBIBVZa0XHM0Q1Y5cDdHM6d348SLS3cDE4WVb9P5A2NKWOTOR9XCJGI
0 21
0 23
1 20
1 27
2 6
2 30
3 12
3 15
4 10
4 15
5 7
5 19
6 16
6 37
7 29
7 34
8 14
8 30
9 2
9 8
10 7
10 35
11 25
11 26
12 1
12 36
13 11
13 18
14 11
14 31
15 35
15 36
16 0
16 33
17 17
17 22
18 0
18 26
19 1
19 34
20 5
20 38
21 13
21 39
22 17
22 22
23 6
23 39
24 3
24 4
25 8
25 28
26 21
26 28
27 3
27 38
28 13
28 14
29 4
29 32
30 31
30 37
31 9
31 25
32 5
32 10
33 2
33 23
34 20
34 32
35 24
35 29
36 24
36 27
37 9
37 33
38 12
38 19
39 16
39 18

# solution 434
# n=40 sym=rot4 status=verified source=flammenkamp_cache/n40_rot4
# code=o6LKNCQGO89JM7dTXPZBZ7IOUQb2C8H3B1a5P0T1Y5cAdEY3cSaMVRb2D9FLW4S4E6A0WHKUVFNDRGJIX
0 6
0 21
1 20
1 23
2 12
2 26
3 16
3 24
4 8
4 9
5 19
5 22
6 7
6 39
7 29
7 33
8 25
8 35
9 11
9 35
10 7
10 18
11 24
11 30
12 26
12 37
13 2
13 12
14 8
14 17
15 3
15 11
16 1
16 36
17 5
17 25
18 0
18 29
19 1
19 34
20 5
20 38
21 10
21 39
22 14
22 34
23 3
23 38
24 28
24 36
25 22
25 31
26 27
26 37
27 2
27 13
28 9
28 15
29 21
29 32
30 4
30 28
31 4
31 14
32 6
32 10
33 0
33 32
34 17
34 20
35 30
35 31
36 15
36 23
37 13
37 27
38 16
38 19
39 18
39 33

# solution 435
# n=40 sym=rot4 status=verified source=flammenkamp_cache/n40_rot4
# code=oGUKN8a2BIQJT9TEFRb0X56La8O4EQWCW1dHMBZ1Y5c4SHM0c7R7DPZFV3IXY6d2COPAUAKDLSb3VGJ9N
0 16
0 30
1 20
1 23
2 8
2 36
3 2
3 11
4 18
4 26
5 19
5 29
6 9
6 29
7 14
7 15
8 27
8 37
9 0
9 33
10 5
10 6
11 21
11 36
12 8
12 24
13 4
13 14
14 26
14 32
15 12
15 32
16 1
16 39
17 17
17 22
18 11
18 35
19 1
19 34
20 5
20 38
21 4
21 28
22 17
22 22
23 0
23 38
24 7
24 27
25 7
25 13
26 25
26 35
27 15
27 31
28 3
28 18
29 33
29 34
30 6
30 39
31 2
31 12
32 24
32 25
33 10
33 30
34 10
34 20
35 13
35 21
36 28
36 37
37 3
37 31
38 16
38 19
39 9
39 23

# solution 436
# n=40 sym=rot4 status=verified source=flammenkamp_cache/n40_rot4
# code=oJP6CPTTXFSHJ3cQUGU78234OIc7G02BZQVIYMRYd05CH5L8D4SbdNW1LFZabVW9N9D1aKMBO6AAERXEK
0 19
0 25
1 6
1 12
2 25
2 29
3 29
3 33
4 15
4 28
5 17
5 19
6 3
6 38
7 26
7 30
8 16
8 30
9 7
9 8
10 2
10 3
11 4
11 24
12 18
12 38
13 7
13 16
14 0
14 2
15 11
15 35
16 26
16 31
17 18
17 34
18 22
18 27
19 34
19 39
20 0
20 5
21 12
21 17
22 5
22 21
23 8
23 13
24 4
24 28
25 37
25 39
26 23
26 32
27 1
27 21
28 15
28 35
29 36
29 37
30 31
30 32
31 9
31 23
32 9
32 13
33 1
33 36
34 20
34 22
35 11
35 24
36 6
36 10
37 10
37 14
38 27
38 33
39 14
39 20

# solution 437
# n=40 sym=rot4 status=verified source=flammenkamp_cache/n40_rot4
# code=oJNBM79WXMSJQ3E3bEITb9R4cAG5OVXDI0R14OVYd058FZcCdLQ68FYNT1ZCU2ALP2aPaDKBH67UWHSGK
0 19
0 23
1 11
1 22
2 7
2 9
3 32
3 33
4 22
4 28
5 19
5 26
6 3
6 14
7 3
7 37
8 14
8 18
9 29
9 37
10 9
10 27
11 4
11 38
12 10
12 16
13 5
13 24
14 31
14 33
15 13
15 18
16 0
16 27
17 1
17 4
18 24
18 31
19 34
19 39
20 0
20 5
21 8
21 15
22 35
22 38
23 12
23 39
24 21
24 26
25 6
25 8
26 15
26 34
27 23
27 29
28 1
28 35
29 12
29 30
30 2
30 10
31 21
31 25
32 2
32 36
33 25
33 36
34 13
34 20
35 11
35 17
36 6
36 7
37 30
37 32
38 17
38 28
39 16
39 20

# solution 438
# n=40 sym=rot4 status=verified source=flammenkamp_cache/n40_rot4
# code=oJM6IVWDFESJVWc2625BMIP4UDFRaAZRaGN09TcYd051AUdGN3C4T3COQ9ZELHSYbXb178KBPOQ78LXHK
0 19
0 22
1 6
1 18
2 31
2 32
3 13
3 15
4 14
4 28
5 19
5 31
6 32
6 38
7 2
7 6
8 2
8 5
9 11
9 22
10 18
10 25
11 4
11 30
12 13
12 15
13 27
13 36
14 10
14 35
15 27
15 36
16 16
16 23
17 0
17 9
18 29
18 38
19 34
19 39
20 0
20 5
21 1
21 10
22 30
22 39
23 16
23 23
24 3
24 12
25 4
25 29
26 3
26 12
27 24
27 26
28 9
28 35
29 14
29 21
30 17
30 28
31 34
31 37
32 33
32 37
33 1
33 7
34 8
34 20
35 11
35 25
36 24
36 26
37 7
37 8
38 21
38 33
39 17
39 20

# solution 439
# n=40 sym=rot4 status=verified source=flammenkamp_cache/n40_rot4
# code=oKTESHS9FAWKN7V4X6FRa0Z129DMRLcVa5IDbEN05YdGP2QLY381ICHQUbc4d3COX6Z8WGJ7TOUBMBPAJ
0 20
0 29
1 14
1 28
2 17
2 28
3 9
3 15
4 10
4 32
5 20
5 23
6 7
6 31
7 4
7 33
8 6
8 15
9 27
9 36
10 0
10 35
11 1
11 2
12 9
12 13
13 22
13 27
14 21
14 38
15 31
15 36
16 5
16 18
17 13
17 37
18 14
18 23
19 0
19 5
20 34
20 39
21 16
21 25
22 2
22 26
23 21
23 34
24 3
24 8
25 1
25 18
26 12
26 17
27 26
27 30
28 37
28 38
29 4
29 39
30 3
30 12
31 24
31 33
32 6
32 35
33 8
33 32
34 16
34 19
35 7
35 29
36 24
36 30
37 11
37 22
38 11
38 25
39 10
39 19

# solution 440
# n=40 sym=rot4 status=verified source=flammenkamp_cache/n40_rot4
# code=oJWEN2bCF5NJZAH09LQQWLXCESa89ScHa14OX8AYd05TV6FZc3M1BUV3BPR6I7DDIUdMT4KGYOR2bGP7K
0 19
0 32
1 14
1 23
2 2
2 37
3 12
3 15
4 5
4 23
5 19
5 35
6 10
6 17
7 0
7 9
8 21
8 26
9 26
9 32
10 21
10 33
11 12
11 14
12 28
12 36
13 8
13 9
14 28
14 38
15 17
15 36
16 1
16 4
17 24
17 33
18 8
18 10
19 34
19 39
20 0
20 5
21 29
21 31
22 6
22 15
23 35
23 38
24 3
24 22
25 1
25 11
26 30
26 31
27 3
27 11
28 25
28 27
29 6
29 18
30 7
30 13
31 13
31 18
32 30
32 39
33 22
33 29
34 4
34 20
35 16
35 34
36 24
36 27
37 2
37 37
38 16
38 25
39 7
39 20

# solution 441
# n=40 sym=rot4 status=verified source=flammenkamp_cache/n40_rot4
# code=oKN9DQRIU4ZIKAERV7P3cSXAG272c8XHM0SFOYa05Yd35FOBdHM6V1bWbNT6B1aEW8CPTJL4Z9LCDQUGJ
0 20
0 23
1 9
1 13
2 26
2 27
3 18
3 30
4 4
4 35
5 18
5 20
6 10
6 14
7 27
7 31
8 7
8 25
9 3
9 38
10 28
10 33
11 10
11 16
12 2
12 7
13 2
13 38
14 8
14 33
15 17
15 22
16 0
16 28
17 15
17 24
18 34
18 36
19 0
19 5
20 34
20 39
21 3
21 5
22 15
22 24
23 11
23 39
24 17
24 22
25 6
25 31
26 1
26 37
27 32
27 37
28 23
28 29
29 6
29 11
30 1
30 36
31 14
31 32
32 8
32 12
33 25
33 29
34 19
34 21
35 4
35 35
36 9
36 21
37 12
37 13
38 26
38 30
39 16
39 19

# solution 442
# n=40 sym=rot4 status=verified source=flammenkamp_cache/n40_rot4
# code=oEJIQ67CTNPIJCbUbGQ7H3BHTXa184dFO4VSUYcYd05159B8ZFO0ZVc36AMSaMWDN292RKLEGARWXDLKP
0 14
0 19
1 18
1 26
2 6
2 7
3 12
3 29
4 23
4 25
5 18
5 19
6 12
6 37
7 30
7 37
8 16
8 26
9 7
9 17
10 3
10 11
11 17
11 29
12 33
12 36
13 1
13 8
14 4
14 39
15 15
15 24
16 4
16 31
17 28
17 30
18 34
18 38
19 34
19 39
20 0
20 5
21 1
21 5
22 9
22 11
23 8
23 35
24 15
24 24
25 0
25 35
26 31
26 38
27 3
27 6
28 10
28 22
29 28
29 36
30 22
30 32
31 13
31 23
32 2
32 9
33 2
33 27
34 20
34 21
35 14
35 16
36 10
36 27
37 32
37 33
38 13
38 21
39 20
39 25

# solution 443
# n=40 sym=rot4 status=verified source=flammenkamp_cache/n40_rot4
# code=oEJIQ6WCTNPIJCb2UGQ7H3BHTXa184dFO4VSUYcYd05159B8ZFO0ZVc36AMSaMWDN9b2RKLEGAR7XDLKP
0 14
0 19
1 18
1 26
2 6
2 32
3 12
3 29
4 23
4 25
5 18
5 19
6 12
6 37
7 2
7 30
8 16
8 26
9 7
9 17
10 3
10 11
11 17
11 29
12 33
12 36
13 1
13 8
14 4
14 39
15 15
15 24
16 4
16 31
17 28
17 30
18 34
18 38
19 34
19 39
20 0
20 5
21 1
21 5
22 9
22 11
23 8
23 35
24 15
24 24
25 0
25 35
26 31
26 38
27 3
27 6
28 10
28 22
29 28
29 36
30 22
30 32
31 13
31 23
32 9
32 37
33 2
33 27
34 20
34 21
35 14
35 16
36 10
36 27
37 7
37 33
38 13
38 21
39 20
39 25

# solution 444
# n=40 sym=rot4 status=verified source=flammenkamp_cache/n40_rot4
# code=oJLCP8R6O8FBJWa6PZbGMATDY2cNS173ZDU9I0MYd05HdLU9Q4aWcBG1b5QATHN24EX37KSOVFXCVERIK
0 19
0 21
1 12
1 25
2 8
2 27
3 6
3 24
4 8
4 15
5 11
5 19
6 32
6 36
7 6
7 25
8 35
8 37
9 16
9 22
10 10
10 29
11 13
11 34
12 2
12 38
13 23
13 28
14 1
14 7
15 3
15 35
16 13
16 30
17 9
17 18
18 0
18 22
19 34
19 39
20 0
20 5
21 17
21 39
22 21
22 30
23 9
23 26
24 4
24 36
25 32
25 38
26 11
26 16
27 1
27 37
28 5
28 26
29 10
29 29
30 17
30 23
31 2
31 4
32 14
32 33
33 3
33 7
34 20
34 28
35 24
35 31
36 15
36 33
37 12
37 31
38 14
38 27
39 18
39 20

# solution 445
# n=40 sym=rot4 status=verified source=flammenkamp_cache/n40_rot4
# code=oKNCIOX6C7EBJ2aPZHU8DBHTYacOU7Z2D0ITVNc0Y5d1G8ALdQb4W9F135AMSQV9M4E3bKSPWRX6FLRGJ
0 20
0 23
1 12
1 18
2 24
2 33
3 6
3 12
4 7
4 14
5 11
5 19
6 2
6 36
7 25
7 35
8 17
8 30
9 8
9 13
10 11
10 17
11 29
11 34
12 36
12 38
13 24
13 30
14 7
14 35
15 2
15 13
16 0
16 18
17 29
17 31
18 23
18 38
19 0
19 34
20 5
20 39
21 1
21 16
22 8
22 10
23 21
23 39
24 26
24 37
25 4
25 32
26 9
26 15
27 1
27 3
28 5
28 10
29 22
29 28
30 26
30 31
31 9
31 22
32 4
32 14
33 3
33 37
34 20
34 28
35 25
35 32
36 27
36 33
37 6
37 15
38 21
38 27
39 16
39 19

# solution 446
# n=40 sym=rot4 status=verified source=flammenkamp_cache/n40_rot4
# code=oKNCI7BFUMW6JPY4bDT3F8MLbPcGV6CUa0Q4ABc0Y5d1STZDd39RX8N1E2IHVOaAQ2Z5EKX7H9OSWLRGJ
0 20
0 23
1 12
1 18
2 7
2 11
3 15
3 30
4 22
4 32
5 6
5 19
6 25
6 34
7 4
7 37
8 13
8 29
9 3
9 15
10 8
10 22
11 21
11 37
12 25
12 38
13 16
13 31
14 6
14 12
15 30
15 36
16 0
16 26
17 4
17 10
18 11
18 38
19 0
19 34
20 5
20 39
21 1
21 28
22 29
22 35
23 13
23 39
24 3
24 9
25 27
25 33
26 8
26 23
27 1
27 14
28 2
28 18
29 17
29 31
30 24
30 36
31 10
31 26
32 2
32 35
33 5
33 14
34 20
34 33
35 7
35 17
36 9
36 24
37 28
37 32
38 21
38 27
39 16
39 19

# solution 447
# n=40 sym=rot4 status=verified source=flammenkamp_cache/n40_rot4
# code=oKZPTGR9L07JODSOZ9TVa186C2SHX1M57IbEQ3N0Y5dGaDP2LWYHc6MBbRXVc38AU4FBQFKWdIUCNAE4J
0 20
0 35
1 25
1 29
2 16
2 27
3 9
3 21
4 0
4 7
5 19
5 24
6 13
6 28
7 24
7 35
8 9
8 29
9 31
9 36
10 1
10 8
11 6
11 12
12 2
12 28
13 17
13 33
14 1
14 22
15 5
15 7
16 18
16 37
17 14
17 26
18 3
18 23
19 0
19 34
20 5
20 39
21 16
21 36
22 13
22 25
23 2
23 21
24 32
24 34
25 17
25 38
26 6
26 22
27 11
27 37
28 27
28 33
29 31
29 38
30 3
30 8
31 10
31 30
32 4
32 15
33 11
33 26
34 15
34 20
35 32
35 39
36 18
36 30
37 12
37 23
38 10
38 14
39 4
39 19

# solution 448
# n=40 sym=rot4 status=verified source=flammenkamp_cache/n40_rot4
# code=oKLCP8R6O8FBJWa6PZbGMATDY2cNS173ZDU9I0M0Y5dHdLU9Q4aWcBG1b5QATHN24EX37KSOVFXCVERIJ
0 20
0 21
1 12
1 25
2 8
2 27
3 6
3 24
4 8
4 15
5 11
5 19
6 32
6 36
7 6
7 25
8 35
8 37
9 16
9 22
10 10
10 29
11 13
11 34
12 2
12 38
13 23
13 28
14 1
14 7
15 3
15 35
16 13
16 30
17 9
17 18
18 0
18 22
19 0
19 34
20 5
20 39
21 17
21 39
22 21
22 30
23 9
23 26
24 4
24 36
25 32
25 38
26 11
26 16
27 1
27 37
28 5
28 26
29 10
29 29
30 17
30 23
31 2
31 4
32 14
32 33
33 3
33 7
34 20
34 28
35 24
35 31
36 15
36 33
37 12
37 31
38 14
38 27
39 18
39 19

# solution 449
# n=40 sym=rot4 status=verified source=flammenkamp_cache/n40_rot4
# code=oDK7VIO7UORJVHTac153L6BPT4MEdBQ24GNCX9b0Y5d2U6RGNZbDS0PHZAESXIaYc13AM8KCF9WFL8WJQ
0 13
0 20
1 7
1 31
2 18
2 24
3 7
3 30
4 24
4 27
5 19
5 31
6 17
6 29
7 36
7 38
8 1
8 5
9 3
9 21
10 6
10 11
11 25
11 29
12 4
12 22
13 14
13 39
14 11
14 26
15 2
15 4
16 16
16 23
17 12
17 33
18 9
18 37
19 0
19 34
20 5
20 39
21 2
21 30
22 6
22 27
23 16
23 23
24 35
24 37
25 13
25 28
26 0
26 25
27 17
27 35
28 10
28 14
29 28
29 33
30 18
30 36
31 34
31 38
32 1
32 3
33 10
33 22
34 8
34 20
35 12
35 15
36 9
36 32
37 15
37 21
38 8
38 32
39 19
39 26

# solution 450
# n=40 sym=rot4 status=verified source=flammenkamp_cache/n40_rot4
# code=oCUFNBKGXKTAC3PUV7I074YIbYdFP6DQc1aHMSV24Zb8BHM3c1DQXEO052L5ZWdLW89EaRTAJ6NJSGO9R
0 12
0 30
1 15
1 23
2 11
2 20
3 16
3 33
4 20
4 29
5 10
5 12
6 3
6 25
7 30
7 31
8 7
8 18
9 0
9 7
10 4
10 34
11 18
11 37
12 34
12 39
13 15
13 25
14 6
14 13
15 26
15 38
16 1
16 36
17 17
17 22
18 28
18 31
19 2
19 4
20 35
20 37
21 8
21 11
22 17
22 22
23 3
23 38
24 1
24 13
25 26
25 33
26 14
26 24
27 0
27 5
28 2
28 21
29 5
29 35
30 32
30 39
31 21
31 32
32 8
32 9
33 14
33 36
34 27
34 29
35 10
35 19
36 6
36 23
37 19
37 28
38 16
38 24
39 9
39 27

# solution 451
# n=40 sym=rot4 status=verified source=flammenkamp_cache/n40_rot4
# code=oCOEXJT7NDJ9Q1FIa9PVY2MCHSd5Z8c0X3IASNWZb247GBTLa6d1V4Y0BMRHb58EU3LOcDUKQGWAK6PFR
0 12
0 24
1 14
1 33
2 19
2 29
3 7
3 23
4 13
4 19
5 9
5 26
6 1
6 15
7 18
7 36
8 9
8 25
9 31
9 34
10 2
10 22
11 12
11 17
12 28
12 39
13 5
13 35
14 8
14 38
15 0
15 33
16 3
16 18
17 10
17 28
18 23
18 32
19 35
19 37
20 2
20 4
21 7
21 16
22 11
22 29
23 21
23 36
24 6
24 39
25 1
25 31
26 4
26 34
27 0
27 11
28 22
28 27
29 17
29 37
30 5
30 8
31 14
31 30
32 3
32 21
33 24
33 38
34 13
34 30
35 20
35 26
36 16
36 32
37 10
37 20
38 6
38 25
39 15
39 27

# solution 452
# n=40 sym=rot4 status=verified source=flammenkamp_cache/n40_rot4
# code=oHXORDJ8SJXOP04CV7aBMGP3U1WGb5A15QT9dILZb24IL0UADYcTY2N7c9aENHS3W8RZdEF6KBVKQCF6M
0 17
0 33
1 24
1 27
2 13
2 19
3 8
3 28
4 19
4 33
5 24
5 25
6 0
6 4
7 12
7 31
8 7
8 36
9 11
9 22
10 16
10 25
11 3
11 30
12 1
12 32
13 16
13 37
14 5
14 10
15 1
15 5
16 26
16 29
17 9
17 39
18 18
18 21
19 35
19 37
20 2
20 4
21 18
21 21
22 0
22 30
23 10
23 13
24 34
24 38
25 29
25 34
26 2
26 23
27 7
27 38
28 9
28 36
29 14
29 23
30 17
30 28
31 3
31 32
32 8
32 27
33 35
33 39
34 14
34 15
35 6
35 20
36 11
36 31
37 20
37 26
38 12
38 15
39 6
39 22

# solution 453
# n=40 sym=rot4 status=verified source=flammenkamp_cache/n40_rot4
# code=oGT8NKROY9J3SRVEL6cAZ0U5O26LMHW3B1dDP7D2Z4bQWEQ0cSa7MHIXbFY9d4T1XIP8CBaKU5FCJGVAN
0 16
0 29
1 8
1 23
2 20
2 27
3 24
3 34
4 9
4 19
5 3
5 28
6 27
6 31
7 14
7 21
8 6
8 38
9 10
9 35
10 0
10 30
11 5
11 24
12 2
12 6
13 21
13 22
14 17
14 32
15 3
15 11
16 1
16 39
17 13
17 25
18 7
18 13
19 2
19 35
20 4
20 37
21 26
21 32
22 14
22 26
23 0
23 38
24 28
24 36
25 7
25 22
26 17
26 18
27 33
27 37
28 15
28 34
29 9
29 39
30 4
30 29
31 1
31 33
32 18
32 25
33 8
33 12
34 11
34 36
35 20
35 30
36 5
36 15
37 12
37 19
38 16
38 31
39 10
39 23

# solution 454
# n=40 sym=rot4 status=verified source=flammenkamp_cache/n40_rot4
# code=oUXJMFRDU6JEN0Z8BBW03IOVW2DRaHYAb5I1PNTZc14AGEcLY2T5M3CQb78FLad7SSV4dGPKX9QCOHK69
0 30
0 33
1 19
1 22
2 15
2 27
3 13
3 30
4 6
4 19
5 14
5 23
6 0
6 35
7 8
7 11
8 11
8 32
9 0
9 3
10 18
10 24
11 31
11 32
12 2
12 13
13 27
13 36
14 17
14 34
15 10
15 37
16 5
16 18
17 1
17 25
18 23
18 29
19 35
19 38
20 1
20 4
21 10
21 16
22 14
22 38
23 21
23 34
24 2
24 29
25 5
25 22
26 3
26 12
27 26
27 37
28 7
28 8
29 15
29 21
30 36
30 39
31 7
31 28
32 28
32 31
33 4
33 39
34 16
34 25
35 20
35 33
36 9
36 26
37 12
37 24
38 17
38 20
39 6
39 9

# solution 455
# n=40 sym=rot4 status=verified source=flammenkamp_cache/n40_rot4
# code=oSUFJDLDSJL8WCG5TUY087E03EXabRTGcOXHM24Zc14ZbHM6F1NAC236PadPWVd59AYNR7VIKBQIQKO9B
0 28
0 30
1 15
1 19
2 13
2 21
3 13
3 28
4 19
4 21
5 8
5 32
6 12
6 16
7 5
7 29
8 30
8 34
9 0
9 8
10 7
10 14
11 0
11 3
12 14
12 33
13 36
13 37
14 27
14 29
15 16
15 38
16 24
16 33
17 17
17 22
18 2
18 4
19 35
19 38
20 1
20 4
21 35
21 37
22 17
22 22
23 6
23 15
24 1
24 23
25 10
25 12
26 2
26 3
27 6
27 25
28 36
28 39
29 25
29 32
30 31
30 39
31 5
31 9
32 10
32 34
33 23
33 27
34 7
34 31
35 18
35 20
36 11
36 26
37 18
37 26
38 20
38 24
39 9
39 11

# solution 456
# n=40 sym=rot4 status=verified source=flammenkamp_cache/n40_rot4
# code=oMNDKFa27KT7PDRYaLMBC4PLU6UXc5AGb0O088B14ZcSVVdFd2NTY169X9IEZRSHI35CQEWAJWb3OJQGH
0 22
0 23
1 13
1 20
2 15
2 36
3 2
3 7
4 20
4 29
5 7
5 25
6 13
6 27
7 34
7 36
8 21
8 22
9 11
9 12
10 4
10 25
11 21
11 30
12 6
12 30
13 33
13 38
14 5
14 10
15 16
15 37
16 0
16 24
17 0
17 8
18 8
18 11
19 1
19 4
20 35
20 38
21 28
21 31
22 31
22 39
23 15
23 39
24 2
24 23
25 29
25 34
26 1
26 6
27 9
27 33
28 9
28 18
29 14
29 35
30 27
30 28
31 17
31 18
32 3
32 5
33 12
33 26
34 14
34 32
35 10
35 19
36 32
36 37
37 3
37 24
38 19
38 26
39 16
39 17

# solution 457
# n=40 sym=rot4 status=verified source=flammenkamp_cache/n40_rot4
# code=oMNDKFa27KT7PDRYaLMBC4PIU6UXc5AGb0O088S14ZcBVVdFd2NTY169X9LEZRSHI35CQEWAJWb3OJQGH
0 22
0 23
1 13
1 20
2 15
2 36
3 2
3 7
4 20
4 29
5 7
5 25
6 13
6 27
7 34
7 36
8 21
8 22
9 11
9 12
10 4
10 25
11 18
11 30
12 6
12 30
13 33
13 38
14 5
14 10
15 16
15 37
16 0
16 24
17 0
17 8
18 8
18 28
19 1
19 4
20 35
20 38
21 11
21 31
22 31
22 39
23 15
23 39
24 2
24 23
25 29
25 34
26 1
26 6
27 9
27 33
28 9
28 21
29 14
29 35
30 27
30 28
31 17
31 18
32 3
32 5
33 12
33 26
34 14
34 32
35 10
35 19
36 32
36 37
37 3
37 24
38 19
38 26
39 16
39 17

# solution 458
# n=40 sym=rot4 status=verified source=flammenkamp_cache/n40_rot4
# code=oAIKPSVFUKS69VYAN263YWd24HNIO1HDa7CPRQd14Zc0DCERW3QMcFLGMZb075aXbGT58UXBJ9O8BEJLT
0 10
0 18
1 20
1 25
2 28
2 31
3 15
3 30
4 20
4 28
5 6
5 9
6 31
6 34
7 10
7 23
8 2
8 6
9 3
9 34
10 32
10 39
11 2
11 4
12 17
12 23
13 18
13 24
14 1
14 17
15 13
15 36
16 7
16 12
17 25
17 27
18 26
18 39
19 1
19 4
20 35
20 38
21 0
21 13
22 12
22 14
23 27
23 32
24 3
24 26
25 22
25 38
26 15
26 21
27 16
27 22
28 35
28 37
29 0
29 7
30 5
30 36
31 33
31 37
32 16
32 29
33 5
33 8
34 30
34 33
35 11
35 19
36 9
36 24
37 8
37 11
38 14
38 19
39 21
39 29

# solution 459
# n=40 sym=rot4 status=verified source=flammenkamp_cache/n40_rot4
# code=oEIKO9AGSKVEX59AV47XbWb3DLNFSYd1QCaHMCd14Zc0RHM3RDc05BOGIQa2726WZ8TUY6P8JBNTUFJLP
0 14
0 18
1 20
1 24
2 9
2 10
3 16
3 28
4 20
4 31
5 14
5 33
6 5
6 9
7 10
7 31
8 4
8 7
9 33
9 37
10 32
10 37
11 3
11 13
12 21
12 23
13 15
13 28
14 34
14 39
15 1
15 26
16 12
16 36
17 17
17 22
18 12
18 39
19 1
19 4
20 35
20 38
21 0
21 27
22 17
22 22
23 3
23 27
24 13
24 38
25 0
25 5
26 11
26 24
27 16
27 18
28 26
28 36
29 2
29 7
30 2
30 6
31 32
31 35
32 8
32 29
33 30
33 34
34 6
34 25
35 8
35 19
36 11
36 23
37 29
37 30
38 15
38 19
39 21
39 25

# solution 460
# n=40 sym=rot4 status=verified source=flammenkamp_cache/n40_rot4
# code=oEMBKGa2RKPIW9D5R8VQXBGTc379X4dIMTb0FOY14Zc5FOd2AHL0Z6UWa1ANS6D8VCYQU7LEJCb3NJSHP
0 14
0 22
1 11
1 20
2 16
2 36
3 2
3 27
4 20
4 25
5 18
5 32
6 9
6 13
7 5
7 27
8 8
8 31
9 26
9 33
10 11
10 16
11 29
11 38
12 3
12 7
13 9
13 33
14 4
14 39
15 18
15 22
16 29
16 37
17 0
17 15
18 24
18 34
19 1
19 4
20 35
20 38
21 5
21 15
22 24
22 39
23 2
23 10
24 17
24 21
25 0
25 35
26 6
26 30
27 32
27 36
28 1
28 10
29 23
29 28
30 6
30 13
31 8
31 31
32 12
32 34
33 26
33 30
34 7
34 21
35 14
35 19
36 12
36 37
37 3
37 23
38 19
38 28
39 17
39 25

# solution 461
# n=40 sym=rot4 status=verified source=flammenkamp_cache/n40_rot4
# code=oQX9KBIFOKTER0GPTBGQc47Vb5H097Y3aVXIRMb14Zc2HCL683a5WUdMY28WZ1DNSAENdCPAJFOLSJU6D
0 26
0 33
1 9
1 20
2 11
2 18
3 15
3 24
4 20
4 29
5 14
5 27
6 0
6 16
7 25
7 29
8 11
8 16
9 26
9 38
10 4
10 7
11 31
11 37
12 5
12 17
13 0
13 9
14 7
14 34
15 3
15 36
16 31
16 33
17 18
17 27
18 22
18 37
19 1
19 4
20 35
20 38
21 2
21 17
22 12
22 21
23 6
23 8
24 3
24 36
25 5
25 32
26 30
26 39
27 22
27 34
28 2
28 8
29 32
29 35
30 1
30 13
31 23
31 28
32 10
32 14
33 23
33 39
34 12
34 25
35 10
35 19
36 15
36 24
37 21
37 28
38 19
38 30
39 6
39 13

# solution 462
# n=40 sym=rot4 status=verified source=flammenkamp_cache/n40_rot4
# code=o3RGJFSQdAJIPGW69EQBWLZ2U0F385VRbXcHMAYZc145THM162C8YVaOd9b4I7SDPUX7NELKT0DBOKNCa
0 3
0 27
1 16
1 19
2 15
2 28
3 26
3 39
4 10
4 19
5 18
5 25
6 16
6 32
7 6
7 9
8 14
8 26
9 11
9 32
10 21
10 35
11 2
11 30
12 0
12 15
13 3
13 8
14 5
14 31
15 27
15 37
16 33
16 38
17 17
17 22
18 10
18 34
19 35
19 38
20 1
20 4
21 5
21 29
22 17
22 22
23 1
23 6
24 2
24 12
25 8
25 34
26 31
26 36
27 24
27 39
28 9
28 37
29 4
29 18
30 7
30 28
31 13
31 25
32 30
32 33
33 7
33 23
34 14
34 21
35 20
35 29
36 0
36 13
37 11
37 24
38 20
38 23
39 12
39 36

# solution 463
# n=40 sym=rot4 status=verified source=flammenkamp_cache/n40_rot4
# code=oMNJYRVCG9J1TEQ9O2HWZ5BQT2a6BLX7I0a0VEOZc14FP8d3dLW6ISX3bADSY47MbFUDPAcKUNR8C5KGH
0 22
0 23
1 19
1 34
2 27
2 31
3 12
3 16
4 9
4 19
5 1
5 29
6 14
6 26
7 9
7 24
8 2
8 17
9 32
9 35
10 5
10 11
11 26
11 29
12 2
12 36
13 6
13 11
14 21
14 33
15 7
15 18
16 0
16 36
17 0
17 31
18 14
18 24
19 35
19 38
20 1
20 4
21 15
21 25
22 8
22 39
23 3
23 39
24 21
24 32
25 6
25 18
26 28
26 33
27 3
27 37
28 10
28 13
29 28
29 34
30 4
30 7
31 22
31 37
32 15
32 30
33 13
33 25
34 10
34 38
35 20
35 30
36 23
36 27
37 8
37 12
38 5
38 20
39 16
39 17

# solution 464
# n=40 sym=rot4 status=verified source=flammenkamp_cache/n40_rot4
# code=oCIKMOR7B7J6TQYZaEHAN5UQa2d6BNV2I9E1VOd1Z4c0F8cPULb8GSX0b3D9YGTMP345DAXKWSWCFHJLR
0 12
0 18
1 20
1 22
2 24
2 27
3 7
3 11
4 7
4 19
5 6
5 29
6 26
6 34
7 35
7 36
8 14
8 17
9 10
9 23
10 5
10 30
11 26
11 36
12 2
12 39
13 6
13 11
14 23
14 31
15 2
15 18
16 9
16 14
17 1
17 31
18 24
18 39
19 1
19 35
20 4
20 38
21 0
21 15
22 8
22 38
23 25
23 30
24 21
24 37
25 8
25 16
26 28
26 33
27 0
27 37
28 3
28 13
29 9
29 34
30 16
30 29
31 22
31 25
32 3
32 4
33 5
33 13
34 10
34 33
35 20
35 32
36 28
36 32
37 12
37 15
38 17
38 19
39 21
39 27

# solution 465
# n=40 sym=rot4 status=verified source=flammenkamp_cache/n40_rot4
# code=o9IFJDRANAK6SMY8ORWMdZa5D28SbGI7c3P69Pd4c1Z0EUXEa1WLN2BVbQY340H7CFV5HBXJTGTCQKOLU
0 9
0 18
1 15
1 19
2 13
2 27
3 10
3 23
4 10
4 20
5 6
5 28
6 22
6 34
7 8
7 24
8 27
8 32
9 22
9 39
10 35
10 36
11 5
11 13
12 2
12 8
13 28
13 37
14 16
14 18
15 7
15 38
16 3
16 25
17 6
17 9
18 25
18 39
19 4
19 38
20 1
20 35
21 0
21 14
22 30
22 33
23 14
23 36
24 1
24 32
25 21
25 23
26 2
26 11
27 31
27 37
28 26
28 34
29 3
29 4
30 0
30 17
31 7
31 12
32 15
32 31
33 5
33 17
34 11
34 33
35 19
35 29
36 16
36 29
37 12
37 26
38 20
38 24
39 21
39 30

# solution 466
# n=40 sym=rot4 status=verified source=flammenkamp_cache/n40_rot4
# code=oTXJVDL9VKM6E0YFI13Aa0UENCRGbSYHWBQ4O2W4c1Z7bFZDS7M5B2NCRGP9d3TacLO5dPXHJ8UIQ8K6A
0 29
0 33
1 19
1 31
2 13
2 21
3 9
3 31
4 20
4 22
5 6
5 14
6 0
6 34
7 15
7 18
8 1
8 3
9 10
9 36
10 0
10 30
11 14
11 23
12 12
12 27
13 16
13 37
14 28
14 34
15 17
15 32
16 11
16 26
17 4
17 24
18 2
18 32
19 4
19 38
20 1
20 35
21 7
21 37
22 15
22 35
23 13
23 28
24 7
24 22
25 5
25 11
26 2
26 23
27 12
27 27
28 16
28 25
29 9
29 39
30 3
30 29
31 36
31 38
32 21
32 24
33 5
33 39
34 25
34 33
35 17
35 19
36 8
36 30
37 18
37 26
38 8
38 20
39 6
39 10

# solution 467
# n=40 sym=rot4 status=verified source=flammenkamp_cache/n40_rot4
# code=oCaHKTY0Q9J2N8ESUEX7Z2G7LDd3RVXFO5TIcBM1Z4cHS1LAYFO68Ca0QIWNb4W6P9BPVGbKUDd5AJM3R
0 12
0 36
1 17
1 20
2 29
2 34
3 0
3 26
4 9
4 19
5 2
5 23
6 8
6 14
7 28
7 30
8 14
8 33
9 7
9 35
10 2
10 16
11 7
11 21
12 13
12 39
13 3
13 27
14 31
14 33
15 15
15 24
16 5
16 29
17 18
17 38
18 11
18 22
19 1
19 35
20 4
20 38
21 17
21 28
22 1
22 21
23 10
23 34
24 15
24 24
25 6
25 8
26 12
26 36
27 0
27 26
28 18
28 32
29 23
29 37
30 4
30 32
31 6
31 25
32 9
32 11
33 25
33 31
34 16
34 37
35 20
35 30
36 13
36 39
37 5
37 10
38 19
38 22
39 3
39 27

# solution 468
# n=40 sym=rot4 status=verified source=flammenkamp_cache/n40_rot4
# code=o6UJQAGETDK6NYdOSIR0E3b7L8F1ZUa7R5bHMBV4c1Z8SHM2YCW394cOVIW2aPdCLBF05GXJQAPNTDK9X
0 6
0 30
1 19
1 26
2 10
2 16
3 14
3 29
4 13
4 20
5 6
5 23
6 34
6 39
7 24
7 28
8 18
8 27
9 0
9 14
10 3
10 37
11 7
11 21
12 8
12 15
13 1
13 35
14 30
14 36
15 7
15 27
16 5
16 37
17 17
17 22
18 11
18 31
19 4
19 38
20 1
20 35
21 8
21 28
22 17
22 22
23 2
23 34
24 12
24 32
25 3
25 9
26 4
26 38
27 24
27 31
28 18
28 32
29 2
29 36
30 25
30 39
31 12
31 21
32 11
32 15
33 0
33 5
34 16
34 33
35 19
35 26
36 10
36 25
37 23
37 29
38 13
38 20
39 9
39 33

# solution 469
# n=40 sym=rot4 status=verified source=flammenkamp_cache/n40_rot4
# code=oJUCEMQBVJWLM8T4E3X0G6BTaDc2RWcFOIU255NZd04GYYb9LFO17Cb1Q3ASXNd6aPZAVHI7K8SDHPR9K
0 19
0 30
1 12
1 14
2 22
2 26
3 11
3 31
4 19
4 32
5 21
5 22
6 8
6 29
7 4
7 14
8 3
8 33
9 0
9 16
10 6
10 11
11 29
11 36
12 13
12 38
13 2
13 27
14 32
14 38
15 15
15 24
16 18
16 30
17 2
17 5
18 5
18 23
19 35
19 39
20 0
20 4
21 16
21 34
22 34
22 37
23 9
23 21
24 15
24 24
25 1
25 7
26 12
26 37
27 1
27 26
28 3
28 10
29 28
29 33
30 23
30 39
31 6
31 36
32 25
32 35
33 10
33 31
34 17
34 18
35 7
35 20
36 8
36 28
37 13
37 17
38 25
38 27
39 9
39 20

# solution 470
# n=40 sym=rot4 status=verified source=flammenkamp_cache/n40_rot4
# code=oJM9AQWCOJPBL7A2XPQMcXcLYFa28483RGN095BZd04SYUdGNCaVZVb3O5I161HDE6bTWISEKFR7DTUHK
0 19
0 22
1 9
1 10
2 26
2 32
3 12
3 24
4 19
4 25
5 11
5 21
6 7
6 10
7 2
7 33
8 25
8 26
9 22
9 38
10 33
10 38
11 21
11 34
12 15
12 36
13 2
13 8
14 4
14 8
15 3
15 27
16 16
16 23
17 0
17 9
18 5
18 11
19 35
19 39
20 0
20 4
21 28
21 34
22 30
22 39
23 16
23 23
24 12
24 36
25 31
25 35
26 31
26 37
27 3
27 24
28 5
28 18
29 1
29 6
30 1
30 17
31 13
31 14
32 6
32 37
33 29
33 32
34 18
34 28
35 14
35 20
36 15
36 27
37 7
37 13
38 29
38 30
39 17
39 20

# solution 471
# n=40 sym=rot4 status=verified source=flammenkamp_cache/n40_rot4
# code=oJO6PERSUDJNR7c9XAH3WQV3M25AZ1b0G5OBVILZd04IL8SFYNd2c4TYbHa8D7aMT6U1WCGKQ9BCPEXFK
0 19
0 24
1 6
1 25
2 14
2 27
3 28
3 30
4 13
4 19
5 23
5 27
6 7
6 38
7 9
7 33
8 10
8 17
9 3
9 32
10 26
10 31
11 3
11 22
12 2
12 5
13 10
13 35
14 1
14 37
15 0
15 16
16 5
16 24
17 11
17 31
18 18
18 21
19 35
19 39
20 0
20 4
21 18
21 21
22 8
22 28
23 15
23 34
24 23
24 39
25 2
25 38
26 4
26 29
27 34
27 37
28 17
28 36
29 8
29 13
30 7
30 36
31 22
31 29
32 6
32 30
33 1
33 32
34 12
34 16
35 20
35 26
36 9
36 11
37 12
37 25
38 14
38 33
39 15
39 20

# solution 472
# n=40 sym=rot4 status=verified source=flammenkamp_cache/n40_rot4
# code=oJLCWQR8GBJSX5819XaLWOP5Z2c2HAMAGOaEQ09Zd04UdDP3FNTHTMb1b4YEF7I36UcVY6BKSNVCD7RIK
0 19
0 21
1 12
1 32
2 26
2 27
3 8
3 16
4 11
4 19
5 28
5 33
6 5
6 8
7 1
7 9
8 33
8 36
9 21
9 32
10 24
10 25
11 5
11 35
12 2
12 38
13 2
13 17
14 10
14 22
15 10
15 16
16 24
16 36
17 14
17 26
18 0
18 9
19 35
19 39
20 0
20 4
21 30
21 39
22 13
22 25
23 3
23 15
24 23
24 29
25 17
25 29
26 22
26 37
27 1
27 37
28 4
28 34
29 14
29 15
30 7
30 18
31 3
31 6
32 30
32 38
33 31
33 34
34 6
34 11
35 20
35 28
36 23
36 31
37 12
37 13
38 7
38 27
39 18
39 20

# solution 473
# n=40 sym=rot4 status=verified source=flammenkamp_cache/n40_rot4
# code=o7JEQHW6CJQGOVa2d69PVHSAOGa149c5BRYTbILZd04IL2A5CSY1UZc3NFTBM8EUX0b38FNDKRX7MDPKW
0 7
0 19
1 14
1 26
2 17
2 32
3 6
3 12
4 19
4 26
5 16
5 24
6 31
6 36
7 2
7 39
8 6
8 9
9 25
9 31
10 17
10 28
11 10
11 24
12 16
12 36
13 1
13 4
14 9
14 38
15 5
15 11
16 27
16 34
17 29
17 37
18 18
18 21
19 35
19 39
20 0
20 4
21 18
21 21
22 2
22 10
23 5
23 12
24 28
24 34
25 1
25 30
26 35
26 38
27 3
27 23
28 15
28 29
29 11
29 22
30 8
30 14
31 30
31 33
32 0
32 37
33 3
33 8
34 15
34 23
35 13
35 20
36 27
36 33
37 7
37 22
38 13
38 25
39 20
39 32

# solution 474
# n=40 sym=rot4 status=verified source=flammenkamp_cache/n40_rot4
# code=oJS2NZcMU2JCWNT5LBP3L6D0VMYET8QFO163C79Zd04UWRaXcFODVAP5H8dQXIaESIYAG7RKb9H14GbBK
0 19
0 28
1 2
1 23
2 35
2 38
3 22
3 30
4 2
4 19
5 12
5 32
6 23
6 29
7 5
7 21
8 11
8 25
9 3
9 21
10 6
10 13
11 0
11 31
12 22
12 34
13 14
13 29
14 8
14 26
15 15
15 24
16 1
16 6
17 3
17 12
18 7
18 9
19 35
19 39
20 0
20 4
21 30
21 32
22 27
22 36
23 33
23 38
24 15
24 24
25 13
25 31
26 10
26 25
27 5
27 17
28 8
28 39
29 26
29 33
30 18
30 36
31 14
31 28
32 18
32 34
33 10
33 16
34 7
34 27
35 20
35 37
36 9
36 17
37 1
37 4
38 16
38 37
39 11
39 20

# solution 475
# n=40 sym=rot4 status=verified source=flammenkamp_cache/n40_rot4
# code=oBKEQ6TAQGK8GVbPU6Y7F2aRdBM137cIUYZCIMO04ZdFHLR459L1WacHS0C3bOW5X9E28NVJNDTAXDPJS
0 11
0 20
1 14
1 26
2 6
2 29
3 10
3 26
4 16
4 20
5 8
5 16
6 31
6 37
7 25
7 30
8 6
8 34
9 7
9 15
10 2
10 36
11 27
11 39
12 11
12 22
13 1
13 3
14 7
14 38
15 18
15 30
16 34
16 35
17 12
17 18
18 22
18 24
19 0
19 4
20 35
20 39
21 15
21 17
22 21
22 27
23 4
23 5
24 9
24 21
25 1
25 32
26 36
26 38
27 17
27 28
28 0
28 12
29 3
29 37
30 24
30 32
31 5
31 33
32 9
32 14
33 2
33 8
34 23
34 31
35 19
35 23
36 13
36 29
37 10
37 33
38 13
38 25
39 19
39 28

# solution 476
# n=40 sym=rot4 status=verified source=flammenkamp_cache/n40_rot4
# code=oBKANFPGUKVFQ9RLV473XHcId6Q5C2HYb1aPT7S04ZdBWAE3c25MbRYDX0L1M6aWZ8ICUDO8J9NEOGTJS
0 11
0 20
1 10
1 23
2 15
2 25
3 16
3 30
4 20
4 31
5 15
5 26
6 9
6 27
7 21
7 31
8 4
8 7
9 3
9 33
10 17
10 38
11 18
11 39
12 6
12 26
13 5
13 12
14 2
14 17
15 34
15 37
16 1
16 36
17 25
17 29
18 7
18 28
19 0
19 4
20 35
20 39
21 11
21 32
22 10
22 14
23 3
23 38
24 2
24 5
25 22
25 37
26 27
26 34
27 13
27 33
28 0
28 21
29 1
29 22
30 6
30 36
31 32
31 35
32 8
32 18
33 12
33 30
34 13
34 24
35 8
35 19
36 9
36 23
37 14
37 24
38 16
38 29
39 19
39 28

# solution 477
# n=40 sym=rot4 status=verified source=flammenkamp_cache/n40_rot4
# code=oCJTX3OHbKS8S1DHO9YIV1C45TdNXEP27DIWaNU4d0Z9G37LQWbEP6G0AYZRc8L5UFMQcBVBJ2MFa6AKR
0 12
0 19
1 29
1 33
2 3
2 24
3 17
3 37
4 20
4 28
5 8
5 28
6 1
6 13
7 17
7 24
8 9
8 34
9 18
9 31
10 1
10 12
11 4
11 5
12 29
12 39
13 23
13 33
14 14
14 25
15 2
15 7
16 13
16 18
17 32
17 36
18 23
18 30
19 4
19 39
20 0
20 35
21 9
21 16
22 3
22 7
23 21
23 26
24 32
24 37
25 14
25 25
26 6
26 16
27 0
27 10
28 34
28 35
29 27
29 38
30 8
30 21
31 5
31 30
32 15
32 22
33 26
33 38
34 11
34 31
35 11
35 19
36 2
36 22
37 15
37 36
38 6
38 10
39 20
39 27

# solution 478
# n=40 sym=rot4 status=verified source=flammenkamp_cache/n40_rot4
# code=o8KESOXCUJONV27EX5d3DDR1IAaTUWc245IHMNS0Z4dBGHMLYZb179A3TLcCQQa0Y6PWb8GFK9R6FBPJV
0 8
0 20
1 14
1 28
2 24
2 33
3 12
3 30
4 19
4 24
5 23
5 31
6 2
6 7
7 14
7 33
8 5
8 39
9 3
9 13
10 13
10 27
11 1
11 18
12 10
12 36
13 29
13 30
14 32
14 38
15 2
15 4
16 5
16 18
17 17
17 22
18 23
18 28
19 0
19 35
20 4
20 39
21 11
21 16
22 17
22 22
23 21
23 34
24 35
24 37
25 1
25 7
26 9
26 10
27 3
27 29
28 21
28 38
29 12
29 26
30 26
30 36
31 0
31 34
32 6
32 25
33 32
33 37
34 8
34 16
35 15
35 20
36 9
36 27
37 6
37 15
38 11
38 25
39 19
39 31

# solution 479
# n=40 sym=rot4 status=verified source=flammenkamp_cache/n40_rot4
# code=oKLEF5TAIDJPb7M9X9RVW2aFN8MGZ5cScBQ6C0a0Z4d3dRXDS1B1Y4NHVGO3b78CU6UHW2EKQLTAYOPIJ
0 20
0 21
1 14
1 15
2 5
2 29
3 10
3 18
4 13
4 19
5 25
5 37
6 7
6 22
7 9
7 33
8 9
8 27
9 31
9 32
10 2
10 36
11 15
11 23
12 8
12 22
13 16
13 35
14 5
14 38
15 28
15 38
16 11
16 26
17 6
17 12
18 0
18 36
19 0
19 35
20 4
20 39
21 3
21 39
22 27
22 33
23 13
23 28
24 1
24 11
25 1
25 34
26 4
26 23
27 17
27 31
28 16
28 24
29 3
29 37
30 7
30 8
31 12
31 30
32 6
32 30
33 17
33 32
34 2
34 14
35 20
35 26
36 21
36 29
37 10
37 34
38 24
38 25
39 18
39 19

# solution 480
# n=40 sym=rot4 status=verified source=flammenkamp_cache/n40_rot4
# code=oKSEIAO9XJXCF34IUMN7aDb0NMYETQc2Y8B8CWc0Z4d17RVSV5b1DAP5HGd2Q3WGH9LZaOR6K6UFTLPBJ
0 20
0 28
1 14
1 18
2 10
2 24
3 9
3 33
4 19
4 33
5 12
5 15
6 3
6 4
7 18
7 30
8 22
8 23
9 7
9 36
10 13
10 37
11 0
11 23
12 22
12 34
13 14
13 29
14 26
14 38
15 2
15 34
16 8
16 11
17 8
17 12
18 32
18 38
19 0
19 35
20 4
20 39
21 1
21 7
22 27
22 31
23 28
23 31
24 5
24 37
25 1
25 13
26 10
26 25
27 5
27 17
28 16
28 39
29 2
29 26
30 3
30 32
31 16
31 17
32 9
32 21
33 35
33 36
34 24
34 27
35 6
35 20
36 6
36 30
37 15
37 29
38 21
38 25
39 11
39 19

# solution 481
# n=40 sym=rot4 status=verified source=flammenkamp_cache/n40_rot4
# code=oBJIN2bCFKQFV7R8X5WHPGMPd6a4I9BYa1TAUQc4d0Z1D9TAc35SULZ3X0EHNEM7Y6VCW8ODJOR2bGLKS
0 11
0 19
1 18
1 23
2 2
2 37
3 12
3 15
4 20
4 26
5 15
5 31
6 7
6 27
7 8
7 33
8 5
8 32
9 17
9 25
10 16
10 22
11 25
11 39
12 6
12 36
13 4
13 18
14 9
14 11
15 34
15 36
16 1
16 29
17 10
17 30
18 26
18 38
19 4
19 39
20 0
20 35
21 1
21 13
22 9
22 29
23 10
23 38
24 3
24 5
25 28
25 30
26 21
26 35
27 3
27 33
28 0
28 14
29 17
29 23
30 14
30 22
31 7
31 34
32 6
32 31
33 12
33 32
34 8
34 24
35 13
35 19
36 24
36 27
37 2
37 37
38 16
38 21
39 20
39 28

# solution 482
# n=40 sym=rot4 status=verified source=flammenkamp_cache/n40_rot4
# code=oESRTGKIK89IRDVMT6ZSZ170915EXQdFOHb7NYa23ab35GW2MFO0D6PYcUdWc4B4XAH8QCLUVJLJNACBP
0 14
0 28
1 27
1 29
2 16
2 20
3 18
3 20
4 8
4 9
5 18
5 27
6 13
6 31
7 22
7 29
8 6
8 35
9 28
9 35
10 1
10 7
11 0
11 9
12 1
12 5
13 14
13 33
14 26
14 39
15 15
15 24
16 17
16 37
17 7
17 23
18 34
18 36
19 2
19 3
20 36
20 37
21 3
21 5
22 16
22 32
23 2
23 22
24 15
24 24
25 0
25 13
26 6
26 25
27 34
27 38
28 30
28 39
29 32
29 38
30 4
30 11
31 4
31 33
32 10
32 17
33 8
33 26
34 12
34 21
35 30
35 31
36 19
36 21
37 19
37 23
38 10
38 12
39 11
39 25

# solution 483
# n=40 sym=rot4 status=verified source=flammenkamp_cache/n40_rot4
# code=oNOEK69KYER36YbDHBSLbHO8V4DRWZc0A0ITW9N13acGU7ALdTd147CQZ8VFM2IBSMQ25XaCP5JUXJPFG
0 23
0 24
1 14
1 20
2 6
2 9
3 20
3 34
4 14
4 27
5 3
5 6
6 34
6 37
7 13
7 17
8 11
8 28
9 21
9 37
10 17
10 24
11 8
11 31
12 4
12 13
13 27
13 32
14 35
14 38
15 0
15 10
16 0
16 18
17 29
17 32
18 9
18 23
19 1
19 3
20 36
20 38
21 16
21 30
22 7
22 10
23 21
23 39
24 29
24 39
25 1
25 4
26 7
26 12
27 26
27 35
28 8
28 31
29 15
29 22
30 2
30 18
31 11
31 28
32 22
32 26
33 2
33 5
34 33
34 36
35 12
35 25
36 5
36 19
37 30
37 33
38 19
38 25
39 15
39 16

# solution 484
# n=40 sym=rot4 status=verified source=flammenkamp_cache/n40_rot4
# code=o6IGJMUDJ7DTURdVZ7H255CEO6TZaOSBEIc2VNdac130G8b1LPSBF34AXFPRYYbMW480C9AQWKQ9HKNLX
0 6
0 18
1 16
1 19
2 22
2 30
3 13
3 19
4 7
4 13
5 29
5 30
6 27
6 39
7 31
7 35
8 7
8 17
9 2
9 5
10 5
10 12
11 14
11 24
12 6
12 29
13 35
13 36
14 24
14 28
15 11
15 14
16 18
16 38
17 2
17 31
18 23
18 39
19 36
19 38
20 1
20 3
21 0
21 16
22 8
22 37
23 1
23 21
24 25
24 28
25 11
25 15
26 3
26 4
27 10
27 33
28 15
28 25
29 27
29 34
30 34
30 37
31 22
31 32
32 4
32 8
33 0
33 12
34 9
34 10
35 26
35 32
36 20
36 26
37 9
37 17
38 20
38 23
39 21
39 33

# solution 485
# n=40 sym=rot4 status=verified source=flammenkamp_cache/n40_rot4
# code=o9GKRCFKTTV7FBQIY4SId348X1b6EMQYbHdENUW13ac79GP0M25DHPX2c6VZa0LBZ5LDSOW8AAJORCJNU
0 9
0 16
1 20
1 27
2 12
2 15
3 20
3 29
4 29
4 31
5 7
5 15
6 11
6 26
7 18
7 34
8 4
8 28
9 18
9 39
10 3
10 4
11 8
11 33
12 1
12 37
13 6
13 14
14 22
14 26
15 34
15 37
16 17
16 39
17 14
17 23
18 30
18 32
19 1
19 3
20 36
20 38
21 7
21 9
22 16
22 25
23 0
23 22
24 2
24 5
25 13
25 17
26 25
26 33
27 2
27 38
28 6
28 31
29 35
29 36
30 0
30 21
31 11
31 35
32 5
32 21
33 13
33 28
34 24
34 32
35 8
35 10
36 10
36 19
37 24
37 27
38 12
38 19
39 23
39 30

# solution 486
# n=40 sym=rot4 status=verified source=flammenkamp_cache/n40_rot4
# code=o7EJTQR5JHROaBIVd7BEI1GVX242OUd5DHTNZUXac13694GAMQY09FbZb68NcLPSW08LS3FCMKYCDAKPW
0 7
0 14
1 19
1 29
2 26
2 27
3 5
3 19
4 17
4 27
5 24
5 36
6 11
6 18
7 31
7 39
8 7
8 11
9 14
9 18
10 1
10 16
11 31
11 33
12 2
12 4
13 2
13 24
14 30
14 39
15 5
15 13
16 17
16 29
17 23
17 35
18 30
18 33
19 36
19 38
20 1
20 3
21 6
21 9
22 4
22 16
23 10
23 22
24 26
24 34
25 0
25 9
26 15
26 37
27 35
27 37
28 6
28 8
29 23
29 38
30 21
30 25
31 28
31 32
32 0
32 8
33 21
33 28
34 3
34 15
35 12
35 22
36 20
36 34
37 12
37 13
38 10
38 20
39 25
39 32

# solution 487
# n=40 sym=rot4 status=verified source=flammenkamp_cache/n40_rot4
# code=o4SEJHN7JAd8ELRUaDY7LFZ0R6BNVYcHT2DOb69ac13UX2FQbAM158GSXCd4OIW5Q39CIPV0TKWGMKPBZ
0 4
0 28
1 14
1 19
2 17
2 23
3 7
3 19
4 10
4 39
5 8
5 14
6 21
6 27
7 30
7 36
8 13
8 34
9 7
9 21
10 15
10 35
11 0
11 27
12 6
12 11
13 23
13 31
14 34
14 38
15 17
15 29
16 2
16 13
17 24
17 37
18 6
18 9
19 36
19 38
20 1
20 3
21 30
21 33
22 2
22 15
23 26
23 37
24 10
24 22
25 1
25 5
26 8
26 16
27 28
27 33
28 12
28 39
29 4
29 24
30 18
30 32
31 5
31 26
32 3
32 9
33 12
33 18
34 25
34 31
35 0
35 29
36 20
36 32
37 16
37 22
38 20
38 25
39 11
39 35

# solution 488
# n=40 sym=rot4 status=verified source=flammenkamp_cache/n40_rot4
# code=o9GDK5SKTIOWbAC5P9LVd3X2QNXBc7F4PCdHM8Z13ac4VHM0REZOW1S6GDb6a08IUEYRT27FLAJBYJQNU
0 9
0 16
1 13
1 20
2 5
2 28
3 20
3 29
4 18
4 24
5 32
5 37
6 10
6 12
7 5
7 25
8 9
8 21
9 31
9 39
10 3
10 33
11 2
11 26
12 23
12 33
13 11
13 38
14 7
14 15
15 4
15 25
16 12
16 39
17 17
17 22
18 8
18 35
19 1
19 3
20 36
20 38
21 4
21 31
22 17
22 22
23 0
23 27
24 14
24 35
25 24
25 32
26 1
26 28
27 6
27 16
28 13
28 37
29 6
29 36
30 0
30 8
31 18
31 30
32 14
32 34
33 27
33 29
34 2
34 7
35 15
35 21
36 10
36 19
37 11
37 34
38 19
38 26
39 23
39 30

# solution 489
# n=40 sym=rot4 status=verified source=flammenkamp_cache/n40_rot4
# code=oELKUBEGK6R6MYZ7WIS1FDF8b4NHTbdTUCa5Q0V13ac8dDY3R9A02AMGZ2VOQOcBL7W45HXCXJNPS9JIP
0 14
0 21
1 20
1 30
2 11
2 14
3 16
3 20
4 6
4 27
5 6
5 22
6 34
6 35
7 7
7 32
8 18
8 28
9 1
9 15
10 13
10 15
11 8
11 37
12 4
12 23
13 17
13 29
14 37
14 39
15 29
15 30
16 12
16 36
17 5
17 26
18 0
18 31
19 1
19 3
20 36
20 38
21 8
21 39
22 13
22 34
23 3
23 27
24 9
24 10
25 0
25 2
26 10
26 22
27 16
27 35
28 2
28 31
29 24
29 26
30 24
30 38
31 11
31 21
32 7
32 32
33 4
33 5
34 17
34 33
35 12
35 33
36 19
36 23
37 25
37 28
38 9
38 19
39 18
39 25

# solution 490
# n=40 sym=rot4 status=verified source=flammenkamp_cache/n40_rot4
# code=oMPJVBRJONOBWAW561G9UQXYb2EAI0R344V0IMQac13DHLd8ZZaCdLTPb256D9UNcXY7T7SFGFKCS8KEH
0 22
0 25
1 19
1 31
2 11
2 27
3 19
3 24
4 23
4 24
5 11
5 32
6 10
6 32
7 5
7 6
8 1
8 16
9 9
9 30
10 26
10 33
11 34
11 37
12 2
12 14
13 10
13 18
14 0
14 27
15 3
15 4
16 4
16 31
17 0
17 18
18 22
18 26
19 36
19 38
20 1
20 3
21 13
21 17
22 21
22 39
23 8
23 35
24 35
24 36
25 12
25 39
26 21
26 29
27 25
27 37
28 2
28 5
29 6
29 13
30 9
30 30
31 23
31 38
32 33
32 34
33 7
33 29
34 7
34 28
35 15
35 16
36 15
36 20
37 12
37 28
38 8
38 20
39 14
39 17

# solution 491
# n=40 sym=rot4 status=verified source=flammenkamp_cache/n40_rot4
# code=oGRKOBC9KDMTX5I8TGWBa57Ub0bLZEP1HVd4ODX13ac6QFZ08McEP4I2d29WY3S7NAVLY6AHQJURSFJCN
0 16
0 27
1 20
1 24
2 11
2 12
3 9
3 20
4 13
4 22
5 29
5 33
6 5
6 18
7 8
7 29
8 16
8 32
9 11
9 36
10 5
10 7
11 30
11 37
12 0
12 37
13 21
13 35
14 14
14 25
15 1
15 17
16 31
16 39
17 4
17 24
18 13
18 33
19 1
19 3
20 36
20 38
21 6
21 26
22 15
22 35
23 0
23 8
24 22
24 38
25 14
25 25
26 4
26 18
27 2
27 39
28 2
28 9
29 32
29 34
30 3
30 28
31 7
31 23
32 10
32 31
33 21
33 34
34 6
34 10
35 17
35 26
36 19
36 30
37 27
37 28
38 15
38 19
39 12
39 23

# solution 492
# n=40 sym=rot4 status=verified source=flammenkamp_cache/n40_rot4
# code=o9PKNCTKNIW67CY4YFQLd2MMQXb8B0FPV13AB9Z13ac4USTac8EOdSV26DHHb0IDO5Z5RWX7LGJARGJEU
0 9
0 25
1 20
1 23
2 12
2 29
3 20
3 23
4 18
4 32
5 6
5 7
6 12
6 34
7 4
7 34
8 15
8 26
9 21
9 39
10 2
10 22
11 22
11 26
12 33
12 37
13 8
13 11
14 0
14 15
15 25
15 31
16 1
16 3
17 10
17 11
18 9
18 35
19 1
19 3
20 36
20 38
21 4
21 30
22 28
22 29
23 36
23 38
24 8
24 14
25 24
25 39
26 28
26 31
27 2
27 6
28 13
28 17
29 17
29 37
30 0
30 18
31 13
31 24
32 5
32 35
33 5
33 27
34 32
34 33
35 7
35 21
36 16
36 19
37 10
37 27
38 16
38 19
39 14
39 30

# solution 493
# n=40 sym=rot4 status=verified source=flammenkamp_cache/n40_rot4
# code=o9EKNCTKNIW67CY4YFQLd2MMQXb8BFdPV13AB9Z13ac4USTac8E0OSV26DHHb0IDO5Z5RWX7LGJARGJPU
0 9
0 14
1 20
1 23
2 12
2 29
3 20
3 23
4 18
4 32
5 6
5 7
6 12
6 34
7 4
7 34
8 15
8 26
9 21
9 39
10 2
10 22
11 22
11 26
12 33
12 37
13 8
13 11
14 15
14 39
15 25
15 31
16 1
16 3
17 10
17 11
18 9
18 35
19 1
19 3
20 36
20 38
21 4
21 30
22 28
22 29
23 36
23 38
24 8
24 14
25 0
25 24
26 28
26 31
27 2
27 6
28 13
28 17
29 17
29 37
30 0
30 18
31 13
31 24
32 5
32 35
33 5
33 27
34 32
34 33
35 7
35 21
36 16
36 19
37 10
37 27
38 16
38 19
39 25
39 30

# solution 494
# n=40 sym=rot4 status=verified source=flammenkamp_cache/n40_rot4
# code=oGIJN5RJQOT7bBEVY7HQT49HX2O39IX4C1dSVPdac130E8B0cRZ6LUaFb6MUZADMW58PS2WAFDKCYGKLN
0 16
0 18
1 19
1 23
2 5
2 27
3 19
3 26
4 24
4 29
5 7
5 37
6 11
6 14
7 31
7 34
8 7
8 17
9 26
9 29
10 4
10 9
11 17
11 33
12 2
12 24
13 3
13 9
14 18
14 33
15 4
15 12
16 1
16 39
17 28
17 31
18 25
18 39
19 36
19 38
20 1
20 3
21 0
21 14
22 8
22 11
23 0
23 38
24 27
24 35
25 6
25 21
26 30
26 36
27 15
27 37
28 6
28 22
29 30
29 35
30 10
30 13
31 22
31 32
32 5
32 8
33 25
33 28
34 2
34 32
35 10
35 15
36 13
36 20
37 12
37 34
38 16
38 20
39 21
39 23

# solution 495
# n=40 sym=rot4 status=verified source=flammenkamp_cache/n40_rot4
# code=oIS8K5P6JCI9bCaMQMcTY9P0NXZ7F2AGQBO78Zd1a3c04VWFSDNTbOW46GdEU5A1HDH3R2ULRKXEYJVBL
0 18
0 28
1 8
1 20
2 5
2 25
3 6
3 19
4 12
4 18
5 9
5 37
6 12
6 36
7 22
7 26
8 22
8 38
9 29
9 34
10 9
10 25
11 0
11 23
12 33
12 35
13 7
13 15
14 2
14 10
15 16
15 26
16 11
16 24
17 7
17 8
18 35
18 39
19 1
19 36
20 3
20 38
21 0
21 4
22 31
22 32
23 15
23 28
24 13
24 23
25 29
25 37
26 24
26 32
27 4
27 6
28 16
28 39
29 14
29 30
30 5
30 10
31 1
31 17
32 13
32 17
33 3
33 27
34 2
34 30
35 21
35 27
36 20
36 33
37 14
37 34
38 19
38 31
39 11
39 21

# solution 496
# n=40 sym=rot4 status=verified source=flammenkamp_cache/n40_rot4
# code=oENJNAQ7KFL7FSUYa8V6T9b6QIM2BHdYZ01CP4R3c1aCZERcd450MSbHLDX2UAX8V359BOWIOJWDTGKGP
0 14
0 23
1 19
1 23
2 10
2 26
3 7
3 20
4 15
4 21
5 7
5 15
6 28
6 30
7 34
7 36
8 8
8 31
9 6
9 29
10 9
10 37
11 6
11 26
12 18
12 22
13 2
13 11
14 17
14 39
15 34
15 35
16 0
16 1
17 12
17 25
18 4
18 27
19 3
19 38
20 1
20 36
21 12
21 35
22 14
22 27
23 38
23 39
24 4
24 5
25 0
25 22
26 28
26 37
27 17
27 21
28 13
28 33
29 2
29 30
30 10
30 33
31 8
31 31
32 3
32 5
33 9
33 11
34 24
34 32
35 18
35 24
36 19
36 32
37 13
37 29
38 16
38 20
39 16
39 25

# solution 497
# n=40 sym=rot4 status=verified source=flammenkamp_cache/n40_rot4
# code=oLQCK7TJYPQ3R9G9bGSWX2E8M5c044TFOVXBI0M1a3cHdLS68FOAZZd1YHVPb67BN2UNUCaDE5KAWJRDI
0 21
0 26
1 12
1 20
2 7
2 29
3 19
3 34
4 25
4 26
5 3
5 27
6 9
6 16
7 9
7 37
8 16
8 28
9 32
9 33
10 2
10 14
11 8
11 22
12 5
12 38
13 0
13 4
14 4
14 29
15 15
15 24
16 31
16 33
17 11
17 18
18 0
18 22
19 1
19 36
20 3
20 38
21 17
21 39
22 21
22 28
23 6
23 8
24 15
24 24
25 10
25 35
26 35
26 39
27 1
27 34
28 17
28 31
29 25
29 37
30 6
30 7
31 11
31 23
32 2
32 30
33 23
33 30
34 12
34 36
35 13
35 14
36 5
36 20
37 10
37 32
38 19
38 27
39 13
39 18

# solution 498
# n=40 sym=rot4 status=verified source=flammenkamp_cache/n40_rot4
# code=oGKPSAVKXCO5Y3BEM2CIQHb1XVZ9O1W4DId7TNU03ad9GAW0LQZ7cFU486c2MDLRbHPSa5YFR6J8TBEJN
0 16
0 20
1 25
1 28
2 10
2 31
3 20
3 33
4 12
4 24
5 5
5 34
6 3
6 11
7 14
7 22
8 2
8 12
9 18
9 26
10 17
10 37
11 1
11 33
12 31
12 35
13 9
13 24
14 1
14 32
15 4
15 13
16 18
16 39
17 7
17 29
18 23
18 30
19 0
19 3
20 36
20 39
21 9
21 16
22 10
22 32
23 0
23 21
24 26
24 35
25 7
25 38
26 15
26 30
27 4
27 8
28 6
28 38
29 2
29 22
30 13
30 21
31 27
31 37
32 17
32 25
33 28
33 36
34 5
34 34
35 15
35 27
36 6
36 19
37 8
37 29
38 11
38 14
39 19
39 23

# solution 499
# n=40 sym=rot4 status=verified source=flammenkamp_cache/n40_rot4
# code=oGKESAVKXCO5Y3BEM2CIQHb1XVZ9OWc4DId7TNU03ad9GAW0LQZ17FU486c2MDLRbHPSa5YFR6J8TBPJN
0 16
0 20
1 14
1 28
2 10
2 31
3 20
3 33
4 12
4 24
5 5
5 34
6 3
6 11
7 14
7 22
8 2
8 12
9 18
9 26
10 17
10 37
11 1
11 33
12 31
12 35
13 9
13 24
14 32
14 38
15 4
15 13
16 18
16 39
17 7
17 29
18 23
18 30
19 0
19 3
20 36
20 39
21 9
21 16
22 10
22 32
23 0
23 21
24 26
24 35
25 1
25 7
26 15
26 30
27 4
27 8
28 6
28 38
29 2
29 22
30 13
30 21
31 27
31 37
32 17
32 25
33 28
33 36
34 5
34 34
35 15
35 27
36 6
36 19
37 8
37 29
38 11
38 25
39 19
39 23

# solution 500
# n=40 sym=rot4 status=verified source=flammenkamp_cache/n40_rot4
# code=o8JRSMWJLBR5Y9T2EMdDX6N1Z14FUOWEQAI283Nad03GaVbLTDP7F9OZc4cGX6Q0HPbAU5YCSIK7HBCKV
0 8
0 19
1 27
1 28
2 22
2 32
3 19
3 21
4 11
4 27
5 5
5 34
6 9
6 29
7 2
7 14
8 22
8 39
9 13
9 33
10 6
10 23
11 1
11 35
12 1
12 4
13 15
13 30
14 24
14 32
15 14
15 26
16 10
16 18
17 2
17 8
18 3
18 23
19 36
19 39
20 0
20 3
21 16
21 36
22 31
22 37
23 21
23 29
24 13
24 25
25 7
25 15
26 9
26 24
27 35
27 38
28 4
28 38
29 16
29 33
30 6
30 26
31 0
31 17
32 25
32 37
33 10
33 30
34 5
34 34
35 12
35 28
36 18
36 20
37 7
37 17
38 11
38 12
39 20
39 31

# solution 501
# n=40 sym=rot4 status=verified source=flammenkamp_cache/n40_rot4
# code=oJMAQFRJUFV6Q9YES4L3XHc7C2S15GWZbIP0T8Nad03GVAdEL247NYcBbRW1M6aIZBP5UDX8O9KCODTHK
0 19
0 22
1 10
1 26
2 15
2 27
3 19
3 30
4 15
4 31
5 6
5 26
6 9
6 34
7 14
7 28
8 4
8 21
9 3
9 33
10 17
10 38
11 7
11 12
12 2
12 28
13 1
13 5
14 16
14 32
15 35
15 37
16 18
16 25
17 0
17 29
18 8
18 23
19 36
19 39
20 0
20 3
21 16
21 31
22 10
22 39
23 14
23 21
24 2
24 4
25 7
25 23
26 34
26 38
27 11
27 37
28 27
28 32
29 1
29 22
30 6
30 36
31 18
31 35
32 11
32 25
33 5
33 30
34 13
34 33
35 8
35 24
36 9
36 20
37 12
37 24
38 13
38 29
39 17
39 20

# solution 502
# n=40 sym=rot4 status=verified source=flammenkamp_cache/n40_rot4
# code=oBKBP6NIKCT5YVbCV67IQ4FcdWZ9O1MDT2HENUa03ad39GPMbAQHcFU4701OZDLWX8R285YARJLGXESJS
0 11
0 20
1 11
1 25
2 6
2 23
3 18
3 20
4 12
4 29
5 5
5 34
6 31
6 37
7 12
7 31
8 6
8 7
9 18
9 26
10 4
10 15
11 38
11 39
12 32
12 35
13 9
13 24
14 1
14 22
15 13
15 29
16 2
16 17
17 14
17 23
18 30
18 36
19 0
19 3
20 36
20 39
21 3
21 9
22 16
22 25
23 22
23 37
24 10
24 26
25 17
25 38
26 15
26 30
27 4
27 7
28 0
28 1
29 24
29 35
30 13
30 21
31 32
31 33
32 8
32 27
33 2
33 8
34 5
34 34
35 10
35 27
36 19
36 21
37 16
37 33
38 14
38 28
39 19
39 28

# solution 503
# n=40 sym=rot4 status=verified source=flammenkamp_cache/n40_rot4
# code=oJORTCDGJ8W7SLT4YDZLS16591bVbFM0PHaEN69ad03UXGP3MEdHO282cUYXcBI4Q5ZAIBW7VKNQRACFK
0 19
0 24
1 27
1 29
2 12
2 13
3 16
3 19
4 8
4 32
5 7
5 28
6 21
6 29
7 4
7 34
8 13
8 35
9 21
9 28
10 1
10 6
11 5
11 9
12 1
12 37
13 31
13 37
14 15
14 22
15 0
15 25
16 17
16 36
17 14
17 23
18 6
18 9
19 36
19 39
20 0
20 3
21 30
21 33
22 16
22 25
23 3
23 22
24 14
24 39
25 17
25 24
26 2
26 8
27 2
27 38
28 30
28 34
29 33
29 38
30 11
30 18
31 4
31 26
32 5
32 35
33 10
33 18
34 11
34 32
35 7
35 31
36 20
36 23
37 26
37 27
38 10
38 12
39 15
39 20

# solution 504
# n=40 sym=rot4 status=verified source=flammenkamp_cache/n40_rot4
# code=oKLOXCGKQ6D891Z8EWYOYHLCMSb3ZGW19PbBT0A03adTdAS2EUc7N4a2BHRIM5F57PV4cUVQXDJNR6FIJ
0 20
0 21
1 24
1 33
2 12
2 16
3 20
3 26
4 6
4 13
5 8
5 9
6 1
6 35
7 8
7 14
8 32
8 34
9 24
9 34
10 17
10 21
11 12
11 22
12 28
12 37
13 3
13 35
14 16
14 32
15 1
15 9
16 25
16 37
17 11
17 29
18 0
18 10
19 0
19 3
20 36
20 39
21 29
21 39
22 10
22 28
23 2
23 14
24 30
24 38
25 7
25 23
26 4
26 36
27 2
27 11
28 17
28 27
29 18
29 22
30 5
30 15
31 5
31 7
32 25
32 31
33 4
33 38
34 30
34 31
35 26
35 33
36 13
36 19
37 23
37 27
38 6
38 15
39 18
39 19

# solution 505
# n=40 sym=rot4 status=verified source=flammenkamp_cache/n40_rot4
# code=oEK3TOXKcINDR2APV7IOR1XDG59SY7d294SHMVZ03ad48HMBZUb0W5BUYNQ6cCFLW8ETbCQGL1J6FAaJP
0 14
0 20
1 3
1 29
2 24
2 33
3 20
3 38
4 18
4 23
5 13
5 27
6 2
6 10
7 25
7 31
8 7
8 18
9 24
9 27
10 1
10 33
11 13
11 16
12 5
12 9
13 28
13 34
14 7
14 39
15 2
15 9
16 4
16 28
17 17
17 22
18 31
18 35
19 0
19 3
20 36
20 39
21 4
21 8
22 17
22 22
23 11
23 35
24 30
24 37
25 0
25 32
26 5
26 11
27 30
27 34
28 23
28 26
29 6
29 38
30 12
30 15
31 21
31 32
32 8
32 14
33 29
33 37
34 12
34 26
35 16
35 21
36 1
36 19
37 6
37 15
38 10
38 36
39 19
39 25

# solution 506
# n=40 sym=rot4 status=verified source=flammenkamp_cache/n40_rot4
# code=oJPETMRJX5CWZ3B5IGQBQ1GUX2Z890cFOTV2IMWad037HLb8AFO1dUV4b69NcDSDNLYSa47RY6KCHAPEK
0 19
0 25
1 14
1 29
2 22
2 27
3 19
3 33
4 5
4 12
5 32
5 35
6 3
6 11
7 5
7 18
8 16
8 26
9 11
9 26
10 1
10 16
11 30
11 33
12 2
12 35
13 8
13 9
14 0
14 38
15 15
15 24
16 29
16 31
17 2
17 18
18 22
18 32
19 36
19 39
20 0
20 3
21 7
21 17
22 21
22 37
23 8
23 10
24 15
24 24
25 1
25 39
26 30
26 31
27 4
27 37
28 6
28 9
29 23
29 38
30 13
30 28
31 13
31 23
32 21
32 34
33 28
33 36
34 4
34 7
35 27
35 34
36 6
36 20
37 12
37 17
38 10
38 25
39 14
39 20

# solution 507
# n=40 sym=rot4 status=verified source=flammenkamp_cache/n40_rot4
# code=oGJ297cFJQTBO6XPbGLRc4CPY9T4M7B5aVdDI8Mad03HVLQ083YSWHZAU5ERZ1CIN2E6XFSADKO1WUbKN
0 16
0 19
1 2
1 9
2 7
2 38
3 15
3 19
4 26
4 29
5 11
5 24
6 6
6 33
7 25
7 37
8 16
8 21
9 27
9 38
10 4
10 12
11 25
11 34
12 9
12 29
13 4
13 22
14 7
14 11
15 5
15 36
16 31
16 39
17 13
17 18
18 8
18 22
19 36
19 39
20 0
20 3
21 17
21 31
22 21
22 26
23 0
23 8
24 3
24 34
25 28
25 32
26 17
26 35
27 10
27 30
28 5
28 14
29 27
29 35
30 1
30 12
31 18
31 23
32 2
32 14
33 6
33 33
34 15
34 28
35 10
35 13
36 20
36 24
37 1
37 32
38 30
38 37
39 20
39 23

# solution 508
# n=40 sym=rot4 status=verified source=flammenkamp_cache/n40_rot4
# code=oIKGO8BKYRU3UGL8PWb45DHOb4DRT7H1BXcPT6d03ad0XAE16ScMWACQZ2FMQYZ27EVIN9a9C5JSVFNJL
0 18
0 20
1 16
1 24
2 8
2 11
3 20
3 34
4 27
4 30
5 3
5 30
6 16
6 21
7 8
7 25
8 32
8 37
9 4
9 5
10 13
10 17
11 24
11 37
12 4
12 13
13 27
13 29
14 7
14 17
15 1
15 11
16 33
16 38
17 25
17 29
18 6
18 39
19 0
19 3
20 36
20 39
21 0
21 33
22 10
22 14
23 1
23 6
24 28
24 38
25 22
25 32
26 10
26 12
27 26
27 35
28 2
28 15
29 22
29 26
30 34
30 35
31 2
31 7
32 14
32 31
33 18
33 23
34 9
34 36
35 9
35 12
36 5
36 19
37 28
37 31
38 15
38 23
39 19
39 21

# solution 509
# n=40 sym=rot4 status=verified source=flammenkamp_cache/n40_rot4
# code=oKNAU3VKbDE7GLSOY2I1BEc6UDFRZTZ7R0YHM6V03ad8XHM5dCW4A4COQ9X1PScLb5FBINWPQ2J8a9TGJ
0 20
0 23
1 10
1 30
2 3
2 31
3 20
3 37
4 13
4 14
5 7
5 16
6 21
6 28
7 24
7 34
8 2
8 18
9 1
9 11
10 14
10 38
11 6
11 30
12 13
12 15
13 27
13 35
14 29
14 35
15 7
15 27
16 0
16 34
17 17
17 22
18 6
18 31
19 0
19 3
20 36
20 39
21 8
21 33
22 17
22 22
23 5
23 39
24 12
24 32
25 4
25 10
26 4
26 12
27 24
27 26
28 9
28 33
29 1
29 25
30 28
30 38
31 21
31 37
32 5
32 15
33 11
33 18
34 23
34 32
35 25
35 26
36 2
36 19
37 8
37 36
38 9
38 29
39 16
39 19

# solution 510
# n=40 sym=rot4 status=verified source=flammenkamp_cache/n40_rot4
# code=oKM5DNTKVNS6cCYLT3FCF274DUXScEPUV240I7M03adHWLdZb89EP1B69QZWbOROaAI5R1XBG8JAGQYHJ
0 20
0 22
1 5
1 13
2 23
2 29
3 20
3 31
4 23
4 28
5 6
5 38
6 12
6 34
7 21
7 29
8 3
8 15
9 12
9 15
10 2
10 7
11 4
11 13
12 30
12 33
13 28
13 38
14 14
14 25
15 30
15 31
16 2
16 4
17 0
17 18
18 7
18 22
19 0
19 3
20 36
20 39
21 17
21 32
22 21
22 39
23 35
23 37
24 8
24 9
25 14
25 25
26 1
26 11
27 6
27 9
28 26
28 35
29 32
29 37
30 24
30 27
31 24
31 36
32 10
32 18
33 5
33 27
34 1
34 33
35 11
35 16
36 8
36 19
37 10
37 16
38 26
38 34
39 17
39 19

# solution 511
# n=40 sym=rot4 status=verified source=flammenkamp_cache/n40_rot4
# code=oIKNTDP6JRSCE8a7WDXMS1F494YVb2YLT1H9NFd0a3d0OGUMcAI5b285ZUZOcBH6Q7W3VPRBCKXEQAGJL
0 18
0 20
1 23
1 29
2 13
2 25
3 6
3 19
4 27
4 28
5 12
5 14
6 8
6 36
7 7
7 32
8 13
8 33
9 22
9 28
10 1
10 15
11 4
11 9
12 4
12 34
13 31
13 37
14 2
14 34
15 21
15 29
16 1
16 17
17 9
17 23
18 15
18 39
19 0
19 36
20 3
20 39
21 0
21 24
22 16
22 30
23 22
23 38
24 10
24 18
25 5
25 37
26 2
26 8
27 5
27 35
28 30
28 35
29 24
29 38
30 11
30 17
31 6
31 26
32 7
32 32
33 3
33 31
34 25
34 27
35 11
35 12
36 20
36 33
37 14
37 26
38 10
38 16
39 19
39 21

# solution 512
# n=40 sym=rot4 status=verified source=flammenkamp_cache/n40_rot4
# code=oGKEW6BJLQTFWLb15BTCM48VbHU4PDcGYOd9R360a3dXaCU0F5N1QEZ9M28VZHRASYc2I7OADIKSX7PJN
0 16
0 20
1 14
1 32
2 6
2 11
3 19
3 21
4 26
4 29
5 15
5 32
6 21
6 37
7 1
7 5
8 11
8 29
9 12
9 22
10 4
10 8
11 31
11 37
12 17
12 30
13 4
13 25
14 13
14 38
15 16
15 34
16 24
16 39
17 9
17 27
18 3
18 6
19 0
19 36
20 3
20 39
21 33
21 36
22 12
22 30
23 0
23 15
24 5
24 23
25 1
25 26
26 14
26 35
27 9
27 22
28 2
28 8
29 31
29 35
30 17
30 27
31 10
31 28
32 34
32 38
33 2
33 18
34 7
34 24
35 10
35 13
36 18
36 20
37 28
37 33
38 7
38 25
39 19
39 23

# solution 513
# n=40 sym=rot4 status=verified source=flammenkamp_cache/n40_rot4
# code=oIJ6QQSAKFT7SIcNY9GHV4a25MP12CFPZ7VCUXd3d0a069R8W4EORbcEHYb3Z8MNU5G1LBWAOJTBDDXKL
0 18
0 19
1 6
1 26
2 26
2 28
3 10
3 20
4 15
4 29
5 7
5 28
6 18
6 38
7 23
7 34
8 9
8 16
9 17
9 31
10 4
10 36
11 2
11 5
12 22
12 25
13 1
13 2
14 12
14 15
15 25
15 35
16 7
16 31
17 12
17 30
18 33
18 39
19 3
19 39
20 0
20 36
21 0
21 6
22 9
22 27
23 8
23 32
24 4
24 14
25 24
25 27
26 37
26 38
27 14
27 17
28 34
28 37
29 3
29 35
30 8
30 22
31 23
31 30
32 5
32 16
33 1
33 21
34 11
34 32
35 10
35 24
36 19
36 29
37 11
37 13
38 13
38 33
39 20
39 21

# solution 514
# n=40 sym=rot4 status=verified source=flammenkamp_cache/n40_rot4
# code=oJLFPDRKOTURWMW568V4G4PDN25Sb1A3cBU6I0M3d0aHdLX9S1aTc2BYbGQEZNZ8VXY7H7C9AFJCQEOIK
0 19
0 21
1 15
1 25
2 13
2 27
3 20
3 24
4 29
4 30
5 27
5 32
6 22
6 32
7 5
7 6
8 8
8 31
9 4
9 16
10 4
10 25
11 13
11 23
12 2
12 5
13 28
13 37
14 1
14 10
15 3
15 38
16 11
16 30
17 6
17 18
18 0
18 22
19 3
19 39
20 0
20 36
21 17
21 39
22 21
22 33
23 9
23 28
24 1
24 36
25 29
25 38
26 2
26 11
27 34
27 37
28 16
28 26
29 14
29 35
30 23
30 35
31 8
31 31
32 33
32 34
33 7
33 17
34 7
34 12
35 9
35 10
36 15
36 19
37 12
37 26
38 14
38 24
39 18
39 20

# solution 515
# n=40 sym=rot4 status=verified source=flammenkamp_cache/n40_rot4
# code=oJOCDFPAKIXNT4C7W9BGV5aDVXcSc2M0b5UEIMZ3d0a4HLP9Y2dHb1B168Q3Y8NSU7WRZAG6LJTEOQRFK
0 19
0 24
1 12
1 13
2 15
2 25
3 10
3 20
4 18
4 33
5 23
5 29
6 4
6 12
7 7
7 32
8 9
8 11
9 16
9 31
10 5
10 36
11 13
11 31
12 33
12 38
13 28
13 38
14 2
14 22
15 0
15 37
16 5
16 30
17 14
17 18
18 22
18 35
19 3
19 39
20 0
20 36
21 4
21 17
22 21
22 25
23 9
23 34
24 2
24 39
25 17
25 37
26 1
26 11
27 1
27 6
28 8
28 26
29 3
29 34
30 8
30 23
31 28
31 30
32 7
32 32
33 27
33 35
34 10
34 16
35 6
35 21
36 19
36 29
37 14
37 24
38 26
38 27
39 15
39 20

# solution 516
# n=40 sym=rot4 status=verified source=flammenkamp_cache/n40_rot4
# code=o8KRSMWJLBR5Y9T2EMdDX6N1Z14FUOWEQAI283N0a3dGaVbLTDP7F9OZc4cGX6Q0HPbAU5YCSIK7HBCJV
0 8
0 20
1 27
1 28
2 22
2 32
3 19
3 21
4 11
4 27
5 5
5 34
6 9
6 29
7 2
7 14
8 22
8 39
9 13
9 33
10 6
10 23
11 1
11 35
12 1
12 4
13 15
13 30
14 24
14 32
15 14
15 26
16 10
16 18
17 2
17 8
18 3
18 23
19 0
19 36
20 3
20 39
21 16
21 36
22 31
22 37
23 21
23 29
24 13
24 25
25 7
25 15
26 9
26 24
27 35
27 38
28 4
28 38
29 16
29 33
30 6
30 26
31 0
31 17
32 25
32 37
33 10
33 30
34 5
34 34
35 12
35 28
36 18
36 20
37 7
37 17
38 11
38 12
39 19
39 31

# solution 517
# n=40 sym=rot4 status=verified source=flammenkamp_cache/n40_rot4
# code=oGKFIQTJOHT687YPXCY9U24DPHV2S7B3cIdRZNc0a3d1G4C0L1aSWBb8MEQZb9U5R6E5WVXAMFKADLOJN
0 16
0 20
1 15
1 18
2 26
2 29
3 19
3 24
4 17
4 29
5 6
5 8
6 7
6 34
7 25
7 33
8 12
8 34
9 9
9 30
10 2
10 4
11 13
11 25
12 17
12 31
13 2
13 28
14 7
14 11
15 3
15 38
16 18
16 39
17 27
17 35
18 23
18 38
19 0
19 36
20 3
20 39
21 1
21 16
22 4
22 12
23 0
23 21
24 1
24 36
25 28
25 32
26 11
26 37
27 8
27 22
28 14
28 26
29 35
29 37
30 9
30 30
31 5
31 27
32 6
32 14
33 5
33 32
34 31
34 33
35 10
35 22
36 15
36 20
37 10
37 13
38 21
38 24
39 19
39 23

# solution 518
# n=40 sym=rot4 status=verified source=flammenkamp_cache/n40_rot4
# code=oKLEZETJS1NAU6X9CFH5W2Y3DQWCSbcIV4HNV0O0a3dFd8GMZ8L12BR7DQa5b7YMORU6X9TGcBKAP4PIJ
0 20
0 21
1 14
1 35
2 14
2 29
3 19
3 28
4 1
4 23
5 10
5 30
6 6
6 33
7 9
7 12
8 15
8 17
9 5
9 32
10 2
10 34
11 3
11 13
12 26
12 32
13 12
13 28
14 37
14 38
15 18
15 31
16 4
16 17
17 23
17 31
18 0
18 24
19 0
19 36
20 3
20 39
21 15
21 39
22 8
22 16
23 22
23 35
24 8
24 21
25 1
25 2
26 11
26 27
27 7
27 13
28 26
28 36
29 5
29 37
30 7
30 34
31 22
31 24
32 27
32 30
33 6
33 33
34 9
34 29
35 16
35 38
36 11
36 20
37 10
37 25
38 4
38 25
39 18
39 19

# solution 519
# n=40 sym=rot4 status=verified source=flammenkamp_cache/n40_rot4
# code=oCKFP6TJP6QOUZbGUBD572GHVHd4V135cTWRSIL0a3dILBC7A1Yac8Z0M8MNbWYQS9N249FDXEKAXEOJR
0 12
0 20
1 15
1 25
2 6
2 29
3 19
3 25
4 6
4 26
5 24
5 30
6 35
6 37
7 16
7 30
8 11
8 13
9 5
9 7
10 2
10 16
11 17
11 31
12 17
12 39
13 4
13 31
14 1
14 3
15 5
15 38
16 29
16 32
17 27
17 28
18 18
18 21
19 0
19 36
20 3
20 39
21 18
21 21
22 11
22 12
23 7
23 10
24 1
24 34
25 36
25 38
26 8
26 35
27 0
27 22
28 8
28 22
29 23
29 37
30 32
30 34
31 26
31 28
32 9
32 23
33 2
33 4
34 9
34 15
35 13
35 33
36 14
36 20
37 10
37 33
38 14
38 24
39 19
39 27

# solution 520
# n=40 sym=rot4 status=verified source=flammenkamp_cache/n40_rot4
# code=oCJ8LPTKW9TDGOU38Wc6Z24LPHdOY2B6DHYNR1B3d0aScCG5MQXSb5F0MEIZb4X17Va9FNQAU7JAEIVKR
0 12
0 19
1 8
1 21
2 25
2 29
3 20
3 32
4 9
4 29
5 13
5 16
6 24
6 30
7 3
7 8
8 32
8 38
9 6
9 35
10 2
10 4
11 21
11 25
12 17
12 39
13 24
13 34
14 2
14 11
15 6
15 13
16 17
16 34
17 23
17 27
18 1
18 11
19 3
19 39
20 0
20 36
21 28
21 38
22 12
22 16
23 5
23 22
24 26
24 33
25 28
25 37
26 5
26 15
27 0
27 22
28 14
28 18
29 35
29 37
30 4
30 33
31 1
31 7
32 31
32 36
33 9
33 15
34 23
34 26
35 10
35 30
36 7
36 19
37 10
37 14
38 18
38 31
39 20
39 27

# solution 521
# n=40 sym=rot4 status=verified source=flammenkamp_cache/n40_rot4
# code=oKUOXBCGJ89RW1L5PGZ0ZQSAb5bAO7M1DVaEI6M0a3dHXLP38QcHWFT2Y2TBD4d4NEYIc7CUVKNRS6F9J
0 20
0 30
1 24
1 33
2 11
2 12
3 16
3 19
4 8
4 9
5 27
5 32
6 1
6 21
7 5
7 25
8 16
8 35
9 0
9 35
10 26
10 28
11 10
11 37
12 5
12 37
13 10
13 24
14 7
14 22
15 1
15 13
16 31
16 36
17 14
17 18
18 6
18 22
19 0
19 36
20 3
20 39
21 17
21 33
22 21
22 25
23 3
23 8
24 26
24 38
25 17
25 32
26 15
26 29
27 2
27 34
28 2
28 29
29 11
29 13
30 4
30 39
31 4
31 23
32 14
32 34
33 18
33 38
34 7
34 12
35 30
35 31
36 20
36 23
37 27
37 28
38 6
38 15
39 9
39 19

# solution 522
# n=40 sym=rot4 status=verified source=flammenkamp_cache/n40_rot4
# code=oEU3NJK6cFPRX5aDUIN07LQCF5SAW4dSZ18HMAV2b2b8THMVc4B0Z7TBYORDIWdGL9Q3Y6CEO1XJKGa9P
0 14
0 30
1 3
1 23
2 19
2 20
3 6
3 38
4 15
4 25
5 27
5 33
6 5
6 36
7 13
7 30
8 18
8 23
9 0
9 7
10 21
10 26
11 12
11 15
12 5
12 28
13 10
13 32
14 4
14 39
15 28
15 35
16 1
16 8
17 17
17 22
18 10
18 31
19 2
19 37
20 2
20 37
21 8
21 29
22 17
22 22
23 31
23 38
24 4
24 11
25 0
25 35
26 7
26 29
27 11
27 34
28 24
28 27
29 13
29 18
30 32
30 39
31 16
31 21
32 9
32 26
33 3
33 34
34 6
34 12
35 14
35 24
36 1
36 33
37 19
37 20
38 16
38 36
39 9
39 25

# solution 523
# n=40 sym=rot4 status=verified source=flammenkamp_cache/n40_rot4
# code=oCHKOKU5XDGQa387WSX2PFN8CSd5Z9L1TAZIdEM12bcHP0L4TAcIU4Y0BRVGOEb6B7WVa3DNQ6Y9JFJMR
0 12
0 17
1 20
1 24
2 20
2 30
3 5
3 33
4 13
4 16
5 26
5 36
6 3
6 8
7 7
7 32
8 28
8 33
9 2
9 25
10 15
10 23
11 8
11 12
12 28
12 39
13 5
13 35
14 9
14 21
15 1
15 29
16 10
16 35
17 18
17 39
18 14
18 22
19 1
19 2
20 37
20 38
21 17
21 25
22 0
22 21
23 4
23 29
24 10
24 38
25 18
25 30
26 4
26 34
27 0
27 11
28 27
28 31
29 16
29 24
30 14
30 37
31 6
31 11
32 7
32 32
33 31
33 36
34 3
34 13
35 23
35 26
36 6
36 34
37 9
37 19
38 15
38 19
39 22
39 27

# solution 524
# n=40 sym=rot4 status=verified source=flammenkamp_cache/n40_rot4
# code=oGRKTGK9W9XPV4I3D5TZa18FI0QCW5FPSbdHMSX12bc6BHM02BEOY7RDdLOVc34AYQaLZ8E6U7UJNAJCN
0 16
0 27
1 20
1 29
2 16
2 20
3 9
3 32
4 9
4 33
5 25
5 31
6 4
6 18
7 3
7 13
8 5
8 29
9 35
9 36
10 1
10 8
11 15
11 18
12 0
12 26
13 12
13 32
14 5
14 15
15 25
15 28
16 37
16 39
17 17
17 22
18 28
18 33
19 1
19 2
20 37
20 38
21 6
21 11
22 17
22 22
23 0
23 2
24 11
24 14
25 24
25 34
26 7
26 27
27 13
27 39
28 21
28 24
29 31
29 38
30 3
30 4
31 10
31 34
32 26
32 36
33 21
33 35
34 8
34 14
35 6
35 30
36 7
36 30
37 19
37 23
38 10
38 19
39 12
39 23

# solution 525
# n=40 sym=rot4 status=verified source=flammenkamp_cache/n40_rot4
# code=oNTDJKQNTCE67SYRYFU8O036M7Z2cHZ9V03BPIL2c1bILESad8U4M1b4WHXadFV9O5C5BWXPRAGDJKQAG
0 23
0 29
1 13
1 19
2 20
2 26
3 23
3 29
4 12
4 14
5 6
5 7
6 28
6 34
7 27
7 34
8 15
8 30
9 8
9 24
10 0
10 3
11 6
11 22
12 7
12 35
13 2
13 38
14 17
14 35
15 9
15 31
16 0
16 3
17 11
17 25
18 18
18 21
19 2
19 38
20 1
20 37
21 18
21 21
22 14
22 28
23 36
23 39
24 8
24 30
25 4
25 22
26 1
26 37
27 4
27 32
28 17
28 33
29 36
29 39
30 15
30 31
31 9
31 24
32 5
32 12
33 5
33 11
34 32
34 33
35 25
35 27
36 10
36 16
37 13
37 19
38 20
38 26
39 10
39 16

# solution 526
# n=40 sym=rot4 status=verified source=flammenkamp_cache/n40_rot4
# code=oTWGKFJ6REN9T8a0IOXQY05MQ3I9BHZ8b4cBPRW1b2c7CES1Z2V4MSULaDHYd5D6FLd3VAUGPCXKOJN7A
0 29
0 32
1 16
1 20
2 15
2 19
3 6
3 27
4 14
4 23
5 9
5 29
6 8
6 36
7 0
7 18
8 24
8 33
9 26
9 34
10 0
10 5
11 22
11 26
12 3
12 18
13 9
13 11
14 17
14 35
15 8
15 37
16 4
16 38
17 11
17 25
18 27
18 32
19 1
19 37
20 2
20 38
21 7
21 12
22 14
22 28
23 1
23 35
24 2
24 31
25 4
25 22
26 28
26 30
27 21
27 36
28 13
28 17
29 34
29 39
30 5
30 13
31 6
31 15
32 21
32 39
33 3
33 31
34 10
34 30
35 16
35 25
36 12
36 33
37 20
37 24
38 19
38 23
39 7
39 10

# solution 527
# n=40 sym=rot4 status=verified source=flammenkamp_cache/n40_rot4
# code=oJOFPJWBTHX9P4C2G9RVY3HQa8XBG150cQWTZILbd02IL4A7D1dYcNS6V3DMa58CUNbRZEU6MAS7KEOFK
0 19
0 24
1 15
1 25
2 19
2 32
3 11
3 29
4 17
4 33
5 9
5 25
6 4
6 12
7 2
7 16
8 9
8 27
9 31
9 34
10 3
10 17
11 26
11 36
12 8
12 33
13 11
13 16
14 1
14 5
15 0
15 38
16 26
16 32
17 29
17 35
18 18
18 21
19 37
19 39
20 0
20 2
21 18
21 21
22 4
22 10
23 7
23 13
24 1
24 39
25 34
25 38
26 23
26 28
27 6
27 31
28 3
28 13
29 22
29 36
30 5
30 8
31 12
31 30
32 23
32 37
33 27
33 35
34 14
34 30
35 6
35 22
36 10
36 28
37 7
37 20
38 14
38 24
39 15
39 20

# solution 528
# n=40 sym=rot4 status=verified source=flammenkamp_cache/n40_rot4
# code=oGKOQBKCU9VGMBPHT4T3Z78XbQa1C6F1PYd5WIL02bdIL7Y05EcOXRc3D26VW4aAZAMESHN8U9RJSDFJN
0 16
0 20
1 24
1 26
2 11
2 20
3 12
3 30
4 9
4 31
5 16
5 22
6 11
6 25
7 17
7 29
8 4
8 29
9 3
9 35
10 7
10 8
11 33
11 37
12 26
12 36
13 1
13 12
14 6
14 15
15 1
15 25
16 34
16 39
17 5
17 32
18 18
18 21
19 0
19 2
20 37
20 39
21 18
21 21
22 7
22 34
23 0
23 5
24 14
24 38
25 24
25 33
26 27
26 38
27 3
27 13
28 2
28 6
29 31
29 32
30 4
30 36
31 10
31 35
32 10
32 22
33 14
33 28
34 17
34 23
35 8
35 30
36 9
36 27
37 19
37 28
38 13
38 15
39 19
39 23

# solution 529
# n=40 sym=rot4 status=verified source=flammenkamp_cache/n40_rot4
# code=oJMAQJO8GPXBT48BQXaGL5cWYCR174F2PUa0I9Mbd02HULd39EbOZWcCR571YIN36DSVZAS6ENVFKDTHK
0 19
0 22
1 10
1 26
2 19
2 24
3 8
3 16
4 25
4 33
5 11
5 29
6 4
6 8
7 11
7 26
8 33
8 36
9 16
9 21
10 5
10 38
11 32
11 34
12 12
12 27
13 1
13 7
14 4
14 15
15 2
15 25
16 30
16 36
17 0
17 18
18 9
18 22
19 37
19 39
20 0
20 2
21 17
21 30
22 21
22 39
23 3
23 9
24 14
24 37
25 24
25 35
26 32
26 38
27 12
27 27
28 5
28 7
29 1
29 34
30 18
30 23
31 3
31 6
32 13
32 28
33 31
33 35
34 10
34 28
35 6
35 14
36 23
36 31
37 15
37 20
38 13
38 29
39 17
39 20

# solution 530
# n=40 sym=rot4 status=verified source=flammenkamp_cache/n40_rot4
# code=oKRDHKWSXFH8W3R25UY8DAT3I06UcGLGZOPZcES02bdBP14EF4NIN19XdLaATQV59YbCa7VMO6B7JMQCJ
0 20
0 27
1 13
1 17
2 20
2 32
3 28
3 33
4 15
4 17
5 8
5 32
6 3
6 27
7 2
7 5
8 30
8 34
9 8
9 13
10 10
10 29
11 3
11 18
12 0
12 6
13 30
13 38
14 16
14 21
15 16
15 35
16 24
16 25
17 35
17 38
18 14
18 28
19 0
19 2
20 37
20 39
21 11
21 25
22 1
22 4
23 14
23 15
24 4
24 23
25 18
25 23
26 1
26 9
27 33
27 39
28 21
28 36
29 10
29 29
30 26
30 31
31 5
31 9
32 34
32 37
33 12
33 36
34 7
34 31
35 22
35 24
36 6
36 11
37 7
37 19
38 22
38 26
39 12
39 19

# solution 531
# n=40 sym=rot4 status=verified source=flammenkamp_cache/n40_rot4
# code=oJO8BGJ9VLX5Y4TCE3cLa6QRcBWAMHW0GObDP49bd02UZEQ2FNd7MHT7S1CDX3I1aPRAZ5Y6I8UKNSVFK
0 19
0 24
1 8
1 11
2 16
2 19
3 9
3 31
4 21
4 33
5 5
5 34
6 4
6 29
7 12
7 14
8 3
8 38
9 21
9 36
10 6
10 26
11 27
11 38
12 11
12 32
13 10
13 22
14 17
14 32
15 0
15 16
16 24
16 37
17 13
17 25
18 4
18 9
19 37
19 39
20 0
20 2
21 30
21 35
22 14
22 26
23 2
23 15
24 23
24 39
25 7
25 22
26 17
26 29
27 7
27 28
28 1
28 12
29 13
29 33
30 3
30 18
31 1
31 36
32 25
32 27
33 10
33 35
34 5
34 34
35 6
35 18
36 8
36 30
37 20
37 23
38 28
38 31
39 15
39 20

# solution 532
# n=40 sym=rot4 status=verified source=flammenkamp_cache/n40_rot4
# code=oIKBPKMVWCDTWRT353FGI56Dc6ZSZ1FPVHU2NUd02bd09Gb9M8EOc4B4X1QXYLNOaYaAC7AQR78HJESJL
0 18
0 20
1 11
1 25
2 20
2 22
3 31
3 32
4 12
4 13
5 29
5 32
6 27
6 29
7 3
7 5
8 3
8 15
9 16
9 18
10 5
10 6
11 13
11 38
12 6
12 35
13 28
13 35
14 1
14 15
15 25
15 31
16 17
16 30
17 2
17 23
18 30
18 39
19 0
19 2
20 37
20 39
21 0
21 9
22 16
22 37
23 9
23 22
24 8
24 14
25 24
25 38
26 4
26 11
27 4
27 33
28 1
28 26
29 33
29 34
30 21
30 23
31 24
31 36
32 34
32 36
33 10
33 12
34 7
34 10
35 26
35 27
36 7
36 8
37 17
37 19
38 14
38 28
39 19
39 21

# solution 533
# n=40 sym=rot4 status=verified source=flammenkamp_cache/n40_rot4
# code=oJT8YJN7BFI1X5RUaIc7E0GQa6OBEQUCZ2THMVZbd0248HMAb4R9DPSFX3DNdPW1L39CY6cLOSWGK5VAK
0 19
0 29
1 8
1 34
2 19
2 23
3 7
3 11
4 15
4 18
5 1
5 33
6 5
6 27
7 30
7 36
8 18
8 38
9 7
9 14
10 0
10 16
11 26
11 36
12 6
12 24
13 11
13 14
14 26
14 30
15 12
15 35
16 2
16 29
17 17
17 22
18 31
18 35
19 37
19 39
20 0
20 2
21 4
21 8
22 17
22 22
23 10
23 37
24 4
24 27
25 9
25 13
26 25
26 28
27 15
27 33
28 3
28 13
29 23
29 39
30 25
30 32
31 1
31 21
32 3
32 9
33 12
33 34
34 6
34 38
35 21
35 24
36 28
36 32
37 16
37 20
38 5
38 31
39 10
39 20

# solution 534
# n=40 sym=rot4 status=verified source=flammenkamp_cache/n40_rot4
# code=oFKCSJO7U568ZPZGaDY3ILP1CScGV6A2dQWHMAU0b2d9THM7D0bTX8N1BRcEILa5Q3N4E4VXY9WFKBRJO
0 15
0 20
1 12
1 28
2 19
2 24
3 7
3 30
4 5
4 6
5 8
5 35
6 25
6 35
7 16
7 36
8 13
8 34
9 3
9 18
10 21
10 25
11 1
11 12
12 28
12 38
13 16
13 31
14 6
14 10
15 2
15 39
16 26
16 32
17 17
17 22
18 10
18 30
19 0
19 37
20 2
20 39
21 9
21 29
22 17
22 22
23 7
23 13
24 0
24 37
25 29
25 33
26 8
26 23
27 1
27 11
28 27
28 38
29 14
29 18
30 21
30 36
31 5
31 26
32 3
32 23
33 4
33 14
34 4
34 31
35 33
35 34
36 9
36 32
37 15
37 20
38 11
38 27
39 19
39 24

# solution 535
# n=40 sym=rot4 status=verified source=flammenkamp_cache/n40_rot4
# code=o7JRSKOFZ3R9BHIAdAQEYVW1Y148GLU2aHQNXEX2d0b6P6GDM3b9INVZc5c785PDT0TLMSUCa4OFJBCKW
0 7
0 19
1 27
1 28
2 20
2 24
3 15
3 35
4 3
4 27
5 9
5 11
6 17
6 18
7 10
7 39
8 10
8 26
9 14
9 34
10 31
10 32
11 1
11 34
12 1
12 4
13 8
13 16
14 21
14 30
15 2
15 36
16 17
16 26
17 23
17 33
18 14
18 33
19 2
19 39
20 0
20 37
21 6
21 25
22 6
22 16
23 13
23 22
24 3
24 37
25 9
25 18
26 23
26 31
27 35
27 38
28 5
28 38
29 7
29 8
30 5
30 25
31 13
31 29
32 0
32 29
33 21
33 22
34 28
34 30
35 12
35 36
36 4
36 24
37 15
37 19
38 11
38 12
39 20
39 32

# solution 536
# n=40 sym=rot4 status=verified source=flammenkamp_cache/n40_rot4
# code=o6OJK9C3aQTIPTdIUBG7b46NVQb4C5H0HBVOPWY1c1c57EF8SMdMYRZ2D8GXZ2WNS9L0AELAD3aRUJKFX
0 6
0 24
1 19
1 20
2 9
2 12
3 3
3 36
4 26
4 29
5 18
5 25
6 29
6 39
7 18
7 30
8 11
8 16
9 7
9 37
10 4
10 6
11 23
11 31
12 26
12 37
13 4
13 12
14 5
14 17
15 0
15 17
16 11
16 31
17 24
17 25
18 32
18 34
19 1
19 38
20 1
20 38
21 5
21 7
22 14
22 15
23 8
23 28
24 22
24 39
25 22
25 34
26 27
26 35
27 2
27 13
28 8
28 16
29 33
29 35
30 2
30 32
31 23
31 28
32 9
32 21
33 0
33 10
34 14
34 21
35 10
35 13
36 3
36 36
37 27
37 30
38 19
38 20
39 15
39 33

# solution 537
# n=40 sym=rot4 status=verified source=flammenkamp_cache/n40_rot4
# code=oEJAJCV9LEF6THYOU2M7a5cCQSbBIZd7ZGN8X3Qcd01Da6VGN4W04LS2BDR1Y3WHb9F5MAXOPIU8RKTKP
0 14
0 19
1 10
1 19
2 12
2 31
3 9
3 21
4 14
4 15
5 6
5 29
6 17
6 34
7 24
7 30
8 2
8 22
9 7
9 36
10 5
10 38
11 12
11 26
12 28
12 37
13 11
13 18
14 35
14 39
15 7
15 35
16 16
16 23
17 8
17 33
18 3
18 26
19 38
19 39
20 0
20 1
21 13
21 36
22 6
22 31
23 16
23 23
24 4
24 32
25 0
25 4
26 21
26 28
27 2
27 11
28 13
28 27
29 1
29 34
30 3
30 32
31 17
31 37
32 9
32 15
33 5
33 22
34 10
34 33
35 24
35 25
36 18
36 30
37 8
37 27
38 20
38 29
39 20
39 25

# solution 538
# n=40 sym=rot4 status=verified source=flammenkamp_cache/n40_rot4
# code=oAKFJQU4LRaLUBR7WBO25GdVX462MGH8cPTDP350c1dYaEQAE1VMNHbXZ680NYbFS7WCS9I3CIZ9DKOJT
0 10
0 20
1 15
1 19
2 26
2 30
3 4
3 21
4 27
4 36
5 21
5 30
6 11
6 27
7 7
7 32
8 11
8 24
9 2
9 5
10 16
10 39
11 31
11 33
12 4
12 6
13 2
13 22
14 16
14 17
15 8
15 38
16 25
16 29
17 13
17 25
18 3
18 5
19 0
19 38
20 1
20 39
21 34
21 36
22 14
22 26
23 10
23 14
24 1
24 31
25 22
25 23
26 17
26 37
27 33
27 35
28 6
28 8
29 0
29 23
30 34
30 37
31 15
31 28
32 7
32 32
33 12
33 28
34 9
34 18
35 3
35 12
36 18
36 35
37 9
37 13
38 20
38 24
39 19
39 29

# solution 539
# n=40 sym=rot4 status=verified source=flammenkamp_cache/n40_rot4
# code=oJNCKFUCLAFQVSUHS5L26HZ67ac5PDGZb0PTW381d0cVa7AEd24NQEY13WX4MXbIYBM9B8DOTIR9OJRGK
0 19
0 23
1 12
1 20
2 15
2 30
3 12
3 21
4 10
4 15
5 26
5 31
6 28
6 30
7 17
7 28
8 5
8 21
9 2
9 6
10 17
10 35
11 6
11 7
12 36
12 38
13 5
13 25
14 13
14 16
15 35
15 37
16 0
16 25
17 29
17 32
18 3
18 8
19 1
19 39
20 0
20 38
21 31
21 36
22 7
22 10
23 14
23 39
24 2
24 4
25 23
25 26
26 14
26 34
27 1
27 3
28 32
28 33
29 4
29 22
30 33
30 37
31 18
31 34
32 11
32 22
33 9
33 11
34 8
34 13
35 24
35 29
36 18
36 27
37 9
37 24
38 19
38 27
39 16
39 20

# solution 540
# n=40 sym=rot4 status=verified source=flammenkamp_cache/n40_rot4
# code=oJY9KEHDRSY04HNFT9AVc7V4D3NSaLbIW6CXbEO1d0cFP26RX7L2I3BGaQZ8W18TUAOGMZd5BCQMPJU5K
0 19
0 34
1 9
1 20
2 14
2 17
3 13
3 27
4 28
4 34
5 0
5 4
6 17
6 23
7 15
7 29
8 9
8 10
9 31
9 38
10 7
10 31
11 4
11 13
12 3
12 23
13 28
13 36
14 21
14 37
15 18
15 32
16 6
16 12
17 33
17 37
18 14
18 24
19 1
19 39
20 0
20 38
21 15
21 25
22 2
22 6
23 27
23 33
24 7
24 21
25 2
25 18
26 3
26 11
27 16
27 36
28 26
28 35
29 8
29 32
30 1
30 8
31 29
31 30
32 10
32 24
33 16
33 22
34 35
34 39
35 5
35 11
36 12
36 26
37 22
37 25
38 19
38 30
39 5
39 20

# solution 541
# n=40 sym=rot4 status=verified source=flammenkamp_cache/n40_rot4
# code=oJK8P5O9L6C9bSZINEcYaBQ6THZAH1V2G7OQR3W0d0d7aCDFWNb8cMT4MAXDS351PGL4B2URXIUFYEVJK
0 19
0 20
1 8
1 25
2 5
2 24
3 9
3 21
4 6
4 12
5 9
5 37
6 28
6 35
7 18
7 23
8 14
8 38
9 34
9 36
10 11
10 26
11 6
11 29
12 17
12 35
13 10
13 17
14 1
14 31
15 2
15 16
16 7
16 24
17 26
17 27
18 3
18 32
19 0
19 39
20 0
20 39
21 7
21 36
22 12
22 13
23 15
23 32
24 23
24 37
25 8
25 38
26 22
26 29
27 4
27 22
28 10
28 33
29 13
29 28
30 3
30 5
31 1
31 25
32 16
32 21
33 4
33 11
34 2
34 30
35 27
35 33
36 18
36 30
37 15
37 34
38 14
38 31
39 19
39 20

