# solution 1
# n=42 sym=rot4 status=verified source=flammenkamp_cache/n42_rot4
# code=oBNEJPUAXHV7RPXHa36CD4c2fSWCW5eIJ26Yb0QQeKLKL1FFf47ZdMN1a9T9D0d3bSTZc5O8GEYAO8VBGMRIU
0 11
0 23
1 14
1 19
2 25
2 30
3 10
3 33
4 17
4 31
5 7
5 27
6 25
6 33
7 17
7 36
8 3
8 6
9 12
9 13
10 4
10 38
11 2
11 41
12 28
12 32
13 12
13 32
14 5
14 40
15 18
15 19
16 2
16 6
17 34
17 37
18 0
18 26
19 26
19 40
20 20
20 21
21 20
21 21
22 1
22 15
23 15
23 41
24 4
24 7
25 35
25 39
26 22
26 23
27 1
27 36
28 9
28 29
29 9
29 13
30 0
30 39
31 3
31 37
32 28
32 29
33 35
33 38
34 5
34 24
35 8
35 16
36 14
36 34
37 10
37 24
38 8
38 31
39 11
39 16
40 22
40 27
41 18
41 30

# solution 2
# n=42 sym=rot4 status=verified source=flammenkamp_cache/n42_rot4
# code=oNUEJPUAXHV7RPXHa36CD4c02SWCW5eIJ26Yb0QQeKLKL1FFf47ZdMN1a9T9Ddf3bSTZc5O8GEYAO8VBGMRBI
0 23
0 30
1 14
1 19
2 25
2 30
3 10
3 33
4 17
4 31
5 7
5 27
6 25
6 33
7 17
7 36
8 3
8 6
9 12
9 13
10 4
10 38
11 0
11 2
12 28
12 32
13 12
13 32
14 5
14 40
15 18
15 19
16 2
16 6
17 34
17 37
18 0
18 26
19 26
19 40
20 20
20 21
21 20
21 21
22 1
22 15
23 15
23 41
24 4
24 7
25 35
25 39
26 22
26 23
27 1
27 36
28 9
28 29
29 9
29 13
30 39
30 41
31 3
31 37
32 28
32 29
33 35
33 38
34 5
34 24
35 8
35 16
36 14
36 34
37 10
37 24
38 8
38 31
39 11
39 16
40 22
40 27
41 11
41 18

# solution 3
# n=42 sym=rot4 status=verified source=flammenkamp_cache/n42_rot4
# code=oJTOQCDNP8UFHUXAS6bNPEY460d7dJV1a391a39RfKLKL0EWc5eWc5eAM2Y2fZb7RGI4ZDV8BOQBXGISTFHCM
0 19
0 29
1 24
1 26
2 12
2 13
3 23
3 25
4 8
4 30
5 15
5 17
6 30
6 33
7 10
7 28
8 6
8 37
9 23
9 25
10 14
10 34
11 4
11 6
12 0
12 39
13 7
13 39
14 19
14 31
15 1
15 36
16 3
16 9
17 1
17 36
18 3
18 9
19 27
19 41
20 20
20 21
21 20
21 21
22 0
22 14
23 32
23 38
24 5
24 40
25 32
25 38
26 5
26 40
27 10
27 22
28 2
28 34
29 2
29 41
30 35
30 37
31 7
31 27
32 16
32 18
33 4
33 35
34 13
34 31
35 8
35 11
36 24
36 26
37 11
37 33
38 16
38 18
39 28
39 29
40 15
40 17
41 12
41 22

# solution 4
# n=42 sym=rot4 status=verified source=flammenkamp_cache/n42_rot4
# code=oRaGH8QDTHN0E9T9JQdYZDUAM36Vc0a28Iebe4PBYKLKL7UGb141NXd5f3AZcJVBS672FMWCWRfIOCSFXOP5E
0 27
0 36
1 16
1 17
2 8
2 26
3 13
3 29
4 17
4 23
5 0
5 14
6 9
6 29
7 9
7 19
8 26
8 39
9 34
9 35
10 13
10 30
11 10
11 22
12 3
12 6
13 31
13 38
14 0
14 36
15 2
15 8
16 18
16 40
17 37
17 40
18 4
18 25
19 11
19 34
20 20
20 21
21 20
21 21
22 7
22 30
23 16
23 37
24 1
24 4
25 1
25 23
26 33
26 39
27 5
27 41
28 3
28 10
29 35
29 38
30 19
30 31
31 11
31 28
32 6
32 7
33 2
33 15
34 22
34 32
35 12
35 32
36 27
36 41
37 18
37 24
38 12
38 28
39 15
39 33
40 24
40 25
41 5
41 14

# solution 5
# n=42 sym=rot4 status=verified source=flammenkamp_cache/n42_rot4
# code=oRaGH8QDTHN0E9T9JFdYZDUAM36Vc0a2XIebe4PBYKLKL7UGb141N8d5f3AZcJVBS672QMWCWRfIOCSFXOP5E
0 27
0 36
1 16
1 17
2 8
2 26
3 13
3 29
4 17
4 23
5 0
5 14
6 9
6 29
7 9
7 19
8 15
8 39
9 34
9 35
10 13
10 30
11 10
11 22
12 3
12 6
13 31
13 38
14 0
14 36
15 2
15 33
16 18
16 40
17 37
17 40
18 4
18 25
19 11
19 34
20 20
20 21
21 20
21 21
22 7
22 30
23 16
23 37
24 1
24 4
25 1
25 23
26 8
26 39
27 5
27 41
28 3
28 10
29 35
29 38
30 19
30 31
31 11
31 28
32 6
32 7
33 2
33 26
34 22
34 32
35 12
35 32
36 27
36 41
37 18
37 24
38 12
38 28
39 15
39 33
40 24
40 25
41 5
41 14

# solution 6
# n=42 sym=rot4 status=verified source=flammenkamp_cache/n42_rot4
# code=o4dGO0DGVSfUV7EOZCJMQ355NEX4dTZ9Ice17BQ9XKLKL8WFUYe13NW6C2b8RIaacFJMT6HRYAB0DAPSfHP2b
0 4
0 39
1 16
1 24
2 0
2 13
3 16
3 31
4 28
4 41
5 30
5 31
6 7
6 14
7 24
7 35
8 12
8 19
9 22
9 26
10 3
10 5
11 5
11 23
12 14
12 33
13 4
13 39
14 29
14 35
15 9
15 18
16 38
16 40
17 1
17 7
18 11
18 26
19 9
19 33
20 20
20 21
21 20
21 21
22 8
22 32
23 15
23 30
24 34
24 40
25 1
25 3
26 23
26 32
27 6
27 12
28 2
28 37
29 8
29 27
30 18
30 36
31 36
31 38
32 15
32 19
33 22
33 29
34 6
34 17
35 27
35 34
36 10
36 11
37 0
37 13
38 10
38 25
39 28
39 41
40 17
40 25
41 2
41 37

# solution 7
# n=42 sym=rot4 status=verified source=flammenkamp_cache/n42_rot4
# code=oHR7TGN5GAWOcDQMeAC4MXbFR1XIZ0B6Ucd5f2S79KLKLWYDd0a23BZUf6N8eEQ48JbTV1JFS3H9VPaIPCYEO
0 17
0 27
1 7
1 29
2 16
2 23
3 5
3 16
4 10
4 32
5 24
5 38
6 13
6 26
7 22
7 40
8 10
8 12
9 4
9 22
10 33
10 37
11 15
11 27
12 1
12 33
13 18
13 35
14 0
14 11
15 6
15 30
16 38
16 39
17 5
17 41
18 2
18 28
19 7
19 9
20 20
20 21
21 20
21 21
22 32
22 34
23 13
23 39
24 0
24 36
25 2
25 3
26 11
26 35
27 30
27 41
28 6
28 23
29 8
29 40
30 14
30 26
31 4
31 8
32 19
32 37
33 29
33 31
34 1
34 19
35 15
35 28
36 3
36 17
37 9
37 31
38 25
38 36
39 18
39 25
40 12
40 34
41 14
41 24

# solution 8
# n=42 sym=rot4 status=verified source=flammenkamp_cache/n42_rot4
# code=oGJAEIRFUAUPXCHOT5DMSbe347Z9X2eIc5f7ZQd9fKLKL0W2F6Y0a3N1d8W6Ybc14DJSaCHOT8GBVBQENRVMP
0 16
0 19
1 10
1 14
2 18
2 27
3 15
3 30
4 10
4 30
5 25
5 33
6 12
6 17
7 24
7 29
8 5
8 13
9 22
9 28
10 37
10 40
11 3
11 4
12 7
12 35
13 9
13 33
14 2
14 40
15 18
15 38
16 5
16 41
17 7
17 35
18 26
18 39
19 9
19 41
20 20
20 21
21 20
21 21
22 0
22 32
23 2
23 15
24 6
24 34
25 0
25 36
26 3
26 23
27 1
27 39
28 8
28 32
29 6
29 34
30 37
30 38
31 1
31 4
32 13
32 19
33 28
33 36
34 12
34 17
35 24
35 29
36 8
36 16
37 11
37 31
38 11
38 26
39 14
39 23
40 27
40 31
41 22
41 25

# solution 9
# n=42 sym=rot4 status=verified source=flammenkamp_cache/n42_rot4
# code=o4WHIOQFJAf7Z5RRaCJ0CGbGSWXBI672cUV2eSeXcKLKL381D1dAB3dYZNU89DP4PTfMT5EEa6Y0VMQFHNO9b
0 4
0 32
1 17
1 18
2 24
2 26
3 15
3 19
4 10
4 41
5 7
5 35
6 5
6 27
7 27
7 36
8 12
8 19
9 0
9 12
10 16
10 37
11 16
11 28
12 32
12 33
13 11
13 18
14 6
14 7
15 2
15 38
16 30
16 31
17 2
17 40
18 28
18 40
19 33
19 38
20 20
20 21
21 20
21 21
22 3
22 8
23 1
23 13
24 1
24 39
25 10
25 11
26 3
26 39
27 34
27 35
28 23
28 30
29 8
29 9
30 13
30 25
31 4
31 25
32 29
32 41
33 22
33 29
34 5
34 14
35 14
35 36
36 6
36 34
37 0
37 31
38 22
38 26
39 15
39 17
40 23
40 24
41 9
41 37

# solution 10
# n=42 sym=rot4 status=verified source=flammenkamp_cache/n42_rot4
# code=o9PIJGQBVVYDRHW4OCJ6f34QcEXIa5T2B0d7ZSeXeKLKL181D6Y2fUdCa5N8R3Fbc0ZMTHb9OES7AAUFPMNGW
0 9
0 25
1 18
1 19
2 16
2 26
3 11
3 31
4 31
4 34
5 13
5 27
6 17
6 32
7 4
7 24
8 12
8 19
9 6
9 41
10 3
10 4
11 26
11 38
12 14
12 33
13 18
13 36
14 5
14 29
15 2
15 11
16 0
16 39
17 7
17 35
18 28
18 40
19 33
19 40
20 20
20 21
21 20
21 21
22 1
22 8
23 1
23 13
24 6
24 34
25 2
25 41
26 30
26 39
27 12
27 36
28 5
28 23
29 8
29 27
30 3
30 15
31 37
31 38
32 0
32 35
33 22
33 29
34 17
34 37
35 9
35 24
36 14
36 28
37 7
37 10
38 10
38 30
39 15
39 25
40 22
40 23
41 16
41 32

# solution 11
# n=42 sym=rot4 status=verified source=flammenkamp_cache/n42_rot4
# code=oEFANRSAYHJ7BJT3aSTBGceWa68282fNfHWPb1FZbKLKL46Qe4G9O0I0dXdXZ5913PUCD5cCMUYMO7VDEIVQR
0 14
0 15
1 10
1 23
2 27
2 28
3 10
3 34
4 17
4 19
5 7
5 11
6 19
6 29
7 3
7 36
8 28
8 29
9 11
9 16
10 38
10 40
11 32
11 36
12 6
12 8
13 2
13 8
14 2
14 41
15 23
15 41
16 17
16 32
17 25
17 37
18 1
18 15
19 35
19 37
20 20
20 21
21 20
21 21
22 4
22 6
23 26
23 40
24 4
24 16
25 9
25 24
26 0
26 18
27 0
27 39
28 33
28 39
29 33
29 35
30 5
30 9
31 1
31 3
32 25
32 30
33 12
33 13
34 5
34 38
35 12
35 22
36 30
36 34
37 22
37 24
38 7
38 31
39 13
39 14
40 18
40 31
41 26
41 27

# solution 12
# n=42 sym=rot4 status=verified source=flammenkamp_cache/n42_rot4
# code=oJSQUEY4OWcCWIM2AHP45DY1QEa0VTd1B8I3XPZ6fKLKL0Z6G8cNXUe2CAf5RFe7SabGOVdJN9T39Hb7RBFDM
0 19
0 28
1 26
1 30
2 14
2 34
3 4
3 24
4 32
4 38
5 12
5 32
6 18
6 22
7 2
7 10
8 17
8 25
9 4
9 5
10 13
10 34
11 1
11 26
12 14
12 36
13 0
13 31
14 29
14 39
15 1
15 11
16 8
16 18
17 3
17 33
18 25
18 35
19 6
19 41
20 20
20 21
21 20
21 21
22 0
22 35
23 6
23 16
24 8
24 38
25 23
25 33
26 30
26 40
27 2
27 12
28 10
28 41
29 5
29 27
30 15
30 40
31 7
31 28
32 36
32 37
33 16
33 24
34 31
34 39
35 19
35 23
36 9
36 29
37 3
37 9
38 17
38 37
39 7
39 27
40 11
40 15
41 13
41 22

# solution 13
# n=42 sym=rot4 status=verified source=flammenkamp_cache/n42_rot4
# code=oTaGMDMGWBR0OFTNO9B3XDQXb06Vd4IAZce577R12KLKLdeEYYa136VNb2AZf48FS8cUWHICQHfEU9PJSJP5C
0 29
0 36
1 16
1 22
2 13
2 22
3 16
3 32
4 11
4 27
5 0
5 24
6 15
6 29
7 23
7 24
8 9
8 11
9 3
9 33
10 13
10 26
11 33
11 37
12 0
12 6
13 31
13 39
14 4
14 18
15 10
15 35
16 38
16 40
17 5
17 7
18 7
18 27
19 1
19 2
20 20
20 21
21 20
21 21
22 39
22 40
23 14
23 34
24 34
24 36
25 1
25 3
26 6
26 31
27 23
27 37
28 2
28 10
29 35
29 41
30 4
30 8
31 15
31 28
32 8
32 38
33 30
33 32
34 17
34 18
35 12
35 26
36 17
36 41
37 14
37 30
38 9
38 25
39 19
39 28
40 19
40 25
41 5
41 12

# solution 14
# n=42 sym=rot4 status=verified source=flammenkamp_cache/n42_rot4
# code=oMRJTHb9S2WHPNUAUAF4cXY671P3E0SIX5Cad6Q0eKLKL1fFZ25Ta8NDfRcGeYZ783bQVBVBIGO9dDW4OCMEJ
0 22
0 27
1 19
1 29
2 17
2 37
3 9
3 28
4 2
4 32
5 17
5 25
6 23
6 30
7 10
7 30
8 10
8 15
9 4
9 38
10 33
10 34
11 6
11 7
12 1
12 25
13 3
13 14
14 0
14 28
15 18
15 33
16 5
16 12
17 36
17 39
18 6
18 26
19 0
19 40
20 20
20 21
21 20
21 21
22 1
22 41
23 15
23 35
24 2
24 5
25 29
25 36
26 8
26 23
27 13
27 41
28 27
28 38
29 16
29 40
30 34
30 35
31 7
31 8
32 3
32 37
33 26
33 31
34 11
34 31
35 11
35 18
36 16
36 24
37 9
37 39
38 13
38 32
39 4
39 24
40 12
40 22
41 14
41 19

# solution 15
# n=42 sym=rot4 status=verified source=flammenkamp_cache/n42_rot4
# code=oDRGI8CQVTZKO4FBODdIV39RY4dXf0B3ZMe57WeGKMa5JLP19Ya1J6cUf082b7EWcAN2SHUQbHL6CAFTXNPES
0 13
0 27
1 16
1 18
2 8
2 12
3 26
3 31
4 29
4 35
5 20
5 24
6 4
6 15
7 11
7 24
8 13
8 39
9 18
9 31
10 3
10 9
11 27
11 34
12 4
12 39
13 33
13 41
14 0
14 11
15 3
15 35
16 22
16 40
17 5
17 7
18 32
18 40
19 16
19 20
20 22
20 36
21 5
21 19
22 21
22 25
23 1
23 9
24 34
24 36
25 1
25 19
26 6
26 38
27 30
27 41
28 0
28 8
29 2
29 37
30 7
30 14
31 32
31 38
32 10
32 23
33 2
33 28
34 17
34 30
35 26
35 37
36 17
36 21
37 6
37 12
38 10
38 15
39 29
39 33
40 23
40 25
41 14
41 28

# solution 16
# n=42 sym=rot4 status=verified source=flammenkamp_cache/n42_rot4
# code=oDPLR5JCFAVCdOUIO8XDR4b6IacWf19Pc0F67UYKd1MJe2L7BYZQf3GWe0935NZ4bES8XHNBH2TAVQTMaEKGS
0 13
0 25
1 21
1 27
2 5
2 19
3 12
3 15
4 10
4 31
5 12
5 39
6 24
6 30
7 18
7 24
8 8
8 33
9 13
9 27
10 4
10 37
11 6
11 18
12 36
12 38
13 32
13 41
14 1
14 9
15 25
15 38
16 0
16 15
17 6
17 7
18 30
18 34
19 20
19 39
20 1
20 22
21 19
21 40
22 2
22 21
23 7
23 11
24 34
24 35
25 26
25 41
26 3
26 16
27 32
27 40
28 0
28 9
29 3
29 5
30 23
30 35
31 4
31 37
32 14
32 28
33 8
33 33
34 17
34 23
35 11
35 17
36 2
36 29
37 10
37 31
38 26
38 29
39 22
39 36
40 14
40 20
41 16
41 28

# solution 17
# n=42 sym=rot4 status=verified source=flammenkamp_cache/n42_rot4
# code=o9BIKGX8HASFWASJR2c5fZbCfOU467GIaRdCcQeKYMe1J7L1F3T2E5NPYZbBH0T460a3dEMDV9QDVOX8PLNUW
0 9
0 11
1 18
1 20
2 16
2 33
3 8
3 17
4 10
4 28
5 15
5 32
6 10
6 28
7 19
7 27
8 2
8 38
9 5
9 41
10 35
10 37
11 12
11 41
12 24
12 30
13 4
13 6
14 7
14 16
15 18
15 36
16 27
16 39
17 12
17 38
18 26
18 40
19 20
19 34
20 22
20 40
21 1
21 19
22 7
22 21
23 1
23 15
24 3
24 29
25 2
25 14
26 5
26 23
27 25
27 34
28 35
28 37
29 11
29 17
30 0
30 29
31 4
31 6
32 0
32 36
33 3
33 39
34 14
34 22
35 13
35 31
36 9
36 26
37 13
37 31
38 24
38 33
39 8
39 25
40 21
40 23
41 30
41 32

# solution 18
# n=42 sym=rot4 status=verified source=flammenkamp_cache/n42_rot4
# code=oIRGHMQ3cNXBVVXFH46ET56La9DGT0W2YSeYe4f2KBMJULd0b171D7d9fCPSW5KZaCRZbOQ8AAU8I3cFJOPEN
0 18
0 27
1 16
1 17
2 22
2 26
3 3
3 38
4 23
4 33
5 11
5 31
6 31
6 33
7 15
7 17
8 4
8 6
9 14
9 29
10 5
10 6
11 21
11 36
12 9
12 13
13 16
13 29
14 0
14 32
15 2
15 34
16 28
16 40
17 34
17 40
18 4
18 41
19 2
19 20
20 11
20 22
21 19
21 30
22 21
22 39
23 0
23 37
24 1
24 7
25 1
25 13
26 7
26 39
27 9
27 41
28 12
28 25
29 28
29 32
30 5
30 20
31 35
31 36
32 12
32 27
33 35
33 37
34 24
34 26
35 8
35 10
36 10
36 30
37 8
37 18
38 3
38 38
39 15
39 19
40 24
40 25
41 14
41 23

# solution 19
# n=42 sym=rot4 status=verified source=flammenkamp_cache/n42_rot4
# code=oHNFbTW8P1BAYEM5NCc2HLaFb2XPRDZUe3DWf076KAMJVLZYf09Sc1B6SEG8d4Q5KOd3TIaJR7VUeGX9C4QIO
0 17
0 23
1 15
1 37
2 29
2 32
3 8
3 25
4 1
4 11
5 10
5 34
6 14
6 22
7 5
7 23
8 12
8 38
9 2
9 17
10 21
10 36
11 15
11 37
12 2
12 33
13 25
13 27
14 13
14 35
15 30
15 40
16 3
16 13
17 32
17 41
18 0
18 7
19 6
19 20
20 10
20 22
21 19
21 31
22 21
22 35
23 34
23 41
24 0
24 9
25 28
25 38
26 1
26 11
27 6
27 28
28 14
28 16
29 8
29 39
30 4
30 26
31 5
31 20
32 24
32 39
33 3
33 29
34 18
34 36
35 19
35 27
36 7
36 31
37 30
37 40
38 16
38 33
39 9
39 12
40 4
40 26
41 18
41 24

# solution 20
# n=42 sym=rot4 status=verified source=flammenkamp_cache/n42_rot4
# code=oHQOU9CAY5DJbRW3N8X6dNc1GRdPb6C0KDU1f7AKaMQFJ5LVY0eBSLfTZ4G2EPe3I2Z8XIc9E4MSa7VTWBHFO
0 17
0 26
1 24
1 30
2 9
2 12
3 10
3 34
4 5
4 13
5 19
5 37
6 27
6 32
7 3
7 23
8 8
8 33
9 6
9 39
10 23
10 38
11 1
11 16
12 27
12 39
13 25
13 37
14 6
14 12
15 0
15 20
16 13
16 30
17 1
17 41
18 7
18 10
19 20
19 36
20 22
20 26
21 15
21 19
22 5
22 21
23 31
23 34
24 0
24 40
25 11
25 28
26 21
26 41
27 29
27 35
28 4
28 16
29 2
29 14
30 25
30 40
31 3
31 18
32 2
32 35
33 8
33 33
34 18
34 38
35 9
35 14
36 4
36 22
37 28
37 36
38 7
38 31
39 29
39 32
40 11
40 17
41 15
41 24

# solution 21
# n=42 sym=rot4 status=verified source=flammenkamp_cache/n42_rot4
# code=oPR8CBHJRBVAY6Z5OIeDQ4abdLePW039N0D7dFXKcCMJT3L8Q2YSfIWcf9G1K245bFS1NHa6Z7VAUEMOUTXEG
0 25
0 27
1 8
1 12
2 11
2 17
3 19
3 27
4 11
4 31
5 10
5 34
6 6
6 35
7 5
7 24
8 18
8 40
9 13
9 26
10 4
10 36
11 37
11 39
12 21
12 40
13 25
13 32
14 0
14 3
15 9
15 23
16 0
16 13
17 7
17 39
18 15
18 33
19 20
19 38
20 12
20 22
21 19
21 29
22 3
22 21
23 8
23 26
24 2
24 34
25 28
25 41
26 18
26 32
27 38
27 41
28 9
28 16
29 1
29 20
30 2
30 4
31 5
31 37
32 15
32 28
33 1
33 23
34 17
34 36
35 6
35 35
36 7
36 31
37 10
37 30
38 14
38 22
39 24
39 30
40 29
40 33
41 14
41 16

# solution 22
# n=42 sym=rot4 status=verified source=flammenkamp_cache/n42_rot4
# code=oGZIKDZIRBT7H02SaBQHJAVXb4P7d3F8RCfWaceKWMe1J9L13590TEXQc2YGb48AVMOFU5DdfOYCUEN6SLN6P
0 16
0 35
1 18
1 20
2 13
2 35
3 18
3 27
4 11
4 29
5 7
5 17
6 0
6 2
7 28
7 36
8 11
8 26
9 17
9 19
10 10
10 31
11 33
11 37
12 4
12 25
13 7
13 39
14 3
14 15
15 8
15 27
16 12
16 41
17 32
17 36
18 38
18 40
19 20
19 32
20 22
20 40
21 1
21 19
22 9
22 21
23 1
23 3
24 5
24 9
25 0
25 29
26 14
26 33
27 26
27 38
28 2
28 34
29 16
29 37
30 4
30 8
31 10
31 31
32 22
32 24
33 15
33 30
34 5
34 13
35 39
35 41
36 24
36 34
37 12
37 30
38 14
38 23
39 6
39 28
40 21
40 23
41 6
41 25

# solution 23
# n=42 sym=rot4 status=verified source=flammenkamp_cache/n42_rot4
# code=oFI7VCR8AKO7XIOae5cGT1cGQ9dEM2SBfUW46ZfDKMb4JLS06Zb9B0UDdJR2WFP3eCP3a15HN8YHLVXETAYNQ
0 15
0 18
1 7
1 31
2 12
2 27
3 8
3 10
4 20
4 24
5 7
5 33
6 18
6 24
7 36
7 40
8 5
8 38
9 16
9 29
10 1
10 38
11 16
11 26
12 9
12 39
13 14
13 22
14 2
14 28
15 11
15 41
16 30
16 32
17 4
17 6
18 35
18 41
19 13
19 20
20 22
20 37
21 4
21 19
22 21
22 28
23 0
23 6
24 35
24 37
25 9
25 11
26 0
26 30
27 13
27 39
28 19
28 27
29 2
29 32
30 15
30 25
31 3
31 40
32 12
32 25
33 3
33 36
34 1
34 5
35 17
35 23
36 8
36 34
37 17
37 21
38 31
38 33
39 14
39 29
40 10
40 34
41 23
41 26

# solution 24
# n=42 sym=rot4 status=verified source=flammenkamp_cache/n42_rot4
# code=oFIVYCR8AKO7XIO1a5cGT1cGQ9dEM2SBfUW46ZfDKMb4JLS06Zb9B0UDdJR2WFP3eCP3a5eHN8YHLVXET7ANQ
0 15
0 18
1 31
1 34
2 12
2 27
3 8
3 10
4 20
4 24
5 7
5 33
6 18
6 24
7 1
7 36
8 5
8 38
9 16
9 29
10 1
10 38
11 16
11 26
12 9
12 39
13 14
13 22
14 2
14 28
15 11
15 41
16 30
16 32
17 4
17 6
18 35
18 41
19 13
19 20
20 22
20 37
21 4
21 19
22 21
22 28
23 0
23 6
24 35
24 37
25 9
25 11
26 0
26 30
27 13
27 39
28 19
28 27
29 2
29 32
30 15
30 25
31 3
31 40
32 12
32 25
33 3
33 36
34 5
34 40
35 17
35 23
36 8
36 34
37 17
37 21
38 31
38 33
39 14
39 29
40 7
40 10
41 23
41 26

# solution 25
# n=42 sym=rot4 status=verified source=flammenkamp_cache/n42_rot4
# code=oFI7VCR8VKO7XIOae5cGT13GQ9dEM2SBfUW46ZfDKMb4JLS06Zb9B0UDdJR2WFPceCP3a15HN8YHLAXETAYNQ
0 15
0 18
1 7
1 31
2 12
2 27
3 8
3 31
4 20
4 24
5 7
5 33
6 18
6 24
7 36
7 40
8 5
8 38
9 16
9 29
10 1
10 3
11 16
11 26
12 9
12 39
13 14
13 22
14 2
14 28
15 11
15 41
16 30
16 32
17 4
17 6
18 35
18 41
19 13
19 20
20 22
20 37
21 4
21 19
22 21
22 28
23 0
23 6
24 35
24 37
25 9
25 11
26 0
26 30
27 13
27 39
28 19
28 27
29 2
29 32
30 15
30 25
31 38
31 40
32 12
32 25
33 3
33 36
34 1
34 5
35 17
35 23
36 8
36 34
37 17
37 21
38 10
38 33
39 14
39 29
40 10
40 34
41 23
41 26

# solution 26
# n=42 sym=rot4 status=verified source=flammenkamp_cache/n42_rot4
# code=oNU7NFL5FTXOcEVDe4DGV690G4JXYOZcdUW5E01KT2MJdCLefRa9B236H78MbPfWZAPSb1SAR3H8CQaKQIYBI
0 23
0 30
1 7
1 23
2 15
2 21
3 5
3 15
4 29
4 33
5 24
5 38
6 14
6 31
7 13
7 40
8 4
8 13
9 16
9 31
10 6
10 9
11 0
11 16
12 4
12 19
13 33
13 34
14 24
14 35
15 38
15 39
16 30
16 32
17 5
17 14
18 0
18 1
19 20
19 29
20 2
20 22
21 19
21 39
22 12
22 21
23 40
23 41
24 27
24 36
25 9
25 11
26 2
26 3
27 6
27 17
28 7
28 8
29 22
29 37
30 25
30 41
31 32
31 35
32 10
32 25
33 28
33 37
34 1
34 28
35 10
35 27
36 3
36 17
37 8
37 12
38 26
38 36
39 20
39 26
40 18
40 34
41 11
41 18

# solution 27
# n=42 sym=rot4 status=verified source=flammenkamp_cache/n42_rot4
# code=oNUNYFL5FTXOcEV1D4DGV690G4JXYOZcdUW5E01KT2MJdCLefRa9B236H78MbPfWZAPSbSeAR3H8CQaKQ7IBI
0 23
0 30
1 23
1 34
2 15
2 21
3 5
3 15
4 29
4 33
5 24
5 38
6 14
6 31
7 1
7 13
8 4
8 13
9 16
9 31
10 6
10 9
11 0
11 16
12 4
12 19
13 33
13 34
14 24
14 35
15 38
15 39
16 30
16 32
17 5
17 14
18 0
18 1
19 20
19 29
20 2
20 22
21 19
21 39
22 12
22 21
23 40
23 41
24 27
24 36
25 9
25 11
26 2
26 3
27 6
27 17
28 7
28 8
29 22
29 37
30 25
30 41
31 32
31 35
32 10
32 25
33 28
33 37
34 28
34 40
35 10
35 27
36 3
36 17
37 8
37 12
38 26
38 36
39 20
39 26
40 7
40 18
41 11
41 18

# solution 28
# n=42 sym=rot4 status=verified source=flammenkamp_cache/n42_rot4
# code=oScHQYZ0E9NEU2N2VGKSb7G5CMU09ac1OVXFe46CKMX8JLTZb1Q8AHe35WfBJTaPY4DLPAdIdBRIWRf67FO3D
0 28
0 38
1 17
1 26
2 34
2 35
3 0
3 14
4 9
4 23
5 14
5 30
6 2
6 23
7 2
7 31
8 16
8 20
9 28
9 37
10 7
10 16
11 5
11 12
12 22
12 30
13 0
13 9
14 36
14 38
15 1
15 24
16 31
16 33
17 15
17 40
18 4
18 6
19 12
19 20
20 22
20 33
21 8
21 19
22 21
22 29
23 35
23 37
24 1
24 26
25 8
25 10
26 17
26 40
27 3
27 5
28 32
28 41
29 11
29 19
30 29
30 36
31 25
31 34
32 4
32 13
33 21
33 25
34 10
34 39
35 18
35 39
36 11
36 27
37 18
37 32
38 27
38 41
39 6
39 7
40 15
40 24
41 3
41 13

# solution 29
# n=42 sym=rot4 status=verified source=flammenkamp_cache/n42_rot4
# code=oJLDO8UOb36TWGbETId5NDG2E57VeUYFQVZ139XKf0MJf0L8Wce6AFQ7B1AYaRdPSIa2NCR4P9CZc4HBXHSKM
0 19
0 21
1 13
1 24
2 8
2 30
3 24
3 37
4 3
4 6
5 29
5 32
6 16
6 37
7 14
7 29
8 18
8 39
9 5
9 23
10 13
10 16
11 2
11 14
12 5
12 7
13 31
13 40
14 30
14 34
15 15
15 26
16 31
16 35
17 1
17 3
18 9
18 33
19 20
19 41
20 0
20 22
21 19
21 41
22 0
22 21
23 8
23 32
24 38
24 40
25 6
25 10
26 15
26 26
27 7
27 11
28 1
28 10
29 34
29 36
30 27
30 39
31 25
31 28
32 18
32 36
33 2
33 23
34 12
34 27
35 4
35 25
36 9
36 12
37 35
37 38
38 4
38 17
39 11
39 33
40 17
40 28
41 20
41 22

# solution 30
# n=42 sym=rot4 status=verified source=flammenkamp_cache/n42_rot4
# code=oIT9H7X6MNQ7GScad2TReBGQV086K9O4BVaEe4f3KMSDJLc0b1R5AUbHWLZXfAFPU1ECd253DPYFIJZ8YOWCN
0 18
0 29
1 9
1 17
2 7
2 33
3 6
3 22
4 23
4 26
5 7
5 16
6 28
6 38
7 36
7 39
8 2
8 29
9 27
9 40
10 11
10 16
11 26
11 31
12 0
12 8
13 6
13 20
14 9
14 24
15 4
15 11
16 31
16 36
17 14
17 40
18 4
18 41
19 3
19 20
20 22
20 28
21 13
21 19
22 21
22 38
23 0
23 37
24 1
24 27
25 5
25 10
26 30
26 37
27 17
27 32
28 21
28 35
29 33
29 41
30 10
30 15
31 25
31 30
32 1
32 14
33 12
33 39
34 2
34 5
35 3
35 13
36 25
36 34
37 15
37 18
38 19
38 35
39 8
39 34
40 24
40 32
41 12
41 23

# solution 31
# n=42 sym=rot4 status=verified source=flammenkamp_cache/n42_rot4
# code=oDUHNQU8Y8CFOGS3VbcKN7G02Eb6fJT2aVZ5e19KRMW9JELWe1a6A5dCM0Z4RdfPYIL34AcDPHQTX7XBFIOBS
0 13
0 30
1 17
1 23
2 26
2 30
3 8
3 34
4 8
4 12
5 15
5 24
6 16
6 28
7 3
7 31
8 37
8 38
9 20
9 23
10 7
10 16
11 0
11 2
12 14
12 37
13 6
13 41
14 19
14 29
15 2
15 36
16 31
16 35
17 5
17 40
18 1
18 9
19 20
19 27
20 22
20 32
21 9
21 19
22 14
22 21
23 32
23 40
24 1
24 36
25 6
25 10
26 5
26 39
27 12
27 22
28 0
28 35
29 4
29 27
30 39
30 41
31 25
31 34
32 18
32 21
33 3
33 4
34 10
34 38
35 13
35 25
36 17
36 26
37 29
37 33
38 7
38 33
39 11
39 15
40 18
40 24
41 11
41 28

# solution 32
# n=42 sym=rot4 status=verified source=flammenkamp_cache/n42_rot4
# code=o4IBHSX3cGfLMVWCR2F6B6GWeOY2E7SNXVbCeFf5K5MJaLa0Q1T4A8IDYRd7H19PZUZQdET9AJK0P3c8DOUNb
0 4
0 18
1 11
1 17
2 28
2 33
3 3
3 38
4 16
4 41
5 21
5 22
6 31
6 32
7 12
7 27
8 2
8 15
9 6
9 11
10 6
10 16
11 32
11 40
12 24
12 34
13 2
13 14
14 7
14 28
15 23
15 33
16 31
16 37
17 12
17 40
18 15
18 41
19 5
19 20
20 5
20 22
21 19
21 36
22 21
22 36
23 0
23 26
24 1
24 29
25 4
25 10
26 8
26 18
27 13
27 34
28 27
28 39
29 7
29 17
30 1
30 9
31 25
31 35
32 30
32 35
33 26
33 39
34 14
34 29
35 9
35 10
36 19
36 20
37 0
37 25
38 3
38 38
39 8
39 13
40 24
40 30
41 23
41 37

# solution 33
# n=42 sym=rot4 status=verified source=flammenkamp_cache/n42_rot4
# code=oMSBLAH8FPS6UEaHVFcGT7d5e9N04NZXc4WYdCE0K1MJeLfRT279b386IbfIW1a2YCP3QAO5RBZDGQXOVKUDJ
0 22
0 28
1 11
1 21
2 10
2 17
3 8
3 15
4 25
4 28
5 6
5 30
6 14
6 36
7 17
7 31
8 15
8 38
9 16
9 29
10 7
10 39
11 5
11 40
12 9
12 23
13 0
13 4
14 23
14 35
15 33
15 38
16 4
16 32
17 34
17 39
18 12
18 14
19 0
19 20
20 1
20 22
21 19
21 40
22 21
22 41
23 27
23 29
24 2
24 7
25 9
25 37
26 3
26 8
27 6
27 18
28 37
28 41
29 18
29 32
30 1
30 36
31 2
31 34
32 12
32 25
33 3
33 26
34 10
34 24
35 5
35 27
36 11
36 35
37 13
37 16
38 26
38 33
39 24
39 31
40 20
40 30
41 13
41 19

# solution 34
# n=42 sym=rot4 status=verified source=flammenkamp_cache/n42_rot4
# code=oFTDLHYPaIS3Q9A2EPW8ZEZHM0I4eVY5f38UdTbBK1MJeLU4C2BXc0a7A1bNfJO6R6X9GRdVWFcDN5G7OKSCQ
0 15
0 29
1 13
1 21
2 17
2 34
3 25
3 36
4 18
4 28
5 3
5 26
6 9
6 10
7 2
7 14
8 25
8 32
9 8
9 35
10 14
10 35
11 17
11 22
12 0
12 18
13 4
13 40
14 31
14 34
15 5
15 41
16 3
16 8
17 30
17 39
18 29
18 37
19 11
19 20
20 1
20 22
21 19
21 40
22 21
22 30
23 4
23 12
24 2
24 11
25 33
25 38
26 0
26 36
27 7
27 10
28 1
28 37
29 23
29 41
30 19
30 24
31 6
31 27
32 6
32 33
33 9
33 16
34 27
34 39
35 31
35 32
36 15
36 38
37 13
37 23
38 5
38 16
39 7
39 24
40 20
40 28
41 12
41 26

# solution 35
# n=42 sym=rot4 status=verified source=flammenkamp_cache/n42_rot4
# code=o7SBN4EOPIdQWBCAfOP5ESYZeLZ0AWd5J38381bKQCMJTFL4eXcXcMa29Vf6K167DRaGH0VTU9F2NGHRbIUDY
0 7
0 28
1 11
1 23
2 4
2 14
3 24
3 25
4 18
4 39
5 26
5 32
6 11
6 12
7 10
7 41
8 24
8 25
9 5
9 14
10 28
10 34
11 35
11 40
12 21
12 35
13 0
13 10
14 32
14 39
15 5
15 19
16 3
16 8
17 3
17 8
18 1
18 37
19 20
19 26
20 12
20 22
21 19
21 29
22 15
22 21
23 4
23 40
24 33
24 38
25 33
25 38
26 22
26 36
27 2
27 9
28 31
28 41
29 6
29 20
30 1
30 6
31 7
31 13
32 27
32 36
33 16
33 17
34 0
34 31
35 29
35 30
36 9
36 15
37 2
37 23
38 16
38 17
39 27
39 37
40 18
40 30
41 13
41 34

# solution 36
# n=42 sym=rot4 status=verified source=flammenkamp_cache/n42_rot4
# code=oNOGM7CQTIWBWAELdEP45UZAa3dDSXZ3O8e0F0b1K7MJYLe4fQf1XHc68DS2c5V6BabGR2KRV9U9NCFTYJPHI
0 23
0 24
1 16
1 22
2 7
2 12
3 26
3 29
4 18
4 32
5 11
5 32
6 10
6 14
7 21
7 39
8 14
8 25
9 4
9 5
10 30
10 35
11 10
11 36
12 3
12 39
13 13
13 28
14 33
14 35
15 3
15 24
16 8
16 40
17 0
17 15
18 0
18 37
19 1
19 20
20 7
20 22
21 19
21 34
22 21
22 40
23 4
23 41
24 26
24 41
25 1
25 33
26 17
26 38
27 6
27 8
28 13
28 28
29 2
29 38
30 5
30 31
31 6
31 11
32 36
32 37
33 16
33 27
34 2
34 20
35 27
35 31
36 9
36 30
37 9
37 23
38 12
38 15
39 29
39 34
40 19
40 25
41 17
41 18

# solution 37
# n=42 sym=rot4 status=verified source=flammenkamp_cache/n42_rot4
# code=oDHQWCPCQLM8YGO58Ya1SAVEIcd9fIU132Z6fRU4K4MJbLbBE0Z6dceBN0W23NRAVDe57XaHP7XJKFTGT9FOS
0 13
0 17
1 26
1 32
2 12
2 25
3 12
3 26
4 21
4 22
5 8
5 34
6 16
6 24
7 5
7 8
8 34
8 36
9 1
9 28
10 10
10 31
11 14
11 18
12 38
12 39
13 9
13 41
14 18
14 30
15 1
15 3
16 2
16 35
17 6
17 41
18 27
18 30
19 4
19 20
20 4
20 22
21 19
21 37
22 21
22 37
23 11
23 14
24 0
24 35
25 6
25 39
26 38
26 40
27 11
27 23
28 0
28 32
29 2
29 3
30 23
30 27
31 10
31 31
32 13
32 40
33 5
33 7
34 33
34 36
35 17
35 25
36 7
36 33
37 19
37 20
38 15
38 29
39 16
39 29
40 9
40 15
41 24
41 28

# solution 38
# n=42 sym=rot4 status=verified source=flammenkamp_cache/n42_rot4
# code=o0fCNHR7W8GGNQWXc7b36FSDHKeAU2M6VabUd15EKMTCJLRae2B45AZJdBV1LOSDQZc4Y389FIPPX9YEOIT0f
0 0
0 41
1 12
1 23
2 17
2 27
3 7
3 32
4 8
4 16
5 16
5 23
6 26
6 32
7 33
7 38
8 7
8 37
9 3
9 6
10 15
10 28
11 13
11 17
12 20
12 40
13 10
13 30
14 2
14 22
15 6
15 31
16 36
16 37
17 30
17 39
18 1
18 5
19 14
19 20
20 22
20 29
21 12
21 19
22 21
22 27
23 36
23 40
24 2
24 11
25 4
25 5
26 10
26 35
27 19
27 39
28 11
28 31
29 1
29 21
30 24
30 28
31 13
31 26
32 35
32 38
33 4
33 34
34 3
34 8
35 9
35 15
36 18
36 25
37 25
37 33
38 9
38 34
39 14
39 24
40 18
40 29
41 0
41 41

# solution 39
# n=42 sym=rot4 status=verified source=flammenkamp_cache/n42_rot4
# code=oNQ9RGY9X7ZGI4S2b3OceBJQVCT6H1L0Bad8S0aKVEMJRAL5fDX25UfKeOZCTAFMU13Hc4dDbNP6Y8W7PEWFI
0 23
0 26
1 9
1 27
2 16
2 34
3 9
3 33
4 7
4 35
5 16
5 18
6 4
6 28
7 2
7 37
8 3
8 24
9 38
9 40
10 11
10 19
11 26
11 31
12 12
12 29
13 6
13 17
14 1
14 21
15 0
15 11
16 36
16 39
17 8
17 28
18 0
18 36
19 20
19 31
20 14
20 22
21 19
21 27
22 10
22 21
23 5
23 41
24 13
24 33
25 2
25 5
26 30
26 41
27 20
27 40
28 24
28 35
29 12
29 29
30 10
30 15
31 22
31 30
32 1
32 3
33 17
33 38
34 4
34 39
35 13
35 37
36 23
36 25
37 6
37 34
38 8
38 32
39 7
39 25
40 14
40 32
41 15
41 18

# solution 40
# n=42 sym=rot4 status=verified source=flammenkamp_cache/n42_rot4
# code=oNbOPEIDU0W7PSWCaFM46AV3HKY6cFdRX151U0d8KMTCJLX2fBeae8E2Q3Z7LOcAVZbJQ5T9DGY9fBSNRGH4I
0 23
0 37
1 24
1 25
2 14
2 18
3 13
3 30
4 0
4 32
5 7
5 25
6 28
6 32
7 12
7 36
8 15
8 22
9 4
9 6
10 10
10 31
11 3
11 17
12 20
12 34
13 6
13 38
14 15
14 39
15 27
15 33
16 1
16 5
17 1
17 30
18 0
18 39
19 8
19 20
20 22
20 29
21 12
21 19
22 21
22 33
23 2
23 41
24 11
24 40
25 36
25 40
26 8
26 14
27 2
27 26
28 3
28 35
29 7
29 21
30 24
30 38
31 10
31 31
32 35
32 37
33 19
33 26
34 5
34 29
35 9
35 13
36 16
36 34
37 9
37 41
38 11
38 28
39 23
39 27
40 16
40 17
41 4
41 18

# solution 41
# n=42 sym=rot4 status=verified source=flammenkamp_cache/n42_rot4
# code=oPU8JKO68DP7EVcFaceOT6F0I9NEbSaVY0429CUKeMd2J1LBTWdbf7A5D4RIWNfQZCH135Q3ARYGSXZHLMXBG
0 25
0 30
1 8
1 19
2 20
2 24
3 6
3 8
4 13
4 25
5 7
5 14
6 31
6 38
7 15
7 36
8 38
8 40
9 24
9 29
10 6
10 15
11 0
11 18
12 9
12 23
13 14
13 37
14 28
14 36
15 31
15 34
16 0
16 4
17 2
17 9
18 12
18 30
19 20
19 40
20 22
20 39
21 2
21 19
22 1
22 21
23 11
23 29
24 32
24 39
25 37
25 41
26 7
26 10
27 5
27 13
28 4
28 27
29 18
29 32
30 23
30 41
31 26
31 35
32 12
32 17
33 1
33 3
34 5
34 26
35 3
35 10
36 27
36 34
37 16
37 28
38 33
38 35
39 17
39 21
40 22
40 33
41 11
41 16

# solution 42
# n=42 sym=rot4 status=verified source=flammenkamp_cache/n42_rot4
# code=oEV9MFGPV8Q8KBCNSabSe03NZHZ79Hf4d3dRT7B1KMa5JLeUYCE2c2b0OWY6O6Icf1D45DITULXFXAGPQJWAR
0 14
0 31
1 9
1 22
2 15
2 16
3 25
3 31
4 8
4 26
5 8
5 20
6 11
6 12
7 23
7 28
8 36
8 37
9 28
9 40
10 0
10 3
11 23
11 35
12 17
12 35
13 7
13 9
14 17
14 41
15 4
15 39
16 3
16 39
17 27
17 29
18 7
18 11
19 1
19 20
20 22
20 36
21 5
21 19
22 21
22 40
23 30
23 34
24 12
24 14
25 2
25 38
26 2
26 37
27 0
27 24
28 32
28 34
29 6
29 24
30 6
30 18
31 38
31 41
32 1
32 13
33 4
33 5
34 13
34 18
35 29
35 30
36 21
36 33
37 15
37 33
38 10
38 16
39 25
39 26
40 19
40 32
41 10
41 27

# solution 43
# n=42 sym=rot4 status=verified source=flammenkamp_cache/n42_rot4
# code=oAQBJDKQVTXEHBT7Y49OX3fZe46EdSa03JN9aGKPeNd2I1GLP5WIMcf5D2RZb160c8HWb7YCUOR8CAFLSMUFV
0 10
0 26
1 11
1 19
2 13
2 20
3 26
3 31
4 29
4 33
5 14
5 17
6 11
6 29
7 7
7 34
8 4
8 9
9 24
9 33
10 3
10 41
11 35
11 40
12 4
12 6
13 14
13 39
14 28
14 36
15 0
15 3
16 19
16 23
17 9
17 36
18 16
18 20
19 25
19 40
20 23
20 39
21 2
21 18
22 1
22 16
23 21
23 25
24 5
24 32
25 18
25 22
26 38
26 41
27 5
27 13
28 2
28 27
29 35
29 37
30 1
30 6
31 0
31 38
32 8
32 17
33 32
33 37
34 7
34 34
35 12
35 30
36 24
36 27
37 8
37 12
38 10
38 15
39 21
39 28
40 22
40 30
41 15
41 31

# solution 44
# n=42 sym=rot4 status=verified source=flammenkamp_cache/n42_rot4
# code=o9O9TRUYb3AIJGK3QDQefUb2A1EHX2T78MZ0SKaGaNZ6I5P5LDf6JXYCd8OReVd4B01FSFcLPMNVc47BECWHW
0 9
0 24
1 9
1 29
2 27
2 30
3 34
3 37
4 3
4 10
5 18
5 19
6 16
6 20
7 3
7 26
8 13
8 26
9 40
9 41
10 30
10 37
11 2
11 10
12 1
12 14
13 17
13 33
14 2
14 29
15 7
15 8
16 22
16 35
17 0
17 28
18 20
18 36
19 16
19 36
20 23
20 35
21 6
21 18
22 5
22 25
23 5
23 21
24 13
24 41
25 6
25 19
26 33
26 34
27 12
27 39
28 8
28 24
29 27
29 40
30 31
30 39
31 4
31 11
32 0
32 1
33 15
33 28
34 15
34 38
35 21
35 25
36 22
36 23
37 31
37 38
38 4
38 7
39 11
39 14
40 12
40 32
41 17
41 32

# solution 45
# n=42 sym=rot4 status=verified source=flammenkamp_cache/n42_rot4
# code=oGK9I7UDVAS6OTaQd9JXe3b2G6E4cHT7JUf5RKeQXNf0I8F1LEa0BMYCO3bRZPd4c18MW2F5CHZDVASBYNWLP
0 16
0 20
1 9
1 18
2 7
2 30
3 13
3 31
4 10
4 28
5 6
5 24
6 29
6 36
7 26
7 39
8 9
8 19
9 33
9 40
10 3
10 37
11 2
11 16
12 6
12 14
13 4
13 38
14 17
14 29
15 7
15 19
16 30
16 41
17 5
17 27
18 20
18 40
19 26
19 33
20 23
20 41
21 0
21 18
22 8
22 15
23 1
23 21
24 14
24 36
25 0
25 11
26 22
26 34
27 12
27 24
28 3
28 37
29 27
29 35
30 25
30 39
31 4
31 38
32 1
32 8
33 22
33 32
34 2
34 15
35 5
35 12
36 17
36 35
37 13
37 31
38 10
38 28
39 11
39 34
40 23
40 32
41 21
41 25

# solution 46
# n=42 sym=rot4 status=verified source=flammenkamp_cache/n42_rot4
# code=oAJFU784OQcPTAIRdOdDUZf195KGW7J4e5S38KZRfNTCI0E6LXcDa1bMY9PLaWe06BS2H2ENVCG3FHbXYBQMV
0 10
0 19
1 15
1 30
2 7
2 8
3 4
3 24
4 26
4 38
5 25
5 29
6 10
6 18
7 27
7 39
8 24
8 39
9 13
9 30
10 35
10 41
11 1
11 9
12 5
12 20
13 16
13 32
14 7
14 19
15 4
15 40
16 5
16 28
17 3
17 8
18 20
18 35
19 27
19 41
20 23
20 29
21 12
21 18
22 0
22 14
23 6
23 21
24 33
24 38
25 13
25 36
26 1
26 37
27 22
27 34
28 9
28 25
29 21
29 36
30 32
30 40
31 0
31 6
32 11
32 28
33 2
33 17
34 2
34 14
35 23
35 31
36 12
36 16
37 3
37 15
38 17
38 37
39 33
39 34
40 11
40 26
41 22
41 31

# solution 47
# n=42 sym=rot4 status=verified source=flammenkamp_cache/n42_rot4
# code=oLRHTHQ3cBMCV8FSUGZIV597b1a7P0M2ZDXdeKW4E0NIfRb9L128S6dJfGY5e4YWaAN6PBDQXATJU3cFOCOEK
0 21
0 27
1 17
1 29
2 17
2 26
3 3
3 38
4 11
4 22
5 12
5 31
6 8
6 15
7 28
7 30
8 16
8 35
9 18
9 31
10 5
10 9
11 7
11 37
12 1
12 36
13 7
13 25
14 0
14 22
15 2
15 35
16 13
16 33
17 39
17 40
18 20
18 32
19 4
19 14
20 0
20 23
21 18
21 41
22 27
22 37
23 9
23 21
24 1
24 2
25 8
25 28
26 6
26 39
27 19
27 41
28 16
28 34
29 5
29 40
30 4
30 34
31 32
31 36
32 10
32 23
33 6
33 25
34 11
34 13
35 26
35 33
36 10
36 29
37 19
37 30
38 3
38 38
39 15
39 24
40 12
40 24
41 14
41 20

# solution 48
# n=42 sym=rot4 status=verified source=flammenkamp_cache/n42_rot4
# code=oEOQUQTPV59VbCE8JUYLb35182ZHMZf123I0SKPDY9NIW7SGLDfNcde06JO6dXeac4K7BMXRT4AWaAGCFBFHR
0 14
0 24
1 26
1 30
2 26
2 29
3 25
3 31
4 5
4 9
5 31
5 37
6 12
6 14
7 8
7 19
8 30
8 34
9 21
9 37
10 3
10 5
11 1
11 8
12 2
12 35
13 17
13 22
14 35
14 41
15 1
15 2
16 3
16 18
17 0
17 28
18 20
18 25
19 13
19 34
20 9
20 23
21 18
21 32
22 7
22 28
23 16
23 21
24 13
24 41
25 23
25 38
26 39
26 40
27 0
27 6
28 19
28 24
29 6
29 39
30 33
30 40
31 36
31 38
32 4
32 20
33 7
33 11
34 22
34 33
35 27
35 29
36 4
36 10
37 32
37 36
38 10
38 16
39 12
39 15
40 11
40 15
41 17
41 27

# solution 49
# n=42 sym=rot4 status=verified source=flammenkamp_cache/n42_rot4
# code=oOQITFHVYZa4B4G3E8XLT3MGa19MRDY0dUZ0dKeAD9NIWSV1L2f6B2f7SEJWe5PJcCK8XRcPbUb567AOQCNFH
0 24
0 26
1 18
1 29
2 15
2 17
3 31
3 34
4 35
4 36
5 4
5 11
6 4
6 16
7 3
7 14
8 8
8 33
9 21
9 29
10 3
10 22
11 16
11 36
12 1
12 9
13 22
13 27
14 13
14 34
15 0
15 39
16 30
16 35
17 0
17 39
18 20
18 40
19 10
19 13
20 9
20 23
21 18
21 32
22 28
22 31
23 1
23 21
24 2
24 41
25 6
25 11
26 2
26 41
27 7
27 28
28 14
28 19
29 32
29 40
30 5
30 25
31 19
31 38
32 12
32 20
33 8
33 33
34 27
34 38
35 25
35 37
36 30
36 37
37 5
37 6
38 7
38 10
39 24
39 26
40 12
40 23
41 15
41 17

# solution 50
# n=42 sym=rot4 status=verified source=flammenkamp_cache/n42_rot4
# code=oGO5TABGJ8ANeLQQX7bEUbd9d1JDSOW67cf0E5KTc6NIZ3CLaRf03YZ9HDSMe2W24BR4Y8FFK1IVXMPUVCaHP
0 16
0 24
1 5
1 29
2 10
2 11
3 16
3 19
4 8
4 10
5 23
5 40
6 21
6 26
7 26
7 33
8 7
8 37
9 14
9 30
10 37
10 39
11 9
11 39
12 1
12 19
13 13
13 28
14 24
14 32
15 6
15 7
16 38
16 41
17 0
17 14
18 5
18 20
19 29
19 38
20 6
20 23
21 18
21 35
22 3
22 12
23 21
23 36
24 27
24 41
25 0
25 3
26 34
26 35
27 9
27 17
28 13
28 28
29 22
29 40
30 2
30 32
31 2
31 4
32 11
32 27
33 4
33 34
34 8
34 15
35 15
35 20
36 1
36 18
37 31
37 33
38 22
38 25
39 30
39 31
40 12
40 36
41 17
41 25

# solution 51
# n=42 sym=rot4 status=verified source=flammenkamp_cache/n42_rot4
# code=oIS7GRUEX4bHZ5LQe3AGMUX2AFJ0O2c7TWeDaKf9T6NIZCW0L5S19CY3dHfMQVd8BJPVc1FKa6O4b8RBEPYDN
0 18
0 28
1 7
1 16
2 27
2 30
3 14
3 33
4 4
4 37
5 17
5 35
6 5
6 21
7 26
7 40
8 3
8 10
9 16
9 22
10 30
10 33
11 2
11 10
12 15
12 19
13 0
13 24
14 2
14 38
15 7
15 29
16 32
16 40
17 13
17 36
18 20
18 41
19 9
19 29
20 6
20 23
21 18
21 35
22 12
22 32
23 0
23 21
24 5
24 28
25 1
25 9
26 12
26 34
27 3
27 39
28 17
28 41
29 22
29 26
30 31
30 39
31 8
31 11
32 19
32 25
33 31
33 38
34 1
34 15
35 20
35 36
36 6
36 24
37 4
37 37
38 8
38 27
39 11
39 14
40 25
40 34
41 13
41 23

# solution 52
# n=42 sym=rot4 status=verified source=flammenkamp_cache/n42_rot4
# code=oLNCW9AJPHP7Z5BHaEU1dQd8ZJeDSQXAE34Yb0KTc0NIf3CLf47bcRV8FDS1M6X2F2eBR5OUa6YGOGMVW9TIK
0 21
0 23
1 12
1 32
2 9
2 10
3 19
3 25
4 17
4 25
5 7
5 35
6 5
6 11
7 17
7 36
8 14
8 30
9 1
9 39
10 26
10 39
11 8
11 35
12 19
12 40
13 13
13 28
14 26
14 33
15 10
15 14
16 3
16 4
17 34
17 37
18 0
18 20
19 29
19 38
20 0
20 23
21 18
21 41
22 3
22 12
23 21
23 41
24 4
24 7
25 37
25 38
26 27
26 31
27 8
27 15
28 13
28 28
29 1
29 22
30 6
30 33
31 2
31 15
32 2
32 40
33 11
33 27
34 5
34 24
35 30
35 36
36 6
36 34
37 16
37 24
38 16
38 22
39 31
39 32
40 9
40 29
41 18
41 20

# solution 53
# n=42 sym=rot4 status=verified source=flammenkamp_cache/n42_rot4
# code=oMSPQIaCLPS2978HZEZRaOUAFMc049X1U14AYKd0C3NIcTf2L7VbeBe8Wbf3JQVBH5E6R6OXYWdDGKT5NFGDJ
0 22
0 28
1 25
1 26
2 18
2 36
3 12
3 21
4 25
4 28
5 2
5 9
6 7
6 8
7 17
7 35
8 14
8 35
9 27
9 36
10 24
10 30
11 10
11 15
12 22
12 38
13 0
13 4
14 9
14 33
15 1
15 30
16 1
16 4
17 10
17 34
18 20
18 39
19 0
19 12
20 3
20 23
21 18
21 38
22 29
22 41
23 2
23 21
24 7
24 31
25 37
25 40
26 11
26 40
27 8
27 32
28 37
28 41
29 3
29 19
30 26
30 31
31 11
31 17
32 5
32 14
33 6
33 27
34 6
34 24
35 33
35 34
36 32
36 39
37 13
37 16
38 20
38 29
39 5
39 23
40 15
40 16
41 13
41 19

# solution 54
# n=42 sym=rot4 status=verified source=flammenkamp_cache/n42_rot4
# code=oSZFKUXDOHMYZ055C2TEPEM2I8Y0cVWPe9F3bKU4ANe1IVbBL4cQW1G9A3f7XNdJRGRCdTaaf67JOHS8BLQ6D
0 28
0 35
1 15
1 20
2 30
2 33
3 13
3 24
4 17
4 22
5 34
5 35
6 0
6 5
7 5
7 12
8 2
8 29
9 14
9 25
10 14
10 22
11 2
11 18
12 8
12 34
13 0
13 38
14 31
14 32
15 25
15 40
16 9
16 15
17 3
17 37
18 20
18 30
19 4
19 10
20 23
20 40
21 1
21 18
22 31
22 37
23 11
23 21
24 4
24 38
25 26
25 32
26 1
26 16
27 9
27 10
28 3
28 41
29 7
29 33
30 23
30 39
31 19
31 27
32 16
32 27
33 12
33 39
34 29
34 36
35 36
35 41
36 6
36 7
37 19
37 24
38 17
38 28
39 8
39 11
40 21
40 26
41 6
41 13

# solution 55
# n=42 sym=rot4 status=verified source=flammenkamp_cache/n42_rot4
# code=oFJFGGU8C59CbRXNO6cJbAV2RacKO6Befde7D7KWfNSDI09LYSY1201UZHL35EdAV4M3ZHI8E4TWaTXBPPQMQ
0 15
0 19
1 15
1 16
2 16
2 30
3 8
3 12
4 5
4 9
5 12
5 37
6 27
6 33
7 23
7 24
8 6
8 38
9 19
9 37
10 10
10 31
11 2
11 27
12 36
12 38
13 20
13 24
14 6
14 11
15 40
15 41
16 39
16 40
17 7
17 13
18 7
18 20
19 32
19 41
20 23
20 28
21 13
21 18
22 0
22 9
23 21
23 34
24 28
24 34
25 1
25 2
26 0
26 1
27 30
27 35
28 17
28 21
29 3
29 5
30 14
30 39
31 10
31 31
32 4
32 22
33 3
33 35
34 17
34 18
35 8
35 14
36 4
36 29
37 32
37 36
38 29
38 33
39 11
39 25
40 25
40 26
41 22
41 26

# solution 56
# n=42 sym=rot4 status=verified source=flammenkamp_cache/n42_rot4
# code=o8H8VARIL5YQbQT4JefMU1d9G6PHR2D56CUSfKc9Y3NIc7W3L0DBTZaSdEOGZPW2eBJ01MbCF4F7aKNEVAXOX
0 8
0 17
1 8
1 31
2 10
2 27
3 18
3 21
4 5
4 34
5 26
5 37
6 26
6 29
7 4
7 19
8 40
8 41
9 22
9 30
10 1
10 39
11 9
11 16
12 6
12 25
13 17
13 27
14 2
14 13
15 5
15 6
16 12
16 30
17 28
17 41
18 20
18 38
19 9
19 34
20 3
20 23
21 18
21 38
22 7
22 32
23 3
23 21
24 0
24 13
25 11
25 29
26 35
26 36
27 28
27 39
28 14
28 24
29 16
29 35
30 25
30 32
31 2
31 40
32 11
32 19
33 0
33 1
34 22
34 37
35 12
35 15
36 4
36 15
37 7
37 36
38 20
38 23
39 14
39 31
40 10
40 33
41 24
41 33

# solution 57
# n=42 sym=rot4 status=verified source=flammenkamp_cache/n42_rot4
# code=oIJCQBVEYPa4BPQ3X7AMO2XadHeDSLc16469TKf9fENIR0W0LCWZbZe3KDS1O258dHJVY8cFGUb5G7RAUFTMN
0 18
0 19
1 12
1 26
2 11
2 31
3 14
3 34
4 25
4 36
5 4
5 11
6 25
6 26
7 3
7 33
8 7
8 10
9 22
9 24
10 2
10 33
11 36
11 39
12 17
12 40
13 13
13 28
14 21
14 38
15 1
15 6
16 4
16 6
17 9
17 29
18 20
18 41
19 9
19 41
20 14
20 23
21 18
21 27
22 0
22 32
23 0
23 21
24 12
24 32
25 35
25 37
26 35
26 40
27 3
27 20
28 13
28 28
29 1
29 24
30 2
30 5
31 8
31 39
32 17
32 19
33 31
33 34
34 8
34 38
35 15
35 16
36 30
36 37
37 5
37 16
38 7
38 27
39 10
39 30
40 15
40 29
41 22
41 23

# solution 58
# n=42 sym=rot4 status=verified source=flammenkamp_cache/n42_rot4
# code=oTVHP9Q7KXYMRCF4c4JVd09HN0ZDS5P2Z1EUeBK5XNc3I8aLU1BRe6dGaDS6fIOWf2AMb3bQTEJ78LYFWGOAC
0 29
0 31
1 17
1 25
2 9
2 26
3 7
3 20
4 33
4 34
5 22
5 27
6 12
6 15
7 4
7 38
8 4
8 19
9 31
9 39
10 0
10 9
11 17
11 23
12 0
12 35
13 13
13 28
14 5
14 25
15 2
15 35
16 1
16 14
17 30
17 40
18 11
18 20
19 5
19 33
20 23
20 38
21 3
21 18
22 8
22 36
23 21
23 30
24 1
24 11
25 27
25 40
26 6
26 39
27 16
27 36
28 13
28 28
29 6
29 41
30 18
30 24
31 32
31 41
32 2
32 10
33 22
33 37
34 3
34 37
35 26
35 29
36 14
36 19
37 7
37 8
38 21
38 34
39 15
39 32
40 16
40 24
41 10
41 12

# solution 59
# n=42 sym=rot4 status=verified source=flammenkamp_cache/n42_rot4
# code=oCbBCOQFM0W6UEaKODM4V9D5eefVXNZ2cGP27EK38NY7IXcLRYdGP3d6I8A011aSWAbJSHL5RBZ9fJQFHTU4T
0 12
0 37
1 11
1 12
2 24
2 26
3 15
3 22
4 0
4 32
5 6
5 30
6 14
6 36
7 20
7 24
8 13
8 22
9 4
9 31
10 9
10 13
11 5
11 40
12 40
12 41
13 31
13 33
14 23
14 35
15 2
15 38
16 16
16 25
17 2
17 7
18 14
18 20
19 3
19 8
20 23
20 34
21 7
21 18
22 33
22 38
23 21
23 27
24 34
24 39
25 16
25 25
26 3
26 39
27 6
27 18
28 8
28 10
29 0
29 1
30 1
30 36
31 28
31 32
32 10
32 37
33 19
33 28
34 17
34 21
35 5
35 27
36 11
36 35
37 9
37 41
38 19
38 26
39 15
39 17
40 29
40 30
41 4
41 29

# solution 60
# n=42 sym=rot4 status=verified source=flammenkamp_cache/n42_rot4
# code=oNO6FBD9MGa4RAeJTGW8cCZQd7VLd5HBeXb0R0K3YDNIS7cLfEf481UOa2KAY2F6T3X9PCM1VEb5PJWSUQZHI
0 23
0 24
1 6
1 15
2 11
2 13
3 9
3 22
4 16
4 36
5 4
5 27
6 10
6 40
7 19
7 29
8 16
8 32
9 8
9 38
10 12
10 35
11 26
11 39
12 7
12 31
13 21
13 39
14 5
14 17
15 11
15 40
16 33
16 37
17 0
17 27
18 0
18 20
19 3
19 34
20 13
20 23
21 18
21 28
22 7
22 38
23 21
23 41
24 14
24 41
25 4
25 8
26 1
26 30
27 24
27 36
28 2
28 20
29 10
29 34
30 2
30 15
31 6
31 29
32 3
32 33
33 9
33 25
34 12
34 22
35 1
35 31
36 14
36 37
37 5
37 25
38 19
38 32
39 28
39 30
40 26
40 35
41 17
41 18

# solution 61
# n=42 sym=rot4 status=verified source=flammenkamp_cache/n42_rot4
# code=oGSHMPT8V7B5a8KMbZcFR3UAb2I0H9FRW2fSeKT17NZ6IYeCL1D0d9EQWOfNd4VBcEQ364JLX5aUYAXCGJODP
0 16
0 28
1 17
1 22
2 25
2 29
3 8
3 31
4 7
4 11
5 5
5 36
6 8
6 20
7 22
7 37
8 35
8 38
9 15
9 27
10 3
10 30
11 10
11 37
12 2
12 18
13 0
13 17
14 9
14 15
15 27
15 32
16 2
16 41
17 28
17 40
18 20
18 29
19 1
19 7
20 23
20 35
21 6
21 18
22 34
22 40
23 12
23 21
24 1
24 13
25 0
25 39
26 9
26 14
27 26
27 32
28 24
28 41
29 23
29 39
30 4
30 31
31 11
31 38
32 14
32 26
33 3
33 6
34 4
34 19
35 21
35 33
36 5
36 36
37 30
37 34
38 10
38 33
39 12
39 16
40 19
40 24
41 13
41 25

# solution 62
# n=42 sym=rot4 status=verified source=flammenkamp_cache/n42_rot4
# code=oOTQTIMEW5BFb9MEUAK3ZPX7b01DSYc1aAO0GKd26NX8IZd2LPfHV5e37DSef4Y8G6cLVBRJW4QUa9RJNCFCH
0 24
0 29
1 26
1 29
2 18
2 22
3 14
3 32
4 5
4 11
5 15
5 37
6 9
6 22
7 14
7 30
8 10
8 20
9 3
9 35
10 25
10 33
11 7
11 37
12 0
12 1
13 13
13 28
14 34
14 38
15 1
15 36
16 10
16 24
17 0
17 16
18 20
18 39
19 2
19 6
20 23
20 33
21 8
21 18
22 35
22 39
23 2
23 21
24 25
24 41
25 17
25 31
26 5
26 40
27 3
27 7
28 13
28 28
29 40
29 41
30 4
30 34
31 8
31 16
32 6
32 38
33 21
33 31
34 11
34 27
35 19
35 32
36 4
36 26
37 30
37 36
38 9
38 27
39 19
39 23
40 12
40 15
41 12
41 17

# solution 63
# n=42 sym=rot4 status=verified source=flammenkamp_cache/n42_rot4
# code=o9M8F9DNb3AHUMR7YGedfLb5QGSCd6HBeTXRa3K06ANIVZfLc5E8C1UOZ2TDPFa4K021P7YEJBOVc4ISWQXJW
0 9
0 22
1 8
1 15
2 9
2 13
3 23
3 37
4 3
4 10
5 17
5 30
6 22
6 27
7 7
7 34
8 16
8 40
9 39
9 41
10 21
10 37
11 5
11 26
12 16
12 28
13 12
13 39
14 6
14 17
15 11
15 40
16 29
16 33
17 27
17 36
18 3
18 20
19 0
19 6
20 10
20 23
21 18
21 31
22 35
22 41
23 21
23 38
24 5
24 14
25 8
25 12
26 1
26 30
27 24
27 35
28 2
28 29
29 13
29 25
30 15
30 36
31 4
31 20
32 0
32 2
33 1
33 25
34 7
34 34
35 14
35 19
36 11
36 24
37 31
37 38
38 4
38 18
39 28
39 32
40 26
40 33
41 19
41 32

# solution 64
# n=42 sym=rot4 status=verified source=flammenkamp_cache/n42_rot4
# code=oNU9ZEYMR6THM1b2AFOVe9Y0K4GDS3dPXFT8a0K35NUBIacLf5XCQ8G2cDSPbLf7W1AHQVd4eJOCZEJ7R6WBI
0 23
0 30
1 9
1 35
2 14
2 34
3 22
3 27
4 6
4 29
5 17
5 22
6 1
6 37
7 2
7 10
8 15
8 24
9 31
9 40
10 9
10 34
11 0
11 20
12 4
12 16
13 13
13 28
14 3
14 39
15 25
15 33
16 15
16 29
17 8
17 36
18 0
18 20
19 3
19 5
20 23
20 30
21 11
21 18
22 36
22 38
23 21
23 41
24 5
24 33
25 12
25 26
26 8
26 16
27 2
27 38
28 13
28 28
29 25
29 37
30 21
30 41
31 7
31 32
32 1
32 10
33 17
33 26
34 31
34 39
35 4
35 40
36 19
36 24
37 12
37 35
38 14
38 19
39 7
39 27
40 6
40 32
41 11
41 18

# solution 65
# n=42 sym=rot4 status=verified source=flammenkamp_cache/n42_rot4
# code=oUV6I7MCJPTQZ5eEdFLHV090O4cDSPY5X4EBWKe2c8NIX3d1L9URb8a7GDS3bHfWfAOKQ2R1a6FCGMTJYNZAB
0 30
0 31
1 6
1 18
2 7
2 22
3 12
3 19
4 25
4 29
5 26
5 35
6 5
6 40
7 14
7 39
8 15
8 21
9 17
9 31
10 0
10 9
11 0
11 24
12 4
12 38
13 13
13 28
14 25
14 34
15 5
15 33
16 4
16 14
17 11
17 32
18 20
18 40
19 2
19 38
20 8
20 23
21 18
21 33
22 3
22 39
23 1
23 21
24 9
24 30
25 27
25 37
26 8
26 36
27 7
27 16
28 13
28 28
29 3
29 37
30 17
30 41
31 32
31 41
32 10
32 24
33 20
33 26
34 2
34 27
35 1
35 36
36 6
36 15
37 12
37 16
38 22
38 29
39 19
39 34
40 23
40 35
41 10
41 11

# solution 66
# n=42 sym=rot4 status=verified source=flammenkamp_cache/n42_rot4
# code=oNVCWJQ8JAPEL6ZCSWc180bQSYe7BHa2B4OGR0Kcd5NIa23LfEPHbUd5OUY17DF4fXe39DT6ZKRGVMXFM9TAI
0 23
0 31
1 12
1 32
2 19
2 26
3 8
3 19
4 10
4 25
5 14
5 21
6 6
6 35
7 12
7 28
8 32
8 38
9 1
9 8
10 0
10 37
11 26
11 28
12 34
12 40
13 7
13 11
14 17
14 36
15 2
15 11
16 4
16 24
17 16
17 27
18 0
18 20
19 38
19 39
20 5
20 23
21 18
21 36
22 2
22 3
23 21
23 41
24 14
24 25
25 17
25 37
26 30
26 39
27 5
27 24
28 30
28 34
29 1
29 7
30 13
30 15
31 4
31 41
32 33
32 40
33 3
33 9
34 13
34 29
35 6
35 35
36 20
36 27
37 16
37 31
38 22
38 33
39 15
39 22
40 9
40 29
41 10
41 18

# solution 67
# n=42 sym=rot4 status=verified source=flammenkamp_cache/n42_rot4
# code=o9AGUJRJXAXTZ5KQT34Ifbf1E57FO2U7SOeDGKWcdNZ6I239LPS1HDYBdHQYaRe040NbcCFLa6C8V8MEMBPVW
0 9
0 10
1 16
1 30
2 19
2 27
3 19
3 33
4 10
4 33
5 29
5 35
6 5
6 20
7 26
7 29
8 3
8 4
9 18
9 41
10 37
10 41
11 1
11 14
12 5
12 7
13 15
13 24
14 2
14 30
15 7
15 28
16 24
16 40
17 13
17 16
18 20
18 32
19 38
19 39
20 23
20 35
21 6
21 18
22 2
22 3
23 9
23 21
24 25
24 28
25 1
25 17
26 13
26 34
27 11
27 39
28 17
28 26
29 34
29 36
30 27
30 40
31 0
31 4
32 0
32 23
33 37
33 38
34 12
34 15
35 21
35 36
36 6
36 12
37 8
37 31
38 8
38 22
39 14
39 22
40 11
40 25
41 31
41 32

# solution 68
# n=42 sym=rot4 status=verified source=flammenkamp_cache/n42_rot4
# code=oMOFUISMXAUDQ7CVZ3LHR7b14PZ2a9G5eCR0WKd038NIXcf2L9fET1aPW5d6Gbe4YEOKc6ATYFSBV8JDNBQHJ
0 22
0 24
1 15
1 30
2 18
2 28
3 22
3 33
4 10
4 30
5 13
5 26
6 7
6 12
7 31
7 35
8 3
8 21
9 17
9 27
10 7
10 37
11 1
11 4
12 25
12 35
13 2
13 36
14 9
14 16
15 5
15 40
16 12
16 27
17 0
17 32
18 20
18 39
19 0
19 3
20 8
20 23
21 18
21 33
22 38
22 41
23 2
23 21
24 9
24 41
25 14
25 29
26 1
26 36
27 25
27 32
28 5
28 39
29 6
29 16
30 37
30 40
31 4
31 34
32 14
32 24
33 20
33 38
34 6
34 10
35 29
35 34
36 15
36 28
37 11
37 31
38 8
38 19
39 13
39 23
40 11
40 26
41 17
41 19

# solution 69
# n=42 sym=rot4 status=verified source=flammenkamp_cache/n42_rot4
# code=oGVJXFOMYCa4RBH3F1LTU0G9Z9bEN5SYdVf2ZDK3e8NIX1cLS6d0A27DaIR4W6WPfBCKeQcOUEb5T7JHQ8MAP
0 16
0 31
1 19
1 33
2 15
2 24
3 22
3 34
4 12
4 36
5 4
5 27
6 11
6 17
7 3
7 15
8 1
8 21
9 29
9 30
10 0
10 16
11 9
11 35
12 9
12 37
13 14
13 23
14 5
14 28
15 34
15 39
16 31
16 41
17 2
17 35
18 13
18 20
19 3
19 40
20 8
20 23
21 18
21 33
22 1
22 38
23 21
23 28
24 6
24 39
25 0
25 10
26 2
26 7
27 13
27 36
28 18
28 27
29 4
29 32
30 6
30 32
31 25
31 41
32 11
32 12
33 20
33 40
34 26
34 38
35 24
35 30
36 14
36 37
37 5
37 29
38 7
38 19
39 17
39 26
40 8
40 22
41 10
41 25

# solution 70
# n=42 sym=rot4 status=verified source=flammenkamp_cache/n42_rot4
# code=oFHJSAMAT695aPbFR9LXbcdGO3I1E7SYf6UBfKT2e8NIX1dCL0UBZ07DYReNcHP2348KWEQ4G5aWZCVJVDMOQ
0 15
0 17
1 19
1 28
2 10
2 22
3 10
3 29
4 6
4 9
5 5
5 36
6 25
6 37
7 15
7 27
8 9
8 21
9 33
9 37
10 38
10 39
11 16
11 24
12 3
12 18
13 1
13 14
14 7
14 28
15 34
15 41
16 6
16 30
17 11
17 41
18 20
18 29
19 2
19 40
20 8
20 23
21 18
21 33
22 1
22 39
23 12
23 21
24 0
24 30
25 11
25 35
26 0
26 7
27 13
27 34
28 27
28 40
29 23
29 38
30 17
30 25
31 2
31 3
32 4
32 8
33 20
33 32
34 14
34 26
35 4
35 16
36 5
36 36
37 32
37 35
38 12
38 31
39 19
39 31
40 13
40 22
41 24
41 26

# solution 71
# n=42 sym=rot4 status=verified source=flammenkamp_cache/n42_rot4
# code=oITGUDQHX59RbCIKR3QAbGW1D0ZUd5728VeKcZfJMOY7HJM063L1AXdYa2B6fSe9P4VFcELNT4EWa8OFSBPCN
0 18
0 29
1 16
1 30
2 13
2 26
3 17
3 33
4 5
4 9
5 27
5 37
6 12
6 18
7 20
7 27
8 3
8 26
9 10
9 37
10 16
10 32
11 1
11 13
12 0
12 35
13 30
13 39
14 5
14 7
15 2
15 8
16 31
16 40
17 20
17 38
18 35
18 41
19 19
19 22
20 24
20 34
21 7
21 17
22 19
22 22
23 0
23 6
24 3
24 21
25 1
25 10
26 33
26 39
27 34
27 36
28 2
28 11
29 6
29 41
30 28
30 40
31 9
31 25
32 4
32 31
33 15
33 38
34 14
34 21
35 23
35 29
36 4
36 14
37 32
37 36
38 8
38 24
39 15
39 28
40 11
40 25
41 12
41 23

# solution 72
# n=42 sym=rot4 status=verified source=flammenkamp_cache/n42_rot4
# code=oLMMOCFQWACEHABEX7P3GZbSZbdBNYa3d8W1aDK010NIfefLS5e9X2c57IU246D46PcGY8RUVORTV9FQTHJJK
0 21
0 22
1 22
1 24
2 12
2 15
3 26
3 32
4 10
4 12
5 14
5 17
6 10
6 11
7 14
7 33
8 7
8 25
9 3
9 16
10 35
10 37
11 28
11 35
12 37
12 39
13 11
13 23
14 34
14 36
15 3
15 39
16 8
16 32
17 1
17 36
18 13
18 20
19 0
19 1
20 0
20 23
21 18
21 41
22 40
22 41
23 21
23 28
24 5
24 40
25 9
25 33
26 2
26 38
27 5
27 7
28 18
28 30
29 2
29 4
30 6
30 13
31 4
31 6
32 25
32 38
33 16
33 34
34 8
34 27
35 30
35 31
36 24
36 27
37 29
37 31
38 9
38 15
39 26
39 29
40 17
40 19
41 19
41 20

# solution 73
# n=42 sym=rot4 status=verified source=flammenkamp_cache/n42_rot4
# code=o8PCYIPBDDJTYLQ15VfQR8UAc5ebc9H6902LRJdNb6HOZ4I2MEKdfWZOW341a3VBXEF0AaeFK7CMSSUGN7TGX
0 8
0 25
1 12
1 34
2 18
2 25
3 11
3 13
4 13
4 19
5 29
5 34
6 21
6 26
7 1
7 5
8 31
8 41
9 26
9 27
10 8
10 30
11 10
11 38
12 5
12 40
13 37
13 38
14 9
14 17
15 6
15 9
16 0
16 2
17 21
17 27
18 19
18 39
19 23
19 37
20 6
20 17
21 24
21 35
22 4
22 18
23 2
23 22
24 14
24 20
25 39
25 41
26 32
26 35
27 24
27 32
28 3
28 4
29 1
29 36
30 3
30 31
31 11
31 33
32 14
32 15
33 0
33 10
34 36
34 40
35 15
35 20
36 7
36 12
37 22
37 28
38 28
38 30
39 16
39 23
40 7
40 29
41 16
41 33

# solution 74
# n=42 sym=rot4 status=verified source=flammenkamp_cache/n42_rot4
# code=oRXCGNV3cNSBFSY6W0K7F2MRaPe460BWaCeJK24AOOX8HHVbdLM1T59UfZb1G5EJdQYLf9Z7DQUDI3cAIPT8E
0 27
0 33
1 12
1 16
2 23
2 31
3 3
3 38
4 23
4 28
5 11
5 15
6 28
6 34
7 6
7 32
8 0
8 20
9 7
9 15
10 2
10 22
11 27
11 36
12 25
12 40
13 4
13 6
14 0
14 11
15 32
15 36
16 12
16 40
17 19
17 20
18 2
18 4
19 10
19 24
20 24
20 33
21 8
21 17
22 17
22 31
23 37
23 39
24 21
24 22
25 1
25 29
26 5
26 9
27 30
27 41
28 35
28 37
29 1
29 16
30 5
30 14
31 19
31 39
32 26
32 34
33 21
33 41
34 9
34 35
35 7
35 13
36 26
36 30
37 13
37 18
38 3
38 38
39 10
39 18
40 25
40 29
41 8
41 14

# solution 75
# n=42 sym=rot4 status=verified source=flammenkamp_cache/n42_rot4
# code=oQR8NELSW5AGbNSAFCe3JYbPTBX360d0YBaJK16OW2OHd9HZeLM5U7f2fZc8UCG47Mc1TQVDI4PVa9DKRIXEF
0 26
0 27
1 8
1 23
2 14
2 21
3 28
3 32
4 5
4 10
5 16
5 37
6 23
6 28
7 10
7 15
8 12
8 40
9 3
9 19
10 34
10 37
11 25
11 29
12 11
12 33
13 3
13 6
14 0
14 39
15 0
15 34
16 11
16 36
17 19
17 20
18 1
18 6
19 24
19 32
20 2
20 24
21 17
21 39
22 9
22 17
23 35
23 40
24 21
24 22
25 5
25 30
26 7
26 41
27 2
27 41
28 35
28 38
29 8
29 30
30 12
30 16
31 4
31 7
32 22
32 38
33 1
33 29
34 26
34 31
35 13
35 18
36 4
36 25
37 31
37 36
38 9
38 13
39 20
39 27
40 18
40 33
41 14
41 15

# solution 76
# n=42 sym=rot4 status=verified source=flammenkamp_cache/n42_rot4
# code=oHPLQ9S6aBE3Z5cJNASFdNXTbBG28Mb1W0TKf7AEY1OHe7RVY0LCf9e4JXdPU4C8I2QDVIM3a6cRU5ZDWFKGO
0 17
0 25
1 21
1 26
2 9
2 28
3 6
3 36
4 11
4 14
5 3
5 35
6 5
6 38
7 19
7 23
8 10
8 28
9 15
9 39
10 23
10 33
11 29
11 37
12 11
12 16
13 2
13 8
14 22
14 37
15 1
15 32
16 0
16 29
17 20
17 41
18 7
18 10
19 14
19 34
20 1
20 24
21 17
21 40
22 7
22 27
23 31
23 34
24 0
24 21
25 12
25 41
26 9
26 40
27 4
27 19
28 33
28 39
29 25
29 30
30 4
30 12
31 8
31 18
32 2
32 26
33 13
33 31
34 18
34 22
35 3
35 36
36 6
36 38
37 27
37 30
38 5
38 35
39 13
39 32
40 15
40 20
41 16
41 24

# solution 77
# n=42 sym=rot4 status=verified source=flammenkamp_cache/n42_rot4
# code=oHPLQSW6aBE3Z5cJNAS2FNXTbBG28Mb1W0TKf7AEY1OHe7RVY0LCf9e4JXdPU4C8IQdDVIM3a6cRU5Z9DFKGO
0 17
0 25
1 21
1 26
2 28
2 32
3 6
3 36
4 11
4 14
5 3
5 35
6 5
6 38
7 19
7 23
8 10
8 28
9 2
9 15
10 23
10 33
11 29
11 37
12 11
12 16
13 2
13 8
14 22
14 37
15 1
15 32
16 0
16 29
17 20
17 41
18 7
18 10
19 14
19 34
20 1
20 24
21 17
21 40
22 7
22 27
23 31
23 34
24 0
24 21
25 12
25 41
26 9
26 40
27 4
27 19
28 33
28 39
29 25
29 30
30 4
30 12
31 8
31 18
32 26
32 39
33 13
33 31
34 18
34 22
35 3
35 36
36 6
36 38
37 27
37 30
38 5
38 35
39 9
39 13
40 15
40 20
41 16
41 24

# solution 78
# n=42 sym=rot4 status=verified source=flammenkamp_cache/n42_rot4
# code=oYZAFKNES9HMY0G059CXbGeNTBX3FMcSeVZKb2B5EOd2HRaUd4L6A1D3JQc8UCI1P48TWafPf7JOWDRILQV67
0 34
0 35
1 10
1 15
2 20
2 23
3 14
3 28
4 9
4 17
5 22
5 34
6 0
6 16
7 0
7 5
8 9
8 12
9 33
9 37
10 16
10 40
11 23
11 29
12 11
12 33
13 3
13 15
14 22
14 38
15 28
15 40
16 31
16 35
17 20
17 37
18 2
18 11
19 5
19 14
20 24
20 39
21 2
21 17
22 27
22 36
23 30
23 39
24 4
24 21
25 6
25 10
26 1
26 13
27 3
27 19
28 26
28 38
29 8
29 30
30 12
30 18
31 1
31 25
32 4
32 8
33 29
33 32
34 36
34 41
35 25
35 41
36 7
36 19
37 24
37 32
38 13
38 27
39 18
39 21
40 26
40 31
41 6
41 7

# solution 79
# n=42 sym=rot4 status=verified source=flammenkamp_cache/n42_rot4
# code=oEINP2dDKVWCYGW5X7V4648FJOaJcFfRU1ZCK1fSUOc3HBD0eLT6eBE0Q3M5HMQXbZbAY8a9P7T9ALS2dGINR
0 14
0 18
1 23
1 25
2 2
2 39
3 13
3 20
4 31
4 32
5 12
5 34
6 16
6 32
7 5
7 33
8 7
8 31
9 4
9 6
10 4
10 8
11 15
11 19
12 24
12 36
13 19
13 38
14 15
14 41
15 27
15 30
16 1
16 35
17 12
17 20
18 1
18 41
19 28
19 30
20 24
20 38
21 3
21 17
22 11
22 13
23 0
23 40
24 21
24 29
25 6
25 40
26 11
26 14
27 0
27 26
28 3
28 22
29 5
29 17
30 22
30 26
31 33
31 37
32 35
32 37
33 10
33 34
34 8
34 36
35 9
35 25
36 7
36 29
37 9
37 10
38 21
38 28
39 2
39 39
40 16
40 18
41 23
41 27

# solution 80
# n=42 sym=rot4 status=verified source=flammenkamp_cache/n42_rot4
# code=oEcIXIO0DCSPV7JGZ1VLU589FJb4cFfRU5Y2KdeTZ9OHW6C12Ld7aBE0Q3b4MQWXaBKAe6PMYAGDTSfHN8N3R
0 14
0 38
1 18
1 33
2 18
2 24
3 0
3 13
4 12
4 28
5 25
5 31
6 7
6 19
7 16
7 35
8 1
8 31
9 21
9 30
10 5
10 8
11 9
11 15
12 19
12 37
13 4
13 38
14 15
14 41
15 27
15 30
16 5
16 34
17 2
17 20
18 39
18 40
19 29
19 35
20 9
20 24
21 17
21 32
22 6
22 12
23 1
23 2
24 21
24 39
25 7
25 36
26 11
26 14
27 0
27 26
28 3
28 37
29 4
29 22
30 26
30 32
31 33
31 36
32 11
32 20
33 10
33 40
34 6
34 25
35 22
35 34
36 10
36 16
37 13
37 29
38 28
38 41
39 17
39 23
40 8
40 23
41 3
41 27

# solution 81
# n=42 sym=rot4 status=verified source=flammenkamp_cache/n42_rot4
# code=oRWNTIKGQ7MDG7UZbRW08AV6D1JUa083OacFK1d4TOd2HCb2eLQ35HcXf5BMeSZAVXf9E46BYPSJYFPLNCI9E
0 27
0 32
1 23
1 29
2 18
2 20
3 16
3 26
4 7
4 22
5 13
5 16
6 7
6 30
7 35
7 37
8 27
8 32
9 0
9 8
10 10
10 31
11 6
11 13
12 1
12 19
13 30
13 36
14 0
14 8
15 3
15 24
16 36
16 38
17 15
17 20
18 1
18 39
19 4
19 29
20 24
20 39
21 2
21 17
22 12
22 37
23 2
23 40
24 21
24 26
25 3
25 5
26 17
26 38
27 33
27 41
28 5
28 11
29 22
29 40
30 28
30 35
31 10
31 31
32 33
32 41
33 9
33 14
34 4
34 6
35 11
35 34
36 25
36 28
37 19
37 34
38 15
38 25
39 21
39 23
40 12
40 18
41 9
41 14

# solution 82
# n=42 sym=rot4 status=verified source=flammenkamp_cache/n42_rot4
# code=oWX8YNVELMN6AWa1S0e062aGSGM7BFcORTUFK244C3OHcTbbdLQBCEH3QUYJPDP5dZf1fDe59VZIJKRAI7X89
0 32
0 33
1 8
1 34
2 23
2 31
3 14
3 21
4 22
4 23
5 6
5 10
6 32
6 36
7 1
7 28
8 0
8 40
9 0
9 6
10 2
10 36
11 16
11 28
12 16
12 22
13 7
13 11
14 15
14 38
15 24
15 27
16 29
16 30
17 15
17 20
18 2
18 4
19 4
19 12
20 3
20 24
21 17
21 38
22 29
22 37
23 37
23 39
24 21
24 26
25 11
25 12
26 14
26 17
27 3
27 26
28 30
28 34
29 19
29 25
30 13
30 25
31 5
31 39
32 35
32 41
33 1
33 41
34 13
34 40
35 5
35 9
36 31
36 35
37 18
37 19
38 20
38 27
39 10
39 18
40 7
40 33
41 8
41 9

# solution 83
# n=42 sym=rot4 status=verified source=flammenkamp_cache/n42_rot4
# code=oCD8FSW3cMNEOWY6CPe26BPJVYf2fNaKe8A5K4E4UOQFHBbRbLaVX1L5I0d07AMGUZd1GTZ79HRIJ3c9DQXST
0 12
0 13
1 8
1 15
2 28
2 32
3 3
3 38
4 22
4 23
5 14
5 24
6 32
6 34
7 6
7 12
8 25
8 40
9 2
9 6
10 11
10 25
11 19
11 31
12 34
12 41
13 2
13 41
14 23
14 36
15 20
15 40
16 8
16 10
17 5
17 20
18 4
18 14
19 4
19 30
20 24
20 26
21 15
21 17
22 11
22 37
23 27
23 37
24 21
24 36
25 31
25 33
26 1
26 21
27 5
27 18
28 0
28 39
29 0
29 7
30 10
30 22
31 16
31 30
32 35
32 39
33 1
33 16
34 29
34 35
35 7
35 9
36 17
36 27
37 18
37 19
38 3
38 38
39 9
39 13
40 26
40 33
41 28
41 29

# solution 84
# n=42 sym=rot4 status=verified source=flammenkamp_cache/n42_rot4
# code=oDI9Q6KGXGS7UTdIa3W8eFM5J6E4fHT1VbcKRYfAUOd2HBV07EL34AeCO0bRZMaJQ1X9c5N2CBYDP8PLZFWNS
0 13
0 18
1 9
1 26
2 6
2 20
3 16
3 33
4 16
4 28
5 7
5 30
6 29
6 39
7 18
7 36
8 3
8 32
9 8
9 40
10 15
10 22
11 5
11 19
12 6
12 14
13 4
13 41
14 17
14 29
15 1
15 31
16 37
16 38
17 20
17 27
18 34
18 41
19 10
19 30
20 24
20 39
21 2
21 17
22 11
22 31
23 0
23 7
24 14
24 21
25 3
25 4
26 10
26 40
27 12
27 24
28 0
28 37
29 27
29 35
30 22
30 36
31 19
31 26
32 1
32 33
33 9
33 38
34 5
34 23
35 2
35 12
36 11
36 34
37 13
37 25
38 8
38 25
39 21
39 35
40 15
40 32
41 23
41 28

# solution 85
# n=42 sym=rot4 status=verified source=flammenkamp_cache/n42_rot4
# code=oIQGOJYTU67FWGb2bDR5AMW3N3DTX8L0aZe1KBfAdEOHR2V0ULe165fKX8CScIc9JVaES4d4P9QYZBC7MHPFN
0 18
0 26
1 16
1 24
2 19
2 34
3 29
3 30
4 6
4 7
5 15
5 32
6 16
6 37
7 2
7 37
8 13
8 27
9 5
9 10
10 22
10 32
11 3
11 23
12 3
12 13
13 29
13 33
14 8
14 21
15 0
15 36
16 35
16 40
17 1
17 20
18 11
18 41
19 10
19 39
20 14
20 24
21 17
21 27
22 2
22 31
23 0
23 30
24 21
24 40
25 1
25 6
26 5
26 41
27 20
27 33
28 8
28 12
29 28
29 38
30 18
30 38
31 9
31 19
32 31
32 36
33 14
33 28
34 4
34 39
35 4
35 25
36 9
36 26
37 34
37 35
38 11
38 12
39 7
39 22
40 17
40 25
41 15
41 23

# solution 86
# n=42 sym=rot4 status=verified source=flammenkamp_cache/n42_rot4
# code=oKQCSCVJXDPUZ5Y6B3RJR2I5Yde1b890O4IFKPVWcOf0H39AGLQNbHfWX4e127aNdEMEcUZ7a6BGS8MATDTFL
0 20
0 26
1 12
1 28
2 12
2 31
3 19
3 33
4 13
4 25
5 30
5 35
6 5
6 34
7 6
7 11
8 3
8 27
9 19
9 27
10 2
10 18
11 5
11 34
12 39
12 40
13 1
13 37
14 8
14 9
15 0
15 24
16 4
16 18
17 15
17 20
18 25
18 31
19 32
19 38
20 24
20 41
21 0
21 17
22 3
22 9
23 10
23 16
24 21
24 26
25 23
25 37
26 17
26 41
27 32
27 33
28 4
28 40
29 1
29 2
30 7
30 36
31 23
31 39
32 14
32 22
33 14
33 38
34 30
34 35
35 7
35 36
36 6
36 11
37 16
37 28
38 8
38 22
39 10
39 29
40 13
40 29
41 15
41 21

# solution 87
# n=42 sym=rot4 status=verified source=flammenkamp_cache/n42_rot4
# code=oKQAS8AJP6DOZ5bBEIdJRdeTYBQ1b9Y0C3I5KPXWcOf0H398GLaNcTf7W4eFU7C12EM2NRU4a6HSZGMVXDVFL
0 20
0 26
1 10
1 28
2 8
2 10
3 19
3 25
4 6
4 13
5 24
5 35
6 5
6 37
7 11
7 14
8 18
8 39
9 19
9 27
10 39
10 40
11 29
11 34
12 11
12 26
13 1
13 37
14 9
14 34
15 0
15 12
16 3
16 18
17 5
17 20
18 25
18 33
19 32
19 38
20 24
20 41
21 0
21 17
22 3
22 9
23 8
23 16
24 21
24 36
25 23
25 38
26 29
26 41
27 7
27 32
28 4
28 40
29 15
29 30
30 7
30 12
31 1
31 2
32 14
32 22
33 2
33 23
34 27
34 30
35 4
35 36
36 6
36 17
37 28
37 35
38 16
38 22
39 31
39 33
40 13
40 31
41 15
41 21

# solution 88
# n=42 sym=rot4 status=verified source=flammenkamp_cache/n42_rot4
# code=o8C9KPX5GSUVcDTIJ2fMe5U4A6f4ZHNFQ2cKREY9YOe1H7W7REL3dFQIO6b0ZVbBa1J0dMNCS3ABDPa8GLWTX
0 8
0 12
1 9
1 20
2 25
2 33
3 5
3 16
4 28
4 30
5 31
5 38
6 13
6 29
7 18
7 19
8 2
8 41
9 22
9 40
10 5
10 30
11 4
11 10
12 6
12 41
13 4
13 35
14 17
14 23
15 15
15 26
16 2
16 38
17 20
17 27
18 14
18 34
19 9
19 34
20 24
20 40
21 1
21 17
22 7
22 32
23 7
23 27
24 14
24 21
25 3
25 39
26 15
26 26
27 18
27 24
28 6
28 37
29 0
29 35
30 31
30 37
31 11
31 36
32 1
32 19
33 0
33 39
34 22
34 23
35 12
35 28
36 3
36 10
37 11
37 13
38 25
38 36
39 8
39 16
40 21
40 32
41 29
41 33

# solution 89
# n=42 sym=rot4 status=verified source=flammenkamp_cache/n42_rot4
# code=oJNDTKN9T8FVZ5UERAbMc5X6O13Ge7YGbQSBK029fOd2H0WdfLUDF4P7Y1PceHZ8a3J4VERBa6AQXCWILCSIM
0 19
0 23
1 13
1 29
2 20
2 23
3 9
3 29
4 8
4 15
5 31
5 35
6 5
6 30
7 14
7 27
8 10
8 37
9 22
9 38
10 5
10 33
11 6
11 24
12 1
12 3
13 16
13 40
14 7
14 34
15 16
15 37
16 26
16 28
17 11
17 20
18 0
18 2
19 9
19 41
20 24
20 39
21 2
21 17
22 0
22 32
23 39
23 41
24 21
24 30
25 13
25 15
26 4
26 25
27 7
27 34
28 1
28 25
29 38
29 40
30 17
30 35
31 8
31 36
32 3
32 19
33 4
33 31
34 14
34 27
35 11
35 36
36 6
36 10
37 26
37 33
38 12
38 32
39 18
39 21
40 12
40 28
41 18
41 22

# solution 90
# n=42 sym=rot4 status=verified source=flammenkamp_cache/n42_rot4
# code=oALPX2dMUACIO9FTW1J7Zbf3Q7bEIPSBZ1E5KSa3X0OHf8c5DLaRe6UDGNR4YFc046YMe9CQWHNTVBJ2d8GKV
0 10
0 21
1 25
1 33
2 2
2 39
3 22
3 30
4 10
4 12
5 18
5 24
6 9
6 15
7 29
7 32
8 1
8 19
9 7
9 35
10 37
10 41
11 3
11 26
12 7
12 37
13 14
13 18
14 25
14 28
15 11
15 35
16 1
16 14
17 5
17 20
18 28
18 36
19 3
19 33
20 0
20 24
21 17
21 41
22 8
22 38
23 5
23 13
24 21
24 36
25 27
25 40
26 6
26 30
27 13
27 16
28 23
28 27
29 4
29 34
30 15
30 38
31 0
31 4
32 6
32 34
33 22
33 40
34 9
34 12
35 26
35 32
36 17
36 23
37 29
37 31
38 11
38 19
39 2
39 39
40 8
40 16
41 20
41 31

# solution 91
# n=42 sym=rot4 status=verified source=flammenkamp_cache/n42_rot4
# code=oAPCEKU8WJT7O9FSaJc3ZIf2N4e7ESeGZ0Q5KBVXbOd2H48AULaFf6P1DRY1bId0N6c3M5DQWHYCM9XBLRTGV
0 10
0 25
1 12
1 14
2 20
2 30
3 8
3 32
4 19
4 29
5 7
5 24
6 9
6 15
7 28
7 36
8 19
8 38
9 3
9 35
10 18
10 41
11 2
11 23
12 4
12 40
13 7
13 14
14 28
14 40
15 16
15 35
16 0
16 26
17 5
17 20
18 11
18 31
19 33
19 37
20 24
20 39
21 2
21 17
22 4
22 8
23 10
23 30
24 21
24 36
25 15
25 41
26 6
26 25
27 1
27 13
28 27
28 34
29 1
29 37
30 18
30 39
31 0
31 23
32 6
32 38
33 3
33 22
34 5
34 13
35 26
35 32
36 17
36 34
37 12
37 22
38 9
38 33
39 11
39 21
40 27
40 29
41 16
41 31

# solution 92
# n=42 sym=rot4 status=verified source=flammenkamp_cache/n42_rot4
# code=oLRDPOUJS5BCbQWNTAJ6RIX2b7a3e096G1Q2K7VXc0OHf38AYLdFePZWf1c5Y4d8NEZMVCI9F4TUaDMBHGSEK
0 21
0 27
1 13
1 25
2 24
2 30
3 19
3 28
4 5
4 11
5 12
5 37
6 26
6 32
7 23
7 29
8 10
8 19
9 6
9 27
10 18
10 33
11 2
11 37
12 7
12 36
13 3
13 40
14 0
14 9
15 6
15 16
16 1
16 26
17 2
17 20
18 7
18 31
19 33
19 38
20 0
20 24
21 17
21 41
22 3
22 8
23 10
23 34
24 21
24 39
25 15
25 40
26 25
26 35
27 32
27 41
28 1
28 38
29 5
29 34
30 4
30 39
31 8
31 23
32 14
32 35
33 22
33 31
34 12
34 18
35 9
35 15
36 4
36 29
37 30
37 36
38 13
38 22
39 11
39 17
40 16
40 28
41 14
41 20

# solution 93
# n=42 sym=rot4 status=verified source=flammenkamp_cache/n42_rot4
# code=oQaAQIKJWDR08ADJTWa38ZeHT7BZb4P01EIKUPdYcOd2H372GBLNRefGb46UYCO16Xc59CMSVXfES9MLNFV5F
0 26
0 36
1 10
1 26
2 18
2 20
3 19
3 32
4 13
4 27
5 0
5 8
6 10
6 13
7 19
7 29
8 32
8 36
9 3
9 8
10 35
10 40
11 17
11 29
12 7
12 11
13 35
13 37
14 4
14 25
15 0
15 1
16 14
16 18
17 20
17 30
18 25
18 39
19 34
19 38
20 24
20 39
21 2
21 17
22 3
22 7
23 2
23 16
24 11
24 21
25 23
25 27
26 40
26 41
27 16
27 37
28 4
28 6
29 30
29 34
30 12
30 24
31 1
31 6
32 33
32 38
33 5
33 9
34 12
34 22
35 28
35 31
36 33
36 41
37 14
37 28
38 9
38 22
39 21
39 23
40 15
40 31
41 5
41 15

# solution 94
# n=42 sym=rot4 status=verified source=flammenkamp_cache/n42_rot4
# code=oNVEHKMCSGN8BUY6MCaFV096aXc3FPeSWEbKe0427Od2HYdbf1L4R9D1GQc385ZWfAQ5TJZ7BUXIPDTJLORAI
0 23
0 31
1 14
1 17
2 20
2 22
3 12
3 28
4 16
4 23
5 8
5 11
6 30
6 34
7 6
7 22
8 12
8 36
9 15
9 31
10 0
10 9
11 6
11 36
12 33
12 38
13 3
13 15
14 25
14 40
15 28
15 32
16 14
16 37
17 20
17 40
18 0
18 4
19 2
19 7
20 24
20 39
21 2
21 17
22 34
22 39
23 37
23 41
24 1
24 21
25 4
25 27
26 9
26 13
27 1
27 16
28 26
28 38
29 3
29 8
30 5
30 35
31 32
31 41
32 10
32 26
33 5
33 29
34 19
34 35
35 7
35 11
36 30
36 33
37 18
37 25
38 13
38 29
39 19
39 21
40 24
40 27
41 10
41 18

# solution 95
# n=42 sym=rot4 status=verified source=flammenkamp_cache/n42_rot4
# code=o7ECJ4PBQ9dRVIJDf9OXb5LDcGeUY5f3N2T8KFZZeAOHV166QLXCdIc0a7B1P3SKa48HW0SMNAE2WFUGbMTRY
0 7
0 14
1 12
1 19
2 4
2 25
3 11
3 26
4 9
4 39
5 27
5 31
6 18
6 19
7 13
7 41
8 9
8 24
9 33
9 37
10 5
10 21
11 13
11 38
12 16
12 40
13 30
13 34
14 5
14 41
15 3
15 23
16 2
16 29
17 8
17 20
18 15
18 35
19 35
19 40
20 10
20 24
21 17
21 31
22 1
22 6
23 6
23 26
24 21
24 33
25 12
25 39
26 18
26 38
27 0
27 36
28 7
28 11
29 1
29 25
30 3
30 28
31 20
31 36
32 4
32 8
33 17
33 32
34 0
34 28
35 22
35 23
36 10
36 14
37 2
37 32
38 15
38 30
39 16
39 37
40 22
40 29
41 27
41 34

# solution 96
# n=42 sym=rot4 status=verified source=flammenkamp_cache/n42_rot4
# code=oBI8QMVCVPZEO4M9BPeRY23YfIcDS9a1L485KTf26FOHQZd0CLaXbKe5WDS3N07cd7E1GUWJbHR6GATAJFXNU
0 11
0 18
1 8
1 26
2 22
2 31
3 12
3 31
4 25
4 35
5 14
5 24
6 4
6 22
7 9
7 11
8 25
8 40
9 27
9 34
10 2
10 3
11 34
11 41
12 18
12 38
13 13
13 28
14 9
14 36
15 1
15 21
16 4
16 8
17 5
17 20
18 29
18 41
19 2
19 6
20 15
20 24
21 17
21 26
22 35
22 39
23 0
23 12
24 21
24 36
25 33
25 37
26 20
26 40
27 5
27 32
28 13
28 28
29 3
29 23
30 0
30 7
31 38
31 39
32 7
32 14
33 1
33 16
34 30
34 32
35 19
35 37
36 17
36 27
37 6
37 16
38 10
38 29
39 10
39 19
40 15
40 33
41 23
41 30

# solution 97
# n=42 sym=rot4 status=verified source=flammenkamp_cache/n42_rot4
# code=oMNNT9UFXCOMU9GDE3LZdAV251bEYSYGcQZ4K01058OHXafefLb6F3P7D7R4eadAV26KcRSPWBJHT8QBWCIIJ
0 22
0 23
1 23
1 29
2 9
2 30
3 15
3 33
4 12
4 24
5 22
5 30
6 9
6 16
7 13
7 14
8 3
8 21
9 35
9 39
10 10
10 31
11 2
11 5
12 1
12 37
13 14
13 34
14 28
14 34
15 16
15 38
16 26
16 35
17 4
17 20
18 0
18 1
19 0
19 5
20 8
20 24
21 17
21 33
22 36
22 41
23 40
23 41
24 21
24 37
25 6
25 15
26 3
26 25
27 7
27 13
28 7
28 27
29 4
29 40
30 36
30 39
31 10
31 31
32 2
32 6
33 20
33 38
34 27
34 28
35 25
35 32
36 11
36 19
37 17
37 29
38 8
38 26
39 11
39 32
40 12
40 18
41 18
41 19

# solution 98
# n=42 sym=rot4 status=verified source=flammenkamp_cache/n42_rot4
# code=oGUMP8CDRJUAZ5Y6QKdCIHa04WdFc3I7S1fKVRW1bOX8H4e9EAL0eDYNc3Q29bf5ONT2LFZ7a6VBMESTXGJBP
0 16
0 30
1 22
1 25
2 8
2 12
3 13
3 27
4 19
4 30
5 10
5 35
6 5
6 34
7 6
7 26
8 20
8 39
9 12
9 18
10 17
10 36
11 0
11 4
12 32
12 39
13 15
13 38
14 3
14 18
15 7
15 28
16 1
16 41
17 20
17 31
18 27
18 32
19 1
19 37
20 24
20 33
21 8
21 17
22 4
22 40
23 9
23 14
24 10
24 21
25 0
25 40
26 13
26 34
27 23
27 38
28 3
28 26
29 2
29 9
30 37
30 41
31 5
31 24
32 23
32 29
33 2
33 21
34 15
34 35
35 7
35 36
36 6
36 31
37 11
37 22
38 14
38 28
39 29
39 33
40 16
40 19
41 11
41 25

# solution 99
# n=42 sym=rot4 status=verified source=flammenkamp_cache/n42_rot4
# code=oGJPXFSAaMR37IY6a1BILQcHXCT2E4SAd1fKUWZ4f9OHW0b69BL0e2VDbRdCT8O3FKNUe5Z7NYcEJ5VDQ8GMP
0 16
0 19
1 25
1 33
2 15
2 28
3 10
3 36
4 22
4 27
5 3
5 7
6 18
6 34
7 6
7 36
8 1
8 11
9 18
9 21
10 26
10 38
11 17
11 33
12 12
12 29
13 2
13 14
14 4
14 28
15 10
15 39
16 1
16 41
17 20
17 30
18 32
18 35
19 4
19 41
20 9
20 24
21 17
21 32
22 0
22 37
23 6
23 9
24 11
24 21
25 0
25 40
26 2
26 31
27 13
27 37
28 27
28 39
29 12
29 29
30 8
30 24
31 3
31 15
32 20
32 23
33 30
33 40
34 5
34 35
35 7
35 23
36 34
36 38
37 14
37 19
38 5
38 31
39 13
39 26
40 8
40 16
41 22
41 25

# solution 100
# n=42 sym=rot4 status=verified source=flammenkamp_cache/n42_rot4
# code=oMPEHFTBYIM6QDa3EDVIK8PTc2BXZYe5d0AKeWb04OW9Hbf491LVf2a1768Ud3CGXLNASRc5SFZJN7UCQORGJ
0 22
0 25
1 14
1 17
2 15
2 29
3 11
3 34
4 18
4 22
5 6
5 26
6 13
6 36
7 3
7 14
8 13
8 31
9 18
9 20
10 8
10 25
11 29
11 38
12 2
12 11
13 33
13 35
14 34
14 40
15 5
15 39
16 0
16 10
17 20
17 40
18 32
18 37
19 0
19 4
20 24
20 32
21 9
21 17
22 37
22 41
23 4
23 9
24 1
24 21
25 31
25 41
26 2
26 36
27 1
27 7
28 6
28 8
29 30
29 39
30 3
30 12
31 16
31 33
32 21
32 23
33 10
33 28
34 27
34 38
35 5
35 28
36 15
36 35
37 19
37 23
38 7
38 30
39 12
39 26
40 24
40 27
41 16
41 19

# solution 101
# n=42 sym=rot4 status=verified source=flammenkamp_cache/n42_rot4
# code=oMNET8AJXOWQYIL5S3d4V9dQT1B7GPe5BES4K0Z0c6OHZ3f6fLbDRUa1GPYUeCF2WAb2cDaKN7F9H8MVXCRIJ
0 22
0 23
1 14
1 29
2 8
2 10
3 19
3 33
4 24
4 32
5 26
5 34
6 18
6 21
7 5
7 28
8 3
8 39
9 4
9 31
10 9
10 39
11 26
11 29
12 1
12 11
13 7
13 16
14 25
14 40
15 5
15 11
16 14
16 28
17 4
17 20
18 0
18 35
19 0
19 38
20 6
20 24
21 17
21 35
22 3
22 41
23 6
23 41
24 21
24 37
25 13
25 27
26 30
26 36
27 1
27 16
28 25
28 34
29 30
29 40
30 12
30 15
31 2
31 32
32 10
32 37
33 2
33 38
34 13
34 36
35 20
35 23
36 7
36 15
37 9
37 17
38 8
38 22
39 31
39 33
40 12
40 27
41 18
41 19

# solution 102
# n=42 sym=rot4 status=verified source=flammenkamp_cache/n42_rot4
# code=oFJBOJVFK7T9V8GPbSZNa25Ie4E8ESTcf7Z1K9UdfOc3H02BWLe6Y03CDRXRb1Nad5I6D4GPXAWCYLQAMHUMQ
0 15
0 19
1 11
1 24
2 19
2 31
3 15
3 20
4 7
4 29
5 9
5 31
6 8
6 16
7 25
7 37
8 28
8 35
9 23
9 36
10 2
10 5
11 18
11 40
12 4
12 14
13 8
13 14
14 28
14 29
15 38
15 41
16 7
16 35
17 1
17 20
18 9
18 30
19 39
19 41
20 24
20 38
21 3
21 17
22 0
22 2
23 11
23 32
24 21
24 40
25 6
25 34
26 0
26 3
27 12
27 13
28 27
28 33
29 27
29 37
30 1
30 23
31 36
31 39
32 5
32 18
33 6
33 13
34 4
34 16
35 25
35 33
36 10
36 32
37 12
37 34
38 21
38 26
39 10
39 22
40 17
40 30
41 22
41 26

# solution 103
# n=42 sym=rot4 status=verified source=flammenkamp_cache/n42_rot4
# code=oJSJP8EBLFU6WTaEI9d5XNT4c6A0PYdOb1DFKAYef3OHc017VLQSe4H27GfVZ3bCI8a2WNR5C9ZBQKURXGMDM
0 19
0 28
1 19
1 25
2 8
2 14
3 11
3 21
4 15
4 30
5 6
5 32
6 29
6 36
7 14
7 18
8 9
8 39
9 5
9 33
10 23
10 29
11 4
11 38
12 6
12 10
13 0
13 25
14 34
14 39
15 24
15 37
16 1
16 13
17 15
17 20
18 10
18 34
19 40
19 41
20 3
20 24
21 17
21 38
22 0
22 1
23 7
23 31
24 21
24 26
25 28
25 40
26 4
26 17
27 2
27 7
28 16
28 41
29 31
29 35
30 3
30 37
31 12
31 18
32 8
32 36
33 2
33 32
34 23
34 27
35 5
35 12
36 9
36 35
37 11
37 26
38 20
38 30
39 27
39 33
40 16
40 22
41 13
41 22

# solution 104
# n=42 sym=rot4 status=verified source=flammenkamp_cache/n42_rot4
# code=oMRGMRSFULOBV6ZGTAW8N5X3a7D2T02NcYe4K9F014OHbefQWLb173IdfCdSY5c8aIX9VCP6ZAUHKBQDEJPEJ
0 22
0 27
1 16
1 22
2 27
2 28
3 15
3 30
4 21
4 24
5 11
5 31
6 6
6 35
7 16
7 29
8 10
8 32
9 8
9 23
10 5
10 33
11 3
11 36
12 7
12 13
13 2
13 29
14 0
14 2
15 23
15 38
16 34
16 40
17 4
17 20
18 9
18 15
19 0
19 1
20 4
20 24
21 17
21 37
22 40
22 41
23 26
23 32
24 21
24 37
25 1
25 7
26 3
26 18
27 39
27 41
28 12
28 39
29 28
29 34
30 5
30 38
31 8
31 36
32 18
32 33
33 9
33 31
34 12
34 25
35 6
35 35
36 10
36 30
37 17
37 20
38 11
38 26
39 13
39 14
40 19
40 25
41 14
41 19

# solution 105
# n=42 sym=rot4 status=verified source=flammenkamp_cache/n42_rot4
# code=oJSBMNbRT2D9BOY6CPVGa8Nae3Y0b3FKR8W6K2A1fOQFH0eVdLZ9XELQc4f7c15IX5PAGTZ7HUWSdCE4IJUDM
0 19
0 28
1 11
1 22
2 23
2 37
3 27
3 29
4 2
4 13
5 9
5 11
6 24
6 34
7 6
7 12
8 25
8 31
9 16
9 36
10 8
10 23
11 36
11 40
12 3
12 34
13 0
13 37
14 3
14 15
15 20
15 27
16 8
16 32
17 6
17 20
18 2
18 10
19 1
19 41
20 24
20 26
21 15
21 17
22 0
22 40
23 31
23 39
24 21
24 35
25 9
25 33
26 14
26 21
27 26
27 38
28 4
28 41
29 7
29 38
30 1
30 5
31 18
31 33
32 5
32 25
33 10
33 16
34 29
34 35
35 7
35 17
36 30
36 32
37 28
37 39
38 12
38 14
39 4
39 18
40 19
40 30
41 13
41 22

# solution 106
# n=42 sym=rot4 status=verified source=flammenkamp_cache/n42_rot4
# code=oIWBCQWHSFL5a8IASRZ02MYRePe378B2bCLJcZfAO4GPbHV063MKT4dUXYc1G1E7Jdf6EDVNX5aKQDO9FTU9N
0 18
0 32
1 11
1 12
2 26
2 32
3 17
3 28
4 15
4 21
5 5
5 36
6 8
6 18
7 10
7 28
8 27
8 35
9 0
9 2
10 22
10 34
11 27
11 40
12 25
12 40
13 3
13 7
14 8
14 11
15 2
15 37
16 12
16 21
17 19
17 38
18 35
18 41
19 10
19 24
20 4
20 16
21 25
21 37
22 17
22 31
23 0
23 6
24 3
24 22
25 20
25 29
26 4
26 39
27 30
27 33
28 34
28 38
29 1
29 16
30 1
30 14
31 7
31 19
32 39
32 41
33 6
33 14
34 13
34 31
35 23
35 33
36 5
36 36
37 20
37 26
38 13
38 24
39 9
39 15
40 29
40 30
41 9
41 23

# solution 107
# n=42 sym=rot4 status=verified source=flammenkamp_cache/n42_rot4
# code=oEFAJQRCSAX6YMa5H4PBTbeIW9c3L2f2f8LIYOU6eDGPS1ZBH7NKX0d0dKc3W9N14CUGbOa5J7Z8VDTEFMVQR
0 14
0 15
1 10
1 19
2 26
2 27
3 12
3 28
4 10
4 33
5 6
5 34
6 22
6 36
7 5
7 17
8 4
8 25
9 11
9 29
10 37
10 40
11 18
11 32
12 9
12 38
13 3
13 21
14 2
14 41
15 2
15 41
16 8
16 21
17 18
17 34
18 24
18 30
19 6
19 40
20 13
20 16
21 25
21 28
22 1
22 35
23 11
23 17
24 7
24 23
25 20
25 33
26 0
26 39
27 0
27 39
28 20
28 38
29 3
29 32
30 9
30 23
31 1
31 4
32 12
32 30
33 16
33 37
34 24
34 36
35 5
35 19
36 7
36 35
37 8
37 31
38 13
38 29
39 14
39 15
40 22
40 31
41 26
41 27

# solution 108
# n=42 sym=rot4 status=verified source=flammenkamp_cache/n42_rot4
# code=o3NQUFMSf9BCK8Y6SRZHbCM1bVa378I1dHKPW0R2APa5GVdEf9GLO2eNXYc5A4eJT4O6EDZ7XLTUW0DJQBFIc
0 3
0 23
1 26
1 30
2 15
2 22
3 28
3 41
4 9
4 11
5 12
5 20
6 8
6 34
7 6
7 28
8 27
8 35
9 17
9 37
10 12
10 22
11 1
11 37
12 31
12 36
13 3
13 7
14 8
14 18
15 1
15 39
16 17
16 20
17 25
17 32
18 0
18 27
19 2
19 10
20 25
20 36
21 5
21 16
22 31
22 39
23 14
23 41
24 9
24 16
25 21
25 24
26 2
26 40
27 23
27 33
28 34
28 38
29 5
29 10
30 4
30 40
31 19
31 29
32 4
32 24
33 6
33 14
34 13
34 35
35 7
35 33
36 21
36 29
37 30
37 32
38 0
38 13
39 19
39 26
40 11
40 15
41 18
41 38

# solution 109
# n=42 sym=rot4 status=verified source=flammenkamp_cache/n42_rot4
# code=oDPDZJLNVCJCQ1W8OEY6U3N9RabefBX5H0K7Q3Abd2PGd24VcFYLfOa8U0145EWIcBZ7RHX9eFTMTAIKM6SGS
0 13
0 25
1 13
1 35
2 19
2 21
3 23
3 31
4 12
4 19
5 12
5 26
6 1
6 32
7 8
7 24
8 14
8 34
9 6
9 30
10 3
10 23
11 9
11 27
12 36
12 37
13 40
13 41
14 11
14 33
15 5
15 17
16 0
16 20
17 7
17 26
18 3
18 10
19 37
19 39
20 2
20 25
21 16
21 39
22 2
22 4
23 31
23 38
24 15
24 34
25 21
25 41
26 24
26 36
27 8
27 30
28 0
28 1
29 4
29 5
30 14
30 32
31 18
31 38
32 11
32 35
33 7
33 27
34 17
34 33
35 9
35 40
36 15
36 29
37 22
37 29
38 10
38 18
39 20
39 22
40 6
40 28
41 16
41 28

# solution 110
# n=42 sym=rot4 status=verified source=flammenkamp_cache/n42_rot4
# code=oEJNPST3cEWIK7CVZFO4S7BJV2Z29bfOX1K8F1aUfPa5G0B5eQXLe8H04Wd6dAMUYDbHQ6ATYLN9R3cCDGIMR
0 14
0 19
1 23
1 25
2 28
2 29
3 3
3 38
4 14
4 32
5 18
5 20
6 7
6 12
7 31
7 35
8 15
8 24
9 4
9 28
10 7
10 11
11 19
11 31
12 2
12 35
13 2
13 9
14 37
14 41
15 24
15 33
16 1
16 20
17 8
17 15
18 1
18 36
19 30
19 41
20 25
20 36
21 5
21 16
22 0
22 11
23 5
23 40
24 26
24 33
25 21
25 40
26 8
26 17
27 0
27 4
28 32
28 39
29 6
29 39
30 10
30 22
31 30
31 34
32 13
32 37
33 17
33 26
34 6
34 10
35 29
35 34
36 21
36 23
37 9
37 27
38 3
38 38
39 12
39 13
40 16
40 18
41 22
41 27

# solution 111
# n=42 sym=rot4 status=verified source=flammenkamp_cache/n42_rot4
# code=oDGAK9JRb3R9J8TDIUZadOe8T6BYf34IOKfAFQYadPe1G257FQV0LHNbc07UZCX1H256BNSCXMWEc4EMWLVPS
0 13
0 16
1 10
1 20
2 9
2 19
3 27
3 37
4 3
4 27
5 9
5 19
6 8
6 29
7 13
7 18
8 30
8 35
9 36
9 39
10 24
10 40
11 8
11 29
12 6
12 11
13 34
13 41
14 3
14 4
15 18
15 24
16 20
16 41
17 10
17 15
18 26
18 34
19 36
19 39
20 25
20 40
21 1
21 16
22 2
22 5
23 7
23 15
24 26
24 31
25 0
25 21
26 17
26 23
27 37
27 38
28 0
28 7
29 30
29 35
30 12
30 33
31 1
31 17
32 2
32 5
33 6
33 11
34 23
34 28
35 12
35 33
36 22
36 32
37 14
37 38
38 4
38 14
39 22
39 32
40 21
40 31
41 25
41 28

# solution 112
# n=42 sym=rot4 status=verified source=flammenkamp_cache/n42_rot4
# code=oDTIJJVDRHRBW8WIVQZ5627Ga0Kcf348OKUFbYedePTCG12174QBLHXbc03Lf5PYdZa6FAN9X9UEOESAMMNCS
0 13
0 29
1 18
1 19
2 19
2 31
3 13
3 27
4 17
4 27
5 11
5 32
6 8
6 32
7 18
7 31
8 26
8 35
9 5
9 6
10 2
10 7
11 16
11 36
12 0
12 20
13 38
13 41
14 3
14 4
15 8
15 24
16 20
16 30
17 15
17 37
18 34
18 40
19 39
19 40
20 25
20 29
21 12
21 16
22 1
22 2
23 1
23 7
24 4
24 26
25 11
25 21
26 17
26 33
27 37
27 38
28 0
28 3
29 21
29 41
30 5
30 25
31 34
31 39
32 35
32 36
33 6
33 15
34 10
34 23
35 9
35 33
36 9
36 30
37 14
37 24
38 14
38 28
39 10
39 22
40 22
40 23
41 12
41 28

# solution 113
# n=42 sym=rot4 status=verified source=flammenkamp_cache/n42_rot4
# code=o5SGNTc2VNSBf9CLMHVUZ389a2Z04FHMRKeRX147F7PGYQYbe8E1LEJOQbf6d5WXc6BAOJKTW0UDIAd3CIPDa
0 5
0 28
1 16
1 23
2 29
2 38
3 2
3 31
4 23
4 28
5 11
5 41
6 9
6 12
7 21
7 22
8 17
8 31
9 30
9 35
10 3
10 8
11 9
11 36
12 2
12 35
13 0
13 4
14 15
14 17
15 22
15 27
16 20
16 40
17 27
17 33
18 1
18 4
19 7
19 15
20 7
20 25
21 16
21 34
22 26
22 34
23 37
23 40
24 8
24 14
25 1
25 21
26 14
26 19
27 24
27 26
28 37
28 41
29 6
29 39
30 5
30 32
31 33
31 38
32 6
32 11
33 10
33 24
34 19
34 20
35 29
35 32
36 0
36 30
37 13
37 18
38 10
38 39
39 3
39 12
40 18
40 25
41 13
41 36

# solution 114
# n=42 sym=rot4 status=verified source=flammenkamp_cache/n42_rot4
# code=o8MHV9FFVSa4UNY6LNfUd1359CT4HJPcdEKSe680R7PGYEfXZ1DLR23GMObCTWace2B0IKZ7IBb5DAQQWAOJX
0 8
0 22
1 17
1 31
2 9
2 15
3 15
3 31
4 28
4 36
5 4
5 30
6 23
6 34
7 6
7 21
8 23
8 41
9 30
9 39
10 1
10 3
11 5
11 9
12 12
12 29
13 4
13 17
14 19
14 25
15 38
15 39
16 14
16 20
17 28
17 40
18 6
18 8
19 0
19 27
20 7
20 25
21 16
21 34
22 14
22 41
23 33
23 35
24 1
24 13
25 21
25 27
26 2
26 3
27 16
27 22
28 24
28 37
29 12
29 29
30 32
30 36
31 38
31 40
32 2
32 11
33 0
33 18
34 20
34 35
35 7
35 18
36 11
36 37
37 5
37 13
38 10
38 26
39 26
39 32
40 10
40 24
41 19
41 33

# solution 115
# n=42 sym=rot4 status=verified source=flammenkamp_cache/n42_rot4
# code=oIQKTJXQU7V7JEPab2IAU4W391HEOSZ036KDTXfadPe1G2508CSLZcf6DHROeWc9bBVNd45GRMYAYBF8MCLFN
0 18
0 26
1 20
1 29
2 19
2 33
3 26
3 30
4 7
4 31
5 7
5 19
6 14
6 25
7 36
7 37
8 2
8 18
9 10
9 30
10 4
10 32
11 3
11 9
12 1
12 17
13 14
13 24
14 28
14 35
15 0
15 3
16 6
16 20
17 13
17 29
18 33
18 41
19 36
19 39
20 25
20 40
21 1
21 16
22 2
22 5
23 0
23 8
24 12
24 28
25 21
25 35
26 38
26 41
27 6
27 13
28 17
28 27
29 24
29 40
30 32
30 38
31 9
31 37
32 11
32 31
33 23
33 39
34 4
34 5
35 16
35 27
36 22
36 34
37 10
37 34
38 11
38 15
39 8
39 22
40 12
40 21
41 15
41 23

# solution 116
# n=42 sym=rot4 status=verified source=flammenkamp_cache/n42_rot4
# code=oNQKTJXBQVY7JPR4a2IAU4W9c1HEO6S036KDT0XadPe1G258fCSLZcfDZHROe3W9bBVNd5bEGMY7AFU8MCLFI
0 23
0 26
1 20
1 29
2 19
2 33
3 11
3 26
4 31
4 34
5 7
5 19
6 25
6 27
7 4
7 36
8 2
8 18
9 10
9 30
10 4
10 32
11 9
11 38
12 1
12 17
13 14
13 24
14 6
14 28
15 0
15 3
16 6
16 20
17 13
17 29
18 0
18 33
19 36
19 39
20 25
20 40
21 1
21 16
22 2
22 5
23 8
23 41
24 12
24 28
25 21
25 35
26 38
26 41
27 13
27 35
28 17
28 27
29 24
29 40
30 3
30 32
31 9
31 37
32 11
32 31
33 23
33 39
34 5
34 37
35 14
35 16
36 22
36 34
37 7
37 10
38 15
38 30
39 8
39 22
40 12
40 21
41 15
41 18

# solution 117
# n=42 sym=rot4 status=verified source=flammenkamp_cache/n42_rot4
# code=oNQKTJXQUVY7JPR4a2IAU4W391HEO6S036KDT0XadPe1G258fCSLZcfDZHROeWc9bBVNd5bEGMY7ABF8MCLFI
0 23
0 26
1 20
1 29
2 19
2 33
3 26
3 30
4 31
4 34
5 7
5 19
6 25
6 27
7 4
7 36
8 2
8 18
9 10
9 30
10 4
10 32
11 3
11 9
12 1
12 17
13 14
13 24
14 6
14 28
15 0
15 3
16 6
16 20
17 13
17 29
18 0
18 33
19 36
19 39
20 25
20 40
21 1
21 16
22 2
22 5
23 8
23 41
24 12
24 28
25 21
25 35
26 38
26 41
27 13
27 35
28 17
28 27
29 24
29 40
30 32
30 38
31 9
31 37
32 11
32 31
33 23
33 39
34 5
34 37
35 14
35 16
36 22
36 34
37 7
37 10
38 11
38 15
39 8
39 22
40 12
40 21
41 15
41 18

# solution 118
# n=42 sym=rot4 status=verified source=flammenkamp_cache/n42_rot4
# code=oELMQ8QTVBJBRXY6H6dTV39ab39GO5f12KSDYIN1b0PGf4eIN7SDLde0aHPWc45WcAC2ZOZ78EUMUACFXFJKR
0 14
0 21
1 22
1 26
2 8
2 26
3 29
3 31
4 11
4 19
5 11
5 27
6 33
6 34
7 6
7 17
8 6
8 39
9 29
9 31
10 3
10 9
11 36
11 37
12 3
12 9
13 16
13 24
14 5
14 41
15 1
15 2
16 20
16 28
17 13
17 34
18 18
18 23
19 1
19 37
20 0
20 25
21 16
21 41
22 4
22 40
23 18
23 23
24 7
24 28
25 13
25 21
26 39
26 40
27 0
27 36
28 17
28 25
29 32
29 38
30 4
30 5
31 32
31 38
32 10
32 12
33 2
33 35
34 24
34 35
35 7
35 8
36 14
36 30
37 22
37 30
38 10
38 12
39 15
39 33
40 15
40 19
41 20
41 27

# solution 119
# n=42 sym=rot4 status=verified source=flammenkamp_cache/n42_rot4
# code=oHXNaFU9SEY1L9Y460FZcCM2MHV3ESbXdKNTf1GAB5PGaUVPe0CIL284DRcAOJdJT36QfZb7WKe7RDWBQ5I8O
0 17
0 33
1 23
1 36
2 15
2 30
3 9
3 28
4 14
4 34
5 1
5 21
6 9
6 34
7 4
7 6
8 0
8 15
9 35
9 38
10 12
10 22
11 2
11 22
12 17
12 31
13 3
13 14
14 28
14 37
15 33
15 39
16 20
16 23
17 29
17 41
18 1
18 16
19 10
19 11
20 5
20 25
21 16
21 36
22 30
22 31
23 25
23 40
24 0
24 12
25 18
25 21
26 2
26 8
27 4
27 13
28 27
28 38
29 10
29 24
30 19
30 39
31 19
31 29
32 3
32 6
33 26
33 41
34 35
34 37
35 7
35 32
36 20
36 40
37 7
37 27
38 13
38 32
39 11
39 26
40 5
40 18
41 8
41 24

# solution 120
# n=42 sym=rot4 status=verified source=flammenkamp_cache/n42_rot4
# code=oUe0X8IDLAa4JGHQR1dCIJb0EHWQc7U7DKZTZWdVa3PGc5A296C6LSYBY3F9ORf4MNT2eEFOPMb5VKSNX8f1B
0 30
0 40
1 0
1 33
2 8
2 18
3 13
3 21
4 10
4 36
5 4
5 19
6 16
6 17
7 26
7 27
8 1
8 39
9 12
9 18
10 19
10 37
11 0
11 14
12 17
12 32
13 26
13 38
14 7
14 30
15 7
15 13
16 20
16 35
17 29
17 35
18 32
18 39
19 31
19 36
20 3
20 25
21 16
21 38
22 5
22 10
23 2
23 9
24 6
24 12
25 6
25 21
26 28
26 34
27 11
27 34
28 3
28 15
29 9
29 24
30 27
30 41
31 4
31 22
32 23
32 29
33 2
33 40
34 14
34 15
35 24
35 25
36 22
36 37
37 5
37 31
38 20
38 28
39 23
39 33
40 8
40 41
41 1
41 11

# solution 121
# n=42 sym=rot4 status=verified source=flammenkamp_cache/n42_rot4
# code=oNR1e9SAFHSMPAJ8FNYBdZcRWKO240BYc5KCb085ZPTCG6aXf4TLa37UfbdHL9E362U7IQXMVGJDOQVDW1eEI
0 23
0 27
1 1
1 40
2 9
2 28
3 10
3 15
4 17
4 28
5 22
5 25
6 10
6 19
7 8
7 15
8 23
8 34
9 11
9 39
10 35
10 38
11 27
11 32
12 20
12 24
13 2
13 4
14 0
14 11
15 34
15 38
16 5
16 20
17 12
17 37
18 0
18 8
19 5
19 35
20 25
20 29
21 12
21 16
22 6
22 36
23 33
23 41
24 4
24 29
25 21
25 36
26 3
26 7
27 30
27 41
28 37
28 39
29 17
29 21
30 9
30 14
31 3
31 6
32 2
32 30
33 7
33 18
34 26
34 33
35 22
35 31
36 16
36 19
37 13
37 24
38 26
38 31
39 13
39 32
40 1
40 40
41 14
41 18

# solution 122
# n=42 sym=rot4 status=verified source=flammenkamp_cache/n42_rot4
# code=o6ENQ5QLb3ENdDfAU8XGHMY7JOSCZbf12KWCW15AU3PGcBVae9T9Lde046TDHMY7JOP8XBV0S2IRc4KFaFIRZ
0 6
0 14
1 23
1 26
2 5
2 26
3 21
3 37
4 3
4 14
5 23
5 39
6 13
6 41
7 10
7 30
8 8
8 33
9 16
9 17
10 22
10 34
11 7
11 19
12 24
12 28
13 12
13 35
14 37
14 41
15 1
15 2
16 20
16 32
17 12
17 32
18 1
18 5
19 10
19 30
20 3
20 25
21 16
21 38
22 11
22 31
23 36
23 40
24 9
24 29
25 9
25 21
26 39
26 40
27 0
27 4
28 6
28 29
29 13
29 17
30 22
30 34
31 7
31 19
32 24
32 25
33 8
33 33
34 11
34 31
35 0
35 28
36 2
36 18
37 27
37 38
38 4
38 20
39 15
39 36
40 15
40 18
41 27
41 35

# solution 123
# n=42 sym=rot4 status=verified source=flammenkamp_cache/n42_rot4
# code=oJVDJBFCR6KFHVb8WPY7C06HdWcEe3Sad8KUaINefPb4G01IN5BLX25Dc1R392OZfTY7G9X4AOQLZETQUMSAM
0 19
0 31
1 13
1 19
2 11
2 15
3 12
3 27
4 6
4 20
5 15
5 17
6 31
6 37
7 8
7 32
8 25
8 34
9 7
9 12
10 0
10 6
11 17
11 39
12 32
12 38
13 14
13 40
14 3
14 28
15 36
15 39
16 8
16 20
17 30
17 36
18 18
18 23
19 40
19 41
20 25
20 37
21 4
21 16
22 0
22 1
23 18
23 23
24 5
24 11
25 21
25 33
26 2
26 5
27 13
27 38
28 1
28 27
29 3
29 9
30 2
30 24
31 35
31 41
32 29
32 34
33 7
33 16
34 9
34 33
35 4
35 10
36 24
36 26
37 21
37 35
38 14
38 29
39 26
39 30
40 22
40 28
41 10
41 22

# solution 124
# n=42 sym=rot4 status=verified source=flammenkamp_cache/n42_rot4
# code=oHQFKCYIMPRDEDX2969XYAVHJIdZa4a0e4KUfTc3UPe1GBc3C0BLb1f5b562NMOAV78WZWd8SRSEGJN7TLQFO
0 17
0 26
1 15
1 20
2 12
2 34
3 18
3 22
4 25
4 27
5 13
5 14
6 13
6 33
7 2
7 9
8 6
8 9
9 33
9 34
10 10
10 31
11 17
11 19
12 18
12 39
13 35
13 36
14 4
14 36
15 0
15 40
16 4
16 20
17 30
17 41
18 29
18 38
19 3
19 30
20 25
20 40
21 1
21 16
22 11
22 38
23 3
23 12
24 0
24 11
25 21
25 37
26 1
26 41
27 5
27 37
28 5
28 6
29 2
29 23
30 22
30 24
31 10
31 31
32 7
32 8
33 32
33 35
34 32
34 39
35 8
35 28
36 27
36 28
37 14
37 16
38 19
38 23
39 7
39 29
40 21
40 26
41 15
41 24

# solution 125
# n=42 sym=rot4 status=verified source=flammenkamp_cache/n42_rot4
# code=oJNNUFa9TPa24AUEO8XHcJZ163QLRDYCd4K7W01VfDPGS0Aef9YLb2T7SEKFcZe6M3O8XHRBVbd5GCW5QBIIM
0 19
0 23
1 23
1 30
2 15
2 36
3 9
3 29
4 25
4 36
5 2
5 4
6 10
6 30
7 14
7 24
8 8
8 33
9 17
9 38
10 19
10 35
11 1
11 6
12 3
12 26
13 21
13 27
14 13
14 34
15 12
15 39
16 4
16 20
17 7
17 32
18 0
18 1
19 31
19 41
20 13
20 25
21 16
21 28
22 0
22 10
23 40
23 41
24 9
24 34
25 21
25 37
26 2
26 29
27 7
27 28
28 14
28 20
29 15
29 38
30 35
30 40
31 6
31 22
32 3
32 24
33 8
33 33
34 17
34 27
35 11
35 31
36 37
36 39
37 5
37 16
38 12
38 32
39 5
39 26
40 11
40 18
41 18
41 22

# solution 126
# n=42 sym=rot4 status=verified source=flammenkamp_cache/n42_rot4
# code=oIUNPJaMV9H2YAC5LORBb3Z0WQZDS8FCR1K8b1f3d7PGY2c0e4XLeETQXDS6F9f6c4UEHKaTV7dOWAJ5MGIBN
0 18
0 30
1 23
1 25
2 19
2 36
3 22
3 31
4 9
4 17
5 2
5 34
6 10
6 12
7 5
7 21
8 24
8 27
9 11
9 37
10 3
10 35
11 0
11 32
12 26
12 35
13 13
13 28
14 8
14 15
15 12
15 27
16 1
16 20
17 8
17 37
18 1
18 41
19 3
19 39
20 7
20 25
21 16
21 34
22 2
22 38
23 0
23 40
24 4
24 33
25 21
25 40
26 14
26 29
27 26
27 33
28 13
28 28
29 6
29 15
30 9
30 41
31 6
31 38
32 4
32 30
33 14
33 17
34 20
34 36
35 29
35 31
36 7
36 39
37 24
37 32
38 10
38 19
39 5
39 22
40 16
40 18
41 11
41 23

# solution 127
# n=42 sym=rot4 status=verified source=flammenkamp_cache/n42_rot4
# code=oFM8B4OEMWdDTVY6WOe476ILe5IPaQcEfDK28TV03BPGUcfACXdLS0R3F5GNa1KNZYb1H9Z7ACS29JRHbUXJQ
0 15
0 22
1 8
1 11
2 4
2 24
3 14
3 22
4 32
4 39
5 13
5 29
6 31
6 34
7 6
7 32
8 24
8 40
9 4
9 7
10 6
10 18
11 21
11 40
12 5
12 18
13 25
13 36
14 26
14 38
15 14
15 41
16 13
16 20
17 2
17 8
18 29
18 31
19 0
19 3
20 11
20 25
21 16
21 30
22 38
22 41
23 10
23 12
24 33
24 39
25 21
25 28
26 0
26 27
27 3
27 15
28 5
28 16
29 23
29 36
30 1
30 20
31 23
31 35
32 34
32 37
33 1
33 17
34 9
34 35
35 7
35 10
36 12
36 28
37 2
37 9
38 19
38 27
39 17
39 37
40 30
40 33
41 19
41 26

# solution 128
# n=42 sym=rot4 status=verified source=flammenkamp_cache/n42_rot4
# code=oDRLU5E8OJVZd5JFOCcGV491SNXBf0dNYKW37CFZb1PGe46QTYc9L7I2f0U8IDeWbAP3THQMa26AMHXRaBKES
0 13
0 27
1 21
1 30
2 5
2 14
3 8
3 24
4 19
4 31
5 35
5 39
6 5
6 19
7 15
7 24
8 12
8 38
9 16
9 31
10 4
10 9
11 1
11 28
12 23
12 33
13 11
13 41
14 0
14 39
15 23
15 34
16 20
16 32
17 3
17 7
18 12
18 15
19 35
19 37
20 1
20 25
21 16
21 40
22 4
22 6
23 26
23 29
24 34
24 38
25 9
25 21
26 7
26 18
27 2
27 41
28 0
28 30
29 8
29 18
30 13
30 40
31 32
31 37
32 10
32 25
33 3
33 29
34 17
34 26
35 22
35 36
36 2
36 6
37 10
37 22
38 17
38 33
39 27
39 36
40 11
40 20
41 14
41 28

# solution 129
# n=42 sym=rot4 status=verified source=flammenkamp_cache/n42_rot4
# code=oAKAJFXCNRUHYHY562BPSef4XSc9C4JNd9KZa3FRePf0G1EQc56LW2IMbTW3D8b01DGUdZa7O7OBEIT8QMVLV
0 10
0 20
1 10
1 19
2 15
2 33
3 12
3 23
4 27
4 30
5 17
5 34
6 17
6 34
7 5
7 6
8 2
8 11
9 25
9 28
10 40
10 41
11 4
11 33
12 28
12 38
13 9
13 12
14 4
14 19
15 23
15 39
16 9
16 20
17 35
17 36
18 3
18 15
19 27
19 40
20 25
20 41
21 0
21 16
22 1
22 14
23 26
23 38
24 5
24 6
25 21
25 32
26 2
26 18
27 22
27 37
28 29
28 32
29 3
29 13
30 8
30 37
31 0
31 1
32 13
32 16
33 30
33 39
34 35
34 36
35 7
35 24
36 7
36 24
37 11
37 14
38 18
38 29
39 8
39 26
40 22
40 31
41 21
41 31

# solution 130
# n=42 sym=rot4 status=verified source=flammenkamp_cache/n42_rot4
# code=oOSAK8bQV26GTHbBDNdJN3eCY5U0YFJ3RKa0Z89RWPe1G9EWX6f5LEcMQ7fBa7T1cIM2ISU4OCPZdAF4XLVDH
0 24
0 28
1 10
1 20
2 8
2 37
3 26
3 31
4 2
4 6
5 16
5 29
6 17
6 37
7 11
7 13
8 23
8 39
9 19
9 23
10 3
10 40
11 12
11 34
12 5
12 30
13 0
13 34
14 15
14 19
15 3
15 27
16 20
16 36
17 0
17 35
18 8
18 9
19 27
19 32
20 25
20 40
21 1
21 16
22 9
22 14
23 32
23 33
24 6
24 41
25 5
25 21
26 14
26 38
27 22
27 26
28 7
28 41
29 11
29 36
30 7
30 29
31 1
31 38
32 18
32 22
33 2
33 18
34 28
34 30
35 4
35 24
36 12
36 25
37 35
37 39
38 10
38 15
39 4
39 33
40 21
40 31
41 13
41 17

# solution 131
# n=42 sym=rot4 status=verified source=flammenkamp_cache/n42_rot4
# code=oETHMIR4A9c7M9OXa7PZbCcFK0VDS2fIU8K6eQd15PUBGae2F1ZLXBN0dDSAfLQ3T46GY58HWJY3WVbENJOCR
0 14
0 29
1 17
1 22
2 18
2 27
3 4
3 10
4 9
4 38
5 7
5 22
6 9
6 24
7 33
7 36
8 7
8 25
9 35
9 37
10 12
10 38
11 15
11 20
12 0
12 31
13 13
13 28
14 2
14 41
15 18
15 30
16 8
16 20
17 6
17 40
18 26
18 39
19 1
19 5
20 25
20 30
21 11
21 16
22 36
22 40
23 2
23 15
24 1
24 35
25 21
25 33
26 11
26 23
27 0
27 39
28 13
28 28
29 10
29 41
30 21
30 26
31 3
31 29
32 4
32 6
33 16
33 34
34 5
34 8
35 17
35 32
36 19
36 34
37 3
37 32
38 31
38 37
39 14
39 23
40 19
40 24
41 12
41 27

# solution 132
# n=42 sym=rot4 status=verified source=flammenkamp_cache/n42_rot4
# code=oEJHKJZEU7TCU2OXb7INV9F354aFPcfSVDK6e9XdfPe1G028W1ZLSAD03GQ5bacQWAINY48HdBTCYBR6MLOMR
0 14
0 19
1 17
1 20
2 19
2 35
3 14
3 30
4 7
4 29
5 12
5 30
6 2
6 24
7 33
7 37
8 7
8 18
9 23
9 31
10 9
10 15
11 3
11 5
12 4
12 36
13 15
13 25
14 38
14 41
15 28
15 31
16 13
16 20
17 6
17 40
18 9
18 33
19 39
19 41
20 25
20 40
21 1
21 16
22 0
22 2
23 8
23 32
24 1
24 35
25 21
25 28
26 10
26 13
27 0
27 3
28 16
28 26
29 5
29 37
30 36
30 38
31 26
31 32
32 10
32 18
33 23
33 34
34 4
34 8
35 17
35 39
36 11
36 29
37 12
37 34
38 11
38 27
39 6
39 22
40 21
40 24
41 22
41 27

# solution 133
# n=42 sym=rot4 status=verified source=flammenkamp_cache/n42_rot4
# code=oBPJUTWWb3HLO78EZMZ23ES1f2QAFVYCS0K5bIN8e5PGa1XIN4aLfDT7AQVFd0eDRcd6J6RXYHKOc499CBMGU
0 11
0 25
1 19
1 30
2 29
2 32
3 32
3 37
4 3
4 17
5 21
5 24
6 7
6 8
7 14
7 35
8 22
8 35
9 2
9 3
10 14
10 28
11 1
11 41
12 2
12 26
13 10
13 15
14 31
14 34
15 12
15 28
16 0
16 20
17 5
17 37
18 18
18 23
19 8
19 40
20 5
20 25
21 16
21 36
22 1
22 33
23 18
23 23
24 4
24 36
25 21
25 41
26 13
26 29
27 7
27 10
28 26
28 31
29 15
29 39
30 0
30 40
31 13
31 27
32 38
32 39
33 6
33 19
34 6
34 27
35 33
35 34
36 17
36 20
37 24
37 38
38 4
38 9
39 9
39 12
40 11
40 22
41 16
41 30

# solution 134
# n=42 sym=rot4 status=verified source=flammenkamp_cache/n42_rot4
# code=o8WIOJRDVJVHQ7DIZRf0B34GWKQZc285CKU1aYebdPTCG24175eBLTaXd36FL9PbcUf0E6NSYFOAMASEMHN9X
0 8
0 32
1 18
1 24
2 19
2 27
3 13
3 31
4 19
4 31
5 17
5 26
6 7
6 13
7 18
7 35
8 27
8 41
9 0
9 11
10 3
10 4
11 16
11 32
12 20
12 26
13 35
13 38
14 2
14 8
15 5
15 12
16 20
16 30
17 1
17 36
18 34
18 40
19 37
19 39
20 25
20 29
21 12
21 16
22 2
22 4
23 1
23 7
24 5
24 40
25 11
25 21
26 29
26 36
27 33
27 39
28 3
28 6
29 15
29 21
30 9
30 25
31 37
31 38
32 30
32 41
33 0
33 14
34 6
34 23
35 28
35 34
36 15
36 24
37 10
37 22
38 10
38 28
39 14
39 22
40 17
40 23
41 9
41 33

# solution 135
# n=42 sym=rot4 status=verified source=flammenkamp_cache/n42_rot4
# code=oRXJU9GCJOVEO79BZ0KZd4D1YNcIV0aFQKd45CScePX8G13DTab2LFQ5fAN3I7eSb26Lf6UWYHRAHMTPWBM8E
0 27
0 33
1 19
1 30
2 9
2 16
3 12
3 19
4 24
4 31
5 14
5 24
6 7
6 9
7 11
7 35
8 0
8 20
9 35
9 39
10 4
10 13
11 1
11 34
12 23
12 38
13 18
13 31
14 0
14 36
15 15
15 26
16 20
16 39
17 4
17 5
18 12
18 28
19 38
19 40
20 25
20 33
21 8
21 16
22 1
22 3
23 13
23 29
24 36
24 37
25 2
25 21
26 15
26 26
27 5
27 41
28 10
28 23
29 3
29 18
30 7
30 40
31 28
31 37
32 2
32 6
33 21
33 41
34 6
34 30
35 32
35 34
36 17
36 27
37 10
37 17
38 22
38 29
39 25
39 32
40 11
40 22
41 8
41 14

# solution 136
# n=42 sym=rot4 status=verified source=flammenkamp_cache/n42_rot4
# code=o9ODQ8LENUYHIRV48YdBf6F4WJSCe6c1VJK0a3aPT2PGdCG5c5fLMAe3Z1TDM9bQZ0U27XbAENO7BIRKXFSHW
0 9
0 24
1 13
1 26
2 8
2 21
3 14
3 23
4 30
4 34
5 17
5 18
6 27
6 31
7 4
7 8
8 34
8 39
9 11
9 41
10 6
10 15
11 4
11 32
12 19
12 28
13 12
13 40
14 6
14 38
15 1
15 31
16 19
16 20
17 0
17 36
18 3
18 36
19 25
19 29
20 2
20 25
21 16
21 39
22 12
22 16
23 5
23 38
24 5
24 41
25 21
25 22
26 10
26 40
27 3
27 35
28 1
28 29
29 13
29 22
30 9
30 37
31 26
31 35
32 0
32 30
33 2
33 7
34 33
34 37
35 10
35 14
36 23
36 24
37 7
37 11
38 18
38 27
39 20
39 33
40 15
40 28
41 17
41 32

# solution 137
# n=42 sym=rot4 status=verified source=flammenkamp_cache/n42_rot4
# code=o8OQSTZAEHJ7M2EIaNfBV9cCW2U1PZc1LDK0b8Y5bFPGQ4a7X4fLSKe36GeBd9T3WAU0I5NRdJYMORV6CDFHX
0 8
0 24
1 26
1 28
2 29
2 35
3 10
3 14
4 17
4 19
5 7
5 22
6 2
6 14
7 18
7 36
8 23
8 41
9 11
9 31
10 9
10 38
11 12
11 32
12 2
12 30
13 1
13 25
14 35
14 38
15 1
15 21
16 13
16 20
17 0
17 37
18 8
18 34
19 5
19 37
20 15
20 25
21 16
21 26
22 4
22 36
23 7
23 33
24 4
24 41
25 21
25 28
26 20
26 40
27 3
27 6
28 16
28 40
29 11
29 39
30 9
30 29
31 3
31 32
32 10
32 30
33 0
33 18
34 5
34 23
35 27
35 39
36 19
36 34
37 22
37 24
38 27
38 31
39 6
39 12
40 13
40 15
41 17
41 33

# solution 138
# n=42 sym=rot4 status=verified source=flammenkamp_cache/n42_rot4
# code=oBZDHBXFNOTQY0K582YGIDRdf4MVeAJ5cKW4e3WCRPZ6GET9c1b9L3aMV1AJb02ESNP7dXaLf7FCHIQ8UOS6U
0 11
0 35
1 13
1 17
2 11
2 33
3 15
3 23
4 24
4 29
5 26
5 34
6 0
6 20
7 5
7 8
8 2
8 34
9 16
9 18
10 13
10 27
11 39
11 41
12 4
12 22
13 31
13 40
14 10
14 19
15 5
15 38
16 20
16 32
17 4
17 40
18 3
18 32
19 12
19 27
20 25
20 35
21 6
21 16
22 14
22 29
23 9
23 38
24 1
24 37
25 9
25 21
26 3
26 36
27 22
27 31
28 1
28 10
29 19
29 37
30 0
30 2
31 14
31 28
32 23
32 25
33 7
33 39
34 33
34 36
35 21
35 41
36 7
36 15
37 12
37 17
38 18
38 26
39 8
39 30
40 24
40 28
41 6
41 30

# solution 139
# n=42 sym=rot4 status=verified source=flammenkamp_cache/n42_rot4
# code=oPRBYHLEMOWDT8C18YZ4IBJVe5ZFa0cNS0K4dFW3V2PGdAc9Q2bLfDI3f5Q6a1AMUNb67XeTXCS9HJRKO7UEG
0 25
0 27
1 11
1 34
2 17
2 21
3 14
3 22
4 24
4 32
5 13
5 29
6 8
6 12
7 1
7 8
8 34
8 35
9 4
9 18
10 11
10 19
11 31
11 40
12 5
12 35
13 15
13 36
14 0
14 38
15 23
15 28
16 0
16 20
17 4
17 39
18 15
18 32
19 3
19 31
20 2
20 25
21 16
21 39
22 10
22 38
23 9
23 26
24 2
24 37
25 21
25 41
26 13
26 18
27 3
27 41
28 5
28 26
29 6
29 36
30 1
30 10
31 22
31 30
32 23
32 37
33 6
33 7
34 33
34 40
35 29
35 33
36 12
36 28
37 9
37 17
38 19
38 27
39 20
39 24
40 7
40 30
41 14
41 16

# solution 140
# n=42 sym=rot4 status=verified source=flammenkamp_cache/n42_rot4
# code=oKNAXHPBDOa4B8MMQ1ZFRCeacSVCc9N7W2K4d0E67Pf0GYZRf2bLd9YIW3TAD351TEQ6eFJJXUb5HSUGO8VIL
0 20
0 23
1 10
1 33
2 17
2 25
3 11
3 13
4 24
4 36
5 4
5 11
6 8
6 22
7 22
7 26
8 1
8 35
9 15
9 27
10 12
10 40
11 36
11 38
12 28
12 31
13 12
13 38
14 9
14 23
15 7
15 32
16 2
16 20
17 4
17 39
18 0
18 14
19 6
19 7
20 25
20 41
21 0
21 16
22 34
22 35
23 27
23 41
24 2
24 37
25 21
25 39
26 9
26 34
27 18
27 32
28 3
28 29
29 10
29 13
30 3
30 5
31 1
31 29
32 14
32 26
33 6
33 40
34 15
34 19
35 19
35 33
36 30
36 37
37 5
37 17
38 28
38 30
39 16
39 24
40 8
40 31
41 18
41 21

# solution 141
# n=42 sym=rot4 status=verified source=flammenkamp_cache/n42_rot4
# code=oGIDNHMEHVY6C9a4U8XMZ4F7CUaFeKcSVKfcd1f29PREGWd0e230LAD3L1Q5BTYQb6J8XBb5WTZ7AORJOISNP
0 16
0 18
1 13
1 23
2 17
2 22
3 14
3 17
4 31
4 34
5 6
5 12
6 9
6 36
7 4
7 30
8 8
8 33
9 22
9 35
10 4
10 15
11 7
11 12
12 30
12 36
13 15
13 40
14 20
14 38
15 28
15 31
16 20
16 41
17 38
17 39
18 1
18 41
19 2
19 9
20 25
20 27
21 14
21 16
22 32
22 39
23 0
23 40
24 2
24 3
25 0
25 21
26 10
26 13
27 3
27 21
28 1
28 26
29 5
29 11
30 29
30 34
31 26
31 37
32 6
32 19
33 8
33 33
34 11
34 37
35 5
35 32
36 29
36 35
37 7
37 10
38 24
38 27
39 19
39 24
40 18
40 28
41 23
41 25

# solution 142
# n=42 sym=rot4 status=verified source=flammenkamp_cache/n42_rot4
# code=oHSBFJNHJDVEYTY56FVLR48Ie6G0b9aXeKTcf2Ucd9PGW23Bd03CL185W4fPZ1NXbEKAQZa7C7RASMOIMQUDO
0 17
0 28
1 11
1 15
2 19
2 23
3 17
3 19
4 13
4 31
5 14
5 34
6 29
6 34
7 5
7 6
8 15
8 31
9 21
9 27
10 4
10 8
11 18
11 40
12 6
12 16
13 0
13 37
14 9
14 36
15 33
15 40
16 20
16 29
17 38
17 41
18 2
18 30
19 38
19 39
20 9
20 25
21 16
21 32
22 2
22 3
23 11
23 39
24 0
24 3
25 12
25 21
26 1
26 8
27 5
27 32
28 4
28 41
29 25
29 35
30 1
30 23
31 33
31 37
32 14
32 20
33 10
33 26
34 35
34 36
35 7
35 12
36 7
36 27
37 10
37 28
38 22
38 24
39 18
39 22
40 26
40 30
41 13
41 24

# solution 143
# n=42 sym=rot4 status=verified source=flammenkamp_cache/n42_rot4
# code=oDV8CHQOZIKUZ35DUIeGR0C57VeYf9Q2EKW3dXbJMPb4GJM482c9LRdFW071AYaTfEP1NBSac6BLN6HFOTXAS
0 13
0 31
1 8
1 12
2 17
2 26
3 24
3 35
4 18
4 20
5 30
5 35
6 3
6 5
7 13
7 30
8 18
8 40
9 16
9 27
10 0
10 12
11 5
11 7
12 31
12 40
13 34
13 41
14 9
14 26
15 2
15 14
16 20
16 32
17 3
17 39
18 33
18 37
19 19
19 22
20 25
20 37
21 4
21 16
22 19
22 22
23 4
23 8
24 2
24 38
25 9
25 21
26 27
26 39
27 15
27 32
28 0
28 7
29 1
29 10
30 34
30 36
31 29
31 41
32 14
32 25
33 1
33 23
34 11
34 28
35 36
35 38
36 6
36 11
37 21
37 23
38 6
38 17
39 15
39 24
40 29
40 33
41 10
41 28

# solution 144
# n=42 sym=rot4 status=verified source=flammenkamp_cache/n42_rot4
# code=oPTJNBOEO7WUW6ZFbIM45CS5d0VALQcEY0K231X8eDPGS1X8ecdLf7R3FKVAf2aDTabJN4Q6Z9B9YHRHUIMCG
0 25
0 29
1 19
1 23
2 11
2 24
3 14
3 24
4 7
4 32
5 30
5 32
6 6
6 35
7 15
7 37
8 18
8 22
9 4
9 5
10 12
10 28
11 5
11 39
12 0
12 31
13 10
13 21
14 26
14 38
15 14
15 34
16 0
16 20
17 2
17 3
18 1
18 33
19 8
19 40
20 13
20 25
21 16
21 28
22 1
22 33
23 8
23 40
24 38
24 39
25 21
25 41
26 7
26 27
27 3
27 15
28 20
28 31
29 10
29 41
30 2
30 36
31 13
31 29
32 36
32 37
33 19
33 23
34 4
34 26
35 6
35 35
36 9
36 11
37 9
37 34
38 17
38 27
39 17
39 30
40 18
40 22
41 12
41 16

# solution 145
# n=42 sym=rot4 status=verified source=flammenkamp_cache/n42_rot4
# code=oUYMOHQDTJVDR8U09KZGY4R063Nac5A2NKW1dCF1bPX8G4eQT2e9LIdVa35IcZfEb7P6LWfBXESAMCSFOHJ7B
0 30
0 34
1 22
1 24
2 17
2 26
3 13
3 29
4 19
4 31
5 13
5 27
6 8
6 30
7 0
7 9
8 20
8 35
9 16
9 34
10 4
10 27
11 0
11 6
12 3
12 23
13 36
13 38
14 5
14 10
15 2
15 23
16 20
16 32
17 1
17 39
18 12
18 15
19 1
19 37
20 25
20 33
21 8
21 16
22 4
22 40
23 26
23 29
24 2
24 40
25 9
25 21
26 18
26 39
27 31
27 36
28 3
28 5
29 18
29 38
30 35
30 41
31 14
31 37
32 7
32 25
33 6
33 21
34 32
34 41
35 11
35 33
36 14
36 28
37 10
37 22
38 12
38 28
39 15
39 24
40 17
40 19
41 7
41 11

# solution 146
# n=42 sym=rot4 status=verified source=flammenkamp_cache/n42_rot4
# code=oEG4OOUDEMe7F9FTa9MXZCN2N7VLccfZaKf12AB48DPGSXbUVde0L56033KAYIdIT68JW5CQWQY1JRSBHHbPR
0 14
0 16
1 4
1 24
2 24
2 30
3 13
3 14
4 22
4 40
5 7
5 15
6 9
6 15
7 29
7 36
8 9
8 22
9 33
9 35
10 12
10 23
11 2
11 23
12 7
12 31
13 21
13 38
14 38
14 41
15 35
15 36
16 20
16 41
17 1
17 2
18 10
18 11
19 4
19 8
20 13
20 25
21 16
21 28
22 33
22 37
23 30
23 31
24 39
24 40
25 0
25 21
26 5
26 6
27 0
27 3
28 3
28 20
29 10
29 34
30 18
30 39
31 18
31 29
32 6
32 8
33 19
33 32
34 5
34 12
35 26
35 32
36 26
36 34
37 1
37 19
38 27
38 28
39 11
39 17
40 17
40 37
41 25
41 27

# solution 147
# n=42 sym=rot4 status=verified source=flammenkamp_cache/n42_rot4
# code=oGO9TRTIb3SFY7L5ZAOEeSXIJ124A2WLaJf08UcPU6FQZBG3BXf0M5K9dVbdeMN8D1RHV6aKY7QDc4NCECWHP
0 16
0 24
1 9
1 29
2 27
2 29
3 18
3 37
4 3
4 28
5 15
5 34
6 7
6 21
7 5
7 35
8 10
8 24
9 14
9 40
10 28
10 33
11 18
11 19
12 1
12 2
13 4
13 10
14 2
14 32
15 21
15 36
16 19
16 41
17 0
17 8
18 30
18 38
19 25
19 30
20 6
20 15
21 26
21 35
22 11
22 16
23 3
23 11
24 33
24 41
25 0
25 22
26 5
26 20
27 9
27 39
28 31
28 37
29 39
29 40
30 22
30 23
31 8
31 13
32 1
32 27
33 17
33 31
34 6
34 36
35 20
35 34
36 7
36 26
37 13
37 38
38 4
38 23
39 12
39 14
40 12
40 32
41 17
41 25

# solution 148
# n=42 sym=rot4 status=verified source=flammenkamp_cache/n42_rot4
# code=oCUJTKaSaHI237SRZAGHNEX0F1f367VLUJXWb9bPeFd2Q1G4W498MBKAYZc0eQf8RIOPV6EDYcdNO5D5LCMBT
0 12
0 30
1 19
1 29
2 20
2 36
3 28
3 36
4 17
4 18
5 2
5 3
6 7
6 28
7 27
7 35
8 10
8 16
9 17
9 23
10 14
10 33
11 0
11 15
12 1
12 41
13 3
13 6
14 7
14 31
15 21
15 30
16 19
16 33
17 32
17 37
18 9
18 37
19 25
19 40
20 15
20 39
21 2
21 26
22 1
22 16
23 4
23 32
24 4
24 9
25 8
25 22
26 11
26 20
27 10
27 34
28 35
28 38
29 0
29 40
30 26
30 41
31 8
31 27
32 18
32 24
33 25
33 31
34 6
34 14
35 13
35 34
36 38
36 39
37 23
37 24
38 5
38 13
39 5
39 21
40 12
40 22
41 11
41 29

# solution 149
# n=42 sym=rot4 status=verified source=flammenkamp_cache/n42_rot4
# code=oSTJNGV3c7C9OSVXb7RJa26EK0b068UHLId5Q1PWeFUBQ19GeFa2NKOBXZf4fLRZd5MEY48ADHWTY3cAPIMCD
0 28
0 29
1 19
1 23
2 16
2 31
3 3
3 38
4 7
4 12
5 9
5 24
6 28
6 31
7 33
7 37
8 7
8 27
9 19
9 36
10 2
10 6
11 14
11 20
12 0
12 37
13 0
13 6
14 8
14 30
15 17
15 21
16 18
16 39
17 5
17 26
18 1
18 25
19 32
19 40
20 15
20 30
21 11
21 26
22 1
22 9
23 16
23 40
24 15
24 36
25 2
25 23
26 20
26 24
27 11
27 33
28 35
28 41
29 4
29 41
30 21
30 27
31 35
31 39
32 5
32 22
33 14
33 34
34 4
34 8
35 10
35 13
36 17
36 32
37 29
37 34
38 3
38 38
39 10
39 25
40 18
40 22
41 12
41 13

# solution 150
# n=42 sym=rot4 status=verified source=flammenkamp_cache/n42_rot4
# code=o7JQWRc2ILOJRBCBfOW18CSYZVZAP251KDI48Pcaf4QFb053GXbNSLeadGV6A67DTXe9H0UTUEMHKNd3E9FMY
0 7
0 19
1 26
1 32
2 27
2 38
3 2
3 18
4 21
4 24
5 19
5 27
6 11
6 12
7 11
7 41
8 24
8 32
9 1
9 8
10 12
10 28
11 34
11 35
12 31
12 35
13 10
13 25
14 2
14 5
15 1
15 20
16 13
16 18
17 4
17 8
18 25
18 38
19 36
19 41
20 4
20 26
21 15
21 37
22 0
22 5
23 3
23 16
24 33
24 37
25 23
25 28
26 21
26 40
27 36
27 39
28 16
28 31
29 6
29 10
30 6
30 7
31 13
31 29
32 33
32 40
33 9
33 17
34 0
34 30
35 29
35 30
36 14
36 22
37 17
37 20
38 23
38 39
39 3
39 14
40 9
40 15
41 22
41 34

# solution 151
# n=42 sym=rot4 status=verified source=flammenkamp_cache/n42_rot4
# code=oVYIJCE7Q8OLV9D0cPbIZ05CEUdMZUd3L8H4PWeDe5FQa1S19GbOXKc2B6J2BRTaf6N4G3fSWAKHXFYRTMN7A
0 31
0 34
1 18
1 19
2 12
2 14
3 7
3 26
4 8
4 24
5 21
5 31
6 9
6 13
7 0
7 38
8 25
8 37
9 18
9 35
10 0
10 5
11 12
11 14
12 30
12 39
13 22
13 35
14 30
14 39
15 3
15 21
16 8
16 17
17 4
17 25
18 32
18 40
19 13
19 40
20 5
20 15
21 26
21 36
22 1
22 28
23 1
23 9
24 16
24 37
25 24
25 33
26 20
26 38
27 2
27 11
28 6
28 19
29 2
29 11
30 27
30 29
31 36
31 41
32 6
32 23
33 4
33 16
34 3
34 41
35 28
35 32
36 10
36 20
37 17
37 33
38 15
38 34
39 27
39 29
40 22
40 23
41 7
41 10

# solution 152
# n=42 sym=rot4 status=verified source=flammenkamp_cache/n42_rot4
# code=oOU5VSXFJIXVeIKEP24BM150WES2CTYLc7H0PZb9cFZ6Q3W46GfOY3K7CTdDR9faeJUbdGRLN1A8NMQ8DAaBH
0 24
0 30
1 5
1 31
2 28
2 33
3 15
3 19
4 18
4 33
5 31
5 40
6 18
6 20
7 14
7 25
8 2
8 4
9 11
9 22
10 1
10 5
11 0
11 32
12 14
12 28
13 2
13 12
14 29
14 34
15 21
15 38
16 7
16 17
17 0
17 25
18 35
18 37
19 9
19 38
20 15
20 35
21 6
21 26
22 3
22 32
23 4
23 6
24 16
24 41
25 24
25 34
26 3
26 20
27 7
27 12
28 29
28 39
29 13
29 27
30 9
30 41
31 36
31 40
32 19
32 30
33 37
33 39
34 16
34 27
35 21
35 23
36 1
36 10
37 8
37 23
38 22
38 26
39 8
39 13
40 10
40 36
41 11
41 17

# solution 153
# n=42 sym=rot4 status=verified source=flammenkamp_cache/n42_rot4
# code=oNOEJ9BACGXSW6ZLN4J5dTcSdAc5BFeLRHb0P07Xe7FQY18YfGf4OEK1QUa3V2D3C2aMbIK6Z9D8PTVUWMRHI
0 23
0 24
1 14
1 19
2 9
2 11
3 10
3 12
4 16
4 33
5 28
5 32
6 6
6 35
7 21
7 23
8 4
8 19
9 5
9 39
10 29
10 38
11 28
11 39
12 10
12 38
13 5
13 11
14 15
14 40
15 21
15 27
16 17
16 37
17 0
17 25
18 0
18 7
19 33
19 40
20 7
20 15
21 26
21 34
22 1
22 8
23 34
23 41
24 16
24 41
25 4
25 24
26 14
26 20
27 1
27 26
28 30
28 36
29 3
29 31
30 2
30 13
31 3
31 12
32 2
32 36
33 22
33 37
34 18
34 20
35 6
35 35
36 9
36 13
37 8
37 25
38 29
38 31
39 30
39 32
40 22
40 27
41 17
41 18

# solution 154
# n=42 sym=rot4 status=verified source=flammenkamp_cache/n42_rot4
# code=oAWJXOU5EHTXcJLSV150D7f2C4U7WGcGKQR2bINZe6QFZ16IN4dEFLP3P9YBbTd0YSfaeADKM38CORaBH8M9V
0 10
0 32
1 19
1 33
2 24
2 30
3 5
3 14
4 17
4 29
5 33
5 38
6 19
6 21
7 28
7 31
8 1
8 5
9 0
9 13
10 7
10 41
11 2
11 12
12 4
12 30
13 7
13 32
14 16
14 38
15 16
15 20
16 26
16 27
17 2
17 37
18 18
18 23
19 35
19 40
20 6
20 26
21 15
21 35
22 1
22 6
23 18
23 23
24 4
24 39
25 14
25 15
26 21
26 25
27 3
27 25
28 9
28 34
29 11
29 37
30 29
30 39
31 0
31 34
32 28
32 41
33 36
33 40
34 10
34 13
35 20
35 22
36 3
36 8
37 12
37 24
38 27
38 36
39 11
39 17
40 8
40 22
41 9
41 31

# solution 155
# n=42 sym=rot4 status=verified source=flammenkamp_cache/n42_rot4
# code=oLONTBHDMGU9T8AIMVZEa8Z4d15EcSWKPFb0d1Y370QFfYc7e2f4QGL9D3Rae2b6X5R6AJNVXCWBPJSOUCIHK
0 21
0 24
1 23
1 29
2 11
2 17
3 13
3 22
4 16
4 30
5 9
5 29
6 8
6 10
7 18
7 22
8 31
8 35
9 14
9 36
10 8
10 35
11 4
11 39
12 1
12 5
13 14
13 38
14 28
14 32
15 20
15 25
16 15
16 37
17 0
17 39
18 1
18 34
19 3
19 7
20 0
20 26
21 15
21 41
22 34
22 38
23 7
23 40
24 2
24 41
25 4
25 26
26 16
26 21
27 9
27 13
28 3
28 27
29 36
29 40
30 2
30 37
31 6
31 33
32 5
32 27
33 6
33 10
34 19
34 23
35 31
35 33
36 12
36 32
37 11
37 25
38 19
38 28
39 24
39 30
40 12
40 18
41 17
41 20

# solution 156
# n=42 sym=rot4 status=verified source=flammenkamp_cache/n42_rot4
# code=oDOBIEZTXCZKP24SV3OAJ7WIe3b7fGdJK5R08UeQWQa5F9F1BXfEaLM2P0Y4c1N9YMVHcADbdGL6T8C6RNUHS
0 13
0 24
1 11
1 18
2 14
2 35
3 29
3 33
4 12
4 35
5 20
5 25
6 2
6 4
7 28
7 31
8 3
8 24
9 10
9 19
10 7
10 32
11 18
11 40
12 3
12 37
13 7
13 41
14 16
14 39
15 19
15 20
16 5
16 27
17 0
17 8
18 30
18 40
19 26
19 32
20 26
20 36
21 5
21 15
22 9
22 15
23 1
23 11
24 33
24 41
25 14
25 36
26 21
26 22
27 2
27 25
28 0
28 34
29 4
29 38
30 1
30 23
31 9
31 34
32 22
32 31
33 17
33 38
34 10
34 13
35 37
35 39
36 16
36 21
37 6
37 29
38 8
38 12
39 6
39 27
40 23
40 30
41 17
41 28

# solution 157
# n=42 sym=rot4 status=verified source=flammenkamp_cache/n42_rot4
# code=oISAJCIPZBTAZ357YEHHKaeSb4d0BPXJK3EWXdfQeQW9F1F0289RcLM8GUf2b4D15LOOR7Yac6VCU6GNTMVDN
0 18
0 28
1 10
1 19
2 12
2 18
3 25
3 35
4 11
4 29
5 10
5 35
6 3
6 5
7 7
7 34
8 14
8 17
9 17
9 20
10 36
10 40
11 28
11 37
12 4
12 39
13 0
13 11
14 25
14 33
15 19
15 20
16 3
16 14
17 32
17 33
18 39
18 41
19 26
19 40
20 26
20 32
21 9
21 15
22 1
22 15
23 0
23 2
24 8
24 9
25 27
25 38
26 21
26 22
27 8
27 16
28 30
28 41
29 2
29 37
30 4
30 13
31 1
31 5
32 21
32 24
33 24
33 27
34 7
34 34
35 36
35 38
36 6
36 31
37 12
37 30
38 6
38 16
39 23
39 29
40 22
40 31
41 13
41 23

# solution 158
# n=42 sym=rot4 status=verified source=flammenkamp_cache/n42_rot4
# code=oBSIO9JHTSX7BKPVa4TAd7Waf3804JPIK6E1cQeRdQZ6F2E1F3eRZLNGMbfXc059Y2VCb5AGLUY8DCOMWHNDU
0 11
0 28
1 18
1 24
2 9
2 19
3 17
3 29
4 28
4 33
5 7
5 11
6 20
6 25
7 31
7 36
8 4
8 29
9 10
9 39
10 7
10 32
11 36
11 41
12 3
12 8
13 0
13 4
14 19
14 25
15 18
15 20
16 6
16 14
17 1
17 38
18 26
18 40
19 27
19 39
20 26
20 35
21 6
21 15
22 2
22 14
23 1
23 15
24 3
24 40
25 27
25 35
26 21
26 23
27 16
27 22
28 37
28 41
29 33
29 38
30 0
30 5
31 9
31 34
32 2
32 31
33 12
33 37
34 5
34 10
35 16
35 21
36 30
36 34
37 8
37 13
38 12
38 24
39 22
39 32
40 17
40 23
41 13
41 30

# solution 159
# n=42 sym=rot4 status=verified source=flammenkamp_cache/n42_rot4
# code=o7OBFCRIPZa474LafHW8CNRMeWdMP2AKe3D0XAcBD6QFZSU3V8fSc1LVdGJ291JEITX9O05KbYb56GNETQUHY
0 7
0 24
1 11
1 15
2 12
2 27
3 18
3 25
4 35
4 36
5 4
5 7
6 4
6 21
7 36
7 41
8 17
8 32
9 8
9 12
10 23
10 27
11 22
11 40
12 32
12 39
13 22
13 25
14 2
14 10
15 20
15 40
16 3
16 13
17 0
17 33
18 10
18 38
19 11
19 13
20 6
20 26
21 15
21 35
22 28
22 30
23 3
23 31
24 8
24 41
25 28
25 38
26 1
26 21
27 31
27 39
28 16
28 19
29 2
29 9
30 1
30 19
31 14
31 18
32 29
32 33
33 9
33 24
34 0
34 5
35 20
35 37
36 34
36 37
37 5
37 6
38 16
38 23
39 14
39 29
40 26
40 30
41 17
41 34

# solution 160
# n=42 sym=rot4 status=verified source=flammenkamp_cache/n42_rot4
# code=oORIWWc2DGa4BJLBTOV128NYa7RPc0CKMDb08AeFZ6QFZ6Q1VXf4SJLTf3GEY57IXdeAHCUKMUb5PSd399NEH
0 24
0 27
1 18
1 32
2 32
2 38
3 2
3 13
4 16
4 36
5 4
5 11
6 19
6 21
7 11
7 29
8 24
8 31
9 1
9 2
10 8
10 23
11 34
11 36
12 7
12 27
13 25
13 38
14 0
14 12
15 20
15 22
16 13
16 37
17 0
17 8
18 10
18 40
19 15
19 35
20 6
20 26
21 15
21 35
22 6
22 26
23 1
23 31
24 33
24 41
25 4
25 28
26 19
26 21
27 29
27 41
28 3
28 16
29 14
29 34
30 5
30 7
31 18
31 33
32 39
32 40
33 10
33 17
34 12
34 30
35 20
35 22
36 30
36 37
37 5
37 25
38 28
38 39
39 3
39 9
40 9
40 23
41 14
41 17

# solution 161
# n=42 sym=rot4 status=verified source=flammenkamp_cache/n42_rot4
# code=oEOJXCKCJEHPSUY6X17IQAV6Icd5Pbf9K5D0bUWceQd2F139B4fSaLW04Ga23NZAVFNYe8Z7BDGORMTLT8MHR
0 14
0 24
1 19
1 33
2 12
2 20
3 12
3 19
4 14
4 17
5 25
5 28
6 30
6 34
7 6
7 33
8 1
8 7
9 18
9 26
10 10
10 31
11 6
11 18
12 38
12 39
13 5
13 25
14 37
14 41
15 9
15 20
16 5
16 13
17 0
17 37
18 30
18 32
19 38
19 40
20 26
20 39
21 2
21 15
22 1
22 3
23 9
23 11
24 4
24 41
25 28
25 36
26 21
26 32
27 0
27 4
28 16
28 36
29 2
29 3
30 23
30 35
31 10
31 31
32 15
32 23
33 34
33 40
34 8
34 35
35 7
35 11
36 13
36 16
37 24
37 27
38 22
38 29
39 21
39 29
40 8
40 22
41 17
41 27

# solution 162
# n=42 sym=rot4 status=verified source=flammenkamp_cache/n42_rot4
# code=oHMEFNSAa7X3JBTPb4I9WBcVZ6P2KOeKe7CEf2X0aQSDF5f8d0RTY1L1HLdGZ6A3U9WNb4GCUMc8Y5VDIQRJO
0 17
0 22
1 14
1 15
2 23
2 28
3 10
3 36
4 7
4 33
5 3
5 19
6 11
6 29
7 25
7 37
8 4
8 18
9 9
9 32
10 11
10 38
11 31
11 35
12 6
12 25
13 2
13 20
14 24
14 40
15 20
15 40
16 7
16 12
17 14
17 41
18 2
18 33
19 0
19 36
20 26
20 28
21 13
21 15
22 5
22 41
23 8
23 39
24 0
24 27
25 29
25 34
26 1
26 21
27 1
27 17
28 21
28 39
29 16
29 35
30 6
30 10
31 3
31 30
32 9
32 32
33 23
33 37
34 4
34 16
35 12
35 30
36 22
36 38
37 8
37 34
38 5
38 31
39 13
39 18
40 26
40 27
41 19
41 24

# solution 163
# n=42 sym=rot4 status=verified source=flammenkamp_cache/n42_rot4
# code=o7DIOMWTZHM7S3Raf8X2NKPCG3U5f6QEKAU1b9e24QVAFbd1W4eBVLRFZ0aBcPTGLId8X05EcDYJO6C9JHNSY
0 7
0 13
1 18
1 24
2 22
2 32
3 29
3 35
4 17
4 22
5 7
5 28
6 3
6 27
7 36
7 41
8 8
8 33
9 2
9 23
10 20
10 25
11 12
11 16
12 3
12 30
13 5
13 41
14 6
14 26
15 14
15 20
16 10
16 30
17 1
17 37
18 9
18 40
19 2
19 4
20 26
20 31
21 10
21 15
22 37
22 39
23 1
23 32
24 4
24 40
25 11
25 31
26 21
26 27
27 15
27 35
28 0
28 36
29 11
29 38
30 25
30 29
31 16
31 21
32 18
32 39
33 8
33 33
34 0
34 5
35 14
35 38
36 13
36 34
37 19
37 24
38 6
38 12
39 9
39 19
40 17
40 23
41 28
41 34

# solution 164
# n=42 sym=rot4 status=verified source=flammenkamp_cache/n42_rot4
# code=oGMEFST9NMO9H7RNZBVac8SPX2K2A6eKeBf4a3704QTCFbfYc5b0U1L1ZVdLd8GDX35AU6IEYOWHJIWCDQRJP
0 16
0 22
1 14
1 15
2 28
2 29
3 9
3 23
4 22
4 24
5 9
5 17
6 7
6 27
7 23
7 35
8 11
8 31
9 36
9 38
10 8
10 28
11 25
11 33
12 2
12 20
13 2
13 10
14 6
14 40
15 20
15 40
16 11
16 41
17 4
17 36
18 3
18 7
19 0
19 4
20 26
20 29
21 12
21 15
22 37
22 41
23 34
23 38
24 5
24 37
25 0
25 30
26 1
26 21
27 1
27 35
28 31
28 39
29 21
29 39
30 8
30 16
31 13
31 33
32 3
32 5
33 10
33 30
34 6
34 18
35 14
35 34
36 24
36 32
37 17
37 19
38 18
38 32
39 12
39 13
40 26
40 27
41 19
41 25

# solution 165
# n=42 sym=rot4 status=verified source=flammenkamp_cache/n42_rot4
# code=oJS9ICN8R68DJHbEPbcCeGHLQWd0a3YBK7VVZ2eafBQFU051d6AAYLU7c5f29FKOP1T34GR4OMSXZEXITNWDM
0 19
0 28
1 9
1 18
2 12
2 23
3 8
3 27
4 6
4 8
5 13
5 19
6 17
6 37
7 14
7 25
8 37
8 38
9 12
9 40
10 16
10 17
11 21
11 26
12 32
12 39
13 0
13 36
14 3
14 34
15 11
15 20
16 7
16 31
17 31
17 35
18 2
18 40
19 36
19 41
20 11
20 26
21 15
21 30
22 0
22 5
23 1
23 39
24 6
24 10
25 10
25 34
26 21
26 30
27 7
27 38
28 5
28 41
29 2
29 9
30 15
30 20
31 24
31 25
32 1
32 29
33 3
33 4
34 16
34 27
35 4
35 24
36 22
36 28
37 33
37 35
38 14
38 33
39 18
39 29
40 23
40 32
41 13
41 22

# solution 166
# n=42 sym=rot4 status=verified source=flammenkamp_cache/n42_rot4
# code=oFTJLITPZBDOW37EZ8X5APWSb02BbIYKf3A5JRdOe1QFe1H2EMaVc0L7N4Udf4D9GVa8X6RYc9HSU6GCNKMCQ
0 15
0 29
1 19
1 21
2 18
2 29
3 25
3 35
4 11
4 13
5 24
5 32
6 3
6 7
7 14
7 35
8 8
8 33
9 5
9 10
10 25
10 32
11 28
11 37
12 0
12 2
13 11
13 37
14 18
14 34
15 20
15 41
16 3
16 10
17 5
17 19
18 27
18 39
19 24
19 40
20 1
20 26
21 15
21 40
22 1
22 17
23 2
23 14
24 22
24 36
25 31
25 38
26 0
26 21
27 7
27 23
28 4
28 30
29 39
29 41
30 4
30 13
31 9
31 16
32 31
32 36
33 8
33 33
34 6
34 27
35 34
35 38
36 9
36 17
37 28
37 30
38 6
38 16
39 12
39 23
40 20
40 22
41 12
41 26

# solution 167
# n=42 sym=rot4 status=verified source=flammenkamp_cache/n42_rot4
# code=o7ECLEOWb3NPSIUVfAO3G7X6CUe5QdfDK5W284ZJM1QFeJM6bXd9aLS02Fa1BTZ8YPcHV0ABNDGIc49HRKTRY
0 7
0 14
1 12
1 21
2 14
2 24
3 32
3 37
4 3
4 23
5 25
5 28
6 18
6 30
7 31
7 41
8 10
8 24
9 3
9 16
10 7
10 33
11 6
11 12
12 30
12 40
13 5
13 26
14 39
14 41
15 13
15 20
16 5
16 32
17 2
17 8
18 4
18 35
19 19
19 22
20 1
20 26
21 15
21 40
22 19
22 22
23 6
23 37
24 33
24 39
25 9
25 36
26 21
26 28
27 0
27 2
28 15
28 36
29 1
29 11
30 29
30 35
31 8
31 34
32 25
32 38
33 17
33 31
34 0
34 10
35 11
35 23
36 13
36 16
37 18
37 38
38 4
38 9
39 17
39 27
40 20
40 29
41 27
41 34

# solution 168
# n=42 sym=rot4 status=verified source=flammenkamp_cache/n42_rot4
# code=oKOFTSa8GBR2NAY6DOcGNRZTb1B2Y4AKeWc0859JMQf0FJMWaXf391LVb7dUe4C6EIP3HSZ7VIdEUPX5DCQHL
0 20
0 24
1 15
1 29
2 28
2 36
3 8
3 16
4 11
4 27
5 2
5 23
6 10
6 34
7 6
7 13
8 24
8 38
9 16
9 23
10 27
10 35
11 29
11 37
12 1
12 11
13 2
13 34
14 4
14 10
15 20
15 40
16 32
16 38
17 0
17 8
18 5
18 9
19 19
19 22
20 26
20 41
21 0
21 15
22 19
22 22
23 32
23 36
24 33
24 41
25 3
25 9
26 1
26 21
27 31
27 37
28 7
28 39
29 30
29 40
30 4
30 12
31 6
31 14
32 18
32 25
33 3
33 17
34 28
34 35
35 7
35 31
36 18
36 39
37 14
37 30
38 25
38 33
39 5
39 13
40 12
40 26
41 17
41 21

# solution 169
# n=42 sym=rot4 status=verified source=flammenkamp_cache/n42_rot4
# code=oGIBT3JId8RET7ASZBbGKDZXe157V4aHKWfJQcfOdQW9F2H03FM09LO5bAYae186SLP4U6DVYCREX2NMcCUNP
0 16
0 18
1 11
1 29
2 3
2 19
3 18
3 39
4 8
4 27
5 14
5 29
6 7
6 10
7 28
7 35
8 11
8 37
9 16
9 20
10 13
10 35
11 33
11 40
12 1
12 5
13 7
13 31
14 4
14 36
15 17
15 20
16 32
16 41
17 19
17 26
18 38
18 41
19 24
19 39
20 26
20 32
21 9
21 15
22 2
22 17
23 0
23 3
24 15
24 22
25 0
25 9
26 21
26 24
27 5
27 37
28 10
28 34
29 36
29 40
30 1
30 8
31 6
31 28
32 21
32 25
33 4
33 30
34 6
34 13
35 31
35 34
36 12
36 27
37 14
37 33
38 2
38 23
39 22
39 38
40 12
40 30
41 23
41 25

# solution 170
# n=42 sym=rot4 status=verified source=flammenkamp_cache/n42_rot4
# code=oDJFUKV8YDPJXOR3H5cGT2B1V9Nbf6IKe4W6YCRafQd2F05ET7Z9b1LNZ04IWAeUdCP3aOcEH8MGS7XALBQMS
0 13
0 19
1 15
1 30
2 20
2 31
3 8
3 34
4 13
4 25
5 19
5 33
6 24
6 27
7 3
7 17
8 5
8 38
9 16
9 29
10 2
10 11
11 1
11 31
12 9
12 23
13 37
13 41
14 6
14 18
15 20
15 40
16 4
16 32
17 6
17 34
18 12
18 27
19 36
19 41
20 26
20 39
21 2
21 15
22 0
22 5
23 14
23 29
24 7
24 35
25 9
25 37
26 1
26 21
27 23
27 35
28 0
28 4
29 18
29 32
30 10
30 40
31 30
31 39
32 12
32 25
33 3
33 36
34 24
34 38
35 14
35 17
36 8
36 22
37 16
37 28
38 7
38 33
39 10
39 21
40 11
40 26
41 22
41 28

# solution 171
# n=42 sym=rot4 status=verified source=flammenkamp_cache/n42_rot4
# code=oOSEM67CN5DLbPd9dGQVY9CIMVc0bHe8K6X0R3U1B5QFaUeBcEf8ZLX1O4f3AJNTW7AFP2W2G4KSaITYZJRDH
0 24
0 28
1 14
1 22
2 6
2 7
3 12
3 23
4 5
4 13
5 21
5 37
6 25
6 39
7 9
7 39
8 16
8 26
9 31
9 34
10 9
10 12
11 18
11 22
12 31
12 38
13 0
13 37
14 17
14 40
15 8
15 20
16 6
16 33
17 0
17 27
18 3
18 30
19 1
19 11
20 5
20 26
21 15
21 36
22 30
22 40
23 11
23 38
24 14
24 41
25 8
25 35
26 21
26 33
27 1
27 24
28 4
28 41
29 3
29 10
30 19
30 23
31 29
31 32
32 7
32 10
33 15
33 25
34 2
34 32
35 2
35 16
36 4
36 20
37 28
37 36
38 18
38 29
39 34
39 35
40 19
40 27
41 13
41 17

# solution 172
# n=42 sym=rot4 status=verified source=flammenkamp_cache/n42_rot4
# code=oGMJOUbNT2BFH7VAZGNET6Y2b39KRDWKaXf1a380eQSDF1fXc5e085L9SELWc4d7ZCRIP6VAYOQUdCI4BHMJP
0 16
0 22
1 19
1 24
2 30
2 37
3 23
3 29
4 2
4 11
5 15
5 17
6 7
6 31
7 10
7 35
8 16
8 23
9 14
9 29
10 6
10 34
11 2
11 37
12 3
12 9
13 20
13 27
14 13
14 32
15 20
15 36
16 33
16 41
17 1
17 36
18 3
18 8
19 0
19 40
20 26
20 28
21 13
21 15
22 1
22 41
23 33
23 38
24 5
24 40
25 0
25 8
26 5
26 21
27 9
27 28
28 14
28 21
29 32
29 38
30 4
30 39
31 7
31 35
32 12
32 27
33 18
33 25
34 6
34 31
35 10
35 34
36 24
36 26
37 30
37 39
38 12
38 18
39 4
39 11
40 17
40 22
41 19
41 25

# solution 173
# n=42 sym=rot4 status=verified source=flammenkamp_cache/n42_rot4
# code=oHQCMLVDGHRYZ5S5JPVCN28BUWe6c4I0K8cbf9R1Y2QFd7eEW043XLfNb3Z19BUXdITAGMaDa67EOPSAKJTFO
0 17
0 26
1 12
1 22
2 21
2 31
3 13
3 16
4 17
4 27
5 34
5 35
6 5
6 28
7 5
7 19
8 25
8 31
9 12
9 23
10 2
10 8
11 11
11 30
12 32
12 40
13 6
13 38
14 4
14 18
15 0
15 20
16 8
16 38
17 37
17 41
18 9
18 27
19 1
19 34
20 2
20 26
21 15
21 39
22 7
22 40
23 14
23 32
24 0
24 4
25 3
25 33
26 21
26 41
27 23
27 37
28 3
28 35
29 1
29 9
30 11
30 30
31 33
31 39
32 18
32 29
33 10
33 16
34 22
34 36
35 13
35 36
36 6
36 7
37 14
37 24
38 25
38 28
39 10
39 20
40 19
40 29
41 15
41 24

# solution 174
# n=42 sym=rot4 status=verified source=flammenkamp_cache/n42_rot4
# code=oNT9NDTJPBS6YVa5GJVOe68Fb024dLOKU3Y9E01XcEQFR38efRW7cBLHK2bdf4QXZ1HAMPa5A7ZDUGMCSIWCI
0 23
0 29
1 9
1 23
2 13
2 29
3 19
3 25
4 11
4 28
5 6
5 34
6 31
6 36
7 5
7 16
8 19
8 31
9 24
9 40
10 6
10 8
11 15
11 37
12 0
12 2
13 4
13 39
14 21
14 24
15 20
15 30
16 3
16 34
17 9
17 14
18 0
18 1
19 33
19 38
20 14
20 26
21 15
21 27
22 3
22 8
23 40
23 41
24 27
24 32
25 7
25 38
26 11
26 21
27 17
27 20
28 2
28 37
29 39
29 41
30 4
30 26
31 33
31 35
32 1
32 17
33 10
33 22
34 25
34 36
35 5
35 10
36 7
36 35
37 13
37 30
38 16
38 22
39 12
39 28
40 18
40 32
41 12
41 18

# solution 175
# n=42 sym=rot4 status=verified source=flammenkamp_cache/n42_rot4
# code=oFOGMEZAMNOBW28GX7Z5UNc9aCTKRDdKfYe044A13QSDFceVbbf170L2SELCT5W3IBa6Y8PXd9UHIJV6RJPHQ
0 15
0 24
1 16
1 22
2 14
2 35
3 10
3 22
4 23
4 24
5 11
5 32
6 2
6 8
7 16
7 33
8 7
8 35
9 5
9 30
10 23
10 38
11 9
11 36
12 12
12 29
13 20
13 27
14 13
14 39
15 20
15 41
16 34
16 40
17 0
17 4
18 4
18 10
19 1
19 3
20 26
20 28
21 13
21 15
22 38
22 40
23 31
23 37
24 37
24 41
25 1
25 7
26 0
26 21
27 2
27 28
28 14
28 21
29 12
29 29
30 5
30 32
31 3
31 18
32 11
32 36
33 6
33 34
34 8
34 25
35 33
35 39
36 9
36 30
37 17
37 18
38 19
38 31
39 6
39 27
40 19
40 25
41 17
41 26

# solution 176
# n=42 sym=rot4 status=verified source=flammenkamp_cache/n42_rot4
# code=oERCXLM3cPTADQWGW1A67XaHN4eOa0f6L4YDUBJ2N2FQdIdMUBS7bKZ0f5H1bIO58YZVe9P9FSVCG3cJK8TER
0 14
0 27
1 12
1 33
2 21
2 22
3 3
3 38
4 25
4 29
5 10
5 13
6 26
6 32
7 16
7 32
8 1
8 10
9 6
9 7
10 33
10 36
11 17
11 23
12 4
12 40
13 24
13 36
14 0
14 41
15 6
15 21
16 4
16 34
17 13
17 30
18 11
18 19
19 2
19 23
20 2
20 15
21 26
21 39
22 18
22 39
23 22
23 30
24 11
24 28
25 7
25 37
26 20
26 35
27 0
27 41
28 5
28 17
29 1
29 37
30 18
30 24
31 5
31 8
32 34
32 35
33 31
33 40
34 9
34 25
35 9
35 15
36 28
36 31
37 12
37 16
38 3
38 38
39 19
39 20
40 8
40 29
41 14
41 27

# solution 177
# n=42 sym=rot4 status=verified source=flammenkamp_cache/n42_rot4
# code=o4INV9MGSZfLT4G9VHRYd17CM5U3O8QEKZcDX1f2B5QFaUd0e8S36LRFXHcBaJTYe27EOAWPbCK06DPJWAINb
0 4
0 18
1 23
1 31
2 9
2 22
3 16
3 28
4 35
4 41
5 21
5 29
6 4
6 16
7 9
7 31
8 17
8 27
9 34
9 39
10 1
10 7
11 12
11 22
12 5
12 30
13 3
13 24
14 8
14 26
15 14
15 20
16 35
16 38
17 13
17 33
18 1
18 41
19 2
19 11
20 5
20 26
21 15
21 36
22 30
22 39
23 0
23 40
24 8
24 28
25 3
25 6
26 21
26 27
27 15
27 33
28 17
28 38
29 11
29 36
30 19
30 29
31 34
31 40
32 2
32 7
33 14
33 24
34 10
34 32
35 25
35 37
36 12
36 20
37 0
37 6
38 13
38 25
39 19
39 32
40 10
40 18
41 23
41 37

# solution 178
# n=42 sym=rot4 status=verified source=flammenkamp_cache/n42_rot4
# code=oBO9OMaFGBY2CGR4X7CDeLMbfXaRW6DKcZc01IN2AAQFVVdINef363LSZ9E5804JK1STY8bEPTd7UPQ5JHWHU
0 11
0 24
1 9
1 24
2 22
2 36
3 15
3 16
4 11
4 34
5 2
5 12
6 16
6 27
7 4
7 33
8 7
8 12
9 13
9 40
10 21
10 22
11 37
11 41
12 33
12 36
13 27
13 32
14 6
14 13
15 20
15 38
16 35
16 38
17 0
17 1
18 18
18 23
19 2
19 10
20 10
20 26
21 15
21 31
22 31
22 39
23 18
23 23
24 40
24 41
25 3
25 6
26 3
26 21
27 28
27 35
28 9
28 14
29 5
29 8
30 0
30 4
31 19
31 20
32 1
32 28
33 29
33 34
34 8
34 37
35 14
35 25
36 29
36 39
37 7
37 30
38 25
38 26
39 5
39 19
40 17
40 32
41 17
41 30

# solution 179
# n=42 sym=rot4 status=verified source=flammenkamp_cache/n42_rot4
# code=oHVHRKUBPXZ9D4PJX47Ca0M2cQWRa1DCK36efINAYQd2F7VIN01ZcLTSe5E9F3dJf5TYb8MGbSW68GUBLEOAO
0 17
0 31
1 17
1 27
2 20
2 30
3 11
3 25
4 33
4 35
5 9
5 13
6 4
6 25
7 19
7 33
8 4
8 7
9 12
9 36
10 0
10 22
11 2
11 38
12 26
12 32
13 27
13 36
14 1
14 13
15 12
15 20
16 3
16 6
17 40
17 41
18 18
18 23
19 10
19 34
20 26
20 39
21 2
21 15
22 7
22 31
23 18
23 23
24 0
24 1
25 35
25 38
26 21
26 29
27 28
27 40
28 5
28 14
29 9
29 15
30 3
30 39
31 19
31 41
32 5
32 29
33 34
33 37
34 8
34 22
35 16
35 37
36 28
36 32
37 6
37 8
38 16
38 30
39 11
39 21
40 14
40 24
41 10
41 24

# solution 180
# n=42 sym=rot4 status=verified source=flammenkamp_cache/n42_rot4
# code=oCHPQDTLa8G36EaIUVbOV897R2fIdBZ1K1b9fSYJM3QFcJM7D0W4eLe6U2N0dEYWXAH4ABN5RZcPX5KCSFGOT
0 12
0 17
1 25
1 26
2 13
2 29
3 21
3 36
4 8
4 16
5 3
5 6
6 14
6 36
7 18
7 30
8 31
8 37
9 24
9 31
10 8
10 9
11 7
11 27
12 2
12 41
13 18
13 39
14 11
14 35
15 1
15 20
16 1
16 37
17 9
17 41
18 28
18 34
19 19
19 22
20 3
20 26
21 15
21 38
22 19
22 22
23 7
23 13
24 0
24 32
25 4
25 40
26 21
26 40
27 6
27 30
28 2
28 23
29 0
29 39
30 14
30 34
31 32
31 33
32 10
32 17
33 4
33 10
34 11
34 23
35 5
35 27
36 35
36 38
37 25
37 33
38 5
38 20
39 12
39 28
40 15
40 16
41 24
41 29

# solution 181
# n=42 sym=rot4 status=verified source=flammenkamp_cache/n42_rot4
# code=o4KPW6BGHBfRVNd9OAJ1Y5XbdMNDS5FKR1c7c6CCXQf0F8TTZ3Y3eELQaDSIJ248a7eMVHW2IAE0UOPUZ9GLb
0 4
0 20
1 25
1 32
2 6
2 11
3 16
3 17
4 11
4 41
5 27
5 31
6 23
6 39
7 9
7 24
8 10
8 19
9 1
9 34
10 5
10 33
11 37
11 39
12 22
12 23
13 13
13 28
14 5
14 15
15 20
15 27
16 1
16 38
17 7
17 38
18 6
18 12
19 12
19 33
20 26
20 41
21 0
21 15
22 8
22 29
23 29
23 35
24 3
24 34
25 3
25 40
26 14
26 21
27 26
27 36
28 13
28 28
29 18
29 19
30 2
30 4
31 8
31 36
32 7
32 40
33 22
33 31
34 17
34 32
35 2
35 18
36 10
36 14
37 0
37 30
38 24
38 25
39 30
39 35
40 9
40 16
41 21
41 37

# solution 182
# n=42 sym=rot4 status=verified source=flammenkamp_cache/n42_rot4
# code=oHJPQ4PUVEdEVWY6OCL6B353WIXDSab1L127fJTNf8FQX0ICM0YdeKe45DS8N9cacUZKTHZ79AR2RABGbFGMO
0 17
0 19
1 25
1 26
2 4
2 25
3 30
3 31
4 14
4 39
5 14
5 31
6 32
6 34
7 6
7 24
8 12
8 21
9 6
9 11
10 3
10 5
11 3
11 32
12 18
12 33
13 13
13 28
14 36
14 37
15 1
15 21
16 1
16 2
17 7
17 41
18 19
18 29
19 23
19 41
20 8
20 15
21 26
21 33
22 0
22 18
23 12
23 22
24 0
24 34
25 39
25 40
26 20
26 40
27 4
27 5
28 13
28 28
29 8
29 23
30 9
30 38
31 36
31 38
32 30
32 35
33 20
33 29
34 17
34 35
35 7
35 9
36 10
36 27
37 2
37 27
38 10
38 11
39 16
39 37
40 15
40 16
41 22
41 24

# solution 183
# n=42 sym=rot4 status=verified source=flammenkamp_cache/n42_rot4
# code=oKNJPACIP5URbAC89OYSYZd4MZd9F5HKS138R0cBeQf0F1U3fEXceDLOaQW26Jb267D7HWXTV4EBaGNTVGMIL
0 20
0 23
1 19
1 25
2 10
2 12
3 18
3 25
4 5
4 30
5 27
5 37
6 10
6 12
7 8
7 9
8 24
8 34
9 28
9 34
10 35
10 39
11 4
11 22
12 35
12 39
13 9
13 15
14 5
14 17
15 20
15 28
16 1
16 3
17 8
17 27
18 0
18 38
19 11
19 40
20 26
20 41
21 0
21 15
22 1
22 30
23 3
23 41
24 14
24 33
25 38
25 40
26 13
26 21
27 24
27 36
28 26
28 32
29 2
29 6
30 19
30 37
31 2
31 6
32 7
32 13
33 7
33 17
34 32
34 33
35 29
35 31
36 4
36 14
37 11
37 36
38 16
38 23
39 29
39 31
40 16
40 22
41 18
41 21

# solution 184
# n=42 sym=rot4 status=verified source=flammenkamp_cache/n42_rot4
# code=oCIGIDGJSTZQY475ZKMHRAVHR4f3d9B5KdeUWef8cQX8F3X019B12LaUW2c0bEOAVEOJL6aYb7F6CDMPSNPNT
0 12
0 18
1 16
1 18
2 13
2 16
3 19
3 28
4 29
4 35
5 26
5 34
6 4
6 7
7 5
7 35
8 20
8 22
9 17
9 27
10 10
10 31
11 17
11 27
12 4
12 41
13 3
13 39
14 9
14 11
15 5
15 20
16 39
16 40
17 30
17 32
18 40
18 41
19 8
19 38
20 26
20 33
21 8
21 15
22 3
22 33
23 0
23 1
24 9
24 11
25 1
25 2
26 21
26 36
27 30
27 32
28 2
28 38
29 0
29 37
30 14
30 24
31 10
31 31
32 14
32 24
33 19
33 21
34 6
34 36
35 34
35 37
36 7
36 15
37 6
37 12
38 13
38 22
39 25
39 28
40 23
40 25
41 23
41 29

# solution 185
# n=42 sym=rot4 status=verified source=flammenkamp_cache/n42_rot4
# code=o7GGNBSIJCD9JXY6f6VEa8KOdFb2bOWKTefBE1cacQVAF353eRU01CL9H4d4Q2HLX5RAZ0Z78MWSTMNDUIPPY
0 7
0 16
1 16
1 23
2 11
2 28
3 18
3 19
4 12
4 13
5 9
5 19
6 33
6 34
7 6
7 41
8 6
8 31
9 14
9 36
10 8
10 20
11 24
11 39
12 15
12 37
13 2
13 37
14 24
14 32
15 20
15 29
16 40
16 41
17 11
17 14
18 1
18 38
19 36
19 38
20 26
20 31
21 10
21 15
22 3
22 5
23 3
23 40
24 27
24 30
25 0
25 1
26 12
26 21
27 9
27 17
28 4
28 39
29 4
29 26
30 2
30 17
31 21
31 33
32 5
32 27
33 10
33 35
34 0
34 35
35 7
35 8
36 22
36 32
37 28
37 29
38 22
38 23
39 13
39 30
40 18
40 25
41 25
41 34

# solution 186
# n=42 sym=rot4 status=verified source=flammenkamp_cache/n42_rot4
# code=oJPFP9SCYHS5a7C3ZKNAdRWJNZc24AHKe01Rb8BUfQX8F0BUX4Eef1LOVbd36IM9E2VIL6cTY5aDO7TDWGQGM
0 19
0 25
1 15
1 25
2 9
2 28
3 12
3 34
4 17
4 28
5 5
5 36
6 7
6 12
7 3
7 35
8 20
8 23
9 10
9 39
10 27
10 32
11 19
11 23
12 35
12 38
13 2
13 4
14 10
14 17
15 20
15 40
16 0
16 1
17 27
17 37
18 8
18 11
19 30
19 41
20 26
20 33
21 8
21 15
22 0
22 11
23 30
23 33
24 4
24 14
25 40
25 41
26 1
26 21
27 24
27 31
28 37
28 39
29 3
29 6
30 18
30 22
31 9
31 14
32 2
32 31
33 18
33 21
34 6
34 38
35 29
35 34
36 5
36 36
37 13
37 24
38 7
38 29
39 13
39 32
40 16
40 26
41 16
41 22

# solution 187
# n=42 sym=rot4 status=verified source=flammenkamp_cache/n42_rot4
# code=oCDAU6IOS5FUb9dQTAKGZXe157f3fLN7bHW3PEdJMEX8RJM2RGc9O4YIK0c0Yae186PLVCF2W4BQaDHNZBVST
0 12
0 13
1 10
1 30
2 6
2 18
3 24
3 28
4 5
4 15
5 30
5 37
6 9
6 39
7 26
7 29
8 10
8 20
9 16
9 35
10 33
10 40
11 1
11 5
12 7
12 41
13 3
13 41
14 21
14 23
15 7
15 37
16 17
16 32
17 3
17 25
18 14
18 39
19 19
19 22
20 14
20 33
21 8
21 27
22 19
22 22
23 2
23 27
24 16
24 38
25 9
25 24
26 4
26 34
27 18
27 20
28 0
28 38
29 0
29 34
30 36
30 40
31 1
31 8
32 6
32 25
33 21
33 31
34 12
34 15
35 2
35 32
36 4
36 11
37 26
37 36
38 13
38 17
39 23
39 35
40 11
40 31
41 28
41 29

# solution 188
# n=42 sym=rot4 status=verified source=flammenkamp_cache/n42_rot4
# code=oAQHPIYLSXZES4B2Q4TACWfHZ8W35La071IUePdJM3ERcJM2G1BNeYf5Kac9X6O09TVCbFdUbDR68DK7NGOFV
0 10
0 26
1 17
1 25
2 18
2 34
3 21
3 28
4 33
4 35
5 14
5 28
6 4
6 11
7 2
7 26
8 4
8 29
9 10
9 12
10 32
10 41
11 17
11 35
12 8
12 32
13 3
13 5
14 21
14 36
15 0
15 7
16 1
16 18
17 30
17 40
18 25
18 39
19 19
19 22
20 3
20 14
21 27
21 38
22 19
22 22
23 2
23 16
24 1
24 11
25 23
25 40
26 34
26 41
27 5
27 20
28 36
28 38
29 9
29 33
30 6
30 24
31 0
31 9
32 29
32 31
33 12
33 37
34 15
34 39
35 30
35 37
36 13
36 27
37 6
37 8
38 13
38 20
39 7
39 23
40 16
40 24
41 15
41 31

# solution 189
# n=42 sym=rot4 status=verified source=flammenkamp_cache/n42_rot4
# code=oCFGOILPSXa4ABC9O4FVY9aSZZf3BKNXf3e17EdJM2REdJM2RYe1c08ILUc066D5W7AQbHWTUVb58DGKNHPQT
0 12
0 15
1 16
1 24
2 18
2 21
3 25
3 28
4 33
4 36
5 4
5 10
6 11
6 12
7 9
7 24
8 4
8 15
9 31
9 34
10 9
10 36
11 28
11 35
12 35
12 41
13 3
13 11
14 20
14 23
15 33
15 41
16 3
16 40
17 1
17 7
18 14
18 39
19 19
19 22
20 2
20 27
21 14
21 39
22 19
22 22
23 2
23 27
24 34
24 40
25 1
25 38
26 0
26 8
27 18
27 21
28 30
28 38
29 0
29 6
30 6
30 13
31 5
31 32
32 7
32 10
33 26
33 37
34 17
34 32
35 29
35 30
36 31
36 37
37 5
37 8
38 13
38 16
39 20
39 23
40 17
40 25
41 26
41 29

# solution 190
# n=42 sym=rot4 status=verified source=flammenkamp_cache/n42_rot4
# code=oGLCS7SPU8IEZ5BXd7bCFIO3ZWe12LaHW3fAQVbJM0ERfJM4AFV0c9O5Kde196cHNQT4Y28Ua6RNXBGDYDTKP
0 16
0 21
1 12
1 28
2 7
2 28
3 25
3 30
4 8
4 18
5 14
5 35
6 5
6 11
7 33
7 39
8 7
8 37
9 12
9 15
10 18
10 24
11 3
11 35
12 32
12 40
13 1
13 2
14 21
14 36
15 17
15 32
16 3
16 41
17 10
17 26
18 31
18 37
19 19
19 22
20 0
20 14
21 27
21 41
22 19
22 22
23 4
23 10
24 15
24 31
25 0
25 38
26 9
26 24
27 5
27 20
28 39
28 40
29 1
29 9
30 6
30 38
31 17
31 23
32 26
32 29
33 4
33 34
34 2
34 8
35 30
35 36
36 6
36 27
37 23
37 33
38 11
38 16
39 13
39 34
40 13
40 29
41 20
41 25

# solution 191
# n=42 sym=rot4 status=verified source=flammenkamp_cache/n42_rot4
# code=oFOASTZ9KOXPV2Y6F4IBc5eIW2D1TKPYf5E04UXJMRc3EJM8BbfRa07GLCeSd9N1a3UNbQZ7dAG8HLW6CDVHQ
0 15
0 24
1 10
1 28
2 29
2 35
3 9
3 20
4 24
4 33
5 25
5 31
6 2
6 34
7 6
7 15
8 4
8 18
9 11
9 38
10 5
10 40
11 18
11 32
12 2
12 13
13 1
13 29
14 20
14 25
15 34
15 41
16 5
16 14
17 0
17 4
18 30
18 33
19 19
19 22
20 27
20 38
21 3
21 14
22 19
22 22
23 8
23 11
24 37
24 41
25 27
25 36
26 0
26 7
27 16
27 21
28 12
28 40
29 28
29 39
30 9
30 23
31 1
31 36
32 3
32 30
33 23
33 37
34 26
34 35
35 7
35 39
36 10
36 16
37 8
37 17
38 21
38 32
39 6
39 12
40 13
40 31
41 17
41 26

# solution 192
# n=42 sym=rot4 status=verified source=flammenkamp_cache/n42_rot4
# code=oKTEH9VSZDIPU388NYZOd2C5Q0V3bKeBG5Q9e7bJMRf0EJM4Y1WFaPU1L4cAfFaTd2H67IXXcBGNS6DAWORCL
0 20
0 29
1 14
1 17
2 9
2 31
3 28
3 35
4 13
4 18
5 25
5 30
6 3
6 8
7 8
7 23
8 34
8 35
9 24
9 39
10 2
10 12
11 5
11 26
12 0
12 31
13 3
13 37
14 20
14 40
15 11
15 16
16 5
16 26
17 9
17 40
18 7
18 37
19 19
19 22
20 27
20 41
21 0
21 14
22 19
22 22
23 4
23 34
24 1
24 32
25 15
25 36
26 25
26 30
27 1
27 21
28 4
28 38
29 10
29 41
30 15
30 36
31 29
31 39
32 2
32 17
33 6
33 7
34 18
34 33
35 33
35 38
36 11
36 16
37 23
37 28
38 6
38 13
39 10
39 32
40 24
40 27
41 12
41 21

# solution 193
# n=42 sym=rot4 status=verified source=flammenkamp_cache/n42_rot4
# code=oFTTUIP8GIa497EVZVcOa781L01FOKZSf2c9DbdJMBREUJM24SW3d0D6LHQefKeXY5H3A6ARYWb5NPXGNBCCQ
0 15
0 29
1 29
1 30
2 18
2 25
3 8
3 16
4 18
4 36
5 4
5 9
6 7
6 14
7 31
7 35
8 31
8 38
9 24
9 36
10 7
10 8
11 1
11 21
12 0
12 1
13 15
13 24
14 20
14 35
15 28
15 41
16 2
16 38
17 9
17 13
18 37
18 39
19 19
19 22
20 11
20 27
21 14
21 30
22 19
22 22
23 2
23 4
24 28
24 32
25 3
25 39
26 0
26 13
27 6
27 21
28 17
28 26
29 40
29 41
30 20
30 40
31 33
31 34
32 5
32 17
33 3
33 10
34 6
34 10
35 27
35 34
36 32
36 37
37 5
37 23
38 25
38 33
39 16
39 23
40 11
40 12
41 12
41 26

# solution 194
# n=42 sym=rot4 status=verified source=flammenkamp_cache/n42_rot4
# code=oFNTUEMGXWYBYGQ453V4O8D1a1LHVLd6fZc9S0J2NCERTIdMfDW360Z2KAOKe5eSXHbAcabFP7U798PJRBCIQ
0 15
0 23
1 29
1 30
2 14
2 22
3 16
3 33
4 32
4 34
5 11
5 34
6 16
6 26
7 4
7 5
8 3
8 31
9 4
9 24
10 8
10 13
11 1
11 36
12 1
12 21
13 17
13 31
14 21
14 39
15 6
15 41
16 35
16 38
17 9
17 28
18 0
18 19
19 2
19 23
20 12
20 14
21 27
21 29
22 18
22 39
23 22
23 41
24 13
24 32
25 3
25 6
26 0
26 35
27 2
27 20
28 10
28 24
29 20
29 40
30 5
30 40
31 28
31 33
32 17
32 37
33 10
33 38
34 36
34 37
35 15
35 25
36 7
36 30
37 7
37 9
38 8
38 25
39 19
39 27
40 11
40 12
41 18
41 26

# solution 195
# n=42 sym=rot4 status=verified source=flammenkamp_cache/n42_rot4
# code=oFNTUEMGX7WBYGQ5b3V4O8D1a1LHVLd6fZc9S0J2NCERTIdMfDW360Z2KAOKe5eSXHbAc4aFP7U9Y8PJRBCIQ
0 15
0 23
1 29
1 30
2 14
2 22
3 16
3 33
4 7
4 32
5 11
5 34
6 16
6 26
7 5
7 37
8 3
8 31
9 4
9 24
10 8
10 13
11 1
11 36
12 1
12 21
13 17
13 31
14 21
14 39
15 6
15 41
16 35
16 38
17 9
17 28
18 0
18 19
19 2
19 23
20 12
20 14
21 27
21 29
22 18
22 39
23 22
23 41
24 13
24 32
25 3
25 6
26 0
26 35
27 2
27 20
28 10
28 24
29 20
29 40
30 5
30 40
31 28
31 33
32 17
32 37
33 10
33 38
34 4
34 36
35 15
35 25
36 7
36 30
37 9
37 34
38 8
38 25
39 19
39 27
40 11
40 12
41 18
41 26

# solution 196
# n=42 sym=rot4 status=verified source=flammenkamp_cache/n42_rot4
# code=oAGDVHPOZ5FWb3CJR8X5U1f9DKZUe7LNb2f3dFJNYETCR7IMQ2c0d4IKY1B6LSW0eBa8XEMTc49Qa6HGOASPV
0 10
0 16
1 13
1 31
2 17
2 25
3 24
3 35
4 5
4 15
5 32
5 37
6 3
6 12
7 19
7 27
8 8
8 33
9 5
9 30
10 1
10 41
11 9
11 13
12 20
12 35
13 30
13 40
14 7
14 21
15 23
15 37
16 2
16 41
17 3
17 39
18 15
18 19
19 23
19 34
20 14
20 29
21 12
21 27
22 7
22 18
23 22
23 26
24 2
24 38
25 0
25 39
26 4
26 18
27 20
27 34
28 1
28 11
29 6
29 21
30 28
30 32
31 0
31 40
32 11
32 36
33 8
33 33
34 14
34 22
35 29
35 38
36 4
36 9
37 26
37 36
38 6
38 17
39 16
39 24
40 10
40 28
41 25
41 31

# solution 197
# n=42 sym=rot4 status=verified source=flammenkamp_cache/n42_rot4
# code=oBKHQTV6FDS69ac8JIYCa2RPf2W4bAK1cBNJeGXOYRf0E7H8P1MIU3eLV4b9d0GEd5T7NMX35WZDSQZACFOLU
0 11
0 20
1 17
1 26
2 29
2 31
3 6
3 15
4 13
4 28
5 6
5 9
6 36
6 38
7 8
7 19
8 18
8 34
9 12
9 36
10 2
10 27
11 25
11 41
12 2
12 32
13 4
13 37
14 10
14 20
15 1
15 38
16 11
16 23
17 19
17 40
18 16
18 33
19 24
19 34
20 27
20 41
21 0
21 14
22 7
22 17
23 8
23 25
24 1
24 22
25 18
25 30
26 3
26 40
27 21
27 31
28 4
28 37
29 9
29 39
30 0
30 16
31 14
31 39
32 5
32 29
33 7
33 23
34 22
34 33
35 3
35 5
36 32
36 35
37 13
37 28
38 26
38 35
39 10
39 12
40 15
40 24
41 21
41 30

# solution 198
# n=42 sym=rot4 status=verified source=flammenkamp_cache/n42_rot4
# code=oGKFUOVCJPa4SNXHU69NX2D17Ec5VKTJe4f2Y69QcRf0E3FWZ7d0b1MCLAa3RYeSd8IWZBO8IDb5GMTAHBQLP
0 16
0 20
1 15
1 30
2 24
2 31
3 12
3 19
4 25
4 36
5 4
5 28
6 23
6 33
7 17
7 30
8 6
8 9
9 23
9 33
10 2
10 13
11 1
11 7
12 14
12 38
13 5
13 31
14 20
14 29
15 19
15 40
16 4
16 41
17 2
17 34
18 6
18 9
19 26
19 38
20 27
20 41
21 0
21 14
22 3
22 15
23 32
23 35
24 7
24 39
25 0
25 37
26 1
26 22
27 12
27 21
28 10
28 36
29 3
29 27
30 34
30 40
31 28
31 39
32 8
32 18
33 32
33 35
34 11
34 24
35 8
35 18
36 13
36 37
37 5
37 16
38 22
38 29
39 10
39 17
40 11
40 26
41 21
41 25

# solution 199
# n=42 sym=rot4 status=verified source=flammenkamp_cache/n42_rot4
# code=oNTGd1DKT9D8PMVQWIa7b6UAO03bdLO7J5eBE0X6QEc3RFZ8fRU1aMYHK24cfHVBZ4Y5N9FAJGXSWCLSe2PCI
0 23
0 29
1 16
1 39
2 1
2 13
3 20
3 29
4 9
4 13
5 8
5 25
6 22
6 31
7 26
7 32
8 18
8 36
9 7
9 37
10 6
10 30
11 10
11 24
12 0
12 3
13 37
13 39
14 21
14 24
15 7
15 19
16 5
16 40
17 11
17 14
18 0
18 33
19 6
19 26
20 14
20 38
21 3
21 27
22 15
22 35
23 8
23 41
24 27
24 30
25 1
25 36
26 22
26 34
27 17
27 20
28 2
28 4
29 38
29 41
30 17
30 31
31 11
31 35
32 4
32 34
33 5
33 23
34 9
34 15
35 10
35 19
36 16
36 33
37 28
37 32
38 12
38 21
39 28
39 40
40 2
40 25
41 12
41 18

# solution 200
# n=42 sym=rot4 status=verified source=flammenkamp_cache/n42_rot4
# code=oGIANMV9T5YXbHL4Q5DUc2e9G3EOXLT7JUfDZ1f2Q6ERZFd0e6S0BMYCK8HRcPW1d3BSaFbKO487aCWAJIVNP
0 16
0 18
1 10
1 23
2 22
2 31
3 9
3 29
4 5
4 34
5 33
5 37
6 17
6 21
7 4
7 26
8 5
8 13
9 30
9 38
10 2
10 40
11 9
11 16
12 3
12 14
13 24
13 33
14 21
14 29
15 7
15 19
16 30
16 41
17 13
17 35
18 1
18 41
19 2
19 26
20 6
20 14
21 27
21 35
22 15
22 39
23 0
23 40
24 6
24 28
25 0
25 11
26 22
26 34
27 12
27 20
28 8
28 17
29 27
29 38
30 25
30 32
31 1
31 39
32 3
32 11
33 28
33 36
34 15
34 37
35 20
35 24
36 4
36 8
37 7
37 36
38 12
38 32
39 10
39 19
40 18
40 31
41 23
41 25

# solution 201
# n=42 sym=rot4 status=verified source=flammenkamp_cache/n42_rot4
# code=oMNDWBGHNVa4CGVCO9L1X46FdYaFeKMSUZd7c030E8REXRfcf3Y26BDJL1Q572QZb8eKWHTAPTb5AIOPU9SIJ
0 22
0 23
1 13
1 32
2 11
2 16
3 17
3 23
4 31
4 36
5 4
5 12
6 16
6 31
7 12
7 24
8 9
8 21
9 1
9 33
10 4
10 6
11 15
11 39
12 34
12 36
13 15
13 40
14 20
14 22
15 28
15 30
16 35
16 39
17 7
17 38
18 0
18 3
19 0
19 14
20 8
20 27
21 14
21 33
22 27
22 41
23 38
23 41
24 3
24 34
25 2
25 6
26 11
26 13
27 19
27 21
28 1
28 26
29 5
29 7
30 2
30 26
31 35
31 37
32 8
32 40
33 20
33 32
34 17
34 29
35 10
35 25
36 29
36 37
37 5
37 10
38 18
38 24
39 25
39 30
40 9
40 28
41 18
41 19

# solution 202
# n=42 sym=rot4 status=verified source=flammenkamp_cache/n42_rot4
# code=oATDUMOUX7ZGK4HWb3F7NRf130PJeAKIXCa2Z9Q2SRa5EDdFW6d5T8NLV1MGfce0EIYQc49ObLP6Y8BHJBSCV
0 10
0 29
1 13
1 30
2 22
2 24
3 30
3 33
4 7
4 35
5 16
5 20
6 4
6 17
7 32
7 37
8 3
8 15
9 7
9 23
10 27
10 41
11 1
11 3
12 0
12 25
13 19
13 40
14 10
14 20
15 18
15 33
16 12
16 36
17 2
17 35
18 9
18 26
19 2
19 28
20 27
20 36
21 5
21 14
22 13
22 39
23 15
23 32
24 6
24 39
25 5
25 29
26 8
26 23
27 21
27 31
28 1
28 22
29 16
29 41
30 38
30 40
31 0
31 14
32 18
32 34
33 26
33 38
34 4
34 9
35 24
35 37
36 21
36 25
37 6
37 34
38 8
38 11
39 17
39 19
40 11
40 28
41 12
41 31

# solution 203
# n=42 sym=rot4 status=verified source=flammenkamp_cache/n42_rot4
# code=oOVCPEINU6XHVQb9X47JY053PQeJKKd6C1B0a3dSWRSDE9D2c5fUeTZ2LLM1FGcaf7MYb8W4FAO8ZBINRGTAH
0 24
0 31
1 12
1 25
2 14
2 18
3 23
3 30
4 6
4 33
5 17
5 31
6 26
6 37
7 9
7 33
8 4
8 7
9 19
9 34
10 0
10 5
11 3
11 25
12 26
12 40
13 19
13 20
14 20
14 39
15 6
15 12
16 1
16 11
17 0
17 36
18 3
18 39
19 28
19 32
20 27
20 28
21 13
21 14
22 9
22 13
23 2
23 38
24 5
24 41
25 30
25 40
26 29
26 35
27 2
27 21
28 21
28 22
29 1
29 15
30 16
30 38
31 36
31 41
32 7
32 22
33 34
33 37
34 8
34 32
35 4
35 15
36 10
36 24
37 8
37 35
38 11
38 18
39 23
39 27
40 16
40 29
41 10
41 17

# solution 204
# n=42 sym=rot4 status=verified source=flammenkamp_cache/n42_rot4
# code=oEINP7J3cXZCF4OFd4VOV89GKSaCMKfYa1U691fDdRUBE2S0eWZBe570LJT5DLPWXAHAb2QHbQT683cMYGINR
0 14
0 18
1 23
1 25
2 7
2 19
3 3
3 38
4 33
4 35
5 12
5 15
6 4
6 24
7 15
7 39
8 4
8 31
9 24
9 31
10 8
10 9
11 16
11 20
12 28
12 36
13 12
13 22
14 20
14 41
15 34
15 36
16 1
16 30
17 6
17 9
18 1
18 41
19 13
19 39
20 27
20 30
21 11
21 14
22 2
22 28
23 0
23 40
24 32
24 35
25 11
25 40
26 5
26 7
27 0
27 21
28 19
28 29
29 5
29 13
30 21
30 25
31 32
31 33
32 10
32 17
33 10
33 37
34 2
34 26
35 17
35 37
36 26
36 29
37 6
37 8
38 3
38 38
39 22
39 34
40 16
40 18
41 23
41 27

# solution 205
# n=42 sym=rot4 status=verified source=flammenkamp_cache/n42_rot4
# code=oMVFGOPEU698WIbHNTa5b0F3C8ULMKcVe2e2Y7Z0DDRESSf6Y7d1d1A3LJKBXTcQf4a5CIO4N9XWZBRGHPQAJ
0 22
0 31
1 15
1 16
2 24
2 25
3 14
3 30
4 6
4 9
5 8
5 32
6 18
6 37
7 17
7 23
8 29
8 36
9 5
9 37
10 0
10 15
11 3
11 12
12 8
12 30
13 21
13 22
14 20
14 38
15 31
15 40
16 2
16 40
17 2
17 34
18 7
18 35
19 0
19 13
20 13
20 27
21 14
21 28
22 28
22 41
23 6
23 34
24 7
24 39
25 1
25 39
26 1
26 10
27 3
27 21
28 19
28 20
29 11
29 33
30 29
30 38
31 26
31 41
32 4
32 36
33 5
33 12
34 18
34 24
35 4
35 23
36 9
36 33
37 32
37 35
38 11
38 27
39 16
39 17
40 25
40 26
41 10
41 19

# solution 206
# n=42 sym=rot4 status=verified source=flammenkamp_cache/n42_rot4
# code=o8R5VFJGKGNOeCU89YfOY1D6QJZNV0KBdbc594DTdRc3E2CSbWa342ULfAI6MFZSe7H07WXBT1HIPLPMQAaEX
0 8
0 27
1 5
1 31
2 15
2 19
3 16
3 20
4 16
4 23
5 24
5 40
6 12
6 30
7 8
7 9
8 34
8 41
9 24
9 34
10 1
10 13
11 6
11 26
12 19
12 35
13 23
13 31
14 0
14 20
15 11
15 39
16 37
16 38
17 5
17 9
18 4
18 13
19 29
19 39
20 27
20 38
21 3
21 14
22 2
22 12
23 28
23 37
24 32
24 36
25 3
25 4
26 2
26 30
27 21
27 41
28 10
28 18
29 6
29 22
30 15
30 35
31 28
31 40
32 7
32 17
33 0
33 7
34 32
34 33
35 11
35 29
36 1
36 17
37 18
37 25
38 21
38 25
39 22
39 26
40 10
40 36
41 14
41 33

# solution 207
# n=42 sym=rot4 status=verified source=flammenkamp_cache/n42_rot4
# code=oGIHSBTPWWa4YBV5VKM3467Zd2J1RDKIO3fFeQf8TRX8ECX0F1Q0cHNLSEeMd26YZbcJLAaAU7b599GCUDONP
0 16
0 18
1 17
1 28
2 11
2 29
3 25
3 32
4 32
4 36
5 4
5 34
6 11
6 31
7 5
7 31
8 20
8 22
9 3
9 4
10 6
10 7
11 35
11 39
12 2
12 19
13 1
13 27
14 13
14 20
15 18
15 24
16 3
16 41
17 15
17 40
18 26
18 41
19 8
19 29
20 27
20 33
21 8
21 14
22 12
22 33
23 0
23 15
24 1
24 26
25 0
25 38
26 17
26 23
27 21
27 28
28 14
28 40
29 22
29 39
30 2
30 6
31 34
31 35
32 37
32 38
33 19
33 21
34 10
34 36
35 10
35 30
36 7
36 37
37 5
37 9
38 9
38 16
39 12
39 30
40 13
40 24
41 23
41 25

# solution 208
# n=42 sym=rot4 status=verified source=flammenkamp_cache/n42_rot4
# code=oFM4DAPTXVe7KIUOa39IX4d6E3MFeKUSf2H7PWZ0CRa5ETf69GYOd0DBL1QJcRZ2b8NWc5HBNLY1A8CGVSbJQ
0 15
0 22
1 4
1 13
2 10
2 25
3 29
3 33
4 31
4 40
5 7
5 20
6 18
6 30
7 24
7 36
8 3
8 9
9 18
9 33
10 4
10 39
11 6
11 14
12 3
12 22
13 15
13 40
14 20
14 30
15 28
15 41
16 2
16 17
17 7
17 25
18 32
18 35
19 0
19 12
20 27
20 36
21 5
21 14
22 29
22 41
23 6
23 9
24 16
24 34
25 24
25 39
26 0
26 13
27 11
27 21
28 1
28 26
29 19
29 38
30 27
30 35
31 2
31 37
32 8
32 23
33 32
33 38
34 5
34 17
35 11
35 23
36 21
36 34
37 1
37 10
38 8
38 12
39 16
39 31
40 28
40 37
41 19
41 26

# solution 209
# n=42 sym=rot4 status=verified source=flammenkamp_cache/n42_rot4
# code=oEFNUKOXZADCO3I8W3Y7MQb1JDaTbKfAfGP251Z9URd2EBW6eadGP0V0L4C5SMe4FJY7c9XNcHTSV68HLBIQR
0 14
0 15
1 23
1 30
2 20
2 24
3 33
3 35
4 10
4 13
5 12
5 24
6 3
6 18
7 8
7 32
8 3
8 34
9 7
9 22
10 26
10 37
11 1
11 19
12 13
12 36
13 29
13 37
14 20
14 41
15 10
15 41
16 16
16 25
17 2
17 5
18 1
18 35
19 9
19 30
20 27
20 39
21 2
21 14
22 11
22 32
23 6
23 40
24 36
24 39
25 16
25 25
26 0
26 31
27 0
27 21
28 4
28 12
29 5
29 28
30 22
30 40
31 4
31 15
32 19
32 34
33 7
33 38
34 9
34 33
35 23
35 38
36 17
36 29
37 28
37 31
38 6
38 8
39 17
39 21
40 11
40 18
41 26
41 27

# solution 210
# n=42 sym=rot4 status=verified source=flammenkamp_cache/n42_rot4
# code=oRV3VFHKeHZMW4GPUDW58017MISCX0LId7ZbdQT5BEc3RUaCF246Y2NKf8TDNJYefXa9SBGPb9J6O1LOQAcAE
0 27
0 31
1 3
1 31
2 15
2 17
3 20
3 40
4 17
4 35
5 22
5 32
6 4
6 16
7 25
7 30
8 13
8 32
9 5
9 8
10 0
10 1
11 7
11 22
12 18
12 28
13 12
13 33
14 0
14 21
15 18
15 39
16 7
16 35
17 37
17 39
18 26
18 29
19 5
19 11
20 14
20 38
21 3
21 27
22 30
22 36
23 12
23 15
24 2
24 4
25 6
25 34
26 2
26 23
27 20
27 41
28 8
28 29
29 13
29 23
30 19
30 34
31 40
31 41
32 33
32 36
33 9
33 28
34 11
34 16
35 25
35 37
36 9
36 19
37 6
37 24
38 1
38 21
39 24
39 26
40 10
40 38
41 10
41 14

# solution 211
# n=42 sym=rot4 status=verified source=flammenkamp_cache/n42_rot4
# code=oIVBPEbJV2H6YTa5PDODK03Me6QWXLdCI178bQfBcEW9R3U0F4XYeNT2K89FZ1JcfLSHSGa5C7ZOdAM4RGUAN
0 18
0 31
1 11
1 25
2 14
2 37
3 19
3 31
4 2
4 17
5 6
5 34
6 29
6 36
7 5
7 25
8 13
8 24
9 13
9 20
10 0
10 3
11 22
11 40
12 6
12 26
13 32
13 33
14 21
14 39
15 12
15 18
16 1
16 7
17 8
17 37
18 26
18 41
19 11
19 38
20 14
20 32
21 9
21 27
22 3
22 30
23 0
23 15
24 4
24 33
25 34
25 40
26 23
26 29
27 2
27 20
28 8
28 9
29 15
29 35
30 1
30 19
31 38
31 41
32 21
32 28
33 17
33 28
34 16
34 36
35 5
35 12
36 7
36 35
37 24
37 39
38 10
38 22
39 4
39 27
40 16
40 30
41 10
41 23

# solution 212
# n=42 sym=rot4 status=verified source=flammenkamp_cache/n42_rot4
# code=oHTFZQWPZ5LSb13ISCI2AJWMP0X57HK2e3BRfXYBV4REbAU780EUc1dLOYa8fGJ9MVdNTDNce4DKa6G9F6QCO
0 17
0 29
1 15
1 35
2 26
2 32
3 25
3 35
4 5
4 21
5 28
5 37
6 1
6 3
7 18
7 28
8 12
8 18
9 2
9 10
10 19
10 32
11 22
11 25
12 0
12 33
13 5
13 7
14 17
14 20
15 2
15 40
16 3
16 11
17 27
17 41
18 33
18 34
19 11
19 31
20 4
20 27
21 14
21 37
22 10
22 30
23 7
23 8
24 0
24 14
25 30
25 38
26 1
26 39
27 21
27 24
28 34
28 36
29 8
29 41
30 16
30 19
31 9
31 22
32 31
32 39
33 23
33 29
34 13
34 23
35 38
35 40
36 4
36 13
37 20
37 36
38 6
38 16
39 9
39 15
40 6
40 26
41 12
41 24

# solution 213
# n=42 sym=rot4 status=verified source=flammenkamp_cache/n42_rot4
# code=oHKIWDS6U8OETAcJWIb17JZ3P5Q2dKaCGBQ4fXeVYRf0E7A180bFUPT5L2dFaGc6MYe4N9M3VCRHXBZDS9NLO
0 17
0 20
1 18
1 32
2 13
2 28
3 6
3 30
4 8
4 24
5 14
5 29
6 10
6 38
7 19
7 32
8 18
8 37
9 1
9 7
10 19
10 35
11 3
11 25
12 5
12 26
13 2
13 39
14 20
14 36
15 12
15 16
16 11
16 26
17 4
17 41
18 33
18 40
19 31
19 34
20 27
20 41
21 0
21 14
22 7
22 10
23 1
23 8
24 0
24 37
25 15
25 30
26 25
26 29
27 5
27 21
28 2
28 39
29 15
29 36
30 16
30 38
31 6
31 22
32 34
32 40
33 4
33 23
34 9
34 22
35 3
35 31
36 12
36 27
37 17
37 33
38 11
38 35
39 13
39 28
40 9
40 23
41 21
41 24

# solution 214
# n=42 sym=rot4 status=verified source=flammenkamp_cache/n42_rot4
# code=oHQVWCM4Eac4S8G9LCZ1Y1JFOXd5PKc0UDZBfIN2V7REYAdIN0U6SBf3LGa28HQMe7e6TKWPXDb35RbJT9AFO
0 17
0 26
1 31
1 32
2 12
2 22
3 4
3 14
4 36
4 38
5 4
5 28
6 8
6 16
7 9
7 21
8 12
8 35
9 1
9 34
10 1
10 19
11 15
11 24
12 33
12 39
13 5
13 25
14 20
14 38
15 0
15 30
16 13
16 35
17 11
17 41
18 18
18 23
19 2
19 31
20 7
20 27
21 14
21 34
22 10
22 39
23 18
23 23
24 0
24 30
25 6
25 28
26 11
26 41
27 3
27 21
28 16
28 36
29 2
29 8
30 17
30 26
31 22
31 40
32 7
32 40
33 6
33 29
34 20
34 32
35 25
35 33
36 13
36 37
37 3
37 5
38 27
38 37
39 19
39 29
40 9
40 10
41 15
41 24

# solution 215
# n=42 sym=rot4 status=verified source=flammenkamp_cache/n42_rot4
# code=oEYNPJUCXHVHKUY063CDJ4D26XcVWKfIP1Fab1QWdRa5E29Fe45QeGN0L9A38ZdSbMSTcZf7BLOAO8TBMGI7R
0 14
0 34
1 23
1 25
2 19
2 30
3 12
3 33
4 17
4 31
5 17
5 20
6 30
6 34
7 0
7 6
8 3
8 12
9 13
9 19
10 4
10 13
11 2
11 6
12 33
12 38
13 31
13 32
14 20
14 41
15 18
15 25
16 1
16 15
17 36
17 37
18 1
18 26
19 32
19 39
20 27
20 36
21 5
21 14
22 2
22 9
23 15
23 40
24 4
24 5
25 26
25 40
26 16
26 23
27 0
27 21
28 9
28 10
29 3
29 8
30 35
30 39
31 28
31 37
32 22
32 28
33 29
33 38
34 35
34 41
35 7
35 11
36 21
36 24
37 10
37 24
38 8
38 29
39 11
39 22
40 16
40 18
41 7
41 27

# solution 216
# n=42 sym=rot4 status=verified source=flammenkamp_cache/n42_rot4
# code=oRTDHKNOPMW7DUY6aIP4JTU6A0Aae0KFQ383e2X4WRd2E9b8d1cXcFQLf15VfVZBCMbGN5Z7BSY9JGHILOSCE
0 27
0 29
1 13
1 17
2 20
2 23
3 24
3 25
4 22
4 32
5 7
5 13
6 30
6 34
7 6
7 36
8 18
8 25
9 4
9 19
10 29
10 30
11 6
11 10
12 0
12 10
13 36
13 40
14 0
14 20
15 15
15 26
16 3
16 8
17 3
17 40
18 2
18 33
19 4
19 32
20 27
20 39
21 2
21 14
22 9
22 37
23 8
23 39
24 1
24 38
25 33
25 38
26 15
26 26
27 21
27 41
28 1
28 5
29 31
29 41
30 31
30 35
31 11
31 12
32 22
32 37
33 16
33 23
34 5
34 35
35 7
35 11
36 28
36 34
37 9
37 19
38 16
38 17
39 18
39 21
40 24
40 28
41 12
41 14

# solution 217
# n=42 sym=rot4 status=verified source=flammenkamp_cache/n42_rot4
# code=o8CIW6DKTMPGXUdEU5f1JAV673fQdLYDH4aIQOe4WEc3R9b1HFN5bOS7K2F0cYZAVMe0aBR2B8PGJCLSZ9NTX
0 8
0 12
1 18
1 32
2 6
2 13
3 20
3 29
4 22
4 25
5 16
5 33
6 30
6 39
7 14
7 30
8 5
8 41
9 1
9 19
10 10
10 31
11 6
11 7
12 3
12 41
13 26
13 39
14 21
14 34
15 13
15 17
16 4
16 36
17 18
17 26
18 24
18 40
19 4
19 32
20 14
20 38
21 3
21 27
22 9
22 37
23 1
23 17
24 15
24 23
25 5
25 37
26 24
26 28
27 7
27 20
28 2
28 15
29 0
29 38
30 34
30 35
31 10
31 31
32 22
32 40
33 0
33 36
34 11
34 27
35 2
35 11
36 8
36 25
37 16
37 19
38 12
38 21
39 28
39 35
40 9
40 23
41 29
41 33

# solution 218
# n=42 sym=rot4 status=verified source=flammenkamp_cache/n42_rot4
# code=oNP6LBDPYEJAOSe3A8XCJYaFdNW6dLbHU035Q0CWb1ERe49TfFacfBO4K2Z9I2Q57MT8XVc1DHVMR7GSUKZGI
0 23
0 25
1 6
1 21
2 11
2 13
3 25
3 34
4 14
4 19
5 10
5 24
6 28
6 40
7 3
7 10
8 8
8 33
9 12
9 19
10 34
10 36
11 15
11 39
12 23
12 32
13 6
13 39
14 21
14 37
15 17
15 30
16 0
16 3
17 5
17 26
18 0
18 12
19 32
19 37
20 1
20 14
21 27
21 40
22 4
22 9
23 29
23 41
24 15
24 36
25 38
25 41
26 11
26 24
27 4
27 20
28 2
28 35
29 9
29 18
30 2
30 26
31 5
31 7
32 22
32 29
33 8
33 33
34 31
34 38
35 1
35 13
36 17
36 31
37 22
37 27
38 7
38 16
39 28
39 30
40 20
40 35
41 16
41 18

# solution 219
# n=42 sym=rot4 status=verified source=flammenkamp_cache/n42_rot4
# code=oCFFKHUMSVa4DNXNU6CEM4H27Xf3aKWefGPVd6739Re1EWcYZ2AGP019L5c08YdObJRTZBI8ISb5ADJBOLQQT
0 12
0 15
1 15
1 20
2 17
2 30
3 22
3 28
4 31
4 36
5 4
5 13
6 23
6 33
7 23
7 30
8 6
8 12
9 14
9 22
10 4
10 17
11 2
11 7
12 33
12 41
13 3
13 36
14 20
14 32
15 40
15 41
16 16
16 25
17 31
17 39
18 6
18 7
19 3
19 9
20 27
20 40
21 1
21 14
22 32
22 38
23 34
23 35
24 2
24 10
25 16
25 25
26 0
26 1
27 9
27 21
28 5
28 38
29 0
29 8
30 34
30 39
31 24
31 37
32 19
32 27
33 29
33 35
34 11
34 18
35 8
35 18
36 28
36 37
37 5
37 10
38 13
38 19
39 11
39 24
40 21
40 26
41 26
41 29

# solution 220
# n=42 sym=rot4 status=verified source=flammenkamp_cache/n42_rot4
# code=oNOOSBCDJ4b6PWaKWFM67BPVdEd1cLTIX5A010Q8cEY7R3XFfefVa8NCK3e2R2AGUYZJQ9L59GZ4bMSTUDHHI
0 23
0 24
1 24
1 28
2 11
2 12
3 13
3 19
4 4
4 37
5 6
5 25
6 32
6 36
7 20
7 32
8 15
8 22
9 6
9 7
10 11
10 25
11 31
11 39
12 14
12 39
13 1
13 38
14 21
14 29
15 18
15 33
16 5
16 10
17 0
17 1
18 0
18 26
19 8
19 38
20 14
20 34
21 7
21 27
22 3
22 33
23 15
23 41
24 40
24 41
25 31
25 36
26 8
26 23
27 12
27 20
28 3
28 40
29 2
29 27
30 2
30 10
31 16
31 30
32 34
32 35
33 19
33 26
34 9
34 21
35 5
35 9
36 16
36 35
37 4
37 37
38 22
38 28
39 29
39 30
40 13
40 17
41 17
41 18

# solution 221
# n=42 sym=rot4 status=verified source=flammenkamp_cache/n42_rot4
# code=oIKNaDMDG9V1Y9G5AJOZb4YCFOUcdFKRUZc8C1f2XRf0E8d0eTX36BELQ23BHQT7b46HMVaPW7eAWPSJS5ILN
0 18
0 20
1 23
1 36
2 13
2 22
3 13
3 16
4 9
4 31
5 1
5 34
6 9
6 16
7 5
7 10
8 19
8 24
9 35
9 37
10 4
10 34
11 12
11 15
12 24
12 30
13 38
13 39
14 15
14 20
15 27
15 30
16 35
16 38
17 8
17 12
18 1
18 41
19 2
19 33
20 27
20 41
21 0
21 14
22 8
22 39
23 0
23 40
24 29
24 33
25 3
25 6
26 11
26 14
27 21
27 26
28 2
28 3
29 11
29 17
30 26
30 29
31 7
31 37
32 4
32 6
33 17
33 22
34 31
34 36
35 25
35 32
36 7
36 40
37 10
37 32
38 25
38 28
39 19
39 28
40 5
40 18
41 21
41 23

# solution 222
# n=42 sym=rot4 status=verified source=flammenkamp_cache/n42_rot4
# code=oDKPU9V4YIcIQBC3JMPEd2T1ZAZHfKW5H18QSab8YRf0E7X45DFXeOa9L0O6V6eCd2RGJMcTUFN3N7bAWBGLS
0 13
0 20
1 25
1 30
2 9
2 31
3 4
3 34
4 18
4 38
5 18
5 26
6 11
6 12
7 3
7 19
8 22
8 25
9 14
9 39
10 2
10 29
11 1
11 35
12 10
12 35
13 17
13 41
14 20
14 32
15 5
15 17
16 1
16 8
17 26
17 28
18 36
18 37
19 8
19 34
20 27
20 41
21 0
21 14
22 7
22 33
23 4
23 5
24 13
24 15
25 33
25 40
26 24
26 36
27 9
27 21
28 0
28 24
29 6
29 31
30 6
30 40
31 12
31 39
32 2
32 27
33 16
33 19
34 22
34 38
35 29
35 30
36 15
36 23
37 3
37 23
38 7
38 37
39 10
39 32
40 11
40 16
41 21
41 28

# solution 223
# n=42 sym=rot4 status=verified source=flammenkamp_cache/n42_rot4
# code=oGJISVW5QYZPc4A4HHM2E2ZCFLU1NKW3U5fXYDe8fCRET0X1S780aBc9LIeBKQT6dRdJOObVb3G67Fa9ADNMP
0 16
0 19
1 18
1 28
2 31
2 32
3 5
3 26
4 34
4 35
5 25
5 38
6 4
6 10
7 4
7 17
8 17
8 22
9 2
9 14
10 2
10 35
11 12
11 15
12 21
12 30
13 1
13 23
14 20
14 32
15 3
15 30
16 5
16 41
17 33
17 34
18 13
18 40
19 8
19 41
20 12
20 27
21 14
21 29
22 0
22 33
23 1
23 28
24 7
24 8
25 0
25 36
26 11
26 38
27 9
27 21
28 18
28 40
29 11
29 20
30 26
30 29
31 6
31 39
32 27
32 39
33 19
33 24
34 24
34 37
35 31
35 37
36 3
36 16
37 6
37 7
38 15
38 36
39 9
39 10
40 13
40 23
41 22
41 25

# solution 224
# n=42 sym=rot4 status=verified source=flammenkamp_cache/n42_rot4
# code=oHIDIPS8PYa4CLM4MEcCUFU9AWa2eLXHV23Qfef676ERZYZ010FcdAO8K1d59VWBQBT3RJbJKTb57GXDGNSNO
0 17
0 18
1 13
1 18
2 25
2 28
3 8
3 25
4 34
4 36
5 4
5 12
6 21
6 22
7 4
7 22
8 14
8 38
9 12
9 30
10 15
10 30
11 9
11 10
12 32
12 36
13 2
13 40
14 21
14 33
15 17
15 31
16 2
16 3
17 26
17 41
18 40
18 41
19 6
19 7
20 6
20 14
21 27
21 35
22 34
22 35
23 0
23 1
24 0
24 15
25 38
25 39
26 10
26 24
27 8
27 20
28 1
28 39
29 5
29 9
30 31
30 32
31 11
31 26
32 11
32 29
33 3
33 27
34 19
34 37
35 19
35 20
36 29
36 37
37 5
37 7
38 16
38 33
39 13
39 16
40 23
40 28
41 23
41 24

# solution 225
# n=42 sym=rot4 status=verified source=flammenkamp_cache/n42_rot4
# code=oJTDPKWOU8EJP7FWZVb278F3O0SCeKbVZ153BINafRd2E05INUcae6A4L1TDfHcQXYd4A69QYGMRXBH9LGSCM
0 19
0 29
1 13
1 25
2 20
2 32
3 24
3 30
4 8
4 14
5 19
5 25
6 7
6 15
7 32
7 35
8 31
8 37
9 2
9 7
10 8
10 15
11 3
11 24
12 0
12 28
13 12
13 40
14 20
14 37
15 31
15 35
16 1
16 5
17 3
17 11
18 18
18 23
19 36
19 41
20 27
20 39
21 2
21 14
22 0
22 5
23 18
23 23
24 30
24 38
25 36
25 40
26 6
26 10
27 4
27 21
28 1
28 29
29 13
29 41
30 17
30 38
31 26
31 33
32 34
32 39
33 4
33 10
34 6
34 9
35 26
35 34
36 16
36 22
37 27
37 33
38 11
38 17
39 9
39 21
40 16
40 28
41 12
41 22

# solution 226
# n=42 sym=rot4 status=verified source=flammenkamp_cache/n42_rot4
# code=oISLQMNDZ6VFM3bGT9HVX49BU7O0cGK1aRYCX2f251REead0d8T7E5eLP3fHYBUWb8AOWCP4cJQAZ6SIJFKDN
0 18
0 28
1 21
1 26
2 22
2 23
3 13
3 35
4 6
4 31
5 15
5 22
6 3
6 37
7 16
7 29
8 9
8 17
9 31
9 33
10 4
10 9
11 11
11 30
12 7
12 24
13 0
13 38
14 16
14 20
15 1
15 36
16 27
16 34
17 12
17 33
18 2
18 41
19 2
19 5
20 1
20 27
21 14
21 40
22 36
22 39
23 0
23 39
24 8
24 29
25 7
25 14
26 5
26 40
27 21
27 25
28 3
28 41
29 17
29 34
30 11
30 30
31 32
31 37
32 8
32 10
33 24
33 32
34 12
34 25
35 4
35 38
36 19
36 26
37 10
37 35
38 6
38 28
39 18
39 19
40 15
40 20
41 13
41 23

# solution 227
# n=42 sym=rot4 status=verified source=flammenkamp_cache/n42_rot4
# code=oHJCO8PBUMa4FLQTX7dDPAV3c7eNWKN6a291fDE4f6REZ0bRS0eWd5ZIL9I1Y3cAVGS2Y8CFKQb5JBUGXHTMO
0 17
0 19
1 12
1 24
2 8
2 25
3 11
3 30
4 22
4 36
5 4
5 15
6 21
6 26
7 29
7 33
8 7
8 39
9 13
9 25
10 10
10 31
11 3
11 38
12 7
12 40
13 23
13 32
14 20
14 23
15 6
15 36
16 2
16 9
17 1
17 41
18 13
18 14
19 4
19 41
20 6
20 27
21 14
21 35
22 0
22 37
23 27
23 28
24 0
24 40
25 32
25 39
26 5
26 35
27 18
27 21
28 9
28 18
29 1
29 34
30 3
30 38
31 10
31 31
32 16
32 28
33 2
33 34
34 8
34 12
35 15
35 20
36 26
36 37
37 5
37 19
38 11
38 30
39 16
39 33
40 17
40 29
41 22
41 24

# solution 228
# n=42 sym=rot4 status=verified source=flammenkamp_cache/n42_rot4
# code=o9HGMCV6JHY9KQc48FYaf2CDGVdRUDK6XUebfIN1cRa5E3eIN041B8ZLSBE2APSTd057QXb3FLW7OMZATJPOW
0 9
0 17
1 16
1 22
2 12
2 31
3 6
3 19
4 17
4 34
5 9
5 20
6 26
6 38
7 4
7 8
8 15
8 34
9 36
9 41
10 2
10 12
11 13
11 16
12 31
12 39
13 27
13 30
14 13
14 20
15 6
15 33
16 30
16 40
17 37
17 41
18 18
18 23
19 1
19 38
20 27
20 36
21 5
21 14
22 3
22 40
23 18
23 23
24 0
24 4
25 1
25 11
26 8
26 35
27 21
27 28
28 11
28 14
29 2
29 10
30 25
30 28
31 29
31 39
32 0
32 5
33 7
33 26
34 33
34 37
35 3
35 15
36 21
36 32
37 7
37 24
38 22
38 35
39 10
39 29
40 19
40 25
41 24
41 32

# solution 229
# n=42 sym=rot4 status=verified source=flammenkamp_cache/n42_rot4
# code=oMN4FJXCU9eGYPV5L29Xb6E3IOcDSLVHe6aCQ0U0d7ERY2fBfFT5Z1OAKDS3HNcRZ48WdKaAG7P1WBT8MQbIJ
0 22
0 23
1 4
1 15
2 19
2 33
3 12
3 30
4 9
4 40
5 16
5 34
6 25
6 31
7 5
7 21
8 2
8 9
9 33
9 37
10 6
10 14
11 3
11 18
12 24
12 38
13 13
13 28
14 21
14 31
15 17
15 40
16 6
16 36
17 12
17 26
18 0
18 30
19 0
19 39
20 7
20 14
21 27
21 34
22 2
22 41
23 11
23 41
24 15
24 29
25 5
25 35
26 1
26 24
27 10
27 20
28 13
28 28
29 3
29 17
30 23
30 38
31 27
31 35
32 4
32 8
33 32
33 39
34 20
34 36
35 10
35 16
36 7
36 25
37 1
37 32
38 11
38 29
39 8
39 22
40 26
40 37
41 18
41 19

# solution 230
# n=42 sym=rot4 status=verified source=flammenkamp_cache/n42_rot4
# code=oDWILPU6HAMCFPcUW8X07Fb27RaKfCMVa26IcOe4E1SDeRb1H3NZd5AJT0L5EYd4QYf8X9B3GQTJVOZBGKN9S
0 13
0 32
1 18
1 21
2 25
2 30
3 6
3 17
4 10
4 22
5 12
5 15
6 25
6 38
7 30
7 32
8 8
8 33
9 0
9 7
10 15
10 37
11 2
11 7
12 27
12 36
13 20
13 41
14 12
14 22
15 31
15 36
16 2
16 6
17 18
17 38
18 24
18 40
19 4
19 14
20 1
20 28
21 13
21 40
22 27
22 37
23 1
23 17
24 3
24 23
25 35
25 39
26 5
26 10
27 19
27 29
28 0
28 21
29 5
29 14
30 34
30 39
31 4
31 26
32 34
32 41
33 8
33 33
34 9
34 11
35 3
35 16
36 26
36 29
37 19
37 31
38 24
38 35
39 11
39 16
40 20
40 23
41 9
41 28

# solution 231
# n=42 sym=rot4 status=verified source=flammenkamp_cache/n42_rot4
# code=oAHCQTaFIMP2UWXKP6A6DXf5O2eLWIJ1c47BfRc4RDY7SEb3E0UYb3eMN9K1dHa08SZVZGL89BdGJNQ5CFTOV
0 10
0 17
1 12
1 26
2 29
2 36
3 15
3 18
4 22
4 25
5 2
5 30
6 32
6 33
7 20
7 25
8 6
8 10
9 6
9 13
10 33
10 41
11 5
11 24
12 2
12 40
13 21
13 32
14 18
14 19
15 1
15 38
16 4
16 7
17 11
17 41
18 27
18 38
19 4
19 27
20 13
20 34
21 7
21 28
22 14
22 37
23 3
23 14
24 0
24 30
25 34
25 37
26 3
26 40
27 22
27 23
28 9
28 20
29 1
29 39
30 17
30 36
31 0
31 8
32 28
32 35
33 31
33 35
34 16
34 21
35 8
35 9
36 11
36 39
37 16
37 19
38 23
38 26
39 5
39 12
40 15
40 29
41 24
41 31

# solution 232
# n=42 sym=rot4 status=verified source=flammenkamp_cache/n42_rot4
# code=oQT8QOP8EPZAS47VZceJT7aLO095LIc01242BJRNWBDSU9IEMUdbdef3NKaWfHK5YCM136AYbDV6GRXGHFXCF
0 26
0 29
1 8
1 26
2 24
2 25
3 8
3 14
4 25
4 35
5 10
5 28
6 4
6 7
7 31
7 35
8 38
8 40
9 19
9 29
10 7
10 36
11 21
11 24
12 0
12 9
13 5
13 21
14 18
14 38
15 0
15 1
16 2
16 4
17 2
17 11
18 19
18 27
19 23
19 32
20 11
20 13
21 28
21 30
22 9
22 18
23 14
23 22
24 30
24 39
25 37
25 39
26 40
26 41
27 3
27 23
28 20
28 36
29 32
29 41
30 17
30 20
31 5
31 34
32 12
32 22
33 1
33 3
34 6
34 10
35 34
35 37
36 13
36 31
37 6
37 16
38 27
38 33
39 16
39 17
40 15
40 33
41 12
41 15

# solution 233
# n=42 sym=rot4 status=verified source=flammenkamp_cache/n42_rot4
# code=oTWCHFGLaJY3Z5B49EI0YBQVZ0eLOIXAdJdDeRXPb3DSc4G8E1S2M2V8NHK1f6AFU7fNRWbUa6c7M5KPQOT9C
0 29
0 32
1 12
1 17
2 15
2 16
3 21
3 36
4 19
4 34
5 3
5 35
6 5
6 11
7 4
7 9
8 14
8 18
9 0
9 34
10 11
10 26
11 31
11 35
12 0
12 40
13 21
13 24
14 18
14 33
15 10
15 39
16 19
16 39
17 13
17 40
18 27
18 33
19 25
19 37
20 3
20 13
21 28
21 38
22 4
22 16
23 8
23 14
24 1
24 28
25 2
25 22
26 2
26 31
27 8
27 23
28 17
28 20
29 1
29 41
30 6
30 10
31 15
31 30
32 7
32 41
33 23
33 27
34 32
34 37
35 30
35 36
36 6
36 38
37 7
37 22
38 5
38 20
39 25
39 26
40 24
40 29
41 9
41 12

# solution 234
# n=42 sym=rot4 status=verified source=flammenkamp_cache/n42_rot4
# code=oFSMOJU9b38FHTUKVPbEc7C266V0KNWaf8I1aEP1dSY7D2eGR5eNX059ILfAZZdTY3R4GALBCOQXc4WBMHJDQ
0 15
0 28
1 22
1 24
2 19
2 30
3 9
3 37
4 3
4 8
5 15
5 17
6 29
6 30
7 20
7 31
8 25
8 37
9 14
9 38
10 7
10 12
11 2
11 6
12 6
12 31
13 0
13 20
14 23
14 32
15 36
15 41
16 8
16 18
17 1
17 36
18 14
18 25
19 1
19 39
20 28
20 34
21 7
21 13
22 2
22 40
23 16
23 27
24 5
24 40
25 23
25 33
26 0
26 5
27 9
27 18
28 21
28 41
29 10
29 35
30 35
30 39
31 29
31 34
32 3
32 27
33 4
33 16
34 10
34 21
35 11
35 12
36 24
36 26
37 33
37 38
38 4
38 32
39 11
39 22
40 17
40 19
41 13
41 26

# solution 235
# n=42 sym=rot4 status=verified source=flammenkamp_cache/n42_rot4
# code=o4SLZOP3cHfCF1PJX7ABEMXCWUa0LNWIa262bEQAY1DSe7VFR4dZd5N9IKf5B9T8JRUVY8MGeQT0O3cGH6KDb
0 4
0 28
1 21
1 35
2 24
2 25
3 3
3 38
4 17
4 41
5 12
5 15
6 1
6 25
7 19
7 33
8 7
8 10
9 11
9 14
10 22
10 33
11 12
11 32
12 30
12 36
13 0
13 21
14 23
14 32
15 18
15 36
16 2
16 6
17 2
17 37
18 14
18 26
19 10
19 34
20 1
20 13
21 28
21 40
22 7
22 31
23 15
23 27
24 4
24 39
25 35
25 39
26 5
26 23
27 9
27 18
28 20
28 41
29 5
29 11
30 9
30 29
31 8
31 19
32 27
32 30
33 31
33 34
34 8
34 22
35 16
35 40
36 26
36 29
37 0
37 24
38 3
38 38
39 16
39 17
40 6
40 20
41 13
41 37

# solution 236
# n=42 sym=rot4 status=verified source=flammenkamp_cache/n42_rot4
# code=oBCHM8SIK9TFZ597YRdZbMOGf4f2L8NGaQUAeEc1ADc3SVe3R1VBF5PIXKd0b0PHJ462E7YWa6QCWLNDXJOTU
0 11
0 12
1 17
1 22
2 8
2 28
3 18
3 20
4 9
4 29
5 15
5 35
6 5
6 9
7 7
7 34
8 27
8 39
9 35
9 37
10 22
10 24
11 16
11 41
12 4
12 41
13 2
13 21
14 8
14 23
15 16
15 36
16 26
16 30
17 10
17 40
18 14
18 38
19 1
19 10
20 13
20 38
21 3
21 28
22 31
22 40
23 3
23 27
24 1
24 31
25 11
25 15
26 5
26 25
27 18
27 33
28 20
28 39
29 0
29 37
30 0
30 25
31 17
31 19
32 4
32 6
33 2
33 14
34 7
34 34
35 32
35 36
36 6
36 26
37 12
37 32
38 21
38 23
39 13
39 33
40 19
40 24
41 29
41 30

# solution 237
# n=42 sym=rot4 status=verified source=flammenkamp_cache/n42_rot4
# code=oNRAGLT899PBJ7MQZTcbcUeAa28KQ0I7D4eHO0R6a2SDd5ZEfHO1bSYNfFLXd5V1B343C6FJYMUGWWXCKPVEI
0 23
0 27
1 10
1 16
2 21
2 29
3 8
3 9
4 9
4 25
5 11
5 19
6 7
6 22
7 26
7 35
8 29
8 38
9 37
9 38
10 30
10 40
11 10
11 36
12 2
12 8
13 20
13 26
14 0
14 18
15 7
15 13
16 4
16 40
17 17
17 24
18 0
18 27
19 6
19 36
20 2
20 28
21 13
21 39
22 5
22 35
23 14
23 41
24 17
24 24
25 1
25 37
26 28
26 34
27 23
27 41
28 15
28 21
29 33
29 39
30 5
30 31
31 1
31 11
32 3
32 4
33 3
33 12
34 6
34 15
35 19
35 34
36 22
36 30
37 16
37 32
38 32
38 33
39 12
39 20
40 25
40 31
41 14
41 18

# solution 238
# n=42 sym=rot4 status=verified source=flammenkamp_cache/n42_rot4
# code=oDHKYPTJX6HJQTb1A3BAEWYQX26KfIW5B2IbfPRacSe1D35EG04NdUa9N0LZd8F79RVUcVe4CFMOZ8MCG7LOS
0 13
0 17
1 20
1 34
2 25
2 29
3 19
3 33
4 6
4 17
5 19
5 26
6 29
6 37
7 1
7 10
8 3
8 11
9 10
9 14
10 32
10 34
11 26
11 33
12 2
12 6
13 20
13 41
14 18
14 32
15 5
15 11
16 2
16 18
17 37
17 41
18 25
18 27
19 36
19 38
20 28
20 40
21 1
21 13
22 3
22 5
23 14
23 16
24 0
24 4
25 23
25 39
26 30
26 36
27 9
27 23
28 0
28 21
29 35
29 39
30 8
30 15
31 7
31 9
32 27
32 31
33 30
33 38
34 31
34 40
35 4
35 12
36 15
36 22
37 24
37 35
38 8
38 22
39 12
39 16
40 7
40 21
41 24
41 28

# solution 239
# n=42 sym=rot4 status=verified source=flammenkamp_cache/n42_rot4
# code=oNUFVALNTHWMY8M5TEZ4G1d0F37GLHXUeSWRb03562DSdZacf4E9D1B8OKPYcQf2ePb6RCaJX7J9OCIKVAQBI
0 23
0 30
1 15
1 31
2 10
2 21
3 23
3 29
4 17
4 32
5 22
5 34
6 8
6 22
7 5
7 29
8 14
8 35
9 4
9 16
10 1
10 39
11 0
11 15
12 3
12 7
13 16
13 21
14 17
14 33
15 30
15 40
16 28
16 32
17 27
17 37
18 0
18 3
19 5
19 6
20 2
20 13
21 28
21 39
22 35
22 36
23 38
23 41
24 4
24 14
25 9
25 13
26 1
26 11
27 8
27 24
28 20
28 25
29 34
29 38
30 26
30 41
31 2
31 40
32 25
32 37
33 6
33 27
34 12
34 36
35 19
35 33
36 7
36 19
37 9
37 24
38 12
38 18
39 20
39 31
40 10
40 26
41 11
41 18

# solution 240
# n=42 sym=rot4 status=verified source=flammenkamp_cache/n42_rot4
# code=oJPGKCNWb3WNURY6UAD34MX57FdLX6OHT0eEQ25AfDe1S0VadFR1fCOHZ8K2QYa8JbcSVBZ7EBI9c49ITLPGM
0 19
0 25
1 16
1 20
2 12
2 23
3 32
3 37
4 3
4 32
5 23
5 30
6 27
6 34
7 6
7 30
8 10
8 13
9 3
9 4
10 22
10 33
11 5
11 7
12 15
12 39
13 21
13 33
14 6
14 24
15 17
15 29
16 0
16 40
17 14
17 26
18 2
18 5
19 10
19 41
20 13
20 40
21 1
21 28
22 0
22 31
23 36
23 39
24 15
24 27
25 1
25 41
26 12
26 24
27 17
27 35
28 8
28 20
29 2
29 26
30 34
30 36
31 8
31 19
32 37
32 38
33 28
33 31
34 11
34 35
35 7
35 14
36 11
36 18
37 9
37 38
38 4
38 9
39 18
39 29
40 21
40 25
41 16
41 22

# solution 241
# n=42 sym=rot4 status=verified source=flammenkamp_cache/n42_rot4
# code=oKNDOEU5G6ATcQb8I9YMXPb2J5FKeHd6TAc1R0Y9USf0DBW7fEe3VCZ2O1LQaMd4G8J7WNX4F3CVZPaBRHSIL
0 20
0 23
1 13
1 24
2 14
2 30
3 5
3 16
4 6
4 10
5 29
5 38
6 26
6 37
7 8
7 18
8 9
8 34
9 22
9 33
10 25
10 37
11 2
11 19
12 5
12 15
13 20
13 40
14 17
14 39
15 6
15 29
16 10
16 38
17 1
17 27
18 0
18 34
19 9
19 30
20 28
20 41
21 0
21 13
22 11
22 32
23 7
23 41
24 14
24 40
25 3
25 31
26 12
26 35
27 2
27 24
28 1
28 21
29 26
29 36
30 22
30 39
31 4
31 16
32 8
32 19
33 7
33 32
34 23
34 33
35 4
35 15
36 3
36 12
37 31
37 35
38 25
38 36
39 11
39 27
40 17
40 28
41 18
41 21

# solution 242
# n=42 sym=rot4 status=verified source=flammenkamp_cache/n42_rot4
# code=o4NOTHc279fRTGJMc8XBbDKPW15LV5FIRBZ1d0Q7ZDVAS6YFf2e6UENQaAKae9GLS4U8X3JMPCE0WYd3OCHIb
0 4
0 23
1 24
1 29
2 17
2 38
3 2
3 7
4 9
4 41
5 27
5 29
6 16
6 19
7 22
7 38
8 8
8 33
9 11
9 37
10 13
10 20
11 25
11 32
12 1
12 5
13 21
13 31
14 5
14 15
15 18
15 27
16 11
16 35
17 1
17 39
18 0
18 26
19 7
19 35
20 13
20 31
21 10
21 28
22 6
22 34
23 15
23 41
24 2
24 40
25 6
25 30
26 14
26 23
27 26
27 36
28 10
28 20
29 36
29 40
30 9
30 16
31 21
31 28
32 4
32 30
33 8
33 33
34 3
34 19
35 22
35 25
36 12
36 14
37 0
37 32
38 34
38 39
39 3
39 24
40 12
40 17
41 18
41 37

# solution 243
# n=42 sym=rot4 status=verified source=flammenkamp_cache/n42_rot4
# code=oAJ8OHSNTAG5aUXFN6eETbf6L392LQWEYJb1d37PfBDSU0GYc2e4M7R9FKdWcKZ04CR1ZIQ8B5aPVCIDOHXMV
0 10
0 19
1 8
1 24
2 17
2 28
3 23
3 29
4 10
4 16
5 5
5 36
6 30
6 33
7 15
7 23
8 6
8 40
9 14
9 29
10 37
10 41
11 6
11 21
12 3
12 9
13 2
13 21
14 26
14 32
15 14
15 34
16 19
16 37
17 1
17 39
18 3
18 7
19 25
19 41
20 11
20 13
21 28
21 30
22 0
22 16
23 34
23 38
24 2
24 40
25 4
25 22
26 7
26 27
27 9
27 15
28 20
28 39
29 32
29 38
30 20
30 35
31 0
31 4
32 12
32 27
33 1
33 35
34 18
34 26
35 8
35 11
36 5
36 36
37 25
37 31
38 12
38 18
39 13
39 24
40 17
40 33
41 22
41 31

# solution 244
# n=42 sym=rot4 status=verified source=flammenkamp_cache/n42_rot4
# code=oSTHKHNIR9UABTX9V6PYb7a4a060K3FGR8Qde2cJMSe1DJM3d12FXEPQcLfZf5b5Y47GZAW8CUVBWENIOLOCD
0 28
0 29
1 17
1 20
2 17
2 23
3 18
3 27
4 9
4 30
5 10
5 11
6 29
6 33
7 9
7 31
8 6
8 25
9 34
9 37
10 7
10 36
11 4
11 36
12 0
12 6
13 0
13 20
14 3
14 15
15 16
15 27
16 8
16 26
17 39
17 40
18 2
18 38
19 19
19 22
20 28
20 40
21 1
21 13
22 19
22 22
23 3
23 39
24 1
24 2
25 15
25 33
26 14
26 25
27 26
27 38
28 21
28 41
29 35
29 41
30 5
30 37
31 5
31 34
32 4
32 7
33 16
33 35
34 10
34 32
35 8
35 12
36 30
36 31
37 11
37 32
38 14
38 23
39 18
39 24
40 21
40 24
41 12
41 13

# solution 245
# n=42 sym=rot4 status=verified source=flammenkamp_cache/n42_rot4
# code=oMNIVSXKYBG6OFa392MOY1BVbFP2KERTZCb590e08Sc3DXf1fWa4T6CERLdGQ4AUe7HJdWc5QHZPU7L8DANIJ
0 22
0 23
1 18
1 31
2 28
2 33
3 20
3 34
4 11
4 16
5 6
5 24
6 15
6 36
7 3
7 9
8 2
8 22
9 24
9 34
10 1
10 11
11 31
11 37
12 15
12 25
13 2
13 20
14 14
14 27
15 29
15 35
16 12
16 37
17 5
17 9
18 0
18 40
19 0
19 8
20 28
20 38
21 3
21 13
22 33
22 41
23 1
23 41
24 32
24 36
25 4
25 29
26 6
26 12
27 14
27 27
28 21
28 39
29 16
29 26
30 4
30 10
31 30
31 40
32 7
32 17
33 19
33 39
34 32
34 38
35 5
35 26
36 17
36 35
37 25
37 30
38 7
38 21
39 8
39 13
40 10
40 23
41 18
41 19

# solution 246
# n=42 sym=rot4 status=verified source=flammenkamp_cache/n42_rot4
# code=oBb6PFNAI0GWXJeOW5E57KcTfBFEKSXTd1b7J2cOZSVAD6H3dMY4e2C8DLRQU0C3LYaRa9H1M89PfNVIQGZ4U
0 11
0 37
1 6
1 25
2 15
2 23
3 10
3 18
4 0
4 16
5 32
5 33
6 19
6 40
7 24
7 32
8 5
8 14
9 5
9 7
10 20
10 38
11 29
11 41
12 11
12 15
13 14
13 20
14 28
14 33
15 29
15 39
16 1
16 37
17 7
17 19
18 2
18 38
19 24
19 35
20 28
20 31
21 10
21 13
22 6
22 17
23 3
23 39
24 22
24 34
25 4
25 40
26 2
26 12
27 8
27 13
28 21
28 27
29 26
29 30
30 0
30 12
31 3
31 21
32 34
32 36
33 27
33 36
34 9
34 17
35 1
35 22
36 8
36 9
37 25
37 41
38 23
38 31
39 18
39 26
40 16
40 35
41 4
41 30

# solution 247
# n=42 sym=rot4 status=verified source=flammenkamp_cache/n42_rot4
# code=oBFNORc2G79JQOXBb6NGbJTYfAKEK2S5fWc1618VaSTCD5AXeZe390aDdLRLV07CM4PIZ4U8HFMWYPd3EHIQU
0 11
0 15
1 23
1 24
2 27
2 38
3 2
3 16
4 7
4 9
5 19
5 26
6 24
6 33
7 11
7 37
8 6
8 23
9 16
9 37
10 19
10 29
11 34
11 41
12 10
12 20
13 14
13 20
14 2
14 28
15 5
15 41
16 32
16 38
17 1
17 6
18 1
18 8
19 31
19 36
20 28
20 29
21 12
21 13
22 5
22 10
23 33
23 40
24 35
24 40
25 3
25 9
26 0
26 36
27 13
27 39
28 21
28 27
29 21
29 31
30 0
30 7
31 12
31 22
32 4
32 25
33 18
33 35
34 4
34 30
35 8
35 17
36 15
36 22
37 32
37 34
38 25
38 39
39 3
39 14
40 17
40 18
41 26
41 30

# solution 248
# n=42 sym=rot4 status=verified source=flammenkamp_cache/n42_rot4
# code=oFMCKOU89RY9MFI4VVcac782HGeLR4DZfIT2UPZ05De1Saf6GBdCN06SbEK1POdXY353AAbNQJW7EWXBHLTJQ
0 15
0 22
1 12
1 20
2 24
2 30
3 8
3 9
4 27
4 34
5 9
5 22
6 15
6 18
7 4
7 31
8 31
8 38
9 36
9 38
10 7
10 8
11 2
11 17
12 16
12 40
13 21
13 27
14 4
14 13
15 35
15 41
16 18
16 29
17 2
17 30
18 25
18 35
19 0
19 5
20 13
20 40
21 1
21 28
22 36
22 41
23 6
23 16
24 11
24 39
25 12
25 23
26 0
26 6
27 28
27 37
28 14
28 20
29 1
29 25
30 24
30 39
31 33
31 34
32 3
32 5
33 3
33 10
34 10
34 37
35 23
35 26
36 19
36 32
37 7
37 14
38 32
38 33
39 11
39 17
40 21
40 29
41 19
41 26

# solution 249
# n=42 sym=rot4 status=verified source=flammenkamp_cache/n42_rot4
# code=oNV7KMNCXPWEOVY6e3F4J06DFEcKUTaUX4H5P022WSe1D9ddfGaOb8B5CBL3RQSZfMbQc1Z7AHR9G8TIJLYAI
0 23
0 31
1 7
1 20
2 22
2 23
3 12
3 33
4 25
4 32
5 14
5 24
6 31
6 34
7 6
7 40
8 3
8 15
9 4
9 19
10 0
10 6
11 13
11 15
12 14
12 38
13 20
13 30
14 29
14 36
15 30
15 33
16 4
16 17
17 5
17 25
18 0
18 2
19 2
19 32
20 28
20 40
21 1
21 13
22 9
22 39
23 39
23 41
24 16
24 36
25 24
25 37
26 8
26 11
27 5
27 12
28 11
28 21
29 3
29 27
30 26
30 28
31 35
31 41
32 22
32 37
33 26
33 38
34 1
34 35
35 7
35 10
36 17
36 27
37 9
37 16
38 8
38 29
39 18
39 19
40 21
40 34
41 10
41 18

# solution 250
# n=42 sym=rot4 status=verified source=flammenkamp_cache/n42_rot4
# code=o9PHIASRb3ZNZ45BVFLQf7dGYEO2K3T9X0UCe5eJM8SDXJM1a1TBf8WCcLdHR7P2Y0FKQAUab6I6c4EDVNOGW
0 9
0 25
1 17
1 18
2 10
2 28
3 27
3 37
4 3
4 35
5 23
5 35
6 4
6 5
7 11
7 31
8 15
8 21
9 26
9 41
10 7
10 39
11 16
11 34
12 14
12 24
13 2
13 20
14 3
14 29
15 9
15 33
16 0
16 30
17 12
17 40
18 5
18 40
19 19
19 22
20 8
20 28
21 13
21 33
22 19
22 22
23 1
23 36
24 1
24 29
25 11
25 41
26 8
26 32
27 12
27 38
28 21
28 39
29 17
29 27
30 7
30 25
31 2
31 34
32 0
32 15
33 20
33 26
34 10
34 30
35 36
35 37
36 6
36 18
37 6
37 38
38 4
38 14
39 13
39 31
40 23
40 24
41 16
41 32

# solution 251
# n=42 sym=rot4 status=verified source=flammenkamp_cache/n42_rot4
# code=oCINV8Z5SFWMc2QJRWd481LHPRf3L7C6bBHPU1f5YADSV7a0eBGOU4ZTYKc0EGOKeXb29EMFd3J9QDa6XAINT
0 12
0 18
1 23
1 31
2 8
2 35
3 5
3 28
4 15
4 32
5 22
5 38
6 2
6 26
7 19
7 27
8 32
8 39
9 4
9 8
10 1
10 21
11 17
11 25
12 27
12 41
13 3
13 21
14 7
14 12
15 6
15 37
16 11
16 17
17 25
17 30
18 1
18 41
19 5
19 34
20 10
20 13
21 28
21 31
22 7
22 36
23 0
23 40
24 11
24 16
25 24
25 30
26 4
26 35
27 29
27 34
28 20
28 38
29 0
29 14
30 16
30 24
31 20
31 40
32 33
32 37
33 2
33 9
34 14
34 22
35 15
35 39
36 3
36 19
37 9
37 26
38 13
38 36
39 6
39 33
40 10
40 18
41 23
41 29

# solution 252
# n=42 sym=rot4 status=verified source=flammenkamp_cache/n42_rot4
# code=oAMOQRXAIDOQZ5BIX27BLcfWZGRLb2C15JT14Yc0P9DSWGf37beCMaeTd4KEP6903KUYd8NUa6FHSNV8EFHJV
0 10
0 22
1 24
1 26
2 27
2 33
3 10
3 18
4 13
4 24
5 26
5 35
6 5
6 11
7 18
7 33
8 2
8 7
9 11
9 21
10 38
10 41
11 32
11 35
12 16
12 27
13 21
13 37
14 2
14 12
15 1
15 5
16 19
16 29
17 1
17 4
18 34
18 38
19 0
19 25
20 9
20 13
21 28
21 32
22 16
22 41
23 3
23 7
24 37
24 40
25 12
25 22
26 36
26 40
27 29
27 39
28 4
28 20
29 14
29 25
30 6
30 9
31 0
31 3
32 20
32 30
33 34
33 39
34 8
34 23
35 30
35 36
36 6
36 15
37 17
37 28
38 23
38 31
39 8
39 14
40 15
40 17
41 19
41 31

# solution 253
# n=42 sym=rot4 status=verified source=flammenkamp_cache/n42_rot4
# code=oTYIMHP7DAOFPUX0c69LXFb6E0RKcCUVa254dJe1N9SDWIe1M2bad5ABT3LEfRZ4Q8KWZ3f8BGQHVSYGOJN7C
0 29
0 34
1 18
1 22
2 17
2 25
3 7
3 13
4 10
4 24
5 15
5 25
6 30
6 33
7 0
7 38
8 6
8 9
9 21
9 33
10 15
10 37
11 6
11 14
12 0
12 27
13 20
13 38
14 12
14 30
15 31
15 36
16 2
16 5
17 4
17 39
18 19
18 40
19 1
19 23
20 9
20 28
21 13
21 32
22 18
22 40
23 1
23 22
24 2
24 37
25 36
25 39
26 5
26 10
27 11
27 29
28 3
28 21
29 14
29 41
30 27
30 35
31 4
31 26
32 8
32 20
33 32
33 35
34 3
34 41
35 8
35 11
36 16
36 26
37 17
37 31
38 28
38 34
39 16
39 24
40 19
40 23
41 7
41 12

# solution 254
# n=42 sym=rot4 status=verified source=flammenkamp_cache/n42_rot4
# code=oBL8FOT8PPVIY9H5FceDZ4MRf2RKWBCYe342ZJaAN0SDfIV5M6dbc17TU9LEd0EJb6S13QaOW7NAGGXCHQXKU
0 11
0 21
1 8
1 15
2 24
2 29
3 8
3 25
4 25
4 31
5 18
5 34
6 9
6 17
7 5
7 15
8 38
8 40
9 13
9 35
10 4
10 22
11 27
11 41
12 2
12 27
13 20
13 32
14 11
14 12
15 34
15 40
16 3
16 4
17 2
17 35
18 19
18 36
19 10
19 23
20 0
20 28
21 13
21 41
22 18
22 31
23 5
23 22
24 6
24 39
25 37
25 38
26 1
26 7
27 29
27 30
28 9
28 21
29 14
29 39
30 0
30 14
31 19
31 37
32 6
32 28
33 1
33 3
34 26
34 36
35 24
35 32
36 7
36 23
37 10
37 16
38 16
38 33
39 12
39 17
40 26
40 33
41 20
41 30

# solution 255
# n=42 sym=rot4 status=verified source=flammenkamp_cache/n42_rot4
# code=oGJ7VOQAQ4b9HJRXe79Xa1cGKNRKN6C23Uf2aCDZfSUBD06ST5d0BcdTZILEILP3e58WY18EMOW4bFVFHAYMP
0 16
0 19
1 7
1 31
2 24
2 26
3 10
3 26
4 4
4 37
5 9
5 17
6 19
6 27
7 33
7 40
8 7
8 9
9 33
9 36
10 1
10 38
11 16
11 20
12 23
12 27
13 20
13 23
14 6
14 12
15 2
15 3
16 30
16 41
17 2
17 36
18 12
18 13
19 35
19 41
20 28
20 30
21 11
21 13
22 0
22 6
23 28
23 29
24 5
24 39
25 0
25 11
26 38
26 39
27 29
27 35
28 18
28 21
29 14
29 18
30 21
30 25
31 3
31 40
32 5
32 8
33 32
33 34
34 1
34 8
35 14
35 22
36 24
36 32
37 4
37 37
38 15
38 31
39 15
39 17
40 10
40 34
41 22
41 25

# solution 256
# n=42 sym=rot4 status=verified source=flammenkamp_cache/n42_rot4
# code=oJT8I35TdNVGdHL9HSeRY4MFR038L9BGUQaYZ4eAf6DSZ0V1b675FBPUWKXcfEQJb7E1DOWKO2PAI2CacNXCM
0 19
0 29
1 8
1 18
2 3
2 5
3 29
3 39
4 23
4 31
5 16
5 39
6 17
6 21
7 9
7 17
8 28
8 40
9 27
9 34
10 4
10 22
11 15
11 27
12 0
12 3
13 8
13 21
14 9
14 11
15 16
15 30
16 26
16 36
17 34
17 35
18 4
18 40
19 10
19 41
20 6
20 13
21 28
21 35
22 0
22 31
23 1
23 37
24 6
24 7
25 5
25 15
26 11
26 25
27 30
27 32
28 20
28 33
29 38
29 41
30 14
30 26
31 19
31 37
32 7
32 14
33 1
33 13
34 24
34 32
35 20
35 24
36 2
36 25
37 10
37 18
38 2
38 12
39 36
39 38
40 23
40 33
41 12
41 22

# solution 257
# n=42 sym=rot4 status=verified source=flammenkamp_cache/n42_rot4
# code=oSVAZFHIL5FPb1TBHRTGN0eEY680K8Ubd5WYd9cJM3SDcJM3W279a24BXLfXZ7R1fIPCEOUCe4GQaKNOQ6VAD
0 28
0 31
1 10
1 35
2 15
2 17
3 18
3 21
4 5
4 15
5 25
5 37
6 1
6 29
7 11
7 17
8 27
8 29
9 16
9 23
10 0
10 40
11 14
11 34
12 6
12 8
13 0
13 20
14 8
14 30
15 37
15 39
16 5
16 32
17 34
17 39
18 9
18 38
19 19
19 22
20 3
20 28
21 13
21 38
22 19
22 22
23 3
23 32
24 2
24 7
25 9
25 36
26 2
26 4
27 11
27 33
28 21
28 41
29 33
29 35
30 7
30 27
31 1
31 41
32 18
32 25
33 12
33 14
34 24
34 30
35 12
35 40
36 4
36 16
37 26
37 36
38 20
38 23
39 24
39 26
40 6
40 31
41 10
41 13

# solution 258
# n=42 sym=rot4 status=verified source=flammenkamp_cache/n42_rot4
# code=o9HCKEI9XVa4JQUJQ3Vcf486EPeKOUd67CIDfPdYaSe1D572G0SNTYZ2BHL1GRZXb03AcFMBFMb5A8WNRLTOW
0 9
0 17
1 12
1 20
2 14
2 18
3 9
3 33
4 31
4 36
5 4
5 19
6 26
6 30
7 19
7 26
8 3
8 31
9 38
9 41
10 4
10 8
11 6
11 14
12 25
12 40
13 20
13 24
14 30
14 39
15 6
15 7
16 12
16 18
17 13
17 41
18 25
18 39
19 34
19 36
20 28
20 40
21 1
21 13
22 5
22 7
23 2
23 16
24 0
24 28
25 23
25 29
26 34
26 35
27 2
27 11
28 17
28 21
29 1
29 16
30 27
30 35
31 33
31 37
32 0
32 3
33 10
33 38
34 15
34 22
35 11
35 15
36 22
36 37
37 5
37 10
38 8
38 32
39 23
39 27
40 21
40 29
41 24
41 32

# solution 259
# n=42 sym=rot4 status=verified source=flammenkamp_cache/n42_rot4
# code=o9DKNMNEX9M6YGa5U3TbfGH7E8QKfUcCHVZQV1224Se1DbddeAF6AOT3B0LFXRYOP04CcBa5P7ZJW8RIJILSW
0 9
0 13
1 20
1 23
2 22
2 23
3 14
3 33
4 9
4 22
5 6
5 34
6 16
6 36
7 5
7 30
8 3
8 29
9 37
9 41
10 16
10 17
11 7
11 14
12 8
12 26
13 20
13 41
14 30
14 38
15 12
15 17
16 31
16 35
17 26
17 31
18 1
18 2
19 2
19 4
20 28
20 40
21 1
21 13
22 37
22 39
23 39
23 40
24 10
24 15
25 6
25 10
26 24
26 29
27 3
27 11
28 0
28 21
29 15
29 33
30 27
30 34
31 24
31 25
32 0
32 4
33 12
33 38
34 11
34 36
35 5
35 25
36 7
36 35
37 19
37 32
38 8
38 27
39 18
39 19
40 18
40 21
41 28
41 32

# solution 260
# n=42 sym=rot4 status=verified source=flammenkamp_cache/n42_rot4
# code=oIMFTKYCE5P6bXa2H6AGOJXQR1cIKBcBe4W9YSf0VSd2DAf0D7W9b1U3ULN3eEF8MHPVZOd584ZGaRT7LCQJN
0 18
0 22
1 15
1 29
2 20
2 34
3 12
3 14
4 5
4 25
5 6
5 37
6 33
6 36
7 2
7 17
8 6
8 10
9 16
9 24
10 19
10 33
11 26
11 27
12 1
12 38
13 18
13 20
14 11
14 38
15 11
15 40
16 4
16 32
17 9
17 34
18 28
18 41
19 0
19 31
20 28
20 39
21 2
21 13
22 10
22 41
23 0
23 13
24 7
24 32
25 9
25 37
26 1
26 30
27 3
27 30
28 21
28 23
29 3
29 40
30 14
30 15
31 8
31 22
32 17
32 25
33 31
33 35
34 24
34 39
35 5
35 8
36 4
36 35
37 16
37 36
38 27
38 29
39 7
39 21
40 12
40 26
41 19
41 23

# solution 261
# n=42 sym=rot4 status=verified source=flammenkamp_cache/n42_rot4
# code=oEJKTBHTY5P6bVa3OFM9W6GRd13IKBfIX4V7dQS8fSe1D0XDF2YAb8N0ULNce2EPZ9WJQHc5A4ZGa7COUCLMR
0 14
0 19
1 20
1 29
2 11
2 17
3 29
3 34
4 5
4 25
5 6
5 37
6 31
6 36
7 3
7 24
8 15
8 22
9 9
9 32
10 6
10 16
11 27
11 39
12 1
12 3
13 18
13 20
14 11
14 41
15 18
15 33
16 4
16 31
17 7
17 39
18 26
18 28
19 8
19 41
20 28
20 40
21 1
21 13
22 0
22 33
23 13
23 15
24 2
24 34
25 10
25 37
26 8
26 23
27 0
27 30
28 21
28 23
29 38
29 40
30 2
30 14
31 25
31 35
32 9
32 32
33 19
33 26
34 17
34 38
35 5
35 10
36 4
36 35
37 16
37 36
38 7
38 12
39 24
39 30
40 12
40 21
41 22
41 27

# solution 262
# n=42 sym=rot4 status=verified source=flammenkamp_cache/n42_rot4
# code=oHKDIAE4GYcTYPQ458XMNFdRT5BKeBd6V6cJf9e9OSf0DHW1W0M3ZAZ2U1LUaCE2QIJ8XabFG7C37PbRVNSLO
0 17
0 20
1 13
1 18
2 10
2 14
3 4
3 16
4 34
4 38
5 29
5 34
6 25
6 26
7 4
7 5
8 8
8 33
9 22
9 23
10 15
10 39
11 27
11 29
12 5
12 11
13 20
13 40
14 11
14 39
15 6
15 31
16 6
16 38
17 19
17 41
18 9
18 40
19 9
19 24
20 28
20 41
21 0
21 13
22 17
22 32
23 1
23 32
24 0
24 22
25 3
25 35
26 10
26 35
27 2
27 30
28 1
28 21
29 30
29 36
30 12
30 14
31 2
31 26
32 18
32 19
33 8
33 33
34 36
34 37
35 15
35 16
36 7
36 12
37 3
37 7
38 25
38 37
39 27
39 31
40 23
40 28
41 21
41 24

# solution 263
# n=42 sym=rot4 status=verified source=flammenkamp_cache/n42_rot4
# code=oFPDJTZCXLZFI24RV3W8I7EBU2cKe7Vaf0HJPWaOe4SDb1H59GMOf05AY1L3dBURYNX9cAEbdNQ6K8T6CMSGQ
0 15
0 25
1 13
1 19
2 29
2 35
3 12
3 33
4 21
4 35
5 15
5 18
6 2
6 4
7 27
7 31
8 3
8 32
9 8
9 18
10 7
10 14
11 11
11 30
12 2
12 38
13 20
13 40
14 7
14 31
15 36
15 41
16 0
16 17
17 19
17 25
18 32
18 36
19 24
19 40
20 4
20 28
21 13
21 37
22 1
22 17
23 5
23 9
24 16
24 22
25 24
25 41
26 0
26 5
27 10
27 34
28 1
28 21
29 3
29 39
30 11
30 30
31 27
31 34
32 23
32 33
33 9
33 38
34 10
34 14
35 37
35 39
36 23
36 26
37 6
37 20
38 8
38 29
39 6
39 12
40 22
40 28
41 16
41 26

# solution 264
# n=42 sym=rot4 status=verified source=flammenkamp_cache/n42_rot4
# code=oPe0ICF7NFMUV79ZcHMRZ5E5HLdGK9Vbd0SUX3e48CSDTXb1c8BDf24AWLP2KOaRa6EJO36WYABJQIYQTNf1G
0 25
0 40
1 0
1 18
2 12
2 15
3 7
3 23
4 15
4 22
5 30
5 31
6 7
6 9
7 35
7 38
8 17
8 22
9 27
9 35
10 5
10 14
11 5
11 17
12 21
12 39
13 16
13 20
14 9
14 31
15 37
15 39
16 0
16 28
17 30
17 33
18 3
18 40
19 4
19 8
20 12
20 28
21 13
21 29
22 33
22 37
23 1
23 38
24 8
24 11
25 13
25 41
26 2
26 4
27 10
27 32
28 21
28 25
29 2
29 20
30 24
30 36
31 27
31 36
32 6
32 14
33 19
33 24
34 3
34 6
35 32
35 34
36 10
36 11
37 19
37 26
38 18
38 34
39 26
39 29
40 23
40 41
41 1
41 16

# solution 265
# n=42 sym=rot4 status=verified source=flammenkamp_cache/n42_rot4
# code=oCFKMGO5BGO6cVa8IBYMR6RXcFfIK9ATfbd24SY19Se1DWe7Dbd240CVWLN0Q38EZEJ7UNX5A3ZHPUaHPJLQT
0 12
0 15
1 20
1 22
2 16
2 24
3 5
3 11
4 16
4 24
5 6
5 38
6 31
6 36
7 8
7 18
8 11
8 34
9 22
9 27
10 6
10 27
11 33
11 38
12 15
12 41
13 18
13 20
14 9
14 10
15 29
15 41
16 37
16 39
17 2
17 4
18 28
18 34
19 1
19 9
20 28
20 40
21 1
21 13
22 32
22 40
23 7
23 13
24 37
24 39
25 2
25 4
26 0
26 12
27 31
27 32
28 21
28 23
29 0
29 26
30 3
30 8
31 14
31 35
32 14
32 19
33 7
33 30
34 23
34 33
35 5
35 10
36 3
36 35
37 17
37 25
38 30
38 36
39 17
39 25
40 19
40 21
41 26
41 29

# solution 266
# n=42 sym=rot4 status=verified source=flammenkamp_cache/n42_rot4
# code=oGLCNOQQX6JBDYb6A3JRTRYHa9eKa9A23If2U1PXb0SDf48GeBd0NcdVW5L1W5O7ECEMcVZ47SUMZ8FFHITKP
0 16
0 21
1 12
1 23
2 24
2 26
3 26
3 33
4 6
4 19
5 11
5 13
6 34
6 37
7 6
7 10
8 3
8 19
9 27
9 29
10 27
10 34
11 17
11 36
12 9
12 40
13 20
13 36
14 9
14 10
15 2
15 3
16 18
16 41
17 2
17 30
18 1
18 25
19 33
19 37
20 0
20 28
21 13
21 41
22 4
22 8
23 16
23 40
24 11
24 39
25 0
25 23
26 38
26 39
27 31
27 32
28 5
28 21
29 1
29 32
30 5
30 24
31 7
31 14
32 12
32 14
33 22
33 38
34 31
34 35
35 4
35 7
36 28
36 30
37 22
37 35
38 8
38 15
39 15
39 17
40 18
40 29
41 20
41 25

# solution 267
# n=42 sym=rot4 status=verified source=flammenkamp_cache/n42_rot4
# code=oGVTXFKJX6YIPRb4O13BC0RQW1WKM6ABd5f7IOaDcSd2D3S5HNY0a2UVZJL9e9FEfTUceHb4EGN7Z8MLQ8CAP
0 16
0 31
1 29
1 33
2 15
2 20
3 19
3 33
4 6
4 34
5 18
5 25
6 27
6 37
7 4
7 24
8 1
8 3
9 11
9 12
10 0
10 27
11 26
11 32
12 1
12 32
13 20
13 22
14 6
14 10
15 11
15 39
16 5
16 41
17 7
17 18
18 24
18 36
19 13
19 38
20 28
20 39
21 2
21 13
22 3
22 28
23 5
23 17
24 23
24 34
25 0
25 36
26 2
26 30
27 31
27 35
28 19
28 21
29 9
29 40
30 9
30 15
31 14
31 41
32 29
32 30
33 38
33 40
34 17
34 37
35 4
35 14
36 16
36 23
37 7
37 35
38 8
38 22
39 21
39 26
40 8
40 12
41 10
41 25

# solution 268
# n=42 sym=rot4 status=verified source=flammenkamp_cache/n42_rot4
# code=oJa6QETFNKO07DeUa9HNXEP7C2ULZVd1cAJ4X39PfDb4S0GWc8bMV3e2A6KBdTYGR8IOW5B1SYfHLIQCRFZ5M
0 19
0 36
1 6
1 26
2 14
2 29
3 15
3 23
4 20
4 24
5 0
5 7
6 13
6 40
7 30
7 36
8 9
8 17
9 23
9 33
10 14
10 25
11 7
11 12
12 2
12 30
13 21
13 35
14 31
14 39
15 1
15 38
16 10
16 19
17 4
17 33
18 3
18 9
19 25
19 41
20 13
20 37
21 4
21 28
22 0
22 16
23 32
23 38
24 8
24 37
25 22
25 31
26 3
26 40
27 2
27 10
28 6
28 20
29 11
29 39
30 29
30 34
31 16
31 27
32 8
32 18
33 24
33 32
34 5
34 11
35 1
35 28
36 34
36 41
37 17
37 21
38 18
38 26
39 12
39 27
40 15
40 35
41 5
41 22

# solution 269
# n=42 sym=rot4 status=verified source=flammenkamp_cache/n42_rot4
# code=oJRCUCILQ8GASQY6WHb7RPa1Hde5L0936AbUXJdNf3DSc0I2M8B4VZcWfKa12Oe5GEY4O9Z7FDVPXFKNTBTEM
0 19
0 27
1 12
1 30
2 12
2 18
3 21
3 26
4 8
4 16
5 10
5 28
6 26
6 34
7 6
7 32
8 17
8 37
9 7
9 27
10 25
10 36
11 1
11 17
12 39
12 40
13 5
13 21
14 0
14 9
15 3
15 6
16 10
16 37
17 30
17 33
18 19
18 39
19 23
19 41
20 3
20 13
21 28
21 38
22 0
22 18
23 2
23 22
24 8
24 11
25 4
25 31
26 35
26 38
27 32
27 41
28 20
28 36
29 1
29 2
30 24
30 40
31 5
31 16
32 14
32 34
33 4
33 24
34 9
34 35
35 7
35 15
36 13
36 31
37 25
37 33
38 15
38 20
39 23
39 29
40 11
40 29
41 14
41 22

# solution 270
# n=42 sym=rot4 status=verified source=flammenkamp_cache/n42_rot4
# code=oFGASOUEOALNTGY6B8XEJbe2Y5F1LWcTfZf235JNW4DSb9IMacd060C39KeQa7d14MR8XUZ7PCIKVHRBHDVPQ
0 15
0 16
1 10
1 28
2 24
2 30
3 14
3 24
4 10
4 21
5 23
5 29
6 16
6 34
7 6
7 11
8 8
8 33
9 14
9 19
10 37
10 40
11 2
11 34
12 5
12 15
13 1
13 21
14 32
14 38
15 29
15 41
16 35
16 41
17 2
17 3
18 5
18 19
19 23
19 32
20 4
20 13
21 28
21 37
22 9
22 18
23 22
23 36
24 38
24 39
25 0
25 6
26 0
26 12
27 3
27 9
28 20
28 40
29 26
29 36
30 7
30 39
31 1
31 4
32 22
32 27
33 8
33 33
34 30
34 35
35 7
35 25
36 12
36 18
37 20
37 31
38 17
38 27
39 11
39 17
40 13
40 31
41 25
41 26

# solution 271
# n=42 sym=rot4 status=verified source=flammenkamp_cache/n42_rot4
# code=o9MNSRa4BXc2F7AKZ4NEfCZOcFV1L2WTaGPBJ180ODY7SHfXeMUGP5C9dKeAQ3H6T0RIb6LVYQd38Ub5EDIJW
0 9
0 22
1 23
1 28
2 27
2 36
3 4
3 11
4 33
4 38
5 2
5 15
6 7
6 10
7 20
7 35
8 4
8 23
9 14
9 41
10 12
10 35
11 24
11 38
12 15
12 31
13 1
13 21
14 2
14 32
15 29
15 36
16 16
16 25
17 11
17 19
18 1
18 8
19 0
19 24
20 13
20 34
21 7
21 28
22 17
22 41
23 33
23 40
24 22
24 30
25 16
25 25
26 5
26 12
27 9
27 39
28 20
28 40
29 10
29 26
30 3
30 17
31 6
31 29
32 0
32 27
33 18
33 37
34 6
34 21
35 31
35 34
36 26
36 39
37 3
37 8
38 30
38 37
39 5
39 14
40 13
40 18
41 19
41 32

# solution 272
# n=42 sym=rot4 status=verified source=flammenkamp_cache/n42_rot4
# code=oMOCFNRNTLXAG7UBZ4EAOWa6Y3eFK2XSeJa09230P4SDbGfcdWf5M1D8dLQ1c7Z59HVRb6UBYPV8KCIEIQTHJ
0 22
0 24
1 12
1 15
2 23
2 27
3 23
3 29
4 21
4 33
5 10
5 16
6 7
6 30
7 11
7 35
8 4
8 14
9 10
9 24
10 32
10 36
11 6
11 34
12 3
12 40
13 15
13 20
14 2
14 33
15 28
15 40
16 19
16 36
17 0
17 9
18 2
18 3
19 0
19 25
20 4
20 28
21 13
21 37
22 16
22 41
23 38
23 39
24 32
24 41
25 5
25 22
26 1
26 13
27 8
27 39
28 21
28 26
29 1
29 38
30 7
30 35
31 5
31 9
32 17
32 31
33 27
33 37
34 6
34 30
35 11
35 34
36 25
36 31
37 8
37 20
38 12
38 18
39 14
39 18
40 26
40 29
41 17
41 19

# solution 273
# n=42 sym=rot4 status=verified source=flammenkamp_cache/n42_rot4
# code=oQWJP9E7ZITPQ3OVcEV0d78HK4SCKXd05156UJbNeSUBD1I4MBZaeaf28LTDbLOXY2fAR3AHcFGCN6YRWGM9F
0 26
0 32
1 19
1 25
2 9
2 14
3 7
3 35
4 18
4 29
5 25
5 26
6 3
6 24
7 31
7 38
8 14
8 31
9 0
9 39
10 7
10 8
11 17
11 20
12 4
12 28
13 12
13 20
14 33
14 39
15 0
15 5
16 1
16 5
17 6
17 30
18 19
18 37
19 23
19 40
20 28
20 30
21 11
21 13
22 1
22 18
23 4
23 22
24 11
24 35
25 36
25 40
26 36
26 41
27 2
27 8
28 21
28 29
29 13
29 37
30 21
30 24
31 33
31 34
32 2
32 41
33 10
33 27
34 3
34 10
35 17
35 38
36 15
36 16
37 12
37 23
38 6
38 34
39 27
39 32
40 16
40 22
41 9
41 15

# solution 274
# n=42 sym=rot4 status=verified source=flammenkamp_cache/n42_rot4
# code=oLbACQUJO0RGJ89OWRZ7ZGe2NSeCK482IVa37BQac0SDf35FUYc5ANdXbLT1DId1P6Y6E9HWXMPEfHMBFTV4K
0 21
0 37
1 10
1 12
2 26
2 30
3 19
3 24
4 0
4 27
5 16
5 19
6 8
6 9
7 24
7 32
8 27
8 35
9 7
9 35
10 16
10 40
11 2
11 23
12 28
12 40
13 12
13 20
14 4
14 8
15 2
15 18
16 31
16 36
17 3
17 7
18 11
18 26
19 36
19 38
20 0
20 28
21 13
21 41
22 3
22 5
23 15
23 30
24 34
24 38
25 5
25 10
26 23
26 39
27 33
27 37
28 21
28 29
29 1
29 13
30 18
30 39
31 1
31 25
32 6
32 34
33 6
33 14
34 9
34 17
35 32
35 33
36 22
36 25
37 14
37 41
38 17
38 22
39 11
39 15
40 29
40 31
41 4
41 20

# solution 275
# n=42 sym=rot4 status=verified source=flammenkamp_cache/n42_rot4
# code=oHQUW7P8EGVLQIOEdVc1T481T9BJKYc052b6fJZNS5SDaDI6M0Z4daf37LMUWCeXbCe3A2RHNFKAPRXGY9BFO
0 17
0 26
1 30
1 32
2 7
2 25
3 8
3 14
4 16
4 31
5 21
5 26
6 18
6 24
7 14
7 39
8 31
8 38
9 1
9 29
10 4
10 8
11 1
11 29
12 9
12 11
13 19
13 20
14 34
14 38
15 0
15 5
16 2
16 37
17 6
17 41
18 19
18 35
19 23
19 28
20 5
20 28
21 13
21 36
22 13
22 18
23 6
23 22
24 0
24 35
25 4
25 39
26 36
26 41
27 3
27 7
28 21
28 22
29 30
29 32
30 12
30 40
31 33
31 37
32 12
32 40
33 3
33 10
34 2
34 27
35 17
35 23
36 15
36 20
37 10
37 25
38 27
38 33
39 16
39 34
40 9
40 11
41 15
41 24

# solution 276
# n=42 sym=rot4 status=verified source=flammenkamp_cache/n42_rot4
# code=o9PASJNKRFN6VWaFR8X6f5eCOGU1L37Yb0TBJ24OdDc3S2HbdMUCf47YcKeBPHT1a0Z8XEQ59AZIQELIMDVGW
0 9
0 25
1 10
1 28
2 19
2 23
3 20
3 27
4 15
4 23
5 6
5 31
6 32
6 36
7 15
7 27
8 8
8 33
9 6
9 41
10 5
10 40
11 12
11 24
12 16
12 30
13 1
13 21
14 3
14 7
15 34
15 37
16 0
16 29
17 11
17 19
18 2
18 4
19 24
19 39
20 13
20 38
21 3
21 28
22 2
22 17
23 37
23 39
24 22
24 30
25 12
25 41
26 4
26 7
27 34
27 38
28 20
28 40
29 11
29 25
30 17
30 29
31 1
31 36
32 0
32 35
33 8
33 33
34 14
34 26
35 5
35 9
36 10
36 35
37 18
37 26
38 14
38 21
39 18
39 22
40 13
40 31
41 16
41 32

# solution 277
# n=42 sym=rot4 status=verified source=flammenkamp_cache/n42_rot4
# code=o9GASJNKRFN6VWaFR8X6f5eCOGU1L37YbTfBJ24OdDc3S2HbdMU0C47YcKeBPHT1a0Z8XEQ59AZIQELIMDVPW
0 9
0 16
1 10
1 28
2 19
2 23
3 20
3 27
4 15
4 23
5 6
5 31
6 32
6 36
7 15
7 27
8 8
8 33
9 6
9 41
10 5
10 40
11 12
11 24
12 16
12 30
13 1
13 21
14 3
14 7
15 34
15 37
16 29
16 41
17 11
17 19
18 2
18 4
19 24
19 39
20 13
20 38
21 3
21 28
22 2
22 17
23 37
23 39
24 22
24 30
25 0
25 12
26 4
26 7
27 34
27 38
28 20
28 40
29 11
29 25
30 17
30 29
31 1
31 36
32 0
32 35
33 8
33 33
34 14
34 26
35 5
35 9
36 10
36 35
37 18
37 26
38 14
38 21
39 18
39 22
40 13
40 31
41 25
41 32

# solution 278
# n=42 sym=rot4 status=verified source=flammenkamp_cache/n42_rot4
# code=oGT7IGORYBEVZ5A3eIOLU5Z9b0QKQ3bCDdf28XeJM9SDWJM18Xd02ST4cFLFf4W6aBKHN1cVa6ARU7EHPNYCP
0 16
0 29
1 7
1 18
2 16
2 24
3 27
3 34
4 11
4 14
5 31
5 35
6 5
6 10
7 3
7 40
8 18
8 24
9 21
9 30
10 5
10 35
11 9
11 37
12 0
12 26
13 20
13 26
14 3
14 37
15 12
15 13
16 39
16 41
17 2
17 8
18 33
18 40
19 19
19 22
20 9
20 28
21 13
21 32
22 19
22 22
23 1
23 8
24 33
24 39
25 0
25 2
26 28
26 29
27 4
27 38
28 15
28 21
29 15
29 41
30 4
30 32
31 6
31 36
32 11
32 20
33 17
33 23
34 1
34 38
35 31
35 36
36 6
36 10
37 27
37 30
38 7
38 14
39 17
39 25
40 23
40 34
41 12
41 25

# solution 279
# n=42 sym=rot4 status=verified source=flammenkamp_cache/n42_rot4
# code=oCVLMEGMNRY79BH4aUW8a0Q8ZIfLQ4dADHdPZ3T131DSeceCc6G2OSV2bFK0N6XFf5X9B5bOUWY7EIJPRJKAT
0 12
0 31
1 21
1 22
2 14
2 16
3 22
3 23
4 27
4 34
5 7
5 9
6 11
6 17
7 4
7 36
8 30
8 32
9 8
9 36
10 0
10 26
11 8
11 35
12 18
12 41
13 21
13 26
14 4
14 39
15 10
15 13
16 17
16 39
17 25
17 35
18 3
18 29
19 1
19 3
20 1
20 13
21 28
21 40
22 38
22 40
23 12
23 38
24 6
24 16
25 2
25 24
26 28
26 31
27 2
27 37
28 15
28 20
29 0
29 23
30 6
30 33
31 15
31 41
32 5
32 33
33 9
33 11
34 5
34 37
35 24
35 30
36 32
36 34
37 7
37 14
38 18
38 19
39 25
39 27
40 19
40 20
41 10
41 29

# solution 280
# n=42 sym=rot4 status=verified source=flammenkamp_cache/n42_rot4
# code=oEVMQIO78JRPZ5BVcPcKT07IZ9SCK4f1H582QUd1bSW9D4e2BFdXaOe0bLTDW6NYfCL3G3AUa6GEMXYHNFJAR
0 14
0 31
1 22
1 26
2 18
2 24
3 7
3 8
4 19
4 27
5 25
5 35
6 5
6 11
7 31
7 38
8 25
8 38
9 20
9 29
10 0
10 7
11 18
11 35
12 9
12 28
13 12
13 20
14 4
14 41
15 1
15 17
16 5
16 8
17 2
17 26
18 30
18 39
19 1
19 37
20 28
20 32
21 9
21 13
22 4
22 40
23 2
23 11
24 15
24 39
25 33
25 36
26 24
26 40
27 0
27 37
28 21
28 29
29 13
29 32
30 6
30 23
31 34
31 41
32 12
32 21
33 3
33 16
34 3
34 10
35 30
35 36
36 6
36 16
37 14
37 22
38 33
38 34
39 17
39 23
40 15
40 19
41 10
41 27

# solution 281
# n=42 sym=rot4 status=verified source=flammenkamp_cache/n42_rot4
# code=oHP6E4MEWYdSUKe4NFN3V9J5CPU5KceHX0CQf782VSZ6DAdXY0FTf8O13LaBGTaMWAcIQIb1LBD279RJbRZGO
0 17
0 25
1 6
1 14
2 4
2 22
3 14
3 32
4 34
4 39
5 28
5 30
6 20
6 40
7 4
7 23
8 15
8 23
9 3
9 31
10 9
10 19
11 5
11 12
12 25
12 30
13 5
13 20
14 38
14 40
15 17
15 33
16 0
16 12
17 26
17 41
18 7
18 8
19 2
19 31
20 28
20 35
21 6
21 13
22 10
22 39
23 33
23 34
24 0
24 15
25 29
25 41
26 8
26 24
27 1
27 3
28 21
28 36
29 11
29 16
30 29
30 36
31 22
31 32
32 10
32 38
33 18
33 26
34 18
34 37
35 1
35 21
36 11
36 13
37 2
37 7
38 9
38 27
39 19
39 37
40 27
40 35
41 16
41 24

# solution 282
# n=42 sym=rot4 status=verified source=flammenkamp_cache/n42_rot4
# code=oFOBLEVRT9a4I7GUZ8XNb2S7e3OAK3dMfJZ0C9aFP1SDeGQ5WTf6M0J2cLVHc1YDd4I8X6BPYNb5WCEARKUHQ
0 15
0 24
1 11
1 21
2 14
2 31
3 27
3 29
4 9
4 36
5 4
5 18
6 7
6 16
7 30
7 35
8 8
8 33
9 23
9 37
10 2
10 28
11 7
11 40
12 3
12 24
13 10
13 20
14 3
14 39
15 22
15 41
16 19
16 35
17 0
17 12
18 9
18 36
19 15
19 25
20 1
20 28
21 13
21 40
22 16
22 26
23 5
23 32
24 29
24 41
25 6
25 22
26 0
26 19
27 2
27 38
28 21
28 31
29 17
29 38
30 1
30 34
31 13
31 39
32 4
32 18
33 8
33 33
34 6
34 11
35 25
35 34
36 23
36 37
37 5
37 32
38 12
38 14
39 10
39 27
40 20
40 30
41 17
41 26

# solution 283
# n=42 sym=rot4 status=verified source=flammenkamp_cache/n42_rot4
# code=oIRJVOQ8EBZOP48CFZc9W1PLbDYLT0c2Y5A25JfNeBDSU1I0MadVa7d3fCK7S4KGe9W36QTXbGH6URXFHAMEN
0 18
0 27
1 19
1 31
2 24
2 26
3 8
3 14
4 11
4 35
5 24
5 25
6 4
6 8
7 12
7 15
8 35
8 38
9 9
9 32
10 1
10 25
11 21
11 37
12 13
12 34
13 21
13 29
14 0
14 38
15 2
15 34
16 5
16 10
17 2
17 5
18 19
18 41
19 23
19 40
20 11
20 13
21 28
21 30
22 1
22 18
23 0
23 22
24 36
24 39
25 31
25 36
26 7
26 39
27 3
27 41
28 12
28 20
29 7
29 28
30 4
30 20
31 16
31 40
32 9
32 32
33 3
33 6
34 26
34 29
35 33
35 37
36 16
36 17
37 6
37 30
38 27
38 33
39 15
39 17
40 10
40 22
41 14
41 23

# solution 284
# n=42 sym=rot4 status=verified source=flammenkamp_cache/n42_rot4
# code=oRWJPEc2A8HBQJW8OYb06CcQaKVKP0d5B1D7bINZeSTCD16IN4YSeUa2fGLAL5F3TZf47HX9MFUOXVd3RGM9E
0 27
0 32
1 19
1 25
2 14
2 38
3 2
3 10
4 8
4 17
5 11
5 26
6 19
6 32
7 8
7 24
8 34
8 37
9 0
9 6
10 12
10 38
11 26
11 36
12 20
12 31
13 20
13 25
14 0
14 39
15 5
15 11
16 1
16 13
17 7
17 37
18 18
18 23
19 35
19 40
20 28
20 29
21 12
21 13
22 1
22 6
23 18
23 23
24 4
24 34
25 28
25 40
26 30
26 36
27 2
27 41
28 16
28 21
29 10
29 21
30 5
30 15
31 3
31 29
32 35
32 41
33 4
33 7
34 17
34 33
35 9
35 22
36 15
36 30
37 24
37 33
38 31
38 39
39 3
39 27
40 16
40 22
41 9
41 14

# solution 285
# n=42 sym=rot4 status=verified source=flammenkamp_cache/n42_rot4
# code=oJQEHRU89ITPZ5ULVIcVc79264MGK2e0H5SQeXbCf7SDY0T481FDaOf1dLPJbZdWY3A3NAKBa6GCNWXBEORFM
0 19
0 26
1 14
1 17
2 27
2 30
3 8
3 9
4 18
4 29
5 25
5 35
6 5
6 30
7 21
7 31
8 18
8 38
9 31
9 38
10 7
10 9
11 2
11 6
12 4
12 22
13 16
13 20
14 2
14 40
15 0
15 17
16 5
16 28
17 26
17 40
18 33
18 37
19 12
19 41
20 7
20 28
21 13
21 34
22 0
22 29
23 4
23 8
24 1
24 15
25 13
25 36
26 24
26 41
27 1
27 39
28 21
28 25
29 19
29 37
30 35
30 39
31 32
31 34
32 3
32 10
33 3
33 23
34 10
34 20
35 11
35 36
36 6
36 16
37 12
37 23
38 32
38 33
39 11
39 14
40 24
40 27
41 15
41 22

# solution 286
# n=42 sym=rot4 status=verified source=flammenkamp_cache/n42_rot4
# code=oMPEcEH1QBSWYJL5H9C5XAVGbNX4Lde3I0UYdCQ0Z6DSZ6fFT27BfNc12Kb8I4PAV8aTWOaKM79DUFeOR3RGJ
0 22
0 25
1 14
1 38
2 14
2 17
3 1
3 26
4 11
4 28
5 32
5 34
6 19
6 21
7 5
7 17
8 9
8 12
9 5
9 33
10 10
10 31
11 16
11 37
12 23
12 33
13 4
13 21
14 39
14 40
15 3
15 18
16 0
16 30
17 34
17 39
18 12
18 26
19 0
19 35
20 6
20 13
21 28
21 35
22 6
22 41
23 15
23 29
24 2
24 7
25 11
25 41
26 23
26 38
27 1
27 2
28 20
28 37
29 8
29 18
30 4
30 25
31 10
31 31
32 8
32 36
33 29
33 32
34 24
34 36
35 20
35 22
36 7
36 9
37 13
37 30
38 15
38 40
39 24
39 27
40 3
40 27
41 16
41 19

# solution 287
# n=42 sym=rot4 status=verified source=flammenkamp_cache/n42_rot4
# code=oELUXDJEZAPIY3A5F1QDMZb1PLOWdcf8Y4BCIOa9d0CTf2W5HNTUb7X0329HKGe46JSFeQaVc7NGV6RMS8BKR
0 14
0 21
1 30
1 33
2 13
2 19
3 14
3 35
4 10
4 25
5 18
5 34
6 3
6 10
7 5
7 15
8 1
8 26
9 13
9 22
10 35
10 37
11 1
11 25
12 21
12 24
13 32
13 39
14 38
14 41
15 8
15 34
16 4
16 11
17 12
17 18
18 24
18 36
19 9
19 39
20 0
20 12
21 29
21 41
22 2
22 32
23 5
23 17
24 23
24 29
25 30
25 37
26 7
26 33
27 0
27 3
28 2
28 9
29 17
29 20
30 16
30 40
31 4
31 6
32 19
32 28
33 15
33 40
34 26
34 36
35 31
35 38
36 7
36 23
37 16
37 31
38 6
38 27
39 22
39 28
40 8
40 11
41 20
41 27

# solution 288
# n=42 sym=rot4 status=verified source=flammenkamp_cache/n42_rot4
# code=o3KIP9DPfMR69OaBF8XadQTEYAKJd4UAY136IOe4STf0CDb1HNZce7VBb2MLV7RCF258XQU5HWZEJ0GSWGNLc
0 3
0 20
1 18
1 25
2 9
2 13
3 25
3 41
4 22
4 27
5 6
5 9
6 24
6 36
7 11
7 15
8 8
8 33
9 36
9 39
10 26
10 29
11 14
11 34
12 10
12 20
13 19
13 39
14 4
14 30
15 10
15 34
16 1
16 3
17 6
17 18
18 24
18 40
19 4
19 28
20 29
20 41
21 0
21 12
22 13
22 37
23 1
23 17
24 23
24 35
25 38
25 40
26 7
26 31
27 11
27 37
28 2
28 22
29 21
29 31
30 7
30 27
31 12
31 15
32 2
32 5
33 8
33 33
34 26
34 30
35 5
35 17
36 32
36 35
37 14
37 19
38 0
38 16
39 28
39 32
40 16
40 23
41 21
41 38

# solution 289
# n=42 sym=rot4 status=verified source=flammenkamp_cache/n42_rot4
# code=o8LFR8CIM4bRVJO9VdfSY57DGKd9U15PeFU6IOc3Z0TCf6c3HNZBQ1GaeBW2LPSYa7D02AWHMAE4bJNTXEQKX
0 8
0 21
1 15
1 27
2 8
2 12
3 18
3 22
4 4
4 37
5 27
5 31
6 19
6 24
7 9
7 31
8 39
8 41
9 28
9 34
10 5
10 7
11 13
11 16
12 20
12 39
13 9
13 30
14 1
14 5
15 25
15 40
16 15
16 30
17 6
17 18
18 24
18 38
19 3
19 35
20 0
20 29
21 12
21 41
22 6
22 38
23 3
23 17
24 23
24 35
25 11
25 26
26 1
26 16
27 36
27 40
28 11
28 32
29 2
29 21
30 25
30 28
31 34
31 36
32 7
32 13
33 0
33 2
34 10
34 32
35 17
35 22
36 10
36 14
37 4
37 37
38 19
38 23
39 29
39 33
40 14
40 26
41 20
41 33

# solution 290
# n=42 sym=rot4 status=verified source=flammenkamp_cache/n42_rot4
# code=oLXDIEJGW8SFUJY6V0b3E7F5TBK4eWdVaIcHOPeZd0TCf261GHO3N5A291bLUCaQYRc4fAZ7MBQDX9PMRNS8K
0 21
0 33
1 13
1 18
2 14
2 19
3 16
3 32
4 8
4 28
5 15
5 30
6 19
6 34
7 6
7 31
8 0
8 37
9 3
9 14
10 7
10 15
11 5
11 29
12 11
12 20
13 4
13 40
14 32
14 39
15 31
15 36
16 18
16 38
17 17
17 24
18 25
18 40
19 35
19 39
20 0
20 29
21 12
21 41
22 2
22 6
23 1
23 16
24 17
24 24
25 3
25 23
26 5
26 10
27 2
27 9
28 1
28 37
29 21
29 30
30 12
30 36
31 26
31 34
32 27
32 38
33 4
33 41
34 10
34 35
35 7
35 22
36 11
36 26
37 13
37 33
38 9
38 25
39 22
39 27
40 23
40 28
41 8
41 20

# solution 291
# n=42 sym=rot4 status=verified source=flammenkamp_cache/n42_rot4
# code=oYbIKQR580VGcBE0JJcIS4SCZLU9A2Z2GQaHOWeXYCe1T7819HO5FPd6dVWBK6TDbDN3MMfRU3PAfXaEFLN47
0 34
0 37
1 18
1 20
2 26
2 27
3 5
3 8
4 0
4 31
5 16
5 38
6 11
6 14
7 0
7 19
8 19
8 38
9 18
9 28
10 4
10 28
11 12
11 35
12 21
12 30
13 9
13 10
14 2
14 35
15 2
15 16
16 26
16 36
17 17
17 24
18 32
18 40
19 33
19 34
20 12
20 40
21 1
21 29
22 7
22 8
23 1
23 9
24 17
24 24
25 5
25 15
26 25
26 39
27 6
27 39
28 31
28 32
29 11
29 20
30 6
30 29
31 13
31 37
32 13
32 23
33 3
33 22
34 22
34 41
35 27
35 30
36 3
36 25
37 10
37 41
38 33
38 36
39 14
39 15
40 21
40 23
41 4
41 7

# solution 292
# n=42 sym=rot4 status=verified source=flammenkamp_cache/n42_rot4
# code=oJSCQGL9Q68AZ5bJRPbBcBaVWLe0I7I138dHORSYf2CTd07DEHO2XceNYNf1K9A5U3U4GEM4a6VXZFWKPFTDM
0 19
0 28
1 12
1 26
2 16
2 21
3 9
3 26
4 6
4 8
5 10
5 35
6 5
6 37
7 19
7 27
8 25
8 37
9 11
9 38
10 11
10 36
11 31
11 32
12 21
12 40
13 0
13 18
14 7
14 18
15 1
15 3
16 8
16 39
17 17
17 24
18 27
18 28
19 34
19 41
20 2
20 12
21 29
21 39
22 0
22 7
23 13
23 14
24 17
24 24
25 2
25 33
26 38
26 40
27 23
27 34
28 23
28 41
29 1
29 20
30 9
30 10
31 5
31 30
32 3
32 30
33 4
33 16
34 14
34 22
35 4
35 36
36 6
36 31
37 33
37 35
38 15
38 32
39 20
39 25
40 15
40 29
41 13
41 22

# solution 293
# n=42 sym=rot4 status=verified source=flammenkamp_cache/n42_rot4
# code=o7AHIEJQWMZ8N4Y6fEa3ULf9PFKDSXd3TBHPe5e4dATCV2b1a1GOUCc28DSLQGW0KBc5R0Z7bIX6J9FMRNOVY
0 7
0 10
1 17
1 18
2 14
2 19
3 26
3 32
4 22
4 35
5 8
5 23
6 4
6 34
7 6
7 41
8 14
8 36
9 3
9 30
10 21
10 41
11 9
11 25
12 15
12 20
13 13
13 28
14 33
14 39
15 3
15 29
16 11
16 17
17 25
17 40
18 5
18 40
19 4
19 39
20 10
20 29
21 12
21 31
22 2
22 37
23 1
23 36
24 1
24 16
25 24
25 30
26 12
26 38
27 2
27 8
28 13
28 28
29 21
29 26
30 16
30 32
31 0
31 20
32 11
32 38
33 5
33 27
34 0
34 35
35 7
35 37
36 18
36 33
37 6
37 19
38 9
38 15
39 22
39 27
40 23
40 24
41 31
41 34

# solution 294
# n=42 sym=rot4 status=verified source=flammenkamp_cache/n42_rot4
# code=oAIJQIMEXUZOW49EU3L5ZGf47KSCQYc1DHV5Pdf2e8TCX1d02GaAOSe37FTDLYb0P6aKcBRWb9H6B8RJNFMNV
0 10
0 18
1 19
1 26
2 18
2 22
3 14
3 33
4 30
4 35
5 24
5 32
6 4
6 9
7 14
7 30
8 3
8 21
9 5
9 35
10 16
10 41
11 4
11 7
12 20
12 28
13 12
13 26
14 34
14 38
15 1
15 13
16 17
16 31
17 5
17 25
18 39
18 41
19 2
19 40
20 8
20 29
21 12
21 33
22 1
22 39
23 0
23 2
24 16
24 36
25 10
25 24
26 28
26 40
27 3
27 7
28 15
28 29
29 13
29 21
30 34
30 37
31 0
31 25
32 6
32 36
33 20
33 38
34 11
34 27
35 32
35 37
36 9
36 17
37 6
37 11
38 8
38 27
39 19
39 23
40 15
40 22
41 23
41 31

# solution 295
# n=42 sym=rot4 status=verified source=flammenkamp_cache/n42_rot4
# code=o6G35GQNeLRUeBfMX7MCRDI5ZKWHV492HdfQS3V784TCbXYAcDF02OdWbAO9L6aNSETJY8J0U1BEK1IFPacPZ
0 6
0 16
1 3
1 5
2 16
2 26
3 23
3 40
4 21
4 27
5 30
5 40
6 11
6 41
7 22
7 33
8 7
8 22
9 12
9 27
10 13
10 18
11 5
11 35
12 20
12 32
13 17
13 31
14 4
14 9
15 2
15 17
16 39
16 41
17 26
17 28
18 3
18 31
19 7
19 8
20 4
20 29
21 12
21 37
22 33
22 34
23 10
23 38
24 13
24 15
25 0
25 2
26 24
26 39
27 32
27 37
28 10
28 24
29 9
29 21
30 6
30 36
31 23
31 28
32 14
32 29
33 19
33 34
34 8
34 19
35 0
35 30
36 1
36 11
37 14
37 20
38 1
38 18
39 15
39 25
40 36
40 38
41 25
41 35

# solution 296
# n=42 sym=rot4 status=verified source=flammenkamp_cache/n42_rot4
# code=oLaNSDEJPEW06Va7YIM4P6CFOKV1dbdHU39BQ1X8c0TCf3X8eFUWcBO242eALHQTZGbJN7Y5AZf9RGMRSDI5K
0 21
0 36
1 23
1 28
2 13
2 14
3 19
3 25
4 14
4 32
5 0
5 6
6 31
6 36
7 7
7 34
8 18
8 22
9 4
9 25
10 6
10 12
11 15
11 24
12 20
12 31
13 1
13 39
14 37
14 39
15 17
15 30
16 3
16 9
17 11
17 26
18 1
18 33
19 8
19 38
20 0
20 29
21 12
21 41
22 3
22 33
23 8
23 40
24 15
24 30
25 32
25 38
26 11
26 24
27 2
27 4
28 2
28 40
29 10
29 21
30 17
30 26
31 29
31 35
32 16
32 37
33 19
33 23
34 7
34 34
35 5
35 10
36 35
36 41
37 9
37 27
38 16
38 22
39 27
39 28
40 13
40 18
41 5
41 20

# solution 297
# n=42 sym=rot4 status=verified source=flammenkamp_cache/n42_rot4
# code=oIMJODXUV79CKGNSb29Xb3E3GKa7dFVHRUZ1Q6f0eTa5C1f0ZFe6BEOAQ2Y5LPcRc48Wd4DIPLTWYAB8SHMJN
0 18
0 22
1 19
1 24
2 13
2 33
3 30
3 31
4 7
4 9
5 12
5 20
6 16
6 23
7 28
7 37
8 2
8 9
9 33
9 37
10 3
10 14
11 3
11 16
12 20
12 36
13 7
13 39
14 15
14 31
15 17
15 27
16 30
16 35
17 1
17 26
18 6
18 41
19 0
19 40
20 29
20 36
21 5
21 12
22 1
22 41
23 0
23 35
24 15
24 40
25 6
25 11
26 14
26 24
27 10
27 26
28 2
28 34
29 5
29 21
30 25
30 38
31 27
31 38
32 4
32 8
33 32
33 39
34 4
34 13
35 18
35 25
36 21
36 29
37 32
37 34
38 10
38 11
39 8
39 28
40 17
40 22
41 19
41 23

# solution 298
# n=42 sym=rot4 status=verified source=flammenkamp_cache/n42_rot4
# code=oIJIPXYSVBG6LRa292MEY3BVbLQ3H6WCH1bQSef8f5CTa0X01DF4eOT9ZOcFK4AUc7RJdWd5EKZPUAD78GNMN
0 18
0 19
1 18
1 25
2 33
2 34
3 28
3 31
4 11
4 16
5 6
5 21
6 27
6 36
7 2
7 9
8 2
8 22
9 14
9 34
10 3
10 11
11 31
11 37
12 21
12 26
13 3
13 17
14 6
14 32
15 12
15 17
16 1
16 37
17 26
17 28
18 40
18 41
19 8
19 41
20 5
20 12
21 29
21 36
22 0
22 33
23 0
23 1
24 13
24 15
25 4
25 40
26 24
26 29
27 9
27 35
28 24
28 38
29 15
29 20
30 4
30 10
31 30
31 38
32 7
32 27
33 19
33 39
34 32
34 39
35 5
35 14
36 20
36 35
37 25
37 30
38 10
38 13
39 7
39 8
40 16
40 23
41 22
41 23

# solution 299
# n=42 sym=rot4 status=verified source=flammenkamp_cache/n42_rot4
# code=o8NFMPSVaAP3BUWHILf6D3b6aLR2WCOJe24EY0Y1Q8CTXFe7f7Rbd1MHT9dEK5Z4cSZ0KNO9BUcGV5ADGJQIX
0 8
0 23
1 15
1 22
2 25
2 28
3 31
3 36
4 10
4 25
5 3
5 11
6 30
6 32
7 17
7 18
8 21
8 41
9 6
9 13
10 3
10 37
11 6
11 36
12 21
12 27
13 2
13 32
14 12
14 24
15 19
15 40
16 2
16 4
17 14
17 34
18 0
18 34
19 1
19 26
20 8
20 12
21 29
21 33
22 15
22 40
23 7
23 41
24 7
24 27
25 37
25 39
26 1
26 22
27 17
27 29
28 9
28 39
29 14
29 20
30 5
30 35
31 4
31 38
32 28
32 35
33 0
33 20
34 23
34 24
35 9
35 11
36 30
36 38
37 16
37 31
38 5
38 10
39 13
39 16
40 19
40 26
41 18
41 33

# solution 300
# n=42 sym=rot4 status=verified source=flammenkamp_cache/n42_rot4
# code=oPTEGDK8BMN9U6ZIOVcQa8M5c0LFdHe9S0e7R4Y4ACd2TVb7bEY1fDW1O2QKf3aJX5F3AHN6ZBWIJUXLSPRCG
0 25
0 29
1 14
1 16
2 13
2 20
3 8
3 11
4 22
4 23
5 9
5 30
6 6
6 35
7 18
7 24
8 31
8 38
9 26
9 36
10 8
10 22
11 5
11 38
12 0
12 21
13 15
13 39
14 17
14 40
15 9
15 28
16 0
16 40
17 7
17 27
18 4
18 34
19 4
19 10
20 12
20 39
21 2
21 29
22 31
22 37
23 7
23 37
24 14
24 34
25 1
25 41
26 13
26 32
27 1
27 24
28 2
28 26
29 20
29 41
30 3
30 36
31 19
31 33
32 5
32 15
33 3
33 10
34 17
34 23
35 6
35 35
36 11
36 32
37 18
37 19
38 30
38 33
39 21
39 28
40 25
40 27
41 12
41 16

# solution 301
# n=42 sym=rot4 status=verified source=flammenkamp_cache/n42_rot4
# code=oEHMRQT897JVYFL5bPcSc5UAI2L9H1f2Z8ISfPU1b6CTZ4eBG0DNX6d0eOWKdNVBa3D3G4aKQ7AMYWXCFEJOR
0 14
0 17
1 22
1 27
2 26
2 29
3 8
3 9
4 7
4 19
5 31
5 34
6 15
6 21
7 5
7 37
8 25
8 38
9 28
9 38
10 5
10 30
11 10
11 18
12 2
12 21
13 9
13 17
14 1
14 41
15 2
15 35
16 8
16 18
17 28
17 41
18 25
18 30
19 1
19 37
20 6
20 12
21 29
21 35
22 4
22 40
23 11
23 16
24 0
24 13
25 23
25 33
26 6
26 39
27 0
27 40
28 24
28 32
29 20
29 39
30 23
30 31
31 11
31 36
32 3
32 13
33 3
33 16
34 4
34 36
35 20
35 26
36 7
36 10
37 22
37 34
38 32
38 33
39 12
39 15
40 14
40 19
41 24
41 27

# solution 302
# n=42 sym=rot4 status=verified source=flammenkamp_cache/n42_rot4
# code=oUbQS7XJN0KEFHWRd2G6UGS09HK1A7a1aVXTZ3JNcTb4C3IMc6C8A5e5YVeLOWfDPBZPd2E9OQRLfIM8YDF4B
0 30
0 37
1 26
1 28
2 7
2 33
3 19
3 23
4 0
4 20
5 14
5 15
6 17
6 32
7 27
7 39
8 2
8 16
9 6
9 30
10 16
10 28
11 0
11 9
12 17
12 20
13 1
13 10
14 7
14 36
15 1
15 36
16 31
16 33
17 29
17 35
18 3
18 19
19 23
19 38
20 29
20 37
21 4
21 12
22 3
22 18
23 22
23 38
24 6
24 12
25 8
25 10
26 5
26 40
27 5
27 34
28 31
28 40
29 21
29 24
30 32
30 41
31 13
31 25
32 11
32 35
33 25
33 39
34 2
34 14
35 9
35 24
36 26
36 27
37 21
37 41
38 18
38 22
39 8
39 34
40 13
40 15
41 4
41 11

# solution 303
# n=42 sym=rot4 status=verified source=flammenkamp_cache/n42_rot4
# code=oQVBaIQ8LVZ1N47BZMcGH04YeLOJRDG02RWCW5d8S3CTcDX2a9T9EdfPSEMHK17bfOP3J6UYbIe6AKXFN5UAF
0 26
0 31
1 11
1 36
2 18
2 26
3 8
3 21
4 31
4 35
5 1
5 23
6 4
6 7
7 11
7 35
8 22
8 38
9 16
9 17
10 0
10 4
11 34
11 40
12 21
12 24
13 19
13 27
14 13
14 16
15 0
15 2
16 27
16 32
17 12
17 32
18 5
18 39
19 8
19 28
20 3
20 12
21 29
21 38
22 13
22 33
23 2
23 36
24 9
24 29
25 9
25 14
26 39
26 41
27 25
27 28
28 14
28 22
29 17
29 20
30 1
30 7
31 37
31 41
32 24
32 25
33 3
33 19
34 6
34 30
35 34
35 37
36 18
36 40
37 6
37 10
38 20
38 33
39 15
39 23
40 5
40 30
41 10
41 15

# solution 304
# n=42 sym=rot4 status=verified source=flammenkamp_cache/n42_rot4
# code=oNRFGIL7V6a4SGbRc8XFJ3JDOHK5U07WeZeBT0dVW2TCd9A2fCU1619YfBaLOHSMcMQ8X3E4PDb5ZAYKNPQEI
0 23
0 27
1 15
1 16
2 18
2 21
3 7
3 31
4 6
4 36
5 4
5 28
6 16
6 37
7 27
7 38
8 8
8 33
9 15
9 19
10 3
10 19
11 13
11 24
12 17
12 20
13 5
13 30
14 0
14 7
15 32
15 40
16 35
16 40
17 11
17 29
18 0
18 39
19 31
19 32
20 2
20 29
21 12
21 39
22 9
22 10
23 2
23 41
24 12
24 30
25 1
25 6
26 1
26 9
27 34
27 41
28 11
28 36
29 21
29 24
30 17
30 28
31 22
31 38
32 22
32 26
33 8
33 33
34 3
34 14
35 4
35 25
36 13
36 37
37 5
37 35
38 10
38 34
39 20
39 23
40 25
40 26
41 14
41 18

# solution 305
# n=42 sym=rot4 status=verified source=flammenkamp_cache/n42_rot4
# code=oNRFGILVY6a4SGb3R8XFJ3JDOHK5U07WeZeBT0dVW2TCd9A2fCU1619YfBaLOHSMcMQ8XEc4PDb5Z7AKNPQEI
0 23
0 27
1 15
1 16
2 18
2 21
3 31
3 34
4 6
4 36
5 4
5 28
6 16
6 37
7 3
7 27
8 8
8 33
9 15
9 19
10 3
10 19
11 13
11 24
12 17
12 20
13 5
13 30
14 0
14 7
15 32
15 40
16 35
16 40
17 11
17 29
18 0
18 39
19 31
19 32
20 2
20 29
21 12
21 39
22 9
22 10
23 2
23 41
24 12
24 30
25 1
25 6
26 1
26 9
27 34
27 41
28 11
28 36
29 21
29 24
30 17
30 28
31 22
31 38
32 22
32 26
33 8
33 33
34 14
34 38
35 4
35 25
36 13
36 37
37 5
37 35
38 7
38 10
39 20
39 23
40 25
40 26
41 14
41 18

# solution 306
# n=42 sym=rot4 status=verified source=flammenkamp_cache/n42_rot4
# code=oQVPWDL3c9IJPIY6EFV1b08HRKOJdBY0X15CUZbSa2TCd5D46BTae8f7U2MHLEOXf4eAQRZ7NGMNW3cKS9GAF
0 26
0 31
1 25
1 32
2 13
2 21
3 3
3 38
4 9
4 18
5 19
5 25
6 18
6 34
7 6
7 14
8 15
8 31
9 1
9 37
10 0
10 8
11 17
11 27
12 20
12 24
13 19
13 39
14 11
14 34
15 0
15 33
16 1
16 5
17 12
17 30
18 35
18 37
19 28
19 36
20 2
20 29
21 12
21 39
22 5
22 13
23 4
23 6
24 11
24 29
25 36
25 40
26 8
26 41
27 7
27 30
28 2
28 22
29 17
29 21
30 14
30 24
31 33
31 41
32 4
32 40
33 10
33 26
34 27
34 35
35 7
35 23
36 16
36 22
37 23
37 32
38 3
38 38
39 20
39 28
40 9
40 16
41 10
41 15

# solution 307
# n=42 sym=rot4 status=verified source=flammenkamp_cache/n42_rot4
# code=oIZKUIQHS5VXb0DAJ5MGR4Y1QHL3Z9G2BRWTcdf8YCe1T7X023C9EUdPW6cKOFe7bEPJaMVSf48AaDOFNBL6N
0 18
0 35
1 20
1 30
2 18
2 26
3 17
3 28
4 5
4 31
5 33
5 37
6 0
6 13
7 10
7 19
8 5
8 22
9 16
9 27
10 4
10 34
11 1
11 26
12 17
12 21
13 3
13 35
14 9
14 16
15 2
15 11
16 27
16 32
17 29
17 38
18 39
18 41
19 8
19 34
20 12
20 40
21 1
21 29
22 7
22 33
23 0
23 2
24 3
24 12
25 9
25 14
26 30
26 39
27 25
27 32
28 6
28 38
29 20
29 24
30 15
30 40
31 7
31 37
32 14
32 25
33 19
33 36
34 22
34 31
35 28
35 41
36 4
36 8
37 10
37 36
38 13
38 24
39 15
39 23
40 11
40 21
41 6
41 23

# solution 308
# n=42 sym=rot4 status=verified source=flammenkamp_cache/n42_rot4
# code=oFcMU7L0IESOXTVWd5P7G6F1O6L4ESbVf8W5BJc1N2CTdIe3MUa9X0A4DRbKZHeQZPYGa29AC8HDRNfKYBJ3Q
0 15
0 38
1 22
1 30
2 7
2 21
3 0
3 18
4 14
4 28
5 24
5 33
6 29
6 31
7 32
7 39
8 5
8 25
9 7
9 16
10 6
10 15
11 1
11 24
12 6
12 21
13 4
13 14
14 28
14 37
15 31
15 41
16 8
16 32
17 5
17 11
18 19
18 38
19 1
19 23
20 2
20 12
21 29
21 39
22 18
22 40
23 3
23 22
24 30
24 36
25 9
25 33
26 0
26 10
27 4
27 13
28 27
28 37
29 20
29 35
30 17
30 40
31 26
31 35
32 25
32 34
33 16
33 36
34 2
34 9
35 10
35 12
36 8
36 17
37 13
37 27
38 23
38 41
39 20
39 34
40 11
40 19
41 3
41 26

# solution 309
# n=42 sym=rot4 status=verified source=flammenkamp_cache/n42_rot4
# code=oCLHISW8MMSFUAPVX7c2E7Z5HLf24QWEa6IUePe340CTfbc1G1BNZ5R9Fbd0KOa6YRd3Y8AGVBQDJJX9DNOKT
0 12
0 21
1 17
1 18
2 28
2 32
3 8
3 22
4 22
4 28
5 15
5 30
6 10
6 25
7 31
7 33
8 7
8 38
9 2
9 14
10 7
10 35
11 5
11 17
12 21
12 41
13 2
13 4
14 26
14 32
15 14
15 36
16 6
16 18
17 30
17 40
18 25
18 40
19 3
19 4
20 0
20 12
21 29
21 41
22 37
22 38
23 1
23 16
24 1
24 11
25 23
25 35
26 5
26 27
27 9
27 15
28 37
28 39
29 0
29 20
30 24
30 36
31 6
31 34
32 27
32 39
33 3
33 34
34 8
34 10
35 16
35 31
36 11
36 26
37 13
37 19
38 19
38 33
39 9
39 13
40 23
40 24
41 20
41 29

# solution 310
# n=42 sym=rot4 status=verified source=flammenkamp_cache/n42_rot4
# code=o69OSESKXNZFT4fUX37PfEI7O5K12VdGa9Q1B4VJMTc3CJMAbUeFW5P2AdeLaHYNR0GYc8B0bCQ6I8LDRDHWZ
0 6
0 9
1 24
1 28
2 14
2 28
3 20
3 33
4 23
4 35
5 15
5 29
6 4
6 41
7 30
7 33
8 3
8 7
9 25
9 41
10 14
10 18
11 7
11 24
12 5
12 20
13 1
13 2
14 31
14 39
15 16
15 36
16 9
16 26
17 1
17 11
18 4
18 31
19 19
19 22
20 29
20 38
21 3
21 12
22 19
22 22
23 10
23 37
24 30
24 40
25 15
25 32
26 5
26 25
27 2
27 10
28 39
28 40
29 21
29 36
30 17
30 34
31 23
31 27
32 0
32 16
33 34
33 38
34 8
34 11
35 0
35 37
36 12
36 26
37 6
37 18
38 8
38 21
39 13
39 27
40 13
40 17
41 32
41 35

# solution 311
# n=42 sym=rot4 status=verified source=flammenkamp_cache/n42_rot4
# code=o7OLQDG3cUZEQ4GMfAUHRDX48KNVd9a15Zd0WCJ7N1TCeIYMT9f26ae5W2AILXb8SEOBV0JPbFR6B3cPSFKHY
0 7
0 24
1 21
1 26
2 13
2 16
3 3
3 38
4 30
4 35
5 14
5 26
6 4
6 16
7 22
7 41
8 10
8 30
9 17
9 27
10 13
10 33
11 4
11 8
12 20
12 23
13 31
13 39
14 9
14 36
15 1
15 5
16 35
16 39
17 0
17 32
18 12
18 19
19 7
19 23
20 1
20 29
21 12
21 40
22 18
22 34
23 22
23 29
24 9
24 41
25 2
25 6
26 36
26 40
27 5
27 32
28 2
28 10
29 18
29 21
30 33
30 37
31 8
31 28
32 14
32 24
33 11
33 31
34 0
34 19
35 25
35 37
36 15
36 27
37 6
37 11
38 3
38 38
39 25
39 28
40 15
40 20
41 17
41 34

# solution 312
# n=42 sym=rot4 status=verified source=flammenkamp_cache/n42_rot4
# code=oFH6BNRFGKN9TYe6R8XOaDUAe5KMV27cfJc9f24DPTb4CGSbd0W3M03YdAJLa1VBS5H8XEZ17CWILPQEIUZOQ
0 15
0 17
1 6
1 11
2 23
2 27
3 15
3 16
4 20
4 23
5 9
5 29
6 34
6 40
7 6
7 27
8 8
8 33
9 24
9 36
10 13
10 30
11 10
11 40
12 5
12 20
13 22
13 31
14 2
14 7
15 38
15 41
16 19
16 38
17 9
17 41
18 2
18 4
19 13
19 25
20 29
20 37
21 4
21 12
22 16
22 28
23 37
23 39
24 0
24 32
25 3
25 22
26 0
26 3
27 34
27 39
28 10
28 19
29 21
29 36
30 1
30 31
31 11
31 28
32 5
32 17
33 8
33 33
34 14
34 35
35 1
35 7
36 12
36 32
37 18
37 21
38 25
38 26
39 14
39 18
40 30
40 35
41 24
41 26

# solution 313
# n=42 sym=rot4 status=verified source=flammenkamp_cache/n42_rot4
# code=oMOUWEGEI9ULN7VDZHV1b6814KQFYcdCSJd0X5c0P5TCaGf3a8f2MDT237QFLbeXZ4eAO6SAYIKBWNRPR9BHJ
0 22
0 24
1 30
1 32
2 14
2 16
3 14
3 18
4 9
4 30
5 21
5 23
6 7
6 31
7 13
7 35
8 17
8 31
9 1
9 37
10 6
10 8
11 1
11 4
12 20
12 26
13 15
13 34
14 38
14 39
15 12
15 28
16 19
16 39
17 0
17 33
18 5
18 38
19 0
19 25
20 5
20 29
21 12
21 36
22 16
22 41
23 3
23 36
24 8
24 41
25 2
25 22
26 13
26 29
27 2
27 3
28 7
28 26
29 15
29 21
30 37
30 40
31 33
31 35
32 4
32 40
33 10
33 24
34 6
34 28
35 10
35 34
36 18
36 20
37 11
37 32
38 23
38 27
39 25
39 27
40 9
40 11
41 17
41 19

# solution 314
# n=42 sym=rot4 status=verified source=flammenkamp_cache/n42_rot4
# code=oFSIOQRIb3Y9JCG48HYRaLSGJKZ0A292fUZ1XceUaATCV5B138e6B0dWdVf6LMPDK5E7OXbPTMW7c4NEFHNDQ
0 15
0 28
1 18
1 24
2 26
2 27
3 18
3 37
4 3
4 34
5 9
5 19
6 12
6 16
7 4
7 8
8 17
8 34
9 27
9 36
10 21
10 28
11 16
11 19
12 20
12 35
13 0
13 10
14 2
14 9
15 2
15 41
16 30
16 35
17 1
17 33
18 38
18 40
19 30
19 36
20 10
20 29
21 12
21 31
22 5
22 11
23 1
23 3
24 8
24 40
25 6
25 11
26 0
26 39
27 32
27 39
28 31
28 41
29 6
29 21
30 22
30 25
31 13
31 20
32 5
32 14
33 7
33 24
34 33
34 37
35 25
35 29
36 22
36 32
37 7
37 38
38 4
38 23
39 14
39 15
40 17
40 23
41 13
41 26

# solution 315
# n=42 sym=rot4 status=verified source=flammenkamp_cache/n42_rot4
# code=oQTJNGRJSOV9G7BKZORUa4D9Z0L3V280Iad481QceCY7T13FeXb25NfXdAcKf6WSb5BEH6LUYPWAHDMEPIMCF
0 26
0 29
1 19
1 23
2 16
2 27
3 19
3 28
4 24
4 31
5 9
5 16
6 7
6 11
7 20
7 35
8 24
8 27
9 30
9 36
10 4
10 13
11 9
11 35
12 0
12 21
13 3
13 31
14 2
14 8
15 0
15 18
16 36
16 39
17 4
17 8
18 1
18 26
19 38
19 40
20 12
20 34
21 7
21 29
22 1
22 3
23 15
23 40
24 33
24 37
25 2
25 5
26 23
26 41
27 33
27 39
28 10
28 38
29 20
29 41
30 6
30 32
31 28
31 37
32 5
32 11
33 14
33 17
34 6
34 21
35 30
35 34
36 25
36 32
37 10
37 17
38 13
38 22
39 14
39 25
40 18
40 22
41 12
41 15

# solution 316
# n=42 sym=rot4 status=verified source=flammenkamp_cache/n42_rot4
# code=oMQFXKS49Vc6GRaHV1OJc47DEGK2U6U0eTa8YIN0WTd2C9fIN7X5C1fBZBdLPRSYb3MHeAO5EPZ3AWbDL8QFJ
0 22
0 26
1 15
1 33
2 20
2 28
3 4
3 9
4 31
4 38
5 6
5 16
6 27
6 36
7 17
7 31
8 1
8 24
9 19
9 38
10 4
10 7
11 13
11 14
12 16
12 20
13 2
13 30
14 6
14 30
15 0
15 40
16 29
16 36
17 8
17 34
18 18
18 23
19 0
19 32
20 29
20 39
21 2
21 12
22 9
22 41
23 18
23 23
24 7
24 33
25 5
25 12
26 1
26 41
27 11
27 35
28 11
28 39
29 21
29 25
30 27
30 28
31 34
31 37
32 3
32 22
33 17
33 40
34 10
34 24
35 5
35 14
36 25
36 35
37 3
37 10
38 32
38 37
39 13
39 21
40 8
40 26
41 15
41 19

# solution 317
# n=42 sym=rot4 status=verified source=flammenkamp_cache/n42_rot4
# code=oRTBd196LHMFMAcFIOUAdWZ8e0KDS0GYaIR8bPY453TCcab7G4XEN57PfDSLf1X692VBHNQ3VJQJOKZWe2UCE
0 27
0 29
1 11
1 39
2 1
2 9
3 6
3 21
4 17
4 22
5 15
5 22
6 10
6 38
7 15
7 18
8 24
8 30
9 10
9 39
10 32
10 35
11 8
11 40
12 0
12 20
13 13
13 28
14 0
14 16
15 34
15 36
16 18
16 27
17 8
17 37
18 25
18 34
19 4
19 5
20 3
20 29
21 12
21 38
22 36
22 37
23 7
23 16
24 4
24 33
25 14
25 23
26 5
26 7
27 25
27 41
28 13
28 28
29 21
29 41
30 1
30 33
31 6
31 9
32 2
32 31
33 11
33 17
34 23
34 26
35 3
35 31
36 19
36 26
37 19
37 24
38 20
38 35
39 32
39 40
40 2
40 30
41 12
41 14

# solution 318
# n=42 sym=rot4 status=verified source=flammenkamp_cache/n42_rot4
# code=oCSIZ9LHPJXBJ1VQR4OBd6GWaKf0I7F7R3V8cSeab2TCd451D3XAcEYQYNf0L59PZ2UHbEFAeMU8MGOKW6NDT
0 12
0 28
1 18
1 35
2 9
2 21
3 17
3 25
4 19
4 33
5 11
5 19
6 1
6 31
7 26
7 27
8 4
8 24
9 11
9 39
10 6
10 16
11 32
11 36
12 20
12 41
13 0
13 18
14 7
14 15
15 7
15 27
16 3
16 31
17 8
17 38
18 28
18 40
19 36
19 37
20 2
20 29
21 12
21 39
22 4
22 5
23 1
23 13
24 3
24 33
25 10
25 38
26 14
26 34
27 26
27 34
28 23
28 41
29 0
29 21
30 5
30 9
31 25
31 35
32 2
32 30
33 17
33 37
34 14
34 15
35 10
35 40
36 22
36 30
37 8
37 22
38 16
38 24
39 20
39 32
40 6
40 23
41 13
41 29

# solution 319
# n=42 sym=rot4 status=verified source=flammenkamp_cache/n42_rot4
# code=oJL3UDEOe4bJNCUAQDHAPWY16LZXdQd7E9I3X5Paf0CTf05Ga8cNWRY2F286KZe79GVOSFVBTIM4b1HRSBcKM
0 19
0 21
1 3
1 30
2 13
2 14
3 24
3 40
4 4
4 37
5 19
5 23
6 12
6 30
7 10
7 26
8 13
8 17
9 10
9 25
10 32
10 34
11 1
11 6
12 21
12 35
13 33
13 39
14 26
14 39
15 7
15 14
16 9
16 18
17 3
17 33
18 5
18 25
19 36
19 41
20 0
20 12
21 29
21 41
22 0
22 5
23 16
23 36
24 8
24 38
25 23
25 32
26 27
26 34
27 2
27 15
28 2
28 8
29 6
29 20
30 35
30 40
31 7
31 9
32 16
32 31
33 24
33 28
34 15
34 31
35 11
35 29
36 18
36 22
37 4
37 37
38 1
38 17
39 27
39 28
40 11
40 38
41 20
41 22

# solution 320
# n=42 sym=rot4 status=verified source=flammenkamp_cache/n42_rot4
# code=oJKFOEYNZGU6N3a2VOVDR784DKMUW9dGeQb1835CfTf0C0TacXe4F1P2W9BJLSbXYESAHAd5cIZBP6I7RHQLM
0 19
0 20
1 15
1 24
2 14
2 34
3 23
3 35
4 16
4 30
5 6
5 23
6 3
6 36
7 2
7 31
8 24
8 31
9 13
9 27
10 7
10 8
11 4
11 13
12 20
12 22
13 30
13 32
14 9
14 39
15 16
15 40
16 26
16 37
17 1
17 8
18 3
18 5
19 12
19 41
20 29
20 41
21 0
21 12
22 0
22 29
23 36
23 38
24 33
24 40
25 4
25 15
26 1
26 25
27 2
27 32
28 9
28 11
29 19
29 21
30 28
30 37
31 33
31 34
32 14
32 28
33 10
33 17
34 10
34 39
35 5
35 38
36 18
36 35
37 11
37 25
38 6
38 18
39 7
39 27
40 17
40 26
41 21
41 22

# solution 321
# n=42 sym=rot4 status=verified source=flammenkamp_cache/n42_rot4
# code=oLRCYDbOP2M6UWa1H8X6JDF5QKeVd0IBV3I3YPR4W0TCf9bEG7cNcAUNf2A1LFaQSMZ8XOe59BZJdGH4S7TEK
0 21
0 27
1 12
1 34
2 13
2 37
3 24
3 25
4 2
4 22
5 6
5 30
6 32
6 36
7 1
7 17
8 8
8 33
9 6
9 19
10 13
10 15
11 5
11 26
12 20
12 40
13 31
13 39
14 0
14 18
15 11
15 31
16 3
16 18
17 3
17 34
18 25
18 27
19 4
19 32
20 0
20 29
21 12
21 41
22 9
22 37
23 14
23 16
24 7
24 38
25 23
25 38
26 10
26 30
27 23
27 41
28 2
28 10
29 1
29 21
30 15
30 36
31 26
31 28
32 22
32 35
33 8
33 33
34 24
34 40
35 5
35 9
36 11
36 35
37 19
37 39
38 16
38 17
39 4
39 28
40 7
40 29
41 14
41 20

# solution 322
# n=42 sym=rot4 status=verified source=flammenkamp_cache/n42_rot4
# code=o8A3GLW8eHUAPIMHNcf2Uaf49FKMRDFRT5eYb7Z6D2TCdSZ6Y471aCEQSEJLQWb05Bd03IOJNGVBO1X9KPcVX
0 8
0 10
1 3
1 16
2 21
2 32
3 8
3 40
4 17
4 30
5 10
5 25
6 18
6 22
7 17
7 23
8 38
8 41
9 2
9 30
10 36
10 41
11 4
11 9
12 15
12 20
13 22
13 27
14 13
14 15
15 27
15 29
16 5
16 40
17 34
17 37
18 7
18 35
19 6
19 13
20 2
20 29
21 12
21 39
22 28
22 35
23 6
23 34
24 4
24 7
25 1
25 36
26 12
26 14
27 26
27 28
28 14
28 19
29 21
29 26
30 32
30 37
31 0
31 5
32 11
32 39
33 0
33 3
34 18
34 24
35 19
35 23
36 16
36 31
37 11
37 24
38 1
38 33
39 9
39 20
40 25
40 38
41 31
41 33

# solution 323
# n=42 sym=rot4 status=verified source=flammenkamp_cache/n42_rot4
# code=oKSOQPX8J67TUFbOb2cEUEI595L0PVW1Z2D17JVNcCf0T3IAMYeSd6e9AGfKaWaNRBR3d4H4QBCYZMX8GFHDL
0 20
0 28
1 24
1 26
2 25
2 33
3 8
3 19
4 6
4 7
5 29
5 30
6 15
6 37
7 24
7 37
8 2
8 38
9 14
9 30
10 14
10 18
11 5
11 9
12 5
12 21
13 0
13 25
14 31
14 32
15 1
15 35
16 2
16 13
17 1
17 7
18 19
18 31
19 23
19 38
20 12
20 41
21 0
21 29
22 3
22 18
23 10
23 22
24 34
24 40
25 28
25 39
26 6
26 40
27 9
27 10
28 16
28 41
29 20
29 36
30 32
30 36
31 23
31 27
32 11
32 27
33 3
33 39
34 4
34 17
35 4
35 26
36 11
36 12
37 34
37 35
38 22
38 33
39 8
39 16
40 15
40 17
41 13
41 21

# solution 324
# n=42 sym=rot4 status=verified source=flammenkamp_cache/n42_rot4
# code=oADGQXa3cEH2KCHRV2GNU7f9SKZBf7b1JXeZb9JNQTa5CFIMW4618Me4Y0U6LDW0YBIPdAEOTLdOR3c58FPSV
0 10
0 13
1 16
1 26
2 33
2 36
3 3
3 38
4 14
4 17
5 2
5 20
6 12
6 17
7 27
7 31
8 2
8 16
9 23
9 30
10 7
10 41
11 9
11 28
12 20
12 35
13 11
13 41
14 7
14 37
15 1
15 19
16 33
16 40
17 35
17 37
18 9
18 19
19 23
19 26
20 29
20 36
21 5
21 12
22 15
22 18
23 22
23 32
24 4
24 6
25 1
25 8
26 22
26 40
27 4
27 34
28 0
28 30
29 6
29 21
30 13
30 32
31 0
31 34
32 11
32 18
33 25
33 39
34 10
34 14
35 24
35 29
36 21
36 39
37 24
37 27
38 3
38 38
39 5
39 8
40 15
40 25
41 28
41 31

# solution 325
# n=42 sym=rot4 status=verified source=flammenkamp_cache/n42_rot4
# code=oGJLOPXRU7BIQAHSb2SAMWZ3bLQ783I5C2f1ZRa9f1CTe0W5E6e0dTaNcXYFK4c69JVDd4DOVFNUYBE8GHKMP
0 16
0 19
1 21
1 24
2 25
2 33
3 27
3 30
4 7
4 11
5 18
5 26
6 10
6 17
7 28
7 37
8 2
8 28
9 10
9 22
10 32
10 35
11 3
11 37
12 21
12 26
13 7
13 8
14 3
14 18
15 5
15 12
16 2
16 41
17 1
17 35
18 27
18 36
19 9
19 41
20 1
20 12
21 29
21 40
22 0
22 32
23 5
23 14
24 6
24 40
25 0
25 39
26 29
26 36
27 23
27 38
28 33
28 34
29 15
29 20
30 4
30 38
31 6
31 9
32 19
32 31
33 13
33 39
34 4
34 13
35 24
35 31
36 15
36 23
37 30
37 34
38 11
38 14
39 8
39 16
40 17
40 20
41 22
41 25

# solution 326
# n=42 sym=rot4 status=verified source=flammenkamp_cache/n42_rot4
# code=o5CGQHQSWNVHf7XRZ6B3G4SKXLf3A7M12Wead4JENCUBTIRMb2519deJYVc0K8LDbPcUZ6E8Y0OAI9DFOFPTa
0 5
0 12
1 16
1 26
2 17
2 26
3 28
3 32
4 23
4 31
5 17
5 41
6 7
6 33
7 27
7 35
8 6
8 11
9 3
9 16
10 4
10 28
11 20
11 33
12 21
12 41
13 3
13 10
14 7
14 22
15 1
15 2
16 32
16 40
17 36
17 39
18 4
18 19
19 14
19 23
20 12
20 30
21 11
21 29
22 18
22 27
23 22
23 37
24 2
24 5
25 1
25 9
26 39
26 40
27 19
27 34
28 31
28 38
29 0
29 20
30 8
30 21
31 13
31 37
32 25
32 38
33 30
33 35
34 6
34 14
35 8
35 34
36 0
36 24
37 10
37 18
38 9
38 13
39 15
39 24
40 15
40 25
41 29
41 36

# solution 327
# n=42 sym=rot4 status=verified source=flammenkamp_cache/n42_rot4
# code=o8HUZFWFLOYAB1V4SIf2G6a1aLS7CGIcdRW4fRXJM3CTcJM8E0b9E23NPTYDK5e5ZPd0NDbAeUV7HKQ9Q6BOX
0 8
0 17
1 30
1 35
2 15
2 32
3 15
3 21
4 24
4 34
5 10
5 11
6 1
6 31
7 4
7 28
8 18
8 41
9 2
9 16
10 6
10 36
11 1
11 36
12 21
12 28
13 7
13 12
14 16
14 18
15 38
15 39
16 27
16 32
17 4
17 41
18 27
18 33
19 19
19 22
20 3
20 12
21 29
21 38
22 19
22 22
23 8
23 14
24 0
24 37
25 9
25 14
26 2
26 3
27 23
27 25
28 29
28 34
29 13
29 20
30 5
30 40
31 5
31 35
32 25
32 39
33 0
33 23
34 13
34 37
35 10
35 40
36 30
36 31
37 7
37 17
38 20
38 26
39 9
39 26
40 6
40 11
41 24
41 33

# solution 328
# n=42 sym=rot4 status=verified source=flammenkamp_cache/n42_rot4
# code=oDVOPEMOX6KIT8bDU3ZIR0B7V5LYf9dGJ1Q13Wa2QCb4TFd59ceFeMP2W07KaAYUfEN6cBS4XCNLZ8HJRGHAS
0 13
0 31
1 24
1 25
2 14
2 22
3 24
3 33
4 6
4 20
5 18
5 29
6 8
6 37
7 13
7 30
8 3
8 35
9 18
9 27
10 0
10 11
11 7
11 31
12 5
12 21
13 34
13 41
14 9
14 39
15 16
15 19
16 1
16 26
17 1
17 3
18 32
18 36
19 2
19 26
20 12
20 37
21 4
21 29
22 15
22 39
23 5
23 9
24 38
24 40
25 15
25 40
26 22
26 25
27 2
27 32
28 0
28 7
29 20
29 36
30 10
30 34
31 30
31 41
32 14
32 23
33 6
33 38
34 11
34 28
35 4
35 33
36 12
36 23
37 21
37 35
38 8
38 17
39 19
39 27
40 16
40 17
41 10
41 28

# solution 329
# n=42 sym=rot4 status=verified source=flammenkamp_cache/n42_rot4
# code=oEWGOHKQS6IQXXbET560GBSJV7L3AYf35We1dJbNUCd2TBI4M2e19ac07VcKYAMDUPfZaCR488FNZDFLOHP9R
0 14
0 32
1 16
1 24
2 17
2 20
3 26
3 28
4 6
4 18
5 26
5 33
6 33
6 37
7 14
7 29
8 5
8 6
9 0
9 16
10 11
10 28
11 19
11 31
12 7
12 21
13 3
13 10
14 34
14 41
15 3
15 5
16 32
16 40
17 1
17 39
18 19
18 37
19 23
19 30
20 12
20 39
21 2
21 29
22 11
22 18
23 4
23 22
24 2
24 40
25 1
25 9
26 36
26 38
27 0
27 7
28 31
28 38
29 20
29 34
30 10
30 22
31 13
31 30
32 25
32 41
33 35
33 36
34 12
34 27
35 4
35 8
36 8
36 15
37 23
37 35
38 13
38 15
39 21
39 24
40 17
40 25
41 9
41 27

# solution 330
# n=42 sym=rot4 status=verified source=flammenkamp_cache/n42_rot4
# code=oOV4PHT3cUeBEIR8IVYKS084a2K9F6aMS1J0dYZFPTW9CGQ672fMeDJ5ZQWLd5bXfDL7ANXENRU1B3cCOGbAH
0 24
0 31
1 4
1 25
2 17
2 29
3 3
3 38
4 30
4 40
5 11
5 14
6 18
6 27
7 8
7 18
8 31
8 34
9 20
9 28
10 0
10 8
11 4
11 36
12 2
12 20
13 9
13 15
14 6
14 36
15 22
15 28
16 1
16 19
17 0
17 39
18 34
18 35
19 15
19 25
20 29
20 32
21 9
21 12
22 16
22 26
23 6
23 7
24 2
24 41
25 22
25 40
26 13
26 19
27 5
27 35
28 26
28 32
29 21
29 39
30 5
30 37
31 33
31 41
32 13
32 21
33 7
33 10
34 23
34 33
35 14
35 23
36 27
36 30
37 1
37 11
38 3
38 38
39 12
39 24
40 16
40 37
41 10
41 17

# solution 331
# n=42 sym=rot4 status=verified source=flammenkamp_cache/n42_rot4
# code=oHLQWDHPZMPAU38AEJZ1FYa5CLUIdIY1W34dfRS4X0CTf8bDE02bc9e7N2NBKTa57Qe6MRVXcBVGJ6GOS9FKO
0 17
0 21
1 26
1 32
2 13
2 17
3 25
3 35
4 22
4 25
5 10
5 30
6 3
6 8
7 10
7 14
8 19
8 35
9 1
9 15
10 34
10 36
11 5
11 12
12 21
12 30
13 18
13 39
14 18
14 34
15 1
15 32
16 3
16 4
17 39
17 41
18 27
18 28
19 4
19 33
20 0
20 12
21 29
21 41
22 8
22 37
23 13
23 14
24 0
24 2
25 37
25 38
26 9
26 40
27 7
27 23
28 2
28 23
29 11
29 20
30 29
30 36
31 5
31 7
32 26
32 40
33 6
33 22
34 27
34 31
35 33
35 38
36 11
36 31
37 16
37 19
38 6
38 16
39 24
39 28
40 9
40 15
41 20
41 24

# solution 332
# n=42 sym=rot4 status=verified source=flammenkamp_cache/n42_rot4
# code=oGHDRGI8Q8DNU7RCZbcCQHK5KWYbe1639dfVf5dJMUVABJM2a0A02WcZe1479LaLOFT346TEYBISXFXNPESOP
0 16
0 17
1 13
1 27
2 16
2 18
3 8
3 26
4 8
4 13
5 23
5 30
6 7
6 27
7 12
7 35
8 37
8 38
9 12
9 26
10 17
10 20
11 5
11 20
12 32
12 34
13 37
13 40
14 1
14 6
15 3
15 9
16 39
16 41
17 31
17 41
18 5
18 39
19 19
19 22
20 30
20 31
21 10
21 11
22 19
22 22
23 2
23 36
24 0
24 10
25 0
25 2
26 32
26 38
27 35
27 40
28 1
28 4
29 7
29 9
30 21
30 36
31 21
31 24
32 15
32 29
33 3
33 4
34 6
34 29
35 14
35 34
36 11
36 18
37 28
37 33
38 15
38 33
39 23
39 25
40 14
40 28
41 24
41 25

# solution 333
# n=42 sym=rot4 status=verified source=flammenkamp_cache/n42_rot4
# code=o1TIfIQ8O4b9J8DPVZcOa7KFK0SCZJP2U7E39deRaUVAB5E12WcRYBdGM6TDfLQLY5H36AGSXMW4bHXFN0NCe
0 1
0 29
1 18
1 41
2 18
2 26
3 8
3 24
4 4
4 37
5 9
5 19
6 8
6 13
7 25
7 31
8 35
8 38
9 24
9 36
10 7
10 20
11 15
11 20
12 0
12 28
13 12
13 35
14 19
14 25
15 2
15 30
16 7
16 14
17 3
17 9
18 39
18 40
19 27
19 36
20 30
20 31
21 10
21 11
22 5
22 14
23 1
23 2
24 32
24 38
25 27
25 34
26 11
26 39
27 16
27 22
28 6
28 29
29 13
29 41
30 21
30 26
31 21
31 34
32 5
32 17
33 3
33 6
34 10
34 16
35 28
35 33
36 22
36 32
37 4
37 37
38 17
38 33
39 15
39 23
40 0
40 23
41 12
41 40

# solution 334
# n=42 sym=rot4 status=verified source=flammenkamp_cache/n42_rot4
# code=oHQOTAR9F5VRbPSIK9NXc4dDG1K6U250c6U1f8YJMTY7CJM7X0eBZ3fadBZLePS2b38IWLNDG4EAaQWEVCHFO
0 17
0 26
1 24
1 29
2 10
2 27
3 9
3 15
4 5
4 31
5 27
5 37
6 25
6 28
7 18
7 20
8 9
8 23
9 33
9 38
10 4
10 39
11 13
11 16
12 1
12 20
13 6
13 30
14 2
14 5
15 0
15 38
16 6
16 30
17 1
17 41
18 8
18 34
19 19
19 22
20 29
20 34
21 7
21 12
22 19
22 22
23 7
23 33
24 0
24 40
25 11
25 35
26 3
26 41
27 36
27 39
28 11
28 35
29 21
29 40
30 25
30 28
31 2
31 37
32 3
32 8
33 18
33 32
34 21
34 23
35 13
35 16
36 4
36 14
37 10
37 36
38 26
38 32
39 14
39 31
40 12
40 17
41 15
41 24

# solution 335
# n=42 sym=rot4 status=verified source=flammenkamp_cache/n42_rot4
# code=oHQOP8E9ZTW7R3D8aYd4cKTJL4APZ5d0J1D1fINQUBVAUBFIN0eSeMf2a6GVbKMCL3b275XScEY9C6WRXGHFO
0 17
0 26
1 24
1 25
2 8
2 14
3 9
3 35
4 29
4 32
5 7
5 27
6 3
6 13
7 8
7 36
8 34
8 39
9 4
9 38
10 20
10 29
11 19
11 21
12 4
12 10
13 25
13 35
14 5
14 39
15 0
15 19
16 1
16 13
17 1
17 41
18 18
18 23
19 26
19 30
20 11
20 31
21 10
21 30
22 11
22 15
23 18
23 23
24 0
24 40
25 28
25 40
26 22
26 41
27 2
27 36
28 6
28 16
29 31
29 37
30 20
30 22
31 12
31 21
32 3
32 37
33 2
33 7
34 5
34 33
35 28
35 38
36 14
36 34
37 9
37 12
38 6
38 32
39 27
39 33
40 16
40 17
41 15
41 24

# solution 336
# n=42 sym=rot4 status=verified source=flammenkamp_cache/n42_rot4
# code=oPQEWFa4MVc2SBDCH8X1L4MLZEY5ZTe0d0IIYOP3A9BUWVcGH7NNf2f1C6a7R6KJbKe8XOTSUDd3AJb5Q9RFG
0 25
0 26
1 14
1 32
2 15
2 36
3 4
3 22
4 31
4 38
5 2
5 28
6 11
6 13
7 12
7 17
8 8
8 33
9 1
9 21
10 4
10 22
11 21
11 35
12 14
12 34
13 5
13 35
14 29
14 40
15 0
15 39
16 0
16 18
17 18
17 34
18 24
18 25
19 3
19 10
20 9
20 11
21 30
21 32
22 31
22 38
23 16
23 17
24 7
24 23
25 23
25 41
26 2
26 41
27 1
27 12
28 6
28 36
29 7
29 27
30 6
30 20
31 19
31 37
32 20
32 40
33 8
33 33
34 24
34 29
35 28
35 30
36 13
36 39
37 3
37 10
38 19
38 37
39 5
39 26
40 9
40 27
41 15
41 16

# solution 337
# n=42 sym=rot4 status=verified source=flammenkamp_cache/n42_rot4
# code=oQRIX7CCaGN3SHVRd1DAL6WKQcd5X070BHbPZ4eJM9UBWJM1b6G4OUfYf8a23FL9ZKVSe2EAODcIP5TTY8NEF
0 26
0 27
1 18
1 33
2 7
2 12
3 12
3 36
4 16
4 23
5 3
5 28
6 17
6 31
7 27
7 39
8 1
8 13
9 10
9 21
10 6
10 32
11 20
11 26
12 38
12 39
13 5
13 33
14 0
14 7
15 0
15 11
16 17
16 37
17 25
17 35
18 4
18 40
19 19
19 22
20 9
20 30
21 11
21 32
22 19
22 22
23 1
23 37
24 6
24 16
25 4
25 24
26 30
26 41
27 34
27 41
28 8
28 36
29 2
29 3
30 15
30 21
31 9
31 35
32 20
32 31
33 28
33 40
34 2
34 14
35 10
35 24
36 13
36 38
37 18
37 25
38 5
38 29
39 29
39 34
40 8
40 23
41 14
41 15

# solution 338
# n=42 sym=rot4 status=verified source=flammenkamp_cache/n42_rot4
# code=oQRNX7CCaGN3SHVRd1DAL6WKQcd5X070BHbPZ14JM9UBWJMbe6G4OUfYf8a23FL9ZKVSe2EAODcIP5TTY8IEF
0 26
0 27
1 23
1 33
2 7
2 12
3 12
3 36
4 16
4 23
5 3
5 28
6 17
6 31
7 27
7 39
8 1
8 13
9 10
9 21
10 6
10 32
11 20
11 26
12 38
12 39
13 5
13 33
14 0
14 7
15 0
15 11
16 17
16 37
17 25
17 35
18 1
18 4
19 19
19 22
20 9
20 30
21 11
21 32
22 19
22 22
23 37
23 40
24 6
24 16
25 4
25 24
26 30
26 41
27 34
27 41
28 8
28 36
29 2
29 3
30 15
30 21
31 9
31 35
32 20
32 31
33 28
33 40
34 2
34 14
35 10
35 24
36 13
36 38
37 18
37 25
38 5
38 29
39 29
39 34
40 8
40 18
41 14
41 15

# solution 339
# n=42 sym=rot4 status=verified source=flammenkamp_cache/n42_rot4
# code=oIJ8QGTRTGa49DVDIKeOa6FKO23YZ3J1Vbd9BYfRfUX8B0E07UW24AeMc67cdHLQZ5H1LNSASWb5PCECPFXMN
0 18
0 19
1 8
1 26
2 16
2 29
3 27
3 29
4 16
4 36
5 4
5 9
6 13
6 31
7 13
7 18
8 20
8 40
9 24
9 36
10 6
10 15
11 20
11 24
12 2
12 3
13 34
13 35
14 3
14 19
15 1
15 31
16 37
16 39
17 9
17 11
18 34
18 41
19 27
19 41
20 30
20 33
21 8
21 11
22 0
22 14
23 0
23 7
24 30
24 32
25 2
25 4
26 10
26 40
27 22
27 38
28 6
28 7
29 38
29 39
30 17
30 21
31 26
31 35
32 5
32 17
33 1
33 21
34 23
34 28
35 10
35 28
36 32
36 37
37 5
37 25
38 12
38 14
39 12
39 25
40 15
40 33
41 22
41 23

# solution 340
# n=42 sym=rot4 status=verified source=flammenkamp_cache/n42_rot4
# code=oIQIZDREX4bBO1JLV3AGS7XLaJQ9d2c0CHW5PefTZ7BUY6C01Ga9OTf3d2WFM5K8YDPVcAKMeHU4b8RES6NFN
0 18
0 26
1 18
1 35
2 13
2 27
3 14
3 33
4 4
4 37
5 11
5 24
6 1
6 19
7 21
7 31
8 3
8 10
9 16
9 28
10 7
10 33
11 21
11 36
12 19
12 26
13 9
13 39
14 2
14 38
15 0
15 12
16 17
16 32
17 5
17 25
18 40
18 41
19 29
19 35
20 7
20 11
21 30
21 34
22 6
22 12
23 0
23 1
24 16
24 36
25 9
25 24
26 29
26 41
27 3
27 39
28 2
28 32
29 15
29 22
30 5
30 20
31 8
31 34
32 13
32 25
33 31
33 38
34 10
34 20
35 22
35 40
36 17
36 30
37 4
37 37
38 8
38 27
39 14
39 28
40 6
40 23
41 15
41 23

# solution 341
# n=42 sym=rot4 status=verified source=flammenkamp_cache/n42_rot4
# code=oJNCF6QBN5JSbVdLR9HGX6TKcAe5G7H2eSWRX03bf7UBY04cf8E9D1dOYPa1V3LCZ8POWEK2A4DMaIUFZQTIM
0 19
0 23
1 12
1 15
2 6
2 26
3 11
3 23
4 5
4 19
5 28
5 37
6 31
6 39
7 21
7 27
8 9
8 17
9 16
9 33
10 6
10 29
11 20
11 38
12 10
12 40
13 5
13 16
14 7
14 17
15 2
15 40
16 28
16 32
17 27
17 33
18 0
18 3
19 37
19 41
20 7
20 30
21 11
21 34
22 0
22 4
23 38
23 41
24 8
24 14
25 9
25 13
26 1
26 39
27 24
27 34
28 25
28 36
29 1
29 31
30 3
30 21
31 12
31 35
32 8
32 25
33 24
33 32
34 14
34 20
35 2
35 10
36 4
36 13
37 22
37 36
38 18
38 30
39 15
39 35
40 26
40 29
41 18
41 22

# solution 342
# n=42 sym=rot4 status=verified source=flammenkamp_cache/n42_rot4
# code=oMOFTAE8Y8SGNLW3Hbc6ETdIL1A4FWdSeJa0Y5U0P6BUZGfBa7f5M1D29QbVeKN2CRZ34Oc9KIPDX7XRVCQHJ
0 22
0 24
1 15
1 29
2 10
2 14
3 8
3 34
4 8
4 28
5 16
5 23
6 21
6 32
7 3
7 17
8 37
8 38
9 6
9 14
10 29
10 39
11 18
11 21
12 1
12 10
13 4
13 15
14 32
14 39
15 28
15 40
16 19
16 36
17 0
17 34
18 5
18 30
19 0
19 25
20 6
20 11
21 30
21 35
22 16
22 41
23 11
23 36
24 7
24 41
25 5
25 22
26 1
26 13
27 2
27 9
28 26
28 37
29 31
29 40
30 20
30 23
31 2
31 12
32 27
32 35
33 3
33 4
34 24
34 38
35 9
35 20
36 18
36 25
37 13
37 33
38 7
38 33
39 27
39 31
40 12
40 26
41 17
41 19

# solution 343
# n=42 sym=rot4 status=verified source=flammenkamp_cache/n42_rot4
# code=oDMOTRc2IAGDNLXQW6O7EUbAL1Faf2W7TJb185c0P6BUZGf3aXe4MCY9d05QeKV4BRYHZ9F8KISPVNd3ECHJS
0 13
0 22
1 24
1 29
2 27
2 38
3 2
3 18
4 10
4 16
5 13
5 23
6 21
6 33
7 26
7 32
8 6
8 24
9 7
9 14
10 30
10 37
11 10
11 21
12 1
12 15
13 36
13 41
14 2
14 32
15 7
15 29
16 19
16 37
17 1
17 8
18 5
18 38
19 0
19 25
20 6
20 11
21 30
21 35
22 16
22 41
23 3
23 36
24 33
24 40
25 4
25 22
26 12
26 34
27 9
27 39
28 0
28 5
29 26
29 40
30 20
30 31
31 4
31 11
32 27
32 34
33 17
33 35
34 9
34 15
35 8
35 20
36 18
36 28
37 25
37 31
38 23
38 39
39 3
39 14
40 12
40 17
41 19
41 28

# solution 344
# n=42 sym=rot4 status=verified source=flammenkamp_cache/n42_rot4
# code=oAJFJFVIR9G8WKO7YPa5b2fKSDHBT3Ide8b6TRcefUZ6B013ECZ4X12NcCUOSDL0d4a5G7YHL9XPWENAQMQMV
0 10
0 19
1 15
1 19
2 15
2 31
3 18
3 27
4 9
4 16
5 8
5 32
6 20
6 24
7 7
7 34
8 25
8 36
9 5
9 37
10 2
10 41
11 20
11 28
12 13
12 17
13 11
13 29
14 3
14 18
15 39
15 40
16 8
16 37
17 6
17 29
18 27
18 38
19 40
19 41
20 30
20 35
21 6
21 11
22 0
22 1
23 3
23 14
24 12
24 35
25 4
25 33
26 1
26 2
27 23
27 38
28 12
28 30
29 24
29 28
30 13
30 21
31 0
31 39
32 4
32 36
33 5
33 16
34 7
34 34
35 17
35 21
36 9
36 33
37 25
37 32
38 14
38 23
39 10
39 26
40 22
40 26
41 22
41 31

# solution 345
# n=42 sym=rot4 status=verified source=flammenkamp_cache/n42_rot4
# code=oJN9H4ENWTdFHKQ8X7Y3eDEDK4GUVVd6aJTae03PfUZ6B0Gcf15CM5Z2AABPbLSRS1c7Y8XFLOQ2C9IRbOWIM
0 19
0 23
1 9
1 17
2 4
2 14
3 23
3 32
4 29
4 39
5 15
5 17
6 20
6 26
7 8
7 33
8 7
8 34
9 3
9 40
10 13
10 14
11 13
11 20
12 4
12 16
13 30
13 31
14 31
14 39
15 6
15 36
16 19
16 29
17 36
17 40
18 0
18 3
19 25
19 41
20 30
20 35
21 6
21 11
22 0
22 16
23 38
23 41
24 1
24 5
25 12
25 22
26 5
26 35
27 2
27 10
28 10
28 11
29 25
29 37
30 21
30 28
31 27
31 28
32 1
32 38
33 7
33 34
34 8
34 33
35 15
35 21
36 24
36 26
37 2
37 12
38 9
38 18
39 27
39 37
40 24
40 32
41 18
41 22

# solution 346
# n=42 sym=rot4 status=verified source=flammenkamp_cache/n42_rot4
# code=oJTQbDEEV1O9SCKGX79Xa3NLQ0Z5dcd1BIY4JAPOfBZ6U0HGVMb7NUe232a6fFKIc58WY8PLTDWHeARRS4FCM
0 19
0 29
1 26
1 37
2 13
2 14
3 14
3 31
4 1
4 24
5 9
5 28
6 12
6 20
7 16
7 33
8 7
8 9
9 33
9 36
10 3
10 23
11 21
11 26
12 0
12 35
13 5
13 39
14 38
14 39
15 1
15 11
16 18
16 34
17 4
17 19
18 10
18 25
19 24
19 41
20 11
20 35
21 6
21 30
22 0
22 17
23 16
23 31
24 22
24 37
25 7
25 23
26 30
26 40
27 2
27 3
28 2
28 36
29 6
29 41
30 15
30 20
31 18
31 38
32 5
32 8
33 32
33 34
34 8
34 25
35 21
35 29
36 13
36 32
37 17
37 40
38 10
38 27
39 27
39 28
40 4
40 15
41 12
41 22

# solution 347
# n=42 sym=rot4 status=verified source=flammenkamp_cache/n42_rot4
# code=oHbAF9E6M0ALSHcQRMW8dbeLTBG5G7d7eSTZfIN385BUaXcIN06CD1Y2YPaPUCK142X9JEF3ODKVfJZRWQV4O
0 17
0 37
1 10
1 15
2 9
2 14
3 6
3 22
4 0
4 10
5 21
5 28
6 17
6 38
7 26
7 27
8 22
8 32
9 8
9 39
10 37
10 40
11 21
11 29
12 11
12 16
13 5
13 16
14 7
14 39
15 7
15 40
16 28
16 29
17 35
17 41
18 18
18 23
19 3
19 8
20 5
20 11
21 30
21 36
22 33
22 38
23 18
23 23
24 0
24 6
25 12
25 13
26 1
26 34
27 2
27 34
28 25
28 36
29 25
29 30
30 12
30 20
31 1
31 4
32 2
32 33
33 9
33 19
34 14
34 15
35 3
35 24
36 13
36 20
37 31
37 41
38 19
38 35
39 27
39 32
40 26
40 31
41 4
41 24

# solution 348
# n=42 sym=rot4 status=verified source=flammenkamp_cache/n42_rot4
# code=oFOMSDX56EK6cacGR2VOT8FKM9G1d7bVfTY09IN1BUb4BUeINWf7C0A4Y2ePWJLQXCHAdEP353ZLRZa8SDJHQ
0 15
0 24
1 22
1 28
2 13
2 33
3 5
3 6
4 14
4 20
5 6
5 38
6 36
6 38
7 16
7 27
8 2
8 31
9 24
9 29
10 8
10 15
11 20
11 22
12 9
12 16
13 1
13 39
14 7
14 37
15 31
15 41
16 29
16 34
17 0
17 9
18 18
18 23
19 1
19 11
20 30
20 37
21 4
21 11
22 30
22 40
23 18
23 23
24 32
24 41
25 7
25 12
26 0
26 10
27 4
27 34
28 2
28 40
29 25
29 32
30 19
30 21
31 26
31 33
32 12
32 17
33 10
33 39
34 14
34 25
35 3
35 5
36 3
36 35
37 21
37 27
38 35
38 36
39 8
39 28
40 13
40 19
41 17
41 26

# solution 349
# n=42 sym=rot4 status=verified source=flammenkamp_cache/n42_rot4
# code=oCM5WMRGH9KYeBT5RFN1bDPKZ6fHV27IXAcSc8Q02Ub4BdfFX3D3V8NYdAO0Z6LGS4eIQEaCU17LWOPEJ9aJT
0 12
0 22
1 5
1 32
2 22
2 27
3 16
3 17
4 9
4 20
5 34
5 40
6 11
6 29
7 5
7 27
8 15
8 23
9 1
9 37
10 13
10 25
11 20
11 35
12 6
12 41
13 17
13 31
14 2
14 7
15 18
15 33
16 10
16 38
17 28
17 38
18 8
18 26
19 0
19 2
20 30
20 37
21 4
21 11
22 39
22 41
23 15
23 33
24 3
24 13
25 3
25 31
26 8
26 23
27 34
27 39
28 10
28 24
29 0
29 35
30 6
30 21
31 16
31 28
32 4
32 40
33 18
33 26
34 14
34 36
35 12
35 30
36 1
36 7
37 21
37 32
38 24
38 25
39 14
39 19
40 9
40 36
41 19
41 29

# solution 350
# n=42 sym=rot4 status=verified source=flammenkamp_cache/n42_rot4
# code=oDM8Q7P5TKMQcAEVdWe8D7ZLO3RWfCZ152HBPIN04Bb4UbfINGUOdae6T09EcHK6YSX192ARV3FJLCaGYFXJS
0 13
0 22
1 8
1 26
2 7
2 25
3 5
3 29
4 20
4 22
5 26
5 38
6 10
6 14
7 31
7 39
8 32
8 40
9 8
9 13
10 7
10 35
11 21
11 24
12 3
12 27
13 32
13 41
14 12
14 35
15 1
15 5
16 2
16 17
17 11
17 25
18 18
18 23
19 0
19 4
20 11
20 37
21 4
21 30
22 37
22 41
23 18
23 23
24 16
24 30
25 24
25 39
26 36
26 40
27 6
27 29
28 0
28 9
29 14
29 38
30 17
30 20
31 6
31 34
32 28
32 33
33 1
33 9
34 2
34 10
35 27
35 31
36 3
36 15
37 19
37 21
38 12
38 36
39 16
39 34
40 15
40 33
41 19
41 28

# solution 351
# n=42 sym=rot4 status=verified source=flammenkamp_cache/n42_rot4
# code=oESAPEOHL6WBTJbFX7A4FXeLa5M0GdfWY1S2cINCZ3BUc6TIN3dDe7902PfJa5K18QbVY8Q4MCU9ZKOHRGVDR
0 14
0 28
1 10
1 25
2 14
2 24
3 17
3 21
4 6
4 32
5 11
5 29
6 19
6 37
7 15
7 33
8 7
8 10
9 4
9 15
10 33
10 40
11 21
11 36
12 5
12 22
13 0
13 16
14 39
14 41
15 32
15 34
16 1
16 28
17 2
17 38
18 18
18 23
19 12
19 35
20 3
20 11
21 30
21 38
22 6
22 29
23 18
23 23
24 3
24 39
25 13
25 40
26 7
26 9
27 0
27 2
28 25
28 41
29 19
29 36
30 5
30 20
31 1
31 8
32 26
32 37
33 31
33 34
34 8
34 26
35 4
35 22
36 12
36 30
37 9
37 35
38 20
38 24
39 17
39 27
40 16
40 31
41 13
41 27

# solution 352
# n=42 sym=rot4 status=verified source=flammenkamp_cache/n42_rot4
# code=oQWHIEKDPVW7MBRXa7C044TKZAXHc6d0N3JSeFe5PUd2BGa1Q1DMcIf2Z3O8V6LCbbfTY58EUJY9AGSLRNO9F
0 26
0 32
1 17
1 18
2 14
2 20
3 13
3 25
4 31
4 32
5 7
5 22
6 11
6 27
7 33
7 36
8 7
8 12
9 0
9 4
10 4
10 29
11 20
11 35
12 10
12 33
13 17
13 38
14 6
14 39
15 0
15 23
16 3
16 19
17 28
17 40
18 15
18 40
19 5
19 25
20 30
20 39
21 2
21 11
22 16
22 36
23 1
23 26
24 1
24 13
25 22
25 38
26 18
26 41
27 2
27 35
28 3
28 24
29 8
29 31
30 6
30 21
31 12
31 37
32 37
32 41
33 29
33 34
34 5
34 8
35 14
35 30
36 19
36 34
37 9
37 10
38 16
38 28
39 21
39 27
40 23
40 24
41 9
41 15

# solution 353
# n=42 sym=rot4 status=verified source=flammenkamp_cache/n42_rot4
# code=oEFOUKVRXGa4DDIIT3W8T2P1K79Za3fHfAb1QYZJMUd2BJM67Fe4V0O0c56WYLeGdCX9cCNNSSb5P8EALBHQR
0 14
0 15
1 24
1 30
2 20
2 31
3 27
3 33
4 16
4 36
5 4
5 13
6 13
6 18
7 18
7 29
8 3
8 32
9 8
9 29
10 2
10 25
11 1
11 20
12 7
12 9
13 35
13 36
14 3
14 41
15 17
15 41
16 10
16 37
17 1
17 26
18 34
18 35
19 19
19 22
20 30
20 39
21 2
21 11
22 19
22 22
23 6
23 7
24 15
24 40
25 4
25 31
26 0
26 24
27 0
27 38
28 5
28 6
29 32
29 34
30 21
30 40
31 16
31 39
32 12
32 33
33 9
33 38
34 12
34 23
35 23
35 28
36 28
36 37
37 5
37 25
38 8
38 14
39 10
39 21
40 11
40 17
41 26
41 27

# solution 354
# n=42 sym=rot4 status=verified source=flammenkamp_cache/n42_rot4
# code=oESAPLNFSFN6WOaTWAC57XeLR7X03Bfbc1H6P24JM2BUdJMbdGZOe340Ucf8YEK18YaTV9C5H9ZIQDQIKGVDR
0 14
0 28
1 10
1 25
2 21
2 23
3 15
3 28
4 15
4 23
5 6
5 32
6 24
6 36
7 29
7 32
8 10
8 12
9 5
9 7
10 33
10 40
11 21
11 27
12 7
12 33
13 0
13 3
14 11
14 41
15 37
15 38
16 1
16 17
17 6
17 25
18 2
18 4
19 19
19 22
20 2
20 11
21 30
21 39
22 19
22 22
23 37
23 39
24 16
24 35
25 24
25 40
26 3
26 4
27 0
27 30
28 38
28 41
29 8
29 34
30 14
30 20
31 1
31 8
32 34
32 36
33 29
33 31
34 9
34 12
35 5
35 17
36 9
36 35
37 18
37 26
38 13
38 26
39 18
39 20
40 16
40 31
41 13
41 27

# solution 355
# n=42 sym=rot4 status=verified source=flammenkamp_cache/n42_rot4
# code=oIS6GDK8VOTGMCeVX7cIO37EK4Z0dQUEJae49Wf5QUd2BFa09Wb15MRBF2f6bLRYcHN3Y8A1TJPCHAXLSPZDN
0 18
0 28
1 6
1 16
2 13
2 20
3 8
3 31
4 24
4 29
5 16
5 22
6 12
6 40
7 31
7 33
8 7
8 38
9 18
9 24
10 3
10 7
11 14
11 20
12 4
12 35
13 0
13 39
14 26
14 30
15 14
15 19
16 36
16 40
17 4
17 9
18 32
18 41
19 5
19 26
20 30
20 39
21 2
21 11
22 15
22 36
23 0
23 9
24 32
24 37
25 1
25 5
26 22
26 27
27 11
27 15
28 2
28 41
29 6
29 37
30 21
30 27
31 34
31 38
32 17
32 23
33 3
33 34
34 8
34 10
35 1
35 29
36 19
36 25
37 12
37 17
38 10
38 33
39 21
39 28
40 25
40 35
41 13
41 23

# solution 356
# n=42 sym=rot4 status=verified source=flammenkamp_cache/n42_rot4
# code=oIS6GDKVXOTGMCeVX37IO37EK4Z0dQUEJae49Wf5QUd2BFa09Wb15MRBF2f6bLRYcHNYc8A1TJPCH8ALSPZDN
0 18
0 28
1 6
1 16
2 13
2 20
3 31
3 33
4 24
4 29
5 16
5 22
6 12
6 40
7 31
7 33
8 3
8 7
9 18
9 24
10 3
10 7
11 14
11 20
12 4
12 35
13 0
13 39
14 26
14 30
15 14
15 19
16 36
16 40
17 4
17 9
18 32
18 41
19 5
19 26
20 30
20 39
21 2
21 11
22 15
22 36
23 0
23 9
24 32
24 37
25 1
25 5
26 22
26 27
27 11
27 15
28 2
28 41
29 6
29 37
30 21
30 27
31 34
31 38
32 17
32 23
33 34
33 38
34 8
34 10
35 1
35 29
36 19
36 25
37 12
37 17
38 8
38 10
39 21
39 28
40 25
40 35
41 13
41 23

# solution 357
# n=42 sym=rot4 status=verified source=flammenkamp_cache/n42_rot4
# code=oHQCDKY9ARVJS6Z2J9HXc4cEKPe5e4U0ICIXfPQYaUd2B57FG08NTNfBb1a1GLR3b38OWMd6ZDMAEVW7LSTFO
0 17
0 26
1 12
1 13
2 20
2 34
3 9
3 10
4 27
4 31
5 19
5 28
6 6
6 35
7 2
7 19
8 9
8 17
9 33
9 38
10 4
10 38
11 14
11 20
12 25
12 40
13 5
13 40
14 4
14 30
15 0
15 18
16 12
16 18
17 33
17 41
18 25
18 26
19 34
19 36
20 30
20 39
21 2
21 11
22 5
22 7
23 15
23 16
24 0
24 8
25 23
25 29
26 23
26 41
27 11
27 37
28 1
28 36
29 1
29 16
30 21
30 27
31 3
31 37
32 3
32 8
33 24
33 32
34 22
34 39
35 6
35 35
36 13
36 22
37 10
37 14
38 31
38 32
39 7
39 21
40 28
40 29
41 15
41 24

# solution 358
# n=42 sym=rot4 status=verified source=flammenkamp_cache/n42_rot4
# code=oHMASLZAQRa4G2EST9JCXceLO7W174Z3IIaBfPQ0X2BUd8fFG0U5NNc6bYe9YHK138TMWCDRdPb5EFV6KDVJO
0 17
0 22
1 10
1 28
2 21
2 35
3 10
3 26
4 27
4 36
5 4
5 16
6 2
6 14
7 28
7 29
8 9
8 19
9 12
9 33
10 38
10 40
11 21
11 24
12 7
12 32
13 1
13 7
14 4
14 35
15 3
15 18
16 18
16 36
17 11
17 41
18 25
18 26
19 0
19 33
20 2
20 11
21 30
21 39
22 8
22 41
23 15
23 16
24 0
24 30
25 5
25 23
26 23
26 38
27 6
27 37
28 34
28 40
29 9
29 34
30 17
30 20
31 1
31 3
32 8
32 29
33 22
33 32
34 12
34 13
35 27
35 39
36 25
36 37
37 5
37 14
38 15
38 31
39 6
39 20
40 13
40 31
41 19
41 24

# solution 359
# n=42 sym=rot4 status=verified source=flammenkamp_cache/n42_rot4
# code=oDQMSLXAGIZ9C4WMT2H6aRcKR7a1fAB0GQcIXOb172UBdYe4H8N3FPfUV0e5YEL3E5ZOdCJ9bTW6NPV8KDJFS
0 13
0 26
1 22
1 28
2 21
2 33
3 10
3 16
4 18
4 35
5 9
5 12
6 4
6 32
7 22
7 29
8 2
8 17
9 6
9 36
10 27
10 38
11 20
11 27
12 7
12 36
13 1
13 41
14 10
14 11
15 0
15 16
16 26
16 38
17 18
17 33
18 24
18 37
19 1
19 7
20 2
20 30
21 11
21 39
22 34
22 40
23 4
23 17
24 8
24 23
25 3
25 15
26 25
26 41
27 30
27 31
28 0
28 40
29 5
29 34
30 14
30 21
31 3
31 14
32 5
32 35
33 24
33 39
34 12
34 19
35 9
35 37
36 29
36 32
37 6
37 23
38 25
38 31
39 8
39 20
40 13
40 19
41 15
41 28

# solution 360
# n=42 sym=rot4 status=verified source=flammenkamp_cache/n42_rot4
# code=oAFOSKSEI5WTbJV7YEG4T6fIL5912XcOfJX1FUcPZBd2U6G3BQe8M0H38deWaKN0ZCbPR7YAM4C9aNRDLDHQV
0 10
0 15
1 24
1 28
2 20
2 28
3 14
3 18
4 5
4 32
5 29
5 37
6 19
6 31
7 7
7 34
8 14
8 16
9 4
9 29
10 6
10 41
11 18
11 21
12 5
12 9
13 1
13 2
14 33
14 38
15 24
15 41
16 19
16 33
17 1
17 15
18 30
18 38
19 25
19 35
20 11
20 39
21 2
21 30
22 6
22 16
23 3
23 11
24 26
24 40
25 8
25 22
26 0
26 17
27 3
27 8
28 39
28 40
29 32
29 36
30 20
30 23
31 0
31 35
32 12
32 37
33 25
33 27
34 7
34 34
35 10
35 22
36 4
36 12
37 9
37 36
38 23
38 27
39 13
39 21
40 13
40 17
41 26
41 31

# solution 361
# n=42 sym=rot4 status=verified source=flammenkamp_cache/n42_rot4
# code=oJUHaCLGRJZ1D4Y6RGSFNAV0KFd8a37TWXcIe9Obf2UBd04HW1N389CYc5X2QLfAVIQDPEZ7bSe6MEPKT5OBM
0 19
0 30
1 17
1 36
2 12
2 21
3 16
3 27
4 19
4 35
5 1
5 13
6 4
6 34
7 6
7 27
8 16
8 28
9 15
9 23
10 10
10 31
11 0
11 20
12 15
12 39
13 8
13 36
14 3
14 7
15 29
15 32
16 33
16 38
17 18
17 40
18 9
18 24
19 37
19 41
20 2
20 30
21 11
21 39
22 0
22 4
23 17
23 32
24 1
24 23
25 3
25 8
26 9
26 12
27 34
27 38
28 5
28 33
29 2
29 26
30 21
30 41
31 10
31 31
32 18
32 26
33 13
33 25
34 14
34 35
35 7
35 37
36 28
36 40
37 6
37 22
38 14
38 25
39 20
39 29
40 5
40 24
41 11
41 22

# solution 362
# n=42 sym=rot4 status=verified source=flammenkamp_cache/n42_rot4
# code=oJODbFKAC1OSW6ZJX7I5EBcLVQc5ePWCdEI04PXYfBd2U078GbfNR2T9G1a3FAK3URaNY8M6Z9DHeTVLQ4SHM
0 19
0 24
1 13
1 37
2 15
2 20
3 10
3 12
4 1
4 24
5 28
5 32
6 6
6 35
7 19
7 33
8 7
8 18
9 5
9 14
10 11
10 38
11 21
11 31
12 26
12 38
13 5
13 40
14 25
14 32
15 12
15 39
16 14
16 18
17 0
17 4
18 25
18 33
19 34
19 41
20 11
20 39
21 2
21 30
22 0
22 7
23 8
23 16
24 37
24 41
25 23
25 27
26 2
26 29
27 9
27 16
28 1
28 36
29 3
29 15
30 10
30 20
31 3
31 30
32 27
32 36
33 23
33 34
34 8
34 22
35 6
35 35
36 9
36 13
37 17
37 40
38 29
38 31
39 21
39 26
40 4
40 28
41 17
41 22

# solution 363
# n=42 sym=rot4 status=verified source=flammenkamp_cache/n42_rot4
# code=oEPAL4OOWTdVWJR8CIY355eIL4YPQ6fDJ0D23UXQZ1BUe6F8BcdSfMS0ZFG7bKN1aac7NTXEM9A2C9HHbKVGR
0 14
0 25
1 10
1 21
2 4
2 24
3 24
3 32
4 29
4 39
5 31
5 32
6 19
6 27
7 8
7 12
8 18
8 34
9 3
9 5
10 5
10 40
11 18
11 21
12 4
12 34
13 25
13 26
14 6
14 41
15 13
15 19
16 0
16 13
17 2
17 3
18 30
18 33
19 26
19 35
20 1
20 11
21 30
21 40
22 6
22 15
23 8
23 11
24 38
24 39
25 28
25 41
26 22
26 28
27 0
27 35
28 15
28 16
29 7
29 37
30 20
30 23
31 1
31 36
32 36
32 38
33 7
33 23
34 29
34 33
35 14
35 22
36 9
36 10
37 2
37 12
38 9
38 17
39 17
39 37
40 20
40 31
41 16
41 27

# solution 364
# n=42 sym=rot4 status=verified source=flammenkamp_cache/n42_rot4
# code=o2FAKFfOSGNBTTWJRAG6EXeKa563O7WdfXb3D4JNYUe1B7IMbSc48029YHcZa5L18RZPVEM9CCUIPDH0QLVQd
0 2
0 15
1 10
1 20
2 15
2 41
3 24
3 28
4 16
4 23
5 11
5 29
6 29
6 32
7 19
7 27
8 10
8 16
9 6
9 14
10 33
10 40
11 20
11 36
12 5
12 6
13 3
13 24
14 7
14 32
15 39
15 41
16 33
16 37
17 3
17 13
18 4
18 19
19 23
19 34
20 30
20 40
21 1
21 11
22 7
22 18
23 22
23 37
24 28
24 38
25 4
25 8
26 0
26 2
27 9
27 34
28 17
28 38
29 35
29 36
30 5
30 21
31 1
31 8
32 27
32 35
33 25
33 31
34 14
34 22
35 9
35 12
36 12
36 30
37 18
37 25
38 13
38 17
39 0
39 26
40 21
40 31
41 26
41 39

# solution 365
# n=42 sym=rot4 status=verified source=flammenkamp_cache/n42_rot4
# code=oIPLSQY9E8PDF782ZZbTcHTLO9A1aMc2a04BVJfEN1BUeIR0MAUbf5d3J5eVWHKCO3C466dXYQSGXRW7FDKGN
0 18
0 25
1 21
1 28
2 26
2 34
3 9
3 14
4 8
4 25
5 13
5 15
6 7
6 8
7 2
7 35
8 35
8 37
9 29
9 38
10 17
10 29
11 21
11 24
12 9
12 10
13 1
13 36
14 22
14 38
15 2
15 36
16 0
16 4
17 11
17 31
18 19
18 41
19 14
19 23
20 1
20 11
21 30
21 40
22 18
22 27
23 0
23 22
24 10
24 30
25 37
25 41
26 5
26 39
27 3
27 19
28 5
28 40
29 31
29 32
30 17
30 20
31 12
31 24
32 3
32 12
33 4
33 6
34 6
34 39
35 33
35 34
36 26
36 28
37 16
37 33
38 27
38 32
39 7
39 15
40 13
40 20
41 16
41 23

# solution 366
# n=42 sym=rot4 status=verified source=flammenkamp_cache/n42_rot4
# code=oGUKX8FMVFG6SYa6V1dCO370KRW5NCNbdbf9JDE3OUe1BHcRSMW0424ITIa9ELfYcHT2eAZ57DZPQAJQX8LBP
0 16
0 30
1 20
1 33
2 8
2 15
3 22
3 31
4 15
4 16
5 6
5 28
6 34
6 36
7 6
7 31
8 1
8 39
9 12
9 24
10 3
10 7
11 0
11 20
12 27
12 32
13 5
13 23
14 12
14 23
15 37
15 39
16 37
16 41
17 9
17 19
18 13
18 14
19 3
19 24
20 30
20 40
21 1
21 11
22 17
22 38
23 27
23 28
24 22
24 32
25 0
25 4
26 2
26 4
27 18
27 29
28 18
28 36
29 9
29 14
30 21
30 41
31 34
31 38
32 17
32 29
33 2
33 40
34 10
34 35
35 5
35 7
36 13
36 35
37 25
37 26
38 10
38 19
39 26
39 33
40 8
40 21
41 11
41 25

# solution 367
# n=42 sym=rot4 status=verified source=flammenkamp_cache/n42_rot4
# code=oMTIKDXRS7B69MaVb2GRa7FKb0G3d39HVTXIQOe06Ue1BZf1HFN8CAOWc2cPf4LQY5EPd4A5JWZUYDE8SLNCJ
0 22
0 29
1 18
1 20
2 13
2 33
3 27
3 28
4 7
4 11
5 6
5 9
6 22
6 36
7 31
7 37
8 2
8 16
9 27
9 36
10 7
10 15
11 20
11 37
12 0
12 16
13 3
13 39
14 3
14 9
15 17
15 31
16 29
16 33
17 18
17 26
18 24
18 40
19 0
19 6
20 30
20 40
21 1
21 11
22 35
22 41
23 1
23 17
24 15
24 23
25 8
25 12
26 10
26 24
27 32
27 38
28 2
28 38
29 25
29 41
30 4
30 21
31 26
31 34
32 5
32 14
33 25
33 39
34 4
34 10
35 5
35 19
36 32
36 35
37 30
37 34
38 13
38 14
39 8
39 28
40 21
40 23
41 12
41 19

# solution 368
# n=42 sym=rot4 status=verified source=flammenkamp_cache/n42_rot4
# code=oHNKQDaSVJP2Y7C5ZCOQV39KNXZ3dJP194E8f0BRbUe1B4EUf0XRbWeGM2c68ILWcAFHT6aTY7dGMAD5SFLIO
0 17
0 23
1 20
1 26
2 13
2 36
3 28
3 31
4 19
4 25
5 2
5 34
6 7
6 12
7 5
7 35
8 12
8 24
9 26
9 31
10 3
10 9
11 20
11 23
12 33
12 35
13 3
13 39
14 19
14 25
15 1
15 9
16 4
16 14
17 8
17 41
18 0
18 11
19 27
19 37
20 30
20 40
21 1
21 11
22 4
22 14
23 30
23 41
24 0
24 33
25 27
25 37
26 32
26 40
27 16
27 22
28 2
28 38
29 6
29 8
30 18
30 21
31 32
31 38
32 10
32 15
33 17
33 29
34 6
34 36
35 29
35 34
36 7
36 39
37 16
37 22
38 10
38 13
39 5
39 28
40 15
40 21
41 18
41 24

# solution 369
# n=42 sym=rot4 status=verified source=flammenkamp_cache/n42_rot4
# code=oFTIL5ARSMWWd7FAZEM45YdDL0O3U3XZfIOCGPe481BUeXb1GPTHN068cBcHfKS27abJR6VQY299JDEVaKNCQ
0 15
0 29
1 18
1 21
2 5
2 10
3 27
3 28
4 22
4 32
5 32
5 39
6 7
6 15
7 10
7 35
8 14
8 22
9 4
9 5
10 34
10 39
11 13
11 21
12 0
12 24
13 3
13 30
14 3
14 33
15 35
15 41
16 18
16 24
17 12
17 16
18 25
18 40
19 4
19 8
20 1
20 11
21 30
21 40
22 33
22 37
23 1
23 16
24 25
24 29
25 17
25 23
26 0
26 6
27 8
27 38
28 11
28 38
29 17
29 41
30 20
30 28
31 2
31 7
32 36
32 37
33 19
33 27
34 6
34 31
35 26
35 34
36 2
36 9
37 9
37 19
38 13
38 14
39 31
39 36
40 20
40 23
41 12
41 26

# solution 370
# n=42 sym=rot4 status=verified source=flammenkamp_cache/n42_rot4
# code=oMPKT9WDI6a4RHbASCG2dQYLQ1X7c5JAB0XIZOc0RBe1UEf3H6N8fUVMa3Y8eFK7F2dPTDV4OEb5ZNS9WCLGJ
0 22
0 25
1 20
1 29
2 9
2 32
3 13
3 18
4 6
4 36
5 4
5 27
6 17
6 37
7 10
7 28
8 12
8 16
9 2
9 39
10 26
10 34
11 21
11 26
12 1
12 33
13 7
13 38
14 5
14 19
15 10
15 11
16 0
16 33
17 18
17 35
18 24
18 38
19 0
19 27
20 11
20 40
21 1
21 30
22 14
22 41
23 3
23 17
24 6
24 23
25 8
25 41
26 30
26 31
27 22
27 36
28 3
28 34
29 8
29 40
30 15
30 20
31 7
31 15
32 2
32 39
33 25
33 29
34 13
34 31
35 4
35 24
36 14
36 37
37 5
37 35
38 23
38 28
39 9
39 32
40 12
40 21
41 16
41 19

# solution 371
# n=42 sym=rot4 status=verified source=flammenkamp_cache/n42_rot4
# code=oBRHKEM7G6YQTHb4cTVFG8DLf58JV0d5WWcZeIN2SBe1UDdIN16399a2fAMXa0KSXPQAC3b4OCF7ZPYJRLOEU
0 11
0 27
1 17
1 20
2 14
2 22
3 7
3 16
4 6
4 34
5 26
5 29
6 17
6 37
7 4
7 38
8 29
8 31
9 15
9 16
10 8
10 13
11 21
11 41
12 5
12 8
13 19
13 31
14 0
14 39
15 5
15 32
16 32
16 38
17 35
17 40
18 18
18 23
19 2
19 28
20 11
20 40
21 1
21 30
22 13
22 39
23 18
23 23
24 1
24 6
25 3
25 9
26 9
26 36
27 2
27 41
28 10
28 22
29 33
29 36
30 0
30 20
31 28
31 33
32 25
32 26
33 10
33 12
34 3
34 37
35 4
35 24
36 12
36 15
37 7
37 35
38 25
38 34
39 19
39 27
40 21
40 24
41 14
41 30

# solution 372
# n=42 sym=rot4 status=verified source=flammenkamp_cache/n42_rot4
# code=oDKHQ6BRb3ADTId9IPRCYHbKd5Waf381G8QVeYZJMUf0BJM671AFXPeXc059a2L4O7TEGNW2NCSVc4EUZFOLS
0 13
0 20
1 17
1 26
2 6
2 11
3 27
3 37
4 3
4 10
5 13
5 29
6 18
6 39
7 9
7 18
8 25
8 27
9 12
9 34
10 17
10 37
11 20
11 39
12 5
12 32
13 36
13 41
14 3
14 8
15 1
15 16
16 8
16 26
17 31
17 40
18 34
18 35
19 19
19 22
20 30
20 41
21 0
21 11
22 19
22 22
23 6
23 7
24 1
24 10
25 15
25 33
26 25
26 40
27 33
27 38
28 0
28 5
29 9
29 36
30 2
30 21
31 4
31 24
32 7
32 29
33 14
33 16
34 23
34 32
35 2
35 23
36 12
36 28
37 31
37 38
38 4
38 14
39 30
39 35
40 15
40 24
41 21
41 28

# solution 373
# n=42 sym=rot4 status=verified source=flammenkamp_cache/n42_rot4
# code=oKNCW9QFODVJYVY568X1d46KTBePbHM2cDI3R0PEaUf0B5RGfEcNS3dJO4G1UCLZb2e8XZa7A7MASHQFW9TIL
0 20
0 23
1 12
1 32
2 9
2 26
3 15
3 24
4 13
4 31
5 19
5 34
6 31
6 34
7 5
7 6
8 8
8 33
9 1
9 39
10 4
10 6
11 20
11 29
12 11
12 40
13 25
13 37
14 17
14 22
15 2
15 38
16 13
16 18
17 3
17 27
18 0
18 25
19 14
19 36
20 30
20 41
21 0
21 11
22 5
22 27
23 16
23 41
24 14
24 38
25 23
25 28
26 3
26 39
27 19
27 24
28 4
28 16
29 1
29 30
30 12
30 21
31 35
31 37
32 2
32 40
33 8
33 33
34 35
34 36
35 7
35 10
36 7
36 22
37 10
37 28
38 17
38 26
39 15
39 32
40 9
40 29
41 18
41 21

# solution 374
# n=42 sym=rot4 status=verified source=flammenkamp_cache/n42_rot4
# code=oHKMR9VFRUX9ICPIJ4Pad2C4KVZDS13Hc68QfYa1YUf0B7e570FXZ3OceDS6ALbTd25GbMNGTNW8BEQAWEJLO
0 17
0 20
1 22
1 27
2 9
2 31
3 15
3 27
4 30
4 33
5 9
5 18
6 12
6 25
7 18
7 19
8 4
8 25
9 36
9 39
10 2
10 12
11 4
11 20
12 31
12 35
13 13
13 28
14 1
14 3
15 17
15 38
16 6
16 8
17 26
17 41
18 34
18 36
19 1
19 34
20 30
20 41
21 0
21 11
22 7
22 40
23 5
23 7
24 0
24 15
25 33
25 35
26 3
26 24
27 38
27 40
28 13
28 28
29 6
29 10
30 21
30 37
31 29
31 39
32 2
32 5
33 16
33 37
34 22
34 23
35 16
35 29
36 23
36 32
37 8
37 11
38 14
38 26
39 10
39 32
40 14
40 19
41 21
41 24

# solution 375
# n=42 sym=rot4 status=verified source=flammenkamp_cache/n42_rot4
# code=oKOOQNVAN5DUb78TZMZQR2c5K7MPb9G19DR01238CUf0BTXcdefESWePW4GJYLa3dEF6J6CXY4BSaIVAIFHHL
0 20
0 24
1 24
1 26
2 23
2 31
3 10
3 23
4 5
4 13
5 30
5 37
6 7
6 8
7 29
7 35
8 22
8 35
9 26
9 27
10 2
10 38
11 5
11 20
12 7
12 22
13 25
13 37
14 9
14 16
15 1
15 9
16 13
16 27
17 0
17 1
18 2
18 3
19 8
19 12
20 30
20 41
21 0
21 11
22 29
22 33
23 38
23 39
24 40
24 41
25 14
25 28
26 32
26 40
27 25
27 32
28 4
28 16
29 19
29 34
30 21
30 36
31 3
31 39
32 14
32 15
33 6
33 19
34 6
34 12
35 33
35 34
36 4
36 11
37 28
37 36
38 18
38 31
39 10
39 18
40 15
40 17
41 17
41 21

# solution 376
# n=42 sym=rot4 status=verified source=flammenkamp_cache/n42_rot4
# code=oLRAQFH7ARZPS4IJcBW8GceKXDI5T041d5WJdTZOY0UBf7H6C2M9a2ebfCaNS8L13PX9U3MNbDG6EVYOQFVEK
0 21
0 27
1 10
1 26
2 15
2 17
3 7
3 10
4 27
4 35
5 25
5 28
6 4
6 18
7 19
7 38
8 11
8 32
9 8
9 16
10 38
10 40
11 20
11 33
12 13
12 18
13 5
13 29
14 0
14 4
15 1
15 39
16 5
16 32
17 19
17 39
18 29
18 35
19 24
19 34
20 0
20 30
21 11
21 41
22 7
22 17
23 6
23 12
24 2
24 22
25 9
25 36
26 2
26 40
27 37
27 41
28 12
28 36
29 23
29 28
30 8
30 21
31 1
31 3
32 25
32 33
33 9
33 30
34 3
34 22
35 23
35 37
36 13
36 16
37 6
37 14
38 31
38 34
39 24
39 26
40 15
40 31
41 14
41 20

# solution 377
# n=42 sym=rot4 status=verified source=flammenkamp_cache/n42_rot4
# code=oGL8IJV7RARNXTWTc5e6G2bFK67DS34OUWfFJ5eOd0UBf2H1aMQ09BHbcDSYZLQ4dPZ1a3C9C8IEVEYAMNXKP
0 16
0 21
1 8
1 18
2 19
2 31
3 7
3 27
4 10
4 27
5 23
5 33
6 29
6 32
7 29
7 38
8 5
8 40
9 6
9 16
10 2
10 37
11 15
11 20
12 6
12 7
13 13
13 28
14 3
14 4
15 24
15 30
16 32
16 41
17 15
17 19
18 5
18 40
19 24
19 39
20 0
20 30
21 11
21 41
22 2
22 17
23 1
23 36
24 22
24 26
25 0
25 9
26 11
26 17
27 37
27 38
28 13
28 28
29 34
29 35
30 21
30 26
31 4
31 39
32 25
32 35
33 1
33 36
34 3
34 12
35 9
35 12
36 8
36 18
37 14
37 31
38 14
38 34
39 10
39 22
40 23
40 33
41 20
41 25

# solution 378
# n=42 sym=rot4 status=verified source=flammenkamp_cache/n42_rot4
# code=o8LOWJS4AJcCF8VBPZf1F6cKYHa2RDGWa7R1TINbd0UBf24INCeEY59PSEd5O7L3ZQe06GUAXQT3MVbDM9HKX
0 8
0 21
1 24
1 32
2 19
2 28
3 4
3 10
4 19
4 38
5 12
5 15
6 8
6 31
7 11
7 25
8 35
8 41
9 1
9 15
10 6
10 38
11 20
11 34
12 17
12 36
13 2
13 27
14 13
14 16
15 32
15 36
16 7
16 27
17 1
17 29
18 18
18 23
19 37
19 39
20 0
20 30
21 11
21 41
22 2
22 4
23 18
23 23
24 12
24 40
25 14
25 34
26 5
26 9
27 25
27 28
28 14
28 39
29 5
29 24
30 7
30 21
31 3
31 35
32 26
32 40
33 0
33 6
34 16
34 30
35 10
35 33
36 26
36 29
37 3
37 22
38 31
38 37
39 13
39 22
40 9
40 17
41 20
41 33

# solution 379
# n=42 sym=rot4 status=verified source=flammenkamp_cache/n42_rot4
# code=oEFOYNT4AZcOS4S1GEGLNLcCF2U56XfUfXY1529JM9AVWJMWdae780B08ZaBdQT3KIKPRPeDbDH36VbCI7HQR
0 14
0 15
1 24
1 34
2 23
2 29
3 4
3 10
4 35
4 38
5 24
5 28
6 4
6 28
7 1
7 16
8 14
8 16
9 21
9 23
10 21
10 38
11 12
11 15
12 2
12 30
13 5
13 6
14 33
14 41
15 30
15 41
16 33
16 34
17 1
17 5
18 2
18 9
19 19
19 22
20 9
20 10
21 31
21 32
22 19
22 22
23 32
23 39
24 36
24 40
25 7
25 8
26 0
26 11
27 0
27 8
28 35
28 36
29 11
29 39
30 26
30 29
31 3
31 20
32 18
32 20
33 25
33 27
34 25
34 40
35 13
35 37
36 13
36 17
37 3
37 6
38 31
38 37
39 12
39 18
40 7
40 17
41 26
41 27

# solution 380
# n=42 sym=rot4 status=verified source=flammenkamp_cache/n42_rot4
# code=oJQFR8AGU6J6BabHROdKTLd3a9SCG170eSc8YINbfAW9V04IN7X3D1fYePTDW5c2KCL2HEO45UZMZBPVXEQFM
0 19
0 26
1 15
1 27
2 8
2 10
3 16
3 30
4 6
4 19
5 6
5 11
6 36
6 37
7 17
7 27
8 24
8 39
9 20
9 29
10 21
10 39
11 3
11 36
12 9
12 28
13 12
13 16
14 1
14 7
15 0
15 40
16 28
16 38
17 8
17 34
18 18
18 23
19 37
19 41
20 10
20 32
21 9
21 31
22 0
22 4
23 18
23 23
24 7
24 33
25 3
25 13
26 1
26 41
27 34
27 40
28 25
28 29
29 13
29 32
30 5
30 38
31 2
31 20
32 12
32 21
33 2
33 17
34 14
34 24
35 4
35 5
36 30
36 35
37 22
37 35
38 11
38 25
39 31
39 33
40 14
40 26
41 15
41 22

# solution 381
# n=42 sym=rot4 status=verified source=flammenkamp_cache/n42_rot4
# code=oGIOSJQIT7BFT7VZbKPBE6KWb351RDW2a8f1JcfOdVX8A2H03Me0X5d9SEeac49LZRUGL46AYCQUYCNFMDHNP
0 16
0 18
1 24
1 28
2 19
2 26
3 18
3 29
4 7
4 11
5 15
5 29
6 7
6 31
7 35
7 37
8 20
8 25
9 11
9 14
10 6
10 20
11 32
11 37
12 3
12 5
13 1
13 27
14 13
14 32
15 2
15 36
16 8
16 41
17 1
17 19
18 38
18 41
19 24
19 39
20 31
20 33
21 8
21 10
22 2
22 17
23 0
23 3
24 22
24 40
25 0
25 33
26 5
26 39
27 9
27 28
28 14
28 40
29 36
29 38
30 4
30 9
31 21
31 35
32 27
32 30
33 16
33 21
34 4
34 6
35 10
35 34
36 12
36 26
37 30
37 34
38 12
38 23
39 15
39 22
40 13
40 17
41 23
41 25

# solution 382
# n=42 sym=rot4 status=verified source=flammenkamp_cache/n42_rot4
# code=oBNWd1GNW8THMBGRSKb13DKZf4R7V7CJOZdFa035QVX8AFacf5Q26HMTYAYEb06LSce4LDEPUJOCX9IPe29IU
0 11
0 23
1 32
1 39
2 1
2 16
3 23
3 32
4 8
4 29
5 17
5 22
6 11
6 16
7 27
7 28
8 20
8 37
9 1
9 3
10 13
10 20
11 35
11 41
12 4
12 27
13 7
13 31
14 7
14 12
15 19
15 24
16 35
16 39
17 15
17 36
18 0
18 3
19 5
19 26
20 31
20 33
21 8
21 10
22 15
22 36
23 38
23 41
24 5
24 26
25 2
25 6
26 17
26 22
27 29
27 34
28 10
28 34
29 14
29 37
30 0
30 6
31 21
31 28
32 38
32 40
33 4
33 21
34 13
34 14
35 25
35 30
36 19
36 24
37 12
37 33
38 9
38 18
39 25
39 40
40 2
40 9
41 18
41 30

# solution 383
# n=42 sym=rot4 status=verified source=flammenkamp_cache/n42_rot4
# code=o3DMP9JUfIX9ETUNS4KadCK366V7fQaEH1HPQ7b1dVX8A2e4YFGOeOR5F0YAZZcLT25LbDIBCRW8N0BMWGJSc
0 3
0 13
1 22
1 25
2 9
2 19
3 30
3 41
4 18
4 33
5 9
5 14
6 29
6 30
7 23
7 28
8 4
8 20
9 36
9 39
10 12
10 20
11 3
11 6
12 6
12 31
13 7
13 41
14 26
14 36
15 14
15 17
16 1
16 17
17 25
17 26
18 7
18 37
19 1
19 39
20 31
20 33
21 8
21 10
22 2
22 40
23 4
23 34
24 15
24 16
25 24
25 40
26 24
26 27
27 5
27 15
28 0
28 34
29 10
29 35
30 35
30 38
31 21
31 29
32 2
32 5
33 21
33 37
34 13
34 18
35 11
35 12
36 27
36 32
37 8
37 23
38 0
38 11
39 22
39 32
40 16
40 19
41 28
41 38

# solution 384
# n=42 sym=rot4 status=verified source=flammenkamp_cache/n42_rot4
# code=oHIDGAMWXTa4G7DUZ3L3IKd7E4EZeTUHJaeQfWf2Q8VAXFd090F15MOBC16RbRY2LNcKc6BSYPb5C89JVPSNO
0 17
0 18
1 13
1 16
2 10
2 22
3 32
3 33
4 29
4 36
5 4
5 16
6 7
6 13
7 30
7 35
8 3
8 21
9 3
9 18
10 20
10 39
11 7
11 14
12 4
12 14
13 35
13 40
14 29
14 30
15 17
15 19
16 36
16 40
17 26
17 41
18 32
18 41
19 2
19 26
20 8
20 31
21 10
21 33
22 15
22 39
23 0
23 9
24 0
24 15
25 1
25 5
26 22
26 24
27 11
27 12
28 1
28 6
29 27
29 37
30 27
30 34
31 2
31 21
32 23
32 38
33 20
33 38
34 6
34 11
35 28
35 34
36 25
36 37
37 5
37 12
38 8
38 9
39 19
39 31
40 25
40 28
41 23
41 24

# solution 385
# n=42 sym=rot4 status=verified source=flammenkamp_cache/n42_rot4
# code=oORObBJTb13AB6ZKNCW8EKaad3XFP0WMSDI017PFdVY7A2QGYefNSDJ9fGQ8c255LRX9TIL6ZUVce4CMU4HEH
0 24
0 27
1 24
1 37
2 11
2 19
3 29
3 37
4 1
4 3
5 10
5 11
6 6
6 35
7 20
7 23
8 12
8 32
9 8
9 14
10 20
10 36
11 36
11 39
12 3
12 33
13 15
13 25
14 0
14 32
15 22
15 28
16 13
16 18
17 0
17 1
18 7
18 25
19 15
19 39
20 31
20 34
21 7
21 10
22 2
22 26
23 16
23 34
24 40
24 41
25 23
25 28
26 13
26 19
27 9
27 41
28 16
28 26
29 8
29 38
30 2
30 5
31 5
31 21
32 27
32 33
33 9
33 29
34 18
34 21
35 6
35 35
36 30
36 31
37 38
37 40
38 4
38 12
39 22
39 30
40 4
40 17
41 14
41 17

# solution 386
# n=42 sym=rot4 status=verified source=flammenkamp_cache/n42_rot4
# code=oHJCS9QBC8J8ENVLSabRd6LPcce179a2GBQIf6Obf7AVY04HZ0NFUPd5WYe133GKZ2E45DKAIRXMXTUFWDTMO
0 17
0 19
1 12
1 28
2 9
2 26
3 11
3 12
4 8
4 19
5 8
5 14
6 23
6 31
7 21
7 28
8 36
8 37
9 27
9 39
10 6
10 21
11 25
11 38
12 38
12 40
13 1
13 7
14 9
14 36
15 2
15 16
16 11
16 26
17 18
17 41
18 6
18 24
19 37
19 41
20 7
20 10
21 31
21 34
22 0
22 4
23 17
23 35
24 0
24 23
25 15
25 30
26 25
26 39
27 5
27 32
28 34
28 40
29 1
29 3
30 3
30 16
31 20
31 35
32 2
32 14
33 4
33 5
34 13
34 20
35 10
35 18
36 27
36 33
37 22
37 33
38 29
38 30
39 15
39 32
40 13
40 29
41 22
41 24

# solution 387
# n=42 sym=rot4 status=verified source=flammenkamp_cache/n42_rot4
# code=oMQHXEGTWHa4EAUDK1W38LZ6Q3JGYad0BSdbeIN0TAY7VCfIN142DUf257PMcFZ6KXc9eLSBVRb5O9CPR8OFJ
0 22
0 26
1 17
1 33
2 14
2 16
3 29
3 32
4 17
4 36
5 4
5 14
6 10
6 30
7 13
7 20
8 1
8 32
9 3
9 8
10 21
10 35
11 6
11 26
12 3
12 19
13 16
13 34
14 36
14 39
15 0
15 11
16 28
16 39
17 37
17 40
18 18
18 23
19 0
19 29
20 10
20 34
21 7
21 31
22 12
22 41
23 18
23 23
24 1
24 4
25 2
25 13
26 30
26 41
27 2
27 5
28 7
28 25
29 22
29 38
30 15
30 35
31 6
31 20
32 33
32 38
33 9
33 40
34 21
34 28
35 11
35 31
36 27
36 37
37 5
37 24
38 9
38 12
39 25
39 27
40 8
40 24
41 15
41 19

# solution 388
# n=42 sym=rot4 status=verified source=flammenkamp_cache/n42_rot4
# code=oNSOWUYHX6TBFKb2A3E1PKY2a4E0PTXMa9D1c0JFNVZ6AIQMf3eSW5J8CGfRb5d7LGeRcVd4LQUCZ8O7B9HDI
0 23
0 28
1 24
1 32
2 30
2 34
3 17
3 33
4 6
4 29
5 11
5 15
6 20
6 37
7 2
7 10
8 3
8 14
9 1
9 25
10 20
10 34
11 2
11 36
12 4
12 14
13 0
13 25
14 29
14 33
15 22
15 36
16 9
16 13
17 1
17 38
18 0
18 19
19 15
19 23
20 31
20 35
21 6
21 10
22 18
22 26
23 22
23 41
24 3
24 40
25 28
25 32
26 5
26 19
27 8
27 12
28 16
28 41
29 27
29 37
30 5
30 39
31 7
31 21
32 16
32 40
33 27
33 38
34 31
34 39
35 4
35 21
36 26
36 30
37 12
37 35
38 8
38 24
39 7
39 11
40 9
40 17
41 13
41 18

# solution 389
# n=42 sym=rot4 status=verified source=flammenkamp_cache/n42_rot4
# code=oEQ8WCIMRSYHZ5K4TAe1FLXDN7d4U3f0WHJPaBd3PAZ6VGc2U5GMO9f0cBb2YIS8KQe1VCbLa6O7DEJNT9XFR
0 14
0 26
1 8
1 32
2 12
2 18
3 22
3 27
4 28
4 34
5 17
5 35
6 5
6 20
7 4
7 29
8 10
8 40
9 1
9 15
10 21
10 33
11 13
11 23
12 7
12 39
13 4
13 30
14 3
14 41
15 0
15 32
16 17
16 19
17 25
17 36
18 11
18 39
19 3
19 25
20 10
20 35
21 6
21 31
22 16
22 38
23 2
23 30
24 5
24 16
25 22
25 24
26 9
26 41
27 0
27 38
28 11
28 37
29 2
29 34
30 18
30 28
31 8
31 20
32 26
32 40
33 1
33 31
34 12
34 37
35 21
35 36
36 6
36 24
37 7
37 13
38 14
38 19
39 23
39 29
40 9
40 33
41 15
41 27

# solution 390
# n=42 sym=rot4 status=verified source=flammenkamp_cache/n42_rot4
# code=oOXHJBWQU6YLPWb4D0F26LM3dEGEYST3X5T0eINAe5AVa1VIN1fCa8cCD7RPR2cJKZdQfSb49GK7ZBF9UMO8H
0 24
0 33
1 17
1 19
2 11
2 32
3 26
3 30
4 6
4 34
5 21
5 25
6 32
6 37
7 4
7 13
8 0
8 15
9 2
9 6
10 21
10 22
11 3
11 39
12 14
12 16
13 14
13 34
14 28
14 29
15 3
15 33
16 5
16 29
17 0
17 40
18 18
18 23
19 10
19 40
20 5
20 10
21 31
21 36
22 1
22 31
23 18
23 23
24 1
24 41
25 12
25 36
26 8
26 38
27 12
27 13
28 7
28 27
29 25
29 27
30 2
30 38
31 19
31 20
32 35
32 39
33 26
33 41
34 28
34 37
35 4
35 9
36 16
36 20
37 7
37 35
38 11
38 15
39 9
39 30
40 22
40 24
41 8
41 17

# solution 391
# n=42 sym=rot4 status=verified source=flammenkamp_cache/n42_rot4
# code=oIROSDY8WHPLMAE2FUc3TLZ8Q9J1d0ZBY4I1bPf5T5AVaCa0G4eNb7U6f2eMWFX6KCc3BQdRVJKGO9X7SDHEN
0 18
0 27
1 24
1 28
2 13
2 34
3 8
3 32
4 17
4 25
5 21
5 22
6 10
6 14
7 2
7 15
8 30
8 38
9 3
9 29
10 21
10 35
11 8
11 26
12 9
12 19
13 1
13 39
14 0
14 35
15 11
15 34
16 4
16 18
17 1
17 37
18 25
18 41
19 5
19 29
20 5
20 10
21 31
21 36
22 12
22 36
23 0
23 16
24 4
24 40
25 23
25 37
26 7
26 30
27 6
27 41
28 2
28 40
29 22
29 32
30 15
30 33
31 6
31 20
32 12
32 38
33 3
33 11
34 26
34 39
35 27
35 31
36 19
36 20
37 16
37 24
38 9
38 33
39 7
39 28
40 13
40 17
41 14
41 23

# solution 392
# n=42 sym=rot4 status=verified source=flammenkamp_cache/n42_rot4
# code=oMNBW7F6TGLBWOcEdSV158Lae3R8GCYMdSb6I0O0F4AVbQfHfNZ4D2J7TPXEc15KXaeAD2R3H9UKPCZQY9UIJ
0 22
0 23
1 11
1 32
2 7
2 15
3 6
3 29
4 16
4 21
5 11
5 32
6 24
6 38
7 14
7 39
8 28
8 31
9 1
9 5
10 8
10 21
11 36
11 40
12 3
12 27
13 8
13 16
14 12
14 34
15 22
15 39
16 28
16 37
17 6
17 18
18 0
18 24
19 0
19 15
20 4
20 10
21 31
21 37
22 26
22 41
23 17
23 41
24 23
24 35
25 4
25 13
26 2
26 19
27 7
27 29
28 25
28 33
29 14
29 38
30 1
30 5
31 20
31 33
32 36
32 40
33 10
33 13
34 2
34 27
35 3
35 17
36 9
36 30
37 20
37 25
38 12
38 35
39 26
39 34
40 9
40 30
41 18
41 19

# solution 393
# n=42 sym=rot4 status=verified source=flammenkamp_cache/n42_rot4
# code=oNSGWAR8HLYQRCY46Wc18LdDGIZ0U255HUeQc0TJM4AVbJMCf3F1BOaadBf6NPS2KXe39Zb7TEF7KOXEV9PDI
0 23
0 28
1 16
1 32
2 10
2 27
3 8
3 17
4 21
4 34
5 26
5 27
6 12
6 34
7 4
7 6
8 32
8 38
9 1
9 8
10 21
10 39
11 13
11 16
12 18
12 35
13 0
13 30
14 2
14 5
15 5
15 17
16 30
16 40
17 26
17 38
18 0
18 29
19 19
19 22
20 4
20 10
21 31
21 37
22 19
22 22
23 12
23 41
24 3
24 15
25 1
25 11
26 24
26 36
27 36
27 39
28 11
28 41
29 6
29 23
30 25
30 28
31 2
31 20
32 33
32 40
33 3
33 9
34 35
34 37
35 7
35 29
36 14
36 15
37 7
37 20
38 24
38 33
39 14
39 31
40 9
40 25
41 13
41 18

# solution 394
# n=42 sym=rot4 status=verified source=flammenkamp_cache/n42_rot4
# code=oEQ4XBZHPKeDG2UDH19TXKM6d9EYaTf0J3aYcINAQVb4AFVIN375cMf0C57RW2ZJL8CWeOSBdPS1LGO6U8bFR
0 14
0 26
1 4
1 33
2 11
2 35
3 17
3 25
4 20
4 40
5 13
5 16
6 2
6 30
7 13
7 17
8 1
8 9
9 29
9 33
10 20
10 22
11 6
11 39
12 9
12 14
13 34
13 36
14 29
14 41
15 0
15 19
16 3
16 36
17 34
17 38
18 18
18 23
19 10
19 26
20 31
20 37
21 4
21 10
22 15
22 31
23 18
23 23
24 3
24 7
25 5
25 38
26 22
26 41
27 0
27 12
28 5
28 7
29 27
29 32
30 2
30 35
31 19
31 21
32 8
32 12
33 32
33 40
34 24
34 28
35 11
35 39
36 25
36 28
37 1
37 21
38 16
38 24
39 6
39 30
40 8
40 37
41 15
41 27

# solution 395
# n=42 sym=rot4 status=verified source=flammenkamp_cache/n42_rot4
# code=oCXHP8FNUKY6ESa4H0d9WJL3PIf6ESaJd1BYe3TQVAb4VAFCc17Ue2M5DRZ0NGcKM9W2fOb5DRZ7LBIQXGO8T
0 12
0 33
1 17
1 25
2 8
2 15
3 23
3 30
4 20
4 34
5 6
5 14
6 28
6 36
7 4
7 17
8 0
8 39
9 9
9 32
10 19
10 21
11 3
11 25
12 18
12 41
13 6
13 14
14 28
14 36
15 19
15 39
16 1
16 11
17 34
17 40
18 3
18 29
19 26
19 31
20 10
20 37
21 4
21 31
22 10
22 15
23 12
23 38
24 1
24 7
25 30
25 40
26 2
26 22
27 5
27 13
28 27
28 35
29 0
29 23
30 16
30 38
31 20
31 22
32 9
32 32
33 2
33 41
34 24
34 37
35 5
35 13
36 27
36 35
37 7
37 21
38 11
38 18
39 26
39 33
40 16
40 24
41 8
41 29

# solution 396
# n=42 sym=rot4 status=verified source=flammenkamp_cache/n42_rot4
# code=oGJDMEWRT8L89GY6Sab2aBLOV3F7e3dHTZfBQIN1f4AVb0eINFU06CO2c1YQcAHKU5d45DZ7PWXKXCE9RJSMP
0 16
0 19
1 13
1 22
2 14
2 32
3 27
3 29
4 8
4 21
5 8
5 9
6 16
6 34
7 6
7 28
8 36
8 37
9 2
9 36
10 11
10 21
11 24
11 31
12 3
12 15
13 7
13 40
14 3
14 39
15 17
15 29
16 35
16 41
17 11
17 26
18 18
18 23
19 1
19 41
20 4
20 10
21 31
21 37
22 0
22 40
23 18
23 23
24 15
24 30
25 0
25 6
26 12
26 24
27 2
27 38
28 1
28 34
29 26
29 38
30 10
30 17
31 20
31 30
32 5
32 39
33 4
33 5
34 13
34 35
35 7
35 25
36 32
36 33
37 20
37 33
38 12
38 14
39 9
39 27
40 19
40 28
41 22
41 25

# solution 397
# n=42 sym=rot4 status=verified source=flammenkamp_cache/n42_rot4
# code=oDXJPOV6DKN9UBcIP0ECa2L5ZOWcfFXJR172C4YQeAb4V1F7bTdYeEM8Q039H6aKd5TRfGN3UBWILSZAHGM8S
0 13
0 33
1 19
1 25
2 24
2 31
3 6
3 13
4 20
4 23
5 9
5 30
6 11
6 38
7 18
7 25
8 0
8 14
9 12
9 36
10 2
10 21
11 5
11 35
12 24
12 32
13 38
13 41
14 15
14 33
15 19
15 27
16 1
16 7
17 2
17 12
18 4
18 34
19 26
19 40
20 10
20 37
21 4
21 31
22 1
22 15
23 7
23 37
24 29
24 39
25 34
25 40
26 14
26 22
27 8
27 26
28 0
28 3
29 9
29 17
30 6
30 36
31 20
31 39
32 5
32 29
33 27
33 41
34 16
34 23
35 3
35 30
36 11
36 32
37 18
37 21
38 28
38 35
39 10
39 17
40 16
40 22
41 8
41 28

# solution 398
# n=42 sym=rot4 status=verified source=flammenkamp_cache/n42_rot4
# code=oNYAGFJUWLU8HGJ0SCa3EKe34RX7HCWIdZeSa0QZd4VAb26Ff5D162N9TOY8Ebc1LRc5TDfMPOXBK9BMQPV7I
0 23
0 34
1 10
1 16
2 15
2 19
3 30
3 32
4 21
4 30
5 8
5 17
6 16
6 19
7 0
7 28
8 12
8 36
9 3
9 14
10 20
10 40
11 3
11 4
12 27
12 33
13 7
13 17
14 12
14 32
15 18
15 39
16 35
16 40
17 28
17 36
18 0
18 26
19 35
19 39
20 4
20 31
21 10
21 37
22 2
22 6
23 15
23 41
24 5
24 13
25 1
25 6
26 2
26 23
27 9
27 29
28 24
28 34
29 8
29 14
30 37
30 38
31 1
31 21
32 27
32 38
33 5
33 29
34 13
34 41
35 22
35 25
36 24
36 33
37 11
37 20
38 9
38 11
39 22
39 26
40 25
40 31
41 7
41 18

# solution 399
# n=42 sym=rot4 status=verified source=flammenkamp_cache/n42_rot4
# code=oFZ8MIRBCKTMW0Y6VWe587LGc4cFN2GSfRUHODd15Ab4Vae2SHOBE0DPdIQ3b3PKYXa19AZ7f9JCLTUENJX6Q
0 15
0 35
1 8
1 22
2 18
2 27
3 11
3 12
4 20
4 29
5 22
5 32
6 0
6 34
7 6
7 31
8 32
8 40
9 5
9 8
10 7
10 21
11 16
11 38
12 4
12 38
13 15
13 23
14 2
14 16
15 28
15 41
16 27
16 30
17 17
17 24
18 13
18 39
19 1
19 5
20 10
20 37
21 4
21 31
22 36
22 40
23 2
23 28
24 17
24 24
25 11
25 14
26 0
26 13
27 25
27 39
28 18
28 26
29 3
29 37
30 3
30 25
31 20
31 34
32 33
32 36
33 1
33 9
34 10
34 35
35 7
35 41
36 9
36 19
37 12
37 21
38 29
38 30
39 14
39 23
40 19
40 33
41 6
41 26

# solution 400
# n=42 sym=rot4 status=verified source=flammenkamp_cache/n42_rot4
# code=oMPCM9XHTLX7EBNVa24Od7KNZ3eEFSaGS0Q9c6B014VAbefUZ3WFfDP5DQR1c6ILY2Hbd5AIURY8KCO8WJTGJ
0 22
0 25
1 12
1 22
2 9
2 33
3 17
3 29
4 21
4 33
5 7
5 14
6 11
6 23
7 31
7 36
8 2
8 4
9 24
9 39
10 7
10 20
11 23
11 35
12 3
12 40
13 14
13 15
14 28
14 36
15 16
15 28
16 0
16 26
17 9
17 38
18 6
18 11
19 0
19 1
20 4
20 31
21 10
21 37
22 40
22 41
23 30
23 35
24 3
24 32
25 15
25 41
26 13
26 25
27 5
27 13
28 26
28 27
29 1
29 38
30 6
30 18
31 21
31 34
32 2
32 17
33 37
33 39
34 5
34 10
35 18
35 30
36 27
36 34
37 8
37 20
38 12
38 24
39 8
39 32
40 19
40 29
41 16
41 19

# solution 401
# n=42 sym=rot4 status=verified source=flammenkamp_cache/n42_rot4
# code=oIOBDGSKTXZUX47FZ45HNCK5e3V2eERJYJd0W9fPQVc3AFG0W9f2M7MER1dAc1aLTIOab6QYb8B68CLDPSUHN
0 18
0 24
1 11
1 13
2 16
2 28
3 20
3 29
4 33
4 35
5 30
5 33
6 4
6 7
7 15
7 35
8 4
8 5
9 17
9 23
10 12
10 20
11 5
11 40
12 3
12 31
13 2
13 40
14 14
14 27
15 19
15 34
16 19
16 39
17 0
17 32
18 9
18 41
19 25
19 26
20 31
20 38
21 3
21 10
22 15
22 16
23 0
23 32
24 9
24 41
25 2
25 22
26 7
26 22
27 14
27 27
28 1
28 39
29 10
29 38
30 1
30 36
31 21
31 29
32 18
32 24
33 36
33 37
34 6
34 26
35 34
35 37
36 8
36 11
37 6
37 8
38 12
38 21
39 13
39 25
40 28
40 30
41 17
41 23

# solution 402
# n=42 sym=rot4 status=verified source=flammenkamp_cache/n42_rot4
# code=oDZFO7SBKPVCR0FMd9UMX4K8cEa2f5TZe4H1PIN79Vc3AWYINGeOb16Ca0d5R3XLb8JBW2JQfETAGLUDYHQ6S
0 13
0 35
1 15
1 24
2 7
2 28
3 11
3 20
4 25
4 31
5 12
5 27
6 0
6 15
7 22
7 39
8 9
8 30
9 22
9 33
10 4
10 20
11 8
11 38
12 14
12 36
13 2
13 41
14 5
14 29
15 35
15 40
16 4
16 17
17 1
17 25
18 18
18 23
19 7
19 9
20 31
20 38
21 3
21 10
22 32
22 34
23 18
23 23
24 16
24 40
25 24
25 37
26 1
26 6
27 12
27 36
28 0
28 39
29 5
29 27
30 3
30 33
31 21
31 37
32 8
32 19
33 11
33 32
34 2
34 19
35 26
35 41
36 14
36 29
37 10
37 16
38 21
38 30
39 13
39 34
40 17
40 26
41 6
41 28

# solution 403
# n=42 sym=rot4 status=verified source=flammenkamp_cache/n42_rot4
# code=o7S9JHPBLSa4J7GZfBRCeLQXcRW048CAH2ZQdINae3AVc15IN2F6dOVTXbf9E38FK1TEU06PYMb5DKUGOMWDY
0 7
0 28
1 9
1 19
2 17
2 25
3 11
3 21
4 28
4 36
5 4
5 19
6 7
6 16
7 35
7 41
8 11
8 27
9 12
9 40
10 21
10 26
11 33
11 38
12 27
12 32
13 0
13 4
14 8
14 12
15 10
15 17
16 2
16 35
17 26
17 39
18 18
18 23
19 36
19 40
20 3
20 10
21 31
21 38
22 1
22 5
23 18
23 23
24 2
24 15
25 6
25 39
26 24
26 31
27 29
27 33
28 37
28 41
29 9
29 14
30 3
30 8
31 15
31 20
32 1
32 29
33 14
33 30
34 0
34 6
35 25
35 34
36 22
36 37
37 5
37 13
38 20
38 30
39 16
39 24
40 22
40 32
41 13
41 34

# solution 404
# n=42 sym=rot4 status=verified source=flammenkamp_cache/n42_rot4
# code=oQUFM8MGL56ObDbBVRdGT7L0Y9HEZ8S0eWc5TIN123AVcdeINCa391fDX6ROW7fKYCP2EAU4S4HZaKPJXJQBF
0 26
0 30
1 15
1 22
2 8
2 22
3 16
3 21
4 5
4 6
5 24
5 37
6 13
6 37
7 11
7 31
8 27
8 39
9 16
9 29
10 7
10 21
11 0
11 34
12 9
12 17
13 14
13 35
14 8
14 28
15 0
15 40
16 32
16 38
17 5
17 29
18 18
18 23
19 1
19 2
20 3
20 10
21 31
21 38
22 39
22 40
23 18
23 23
24 12
24 36
25 3
25 9
26 1
26 41
27 13
27 33
28 6
28 27
29 24
29 32
30 7
30 41
31 20
31 34
32 12
32 25
33 2
33 14
34 10
34 30
35 4
35 28
36 4
36 17
37 35
37 36
38 20
38 25
39 19
39 33
40 19
40 26
41 11
41 15

# solution 405
# n=42 sym=rot4 status=verified source=flammenkamp_cache/n42_rot4
# code=oTYJNEZKU9D7G2T0aOSUbGL39068bOdJNVa8E1FQeAc3V1FQeRX5AIM2H4XZfWcKP4BDH5fCdPYSWBL6RIM7C
0 29
0 34
1 19
1 23
2 14
2 35
3 20
3 30
4 9
4 13
5 7
5 16
6 2
6 29
7 0
7 36
8 24
8 28
9 30
9 37
10 16
10 21
11 3
11 9
12 0
12 6
13 8
13 37
14 24
14 39
15 19
15 23
16 31
16 36
17 8
17 14
18 1
18 15
19 26
19 40
20 10
20 38
21 3
21 31
22 1
22 15
23 26
23 40
24 27
24 33
25 5
25 10
26 18
26 22
27 2
27 17
28 4
28 33
29 35
29 41
30 32
30 38
31 20
31 25
32 4
32 11
33 13
33 17
34 5
34 41
35 12
35 39
36 25
36 34
37 28
37 32
38 11
38 21
39 6
39 27
40 18
40 22
41 7
41 12

# solution 406
# n=42 sym=rot4 status=verified source=flammenkamp_cache/n42_rot4
# code=oSYMWFZ5L8IUc2P0IDb1OKU5AEH0XQTEd6J9TYb1P3VAcGe47CWMZ2RCF8fORVaBLHe4SNfGd3BNXKa6Q9J7D
0 28
0 34
1 22
1 32
2 15
2 35
3 5
3 21
4 8
4 18
5 30
5 38
6 2
6 25
7 0
7 18
8 13
8 37
9 1
9 24
10 20
10 30
11 5
11 10
12 14
12 17
13 0
13 33
14 26
14 29
15 14
15 39
16 6
16 19
17 9
17 29
18 34
18 37
19 1
19 25
20 3
20 31
21 10
21 38
22 16
22 40
23 4
23 7
24 12
24 32
25 22
25 35
26 2
26 27
27 12
27 15
28 8
28 41
29 24
29 27
30 31
30 36
31 11
31 21
32 17
32 40
33 4
33 28
34 23
34 41
35 16
35 39
36 3
36 11
37 23
37 33
38 20
38 36
39 6
39 26
40 9
40 19
41 7
41 13

# solution 407
# n=42 sym=rot4 status=verified source=flammenkamp_cache/n42_rot4
# code=oJPDOCELVOYGS9B48EYFZ3KTZBd5eXdJW0a14INQf3VAc0FINbe5f9M281a2U6CLc6Q7RXbUWDP7HAKRTHSGM
0 19
0 25
1 13
1 24
2 12
2 14
3 21
3 31
4 24
4 34
5 16
5 28
6 9
6 11
7 4
7 8
8 14
8 34
9 15
9 35
10 3
10 20
11 29
11 35
12 11
12 39
13 5
13 40
14 33
14 39
15 19
15 32
16 0
16 36
17 1
17 4
18 18
18 23
19 26
19 41
20 3
20 31
21 10
21 38
22 0
22 15
23 18
23 23
24 37
24 40
25 5
25 41
26 9
26 22
27 2
27 8
28 1
28 36
29 2
29 30
30 6
30 12
31 21
31 38
32 6
32 26
33 7
33 27
34 33
34 37
35 30
35 32
36 13
36 25
37 7
37 17
38 10
38 20
39 27
39 29
40 17
40 28
41 16
41 22

# solution 408
# n=42 sym=rot4 status=verified source=flammenkamp_cache/n42_rot4
# code=oHYFU8K7TDP6OXa0c6dRTGK1J39Rb9DJe4V5fINQUVd2ABFIN0aAb1MSW4EWcMeLPCE2Z3f58HZGSCYLXBQ7O
0 17
0 34
1 15
1 30
2 8
2 20
3 7
3 29
4 13
4 25
5 6
5 24
6 33
6 36
7 0
7 38
8 6
8 39
9 27
9 29
10 16
10 20
11 1
11 19
12 3
12 9
13 27
13 37
14 9
14 13
15 19
15 40
16 4
16 31
17 5
17 41
18 18
18 23
19 26
19 30
20 31
20 39
21 2
21 10
22 11
22 15
23 18
23 23
24 0
24 36
25 10
25 37
26 1
26 22
27 28
27 32
28 4
28 14
29 32
29 38
30 22
30 40
31 21
31 25
32 12
32 14
33 2
33 35
34 3
34 41
35 5
35 8
36 17
36 35
37 16
37 28
38 12
38 34
39 21
39 33
40 11
40 26
41 7
41 24

# solution 409
# n=42 sym=rot4 status=verified source=flammenkamp_cache/n42_rot4
# code=oJQADFK7I6WTWJbRcOU45Le8T5BPe7P0dDE8IOcZfAd2V063HNXRS2fGY1GUaCX1KabBH3E4M9C9ZNYLQSVFM
0 19
0 26
1 10
1 13
2 15
2 20
3 7
3 18
4 6
4 32
5 29
5 32
6 19
6 37
7 27
7 38
8 24
8 30
9 4
9 5
10 21
10 40
11 8
11 29
12 5
12 11
13 25
13 40
14 7
14 25
15 0
15 39
16 13
16 14
17 8
17 18
18 24
18 38
19 35
19 41
20 10
20 39
21 2
21 31
22 0
22 6
23 3
23 17
24 23
24 33
25 27
25 28
26 2
26 41
27 16
27 34
28 1
28 16
29 30
29 36
30 12
30 33
31 1
31 20
32 36
32 37
33 11
33 17
34 3
34 14
35 4
35 22
36 9
36 12
37 9
37 35
38 23
38 34
39 21
39 26
40 28
40 31
41 15
41 22

# solution 410
# n=42 sym=rot4 status=verified source=flammenkamp_cache/n42_rot4
# code=oNSDQHLRZ89EU3I7YHbCbKP5GMW0e3a1JAUXd0ZCQ2VAdFT6f28BVMe5c1f9JPaGL4T4O7YNcBRWX6EKOFSDI
0 23
0 28
1 13
1 26
2 17
2 21
3 27
3 35
4 8
4 9
5 14
5 30
6 3
6 18
7 7
7 34
8 17
8 37
9 12
9 37
10 20
10 25
11 5
11 16
12 22
12 32
13 0
13 40
14 3
14 36
15 1
15 19
16 10
16 30
17 33
17 39
18 0
18 35
19 12
19 26
20 2
20 31
21 10
21 39
22 15
22 29
23 6
23 41
24 2
24 8
25 11
25 31
26 22
26 40
27 5
27 38
28 1
28 41
29 9
29 19
30 25
30 36
31 16
31 21
32 4
32 29
33 4
33 24
34 7
34 34
35 23
35 38
36 11
36 27
37 32
37 33
38 6
38 14
39 20
39 24
40 15
40 28
41 13
41 18

# solution 411
# n=42 sym=rot4 status=verified source=flammenkamp_cache/n42_rot4
# code=o7GLORURW6BFI8bDfSZ3ALW2bOP8Y23IaCf1CQaJM1AVeJM5FTe0T5Ncd7XGH4d9KVc6D0S4XNQUZ9EBEHKPY
0 7
0 16
1 21
1 24
2 27
2 30
3 27
3 32
4 6
4 11
5 15
5 18
6 8
6 37
7 13
7 41
8 28
8 35
9 3
9 10
10 21
10 32
11 2
11 37
12 24
12 25
13 8
13 34
14 2
14 3
15 18
15 36
16 12
16 41
17 1
17 12
18 26
18 36
19 19
19 22
20 1
20 10
21 31
21 40
22 19
22 22
23 5
23 15
24 29
24 40
25 0
25 29
26 5
26 23
27 38
27 39
28 7
28 33
29 16
29 17
30 4
30 39
31 9
31 20
32 31
32 38
33 6
33 13
34 0
34 28
35 4
35 33
36 23
36 26
37 30
37 35
38 9
38 14
39 11
39 14
40 17
40 20
41 25
41 34

# solution 412
# n=42 sym=rot4 status=verified source=flammenkamp_cache/n42_rot4
# code=oGHKSIXNR5CSbWY6C2A6RKXBUYb1539JOJfFf3dPQVe1AFG2c0Q0MHMWcae47BU8LEZVdTZ794DTaEI8NDLOP
0 16
0 17
1 20
1 28
2 18
2 33
3 23
3 27
4 5
4 12
5 28
5 37
6 32
6 34
7 6
7 12
8 2
8 10
9 6
9 27
10 20
10 33
11 11
11 30
12 34
12 37
13 1
13 5
14 3
14 9
15 19
15 24
16 19
16 41
17 15
17 41
18 3
18 39
19 25
19 26
20 31
20 40
21 1
21 10
22 15
22 16
23 2
23 38
24 0
24 26
25 0
25 22
26 17
26 22
27 32
27 38
28 36
28 40
29 4
29 7
30 11
30 30
31 8
31 21
32 14
32 35
33 31
33 39
34 29
34 35
35 7
35 9
36 4
36 13
37 29
37 36
38 14
38 18
39 8
39 23
40 13
40 21
41 24
41 25

# solution 413
# n=42 sym=rot4 status=verified source=flammenkamp_cache/n42_rot4
# code=oHNILQU9X6V9PDbBM3Qac4L2YRSCZCJ285HPf0e7R1AVeEY1f0GOaXdMT6TDE7dKb35FcJU4SGWAZ8WBFKNIO
0 17
0 23
1 18
1 21
2 26
2 30
3 9
3 33
4 6
4 31
5 9
5 25
6 13
6 37
7 11
7 22
8 3
8 26
9 36
9 38
10 4
10 21
11 2
11 34
12 27
12 28
13 12
13 35
14 12
14 19
15 2
15 8
16 5
16 17
17 25
17 41
18 0
18 40
19 7
19 27
20 1
20 10
21 31
21 40
22 14
22 34
23 1
23 41
24 0
24 16
25 24
25 36
26 33
26 39
27 22
27 29
28 6
28 29
29 13
29 14
30 7
30 39
31 20
31 37
32 3
32 5
33 15
33 38
34 19
34 30
35 4
35 28
36 16
36 32
37 10
37 35
38 8
38 32
39 11
39 15
40 20
40 23
41 18
41 24

# solution 414
# n=42 sym=rot4 status=verified source=flammenkamp_cache/n42_rot4
# code=oHNILBQ9X6V9PDbBM3Qac4LYdRSCZCJ285HPf0e7R1AVeEY1f0GOaXdMT6TDE27Kb35FcJU4SGWAZ8WFUKNIO
0 17
0 23
1 18
1 21
2 11
2 26
3 9
3 33
4 6
4 31
5 9
5 25
6 13
6 37
7 11
7 22
8 3
8 26
9 36
9 38
10 4
10 21
11 34
11 39
12 27
12 28
13 12
13 35
14 12
14 19
15 2
15 8
16 5
16 17
17 25
17 41
18 0
18 40
19 7
19 27
20 1
20 10
21 31
21 40
22 14
22 34
23 1
23 41
24 0
24 16
25 24
25 36
26 33
26 39
27 22
27 29
28 6
28 29
29 13
29 14
30 2
30 7
31 20
31 37
32 3
32 5
33 15
33 38
34 19
34 30
35 4
35 28
36 16
36 32
37 10
37 35
38 8
38 32
39 15
39 30
40 20
40 23
41 18
41 24

# solution 415
# n=42 sym=rot4 status=verified source=flammenkamp_cache/n42_rot4
# code=o8bKQIOIT0QBJ89OUZfPZCK7a3VJPER149D27cdSaVe1A5D23YdSWbeERGMAc5YLT6G06BHWXMUFfCNHNFL4X
0 8
0 37
1 20
1 26
2 18
2 24
3 18
3 29
4 0
4 26
5 11
5 19
6 8
6 9
7 24
7 30
8 35
8 41
9 25
9 35
10 12
10 20
11 7
11 36
12 3
12 31
13 19
13 25
14 14
14 27
15 1
15 4
16 9
16 13
17 2
17 7
18 38
18 39
19 28
19 36
20 31
20 40
21 1
21 10
22 5
22 13
23 2
23 3
24 34
24 39
25 28
25 32
26 37
26 40
27 14
27 27
28 16
28 22
29 10
29 38
30 5
30 34
31 21
31 29
32 6
32 16
33 0
33 6
34 11
34 17
35 32
35 33
36 22
36 30
37 15
37 41
38 12
38 23
39 17
39 23
40 15
40 21
41 4
41 33

# solution 416
# n=42 sym=rot4 status=verified source=flammenkamp_cache/n42_rot4
# code=oEICLEQPX8B7QBDMa3bOTDKZb9eVZdf253O9GJf7N1VAeIY0MPWHcad026A1W46LSCH4c5JSUFYUX8GFRKTNR
0 14
0 18
1 12
1 21
2 14
2 26
3 25
3 33
4 8
4 11
5 7
5 26
6 11
6 13
7 22
7 36
8 3
8 37
9 24
9 29
10 13
10 20
11 35
11 37
12 9
12 40
13 31
13 35
14 39
14 41
15 2
15 5
16 3
16 24
17 9
17 16
18 19
18 41
19 7
19 23
20 1
20 31
21 10
21 40
22 18
22 34
23 0
23 22
24 25
24 32
25 17
25 38
26 36
26 39
27 0
27 2
28 6
28 10
29 1
29 32
30 4
30 6
31 21
31 28
32 12
32 17
33 4
33 38
34 5
34 19
35 28
35 30
36 15
36 34
37 30
37 33
38 8
38 16
39 15
39 27
40 20
40 29
41 23
41 27

# solution 417
# n=42 sym=rot4 status=verified source=flammenkamp_cache/n42_rot4
# code=oEHBKFRCU7WPVJSFb8X4I5L3eDc6T2fYd5JIfOWPZAe1V6G9H0NMa270dCZ3S1cKaNb8X4QDMAG9YBTEQLUOR
0 14
0 17
1 11
1 20
2 15
2 27
3 12
3 30
4 7
4 32
5 25
5 31
6 19
6 28
7 15
7 37
8 8
8 33
9 4
9 18
10 5
10 21
11 3
11 40
12 13
12 38
13 6
13 29
14 2
14 41
15 34
15 39
16 5
16 19
17 18
17 41
18 24
18 32
19 25
19 35
20 10
20 40
21 1
21 31
22 6
22 16
23 9
23 17
24 0
24 23
25 22
25 36
26 2
26 7
27 0
27 39
28 12
28 35
29 3
29 28
30 1
30 38
31 20
31 36
32 23
32 37
33 8
33 33
34 4
34 26
35 13
35 22
36 10
36 16
37 9
37 34
38 11
38 29
39 14
39 26
40 21
40 30
41 24
41 27

# solution 418
# n=42 sym=rot4 status=verified source=flammenkamp_cache/n42_rot4
# code=oJPHLMU8GSUCZ597YCcEZLN24Xa4HQWEI0cSeAQ2f1AVe0dFV1D3fNR9FOb58bdIK6R3T7YWa6TBDPXBJKOGM
0 19
0 25
1 17
1 21
2 22
2 30
3 8
3 16
4 28
4 30
5 12
5 35
6 5
6 9
7 7
7 34
8 12
8 38
9 14
9 35
10 21
10 23
11 2
11 4
12 33
12 36
13 4
13 17
14 26
14 32
15 14
15 18
16 0
16 38
17 28
17 40
18 10
18 26
19 2
19 41
20 1
20 10
21 31
21 40
22 0
22 39
23 15
23 31
24 1
24 13
25 3
25 41
26 23
26 27
27 9
27 15
28 24
28 37
29 5
29 8
30 37
30 39
31 18
31 20
32 6
32 27
33 3
33 29
34 7
34 34
35 32
35 36
36 6
36 29
37 11
37 13
38 25
38 33
39 11
39 19
40 20
40 24
41 16
41 22

# solution 419
# n=42 sym=rot4 status=verified source=flammenkamp_cache/n42_rot4
# code=oHWLS5EBNIQSdCY6G9F0XKRPcJZ15Ad4XBYJf3bOT1VAeCH4c0M7U8b2Vae6M3GEL8fQWPZ7T2DFNIURaDK9O
0 17
0 32
1 21
1 28
2 5
2 14
3 11
3 23
4 18
4 26
5 28
5 39
6 12
6 34
7 6
7 16
8 9
8 15
9 0
9 33
10 20
10 27
11 25
11 38
12 19
12 35
13 1
13 5
14 10
14 39
15 4
15 33
16 11
16 34
17 19
17 41
18 3
18 37
19 24
19 29
20 1
20 31
21 10
21 40
22 12
22 17
23 4
23 38
24 0
24 22
25 7
25 30
26 8
26 37
27 2
27 31
28 36
28 40
29 6
29 22
30 3
30 16
31 14
31 21
32 8
32 41
33 26
33 32
34 25
34 35
35 7
35 29
36 2
36 13
37 15
37 23
38 18
38 30
39 27
39 36
40 13
40 20
41 9
41 24

# solution 420
# n=42 sym=rot4 status=verified source=flammenkamp_cache/n42_rot4
# code=oSYKMBRFH569bSb0CPRCaGLMdWY0628Hc8VQcIN1BAe1VUeIN3FAX3OXdZf792JKP5TEGTf4D4WZaOQEUJL7D
0 28
0 34
1 20
1 22
2 11
2 27
3 15
3 17
4 5
4 6
5 9
5 37
6 28
6 37
7 0
7 12
8 25
8 27
9 12
9 36
10 16
10 21
11 22
11 39
12 32
12 34
13 0
13 6
14 2
14 8
15 17
15 38
16 8
16 31
17 26
17 38
18 18
18 23
19 1
19 11
20 10
20 40
21 1
21 31
22 30
22 40
23 18
23 23
24 3
24 15
25 10
25 33
26 3
26 24
27 33
27 39
28 35
28 41
29 7
29 9
30 2
30 19
31 20
31 25
32 5
32 29
33 14
33 16
34 29
34 41
35 4
35 13
36 4
36 32
37 35
37 36
38 24
38 26
39 14
39 30
40 19
40 21
41 7
41 13

# solution 421
# n=42 sym=rot4 status=verified source=flammenkamp_cache/n42_rot4
# code=oTXILGMCW7RNZ5BVb0M3E7KFZ0cDS4WOUHdFP5e281VAeXd1aGQ2OBH9bDS3f6QLYRcJf4AUa6IEY9TJPKN8C
0 29
0 33
1 18
1 21
2 16
2 22
3 12
3 32
4 7
4 27
5 23
5 35
6 5
6 11
7 31
7 37
8 0
8 22
9 3
9 14
10 7
10 20
11 15
11 35
12 0
12 38
13 13
13 28
14 4
14 32
15 24
15 30
16 17
16 39
17 15
17 25
18 5
18 40
19 2
19 8
20 1
20 31
21 10
21 40
22 33
22 39
23 1
23 36
24 16
24 26
25 2
25 24
26 11
26 17
27 9
27 37
28 13
28 28
29 3
29 41
30 6
30 26
31 21
31 34
32 27
32 38
33 19
33 41
34 4
34 10
35 30
35 36
36 6
36 18
37 14
37 34
38 9
38 29
39 19
39 25
40 20
40 23
41 8
41 12

# solution 422
# n=42 sym=rot4 status=verified source=flammenkamp_cache/n42_rot4
# code=o8e0KQU9OJN8RDMBVafQc7L2YOSCZ5P29EI3C4P6bAe1V4ZGbTcNRWdGa6TDH7dKY3F05AUJSEXIMHWBFLf1X
0 8
0 40
1 0
1 20
2 26
2 30
3 9
3 24
4 19
4 23
5 8
5 27
6 13
6 22
7 11
7 31
8 36
8 41
9 26
9 38
10 7
10 21
11 2
11 34
12 24
12 28
13 12
13 35
14 5
14 25
15 2
15 9
16 14
16 18
17 3
17 12
18 4
18 25
19 6
19 37
20 10
20 40
21 1
21 31
22 4
22 35
23 16
23 37
24 29
24 38
25 23
25 27
26 32
26 39
27 16
27 36
28 6
28 29
29 13
29 17
30 7
30 39
31 20
31 34
32 3
32 15
33 0
33 5
34 10
34 30
35 19
35 28
36 14
36 33
37 18
37 22
38 17
38 32
39 11
39 15
40 21
40 41
41 1
41 33

# solution 423
# n=42 sym=rot4 status=verified source=flammenkamp_cache/n42_rot4
# code=oGIKNAJBCRSWY7M5ZFT5BLdWc8c4P4FRXDfHO1f6dAe1V2Z0eHO0S8EQbGb3X392KUaCQ6aJY79DETUMVILNP
0 16
0 18
1 20
1 23
2 10
2 19
3 11
3 12
4 27
4 28
5 32
5 34
6 7
6 22
7 5
7 35
8 15
8 29
9 5
9 11
10 21
10 39
11 32
11 38
12 8
12 38
13 4
13 25
14 4
14 15
15 27
15 33
16 13
16 41
17 17
17 24
18 1
18 41
19 6
19 39
20 10
20 40
21 1
21 31
22 2
22 35
23 0
23 40
24 17
24 24
25 0
25 28
26 8
26 14
27 26
27 37
28 16
28 37
29 3
29 33
30 3
30 9
31 2
31 20
32 30
32 36
33 12
33 26
34 6
34 36
35 19
35 34
36 7
36 9
37 13
37 14
38 29
38 30
39 22
39 31
40 18
40 21
41 23
41 25

# solution 424
# n=42 sym=rot4 status=verified source=flammenkamp_cache/n42_rot4
# code=oHKSUFHQX7V7EETab3MST4K1G6919Za3dNUdfGJ8NVf0AIXMP02BI2c56WeWZPeLbCDJc45CRRYAY8FOQBDLO
0 17
0 20
1 28
1 30
2 15
2 17
3 26
3 33
4 7
4 31
5 7
5 14
6 14
6 29
7 36
7 37
8 3
8 22
9 28
9 29
10 4
10 20
11 1
11 16
12 6
12 9
13 1
13 9
14 35
14 36
15 3
15 39
16 23
16 30
17 39
17 41
18 16
18 19
19 8
19 23
20 31
20 41
21 0
21 10
22 18
22 33
23 22
23 25
24 0
24 2
25 11
25 18
26 2
26 38
27 5
27 6
28 32
28 40
29 32
29 35
30 25
30 40
31 21
31 37
32 12
32 13
33 19
33 38
34 4
34 5
35 12
35 27
36 27
36 34
37 10
37 34
38 8
38 15
39 24
39 26
40 11
40 13
41 21
41 24

# solution 425
# n=42 sym=rot4 status=verified source=flammenkamp_cache/n42_rot4
# code=oLR4WCF4WceHSMSBPCF13LUAYXd560GXd7RJaIN6O0AVfHZIN5MEY28PfZa287VBKceQTGUDJDO139bQT9bEK
0 21
0 27
1 4
1 32
2 12
2 15
3 4
3 32
4 38
4 40
5 17
5 28
6 22
6 28
7 11
7 25
8 12
8 15
9 1
9 3
10 21
10 30
11 10
11 34
12 33
12 39
13 5
13 6
14 0
14 16
15 33
15 39
16 7
16 27
17 19
17 36
18 18
18 23
19 6
19 24
20 0
20 10
21 31
21 41
22 17
22 35
23 18
23 23
24 5
24 22
25 14
25 34
26 2
26 8
27 25
27 41
28 35
28 36
29 2
29 8
30 7
30 31
31 11
31 20
32 38
32 40
33 26
33 29
34 16
34 30
35 13
35 19
36 13
36 24
37 1
37 3
38 9
38 37
39 26
39 29
40 9
40 37
41 14
41 20

# solution 426
# n=42 sym=rot4 status=verified source=flammenkamp_cache/n42_rot4
# code=oFL598IEG5NbeUY6RHdQeLT6DAOGU7c9fScCX4dJM0AVfJM2b8T3D0W3YBPHVSZCK1F2OEZ7B14IaPRNXWaKQ
0 15
0 21
1 5
1 9
2 8
2 18
3 14
3 16
4 5
4 23
5 37
5 40
6 30
6 34
7 6
7 27
8 17
8 39
9 26
9 40
10 21
10 29
11 6
11 13
12 10
12 24
13 16
13 30
14 7
14 38
15 9
15 41
16 28
16 38
17 12
17 33
18 4
18 39
19 19
19 22
20 0
20 10
21 31
21 41
22 19
22 22
23 2
23 37
24 8
24 29
25 3
25 13
26 0
26 32
27 3
27 34
28 11
28 25
29 17
29 31
30 28
30 35
31 12
31 20
32 1
32 15
33 2
33 24
34 14
34 35
35 7
35 11
36 1
36 4
37 18
37 36
38 25
38 27
39 23
39 33
40 32
40 36
41 20
41 26

# solution 427
# n=42 sym=rot4 status=verified source=flammenkamp_cache/n42_rot4
# code=oKTGYHRUWIWIR7G1ZAD34KX3J0DTX25HJZeQdabQUVf0ABF452F16MOad8CSfMc8LbcSV6ePYEN9N9BEO7PCL
0 20
0 29
1 16
1 34
2 17
2 27
3 30
3 32
4 18
4 32
5 18
5 27
6 7
6 16
7 1
7 35
8 10
8 13
9 3
9 4
10 20
10 33
11 3
11 19
12 0
12 13
13 29
13 33
14 2
14 5
15 17
15 19
16 35
16 40
17 26
17 39
18 36
18 37
19 26
19 30
20 31
20 41
21 0
21 10
22 11
22 15
23 4
23 5
24 2
24 15
25 1
25 6
26 22
26 24
27 36
27 39
28 8
28 12
29 28
29 41
30 22
30 38
31 8
31 21
32 37
32 38
33 28
33 31
34 6
34 40
35 25
35 34
36 14
36 23
37 9
37 23
38 9
38 11
39 14
39 24
40 7
40 25
41 12
41 21

# solution 428
# n=42 sym=rot4 status=verified source=flammenkamp_cache/n42_rot4
# code=oLTFVIYDRIMCW8W2UPZ561L7O0aMc3FRe8HBPbd4D0AVfSb24GUOX1EQc3J5fHYKeZa6GBd9X9TJNES7NAQCK
0 21
0 29
1 15
1 31
2 18
2 34
3 13
3 27
4 18
4 22
5 12
5 32
6 8
6 32
7 2
7 30
8 25
8 35
9 5
9 6
10 1
10 21
11 7
11 24
12 0
12 36
13 22
13 38
14 3
14 15
15 27
15 40
16 8
16 17
17 11
17 25
18 37
18 39
19 4
19 13
20 0
20 10
21 31
21 41
22 28
22 37
23 2
23 4
24 16
24 30
25 24
25 33
26 1
26 14
27 26
27 38
28 3
28 19
29 5
29 41
30 17
30 34
31 20
31 40
32 35
32 36
33 6
33 16
34 11
34 39
35 9
35 33
36 9
36 29
37 19
37 23
38 14
38 28
39 7
39 23
40 10
40 26
41 12
41 20

# solution 429
# n=42 sym=rot4 status=verified source=flammenkamp_cache/n42_rot4
# code=oIbBQAJST076GEaTbBKGKRdXe373FAZ1SWaJNHfOdWX892H0OIM59De6VQcYc182ELPLU4C5RPZYfCDMVFU4N
0 18
0 37
1 11
1 26
2 10
2 19
3 28
3 29
4 0
4 7
5 6
5 16
6 14
6 36
7 29
7 37
8 11
8 20
9 16
9 20
10 27
10 39
11 33
11 40
12 3
12 7
13 3
13 15
14 10
14 35
15 1
15 28
16 32
16 36
17 19
17 23
18 17
18 41
19 24
19 39
20 32
20 33
21 8
21 9
22 2
22 17
23 0
23 24
24 18
24 22
25 5
25 9
26 13
26 40
27 6
27 31
28 26
28 38
29 34
29 38
30 1
30 8
31 2
31 14
32 21
32 25
33 21
33 30
34 4
34 12
35 5
35 27
36 25
36 35
37 34
37 41
38 12
38 13
39 22
39 31
40 15
40 30
41 4
41 23

# solution 430
# n=42 sym=rot4 status=verified source=flammenkamp_cache/n42_rot4
# code=o9ZJPBEMZOT8F03HLQaLfPTSd4ABESd8a1A4YIN3e79WY1cIN7bVe5X2DRUVb2DCG0K5FKOcfQXCH6JRUGM6W
0 9
0 35
1 19
1 25
2 11
2 14
3 22
3 35
4 24
4 29
5 8
5 15
6 0
6 3
7 17
7 21
8 26
8 36
9 21
9 41
10 25
10 29
11 28
11 39
12 4
12 10
13 11
13 14
14 28
14 39
15 8
15 36
16 1
16 10
17 4
17 34
18 18
18 23
19 3
19 40
20 7
20 9
21 32
21 34
22 1
22 38
23 18
23 23
24 7
24 37
25 31
25 40
26 5
26 33
27 2
27 13
28 27
28 30
29 31
29 37
30 2
30 13
31 12
31 16
32 0
32 20
33 5
33 15
34 20
34 24
35 38
35 41
36 26
36 33
37 12
37 17
38 6
38 19
39 27
39 30
40 16
40 22
41 6
41 32

# solution 431
# n=42 sym=rot4 status=verified source=flammenkamp_cache/n42_rot4
# code=oMNGQNb6B2VHRCcLR9CLX4SScXZAB571MHePa020F79WYQfdf5G1OJeYaUV683DDb8KTWEK3TEOAdUZ4IFPIJ
0 22
0 23
1 16
1 26
2 23
2 37
3 6
3 11
4 2
4 31
5 17
5 27
6 12
6 38
7 21
7 27
8 9
8 12
9 21
9 33
10 4
10 28
11 28
11 38
12 33
12 35
13 10
13 11
14 5
14 7
15 1
15 22
16 17
16 40
17 25
17 36
18 0
18 2
19 0
19 15
20 7
20 9
21 32
21 34
22 26
22 41
23 39
23 41
24 5
24 16
25 1
25 24
26 19
26 40
27 34
27 36
28 30
28 31
29 6
29 8
30 3
30 13
31 13
31 37
32 8
32 20
33 29
33 32
34 14
34 20
35 3
35 29
36 14
36 24
37 10
37 39
38 30
38 35
39 4
39 18
40 15
40 25
41 18
41 19

# solution 432
# n=42 sym=rot4 status=verified source=flammenkamp_cache/n42_rot4
# code=oAPJQCH4T7cNSLQVb9SLX7fHI3d58GJ160RUd5URe69WZ1EBa2BEfZeMPXa2cNO0Y8KDW4AFKDI3YCbOTFMGV
0 10
0 25
1 19
1 26
2 12
2 17
3 4
3 29
4 7
4 38
5 23
5 28
6 21
6 26
7 31
7 37
8 9
8 28
9 21
9 33
10 7
10 41
11 17
11 18
12 3
12 39
13 5
13 8
14 16
14 19
15 1
15 6
16 0
16 27
17 30
17 39
18 5
18 30
19 27
19 40
20 6
20 9
21 32
21 35
22 1
22 14
23 11
23 36
24 2
24 11
25 14
25 41
26 35
26 40
27 22
27 25
28 33
28 36
29 2
29 38
30 23
30 24
31 0
31 34
32 8
32 20
33 13
33 32
34 4
34 10
35 15
35 20
36 13
36 18
37 3
37 34
38 12
38 37
39 24
39 29
40 15
40 22
41 16
41 31

# solution 433
# n=42 sym=rot4 status=verified source=flammenkamp_cache/n42_rot4
# code=oDJPSBI4aVc3EKT8WGY7K4IRd6Q1fBaCJ1XHOVdQfWZ690F2AHO8eMT5U0eFZ2ENbLY7P9XCLRc3A5bNUDGMS
0 13
0 19
1 25
1 28
2 11
2 18
3 4
3 36
4 31
4 38
5 3
5 14
6 20
6 29
7 8
7 32
8 16
8 34
9 7
9 20
10 4
10 18
11 27
11 39
12 6
12 26
13 1
13 41
14 11
14 36
15 12
15 19
16 1
16 33
17 17
17 24
18 31
18 39
19 26
19 41
20 32
20 35
21 6
21 9
22 0
22 15
23 2
23 10
24 17
24 24
25 8
25 40
26 22
26 29
27 5
27 30
28 0
28 40
29 15
29 35
30 2
30 14
31 23
31 37
32 21
32 34
33 7
33 25
34 9
34 33
35 12
35 21
36 27
36 38
37 3
37 10
38 5
38 37
39 23
39 30
40 13
40 16
41 22
41 28

# solution 434
# n=42 sym=rot4 status=verified source=flammenkamp_cache/n42_rot4
# code=oGWMUOP7A7LQSADbcEM0LZc1CRU5ZCX5H2f2QIN1849WbXeINFd0dOa8T6aBETe36KfJR34SVDFKYVYGHBJ9P
0 16
0 32
1 22
1 30
2 24
2 25
3 7
3 10
4 7
4 21
5 26
5 28
6 10
6 13
7 37
7 38
8 14
8 22
9 0
9 21
10 35
10 38
11 1
11 12
12 27
12 30
13 5
13 35
14 12
14 33
15 5
15 17
16 2
16 41
17 2
17 26
18 18
18 23
19 1
19 8
20 4
20 9
21 32
21 37
22 33
22 40
23 18
23 23
24 15
24 39
25 0
25 39
26 24
26 36
27 8
27 29
28 6
28 36
29 11
29 14
30 29
30 40
31 3
31 6
32 20
32 41
33 19
33 27
34 3
34 4
35 28
35 31
36 13
36 15
37 20
37 34
38 31
38 34
39 16
39 17
40 11
40 19
41 9
41 25

# solution 435
# n=42 sym=rot4 status=verified source=flammenkamp_cache/n42_rot4
# code=oIZDJNQBT5LGb09AHASLZXYHc3E8eJT2GQaUY2fRe49Wb1E0d7B5FPdCM1XRc3O786KDVOVWf4PKaCUFIMS6N
0 18
0 35
1 13
1 19
2 23
2 26
3 11
3 29
4 5
4 21
5 16
5 37
6 0
6 9
7 10
7 17
8 10
8 28
9 21
9 35
10 33
10 34
11 17
11 38
12 3
12 14
13 8
13 40
14 19
14 29
15 2
15 16
16 26
16 36
17 30
17 34
18 2
18 41
19 27
19 40
20 4
20 9
21 32
21 37
22 1
22 14
23 0
23 39
24 7
24 11
25 5
25 15
26 25
26 39
27 12
27 22
28 1
28 33
29 27
29 38
30 3
30 24
31 7
31 8
32 6
32 20
33 13
33 31
34 24
34 31
35 32
35 41
36 4
36 25
37 20
37 36
38 12
38 30
39 15
39 18
40 22
40 28
41 6
41 23

# solution 436
# n=42 sym=rot4 status=verified source=flammenkamp_cache/n42_rot4
# code=oHQDMCW7OLZAR4GEcAD2LXaBUNdXe5Y0NJZ3fCF1P49WbGeQT0c6MIf7a182IBU58KdSV3RPbEV6KHY9TJSFO
0 17
0 26
1 13
1 22
2 12
2 32
3 7
3 24
4 21
4 35
5 10
5 27
6 4
6 16
7 14
7 38
8 10
8 13
9 2
9 21
10 33
10 36
11 11
11 30
12 23
12 39
13 33
13 40
14 5
14 34
15 0
15 23
16 19
16 35
17 3
17 41
18 12
18 15
19 1
19 25
20 4
20 9
21 32
21 37
22 16
22 40
23 26
23 29
24 0
24 38
25 6
25 22
26 18
26 41
27 7
27 36
28 1
28 8
29 2
29 18
30 11
30 30
31 5
31 8
32 20
32 39
33 28
33 31
34 3
34 27
35 25
35 37
36 14
36 31
37 6
37 20
38 17
38 34
39 9
39 29
40 19
40 28
41 15
41 24

# solution 437
# n=42 sym=rot4 status=verified source=flammenkamp_cache/n42_rot4
# code=oDNPVPX7DIK6F8aTc2ZLO1ERT7BcfBVHa129Q0bJM9b4WJM4fFWde5OAU03UYCEReHK6d3C5XQZLNSY8GAGIS
0 13
0 23
1 25
1 31
2 25
2 33
3 7
3 13
4 18
4 20
5 6
5 15
6 8
6 36
7 29
7 38
8 2
8 35
9 21
9 24
10 1
10 14
11 27
11 29
12 7
12 11
13 38
13 41
14 11
14 31
15 17
15 36
16 1
16 2
17 9
17 26
18 0
18 37
19 19
19 22
20 9
20 37
21 4
21 32
22 19
22 22
23 4
23 41
24 15
24 32
25 39
25 40
26 5
26 24
27 10
27 30
28 0
28 3
29 30
29 34
30 12
30 14
31 27
31 40
32 17
32 20
33 6
33 39
34 3
34 12
35 5
35 33
36 26
36 35
37 21
37 23
38 28
38 34
39 8
39 16
40 10
40 16
41 18
41 28

# solution 438
# n=42 sym=rot4 status=verified source=flammenkamp_cache/n42_rot4
# code=oDJ9PCMIU6LQVCb8VQYKe573PZdOfER581BDIOc2f4W9b0d3HNSUeXaER0H26GcYa1L7FAX4TAFKZBNJTGWMS
0 13
0 19
1 9
1 25
2 12
2 22
3 18
3 30
4 6
4 21
5 26
5 31
6 12
6 37
7 8
7 31
8 26
8 34
9 20
9 40
10 5
10 7
11 3
11 25
12 35
12 39
13 24
13 41
14 14
14 27
15 5
15 8
16 1
16 11
17 13
17 18
18 24
18 38
19 2
19 41
20 4
20 32
21 9
21 37
22 0
22 39
23 3
23 17
24 23
24 28
25 30
25 40
26 33
26 36
27 14
27 27
28 0
28 17
29 2
29 6
30 16
30 38
31 34
31 36
32 1
32 21
33 7
33 15
34 10
34 33
35 4
35 29
36 10
36 15
37 20
37 35
38 11
38 23
39 19
39 29
40 16
40 32
41 22
41 28

# solution 439
# n=42 sym=rot4 status=verified source=flammenkamp_cache/n42_rot4
# code=oCJGQAMUV6LPUDb8SHYEK3d35Qf7ZHW1C5eRXIN2f4W9b0dIN8E1aTe9O6Y0Fac2cLR7ODX4SBGKZABJVFPMT
0 12
0 19
1 16
1 26
2 10
2 22
3 30
3 31
4 6
4 21
5 25
5 30
6 13
6 37
7 8
7 28
8 17
8 34
9 14
9 20
10 3
10 39
11 3
11 5
12 26
12 41
13 7
13 35
14 17
14 32
15 1
15 12
16 5
16 40
17 27
17 33
18 18
18 23
19 2
19 41
20 4
20 32
21 9
21 37
22 0
22 39
23 18
23 23
24 8
24 14
25 1
25 36
26 29
26 40
27 9
27 24
28 6
28 34
29 0
29 15
30 36
30 38
31 2
31 38
32 21
32 27
33 7
33 24
34 13
34 33
35 4
35 28
36 11
36 16
37 20
37 35
38 10
38 11
39 19
39 31
40 15
40 25
41 22
41 29

# solution 440
# n=42 sym=rot4 status=verified source=flammenkamp_cache/n42_rot4
# code=oMXCVIQKPIRVZ5B9H0CKY15RZXeDS4B2M3HPYbd0FWc39Qf247GOcJdUbDS186Eae7LTfOWUa6AENGLFNAT8J
0 22
0 33
1 12
1 31
2 18
2 26
3 20
3 25
4 18
4 27
5 31
5 35
6 5
6 11
7 9
7 17
8 0
8 12
9 20
9 34
10 1
10 5
11 27
11 35
12 33
12 40
13 13
13 28
14 4
14 11
15 2
15 22
16 3
16 17
17 25
17 34
18 37
18 39
19 0
19 15
20 32
20 38
21 3
21 9
22 26
22 41
23 2
23 4
24 7
24 16
25 24
25 38
26 19
26 39
27 30
27 37
28 13
28 28
29 1
29 8
30 6
30 14
31 36
31 40
32 7
32 21
33 29
33 41
34 24
34 32
35 30
35 36
36 6
36 10
37 14
37 23
38 16
38 21
39 15
39 23
40 10
40 29
41 8
41 19

# solution 441
# n=42 sym=rot4 status=verified source=flammenkamp_cache/n42_rot4
# code=o7XGNFSLN5OBbAEUf0OGLTZ7aAQ2ESZCdWe4813JM39WcJMceXb192T6DRdFV5Y6CKPHf0BRV4UHaIKDQIP8Y
0 7
0 33
1 16
1 23
2 15
2 28
3 21
3 23
4 5
4 24
5 11
5 37
6 10
6 14
7 30
7 41
8 0
8 24
9 16
9 21
10 29
10 35
11 7
11 36
12 10
12 26
13 2
13 14
14 28
14 35
15 12
15 39
16 32
16 40
17 4
17 8
18 1
18 3
19 19
19 22
20 3
20 9
21 32
21 38
22 19
22 22
23 38
23 40
24 33
24 37
25 1
25 9
26 2
26 29
27 6
27 13
28 27
28 39
29 15
29 31
30 5
30 34
31 6
31 12
32 20
32 25
33 17
33 41
34 0
34 11
35 27
35 31
36 4
36 30
37 17
37 36
38 18
38 20
39 13
39 26
40 18
40 25
41 8
41 34

# solution 442
# n=42 sym=rot4 status=verified source=flammenkamp_cache/n42_rot4
# code=oCRHNSUKO8ZDQ4JAX7bCLGY2QWf2a0J5BIV3e1PRZ9c3W6EGe1cANUaMf5d09Fd7PKT4Y8VMbFS6XHLBDIOET
0 12
0 27
1 17
1 23
2 28
2 30
3 20
3 24
4 8
4 35
5 13
5 26
6 4
6 19
7 10
7 33
8 7
8 37
9 12
9 21
10 16
10 34
11 2
11 26
12 32
12 41
13 2
13 36
14 0
14 19
15 5
15 11
16 18
16 31
17 3
17 40
18 1
18 25
19 27
19 35
20 9
20 38
21 3
21 32
22 6
22 14
23 16
23 40
24 1
24 38
25 10
25 23
26 30
26 36
27 22
27 41
28 5
28 39
29 0
29 9
30 15
30 39
31 7
31 25
32 20
32 29
33 4
33 34
34 8
34 31
35 22
35 37
36 15
36 28
37 6
37 33
38 17
38 21
39 11
39 13
40 18
40 24
41 14
41 29

# solution 443
# n=42 sym=rot4 status=verified source=flammenkamp_cache/n42_rot4
# code=oGPSWAYIK7OEZ5D2bAE1LXdQTBN1ZXaBH0f4QCcJM9c3WJM3TFb0fOU586eIUCF28KeRV4dSa6RHYLN7V9DGP
0 16
0 25
1 28
1 32
2 10
2 34
3 18
3 20
4 7
4 24
5 14
5 35
6 5
6 13
7 2
7 37
8 10
8 14
9 1
9 21
10 33
10 39
11 26
11 29
12 11
12 23
13 1
13 35
14 33
14 36
15 11
15 17
16 0
16 41
17 4
17 26
18 12
18 38
19 19
19 22
20 9
20 38
21 3
21 32
22 19
22 22
23 3
23 29
24 15
24 37
25 0
25 41
26 24
26 30
27 5
27 8
28 6
28 40
29 18
29 30
30 12
30 15
31 2
31 8
32 20
32 40
33 27
33 31
34 4
34 39
35 28
35 36
36 6
36 27
37 17
37 34
38 21
38 23
39 7
39 31
40 9
40 13
41 16
41 25

# solution 444
# n=42 sym=rot4 status=verified source=flammenkamp_cache/n42_rot4
# code=oDYMQ7GCLAXQRIP0d4DCKNbJRWcXf5B156dHOAZ1U3W9cBe6VHO2ZaeUa0839EM4ILTSb2fGNEF8VKTPYFJ7S
0 13
0 34
1 22
1 26
2 7
2 16
3 12
3 21
4 10
4 33
5 26
5 27
6 18
6 25
7 0
7 39
8 4
8 13
9 12
9 20
10 23
10 37
11 19
11 27
12 32
12 38
13 33
13 41
14 5
14 11
15 1
15 5
16 6
16 39
17 17
17 24
18 10
18 35
19 1
19 30
20 3
20 32
21 9
21 38
22 11
22 40
23 6
23 31
24 17
24 24
25 2
25 35
26 36
26 40
27 30
27 36
28 0
28 8
29 3
29 9
30 14
30 22
31 4
31 18
32 21
32 29
33 28
33 37
34 2
34 41
35 16
35 23
36 14
36 15
37 8
37 31
38 20
38 29
39 25
39 34
40 15
40 19
41 7
41 28

# solution 445
# n=42 sym=rot4 status=verified source=flammenkamp_cache/n42_rot4
# code=oNUOSCLSW58MbABARGb3LYZ0ZFd137MOTIX1F0P5E29WdRaGfQe8NCHJYce2Q6f67Kc4PEVUV4JXa9DKTDHBI
0 23
0 30
1 24
1 28
2 12
2 21
3 28
3 32
4 5
4 8
5 22
5 37
6 10
6 11
7 10
7 27
8 16
8 37
9 3
9 21
10 34
10 35
11 0
11 35
12 15
12 39
13 1
13 3
14 7
14 22
15 24
15 29
16 18
16 33
17 1
17 15
18 0
18 25
19 5
19 14
20 2
20 9
21 32
21 39
22 27
22 36
23 16
23 41
24 26
24 40
25 8
25 23
26 12
26 17
27 19
27 34
28 38
28 40
29 2
29 26
30 6
30 41
31 6
31 7
32 20
32 38
33 4
33 25
34 14
34 31
35 30
35 31
36 4
36 19
37 33
37 36
38 9
38 13
39 20
39 29
40 13
40 17
41 11
41 18

# solution 446
# n=42 sym=rot4 status=verified source=flammenkamp_cache/n42_rot4
# code=oSTAHLMGN4bVWCXDN6B5L5eQX0Z0YMOBGQcEe372E29WdRdYc1R3FPUHJ7f6f8F1aKaUZIS8T9A4bIPJKOVCD
0 28
0 29
1 10
1 17
2 21
2 22
3 16
3 23
4 4
4 37
5 31
5 32
6 12
6 33
7 13
7 23
8 6
8 11
9 5
9 21
10 5
10 40
11 26
11 33
12 0
12 35
13 0
13 34
14 22
14 24
15 11
15 16
16 26
16 38
17 14
17 40
18 3
18 7
19 2
19 14
20 2
20 9
21 32
21 39
22 27
22 39
23 34
23 38
24 1
24 27
25 3
25 15
26 25
26 30
27 17
27 19
28 7
28 41
29 6
29 41
30 8
30 15
31 1
31 36
32 20
32 36
33 30
33 35
34 18
34 28
35 8
35 29
36 9
36 10
37 4
37 37
38 18
38 25
39 19
39 20
40 24
40 31
41 12
41 13

# solution 447
# n=42 sym=rot4 status=verified source=flammenkamp_cache/n42_rot4
# code=oGVFGLVOaUa349ENTBELZ024X7HDSXZJeef3T7JNQ29WdFIMYCc011M68DSOY8bdf6KRUCIRWbc5B5HAKPQAP
0 16
0 31
1 15
1 16
2 21
2 31
3 24
3 36
4 30
4 36
5 3
5 4
6 9
6 14
7 23
7 29
8 11
8 14
9 21
9 35
10 0
10 2
11 4
11 33
12 7
12 17
13 13
13 28
14 33
14 35
15 19
15 40
16 40
16 41
17 3
17 29
18 7
18 19
19 23
19 26
20 2
20 9
21 32
21 39
22 15
22 18
23 22
23 34
24 12
24 38
25 0
25 1
26 1
26 22
27 6
27 8
28 13
28 28
29 24
29 34
30 8
30 37
31 39
31 41
32 6
32 20
33 27
33 30
34 12
34 18
35 27
35 32
36 37
36 38
37 5
37 11
38 5
38 17
39 10
39 20
40 25
40 26
41 10
41 25

# solution 448
# n=42 sym=rot4 status=verified source=flammenkamp_cache/n42_rot4
# code=oCFQRKNGVDW7GRTHaHI4K3UAD6fUb161facXY2XJMWd29JM8d78350eZe4B0ZSVBcLbNO5OCEPY9SAPILEFQT
0 12
0 15
1 26
1 27
2 20
2 23
3 16
3 31
4 13
4 32
5 7
5 16
6 27
6 29
7 17
7 36
8 17
8 18
9 4
9 20
10 3
10 30
11 10
11 13
12 6
12 41
13 30
13 37
14 1
14 6
15 1
15 41
16 36
16 38
17 33
17 34
18 2
18 33
19 19
19 22
20 32
20 39
21 2
21 9
22 19
22 22
23 8
23 39
24 7
24 8
25 3
25 5
26 0
26 40
27 35
27 40
28 4
28 11
29 0
29 35
30 28
30 31
31 11
31 38
32 21
32 37
33 23
33 24
34 5
34 24
35 12
35 14
36 25
36 34
37 9
37 28
38 10
38 25
39 18
39 21
40 14
40 15
41 26
41 29

# solution 449
# n=42 sym=rot4 status=verified source=flammenkamp_cache/n42_rot4
# code=o8I47CKARHeYZ5N5eCfKOFcPSXdBR3DMVBJ9b6fFPWd29GQ0Z4WMUAJScEU28DG3QHL0T1aIa671OEVLTYbNX
0 8
0 18
1 4
1 7
2 12
2 20
3 10
3 27
4 17
4 40
5 34
5 35
6 5
6 23
7 5
7 40
8 12
8 41
9 20
9 24
10 15
10 38
11 25
11 28
12 33
12 39
13 11
13 27
14 3
14 13
15 22
15 31
16 11
16 19
17 9
17 37
18 6
18 41
19 15
19 25
20 32
20 39
21 2
21 9
22 16
22 26
23 0
23 35
24 4
24 32
25 22
25 30
26 10
26 19
27 28
27 38
28 14
28 30
29 2
29 8
30 13
30 16
31 3
31 26
32 17
32 21
33 0
33 29
34 1
34 36
35 18
35 36
36 6
36 7
37 1
37 24
38 14
38 31
39 21
39 29
40 34
40 37
41 23
41 33

# solution 450
# n=42 sym=rot4 status=verified source=flammenkamp_cache/n42_rot4
# code=oRXGHEKGV5BJbQU8H0YCK3C6bVWFJ0d6SceYeINSaWd295DIN1713DZ2fMQ9A4ZTcLT7fOXBF4MUaAPLROP8E
0 27
0 33
1 16
1 17
2 14
2 20
3 16
3 31
4 5
4 11
5 19
5 37
6 26
6 30
7 8
7 17
8 0
8 34
9 12
9 20
10 3
10 12
11 6
11 37
12 31
12 32
13 15
13 19
14 0
14 39
15 6
15 28
16 38
16 40
17 34
17 40
18 18
18 23
19 28
19 36
20 32
20 39
21 2
21 9
22 5
22 13
23 18
23 23
24 1
24 7
25 1
25 3
26 13
26 35
27 2
27 41
28 22
28 26
29 9
29 10
30 4
30 35
31 29
31 38
32 21
32 29
33 7
33 41
34 24
34 33
35 11
35 15
36 4
36 22
37 30
37 36
38 10
38 25
39 21
39 27
40 24
40 25
41 8
41 14

# solution 451
# n=42 sym=rot4 status=verified source=flammenkamp_cache/n42_rot4
# code=o8E5PIL3cUVPeDN8TYfKM4B4V7FMZHfHT15QR6d9D2W9dSW2ZEFaeCO0O6JQYAbUbJL07CXIS1GAB3cKNGaRX
0 8
0 14
1 5
1 25
2 18
2 21
3 3
3 38
4 30
4 31
5 25
5 40
6 13
6 23
7 8
7 29
8 34
8 41
9 20
9 22
10 4
10 11
11 4
11 31
12 7
12 15
13 22
13 35
14 17
14 41
15 17
15 29
16 1
16 5
17 26
17 27
18 6
18 39
19 9
19 13
20 2
20 32
21 9
21 39
22 28
22 32
23 2
23 35
24 14
24 15
25 36
25 40
26 12
26 24
27 0
27 24
28 6
28 19
29 26
29 34
30 10
30 37
31 30
31 37
32 19
32 21
33 0
33 7
34 12
34 33
35 18
35 28
36 1
36 16
37 10
37 11
38 3
38 38
39 20
39 23
40 16
40 36
41 27
41 33

# solution 452
# n=42 sym=rot4 status=verified source=flammenkamp_cache/n42_rot4
# code=oUVIQIK6aDR3OBcEX7ALO0X0ZGSCb4Y1MJT59deFP9d2WGQ12WaCMJe7b4TDP6f8fHKVY8R3UHcES5ZLNFNAB
0 30
0 31
1 18
1 26
2 18
2 20
3 6
3 36
4 13
4 27
5 3
5 24
6 11
6 38
7 14
7 33
8 7
8 10
9 21
9 24
10 0
10 33
11 0
11 35
12 16
12 28
13 12
13 37
14 4
14 34
15 1
15 22
16 19
16 29
17 5
17 9
18 39
18 40
19 15
19 25
20 9
20 39
21 2
21 32
22 16
22 26
23 1
23 2
24 32
24 36
25 12
25 22
26 19
26 40
27 7
27 37
28 4
28 29
29 13
29 25
30 6
30 41
31 8
31 41
32 17
32 20
33 31
33 34
34 8
34 27
35 3
35 30
36 17
36 38
37 14
37 28
38 5
38 35
39 21
39 23
40 15
40 23
41 10
41 11

# solution 453
# n=42 sym=rot4 status=verified source=flammenkamp_cache/n42_rot4
# code=oGQJLEHATAWDYHX5U6B4Lbc7X3JRaDd0GQfZdINTe19We1CIN260FPf2S5EMc8Y34KbUZBa8O7S9VCVORKMFP
0 16
0 26
1 19
1 21
2 14
2 17
3 10
3 29
4 10
4 32
5 13
5 34
6 17
6 33
7 5
7 30
8 6
8 11
9 4
9 21
10 37
10 38
11 7
11 33
12 3
12 19
13 27
13 36
14 13
14 39
15 0
15 16
16 26
16 41
17 35
17 39
18 18
18 23
19 29
19 40
20 1
20 9
21 32
21 40
22 1
22 12
23 18
23 23
24 2
24 6
25 0
25 15
26 25
26 41
27 2
27 28
28 5
28 14
29 22
29 38
30 8
30 34
31 3
31 4
32 20
32 37
33 30
33 35
34 11
34 36
35 8
35 24
36 7
36 28
37 9
37 31
38 12
38 31
39 24
39 27
40 20
40 22
41 15
41 25

# solution 454
# n=42 sym=rot4 status=verified source=flammenkamp_cache/n42_rot4
# code=oBQHLJT4ADcOQSX8G6YLUEc9f2G6bJV05TY5eINRd19We2EIN1a7CafAM4ZPd0W3RBK7ZPX8DFH3SVbCMKOFU
0 11
0 26
1 17
1 21
2 19
2 29
3 4
3 10
4 13
4 38
5 24
5 26
6 28
6 33
7 8
7 16
8 6
8 34
9 21
9 30
10 14
10 38
11 9
11 41
12 2
12 16
13 6
13 37
14 19
14 31
15 0
15 5
16 29
16 34
17 5
17 40
18 18
18 23
19 27
19 39
20 1
20 9
21 32
21 40
22 2
22 14
23 18
23 23
24 1
24 36
25 7
25 12
26 36
26 41
27 10
27 22
28 4
28 35
29 25
29 39
30 0
30 32
31 3
31 27
32 11
32 20
33 7
33 35
34 25
34 33
35 8
35 13
36 15
36 17
37 3
37 28
38 31
38 37
39 12
39 22
40 20
40 24
41 15
41 30

# solution 455
# n=42 sym=rot4 status=verified source=flammenkamp_cache/n42_rot4
# code=oFMJLBPBb38FY8S5AZbLPEYcdOS6CHVaf29CRIN0e19We1fINETWd05AOTZDH237RGK46VaDX7QXc4UGUKMJQ
0 15
0 22
1 19
1 21
2 11
2 25
3 11
3 37
4 3
4 8
5 15
5 34
6 8
6 28
7 5
7 10
8 35
8 37
9 21
9 25
10 14
10 34
11 38
11 39
12 24
12 28
13 6
13 12
14 17
14 31
15 36
15 41
16 2
16 9
17 12
17 27
18 18
18 23
19 0
19 40
20 1
20 9
21 32
21 40
22 1
22 41
23 18
23 23
24 14
24 29
25 32
25 39
26 0
26 5
27 10
27 24
28 29
28 35
29 13
29 17
30 2
30 3
31 7
31 27
32 16
32 20
33 4
33 6
34 31
34 36
35 13
35 33
36 7
36 26
37 33
37 38
38 4
38 30
39 16
39 30
40 20
40 22
41 19
41 26

# solution 456
# n=42 sym=rot4 status=verified source=flammenkamp_cache/n42_rot4
# code=oFGGLTVETOY6S8a4BBZFL2MXY235RDcWfef4JINAO19WeHVINMb01093SEacd78JdKQ6UUb5XDZ7HCRACKPPQ
0 15
0 16
1 16
1 21
2 29
2 31
3 14
3 29
4 24
4 34
5 6
5 28
6 8
6 36
7 4
7 11
8 11
8 35
9 15
9 21
10 2
10 22
11 33
11 34
12 2
12 3
13 5
13 27
14 13
14 38
15 32
15 41
16 40
16 41
17 4
17 19
18 18
18 23
19 10
19 24
20 1
20 9
21 32
21 40
22 17
22 31
23 18
23 23
24 22
24 37
25 0
25 1
26 0
26 9
27 3
27 28
28 14
28 36
29 38
29 39
30 7
30 8
31 19
31 39
32 20
32 26
33 6
33 30
34 30
34 37
35 5
35 33
36 13
36 35
37 7
37 17
38 12
38 27
39 10
39 12
40 20
40 25
41 25
41 26

# solution 457
# n=42 sym=rot4 status=verified source=flammenkamp_cache/n42_rot4
# code=oRVGL9CGISU7MHR8aUYLd0Q48Hd4M06AIceTZQc5D19WeSa3F6C13NVZfJb2OXbFf2K7B5XEOJYBDNPTWKPAE
0 27
0 31
1 16
1 21
2 9
2 12
3 16
3 18
4 28
4 30
5 7
5 22
6 17
6 27
7 8
7 36
8 30
8 34
9 21
9 39
10 0
10 26
11 4
11 8
12 17
12 39
13 4
13 22
14 0
14 6
15 10
15 18
16 38
16 40
17 29
17 35
18 26
18 38
19 5
19 13
20 1
20 9
21 32
21 40
22 28
22 36
23 3
23 15
24 6
24 12
25 1
25 3
26 23
26 31
27 35
27 41
28 19
28 37
29 2
29 24
30 33
30 37
31 15
31 41
32 2
32 20
33 7
33 11
34 5
34 33
35 14
35 24
36 19
36 34
37 11
37 13
38 23
38 25
39 29
39 32
40 20
40 25
41 10
41 14

# solution 458
# n=42 sym=rot4 status=verified source=flammenkamp_cache/n42_rot4
# code=oFP8LBCRVEZHM4MACPeLU3Y9dYdDS3bIf08IaOQ5619WeZaFH5NXf0N4cDS272W7cBK1GTVJbJO6RAETUKXGQ
0 15
0 25
1 8
1 21
2 11
2 12
3 27
3 31
4 14
4 35
5 17
5 22
6 4
6 22
7 10
7 12
8 25
8 40
9 21
9 30
10 3
10 34
11 9
11 39
12 34
12 39
13 13
13 28
14 3
14 37
15 18
15 41
16 0
16 8
17 18
17 36
18 24
18 26
19 5
19 6
20 1
20 9
21 32
21 40
22 35
22 36
23 15
23 17
24 5
24 23
25 33
25 41
26 0
26 23
27 4
27 38
28 13
28 28
29 2
29 7
30 2
30 32
31 7
31 38
32 11
32 20
33 1
33 16
34 29
34 31
35 19
35 37
36 19
36 24
37 6
37 27
38 10
38 14
39 29
39 30
40 20
40 33
41 16
41 26

# solution 459
# n=42 sym=rot4 status=verified source=flammenkamp_cache/n42_rot4
# code=oMSGLHP5XTZFc4CDX37ILNUAE4Z0YOUJa2eEdAW0Q19WeFf9V2R1d5MBH7f6bRVBIKNYc8STb3Q6C8aGOKPDJ
0 22
0 28
1 16
1 21
2 17
2 25
3 5
3 33
4 29
4 35
5 15
5 38
6 4
6 12
7 13
7 33
8 3
8 7
9 18
9 21
10 23
10 30
11 10
11 14
12 4
12 35
13 0
13 34
14 24
14 30
15 19
15 36
16 2
16 40
17 14
17 39
18 10
18 32
19 0
19 26
20 1
20 9
21 32
21 40
22 15
22 41
23 9
23 31
24 2
24 27
25 1
25 39
26 5
26 22
27 11
27 17
28 7
28 41
29 6
29 37
30 27
30 31
31 11
31 18
32 20
32 23
33 34
33 38
34 8
34 28
35 29
35 37
36 3
36 26
37 6
37 12
38 8
38 36
39 16
39 24
40 20
40 25
41 13
41 19

# solution 460
# n=42 sym=rot4 status=verified source=flammenkamp_cache/n42_rot4
# code=oCGKO7FIOCa4V7SZdABKN5XFXbf6JERUdJf139cPSWe19DG3Wce0M2BERMZ048Q8aILUV26DYAb5THNQYHLPT
0 12
0 16
1 20
1 24
2 7
2 15
3 18
3 24
4 12
4 36
5 4
5 31
6 7
6 28
7 35
7 39
8 10
8 11
9 20
9 23
10 5
10 33
11 15
11 33
12 37
12 41
13 6
13 19
14 14
14 27
15 30
15 39
16 19
16 41
17 1
17 3
18 9
18 38
19 25
19 28
20 32
20 40
21 1
21 9
22 13
22 16
23 3
23 32
24 38
24 40
25 0
25 22
26 2
26 11
27 14
27 27
28 22
28 35
29 0
29 4
30 8
30 26
31 8
31 36
32 18
32 21
33 30
33 31
34 2
34 6
35 13
35 34
36 10
36 37
37 5
37 29
38 17
38 23
39 26
39 34
40 17
40 21
41 25
41 29

# solution 461
# n=42 sym=rot4 status=verified source=flammenkamp_cache/n42_rot4
# code=o6FGK3T4dScJPSfFHCUELHM8E2X46UWYf5eVYINAa9e1W5VIN7A1a079BZb8dRXJOKRBTOQ0DGM3D2bCcLPQZ
0 6
0 15
1 16
1 20
2 3
2 29
3 4
3 39
4 28
4 38
5 19
5 25
6 28
6 41
7 15
7 17
8 12
8 30
9 14
9 21
10 17
10 22
11 8
11 14
12 2
12 33
13 4
13 6
14 30
14 32
15 34
15 41
16 5
16 40
17 31
17 34
18 18
18 23
19 10
19 36
20 9
20 40
21 1
21 32
22 5
22 31
23 18
23 23
24 7
24 10
25 1
25 36
26 0
26 7
27 9
27 11
28 35
28 37
29 8
29 39
30 27
30 33
31 19
31 24
32 20
32 27
33 11
33 29
34 24
34 26
35 0
35 13
36 16
36 22
37 3
37 13
38 2
38 37
39 12
39 38
40 21
40 25
41 26
41 35

# solution 462
# n=42 sym=rot4 status=verified source=flammenkamp_cache/n42_rot4
# code=oLTCHFX6AAJNQWcBE2O6LbcDY0eIUJY5dGP8e5SRb09Wf4EDa1XGP2a7MBN1f7S34KZHdRU39FIMVVZ8QOTCK
0 21
0 29
1 12
1 17
2 15
2 33
3 6
3 10
4 10
4 19
5 23
5 26
6 32
6 38
7 11
7 14
8 2
8 24
9 6
9 21
10 37
10 38
11 13
11 34
12 0
12 40
13 18
13 30
14 19
14 34
15 5
15 39
16 16
16 25
17 8
17 40
18 5
18 28
19 27
19 37
20 0
20 9
21 32
21 41
22 4
22 14
23 13
23 36
24 1
24 33
25 16
25 25
26 2
26 36
27 7
27 22
28 11
28 23
29 1
29 41
30 7
30 28
31 3
31 4
32 20
32 35
33 17
33 39
34 27
34 30
35 3
35 9
36 15
36 18
37 22
37 31
38 31
38 35
39 8
39 26
40 24
40 29
41 12
41 20

# solution 463
# n=42 sym=rot4 status=verified source=flammenkamp_cache/n42_rot4
# code=oJKCQOUJO6C7Z5b8aPYKRRS2QbeAG9A1B8S23INcfWf0903INcdDXUeVWPV14FdDEEL7G5X4a6YTZHMBHFTLM
0 19
0 20
1 12
1 26
2 24
2 30
3 19
3 24
4 6
4 12
5 7
5 35
6 5
6 37
7 8
7 36
8 25
8 34
9 20
9 27
10 27
10 28
11 2
11 26
12 37
12 40
13 10
13 16
14 9
14 10
15 1
15 11
16 8
16 28
17 2
17 3
18 18
18 23
19 38
19 41
20 32
20 41
21 0
21 9
22 0
22 3
23 18
23 23
24 38
24 39
25 13
25 33
26 30
26 40
27 31
27 32
28 25
28 31
29 1
29 4
30 15
30 39
31 13
31 14
32 14
32 21
33 7
33 16
34 5
34 33
35 4
35 36
36 6
36 34
37 29
37 35
38 17
38 22
39 11
39 17
40 15
40 29
41 21
41 22

# solution 464
# n=42 sym=rot4 status=verified source=flammenkamp_cache/n42_rot4
# code=oHLGQTc2SAMASCMQRBHLNabNX2Z357G17ReXf9B4609WfZbUW081EYePYac6d8I45IKOUEFJTDVJVDd3CFPKO
0 17
0 21
1 16
1 26
2 29
2 38
3 2
3 28
4 10
4 22
5 10
5 28
6 12
6 22
7 26
7 27
8 11
8 17
9 21
9 23
10 36
10 37
11 23
11 33
12 2
12 35
13 3
13 5
14 7
14 16
15 1
15 7
16 27
16 40
17 33
17 41
18 9
18 11
19 4
19 6
20 0
20 9
21 32
21 41
22 35
22 37
23 30
23 32
24 0
24 8
25 1
25 14
26 34
26 40
27 25
27 34
28 36
28 38
29 6
29 39
30 8
30 18
31 4
31 5
32 18
32 20
33 24
33 30
34 14
34 15
35 19
35 29
36 13
36 31
37 19
37 31
38 13
38 39
39 3
39 12
40 15
40 25
41 20
41 24

# solution 465
# n=42 sym=rot4 status=verified source=flammenkamp_cache/n42_rot4
# code=oFK8CIR3cNRAY7Q5ZGeKPDaCOUeJV246f9XBJ4dOSWf09DH2bMU8W0ZbdAM1BHT5SGL1P6aFY7VEI3cENTXLQ
0 15
0 20
1 8
1 12
2 18
2 27
3 3
3 38
4 23
4 27
5 10
5 34
6 7
6 26
7 5
7 35
8 16
8 40
9 20
9 25
10 13
10 36
11 12
11 24
12 30
12 40
13 19
13 31
14 2
14 4
15 6
15 41
16 9
16 33
17 11
17 19
18 4
18 39
19 24
19 28
20 32
20 41
21 0
21 9
22 13
22 17
23 2
23 37
24 22
24 30
25 8
25 32
26 0
26 35
27 37
27 39
28 10
28 22
29 1
29 11
30 17
30 29
31 5
31 28
32 16
32 21
33 1
33 25
34 6
34 36
35 15
35 34
36 7
36 31
37 14
37 18
38 3
38 38
39 14
39 23
40 29
40 33
41 21
41 26

# solution 466
# n=42 sym=rot4 status=verified source=flammenkamp_cache/n42_rot4
# code=oKQ8CIR3cNRAY7Q5ZGeKPDaCOUeJV24069XBJ4dOSWf09DH2bMU8WZfbdAM1BHT5SGL1P6aFY7VEI3cENTXFL
0 20
0 26
1 8
1 12
2 18
2 27
3 3
3 38
4 23
4 27
5 10
5 34
6 7
6 26
7 5
7 35
8 16
8 40
9 20
9 25
10 13
10 36
11 12
11 24
12 30
12 40
13 19
13 31
14 2
14 4
15 0
15 6
16 9
16 33
17 11
17 19
18 4
18 39
19 24
19 28
20 32
20 41
21 0
21 9
22 13
22 17
23 2
23 37
24 22
24 30
25 8
25 32
26 35
26 41
27 37
27 39
28 10
28 22
29 1
29 11
30 17
30 29
31 5
31 28
32 16
32 21
33 1
33 25
34 6
34 36
35 15
35 34
36 7
36 31
37 14
37 18
38 3
38 38
39 14
39 23
40 29
40 33
41 15
41 21

# solution 467
# n=42 sym=rot4 status=verified source=flammenkamp_cache/n42_rot4
# code=o7LCNEG3cMXNTFVAf4OHL6YDG5eQUJdDZUd8W154R09WfEbae9X2B6S2MBF1aPS7ZKOHb0VAQCI8J3cPRITKY
0 7
0 21
1 12
1 23
2 14
2 16
3 3
3 38
4 22
4 33
5 23
5 29
6 15
6 31
7 10
7 41
8 4
8 24
9 17
9 21
10 6
10 34
11 13
11 16
12 5
12 40
13 26
13 30
14 19
14 39
15 13
15 35
16 30
16 39
17 8
17 32
18 1
18 5
19 4
19 27
20 0
20 9
21 32
21 41
22 14
22 37
23 36
23 40
24 9
24 33
25 2
25 11
26 6
26 28
27 2
27 22
28 11
28 15
29 1
29 36
30 25
30 28
31 7
31 35
32 20
32 24
33 17
33 37
34 0
34 31
35 10
35 26
36 12
36 18
37 8
37 19
38 3
38 38
39 25
39 27
40 18
40 29
41 20
41 34

# solution 468
# n=42 sym=rot4 status=verified source=flammenkamp_cache/n42_rot4
# code=oLPNPVXCM5S7bCOUa2UEL2N78Zc4FOWJS016E1A3Q09WfFcVeRZefDM9HQb36XYIdKRBd5BHT4YDaJT8AGIGK
0 21
0 25
1 23
1 25
2 31
2 33
3 12
3 22
4 5
4 28
5 7
5 37
6 12
6 24
7 30
7 36
8 2
8 30
9 14
9 21
10 2
10 23
11 7
11 8
12 35
12 38
13 4
13 15
14 24
14 32
15 19
15 28
16 0
16 1
17 6
17 14
18 1
18 10
19 3
19 26
20 0
20 9
21 32
21 41
22 15
22 38
23 31
23 40
24 27
24 35
25 40
25 41
26 13
26 22
27 9
27 17
28 26
28 37
29 3
29 6
30 33
30 34
31 18
31 39
32 20
32 27
33 11
33 39
34 5
34 11
35 17
35 29
36 4
36 34
37 13
37 36
38 19
38 29
39 8
39 10
40 16
40 18
41 16
41 20

# solution 469
# n=42 sym=rot4 status=verified source=flammenkamp_cache/n42_rot4
# code=oKR8PGO4CVcQYBJ5FAeLS4XMZSc9C0H5Y1d2RINBZ9f0W6UINEd2e7aOfTW3D6J8bDK1VQaMU7F3ATbHPGXEL
0 20
0 27
1 8
1 25
2 16
2 24
3 4
3 12
4 31
4 38
5 26
5 34
6 11
6 19
7 5
7 15
8 10
8 40
9 21
9 28
10 4
10 33
11 22
11 35
12 28
12 38
13 9
13 12
14 0
14 17
15 5
15 34
16 1
16 39
17 2
17 27
18 18
18 23
19 11
19 35
20 9
20 41
21 0
21 32
22 6
22 30
23 18
23 23
24 14
24 39
25 2
25 40
26 7
26 36
27 24
27 41
28 29
28 32
29 3
29 13
30 6
30 19
31 8
31 37
32 13
32 20
33 1
33 31
34 26
34 36
35 22
35 30
36 7
36 15
37 3
37 10
38 29
38 37
39 17
39 25
40 16
40 33
41 14
41 21

# solution 470
# n=42 sym=rot4 status=verified source=flammenkamp_cache/n42_rot4
# code=oKOIJRT8V78DE7TZbbcHL3UAF26Fa2aSUIJ0WPePe9f0W1G1G9fMNBD5d5QZdQVBcKO3446CYRSXYAXCEMNHL
0 20
0 24
1 18
1 19
2 27
2 29
3 8
3 31
4 7
4 8
5 13
5 14
6 7
6 29
7 35
7 37
8 37
8 38
9 17
9 21
10 3
10 30
11 10
11 15
12 2
12 6
13 15
13 36
14 2
14 36
15 28
15 30
16 18
16 19
17 0
17 32
18 25
18 40
19 25
19 40
20 9
20 41
21 0
21 32
22 1
22 16
23 1
23 16
24 9
24 41
25 22
25 23
26 11
26 13
27 5
27 39
28 5
28 26
29 35
29 39
30 26
30 31
31 11
31 38
32 20
32 24
33 3
33 4
34 4
34 6
35 12
35 34
36 27
36 28
37 33
37 34
38 10
38 33
39 12
39 14
40 22
40 23
41 17
41 21

# solution 471
# n=42 sym=rot4 status=verified source=flammenkamp_cache/n42_rot4
# code=oKXQROVDYDUNYBI350OCL2F4ZMWbc1G1VJR285ZCP9f0WGT6aXdEMAePe349J6bQdKTHfacNU7IBS7SAHEF8L
0 20
0 33
1 26
1 27
2 24
2 31
3 13
3 34
4 13
4 30
5 23
5 34
6 11
6 18
7 3
7 5
8 0
8 24
9 12
9 21
10 2
10 15
11 4
11 35
12 22
12 32
13 37
13 38
14 1
14 16
15 1
15 31
16 19
16 27
17 2
17 8
18 5
18 35
19 12
19 25
20 9
20 41
21 0
21 32
22 16
22 29
23 6
23 36
24 33
24 39
25 14
25 22
26 10
26 40
27 25
27 40
28 3
28 4
29 9
29 19
30 6
30 37
31 26
31 39
32 20
32 29
33 17
33 41
34 36
34 38
35 23
35 30
36 7
36 18
37 11
37 28
38 7
38 28
39 10
39 17
40 14
40 15
41 8
41 21

# solution 472
# n=42 sym=rot4 status=verified source=flammenkamp_cache/n42_rot4
# code=oIKIPBRMS8A7MBFTaAbLSXbZd7F392HTZ1HPRef359f0Wac01EGOe6COdWcQY2648DK4V5CQUJYVXDJEUGNLN
0 18
0 20
1 18
1 25
2 11
2 27
3 22
3 28
4 8
4 10
5 7
5 22
6 11
6 15
7 29
7 36
8 10
8 37
9 21
9 28
10 33
10 37
11 35
11 39
12 7
12 15
13 3
13 9
14 2
14 17
15 29
15 35
16 1
16 17
17 25
17 27
18 40
18 41
19 3
19 5
20 9
20 41
21 0
21 32
22 36
22 38
23 0
23 1
24 14
24 16
25 24
25 40
26 6
26 12
27 24
27 39
28 32
28 38
29 26
29 34
30 2
30 6
31 4
31 8
32 13
32 20
33 4
33 31
34 5
34 12
35 26
35 30
36 19
36 34
37 31
37 33
38 13
38 19
39 14
39 30
40 16
40 23
41 21
41 23

# solution 473
# n=42 sym=rot4 status=verified source=flammenkamp_cache/n42_rot4
# code=oBHPSJOBVCWFRAWKPKQ463ZcfIb1R5D8a172fJTNdXY782ICM0dYe5XSaEe4N036cZbFLGL9VEQ9TAUHMDGOU
0 11
0 17
1 25
1 28
2 19
2 24
3 11
3 31
4 12
4 32
5 15
5 27
6 10
6 32
7 20
7 25
8 20
8 26
9 4
9 6
10 3
10 35
11 38
11 41
12 18
12 37
13 1
13 27
14 5
14 13
15 8
15 36
16 1
16 7
17 2
17 41
18 19
18 29
19 23
19 39
20 33
20 34
21 7
21 8
22 2
22 18
23 12
23 22
24 0
24 39
25 34
25 40
26 5
26 33
27 28
27 36
28 14
28 40
29 4
29 23
30 0
30 3
31 6
31 38
32 35
32 37
33 15
33 21
34 16
34 21
35 9
35 31
36 14
36 26
37 9
37 29
38 10
38 30
39 17
39 22
40 13
40 16
41 24
41 30

# solution 474
# n=42 sym=rot4 status=verified source=flammenkamp_cache/n42_rot4
# code=o1HMfSaITDE2WKPQWFK57BRPV3I2bAb7X6BJfTc1OXZ68He3C0MUZ8Y4V4dNcAGEUYaLQ9FGL9dRSCN5D0JOe
0 1
0 17
1 22
1 41
2 28
2 36
3 18
3 29
4 13
4 14
5 2
5 32
6 20
6 25
7 26
7 32
8 15
8 20
9 5
9 7
10 11
10 27
11 25
11 31
12 3
12 18
13 2
13 37
14 10
14 37
15 7
15 33
16 6
16 11
17 19
17 41
18 29
18 38
19 1
19 24
20 33
20 35
21 6
21 8
22 17
22 40
23 3
23 12
24 0
24 22
25 30
25 35
26 8
26 34
27 4
27 31
28 4
28 39
29 23
29 38
30 10
30 16
31 14
31 30
32 34
32 36
33 21
33 26
34 9
34 15
35 16
35 21
36 9
36 39
37 27
37 28
38 12
38 23
39 5
39 13
40 0
40 19
41 24
41 40

# solution 475
# n=42 sym=rot4 status=verified source=flammenkamp_cache/n42_rot4
# code=oNP9BCF47YcSVHK4cEKPe5OSeNd5BFXRd09AZ0CJMXZ68JMTf6VWf2E8QUa2I1DHa1GLR3bLOAD37YbQTUWGI
0 23
0 25
1 9
1 11
2 12
2 15
3 4
3 7
4 34
4 38
5 28
5 31
6 17
6 20
7 4
7 38
8 14
8 20
9 25
9 40
10 5
10 24
11 28
11 40
12 23
12 39
13 5
13 11
14 15
14 33
15 27
15 39
16 0
16 9
17 10
17 35
18 0
18 12
19 19
19 22
20 33
20 35
21 6
21 8
22 19
22 22
23 29
23 41
24 6
24 31
25 32
25 41
26 2
26 14
27 8
27 26
28 30
28 36
29 2
29 18
30 1
30 13
31 17
31 36
32 1
32 16
33 21
33 27
34 3
34 37
35 21
35 24
36 10
36 13
37 3
37 7
38 34
38 37
39 26
39 29
40 30
40 32
41 16
41 18

# solution 476
# n=42 sym=rot4 status=verified source=flammenkamp_cache/n42_rot4
# code=oEG9TASGN7DCQFKObBKUeEd9X1a2bVf5Zcf7J3JNOXZ68HIMcMY036a0A4d5e8W2R1BLU4HLQFTSYIPDVCWPR
0 14
0 16
1 9
1 29
2 10
2 28
3 16
3 23
4 7
4 13
5 12
5 26
6 15
6 20
7 24
7 37
8 11
8 20
9 30
9 40
10 14
10 39
11 9
11 33
12 1
12 36
13 2
13 37
14 31
14 41
15 5
15 35
16 38
16 41
17 7
17 19
18 3
18 19
19 23
19 24
20 33
20 35
21 6
21 8
22 17
22 18
23 22
23 38
24 22
24 34
25 0
25 3
26 6
26 36
27 0
27 10
28 4
28 39
29 5
29 40
30 8
30 32
31 2
31 27
32 1
32 11
33 21
33 30
34 4
34 17
35 21
35 26
36 15
36 29
37 28
37 34
38 18
38 25
39 13
39 31
40 12
40 32
41 25
41 27

# solution 477
# n=42 sym=rot4 status=verified source=flammenkamp_cache/n42_rot4
# code=oDT9CNVHI7RGLASBbELFe2ZPY0e6f4XHWBaQc2cJM58XaJM3d3F5U9O8b0Z1f7G6d1QKR4UDVKPEYNOAITWCS
0 13
0 29
1 9
1 12
2 23
2 31
3 17
3 18
4 7
4 27
5 16
5 21
6 10
6 28
7 11
7 37
8 14
8 21
9 15
9 40
10 2
10 35
11 25
11 34
12 0
12 40
13 6
13 41
14 4
14 33
15 17
15 32
16 11
16 36
17 26
17 38
18 2
18 38
19 19
19 22
20 5
20 8
21 33
21 36
22 19
22 22
23 3
23 39
24 3
24 15
25 5
25 30
26 9
26 24
27 8
27 37
28 0
28 35
29 1
29 41
30 7
30 16
31 6
31 39
32 1
32 26
33 20
33 27
34 4
34 30
35 13
35 31
36 20
36 25
37 14
37 34
38 23
38 24
39 10
39 18
40 29
40 32
41 12
41 28

# solution 478
# n=42 sym=rot4 status=verified source=flammenkamp_cache/n42_rot4
# code=oMNQU7N69AQ6KacEdDKScMb1TBP9XGY14CRHO020AXa58VfdfHOETbe7P8WGUCe4J3DLS2R35LZFVWZIYBFIJ
0 22
0 23
1 26
1 30
2 7
2 23
3 6
3 9
4 10
4 26
5 6
5 20
6 36
6 38
7 14
7 39
8 13
8 20
9 28
9 38
10 22
10 37
11 1
11 29
12 11
12 25
13 9
13 33
14 16
14 34
15 1
15 4
16 12
16 27
17 17
17 24
18 0
18 2
19 0
19 10
20 33
20 36
21 5
21 8
22 31
22 41
23 39
23 41
24 17
24 24
25 14
25 29
26 37
26 40
27 7
27 25
28 8
28 32
29 16
29 30
30 12
30 40
31 4
31 19
32 3
32 13
33 21
33 28
34 2
34 27
35 3
35 5
36 21
36 35
37 15
37 31
38 32
38 35
39 18
39 34
40 11
40 15
41 18
41 19

# solution 479
# n=42 sym=rot4 status=verified source=flammenkamp_cache/n42_rot4
# code=o6IGMUY8WFN6Laf29Kc3YAV2RGJORBDHbTeDQ4f1T5X8aCe0bFS1C4OSUEHMPEdAV7c3LWd05KZIQ9X7BJPNZ
0 6
0 18
1 16
1 22
2 30
2 34
3 8
3 32
4 15
4 23
5 6
5 21
6 36
6 41
7 2
7 9
8 20
8 38
9 3
9 34
10 10
10 31
11 2
11 27
12 16
12 19
13 24
13 27
14 11
14 13
15 17
15 37
16 29
16 40
17 13
17 26
18 4
18 41
19 1
19 29
20 5
20 33
21 8
21 36
22 12
22 40
23 0
23 37
24 15
24 28
25 1
25 12
26 4
26 24
27 28
27 30
28 14
28 17
29 22
29 25
30 14
30 39
31 10
31 31
32 7
32 38
33 3
33 21
34 32
34 39
35 0
35 5
36 20
36 35
37 18
37 26
38 9
38 33
39 7
39 11
40 19
40 25
41 23
41 35

# solution 480
# n=42 sym=rot4 status=verified source=flammenkamp_cache/n42_rot4
# code=o8TFJFSIU6BKWPbDVLf5G7R3b0I2YAOde6WEJTcOe8a5X1H3CMR9Z12HV7dNf4cEYPa0KAS4G9LUZBNDQMQCX
0 8
0 29
1 15
1 19
2 15
2 28
3 18
3 30
4 6
4 11
5 20
5 32
6 25
6 37
7 13
7 31
8 21
8 41
9 5
9 16
10 7
10 27
11 3
11 37
12 0
12 18
13 2
13 34
14 10
14 24
15 39
15 40
16 6
16 32
17 14
17 19
18 29
18 38
19 24
19 40
20 8
20 36
21 5
21 33
22 1
22 17
23 3
23 12
24 22
24 27
25 9
25 35
26 1
26 2
27 17
27 31
28 7
28 39
29 23
29 41
30 4
30 38
31 14
31 34
32 25
32 36
33 0
33 20
34 10
34 28
35 4
35 16
36 9
36 21
37 30
37 35
38 11
38 23
39 13
39 26
40 22
40 26
41 12
41 33

# solution 481
# n=42 sym=rot4 status=verified source=flammenkamp_cache/n42_rot4
# code=o2TCP6fMXLUFGWdQR3L6AIW4D0eMU7H7a1aIROV3D48XbScAHEN5e5YOYBJ1fSb9NVZKcEF29PQBK8J0ZGTCd
0 2
0 29
1 12
1 25
2 6
2 41
3 22
3 33
4 21
4 30
5 15
5 16
6 32
6 39
7 26
7 27
8 3
8 21
9 6
9 10
10 18
10 32
11 4
11 13
12 0
12 40
13 22
13 30
14 7
14 17
15 7
15 36
16 1
16 36
17 18
17 27
18 24
18 31
19 3
19 13
20 4
20 8
21 33
21 37
22 28
22 38
23 10
23 17
24 14
24 23
25 5
25 40
26 5
26 34
27 24
27 34
28 11
28 19
29 1
29 41
30 28
30 37
31 9
31 23
32 31
32 35
33 20
33 38
34 14
34 15
35 2
35 9
36 25
36 26
37 11
37 20
38 8
38 19
39 0
39 35
40 16
40 29
41 12
41 39

# solution 482
# n=42 sym=rot4 status=verified source=flammenkamp_cache/n42_rot4
# code=oCEOZSU79JL8Q1RCcLaMcPU2AYf2H6f5NAI1SFP9b48Xb4WGQDeNVIa0ZOd07VdBG3J5K3TEeFXKMWYBD6HRT
0 12
0 14
1 24
1 35
2 28
2 30
3 7
3 9
4 19
4 21
5 8
5 26
6 1
6 27
7 12
7 38
8 21
8 36
9 22
9 38
10 25
10 30
11 2
11 10
12 34
12 41
13 2
13 17
14 6
14 41
15 5
15 23
16 10
16 18
17 1
17 28
18 15
18 25
19 9
19 37
20 4
20 8
21 33
21 37
22 4
22 32
23 16
23 26
24 13
24 40
25 23
25 31
26 18
26 36
27 0
27 35
28 24
28 39
29 0
29 7
30 31
30 39
31 11
31 16
32 3
32 19
33 5
33 20
34 3
34 29
35 14
35 40
36 15
36 33
37 20
37 22
38 32
38 34
39 11
39 13
40 6
40 17
41 27
41 29

# solution 483
# n=42 sym=rot4 status=verified source=flammenkamp_cache/n42_rot4
# code=oFIBYNODH9LBGSW1RLV6b8TaeAG6c7FRfTa2c2fJM48XbJM0d3d5C0EQY3ZPV15CX4ZAKEe9DPUKWOSHI7UNQ
0 15
0 18
1 11
1 34
2 23
2 24
3 13
3 17
4 9
4 21
5 11
5 16
6 28
6 32
7 1
7 27
8 21
8 31
9 6
9 37
10 8
10 29
11 36
11 40
12 10
12 16
13 6
13 38
14 7
14 15
15 27
15 41
16 29
16 36
17 2
17 38
18 2
18 41
19 19
19 22
20 4
20 8
21 33
21 37
22 19
22 22
23 0
23 39
24 3
24 39
25 5
25 12
26 0
26 14
27 26
27 34
28 3
28 35
29 25
29 31
30 1
30 5
31 12
31 33
32 4
32 35
33 10
33 20
34 14
34 40
35 9
35 13
36 25
36 30
37 20
37 32
38 24
38 28
39 17
39 18
40 7
40 30
41 23
41 26

# solution 484
# n=42 sym=rot4 status=verified source=flammenkamp_cache/n42_rot4
# code=oFO79BT7NLR9CFSceKVae8IPd2a6R4DZfBJ0J3VOP4X8bGHAcMfMU06SbEZ5d2GNX15AL13DQTWEKIYCUWYHQ
0 15
0 24
1 7
1 9
2 11
2 29
3 7
3 23
4 21
4 27
5 9
5 12
6 15
6 28
7 38
7 40
8 20
8 31
9 36
9 40
10 8
10 18
11 25
11 39
12 2
12 36
13 6
13 27
14 4
14 13
15 35
15 41
16 11
16 19
17 0
17 19
18 3
18 31
19 24
19 25
20 4
20 33
21 8
21 37
22 16
22 17
23 10
23 38
24 22
24 41
25 22
25 30
26 0
26 6
27 28
27 37
28 14
28 35
29 5
29 39
30 2
30 16
31 23
31 33
32 1
32 5
33 10
33 21
34 1
34 3
35 13
35 26
36 29
36 32
37 14
37 20
38 18
38 34
39 12
39 30
40 32
40 34
41 17
41 26

# solution 485
# n=42 sym=rot4 status=verified source=flammenkamp_cache/n42_rot4
# code=o6FFMPVBRKPCETfNWBL7M2SXc6aAI3aef24HO7S198b4XWeDYHObd015cNV5Z38DdJYKU9I0CRTGLEUAGJQQZ
0 6
0 15
1 15
1 22
2 25
2 31
3 11
3 27
4 20
4 25
5 12
5 14
6 29
6 41
7 23
7 32
8 11
8 21
9 7
9 22
10 2
10 28
11 33
11 38
12 6
12 36
13 10
13 18
14 3
14 36
15 40
15 41
16 2
16 4
17 17
17 24
18 7
18 28
19 1
19 9
20 8
20 37
21 4
21 33
22 32
22 40
23 13
23 34
24 17
24 24
25 37
25 39
26 0
26 1
27 5
27 38
28 23
28 31
29 5
29 35
30 3
30 8
31 13
31 39
32 19
32 34
33 20
33 30
34 9
34 18
35 0
35 12
36 27
36 29
37 16
37 21
38 14
38 30
39 10
39 16
40 19
40 26
41 26
41 35

# solution 486
# n=42 sym=rot4 status=verified source=flammenkamp_cache/n42_rot4
# code=oHQ9TAZILIPEP2BBDLRMeDdYZ1MVY8a0H45Qfbc9C38XcTW340FabOf5X7AJe672S1JEKSUUdGRGNKN6VCWFO
0 17
0 26
1 9
1 29
2 10
2 35
3 18
3 21
4 18
4 25
5 14
5 25
6 2
6 11
7 11
7 13
8 21
8 27
9 22
9 40
10 13
10 39
11 34
11 35
12 1
12 22
13 31
13 34
14 8
14 36
15 0
15 17
16 4
16 5
17 26
17 41
18 37
18 38
19 9
19 12
20 3
20 8
21 33
21 38
22 29
22 32
23 3
23 4
24 0
24 15
25 36
25 37
26 24
26 41
27 5
27 33
28 7
28 10
29 19
29 40
30 6
30 7
31 2
31 28
32 1
32 19
33 14
33 20
34 28
34 30
35 30
35 39
36 16
36 27
37 16
37 23
38 20
38 23
39 6
39 31
40 12
40 32
41 15
41 24

# solution 487
# n=42 sym=rot4 status=verified source=flammenkamp_cache/n42_rot4
# code=oJUHQTVAKJP8Z5PTWLa7Q2c0E27DSIU1946IeORbf8c3X04EH1NZbWeBNDSYdRf3dFY5K9CGa6XGMLVACFOBM
0 19
0 30
1 17
1 26
2 29
2 31
3 10
3 20
4 19
4 25
5 8
5 35
6 5
6 25
7 29
7 32
8 21
8 36
9 7
9 26
10 2
10 38
11 0
11 14
12 2
12 7
13 13
13 28
14 18
14 30
15 1
15 9
16 4
16 6
17 18
17 40
18 24
18 27
19 37
19 41
20 8
20 38
21 3
21 33
22 0
22 4
23 14
23 17
24 1
24 23
25 35
25 37
26 32
26 40
27 11
27 23
28 13
28 28
29 34
29 39
30 27
30 41
31 3
31 39
32 15
32 34
33 5
33 20
34 9
34 12
35 16
35 36
36 6
36 33
37 16
37 22
38 21
38 31
39 10
39 12
40 15
40 24
41 11
41 22

# solution 488
# n=42 sym=rot4 status=verified source=flammenkamp_cache/n42_rot4
# code=oIRCZBY6LHRGJ1c2S9KSXCPIdVe7904HJAaQbUfQa3X8c5F0B4F5VMObfWY1A2NGT8DLWDd3eMPEOKZ7U6TEN
0 18
0 27
1 12
1 35
2 11
2 34
3 6
3 21
4 17
4 27
5 16
5 19
6 1
6 38
7 2
7 28
8 9
8 20
9 28
9 33
10 12
10 25
11 18
11 39
12 31
12 40
13 7
13 9
14 0
14 4
15 17
15 19
16 10
16 36
17 26
17 37
18 30
18 41
19 26
19 36
20 3
20 33
21 8
21 38
22 5
22 15
23 0
23 11
24 4
24 15
25 5
25 31
26 22
26 24
27 37
27 41
28 32
28 34
29 1
29 10
30 2
30 23
31 16
31 29
32 8
32 13
33 21
33 32
34 13
34 39
35 3
35 40
36 22
36 25
37 14
37 24
38 20
38 35
39 7
39 30
40 6
40 29
41 14
41 23

# solution 489
# n=42 sym=rot4 status=verified source=flammenkamp_cache/n42_rot4
# code=oIJ5QGQJLAUUe9DAIDKOZYb45EHXZGT12Rd9TYfcf3X8c0307CW2EdeCP68ORab476HLSNVSW1BBVKMFPFaMN
0 18
0 19
1 5
1 26
2 16
2 26
3 19
3 21
4 10
4 30
5 30
5 40
6 9
6 13
7 10
7 18
8 13
8 20
9 24
9 35
10 34
10 37
11 4
11 5
12 14
12 17
13 33
13 35
14 16
14 29
15 1
15 2
16 27
16 39
17 9
17 29
18 34
18 41
19 38
19 41
20 3
20 33
21 8
21 38
22 0
22 3
23 0
23 7
24 12
24 32
25 2
25 14
26 39
26 40
27 12
27 25
28 6
28 8
29 24
29 27
30 36
30 37
31 4
31 7
32 6
32 17
33 21
33 28
34 23
34 31
35 28
35 32
36 1
36 11
37 11
37 31
38 20
38 22
39 15
39 25
40 15
40 36
41 22
41 23

# solution 490
# n=42 sym=rot4 status=verified source=flammenkamp_cache/n42_rot4
# code=oOS6C9LIQJYGTXe4B6LBdQRWY5e0RAD3AJa0IOcPb28Xd4G3HNf5MVcSVEf1a79EF2UKZUb18CP7MFNKWTZDH
0 24
0 28
1 6
1 12
2 9
2 21
3 18
3 26
4 19
4 34
5 16
5 29
6 33
6 40
7 4
7 11
8 6
8 21
9 11
9 39
10 26
10 27
11 32
11 34
12 5
12 40
13 0
13 27
14 10
14 13
15 3
15 10
16 19
16 36
17 0
17 18
18 24
18 38
19 25
19 37
20 2
20 8
21 33
21 39
22 4
22 16
23 3
23 17
24 23
24 41
25 5
25 22
26 31
26 38
27 28
27 31
28 14
28 41
29 1
29 36
30 7
30 9
31 14
31 15
32 2
32 30
33 20
33 35
34 30
34 37
35 1
35 8
36 12
36 25
37 7
37 22
38 15
38 23
39 20
39 32
40 29
40 35
41 13
41 17

# solution 491
# n=42 sym=rot4 status=verified source=flammenkamp_cache/n42_rot4
# code=oBQBI7K8ZGZFM34VdKcGV79efNRJRCD0aWbHOCe5SXd28Da1THO495fSTEMEI01WYAP3L2AbcJQ6P6XLYNUFU
0 11
0 26
1 11
1 18
2 7
2 20
3 8
3 35
4 16
4 35
5 15
5 22
6 3
6 4
7 31
7 39
8 20
8 38
9 16
9 31
10 7
10 9
11 40
11 41
12 23
12 27
13 19
13 27
14 12
14 13
15 0
15 36
16 32
16 37
17 17
17 24
18 12
18 40
19 5
19 28
20 33
20 39
21 2
21 8
22 13
22 36
23 1
23 29
24 17
24 24
25 4
25 9
26 5
26 41
27 28
27 29
28 14
28 22
29 14
29 18
30 0
30 1
31 32
31 34
32 10
32 25
33 3
33 21
34 2
34 10
35 37
35 38
36 19
36 26
37 6
37 25
38 6
38 33
39 21
39 34
40 23
40 30
41 15
41 30

# solution 492
# n=42 sym=rot4 status=verified source=flammenkamp_cache/n42_rot4
# code=o9QBJKNPW5ZCb4TAMBK3fQYXe6aNRDG0A3RHO2D7eXd281YSdHOEcVfPSEI5Z187F0cLUJVCb4T6a9GILMUFW
0 9
0 26
1 11
1 19
2 20
2 23
3 25
3 32
4 5
4 35
5 12
5 37
6 4
6 29
7 10
7 22
8 11
8 20
9 3
9 41
10 26
10 34
11 33
11 40
12 6
12 36
13 23
13 27
14 13
14 16
15 0
15 10
16 3
16 27
17 17
17 24
18 2
18 13
19 7
19 40
20 33
20 39
21 2
21 8
22 1
22 34
23 28
23 39
24 17
24 24
25 14
25 38
26 31
26 41
27 25
27 28
28 14
28 18
29 5
29 35
30 1
30 8
31 7
31 15
32 0
32 38
33 21
33 30
34 19
34 31
35 12
35 37
36 4
36 29
37 6
37 36
38 9
38 16
39 18
39 21
40 22
40 30
41 15
41 32

# solution 493
# n=42 sym=rot4 status=verified source=flammenkamp_cache/n42_rot4
# code=o7UNQBKJYQZDJ493fKW8ZDG0dORVaCI14HVCP1RacXd2835EeGTAObeNT5AEH2fPS6X9L0cWbMS6F7MLUFIBY
0 7
0 30
1 23
1 26
2 11
2 20
3 19
3 34
4 26
4 35
5 13
5 19
6 4
6 9
7 3
7 41
8 20
8 32
9 8
9 35
10 13
10 16
11 0
11 39
12 24
12 27
13 31
13 36
14 12
14 18
15 1
15 4
16 17
16 31
17 12
17 25
18 1
18 27
19 36
19 38
20 33
20 39
21 2
21 8
22 3
22 5
23 14
23 40
24 16
24 29
25 10
25 24
26 37
26 40
27 23
27 29
28 5
28 10
29 14
29 17
30 2
30 41
31 25
31 28
32 6
32 33
33 9
33 21
34 0
34 38
35 32
35 37
36 22
36 28
37 6
37 15
38 7
38 22
39 21
39 30
40 15
40 18
41 11
41 34

# solution 494
# n=42 sym=rot4 status=verified source=flammenkamp_cache/n42_rot4
# code=oGRGQ4K7ABdNSRWOcBK6FMcXbDI5T061Wef7J5TAOXd28HVCaMY019eZfCaNS483JQZLU3H9EDI2UVYLbFPEP
0 16
0 27
1 16
1 26
2 4
2 20
3 7
3 10
4 11
4 39
5 23
5 28
6 27
6 32
7 24
7 38
8 11
8 20
9 6
9 15
10 22
10 38
11 33
11 37
12 13
12 18
13 5
13 29
14 0
14 6
15 1
15 32
16 40
16 41
17 7
17 19
18 5
18 29
19 10
19 24
20 33
20 39
21 2
21 8
22 17
22 31
23 12
23 36
24 22
24 34
25 0
25 1
26 9
26 40
27 35
27 41
28 12
28 36
29 23
29 28
30 4
30 8
31 3
31 19
32 26
32 35
33 21
33 30
34 3
34 17
35 9
35 14
36 13
36 18
37 2
37 30
38 31
38 34
39 21
39 37
40 15
40 25
41 14
41 25

# solution 495
# n=42 sym=rot4 status=verified source=flammenkamp_cache/n42_rot4
# code=oHQFIKV9SYZPW4D4AKR5c2YCIPU3Z8M0e5CJfUeEOXd28HR1B0MTa1fJX6cBGNT7d3aELVbSb9G67DWALNQFO
0 17
0 26
1 15
1 18
2 20
2 31
3 9
3 28
4 34
4 35
5 25
5 32
6 4
6 13
7 4
7 10
8 20
8 27
9 5
9 38
10 2
10 34
11 12
11 18
12 25
12 30
13 3
13 35
14 8
14 22
15 0
15 40
16 5
16 12
17 19
17 41
18 30
18 40
19 14
19 24
20 33
20 39
21 2
21 8
22 17
22 27
23 1
23 11
24 0
24 22
25 29
25 36
26 1
26 41
27 19
27 33
28 6
28 38
29 11
29 16
30 23
30 29
31 7
31 39
32 3
32 36
33 14
33 21
34 31
34 37
35 28
35 37
36 9
36 16
37 6
37 7
38 13
38 32
39 10
39 21
40 23
40 26
41 15
41 24

# solution 496
# n=42 sym=rot4 status=verified source=flammenkamp_cache/n42_rot4
# code=oBP6HDKSWBM8MYe6QKa3V9EbfEO3dTV7I0ICePQ45Xd28abFG1TNfNYAC2cHR04RWAc5LFZ17JXJU9DLSOZGU
0 11
0 25
1 6
1 17
2 13
2 20
3 28
3 32
4 11
4 22
5 8
5 22
6 34
6 40
7 6
7 26
8 20
8 36
9 3
9 31
10 9
10 14
11 37
11 41
12 14
12 24
13 3
13 39
14 29
14 31
15 7
15 18
16 0
16 18
17 12
17 40
18 25
18 26
19 4
19 5
20 33
20 39
21 2
21 8
22 36
22 37
23 15
23 16
24 1
24 29
25 23
25 41
26 23
26 34
27 10
27 12
28 2
28 38
29 17
29 27
30 0
30 4
31 27
31 32
32 10
32 38
33 5
33 21
34 15
34 35
35 1
35 7
36 19
36 33
37 19
37 30
38 9
38 13
39 21
39 28
40 24
40 35
41 16
41 30

# solution 497
# n=42 sym=rot4 status=verified source=flammenkamp_cache/n42_rot4
# code=oIPKYIUEPVa4A9F19KTYZ4a2Q8JDSHcBZ03JRdfOTXe18CH02EMcf6U3ODSMXFd5b67CLWeQWVb5AGRBN7LGN
0 18
0 25
1 20
1 34
2 18
2 30
3 14
3 25
4 31
4 36
5 4
5 10
6 9
6 15
7 1
7 9
8 20
8 29
9 34
9 35
10 4
10 36
11 2
11 26
12 8
12 19
13 13
13 28
14 17
14 38
15 11
15 35
16 0
16 3
17 19
17 27
18 39
18 41
19 24
19 29
20 33
20 40
21 1
21 8
22 12
22 17
23 0
23 2
24 14
24 22
25 38
25 41
26 6
26 30
27 3
27 24
28 13
28 28
29 22
29 33
30 15
30 39
31 5
31 37
32 6
32 7
33 12
33 21
34 32
34 40
35 26
35 32
36 31
36 37
37 5
37 10
38 16
38 27
39 11
39 23
40 7
40 21
41 16
41 23

# solution 498
# n=42 sym=rot4 status=verified source=flammenkamp_cache/n42_rot4
# code=oFPKOJYBC7WNU6Z2bAK4ORX5cFcMRADTf0I195PDdXe182SGaWeNf0CSVEJ3Q3a8EHbLV4d6ZBI9YTU7MHLGQ
0 15
0 25
1 20
1 24
2 19
2 34
3 11
3 12
4 7
4 32
5 23
5 30
6 6
6 35
7 2
7 37
8 10
8 20
9 4
9 24
10 27
10 33
11 5
11 38
12 15
12 38
13 22
13 27
14 10
14 13
15 29
15 41
16 0
16 18
17 1
17 9
18 5
18 25
19 13
19 39
20 33
20 40
21 1
21 8
22 2
22 28
23 16
23 36
24 32
24 40
25 23
25 41
26 0
26 12
27 28
27 31
28 14
28 19
29 3
29 26
30 3
30 36
31 8
31 14
32 17
32 37
33 21
33 31
34 4
34 39
35 6
35 35
36 11
36 18
37 9
37 34
38 29
38 30
39 7
39 22
40 17
40 21
41 16
41 26

# solution 499
# n=42 sym=rot4 status=verified source=flammenkamp_cache/n42_rot4
# code=oHQKQJTAB7S6U9aJbKOPZTc5c2A4RDG019R8fINYdXe1827IN0XEWefPSEbVd3a3C6GHL4M5WBZDYUVCMFLFO
0 17
0 26
1 20
1 26
2 19
2 29
3 10
3 11
4 7
4 28
5 6
5 30
6 9
6 36
7 19
7 37
8 20
8 24
9 25
9 35
10 29
10 38
11 5
11 38
12 2
12 10
13 4
13 27
14 13
14 16
15 0
15 1
16 9
16 27
17 8
17 41
18 18
18 23
19 34
19 39
20 33
20 40
21 1
21 8
22 2
22 7
23 18
23 23
24 0
24 33
25 14
25 32
26 40
26 41
27 25
27 28
28 14
28 37
29 31
29 39
30 3
30 36
31 3
31 12
32 6
32 16
33 17
33 21
34 4
34 22
35 5
35 32
36 11
36 35
37 13
37 34
38 30
38 31
39 12
39 22
40 15
40 21
41 15
41 24

# solution 500
# n=42 sym=rot4 status=verified source=flammenkamp_cache/n42_rot4
# code=o6ILTFWNYRZCU4f3FKM2HDR5P1aPV4AYdBDJW3f8O1X8eHX0c9MSU27VbAG5eGaESOdJLQc0bBT6E7I9QCKNZ
0 6
0 18
1 21
1 29
2 15
2 32
3 23
3 34
4 27
4 35
5 12
5 30
6 4
6 41
7 3
7 15
8 20
8 22
9 2
9 17
10 13
10 27
11 5
11 25
12 1
12 36
13 25
13 31
14 4
14 10
15 34
15 39
16 11
16 13
17 19
17 32
18 3
18 41
19 8
19 24
20 1
20 33
21 8
21 40
22 17
22 33
23 0
23 38
24 9
24 22
25 28
25 30
26 2
26 7
27 31
27 37
28 10
28 16
29 5
29 40
30 16
30 36
31 14
31 28
32 24
32 39
33 19
33 21
34 26
34 38
35 0
35 37
36 11
36 29
37 6
37 14
38 7
38 18
39 9
39 26
40 12
40 20
41 23
41 35

# solution 501
# n=42 sym=rot4 status=verified source=flammenkamp_cache/n42_rot4
# code=oFPLO59STOa4d7BBZKMFdMSYZ3R3ACGWf0R14IN8A1X8eVXINbeEf09PTVcEc67DJ2QJL6UUY2b5HCDWaHKGQ
0 15
0 25
1 21
1 24
2 5
2 9
3 28
3 29
4 24
4 36
5 4
5 39
6 7
6 11
7 11
7 35
8 20
8 22
9 15
9 39
10 22
10 28
11 34
11 35
12 3
12 27
13 3
13 10
14 12
14 16
15 32
15 41
16 0
16 27
17 1
17 4
18 18
18 23
19 8
19 10
20 1
20 33
21 8
21 40
22 31
22 33
23 18
23 23
24 37
24 40
25 14
25 41
26 0
26 9
27 25
27 29
28 31
28 38
29 14
29 38
30 6
30 7
31 13
31 19
32 2
32 26
33 19
33 21
34 6
34 30
35 30
35 34
36 2
36 37
37 5
37 17
38 12
38 13
39 32
39 36
40 17
40 20
41 16
41 26

# solution 502
# n=42 sym=rot4 status=verified source=flammenkamp_cache/n42_rot4
# code=oFOJLUW3cAYADHN4TJK2Uab297GEaNSGfQT0Z6EXe1X8e18RZ6fCF0PDI5RPYWd45BdLMCbIOSV7V3c9BKMHQ
0 15
0 24
1 19
1 21
2 30
2 32
3 3
3 38
4 10
4 34
5 10
5 13
6 17
6 23
7 4
7 29
8 19
8 20
9 2
9 30
10 36
10 37
11 2
11 9
12 7
12 16
13 14
13 36
14 23
14 28
15 16
15 41
16 26
16 29
17 0
17 35
18 6
18 14
19 33
19 40
20 1
20 33
21 8
21 40
22 1
22 8
23 27
23 35
24 6
24 41
25 12
25 15
26 0
26 25
27 13
27 18
28 5
28 27
29 25
29 34
30 32
30 39
31 4
31 5
32 11
32 39
33 21
33 22
34 12
34 37
35 18
35 24
36 28
36 31
37 7
37 31
38 3
38 38
39 9
39 11
40 20
40 22
41 17
41 26

# solution 503
# n=42 sym=rot4 status=verified source=flammenkamp_cache/n42_rot4
# code=oJK9OFPVb3I6CAaOTKNRe3ZEQ7aGJ9UBd2S178bSfXf080D4XYeDd2UBWMP5YFR6c1EILCH5VTZNc4AGQHWLM
0 19
0 20
1 9
1 24
2 15
2 25
3 31
3 37
4 3
4 18
5 6
5 12
6 10
6 36
7 24
7 29
8 20
8 23
9 27
9 40
10 3
10 35
11 14
11 26
12 7
12 36
13 16
13 19
14 9
14 30
15 11
15 39
16 2
16 28
17 1
17 7
18 8
18 37
19 28
19 41
20 33
20 41
21 0
21 8
22 0
22 13
23 4
23 33
24 34
24 40
25 13
25 39
26 2
26 30
27 11
27 32
28 22
28 25
29 5
29 34
30 15
30 27
31 6
31 38
32 1
32 14
33 18
33 21
34 12
34 17
35 5
35 31
36 29
36 35
37 23
37 38
38 4
38 10
39 16
39 26
40 17
40 32
41 21
41 22

# solution 504
# n=42 sym=rot4 status=verified source=flammenkamp_cache/n42_rot4
# code=oJLOWCWAN6DORXbIU6L12Sc7PQdAb5MCGBQ153YEf08Xf0R7caeFUPTJa4V2FGY3DdeKZBN48EHSZIV9T9HKM
0 19
0 21
1 24
1 32
2 12
2 32
3 10
3 23
4 6
4 13
5 24
5 27
6 33
6 37
7 18
7 30
8 6
8 21
9 1
9 2
10 28
10 38
11 7
11 25
12 26
12 39
13 10
13 37
14 5
14 22
15 12
15 16
16 11
16 26
17 1
17 5
18 3
18 34
19 14
19 41
20 0
20 8
21 33
21 41
22 0
22 27
23 7
23 38
24 36
24 40
25 15
25 30
26 25
26 29
27 19
27 36
28 4
28 31
29 2
29 15
30 16
30 34
31 3
31 13
32 39
32 40
33 20
33 35
34 11
34 23
35 4
35 8
36 14
36 17
37 28
37 35
38 18
38 31
39 9
39 29
40 9
40 17
41 20
41 22

# solution 505
# n=42 sym=rot4 status=verified source=flammenkamp_cache/n42_rot4
# code=oKSPQIc2YFVEZ5T3HIK9W4TEJ6A0PUa1b1DJYXdOUXf08BH287MSe4e5BGfVZMRCb9WLNOcCa6RAQ7d3NFGDL
0 20
0 28
1 25
1 26
2 18
2 38
3 2
3 34
4 15
4 31
5 14
5 35
6 5
6 29
7 3
7 17
8 18
8 20
9 9
9 32
10 4
10 29
11 14
11 19
12 6
12 10
13 0
13 25
14 30
14 36
15 1
15 37
16 1
16 13
17 19
17 34
18 33
18 39
19 24
19 30
20 33
20 41
21 0
21 8
22 11
22 17
23 2
23 8
24 7
24 22
25 28
25 40
26 4
26 40
27 5
27 11
28 16
28 41
29 31
29 35
30 22
30 27
31 12
31 37
32 9
32 32
33 21
33 23
34 24
34 38
35 12
35 36
36 6
36 27
37 10
37 26
38 7
38 39
39 3
39 23
40 15
40 16
41 13
41 21

# solution 506
# n=42 sym=rot4 status=verified source=flammenkamp_cache/n42_rot4
# code=oLODH6BMTIVBP7d9ZLMEY4Dad3RVeCWGI5Q0eQb3808XfXc4F1fFaNP9T1AEc25Sb7RJK6W2YGUANCJUZOSHK
0 21
0 24
1 13
1 17
2 6
2 11
3 22
3 29
4 18
4 31
5 11
5 25
6 7
6 39
7 9
7 35
8 21
8 22
9 14
9 34
10 4
10 13
11 36
11 39
12 3
12 27
13 31
13 40
14 12
14 32
15 16
15 18
16 5
16 26
17 0
17 40
18 26
18 37
19 3
19 8
20 0
20 8
21 33
21 41
22 33
22 38
23 4
23 15
24 1
24 41
25 15
25 36
26 23
26 25
27 9
27 29
28 1
28 10
29 14
29 38
30 2
30 5
31 28
31 37
32 7
32 27
33 19
33 20
34 6
34 32
35 2
35 34
36 16
36 30
37 10
37 23
38 12
38 19
39 30
39 35
40 24
40 28
41 17
41 20

# solution 507
# n=42 sym=rot4 status=verified source=flammenkamp_cache/n42_rot4
# code=oBKHQHV7VMSTXCE9c5KQY23Gf5Z4IPZ19EUdeJS4NXf08IbDM12BRWe6GNb6a0Pcd7FLa3WRT8CDJAYAOFOLU
0 11
0 20
1 17
1 26
2 17
2 31
3 7
3 31
4 22
4 28
5 29
5 33
6 12
6 14
7 9
7 38
8 5
8 20
9 26
9 34
10 2
10 3
11 16
11 41
12 5
12 35
13 4
13 18
14 25
14 35
15 1
15 9
16 14
16 30
17 39
17 40
18 19
18 28
19 4
19 23
20 33
20 41
21 0
21 8
22 18
22 37
23 13
23 22
24 1
24 2
25 11
25 27
26 32
26 40
27 6
27 16
28 23
28 37
29 6
29 36
30 0
30 25
31 38
31 39
32 7
32 15
33 21
33 36
34 3
34 32
35 27
35 29
36 8
36 12
37 13
37 19
38 10
38 34
39 10
39 24
40 15
40 24
41 21
41 30

# solution 508
# n=42 sym=rot4 status=verified source=flammenkamp_cache/n42_rot4
# code=oLRAHMXCU6PYZ5b5H2LEGDe3QQcIV0WBC4WYeJS2N08XfIdDM179bTU9fAN3FFc1SPRKdOa4a67GZBT8JOVEK
0 21
0 27
1 10
1 17
2 22
2 33
3 12
3 30
4 6
4 25
5 34
5 35
6 5
6 37
7 5
7 17
8 2
8 21
9 14
9 16
10 13
10 40
11 3
11 26
12 26
12 38
13 18
13 31
14 0
14 32
15 11
15 12
16 4
16 32
17 34
17 40
18 19
18 28
19 2
19 23
20 0
20 8
21 33
21 41
22 18
22 39
23 13
23 22
24 1
24 7
25 9
25 37
26 29
26 30
27 9
27 41
28 10
28 23
29 3
29 15
30 15
30 38
31 1
31 28
32 25
32 27
33 20
33 39
34 24
34 36
35 4
35 36
36 6
36 7
37 16
37 35
38 11
38 29
39 8
39 19
40 24
40 31
41 14
41 20

# solution 509
# n=42 sym=rot4 status=verified source=flammenkamp_cache/n42_rot4
# code=oKXMP9SBM7R9G7VZb0Kad6THcAQ2R4DCH1aQUIN13Xf08ceINBF5eOTSbEdFV3OCZ25Lf46AYPWEYJUDWGJ8L
0 20
0 33
1 22
1 25
2 9
2 28
3 11
3 22
4 7
4 27
5 9
5 16
6 7
6 31
7 35
7 37
8 0
8 20
9 36
9 39
10 6
10 29
11 17
11 38
12 10
12 26
13 2
13 27
14 4
14 13
15 12
15 17
16 1
16 36
17 26
17 30
18 18
18 23
19 1
19 3
20 33
20 41
21 0
21 8
22 38
22 40
23 18
23 23
24 11
24 15
25 5
25 40
26 24
26 29
27 28
27 37
28 14
28 39
29 15
29 31
30 3
30 24
31 12
31 35
32 2
32 5
33 21
33 41
34 4
34 6
35 10
35 34
36 25
36 32
37 14
37 34
38 19
38 30
39 13
39 32
40 16
40 19
41 8
41 21

# solution 510
# n=42 sym=rot4 status=verified source=flammenkamp_cache/n42_rot4
# code=oKWJbHJEQ1ATYAG59LO0YZbCG5UEISc3IUZ8dQSde8f0X12DF2X6BNc3DNRBaPT467fHKWaPV7CVeFRMO4M9L
0 20
0 32
1 19
1 37
2 17
2 19
3 14
3 26
4 1
4 10
5 29
5 34
6 10
6 16
7 5
7 9
8 21
8 24
9 0
9 34
10 35
10 37
11 12
11 16
12 5
12 30
13 14
13 18
14 28
14 38
15 3
15 18
16 30
16 35
17 8
17 39
18 26
18 28
19 39
19 40
20 8
20 41
21 0
21 33
22 1
22 2
23 13
23 15
24 2
24 33
25 6
25 11
26 23
26 38
27 3
27 13
28 23
28 27
29 11
29 36
30 25
30 29
31 4
31 6
32 7
32 41
33 17
33 20
34 32
34 36
35 25
35 31
36 7
36 12
37 31
37 40
38 15
38 27
39 22
39 24
40 4
40 22
41 9
41 21

# solution 511
# n=42 sym=rot4 status=verified source=flammenkamp_cache/n42_rot4
# code=oIKFHSUGISY67Aa4aLRFGRZ2TBH248AWeWcTecfJM8f0XJM031C3919VXbdOUCd6EPQEK5b5VYZ7DNPBDOQLN
0 18
0 20
1 15
1 17
2 28
2 30
3 16
3 18
4 28
4 34
5 6
5 7
6 10
6 36
7 4
7 36
8 21
8 27
9 15
9 16
10 27
10 35
11 2
11 29
12 11
12 17
13 2
13 4
14 8
14 10
15 32
15 40
16 32
16 38
17 29
17 40
18 38
18 41
19 19
19 22
20 8
20 41
21 0
21 33
22 19
22 22
23 0
23 3
24 1
24 12
25 3
25 9
26 1
26 9
27 31
27 33
28 37
28 39
29 24
29 30
30 12
30 39
31 6
31 14
32 25
32 26
33 14
33 20
34 5
34 37
35 5
35 31
36 34
36 35
37 7
37 13
38 23
38 25
39 11
39 13
40 24
40 26
41 21
41 23

# solution 512
# n=42 sym=rot4 status=verified source=flammenkamp_cache/n42_rot4
# code=oIU5C9O9JPVEeLULVGQcd4706SeCFHa8S4X2RJfNc67YZ3I0MEd8bDX5OQT1DZfYb23FPAKBK1RAGMWHWTaBN
0 18
0 30
1 5
1 12
2 9
2 24
3 9
3 19
4 25
4 31
5 14
5 40
6 21
6 30
7 21
7 31
8 16
8 26
9 38
9 39
10 4
10 7
11 0
11 6
12 28
12 40
13 12
13 15
14 17
14 36
15 8
15 28
16 4
16 33
17 2
17 27
18 19
18 41
19 23
19 38
20 6
20 7
21 34
21 35
22 3
22 18
23 0
23 22
24 14
24 39
25 8
25 37
26 13
26 33
27 5
27 24
28 26
28 29
29 1
29 13
30 35
30 41
31 34
31 37
32 2
32 3
33 15
33 25
34 10
34 20
35 11
35 20
36 1
36 27
37 10
37 16
38 22
38 32
39 17
39 32
40 29
40 36
41 11
41 23

# solution 513
# n=42 sym=rot4 status=verified source=flammenkamp_cache/n42_rot4
# code=oJe0JBXRSEHCPKY6K2VHQ8CIdVa3P3b9I5DWbQUefYZ6701BF49SaNW4cGc5A2NTXFOAdLZ7LGTORDE8UMf1M
0 19
0 40
1 0
1 19
2 11
2 33
3 27
3 28
4 14
4 17
5 12
5 25
6 20
6 34
7 6
7 20
8 2
8 31
9 17
9 26
10 8
10 12
11 18
11 39
12 31
12 36
13 3
13 25
14 3
14 37
15 9
15 18
16 5
16 13
17 32
17 37
18 26
18 30
19 40
19 41
20 34
20 35
21 6
21 7
22 0
22 1
23 11
23 15
24 4
24 9
25 28
25 36
26 23
26 32
27 4
27 38
28 16
28 38
29 5
29 10
30 2
30 23
31 29
31 33
32 15
32 24
33 10
33 39
34 21
34 35
35 7
35 21
36 16
36 29
37 24
37 27
38 13
38 14
39 8
39 30
40 22
40 41
41 1
41 22

# solution 514
# n=42 sym=rot4 status=verified source=flammenkamp_cache/n42_rot4
# code=oBHJOEUDW9VPYIL5KQV3b482fDGTcJd8I5T1fQZRe6Y7Z1E6F0eCaNX2M3CPS0dXb4cAFLaKN7GAW9SBRHMOU
0 11
0 17
1 19
1 24
2 14
2 30
3 13
3 32
4 9
4 31
5 25
5 34
6 18
6 21
7 5
7 20
8 26
8 31
9 3
9 37
10 4
10 8
11 2
11 41
12 13
12 16
13 29
13 38
14 19
14 39
15 8
15 18
16 5
16 29
17 1
17 41
18 26
18 35
19 27
19 40
20 6
20 34
21 7
21 35
22 1
22 14
23 6
23 15
24 0
24 40
25 12
25 36
26 23
26 33
27 2
27 22
28 3
28 12
29 25
29 28
30 0
30 39
31 33
31 37
32 4
32 38
33 10
33 15
34 21
34 36
35 20
35 23
36 7
36 16
37 10
37 32
38 9
38 28
39 11
39 27
40 17
40 22
41 24
41 30

# solution 515
# n=42 sym=rot4 status=verified source=flammenkamp_cache/n42_rot4
# code=oHUGMJc2UCW5aCKILAR4GDX03ZbNV8FHRWeQfDY1d7Z6Y2e7S0F19EOQXAI46cf8SPbEVKNLT5a9TBd3MJPBO
0 17
0 30
1 16
1 22
2 19
2 38
3 2
3 30
4 12
4 32
5 5
5 36
6 12
6 20
7 18
7 21
8 10
8 27
9 4
9 16
10 13
10 33
11 0
11 3
12 35
12 37
13 23
13 31
14 8
14 15
15 17
15 27
16 32
16 40
17 26
17 41
18 13
18 34
19 1
19 39
20 7
20 35
21 6
21 34
22 2
22 40
23 7
23 28
24 0
24 15
25 1
25 9
26 14
26 24
27 26
27 33
28 10
28 18
29 4
29 6
30 38
30 41
31 8
31 28
32 25
32 37
33 14
33 31
34 20
34 23
35 21
35 29
36 5
36 36
37 9
37 29
38 11
38 39
39 3
39 22
40 19
40 25
41 11
41 24

# solution 516
# n=42 sym=rot4 status=verified source=flammenkamp_cache/n42_rot4
# code=oBGDMHV5QTXKc9PKX47FZ2ETf4BJeHV3W6fRdIN1SYa57DeIN2E0Z9cAO1MUb0CRd6QYb8LGW3L8CFaAOJSPU
0 11
0 16
1 13
1 22
2 17
2 31
3 5
3 26
4 29
4 33
5 20
5 38
6 9
6 25
7 20
7 33
8 4
8 7
9 15
9 35
10 2
10 14
11 29
11 41
12 4
12 11
13 19
13 40
14 17
14 31
15 3
15 32
16 6
16 41
17 27
17 39
18 18
18 23
19 1
19 28
20 34
20 36
21 5
21 7
22 13
22 40
23 18
23 23
24 2
24 14
25 0
25 35
26 9
26 38
27 10
27 24
28 1
28 22
29 30
29 37
30 0
30 12
31 27
31 39
32 6
32 26
33 34
33 37
34 8
34 21
35 16
35 32
36 3
36 21
37 8
37 12
38 15
38 36
39 10
39 24
40 19
40 28
41 25
41 30

# solution 517
# n=42 sym=rot4 status=verified source=flammenkamp_cache/n42_rot4
# code=oGUGN9E7A9XKQCRKc4JbdNc0SHZBM6d5HefQT1ADXYa578SVeCF01Oa2ZJU6ODf3I24Mb3LETFL8WVYRWIPBP
0 16
0 30
1 16
1 23
2 9
2 14
3 7
3 10
4 9
4 33
5 20
5 26
6 12
6 27
7 20
7 38
8 4
8 19
9 37
9 39
10 23
10 38
11 0
11 28
12 17
12 35
13 11
13 22
14 6
14 39
15 5
15 17
16 40
16 41
17 26
17 29
18 1
18 10
19 13
19 33
20 34
20 36
21 5
21 7
22 8
22 28
23 31
23 40
24 12
24 15
25 0
25 1
26 24
26 36
27 2
27 35
28 19
28 30
29 6
29 24
30 13
30 41
31 3
31 18
32 2
32 4
33 22
33 37
34 3
34 21
35 14
35 29
36 15
36 21
37 8
37 32
38 31
38 34
39 27
39 32
40 18
40 25
41 11
41 25

# solution 518
# n=42 sym=rot4 status=verified source=flammenkamp_cache/n42_rot4
# code=oGUGN9E7AWXKQCRKc4J4dNc0SHZBM6d5HefQT1ADXYa578SVeCF01Oa2ZJU6ODf3I2bMb3LETFL89VYRWIPBP
0 16
0 30
1 16
1 23
2 9
2 14
3 7
3 10
4 32
4 33
5 20
5 26
6 12
6 27
7 20
7 38
8 4
8 19
9 4
9 39
10 23
10 38
11 0
11 28
12 17
12 35
13 11
13 22
14 6
14 39
15 5
15 17
16 40
16 41
17 26
17 29
18 1
18 10
19 13
19 33
20 34
20 36
21 5
21 7
22 8
22 28
23 31
23 40
24 12
24 15
25 0
25 1
26 24
26 36
27 2
27 35
28 19
28 30
29 6
29 24
30 13
30 41
31 3
31 18
32 2
32 37
33 22
33 37
34 3
34 21
35 14
35 29
36 15
36 21
37 8
37 9
38 31
38 34
39 27
39 32
40 18
40 25
41 11
41 25

# solution 519
# n=42 sym=rot4 status=verified source=flammenkamp_cache/n42_rot4
# code=oGJJVOS3cPR7KACKaQW8C1ZHNWZ2R4D8I4f2UBQefYa5701FUBd0bNXSbEd69IO6eTX9F5LTVLYEG3cDHAMMP
0 16
0 19
1 19
1 31
2 24
2 28
3 3
3 38
4 25
4 27
5 7
5 20
6 10
6 12
7 20
7 36
8 26
8 32
9 8
9 12
10 1
10 35
11 17
11 23
12 32
12 35
13 2
13 27
14 4
14 13
15 8
15 18
16 4
16 41
17 2
17 30
18 11
18 26
19 40
19 41
20 34
20 36
21 5
21 7
22 0
22 1
23 15
23 30
24 11
24 39
25 0
25 37
26 23
26 33
27 28
27 37
28 14
28 39
29 6
29 9
30 18
30 24
31 6
31 40
32 29
32 33
33 9
33 15
34 5
34 21
35 29
35 31
36 21
36 34
37 14
37 16
38 3
38 38
39 13
39 17
40 10
40 22
41 22
41 25

# solution 520
# n=42 sym=rot4 status=verified source=flammenkamp_cache/n42_rot4
# code=oMNIJRS9U8D8LFUKOabHcCQ36PV2b2GAZCR7W0e0e5Y7a1f1f9YET6VPd4dAGZcFT3O45HLBQKXSXBWDEMNIJ
0 22
0 23
1 18
1 19
2 27
2 28
3 9
3 30
4 8
4 13
5 8
5 21
6 15
6 30
7 20
7 24
8 36
8 37
9 17
9 38
10 12
10 26
11 3
11 6
12 25
12 31
13 2
13 37
14 2
14 16
15 10
15 35
16 12
16 27
17 7
17 32
18 0
18 40
19 0
19 40
20 5
20 34
21 7
21 36
22 1
22 41
23 1
23 41
24 9
24 34
25 14
25 29
26 6
26 31
27 25
27 39
28 4
28 39
29 10
29 16
30 35
30 38
31 15
31 29
32 3
32 24
33 4
33 5
34 17
34 21
35 11
35 26
36 20
36 33
37 28
37 33
38 11
38 32
39 13
39 14
40 22
40 23
41 18
41 19

# solution 521
# n=42 sym=rot4 status=verified source=flammenkamp_cache/n42_rot4
# code=oBXGYCQ3cLMGHRS1L0AASWXNfQd696H2CaeRaBJ4N47YbIbMU5E15TdOZWZ2F0I89DVVfKeDEOPJK3cFT7P8U
0 11
0 33
1 16
1 34
2 12
2 26
3 3
3 38
4 21
4 22
5 16
5 17
6 27
6 28
7 1
7 21
8 0
8 10
9 10
9 28
10 32
10 33
11 23
11 41
12 26
12 39
13 6
13 9
14 6
14 17
15 2
15 12
16 36
16 40
17 27
17 36
18 11
18 19
19 4
19 23
20 4
20 7
21 34
21 37
22 18
22 37
23 22
23 30
24 5
24 14
25 1
25 5
26 29
26 39
27 24
27 35
28 32
28 35
29 2
29 15
30 0
30 18
31 8
31 9
32 13
32 31
33 31
33 41
34 20
34 40
35 13
35 14
36 24
36 25
37 19
37 20
38 3
38 38
39 15
39 29
40 7
40 25
41 8
41 30

# solution 522
# n=42 sym=rot4 status=verified source=flammenkamp_cache/n42_rot4
# code=oAWDGQUFILWGS8HCLEZ04Tf2EAY5eUX2caeIZOcJM47YbJM3H6N153d8B1a7VRd0Cbf6RKTOXDP9KNQBFPS9V
0 10
0 32
1 13
1 16
2 26
2 30
3 15
3 18
4 21
4 32
5 16
5 28
6 8
6 17
7 12
7 21
8 14
8 35
9 0
9 4
10 29
10 41
11 2
11 14
12 10
12 34
13 5
13 40
14 30
14 33
15 2
15 38
16 36
16 40
17 18
17 35
18 24
18 38
19 19
19 22
20 4
20 7
21 34
21 37
22 19
22 22
23 3
23 17
24 6
24 23
25 1
25 5
26 3
26 39
27 8
27 11
28 1
28 36
29 7
29 31
30 27
30 39
31 0
31 12
32 37
32 41
33 6
33 27
34 20
34 29
35 24
35 33
36 13
36 25
37 9
37 20
38 23
38 26
39 11
39 15
40 25
40 28
41 9
41 31

# solution 523
# n=42 sym=rot4 status=verified source=flammenkamp_cache/n42_rot4
# code=oGNCS5HVWJKOd8VEKTZ3F36BU8e1IJYGWQf5d0SRbYb474EDf2a0F9P7MNe1XBUZcQc6CLRAX2HLM9AOaDTIP
0 16
0 23
1 12
1 28
2 5
2 17
3 31
3 32
4 19
4 20
5 24
5 39
6 8
6 31
7 14
7 20
8 29
8 35
9 3
9 15
10 3
10 6
11 11
11 30
12 8
12 40
13 1
13 18
14 19
14 34
15 16
15 32
16 26
16 41
17 5
17 39
18 0
18 28
19 27
19 37
20 34
20 37
21 4
21 7
22 4
22 14
23 13
23 41
24 2
24 36
25 0
25 15
26 9
26 25
27 7
27 22
28 23
28 40
29 1
29 33
30 11
30 30
31 35
31 38
32 26
32 38
33 6
33 12
34 21
34 27
35 10
35 33
36 2
36 17
37 21
37 22
38 9
38 10
39 24
39 36
40 13
40 29
41 18
41 25

# solution 524
# n=42 sym=rot4 status=verified source=flammenkamp_cache/n42_rot4
# code=oFUMO3SGdKN9B6ZAKRW8aDY0aEO2V8TMfIc1C4P1FYb47QeGbTe3N0JCXAdHR5f7S5X9ELV6ZUWIL2PDcHJBQ
0 15
0 30
1 22
1 24
2 3
2 28
3 16
3 39
4 20
4 23
5 9
5 11
6 6
6 35
7 10
7 20
8 27
8 32
9 8
9 36
10 13
10 34
11 0
11 36
12 14
12 24
13 2
13 31
14 8
14 29
15 22
15 41
16 18
16 38
17 1
17 12
18 4
18 25
19 1
19 15
20 34
20 37
21 4
21 7
22 26
22 40
23 16
23 37
24 29
24 40
25 3
25 23
26 0
26 19
27 12
27 33
28 10
28 39
29 17
29 27
30 5
30 41
31 7
31 28
32 5
32 33
33 9
33 14
34 21
34 31
35 6
35 35
36 30
36 32
37 18
37 21
38 2
38 25
39 13
39 38
40 17
40 19
41 11
41 26

# solution 525
# n=42 sym=rot4 status=verified source=flammenkamp_cache/n42_rot4
# code=oNOMVCE8EKP9SFY6KBcJa1BVXFd5OcdTZ4I0D0P1WYb479eGfSfNb6C23Ha2Q8AUe5M3ULZ7QDWGLRXRTAJHI
0 23
0 24
1 22
1 31
2 12
2 14
3 8
3 14
4 20
4 25
5 9
5 28
6 15
6 34
7 6
7 20
8 11
8 38
9 19
9 36
10 1
10 11
11 31
11 33
12 15
12 39
13 5
13 24
14 38
14 39
15 29
15 35
16 4
16 18
17 0
17 13
18 0
18 25
19 1
19 32
20 34
20 37
21 4
21 7
22 9
22 40
23 16
23 41
24 28
24 41
25 23
25 37
26 6
26 12
27 2
27 3
28 17
28 36
29 2
29 26
30 8
30 10
31 30
31 40
32 5
32 22
33 3
33 30
34 21
34 35
35 7
35 26
36 13
36 32
37 16
37 21
38 27
38 33
39 27
39 29
40 10
40 19
41 17
41 18

# solution 526
# n=42 sym=rot4 status=verified source=flammenkamp_cache/n42_rot4
# code=oIODPDR8C9LRW7GKZVc5b8COQVcde25BI1Z0BQfJM4Y7bJM0FUf6eNUad123AFHTX4a3A6LPY9EKWTXESGSHN
0 18
0 24
1 13
1 25
2 13
2 27
3 8
3 12
4 9
4 21
5 27
5 32
6 7
6 16
7 20
7 35
8 31
8 38
9 5
9 37
10 8
10 12
11 24
11 26
12 31
12 38
13 39
13 40
14 2
14 5
15 11
15 18
16 1
16 35
17 0
17 11
18 26
18 41
19 19
19 22
20 4
20 34
21 7
21 37
22 19
22 22
23 0
23 15
24 30
24 41
25 6
25 40
26 23
26 30
27 36
27 39
28 1
28 2
29 3
29 10
30 15
30 17
31 29
31 33
32 4
32 36
33 3
33 10
34 6
34 21
35 25
35 34
36 9
36 14
37 20
37 32
38 29
38 33
39 14
39 28
40 16
40 28
41 17
41 23

# solution 527
# n=42 sym=rot4 status=verified source=flammenkamp_cache/n42_rot4
# code=oJSCPCS69JL7V8cKaGZNc5FBUde02FHRV1XIR9Obf4Y7b04HWEN8eAEOQdf12BUQa3I6P5L3XAYKMWZDTGTDM
0 19
0 28
1 12
1 25
2 12
2 28
3 6
3 9
4 19
4 21
5 7
5 31
6 8
6 38
7 20
7 36
8 16
8 35
9 23
9 38
10 5
10 15
11 11
11 30
12 39
12 40
13 0
13 2
14 15
14 17
15 27
15 31
16 1
16 33
17 18
17 27
18 9
18 24
19 37
19 41
20 4
20 34
21 7
21 37
22 0
22 4
23 17
23 32
24 14
24 23
25 8
25 40
26 10
26 14
27 24
27 26
28 39
28 41
29 1
29 2
30 11
30 30
31 26
31 36
32 3
32 18
33 6
33 25
34 5
34 21
35 3
35 33
36 10
36 34
37 20
37 22
38 32
38 35
39 13
39 29
40 16
40 29
41 13
41 22

# solution 528
# n=42 sym=rot4 status=verified source=flammenkamp_cache/n42_rot4
# code=oCPNPSV8KAF68WaKUac6O2b7NDf2TERMb019J1BFOYc37HQUeMWef4JERCd0SIY4dHZ35BL59XZQVLXADGIGT
0 12
0 25
1 23
1 25
2 28
2 31
3 8
3 20
4 10
4 15
5 6
5 8
6 32
6 36
7 20
7 30
8 36
8 38
9 6
9 24
10 2
10 37
11 7
11 23
12 13
12 41
13 2
13 29
14 14
14 27
15 22
15 37
16 0
16 1
17 9
17 19
18 1
18 11
19 15
19 24
20 34
20 38
21 3
21 7
22 17
22 26
23 30
23 40
24 22
24 32
25 40
25 41
26 4
26 19
27 14
27 27
28 12
28 39
29 0
29 28
30 18
30 34
31 4
31 39
32 17
32 35
33 3
33 5
34 11
34 21
35 5
35 9
36 33
36 35
37 26
37 31
38 21
38 33
39 10
39 13
40 16
40 18
41 16
41 29

# solution 529
# n=42 sym=rot4 status=verified source=flammenkamp_cache/n42_rot4
# code=oNYBGGLIWASXZ5A0L5H3CZbSeHW4BMQEJdeTX0cEQ27YdFR3f8C12MRFJUb9O1D46TcOaKfVa68DV9NKPPU7I
0 23
0 34
1 11
1 16
2 16
2 21
3 18
3 32
4 10
4 28
5 33
5 35
6 5
6 10
7 0
7 21
8 5
8 17
9 3
9 12
10 35
10 37
11 28
11 40
12 17
12 32
13 4
13 11
14 22
14 26
15 14
15 19
16 39
16 40
17 29
17 33
18 0
18 38
19 14
19 26
20 2
20 7
21 34
21 39
22 15
22 27
23 3
23 41
24 8
24 12
25 1
25 2
26 22
26 27
27 15
27 19
28 30
28 37
29 9
29 24
30 1
30 13
31 4
31 6
32 29
32 38
33 24
33 36
34 20
34 41
35 31
35 36
36 6
36 8
37 13
37 31
38 9
38 23
39 20
39 25
40 25
40 30
41 7
41 18

# solution 530
# n=42 sym=rot4 status=verified source=flammenkamp_cache/n42_rot4
# code=oUbDIJLWY0G6P8a3KIZ3HAV0RFSCeBMHT5bQWXeEd2Y7d2R189F4aCOJU1TDQEfAVOc6NLc5XGZPf79KMNS4B
0 30
0 37
1 13
1 18
2 19
2 21
3 32
3 34
4 0
4 16
5 6
5 25
6 8
6 36
7 3
7 20
8 18
8 35
9 3
9 17
10 10
10 31
11 0
11 27
12 15
12 28
13 12
13 40
14 11
14 22
15 17
15 29
16 5
16 37
17 26
17 32
18 33
18 40
19 14
19 39
20 2
20 34
21 7
21 39
22 2
22 27
23 1
23 8
24 9
24 15
25 4
25 36
26 12
26 24
27 19
27 30
28 1
28 29
29 13
29 26
30 14
30 41
31 10
31 31
32 24
32 38
33 6
33 23
34 21
34 38
35 5
35 33
36 16
36 35
37 25
37 41
38 7
38 9
39 20
39 22
40 23
40 28
41 4
41 11

# solution 531
# n=42 sym=rot4 status=verified source=flammenkamp_cache/n42_rot4
# code=oMQ8cJK1BPR8N9FLNaeUZEG9cOSCH4V0Z4VCS570d7d2Y2fYaDTAb6fAbOTDH3WPR6B15IKQWIXEGUeLM3XFJ
0 22
0 26
1 8
1 38
2 19
2 20
3 1
3 11
4 25
4 27
5 8
5 23
6 9
6 15
7 21
7 23
8 36
8 40
9 30
9 35
10 14
10 16
11 9
11 38
12 24
12 28
13 12
13 17
14 4
14 31
15 0
15 35
16 4
16 31
17 12
17 28
18 5
18 7
19 0
19 39
20 7
20 39
21 2
21 34
22 2
22 41
23 34
23 36
24 13
24 29
25 10
25 37
26 6
26 41
27 10
27 37
28 24
28 29
29 13
29 17
30 3
30 32
31 25
31 27
32 6
32 11
33 1
33 5
34 18
34 20
35 26
35 32
36 18
36 33
37 14
37 16
38 30
38 40
39 21
39 22
40 3
40 33
41 15
41 19

# solution 532
# n=42 sym=rot4 status=verified source=flammenkamp_cache/n42_rot4
# code=oAUOcDK1AOT6EUaJLPTPQcf0648JdFa9R8914INSY7d2Y7DINbeWXEW5Q2MXbZf03FGCGKM5BRZCHVeLS3HBV
0 10
0 30
1 24
1 38
2 13
2 20
3 1
3 10
4 24
4 29
5 6
5 14
6 30
6 36
7 19
7 21
8 25
8 29
9 25
9 26
10 38
10 41
11 0
11 6
12 4
12 8
13 19
13 39
14 15
14 36
15 9
15 27
16 8
16 9
17 1
17 4
18 18
18 23
19 28
19 34
20 7
20 39
21 2
21 34
22 7
22 13
23 18
23 23
24 37
24 40
25 32
25 33
26 14
26 32
27 5
27 26
28 2
28 22
29 33
29 37
30 35
30 41
31 0
31 3
32 15
32 16
33 12
33 16
34 20
34 22
35 5
35 11
36 27
36 35
37 12
37 17
38 31
38 40
39 21
39 28
40 3
40 17
41 11
41 31

# solution 533
# n=42 sym=rot4 status=verified source=flammenkamp_cache/n42_rot4
# code=oBGJLTXOWCW7Z5DLa2F34JREf2bFZAUSXHf3PINVe17Ye1AINGc0O8DBV6Q4d0REMbcQd5KSa6Y9T9H8CKMPU
0 11
0 16
1 19
1 21
2 29
2 33
3 24
3 32
4 12
4 32
5 7
5 35
6 5
6 13
7 21
7 36
8 2
8 15
9 3
9 4
10 19
10 27
11 14
11 41
12 2
12 37
13 15
13 35
14 10
14 30
15 28
15 33
16 17
16 41
17 3
17 25
18 18
18 23
19 31
19 40
20 1
20 7
21 34
21 40
22 1
22 10
23 18
23 23
24 16
24 38
25 0
25 24
26 8
26 13
27 11
27 31
28 6
28 26
29 4
29 39
30 0
30 27
31 14
31 22
32 37
32 38
33 26
33 39
34 5
34 20
35 28
35 36
36 6
36 34
37 9
37 29
38 9
38 17
39 8
39 12
40 20
40 22
41 25
41 30

# solution 534
# n=42 sym=rot4 status=verified source=flammenkamp_cache/n42_rot4
# code=oCJFKVZPSBD6V2aJKOTFR25Eb8f3b9UWe3I8IOPYfYe1707GHNXNc19BW4c0X4RadEQCHLM5dAZSUDG6ALQMT
0 12
0 19
1 15
1 20
2 31
2 35
3 25
3 28
4 11
4 13
5 6
5 31
6 2
6 36
7 19
7 20
8 24
8 29
9 15
9 27
10 2
10 5
11 14
11 37
12 8
12 41
13 3
13 37
14 9
14 30
15 32
15 40
16 3
16 18
17 8
17 18
18 24
18 25
19 34
19 41
20 34
20 40
21 1
21 7
22 0
22 7
23 16
23 17
24 23
24 33
25 23
25 38
26 1
26 9
27 11
27 32
28 4
28 38
29 0
29 33
30 4
30 27
31 36
31 39
32 14
32 26
33 12
33 17
34 21
34 22
35 5
35 39
36 10
36 35
37 28
37 30
38 13
38 16
39 6
39 10
40 21
40 26
41 22
41 29

# solution 535
# n=42 sym=rot4 status=verified source=flammenkamp_cache/n42_rot4
# code=oEGKMBVEVUXDF9PKM49XZ234dNOFacfSa6fCICO17Ye17YeHTNT0Z5D035QHI2bcd68WbJLGWQS8BARAUJLPR
0 14
0 16
1 20
1 22
2 11
2 31
3 14
3 31
4 30
4 33
5 13
5 15
6 9
6 25
7 20
7 22
8 4
8 9
9 33
9 35
10 2
10 3
11 4
11 39
12 23
12 24
13 15
13 36
14 38
14 41
15 28
15 36
16 6
16 41
17 12
17 18
18 12
18 24
19 1
19 7
20 34
20 40
21 1
21 7
22 34
22 40
23 17
23 29
24 23
24 29
25 0
25 35
26 5
26 13
27 0
27 3
28 5
28 26
29 17
29 18
30 2
30 37
31 38
31 39
32 6
32 8
33 32
33 37
34 19
34 21
35 16
35 32
36 26
36 28
37 8
37 11
38 10
38 27
39 10
39 30
40 19
40 21
41 25
41 27

# solution 536
# n=42 sym=rot4 status=verified source=flammenkamp_cache/n42_rot4
# code=o8OLMRSGV8IRSAUJLbfPQ3Z6CIU25259H9c0QTb1Y17Ye7e4CFf3WOWadadBNTZ6cFG04KMBVDENXAPDEJKHX
0 8
0 24
1 21
1 22
2 27
2 28
3 16
3 31
4 8
4 18
5 27
5 28
6 10
6 30
7 19
7 21
8 37
8 41
9 25
9 26
10 3
10 35
11 6
11 12
12 18
12 30
13 2
13 5
14 2
14 5
15 9
15 17
16 9
16 38
17 0
17 26
18 29
18 37
19 1
19 34
20 1
20 7
21 34
21 40
22 7
22 40
23 4
23 12
24 15
24 41
25 3
25 32
26 24
26 32
27 36
27 39
28 36
28 39
29 11
29 23
30 29
30 35
31 6
31 38
32 15
32 16
33 0
33 4
34 20
34 22
35 11
35 31
36 13
36 14
37 23
37 33
38 10
38 25
39 13
39 14
40 19
40 20
41 17
41 33

# solution 537
# n=42 sym=rot4 status=verified source=flammenkamp_cache/n42_rot4
# code=oCIKZJaQXBD2Q19KS3W8ZGIJbRf7bCG35RVHOVfUdYe172B0AHOAEacPT4Y0E4MNP6X9cDLWeFdSU8F5M6LNT
0 12
0 18
1 20
1 35
2 19
2 36
3 26
3 33
4 11
4 13
5 2
5 26
6 1
6 9
7 20
7 28
8 3
8 32
9 8
9 35
10 16
10 18
11 19
11 37
12 27
12 41
13 7
13 37
14 12
14 16
15 3
15 5
16 27
16 31
17 17
17 24
18 31
18 41
19 30
19 39
20 34
20 40
21 1
21 7
22 2
22 11
23 0
23 10
24 17
24 24
25 10
25 14
26 36
26 38
27 25
27 29
28 4
28 34
29 0
29 14
30 4
30 22
31 23
31 25
32 6
32 33
33 9
33 38
34 13
34 21
35 32
35 40
36 15
36 39
37 28
37 30
38 8
38 15
39 5
39 22
40 6
40 21
41 23
41 29

# solution 538
# n=42 sym=rot4 status=verified source=flammenkamp_cache/n42_rot4
# code=oFJKSCUPV68CSWbBLHb6F3P2Yad15HJWf3ARXINRf7e1Y0EIN8EVc09MOae257dGcQZ4OKU49DTXZAGBTDLMQ
0 15
0 19
1 20
1 28
2 12
2 30
3 25
3 31
4 6
4 8
5 12
5 28
6 32
6 37
7 11
7 21
8 17
8 37
9 6
9 15
10 3
10 25
11 2
11 34
12 36
12 39
13 1
13 5
14 17
14 19
15 32
15 41
16 3
16 10
17 27
17 33
18 18
18 23
19 27
19 41
20 7
20 40
21 1
21 34
22 0
22 14
23 18
23 23
24 8
24 14
25 31
25 38
26 0
26 9
27 22
27 24
28 36
28 40
29 2
29 5
30 7
30 39
31 16
31 38
32 26
32 35
33 4
33 24
34 20
34 30
35 4
35 9
36 13
36 29
37 33
37 35
38 10
38 16
39 11
39 29
40 13
40 21
41 22
41 26

# solution 539
# n=42 sym=rot4 status=verified source=flammenkamp_cache/n42_rot4
# code=oGOLS4EUW8dEVBJGKQb3V593ZJN1Had8IYf0SCQTZ1Y7e6CFTDf07NX25OeIM6cWaAc4FLPMUAR2X9BRbDKHP
0 16
0 24
1 21
1 28
2 4
2 14
3 30
3 32
4 8
4 39
5 14
5 31
6 11
6 19
7 16
7 20
8 26
8 37
9 3
9 31
10 5
10 9
11 3
11 35
12 19
12 23
13 1
13 17
14 36
14 39
15 8
15 18
16 34
16 41
17 0
17 28
18 12
18 26
19 29
19 35
20 1
20 34
21 7
21 40
22 6
22 12
23 15
23 29
24 13
24 41
25 0
25 7
26 23
26 33
27 2
27 5
28 24
28 40
29 18
29 22
30 6
30 38
31 32
31 36
32 10
32 38
33 4
33 15
34 21
34 25
35 22
35 30
36 10
36 27
37 2
37 33
38 9
38 11
39 27
39 37
40 13
40 20
41 17
41 25

# solution 540
# n=42 sym=rot4 status=verified source=flammenkamp_cache/n42_rot4
# code=oGOLS4EUW8dEVBJKPQb3V593ZJN1Had8I7f0SCQTZ1Y7e6CFTDf0YNX25OeIM6cWaAc4FGLMUAR2X9BRbDKHP
0 16
0 24
1 21
1 28
2 4
2 14
3 30
3 32
4 8
4 39
5 14
5 31
6 11
6 19
7 20
7 25
8 26
8 37
9 3
9 31
10 5
10 9
11 3
11 35
12 19
12 23
13 1
13 17
14 36
14 39
15 8
15 18
16 7
16 41
17 0
17 28
18 12
18 26
19 29
19 35
20 1
20 34
21 7
21 40
22 6
22 12
23 15
23 29
24 13
24 41
25 0
25 34
26 23
26 33
27 2
27 5
28 24
28 40
29 18
29 22
30 6
30 38
31 32
31 36
32 10
32 38
33 4
33 15
34 16
34 21
35 22
35 30
36 10
36 27
37 2
37 33
38 9
38 11
39 27
39 37
40 13
40 20
41 17
41 25

# solution 541
# n=42 sym=rot4 status=verified source=flammenkamp_cache/n42_rot4
# code=oHUGK9RFU8CGQMY6LVbNd8E03JbDS2V5caeIf9O6T7e1YCZHW0N153aAdDS4McfRX2I4AKZ7JFPTXBQEWLPBO
0 17
0 30
1 16
1 20
2 9
2 27
3 15
3 30
4 8
4 12
5 16
5 26
6 22
6 34
7 6
7 21
8 31
8 37
9 23
9 39
10 8
10 14
11 0
11 3
12 19
12 37
13 13
13 28
14 2
14 31
15 5
15 38
16 36
16 40
17 18
17 41
18 9
18 24
19 6
19 29
20 7
20 40
21 1
21 34
22 12
22 35
23 17
23 32
24 0
24 23
25 1
25 5
26 3
26 36
27 10
27 39
28 13
28 28
29 4
29 22
30 38
30 41
31 27
31 33
32 2
32 18
33 4
33 10
34 20
34 35
35 7
35 19
36 15
36 25
37 29
37 33
38 11
38 26
39 14
39 32
40 21
40 25
41 11
41 24

# solution 542
# n=42 sym=rot4 status=verified source=flammenkamp_cache/n42_rot4
# code=oFOKUTZAJSWBW2HGLJS45Ic1a2R48CFRfIY0ZPVXc7e1Y38AG6f7N0EQTXbEd5e3NabDMKPOd9U9DMV6CBLHQ
0 15
0 24
1 20
1 30
2 29
2 35
3 10
3 19
4 28
4 32
5 11
5 32
6 2
6 17
7 16
7 21
8 19
8 28
9 4
9 5
10 18
10 38
11 1
11 36
12 2
12 27
13 4
13 8
14 12
14 15
15 27
15 41
16 18
16 34
17 0
17 35
18 25
18 31
19 33
19 38
20 7
20 40
21 1
21 34
22 3
22 8
23 10
23 16
24 6
24 41
25 7
25 23
26 0
26 14
27 26
27 29
28 33
28 37
29 14
29 39
30 5
30 40
31 3
31 23
32 36
32 37
33 13
33 22
34 20
34 25
35 24
35 39
36 9
36 30
37 9
37 13
38 22
38 31
39 6
39 12
40 11
40 21
41 17
41 26

# solution 543
# n=42 sym=rot4 status=verified source=flammenkamp_cache/n42_rot4
# code=oHQIKUZAXJPDY2P5L3T9WQc2J8IRaDH0A46RfTeUb7e1Y4B1C0EZbVfOS5ENXMd3F9WCcKaGd7SGM8V6BLNFO
0 17
0 26
1 18
1 20
2 30
2 35
3 10
3 33
4 19
4 25
5 13
5 34
6 2
6 25
7 5
7 21
8 3
8 29
9 9
9 32
10 26
10 38
11 2
11 19
12 8
12 18
13 27
13 36
14 13
14 17
15 0
15 10
16 4
16 6
17 27
17 41
18 29
18 40
19 30
19 37
20 7
20 40
21 1
21 34
22 4
22 11
23 1
23 12
24 0
24 14
25 35
25 37
26 31
26 41
27 24
27 28
28 5
28 14
29 23
29 33
30 22
30 39
31 3
31 15
32 9
32 32
33 12
33 38
34 20
34 36
35 16
35 39
36 7
36 28
37 16
37 22
38 8
38 31
39 6
39 11
40 21
40 23
41 15
41 24

# solution 544
# n=42 sym=rot4 status=verified source=flammenkamp_cache/n42_rot4
# code=o9Q8KGNSWCRGVRXLV6e3f57HIDb3T460HadQU2UJM7e1YJMBdBF25OfZbCc4SNOYa0c1ZAK8EAPET9DIPLXFW
0 9
0 26
1 8
1 20
2 16
2 23
3 28
3 32
4 12
4 27
5 16
5 31
6 27
6 33
7 21
7 31
8 6
8 40
9 3
9 41
10 5
10 7
11 17
11 18
12 13
12 37
13 3
13 29
14 4
14 6
15 0
15 17
16 36
16 39
17 26
17 30
18 2
18 30
19 19
19 22
20 7
20 40
21 1
21 34
22 19
22 22
23 11
23 39
24 11
24 15
25 2
25 5
26 24
26 41
27 35
27 37
28 12
28 38
29 4
29 28
30 23
30 24
31 34
31 36
32 0
32 38
33 1
33 35
34 10
34 20
35 8
35 14
36 10
36 25
37 14
37 29
38 9
38 13
39 18
39 25
40 21
40 33
41 15
41 32

# solution 545
# n=42 sym=rot4 status=verified source=flammenkamp_cache/n42_rot4
# code=oLQANTWEQHV7DOPLaCU2E4e8D2XUaWc036M6b1JGN07YfIPMe4ZJZcf395B8dSX1bRdBT5KGHSYAOFR9CIVFK
0 21
0 26
1 10
1 23
2 29
2 32
3 14
3 26
4 17
4 31
5 7
5 13
6 24
6 25
7 21
7 36
8 12
8 30
9 2
9 14
10 4
10 40
11 8
11 13
12 2
12 33
13 30
13 36
14 32
14 38
15 0
15 3
16 6
16 22
17 6
17 37
18 1
18 19
19 16
19 23
20 0
20 7
21 34
21 41
22 18
22 25
23 22
23 40
24 4
24 35
25 19
25 35
26 38
26 41
27 3
27 9
28 5
28 11
29 8
29 39
30 28
30 33
31 1
31 37
32 27
32 39
33 11
33 29
34 5
34 20
35 16
35 17
36 28
36 34
37 10
37 24
38 15
38 27
39 9
39 12
40 18
40 31
41 15
41 20

# solution 546
# n=42 sym=rot4 status=verified source=flammenkamp_cache/n42_rot4
# code=oLaIMQR3cAB0YCF5LGOSV9bJbSZ9C2O2ZIX8EPe1U07YfBe1GRX8N6dHdTW6D4M4WADHPKaQT7fUV3cEFJN5K
0 21
0 36
1 18
1 22
2 26
2 27
3 3
3 38
4 10
4 11
5 0
5 34
6 12
6 15
7 5
7 21
8 16
8 24
9 28
9 31
10 9
10 37
11 19
11 37
12 28
12 35
13 9
13 12
14 2
14 24
15 2
15 35
16 18
16 33
17 8
17 14
18 25
18 40
19 1
19 30
20 0
20 7
21 34
21 41
22 11
22 40
23 1
23 16
24 27
24 33
25 8
25 23
26 6
26 39
27 17
27 39
28 29
28 32
29 6
29 13
30 4
30 22
31 4
31 32
32 10
32 13
33 17
33 25
34 20
34 36
35 26
35 29
36 7
36 41
37 30
37 31
38 3
38 38
39 14
39 15
40 19
40 23
41 5
41 20

# solution 547
# n=42 sym=rot4 status=verified source=flammenkamp_cache/n42_rot4
# code=oCLHPHSDJUa4PCU9LEQRYAV46Zf2c9X8N15deFJNc07Yf3IMQ12aeIX8W3d06ZbAV7EFRKWBTGb5BMSDOGOKT
0 12
0 21
1 17
1 25
2 17
2 28
3 13
3 19
4 30
4 36
5 4
5 25
6 12
6 30
7 9
7 21
8 14
8 26
9 27
9 34
10 10
10 31
11 4
11 6
12 35
12 41
13 2
13 38
14 9
14 33
15 8
15 23
16 1
16 5
17 39
17 40
18 15
18 19
19 23
19 38
20 0
20 7
21 34
21 41
22 3
22 18
23 22
23 26
24 1
24 2
25 36
25 40
26 18
26 33
27 8
27 32
28 3
28 39
29 0
29 6
30 35
30 37
31 10
31 31
32 7
32 14
33 15
33 27
34 20
34 32
35 11
35 29
36 16
36 37
37 5
37 11
38 22
38 28
39 13
39 24
40 16
40 24
41 20
41 29

# solution 548
# n=42 sym=rot4 status=verified source=flammenkamp_cache/n42_rot4
# code=oEKIWBC9XMPTVGVJK3R1c56Sd5dBF8fIS4ZHOQe4YYf077b1FHO6bDN0XQU2a2DZa3eEcLMAPACGJ8WTU9NLR
0 14
0 20
1 18
1 32
2 11
2 12
3 9
3 33
4 22
4 25
5 29
5 31
6 16
6 31
7 19
7 20
8 3
8 27
9 1
9 38
10 5
10 6
11 28
11 39
12 5
12 39
13 11
13 15
14 8
14 41
15 18
15 28
16 4
16 35
17 17
17 24
18 26
18 40
19 4
19 34
20 34
20 41
21 0
21 7
22 7
22 37
23 1
23 15
24 17
24 24
25 6
25 37
26 13
26 23
27 0
27 33
28 26
28 30
29 2
29 36
30 2
30 13
31 35
31 36
32 3
32 40
33 14
33 38
34 21
34 22
35 10
35 25
36 10
36 12
37 16
37 19
38 8
38 32
39 29
39 30
40 9
40 23
41 21
41 27

# solution 549
# n=42 sym=rot4 status=verified source=flammenkamp_cache/n42_rot4
# code=oHKST9UFPIa4PTVAKOREd6Y2Q161I8WBc358fSbJMYf07JM4D0Xac3U9XNeZeFd7Z2REHLVACGb5NGQBWCDLO
0 17
0 20
1 28
1 29
2 9
2 30
3 15
3 25
4 18
4 36
5 4
5 25
6 29
6 31
7 10
7 20
8 24
8 27
9 14
9 39
10 6
10 34
11 2
11 26
12 1
12 6
13 1
13 18
14 8
14 32
15 11
15 38
16 3
16 5
17 8
17 41
18 28
18 37
19 19
19 22
20 34
20 41
21 0
21 7
22 19
22 22
23 4
23 13
24 0
24 33
25 36
25 38
26 3
26 30
27 9
27 33
28 23
28 40
29 35
29 40
30 15
30 39
31 7
31 35
32 2
32 27
33 14
33 17
34 21
34 31
35 10
35 12
36 16
36 37
37 5
37 23
38 16
38 26
39 11
39 32
40 12
40 13
41 21
41 24

# solution 550
# n=42 sym=rot4 status=verified source=flammenkamp_cache/n42_rot4
# code=oILOTCDIWSYEVAJ4LPU3O5Z8P1d4dQaEJ8B19cfQZ07Yf6F03WeUXMR5F2b2eGX6aHcBGKbMVAR7D9NSTCHKN
0 18
0 21
1 24
1 29
2 12
2 13
3 18
3 32
4 28
4 34
5 14
5 31
6 10
6 19
7 4
7 21
8 25
8 30
9 3
9 24
10 5
10 35
11 8
11 25
12 1
12 39
13 4
13 39
14 26
14 36
15 14
15 19
16 8
16 11
17 1
17 9
18 38
18 41
19 26
19 35
20 0
20 7
21 34
21 41
22 6
22 15
23 0
23 3
24 32
24 40
25 30
25 33
26 22
26 27
27 5
27 15
28 2
28 37
29 2
29 40
30 16
30 33
31 6
31 36
32 17
32 38
33 11
33 16
34 20
34 37
35 22
35 31
36 10
36 27
37 7
37 13
38 9
38 23
39 28
39 29
40 12
40 17
41 20
41 23

# solution 551
# n=42 sym=rot4 status=verified source=flammenkamp_cache/n42_rot4
# code=oELIWBC9XMPTVGVJK3R1c56Sd5dBF8fIS4ZHOQe4Y0Y7f7b1FHO6bDN0XQU2a2DZa3eEcLMAPACGJ8WTU9NKR
0 14
0 21
1 18
1 32
2 11
2 12
3 9
3 33
4 22
4 25
5 29
5 31
6 16
6 31
7 19
7 20
8 3
8 27
9 1
9 38
10 5
10 6
11 28
11 39
12 5
12 39
13 11
13 15
14 8
14 41
15 18
15 28
16 4
16 35
17 17
17 24
18 26
18 40
19 4
19 34
20 0
20 34
21 7
21 41
22 7
22 37
23 1
23 15
24 17
24 24
25 6
25 37
26 13
26 23
27 0
27 33
28 26
28 30
29 2
29 36
30 2
30 13
31 35
31 36
32 3
32 40
33 14
33 38
34 21
34 22
35 10
35 25
36 10
36 12
37 16
37 19
38 8
38 32
39 29
39 30
40 9
40 23
41 20
41 27

# solution 552
# n=42 sym=rot4 status=verified source=flammenkamp_cache/n42_rot4
# code=oLW8EITAb3VJS9TFKIe0Z4cEF265HUeUYGPJSXdOa0Y7f5H28DMGP7B1BOaZdQR3b6f1NLQCWDMAc4VCNRX9K
0 21
0 32
1 8
1 14
2 18
2 29
3 10
3 37
4 3
4 31
5 19
5 28
6 9
6 29
7 15
7 20
8 18
8 40
9 0
9 35
10 4
10 38
11 14
11 15
12 2
12 6
13 5
13 17
14 30
14 40
15 30
15 34
16 16
16 25
17 19
17 28
18 33
18 39
19 24
19 36
20 0
20 34
21 7
21 41
22 5
22 17
23 2
23 8
24 13
24 22
25 16
25 25
26 7
26 11
27 1
27 11
28 24
28 36
29 35
29 39
30 26
30 27
31 3
31 37
32 6
32 41
33 1
33 23
34 21
34 26
35 12
35 32
36 13
36 22
37 10
37 38
38 4
38 31
39 12
39 23
40 27
40 33
41 9
41 20

# solution 553
# n=42 sym=rot4 status=verified source=flammenkamp_cache/n42_rot4
# code=oKOFNSZ8QBGNP2TLVOcAD7WRb6J2WBJ3e5b0815RT7f0YCEaeXf4a1cMU9dMZ4E9YSV3HAKCdGIPUFX6DIQHL
0 20
0 24
1 15
1 23
2 28
2 35
3 8
3 26
4 11
4 16
5 23
5 25
6 2
6 29
7 21
7 31
8 24
8 38
9 10
9 13
10 7
10 32
11 27
11 37
12 6
12 19
13 2
13 32
14 11
14 19
15 3
15 40
16 5
16 37
17 0
17 8
18 1
18 5
19 27
19 29
20 7
20 41
21 0
21 34
22 12
22 14
23 36
23 40
24 33
24 41
25 4
25 36
26 1
26 38
27 22
27 30
28 9
28 39
29 22
29 35
30 4
30 14
31 9
31 34
32 28
32 31
33 3
33 17
34 10
34 20
35 12
35 39
36 16
36 18
37 25
37 30
38 15
38 33
39 6
39 13
40 18
40 26
41 17
41 21

# solution 554
# n=42 sym=rot4 status=verified source=flammenkamp_cache/n42_rot4
# code=o9UJX9FGYRTHLGK3D1UdfJR084DTY4AIdZcIaOQVe5Z6a1AFH5N362NVb7CSbXfEM02BeScLPKOCE7PQW8MBW
0 9
0 30
1 19
1 33
2 9
2 15
3 16
3 34
4 27
4 29
5 17
5 21
6 16
6 20
7 3
7 13
8 1
8 30
9 39
9 41
10 19
10 27
11 0
11 8
12 4
12 13
13 29
13 34
14 4
14 10
15 18
15 39
16 35
16 38
17 18
17 36
18 24
18 26
19 31
19 40
20 5
20 35
21 6
21 36
22 1
22 10
23 15
23 17
24 5
24 23
25 3
25 6
26 2
26 23
27 31
27 37
28 7
28 12
29 28
29 37
30 33
30 41
31 14
31 22
32 0
32 2
33 11
33 40
34 28
34 38
35 21
35 25
36 20
36 24
37 12
37 14
38 7
38 25
39 26
39 32
40 8
40 22
41 11
41 32

# solution 555
# n=42 sym=rot4 status=verified source=flammenkamp_cache/n42_rot4
# code=oJbEOJS9U0L7FLPVaCW8c7G3NHX2ESeIa6V1TBQdf46Zb02FUCeAZ5N1DRd8OIcPY3X9T5AGKQYKfBWDMHR4M
0 19
0 37
1 14
1 24
2 19
2 28
3 9
3 30
4 0
4 21
5 7
5 15
6 21
6 25
7 31
7 36
8 12
8 32
9 8
9 38
10 7
10 16
11 3
11 23
12 17
12 33
13 2
13 14
14 28
14 40
15 18
15 36
16 6
16 31
17 1
17 29
18 11
18 26
19 39
19 41
20 4
20 6
21 35
21 37
22 0
22 2
23 15
23 30
24 12
24 40
25 10
25 35
26 5
26 23
27 1
27 13
28 27
28 39
29 8
29 24
30 18
30 38
31 25
31 34
32 3
32 33
33 9
33 29
34 5
34 10
35 16
35 20
36 26
36 34
37 20
37 41
38 11
38 32
39 13
39 22
40 17
40 27
41 4
41 22

# solution 556
# n=42 sym=rot4 status=verified source=flammenkamp_cache/n42_rot4
# code=oJSOXAXZaEK3C3KPT12FJBdPV7a0ONbIW7B1DEQWfZb4609FRSeUY9N4IHf5YAG2UMQdeCGLcTcLR568V8HDM
0 19
0 28
1 24
1 33
2 10
2 33
3 35
3 36
4 14
4 20
5 3
5 12
6 3
6 20
7 25
7 29
8 1
8 2
9 15
9 19
10 11
10 39
11 25
11 31
12 7
12 36
13 0
13 24
14 23
14 37
15 18
15 32
16 7
16 11
17 1
17 13
18 14
18 26
19 32
19 41
20 35
20 37
21 4
21 6
22 0
22 9
23 15
23 27
24 28
24 40
25 30
25 34
26 9
26 23
27 4
27 18
28 17
28 41
29 5
29 34
30 10
30 16
31 2
31 30
32 22
32 26
33 39
33 40
34 12
34 16
35 21
35 38
36 29
36 38
37 21
37 27
38 5
38 6
39 8
39 31
40 8
40 17
41 13
41 22

# solution 557
# n=42 sym=rot4 status=verified source=flammenkamp_cache/n42_rot4
# code=oAW7DDTGYLNBGKU3e8X0HTf6a2AdeMQEHacQW4JEN4Z6bIRMb9F35ORFJ12Vd5Z0COf8X1cBLPUIK7PCSSY9V
0 10
0 32
1 7
1 13
2 13
2 29
3 16
3 34
4 21
4 23
5 11
5 16
6 20
6 30
7 3
7 40
8 8
8 33
9 0
9 17
10 29
10 41
11 6
11 36
12 2
12 10
13 39
13 40
14 22
14 26
15 14
15 17
16 36
16 38
17 26
17 32
18 4
18 19
19 14
19 23
20 4
20 35
21 6
21 37
22 18
22 27
23 22
23 37
24 9
24 15
25 3
25 5
26 24
26 27
27 15
27 19
28 1
28 2
29 31
29 39
30 5
30 35
31 0
31 12
32 24
32 41
33 8
33 33
34 1
34 38
35 11
35 21
36 25
36 30
37 18
37 20
38 7
38 25
39 12
39 28
40 28
40 34
41 9
41 31

# solution 558
# n=42 sym=rot4 status=verified source=flammenkamp_cache/n42_rot4
# code=oFJQSIWPSEK79LRAaAG2aXYHTBH136b1f3XTUJdNf6b4Z0I2MBC8c0e4ZceOUCO785dPV5VEKWYLRDG9NDFMQ
0 15
0 19
1 26
1 28
2 18
2 32
3 25
3 28
4 14
4 20
5 7
5 9
6 21
6 27
7 10
7 36
8 10
8 16
9 2
9 36
10 33
10 34
11 17
11 29
12 11
12 17
13 1
13 3
14 6
14 37
15 1
15 41
16 3
16 33
17 29
17 30
18 19
18 39
19 23
19 41
20 6
20 37
21 4
21 35
22 0
22 18
23 2
23 22
24 11
24 12
25 8
25 38
26 0
26 40
27 4
27 35
28 38
28 40
29 24
29 30
30 12
30 24
31 7
31 8
32 5
32 39
33 25
33 31
34 5
34 31
35 14
35 20
36 32
36 34
37 21
37 27
38 13
38 16
39 9
39 23
40 13
40 15
41 22
41 26

# solution 559
# n=42 sym=rot4 status=verified source=flammenkamp_cache/n42_rot4
# code=oAG5NEYKYBGNeKS239RHXTfJbAF6J8dHTbfQW15SUZc36BDae9F04CO2XMZQV4M0C8OEWcdDL1IPU7L7RIaPV
0 10
0 16
1 5
1 23
2 14
2 34
3 20
3 34
4 11
4 16
5 23
5 40
6 20
6 28
7 2
7 3
8 9
8 27
9 17
9 33
10 29
10 41
11 19
11 37
12 10
12 15
13 6
13 19
14 8
14 39
15 17
15 29
16 37
16 41
17 26
17 32
18 1
18 5
19 28
19 30
20 35
20 38
21 3
21 6
22 11
22 13
23 36
23 40
24 9
24 15
25 0
25 4
26 12
26 24
27 2
27 33
28 22
28 35
29 26
29 31
30 4
30 22
31 0
31 12
32 8
32 24
33 14
33 32
34 38
34 39
35 13
35 21
36 1
36 18
37 25
37 30
38 7
38 21
39 7
39 27
40 18
40 36
41 25
41 31

# solution 560
# n=42 sym=rot4 status=verified source=flammenkamp_cache/n42_rot4
# code=o6BJNFYKUEGTWKf2J8X5PCF3f5VORDbVd9bDI1OYeZc3617HeNS4W2A4SEHAa0cQTGa8XMd0L9CPRBL7QIMUZ
0 6
0 11
1 19
1 23
2 15
2 34
3 20
3 30
4 14
4 16
5 29
5 32
6 20
6 41
7 2
7 19
8 8
8 33
9 5
9 25
10 12
10 15
11 3
11 41
12 5
12 31
13 24
13 27
14 13
14 37
15 31
15 39
16 9
16 37
17 13
17 18
18 1
18 24
19 34
19 40
20 35
20 38
21 3
21 6
22 1
22 7
23 17
23 40
24 23
24 28
25 4
25 32
26 2
26 10
27 4
27 28
28 14
28 17
29 10
29 36
30 0
30 38
31 26
31 29
32 16
32 36
33 8
33 33
34 22
34 39
35 0
35 21
36 9
36 12
37 25
37 27
38 11
38 21
39 7
39 26
40 18
40 22
41 30
41 35

# solution 561
# n=42 sym=rot4 status=verified source=flammenkamp_cache/n42_rot4
# code=oBCHNBFKQ78CWKPXb7b5PISdfafAEMS3d69Je1VEOZc36HRAe1MWZ2cDJRV0502DNGa4Y48GL9TXYFLQUIOTU
0 11
0 12
1 17
1 23
2 11
2 15
3 20
3 26
4 7
4 8
5 12
5 32
6 20
6 25
7 33
7 37
8 7
8 37
9 5
9 25
10 18
10 28
11 39
11 41
12 36
12 41
13 10
13 14
14 22
14 28
15 3
15 39
16 6
16 9
17 19
17 40
18 1
18 31
19 14
19 24
20 35
20 38
21 3
21 6
22 17
22 27
23 10
23 40
24 1
24 22
25 32
25 35
26 2
26 38
27 13
27 19
28 27
28 31
29 0
29 5
30 0
30 2
31 13
31 23
32 16
32 36
33 4
33 34
34 4
34 8
35 16
35 21
36 9
36 29
37 33
37 34
38 15
38 21
39 26
39 30
40 18
40 24
41 29
41 30

# solution 562
# n=42 sym=rot4 status=verified source=flammenkamp_cache/n42_rot4
# code=oMOBWESKNVZ9H4KCRFV1a48PeSY2C7dIXBJ0a3Q0PZc36GfFc5fMU8N2YTd7D1GXb5eAQETLbOW6AILDR9UHJ
0 22
0 24
1 11
1 32
2 14
2 28
3 20
3 23
4 31
4 35
5 9
5 17
6 4
6 20
7 12
7 27
8 15
8 31
9 1
9 36
10 4
10 8
11 25
11 40
12 28
12 34
13 2
13 12
14 7
14 39
15 18
15 33
16 11
16 19
17 0
17 36
18 3
18 26
19 0
19 25
20 35
20 38
21 3
21 6
22 16
22 41
23 15
23 38
24 5
24 41
25 22
25 30
26 8
26 23
27 2
27 34
28 29
28 39
29 7
29 13
30 1
30 16
31 33
31 37
32 5
32 40
33 10
33 26
34 14
34 29
35 21
35 37
36 24
36 32
37 6
37 10
38 18
38 21
39 13
39 27
40 9
40 30
41 17
41 19

# solution 563
# n=42 sym=rot4 status=verified source=flammenkamp_cache/n42_rot4
# code=oSVJQ3FLdEGCU9KJUHSPZ0C57Va08Nb1d9bIXEOYe3Z6c17HR8N4W2e4IXf5AYaTf6GDOBMLWBTPR2KQcFMAD
0 28
0 31
1 19
1 26
2 3
2 15
3 21
3 39
4 14
4 16
5 12
5 30
6 9
6 20
7 19
7 30
8 17
8 28
9 25
9 35
10 0
10 12
11 5
11 7
12 31
12 36
13 0
13 8
14 23
14 37
15 1
15 39
16 9
16 37
17 18
17 33
18 14
18 24
19 34
19 40
20 3
20 35
21 6
21 38
22 1
22 7
23 17
23 27
24 8
24 23
25 4
25 32
26 2
26 40
27 4
27 18
28 33
28 41
29 5
29 10
30 34
30 36
31 29
31 41
32 6
32 16
33 13
33 24
34 11
34 22
35 21
35 32
36 11
36 29
37 25
37 27
38 2
38 20
39 26
39 38
40 15
40 22
41 10
41 13

# solution 564
# n=42 sym=rot4 status=verified source=flammenkamp_cache/n42_rot4
# code=o6BJNFYLUEGTWKf2J8X5PCF3f5VORDbVd9bDI1OYe3Z6c17HeNS4W2A4SEHAa0cQTGa8XMd0L9CPRBK7QIMUZ
0 6
0 11
1 19
1 23
2 15
2 34
3 21
3 30
4 14
4 16
5 29
5 32
6 20
6 41
7 2
7 19
8 8
8 33
9 5
9 25
10 12
10 15
11 3
11 41
12 5
12 31
13 24
13 27
14 13
14 37
15 31
15 39
16 9
16 37
17 13
17 18
18 1
18 24
19 34
19 40
20 3
20 35
21 6
21 38
22 1
22 7
23 17
23 40
24 23
24 28
25 4
25 32
26 2
26 10
27 4
27 28
28 14
28 17
29 10
29 36
30 0
30 38
31 26
31 29
32 16
32 36
33 8
33 33
34 22
34 39
35 0
35 21
36 9
36 12
37 25
37 27
38 11
38 20
39 7
39 26
40 18
40 22
41 30
41 35

# solution 565
# n=42 sym=rot4 status=verified source=flammenkamp_cache/n42_rot4
# code=oHJAW8ALaDH3QKTBTId1RdeEY67Pb9U5JDIbfPXQf3Z6c0F8G04NSMaBW4GYZ7R12Ee2NCUCLFcOS5KVX9VMO
0 17
0 19
1 10
1 32
2 8
2 10
3 21
3 36
4 13
4 17
5 3
5 26
6 20
6 29
7 11
7 29
8 18
8 39
9 1
9 27
10 39
10 40
11 14
11 34
12 6
12 7
13 25
13 37
14 9
14 30
15 5
15 19
16 13
16 18
17 37
17 41
18 25
18 33
19 26
19 41
20 3
20 35
21 6
21 38
22 0
22 15
23 8
23 16
24 0
24 4
25 23
25 28
26 22
26 36
27 11
27 32
28 4
28 16
29 34
29 35
30 7
30 27
31 1
31 2
32 14
32 40
33 2
33 23
34 12
34 30
35 12
35 21
36 15
36 38
37 24
37 28
38 5
38 20
39 31
39 33
40 9
40 31
41 22
41 24

# solution 566
# n=42 sym=rot4 status=verified source=flammenkamp_cache/n42_rot4
# code=oSVEHKMBFSY9BGK4X7TFa0Mac8R04CeWcHZPeIN2AZd26VdIN1G6O391TbfEX35Jf5QCY8bLPUW7DQUJLORAD
0 28
0 31
1 14
1 17
2 20
2 22
3 11
3 15
4 28
4 34
5 9
5 11
6 16
6 20
7 4
7 33
8 7
8 29
9 15
9 36
10 0
10 22
11 36
11 38
12 8
12 27
13 0
13 4
14 12
14 40
15 32
15 38
16 17
16 35
17 25
17 40
18 18
18 23
19 2
19 10
20 35
20 39
21 2
21 6
22 31
22 39
23 18
23 23
24 1
24 16
25 6
25 24
26 3
26 9
27 1
27 29
28 37
28 41
29 14
29 33
30 3
30 5
31 19
31 41
32 5
32 26
33 12
33 34
34 8
34 37
35 21
35 25
36 30
36 32
37 7
37 13
38 26
38 30
39 19
39 21
40 24
40 27
41 10
41 13

# solution 567
# n=42 sym=rot4 status=verified source=flammenkamp_cache/n42_rot4
# code=o3VCJFKQfENEU9K8S9YXZ0M5DPe7Uab3dCIHO4PAeZd261VGbHONT2c45BY1GSaJf687WDXLWBRIR0FLQMTAc
0 3
0 31
1 12
1 19
2 15
2 20
3 26
3 41
4 14
4 23
5 14
5 30
6 9
6 20
7 8
7 28
8 9
8 34
9 33
9 35
10 0
10 22
11 5
11 13
12 25
12 40
13 7
13 30
14 36
14 37
15 3
15 39
16 12
16 18
17 17
17 24
18 4
18 25
19 10
19 40
20 35
20 39
21 2
21 6
22 1
22 31
23 16
23 37
24 17
24 24
25 23
25 29
26 2
26 38
27 4
27 5
28 11
28 34
29 1
29 16
30 28
30 36
31 19
31 41
32 6
32 8
33 7
33 32
34 13
34 33
35 21
35 32
36 11
36 27
37 18
37 27
38 0
38 15
39 21
39 26
40 22
40 29
41 10
41 38

# solution 568
# n=42 sym=rot4 status=verified source=flammenkamp_cache/n42_rot4
# code=oEQ8YIKQTDPGXKT195eJYBEDV36UbVf034aHOJdNWZd269I2MHO5bcf0A4BZcASRU7M1aWeCL8PGSCFLN7XFR
0 14
0 26
1 8
1 34
2 18
2 20
3 26
3 29
4 13
4 25
5 16
5 33
6 20
6 29
7 1
7 9
8 5
8 40
9 19
9 34
10 11
10 14
11 13
11 31
12 3
12 6
13 30
13 37
14 31
14 41
15 0
15 3
16 4
16 36
17 17
17 24
18 19
18 39
19 23
19 32
20 35
20 39
21 2
21 6
22 9
22 18
23 2
23 22
24 17
24 24
25 5
25 37
26 38
26 41
27 0
27 10
28 4
28 11
29 35
29 38
30 10
30 28
31 27
31 30
32 7
32 22
33 1
33 36
34 32
34 40
35 12
35 21
36 8
36 25
37 16
37 28
38 12
38 15
39 21
39 23
40 7
40 33
41 15
41 27

# solution 569
# n=42 sym=rot4 status=verified source=flammenkamp_cache/n42_rot4
# code=oFI3NKRSeAV7D7KZaHTGT4bJP893a2OJfBWEX1fQUZd26BF0e8R9U0MHd5cWXGM4bCPCO56LYSYAV1DELIcNQ
0 15
0 18
1 3
1 23
2 20
2 27
3 28
3 40
4 10
4 31
5 7
5 13
6 7
6 20
7 35
7 36
8 17
8 29
9 16
9 29
10 4
10 37
11 19
11 25
12 8
12 9
13 3
13 36
14 2
14 24
15 19
15 41
16 11
16 32
17 14
17 33
18 1
18 41
19 26
19 30
20 35
20 39
21 2
21 6
22 11
22 15
23 0
23 40
24 8
24 27
25 9
25 30
26 0
26 22
27 17
27 39
28 5
28 38
29 32
29 33
30 16
30 22
31 4
31 37
32 12
32 25
33 12
33 24
34 5
34 6
35 21
35 34
36 28
36 34
37 10
37 31
38 1
38 13
39 14
39 21
40 18
40 38
41 23
41 26

# solution 570
# n=42 sym=rot4 status=verified source=flammenkamp_cache/n42_rot4
# code=oPbDMLUHS097RILXa7PCbQU2ANW3e5HAJ08RcCZ1Q26ZdFe6T3EXfMVOa1c9IVdBF4TGY58KNEYWfDOBKJS4G
0 25
0 37
1 13
1 22
2 21
2 30
3 17
3 28
4 0
4 9
5 7
5 27
6 18
6 21
7 33
7 36
8 7
8 25
9 12
9 37
10 26
10 30
11 2
11 10
12 23
12 32
13 3
13 40
14 5
14 17
15 10
15 19
16 0
16 8
17 27
17 38
18 12
18 35
19 1
19 26
20 2
20 6
21 35
21 39
22 15
22 40
23 6
23 29
24 3
24 14
25 33
25 41
26 22
26 31
27 24
27 36
28 1
28 38
29 9
29 18
30 31
30 39
31 11
31 15
32 4
32 29
33 16
33 34
34 5
34 8
35 20
35 23
36 14
36 34
37 32
37 41
38 13
38 24
39 11
39 20
40 19
40 28
41 4
41 16

# solution 571
# n=42 sym=rot4 status=verified source=flammenkamp_cache/n42_rot4
# code=oBXDMKODG9EVZ5KQW0O7b5BVfNQceNb7CJc28CE1PZd26GeRTXd3MTY4I13FI0AUa4YHf9FLa6ARWPSHLJS8U
0 11
0 33
1 13
1 22
2 20
2 24
3 13
3 16
4 9
4 14
5 31
5 35
6 5
6 20
7 26
7 32
8 0
8 24
9 7
9 37
10 5
10 11
11 31
11 41
12 23
12 26
13 38
13 40
14 23
14 37
15 7
15 12
16 19
16 38
17 2
17 8
18 12
18 14
19 1
19 25
20 35
20 39
21 2
21 6
22 16
22 40
23 27
23 29
24 33
24 39
25 3
25 22
26 29
26 34
27 4
27 18
28 1
28 3
29 15
29 18
30 0
30 10
31 30
31 36
32 4
32 34
33 17
33 41
34 9
34 15
35 21
35 36
36 6
36 10
37 27
37 32
38 25
38 28
39 17
39 21
40 19
40 28
41 8
41 30

# solution 572
# n=42 sym=rot4 status=verified source=flammenkamp_cache/n42_rot4
# code=oRTINBL59ESXcJK9F5SYcPUAd0P480bJYACHO1eQZ2Z6d6F1eHOTV7M4fXbGf2VBG37DaQWLM38DRWaKUINCE
0 27
0 29
1 18
1 23
2 11
2 21
3 5
3 9
4 14
4 28
5 33
5 38
6 19
6 20
7 9
7 15
8 5
8 28
9 34
9 38
10 25
10 30
11 10
11 39
12 0
12 25
13 4
13 8
14 0
14 37
15 19
15 34
16 10
16 12
17 17
17 24
18 1
18 40
19 26
19 35
20 2
20 35
21 6
21 39
22 6
22 15
23 1
23 40
24 17
24 24
25 29
25 31
26 7
26 22
27 4
27 41
28 33
28 37
29 16
29 41
30 2
30 31
31 11
31 16
32 3
32 7
33 13
33 36
34 26
34 32
35 21
35 22
36 3
36 8
37 13
37 27
38 32
38 36
39 20
39 30
40 18
40 23
41 12
41 14

# solution 573
# n=42 sym=rot4 status=verified source=flammenkamp_cache/n42_rot4
# code=oMPGUKRBTXY9EHL484YFaAV1c3IFI2aSW0eJZST0O6d2ZHfCD6M1f9D5dNQNc3eAV5Q7bXbKORW78CUELBPGJ
0 22
0 25
1 16
1 30
2 20
2 27
3 11
3 29
4 33
4 34
5 9
5 14
6 17
6 21
7 4
7 8
8 4
8 34
9 15
9 36
10 10
10 31
11 1
11 38
12 3
12 18
13 15
13 18
14 2
14 36
15 28
15 32
16 0
16 40
17 19
17 35
18 28
18 29
19 0
19 24
20 6
20 39
21 2
21 35
22 17
22 41
23 12
23 13
24 6
24 22
25 1
25 41
26 9
26 13
27 5
27 39
28 23
28 26
29 23
29 38
30 3
30 40
31 10
31 31
32 5
32 26
33 7
33 37
34 33
34 37
35 20
35 24
36 27
36 32
37 7
37 8
38 12
38 30
39 14
39 21
40 11
40 25
41 16
41 19

# solution 574
# n=42 sym=rot4 status=verified source=flammenkamp_cache/n42_rot4
# code=oIWPS9L7MCV6TKaHc8X0d4IEP5b1FFURS1BJYVf3O2Z6dHc0A7MUeDEBQQe4aGRNb2f8X3O5LCZATJYKWDG9N
0 18
0 32
1 25
1 28
2 9
2 21
3 7
3 22
4 12
4 31
5 6
5 29
6 20
6 36
7 17
7 38
8 8
8 33
9 0
9 39
10 4
10 18
11 14
11 25
12 5
12 37
13 1
13 15
14 15
14 30
15 27
15 28
16 1
16 11
17 19
17 34
18 31
18 41
19 3
19 24
20 2
20 35
21 6
21 39
22 17
22 38
23 0
23 10
24 7
24 22
25 30
25 40
26 13
26 14
27 11
27 26
28 26
28 40
29 4
29 36
30 16
30 27
31 23
31 37
32 2
32 41
33 8
33 33
34 3
34 24
35 5
35 21
36 12
36 35
37 10
37 29
38 19
38 34
39 20
39 32
40 13
40 16
41 9
41 23

# solution 575
# n=42 sym=rot4 status=verified source=flammenkamp_cache/n42_rot4
# code=oIWPS9L7MTV6TKaHc8X0d4IEP451FFURS1BJYVf3O2Z6dHc0A7MUeDEBQQeabGRNb2f8X3O5LCZACJYKWDG9N
0 18
0 32
1 25
1 28
2 9
2 21
3 7
3 22
4 29
4 31
5 6
5 29
6 20
6 36
7 17
7 38
8 8
8 33
9 0
9 39
10 4
10 18
11 14
11 25
12 4
12 5
13 1
13 15
14 15
14 30
15 27
15 28
16 1
16 11
17 19
17 34
18 31
18 41
19 3
19 24
20 2
20 35
21 6
21 39
22 17
22 38
23 0
23 10
24 7
24 22
25 30
25 40
26 13
26 14
27 11
27 26
28 26
28 40
29 36
29 37
30 16
30 27
31 23
31 37
32 2
32 41
33 8
33 33
34 3
34 24
35 5
35 21
36 12
36 35
37 10
37 12
38 19
38 34
39 20
39 32
40 13
40 16
41 9
41 23

# solution 576
# n=42 sym=rot4 status=verified source=flammenkamp_cache/n42_rot4
# code=oFUNSAKDEWXNTFL9E4C4YJd0O5X1cYcZfJOBG15PV6d2ZAGaePUHM06373e8aHf2M7bTbRWKQCI89RSLVDIBQ
0 15
0 30
1 23
1 28
2 10
2 20
3 13
3 14
4 32
4 33
5 23
5 29
6 15
6 21
7 9
7 14
8 4
8 12
9 4
9 34
10 19
10 39
11 0
11 24
12 5
12 33
13 1
13 38
14 34
14 38
15 35
15 41
16 19
16 24
17 11
17 16
18 1
18 5
19 25
19 31
20 6
20 39
21 2
21 35
22 10
22 16
23 36
23 40
24 25
24 30
25 17
25 22
26 0
26 6
27 3
27 7
28 3
28 40
29 8
29 36
30 17
30 41
31 2
31 22
32 7
32 37
33 29
33 37
34 27
34 32
35 20
35 26
36 12
36 18
37 8
37 9
38 27
38 28
39 21
39 31
40 13
40 18
41 11
41 26

# solution 577
# n=42 sym=rot4 status=verified source=flammenkamp_cache/n42_rot4
# code=oEOUWEK4JFcPSKTOWBF17MP1X6D5TdfXb5A07INAcZd263VINYfVa4802CaSZ8eGJYeQU9HCLDG3QMbLR9BHR
0 14
0 24
1 30
1 32
2 14
2 20
3 4
3 19
4 15
4 38
5 25
5 28
6 20
6 29
7 24
7 32
8 11
8 15
9 1
9 7
10 22
10 25
11 1
11 33
12 6
12 13
13 5
13 29
14 39
14 41
15 33
15 37
16 5
16 10
17 0
17 7
18 18
18 23
19 10
19 38
20 35
20 39
21 2
21 6
22 3
22 31
23 18
23 23
24 34
24 41
25 31
25 36
26 4
26 8
27 0
27 2
28 12
28 36
29 28
29 35
30 8
30 40
31 16
31 19
32 34
32 40
33 26
33 30
34 9
34 17
35 12
35 21
36 13
36 16
37 3
37 26
38 22
38 37
39 21
39 27
40 9
40 11
41 17
41 27

# solution 578
# n=42 sym=rot4 status=verified source=flammenkamp_cache/n42_rot4
# code=oITDHKT9DIa48LU9EPaYcPU6A02ceJYHJ8AQebfQR6d2ZEF041FVXMO7M13dfVZBG375GRWBKXb5NSWCLOSCN
0 18
0 29
1 13
1 17
2 20
2 29
3 9
3 13
4 18
4 36
5 4
5 8
6 21
6 30
7 9
7 14
8 25
8 36
9 34
9 38
10 25
10 30
11 6
11 10
12 0
12 2
13 38
13 40
14 19
14 34
15 17
15 19
16 8
16 10
17 26
17 40
18 37
18 41
19 26
19 27
20 6
20 39
21 2
21 35
22 14
22 15
23 0
23 4
24 1
24 15
25 31
25 33
26 22
26 24
27 7
27 22
28 1
28 3
29 39
29 41
30 31
30 35
31 11
31 16
32 3
32 7
33 5
33 16
34 27
34 32
35 11
35 20
36 33
36 37
37 5
37 23
38 28
38 32
39 12
39 21
40 24
40 28
41 12
41 23

# solution 579
# n=42 sym=rot4 status=verified source=flammenkamp_cache/n42_rot4
# code=o9IFTKMEIBPXYBL5H5RJfAVZb1SCG8cHe4SQYcf2W6d2Z9d037FDb1O3XPTDe46AV0MEaOaKU78GUNRJLCQNW
0 9
0 18
1 15
1 29
2 20
2 22
3 14
3 18
4 11
4 25
5 33
5 34
6 11
6 21
7 5
7 17
8 5
8 27
9 19
9 41
10 10
10 31
11 35
11 37
12 1
12 28
13 12
13 16
14 8
14 38
15 17
15 40
16 4
16 28
17 26
17 34
18 38
18 41
19 2
19 32
20 6
20 39
21 2
21 35
22 9
22 39
23 0
23 3
24 7
24 15
25 13
25 37
26 1
26 24
27 3
27 33
28 25
28 29
29 13
29 40
30 4
30 6
31 10
31 31
32 0
32 22
33 14
33 36
34 24
34 36
35 20
35 30
36 7
36 8
37 16
37 30
38 23
38 27
39 19
39 21
40 12
40 26
41 23
41 32

# solution 580
# n=42 sym=rot4 status=verified source=flammenkamp_cache/n42_rot4
# code=o6GAUKWOS9J7TLfBaEG2bNe1Y5H3QQXDEXf3TAJNb6d2Z4IMVCc08RS8FFcOa7e1I4dPR5U0KCYMWDH9LBVPZ
0 6
0 16
1 10
1 30
2 20
2 32
3 24
3 28
4 9
4 19
5 7
5 29
6 21
6 41
7 11
7 36
8 14
8 16
9 2
9 37
10 23
10 40
11 1
11 34
12 5
12 17
13 3
13 26
14 26
14 33
15 13
15 14
16 33
16 41
17 3
17 29
18 10
18 19
19 23
19 37
20 6
20 39
21 2
21 35
22 4
22 18
23 22
23 31
24 12
24 38
25 0
25 8
26 27
26 28
27 8
27 15
28 15
28 38
29 24
29 36
30 7
30 40
31 1
31 18
32 4
32 39
33 25
33 27
34 5
34 30
35 0
35 20
36 12
36 34
37 22
37 32
38 13
38 17
39 9
39 21
40 11
40 31
41 25
41 35

# solution 581
# n=42 sym=rot4 status=verified source=flammenkamp_cache/n42_rot4
# code=oHP7JCK4RWcAPLXXe674CRaHIWdDS3AIJ05UfQUQe6d2Z1FBF0BafMNVcDS29NO5ETbYZ188KGV39EbLTMYGO
0 17
0 25
1 7
1 19
2 12
2 20
3 4
3 27
4 32
4 38
5 10
5 25
6 21
6 33
7 33
7 40
8 6
8 7
9 4
9 12
10 27
10 36
11 17
11 18
12 32
12 39
13 13
13 28
14 3
14 10
15 18
15 19
16 0
16 5
17 30
17 41
18 26
18 30
19 26
19 40
20 6
20 39
21 2
21 35
22 1
22 15
23 11
23 15
24 0
24 11
25 36
25 41
26 22
26 23
27 31
27 38
28 13
28 28
29 2
29 9
30 23
30 24
31 5
31 14
32 29
32 37
33 34
33 35
34 1
34 8
35 8
35 20
36 16
36 31
37 3
37 9
38 14
38 37
39 21
39 29
40 22
40 34
41 16
41 24

# solution 582
# n=42 sym=rot4 status=verified source=flammenkamp_cache/n42_rot4
# code=oHRELAU4WDcAPHLMUCQ3Fad27JXGb0e8W5SZfIN7T16ZeCYIN06Da9X1f4P8MYd25QcFTBJKOGV3S9bBVKREO
0 17
0 27
1 14
1 21
2 10
2 30
3 4
3 32
4 13
4 38
5 10
5 25
6 17
6 21
7 22
7 30
8 12
8 26
9 3
9 15
10 36
10 39
11 2
11 7
12 19
12 33
13 16
13 37
14 0
14 40
15 8
15 32
16 5
16 28
17 35
17 41
18 18
18 23
19 7
19 29
20 1
20 6
21 35
21 40
22 12
22 34
23 18
23 23
24 0
24 6
25 13
25 36
26 9
26 33
27 1
27 41
28 4
28 25
29 8
29 22
30 34
30 39
31 2
31 5
32 26
32 38
33 15
33 29
34 11
34 19
35 20
35 24
36 16
36 31
37 3
37 28
38 9
38 37
39 11
39 31
40 20
40 27
41 14
41 24

# solution 583
# n=42 sym=rot4 status=verified source=flammenkamp_cache/n42_rot4
# code=o8Y3LIRQeDJAULM0RGfBV9a5WGQHb273CTXISOd6b16Ze4Z2HDN8CTcYd4OFP9a5WAU0PEfJKBVMS1FENKc7X
0 8
0 34
1 3
1 21
2 18
2 27
3 26
3 40
4 13
4 19
5 10
5 30
6 21
6 22
7 0
7 27
8 16
8 41
9 11
9 31
10 9
10 36
11 5
11 32
12 16
12 26
13 17
13 37
14 2
14 7
15 3
15 12
16 29
16 33
17 18
17 28
18 24
18 39
19 6
19 37
20 1
20 6
21 35
21 40
22 4
22 35
23 2
23 17
24 13
24 23
25 8
25 12
26 29
26 38
27 34
27 39
28 4
28 24
29 15
29 25
30 9
30 36
31 5
31 32
32 10
32 30
33 0
33 25
34 14
34 41
35 19
35 20
36 11
36 31
37 22
37 28
38 1
38 15
39 14
39 23
40 20
40 38
41 7
41 33

# solution 584
# n=42 sym=rot4 status=verified source=flammenkamp_cache/n42_rot4
# code=oGIHL4B3cTdMQ7LSZGRACMWNd4W7F8H5SXfReBf5A16ZeVa0U1E08DaOXQY9b2I9JTVEP6DKYFJ2C3cUbKONP
0 16
0 18
1 17
1 21
2 4
2 11
3 3
3 38
4 29
4 39
5 22
5 26
6 7
6 21
7 28
7 35
8 16
8 27
9 10
9 12
10 22
10 32
11 23
11 39
12 4
12 32
13 7
13 15
14 8
14 17
15 5
15 28
16 33
16 41
17 27
17 40
18 11
18 41
19 5
19 10
20 1
20 6
21 35
21 40
22 31
22 36
23 0
23 30
24 1
24 14
25 0
25 8
26 13
26 36
27 24
27 33
28 26
28 34
29 9
29 37
30 2
30 18
31 9
31 19
32 29
32 31
33 14
33 25
34 6
34 13
35 20
35 34
36 15
36 19
37 2
37 12
38 3
38 38
39 30
39 37
40 20
40 24
41 23
41 25

# solution 585
# n=42 sym=rot4 status=verified source=flammenkamp_cache/n42_rot4
# code=o9MFKORAUDR78HKUa9aXfFc37NSCb24VeIJ2ZCP0PZe16GfGT6dMN1Abd4TDIYc3Q085W5BLOXYESBVEHLQJW
0 9
0 22
1 15
1 20
2 24
2 27
3 10
3 30
4 13
4 27
5 7
5 8
6 17
6 20
7 30
7 36
8 9
8 36
9 33
9 41
10 15
10 38
11 3
11 7
12 23
12 28
13 12
13 37
14 2
14 4
15 31
15 40
16 18
16 19
17 2
17 35
18 12
18 25
19 0
19 25
20 35
20 40
21 1
21 6
22 16
22 41
23 16
23 29
24 6
24 39
25 22
25 23
26 1
26 10
27 37
27 39
28 4
28 29
29 13
29 18
30 34
30 38
31 3
31 26
32 0
32 8
33 5
33 32
34 5
34 11
35 21
35 24
36 33
36 34
37 14
37 28
38 11
38 31
39 14
39 17
40 21
40 26
41 19
41 32

# solution 586
# n=42 sym=rot4 status=verified source=flammenkamp_cache/n42_rot4
# code=oOVLMHR9GRa47FLSaAGSc0XCMFU7924TZXc0dIN1B16ZeUeIN2f386CbdWYBQJT8f3DPV5DKQYb5EPWEOJKAH
0 24
0 31
1 21
1 22
2 17
2 27
3 9
3 16
4 27
4 36
5 4
5 7
6 15
6 21
7 28
7 36
8 10
8 16
9 28
9 38
10 0
10 33
11 12
11 22
12 15
12 30
13 7
13 9
14 2
14 4
15 29
15 35
16 33
16 38
17 0
17 39
18 18
18 23
19 1
19 11
20 1
20 6
21 35
21 40
22 30
22 40
23 18
23 23
24 2
24 41
25 3
25 8
26 6
26 12
27 37
27 39
28 32
28 34
29 11
29 26
30 19
30 29
31 8
31 41
32 3
32 13
33 25
33 31
34 5
34 13
35 20
35 26
36 34
36 37
37 5
37 14
38 25
38 32
39 14
39 24
40 19
40 20
41 10
41 17

# solution 587
# n=42 sym=rot4 status=verified source=flammenkamp_cache/n42_rot4
# code=oQVLQIW7J8G7RDLacWb280IDOCTUZ5H01JbBRVdPc16Ze3G2AEU4MefOa6BCTHSNfXd4935KSEYPXMY9NFKAF
0 26
0 31
1 21
1 26
2 18
2 32
3 7
3 19
4 8
4 16
5 7
5 27
6 13
6 21
7 36
7 38
8 32
8 37
9 2
9 8
10 0
10 18
11 13
11 24
12 12
12 29
13 30
13 35
14 5
14 17
15 0
15 1
16 19
16 37
17 11
17 27
18 31
18 39
19 25
19 38
20 1
20 6
21 35
21 40
22 3
22 16
23 2
23 10
24 14
24 30
25 4
25 22
26 40
26 41
27 24
27 36
28 6
28 11
29 12
29 29
30 17
30 28
31 23
31 41
32 33
32 39
33 4
33 9
34 3
34 5
35 20
35 28
36 14
36 34
37 25
37 33
38 22
38 34
39 9
39 23
40 15
40 20
41 10
41 15

# solution 588
# n=42 sym=rot4 status=verified source=flammenkamp_cache/n42_rot4
# code=oSUIK9TQa9X3JJKFV4Sbd7G0T2B08OP3YEVEIOeZaZe16561HNRAR7cGHXfUdCfPY24DbAQLMMc8W5FCWLNBD
0 28
0 30
1 18
1 20
2 9
2 29
3 26
3 36
4 9
4 33
5 3
5 19
6 19
6 20
7 15
7 31
8 4
8 28
9 37
9 39
10 7
10 16
11 0
11 29
12 2
12 11
13 0
13 8
14 24
14 25
15 3
15 34
16 14
16 31
17 14
17 18
18 24
18 40
19 35
19 36
20 35
20 40
21 1
21 6
22 5
22 6
23 1
23 17
24 23
24 27
25 10
25 27
26 7
26 38
27 16
27 17
28 33
28 41
29 30
29 39
30 12
30 41
31 25
31 34
32 2
32 4
33 13
33 37
34 10
34 26
35 21
35 22
36 22
36 38
37 8
37 32
38 5
38 15
39 12
39 32
40 21
40 23
41 11
41 13

# solution 589
# n=42 sym=rot4 status=verified source=flammenkamp_cache/n42_rot4
# code=oINGLTbBS2SHM9L8EOYUZAV9c2G34QYEJTe8a0f5Q16ZeFa0f5X1CMR7FbcPd3WAV6B7HRXKWJODdDU4CKPIN
0 18
0 23
1 16
1 21
2 29
2 37
3 11
3 28
4 2
4 28
5 17
5 22
6 9
6 21
7 8
7 14
8 24
8 34
9 30
9 35
10 10
10 31
11 9
11 38
12 2
12 16
13 3
13 4
14 26
14 34
15 14
15 19
16 29
16 40
17 8
17 36
18 0
18 41
19 5
19 26
20 1
20 6
21 35
21 40
22 15
22 36
23 0
23 41
24 5
24 33
25 1
25 12
26 22
26 27
27 7
27 15
28 37
28 38
29 25
29 39
30 3
30 32
31 10
31 31
32 6
32 11
33 7
33 17
34 27
34 33
35 20
35 32
36 19
36 24
37 13
37 39
38 13
38 30
39 4
39 12
40 20
40 25
41 18
41 23

# solution 590
# n=42 sym=rot4 status=verified source=flammenkamp_cache/n42_rot4
# code=oDNKNEWDHVYFPKW48OY264CJQPVcfJdBa5C8c01RUZe16BEef3XTa5U2M03AGFMTbZd7HXb9LGQ7AOS9RILIS
0 13
0 23
1 20
1 23
2 14
2 32
3 13
3 17
4 31
4 34
5 15
5 25
6 20
6 32
7 4
7 8
8 24
8 34
9 2
9 6
10 4
10 12
11 19
11 26
12 25
12 31
13 38
13 41
14 19
14 39
15 11
15 36
16 5
16 12
17 8
17 38
18 0
18 1
19 27
19 30
20 35
20 40
21 1
21 6
22 11
22 14
23 40
23 41
24 3
24 33
25 29
25 36
26 5
26 30
27 2
27 22
28 0
28 3
29 10
29 16
30 15
30 22
31 29
31 37
32 35
32 39
33 7
33 17
34 33
34 37
35 9
35 21
36 16
36 26
37 7
37 10
38 24
38 28
39 9
39 27
40 18
40 21
41 18
41 28

# solution 591
# n=42 sym=rot4 status=verified source=flammenkamp_cache/n42_rot4
# code=oDTKXIO7DGa4VKTWc1F7M5UAE06cfNUOXJb2FEd9PZe16GW2RQd4M8HBI03ZfRVBaJYQe39CLAb5PSYHN8LCS
0 13
0 29
1 20
1 33
2 18
2 24
3 7
3 13
4 16
4 36
5 4
5 31
6 20
6 29
7 32
7 38
8 1
8 15
9 7
9 22
10 5
10 30
11 10
11 14
12 0
12 6
13 38
13 41
14 23
14 30
15 24
15 33
16 19
16 37
17 2
17 15
18 14
18 39
19 9
19 25
20 35
20 40
21 1
21 6
22 16
22 32
23 2
23 27
24 26
24 39
25 4
25 22
26 8
26 17
27 11
27 18
28 0
28 3
29 35
29 41
30 27
30 31
31 11
31 36
32 19
32 34
33 26
33 40
34 3
34 9
35 12
35 21
36 10
36 37
37 5
37 25
38 28
38 34
39 17
39 23
40 8
40 21
41 12
41 28

# solution 592
# n=42 sym=rot4 status=verified source=flammenkamp_cache/n42_rot4
# code=oGSBK8NDRJY8TKN4GadQV9CMe5V0c3F9RYfHO26BbZe164UZdHO07EWQc3fAa1JTWAF25PbILCX7MESIXLUDP
0 16
0 28
1 11
1 20
2 8
2 23
3 13
3 27
4 19
4 34
5 8
5 29
6 20
6 23
7 4
7 16
8 36
8 39
9 26
9 31
10 9
10 12
11 22
11 40
12 5
12 31
13 0
13 38
14 3
14 15
15 9
15 27
16 34
16 41
17 17
17 24
18 2
18 6
19 11
19 37
20 35
20 40
21 1
21 6
22 4
22 30
23 35
23 39
24 17
24 24
25 0
25 7
26 14
26 32
27 26
27 38
28 3
28 41
29 10
29 36
30 1
30 19
31 29
31 32
32 10
32 15
33 2
33 5
34 25
34 37
35 18
35 21
36 12
36 33
37 7
37 22
38 14
38 28
39 18
39 33
40 21
40 30
41 13
41 25

# solution 593
# n=42 sym=rot4 status=verified source=flammenkamp_cache/n42_rot4
# code=o7GDKEQ3cBNQVJLDfAGCO5XCbUWYeHd25Xf9R4JNZ6e1Z6IMbEW08ad2O179B4T8aHTPV0SKMAFIU3cFRLSPY
0 7
0 16
1 13
1 20
2 14
2 26
3 3
3 38
4 11
4 23
5 26
5 31
6 19
6 21
7 13
7 41
8 10
8 16
9 12
9 24
10 5
10 33
11 12
11 37
12 30
12 32
13 34
13 40
14 17
14 39
15 2
15 5
16 33
16 41
17 9
17 27
18 4
18 19
19 23
19 35
20 6
20 40
21 1
21 35
22 6
22 18
23 22
23 37
24 14
24 32
25 0
25 8
26 36
26 39
27 2
27 24
28 1
28 7
29 9
29 11
30 4
30 29
31 8
31 36
32 17
32 29
33 25
33 31
34 0
34 28
35 20
35 22
36 10
36 15
37 18
37 30
38 3
38 38
39 15
39 27
40 21
40 28
41 25
41 34

# solution 594
# n=42 sym=rot4 status=verified source=flammenkamp_cache/n42_rot4
# code=oJKDOXaAB9O2SAKPT2INbZcTc7B5ePQEJ7E149XQfZf060F8WbeRYMRFG1aUY3C364INdCGLVDdHWUV58HSLM
0 19
0 20
1 13
1 24
2 33
2 36
3 10
3 11
4 9
4 24
5 2
5 28
6 10
6 20
7 25
7 29
8 2
8 18
9 23
9 37
10 35
10 38
11 29
11 38
12 7
12 11
13 5
13 40
14 25
14 26
15 14
15 19
16 7
16 14
17 1
17 4
18 9
18 33
19 26
19 41
20 35
20 41
21 0
21 6
22 0
22 15
23 8
23 32
24 37
24 40
25 27
25 34
26 22
26 27
27 15
27 16
28 1
28 36
29 30
29 34
30 3
30 12
31 3
31 6
32 4
32 18
33 23
33 39
34 12
34 16
35 21
35 31
36 13
36 39
37 17
37 32
38 30
38 31
39 5
39 8
40 17
40 28
41 21
41 22

# solution 595
# n=42 sym=rot4 status=verified source=flammenkamp_cache/n42_rot4
# code=oCLNOBSPY9SBHLR38VYEb8IadFf246WMT3J1a1VFP06ZfGQAe5eMcCJ9Zbd0Q25NX4R7AXcEKOUDW7GDUHIKT
0 12
0 21
1 23
1 24
2 11
2 28
3 25
3 34
4 9
4 28
5 11
5 17
6 21
6 27
7 3
7 8
8 31
8 34
9 14
9 37
10 8
10 18
11 36
11 39
12 15
12 41
13 2
13 4
14 6
14 32
15 22
15 29
16 3
16 19
17 1
17 36
18 1
18 31
19 15
19 25
20 0
20 6
21 35
21 41
22 16
22 26
23 10
23 40
24 5
24 40
25 22
25 38
26 12
26 19
27 9
27 35
28 37
28 39
29 0
29 26
30 2
30 5
31 23
31 33
32 4
32 27
33 7
33 10
34 33
34 38
35 14
35 20
36 24
36 30
37 13
37 32
38 7
38 16
39 13
39 30
40 17
40 18
41 20
41 29

# solution 596
# n=42 sym=rot4 status=verified source=flammenkamp_cache/n42_rot4
# code=oHLDOIWDPYa4U8L4TQZ2IET5F7AceJV8U3J1fWdPR06ZfEG290eMcBXAM13VYQaCRNd6FCbKXBb57GS9NHSKO
0 17
0 21
1 13
1 24
2 18
2 32
3 13
3 25
4 34
4 36
5 4
5 30
6 8
6 21
7 4
7 29
8 26
8 35
9 2
9 18
10 14
10 29
11 5
11 15
12 7
12 10
13 38
13 40
14 19
14 31
15 8
15 30
16 3
16 19
17 1
17 41
18 32
18 39
19 25
19 27
20 0
20 6
21 35
21 41
22 14
22 16
23 2
23 9
24 0
24 40
25 22
25 38
26 11
26 33
27 10
27 22
28 1
28 3
29 31
29 34
30 26
30 36
31 12
31 27
32 23
32 39
33 6
33 15
34 12
34 37
35 20
35 33
36 11
36 37
37 5
37 7
38 16
38 28
39 9
39 23
40 17
40 28
41 20
41 24

# solution 597
# n=42 sym=rot4 status=verified source=flammenkamp_cache/n42_rot4
# code=oKNFWJaCRAG2T8K8IYZ1V9bQS5cBG3JBeSbHO0YRdZf062E7fHO4D1UMcPU3aDF4WAe67NXLXCdPVET5M9QIL
0 20
0 23
1 15
1 32
2 19
2 36
3 12
3 27
4 10
4 16
5 2
5 29
6 8
6 20
7 8
7 18
8 34
8 35
9 1
9 31
10 9
10 37
11 26
11 28
12 5
12 38
13 11
13 16
14 3
14 19
15 11
15 40
16 28
16 37
17 17
17 24
18 0
18 34
19 27
19 39
20 35
20 41
21 0
21 6
22 2
22 14
23 7
23 41
24 17
24 24
25 4
25 13
26 1
26 30
27 22
27 38
28 25
28 30
29 3
29 36
30 13
30 15
31 4
31 32
32 10
32 40
33 6
33 7
34 23
34 33
35 21
35 33
36 12
36 39
37 25
37 31
38 14
38 29
39 5
39 22
40 9
40 26
41 18
41 21

# solution 598
# n=42 sym=rot4 status=verified source=flammenkamp_cache/n42_rot4
# code=oKMQWBDGRDVVXLTQW5I1745Id6Pbd3O17CcEJUX0O6f0ZHf8BMR3TYeHc24GZ2NabYeNa9FCK8AASEPSU9FJL
0 20
0 22
1 26
1 32
2 11
2 13
3 16
3 27
4 13
4 31
5 31
5 33
6 21
6 29
7 26
7 32
8 5
8 18
9 1
9 7
10 4
10 5
11 18
11 39
12 6
12 25
13 37
13 39
14 3
14 24
15 1
15 7
16 12
16 38
17 14
17 19
18 30
18 33
19 0
19 24
20 6
20 41
21 0
21 35
22 17
22 41
23 8
23 11
24 22
24 27
25 3
25 29
26 34
26 40
27 17
27 38
28 2
28 4
29 16
29 35
30 2
30 23
31 36
31 37
32 34
32 40
33 23
33 36
34 9
34 15
35 12
35 20
36 8
36 10
37 10
37 28
38 14
38 25
39 28
39 30
40 9
40 15
41 19
41 21

# solution 599
# n=42 sym=rot4 status=verified source=flammenkamp_cache/n42_rot4
# code=oLNVXNOCE8FOSKY6F1bEG1BSVGc5BWcYbTW2502JM0Z6fJMdfad9C4739Ua3PADUePR4eQZ7LDHQXRTHI8AIK
0 21
0 23
1 31
1 33
2 23
2 24
3 12
3 14
4 8
4 15
5 24
5 28
6 20
6 34
7 6
7 15
8 1
8 37
9 14
9 16
10 1
10 11
11 28
11 31
12 16
12 38
13 5
13 11
14 32
14 38
15 34
15 37
16 29
16 32
17 2
17 5
18 0
18 2
19 19
19 22
20 0
20 35
21 6
21 41
22 19
22 22
23 39
23 41
24 36
24 39
25 9
25 12
26 4
26 7
27 3
27 9
28 30
28 36
29 3
29 25
30 10
30 13
31 30
31 40
32 25
32 27
33 4
33 40
34 26
34 35
35 7
35 21
36 13
36 17
37 26
37 33
38 27
38 29
39 17
39 18
40 8
40 10
41 18
41 20

# solution 600
# n=42 sym=rot4 status=verified source=flammenkamp_cache/n42_rot4
# code=oKV9QHSTX5GNbLTBV3OEe07IY362QGW1DRb8d5UJM6f0ZJMBa2X4ESe9PFdZc7NYf1RHcAUCK4IPa8CDOFWAL
0 20
0 31
1 9
1 26
2 17
2 28
3 29
3 33
4 5
4 16
5 23
5 37
6 21
6 29
7 11
7 31
8 3
8 24
9 14
9 40
10 0
10 7
11 18
11 34
12 3
12 6
13 2
13 26
14 16
14 32
15 1
15 13
16 27
16 37
17 8
17 39
18 5
18 30
19 19
19 22
20 6
20 41
21 0
21 35
22 19
22 22
23 11
23 36
24 2
24 33
25 4
25 14
26 28
26 40
27 9
27 25
28 15
28 39
29 35
29 38
30 7
30 23
31 34
31 41
32 1
32 27
33 17
33 38
34 10
34 30
35 12
35 20
36 4
36 18
37 25
37 36
38 8
38 12
39 13
39 24
40 15
40 32
41 10
41 21

# solution 601
# n=42 sym=rot4 status=verified source=flammenkamp_cache/n42_rot4
# code=oILHTIUDPAS5aKOAX7EJTYb2G194cFXJR3U6edfQW0Z6f9F021ZBcEM8Q3bWePd47CMRY8VHL5aDVGSBNCOKN
0 18
0 21
1 17
1 29
2 18
2 30
3 13
3 25
4 10
4 28
5 5
5 36
6 20
6 24
7 10
7 33
8 7
8 14
9 19
9 29
10 34
10 37
11 2
11 16
12 1
12 9
13 4
13 38
14 15
14 33
15 19
15 27
16 3
16 30
17 6
17 40
18 39
18 41
19 26
19 32
20 0
20 35
21 6
21 41
22 9
22 15
23 0
23 2
24 1
24 35
25 11
25 38
26 14
26 22
27 8
27 26
28 3
28 37
29 32
29 40
30 25
30 39
31 4
31 7
32 12
32 22
33 27
33 34
34 8
34 31
35 17
35 21
36 5
36 36
37 13
37 31
38 16
38 28
39 11
39 23
40 12
40 24
41 20
41 23

# solution 602
# n=42 sym=rot4 status=verified source=flammenkamp_cache/n42_rot4
# code=oLVCEJU8aBV3RKP7YGcDH042bQeQW5eCD6XNWHJNd0Z6f2IMO9I8ZST1a9F1F4dbfOS3P7YGLEcAU5XBMRTAK
0 21
0 31
1 12
1 14
2 19
2 30
3 8
3 36
4 11
4 31
5 3
5 27
6 20
6 25
7 7
7 34
8 16
8 38
9 13
9 17
10 0
10 4
11 2
11 37
12 26
12 40
13 26
13 32
14 5
14 40
15 12
15 13
16 6
16 33
17 23
17 32
18 17
18 19
19 23
19 39
20 0
20 35
21 6
21 41
22 2
22 18
23 22
23 24
24 9
24 18
25 8
25 35
26 28
26 29
27 1
27 36
28 9
28 15
29 1
29 15
30 4
30 39
31 37
31 41
32 24
32 28
33 3
33 25
34 7
34 34
35 16
35 21
36 14
36 38
37 10
37 30
38 5
38 33
39 11
39 22
40 27
40 29
41 10
41 20

# solution 603
# n=42 sym=rot4 status=verified source=flammenkamp_cache/n42_rot4
# code=oHK89EUCWNR7PLVAaGe3e6Y2QHcIQ4dBD5XTf4SJM6f0ZJMDb0C8aSU2bFN3OFd7Z1c1P5VAKGYEI9TBRWXLO
0 17
0 20
1 8
1 9
2 14
2 30
3 12
3 32
4 23
4 27
5 7
5 25
6 21
6 31
7 10
7 36
8 16
8 40
9 3
9 40
10 6
10 34
11 2
11 26
12 17
12 38
13 18
13 26
14 4
14 39
15 11
15 13
16 5
16 33
17 29
17 41
18 4
18 28
19 19
19 22
20 6
20 41
21 0
21 35
22 19
22 22
23 13
23 37
24 0
24 12
25 8
25 36
26 28
26 30
27 2
27 37
28 15
28 23
29 3
29 24
30 15
30 39
31 7
31 35
32 1
32 38
33 1
33 25
34 5
34 31
35 10
35 20
36 16
36 34
37 14
37 18
38 9
38 29
39 11
39 27
40 32
40 33
41 21
41 24

# solution 604
# n=42 sym=rot4 status=verified source=flammenkamp_cache/n42_rot4
# code=oLUHS8HQSAICGKWTVPd6U7b097a13IJ3J8adeRbQR0Z6fEF4E125XMcMNce5YWf4YBZ2GAC9LPTNVDFOXDOBK
0 21
0 30
1 17
1 28
2 8
2 17
3 26
3 28
4 10
4 18
5 12
5 16
6 20
6 32
7 29
7 31
8 25
8 39
9 6
9 30
10 7
10 37
11 0
11 9
12 7
12 36
13 1
13 3
14 18
14 19
15 3
15 19
16 8
16 36
17 39
17 40
18 27
18 37
19 26
19 27
20 0
20 35
21 6
21 41
22 14
22 15
23 4
23 14
24 1
24 2
25 5
25 33
26 22
26 38
27 22
27 23
28 38
28 40
29 5
29 34
30 32
30 41
31 4
31 34
32 11
32 35
33 2
33 16
34 10
34 12
35 9
35 21
36 25
36 29
37 23
37 31
38 13
38 15
39 24
39 33
40 13
40 24
41 11
41 20

# solution 605
# n=42 sym=rot4 status=verified source=flammenkamp_cache/n42_rot4
# code=oKXDHPSUZ4bHQ3LAC0EPRUY3AIY2e9X5M29aeJTFN6f0ZIQCM15WdJa8W1d7NVc7BEGRfTVKcFO4b6BDGOS8L
0 20
0 33
1 13
1 17
2 25
2 28
3 30
3 35
4 4
4 37
5 17
5 26
6 3
6 21
7 10
7 12
8 0
8 14
9 25
9 27
10 30
10 34
11 3
11 10
12 18
12 34
13 2
13 40
14 9
14 33
15 5
15 22
16 2
16 9
17 36
17 40
18 19
18 29
19 15
19 23
20 6
20 41
21 0
21 35
22 18
22 26
23 12
23 22
24 1
24 5
25 32
25 39
26 19
26 36
27 8
27 32
28 1
28 39
29 7
29 23
30 31
30 38
31 7
31 11
32 14
32 16
33 27
33 41
34 29
34 31
35 20
35 38
36 15
36 24
37 4
37 37
38 6
38 11
39 13
39 16
40 24
40 28
41 8
41 21

# solution 606
# n=42 sym=rot4 status=verified source=flammenkamp_cache/n42_rot4
# code=o6YGOSWBK6XKSbf0O4J2RBJVcFP259FRTCe17INVXac358AINYe1TCEQWadGQ3AMUEdMbHf04DL8ZLU9DHP7Z
0 6
0 34
1 16
1 24
2 28
2 32
3 11
3 20
4 6
4 33
5 20
5 28
6 37
6 41
7 0
7 24
8 4
8 19
9 2
9 27
10 11
10 19
11 31
11 38
12 15
12 25
13 2
13 5
14 9
14 15
15 27
15 29
16 12
16 40
17 1
17 7
18 18
18 23
19 31
19 33
20 36
20 38
21 3
21 5
22 8
22 10
23 18
23 23
24 34
24 40
25 1
25 29
26 12
26 14
27 26
27 32
28 36
28 39
29 16
29 26
30 3
30 10
31 22
31 30
32 14
32 39
33 22
33 37
34 17
34 41
35 0
35 4
36 13
36 21
37 8
37 35
38 21
38 30
39 9
39 13
40 17
40 25
41 7
41 35

# solution 607
# n=42 sym=rot4 status=verified source=flammenkamp_cache/n42_rot4
# code=oEG6XMQFLPY6Lae4B1DBSCIWYMV9XHf2c4fIROV2C35acTdAHEN0b3d0O8WAJ79NTDUSeUb15KZ7GKQFJ8ZPR
0 14
0 16
1 6
1 33
2 22
2 26
3 15
3 21
4 25
4 34
5 6
5 21
6 36
6 40
7 4
7 11
8 1
8 13
9 11
9 28
10 12
10 18
11 32
11 34
12 22
12 31
13 9
13 33
14 17
14 41
15 2
15 38
16 4
16 41
17 18
17 27
18 24
18 31
19 2
19 12
20 3
20 5
21 36
21 38
22 29
22 39
23 10
23 17
24 14
24 23
25 0
25 37
26 3
26 39
27 0
27 24
28 8
28 32
29 10
29 19
30 7
30 9
31 23
31 29
32 13
32 30
33 28
33 40
34 30
34 37
35 1
35 5
36 20
36 35
37 7
37 16
38 20
38 26
39 15
39 19
40 8
40 35
41 25
41 27

# solution 608
# n=42 sym=rot4 status=verified source=flammenkamp_cache/n42_rot4
# code=oBQ7J8TLV7CKOBDbeVdJS38Zf2b9ZFP0REH5PINWe3a5c19INGaOREfGQ6W4d06XcDM2A14SUHLTYAKCXMYFU
0 11
0 26
1 7
1 19
2 8
2 29
3 21
3 31
4 7
4 12
5 20
5 24
6 11
6 13
7 37
7 40
8 31
8 39
9 19
9 28
10 3
10 8
11 35
11 41
12 2
12 37
13 9
13 35
14 15
14 25
15 0
15 27
16 14
16 17
17 5
17 25
18 18
18 23
19 32
19 40
20 3
20 36
21 5
21 38
22 1
22 9
23 18
23 23
24 16
24 36
25 24
25 27
26 14
26 41
27 16
27 26
28 6
28 32
29 4
29 39
30 0
30 6
31 33
31 38
32 13
32 22
33 2
33 10
34 1
34 4
35 28
35 30
36 17
36 21
37 29
37 34
38 10
38 20
39 12
39 33
40 22
40 34
41 15
41 30

# solution 609
# n=42 sym=rot4 status=verified source=flammenkamp_cache/n42_rot4
# code=o4EAQDLCZVfLU3RCMBQMP4e5XYcOd6f189HDPIN7925adWYINGSOWXe0Z2H378a1bGJFUJTEcBK0A6TKSFVRb
0 4
0 14
1 10
1 26
2 13
2 21
3 12
3 35
4 31
4 41
5 21
5 30
6 3
6 27
7 12
7 22
8 11
8 26
9 22
9 25
10 4
10 40
11 5
11 33
12 34
12 38
13 24
13 39
14 6
14 41
15 1
15 8
16 9
16 17
17 13
17 25
18 18
18 23
19 7
19 9
20 2
20 5
21 36
21 39
22 32
22 34
23 18
23 23
24 16
24 28
25 24
25 32
26 33
26 40
27 0
27 35
28 2
28 17
29 3
29 7
30 8
30 36
31 1
31 37
32 16
32 19
33 15
33 30
34 19
34 29
35 14
35 38
36 11
36 20
37 0
37 10
38 6
38 29
39 20
39 28
40 15
40 31
41 27
41 37

# solution 610
# n=42 sym=rot4 status=verified source=flammenkamp_cache/n42_rot4
# code=oIODNCLPVSYBL7V4ZETMP36Ma8d4eQXEH390Q1f9B25adUW0eFfWcOR8F1b2X5JZcGJCR6bAYKU7DAGKTISHN
0 18
0 24
1 13
1 23
2 12
2 21
3 25
3 31
4 28
4 34
5 11
5 21
6 7
6 31
7 4
7 35
8 14
8 29
9 22
9 25
10 3
10 6
11 22
11 36
12 8
12 39
13 4
13 40
14 26
14 33
15 14
15 17
16 3
16 9
17 0
17 26
18 1
18 41
19 9
19 11
20 2
20 5
21 36
21 39
22 30
22 32
23 0
23 40
24 15
24 41
25 32
25 38
26 24
26 27
27 8
27 15
28 1
28 37
29 2
29 33
30 5
30 19
31 35
31 38
32 16
32 19
33 12
33 27
34 6
34 37
35 10
35 34
36 20
36 30
37 7
37 13
38 10
38 16
39 20
39 29
40 18
40 28
41 17
41 23

# solution 611
# n=42 sym=rot4 status=verified source=flammenkamp_cache/n42_rot4
# code=oENFGBKVY6TGKIb38DYAQ3WJd4HMXHf9eaeRT0ZDUad25BS6fCE151W0O8JOb2M9cFV7SXc4NLPCZ7ALUPQIR
0 14
0 23
1 15
1 16
2 11
2 20
3 31
3 34
4 6
4 29
5 16
5 20
6 18
6 37
7 3
7 8
8 13
8 34
9 10
9 26
10 3
10 32
11 19
11 39
12 4
12 17
13 22
13 33
14 17
14 41
15 9
15 40
16 36
16 40
17 27
17 29
18 0
18 35
19 13
19 30
20 36
20 39
21 2
21 5
22 11
22 28
23 6
23 41
24 12
24 14
25 1
25 5
26 1
26 32
27 0
27 24
28 8
28 19
29 24
29 37
30 2
30 22
31 9
31 38
32 15
32 31
33 7
33 28
34 33
34 38
35 4
35 23
36 21
36 25
37 12
37 35
38 7
38 10
39 21
39 30
40 25
40 26
41 18
41 27

# solution 612
# n=42 sym=rot4 status=verified source=flammenkamp_cache/n42_rot4
# code=oIPQZDKVYDI8K1C3RWa8U3J9HPZbd7F1R0CJUbfOVad25AH04BMTfEeQY246GOWMcBX59EcTeLXNS7ALS6FGN
0 18
0 25
1 26
1 35
2 13
2 20
3 31
3 34
4 13
4 18
5 8
5 20
6 1
6 12
7 3
7 27
8 32
8 36
9 8
9 30
10 3
10 19
11 9
11 17
12 25
12 35
13 37
13 39
14 7
14 15
15 1
15 27
16 0
16 12
17 19
17 30
18 37
18 41
19 24
19 31
20 36
20 39
21 2
21 5
22 10
22 17
23 0
23 4
24 11
24 22
25 29
25 41
26 14
26 40
27 26
27 34
28 2
28 4
29 6
29 16
30 24
30 32
31 22
31 38
32 11
32 33
33 5
33 9
34 14
34 38
35 29
35 40
36 21
36 33
37 23
37 28
38 7
38 10
39 21
39 28
40 6
40 15
41 16
41 23

# solution 613
# n=42 sym=rot4 status=verified source=flammenkamp_cache/n42_rot4
# code=oDaUVGKST6A0KOb8UMYOT1b17393fERIMId69PQ8Fad25QXFGWZ2NJNER0cWcYe4eCH7JBX4HLfVZCDLPAB5S
0 13
0 36
1 30
1 31
2 16
2 20
3 28
3 29
4 6
4 10
5 0
5 20
6 24
6 37
7 8
7 30
8 22
8 34
9 24
9 29
10 1
10 37
11 1
11 7
12 3
12 9
13 3
13 41
14 14
14 27
15 18
15 22
16 18
16 39
17 6
17 9
18 25
18 26
19 8
19 15
20 36
20 39
21 2
21 5
22 26
22 33
23 15
23 16
24 32
24 35
25 2
25 23
26 19
26 23
27 14
27 27
28 0
28 38
29 32
29 38
30 34
30 40
31 4
31 40
32 12
32 17
33 7
33 19
34 11
34 33
35 4
35 17
36 21
36 41
37 31
37 35
38 12
38 13
39 21
39 25
40 10
40 11
41 5
41 28

# solution 614
# n=42 sym=rot4 status=verified source=flammenkamp_cache/n42_rot4
# code=oDVHVEKOb3P9K9XEU6GZa017JMQFfYdCS4X3eINCUad25BTIN1c8bDT270QFJMYef56PZBR8WLWGc4HLRAOAS
0 13
0 31
1 17
1 31
2 14
2 20
3 24
3 37
4 3
4 25
5 9
5 20
6 9
6 33
7 14
7 30
8 6
8 16
9 35
9 36
10 0
10 1
11 7
11 19
12 22
12 26
13 15
13 41
14 34
14 39
15 12
15 28
16 4
16 33
17 3
17 40
18 18
18 23
19 12
19 30
20 36
20 39
21 2
21 5
22 11
22 29
23 18
23 23
24 1
24 38
25 8
25 37
26 13
26 29
27 2
27 7
28 0
28 26
29 15
29 19
30 22
30 34
31 40
31 41
32 5
32 6
33 25
33 35
34 11
34 27
35 8
35 32
36 21
36 32
37 16
37 38
38 4
38 17
39 21
39 27
40 10
40 24
41 10
41 28

# solution 615
# n=42 sym=rot4 status=verified source=flammenkamp_cache/n42_rot4
# code=oCOFZLTJV8GLS1H9UUbQY3N782f5NER9eJb0ZADPc25ad3GSV6f4M1WERIa0dXYIc7F4BBWOeDKPXAMCK6QHT
0 12
0 24
1 15
1 35
2 21
2 29
3 19
3 31
4 8
4 16
5 21
5 28
6 1
6 17
7 9
7 30
8 30
8 37
9 26
9 34
10 3
10 23
11 7
11 8
12 2
12 41
13 5
13 23
14 14
14 27
15 9
15 40
16 19
16 37
17 0
17 35
18 10
18 13
19 25
19 38
20 2
20 5
21 36
21 39
22 3
22 16
23 28
23 31
24 6
24 41
25 4
25 22
26 1
26 32
27 14
27 27
28 18
28 36
29 0
29 39
30 33
30 34
31 18
31 38
32 7
32 15
33 4
33 11
34 11
34 32
35 24
35 40
36 13
36 20
37 25
37 33
38 10
38 22
39 12
39 20
40 6
40 26
41 17
41 29

# solution 616
# n=42 sym=rot4 status=verified source=flammenkamp_cache/n42_rot4
# code=oADMOEKTWEW7LQVXa7P346fJO3FGfbd6T8S1BIN1U5d2aBeINUeDXCZ240PQcHM0ZbcGY58AFKY9R9CLRHJSV
0 10
0 13
1 22
1 24
2 14
2 20
3 29
3 32
4 14
4 32
5 7
5 21
6 26
6 31
7 33
7 36
8 7
8 25
9 3
9 4
10 6
10 41
11 19
11 24
12 3
12 15
13 16
13 41
14 37
14 39
15 6
15 29
16 8
16 28
17 1
17 11
18 18
18 23
19 1
19 30
20 5
20 39
21 2
21 36
22 11
22 40
23 18
23 23
24 30
24 40
25 13
25 33
26 12
26 35
27 2
27 4
28 0
28 25
29 26
29 38
30 17
30 22
31 0
31 35
32 37
32 38
33 16
33 34
34 5
34 8
35 10
35 15
36 20
36 34
37 9
37 27
38 9
38 12
39 21
39 27
40 17
40 19
41 28
41 31

# solution 617
# n=42 sym=rot4 status=verified source=flammenkamp_cache/n42_rot4
# code=oRZJK7XDFHYCK0U4d2GJNCS6QVaAc0NBcHXPb9EWeae1519RW4G8O3UIf3V5AFZDTIMPd2bBfLT7OQS8YLM6E
0 27
0 35
1 19
1 20
2 7
2 33
3 13
3 15
4 17
4 34
5 12
5 20
6 0
6 30
7 4
7 39
8 2
8 16
9 19
9 23
10 12
10 28
11 6
11 26
12 31
12 36
13 10
13 38
14 0
14 23
15 11
15 38
16 17
16 33
17 25
17 37
18 9
18 14
19 32
19 40
20 36
20 40
21 1
21 5
22 1
22 9
23 27
23 32
24 4
24 16
25 8
25 24
26 3
26 30
27 18
27 41
28 3
28 31
29 5
29 10
30 15
30 35
31 13
31 29
32 18
32 22
33 25
33 39
34 2
34 37
35 11
35 41
36 21
36 29
37 7
37 24
38 26
38 28
39 8
39 34
40 21
40 22
41 6
41 14

# solution 618
# n=42 sym=rot4 status=verified source=flammenkamp_cache/n42_rot4
# code=oRdHL08DQAULTNY6CJdADWb4M5YWc0H3IGPRe6QBX15ae8UFZ1EGPNcOf397aJb49SV2MTZ7ICKBVFSXfKO2E
0 27
0 39
1 17
1 21
2 0
2 8
3 13
3 26
4 10
4 30
5 21
5 29
6 23
6 34
7 6
7 12
8 19
8 39
9 10
9 13
10 32
10 37
11 4
11 22
12 5
12 34
13 32
13 38
14 0
14 17
15 3
15 18
16 16
16 25
17 27
17 40
18 6
18 26
19 11
19 33
20 1
20 5
21 36
21 40
22 8
22 30
23 15
23 35
24 1
24 14
25 16
25 25
26 23
26 38
27 24
27 41
28 3
28 9
29 7
29 36
30 19
30 37
31 4
31 9
32 28
32 31
33 2
33 22
34 29
34 35
35 7
35 18
36 12
36 20
37 11
37 31
38 15
38 28
39 33
39 41
40 20
40 24
41 2
41 14

# solution 619
# n=42 sym=rot4 status=verified source=flammenkamp_cache/n42_rot4
# code=oMRJK9FTZPVKS3BIX7AOd4XHZ3Q5N0GCd4R9UDY0eae151f7SBWEb2TPfIaFc6O8b2HVY8NUcDLAG6CQWLMEJ
0 22
0 27
1 19
1 20
2 9
2 15
3 29
3 35
4 25
4 31
5 20
5 28
6 3
6 11
7 18
7 33
8 7
8 10
9 24
9 39
10 4
10 33
11 17
11 35
12 3
12 26
13 5
13 23
14 0
14 16
15 12
15 39
16 4
16 27
17 9
17 30
18 13
18 34
19 0
19 40
20 36
20 40
21 1
21 5
22 1
22 41
23 7
23 28
24 11
24 32
25 14
25 37
26 2
26 29
27 25
27 41
28 18
28 36
29 15
29 38
30 6
30 24
31 8
31 37
32 2
32 17
33 31
33 34
34 8
34 23
35 30
35 38
36 13
36 21
37 10
37 16
38 6
38 12
39 26
39 32
40 21
40 22
41 14
41 19

# solution 620
# n=42 sym=rot4 status=verified source=flammenkamp_cache/n42_rot4
# code=oES7KORADIVKZ5WIePT6U4c9J8O0c2fGJ8Q2CYbQUae15BF47TdFXMP0d3fHXMW3bBZCG1N9a6LANSVEHLYDR
0 14
0 28
1 7
1 20
2 24
2 27
3 10
3 13
4 18
4 31
5 20
5 35
6 5
6 32
7 18
7 40
8 25
8 29
9 6
9 30
10 4
10 38
11 9
11 19
12 8
12 24
13 0
13 38
14 2
14 41
15 16
15 19
16 8
16 26
17 2
17 12
18 34
18 37
19 26
19 30
20 36
20 40
21 1
21 5
22 11
22 15
23 4
23 7
24 29
24 39
25 15
25 33
26 22
26 25
27 0
27 39
28 3
28 41
29 17
29 33
30 22
30 32
31 3
31 37
32 11
32 35
33 12
33 16
34 1
34 23
35 9
35 36
36 6
36 21
37 10
37 23
38 28
38 31
39 14
39 17
40 21
40 34
41 13
41 27

# solution 621
# n=42 sym=rot4 status=verified source=flammenkamp_cache/n42_rot4
# code=oOQAK7SJZPRDK3VRd9MQX6eCHGU2a47094T0UIN8cae153XINBfCbWfYb5dBPOT1Z8FJW2EAcLSEG6MDYLVFH
0 24
0 26
1 10
1 20
2 7
2 28
3 19
3 35
4 25
4 27
5 13
5 20
6 3
6 31
7 27
7 39
8 9
8 22
9 26
9 33
10 6
10 40
11 12
11 17
12 16
12 30
13 2
13 36
14 4
14 7
15 0
15 9
16 4
16 29
17 0
17 30
18 18
18 23
19 8
19 38
20 36
20 40
21 1
21 5
22 3
22 33
23 18
23 23
24 11
24 41
25 12
25 37
26 32
26 41
27 34
27 37
28 5
28 39
29 11
29 25
30 24
30 29
31 1
31 35
32 8
32 15
33 19
33 32
34 2
34 14
35 10
35 38
36 21
36 28
37 14
37 16
38 6
38 22
39 13
39 34
40 21
40 31
41 15
41 17

# solution 622
# n=42 sym=rot4 status=verified source=flammenkamp_cache/n42_rot4
# code=oEPGKRVTZ6BIL3bOQCW8F2UAb3XIJ2f7W0e7JSaOS5e1aDH5DMY1f9Y0dMN8c4VBdQX9TFH4cKNUZ6CAELPGR
0 14
0 25
1 16
1 20
2 27
2 31
3 29
3 35
4 6
4 11
5 18
5 21
6 3
6 37
7 24
7 26
8 12
8 32
9 8
9 15
10 2
10 30
11 10
11 37
12 3
12 33
13 18
13 19
14 2
14 41
15 7
15 32
16 0
16 40
17 7
17 19
18 28
18 36
19 24
19 28
20 5
20 40
21 1
21 36
22 13
22 17
23 5
23 13
24 22
24 34
25 1
25 41
26 9
26 34
27 0
27 39
28 22
28 23
29 8
29 38
30 4
30 31
31 11
31 39
32 26
32 33
33 9
33 29
34 15
34 17
35 4
35 38
36 20
36 23
37 30
37 35
38 6
38 12
39 10
39 14
40 21
40 25
41 16
41 27

# solution 623
# n=42 sym=rot4 status=verified source=flammenkamp_cache/n42_rot4
# code=oHSKa8UJYEV1L9D3CIdEZ4M2TBY0ZWbFQIOGfPXAc5e1a3V8G0PHNFQ496f7UCdJb6R2NTcSWKeAR7MBX5LDO
0 17
0 28
1 20
1 36
2 8
2 30
3 19
3 34
4 14
4 31
5 1
5 21
6 9
6 13
7 3
7 12
8 18
8 39
9 14
9 35
10 4
10 22
11 2
11 29
12 11
12 34
13 0
13 35
14 32
14 37
15 15
15 26
16 18
16 24
17 16
17 41
18 25
18 33
19 10
19 38
20 5
20 40
21 1
21 36
22 3
22 31
23 8
23 16
24 0
24 25
25 17
25 23
26 15
26 26
27 4
27 9
28 6
28 41
29 7
29 30
30 12
30 39
31 19
31 37
32 6
32 27
33 2
33 23
34 29
34 38
35 28
35 32
36 20
36 40
37 10
37 27
38 7
38 22
39 11
39 33
40 5
40 21
41 13
41 24

# solution 624
# n=42 sym=rot4 status=verified source=flammenkamp_cache/n42_rot4
# code=oGV6L9J7ZRSKX3eMc5FFd0TCOAU4O4GWXRfBDIN7d1a5e2YINSU0E89PbHbBVHTCf2QQa3J1c8LDE6YMWKZAP
0 16
0 31
1 6
1 21
2 9
2 19
3 7
3 35
4 27
4 28
5 20
5 33
6 3
6 40
7 22
7 38
8 5
8 15
9 15
9 39
10 0
10 29
11 12
11 24
12 10
12 30
13 4
13 24
14 4
14 16
15 32
15 33
16 27
16 41
17 11
17 13
18 18
18 23
19 7
19 39
20 1
20 36
21 5
21 40
22 2
22 34
23 18
23 23
24 28
24 30
25 0
25 14
26 8
26 9
27 25
27 37
28 17
28 37
29 11
29 31
30 17
30 29
31 12
31 41
32 2
32 26
33 26
33 36
34 3
34 19
35 1
35 38
36 8
36 21
37 13
37 14
38 6
38 34
39 22
39 32
40 20
40 35
41 10
41 25

# solution 625
# n=42 sym=rot4 status=verified source=flammenkamp_cache/n42_rot4
# code=oFMBK8GPQOVLY895AZdRZ4YTeBMHR9D3f3d4SIN0C5e1aTfINDb2c0cSWEOJU1C7b6E26VaWX7KAHFGPXLUJQ
0 15
0 22
1 11
1 20
2 8
2 16
3 25
3 26
4 24
4 31
5 21
5 34
6 8
6 9
7 5
7 10
8 35
8 39
9 27
9 35
10 4
10 34
11 29
11 40
12 11
12 22
13 17
13 27
14 9
14 13
15 3
15 41
16 3
16 39
17 4
17 28
18 18
18 23
19 0
19 12
20 5
20 40
21 1
21 36
22 29
22 41
23 18
23 23
24 13
24 37
25 2
25 38
26 0
26 38
27 28
27 32
28 14
28 24
29 19
29 30
30 1
30 12
31 7
31 37
32 6
32 14
33 2
33 6
34 31
34 36
35 32
35 33
36 7
36 20
37 10
37 17
38 15
38 16
39 25
39 33
40 21
40 30
41 19
41 26

# solution 626
# n=42 sym=rot4 status=verified source=flammenkamp_cache/n42_rot4
# code=oHXIKEQDUMVAL7QXZ07EU4a39MPHcWd26CISfPe4C5e1aTb1G0DNTZd293OGJWc5bBRYf68FYKVAJBSFRLN8O
0 17
0 33
1 18
1 20
2 14
2 26
3 13
3 30
4 22
4 31
5 10
5 21
6 7
6 26
7 33
7 35
8 0
8 7
9 14
9 30
10 4
10 36
11 3
11 9
12 22
12 25
13 17
13 38
14 32
14 39
15 2
15 6
16 12
16 18
17 28
17 41
18 25
18 40
19 4
19 12
20 5
20 40
21 1
21 36
22 29
22 37
23 1
23 16
24 0
24 13
25 23
25 29
26 35
26 39
27 2
27 9
28 3
28 24
29 16
29 19
30 32
30 38
31 5
31 37
32 11
32 27
33 34
33 41
34 6
34 8
35 15
35 34
36 20
36 31
37 10
37 19
38 11
38 28
39 15
39 27
40 21
40 23
41 8
41 24

# solution 627
# n=42 sym=rot4 status=verified source=flammenkamp_cache/n42_rot4
# code=oFSKMIRBZUYLR3H4O8XASJW4cNP0925GfCQ7ZCd1V5e1aAe2T6YFT0PadWfGI3b9MDV8XHbOcEK7B6UENJLDQ
0 15
0 28
1 20
1 22
2 18
2 27
3 11
3 35
4 30
4 34
5 21
5 27
6 3
6 17
7 4
7 24
8 8
8 33
9 10
9 28
10 19
10 32
11 4
11 38
12 23
12 25
13 0
13 9
14 2
14 5
15 16
15 41
16 12
16 26
17 7
17 35
18 12
18 39
19 1
19 31
20 5
20 40
21 1
21 36
22 10
22 40
23 2
23 29
24 6
24 34
25 15
25 29
26 0
26 25
27 36
27 39
28 32
28 41
29 16
29 18
30 3
30 37
31 9
31 22
32 13
32 31
33 8
33 33
34 17
34 37
35 24
35 38
36 14
36 20
37 7
37 11
38 6
38 30
39 14
39 23
40 19
40 21
41 13
41 26

# solution 628
# n=42 sym=rot4 status=verified source=flammenkamp_cache/n42_rot4
# code=oFTIKDb9S2HBLUY6AHQEcJY6a0G3dPW8fETXbJeNV5e1aAI1M48CR0X9G2cPf5Z7M3RFOVZ7BKUOdDW4SLNCQ
0 15
0 29
1 18
1 20
2 13
2 37
3 9
3 28
4 2
4 17
5 11
5 21
6 30
6 34
7 6
7 10
8 17
8 26
9 14
9 38
10 19
10 34
11 6
11 36
12 0
12 16
13 3
13 39
14 25
14 32
15 8
15 41
16 14
16 29
17 33
17 37
18 19
18 40
19 23
19 31
20 5
20 40
21 1
21 36
22 10
22 18
23 1
23 22
24 4
24 8
25 12
25 27
26 0
26 33
27 9
27 16
28 2
28 38
29 25
29 41
30 5
30 35
31 7
31 22
32 3
32 27
33 15
33 24
34 31
34 35
35 7
35 11
36 20
36 30
37 24
37 39
38 13
38 32
39 4
39 28
40 21
40 23
41 12
41 26

# solution 629
# n=42 sym=rot4 status=verified source=flammenkamp_cache/n42_rot4
# code=oHJIL7DUWEWGKRY6dAH34SX3FFJAd6bTUIaXfPeTf1a5e0C1G085NBC4Z2VMQQc8DbcOV2Z7ELP9R9BSYKNMO
0 17
0 19
1 18
1 21
2 7
2 13
3 30
3 32
4 14
4 32
5 16
5 20
6 27
6 34
7 6
7 39
8 10
8 17
9 3
9 4
10 28
10 33
11 3
11 15
12 15
12 19
13 10
13 39
14 6
14 37
15 29
15 30
16 18
16 36
17 33
17 41
18 25
18 40
19 29
19 41
20 1
20 36
21 5
21 40
22 0
22 12
23 1
23 16
24 0
24 8
25 5
25 23
26 11
26 12
27 4
27 35
28 2
28 31
29 22
29 26
30 26
30 38
31 8
31 13
32 37
32 38
33 24
33 31
34 2
34 35
35 7
35 14
36 21
36 25
37 9
37 27
38 9
38 11
39 28
39 34
40 20
40 23
41 22
41 24

# solution 630
# n=42 sym=rot4 status=verified source=flammenkamp_cache/n42_rot4
# code=oDLId1A8QNRLWDPAMCc5FYdMTBXZf4G3W6RHO4e7B05afUY1bHOEZ9cPb068UCJ27Qa3TJVGS9KEIFXVe2NKS
0 13
0 21
1 18
1 39
2 1
2 10
3 8
3 26
4 23
4 27
5 21
5 32
6 13
6 25
7 10
7 22
8 12
8 38
9 5
9 15
10 34
10 39
11 22
11 29
12 11
12 33
13 35
13 41
14 4
14 16
15 3
15 32
16 6
16 27
17 17
17 24
18 4
18 40
19 7
19 11
20 0
20 5
21 36
21 41
22 30
22 34
23 1
23 37
24 17
24 24
25 14
25 35
26 9
26 38
27 25
27 37
28 0
28 6
29 8
29 30
30 12
30 19
31 2
31 7
32 26
32 36
33 3
33 29
34 19
34 31
35 16
35 28
36 9
36 20
37 14
37 18
38 15
38 33
39 31
39 40
40 2
40 23
41 20
41 28

# solution 631
# n=42 sym=rot4 status=verified source=flammenkamp_cache/n42_rot4
# code=o9LMT8G8YMRLV9G3EcdZf5IHS1DBT4YIOZdFUQV1405afbeAFBQ26HN7bCUSeDONa0623RcPWAKEJ7XPXCJKW
0 9
0 21
1 22
1 29
2 8
2 16
3 8
3 34
4 22
4 27
5 21
5 31
6 9
6 16
7 3
7 14
8 38
8 39
9 35
9 41
10 5
10 18
11 17
11 28
12 1
12 13
13 11
13 29
14 4
14 34
15 18
15 24
16 35
16 39
17 15
17 30
18 26
18 31
19 1
19 4
20 0
20 5
21 36
21 41
22 37
22 40
23 10
23 15
24 11
24 26
25 2
25 6
26 17
26 23
27 7
27 37
28 12
28 30
29 28
29 40
30 13
30 24
31 23
31 36
32 0
32 6
33 2
33 3
34 27
34 38
35 25
35 32
36 10
36 20
37 14
37 19
38 7
38 33
39 25
39 33
40 12
40 19
41 20
41 32

# solution 632
# n=42 sym=rot4 status=verified source=flammenkamp_cache/n42_rot4
# code=oEKBGMTMPTZEK47UZ9FSXDH7e249VafHX3eQVIN23af05cdINAF1c8O05AWbd1YOS8DQW6BYbLR6CGJCJPULR
0 14
0 20
1 11
1 16
2 22
2 29
3 22
3 25
4 29
4 35
5 14
5 20
6 4
6 7
7 30
7 35
8 9
8 15
9 28
9 33
10 13
10 17
11 7
11 40
12 2
12 4
13 9
13 31
14 36
14 41
15 17
15 33
16 3
16 40
17 26
17 31
18 18
18 23
19 2
19 3
20 36
20 41
21 0
21 5
22 38
22 39
23 18
23 23
24 10
24 15
25 1
25 38
26 8
26 24
27 0
27 5
28 10
28 32
29 37
29 39
30 1
30 34
31 24
31 28
32 8
32 13
33 26
33 32
34 6
34 11
35 34
35 37
36 21
36 27
37 6
37 12
38 16
38 19
39 12
39 19
40 25
40 30
41 21
41 27

# solution 633
# n=42 sym=rot4 status=verified source=flammenkamp_cache/n42_rot4
# code=oJLCMCR8QAULR7GAZWc8HYb4DdeOU253IIZDWPQ1f05af0eFG9S6NNcadBH12Sb47OX396VPYEKBVFXETJTKM
0 19
0 21
1 12
1 22
2 12
2 27
3 8
3 26
4 10
4 30
5 21
5 27
6 7
6 16
7 10
7 35
8 32
8 38
9 8
9 17
10 34
10 37
11 4
11 13
12 39
12 40
13 24
13 30
14 2
14 5
15 3
15 18
16 18
16 35
17 13
17 32
18 25
18 26
19 1
19 41
20 0
20 5
21 36
21 41
22 0
22 40
23 15
23 16
24 9
24 28
25 6
25 23
26 23
26 38
27 36
27 39
28 11
28 17
29 1
29 2
30 28
30 37
31 4
31 7
32 24
32 33
33 3
33 9
34 6
34 31
35 25
35 34
36 14
36 20
37 11
37 31
38 15
38 33
39 14
39 29
40 19
40 29
41 20
41 22

# solution 634
# n=42 sym=rot4 status=verified source=flammenkamp_cache/n42_rot4
# code=oLMEPADMS6AGL8bTUQZ9Wbd7T7B3dOe8I1aEIOQ0305afcfFHNR5eNX1H2cUYCY249W6FBC4XKPVZDJSVGRJK
0 21
0 22
1 14
1 25
2 10
2 13
3 22
3 28
4 6
4 10
5 16
5 21
6 8
6 37
7 29
7 30
8 26
8 35
9 9
9 32
10 37
10 39
11 7
11 29
12 7
12 11
13 3
13 39
14 24
14 40
15 8
15 18
16 1
16 36
17 14
17 18
18 24
18 26
19 0
19 3
20 0
20 5
21 36
21 41
22 38
22 41
23 15
23 17
24 23
24 27
25 5
25 40
26 23
26 33
27 1
27 17
28 2
28 38
29 30
29 34
30 12
30 34
31 2
31 4
32 9
32 32
33 6
33 15
34 11
34 12
35 4
35 33
36 20
36 25
37 31
37 35
38 13
38 19
39 28
39 31
40 16
40 27
41 19
41 20

# solution 635
# n=42 sym=rot4 status=verified source=flammenkamp_cache/n42_rot4
# code=oKMGHUVFS9XKTFN9T4EYb2N2S573BOXZcJeEe6A0Paf05GfVZ1R1M368HUcYaDdId47RbCWIQCL8WDQABOPJL
0 20
0 22
1 16
1 17
2 30
2 31
3 15
3 28
4 9
4 33
5 20
5 29
6 15
6 23
7 9
7 29
8 4
8 14
9 34
9 37
10 2
10 23
11 2
11 28
12 5
12 7
13 3
13 11
14 24
14 33
15 35
15 38
16 19
16 40
17 14
17 40
18 6
18 10
19 0
19 25
20 36
20 41
21 0
21 5
22 16
22 41
23 31
23 35
24 1
24 27
25 1
25 22
26 3
26 6
27 8
27 17
28 30
28 38
29 34
29 36
30 13
30 39
31 18
31 39
32 4
32 7
33 27
33 37
34 12
34 32
35 18
35 26
36 12
36 21
37 8
37 32
38 13
38 26
39 10
39 11
40 24
40 25
41 19
41 21

# solution 636
# n=42 sym=rot4 status=verified source=flammenkamp_cache/n42_rot4
# code=oIKDQAPRXXZ9K4DEV34Ba7dHWHNZe3Y1G2QTUCfJMaf05JM0TBCFdPe7c16IO9O2Y5UbcARSbLW688EGVFSLN
0 18
0 20
1 13
1 26
2 10
2 25
3 27
3 33
4 33
4 35
5 9
5 20
6 4
6 13
7 14
7 31
8 3
8 4
9 11
9 36
10 7
10 39
11 17
11 32
12 17
12 23
13 35
13 40
14 3
14 34
15 1
15 16
16 2
16 26
17 29
17 30
18 12
18 41
19 19
19 22
20 36
20 41
21 0
21 5
22 19
22 22
23 0
23 29
24 11
24 12
25 15
25 39
26 25
26 40
27 7
27 38
28 1
28 6
29 18
29 24
30 9
30 24
31 2
31 34
32 5
32 30
33 37
33 38
34 10
34 27
35 28
35 37
36 21
36 32
37 6
37 8
38 8
38 14
39 16
39 31
40 15
40 28
41 21
41 23

# solution 637
# n=42 sym=rot4 status=verified source=flammenkamp_cache/n42_rot4
# code=oLVHW6BGQSUILPd8CCY1E0O4dXY4ESW3I6cAeQaJM05afJM5F1V3ZNc9DRb782bHfRe7TTX2GKNBDFPUZ9OAK
0 21
0 31
1 17
1 32
2 6
2 11
3 16
3 26
4 28
4 30
5 18
5 21
6 25
6 39
7 8
7 12
8 12
8 34
9 1
9 14
10 0
10 24
11 4
11 39
12 33
12 34
13 4
13 14
14 28
14 32
15 3
15 18
16 6
16 38
17 10
17 40
18 26
18 36
19 19
19 22
20 0
20 5
21 36
21 41
22 19
22 22
23 5
23 15
24 1
24 31
25 3
25 35
26 23
26 38
27 9
27 13
28 27
28 37
29 7
29 8
30 2
30 37
31 17
31 41
32 27
32 40
33 7
33 29
34 29
34 33
35 2
35 16
36 20
36 23
37 11
37 13
38 15
38 25
39 30
39 35
40 9
40 24
41 10
41 20

# solution 638
# n=42 sym=rot4 status=verified source=flammenkamp_cache/n42_rot4
# code=oCLOQSWBS4bLV8IBRRZ2O5CYcVf23781GMQ19JZGN05afIP6MWeFJPeXYcd0A37TaHd6EEUNXAK4bDU9DFHKT
0 12
0 21
1 24
1 26
2 28
2 32
3 11
3 28
4 4
4 37
5 21
5 31
6 8
6 18
7 11
7 27
8 27
8 35
9 2
9 24
10 5
10 12
11 34
11 38
12 31
12 41
13 2
13 3
14 7
14 8
15 1
15 16
16 22
16 26
17 1
17 9
18 19
18 35
19 16
19 23
20 0
20 5
21 36
21 41
22 18
22 25
23 6
23 22
24 32
24 40
25 15
25 19
26 25
26 40
27 33
27 34
28 38
28 39
29 0
29 10
30 3
30 7
31 29
31 36
32 17
32 39
33 6
33 14
34 14
34 30
35 23
35 33
36 10
36 20
37 4
37 37
38 13
38 30
39 9
39 13
40 15
40 17
41 20
41 29

# solution 639
# n=42 sym=rot4 status=verified source=flammenkamp_cache/n42_rot4
# code=oLMBHST8P89LMEFAVbcHb7YSe2I2BFZRZ3IWePT0505afafCG19Nc6E6QUdNd1D7Y4O34AVQRJKWXGXCDOUJK
0 21
0 22
1 11
1 17
2 28
2 29
3 8
3 25
4 8
4 9
5 21
5 22
6 14
6 15
7 10
7 31
8 37
8 38
9 17
9 37
10 7
10 34
11 28
11 40
12 2
12 18
13 2
13 11
14 15
14 35
15 27
15 35
16 3
16 18
17 32
17 40
18 25
18 29
19 0
19 5
20 0
20 5
21 36
21 41
22 36
22 41
23 12
23 16
24 1
24 9
25 23
25 38
26 6
26 14
27 6
27 26
28 30
28 39
29 23
29 39
30 1
30 13
31 7
31 34
32 4
32 24
33 3
33 4
34 10
34 31
35 26
35 27
36 19
36 20
37 32
37 33
38 16
38 33
39 12
39 13
40 24
40 30
41 19
41 20

# solution 640
# n=42 sym=rot4 status=verified source=flammenkamp_cache/n42_rot4
# code=oKODF9ODY6VGKTb38MYAd4WNR6GceBMIeTa02BQ8Eaf05RXFUdf5C1NJU13PZEI9b2V7JXc4CLPAZ7SHWQSHL
0 20
0 24
1 13
1 15
2 9
2 24
3 13
3 34
4 6
4 31
5 16
5 20
6 29
6 37
7 3
7 8
8 22
8 34
9 10
9 39
10 4
10 32
11 23
11 27
12 6
12 16
13 38
13 40
14 11
14 22
15 18
15 40
16 29
16 36
17 0
17 2
18 11
18 26
19 8
19 14
20 36
20 41
21 0
21 5
22 27
22 33
23 15
23 30
24 39
24 41
25 5
25 12
26 1
26 23
27 19
27 30
28 1
28 3
29 25
29 35
30 14
30 18
31 9
31 37
32 2
32 31
33 7
33 19
34 33
34 38
35 4
35 12
36 21
36 25
37 10
37 35
38 7
38 28
39 17
39 32
40 26
40 28
41 17
41 21

# solution 641
# n=42 sym=rot4 status=verified source=flammenkamp_cache/n42_rot4
# code=oLMAI9YNUDR8KCG2VTaQd7e3J8ZFb4G9SRZHO3e0U0a5fBf1cHO6EDWPb4Q6XMc1Y2F5CAdPTLXESBI7WNVJK
0 21
0 22
1 10
1 18
2 9
2 34
3 23
3 30
4 13
4 27
5 8
5 20
6 12
6 16
7 2
7 31
8 29
8 36
9 26
9 39
10 7
10 40
11 3
11 19
12 8
12 35
13 15
13 37
14 4
14 16
15 9
15 28
16 27
16 35
17 17
17 24
18 3
18 40
19 0
19 30
20 0
20 36
21 5
21 41
22 11
22 41
23 1
23 38
24 17
24 24
25 6
25 14
26 13
26 32
27 25
27 37
28 4
28 26
29 6
29 33
30 22
30 38
31 1
31 34
32 2
32 15
33 5
33 12
34 10
34 39
35 25
35 29
36 21
36 33
37 14
37 28
38 11
38 18
39 7
39 32
40 23
40 31
41 19
41 20

# solution 642
# n=42 sym=rot4 status=verified source=flammenkamp_cache/n42_rot4
# code=oKTIV6MGHBNCL9dUW8X7Z1S7b0aAFMQESHcPc4e2E5f0aRd1b3G3ODRFJQV5f4YDe6Y8X9B2WKTIUOPJZANCL
0 20
0 29
1 18
1 31
2 6
2 22
3 16
3 17
4 11
4 23
5 12
5 21
6 9
6 39
7 30
7 32
8 8
8 33
9 7
9 35
10 1
10 28
11 7
11 37
12 0
12 36
13 10
13 15
14 22
14 26
15 14
15 28
16 17
16 38
17 25
17 38
18 4
18 40
19 2
19 14
20 5
20 41
21 0
21 36
22 27
22 39
23 1
23 37
24 3
24 16
25 3
25 24
26 13
26 27
27 15
27 19
28 26
28 31
29 5
29 41
30 4
30 34
31 13
31 40
32 6
32 34
33 8
33 33
34 9
34 11
35 2
35 32
36 20
36 29
37 18
37 30
38 24
38 25
39 19
39 35
40 10
40 23
41 12
41 21

# solution 643
# n=42 sym=rot4 status=verified source=flammenkamp_cache/n42_rot4
# code=oBKIYUV8G6ALQ9b1JGcNZ2b2fHSCEOS5JXcET9eQY5f0a7F1WCR38MaDHRTDO0d4d6I3PMe4WFKVZPXAB7NLU
0 11
0 20
1 18
1 34
2 30
2 31
3 8
3 16
4 6
4 10
5 21
5 26
6 9
6 37
7 1
7 19
8 16
8 38
9 23
9 35
10 2
10 37
11 2
11 41
12 17
12 28
13 12
13 14
14 24
14 28
15 5
15 19
16 33
16 38
17 14
17 29
18 9
18 40
19 26
19 34
20 5
20 41
21 0
21 36
22 7
22 15
23 1
23 32
24 12
24 27
25 3
25 8
26 22
26 36
27 13
27 17
28 27
28 29
29 13
29 24
30 0
30 39
31 4
31 39
32 6
32 18
33 3
33 25
34 22
34 40
35 4
35 32
36 15
36 20
37 31
37 35
38 25
38 33
39 10
39 11
40 7
40 23
41 21
41 30

# solution 644
# n=42 sym=rot4 status=verified source=flammenkamp_cache/n42_rot4
# code=o8KHIPR7A7ZJL4UbcRfACWc6CUWMO28FQ2IDePeDa5f0a5S1G1SNdFQXdHJ9BTZ39TV0E34BbKM6YVYEGNOLX
0 8
0 20
1 17
1 18
2 25
2 27
3 7
3 10
4 7
4 35
5 19
5 21
6 4
6 30
7 37
7 38
8 27
8 41
9 10
9 12
10 32
10 38
11 6
11 12
12 30
12 32
13 22
13 24
14 2
14 8
15 15
15 26
16 2
16 18
17 13
17 40
18 25
18 40
19 13
19 36
20 5
20 41
21 0
21 36
22 5
22 28
23 1
23 16
24 1
24 28
25 23
25 39
26 15
26 26
27 33
27 39
28 17
28 19
29 9
29 11
30 29
30 35
31 3
31 9
32 29
32 31
33 0
33 14
34 3
34 4
35 11
35 37
36 20
36 22
37 6
37 34
38 31
38 34
39 14
39 16
40 23
40 24
41 21
41 33

# solution 645
# n=42 sym=rot4 status=verified source=flammenkamp_cache/n42_rot4
# code=oLM9YCFITPXKZ5N184YReDOGS3dBV9OJd4UAE6c0Q0a5fFf3ZRVBb2MHWAU2cDPHS1E7bXeIa6L8GCNQT7WJK
0 21
0 22
1 9
1 34
2 12
2 15
3 18
3 29
4 25
4 33
5 20
5 35
6 5
6 23
7 1
7 8
8 4
8 34
9 27
9 40
10 13
10 24
11 16
11 28
12 3
12 39
13 11
13 31
14 9
14 24
15 19
15 39
16 4
16 30
17 10
17 14
18 6
18 38
19 0
19 26
20 0
20 36
21 5
21 41
22 15
22 41
23 3
23 35
24 27
24 31
25 11
25 37
26 2
26 22
27 17
27 32
28 10
28 30
29 2
29 38
30 13
30 25
31 17
31 28
32 1
32 14
33 7
33 37
34 33
34 40
35 18
35 36
36 6
36 21
37 8
37 16
38 12
38 23
39 26
39 29
40 7
40 32
41 19
41 20

# solution 646
# n=42 sym=rot4 status=verified source=flammenkamp_cache/n42_rot4
# code=oDLOUGHCSAPJK8W9TEZ6YBb1V7c3fIXJN4d1dFRQa0a5f5FEQ2e2bIM8N0c3YAe4U7Z6RCW9XLMGVDTOPBHKS
0 13
0 21
1 24
1 30
2 16
2 17
3 12
3 28
4 10
4 25
5 19
5 20
6 8
6 32
7 9
7 29
8 14
8 35
9 6
9 34
10 11
10 37
11 1
11 31
12 7
12 38
13 3
13 41
14 18
14 33
15 19
15 23
16 4
16 39
17 1
17 39
18 15
18 27
19 26
19 36
20 0
20 36
21 5
21 41
22 5
22 15
23 14
23 26
24 2
24 40
25 2
25 37
26 18
26 22
27 8
27 23
28 0
28 38
29 3
29 34
30 10
30 40
31 4
31 30
32 7
32 35
33 6
33 27
34 12
34 32
35 9
35 33
36 21
36 22
37 16
37 31
38 13
38 29
39 24
39 25
40 11
40 17
41 20
41 28

# solution 647
# n=42 sym=rot4 status=verified source=flammenkamp_cache/n42_rot4
# code=oHK8F6CUV8CLVHdJPbeFU3539bdEJGSWe7RZfINSY5f0a7DIN06EY19DPMR24WcacBQ14GM2OAKTXABTZQXLO
0 17
0 20
1 8
1 15
2 6
2 12
3 30
3 31
4 8
4 12
5 21
5 31
6 17
6 39
7 19
7 25
8 37
8 40
9 15
9 30
10 3
10 5
11 3
11 9
12 37
12 39
13 14
13 19
14 16
14 28
15 32
15 40
16 7
16 27
17 35
17 41
18 18
18 23
19 28
19 34
20 5
20 41
21 0
21 36
22 7
22 13
23 18
23 23
24 0
24 6
25 14
25 34
26 1
26 9
27 13
27 25
28 22
28 27
29 2
29 4
30 32
30 38
31 36
31 38
32 11
32 26
33 1
33 4
34 16
34 22
35 2
35 24
36 10
36 20
37 29
37 33
38 10
38 11
39 29
39 35
40 26
40 33
41 21
41 24

# solution 648
# n=42 sym=rot4 status=verified source=flammenkamp_cache/n42_rot4
# code=oJU6GCEKTHK9PEeQX7HVa9D0I3dIVZd7J5eXbSUQfbc340FBD481aMY26AN2cNfSW5AOY8F1RGWLOCLRTPZBM
0 19
0 30
1 6
1 16
2 12
2 14
3 20
3 29
4 17
4 20
5 9
5 25
6 14
6 40
7 26
7 33
8 7
8 17
9 31
9 36
10 9
10 13
11 0
11 18
12 3
12 39
13 18
13 31
14 35
14 39
15 7
15 19
16 5
16 40
17 33
17 37
18 28
18 30
19 26
19 41
20 37
20 38
21 3
21 4
22 0
22 15
23 11
23 13
24 4
24 8
25 1
25 36
26 22
26 34
27 2
27 6
28 10
28 23
29 2
29 38
30 23
30 41
31 28
31 32
32 5
32 10
33 24
33 34
34 8
34 15
35 1
35 27
36 16
36 32
37 21
37 24
38 12
38 21
39 27
39 29
40 25
40 35
41 11
41 22

# solution 649
# n=42 sym=rot4 status=verified source=flammenkamp_cache/n42_rot4
# code=oMU6GCEKTHK9PEeQX7HVa9D0I3dIVZd7J5eXbSU0Qbc34FfBD481aMY26AN2cNfSW5AOY8F1RGWLOCLRTPZBJ
0 22
0 30
1 6
1 16
2 12
2 14
3 20
3 29
4 17
4 20
5 9
5 25
6 14
6 40
7 26
7 33
8 7
8 17
9 31
9 36
10 9
10 13
11 0
11 18
12 3
12 39
13 18
13 31
14 35
14 39
15 7
15 19
16 5
16 40
17 33
17 37
18 28
18 30
19 0
19 26
20 37
20 38
21 3
21 4
22 15
22 41
23 11
23 13
24 4
24 8
25 1
25 36
26 22
26 34
27 2
27 6
28 10
28 23
29 2
29 38
30 23
30 41
31 28
31 32
32 5
32 10
33 24
33 34
34 8
34 15
35 1
35 27
36 16
36 32
37 21
37 24
38 12
38 21
39 27
39 29
40 25
40 35
41 11
41 19

# solution 650
# n=42 sym=rot4 status=verified source=flammenkamp_cache/n42_rot4
# code=oEQCILW5DLVPcEG8BUY2T4M8Y9eFcZf0S5ZHOJeAN24bdIV1MHO6aDf063Q1W7XJbCd7BUXPR3GAKSa9KNTFR
0 14
0 26
1 12
1 18
2 21
2 32
3 5
3 13
4 21
4 31
5 25
5 38
6 14
6 16
7 8
7 11
8 30
8 34
9 2
9 29
10 4
10 22
11 8
11 34
12 9
12 40
13 15
13 38
14 35
14 41
15 0
15 28
16 5
16 35
17 17
17 24
18 19
18 40
19 10
19 23
20 2
20 4
21 37
21 39
22 18
22 31
23 1
23 22
24 17
24 24
25 6
25 36
26 13
26 41
27 0
27 6
28 3
28 26
29 1
29 32
30 7
30 33
31 19
31 37
32 12
32 39
33 7
33 11
34 30
34 33
35 25
35 27
36 3
36 16
37 10
37 20
38 28
38 36
39 9
39 20
40 23
40 29
41 15
41 27

# solution 651
# n=42 sym=rot4 status=verified source=flammenkamp_cache/n42_rot4
# code=oHIQY6L9ELTGVJd1X7SBc5NQW4J8GHc1BSaRfAfTZ24bd6C0V0E5DUe3OPXMb9FIa3UDY8e2MAPCKRWKZ7FNO
0 17
0 18
1 26
1 34
2 6
2 21
3 9
3 14
4 21
4 29
5 16
5 31
6 19
6 39
7 1
7 33
8 7
8 28
9 11
9 38
10 5
10 23
11 26
11 32
12 4
12 19
13 8
13 16
14 17
14 38
15 1
15 11
16 28
16 36
17 27
17 41
18 10
18 41
19 29
19 35
20 2
20 4
21 37
21 39
22 6
22 12
23 0
23 31
24 0
24 14
25 5
25 13
26 30
26 40
27 3
27 24
28 25
28 33
29 22
29 37
30 9
30 15
31 18
31 36
32 3
32 30
33 13
33 34
34 8
34 40
35 2
35 22
36 10
36 25
37 12
37 20
38 27
38 32
39 20
39 35
40 7
40 15
41 23
41 24

# solution 652
# n=42 sym=rot4 status=verified source=flammenkamp_cache/n42_rot4
# code=oCGBTLO8O7LBP7SZbAcMNSXae1f6AFIJR5f239R9Q24bdFWEWcd0aEMNQVZ0e158DIJ3V46DYGUKYHXHKCUPT
0 12
0 16
1 11
1 29
2 21
2 24
3 8
3 24
4 7
4 21
5 11
5 25
6 7
6 28
7 35
7 37
8 10
8 38
9 22
9 23
10 28
10 33
11 36
11 40
12 1
12 41
13 6
13 10
14 15
14 18
15 19
15 27
16 5
16 41
17 2
17 3
18 9
18 27
19 9
19 26
20 2
20 4
21 37
21 39
22 15
22 32
23 14
23 32
24 38
24 39
25 0
25 36
26 14
26 22
27 23
27 26
28 31
28 35
29 0
29 40
30 1
30 5
31 8
31 13
32 18
32 19
33 3
33 31
34 4
34 6
35 13
35 34
36 16
36 30
37 20
37 34
38 17
38 33
39 17
39 20
40 12
40 30
41 25
41 29

# solution 653
# n=42 sym=rot4 status=verified source=flammenkamp_cache/n42_rot4
# code=oHcQW9L0DIKQZ5XDR6A1dBXMVOPYc7N15CJCfEbBP2b4dGU4R0TMTaeIY37GHAJ8U2eVZES8a6FLNSfKW9F3O
0 17
0 38
1 26
1 32
2 9
2 21
3 0
3 13
4 18
4 20
5 26
5 35
6 5
6 33
7 13
7 27
8 6
8 10
9 1
9 39
10 11
10 33
11 22
11 31
12 24
12 25
13 34
13 38
14 7
14 23
15 1
15 5
16 12
16 19
17 12
17 41
18 14
18 37
19 11
19 25
20 2
20 37
21 4
21 39
22 16
22 30
23 4
23 27
24 0
24 29
25 22
25 29
26 36
26 40
27 18
27 34
28 3
28 7
29 16
29 17
30 10
30 19
31 8
31 30
32 2
32 40
33 31
33 35
34 14
34 28
35 8
35 36
36 6
36 15
37 21
37 23
38 28
38 41
39 20
39 32
40 9
40 15
41 3
41 24

# solution 654
# n=42 sym=rot4 status=verified source=flammenkamp_cache/n42_rot4
# code=oAGPSJK5ILTFcTY6BJRBNSfWY461A8FRa1fHO9cXd4d2b283WHO0e5EQXVeZb790DIUEMUZ7C3QCKNaLMDGPV
0 10
0 16
1 25
1 28
2 19
2 20
3 5
3 18
4 21
4 29
5 15
5 38
6 29
6 34
7 6
7 11
8 19
8 27
9 11
9 23
10 28
10 41
11 32
11 34
12 4
12 6
13 1
13 10
14 8
14 15
15 27
15 36
16 1
16 41
17 17
17 24
18 9
18 38
19 33
19 39
20 4
20 39
21 2
21 37
22 2
22 8
23 3
23 32
24 17
24 24
25 0
25 40
26 5
26 14
27 26
27 33
28 31
28 40
29 35
29 37
30 7
30 9
31 0
31 13
32 18
32 30
33 14
33 22
34 30
34 35
35 7
35 12
36 3
36 26
37 12
37 20
38 23
38 36
39 21
39 22
40 13
40 16
41 25
41 31

# solution 655
# n=42 sym=rot4 status=verified source=flammenkamp_cache/n42_rot4
# code=o8Q5bLU8Q1KCeGSDNcfMRAV2HEa6Y9T03HZPU7J9N2b4dIWMYBG6OcfCW7Z5ROdAVEJ03ISDP1TLeFXBK4aFX
0 8
0 26
1 5
1 37
2 21
2 30
3 8
3 26
4 1
4 20
5 12
5 40
6 16
6 28
7 13
7 23
8 38
8 41
9 22
9 27
10 10
10 31
11 2
11 17
12 14
12 36
13 6
13 34
14 9
14 29
15 0
15 3
16 17
16 35
17 25
17 30
18 7
18 19
19 9
19 23
20 2
20 37
21 4
21 39
22 18
22 32
23 22
23 34
24 11
24 16
25 6
25 24
26 38
26 41
27 12
27 32
28 7
28 35
29 5
29 27
30 24
30 39
31 10
31 31
32 14
32 19
33 0
33 3
34 18
34 28
35 13
35 25
36 1
36 29
37 21
37 40
38 15
38 33
39 11
39 20
40 4
40 36
41 15
41 33

# solution 656
# n=42 sym=rot4 status=verified source=flammenkamp_cache/n42_rot4
# code=o8GUVHLOZJK9C38SUZfQa1C17Va7EJS9GQf3dINRb2b4d4EIN2c0FPWDMRY5AYeTe5F06BDXcTWLM6HKOABPX
0 8
0 16
1 30
1 31
2 17
2 21
3 24
3 35
4 19
4 20
5 9
5 12
6 3
6 8
7 28
7 30
8 35
8 41
9 26
9 36
10 1
10 12
11 1
11 7
12 31
12 36
13 7
13 14
14 19
14 28
15 9
15 16
16 26
16 41
17 3
17 39
18 18
18 23
19 27
19 37
20 2
20 37
21 4
21 39
22 4
22 14
23 18
23 23
24 2
24 38
25 0
25 15
26 25
26 32
27 13
27 22
28 27
28 34
29 5
29 10
30 34
30 40
31 29
31 40
32 5
32 15
33 0
33 6
34 11
34 13
35 33
35 38
36 29
36 32
37 21
37 22
38 6
38 17
39 20
39 24
40 10
40 11
41 25
41 33

# solution 657
# n=42 sym=rot4 status=verified source=flammenkamp_cache/n42_rot4
# code=oBRAGEKTYLUJPJX3A6QDOYe4f3OFW0d8S5e9CINZa4d2b56INTW1aDX2f9QHc0b17HSFZVc8MGMBK7CLRPVEU
0 11
0 27
1 10
1 16
2 14
2 20
3 29
3 34
4 21
4 30
5 19
5 25
6 19
6 33
7 3
7 10
8 6
8 26
9 13
9 24
10 34
10 40
11 4
11 41
12 3
12 24
13 15
13 32
14 0
14 39
15 8
15 28
16 5
16 40
17 9
17 12
18 18
18 23
19 35
19 36
20 4
20 39
21 2
21 37
22 5
22 6
23 18
23 23
24 29
24 32
25 1
25 36
26 13
26 33
27 2
27 41
28 9
28 26
29 17
29 38
30 0
30 37
31 1
31 7
32 17
32 28
33 15
33 35
34 31
34 38
35 8
35 22
36 16
36 22
37 11
37 20
38 7
38 12
39 21
39 27
40 25
40 31
41 14
41 30

# solution 658
# n=42 sym=rot4 status=verified source=flammenkamp_cache/n42_rot4
# code=oCPKVEJBRKNWXCSAG5J5H1YQcZf6F3dBS0YIW4OXdbe1428Hb9N7fDU2cQZ063F7eOaMaPVDT89ILEUMRALGT
0 12
0 25
1 20
1 31
2 14
2 19
3 11
3 27
4 20
4 23
5 32
5 33
6 12
6 28
7 10
7 16
8 5
8 19
9 5
9 17
10 1
10 34
11 26
11 38
12 35
12 41
13 6
13 15
14 3
14 39
15 11
15 28
16 0
16 34
17 18
17 32
18 4
18 24
19 33
19 39
20 37
20 40
21 1
21 4
22 2
22 8
23 17
23 37
24 9
24 23
25 7
25 41
26 13
26 30
27 2
27 38
28 26
28 35
29 0
29 6
30 3
30 15
31 7
31 40
32 24
32 36
33 22
33 36
34 25
34 31
35 13
35 29
36 8
36 9
37 18
37 21
38 14
38 30
39 22
39 27
40 10
40 21
41 16
41 29

# solution 659
# n=42 sym=rot4 status=verified source=flammenkamp_cache/n42_rot4
# code=oEMKP9UDXCKGVMTUV3FHd57276bQcNfDX1aIWEO06be14ZfHR9N5e8S0I3F4ZYdYa2OQcABCJAPLT8SBWGLJR
0 14
0 22
1 20
1 25
2 9
2 30
3 13
3 33
4 12
4 20
5 16
5 31
6 22
6 29
7 30
7 31
8 3
8 15
9 17
9 39
10 5
10 7
11 2
11 7
12 6
12 37
13 26
13 38
14 23
14 41
15 13
15 33
16 1
16 36
17 18
17 32
18 14
18 24
19 0
19 6
20 37
20 40
21 1
21 4
22 35
22 41
23 17
23 27
24 9
24 23
25 5
25 40
26 8
26 28
27 0
27 18
28 3
28 15
29 4
29 35
30 34
30 39
31 34
31 36
32 2
32 24
33 26
33 38
34 10
34 11
35 12
35 19
36 10
36 25
37 21
37 29
38 8
38 28
39 11
39 32
40 16
40 21
41 19
41 27

# solution 660
# n=42 sym=rot4 status=verified source=flammenkamp_cache/n42_rot4
# code=oDVJLCM8QILEWTW8SYc560NPR6d7fBa3HBHPQAb2e14be1d4VFGOUOc5U0Y2ZEGIfZa37DX9C9RKNFXJTKMAS
0 13
0 31
1 19
1 21
2 12
2 22
3 8
3 26
4 18
4 21
5 14
5 32
6 29
6 32
7 8
7 28
8 34
8 38
9 5
9 6
10 0
10 23
11 25
11 27
12 6
12 39
13 7
13 41
14 11
14 36
15 3
15 17
16 11
16 17
17 25
17 26
18 10
18 37
19 2
19 40
20 1
20 4
21 37
21 40
22 1
22 39
23 4
23 31
24 15
24 16
25 24
25 30
26 24
26 38
27 5
27 30
28 0
28 34
29 2
29 35
30 14
30 16
31 18
31 41
32 35
32 36
33 3
33 7
34 13
34 33
35 9
35 12
36 9
36 27
37 20
37 23
38 15
38 33
39 19
39 29
40 20
40 22
41 10
41 28

# solution 661
# n=42 sym=rot4 status=verified source=flammenkamp_cache/n42_rot4
# code=oNOKXBE7XKP9VCY6c13Ja5BVdFZFMOdST4I0E0PDWbe149SGfRfNbCD2HJQ6Q2AUa5Mce3Z7TAWGL8YRU8LHI
0 23
0 24
1 20
1 33
2 11
2 14
3 7
3 33
4 20
4 25
5 9
5 31
6 12
6 34
7 6
7 38
8 1
8 3
9 19
9 36
10 5
10 11
11 31
11 39
12 15
12 35
13 15
13 22
14 24
14 39
15 28
15 29
16 4
16 18
17 0
17 14
18 0
18 25
19 13
19 32
20 37
20 40
21 1
21 4
22 9
22 28
23 16
23 41
24 27
24 41
25 23
25 37
26 12
26 13
27 2
27 17
28 19
28 26
29 6
29 26
30 2
30 10
31 30
31 36
32 5
32 22
33 38
33 40
34 3
34 35
35 7
35 29
36 10
36 32
37 16
37 21
38 8
38 34
39 27
39 30
40 8
40 21
41 17
41 18

# solution 662
# n=42 sym=rot4 status=verified source=flammenkamp_cache/n42_rot4
# code=oDTJL7RGULZ9G4AXd7W8aHZ3R0FJf2BHTacQVINSe14be1DINAF35COUd0MQfEc6O5X9Y28VbPW6KBPEYKMCS
0 13
0 29
1 19
1 21
2 7
2 27
3 16
3 30
4 21
4 35
5 9
5 16
6 4
6 10
7 33
7 39
8 7
8 32
9 8
9 36
10 17
10 35
11 3
11 27
12 0
12 15
13 19
13 41
14 2
14 11
15 17
15 29
16 36
16 38
17 26
17 31
18 18
18 23
19 28
19 40
20 1
20 4
21 37
21 40
22 1
22 13
23 18
23 23
24 10
24 15
25 3
25 5
26 12
26 24
27 30
27 39
28 0
28 22
29 26
29 41
30 14
30 38
31 6
31 24
32 5
32 33
33 9
33 34
34 2
34 8
35 31
35 37
36 25
36 32
37 6
37 20
38 11
38 25
39 14
39 34
40 20
40 22
41 12
41 28

# solution 663
# n=42 sym=rot4 status=verified source=flammenkamp_cache/n42_rot4
# code=oPTGLAaBFLW2NCF89MY4YRdOc0ZDSAHZc0eBR5J8N14beIXMaEU1f36OVDS6f3H2E7b7JWXQTId9KQU5VKPCG
0 25
0 29
1 16
1 21
2 10
2 36
3 11
3 15
4 21
4 32
5 2
5 23
6 12
6 15
7 8
7 9
8 22
8 34
9 4
9 34
10 27
10 39
11 24
11 38
12 0
12 35
13 13
13 28
14 10
14 17
15 35
15 38
16 0
16 40
17 11
17 27
18 5
18 19
19 8
19 23
20 1
20 4
21 37
21 40
22 18
22 33
23 22
23 36
24 14
24 30
25 1
25 41
26 3
26 6
27 24
27 31
28 13
28 28
29 6
29 41
30 3
30 17
31 2
31 14
32 7
32 37
33 7
33 19
34 32
34 33
35 26
35 29
36 18
36 39
37 9
37 20
38 26
38 30
39 5
39 31
40 20
40 25
41 12
41 16

# solution 664
# n=42 sym=rot4 status=verified source=flammenkamp_cache/n42_rot4
# code=oJRHKAJOUKW8Q6ZCGWa48Dd3NIYQV0G5DRY3eBTdfbe1402CU1c7ESaPfAF7NIc2SXb59PT6ZFX9LBHMVLOEM
0 19
0 27
1 17
1 20
2 10
2 19
3 24
3 30
4 20
4 32
5 8
5 26
6 6
6 35
7 12
7 16
8 32
8 36
9 4
9 8
10 13
10 39
11 3
11 23
12 18
12 34
13 26
13 31
14 0
14 16
15 5
15 13
16 27
16 34
17 3
17 40
18 11
18 29
19 39
19 41
20 37
20 40
21 1
21 4
22 0
22 2
23 12
23 30
24 1
24 38
25 7
25 14
26 28
26 36
27 25
27 41
28 10
28 15
29 7
29 23
30 18
30 38
31 2
31 28
32 33
32 37
33 5
33 9
34 25
34 29
35 6
35 35
36 15
36 33
37 9
37 21
38 11
38 17
39 22
39 31
40 21
40 24
41 14
41 22

# solution 665
# n=42 sym=rot4 status=verified source=flammenkamp_cache/n42_rot4
# code=o7TLOCFWXJKEHRUXf373JDP6D0dUV6aIdAI1aPQWb1b4e49FG5eNV2N5ZAB2fSZGSMcYc08BEORLM89QTHKCY
0 7
0 29
1 21
1 24
2 12
2 15
3 32
3 33
4 19
4 20
5 14
5 17
6 27
6 30
7 33
7 41
8 3
8 7
9 3
9 19
10 13
10 25
11 6
11 13
12 0
12 39
13 30
13 31
14 6
14 36
15 18
15 39
16 10
16 18
17 1
17 36
18 25
18 26
19 32
19 37
20 1
20 37
21 4
21 40
22 4
22 9
23 15
23 16
24 5
24 40
25 23
25 31
26 2
26 23
27 5
27 35
28 10
28 11
29 2
29 41
30 28
30 35
31 16
31 28
32 22
32 38
33 34
33 38
34 0
34 8
35 11
35 14
36 24
36 27
37 21
37 22
38 8
38 9
39 26
39 29
40 17
40 20
41 12
41 34

# solution 666
# n=42 sym=rot4 status=verified source=flammenkamp_cache/n42_rot4
# code=oET2LOeCFIKUYBV5ODFGJ6D5Z0cVXNfXcJW27EbPW1b4e9G4RYd9M380I8A3f6aSZMPQSHaAU7BLNQT1HKdCR
0 14
0 29
1 2
1 21
2 24
2 40
3 12
3 15
4 18
4 20
5 30
5 34
6 11
6 31
7 5
7 24
8 13
8 15
9 16
9 19
10 6
10 13
11 5
11 35
12 0
12 38
13 31
13 33
14 23
14 41
15 33
15 38
16 19
16 32
17 2
17 7
18 14
18 37
19 25
19 32
20 1
20 37
21 4
21 40
22 9
22 16
23 4
23 27
24 34
24 39
25 9
25 22
26 3
26 8
27 0
27 18
28 8
28 10
29 3
29 41
30 6
30 36
31 28
31 35
32 22
32 25
33 26
33 28
34 17
34 36
35 10
35 30
36 7
36 11
37 21
37 23
38 26
38 29
39 1
39 17
40 20
40 39
41 12
41 27

# solution 667
# n=42 sym=rot4 status=verified source=flammenkamp_cache/n42_rot4
# code=oQc6K8U0UELFMOe9JOdVY9C23PVGRDb0aCS68IN5Y4e1b7aINXZDT5f4SEPAGcdTW7A2HMW1HJQKRBfBXLZ3F
0 26
0 38
1 6
1 20
2 8
2 30
3 0
3 30
4 14
4 21
5 15
5 22
6 24
6 40
7 9
7 19
8 24
8 39
9 31
9 34
10 9
10 12
11 2
11 3
12 25
12 31
13 16
13 27
14 13
14 37
15 0
15 36
16 12
16 28
17 6
17 8
18 18
18 23
19 5
19 34
20 4
20 40
21 1
21 37
22 7
22 36
23 18
23 23
24 33
24 35
25 13
25 29
26 5
26 41
27 4
27 28
28 14
28 25
29 10
29 16
30 38
30 39
31 29
31 32
32 7
32 10
33 2
33 17
34 22
34 32
35 1
35 17
36 19
36 26
37 20
37 27
38 11
38 41
39 11
39 33
40 21
40 35
41 3
41 15

# solution 668
# n=42 sym=rot4 status=verified source=flammenkamp_cache/n42_rot4
# code=oIPDLPVEWKZ9B47TZBI3a2MXa7FOeMcHT02DQXfAE1b4eRV08FSdfCO3J1HQY58Jd5cNU6CYbUW6L9RAGKSGN
0 18
0 25
1 13
1 21
2 25
2 31
3 14
3 32
4 20
4 35
5 9
5 11
6 4
6 7
7 29
7 35
8 11
8 18
9 3
9 36
10 2
10 22
11 33
11 36
12 7
12 15
13 24
13 40
14 22
14 38
15 17
15 29
16 0
16 2
17 13
17 26
18 33
18 41
19 10
19 14
20 1
20 37
21 4
21 40
22 27
22 31
23 0
23 8
24 15
24 28
25 39
25 41
26 12
26 24
27 3
27 19
28 1
28 17
29 26
29 34
30 5
30 8
31 19
31 39
32 5
32 38
33 23
33 30
34 6
34 12
35 34
35 37
36 30
36 32
37 6
37 21
38 9
38 27
39 10
39 16
40 20
40 28
41 16
41 23

# solution 669
# n=42 sym=rot4 status=verified source=flammenkamp_cache/n42_rot4
# code=oIKPQ9CAQ9K7HBXHa6TbdIcEZ8dEMSU131JYaVfDPbf04GS0A57MeceBDJR2X6R3N24CZ5O8UOYLWFVTWFGLN
0 18
0 20
1 25
1 26
2 9
2 12
3 10
3 26
4 9
4 20
5 7
5 17
6 11
6 33
7 17
7 36
8 6
8 29
9 37
9 39
10 18
10 38
11 14
11 35
12 8
12 39
13 14
13 22
14 28
14 30
15 1
15 3
16 1
16 19
17 34
17 36
18 31
18 41
19 13
19 25
20 37
20 41
21 0
21 4
22 16
22 28
23 0
23 10
24 5
24 7
25 22
25 40
26 38
26 40
27 11
27 13
28 19
28 27
29 2
29 33
30 6
30 27
31 3
31 23
32 2
32 4
33 12
33 35
34 5
34 24
35 8
35 30
36 24
36 34
37 21
37 32
38 15
38 31
39 29
39 32
40 15
40 16
41 21
41 23

# solution 670
# n=42 sym=rot4 status=verified source=flammenkamp_cache/n42_rot4
# code=oFKJO8BPSKXST7BJZ4dCENRZd5W35AWOf3I1FAPYebf0417GVQeNc0H9Vac9a26EIRT2b6MUYCD8LDGUXHMLQ
0 15
0 20
1 19
1 24
2 8
2 11
3 25
3 28
4 20
4 33
5 28
5 29
6 7
6 11
7 19
7 35
8 4
8 39
9 12
9 14
10 23
10 27
11 35
11 39
12 5
12 32
13 3
13 5
14 10
14 32
15 24
15 41
16 3
16 18
17 1
17 15
18 10
18 25
19 34
19 40
20 37
20 41
21 0
21 4
22 1
22 7
23 16
23 31
24 26
24 40
25 23
25 38
26 0
26 17
27 9
27 31
28 36
28 38
29 9
29 36
30 2
30 6
31 14
31 18
32 27
32 29
33 2
33 37
34 6
34 22
35 30
35 34
36 12
36 13
37 8
37 21
38 13
38 16
39 30
39 33
40 17
40 22
41 21
41 26

# solution 671
# n=42 sym=rot4 status=verified source=flammenkamp_cache/n42_rot4
# code=oKTGS7H9JKU9EHVXd7Rac6I4J0F1F8aSTIeZdPVUcbf043BAG261NCD5XQeQfMbNZ35EY28AORWBLMWOYDPCL
0 20
0 29
1 16
1 28
2 7
2 17
3 9
3 19
4 20
4 30
5 9
5 14
6 17
6 31
7 33
7 39
8 7
8 27
9 36
9 38
10 6
10 18
11 4
11 19
12 0
12 15
13 1
13 15
14 8
14 36
15 28
15 29
16 18
16 40
17 35
17 39
18 25
18 31
19 30
19 38
20 37
20 41
21 0
21 4
22 3
22 11
23 10
23 16
24 2
24 6
25 1
25 23
26 12
26 13
27 5
27 33
28 26
28 40
29 26
29 41
30 22
30 37
31 23
31 35
32 3
32 5
33 14
33 34
34 2
34 8
35 10
35 24
36 27
36 32
37 11
37 21
38 22
38 32
39 24
39 34
40 13
40 25
41 12
41 21

# solution 672
# n=42 sym=rot4 status=verified source=flammenkamp_cache/n42_rot4
# code=oGKNYFPBCKXBNEW1J4S6V9SacJc8AFZRd2fHO15TYbf047CaeHO0d2E6QVX3M35DWAZDbMe9RIU8LTUGQ7ILP
0 16
0 20
1 23
1 34
2 15
2 25
3 11
3 12
4 20
4 33
5 11
5 23
6 14
6 32
7 1
7 19
8 4
8 28
9 6
9 31
10 9
10 28
11 36
11 38
12 19
12 38
13 8
13 10
14 15
14 35
15 27
15 39
16 2
16 41
17 17
17 24
18 1
18 5
19 29
19 34
20 37
20 41
21 0
21 4
22 7
22 12
23 36
23 40
24 17
24 24
25 0
25 39
26 2
26 14
27 6
27 26
28 31
28 33
29 3
29 22
30 3
30 5
31 13
31 32
32 10
32 35
33 13
33 37
34 22
34 40
35 9
35 27
36 18
36 30
37 8
37 21
38 29
38 30
39 16
39 26
40 7
40 18
41 21
41 25

# solution 673
# n=42 sym=rot4 status=verified source=flammenkamp_cache/n42_rot4
# code=oKPNYFPBCKXBNEW1J4S6V9SacJc8AFZRd02HO15TYbf047CaeHOdf2E6QVX3M35DWAZDbMe9RIU8LTUGQ7IGL
0 20
0 25
1 23
1 34
2 15
2 25
3 11
3 12
4 20
4 33
5 11
5 23
6 14
6 32
7 1
7 19
8 4
8 28
9 6
9 31
10 9
10 28
11 36
11 38
12 19
12 38
13 8
13 10
14 15
14 35
15 27
15 39
16 0
16 2
17 17
17 24
18 1
18 5
19 29
19 34
20 37
20 41
21 0
21 4
22 7
22 12
23 36
23 40
24 17
24 24
25 39
25 41
26 2
26 14
27 6
27 26
28 31
28 33
29 3
29 22
30 3
30 5
31 13
31 32
32 10
32 35
33 13
33 37
34 22
34 40
35 9
35 27
36 18
36 30
37 8
37 21
38 29
38 30
39 16
39 26
40 7
40 18
41 16
41 21

# solution 674
# n=42 sym=rot4 status=verified source=flammenkamp_cache/n42_rot4
# code=oKU7WOaDFKO2ENVUeEJ1J6C07SVCcXaIcGP246QWXbf0489FZbdGP3N583TADYfTZMeMR1BAIRdHLQS5H9YBL
0 20
0 30
1 7
1 32
2 24
2 36
3 13
3 15
4 20
4 24
5 2
5 14
6 23
6 31
7 30
7 40
8 14
8 19
9 1
9 19
10 6
10 12
11 0
11 7
12 28
12 31
13 12
13 38
14 33
14 36
15 18
15 38
16 16
16 25
17 2
17 4
18 6
18 26
19 32
19 33
20 37
20 41
21 0
21 4
22 8
22 9
23 15
23 35
24 37
24 39
25 16
25 25
26 3
26 23
27 5
27 8
28 3
28 29
29 10
29 13
30 34
30 41
31 29
31 35
32 22
32 40
33 22
33 27
34 1
34 11
35 10
35 18
36 27
36 39
37 17
37 21
38 26
38 28
39 5
39 17
40 9
40 34
41 11
41 21

# solution 675
# n=42 sym=rot4 status=verified source=flammenkamp_cache/n42_rot4
# code=oKQ5RGV3cJKSeGQ9ABHRY2YSXIO5B1906ZdCXJTNbbf044ICM8T26ZfWeUaHN8D7d7EOUVWFP1DLM3cAPEaFL
0 20
0 26
1 5
1 27
2 16
2 31
3 3
3 38
4 19
4 20
5 28
5 40
6 16
6 26
7 9
7 10
8 11
8 17
9 27
9 34
10 2
10 34
11 28
11 33
12 18
12 24
13 5
13 11
14 1
14 9
15 0
15 6
16 35
16 39
17 12
17 33
18 19
18 29
19 23
19 37
20 37
20 41
21 0
21 4
22 4
22 18
23 12
23 22
24 8
24 29
25 2
25 6
26 35
26 41
27 32
27 40
28 30
28 36
29 17
29 23
30 8
30 13
31 7
31 39
32 7
32 14
33 24
33 30
34 31
34 32
35 15
35 25
36 1
36 13
37 21
37 22
38 3
38 38
39 10
39 25
40 14
40 36
41 15
41 21

# solution 676
# n=42 sym=rot4 status=verified source=flammenkamp_cache/n42_rot4
# code=oLTAYJQGWBLOV8E1NUZ3D5e8b0FHWMZ2TIc5S7PEd04bf2RGYDa3NCd6J9OQf4X1aSc6BIeRXAHKU9PFM7VCK
0 21
0 29
1 10
1 34
2 19
2 26
3 16
3 32
4 11
4 21
5 24
5 31
6 8
6 14
7 1
7 23
8 30
8 35
9 3
9 13
10 5
10 40
11 8
11 37
12 0
12 15
13 17
13 32
14 22
14 35
15 2
15 29
16 18
16 38
17 5
17 28
18 7
18 25
19 14
19 39
20 0
20 4
21 37
21 41
22 2
22 27
23 16
23 34
24 13
24 36
25 3
25 23
26 12
26 39
27 6
27 19
28 9
28 24
29 26
29 41
30 4
30 33
31 1
31 36
32 28
32 38
33 6
33 11
34 18
34 40
35 27
35 33
36 10
36 17
37 20
37 30
38 9
38 25
39 15
39 22
40 7
40 31
41 12
41 20

# solution 677
# n=42 sym=rot4 status=verified source=flammenkamp_cache/n42_rot4
# code=oLTNQ6QGXKa4DAdRS3W8NCZBU0V7a7O12McEJ19GO0b4fHPWeMR3JdeHY5YAfBU6TIX9cDE2VSb5L8PFZFICK
0 21
0 29
1 23
1 26
2 6
2 26
3 16
3 33
4 20
4 36
5 4
5 13
6 10
6 39
7 27
7 28
8 3
8 32
9 8
9 23
10 12
10 35
11 11
11 30
12 0
12 31
13 7
13 36
14 7
14 24
15 1
15 2
16 22
16 38
17 14
17 19
18 1
18 9
19 16
19 24
20 0
20 37
21 4
21 41
22 17
22 25
23 32
23 40
24 22
24 27
25 3
25 19
26 39
26 40
27 17
27 34
28 5
28 34
29 10
29 41
30 11
30 30
31 6
31 29
32 18
32 33
33 9
33 38
34 13
34 14
35 2
35 31
36 28
36 37
37 5
37 21
38 8
38 25
39 15
39 35
40 15
40 18
41 12
41 20

# solution 678
# n=42 sym=rot4 status=verified source=flammenkamp_cache/n42_rot4
# code=oAK6GJVBDLNWYJe5PRT5N2fCc8UFc8FRS7eHO49Zd4f0b26WbHO1YDEQX3QBX3T0dIaCEGa1M79IKSUAMPZLV
0 10
0 20
1 6
1 16
2 19
2 31
3 11
3 13
4 21
4 23
5 32
5 34
6 19
6 40
7 5
7 25
8 27
8 29
9 5
9 23
10 2
10 41
11 12
11 38
12 8
12 30
13 15
13 38
14 8
14 15
15 27
15 28
16 7
16 40
17 17
17 24
18 4
18 9
19 35
19 39
20 4
20 41
21 0
21 37
22 2
22 6
23 32
23 37
24 17
24 24
25 1
25 34
26 13
26 14
27 26
27 33
28 3
28 26
29 11
29 33
30 3
30 29
31 0
31 39
32 18
32 36
33 12
33 14
34 16
34 36
35 1
35 22
36 7
36 9
37 18
37 20
38 28
38 30
39 10
39 22
40 25
40 35
41 21
41 31

# solution 679
# n=42 sym=rot4 status=verified source=flammenkamp_cache/n42_rot4
# code=oKRUYBH5DGLSc9A1X7VGZ8Z1dIO5c0MFQWbCdJTEN4f0bIRCM2T49FQJf3aHN2e6X6PAY8eVW3DKPSaOU7BEL
0 20
0 27
1 30
1 34
2 11
2 17
3 5
3 13
4 16
4 21
5 28
5 38
6 9
6 10
7 1
7 33
8 7
8 31
9 16
9 35
10 8
10 35
11 1
11 39
12 18
12 24
13 5
13 38
14 0
14 22
15 15
15 26
16 32
16 37
17 12
17 39
18 19
18 29
19 14
19 23
20 4
20 41
21 0
21 37
22 18
22 27
23 12
23 22
24 2
24 29
25 4
25 9
26 15
26 26
27 19
27 41
28 3
28 36
29 17
29 23
30 2
30 40
31 6
31 33
32 6
32 25
33 10
33 34
34 8
34 40
35 31
35 32
36 3
36 13
37 20
37 25
38 28
38 36
39 24
39 30
40 7
40 11
41 14
41 21

# solution 680
# n=42 sym=rot4 status=verified source=flammenkamp_cache/n42_rot4
# code=oDKQU49GWLdHMQY6VCO3d7S1CUXAfGJ16Rc8aIN5R4f0bEaIN5X3EZeMP0V8BTeDY2cHTAZ7FJO2K9PWbBFLS
0 13
0 20
1 26
1 30
2 4
2 9
3 16
3 32
4 21
4 39
5 17
5 22
6 26
6 34
7 6
7 31
8 12
8 24
9 3
9 39
10 7
10 28
11 1
11 12
12 30
12 33
13 10
13 41
14 16
14 19
15 1
15 6
16 27
16 38
17 8
17 36
18 18
18 23
19 5
19 27
20 4
20 41
21 0
21 37
22 14
22 36
23 18
23 23
24 5
24 33
25 3
25 14
26 35
26 40
27 22
27 25
28 0
28 31
29 8
29 11
30 29
30 40
31 13
31 34
32 2
32 38
33 17
33 29
34 10
34 35
35 7
35 15
36 19
36 24
37 2
37 20
38 9
38 25
39 32
39 37
40 11
40 15
41 21
41 28

# solution 681
# n=42 sym=rot4 status=verified source=flammenkamp_cache/n42_rot4
# code=oLNMPGV9CHK9RDN8ARYac2YFMHcFZ58SU1dTb061B0b4fUeZf4C2eBDXa6Q3OJQ7d357EVXISEWLOTWAPGJIK
0 21
0 23
1 22
1 25
2 16
2 31
3 9
3 12
4 17
4 20
5 9
5 27
6 13
6 23
7 8
7 10
8 27
8 34
9 36
9 38
10 2
10 34
11 15
11 22
12 17
12 38
13 15
13 35
14 5
14 8
15 28
15 30
16 1
16 39
17 29
17 37
18 0
18 6
19 1
19 11
20 0
20 37
21 4
21 41
22 30
22 40
23 35
23 41
24 4
24 12
25 2
25 40
26 11
26 13
27 33
27 36
28 6
28 26
29 3
29 24
30 19
30 26
31 7
31 39
32 3
32 5
33 7
33 14
34 31
34 33
35 18
35 28
36 14
36 32
37 21
37 24
38 29
38 32
39 10
39 25
40 16
40 19
41 18
41 20

# solution 682
# n=42 sym=rot4 status=verified source=flammenkamp_cache/n42_rot4
# code=oLOFaFVBXIK1VCOEW3T7J25Ec8ZGMUYdeIS06PbDW0b4f9S4GZfDN127BJP6X3RadMYCc9RHTAeLN8UAQ5QHK
0 21
0 24
1 15
1 36
2 15
2 31
3 11
3 33
4 18
4 20
5 1
5 31
6 12
6 24
7 14
7 32
8 3
8 29
9 7
9 19
10 2
10 5
11 14
11 38
12 8
12 35
13 16
13 22
14 30
14 34
15 39
15 40
16 18
16 28
17 0
17 6
18 25
18 37
19 13
19 32
20 0
20 37
21 4
21 41
22 9
22 28
23 4
23 16
24 35
24 41
25 13
25 23
26 1
26 2
27 7
27 11
28 19
28 25
29 6
29 33
30 3
30 27
31 36
31 39
32 22
32 34
33 12
33 38
34 9
34 27
35 17
35 29
36 10
36 40
37 21
37 23
38 8
38 30
39 10
39 26
40 5
40 26
41 17
41 20

# solution 683
# n=42 sym=rot4 status=verified source=flammenkamp_cache/n42_rot4
# code=oCW4NKSDKWeOQFVRX7C046IOPXf2c7G5ZBR5B1VJMcd23JMAeUaEU6aPY3d08GHNZbfTY8EAQFH19LSDLIb9T
0 12
0 32
1 4
1 23
2 20
2 28
3 13
3 20
4 32
4 40
5 24
5 26
6 15
6 31
7 27
7 33
8 7
8 12
9 0
9 4
10 6
10 18
11 24
11 25
12 33
12 41
13 2
13 38
14 7
14 16
15 5
15 35
16 11
16 27
17 5
17 11
18 1
18 31
19 19
19 22
20 38
20 39
21 2
21 3
22 19
22 22
23 10
23 40
24 30
24 36
25 14
25 30
26 6
26 36
27 25
27 34
28 3
28 39
29 0
29 8
30 16
30 17
31 23
31 35
32 37
32 41
33 29
33 34
34 8
34 14
35 10
35 26
36 15
36 17
37 1
37 9
38 21
38 28
39 13
39 21
40 18
40 37
41 9
41 29

# solution 684
# n=42 sym=rot4 status=verified source=flammenkamp_cache/n42_rot4
# code=oPTGIKVKNRU9C9R7YBMZa2Q4X0aHJ46AH0eQS3e8Scd23DX1cDF1fOVZbMO5f8bFd56JU7YEWTWBEILALNPCG
0 25
0 29
1 16
1 18
2 20
2 31
3 20
3 23
4 27
4 30
5 9
5 12
6 9
6 27
7 7
7 34
8 11
8 22
9 35
9 36
10 2
10 26
11 4
11 33
12 0
12 36
13 17
13 19
14 4
14 6
15 10
15 17
16 0
16 40
17 26
17 28
18 3
18 40
19 8
19 28
20 38
20 39
21 2
21 3
22 13
22 33
23 1
23 38
24 13
24 15
25 1
25 41
26 24
26 31
27 35
27 37
28 22
28 24
29 5
29 41
30 8
30 37
31 15
31 39
32 5
32 6
33 19
33 30
34 7
34 34
35 14
35 32
36 29
36 32
37 11
37 14
38 18
38 21
39 10
39 21
40 23
40 25
41 12
41 16

# solution 685
# n=42 sym=rot4 status=verified source=flammenkamp_cache/n42_rot4
# code=oEOFXLO6KPTESXcBD16JPFUAY4I5YafVe4902JTNW2c3d9ICMdfWb1A057aNb7VBQGMZeSU38DRCGLZHK8QHR
0 14
0 24
1 15
1 33
2 21
2 24
3 6
3 20
4 25
4 29
5 14
5 28
6 33
6 38
7 11
7 13
8 1
8 6
9 19
9 25
10 15
10 30
11 10
11 34
12 4
12 18
13 5
13 34
14 36
14 41
15 31
15 40
16 4
16 9
17 0
17 2
18 19
18 29
19 23
19 32
20 2
20 38
21 3
21 39
22 9
22 18
23 12
23 22
24 39
24 41
25 32
25 37
26 1
26 10
27 0
27 5
28 7
28 36
29 23
29 37
30 7
30 31
31 11
31 26
32 16
32 22
33 35
33 40
34 28
34 30
35 3
35 8
36 13
36 27
37 12
37 16
38 21
38 35
39 17
39 20
40 8
40 26
41 17
41 27

# solution 686
# n=42 sym=rot4 status=verified source=flammenkamp_cache/n42_rot4
# code=oBELbCRLT187JQY6aIbDPQSIf3dAW2f6A9OGJUXOa13ce5H8BMPHWVZ0d9V2c0NDFGS4N5Z7FMYXeCKET4KRU
0 11
0 14
1 21
1 37
2 12
2 27
3 21
3 29
4 1
4 8
5 7
5 19
6 26
6 34
7 6
7 36
8 18
8 37
9 13
9 25
10 26
10 28
11 18
11 41
12 3
12 39
13 10
13 32
14 2
14 41
15 6
15 10
16 9
16 24
17 16
17 19
18 30
18 33
19 24
19 36
20 1
20 3
21 38
21 40
22 5
22 17
23 8
23 11
24 22
24 25
25 17
25 32
26 31
26 35
27 0
27 39
28 9
28 31
29 2
29 38
30 0
30 23
31 13
31 15
32 16
32 28
33 4
33 23
34 5
34 35
35 7
35 15
36 22
36 34
37 33
37 40
38 12
38 20
39 14
39 29
40 4
40 20
41 27
41 30

# solution 687
# n=42 sym=rot4 status=verified source=flammenkamp_cache/n42_rot4
# code=oHQKT7RBKRWDF8SVdBZ4P7JXc1P6a240a9CNfHJNVce13AIMO0ITW5fbd5ZGe38MYGb6U2ADXQS9ELUEYCLFO
0 17
0 26
1 20
1 29
2 7
2 27
3 11
3 20
4 27
4 32
5 13
5 15
6 8
6 28
7 31
7 39
8 11
8 35
9 4
9 25
10 7
10 19
11 33
11 38
12 1
12 25
13 6
13 36
14 2
14 4
15 0
15 36
16 9
16 12
17 23
17 41
18 17
18 19
19 23
19 31
20 38
20 40
21 1
21 3
22 10
22 18
23 22
23 24
24 0
24 18
25 29
25 32
26 5
26 41
27 37
27 39
28 5
28 35
29 16
29 40
30 3
30 8
31 22
31 34
32 16
32 37
33 6
33 30
34 2
34 10
35 13
35 33
36 26
36 28
37 9
37 14
38 21
38 30
39 14
39 34
40 12
40 21
41 15
41 24

# solution 688
# n=42 sym=rot4 status=verified source=flammenkamp_cache/n42_rot4
# code=oNZKZ9FDKCROV018MOYBd5IQWDbTc4PBdEJ580V7Pce13GYAfXaMR2UGb3C4S9FNa2U7HJXefAHETLSQW6L6I
0 23
0 35
1 20
1 35
2 9
2 15
3 13
3 20
4 12
4 27
5 24
5 31
6 0
6 1
7 8
7 22
8 24
8 34
9 11
9 39
10 5
10 18
11 26
11 32
12 13
12 37
13 29
13 38
14 4
14 25
15 11
15 39
16 14
16 19
17 5
17 8
18 0
18 31
19 7
19 25
20 38
20 40
21 1
21 3
22 16
22 34
23 10
23 41
24 33
24 36
25 22
25 27
26 2
26 30
27 16
27 37
28 3
28 12
29 4
29 28
30 9
30 15
31 23
31 36
32 2
32 30
33 7
33 17
34 19
34 33
35 40
35 41
36 10
36 17
37 14
37 29
38 21
38 28
39 26
39 32
40 6
40 21
41 6
41 18

# solution 689
# n=42 sym=rot4 status=verified source=flammenkamp_cache/n42_rot4
# code=oCIKW5GKSBVGdNY6SBH1V49XbRf37CMFQadJX6fEOce13HR0Z8M25FQJTYc0E48WbAeOUDZ7I2PAUDLPa9LNT
0 12
0 18
1 20
1 32
2 5
2 16
3 20
3 28
4 11
4 31
5 16
5 39
6 23
6 34
7 6
7 28
8 11
8 17
9 1
9 31
10 4
10 9
11 33
11 37
12 27
12 41
13 3
13 7
14 12
14 22
15 15
15 26
16 36
16 39
17 19
17 33
18 6
18 41
19 14
19 24
20 38
20 40
21 1
21 3
22 17
22 27
23 0
23 35
24 8
24 22
25 2
25 5
26 15
26 26
27 19
27 29
28 34
28 38
29 0
29 14
30 4
30 8
31 32
31 37
32 10
32 40
33 24
33 30
34 13
34 35
35 7
35 18
36 2
36 25
37 10
37 30
38 13
38 21
39 25
39 36
40 9
40 21
41 23
41 29

# solution 690
# n=42 sym=rot4 status=verified source=flammenkamp_cache/n42_rot4
# code=oJRFKSTDK8P7VRTGa9bHX5FHN262c06Ve4YUWBJNfce130IMU9B7b1AZf3dZdIOQa8O4W5PCEAYGXLSCDLQEM
0 19
0 27
1 15
1 20
2 28
2 29
3 13
3 20
4 8
4 25
5 7
5 31
6 27
6 29
7 16
7 36
8 9
8 37
9 17
9 33
10 5
10 15
11 17
11 23
12 2
12 6
13 2
13 38
14 0
14 6
15 31
15 40
16 4
16 34
17 30
17 32
18 11
18 19
19 23
19 41
20 38
20 40
21 1
21 3
22 0
22 18
23 22
23 30
24 9
24 11
25 7
25 37
26 1
26 10
27 35
27 41
28 3
28 39
29 35
29 39
30 18
30 24
31 26
31 36
32 8
32 24
33 4
33 32
34 5
34 25
35 12
35 14
36 10
36 34
37 16
37 33
38 21
38 28
39 12
39 13
40 21
40 26
41 14
41 22

# solution 691
# n=42 sym=rot4 status=verified source=flammenkamp_cache/n42_rot4
# code=oFZAKENFKNXST09GV4CJZ7ePS5X5BJdcfBYHO24RWce139EbdHO7U032MUa8aDG1Y6MTbAPWfCD8ILQIRLV6Q
0 15
0 35
1 10
1 20
2 14
2 23
3 15
3 20
4 23
4 33
5 28
5 29
6 0
6 9
7 16
7 31
8 4
8 12
9 19
9 35
10 7
10 40
11 25
11 28
12 5
12 33
13 5
13 11
14 19
14 39
15 38
15 41
16 11
16 34
17 17
17 24
18 2
18 4
19 27
19 32
20 38
20 40
21 1
21 3
22 9
22 14
23 37
23 39
24 17
24 24
25 7
25 30
26 0
26 3
27 2
27 22
28 30
28 36
29 8
29 36
30 13
30 16
31 1
31 34
32 6
32 22
33 29
33 37
34 10
34 25
35 32
35 41
36 12
36 13
37 8
37 18
38 21
38 26
39 18
39 27
40 21
40 31
41 6
41 26

# solution 692
# n=42 sym=rot4 status=verified source=flammenkamp_cache/n42_rot4
# code=oPTFLQaBLMX2D7WSZ4W68HJOc0R7aCN2e0IBVEP4V13ceAbGRAUNf1dIT5YEf3HMOXZ9b6D9YSd8JKU5FKQCG
0 25
0 29
1 15
1 21
2 26
2 36
3 11
3 21
4 22
4 33
5 2
5 13
6 7
6 32
7 28
7 35
8 4
8 32
9 6
9 8
10 17
10 19
11 24
11 38
12 0
12 27
13 7
13 36
14 12
14 23
15 2
15 40
16 0
16 18
17 11
17 31
18 14
18 25
19 4
19 31
20 1
20 3
21 38
21 40
22 10
22 37
23 16
23 27
24 10
24 30
25 23
25 41
26 1
26 39
27 18
27 29
28 5
28 34
29 14
29 41
30 3
30 17
31 22
31 24
32 33
32 35
33 9
33 37
34 6
34 13
35 9
35 34
36 28
36 39
37 8
37 19
38 20
38 30
39 5
39 15
40 20
40 26
41 12
41 16

# solution 693
# n=42 sym=rot4 status=verified source=flammenkamp_cache/n42_rot4
# code=oGUKM5BHKRX9dDGMR4AAaWX0dDFTZ47HTZfQcIN17ce13YeIN3F06COYb6CQS2f895VVbEJPS2W8ELOUaJLBP
0 16
0 30
1 20
1 22
2 5
2 11
3 17
3 20
4 27
4 33
5 9
5 39
6 13
6 16
7 22
7 27
8 4
8 10
9 10
9 36
10 32
10 33
11 0
11 39
12 13
12 15
13 29
13 35
14 4
14 7
15 17
15 29
16 35
16 41
17 26
17 38
18 18
18 23
19 1
19 7
20 38
20 40
21 1
21 3
22 34
22 40
23 18
23 23
24 3
24 15
25 0
25 6
26 12
26 24
27 34
27 37
28 6
28 12
29 26
29 28
30 2
30 41
31 8
31 9
32 5
32 31
33 31
33 37
34 14
34 19
35 25
35 28
36 2
36 32
37 8
37 14
38 21
38 24
39 30
39 36
40 19
40 21
41 11
41 25

# solution 694
# n=42 sym=rot4 status=verified source=flammenkamp_cache/n42_rot4
# code=o5PJLFMCLEYSfVX4S69HX6CHRVc57BbGd0QUWIN2e13ce1dIN9BFf2P4UYa3AEOTZ8OWZDb8A0D7RKTJQKMGa
0 5
0 25
1 19
1 21
2 15
2 22
3 12
3 21
4 14
4 34
5 28
5 41
6 31
6 33
7 4
7 28
8 6
8 9
9 17
9 33
10 6
10 12
11 17
11 27
12 31
12 38
13 5
13 7
14 11
14 37
15 16
15 39
16 0
16 26
17 30
17 32
18 18
18 23
19 2
19 40
20 1
20 3
21 38
21 40
22 1
22 39
23 18
23 23
24 9
24 11
25 15
25 41
26 2
26 25
27 4
27 30
28 34
28 36
29 3
29 10
30 14
30 24
31 29
31 35
32 8
32 24
33 32
33 35
34 13
34 37
35 8
35 10
36 0
36 13
37 7
37 27
38 20
38 29
39 19
39 26
40 20
40 22
41 16
41 36

# solution 695
# n=42 sym=rot4 status=verified source=flammenkamp_cache/n42_rot4
# code=oQRJLAIDK5QPbBT7YOVJO8dDZ6GUc0I045T89RdWe1c3e192EWXCabfNf3BPZ6S2XHMAH7YCU4GFaLSNVKMEF
0 26
0 27
1 19
1 21
2 10
2 18
3 13
3 20
4 5
4 26
5 25
5 37
6 11
6 29
7 7
7 34
8 24
8 31
9 19
9 24
10 8
10 39
11 13
11 35
12 6
12 16
13 30
13 38
14 0
14 18
15 0
15 4
16 5
16 29
17 8
17 9
18 27
18 39
19 32
19 40
20 1
20 38
21 3
21 40
22 1
22 9
23 2
23 14
24 32
24 33
25 12
25 36
26 37
26 41
27 23
27 41
28 3
28 11
29 25
29 35
30 6
30 28
31 2
31 33
32 17
32 22
33 10
33 17
34 7
34 34
35 12
35 30
36 4
36 16
37 15
37 36
38 21
38 28
39 23
39 31
40 20
40 22
41 14
41 15

# solution 696
# n=42 sym=rot4 status=verified source=flammenkamp_cache/n42_rot4
# code=oPS7KQWLU6EDGYb6eHJ2BAV3WFM0aNb2T0aIXEOCX3e1c8THR8N5fCd4I5fJQ9cAVUdMO1Z47PSRZBK9FLYDG
0 25
0 28
1 7
1 20
2 26
2 32
3 21
3 30
4 6
4 14
5 13
5 16
6 34
6 37
7 6
7 40
8 17
8 19
9 2
9 11
10 10
10 31
11 3
11 32
12 15
12 22
13 0
13 36
14 23
14 37
15 2
15 29
16 0
16 36
17 18
17 33
18 14
18 24
19 12
19 33
20 3
20 40
21 1
21 38
22 8
22 29
23 17
23 27
24 8
24 23
25 5
25 41
26 12
26 39
27 4
27 18
28 5
28 41
29 19
29 26
30 9
30 38
31 10
31 31
32 30
32 39
33 22
33 24
34 1
34 35
35 4
35 7
36 25
36 28
37 27
37 35
38 11
38 20
39 9
39 15
40 21
40 34
41 13
41 16

# solution 697
# n=42 sym=rot4 status=verified source=flammenkamp_cache/n42_rot4
# code=oRYFLDN7K5GDbQU0c8XJRCJ6HNVad096eHbPU2CVW1c3e9ATdBG4O1ZWf25AIOZMTEM8X3fBF4SPaLYISKQ7E
0 27
0 34
1 15
1 21
2 13
2 23
3 7
3 20
4 5
4 16
5 13
5 37
6 26
6 30
7 0
7 38
8 8
8 33
9 19
9 27
10 12
10 19
11 6
11 17
12 23
12 31
13 36
13 39
14 0
14 9
15 6
15 40
16 17
16 37
17 25
17 30
18 2
18 12
19 31
19 32
20 1
20 38
21 3
21 40
22 9
22 10
23 29
23 39
24 11
24 16
25 4
25 24
26 1
26 35
27 32
27 41
28 2
28 5
29 10
29 18
30 24
30 35
31 22
31 29
32 14
32 22
33 8
33 33
34 3
34 41
35 11
35 15
36 4
36 28
37 25
37 36
38 21
38 34
39 18
39 28
40 20
40 26
41 7
41 14

# solution 698
# n=42 sym=rot4 status=verified source=flammenkamp_cache/n42_rot4
# code=oWbBLISKU0DAHJVRWIQ076a3eFR2b7C8TJOGaXdPZ1c3e6G285PHMCXTY4dEQ1c5ZYfFN9EAMOVSfBLDNKU49
0 32
0 37
1 11
1 21
2 18
2 28
3 20
3 30
4 0
4 13
5 10
5 17
6 19
6 31
7 27
7 32
8 18
8 26
9 0
9 7
10 6
10 36
11 3
11 40
12 15
12 27
13 2
13 37
14 7
14 12
15 8
15 29
16 19
16 24
17 16
17 36
18 33
18 39
19 25
19 35
20 1
20 38
21 3
21 40
22 6
22 16
23 2
23 8
24 5
24 25
25 17
25 22
26 12
26 33
27 29
27 34
28 4
28 39
29 14
29 26
30 1
30 38
31 5
31 35
32 34
32 41
33 15
33 23
34 9
34 14
35 10
35 22
36 24
36 31
37 28
37 41
38 11
38 21
39 13
39 23
40 20
40 30
41 4
41 9

# solution 699
# n=42 sym=rot4 status=verified source=flammenkamp_cache/n42_rot4
# code=oLb8FFVEL0a4NST9MNeTY2JDG696UHcdeHUPR587V03cfAYXaEGBO123OBZWZPSMd7C1IJWCDIb5fKRAQQX4K
0 21
0 37
1 8
1 15
2 15
2 31
3 14
3 21
4 0
4 36
5 4
5 23
6 28
6 29
7 9
7 22
8 23
8 40
9 29
9 34
10 2
10 19
11 13
11 16
12 6
12 9
13 6
13 30
14 17
14 38
15 39
15 40
16 17
16 30
17 25
17 27
18 5
18 8
19 7
19 31
20 0
20 3
21 38
21 41
22 10
22 34
23 33
23 36
24 14
24 16
25 11
25 24
26 1
26 2
27 3
27 24
28 11
28 35
29 32
29 35
30 25
30 28
31 22
31 39
32 7
32 12
33 1
33 18
34 19
34 32
35 12
35 13
36 18
36 37
37 5
37 41
38 20
38 27
39 10
39 26
40 26
40 33
41 4
41 20

# solution 700
# n=42 sym=rot4 status=verified source=flammenkamp_cache/n42_rot4
# code=oLQ9TAYLMGU5a8D2IRZTeJd4S19BZ8H0GQbIROY3V03cfAc7HEN4FPfOX6UWeDb2M1C6ENdSX5aBPJK7VCWFK
0 21
0 26
1 9
1 29
2 10
2 34
3 21
3 22
4 16
4 30
5 5
5 36
6 8
6 13
7 2
7 18
8 27
8 35
9 29
9 40
10 19
10 39
11 4
11 28
12 1
12 9
13 11
13 35
14 8
14 17
15 0
15 16
16 26
16 37
17 18
17 27
18 24
18 34
19 3
19 31
20 0
20 3
21 38
21 41
22 10
22 38
23 7
23 17
24 14
24 23
25 4
25 15
26 25
26 41
27 24
27 33
28 6
28 30
29 32
29 40
30 13
30 37
31 2
31 22
32 1
32 12
33 6
33 14
34 23
34 39
35 28
35 33
36 5
36 36
37 11
37 25
38 19
38 20
39 7
39 31
40 12
40 32
41 15
41 20

# solution 701
# n=42 sym=rot4 status=verified source=flammenkamp_cache/n42_rot4
# code=oKZDVFZJKBSQW02OT8X5P1ICb7U4eJP5d9E7IOVRccf033EAHNYRW2aGM1bBY4TNeGa8XCHdf9FDULM6QAS6L
0 20
0 35
1 13
1 31
2 15
2 35
3 19
3 20
4 11
4 28
5 26
5 32
6 0
6 2
7 24
7 29
8 8
8 33
9 5
9 25
10 1
10 18
11 12
11 37
12 7
12 30
13 4
13 40
14 19
14 25
15 5
15 39
16 9
16 14
17 7
17 18
18 24
18 31
19 27
19 38
20 38
20 41
21 0
21 3
22 3
22 14
23 10
23 17
24 23
24 34
25 27
25 32
26 2
26 36
27 16
27 22
28 1
28 37
29 11
29 34
30 4
30 29
31 23
31 40
32 16
32 36
33 8
33 33
34 12
34 17
35 39
35 41
36 9
36 15
37 13
37 30
38 21
38 22
39 6
39 26
40 10
40 28
41 6
41 21

# solution 702
# n=42 sym=rot4 status=verified source=flammenkamp_cache/n42_rot4
# code=oLTab3HLd1R1DGH9ETUGYMQ8J08Fa4YASWZZdINAU03cfBVIN2669DV7b5QXfMXFJ7PBCRWOPSeEe2KOc45CK
0 21
0 29
1 36
1 37
2 3
2 17
3 21
3 39
4 1
4 27
5 1
5 13
6 16
6 17
7 9
7 14
8 29
8 30
9 16
9 34
10 22
10 26
11 8
11 19
12 0
12 8
13 15
13 36
14 4
14 34
15 10
15 28
16 32
16 35
17 35
17 39
18 18
18 23
19 10
19 30
20 0
20 3
21 38
21 41
22 11
22 31
23 18
23 23
24 2
24 6
25 6
25 9
26 13
26 31
27 7
27 37
28 5
28 26
29 33
29 41
30 22
30 33
31 15
31 19
32 7
32 25
33 11
33 12
34 27
34 32
35 24
35 25
36 28
36 40
37 14
37 40
38 2
38 20
39 24
39 38
40 4
40 5
41 12
41 20

# solution 703
# n=42 sym=rot4 status=verified source=flammenkamp_cache/n42_rot4
# code=o9KTaEIDKAI1T8UEUJZHfSb6715AcYdOPFJFWbdPXcf038G249QMQGH273VaeYZ4D0O6MBRBXCeNVLSNR5CLW
0 9
0 20
1 29
1 36
2 14
2 18
3 13
3 20
4 10
4 18
5 1
5 29
6 8
6 30
7 14
7 30
8 19
8 35
9 17
9 41
10 28
10 37
11 6
11 7
12 1
12 5
13 10
13 38
14 34
14 39
15 24
15 25
16 15
16 19
17 15
17 32
18 37
18 39
19 25
19 33
20 38
20 41
21 0
21 3
22 8
22 16
23 2
23 4
24 9
24 26
25 22
25 26
26 16
26 17
27 2
27 7
28 3
28 31
29 36
29 40
30 34
30 35
31 4
31 13
32 0
32 24
33 6
33 22
34 11
34 27
35 11
35 33
36 12
36 40
37 23
37 31
38 21
38 28
39 23
39 27
40 5
40 12
41 21
41 32

# solution 704
# n=42 sym=rot4 status=verified source=flammenkamp_cache/n42_rot4
# code=oBKHTPb8K2CHIFUAMRcPV9Y6f1bEM8SIZ29aeQa7Dcf03SY5F15Wd6NDXJR4e0Z7WAG3EJVBQNOTdLX4GCOLU
0 11
0 20
1 17
1 29
2 25
2 37
3 8
3 20
4 2
4 12
5 17
5 18
6 15
6 30
7 10
7 22
8 27
8 38
9 25
9 31
10 9
10 34
11 6
11 41
12 1
12 37
13 14
13 22
14 8
14 28
15 18
15 35
16 2
16 9
17 36
17 40
18 26
18 36
19 7
19 13
20 38
20 41
21 0
21 3
22 28
22 34
23 5
23 15
24 1
24 5
25 32
25 39
26 6
26 23
27 13
27 33
28 19
28 27
29 4
29 40
30 0
30 35
31 7
31 32
32 10
32 16
33 3
33 14
34 19
34 31
35 11
35 26
36 23
36 24
37 29
37 39
38 21
38 33
39 4
39 16
40 12
40 24
41 21
41 30

# solution 705
# n=42 sym=rot4 status=verified source=flammenkamp_cache/n42_rot4
# code=oFKSaAXJKDP1I9Y6C2NFZUdARJY1bBGWf4RHO8aTccf033C5XHOEb09PU4e7MEV2B6QIdTZ7WNeGSLM8V5DLQ
0 15
0 20
1 28
1 36
2 10
2 33
3 19
3 20
4 13
4 25
5 1
5 18
6 9
6 34
7 6
7 12
8 2
8 23
9 15
9 35
10 30
10 39
11 10
11 27
12 19
12 34
13 1
13 37
14 11
14 16
15 32
15 41
16 4
16 27
17 17
17 24
18 8
18 36
19 29
19 38
20 38
20 41
21 0
21 3
22 3
22 12
23 5
23 33
24 17
24 24
25 14
25 37
26 0
26 9
27 25
27 30
28 4
28 40
29 7
29 22
30 14
30 31
31 2
31 11
32 6
32 26
33 18
33 39
34 29
34 35
35 7
35 32
36 23
36 40
37 16
37 28
38 21
38 22
39 8
39 31
40 5
40 13
41 21
41 26

# solution 706
# n=42 sym=rot4 status=verified source=flammenkamp_cache/n42_rot4
# code=oLcOWDH0LABCENVIU8X1J6b7bEaFdTaPSFJ1d6YPW03cf9G7Z2eMQDG5C2Q5R4Y4ZMe8XBNAIRTUVKfOS9H3K
0 21
0 38
1 24
1 32
2 13
2 17
3 0
3 21
4 10
4 11
5 12
5 14
6 23
6 31
7 18
7 30
8 8
8 33
9 1
9 19
10 6
10 37
11 7
11 37
12 14
12 36
13 15
13 39
14 29
14 36
15 25
15 28
16 15
16 19
17 1
17 39
18 6
18 34
19 25
19 32
20 0
20 3
21 38
21 41
22 9
22 16
23 7
23 35
24 2
24 40
25 22
25 26
26 13
26 16
27 5
27 12
28 2
28 26
29 5
29 27
30 4
30 34
31 4
31 35
32 22
32 40
33 8
33 33
34 11
34 23
35 10
35 18
36 27
36 29
37 30
37 31
38 20
38 41
39 24
39 28
40 9
40 17
41 3
41 20

# solution 707
# n=42 sym=rot4 status=verified source=flammenkamp_cache/n42_rot4
# code=oJKVXCFKQOTEO9EVX17PZ17DG4dIUZa3d9U45JSNfcf030IDMabBW2c56BN2bPSYe6GYe8ARWHRCHFLQT8ALM
0 19
0 20
1 31
1 33
2 12
2 15
3 20
3 26
4 24
4 29
5 14
5 24
6 9
6 14
7 31
7 33
8 1
8 7
9 25
9 35
10 1
10 7
11 13
11 16
12 4
12 39
13 18
13 30
14 35
14 36
15 3
15 39
16 9
16 30
17 4
17 5
18 19
18 28
19 23
19 41
20 38
20 41
21 0
21 3
22 0
22 18
23 13
23 22
24 36
24 37
25 11
25 32
26 2
26 38
27 5
27 6
28 11
28 23
29 2
29 37
30 25
30 28
31 34
31 40
32 6
32 16
33 34
33 40
34 8
34 10
35 27
35 32
36 17
36 27
37 12
37 17
38 15
38 21
39 26
39 29
40 8
40 10
41 21
41 22

# solution 708
# n=42 sym=rot4 status=verified source=flammenkamp_cache/n42_rot4
# code=oLQFXNOJLAVOSDY681YCR4bMPGW5Z9I0eBT252RBc03cf3UEdadCU1fNW6a9PGJ4bET7eXZ7SDHAVKMHI8QFK
0 21
0 26
1 15
1 33
2 23
2 24
3 19
3 21
4 10
4 31
5 24
5 28
6 13
6 34
7 6
7 8
8 1
8 34
9 12
9 27
10 4
10 37
11 22
11 25
12 16
12 32
13 5
13 35
14 9
14 18
15 0
15 40
16 11
16 29
17 2
17 5
18 2
18 27
19 11
19 38
20 0
20 3
21 38
21 41
22 3
22 30
23 14
23 39
24 36
24 39
25 12
25 30
26 1
26 41
27 23
27 32
28 6
28 36
29 9
29 25
30 16
30 19
31 4
31 37
32 14
32 29
33 7
33 40
34 33
34 35
35 7
35 28
36 13
36 17
37 10
37 31
38 20
38 22
39 17
39 18
40 8
40 26
41 15
41 20

# solution 709
# n=42 sym=rot4 status=verified source=flammenkamp_cache/n42_rot4
# code=oAL8CHT5LMSOcEUFNSeAFWf6R2e48BZWYJN5d7G4P03cfGbPY2aIM796UXb1dEZ09QV1DIQBR3HDJKaCOTXKV
0 10
0 21
1 8
1 12
2 17
2 29
3 5
3 21
4 22
4 28
5 24
5 38
6 14
6 30
7 15
7 23
8 28
8 40
9 10
9 15
10 32
10 41
11 6
11 27
12 2
12 40
13 4
13 8
14 11
14 35
15 32
15 34
16 19
16 23
17 5
17 39
18 7
18 16
19 4
19 25
20 0
20 3
21 38
21 41
22 16
22 37
23 25
23 34
24 2
24 36
25 18
25 22
26 7
26 9
27 6
27 30
28 33
28 37
29 1
29 39
30 14
30 35
31 0
31 9
32 26
32 31
33 1
33 13
34 18
34 26
35 11
35 27
36 3
36 17
37 13
37 19
38 20
38 36
39 12
39 24
40 29
40 33
41 20
41 31

# solution 710
# n=42 sym=rot4 status=verified source=flammenkamp_cache/n42_rot4
# code=oJLGHVZLU6UAE2bOWEF7T2a349IDSXaPXFe7eJTNf03cf0ICM1Y1Q8G58DSNWbc5dCYQR9H4dRVBZBK6AOPKM
0 19
0 21
1 16
1 17
2 31
2 35
3 21
3 30
4 6
4 30
5 10
5 14
6 2
6 37
7 24
7 32
8 14
8 15
9 7
9 29
10 2
10 36
11 3
11 4
12 9
12 18
13 13
13 28
14 33
14 36
15 25
15 33
16 15
16 40
17 7
17 40
18 19
18 29
19 23
19 41
20 0
20 3
21 38
21 41
22 0
22 18
23 12
23 22
24 1
24 34
25 1
25 26
26 8
26 16
27 5
27 8
28 13
28 28
29 23
29 32
30 37
30 38
31 5
31 39
32 12
32 34
33 26
33 27
34 9
34 17
35 4
35 39
36 27
36 31
37 11
37 35
38 11
38 20
39 6
39 10
40 24
40 25
41 20
41 22

# solution 711
# n=42 sym=rot4 status=verified source=flammenkamp_cache/n42_rot4
# code=oKSJPHS5L4bEcIT9X79XYFHPR6I02BaJV1BVdTZQe3f0c1F6C2AUeAM5UdfNZEGOQ78WY8WCN3R4bKaDOGMDL
0 20
0 28
1 19
1 25
2 17
2 28
3 5
3 21
4 4
4 37
5 14
5 38
6 18
6 29
7 9
7 33
8 7
8 9
9 33
9 34
10 15
10 17
11 25
11 27
12 6
12 18
13 0
13 2
14 11
14 36
15 19
15 31
16 1
16 11
17 31
17 39
18 29
18 35
19 26
19 40
20 3
20 41
21 0
21 38
22 1
22 15
23 6
23 12
24 2
24 10
25 30
25 40
26 10
26 22
27 5
27 30
28 39
28 41
29 23
29 35
30 14
30 16
31 24
31 26
32 7
32 8
33 32
33 34
34 8
34 32
35 12
35 23
36 3
36 27
37 4
37 37
38 20
38 36
39 13
39 24
40 16
40 22
41 13
41 21

# solution 712
# n=42 sym=rot4 status=verified source=flammenkamp_cache/n42_rot4
# code=oFLRWAG9KDa4OSUNTEH1cBd6V7Q6b1XCfId5X7PJM0c3fJMGY8a2N0T8e4ZFYAZ2U3eORCIBDHb5SLWPV9EKQ
0 15
0 21
1 27
1 32
2 10
2 16
3 9
3 20
4 13
4 36
5 4
5 24
6 28
6 30
7 23
7 29
8 14
8 17
9 1
9 38
10 11
10 39
11 6
11 31
12 7
12 26
13 6
13 37
14 1
14 33
15 12
15 41
16 18
16 39
17 5
17 33
18 7
18 25
19 19
19 22
20 0
20 38
21 3
21 41
22 19
22 22
23 16
23 34
24 8
24 36
25 2
25 23
26 0
26 29
27 8
27 40
28 4
28 35
29 15
29 34
30 10
30 35
31 2
31 30
32 3
32 40
33 24
33 27
34 12
34 18
35 11
35 13
36 17
36 37
37 5
37 28
38 21
38 32
39 25
39 31
40 9
40 14
41 20
41 26

# solution 713
# n=42 sym=rot4 status=verified source=flammenkamp_cache/n42_rot4
# code=oLTFNBVEK7PIZ5FWbBR7J2OXd0JDS8cZe4HAP1aTW0c3f9C5eGVOb163XDSMf28HdMYEU49Qa6NGYLRAUIQCK
0 21
0 29
1 15
1 23
2 11
2 31
3 14
3 20
4 7
4 25
5 18
5 35
6 5
6 15
7 32
7 37
8 11
8 27
9 7
9 19
10 2
10 24
11 33
11 39
12 0
12 19
13 13
13 28
14 8
14 38
15 35
15 40
16 4
16 17
17 10
17 25
18 1
18 36
19 29
19 32
20 0
20 38
21 3
21 41
22 9
22 12
23 5
23 40
24 16
24 31
25 24
25 37
26 1
26 6
27 3
27 33
28 13
28 28
29 22
29 41
30 2
30 8
31 17
31 39
32 22
32 34
33 14
33 30
34 4
34 9
35 26
35 36
36 6
36 23
37 16
37 34
38 21
38 27
39 10
39 30
40 18
40 26
41 12
41 20

# solution 714
# n=42 sym=rot4 status=verified source=flammenkamp_cache/n42_rot4
# code=oLTFNUVEK7PIZ5FWbBR7J2O2X0JDS8cZe4HAP1aTW0c3f9C5eGVOb163XDSMf8dHdMYEU49Qa6NGYLRABIQCK
0 21
0 29
1 15
1 23
2 30
2 31
3 14
3 20
4 7
4 25
5 18
5 35
6 5
6 15
7 32
7 37
8 11
8 27
9 7
9 19
10 2
10 24
11 2
11 33
12 0
12 19
13 13
13 28
14 8
14 38
15 35
15 40
16 4
16 17
17 10
17 25
18 1
18 36
19 29
19 32
20 0
20 38
21 3
21 41
22 9
22 12
23 5
23 40
24 16
24 31
25 24
25 37
26 1
26 6
27 3
27 33
28 13
28 28
29 22
29 41
30 8
30 39
31 17
31 39
32 22
32 34
33 14
33 30
34 4
34 9
35 26
35 36
36 6
36 23
37 16
37 34
38 21
38 27
39 10
39 11
40 18
40 26
41 12
41 20

# solution 715
# n=42 sym=rot4 status=verified source=flammenkamp_cache/n42_rot4
# code=oCD8K7KCQ6ASYOb5dJeJPPbQRcf5fBH3B9A6RINWXde1289INEZVWUcOU0a03EF4GGM1M2a4H7DVZFTLYLXST
0 12
0 13
1 8
1 20
2 7
2 20
3 12
3 26
4 6
4 10
5 28
5 34
6 24
6 37
7 5
7 39
8 19
8 40
9 19
9 25
10 25
10 37
11 26
11 27
12 38
12 41
13 5
13 41
14 11
14 17
15 3
15 11
16 9
16 10
17 6
17 27
18 18
18 23
19 32
19 33
20 39
20 40
21 1
21 2
22 8
22 9
23 18
23 23
24 14
24 35
25 31
25 32
26 30
26 38
27 24
27 30
28 0
28 36
29 0
29 3
30 14
30 15
31 4
31 16
32 16
32 22
33 1
33 22
34 2
34 36
35 4
35 17
36 7
36 13
37 31
37 35
38 15
38 29
39 21
39 34
40 21
40 33
41 28
41 29

# solution 716
# n=42 sym=rot4 status=verified source=flammenkamp_cache/n42_rot4
# code=o4OJKAKFRZfVW4DCX7M5C5dIOWYEZ3SIcGP0BQU8ede121XBFUfGP3NDc6R79HN2aTaJY8TSb9A06EQLVLMHb
0 4
0 24
1 19
1 20
2 10
2 20
3 15
3 27
4 35
4 41
5 31
5 32
6 4
6 13
7 12
7 33
8 7
8 22
9 5
9 12
10 5
10 39
11 18
11 24
12 32
12 34
13 14
13 35
14 3
14 28
15 18
15 38
16 16
16 25
17 0
17 11
18 26
18 30
19 8
19 40
20 39
20 40
21 1
21 2
22 1
22 33
23 11
23 15
24 30
24 41
25 16
25 25
26 3
26 23
27 13
27 38
28 6
28 27
29 7
29 9
30 17
30 23
31 2
31 36
32 29
32 36
33 19
33 34
34 8
34 29
35 28
35 37
36 9
36 10
37 0
37 6
38 14
38 26
39 21
39 31
40 21
40 22
41 17
41 37

# solution 717
# n=42 sym=rot4 status=verified source=flammenkamp_cache/n42_rot4
# code=oDGIKLZHU4bBP2N8DAYARWX3aFJYf9OJT5fEc6eQT2e1dCF1Z3R0aCMHW07MQ5c89EV7VSXIdGU4bBO6KLNPS
0 13
0 16
1 18
1 20
2 21
2 35
3 17
3 30
4 4
4 37
5 11
5 25
6 2
6 23
7 8
7 13
8 10
8 34
9 10
9 27
10 32
10 33
11 3
11 36
12 15
12 19
13 34
13 41
14 9
14 24
15 19
15 29
16 5
16 41
17 14
17 38
18 6
18 40
19 26
19 29
20 2
20 40
21 1
21 39
22 12
22 15
23 1
23 35
24 3
24 27
25 0
25 36
26 12
26 22
27 17
27 32
28 0
28 7
29 22
29 26
30 5
30 38
31 8
31 9
32 14
32 31
33 7
33 31
34 28
34 33
35 18
35 39
36 16
36 30
37 4
37 37
38 11
38 24
39 6
39 20
40 21
40 23
41 25
41 28

# solution 718
# n=42 sym=rot4 status=verified source=flammenkamp_cache/n42_rot4
# code=oDKGSEKJVXZRU49HX47FZ3U5AFP1f5dTWCeJYINOcdf023HIN7M1T9C2a0eGQVaBc6QYb8OWbBE68AMLRDPLS
0 13
0 20
1 16
1 28
2 14
2 20
3 19
3 31
4 33
4 35
5 27
5 30
6 4
6 9
7 17
7 33
8 4
8 7
9 15
9 35
10 3
10 30
11 5
11 10
12 15
12 25
13 1
13 41
14 5
14 39
15 29
15 32
16 12
16 40
17 19
17 34
18 18
18 23
19 24
19 38
20 39
20 41
21 0
21 2
22 3
22 17
23 18
23 23
24 7
24 22
25 1
25 29
26 9
26 12
27 2
27 36
28 0
28 40
29 16
29 26
30 31
30 36
31 11
31 38
32 6
32 26
33 34
33 37
34 8
34 24
35 32
35 37
36 11
36 14
37 6
37 8
38 10
38 22
39 21
39 27
40 13
40 25
41 21
41 28

# solution 719
# n=42 sym=rot4 status=verified source=flammenkamp_cache/n42_rot4
# code=oALIWLbDQ2YBRIW4GJR16BfVaDPTc583JCYHOZeQX02df8F16HO7TMcXa3CGS5A0UZeEMPb9NEU7dFS4K9NKV
0 10
0 21
1 18
1 32
2 21
2 37
3 13
3 26
4 2
4 34
5 11
5 27
6 18
6 32
7 4
7 16
8 19
8 27
9 1
9 6
10 11
10 41
11 31
11 36
12 13
12 25
13 29
13 38
14 5
14 8
15 3
15 19
16 12
16 34
17 17
17 24
18 35
18 40
19 26
19 33
20 0
20 2
21 39
21 41
22 8
22 15
23 1
23 6
24 17
24 24
25 7
25 29
26 22
26 38
27 33
27 36
28 3
28 12
29 16
29 28
30 5
30 10
31 0
31 30
32 35
32 40
33 14
33 22
34 25
34 37
35 9
35 23
36 14
36 30
37 7
37 39
38 15
38 28
39 4
39 20
40 9
40 23
41 20
41 31

# solution 720
# n=42 sym=rot4 status=verified source=flammenkamp_cache/n42_rot4
# code=oALIW4LDQYdBRIW4GJR16BfVaDPTc583JCYHOZeQX02df8F16HO7TMcXa3CGS5A0UZeEMPb9NEU27FSKb9NKV
0 10
0 21
1 18
1 32
2 4
2 21
3 13
3 26
4 34
4 39
5 11
5 27
6 18
6 32
7 4
7 16
8 19
8 27
9 1
9 6
10 11
10 41
11 31
11 36
12 13
12 25
13 29
13 38
14 5
14 8
15 3
15 19
16 12
16 34
17 17
17 24
18 35
18 40
19 26
19 33
20 0
20 2
21 39
21 41
22 8
22 15
23 1
23 6
24 17
24 24
25 7
25 29
26 22
26 38
27 33
27 36
28 3
28 12
29 16
29 28
30 5
30 10
31 0
31 30
32 35
32 40
33 14
33 22
34 25
34 37
35 9
35 23
36 14
36 30
37 2
37 7
38 15
38 28
39 20
39 37
40 9
40 23
41 20
41 31

# solution 721
# n=42 sym=rot4 status=verified source=flammenkamp_cache/n42_rot4
# code=oKPEIKQCU7G8W7VZbMa5F6T3IAcJRDe2W0bHOUe8Sdf02DX1BHO4f9d1SEM3VNcCZQa5J46AY9XPYBTFLNRGL
0 20
0 25
1 14
1 18
2 20
2 26
3 12
3 30
4 7
4 16
5 8
5 32
6 7
6 31
7 35
7 37
8 22
8 36
9 5
9 15
10 6
10 29
11 3
11 18
12 10
12 38
13 19
13 27
14 13
14 40
15 2
15 32
16 0
16 37
17 17
17 24
18 30
18 40
19 8
19 28
20 39
20 41
21 0
21 2
22 13
22 33
23 1
23 11
24 17
24 24
25 4
25 41
26 9
26 39
27 1
27 28
28 14
28 22
29 3
29 31
30 23
30 38
31 12
31 35
32 26
32 36
33 5
33 19
34 4
34 6
35 10
35 34
36 9
36 33
37 25
37 34
38 11
38 29
39 15
39 21
40 23
40 27
41 16
41 21

# solution 722
# n=42 sym=rot4 status=verified source=flammenkamp_cache/n42_rot4
# code=oELAFLZPSPVCI2WFTHW684eDE7a3UUfYe34JXJaNO02dfHI5M8Mbc170BBc5YRS1bXZ9OCQ9dNTAGDG6KQVKR
0 14
0 21
1 10
1 15
2 21
2 35
3 25
3 28
4 25
4 31
5 12
5 18
6 2
6 32
7 15
7 29
8 17
8 32
9 6
9 8
10 4
10 40
11 13
11 14
12 7
12 36
13 3
13 30
14 30
14 41
15 34
15 40
16 3
16 4
17 19
17 33
18 19
18 36
19 23
19 24
20 0
20 2
21 39
21 41
22 17
22 18
23 5
23 22
24 8
24 22
25 37
25 38
26 1
26 7
27 0
27 11
28 11
28 38
29 5
29 34
30 27
30 28
31 1
31 37
32 33
32 35
33 9
33 24
34 12
34 26
35 9
35 39
36 23
36 29
37 10
37 16
38 13
38 16
39 6
39 20
40 26
40 31
41 20
41 27

# solution 723
# n=42 sym=rot4 status=verified source=flammenkamp_cache/n42_rot4
# code=oKOGT9KGS5IXb6Z9T5AYdQXFJ173MIOAUce0ERbDUdf02BS4ERf13BVHNJcYeMQ8F27VaCW6Z48NaDPLWCPHL
0 20
0 24
1 16
1 29
2 9
2 20
3 16
3 28
4 5
4 18
5 33
5 37
6 6
6 35
7 9
7 29
8 5
8 10
9 34
9 39
10 26
10 33
11 15
11 19
12 1
12 7
13 3
13 22
14 18
14 24
15 10
15 30
16 38
16 40
17 0
17 14
18 27
18 37
19 13
19 30
20 39
20 41
21 0
21 2
22 11
22 28
23 4
23 14
24 27
24 41
25 1
25 3
26 11
26 31
27 17
27 23
28 19
28 38
29 34
29 40
30 22
30 26
31 8
31 15
32 2
32 7
33 31
33 36
34 12
34 32
35 6
35 35
36 4
36 8
37 23
37 36
38 13
38 25
39 21
39 32
40 12
40 25
41 17
41 21

# solution 724
# n=42 sym=rot4 status=verified source=flammenkamp_cache/n42_rot4
# code=oLNCSLQ9GGNVZ5C8VJYHc57FSZe1BJO2UbcEW04RX02df8Ebf9R34BdHMUe16DQYa3O7MAXTa6AIPPWFKDTIK
0 21
0 23
1 12
1 28
2 21
2 26
3 9
3 16
4 16
4 23
5 31
5 35
6 5
6 12
7 8
7 31
8 19
8 34
9 17
9 38
10 5
10 7
11 15
11 28
12 35
12 40
13 1
13 11
14 19
14 24
15 2
15 30
16 37
16 38
17 14
17 32
18 0
18 4
19 27
19 33
20 0
20 2
21 39
21 41
22 8
22 14
23 37
23 41
24 9
24 27
25 3
25 4
26 11
26 39
27 17
27 22
28 30
28 40
29 1
29 6
30 13
30 26
31 34
31 36
32 3
32 24
33 7
33 22
34 10
34 33
35 29
35 36
36 6
36 10
37 18
37 25
38 25
38 32
39 15
39 20
40 13
40 29
41 18
41 20

# solution 725
# n=42 sym=rot4 status=verified source=flammenkamp_cache/n42_rot4
# code=oBKGTIKJN5D8bTV9OQaJY6EHf16PbFV8RDe7U3dWcdf02392cBY1SEXAQ4GZe0ORZ7M5FHWAC4XSaIMLNCPLU
0 11
0 20
1 16
1 29
2 18
2 20
3 19
3 23
4 5
4 13
5 8
5 37
6 29
6 31
7 9
7 24
8 26
8 36
9 19
9 34
10 6
10 14
11 17
11 41
12 1
12 6
13 25
13 37
14 15
14 31
15 8
15 27
16 13
16 40
17 7
17 30
18 3
18 39
19 32
19 38
20 39
20 41
21 0
21 2
22 3
22 9
23 2
23 38
24 11
24 34
25 1
25 28
26 14
26 33
27 10
27 26
28 4
28 16
29 35
29 40
30 0
30 24
31 27
31 35
32 7
32 22
33 5
33 15
34 17
34 32
35 10
35 12
36 4
36 33
37 28
37 36
38 18
38 22
39 21
39 23
40 12
40 25
41 21
41 30

# solution 726
# n=42 sym=rot4 status=verified source=flammenkamp_cache/n42_rot4
# code=oKVFTKOIYDWMN9R38VY4Z08DM1OUb6FReGP2C5c5Bdf02Ua3aTdGP1EQZ4BHeJSXf6b7AXcEWIJ9S7NHLCQAL
0 20
0 31
1 15
1 29
2 20
2 24
3 18
3 34
4 13
4 32
5 22
5 23
6 9
6 27
7 3
7 8
8 31
8 34
9 4
9 35
10 0
10 8
11 13
11 22
12 1
12 24
13 30
13 37
14 6
14 15
15 27
15 40
16 16
16 25
17 2
17 12
18 5
18 38
19 5
19 11
20 39
20 41
21 0
21 2
22 30
22 36
23 3
23 36
24 29
24 39
25 16
25 25
26 1
26 14
27 26
27 35
28 4
28 11
29 17
29 40
30 19
30 28
31 33
31 41
32 6
32 37
33 7
33 10
34 33
34 38
35 14
35 32
36 18
36 19
37 9
37 28
38 7
38 23
39 17
39 21
40 12
40 26
41 10
41 21

# solution 727
# n=42 sym=rot4 status=verified source=flammenkamp_cache/n42_rot4
# code=oKVFTKONYDWMN9R38VY4Z08DM1OUb6FReGP2C355Bdf02UaacTdGP1EQZ4BHeJSXf6b7AXcEWIJ9S7IHLCQAL
0 20
0 31
1 15
1 29
2 20
2 24
3 23
3 34
4 13
4 32
5 22
5 23
6 9
6 27
7 3
7 8
8 31
8 34
9 4
9 35
10 0
10 8
11 13
11 22
12 1
12 24
13 30
13 37
14 6
14 15
15 27
15 40
16 16
16 25
17 2
17 12
18 3
18 5
19 5
19 11
20 39
20 41
21 0
21 2
22 30
22 36
23 36
23 38
24 29
24 39
25 16
25 25
26 1
26 14
27 26
27 35
28 4
28 11
29 17
29 40
30 19
30 28
31 33
31 41
32 6
32 37
33 7
33 10
34 33
34 38
35 14
35 32
36 18
36 19
37 9
37 28
38 7
38 18
39 17
39 21
40 12
40 26
41 10
41 21

# solution 728
# n=42 sym=rot4 status=verified source=flammenkamp_cache/n42_rot4
# code=oKPFRKV699ZOS4cHJTVbc28CE8U5M1UGe0Q5YINDYdf027SIN7aFf1PBeJaBXRTXd34ACMO3bDH6WWZALEQGL
0 20
0 25
1 15
1 27
2 20
2 31
3 6
3 9
4 9
4 35
5 24
5 28
6 4
6 38
7 17
7 19
8 29
8 31
9 37
9 38
10 2
10 8
11 12
11 14
12 8
12 30
13 5
13 22
14 1
14 30
15 16
15 40
16 0
16 26
17 5
17 34
18 18
18 23
19 13
19 34
20 39
20 41
21 0
21 2
22 7
22 28
23 18
23 23
24 7
24 36
25 15
25 41
26 1
26 25
27 11
27 40
28 19
28 36
29 11
29 33
30 27
30 29
31 33
31 39
32 3
32 4
33 10
33 12
34 22
34 24
35 3
35 37
36 13
36 17
37 6
37 32
38 32
38 35
39 10
39 21
40 14
40 26
41 16
41 21

# solution 729
# n=42 sym=rot4 status=verified source=flammenkamp_cache/n42_rot4
# code=oFKQaJKHUAC1C7OJZAW8SXb3Rab9GBG1fRS6cINYddf0227IN3ZDE0ePUPW45Ec48DX9V6MHYTeTVBOLM5FLQ
0 15
0 20
1 26
1 36
2 19
2 20
3 17
3 30
4 10
4 12
5 1
5 12
6 7
6 24
7 19
7 35
8 10
8 32
9 8
9 28
10 33
10 37
11 3
11 27
12 36
12 37
13 9
13 16
14 11
14 16
15 1
15 41
16 27
16 28
17 6
17 38
18 18
18 23
19 34
19 39
20 39
20 41
21 0
21 2
22 2
22 7
23 18
23 23
24 3
24 35
25 13
25 14
26 0
26 40
27 25
27 30
28 25
28 32
29 4
29 5
30 14
30 38
31 4
31 8
32 13
32 33
33 9
33 31
34 6
34 22
35 17
35 34
36 29
36 40
37 29
37 31
38 11
38 24
39 21
39 22
40 5
40 15
41 21
41 26

# solution 730
# n=42 sym=rot4 status=verified source=flammenkamp_cache/n42_rot4
# code=oDKPS6KBHYa4RTd4OGVIM8TRc6A1f5BFQ1X7cJW9Ndf02IW9M3Y8eFQUa0eVZ3ECXJNAPHb2CEb57OULZDGLS
0 13
0 20
1 25
1 28
2 6
2 20
3 11
3 17
4 34
4 36
5 4
5 27
6 29
6 39
7 4
7 24
8 16
8 31
9 18
9 22
10 8
10 29
11 27
11 38
12 6
12 10
13 1
13 41
14 5
14 11
15 15
15 26
16 1
16 33
17 7
17 38
18 19
18 32
19 9
19 23
20 39
20 41
21 0
21 2
22 18
22 32
23 9
23 22
24 3
24 34
25 8
25 40
26 15
26 26
27 30
27 36
28 0
28 40
29 31
29 35
30 3
30 14
31 12
31 33
32 19
32 23
33 10
33 25
34 17
34 37
35 2
35 12
36 14
36 37
37 5
37 7
38 24
38 30
39 21
39 35
40 13
40 16
41 21
41 28

# solution 731
# n=42 sym=rot4 status=verified source=flammenkamp_cache/n42_rot4
# code=o8LHIBLFHWXMYAP5C4f4JGZRdIYDSBFRc6VceTe5W02df9a1C13AZ3EQUDS7N2E6PMb0bTaGV7J89OQKUNOKX
0 8
0 21
1 17
1 18
2 11
2 21
3 15
3 17
4 32
4 33
5 22
5 34
6 10
6 25
7 5
7 12
8 4
8 41
9 4
9 19
10 16
10 35
11 27
11 39
12 18
12 34
13 13
13 28
14 11
14 15
15 27
15 38
16 6
16 31
17 38
17 40
18 29
18 40
19 5
19 32
20 0
20 2
21 39
21 41
22 9
22 36
23 1
23 12
24 1
24 3
25 10
25 35
26 3
26 14
27 26
27 30
28 13
28 28
29 7
29 23
30 2
30 14
31 6
31 25
32 22
32 37
33 0
33 37
34 29
34 36
35 16
35 31
36 7
36 19
37 8
37 9
38 24
38 26
39 20
39 30
40 23
40 24
41 20
41 33

# solution 732
# n=42 sym=rot4 status=verified source=flammenkamp_cache/n42_rot4
# code=oLXHQKS3cEGJZ59CG0USZFR8IJY29Ab1VYbIeOUTa0d2f5CBH1N47Ae4VWd7MNXEQ6DBfPTWa6MPR3cDLFO8K
0 21
0 33
1 17
1 26
2 20
2 28
3 3
3 38
4 14
4 16
5 19
5 35
6 5
6 9
7 12
7 16
8 0
8 30
9 28
9 35
10 15
10 27
11 8
11 18
12 19
12 34
13 2
13 9
14 10
14 37
15 1
15 31
16 34
16 37
17 18
17 40
18 24
18 30
19 29
19 36
20 0
20 39
21 2
21 41
22 5
22 12
23 11
23 17
24 1
24 23
25 4
25 7
26 10
26 40
27 4
27 31
28 32
28 39
29 7
29 22
30 23
30 33
31 14
31 26
32 6
32 13
33 11
33 41
34 25
34 29
35 32
35 36
36 6
36 22
37 25
37 27
38 3
38 38
39 13
39 21
40 15
40 24
41 8
41 20

# solution 733
# n=42 sym=rot4 status=verified source=flammenkamp_cache/n42_rot4
# code=oKTHQLQ5AGXUcGJUX47CHDc570WRVDJ12ZbWeINRZ2f0d6EIN1946deMSAE9fYa3SOTYb8BMP3B8PVaFKFOCL
0 20
0 29
1 17
1 26
2 21
2 26
3 5
3 10
4 16
4 33
5 30
5 38
6 16
6 19
7 30
7 33
8 4
8 7
9 12
9 17
10 13
10 38
11 5
11 7
12 0
12 32
13 27
13 31
14 13
14 19
15 1
15 2
16 35
16 37
17 32
17 40
18 18
18 23
19 27
19 35
20 2
20 41
21 0
21 39
22 6
22 14
23 18
23 23
24 1
24 9
25 4
25 6
26 39
26 40
27 22
27 28
28 10
28 14
29 9
29 41
30 34
30 36
31 3
31 28
32 24
32 29
33 34
33 37
34 8
34 11
35 22
35 25
36 3
36 11
37 8
37 25
38 31
38 36
39 15
39 20
40 15
40 24
41 12
41 21

# solution 734
# n=42 sym=rot4 status=verified source=flammenkamp_cache/n42_rot4
# code=oKZ6O7LDFBVGM0eOd9TPX4DMb8EVcNTIc9a17EQ5B2f0dUaFRYe5W3NCI3ARX4JSb8GCW2H1fJPAUQSKYHZ6L
0 20
0 35
1 6
1 24
2 7
2 21
3 13
3 15
4 11
4 31
5 16
5 22
6 0
6 40
7 24
7 39
8 9
8 29
9 25
9 33
10 4
10 13
11 22
11 37
12 8
12 14
13 31
13 38
14 23
14 29
15 18
15 38
16 9
16 36
17 1
17 7
18 14
18 26
19 5
19 11
20 2
20 41
21 0
21 39
22 30
22 36
23 15
23 27
24 34
24 40
25 5
25 32
26 3
26 23
27 12
27 18
28 3
28 10
29 27
29 33
30 4
30 19
31 28
31 37
32 8
32 16
33 12
33 32
34 2
34 17
35 1
35 41
36 19
36 25
37 10
37 30
38 26
38 28
39 20
39 34
40 17
40 35
41 6
41 21

# solution 735
# n=42 sym=rot4 status=verified source=flammenkamp_cache/n42_rot4
# code=oKTGJLX9U6EMSSbAH2HGcTY3Q0A56FbBRWeXYIN5e2f0d1aIN7819EU4QZaVfFc7C3POdOV4DDJRZBW8KMPCL
0 20
0 29
1 16
1 19
2 21
2 33
3 9
3 30
4 6
4 14
5 22
5 28
6 28
6 37
7 10
7 17
8 2
8 17
9 16
9 38
10 29
10 34
11 3
11 26
12 0
12 10
13 5
13 6
14 15
14 37
15 11
15 27
16 32
16 40
17 33
17 34
18 18
18 23
19 5
19 40
20 2
20 41
21 0
21 39
22 1
22 36
23 18
23 23
24 7
24 8
25 1
25 9
26 14
26 30
27 4
27 26
28 35
28 36
29 31
29 41
30 15
30 38
31 7
31 12
32 3
32 25
33 24
33 39
34 24
34 31
35 4
35 13
36 13
36 19
37 27
37 35
38 11
38 32
39 8
39 20
40 22
40 25
41 12
41 21

# solution 736
# n=42 sym=rot4 status=verified source=flammenkamp_cache/n42_rot4
# code=oKR9DFLJOTU6AJaOUAFCeXa474WPe0GXdDR37INZc2f0d36INYcES28Pf1G9bYb581TQVBH5MVZBCHMKQSWEL
0 20
0 27
1 9
1 13
2 15
2 21
3 19
3 24
4 29
4 30
5 6
5 10
6 19
6 36
7 24
7 30
8 10
8 15
9 12
9 40
10 33
10 36
11 4
11 7
12 4
12 32
13 25
13 40
14 0
14 16
15 33
15 39
16 13
16 27
17 3
17 7
18 18
18 23
19 35
19 38
20 2
20 41
21 0
21 39
22 3
22 6
23 18
23 23
24 34
24 38
25 14
25 28
26 2
26 8
27 25
27 41
28 1
28 16
29 9
29 37
30 34
30 37
31 5
31 8
32 1
32 29
33 26
33 31
34 11
34 17
35 5
35 22
36 31
36 35
37 11
37 12
38 17
38 22
39 20
39 26
40 28
40 32
41 14
41 21

# solution 737
# n=42 sym=rot4 status=verified source=flammenkamp_cache/n42_rot4
# code=oLOILETOS5D8b8TBFZaAIFWMY263bGdVYJR03WeBP01efGU19cfEM7A2P4cZd7J9QNV56QUCX4XSaDHCRKNHK
0 21
0 24
1 18
1 21
2 14
2 29
3 24
3 28
4 5
4 13
5 8
5 37
6 8
6 29
7 11
7 15
8 35
8 36
9 10
9 18
10 15
10 32
11 22
11 34
12 2
12 6
13 3
13 37
14 16
14 39
15 31
15 34
16 19
16 27
17 0
17 3
18 32
18 40
19 11
19 25
20 0
20 1
21 40
21 41
22 16
22 30
23 1
23 9
24 38
24 41
25 14
25 22
26 7
26 10
27 2
27 25
28 4
28 38
29 35
29 39
30 7
30 19
31 9
31 26
32 23
32 31
33 5
33 6
34 26
34 30
35 12
35 33
36 4
36 33
37 28
37 36
38 13
38 17
39 12
39 27
40 20
40 23
41 17
41 20

# solution 738
# n=42 sym=rot4 status=verified source=flammenkamp_cache/n42_rot4
# code=oKRKTAX8GJSQV7TUZ2cHM5d7I164H0Q5EIcSWPU9bef014WBG9D3NRaFfObZeNY2aJO3d6BCYAFDMPX8VCLEL
0 20
0 27
1 20
1 29
2 10
2 33
3 8
3 16
4 19
4 28
5 26
5 31
6 7
6 29
7 30
7 35
8 2
8 38
9 17
9 22
10 5
10 39
11 7
11 18
12 1
12 6
13 4
13 17
14 0
14 26
15 5
15 14
16 18
16 38
17 28
17 32
18 25
18 30
19 9
19 37
20 40
20 41
21 0
21 1
22 4
22 32
23 11
23 16
24 9
24 13
25 3
25 23
26 27
26 36
27 15
27 41
28 24
28 37
29 35
29 40
30 23
30 34
31 2
31 36
32 19
32 24
33 3
33 39
34 6
34 11
35 12
35 34
36 10
36 15
37 13
37 22
38 25
38 33
39 8
39 31
40 12
40 21
41 14
41 21

# solution 739
# n=42 sym=rot4 status=verified source=flammenkamp_cache/n42_rot4
# code=oLRIL5VDFGUNdXY6W6E7O2O4FDGTc0XUcTb9A5eJM01efJM1aVW4C3B8f3CPSQbHdHYRZ9Z782IBPQSAaKNEK
0 21
0 27
1 18
1 21
2 5
2 31
3 13
3 15
4 16
4 30
5 23
5 39
6 33
6 34
7 6
7 32
8 6
8 14
9 7
9 24
10 2
10 24
11 4
11 15
12 13
12 16
13 29
13 38
14 0
14 33
15 30
15 38
16 29
16 37
17 9
17 10
18 5
18 40
19 19
19 22
20 0
20 1
21 40
21 41
22 19
22 22
23 1
23 36
24 31
24 32
25 4
25 12
26 3
26 11
27 8
27 41
28 3
28 12
29 25
29 28
30 26
30 37
31 17
31 39
32 17
32 34
33 27
33 35
34 9
34 35
35 7
35 8
36 2
36 18
37 11
37 25
38 26
38 28
39 10
39 36
40 20
40 23
41 14
41 20

# solution 740
# n=42 sym=rot4 status=verified source=flammenkamp_cache/n42_rot4
# code=oKNKZ5EAGNX7d1RMa4BFMPcTXBDHT6dHWAcQS0479ef01WYbfDF3V9O2ZCOSU8C3GJQUb5JEe2Y8IPVRa6LIL
0 20
0 23
1 20
1 35
2 5
2 14
3 10
3 16
4 23
4 33
5 7
5 39
6 1
6 27
7 22
7 36
8 4
8 11
9 15
9 22
10 25
10 38
11 29
11 33
12 11
12 13
13 17
13 29
14 6
14 39
15 17
15 32
16 10
16 38
17 26
17 28
18 0
18 4
19 7
19 9
20 40
20 41
21 0
21 1
22 32
22 34
23 37
23 41
24 13
24 15
25 3
25 31
26 9
26 24
27 2
27 35
28 12
28 24
29 28
29 30
30 8
30 12
31 3
31 16
32 19
32 26
33 30
33 37
34 5
34 19
35 14
35 40
36 2
36 34
37 8
37 18
38 25
38 31
39 27
39 36
40 6
40 21
41 18
41 21

# solution 741
# n=42 sym=rot4 status=verified source=flammenkamp_cache/n42_rot4
# code=oELKMOTDP6UBCYb6X7HDRIQ4a2aWc9fAN3J2XFV1P0e1fGeAQ8dMcIV0W395d5bFNESOY8Z47TUBZGSCHJLKR
0 14
0 21
1 20
1 22
2 24
2 29
3 13
3 25
4 6
4 30
5 11
5 12
6 34
6 37
7 6
7 33
8 7
8 17
9 13
9 27
10 18
10 26
11 4
11 36
12 2
12 36
13 32
13 38
14 9
14 41
15 10
15 23
16 3
16 19
17 2
17 33
18 15
18 31
19 1
19 25
20 0
20 40
21 1
21 41
22 16
22 40
23 10
23 26
24 8
24 39
25 22
25 38
26 18
26 31
27 0
27 32
28 3
28 9
29 5
29 39
30 5
30 37
31 15
31 23
32 14
32 28
33 24
33 34
34 8
34 35
35 4
35 7
36 29
36 30
37 11
37 35
38 16
38 28
39 12
39 17
40 19
40 21
41 20
41 27

# solution 742
# n=42 sym=rot4 status=verified source=flammenkamp_cache/n42_rot4
# code=oKMLSUZHQABCE2Y6VJPHR7b2bIa1N9a3G8QWcDT0X1f0e8fCS39FXPc5WIe5N4d4YEOGMAZ7dRTUVFO6BDKJL
0 20
0 22
1 21
1 28
2 30
2 35
3 17
3 26
4 10
4 11
5 12
5 14
6 2
6 34
7 6
7 31
8 19
8 25
9 17
9 27
10 7
10 37
11 2
11 37
12 18
12 36
13 1
13 23
14 9
14 36
15 3
15 16
16 8
16 26
17 32
17 38
18 13
18 29
19 0
19 33
20 1
20 41
21 0
21 40
22 8
22 41
23 12
23 28
24 3
24 9
25 15
25 33
26 25
26 38
27 5
27 32
28 18
28 40
29 5
29 23
30 4
30 39
31 4
31 34
32 14
32 24
33 16
33 22
34 10
34 35
35 7
35 39
36 27
36 29
37 30
37 31
38 15
38 24
39 6
39 11
40 13
40 20
41 19
41 21

# solution 743
# n=42 sym=rot4 status=verified source=flammenkamp_cache/n42_rot4
# code=oKSFL69JTVYQS7d4ZGNNd4ECO3U05GV5eRXBJ89Oc1f0e3HWXMU8E1aAPafBcHTRb2IIP6b2YDF7ACMWZKQDL
0 20
0 28
1 15
1 21
2 6
2 9
3 19
3 29
4 31
4 34
5 26
5 28
6 7
6 39
7 4
7 35
8 16
8 23
9 23
9 39
10 4
10 14
11 12
11 24
12 3
12 30
13 0
13 5
14 16
14 31
15 5
15 40
16 27
16 33
17 11
17 19
18 8
18 9
19 24
19 38
20 1
20 41
21 0
21 40
22 3
22 17
23 32
23 33
24 22
24 30
25 8
25 14
26 1
26 36
27 10
27 25
28 36
28 41
29 11
29 38
30 17
30 29
31 27
31 37
32 2
32 18
33 18
33 25
34 6
34 37
35 2
35 34
36 13
36 15
37 7
37 10
38 12
38 22
39 32
39 35
40 20
40 26
41 13
41 21

# solution 744
# n=42 sym=rot4 status=verified source=flammenkamp_cache/n42_rot4
# code=oFKLVEO8GBCSW7ONZAc5G1XCbUb5QIdDfWc267RJM1f0eJMEYZd390S2NFa4B4T8ePa3V6IHY9DTUPXHRAKLQ
0 15
0 20
1 21
1 31
2 14
2 24
3 8
3 16
4 11
4 12
5 28
5 32
6 7
6 24
7 23
7 35
8 10
8 38
9 5
9 16
10 1
10 33
11 12
11 37
12 30
12 37
13 5
13 26
14 18
14 39
15 13
15 41
16 32
16 38
17 2
17 6
18 7
18 27
19 19
19 22
20 1
20 41
21 0
21 40
22 19
22 22
23 14
23 34
24 35
24 39
25 3
25 9
26 0
26 28
27 2
27 23
28 15
28 36
29 4
29 11
30 4
30 29
31 8
31 40
32 25
32 36
33 3
33 31
34 6
34 18
35 17
35 34
36 9
36 13
37 29
37 30
38 25
38 33
39 17
39 27
40 10
40 20
41 21
41 26

# solution 745
# n=42 sym=rot4 status=verified source=flammenkamp_cache/n42_rot4
# code=oHKLS7HCPTV8FJP9dQaIY4EIJ4c1ESV8a36dfUWUZ1f0e6B9B02Zc5XADRe3bMNRb7N5F2WGMQXACGTOYDKLO
0 17
0 20
1 21
1 28
2 7
2 17
3 12
3 25
4 29
4 31
5 8
5 15
6 19
6 25
7 9
7 39
8 26
8 36
9 18
9 34
10 4
10 14
11 18
11 19
12 4
12 38
13 1
13 14
14 28
14 31
15 8
15 36
16 3
16 6
17 39
17 41
18 30
18 32
19 30
19 35
20 1
20 41
21 0
21 40
22 6
22 11
23 9
23 11
24 0
24 2
25 35
25 38
26 5
26 33
27 10
27 13
28 27
28 40
29 3
29 37
30 22
30 23
31 27
31 37
32 7
32 23
33 5
33 15
34 2
34 32
35 16
35 22
36 26
36 33
37 10
37 12
38 16
38 29
39 24
39 34
40 13
40 20
41 21
41 24

# solution 746
# n=42 sym=rot4 status=verified source=flammenkamp_cache/n42_rot4
# code=oKLDGOT5E9YXcPT4U5EAbHW7M26QeXcDJ6e2VINBQ0f0fFUINAd1ZMS381FZdJY9O4VRaBbCG387WRaCHPSKL
0 20
0 21
1 13
1 16
2 24
2 29
3 5
3 14
4 9
4 34
5 33
5 38
6 25
6 29
7 4
7 30
8 5
8 14
9 10
9 37
10 17
10 32
11 7
11 22
12 2
12 6
13 26
13 40
14 33
14 38
15 13
15 19
16 6
16 40
17 2
17 31
18 18
18 23
19 11
19 26
20 0
20 41
21 0
21 41
22 15
22 30
23 18
23 23
24 10
24 39
25 1
25 35
26 22
26 28
27 3
27 8
28 1
28 15
29 35
29 39
30 19
30 34
31 9
31 24
32 4
32 31
33 27
33 36
34 11
34 37
35 12
35 16
36 3
36 8
37 7
37 32
38 27
38 36
39 12
39 17
40 25
40 28
41 20
41 21

