# solution 1
# n=45 sym=rct4 status=verified source=flammenkamp_cache/n45_rct4
# code=cIMPWFU78OS6WLdEfAfAOZaDR15HX2bFg4JBVLi1S49Qc0i6IZeGh0NDXPe2T7gBRdhHV89KY3Y3U5NCcGKabETCJMQ
0 18
0 22
1 25
1 32
2 15
2 30
3 7
3 8
4 24
4 28
5 6
5 32
6 21
6 39
7 14
7 41
8 10
8 41
9 10
9 24
10 35
10 36
11 13
11 27
12 1
12 5
13 17
13 33
14 2
14 37
15 15
15 42
16 4
16 19
17 11
17 31
18 21
18 44
19 1
19 28
20 4
20 9
21 26
21 38
22 0
22 44
23 6
23 18
24 35
24 40
25 16
25 43
26 0
26 23
27 13
27 33
28 25
28 40
29 2
29 29
30 7
30 42
31 11
31 27
32 39
32 43
33 17
33 31
34 8
34 9
35 20
35 34
36 3
36 34
37 3
37 30
38 5
38 23
39 12
39 38
40 16
40 20
41 36
41 37
42 14
42 29
43 12
43 19
44 22
44 26

# solution 2
# n=45 sym=rct4 status=verified source=flammenkamp_cache/n45_rct4
# code=cUYKP48GRFgBVNZKS8g6C0IVdRZ5B0IJe7f3CUY1Tbh6MLNMc17FhAEWf3b4PQiXd9H5DQiWc2aGO9LDX2THSaeJOAE
0 30
0 34
1 20
1 25
2 4
2 8
3 16
3 27
4 15
4 42
5 11
5 31
6 23
6 35
7 20
7 28
8 8
8 42
9 6
9 12
10 0
10 18
11 31
11 39
12 27
12 35
13 5
13 11
14 0
14 18
15 19
15 40
16 7
16 41
17 3
17 12
18 30
18 34
19 1
19 29
20 37
20 43
21 6
21 22
22 21
22 23
23 22
23 38
24 1
24 7
25 15
25 43
26 10
26 14
27 32
27 41
28 3
28 37
29 4
29 25
30 26
30 44
31 33
31 39
32 9
32 17
33 5
33 13
34 26
34 44
35 32
35 38
36 2
36 36
37 16
37 24
38 9
38 21
39 13
39 33
40 2
40 29
41 17
41 28
42 36
42 40
43 19
43 24
44 10
44 14

# solution 3
# n=45 sym=rct4 status=verified source=flammenkamp_cache/n45_rct4
# code=cGQGOHcCX9YHY2KUVJTPe453BFf7L7I8Whidg0U9a1cMVLNDM6h8ZEi2501CaQbNb3TXfde4JFPDEOgARAZBW6RKSIS
0 16
0 26
1 16
1 24
2 17
2 38
3 12
3 33
4 9
4 34
5 17
5 34
6 2
6 20
7 30
7 31
8 19
8 29
9 25
9 40
10 4
10 5
11 3
11 11
12 15
12 41
13 7
13 21
14 7
14 18
15 8
15 32
16 43
16 44
17 39
17 42
18 0
18 30
19 9
19 36
20 1
20 38
21 22
21 31
22 21
22 23
23 13
23 22
24 6
24 43
25 8
25 35
26 14
26 44
27 2
27 5
28 0
28 1
29 12
29 36
30 26
30 37
31 23
31 37
32 3
32 29
33 33
33 41
34 39
34 40
35 4
35 19
36 15
36 25
37 13
37 14
38 24
38 42
39 10
39 27
40 10
40 35
41 11
41 32
42 6
42 27
43 20
43 28
44 18
44 28

# solution 4
# n=45 sym=rct4 status=verified source=flammenkamp_cache/n45_rct4
# code=cNbCRSY6BIPGaNf0W58DT2ERf7hEZVY9O2d1BJe4QFM06KOciMTIe4PXh5gKZAD9U1b3HUgFVadCi3L8SJQXcAGHW7L
0 23
0 37
1 12
1 27
2 28
2 34
3 6
3 11
4 18
4 25
5 16
5 36
6 23
6 41
7 0
7 32
8 5
8 8
9 13
9 29
10 2
10 14
11 27
11 41
12 7
12 43
13 14
13 35
14 31
14 34
15 9
15 24
16 2
16 39
17 1
17 11
18 19
18 40
19 4
19 26
20 15
20 22
21 0
21 6
22 20
22 24
23 38
23 44
24 22
24 29
25 18
25 40
26 4
26 25
27 33
27 43
28 5
28 42
29 20
29 35
30 10
30 13
31 9
31 30
32 1
32 37
33 3
33 17
34 30
34 42
35 15
35 31
36 36
36 39
37 12
37 44
38 3
38 21
39 8
39 28
40 19
40 26
41 33
41 38
42 10
42 16
43 17
43 32
44 7
44 21

# solution 5
# n=45 sym=rct4 status=verified source=flammenkamp_cache/n45_rct4
# code=c5LSTIO3T8WEiQZCDJe6SJLRU4bHbBd1319BV6gYa2MYiKO0AMg8A2cDXZhfh5X7R7eEHNPGc4PVW9I0UCaFfKQFGNd
0 5
0 21
1 28
1 29
2 18
2 24
3 3
3 29
4 8
4 32
5 14
5 44
6 26
6 35
7 12
7 13
8 19
8 40
9 6
9 28
10 19
10 21
11 27
11 30
12 4
12 37
13 17
13 37
14 11
14 39
15 1
15 3
16 1
16 9
17 11
17 31
18 6
18 42
19 34
19 36
20 2
20 22
21 34
21 44
22 20
22 24
23 0
23 10
24 22
24 42
25 8
25 10
26 2
26 38
27 13
27 33
28 35
28 43
29 41
29 43
30 5
30 33
31 7
31 27
32 7
32 40
33 14
33 17
34 23
34 25
35 16
35 38
36 4
36 25
37 31
37 32
38 9
38 18
39 0
39 30
40 12
40 36
41 15
41 41
42 20
42 26
43 15
43 16
44 23
44 39

# solution 6
# n=45 sym=rct4 status=verified source=flammenkamp_cache/n45_rct4
# code=cPREGKWLbBI8VQT3E8dPY9FWe2B5Sbh6YDh0L6e09MgRfKO3H2MZi4cNi1VAc17GdXg4CTZAJ5aUfFIDaQX7NCOSUHJ
0 25
0 27
1 14
1 16
2 20
2 32
3 21
3 37
4 11
4 18
5 8
5 31
6 26
6 29
7 3
7 14
8 8
8 39
9 25
9 34
10 9
10 15
11 32
11 40
12 2
12 11
13 5
13 28
14 37
14 43
15 6
15 34
16 13
16 43
17 0
17 21
18 6
18 40
19 0
19 9
20 22
20 42
21 27
21 41
22 20
22 24
23 3
23 17
24 2
24 22
25 35
25 44
26 4
26 38
27 23
27 44
28 1
28 31
29 10
29 38
30 1
30 7
31 16
31 39
32 33
32 42
33 4
33 12
34 29
34 35
35 10
35 19
36 5
36 36
37 30
37 41
38 15
38 18
39 13
39 36
40 26
40 33
41 7
41 23
42 12
42 24
43 28
43 30
44 17
44 19

# solution 7
# n=45 sym=rct4 status=verified source=flammenkamp_cache/n45_rct4
# code=c9FLQ6FDRCaWc5gQa47SiDNJR5eYfEOgi9J3B17SXEMAhKO1YMUBGbhXfPZ02KU3A4dHPLV0Gbe8I2d6C8WHVTcINTZ
0 9
0 15
1 21
1 26
2 6
2 15
3 13
3 27
4 12
4 36
5 32
5 38
6 5
6 42
7 26
7 36
8 4
8 7
9 28
9 44
10 13
10 23
11 19
11 27
12 5
12 40
13 34
13 41
14 14
14 24
15 42
15 44
16 9
16 19
17 3
17 11
18 1
18 7
19 28
19 33
20 14
20 22
21 10
21 43
22 20
22 24
23 1
23 34
24 22
24 30
25 11
25 16
26 37
26 43
27 33
27 41
28 25
28 35
29 0
29 2
30 20
30 30
31 3
31 10
32 4
32 39
33 17
33 25
34 21
34 31
35 0
35 16
36 37
36 40
37 8
37 18
38 2
38 39
39 6
39 12
40 8
40 32
41 17
41 31
42 29
42 38
43 18
43 23
44 29
44 35

# solution 8
# n=45 sym=rct4 status=verified source=flammenkamp_cache/n45_rct4
# code=c0CLOJYJLET8F78MccdIS2SCRXiHOIe4d9ABVUZfg1Dfh7b13Vh239EDXYZ5e4QKR0BHWGgGQ566MabTaFUNPAPKNWi
0 0
0 12
1 21
1 24
2 19
2 34
3 19
3 21
4 14
4 29
5 8
5 15
6 7
6 8
7 22
7 38
8 38
8 39
9 18
9 28
10 2
10 28
11 12
11 27
12 33
12 44
13 17
13 24
14 18
14 40
15 4
15 39
16 9
16 10
17 11
17 31
18 30
18 35
19 41
19 42
20 1
20 13
21 41
21 43
22 7
22 37
23 1
23 3
24 31
24 43
25 2
25 3
26 9
26 14
27 13
27 33
28 34
28 35
29 5
29 40
30 4
30 26
31 20
31 27
32 0
32 11
33 17
33 32
34 16
34 42
35 16
35 26
36 5
36 6
37 6
37 22
38 36
38 37
39 29
39 36
40 15
40 30
41 23
41 25
42 10
42 25
43 20
43 23
44 32
44 44

# solution 9
# n=45 sym=rct4 status=verified source=flammenkamp_cache/n45_rct4
# code=cNVCN8KGVGPCU6BQZMg7HBFYcdh035KRYefFZ7J4QUg018ahi2EIePb9T34AHOdfi156ATXRb2M9IXcEWJSDSOaLWDL
0 23
0 31
1 12
1 23
2 8
2 20
3 16
3 31
4 16
4 25
5 12
5 30
6 6
6 11
7 26
7 35
8 22
8 42
9 7
9 17
10 11
10 15
11 34
11 38
12 39
12 43
13 0
13 3
14 5
14 20
15 27
15 34
16 40
16 41
17 15
17 35
18 7
18 19
19 4
19 26
20 30
20 42
21 0
21 1
22 8
22 36
23 43
23 44
24 2
24 14
25 18
25 40
26 25
26 37
27 9
27 29
28 3
28 4
29 10
29 17
30 24
30 39
31 41
31 44
32 1
32 5
33 6
33 10
34 29
34 33
35 27
35 37
36 2
36 22
37 9
37 18
38 33
38 38
39 14
39 32
40 19
40 28
41 13
41 28
42 24
42 36
43 21
43 32
44 13
44 21

# solution 10
# n=45 sym=rct4 status=verified source=flammenkamp_cache/n45_rct4
# code=c0ULPBL9XFS6IVd8KDbHfFW3gAM6a0IYe4PKZUd1GRbghCW127HSh5E9OJe4AQi8cMY2fCT3R7VOa5DQcGTBZNXJNEi
0 0
0 30
1 21
1 25
2 11
2 21
3 9
3 33
4 15
4 28
5 6
5 18
6 31
6 39
7 8
7 20
8 13
8 37
9 17
9 41
10 15
10 32
11 3
11 42
12 10
12 22
13 6
13 36
14 0
14 18
15 34
15 40
16 4
16 25
17 20
17 35
18 30
18 39
19 1
19 16
20 27
20 37
21 42
21 43
22 12
22 32
23 1
23 2
24 7
24 17
25 28
25 43
26 5
26 14
27 9
27 24
28 19
28 40
29 4
29 10
30 26
30 44
31 8
31 38
32 22
32 34
33 2
33 41
34 12
34 29
35 3
35 27
36 7
36 31
37 24
37 36
38 5
38 13
39 26
39 38
40 16
40 29
41 11
41 35
42 23
42 33
43 19
43 23
44 14
44 44

# solution 11
# n=45 sym=rct4 status=verified source=flammenkamp_cache/n45_rct4
# code=cHLWc2THLIS9O1VBSAOYd9aVb1F6BMP2W47fiJeEQ58fiEU03adIU4P03beCgJMXcTh7D8Z5AKYGXDhKZGQNRFg6CNR
0 17
0 21
1 32
1 38
2 2
2 29
3 17
3 21
4 18
4 28
5 9
5 24
6 1
6 31
7 11
7 28
8 10
8 24
9 34
9 39
10 9
10 36
11 31
11 37
12 1
12 15
13 6
13 11
14 22
14 25
15 2
15 32
16 4
16 7
17 41
17 44
18 19
18 40
19 14
19 26
20 5
20 8
21 41
21 44
22 14
22 30
23 0
23 3
24 36
24 39
25 18
25 30
26 4
26 25
27 0
27 3
28 37
28 40
29 12
29 42
30 19
30 22
31 33
31 38
32 29
32 43
33 7
33 13
34 8
34 35
35 5
35 10
36 20
36 34
37 16
37 33
38 13
38 43
39 20
39 35
40 16
40 26
41 23
41 27
42 15
42 42
43 6
43 12
44 23
44 27

# solution 12
# n=45 sym=rct4 status=verified source=flammenkamp_cache/n45_rct4
# code=cNXQRBENSCDQSab676KDFRW0gAeZeOgJZ351A15MTEa03JPfi8UFMdhYhdf9P2K494Y2iCHTVOcbc78GIVWGLUXHIBL
0 23
0 33
1 26
1 27
2 11
2 14
3 23
3 28
4 12
4 13
5 26
5 28
6 36
6 37
7 6
7 7
8 6
8 20
9 13
9 15
10 27
10 32
11 0
11 42
12 10
12 40
13 35
13 40
14 24
14 42
15 19
15 35
16 3
16 5
17 1
17 10
18 1
18 5
19 22
19 29
20 14
20 36
21 0
21 3
22 19
22 25
23 41
23 44
24 8
24 30
25 15
25 22
26 39
26 43
27 34
27 43
28 39
28 41
29 9
29 25
30 2
30 20
31 4
31 9
32 4
32 34
33 2
33 44
34 12
34 17
35 29
35 31
36 24
36 38
37 37
37 38
38 7
38 8
39 16
39 18
40 31
40 32
41 16
41 21
42 30
42 33
43 17
43 18
44 11
44 21

# solution 13
# n=45 sym=rct4 status=verified source=flammenkamp_cache/n45_rct4
# code=cDSJOFaIL4S9UACNa27EdRcQVMcBi5ZKg04AJBfRh1T7fCW3bFh1H3XPYei2O9d0X6MDI6H5Ubg8LWYEZGeNQ8TKPGV
0 13
0 28
1 19
1 24
2 15
2 36
3 18
3 21
4 4
4 28
5 9
5 30
6 10
6 12
7 23
7 36
8 2
8 7
9 14
9 39
10 27
10 38
11 26
11 31
12 22
12 38
13 11
13 44
14 5
14 35
15 20
15 42
16 0
16 4
17 10
17 19
18 11
18 41
19 27
19 43
20 1
20 29
21 7
21 41
22 12
22 32
23 3
23 37
24 15
24 43
25 1
25 17
26 3
26 33
27 25
27 34
28 40
28 44
29 2
29 24
30 9
30 39
31 0
31 33
32 6
32 22
33 13
33 18
34 6
34 17
35 5
35 30
36 37
36 42
37 8
37 21
38 32
38 34
39 14
39 35
40 16
40 40
41 23
41 26
42 8
42 29
43 20
43 25
44 16
44 31

# solution 14
# n=45 sym=rct4 status=verified source=flammenkamp_cache/n45_rct4
# code=cDeBLDJNQ0UAKUY7ZFH7B6dZhOTgi46CaMRGa3JQgCd3hGS1f5W2IPf8SHM8Wce02FK195cXbRT9bAEOYEiILPVNX4V
0 13
0 40
1 11
1 21
2 13
2 19
3 23
3 26
4 0
4 30
5 10
5 20
6 30
6 34
7 7
7 35
8 15
8 17
9 7
9 11
10 6
10 39
11 35
11 43
12 24
12 29
13 42
13 44
14 4
14 6
15 12
15 36
16 22
16 27
17 16
17 36
18 3
18 19
19 26
19 42
20 12
20 39
21 3
21 43
22 16
22 28
23 1
23 41
24 5
24 32
25 2
25 18
26 25
26 41
27 8
27 28
28 17
28 22
29 8
29 32
30 38
30 40
31 0
31 2
32 15
32 20
33 1
33 9
34 5
34 38
35 33
35 37
36 27
36 29
37 9
37 37
38 10
38 14
39 24
39 34
40 14
40 44
41 18
41 21
42 25
42 31
43 23
43 33
44 4
44 31

# solution 15
# n=45 sym=rct4 status=verified source=flammenkamp_cache/n45_rct4
# code=cEG1HOYEcPaIK3VBP4Z8T2HSbMV6Cfi9LBiYhLd472dQTCWFI5gbe5N1A0XNZ03WcDM7GRgFa9eJXDfOQ8J6UAKRhSU
0 14
0 16
1 1
1 17
2 24
2 34
3 14
3 38
4 25
4 36
5 18
5 20
6 3
6 31
7 11
7 25
8 4
8 35
9 8
9 29
10 2
10 17
11 28
11 37
12 22
12 31
13 6
13 12
14 41
14 44
15 9
15 21
16 11
16 44
17 34
17 43
18 21
18 39
19 4
19 7
20 2
20 39
21 26
21 29
22 12
22 32
23 15
23 18
24 5
24 42
25 37
25 40
26 5
26 23
27 1
27 10
28 0
28 33
29 23
29 35
30 0
30 3
31 32
31 38
32 13
32 22
33 7
33 16
34 27
34 42
35 15
35 36
36 9
36 40
37 19
37 33
38 13
38 41
39 24
39 26
40 8
40 19
41 6
41 30
42 10
42 20
43 27
43 43
44 28
44 30

# solution 16
# n=45 sym=rct4 status=verified source=flammenkamp_cache/n45_rct4
# code=cIK1SNUAGHOTUNZZa7A67afPTDIJW255B1fMeWiBV4i26HRcg0eDX0C4M3hXddgCPQVFJ38bcYb899LEFKRSYELGhOQ
0 18
0 20
1 1
1 28
2 23
2 30
3 10
3 16
4 17
4 24
5 29
5 30
6 23
6 35
7 35
7 36
8 7
8 10
9 6
9 7
10 36
10 41
11 25
11 29
12 13
12 18
13 19
13 32
14 2
14 5
15 5
15 11
16 1
16 41
17 22
17 40
18 32
18 44
19 11
19 31
20 4
20 44
21 2
21 6
22 17
22 27
23 38
23 42
24 0
24 40
25 13
25 33
26 0
26 12
27 4
27 22
28 3
28 43
29 33
29 39
30 39
30 42
31 12
31 25
32 26
32 31
33 15
33 19
34 3
34 8
35 37
35 38
36 34
36 37
37 8
37 9
38 9
38 21
39 14
39 15
40 20
40 27
41 28
41 34
42 14
42 21
43 16
43 43
44 24
44 26

# solution 17
# n=45 sym=rct4 status=verified source=flammenkamp_cache/n45_rct4
# code=cCYFUOX9e34CKNRGPPYGf082RdiFI1MVhZb6BLV782d6QEUIc5gabDNXc791DMhQT05Hgai3SAJJSHLOWef4ZBKETAW
0 12
0 34
1 15
1 30
2 24
2 33
3 9
3 40
4 3
4 4
5 12
5 20
6 23
6 27
7 16
7 25
8 25
8 34
9 16
9 41
10 0
10 8
11 2
11 27
12 39
12 44
13 15
13 18
14 1
14 22
15 31
15 43
16 35
16 37
17 6
17 11
18 21
18 31
19 7
19 8
20 2
20 39
21 6
21 26
22 14
22 30
23 18
23 38
24 5
24 42
25 36
25 37
26 13
26 23
27 33
27 38
28 7
28 9
29 1
29 13
30 22
30 43
31 26
31 29
32 0
32 5
33 17
33 42
34 36
34 44
35 3
35 28
36 10
36 19
37 19
37 28
38 17
38 21
39 24
39 32
40 40
40 41
41 4
41 35
42 11
42 20
43 14
43 29
44 10
44 32

# solution 18
# n=45 sym=rct4 status=verified source=flammenkamp_cache/n45_rct4
# code=cPRLM8K3FOWUZ8UBLcg5XFG9b4PGQ56YfVY0IDR0C4gbh1h172eWiHVQiAD3AcdISJe7ZSTBd26NXEa9ECKTfOaMNHJ
0 25
0 27
1 21
1 22
2 8
2 20
3 3
3 15
4 24
4 32
5 30
5 35
6 8
6 30
7 11
7 21
8 38
8 42
9 5
9 33
10 15
10 16
11 9
11 37
12 4
12 25
13 16
13 26
14 5
14 6
15 34
15 41
16 31
16 34
17 0
17 18
18 13
18 27
19 0
19 12
20 4
20 42
21 37
21 43
22 1
22 43
23 1
23 7
24 2
24 40
25 32
25 44
26 17
26 31
27 26
27 44
28 10
28 13
29 3
29 10
30 38
30 39
31 18
31 28
32 19
32 40
33 7
33 35
34 28
34 29
35 11
35 39
36 2
36 6
37 23
37 33
38 14
38 36
39 9
39 14
40 12
40 20
41 29
41 41
42 24
42 36
43 22
43 23
44 17
44 19

# solution 19
# n=45 sym=rct4 status=verified source=flammenkamp_cache/n45_rct4
# code=cGRAD2UMUBbJTDb46LQAFZhKeRSch235ZCi0C8KLdQXPa3f8JBI5NOaWi0W9dfg16GH4O19TYINce7VFP7XEMEgVYHS
0 16
0 27
1 10
1 13
2 2
2 30
3 22
3 30
4 11
4 37
5 19
5 29
6 13
6 37
7 4
7 6
8 21
8 26
9 10
9 15
10 35
10 43
11 20
11 40
12 27
12 28
13 38
13 43
14 2
14 3
15 5
15 35
16 12
16 44
17 0
17 12
18 8
18 20
19 21
19 39
20 26
20 33
21 25
21 36
22 3
22 41
23 8
23 19
24 11
24 18
25 5
25 23
26 24
26 36
27 32
27 44
28 0
28 32
29 9
29 39
30 41
30 42
31 1
31 6
32 16
32 17
33 4
33 24
34 1
34 9
35 29
35 34
36 18
36 23
37 38
37 40
38 7
38 31
39 15
39 25
40 7
40 33
41 14
41 22
42 14
42 42
43 31
43 34
44 17
44 28

# solution 20
# n=45 sym=rct4 status=verified source=flammenkamp_cache/n45_rct4
# code=cQYPUIbFKYaRWDL284bKU04BP5SMc19LfCH5S0g1BZfTcDV6F39Xh2iGdRW3NZh6MGdJXeiEO7eagNVCH8AOT7QEJAI
0 26
0 34
1 25
1 30
2 18
2 37
3 15
3 20
4 34
4 36
5 27
5 32
6 13
6 21
7 2
7 8
8 4
8 37
9 20
9 30
10 0
10 4
11 11
11 25
12 5
12 28
13 22
13 38
14 1
14 9
15 21
15 41
16 12
16 17
17 5
17 28
18 0
18 42
19 1
19 11
20 35
20 41
21 29
21 38
22 13
22 31
23 6
23 15
24 3
24 9
25 33
25 43
26 2
26 44
27 16
27 39
28 27
28 32
29 3
29 23
30 35
30 43
31 6
31 22
32 16
32 39
33 19
33 33
34 40
34 44
35 14
35 24
36 7
36 40
37 36
37 42
38 23
38 31
39 12
39 17
40 8
40 10
41 24
41 29
42 7
42 26
43 14
43 19
44 10
44 18

# solution 21
# n=45 sym=rct4 status=verified source=flammenkamp_cache/n45_rct4
# code=cGIOU8VEGAJRZVXNXRg5NAe67MT261fCKfi58JiQe1T79CWZbFh4I0Pad03OW3hcgFMbc4YLd2HBLBD9HPYSUDaEKQS
0 16
0 18
1 24
1 30
2 8
2 31
3 14
3 16
4 10
4 19
5 27
5 35
6 31
6 33
7 23
7 33
8 27
8 42
9 5
9 23
10 10
10 40
11 6
11 7
12 22
12 29
13 2
13 6
14 1
14 41
15 12
15 20
16 41
16 44
17 5
17 8
18 19
18 44
19 26
19 40
20 1
20 29
21 7
21 9
22 12
22 32
23 35
23 37
24 15
24 43
25 4
25 18
26 0
26 25
27 36
27 39
28 0
28 3
29 24
29 32
30 3
30 43
31 38
31 42
32 15
32 22
33 37
33 38
34 4
34 34
35 21
35 39
36 2
36 17
37 11
37 21
38 11
38 13
39 9
39 17
40 25
40 34
41 28
41 30
42 13
42 36
43 14
43 20
44 26
44 28

# solution 22
# n=45 sym=rct4 status=verified source=flammenkamp_cache/n45_rct4
# code=cGIEO8VEGAJRZVXNXRg5NAe67MT26fhCKfi58JiQe1T79CWZbFh4I0Pad03OW13cgFMbc4YLd2HBLBD9HPYSUDaKUQS
0 16
0 18
1 14
1 24
2 8
2 31
3 14
3 16
4 10
4 19
5 27
5 35
6 31
6 33
7 23
7 33
8 27
8 42
9 5
9 23
10 10
10 40
11 6
11 7
12 22
12 29
13 2
13 6
14 41
14 43
15 12
15 20
16 41
16 44
17 5
17 8
18 19
18 44
19 26
19 40
20 1
20 29
21 7
21 9
22 12
22 32
23 35
23 37
24 15
24 43
25 4
25 18
26 0
26 25
27 36
27 39
28 0
28 3
29 24
29 32
30 1
30 3
31 38
31 42
32 15
32 22
33 37
33 38
34 4
34 34
35 21
35 39
36 2
36 17
37 11
37 21
38 11
38 13
39 9
39 17
40 25
40 34
41 28
41 30
42 13
42 36
43 20
43 30
44 26
44 28

# solution 23
# n=45 sym=rct4 status=verified source=flammenkamp_cache/n45_rct4
# code=cQYTZKNEIHXCZ6aOS6X150J48TdHNJf1C7MVe0fUY7g2DGSVg2bAE3i4DMbWh3PLR5FaePidhBcGK8c9WBRQULO9FAI
0 26
0 34
1 29
1 35
2 20
2 23
3 14
3 18
4 17
4 33
5 12
5 35
6 6
6 36
7 24
7 28
8 6
8 33
9 1
9 5
10 0
10 19
11 4
11 8
12 29
12 39
13 17
13 23
14 19
14 41
15 1
15 12
16 7
16 22
17 31
17 40
18 0
18 41
19 30
19 34
20 7
20 42
21 2
21 13
22 16
22 28
23 31
23 42
24 2
24 37
25 10
25 14
26 3
26 44
27 4
27 13
28 22
28 37
29 32
29 43
30 3
30 25
31 21
31 27
32 5
32 15
33 36
33 40
34 25
34 44
35 39
35 43
36 11
36 38
37 16
37 20
38 8
38 38
39 9
39 32
40 11
40 27
41 26
41 30
42 21
42 24
43 9
43 15
44 10
44 18

# solution 24
# n=45 sym=rct4 status=verified source=flammenkamp_cache/n45_rct4
# code=cCPMZGbJR5OBe8G2KVc1BLUZdFi8DANIWcg3IRT0f4bEY1hAU7e3iFHQf26CQLYVa0T59ENXh6DOgSa4XKdHP7S9MJW
0 12
0 25
1 22
1 35
2 16
2 37
3 19
3 27
4 5
4 24
5 11
5 40
6 8
6 16
7 2
7 20
8 31
8 38
9 1
9 11
10 21
10 30
11 35
11 39
12 15
12 44
13 8
13 13
14 10
14 23
15 18
15 32
16 38
16 42
17 3
17 18
18 27
18 29
19 0
19 41
20 4
20 37
21 14
21 34
22 1
22 43
23 10
23 30
24 7
24 40
25 3
25 44
26 15
26 17
27 26
27 41
28 2
28 6
29 12
29 26
30 21
30 34
31 31
31 36
32 0
32 29
33 5
33 9
34 14
34 23
35 33
35 43
36 6
36 13
37 24
37 42
38 28
38 36
39 4
39 33
40 20
40 39
41 17
41 25
42 7
42 28
43 9
43 22
44 19
44 32

# solution 25
# n=45 sym=rct4 status=verified source=flammenkamp_cache/n45_rct4
# code=cKS1IDF7LUcNR4DTfRYGK8PCWBXcg4I7g0Z58UhAMZi5fJP3d09MY1Ead9i2bQe26BXCWJaOSAH3FVeHL6ENbTVQhGO
0 20
0 28
1 1
1 18
2 13
2 15
3 7
3 21
4 30
4 38
5 23
5 27
6 4
6 13
7 29
7 41
8 27
8 34
9 16
9 20
10 8
10 25
11 12
11 32
12 11
12 33
13 38
13 42
14 4
14 18
15 7
15 42
16 0
16 35
17 5
17 8
18 30
18 43
19 10
19 22
20 35
20 44
21 5
21 41
22 19
22 25
23 3
23 39
24 0
24 9
25 22
25 34
26 1
26 14
27 36
27 39
28 9
28 44
29 2
29 37
30 26
30 40
31 2
31 6
32 11
32 33
33 12
33 32
34 19
34 36
35 24
35 28
36 10
36 17
37 3
37 15
38 31
38 40
39 17
39 21
40 6
40 14
41 23
41 37
42 29
42 31
43 26
43 43
44 16
44 24

# solution 26
# n=45 sym=rct4 status=verified source=flammenkamp_cache/n45_rct4
# code=cFU7SLM9e3IITDZPhRV6fBCSYKY8c0R5i1B8Ede7LKWPg2g2JCONb45UaXh0dHi6aAOAGWX3cDH1J9VFQQf4ZMNGbET
0 15
0 30
1 7
1 28
2 21
2 22
3 9
3 40
4 3
4 18
5 18
5 29
6 13
6 35
7 25
7 43
8 27
8 31
9 6
9 41
10 11
10 12
11 28
11 34
12 20
12 34
13 8
13 38
14 0
14 27
15 5
15 44
16 1
16 11
17 8
17 14
18 39
18 40
19 7
19 21
20 20
20 32
21 25
21 42
22 2
22 42
23 2
23 19
24 12
24 24
25 23
25 37
26 4
26 5
27 30
27 36
28 33
28 43
29 0
29 39
30 17
30 44
31 6
31 36
32 10
32 24
33 10
33 16
34 32
34 33
35 3
35 38
36 13
36 17
37 1
37 19
38 9
38 31
39 15
39 26
40 26
40 41
41 4
41 35
42 22
42 23
43 16
43 37
44 14
44 29

# solution 27
# n=45 sym=rct4 status=verified source=flammenkamp_cache/n45_rct4
# code=cHeFLTXPV085IUWIMDeGNBG2Y6U3a6C2hYZOibd3KHP9h7b1ZJROf570K9A1gWc8fEcAgSXLS4VMQCEQdaiDJBFNT4R
0 17
0 40
1 15
1 21
2 29
2 33
3 25
3 31
4 0
4 8
5 5
5 18
6 30
6 32
7 18
7 22
8 13
8 40
9 16
9 23
10 11
10 16
11 2
11 34
12 6
12 30
13 3
13 36
14 6
14 12
15 2
15 43
16 34
16 35
17 24
17 44
18 37
18 39
19 3
19 20
20 17
20 25
21 9
21 43
22 7
22 37
23 1
23 35
24 19
24 27
25 24
25 41
26 5
26 7
27 0
27 20
28 9
28 10
29 1
29 42
30 32
30 38
31 8
31 41
32 14
32 38
33 10
33 42
34 28
34 33
35 21
35 28
36 4
36 31
37 22
37 26
38 12
38 14
39 26
39 39
40 36
40 44
41 13
41 19
42 11
42 15
43 23
43 29
44 4
44 27

# solution 28
# n=45 sym=rct4 status=verified source=flammenkamp_cache/n45_rct4
# code=cSZKOGaBP5U7eERMd2T0AAZVfFPBI4c8W0g6NLV3C1hHQ7bIR1hWfDNLc2iCa6eQXJT3D9YYiFg5MHU4bEdJX8SKO9G
0 28
0 35
1 20
1 24
2 16
2 36
3 11
3 25
4 5
4 30
5 7
5 40
6 14
6 27
7 22
7 39
8 2
8 29
9 0
9 10
10 10
10 35
11 31
11 41
12 15
12 25
13 11
13 18
14 4
14 38
15 8
15 32
16 0
16 42
17 6
17 23
18 21
18 31
19 3
19 12
20 1
20 43
21 17
21 26
22 7
22 37
23 18
23 27
24 1
24 43
25 32
25 41
26 13
26 23
27 21
27 38
28 2
28 44
29 12
29 36
30 6
30 40
31 26
31 33
32 19
32 29
33 3
33 13
34 9
34 34
35 34
35 44
36 15
36 42
37 5
37 22
38 17
38 30
39 4
39 37
40 14
40 39
41 19
41 33
42 8
42 28
43 20
43 24
44 9
44 16

# solution 29
# n=45 sym=rct4 status=verified source=flammenkamp_cache/n45_rct4
# code=cKQEJ9FPXLO8E8WAMcdYg9b3S6VCHdhHgBLTV0I3h4iSe7b4G0e1fQiDFNX2R15RWDcGf7Z2A56MYCaUaKNBJTZPUIO
0 20
0 26
1 14
1 19
2 9
2 15
3 25
3 33
4 21
4 24
5 8
5 14
6 8
6 32
7 10
7 22
8 38
8 39
9 34
9 42
10 9
10 37
11 3
11 28
12 6
12 31
13 12
13 17
14 39
14 43
15 17
15 42
16 11
16 21
17 29
17 31
18 0
18 18
19 3
19 43
20 4
20 44
21 28
21 40
22 7
22 37
23 4
23 16
24 0
24 40
25 1
25 41
26 26
26 44
27 13
27 15
28 23
28 33
29 2
29 27
30 1
30 5
31 27
31 32
32 13
32 38
33 16
33 41
34 7
34 35
35 2
35 10
36 5
36 6
37 22
37 34
38 12
38 36
39 30
39 36
40 20
40 23
41 11
41 19
42 29
42 35
43 25
43 30
44 18
44 24

# solution 30
# n=45 sym=rct4 status=verified source=flammenkamp_cache/n45_rct4
# code=cEO4HLaJQChSWNX892bVbMR6F5e9QOiFX5JAh3DSf0E6gAY2cUi3GVf1YPdBT0KIZ4dTcHM7D7gZaBLCG1WIP8NReKU
0 14
0 24
1 4
1 17
2 21
2 36
3 19
3 26
4 12
4 43
5 28
5 32
6 23
6 33
7 8
7 9
8 2
8 37
9 31
9 37
10 22
10 27
11 6
11 15
12 5
12 40
13 9
13 26
14 24
14 44
15 15
15 33
16 5
16 19
17 10
17 43
18 3
18 13
19 28
19 41
20 0
20 14
21 6
21 42
22 10
22 34
23 2
23 38
24 30
24 44
25 3
25 16
26 31
26 41
27 1
27 34
28 25
28 39
29 11
29 29
30 0
30 20
31 18
31 35
32 4
32 39
33 29
33 38
34 17
34 22
35 7
35 13
36 7
36 42
37 35
37 36
38 11
38 21
39 12
39 16
40 1
40 32
41 18
41 25
42 8
42 23
43 27
43 40
44 20
44 30

# solution 31
# n=45 sym=rct4 status=verified source=flammenkamp_cache/n45_rct4
# code=cKb8DFJSaEZOPTW0N3h4ICIMU6YShBe6g3DHLYZ5g5i7RBXHb0d2d9ANRVf2c4X1GAcEMQWQe1fLiCFJK9U8GPTVa7O
0 20
0 37
1 8
1 13
2 15
2 19
3 28
3 36
4 14
4 35
5 24
5 25
6 29
6 32
7 0
7 23
8 3
8 43
9 4
9 18
10 12
10 18
11 22
11 30
12 6
12 34
13 28
13 43
14 11
14 40
15 6
15 42
16 3
16 13
17 17
17 21
18 34
18 35
19 5
19 42
20 5
20 44
21 7
21 27
22 11
22 33
23 17
23 37
24 0
24 39
25 2
25 39
26 9
26 10
27 23
27 27
28 31
28 41
29 2
29 38
30 4
30 33
31 1
31 16
32 10
32 38
33 14
33 22
34 26
34 32
35 26
35 40
36 1
36 41
37 21
37 44
38 12
38 15
39 19
39 20
40 9
40 30
41 8
41 16
42 25
42 29
43 31
43 36
44 7
44 24

# solution 32
# n=45 sym=rct4 status=verified source=flammenkamp_cache/n45_rct4
# code=cHIDXOTKbRW59CI3a7MTdPX1A4cShJL29DL4iciAU2fSU8aEG3gEY060eNVZgNP1G6eYhBJ5FMb8fQWZdCH7OFKBVQR
0 17
0 18
1 13
1 33
2 24
2 29
3 20
3 37
4 27
4 32
5 5
5 9
6 12
6 18
7 3
7 36
8 7
8 22
9 29
9 39
10 25
10 33
11 1
11 10
12 4
12 38
13 28
13 43
14 19
14 21
15 2
15 9
16 13
16 21
17 4
17 44
18 38
18 44
19 10
19 30
20 2
20 41
21 28
21 30
22 8
22 36
23 14
23 16
24 3
24 42
25 14
25 34
26 0
26 6
27 0
27 40
28 23
28 31
29 35
29 42
30 23
30 25
31 1
31 16
32 6
32 40
33 34
33 43
34 11
34 19
35 5
35 15
36 22
36 37
37 8
37 41
38 26
38 32
39 35
39 39
40 12
40 17
41 7
41 24
42 15
42 20
43 11
43 31
44 26
44 27

# solution 33
# n=45 sym=rct4 status=verified source=flammenkamp_cache/n45_rct4
# code=cSbKfNc1RFXHQ290JIVYc9C4OCY8NJTEe0M3d5aUbBh2DGSVg1X7E8d5fMi4UFPLaAWKeWZ6ADQPiZgIRBTHh6L3O7G
0 28
0 37
1 20
1 41
2 23
2 38
3 1
3 27
4 15
4 33
5 17
5 26
6 2
6 9
7 0
7 19
8 18
8 31
9 34
9 38
10 9
10 12
11 4
11 24
12 12
12 34
13 8
13 23
14 19
14 29
15 14
15 40
16 0
16 22
17 3
17 39
18 5
18 36
19 30
19 37
20 11
20 43
21 2
21 13
22 16
22 28
23 31
23 42
24 1
24 33
25 7
25 14
26 8
26 39
27 5
27 41
28 22
28 44
29 4
29 30
30 15
30 25
31 21
31 36
32 10
32 32
33 20
33 40
34 32
34 35
35 6
35 10
36 13
36 26
37 25
37 44
38 35
38 42
39 18
39 27
40 11
40 29
41 17
41 43
42 6
42 21
43 3
43 24
44 7
44 16

# solution 34
# n=45 sym=rct4 status=verified source=flammenkamp_cache/n45_rct4
# code=cBIFSNWGZEK6W6dFOJV3HPVRi258ALebh1fBZMiAa7e2UIQEg4b8Y0M9X3h174NYadg0HDJRfDPKT5cCcOU9SCLGTQX
0 11
0 18
1 15
1 28
2 23
2 32
3 16
3 35
4 14
4 20
5 6
5 32
6 6
6 39
7 15
7 24
8 19
8 31
9 3
9 17
10 25
10 31
11 27
11 44
12 2
12 5
13 8
13 10
14 21
14 40
15 37
15 43
16 1
16 41
17 11
17 35
18 22
18 44
19 10
19 36
20 7
20 40
21 2
21 30
22 18
22 26
23 14
23 42
24 4
24 37
25 8
25 34
26 0
26 22
27 9
27 33
28 3
28 43
29 1
29 7
30 4
30 23
31 34
31 36
32 39
32 42
33 0
33 17
34 13
34 19
35 27
35 41
36 13
36 25
37 20
37 29
38 5
38 38
39 12
39 38
40 24
40 30
41 9
41 28
42 12
42 21
43 16
43 29
44 26
44 33

# solution 35
# n=45 sym=rct4 status=verified source=flammenkamp_cache/n45_rct4
# code=cJXJREFANOQVZ9GEMRW5cDf0C8X5YbgOgIc184Shi4F3L7bNfTe01Geah6Q2K27AdBaWi3V6dCHMUSZ9DIKLYTUHPBP
0 19
0 33
1 19
1 27
2 14
2 15
3 10
3 23
4 24
4 26
5 31
5 35
6 9
6 16
7 14
7 22
8 27
8 32
9 5
9 38
10 13
10 41
11 0
11 12
12 8
12 33
13 5
13 34
14 37
14 42
15 24
15 42
16 18
16 38
17 1
17 8
18 4
18 28
19 43
19 44
20 4
20 15
21 3
21 21
22 7
22 37
23 23
23 41
24 29
24 40
25 0
25 1
26 16
26 40
27 36
27 43
28 6
28 26
29 2
29 20
30 2
30 7
31 10
31 39
32 11
32 36
33 32
33 44
34 3
34 31
35 6
35 39
36 12
36 17
37 22
37 30
38 28
38 35
39 9
39 13
40 18
40 20
41 21
41 34
42 29
42 30
43 17
43 25
44 11
44 25

# solution 36
# n=45 sym=rct4 status=verified source=flammenkamp_cache/n45_rct4
# code=cNVHYJOGUGKHUNY8ZTb7916IJMV0C358IefdhTXXg2e06CWci4g2BBF1534QadfWiDMPQchZb7F9aALEROSESKPARDL
0 23
0 31
1 17
1 34
2 19
2 24
3 16
3 30
4 16
4 20
5 17
5 30
6 23
6 34
7 8
7 35
8 29
8 37
9 7
9 9
10 1
10 6
11 18
11 19
12 22
12 31
13 0
13 12
14 3
14 5
15 8
15 18
16 40
16 41
17 39
17 43
18 29
18 33
19 33
19 42
20 2
20 40
21 0
21 6
22 12
22 32
23 38
23 44
24 4
24 42
25 2
25 11
26 11
26 15
27 1
27 5
28 3
28 4
29 26
29 36
30 39
30 41
31 32
31 44
32 13
32 22
33 25
33 26
34 38
34 43
35 35
35 37
36 7
36 15
37 9
37 36
38 10
38 21
39 14
39 27
40 24
40 28
41 14
41 28
42 20
42 25
43 10
43 27
44 13
44 21

# solution 37
# n=45 sym=rct4 status=verified source=flammenkamp_cache/n45_rct4
# code=cLS9CHT6C5SXeNfOYHMJh7F5VfhBDOQ2Y04agEJQZ7E6i8a0cUb9IPU28eiAgIKVX13DdTb1PMRAK3L4BGdWcFRWZGN
0 21
0 28
1 9
1 12
2 17
2 29
3 6
3 12
4 5
4 28
5 33
5 40
6 23
6 41
7 24
7 34
8 17
8 22
9 19
9 43
10 7
10 15
11 5
11 31
12 41
12 43
13 11
13 13
14 24
14 26
15 2
15 34
16 0
16 4
17 36
17 42
18 14
18 19
19 26
19 35
20 7
20 14
21 6
21 44
22 8
22 36
23 0
23 38
24 30
24 37
25 9
25 18
26 25
26 30
27 2
27 8
28 40
28 44
29 10
29 42
30 18
30 20
31 31
31 33
32 1
32 3
33 13
33 39
34 29
34 37
35 1
35 25
36 22
36 27
37 10
37 20
38 3
38 21
39 4
39 11
40 16
40 39
41 32
41 38
42 15
42 27
43 32
43 35
44 16
44 23

# solution 38
# n=45 sym=rct4 status=verified source=flammenkamp_cache/n45_rct4
# code=cLgCF02KYRXJX9GPQ9Eac3E45ShIMYaRhCc4F7V7dLfOiDV0K3N5bDbTe6W1H8AMQ1GdeUf68UZIJSZBPBHAOgiTW2N
0 21
0 42
1 12
1 15
2 0
2 2
3 20
3 34
4 27
4 33
5 19
5 33
6 9
6 16
7 25
7 26
8 9
8 14
9 36
9 38
10 3
10 14
11 4
11 5
12 28
12 43
13 18
13 22
14 34
14 36
15 27
15 43
16 12
16 38
17 4
17 15
18 7
18 31
19 7
19 39
20 21
20 41
21 24
21 44
22 13
22 31
23 0
23 20
24 3
24 23
25 5
25 37
26 13
26 37
27 29
27 40
28 6
28 32
29 1
29 17
30 8
30 10
31 22
31 26
32 1
32 16
33 39
33 40
34 30
34 41
35 6
35 8
36 30
36 35
37 18
37 19
38 28
38 35
39 11
39 25
40 11
40 17
41 10
41 24
42 42
42 44
43 29
43 32
44 2
44 23

# solution 39
# n=45 sym=rct4 status=verified source=flammenkamp_cache/n45_rct4
# code=cOSTWIO8L6V56deBFBfNUHPab1M4G9I1b0VJYUgAR029fCW3ZgiHY2EAPDi7hQZSeMh78JREL3XTX45cdDcNaKQCFGK
0 24
0 28
1 29
1 32
2 18
2 24
3 8
3 21
4 6
4 31
5 5
5 6
6 39
6 40
7 11
7 15
8 11
8 41
9 23
9 30
10 17
10 25
11 36
11 37
12 1
12 22
13 4
13 16
14 9
14 18
15 1
15 37
16 0
16 31
17 19
17 34
18 30
18 42
19 10
19 27
20 0
20 2
21 9
21 41
22 12
22 32
23 3
23 35
24 42
24 44
25 17
25 34
26 2
26 14
27 10
27 25
28 13
28 44
29 7
29 43
30 26
30 35
31 28
31 40
32 22
32 43
33 7
33 8
34 19
34 27
35 14
35 21
36 3
36 33
37 29
37 33
38 4
38 5
39 38
39 39
40 13
40 38
41 23
41 36
42 20
42 26
43 12
43 15
44 16
44 20

# solution 40
# n=45 sym=rct4 status=verified source=flammenkamp_cache/n45_rct4
# code=cHQEMQTBD7cBU4Vae7JLSKSdfCH6f5h2K9AWi02LaTYPZ1h9JAF8Ngi0CYZOg1d3cRW35GOGNPb48DeEX6bVXFIMUIR
0 17
0 26
1 14
1 22
2 26
2 29
3 11
3 13
4 7
4 38
5 11
5 30
6 4
6 31
7 36
7 40
8 7
8 19
9 21
9 28
10 20
10 28
11 39
11 41
12 12
12 17
13 6
13 41
14 5
14 43
15 2
15 20
16 9
16 10
17 32
17 44
18 0
18 2
19 21
19 36
20 29
20 34
21 25
21 35
22 1
22 43
23 9
23 19
24 10
24 15
25 8
25 23
26 42
26 44
27 0
27 12
28 34
28 35
29 24
29 42
30 1
30 39
31 3
31 38
32 27
32 32
33 3
33 5
34 16
34 24
35 16
35 23
36 25
36 37
37 4
37 8
38 13
38 40
39 14
39 33
40 6
40 37
41 31
41 33
42 15
42 18
43 22
43 30
44 18
44 27

# solution 41
# n=45 sym=rct4 status=verified source=flammenkamp_cache/n45_rct4
# code=cAS2FNhHX9bKVNb46IU9eRi3OJU5T8CDh0JAfMaSWBd26IQcg5XCG8M3YPi1VWaFdEPKf0H4ZEQce7LDO7ZBR1LTgGY
0 10
0 28
1 2
1 15
2 23
2 43
3 17
3 33
4 9
4 37
5 20
5 31
6 23
6 37
7 4
7 6
8 18
8 30
9 9
9 40
10 27
10 44
11 3
11 24
12 19
12 30
13 5
13 29
14 8
14 12
15 13
15 43
16 0
16 19
17 10
17 41
18 22
18 36
19 28
19 32
20 11
20 39
21 2
21 6
22 18
22 26
23 38
23 42
24 5
24 33
25 12
25 16
26 8
26 22
27 3
27 34
28 25
28 44
29 1
29 31
30 32
30 36
31 15
31 39
32 14
32 25
33 20
33 41
34 0
34 17
35 4
35 35
36 14
36 26
37 38
37 40
38 7
38 21
39 13
39 24
40 7
40 35
41 11
41 27
42 1
42 21
43 29
43 42
44 16
44 34

# solution 42
# n=45 sym=rct4 status=verified source=flammenkamp_cache/n45_rct4
# code=cEQRV7BGN4aCKFPWg4UFXIK9g7d1L8iZcHf1S0Y6MYd3VJPDf5AMcAiGh3R690aNh5b2ZOQBTEe2CJTOW8eLSXbDHIU
0 14
0 26
1 27
1 31
2 7
2 11
3 16
3 23
4 4
4 36
5 12
5 20
6 15
6 25
7 32
7 42
8 4
8 30
9 15
9 33
10 18
10 20
11 9
11 42
12 7
12 39
13 1
13 21
14 8
14 44
15 35
15 38
16 17
16 41
17 1
17 28
18 0
18 34
19 6
19 22
20 34
20 39
21 3
21 31
22 19
22 25
23 13
23 41
24 5
24 10
25 22
25 38
26 10
26 44
27 16
27 43
28 3
28 27
29 6
29 9
30 0
30 36
31 23
31 43
32 5
32 37
33 2
33 35
34 24
34 26
35 11
35 29
36 14
36 40
37 2
37 12
38 19
38 29
39 24
39 32
40 8
40 40
41 21
41 28
42 33
42 37
43 13
43 17
44 18
44 30

# solution 43
# n=45 sym=rct4 status=verified source=flammenkamp_cache/n45_rct4
# code=cQVNQDY9EKPYc5B7GHXSf258cMO0gTfER9bFa014LCe1PCWJh4WNehi8T7ZHU3F2iKM6adg3GBRSbXd6AJOUZAVILDI
0 26
0 31
1 23
1 26
2 13
2 34
3 9
3 14
4 20
4 25
5 34
5 38
6 5
6 11
7 7
7 16
8 17
8 33
9 28
9 41
10 2
10 5
11 8
11 38
12 22
12 24
13 0
13 42
14 29
14 41
15 14
15 27
16 9
16 37
17 15
17 36
18 0
18 1
19 4
19 21
20 12
20 40
21 1
21 25
22 12
22 32
23 19
23 43
24 4
24 32
25 23
25 40
26 43
26 44
27 8
27 29
28 7
28 35
29 17
29 30
30 3
30 15
31 2
31 44
32 20
32 22
33 6
33 36
34 39
34 42
35 3
35 16
36 11
36 27
37 28
37 37
38 33
38 39
39 6
39 10
40 19
40 24
41 30
41 35
42 10
42 31
43 18
43 21
44 13
44 18

# solution 44
# n=45 sym=rct4 status=verified source=flammenkamp_cache/n45_rct4
# code=cAHVWNQ6CUYNaRfEM58DX4i9P1f1Z4bGOOT6i2JBQFG257bdgSTIXPg0cFKKS7e9h3hJZ0eBVadMU3H8LAEWcILCDRY
0 10
0 17
1 31
1 32
2 23
2 26
3 6
3 12
4 30
4 34
5 23
5 36
6 27
6 41
7 14
7 22
8 5
8 8
9 13
9 33
10 4
10 44
11 9
11 25
12 1
12 41
13 1
13 35
14 4
14 37
15 16
15 24
16 24
16 29
17 6
17 44
18 2
18 19
19 11
19 26
20 15
20 16
21 2
21 5
22 7
22 37
23 39
23 42
24 28
24 29
25 18
25 33
26 25
26 42
27 0
27 38
28 15
28 20
29 20
29 28
30 7
30 40
31 9
31 43
32 3
32 43
33 19
33 35
34 0
34 40
35 11
35 31
36 36
36 39
37 22
37 30
38 3
38 17
39 8
39 21
40 10
40 14
41 32
41 38
42 18
42 21
43 12
43 13
44 27
44 34

# solution 45
# n=45 sym=rct4 status=verified source=flammenkamp_cache/n45_rct4
# code=c0SKWEHOWMT7aGTNd5NDXRV9J13AZQg460cAgEJQX3h784eab1fBIPU2Y6ice2I9YfhPZDHBVLd5LFS8bFMCKRUCOGi
0 0
0 28
1 20
1 32
2 14
2 17
3 24
3 32
4 22
4 29
5 7
5 36
6 16
6 29
7 23
7 39
8 5
8 23
9 13
9 33
10 27
10 31
11 9
11 19
12 1
12 3
13 10
13 35
14 26
14 42
15 4
15 6
16 0
16 38
17 10
17 42
18 14
18 19
19 26
19 33
20 3
20 43
21 7
21 8
22 4
22 40
23 36
23 37
24 1
24 41
25 11
25 18
26 25
26 30
27 2
27 34
28 6
28 44
29 38
29 40
30 2
30 18
31 9
31 34
32 41
32 43
33 25
33 35
34 13
34 17
35 11
35 31
36 21
36 39
37 5
37 21
38 15
38 28
39 8
39 37
40 15
40 22
41 12
41 20
42 27
42 30
43 12
43 24
44 16
44 44

# solution 46
# n=45 sym=rct4 status=verified source=flammenkamp_cache/n45_rct4
# code=cLP3IMSVhEI9XHL7V9CadTX5AOa37ReAK2JEceh0SCTci2g06FWGi146UPgOY4Hbf8KYdBF58WZDbNRBZQU1DGMQfJN
0 21
0 25
1 3
1 18
2 22
2 28
3 31
3 43
4 14
4 18
5 9
5 33
6 17
6 21
7 7
7 31
8 9
8 12
9 36
9 39
10 29
10 33
11 5
11 10
12 24
12 36
13 3
13 7
14 27
14 40
15 10
15 20
16 2
16 19
17 14
17 38
18 40
18 43
19 0
19 28
20 12
20 29
21 38
21 44
22 2
22 42
23 0
23 6
24 15
24 32
25 16
25 44
26 1
26 4
27 6
27 30
28 25
28 42
29 24
29 34
30 4
30 17
31 37
31 41
32 8
32 20
33 34
33 39
34 11
34 15
35 5
35 8
36 32
36 35
37 13
37 37
38 23
38 27
39 11
39 35
40 26
40 30
41 1
41 13
42 16
42 22
43 26
43 41
44 19
44 23

# solution 47
# n=45 sym=rct4 status=verified source=flammenkamp_cache/n45_rct4
# code=cPQBEIY8Y4CRaGNBC5fNT23bhbeORFh9UJc5D0g0SDM69KOZcMVGi2iVd6PEZ1THK4717fgFL3dWXLS8HWeAaAQUXIJ
0 25
0 26
1 11
1 14
2 18
2 34
3 8
3 34
4 4
4 12
5 27
5 36
6 16
6 23
7 11
7 12
8 5
8 41
9 23
9 29
10 2
10 3
11 37
11 43
12 37
12 40
13 24
13 27
14 15
14 43
15 9
15 30
16 19
16 38
17 5
17 13
18 0
18 42
19 0
19 28
20 13
20 22
21 6
21 9
22 20
22 24
23 35
23 38
24 22
24 31
25 16
25 44
26 2
26 44
27 31
27 39
28 6
28 25
29 14
29 35
30 1
30 29
31 17
31 20
32 4
32 7
33 1
33 7
34 41
34 42
35 15
35 21
36 3
36 39
37 32
37 33
38 21
38 28
39 8
39 17
40 32
40 40
41 10
41 36
42 10
42 26
43 30
43 33
44 18
44 19

# solution 48
# n=45 sym=rct4 status=verified source=flammenkamp_cache/n45_rct4
# code=cFPBV29CYEI7SCMYdNVEg37Khcf18ZeQi5KLPFe0HSX8R6cHaBGRi4TJNOd0I49ah361Obf2UDL5AMWGbQUAWZgDXJT
0 15
0 25
1 11
1 31
2 2
2 9
3 12
3 34
4 14
4 18
5 7
5 28
6 12
6 22
7 34
7 39
8 23
8 31
9 14
9 42
10 3
10 7
11 20
11 43
12 38
12 41
13 1
13 8
14 35
14 40
15 26
15 44
16 5
16 20
17 21
17 25
18 15
18 40
19 0
19 17
20 28
20 33
21 8
21 27
22 6
22 38
23 17
23 36
24 11
24 16
25 27
25 44
26 4
26 29
27 19
27 23
28 24
28 39
29 0
29 18
30 4
30 9
31 36
31 43
32 3
32 6
33 1
33 24
34 37
34 41
35 2
35 30
36 13
36 21
37 5
37 10
38 22
38 32
39 16
39 37
40 26
40 30
41 10
41 32
42 35
42 42
43 13
43 33
44 19
44 29

# solution 49
# n=45 sym=rct4 status=verified source=flammenkamp_cache/n45_rct4
# code=cHQGODULPBE8Z7H7cTd5AQZVeFOBg2e8WMhci0A3L1CPfGS3JWhNfYi061MCa4g2XKT4D9IYd5F6bRb9aUXJNEVKSIR
0 17
0 26
1 16
1 24
2 13
2 30
3 21
3 25
4 11
4 14
5 8
5 35
6 7
6 17
7 7
7 38
8 29
8 39
9 5
9 10
10 26
10 35
11 31
11 40
12 15
12 24
13 11
13 42
14 2
14 40
15 8
15 32
16 22
16 43
17 38
17 44
18 0
18 10
19 3
19 21
20 1
20 12
21 25
21 41
22 16
22 28
23 3
23 19
24 32
24 43
25 23
25 41
26 34
26 44
27 0
27 6
28 1
28 22
29 12
29 36
30 4
30 42
31 2
31 33
32 20
32 29
33 4
33 13
34 9
34 18
35 34
35 39
36 5
36 15
37 6
37 37
38 27
38 37
39 9
39 36
40 30
40 33
41 19
41 23
42 14
42 31
43 20
43 28
44 18
44 27

# solution 50
# n=45 sym=rct4 status=verified source=flammenkamp_cache/n45_rct4
# code=cDKEYKLFR7P9C8SIePcLd1XAGCdTiMhDf6X3IRb48giZgEU2902ae7HQfBc3V1M0F5WSYBh5N6J4QGaWZJbHTNOAUOV
0 13
0 20
1 14
1 34
2 20
2 21
3 15
3 27
4 7
4 25
5 9
5 12
6 8
6 28
7 18
7 40
8 25
8 38
9 21
9 39
10 1
10 33
11 10
11 16
12 12
12 39
13 29
13 44
14 22
14 43
15 13
15 41
16 6
16 33
17 3
17 18
18 27
18 37
19 4
19 8
20 42
20 44
21 35
21 42
22 14
22 30
23 2
23 9
24 0
24 2
25 36
25 40
26 7
26 17
27 26
27 41
28 11
28 38
29 3
29 31
30 1
30 22
31 0
31 15
32 5
32 32
33 28
33 34
34 11
34 43
35 5
35 23
36 6
36 19
37 4
37 26
38 16
38 36
39 32
39 35
40 19
40 37
41 17
41 29
42 23
42 24
43 10
43 30
44 24
44 31

# solution 51
# n=45 sym=rct4 status=verified source=flammenkamp_cache/n45_rct4
# code=cLUCZ6d3LBP2GSgDKOZ18IRVeIhBb0TEJ6dAMWY4T8bfiHR037aFeACMY5cPUFi7X1Q4DHQah9KOV2GSgJXNf5c9WEN
0 21
0 30
1 12
1 35
2 6
2 39
3 3
3 21
4 11
4 25
5 2
5 16
6 28
6 42
7 13
7 20
8 24
8 35
9 1
9 8
10 18
10 27
11 31
11 40
12 18
12 43
13 11
13 37
14 0
14 29
15 14
15 19
16 6
16 39
17 10
17 22
18 32
18 34
19 4
19 29
20 8
20 37
21 41
21 44
22 17
22 27
23 0
23 3
24 7
24 36
25 15
25 40
26 10
26 12
27 22
27 34
28 5
28 38
29 25
29 30
30 15
30 44
31 7
31 33
32 1
32 26
33 4
33 13
34 17
34 26
35 36
35 43
36 9
36 20
37 24
37 31
38 2
38 16
39 28
39 42
40 19
40 33
41 23
41 41
42 5
42 38
43 9
43 32
44 14
44 23

# solution 52
# n=45 sym=rct4 status=verified source=flammenkamp_cache/n45_rct4
# code=cLPCDAKXcEU7H3HMd8VASZg3FPh8h4eSX9FcdKL0CQgQi7b0I2IWiNO56TZBG4e1a1JTf29GYDa5MRfRbEU6BOYVWJN
0 21
0 25
1 12
1 13
2 10
2 20
3 33
3 38
4 14
4 30
5 7
5 17
6 3
6 17
7 22
7 39
8 8
8 31
9 10
9 28
10 35
10 42
11 3
11 15
12 25
12 43
13 8
13 43
14 4
14 40
15 28
15 33
16 9
16 15
17 38
17 39
18 20
18 21
19 0
19 12
20 26
20 42
21 26
21 44
22 7
22 37
23 0
23 18
24 2
24 18
25 32
25 44
26 23
26 24
27 5
27 6
28 29
28 35
29 11
29 16
30 4
30 40
31 1
31 36
32 1
32 19
33 29
33 41
34 2
34 9
35 16
35 34
36 13
36 36
37 5
37 22
38 27
38 41
39 27
39 37
40 14
40 30
41 6
41 11
42 24
42 34
43 31
43 32
44 19
44 23

# solution 53
# n=45 sym=rct4 status=verified source=flammenkamp_cache/n45_rct4
# code=cCLEW5RPY4JXgGK89VbRb3O5G1i8EVhLQXc29FM3eAcTiIQ0F6Y4fMTZg6BIN1DUa0hSdKf7H7DZaOS2BPeAJHdCUNW
0 12
0 21
1 14
1 32
2 5
2 27
3 25
3 34
4 4
4 19
5 33
5 42
6 16
6 20
7 8
7 9
8 31
8 37
9 27
9 37
10 3
10 24
11 5
11 16
12 1
12 44
13 8
13 14
14 31
14 43
15 21
15 26
16 33
16 38
17 2
17 9
18 15
18 22
19 3
19 40
20 10
20 38
21 29
21 44
22 18
22 26
23 0
23 15
24 6
24 34
25 4
25 41
26 22
26 29
27 35
27 42
28 6
28 11
29 18
29 23
30 1
30 13
31 30
31 36
32 0
32 43
33 28
33 39
34 20
34 41
35 7
35 17
36 7
36 13
37 35
37 36
38 24
38 28
39 2
39 11
40 25
40 40
41 10
41 19
42 17
42 39
43 12
43 30
44 23
44 32

# solution 54
# n=45 sym=rct4 status=verified source=flammenkamp_cache/n45_rct4
# code=cEWNQBYPW4B9TOPDI9Sad2Leg03SbKi5H8DMT1b366U1YHRAhEccf7hFMVaRd0O7Gfi24Ng58GZQVJKFZXeCJAXILCU
0 14
0 32
1 23
1 26
2 11
2 34
3 25
3 32
4 4
4 11
5 9
5 29
6 24
6 25
7 13
7 18
8 9
8 28
9 36
9 39
10 2
10 21
11 40
11 42
12 0
12 3
13 28
13 37
14 20
14 44
15 5
15 17
16 8
16 13
17 22
17 29
18 1
18 37
19 3
19 6
20 6
20 30
21 1
21 34
22 17
22 27
23 10
23 43
24 14
24 38
25 38
25 41
26 7
26 43
27 15
27 22
28 31
28 36
29 27
29 39
30 0
30 24
31 7
31 16
32 41
32 44
33 2
33 4
34 23
34 42
35 5
35 8
36 16
36 35
37 26
37 31
38 19
38 20
39 15
39 35
40 33
40 40
41 12
41 19
42 10
42 33
43 18
43 21
44 12
44 30

# solution 55
# n=45 sym=rct4 status=verified source=flammenkamp_cache/n45_rct4
# code=cIUJMPTDH6C8KQe8YbdAS7ZGOCeLf0L2H9XTf6i2hBdUV1hDE5X1g0c3FBZRgNi3N4WKS9bGY57Aa4IOaWcRVFJMPEQ
0 18
0 30
1 19
1 22
2 25
2 29
3 13
3 17
4 6
4 12
5 8
5 20
6 26
6 40
7 8
7 34
8 37
8 39
9 10
9 28
10 7
10 35
11 16
11 24
12 12
12 40
13 21
13 41
14 0
14 21
15 2
15 17
16 9
16 33
17 29
17 41
18 6
18 44
19 2
19 43
20 11
20 39
21 30
21 31
22 1
22 43
23 13
23 14
24 5
24 33
25 1
25 42
26 0
26 38
27 3
27 15
28 11
28 35
29 27
29 42
30 23
30 44
31 3
31 23
32 4
32 32
33 20
33 28
34 9
34 37
35 16
35 34
36 5
36 7
37 10
37 36
38 4
38 18
39 24
39 36
40 32
40 38
41 27
41 31
42 15
42 19
43 22
43 25
44 14
44 26

# solution 56
# n=45 sym=rct4 status=verified source=flammenkamp_cache/n45_rct4
# code=cLPINDTDY7UKW7CceJKRX3G9B5cfg4Q2GTY9MEh0aad1iHR0h588i1UMZAFSgIe236dXZSfBHOP46WbCOEbAVFVLQJN
0 21
0 25
1 18
1 23
2 13
2 29
3 13
3 34
4 7
4 30
5 20
5 32
6 7
6 12
7 38
7 40
8 19
8 20
9 27
9 33
10 3
10 16
11 9
11 11
12 5
12 38
13 41
13 42
14 4
14 26
15 2
15 16
16 29
16 34
17 9
17 22
18 14
18 43
19 0
19 36
20 36
20 39
21 1
21 44
22 17
22 27
23 0
23 43
24 5
24 8
25 8
25 44
26 1
26 30
27 22
27 35
28 10
28 15
29 28
29 42
30 18
30 40
31 2
31 3
32 6
32 39
33 33
33 35
34 28
34 41
35 11
35 17
36 24
36 25
37 4
37 6
38 32
38 37
39 12
39 24
40 14
40 37
41 10
41 31
42 15
42 31
43 21
43 26
44 19
44 23

# solution 57
# n=45 sym=rct4 status=verified source=flammenkamp_cache/n45_rct4
# code=c2RBWMiIO6REVPeINCZ89GVPh1a5ATdEOLY04bf6B3F7S2gGbTfXc37eiANKU5FYd8h1JDSZa9WLQ4JDUHcKQ0MCXHg
0 2
0 27
1 11
1 32
2 22
2 44
3 18
3 24
4 6
4 27
5 14
5 31
6 25
6 40
7 18
7 23
8 12
8 35
9 8
9 9
10 16
10 31
11 25
11 43
12 1
12 36
13 5
13 10
14 29
14 39
15 14
15 24
16 21
16 34
17 0
17 4
18 37
18 41
19 6
19 11
20 3
20 15
21 7
21 28
22 2
22 42
23 16
23 37
24 29
24 41
25 33
25 38
26 3
26 7
27 40
27 44
28 10
28 23
29 20
29 30
30 5
30 15
31 34
31 39
32 8
32 43
33 1
33 19
34 13
34 28
35 35
35 36
36 9
36 32
37 21
37 26
38 4
38 19
39 13
39 30
40 17
40 38
41 20
41 26
42 0
42 22
43 12
43 33
44 17
44 42

# solution 58
# n=45 sym=rct4 status=verified source=flammenkamp_cache/n45_rct4
# code=cJN6G2PDTKMUaGhXa57QTCN7CXYHf5R39chEV9K2iQe0A4eYi4I0gOZDU16ZfHd3RABWbLWFIbd8B1S8EMOFVJgScLP
0 19
0 23
1 6
1 16
2 2
2 25
3 13
3 29
4 20
4 22
5 30
5 36
6 16
6 43
7 33
7 36
8 5
8 7
9 26
9 29
10 12
10 23
11 7
11 12
12 33
12 34
13 17
13 41
14 5
14 27
15 3
15 9
16 38
16 43
17 14
17 31
18 9
18 20
19 2
19 44
20 26
20 40
21 0
21 10
22 4
22 40
23 34
23 44
24 4
24 18
25 0
25 42
26 24
26 35
27 13
27 30
28 1
28 6
29 35
29 41
30 17
30 39
31 3
31 27
32 10
32 11
33 32
33 37
34 21
34 32
35 15
35 18
36 37
36 39
37 8
37 11
38 1
38 28
39 8
39 14
40 22
40 24
41 15
41 31
42 19
42 42
43 28
43 38
44 21
44 25

# solution 59
# n=45 sym=rct4 status=verified source=flammenkamp_cache/n45_rct4
# code=c6V4FLYLZ4hETMiAOHS3X2b9CHX0OJd5h8QWaGJQU7Dfg6c23VbEIPS8CIa1d5PKiBRWZ7gBfGRKY0MFU1e9NANTeDc
0 6
0 31
1 4
1 15
2 21
2 34
3 21
3 35
4 4
4 43
5 14
5 29
6 22
6 44
7 10
7 24
8 17
8 28
9 3
9 33
10 2
10 37
11 9
11 12
12 17
12 33
13 0
13 24
14 19
14 39
15 5
15 43
16 8
16 26
17 32
17 36
18 16
18 19
19 26
19 30
20 7
20 13
21 41
21 42
22 6
22 38
23 2
23 3
24 31
24 37
25 14
25 18
26 25
26 28
27 8
27 12
28 18
28 36
29 1
29 39
30 5
30 25
31 20
31 44
32 11
32 27
33 32
33 35
34 7
34 42
35 11
35 41
36 16
36 27
37 20
37 34
38 0
38 22
39 15
39 30
40 1
40 40
41 9
41 23
42 10
42 23
43 29
43 40
44 13
44 38

# solution 60
# n=45 sym=rct4 status=verified source=flammenkamp_cache/n45_rct4
# code=cIKKcFPVcSX9E137GAMUdIa4HFP3L9dWg4bLXYi2ChiRV8aDH01Wg0ABN7e2C5ZNfJTRe8Q5EMYSbfhUZBG6DJT6OOQ
0 18
0 20
1 20
1 38
2 15
2 25
3 31
3 38
4 28
4 33
5 9
5 14
6 1
6 3
7 7
7 16
8 10
8 22
9 30
9 39
10 18
10 36
11 4
11 17
12 15
12 25
13 3
13 21
14 9
14 39
15 32
15 42
16 4
16 37
17 21
17 33
18 34
18 44
19 2
19 12
20 43
20 44
21 27
21 31
22 8
22 36
23 13
23 17
24 0
24 1
25 32
25 42
26 0
26 10
27 11
27 23
28 7
28 40
29 2
29 12
30 5
30 35
31 23
31 41
32 19
32 29
33 27
33 40
34 8
34 26
35 5
35 14
36 22
36 34
37 28
37 37
38 41
38 43
39 30
39 35
40 11
40 16
41 6
41 13
42 19
42 29
43 6
43 24
44 24
44 26

# solution 61
# n=45 sym=rct4 status=verified source=flammenkamp_cache/n45_rct4
# code=cENGUCP3H8P7VDMQdYeAG8ZNTOg5c1iBOZhIf7R24CF0B6cXiTWegHb3Q19KX0h6d2KFL9aSY4A5IMVDbJaRfJWESLU
0 14
0 23
1 16
1 30
2 12
2 25
3 3
3 17
4 8
4 25
5 7
5 31
6 13
6 22
7 26
7 39
8 34
8 40
9 10
9 16
10 8
10 35
11 23
11 29
12 24
12 42
13 5
13 38
14 1
14 44
15 11
15 24
16 35
16 43
17 18
17 41
18 7
18 27
19 2
19 4
20 12
20 15
21 0
21 11
22 6
22 38
23 33
23 44
24 29
24 32
25 40
25 42
26 17
26 37
27 3
27 26
28 1
28 9
29 20
29 33
30 0
30 43
31 6
31 39
32 2
32 20
33 15
33 21
34 9
34 36
35 28
35 34
36 4
36 10
37 5
37 18
38 22
38 31
39 13
39 37
40 19
40 36
41 27
41 41
42 19
42 32
43 14
43 28
44 21
44 30

# solution 62
# n=45 sym=rct4 status=verified source=flammenkamp_cache/n45_rct4
# code=cGRBLDSRaBW6KQd7J3EAQLZeh4UTgCaDK2i0369MbTdYhJP1A5F7MZcfi0gOV8W2FEe149NIYUfPb5IOcCX8HGVNXHS
0 16
0 27
1 11
1 21
2 13
2 28
3 27
3 36
4 11
4 32
5 6
5 20
6 26
6 39
7 7
7 19
8 3
8 14
9 10
9 26
10 21
10 35
11 40
11 43
12 4
12 30
13 29
13 42
14 12
14 36
15 13
15 20
16 2
16 44
17 0
17 3
18 6
18 9
19 22
19 37
20 29
20 39
21 34
21 43
22 19
22 25
23 1
23 10
24 5
24 15
25 7
25 22
26 35
26 38
27 41
27 44
28 0
28 42
29 24
29 31
30 8
30 32
31 2
31 15
32 14
32 40
33 1
33 4
34 9
34 23
35 18
35 34
36 30
36 41
37 25
37 37
38 5
38 18
39 24
39 38
40 12
40 33
41 8
41 17
42 16
42 31
43 23
43 33
44 17
44 28

# solution 63
# n=45 sym=rct4 status=verified source=flammenkamp_cache/n45_rct4
# code=cIYFSLN6CRaCXEfFP4VPY095Bdf8KQcbh1H4SEi79MV2gKO2gDMZb0UGeRh176IOa35XdZiAJDeJT3UBW8HWcLNGTAQ
0 18
0 34
1 15
1 28
2 21
2 23
3 6
3 12
4 27
4 36
5 12
5 33
6 14
6 41
7 15
7 25
8 4
8 31
9 25
9 34
10 0
10 9
11 5
11 11
12 39
12 41
13 8
13 20
14 26
14 38
15 37
15 43
16 1
16 17
17 4
17 28
18 14
18 44
19 7
19 9
20 22
20 31
21 2
21 42
22 20
22 24
23 2
23 42
24 13
24 22
25 35
25 37
26 0
26 30
27 16
27 40
28 27
28 43
29 1
29 7
30 6
30 18
31 24
31 36
32 3
32 5
33 33
33 39
34 35
34 44
35 10
35 19
36 13
36 40
37 19
37 29
38 3
38 30
39 11
39 32
40 8
40 17
41 32
41 38
42 21
42 23
43 16
43 29
44 10
44 26

# solution 64
# n=45 sym=rct4 status=verified source=flammenkamp_cache/n45_rct4
# code=c8RIWGOVZEHNW69MVGi3cTXAE1537XeAKag0ePhIL2T5P7bJdFgNQ1J4i28OY4BbfdhUYBF6f0SDMZcCLRU9DKSCQHa
0 8
0 27
1 18
1 32
2 16
2 24
3 31
3 35
4 14
4 17
5 23
5 32
6 6
6 9
7 22
7 31
8 16
8 44
9 3
9 38
10 29
10 33
11 10
11 14
12 1
12 5
13 3
13 7
14 33
14 40
15 10
15 20
16 36
16 42
17 0
17 40
18 25
18 43
19 18
19 21
20 2
20 29
21 5
21 25
22 7
22 37
23 19
23 39
24 15
24 42
25 23
25 26
26 1
26 19
27 4
27 44
28 2
28 8
29 24
29 34
30 4
30 11
31 37
31 41
32 39
32 43
33 30
33 34
34 11
34 15
35 6
35 41
36 0
36 28
37 13
37 22
38 35
38 38
39 12
39 21
40 27
40 30
41 9
41 13
42 20
42 28
43 12
43 26
44 17
44 36

# solution 65
# n=45 sym=rct4 status=verified source=flammenkamp_cache/n45_rct4
# code=cJR1SIK6FIJADbf6USVANZdHKMT8d7LCf180XegeiXg9UCWEZ2B0424Biah3WNb5aFMOR59LYDGEc37VYPQTcOQGhHP
0 19
0 27
1 1
1 28
2 18
2 20
3 6
3 15
4 18
4 19
5 10
5 13
6 37
6 41
7 6
7 30
8 28
8 31
9 10
9 23
10 35
10 39
11 17
11 20
12 22
12 29
13 8
13 39
14 7
14 21
15 12
15 41
16 1
16 8
17 0
17 33
18 40
18 42
19 40
19 44
20 33
20 42
21 9
21 30
22 12
22 32
23 14
23 35
24 2
24 11
25 0
25 4
26 2
26 4
27 11
27 44
28 36
28 43
29 3
29 32
30 23
30 37
31 5
31 36
32 15
32 22
33 24
33 27
34 5
34 9
35 21
35 34
36 13
36 16
37 14
37 38
38 3
38 7
39 31
39 34
40 25
40 26
41 29
41 38
42 24
42 26
43 16
43 43
44 17
44 25

# solution 66
# n=45 sym=rct4 status=verified source=flammenkamp_cache/n45_rct4
# code=cQSMPBHDUBQ7Y6CKdJZ8S5CegYcLf3FKU09Lg041aTbRV1hDH7F8hei2NZiEOTf3N6A24WdGa9P5OWcAbIXEVRXJMGI
0 26
0 28
1 22
1 25
2 11
2 17
3 13
3 30
4 11
4 26
5 7
5 34
6 6
6 12
7 20
7 39
8 19
8 35
9 8
9 28
10 5
10 12
11 40
11 42
12 34
12 38
13 21
13 41
14 3
14 15
15 20
15 30
16 0
16 9
17 21
17 42
18 0
18 4
19 1
19 36
20 29
20 37
21 27
21 31
22 1
22 43
23 13
23 17
24 7
24 15
25 8
25 43
26 40
26 44
27 2
27 23
28 35
28 44
29 14
29 24
30 29
30 41
31 3
31 23
32 6
32 10
33 2
33 4
34 32
34 39
35 16
35 36
36 9
36 25
37 5
37 24
38 32
38 38
39 10
39 37
40 18
40 33
41 14
41 31
42 27
42 33
43 19
43 22
44 16
44 18

# solution 67
# n=45 sym=rct4 status=verified source=flammenkamp_cache/n45_rct4
# code=cMcQTFJRWBaKN08AG4cARZbCe3XKNEP1gIb391SEgVd5D0iVd5D2UGhZf7Q2hJULOBf4W79HY6eSYaiLO8XCHPTFI6M
0 22
0 38
1 26
1 29
2 15
2 19
3 27
3 32
4 11
4 36
5 20
5 23
6 0
6 8
7 10
7 16
8 4
8 38
9 10
9 27
10 35
10 37
11 12
11 40
12 3
12 33
13 20
13 23
14 14
14 25
15 1
15 42
16 18
16 37
17 3
17 9
18 1
18 28
19 14
19 42
20 31
20 39
21 5
21 13
22 0
22 44
23 31
23 39
24 5
24 13
25 2
25 30
26 16
26 43
27 35
27 41
28 7
28 26
29 2
29 43
30 19
30 30
31 21
31 24
32 11
32 41
33 4
33 32
34 7
34 9
35 17
35 34
36 6
36 40
37 28
37 34
38 36
38 44
39 21
39 24
40 8
40 33
41 12
41 17
42 25
42 29
43 15
43 18
44 6
44 22

# solution 68
# n=45 sym=rct4 status=verified source=flammenkamp_cache/n45_rct4
# code=cCQ1ZQRCSJOTY7R9cAE1b5aGLfiEOVa5L3X2602Me4DTXJPBFVe4MgicgBfNd8DKU03NS8d7hUY6ZHbAFKPGWHI9hIW
0 12
0 26
1 1
1 35
2 26
2 27
3 12
3 28
4 19
4 24
5 29
5 34
6 7
6 27
7 9
7 38
8 10
8 14
9 1
9 37
10 5
10 36
11 16
11 21
12 41
12 44
13 14
13 24
14 31
14 36
15 5
15 21
16 3
16 33
17 2
17 6
18 0
18 2
19 22
19 40
20 4
20 13
21 29
21 33
22 19
22 25
23 11
23 15
24 31
24 40
25 4
25 22
26 42
26 44
27 38
27 42
28 11
28 41
29 23
29 39
30 8
30 13
31 20
31 30
32 0
32 3
33 23
33 28
34 8
34 39
35 7
35 43
36 30
36 34
37 6
37 35
38 17
38 37
39 10
39 15
40 20
40 25
41 16
41 32
42 17
42 18
43 9
43 43
44 18
44 32

# solution 69
# n=45 sym=rct4 status=verified source=flammenkamp_cache/n45_rct4
# code=cAN6LRSWc9CFU3hJKAJVeaiIV3e9B5IFd2M2KUXabRb0hGS1i7H78BEOgMg5TQdXZ4fDQ084DPYOP1fETWZ6CGHNcLY
0 10
0 23
1 6
1 21
2 27
2 28
3 32
3 38
4 9
4 12
5 15
5 30
6 3
6 43
7 19
7 20
8 10
8 19
9 31
9 40
10 36
10 44
11 18
11 31
12 3
12 40
13 9
13 11
14 5
14 18
15 15
15 39
16 2
16 22
17 2
17 20
18 30
18 33
19 36
19 37
20 27
20 37
21 0
21 43
22 16
22 28
23 1
23 44
24 7
24 17
25 7
25 8
26 11
26 14
27 24
27 42
28 22
28 42
29 5
29 29
30 26
30 39
31 33
31 35
32 4
32 41
33 13
33 26
34 0
34 8
35 4
35 13
36 25
36 34
37 24
37 25
38 1
38 41
39 14
39 29
40 32
40 35
41 6
41 12
42 16
42 17
43 23
43 38
44 21
44 34

# solution 70
# n=45 sym=rct4 status=verified source=flammenkamp_cache/n45_rct4
# code=c8KGLDW3R9AKRTXELQiYe9e6U2JTgBb6DJh358MSWdibhIQ1705CGMadf1PVc7X2FPgEc4Z4A0INUBFHOYZHfCVNSOa
0 8
0 20
1 16
1 21
2 13
2 32
3 3
3 27
4 9
4 10
5 20
5 27
6 29
6 33
7 14
7 21
8 26
8 44
9 34
9 40
10 9
10 40
11 6
11 30
12 2
12 19
13 29
13 42
14 11
14 37
15 6
15 13
16 19
16 43
17 3
17 5
18 8
18 22
19 28
19 32
20 39
20 44
21 37
21 43
22 18
22 26
23 1
23 7
24 0
24 5
25 12
25 16
26 22
26 36
27 39
27 41
28 1
28 25
29 31
29 38
30 7
30 33
31 2
31 15
32 25
32 42
33 14
33 38
34 4
34 35
35 4
35 10
36 0
36 18
37 23
37 30
38 11
38 15
39 17
39 24
40 34
40 35
41 17
41 41
42 12
42 31
43 23
43 28
44 24
44 36

# solution 71
# n=45 sym=rct4 status=verified source=flammenkamp_cache/n45_rct4
# code=cOQGL9DWXLcEG4A7VTXPgKc383T7gId8CdhJM0U9R0YehHR14AiHZEiMP15Wa5Q2bFfaf6O2JBFDbYeSU6NBCVZNSIK
0 24
0 26
1 16
1 21
2 9
2 13
3 32
3 33
4 21
4 38
5 14
5 16
6 4
6 10
7 7
7 31
8 29
8 33
9 25
9 42
10 20
10 38
11 3
11 8
12 3
12 29
13 7
13 42
14 18
14 39
15 8
15 12
16 39
16 43
17 19
17 22
18 0
18 30
19 9
19 27
20 0
20 34
21 40
21 43
22 17
22 27
23 1
23 4
24 10
24 44
25 17
25 35
26 14
26 44
27 22
27 25
28 1
28 5
29 32
29 36
30 5
30 26
31 2
31 37
32 15
32 41
33 36
33 41
34 6
34 24
35 2
35 19
36 11
36 15
37 13
37 37
38 34
38 40
39 28
39 30
40 6
40 23
41 11
41 12
42 31
42 35
43 23
43 28
44 18
44 20

# solution 72
# n=45 sym=rct4 status=verified source=flammenkamp_cache/n45_rct4
# code=cIK8VFL8R5IGeCZTZfh67JUOUMc1JAB7gHd3SeiVYBiLgCW2N0XAD04Gf5R2bXYPh6MEKEPbc139F9W4SQdHaNTDaOQ
0 18
0 20
1 8
1 31
2 15
2 21
3 8
3 27
4 5
4 18
5 16
5 40
6 12
6 35
7 29
7 35
8 41
8 43
9 6
9 7
10 19
10 30
11 24
11 30
12 22
12 38
13 1
13 19
14 10
14 11
15 7
15 42
16 17
16 39
17 3
17 28
18 40
18 44
19 31
19 34
20 11
20 44
21 21
21 42
22 12
22 32
23 2
23 23
24 0
24 33
25 10
25 13
26 0
26 4
27 16
27 41
28 5
28 27
29 2
29 37
30 33
30 34
31 25
31 43
32 6
32 22
33 14
33 20
34 14
34 25
35 37
35 38
36 1
36 3
37 9
37 15
38 9
38 32
39 4
39 28
40 26
40 39
41 17
41 36
42 23
42 29
43 13
43 36
44 24
44 26

# solution 73
# n=45 sym=rct4 status=verified source=flammenkamp_cache/n45_rct4
# code=cIUBHMV6aJY5RTfUa37IK4WShAK2N076GBT5hZiLeWZDP2gJV9C4N091dFXScbiLgOY1GCeOQbf8E3FHdAP8cDMRXEQ
0 18
0 30
1 11
1 17
2 22
2 31
3 6
3 36
4 19
4 34
5 5
5 27
6 29
6 41
7 30
7 36
8 3
8 7
9 18
9 20
10 4
10 32
11 28
11 43
12 10
12 20
13 2
13 23
14 0
14 7
15 6
15 16
16 11
16 29
17 5
17 43
18 35
18 44
19 21
19 40
20 32
20 35
21 13
21 25
22 2
22 42
23 19
23 31
24 9
24 12
25 4
25 23
26 0
26 9
27 1
27 39
28 15
28 33
29 28
29 38
30 37
30 44
31 21
31 42
32 24
32 34
33 1
33 16
34 12
34 40
35 24
35 26
36 37
36 41
37 8
37 14
38 3
38 15
39 17
39 39
40 10
40 25
41 8
41 38
42 13
42 22
43 27
43 33
44 14
44 26

# solution 74
# n=45 sym=rct4 status=verified source=flammenkamp_cache/n45_rct4
# code=c7LKSMYJTFI6EXdKi8WUX2H698NJR9d3e1IDYSeVfbhCi2g0W173D4GAVQh4f5ZHPLaZcRgBECa0O5BUcQTFPAMGONb
0 7
0 21
1 20
1 28
2 22
2 34
3 19
3 29
4 15
4 18
5 6
5 14
6 33
6 39
7 20
7 44
8 8
8 32
9 30
9 33
10 2
10 17
11 6
11 9
12 8
12 23
13 19
13 27
14 9
14 39
15 3
15 40
16 1
16 18
17 13
17 34
18 28
18 40
19 31
19 41
20 37
20 43
21 12
21 44
22 2
22 42
23 0
23 32
24 1
24 7
25 3
25 13
26 4
26 16
27 10
27 31
28 26
28 43
29 4
29 41
30 5
30 35
31 17
31 25
32 21
32 36
33 35
33 38
34 27
34 42
35 11
35 14
36 12
36 36
37 0
37 24
38 5
38 11
39 30
39 38
40 26
40 29
41 15
41 25
42 10
42 22
43 16
43 24
44 23
44 37

# solution 75
# n=45 sym=rct4 status=verified source=flammenkamp_cache/n45_rct4
# code=c7LKSMYJTFI6EXdKi8CUX2H69NaJR9d3e1IDYSeVfbhCi2g0W173D4GAVQh4f5ZHP8LZcRgBEWa0O5BUcQTFPAMGONb
0 7
0 21
1 20
1 28
2 22
2 34
3 19
3 29
4 15
4 18
5 6
5 14
6 33
6 39
7 20
7 44
8 8
8 12
9 30
9 33
10 2
10 17
11 6
11 9
12 23
12 36
13 19
13 27
14 9
14 39
15 3
15 40
16 1
16 18
17 13
17 34
18 28
18 40
19 31
19 41
20 37
20 43
21 12
21 44
22 2
22 42
23 0
23 32
24 1
24 7
25 3
25 13
26 4
26 16
27 10
27 31
28 26
28 43
29 4
29 41
30 5
30 35
31 17
31 25
32 8
32 21
33 35
33 38
34 27
34 42
35 11
35 14
36 32
36 36
37 0
37 24
38 5
38 11
39 30
39 38
40 26
40 29
41 15
41 25
42 10
42 22
43 16
43 24
44 23
44 37

# solution 76
# n=45 sym=rct4 status=verified source=flammenkamp_cache/n45_rct4
# code=cGM1K8BRT9XJVNRKWQgYe9N4g7E5GQW3JVi368ETdbh6A0iYc175FUacf0DPfCISdUb2eLZ4A2ICOHLDPBZFHXaOhMS
0 16
0 22
1 1
1 20
2 8
2 11
3 27
3 29
4 9
4 33
5 19
5 31
6 23
6 27
7 20
7 32
8 26
8 42
9 34
9 40
10 9
10 23
11 4
11 42
12 7
12 14
13 5
13 16
14 26
14 32
15 3
15 19
16 31
16 44
17 3
17 6
18 8
18 14
19 29
19 39
20 37
20 43
21 6
21 10
22 0
22 44
23 34
23 38
24 1
24 7
25 5
25 15
26 30
26 36
27 38
27 41
28 0
28 13
29 25
29 41
30 12
30 18
31 28
31 39
32 30
32 37
33 2
33 40
34 21
34 35
35 4
35 10
36 2
36 18
37 12
37 24
38 17
38 21
39 13
39 25
40 11
40 35
41 15
41 17
42 33
42 36
43 24
43 43
44 22
44 28

# solution 77
# n=45 sym=rct4 status=verified source=flammenkamp_cache/n45_rct4
# code=c0PPfGO1bHXERYa3V6GEO6B4YMV7CZdILag5eLT0129QTCWFIZghiFN4d28NQ59WbDMAeXcKUScDf8AHUBR7hKS3JJi
0 0
0 25
1 25
1 41
2 16
2 24
3 1
3 37
4 17
4 33
5 14
5 27
6 34
6 36
7 3
7 31
8 6
8 16
9 14
9 24
10 6
10 11
11 4
11 34
12 22
12 31
13 7
13 12
14 35
14 39
15 18
15 21
16 36
16 42
17 5
17 40
18 21
18 29
19 0
19 1
20 2
20 9
21 26
21 29
22 12
22 32
23 15
23 18
24 35
24 42
25 43
25 44
26 15
26 23
27 4
27 39
28 2
28 8
29 23
29 26
30 5
30 9
31 32
31 37
32 13
32 22
33 10
33 40
34 33
34 38
35 20
35 30
36 28
36 38
37 13
37 41
38 8
38 10
39 17
39 30
40 11
40 27
41 7
41 43
42 20
42 28
43 3
43 19
44 19
44 44

# solution 78
# n=45 sym=rct4 status=verified source=flammenkamp_cache/n45_rct4
# code=cAR1MFU7ASULXKZLfPS6Vfi5QHV9C24Ig480WBT8KPcbd1h576JOaFXCiae2QegWZDRId03DcGJ3N9OBNEGYbETMhHY
0 10
0 27
1 1
1 22
2 15
2 30
3 7
3 10
4 28
4 30
5 21
5 33
6 20
6 35
7 21
7 41
8 25
8 28
9 6
9 31
10 41
10 44
11 5
11 26
12 17
12 31
13 9
13 12
14 2
14 4
15 18
15 42
16 4
16 8
17 0
17 32
18 11
18 29
19 8
19 20
20 25
20 38
21 37
21 39
22 1
22 43
23 5
23 7
24 6
24 19
25 24
25 36
26 15
26 33
27 12
27 44
28 36
28 40
29 2
29 26
30 40
30 42
31 32
31 35
32 13
32 27
33 18
33 39
34 0
34 3
35 13
35 38
36 16
36 19
37 3
37 23
38 9
38 24
39 11
39 23
40 14
40 16
41 34
41 37
42 14
42 29
43 22
43 43
44 17
44 34

# solution 79
# n=45 sym=rct4 status=verified source=flammenkamp_cache/n45_rct4
# code=cHb1CSUMQPYFUBC0a7OBD4QZcchNZ25Kd2HSi3A4L8TDP3fJVFaNeYf0GRg5Odg9L1669IeVXKb8iWXETAJIMEGWh7R
0 17
0 37
1 1
1 12
2 28
2 30
3 22
3 26
4 25
4 34
5 15
5 30
6 11
6 12
7 0
7 36
8 7
8 24
9 11
9 13
10 4
10 26
11 35
11 38
12 38
12 43
13 23
13 35
14 2
14 5
15 20
15 39
16 2
16 17
17 28
17 44
18 3
18 10
19 4
19 21
20 8
20 29
21 13
21 25
22 3
22 41
23 19
23 31
24 15
24 36
25 23
25 40
26 34
26 41
27 0
27 16
28 27
28 42
29 5
29 24
30 39
30 42
31 9
31 21
32 1
32 6
33 6
33 9
34 18
34 40
35 31
35 33
36 20
36 37
37 8
37 44
38 32
38 33
39 14
39 29
40 10
40 19
41 18
41 22
42 14
42 16
43 32
43 43
44 7
44 27

# solution 80
# n=45 sym=rct4 status=verified source=flammenkamp_cache/n45_rct4
# code=cCUKP8UPYFI9QVZMYRg6d37CGXi6L02KeHX8S5e13ThLV7bDN1Ffh4dGaBR4OgiNc0BSWbf5c2HAM9DIZQTAJEaJOEW
0 12
0 30
1 20
1 25
2 8
2 30
3 25
3 34
4 15
4 18
5 9
5 26
6 31
6 35
7 22
7 34
8 27
8 42
9 6
9 39
10 3
10 7
11 12
11 16
12 33
12 44
13 6
13 21
14 0
14 2
15 20
15 40
16 17
16 33
17 8
17 28
18 5
18 40
19 1
19 3
20 29
20 43
21 21
21 31
22 7
22 37
23 13
23 23
24 1
24 15
25 41
25 43
26 4
26 39
27 16
27 36
28 11
28 27
29 4
29 24
30 42
30 44
31 23
31 38
32 0
32 11
33 28
33 32
34 37
34 41
35 5
35 38
36 2
36 17
37 10
37 22
38 9
38 13
39 18
39 35
40 26
40 29
41 10
41 19
42 14
42 36
43 19
43 24
44 14
44 32

# solution 81
# n=45 sym=rct4 status=verified source=flammenkamp_cache/n45_rct4
# code=cLSVW5KBZIPXg6KCE9R3aFP5f1b1LHbGY0T8UMe4AcgViIQ0D26Ye4MEaFiAS7RNh7h3dJT8fHZUWOc2BJQ9XOdCDGN
0 21
0 28
1 31
1 32
2 5
2 20
3 11
3 35
4 18
4 25
5 33
5 42
6 6
6 20
7 12
7 14
8 9
8 27
9 3
9 36
10 15
10 25
11 5
11 41
12 1
12 37
13 1
13 21
14 17
14 37
15 16
15 34
16 0
16 29
17 8
17 30
18 22
18 40
19 4
19 10
20 38
20 42
21 31
21 44
22 18
22 26
23 0
23 13
24 2
24 6
25 34
25 40
26 4
26 22
27 14
27 36
28 15
28 44
29 10
29 28
30 7
30 27
31 23
31 43
32 7
32 43
33 3
33 39
34 19
34 29
35 8
35 41
36 17
36 35
37 30
37 32
38 24
38 38
39 2
39 11
40 19
40 26
41 9
41 33
42 24
42 39
43 12
43 13
44 16
44 23

# solution 82
# n=45 sym=rct4 status=verified source=flammenkamp_cache/n45_rct4
# code=cFKRYQSKbVY5R9D3U9Lac14JSEM4c7WIi2B152TLXfiPaCW8J03BNFgdhXg0QCb6eMUGPeh68NZEfVZHdAD7OGIAHOT
0 15
0 20
1 27
1 34
2 26
2 28
3 20
3 37
4 31
4 34
5 5
5 27
6 9
6 13
7 3
7 30
8 9
8 21
9 36
9 38
10 1
10 4
11 19
11 28
12 14
12 22
13 4
13 38
14 7
14 32
15 18
15 44
16 2
16 11
17 1
17 5
18 2
18 29
19 21
19 33
20 41
20 44
21 25
21 36
22 12
22 32
23 8
23 19
24 0
24 3
25 11
25 23
26 15
26 42
27 39
27 43
28 33
28 42
29 0
29 26
30 12
30 37
31 6
31 40
32 22
32 30
33 16
33 25
34 40
34 43
35 6
35 8
36 23
36 35
37 14
37 41
38 31
38 35
39 17
39 39
40 10
40 13
41 7
41 24
42 16
42 18
43 10
43 17
44 24
44 29

# solution 83
# n=45 sym=rct4 status=verified source=flammenkamp_cache/n45_rct4
# code=cPWLOFVVaIOUX8W7A3cBPHb5Z06235NGgHTSYMe0914EhIQ1UehZi4MAGFR2SLdfgci9d7RJX6fYbCaBEKQ8DDTKNCJ
0 25
0 32
1 21
1 24
2 15
2 31
3 31
3 36
4 18
4 24
5 30
5 33
6 8
6 32
7 7
7 10
8 3
8 38
9 11
9 25
10 17
10 37
11 5
11 35
12 0
12 6
13 2
13 3
14 5
14 23
15 16
15 42
16 17
16 29
17 28
17 34
18 22
18 40
19 0
19 9
20 1
20 4
21 14
21 43
22 18
22 26
23 1
23 30
24 40
24 43
25 35
25 44
26 4
26 22
27 10
27 16
28 15
28 27
29 2
29 28
30 21
30 39
31 41
31 42
32 38
32 44
33 9
33 39
34 7
34 27
35 19
35 33
36 6
36 41
37 34
37 37
38 12
38 36
39 11
39 14
40 20
40 26
41 8
41 13
42 13
42 29
43 20
43 23
44 12
44 19

# solution 84
# n=45 sym=rct4 status=verified source=flammenkamp_cache/n45_rct4
# code=cKTEQCKYe3Q9VLMPYBHBd37ZaCg5HPh0SFLVa147EgiSc6c6G02Ubeh8DNTGi1JRd2W89bf5XRXAJMNDZIf4AOWIUFO
0 20
0 29
1 14
1 26
2 12
2 20
3 34
3 40
4 3
4 26
5 9
5 31
6 21
6 22
7 25
7 34
8 11
8 17
9 11
9 39
10 3
10 7
11 35
11 36
12 12
12 42
13 5
13 17
14 25
14 43
15 0
15 28
16 15
16 21
17 31
17 36
18 1
18 4
19 7
19 14
20 42
20 44
21 28
21 38
22 6
22 38
23 6
23 16
24 0
24 2
25 30
25 37
26 40
26 43
27 8
27 13
28 23
28 29
29 16
29 44
30 1
30 19
31 27
31 39
32 2
32 32
33 8
33 9
34 37
34 41
35 5
35 33
36 27
36 33
37 10
37 19
38 22
38 23
39 13
39 35
40 18
40 41
41 4
41 10
42 24
42 32
43 18
43 30
44 15
44 24

# solution 85
# n=45 sym=rct4 status=verified source=flammenkamp_cache/n45_rct4
# code=cPVLWEKQZGb9NEX4YGM3d7T6C1X0KcgAPaeHI3R0FVg5h8a1d2DTiHfQR48JY26OiBhWcFb5fMSAeBULZ7S9IOUCNDJ
0 25
0 31
1 21
1 32
2 14
2 20
3 26
3 35
4 16
4 37
5 9
5 23
6 14
6 33
7 4
7 34
8 16
8 22
9 3
9 39
10 7
10 29
11 6
11 12
12 1
12 33
13 0
13 20
14 38
14 42
15 10
15 25
16 36
16 40
17 17
17 18
18 3
18 27
19 0
19 15
20 31
20 42
21 5
21 43
22 8
22 36
23 1
23 39
24 2
24 13
25 29
25 44
26 17
26 41
27 26
27 27
28 4
28 8
29 19
29 34
30 2
30 6
31 24
31 44
32 11
32 43
33 32
33 38
34 15
34 37
35 5
35 41
36 22
36 28
37 10
37 40
38 11
38 30
39 21
39 35
40 7
40 28
41 9
41 18
42 24
42 30
43 12
43 23
44 13
44 19

# solution 86
# n=45 sym=rct4 status=verified source=flammenkamp_cache/n45_rct4
# code=cPRGLBbFRWZDJ8V2K8c4KCGUg4Y6dBNIfYh03MT0dZbEhIQ1U795iFMfi1A3QLX5cAe2ESWOe6aOgDaPV9CHT7XNSHJ
0 25
0 27
1 16
1 21
2 11
2 37
3 15
3 27
4 32
4 35
5 13
5 19
6 8
6 31
7 2
7 20
8 8
8 38
9 4
9 20
10 12
10 16
11 30
11 42
12 4
12 34
13 6
13 39
14 11
14 23
15 18
15 41
16 34
16 43
17 0
17 3
18 22
18 29
19 0
19 39
20 35
20 37
21 14
21 43
22 18
22 26
23 1
23 30
24 7
24 9
25 5
25 44
26 15
26 22
27 41
27 44
28 1
28 10
29 3
29 26
30 21
30 33
31 5
31 38
32 10
32 40
33 2
33 14
34 28
34 32
35 24
35 40
36 6
36 36
37 24
37 42
38 13
38 36
39 25
39 31
40 9
40 12
41 17
41 29
42 7
42 33
43 23
43 28
44 17
44 19

# solution 87
# n=45 sym=rct4 status=verified source=flammenkamp_cache/n45_rct4
# code=cFSBWKUMY8F5RLW8BbeEQ3Vbh16AL2Zei0P5J9KGRQgVc3f6D2IHSOZPdJi049gNYch17DfIU47XaCNHdTaAMEOCXGT
0 15
0 28
1 11
1 32
2 20
2 30
3 22
3 34
4 8
4 15
5 5
5 27
6 21
6 32
7 8
7 11
8 37
8 40
9 14
9 26
10 3
10 31
11 37
11 43
12 1
12 6
13 10
13 21
14 2
14 35
15 40
15 44
16 0
16 25
17 5
17 19
18 9
18 20
19 16
19 27
20 26
20 42
21 31
21 38
22 3
22 41
23 6
23 13
24 2
24 18
25 17
25 28
26 24
26 35
27 25
27 39
28 19
28 44
29 0
29 4
30 9
30 42
31 23
31 34
32 38
32 43
33 1
33 7
34 13
34 41
35 18
35 30
36 4
36 7
37 33
37 36
38 12
38 23
39 17
39 39
40 29
40 36
41 10
41 22
42 14
42 24
43 12
43 33
44 16
44 29

# solution 88
# n=45 sym=rct4 status=verified source=flammenkamp_cache/n45_rct4
# code=cCK8ALS3XDPXaGKEF5hJY9h35ViCeQbQb2cLMEF4ZciRgHR2H069eTUMN6g7I7I4W0Ddf1ZAP1dTUOS8BJVBfGNYaOW
0 12
0 20
1 8
1 10
2 21
2 28
3 3
3 33
4 13
4 25
5 33
5 36
6 16
6 20
7 14
7 15
8 5
8 43
9 19
9 34
10 9
10 43
11 3
11 5
12 31
12 44
13 12
13 40
14 26
14 37
15 26
15 37
16 2
16 38
17 21
17 22
18 14
18 15
19 4
19 35
20 38
20 44
21 27
21 42
22 17
22 27
23 2
23 17
24 0
24 6
25 9
25 40
26 29
26 30
27 22
27 23
28 6
28 42
29 7
29 18
30 7
30 18
31 4
31 32
32 0
32 13
33 39
33 41
34 1
34 35
35 10
35 25
36 1
36 39
37 29
37 30
38 24
38 28
39 8
39 11
40 19
40 31
41 11
41 41
42 16
42 23
43 34
43 36
44 24
44 32

# solution 89
# n=45 sym=rct4 status=verified source=flammenkamp_cache/n45_rct4
# code=c9NJWCE3NXZOY8YFQOc4i564P1gFGRgVbMVEI7RBh5803GSfiad1XHbQUDM7D2HST2hJecd0e6KITAaAK9BLfUWCPLZ
0 9
0 23
1 19
1 32
2 12
2 14
3 3
3 23
4 33
4 35
5 24
5 34
6 8
6 34
7 15
7 26
8 24
8 38
9 4
9 44
10 5
10 6
11 4
11 25
12 1
12 42
13 15
13 16
14 27
14 42
15 31
15 37
16 22
16 31
17 14
17 18
18 7
18 27
19 11
19 43
20 5
20 8
21 0
21 3
22 16
22 28
23 41
23 44
24 36
24 39
25 1
25 33
26 17
26 37
27 26
27 30
28 13
28 22
29 7
29 13
30 2
30 17
31 28
31 29
32 2
32 43
33 19
33 40
34 38
34 39
35 0
35 40
36 6
36 20
37 18
37 29
38 10
38 36
39 10
39 20
40 9
40 11
41 21
41 41
42 30
42 32
43 12
43 25
44 21
44 35

# solution 90
# n=45 sym=rct4 status=verified source=flammenkamp_cache/n45_rct4
# code=c4O8WHdOTMi2ADG7VNhITBdJY1L7cGQ39UcJgEZRX038W4eCafiBH9U2P6EZfIS6bNhAP5XFQ1LDbSVYg0MFK5RCaKe
0 4
0 24
1 8
1 32
2 17
2 39
3 24
3 29
4 22
4 44
5 2
5 10
6 13
6 16
7 7
7 31
8 23
8 43
9 18
9 29
10 11
10 39
11 19
11 34
12 1
12 21
13 7
13 38
14 16
14 26
15 3
15 9
16 30
16 38
17 19
17 42
18 14
18 35
19 27
19 33
20 0
20 3
21 8
21 32
22 4
22 40
23 12
23 36
24 41
24 44
25 11
25 17
26 9
26 30
27 2
27 25
28 6
28 14
29 35
29 41
30 18
30 28
31 6
31 37
32 23
32 43
33 10
33 25
34 5
34 33
35 15
35 26
36 1
36 21
37 13
37 37
38 28
38 31
39 34
39 42
40 0
40 22
41 15
41 20
42 5
42 27
43 12
43 36
44 20
44 40

# solution 91
# n=45 sym=rct4 status=verified source=flammenkamp_cache/n45_rct4
# code=cQU8LNU5FQbZfDJ4RDh5KJXAKFGac02WfMW7H04YcXZ2hGS1g9B6AeiRbCM3Cgi68STOYBPOd1VHePV397ITdELNaEI
0 26
0 30
1 8
1 21
2 23
2 30
3 5
3 15
4 26
4 37
5 35
5 41
6 13
6 19
7 4
7 27
8 13
8 43
9 5
9 20
10 19
10 33
11 10
11 20
12 15
12 16
13 36
13 38
14 0
14 2
15 32
15 41
16 22
16 32
17 7
17 17
18 0
18 4
19 34
19 38
20 33
20 35
21 2
21 43
22 16
22 28
23 1
23 42
24 9
24 11
25 6
25 10
26 40
26 44
27 27
27 37
28 12
28 22
29 3
29 12
30 42
30 44
31 6
31 8
32 28
32 29
33 24
33 34
34 11
34 25
35 24
35 39
36 1
36 31
37 17
37 40
38 25
38 31
39 3
39 9
40 7
40 18
41 29
41 39
42 14
42 21
43 23
43 36
44 14
44 18

# solution 92
# n=45 sym=rct4 status=verified source=flammenkamp_cache/n45_rct4
# code=cJYDKOeRV2B6UId7AUWHI0bMe8T3h58CGLT3ZZcLi2hPSBXGJ1g0N699fFNSWad1fFa4M7iQRCEYb5QEcXgDH4KOVAP
0 19
0 34
1 13
1 20
2 24
2 40
3 27
3 31
4 2
4 11
5 6
5 30
6 18
6 39
7 7
7 10
8 30
8 32
9 17
9 18
10 0
10 37
11 22
11 40
12 8
12 29
13 3
13 43
14 5
14 8
15 12
15 16
16 21
16 29
17 3
17 35
18 35
18 38
19 21
19 44
20 2
20 43
21 25
21 28
22 11
22 33
23 16
23 19
24 1
24 42
25 0
25 23
26 6
26 9
27 9
27 41
28 15
28 23
29 28
29 32
30 36
30 39
31 1
31 41
32 15
32 36
33 4
33 22
34 7
34 44
35 26
35 27
36 12
36 14
37 34
37 37
38 5
38 26
39 14
39 38
40 33
40 42
41 13
41 17
42 4
42 20
43 24
43 31
44 10
44 25

# solution 93
# n=45 sym=rct4 status=verified source=flammenkamp_cache/n45_rct4
# code=c8OJN2WOUFJ7CAGZdXi7LFc8U2dIR3BYeMcDIRVeh031ZGS9hfi14DHQV6M4AXfHQ5gEa6TNb0B59SYWbPTEKCgLPKa
0 8
0 24
1 19
1 23
2 2
2 32
3 24
3 30
4 15
4 19
5 7
5 12
6 10
6 16
7 35
7 39
8 33
8 44
9 7
9 21
10 15
10 38
11 8
11 30
12 2
12 39
13 18
13 27
14 3
14 11
15 34
15 40
16 22
16 38
17 13
17 18
18 27
18 31
19 40
19 43
20 0
20 3
21 1
21 35
22 16
22 28
23 9
23 43
24 41
24 44
25 1
25 4
26 13
26 17
27 26
27 31
28 6
28 22
29 4
29 10
30 33
30 41
31 17
31 26
32 5
32 42
33 14
33 36
34 6
34 29
35 23
35 37
36 0
36 11
37 5
37 9
38 28
38 34
39 32
39 37
40 25
40 29
41 14
41 20
42 12
42 42
43 21
43 25
44 20
44 36

# solution 94
# n=45 sym=rct4 status=verified source=flammenkamp_cache/n45_rct4
# code=c2IJQTiJR78BH6AMeVeAGZcNdNV8CKS2KEZ3d1ifhTUBC7bWXEF130h5f9UOgGOWaDL5L69SY4D4MYcRXabHP0FIPQg
0 2
0 18
1 19
1 26
2 29
2 44
3 19
3 27
4 7
4 8
5 11
5 17
6 6
6 10
7 22
7 40
8 31
8 40
9 10
9 16
10 35
10 38
11 23
11 39
12 23
12 31
13 8
13 12
14 20
14 28
15 2
15 20
16 14
16 35
17 3
17 39
18 1
18 44
19 41
19 43
20 29
20 30
21 11
21 12
22 7
22 37
23 32
23 33
24 14
24 15
25 1
25 3
26 0
26 43
27 5
27 41
28 9
28 30
29 24
29 42
30 16
30 24
31 32
31 36
32 13
32 21
33 5
33 21
34 6
34 9
35 28
35 34
36 4
36 13
37 4
37 22
38 34
38 38
39 27
39 33
40 36
40 37
41 17
41 25
42 0
42 15
43 18
43 25
44 26
44 42

# solution 95
# n=45 sym=rct4 status=verified source=flammenkamp_cache/n45_rct4
# code=c5OVWJf2GCHOiQY7DMYJS68FH1e1bFNUX9fXe6LZg05EQ8aIUdi29Nc4B3ZBELT7h4hRTacGPAMVbAI0KRWSg3PCDKd
0 5
0 24
1 31
1 32
2 19
2 41
3 2
3 16
4 12
4 17
5 24
5 44
6 26
6 34
7 7
7 13
8 22
8 34
9 19
9 28
10 6
10 8
11 15
11 17
12 1
12 40
13 1
13 37
14 15
14 23
15 30
15 33
16 9
16 41
17 33
17 40
18 6
18 21
19 35
19 42
20 0
20 5
21 14
21 26
22 8
22 36
23 18
23 30
24 39
24 44
25 2
25 9
26 23
26 38
27 4
27 11
28 3
28 35
29 11
29 14
30 21
30 29
31 7
31 43
32 4
32 43
33 27
33 29
34 36
34 38
35 16
35 25
36 10
36 22
37 31
37 37
38 10
38 18
39 0
39 20
40 27
40 32
41 28
41 42
42 3
42 25
43 12
43 13
44 20
44 39

# solution 96
# n=45 sym=rct4 status=verified source=flammenkamp_cache/n45_rct4
# code=cJQAEMTBV8AWa7WNc5eILehGf563TPh2DRXGK0ZEiKR7Z2g9bHO0U9iOSBHVg1JFfcd3S14NQ4d6LCb8CYaDXFMUYIP
0 19
0 26
1 10
1 14
2 22
2 29
3 11
3 31
4 8
4 10
5 32
5 36
6 7
6 32
7 23
7 38
8 5
8 40
9 18
9 21
10 40
10 43
11 16
11 41
12 5
12 6
13 3
13 29
14 25
14 43
15 2
15 13
16 27
16 33
17 16
17 20
18 0
18 35
19 14
19 44
20 20
20 27
21 7
21 35
22 2
22 42
23 9
23 37
24 17
24 24
25 0
25 30
26 9
26 44
27 24
27 28
28 11
28 17
29 31
29 42
30 1
30 19
31 15
31 41
32 38
32 39
33 3
33 28
34 1
34 4
35 23
35 26
36 4
36 39
37 6
37 21
38 12
38 37
39 8
39 12
40 34
40 36
41 13
41 33
42 15
42 22
43 30
43 34
44 18
44 25

# solution 97
# n=45 sym=rct4 status=verified source=flammenkamp_cache/n45_rct4
# code=cGJOa2ODRFZFLHWAB1Z48CbQb6YJfGMdeUi3cBLVi12QdEU5Igh0DNX6f0E45MS3PAc7I7Wae9hXYCRNT9THVKg8KPS
0 16
0 19
1 24
1 36
2 2
2 24
3 13
3 27
4 15
4 35
5 15
5 21
6 17
6 32
7 10
7 11
8 1
8 35
9 4
9 8
10 12
10 37
11 26
11 37
12 6
12 34
13 19
13 41
14 16
14 22
15 39
15 40
16 30
16 44
17 3
17 38
18 11
18 21
19 31
19 44
20 1
20 2
21 26
21 39
22 14
22 30
23 5
23 18
24 42
24 43
25 0
25 13
26 23
26 33
27 6
27 41
28 0
28 14
29 4
29 5
30 22
30 28
31 3
31 25
32 10
32 38
33 7
33 18
34 7
34 32
35 36
35 40
36 9
36 43
37 33
37 34
38 12
38 27
39 23
39 29
40 9
40 29
41 17
41 31
42 20
42 42
43 8
43 20
44 25
44 28

# solution 98
# n=45 sym=rct4 status=verified source=flammenkamp_cache/n45_rct4
# code=cKMEPCTKc9d453AJYRTLe7cRVIgBUDh28IL8BSW1bfiSZ0i9G037hCGXaNQag1VEX2QDH6b4NFHAPYfde5Z6OFWJUMO
0 20
0 22
1 14
1 25
2 12
2 29
3 20
3 38
4 9
4 39
5 4
5 5
6 3
6 10
7 19
7 34
8 27
8 29
9 21
9 40
10 7
10 38
11 27
11 31
12 18
12 42
13 11
13 30
14 13
14 43
15 2
15 8
16 18
16 21
17 8
17 11
18 28
18 32
19 1
19 37
20 41
20 44
21 28
21 35
22 0
22 44
23 9
23 16
24 0
24 3
25 7
25 43
26 12
26 16
27 33
27 36
28 23
28 26
29 36
29 42
30 1
30 31
31 14
31 33
32 2
32 26
33 13
33 17
34 6
34 37
35 4
35 23
36 15
36 17
37 10
37 25
38 34
38 41
39 39
39 40
40 5
40 35
41 6
41 24
42 15
42 32
43 19
43 30
44 22
44 24

# solution 99
# n=45 sym=rct4 status=verified source=flammenkamp_cache/n45_rct4
# code=cEKXa4J7Sag5FCDMf14QUQV1HLcAc9iSd3FPX9AHgLiOW7bCK0N2RYZBJTf5G0Z6Y6NRhDIEIeh3MVWTd28GbPe8BOU
0 14
0 20
1 33
1 36
2 4
2 19
3 7
3 28
4 36
4 42
5 5
5 15
6 12
6 13
7 22
7 41
8 1
8 4
9 26
9 30
10 26
10 31
11 1
11 17
12 21
12 38
13 10
13 38
14 9
14 44
15 28
15 39
16 3
16 15
17 25
17 33
18 9
18 10
19 17
19 42
20 21
20 44
21 24
21 32
22 7
22 37
23 12
23 20
24 0
24 23
25 2
25 27
26 34
26 35
27 11
27 19
28 29
28 41
29 5
29 16
30 0
30 35
31 6
31 34
32 6
32 23
33 27
33 43
34 13
34 18
35 14
35 18
36 40
36 43
37 3
37 22
38 31
38 32
39 29
39 39
40 2
40 8
41 16
41 37
42 25
42 40
43 8
43 11
44 24
44 30

# solution 100
# n=45 sym=rct4 status=verified source=flammenkamp_cache/n45_rct4
# code=cQUIO9JBVZcJO4MAVBF4gNbafCU370CSaFHLS0hdg15AR6cHYdh251iGNRT8GWibfEW387L2eTXDYMeKP69DXPZKQEI
0 26
0 30
1 18
1 24
2 9
2 19
3 11
3 31
4 35
4 38
5 19
5 24
6 4
6 22
7 10
7 31
8 11
8 15
9 4
9 42
10 23
10 37
11 36
11 41
12 12
12 30
13 3
13 7
14 0
14 12
15 28
15 36
16 15
16 17
17 21
17 28
18 0
18 43
19 39
19 42
20 1
20 5
21 10
21 27
22 6
22 38
23 17
23 34
24 39
24 43
25 2
25 5
26 1
26 44
27 16
27 23
28 27
28 29
29 8
29 16
30 32
30 44
31 37
31 41
32 14
32 32
33 3
33 8
34 7
34 21
35 2
35 40
36 29
36 33
37 13
37 34
38 22
38 40
39 20
39 25
40 6
40 9
41 13
41 33
42 25
42 35
43 20
43 26
44 14
44 18

# solution 101
# n=45 sym=rct4 status=verified source=flammenkamp_cache/n45_rct4
# code=cOWEc2NEJVbAV1Q4KAMSWadFH0945fhLX9HSX6JQf0b2T8aFg7i3IPcBGRZBN13deZiRT58CGMYOeIhDY7DPULg6UCK
0 24
0 32
1 14
1 38
2 2
2 23
3 14
3 19
4 31
4 37
5 10
5 31
6 1
6 26
7 4
7 20
8 10
8 22
9 28
9 32
10 36
10 39
11 15
11 17
12 0
12 9
13 4
13 5
14 41
14 43
15 21
15 33
16 9
16 17
17 28
17 33
18 6
18 19
19 26
19 41
20 0
20 37
21 2
21 29
22 8
22 36
23 15
23 42
24 7
24 44
25 3
25 18
26 25
26 38
27 11
27 16
28 27
28 35
29 11
29 23
30 1
30 3
31 39
31 40
32 35
32 44
33 27
33 29
34 5
34 8
35 12
35 16
36 22
36 34
37 24
37 40
38 18
38 43
39 13
39 34
40 7
40 13
41 25
41 30
42 21
42 42
43 6
43 30
44 12
44 20

# solution 102
# n=45 sym=rct4 status=verified source=flammenkamp_cache/n45_rct4
# code=cKZGHKQLUBcDX4J8C8b0CFM5eZbLd3SJYEhIh2RTcgiVfAY3D026FHg1Q1UAPGf5N794dMTWi7aWaPeBV6XENIORS9O
0 20
0 35
1 16
1 17
2 20
2 26
3 21
3 30
4 11
4 38
5 13
5 33
6 4
6 19
7 8
7 12
8 8
8 37
9 0
9 12
10 15
10 22
11 5
11 40
12 35
12 37
13 21
13 39
14 3
14 28
15 19
15 34
16 14
16 43
17 18
17 43
18 2
18 27
19 29
19 38
20 42
20 44
21 31
21 41
22 10
22 34
23 3
23 13
24 0
24 2
25 6
25 15
26 17
26 42
27 1
27 26
28 1
28 30
29 10
29 25
30 16
30 41
31 5
31 23
32 7
32 9
33 4
33 39
34 22
34 29
35 32
35 44
36 7
36 36
37 32
37 36
38 25
38 40
39 11
39 31
40 6
40 33
41 14
41 23
42 18
42 24
43 27
43 28
44 9
44 24

# solution 103
# n=45 sym=rct4 status=verified source=flammenkamp_cache/n45_rct4
# code=cGLDFIMYaRT6UNdBY3C9R37PbEaSh5W4hDi49KgBKPQ6i2g0cIJOX2OZe0V1eCd1G8U7JbfHZWfAX5LEcFH8AMQTVNS
0 16
0 21
1 13
1 15
2 18
2 22
3 34
3 36
4 27
4 29
5 6
5 30
6 23
6 39
7 11
7 34
8 3
8 12
9 9
9 27
10 3
10 7
11 25
11 37
12 14
12 36
13 28
13 43
14 5
14 32
15 4
15 43
16 13
16 44
17 4
17 9
18 20
18 42
19 11
19 20
20 25
20 26
21 6
21 44
22 2
22 42
23 0
23 38
24 18
24 19
25 24
25 33
26 2
26 24
27 35
27 40
28 0
28 31
29 1
29 40
30 12
30 39
31 1
31 16
32 8
32 30
33 7
33 19
34 37
34 41
35 17
35 35
36 32
36 41
37 10
37 33
38 5
38 21
39 14
39 38
40 15
40 17
41 8
41 10
42 22
42 26
43 29
43 31
44 23
44 28

# solution 104
# n=45 sym=rct4 status=verified source=flammenkamp_cache/n45_rct4
# code=cEGNZ8IEQBRFZXb6OYg158M6eCTNRfiCdJi4D3gKS7P1DAYVhJbGO2fVe0P5W03HLFW4cMadh2AKc7B9THXIUQa9LSU
0 14
0 16
1 23
1 35
2 8
2 18
3 14
3 26
4 11
4 27
5 15
5 35
6 33
6 37
7 6
7 24
8 34
8 42
9 1
9 5
10 8
10 22
11 6
11 40
12 12
12 29
13 23
13 27
14 41
14 44
15 12
15 39
16 19
16 44
17 4
17 13
18 3
18 42
19 20
19 28
20 7
20 25
21 1
21 13
22 10
22 34
23 31
23 43
24 19
24 37
25 16
25 24
26 2
26 41
27 31
27 40
28 0
28 25
29 5
29 32
30 0
30 3
31 17
31 21
32 15
32 32
33 4
33 38
34 22
34 36
35 39
35 43
36 2
36 10
37 20
37 38
38 7
38 11
39 9
39 29
40 17
40 33
41 18
41 30
42 26
42 36
43 9
43 21
44 28
44 30

# solution 105
# n=45 sym=rct4 status=verified source=flammenkamp_cache/n45_rct4
# code=cAGNTJVTe3a5CBaMN46EQGiKcVd2CQZ13YiKP9EHgRX177bbhBH2RUZJO0Afh9IWg5D6O0SIUceLM8XWd8f4FDPFLSY
0 10
0 16
1 23
1 29
2 19
2 31
3 29
3 40
4 3
4 36
5 5
5 12
6 11
6 36
7 22
7 23
8 4
8 6
9 14
9 26
10 16
10 44
11 20
11 38
12 31
12 39
13 2
13 12
14 26
14 35
15 1
15 3
16 34
16 44
17 20
17 25
18 9
18 14
19 17
19 42
20 27
20 33
21 1
21 7
22 7
22 37
23 37
23 43
24 11
24 17
25 2
25 27
26 30
26 35
27 19
27 24
28 0
28 10
29 41
29 43
30 9
30 18
31 32
31 42
32 5
32 13
33 6
33 24
34 0
34 28
35 18
35 30
36 38
36 40
37 21
37 22
38 8
38 33
39 32
39 39
40 8
40 41
41 4
41 15
42 13
42 25
43 15
43 21
44 28
44 34

# solution 106
# n=45 sym=rct4 status=verified source=flammenkamp_cache/n45_rct4
# code=cALIRAVOP7XEGOW9e8CTbgi4N6a2SFd9UDd1MJh3Q36BiHR0XcfIf1PMh5VEZ5TGg8cLe027FWa4ZCKSUBbJKDYHQNY
0 10
0 21
1 18
1 27
2 10
2 31
3 24
3 25
4 7
4 33
5 14
5 16
6 24
6 32
7 9
7 40
8 8
8 12
9 29
9 37
10 42
10 44
11 4
11 23
12 6
12 36
13 2
13 28
14 15
14 39
15 9
15 30
16 13
16 39
17 1
17 22
18 19
18 43
19 3
19 26
20 3
20 6
21 11
21 44
22 17
22 27
23 0
23 33
24 38
24 41
25 18
25 41
26 1
26 25
27 22
27 43
28 5
28 31
29 14
29 35
30 5
30 29
31 16
31 42
32 8
32 38
33 21
33 40
34 0
34 2
35 7
35 15
36 32
36 36
37 4
37 35
38 12
38 20
39 28
39 30
40 11
40 37
41 19
41 20
42 13
42 34
43 17
43 26
44 23
44 34

# solution 107
# n=45 sym=rct4 status=verified source=flammenkamp_cache/n45_rct4.mvr
# code=mvr:0 0 0 32 1 20 1 23 2 10 2 25 3 23 3 25 4
0 0
0 32
1 20
1 23
2 10
2 25
3 23
3 25
4 15
4 30
5 29
5 36
6 36
6 37
7 6
7 22
8 5
8 6
9 16
9 26
10 16
10 42
11 17
11 32
12 0
12 11
13 20
13 27
14 4
14 26
15 5
15 40
16 34
16 35
17 13
17 33
18 9
18 14
19 2
19 3
20 31
20 43
21 1
21 3
22 7
22 37
23 41
23 43
24 1
24 13
25 41
25 42
26 30
26 35
27 11
27 31
28 9
28 10
29 4
29 39
30 18
30 40
31 17
31 24
32 33
32 44
33 12
33 27
34 2
34 28
35 18
35 28
36 38
36 39
37 22
37 38
38 7
38 8
39 8
39 15
40 14
40 29
41 19
41 21
42 19
42 34
43 21
43 24
44 12
44 44

# solution 108
# n=45 sym=rct4 status=verified source=flammenkamp_cache/n45_rct4.mvr
# code=mvr:0 23 0 31 1 12 1 23 2 8 2 20 3 16 3 31 4
0 23
0 31
1 12
1 23
2 8
2 20
3 16
3 31
4 16
4 25
5 12
5 30
6 6
6 11
7 26
7 35
8 22
8 42
9 7
9 17
10 11
10 15
11 34
11 38
12 39
12 43
13 0
13 3
14 5
14 20
15 27
15 34
16 40
16 41
17 15
17 35
18 7
18 19
19 4
19 26
20 30
20 42
21 0
21 1
22 8
22 36
23 43
23 44
24 2
24 14
25 18
25 40
26 25
26 37
27 9
27 29
28 3
28 4
29 10
29 17
30 24
30 39
31 41
31 44
32 1
32 5
33 6
33 10
34 29
34 33
35 27
35 37
36 2
36 22
37 9
37 18
38 33
38 38
39 14
39 32
40 19
40 28
41 13
41 28
42 24
42 36
43 21
43 32
44 13
44 21

# solution 109
# n=45 sym=rct4 status=verified source=flammenkamp_cache/n45_rct4.mvr
# code=mvr:0 0 0 14 1 19 1 23 2 23 2 33 3 11 3 35 4
0 0
0 14
1 19
1 23
2 23
2 33
3 11
3 35
4 16
4 29
5 26
5 38
6 5
6 13
7 24
7 36
8 7
8 31
9 3
9 27
10 12
10 29
11 2
11 41
12 22
12 34
13 8
13 38
14 26
14 44
15 4
15 10
16 19
16 40
17 9
17 24
18 5
18 14
19 28
19 43
20 7
20 17
21 1
21 2
22 12
22 32
23 42
23 43
24 27
24 37
25 1
25 16
26 30
26 39
27 20
27 35
28 4
28 25
29 34
29 40
30 0
30 18
31 6
31 36
32 10
32 22
33 3
33 42
34 15
34 32
35 17
35 41
36 13
36 37
37 8
37 20
38 31
38 39
39 6
39 18
40 15
40 28
41 9
41 33
42 11
42 21
43 21
43 25
44 30
44 44

# solution 110
# n=45 sym=rct4 status=verified source=flammenkamp_cache/n45_rct4.mvr
# code=mvr:0 23 0 27 1 6 1 12 2 2 2 15 3 23 3 27 4 
0 23
0 27
1 6
1 12
2 2
2 15
3 23
3 27
4 16
4 26
5 20
5 35
6 13
6 43
7 16
7 33
8 20
8 34
9 5
9 10
10 8
10 35
11 7
11 13
12 29
12 43
13 33
13 38
14 19
14 22
15 12
15 42
16 37
16 40
17 0
17 3
18 4
18 25
19 18
19 30
20 36
20 39
21 0
21 3
22 14
22 30
23 41
23 44
24 5
24 8
25 14
25 26
26 19
26 40
27 41
27 44
28 4
28 7
29 2
29 32
30 22
30 25
31 6
31 11
32 1
32 15
33 31
33 37
34 9
34 36
35 34
35 39
36 10
36 24
37 11
37 28
38 1
38 31
39 9
39 24
40 18
40 28
41 17
41 21
42 29
42 42
43 32
43 38
44 17
44 21

# solution 111
# n=45 sym=rct4 status=verified source=flammenkamp_cache/n45_rct4.mvr
# code=mvr:0 23 0 33 1 26 1 27 2 11 2 14 3 23 3 28 
0 23
0 33
1 26
1 27
2 11
2 14
3 23
3 28
4 12
4 13
5 26
5 28
6 36
6 37
7 6
7 7
8 6
8 20
9 13
9 15
10 27
10 32
11 0
11 42
12 10
12 40
13 35
13 40
14 24
14 42
15 19
15 35
16 3
16 5
17 1
17 10
18 1
18 5
19 22
19 29
20 14
20 36
21 0
21 3
22 19
22 25
23 41
23 44
24 8
24 30
25 15
25 22
26 39
26 43
27 34
27 43
28 39
28 41
29 9
29 25
30 2
30 20
31 4
31 9
32 4
32 34
33 2
33 44
34 12
34 17
35 29
35 31
36 24
36 38
37 37
37 38
38 7
38 8
39 16
39 18
40 31
40 32
41 16
41 21
42 30
42 33
43 17
43 18
44 11
44 21

# solution 112
# n=45 sym=rct4 status=verified source=flammenkamp_cache/n45_rct4.mvr
# code=mvr:0 13 0 28 1 19 1 24 2 15 2 36 3 18 3 21 
0 13
0 28
1 19
1 24
2 15
2 36
3 18
3 21
4 4
4 28
5 9
5 30
6 10
6 12
7 23
7 36
8 2
8 7
9 14
9 39
10 27
10 38
11 26
11 31
12 22
12 38
13 11
13 44
14 5
14 35
15 20
15 42
16 0
16 4
17 10
17 19
18 11
18 41
19 27
19 43
20 1
20 29
21 7
21 41
22 12
22 32
23 3
23 37
24 15
24 43
25 1
25 17
26 3
26 33
27 25
27 34
28 40
28 44
29 2
29 24
30 9
30 39
31 0
31 33
32 6
32 22
33 13
33 18
34 6
34 17
35 5
35 30
36 37
36 42
37 8
37 21
38 32
38 34
39 14
39 35
40 16
40 40
41 23
41 26
42 8
42 29
43 20
43 25
44 16
44 31

# solution 113
# n=45 sym=rct4 status=verified source=flammenkamp_cache/n45_rct4.mvr
# code=mvr:0 13 0 40 1 11 1 21 2 13 2 19 3 23 3 26 
0 13
0 40
1 11
1 21
2 13
2 19
3 23
3 26
4 0
4 30
5 10
5 20
6 30
6 34
7 7
7 35
8 15
8 17
9 7
9 11
10 6
10 39
11 35
11 43
12 24
12 29
13 42
13 44
14 4
14 6
15 12
15 36
16 22
16 27
17 16
17 36
18 3
18 19
19 26
19 42
20 12
20 39
21 3
21 43
22 16
22 28
23 1
23 41
24 5
24 32
25 2
25 18
26 25
26 41
27 8
27 28
28 17
28 22
29 8
29 32
30 38
30 40
31 0
31 2
32 15
32 20
33 1
33 9
34 5
34 38
35 33
35 37
36 27
36 29
37 9
37 37
38 10
38 14
39 24
39 34
40 14
40 44
41 18
41 21
42 25
42 31
43 23
43 33
44 4
44 31

# solution 114
# n=45 sym=rct4 status=verified source=flammenkamp_cache/n45_rct4.mvr
# code=mvr:0 28 0 30 1 1 1 27 2 10 2 20 3 6 3 30 4 
0 28
0 30
1 1
1 27
2 10
2 20
3 6
3 30
4 8
4 19
5 24
5 26
6 13
6 41
7 19
7 33
8 9
8 40
9 15
9 36
10 27
10 42
11 7
11 16
12 13
12 22
13 32
13 38
14 0
14 3
15 23
15 35
16 0
16 33
17 1
17 10
18 5
18 23
19 37
19 40
20 5
20 42
21 15
21 18
22 12
22 32
23 26
23 29
24 2
24 39
25 4
25 7
26 21
26 39
27 34
27 43
28 11
28 44
29 9
29 21
30 41
30 44
31 6
31 12
32 22
32 31
33 28
33 37
34 2
34 17
35 8
35 29
36 4
36 35
37 11
37 25
38 3
38 31
39 18
39 20
40 25
40 36
41 14
41 38
42 24
42 34
43 17
43 43
44 14
44 16

# solution 115
# n=45 sym=rct4 status=verified source=flammenkamp_cache/n45_rct4.mvr
# code=mvr:0 18 0 20 1 1 1 28 2 23 2 30 3 10 3 16 4
0 18
0 20
1 1
1 28
2 23
2 30
3 10
3 16
4 17
4 24
5 29
5 30
6 23
6 35
7 35
7 36
8 7
8 10
9 6
9 7
10 36
10 41
11 25
11 29
12 13
12 18
13 19
13 32
14 2
14 5
15 5
15 11
16 1
16 41
17 22
17 40
18 32
18 44
19 11
19 31
20 4
20 44
21 2
21 6
22 17
22 27
23 38
23 42
24 0
24 40
25 13
25 33
26 0
26 12
27 4
27 22
28 3
28 43
29 33
29 39
30 39
30 42
31 12
31 25
32 26
32 31
33 15
33 19
34 3
34 8
35 37
35 38
36 34
36 37
37 8
37 9
38 9
38 21
39 14
39 15
40 20
40 27
41 28
41 34
42 14
42 21
43 16
43 43
44 24
44 26

# solution 116
# n=45 sym=rct4 status=verified source=flammenkamp_cache/n45_rct4.mvr
# code=mvr:0 10 0 32 1 14 1 29 2 11 2 20 3 4 3 35 4
0 10
0 32
1 14
1 29
2 11
2 20
3 4
3 35
4 4
4 41
5 24
5 32
6 17
6 21
7 19
7 28
8 10
8 19
9 3
9 28
10 36
10 44
11 17
11 42
12 0
12 5
13 26
13 29
14 22
14 43
15 1
15 13
16 7
16 9
17 33
17 38
18 13
18 23
19 36
19 37
20 5
20 42
21 18
21 38
22 14
22 30
23 6
23 26
24 2
24 39
25 7
25 8
26 21
26 31
27 6
27 11
28 35
28 37
29 31
29 43
30 1
30 22
31 15
31 18
32 39
32 44
33 2
33 27
34 0
34 8
35 16
35 41
36 25
36 34
37 16
37 25
38 23
38 27
39 12
39 20
40 3
40 40
41 9
41 40
42 24
42 33
43 15
43 30
44 12
44 34

# solution 117
# n=45 sym=rct4 status=verified source=flammenkamp_cache/n45_rct4.mvr
# code=mvr:0 17 0 19 1 22 1 23 2 24 2 36 3 3 3 29 4
0 17
0 19
1 22
1 23
2 24
2 36
3 3
3 29
4 12
4 20
5 9
5 14
6 14
6 36
7 23
7 33
8 2
8 6
9 11
9 39
10 28
10 29
11 7
11 35
12 19
12 40
13 18
13 28
14 38
14 39
15 3
15 10
16 10
16 13
17 26
17 44
18 17
18 31
19 32
19 44
20 2
20 40
21 1
21 7
22 1
22 43
23 37
23 43
24 4
24 42
25 0
25 12
26 13
26 27
27 0
27 18
28 31
28 34
29 34
29 41
30 5
30 6
31 16
31 26
32 4
32 25
33 9
33 37
34 15
34 16
35 5
35 33
36 38
36 42
37 11
37 21
38 8
38 30
39 30
39 35
40 24
40 32
41 15
41 41
42 8
42 20
43 21
43 22
44 25
44 27

# solution 118
# n=45 sym=rct4 status=verified source=flammenkamp_cache/n45_rct4.mvr
# code=mvr:0 17 0 28 1 31 1 34 2 2 2 14 3 14 3 22 4
0 17
0 28
1 31
1 34
2 2
2 14
3 14
3 22
4 7
4 33
5 15
5 25
6 7
6 31
7 38
7 40
8 18
8 23
9 29
9 34
10 1
10 9
11 4
11 24
12 16
12 17
13 1
13 6
14 41
14 42
15 9
15 39
16 0
16 32
17 32
17 44
18 24
18 36
19 5
19 23
20 11
20 18
21 8
21 19
22 3
22 41
23 25
23 36
24 26
24 33
25 21
25 39
26 8
26 20
27 0
27 12
28 12
28 44
29 5
29 35
30 2
30 3
31 38
31 43
32 27
32 28
33 20
33 40
34 35
34 43
35 10
35 15
36 21
36 26
37 4
37 6
38 13
38 37
39 19
39 29
40 11
40 37
41 22
41 30
42 30
42 42
43 10
43 13
44 16
44 27

# solution 119
# n=45 sym=rct4 status=verified source=flammenkamp_cache/n45_rct4.mvr
# code=mvr:0 10 0 18 1 14 1 19 2 7 2 26 3 24 3 29 4
0 10
0 18
1 14
1 19
2 7
2 26
3 24
3 29
4 8
4 10
5 12
5 17
6 23
6 31
7 36
7 42
8 7
8 40
9 14
9 24
10 40
10 44
11 11
11 19
12 16
12 39
13 6
13 22
14 35
14 43
15 3
15 23
16 27
16 32
17 16
17 39
18 2
18 44
19 33
19 43
20 3
20 9
21 6
21 15
22 13
22 31
23 29
23 38
24 35
24 41
25 1
25 11
26 0
26 42
27 5
27 28
28 12
28 17
29 21
29 41
30 1
30 9
31 22
31 38
32 5
32 28
33 25
33 33
34 0
34 4
35 20
35 30
36 4
36 37
37 2
37 8
38 13
38 21
39 27
39 32
40 34
40 36
41 15
41 20
42 18
42 37
43 25
43 30
44 26
44 34

# solution 120
# n=45 sym=rct4 status=verified source=flammenkamp_cache/n45_rct4.mvr
# code=mvr:0 16 0 18 1 24 1 30 2 8 2 31 3 14 3 16 4
0 16
0 18
1 24
1 30
2 8
2 31
3 14
3 16
4 10
4 19
5 27
5 35
6 31
6 33
7 23
7 33
8 27
8 42
9 5
9 23
10 10
10 40
11 6
11 7
12 22
12 29
13 2
13 6
14 1
14 41
15 12
15 20
16 41
16 44
17 5
17 8
18 19
18 44
19 26
19 40
20 1
20 29
21 7
21 9
22 12
22 32
23 35
23 37
24 15
24 43
25 4
25 18
26 0
26 25
27 36
27 39
28 0
28 3
29 24
29 32
30 3
30 43
31 38
31 42
32 15
32 22
33 37
33 38
34 4
34 34
35 21
35 39
36 2
36 17
37 11
37 21
38 11
38 13
39 9
39 17
40 25
40 34
41 28
41 30
42 13
42 36
43 14
43 20
44 26
44 28

# solution 121
# n=45 sym=rct4 status=verified source=flammenkamp_cache/n45_rct4.mvr
# code=mvr:0 16 0 18 1 14 1 24 2 8 2 31 3 14 3 16 4
0 16
0 18
1 14
1 24
2 8
2 31
3 14
3 16
4 10
4 19
5 27
5 35
6 31
6 33
7 23
7 33
8 27
8 42
9 5
9 23
10 10
10 40
11 6
11 7
12 22
12 29
13 2
13 6
14 41
14 43
15 12
15 20
16 41
16 44
17 5
17 8
18 19
18 44
19 26
19 40
20 1
20 29
21 7
21 9
22 12
22 32
23 35
23 37
24 15
24 43
25 4
25 18
26 0
26 25
27 36
27 39
28 0
28 3
29 24
29 32
30 1
30 3
31 38
31 42
32 15
32 22
33 37
33 38
34 4
34 34
35 21
35 39
36 2
36 17
37 11
37 21
38 11
38 13
39 9
39 17
40 25
40 34
41 28
41 30
42 13
42 36
43 20
43 30
44 26
44 28

# solution 122
# n=45 sym=rct4 status=verified source=flammenkamp_cache/n45_rct4.mvr
# code=mvr:0 18 0 28 1 20 1 28 2 6 2 27 3 11 3 32 4
0 18
0 28
1 20
1 28
2 6
2 27
3 11
3 32
4 10
4 35
5 10
5 27
6 24
6 42
7 13
7 14
8 15
8 25
9 4
9 19
10 39
10 40
11 11
11 41
12 3
12 29
13 23
13 37
14 26
14 37
15 12
15 36
16 0
16 1
17 2
17 5
18 14
18 44
19 8
19 35
20 6
20 43
21 13
21 22
22 21
22 23
23 22
23 31
24 1
24 38
25 9
25 36
26 0
26 30
27 39
27 42
28 43
28 44
29 8
29 32
30 7
30 18
31 7
31 21
32 15
32 41
33 3
33 33
34 4
34 5
35 25
35 40
36 19
36 29
37 30
37 31
38 2
38 20
39 17
39 34
40 9
40 34
41 12
41 33
42 17
42 38
43 16
43 24
44 16
44 26

# solution 123
# n=45 sym=rct4 status=verified source=flammenkamp_cache/n45_rct4.mvr
# code=mvr:0 26 0 34 1 29 1 35 2 20 2 23 3 14 3 18 
0 26
0 34
1 29
1 35
2 20
2 23
3 14
3 18
4 17
4 33
5 12
5 35
6 6
6 36
7 24
7 28
8 6
8 33
9 1
9 5
10 0
10 19
11 4
11 8
12 29
12 39
13 17
13 23
14 19
14 41
15 1
15 12
16 7
16 22
17 31
17 40
18 0
18 41
19 30
19 34
20 7
20 42
21 2
21 13
22 16
22 28
23 31
23 42
24 2
24 37
25 10
25 14
26 3
26 44
27 4
27 13
28 22
28 37
29 32
29 43
30 3
30 25
31 21
31 27
32 5
32 15
33 36
33 40
34 25
34 44
35 39
35 43
36 11
36 38
37 16
37 20
38 8
38 38
39 9
39 32
40 11
40 27
41 26
41 30
42 21
42 24
43 9
43 15
44 10
44 18

# solution 124
# n=45 sym=rct4 status=verified source=flammenkamp_cache/n45_rct4.mvr
# code=mvr:0 12 0 25 1 22 1 35 2 16 2 37 3 19 3 27 
0 12
0 25
1 22
1 35
2 16
2 37
3 19
3 27
4 5
4 24
5 11
5 40
6 8
6 16
7 2
7 20
8 31
8 38
9 1
9 11
10 21
10 30
11 35
11 39
12 15
12 44
13 8
13 13
14 10
14 23
15 18
15 32
16 38
16 42
17 3
17 18
18 27
18 29
19 0
19 41
20 4
20 37
21 14
21 34
22 1
22 43
23 10
23 30
24 7
24 40
25 3
25 44
26 15
26 17
27 26
27 41
28 2
28 6
29 12
29 26
30 21
30 34
31 31
31 36
32 0
32 29
33 5
33 9
34 14
34 23
35 33
35 43
36 6
36 13
37 24
37 42
38 28
38 36
39 4
39 33
40 20
40 39
41 17
41 25
42 7
42 28
43 9
43 22
44 19
44 32

# solution 125
# n=45 sym=rct4 status=verified source=flammenkamp_cache/n45_rct4.mvr
# code=mvr:0 20 0 28 1 1 1 18 2 13 2 15 3 7 3 21 4 
0 20
0 28
1 1
1 18
2 13
2 15
3 7
3 21
4 30
4 38
5 23
5 27
6 4
6 13
7 29
7 41
8 27
8 34
9 16
9 20
10 8
10 25
11 12
11 32
12 11
12 33
13 38
13 42
14 4
14 18
15 7
15 42
16 0
16 35
17 5
17 8
18 30
18 43
19 10
19 22
20 35
20 44
21 5
21 41
22 19
22 25
23 3
23 39
24 0
24 9
25 22
25 34
26 1
26 14
27 36
27 39
28 9
28 44
29 2
29 37
30 26
30 40
31 2
31 6
32 11
32 33
33 12
33 32
34 19
34 36
35 24
35 28
36 10
36 17
37 3
37 15
38 31
38 40
39 17
39 21
40 6
40 14
41 23
41 37
42 29
42 31
43 26
43 43
44 16
44 24

# solution 126
# n=45 sym=rct4 status=verified source=flammenkamp_cache/n45_rct4.mvr
# code=mvr:0 14 0 29 1 16 1 37 2 22 2 23 3 4 3 35 4
0 14
0 29
1 16
1 37
2 22
2 23
3 4
3 35
4 26
4 41
5 15
5 26
6 9
6 31
7 1
7 19
8 13
8 17
9 3
9 38
10 32
10 33
11 10
11 16
12 10
12 24
13 6
13 36
14 17
14 44
15 0
15 39
16 33
16 43
17 30
17 36
18 4
18 5
19 23
19 37
20 12
20 20
21 2
21 19
22 2
22 42
23 25
23 42
24 24
24 32
25 7
25 21
26 39
26 40
27 8
27 14
28 1
28 11
29 5
29 44
30 0
30 27
31 8
31 38
32 20
32 34
33 28
33 34
34 11
34 12
35 6
35 41
36 27
36 31
37 25
37 43
38 13
38 35
39 18
39 29
40 3
40 18
41 9
41 40
42 21
42 22
43 7
43 28
44 15
44 30

# solution 127
# n=45 sym=rct4 status=verified source=flammenkamp_cache/n45_rct4.mvr
# code=mvr:0 17 0 40 1 15 1 21 2 29 2 33 3 25 3 31 
0 17
0 40
1 15
1 21
2 29
2 33
3 25
3 31
4 0
4 8
5 5
5 18
6 30
6 32
7 18
7 22
8 13
8 40
9 16
9 23
10 11
10 16
11 2
11 34
12 6
12 30
13 3
13 36
14 6
14 12
15 2
15 43
16 34
16 35
17 24
17 44
18 37
18 39
19 3
19 20
20 17
20 25
21 9
21 43
22 7
22 37
23 1
23 35
24 19
24 27
25 24
25 41
26 5
26 7
27 0
27 20
28 9
28 10
29 1
29 42
30 32
30 38
31 8
31 41
32 14
32 38
33 10
33 42
34 28
34 33
35 21
35 28
36 4
36 31
37 22
37 26
38 12
38 14
39 26
39 39
40 36
40 44
41 13
41 19
42 11
42 15
43 23
43 29
44 4
44 27

# solution 128
# n=45 sym=rct4 status=verified source=flammenkamp_cache/n45_rct4.mvr
# code=mvr:0 9 0 16 1 20 1 24 2 8 2 28 3 19 3 33 4 
0 9
0 16
1 20
1 24
2 8
2 28
3 19
3 33
4 14
4 39
5 4
5 37
6 17
6 30
7 5
7 22
8 15
8 42
9 34
9 44
10 9
10 10
11 3
11 13
12 19
12 29
13 26
13 33
14 6
14 40
15 12
15 36
16 2
16 44
17 21
17 38
18 13
18 23
19 32
19 41
20 1
20 43
21 18
21 27
22 7
22 37
23 17
23 26
24 1
24 43
25 3
25 12
26 21
26 31
27 6
27 23
28 0
28 42
29 8
29 32
30 4
30 38
31 11
31 18
32 15
32 25
33 31
33 41
34 34
34 35
35 0
35 10
36 2
36 29
37 22
37 39
38 14
38 27
39 7
39 40
40 5
40 30
41 11
41 25
42 16
42 36
43 20
43 24
44 28
44 35

# solution 129
# n=45 sym=rct4 status=verified source=flammenkamp_cache/n45_rct4.mvr
# code=mvr:0 18 0 24 1 25 1 30 2 29 2 35 3 11 3 19 
0 18
0 24
1 25
1 30
2 29
2 35
3 11
3 19
4 20
4 23
5 30
5 36
6 12
6 36
7 22
7 34
8 5
8 6
9 2
9 10
10 7
10 35
11 16
11 41
12 13
12 38
13 27
13 32
14 1
14 5
15 2
15 27
16 23
16 33
17 13
17 15
18 18
18 44
19 1
19 41
20 0
20 40
21 4
21 16
22 7
22 37
23 28
23 40
24 4
24 44
25 3
25 43
26 0
26 26
27 29
27 31
28 11
28 21
29 17
29 42
30 39
30 43
31 12
31 17
32 6
32 31
33 3
33 28
34 9
34 37
35 34
35 42
36 38
36 39
37 10
37 22
38 8
38 32
39 8
39 14
40 21
40 24
41 25
41 33
42 9
42 15
43 14
43 19
44 20
44 26

# solution 130
# n=45 sym=rct4 status=verified source=flammenkamp_cache/n45_rct4.mvr
# code=mvr:0 14 0 24 1 4 1 17 2 21 2 36 3 19 3 26 4
0 14
0 24
1 4
1 17
2 21
2 36
3 19
3 26
4 12
4 43
5 28
5 32
6 23
6 33
7 8
7 9
8 2
8 37
9 31
9 37
10 22
10 27
11 6
11 15
12 5
12 40
13 9
13 26
14 24
14 44
15 15
15 33
16 5
16 19
17 10
17 43
18 3
18 13
19 28
19 41
20 0
20 14
21 6
21 42
22 10
22 34
23 2
23 38
24 30
24 44
25 3
25 16
26 31
26 41
27 1
27 34
28 25
28 39
29 11
29 29
30 0
30 20
31 18
31 35
32 4
32 39
33 29
33 38
34 17
34 22
35 7
35 13
36 7
36 42
37 35
37 36
38 11
38 21
39 12
39 16
40 1
40 32
41 18
41 25
42 8
42 23
43 27
43 40
44 20
44 30

# solution 131
# n=45 sym=rct4 status=verified source=flammenkamp_cache/n45_rct4.mvr
# code=mvr:0 7 0 24 1 31 1 36 2 25 2 29 3 8 3 16 4 
0 7
0 24
1 31
1 36
2 25
2 29
3 8
3 16
4 9
4 30
5 19
5 20
6 12
6 15
7 21
7 44
8 1
8 41
9 26
9 40
10 26
10 32
11 14
11 22
12 10
12 38
13 1
13 16
14 4
14 33
15 2
15 38
16 31
16 41
17 17
17 23
18 9
18 10
19 2
19 39
20 0
20 39
21 17
21 37
22 11
22 33
23 7
23 27
24 5
24 44
25 5
25 42
26 34
26 35
27 21
27 27
28 3
28 13
29 6
29 42
30 11
30 40
31 28
31 43
32 6
32 34
33 22
33 30
34 12
34 18
35 4
35 18
36 3
36 43
37 0
37 23
38 29
38 32
39 24
39 25
40 14
40 35
41 28
41 36
42 15
42 19
43 8
43 13
44 20
44 37

# solution 132
# n=45 sym=rct4 status=verified source=flammenkamp_cache/n45_rct4.mvr
# code=mvr:0 26 0 27 1 11 1 31 2 15 2 20 3 7 3 24 4
0 26
0 27
1 11
1 31
2 15
2 20
3 7
3 24
4 12
4 17
5 5
5 35
6 26
6 32
7 8
7 41
8 22
8 37
9 5
9 15
10 11
10 19
11 34
11 43
12 6
12 40
13 1
13 16
14 23
14 25
15 35
15 42
16 23
16 31
17 0
17 40
18 0
18 6
19 14
19 34
20 3
20 42
21 14
21 16
22 8
22 36
23 28
23 30
24 2
24 41
25 10
25 30
26 38
26 44
27 4
27 44
28 13
28 21
29 2
29 9
30 19
30 21
31 28
31 43
32 4
32 38
33 1
33 10
34 25
34 33
35 29
35 39
36 7
36 22
37 3
37 36
38 12
38 18
39 9
39 39
40 27
40 32
41 20
41 37
42 24
42 29
43 13
43 33
44 17
44 18

# solution 133
# n=45 sym=rct4 status=verified source=flammenkamp_cache/n45_rct4.mvr
# code=mvr:0 28 0 37 1 20 1 41 2 23 2 38 3 1 3 27 4
0 28
0 37
1 20
1 41
2 23
2 38
3 1
3 27
4 15
4 33
5 17
5 26
6 2
6 9
7 0
7 19
8 18
8 31
9 34
9 38
10 9
10 12
11 4
11 24
12 12
12 34
13 8
13 23
14 19
14 29
15 14
15 40
16 0
16 22
17 3
17 39
18 5
18 36
19 30
19 37
20 11
20 43
21 2
21 13
22 16
22 28
23 31
23 42
24 1
24 33
25 7
25 14
26 8
26 39
27 5
27 41
28 22
28 44
29 4
29 30
30 15
30 25
31 21
31 36
32 10
32 32
33 20
33 40
34 32
34 35
35 6
35 10
36 13
36 26
37 25
37 44
38 35
38 42
39 18
39 27
40 11
40 29
41 17
41 43
42 6
42 21
43 3
43 24
44 7
44 16

# solution 134
# n=45 sym=rct4 status=verified source=flammenkamp_cache/n45_rct4.mvr
# code=mvr:0 26 0 33 1 16 1 29 2 12 2 21 3 9 3 28 4
0 26
0 33
1 16
1 29
2 12
2 21
3 9
3 28
4 24
4 30
5 12
5 38
6 5
6 6
7 20
7 29
8 13
8 25
9 27
9 41
10 13
10 19
11 0
11 17
12 39
12 42
13 34
13 36
14 4
14 23
15 1
15 7
16 3
16 43
17 9
17 33
18 0
18 22
19 8
19 34
20 4
20 37
21 14
21 42
22 18
22 26
23 2
23 30
24 7
24 40
25 10
25 36
26 22
26 44
27 11
27 35
28 1
28 41
29 37
29 43
30 21
30 40
31 8
31 10
32 2
32 5
33 27
33 44
34 25
34 31
35 3
35 17
36 19
36 31
37 15
37 24
38 38
38 39
39 6
39 32
40 14
40 20
41 16
41 35
42 23
42 32
43 15
43 28
44 11
44 18

# solution 135
# n=45 sym=rct4 status=verified source=flammenkamp_cache/n45_rct4.mvr
# code=mvr:0 19 0 33 1 19 1 27 2 14 2 15 3 10 3 23 
0 19
0 33
1 19
1 27
2 14
2 15
3 10
3 23
4 24
4 26
5 31
5 35
6 9
6 16
7 14
7 22
8 27
8 32
9 5
9 38
10 13
10 41
11 0
11 12
12 8
12 33
13 5
13 34
14 37
14 42
15 24
15 42
16 18
16 38
17 1
17 8
18 4
18 28
19 43
19 44
20 4
20 15
21 3
21 21
22 7
22 37
23 23
23 41
24 29
24 40
25 0
25 1
26 16
26 40
27 36
27 43
28 6
28 26
29 2
29 20
30 2
30 7
31 10
31 39
32 11
32 36
33 32
33 44
34 3
34 31
35 6
35 39
36 12
36 17
37 22
37 30
38 28
38 35
39 9
39 13
40 18
40 20
41 21
41 34
42 29
42 30
43 17
43 25
44 11
44 25

# solution 136
# n=45 sym=rct4 status=verified source=flammenkamp_cache/n45_rct4.mvr
# code=mvr:0 23 0 31 1 17 1 34 2 19 2 24 3 16 3 30 
0 23
0 31
1 17
1 34
2 19
2 24
3 16
3 30
4 16
4 20
5 17
5 30
6 23
6 34
7 8
7 35
8 29
8 37
9 7
9 9
10 1
10 6
11 18
11 19
12 22
12 31
13 0
13 12
14 3
14 5
15 8
15 18
16 40
16 41
17 39
17 43
18 29
18 33
19 33
19 42
20 2
20 40
21 0
21 6
22 12
22 32
23 38
23 44
24 4
24 42
25 2
25 11
26 11
26 15
27 1
27 5
28 3
28 4
29 26
29 36
30 39
30 41
31 32
31 44
32 13
32 22
33 25
33 26
34 38
34 43
35 35
35 37
36 7
36 15
37 9
37 36
38 10
38 21
39 14
39 27
40 24
40 28
41 14
41 28
42 20
42 25
43 10
43 27
44 13
44 21

# solution 137
# n=45 sym=rct4 status=verified source=flammenkamp_cache/n45_rct4.mvr
# code=mvr:0 21 0 28 1 9 1 12 2 17 2 29 3 6 3 12 4 
0 21
0 28
1 9
1 12
2 17
2 29
3 6
3 12
4 5
4 28
5 33
5 40
6 23
6 41
7 24
7 34
8 17
8 22
9 19
9 43
10 7
10 15
11 5
11 31
12 41
12 43
13 11
13 13
14 24
14 26
15 2
15 34
16 0
16 4
17 36
17 42
18 14
18 19
19 26
19 35
20 7
20 14
21 6
21 44
22 8
22 36
23 0
23 38
24 30
24 37
25 9
25 18
26 25
26 30
27 2
27 8
28 40
28 44
29 10
29 42
30 18
30 20
31 31
31 33
32 1
32 3
33 13
33 39
34 29
34 37
35 1
35 25
36 22
36 27
37 10
37 20
38 3
38 21
39 4
39 11
40 16
40 39
41 32
41 38
42 15
42 27
43 32
43 35
44 16
44 23

# solution 138
# n=45 sym=rct4 status=verified source=flammenkamp_cache/n45_rct4.mvr
# code=mvr:0 2 0 23 1 29 1 32 2 2 2 44 3 10 3 24 4 
0 2
0 23
1 29
1 32
2 2
2 44
3 10
3 24
4 11
4 17
5 11
5 25
6 28
6 35
7 18
7 19
8 30
8 35
9 6
9 8
10 30
10 41
11 39
11 40
12 1
12 16
13 22
13 26
14 8
14 10
15 1
15 17
16 6
16 32
17 29
17 40
18 13
18 37
19 5
19 37
20 3
20 23
21 0
21 20
22 13
22 31
23 24
23 44
24 21
24 41
25 7
25 39
26 7
26 31
27 4
27 15
28 12
28 38
29 27
29 43
30 34
30 36
31 18
31 22
32 28
32 43
33 4
33 5
34 3
34 14
35 36
35 38
36 9
36 14
37 25
37 26
38 9
38 16
39 19
39 33
40 27
40 33
41 20
41 34
42 0
42 42
43 12
43 15
44 21
44 42

# solution 139
# n=45 sym=rct4 status=verified source=flammenkamp_cache/n45_rct4.mvr
# code=mvr:0 24 0 28 1 29 1 32 2 18 2 24 3 8 3 21 4
0 24
0 28
1 29
1 32
2 18
2 24
3 8
3 21
4 6
4 31
5 5
5 6
6 39
6 40
7 11
7 15
8 11
8 41
9 23
9 30
10 17
10 25
11 36
11 37
12 1
12 22
13 4
13 16
14 9
14 18
15 1
15 37
16 0
16 31
17 19
17 34
18 30
18 42
19 10
19 27
20 0
20 2
21 9
21 41
22 12
22 32
23 3
23 35
24 42
24 44
25 17
25 34
26 2
26 14
27 10
27 25
28 13
28 44
29 7
29 43
30 26
30 35
31 28
31 40
32 22
32 43
33 7
33 8
34 19
34 27
35 14
35 21
36 3
36 33
37 29
37 33
38 4
38 5
39 38
39 39
40 13
40 38
41 23
41 36
42 20
42 26
43 12
43 15
44 16
44 20

# solution 140
# n=45 sym=rct4 status=verified source=flammenkamp_cache/n45_rct4.mvr
# code=mvr:0 18 0 27 1 22 1 30 2 15 2 18 3 31 3 33 
0 18
0 27
1 22
1 30
2 15
2 18
3 31
3 33
4 6
4 37
5 14
5 33
6 13
6 40
7 4
7 8
8 25
8 37
9 16
9 23
10 16
10 24
11 3
11 5
12 12
12 27
13 3
13 38
14 1
14 39
15 24
15 42
16 34
16 35
17 0
17 12
18 42
18 44
19 8
19 23
20 10
20 15
21 9
21 19
22 1
22 43
23 25
23 35
24 29
24 34
25 21
25 36
26 0
26 2
27 32
27 44
28 9
28 10
29 2
29 20
30 5
30 43
31 6
31 41
32 17
32 32
33 39
33 41
34 20
34 28
35 21
35 28
36 7
36 19
37 36
37 40
38 4
38 31
39 11
39 30
40 7
40 38
41 11
41 13
42 26
42 29
43 14
43 22
44 17
44 26

# solution 141
# n=45 sym=rct4 status=verified source=flammenkamp_cache/n45_rct4.mvr
# code=mvr:0 10 0 28 1 2 1 15 2 23 2 43 3 17 3 33 4
0 10
0 28
1 2
1 15
2 23
2 43
3 17
3 33
4 9
4 37
5 20
5 31
6 23
6 37
7 4
7 6
8 18
8 30
9 9
9 40
10 27
10 44
11 3
11 24
12 19
12 30
13 5
13 29
14 8
14 12
15 13
15 43
16 0
16 19
17 10
17 41
18 22
18 36
19 28
19 32
20 11
20 39
21 2
21 6
22 18
22 26
23 38
23 42
24 5
24 33
25 12
25 16
26 8
26 22
27 3
27 34
28 25
28 44
29 1
29 31
30 32
30 36
31 15
31 39
32 14
32 25
33 20
33 41
34 0
34 17
35 4
35 35
36 14
36 26
37 38
37 40
38 7
38 21
39 13
39 24
40 7
40 35
41 11
41 27
42 1
42 21
43 29
43 42
44 16
44 34

# solution 142
# n=45 sym=rct4 status=verified source=flammenkamp_cache/n45_rct4.mvr
# code=mvr:0 18 0 30 1 13 1 17 2 33 2 37 3 21 3 28 
0 18
0 30
1 13
1 17
2 33
2 37
3 21
3 28
4 4
4 8
5 24
5 32
6 19
6 29
7 2
7 12
8 14
8 40
9 11
9 29
10 24
10 26
11 2
11 35
12 5
12 37
13 23
13 43
14 0
14 36
15 6
15 9
16 3
16 27
17 16
17 43
18 10
18 44
19 22
19 38
20 5
20 10
21 13
21 41
22 19
22 25
23 3
23 31
24 34
24 39
25 6
25 22
26 0
26 34
27 1
27 28
28 17
28 41
29 35
29 38
30 8
30 44
31 1
31 21
32 7
32 39
33 9
33 42
34 18
34 20
35 15
35 33
36 4
36 30
37 32
37 42
38 15
38 25
39 12
39 20
40 36
40 40
41 16
41 23
42 7
42 11
43 27
43 31
44 14
44 26

# solution 143
# n=45 sym=rct4 status=verified source=flammenkamp_cache/n45_rct4.mvr
# code=mvr:0 13 0 18 1 18 1 21 2 10 2 31 3 30 3 35 
0 13
0 18
1 18
1 21
2 10
2 31
3 30
3 35
4 19
4 24
5 6
5 10
6 33
6 39
7 7
7 28
8 11
8 27
9 3
9 16
10 39
10 42
11 6
11 36
12 20
12 22
13 2
13 44
14 3
14 15
15 17
15 30
16 7
16 35
17 8
17 29
18 43
18 44
19 23
19 40
20 4
20 32
21 19
21 43
22 12
22 32
23 1
23 25
24 12
24 40
25 4
25 21
26 0
26 1
27 15
27 36
28 9
28 37
29 14
29 27
30 29
30 41
31 0
31 42
32 22
32 24
33 8
33 38
34 2
34 5
35 28
35 41
36 17
36 33
37 16
37 37
38 5
38 11
39 34
39 38
40 20
40 25
41 9
41 14
42 13
42 34
43 23
43 26
44 26
44 31

# solution 144
# n=45 sym=rct4 status=verified source=flammenkamp_cache/n45_rct4.mvr
# code=mvr:0 10 0 17 1 31 1 32 2 23 2 26 3 6 3 12 4
0 10
0 17
1 31
1 32
2 23
2 26
3 6
3 12
4 30
4 34
5 23
5 36
6 27
6 41
7 14
7 22
8 5
8 8
9 13
9 33
10 4
10 44
11 9
11 25
12 1
12 41
13 1
13 35
14 4
14 37
15 16
15 24
16 24
16 29
17 6
17 44
18 2
18 19
19 11
19 26
20 15
20 16
21 2
21 5
22 7
22 37
23 39
23 42
24 28
24 29
25 18
25 33
26 25
26 42
27 0
27 38
28 15
28 20
29 20
29 28
30 7
30 40
31 9
31 43
32 3
32 43
33 19
33 35
34 0
34 40
35 11
35 31
36 36
36 39
37 22
37 30
38 3
38 17
39 8
39 21
40 10
40 14
41 32
41 38
42 18
42 21
43 12
43 13
44 27
44 34

# solution 145
# n=45 sym=rct4 status=verified source=flammenkamp_cache/n45_rct4.mvr
# code=mvr:0 0 0 28 1 20 1 32 2 14 2 17 3 24 3 32 4
0 0
0 28
1 20
1 32
2 14
2 17
3 24
3 32
4 22
4 29
5 7
5 36
6 16
6 29
7 23
7 39
8 5
8 23
9 13
9 33
10 27
10 31
11 9
11 19
12 1
12 3
13 10
13 35
14 26
14 42
15 4
15 6
16 0
16 38
17 10
17 42
18 14
18 19
19 26
19 33
20 3
20 43
21 7
21 8
22 4
22 40
23 36
23 37
24 1
24 41
25 11
25 18
26 25
26 30
27 2
27 34
28 6
28 44
29 38
29 40
30 2
30 18
31 9
31 34
32 41
32 43
33 25
33 35
34 13
34 17
35 11
35 31
36 21
36 39
37 5
37 21
38 15
38 28
39 8
39 37
40 15
40 22
41 12
41 20
42 27
42 30
43 12
43 24
44 16
44 44

# solution 146
# n=45 sym=rct4 status=verified source=flammenkamp_cache/n45_rct4.mvr
# code=mvr:0 19 0 23 1 26 1 41 2 16 2 22 3 1 3 13 4
0 19
0 23
1 26
1 41
2 16
2 22
3 1
3 13
4 26
4 30
5 11
5 35
6 23
6 27
7 7
7 13
8 32
8 35
9 5
9 8
10 11
10 15
11 34
11 39
12 8
12 20
13 37
13 41
14 4
14 17
15 24
15 34
16 25
16 42
17 6
17 30
18 1
18 4
19 16
19 44
20 15
20 32
21 0
21 6
22 2
22 42
23 38
23 44
24 12
24 29
25 0
25 28
26 40
26 43
27 14
27 38
28 2
28 19
29 10
29 20
30 27
30 40
31 3
31 7
32 24
32 36
33 5
33 10
34 29
34 33
35 36
35 39
36 9
36 12
37 31
37 37
38 17
38 21
39 9
39 33
40 14
40 18
41 31
41 43
42 22
42 28
43 3
43 18
44 21
44 25

# solution 147
# n=45 sym=rct4 status=verified source=flammenkamp_cache/n45_rct4.mvr
# code=mvr:0 25 0 26 1 11 1 14 2 18 2 34 3 8 3 34 4
0 25
0 26
1 11
1 14
2 18
2 34
3 8
3 34
4 4
4 12
5 27
5 36
6 16
6 23
7 11
7 12
8 5
8 41
9 23
9 29
10 2
10 3
11 37
11 43
12 37
12 40
13 24
13 27
14 15
14 43
15 9
15 30
16 19
16 38
17 5
17 13
18 0
18 42
19 0
19 28
20 13
20 22
21 6
21 9
22 20
22 24
23 35
23 38
24 22
24 31
25 16
25 44
26 2
26 44
27 31
27 39
28 6
28 25
29 14
29 35
30 1
30 29
31 17
31 20
32 4
32 7
33 1
33 7
34 41
34 42
35 15
35 21
36 3
36 39
37 32
37 33
38 21
38 28
39 8
39 17
40 32
40 40
41 10
41 36
42 10
42 26
43 30
43 33
44 18
44 19

# solution 148
# n=45 sym=rct4 status=verified source=flammenkamp_cache/n45_rct4.mvr
# code=mvr:0 19 0 29 1 13 1 33 2 2 2 35 3 10 3 32 4
0 19
0 29
1 13
1 33
2 2
2 35
3 10
3 32
4 26
4 30
5 16
5 37
6 22
6 32
7 5
7 10
8 13
8 21
9 2
9 30
10 37
10 41
11 1
11 24
12 3
12 6
13 36
13 43
14 4
14 9
15 0
15 18
16 24
16 39
17 19
17 23
18 4
18 29
19 27
19 44
20 11
20 16
21 17
21 36
22 6
22 38
23 8
23 27
24 28
24 33
25 0
25 17
26 15
26 40
27 21
27 25
28 5
28 20
29 26
29 44
30 35
30 40
31 1
31 8
32 38
32 41
33 20
33 43
34 3
34 7
35 14
35 42
36 23
36 31
37 34
37 39
38 12
38 22
39 7
39 28
40 14
40 18
41 12
41 34
42 9
42 42
43 11
43 31
44 15
44 25

# solution 149
# n=45 sym=rct4 status=verified source=flammenkamp_cache/n45_rct4.mvr
# code=mvr:0 18 0 27 1 20 1 28 2 14 2 31 3 19 3 23 
0 18
0 27
1 20
1 28
2 14
2 31
3 19
3 23
4 30
4 33
5 9
5 36
6 27
6 37
7 6
7 7
8 5
8 15
9 34
9 39
10 9
10 18
11 4
11 13
12 20
12 29
13 2
13 33
14 4
14 42
15 12
15 36
16 1
16 22
17 0
17 6
18 34
18 44
19 23
19 41
20 32
20 43
21 3
21 19
22 16
22 28
23 25
23 41
24 1
24 12
25 3
25 21
26 0
26 10
27 38
27 44
28 22
28 43
29 8
29 32
30 2
30 40
31 11
31 42
32 15
32 24
33 31
33 40
34 26
34 35
35 5
35 10
36 29
36 39
37 37
37 38
38 7
38 17
39 8
39 35
40 11
40 14
41 21
41 25
42 13
42 30
43 16
43 24
44 17
44 26

# solution 150
# n=45 sym=rct4 status=verified source=flammenkamp_cache/n45_rct4.mvr
# code=mvr:0 24 0 31 1 10 1 30 2 23 2 24 3 17 3 29 
0 24
0 31
1 10
1 30
2 23
2 24
3 17
3 29
4 19
4 37
5 32
5 35
6 16
6 36
7 4
7 26
8 6
8 19
9 5
9 23
10 11
10 43
11 28
11 34
12 5
12 12
13 0
13 15
14 1
14 22
15 3
15 31
16 11
16 38
17 26
17 41
18 7
18 17
19 36
19 40
20 0
20 2
21 2
21 9
22 14
22 30
23 35
23 42
24 42
24 44
25 4
25 8
26 27
26 37
27 3
27 18
28 6
28 33
29 13
29 41
30 22
30 43
31 29
31 44
32 32
32 39
33 10
33 16
34 1
34 33
35 21
35 39
36 25
36 38
37 18
37 40
38 8
38 28
39 9
39 12
40 7
40 25
41 15
41 27
42 20
42 21
43 14
43 34
44 13
44 20

# solution 151
# n=45 sym=rct4 status=verified source=flammenkamp_cache/n45_rct4.mvr
# code=mvr:0 14 0 23 1 9 1 32 2 5 2 38 3 3 3 23 4 1
0 14
0 23
1 9
1 32
2 5
2 38
3 3
3 23
4 19
4 33
5 28
5 42
6 2
6 16
7 24
7 31
8 9
8 20
9 36
9 43
10 17
10 26
11 4
11 13
12 1
12 26
13 7
13 33
14 15
14 44
15 25
15 30
16 5
16 38
17 22
17 34
18 10
18 12
19 15
19 40
20 7
20 36
21 0
21 3
22 17
22 27
23 41
23 44
24 8
24 37
25 4
25 29
26 32
26 34
27 10
27 22
28 6
28 39
29 14
29 19
30 0
30 29
31 11
31 37
32 18
32 43
33 31
33 40
34 18
34 27
35 1
35 8
36 24
36 35
37 13
37 20
38 28
38 42
39 2
39 16
40 11
40 25
41 21
41 41
42 6
42 39
43 12
43 35
44 21
44 30

# solution 152
# n=45 sym=rct4 status=verified source=flammenkamp_cache/n45_rct4.mvr
# code=mvr:0 19 0 23 1 31 1 32 2 24 2 34 3 6 3 11 4
0 19
0 23
1 31
1 32
2 24
2 34
3 6
3 11
4 14
4 30
5 27
5 37
6 27
6 41
7 5
7 22
8 8
8 13
9 16
9 34
10 2
10 9
11 29
11 41
12 1
12 19
13 1
13 36
14 4
14 40
15 11
15 16
16 29
16 35
17 5
17 6
18 23
18 24
19 32
19 44
20 2
20 18
21 0
21 18
22 7
22 37
23 26
23 44
24 26
24 42
25 0
25 12
26 20
26 21
27 38
27 39
28 9
28 15
29 28
29 33
30 4
30 40
31 8
31 43
32 25
32 43
33 3
33 15
34 35
34 42
35 10
35 28
36 31
36 36
37 22
37 39
38 3
38 17
39 7
39 17
40 14
40 30
41 33
41 38
42 10
42 20
43 12
43 13
44 21
44 25

# solution 153
# n=45 sym=rct4 status=verified source=flammenkamp_cache/n45_rct4.mvr
# code=mvr:0 23 0 32 1 12 1 30 2 17 2 39 3 10 3 19 
0 23
0 32
1 12
1 30
2 17
2 39
3 10
3 19
4 4
4 25
5 2
5 11
6 24
6 28
7 35
7 36
8 7
8 13
9 7
9 17
10 20
10 41
11 28
11 39
12 0
12 43
13 30
13 36
14 1
14 13
15 18
15 23
16 6
16 11
17 35
17 42
18 22
18 29
19 4
19 41
20 6
20 34
21 0
21 15
22 18
22 26
23 29
23 44
24 10
24 38
25 3
25 40
26 15
26 22
27 2
27 9
28 33
28 38
29 21
29 26
30 31
30 43
31 8
31 14
32 1
32 44
33 5
33 16
34 3
34 24
35 27
35 37
36 31
36 37
37 8
37 9
38 16
38 20
39 33
39 42
40 19
40 40
41 25
41 34
42 5
42 27
43 14
43 32
44 12
44 21

# solution 154
# n=45 sym=rct4 status=verified source=flammenkamp_cache/n45_rct4.mvr
# code=mvr:0 12 0 30 1 18 1 21 2 10 2 33 3 12 3 19 
0 12
0 30
1 18
1 21
2 10
2 33
3 12
3 19
4 4
4 33
5 15
5 35
6 19
6 20
7 26
7 31
8 16
8 35
9 5
9 8
10 23
10 42
11 2
11 4
12 41
12 44
13 7
13 16
14 0
14 24
15 27
15 39
16 31
16 36
17 15
17 22
18 7
18 43
19 38
19 41
20 14
20 38
21 10
21 43
22 17
22 27
23 1
23 34
24 6
24 30
25 3
25 6
26 1
26 37
27 22
27 29
28 8
28 13
29 5
29 17
30 20
30 44
31 28
31 37
32 0
32 3
33 40
33 42
34 2
34 21
35 36
35 39
36 9
36 28
37 13
37 18
38 24
38 25
39 9
39 29
40 11
40 40
41 25
41 32
42 11
42 34
43 23
43 26
44 14
44 32

# solution 155
# n=45 sym=rct4 status=verified source=flammenkamp_cache/n45_rct4.mvr
# code=mvr:0 14 0 26 1 22 1 25 2 15 2 19 3 27 3 31 
0 14
0 26
1 22
1 25
2 15
2 19
3 27
3 31
4 32
4 38
5 24
5 36
6 4
6 18
7 10
7 36
8 5
8 7
9 16
9 34
10 9
10 37
11 20
11 28
12 4
12 12
13 3
13 23
14 23
14 44
15 27
15 42
16 11
16 35
17 3
17 15
18 0
18 38
19 1
19 42
20 5
20 33
21 13
21 14
22 1
22 43
23 30
23 31
24 11
24 39
25 2
25 43
26 6
26 44
27 29
27 41
28 9
28 33
29 2
29 17
30 0
30 21
31 21
31 41
32 32
32 40
33 16
33 24
34 7
34 35
35 10
35 28
36 37
36 39
37 8
37 34
38 26
38 40
39 8
39 20
40 6
40 12
41 13
41 17
42 25
42 29
43 19
43 22
44 18
44 30

# solution 156
# n=45 sym=rct4 status=verified source=flammenkamp_cache/n45_rct4.mvr
# code=mvr:0 21 0 25 1 18 1 23 2 13 2 29 3 13 3 34 
0 21
0 25
1 18
1 23
2 13
2 29
3 13
3 34
4 7
4 30
5 20
5 32
6 7
6 12
7 38
7 40
8 19
8 20
9 27
9 33
10 3
10 16
11 9
11 11
12 5
12 38
13 41
13 42
14 4
14 26
15 2
15 16
16 29
16 34
17 9
17 22
18 14
18 43
19 0
19 36
20 36
20 39
21 1
21 44
22 17
22 27
23 0
23 43
24 5
24 8
25 8
25 44
26 1
26 30
27 22
27 35
28 10
28 15
29 28
29 42
30 18
30 40
31 2
31 3
32 6
32 39
33 33
33 35
34 28
34 41
35 11
35 17
36 24
36 25
37 4
37 6
38 32
38 37
39 12
39 24
40 14
40 37
41 10
41 31
42 15
42 31
43 21
43 26
44 19
44 23

# solution 157
# n=45 sym=rct4 status=verified source=flammenkamp_cache/n45_rct4.mvr
# code=mvr:0 17 0 42 1 12 1 33 2 0 2 22 3 20 3 26 4
0 17
0 42
1 12
1 33
2 0
2 22
3 20
3 26
4 17
4 38
5 13
5 30
6 4
6 19
7 21
7 26
8 9
8 32
9 9
9 36
10 13
10 28
11 1
11 19
12 8
12 43
13 34
13 39
14 5
14 15
15 20
15 30
16 10
16 23
17 40
17 44
18 3
18 7
19 33
19 38
20 29
20 41
21 16
21 37
22 2
22 42
23 7
23 28
24 3
24 15
25 6
25 11
26 37
26 41
27 0
27 4
28 21
28 34
29 14
29 24
30 29
30 39
31 5
31 10
32 1
32 36
33 25
33 43
34 16
34 31
35 8
35 35
36 12
36 35
37 18
37 23
38 25
38 40
39 14
39 31
40 6
40 27
41 18
41 24
42 22
42 44
43 11
43 32
44 2
44 27

# solution 158
# n=45 sym=rct4 status=verified source=flammenkamp_cache/n45_rct4.mvr
# code=mvr:0 19 0 23 1 6 1 16 2 2 2 25 3 13 3 29 4 
0 19
0 23
1 6
1 16
2 2
2 25
3 13
3 29
4 20
4 22
5 30
5 36
6 16
6 43
7 33
7 36
8 5
8 7
9 26
9 29
10 12
10 23
11 7
11 12
12 33
12 34
13 17
13 41
14 5
14 27
15 3
15 9
16 38
16 43
17 14
17 31
18 9
18 20
19 2
19 44
20 26
20 40
21 0
21 10
22 4
22 40
23 34
23 44
24 4
24 18
25 0
25 42
26 24
26 35
27 13
27 30
28 1
28 6
29 35
29 41
30 17
30 39
31 3
31 27
32 10
32 11
33 32
33 37
34 21
34 32
35 15
35 18
36 37
36 39
37 8
37 11
38 1
38 28
39 8
39 14
40 22
40 24
41 15
41 31
42 19
42 42
43 28
43 38
44 21
44 25

# solution 159
# n=45 sym=rct4 status=verified source=flammenkamp_cache/n45_rct4.mvr
# code=mvr:0 13 0 38 1 29 1 40 2 10 2 23 3 9 3 23 4
0 13
0 38
1 29
1 40
2 10
2 23
3 9
3 23
4 1
4 4
5 15
5 30
6 0
6 22
7 20
7 34
8 16
8 27
9 11
9 41
10 7
10 42
11 32
11 35
12 11
12 27
13 20
13 44
14 5
14 25
15 1
15 39
16 18
16 36
17 8
17 12
18 25
18 28
19 14
19 18
20 31
20 37
21 2
21 3
22 6
22 38
23 41
23 42
24 7
24 13
25 26
25 30
26 16
26 19
27 32
27 36
28 8
28 26
29 5
29 43
30 19
30 39
31 0
31 24
32 17
32 33
33 9
33 12
34 2
34 37
35 3
35 33
36 17
36 28
37 10
37 24
38 22
38 44
39 14
39 29
40 40
40 43
41 21
41 35
42 21
42 34
43 4
43 15
44 6
44 31

# solution 160
# n=45 sym=rct4 status=verified source=flammenkamp_cache/n45_rct4.mvr
# code=mvr:0 24 0 26 1 6 1 24 2 19 2 29 3 6 3 13 4 
0 24
0 26
1 6
1 24
2 19
2 29
3 6
3 13
4 11
4 16
5 30
5 35
6 41
6 43
7 7
7 28
8 22
8 34
9 5
9 14
10 8
10 26
11 27
11 40
12 19
12 29
13 23
13 41
14 5
14 35
15 2
15 12
16 7
16 40
17 11
17 23
18 0
18 10
19 32
19 42
20 0
20 1
21 13
21 17
22 8
22 36
23 27
23 31
24 43
24 44
25 2
25 12
26 34
26 44
27 21
27 33
28 4
28 37
29 32
29 42
30 9
30 39
31 3
31 21
32 15
32 25
33 4
33 17
34 18
34 36
35 30
35 39
36 10
36 22
37 16
37 37
38 1
38 3
39 9
39 14
40 28
40 33
41 31
41 38
42 15
42 25
43 20
43 38
44 18
44 20

# solution 161
# n=45 sym=rct4 status=verified source=flammenkamp_cache/n45_rct4.mvr
# code=mvr:0 9 0 15 1 21 1 26 2 6 2 15 3 13 3 27 4 
0 9
0 15
1 21
1 26
2 6
2 15
3 13
3 27
4 12
4 36
5 32
5 38
6 5
6 42
7 26
7 36
8 4
8 7
9 28
9 44
10 13
10 23
11 19
11 27
12 5
12 40
13 34
13 41
14 14
14 24
15 42
15 44
16 9
16 19
17 3
17 11
18 1
18 7
19 28
19 33
20 14
20 22
21 10
21 43
22 20
22 24
23 1
23 34
24 22
24 30
25 11
25 16
26 37
26 43
27 33
27 41
28 25
28 35
29 0
29 2
30 20
30 30
31 3
31 10
32 4
32 39
33 17
33 25
34 21
34 31
35 0
35 16
36 37
36 40
37 8
37 18
38 2
38 39
39 6
39 12
40 8
40 32
41 17
41 31
42 29
42 38
43 18
43 23
44 29
44 35

# solution 162
# n=45 sym=rct4 status=verified source=flammenkamp_cache/n45_rct4.mvr
# code=mvr:0 14 0 23 1 16 1 30 2 12 2 25 3 3 3 17 4
0 14
0 23
1 16
1 30
2 12
2 25
3 3
3 17
4 8
4 25
5 7
5 31
6 13
6 22
7 26
7 39
8 34
8 40
9 10
9 16
10 8
10 35
11 23
11 29
12 24
12 42
13 5
13 38
14 1
14 44
15 11
15 24
16 35
16 43
17 18
17 41
18 7
18 27
19 2
19 4
20 12
20 15
21 0
21 11
22 6
22 38
23 33
23 44
24 29
24 32
25 40
25 42
26 17
26 37
27 3
27 26
28 1
28 9
29 20
29 33
30 0
30 43
31 6
31 39
32 2
32 20
33 15
33 21
34 9
34 36
35 28
35 34
36 4
36 10
37 5
37 18
38 22
38 31
39 13
39 37
40 19
40 36
41 27
41 41
42 19
42 32
43 14
43 28
44 21
44 30

# solution 163
# n=45 sym=rct4 status=verified source=flammenkamp_cache/n45_rct4.mvr
# code=mvr:0 17 0 28 1 23 1 33 2 16 2 31 3 8 3 17 4
0 17
0 28
1 23
1 33
2 16
2 31
3 8
3 17
4 12
4 33
5 24
5 38
6 5
6 18
7 7
7 25
8 30
8 41
9 18
9 34
10 9
10 23
11 1
11 4
12 14
12 40
13 2
13 15
14 8
14 32
15 24
15 31
16 0
16 42
17 41
17 44
18 35
18 38
19 7
19 22
20 5
20 15
21 1
21 10
22 19
22 25
23 34
23 43
24 29
24 39
25 22
25 37
26 6
26 9
27 0
27 3
28 2
28 44
29 13
29 20
30 12
30 36
31 29
31 42
32 4
32 30
33 40
33 43
34 21
34 35
35 10
35 26
36 3
36 14
37 19
37 37
38 26
38 39
39 6
39 20
40 11
40 32
41 27
41 36
42 13
42 28
43 11
43 21
44 16
44 27

# solution 164
# n=45 sym=rct4 status=verified source=flammenkamp_cache/n45_rct4.mvr
# code=mvr:0 10 0 26 1 16 1 29 2 21 2 23 3 32 3 38 
0 10
0 26
1 16
1 29
2 21
2 23
3 32
3 38
4 8
4 17
5 11
5 32
6 3
6 30
7 19
7 29
8 13
8 40
9 10
9 19
10 35
10 44
11 11
11 39
12 3
12 5
13 24
13 36
14 6
14 18
15 1
15 7
16 27
16 43
17 16
17 40
18 0
18 30
19 35
19 37
20 13
20 22
21 2
21 42
22 20
22 24
23 2
23 42
24 22
24 31
25 7
25 9
26 14
26 44
27 4
27 28
28 1
28 17
29 37
29 43
30 26
30 38
31 8
31 20
32 39
32 41
33 5
33 33
34 0
34 9
35 25
35 34
36 4
36 31
37 15
37 25
38 14
38 41
39 12
39 33
40 27
40 36
41 6
41 12
42 21
42 23
43 15
43 28
44 18
44 34

# solution 165
# n=45 sym=rct4 status=verified source=flammenkamp_cache/n45_rct4.mvr
# code=mvr:0 17 0 36 1 12 1 26 2 20 2 28 3 9 3 13 4
0 17
0 36
1 12
1 26
2 20
2 28
3 9
3 13
4 27
4 30
5 12
5 21
6 6
6 35
7 13
7 22
8 0
8 28
9 6
9 41
10 11
10 15
11 30
11 34
12 39
12 43
13 37
13 41
14 4
14 11
15 24
15 34
16 2
16 8
17 4
17 44
18 1
18 19
19 23
19 26
20 15
20 42
21 19
21 39
22 7
22 37
23 5
23 25
24 2
24 29
25 18
25 21
26 25
26 43
27 0
27 40
28 36
28 42
29 10
29 20
30 33
30 40
31 3
31 7
32 1
32 5
33 10
33 14
34 29
34 33
35 3
35 38
36 16
36 44
37 22
37 31
38 9
38 38
39 23
39 32
40 14
40 17
41 31
41 35
42 16
42 24
43 18
43 32
44 8
44 27

# solution 166
# n=45 sym=rct4 status=verified source=flammenkamp_cache/n45_rct4.mvr
# code=mvr:0 17 0 25 1 1 1 16 2 24 2 26 3 29 3 38 4
0 17
0 25
1 1
1 16
2 24
2 26
3 29
3 38
4 25
4 26
5 31
5 34
6 3
6 7
7 14
7 38
8 13
8 16
9 21
9 34
10 5
10 9
11 24
11 27
12 15
12 22
13 5
13 36
14 23
14 37
15 3
15 32
16 36
16 43
17 11
17 44
18 2
18 4
19 0
19 4
20 2
20 11
21 14
21 35
22 12
22 32
23 9
23 30
24 33
24 42
25 40
25 44
26 40
26 42
27 0
27 33
28 1
28 8
29 12
29 41
30 7
30 21
31 8
31 39
32 22
32 29
33 17
33 20
34 35
34 39
35 10
35 23
36 28
36 31
37 6
37 30
38 37
38 41
39 10
39 13
40 18
40 19
41 6
41 15
42 18
42 20
43 28
43 43
44 19
44 27

# solution 167
# n=45 sym=rct4 status=verified source=flammenkamp_cache/n45_rct4.mvr
# code=mvr:0 16 0 18 1 19 1 22 2 27 2 33 3 14 3 31 
0 16
0 18
1 19
1 22
2 27
2 33
3 14
3 31
4 18
4 33
5 10
5 37
6 6
6 32
7 5
7 24
8 9
8 25
9 16
9 36
10 32
10 39
11 2
11 4
12 6
12 10
13 3
13 23
14 29
14 41
15 14
15 24
16 35
16 44
17 2
17 23
18 40
18 44
19 8
19 43
20 7
20 15
21 13
21 17
22 1
22 43
23 27
23 31
24 29
24 37
25 1
25 36
26 0
26 4
27 21
27 42
28 0
28 9
29 20
29 30
30 3
30 15
31 21
31 41
32 34
32 38
33 40
33 42
34 5
34 12
35 8
35 28
36 19
36 35
37 20
37 39
38 12
38 38
39 7
39 34
40 11
40 26
41 13
41 30
42 11
42 17
43 22
43 25
44 26
44 28

# solution 168
# n=45 sym=rct4 status=verified source=flammenkamp_cache/n45_rct4.mvr
# code=mvr:0 22 0 38 1 26 1 29 2 15 2 19 3 27 3 32 
0 22
0 38
1 26
1 29
2 15
2 19
3 27
3 32
4 11
4 36
5 20
5 23
6 0
6 8
7 10
7 16
8 4
8 38
9 10
9 27
10 35
10 37
11 12
11 40
12 3
12 33
13 20
13 23
14 14
14 25
15 1
15 42
16 18
16 37
17 3
17 9
18 1
18 28
19 14
19 42
20 31
20 39
21 5
21 13
22 0
22 44
23 31
23 39
24 5
24 13
25 2
25 30
26 16
26 43
27 35
27 41
28 7
28 26
29 2
29 43
30 19
30 30
31 21
31 24
32 11
32 41
33 4
33 32
34 7
34 9
35 17
35 34
36 6
36 40
37 28
37 34
38 36
38 44
39 21
39 24
40 8
40 33
41 12
41 17
42 25
42 29
43 15
43 18
44 6
44 22

# solution 169
# n=45 sym=rct4 status=verified source=flammenkamp_cache/n45_rct4.mvr
# code=mvr:0 18 0 32 1 1 1 9 2 17 2 18 3 16 3 32 4 
0 18
0 32
1 1
1 9
2 17
2 18
3 16
3 32
4 20
4 25
5 10
5 15
6 17
6 37
7 6
7 35
8 30
8 34
9 7
9 43
10 8
10 39
11 23
11 28
12 0
12 3
13 20
13 30
14 8
14 13
15 23
15 39
16 11
16 41
17 38
17 42
18 42
18 44
19 4
19 22
20 31
20 40
21 11
21 15
22 19
22 25
23 29
23 33
24 4
24 13
25 22
25 40
26 0
26 2
27 2
27 6
28 3
28 33
29 5
29 21
30 31
30 36
31 14
31 24
32 41
32 44
33 16
33 21
34 5
34 36
35 1
35 37
36 10
36 14
37 9
37 38
38 7
38 27
39 29
39 34
40 19
40 24
41 12
41 28
42 26
42 27
43 35
43 43
44 12
44 26

# solution 170
# n=45 sym=rct4 status=verified source=flammenkamp_cache/n45_rct4.mvr
# code=mvr:0 21 0 34 1 23 1 38 2 16 2 17 3 6 3 12 4
0 21
0 34
1 23
1 38
2 16
2 17
3 6
3 12
4 32
4 35
5 14
5 29
6 1
6 41
7 24
7 25
8 25
8 34
9 4
9 13
10 0
10 8
11 13
11 26
12 4
12 41
13 33
13 35
14 26
14 39
15 5
15 15
16 22
16 42
17 24
17 42
18 11
18 14
19 7
19 8
20 7
20 17
21 1
21 44
22 16
22 28
23 0
23 43
24 27
24 37
25 36
25 37
26 30
26 33
27 2
27 20
28 2
28 22
29 29
29 39
30 5
30 18
31 9
31 11
32 3
32 40
33 18
33 31
34 36
34 44
35 31
35 40
36 10
36 19
37 19
37 20
38 3
38 43
39 15
39 30
40 9
40 12
41 32
41 38
42 27
42 28
43 6
43 21
44 10
44 23

# solution 171
# n=45 sym=rct4 status=verified source=flammenkamp_cache/n45_rct4.mvr
# code=mvr:0 17 0 19 1 28 1 30 2 12 2 24 3 7 3 23 4
0 17
0 19
1 28
1 30
2 12
2 24
3 7
3 23
4 26
4 33
5 13
5 36
6 15
6 18
7 30
7 41
8 5
8 8
9 10
9 19
10 29
10 35
11 4
11 12
12 33
12 42
13 16
13 39
14 1
14 7
15 10
15 38
16 1
16 31
17 23
17 44
18 4
18 38
19 35
19 44
20 2
20 22
21 3
21 17
22 20
22 24
23 27
23 41
24 22
24 42
25 0
25 9
26 6
26 40
27 0
27 21
28 13
28 43
29 6
29 34
30 37
30 43
31 5
31 28
32 2
32 11
33 32
33 40
34 9
34 15
35 25
35 34
36 36
36 39
37 3
37 14
38 26
38 29
39 8
39 31
40 11
40 18
41 21
41 37
42 20
42 32
43 14
43 16
44 25
44 27

# solution 172
# n=45 sym=rct4 status=verified source=flammenkamp_cache/n45_rct4.mvr
# code=mvr:0 24 0 36 1 23 1 28 2 12 2 31 3 3 3 17 4
0 24
0 36
1 23
1 28
2 12
2 31
3 3
3 17
4 34
4 35
5 17
5 24
6 11
6 15
7 23
7 30
8 0
8 18
9 4
9 10
10 4
10 35
11 14
11 38
12 25
12 42
13 2
13 15
14 7
14 33
15 31
15 38
16 1
16 25
17 39
17 41
18 22
18 36
19 12
19 16
20 0
20 5
21 1
21 7
22 18
22 26
23 37
23 43
24 39
24 44
25 28
25 32
26 8
26 22
27 3
27 5
28 19
28 43
29 6
29 13
30 11
30 37
31 29
31 42
32 2
32 19
33 6
33 30
34 9
34 40
35 34
35 40
36 26
36 44
37 14
37 21
38 29
38 33
39 20
39 27
40 9
40 10
41 27
41 41
42 13
42 32
43 16
43 21
44 8
44 20

# solution 173
# n=45 sym=rct4 status=verified source=flammenkamp_cache/n45_rct4.mvr
# code=mvr:0 18 0 20 1 23 1 28 2 31 2 35 3 11 3 12 
0 18
0 20
1 23
1 28
2 31
2 35
3 11
3 12
4 6
4 23
5 28
5 30
6 34
6 40
7 7
7 13
8 11
8 15
9 2
9 19
10 6
10 24
11 36
11 41
12 15
12 41
13 2
13 37
14 5
14 26
15 32
15 36
16 1
16 5
17 22
17 25
18 14
18 44
19 17
19 35
20 10
20 44
21 1
21 4
22 17
22 27
23 40
23 43
24 0
24 34
25 9
25 27
26 0
26 30
27 19
27 22
28 39
28 43
29 8
29 12
30 18
30 39
31 7
31 42
32 3
32 29
33 3
33 8
34 20
34 38
35 25
35 42
36 29
36 33
37 31
37 37
38 4
38 10
39 14
39 16
40 21
40 38
41 32
41 33
42 9
42 13
43 16
43 21
44 24
44 26

# solution 174
# n=45 sym=rct4 status=verified source=flammenkamp_cache/n45_rct4.mvr
# code=mvr:0 24 0 26 1 13 1 36 2 23 2 29 3 17 3 36 
0 24
0 26
1 13
1 36
2 23
2 29
3 17
3 36
4 26
4 39
5 4
5 28
6 9
6 32
7 9
7 15
8 1
8 3
9 37
9 38
10 14
10 25
11 14
11 20
12 6
12 22
13 25
13 43
14 33
14 34
15 2
15 37
16 5
16 27
17 16
17 41
18 0
18 4
19 10
19 13
20 0
20 33
21 2
21 21
22 12
22 32
23 23
23 42
24 11
24 44
25 31
25 34
26 40
26 44
27 3
27 28
28 17
28 39
29 7
29 42
30 10
30 11
31 1
31 19
32 22
32 38
33 24
33 30
34 19
34 30
35 6
35 7
36 41
36 43
37 29
37 35
38 12
38 35
39 16
39 40
40 5
40 18
41 8
41 27
42 15
42 21
43 8
43 31
44 18
44 20

# solution 175
# n=45 sym=rct4 status=verified source=flammenkamp_cache/n45_rct4.mvr
# code=mvr:0 14 0 26 1 27 1 33 2 13 2 22 3 8 3 38 4
0 14
0 26
1 27
1 33
2 13
2 22
3 8
3 38
4 10
4 25
5 5
5 17
6 3
6 15
7 8
7 14
8 37
8 41
9 24
9 26
10 12
10 40
11 1
11 16
12 24
12 34
13 21
13 42
14 37
14 44
15 28
15 38
16 15
16 33
17 1
17 39
18 0
18 9
19 4
19 23
20 9
20 12
21 19
21 31
22 2
22 42
23 13
23 25
24 32
24 35
25 21
25 40
26 35
26 44
27 5
27 43
28 11
28 29
29 6
29 16
30 0
30 7
31 2
31 23
32 10
32 20
33 28
33 43
34 4
34 32
35 18
35 20
36 3
36 7
37 30
37 36
38 29
38 41
39 27
39 39
40 19
40 34
41 6
41 36
42 22
42 31
43 11
43 17
44 18
44 30

# solution 176
# n=45 sym=rct4 status=verified source=flammenkamp_cache/n45_rct4.mvr
# code=mvr:0 7 0 21 1 20 1 28 2 22 2 34 3 19 3 29 4
0 7
0 21
1 20
1 28
2 22
2 34
3 19
3 29
4 15
4 18
5 6
5 14
6 33
6 39
7 20
7 44
8 8
8 32
9 30
9 33
10 2
10 17
11 6
11 9
12 8
12 23
13 19
13 27
14 9
14 39
15 3
15 40
16 1
16 18
17 13
17 34
18 28
18 40
19 31
19 41
20 37
20 43
21 12
21 44
22 2
22 42
23 0
23 32
24 1
24 7
25 3
25 13
26 4
26 16
27 10
27 31
28 26
28 43
29 4
29 41
30 5
30 35
31 17
31 25
32 21
32 36
33 35
33 38
34 27
34 42
35 11
35 14
36 12
36 36
37 0
37 24
38 5
38 11
39 30
39 38
40 26
40 29
41 15
41 25
42 10
42 22
43 16
43 24
44 23
44 37

# solution 177
# n=45 sym=rct4 status=verified source=flammenkamp_cache/n45_rct4.mvr
# code=mvr:0 7 0 21 1 20 1 28 2 22 2 34 3 19 3 29 4
0 7
0 21
1 20
1 28
2 22
2 34
3 19
3 29
4 15
4 18
5 6
5 14
6 33
6 39
7 20
7 44
8 8
8 12
9 30
9 33
10 2
10 17
11 6
11 9
12 23
12 36
13 19
13 27
14 9
14 39
15 3
15 40
16 1
16 18
17 13
17 34
18 28
18 40
19 31
19 41
20 37
20 43
21 12
21 44
22 2
22 42
23 0
23 32
24 1
24 7
25 3
25 13
26 4
26 16
27 10
27 31
28 26
28 43
29 4
29 41
30 5
30 35
31 17
31 25
32 8
32 21
33 35
33 38
34 27
34 42
35 11
35 14
36 32
36 36
37 0
37 24
38 5
38 11
39 30
39 38
40 26
40 29
41 15
41 25
42 10
42 22
43 16
43 24
44 23
44 37

# solution 178
# n=45 sym=rct4 status=verified source=flammenkamp_cache/n45_rct4.mvr
# code=mvr:0 16 0 22 1 1 1 20 2 8 2 11 3 27 3 29 4 
0 16
0 22
1 1
1 20
2 8
2 11
3 27
3 29
4 9
4 33
5 19
5 31
6 23
6 27
7 20
7 32
8 26
8 42
9 34
9 40
10 9
10 23
11 4
11 42
12 7
12 14
13 5
13 16
14 26
14 32
15 3
15 19
16 31
16 44
17 3
17 6
18 8
18 14
19 29
19 39
20 37
20 43
21 6
21 10
22 0
22 44
23 34
23 38
24 1
24 7
25 5
25 15
26 30
26 36
27 38
27 41
28 0
28 13
29 25
29 41
30 12
30 18
31 28
31 39
32 30
32 37
33 2
33 40
34 21
34 35
35 4
35 10
36 2
36 18
37 12
37 24
38 17
38 21
39 13
39 25
40 11
40 35
41 15
41 17
42 33
42 36
43 24
43 43
44 22
44 28

# solution 179
# n=45 sym=rct4 status=verified source=flammenkamp_cache/n45_rct4.mvr
# code=mvr:0 0 0 19 1 3 1 19 2 20 2 28 3 7 3 43 4 1
0 0
0 19
1 3
1 19
2 20
2 28
3 7
3 43
4 11
4 27
5 17
5 30
6 8
6 10
7 13
7 41
8 28
8 38
9 20
9 30
10 33
10 38
11 10
11 40
12 13
12 22
13 32
13 37
14 5
14 9
15 23
15 26
16 2
16 8
17 4
17 39
18 15
18 23
19 43
19 44
20 35
20 42
21 15
21 18
22 12
22 32
23 26
23 29
24 2
24 9
25 0
25 1
26 21
26 29
27 5
27 40
28 36
28 42
29 18
29 21
30 35
30 39
31 7
31 12
32 22
32 31
33 4
33 34
34 6
34 11
35 14
35 24
36 6
36 16
37 3
37 31
38 34
38 36
39 14
39 27
40 17
40 33
41 1
41 37
42 16
42 24
43 25
43 41
44 25
44 44

# solution 180
# n=45 sym=rct4 status=verified source=flammenkamp_cache/n45_rct4.mvr
# code=mvr:0 17 0 34 1 1 1 22 2 14 2 29 3 34 3 37 4
0 17
0 34
1 1
1 22
2 14
2 29
3 34
3 37
4 14
4 16
5 11
5 23
6 9
6 24
7 3
7 23
8 16
8 19
9 13
9 38
10 0
10 3
11 18
11 39
12 13
12 27
13 32
13 35
14 40
14 42
15 2
15 26
16 36
16 40
17 12
17 44
18 15
18 33
19 24
19 36
20 6
20 19
21 5
21 7
22 1
22 43
23 37
23 39
24 25
24 38
25 8
25 20
26 11
26 29
27 0
27 32
28 4
28 8
29 18
29 42
30 2
30 4
31 9
31 12
32 17
32 31
33 5
33 26
34 41
34 44
35 6
35 31
36 25
36 28
37 21
37 41
38 20
38 35
39 21
39 33
40 28
40 30
41 7
41 10
42 15
42 30
43 22
43 43
44 10
44 27

# solution 181
# n=45 sym=rct4 status=verified source=flammenkamp_cache/n45_rct4.mvr
# code=mvr:0 7 0 27 1 1 1 32 2 14 2 16 3 18 3 22 4 
0 7
0 27
1 1
1 32
2 14
2 16
3 18
3 22
4 10
4 19
5 14
5 29
6 32
6 33
7 8
7 44
8 20
8 37
9 31
9 33
10 18
10 40
11 6
11 9
12 1
12 6
13 9
13 21
14 39
14 42
15 5
15 24
16 27
16 42
17 0
17 16
18 34
18 41
19 23
19 40
20 15
20 36
21 19
21 31
22 3
22 41
23 13
23 25
24 8
24 29
25 4
25 21
26 3
26 10
27 28
27 44
28 2
28 17
29 20
29 39
30 2
30 5
31 23
31 35
32 38
32 43
33 35
33 38
34 4
34 26
35 11
35 13
36 7
36 24
37 0
37 36
38 11
38 12
39 15
39 30
40 25
40 34
41 22
41 26
42 28
42 30
43 12
43 43
44 17
44 37

# solution 182
# n=45 sym=rct4 status=verified source=flammenkamp_cache/n45_rct4.mvr
# code=mvr:0 14 0 32 1 19 1 24 2 14 2 36 3 10 3 19 
0 14
0 32
1 19
1 24
2 14
2 36
3 10
3 19
4 26
4 29
5 18
5 35
6 9
6 13
7 10
7 22
8 2
8 17
9 5
9 38
10 37
10 41
11 28
11 32
12 0
12 11
13 23
13 38
14 42
14 44
15 4
15 24
16 11
16 27
17 16
17 36
18 4
18 39
19 41
19 43
20 1
20 15
21 13
21 21
22 7
22 37
23 23
23 31
24 29
24 43
25 1
25 3
26 5
26 40
27 8
27 28
28 17
28 33
29 20
29 40
30 0
30 2
31 6
31 21
32 33
32 44
33 12
33 16
34 3
34 7
35 6
35 39
36 27
36 42
37 22
37 34
38 31
38 35
39 9
39 26
40 15
40 18
41 25
41 34
42 8
42 30
43 20
43 25
44 12
44 30

# solution 183
# n=45 sym=rct4 status=verified source=flammenkamp_cache/n45_rct4.mvr
# code=mvr:0 16 0 23 1 12 1 13 2 24 2 39 3 9 3 33 4
0 16
0 23
1 12
1 13
2 24
2 39
3 9
3 33
4 19
4 26
5 2
5 11
6 6
6 24
7 30
7 32
8 17
8 35
9 8
9 41
10 19
10 29
11 3
11 39
12 7
12 43
13 23
13 43
14 7
14 27
15 10
15 28
16 15
16 44
17 14
17 36
18 4
18 22
19 34
19 40
20 2
20 6
21 0
21 13
22 18
22 26
23 31
23 44
24 38
24 42
25 4
25 10
26 22
26 40
27 8
27 30
28 0
28 29
29 16
29 34
30 17
30 37
31 1
31 21
32 1
32 37
33 5
33 41
34 15
34 25
35 3
35 36
36 9
36 27
37 12
37 14
38 20
38 38
39 33
39 42
40 18
40 25
41 11
41 35
42 5
42 20
43 31
43 32
44 21
44 28

# solution 184
# n=45 sym=rct4 status=verified source=flammenkamp_cache/n45_rct4.mvr
# code=mvr:0 24 0 29 1 10 1 17 2 16 2 18 3 7 3 24 4
0 24
0 29
1 10
1 17
2 16
2 18
3 7
3 24
4 10
4 13
5 5
5 17
6 31
6 35
7 14
7 41
8 23
8 35
9 6
9 8
10 40
10 43
11 16
11 25
12 22
12 30
13 6
13 40
14 12
14 37
15 0
15 26
16 33
16 42
17 39
17 43
18 15
18 42
19 11
19 23
20 0
20 3
21 8
21 19
22 12
22 32
23 25
23 36
24 41
24 44
25 21
25 33
26 2
26 29
27 1
27 5
28 2
28 11
29 18
29 44
30 7
30 32
31 4
31 38
32 14
32 22
33 19
33 28
34 1
34 4
35 36
35 38
36 9
36 21
37 3
37 30
38 9
38 13
39 27
39 39
40 31
40 34
41 20
41 37
42 26
42 28
43 27
43 34
44 15
44 20

# solution 185
# n=45 sym=rct4 status=verified source=flammenkamp_cache/n45_rct4.mvr
# code=mvr:0 25 0 32 1 21 1 24 2 15 2 31 3 31 3 36 
0 25
0 32
1 21
1 24
2 15
2 31
3 31
3 36
4 18
4 24
5 30
5 33
6 8
6 32
7 7
7 10
8 3
8 38
9 11
9 25
10 17
10 37
11 5
11 35
12 0
12 6
13 2
13 3
14 5
14 23
15 16
15 42
16 17
16 29
17 28
17 34
18 22
18 40
19 0
19 9
20 1
20 4
21 14
21 43
22 18
22 26
23 1
23 30
24 40
24 43
25 35
25 44
26 4
26 22
27 10
27 16
28 15
28 27
29 2
29 28
30 21
30 39
31 41
31 42
32 38
32 44
33 9
33 39
34 7
34 27
35 19
35 33
36 6
36 41
37 34
37 37
38 12
38 36
39 11
39 14
40 20
40 26
41 8
41 13
42 13
42 29
43 20
43 23
44 12
44 19

# solution 186
# n=45 sym=rct4 status=verified source=flammenkamp_cache/n45_rct4.mvr
# code=mvr:0 15 0 24 1 18 1 30 2 24 2 32 3 4 3 10 4
0 15
0 24
1 18
1 30
2 24
2 32
3 4
3 10
4 18
4 41
5 13
5 35
6 22
6 23
7 10
7 19
8 27
8 33
9 5
9 33
10 37
10 41
11 8
11 9
12 2
12 12
13 27
13 39
14 1
14 19
15 16
15 44
16 23
16 29
17 8
17 13
18 40
18 43
19 30
19 37
20 0
20 2
21 6
21 16
22 6
22 38
23 28
23 38
24 42
24 44
25 7
25 14
26 1
26 4
27 31
27 36
28 15
28 21
29 0
29 28
30 25
30 43
31 5
31 17
32 32
32 42
33 35
33 36
34 3
34 7
35 11
35 39
36 11
36 17
37 25
37 34
38 21
38 22
39 9
39 31
40 3
40 26
41 34
41 40
42 12
42 20
43 14
43 26
44 20
44 29

# solution 187
# n=45 sym=rct4 status=verified source=flammenkamp_cache/n45_rct4.mvr
# code=mvr:0 25 0 31 1 21 1 32 2 14 2 20 3 26 3 35 
0 25
0 31
1 21
1 32
2 14
2 20
3 26
3 35
4 16
4 37
5 9
5 23
6 14
6 33
7 4
7 34
8 16
8 22
9 3
9 39
10 7
10 29
11 6
11 12
12 1
12 33
13 0
13 20
14 38
14 42
15 10
15 25
16 36
16 40
17 17
17 18
18 3
18 27
19 0
19 15
20 31
20 42
21 5
21 43
22 8
22 36
23 1
23 39
24 2
24 13
25 29
25 44
26 17
26 41
27 26
27 27
28 4
28 8
29 19
29 34
30 2
30 6
31 24
31 44
32 11
32 43
33 32
33 38
34 15
34 37
35 5
35 41
36 22
36 28
37 10
37 40
38 11
38 30
39 21
39 35
40 7
40 28
41 9
41 18
42 24
42 30
43 12
43 23
44 13
44 19

# solution 188
# n=45 sym=rct4 status=verified source=flammenkamp_cache/n45_rct4.mvr
# code=mvr:0 25 0 27 1 16 1 21 2 11 2 37 3 15 3 27 
0 25
0 27
1 16
1 21
2 11
2 37
3 15
3 27
4 32
4 35
5 13
5 19
6 8
6 31
7 2
7 20
8 8
8 38
9 4
9 20
10 12
10 16
11 30
11 42
12 4
12 34
13 6
13 39
14 11
14 23
15 18
15 41
16 34
16 43
17 0
17 3
18 22
18 29
19 0
19 39
20 35
20 37
21 14
21 43
22 18
22 26
23 1
23 30
24 7
24 9
25 5
25 44
26 15
26 22
27 41
27 44
28 1
28 10
29 3
29 26
30 21
30 33
31 5
31 38
32 10
32 40
33 2
33 14
34 28
34 32
35 24
35 40
36 6
36 36
37 24
37 42
38 13
38 36
39 25
39 31
40 9
40 12
41 17
41 29
42 7
42 33
43 23
43 28
44 17
44 19

# solution 189
# n=45 sym=rct4 status=verified source=flammenkamp_cache/n45_rct4.mvr
# code=mvr:0 16 0 29 1 12 1 33 2 14 2 24 3 10 3 22 
0 16
0 29
1 12
1 33
2 14
2 24
3 10
3 22
4 29
4 36
5 5
5 17
6 12
6 23
7 33
7 36
8 4
8 7
9 18
9 30
10 13
10 41
11 1
11 7
12 38
12 43
13 23
13 34
14 9
14 42
15 0
15 4
16 19
16 44
17 25
17 39
18 24
18 35
19 17
19 28
20 2
20 18
21 6
21 13
22 3
22 41
23 31
23 38
24 26
24 42
25 16
25 27
26 9
26 20
27 5
27 19
28 0
28 25
29 40
29 44
30 2
30 35
31 10
31 21
32 1
32 6
33 37
33 43
34 3
34 31
35 14
35 26
36 37
36 40
37 8
37 11
38 21
38 32
39 27
39 39
40 8
40 15
41 22
41 34
42 20
42 30
43 11
43 32
44 15
44 28

# solution 190
# n=45 sym=rct4 status=verified source=flammenkamp_cache/n45_rct4.mvr
# code=mvr:0 24 0 32 1 34 1 36 2 16 2 23 3 3 3 11 4
0 24
0 32
1 34
1 36
2 16
2 23
3 3
3 11
4 19
4 31
5 8
5 11
6 24
6 28
7 29
7 30
8 1
8 39
9 10
9 25
10 1
10 35
11 39
11 41
12 0
12 13
13 4
13 32
14 7
14 18
15 7
15 18
16 6
16 42
17 22
17 23
18 29
18 30
19 9
19 40
20 0
20 6
21 2
21 17
22 17
22 27
23 27
23 42
24 38
24 44
25 4
25 35
26 14
26 15
27 21
27 22
28 2
28 38
29 26
29 37
30 26
30 37
31 12
31 40
32 31
32 44
33 3
33 5
34 9
34 43
35 19
35 34
36 5
36 43
37 14
37 15
38 16
38 20
39 33
39 36
40 13
40 25
41 33
41 41
42 21
42 28
43 8
43 10
44 12
44 20

# solution 191
# n=45 sym=rct4 status=verified source=flammenkamp_cache/n45_rct4.mvr
# code=mvr:0 9 0 23 1 19 1 32 2 12 2 14 3 3 3 23 4 
0 9
0 23
1 19
1 32
2 12
2 14
3 3
3 23
4 33
4 35
5 24
5 34
6 8
6 34
7 15
7 26
8 24
8 38
9 4
9 44
10 5
10 6
11 4
11 25
12 1
12 42
13 15
13 16
14 27
14 42
15 31
15 37
16 22
16 31
17 14
17 18
18 7
18 27
19 11
19 43
20 5
20 8
21 0
21 3
22 16
22 28
23 41
23 44
24 36
24 39
25 1
25 33
26 17
26 37
27 26
27 30
28 13
28 22
29 7
29 13
30 2
30 17
31 28
31 29
32 2
32 43
33 19
33 40
34 38
34 39
35 0
35 40
36 6
36 20
37 18
37 29
38 10
38 36
39 10
39 20
40 9
40 11
41 21
41 41
42 30
42 32
43 12
43 25
44 21
44 35

# solution 192
# n=45 sym=rct4 status=verified source=flammenkamp_cache/n45_rct4.mvr
# code=mvr:0 20 0 40 1 12 1 36 2 5 2 27 3 15 3 20 4
0 20
0 40
1 12
1 36
2 5
2 27
3 15
3 20
4 0
4 22
5 34
5 42
6 28
6 31
7 7
7 13
8 1
8 21
9 15
9 26
10 5
10 33
11 10
11 25
12 23
12 43
13 6
13 37
14 18
14 28
15 35
15 41
16 6
16 14
17 2
17 25
18 9
18 30
19 11
19 17
20 41
20 44
21 12
21 36
22 4
22 40
23 8
23 32
24 0
24 3
25 27
25 33
26 14
26 35
27 19
27 42
28 30
28 38
29 3
29 9
30 16
30 26
31 7
31 38
32 1
32 21
33 19
33 34
34 11
34 39
35 18
35 29
36 23
36 43
37 31
37 37
38 13
38 16
39 2
39 10
40 22
40 44
41 24
41 29
42 17
42 39
43 8
43 32
44 4
44 24

# solution 193
# n=45 sym=rct4 status=verified source=flammenkamp_cache/n45_rct4.mvr
# code=mvr:0 26 0 30 1 8 1 21 2 23 2 30 3 5 3 15 4 
0 26
0 30
1 8
1 21
2 23
2 30
3 5
3 15
4 26
4 37
5 35
5 41
6 13
6 19
7 4
7 27
8 13
8 43
9 5
9 20
10 19
10 33
11 10
11 20
12 15
12 16
13 36
13 38
14 0
14 2
15 32
15 41
16 22
16 32
17 7
17 17
18 0
18 4
19 34
19 38
20 33
20 35
21 2
21 43
22 16
22 28
23 1
23 42
24 9
24 11
25 6
25 10
26 40
26 44
27 27
27 37
28 12
28 22
29 3
29 12
30 42
30 44
31 6
31 8
32 28
32 29
33 24
33 34
34 11
34 25
35 24
35 39
36 1
36 31
37 17
37 40
38 25
38 31
39 3
39 9
40 7
40 18
41 29
41 39
42 14
42 21
43 23
43 36
44 14
44 18

# solution 194
# n=45 sym=rct4 status=verified source=flammenkamp_cache/n45_rct4.mvr
# code=mvr:0 10 0 25 1 24 1 31 2 4 2 20 3 13 3 17 4
0 10
0 25
1 24
1 31
2 4
2 20
3 13
3 17
4 33
4 42
5 14
5 38
6 5
6 26
7 7
7 34
8 12
8 14
9 26
9 27
10 7
10 44
11 4
11 22
12 15
12 36
13 1
13 41
14 36
14 39
15 28
15 32
16 15
16 23
17 9
17 41
18 6
18 9
19 0
19 23
20 1
20 42
21 16
21 19
22 11
22 33
23 25
23 28
24 2
24 43
25 21
25 44
26 35
26 38
27 3
27 35
28 21
28 29
29 12
29 16
30 5
30 8
31 3
31 43
32 8
32 29
33 22
33 40
34 0
34 37
35 17
35 18
36 30
36 32
37 10
37 37
38 18
38 39
39 6
39 30
40 2
40 11
41 27
41 31
42 24
42 40
43 13
43 20
44 19
44 34

# solution 195
# n=45 sym=rct4 status=verified source=flammenkamp_cache/n45_rct4.mvr
# code=mvr:0 20 0 36 1 21 1 25 2 2 2 12 3 14 3 20 4
0 20
0 36
1 21
1 25
2 2
2 12
3 14
3 20
4 25
4 29
5 32
5 37
6 28
6 34
7 5
7 9
8 0
8 11
9 23
9 37
10 6
10 29
11 14
11 36
12 5
12 42
13 17
13 26
14 33
14 41
15 4
15 10
16 6
16 22
17 26
17 31
18 13
18 17
19 1
19 4
20 41
20 44
21 9
21 43
22 16
22 28
23 1
23 35
24 0
24 3
25 40
25 43
26 27
26 31
27 13
27 18
28 22
28 38
29 34
29 40
30 3
30 11
31 18
31 27
32 2
32 39
33 8
33 30
34 15
34 38
35 7
35 21
36 33
36 44
37 35
37 39
38 10
38 16
39 7
39 12
40 15
40 19
41 24
41 30
42 32
42 42
43 19
43 23
44 8
44 24

# solution 196
# n=45 sym=rct4 status=verified source=flammenkamp_cache/n45_rct4.mvr
# code=mvr:0 2 0 18 1 19 1 26 2 29 2 44 3 19 3 27 4
0 2
0 18
1 19
1 26
2 29
2 44
3 19
3 27
4 7
4 8
5 11
5 17
6 6
6 10
7 22
7 40
8 31
8 40
9 10
9 16
10 35
10 38
11 23
11 39
12 23
12 31
13 8
13 12
14 20
14 28
15 2
15 20
16 14
16 35
17 3
17 39
18 1
18 44
19 41
19 43
20 29
20 30
21 11
21 12
22 7
22 37
23 32
23 33
24 14
24 15
25 1
25 3
26 0
26 43
27 5
27 41
28 9
28 30
29 24
29 42
30 16
30 24
31 32
31 36
32 13
32 21
33 5
33 21
34 6
34 9
35 28
35 34
36 4
36 13
37 4
37 22
38 34
38 38
39 27
39 33
40 36
40 37
41 17
41 25
42 0
42 15
43 18
43 25
44 26
44 42

# solution 197
# n=45 sym=rct4 status=verified source=flammenkamp_cache/n45_rct4.mvr
# code=mvr:0 22 0 26 1 12 1 19 2 14 2 29 3 36 3 37 
0 22
0 26
1 12
1 19
2 14
2 29
3 36
3 37
4 16
4 20
5 12
5 38
6 5
6 23
7 3
7 30
8 3
8 34
9 20
9 34
10 8
10 9
11 17
11 31
12 39
12 43
13 11
13 27
14 7
14 42
15 2
15 15
16 25
16 40
17 13
17 33
18 0
18 23
19 16
19 43
20 35
20 40
21 6
21 18
22 0
22 44
23 26
23 38
24 4
24 9
25 1
25 28
26 21
26 44
27 11
27 31
28 4
28 19
29 29
29 42
30 2
30 37
31 17
31 33
32 1
32 5
33 13
33 27
34 35
34 36
35 10
35 24
36 10
36 41
37 14
37 41
38 21
38 39
39 6
39 32
40 24
40 28
41 7
41 8
42 15
42 30
43 25
43 32
44 18
44 22

# solution 198
# n=45 sym=rct4 status=verified source=flammenkamp_cache/n45_rct4.mvr
# code=mvr:0 30 0 34 1 20 1 25 2 4 2 8 3 16 3 27 4 
0 30
0 34
1 20
1 25
2 4
2 8
3 16
3 27
4 15
4 42
5 11
5 31
6 23
6 35
7 20
7 28
8 8
8 42
9 6
9 12
10 0
10 18
11 31
11 39
12 27
12 35
13 5
13 11
14 0
14 18
15 19
15 40
16 7
16 41
17 3
17 12
18 30
18 34
19 1
19 29
20 37
20 43
21 6
21 22
22 21
22 23
23 22
23 38
24 1
24 7
25 15
25 43
26 10
26 14
27 32
27 41
28 3
28 37
29 4
29 25
30 26
30 44
31 33
31 39
32 9
32 17
33 5
33 13
34 26
34 44
35 32
35 38
36 2
36 36
37 16
37 24
38 9
38 21
39 13
39 33
40 2
40 29
41 17
41 28
42 36
42 40
43 19
43 24
44 10
44 14

# solution 199
# n=45 sym=rct4 status=verified source=flammenkamp_cache/n45_rct4.mvr
# code=mvr:0 20 0 39 1 12 1 13 2 3 2 25 3 28 3 42 4
0 20
0 39
1 12
1 13
2 3
2 25
3 28
3 42
4 27
4 32
5 0
5 20
6 10
6 18
7 7
7 31
8 10
8 22
9 16
9 25
10 36
10 38
11 27
11 29
12 4
12 43
13 7
13 43
14 21
14 29
15 11
15 14
16 3
16 35
17 4
17 11
18 23
18 38
19 2
19 9
20 39
20 44
21 18
21 30
22 8
22 36
23 14
23 26
24 0
24 5
25 35
25 42
26 6
26 21
27 33
27 40
28 9
28 41
29 30
29 33
30 15
30 23
31 1
31 37
32 1
32 40
33 15
33 17
34 6
34 8
35 19
35 28
36 22
36 34
37 13
37 37
38 26
38 34
39 24
39 44
40 12
40 17
41 2
41 16
42 19
42 41
43 31
43 32
44 5
44 24

# solution 200
# n=45 sym=rct4 status=verified source=flammenkamp_cache/n45_rct4.mvr
# code=mvr:0 23 0 37 1 12 1 27 2 28 2 34 3 6 3 11 4
0 23
0 37
1 12
1 27
2 28
2 34
3 6
3 11
4 18
4 25
5 16
5 36
6 23
6 41
7 0
7 32
8 5
8 8
9 13
9 29
10 2
10 14
11 27
11 41
12 7
12 43
13 14
13 35
14 31
14 34
15 9
15 24
16 2
16 39
17 1
17 11
18 19
18 40
19 4
19 26
20 15
20 22
21 0
21 6
22 20
22 24
23 38
23 44
24 22
24 29
25 18
25 40
26 4
26 25
27 33
27 43
28 5
28 42
29 20
29 35
30 10
30 13
31 9
31 30
32 1
32 37
33 3
33 17
34 30
34 42
35 15
35 31
36 36
36 39
37 12
37 44
38 3
38 21
39 8
39 28
40 19
40 26
41 33
41 38
42 10
42 16
43 17
43 32
44 7
44 21

# solution 201
# n=45 sym=rct4 status=verified source=flammenkamp_cache/n45_rct4.mvr
# code=mvr:0 18 0 25 1 30 1 34 2 15 2 22 3 13 3 33 
0 18
0 25
1 30
1 34
2 15
2 22
3 13
3 33
4 34
4 36
5 8
5 12
6 12
6 37
7 6
7 21
8 4
8 39
9 23
9 26
10 1
10 4
11 3
11 28
12 38
12 39
13 15
13 41
14 1
14 19
15 31
15 42
16 11
16 17
17 24
17 28
18 9
18 44
19 0
19 30
20 17
20 20
21 9
21 37
22 2
22 42
23 7
23 35
24 24
24 27
25 14
25 44
26 0
26 35
27 16
27 20
28 27
28 33
29 2
29 13
30 25
30 43
31 3
31 29
32 5
32 6
33 16
33 41
34 40
34 43
35 18
35 21
36 5
36 40
37 23
37 38
38 7
38 32
39 32
39 36
40 8
40 10
41 11
41 31
42 22
42 29
43 10
43 14
44 19
44 26

# solution 202
# n=45 sym=rct4 status=verified source=flammenkamp_cache/n45_rct4.mvr
# code=mvr:0 25 0 28 1 8 1 20 2 2 2 20 3 17 3 31 4 
0 25
0 28
1 8
1 20
2 2
2 20
3 17
3 31
4 9
4 29
5 23
5 29
6 12
6 27
7 33
7 34
8 9
8 43
9 36
9 40
10 7
10 32
11 7
11 18
12 10
12 38
13 3
13 25
14 22
14 28
15 4
15 5
16 0
16 14
17 6
17 41
18 23
18 33
19 0
19 13
20 42
20 43
21 5
21 18
22 14
22 30
23 26
23 39
24 1
24 2
25 31
25 44
26 11
26 21
27 3
27 38
28 30
28 44
29 39
29 40
30 16
30 22
31 19
31 41
32 6
32 34
33 26
33 37
34 12
34 37
35 4
35 8
36 1
36 35
37 10
37 11
38 17
38 32
39 15
39 21
40 15
40 35
41 13
41 27
42 24
42 42
43 24
43 36
44 16
44 19

# solution 203
# n=45 sym=rct4 status=verified source=flammenkamp_cache/n45_rct4.mvr
# code=mvr:0 22 0 24 1 19 1 30 2 15 2 32 3 6 3 24 4
0 22
0 24
1 19
1 30
2 15
2 32
3 6
3 24
4 5
4 35
5 5
5 40
6 34
6 41
7 10
7 25
8 15
8 17
9 4
9 23
10 6
10 37
11 13
11 17
12 2
12 26
13 14
13 33
14 1
14 31
15 36
15 42
16 23
16 26
17 33
17 36
18 12
18 16
19 7
19 43
20 0
20 3
21 9
21 16
22 0
22 44
23 28
23 35
24 41
24 44
25 1
25 37
26 28
26 32
27 8
27 11
28 18
28 21
29 2
29 8
30 13
30 43
31 11
31 30
32 18
32 42
33 27
33 31
34 7
34 38
35 21
35 40
36 27
36 29
37 19
37 34
38 3
38 10
39 4
39 39
40 9
40 39
41 20
41 38
42 12
42 29
43 14
43 25
44 20
44 22

# solution 204
# n=45 sym=rct4 status=verified source=flammenkamp_cache/n45_rct4.mvr
# code=mvr:0 24 0 30 1 8 1 11 2 25 2 40 3 16 3 37 4
0 24
0 30
1 8
1 11
2 25
2 40
3 16
3 37
4 2
4 8
5 5
5 29
6 31
6 32
7 3
7 22
8 40
8 43
9 14
9 18
10 13
10 18
11 27
11 43
12 6
12 23
13 6
13 34
14 0
14 35
15 5
15 16
16 29
16 41
17 11
17 19
18 34
18 35
19 2
19 27
20 0
20 23
21 12
21 20
22 7
22 37
23 24
23 32
24 21
24 44
25 17
25 42
26 9
26 10
27 25
27 33
28 3
28 15
29 28
29 39
30 9
30 44
31 10
31 38
32 21
32 38
33 1
33 17
34 26
34 31
35 26
35 30
36 1
36 4
37 22
37 41
38 12
38 13
39 15
39 39
40 36
40 42
41 7
41 28
42 4
42 19
43 33
43 36
44 14
44 20

# solution 205
# n=45 sym=rct4 status=verified source=flammenkamp_cache/n45_rct4.mvr
# code=mvr:0 14 0 18 1 20 1 26 2 25 2 35 3 13 3 33 
0 14
0 18
1 20
1 26
2 25
2 35
3 13
3 33
4 6
4 9
5 20
5 25
6 22
6 40
7 13
7 34
8 29
8 33
9 2
9 40
10 7
10 21
11 3
11 8
12 12
12 14
13 37
13 41
14 32
14 44
15 8
15 16
16 27
16 29
17 16
17 23
18 1
18 44
19 2
19 5
20 39
20 43
21 17
21 34
22 6
22 38
23 10
23 27
24 1
24 5
25 39
25 42
26 0
26 43
27 21
27 28
28 15
28 17
29 28
29 36
30 0
30 12
31 3
31 7
32 30
32 32
33 36
33 41
34 23
34 37
35 4
35 42
36 11
36 15
37 10
37 31
38 4
38 22
39 19
39 24
40 35
40 38
41 11
41 31
42 9
42 19
43 18
43 24
44 26
44 30

# solution 206
# n=45 sym=rct4 status=verified source=flammenkamp_cache/n45_rct4.mvr
# code=mvr:0 12 0 20 1 6 1 30 2 2 2 21 3 25 3 30 4 
0 12
0 20
1 6
1 30
2 2
2 21
3 25
3 30
4 7
4 13
5 13
5 34
6 18
6 43
7 24
7 40
8 22
8 34
9 12
9 16
10 5
10 8
11 27
11 29
12 35
12 44
13 39
13 40
14 1
14 3
15 11
15 23
16 27
16 35
17 11
17 16
18 25
18 38
19 3
19 18
20 7
20 44
21 15
21 42
22 8
22 36
23 2
23 29
24 0
24 37
25 26
25 41
26 6
26 19
27 28
27 33
28 9
28 17
29 21
29 33
30 41
30 43
31 4
31 5
32 0
32 9
33 15
33 17
34 36
34 39
35 28
35 32
36 10
36 22
37 4
37 20
38 1
38 26
39 10
39 31
40 31
40 37
41 14
41 19
42 23
42 42
43 14
43 38
44 24
44 32

# solution 207
# n=45 sym=rct4 status=verified source=flammenkamp_cache/n45_rct4.mvr
# code=mvr:0 9 0 24 1 27 1 28 2 18 2 24 3 14 3 23 4
0 9
0 24
1 27
1 28
2 18
2 24
3 14
3 23
4 6
4 33
5 11
5 31
6 25
6 40
7 32
7 36
8 7
8 8
9 32
9 44
10 22
10 29
11 4
11 39
12 7
12 9
13 5
13 23
14 16
14 41
15 10
15 25
16 1
16 30
17 1
17 26
18 17
18 42
19 6
19 15
20 0
20 2
21 3
21 13
22 10
22 34
23 31
23 41
24 42
24 44
25 29
25 38
26 2
26 27
27 18
27 43
28 14
28 43
29 19
29 34
30 3
30 28
31 21
31 39
32 35
32 37
33 5
33 40
34 15
34 22
35 0
35 12
36 36
36 37
37 8
37 12
38 4
38 19
39 13
39 33
40 11
40 38
41 21
41 30
42 20
42 26
43 16
43 17
44 20
44 35

# solution 208
# n=45 sym=rct4 status=verified source=flammenkamp_cache/n45_rct4.mvr
# code=mvr:0 16 0 21 1 13 1 15 2 18 2 22 3 34 3 36 
0 16
0 21
1 13
1 15
2 18
2 22
3 34
3 36
4 27
4 29
5 6
5 30
6 23
6 39
7 11
7 34
8 3
8 12
9 9
9 27
10 3
10 7
11 25
11 37
12 14
12 36
13 28
13 43
14 5
14 32
15 4
15 43
16 13
16 44
17 4
17 9
18 20
18 42
19 11
19 20
20 25
20 26
21 6
21 44
22 2
22 42
23 0
23 38
24 18
24 19
25 24
25 33
26 2
26 24
27 35
27 40
28 0
28 31
29 1
29 40
30 12
30 39
31 1
31 16
32 8
32 30
33 7
33 19
34 37
34 41
35 17
35 35
36 32
36 41
37 10
37 33
38 5
38 21
39 14
39 38
40 15
40 17
41 8
41 10
42 22
42 26
43 29
43 31
44 23
44 28

# solution 209
# n=45 sym=rct4 status=verified source=flammenkamp_cache/n45_rct4.mvr
# code=mvr:0 14 0 16 1 23 1 35 2 8 2 18 3 14 3 26 4
0 14
0 16
1 23
1 35
2 8
2 18
3 14
3 26
4 11
4 27
5 15
5 35
6 33
6 37
7 6
7 24
8 34
8 42
9 1
9 5
10 8
10 22
11 6
11 40
12 12
12 29
13 23
13 27
14 41
14 44
15 12
15 39
16 19
16 44
17 4
17 13
18 3
18 42
19 20
19 28
20 7
20 25
21 1
21 13
22 10
22 34
23 31
23 43
24 19
24 37
25 16
25 24
26 2
26 41
27 31
27 40
28 0
28 25
29 5
29 32
30 0
30 3
31 17
31 21
32 15
32 32
33 4
33 38
34 22
34 36
35 39
35 43
36 2
36 10
37 20
37 38
38 7
38 11
39 9
39 29
40 17
40 33
41 18
41 30
42 26
42 36
43 9
43 21
44 28
44 30

# solution 210
# n=45 sym=rct4 status=verified source=flammenkamp_cache/n45_rct4.mvr
# code=mvr:0 10 0 16 1 23 1 29 2 19 2 31 3 29 3 40 
0 10
0 16
1 23
1 29
2 19
2 31
3 29
3 40
4 3
4 36
5 5
5 12
6 11
6 36
7 22
7 23
8 4
8 6
9 14
9 26
10 16
10 44
11 20
11 38
12 31
12 39
13 2
13 12
14 26
14 35
15 1
15 3
16 34
16 44
17 20
17 25
18 9
18 14
19 17
19 42
20 27
20 33
21 1
21 7
22 7
22 37
23 37
23 43
24 11
24 17
25 2
25 27
26 30
26 35
27 19
27 24
28 0
28 10
29 41
29 43
30 9
30 18
31 32
31 42
32 5
32 13
33 6
33 24
34 0
34 28
35 18
35 30
36 38
36 40
37 21
37 22
38 8
38 33
39 32
39 39
40 8
40 41
41 4
41 15
42 13
42 25
43 15
43 21
44 28
44 34

# solution 211
# n=45 sym=rct4 status=verified source=flammenkamp_cache/n45_rct4.mvr
# code=mvr:0 23 0 39 1 15 1 16 2 20 2 26 3 3 3 15 4
0 23
0 39
1 15
1 16
2 20
2 26
3 3
3 15
4 12
4 36
5 0
5 30
6 9
6 18
7 31
7 32
8 4
8 25
9 16
9 38
10 23
10 25
11 14
11 17
12 7
12 40
13 7
13 27
14 5
14 33
15 41
15 43
16 35
16 43
17 13
17 33
18 2
18 38
19 8
19 10
20 22
20 42
21 0
21 10
22 20
22 24
23 34
23 44
24 2
24 22
25 34
25 36
26 6
26 42
27 11
27 31
28 1
28 9
29 1
29 3
30 11
30 39
31 17
31 37
32 4
32 37
33 27
33 30
34 19
34 21
35 6
35 28
36 19
36 40
37 12
37 13
38 26
38 35
39 14
39 44
40 8
40 32
41 29
41 41
42 18
42 24
43 28
43 29
44 5
44 21

# solution 212
# n=45 sym=rct4 status=verified source=flammenkamp_cache/n45_rct4.mvr
# code=mvr:0 10 0 21 1 18 1 27 2 10 2 31 3 24 3 25 
0 10
0 21
1 18
1 27
2 10
2 31
3 24
3 25
4 7
4 33
5 14
5 16
6 24
6 32
7 9
7 40
8 8
8 12
9 29
9 37
10 42
10 44
11 4
11 23
12 6
12 36
13 2
13 28
14 15
14 39
15 9
15 30
16 13
16 39
17 1
17 22
18 19
18 43
19 3
19 26
20 3
20 6
21 11
21 44
22 17
22 27
23 0
23 33
24 38
24 41
25 18
25 41
26 1
26 25
27 22
27 43
28 5
28 31
29 14
29 35
30 5
30 29
31 16
31 42
32 8
32 38
33 21
33 40
34 0
34 2
35 7
35 15
36 32
36 36
37 4
37 35
38 12
38 20
39 28
39 30
40 11
40 37
41 19
41 20
42 13
42 34
43 17
43 26
44 23
44 34

