# solution 1
# n=46 sym=rot4 status=verified source=flammenkamp_cache/n46_rot4.mvr
# code=mvr:0 12 0 19 1 15 1 42 2 24 2 28 3 1 3 11 4
0 12
0 19
1 15
1 42
2 24
2 28
3 1
3 11
4 18
4 31
5 8
5 23
6 11
6 19
7 28
7 32
8 35
8 40
9 18
9 29
10 8
10 31
11 39
11 42
12 21
12 45
13 7
13 29
14 4
14 10
15 23
15 44
16 9
16 13
17 2
17 7
18 36
18 41
19 39
19 45
20 20
20 25
21 2
21 33
22 5
22 15
23 30
23 40
24 12
24 43
25 20
25 25
26 0
26 6
27 4
27 9
28 38
28 43
29 32
29 36
30 1
30 22
31 35
31 41
32 16
32 38
33 0
33 24
34 3
34 6
35 14
35 37
36 16
36 27
37 5
37 10
38 13
38 17
39 26
39 34
40 22
40 37
41 14
41 27
42 34
42 44
43 17
43 21
44 3
44 30
45 26
45 33

# solution 2
# n=46 sym=rot4 status=verified source=flammenkamp_cache/n46_rot4.mvr
# code=mvr:0 13 0 39 1 21 1 28 2 18 2 36 3 30 3 34 
0 13
0 39
1 21
1 28
2 18
2 36
3 30
3 34
4 21
4 29
5 7
5 14
6 0
6 15
7 28
7 40
8 13
8 23
9 2
9 10
10 18
10 36
11 3
11 33
12 11
12 14
13 37
13 45
14 33
14 40
15 3
15 39
16 4
16 19
17 1
17 7
18 35
18 43
19 23
19 29
20 20
20 25
21 41
21 44
22 8
22 19
23 26
23 37
24 1
24 4
25 20
25 25
26 16
26 22
27 2
27 10
28 38
28 44
29 26
29 41
30 6
30 42
31 5
31 12
32 0
32 8
33 31
33 34
34 12
34 42
35 9
35 27
36 35
36 43
37 22
37 32
38 5
38 17
39 30
39 45
40 31
40 38
41 16
41 24
42 11
42 15
43 9
43 27
44 17
44 24
45 6
45 32

# solution 3
# n=46 sym=rot4 status=verified source=flammenkamp_cache/n46_rot4.mvr
# code=mvr:0 31 0 38 1 24 1 27 2 15 2 35 3 13 3 21 
0 31
0 38
1 24
1 27
2 15
2 35
3 13
3 21
4 16
4 40
5 4
5 28
6 34
6 38
7 0
7 6
8 10
8 34
9 15
9 27
10 2
10 37
11 6
11 8
12 19
12 23
13 28
13 42
14 0
14 16
15 36
15 43
16 31
16 41
17 5
17 13
18 1
18 9
19 23
19 33
20 20
20 25
21 1
21 42
22 12
22 19
23 26
23 33
24 3
24 44
25 20
25 25
26 12
26 22
27 36
27 44
28 32
28 40
29 4
29 14
30 2
30 9
31 29
31 45
32 3
32 17
33 22
33 26
34 37
34 39
35 8
35 43
36 18
36 30
37 11
37 35
38 39
38 45
39 7
39 11
40 17
40 41
41 5
41 29
42 24
42 32
43 10
43 30
44 18
44 21
45 7
45 14

# solution 4
# n=46 sym=rot4 status=verified source=flammenkamp_cache/n46_rot4.mvr
# code=mvr:0 24 0 33 1 27 1 37 2 10 2 37 3 14 3 30 
0 24
0 33
1 27
1 37
2 10
2 37
3 14
3 30
4 19
4 27
5 11
5 29
6 19
6 38
7 6
7 24
8 1
8 2
9 11
9 13
10 32
10 43
11 36
11 40
12 0
12 28
13 10
13 36
14 16
14 42
15 3
15 25
16 5
16 31
17 12
17 20
18 1
18 4
19 39
19 41
20 15
20 28
21 0
21 7
22 22
22 23
23 22
23 23
24 38
24 45
25 17
25 30
26 4
26 6
27 41
27 44
28 25
28 33
29 14
29 40
30 20
30 42
31 3
31 29
32 9
32 35
33 17
33 45
34 5
34 9
35 2
35 13
36 32
36 34
37 43
37 44
38 21
38 39
39 7
39 26
40 16
40 34
41 18
41 26
42 15
42 31
43 8
43 35
44 8
44 18
45 12
45 21

# solution 5
# n=46 sym=rot4 status=verified source=flammenkamp_cache/n46_rot4.mvr
# code=mvr:0 24 0 26 1 6 1 23 2 13 2 29 3 9 3 32 4 
0 24
0 26
1 6
1 23
2 13
2 29
3 9
3 32
4 33
4 37
5 21
5 23
6 11
6 44
7 25
7 30
8 4
8 25
9 11
9 42
10 10
10 35
11 36
11 39
12 4
12 18
13 3
13 43
14 18
14 30
15 7
15 14
16 2
16 17
17 26
17 29
18 31
18 33
19 0
19 17
20 7
20 8
21 0
21 40
22 1
22 5
23 40
23 44
24 5
24 45
25 37
25 38
26 28
26 45
27 12
27 14
28 16
28 19
29 28
29 43
30 31
30 38
31 15
31 27
32 2
32 42
33 27
33 41
34 6
34 9
35 10
35 35
36 3
36 34
37 20
37 41
38 15
38 20
39 1
39 34
40 22
40 24
41 8
41 12
42 13
42 36
43 16
43 32
44 22
44 39
45 19
45 21

# solution 6
# n=46 sym=rot4 status=verified source=flammenkamp_cache/n46_rot4.mvr
# code=mvr:0 10 0 13 1 20 1 27 2 16 2 21 3 20 3 28 
0 10
0 13
1 20
1 27
2 16
2 21
3 20
3 28
4 14
4 38
5 34
5 39
6 5
6 14
7 4
7 9
8 26
8 32
9 10
9 38
10 36
10 45
11 5
11 19
12 24
12 30
13 8
13 45
14 39
14 41
15 12
15 17
16 23
16 43
17 3
17 30
18 1
18 23
19 8
19 34
20 42
20 44
21 12
21 43
22 16
22 18
23 27
23 29
24 2
24 33
25 1
25 3
26 11
26 37
27 22
27 44
28 15
28 42
29 2
29 22
30 28
30 33
31 4
31 6
32 0
32 37
33 15
33 21
34 26
34 40
35 0
35 9
36 7
36 35
37 13
37 19
38 36
38 41
39 31
39 40
40 6
40 11
41 7
41 31
42 17
42 25
43 24
43 29
44 18
44 25
45 32
45 35

# solution 7
# n=46 sym=rot4 status=verified source=flammenkamp_cache/n46_rot4.mvr
# code=mvr:0 13 0 29 1 4 1 27 2 21 2 27 3 22 3 29 4
0 13
0 29
1 4
1 27
2 21
2 27
3 22
3 29
4 40
4 44
5 4
5 32
6 11
6 14
7 10
7 11
8 14
8 28
9 21
9 30
10 12
10 38
11 38
11 39
12 23
12 35
13 5
13 45
14 37
14 39
15 9
15 19
16 0
16 3
17 8
17 19
18 1
18 2
19 28
19 30
20 20
20 25
21 36
21 43
22 12
22 42
23 3
23 33
24 2
24 9
25 20
25 25
26 15
26 17
27 43
27 44
28 26
28 37
29 42
29 45
30 26
30 36
31 6
31 8
32 0
32 40
33 10
33 22
34 6
34 7
35 7
35 33
36 15
36 24
37 17
37 31
38 34
38 35
39 31
39 34
40 13
40 41
41 1
41 5
42 16
42 23
43 18
43 24
44 18
44 41
45 16
45 32

# solution 8
# n=46 sym=rot4 status=verified source=flammenkamp_cache/n46_rot4.mvr
# code=mvr:0 26 0 36 1 12 1 15 2 6 2 18 3 15 3 25 4
0 26
0 36
1 12
1 15
2 6
2 18
3 15
3 25
4 17
4 21
5 14
5 34
6 18
6 43
7 34
7 37
8 7
8 32
9 0
9 29
10 10
10 35
11 5
11 7
12 23
12 44
13 8
13 26
14 17
14 40
15 42
15 44
16 9
16 21
17 31
17 41
18 39
18 43
19 0
19 13
20 3
20 23
21 29
21 41
22 12
22 20
23 25
23 33
24 4
24 16
25 22
25 42
26 32
26 45
27 2
27 6
28 4
28 14
29 24
29 36
30 1
30 3
31 5
31 28
32 19
32 37
33 1
33 22
34 38
34 40
35 10
35 35
36 16
36 45
37 13
37 38
38 8
38 11
39 2
39 27
40 11
40 31
41 24
41 28
42 20
42 30
43 27
43 39
44 30
44 33
45 9
45 19

# solution 9
# n=46 sym=rot4 status=verified source=flammenkamp_cache/n46_rot4.mvr
# code=mvr:0 23 0 27 1 15 1 37 2 33 2 34 3 23 3 24 
0 23
0 27
1 15
1 37
2 33
2 34
3 23
3 24
4 10
4 24
5 13
5 29
6 36
6 38
7 6
7 31
8 1
8 27
9 6
9 14
10 33
10 41
11 2
11 26
12 2
12 10
13 17
13 40
14 7
14 36
15 16
15 44
16 5
16 30
17 26
17 32
18 0
18 8
19 11
19 17
20 20
20 25
21 3
21 4
22 0
22 3
23 42
23 45
24 41
24 42
25 20
25 25
26 28
26 34
27 37
27 45
28 13
28 19
29 15
29 40
30 1
30 29
31 9
31 38
32 5
32 28
33 35
33 43
34 19
34 43
35 4
35 12
36 31
36 39
37 18
37 44
38 14
38 39
39 7
39 9
40 16
40 32
41 21
41 35
42 21
42 22
43 11
43 12
44 8
44 30
45 18
45 22

# solution 10
# n=46 sym=rot4 status=verified source=flammenkamp_cache/n46_rot4.mvr
# code=mvr:0 16 0 28 1 10 1 22 2 18 2 34 3 7 3 36 4
0 16
0 28
1 10
1 22
2 18
2 34
3 7
3 36
4 12
4 21
5 19
5 29
6 21
6 38
7 6
7 42
8 10
8 15
9 3
9 13
10 37
10 44
11 2
11 23
12 27
12 41
13 14
13 36
14 26
14 32
15 17
15 37
16 5
16 45
17 0
17 30
18 12
18 43
19 14
19 40
20 20
20 25
21 39
21 41
22 11
22 44
23 1
23 34
24 4
24 6
25 20
25 25
26 5
26 31
27 2
27 33
28 15
28 45
29 0
29 40
30 8
30 28
31 13
31 19
32 9
32 31
33 4
33 18
34 22
34 43
35 1
35 8
36 32
36 42
37 30
37 35
38 3
38 39
39 7
39 24
40 16
40 26
41 24
41 33
42 9
42 38
43 11
43 27
44 23
44 35
45 17
45 29

# solution 11
# n=46 sym=rot4 status=verified source=flammenkamp_cache/n46_rot4.mvr
# code=mvr:0 12 0 26 1 15 1 18 2 25 2 27 3 13 3 34 
0 12
0 26
1 15
1 18
2 25
2 27
3 13
3 34
4 19
4 25
5 7
5 35
6 8
6 12
7 31
7 40
8 28
8 39
9 29
9 32
10 5
10 11
11 3
11 35
12 39
12 45
13 9
13 42
14 7
14 22
15 29
15 44
16 9
16 15
17 8
17 23
18 2
18 44
19 0
19 41
20 2
20 4
21 21
21 24
22 17
22 31
23 14
23 28
24 21
24 24
25 41
25 43
26 4
26 45
27 1
27 43
28 22
28 37
29 30
29 36
30 1
30 16
31 23
31 38
32 3
32 36
33 0
33 6
34 10
34 42
35 34
35 40
36 13
36 16
37 6
37 17
38 5
38 14
39 33
39 37
40 10
40 38
41 20
41 26
42 11
42 32
43 18
43 20
44 27
44 30
45 19
45 33

# solution 12
# n=46 sym=rot4 status=verified source=flammenkamp_cache/n46_rot4.mvr
# code=mvr:0 13 0 26 1 38 1 39 2 14 2 22 3 23 3 33 
0 13
0 26
1 38
1 39
2 14
2 22
3 23
3 33
4 17
4 26
5 30
5 34
6 1
6 13
7 1
7 34
8 15
8 20
9 27
9 33
10 24
10 31
11 5
11 7
12 3
12 9
13 39
13 45
14 10
14 43
15 5
15 37
16 18
16 24
17 20
17 41
18 9
18 29
19 0
19 4
20 28
20 37
21 10
21 16
22 3
22 43
23 2
23 42
24 29
24 35
25 8
25 17
26 41
26 45
27 16
27 36
28 4
28 25
29 21
29 27
30 8
30 40
31 2
31 35
32 0
32 6
33 36
33 42
34 38
34 40
35 14
35 21
36 12
36 18
37 25
37 30
38 11
38 44
39 32
39 44
40 11
40 15
41 19
41 28
42 12
42 22
43 23
43 31
44 6
44 7
45 19
45 32

# solution 13
# n=46 sym=rot4 status=verified source=flammenkamp_cache/n46_rot4.mvr
# code=mvr:0 11 0 22 1 14 1 19 2 18 2 34 3 9 3 12 4
0 11
0 22
1 14
1 19
2 18
2 34
3 9
3 12
4 21
4 28
5 32
5 38
6 25
6 35
7 5
7 14
8 18
8 23
9 21
9 42
10 6
10 12
11 2
11 45
12 35
12 42
13 5
13 16
14 38
14 44
15 19
15 25
16 28
16 32
17 4
17 16
18 37
18 43
19 30
19 44
20 6
20 15
21 36
21 41
22 8
22 45
23 0
23 37
24 4
24 9
25 30
25 39
26 1
26 15
27 2
27 8
28 29
28 41
29 13
29 17
30 20
30 26
31 1
31 7
32 29
32 40
33 3
33 10
34 0
34 43
35 33
35 39
36 3
36 24
37 22
37 27
38 31
38 40
39 10
39 20
40 7
40 13
41 17
41 24
42 33
42 36
43 11
43 27
44 26
44 31
45 23
45 34

# solution 14
# n=46 sym=rot4 status=verified source=flammenkamp_cache/n46_rot4.mvr
# code=mvr:0 27 0 44 1 0 1 20 2 9 2 32 3 22 3 37 4 
0 27
0 44
1 0
1 20
2 9
2 32
3 22
3 37
4 16
4 30
5 15
5 31
6 19
6 21
7 17
7 35
8 3
8 9
9 37
9 43
10 7
10 27
11 28
11 32
12 20
12 21
13 2
13 11
14 5
14 29
15 4
15 40
16 14
16 41
17 11
17 38
18 0
18 10
19 23
19 39
20 33
20 44
21 33
21 39
22 19
22 42
23 3
23 26
24 6
24 12
25 1
25 12
26 6
26 22
27 35
27 45
28 7
28 34
29 4
29 31
30 5
30 41
31 16
31 40
32 34
32 43
33 24
33 25
34 13
34 17
35 18
35 38
36 2
36 8
37 36
37 42
38 10
38 28
39 24
39 26
40 14
40 30
41 15
41 29
42 8
42 23
43 13
43 36
44 25
44 45
45 1
45 18

# solution 15
# n=46 sym=rot4 status=verified source=flammenkamp_cache/n46_rot4.mvr
# code=mvr:0 25 0 28 1 23 1 25 2 14 2 16 3 8 3 30 4
0 25
0 28
1 23
1 25
2 14
2 16
3 8
3 30
4 24
4 34
5 24
5 39
6 5
6 16
7 9
7 10
8 19
8 42
9 32
9 38
10 17
10 38
11 4
11 32
12 18
12 27
13 9
13 11
14 15
14 43
15 3
15 31
16 39
16 43
17 0
17 35
18 12
18 33
19 23
19 37
20 0
20 1
21 4
21 5
22 1
22 19
23 26
23 44
24 40
24 41
25 44
25 45
26 8
26 22
27 12
27 33
28 10
28 45
29 2
29 6
30 14
30 42
31 2
31 30
32 34
32 36
33 18
33 27
34 13
34 41
35 7
35 28
36 7
36 13
37 3
37 26
38 35
38 36
39 29
39 40
40 6
40 21
41 11
41 21
42 15
42 37
43 29
43 31
44 20
44 22
45 17
45 20

# solution 16
# n=46 sym=rot4 status=verified source=flammenkamp_cache/n46_rot4.mvr
# code=mvr:0 22 0 32 1 15 1 41 2 14 2 17 3 21 3 33 
0 22
0 32
1 15
1 41
2 14
2 17
3 21
3 33
4 1
4 36
5 14
5 19
6 24
6 26
7 11
7 15
8 9
8 35
9 4
9 37
10 8
10 18
11 27
11 38
12 3
12 23
13 0
13 29
14 40
14 43
15 38
15 44
16 13
16 17
17 29
17 43
18 11
18 35
19 6
19 40
20 20
20 25
21 6
21 42
22 12
22 45
23 0
23 33
24 3
24 39
25 20
25 25
26 5
26 39
27 10
27 34
28 2
28 16
29 28
29 32
30 1
30 7
31 2
31 5
32 16
32 45
33 22
33 42
34 7
34 18
35 27
35 37
36 8
36 41
37 10
37 36
38 30
38 34
39 19
39 21
40 26
40 31
41 9
41 44
42 12
42 24
43 28
43 31
44 4
44 30
45 13
45 23

# solution 17
# n=46 sym=rot4 status=verified source=flammenkamp_cache/n46_rot4.mvr
# code=mvr:0 31 0 40 1 15 1 17 2 10 2 20 3 6 3 24 4
0 31
0 40
1 15
1 17
2 10
2 20
3 6
3 24
4 16
4 19
5 0
5 20
6 37
6 42
7 11
7 13
8 6
8 27
9 14
9 15
10 33
10 43
11 27
11 38
12 10
12 23
13 24
13 38
14 0
14 36
15 36
15 44
16 28
16 41
17 16
17 44
18 8
18 11
19 23
19 41
20 40
20 43
21 3
21 13
22 12
22 19
23 26
23 33
24 32
24 42
25 2
25 5
26 4
26 22
27 34
27 37
28 1
28 29
29 4
29 17
30 1
30 9
31 9
31 45
32 7
32 21
33 22
33 35
34 7
34 18
35 2
35 12
36 30
36 31
37 18
37 39
38 32
38 34
39 3
39 8
40 25
40 45
41 26
41 29
42 21
42 39
43 25
43 35
44 28
44 30
45 5
45 14

# solution 18
# n=46 sym=rot4 status=verified source=flammenkamp_cache/n46_rot4.mvr
# code=mvr:0 20 0 22 1 23 1 28 2 6 2 14 3 35 3 37 4
0 20
0 22
1 23
1 28
2 6
2 14
3 35
3 37
4 27
4 30
5 7
5 31
6 12
6 43
7 10
7 40
8 3
8 24
9 11
9 15
10 3
10 38
11 24
11 36
12 32
12 39
13 12
13 27
14 5
14 43
15 4
15 36
16 17
16 25
17 1
17 29
18 4
18 13
19 19
19 26
20 16
20 45
21 8
21 11
22 1
22 45
23 0
23 44
24 34
24 37
25 0
25 29
26 19
26 26
27 32
27 41
28 16
28 44
29 20
29 28
30 9
30 41
31 2
31 40
32 18
32 33
33 6
33 13
34 9
34 21
35 7
35 42
36 30
36 34
37 21
37 42
38 5
38 35
39 2
39 33
40 14
40 38
41 15
41 18
42 8
42 10
43 31
43 39
44 17
44 22
45 23
45 25

# solution 19
# n=46 sym=rot4 status=verified source=flammenkamp_cache/n46_rot4.mvr
# code=mvr:0 18 0 25 1 22 1 24 2 16 2 32 3 11 3 25 
0 18
0 25
1 22
1 24
2 16
2 32
3 11
3 25
4 11
4 23
5 36
5 39
6 5
6 38
7 6
7 36
8 14
8 32
9 5
9 7
10 16
10 31
11 41
11 42
12 21
12 28
13 2
13 8
14 10
14 37
15 27
15 28
16 35
16 43
17 12
17 15
18 15
18 45
19 19
19 26
20 0
20 3
21 1
21 33
22 4
22 44
23 1
23 41
24 12
24 44
25 42
25 45
26 19
26 26
27 0
27 30
28 30
28 33
29 2
29 10
30 17
30 18
31 8
31 35
32 37
32 43
33 17
33 24
34 3
34 4
35 14
35 29
36 38
36 40
37 13
37 31
38 9
38 39
39 7
39 40
40 6
40 9
41 22
41 34
42 20
42 34
43 13
43 29
44 21
44 23
45 20
45 27

# solution 20
# n=46 sym=rot4 status=verified source=flammenkamp_cache/n46_rot4.mvr
# code=mvr:0 18 0 25 1 22 1 24 2 29 2 32 3 11 3 25 
0 18
0 25
1 22
1 24
2 29
2 32
3 11
3 25
4 11
4 23
5 36
5 39
6 5
6 38
7 6
7 36
8 14
8 32
9 5
9 7
10 16
10 31
11 41
11 42
12 21
12 28
13 2
13 8
14 10
14 37
15 27
15 28
16 2
16 35
17 12
17 15
18 15
18 45
19 19
19 26
20 0
20 3
21 1
21 33
22 4
22 44
23 1
23 41
24 12
24 44
25 42
25 45
26 19
26 26
27 0
27 30
28 30
28 33
29 10
29 43
30 17
30 18
31 8
31 35
32 37
32 43
33 17
33 24
34 3
34 4
35 14
35 29
36 38
36 40
37 13
37 31
38 9
38 39
39 7
39 40
40 6
40 9
41 22
41 34
42 20
42 34
43 13
43 16
44 21
44 23
45 20
45 27

# solution 21
# n=46 sym=rot4 status=verified source=flammenkamp_cache/n46_rot4.mvr
# code=mvr:0 29 0 36 1 19 1 22 2 6 2 13 3 13 3 25 4
0 29
0 36
1 19
1 22
2 6
2 13
3 13
3 25
4 11
4 18
5 14
5 30
6 25
6 43
7 11
7 19
8 14
8 29
9 0
9 12
10 18
10 23
11 38
11 41
12 28
12 36
13 42
13 43
14 37
14 40
15 5
15 17
16 0
16 8
17 12
17 30
18 35
18 41
19 38
19 44
20 3
20 6
21 21
21 24
22 10
22 44
23 1
23 35
24 21
24 24
25 39
25 42
26 1
26 7
27 4
27 10
28 15
28 33
29 37
29 45
30 28
30 40
31 5
31 8
32 2
32 3
33 9
33 17
34 4
34 7
35 22
35 27
36 33
36 45
37 16
37 31
38 26
38 34
39 2
39 20
40 15
40 31
41 27
41 34
42 20
42 32
43 32
43 39
44 23
44 26
45 9
45 16

# solution 22
# n=46 sym=rot4 status=verified source=flammenkamp_cache/n46_rot4.mvr
# code=mvr:0 19 0 29 1 18 1 29 2 19 2 24 3 28 3 33 
0 19
0 29
1 18
1 29
2 19
2 24
3 28
3 33
4 18
4 28
5 11
5 13
6 7
6 38
7 6
7 39
8 14
8 35
9 20
9 21
10 8
10 13
11 14
11 40
12 3
12 23
13 35
13 40
14 34
14 37
15 20
15 23
16 0
16 1
17 3
17 4
18 41
18 44
19 43
19 45
20 30
20 36
21 2
21 36
22 12
22 15
23 30
23 33
24 9
24 43
25 9
25 15
26 0
26 2
27 1
27 4
28 41
28 42
29 44
29 45
30 22
30 25
31 8
31 11
32 5
32 10
33 22
33 42
34 5
34 31
35 32
35 37
36 24
36 25
37 10
37 31
38 6
38 39
39 7
39 38
40 32
40 34
41 17
41 27
42 12
42 17
43 21
43 26
44 16
44 27
45 16
45 26

# solution 23
# n=46 sym=rot4 status=verified source=flammenkamp_cache/n46_rot4.mvr
# code=mvr:0 22 0 26 1 11 1 18 2 31 2 32 3 7 3 18 4
0 22
0 26
1 11
1 18
2 31
2 32
3 7
3 18
4 31
4 35
5 19
5 39
6 5
6 11
7 30
7 42
8 16
8 35
9 23
9 29
10 4
10 8
11 39
11 44
12 24
12 32
13 2
13 12
14 2
14 4
15 7
15 17
16 9
16 37
17 21
17 30
18 42
18 44
19 0
19 40
20 20
20 25
21 12
21 28
22 9
22 45
23 0
23 36
24 17
24 33
25 20
25 25
26 5
26 45
27 1
27 3
28 15
28 24
29 8
29 36
30 28
30 38
31 41
31 43
32 33
32 43
33 13
33 21
34 1
34 6
35 37
35 41
36 16
36 22
37 10
37 29
38 3
38 15
39 34
39 40
40 6
40 26
41 10
41 14
42 27
42 38
43 13
43 14
44 27
44 34
45 19
45 23

# solution 24
# n=46 sym=rot4 status=verified source=flammenkamp_cache/n46_rot4.mvr
# code=mvr:0 10 0 11 1 17 1 18 2 29 2 31 3 6 3 18 4
0 10
0 11
1 17
1 18
2 29
2 31
3 6
3 18
4 13
4 36
5 26
5 29
6 24
6 42
7 17
7 33
8 25
8 30
9 4
9 11
10 33
10 45
11 36
11 45
12 7
12 10
13 26
13 41
14 2
14 22
15 8
15 23
16 2
16 5
17 38
17 44
18 42
18 44
19 5
19 13
20 8
20 24
21 6
21 20
22 15
22 31
23 14
23 30
24 25
24 39
25 21
25 37
26 32
26 40
27 1
27 3
28 1
28 7
29 40
29 43
30 22
30 37
31 23
31 43
32 4
32 19
33 35
33 38
34 0
34 9
35 0
35 12
36 34
36 41
37 15
37 20
38 12
38 28
39 3
39 21
40 16
40 19
41 9
41 32
42 27
42 39
43 14
43 16
44 27
44 28
45 34
45 35

# solution 25
# n=46 sym=rot4 status=verified source=flammenkamp_cache/n46_rot4.mvr
# code=mvr:0 19 0 22 1 11 1 35 2 7 2 19 3 24 3 33 4
0 19
0 22
1 11
1 35
2 7
2 19
3 24
3 33
4 8
4 25
5 15
5 18
6 8
6 20
7 33
7 43
8 39
8 41
9 24
9 29
10 1
10 18
11 14
11 44
12 3
12 7
13 14
13 16
14 32
14 34
15 23
15 40
16 9
16 32
17 17
17 28
18 35
18 40
19 43
19 45
20 4
20 39
21 3
21 9
22 15
22 45
23 0
23 30
24 36
24 42
25 6
25 41
26 0
26 2
27 5
27 10
28 17
28 28
29 13
29 36
30 5
30 22
31 11
31 13
32 29
32 31
33 38
33 42
34 1
34 31
35 27
35 44
36 16
36 21
37 4
37 6
38 2
38 12
39 25
39 37
40 27
40 30
41 20
41 37
42 12
42 21
43 26
43 38
44 10
44 34
45 23
45 26

# solution 26
# n=46 sym=rot4 status=verified source=flammenkamp_cache/n46_rot4.mvr
# code=mvr:0 20 0 28 1 21 1 33 2 15 2 21 3 10 3 27 
0 20
0 28
1 21
1 33
2 15
2 21
3 10
3 27
4 12
4 35
5 7
5 36
6 20
6 27
7 32
7 40
8 13
8 15
9 5
9 26
10 4
10 42
11 16
11 22
12 1
12 41
13 7
13 37
14 23
14 28
15 37
15 43
16 26
16 34
17 0
17 14
18 3
18 6
19 9
19 16
20 39
20 45
21 43
21 44
22 14
22 34
23 11
23 31
24 1
24 2
25 0
25 6
26 29
26 36
27 39
27 42
28 31
28 45
29 11
29 19
30 2
30 8
31 17
31 22
32 8
32 38
33 4
33 44
34 23
34 29
35 3
35 41
36 19
36 40
37 30
37 32
38 5
38 13
39 18
39 25
40 9
40 38
41 10
41 33
42 18
42 35
43 24
43 30
44 12
44 24
45 17
45 25

# solution 27
# n=46 sym=rot4 status=verified source=flammenkamp_cache/n46_rot4.mvr
# code=mvr:0 24 0 32 1 19 1 27 2 11 2 27 3 30 3 37 
0 24
0 32
1 19
1 27
2 11
2 27
3 30
3 37
4 35
4 39
5 16
5 35
6 4
6 24
7 17
7 37
8 3
8 7
9 16
9 32
10 4
10 5
11 25
11 43
12 14
12 20
13 0
13 9
14 17
14 33
15 3
15 26
16 36
16 40
17 31
17 38
18 1
18 2
19 15
19 44
20 11
20 33
21 0
21 6
22 22
22 23
23 22
23 23
24 39
24 45
25 12
25 34
26 1
26 30
27 43
27 44
28 7
28 14
29 5
29 9
30 19
30 42
31 12
31 28
32 36
32 45
33 25
33 31
34 2
34 20
35 40
35 41
36 13
36 29
37 38
37 42
38 8
38 28
39 21
39 41
40 10
40 29
41 6
41 10
42 8
42 15
43 18
43 34
44 18
44 26
45 13
45 21

# solution 28
# n=46 sym=rot4 status=verified source=flammenkamp_cache/n46_rot4.mvr
# code=mvr:0 6 0 35 1 21 1 29 2 14 2 26 3 5 3 20 4 
0 6
0 35
1 21
1 29
2 14
2 26
3 5
3 20
4 19
4 28
5 30
5 42
6 20
6 45
7 30
7 36
8 9
8 11
9 7
9 37
10 0
10 21
11 22
11 37
12 13
12 28
13 29
13 33
14 23
14 43
15 5
15 7
16 1
16 13
17 4
17 12
18 18
18 27
19 2
19 41
20 39
20 42
21 35
21 44
22 14
22 34
23 11
23 31
24 1
24 10
25 3
25 6
26 4
26 43
27 18
27 27
28 33
28 41
29 32
29 44
30 38
30 40
31 2
31 22
32 12
32 16
33 17
33 32
34 8
34 23
35 24
35 45
36 8
36 38
37 34
37 36
38 9
38 15
39 0
39 25
40 3
40 15
41 17
41 26
42 25
42 40
43 19
43 31
44 16
44 24
45 10
45 39

# solution 29
# n=46 sym=rot4 status=verified source=flammenkamp_cache/n46_rot4.mvr
# code=mvr:0 13 0 19 1 11 1 29 2 7 2 14 3 26 3 41 4
0 13
0 19
1 11
1 29
2 7
2 14
3 26
3 41
4 3
4 21
5 30
5 39
6 5
6 20
7 30
7 43
8 20
8 28
9 12
9 33
10 14
10 21
11 13
11 44
12 9
12 36
13 34
13 45
14 35
14 43
15 5
15 7
16 1
16 22
17 8
17 23
18 18
18 27
19 3
19 45
20 37
20 39
21 35
21 41
22 17
22 29
23 16
23 28
24 4
24 10
25 6
25 8
26 0
26 42
27 18
27 27
28 22
28 37
29 23
29 44
30 38
30 40
31 2
31 10
32 0
32 11
33 9
33 36
34 1
34 32
35 24
35 31
36 12
36 33
37 17
37 25
38 2
38 15
39 25
39 40
40 6
40 15
41 24
41 42
42 4
42 19
43 31
43 38
44 16
44 34
45 26
45 32

# solution 30
# n=46 sym=rot4 status=verified source=flammenkamp_cache/n46_rot4.mvr
# code=mvr:0 21 0 37 1 10 1 25 2 14 2 40 3 22 3 30 
0 21
0 37
1 10
1 25
2 14
2 40
3 22
3 30
4 25
4 35
5 2
5 14
6 13
6 24
7 18
7 36
8 0
8 30
9 7
9 11
10 4
10 44
11 29
11 36
12 17
12 23
13 28
13 39
14 40
14 43
15 3
15 8
16 11
16 26
17 13
17 33
18 19
18 38
19 16
19 27
20 1
20 4
21 6
21 45
22 12
22 42
23 3
23 33
24 0
24 39
25 41
25 44
26 18
26 29
27 7
27 26
28 12
28 32
29 19
29 34
30 37
30 42
31 2
31 5
32 6
32 17
33 22
33 28
34 9
34 16
35 1
35 41
36 34
36 38
37 15
37 45
38 9
38 27
39 21
39 32
40 31
40 43
41 10
41 20
42 15
42 23
43 5
43 31
44 20
44 35
45 8
45 24

# solution 31
# n=46 sym=rot4 status=verified source=flammenkamp_cache/n46_rot4.mvr
# code=mvr:0 17 0 20 1 7 1 32 2 20 2 22 3 14 3 34 4
0 17
0 20
1 7
1 32
2 20
2 22
3 14
3 34
4 36
4 40
5 4
5 19
6 10
6 30
7 36
7 44
8 12
8 23
9 4
9 7
10 19
10 39
11 3
11 18
12 30
12 37
13 1
13 21
14 29
14 42
15 6
15 12
16 14
16 17
17 29
17 45
18 24
18 34
19 35
19 40
20 43
20 45
21 18
21 32
22 8
22 43
23 2
23 37
24 13
24 27
25 0
25 2
26 5
26 10
27 11
27 21
28 0
28 16
29 28
29 31
30 33
30 39
31 3
31 16
32 24
32 44
33 8
33 15
34 27
34 42
35 6
35 26
36 38
36 41
37 22
37 33
38 1
38 9
39 15
39 35
40 26
40 41
41 5
41 9
42 11
42 31
43 23
43 25
44 13
44 38
45 25
45 28

# solution 32
# n=46 sym=rot4 status=verified source=flammenkamp_cache/n46_rot4.mvr
# code=mvr:0 22 0 26 1 17 1 35 2 9 2 17 3 23 3 31 4
0 22
0 26
1 17
1 35
2 9
2 17
3 23
3 31
4 27
4 32
5 19
5 34
6 14
6 38
7 6
7 27
8 30
8 33
9 24
9 43
10 1
10 34
11 5
11 10
12 8
12 15
13 4
13 16
14 3
14 39
15 8
15 33
16 24
16 32
17 43
17 44
18 4
18 7
19 0
19 40
20 20
20 25
21 9
21 16
22 3
22 45
23 0
23 42
24 29
24 36
25 20
25 25
26 5
26 45
27 38
27 41
28 1
28 2
29 13
29 21
30 12
30 37
31 6
31 42
32 29
32 41
33 30
33 37
34 35
34 40
35 11
35 44
36 2
36 21
37 12
37 15
38 18
38 39
39 7
39 31
40 11
40 26
41 13
41 18
42 14
42 22
43 28
43 36
44 10
44 28
45 19
45 23

# solution 33
# n=46 sym=rot4 status=verified source=flammenkamp_cache/n46_rot4.mvr
# code=mvr:0 14 0 21 1 11 1 29 2 21 2 33 3 27 3 33 
0 14
0 21
1 11
1 29
2 21
2 33
3 27
3 33
4 8
4 39
5 13
5 17
6 4
6 10
7 30
7 37
8 7
8 41
9 14
9 25
10 26
10 39
11 23
11 44
12 2
12 3
13 18
13 40
14 36
14 45
15 7
15 28
16 1
16 23
17 15
17 40
18 3
18 32
19 10
19 25
20 9
20 19
21 43
21 45
22 11
22 16
23 29
23 34
24 0
24 2
25 26
25 36
26 20
26 35
27 13
27 42
28 5
28 30
29 22
29 44
30 17
30 38
31 0
31 9
32 5
32 27
33 42
33 43
34 1
34 22
35 6
35 19
36 20
36 31
37 4
37 38
38 8
38 15
39 35
39 41
40 28
40 32
41 6
41 37
42 12
42 18
43 12
43 24
44 16
44 34
45 24
45 31

# solution 34
# n=46 sym=rot4 status=verified source=flammenkamp_cache/n46_rot4.mvr
# code=mvr:0 20 0 27 1 6 1 31 2 3 2 17 3 20 3 43 4 
0 20
0 27
1 6
1 31
2 3
2 17
3 20
3 43
4 11
4 16
5 24
5 31
6 35
6 44
7 10
7 30
8 24
8 26
9 28
9 30
10 6
10 38
11 22
11 41
12 13
12 27
13 23
13 33
14 1
14 5
15 7
15 9
16 19
16 41
17 9
17 43
18 0
18 12
19 8
19 29
20 42
20 45
21 5
21 8
22 13
22 34
23 11
23 32
24 37
24 40
25 0
25 3
26 16
26 37
27 33
27 45
28 2
28 36
29 4
29 26
30 36
30 38
31 40
31 44
32 12
32 22
33 18
33 32
34 4
34 23
35 7
35 39
36 15
36 17
37 19
37 21
38 15
38 35
39 1
39 10
40 14
40 21
41 29
41 34
42 2
42 25
43 28
43 42
44 14
44 39
45 18
45 25

# solution 35
# n=46 sym=rot4 status=verified source=flammenkamp_cache/n46_rot4.mvr
# code=mvr:0 28 0 31 1 12 1 24 2 27 2 28 3 9 3 15 4
0 28
0 31
1 12
1 24
2 27
2 28
3 9
3 15
4 22
4 34
5 7
5 25
6 10
6 15
7 37
7 40
8 7
8 29
9 31
9 42
10 34
10 39
11 4
11 10
12 16
12 44
13 18
13 24
14 0
14 9
15 39
15 42
16 8
16 33
17 0
17 2
18 2
18 32
19 19
19 26
20 5
20 23
21 1
21 13
22 20
22 41
23 4
23 25
24 32
24 44
25 22
25 40
26 19
26 26
27 13
27 43
28 43
28 45
29 12
29 37
30 3
30 6
31 36
31 45
32 21
32 27
33 1
33 29
34 35
34 41
35 6
35 11
36 3
36 14
37 16
37 38
38 5
38 8
39 30
39 35
40 20
40 38
41 11
41 23
42 30
42 36
43 17
43 18
44 21
44 33
45 14
45 17

# solution 36
# n=46 sym=rot4 status=verified source=flammenkamp_cache/n46_rot4.mvr
# code=mvr:0 12 0 24 1 27 1 28 2 13 2 20 3 20 3 21 
0 12
0 24
1 27
1 28
2 13
2 20
3 20
3 21
4 7
4 13
5 35
5 36
6 11
6 31
7 36
7 41
8 22
8 27
9 5
9 7
10 5
10 12
11 30
11 39
12 35
12 45
13 41
13 43
14 6
14 30
15 11
15 14
16 23
16 28
17 1
17 16
18 1
18 8
19 19
19 26
20 42
20 43
21 0
21 42
22 16
22 37
23 8
23 29
24 3
24 45
25 2
25 3
26 19
26 26
27 37
27 44
28 29
28 44
29 17
29 22
30 31
30 34
31 15
31 39
32 2
32 4
33 0
33 10
34 6
34 15
35 33
35 40
36 38
36 40
37 18
37 23
38 4
38 9
39 14
39 34
40 9
40 10
41 32
41 38
42 24
42 25
43 25
43 32
44 17
44 18
45 21
45 33

# solution 37
# n=46 sym=rot4 status=verified source=flammenkamp_cache/n46_rot4.mvr
# code=mvr:0 21 0 29 1 11 1 26 2 17 2 20 3 13 3 30 
0 21
0 29
1 11
1 26
2 17
2 20
3 13
3 30
4 20
4 26
5 17
5 38
6 33
6 37
7 5
7 12
8 6
8 9
9 16
9 37
10 24
10 34
11 10
11 44
12 6
12 38
13 27
13 42
14 23
14 27
15 3
15 23
16 0
16 36
17 40
17 43
18 13
18 14
19 1
19 4
20 41
20 43
21 10
21 45
22 14
22 15
23 30
23 31
24 0
24 35
25 2
25 4
26 41
26 44
27 31
27 32
28 2
28 5
29 9
29 45
30 22
30 42
31 18
31 22
32 3
32 18
33 7
33 39
34 1
34 35
35 11
35 21
36 8
36 29
37 36
37 39
38 33
38 40
39 8
39 12
40 7
40 28
41 19
41 25
42 15
42 32
43 25
43 28
44 19
44 34
45 16
45 24

# solution 38
# n=46 sym=rot4 status=verified source=flammenkamp_cache/n46_rot4.mvr
# code=mvr:0 14 0 15 1 24 1 25 2 12 2 40 3 20 3 28 
0 14
0 15
1 24
1 25
2 12
2 40
3 20
3 28
4 8
4 12
5 2
5 35
6 30
6 32
7 11
7 16
8 34
8 41
9 24
9 29
10 5
10 18
11 8
11 38
12 41
12 43
13 6
13 26
14 19
14 45
15 6
15 45
16 9
16 38
17 3
17 18
18 28
18 35
19 13
19 31
20 1
20 42
21 1
21 9
22 22
22 23
23 22
23 23
24 36
24 44
25 3
25 44
26 14
26 32
27 10
27 17
28 27
28 42
29 7
29 36
30 0
30 39
31 0
31 26
32 19
32 39
33 2
33 4
34 7
34 37
35 27
35 40
36 16
36 21
37 4
37 11
38 29
38 34
39 13
39 15
40 10
40 43
41 33
41 37
42 17
42 25
43 5
43 33
44 20
44 21
45 30
45 31

# solution 39
# n=46 sym=rot4 status=verified source=flammenkamp_cache/n46_rot4.mvr
# code=mvr:0 16 0 26 1 25 1 31 2 12 2 25 3 7 3 31 4
0 16
0 26
1 25
1 31
2 12
2 25
3 7
3 31
4 18
4 32
5 11
5 13
6 22
6 37
7 37
7 42
8 6
8 7
9 24
9 29
10 11
10 18
11 35
11 40
12 23
12 43
13 4
13 40
14 1
14 3
15 15
15 30
16 9
16 45
17 19
17 21
18 35
18 41
19 0
19 28
20 1
20 2
21 9
21 28
22 12
22 39
23 6
23 33
24 17
24 36
25 43
25 44
26 17
26 45
27 4
27 10
28 24
28 26
29 0
29 36
30 15
30 30
31 42
31 44
32 5
32 41
33 2
33 22
34 5
34 10
35 27
35 34
36 16
36 21
37 38
37 39
38 3
38 8
39 8
39 23
40 32
40 34
41 13
41 27
42 14
42 38
43 20
43 33
44 14
44 20
45 19
45 29

# solution 40
# n=46 sym=rot4 status=verified source=flammenkamp_cache/n46_rot4.mvr
# code=mvr:0 14 0 15 1 23 1 28 2 20 2 26 3 14 3 37 
0 14
0 15
1 23
1 28
2 20
2 26
3 14
3 37
4 5
4 10
5 34
5 41
6 15
6 29
7 27
7 33
8 3
8 9
9 24
9 37
10 18
10 41
11 5
11 32
12 7
12 20
13 11
13 16
14 42
14 45
15 39
15 45
16 6
16 32
17 1
17 21
18 7
18 35
19 2
19 23
20 33
20 43
21 9
21 28
22 1
22 19
23 26
23 44
24 17
24 36
25 2
25 12
26 22
26 43
27 10
27 38
28 24
28 44
29 13
29 39
30 0
30 6
31 0
31 3
32 29
32 34
33 25
33 38
34 13
34 40
35 4
35 27
36 8
36 21
37 36
37 42
38 12
38 18
39 16
39 30
40 4
40 11
41 35
41 40
42 8
42 31
43 19
43 25
44 17
44 22
45 30
45 31

# solution 41
# n=46 sym=rot4 status=verified source=flammenkamp_cache/n46_rot4.mvr
# code=mvr:0 22 0 37 1 12 1 17 2 7 2 35 3 17 3 24 4
0 22
0 37
1 12
1 17
2 7
2 35
3 17
3 24
4 26
4 31
5 34
5 39
6 5
6 29
7 18
7 43
8 0
8 20
9 10
9 23
10 2
10 36
11 5
11 13
12 16
12 44
13 25
13 34
14 4
14 18
15 15
15 30
16 6
16 33
17 42
17 44
18 31
18 38
19 4
19 24
20 13
20 37
21 3
21 19
22 9
22 45
23 0
23 36
24 26
24 42
25 8
25 32
26 21
26 41
27 7
27 14
28 1
28 3
29 12
29 39
30 15
30 30
31 27
31 41
32 11
32 20
33 1
33 29
34 32
34 40
35 9
35 43
36 22
36 35
37 25
37 45
38 2
38 27
39 16
39 40
40 6
40 11
41 14
41 19
42 21
42 28
43 10
43 38
44 28
44 33
45 8
45 23

# solution 42
# n=46 sym=rot4 status=verified source=flammenkamp_cache/n46_rot4.mvr
# code=mvr:0 31 0 37 1 14 1 19 2 9 2 17 3 13 3 40 4
0 31
0 37
1 14
1 19
2 9
2 17
3 13
3 40
4 20
4 26
5 3
5 28
6 15
6 33
7 18
7 20
8 0
8 11
9 29
9 43
10 18
10 24
11 33
11 37
12 6
12 11
13 29
13 42
14 0
14 44
15 24
15 39
16 9
16 13
17 5
17 43
18 35
18 38
19 4
19 44
20 38
20 41
21 10
21 15
22 22
22 23
23 22
23 23
24 30
24 35
25 4
25 7
26 1
26 41
27 7
27 10
28 2
28 40
29 32
29 36
30 6
30 21
31 1
31 45
32 3
32 16
33 34
33 39
34 8
34 12
35 21
35 27
36 2
36 16
37 34
37 45
38 25
38 27
39 12
39 30
40 17
40 42
41 19
41 25
42 5
42 32
43 28
43 36
44 26
44 31
45 8
45 14

# solution 43
# n=46 sym=rot4 status=verified source=flammenkamp_cache/n46_rot4.mvr
# code=mvr:0 17 0 34 1 25 1 32 2 22 2 25 3 14 3 17 
0 17
0 34
1 25
1 32
2 22
2 25
3 14
3 17
4 31
4 39
5 23
5 35
6 4
6 9
7 26
7 36
8 12
8 16
9 7
9 39
10 5
10 19
11 0
11 18
12 13
12 37
13 1
13 33
14 4
14 42
15 16
15 21
16 30
16 37
17 42
17 45
18 24
18 34
19 7
19 35
20 1
20 2
21 18
21 30
22 5
22 43
23 2
23 40
24 15
24 27
25 43
25 44
26 10
26 38
27 11
27 21
28 0
28 3
29 8
29 15
30 24
30 29
31 3
31 41
32 12
32 44
33 8
33 32
34 27
34 45
35 26
35 40
36 6
36 38
37 29
37 33
38 9
38 19
39 36
39 41
40 10
40 22
41 6
41 14
42 28
42 31
43 20
43 23
44 13
44 20
45 11
45 28

# solution 44
# n=46 sym=rot4 status=verified source=flammenkamp_cache/n46_rot4.mvr
# code=mvr:0 15 0 28 1 24 1 25 2 12 2 31 3 15 3 35 
0 15
0 28
1 24
1 25
2 12
2 31
3 15
3 35
4 7
4 11
5 23
5 36
6 34
6 38
7 6
7 41
8 18
8 24
9 5
9 13
10 3
10 13
11 6
11 41
12 27
12 43
13 35
13 36
14 2
14 23
15 42
15 45
16 16
16 29
17 0
17 19
18 12
18 37
19 20
19 28
20 1
20 26
21 1
21 8
22 5
22 14
23 31
23 40
24 37
24 44
25 19
25 44
26 17
26 25
27 8
27 33
28 26
28 45
29 16
29 29
30 0
30 3
31 22
31 43
32 9
32 10
33 2
33 18
34 4
34 39
35 32
35 42
36 32
36 40
37 21
37 27
38 4
38 39
39 7
39 11
40 9
40 22
41 34
41 38
42 10
42 30
43 14
43 33
44 20
44 21
45 17
45 30

# solution 45
# n=46 sym=rot4 status=verified source=flammenkamp_cache/n46_rot4.mvr
# code=mvr:0 18 0 24 1 18 1 30 2 15 2 25 3 10 3 34 
0 18
0 24
1 18
1 30
2 15
2 25
3 10
3 34
4 19
4 33
5 29
5 36
6 22
6 38
7 6
7 13
8 10
8 12
9 5
9 25
10 37
10 42
11 3
11 13
12 4
12 37
13 34
13 38
14 19
14 24
15 1
15 43
16 5
16 17
17 23
17 29
18 44
18 45
19 31
19 41
20 2
20 9
21 0
21 14
22 17
22 39
23 6
23 28
24 31
24 45
25 36
25 43
26 4
26 14
27 0
27 1
28 16
28 22
29 28
29 40
30 2
30 44
31 21
31 26
32 7
32 11
33 8
33 41
34 32
34 42
35 3
35 8
36 20
36 40
37 33
37 35
38 32
38 39
39 7
39 23
40 9
40 16
41 12
41 26
42 11
42 35
43 20
43 30
44 15
44 27
45 21
45 27

# solution 46
# n=46 sym=rot4 status=verified source=flammenkamp_cache/n46_rot4.mvr
# code=mvr:0 16 0 25 1 11 1 17 2 13 2 37 3 14 3 30 
0 16
0 25
1 11
1 17
2 13
2 37
3 14
3 30
4 24
4 26
5 14
5 39
6 5
6 8
7 16
7 36
8 2
8 39
9 7
9 22
10 18
10 34
11 10
11 44
12 15
12 25
13 18
13 43
14 40
14 42
15 3
15 33
16 38
16 45
17 24
17 44
18 32
18 35
19 4
19 23
20 0
20 12
21 4
21 17
22 19
22 36
23 9
23 26
24 28
24 41
25 33
25 45
26 22
26 41
27 10
27 13
28 1
28 21
29 0
29 7
30 12
30 42
31 3
31 5
32 2
32 27
33 20
33 30
34 1
34 35
35 11
35 27
36 23
36 38
37 6
37 43
38 9
38 29
39 37
39 40
40 6
40 31
41 19
41 21
42 15
42 31
43 8
43 32
44 28
44 34
45 20
45 29

# solution 47
# n=46 sym=rot4 status=verified source=flammenkamp_cache/n46_rot4.mvr
# code=mvr:0 25 0 27 1 10 1 16 2 16 2 23 3 8 3 39 4
0 25
0 27
1 10
1 16
2 16
2 23
3 8
3 39
4 12
4 30
5 5
5 40
6 3
6 32
7 17
7 21
8 14
8 42
9 21
9 26
10 34
10 44
11 10
11 12
12 34
12 41
13 6
13 25
14 27
14 37
15 4
15 26
16 43
16 44
17 23
17 38
18 0
18 14
19 9
19 15
20 0
20 13
21 36
21 38
22 2
22 17
23 28
23 43
24 7
24 9
25 32
25 45
26 30
26 36
27 31
27 45
28 7
28 22
29 1
29 2
30 19
30 41
31 8
31 18
32 20
32 39
33 4
33 11
34 33
34 35
35 1
35 11
36 19
36 24
37 3
37 31
38 24
38 28
39 13
39 42
40 5
40 40
41 15
41 33
42 6
42 37
43 22
43 29
44 29
44 35
45 18
45 20

# solution 48
# n=46 sym=rot4 status=verified source=flammenkamp_cache/n46_rot4.mvr
# code=mvr:0 6 0 10 1 21 1 27 2 15 2 30 3 10 3 28 4
0 6
0 10
1 21
1 27
2 15
2 30
3 10
3 28
4 7
4 23
5 6
5 7
6 40
6 45
7 40
7 41
8 26
8 29
9 14
9 24
10 42
10 45
11 23
11 27
12 14
12 32
13 12
13 28
14 33
14 36
15 2
15 43
16 8
16 19
17 3
17 13
18 1
18 11
19 8
19 29
20 20
20 25
21 9
21 44
22 4
22 11
23 34
23 41
24 1
24 36
25 20
25 25
26 16
26 37
27 34
27 44
28 32
28 42
29 26
29 37
30 2
30 43
31 9
31 12
32 17
32 33
33 13
33 31
34 18
34 22
35 0
35 3
36 21
36 31
37 16
37 19
38 4
38 5
39 0
39 5
40 38
40 39
41 22
41 38
42 17
42 35
43 15
43 30
44 18
44 24
45 35
45 39

# solution 49
# n=46 sym=rot4 status=verified source=flammenkamp_cache/n46_rot4.mvr
# code=mvr:0 19 0 31 1 30 1 32 2 19 2 25 3 14 3 16 
0 19
0 31
1 30
1 32
2 19
2 25
3 14
3 16
4 17
4 24
5 8
5 35
6 11
6 38
7 6
7 30
8 18
8 40
9 24
9 29
10 5
10 17
11 13
11 39
12 23
12 27
13 1
13 34
14 0
14 42
15 1
15 7
16 9
16 42
17 35
17 41
18 12
18 37
19 43
19 45
20 2
20 23
21 4
21 9
22 12
22 20
23 25
23 33
24 36
24 41
25 22
25 43
26 0
26 2
27 8
27 33
28 4
28 10
29 3
29 36
30 38
30 44
31 3
31 45
32 11
32 44
33 18
33 22
34 6
34 32
35 28
35 40
36 16
36 21
37 5
37 27
38 15
38 39
39 7
39 34
40 10
40 37
41 21
41 28
42 29
42 31
43 20
43 26
44 13
44 15
45 14
45 26

# solution 50
# n=46 sym=rot4 status=verified source=flammenkamp_cache/n46_rot4.mvr
# code=mvr:0 24 0 30 1 24 1 34 2 12 2 40 3 20 3 27 
0 24
0 30
1 24
1 34
2 12
2 40
3 20
3 27
4 35
4 36
5 2
5 12
6 19
6 23
7 32
7 37
8 7
8 29
9 4
9 14
10 4
10 19
11 1
11 23
12 40
12 43
13 7
13 25
14 28
14 36
15 0
15 28
16 8
16 18
17 14
17 15
18 3
18 29
19 35
19 39
20 13
20 42
21 0
21 1
22 6
22 11
23 34
23 39
24 44
24 45
25 3
25 32
26 6
26 10
27 16
27 42
28 30
28 31
29 27
29 37
30 17
30 45
31 9
31 17
32 20
32 38
33 2
33 5
34 22
34 44
35 26
35 41
36 31
36 41
37 16
37 38
38 8
38 13
39 22
39 26
40 33
40 43
41 9
41 10
42 18
42 25
43 5
43 33
44 11
44 21
45 15
45 21

# solution 51
# n=46 sym=rot4 status=verified source=flammenkamp_cache/n46_rot4.mvr
# code=mvr:0 19 0 27 1 14 1 30 2 15 2 19 3 10 3 27 
0 19
0 27
1 14
1 30
2 15
2 19
3 10
3 27
4 6
4 20
5 20
5 32
6 38
6 41
7 6
7 16
8 31
8 33
9 16
9 28
10 33
10 42
11 17
11 23
12 8
12 10
13 5
13 23
14 8
14 44
15 1
15 43
16 36
16 38
17 9
17 34
18 0
18 3
19 43
19 45
20 40
20 41
21 21
21 24
22 11
22 13
23 32
23 34
24 21
24 24
25 4
25 5
26 0
26 2
27 42
27 45
28 11
28 36
29 7
29 9
30 2
30 44
31 1
31 37
32 22
32 40
33 35
33 37
34 22
34 28
35 3
35 12
36 17
36 29
37 12
37 14
38 29
38 39
39 4
39 7
40 13
40 25
41 25
41 39
42 18
42 35
43 26
43 30
44 15
44 31
45 18
45 26

# solution 52
# n=46 sym=rot4 status=verified source=flammenkamp_cache/n46_rot4.mvr
# code=mvr:0 28 0 31 1 21 1 22 2 5 2 27 3 28 3 34 4
0 28
0 31
1 21
1 22
2 5
2 27
3 28
3 34
4 9
4 15
5 23
5 43
6 9
6 15
7 16
7 34
8 8
8 37
9 39
9 41
10 12
10 16
11 3
11 7
12 32
12 35
13 12
13 19
14 0
14 19
15 39
15 41
16 35
16 38
17 0
17 3
18 2
18 20
19 31
19 32
20 24
20 27
21 20
21 44
22 5
22 44
23 1
23 40
24 1
24 25
25 18
25 21
26 13
26 14
27 25
27 43
28 42
28 45
29 7
29 10
30 4
30 6
31 26
31 45
32 26
32 33
33 10
33 13
34 38
34 42
35 29
35 33
36 4
36 6
37 8
37 37
38 11
38 29
39 30
39 36
40 2
40 22
41 30
41 36
42 11
42 17
43 18
43 40
44 23
44 24
45 14
45 17

# solution 53
# n=46 sym=rot4 status=verified source=flammenkamp_cache/n46_rot4.mvr
# code=mvr:0 20 0 25 1 18 1 33 2 10 2 24 3 32 3 33 
0 20
0 25
1 18
1 33
2 10
2 24
3 32
3 33
4 27
4 38
5 9
5 11
6 9
6 37
7 4
7 17
8 6
8 23
9 39
9 40
10 23
10 43
11 26
11 40
12 1
12 3
13 3
13 15
14 26
14 30
15 14
15 32
16 16
16 29
17 21
17 38
18 4
18 44
19 11
19 14
20 0
20 45
21 2
21 28
22 8
22 10
23 35
23 37
24 17
24 43
25 0
25 45
26 31
26 34
27 1
27 41
28 7
28 24
29 16
29 29
30 13
30 31
31 15
31 19
32 30
32 42
33 42
33 44
34 5
34 19
35 2
35 22
36 5
36 6
37 22
37 39
38 28
38 41
39 8
39 36
40 34
40 36
41 7
41 18
42 12
42 13
43 21
43 35
44 12
44 27
45 20
45 25

# solution 54
# n=46 sym=rot4 status=verified source=flammenkamp_cache/n46_rot4.mvr
# code=mvr:0 12 0 20 1 9 1 20 2 22 2 37 3 17 3 39 4
0 12
0 20
1 9
1 20
2 22
2 37
3 17
3 39
4 31
4 37
5 9
5 18
6 3
6 32
7 21
7 23
8 2
8 4
9 40
9 44
10 26
10 29
11 16
11 32
12 30
12 45
13 6
13 11
14 4
14 21
15 12
15 17
16 10
16 34
17 30
17 42
18 19
18 40
19 10
19 27
20 44
20 45
21 31
21 38
22 7
22 43
23 2
23 38
24 7
24 14
25 0
25 1
26 18
26 35
27 5
27 26
28 3
28 15
29 11
29 35
30 28
30 33
31 24
31 41
32 34
32 39
33 0
33 15
34 13
34 29
35 16
35 19
36 1
36 5
37 41
37 43
38 22
38 24
39 13
39 42
40 27
40 36
41 8
41 14
42 6
42 28
43 8
43 23
44 25
44 36
45 25
45 33

# solution 55
# n=46 sym=rot4 status=verified source=flammenkamp_cache/n46_rot4.mvr
# code=mvr:0 27 0 34 1 21 1 26 2 21 2 26 3 25 3 36 
0 27
0 34
1 21
1 26
2 21
2 26
3 25
3 36
4 33
4 40
5 4
5 13
6 25
6 35
7 10
7 17
8 31
8 36
9 3
9 8
10 6
10 38
11 0
11 23
12 4
12 28
13 16
13 40
14 8
14 16
15 15
15 30
16 31
16 32
17 12
17 38
18 0
18 23
19 1
19 2
20 3
20 6
21 43
21 44
22 11
22 18
23 27
23 34
24 1
24 2
25 39
25 42
26 43
26 44
27 22
27 45
28 7
28 33
29 13
29 14
30 15
30 30
31 29
31 37
32 5
32 29
33 17
33 41
34 22
34 45
35 7
35 39
36 37
36 42
37 9
37 14
38 28
38 35
39 10
39 20
40 32
40 41
41 5
41 12
42 9
42 20
43 19
43 24
44 19
44 24
45 11
45 18

# solution 56
# n=46 sym=rot4 status=verified source=flammenkamp_cache/n46_rot4.mvr
# code=mvr:0 10 0 19 1 19 1 22 2 31 2 36 3 4 3 12 4
0 10
0 19
1 19
1 22
2 31
2 36
3 4
3 12
4 28
4 42
5 21
5 29
6 8
6 36
7 13
7 15
8 24
8 39
9 2
9 6
10 27
10 45
11 12
11 17
12 34
12 42
13 23
13 38
14 2
14 29
15 18
15 38
16 5
16 14
17 4
17 34
18 10
18 30
19 44
19 45
20 20
20 25
21 8
21 40
22 13
22 44
23 1
23 32
24 5
24 37
25 20
25 25
26 0
26 1
27 15
27 35
28 11
28 41
29 31
29 40
30 7
30 27
31 16
31 43
32 7
32 22
33 3
33 11
34 28
34 33
35 0
35 18
36 39
36 43
37 6
37 21
38 30
38 32
39 9
39 37
40 16
40 24
41 3
41 17
42 33
42 41
43 9
43 14
44 23
44 26
45 26
45 35

# solution 57
# n=46 sym=rot4 status=verified source=flammenkamp_cache/n46_rot4.mvr
# code=mvr:0 21 0 28 1 17 1 31 2 8 2 12 3 18 3 26 4
0 21
0 28
1 17
1 31
2 8
2 12
3 18
3 26
4 18
4 22
5 32
5 39
6 5
6 10
7 26
7 35
8 34
8 43
9 23
9 34
10 7
10 39
11 8
11 9
12 16
12 43
13 5
13 25
14 1
14 16
15 21
15 25
16 31
16 33
17 0
17 44
18 41
18 42
19 3
19 7
20 13
20 15
21 30
21 45
22 9
22 41
23 4
23 36
24 0
24 15
25 30
25 32
26 38
26 42
27 3
27 4
28 1
28 45
29 12
29 14
30 20
30 24
31 29
31 44
32 20
32 40
33 2
33 29
34 36
34 37
35 6
35 38
36 11
36 22
37 2
37 11
38 10
38 19
39 35
39 40
40 6
40 13
41 23
41 27
42 19
42 27
43 33
43 37
44 14
44 28
45 17
45 24

# solution 58
# n=46 sym=rot4 status=verified source=flammenkamp_cache/n46_rot4.mvr
# code=mvr:0 12 0 28 1 28 1 30 2 7 2 37 3 18 3 23 4
0 12
0 28
1 28
1 30
2 7
2 37
3 18
3 23
4 19
4 35
5 31
5 37
6 19
6 23
7 16
7 43
8 2
8 5
9 11
9 33
10 4
10 24
11 24
11 36
12 9
12 45
13 14
13 20
14 5
14 32
15 1
15 20
16 27
16 38
17 0
17 1
18 16
18 42
19 39
19 41
20 30
20 32
21 10
21 11
22 3
22 6
23 39
23 42
24 34
24 35
25 13
25 15
26 4
26 6
27 3
27 29
28 44
28 45
29 7
29 18
30 25
30 44
31 13
31 40
32 25
32 31
33 0
33 36
34 9
34 21
35 21
35 41
36 12
36 34
37 40
37 43
38 2
38 29
39 22
39 26
40 8
40 14
41 10
41 26
42 22
42 27
43 8
43 38
44 15
44 17
45 17
45 33

# solution 59
# n=46 sym=rot4 status=verified source=flammenkamp_cache/n46_rot4.mvr
# code=mvr:0 23 0 25 1 17 1 26 2 12 2 13 3 18 3 31 
0 23
0 25
1 17
1 26
2 12
2 13
3 18
3 31
4 9
4 40
5 4
5 31
6 18
6 24
7 12
7 21
8 29
8 35
9 19
9 41
10 8
10 13
11 25
11 30
12 38
12 43
13 35
13 43
14 3
14 5
15 11
15 23
16 8
16 28
17 16
17 44
18 39
18 42
19 1
19 36
20 0
20 11
21 6
21 38
22 0
22 15
23 30
23 45
24 7
24 39
25 34
25 45
26 9
26 44
27 3
27 6
28 1
28 29
29 17
29 37
30 22
30 34
31 40
31 42
32 2
32 10
33 2
33 7
34 15
34 20
35 32
35 37
36 4
36 26
37 10
37 16
38 24
38 33
39 21
39 27
40 14
40 41
41 5
41 36
42 14
42 27
43 32
43 33
44 19
44 28
45 20
45 22

# solution 60
# n=46 sym=rot4 status=verified source=flammenkamp_cache/n46_rot4.mvr
# code=mvr:0 19 0 28 1 14 1 22 2 29 2 39 3 12 3 32 
0 19
0 28
1 14
1 22
2 29
2 39
3 12
3 32
4 8
4 24
5 8
5 32
6 2
6 38
7 6
7 9
8 40
8 41
9 27
9 38
10 15
10 17
11 24
11 26
12 27
12 42
13 3
13 5
14 15
14 44
15 31
15 35
16 2
16 23
17 0
17 35
18 9
18 12
19 11
19 45
20 20
20 25
21 4
21 11
22 16
22 44
23 1
23 29
24 34
24 41
25 20
25 25
26 0
26 34
27 33
27 36
28 10
28 45
29 22
29 43
30 10
30 14
31 1
31 30
32 40
32 42
33 3
33 18
34 19
34 21
35 28
35 30
36 7
36 18
37 4
37 5
38 36
38 39
39 7
39 43
40 13
40 37
41 21
41 37
42 13
42 33
43 6
43 16
44 23
44 31
45 17
45 26

# solution 61
# n=46 sym=rot4 status=verified source=flammenkamp_cache/n46_rot4.mvr
# code=mvr:0 24 0 26 1 9 1 38 2 10 2 16 3 15 3 27 4
0 24
0 26
1 9
1 38
2 10
2 16
3 15
3 27
4 7
4 32
5 17
5 39
6 5
6 37
7 1
7 41
8 6
8 26
9 16
9 44
10 31
10 43
11 12
11 17
12 22
12 34
13 4
13 30
14 10
14 24
15 13
15 42
16 36
16 43
17 34
17 40
18 3
18 23
19 0
19 8
20 20
20 25
21 0
21 14
22 18
22 33
23 12
23 27
24 31
24 45
25 20
25 25
26 37
26 45
27 22
27 42
28 5
28 11
29 2
29 9
30 3
30 32
31 21
31 35
32 15
32 41
33 11
33 23
34 28
34 33
35 2
35 14
36 1
36 29
37 19
37 39
38 4
38 44
39 8
39 40
40 6
40 28
41 13
41 38
42 18
42 30
43 29
43 35
44 7
44 36
45 19
45 21

# solution 62
# n=46 sym=rot4 status=verified source=flammenkamp_cache/n46_rot4.mvr
# code=mvr:0 18 0 35 1 23 1 37 2 3 2 14 3 21 3 43 4
0 18
0 35
1 23
1 37
2 3
2 14
3 21
3 43
4 15
4 27
5 29
5 36
6 19
6 36
7 12
7 16
8 1
8 21
9 5
9 6
10 0
10 12
11 26
11 28
12 35
12 38
13 20
13 28
14 23
14 43
15 20
15 41
16 5
16 38
17 11
17 13
18 4
18 45
19 11
19 39
20 30
20 32
21 37
21 42
22 1
22 14
23 31
23 44
24 3
24 8
25 13
25 15
26 6
26 34
27 0
27 41
28 32
28 34
29 7
29 40
30 4
30 25
31 2
31 22
32 17
32 25
33 7
33 10
34 17
34 19
35 33
35 45
36 39
36 40
37 24
37 44
38 29
38 33
39 9
39 26
40 9
40 16
41 18
41 30
42 2
42 24
43 31
43 42
44 8
44 22
45 10
45 27

# solution 63
# n=46 sym=rot4 status=verified source=flammenkamp_cache/n46_rot4.mvr
# code=mvr:0 20 0 27 1 20 1 33 2 22 2 31 3 17 3 30 
0 20
0 27
1 20
1 33
2 22
2 31
3 17
3 30
4 13
4 23
5 8
5 36
6 8
6 13
7 30
7 33
8 39
8 40
9 5
9 19
10 19
10 31
11 17
11 24
12 1
12 7
13 39
13 41
14 2
14 10
15 3
15 7
16 18
16 24
17 34
17 42
18 0
18 29
19 35
19 36
20 44
20 45
21 11
21 16
22 4
22 43
23 2
23 41
24 29
24 34
25 0
25 1
26 9
26 10
27 16
27 45
28 3
28 11
29 21
29 27
30 38
30 42
31 35
31 43
32 4
32 6
33 38
33 44
34 21
34 28
35 14
35 26
36 26
36 40
37 5
37 6
38 12
38 15
39 32
39 37
40 9
40 37
41 22
41 32
42 15
42 28
43 14
43 23
44 12
44 25
45 18
45 25

# solution 64
# n=46 sym=rot4 status=verified source=flammenkamp_cache/n46_rot4.mvr
# code=mvr:0 7 0 8 1 5 1 34 2 12 2 25 3 27 3 38 4 3
0 7
0 8
1 5
1 34
2 12
2 25
3 27
3 38
4 32
4 39
5 21
5 44
6 4
6 19
7 3
7 45
8 25
8 45
9 12
9 16
10 24
10 29
11 1
11 23
12 36
12 43
13 4
13 31
14 13
14 28
15 15
15 30
16 10
16 36
17 14
17 23
18 3
18 26
19 18
19 39
20 2
20 8
21 10
21 40
22 11
22 17
23 28
23 34
24 5
24 35
25 37
25 43
26 6
26 27
27 19
27 42
28 22
28 31
29 9
29 35
30 15
30 30
31 17
31 32
32 14
32 41
33 2
33 9
34 22
34 44
35 16
35 21
36 29
36 33
37 0
37 20
38 0
38 42
39 26
39 41
40 1
40 24
41 6
41 13
42 7
42 18
43 20
43 33
44 11
44 40
45 37
45 38

# solution 65
# n=46 sym=rot4 status=verified source=flammenkamp_cache/n46_rot4.mvr
# code=mvr:0 22 0 31 1 15 1 19 2 17 2 23 3 20 3 34 
0 22
0 31
1 15
1 19
2 17
2 23
3 20
3 34
4 4
4 41
5 12
5 39
6 5
6 30
7 19
7 25
8 17
8 27
9 10
9 12
10 14
10 36
11 3
11 21
12 36
12 40
13 21
13 29
14 0
14 35
15 6
15 44
16 13
16 18
17 37
17 43
18 8
18 29
19 38
19 44
20 7
20 42
21 32
21 34
22 2
22 45
23 0
23 43
24 11
24 13
25 3
25 38
26 1
26 7
27 16
27 37
28 2
28 8
29 27
29 32
30 1
30 39
31 10
31 45
32 16
32 24
33 5
33 9
34 24
34 42
35 9
35 31
36 33
36 35
37 18
37 28
38 20
38 26
39 15
39 40
40 6
40 33
41 4
41 41
42 11
42 25
43 22
43 28
44 26
44 30
45 14
45 23

# solution 66
# n=46 sym=rot4 status=verified source=flammenkamp_cache/n46_rot4.mvr
# code=mvr:0 16 0 25 1 20 1 23 2 6 2 14 3 9 3 21 4 
0 16
0 25
1 20
1 23
2 6
2 14
3 9
3 21
4 9
4 27
5 10
5 17
6 32
6 43
7 24
7 32
8 17
8 30
9 41
9 42
10 34
10 40
11 10
11 19
12 23
12 30
13 6
13 7
14 16
14 43
15 8
15 12
16 31
16 45
17 37
17 40
18 4
18 26
19 18
19 34
20 0
20 44
21 7
21 42
22 1
22 12
23 33
23 44
24 3
24 38
25 1
25 45
26 11
26 27
27 19
27 41
28 5
28 8
29 0
29 14
30 33
30 37
31 2
31 29
32 38
32 39
33 15
33 22
34 26
34 35
35 5
35 11
36 3
36 4
37 15
37 28
38 13
38 21
39 2
39 13
40 28
40 35
41 18
41 36
42 24
42 36
43 31
43 39
44 22
44 25
45 20
45 29

# solution 67
# n=46 sym=rot4 status=verified source=flammenkamp_cache/n46_rot4.mvr
# code=mvr:0 19 0 34 1 26 1 40 2 14 2 20 3 17 3 29 
0 19
0 34
1 26
1 40
2 14
2 20
3 17
3 29
4 32
4 34
5 1
5 7
6 10
6 33
7 14
7 40
8 21
8 22
9 25
9 33
10 18
10 39
11 0
11 4
12 6
12 9
13 4
13 23
14 38
14 43
15 15
15 30
16 3
16 24
17 27
17 42
18 17
18 35
19 1
19 45
20 9
20 43
21 16
21 37
22 13
22 37
23 8
23 32
24 8
24 29
25 2
25 36
26 0
26 44
27 10
27 28
28 3
28 18
29 21
29 42
30 15
30 30
31 2
31 7
32 22
32 41
33 36
33 39
34 41
34 45
35 6
35 27
36 12
36 20
37 23
37 24
38 5
38 31
39 12
39 35
40 38
40 44
41 11
41 13
42 16
42 28
43 25
43 31
44 5
44 19
45 11
45 26

# solution 68
# n=46 sym=rot4 status=verified source=flammenkamp_cache/n46_rot4.mvr
# code=mvr:0 7 0 13 1 22 1 32 2 16 2 21 3 17 3 21 4
0 7
0 13
1 22
1 32
2 16
2 21
3 17
3 21
4 30
4 36
5 11
5 23
6 30
6 33
7 8
7 45
8 20
8 38
9 4
9 10
10 19
10 36
11 31
11 40
12 6
12 28
13 1
13 45
14 11
14 27
15 4
15 6
16 19
16 43
17 12
17 42
18 14
18 20
19 29
19 35
20 27
20 37
21 42
21 43
22 5
22 44
23 1
23 40
24 2
24 3
25 8
25 18
26 10
26 16
27 25
27 31
28 3
28 33
29 2
29 26
30 39
30 41
31 18
31 34
32 0
32 44
33 17
33 39
34 5
34 14
35 9
35 26
36 35
36 41
37 7
37 25
38 0
38 37
39 12
39 15
40 22
40 34
41 9
41 15
42 24
42 28
43 24
43 29
44 13
44 23
45 32
45 38

# solution 69
# n=46 sym=rot4 status=verified source=flammenkamp_cache/n46_rot4.mvr
# code=mvr:0 36 0 40 1 17 1 20 2 13 2 16 3 3 3 42 4
0 36
0 40
1 17
1 20
2 13
2 16
3 3
3 42
4 18
4 38
5 0
5 24
6 16
6 31
7 4
7 31
8 12
8 15
9 0
9 24
10 18
10 23
11 28
11 33
12 11
12 37
13 23
13 43
14 6
14 7
15 19
15 37
16 39
16 43
17 11
17 44
18 35
18 41
19 20
19 30
20 26
20 44
21 5
21 9
22 10
22 13
23 32
23 35
24 36
24 40
25 1
25 19
26 15
26 25
27 4
27 10
28 1
28 34
29 2
29 6
30 8
30 26
31 38
31 39
32 2
32 22
33 8
33 34
34 12
34 17
35 22
35 27
36 21
36 45
37 30
37 33
38 14
38 41
39 14
39 29
40 21
40 45
41 7
41 27
42 3
42 42
43 29
43 32
44 25
44 28
45 5
45 9

# solution 70
# n=46 sym=rot4 status=verified source=flammenkamp_cache/n46_rot4.mvr
# code=mvr:0 17 0 24 1 14 1 27 2 7 2 25 3 30 3 34 4
0 17
0 24
1 14
1 27
2 7
2 25
3 30
3 34
4 17
4 23
5 6
5 30
6 32
6 40
7 35
7 43
8 12
8 14
9 21
9 29
10 7
10 19
11 3
11 13
12 23
12 37
13 6
13 34
14 37
14 44
15 3
15 5
16 9
16 18
17 41
17 45
18 1
18 29
19 20
19 35
20 2
20 26
21 0
21 36
22 4
22 12
23 33
23 41
24 9
24 45
25 19
25 43
26 10
26 25
27 16
27 44
28 0
28 4
29 27
29 36
30 40
30 42
31 1
31 8
32 11
32 39
33 8
33 22
34 32
34 42
35 26
35 38
36 16
36 24
37 31
37 33
38 2
38 10
39 5
39 13
40 15
40 39
41 22
41 28
42 11
42 15
43 20
43 38
44 18
44 31
45 21
45 28

# solution 71
# n=46 sym=rot4 status=verified source=flammenkamp_cache/n46_rot4.mvr
# code=mvr:0 24 0 28 1 19 1 34 2 9 2 37 3 17 3 39 4
0 24
0 28
1 19
1 34
2 9
2 37
3 17
3 39
4 7
4 19
5 9
5 12
6 3
6 27
7 30
7 41
8 2
8 23
9 40
9 43
10 16
10 34
11 1
11 10
12 14
12 40
13 23
13 24
14 30
14 33
15 7
15 14
16 27
16 35
17 0
17 42
18 6
18 16
19 41
19 44
20 20
20 25
21 0
21 13
22 8
22 13
23 32
23 37
24 32
24 45
25 20
25 25
26 1
26 4
27 29
27 39
28 3
28 45
29 10
29 18
30 31
30 38
31 12
31 15
32 21
32 22
33 5
33 31
34 35
34 44
35 11
35 29
36 2
36 5
37 22
37 43
38 4
38 15
39 18
39 42
40 33
40 36
41 26
41 38
42 6
42 28
43 8
43 36
44 11
44 26
45 17
45 21

# solution 72
# n=46 sym=rot4 status=verified source=flammenkamp_cache/n46_rot4.mvr
# code=mvr:0 25 0 35 1 23 1 34 2 13 2 14 3 27 3 37 
0 25
0 35
1 23
1 34
2 13
2 14
3 27
3 37
4 30
4 39
5 11
5 32
6 4
6 18
7 16
7 21
8 3
8 33
9 23
9 33
10 0
10 16
11 1
11 40
12 8
12 9
13 5
13 43
14 30
14 43
15 4
15 14
16 35
16 38
17 24
17 25
18 3
18 39
19 19
19 26
20 0
20 17
21 17
21 38
22 1
22 9
23 36
23 44
24 7
24 28
25 28
25 45
26 19
26 26
27 6
27 42
28 20
28 21
29 7
29 10
30 31
30 41
31 2
31 15
32 2
32 40
33 36
33 37
34 5
34 44
35 29
35 45
36 12
36 22
37 12
37 42
38 24
38 29
39 27
39 41
40 13
40 34
41 6
41 15
42 8
42 18
43 31
43 32
44 11
44 22
45 10
45 20

# solution 73
# n=46 sym=rot4 status=verified source=flammenkamp_cache/n46_rot4.mvr
# code=mvr:0 24 0 28 1 19 1 28 2 5 2 29 3 6 3 23 4 
0 24
0 28
1 19
1 28
2 5
2 29
3 6
3 23
4 13
4 19
5 34
5 43
6 38
6 42
7 6
7 15
8 12
8 23
9 15
9 32
10 27
10 34
11 5
11 10
12 14
12 37
13 9
13 41
14 21
14 33
15 36
15 38
16 2
16 27
17 0
17 1
18 10
18 16
19 41
19 44
20 20
20 25
21 0
21 31
22 3
22 8
23 37
23 42
24 14
24 45
25 20
25 25
26 1
26 4
27 29
27 35
28 44
28 45
29 18
29 43
30 7
30 9
31 12
31 24
32 4
32 36
33 8
33 31
34 35
34 40
35 11
35 18
36 13
36 30
37 22
37 33
38 30
38 39
39 3
39 7
40 2
40 11
41 26
41 32
42 22
42 39
43 16
43 40
44 17
44 26
45 17
45 21

# solution 74
# n=46 sym=rot4 status=verified source=flammenkamp_cache/n46_rot4.mvr
# code=mvr:0 21 0 22 1 26 1 28 2 14 2 37 3 14 3 33 
0 21
0 22
1 26
1 28
2 14
2 37
3 14
3 33
4 18
4 34
5 18
5 39
6 5
6 32
7 33
7 36
8 2
8 32
9 7
9 17
10 23
10 29
11 4
11 19
12 3
12 7
13 6
13 8
14 42
14 43
15 15
15 30
16 10
16 25
17 1
17 36
18 40
18 41
19 1
19 34
20 16
20 21
21 25
21 45
22 10
22 45
23 0
23 35
24 0
24 20
25 24
25 29
26 11
26 44
27 4
27 5
28 9
28 44
29 20
29 35
30 15
30 30
31 2
31 3
32 37
32 39
33 38
33 42
34 26
34 41
35 16
35 22
36 28
36 38
37 13
37 43
38 9
38 12
39 13
39 40
40 6
40 27
41 11
41 27
42 12
42 31
43 8
43 31
44 17
44 19
45 23
45 24

# solution 75
# n=46 sym=rot4 status=verified source=flammenkamp_cache/n46_rot4.mvr
# code=mvr:0 31 0 34 1 21 1 25 2 7 2 18 3 12 3 27 4
0 31
0 34
1 21
1 25
2 7
2 18
3 12
3 27
4 16
4 21
5 32
5 39
6 5
6 8
7 25
7 43
8 14
8 39
9 10
9 28
10 32
10 36
11 0
11 16
12 22
12 42
13 5
13 10
14 0
14 37
15 15
15 30
16 34
16 41
17 9
17 26
18 3
18 43
19 17
19 23
20 1
20 7
21 41
21 44
22 19
22 33
23 12
23 26
24 1
24 4
25 38
25 44
26 22
26 28
27 2
27 42
28 19
28 36
29 4
29 11
30 15
30 30
31 8
31 45
32 35
32 40
33 3
33 23
34 29
34 45
35 9
35 13
36 17
36 35
37 6
37 31
38 2
38 20
39 37
39 40
40 6
40 13
41 24
41 29
42 18
42 33
43 27
43 38
44 20
44 24
45 11
45 14

# solution 76
# n=46 sym=rot4 status=verified source=flammenkamp_cache/n46_rot4.mvr
# code=mvr:0 10 0 19 1 27 1 33 2 10 2 15 3 21 3 22 
0 10
0 19
1 27
1 33
2 10
2 15
3 21
3 22
4 16
4 36
5 6
5 7
6 36
6 40
7 14
7 40
8 25
8 31
9 4
9 6
10 43
10 45
11 24
11 25
12 1
12 30
13 17
13 27
14 8
14 38
15 12
15 43
16 23
16 41
17 26
17 32
18 1
18 13
19 17
19 45
20 8
20 11
21 11
21 42
22 16
22 42
23 3
23 29
24 3
24 34
25 34
25 37
26 0
26 28
27 32
27 44
28 13
28 19
29 4
29 22
30 2
30 33
31 7
31 37
32 18
32 28
33 15
33 44
34 20
34 21
35 0
35 2
36 39
36 41
37 14
37 20
38 5
38 31
39 5
39 9
40 38
40 39
41 9
41 29
42 23
42 24
43 30
43 35
44 12
44 18
45 26
45 35

# solution 77
# n=46 sym=rot4 status=verified source=flammenkamp_cache/n46_rot4.mvr
# code=mvr:0 12 0 23 1 17 1 32 2 26 2 30 3 17 3 37 
0 12
0 23
1 17
1 32
2 26
2 30
3 17
3 37
4 10
4 39
5 14
5 20
6 4
6 20
7 27
7 31
8 3
8 29
9 9
9 36
10 13
10 41
11 15
11 19
12 29
12 45
13 1
13 35
14 7
14 40
15 2
15 34
16 8
16 12
17 42
17 44
18 7
18 21
19 2
19 34
20 39
20 40
21 23
21 27
22 0
22 21
23 24
23 45
24 18
24 22
25 5
25 6
26 11
26 43
27 24
27 38
28 1
28 3
29 33
29 37
30 11
30 43
31 5
31 38
32 10
32 44
33 0
33 16
34 26
34 30
35 4
35 32
36 9
36 36
37 16
37 42
38 14
38 18
39 25
39 41
40 25
40 31
41 6
41 35
42 8
42 28
43 15
43 19
44 13
44 28
45 22
45 33

# solution 78
# n=46 sym=rot4 status=verified source=flammenkamp_cache/n46_rot4.mvr
# code=mvr:0 23 0 31 1 27 1 33 2 10 2 30 3 18 3 24 
0 23
0 31
1 27
1 33
2 10
2 30
3 18
3 24
4 11
4 12
5 24
5 36
6 19
6 29
7 19
7 32
8 8
8 37
9 5
9 11
10 32
10 43
11 36
11 41
12 1
12 41
13 7
13 10
14 0
14 28
15 2
15 25
16 6
16 20
17 14
17 23
18 1
18 42
19 38
19 39
20 15
20 29
21 3
21 5
22 0
22 17
23 28
23 45
24 40
24 42
25 16
25 30
26 6
26 7
27 3
27 44
28 22
28 31
29 25
29 39
30 20
30 43
31 17
31 45
32 35
32 38
33 4
33 44
34 4
34 9
35 2
35 13
36 34
36 40
37 8
37 37
38 13
38 26
39 16
39 26
40 9
40 21
41 33
41 34
42 21
42 27
43 15
43 35
44 12
44 18
45 14
45 22

# solution 79
# n=46 sym=rot4 status=verified source=flammenkamp_cache/n46_rot4.mvr
# code=mvr:0 17 0 26 1 11 1 19 2 23 2 30 3 28 3 34 
0 17
0 26
1 11
1 19
2 23
2 30
3 28
3 34
4 5
4 21
5 6
5 41
6 33
6 40
7 14
7 29
8 27
8 35
9 12
9 30
10 8
10 13
11 3
11 44
12 6
12 36
13 24
13 35
14 16
14 38
15 2
15 9
16 7
16 31
17 3
17 45
18 8
18 23
19 0
19 44
20 20
20 25
21 13
21 41
22 2
22 18
23 27
23 43
24 4
24 32
25 20
25 25
26 1
26 45
27 22
27 37
28 0
28 42
29 14
29 38
30 36
30 43
31 7
31 29
32 10
32 21
33 9
33 39
34 1
34 42
35 32
35 37
36 15
36 33
37 10
37 18
38 16
38 31
39 5
39 12
40 4
40 39
41 24
41 40
42 11
42 17
43 15
43 22
44 26
44 34
45 19
45 28

# solution 80
# n=46 sym=rot4 status=verified source=flammenkamp_cache/n46_rot4.mvr
# code=mvr:0 26 0 40 1 29 1 34 2 13 2 20 3 9 3 20 4
0 26
0 40
1 29
1 34
2 13
2 20
3 9
3 20
4 24
4 28
5 0
5 31
6 12
6 27
7 9
7 35
8 12
8 24
9 38
9 42
10 7
10 19
11 1
11 13
12 37
12 39
13 34
13 43
14 5
14 17
15 22
15 29
16 1
16 15
17 4
17 31
18 6
18 23
19 0
19 35
20 42
20 43
21 4
21 8
22 18
22 30
23 15
23 27
24 37
24 41
25 2
25 3
26 10
26 45
27 22
27 39
28 14
28 41
29 30
29 44
30 16
30 23
31 28
31 40
32 2
32 11
33 6
33 8
34 32
34 44
35 26
35 38
36 3
36 7
37 21
37 33
38 10
38 36
39 18
39 33
40 14
40 45
41 17
41 21
42 25
42 36
43 25
43 32
44 11
44 16
45 5
45 19

# solution 81
# n=46 sym=rot4 status=verified source=flammenkamp_cache/n46_rot4.mvr
# code=mvr:0 20 0 34 1 8 1 30 2 18 2 20 3 15 3 26 4
0 20
0 34
1 8
1 30
2 18
2 20
3 15
3 26
4 13
4 40
5 4
5 26
6 33
6 35
7 17
7 31
8 11
8 44
9 24
9 28
10 6
10 13
11 0
11 37
12 6
12 31
13 35
13 41
14 7
14 12
15 1
15 42
16 24
16 27
17 9
17 38
18 16
18 43
19 3
19 5
20 43
20 45
21 9
21 16
22 22
22 23
23 22
23 23
24 29
24 36
25 0
25 2
26 40
26 42
27 2
27 29
28 7
28 36
29 18
29 21
30 3
30 44
31 33
31 38
32 4
32 10
33 14
33 39
34 8
34 45
35 32
35 39
36 17
36 21
37 1
37 34
38 14
38 28
39 10
39 12
40 19
40 41
41 5
41 32
42 19
42 30
43 25
43 27
44 15
44 37
45 11
45 25

# solution 82
# n=46 sym=rot4 status=verified source=flammenkamp_cache/n46_rot4.mvr
# code=mvr:0 23 0 25 1 18 1 28 2 15 2 19 3 14 3 19 
0 23
0 25
1 18
1 28
2 15
2 19
3 14
3 19
4 29
4 35
5 14
5 25
6 9
6 35
7 28
7 34
8 18
8 32
9 23
9 39
10 4
10 6
11 7
11 32
12 15
12 21
13 8
13 11
14 40
14 42
15 33
15 43
16 4
16 21
17 1
17 7
18 37
18 44
19 42
19 43
20 0
20 5
21 29
21 33
22 0
22 9
23 36
23 45
24 12
24 16
25 40
25 45
26 2
26 3
27 1
27 8
28 38
28 44
29 24
29 41
30 2
30 12
31 3
31 5
32 34
32 37
33 24
33 30
34 13
34 38
35 39
35 41
36 6
36 22
37 13
37 27
38 11
38 17
39 10
39 36
40 20
40 31
41 10
41 16
42 26
42 31
43 26
43 30
44 17
44 27
45 20
45 22

# solution 83
# n=46 sym=rot4 status=verified source=flammenkamp_cache/n46_rot4.mvr
# code=mvr:0 15 0 16 1 20 1 24 2 11 2 29 3 24 3 31 
0 15
0 16
1 20
1 24
2 11
2 29
3 24
3 31
4 10
4 18
5 18
5 32
6 13
6 38
7 6
7 26
8 17
8 33
9 25
9 26
10 31
10 41
11 17
11 43
12 8
12 15
13 5
13 39
14 3
14 10
15 33
15 45
16 2
16 45
17 34
17 37
18 40
18 41
19 7
19 9
20 9
20 44
21 1
21 3
22 22
22 23
23 22
23 23
24 42
24 44
25 1
25 36
26 36
26 38
27 4
27 5
28 8
28 11
29 0
29 43
30 0
30 12
31 35
31 42
32 6
32 40
33 30
33 37
34 2
34 28
35 4
35 14
36 19
36 20
37 12
37 28
38 19
38 39
39 7
39 32
40 13
40 27
41 27
41 35
42 14
42 21
43 16
43 34
44 21
44 25
45 29
45 30

# solution 84
# n=46 sym=rot4 status=verified source=flammenkamp_cache/n46_rot4.mvr
# code=mvr:0 15 0 16 1 20 1 24 2 11 2 16 3 24 3 31 
0 15
0 16
1 20
1 24
2 11
2 16
3 24
3 31
4 10
4 18
5 18
5 32
6 13
6 38
7 6
7 26
8 17
8 33
9 25
9 26
10 31
10 41
11 17
11 43
12 8
12 15
13 5
13 39
14 3
14 10
15 33
15 45
16 43
16 45
17 34
17 37
18 40
18 41
19 7
19 9
20 9
20 44
21 1
21 3
22 22
22 23
23 22
23 23
24 42
24 44
25 1
25 36
26 36
26 38
27 4
27 5
28 8
28 11
29 0
29 2
30 0
30 12
31 35
31 42
32 6
32 40
33 30
33 37
34 2
34 28
35 4
35 14
36 19
36 20
37 12
37 28
38 19
38 39
39 7
39 32
40 13
40 27
41 27
41 35
42 14
42 21
43 29
43 34
44 21
44 25
45 29
45 30

# solution 85
# n=46 sym=rot4 status=verified source=flammenkamp_cache/n46_rot4.mvr
# code=mvr:0 21 0 29 1 19 1 25 2 13 2 35 3 24 3 39 
0 21
0 29
1 19
1 25
2 13
2 35
3 24
3 39
4 7
4 18
5 14
5 30
6 3
6 34
7 33
7 41
8 22
8 36
9 8
9 13
10 2
10 23
11 6
11 26
12 7
12 14
13 36
13 43
14 33
14 40
15 5
15 28
16 0
16 20
17 15
17 27
18 17
18 41
19 11
19 44
20 1
20 29
21 3
21 45
22 10
22 37
23 8
23 35
24 0
24 42
25 16
25 44
26 1
26 34
27 4
27 28
28 18
28 30
29 25
29 45
30 17
30 40
31 5
31 12
32 2
32 9
33 31
33 38
34 19
34 39
35 22
35 43
36 32
36 37
37 9
37 23
38 4
38 12
39 11
39 42
40 15
40 31
41 27
41 38
42 6
42 21
43 10
43 32
44 20
44 26
45 16
45 24

# solution 86
# n=46 sym=rot4 status=verified source=flammenkamp_cache/n46_rot4.mvr
# code=mvr:0 23 0 25 1 18 1 30 2 16 2 18 3 10 3 24 
0 23
0 25
1 18
1 30
2 16
2 18
3 10
3 24
4 33
4 38
5 28
5 37
6 11
6 13
7 4
7 23
8 5
8 26
9 15
9 21
10 34
10 42
11 10
11 39
12 4
12 32
13 12
13 39
14 14
14 31
15 1
15 36
16 20
16 43
17 5
17 26
18 43
18 44
19 8
19 17
20 0
20 29
21 3
21 36
22 0
22 7
23 38
23 45
24 9
24 42
25 16
25 45
26 28
26 37
27 1
27 2
28 19
28 40
29 2
29 25
30 9
30 44
31 14
31 31
32 6
32 33
33 13
33 41
34 6
34 35
35 3
35 11
36 24
36 30
37 19
37 40
38 22
38 41
39 32
39 34
40 8
40 17
41 7
41 12
42 21
42 35
43 27
43 29
44 15
44 27
45 20
45 22

# solution 87
# n=46 sym=rot4 status=verified source=flammenkamp_cache/n46_rot4.mvr
# code=mvr:0 17 0 18 1 22 1 36 2 14 2 38 3 13 3 39 
0 17
0 18
1 22
1 36
2 14
2 38
3 13
3 39
4 18
4 26
5 24
5 29
6 3
6 12
7 2
7 17
8 24
8 25
9 1
9 34
10 12
10 15
11 9
11 30
12 35
12 39
13 19
13 42
14 23
14 43
15 11
15 35
16 5
16 25
17 38
17 45
18 41
18 45
19 4
19 32
20 8
20 16
21 5
21 8
22 14
22 44
23 1
23 31
24 37
24 40
25 29
25 37
26 13
26 41
27 0
27 4
28 0
28 7
29 20
29 40
30 10
30 34
31 2
31 22
32 3
32 26
33 6
33 10
34 15
34 36
35 30
35 33
36 11
36 44
37 20
37 21
38 28
38 43
39 33
39 42
40 16
40 21
41 19
41 27
42 6
42 32
43 7
43 31
44 9
44 23
45 27
45 28

# solution 88
# n=46 sym=rot4 status=verified source=flammenkamp_cache/n46_rot4.mvr
# code=mvr:0 25 0 28 1 15 1 16 2 12 2 39 3 19 3 21 
0 25
0 28
1 15
1 16
2 12
2 39
3 19
3 21
4 9
4 15
5 19
5 31
6 2
6 8
7 32
7 34
8 25
8 39
9 17
9 41
10 23
10 32
11 7
11 14
12 23
12 43
13 7
13 10
14 5
14 34
15 41
15 44
16 24
16 44
17 0
17 36
18 18
18 27
19 40
19 42
20 0
20 8
21 16
21 42
22 10
22 12
23 33
23 35
24 3
24 29
25 37
25 45
26 3
26 5
27 18
27 27
28 9
28 45
29 1
29 21
30 1
30 4
31 11
31 40
32 35
32 38
33 2
33 22
34 31
34 38
35 13
35 22
36 4
36 28
37 6
37 20
38 11
38 13
39 37
39 43
40 14
40 26
41 30
41 36
42 24
42 26
43 6
43 33
44 29
44 30
45 17
45 20

# solution 89
# n=46 sym=rot4 status=verified source=flammenkamp_cache/n46_rot4.mvr
# code=mvr:0 10 0 25 1 14 1 32 2 24 2 38 3 19 3 40 
0 10
0 25
1 14
1 32
2 24
2 38
3 19
3 40
4 25
4 27
5 3
5 16
6 10
6 15
7 2
7 24
8 12
8 36
9 8
9 17
10 39
10 45
11 23
11 31
12 18
12 37
13 1
13 30
14 11
14 44
15 13
15 39
16 26
16 40
17 23
17 36
18 4
18 33
19 16
19 42
20 0
20 4
21 2
21 7
22 11
22 17
23 28
23 34
24 38
24 43
25 41
25 45
26 3
26 29
27 12
27 41
28 9
28 22
29 5
29 19
30 6
30 32
31 1
31 34
32 15
32 44
33 8
33 27
34 14
34 22
35 0
35 6
36 28
36 37
37 9
37 33
38 21
38 43
39 30
39 35
40 29
40 42
41 18
41 20
42 5
42 26
43 7
43 21
44 13
44 31
45 20
45 35

# solution 90
# n=46 sym=rot4 status=verified source=flammenkamp_cache/n46_rot4.mvr
# code=mvr:0 19 0 25 1 23 1 35 2 14 2 17 3 14 3 24 
0 19
0 25
1 23
1 35
2 14
2 17
3 14
3 24
4 10
4 40
5 4
5 34
6 11
6 19
7 29
7 30
8 18
8 24
9 9
9 36
10 1
10 41
11 5
11 39
12 23
12 30
13 16
13 17
14 42
14 43
15 7
15 12
16 7
16 32
17 32
17 43
18 20
18 37
19 39
19 45
20 0
20 27
21 3
21 8
22 1
22 12
23 33
23 44
24 37
24 42
25 18
25 45
26 0
26 6
27 8
27 25
28 2
28 13
29 13
29 38
30 33
30 38
31 2
31 3
32 28
32 29
33 15
33 22
34 6
34 40
35 4
35 44
36 9
36 36
37 21
37 27
38 15
38 16
39 26
39 34
40 11
40 41
41 5
41 35
42 21
42 31
43 28
43 31
44 10
44 22
45 20
45 26

# solution 91
# n=46 sym=rot4 status=verified source=flammenkamp_cache/n46_rot4.mvr
# code=mvr:0 23 0 31 1 6 1 18 2 18 2 40 3 23 3 40 4
0 23
0 31
1 6
1 18
2 18
2 40
3 23
3 40
4 10
4 12
5 2
5 3
6 34
6 44
7 26
7 28
8 16
8 17
9 24
9 34
10 13
10 41
11 6
11 9
12 26
12 41
13 31
13 35
14 0
14 13
15 15
15 30
16 20
16 37
17 7
17 37
18 43
18 44
19 7
19 12
20 24
20 29
21 9
21 20
22 0
22 3
23 42
23 45
24 25
24 36
25 16
25 21
26 33
26 38
27 1
27 2
28 8
28 38
29 8
29 25
30 15
30 30
31 32
31 45
32 10
32 14
33 4
33 19
34 36
34 39
35 4
35 32
36 11
36 21
37 28
37 29
38 17
38 19
39 1
39 11
40 42
40 43
41 33
41 35
42 5
42 22
43 5
43 27
44 27
44 39
45 14
45 22

# solution 92
# n=46 sym=rot4 status=verified source=flammenkamp_cache/n46_rot4.mvr
# code=mvr:0 13 0 20 1 24 1 34 2 17 2 26 3 30 3 36 
0 13
0 20
1 24
1 34
2 17
2 26
3 30
3 36
4 20
4 23
5 12
5 28
6 7
6 35
7 29
7 39
8 9
8 34
9 3
9 37
10 6
10 26
11 1
11 8
12 30
12 40
13 27
13 45
14 16
14 21
15 3
15 12
16 7
16 31
17 5
17 43
18 13
18 23
19 2
19 10
20 41
20 45
21 1
21 31
22 4
22 18
23 27
23 41
24 14
24 44
25 0
25 4
26 35
26 43
27 22
27 32
28 2
28 40
29 14
29 38
30 33
30 42
31 24
31 29
32 0
32 18
33 5
33 15
34 37
34 44
35 19
35 39
36 8
36 42
37 11
37 36
38 6
38 16
39 10
39 38
40 17
40 33
41 22
41 25
42 9
42 15
43 19
43 28
44 11
44 21
45 25
45 32

# solution 93
# n=46 sym=rot4 status=verified source=flammenkamp_cache/n46_rot4.mvr
# code=mvr:0 29 0 38 1 15 1 26 2 11 2 21 3 14 3 21 
0 29
0 38
1 15
1 26
2 11
2 21
3 14
3 21
4 34
4 38
5 8
5 18
6 27
6 31
7 0
7 4
8 10
8 40
9 9
9 36
10 12
10 37
11 4
11 43
12 23
12 35
13 17
13 26
14 6
14 42
15 25
15 44
16 0
16 20
17 23
17 32
18 6
18 40
19 1
19 13
20 15
20 29
21 42
21 43
22 12
22 17
23 28
23 33
24 2
24 3
25 16
25 30
26 32
26 44
27 5
27 39
28 13
28 22
29 25
29 45
30 1
30 20
31 3
31 39
32 19
32 28
33 10
33 22
34 2
34 41
35 8
35 33
36 9
36 36
37 5
37 35
38 41
38 45
39 14
39 18
40 27
40 37
41 7
41 11
42 24
42 31
43 24
43 34
44 19
44 30
45 7
45 16

# solution 94
# n=46 sym=rot4 status=verified source=flammenkamp_cache/n46_rot4.mvr
# code=mvr:0 5 0 21 1 16 1 18 2 8 2 10 3 28 3 30 4 
0 5
0 21
1 16
1 18
2 8
2 10
3 28
3 30
4 4
4 41
5 31
5 45
6 16
6 30
7 10
7 25
8 26
8 43
9 11
9 13
10 38
10 43
11 27
11 36
12 17
12 32
13 12
13 36
14 5
14 20
15 3
15 6
16 39
16 44
17 3
17 33
18 11
18 44
19 8
19 23
20 7
20 31
21 23
21 45
22 19
22 21
23 24
23 26
24 0
24 22
25 14
25 38
26 22
26 37
27 1
27 34
28 12
28 42
29 1
29 6
30 39
30 42
31 25
31 40
32 9
32 33
33 13
33 28
34 9
34 18
35 2
35 7
36 32
36 34
37 2
37 19
38 20
38 35
39 15
39 29
40 0
40 14
41 4
41 41
42 15
42 17
43 35
43 37
44 27
44 29
45 24
45 40

# solution 95
# n=46 sym=rot4 status=verified source=flammenkamp_cache/n46_rot4.mvr
# code=mvr:0 16 0 35 1 19 1 22 2 27 2 32 3 7 3 11 4
0 16
0 35
1 19
1 22
2 27
2 32
3 7
3 11
4 8
4 9
5 19
5 28
6 21
6 33
7 21
7 42
8 15
8 41
9 10
9 41
10 0
10 36
11 14
11 42
12 6
12 27
13 2
13 15
14 23
14 34
15 32
15 37
16 28
16 45
17 5
17 16
18 2
18 12
19 40
19 44
20 20
20 25
21 38
21 39
22 14
22 44
23 1
23 31
24 6
24 7
25 20
25 25
26 1
26 5
27 33
27 43
28 29
28 40
29 0
29 17
30 8
30 13
31 11
31 22
32 30
32 43
33 18
33 39
34 3
34 31
35 9
35 45
36 4
36 35
37 4
37 30
38 3
38 24
39 12
39 24
40 17
40 26
41 36
41 37
42 34
42 38
43 13
43 18
44 23
44 26
45 10
45 29

# solution 96
# n=46 sym=rot4 status=verified source=flammenkamp_cache/n46_rot4.mvr
# code=mvr:0 22 0 26 1 13 1 16 2 7 2 29 3 27 3 37 4
0 22
0 26
1 13
1 16
2 7
2 29
3 27
3 37
4 15
4 40
5 4
5 9
6 27
6 33
7 13
7 43
8 3
8 21
9 26
9 40
10 10
10 35
11 14
11 20
12 6
12 14
13 38
13 44
14 33
14 34
15 23
15 41
16 2
16 44
17 20
17 21
18 3
18 6
19 0
19 9
20 28
20 34
21 28
21 37
22 15
22 45
23 0
23 30
24 8
24 17
25 11
25 17
26 36
26 45
27 39
27 42
28 24
28 25
29 1
29 43
30 4
30 22
31 11
31 12
32 1
32 7
33 31
33 39
34 25
34 31
35 10
35 35
36 5
36 19
37 24
37 42
38 2
38 32
39 12
39 18
40 36
40 41
41 5
41 30
42 8
42 18
43 16
43 38
44 29
44 32
45 19
45 23

# solution 97
# n=46 sym=rot4 status=verified source=flammenkamp_cache/n46_rot4.mvr
# code=mvr:0 12 0 26 1 17 1 22 2 9 2 30 3 9 3 20 4 
0 12
0 26
1 17
1 22
2 9
2 30
3 9
3 20
4 14
4 27
5 35
5 39
6 5
6 30
7 10
7 20
8 13
8 27
9 42
9 43
10 5
10 38
11 23
11 26
12 16
12 45
13 21
13 37
14 16
14 41
15 2
15 6
16 31
16 33
17 21
17 44
18 4
18 8
19 0
19 11
20 38
20 42
21 28
21 32
22 11
22 44
23 1
23 34
24 13
24 17
25 3
25 7
26 34
26 45
27 37
27 41
28 1
28 24
29 12
29 14
30 39
30 43
31 4
31 29
32 8
32 24
33 0
33 29
34 19
34 22
35 7
35 40
36 2
36 3
37 18
37 32
38 25
38 35
39 15
39 40
40 6
40 10
41 18
41 31
42 25
42 36
43 15
43 36
44 23
44 28
45 19
45 33

# solution 98
# n=46 sym=rot4 status=verified source=flammenkamp_cache/n46_rot4.mvr
# code=mvr:0 23 0 25 1 14 1 17 2 25 2 28 3 13 3 14 
0 23
0 25
1 14
1 17
2 25
2 28
3 13
3 14
4 35
4 37
5 21
5 37
6 9
6 27
7 9
7 18
8 4
8 5
9 38
9 39
10 4
10 16
11 26
11 32
12 21
12 26
13 11
13 42
14 42
14 44
15 23
15 29
16 15
16 35
17 2
17 44
18 6
18 38
19 11
19 12
20 0
20 2
21 33
21 40
22 0
22 15
23 30
23 45
24 5
24 12
25 43
25 45
26 33
26 34
27 7
27 39
28 1
28 43
29 10
29 30
30 16
30 22
31 1
31 3
32 3
32 34
33 19
33 24
34 13
34 19
35 29
35 41
36 6
36 7
37 40
37 41
38 27
38 36
39 18
39 36
40 8
40 24
41 8
41 10
42 31
42 32
43 17
43 20
44 28
44 31
45 20
45 22

# solution 99
# n=46 sym=rot4 status=verified source=flammenkamp_cache/n46_rot4.mvr
# code=mvr:0 11 0 38 1 16 1 26 2 17 2 20 3 28 3 32 
0 11
0 38
1 16
1 26
2 17
2 20
3 28
3 32
4 9
4 14
5 9
5 24
6 33
6 37
7 0
7 15
8 6
8 21
9 40
9 41
10 13
10 30
11 25
11 45
12 6
12 31
13 3
13 35
14 12
14 41
15 10
15 38
16 22
16 44
17 3
17 43
18 18
18 27
19 1
19 23
20 11
20 43
21 5
21 37
22 19
22 29
23 16
23 26
24 8
24 40
25 2
25 34
26 22
26 44
27 18
27 27
28 2
28 42
29 1
29 23
30 7
30 35
31 4
31 33
32 10
32 42
33 14
33 39
34 0
34 20
35 15
35 32
36 4
36 5
37 24
37 39
38 30
38 45
39 8
39 12
40 21
40 36
41 31
41 36
42 13
42 17
43 25
43 28
44 19
44 29
45 7
45 34

# solution 100
# n=46 sym=rot4 status=verified source=flammenkamp_cache/n46_rot4.mvr
# code=mvr:0 20 0 23 1 6 1 33 2 10 2 26 3 13 3 30 4
0 20
0 23
1 6
1 33
2 10
2 26
3 13
3 30
4 5
4 20
5 29
5 41
6 36
6 44
7 16
7 36
8 23
8 33
9 6
9 7
10 28
10 43
11 15
11 21
12 1
12 8
13 27
13 42
14 14
14 31
15 3
15 34
16 5
16 38
17 10
17 19
18 13
18 24
19 2
19 28
20 41
20 45
21 18
21 34
22 0
22 8
23 37
23 45
24 11
24 27
25 0
25 4
26 17
26 43
27 21
27 32
28 26
28 35
29 7
29 40
30 11
30 42
31 14
31 31
32 3
32 18
33 37
33 44
34 24
34 30
35 2
35 17
36 38
36 39
37 12
37 22
38 9
38 29
39 1
39 9
40 4
40 16
41 25
41 40
42 15
42 32
43 19
43 35
44 12
44 39
45 22
45 25

# solution 101
# n=46 sym=rot4 status=verified source=flammenkamp_cache/n46_rot4.mvr
# code=mvr:0 23 0 35 1 13 1 25 2 16 2 17 3 4 3 6 4 
0 23
0 35
1 13
1 25
2 16
2 17
3 4
3 6
4 32
4 42
5 24
5 38
6 30
6 42
7 5
7 33
8 23
8 35
9 20
9 31
10 0
10 8
11 17
11 24
12 7
12 16
13 4
13 44
14 9
14 27
15 6
15 27
16 33
16 43
17 34
17 43
18 14
18 15
19 19
19 26
20 1
20 36
21 5
21 11
22 0
22 8
23 37
23 45
24 34
24 40
25 9
25 44
26 19
26 26
27 30
27 31
28 2
28 11
29 2
29 12
30 18
30 39
31 18
31 36
32 1
32 41
33 29
33 38
34 21
34 28
35 37
35 45
36 14
36 25
37 10
37 22
38 12
38 40
39 3
39 15
40 7
40 21
41 3
41 13
42 39
42 41
43 28
43 29
44 20
44 32
45 10
45 22

# solution 102
# n=46 sym=rot4 status=verified source=flammenkamp_cache/n46_rot4.mvr
# code=mvr:0 16 0 21 1 21 1 27 2 14 2 16 3 9 3 12 4
0 16
0 21
1 21
1 27
2 14
2 16
3 9
3 12
4 23
4 32
5 9
5 39
6 5
6 34
7 30
7 33
8 23
8 27
9 40
9 42
10 25
10 32
11 6
11 17
12 7
12 42
13 4
13 10
14 15
14 43
15 7
15 31
16 43
16 45
17 20
17 34
18 1
18 8
19 19
19 26
20 10
20 28
21 44
21 45
22 4
22 8
23 37
23 41
24 0
24 1
25 17
25 35
26 19
26 26
27 37
27 44
28 11
28 25
29 0
29 2
30 14
30 38
31 2
31 30
32 35
32 41
33 3
33 38
34 28
34 39
35 13
35 20
36 3
36 5
37 18
37 22
38 12
38 15
39 11
39 40
40 6
40 36
41 13
41 22
42 33
42 36
43 29
43 31
44 18
44 24
45 24
45 29

# solution 103
# n=46 sym=rot4 status=verified source=flammenkamp_cache/n46_rot4.mvr
# code=mvr:0 17 0 33 1 27 1 35 2 13 2 20 3 24 3 26 
0 17
0 33
1 27
1 35
2 13
2 20
3 24
3 26
4 14
4 36
5 10
5 24
6 17
6 20
7 11
7 36
8 15
8 34
9 4
9 7
10 1
10 40
11 8
11 38
12 0
12 27
13 19
13 43
14 23
14 41
15 23
15 37
16 16
16 29
17 39
17 45
18 1
18 12
19 3
19 32
20 39
20 43
21 3
21 5
22 14
22 15
23 30
23 31
24 40
24 42
25 2
25 6
26 13
26 42
27 33
27 44
28 0
28 6
29 16
29 29
30 8
30 22
31 4
31 22
32 2
32 26
33 18
33 45
34 7
34 37
35 5
35 44
36 38
36 41
37 11
37 30
38 9
38 34
39 25
39 28
40 21
40 35
41 9
41 31
42 19
42 21
43 25
43 32
44 10
44 18
45 12
45 28

# solution 104
# n=46 sym=rot4 status=verified source=flammenkamp_cache/n46_rot4.mvr
# code=mvr:0 35 0 36 1 4 1 18 2 21 2 22 3 17 3 31 4
0 35
0 36
1 4
1 18
2 21
2 22
3 17
3 31
4 25
4 44
5 6
5 13
6 37
6 40
7 18
7 20
8 6
8 32
9 0
9 12
10 0
10 16
11 17
11 29
12 21
12 36
13 8
13 40
14 3
14 15
15 23
15 31
16 11
16 35
17 34
17 42
18 38
18 44
19 19
19 26
20 4
20 38
21 33
21 43
22 15
22 43
23 2
23 30
24 2
24 12
25 7
25 41
26 19
26 26
27 1
27 7
28 3
28 11
29 10
29 34
30 14
30 22
31 30
31 42
32 5
32 37
33 9
33 24
34 16
34 28
35 29
35 45
36 33
36 45
37 13
37 39
38 25
38 27
39 5
39 8
40 32
40 39
41 1
41 20
42 14
42 28
43 23
43 24
44 27
44 41
45 9
45 10

# solution 105
# n=46 sym=rot4 status=verified source=flammenkamp_cache/n46_rot4.mvr
# code=mvr:0 30 0 34 1 13 1 21 2 27 2 30 3 10 3 21 
0 30
0 34
1 13
1 21
2 27
2 30
3 10
3 21
4 29
4 37
5 14
5 39
6 5
6 26
7 10
7 22
8 4
8 13
9 26
9 33
10 38
10 42
11 0
11 20
12 9
12 16
13 37
13 44
14 25
14 40
15 0
15 2
16 4
16 33
17 18
17 23
18 2
18 28
19 6
19 9
20 14
20 34
21 42
21 44
22 17
22 38
23 7
23 28
24 1
24 3
25 11
25 31
26 36
26 39
27 17
27 43
28 22
28 27
29 12
29 41
30 43
30 45
31 5
31 20
32 1
32 8
33 29
33 36
34 25
34 45
35 3
35 7
36 12
36 19
37 32
37 41
38 23
38 35
39 19
39 40
40 6
40 31
41 8
41 16
42 24
42 35
43 15
43 18
44 24
44 32
45 11
45 15

# solution 106
# n=46 sym=rot4 status=verified source=flammenkamp_cache/n46_rot4.mvr
# code=mvr:0 17 0 29 1 8 1 12 2 21 2 29 3 19 3 21 4
0 17
0 29
1 8
1 12
2 21
2 29
3 19
3 21
4 23
4 35
5 6
5 32
6 10
6 40
7 12
7 18
8 28
8 44
9 11
9 31
10 4
10 39
11 19
11 36
12 38
12 44
13 5
13 25
14 9
14 18
15 15
15 30
16 0
16 2
17 8
17 45
18 31
18 38
19 34
19 42
20 13
20 23
21 42
21 43
22 4
22 20
23 25
23 41
24 2
24 3
25 22
25 32
26 3
26 11
27 7
27 14
28 0
28 37
29 43
29 45
30 15
30 30
31 27
31 36
32 20
32 40
33 1
33 7
34 9
34 26
35 6
35 41
36 14
36 34
37 1
37 17
38 27
38 33
39 5
39 35
40 13
40 39
41 10
41 22
42 24
42 26
43 16
43 24
44 33
44 37
45 16
45 28

# solution 107
# n=46 sym=rot4 status=verified source=flammenkamp_cache/n46_rot4.mvr
# code=mvr:0 26 0 30 1 21 1 34 2 10 2 33 3 12 3 26 
0 26
0 30
1 21
1 34
2 10
2 33
3 12
3 26
4 23
4 39
5 9
5 27
6 4
6 23
7 13
7 21
8 13
8 30
9 16
9 40
10 34
10 43
11 1
11 10
12 2
12 42
13 37
13 38
14 18
14 28
15 0
15 8
16 28
16 36
17 14
17 16
18 5
18 31
19 0
19 3
20 20
20 25
21 38
21 44
22 4
22 6
23 39
23 41
24 1
24 7
25 20
25 25
26 42
26 45
27 14
27 40
28 29
28 31
29 9
29 17
30 37
30 45
31 17
31 27
32 7
32 8
33 3
33 43
34 35
34 44
35 2
35 11
36 5
36 29
37 15
37 32
38 24
38 32
39 22
39 41
40 18
40 36
41 6
41 22
42 19
42 33
43 12
43 35
44 11
44 24
45 15
45 19

# solution 108
# n=46 sym=rot4 status=verified source=flammenkamp_cache/n46_rot4.mvr
# code=mvr:0 9 0 33 1 15 1 26 2 22 2 26 3 14 3 28 4
0 9
0 33
1 15
1 26
2 22
2 26
3 14
3 28
4 13
4 28
5 6
5 7
6 35
6 40
7 27
7 40
8 27
8 31
9 10
9 45
10 6
10 36
11 16
11 32
12 0
12 20
13 11
13 41
14 8
14 42
15 20
15 44
16 23
16 34
17 3
17 4
18 7
18 8
19 1
19 2
20 30
20 33
21 21
21 24
22 16
22 43
23 2
23 29
24 21
24 24
25 12
25 15
26 43
26 44
27 37
27 38
28 41
28 42
29 11
29 22
30 1
30 25
31 3
31 37
32 4
32 34
33 25
33 45
34 13
34 29
35 9
35 39
36 0
36 35
37 14
37 18
38 5
38 18
39 5
39 10
40 38
40 39
41 17
41 32
42 17
42 31
43 19
43 23
44 19
44 30
45 12
45 36

# solution 109
# n=46 sym=rot4 status=verified source=flammenkamp_cache/n46_rot4.mvr
# code=mvr:0 14 0 32 1 21 1 25 2 7 2 21 3 15 3 28 4
0 14
0 32
1 21
1 25
2 7
2 21
3 15
3 28
4 17
4 26
5 23
5 38
6 10
6 34
7 5
7 43
8 12
8 16
9 26
9 30
10 25
10 39
11 6
11 18
12 32
12 37
13 0
13 12
14 23
14 45
15 9
15 42
16 27
16 37
17 3
17 41
18 16
18 34
19 4
19 9
20 1
20 10
21 43
21 44
22 5
22 14
23 31
23 40
24 1
24 2
25 35
25 44
26 36
26 41
27 11
27 29
28 4
28 42
29 8
29 18
30 3
30 36
31 0
31 22
32 33
32 45
33 8
33 13
34 27
34 39
35 6
35 20
36 15
36 19
37 29
37 33
38 2
38 40
39 11
39 35
40 7
40 22
41 19
41 28
42 17
42 30
43 24
43 38
44 20
44 24
45 13
45 31

# solution 110
# n=46 sym=rot4 status=verified source=flammenkamp_cache/n46_rot4.mvr
# code=mvr:0 18 0 26 1 12 1 35 2 26 2 30 3 7 3 13 4
0 18
0 26
1 12
1 35
2 26
2 30
3 7
3 13
4 14
4 28
5 25
5 37
6 13
6 18
7 23
7 42
8 5
8 31
9 25
9 34
10 1
10 12
11 9
11 30
12 35
12 44
13 39
13 42
14 8
14 41
15 2
15 11
16 17
16 23
17 4
17 29
18 39
18 45
19 0
19 2
20 5
20 9
21 21
21 24
22 7
22 16
23 29
23 38
24 21
24 24
25 36
25 40
26 43
26 45
27 0
27 6
28 16
28 41
29 22
29 28
30 34
30 43
31 4
31 37
32 3
32 6
33 1
33 10
34 15
34 36
35 33
35 44
36 11
36 20
37 14
37 40
38 3
38 22
39 27
39 32
40 8
40 20
41 17
41 31
42 32
42 38
43 15
43 19
44 10
44 33
45 19
45 27

# solution 111
# n=46 sym=rot4 status=verified source=flammenkamp_cache/n46_rot4.mvr
# code=mvr:0 25 0 34 1 27 1 28 2 12 2 30 3 4 3 18 4
0 25
0 34
1 27
1 28
2 12
2 30
3 4
3 18
4 12
4 42
5 26
5 32
6 16
6 20
7 10
7 19
8 14
8 17
9 31
9 34
10 23
10 38
11 0
11 9
12 41
12 43
13 5
13 15
14 9
14 37
15 2
15 32
16 23
16 39
17 1
17 37
18 1
18 42
19 5
19 38
20 0
20 39
21 21
21 24
22 10
22 16
23 29
23 35
24 21
24 24
25 6
25 45
26 7
26 40
27 3
27 44
28 8
28 44
29 6
29 22
30 13
30 43
31 8
31 36
32 30
32 40
33 2
33 4
34 36
34 45
35 7
35 22
36 11
36 14
37 28
37 31
38 26
38 35
39 25
39 29
40 13
40 19
41 3
41 33
42 27
42 41
43 15
43 33
44 17
44 18
45 11
45 20

# solution 112
# n=46 sym=rot4 status=verified source=flammenkamp_cache/n46_rot4.mvr
# code=mvr:0 13 0 23 1 17 1 25 2 18 2 33 3 23 3 24 
0 13
0 23
1 17
1 25
2 18
2 33
3 23
3 24
4 10
4 12
5 35
5 39
6 5
6 14
7 34
7 36
8 28
8 30
9 7
9 19
10 5
10 41
11 7
11 29
12 2
12 41
13 25
13 45
14 29
14 39
15 8
15 19
16 11
16 14
17 8
17 44
18 24
18 43
19 30
19 36
20 1
20 13
21 3
21 18
22 0
22 3
23 42
23 45
24 27
24 42
25 32
25 44
26 9
26 15
27 2
27 21
28 1
28 37
29 31
29 34
30 26
30 37
31 6
31 16
32 0
32 20
33 4
33 43
34 16
34 38
35 4
35 40
36 26
36 38
37 15
37 17
38 9
38 11
39 31
39 40
40 6
40 10
41 33
41 35
42 21
42 22
43 12
43 27
44 20
44 28
45 22
45 32

# solution 113
# n=46 sym=rot4 status=verified source=flammenkamp_cache/n46_rot4.mvr
# code=mvr:0 23 0 27 1 9 1 31 2 7 2 12 3 13 3 20 4 
0 23
0 27
1 9
1 31
2 7
2 12
3 13
3 20
4 23
4 29
5 29
5 35
6 26
6 38
7 6
7 43
8 10
8 34
9 30
9 44
10 5
10 37
11 8
11 20
12 14
12 43
13 28
13 42
14 1
14 33
15 9
15 21
16 4
16 5
17 13
17 21
18 0
18 26
19 6
19 18
20 34
20 42
21 28
21 30
22 0
22 4
23 41
23 45
24 15
24 17
25 3
25 11
26 27
26 39
27 19
27 45
28 24
28 32
29 40
29 41
30 24
30 36
31 12
31 44
32 3
32 17
33 2
33 31
34 25
34 37
35 8
35 40
36 1
36 15
37 11
37 35
38 2
38 39
39 7
39 19
40 10
40 16
41 16
41 22
42 25
42 32
43 33
43 38
44 14
44 36
45 18
45 22

# solution 114
# n=46 sym=rot4 status=verified source=flammenkamp_cache/n46_rot4.mvr
# code=mvr:0 10 0 14 1 24 1 37 2 27 2 40 3 20 3 26 
0 10
0 14
1 24
1 37
2 27
2 40
3 20
3 26
4 16
4 36
5 2
5 27
6 24
6 37
7 11
7 33
8 1
8 6
9 4
9 10
10 36
10 45
11 20
11 38
12 7
12 30
13 17
13 19
14 23
14 45
15 12
15 23
16 28
16 41
17 16
17 32
18 2
18 5
19 3
19 32
20 34
20 42
21 1
21 6
22 14
22 15
23 30
23 31
24 39
24 44
25 3
25 11
26 13
26 42
27 40
27 43
28 13
28 29
29 4
29 17
30 22
30 33
31 0
31 22
32 26
32 28
33 15
33 38
34 7
34 25
35 0
35 9
36 35
36 41
37 39
37 44
38 12
38 34
39 8
39 21
40 18
40 43
41 9
41 29
42 19
42 25
43 5
43 18
44 8
44 21
45 31
45 35

# solution 115
# n=46 sym=rot4 status=verified source=flammenkamp_cache/n46_rot4.mvr
# code=mvr:0 14 0 15 1 3 1 11 2 26 2 29 3 19 3 44 4
0 14
0 15
1 3
1 11
2 26
2 29
3 19
3 44
4 22
4 34
5 31
5 37
6 10
6 30
7 13
7 20
8 5
8 12
9 20
9 28
10 27
10 39
11 4
11 44
12 32
12 37
13 12
13 38
14 5
14 45
15 6
15 45
16 2
16 23
17 9
17 27
18 10
18 17
19 2
19 42
20 36
20 38
21 21
21 24
22 16
22 41
23 4
23 29
24 21
24 24
25 7
25 9
26 3
26 43
27 28
27 35
28 18
28 36
29 22
29 43
30 0
30 39
31 0
31 40
32 7
32 33
33 8
33 13
34 1
34 41
35 6
35 18
36 17
36 25
37 33
37 40
38 25
38 32
39 15
39 35
40 8
40 14
41 11
41 23
42 1
42 26
43 16
43 19
44 34
44 42
45 30
45 31

# solution 116
# n=46 sym=rot4 status=verified source=flammenkamp_cache/n46_rot4.mvr
# code=mvr:0 4 0 16 1 32 1 36 2 16 2 40 3 12 3 23 4
0 4
0 16
1 32
1 36
2 16
2 40
3 12
3 23
4 15
4 45
5 2
5 31
6 19
6 24
7 19
7 31
8 21
8 36
9 1
9 8
10 28
10 34
11 10
11 28
12 18
12 42
13 1
13 15
14 5
14 7
15 32
15 41
16 43
16 45
17 10
17 11
18 23
18 33
19 38
19 39
20 20
20 25
21 6
21 37
22 3
22 18
23 27
23 42
24 8
24 39
25 20
25 25
26 6
26 7
27 12
27 22
28 34
28 35
29 0
29 2
30 4
30 13
31 38
31 40
32 30
32 44
33 3
33 27
34 17
34 35
35 11
35 17
36 37
36 44
37 9
37 24
38 14
38 26
39 21
39 26
40 14
40 43
41 0
41 30
42 22
42 33
43 5
43 29
44 9
44 13
45 29
45 41

# solution 117
# n=46 sym=rot4 status=verified source=flammenkamp_cache/n46_rot4.mvr
# code=mvr:0 21 0 26 1 10 1 15 2 15 2 20 3 11 3 31 
0 21
0 26
1 10
1 15
2 15
2 20
3 11
3 31
4 29
4 31
5 8
5 18
6 23
6 29
7 34
7 36
8 26
8 40
9 7
9 10
10 36
10 44
11 7
11 42
12 12
12 33
13 27
13 28
14 3
14 4
15 43
15 44
16 4
16 6
17 13
17 20
18 13
18 40
19 0
19 8
20 28
20 43
21 23
21 45
22 6
22 21
23 24
23 39
24 0
24 22
25 2
25 17
26 37
26 45
27 5
27 32
28 25
28 32
29 39
29 41
30 1
30 2
31 41
31 42
32 17
32 18
33 12
33 33
34 3
34 38
35 1
35 9
36 35
36 38
37 5
37 19
38 9
38 11
39 16
39 22
40 27
40 37
41 14
41 16
42 14
42 34
43 25
43 30
44 30
44 35
45 19
45 24

# solution 118
# n=46 sym=rot4 status=verified source=flammenkamp_cache/n46_rot4.mvr
# code=mvr:0 21 0 25 1 13 1 30 2 20 2 30 3 11 3 31 
0 21
0 25
1 13
1 30
2 20
2 30
3 11
3 31
4 9
4 27
5 18
5 24
6 35
6 38
7 6
7 22
8 26
8 35
9 28
9 41
10 6
10 8
11 31
11 42
12 12
12 33
13 23
13 44
14 3
14 11
15 1
15 2
16 17
16 19
17 9
17 29
18 4
18 40
19 8
19 29
20 0
20 43
21 5
21 45
22 13
22 38
23 7
23 32
24 0
24 40
25 2
25 45
26 16
26 37
27 5
27 41
28 16
28 36
29 26
29 28
30 43
30 44
31 34
31 42
32 1
32 22
33 12
33 33
34 3
34 14
35 37
35 39
36 4
36 17
37 10
37 19
38 23
38 39
39 7
39 10
40 21
40 27
41 18
41 36
42 14
42 34
43 15
43 25
44 15
44 32
45 20
45 24

# solution 119
# n=46 sym=rot4 status=verified source=flammenkamp_cache/n46_rot4.mvr
# code=mvr:0 22 0 24 1 14 1 19 2 13 2 31 3 28 3 35 
0 22
0 24
1 14
1 19
2 13
2 31
3 28
3 35
4 13
4 33
5 18
5 33
6 37
6 38
7 6
7 11
8 6
8 34
9 19
9 24
10 3
10 18
11 8
11 38
12 4
12 5
13 41
13 43
14 2
14 44
15 25
15 29
16 15
16 20
17 3
17 23
18 35
18 40
19 36
19 44
20 15
20 29
21 0
21 9
22 17
22 45
23 0
23 28
24 36
24 45
25 16
25 30
26 1
26 9
27 5
27 10
28 22
28 42
29 25
29 30
30 16
30 20
31 1
31 43
32 2
32 4
33 40
33 41
34 7
34 37
35 27
35 42
36 21
36 26
37 11
37 39
38 34
38 39
39 7
39 8
40 12
40 27
41 12
41 32
42 10
42 17
43 14
43 32
44 26
44 31
45 21
45 23

# solution 120
# n=46 sym=rot4 status=verified source=flammenkamp_cache/n46_rot4.mvr
# code=mvr:0 22 0 39 1 19 1 20 2 11 2 14 3 21 3 35 
0 22
0 39
1 19
1 20
2 11
2 14
3 21
3 35
4 11
4 26
5 5
5 40
6 0
6 33
7 18
7 30
8 9
8 33
9 23
9 37
10 3
10 30
11 41
11 43
12 6
12 8
13 21
13 29
14 28
14 43
15 7
15 10
16 13
16 20
17 14
17 18
18 28
18 38
19 4
19 44
20 29
20 44
21 32
21 42
22 9
22 45
23 0
23 36
24 3
24 13
25 1
25 16
26 1
26 41
27 7
27 17
28 27
28 31
29 25
29 32
30 35
30 38
31 2
31 17
32 16
32 24
33 37
33 39
34 2
34 4
35 15
35 42
36 8
36 22
37 12
37 36
38 15
38 27
39 12
39 45
40 5
40 40
41 19
41 34
42 10
42 24
43 31
43 34
44 25
44 26
45 6
45 23

# solution 121
# n=46 sym=rot4 status=verified source=flammenkamp_cache/n46_rot4.mvr
# code=mvr:0 6 0 16 1 12 1 19 2 21 2 30 3 11 3 22 4
0 6
0 16
1 12
1 19
2 21
2 30
3 11
3 22
4 29
4 35
5 7
5 18
6 36
6 45
7 23
7 40
8 11
8 17
9 6
9 26
10 4
10 31
11 37
11 42
12 21
12 44
13 14
13 28
14 10
14 32
15 2
15 20
16 4
16 45
17 13
17 37
18 25
18 40
19 9
19 44
20 18
20 30
21 33
21 43
22 7
22 42
23 3
23 38
24 2
24 12
25 15
25 27
26 1
26 36
27 5
27 20
28 8
28 32
29 0
29 41
30 25
30 43
31 13
31 35
32 17
32 31
33 1
33 24
34 3
34 8
35 14
35 41
36 19
36 39
37 28
37 34
38 5
38 22
39 0
39 9
40 27
40 38
41 10
41 16
42 23
42 34
43 15
43 24
44 26
44 33
45 29
45 39

# solution 122
# n=46 sym=rot4 status=verified source=flammenkamp_cache/n46_rot4.mvr
# code=mvr:0 23 0 32 1 23 1 28 2 15 2 29 3 9 3 18 4
0 23
0 32
1 23
1 28
2 15
2 29
3 9
3 18
4 11
4 32
5 6
5 15
6 37
6 40
7 18
7 26
8 6
8 25
9 17
9 42
10 31
10 33
11 14
11 41
12 10
12 19
13 0
13 4
14 10
14 34
15 40
15 43
16 2
16 20
17 1
17 36
18 38
18 42
19 7
19 33
20 8
20 29
21 21
21 24
22 0
22 1
23 44
23 45
24 21
24 24
25 16
25 37
26 12
26 38
27 3
27 7
28 9
28 44
29 25
29 43
30 2
30 5
31 11
31 35
32 41
32 45
33 26
33 35
34 4
34 31
35 12
35 14
36 3
36 28
37 20
37 39
38 19
38 27
39 5
39 8
40 30
40 39
41 13
41 34
42 27
42 36
43 16
43 30
44 17
44 22
45 13
45 22

# solution 123
# n=46 sym=rot4 status=verified source=flammenkamp_cache/n46_rot4.mvr
# code=mvr:0 16 0 21 1 17 1 37 2 10 2 26 3 12 3 28 
0 16
0 21
1 17
1 37
2 10
2 26
3 12
3 28
4 18
4 22
5 13
5 27
6 16
6 37
7 33
7 35
8 1
8 6
9 26
9 34
10 7
10 43
11 9
11 23
12 7
12 42
13 14
13 40
14 20
14 32
15 15
15 30
16 39
16 45
17 3
17 44
18 5
18 41
19 2
19 9
20 21
20 31
21 25
21 45
22 11
22 41
23 4
23 34
24 0
24 20
25 14
25 24
26 36
26 43
27 4
27 40
28 1
28 42
29 0
29 6
30 15
30 30
31 13
31 25
32 5
32 31
33 3
33 38
34 22
34 36
35 2
35 38
36 11
36 19
37 39
37 44
38 10
38 12
39 8
39 29
40 18
40 32
41 23
41 27
42 17
42 33
43 19
43 35
44 8
44 28
45 24
45 29

# solution 124
# n=46 sym=rot4 status=verified source=flammenkamp_cache/n46_rot4.mvr
# code=mvr:0 16 0 21 1 17 1 37 2 26 2 35 3 12 3 28 
0 16
0 21
1 17
1 37
2 26
2 35
3 12
3 28
4 18
4 22
5 13
5 27
6 16
6 37
7 33
7 35
8 1
8 6
9 26
9 34
10 2
10 7
11 9
11 23
12 7
12 42
13 14
13 40
14 20
14 32
15 15
15 30
16 39
16 45
17 3
17 44
18 5
18 41
19 2
19 9
20 21
20 31
21 25
21 45
22 11
22 41
23 4
23 34
24 0
24 20
25 14
25 24
26 36
26 43
27 4
27 40
28 1
28 42
29 0
29 6
30 15
30 30
31 13
31 25
32 5
32 31
33 3
33 38
34 22
34 36
35 38
35 43
36 11
36 19
37 39
37 44
38 10
38 12
39 8
39 29
40 18
40 32
41 23
41 27
42 17
42 33
43 10
43 19
44 8
44 28
45 24
45 29

# solution 125
# n=46 sym=rot4 status=verified source=flammenkamp_cache/n46_rot4.mvr
# code=mvr:0 19 0 25 1 14 1 22 2 13 2 37 3 25 3 29 
0 19
0 25
1 14
1 22
2 13
2 37
3 25
3 29
4 10
4 14
5 16
5 23
6 30
6 34
7 10
7 36
8 2
8 28
9 7
9 13
10 38
10 41
11 6
11 27
12 12
12 33
13 36
13 43
14 41
14 44
15 6
15 27
16 3
16 40
17 8
17 24
18 11
18 15
19 24
19 45
20 0
20 3
21 17
21 19
22 5
22 44
23 1
23 40
24 26
24 28
25 42
25 45
26 0
26 21
27 30
27 34
28 21
28 37
29 5
29 42
30 18
30 39
31 1
31 4
32 2
32 9
33 12
33 33
34 18
34 39
35 4
35 7
36 32
36 38
37 17
37 43
38 9
38 35
39 11
39 15
40 22
40 29
41 31
41 35
42 16
42 20
43 8
43 32
44 23
44 31
45 20
45 26

# solution 126
# n=46 sym=rot4 status=verified source=flammenkamp_cache/n46_rot4.mvr
# code=mvr:0 10 0 27 1 11 1 28 2 22 2 26 3 23 3 25 
0 10
0 27
1 11
1 28
2 22
2 26
3 23
3 25
4 8
4 13
5 10
5 34
6 30
6 32
7 7
7 38
8 21
8 41
9 14
9 17
10 40
10 45
11 5
11 44
12 26
12 27
13 6
13 41
14 29
14 36
15 6
15 16
16 14
16 30
17 1
17 36
18 0
18 12
19 2
19 12
20 3
20 21
21 25
21 37
22 3
22 43
23 2
23 42
24 8
24 20
25 24
25 42
26 33
26 43
27 33
27 45
28 9
28 44
29 15
29 31
30 29
30 39
31 9
31 16
32 4
32 39
33 18
33 19
34 1
34 40
35 0
35 5
36 28
36 31
37 4
37 24
38 7
38 38
39 13
39 15
40 11
40 35
41 32
41 37
42 20
42 22
43 19
43 23
44 17
44 34
45 18
45 35

# solution 127
# n=46 sym=rot4 status=verified source=flammenkamp_cache/n46_rot4.mvr
# code=mvr:0 29 0 37 1 7 1 14 2 23 2 32 3 21 3 23 4
0 29
0 37
1 7
1 14
2 23
2 32
3 21
3 23
4 15
4 18
5 12
5 30
6 10
6 29
7 24
7 44
8 0
8 36
9 8
9 27
10 19
10 39
11 17
11 33
12 11
12 40
13 2
13 20
14 26
14 44
15 5
15 41
16 0
16 6
17 25
17 34
18 9
18 41
19 14
19 35
20 17
20 32
21 7
21 42
22 2
22 3
23 42
23 43
24 3
24 38
25 13
25 28
26 10
26 31
27 4
27 36
28 11
28 20
29 39
29 45
30 4
30 40
31 1
31 19
32 25
32 43
33 5
33 34
34 12
34 28
35 6
35 26
36 18
36 37
37 9
37 45
38 1
38 21
39 16
39 35
40 15
40 33
41 27
41 30
42 22
42 24
43 13
43 22
44 31
44 38
45 8
45 16

# solution 128
# n=46 sym=rot4 status=verified source=flammenkamp_cache/n46_rot4.mvr
# code=mvr:0 17 0 23 1 14 1 43 2 1 2 15 3 23 3 26 4
0 17
0 23
1 14
1 43
2 1
2 15
3 23
3 26
4 16
4 35
5 13
5 16
6 24
6 30
7 11
7 36
8 26
8 34
9 7
9 31
10 4
10 27
11 8
11 38
12 13
12 27
13 33
13 40
14 9
14 44
15 6
15 43
16 40
16 41
17 24
17 45
18 10
18 12
19 3
19 8
20 20
20 25
21 6
21 17
22 0
22 3
23 42
23 45
24 28
24 39
25 20
25 25
26 37
26 42
27 33
27 35
28 0
28 21
29 4
29 5
30 2
30 39
31 1
31 36
32 5
32 12
33 18
33 32
34 7
34 37
35 18
35 41
36 14
36 38
37 11
37 19
38 9
38 34
39 15
39 21
40 29
40 32
41 10
41 29
42 19
42 22
43 30
43 44
44 2
44 31
45 22
45 28

# solution 129
# n=46 sym=rot4 status=verified source=flammenkamp_cache/n46_rot4.mvr
# code=mvr:0 12 0 28 1 21 1 26 2 8 2 21 3 26 3 29 4
0 12
0 28
1 21
1 26
2 8
2 21
3 26
3 29
4 15
4 34
5 10
5 16
6 8
6 18
7 23
7 25
8 39
8 43
9 14
9 28
10 14
10 40
11 4
11 25
12 18
12 45
13 15
13 23
14 35
14 36
15 32
15 41
16 3
16 40
17 0
17 9
18 33
18 39
19 1
19 3
20 7
20 11
21 43
21 44
22 7
22 13
23 32
23 38
24 1
24 2
25 34
25 38
26 42
26 44
27 6
27 12
28 36
28 45
29 5
29 42
30 4
30 13
31 9
31 10
32 22
32 30
33 0
33 27
34 20
34 41
35 5
35 31
36 17
36 31
37 2
37 6
38 20
38 22
39 27
39 37
40 29
40 35
41 11
41 30
42 16
42 19
43 24
43 37
44 19
44 24
45 17
45 33

# solution 130
# n=46 sym=rot4 status=verified source=flammenkamp_cache/n46_rot4.mvr
# code=mvr:0 15 0 26 1 27 1 40 2 13 2 31 3 23 3 34 
0 15
0 26
1 27
1 40
2 13
2 31
3 23
3 34
4 18
4 24
5 1
5 8
6 33
6 38
7 6
7 20
8 35
8 40
9 14
9 23
10 8
10 26
11 3
11 32
12 6
12 15
13 11
13 43
14 2
14 36
15 33
15 45
16 20
16 21
17 17
17 28
18 1
18 41
19 0
19 10
20 29
20 38
21 4
21 29
22 3
22 9
23 36
23 42
24 16
24 41
25 7
25 16
26 35
26 45
27 4
27 44
28 17
28 28
29 24
29 25
30 0
30 12
31 9
31 43
32 2
32 34
33 30
33 39
34 13
34 42
35 19
35 37
36 22
36 31
37 5
37 10
38 25
38 39
39 7
39 12
40 37
40 44
41 21
41 27
42 11
42 22
43 14
43 32
44 5
44 18
45 19
45 30

# solution 131
# n=46 sym=rot4 status=verified source=flammenkamp_cache/n46_rot4.mvr
# code=mvr:0 20 0 25 1 18 1 22 2 14 2 38 3 29 3 38 
0 20
0 25
1 18
1 22
2 14
2 38
3 29
3 38
4 31
4 39
5 12
5 13
6 4
6 9
7 2
7 3
8 18
8 26
9 23
9 39
10 19
10 34
11 10
11 30
12 28
12 40
13 30
13 40
14 4
14 43
15 11
15 13
16 3
16 28
17 12
17 16
18 37
18 44
19 8
19 35
20 0
20 45
21 21
21 24
22 9
22 44
23 1
23 36
24 21
24 24
25 0
25 45
26 10
26 37
27 1
27 8
28 29
28 33
29 17
29 42
30 32
30 34
31 2
31 41
32 5
32 15
33 5
33 17
34 15
34 35
35 11
35 26
36 6
36 22
37 19
37 27
38 42
38 43
39 36
39 41
40 32
40 33
41 6
41 14
42 7
42 16
43 7
43 31
44 23
44 27
45 20
45 25

# solution 132
# n=46 sym=rot4 status=verified source=flammenkamp_cache/n46_rot4.mvr
# code=mvr:0 19 0 28 1 6 1 22 2 34 2 36 3 15 3 32 4
0 19
0 28
1 6
1 22
2 34
2 36
3 15
3 32
4 12
4 18
5 17
5 32
6 9
6 44
7 25
7 29
8 19
8 33
9 2
9 39
10 25
10 34
11 2
11 10
12 8
12 41
13 3
13 5
14 15
14 29
15 31
15 42
16 7
16 14
17 0
17 40
18 23
18 41
19 37
19 45
20 7
20 10
21 21
21 24
22 18
22 44
23 1
23 27
24 21
24 24
25 35
25 38
26 0
26 8
27 4
27 22
28 5
28 45
29 31
29 38
30 3
30 14
31 16
31 30
32 40
32 42
33 4
33 37
34 35
34 43
35 11
35 20
36 6
36 43
37 12
37 26
38 16
38 20
39 1
39 36
40 13
40 28
41 27
41 33
42 13
42 30
43 9
43 11
44 23
44 39
45 17
45 26

# solution 133
# n=46 sym=rot4 status=verified source=flammenkamp_cache/n46_rot4.mvr
# code=mvr:0 19 0 23 1 12 1 16 2 27 2 31 3 17 3 32 
0 19
0 23
1 12
1 16
2 27
2 31
3 17
3 32
4 8
4 24
5 25
5 32
6 30
6 34
7 25
7 34
8 31
8 41
9 10
9 12
10 17
10 36
11 6
11 7
12 36
12 44
13 3
13 5
14 2
14 8
15 6
15 18
16 23
16 44
17 35
17 42
18 2
18 30
19 24
19 45
20 5
20 7
21 4
21 19
22 0
22 16
23 29
23 45
24 26
24 41
25 38
25 40
26 0
26 21
27 15
27 43
28 3
28 10
29 1
29 22
30 27
30 39
31 37
31 43
32 40
32 42
33 1
33 9
34 38
34 39
35 9
35 28
36 33
36 35
37 4
37 14
38 11
38 20
39 11
39 15
40 13
40 20
41 21
41 37
42 13
42 28
43 14
43 18
44 29
44 33
45 22
45 26

# solution 134
# n=46 sym=rot4 status=verified source=flammenkamp_cache/n46_rot4.mvr
# code=mvr:0 31 0 33 1 22 1 40 2 9 2 33 3 19 3 23 4
0 31
0 33
1 22
1 40
2 9
2 33
3 19
3 23
4 11
4 24
5 1
5 18
6 29
6 30
7 9
7 37
8 7
8 32
9 38
9 43
10 18
10 19
11 30
11 41
12 0
12 2
13 8
13 24
14 0
14 17
15 6
15 11
16 6
16 28
17 16
17 31
18 35
18 40
19 35
19 42
20 20
20 25
21 4
21 13
22 3
22 44
23 1
23 42
24 32
24 41
25 20
25 25
26 3
26 10
27 5
27 10
28 14
28 29
29 17
29 39
30 34
30 39
31 28
31 45
32 21
32 37
33 43
33 45
34 4
34 15
35 26
35 27
36 2
36 7
37 13
37 38
38 8
38 36
39 15
39 16
40 27
40 44
41 21
41 34
42 22
42 26
43 12
43 36
44 5
44 23
45 12
45 14

# solution 135
# n=46 sym=rot4 status=verified source=flammenkamp_cache/n46_rot4.mvr
# code=mvr:0 4 0 25 1 17 1 29 2 5 2 31 3 21 3 23 4 
0 4
0 25
1 17
1 29
2 5
2 31
3 21
3 23
4 29
4 45
5 10
5 43
6 8
6 13
7 25
7 31
8 21
8 39
9 12
9 30
10 12
10 40
11 26
11 30
12 35
12 36
13 23
13 39
14 2
14 7
15 9
15 11
16 1
16 4
17 18
17 44
18 26
18 28
19 11
19 18
20 0
20 7
21 37
21 42
22 3
22 13
23 32
23 42
24 3
24 8
25 38
25 45
26 27
26 34
27 17
27 19
28 1
28 27
29 41
29 44
30 34
30 36
31 38
31 43
32 6
32 22
33 9
33 10
34 15
34 19
35 5
35 33
36 15
36 33
37 6
37 24
38 14
38 20
39 32
39 37
40 2
40 35
41 0
41 16
42 22
42 24
43 14
43 40
44 16
44 28
45 20
45 41

# solution 136
# n=46 sym=rot4 status=verified source=flammenkamp_cache/n46_rot4.mvr
# code=mvr:0 20 0 34 1 22 1 28 2 11 2 30 3 13 3 21 
0 20
0 34
1 22
1 28
2 11
2 30
3 13
3 21
4 29
4 37
5 23
5 28
6 10
6 13
7 15
7 18
8 4
8 9
9 33
9 37
10 19
10 39
11 0
11 43
12 9
12 18
13 39
13 42
14 14
14 31
15 2
15 38
16 4
16 24
17 1
17 5
18 33
18 38
19 20
19 35
20 26
20 45
21 16
21 42
22 5
22 44
23 1
23 40
24 3
24 29
25 0
25 19
26 10
26 25
27 7
27 12
28 40
28 44
29 21
29 41
30 7
30 43
31 14
31 31
32 3
32 6
33 27
33 36
34 2
34 45
35 6
35 26
36 8
36 12
37 36
37 41
38 27
38 30
39 32
39 35
40 17
40 22
41 8
41 16
42 24
42 32
43 15
43 34
44 17
44 23
45 11
45 25

# solution 137
# n=46 sym=rot4 status=verified source=flammenkamp_cache/n46_rot4.mvr
# code=mvr:0 13 0 21 1 10 1 37 2 25 2 39 3 20 3 33 
0 13
0 21
1 10
1 37
2 25
2 39
3 20
3 33
4 26
4 36
5 6
5 15
6 2
6 40
7 19
7 27
8 1
8 10
9 4
9 16
10 37
10 44
11 23
11 32
12 3
12 16
13 11
13 45
14 28
14 30
15 14
15 40
16 33
16 36
17 14
17 23
18 7
18 24
19 4
19 38
20 2
20 42
21 18
21 45
22 11
22 17
23 28
23 34
24 0
24 27
25 3
25 43
26 7
26 41
27 21
27 38
28 22
28 31
29 9
29 12
30 5
30 31
31 15
31 17
32 0
32 34
33 29
33 42
34 13
34 22
35 1
35 8
36 29
36 41
37 35
37 44
38 18
38 26
39 5
39 43
40 30
40 39
41 9
41 19
42 12
42 25
43 6
43 20
44 8
44 35
45 24
45 32

# solution 138
# n=46 sym=rot4 status=verified source=flammenkamp_cache/n46_rot4.mvr
# code=mvr:0 23 0 38 1 20 1 24 2 15 2 18 3 20 3 31 
0 23
0 38
1 20
1 24
2 15
2 18
3 20
3 31
4 23
4 31
5 9
5 36
6 32
6 38
7 0
7 6
8 29
8 34
9 5
9 40
10 10
10 35
11 8
11 13
12 18
12 28
13 6
13 34
14 3
14 4
15 21
15 43
16 8
16 26
17 12
17 19
18 33
18 43
19 16
19 28
20 42
20 44
21 1
21 30
22 0
22 4
23 41
23 45
24 15
24 44
25 1
25 3
26 17
26 29
27 2
27 12
28 26
28 33
29 19
29 37
30 2
30 24
31 41
31 42
32 11
32 39
33 17
33 27
34 32
34 37
35 10
35 35
36 5
36 40
37 11
37 16
38 39
38 45
39 7
39 13
40 9
40 36
41 14
41 22
42 14
42 25
43 27
43 30
44 21
44 25
45 7
45 22

# solution 139
# n=46 sym=rot4 status=verified source=flammenkamp_cache/n46_rot4.mvr
# code=mvr:0 17 0 20 1 11 1 31 2 14 2 22 3 26 3 36 
0 17
0 20
1 11
1 31
2 14
2 22
3 26
3 36
4 10
4 15
5 18
5 35
6 7
6 13
7 26
7 39
8 23
8 33
9 3
9 18
10 5
10 41
11 13
11 44
12 8
12 28
13 34
13 39
14 1
14 43
15 16
15 41
16 25
16 30
17 12
17 45
18 36
18 40
19 3
19 7
20 16
20 45
21 21
21 24
22 8
22 43
23 2
23 37
24 21
24 24
25 0
25 29
26 38
26 42
27 5
27 9
28 0
28 33
29 15
29 20
30 4
30 29
31 2
31 44
32 6
32 11
33 17
33 37
34 1
34 32
35 4
35 40
36 27
36 42
37 12
37 22
38 6
38 19
39 32
39 38
40 10
40 27
41 30
41 35
42 9
42 19
43 23
43 31
44 14
44 34
45 25
45 28

# solution 140
# n=46 sym=rot4 status=verified source=flammenkamp_cache/n46_rot4.mvr
# code=mvr:0 17 0 20 1 11 1 31 2 14 2 22 3 9 3 26 4
0 17
0 20
1 11
1 31
2 14
2 22
3 9
3 26
4 10
4 15
5 18
5 35
6 7
6 13
7 26
7 39
8 23
8 33
9 18
9 42
10 5
10 41
11 13
11 44
12 8
12 28
13 34
13 39
14 1
14 43
15 16
15 41
16 25
16 30
17 12
17 45
18 36
18 40
19 3
19 7
20 16
20 45
21 21
21 24
22 8
22 43
23 2
23 37
24 21
24 24
25 0
25 29
26 38
26 42
27 5
27 9
28 0
28 33
29 15
29 20
30 4
30 29
31 2
31 44
32 6
32 11
33 17
33 37
34 1
34 32
35 4
35 40
36 3
36 27
37 12
37 22
38 6
38 19
39 32
39 38
40 10
40 27
41 30
41 35
42 19
42 36
43 23
43 31
44 14
44 34
45 25
45 28

# solution 141
# n=46 sym=rot4 status=verified source=flammenkamp_cache/n46_rot4.mvr
# code=mvr:0 11 0 21 1 26 1 39 2 20 2 30 3 12 3 32 
0 11
0 21
1 26
1 39
2 20
2 30
3 12
3 32
4 17
4 27
5 11
5 26
6 1
6 36
7 13
7 35
8 20
8 27
9 6
9 16
10 7
10 30
11 40
11 45
12 14
12 42
13 3
13 38
14 23
14 33
15 2
15 10
16 17
16 36
17 29
17 41
18 4
18 8
19 1
19 5
20 37
20 43
21 23
21 45
22 14
22 21
23 24
23 31
24 0
24 22
25 2
25 8
26 40
26 44
27 37
27 41
28 4
28 16
29 9
29 28
30 35
30 43
31 12
31 22
32 7
32 42
33 3
33 31
34 0
34 5
35 15
35 38
36 29
36 39
37 18
37 25
38 10
38 32
39 9
39 44
40 19
40 34
41 18
41 28
42 13
42 33
43 15
43 25
44 6
44 19
45 24
45 34

# solution 142
# n=46 sym=rot4 status=verified source=flammenkamp_cache/n46_rot4.mvr
# code=mvr:0 10 0 39 1 25 1 28 2 19 2 21 3 30 3 38 
0 10
0 39
1 25
1 28
2 19
2 21
3 30
3 38
4 21
4 33
5 11
5 14
6 0
6 18
7 3
7 30
8 19
8 23
9 10
9 14
10 36
10 45
11 16
11 40
12 4
12 32
13 12
13 28
14 36
14 40
15 3
15 7
16 18
16 34
17 1
17 13
18 29
18 39
19 37
19 43
20 1
20 23
21 41
21 43
22 8
22 20
23 25
23 37
24 2
24 4
25 22
25 44
26 2
26 8
27 6
27 16
28 32
28 44
29 11
29 27
30 38
30 42
31 5
31 9
32 17
32 33
33 13
33 41
34 5
34 29
35 0
35 9
36 31
36 35
37 22
37 26
38 15
38 42
39 27
39 45
40 31
40 34
41 12
41 24
42 7
42 15
43 24
43 26
44 17
44 20
45 6
45 35

# solution 143
# n=46 sym=rot4 status=verified source=flammenkamp_cache/n46_rot4.mvr
# code=mvr:0 24 0 31 1 17 1 27 2 5 2 20 3 12 3 32 4
0 24
0 31
1 17
1 27
2 5
2 20
3 12
3 32
4 34
4 37
5 30
5 43
6 11
6 13
7 20
7 36
8 4
8 12
9 7
9 30
10 16
10 19
11 4
11 39
12 37
12 42
13 3
13 39
14 0
14 28
15 5
15 9
16 24
16 35
17 14
17 44
18 1
18 19
19 27
19 35
20 38
20 43
21 0
21 16
22 22
22 23
23 22
23 23
24 29
24 45
25 2
25 7
26 10
26 18
27 26
27 44
28 1
28 31
29 10
29 21
30 36
30 40
31 17
31 45
32 6
32 42
33 3
33 8
34 6
34 41
35 26
35 29
36 15
36 38
37 33
37 41
38 9
38 25
39 32
39 34
40 2
40 15
41 8
41 11
42 13
42 33
43 25
43 40
44 18
44 28
45 14
45 21

# solution 144
# n=46 sym=rot4 status=verified source=flammenkamp_cache/n46_rot4.mvr
# code=mvr:0 25 0 32 1 17 1 23 2 10 2 30 3 21 3 31 
0 25
0 32
1 17
1 23
2 10
2 30
3 21
3 31
4 18
4 36
5 11
5 13
6 23
6 36
7 27
7 37
8 7
8 14
9 4
9 6
10 11
10 43
11 35
11 40
12 29
12 30
13 0
13 40
14 3
14 37
15 2
15 12
16 12
16 20
17 26
17 44
18 7
18 41
19 17
19 21
20 0
20 29
21 26
21 42
22 1
22 6
23 39
23 44
24 3
24 19
25 16
25 45
26 24
26 28
27 4
27 38
28 1
28 19
29 25
29 33
30 33
30 43
31 8
31 42
32 5
32 45
33 15
33 16
34 5
34 10
35 2
35 34
36 39
36 41
37 31
37 38
38 8
38 18
39 9
39 22
40 32
40 34
41 9
41 27
42 14
42 24
43 15
43 35
44 22
44 28
45 13
45 20

# solution 145
# n=46 sym=rot4 status=verified source=flammenkamp_cache/n46_rot4.mvr
# code=mvr:0 20 0 34 1 22 1 37 2 12 2 18 3 19 3 34 
0 20
0 34
1 22
1 37
2 12
2 18
3 19
3 34
4 6
4 15
5 23
5 26
6 15
6 41
7 31
7 35
8 1
8 25
9 13
9 28
10 7
10 16
11 0
11 3
12 32
12 43
13 12
13 36
14 7
14 16
15 39
15 41
16 31
16 35
17 9
17 27
18 17
18 43
19 5
19 42
20 8
20 45
21 21
21 24
22 5
22 44
23 1
23 40
24 21
24 24
25 0
25 37
26 3
26 40
27 2
27 28
28 18
28 36
29 10
29 14
30 4
30 6
31 29
31 38
32 9
32 33
33 2
33 13
34 42
34 45
35 29
35 38
36 17
36 32
37 20
37 44
38 10
38 14
39 4
39 30
40 19
40 22
41 30
41 39
42 11
42 26
43 27
43 33
44 8
44 23
45 11
45 25

# solution 146
# n=46 sym=rot4 status=verified source=flammenkamp_cache/n46_rot4.mvr
# code=mvr:0 20 0 26 1 2 1 25 2 14 2 44 3 12 3 24 4
0 20
0 26
1 2
1 25
2 14
2 44
3 12
3 24
4 6
4 18
5 30
5 36
6 36
6 41
7 16
7 33
8 13
8 23
9 5
9 6
10 17
10 31
11 23
11 24
12 7
12 42
13 16
13 37
14 10
14 43
15 5
15 28
16 32
16 38
17 15
17 35
18 26
18 41
19 0
19 18
20 1
20 45
21 3
21 11
22 8
22 11
23 34
23 37
24 34
24 42
25 0
25 44
26 27
26 45
27 4
27 19
28 10
28 30
29 7
29 13
30 17
30 40
31 2
31 35
32 8
32 29
33 3
33 38
34 21
34 22
35 14
35 28
36 39
36 40
37 22
37 32
38 12
38 29
39 4
39 9
40 9
40 15
41 27
41 39
42 21
42 33
43 1
43 31
44 20
44 43
45 19
45 25

# solution 147
# n=46 sym=rot4 status=verified source=flammenkamp_cache/n46_rot4.mvr
# code=mvr:0 10 0 29 1 14 1 42 2 21 2 29 3 1 3 25 4
0 10
0 29
1 14
1 42
2 21
2 29
3 1
3 25
4 15
4 22
5 23
5 34
6 30
6 36
7 12
7 18
8 31
8 36
9 6
9 8
10 33
10 45
11 5
11 26
12 10
12 38
13 17
13 25
14 8
14 44
15 6
15 41
16 0
16 2
17 21
17 32
18 26
18 38
19 11
19 18
20 3
20 13
21 28
21 43
22 5
22 41
23 4
23 40
24 2
24 17
25 32
25 42
26 27
26 34
27 7
27 19
28 13
28 24
29 43
29 45
30 4
30 39
31 1
31 37
32 20
32 28
33 7
33 35
34 19
34 40
35 0
35 12
36 37
36 39
37 9
37 14
38 27
38 33
39 9
39 15
40 11
40 22
41 23
41 30
42 20
42 44
43 16
43 24
44 3
44 31
45 16
45 35

# solution 148
# n=46 sym=rot4 status=verified source=flammenkamp_cache/n46_rot4.mvr
# code=mvr:0 21 0 23 1 18 1 28 2 14 2 29 3 34 3 36 
0 21
0 23
1 18
1 28
2 14
2 29
3 34
3 36
4 16
4 21
5 10
5 36
6 10
6 14
7 8
7 23
8 30
8 38
9 3
9 5
10 39
10 40
11 3
11 25
12 13
12 30
13 19
13 33
14 39
14 43
15 8
15 12
16 2
16 41
17 1
17 26
18 20
18 44
19 17
19 32
20 11
20 27
21 41
21 45
22 0
22 7
23 38
23 45
24 0
24 4
25 18
25 34
26 13
26 28
27 1
27 25
28 19
28 44
29 4
29 43
30 33
30 37
31 2
31 6
32 12
32 26
33 15
33 32
34 20
34 42
35 5
35 6
36 40
36 42
37 7
37 15
38 22
38 37
39 31
39 35
40 9
40 35
41 24
41 29
42 9
42 11
43 16
43 31
44 17
44 27
45 22
45 24

# solution 149
# n=46 sym=rot4 status=verified source=flammenkamp_cache/n46_rot4.mvr
# code=mvr:0 13 0 25 1 20 1 24 2 16 2 17 3 11 3 36 
0 13
0 25
1 20
1 24
2 16
2 17
3 11
3 36
4 29
4 35
5 27
5 28
6 36
6 38
7 6
7 12
8 13
8 22
9 3
9 6
10 4
10 19
11 27
11 42
12 30
12 38
13 37
13 45
14 23
14 24
15 12
15 19
16 4
16 43
17 5
17 43
18 5
18 11
19 30
19 35
20 0
20 44
21 1
21 14
22 14
22 37
23 8
23 31
24 31
24 44
25 1
25 45
26 10
26 15
27 34
27 40
28 2
28 40
29 2
29 41
30 26
30 33
31 21
31 22
32 0
32 8
33 7
33 15
34 3
34 18
35 26
35 41
36 39
36 42
37 23
37 32
38 33
38 39
39 7
39 9
40 17
40 18
41 10
41 16
42 9
42 34
43 28
43 29
44 21
44 25
45 20
45 32

# solution 150
# n=46 sym=rot4 status=verified source=flammenkamp_cache/n46_rot4.mvr
# code=mvr:0 4 0 24 1 22 1 28 2 16 2 25 3 8 3 31 4 
0 4
0 24
1 22
1 28
2 16
2 25
3 8
3 31
4 32
4 45
5 11
5 15
6 14
6 32
7 8
7 12
8 38
8 42
9 21
9 27
10 27
10 34
11 10
11 40
12 19
12 38
13 4
13 6
14 3
14 39
15 28
15 40
16 19
16 43
17 1
17 15
18 9
18 10
19 29
19 33
20 2
20 23
21 0
21 36
22 20
22 44
23 1
23 25
24 9
24 45
25 22
25 43
26 12
26 16
27 35
27 36
28 30
28 44
29 2
29 26
30 5
30 17
31 6
31 42
32 39
32 41
33 7
33 26
34 5
34 35
35 11
35 18
36 18
36 24
37 3
37 7
38 33
38 37
39 13
39 31
40 30
40 34
41 0
41 13
42 14
42 37
43 20
43 29
44 17
44 23
45 21
45 41

# solution 151
# n=46 sym=rot4 status=verified source=flammenkamp_cache/n46_rot4.mvr
# code=mvr:0 25 0 28 1 15 1 31 2 14 2 21 3 23 3 36 
0 25
0 28
1 15
1 31
2 14
2 21
3 23
3 36
4 9
4 29
5 6
5 13
6 33
6 40
7 17
7 37
8 7
8 21
9 3
9 41
10 12
10 32
11 16
11 27
12 6
12 35
13 10
13 40
14 1
14 43
15 19
15 44
16 4
16 34
17 0
17 38
18 11
18 20
19 23
19 30
20 0
20 27
21 37
21 43
22 3
22 19
23 26
23 42
24 2
24 8
25 18
25 45
26 15
26 22
27 25
27 34
28 7
28 45
29 11
29 41
30 1
30 26
31 2
31 44
32 5
32 35
33 10
33 39
34 18
34 29
35 13
35 33
36 4
36 42
37 24
37 38
38 8
38 28
39 5
39 12
40 32
40 39
41 16
41 36
42 9
42 22
43 24
43 31
44 14
44 30
45 17
45 20

# solution 152
# n=46 sym=rot4 status=verified source=flammenkamp_cache/n46_rot4.mvr
# code=mvr:0 23 0 29 1 8 1 13 2 20 2 30 3 10 3 12 4
0 23
0 29
1 8
1 13
2 20
2 30
3 10
3 12
4 19
4 23
5 30
5 31
6 9
6 34
7 24
7 27
8 12
8 44
9 19
9 39
10 24
10 42
11 6
11 32
12 37
12 42
13 11
13 44
14 5
14 18
15 2
15 5
16 0
16 28
17 16
17 20
18 7
18 31
19 36
19 41
20 28
20 43
21 7
21 10
22 0
22 4
23 41
23 45
24 35
24 38
25 2
25 17
26 4
26 9
27 14
27 38
28 25
28 29
29 17
29 45
30 40
30 43
31 27
31 40
32 1
32 34
33 3
33 8
34 13
34 39
35 3
35 21
36 6
36 26
37 1
37 33
38 18
38 21
39 11
39 36
40 14
40 15
41 22
41 26
42 33
42 35
43 15
43 25
44 32
44 37
45 16
45 22

# solution 153
# n=46 sym=rot4 status=verified source=flammenkamp_cache/n46_rot4.mvr
# code=mvr:0 20 0 39 1 20 1 27 2 10 2 18 3 24 3 37 
0 20
0 39
1 20
1 27
2 10
2 18
3 24
3 37
4 24
4 28
5 6
5 13
6 0
6 40
7 11
7 19
8 3
8 15
9 22
9 31
10 33
10 43
11 23
11 38
12 10
12 30
13 17
13 40
14 9
14 29
15 12
15 37
16 14
16 19
17 4
17 32
18 1
18 43
19 29
19 38
20 44
20 45
21 3
21 4
22 11
22 36
23 9
23 34
24 41
24 42
25 0
25 1
26 7
26 16
27 2
27 44
28 13
28 41
29 26
29 31
30 8
30 33
31 16
31 36
32 5
32 28
33 15
33 35
34 7
34 22
35 2
35 12
36 14
36 23
37 30
37 42
38 26
38 34
39 5
39 45
40 32
40 39
41 17
41 21
42 8
42 21
43 27
43 35
44 18
44 25
45 6
45 25

# solution 154
# n=46 sym=rot4 status=verified source=flammenkamp_cache/n46_rot4.mvr
# code=mvr:0 13 0 21 1 9 1 17 2 19 2 23 3 10 3 30 4
0 13
0 21
1 9
1 17
2 19
2 23
3 10
3 30
4 30
4 38
5 14
5 34
6 21
6 29
7 4
7 37
8 7
8 27
9 23
9 44
10 12
10 42
11 5
11 18
12 31
12 35
13 17
13 45
14 12
14 40
15 3
15 4
16 6
16 20
17 32
17 44
18 8
18 34
19 25
19 43
20 19
20 29
21 39
21 45
22 2
22 9
23 36
23 43
24 0
24 6
25 16
25 26
26 2
26 20
27 11
27 37
28 1
28 13
29 25
29 39
30 41
30 42
31 5
31 33
32 0
32 28
33 10
33 14
34 27
34 40
35 3
35 33
36 1
36 22
37 18
37 38
38 8
38 41
39 16
39 24
40 11
40 31
41 7
41 15
42 15
42 35
43 22
43 26
44 28
44 36
45 24
45 32

# solution 155
# n=46 sym=rot4 status=verified source=flammenkamp_cache/n46_rot4.mvr
# code=mvr:0 28 0 32 1 17 1 20 2 20 2 27 3 6 3 36 4
0 28
0 32
1 17
1 20
2 20
2 27
3 6
3 36
4 11
4 16
5 23
5 36
6 38
6 42
7 6
7 16
8 10
8 14
9 3
9 5
10 31
10 37
11 21
11 41
12 19
12 23
13 0
13 27
14 10
14 37
15 15
15 30
16 38
16 41
17 0
17 44
18 2
18 13
19 21
19 33
20 43
20 44
21 26
21 34
22 5
22 12
23 33
23 40
24 11
24 19
25 1
25 2
26 12
26 24
27 32
27 43
28 1
28 45
29 4
29 7
30 15
30 30
31 8
31 35
32 18
32 45
33 22
33 26
34 4
34 24
35 8
35 14
36 40
36 42
37 31
37 35
38 29
38 39
39 3
39 7
40 9
40 22
41 29
41 34
42 9
42 39
43 18
43 25
44 25
44 28
45 13
45 17

# solution 156
# n=46 sym=rot4 status=verified source=flammenkamp_cache/n46_rot4.mvr
# code=mvr:0 4 0 31 1 16 1 36 2 20 2 26 3 10 3 25 4
0 4
0 31
1 16
1 36
2 20
2 26
3 10
3 25
4 18
4 45
5 8
5 38
6 12
6 30
7 5
7 11
8 26
8 40
9 1
9 21
10 32
10 42
11 23
11 38
12 17
12 39
13 10
13 23
14 0
14 15
15 6
15 31
16 24
16 44
17 27
17 33
18 17
18 41
19 2
19 8
20 3
20 43
21 16
21 36
22 11
22 13
23 32
23 34
24 9
24 29
25 2
25 42
26 37
26 43
27 4
27 28
28 12
28 18
29 1
29 21
30 14
30 39
31 30
31 45
32 22
32 35
33 6
33 28
34 7
34 22
35 3
35 13
36 24
36 44
37 5
37 19
38 34
38 40
39 15
39 33
40 7
40 37
41 0
41 27
42 20
42 35
43 19
43 25
44 9
44 29
45 14
45 41

# solution 157
# n=46 sym=rot4 status=verified source=flammenkamp_cache/n46_rot4.mvr
# code=mvr:0 21 0 36 1 27 1 37 2 12 2 35 3 17 3 28 
0 21
0 36
1 27
1 37
2 12
2 35
3 17
3 28
4 14
4 26
5 8
5 34
6 19
6 38
7 6
7 27
8 1
8 40
9 0
9 35
10 2
10 9
11 5
11 23
12 21
12 43
13 16
13 30
14 16
14 41
15 13
15 23
16 31
16 32
17 3
17 42
18 1
18 7
19 4
19 39
20 20
20 25
21 33
21 45
22 11
22 15
23 30
23 34
24 0
24 12
25 20
25 25
26 6
26 41
27 38
27 44
28 3
28 42
29 13
29 14
30 22
30 32
31 4
31 29
32 15
32 29
33 2
33 24
34 22
34 40
35 36
35 43
36 10
36 45
37 5
37 44
38 18
38 39
39 7
39 26
40 11
40 37
41 19
41 31
42 17
42 28
43 10
43 33
44 8
44 18
45 9
45 24

# solution 158
# n=46 sym=rot4 status=verified source=flammenkamp_cache/n46_rot4.mvr
# code=mvr:0 9 0 21 1 27 1 37 2 12 2 35 3 17 3 28 4
0 9
0 21
1 27
1 37
2 12
2 35
3 17
3 28
4 14
4 26
5 8
5 34
6 19
6 38
7 6
7 27
8 1
8 40
9 35
9 45
10 2
10 9
11 5
11 23
12 21
12 43
13 16
13 30
14 16
14 41
15 13
15 23
16 31
16 32
17 3
17 42
18 1
18 7
19 4
19 39
20 20
20 25
21 33
21 45
22 11
22 15
23 30
23 34
24 0
24 12
25 20
25 25
26 6
26 41
27 38
27 44
28 3
28 42
29 13
29 14
30 22
30 32
31 4
31 29
32 15
32 29
33 2
33 24
34 22
34 40
35 36
35 43
36 0
36 10
37 5
37 44
38 18
38 39
39 7
39 26
40 11
40 37
41 19
41 31
42 17
42 28
43 10
43 33
44 8
44 18
45 24
45 36

# solution 159
# n=46 sym=rot4 status=verified source=flammenkamp_cache/n46_rot4.mvr
# code=mvr:0 27 0 33 1 14 1 36 2 19 2 22 3 20 3 28 
0 27
0 33
1 14
1 36
2 19
2 22
3 20
3 28
4 8
4 32
5 14
5 15
6 34
6 38
7 6
7 27
8 19
8 41
9 1
9 10
10 29
10 36
11 6
11 15
12 0
12 20
13 4
13 16
14 40
14 44
15 34
15 40
16 10
16 32
17 3
17 23
18 0
18 7
19 37
19 43
20 33
20 42
21 21
21 24
22 17
22 43
23 2
23 28
24 21
24 24
25 3
25 12
26 2
26 8
27 38
27 45
28 22
28 42
29 13
29 35
30 5
30 11
31 1
31 5
32 29
32 41
33 25
33 45
34 30
34 39
35 9
35 16
36 35
36 44
37 4
37 26
38 18
38 39
39 7
39 11
40 30
40 31
41 13
41 37
42 17
42 25
43 23
43 26
44 9
44 31
45 12
45 18

# solution 160
# n=46 sym=rot4 status=verified source=flammenkamp_cache/n46_rot4.mvr
# code=mvr:0 6 0 18 1 25 1 32 2 5 2 12 3 19 3 36 4 
0 6
0 18
1 25
1 32
2 5
2 12
3 19
3 36
4 28
4 29
5 32
5 43
6 23
6 45
7 9
7 12
8 19
8 23
9 3
9 38
10 18
10 30
11 15
11 25
12 38
12 43
13 1
13 5
14 24
14 29
15 10
15 34
16 4
16 14
17 4
17 21
18 35
18 45
19 37
19 42
20 1
20 11
21 14
21 28
22 6
22 8
23 37
23 39
24 17
24 31
25 34
25 44
26 3
26 8
27 0
27 10
28 24
28 41
29 31
29 41
30 11
30 35
31 16
31 21
32 40
32 44
33 2
33 7
34 20
34 30
35 15
35 27
36 7
36 42
37 22
37 26
38 33
38 36
39 0
39 22
40 2
40 13
41 16
41 17
42 9
42 26
43 33
43 40
44 13
44 20
45 27
45 39

# solution 161
# n=46 sym=rot4 status=verified source=flammenkamp_cache/n46_rot4.mvr
# code=mvr:0 12 0 29 1 19 1 29 2 23 2 32 3 9 3 11 4
0 12
0 29
1 19
1 29
2 23
2 32
3 9
3 11
4 15
4 39
5 10
5 31
6 4
6 19
7 23
7 24
8 9
8 12
9 37
9 42
10 28
10 40
11 20
11 42
12 37
12 45
13 2
13 30
14 5
14 18
15 13
15 41
16 0
16 1
17 10
17 20
18 21
18 31
19 39
19 44
20 28
20 34
21 7
21 27
22 2
22 7
23 38
23 43
24 18
24 38
25 11
25 17
26 1
26 6
27 14
27 24
28 25
28 35
29 44
29 45
30 4
30 32
31 27
31 40
32 15
32 43
33 0
33 8
34 3
34 25
35 5
35 17
36 3
36 8
37 33
37 36
38 21
38 22
39 26
39 41
40 14
40 35
41 6
41 30
42 34
42 36
43 13
43 22
44 16
44 26
45 16
45 33

# solution 162
# n=46 sym=rot4 status=verified source=flammenkamp_cache/n46_rot4.mvr
# code=mvr:0 16 0 21 1 10 1 22 2 13 2 18 3 15 3 28 
0 16
0 21
1 10
1 22
2 13
2 18
3 15
3 28
4 23
4 33
5 14
5 33
6 11
6 19
7 30
7 37
8 7
8 35
9 21
9 26
10 8
10 44
11 17
11 39
12 4
12 5
13 14
13 43
14 32
14 40
15 7
15 42
16 18
16 45
17 3
17 34
18 29
18 43
19 9
19 39
20 20
20 25
21 36
21 45
22 4
22 44
23 1
23 41
24 0
24 9
25 20
25 25
26 6
26 36
27 2
27 16
28 11
28 42
29 0
29 27
30 3
30 38
31 5
31 13
32 2
32 31
33 40
33 41
34 6
34 28
35 1
35 37
36 19
36 24
37 10
37 38
38 8
38 15
39 26
39 34
40 12
40 31
41 12
41 22
42 17
42 30
43 27
43 32
44 23
44 35
45 24
45 29

# solution 163
# n=46 sym=rot4 status=verified source=flammenkamp_cache/n46_rot4.mvr
# code=mvr:0 23 0 34 1 21 1 29 2 7 2 14 3 20 3 32 4
0 23
0 34
1 21
1 29
2 7
2 14
3 20
3 32
4 16
4 23
5 5
5 40
6 9
6 15
7 8
7 43
8 26
8 38
9 30
9 39
10 14
10 18
11 0
11 18
12 13
12 20
13 3
13 33
14 35
14 43
15 9
15 39
16 1
16 41
17 19
17 24
18 34
18 35
19 8
19 28
20 33
20 42
21 17
21 44
22 0
22 4
23 41
23 45
24 1
24 28
25 3
25 12
26 17
26 37
27 10
27 11
28 21
28 26
29 4
29 44
30 6
30 36
31 2
31 10
32 12
32 42
33 25
33 32
34 27
34 45
35 27
35 31
36 6
36 15
37 7
37 19
38 2
38 37
39 30
39 36
40 5
40 40
41 22
41 29
42 13
42 25
43 31
43 38
44 16
44 24
45 11
45 22

# solution 164
# n=46 sym=rot4 status=verified source=flammenkamp_cache/n46_rot4.mvr
# code=mvr:0 35 0 36 1 21 1 33 2 14 2 20 3 13 3 18 
0 35
0 36
1 21
1 33
2 14
2 20
3 13
3 18
4 25
4 40
5 4
5 39
6 5
6 11
7 23
7 27
8 16
8 34
9 0
9 12
10 0
10 16
11 8
11 39
12 1
12 36
13 30
13 42
14 26
14 43
15 13
15 23
16 35
16 37
17 24
17 26
18 7
18 42
19 14
19 17
20 4
20 43
21 17
21 44
22 7
22 15
23 30
23 38
24 1
24 28
25 2
25 41
26 28
26 31
27 3
27 38
28 19
28 21
29 8
29 10
30 22
30 32
31 2
31 19
32 3
32 15
33 9
33 44
34 6
34 37
35 29
35 45
36 33
36 45
37 11
37 29
38 18
38 22
39 34
39 40
40 6
40 41
41 5
41 20
42 27
42 32
43 25
43 31
44 12
44 24
45 9
45 10

# solution 165
# n=46 sym=rot4 status=verified source=flammenkamp_cache/n46_rot4.mvr
# code=mvr:0 22 0 36 1 10 1 27 2 15 2 33 3 15 3 36 
0 22
0 36
1 10
1 27
2 15
2 33
3 15
3 36
4 11
4 23
5 6
5 28
6 10
6 40
7 18
7 21
8 19
8 29
9 0
9 3
10 39
10 44
11 31
11 41
12 2
12 28
13 16
13 19
14 11
14 21
15 42
15 43
16 8
16 32
17 5
17 12
18 1
18 38
19 32
19 37
20 20
20 25
21 31
21 38
22 4
22 45
23 0
23 41
24 7
24 14
25 20
25 25
26 8
26 13
27 7
27 44
28 33
28 40
29 13
29 37
30 2
30 3
31 24
31 34
32 26
32 29
33 17
33 43
34 4
34 14
35 1
35 6
36 42
36 45
37 16
37 26
38 24
38 27
39 5
39 35
40 17
40 39
41 22
41 34
42 9
42 30
43 12
43 30
44 18
44 35
45 9
45 23

# solution 166
# n=46 sym=rot4 status=verified source=flammenkamp_cache/n46_rot4.mvr
# code=mvr:0 24 0 26 1 7 1 33 2 15 2 22 3 17 3 26 4
0 24
0 26
1 7
1 33
2 15
2 22
3 17
3 26
4 16
4 24
5 8
5 33
6 16
6 30
7 9
7 44
8 35
8 40
9 35
9 38
10 8
10 9
11 17
11 18
12 1
12 5
13 23
13 31
14 13
14 27
15 6
15 43
16 39
16 41
17 34
17 42
18 14
18 34
19 0
19 3
20 20
20 25
21 0
21 4
22 13
22 43
23 2
23 32
24 41
24 45
25 20
25 25
26 42
26 45
27 11
27 31
28 3
28 11
29 4
29 6
30 2
30 39
31 18
31 32
32 14
32 22
33 40
33 44
34 27
34 28
35 36
35 37
36 7
36 10
37 5
37 10
38 1
38 36
39 15
39 29
40 12
40 37
41 21
41 29
42 19
42 28
43 23
43 30
44 12
44 38
45 19
45 21

# solution 167
# n=46 sym=rot4 status=verified source=flammenkamp_cache/n46_rot4.mvr
# code=mvr:0 16 0 22 1 10 1 21 2 18 2 30 3 10 3 32 
0 16
0 22
1 10
1 21
2 18
2 30
3 10
3 32
4 4
4 41
5 26
5 38
6 21
6 27
7 5
7 31
8 9
8 12
9 33
9 37
10 42
10 44
11 16
11 23
12 9
12 37
13 3
13 17
14 7
14 28
15 2
15 20
16 34
16 45
17 14
17 32
18 6
18 43
19 5
19 25
20 19
20 30
21 39
21 44
22 11
22 45
23 0
23 34
24 1
24 6
25 15
25 26
26 20
26 40
27 2
27 39
28 13
28 31
29 0
29 11
30 25
30 43
31 17
31 38
32 28
32 42
33 8
33 36
34 22
34 29
35 1
35 3
36 8
36 12
37 33
37 36
38 14
38 40
39 18
39 24
40 7
40 19
41 4
41 41
42 13
42 35
43 15
43 27
44 24
44 35
45 23
45 29

# solution 168
# n=46 sym=rot4 status=verified source=flammenkamp_cache/n46_rot4.mvr
# code=mvr:0 18 0 24 1 15 1 29 2 14 2 29 3 19 3 24 
0 18
0 24
1 15
1 29
2 14
2 29
3 19
3 24
4 35
4 36
5 6
5 18
6 28
6 40
7 23
7 35
8 28
8 33
9 4
9 11
10 4
10 7
11 14
11 36
12 8
12 23
13 15
13 19
14 34
14 43
15 32
15 44
16 1
16 2
17 6
17 8
18 40
18 45
19 32
19 42
20 20
20 25
21 0
21 3
22 7
22 12
23 33
23 38
24 42
24 45
25 20
25 25
26 3
26 13
27 0
27 5
28 37
28 39
29 43
29 44
30 1
30 13
31 2
31 11
32 26
32 30
33 22
33 37
34 9
34 31
35 38
35 41
36 34
36 41
37 12
37 17
38 10
38 22
39 5
39 17
40 27
40 39
41 9
41 10
42 21
42 26
43 16
43 31
44 16
44 30
45 21
45 27

# solution 169
# n=46 sym=rot4 status=verified source=flammenkamp_cache/n46_rot4.mvr
# code=mvr:0 17 0 22 1 15 1 21 2 12 2 17 3 5 3 35 4
0 17
0 22
1 15
1 21
2 12
2 17
3 5
3 35
4 13
4 25
5 6
5 42
6 32
6 40
7 34
7 36
8 19
8 21
9 7
9 27
10 3
10 23
11 7
11 14
12 18
12 43
13 6
13 41
14 20
14 34
15 16
15 44
16 26
16 30
17 43
17 45
18 9
18 33
19 16
19 37
20 4
20 31
21 37
21 44
22 10
22 45
23 0
23 35
24 1
24 8
25 14
25 41
26 8
26 29
27 12
27 36
28 0
28 2
29 15
29 19
30 1
30 29
31 11
31 25
32 4
32 39
33 2
33 27
34 31
34 38
35 22
35 42
36 18
36 38
37 24
37 26
38 9
38 11
39 5
39 13
40 3
40 39
41 20
41 32
42 10
42 40
43 28
43 33
44 24
44 30
45 23
45 28

# solution 170
# n=46 sym=rot4 status=verified source=flammenkamp_cache/n46_rot4.mvr
# code=mvr:0 16 0 17 1 19 1 25 2 14 2 30 3 6 3 12 4
0 16
0 17
1 19
1 25
2 14
2 30
3 6
3 12
4 6
4 27
5 25
5 36
6 41
6 42
7 13
7 17
8 32
8 34
9 5
9 19
10 12
10 21
11 8
11 29
12 35
12 42
13 8
13 38
14 27
14 43
15 2
15 24
16 11
16 45
17 38
17 45
18 4
18 14
19 36
19 44
20 1
20 5
21 15
21 35
22 22
22 23
23 22
23 23
24 10
24 30
25 40
25 44
26 1
26 9
27 31
27 41
28 0
28 7
29 0
29 34
30 21
30 43
31 2
31 18
32 7
32 37
33 3
33 10
34 16
34 37
35 24
35 33
36 26
36 40
37 11
37 13
38 28
38 32
39 3
39 4
40 9
40 20
41 18
41 39
42 33
42 39
43 15
43 31
44 20
44 26
45 28
45 29

# solution 171
# n=46 sym=rot4 status=verified source=flammenkamp_cache/n46_rot4.mvr
# code=mvr:0 21 0 32 1 23 1 27 2 16 2 31 3 7 3 19 4
0 21
0 32
1 23
1 27
2 16
2 31
3 7
3 19
4 31
4 35
5 6
5 24
6 8
6 40
7 30
7 42
8 11
8 39
9 16
9 18
10 4
10 11
11 35
11 37
12 15
12 25
13 0
13 25
14 2
14 4
15 7
15 33
16 36
16 43
17 19
17 23
18 1
18 36
19 28
19 42
20 12
20 13
21 5
21 45
22 1
22 17
23 28
23 44
24 0
24 40
25 32
25 33
26 3
26 17
27 9
27 44
28 22
28 26
29 2
29 9
30 12
30 38
31 41
31 43
32 20
32 45
33 20
33 30
34 8
34 10
35 34
35 41
36 27
36 29
37 6
37 34
38 3
38 15
39 5
39 37
40 21
40 39
41 10
41 14
42 26
42 38
43 14
43 29
44 18
44 22
45 13
45 24

# solution 172
# n=46 sym=rot4 status=verified source=flammenkamp_cache/n46_rot4.mvr
# code=mvr:0 16 0 22 1 20 1 27 2 9 2 33 3 21 3 34 4
0 16
0 22
1 20
1 27
2 9
2 33
3 21
3 34
4 17
4 31
5 10
5 14
6 27
6 38
7 6
7 20
8 10
8 17
9 29
9 43
10 37
10 40
11 3
11 33
12 2
12 11
13 15
13 24
14 4
14 40
15 19
15 32
16 9
16 45
17 37
17 41
18 1
18 6
19 23
19 30
20 38
20 44
21 13
21 42
22 19
22 45
23 0
23 26
24 3
24 32
25 1
25 7
26 15
26 22
27 39
27 44
28 4
28 8
29 0
29 36
30 13
30 26
31 5
31 41
32 21
32 30
33 34
33 43
34 12
34 42
35 5
35 8
36 2
36 16
37 28
37 35
38 25
38 39
39 7
39 18
40 31
40 35
41 14
41 28
42 11
42 24
43 12
43 36
44 18
44 25
45 23
45 29

# solution 173
# n=46 sym=rot4 status=verified source=flammenkamp_cache/n46_rot4.mvr
# code=mvr:0 20 0 30 1 19 1 23 2 28 2 29 3 31 3 34 
0 20
0 30
1 19
1 23
2 28
2 29
3 31
3 34
4 5
4 20
5 17
5 41
6 9
6 30
7 10
7 12
8 18
8 19
9 32
9 39
10 23
10 38
11 3
11 27
12 32
12 38
13 9
13 12
14 3
14 24
15 0
15 6
16 2
16 21
17 2
17 40
18 11
18 37
19 37
19 44
20 41
20 45
21 14
21 29
22 1
22 10
23 35
23 44
24 16
24 31
25 0
25 4
26 1
26 8
27 8
27 34
28 5
28 43
29 24
29 43
30 39
30 45
31 21
31 42
32 33
32 36
33 7
33 13
34 18
34 42
35 7
35 22
36 6
36 13
37 26
37 27
38 33
38 35
39 15
39 36
40 4
40 28
41 25
41 40
42 11
42 14
43 16
43 17
44 22
44 26
45 15
45 25

# solution 174
# n=46 sym=rot4 status=verified source=flammenkamp_cache/n46_rot4.mvr
# code=mvr:0 22 0 27 1 16 1 23 2 27 2 33 3 9 3 33 4
0 22
0 27
1 16
1 23
2 27
2 33
3 9
3 33
4 17
4 20
5 6
5 32
6 35
6 40
7 9
7 21
8 20
8 32
9 38
9 42
10 6
10 15
11 26
11 31
12 2
12 3
13 5
13 8
14 11
14 21
15 29
15 35
16 15
16 44
17 19
17 41
18 0
18 2
19 11
19 28
20 37
20 41
21 31
21 38
22 1
22 45
23 0
23 44
24 7
24 14
25 4
25 8
26 17
26 34
27 43
27 45
28 4
28 26
29 1
29 30
30 10
30 16
31 24
31 34
32 37
32 40
33 42
33 43
34 14
34 19
35 30
35 39
36 3
36 7
37 13
37 25
38 24
38 36
39 5
39 10
40 13
40 39
41 25
41 28
42 12
42 36
43 12
43 18
44 22
44 29
45 18
45 23

# solution 175
# n=46 sym=rot4 status=verified source=flammenkamp_cache/n46_rot4.mvr
# code=mvr:0 21 0 23 1 18 1 35 2 36 2 40 3 5 3 13 4
0 21
0 23
1 18
1 35
2 36
2 40
3 5
3 13
4 14
4 29
5 2
5 42
6 21
6 23
7 18
7 19
8 29
8 33
9 2
9 13
10 1
10 15
11 12
11 20
12 8
12 34
13 36
13 42
14 28
14 41
15 17
15 35
16 4
16 8
17 14
17 30
18 38
18 44
19 20
19 38
20 26
20 34
21 39
21 45
22 0
22 6
23 39
23 45
24 0
24 6
25 11
25 19
26 7
26 25
27 1
27 7
28 15
28 31
29 37
29 41
30 10
30 28
31 4
31 17
32 3
32 9
33 11
33 37
34 25
34 33
35 30
35 44
36 32
36 43
37 12
37 16
38 26
38 27
39 22
39 24
40 3
40 43
41 16
41 31
42 32
42 40
43 5
43 9
44 10
44 27
45 22
45 24

# solution 176
# n=46 sym=rot4 status=verified source=flammenkamp_cache/n46_rot4.mvr
# code=mvr:0 19 0 34 1 25 1 31 2 22 2 38 3 17 3 34 
0 19
0 34
1 25
1 31
2 22
2 38
3 17
3 34
4 15
4 38
5 12
5 23
6 29
6 30
7 2
7 4
8 9
8 21
9 32
9 37
10 17
10 25
11 0
11 3
12 32
12 40
13 9
13 12
14 1
14 16
15 6
15 41
16 6
16 31
17 35
17 42
18 18
18 27
19 21
19 45
20 1
20 10
21 26
21 37
22 5
22 43
23 2
23 40
24 8
24 19
25 35
25 44
26 0
26 24
27 18
27 27
28 3
28 10
29 14
29 39
30 4
30 39
31 29
31 44
32 33
32 36
33 5
33 13
34 42
34 45
35 20
35 28
36 8
36 13
37 24
37 36
38 41
38 43
39 15
39 16
40 22
40 33
41 7
41 30
42 11
42 28
43 7
43 23
44 14
44 20
45 11
45 26

# solution 177
# n=46 sym=rot4 status=verified source=flammenkamp_cache/n46_rot4.mvr
# code=mvr:0 26 0 30 1 26 1 32 2 17 2 21 3 14 3 34 
0 26
0 30
1 26
1 32
2 17
2 21
3 14
3 34
4 28
4 40
5 4
5 29
6 12
6 34
7 13
7 21
8 10
8 20
9 14
9 23
10 12
10 37
11 3
11 6
12 35
12 39
13 1
13 38
14 36
14 42
15 0
15 23
16 5
16 20
17 4
17 43
18 18
18 27
19 0
19 1
20 29
20 37
21 38
21 43
22 9
22 15
23 30
23 36
24 2
24 7
25 8
25 16
26 44
26 45
27 18
27 27
28 2
28 41
29 25
29 40
30 22
30 45
31 3
31 9
32 7
32 44
33 6
33 10
34 39
34 42
35 8
35 33
36 22
36 31
37 25
37 35
38 24
38 32
39 11
39 33
40 16
40 41
41 5
41 17
42 11
42 31
43 24
43 28
44 13
44 19
45 15
45 19

# solution 178
# n=46 sym=rot4 status=verified source=flammenkamp_cache/n46_rot4.mvr
# code=mvr:0 3 0 23 1 10 1 28 2 7 2 13 3 27 3 45 4 
0 3
0 23
1 10
1 28
2 7
2 13
3 27
3 45
4 29
4 36
5 20
5 29
6 14
6 23
7 34
7 43
8 15
8 36
9 4
9 8
10 27
10 44
11 7
11 20
12 14
12 19
13 19
13 43
14 33
14 39
15 28
15 37
16 4
16 5
17 1
17 15
18 3
18 10
19 32
19 33
20 34
20 40
21 21
21 24
22 0
22 6
23 39
23 45
24 21
24 24
25 5
25 11
26 12
26 13
27 35
27 42
28 30
28 44
29 40
29 41
30 8
30 17
31 6
31 12
32 2
32 26
33 26
33 31
34 25
34 38
35 1
35 18
36 37
36 41
37 9
37 30
38 2
38 11
39 22
39 31
40 16
40 25
41 9
41 16
42 0
42 18
43 32
43 38
44 17
44 35
45 22
45 42

# solution 179
# n=46 sym=rot4 status=verified source=flammenkamp_cache/n46_rot4.mvr
# code=mvr:0 12 0 21 1 19 1 27 2 19 2 29 3 22 3 29 
0 12
0 21
1 19
1 27
2 19
2 29
3 22
3 29
4 6
4 32
5 10
5 34
6 24
6 41
7 11
7 15
8 9
8 30
9 25
9 37
10 14
10 40
11 5
11 38
12 32
12 45
13 4
13 12
14 23
14 35
15 8
15 38
16 2
16 3
17 17
17 28
18 1
18 20
19 43
19 44
20 9
20 27
21 6
21 45
22 14
22 42
23 3
23 31
24 0
24 39
25 18
25 36
26 1
26 2
27 25
27 44
28 17
28 28
29 42
29 43
30 7
30 37
31 10
31 22
32 33
32 41
33 0
33 13
34 7
34 40
35 5
35 31
36 8
36 20
37 15
37 36
38 30
38 34
39 4
39 21
40 11
40 35
41 13
41 39
42 16
42 23
43 16
43 26
44 18
44 26
45 24
45 33

# solution 180
# n=46 sym=rot4 status=verified source=flammenkamp_cache/n46_rot4.mvr
# code=mvr:0 26 0 28 1 24 1 35 2 8 2 15 3 5 3 12 4 
0 26
0 28
1 24
1 35
2 8
2 15
3 5
3 12
4 31
4 36
5 28
5 42
6 10
6 31
7 18
7 21
8 15
8 43
9 4
9 23
10 1
10 39
11 13
11 23
12 18
12 42
13 16
13 34
14 4
14 6
15 37
15 43
16 26
16 32
17 0
17 5
18 33
18 38
19 0
19 16
20 20
20 25
21 1
21 38
22 9
22 11
23 34
23 36
24 7
24 44
25 20
25 25
26 29
26 45
27 7
27 12
28 40
28 45
29 13
29 19
30 2
30 8
31 39
31 41
32 11
32 29
33 3
33 27
34 22
34 32
35 6
35 44
36 22
36 41
37 2
37 30
38 24
38 27
39 14
39 35
40 3
40 17
41 9
41 14
42 33
42 40
43 30
43 37
44 10
44 21
45 17
45 19

# solution 181
# n=46 sym=rot4 status=verified source=flammenkamp_cache/n46_rot4.mvr
# code=mvr:0 6 0 14 1 12 1 29 2 21 2 36 3 19 3 28 4
0 6
0 14
1 12
1 29
2 21
2 36
3 19
3 28
4 21
4 34
5 6
5 25
6 40
6 45
7 8
7 32
8 32
8 38
9 2
9 20
10 18
10 23
11 4
11 29
12 15
12 44
13 7
13 8
14 23
14 45
15 18
15 33
16 1
16 11
17 3
17 19
18 30
18 35
19 28
19 42
20 5
20 36
21 41
21 43
22 10
22 14
23 31
23 35
24 2
24 4
25 9
25 40
26 3
26 17
27 10
27 15
28 26
28 42
29 34
29 44
30 12
30 27
31 0
31 22
32 37
32 38
33 1
33 30
34 16
34 41
35 22
35 27
36 25
36 43
37 7
37 13
38 13
38 37
39 0
39 5
40 20
40 39
41 11
41 24
42 17
42 26
43 9
43 24
44 16
44 33
45 31
45 39

# solution 182
# n=46 sym=rot4 status=verified source=flammenkamp_cache/n46_rot4.mvr
# code=mvr:0 15 0 17 1 8 1 26 2 26 2 32 3 24 3 32 4
0 15
0 17
1 8
1 26
2 26
2 32
3 24
3 32
4 14
4 15
5 12
5 28
6 7
6 20
7 34
7 39
8 16
8 44
9 31
9 34
10 16
10 23
11 7
11 9
12 20
12 40
13 2
13 3
14 9
14 41
15 41
15 45
16 35
16 37
17 5
17 45
18 18
18 27
19 1
19 2
20 33
20 39
21 3
21 23
22 10
22 21
23 24
23 35
24 22
24 42
25 6
25 12
26 43
26 44
27 18
27 27
28 0
28 40
29 8
29 10
30 0
30 4
31 4
31 36
32 42
32 43
33 5
33 25
34 36
34 38
35 22
35 29
36 11
36 14
37 1
37 29
38 6
38 11
39 25
39 38
40 17
40 33
41 30
41 31
42 13
42 21
43 13
43 19
44 19
44 37
45 28
45 30

# solution 183
# n=46 sym=rot4 status=verified source=flammenkamp_cache/n46_rot4.mvr
# code=mvr:0 23 0 32 1 17 1 31 2 16 2 34 3 24 3 27 
0 23
0 32
1 17
1 31
2 16
2 34
3 24
3 27
4 5
4 21
5 14
5 41
6 10
6 18
7 9
7 23
8 11
8 20
9 28
9 38
10 33
10 39
11 2
11 37
12 10
12 32
13 0
13 12
14 1
14 40
15 19
15 20
16 26
16 43
17 9
17 44
18 3
18 39
19 16
19 30
20 30
20 37
21 3
21 41
22 0
22 7
23 38
23 45
24 4
24 42
25 8
25 15
26 15
26 29
27 6
27 42
28 1
28 36
29 2
29 19
30 25
30 26
31 5
31 44
32 33
32 45
33 13
33 35
34 8
34 43
35 6
35 12
36 7
36 17
37 25
37 34
38 22
38 36
39 27
39 35
40 4
40 31
41 24
41 40
42 18
42 21
43 11
43 29
44 14
44 28
45 13
45 22

# solution 184
# n=46 sym=rot4 status=verified source=flammenkamp_cache/n46_rot4.mvr
# code=mvr:0 0 0 45 1 19 1 29 2 14 2 23 3 20 3 24 4
0 0
0 45
1 19
1 29
2 14
2 23
3 20
3 24
4 8
4 30
5 15
5 27
6 23
6 36
7 9
7 33
8 27
8 41
9 6
9 38
10 16
10 34
11 10
11 14
12 7
12 20
13 17
13 24
14 34
14 43
15 4
15 40
16 1
16 35
17 26
17 32
18 5
18 8
19 17
19 44
20 33
20 42
21 3
21 13
22 2
22 6
23 39
23 43
24 32
24 42
25 3
25 12
26 1
26 28
27 37
27 40
28 13
28 19
29 10
29 44
30 5
30 41
31 2
31 11
32 21
32 28
33 25
33 38
34 31
34 35
35 11
35 29
36 7
36 39
37 4
37 18
38 12
38 36
39 9
39 22
40 18
40 30
41 15
41 37
42 21
42 25
43 22
43 31
44 16
44 26
45 0
45 45

# solution 185
# n=46 sym=rot4 status=verified source=flammenkamp_cache/n46_rot4.mvr
# code=mvr:0 24 0 26 1 14 1 17 2 16 2 39 3 10 3 27 
0 24
0 26
1 14
1 17
2 16
2 39
3 10
3 27
4 30
4 36
5 7
5 17
6 2
6 35
7 22
7 40
8 27
8 29
9 4
9 34
10 6
10 42
11 9
11 12
12 13
12 34
13 26
13 33
14 23
14 44
15 4
15 24
16 8
16 43
17 40
17 44
18 3
18 8
19 0
19 13
20 20
20 25
21 0
21 15
22 14
22 38
23 7
23 31
24 30
24 45
25 20
25 25
26 32
26 45
27 37
27 42
28 1
28 5
29 2
29 37
30 21
30 41
31 1
31 22
32 12
32 19
33 11
33 32
34 33
34 36
35 3
35 39
36 11
36 41
37 16
37 18
38 5
38 23
39 10
39 43
40 28
40 38
41 9
41 15
42 18
42 35
43 6
43 29
44 28
44 31
45 19
45 21

# solution 186
# n=46 sym=rot4 status=verified source=flammenkamp_cache/n46_rot4.mvr
# code=mvr:0 10 0 23 1 17 1 29 2 15 2 36 3 12 3 24 
0 10
0 23
1 17
1 29
2 15
2 36
3 12
3 24
4 29
4 36
5 32
5 37
6 10
6 20
7 15
7 23
8 5
8 13
9 2
9 4
10 39
10 45
11 20
11 28
12 14
12 42
13 5
13 37
14 18
14 33
15 38
15 43
16 1
16 4
17 11
17 44
18 24
18 31
19 19
19 26
20 34
20 39
21 3
21 18
22 0
22 7
23 38
23 45
24 27
24 42
25 6
25 11
26 19
26 26
27 14
27 21
28 1
28 34
29 41
29 44
30 2
30 7
31 12
31 27
32 8
32 40
33 3
33 31
34 17
34 25
35 0
35 6
36 41
36 43
37 32
37 40
38 22
38 30
39 25
39 35
40 8
40 13
41 9
41 16
42 21
42 33
43 9
43 30
44 16
44 28
45 22
45 35

# solution 187
# n=46 sym=rot4 status=verified source=flammenkamp_cache/n46_rot4.mvr
# code=mvr:0 22 0 34 1 24 1 36 2 6 2 12 3 27 3 33 4
0 22
0 34
1 24
1 36
2 6
2 12
3 27
3 33
4 15
4 39
5 23
5 38
6 4
6 43
7 5
7 10
8 18
8 24
9 1
9 29
10 26
10 38
11 0
11 15
12 3
12 43
13 14
13 26
14 17
14 32
15 34
15 41
16 9
16 17
17 29
17 31
18 3
18 37
19 10
19 13
20 20
20 25
21 1
21 8
22 5
22 45
23 0
23 40
24 37
24 44
25 20
25 25
26 32
26 35
27 8
27 42
28 14
28 16
29 28
29 36
30 4
30 11
31 13
31 28
32 19
32 31
33 2
33 42
34 30
34 45
35 7
35 19
36 16
36 44
37 21
37 27
38 35
38 40
39 2
39 41
40 7
40 22
41 6
41 30
42 12
42 18
43 33
43 39
44 9
44 21
45 11
45 23

# solution 188
# n=46 sym=rot4 status=verified source=flammenkamp_cache/n46_rot4.mvr
# code=mvr:0 18 0 33 1 5 1 15 2 24 2 36 3 29 3 34 4
0 18
0 33
1 5
1 15
2 24
2 36
3 29
3 34
4 10
4 13
5 12
5 44
6 22
6 24
7 17
7 37
8 7
8 32
9 2
9 23
10 27
10 41
11 3
11 14
12 0
12 40
13 8
13 41
14 29
14 34
15 19
15 44
16 3
16 14
17 19
17 38
18 10
18 45
19 28
19 30
20 20
20 25
21 2
21 6
22 9
22 39
23 6
23 36
24 39
24 43
25 20
25 25
26 15
26 17
27 0
27 35
28 7
28 26
29 31
29 42
30 1
30 26
31 11
31 16
32 4
32 37
33 5
33 45
34 31
34 42
35 4
35 18
36 22
36 43
37 13
37 38
38 8
38 28
39 21
39 23
40 1
40 33
41 32
41 35
42 11
42 16
43 9
43 21
44 30
44 40
45 12
45 27

# solution 189
# n=46 sym=rot4 status=verified source=flammenkamp_cache/n46_rot4.mvr
# code=mvr:0 14 0 42 1 5 1 17 2 21 2 22 3 0 3 40 4 
0 14
0 42
1 5
1 17
2 21
2 22
3 0
3 40
4 15
4 27
5 3
5 44
6 30
6 34
7 12
7 27
8 9
8 21
9 33
9 37
10 17
10 20
11 6
11 26
12 9
12 38
13 26
13 31
14 13
14 45
15 6
15 41
16 20
16 23
17 35
17 44
18 4
18 7
19 11
19 13
20 29
20 35
21 37
21 43
22 16
22 43
23 2
23 29
24 2
24 8
25 10
25 16
26 32
26 34
27 38
27 41
28 1
28 10
29 22
29 25
30 4
30 39
31 0
31 32
32 14
32 19
33 7
33 36
34 19
34 39
35 25
35 28
36 8
36 12
37 24
37 36
38 18
38 33
39 11
39 15
40 1
40 42
41 18
41 30
42 5
42 45
43 23
43 24
44 28
44 40
45 3
45 31

# solution 190
# n=46 sym=rot4 status=verified source=flammenkamp_cache/n46_rot4.mvr
# code=mvr:0 16 0 18 1 30 1 35 2 24 2 35 3 33 3 36 
0 16
0 18
1 30
1 35
2 24
2 35
3 33
3 36
4 25
4 26
5 5
5 40
6 16
6 38
7 6
7 18
8 13
8 31
9 3
9 23
10 1
10 2
11 19
11 23
12 3
12 31
13 25
13 37
14 8
14 12
15 1
15 17
16 39
16 45
17 24
17 30
18 38
18 45
19 4
19 34
20 4
20 13
21 2
21 17
22 9
22 11
23 34
23 36
24 28
24 43
25 32
25 41
26 11
26 41
27 0
27 7
28 15
28 21
29 0
29 6
30 28
30 44
31 33
31 37
32 8
32 20
33 14
33 42
34 22
34 26
35 43
35 44
36 22
36 42
37 14
37 32
38 27
38 39
39 7
39 29
40 5
40 40
41 19
41 20
42 9
42 12
43 10
43 21
44 10
44 15
45 27
45 29

# solution 191
# n=46 sym=rot4 status=verified source=flammenkamp_cache/n46_rot4.mvr
# code=mvr:0 8 0 23 1 17 1 23 2 27 2 32 3 9 3 14 4 
0 8
0 23
1 17
1 23
2 27
2 32
3 9
3 14
4 13
4 40
5 4
5 7
6 30
6 36
7 14
7 40
8 27
8 45
9 6
9 42
10 12
10 25
11 16
11 17
12 30
12 35
13 2
13 41
14 38
14 42
15 6
15 12
16 24
16 34
17 34
17 44
18 2
18 8
19 19
19 26
20 10
20 24
21 16
21 20
22 0
22 1
23 44
23 45
24 25
24 29
25 21
25 35
26 19
26 26
27 37
27 43
28 1
28 11
29 11
29 21
30 33
30 39
31 3
31 7
32 4
32 43
33 10
33 15
34 28
34 29
35 20
35 33
36 3
36 39
37 0
37 18
38 5
38 31
39 9
39 15
40 38
40 41
41 5
41 32
42 31
42 36
43 13
43 18
44 22
44 28
45 22
45 37

# solution 192
# n=46 sym=rot4 status=verified source=flammenkamp_cache/n46_rot4.mvr
# code=mvr:0 23 0 25 1 18 1 39 2 28 2 31 3 9 3 21 4
0 23
0 25
1 18
1 39
2 28
2 31
3 9
3 21
4 13
4 28
5 11
5 21
6 1
6 37
7 15
7 18
8 6
8 9
9 37
9 42
10 13
10 31
11 19
11 40
12 26
12 29
13 35
13 41
14 2
14 10
15 29
15 38
16 12
16 15
17 2
17 4
18 38
18 44
19 12
19 34
20 0
20 23
21 40
21 42
22 0
22 20
23 25
23 45
24 3
24 5
25 22
25 45
26 11
26 33
27 1
27 7
28 41
28 43
29 30
29 33
30 7
30 16
31 35
31 43
32 4
32 10
33 16
33 19
34 5
34 26
35 14
35 32
36 3
36 8
37 36
37 39
38 27
38 30
39 8
39 44
40 24
40 34
41 17
41 32
42 24
42 36
43 14
43 17
44 6
44 27
45 20
45 22

# solution 193
# n=46 sym=rot4 status=verified source=flammenkamp_cache/n46_rot4.mvr
# code=mvr:0 22 0 24 1 27 1 39 2 8 2 24 3 13 3 14 4
0 22
0 24
1 27
1 39
2 8
2 24
3 13
3 14
4 7
4 29
5 6
5 14
6 1
6 40
7 36
7 41
8 23
8 43
9 7
9 13
10 30
10 34
11 10
11 25
12 27
12 29
13 36
13 42
14 40
14 42
15 10
15 28
16 4
16 12
17 15
17 25
18 1
18 12
19 19
19 26
20 11
20 17
21 0
21 2
22 8
22 45
23 0
23 37
24 43
24 45
25 28
25 34
26 19
26 26
27 33
27 44
28 20
28 30
29 33
29 41
30 17
30 35
31 3
31 5
32 3
32 9
33 16
33 18
34 20
34 35
35 11
35 15
36 32
36 38
37 2
37 22
38 4
38 9
39 5
39 44
40 31
40 39
41 16
41 38
42 31
42 32
43 21
43 37
44 6
44 18
45 21
45 23

# solution 194
# n=46 sym=rot4 status=verified source=flammenkamp_cache/n46_rot4.mvr
# code=mvr:0 17 0 29 1 27 1 33 2 10 2 23 3 15 3 21 
0 17
0 29
1 27
1 33
2 10
2 23
3 15
3 21
4 31
4 39
5 7
5 21
6 4
6 16
7 32
7 40
8 9
8 23
9 12
9 37
10 28
10 43
11 14
11 30
12 1
12 36
13 7
13 19
14 4
14 34
15 11
15 42
16 0
16 39
17 10
17 45
18 1
18 26
19 18
19 32
20 20
20 25
21 40
21 42
22 2
22 8
23 37
23 43
24 3
24 5
25 20
25 25
26 13
26 27
27 19
27 44
28 0
28 35
29 6
29 45
30 3
30 34
31 11
31 41
32 26
32 38
33 9
33 44
34 15
34 31
35 2
35 17
36 8
36 33
37 22
37 36
38 5
38 13
39 29
39 41
40 24
40 38
41 6
41 14
42 24
42 30
43 22
43 35
44 12
44 18
45 16
45 28

# solution 195
# n=46 sym=rot4 status=verified source=flammenkamp_cache/n46_rot4.mvr
# code=mvr:0 16 0 31 1 20 1 27 2 31 2 35 3 5 3 30 4
0 16
0 31
1 20
1 27
2 31
2 35
3 5
3 30
4 6
4 23
5 26
5 42
6 13
6 41
7 16
7 34
8 24
8 36
9 8
9 15
10 2
10 20
11 7
11 21
12 13
12 18
13 33
13 39
14 0
14 2
15 3
15 36
16 38
16 45
17 17
17 28
18 1
18 33
19 5
19 23
20 35
20 44
21 8
21 34
22 4
22 19
23 26
23 41
24 11
24 37
25 1
25 10
26 22
26 40
27 12
27 44
28 17
28 28
29 0
29 7
30 9
30 42
31 43
31 45
32 6
32 12
33 27
33 32
34 24
34 38
35 25
35 43
36 30
36 37
37 9
37 21
38 11
38 29
39 4
39 32
40 3
40 19
41 22
41 39
42 15
42 40
43 10
43 14
44 18
44 25
45 14
45 29

# solution 196
# n=46 sym=rot4 status=verified source=flammenkamp_cache/n46_rot4.mvr
# code=mvr:0 18 0 28 1 15 1 29 2 22 2 39 3 13 3 20 
0 18
0 28
1 15
1 29
2 22
2 39
3 13
3 20
4 25
4 28
5 10
5 21
6 2
6 9
7 15
7 31
8 11
8 18
9 10
9 39
10 36
10 40
11 29
11 37
12 21
12 32
13 12
13 42
14 7
14 23
15 38
15 44
16 1
16 11
17 0
17 4
18 37
18 45
19 19
19 26
20 4
20 42
21 33
21 40
22 14
22 43
23 2
23 31
24 5
24 12
25 3
25 41
26 19
26 26
27 0
27 8
28 41
28 45
29 34
29 44
30 1
30 7
31 22
31 38
32 3
32 33
33 13
33 24
34 8
34 16
35 5
35 9
36 6
36 35
37 27
37 34
38 14
38 30
39 36
39 43
40 24
40 35
41 17
41 20
42 25
42 32
43 6
43 23
44 16
44 30
45 17
45 27

# solution 197
# n=46 sym=rot4 status=verified source=flammenkamp_cache/n46_rot4.mvr
# code=mvr:0 16 0 20 1 20 1 30 2 10 2 42 3 2 3 12 4
0 16
0 20
1 20
1 30
2 10
2 42
3 2
3 12
4 7
4 28
5 27
5 33
6 21
6 36
7 11
7 41
8 18
8 29
9 6
9 26
10 31
10 43
11 23
11 38
12 5
12 42
13 30
13 31
14 10
14 13
15 1
15 13
16 8
16 45
17 4
17 23
18 5
18 37
19 9
19 24
20 44
20 45
21 19
21 39
22 11
22 17
23 28
23 34
24 6
24 26
25 0
25 1
26 21
26 36
27 8
27 40
28 22
28 41
29 0
29 37
30 32
30 44
31 32
31 35
32 14
32 15
33 3
33 40
34 7
34 22
35 2
35 14
36 19
36 39
37 16
37 27
38 4
38 34
39 9
39 24
40 12
40 18
41 17
41 38
42 33
42 43
43 3
43 35
44 15
44 25
45 25
45 29

# solution 198
# n=46 sym=rot4 status=verified source=flammenkamp_cache/n46_rot4.mvr
# code=mvr:0 21 0 23 1 16 1 17 2 14 2 33 3 7 3 31 4
0 21
0 23
1 16
1 17
2 14
2 33
3 7
3 31
4 27
4 34
5 11
5 39
6 5
6 7
7 39
7 42
8 12
8 29
9 17
9 25
10 23
10 32
11 4
11 40
12 2
12 37
13 10
13 15
14 3
14 43
15 20
15 32
16 8
16 44
17 36
17 44
18 4
18 24
19 19
19 26
20 9
20 30
21 18
21 45
22 0
22 10
23 35
23 45
24 0
24 27
25 15
25 36
26 19
26 26
27 21
27 41
28 1
28 9
29 1
29 37
30 13
30 25
31 2
31 42
32 30
32 35
33 8
33 43
34 5
34 41
35 13
35 22
36 20
36 28
37 16
37 33
38 3
38 6
39 38
39 40
40 6
40 34
41 11
41 18
42 14
42 38
43 12
43 31
44 28
44 29
45 22
45 24

# solution 199
# n=46 sym=rot4 status=verified source=flammenkamp_cache/n46_rot4.mvr
# code=mvr:0 17 0 24 1 16 1 38 2 16 2 27 3 9 3 25 4
0 17
0 24
1 16
1 38
2 16
2 27
3 9
3 25
4 22
4 31
5 9
5 17
6 32
6 37
7 1
7 27
8 6
8 11
9 40
9 42
10 13
10 30
11 25
11 37
12 12
12 33
13 6
13 35
14 4
14 26
15 10
15 19
16 43
16 44
17 40
17 45
18 2
18 7
19 14
19 30
20 3
20 11
21 0
21 23
22 21
22 41
23 4
23 24
24 22
24 45
25 34
25 42
26 15
26 31
27 38
27 43
28 0
28 5
29 1
29 2
30 26
30 35
31 19
31 41
32 10
32 39
33 12
33 33
34 8
34 20
35 15
35 32
36 3
36 5
37 34
37 39
38 18
38 44
39 8
39 13
40 28
40 36
41 14
41 23
42 20
42 36
43 18
43 29
44 7
44 29
45 21
45 28

# solution 200
# n=46 sym=rot4 status=verified source=flammenkamp_cache/n46_rot4.mvr
# code=mvr:0 13 0 24 1 14 1 20 2 29 2 32 3 23 3 31 
0 13
0 24
1 14
1 20
2 29
2 32
3 23
3 31
4 10
4 38
5 19
5 28
6 8
6 23
7 4
7 12
8 30
8 39
9 19
9 34
10 15
10 41
11 9
11 27
12 18
12 38
13 2
13 45
14 3
14 44
15 8
15 35
16 2
16 17
17 5
17 29
18 11
18 33
19 36
19 40
20 24
20 44
21 0
21 20
22 3
22 6
23 39
23 42
24 25
24 45
25 1
25 21
26 5
26 9
27 12
27 34
28 16
28 40
29 28
29 43
30 10
30 37
31 1
31 42
32 0
32 43
33 7
33 27
34 18
34 36
35 4
35 30
36 11
36 26
37 6
37 15
38 33
38 41
39 22
39 37
40 17
40 26
41 7
41 35
42 14
42 22
43 13
43 16
44 25
44 31
45 21
45 32

# solution 201
# n=46 sym=rot4 status=verified source=flammenkamp_cache/n46_rot4.mvr
# code=mvr:0 4 0 37 1 17 1 18 2 15 2 36 3 15 3 26 4
0 4
0 37
1 17
1 18
2 15
2 36
3 15
3 26
4 13
4 45
5 22
5 26
6 25
6 35
7 33
7 36
8 0
8 27
9 2
9 7
10 6
10 20
11 14
11 16
12 7
12 32
13 12
13 41
14 23
14 34
15 42
15 43
16 28
16 34
17 16
17 44
18 8
18 44
19 3
19 5
20 6
20 35
21 21
21 24
22 14
22 40
23 5
23 31
24 21
24 24
25 10
25 39
26 40
26 42
27 1
27 37
28 1
28 29
29 11
29 17
30 2
30 3
31 11
31 22
32 4
32 33
33 13
33 38
34 29
34 31
35 25
35 39
36 38
36 43
37 18
37 45
38 9
38 12
39 10
39 20
40 19
40 23
41 0
41 32
42 19
42 30
43 9
43 30
44 27
44 28
45 8
45 41

# solution 202
# n=46 sym=rot4 status=verified source=flammenkamp_cache/n46_rot4.mvr
# code=mvr:0 14 0 33 1 21 1 30 2 13 2 22 3 19 3 38 
0 14
0 33
1 21
1 30
2 13
2 22
3 19
3 38
4 13
4 33
5 5
5 40
6 21
6 27
7 3
7 10
8 26
8 35
9 28
9 31
10 8
10 38
11 17
11 18
12 0
12 4
13 41
13 43
14 9
14 45
15 1
15 20
16 23
16 25
17 9
17 34
18 6
18 34
19 8
19 42
20 16
20 30
21 39
21 44
22 16
22 43
23 2
23 29
24 1
24 6
25 15
25 29
26 3
26 37
27 11
27 39
28 11
28 36
29 20
29 22
30 25
30 44
31 0
31 36
32 2
32 4
33 41
33 45
34 27
34 28
35 7
35 37
36 14
36 17
37 10
37 19
38 35
38 42
39 18
39 24
40 5
40 40
41 12
41 32
42 7
42 26
43 23
43 32
44 15
44 24
45 12
45 31

# solution 203
# n=46 sym=rot4 status=verified source=flammenkamp_cache/n46_rot4.mvr
# code=mvr:0 4 0 19 1 29 1 35 2 13 2 21 3 21 3 35 4
0 4
0 19
1 29
1 35
2 13
2 21
3 21
3 35
4 18
4 45
5 6
5 14
6 18
6 40
7 14
7 15
8 9
8 13
9 26
9 37
10 1
10 3
11 28
11 29
12 20
12 23
13 37
13 43
14 38
14 40
15 28
15 38
16 1
16 11
17 11
17 15
18 39
18 41
19 9
19 45
20 23
20 33
21 42
21 43
22 12
22 20
23 25
23 33
24 2
24 3
25 12
25 22
26 0
26 36
27 4
27 6
28 30
28 34
29 34
29 44
30 7
30 17
31 5
31 7
32 2
32 8
33 22
33 25
34 16
34 17
35 42
35 44
36 8
36 19
37 32
37 36
38 30
38 31
39 5
39 27
40 31
40 39
41 0
41 27
42 10
42 24
43 24
43 32
44 10
44 16
45 26
45 41

# solution 204
# n=46 sym=rot4 status=verified source=flammenkamp_cache/n46_rot4.mvr
# code=mvr:0 14 0 20 1 23 1 28 2 15 2 31 3 30 3 32 
0 14
0 20
1 23
1 28
2 15
2 31
3 30
3 32
4 35
4 39
5 10
5 19
6 4
6 36
7 20
7 23
8 9
8 27
9 6
9 37
10 4
10 40
11 17
11 19
12 13
12 29
13 3
13 33
14 2
14 45
15 3
15 43
16 12
16 27
17 1
17 34
18 8
18 16
19 34
19 40
20 38
20 45
21 21
21 24
22 1
22 7
23 38
23 44
24 21
24 24
25 0
25 7
26 5
26 11
27 29
27 37
28 11
28 44
29 18
29 33
30 2
30 42
31 0
31 43
32 12
32 42
33 16
33 32
34 26
34 28
35 5
35 41
36 8
36 39
37 18
37 36
38 22
38 25
39 9
39 41
40 26
40 35
41 6
41 10
42 13
42 15
43 14
43 30
44 17
44 22
45 25
45 31

# solution 205
# n=46 sym=rot4 status=verified source=flammenkamp_cache/n46_rot4.mvr
# code=mvr:0 23 0 34 1 17 1 31 2 16 2 30 3 10 3 31 
0 23
0 34
1 17
1 31
2 16
2 30
3 10
3 31
4 12
4 23
5 7
5 28
6 15
6 20
7 8
7 40
8 13
8 38
9 21
9 27
10 20
10 42
11 0
11 18
12 32
12 41
13 12
13 37
14 1
14 3
15 2
15 39
16 19
16 43
17 5
17 44
18 9
18 34
19 21
19 29
20 35
20 39
21 26
21 36
22 0
22 4
23 41
23 45
24 9
24 19
25 6
25 10
26 16
26 24
27 11
27 36
28 1
28 40
29 2
29 26
30 6
30 43
31 42
31 44
32 8
32 33
33 4
33 13
34 27
34 45
35 3
35 25
36 18
36 24
37 7
37 32
38 5
38 37
39 25
39 30
40 17
40 38
41 22
41 33
42 14
42 35
43 15
43 29
44 14
44 28
45 11
45 22

# solution 206
# n=46 sym=rot4 status=verified source=flammenkamp_cache/n46_rot4.mvr
# code=mvr:0 29 0 33 1 12 1 18 2 8 2 34 3 14 3 20 4
0 29
0 33
1 12
1 18
2 8
2 34
3 14
3 20
4 26
4 28
5 15
5 21
6 6
6 39
7 25
7 30
8 9
8 43
9 21
9 37
10 17
10 29
11 2
11 14
12 0
12 44
13 18
13 22
14 34
14 42
15 7
15 40
16 0
16 10
17 4
17 35
18 32
18 44
19 4
19 23
20 7
20 42
21 36
21 40
22 19
22 32
23 13
23 26
24 5
24 9
25 3
25 38
26 22
26 41
27 1
27 13
28 10
28 41
29 35
29 45
30 5
30 38
31 3
31 11
32 23
32 27
33 1
33 45
34 31
34 43
35 16
35 28
36 8
36 24
37 2
37 36
38 15
38 20
39 6
39 39
40 24
40 30
41 17
41 19
42 25
42 31
43 11
43 37
44 27
44 33
45 12
45 16

# solution 207
# n=46 sym=rot4 status=verified source=flammenkamp_cache/n46_rot4.mvr
# code=mvr:0 19 0 21 1 12 1 29 2 31 2 33 3 17 3 19 
0 19
0 21
1 12
1 29
2 31
2 33
3 17
3 19
4 28
4 31
5 25
5 27
6 9
6 10
7 8
7 11
8 30
8 38
9 10
9 39
10 36
10 39
11 23
11 38
12 2
12 44
13 15
13 18
14 2
14 4
15 8
15 32
16 1
16 21
17 4
17 42
18 5
18 32
19 42
19 45
20 5
20 23
21 29
21 45
22 11
22 20
23 25
23 34
24 0
24 16
25 22
25 40
26 0
26 3
27 13
27 40
28 3
28 41
29 24
29 44
30 13
30 37
31 41
31 43
32 27
32 30
33 1
33 43
34 7
34 22
35 6
35 9
36 6
36 35
37 7
37 15
38 34
38 37
39 35
39 36
40 18
40 20
41 14
41 17
42 26
42 28
43 12
43 14
44 16
44 33
45 24
45 26

# solution 208
# n=46 sym=rot4 status=verified source=flammenkamp_cache/n46_rot4.mvr
# code=mvr:0 11 0 13 1 27 1 28 2 23 2 33 3 15 3 36 
0 11
0 13
1 27
1 28
2 23
2 33
3 15
3 36
4 21
4 30
5 7
5 39
6 5
6 14
7 19
7 40
8 23
8 32
9 3
9 12
10 28
10 29
11 21
11 45
12 2
12 36
13 8
13 45
14 29
14 39
15 4
15 42
16 10
16 14
17 1
17 10
18 1
18 26
19 18
19 38
20 20
20 25
21 34
21 41
22 2
22 8
23 37
23 43
24 4
24 11
25 20
25 25
26 7
26 27
27 19
27 44
28 35
28 44
29 31
29 35
30 3
30 41
31 6
31 16
32 0
32 37
33 9
33 43
34 0
34 24
35 16
35 17
36 33
36 42
37 13
37 22
38 5
38 26
39 31
39 40
40 6
40 38
41 15
41 24
42 9
42 30
43 12
43 22
44 17
44 18
45 32
45 34

# solution 209
# n=46 sym=rot4 status=verified source=flammenkamp_cache/n46_rot4.mvr
# code=mvr:0 13 0 26 1 21 1 27 2 14 2 37 3 9 3 33 4
0 13
0 26
1 21
1 27
2 14
2 37
3 9
3 33
4 16
4 23
5 7
5 9
6 17
6 29
7 35
7 40
8 2
8 23
9 40
9 42
10 7
10 28
11 18
11 21
12 3
12 13
13 33
13 45
14 15
14 43
15 26
15 31
16 6
16 41
17 10
17 39
18 1
18 34
19 0
19 15
20 20
20 25
21 34
21 44
22 4
22 8
23 37
23 41
24 1
24 11
25 20
25 25
26 30
26 45
27 11
27 44
28 6
28 35
29 4
29 39
30 14
30 19
31 2
31 30
32 0
32 12
33 32
33 42
34 24
34 27
35 17
35 38
36 3
36 5
37 22
37 43
38 5
38 10
39 16
39 28
40 36
40 38
41 22
41 29
42 12
42 36
43 8
43 31
44 18
44 24
45 19
45 32

# solution 210
# n=46 sym=rot4 status=verified source=flammenkamp_cache/n46_rot4.mvr
# code=mvr:0 10 0 21 1 26 1 28 2 24 2 29 3 9 3 18 4
0 10
0 21
1 26
1 28
2 24
2 29
3 9
3 18
4 18
4 23
5 17
5 39
6 5
6 19
7 12
7 13
8 9
8 30
9 37
9 42
10 31
10 45
11 23
11 31
12 29
12 38
13 30
13 38
14 10
14 11
15 8
15 13
16 2
16 12
17 1
17 40
18 41
18 42
19 1
19 39
20 20
20 25
21 2
21 45
22 4
22 11
23 34
23 41
24 0
24 43
25 20
25 25
26 6
26 44
27 3
27 4
28 5
28 44
29 33
29 43
30 32
30 37
31 34
31 35
32 7
32 15
33 7
33 16
34 14
34 22
35 0
35 14
36 3
36 8
37 15
37 36
38 32
38 33
39 26
39 40
40 6
40 28
41 22
41 27
42 27
42 36
43 16
43 21
44 17
44 19
45 24
45 35

# solution 211
# n=46 sym=rot4 status=verified source=flammenkamp_cache/n46_rot4.mvr
# code=mvr:0 26 0 31 1 18 1 38 2 19 2 20 3 12 3 21 
0 26
0 31
1 18
1 38
2 19
2 20
3 12
3 21
4 6
4 11
5 17
5 36
6 10
6 41
7 1
7 23
8 16
8 30
9 5
9 12
10 30
10 39
11 21
11 41
12 36
12 42
13 23
13 27
14 0
14 16
15 8
15 10
16 31
16 37
17 20
17 40
18 13
18 44
19 0
19 43
20 28
20 43
21 34
21 42
22 7
22 13
23 32
23 38
24 3
24 11
25 2
25 17
26 2
26 45
27 1
27 32
28 5
28 25
29 8
29 14
30 35
30 37
31 29
31 45
32 18
32 22
33 3
33 9
34 4
34 24
35 6
35 15
36 33
36 40
37 15
37 29
38 22
38 44
39 4
39 35
40 9
40 28
41 34
41 39
42 24
42 33
43 25
43 26
44 7
44 27
45 14
45 19

# solution 212
# n=46 sym=rot4 status=verified source=flammenkamp_cache/n46_rot4.mvr
# code=mvr:0 20 0 33 1 27 1 32 2 15 2 36 3 13 3 17 
0 20
0 33
1 27
1 32
2 15
2 36
3 13
3 17
4 18
4 36
5 25
5 37
6 24
6 34
7 15
7 29
8 5
8 19
9 2
9 4
10 11
10 29
11 6
11 35
12 0
12 23
13 1
13 42
14 14
14 31
15 38
15 43
16 7
16 10
17 26
17 42
18 1
18 41
19 17
19 37
20 5
20 45
21 6
21 23
22 12
22 21
23 24
23 33
24 22
24 39
25 0
25 40
26 8
26 28
27 4
27 44
28 3
28 19
29 35
29 38
30 2
30 7
31 14
31 31
32 3
32 44
33 22
33 45
34 10
34 39
35 16
35 34
36 41
36 43
37 26
37 40
38 16
38 30
39 11
39 21
40 8
40 20
41 9
41 27
42 28
42 32
43 9
43 30
44 13
44 18
45 12
45 25

# solution 213
# n=46 sym=rot4 status=verified source=flammenkamp_cache/n46_rot4.mvr
# code=mvr:0 23 0 30 1 30 1 34 2 6 2 14 3 20 3 31 4
0 23
0 30
1 30
1 34
2 6
2 14
3 20
3 31
4 9
4 17
5 9
5 24
6 23
6 43
7 20
7 27
8 13
8 16
9 40
9 41
10 17
10 29
11 1
11 13
12 24
12 27
13 34
13 37
14 3
14 43
15 0
15 1
16 10
16 37
17 35
17 41
18 7
18 12
19 19
19 26
20 38
20 42
21 5
21 12
22 0
22 6
23 39
23 45
24 33
24 40
25 3
25 7
26 19
26 26
27 33
27 38
28 4
28 10
29 8
29 35
30 44
30 45
31 2
31 42
32 8
32 11
33 18
33 21
34 32
34 44
35 16
35 28
36 4
36 5
37 29
37 32
38 18
38 25
39 2
39 22
40 21
40 36
41 28
41 36
42 14
42 25
43 31
43 39
44 11
44 15
45 15
45 22

# solution 214
# n=46 sym=rot4 status=verified source=flammenkamp_cache/n46_rot4.mvr
# code=mvr:0 26 0 31 1 21 1 26 2 14 2 15 3 36 3 38 
0 26
0 31
1 21
1 26
2 14
2 15
3 36
3 38
4 32
4 37
5 10
5 16
6 9
6 17
7 3
7 17
8 4
8 27
9 3
9 39
10 27
10 40
11 16
11 25
12 12
12 33
13 4
13 25
14 0
14 43
15 23
15 43
16 34
16 40
17 38
17 39
18 8
18 10
19 0
19 1
20 11
20 13
21 23
21 44
22 15
22 21
23 24
23 30
24 1
24 22
25 32
25 34
26 44
26 45
27 35
27 37
28 6
28 7
29 5
29 11
30 2
30 22
31 2
31 45
32 20
32 41
33 12
33 33
34 20
34 29
35 5
35 18
36 6
36 42
37 18
37 41
38 28
38 42
39 28
39 36
40 29
40 35
41 8
41 13
42 7
42 9
43 30
43 31
44 19
44 24
45 14
45 19

# solution 215
# n=46 sym=rot4 status=verified source=flammenkamp_cache/n46_rot4.mvr
# code=mvr:0 27 0 30 1 10 1 30 2 6 2 22 3 23 3 39 4
0 27
0 30
1 10
1 30
2 6
2 22
3 23
3 39
4 19
4 20
5 28
5 32
6 3
6 43
7 12
7 31
8 24
8 32
9 10
9 19
10 36
10 44
11 17
11 21
12 14
12 38
13 5
13 8
14 7
14 33
15 0
15 1
16 20
16 27
17 5
17 34
18 0
18 16
19 36
19 41
20 29
20 41
21 8
21 34
22 3
22 43
23 2
23 42
24 11
24 37
25 4
25 16
26 4
26 9
27 29
27 45
28 11
28 40
29 18
29 25
30 44
30 45
31 12
31 38
32 37
32 40
33 7
33 31
34 24
34 28
35 1
35 9
36 26
36 35
37 13
37 21
38 14
38 33
39 2
39 42
40 13
40 17
41 25
41 26
42 6
42 22
43 23
43 39
44 15
44 35
45 15
45 18

# solution 216
# n=46 sym=rot4 status=verified source=flammenkamp_cache/n46_rot4.mvr
# code=mvr:0 17 0 18 1 22 1 25 2 29 2 30 3 26 3 34 
0 17
0 18
1 22
1 25
2 29
2 30
3 26
3 34
4 11
4 15
5 14
5 39
6 5
6 19
7 36
7 37
8 7
8 31
9 7
9 24
10 25
10 28
11 3
11 41
12 12
12 33
13 18
13 23
14 8
14 40
15 2
15 41
16 2
16 24
17 10
17 45
18 32
18 45
19 3
19 39
20 1
20 10
21 9
21 16
22 13
22 44
23 1
23 32
24 29
24 36
25 35
25 44
26 6
26 42
27 0
27 13
28 0
28 35
29 21
29 43
30 4
30 43
31 5
31 37
32 22
32 27
33 12
33 33
34 4
34 42
35 17
35 20
36 21
36 38
37 14
37 38
38 8
38 9
39 26
39 40
40 6
40 31
41 30
41 34
42 11
42 19
43 15
43 16
44 20
44 23
45 27
45 28

# solution 217
# n=46 sym=rot4 status=verified source=flammenkamp_cache/n46_rot4.mvr
# code=mvr:0 19 0 29 1 20 1 33 2 7 2 9 3 28 3 36 4 
0 19
0 29
1 20
1 33
2 7
2 9
3 28
3 36
4 18
4 39
5 5
5 40
6 4
6 14
7 20
7 43
8 15
8 28
9 3
9 43
10 32
10 34
11 10
11 23
12 1
12 21
13 10
13 15
14 27
14 39
15 32
15 37
16 0
16 21
17 3
17 8
18 14
18 41
19 23
19 45
20 38
20 44
21 29
21 33
22 11
22 19
23 26
23 34
24 12
24 16
25 1
25 7
26 0
26 22
27 4
27 31
28 37
28 42
29 24
29 45
30 8
30 13
31 6
31 18
32 30
32 35
33 24
33 44
34 22
34 35
35 11
35 13
36 2
36 42
37 17
37 30
38 2
38 25
39 31
39 41
40 5
40 40
41 6
41 27
42 9
42 17
43 36
43 38
44 12
44 25
45 16
45 26

# solution 218
# n=46 sym=rot4 status=verified source=flammenkamp_cache/n46_rot4.mvr
# code=mvr:0 7 0 24 1 19 1 39 2 15 2 29 3 25 3 32 4
0 7
0 24
1 19
1 39
2 15
2 29
3 25
3 32
4 25
4 37
5 10
5 24
6 1
6 12
7 15
7 45
8 4
8 23
9 26
9 28
10 32
10 40
11 23
11 31
12 18
12 39
13 3
13 10
14 11
14 18
15 38
15 43
16 2
16 17
17 9
17 29
18 31
18 33
19 9
19 44
20 3
20 4
21 0
21 5
22 8
22 11
23 34
23 37
24 40
24 45
25 41
25 42
26 1
26 36
27 12
27 14
28 16
28 36
29 28
29 43
30 2
30 7
31 27
31 34
32 35
32 42
33 6
33 27
34 14
34 22
35 5
35 13
36 17
36 19
37 22
37 41
38 0
38 30
39 33
39 44
40 21
40 35
41 8
41 20
42 13
42 20
43 16
43 30
44 6
44 26
45 21
45 38

# solution 219
# n=46 sym=rot4 status=verified source=flammenkamp_cache/n46_rot4.mvr
# code=mvr:0 18 0 24 1 31 1 34 2 13 2 22 3 19 3 28 
0 18
0 24
1 31
1 34
2 13
2 22
3 19
3 28
4 7
4 31
5 36
5 39
6 5
6 13
7 26
7 41
8 28
8 36
9 5
9 8
10 12
10 23
11 1
11 15
12 15
12 35
13 39
13 43
14 1
14 4
15 33
15 34
16 24
16 27
17 3
17 8
18 16
18 45
19 7
19 42
20 20
20 25
21 0
21 16
22 10
22 43
23 2
23 35
24 29
24 45
25 20
25 25
26 3
26 38
27 0
27 29
28 37
28 42
29 18
29 21
30 11
30 12
31 41
31 44
32 2
32 6
33 10
33 30
34 30
34 44
35 22
35 33
36 37
36 40
37 9
37 17
38 4
38 19
39 32
39 40
40 6
40 9
41 14
41 38
42 17
42 26
43 23
43 32
44 11
44 14
45 21
45 27

# solution 220
# n=46 sym=rot4 status=verified source=flammenkamp_cache/n46_rot4.mvr
# code=mvr:0 21 0 40 1 14 1 36 2 23 2 28 3 5 3 17 4
0 21
0 40
1 14
1 36
2 23
2 28
3 5
3 17
4 13
4 27
5 0
5 42
6 23
6 32
7 8
7 19
8 30
8 38
9 1
9 21
10 19
10 29
11 12
11 14
12 30
12 34
13 6
13 41
14 34
14 44
15 8
15 12
16 10
16 18
17 2
17 42
18 4
18 29
19 35
19 38
20 20
20 25
21 36
21 45
22 2
22 6
23 39
23 43
24 0
24 9
25 20
25 25
26 7
26 10
27 16
27 41
28 3
28 43
29 27
29 35
30 33
30 37
31 1
31 11
32 4
32 39
33 11
33 15
34 31
34 33
35 16
35 26
36 24
36 44
37 7
37 15
38 26
38 37
39 13
39 22
40 3
40 45
41 18
41 32
42 28
42 40
43 17
43 22
44 9
44 31
45 5
45 24

# solution 221
# n=46 sym=rot4 status=verified source=flammenkamp_cache/n46_rot4.mvr
# code=mvr:0 18 0 22 1 18 1 30 2 12 2 37 3 4 3 21 4
0 18
0 22
1 18
1 30
2 12
2 37
3 4
3 21
4 13
4 42
5 21
5 29
6 26
6 32
7 9
7 10
8 2
8 12
9 29
9 38
10 23
10 38
11 15
11 28
12 37
12 43
13 6
13 41
14 17
14 19
15 1
15 34
16 5
16 9
17 11
17 31
18 44
18 45
19 6
19 31
20 20
20 25
21 40
21 42
22 10
22 45
23 0
23 35
24 3
24 5
25 20
25 25
26 14
26 39
27 0
27 1
28 14
28 34
29 36
29 40
30 11
30 44
31 26
31 28
32 4
32 39
33 2
33 8
34 17
34 30
35 7
35 22
36 7
36 16
37 33
37 43
38 35
38 36
39 13
39 19
40 16
40 24
41 3
41 32
42 24
42 41
43 8
43 33
44 15
44 27
45 23
45 27

# solution 222
# n=46 sym=rot4 status=verified source=flammenkamp_cache/n46_rot4.mvr
# code=mvr:0 31 0 38 1 16 1 17 2 17 2 24 3 5 3 23 4
0 31
0 38
1 16
1 17
2 17
2 24
3 5
3 23
4 34
4 35
5 8
5 42
6 23
6 31
7 0
7 18
8 29
8 40
9 13
9 35
10 4
10 9
11 4
11 33
12 11
12 21
13 26
13 36
14 0
14 6
15 18
15 26
16 8
16 44
17 43
17 44
18 30
18 38
19 13
19 15
20 20
20 25
21 2
21 33
22 3
22 6
23 39
23 42
24 12
24 43
25 20
25 25
26 30
26 32
27 7
27 15
28 1
28 2
29 1
29 37
30 19
30 27
31 39
31 45
32 9
32 19
33 24
33 34
34 12
34 41
35 36
35 41
36 10
36 32
37 5
37 16
38 27
38 45
39 14
39 22
40 3
40 37
41 10
41 11
42 22
42 40
43 21
43 28
44 28
44 29
45 7
45 14

# solution 223
# n=46 sym=rot4 status=verified source=flammenkamp_cache/n46_rot4.mvr
# code=mvr:0 14 0 18 1 22 1 32 2 35 2 38 3 15 3 27 
0 14
0 18
1 22
1 32
2 35
2 38
3 15
3 27
4 28
4 40
5 4
5 20
6 6
6 39
7 2
7 33
8 17
8 29
9 20
9 35
10 2
10 9
11 15
11 21
12 7
12 26
13 1
13 29
14 24
14 45
15 34
15 42
16 8
16 13
17 4
17 37
18 3
18 45
19 12
19 23
20 36
20 40
21 14
21 34
22 19
22 44
23 1
23 26
24 11
24 31
25 5
25 9
26 22
26 33
27 0
27 42
28 8
28 41
29 32
29 37
30 3
30 11
31 0
31 21
32 16
32 44
33 19
33 38
34 24
34 30
35 36
35 43
36 10
36 25
37 16
37 28
38 12
38 43
39 6
39 39
40 25
40 41
41 5
41 17
42 18
42 30
43 7
43 10
44 13
44 23
45 27
45 31

# solution 224
# n=46 sym=rot4 status=verified source=flammenkamp_cache/n46_rot4.mvr
# code=mvr:0 15 0 26 1 23 1 31 2 12 2 18 3 28 3 36 
0 15
0 26
1 23
1 31
2 12
2 18
3 28
3 36
4 17
4 27
5 32
5 36
6 11
6 23
7 16
7 19
8 10
8 16
9 3
9 5
10 33
10 37
11 31
11 39
12 10
12 43
13 5
13 20
14 1
14 11
15 25
15 45
16 37
16 38
17 3
17 41
18 4
18 43
19 0
19 38
20 15
20 32
21 21
21 24
22 1
22 6
23 39
23 44
24 21
24 24
25 13
25 30
26 7
26 45
27 2
27 41
28 4
28 42
29 7
29 8
30 0
30 20
31 34
31 44
32 25
32 40
33 2
33 35
34 6
34 14
35 8
35 12
36 40
36 42
37 29
37 35
38 26
38 29
39 22
39 34
40 9
40 13
41 18
41 28
42 9
42 17
43 27
43 33
44 14
44 22
45 19
45 30

# solution 225
# n=46 sym=rot4 status=verified source=flammenkamp_cache/n46_rot4.mvr
# code=mvr:0 21 0 28 1 9 1 34 2 4 2 16 3 14 3 34 4 
0 21
0 28
1 9
1 34
2 4
2 16
3 14
3 34
4 10
4 43
5 21
5 35
6 22
6 26
7 26
7 37
8 7
8 15
9 23
9 44
10 5
10 41
11 1
11 3
12 15
12 18
13 28
13 31
14 13
14 42
15 33
15 37
16 20
16 43
17 0
17 13
18 20
18 33
19 6
19 7
20 27
20 29
21 40
21 45
22 9
22 39
23 6
23 36
24 0
24 5
25 16
25 18
26 38
26 39
27 12
27 25
28 32
28 45
29 2
29 25
30 8
30 12
31 3
31 32
32 14
32 17
33 27
33 30
34 42
34 44
35 4
35 40
36 1
36 22
37 30
37 38
38 8
38 19
39 19
39 23
40 10
40 24
41 2
41 35
42 11
42 31
43 29
43 41
44 11
44 36
45 17
45 24

# solution 226
# n=46 sym=rot4 status=verified source=flammenkamp_cache/n46_rot4.mvr
# code=mvr:0 14 0 26 1 12 1 28 2 8 2 20 3 10 3 11 4
0 14
0 26
1 12
1 28
2 8
2 20
3 10
3 11
4 31
4 39
5 23
5 27
6 4
6 34
7 21
7 27
8 13
8 43
9 10
9 21
10 36
10 42
11 6
11 42
12 13
12 44
13 33
13 37
14 4
14 45
15 15
15 30
16 20
16 23
17 1
17 19
18 5
18 7
19 0
19 28
20 29
20 43
21 36
21 38
22 5
22 16
23 29
23 40
24 7
24 9
25 2
25 16
26 17
26 45
27 38
27 40
28 26
28 44
29 22
29 25
30 15
30 30
31 0
31 41
32 8
32 12
33 1
33 32
34 3
34 39
35 3
35 9
36 24
36 35
37 2
37 32
38 18
38 24
39 11
39 41
40 18
40 22
41 6
41 14
42 34
42 35
43 25
43 37
44 17
44 33
45 19
45 31

# solution 227
# n=46 sym=rot4 status=verified source=flammenkamp_cache/n46_rot4.mvr
# code=mvr:0 16 0 42 1 2 1 22 2 34 2 44 3 0 3 17 4 
0 16
0 42
1 2
1 22
2 34
2 44
3 0
3 17
4 12
4 31
5 18
5 19
6 30
6 34
7 32
7 35
8 21
8 27
9 21
9 35
10 7
10 9
11 2
11 6
12 31
12 41
13 7
13 17
14 4
14 12
15 6
15 26
16 23
16 45
17 32
17 42
18 8
18 40
19 15
19 40
20 20
20 25
21 36
21 37
22 16
22 44
23 1
23 29
24 8
24 9
25 20
25 25
26 5
26 30
27 5
27 37
28 3
28 13
29 0
29 22
30 19
30 39
31 33
31 41
32 28
32 38
33 4
33 14
34 39
34 43
35 36
35 38
36 10
36 24
37 18
37 24
38 10
38 13
39 11
39 15
40 26
40 27
41 14
41 33
42 28
42 45
43 1
43 11
44 23
44 43
45 3
45 29

# solution 228
# n=46 sym=rot4 status=verified source=flammenkamp_cache/n46_rot4.mvr
# code=mvr:0 22 0 25 1 10 1 31 2 9 2 25 3 6 3 18 4 
0 22
0 25
1 10
1 31
2 9
2 25
3 6
3 18
4 29
4 35
5 23
5 32
6 26
6 42
7 17
7 37
8 7
8 9
9 37
9 43
10 4
10 44
11 26
11 32
12 14
12 16
13 5
13 11
14 1
14 33
15 18
15 21
16 4
16 33
17 21
17 38
18 30
18 42
19 6
19 11
20 0
20 2
21 28
21 30
22 5
22 45
23 0
23 40
24 15
24 17
25 43
25 45
26 34
26 39
27 3
27 15
28 7
28 24
29 12
29 41
30 24
30 27
31 12
31 44
32 34
32 40
33 29
33 31
34 13
34 19
35 1
35 41
36 2
36 8
37 36
37 38
38 8
38 28
39 3
39 19
40 13
40 22
41 10
41 16
42 27
42 39
43 20
43 36
44 14
44 35
45 20
45 23

# solution 229
# n=46 sym=rot4 status=verified source=flammenkamp_cache/n46_rot4.mvr
# code=mvr:0 18 0 25 1 10 1 14 2 13 2 33 3 18 3 25 
0 18
0 25
1 10
1 14
2 13
2 33
3 18
3 25
4 9
4 39
5 34
5 38
6 4
6 22
7 5
7 19
8 29
8 32
9 17
9 41
10 21
10 44
11 5
11 33
12 2
12 11
13 8
13 43
14 24
14 44
15 15
15 30
16 8
16 28
17 16
17 36
18 42
18 45
19 23
19 38
20 0
20 3
21 14
21 35
22 19
22 39
23 6
23 26
24 10
24 31
25 42
25 45
26 7
26 22
27 0
27 3
28 9
28 29
29 17
29 37
30 15
30 30
31 1
31 21
32 2
32 37
33 34
33 43
34 12
34 40
35 1
35 24
36 4
36 28
37 13
37 16
38 26
38 40
39 23
39 41
40 7
40 11
41 6
41 36
42 20
42 27
43 12
43 32
44 31
44 35
45 20
45 27

# solution 230
# n=46 sym=rot4 status=verified source=flammenkamp_cache/n46_rot4.mvr
# code=mvr:0 31 0 35 1 12 1 27 2 9 2 26 3 15 3 27 4
0 31
0 35
1 12
1 27
2 9
2 26
3 15
3 27
4 6
4 22
5 13
5 26
6 34
6 41
7 15
7 20
8 21
8 31
9 29
9 43
10 0
10 20
11 6
11 12
12 34
12 44
13 29
13 40
14 0
14 8
15 38
15 42
16 9
16 13
17 17
17 28
18 1
18 3
19 2
19 5
20 35
20 38
21 23
21 37
22 21
22 41
23 4
23 24
24 8
24 22
25 7
25 10
26 40
26 43
27 42
27 44
28 17
28 28
29 32
29 36
30 3
30 7
31 37
31 45
32 5
32 16
33 1
33 11
34 33
34 39
35 25
35 45
36 2
36 16
37 14
37 24
38 25
38 30
39 4
39 11
40 19
40 32
41 23
41 39
42 18
42 30
43 19
43 36
44 18
44 33
45 10
45 14

# solution 231
# n=46 sym=rot4 status=verified source=flammenkamp_cache/n46_rot4.mvr
# code=mvr:0 19 0 23 1 7 1 14 2 30 2 39 3 10 3 27 4
0 19
0 23
1 7
1 14
2 30
2 39
3 10
3 27
4 13
4 21
5 26
5 36
6 2
6 23
7 33
7 44
8 29
8 31
9 5
9 21
10 30
10 42
11 20
11 33
12 7
12 11
13 29
13 41
14 8
14 44
15 2
15 10
16 8
16 13
17 25
17 27
18 3
18 17
19 5
19 45
20 17
20 34
21 36
21 41
22 0
22 6
23 39
23 45
24 4
24 9
25 11
25 28
26 0
26 40
27 28
27 42
28 18
28 20
29 32
29 37
30 35
30 43
31 1
31 37
32 4
32 16
33 34
33 38
34 12
34 25
35 3
35 15
36 24
36 40
37 14
37 16
38 1
38 12
39 22
39 43
40 9
40 19
41 24
41 32
42 18
42 35
43 6
43 15
44 31
44 38
45 22
45 26

# solution 232
# n=46 sym=rot4 status=verified source=flammenkamp_cache/n46_rot4.mvr
# code=mvr:0 13 0 14 1 21 1 22 2 25 2 39 3 24 3 34 
0 13
0 14
1 21
1 22
2 25
2 39
3 24
3 34
4 12
4 30
5 5
5 40
6 2
6 30
7 34
7 37
8 7
8 27
9 12
9 16
10 16
10 19
11 3
11 7
12 36
12 41
13 25
13 45
14 26
14 45
15 4
15 6
16 35
16 36
17 18
17 23
18 8
18 28
19 14
19 35
20 2
20 13
21 3
21 44
22 17
22 44
23 1
23 28
24 1
24 42
25 32
25 43
26 10
26 31
27 17
27 37
28 22
28 27
29 9
29 10
30 39
30 41
31 0
31 19
32 0
32 20
33 4
33 9
34 38
34 42
35 26
35 29
36 29
36 33
37 18
37 38
38 8
38 11
39 15
39 43
40 5
40 40
41 15
41 33
42 11
42 21
43 6
43 20
44 23
44 24
45 31
45 32

# solution 233
# n=46 sym=rot4 status=verified source=flammenkamp_cache/n46_rot4.mvr
# code=mvr:0 34 0 35 1 29 1 39 2 18 2 21 3 9 3 28 4
0 34
0 35
1 29
1 39
2 18
2 21
3 9
3 28
4 18
4 22
5 31
5 34
6 1
6 13
7 23
7 35
8 16
8 20
9 26
9 42
10 0
10 7
11 0
11 5
12 12
12 33
13 14
13 39
14 5
14 32
15 17
15 19
16 1
16 37
17 3
17 30
18 41
18 43
19 9
19 30
20 21
20 37
21 25
21 43
22 7
22 41
23 4
23 38
24 2
24 20
25 8
25 24
26 15
26 36
27 2
27 4
28 15
28 42
29 8
29 44
30 26
30 28
31 13
31 40
32 6
32 31
33 12
33 33
34 40
34 45
35 38
35 45
36 3
36 19
37 25
37 29
38 10
38 22
39 32
39 44
40 11
40 14
41 23
41 27
42 17
42 36
43 24
43 27
44 6
44 16
45 10
45 11

# solution 234
# n=46 sym=rot4 status=verified source=flammenkamp_cache/n46_rot4.mvr
# code=mvr:0 3 0 30 1 23 1 30 2 18 2 25 3 21 3 45 4
0 3
0 30
1 23
1 30
2 18
2 25
3 21
3 45
4 13
4 37
5 9
5 16
6 26
6 31
7 21
7 27
8 4
8 9
9 37
9 40
10 11
10 12
11 17
11 35
12 14
12 35
13 20
13 41
14 6
14 33
15 0
15 1
16 26
16 40
17 23
17 34
18 7
18 43
19 6
19 16
20 2
20 32
21 38
21 42
22 1
22 17
23 28
23 44
24 3
24 7
25 13
25 43
26 29
26 39
27 2
27 38
28 11
28 22
29 5
29 19
30 44
30 45
31 12
31 39
32 4
32 25
33 10
33 31
34 10
34 28
35 33
35 34
36 5
36 8
37 36
37 41
38 18
38 24
39 14
39 19
40 29
40 36
41 8
41 32
42 0
42 24
43 20
43 27
44 15
44 22
45 15
45 42

# solution 235
# n=46 sym=rot4 status=verified source=flammenkamp_cache/n46_rot4.mvr
# code=mvr:0 27 0 28 1 19 1 37 2 7 2 14 3 15 3 20 4
0 27
0 28
1 19
1 37
2 7
2 14
3 15
3 20
4 20
4 35
5 5
5 40
6 15
6 29
7 27
7 43
8 1
8 34
9 22
9 34
10 4
10 14
11 8
11 9
12 13
12 28
13 21
13 33
14 35
14 43
15 39
15 42
16 6
16 19
17 0
17 12
18 0
18 7
19 29
19 44
20 41
20 42
21 23
21 32
22 21
22 36
23 9
23 24
24 13
24 22
25 3
25 4
26 1
26 16
27 38
27 45
28 33
28 45
29 26
29 39
30 3
30 6
31 2
31 10
32 12
32 24
33 17
33 32
34 36
34 37
35 31
35 41
36 11
36 23
37 11
37 44
38 2
38 18
39 16
39 30
40 5
40 40
41 10
41 25
42 25
42 30
43 31
43 38
44 8
44 26
45 17
45 18

# solution 236
# n=46 sym=rot4 status=verified source=flammenkamp_cache/n46_rot4.mvr
# code=mvr:0 12 0 23 1 29 1 31 2 16 2 36 3 13 3 17 
0 12
0 23
1 29
1 31
2 16
2 36
3 13
3 17
4 21
4 40
5 4
5 39
6 5
6 30
7 10
7 23
8 14
8 26
9 2
9 34
10 27
10 38
11 9
11 27
12 24
12 45
13 19
13 42
14 1
14 37
15 6
15 25
16 1
16 43
17 20
17 42
18 10
18 11
19 8
19 32
20 15
20 28
21 12
21 41
22 0
22 7
23 38
23 45
24 4
24 33
25 17
25 30
26 13
26 37
27 34
27 35
28 3
28 25
29 2
29 44
30 20
30 39
31 8
31 44
32 3
32 26
33 0
33 21
34 18
34 36
35 7
35 18
36 11
36 43
37 19
37 31
38 22
38 35
39 15
39 40
40 6
40 41
41 5
41 24
42 28
42 32
43 9
43 29
44 14
44 16
45 22
45 33

# solution 237
# n=46 sym=rot4 status=verified source=flammenkamp_cache/n46_rot4.mvr
# code=mvr:0 19 0 31 1 29 1 38 2 13 2 15 3 15 3 21 
0 19
0 31
1 29
1 38
2 13
2 15
3 15
3 21
4 12
4 14
5 5
5 40
6 27
6 35
7 1
7 22
8 18
8 21
9 10
9 16
10 6
10 36
11 20
11 28
12 13
12 41
13 33
13 43
14 0
14 41
15 42
15 43
16 1
16 36
17 11
17 26
18 6
18 37
19 17
19 45
20 23
20 34
21 37
21 42
22 20
22 38
23 7
23 25
24 3
24 8
25 11
25 22
26 0
26 28
27 8
27 39
28 19
28 34
29 9
29 44
30 2
30 3
31 4
31 45
32 2
32 12
33 4
33 32
34 17
34 25
35 9
35 39
36 29
36 35
37 24
37 27
38 23
38 44
39 10
39 18
40 5
40 40
41 31
41 33
42 24
42 30
43 30
43 32
44 7
44 16
45 14
45 26

# solution 238
# n=46 sym=rot4 status=verified source=flammenkamp_cache/n46_rot4.mvr
# code=mvr:0 25 0 31 1 17 1 23 2 31 2 33 3 12 3 13 
0 25
0 31
1 17
1 23
2 31
2 33
3 12
3 13
4 19
4 24
5 10
5 37
6 30
6 38
7 6
7 13
8 5
8 19
9 15
9 23
10 34
10 40
11 10
11 29
12 2
12 42
13 38
13 42
14 0
14 2
15 6
15 36
16 11
16 18
17 24
17 44
18 25
18 29
19 37
19 41
20 0
20 18
21 4
21 17
22 1
22 9
23 36
23 44
24 28
24 41
25 27
25 45
26 4
26 8
27 16
27 20
28 1
28 21
29 27
29 34
30 9
30 39
31 43
31 45
32 3
32 7
33 3
33 43
34 16
34 35
35 5
35 11
36 22
36 30
37 26
37 40
38 32
38 39
39 7
39 15
40 8
40 35
41 21
41 26
42 32
42 33
43 12
43 14
44 22
44 28
45 14
45 20

# solution 239
# n=46 sym=rot4 status=verified source=flammenkamp_cache/n46_rot4.mvr
# code=mvr:0 25 0 26 1 12 1 20 2 31 2 35 3 21 3 28 
0 25
0 26
1 12
1 20
2 31
2 35
3 21
3 28
4 31
4 38
5 9
5 11
6 18
6 38
7 4
7 6
8 21
8 30
9 35
9 40
10 2
10 9
11 19
11 40
12 30
12 44
13 22
13 28
14 2
14 4
15 8
15 12
16 18
16 23
17 3
17 13
18 29
18 39
19 0
19 34
20 0
20 44
21 37
21 42
22 16
22 32
23 13
23 29
24 3
24 8
25 1
25 45
26 11
26 45
27 6
27 16
28 32
28 42
29 22
29 27
30 33
30 37
31 41
31 43
32 17
32 23
33 1
33 15
34 5
34 26
35 36
35 43
36 5
36 10
37 15
37 24
38 39
38 41
39 7
39 27
40 34
40 36
41 7
41 14
42 17
42 24
43 10
43 14
44 25
44 33
45 19
45 20

# solution 240
# n=46 sym=rot4 status=verified source=flammenkamp_cache/n46_rot4.mvr
# code=mvr:0 17 0 31 1 8 1 22 2 21 2 29 3 12 3 39 4
0 17
0 31
1 8
1 22
2 21
2 29
3 12
3 39
4 30
4 35
5 23
5 30
6 3
6 19
7 12
7 13
8 35
8 44
9 21
9 25
10 4
10 8
11 13
11 31
12 38
12 42
13 34
13 38
14 0
14 11
15 4
15 5
16 2
16 20
17 27
17 45
18 17
18 26
19 18
19 39
20 9
20 29
21 36
21 43
22 5
22 44
23 1
23 40
24 2
24 9
25 16
25 36
26 6
26 27
27 19
27 28
28 0
28 18
29 25
29 43
30 40
30 41
31 34
31 45
32 7
32 11
33 3
33 7
34 14
34 32
35 37
35 41
36 20
36 24
37 1
37 10
38 32
38 33
39 26
39 42
40 15
40 22
41 10
41 15
42 6
42 33
43 16
43 24
44 23
44 37
45 14
45 28

# solution 241
# n=46 sym=rot4 status=verified source=flammenkamp_cache/n46_rot4.mvr
# code=mvr:0 20 0 33 1 19 1 20 2 15 2 24 3 27 3 31 
0 20
0 33
1 19
1 20
2 15
2 24
3 27
3 31
4 8
4 11
5 13
5 37
6 22
6 33
7 16
7 24
8 5
8 41
9 10
9 16
10 31
10 36
11 23
11 41
12 0
12 6
13 18
13 40
14 3
14 10
15 17
15 43
16 36
16 38
17 19
17 30
18 3
18 32
19 28
19 44
20 44
20 45
21 2
21 7
22 11
22 39
23 6
23 34
24 38
24 43
25 0
25 1
26 1
26 17
27 13
27 42
28 15
28 26
29 7
29 9
30 2
30 28
31 35
31 42
32 5
32 27
33 39
33 45
34 4
34 22
35 9
35 14
36 29
36 35
37 4
37 40
38 21
38 29
39 12
39 23
40 8
40 32
41 34
41 37
42 14
42 18
43 21
43 30
44 25
44 26
45 12
45 25

# solution 242
# n=46 sym=rot4 status=verified source=flammenkamp_cache/n46_rot4.mvr
# code=mvr:0 22 0 24 1 14 1 29 2 13 2 16 3 20 3 23 
0 22
0 24
1 14
1 29
2 13
2 16
3 20
3 23
4 9
4 35
5 6
5 30
6 33
6 40
7 24
7 30
8 26
8 34
9 17
9 41
10 4
10 31
11 8
11 27
12 6
12 13
13 33
13 43
14 10
14 44
15 5
15 7
16 1
16 43
17 19
17 36
18 11
18 20
19 8
19 28
20 27
20 42
21 0
21 7
22 3
22 45
23 0
23 42
24 38
24 45
25 3
25 18
26 17
26 37
27 25
27 34
28 9
28 26
29 2
29 44
30 38
30 40
31 1
31 35
32 2
32 12
33 32
33 39
34 18
34 37
35 14
35 41
36 4
36 28
37 11
37 19
38 15
38 21
39 5
39 12
40 15
40 39
41 10
41 36
42 22
42 25
43 29
43 32
44 16
44 31
45 21
45 23

# solution 243
# n=46 sym=rot4 status=verified source=flammenkamp_cache/n46_rot4.mvr
# code=mvr:0 12 0 29 1 14 1 20 2 13 2 34 3 21 3 37 
0 12
0 29
1 14
1 20
2 13
2 34
3 21
3 37
4 10
4 28
5 6
5 30
6 23
6 40
7 11
7 15
8 3
8 10
9 26
9 29
10 37
10 41
11 2
11 38
12 24
12 45
13 27
13 43
14 17
14 44
15 5
15 38
16 0
16 9
17 4
17 31
18 13
18 19
19 9
19 27
20 23
20 44
21 12
21 42
22 6
22 20
23 25
23 39
24 3
24 33
25 1
25 22
26 18
26 36
27 26
27 32
28 14
28 41
29 36
29 45
30 7
30 40
31 1
31 28
32 2
32 18
33 0
33 21
34 7
34 43
35 4
35 8
36 16
36 19
37 35
37 42
38 30
38 34
39 5
39 22
40 15
40 39
41 17
41 35
42 8
42 24
43 11
43 32
44 25
44 31
45 16
45 33

# solution 244
# n=46 sym=rot4 status=verified source=flammenkamp_cache/n46_rot4.mvr
# code=mvr:0 20 0 31 1 24 1 29 2 16 2 32 3 9 3 26 4
0 20
0 31
1 24
1 29
2 16
2 32
3 9
3 26
4 6
4 22
5 37
5 38
6 11
6 41
7 5
7 12
8 5
8 26
9 35
9 42
10 9
10 27
11 30
11 39
12 27
12 38
13 2
13 23
14 0
14 30
15 11
15 14
16 1
16 43
17 24
17 25
18 10
18 12
19 3
19 8
20 17
20 45
21 1
21 17
22 13
22 41
23 4
23 32
24 28
24 44
25 0
25 28
26 37
26 42
27 33
27 35
28 20
28 21
29 2
29 44
30 31
30 34
31 15
31 45
32 22
32 43
33 7
33 18
34 6
34 15
35 18
35 36
36 3
36 10
37 19
37 40
38 33
38 40
39 4
39 34
40 7
40 8
41 23
41 39
42 19
42 36
43 13
43 29
44 16
44 21
45 14
45 25

# solution 245
# n=46 sym=rot4 status=verified source=flammenkamp_cache/n46_rot4.mvr
# code=mvr:0 24 0 29 1 17 1 25 2 20 2 29 3 12 3 14 
0 24
0 29
1 17
1 25
2 20
2 29
3 12
3 14
4 23
4 24
5 10
5 37
6 7
6 31
7 13
7 39
8 5
8 34
9 19
9 23
10 30
10 40
11 8
11 13
12 27
12 42
13 34
13 38
14 6
14 42
15 10
15 17
16 0
16 2
17 30
17 44
18 12
18 19
19 27
19 36
20 1
20 43
21 0
21 4
22 4
22 9
23 36
23 41
24 41
24 45
25 2
25 44
26 9
26 18
27 26
27 33
28 1
28 15
29 43
29 45
30 28
30 35
31 3
31 39
32 7
32 11
33 3
33 18
34 32
34 37
35 5
35 15
36 22
36 26
37 11
37 40
38 6
38 32
39 14
39 38
40 8
40 35
41 21
41 22
42 31
42 33
43 16
43 25
44 20
44 28
45 16
45 21

# solution 246
# n=46 sym=rot4 status=verified source=flammenkamp_cache/n46_rot4.mvr
# code=mvr:0 17 0 35 1 24 1 26 2 27 2 33 3 9 3 14 4
0 17
0 35
1 24
1 26
2 27
2 33
3 9
3 14
4 5
4 15
5 23
5 41
6 25
6 33
7 29
7 34
8 11
8 16
9 24
9 42
10 0
10 13
11 7
11 37
12 2
12 6
13 20
13 35
14 27
14 42
15 23
15 41
16 7
16 37
17 19
17 45
18 2
18 14
19 1
19 28
20 6
20 32
21 1
21 9
22 5
22 15
23 30
23 40
24 36
24 44
25 13
25 39
26 17
26 44
27 31
27 43
28 0
28 26
29 8
29 38
30 4
30 22
31 3
31 18
32 10
32 25
33 39
33 43
34 8
34 38
35 32
35 45
36 3
36 21
37 29
37 34
38 11
38 16
39 12
39 20
40 4
40 22
41 30
41 40
42 31
42 36
43 12
43 18
44 19
44 21
45 10
45 28

# solution 247
# n=46 sym=rot4 status=verified source=flammenkamp_cache/n46_rot4.mvr
# code=mvr:0 21 0 33 1 17 1 26 2 23 2 38 3 25 3 27 
0 21
0 33
1 17
1 26
2 23
2 38
3 25
3 27
4 8
4 33
5 25
5 34
6 13
6 14
7 2
7 10
8 36
8 41
9 8
9 31
10 24
10 38
11 5
11 15
12 0
12 4
13 15
13 39
14 9
14 39
15 32
15 34
16 19
16 23
17 27
17 44
18 3
18 17
19 1
19 29
20 3
20 5
21 10
21 45
22 2
22 16
23 29
23 43
24 0
24 35
25 40
25 42
26 16
26 44
27 28
27 42
28 1
28 18
29 22
29 26
30 11
30 13
31 6
31 36
32 6
32 30
33 41
33 45
34 30
34 40
35 7
35 21
36 14
36 37
37 4
37 9
38 35
38 43
39 31
39 32
40 11
40 20
41 12
41 37
42 18
42 20
43 7
43 22
44 19
44 28
45 12
45 24

# solution 248
# n=46 sym=rot4 status=verified source=flammenkamp_cache/n46_rot4.mvr
# code=mvr:0 34 0 38 1 34 1 35 2 22 2 25 3 17 3 27 
0 34
0 38
1 34
1 35
2 22
2 25
3 17
3 27
4 13
4 21
5 12
5 30
6 8
6 38
7 0
7 6
8 25
8 39
9 14
9 21
10 1
10 29
11 0
11 1
12 14
12 40
13 29
13 41
14 33
14 36
15 5
15 19
16 10
16 13
17 23
17 42
18 3
18 26
19 18
19 30
20 2
20 8
21 36
21 41
22 17
22 43
23 2
23 28
24 4
24 9
25 37
25 43
26 15
26 27
27 19
27 42
28 3
28 22
29 32
29 35
30 26
30 40
31 9
31 12
32 4
32 16
33 5
33 31
34 44
34 45
35 16
35 44
36 24
36 31
37 6
37 20
38 39
38 45
39 7
39 37
40 15
40 33
41 24
41 32
42 18
42 28
43 20
43 23
44 10
44 11
45 7
45 11

# solution 249
# n=46 sym=rot4 status=verified source=flammenkamp_cache/n46_rot4.mvr
# code=mvr:0 26 0 39 1 23 1 24 2 13 2 16 3 14 3 15 
0 26
0 39
1 23
1 24
2 13
2 16
3 14
3 15
4 33
4 36
5 23
5 26
6 0
6 7
7 8
7 39
8 18
8 38
9 4
9 34
10 15
10 33
11 9
11 27
12 4
12 10
13 28
13 43
14 24
14 42
15 35
15 42
16 25
16 43
17 13
17 25
18 11
18 37
19 0
19 5
20 16
20 17
21 1
21 14
22 1
22 5
23 40
23 44
24 31
24 44
25 28
25 29
26 40
26 45
27 8
27 34
28 20
28 32
29 2
29 20
30 3
30 10
31 3
31 21
32 2
32 17
33 35
33 41
34 18
34 36
35 12
35 30
36 11
36 41
37 7
37 27
38 6
38 37
39 38
39 45
40 19
40 22
41 9
41 12
42 30
42 31
43 29
43 32
44 21
44 22
45 6
45 19

# solution 250
# n=46 sym=rot4 status=verified source=flammenkamp_cache/n46_rot4.mvr
# code=mvr:0 23 0 28 1 17 1 30 2 15 2 21 3 10 3 38 
0 23
0 28
1 17
1 30
2 15
2 21
3 10
3 38
4 35
4 40
5 4
5 21
6 9
6 16
7 3
7 31
8 26
8 34
9 23
9 39
10 4
10 42
11 8
11 13
12 18
12 32
13 12
13 34
14 7
14 19
15 1
15 43
16 27
16 39
17 0
17 44
18 16
18 33
19 8
19 31
20 20
20 25
21 40
21 43
22 0
22 9
23 36
23 45
24 2
24 5
25 20
25 25
26 14
26 37
27 12
27 29
28 1
28 45
29 6
29 18
30 2
30 44
31 26
31 38
32 11
32 33
33 13
33 27
34 32
34 37
35 3
35 41
36 6
36 22
37 11
37 19
38 14
38 42
39 29
39 36
40 24
40 41
41 5
41 10
42 7
42 35
43 24
43 30
44 15
44 28
45 17
45 22

# solution 251
# n=46 sym=rot4 status=verified source=flammenkamp_cache/n46_rot4.mvr
# code=mvr:0 20 0 23 1 24 1 28 2 5 2 32 3 27 3 31 4
0 20
0 23
1 24
1 28
2 5
2 32
3 27
3 31
4 12
4 13
5 27
5 43
6 10
6 33
7 8
7 14
8 20
8 38
9 11
9 28
10 19
10 39
11 24
11 36
12 6
12 41
13 2
13 41
14 3
14 38
15 15
15 30
16 19
16 23
17 1
17 9
18 3
18 5
19 29
19 35
20 37
20 45
21 1
21 11
22 0
22 16
23 29
23 45
24 34
24 44
25 0
25 8
26 10
26 16
27 40
27 42
28 36
28 44
29 22
29 26
30 15
30 30
31 7
31 42
32 4
32 43
33 4
33 39
34 9
34 21
35 6
35 26
36 17
36 34
37 7
37 25
38 31
38 37
39 12
39 35
40 2
40 18
41 32
41 33
42 14
42 18
43 13
43 40
44 17
44 21
45 22
45 25

# solution 252
# n=46 sym=rot4 status=verified source=flammenkamp_cache/n46_rot4.mvr
# code=mvr:0 26 0 31 1 8 1 18 2 7 2 15 3 11 3 20 4 
0 26
0 31
1 8
1 18
2 7
2 15
3 11
3 20
4 16
4 22
5 8
5 20
6 7
6 12
7 39
7 43
8 40
8 44
9 31
9 34
10 21
10 26
11 9
11 42
12 27
12 39
13 21
13 23
14 0
14 9
15 17
15 43
16 28
16 41
17 16
17 30
18 12
18 44
19 0
19 10
20 40
20 42
21 32
21 35
22 13
22 41
23 4
23 32
24 10
24 13
25 3
25 5
26 35
26 45
27 1
27 33
28 15
28 29
29 4
29 17
30 2
30 28
31 36
31 45
32 22
32 24
33 6
33 18
34 3
34 36
35 19
35 24
36 11
36 14
37 1
37 5
38 2
38 6
39 33
39 38
40 25
40 37
41 23
41 29
42 25
42 34
43 30
43 38
44 27
44 37
45 14
45 19

# solution 253
# n=46 sym=rot4 status=verified source=flammenkamp_cache/n46_rot4.mvr
# code=mvr:0 23 0 28 1 15 1 17 2 12 2 33 3 18 3 36 
0 23
0 28
1 15
1 17
2 12
2 33
3 18
3 36
4 11
4 23
5 6
5 20
6 30
6 40
7 18
7 36
8 14
8 16
9 3
9 7
10 14
10 26
11 29
11 41
12 2
12 43
13 24
13 25
14 35
14 37
15 6
15 44
16 11
16 37
17 0
17 44
18 38
18 42
19 10
19 21
20 13
20 40
21 13
21 26
22 0
22 4
23 41
23 45
24 19
24 32
25 5
25 32
26 24
26 35
27 3
27 7
28 1
28 45
29 8
29 34
30 1
30 39
31 8
31 10
32 20
32 21
33 2
33 43
34 4
34 16
35 19
35 31
36 38
36 42
37 29
37 31
38 9
38 27
39 5
39 15
40 25
40 39
41 22
41 34
42 9
42 27
43 12
43 33
44 28
44 30
45 17
45 22

# solution 254
# n=46 sym=rot4 status=verified source=flammenkamp_cache/n46_rot4.mvr
# code=mvr:0 25 0 29 1 10 1 37 2 18 2 30 3 4 3 25 4
0 25
0 29
1 10
1 37
2 18
2 30
3 4
3 25
4 28
4 42
5 7
5 23
6 12
6 16
7 11
7 40
8 1
8 14
9 12
9 35
10 9
10 44
11 26
11 38
12 36
12 39
13 18
13 28
14 19
14 37
15 2
15 23
16 0
16 39
17 4
17 13
18 32
18 43
19 11
19 31
20 0
20 3
21 21
21 24
22 5
22 15
23 30
23 40
24 21
24 24
25 42
25 45
26 14
26 34
27 2
27 13
28 32
28 41
29 6
29 45
30 22
30 43
31 8
31 26
32 17
32 27
33 6
33 9
34 7
34 19
35 1
35 36
36 10
36 33
37 31
37 44
38 5
38 34
39 29
39 33
40 22
40 38
41 3
41 17
42 20
42 41
43 15
43 27
44 8
44 35
45 16
45 20

# solution 255
# n=46 sym=rot4 status=verified source=flammenkamp_cache/n46_rot4.mvr
# code=mvr:0 20 0 24 1 21 1 35 2 14 2 32 3 12 3 26 
0 20
0 24
1 21
1 35
2 14
2 32
3 12
3 26
4 6
4 7
5 22
5 29
6 13
6 41
7 25
7 41
8 10
8 11
9 15
9 17
10 1
10 37
11 26
11 37
12 29
12 42
13 2
13 39
14 15
14 43
15 31
15 36
16 5
16 12
17 18
17 36
18 23
18 28
19 3
19 11
20 7
20 45
21 0
21 44
22 18
22 40
23 5
23 27
24 1
24 45
25 0
25 38
26 34
26 42
27 17
27 22
28 9
28 27
29 33
29 40
30 9
30 14
31 2
31 30
32 6
32 43
33 3
33 16
34 8
34 19
35 8
35 44
36 28
36 30
37 34
37 35
38 4
38 20
39 4
39 32
40 16
40 23
41 38
41 39
42 19
42 33
43 13
43 31
44 10
44 24
45 21
45 25

# solution 256
# n=46 sym=rot4 status=verified source=flammenkamp_cache/n46_rot4.mvr
# code=mvr:0 16 0 25 1 29 1 31 2 7 2 18 3 36 3 39 4
0 16
0 25
1 29
1 31
2 7
2 18
3 36
3 39
4 13
4 21
5 22
5 34
6 3
6 37
7 30
7 43
8 6
8 30
9 3
9 12
10 12
10 17
11 5
11 23
12 35
12 36
13 17
13 41
14 1
14 26
15 7
15 8
16 1
16 45
17 32
17 35
18 26
18 43
19 14
19 18
20 0
20 21
21 25
21 41
22 11
22 40
23 5
23 34
24 4
24 20
25 24
25 45
26 27
26 31
27 2
27 19
28 10
28 13
29 0
29 44
30 37
30 38
31 19
31 44
32 4
32 28
33 9
33 10
34 22
34 40
35 28
35 33
36 33
36 42
37 15
37 39
38 2
38 15
39 8
39 42
40 11
40 23
41 24
41 32
42 6
42 9
43 27
43 38
44 14
44 16
45 20
45 29

# solution 257
# n=46 sym=rot4 status=verified source=flammenkamp_cache/n46_rot4.mvr
# code=mvr:0 7 0 10 1 22 1 32 2 6 2 29 3 27 3 41 4 
0 7
0 10
1 22
1 32
2 6
2 29
3 27
3 41
4 3
4 28
5 5
5 40
6 11
6 43
7 23
7 45
8 20
8 34
9 19
9 27
10 28
10 45
11 8
11 39
12 31
12 32
13 1
13 12
14 12
14 20
15 21
15 26
16 2
16 21
17 4
17 10
18 3
18 9
19 15
19 36
20 31
20 37
21 29
21 30
22 7
22 44
23 1
23 38
24 15
24 16
25 8
25 14
26 9
26 30
27 36
27 42
28 35
28 41
29 24
29 43
30 19
30 24
31 25
31 33
32 33
32 44
33 13
33 14
34 6
34 37
35 0
35 17
36 18
36 26
37 11
37 25
38 0
38 22
39 2
39 34
40 5
40 40
41 17
41 42
42 4
42 18
43 16
43 39
44 13
44 23
45 35
45 38

# solution 258
# n=46 sym=rot4 status=verified source=flammenkamp_cache/n46_rot4.mvr
# code=mvr:0 23 0 24 1 30 1 33 2 17 2 34 3 15 3 31 
0 23
0 24
1 30
1 33
2 17
2 34
3 15
3 31
4 38
4 39
5 20
5 36
6 4
6 14
7 4
7 20
8 18
8 34
9 5
9 29
10 23
10 28
11 2
11 8
12 1
12 16
13 13
13 32
14 3
14 39
15 1
15 42
16 9
16 33
17 10
17 43
18 19
18 37
19 21
19 27
20 38
20 40
21 0
21 26
22 0
22 10
23 35
23 45
24 19
24 45
25 5
25 7
26 18
26 24
27 8
27 26
28 2
28 35
29 12
29 36
30 3
30 44
31 6
31 42
32 13
32 32
33 29
33 44
34 37
34 43
35 17
35 22
36 16
36 40
37 11
37 27
38 25
38 41
39 31
39 41
40 9
40 25
41 6
41 7
42 14
42 30
43 11
43 28
44 12
44 15
45 21
45 22

# solution 259
# n=46 sym=rot4 status=verified source=flammenkamp_cache/n46_rot4.mvr
# code=mvr:0 16 0 31 1 17 1 18 2 35 2 37 3 24 3 35 
0 16
0 31
1 17
1 18
2 35
2 37
3 24
3 35
4 14
4 22
5 33
5 39
6 5
6 30
7 19
7 37
8 2
8 7
9 13
9 33
10 2
10 3
11 20
11 23
12 5
12 9
13 17
13 36
14 0
14 41
15 6
15 20
16 27
16 45
17 32
17 44
18 16
18 44
19 24
19 38
20 30
20 34
21 3
21 19
22 11
22 41
23 4
23 34
24 26
24 42
25 11
25 15
26 7
26 21
27 1
27 29
28 1
28 13
29 0
29 18
30 25
30 39
31 4
31 45
32 9
32 28
33 36
33 40
34 22
34 25
35 42
35 43
36 12
36 32
37 38
37 43
38 8
38 26
39 15
39 40
40 6
40 12
41 23
41 31
42 10
42 21
43 8
43 10
44 27
44 28
45 14
45 29

# solution 260
# n=46 sym=rot4 status=verified source=flammenkamp_cache/n46_rot4.mvr
# code=mvr:0 16 0 31 1 17 1 18 2 35 2 37 3 24 3 35 
0 16
0 31
1 17
1 18
2 35
2 37
3 24
3 35
4 14
4 22
5 6
5 33
6 30
6 40
7 19
7 37
8 2
8 7
9 13
9 33
10 2
10 3
11 20
11 23
12 5
12 9
13 17
13 36
14 0
14 41
15 6
15 20
16 27
16 45
17 32
17 44
18 16
18 44
19 24
19 38
20 30
20 34
21 3
21 19
22 11
22 41
23 4
23 34
24 26
24 42
25 11
25 15
26 7
26 21
27 1
27 29
28 1
28 13
29 0
29 18
30 25
30 39
31 4
31 45
32 9
32 28
33 36
33 40
34 22
34 25
35 42
35 43
36 12
36 32
37 38
37 43
38 8
38 26
39 5
39 15
40 12
40 39
41 23
41 31
42 10
42 21
43 8
43 10
44 27
44 28
45 14
45 29

# solution 261
# n=46 sym=rot4 status=verified source=flammenkamp_cache/n46_rot4.mvr
# code=mvr:0 0 0 45 1 20 1 28 2 17 2 30 3 22 3 24 4
0 0
0 45
1 20
1 28
2 17
2 30
3 22
3 24
4 10
4 24
5 13
5 33
6 7
6 14
7 29
7 39
8 19
8 23
9 33
9 35
10 9
10 41
11 18
11 32
12 5
12 9
13 11
13 40
14 27
14 39
15 2
15 20
16 7
16 26
17 1
17 43
18 14
18 34
19 16
19 37
20 30
20 44
21 3
21 4
22 8
22 42
23 3
23 37
24 41
24 42
25 1
25 15
26 8
26 29
27 11
27 31
28 2
28 44
29 19
29 38
30 25
30 43
31 6
31 18
32 5
32 34
33 36
33 40
34 13
34 27
35 4
35 36
36 10
36 12
37 22
37 26
38 6
38 16
39 31
39 38
40 12
40 32
41 21
41 35
42 21
42 23
43 15
43 28
44 17
44 25
45 0
45 45

# solution 262
# n=46 sym=rot4 status=verified source=flammenkamp_cache/n46_rot4.mvr
# code=mvr:0 28 0 33 1 19 1 28 2 4 2 11 3 16 3 36 4
0 28
0 33
1 19
1 28
2 4
2 11
3 16
3 36
4 7
4 43
5 23
5 32
6 15
6 20
7 27
7 41
8 32
8 36
9 3
9 8
10 12
10 15
11 23
11 43
12 0
12 35
13 5
13 8
14 18
14 24
15 35
15 39
16 19
16 42
17 0
17 1
18 7
18 31
19 29
19 44
20 24
20 39
21 14
21 20
22 5
22 11
23 34
23 40
24 25
24 31
25 6
25 21
26 1
26 16
27 14
27 38
28 44
28 45
29 3
29 26
30 6
30 10
31 21
31 27
32 37
32 40
33 10
33 45
34 2
34 22
35 30
35 33
36 37
36 42
37 9
37 13
38 4
38 18
39 25
39 30
40 13
40 22
41 2
41 38
42 9
42 29
43 34
43 41
44 17
44 26
45 12
45 17

# solution 263
# n=46 sym=rot4 status=verified source=flammenkamp_cache/n46_rot4.mvr
# code=mvr:0 16 0 23 1 17 1 25 2 12 2 35 3 14 3 24 
0 16
0 23
1 17
1 25
2 12
2 35
3 14
3 24
4 6
4 34
5 20
5 26
6 36
6 41
7 32
7 34
8 13
8 18
9 6
9 31
10 2
10 23
11 4
11 7
12 15
12 43
13 7
13 37
14 9
14 42
15 29
15 33
16 15
16 45
17 24
17 44
18 19
18 37
19 5
19 27
20 1
20 40
21 3
21 17
22 0
22 10
23 35
23 45
24 28
24 42
25 5
25 44
26 18
26 40
27 8
27 26
28 1
28 21
29 0
29 30
30 12
30 16
31 3
31 36
32 8
32 38
33 2
33 30
34 38
34 41
35 22
35 43
36 14
36 39
37 27
37 32
38 11
38 13
39 4
39 9
40 19
40 25
41 11
41 39
42 21
42 31
43 10
43 33
44 20
44 28
45 22
45 29

# solution 264
# n=46 sym=rot4 status=verified source=flammenkamp_cache/n46_rot4.mvr
# code=mvr:0 24 0 32 1 16 1 34 2 13 2 14 3 11 3 33 
0 24
0 32
1 16
1 34
2 13
2 14
3 11
3 33
4 25
4 30
5 14
5 23
6 7
6 8
7 25
7 39
8 35
8 39
9 16
9 19
10 8
10 15
11 1
11 42
12 3
12 18
13 0
13 43
14 40
14 43
15 4
15 35
16 36
16 44
17 21
17 23
18 26
18 33
19 18
19 36
20 4
20 7
21 0
21 28
22 5
22 17
23 28
23 40
24 17
24 45
25 38
25 41
26 9
26 27
27 12
27 19
28 22
28 24
29 1
29 9
30 10
30 41
31 2
31 5
32 2
32 45
33 27
33 42
34 3
34 44
35 30
35 37
36 26
36 29
37 6
37 10
38 6
38 20
39 37
39 38
40 22
40 31
41 15
41 20
42 12
42 34
43 31
43 32
44 11
44 29
45 13
45 21

# solution 265
# n=46 sym=rot4 status=verified source=flammenkamp_cache/n46_rot4.mvr
# code=mvr:0 15 0 29 1 23 1 35 2 24 2 38 3 9 3 26 4
0 15
0 29
1 23
1 35
2 24
2 38
3 9
3 26
4 9
4 18
5 6
5 16
6 31
6 40
7 2
7 25
8 18
8 20
9 41
9 42
10 1
10 31
11 26
11 28
12 13
12 15
13 23
13 33
14 6
14 10
15 33
15 45
16 0
16 40
17 11
17 21
18 37
18 41
19 3
19 11
20 7
20 37
21 2
21 28
22 1
22 13
23 32
23 44
24 17
24 43
25 8
25 38
26 34
26 42
27 4
27 8
28 24
28 34
29 5
29 45
30 0
30 12
31 35
31 39
32 12
32 22
33 30
33 32
34 17
34 19
35 14
35 44
36 3
36 4
37 25
37 27
38 20
38 43
39 5
39 14
40 29
40 39
41 27
41 36
42 19
42 36
43 7
43 21
44 10
44 22
45 16
45 30

# solution 266
# n=46 sym=rot4 status=verified source=flammenkamp_cache/n46_rot4.mvr
# code=mvr:0 23 0 28 1 19 1 41 2 7 2 42 3 2 3 15 4 
0 23
0 28
1 19
1 41
2 7
2 42
3 2
3 15
4 1
4 12
5 25
5 33
6 18
6 25
7 13
7 43
8 29
8 31
9 14
9 18
10 21
10 34
11 10
11 30
12 5
12 41
13 23
13 38
14 8
14 36
15 11
15 42
16 8
16 19
17 0
17 24
18 36
18 39
19 29
19 44
20 5
20 6
21 17
21 35
22 0
22 13
23 32
23 45
24 10
24 28
25 39
25 40
26 1
26 16
27 6
27 9
28 21
28 45
29 26
29 37
30 3
30 34
31 9
31 37
32 7
32 22
33 4
33 40
34 15
34 35
35 11
35 24
36 27
36 31
37 14
37 16
38 2
38 32
39 20
39 27
40 12
40 20
41 33
41 44
42 30
42 43
43 3
43 38
44 4
44 26
45 17
45 22

# solution 267
# n=46 sym=rot4 status=verified source=flammenkamp_cache/n46_rot4.mvr
# code=mvr:0 30 0 32 1 23 1 27 2 6 2 20 3 19 3 37 4
0 30
0 32
1 23
1 27
2 6
2 20
3 19
3 37
4 11
4 29
5 14
5 24
6 27
6 43
7 7
7 38
8 3
8 35
9 11
9 23
10 8
10 28
11 36
11 41
12 29
12 32
13 0
13 12
14 28
14 40
15 0
15 24
16 4
16 12
17 10
17 14
18 1
18 6
19 25
19 42
20 19
20 43
21 5
21 15
22 1
22 9
23 36
23 44
24 30
24 40
25 2
25 26
26 3
26 20
27 39
27 44
28 31
28 35
29 33
29 41
30 21
30 45
31 5
31 17
32 33
32 45
33 13
33 16
34 4
34 9
35 17
35 37
36 22
36 34
37 10
37 42
38 7
38 38
39 2
39 18
40 21
40 31
41 16
41 34
42 8
42 26
43 25
43 39
44 18
44 22
45 13
45 15

# solution 268
# n=46 sym=rot4 status=verified source=flammenkamp_cache/n46_rot4.mvr
# code=mvr:0 12 0 38 1 26 1 36 2 17 2 18 3 5 3 23 4
0 12
0 38
1 26
1 36
2 17
2 18
3 5
3 23
4 10
4 11
5 18
5 42
6 11
6 35
7 0
7 37
8 7
8 16
9 1
9 23
10 6
10 41
11 39
11 41
12 24
12 45
13 14
13 29
14 17
14 32
15 24
15 26
16 13
16 37
17 31
17 43
18 40
18 43
19 1
19 15
20 20
20 25
21 12
21 15
22 3
22 9
23 36
23 42
24 30
24 33
25 20
25 25
26 30
26 44
27 2
27 5
28 2
28 14
29 8
29 32
30 19
30 21
31 13
31 28
32 16
32 31
33 0
33 21
34 4
34 6
35 4
35 39
36 22
36 44
37 29
37 38
38 8
38 45
39 10
39 34
40 3
40 27
41 34
41 35
42 22
42 40
43 27
43 28
44 9
44 19
45 7
45 33

# solution 269
# n=46 sym=rot4 status=verified source=flammenkamp_cache/n46_rot4.mvr
# code=mvr:0 6 0 21 1 15 1 33 2 8 2 17 3 25 3 26 4 
0 6
0 21
1 15
1 33
2 8
2 17
3 25
3 26
4 23
4 29
5 7
5 9
6 27
6 45
7 30
7 40
8 9
8 43
9 37
9 40
10 13
10 24
11 16
11 18
12 1
12 25
13 23
13 35
14 14
14 31
15 7
15 44
16 4
16 34
17 26
17 43
18 6
18 34
19 3
19 17
20 3
20 12
21 10
21 45
22 4
22 13
23 32
23 41
24 0
24 35
25 33
25 42
26 28
26 42
27 11
27 39
28 2
28 19
29 11
29 41
30 1
30 38
31 14
31 31
32 10
32 22
33 20
33 44
34 27
34 29
35 21
35 32
36 5
36 8
37 2
37 36
38 5
38 15
39 0
39 18
40 36
40 38
41 16
41 22
42 19
42 20
43 28
43 37
44 12
44 30
45 24
45 39

# solution 270
# n=46 sym=rot4 status=verified source=flammenkamp_cache/n46_rot4.mvr
# code=mvr:0 16 0 19 1 10 1 32 2 7 2 27 3 23 3 33 4
0 16
0 19
1 10
1 32
2 7
2 27
3 23
3 33
4 14
4 27
5 11
5 20
6 33
6 37
7 37
7 43
8 6
8 7
9 19
9 24
10 14
10 44
11 32
11 40
12 3
12 6
13 1
13 11
14 35
14 41
15 23
15 29
16 15
16 45
17 20
17 21
18 2
18 4
19 36
19 45
20 28
20 40
21 9
21 28
22 3
22 15
23 30
23 42
24 17
24 36
25 5
25 17
26 0
26 9
27 41
27 43
28 24
28 25
29 0
29 30
30 16
30 22
31 4
31 10
32 34
32 44
33 39
33 42
34 5
34 13
35 1
35 31
36 21
36 26
37 38
37 39
38 2
38 8
39 8
39 12
40 25
40 34
41 18
41 31
42 12
42 22
43 18
43 38
44 13
44 35
45 26
45 29

# solution 271
# n=46 sym=rot4 status=verified source=flammenkamp_cache/n46_rot4.mvr
# code=mvr:0 11 0 25 1 13 1 20 2 19 2 28 3 29 3 33 
0 11
0 25
1 13
1 20
2 19
2 28
3 29
3 33
4 7
4 8
5 17
5 23
6 12
6 31
7 18
7 41
8 10
8 41
9 15
9 23
10 19
10 37
11 30
11 45
12 3
12 39
13 18
13 44
14 6
14 24
15 11
15 36
16 3
16 24
17 2
17 40
18 32
18 38
19 35
19 43
20 0
20 44
21 14
21 16
22 5
22 9
23 36
23 40
24 29
24 31
25 1
25 45
26 2
26 10
27 7
27 13
28 5
28 43
29 21
29 42
30 9
30 34
31 21
31 39
32 1
32 27
33 6
33 42
34 0
34 15
35 8
35 26
36 22
36 30
37 4
37 35
38 4
38 27
39 14
39 33
40 22
40 28
41 37
41 38
42 12
42 16
43 17
43 26
44 25
44 32
45 20
45 34

# solution 272
# n=46 sym=rot4 status=verified source=flammenkamp_cache/n46_rot4.mvr
# code=mvr:0 19 0 20 1 17 1 27 2 30 2 31 3 7 3 34 4
0 19
0 20
1 17
1 27
2 30
2 31
3 7
3 34
4 12
4 16
5 20
5 29
6 36
6 37
7 37
7 42
8 6
8 7
9 6
9 22
10 28
10 34
11 3
11 10
12 30
12 41
13 18
13 23
14 2
14 24
15 2
15 12
16 5
16 41
17 10
17 44
18 1
18 32
19 24
19 45
20 40
20 45
21 14
21 19
22 13
22 36
23 9
23 32
24 26
24 31
25 0
25 5
26 0
26 21
27 13
27 44
28 1
28 35
29 4
29 40
30 33
30 43
31 21
31 43
32 22
32 27
33 4
33 15
34 35
34 42
35 11
35 17
36 23
36 39
37 38
37 39
38 3
38 8
39 8
39 9
40 16
40 25
41 29
41 33
42 11
42 38
43 14
43 15
44 18
44 28
45 25
45 26

# solution 273
# n=46 sym=rot4 status=verified source=flammenkamp_cache/n46_rot4.mvr
# code=mvr:0 13 0 20 1 12 1 23 2 17 2 41 3 17 3 34 
0 13
0 20
1 12
1 23
2 17
2 41
3 17
3 34
4 2
4 35
5 5
5 40
6 15
6 27
7 8
7 37
8 7
8 38
9 18
9 29
10 4
10 24
11 3
11 29
12 20
12 44
13 15
13 45
14 19
14 24
15 32
15 39
16 9
16 11
17 42
17 43
18 6
18 36
19 23
19 31
20 33
20 45
21 10
21 14
22 1
22 19
23 26
23 44
24 31
24 35
25 0
25 12
26 14
26 22
27 9
27 39
28 2
28 3
29 34
29 36
30 6
30 13
31 21
31 26
32 0
32 30
33 1
33 25
34 16
34 42
35 21
35 41
36 16
36 27
37 7
37 38
38 8
38 37
39 18
39 30
40 5
40 40
41 10
41 43
42 11
42 28
43 4
43 28
44 22
44 33
45 25
45 32

# solution 274
# n=46 sym=rot4 status=verified source=flammenkamp_cache/n46_rot4.mvr
# code=mvr:0 14 0 21 1 16 1 19 2 8 2 20 3 4 3 30 4 
0 14
0 21
1 16
1 19
2 8
2 20
3 4
3 30
4 35
4 42
5 26
5 35
6 7
6 34
7 16
7 39
8 24
8 43
9 13
9 17
10 4
10 5
11 6
11 27
12 14
12 23
13 23
13 36
14 33
14 45
15 3
15 27
16 38
16 44
17 20
17 36
18 11
18 15
19 5
19 44
20 28
20 43
21 8
21 45
22 12
22 13
23 32
23 33
24 0
24 37
25 2
25 17
26 1
26 40
27 30
27 34
28 9
28 25
29 1
29 7
30 18
30 42
31 0
31 12
32 9
32 22
33 22
33 31
34 18
34 39
35 40
35 41
36 28
36 32
37 2
37 21
38 6
38 29
39 11
39 38
40 10
40 19
41 3
41 10
42 15
42 41
43 25
43 37
44 26
44 29
45 24
45 31

# solution 275
# n=46 sym=rot4 status=verified source=flammenkamp_cache/n46_rot4.mvr
# code=mvr:0 21 0 31 1 16 1 19 2 8 2 20 3 4 3 30 4 
0 21
0 31
1 16
1 19
2 8
2 20
3 4
3 30
4 35
4 42
5 26
5 35
6 7
6 34
7 16
7 39
8 24
8 43
9 13
9 17
10 4
10 5
11 6
11 27
12 14
12 23
13 23
13 36
14 0
14 33
15 3
15 27
16 38
16 44
17 20
17 36
18 11
18 15
19 5
19 44
20 28
20 43
21 8
21 45
22 12
22 13
23 32
23 33
24 0
24 37
25 2
25 17
26 1
26 40
27 30
27 34
28 9
28 25
29 1
29 7
30 18
30 42
31 12
31 45
32 9
32 22
33 22
33 31
34 18
34 39
35 40
35 41
36 28
36 32
37 2
37 21
38 6
38 29
39 11
39 38
40 10
40 19
41 3
41 10
42 15
42 41
43 25
43 37
44 26
44 29
45 14
45 24

# solution 276
# n=46 sym=rot4 status=verified source=flammenkamp_cache/n46_rot4.mvr
# code=mvr:0 16 0 20 1 13 1 38 2 24 2 26 3 23 3 30 
0 16
0 20
1 13
1 38
2 24
2 26
3 23
3 30
4 30
4 37
5 13
5 39
6 5
6 9
7 1
7 37
8 4
8 7
9 23
9 39
10 28
10 31
11 19
11 24
12 12
12 33
13 40
13 44
14 10
14 28
15 3
15 4
16 18
16 45
17 10
17 14
18 20
18 29
19 2
19 34
20 27
20 45
21 2
21 11
22 3
22 9
23 36
23 42
24 34
24 43
25 0
25 18
26 11
26 43
27 16
27 25
28 31
28 35
29 0
29 27
30 41
30 42
31 17
31 35
32 1
32 5
33 12
33 33
34 21
34 26
35 14
35 17
36 6
36 22
37 38
37 41
38 8
38 44
39 36
39 40
40 6
40 32
41 8
41 15
42 15
42 22
43 19
43 21
44 7
44 32
45 25
45 29

# solution 277
# n=46 sym=rot4 status=verified source=flammenkamp_cache/n46_rot4.mvr
# code=mvr:0 5 0 31 1 12 1 17 2 23 2 26 3 4 3 36 4 
0 5
0 31
1 12
1 17
2 23
2 26
3 4
3 36
4 16
4 42
5 35
5 45
6 24
6 30
7 8
7 18
8 33
8 38
9 3
9 17
10 5
10 18
11 25
11 30
12 8
12 44
13 26
13 29
14 0
14 21
15 6
15 11
16 13
16 41
17 36
17 44
18 35
18 38
19 2
19 13
20 11
20 23
21 6
21 31
22 2
22 20
23 25
23 43
24 14
24 39
25 22
25 34
26 32
26 43
27 7
27 10
28 1
28 9
29 4
29 32
30 34
30 39
31 24
31 45
32 16
32 19
33 1
33 37
34 15
34 20
35 27
35 40
36 28
36 42
37 7
37 12
38 27
38 37
39 15
39 21
40 0
40 10
41 3
41 29
42 9
42 41
43 19
43 22
44 28
44 33
45 14
45 40

# solution 278
# n=46 sym=rot4 status=verified source=flammenkamp_cache/n46_rot4.mvr
# code=mvr:0 12 0 26 1 21 1 35 2 3 2 8 3 15 3 43 4 
0 12
0 26
1 21
1 35
2 3
2 8
3 15
3 43
4 19
4 32
5 30
5 36
6 16
6 22
7 21
7 27
8 11
8 43
9 5
9 14
10 1
10 11
11 35
11 37
12 14
12 45
13 4
13 28
14 33
14 36
15 5
15 42
16 23
16 39
17 13
17 20
18 7
18 25
19 0
19 41
20 18
20 28
21 38
21 44
22 16
22 39
23 6
23 29
24 1
24 7
25 17
25 27
26 4
26 45
27 20
27 38
28 25
28 32
29 6
29 22
30 3
30 40
31 9
31 12
32 17
32 41
33 0
33 31
34 8
34 10
35 34
35 44
36 31
36 40
37 2
37 34
38 18
38 24
39 23
39 29
40 9
40 15
41 13
41 26
42 2
42 30
43 37
43 42
44 10
44 24
45 19
45 33

# solution 279
# n=46 sym=rot4 status=verified source=flammenkamp_cache/n46_rot4.mvr
# code=mvr:0 21 0 31 1 10 1 31 2 15 2 20 3 5 3 19 4
0 21
0 31
1 10
1 31
2 15
2 20
3 5
3 19
4 6
4 29
5 10
5 42
6 23
6 41
7 32
7 34
8 11
8 18
9 16
9 17
10 40
10 44
11 7
11 37
12 12
12 33
13 7
13 20
14 0
14 1
15 24
15 43
16 4
16 36
17 27
17 36
18 17
18 37
19 23
19 42
20 32
20 43
21 15
21 45
22 6
22 19
23 26
23 39
24 0
24 30
25 2
25 13
26 3
26 22
27 8
27 28
28 9
28 18
29 9
29 41
30 2
30 21
31 44
31 45
32 25
32 38
33 12
33 33
34 8
34 38
35 1
35 5
36 28
36 29
37 27
37 34
38 11
38 13
39 4
39 22
40 3
40 35
41 16
41 39
42 26
42 40
43 25
43 30
44 14
44 35
45 14
45 24

# solution 280
# n=46 sym=rot4 status=verified source=flammenkamp_cache/n46_rot4.mvr
# code=mvr:0 14 0 35 1 17 1 25 2 32 2 42 3 2 3 10 4
0 14
0 35
1 17
1 25
2 32
2 42
3 2
3 10
4 20
4 37
5 5
5 40
6 24
6 27
7 19
7 30
8 4
8 22
9 31
9 34
10 0
10 42
11 9
11 16
12 16
12 23
13 2
13 26
14 9
14 45
15 7
15 28
16 33
16 34
17 15
17 44
18 6
18 24
19 13
19 38
20 1
20 41
21 6
21 18
22 12
22 37
23 8
23 33
24 27
24 39
25 4
25 44
26 7
26 32
27 21
27 39
28 1
28 30
29 11
29 12
30 17
30 38
31 0
31 36
32 19
32 43
33 22
33 29
34 29
34 36
35 3
35 45
36 11
36 14
37 23
37 41
38 15
38 26
39 18
39 21
40 5
40 40
41 8
41 25
42 35
42 43
43 3
43 13
44 20
44 28
45 10
45 31

# solution 281
# n=46 sym=rot4 status=verified source=flammenkamp_cache/n46_rot4.mvr
# code=mvr:0 25 0 26 1 17 1 34 2 14 2 23 3 20 3 30 
0 25
0 26
1 17
1 34
2 14
2 23
3 20
3 30
4 12
4 27
5 12
5 38
6 29
6 36
7 5
7 10
8 13
8 21
9 6
9 23
10 14
10 38
11 1
11 29
12 40
12 41
13 30
13 37
14 35
14 43
15 3
15 13
16 6
16 11
17 24
17 44
18 4
18 19
19 0
19 27
20 0
20 42
21 17
21 37
22 2
22 9
23 36
23 43
24 8
24 28
25 3
25 45
26 18
26 45
27 26
27 41
28 1
28 21
29 34
29 39
30 32
30 42
31 2
31 10
32 8
32 15
33 4
33 5
34 16
34 44
35 7
35 31
36 22
36 39
37 24
37 32
38 35
38 40
39 9
39 16
40 7
40 33
41 18
41 33
42 15
42 25
43 22
43 31
44 11
44 28
45 19
45 20

# solution 282
# n=46 sym=rot4 status=verified source=flammenkamp_cache/n46_rot4.mvr
# code=mvr:0 20 0 24 1 17 1 26 2 6 2 30 3 12 3 36 4
0 20
0 24
1 17
1 26
2 6
2 30
3 12
3 36
4 14
4 19
5 37
5 38
6 13
6 43
7 5
7 33
8 5
8 25
9 3
9 18
10 32
10 34
11 10
11 24
12 7
12 42
13 10
13 39
14 29
14 41
15 2
15 22
16 14
16 17
17 29
17 44
18 23
18 36
19 1
19 41
20 8
20 45
21 0
21 11
22 18
22 30
23 15
23 27
24 34
24 45
25 0
25 37
26 4
26 44
27 9
27 22
28 1
28 16
29 28
29 31
30 23
30 43
31 4
31 16
32 6
32 35
33 3
33 38
34 21
34 35
35 11
35 13
36 27
36 42
37 20
37 40
38 12
38 40
39 2
39 32
40 7
40 8
41 26
41 31
42 9
42 33
43 15
43 39
44 19
44 28
45 21
45 25

# solution 283
# n=46 sym=rot4 status=verified source=flammenkamp_cache/n46_rot4.mvr
# code=mvr:0 12 0 24 1 15 1 28 2 33 2 36 3 23 3 24 
0 12
0 24
1 15
1 28
2 33
2 36
3 23
3 24
4 6
4 18
5 11
5 14
6 26
6 41
7 15
7 35
8 9
8 32
9 2
9 37
10 7
10 25
11 29
11 40
12 2
12 45
13 8
13 28
14 25
14 40
15 38
15 44
16 11
16 18
17 1
17 13
18 29
18 41
19 6
19 23
20 10
20 14
21 0
21 3
22 3
22 19
23 26
23 42
24 42
24 45
25 31
25 35
26 22
26 39
27 4
27 16
28 32
28 44
29 27
29 34
30 1
30 7
31 5
31 20
32 17
32 37
33 0
33 43
34 5
34 16
35 20
35 38
36 8
36 43
37 13
37 36
38 10
38 30
39 4
39 19
40 31
40 34
41 27
41 39
42 21
42 22
43 9
43 12
44 17
44 30
45 21
45 33

# solution 284
# n=46 sym=rot4 status=verified source=flammenkamp_cache/n46_rot4.mvr
# code=mvr:0 17 0 25 1 22 1 36 2 14 2 20 3 11 3 13 
0 17
0 25
1 22
1 36
2 14
2 20
3 11
3 13
4 7
4 34
5 19
5 24
6 29
6 37
7 29
7 41
8 6
8 35
9 1
9 23
10 8
10 17
11 4
11 42
12 13
12 18
13 33
13 42
14 15
14 43
15 19
15 31
16 6
16 7
17 35
17 45
18 24
18 33
19 30
19 40
20 0
20 43
21 5
21 18
22 9
22 44
23 1
23 36
24 27
24 40
25 2
25 45
26 5
26 15
27 12
27 21
28 0
28 10
29 38
29 39
30 14
30 26
31 2
31 30
32 3
32 12
33 27
33 32
34 3
34 41
35 28
35 37
36 22
36 44
37 10
37 39
38 4
38 16
39 8
39 16
40 21
40 26
41 11
41 38
42 32
42 34
43 25
43 31
44 9
44 23
45 20
45 28

# solution 285
# n=46 sym=rot4 status=verified source=flammenkamp_cache/n46_rot4.mvr
# code=mvr:0 14 0 19 1 10 1 37 2 18 2 32 3 9 3 19 4
0 14
0 19
1 10
1 37
2 18
2 32
3 9
3 19
4 30
4 38
5 5
5 40
6 11
6 14
7 4
7 25
8 1
8 16
9 24
9 42
10 33
10 44
11 25
11 39
12 10
12 30
13 2
13 17
14 39
14 45
15 4
15 12
16 23
16 37
17 18
17 32
18 28
18 43
19 42
19 45
20 7
20 11
21 9
21 23
22 16
22 21
23 24
23 29
24 22
24 36
25 34
25 38
26 0
26 3
27 2
27 17
28 13
28 27
29 8
29 22
30 33
30 41
31 0
31 6
32 28
32 43
33 15
33 35
34 6
34 20
35 1
35 12
36 3
36 21
37 29
37 44
38 20
38 41
39 31
39 34
40 5
40 40
41 7
41 15
42 26
42 36
43 13
43 27
44 8
44 35
45 26
45 31

# solution 286
# n=46 sym=rot4 status=verified source=flammenkamp_cache/n46_rot4.mvr
# code=mvr:0 29 0 31 1 10 1 11 2 6 2 19 3 21 3 40 4
0 29
0 31
1 10
1 11
2 6
2 19
3 21
3 40
4 15
4 27
5 3
5 23
6 33
6 43
7 23
7 28
8 15
8 36
9 8
9 16
10 33
10 44
11 14
11 44
12 6
12 10
13 21
13 28
14 0
14 34
15 37
15 41
16 0
16 36
17 7
17 13
18 4
18 19
19 27
19 43
20 20
20 25
21 32
21 42
22 5
22 7
23 38
23 40
24 3
24 13
25 20
25 25
26 2
26 18
27 26
27 41
28 32
28 38
29 9
29 45
30 4
30 8
31 11
31 45
32 17
32 24
33 35
33 39
34 1
34 31
35 1
35 12
36 29
36 37
37 9
37 30
38 17
38 22
39 2
39 12
40 22
40 42
41 18
41 30
42 5
42 24
43 26
43 39
44 34
44 35
45 14
45 16

# solution 287
# n=46 sym=rot4 status=verified source=flammenkamp_cache/n46_rot4.mvr
# code=mvr:0 26 0 35 1 16 1 23 2 21 2 30 3 30 3 38 
0 26
0 35
1 16
1 23
2 21
2 30
3 30
3 38
4 12
4 18
5 8
5 29
6 9
6 19
7 3
7 23
8 25
8 40
9 32
9 39
10 0
10 11
11 17
11 35
12 28
12 41
13 9
13 18
14 21
14 25
15 2
15 3
16 5
16 44
17 12
17 34
18 32
18 41
19 0
19 39
20 8
20 14
21 31
21 43
22 1
22 7
23 38
23 44
24 2
24 14
25 31
25 37
26 6
26 45
27 4
27 13
28 11
28 33
29 1
29 40
30 42
30 43
31 20
31 24
32 27
32 36
33 4
33 17
34 10
34 28
35 34
35 45
36 6
36 13
37 5
37 20
38 22
38 42
39 26
39 36
40 16
40 37
41 27
41 33
42 7
42 15
43 15
43 24
44 22
44 29
45 10
45 19

# solution 288
# n=46 sym=rot4 status=verified source=flammenkamp_cache/n46_rot4.mvr
# code=mvr:0 18 0 33 1 15 1 27 2 4 2 28 3 24 3 34 4
0 18
0 33
1 15
1 27
2 4
2 28
3 24
3 34
4 13
4 43
5 12
5 36
6 7
6 19
7 21
7 39
8 10
8 14
9 5
9 16
10 23
10 37
11 3
11 26
12 0
12 40
13 29
13 41
14 30
14 37
15 14
15 44
16 13
16 36
17 2
17 23
18 1
18 45
19 11
19 39
20 20
20 25
21 3
21 38
22 10
22 17
23 28
23 35
24 7
24 42
25 20
25 25
26 6
26 34
27 0
27 44
28 22
28 43
29 9
29 32
30 1
30 31
31 8
31 15
32 4
32 16
33 5
33 45
34 19
34 42
35 8
35 22
36 29
36 40
37 31
37 35
38 6
38 24
39 26
39 38
40 9
40 33
41 2
41 32
42 11
42 21
43 17
43 41
44 18
44 30
45 12
45 27

# solution 289
# n=46 sym=rot4 status=verified source=flammenkamp_cache/n46_rot4.mvr
# code=mvr:0 19 0 25 1 8 1 32 2 30 2 35 3 36 3 41 4
0 19
0 25
1 8
1 32
2 30
2 35
3 36
3 41
4 3
4 18
5 14
5 39
6 5
6 20
7 11
7 23
8 14
8 44
9 3
9 21
10 2
10 18
11 29
11 38
12 28
12 30
13 1
13 23
14 37
14 40
15 2
15 12
16 11
16 26
17 12
17 21
18 35
18 41
19 16
19 45
20 0
20 39
21 28
21 36
22 7
22 13
23 32
23 38
24 9
24 17
25 6
25 45
26 0
26 29
27 4
27 10
28 24
28 33
29 19
29 34
30 33
30 43
31 5
31 8
32 22
32 44
33 15
33 17
34 7
34 16
35 27
35 43
36 24
36 42
37 1
37 31
38 22
38 34
39 25
39 40
40 6
40 31
41 27
41 42
42 4
42 9
43 10
43 15
44 13
44 37
45 20
45 26

# solution 290
# n=46 sym=rot4 status=verified source=flammenkamp_cache/n46_rot4.mvr
# code=mvr:0 10 0 27 1 30 1 31 2 13 2 15 3 13 3 24 
0 10
0 27
1 30
1 31
2 13
2 15
3 13
3 24
4 19
4 36
5 33
5 39
6 5
6 27
7 11
7 29
8 14
8 20
9 4
9 20
10 33
10 45
11 28
11 38
12 5
12 10
13 42
13 43
14 1
14 37
15 1
15 43
16 7
16 24
17 11
17 26
18 0
18 6
19 17
19 41
20 36
20 37
21 3
21 16
22 22
22 23
23 22
23 23
24 29
24 42
25 8
25 9
26 4
26 28
27 39
27 45
28 19
28 34
29 21
29 38
30 2
30 44
31 8
31 44
32 2
32 3
33 35
33 40
34 7
34 17
35 0
35 12
36 25
36 41
37 25
37 31
38 16
38 34
39 18
39 40
40 6
40 12
41 9
41 26
42 21
42 32
43 30
43 32
44 14
44 15
45 18
45 35

# solution 291
# n=46 sym=rot4 status=verified source=flammenkamp_cache/n46_rot4.mvr
# code=mvr:0 20 0 37 1 10 1 27 2 23 2 31 3 6 3 9 4 
0 20
0 37
1 10
1 27
2 23
2 31
3 6
3 9
4 17
4 35
5 6
5 9
6 40
6 42
7 17
7 26
8 0
8 15
9 40
9 42
10 4
10 44
11 16
11 30
12 19
12 20
13 23
13 27
14 2
14 29
15 11
15 37
16 14
16 34
17 38
17 41
18 1
18 13
19 7
19 33
20 33
20 45
21 21
21 24
22 2
22 13
23 32
23 43
24 21
24 24
25 0
25 12
26 12
26 38
27 32
27 44
28 4
28 7
29 11
29 31
30 8
30 34
31 16
31 43
32 18
32 22
33 25
33 26
34 15
34 29
35 1
35 41
36 3
36 5
37 30
37 45
38 19
38 28
39 3
39 5
40 36
40 39
41 10
41 28
42 36
42 39
43 14
43 22
44 18
44 35
45 8
45 25

# solution 292
# n=46 sym=rot4 status=verified source=flammenkamp_cache/n46_rot4.mvr
# code=mvr:0 12 0 29 1 20 1 24 2 6 2 13 3 19 3 24 4
0 12
0 29
1 20
1 24
2 6
2 13
3 19
3 24
4 10
4 34
5 37
5 39
6 5
6 43
7 13
7 28
8 5
8 17
9 26
9 31
10 23
10 41
11 4
11 12
12 34
12 45
13 38
13 43
14 9
14 23
15 15
15 30
16 0
16 27
17 7
17 37
18 16
18 20
19 9
19 42
20 27
20 44
21 1
21 3
22 10
22 14
23 31
23 35
24 42
24 44
25 1
25 18
26 3
26 36
27 25
27 29
28 8
28 38
29 18
29 45
30 15
30 30
31 22
31 36
32 2
32 7
33 0
33 11
34 33
34 41
35 4
35 22
36 14
36 19
37 28
37 40
38 17
38 32
39 2
39 40
40 6
40 8
41 11
41 35
42 21
42 26
43 32
43 39
44 21
44 25
45 16
45 33

# solution 293
# n=46 sym=rot4 status=verified source=flammenkamp_cache/n46_rot4.mvr
# code=mvr:0 19 0 20 1 17 1 26 2 16 2 20 3 10 3 32 
0 19
0 20
1 17
1 26
2 16
2 20
3 10
3 32
4 30
4 38
5 11
5 12
6 27
6 36
7 4
7 22
8 9
8 29
9 6
9 37
10 33
10 42
11 21
11 40
12 10
12 40
13 3
13 17
14 18
14 23
15 4
15 24
16 8
16 43
17 32
17 44
18 6
18 31
19 1
19 45
20 43
20 45
21 15
21 34
22 14
22 38
23 7
23 31
24 11
24 30
25 0
25 2
26 0
26 44
27 14
27 39
28 1
28 13
29 2
29 37
30 21
30 41
31 22
31 27
32 28
32 42
33 5
33 35
34 5
34 24
35 3
35 12
36 8
36 39
37 16
37 36
38 23
38 41
39 9
39 18
40 33
40 34
41 7
41 15
42 13
42 35
43 25
43 29
44 19
44 28
45 25
45 26

# solution 294
# n=46 sym=rot4 status=verified source=flammenkamp_cache/n46_rot4.mvr
# code=mvr:0 11 0 32 1 19 1 32 2 23 2 24 3 8 3 18 4
0 11
0 32
1 19
1 32
2 23
2 24
3 8
3 18
4 9
4 33
5 7
5 14
6 26
6 37
7 28
7 40
8 6
8 42
9 35
9 41
10 9
10 27
11 25
11 45
12 4
12 16
13 0
13 1
14 20
14 40
15 15
15 30
16 23
16 33
17 7
17 21
18 10
18 42
19 6
19 44
20 11
20 31
21 2
21 28
22 2
22 16
23 29
23 43
24 17
24 43
25 14
25 34
26 1
26 39
27 3
27 35
28 24
28 38
29 12
29 22
30 15
30 30
31 5
31 25
32 44
32 45
33 29
33 41
34 0
34 20
35 18
35 36
36 4
36 10
37 3
37 39
38 5
38 17
39 8
39 19
40 31
40 38
41 12
41 36
42 27
42 37
43 21
43 22
44 13
44 26
45 13
45 34

# solution 295
# n=46 sym=rot4 status=verified source=flammenkamp_cache/n46_rot4.mvr
# code=mvr:0 0 0 45 1 7 1 15 2 27 2 28 3 20 3 24 4 
0 0
0 45
1 7
1 15
2 27
2 28
3 20
3 24
4 34
4 36
5 9
5 14
6 16
6 31
7 37
7 44
8 7
8 19
9 4
9 40
10 23
10 32
11 4
11 13
12 20
12 26
13 10
13 34
14 6
14 40
15 24
15 44
16 17
16 39
17 2
17 29
18 2
18 23
19 12
19 37
20 33
20 42
21 3
21 15
22 10
22 18
23 27
23 35
24 30
24 42
25 3
25 12
26 8
26 33
27 22
27 43
28 16
28 43
29 6
29 28
30 1
30 21
31 5
31 39
32 11
32 35
33 19
33 25
34 32
34 41
35 13
35 22
36 5
36 41
37 26
37 38
38 1
38 8
39 14
39 29
40 31
40 36
41 9
41 11
42 21
42 25
43 17
43 18
44 30
44 38
45 0
45 45

# solution 296
# n=46 sym=rot4 status=verified source=flammenkamp_cache/n46_rot4.mvr
# code=mvr:0 13 0 15 1 26 1 39 2 18 2 25 3 23 3 25 
0 13
0 15
1 26
1 39
2 18
2 25
3 23
3 25
4 12
4 34
5 16
5 26
6 1
6 34
7 35
7 36
8 17
8 23
9 7
9 17
10 7
10 13
11 4
11 6
12 29
12 41
13 35
13 45
14 18
14 24
15 21
15 45
16 12
16 40
17 36
17 37
18 31
18 43
19 1
19 5
20 2
20 3
21 14
21 30
22 3
22 8
23 37
23 42
24 15
24 31
25 42
25 43
26 40
26 44
27 2
27 14
28 8
28 9
29 5
29 33
30 0
30 24
31 21
31 27
32 0
32 10
33 4
33 16
34 39
34 41
35 32
35 38
36 28
36 38
37 22
37 28
38 9
38 10
39 11
39 44
40 19
40 29
41 11
41 33
42 20
42 22
43 20
43 27
44 6
44 19
45 30
45 32

# solution 297
# n=46 sym=rot4 status=verified source=flammenkamp_cache/n46_rot4.mvr
# code=mvr:0 15 0 21 1 28 1 36 2 16 2 18 3 6 3 10 4
0 15
0 21
1 28
1 36
2 16
2 18
3 6
3 10
4 26
4 40
5 4
5 33
6 31
6 42
7 8
7 26
8 17
8 38
9 1
9 13
10 15
10 42
11 23
11 24
12 5
12 14
13 18
13 36
14 6
14 33
15 35
15 45
16 25
16 43
17 1
17 37
18 32
18 43
19 4
19 7
20 16
20 23
21 11
21 45
22 11
22 20
23 25
23 34
24 0
24 34
25 22
25 29
26 38
26 41
27 2
27 13
28 8
28 44
29 2
29 20
30 0
30 10
31 12
31 39
32 9
32 27
33 31
33 40
34 21
34 22
35 3
35 30
36 32
36 44
37 7
37 28
38 19
38 37
39 3
39 14
40 12
40 41
41 5
41 19
42 35
42 39
43 27
43 29
44 9
44 17
45 24
45 30

# solution 298
# n=46 sym=rot4 status=verified source=flammenkamp_cache/n46_rot4.mvr
# code=mvr:0 26 0 40 1 6 1 24 2 30 2 40 3 11 3 18 4
0 26
0 40
1 6
1 24
2 30
2 40
3 11
3 18
4 12
4 16
5 0
5 2
6 25
6 44
7 32
7 36
8 15
8 35
9 7
9 18
10 8
10 31
11 14
11 42
12 23
12 41
13 7
13 23
14 10
14 34
15 2
15 37
16 17
16 41
17 24
17 29
18 36
18 42
19 0
19 20
20 6
20 26
21 1
21 17
22 12
22 13
23 32
23 33
24 28
24 44
25 19
25 39
26 25
26 45
27 3
27 9
28 16
28 21
29 4
29 28
30 8
30 43
31 11
31 35
32 22
32 38
33 4
33 22
34 3
34 31
35 14
35 37
36 27
36 38
37 10
37 30
38 9
38 13
39 1
39 20
40 43
40 45
41 29
41 33
42 27
42 34
43 5
43 15
44 21
44 39
45 5
45 19

# solution 299
# n=46 sym=rot4 status=verified source=flammenkamp_cache/n46_rot4.mvr
# code=mvr:0 27 0 34 1 9 1 21 2 17 2 33 3 19 3 37 4
0 27
0 34
1 9
1 21
2 17
2 33
3 19
3 37
4 36
4 40
5 4
5 13
6 22
6 35
7 25
7 29
8 3
8 33
9 4
9 44
10 6
10 21
11 0
11 14
12 2
12 8
13 19
13 40
14 28
14 34
15 15
15 30
16 7
16 23
17 14
17 43
18 0
18 20
19 32
19 42
20 7
20 27
21 35
21 44
22 16
22 39
23 6
23 29
24 1
24 10
25 18
25 38
26 3
26 13
27 25
27 45
28 2
28 31
29 22
29 38
30 15
30 30
31 11
31 17
32 5
32 26
33 37
33 43
34 31
34 45
35 24
35 39
36 1
36 41
37 12
37 42
38 16
38 20
39 10
39 23
40 32
40 41
41 5
41 9
42 8
42 26
43 12
43 28
44 24
44 36
45 11
45 18

# solution 300
# n=46 sym=rot4 status=verified source=flammenkamp_cache/n46_rot4.mvr
# code=mvr:0 13 0 22 1 17 1 23 2 16 2 30 3 27 3 36 
0 13
0 22
1 17
1 23
2 16
2 30
3 27
3 36
4 13
4 34
5 30
5 39
6 5
6 8
7 19
7 27
8 20
8 39
9 3
9 28
10 12
10 14
11 4
11 31
12 26
12 35
13 41
13 45
14 11
14 35
15 2
15 5
16 25
16 43
17 9
17 44
18 3
18 7
19 12
19 38
20 16
20 37
21 21
21 24
22 1
22 45
23 0
23 44
24 21
24 24
25 8
25 29
26 7
26 33
27 38
27 42
28 1
28 36
29 2
29 20
30 40
30 43
31 10
31 34
32 0
32 4
33 10
33 19
34 14
34 41
35 31
35 33
36 17
36 42
37 6
37 25
38 18
38 26
39 37
39 40
40 6
40 15
41 11
41 32
42 9
42 18
43 15
43 29
44 22
44 28
45 23
45 32

# solution 301
# n=46 sym=rot4 status=verified source=flammenkamp_cache/n46_rot4.mvr
# code=mvr:0 11 0 32 1 25 1 40 2 12 2 29 3 10 3 30 
0 11
0 32
1 25
1 40
2 12
2 29
3 10
3 30
4 19
4 22
5 1
5 36
6 13
6 18
7 8
7 12
8 16
8 38
9 5
9 31
10 18
10 42
11 21
11 45
12 38
12 43
13 0
13 39
14 9
14 28
15 3
15 21
16 2
16 37
17 14
17 19
18 35
18 39
19 28
19 41
20 1
20 23
21 30
21 34
22 20
22 41
23 4
23 25
24 11
24 15
25 22
25 44
26 4
26 17
27 6
27 10
28 26
28 31
29 8
29 43
30 24
30 42
31 17
31 36
32 6
32 45
33 2
33 7
34 0
34 24
35 3
35 27
36 14
36 40
37 7
37 29
38 33
38 37
39 27
39 32
40 9
40 44
41 23
41 26
42 15
42 35
43 16
43 33
44 5
44 20
45 13
45 34

# solution 302
# n=46 sym=rot4 status=verified source=flammenkamp_cache/n46_rot4.mvr
# code=mvr:0 19 0 22 1 10 1 33 2 10 2 14 3 28 3 36 
0 19
0 22
1 10
1 33
2 10
2 14
3 28
3 36
4 20
4 33
5 15
5 36
6 7
6 18
7 23
7 39
8 11
8 15
9 3
9 5
10 43
10 44
11 21
11 37
12 1
12 4
13 28
13 31
14 13
14 43
15 37
15 40
16 16
16 29
17 3
17 13
18 20
18 39
19 24
19 45
20 27
20 41
21 19
21 34
22 7
22 45
23 0
23 38
24 11
24 26
25 4
25 18
26 0
26 21
27 6
27 25
28 32
28 42
29 16
29 29
30 5
30 8
31 2
31 32
32 14
32 17
33 41
33 44
34 8
34 24
35 1
35 2
36 40
36 42
37 30
37 34
38 6
38 22
39 27
39 38
40 9
40 30
41 12
41 25
42 9
42 17
43 31
43 35
44 12
44 35
45 23
45 26

# solution 303
# n=46 sym=rot4 status=verified source=flammenkamp_cache/n46_rot4.mvr
# code=mvr:0 15 0 21 1 25 1 28 2 15 2 22 3 11 3 32 
0 15
0 21
1 25
1 28
2 15
2 22
3 11
3 32
4 35
4 38
5 8
5 17
6 26
6 31
7 4
7 9
8 20
8 40
9 14
9 38
10 4
10 24
11 18
11 42
12 16
12 26
13 3
13 23
14 6
14 36
15 43
15 45
16 27
16 33
17 1
17 40
18 16
18 34
19 6
19 12
20 1
20 37
21 10
21 45
22 13
22 43
23 2
23 32
24 0
24 35
25 8
25 44
26 33
26 39
27 11
27 29
28 5
28 44
29 12
29 18
30 0
30 2
31 9
31 39
32 22
32 42
33 19
33 29
34 3
34 27
35 21
35 41
36 7
36 31
37 5
37 25
38 36
38 41
39 14
39 19
40 28
40 37
41 7
41 10
42 13
42 34
43 23
43 30
44 17
44 20
45 24
45 30

# solution 304
# n=46 sym=rot4 status=verified source=flammenkamp_cache/n46_rot4.mvr
# code=mvr:0 17 0 20 1 27 1 33 2 14 2 29 3 24 3 36 
0 17
0 20
1 27
1 33
2 14
2 29
3 24
3 36
4 15
4 36
5 13
5 20
6 6
6 39
7 23
7 29
8 18
8 33
9 3
9 4
10 26
10 28
11 13
11 21
12 1
12 8
13 34
13 40
14 19
14 43
15 23
15 41
16 2
16 7
17 10
17 45
18 1
18 37
19 10
19 31
20 40
20 45
21 3
21 34
22 7
22 15
23 30
23 38
24 11
24 42
25 0
25 5
26 14
26 35
27 8
27 44
28 0
28 35
29 38
29 43
30 4
30 22
31 2
31 26
32 5
32 11
33 37
33 44
34 24
34 32
35 17
35 19
36 41
36 42
37 12
37 27
38 16
38 22
39 6
39 39
40 25
40 32
41 9
41 30
42 9
42 21
43 16
43 31
44 12
44 18
45 25
45 28

# solution 305
# n=46 sym=rot4 status=verified source=flammenkamp_cache/n46_rot4.mvr
# code=mvr:0 19 0 21 1 16 1 25 2 27 2 35 3 4 3 8 4 
0 19
0 21
1 16
1 25
2 27
2 35
3 4
3 8
4 38
4 42
5 30
5 34
6 12
6 21
7 4
7 11
8 30
8 42
9 25
9 29
10 2
10 12
11 5
11 38
12 35
12 39
13 14
13 18
14 23
14 32
15 5
15 8
16 9
16 44
17 17
17 28
18 2
18 32
19 23
19 45
20 1
20 9
21 39
21 45
22 14
22 19
23 26
23 31
24 0
24 6
25 36
25 44
26 0
26 22
27 13
27 43
28 17
28 28
29 1
29 36
30 37
30 40
31 13
31 22
32 27
32 31
33 6
33 10
34 7
34 40
35 33
35 43
36 16
36 20
37 3
37 15
38 34
38 41
39 24
39 33
40 11
40 15
41 3
41 7
42 37
42 41
43 10
43 18
44 20
44 29
45 24
45 26

# solution 306
# n=46 sym=rot4 status=verified source=flammenkamp_cache/n46_rot4.mvr
# code=mvr:0 13 0 14 1 24 1 27 2 19 2 20 3 9 3 34 4
0 13
0 14
1 24
1 27
2 19
2 20
3 9
3 34
4 29
4 30
5 12
5 30
6 12
6 24
7 28
7 37
8 7
8 10
9 16
9 42
10 31
10 37
11 3
11 23
12 39
12 40
13 27
13 45
14 10
14 45
15 4
15 5
16 4
16 36
17 7
17 20
18 1
18 13
19 23
19 43
20 28
20 43
21 1
21 6
22 11
22 19
23 26
23 34
24 39
24 44
25 2
25 17
26 2
26 22
27 32
27 44
28 25
28 38
29 9
29 41
30 40
30 41
31 0
31 35
32 0
32 18
33 5
33 6
34 22
34 42
35 8
35 14
36 3
36 29
37 35
37 38
38 8
38 17
39 21
39 33
40 15
40 33
41 15
41 16
42 11
42 36
43 25
43 26
44 18
44 21
45 31
45 32

# solution 307
# n=46 sym=rot4 status=verified source=flammenkamp_cache/n46_rot4.mvr
# code=mvr:0 28 0 32 1 15 1 19 2 8 2 33 3 22 3 26 4
0 28
0 32
1 15
1 19
2 8
2 33
3 22
3 26
4 6
4 8
5 14
5 35
6 27
6 41
7 27
7 31
8 41
8 43
9 15
9 21
10 5
10 32
11 12
11 29
12 2
12 34
13 0
13 10
14 7
14 40
15 36
15 44
16 11
16 20
17 0
17 20
18 6
18 7
19 3
19 44
20 28
20 29
21 23
21 36
22 21
22 42
23 3
23 24
24 9
24 22
25 16
25 17
26 1
26 42
27 38
27 39
28 25
28 45
29 25
29 34
30 1
30 9
31 5
31 38
32 35
32 45
33 11
33 43
34 16
34 33
35 13
35 40
36 24
36 30
37 2
37 4
38 14
38 18
39 4
39 18
40 10
40 31
41 37
41 39
42 19
42 23
43 12
43 37
44 26
44 30
45 13
45 17

# solution 308
# n=46 sym=rot4 status=verified source=flammenkamp_cache/n46_rot4.mvr
# code=mvr:0 18 0 23 1 24 1 28 2 12 2 14 3 20 3 39 
0 18
0 23
1 24
1 28
2 12
2 14
3 20
3 39
4 9
4 30
5 7
5 31
6 3
6 9
7 17
7 40
8 21
8 32
9 39
9 41
10 10
10 35
11 15
11 25
12 29
12 43
13 8
13 19
14 5
14 43
15 4
15 34
16 12
16 23
17 1
17 38
18 26
18 45
19 18
19 32
20 11
20 42
21 1
21 37
22 0
22 16
23 29
23 45
24 8
24 44
25 3
25 34
26 13
26 27
27 0
27 19
28 7
28 44
29 22
29 33
30 11
30 41
31 2
31 40
32 26
32 37
33 2
33 16
34 20
34 30
35 10
35 35
36 4
36 6
37 13
37 24
38 5
38 28
39 36
39 42
40 14
40 38
41 15
41 36
42 6
42 25
43 31
43 33
44 17
44 21
45 22
45 27

# solution 309
# n=46 sym=rot4 status=verified source=flammenkamp_cache/n46_rot4.mvr
# code=mvr:0 29 0 31 1 19 1 37 2 15 2 34 3 15 3 20 
0 29
0 31
1 19
1 37
2 15
2 34
3 15
3 20
4 19
4 27
5 9
5 24
6 32
6 38
7 6
7 27
8 1
8 10
9 24
9 40
10 14
10 37
11 2
11 29
12 22
12 32
13 6
13 12
14 0
14 35
15 42
15 43
16 0
16 11
17 20
17 23
18 4
18 7
19 41
19 44
20 28
20 42
21 5
21 9
22 17
22 33
23 12
23 28
24 36
24 40
25 3
25 17
26 1
26 4
27 38
27 41
28 22
28 25
29 34
29 45
30 2
30 3
31 10
31 45
32 33
32 39
33 13
33 23
34 16
34 43
35 8
35 31
36 5
36 21
37 35
37 44
38 18
38 39
39 7
39 13
40 21
40 36
41 18
41 26
42 25
42 30
43 11
43 30
44 8
44 26
45 14
45 16

# solution 310
# n=46 sym=rot4 status=verified source=flammenkamp_cache/n46_rot4.mvr
# code=mvr:0 33 0 40 1 16 1 26 2 21 2 27 3 10 3 39 
0 33
0 40
1 16
1 26
2 21
2 27
3 10
3 39
4 17
4 34
5 0
5 7
6 3
6 12
7 22
7 40
8 19
8 20
9 30
9 32
10 14
10 42
11 4
11 25
12 0
12 39
13 9
13 21
14 23
14 35
15 9
15 16
16 30
16 44
17 27
17 41
18 2
18 17
19 1
19 37
20 11
20 37
21 32
21 43
22 14
22 38
23 7
23 31
24 2
24 13
25 8
25 34
26 8
26 44
27 28
27 43
28 4
28 18
29 1
29 15
30 29
30 36
31 10
31 22
32 24
32 36
33 6
33 45
34 20
34 41
35 3
35 31
36 13
36 15
37 25
37 26
38 5
38 23
39 33
39 42
40 38
40 45
41 11
41 28
42 6
42 35
43 18
43 24
44 19
44 29
45 5
45 12

# solution 311
# n=46 sym=rot4 status=verified source=flammenkamp_cache/n46_rot4.mvr
# code=mvr:0 31 0 41 1 23 1 24 2 19 2 33 3 18 3 31 
0 31
0 41
1 23
1 24
2 19
2 33
3 18
3 31
4 0
4 30
5 10
5 37
6 11
6 36
7 15
7 16
8 5
8 25
9 6
9 10
10 36
10 40
11 24
11 39
12 2
12 32
13 12
13 17
14 0
14 3
15 4
15 38
16 23
16 38
17 19
17 32
18 25
18 42
19 28
19 43
20 8
20 18
21 1
21 11
22 1
22 16
23 29
23 44
24 34
24 44
25 27
25 37
26 2
26 17
27 3
27 20
28 13
28 26
29 7
29 22
30 7
30 41
31 42
31 45
32 28
32 33
33 13
33 43
34 6
34 21
35 5
35 9
36 35
36 39
37 20
37 40
38 29
38 30
39 9
39 34
40 8
40 35
41 15
41 45
42 14
42 27
43 12
43 26
44 21
44 22
45 4
45 14

# solution 312
# n=46 sym=rot4 status=verified source=flammenkamp_cache/n46_rot4.mvr
# code=mvr:0 12 0 32 1 27 1 38 2 21 2 23 3 10 3 28 
0 12
0 32
1 27
1 38
2 21
2 23
3 10
3 28
4 7
4 31
5 12
5 16
6 23
6 27
7 1
7 41
8 31
8 35
9 13
9 25
10 8
10 42
11 20
11 26
12 40
12 45
13 0
13 36
14 4
14 8
15 15
15 30
16 21
16 40
17 3
17 26
18 1
18 6
19 11
19 17
20 9
20 34
21 29
21 43
22 2
22 6
23 39
23 43
24 2
24 16
25 11
25 36
26 28
26 34
27 39
27 44
28 19
28 42
29 5
29 24
30 15
30 30
31 37
31 41
32 9
32 45
33 0
33 5
34 19
34 25
35 3
35 37
36 20
36 32
37 10
37 14
38 4
38 44
39 18
39 22
40 29
40 33
41 14
41 38
42 17
42 35
43 22
43 24
44 7
44 18
45 13
45 33

# solution 313
# n=46 sym=rot4 status=verified source=flammenkamp_cache/n46_rot4.mvr
# code=mvr:0 26 0 28 1 15 1 35 2 12 2 16 3 18 3 21 
0 26
0 28
1 15
1 35
2 12
2 16
3 18
3 21
4 22
4 36
5 15
5 34
6 6
6 39
7 14
7 27
8 17
8 21
9 4
9 14
10 1
10 12
11 5
11 23
12 35
12 43
13 20
13 29
14 36
14 38
15 40
15 44
16 13
16 43
17 0
17 37
18 7
18 42
19 0
19 20
20 26
20 32
21 37
21 42
22 11
22 41
23 4
23 34
24 3
24 8
25 13
25 19
26 25
26 45
27 3
27 38
28 8
28 45
29 2
29 32
30 1
30 5
31 7
31 9
32 16
32 25
33 2
33 10
34 22
34 40
35 33
35 44
36 31
36 41
37 24
37 28
38 18
38 31
39 6
39 39
40 11
40 30
41 9
41 23
42 24
42 27
43 29
43 33
44 10
44 30
45 17
45 19

# solution 314
# n=46 sym=rot4 status=verified source=flammenkamp_cache/n46_rot4.mvr
# code=mvr:0 8 0 22 1 21 1 35 2 27 2 39 3 15 3 20 4
0 8
0 22
1 21
1 35
2 27
2 39
3 15
3 20
4 6
4 15
5 31
5 35
6 2
6 41
7 13
7 28
8 36
8 45
9 8
9 24
10 1
10 5
11 18
11 28
12 13
12 20
13 33
13 38
14 5
14 29
15 41
15 42
16 14
16 19
17 7
17 11
18 2
18 34
19 23
19 29
20 33
20 42
21 9
21 44
22 19
22 45
23 0
23 26
24 1
24 36
25 3
25 12
26 16
26 22
27 11
27 43
28 34
28 38
29 26
29 31
30 3
30 4
31 16
31 40
32 7
32 12
33 25
33 32
34 17
34 27
35 40
35 44
36 21
36 37
37 0
37 9
38 17
38 32
39 4
39 43
40 10
40 14
41 30
41 39
42 25
42 30
43 6
43 18
44 10
44 24
45 23
45 37

# solution 315
# n=46 sym=rot4 status=verified source=flammenkamp_cache/n46_rot4.mvr
# code=mvr:0 22 0 32 1 7 1 9 2 6 2 30 3 24 3 25 4 1
0 22
0 32
1 7
1 9
2 6
2 30
3 24
3 25
4 15
4 16
5 13
5 33
6 25
6 43
7 8
7 44
8 31
8 38
9 16
9 44
10 11
10 21
11 31
11 35
12 5
12 17
13 0
13 40
14 8
14 11
15 2
15 41
16 36
16 41
17 19
17 33
18 18
18 27
19 23
19 28
20 3
20 6
21 3
21 35
22 19
22 45
23 0
23 26
24 10
24 42
25 39
25 42
26 17
26 22
27 18
27 27
28 12
28 26
29 4
29 9
30 4
30 43
31 34
31 37
32 5
32 45
33 28
33 40
34 10
34 14
35 24
35 34
36 1
36 29
37 7
37 14
38 1
38 37
39 2
39 20
40 12
40 32
41 29
41 30
42 20
42 21
43 15
43 39
44 36
44 38
45 13
45 23

# solution 316
# n=46 sym=rot4 status=verified source=flammenkamp_cache/n46_rot4.mvr
# code=mvr:0 31 0 35 1 14 1 25 2 18 2 23 3 27 3 30 
0 31
0 35
1 14
1 25
2 18
2 23
3 27
3 30
4 13
4 35
5 21
5 37
6 16
6 36
7 9
7 20
8 5
8 30
9 6
9 38
10 0
10 4
11 16
11 33
12 11
12 26
13 21
13 41
14 0
14 44
15 3
15 8
16 34
16 39
17 23
17 26
18 3
18 43
19 12
19 17
20 1
20 38
21 32
21 40
22 2
22 17
23 28
23 43
24 5
24 13
25 7
25 44
26 28
26 33
27 2
27 42
28 19
28 22
29 6
29 11
30 37
30 42
31 1
31 45
32 4
32 24
33 19
33 34
34 12
34 29
35 41
35 45
36 7
36 39
37 15
37 40
38 25
38 36
39 9
39 29
40 8
40 24
41 10
41 32
42 15
42 18
43 22
43 27
44 20
44 31
45 10
45 14

# solution 317
# n=46 sym=rot4 status=verified source=flammenkamp_cache/n46_rot4.mvr
# code=mvr:0 20 0 30 1 13 1 27 2 29 2 35 3 9 3 17 4
0 20
0 30
1 13
1 27
2 29
2 35
3 9
3 17
4 14
4 30
5 6
5 37
6 19
6 40
7 14
7 22
8 5
8 29
9 13
9 42
10 2
10 23
11 17
11 18
12 12
12 33
13 36
13 44
14 38
14 41
15 0
15 4
16 2
16 8
17 34
17 42
18 1
18 34
19 24
19 39
20 21
20 45
21 19
21 25
22 10
22 38
23 7
23 35
24 20
24 26
25 0
25 24
26 6
26 21
27 11
27 44
28 3
28 11
29 37
29 43
30 41
30 45
31 4
31 7
32 1
32 9
33 12
33 33
34 27
34 28
35 22
35 43
36 3
36 32
37 16
37 40
38 23
38 31
39 5
39 26
40 8
40 39
41 15
41 31
42 28
42 36
43 10
43 16
44 18
44 32
45 15
45 25

# solution 318
# n=46 sym=rot4 status=verified source=flammenkamp_cache/n46_rot4.mvr
# code=mvr:0 19 0 23 1 8 1 13 2 25 2 33 3 20 3 30 4
0 19
0 23
1 8
1 13
2 25
2 33
3 20
3 30
4 28
4 40
5 4
5 21
6 10
6 33
7 31
7 36
8 11
8 44
9 7
9 15
10 27
10 39
11 16
11 37
12 2
12 6
13 21
13 44
14 7
14 16
15 3
15 36
16 31
16 34
17 4
17 18
18 10
18 28
19 23
19 45
20 2
20 42
21 32
21 40
22 0
22 19
23 26
23 45
24 5
24 13
25 3
25 43
26 0
26 22
27 17
27 35
28 27
28 41
29 11
29 14
30 9
30 42
31 29
31 38
32 1
32 24
33 39
33 43
34 8
34 29
35 6
35 18
36 30
36 38
37 1
37 34
38 9
38 14
39 12
39 35
40 24
40 41
41 5
41 17
42 15
42 25
43 12
43 20
44 32
44 37
45 22
45 26

# solution 319
# n=46 sym=rot4 status=verified source=flammenkamp_cache/n46_rot4.mvr
# code=mvr:0 20 0 28 1 24 1 27 2 12 2 14 3 5 3 19 4
0 20
0 28
1 24
1 27
2 12
2 14
3 5
3 19
4 9
4 30
5 12
5 42
6 21
6 36
7 28
7 37
8 7
8 19
9 6
9 41
10 16
10 34
11 10
11 13
12 40
12 43
13 27
13 34
14 23
14 43
15 4
15 23
16 25
16 35
17 0
17 7
18 1
18 13
19 37
19 42
20 16
20 45
21 1
21 39
22 14
22 15
23 30
23 31
24 6
24 44
25 0
25 29
26 3
26 8
27 32
27 44
28 38
28 45
29 10
29 20
30 22
30 41
31 2
31 22
32 11
32 18
33 2
33 5
34 32
34 35
35 11
35 29
36 4
36 39
37 26
37 38
38 8
38 17
39 9
39 24
40 3
40 33
41 15
41 36
42 26
42 40
43 31
43 33
44 18
44 21
45 17
45 25

# solution 320
# n=46 sym=rot4 status=verified source=flammenkamp_cache/n46_rot4.mvr
# code=mvr:0 15 0 24 1 8 1 28 2 11 2 18 3 23 3 32 4
0 15
0 24
1 8
1 28
2 11
2 18
3 23
3 32
4 16
4 31
5 27
5 37
6 13
6 20
7 12
7 36
8 5
8 44
9 7
9 30
10 21
10 33
11 26
11 43
12 10
12 38
13 3
13 39
14 4
14 25
15 9
15 45
16 17
16 41
17 1
17 29
18 5
18 43
19 11
19 23
20 14
20 39
21 0
21 35
22 3
22 19
23 26
23 42
24 10
24 45
25 6
25 31
26 22
26 34
27 2
27 40
28 16
28 44
29 4
29 28
30 0
30 36
31 20
31 41
32 6
32 42
33 7
33 35
34 2
34 19
35 12
35 24
36 15
36 38
37 1
37 40
38 9
38 33
39 25
39 32
40 8
40 18
41 14
41 29
42 13
42 22
43 27
43 34
44 17
44 37
45 21
45 30

# solution 321
# n=46 sym=rot4 status=verified source=flammenkamp_cache/n46_rot4.mvr
# code=mvr:0 17 0 36 1 21 1 38 2 27 2 32 3 27 3 41 
0 17
0 36
1 21
1 38
2 27
2 32
3 27
3 41
4 3
4 35
5 5
5 40
6 16
6 20
7 1
7 11
8 16
8 26
9 0
9 35
10 4
10 9
11 21
11 38
12 30
12 31
13 2
13 20
14 12
14 22
15 12
15 28
16 37
16 39
17 15
17 45
18 2
18 3
19 8
19 23
20 32
20 39
21 34
21 44
22 19
22 31
23 14
23 26
24 1
24 11
25 6
25 13
26 22
26 37
27 42
27 43
28 0
28 30
29 6
29 8
30 17
30 33
31 23
31 33
32 25
32 43
33 14
33 15
34 7
34 24
35 36
35 41
36 10
36 45
37 19
37 29
38 34
38 44
39 25
39 29
40 5
40 40
41 10
41 42
42 4
42 18
43 13
43 18
44 7
44 24
45 9
45 28

# solution 322
# n=46 sym=rot4 status=verified source=flammenkamp_cache/n46_rot4.mvr
# code=mvr:0 9 0 24 1 19 1 36 2 20 2 24 3 5 3 17 4 
0 9
0 24
1 19
1 36
2 20
2 24
3 5
3 17
4 13
4 27
5 27
5 42
6 35
6 37
7 8
7 12
8 6
8 38
9 1
9 45
10 6
10 31
11 14
11 23
12 17
12 38
13 16
13 41
14 10
14 34
15 15
15 30
16 23
16 32
17 33
17 42
18 4
18 5
19 25
19 44
20 19
20 43
21 0
21 2
22 11
22 16
23 29
23 34
24 43
24 45
25 2
25 26
26 1
26 20
27 40
27 41
28 3
28 12
29 13
29 22
30 15
30 30
31 11
31 35
32 4
32 29
33 7
33 28
34 22
34 31
35 14
35 39
36 0
36 44
37 7
37 39
38 33
38 37
39 8
39 10
40 3
40 18
41 18
41 32
42 28
42 40
43 21
43 25
44 9
44 26
45 21
45 36

# solution 323
# n=46 sym=rot4 status=verified source=flammenkamp_cache/n46_rot4.mvr
# code=mvr:0 27 0 39 1 29 1 31 2 13 2 33 3 19 3 20 
0 27
0 39
1 29
1 31
2 13
2 33
3 19
3 20
4 20
4 36
5 5
5 40
6 0
6 15
7 10
7 34
8 12
8 28
9 4
9 16
10 21
10 38
11 7
11 13
12 2
12 37
13 34
13 43
14 1
14 28
15 23
15 39
16 1
16 36
17 8
17 14
18 0
18 26
19 18
19 42
20 41
20 42
21 23
21 35
22 15
22 21
23 24
23 30
24 10
24 22
25 3
25 4
26 3
26 27
27 19
27 45
28 31
28 37
29 9
29 44
30 6
30 22
31 17
31 44
32 2
32 11
33 8
33 43
34 32
34 38
35 7
35 24
36 29
36 41
37 17
37 33
38 11
38 35
39 30
39 45
40 5
40 40
41 9
41 25
42 25
42 26
43 12
43 32
44 14
44 16
45 6
45 18

# solution 324
# n=46 sym=rot4 status=verified source=flammenkamp_cache/n46_rot4.mvr
# code=mvr:0 25 0 30 1 32 1 39 2 18 2 24 3 11 3 35 
0 25
0 30
1 32
1 39
2 18
2 24
3 11
3 35
4 12
4 36
5 24
5 39
6 1
6 5
7 18
7 29
8 10
8 23
9 4
9 15
10 3
10 37
11 28
11 42
12 23
12 41
13 1
13 25
14 14
14 31
15 0
15 36
16 7
16 19
17 11
17 26
18 38
18 43
19 17
19 29
20 0
20 13
21 2
21 5
22 8
22 12
23 33
23 37
24 40
24 43
25 32
25 45
26 16
26 28
27 2
27 7
28 19
28 34
29 26
29 38
30 9
30 45
31 14
31 31
32 20
32 44
33 4
33 22
34 3
34 17
35 8
35 42
36 30
36 41
37 22
37 35
38 16
38 27
39 40
39 44
40 6
40 21
41 9
41 33
42 10
42 34
43 21
43 27
44 6
44 13
45 15
45 20

# solution 325
# n=46 sym=rot4 status=verified source=flammenkamp_cache/n46_rot4.mvr
# code=mvr:0 16 0 30 1 10 1 24 2 13 2 19 3 34 3 35 
0 16
0 30
1 10
1 24
2 13
2 19
3 34
3 35
4 16
4 18
5 8
5 38
6 6
6 39
7 5
7 20
8 30
8 40
9 24
9 28
10 3
10 44
11 3
11 33
12 11
12 31
13 27
13 43
14 12
14 20
15 0
15 8
16 41
16 45
17 9
17 23
18 13
18 41
19 23
19 43
20 31
20 38
21 1
21 9
22 17
22 19
23 26
23 28
24 36
24 44
25 7
25 14
26 2
26 22
27 4
27 32
28 22
28 36
29 0
29 4
30 37
30 45
31 25
31 33
32 2
32 18
33 14
33 34
34 12
34 42
35 1
35 42
36 17
36 21
37 5
37 15
38 25
38 40
39 6
39 39
40 7
40 37
41 27
41 29
42 10
42 11
43 26
43 32
44 21
44 35
45 15
45 29

# solution 326
# n=46 sym=rot4 status=verified source=flammenkamp_cache/n46_rot4.mvr
# code=mvr:0 21 0 23 1 19 1 28 2 6 2 34 3 14 3 39 4
0 21
0 23
1 19
1 28
2 6
2 34
3 14
3 39
4 15
4 34
5 20
5 27
6 3
6 43
7 32
7 33
8 13
8 16
9 23
9 24
10 27
10 28
11 2
11 4
12 7
12 16
13 7
13 37
14 15
14 42
15 31
15 41
16 33
16 37
17 1
17 10
18 5
18 10
19 20
19 44
20 26
20 40
21 9
21 45
22 0
22 9
23 36
23 45
24 0
24 36
25 5
25 19
26 1
26 25
27 35
27 40
28 35
28 44
29 8
29 12
30 4
30 14
31 3
31 30
32 8
32 38
33 29
33 38
34 41
34 43
35 17
35 18
36 21
36 22
37 29
37 32
38 12
38 13
39 2
39 42
40 18
40 25
41 11
41 30
42 6
42 31
43 11
43 39
44 17
44 26
45 22
45 24

# solution 327
# n=46 sym=rot4 status=verified source=flammenkamp_cache/n46_rot4.mvr
# code=mvr:0 27 0 31 1 19 1 21 2 23 2 31 3 8 3 18 4
0 27
0 31
1 19
1 21
2 23
2 31
3 8
3 18
4 20
4 34
5 9
5 30
6 12
6 13
7 9
7 24
8 34
8 42
9 38
9 40
10 16
10 20
11 4
11 8
12 28
12 39
13 30
13 39
14 0
14 2
15 5
15 13
16 28
16 35
17 12
17 16
18 0
18 42
19 23
19 44
20 35
20 41
21 7
21 44
22 2
22 19
23 26
23 43
24 1
24 38
25 4
25 10
26 1
26 22
27 3
27 45
28 29
28 33
29 10
29 17
30 32
30 40
31 43
31 45
32 6
32 15
33 6
33 17
34 37
34 41
35 25
35 29
36 5
36 7
37 3
37 11
38 21
38 36
39 32
39 33
40 15
40 36
41 11
41 25
42 27
42 37
43 14
43 22
44 24
44 26
45 14
45 18

# solution 328
# n=46 sym=rot4 status=verified source=flammenkamp_cache/n46_rot4.mvr
# code=mvr:0 26 0 30 1 18 1 23 2 9 2 14 3 32 3 39 4
0 26
0 30
1 18
1 23
2 9
2 14
3 32
3 39
4 8
4 29
5 21
5 23
6 3
6 36
7 28
7 34
8 24
8 41
9 6
9 43
10 15
10 17
11 7
11 33
12 11
12 25
13 3
13 18
14 16
14 43
15 0
15 35
16 4
16 31
17 7
17 35
18 32
18 44
19 0
19 25
20 12
20 19
21 8
21 40
22 1
22 5
23 40
23 44
24 5
24 37
25 26
25 33
26 20
26 45
27 1
27 13
28 10
28 38
29 14
29 41
30 10
30 45
31 2
31 29
32 27
32 42
33 20
33 34
34 12
34 38
35 28
35 30
36 2
36 39
37 4
37 21
38 11
38 17
39 9
39 42
40 22
40 24
41 16
41 37
42 6
42 13
43 31
43 36
44 22
44 27
45 15
45 19

# solution 329
# n=46 sym=rot4 status=verified source=flammenkamp_cache/n46_rot4.mvr
# code=mvr:0 23 0 26 1 10 1 11 2 28 2 36 3 28 3 40 
0 23
0 26
1 10
1 11
2 28
2 36
3 28
3 40
4 10
4 12
5 3
5 16
6 18
6 19
7 34
7 37
8 7
8 32
9 2
9 23
10 41
10 44
11 7
11 44
12 16
12 41
13 8
13 31
14 13
14 25
15 25
15 27
16 33
16 40
17 2
17 3
18 15
18 39
19 0
19 39
20 14
20 15
21 21
21 24
22 0
22 9
23 36
23 45
24 21
24 24
25 30
25 31
26 6
26 45
27 6
27 30
28 42
28 43
29 5
29 12
30 18
30 20
31 20
31 32
32 14
32 37
33 4
33 29
34 1
34 38
35 1
35 4
36 22
36 43
37 13
37 38
38 8
38 11
39 26
39 27
40 29
40 42
41 33
41 35
42 5
42 17
43 9
43 17
44 34
44 35
45 19
45 22

# solution 330
# n=46 sym=rot4 status=verified source=flammenkamp_cache/n46_rot4.mvr
# code=mvr:0 24 0 32 1 27 1 30 2 25 2 31 3 11 3 37 
0 24
0 32
1 27
1 30
2 25
2 31
3 11
3 37
4 5
4 20
5 12
5 41
6 7
6 13
7 27
7 39
8 3
8 35
9 21
9 23
10 8
10 26
11 28
11 42
12 15
12 40
13 0
13 39
14 2
14 16
15 1
15 33
16 26
16 31
17 11
17 23
18 1
18 7
19 10
19 16
20 2
20 41
21 0
21 36
22 9
22 17
23 28
23 36
24 9
24 45
25 4
25 43
26 29
26 35
27 38
27 44
28 22
28 34
29 14
29 19
30 12
30 44
31 29
31 43
32 6
32 45
33 5
33 30
34 3
34 17
35 19
35 37
36 22
36 24
37 10
37 42
38 6
38 18
39 32
39 38
40 4
40 33
41 25
41 40
42 8
42 34
43 14
43 20
44 15
44 18
45 13
45 21

# solution 331
# n=46 sym=rot4 status=verified source=flammenkamp_cache/n46_rot4.mvr
# code=mvr:0 21 0 29 1 12 1 15 2 22 2 39 3 25 3 28 
0 21
0 29
1 12
1 15
2 22
2 39
3 25
3 28
4 32
4 38
5 10
5 14
6 2
6 12
7 4
7 25
8 10
8 34
9 19
9 21
10 37
10 40
11 8
11 19
12 39
12 44
13 4
13 14
14 32
14 40
15 23
15 44
16 0
16 27
17 3
17 18
18 16
18 28
19 34
19 36
20 3
20 7
21 36
21 45
22 15
22 43
23 2
23 30
24 0
24 9
25 38
25 42
26 9
26 11
27 17
27 29
28 27
28 42
29 18
29 45
30 1
30 22
31 5
31 13
32 31
32 41
33 1
33 6
34 26
34 37
35 5
35 8
36 24
36 26
37 11
37 35
38 20
38 41
39 33
39 43
40 31
40 35
41 7
41 13
42 17
42 20
43 6
43 23
44 30
44 33
45 16
45 24

# solution 332
# n=46 sym=rot4 status=verified source=flammenkamp_cache/n46_rot4.mvr
# code=mvr:0 23 0 26 1 13 1 35 2 18 2 26 3 21 3 31 
0 23
0 26
1 13
1 35
2 18
2 26
3 21
3 31
4 21
4 35
5 20
5 37
6 7
6 34
7 17
7 39
8 5
8 12
9 9
9 36
10 1
10 4
11 6
11 23
12 14
12 37
13 27
13 44
14 3
14 33
15 16
15 17
16 20
16 30
17 30
17 38
18 13
18 43
19 0
19 2
20 29
20 40
21 41
21 42
22 0
22 11
23 34
23 45
24 3
24 4
25 5
25 16
26 43
26 45
27 2
27 32
28 7
28 15
29 15
29 25
30 28
30 29
31 12
31 42
32 1
32 18
33 8
33 31
34 22
34 39
35 41
35 44
36 9
36 36
37 33
37 40
38 6
38 28
39 11
39 38
40 8
40 25
41 10
41 24
42 14
42 24
43 19
43 27
44 10
44 32
45 19
45 22

# solution 333
# n=46 sym=rot4 status=verified source=flammenkamp_cache/n46_rot4.mvr
# code=mvr:0 17 0 26 1 22 1 31 2 24 2 29 3 12 3 34 
0 17
0 26
1 22
1 31
2 24
2 29
3 12
3 34
4 15
4 21
5 9
5 39
6 5
6 30
7 23
7 35
8 31
8 32
9 34
9 40
10 7
10 17
11 3
11 9
12 27
12 42
13 8
13 16
14 1
14 8
15 6
15 41
16 2
16 32
17 35
17 45
18 12
18 19
19 0
19 27
20 20
20 25
21 2
21 41
22 7
22 44
23 1
23 38
24 4
24 43
25 20
25 25
26 18
26 45
27 26
27 33
28 0
28 10
29 13
29 43
30 4
30 39
31 37
31 44
32 29
32 37
33 3
33 18
34 36
34 42
35 28
35 38
36 5
36 11
37 13
37 14
38 10
38 22
39 15
39 40
40 6
40 36
41 24
41 30
42 11
42 33
43 16
43 21
44 14
44 23
45 19
45 28

# solution 334
# n=46 sym=rot4 status=verified source=flammenkamp_cache/n46_rot4.mvr
# code=mvr:0 15 0 29 1 25 1 26 2 10 2 20 3 39 3 40 
0 15
0 29
1 25
1 26
2 10
2 20
3 39
3 40
4 14
4 29
5 3
5 12
6 3
6 19
7 21
7 23
8 34
8 36
9 8
9 13
10 23
10 43
11 8
11 17
12 14
12 40
13 27
13 36
14 33
14 41
15 21
15 45
16 0
16 4
17 27
17 34
18 13
18 17
19 1
19 39
20 1
20 43
21 30
21 38
22 7
22 10
23 35
23 38
24 7
24 15
25 2
25 44
26 6
26 44
27 28
27 32
28 11
28 18
29 41
29 45
30 0
30 24
31 4
31 12
32 9
32 18
33 5
33 31
34 28
34 37
35 2
35 22
36 32
36 37
37 9
37 11
38 22
38 24
39 26
39 42
40 33
40 42
41 16
41 31
42 5
42 6
43 25
43 35
44 19
44 20
45 16
45 30

# solution 335
# n=46 sym=rot4 status=verified source=flammenkamp_cache/n46_rot4.mvr
# code=mvr:0 21 0 25 1 14 1 17 2 16 2 21 3 4 3 10 4
0 21
0 25
1 14
1 17
2 16
2 21
3 4
3 10
4 38
4 42
5 28
5 36
6 10
6 31
7 4
7 30
8 13
8 23
9 5
9 20
10 39
10 42
11 29
11 32
12 18
12 23
13 11
13 37
14 6
14 44
15 7
15 18
16 11
16 43
17 5
17 44
18 30
18 33
19 19
19 26
20 0
20 36
21 43
21 45
22 8
22 12
23 33
23 37
24 0
24 2
25 9
25 45
26 19
26 26
27 12
27 15
28 1
28 40
29 2
29 34
30 27
30 38
31 1
31 39
32 8
32 34
33 22
33 27
34 13
34 16
35 3
35 6
36 25
36 40
37 22
37 32
38 15
38 41
39 14
39 35
40 9
40 17
41 3
41 7
42 35
42 41
43 24
43 29
44 28
44 31
45 20
45 24

# solution 336
# n=46 sym=rot4 status=verified source=flammenkamp_cache/n46_rot4.mvr
# code=mvr:0 24 0 26 1 21 1 37 2 13 2 30 3 30 3 35 
0 24
0 26
1 21
1 37
2 13
2 30
3 30
3 35
4 18
4 33
5 14
5 22
6 7
6 19
7 11
7 39
8 1
8 9
9 18
9 37
10 3
10 29
11 28
11 38
12 4
12 23
13 28
13 43
14 16
14 40
15 2
15 3
16 10
16 31
17 11
17 13
18 36
18 41
19 0
19 39
20 20
20 25
21 0
21 44
22 12
22 40
23 5
23 33
24 1
24 45
25 20
25 25
26 6
26 45
27 4
27 9
28 32
28 34
29 14
29 35
30 42
30 43
31 5
31 29
32 2
32 17
33 22
33 41
34 7
34 17
35 16
35 42
36 8
36 27
37 36
37 44
38 6
38 34
39 26
39 38
40 23
40 31
41 12
41 27
42 10
42 15
43 15
43 32
44 8
44 24
45 19
45 21

# solution 337
# n=46 sym=rot4 status=verified source=flammenkamp_cache/n46_rot4.mvr
# code=mvr:0 17 0 25 1 12 1 37 2 9 2 39 3 15 3 18 4
0 17
0 25
1 12
1 37
2 9
2 39
3 15
3 18
4 19
4 23
5 16
5 32
6 2
6 34
7 28
7 32
8 1
8 20
9 35
9 43
10 9
10 19
11 6
11 29
12 31
12 44
13 5
13 7
14 12
14 27
15 24
15 42
16 11
16 40
17 7
17 45
18 14
18 42
19 35
19 41
20 0
20 37
21 15
21 23
22 4
22 21
23 24
23 41
24 22
24 30
25 8
25 45
26 4
26 10
27 3
27 31
28 0
28 38
29 5
29 34
30 3
30 21
31 18
31 33
32 38
32 40
33 1
33 14
34 16
34 39
35 26
35 36
36 2
36 10
37 25
37 44
38 13
38 17
39 11
39 43
40 13
40 29
41 22
41 26
42 27
42 30
43 6
43 36
44 8
44 33
45 20
45 28

# solution 338
# n=46 sym=rot4 status=verified source=flammenkamp_cache/n46_rot4.mvr
# code=mvr:0 11 0 18 1 2 1 24 2 10 2 44 3 26 3 30 4
0 11
0 18
1 2
1 24
2 10
2 44
3 26
3 30
4 20
4 32
5 15
5 35
6 9
6 19
7 9
7 24
8 16
8 25
9 38
9 39
10 5
10 43
11 33
11 45
12 11
12 22
13 4
13 17
14 16
14 27
15 3
15 40
16 31
16 37
17 23
17 32
18 14
18 45
19 3
19 39
20 8
20 41
21 1
21 7
22 17
22 33
23 12
23 28
24 38
24 44
25 4
25 37
26 6
26 42
27 0
27 31
28 13
28 22
29 8
29 14
30 5
30 42
31 18
31 29
32 28
32 41
33 23
33 34
34 0
34 12
35 2
35 40
36 6
36 7
37 20
37 29
38 21
38 36
39 26
39 36
40 10
40 30
41 13
41 25
42 15
42 19
43 1
43 35
44 21
44 43
45 27
45 34

# solution 339
# n=46 sym=rot4 status=verified source=flammenkamp_cache/n46_rot4.mvr
# code=mvr:0 17 0 31 1 6 1 9 2 20 2 27 3 30 3 36 4 
0 17
0 31
1 6
1 9
2 20
2 27
3 30
3 36
4 5
4 18
5 11
5 41
6 21
6 44
7 8
7 26
8 28
8 38
9 3
9 44
10 20
10 31
11 13
11 40
12 22
12 29
13 29
13 34
14 0
14 10
15 3
15 23
16 12
16 13
17 8
17 45
18 2
18 41
19 7
19 21
20 35
20 43
21 26
21 39
22 15
22 33
23 12
23 30
24 6
24 19
25 2
25 10
26 24
26 38
27 4
27 43
28 0
28 37
29 32
29 33
30 22
30 42
31 35
31 45
32 11
32 16
33 16
33 23
34 5
34 32
35 14
35 25
36 1
36 42
37 7
37 17
38 19
38 37
39 1
39 24
40 4
40 34
41 27
41 40
42 9
42 15
43 18
43 25
44 36
44 39
45 14
45 28

# solution 340
# n=46 sym=rot4 status=verified source=flammenkamp_cache/n46_rot4.mvr
# code=mvr:0 17 0 25 1 19 1 39 2 14 2 32 3 18 3 27 
0 17
0 25
1 19
1 39
2 14
2 32
3 18
3 27
4 10
4 23
5 6
5 13
6 1
6 40
7 24
7 33
8 34
8 36
9 8
9 29
10 23
10 41
11 8
11 20
12 7
12 31
13 2
13 40
14 12
14 43
15 24
15 28
16 9
16 19
17 15
17 45
18 3
18 42
19 29
19 44
20 0
20 34
21 7
21 15
22 4
22 10
23 35
23 41
24 30
24 38
25 11
25 45
26 1
26 16
27 3
27 42
28 0
28 30
29 26
29 36
30 17
30 21
31 2
31 33
32 5
32 43
33 14
33 38
34 25
34 37
35 4
35 22
36 16
36 37
37 9
37 11
38 12
38 21
39 5
39 44
40 32
40 39
41 22
41 35
42 18
42 27
43 13
43 31
44 6
44 26
45 20
45 28

# solution 341
# n=46 sym=rot4 status=verified source=flammenkamp_cache/n46_rot4.mvr
# code=mvr:0 13 0 23 1 18 1 19 2 18 2 31 3 34 3 39 
0 13
0 23
1 18
1 19
2 18
2 31
3 34
3 39
4 12
4 32
5 19
5 21
6 3
6 37
7 12
7 29
8 6
8 36
9 8
9 15
10 23
10 28
11 3
11 17
12 38
12 41
13 4
13 45
14 2
14 21
15 29
15 36
16 7
16 15
17 10
17 34
18 43
18 44
19 40
19 44
20 20
20 25
21 31
21 40
22 0
22 10
23 35
23 45
24 5
24 14
25 20
25 25
26 1
26 5
27 1
27 2
28 11
28 35
29 30
29 38
30 9
30 16
31 24
31 43
32 0
32 41
33 4
33 7
34 28
34 42
35 17
35 22
36 30
36 37
37 9
37 39
38 16
38 33
39 8
39 42
40 24
40 26
41 13
41 33
42 6
42 11
43 14
43 27
44 26
44 27
45 22
45 32

# solution 342
# n=46 sym=rot4 status=verified source=flammenkamp_cache/n46_rot4.mvr
# code=mvr:0 13 0 26 1 24 1 39 2 24 2 36 3 10 3 38 
0 13
0 26
1 24
1 39
2 24
2 36
3 10
3 38
4 16
4 28
5 5
5 40
6 1
6 23
7 3
7 33
8 14
8 29
9 2
9 19
10 34
10 42
11 10
11 25
12 7
12 18
13 23
13 45
14 15
14 37
15 18
15 31
16 8
16 41
17 4
17 25
18 30
18 33
19 0
19 36
20 11
20 17
21 1
21 2
22 6
22 13
23 32
23 39
24 43
24 44
25 28
25 34
26 9
26 45
27 12
27 15
28 20
28 41
29 4
29 37
30 14
30 27
31 8
31 30
32 0
32 22
33 27
33 38
34 20
34 35
35 3
35 11
36 26
36 43
37 16
37 31
38 12
38 42
39 22
39 44
40 5
40 40
41 17
41 29
42 7
42 35
43 9
43 21
44 6
44 21
45 19
45 32

# solution 343
# n=46 sym=rot4 status=verified source=flammenkamp_cache/n46_rot4.mvr
# code=mvr:0 10 0 24 1 14 1 29 2 22 2 36 3 26 3 34 
0 10
0 24
1 14
1 29
2 22
2 36
3 26
3 34
4 23
4 37
5 15
5 27
6 6
6 39
7 12
7 13
8 4
8 17
9 2
9 32
10 24
10 45
11 3
11 25
12 30
12 38
13 9
13 38
14 19
14 44
15 12
15 40
16 1
16 27
17 25
17 37
18 5
18 16
19 3
19 31
20 11
20 17
21 0
21 10
22 4
22 43
23 2
23 41
24 35
24 45
25 28
25 34
26 14
26 42
27 29
27 40
28 8
28 20
29 18
29 44
30 5
30 33
31 1
31 26
32 7
32 36
33 7
33 15
34 20
34 42
35 0
35 21
36 13
36 43
37 28
37 41
38 32
38 33
39 6
39 39
40 18
40 30
41 8
41 22
42 11
42 19
43 9
43 23
44 16
44 31
45 21
45 35

# solution 344
# n=46 sym=rot4 status=verified source=flammenkamp_cache/n46_rot4.mvr
# code=mvr:0 31 0 32 1 21 1 23 2 29 2 40 3 12 3 18 
0 31
0 32
1 21
1 23
2 29
2 40
3 12
3 18
4 6
4 31
5 2
5 34
6 21
6 41
7 17
7 37
8 7
8 12
9 20
9 28
10 23
10 30
11 5
11 15
12 37
12 42
13 0
13 20
14 0
14 4
15 10
15 34
16 2
16 18
17 9
17 38
18 29
18 42
19 19
19 26
20 32
20 36
21 39
21 44
22 1
22 10
23 35
23 44
24 1
24 6
25 9
25 13
26 19
26 26
27 3
27 16
28 7
28 36
29 27
29 43
30 11
30 35
31 41
31 45
32 25
32 45
33 3
33 8
34 30
34 40
35 15
35 22
36 17
36 25
37 33
37 38
38 8
38 28
39 4
39 24
40 11
40 43
41 14
41 39
42 27
42 33
43 5
43 16
44 22
44 24
45 13
45 14

# solution 345
# n=46 sym=rot4 status=verified source=flammenkamp_cache/n46_rot4.mvr
# code=mvr:0 15 0 22 1 25 1 26 2 10 2 31 3 14 3 23 
0 15
0 22
1 25
1 26
2 10
2 31
3 14
3 23
4 6
4 28
5 10
5 34
6 21
6 41
7 28
7 33
8 9
8 29
9 13
9 37
10 40
10 43
11 5
11 18
12 7
12 32
13 12
13 36
14 2
14 42
15 21
15 45
16 8
16 19
17 4
17 7
18 20
18 34
19 1
19 29
20 1
20 27
21 30
21 39
22 3
22 45
23 0
23 42
24 6
24 15
25 18
25 44
26 16
26 44
27 11
27 25
28 38
28 41
29 26
29 37
30 0
30 24
31 3
31 43
32 9
32 33
33 13
33 38
34 27
34 40
35 2
35 5
36 8
36 32
37 16
37 36
38 12
38 17
39 4
39 24
40 11
40 35
41 17
41 39
42 22
42 31
43 14
43 35
44 19
44 20
45 23
45 30

# solution 346
# n=46 sym=rot4 status=verified source=flammenkamp_cache/n46_rot4.mvr
# code=mvr:0 22 0 29 1 18 1 21 2 4 2 9 3 11 3 12 4 
0 22
0 29
1 18
1 21
2 4
2 9
3 11
3 12
4 32
4 43
5 19
5 35
6 8
6 35
7 25
7 28
8 36
8 39
9 8
9 43
10 5
10 6
11 29
11 42
12 32
12 42
13 4
13 12
14 17
14 20
15 19
15 23
16 0
16 11
17 7
17 31
18 24
18 44
19 30
19 40
20 7
20 31
21 18
21 44
22 15
22 45
23 0
23 30
24 1
24 27
25 14
25 38
26 5
26 15
27 1
27 21
28 14
28 38
29 34
29 45
30 22
30 26
31 25
31 28
32 33
32 41
33 3
33 13
34 3
34 16
35 39
35 40
36 2
36 37
37 6
37 9
38 17
38 20
39 10
39 37
40 10
40 26
41 2
41 13
42 33
42 34
43 36
43 41
44 24
44 27
45 16
45 23

# solution 347
# n=46 sym=rot4 status=verified source=flammenkamp_cache/n46_rot4.mvr
# code=mvr:0 29 0 31 1 18 1 19 2 13 2 28 3 11 3 21 
0 29
0 31
1 18
1 19
2 13
2 28
3 11
3 21
4 32
4 38
5 15
5 33
6 7
6 10
7 4
7 39
8 28
8 30
9 22
9 24
10 11
10 39
11 35
11 42
12 5
12 20
13 4
13 43
14 0
14 26
15 8
15 40
16 0
16 18
17 2
17 8
18 29
18 44
19 14
19 44
20 23
20 33
21 9
21 42
22 20
22 36
23 9
23 25
24 3
24 36
25 12
25 22
26 1
26 31
27 1
27 16
28 37
28 43
29 27
29 45
30 5
30 37
31 19
31 45
32 2
32 41
33 25
33 40
34 3
34 10
35 6
35 34
36 21
36 23
37 15
37 17
38 6
38 41
39 35
39 38
40 12
40 30
41 7
41 13
42 24
42 34
43 17
43 32
44 26
44 27
45 14
45 16

# solution 348
# n=46 sym=rot4 status=verified source=flammenkamp_cache/n46_rot4.mvr
# code=mvr:0 4 0 24 1 18 1 31 2 16 2 25 3 11 3 26 4
0 4
0 24
1 18
1 31
2 16
2 25
3 11
3 26
4 29
4 45
5 12
5 22
6 26
6 37
7 17
7 32
8 6
8 35
9 17
9 21
10 8
10 11
11 35
11 42
12 23
12 40
13 7
13 18
14 1
14 25
15 15
15 30
16 4
16 43
17 36
17 38
18 32
18 44
19 3
19 6
20 2
20 14
21 0
21 36
22 12
22 40
23 5
23 33
24 9
24 45
25 31
25 43
26 39
26 42
27 1
27 13
28 7
28 9
29 2
29 41
30 15
30 30
31 20
31 44
32 27
32 38
33 5
33 22
34 3
34 10
35 34
35 37
36 24
36 28
37 10
37 39
38 13
38 28
39 8
39 19
40 23
40 33
41 0
41 16
42 19
42 34
43 20
43 29
44 14
44 27
45 21
45 41

# solution 349
# n=46 sym=rot4 status=verified source=flammenkamp_cache/n46_rot4.mvr
# code=mvr:0 7 0 26 1 14 1 34 2 15 2 22 3 27 3 34 4
0 7
0 26
1 14
1 34
2 15
2 22
3 27
3 34
4 6
4 13
5 9
5 10
6 33
6 41
7 30
7 45
8 17
8 23
9 20
9 40
10 33
10 40
11 1
11 3
12 6
12 10
13 29
13 41
14 26
14 44
15 7
15 43
16 13
16 28
17 16
17 37
18 3
18 21
19 0
19 14
20 24
20 36
21 20
21 27
22 8
22 43
23 2
23 37
24 18
24 25
25 9
25 21
26 31
26 45
27 24
27 42
28 8
28 29
29 17
29 32
30 2
30 38
31 1
31 19
32 4
32 16
33 35
33 39
34 42
34 44
35 5
35 12
36 5
36 25
37 22
37 28
38 0
38 15
39 4
39 12
40 35
40 36
41 32
41 39
42 11
42 18
43 23
43 30
44 11
44 31
45 19
45 38

# solution 350
# n=46 sym=rot4 status=verified source=flammenkamp_cache/n46_rot4.mvr
# code=mvr:0 30 0 37 1 18 1 25 2 14 2 18 3 23 3 26 
0 30
0 37
1 18
1 25
2 14
2 18
3 23
3 26
4 9
4 14
5 32
5 38
6 11
6 21
7 5
7 17
8 0
8 12
9 10
9 41
10 17
10 36
11 25
11 39
12 24
12 37
13 5
13 19
14 41
14 43
15 0
15 16
16 23
16 30
17 35
17 38
18 43
18 44
19 3
19 32
20 1
20 11
21 12
21 39
22 3
22 16
23 29
23 42
24 6
24 33
25 34
25 44
26 13
26 42
27 1
27 2
28 7
28 10
29 15
29 22
30 29
30 45
31 2
31 4
32 26
32 40
33 8
33 21
34 6
34 20
35 9
35 28
36 4
36 35
37 33
37 45
38 28
38 40
39 24
39 34
40 7
40 13
41 31
41 36
42 19
42 22
43 27
43 31
44 20
44 27
45 8
45 15

# solution 351
# n=46 sym=rot4 status=verified source=flammenkamp_cache/n46_rot4.mvr
# code=mvr:0 19 0 32 1 22 1 35 2 18 2 29 3 18 3 24 
0 19
0 32
1 22
1 35
2 18
2 29
3 18
3 24
4 8
4 24
5 8
5 38
6 33
6 34
7 5
7 35
8 40
8 41
9 11
9 26
10 1
10 7
11 6
11 36
12 6
12 25
13 0
13 17
14 15
14 23
15 25
15 31
16 2
16 28
17 16
17 32
18 42
18 43
19 9
19 45
20 12
20 15
21 3
21 4
22 14
22 44
23 1
23 31
24 41
24 42
25 30
25 33
26 0
26 36
27 2
27 3
28 13
28 29
29 17
29 43
30 14
30 20
31 22
31 30
32 28
32 45
33 20
33 39
34 9
34 39
35 38
35 44
36 19
36 34
37 4
37 5
38 10
38 40
39 11
39 12
40 7
40 37
41 21
41 37
42 21
42 27
43 16
43 27
44 10
44 23
45 13
45 26

# solution 352
# n=46 sym=rot4 status=verified source=flammenkamp_cache/n46_rot4.mvr
# code=mvr:0 22 0 29 1 14 1 26 2 5 2 33 3 11 3 28 4
0 22
0 29
1 14
1 26
2 5
2 33
3 11
3 28
4 21
4 31
5 16
5 43
6 21
6 30
7 9
7 10
8 9
8 25
9 37
9 38
10 30
10 38
11 13
11 42
12 2
12 18
13 25
13 34
14 4
14 44
15 6
15 10
16 0
16 40
17 3
17 23
18 26
18 33
19 1
19 18
20 8
20 13
21 39
21 41
22 17
22 45
23 0
23 28
24 4
24 6
25 32
25 37
26 27
26 44
27 12
27 19
28 22
28 42
29 5
29 45
30 35
30 39
31 1
31 41
32 11
32 20
33 27
33 43
34 3
34 32
35 7
35 15
36 7
36 8
37 20
37 36
38 35
38 36
39 15
39 24
40 2
40 29
41 14
41 24
42 17
42 34
43 12
43 40
44 19
44 31
45 16
45 23

# solution 353
# n=46 sym=rot4 status=verified source=flammenkamp_cache/n46_rot4.mvr
# code=mvr:0 13 0 29 1 23 1 39 2 28 2 29 3 18 3 21 
0 13
0 29
1 23
1 39
2 28
2 29
3 18
3 21
4 18
4 33
5 10
5 39
6 1
6 5
7 25
7 30
8 17
8 36
9 8
9 12
10 19
10 40
11 14
11 23
12 4
12 36
13 25
13 45
14 24
14 34
15 7
15 19
16 0
16 2
17 2
17 37
18 41
18 42
19 30
19 35
20 7
20 13
21 14
21 42
22 1
22 11
23 34
23 44
24 3
24 31
25 32
25 38
26 10
26 15
27 3
27 4
28 8
28 43
29 43
29 45
30 26
30 38
31 11
31 21
32 0
32 20
33 9
33 41
34 22
34 31
35 5
35 26
36 33
36 37
37 9
37 28
38 15
38 20
39 40
39 44
40 6
40 35
41 12
41 27
42 24
42 27
43 16
43 17
44 6
44 22
45 16
45 32

# solution 354
# n=46 sym=rot4 status=verified source=flammenkamp_cache/n46_rot4.mvr
# code=mvr:0 26 0 35 1 17 1 37 2 20 2 24 3 12 3 14 
0 26
0 35
1 17
1 37
2 20
2 24
3 12
3 14
4 28
4 35
5 9
5 19
6 11
6 31
7 11
7 32
8 1
8 23
9 16
9 40
10 0
10 4
11 38
11 39
12 30
12 42
13 7
13 15
14 6
14 42
15 12
15 32
16 21
16 36
17 4
17 44
18 18
18 27
19 0
19 40
20 23
20 43
21 2
21 29
22 8
22 20
23 25
23 37
24 16
24 43
25 2
25 22
26 5
26 45
27 18
27 27
28 1
28 41
29 9
29 24
30 13
30 33
31 3
31 39
32 30
32 38
33 3
33 15
34 6
34 7
35 41
35 45
36 5
36 29
37 22
37 44
38 13
38 34
39 14
39 34
40 26
40 36
41 10
41 17
42 31
42 33
43 21
43 25
44 8
44 28
45 10
45 19

# solution 355
# n=46 sym=rot4 status=verified source=flammenkamp_cache/n46_rot4.mvr
# code=mvr:0 28 0 44 1 0 1 9 2 20 2 22 3 27 3 33 4 
0 28
0 44
1 0
1 9
2 20
2 22
3 27
3 33
4 26
4 29
5 12
5 36
6 6
6 39
7 16
7 21
8 11
8 31
9 5
9 44
10 30
10 31
11 23
11 37
12 3
12 40
13 21
13 27
14 8
14 10
15 10
15 28
16 4
16 38
17 0
17 15
18 3
18 13
19 4
19 25
20 19
20 43
21 32
21 38
22 11
22 43
23 2
23 34
24 7
24 13
25 2
25 26
26 20
26 41
27 32
27 42
28 30
28 45
29 7
29 41
30 17
30 35
31 35
31 37
32 18
32 24
33 5
33 42
34 8
34 22
35 14
35 15
36 1
36 40
37 14
37 34
38 24
38 29
39 6
39 39
40 9
40 33
41 16
41 19
42 12
42 18
43 23
43 25
44 36
44 45
45 1
45 17

# solution 356
# n=46 sym=rot4 status=verified source=flammenkamp_cache/n46_rot4.mvr
# code=mvr:0 23 0 37 1 17 1 29 2 13 2 18 3 10 3 12 
0 23
0 37
1 17
1 29
2 13
2 18
3 10
3 12
4 9
4 17
5 26
5 30
6 10
6 25
7 27
7 31
8 0
8 20
9 30
9 41
10 39
10 42
11 11
11 34
12 21
12 42
13 26
13 43
14 7
14 16
15 5
15 9
16 1
16 31
17 41
17 44
18 7
18 43
19 5
19 13
20 6
20 37
21 23
21 33
22 0
22 21
23 24
23 45
24 12
24 22
25 8
25 39
26 32
26 40
27 2
27 38
28 1
28 4
29 14
29 44
30 36
30 40
31 29
31 38
32 2
32 19
33 3
33 24
34 11
34 34
35 3
35 6
36 4
36 15
37 25
37 45
38 14
38 18
39 20
39 35
40 15
40 19
41 28
41 36
42 33
42 35
43 27
43 32
44 16
44 28
45 8
45 22

# solution 357
# n=46 sym=rot4 status=verified source=flammenkamp_cache/n46_rot4.mvr
# code=mvr:0 19 0 23 1 12 1 19 2 28 2 38 3 28 3 32 
0 19
0 23
1 12
1 19
2 28
2 38
3 28
3 32
4 10
4 14
5 21
5 25
6 27
6 34
7 2
7 24
8 10
8 16
9 16
9 25
10 37
10 41
11 6
11 33
12 11
12 44
13 3
13 15
14 23
14 41
15 27
15 32
16 36
16 37
17 2
17 3
18 6
18 15
19 44
19 45
20 5
20 9
21 7
21 40
22 0
22 14
23 31
23 45
24 5
24 38
25 36
25 40
26 0
26 1
27 30
27 39
28 42
28 43
29 8
29 9
30 13
30 18
31 4
31 22
32 30
32 42
33 1
33 34
34 12
34 39
35 4
35 8
36 20
36 29
37 29
37 35
38 21
38 43
39 11
39 18
40 20
40 24
41 31
41 35
42 13
42 17
43 7
43 17
44 26
44 33
45 22
45 26

# solution 358
# n=46 sym=rot4 status=verified source=flammenkamp_cache/n46_rot4.mvr
# code=mvr:0 12 0 30 1 19 1 37 2 17 2 21 3 30 3 34 
0 12
0 30
1 19
1 37
2 17
2 21
3 30
3 34
4 9
4 21
5 6
5 14
6 34
6 40
7 17
7 32
8 1
8 19
9 23
9 41
10 29
10 31
11 3
11 6
12 20
12 45
13 7
13 23
14 10
14 40
15 0
15 3
16 10
16 18
17 38
17 43
18 20
18 29
19 37
19 44
20 27
20 33
21 41
21 43
22 9
22 13
23 32
23 36
24 2
24 4
25 12
25 18
26 1
26 8
27 16
27 25
28 2
28 7
29 27
29 35
30 42
30 45
31 5
31 35
32 22
32 38
33 0
33 25
34 39
34 42
35 14
35 16
36 4
36 22
37 26
37 44
38 13
38 28
39 5
39 11
40 31
40 39
41 24
41 36
42 11
42 15
43 24
43 28
44 8
44 26
45 15
45 33

# solution 359
# n=46 sym=rot4 status=verified source=flammenkamp_cache/n46_rot4.mvr
# code=mvr:0 28 0 38 1 21 1 30 2 18 2 39 3 5 3 22 4
0 28
0 38
1 21
1 30
2 18
2 39
3 5
3 22
4 9
4 16
5 35
5 42
6 2
6 15
7 0
7 20
8 8
8 37
9 20
9 41
10 5
10 34
11 10
11 19
12 16
12 23
13 26
13 31
14 13
14 17
15 1
15 39
16 33
16 41
17 0
17 31
18 24
18 43
19 13
19 34
20 36
20 38
21 18
21 44
22 12
22 42
23 3
23 33
24 1
24 27
25 7
25 9
26 11
26 32
27 2
27 21
28 14
28 45
29 4
29 12
30 6
30 44
31 28
31 32
32 14
32 19
33 22
33 29
34 26
34 35
35 11
35 40
36 4
36 25
37 8
37 37
38 25
38 45
39 30
39 43
40 3
40 10
41 29
41 36
42 23
42 40
43 6
43 27
44 15
44 24
45 7
45 17

# solution 360
# n=46 sym=rot4 status=verified source=flammenkamp_cache/n46_rot4.mvr
# code=mvr:0 13 0 20 1 27 1 28 2 16 2 33 3 10 3 27 
0 13
0 20
1 27
1 28
2 16
2 33
3 10
3 27
4 15
4 39
5 24
5 34
6 4
6 15
7 19
7 20
8 9
8 12
9 32
9 37
10 24
10 42
11 5
11 17
12 2
12 37
13 9
13 45
14 26
14 29
15 39
15 41
16 14
16 43
17 1
17 34
18 1
18 3
19 14
19 38
20 38
20 45
21 5
21 10
22 22
22 23
23 22
23 23
24 35
24 40
25 0
25 7
26 7
26 31
27 42
27 44
28 11
28 44
29 2
29 31
30 4
30 6
31 16
31 19
32 0
32 36
33 8
33 43
34 28
34 40
35 3
35 21
36 8
36 13
37 33
37 36
38 25
38 26
39 30
39 41
40 11
40 21
41 6
41 30
42 18
42 35
43 12
43 29
44 17
44 18
45 25
45 32

# solution 361
# n=46 sym=rot4 status=verified source=flammenkamp_cache/n46_rot4.mvr
# code=mvr:0 18 0 32 1 7 1 14 2 28 2 33 3 18 3 19 4
0 18
0 32
1 7
1 14
2 28
2 33
3 18
3 19
4 21
4 37
5 28
5 35
6 15
6 31
7 9
7 44
8 4
8 11
9 26
9 38
10 5
10 21
11 22
11 37
12 2
12 32
13 0
13 12
14 6
14 44
15 29
15 39
16 15
16 20
17 2
17 5
18 42
18 45
19 9
19 42
20 23
20 29
21 35
21 41
22 20
22 34
23 11
23 25
24 4
24 10
25 16
25 22
26 3
26 36
27 0
27 3
28 40
28 43
29 25
29 30
30 6
30 16
31 1
31 39
32 33
32 45
33 13
33 43
34 8
34 23
35 24
35 40
36 7
36 19
37 34
37 41
38 1
38 36
39 14
39 30
40 10
40 17
41 8
41 24
42 26
42 27
43 12
43 17
44 31
44 38
45 13
45 27

# solution 362
# n=46 sym=rot4 status=verified source=flammenkamp_cache/n46_rot4.mvr
# code=mvr:0 4 0 20 1 7 1 15 2 28 2 35 3 21 3 26 4 
0 4
0 20
1 7
1 15
2 28
2 35
3 21
3 26
4 29
4 45
5 18
5 31
6 11
6 26
7 14
7 44
8 18
8 32
9 9
9 36
10 2
10 28
11 32
11 39
12 21
12 22
13 8
13 11
14 5
14 38
15 16
15 44
16 4
16 30
17 2
17 10
18 37
18 40
19 3
19 6
20 23
20 45
21 33
21 42
22 20
22 33
23 12
23 25
24 3
24 12
25 0
25 22
26 39
26 42
27 5
27 8
28 35
28 43
29 15
29 41
30 1
30 29
31 7
31 40
32 34
32 37
33 23
33 24
34 6
34 13
35 17
35 43
36 9
36 36
37 13
37 27
38 1
38 31
39 19
39 34
40 14
40 27
41 0
41 16
42 19
42 24
43 10
43 17
44 30
44 38
45 25
45 41

# solution 363
# n=46 sym=rot4 status=verified source=flammenkamp_cache/n46_rot4.mvr
# code=mvr:0 15 0 21 1 7 1 18 2 18 2 36 3 8 3 23 4 
0 15
0 21
1 7
1 18
2 18
2 36
3 8
3 23
4 8
4 32
5 15
5 17
6 6
6 39
7 12
7 44
8 41
8 42
9 2
9 20
10 28
10 33
11 23
11 31
12 10
12 38
13 4
13 19
14 11
14 29
15 40
15 45
16 14
16 19
17 10
17 40
18 43
18 44
19 29
19 32
20 24
20 36
21 20
21 45
22 3
22 11
23 34
23 42
24 0
24 25
25 9
25 21
26 13
26 16
27 1
27 2
28 5
28 35
29 26
29 31
30 0
30 5
31 16
31 34
32 26
32 41
33 7
33 35
34 14
34 22
35 12
35 17
36 25
36 43
37 3
37 4
38 1
38 33
39 6
39 39
40 28
40 30
41 13
41 37
42 22
42 37
43 9
43 27
44 27
44 38
45 24
45 30

# solution 364
# n=46 sym=rot4 status=verified source=flammenkamp_cache/n46_rot4.mvr
# code=mvr:0 22 0 27 1 13 1 27 2 10 2 34 3 14 3 23 
0 22
0 27
1 13
1 27
2 10
2 34
3 14
3 23
4 8
4 10
5 30
5 37
6 30
6 36
7 24
7 28
8 5
8 41
9 6
9 31
10 41
10 43
11 2
11 13
12 19
12 28
13 34
13 44
14 9
14 42
15 5
15 6
16 16
16 29
17 7
17 12
18 0
18 1
19 25
19 33
20 19
20 24
21 7
21 20
22 3
22 45
23 0
23 42
24 25
24 38
25 21
25 26
26 12
26 20
27 44
27 45
28 33
28 38
29 16
29 29
30 39
30 40
31 3
31 36
32 1
32 11
33 17
33 26
34 32
34 43
35 2
35 4
36 14
36 39
37 4
37 40
38 17
38 21
39 9
39 15
40 8
40 15
41 35
41 37
42 22
42 31
43 11
43 35
44 18
44 32
45 18
45 23

# solution 365
# n=46 sym=rot4 status=verified source=flammenkamp_cache/n46_rot4.mvr
# code=mvr:0 19 0 20 1 6 1 28 2 30 2 32 3 10 3 12 4
0 19
0 20
1 6
1 28
2 30
2 32
3 10
3 12
4 19
4 21
5 27
5 37
6 29
6 44
7 11
7 13
8 5
8 31
9 24
9 33
10 14
10 42
11 18
11 38
12 9
12 42
13 2
13 38
14 8
14 35
15 2
15 20
16 6
16 17
17 1
17 29
18 5
18 34
19 41
19 45
20 30
20 45
21 9
21 41
22 22
22 23
23 22
23 23
24 4
24 36
25 0
25 15
26 0
26 4
27 11
27 40
28 16
28 44
29 28
29 39
30 25
30 43
31 10
31 37
32 7
32 43
33 3
33 36
34 7
34 27
35 3
35 31
36 12
36 21
37 14
37 40
38 32
38 34
39 1
39 16
40 8
40 18
41 24
41 26
42 33
42 35
43 13
43 15
44 17
44 39
45 25
45 26

# solution 366
# n=46 sym=rot4 status=verified source=flammenkamp_cache/n46_rot4.mvr
# code=mvr:0 24 0 27 1 32 1 33 2 14 2 35 3 5 3 8 4 
0 24
0 27
1 32
1 33
2 14
2 35
3 5
3 8
4 7
4 15
5 21
5 42
6 26
6 33
7 23
7 41
8 23
8 42
9 13
9 19
10 2
10 28
11 14
11 28
12 1
12 6
13 1
13 36
14 34
14 43
15 20
15 41
16 16
16 29
17 10
17 11
18 0
18 20
19 6
19 36
20 27
20 30
21 0
21 40
22 7
22 8
23 37
23 38
24 5
24 45
25 15
25 18
26 9
26 39
27 25
27 45
28 34
28 35
29 16
29 29
30 4
30 25
31 2
31 11
32 9
32 44
33 39
33 44
34 17
34 31
35 17
35 43
36 26
36 32
37 3
37 22
38 4
38 22
39 12
39 19
40 3
40 24
41 30
41 38
42 37
42 40
43 10
43 31
44 12
44 13
45 18
45 21

# solution 367
# n=46 sym=rot4 status=verified source=flammenkamp_cache/n46_rot4.mvr
# code=mvr:0 21 0 27 1 15 1 34 2 10 2 31 3 12 3 23 
0 21
0 27
1 15
1 34
2 10
2 31
3 12
3 23
4 6
4 19
5 25
5 27
6 16
6 41
7 10
7 34
8 9
8 29
9 25
9 37
10 38
10 43
11 1
11 7
12 19
12 42
13 14
13 15
14 2
14 32
15 32
15 44
16 8
16 39
17 23
17 24
18 0
18 5
19 33
19 41
20 5
20 9
21 17
21 45
22 3
22 17
23 28
23 42
24 0
24 28
25 36
25 40
26 4
26 12
27 40
27 45
28 21
28 22
29 6
29 37
30 1
30 13
31 13
31 43
32 30
32 31
33 3
33 26
34 38
34 44
35 2
35 7
36 8
36 20
37 16
37 36
38 11
38 35
39 4
39 29
40 18
40 20
41 26
41 39
42 22
42 33
43 14
43 35
44 11
44 30
45 18
45 24

# solution 368
# n=46 sym=rot4 status=verified source=flammenkamp_cache/n46_rot4.mvr
# code=mvr:0 11 0 20 1 14 1 23 2 30 2 37 3 10 3 13 
0 11
0 20
1 14
1 23
2 30
2 37
3 10
3 13
4 27
4 38
5 23
5 33
6 10
6 18
7 4
7 34
8 2
8 19
9 24
9 28
10 39
10 42
11 7
11 45
12 5
12 32
13 12
13 42
14 16
14 44
15 2
15 25
16 21
16 31
17 9
17 19
18 4
18 39
19 28
19 37
20 15
20 45
21 9
21 29
22 1
22 5
23 40
23 44
24 16
24 36
25 0
25 30
26 8
26 17
27 6
27 41
28 26
28 36
29 14
29 24
30 20
30 43
31 1
31 29
32 3
32 33
33 13
33 40
34 0
34 38
35 3
35 6
36 17
36 21
37 26
37 43
38 11
38 41
39 27
39 35
40 12
40 22
41 7
41 18
42 32
42 35
43 8
43 15
44 22
44 31
45 25
45 34

# solution 369
# n=46 sym=rot4 status=verified source=flammenkamp_cache/n46_rot4.mvr
# code=mvr:0 35 0 38 1 23 1 26 2 15 2 16 3 25 3 34 
0 35
0 38
1 23
1 26
2 15
2 16
3 25
3 34
4 18
4 33
5 14
5 38
6 9
6 27
7 0
7 5
8 14
8 32
9 24
9 39
10 0
10 17
11 3
11 15
12 4
12 32
13 8
13 12
14 37
14 40
15 34
15 43
16 19
16 43
17 23
17 35
18 6
18 41
19 1
19 29
20 3
20 24
21 9
21 20
22 1
22 17
23 28
23 44
24 25
24 36
25 21
25 42
26 16
26 44
27 4
27 39
28 10
28 22
29 2
29 26
30 2
30 11
31 5
31 8
32 33
32 37
33 13
33 41
34 30
34 42
35 28
35 45
36 6
36 21
37 13
37 31
38 40
38 45
39 18
39 36
40 7
40 31
41 12
41 27
42 11
42 20
43 29
43 30
44 19
44 22
45 7
45 10

# solution 370
# n=46 sym=rot4 status=verified source=flammenkamp_cache/n46_rot4.mvr
# code=mvr:0 24 0 28 1 18 1 30 2 20 2 40 3 12 3 21 
0 24
0 28
1 18
1 30
2 20
2 40
3 12
3 21
4 10
4 15
5 2
5 25
6 11
6 31
7 26
7 34
8 14
8 35
9 23
9 29
10 8
10 41
11 7
11 39
12 23
12 42
13 13
13 32
14 6
14 37
15 1
15 41
16 9
16 17
17 0
17 29
18 19
18 44
19 7
19 27
20 5
20 43
21 0
21 42
22 9
22 12
23 33
23 36
24 3
24 45
25 2
25 40
26 18
26 38
27 1
27 26
28 16
28 45
29 28
29 36
30 4
30 44
31 8
31 39
32 13
32 32
33 3
33 22
34 6
34 38
35 4
35 37
36 16
36 22
37 10
37 31
38 11
38 19
39 14
39 34
40 20
40 43
41 30
41 35
42 24
42 33
43 5
43 25
44 15
44 27
45 17
45 21

# solution 371
# n=46 sym=rot4 status=verified source=flammenkamp_cache/n46_rot4.mvr
# code=mvr:0 22 0 24 1 31 1 35 2 16 2 17 3 9 3 11 4
0 22
0 24
1 31
1 35
2 16
2 17
3 9
3 11
4 31
4 37
5 19
5 21
6 28
6 37
7 10
7 30
8 4
8 6
9 33
9 42
10 1
10 38
11 16
11 42
12 9
12 27
13 20
13 23
14 1
14 4
15 7
15 26
16 34
16 43
17 6
17 43
18 12
18 20
19 15
19 40
20 27
20 32
21 0
21 40
22 13
22 45
23 0
23 32
24 5
24 45
25 13
25 18
26 5
26 30
27 25
27 33
28 2
28 39
29 2
29 11
30 19
30 38
31 41
31 44
32 22
32 25
33 18
33 36
34 3
34 29
35 7
35 44
36 3
36 12
37 39
37 41
38 15
38 35
39 8
39 17
40 24
40 26
41 8
41 14
42 34
42 36
43 28
43 29
44 10
44 14
45 21
45 23

# solution 372
# n=46 sym=rot4 status=verified source=flammenkamp_cache/n46_rot4.mvr
# code=mvr:0 19 0 25 1 3 1 15 2 10 2 15 3 25 3 44 4
0 19
0 25
1 3
1 15
2 10
2 15
3 25
3 44
4 23
4 32
5 18
5 26
6 9
6 16
7 34
7 37
8 7
8 31
9 12
9 39
10 18
10 43
11 7
11 16
12 21
12 36
13 4
13 28
14 8
14 21
15 43
15 44
16 34
16 39
17 13
17 23
18 35
18 40
19 5
19 45
20 0
20 3
21 31
21 33
22 4
22 17
23 28
23 41
24 12
24 14
25 42
25 45
26 0
26 40
27 5
27 10
28 22
28 32
29 6
29 11
30 1
30 2
31 24
31 37
32 17
32 41
33 9
33 24
34 29
34 38
35 2
35 27
36 6
36 33
37 14
37 38
38 8
38 11
39 29
39 36
40 19
40 27
41 13
41 22
42 1
42 20
43 30
43 35
44 30
44 42
45 20
45 26

# solution 373
# n=46 sym=rot4 status=verified source=flammenkamp_cache/n46_rot4.mvr
# code=mvr:0 9 0 23 1 12 1 20 2 26 2 28 3 7 3 17 4 
0 9
0 23
1 12
1 20
2 26
2 28
3 7
3 17
4 10
4 14
5 6
5 35
6 36
6 40
7 33
7 42
8 20
8 21
9 6
9 45
10 5
10 41
11 18
11 32
12 7
12 44
13 11
13 21
14 27
14 41
15 16
15 23
16 26
16 30
17 2
17 42
18 14
18 34
19 2
19 16
20 37
20 44
21 32
21 37
22 0
22 15
23 30
23 45
24 8
24 13
25 1
25 8
26 29
26 43
27 11
27 31
28 3
28 43
29 15
29 19
30 22
30 29
31 4
31 18
32 24
32 34
33 1
33 38
34 13
34 27
35 4
35 40
36 0
36 39
37 24
37 25
38 3
38 12
39 5
39 9
40 10
40 39
41 31
41 35
42 28
42 38
43 17
43 19
44 25
44 33
45 22
45 36

# solution 374
# n=46 sym=rot4 status=verified source=flammenkamp_cache/n46_rot4.mvr
# code=mvr:0 17 0 23 1 26 1 39 2 15 2 24 3 33 3 39 
0 17
0 23
1 26
1 39
2 15
2 24
3 33
3 39
4 5
4 10
5 19
5 41
6 1
6 3
7 27
7 33
8 10
8 16
9 9
9 36
10 37
10 41
11 23
11 25
12 3
12 7
13 16
13 20
14 15
14 27
15 31
15 43
16 32
16 37
17 24
17 45
18 7
18 14
19 1
19 40
20 11
20 32
21 2
21 17
22 0
22 11
23 34
23 45
24 28
24 43
25 13
25 34
26 5
26 44
27 31
27 38
28 0
28 21
29 8
29 13
30 2
30 14
31 18
31 30
32 25
32 29
33 38
33 42
34 20
34 22
35 4
35 8
36 9
36 36
37 29
37 35
38 12
38 18
39 42
39 44
40 4
40 26
41 35
41 40
42 6
42 12
43 21
43 30
44 6
44 19
45 22
45 28

# solution 375
# n=46 sym=rot4 status=verified source=flammenkamp_cache/n46_rot4.mvr
# code=mvr:0 23 0 25 1 30 1 33 2 13 2 34 3 16 3 37 
0 23
0 25
1 30
1 33
2 13
2 34
3 16
3 37
4 10
4 12
5 7
5 24
6 18
6 23
7 37
7 40
8 3
8 7
9 14
9 26
10 29
10 41
11 2
11 24
12 1
12 41
13 31
13 43
14 13
14 36
15 1
15 27
16 10
16 42
17 20
17 26
18 15
18 39
19 9
19 17
20 0
20 28
21 5
21 11
22 0
22 6
23 39
23 45
24 34
24 40
25 17
25 45
26 28
26 36
27 6
27 30
28 19
28 25
29 3
29 35
30 18
30 44
31 9
31 32
32 2
32 14
33 4
33 44
34 21
34 43
35 4
35 16
36 19
36 31
37 38
37 42
38 5
38 8
39 22
39 27
40 21
40 38
41 33
41 35
42 8
42 29
43 11
43 32
44 12
44 15
45 20
45 22

# solution 376
# n=46 sym=rot4 status=verified source=flammenkamp_cache/n46_rot4.mvr
# code=mvr:0 17 0 26 1 20 1 24 2 12 2 20 3 30 3 36 
0 17
0 26
1 20
1 24
2 12
2 20
3 30
3 36
4 32
4 37
5 10
5 13
6 7
6 31
7 24
7 39
8 4
8 34
9 3
9 23
10 34
10 40
11 8
11 10
12 18
12 43
13 4
13 40
14 6
14 29
15 3
15 28
16 14
16 19
17 15
17 45
18 23
18 33
19 0
19 29
20 43
20 44
21 1
21 7
22 9
22 18
23 27
23 36
24 38
24 44
25 1
25 2
26 16
26 45
27 12
27 22
28 0
28 30
29 26
29 31
30 17
30 42
31 16
31 39
32 5
32 41
33 2
33 27
34 35
34 37
35 5
35 11
36 22
36 42
37 11
37 41
38 6
38 21
39 14
39 38
40 32
40 35
41 8
41 13
42 9
42 15
43 25
43 33
44 21
44 25
45 19
45 28

# solution 377
# n=46 sym=rot4 status=verified source=flammenkamp_cache/n46_rot4.mvr
# code=mvr:0 8 0 28 1 24 1 32 2 22 2 42 3 2 3 34 4 
0 8
0 28
1 24
1 32
2 22
2 42
3 2
3 34
4 15
4 27
5 14
5 37
6 21
6 27
7 11
7 14
8 5
8 45
9 9
9 36
10 25
10 29
11 3
11 38
12 19
12 23
13 1
13 26
14 38
14 40
15 28
15 41
16 10
16 25
17 0
17 15
18 4
18 6
19 13
19 33
20 10
20 16
21 1
21 39
22 12
22 43
23 2
23 33
24 6
24 44
25 29
25 35
26 12
26 32
27 39
27 41
28 30
28 45
29 20
29 35
30 4
30 17
31 5
31 7
32 19
32 44
33 22
33 26
34 7
34 42
35 16
35 20
36 9
36 36
37 0
37 40
38 31
38 34
39 18
39 24
40 8
40 31
41 18
41 30
42 11
42 43
43 3
43 23
44 13
44 21
45 17
45 37

# solution 378
# n=46 sym=rot4 status=verified source=flammenkamp_cache/n46_rot4.mvr
# code=mvr:0 5 0 13 1 15 1 35 2 23 2 30 3 17 3 39 4
0 5
0 13
1 15
1 35
2 23
2 30
3 17
3 39
4 19
4 23
5 12
5 45
6 3
6 27
7 8
7 14
8 10
8 38
9 19
9 20
10 1
10 37
11 12
11 17
12 34
12 40
13 24
13 45
14 29
14 38
15 2
15 44
16 14
16 20
17 34
17 42
18 6
18 24
19 36
19 41
20 29
20 36
21 13
21 18
22 2
22 4
23 41
23 43
24 27
24 32
25 9
25 16
26 4
26 9
27 21
27 39
28 3
28 11
29 25
29 31
30 1
30 43
31 7
31 16
32 0
32 21
33 5
33 11
34 28
34 33
35 8
35 44
36 25
36 26
37 7
37 35
38 31
38 37
39 18
39 42
40 0
40 33
41 22
41 26
42 6
42 28
43 15
43 22
44 10
44 30
45 32
45 40

# solution 379
# n=46 sym=rot4 status=verified source=flammenkamp_cache/n46_rot4.mvr
# code=mvr:0 10 0 11 1 23 1 24 2 14 2 18 3 6 3 28 4
0 10
0 11
1 23
1 24
2 14
2 18
3 6
3 28
4 27
4 33
5 16
5 23
6 38
6 42
7 6
7 20
8 24
8 35
9 30
9 33
10 8
10 45
11 19
11 45
12 4
12 9
13 28
13 30
14 19
14 43
15 9
15 13
16 20
16 40
17 3
17 13
18 4
18 43
19 31
19 34
20 29
20 38
21 1
21 8
22 1
22 5
23 40
23 44
24 37
24 44
25 7
25 16
26 11
26 14
27 2
27 41
28 32
28 42
29 5
29 25
30 32
30 36
31 2
31 26
32 15
32 17
33 36
33 41
34 0
34 26
35 0
35 37
36 12
36 15
37 10
37 21
38 25
38 39
39 3
39 7
40 22
40 29
41 12
41 18
42 17
42 39
43 27
43 31
44 21
44 22
45 34
45 35

# solution 380
# n=46 sym=rot4 status=verified source=flammenkamp_cache/n46_rot4.mvr
# code=mvr:0 9 0 29 1 18 1 23 2 32 2 40 3 7 3 24 4 
0 9
0 29
1 18
1 23
2 32
2 40
3 7
3 24
4 17
4 32
5 2
5 11
6 31
6 36
7 19
7 42
8 15
8 27
9 6
9 45
10 33
10 34
11 10
11 40
12 10
12 23
13 2
13 4
14 6
14 19
15 16
15 37
16 0
16 30
17 24
17 41
18 8
18 44
19 31
19 38
20 20
20 25
21 3
21 17
22 1
22 12
23 33
23 44
24 28
24 42
25 20
25 25
26 7
26 14
27 1
27 37
28 4
28 21
29 15
29 45
30 8
30 29
31 26
31 39
32 41
32 43
33 22
33 35
34 5
34 35
35 11
35 12
36 0
36 39
37 18
37 30
38 3
38 26
39 9
39 14
40 34
40 43
41 13
41 28
42 21
42 38
43 5
43 13
44 22
44 27
45 16
45 36

# solution 381
# n=46 sym=rot4 status=verified source=flammenkamp_cache/n46_rot4.mvr
# code=mvr:0 17 0 36 1 12 1 19 2 22 2 24 3 7 3 35 4
0 17
0 36
1 12
1 19
2 22
2 24
3 7
3 35
4 17
4 35
5 7
5 13
6 27
6 31
7 40
7 42
8 11
8 23
9 0
9 31
10 3
10 4
11 18
11 37
12 21
12 44
13 29
13 40
14 6
14 9
15 20
15 29
16 13
16 15
17 41
17 45
18 6
18 34
19 20
19 44
20 26
20 30
21 2
21 33
22 8
22 43
23 2
23 37
24 12
24 43
25 15
25 19
26 1
26 25
27 11
27 39
28 0
28 4
29 30
29 32
30 16
30 25
31 36
31 39
32 5
32 16
33 1
33 24
34 8
34 27
35 41
35 42
36 14
36 45
37 22
37 34
38 3
38 5
39 14
39 18
40 32
40 38
41 10
41 28
42 10
42 38
43 21
43 23
44 26
44 33
45 9
45 28

# solution 382
# n=46 sym=rot4 status=verified source=flammenkamp_cache/n46_rot4.mvr
# code=mvr:0 12 0 18 1 27 1 37 2 5 2 23 3 26 3 29 4
0 12
0 18
1 27
1 37
2 5
2 23
3 26
3 29
4 14
4 19
5 24
5 43
6 31
6 36
7 17
7 36
8 1
8 13
9 6
9 7
10 24
10 28
11 23
11 30
12 13
12 45
13 33
13 37
14 6
14 41
15 11
15 16
16 3
16 30
17 10
17 38
18 1
18 45
19 3
19 41
20 20
20 25
21 5
21 10
22 2
22 11
23 34
23 43
24 35
24 40
25 20
25 25
26 4
26 42
27 0
27 44
28 7
28 35
29 15
29 42
30 29
30 34
31 4
31 39
32 8
32 12
33 0
33 32
34 15
34 22
35 17
35 21
36 38
36 39
37 32
37 44
38 9
38 28
39 9
39 14
40 2
40 21
41 26
41 31
42 16
42 19
43 22
43 40
44 8
44 18
45 27
45 33

# solution 383
# n=46 sym=rot4 status=verified source=flammenkamp_cache/n46_rot4.mvr
# code=mvr:0 23 0 31 1 21 1 30 2 9 2 23 3 14 3 18 4
0 23
0 31
1 21
1 30
2 9
2 23
3 14
3 18
4 16
4 30
5 35
5 37
6 21
6 38
7 6
7 26
8 5
8 33
9 35
9 43
10 5
10 9
11 16
11 18
12 8
12 20
13 13
13 32
14 0
14 42
15 1
15 4
16 34
16 41
17 19
17 20
18 34
18 42
19 7
19 28
20 28
20 33
21 39
21 44
22 0
22 2
23 43
23 45
24 1
24 6
25 12
25 17
26 17
26 38
27 3
27 11
28 25
28 26
29 4
29 11
30 41
30 44
31 3
31 45
32 13
32 32
33 25
33 37
34 27
34 29
35 36
35 40
36 2
36 10
37 12
37 40
38 19
38 39
39 7
39 24
40 8
40 10
41 15
41 29
42 27
42 31
43 22
43 36
44 15
44 24
45 14
45 22

# solution 384
# n=46 sym=rot4 status=verified source=flammenkamp_cache/n46_rot4.mvr
# code=mvr:0 16 0 28 1 5 1 27 2 7 2 24 3 10 3 23 4 
0 16
0 28
1 5
1 27
2 7
2 24
3 10
3 23
4 14
4 17
5 7
5 44
6 32
6 36
7 40
7 43
8 10
8 32
9 6
9 18
10 37
10 42
11 14
11 23
12 21
12 25
13 6
13 8
14 34
14 41
15 19
15 29
16 15
16 45
17 0
17 41
18 1
18 36
19 25
19 30
20 12
20 19
21 2
21 33
22 3
22 11
23 34
23 42
24 12
24 43
25 26
25 33
26 15
26 20
27 9
27 44
28 4
28 45
29 0
29 30
30 16
30 26
31 4
31 11
32 37
32 39
33 20
33 24
34 22
34 31
35 3
35 8
36 27
36 39
37 13
37 35
38 2
38 5
39 9
39 13
40 1
40 38
41 28
41 31
42 22
42 35
43 21
43 38
44 18
44 40
45 17
45 29

# solution 385
# n=46 sym=rot4 status=verified source=flammenkamp_cache/n46_rot4.mvr
# code=mvr:0 24 0 25 1 9 1 37 2 30 2 31 3 9 3 41 4 
0 24
0 25
1 9
1 37
2 30
2 31
3 9
3 41
4 3
4 18
5 17
5 24
6 10
6 23
7 35
7 37
8 1
8 7
9 42
9 44
10 7
10 39
11 16
11 28
12 14
12 15
13 18
13 23
14 2
14 33
15 2
15 33
16 20
16 34
17 11
17 40
18 32
18 41
19 19
19 26
20 0
20 29
21 0
21 5
22 6
22 13
23 32
23 39
24 40
24 45
25 16
25 45
26 19
26 26
27 4
27 13
28 5
28 34
29 11
29 25
30 12
30 43
31 12
31 43
32 22
32 27
33 30
33 31
34 17
34 29
35 6
35 38
36 1
36 3
37 38
37 44
38 8
38 10
39 22
39 35
40 21
40 28
41 27
41 42
42 4
42 36
43 14
43 15
44 8
44 36
45 20
45 21

# solution 386
# n=46 sym=rot4 status=verified source=flammenkamp_cache/n46_rot4.mvr
# code=mvr:0 20 0 23 1 13 1 15 2 20 2 38 3 9 3 24 4
0 20
0 23
1 13
1 15
2 20
2 38
3 9
3 24
4 29
4 33
5 14
5 27
6 34
6 37
7 2
7 37
8 6
8 7
9 35
9 42
10 9
10 19
11 6
11 14
12 4
12 18
13 28
13 44
14 34
14 40
15 23
15 44
16 4
16 19
17 13
17 24
18 5
18 33
19 29
19 35
20 43
20 45
21 3
21 17
22 0
22 15
23 30
23 45
24 28
24 42
25 0
25 2
26 10
26 16
27 12
27 40
28 21
28 32
29 26
29 41
30 1
30 22
31 5
31 11
32 1
32 17
33 27
33 41
34 31
34 39
35 26
35 36
36 3
36 10
37 38
37 39
38 8
38 43
39 8
39 11
40 18
40 31
41 12
41 16
42 21
42 36
43 7
43 25
44 30
44 32
45 22
45 25

# solution 387
# n=46 sym=rot4 status=verified source=flammenkamp_cache/n46_rot4.mvr
# code=mvr:0 24 0 32 1 26 1 29 2 23 2 41 3 6 3 15 4
0 24
0 32
1 26
1 29
2 23
2 41
3 6
3 15
4 2
4 37
5 10
5 18
6 17
6 42
7 12
7 32
8 4
8 23
9 29
9 35
10 9
10 40
11 15
11 25
12 31
12 38
13 0
13 7
14 12
14 24
15 34
15 42
16 1
16 9
17 25
17 39
18 19
18 40
19 1
19 27
20 11
20 17
21 0
21 14
22 2
22 8
23 37
23 43
24 31
24 45
25 28
25 34
26 18
26 44
27 5
27 26
28 6
28 20
29 36
29 44
30 3
30 11
31 21
31 33
32 38
32 45
33 7
33 14
34 20
34 30
35 5
35 36
36 10
36 16
37 22
37 41
38 13
38 33
39 3
39 28
40 27
40 35
41 8
41 43
42 30
42 39
43 4
43 22
44 16
44 19
45 13
45 21

# solution 388
# n=46 sym=rot4 status=verified source=flammenkamp_cache/n46_rot4.mvr
# code=mvr:0 21 0 29 1 21 1 25 2 8 2 28 3 14 3 15 4
0 21
0 29
1 21
1 25
2 8
2 28
3 14
3 15
4 7
4 23
5 15
5 35
6 11
6 31
7 28
7 41
8 10
8 43
9 13
9 18
10 5
10 37
11 25
11 39
12 26
12 32
13 12
13 36
14 6
14 42
15 40
15 42
16 0
16 23
17 2
17 7
18 26
18 36
19 12
19 18
20 1
20 11
21 44
21 45
22 4
22 16
23 29
23 41
24 0
24 1
25 34
25 44
26 27
26 33
27 9
27 19
28 38
28 43
29 22
29 45
30 3
30 5
31 3
31 39
32 9
32 33
33 13
33 19
34 6
34 20
35 8
35 40
36 27
36 32
37 2
37 35
38 4
38 17
39 14
39 34
40 10
40 30
41 22
41 38
42 30
42 31
43 17
43 37
44 20
44 24
45 16
45 24

# solution 389
# n=46 sym=rot4 status=verified source=flammenkamp_cache/n46_rot4.mvr
# code=mvr:0 28 0 33 1 16 1 26 2 18 2 22 3 30 3 38 
0 28
0 33
1 16
1 26
2 18
2 22
3 30
3 38
4 10
4 23
5 25
5 39
6 5
6 15
7 3
7 24
8 14
8 34
9 14
9 20
10 33
10 41
11 8
11 13
12 0
12 10
13 24
13 34
14 36
14 37
15 3
15 39
16 19
16 44
17 0
17 18
18 28
18 43
19 1
19 29
20 5
20 36
21 7
21 13
22 4
22 43
23 2
23 41
24 32
24 38
25 9
25 40
26 16
26 44
27 2
27 17
28 27
28 45
29 1
29 26
30 6
30 42
31 8
31 9
32 11
32 21
33 35
33 45
34 32
34 37
35 4
35 12
36 25
36 31
37 11
37 31
38 21
38 42
39 30
39 40
40 6
40 20
41 22
41 35
42 7
42 15
43 23
43 27
44 19
44 29
45 12
45 17

# solution 390
# n=46 sym=rot4 status=verified source=flammenkamp_cache/n46_rot4.mvr
# code=mvr:0 12 0 15 1 25 1 36 2 18 2 39 3 25 3 29 
0 12
0 15
1 25
1 36
2 18
2 39
3 25
3 29
4 5
4 18
5 29
5 41
6 2
6 14
7 34
7 35
8 14
8 30
9 1
9 19
10 7
10 28
11 7
11 22
12 28
12 45
13 19
13 23
14 37
14 39
15 8
15 45
16 3
16 5
17 10
17 12
18 41
18 43
19 32
19 36
20 1
20 3
21 21
21 24
22 13
22 34
23 11
23 32
24 21
24 24
25 42
25 44
26 9
26 13
27 2
27 4
28 33
28 35
29 40
29 42
30 0
30 37
31 6
31 8
32 22
32 26
33 0
33 17
34 23
34 38
35 17
35 38
36 26
36 44
37 15
37 31
38 10
38 11
39 31
39 43
40 4
40 16
41 27
41 40
42 16
42 20
43 6
43 27
44 9
44 20
45 30
45 33

# solution 391
# n=46 sym=rot4 status=verified source=flammenkamp_cache/n46_rot4.mvr
# code=mvr:0 13 0 41 1 17 1 22 2 26 2 28 3 3 3 42 4
0 13
0 41
1 17
1 22
2 26
2 28
3 3
3 42
4 0
4 21
5 7
5 32
6 8
6 18
7 26
7 40
8 33
8 39
9 10
9 16
10 21
10 36
11 16
11 20
12 8
12 27
13 5
13 45
14 15
14 23
15 20
15 31
16 34
16 36
17 2
17 44
18 12
18 39
19 2
19 7
20 30
20 34
21 35
21 41
22 14
22 44
23 1
23 31
24 4
24 10
25 11
25 15
26 38
26 43
27 6
27 33
28 1
28 43
29 9
29 11
30 14
30 25
31 22
31 30
32 0
32 40
33 18
33 37
34 25
34 29
35 9
35 24
36 29
36 35
37 6
37 12
38 5
38 19
39 27
39 37
40 13
40 38
41 24
41 45
42 3
42 42
43 17
43 19
44 23
44 28
45 4
45 32

# solution 392
# n=46 sym=rot4 status=verified source=flammenkamp_cache/n46_rot4.mvr
# code=mvr:0 24 0 25 1 17 1 29 2 21 2 32 3 11 3 15 
0 24
0 25
1 17
1 29
2 21
2 32
3 11
3 15
4 10
4 16
5 6
5 23
6 7
6 40
7 30
7 39
8 32
8 34
9 18
9 23
10 31
10 41
11 8
11 42
12 17
12 31
13 2
13 8
14 10
14 12
15 7
15 42
16 1
16 41
17 33
17 44
18 20
18 36
19 19
19 26
20 0
20 27
21 0
21 43
22 5
22 9
23 36
23 40
24 2
24 45
25 18
25 45
26 19
26 26
27 9
27 25
28 1
28 12
29 4
29 44
30 3
30 38
31 33
31 35
32 37
32 43
33 14
33 28
34 3
34 37
35 4
35 14
36 22
36 27
37 11
37 13
38 6
38 15
39 5
39 38
40 22
40 39
41 29
41 35
42 30
42 34
43 13
43 24
44 16
44 28
45 20
45 21

# solution 393
# n=46 sym=rot4 status=verified source=flammenkamp_cache/n46_rot4.mvr
# code=mvr:0 14 0 18 1 30 1 36 2 19 2 32 3 9 3 22 4
0 14
0 18
1 30
1 36
2 19
2 32
3 9
3 22
4 14
4 26
5 17
5 27
6 6
6 39
7 30
7 33
8 11
8 24
9 1
9 42
10 25
10 28
11 23
11 37
12 7
12 16
13 2
13 16
14 41
14 45
15 1
15 7
16 32
16 33
17 10
17 40
18 5
18 45
19 4
19 43
20 10
20 24
21 8
21 20
22 11
22 42
23 3
23 34
24 25
24 37
25 21
25 35
26 2
26 41
27 0
27 40
28 5
28 35
29 12
29 13
30 38
30 44
31 0
31 4
32 29
32 43
33 29
33 38
34 8
34 22
35 17
35 20
36 3
36 44
37 21
37 34
38 12
38 15
39 6
39 39
40 18
40 28
41 19
41 31
42 23
42 36
43 13
43 26
44 9
44 15
45 27
45 31

# solution 394
# n=46 sym=rot4 status=verified source=flammenkamp_cache/n46_rot4.mvr
# code=mvr:0 21 0 29 1 7 1 25 2 15 2 35 3 9 3 31 4 
0 21
0 29
1 7
1 25
2 15
2 35
3 9
3 31
4 25
4 29
5 10
5 18
6 8
6 21
7 9
7 44
8 15
8 39
9 38
9 42
10 2
10 40
11 22
11 31
12 26
12 32
13 12
13 17
14 3
14 11
15 37
15 43
16 0
16 4
17 27
17 32
18 17
18 40
19 12
19 23
20 1
20 4
21 39
21 45
22 19
22 34
23 11
23 26
24 0
24 6
25 41
25 44
26 22
26 33
27 5
27 28
28 13
28 18
29 41
29 45
30 2
30 8
31 34
31 42
32 28
32 33
33 13
33 19
34 14
34 23
35 5
35 43
36 3
36 7
37 6
37 30
38 1
38 36
39 24
39 37
40 27
40 35
41 16
41 20
42 14
42 36
43 10
43 30
44 20
44 38
45 16
45 24

# solution 395
# n=46 sym=rot4 status=verified source=flammenkamp_cache/n46_rot4.mvr
# code=mvr:0 15 0 20 1 27 1 30 2 10 2 31 3 23 3 36 
0 15
0 20
1 27
1 30
2 10
2 31
3 23
3 36
4 14
4 32
5 9
5 26
6 8
6 23
7 25
7 35
8 29
8 39
9 3
9 40
10 7
10 43
11 12
11 21
12 18
12 34
13 4
13 29
14 2
14 41
15 1
15 45
16 8
16 13
17 17
17 28
18 1
18 33
19 5
19 24
20 7
20 45
21 19
21 34
22 3
22 6
23 39
23 42
24 11
24 26
25 0
25 38
26 21
26 40
27 12
27 44
28 17
28 28
29 32
29 37
30 0
30 44
31 4
31 43
32 16
32 41
33 11
33 27
34 24
34 33
35 2
35 38
36 5
36 42
37 6
37 16
38 10
38 20
39 22
39 37
40 19
40 36
41 13
41 31
42 9
42 22
43 14
43 35
44 15
44 18
45 25
45 30

# solution 396
# n=46 sym=rot4 status=verified source=flammenkamp_cache/n46_rot4.mvr
# code=mvr:0 13 0 33 1 14 1 28 2 20 2 22 3 28 3 34 
0 13
0 33
1 14
1 28
2 20
2 22
3 28
3 34
4 9
4 18
5 24
5 31
6 13
6 37
7 16
7 18
8 6
8 35
9 26
9 41
10 8
10 16
11 3
11 33
12 0
12 11
13 39
13 45
14 5
14 44
15 15
15 30
16 35
16 38
17 1
17 3
18 38
18 41
19 9
19 23
20 24
20 43
21 5
21 20
22 19
22 43
23 2
23 26
24 25
24 40
25 2
25 21
26 22
26 36
27 4
27 7
28 42
28 44
29 7
29 10
30 15
30 30
31 1
31 40
32 0
32 6
33 34
33 45
34 12
34 42
35 29
35 37
36 4
36 19
37 10
37 39
38 27
38 29
39 8
39 32
40 14
40 21
41 27
41 36
42 11
42 17
43 23
43 25
44 17
44 31
45 12
45 32

# solution 397
# n=46 sym=rot4 status=verified source=flammenkamp_cache/n46_rot4.mvr
# code=mvr:0 20 0 26 1 26 1 31 2 10 2 16 3 7 3 27 4
0 20
0 26
1 26
1 31
2 10
2 16
3 7
3 27
4 24
4 27
5 33
5 35
6 30
6 33
7 9
7 42
8 11
8 14
9 20
9 38
10 5
10 43
11 22
11 37
12 5
12 6
13 16
13 23
14 1
14 37
15 6
15 28
16 32
16 43
17 15
17 21
18 3
18 4
19 0
19 1
20 36
20 45
21 4
21 28
22 13
22 34
23 11
23 32
24 17
24 41
25 0
25 9
26 44
26 45
27 41
27 42
28 24
28 30
29 2
29 13
30 17
30 39
31 8
31 44
32 22
32 29
33 39
33 40
34 8
34 23
35 2
35 40
36 7
36 25
37 31
37 34
38 3
38 36
39 12
39 15
40 10
40 12
41 18
41 21
42 18
42 38
43 29
43 35
44 14
44 19
45 19
45 25

# solution 398
# n=46 sym=rot4 status=verified source=flammenkamp_cache/n46_rot4.mvr
# code=mvr:0 20 0 21 1 23 1 31 2 10 2 29 3 8 3 15 4
0 20
0 21
1 23
1 31
2 10
2 29
3 8
3 15
4 33
4 34
5 5
5 40
6 26
6 29
7 13
7 23
8 26
8 42
9 10
9 13
10 36
10 43
11 4
11 15
12 4
12 28
13 36
13 38
14 1
14 28
15 34
15 42
16 2
16 6
17 12
17 14
18 24
18 25
19 6
19 8
20 18
20 45
21 18
21 45
22 1
22 7
23 38
23 44
24 0
24 27
25 0
25 27
26 37
26 39
27 20
27 21
28 31
28 33
29 39
29 43
30 3
30 11
31 17
31 44
32 7
32 9
33 17
33 41
34 30
34 41
35 2
35 9
36 32
36 35
37 3
37 19
38 22
38 32
39 16
39 19
40 5
40 40
41 11
41 12
42 30
42 37
43 16
43 35
44 14
44 22
45 24
45 25

# solution 399
# n=46 sym=rot4 status=verified source=flammenkamp_cache/n46_rot4.mvr
# code=mvr:0 29 0 32 1 9 1 21 2 6 2 23 3 18 3 29 4 
0 29
0 32
1 9
1 21
2 6
2 23
3 18
3 29
4 32
4 34
5 11
5 21
6 37
6 43
7 10
7 15
8 6
8 15
9 26
9 44
10 31
10 38
11 4
11 40
12 18
12 23
13 0
13 4
14 10
14 28
15 37
15 38
16 0
16 3
17 14
17 19
18 33
18 42
19 9
19 28
20 20
20 25
21 40
21 44
22 2
22 12
23 33
23 43
24 1
24 5
25 20
25 25
26 17
26 36
27 3
27 12
28 26
28 31
29 42
29 45
30 7
30 8
31 17
31 35
32 41
32 45
33 22
33 27
34 5
34 41
35 7
35 14
36 1
36 19
37 30
37 39
38 30
38 35
39 2
39 8
40 24
40 34
41 11
41 13
42 16
42 27
43 22
43 39
44 24
44 36
45 13
45 16

# solution 400
# n=46 sym=rot4 status=verified source=flammenkamp_cache/n46_rot4.mvr
# code=mvr:0 25 0 27 1 5 1 15 2 25 2 29 3 19 3 38 4
0 25
0 27
1 5
1 15
2 25
2 29
3 19
3 38
4 5
4 12
5 41
5 44
6 9
6 32
7 3
7 16
8 32
8 34
9 21
9 39
10 18
10 22
11 8
11 28
12 23
12 41
13 6
13 8
14 15
14 21
15 31
15 44
16 2
16 38
17 11
17 26
18 0
18 35
19 17
19 42
20 0
20 2
21 31
21 36
22 12
22 35
23 10
23 33
24 9
24 14
25 43
25 45
26 3
26 28
27 10
27 45
28 19
28 34
29 7
29 43
30 1
30 14
31 24
31 30
32 37
32 39
33 4
33 22
34 17
34 37
35 23
35 27
36 6
36 24
37 11
37 13
38 29
38 42
39 13
39 36
40 1
40 4
41 33
41 40
42 7
42 26
43 16
43 20
44 30
44 40
45 18
45 20

# solution 401
# n=46 sym=rot4 status=verified source=flammenkamp_cache/n46_rot4.mvr
# code=mvr:0 15 0 23 1 12 1 31 2 5 2 16 3 23 3 34 4
0 15
0 23
1 12
1 31
2 5
2 16
3 23
3 34
4 20
4 26
5 9
5 43
6 34
6 38
7 6
7 17
8 10
8 20
9 27
9 40
10 33
10 37
11 3
11 6
12 10
12 44
13 16
13 21
14 1
14 26
15 21
15 45
16 32
16 43
17 18
17 38
18 9
18 28
19 4
19 14
20 37
20 41
21 30
21 32
22 0
22 3
23 42
23 45
24 13
24 15
25 4
25 8
26 31
26 41
27 17
27 36
28 7
28 27
29 2
29 13
30 0
30 24
31 19
31 44
32 24
32 29
33 1
33 35
34 39
34 42
35 8
35 12
36 5
36 18
37 25
37 35
38 28
38 39
39 7
39 11
40 2
40 36
41 19
41 25
42 11
42 22
43 29
43 40
44 14
44 33
45 22
45 30

# solution 402
# n=46 sym=rot4 status=verified source=flammenkamp_cache/n46_rot4.mvr
# code=mvr:0 11 0 13 1 19 1 28 2 7 2 33 3 8 3 23 4 
0 11
0 13
1 19
1 28
2 7
2 33
3 8
3 23
4 16
4 26
5 5
5 40
6 21
6 37
7 30
7 43
8 6
8 42
9 13
9 33
10 14
10 27
11 20
11 45
12 2
12 9
13 36
13 45
14 28
14 35
15 7
15 21
16 23
16 41
17 1
17 14
18 10
18 20
19 4
19 44
20 27
20 34
21 30
21 39
22 3
22 16
23 29
23 42
24 6
24 15
25 11
25 18
26 1
26 41
27 25
27 35
28 31
28 44
29 4
29 22
30 24
30 38
31 10
31 17
32 0
32 9
33 36
33 43
34 0
34 25
35 18
35 31
36 12
36 32
37 3
37 39
38 2
38 15
39 8
39 24
40 5
40 40
41 19
41 29
42 22
42 37
43 12
43 38
44 17
44 26
45 32
45 34

# solution 403
# n=46 sym=rot4 status=verified source=flammenkamp_cache/n46_rot4.mvr
# code=mvr:0 17 0 30 1 15 1 40 2 21 2 27 3 26 3 33 
0 17
0 30
1 15
1 40
2 21
2 27
3 26
3 33
4 18
4 36
5 1
5 8
6 31
6 34
7 20
7 28
8 35
8 40
9 4
9 33
10 8
10 16
11 6
11 26
12 3
12 9
13 14
13 23
14 6
14 32
15 0
15 44
16 23
16 35
17 7
17 45
18 2
18 41
19 3
19 11
20 21
20 38
21 25
21 43
22 13
22 16
23 29
23 32
24 2
24 20
25 7
25 24
26 34
26 42
27 4
27 43
28 0
28 38
29 10
29 22
30 1
30 45
31 13
31 39
32 22
32 31
33 36
33 42
34 19
34 39
35 29
35 37
36 12
36 41
37 5
37 10
38 17
38 25
39 11
39 14
40 37
40 44
41 9
41 27
42 12
42 19
43 18
43 24
44 5
44 30
45 15
45 28

# solution 404
# n=46 sym=rot4 status=verified source=flammenkamp_cache/n46_rot4.mvr
# code=mvr:0 21 0 30 1 17 1 18 2 14 2 38 3 26 3 33 
0 21
0 30
1 17
1 18
2 14
2 38
3 26
3 33
4 16
4 17
5 11
5 13
6 34
6 37
7 2
7 25
8 6
8 27
9 16
9 32
10 24
10 25
11 6
11 40
12 3
12 31
13 9
13 40
14 12
14 43
15 0
15 26
16 36
16 41
17 41
17 44
18 8
18 44
19 3
19 15
20 7
20 10
21 10
21 45
22 22
22 23
23 22
23 23
24 0
24 35
25 35
25 38
26 30
26 42
27 1
27 37
28 1
28 4
29 4
29 9
30 19
30 45
31 2
31 33
32 5
32 36
33 14
33 42
34 5
34 39
35 20
35 21
36 13
36 29
37 18
37 39
38 20
38 43
39 8
39 11
40 32
40 34
41 28
41 29
42 12
42 19
43 7
43 31
44 27
44 28
45 15
45 24

# solution 405
# n=46 sym=rot4 status=verified source=flammenkamp_cache/n46_rot4.mvr
# code=mvr:0 13 0 23 1 16 1 36 2 14 2 28 3 25 3 34 
0 13
0 23
1 16
1 36
2 14
2 28
3 25
3 34
4 23
4 37
5 10
5 30
6 7
6 36
7 19
7 39
8 4
8 14
9 1
9 6
10 24
10 40
11 3
11 27
12 17
12 32
13 12
13 45
14 37
14 43
15 5
15 24
16 26
16 44
17 2
17 33
18 11
18 25
19 16
19 38
20 3
20 18
21 10
21 15
22 0
22 4
23 41
23 45
24 30
24 35
25 27
25 42
26 7
26 29
27 20
27 34
28 12
28 43
29 1
29 19
30 21
30 40
31 2
31 8
32 0
32 33
33 13
33 28
34 18
34 42
35 5
35 21
36 39
36 44
37 31
37 41
38 6
38 26
39 9
39 38
40 15
40 35
41 8
41 22
42 11
42 20
43 17
43 31
44 9
44 29
45 22
45 32

# solution 406
# n=46 sym=rot4 status=verified source=flammenkamp_cache/n46_rot4.mvr
# code=mvr:0 26 0 34 1 8 1 26 2 16 2 21 3 14 3 17 4
0 26
0 34
1 8
1 26
2 16
2 21
3 14
3 17
4 21
4 38
5 7
5 12
6 12
6 27
7 4
7 40
8 25
8 44
9 15
9 35
10 9
10 34
11 0
11 10
12 39
12 40
13 16
13 17
14 23
14 42
15 25
15 36
16 32
16 43
17 32
17 42
18 6
18 23
19 0
19 1
20 8
20 15
21 41
21 43
22 14
22 18
23 27
23 31
24 2
24 4
25 30
25 37
26 44
26 45
27 22
27 39
28 3
28 13
29 2
29 13
30 9
30 20
31 3
31 22
32 28
32 29
33 5
33 6
34 35
34 45
35 11
35 36
36 10
36 30
37 1
37 20
38 5
38 41
39 18
39 33
40 33
40 38
41 7
41 24
42 28
42 31
43 24
43 29
44 19
44 37
45 11
45 19

# solution 407
# n=46 sym=rot4 status=verified source=flammenkamp_cache/n46_rot4.mvr
# code=mvr:0 16 0 17 1 8 1 14 2 22 2 26 3 4 3 5 4 2
0 16
0 17
1 8
1 14
2 22
2 26
3 4
3 5
4 20
4 42
5 28
5 42
6 8
6 9
7 15
7 27
8 39
8 44
9 33
9 39
10 16
10 20
11 15
11 33
12 9
12 11
13 21
13 26
14 21
14 44
15 34
15 38
16 35
16 45
17 5
17 45
18 7
18 23
19 2
19 13
20 35
20 41
21 31
21 32
22 18
22 43
23 2
23 27
24 13
24 14
25 4
25 10
26 32
26 43
27 22
27 38
28 0
28 40
29 0
29 10
30 7
30 11
31 1
31 24
32 19
32 24
33 34
33 36
34 12
34 30
35 25
35 29
36 6
36 12
37 1
37 6
38 18
38 30
39 36
39 37
40 3
40 17
41 3
41 25
42 40
42 41
43 19
43 23
44 31
44 37
45 28
45 29

# solution 408
# n=46 sym=rot4 status=verified source=flammenkamp_cache/n46_rot4.mvr
# code=mvr:0 4 0 13 1 23 1 41 2 28 2 31 3 12 3 17 4
0 4
0 13
1 23
1 41
2 28
2 31
3 12
3 17
4 1
4 45
5 24
5 34
6 27
6 33
7 14
7 15
8 23
8 35
9 19
9 29
10 8
10 32
11 5
11 29
12 6
12 42
13 10
13 45
14 2
14 38
15 25
15 38
16 9
16 11
17 2
17 42
18 6
18 26
19 18
19 36
20 15
20 24
21 5
21 20
22 1
22 8
23 37
23 44
24 25
24 40
25 21
25 30
26 9
26 27
27 19
27 39
28 3
28 43
29 34
29 36
30 7
30 20
31 7
31 43
32 0
32 35
33 3
33 39
34 16
34 40
35 13
35 37
36 16
36 26
37 10
37 22
38 30
38 31
39 12
39 18
40 11
40 21
41 0
41 44
42 28
42 33
43 14
43 17
44 4
44 22
45 32
45 41

# solution 409
# n=46 sym=rot4 status=verified source=flammenkamp_cache/n46_rot4.mvr
# code=mvr:0 10 0 22 1 30 1 31 2 16 2 32 3 20 3 23 
0 10
0 22
1 30
1 31
2 16
2 32
3 20
3 23
4 6
4 13
5 12
5 36
6 38
6 41
7 6
7 17
8 25
8 29
9 5
9 10
10 36
10 45
11 18
11 26
12 17
12 40
13 2
13 41
14 1
14 19
15 1
15 21
16 8
16 43
17 33
17 38
18 21
18 34
19 11
19 31
20 8
20 42
21 27
21 30
22 3
22 45
23 0
23 42
24 15
24 18
25 3
25 37
26 14
26 34
27 11
27 24
28 7
28 12
29 2
29 37
30 24
30 44
31 26
31 44
32 4
32 43
33 5
33 28
34 19
34 27
35 0
35 9
36 35
36 40
37 16
37 20
38 28
38 39
39 4
39 7
40 9
40 33
41 32
41 39
42 22
42 25
43 13
43 29
44 14
44 15
45 23
45 35

# solution 410
# n=46 sym=rot4 status=verified source=flammenkamp_cache/n46_rot4.mvr
# code=mvr:0 22 0 25 1 23 1 30 2 14 2 32 3 14 3 35 
0 22
0 25
1 23
1 30
2 14
2 32
3 14
3 35
4 13
4 16
5 7
5 36
6 8
6 33
7 33
7 40
8 21
8 39
9 5
9 17
10 3
10 30
11 19
11 20
12 6
12 7
13 2
13 41
14 42
14 43
15 1
15 10
16 19
16 41
17 27
17 36
18 17
18 21
19 29
19 34
20 0
20 34
21 27
21 37
22 1
22 45
23 0
23 44
24 8
24 18
25 11
25 45
26 11
26 16
27 24
27 28
28 9
28 18
29 4
29 26
30 35
30 44
31 2
31 3
32 4
32 43
33 38
33 39
34 25
34 26
35 15
35 42
36 28
36 40
37 6
37 24
38 5
38 12
39 12
39 37
40 9
40 38
41 29
41 32
42 10
42 31
43 13
43 31
44 15
44 22
45 20
45 23

# solution 411
# n=46 sym=rot4 status=verified source=flammenkamp_cache/n46_rot4.mvr
# code=mvr:0 15 0 26 1 28 1 35 2 23 2 24 3 33 3 36 
0 15
0 26
1 28
1 35
2 23
2 24
3 33
3 36
4 7
4 15
5 27
5 32
6 16
6 26
7 36
7 41
8 16
8 32
9 3
9 7
10 1
10 33
11 23
11 27
12 3
12 10
13 5
13 8
14 17
14 24
15 41
15 45
16 37
16 39
17 1
17 31
18 5
18 11
19 0
19 6
20 20
20 25
21 2
21 14
22 2
22 11
23 34
23 43
24 31
24 43
25 20
25 25
26 39
26 45
27 34
27 40
28 14
28 44
29 6
29 8
30 0
30 4
31 21
31 28
32 37
32 40
33 35
33 42
34 18
34 22
35 12
35 44
36 38
36 42
37 13
37 29
38 4
38 9
39 19
39 29
40 13
40 18
41 30
41 38
42 9
42 12
43 21
43 22
44 10
44 17
45 19
45 30

# solution 412
# n=46 sym=rot4 status=verified source=flammenkamp_cache/n46_rot4.mvr
# code=mvr:0 22 0 23 1 15 1 31 2 12 2 26 3 17 3 39 
0 22
0 23
1 15
1 31
2 12
2 26
3 17
3 39
4 7
4 31
5 24
5 34
6 3
6 7
7 39
7 41
8 17
8 33
9 10
9 18
10 16
10 36
11 5
11 26
12 8
12 43
13 15
13 24
14 1
14 4
15 32
15 44
16 27
16 35
17 37
17 42
18 16
18 36
19 2
19 11
20 20
20 25
21 5
21 13
22 0
22 45
23 0
23 45
24 32
24 40
25 20
25 25
26 34
26 43
27 9
27 29
28 3
28 8
29 10
29 18
30 1
30 13
31 41
31 44
32 21
32 30
33 2
33 37
34 19
34 40
35 9
35 29
36 27
36 35
37 12
37 28
38 4
38 6
39 38
39 42
40 11
40 21
41 14
41 38
42 6
42 28
43 19
43 33
44 14
44 30
45 22
45 23

# solution 413
# n=46 sym=rot4 status=verified source=flammenkamp_cache/n46_rot4.mvr
# code=mvr:0 17 0 24 1 11 1 15 2 7 2 17 3 30 3 31 4
0 17
0 24
1 11
1 15
2 7
2 17
3 30
3 31
4 37
4 38
5 20
5 29
6 23
6 26
7 4
7 43
8 4
8 16
9 10
9 34
10 26
10 36
11 9
11 44
12 14
12 20
13 23
13 27
14 3
14 33
15 3
15 44
16 5
16 37
17 43
17 45
18 13
18 24
19 6
19 10
20 33
20 40
21 0
21 18
22 6
22 13
23 32
23 39
24 27
24 45
25 5
25 12
26 35
26 39
27 21
27 32
28 0
28 2
29 8
29 40
30 1
30 42
31 12
31 42
32 18
32 22
33 25
33 31
34 1
34 36
35 9
35 19
36 11
36 35
37 29
37 41
38 2
38 41
39 19
39 22
40 16
40 25
41 7
41 8
42 14
42 15
43 28
43 38
44 30
44 34
45 21
45 28

# solution 414
# n=46 sym=rot4 status=verified source=flammenkamp_cache/n46_rot4.mvr
# code=mvr:0 22 0 24 1 23 1 27 2 13 2 38 3 11 3 40 
0 22
0 24
1 23
1 27
2 13
2 38
3 11
3 40
4 17
4 27
5 3
5 31
6 12
6 24
7 2
7 8
8 35
8 38
9 20
9 26
10 8
10 15
11 30
11 42
12 13
12 39
13 33
13 43
14 5
14 17
15 11
15 35
16 19
16 25
17 31
17 41
18 1
18 4
19 9
19 29
20 16
20 36
21 0
21 6
22 1
22 45
23 0
23 44
24 39
24 45
25 9
25 29
26 16
26 36
27 41
27 44
28 4
28 14
29 20
29 26
30 10
30 34
31 28
31 40
32 2
32 12
33 6
33 32
34 3
34 15
35 30
35 37
36 19
36 25
37 7
37 10
38 37
38 43
39 21
39 33
40 14
40 42
41 18
41 28
42 5
42 34
43 7
43 32
44 18
44 22
45 21
45 23

# solution 415
# n=46 sym=rot4 status=verified source=flammenkamp_cache/n46_rot4.mvr
# code=mvr:0 16 0 34 1 10 1 13 2 27 2 28 3 14 3 21 
0 16
0 34
1 10
1 13
2 27
2 28
3 14
3 21
4 6
4 36
5 17
5 25
6 25
6 41
7 21
7 34
8 30
8 32
9 4
9 19
10 12
10 44
11 0
11 7
12 30
12 35
13 8
13 44
14 22
14 42
15 8
15 12
16 23
16 45
17 2
17 40
18 2
18 26
19 18
19 36
20 5
20 6
21 38
21 42
22 16
22 31
23 14
23 29
24 3
24 7
25 39
25 40
26 9
26 27
27 19
27 43
28 5
28 43
29 0
29 22
30 33
30 37
31 3
31 23
32 1
32 37
33 10
33 15
34 38
34 45
35 1
35 33
36 26
36 41
37 13
37 15
38 11
38 24
39 4
39 20
40 20
40 28
41 9
41 39
42 24
42 31
43 17
43 18
44 32
44 35
45 11
45 29

# solution 416
# n=46 sym=rot4 status=verified source=flammenkamp_cache/n46_rot4.mvr
# code=mvr:0 12 0 26 1 21 1 35 2 3 2 8 3 15 3 43 4 
0 12
0 26
1 21
1 35
2 3
2 8
3 15
3 43
4 26
4 32
5 30
5 36
6 16
6 22
7 21
7 27
8 11
8 43
9 5
9 14
10 1
10 11
11 35
11 37
12 14
12 45
13 4
13 28
14 33
14 36
15 5
15 42
16 23
16 39
17 13
17 20
18 7
18 25
19 0
19 4
20 18
20 28
21 38
21 44
22 16
22 39
23 6
23 29
24 1
24 7
25 17
25 27
26 41
26 45
27 20
27 38
28 25
28 32
29 6
29 22
30 3
30 40
31 9
31 12
32 17
32 41
33 0
33 31
34 8
34 10
35 34
35 44
36 31
36 40
37 2
37 34
38 18
38 24
39 23
39 29
40 9
40 15
41 13
41 19
42 2
42 30
43 37
43 42
44 10
44 24
45 19
45 33

# solution 417
# n=46 sym=rot4 status=verified source=flammenkamp_cache/n46_rot4.mvr
# code=mvr:0 22 0 35 1 23 1 27 2 15 2 16 3 19 3 35 
0 22
0 35
1 23
1 27
2 15
2 16
3 19
3 35
4 13
4 40
5 4
5 8
6 27
6 33
7 7
7 38
8 17
8 40
9 21
9 34
10 0
10 3
11 9
11 24
12 6
12 13
13 33
13 41
14 16
14 20
15 26
15 43
16 31
16 43
17 25
17 37
18 1
18 6
19 15
19 42
20 17
20 31
21 11
21 36
22 1
22 45
23 0
23 44
24 9
24 34
25 14
25 28
26 3
26 30
27 39
27 44
28 8
28 20
29 2
29 14
30 2
30 19
31 25
31 29
32 4
32 12
33 32
33 39
34 21
34 36
35 42
35 45
36 11
36 24
37 5
37 28
38 7
38 38
39 12
39 18
40 37
40 41
41 5
41 32
42 10
42 26
43 29
43 30
44 18
44 22
45 10
45 23

# solution 418
# n=46 sym=rot4 status=verified source=flammenkamp_cache/n46_rot4.mvr
# code=mvr:0 14 0 24 1 25 1 34 2 29 2 39 3 23 3 29 
0 14
0 24
1 25
1 34
2 29
2 39
3 23
3 29
4 33
4 35
5 13
5 18
6 2
6 24
7 17
7 23
8 9
8 34
9 13
9 37
10 4
10 30
11 1
11 8
12 4
12 30
13 36
13 40
14 19
14 45
15 10
15 12
16 2
16 3
17 26
17 38
18 25
18 40
19 17
19 31
20 1
20 18
21 0
21 6
22 3
22 7
23 38
23 42
24 39
24 45
25 27
25 44
26 14
26 28
27 5
27 20
28 7
28 19
29 42
29 43
30 33
30 35
31 0
31 26
32 5
32 9
33 15
33 41
34 37
34 44
35 15
35 41
36 8
36 32
37 11
37 36
38 22
38 28
39 21
39 43
40 27
40 32
41 10
41 12
42 16
42 22
43 6
43 16
44 11
44 20
45 21
45 31

# solution 419
# n=46 sym=rot4 status=verified source=flammenkamp_cache/n46_rot4.mvr
# code=mvr:0 17 0 35 1 22 1 27 2 23 2 25 3 27 3 30 
0 17
0 35
1 22
1 27
2 23
2 25
3 27
3 30
4 9
4 38
5 8
5 16
6 11
6 31
7 4
7 20
8 12
8 40
9 13
9 41
10 0
10 24
11 33
11 39
12 11
12 37
13 26
13 36
14 6
14 16
15 3
15 24
16 31
16 40
17 26
17 45
18 1
18 3
19 13
19 17
20 2
20 38
21 10
21 15
22 2
22 44
23 1
23 43
24 30
24 35
25 7
25 43
26 28
26 32
27 42
27 44
28 0
28 19
29 5
29 14
30 21
30 42
31 29
31 39
32 9
32 19
33 8
33 34
34 6
34 12
35 21
35 45
36 4
36 32
37 5
37 33
38 25
38 41
39 14
39 34
40 29
40 37
41 7
41 36
42 15
42 18
43 20
43 22
44 18
44 23
45 10
45 28

# solution 420
# n=46 sym=rot4 status=verified source=flammenkamp_cache/n46_rot4.mvr
# code=mvr:0 13 0 17 1 18 1 29 2 12 2 27 3 9 3 21 4
0 13
0 17
1 18
1 29
2 12
2 27
3 9
3 21
4 34
4 40
5 4
5 10
6 14
6 37
7 20
7 30
8 6
8 11
9 24
9 42
10 19
10 40
11 4
11 37
12 31
12 43
13 20
13 45
14 12
14 39
15 7
15 16
16 1
16 30
17 23
17 45
18 2
18 44
19 23
19 35
20 32
20 38
21 9
21 42
22 17
22 19
23 26
23 28
24 3
24 36
25 7
25 13
26 10
26 22
27 1
27 43
28 0
28 22
29 15
29 44
30 29
30 38
31 6
31 33
32 0
32 25
33 2
33 14
34 8
34 41
35 5
35 26
36 3
36 21
37 34
37 39
38 15
38 25
39 8
39 31
40 35
40 41
41 5
41 11
42 24
42 36
43 18
43 33
44 16
44 27
45 28
45 32

# solution 421
# n=46 sym=rot4 status=verified source=flammenkamp_cache/n46_rot4.mvr
# code=mvr:0 25 0 26 1 8 1 13 2 20 2 32 3 23 3 36 4
0 25
0 26
1 8
1 13
2 20
2 32
3 23
3 36
4 29
4 31
5 14
5 18
6 11
6 35
7 9
7 30
8 24
8 44
9 3
9 38
10 6
10 18
11 12
11 39
12 30
12 34
13 2
13 44
14 4
14 40
15 7
15 12
16 4
16 26
17 21
17 23
18 35
18 40
19 0
19 16
20 0
20 43
21 8
21 28
22 3
22 17
23 28
23 42
24 17
24 37
25 2
25 45
26 29
26 45
27 5
27 10
28 22
28 24
29 19
29 41
30 33
30 38
31 5
31 41
32 1
32 43
33 11
33 15
34 6
34 33
35 27
35 39
36 7
36 42
37 1
37 21
38 15
38 36
39 10
39 34
40 27
40 31
41 14
41 16
42 9
42 22
43 13
43 25
44 32
44 37
45 19
45 20

# solution 422
# n=46 sym=rot4 status=verified source=flammenkamp_cache/n46_rot4.mvr
# code=mvr:0 32 0 36 1 20 1 35 2 18 2 22 3 18 3 21 
0 32
0 36
1 20
1 35
2 18
2 22
3 18
3 21
4 11
4 31
5 13
5 25
6 7
6 8
7 24
7 39
8 15
8 39
9 0
9 10
10 1
10 36
11 23
11 41
12 16
12 28
13 0
13 40
14 4
14 26
15 17
15 37
16 26
16 33
17 12
17 30
18 42
18 43
19 14
19 16
20 5
20 44
21 7
21 42
22 11
22 43
23 2
23 34
24 3
24 38
25 1
25 40
26 29
26 31
27 2
27 3
28 15
28 33
29 12
29 19
30 8
30 28
31 19
31 41
32 5
32 45
33 17
33 29
34 4
34 22
35 9
35 44
36 35
36 45
37 6
37 30
38 6
38 21
39 37
39 38
40 20
40 32
41 14
41 34
42 24
42 27
43 23
43 27
44 10
44 25
45 9
45 13

# solution 423
# n=46 sym=rot4 status=verified source=flammenkamp_cache/n46_rot4.mvr
# code=mvr:0 18 0 32 1 12 1 22 2 20 2 38 3 12 3 27 
0 18
0 32
1 12
1 22
2 20
2 38
3 12
3 27
4 19
4 29
5 16
5 34
6 8
6 10
7 2
7 21
8 24
8 39
9 28
9 34
10 15
10 39
11 5
11 9
12 42
12 44
13 0
13 23
14 15
14 17
15 31
15 35
16 4
16 40
17 9
17 31
18 3
18 45
19 20
19 41
20 26
20 43
21 8
21 38
22 13
22 44
23 1
23 32
24 7
24 37
25 2
25 19
26 4
26 25
27 0
27 42
28 14
28 36
29 5
29 41
30 10
30 14
31 28
31 30
32 22
32 45
33 1
33 3
34 36
34 40
35 6
35 30
36 11
36 17
37 6
37 21
38 24
38 43
39 35
39 37
40 11
40 29
41 16
41 26
42 18
42 33
43 7
43 25
44 23
44 33
45 13
45 27

# solution 424
# n=46 sym=rot4 status=verified source=flammenkamp_cache/n46_rot4.mvr
# code=mvr:0 25 0 29 1 12 1 32 2 15 2 25 3 9 3 21 4
0 25
0 29
1 12
1 32
2 15
2 25
3 9
3 21
4 8
4 18
5 5
5 40
6 31
6 35
7 23
7 33
8 17
8 41
9 14
9 42
10 6
10 13
11 23
11 26
12 7
12 44
13 1
13 35
14 6
14 36
15 16
15 43
16 0
16 30
17 26
17 37
18 21
18 41
19 11
19 17
20 0
20 2
21 27
21 42
22 7
22 11
23 34
23 38
24 3
24 18
25 43
25 45
26 28
26 34
27 4
27 24
28 8
28 19
29 15
29 45
30 2
30 29
31 9
31 39
32 10
32 44
33 1
33 38
34 19
34 22
35 32
35 39
36 3
36 31
37 4
37 28
38 12
38 22
39 10
39 14
40 5
40 40
41 27
41 37
42 24
42 36
43 20
43 30
44 13
44 33
45 16
45 20

# solution 425
# n=46 sym=rot4 status=verified source=flammenkamp_cache/n46_rot4.mvr
# code=mvr:0 6 0 21 1 24 1 32 2 17 2 36 3 12 3 23 4
0 6
0 21
1 24
1 32
2 17
2 36
3 12
3 23
4 15
4 39
5 19
5 27
6 4
6 45
7 11
7 30
8 23
8 36
9 2
9 8
10 19
10 28
11 16
11 38
12 14
12 42
13 1
13 29
14 27
14 33
15 7
15 41
16 13
16 34
17 10
17 43
18 5
18 14
19 35
19 40
20 20
20 25
21 1
21 45
22 3
22 8
23 37
23 42
24 0
24 44
25 20
25 25
26 5
26 10
27 31
27 40
28 2
28 35
29 11
29 32
30 4
30 38
31 12
31 18
32 16
32 44
33 3
33 31
34 7
34 29
35 17
35 26
36 37
36 43
37 9
37 22
38 15
38 34
39 0
39 41
40 18
40 26
41 6
41 30
42 22
42 33
43 9
43 28
44 13
44 21
45 24
45 39

# solution 426
# n=46 sym=rot4 status=verified source=flammenkamp_cache/n46_rot4.mvr
# code=mvr:0 18 0 22 1 17 1 27 2 6 2 10 3 32 3 34 4
0 18
0 22
1 17
1 27
2 6
2 10
3 32
3 34
4 25
4 29
5 14
5 23
6 26
6 43
7 28
7 37
8 7
8 14
9 16
9 34
10 32
10 43
11 3
11 9
12 19
12 24
13 3
13 10
14 37
14 40
15 15
15 30
16 4
16 36
17 7
17 44
18 1
18 45
19 6
19 33
20 4
20 24
21 12
21 20
22 5
22 45
23 0
23 40
24 25
24 33
25 21
25 41
26 12
26 39
27 0
27 44
28 1
28 38
29 9
29 41
30 15
30 30
31 5
31 8
32 35
32 42
33 21
33 26
34 36
34 42
35 2
35 13
36 11
36 29
37 31
37 38
38 8
38 17
39 2
39 19
40 22
40 31
41 16
41 20
42 11
42 13
43 35
43 39
44 18
44 28
45 23
45 27

# solution 427
# n=46 sym=rot4 status=verified source=flammenkamp_cache/n46_rot4.mvr
# code=mvr:0 12 0 22 1 17 1 23 2 27 2 29 3 18 3 32 
0 12
0 22
1 17
1 23
2 27
2 29
3 18
3 32
4 33
4 39
5 5
5 40
6 4
6 11
7 19
7 31
8 9
8 11
9 17
9 37
10 24
10 30
11 37
11 39
12 4
12 45
13 3
13 30
14 7
14 25
15 10
15 13
16 2
16 26
17 36
17 44
18 2
18 42
19 16
19 38
20 14
20 21
21 10
21 25
22 1
22 45
23 0
23 44
24 20
24 35
25 24
25 31
26 7
26 29
27 3
27 43
28 1
28 9
29 19
29 43
30 32
30 35
31 20
31 38
32 15
32 42
33 0
33 41
34 6
34 8
35 15
35 21
36 8
36 28
37 34
37 36
38 14
38 26
39 34
39 41
40 5
40 40
41 6
41 12
42 13
42 27
43 16
43 18
44 22
44 28
45 23
45 33

# solution 428
# n=46 sym=rot4 status=verified source=flammenkamp_cache/n46_rot4.mvr
# code=mvr:0 21 0 24 1 31 1 43 2 1 2 16 3 13 3 22 4
0 21
0 24
1 31
1 43
2 1
2 16
3 13
3 22
4 26
4 36
5 8
5 17
6 26
6 31
7 23
7 32
8 25
8 40
9 4
9 35
10 9
10 12
11 17
11 27
12 15
12 35
13 7
13 42
14 1
14 6
15 20
15 33
16 18
16 43
17 34
17 40
18 11
18 29
19 4
19 6
20 8
20 30
21 0
21 45
22 7
22 42
23 3
23 38
24 0
24 45
25 15
25 37
26 39
26 41
27 16
27 34
28 5
28 11
29 2
29 27
30 12
30 25
31 39
31 44
32 3
32 38
33 10
33 30
34 18
34 28
35 33
35 36
36 10
36 41
37 5
37 20
38 13
38 22
39 14
39 19
40 28
40 37
41 9
41 19
42 23
42 32
43 29
43 44
44 2
44 14
45 21
45 24

# solution 429
# n=46 sym=rot4 status=verified source=flammenkamp_cache/n46_rot4.mvr
# code=mvr:0 25 0 26 1 15 1 32 2 8 2 28 3 30 3 33 4
0 25
0 26
1 15
1 32
2 8
2 28
3 30
3 33
4 4
4 41
5 19
5 36
6 10
6 11
7 17
7 20
8 36
8 43
9 5
9 8
10 27
10 39
11 16
11 39
12 3
12 27
13 1
13 16
14 21
14 23
15 3
15 44
16 32
16 34
17 2
17 38
18 10
18 12
19 0
19 40
20 0
20 38
21 23
21 31
22 14
22 21
23 24
23 31
24 14
24 22
25 7
25 45
26 5
26 45
27 33
27 35
28 7
28 43
29 11
29 13
30 1
30 42
31 22
31 24
32 29
32 44
33 18
33 42
34 6
34 29
35 6
35 18
36 37
36 40
37 2
37 9
38 25
38 28
39 34
39 35
40 9
40 26
41 4
41 41
42 12
42 15
43 17
43 37
44 13
44 30
45 19
45 20

# solution 430
# n=46 sym=rot4 status=verified source=flammenkamp_cache/n46_rot4.mvr
# code=mvr:0 16 0 20 1 13 1 31 2 23 2 30 3 18 3 20 
0 16
0 20
1 13
1 31
2 23
2 30
3 18
3 20
4 31
4 36
5 6
5 11
6 28
6 40
7 21
7 37
8 7
8 10
9 4
9 13
10 24
10 37
11 29
11 40
12 18
12 30
13 36
13 44
14 1
14 4
15 2
15 12
16 11
16 45
17 6
17 19
18 33
18 42
19 23
19 28
20 42
20 45
21 10
21 38
22 2
22 19
23 26
23 43
24 7
24 35
25 0
25 3
26 17
26 22
27 3
27 12
28 26
28 39
29 0
29 34
30 33
30 43
31 41
31 44
32 1
32 9
33 15
33 27
34 5
34 16
35 8
35 21
36 32
36 41
37 35
37 38
38 8
38 24
39 5
39 17
40 34
40 39
41 9
41 14
42 25
42 27
43 15
43 22
44 14
44 32
45 25
45 29

# solution 431
# n=46 sym=rot4 status=verified source=flammenkamp_cache/n46_rot4.mvr
# code=mvr:0 13 0 26 1 2 1 26 2 14 2 44 3 34 3 36 4
0 13
0 26
1 2
1 26
2 14
2 44
3 34
3 36
4 16
4 33
5 6
5 10
6 25
6 40
7 16
7 17
8 23
8 30
9 3
9 27
10 30
10 40
11 3
11 14
12 4
12 23
13 28
13 45
14 34
14 43
15 8
15 10
16 38
16 41
17 13
17 38
18 9
18 20
19 0
19 1
20 6
20 27
21 21
21 24
22 8
22 12
23 33
23 37
24 21
24 24
25 18
25 39
26 44
26 45
27 25
27 36
28 7
28 32
29 4
29 7
30 35
30 37
31 2
31 11
32 0
32 17
33 22
33 41
34 31
34 42
35 5
35 15
36 18
36 42
37 15
37 22
38 28
38 29
39 5
39 20
40 35
40 39
41 12
41 29
42 9
42 11
43 1
43 31
44 19
44 43
45 19
45 32

# solution 432
# n=46 sym=rot4 status=verified source=flammenkamp_cache/n46_rot4.mvr
# code=mvr:0 17 0 20 1 25 1 30 2 17 2 29 3 5 3 12 4
0 17
0 20
1 25
1 30
2 17
2 29
3 5
3 12
4 10
4 11
5 21
5 42
6 34
6 38
7 6
7 31
8 19
8 29
9 14
9 24
10 13
10 41
11 6
11 41
12 22
12 42
13 23
13 35
14 7
14 36
15 1
15 18
16 2
16 8
17 43
17 45
18 26
18 30
19 18
19 37
20 1
20 45
21 9
21 40
22 13
22 33
23 12
23 32
24 5
24 36
25 0
25 44
26 8
26 27
27 15
27 19
28 0
28 2
29 37
29 43
30 27
30 44
31 9
31 38
32 10
32 22
33 3
33 23
34 4
34 39
35 4
35 32
36 21
36 31
37 16
37 26
38 14
38 39
39 7
39 11
40 3
40 24
41 34
41 35
42 33
42 40
43 16
43 28
44 15
44 20
45 25
45 28

# solution 433
# n=46 sym=rot4 status=verified source=flammenkamp_cache/n46_rot4.mvr
# code=mvr:0 6 0 25 1 20 1 41 2 17 2 33 3 31 3 34 4
0 6
0 25
1 20
1 41
2 17
2 33
3 31
3 34
4 1
4 13
5 16
5 22
6 27
6 45
7 8
7 19
8 17
8 38
9 30
9 35
10 9
10 12
11 3
11 24
12 2
12 35
13 15
13 41
14 3
14 27
15 9
15 32
16 24
16 40
17 37
17 43
18 6
18 14
19 23
19 38
20 0
20 44
21 11
21 16
22 19
22 40
23 5
23 26
24 29
24 34
25 1
25 45
26 7
26 22
27 31
27 39
28 2
28 8
29 5
29 21
30 13
30 36
31 18
31 42
32 4
32 30
33 10
33 43
34 21
34 42
35 33
35 36
36 10
36 15
37 7
37 28
38 26
38 37
39 0
39 18
40 23
40 29
41 32
41 44
42 11
42 14
43 12
43 28
44 4
44 25
45 20
45 39

# solution 434
# n=46 sym=rot4 status=verified source=flammenkamp_cache/n46_rot4.mvr
# code=mvr:0 17 0 21 1 20 1 29 2 25 2 34 3 9 3 13 4
0 17
0 21
1 20
1 29
2 25
2 34
3 9
3 13
4 31
4 38
5 26
5 28
6 6
6 39
7 4
7 12
8 10
8 24
9 18
9 42
10 15
10 37
11 2
11 23
12 13
12 38
13 33
13 42
14 4
14 18
15 29
15 35
16 1
16 15
17 5
17 45
18 31
18 36
19 5
19 23
20 2
20 44
21 8
21 45
22 11
22 19
23 26
23 34
24 0
24 37
25 1
25 43
26 22
26 40
27 9
27 14
28 0
28 40
29 30
29 44
30 10
30 16
31 27
31 41
32 3
32 12
33 7
33 32
34 22
34 43
35 8
35 30
36 3
36 27
37 21
37 35
38 33
38 41
39 6
39 39
40 17
40 19
41 7
41 14
42 32
42 36
43 11
43 20
44 16
44 25
45 24
45 28

# solution 435
# n=46 sym=rot4 status=verified source=flammenkamp_cache/n46_rot4.mvr
# code=mvr:0 12 0 20 1 10 1 16 2 19 2 26 3 9 3 12 4
0 12
0 20
1 10
1 16
2 19
2 26
3 9
3 12
4 30
4 31
5 21
5 27
6 13
6 37
7 22
7 28
8 6
8 9
9 37
9 42
10 31
10 44
11 15
11 23
12 42
12 45
13 18
13 39
14 4
14 10
15 4
15 34
16 24
16 44
17 7
17 20
18 5
18 32
19 2
19 43
20 28
20 45
21 16
21 40
22 11
22 38
23 7
23 34
24 5
24 29
25 0
25 17
26 2
26 43
27 13
27 40
28 25
28 38
29 1
29 21
30 11
30 41
31 35
31 41
32 6
32 27
33 0
33 3
34 22
34 30
35 1
35 14
36 3
36 8
37 36
37 39
38 17
38 23
39 8
39 32
40 18
40 24
41 14
41 15
42 33
42 36
43 19
43 26
44 29
44 35
45 25
45 33

# solution 436
# n=46 sym=rot4 status=verified source=flammenkamp_cache/n46_rot4.mvr
# code=mvr:0 24 0 29 1 16 1 25 2 20 2 36 3 6 3 32 4
0 24
0 29
1 16
1 25
2 20
2 36
3 6
3 32
4 5
4 24
5 38
5 41
6 37
6 42
7 5
7 13
8 6
8 14
9 2
9 26
10 28
10 30
11 12
11 15
12 28
12 34
13 3
13 38
14 22
14 37
15 10
15 34
16 0
16 44
17 10
17 12
18 18
18 27
19 9
19 23
20 1
20 43
21 0
21 4
22 19
22 31
23 14
23 26
24 41
24 45
25 2
25 44
26 22
26 36
27 18
27 27
28 33
28 35
29 1
29 45
30 11
30 35
31 8
31 23
32 7
32 42
33 11
33 17
34 30
34 33
35 15
35 17
36 19
36 43
37 31
37 39
38 32
38 40
39 3
39 8
40 4
40 7
41 21
41 40
42 13
42 39
43 9
43 25
44 20
44 29
45 16
45 21

# solution 437
# n=46 sym=rot4 status=verified source=flammenkamp_cache/n46_rot4.mvr
# code=mvr:0 16 0 19 1 25 1 29 2 20 2 27 3 6 3 14 4
0 16
0 19
1 25
1 29
2 20
2 27
3 6
3 14
4 12
4 34
5 17
5 22
6 33
6 42
7 8
7 32
8 35
8 38
9 31
9 35
10 8
10 9
11 4
11 24
12 6
12 41
13 7
13 18
14 9
14 42
15 15
15 30
16 1
16 45
17 24
17 40
18 2
18 32
19 23
19 45
20 1
20 43
21 11
21 17
22 19
22 40
23 5
23 26
24 28
24 34
25 2
25 44
26 0
26 22
27 13
27 43
28 5
28 21
29 0
29 44
30 15
30 30
31 3
31 36
32 27
32 38
33 4
33 39
34 21
34 41
35 36
35 37
36 10
36 14
37 7
37 10
38 13
38 37
39 3
39 12
40 23
40 28
41 11
41 33
42 31
42 39
43 18
43 25
44 16
44 20
45 26
45 29

# solution 438
# n=46 sym=rot4 status=verified source=flammenkamp_cache/n46_rot4.mvr
# code=mvr:0 23 0 36 1 18 1 24 2 15 2 18 3 21 3 28 
0 23
0 36
1 18
1 24
2 15
2 18
3 21
3 28
4 32
4 34
5 13
5 37
6 36
6 37
7 17
7 23
8 5
8 6
9 0
9 6
10 11
10 20
11 4
11 35
12 14
12 29
13 4
13 40
14 25
14 33
15 16
15 43
16 12
16 30
17 3
17 38
18 43
18 44
19 19
19 26
20 14
20 35
21 1
21 42
22 0
22 7
23 38
23 45
24 3
24 44
25 10
25 31
26 19
26 26
27 1
27 2
28 7
28 42
29 15
29 33
30 2
30 29
31 12
31 20
32 5
32 41
33 16
33 31
34 10
34 41
35 25
35 34
36 39
36 45
37 39
37 40
38 22
38 28
39 8
39 9
40 8
40 32
41 11
41 13
42 17
42 24
43 27
43 30
44 21
44 27
45 9
45 22

# solution 439
# n=46 sym=rot4 status=verified source=flammenkamp_cache/n46_rot4.mvr
# code=mvr:0 23 0 36 1 18 1 24 2 18 2 30 3 21 3 28 
0 23
0 36
1 18
1 24
2 18
2 30
3 21
3 28
4 32
4 34
5 13
5 37
6 36
6 37
7 17
7 23
8 5
8 6
9 0
9 6
10 11
10 20
11 4
11 35
12 14
12 29
13 4
13 40
14 25
14 33
15 2
15 16
16 12
16 30
17 3
17 38
18 43
18 44
19 19
19 26
20 14
20 35
21 1
21 42
22 0
22 7
23 38
23 45
24 3
24 44
25 10
25 31
26 19
26 26
27 1
27 2
28 7
28 42
29 15
29 33
30 29
30 43
31 12
31 20
32 5
32 41
33 16
33 31
34 10
34 41
35 25
35 34
36 39
36 45
37 39
37 40
38 22
38 28
39 8
39 9
40 8
40 32
41 11
41 13
42 17
42 24
43 15
43 27
44 21
44 27
45 9
45 22

# solution 440
# n=46 sym=rot4 status=verified source=flammenkamp_cache/n46_rot4.mvr
# code=mvr:0 21 0 23 1 12 1 18 2 30 2 36 3 23 3 28 
0 21
0 23
1 12
1 18
2 30
2 36
3 23
3 28
4 15
4 19
5 11
5 35
6 16
6 34
7 19
7 32
8 25
8 29
9 2
9 12
10 5
10 17
11 6
11 40
12 36
12 44
13 7
13 31
14 13
14 27
15 2
15 41
16 8
16 39
17 3
17 35
18 14
18 44
19 38
19 41
20 8
20 21
21 25
21 45
22 0
22 3
23 42
23 45
24 0
24 20
25 24
25 37
26 4
26 7
27 1
27 31
28 10
28 42
29 6
29 37
30 4
30 43
31 18
31 32
32 14
32 38
33 1
33 9
34 5
34 39
35 28
35 40
36 33
36 43
37 16
37 20
38 13
38 26
39 11
39 29
40 10
40 34
41 26
41 30
42 17
42 22
43 9
43 15
44 27
44 33
45 22
45 24

# solution 441
# n=46 sym=rot4 status=verified source=flammenkamp_cache/n46_rot4.mvr
# code=mvr:0 10 0 37 1 14 1 24 2 4 2 21 3 17 3 27 4
0 10
0 37
1 14
1 24
2 4
2 21
3 17
3 27
4 25
4 43
5 15
5 36
6 23
6 30
7 18
7 34
8 0
8 23
9 5
9 14
10 29
10 45
11 7
11 16
12 12
12 33
13 20
13 26
14 36
14 44
15 6
15 40
16 10
16 34
17 19
17 42
18 3
18 38
19 13
19 28
20 4
20 32
21 1
21 43
22 6
22 8
23 37
23 39
24 2
24 44
25 13
25 41
26 17
26 32
27 7
27 42
28 3
28 26
29 11
29 35
30 5
30 39
31 1
31 9
32 19
32 25
33 12
33 33
34 29
34 38
35 0
35 16
36 31
36 40
37 22
37 45
38 11
38 27
39 15
39 22
40 9
40 30
41 2
41 20
42 18
42 28
43 24
43 41
44 21
44 31
45 8
45 35

# solution 442
# n=46 sym=rot4 status=verified source=flammenkamp_cache/n46_rot4.mvr
# code=mvr:0 11 0 13 1 17 1 27 2 25 2 38 3 26 3 38 
0 11
0 13
1 17
1 27
2 25
2 38
3 26
3 38
4 13
4 30
5 6
5 9
6 20
6 40
7 2
7 3
8 18
8 29
9 12
9 40
10 23
10 30
11 19
11 45
12 21
12 36
13 41
13 45
14 28
14 29
15 4
15 10
16 8
16 14
17 14
17 44
18 1
18 37
19 3
19 34
20 2
20 39
21 23
21 33
22 10
22 21
23 24
23 35
24 12
24 22
25 6
25 43
26 11
26 42
27 8
27 44
28 1
28 31
29 31
29 37
30 35
30 41
31 16
31 17
32 0
32 4
33 9
33 24
34 0
34 26
35 15
35 22
36 5
36 33
37 16
37 27
38 42
38 43
39 5
39 25
40 36
40 39
41 15
41 32
42 7
42 19
43 7
43 20
44 18
44 28
45 32
45 34

# solution 443
# n=46 sym=rot4 status=verified source=flammenkamp_cache/n46_rot4.mvr
# code=mvr:0 19 0 24 1 21 1 28 2 9 2 14 3 6 3 31 4 
0 19
0 24
1 21
1 28
2 9
2 14
3 6
3 31
4 6
4 32
5 15
5 22
6 41
6 42
7 15
7 27
8 20
8 27
9 10
9 43
10 34
10 36
11 10
11 16
12 20
12 28
13 4
13 19
14 3
14 43
15 38
15 40
16 23
16 34
17 1
17 12
18 7
18 8
19 32
19 45
20 33
20 37
21 0
21 44
22 16
22 40
23 5
23 29
24 1
24 45
25 8
25 12
26 0
26 13
27 37
27 38
28 33
28 44
29 11
29 22
30 5
30 7
31 2
31 42
32 26
32 41
33 17
33 25
34 29
34 35
35 9
35 11
36 2
36 35
37 18
37 25
38 18
38 30
39 3
39 4
40 23
40 30
41 13
41 39
42 14
42 39
43 31
43 36
44 17
44 24
45 21
45 26

# solution 444
# n=46 sym=rot4 status=verified source=flammenkamp_cache/n46_rot4.mvr
# code=mvr:0 25 0 34 1 6 1 28 2 17 2 32 3 15 3 20 4
0 25
0 34
1 6
1 28
2 17
2 32
3 15
3 20
4 12
4 19
5 22
5 30
6 38
6 44
7 6
7 36
8 16
8 36
9 7
9 8
10 16
10 31
11 0
11 21
12 14
12 41
13 2
13 27
14 10
14 33
15 5
15 42
16 35
16 37
17 1
17 43
18 13
18 24
19 23
19 41
20 0
20 42
21 18
21 34
22 19
22 40
23 5
23 26
24 11
24 27
25 3
25 45
26 4
26 22
27 21
27 32
28 2
28 44
29 8
29 10
30 3
30 40
31 12
31 35
32 18
32 43
33 4
33 31
34 24
34 45
35 14
35 29
36 37
36 38
37 9
37 29
38 9
38 39
39 1
39 7
40 15
40 23
41 26
41 33
42 25
42 30
43 13
43 28
44 17
44 39
45 11
45 20

# solution 445
# n=46 sym=rot4 status=verified source=flammenkamp_cache/n46_rot4.mvr
# code=mvr:0 13 0 16 1 24 1 26 2 11 2 30 3 6 3 18 4
0 13
0 16
1 24
1 26
2 11
2 30
3 6
3 18
4 5
4 10
5 38
5 41
6 32
6 42
7 5
7 31
8 25
8 27
9 15
9 17
10 31
10 41
11 23
11 43
12 23
12 28
13 6
13 45
14 7
14 10
15 2
15 36
16 20
16 45
17 12
17 36
18 8
18 42
19 1
19 24
20 8
20 29
21 1
21 19
22 11
22 12
23 33
23 34
24 26
24 44
25 16
25 37
26 21
26 44
27 3
27 37
28 9
28 33
29 0
29 25
30 9
30 43
31 35
31 38
32 0
32 39
33 17
33 22
34 2
34 22
35 4
35 14
36 28
36 30
37 18
37 20
38 14
38 40
39 3
39 13
40 4
40 7
41 35
41 40
42 27
42 39
43 15
43 34
44 19
44 21
45 29
45 32

# solution 446
# n=46 sym=rot4 status=verified source=flammenkamp_cache/n46_rot4.mvr
# code=mvr:0 28 0 33 1 5 1 24 2 21 2 40 3 17 3 33 4
0 28
0 33
1 5
1 24
2 21
2 40
3 17
3 33
4 10
4 36
5 2
5 44
6 13
6 29
7 13
7 25
8 19
8 34
9 4
9 31
10 22
10 41
11 8
11 19
12 0
12 3
13 38
13 39
14 9
14 23
15 15
15 30
16 6
16 27
17 0
17 42
18 16
18 25
19 34
19 37
20 7
20 18
21 1
21 43
22 14
22 35
23 10
23 31
24 2
24 44
25 27
25 38
26 8
26 11
27 20
27 29
28 3
28 45
29 18
29 39
30 15
30 30
31 22
31 36
32 6
32 7
33 42
33 45
34 26
34 37
35 4
35 23
36 14
36 41
37 11
37 26
38 20
38 32
39 16
39 32
40 1
40 43
41 9
41 35
42 12
42 28
43 5
43 24
44 21
44 40
45 12
45 17

# solution 447
# n=46 sym=rot4 status=verified source=flammenkamp_cache/n46_rot4.mvr
# code=mvr:0 22 0 34 1 14 1 28 2 25 2 37 3 10 3 17 
0 22
0 34
1 14
1 28
2 25
2 37
3 10
3 17
4 20
4 29
5 10
5 29
6 18
6 30
7 9
7 21
8 2
8 9
9 37
9 38
10 40
10 42
11 0
11 21
12 27
12 32
13 12
13 15
14 23
14 44
15 6
15 32
16 4
16 5
17 1
17 42
18 12
18 39
19 19
19 26
20 2
20 41
21 34
21 38
22 14
22 45
23 0
23 31
24 7
24 11
25 4
25 43
26 19
26 26
27 6
27 33
28 3
28 44
29 40
29 41
30 13
30 39
31 1
31 22
32 30
32 33
33 13
33 18
34 24
34 45
35 3
35 5
36 7
36 8
37 36
37 43
38 24
38 36
39 15
39 27
40 16
40 35
41 16
41 25
42 28
42 35
43 8
43 20
44 17
44 31
45 11
45 23

# solution 448
# n=46 sym=rot4 status=verified source=flammenkamp_cache/n46_rot4.mvr
# code=mvr:0 15 0 33 1 25 1 32 2 36 2 37 3 18 3 29 
0 15
0 33
1 25
1 32
2 36
2 37
3 18
3 29
4 6
4 20
5 10
5 23
6 31
6 41
7 24
7 36
8 2
8 29
9 2
9 7
10 19
10 40
11 15
11 21
12 0
12 32
13 1
13 12
14 6
14 17
15 34
15 45
16 3
16 8
17 27
17 31
18 17
18 42
19 23
19 35
20 1
20 41
21 7
21 34
22 5
22 19
23 26
23 40
24 11
24 38
25 4
25 44
26 10
26 22
27 3
27 28
28 14
28 18
29 37
29 42
30 0
30 11
31 28
31 39
32 33
32 44
33 13
33 45
34 24
34 30
35 5
35 26
36 38
36 43
37 16
37 43
38 9
38 21
39 4
39 14
40 22
40 35
41 25
41 39
42 16
42 27
43 8
43 9
44 13
44 20
45 12
45 30

# solution 449
# n=46 sym=rot4 status=verified source=flammenkamp_cache/n46_rot4.mvr
# code=mvr:0 11 0 22 1 16 1 26 2 6 2 9 3 14 3 28 4 
0 11
0 22
1 16
1 26
2 6
2 9
3 14
3 28
4 21
4 35
5 18
5 37
6 23
6 43
7 31
7 33
8 5
8 17
9 35
9 43
10 4
10 9
11 32
11 45
12 7
12 21
13 11
13 26
14 7
14 42
15 16
15 27
16 30
16 44
17 3
17 37
18 15
18 40
19 1
19 13
20 20
20 25
21 33
21 41
22 6
22 45
23 0
23 39
24 4
24 12
25 20
25 25
26 32
26 44
27 5
27 30
28 8
28 42
29 1
29 15
30 18
30 29
31 3
31 38
32 19
32 34
33 24
33 38
34 0
34 13
35 36
35 41
36 2
36 10
37 28
37 40
38 12
38 14
39 2
39 22
40 8
40 27
41 10
41 24
42 17
42 31
43 36
43 39
44 19
44 29
45 23
45 34

# solution 450
# n=46 sym=rot4 status=verified source=flammenkamp_cache/n46_rot4.mvr
# code=mvr:0 22 0 44 1 0 1 21 2 18 2 31 3 14 3 28 4
0 22
0 44
1 0
1 21
2 18
2 31
3 14
3 28
4 33
4 35
5 16
5 23
6 27
6 30
7 21
7 25
8 9
8 11
9 16
9 37
10 4
10 32
11 32
11 37
12 4
12 28
13 10
13 11
14 2
14 42
15 6
15 20
16 36
16 40
17 3
17 12
18 6
18 43
19 19
19 26
20 7
20 30
21 38
21 44
22 5
22 45
23 0
23 40
24 1
24 7
25 15
25 38
26 19
26 26
27 2
27 39
28 33
28 42
29 5
29 9
30 25
30 39
31 3
31 43
32 34
32 35
33 17
33 41
34 8
34 13
35 13
35 41
36 8
36 29
37 34
37 36
38 20
38 24
39 15
39 18
40 22
40 29
41 10
41 12
42 17
42 31
43 14
43 27
44 24
44 45
45 1
45 23

# solution 451
# n=46 sym=rot4 status=verified source=flammenkamp_cache/n46_rot4.mvr
# code=mvr:0 14 0 17 1 20 1 24 2 27 2 41 3 22 3 31 
0 14
0 17
1 20
1 24
2 27
2 41
3 22
3 31
4 2
4 26
5 10
5 34
6 13
6 21
7 29
7 34
8 25
8 29
9 10
9 12
10 36
10 40
11 5
11 7
12 30
12 36
13 18
13 39
14 3
14 45
15 12
15 23
16 7
16 8
17 19
17 45
18 2
18 32
19 4
19 28
20 8
20 44
21 1
21 39
22 15
22 42
23 3
23 30
24 6
24 44
25 1
25 37
26 17
26 41
27 13
27 43
28 0
28 26
29 37
29 38
30 22
30 33
31 0
31 42
32 6
32 27
33 9
33 15
34 38
34 40
35 5
35 9
36 33
36 35
37 16
37 20
38 11
38 16
39 24
39 32
40 11
40 35
41 19
41 43
42 14
42 23
43 4
43 18
44 21
44 25
45 28
45 31

# solution 452
# n=46 sym=rot4 status=verified source=flammenkamp_cache/n46_rot4.mvr
# code=mvr:0 16 0 37 1 22 1 26 2 16 2 37 3 9 3 18 4
0 16
0 37
1 22
1 26
2 16
2 37
3 9
3 18
4 25
4 30
5 5
5 40
6 7
6 31
7 19
7 39
8 0
8 2
9 32
9 42
10 17
10 21
11 21
11 33
12 11
12 31
13 9
13 28
14 6
14 12
15 4
15 18
16 43
16 45
17 13
17 35
18 30
18 42
19 1
19 38
20 4
20 23
21 34
21 35
22 20
22 44
23 1
23 25
24 10
24 11
25 22
25 41
26 7
26 44
27 3
27 15
28 10
28 32
29 0
29 2
30 27
30 41
31 33
31 39
32 17
32 36
33 14
33 34
34 12
34 24
35 24
35 28
36 3
36 13
37 43
37 45
38 6
38 26
39 14
39 38
40 5
40 40
41 15
41 20
42 27
42 36
43 8
43 29
44 19
44 23
45 8
45 29

# solution 453
# n=46 sym=rot4 status=verified source=flammenkamp_cache/n46_rot4.mvr
# code=mvr:0 14 0 35 1 22 1 33 2 26 2 34 3 14 3 15 
0 14
0 35
1 22
1 33
2 26
2 34
3 14
3 15
4 25
4 26
5 17
5 23
6 10
6 30
7 7
7 38
8 9
8 21
9 29
9 37
10 0
10 39
11 2
11 16
12 1
12 13
13 18
13 33
14 42
14 45
15 6
15 42
16 9
16 34
17 20
17 40
18 24
18 32
19 2
19 4
20 4
20 28
21 18
21 37
22 5
22 44
23 1
23 40
24 8
24 27
25 17
25 41
26 41
26 43
27 13
27 21
28 5
28 25
29 11
29 36
30 3
30 39
31 0
31 3
32 12
32 27
33 32
33 44
34 29
34 43
35 6
35 45
36 8
36 16
37 24
37 36
38 7
38 38
39 15
39 35
40 22
40 28
41 19
41 20
42 30
42 31
43 11
43 19
44 12
44 23
45 10
45 31

# solution 454
# n=46 sym=rot4 status=verified source=flammenkamp_cache/n46_rot4.mvr
# code=mvr:0 21 0 37 1 7 1 25 2 14 2 27 3 14 3 41 4
0 21
0 37
1 7
1 25
2 14
2 27
3 14
3 41
4 3
4 15
5 15
5 37
6 20
6 26
7 11
7 44
8 0
8 5
9 22
9 24
10 17
10 32
11 29
11 38
12 12
12 33
13 10
13 17
14 42
14 43
15 40
15 41
16 11
16 23
17 32
17 35
18 2
18 26
19 6
19 18
20 1
20 39
21 9
21 45
22 16
22 36
23 9
23 29
24 0
24 36
25 6
25 44
26 27
26 39
27 19
27 43
28 10
28 13
29 22
29 34
30 4
30 5
31 2
31 3
32 28
32 35
33 12
33 33
34 7
34 16
35 13
35 28
36 21
36 23
37 40
37 45
38 1
38 34
39 19
39 25
40 8
40 30
41 30
41 42
42 4
42 31
43 18
43 31
44 20
44 38
45 8
45 24

# solution 455
# n=46 sym=rot4 status=verified source=flammenkamp_cache/n46_rot4.mvr
# code=mvr:0 27 0 42 1 10 1 15 2 22 2 26 3 0 3 27 4
0 27
0 42
1 10
1 15
2 22
2 26
3 0
3 27
4 30
4 31
5 12
5 20
6 14
6 37
7 9
7 32
8 6
8 16
9 10
9 38
10 36
10 44
11 23
11 25
12 17
12 40
13 7
13 19
14 4
14 39
15 4
15 44
16 17
16 37
17 29
17 33
18 0
18 3
19 2
19 32
20 11
20 40
21 21
21 24
22 11
22 43
23 2
23 34
24 21
24 24
25 5
25 34
26 13
26 43
27 42
27 45
28 12
28 16
29 8
29 28
30 1
30 41
31 6
31 41
32 26
32 38
33 5
33 28
34 20
34 22
35 1
35 9
36 7
36 35
37 29
37 39
38 13
38 36
39 8
39 31
40 25
40 33
41 14
41 15
42 18
42 45
43 19
43 23
44 30
44 35
45 3
45 18

# solution 456
# n=46 sym=rot4 status=verified source=flammenkamp_cache/n46_rot4.mvr
# code=mvr:0 11 0 33 1 14 1 20 2 22 2 34 3 7 3 27 4
0 11
0 33
1 14
1 20
2 22
2 34
3 7
3 27
4 14
4 19
5 35
5 39
6 5
6 32
7 21
7 42
8 16
8 28
9 20
9 32
10 5
10 33
11 2
11 45
12 0
12 10
13 6
13 9
14 41
14 44
15 23
15 28
16 26
16 37
17 8
17 15
18 3
18 24
19 16
19 41
20 36
20 44
21 18
21 38
22 15
22 43
23 2
23 30
24 7
24 27
25 1
25 9
26 4
26 29
27 21
27 42
28 30
28 37
29 8
29 19
30 17
30 22
31 1
31 4
32 36
32 39
33 35
33 45
34 0
34 43
35 12
35 40
36 13
36 25
37 17
37 29
38 3
38 24
39 13
39 40
40 6
40 10
41 26
41 31
42 18
42 38
43 11
43 23
44 25
44 31
45 12
45 34

# solution 457
# n=46 sym=rot4 status=verified source=flammenkamp_cache/n46_rot4.mvr
# code=mvr:0 22 0 24 1 16 1 26 2 13 2 39 3 21 3 33 
0 22
0 24
1 16
1 26
2 13
2 39
3 21
3 33
4 10
4 30
5 30
5 38
6 2
6 8
7 5
7 33
8 20
8 39
9 16
9 17
10 11
10 41
11 14
11 35
12 3
12 7
13 25
13 43
14 18
14 34
15 4
15 5
16 36
16 44
17 23
17 36
18 19
18 31
19 1
19 27
20 13
20 37
21 0
21 42
22 17
22 45
23 0
23 28
24 3
24 45
25 8
25 32
26 18
26 44
27 14
27 26
28 9
28 22
29 1
29 9
30 40
30 41
31 11
31 27
32 2
32 20
33 38
33 42
34 10
34 31
35 4
35 34
36 28
36 29
37 6
37 25
38 12
38 40
39 37
39 43
40 7
40 15
41 15
41 35
42 12
42 24
43 6
43 32
44 19
44 29
45 21
45 23

# solution 458
# n=46 sym=rot4 status=verified source=flammenkamp_cache/n46_rot4.mvr
# code=mvr:0 13 0 36 1 17 1 21 2 16 2 25 3 18 3 27 
0 13
0 36
1 17
1 21
2 16
2 25
3 18
3 27
4 23
4 35
5 7
5 35
6 8
6 13
7 17
7 40
8 24
8 39
9 0
9 29
10 4
10 5
11 12
11 15
12 23
12 34
13 39
13 45
14 14
14 31
15 26
15 34
16 9
16 43
17 38
17 44
18 3
18 42
19 15
19 20
20 2
20 26
21 8
21 44
22 4
22 12
23 33
23 41
24 1
24 37
25 19
25 43
26 25
26 30
27 3
27 42
28 1
28 7
29 2
29 36
30 11
30 19
31 14
31 31
32 0
32 6
33 11
33 22
34 30
34 33
35 40
35 41
36 16
36 45
37 6
37 21
38 5
38 28
39 32
39 37
40 10
40 38
41 10
41 22
42 18
42 27
43 20
43 29
44 24
44 28
45 9
45 32

# solution 459
# n=46 sym=rot4 status=verified source=flammenkamp_cache/n46_rot4.mvr
# code=mvr:0 18 0 25 1 26 1 33 2 28 2 35 3 4 3 13 4
0 18
0 25
1 26
1 33
2 28
2 35
3 4
3 13
4 14
4 42
5 27
5 31
6 11
6 30
7 21
7 35
8 22
8 29
9 16
9 20
10 2
10 7
11 12
11 39
12 1
12 34
13 30
13 42
14 5
14 41
15 6
15 13
16 8
16 36
17 2
17 24
18 5
18 45
19 1
19 23
20 0
20 36
21 17
21 38
22 19
22 37
23 8
23 26
24 7
24 28
25 9
25 45
26 22
26 44
27 0
27 40
28 21
28 43
29 9
29 37
30 32
30 39
31 4
31 40
32 3
32 15
33 11
33 44
34 6
34 33
35 38
35 43
36 25
36 29
37 16
37 23
38 10
38 24
39 15
39 34
40 14
40 18
41 3
41 31
42 32
42 41
43 10
43 17
44 12
44 19
45 20
45 27

# solution 460
# n=46 sym=rot4 status=verified source=flammenkamp_cache/n46_rot4.mvr
# code=mvr:0 16 0 30 1 22 1 26 2 20 2 29 3 12 3 23 
0 16
0 30
1 22
1 26
2 20
2 29
3 12
3 23
4 27
4 30
5 8
5 13
6 14
6 19
7 9
7 12
8 27
8 40
9 25
9 38
10 11
10 13
11 28
11 35
12 38
12 42
13 35
13 40
14 21
14 39
15 0
15 4
16 2
16 45
17 11
17 21
18 4
18 8
19 1
19 39
20 9
20 43
21 28
21 31
22 3
22 44
23 1
23 42
24 14
24 17
25 2
25 36
26 6
26 44
27 37
27 41
28 24
28 34
29 0
29 43
30 41
30 45
31 6
31 24
32 5
32 10
33 3
33 7
34 10
34 17
35 32
35 34
36 7
36 20
37 5
37 18
38 33
38 36
39 26
39 31
40 32
40 37
41 15
41 18
42 22
42 33
43 16
43 25
44 19
44 23
45 15
45 29

# solution 461
# n=46 sym=rot4 status=verified source=flammenkamp_cache/n46_rot4.mvr
# code=mvr:0 23 0 25 1 14 1 15 2 16 2 32 3 27 3 35 
0 23
0 25
1 14
1 15
2 16
2 32
3 27
3 35
4 35
4 40
5 4
5 24
6 14
6 34
7 11
7 33
8 20
8 24
9 16
9 28
10 3
10 4
11 6
11 38
12 7
12 27
13 2
13 15
14 39
14 44
15 32
15 44
16 36
16 43
17 9
17 19
18 3
18 12
19 23
19 28
20 0
20 37
21 5
21 8
22 0
22 19
23 26
23 45
24 37
24 40
25 8
25 45
26 17
26 22
27 33
27 42
28 26
28 36
29 2
29 9
30 1
30 13
31 1
31 6
32 30
32 43
33 18
33 38
34 7
34 39
35 41
35 42
36 17
36 29
37 21
37 25
38 12
38 34
39 11
39 31
40 21
40 41
41 5
41 10
42 10
42 18
43 13
43 29
44 30
44 31
45 20
45 22

# solution 462
# n=46 sym=rot4 status=verified source=flammenkamp_cache/n46_rot4.mvr
# code=mvr:0 15 0 32 1 31 1 37 2 18 2 31 3 23 3 27 
0 15
0 32
1 31
1 37
2 18
2 31
3 23
3 27
4 6
4 9
5 32
5 38
6 10
6 41
7 5
7 16
8 1
8 9
9 37
9 41
10 24
10 39
11 15
11 28
12 21
12 23
13 0
13 5
14 1
14 2
15 34
15 45
16 26
16 38
17 11
17 20
18 3
18 43
19 16
19 20
20 26
20 28
21 10
21 33
22 3
22 12
23 33
23 42
24 12
24 35
25 17
25 19
26 25
26 29
27 2
27 42
28 25
28 34
29 7
29 19
30 0
30 11
31 43
31 44
32 40
32 45
33 22
33 24
34 17
34 30
35 6
35 21
36 4
36 8
37 36
37 44
38 29
38 40
39 4
39 35
40 7
40 13
41 36
41 39
42 18
42 22
43 14
43 27
44 8
44 14
45 13
45 30

# solution 463
# n=46 sym=rot4 status=verified source=flammenkamp_cache/n46_rot4.mvr
# code=mvr:0 24 0 29 1 18 1 34 2 31 2 41 3 15 3 35 
0 24
0 29
1 18
1 34
2 31
2 41
3 15
3 35
4 2
4 23
5 15
5 33
6 9
6 38
7 6
7 10
8 19
8 23
9 14
9 39
10 3
10 38
11 1
11 20
12 5
12 17
13 17
13 21
14 2
14 36
15 40
15 42
16 0
16 25
17 32
17 33
18 26
18 44
19 18
19 37
20 16
20 34
21 0
21 32
22 4
22 8
23 37
23 41
24 13
24 45
25 11
25 29
26 8
26 27
27 1
27 19
28 12
28 13
29 20
29 45
30 3
30 5
31 9
31 43
32 24
32 28
33 28
33 40
34 25
34 44
35 7
35 42
36 6
36 31
37 22
37 26
38 35
38 39
39 7
39 36
40 12
40 30
41 22
41 43
42 10
42 30
43 4
43 14
44 11
44 27
45 16
45 21

# solution 464
# n=46 sym=rot4 status=verified source=flammenkamp_cache/n46_rot4.mvr
# code=mvr:0 21 0 27 1 25 1 28 2 14 2 32 3 31 3 34 
0 21
0 27
1 25
1 28
2 14
2 32
3 31
3 34
4 10
4 18
5 7
5 22
6 7
6 36
7 39
7 40
8 17
8 21
9 6
9 26
10 13
10 41
11 3
11 33
12 11
12 26
13 2
13 35
14 3
14 43
15 15
15 30
16 23
16 25
17 1
17 37
18 0
18 41
19 9
19 12
20 1
20 16
21 37
21 45
22 16
22 40
23 5
23 29
24 0
24 8
25 29
25 44
26 33
26 36
27 4
27 45
28 8
28 44
29 20
29 22
30 15
30 30
31 2
31 42
32 10
32 43
33 19
33 34
34 12
34 42
35 4
35 32
36 19
36 39
37 24
37 28
38 5
38 6
39 9
39 38
40 23
40 38
41 27
41 35
42 11
42 14
43 13
43 31
44 17
44 20
45 18
45 24

# solution 465
# n=46 sym=rot4 status=verified source=flammenkamp_cache/n46_rot4.mvr
# code=mvr:0 22 0 36 1 4 1 14 2 18 2 23 3 29 3 33 4
0 22
0 36
1 4
1 14
2 18
2 23
3 29
3 33
4 12
4 44
5 28
5 39
6 5
6 20
7 26
7 34
8 15
8 36
9 0
9 8
10 21
10 31
11 7
11 28
12 3
12 41
13 15
13 21
14 10
14 44
15 32
15 37
16 3
16 19
17 5
17 11
18 25
18 43
19 7
19 29
20 18
20 39
21 32
21 35
22 2
22 45
23 0
23 43
24 10
24 13
25 6
25 27
26 16
26 38
27 2
27 20
28 34
28 40
29 26
29 42
30 8
30 13
31 1
31 35
32 24
32 30
33 4
33 42
34 17
34 38
35 14
35 24
36 37
36 45
37 9
37 30
38 11
38 19
39 25
39 40
40 6
40 17
41 1
41 33
42 12
42 16
43 22
43 27
44 31
44 41
45 9
45 23

# solution 466
# n=46 sym=rot4 status=verified source=flammenkamp_cache/n46_rot4.mvr
# code=mvr:0 15 0 28 1 24 1 37 2 16 2 27 3 23 3 36 
0 15
0 28
1 24
1 37
2 16
2 27
3 23
3 36
4 25
4 27
5 13
5 39
6 5
6 21
7 9
7 12
8 1
8 34
9 3
9 38
10 14
10 32
11 8
11 16
12 23
12 38
13 10
13 40
14 20
14 35
15 28
15 45
16 34
16 43
17 0
17 15
18 2
18 4
19 19
19 26
20 4
20 31
21 1
21 39
22 3
22 12
23 33
23 42
24 6
24 44
25 14
25 41
26 19
26 26
27 41
27 43
28 30
28 45
29 2
29 11
30 0
30 17
31 10
31 25
32 5
32 35
33 7
33 22
34 29
34 37
35 13
35 31
36 7
36 42
37 11
37 44
38 33
38 36
39 24
39 40
40 6
40 32
41 18
41 20
42 9
42 22
43 18
43 29
44 8
44 21
45 17
45 30

# solution 467
# n=46 sym=rot4 status=verified source=flammenkamp_cache/n46_rot4.mvr
# code=mvr:0 14 0 25 1 17 1 34 2 32 2 36 3 18 3 37 
0 14
0 25
1 17
1 34
2 32
2 36
3 18
3 37
4 16
4 21
5 7
5 21
6 8
6 35
7 16
7 40
8 3
8 39
9 2
9 12
10 6
10 22
11 1
11 12
12 34
12 36
13 2
13 26
14 20
14 45
15 15
15 30
16 38
16 41
17 27
17 44
18 17
18 42
19 13
19 23
20 0
20 31
21 40
21 41
22 19
22 35
23 10
23 26
24 4
24 5
25 14
25 45
26 22
26 32
27 3
27 28
28 1
28 18
29 4
29 7
30 15
30 30
31 0
31 25
32 19
32 43
33 9
33 11
34 33
34 44
35 23
35 39
36 33
36 43
37 6
37 42
38 5
38 29
39 10
39 37
40 24
40 38
41 24
41 29
42 8
42 27
43 9
43 13
44 11
44 28
45 20
45 31

# solution 468
# n=46 sym=rot4 status=verified source=flammenkamp_cache/n46_rot4.mvr
# code=mvr:0 19 0 32 1 8 1 22 2 19 2 21 3 15 3 32 4
0 19
0 32
1 8
1 22
2 19
2 21
3 15
3 32
4 12
4 18
5 30
5 31
6 12
6 38
7 6
7 35
8 14
8 44
9 11
9 16
10 7
10 23
11 25
11 36
12 39
12 41
13 0
13 3
14 5
14 37
15 5
15 42
16 27
16 36
17 17
17 28
18 16
18 41
19 43
19 45
20 11
20 21
21 25
21 43
22 10
22 44
23 1
23 35
24 2
24 20
25 24
25 34
26 0
26 2
27 4
27 29
28 17
28 28
29 9
29 18
30 3
30 40
31 8
31 40
32 42
32 45
33 4
33 6
34 9
34 20
35 22
35 38
36 29
36 34
37 1
37 31
38 10
38 39
39 7
39 33
40 14
40 15
41 27
41 33
42 13
42 30
43 24
43 26
44 23
44 37
45 13
45 26

# solution 469
# n=46 sym=rot4 status=verified source=flammenkamp_cache/n46_rot4.mvr
# code=mvr:0 6 0 22 1 23 1 29 2 14 2 38 3 26 3 30 4
0 6
0 22
1 23
1 29
2 14
2 38
3 26
3 30
4 15
4 33
5 10
5 13
6 36
6 45
7 2
7 18
8 9
8 27
9 6
9 37
10 28
10 40
11 21
11 25
12 4
12 16
13 26
13 40
14 17
14 43
15 3
15 41
16 1
16 33
17 10
17 31
18 8
18 38
19 3
19 13
20 11
20 21
21 25
21 34
22 1
22 45
23 0
23 44
24 11
24 20
25 24
25 34
26 32
26 42
27 7
27 37
28 14
28 35
29 12
29 44
30 4
30 42
31 2
31 28
32 5
32 19
33 29
33 41
34 20
34 24
35 5
35 17
36 8
36 39
37 18
37 36
38 27
38 43
39 0
39 9
40 32
40 35
41 12
41 30
42 15
42 19
43 7
43 31
44 16
44 22
45 23
45 39

# solution 470
# n=46 sym=rot4 status=verified source=flammenkamp_cache/n46_rot4.mvr
# code=mvr:0 10 0 29 1 22 1 26 2 20 2 27 3 4 3 33 4
0 10
0 29
1 22
1 26
2 20
2 27
3 4
3 33
4 14
4 42
5 8
5 18
6 30
6 32
7 21
7 33
8 20
8 40
9 9
9 36
10 29
10 45
11 13
11 23
12 3
12 7
13 6
13 34
14 17
14 41
15 6
15 26
16 0
16 10
17 24
17 31
18 2
18 40
19 1
19 15
20 37
20 43
21 17
21 38
22 11
22 44
23 1
23 34
24 7
24 28
25 2
25 8
26 30
26 44
27 5
27 43
28 14
28 21
29 35
29 45
30 19
30 39
31 4
31 28
32 11
32 39
33 38
33 42
34 22
34 32
35 0
35 16
36 9
36 36
37 5
37 25
38 12
38 24
39 13
39 15
40 27
40 37
41 3
41 31
42 12
42 41
43 18
43 25
44 19
44 23
45 16
45 35

# solution 471
# n=46 sym=rot4 status=verified source=flammenkamp_cache/n46_rot4.mvr
# code=mvr:0 23 0 25 1 20 1 27 2 32 2 37 3 6 3 41 4
0 23
0 25
1 20
1 27
2 32
2 37
3 6
3 41
4 3
4 12
5 10
5 19
6 15
6 42
7 28
7 36
8 2
8 23
9 7
9 32
10 16
10 40
11 24
11 33
12 11
12 41
13 2
13 9
14 26
14 29
15 18
15 39
16 14
16 35
17 7
17 24
18 1
18 30
19 14
19 40
20 0
20 44
21 11
21 17
22 0
22 8
23 37
23 45
24 28
24 34
25 1
25 45
26 5
26 31
27 15
27 44
28 21
28 38
29 10
29 31
30 6
30 27
31 16
31 19
32 36
32 43
33 4
33 34
34 12
34 21
35 5
35 29
36 13
36 38
37 22
37 43
38 9
38 17
39 3
39 30
40 26
40 35
41 33
41 42
42 4
42 39
43 8
43 13
44 18
44 25
45 20
45 22

# solution 472
# n=46 sym=rot4 status=verified source=flammenkamp_cache/n46_rot4.mvr
# code=mvr:0 20 0 23 1 17 1 23 2 10 2 29 3 13 3 31 
0 20
0 23
1 17
1 23
2 10
2 29
3 13
3 31
4 20
4 24
5 7
5 11
6 14
6 24
7 33
7 40
8 9
8 13
9 33
9 37
10 29
10 43
11 30
11 40
12 7
12 9
13 37
13 42
14 3
14 39
15 11
15 18
16 2
16 10
17 18
17 44
18 28
18 30
19 19
19 26
20 41
20 45
21 4
21 6
22 0
22 1
23 44
23 45
24 39
24 41
25 0
25 4
26 19
26 26
27 15
27 17
28 1
28 27
29 35
29 43
30 27
30 34
31 6
31 42
32 3
32 8
33 36
33 38
34 5
34 15
35 2
35 16
36 8
36 12
37 32
37 36
38 5
38 12
39 21
39 31
40 34
40 38
41 21
41 25
42 14
42 32
43 16
43 35
44 22
44 28
45 22
45 25

# solution 473
# n=46 sym=rot4 status=verified source=flammenkamp_cache/n46_rot4.mvr
# code=mvr:0 19 0 32 1 8 1 22 2 21 2 26 3 15 3 32 4
0 19
0 32
1 8
1 22
2 21
2 26
3 15
3 32
4 12
4 18
5 30
5 31
6 7
6 12
7 35
7 39
8 14
8 44
9 11
9 16
10 7
10 23
11 25
11 36
12 39
12 41
13 0
13 3
14 5
14 37
15 5
15 42
16 27
16 36
17 17
17 28
18 16
18 41
19 2
19 45
20 11
20 21
21 25
21 43
22 10
22 44
23 1
23 35
24 2
24 20
25 24
25 34
26 0
26 43
27 4
27 29
28 17
28 28
29 9
29 18
30 3
30 40
31 8
31 40
32 42
32 45
33 4
33 6
34 9
34 20
35 22
35 38
36 29
36 34
37 1
37 31
38 6
38 10
39 33
39 38
40 14
40 15
41 27
41 33
42 13
42 30
43 19
43 24
44 23
44 37
45 13
45 26

# solution 474
# n=46 sym=rot4 status=verified source=flammenkamp_cache/n46_rot4.mvr
# code=mvr:0 14 0 27 1 18 1 26 2 17 2 37 3 5 3 38 4
0 14
0 27
1 18
1 26
2 17
2 37
3 5
3 38
4 19
4 29
5 38
5 42
6 22
6 33
7 3
7 5
8 2
8 17
9 12
9 23
10 30
10 34
11 10
11 24
12 6
12 36
13 20
13 24
14 30
14 45
15 10
15 14
16 4
16 25
17 37
17 43
18 0
18 44
19 1
19 41
20 16
20 32
21 11
21 13
22 9
22 39
23 6
23 36
24 32
24 34
25 13
25 29
26 4
26 44
27 1
27 45
28 2
28 8
29 20
29 41
30 31
30 35
31 0
31 15
32 21
32 25
33 9
33 39
34 21
34 35
35 11
35 15
36 22
36 33
37 28
37 43
38 40
38 42
39 12
39 23
40 3
40 7
41 16
41 26
42 7
42 40
43 8
43 28
44 19
44 27
45 18
45 31

# solution 475
# n=46 sym=rot4 status=verified source=flammenkamp_cache/n46_rot4.mvr
# code=mvr:0 29 0 30 1 18 1 21 2 30 2 33 3 12 3 14 
0 29
0 30
1 18
1 21
2 30
2 33
3 12
3 14
4 23
4 39
5 8
5 9
6 4
6 21
7 31
7 32
8 13
8 40
9 34
9 40
10 18
10 26
11 9
11 23
12 2
12 42
13 7
13 37
14 7
14 42
15 0
15 2
16 0
16 17
17 20
17 29
18 35
18 44
19 10
19 20
20 26
20 28
21 39
21 44
22 4
22 11
23 34
23 41
24 1
24 6
25 17
25 19
26 25
26 35
27 1
27 10
28 16
28 25
29 28
29 45
30 43
30 45
31 3
31 38
32 8
32 38
33 3
33 43
34 22
34 36
35 19
35 27
36 5
36 11
37 5
37 32
38 13
38 14
39 24
39 41
40 36
40 37
41 6
41 22
42 31
42 33
43 12
43 15
44 24
44 27
45 15
45 16

# solution 476
# n=46 sym=rot4 status=verified source=flammenkamp_cache/n46_rot4.mvr
# code=mvr:0 4 0 11 1 22 1 27 2 6 2 30 3 9 3 12 4 3
0 4
0 11
1 22
1 27
2 6
2 30
3 9
3 12
4 33
4 45
5 16
5 30
6 24
6 43
7 19
7 26
8 17
8 35
9 16
9 42
10 8
10 34
11 10
11 45
12 4
12 42
13 27
13 31
14 13
14 21
15 2
15 5
16 36
16 40
17 25
17 37
18 1
18 13
19 7
19 38
20 17
20 23
21 6
21 31
22 20
22 44
23 1
23 25
24 14
24 39
25 22
25 28
26 7
26 38
27 32
27 44
28 8
28 20
29 5
29 9
30 40
30 43
31 24
31 32
32 14
32 18
33 3
33 41
34 0
34 35
35 11
35 37
36 3
36 29
37 10
37 28
38 19
38 26
39 2
39 21
40 15
40 29
41 0
41 12
42 33
42 36
43 15
43 39
44 18
44 23
45 34
45 41

# solution 477
# n=46 sym=rot4 status=verified source=flammenkamp_cache/n46_rot4.mvr
# code=mvr:0 4 0 11 1 23 1 27 2 6 2 30 3 9 3 12 4 3
0 4
0 11
1 23
1 27
2 6
2 30
3 9
3 12
4 33
4 45
5 16
5 30
6 24
6 43
7 19
7 26
8 17
8 35
9 16
9 42
10 8
10 34
11 10
11 45
12 4
12 42
13 27
13 31
14 13
14 21
15 2
15 5
16 36
16 40
17 25
17 37
18 1
18 13
19 7
19 38
20 17
20 23
21 6
21 31
22 1
22 20
23 25
23 44
24 14
24 39
25 22
25 28
26 7
26 38
27 32
27 44
28 8
28 20
29 5
29 9
30 40
30 43
31 24
31 32
32 14
32 18
33 3
33 41
34 0
34 35
35 11
35 37
36 3
36 29
37 10
37 28
38 19
38 26
39 2
39 21
40 15
40 29
41 0
41 12
42 33
42 36
43 15
43 39
44 18
44 22
45 34
45 41

# solution 478
# n=46 sym=rot4 status=verified source=flammenkamp_cache/n46_rot4.mvr
# code=mvr:0 10 0 25 1 19 1 21 2 24 2 36 3 11 3 14 
0 10
0 25
1 19
1 21
2 24
2 36
3 11
3 14
4 5
4 39
5 37
5 41
6 4
6 27
7 22
7 31
8 5
8 13
9 2
9 19
10 29
10 45
11 23
11 42
12 27
12 28
13 30
13 37
14 7
14 42
15 13
15 16
16 10
16 30
17 12
17 20
18 6
18 12
19 36
19 44
20 0
20 28
21 2
21 44
22 11
22 38
23 7
23 34
24 1
24 43
25 17
25 45
26 1
26 9
27 33
27 39
28 25
28 33
29 15
29 35
30 29
30 32
31 3
31 38
32 8
32 15
33 17
33 18
34 3
34 22
35 0
35 16
36 26
36 43
37 32
37 40
38 14
38 23
39 18
39 41
40 4
40 8
41 6
41 40
42 31
42 34
43 9
43 21
44 24
44 26
45 20
45 35

# solution 479
# n=46 sym=rot4 status=verified source=flammenkamp_cache/n46_rot4.mvr
# code=mvr:0 22 0 31 1 10 1 33 2 19 2 37 3 23 3 25 
0 22
0 31
1 10
1 33
2 19
2 37
3 23
3 25
4 6
4 17
5 14
5 30
6 18
6 41
7 7
7 38
8 2
8 29
9 10
9 24
10 36
10 44
11 24
11 30
12 1
12 19
13 28
13 29
14 0
14 40
15 5
15 11
16 8
16 13
17 13
17 41
18 25
18 39
19 33
19 43
20 3
20 18
21 9
21 11
22 3
22 45
23 0
23 42
24 34
24 36
25 27
25 42
26 2
26 12
27 6
27 20
28 4
28 32
29 32
29 37
30 34
30 40
31 5
31 45
32 16
32 17
33 26
33 44
34 15
34 21
35 1
35 9
36 21
36 35
37 16
37 43
38 7
38 38
39 4
39 27
40 15
40 31
41 28
41 39
42 20
42 22
43 8
43 26
44 12
44 35
45 14
45 23

# solution 480
# n=46 sym=rot4 status=verified source=flammenkamp_cache/n46_rot4.mvr
# code=mvr:0 13 0 34 1 6 1 19 2 23 2 28 3 21 3 41 4
0 13
0 34
1 6
1 19
2 23
2 28
3 21
3 41
4 3
4 30
5 13
5 20
6 14
6 44
7 31
7 34
8 27
8 36
9 8
9 12
10 23
10 29
11 0
11 7
12 29
12 36
13 40
13 45
14 7
14 39
15 4
15 24
16 10
16 12
17 2
17 26
18 8
18 20
19 17
19 44
20 27
20 40
21 15
21 42
22 2
22 10
23 35
23 43
24 3
24 30
25 5
25 18
26 1
26 28
27 25
27 37
28 19
28 43
29 33
29 35
30 21
30 41
31 6
31 38
32 0
32 5
33 9
33 16
34 38
34 45
35 16
35 22
36 33
36 37
37 9
37 18
38 11
38 14
39 1
39 31
40 25
40 32
41 15
41 42
42 4
42 24
43 17
43 22
44 26
44 39
45 11
45 32

# solution 481
# n=46 sym=rot4 status=verified source=flammenkamp_cache/n46_rot4.mvr
# code=mvr:0 10 0 20 1 23 1 25 2 29 2 34 3 6 3 14 4
0 10
0 20
1 23
1 25
2 29
2 34
3 6
3 14
4 26
4 35
5 9
5 32
6 24
6 42
7 32
7 33
8 9
8 16
9 37
9 40
10 4
10 45
11 2
11 24
12 7
12 17
13 5
13 7
14 15
14 42
15 28
15 31
16 2
16 37
17 15
17 33
18 18
18 27
19 4
19 23
20 1
20 45
21 6
21 11
22 1
22 19
23 26
23 44
24 34
24 39
25 0
25 44
26 22
26 41
27 18
27 27
28 12
28 30
29 8
29 43
30 14
30 17
31 3
31 30
32 38
32 40
33 28
33 38
34 21
34 43
35 0
35 41
36 5
36 8
37 29
37 36
38 12
38 13
39 3
39 21
40 13
40 36
41 10
41 19
42 31
42 39
43 11
43 16
44 20
44 22
45 25
45 35

# solution 482
# n=46 sym=rot4 status=verified source=flammenkamp_cache/n46_rot4.mvr
# code=mvr:0 23 0 31 1 15 1 18 2 10 2 17 3 24 3 36 
0 23
0 31
1 15
1 18
2 10
2 17
3 24
3 36
4 28
4 34
5 13
5 29
6 7
6 10
7 23
7 39
8 19
8 27
9 3
9 30
10 39
10 43
11 4
11 12
12 31
12 34
13 20
13 40
14 0
14 12
15 9
15 44
16 5
16 20
17 4
17 43
18 8
18 44
19 24
19 37
20 29
20 32
21 3
21 19
22 0
22 7
23 38
23 45
24 26
24 42
25 13
25 16
26 8
26 21
27 1
27 37
28 2
28 41
29 25
29 40
30 1
30 36
31 33
31 45
32 5
32 25
33 11
33 14
34 33
34 41
35 2
35 6
36 15
36 42
37 18
37 26
38 6
38 22
39 35
39 38
40 16
40 32
41 11
41 17
42 9
42 21
43 28
43 35
44 27
44 30
45 14
45 22

# solution 483
# n=46 sym=rot4 status=verified source=flammenkamp_cache/n46_rot4.mvr
# code=mvr:0 20 0 24 1 18 1 24 2 18 2 30 3 10 3 13 
0 20
0 24
1 18
1 24
2 18
2 30
3 10
3 13
4 9
4 38
5 28
5 29
6 10
6 12
7 4
7 37
8 7
8 22
9 17
9 41
10 39
10 42
11 20
11 33
12 11
12 39
13 30
13 42
14 23
14 29
15 2
15 13
16 5
16 14
17 5
17 36
18 43
18 44
19 19
19 26
20 34
20 45
21 0
21 1
22 14
22 37
23 8
23 31
24 44
24 45
25 0
25 11
26 19
26 26
27 1
27 2
28 9
28 40
29 31
29 40
30 32
30 43
31 16
31 22
32 3
32 15
33 6
33 34
34 12
34 25
35 3
35 6
36 4
36 28
37 23
37 38
38 8
38 41
39 33
39 35
40 16
40 17
41 7
41 36
42 32
42 35
43 15
43 27
44 21
44 27
45 21
45 25

# solution 484
# n=46 sym=rot4 status=verified source=flammenkamp_cache/n46_rot4.mvr
# code=mvr:0 18 0 33 1 17 1 23 2 19 2 20 3 7 3 13 4
0 18
0 33
1 17
1 23
2 19
2 20
3 7
3 13
4 28
4 37
5 34
5 37
6 13
6 23
7 18
7 42
8 4
8 5
9 31
9 35
10 9
10 12
11 5
11 26
12 0
12 35
13 39
13 42
14 9
14 16
15 25
15 29
16 15
16 31
17 4
17 44
18 38
18 45
19 11
19 43
20 15
20 43
21 21
21 24
22 1
22 6
23 39
23 44
24 21
24 24
25 2
25 30
26 2
26 34
27 0
27 7
28 1
28 41
29 14
29 30
30 16
30 20
31 29
31 36
32 3
32 6
33 10
33 45
34 19
34 40
35 33
35 36
36 10
36 14
37 40
37 41
38 3
38 27
39 22
39 32
40 8
40 11
41 8
41 17
42 32
42 38
43 25
43 26
44 22
44 28
45 12
45 27

# solution 485
# n=46 sym=rot4 status=verified source=flammenkamp_cache/n46_rot4.mvr
# code=mvr:0 22 0 37 1 23 1 26 2 11 2 13 3 18 3 38 
0 22
0 37
1 23
1 26
2 11
2 13
3 18
3 38
4 17
4 18
5 30
5 33
6 24
6 35
7 3
7 24
8 0
8 34
9 29
9 35
10 6
10 9
11 8
11 43
12 5
12 25
13 29
13 43
14 20
14 30
15 5
15 14
16 9
16 13
17 19
17 41
18 41
18 42
19 1
19 28
20 12
20 31
21 6
21 7
22 1
22 45
23 0
23 44
24 38
24 39
25 14
25 33
26 17
26 44
27 3
27 4
28 4
28 26
29 32
29 36
30 31
30 40
31 15
31 25
32 2
32 16
33 20
33 40
34 2
34 37
35 36
35 39
36 10
36 16
37 11
37 45
38 21
38 42
39 10
39 21
40 12
40 15
41 27
41 28
42 7
42 27
43 32
43 34
44 19
44 22
45 8
45 23

# solution 486
# n=46 sym=rot4 status=verified source=flammenkamp_cache/n46_rot4.mvr
# code=mvr:0 17 0 35 1 29 1 30 2 9 2 21 3 26 3 34 4
0 17
0 35
1 29
1 30
2 9
2 21
3 26
3 34
4 16
4 28
5 14
5 18
6 7
6 9
7 32
7 39
8 23
8 35
9 39
9 43
10 0
10 8
11 3
11 18
12 13
12 23
13 7
13 33
14 19
14 40
15 1
15 24
16 1
16 41
17 4
17 45
18 34
18 40
19 3
19 31
20 20
20 25
21 15
21 43
22 8
22 12
23 33
23 37
24 2
24 30
25 20
25 25
26 14
26 42
27 5
27 11
28 0
28 41
29 4
29 44
30 21
30 44
31 5
31 26
32 12
32 38
33 22
33 32
34 27
34 42
35 37
35 45
36 2
36 6
37 10
37 22
38 6
38 13
39 36
39 38
40 27
40 31
41 17
41 29
42 11
42 19
43 24
43 36
44 15
44 16
45 10
45 28

# solution 487
# n=46 sym=rot4 status=verified source=flammenkamp_cache/n46_rot4.mvr
# code=mvr:0 12 0 21 1 20 1 28 2 15 2 27 3 15 3 16 
0 12
0 21
1 20
1 28
2 15
2 27
3 15
3 16
4 7
4 24
5 5
5 40
6 31
6 35
7 16
7 41
8 11
8 22
9 26
9 32
10 6
10 12
11 26
11 37
12 35
12 45
13 9
13 18
14 6
14 25
15 42
15 43
16 38
16 42
17 1
17 23
18 2
18 32
19 9
19 11
20 14
20 44
21 4
21 45
22 17
22 37
23 8
23 28
24 0
24 41
25 1
25 31
26 34
26 36
27 13
27 43
28 22
28 44
29 3
29 7
30 2
30 3
31 20
31 39
32 27
32 36
33 0
33 10
34 8
34 19
35 33
35 39
36 13
36 19
37 23
37 34
38 4
38 29
39 10
39 14
40 5
40 40
41 21
41 38
42 29
42 30
43 18
43 30
44 17
44 25
45 24
45 33

# solution 488
# n=46 sym=rot4 status=verified source=flammenkamp_cache/n46_rot4.mvr
# code=mvr:0 19 0 23 1 24 1 30 2 12 2 35 3 12 3 24 
0 19
0 23
1 24
1 30
2 12
2 35
3 12
3 24
4 30
4 38
5 10
5 38
6 8
6 20
7 4
7 5
8 13
8 39
9 19
9 29
10 2
10 40
11 23
11 27
12 42
12 43
13 31
13 37
14 13
14 18
15 1
15 4
16 9
16 17
17 25
17 29
18 11
18 31
19 36
19 45
20 17
20 39
21 1
21 3
22 0
22 11
23 34
23 45
24 42
24 44
25 6
25 28
26 0
26 9
27 14
27 34
28 16
28 20
29 28
29 36
30 41
30 44
31 27
31 32
32 8
32 14
33 2
33 3
34 18
34 22
35 5
35 43
36 16
36 26
37 6
37 32
38 40
38 41
39 25
39 37
40 7
40 35
41 7
41 15
42 21
42 33
43 10
43 33
44 15
44 21
45 22
45 26

# solution 489
# n=46 sym=rot4 status=verified source=flammenkamp_cache/n46_rot4.mvr
# code=mvr:0 19 0 23 1 24 1 30 2 12 2 35 3 24 3 33 
0 19
0 23
1 24
1 30
2 12
2 35
3 24
3 33
4 30
4 38
5 10
5 38
6 8
6 20
7 4
7 5
8 13
8 39
9 19
9 29
10 2
10 40
11 23
11 27
12 3
12 43
13 31
13 37
14 13
14 18
15 1
15 4
16 9
16 17
17 25
17 29
18 11
18 31
19 36
19 45
20 17
20 39
21 1
21 3
22 0
22 11
23 34
23 45
24 42
24 44
25 6
25 28
26 0
26 9
27 14
27 34
28 16
28 20
29 28
29 36
30 41
30 44
31 27
31 32
32 8
32 14
33 2
33 42
34 18
34 22
35 5
35 43
36 16
36 26
37 6
37 32
38 40
38 41
39 25
39 37
40 7
40 35
41 7
41 15
42 12
42 21
43 10
43 33
44 15
44 21
45 22
45 26

# solution 490
# n=46 sym=rot4 status=verified source=flammenkamp_cache/n46_rot4.mvr
# code=mvr:0 22 0 26 1 14 1 21 2 14 2 30 3 12 3 23 
0 22
0 26
1 14
1 21
2 14
2 30
3 12
3 23
4 35
4 36
5 26
5 30
6 7
6 13
7 21
7 39
8 33
8 36
9 4
9 8
10 4
10 20
11 16
11 28
12 8
12 42
13 29
13 39
14 43
14 44
15 2
15 5
16 13
16 34
17 11
17 25
18 18
18 27
19 0
19 5
20 17
20 35
21 38
21 44
22 3
22 45
23 0
23 42
24 1
24 7
25 10
25 28
26 40
26 45
27 18
27 27
28 20
28 34
29 11
29 32
30 40
30 43
31 1
31 2
32 6
32 16
33 3
33 37
34 17
34 29
35 25
35 41
36 37
36 41
37 9
37 12
38 6
38 24
39 32
39 38
40 15
40 19
41 9
41 10
42 22
42 33
43 15
43 31
44 24
44 31
45 19
45 23

# solution 491
# n=46 sym=rot4 status=verified source=flammenkamp_cache/n46_rot4.mvr
# code=mvr:0 25 0 30 1 23 1 41 2 18 2 25 3 16 3 31 
0 25
0 30
1 23
1 41
2 18
2 25
3 16
3 31
4 1
4 9
5 13
5 34
6 8
6 34
7 23
7 31
8 19
8 39
9 26
9 41
10 18
10 29
11 5
11 6
12 24
12 32
13 12
13 40
14 3
14 7
15 0
15 17
16 10
16 42
17 21
17 30
18 35
18 43
19 9
19 37
20 0
20 2
21 12
21 28
22 1
22 7
23 38
23 44
24 17
24 33
25 43
25 45
26 8
26 36
27 2
27 10
28 15
28 24
29 3
29 35
30 28
30 45
31 38
31 42
32 5
32 33
33 13
33 21
34 39
34 40
35 16
35 27
36 4
36 19
37 6
37 26
38 14
38 22
39 11
39 37
40 11
40 32
41 36
41 44
42 14
42 29
43 20
43 27
44 4
44 22
45 15
45 20

# solution 492
# n=46 sym=rot4 status=verified source=flammenkamp_cache/n46_rot4.mvr
# code=mvr:0 22 0 26 1 25 1 29 2 31 2 38 3 24 3 36 
0 22
0 26
1 25
1 29
2 31
2 38
3 24
3 36
4 15
4 24
5 15
5 18
6 8
6 31
7 2
7 34
8 29
8 39
9 3
9 18
10 11
10 12
11 7
11 35
12 26
12 35
13 25
13 28
14 2
14 6
15 40
15 41
16 1
16 8
17 13
17 23
18 36
18 40
19 0
19 12
20 1
20 13
21 3
21 4
22 17
22 45
23 0
23 28
24 41
24 42
25 32
25 44
26 33
26 45
27 5
27 9
28 22
28 32
29 37
29 44
30 4
30 5
31 39
31 43
32 17
32 20
33 10
33 19
34 10
34 38
35 33
35 34
36 27
36 42
37 6
37 16
38 11
38 43
39 14
39 37
40 27
40 30
41 21
41 30
42 9
42 21
43 7
43 14
44 16
44 20
45 19
45 23

# solution 493
# n=46 sym=rot4 status=verified source=flammenkamp_cache/n46_rot4.mvr
# code=mvr:0 20 0 37 1 17 1 19 2 13 2 16 3 24 3 32 
0 20
0 37
1 17
1 19
2 13
2 16
3 24
3 32
4 18
4 24
5 33
5 35
6 10
6 30
7 16
7 22
8 0
8 9
9 33
9 37
10 5
10 39
11 19
11 30
12 5
12 9
13 3
13 43
14 14
14 31
15 6
15 11
16 38
16 43
17 18
17 44
18 28
18 41
19 34
19 44
20 23
20 45
21 3
21 4
22 20
22 38
23 7
23 25
24 41
24 42
25 0
25 22
26 1
26 11
27 4
27 17
28 1
28 27
29 2
29 7
30 34
30 39
31 14
31 31
32 2
32 42
33 36
33 40
34 15
34 26
35 6
35 40
36 8
36 12
37 36
37 45
38 23
38 29
39 15
39 35
40 10
40 12
41 21
41 27
42 13
42 21
43 29
43 32
44 26
44 28
45 8
45 25

# solution 494
# n=46 sym=rot4 status=verified source=flammenkamp_cache/n46_rot4.mvr
# code=mvr:0 23 0 31 1 12 1 16 2 21 2 36 3 13 3 28 
0 23
0 31
1 12
1 16
2 21
2 36
3 13
3 28
4 8
4 23
5 17
5 39
6 5
6 21
7 10
7 11
8 25
8 41
9 2
9 12
10 18
10 38
11 32
11 38
12 36
12 44
13 11
13 42
14 0
14 30
15 14
15 25
16 18
16 44
17 3
17 40
18 29
18 35
19 19
19 26
20 8
20 15
21 39
21 43
22 0
22 4
23 41
23 45
24 2
24 6
25 30
25 37
26 19
26 26
27 10
27 16
28 5
28 42
29 1
29 27
30 20
30 31
31 15
31 45
32 3
32 34
33 1
33 9
34 7
34 13
35 7
35 27
36 33
36 43
37 4
37 20
38 34
38 35
39 24
39 40
40 6
40 28
41 22
41 37
42 17
42 32
43 9
43 24
44 29
44 33
45 14
45 22

# solution 495
# n=46 sym=rot4 status=verified source=flammenkamp_cache/n46_rot4.mvr
# code=mvr:0 24 0 30 1 20 1 35 2 8 2 22 3 17 3 25 4
0 24
0 30
1 20
1 35
2 8
2 22
3 17
3 25
4 16
4 33
5 17
5 39
6 5
6 23
7 30
7 36
8 19
8 43
9 7
9 35
10 1
10 9
11 14
11 24
12 4
12 31
13 26
13 29
14 12
14 34
15 0
15 7
16 13
16 41
17 40
17 42
18 18
18 27
19 13
19 37
20 3
20 44
21 0
21 11
22 6
22 43
23 2
23 39
24 34
24 45
25 1
25 42
26 8
26 32
27 18
27 27
28 3
28 5
29 4
29 32
30 38
30 45
31 11
31 33
32 16
32 19
33 14
33 41
34 21
34 31
35 36
35 44
36 10
36 38
37 2
37 26
38 9
38 15
39 22
39 40
40 6
40 28
41 12
41 29
42 20
42 28
43 23
43 37
44 10
44 25
45 15
45 21

# solution 496
# n=46 sym=rot4 status=verified source=flammenkamp_cache/n46_rot4.mvr
# code=mvr:0 13 0 25 1 16 1 19 2 11 2 24 3 9 3 21 4
0 13
0 25
1 16
1 19
2 11
2 24
3 9
3 21
4 26
4 33
5 7
5 14
6 33
6 35
7 8
7 40
8 20
8 38
9 29
9 42
10 6
10 14
11 23
11 43
12 4
12 6
13 18
13 45
14 35
14 40
15 23
15 28
16 9
16 44
17 15
17 18
18 28
18 32
19 4
19 44
20 0
20 37
21 2
21 42
22 11
22 15
23 30
23 34
24 3
24 43
25 8
25 45
26 1
26 41
27 13
27 17
28 27
28 30
29 1
29 36
30 17
30 22
31 5
31 10
32 0
32 27
33 39
33 41
34 2
34 22
35 31
35 39
36 3
36 16
37 7
37 25
38 5
38 37
39 10
39 12
40 31
40 38
41 12
41 19
42 24
42 36
43 21
43 34
44 26
44 29
45 20
45 32

# solution 497
# n=46 sym=rot4 status=verified source=flammenkamp_cache/n46_rot4.mvr
# code=mvr:0 23 0 34 1 13 1 31 2 23 2 35 3 17 3 28 
0 23
0 34
1 13
1 31
2 23
2 35
3 17
3 28
4 20
4 31
5 6
5 20
6 30
6 40
7 7
7 38
8 9
8 30
9 13
9 37
10 2
10 18
11 0
11 27
12 16
12 24
13 36
13 44
14 1
14 4
15 6
15 8
16 19
16 33
17 3
17 42
18 11
18 35
19 21
19 29
20 40
20 41
21 12
21 26
22 0
22 2
23 43
23 45
24 19
24 33
25 4
25 5
26 16
26 24
27 10
27 34
28 3
28 42
29 12
29 26
30 37
30 39
31 41
31 44
32 1
32 9
33 21
33 29
34 18
34 45
35 27
35 43
36 8
36 32
37 15
37 36
38 7
38 38
39 5
39 15
40 25
40 39
41 14
41 25
42 17
42 28
43 10
43 22
44 14
44 32
45 11
45 22

# solution 498
# n=46 sym=rot4 status=verified source=flammenkamp_cache/n46_rot4.mvr
# code=mvr:0 11 0 37 1 25 1 31 2 22 2 32 3 17 3 18 
0 11
0 37
1 25
1 31
2 22
2 32
3 17
3 18
4 23
4 32
5 6
5 20
6 11
6 40
7 24
7 29
8 0
8 16
9 10
9 19
10 33
10 36
11 39
11 45
12 10
12 15
13 2
13 4
14 1
14 19
15 27
15 33
16 7
16 37
17 24
17 42
18 15
18 42
19 31
19 36
20 1
20 40
21 7
21 17
22 4
22 43
23 2
23 41
24 28
24 38
25 5
25 44
26 9
26 14
27 3
27 30
28 3
28 21
29 8
29 38
30 12
30 18
31 26
31 44
32 41
32 43
33 30
33 35
34 0
34 6
35 9
35 12
36 26
36 35
37 29
37 45
38 16
38 21
39 5
39 34
40 25
40 39
41 13
41 22
42 27
42 28
43 13
43 23
44 14
44 20
45 8
45 34

# solution 499
# n=46 sym=rot4 status=verified source=flammenkamp_cache/n46_rot4.mvr
# code=mvr:0 21 0 31 1 20 1 27 2 28 2 35 3 13 3 24 
0 21
0 31
1 20
1 27
2 28
2 35
3 13
3 24
4 9
4 16
5 7
5 33
6 19
6 28
7 16
7 40
8 10
8 12
9 20
9 41
10 2
10 37
11 14
11 27
12 5
12 37
13 23
13 42
14 0
14 34
15 15
15 30
16 38
16 41
17 2
17 6
18 1
18 11
19 23
19 39
20 36
20 44
21 3
21 45
22 13
22 19
23 26
23 32
24 0
24 42
25 1
25 9
26 6
26 22
27 34
27 44
28 39
28 43
29 4
29 7
30 15
30 30
31 11
31 45
32 3
32 22
33 8
33 40
34 18
34 31
35 8
35 43
36 4
36 25
37 33
37 35
38 5
38 29
39 17
39 26
40 12
40 38
41 29
41 36
42 21
42 32
43 10
43 17
44 18
44 25
45 14
45 24

# solution 500
# n=46 sym=rot4 status=verified source=flammenkamp_cache/n46_rot4.mvr
# code=mvr:0 24 0 28 1 23 1 26 2 10 2 15 3 32 3 35 
0 24
0 28
1 23
1 26
2 10
2 15
3 32
3 35
4 28
4 40
5 4
5 39
6 5
6 12
7 9
7 15
8 20
8 26
9 29
9 38
10 3
10 43
11 23
11 31
12 31
12 39
13 3
13 18
14 11
14 12
15 38
15 43
16 9
16 25
17 0
17 4
18 24
18 32
19 1
19 8
20 16
20 37
21 0
21 18
22 1
22 11
23 34
23 44
24 27
24 45
25 8
25 29
26 37
26 44
27 13
27 21
28 41
28 45
29 20
29 36
30 2
30 7
31 33
31 34
32 27
32 42
33 6
33 14
34 14
34 22
35 2
35 42
36 7
36 16
37 19
37 25
38 30
38 36
39 33
39 40
40 6
40 41
41 5
41 17
42 10
42 13
43 30
43 35
44 19
44 22
45 17
45 21

# solution 501
# n=46 sym=rot4 status=verified source=flammenkamp_cache/n46_rot4.mvr
# code=mvr:0 11 0 33 1 28 1 36 2 13 2 25 3 5 3 10 4
0 11
0 33
1 28
1 36
2 13
2 25
3 5
3 10
4 23
4 32
5 37
5 42
6 16
6 31
7 24
7 29
8 5
8 18
9 1
9 14
10 34
10 42
11 10
11 45
12 0
12 18
13 4
13 43
14 6
14 36
15 15
15 30
16 7
16 39
17 1
17 21
18 33
18 37
19 23
19 25
20 2
20 19
21 7
21 28
22 4
22 19
23 26
23 41
24 17
24 38
25 26
25 43
26 20
26 22
27 8
27 12
28 24
28 44
29 6
29 38
30 15
30 30
31 9
31 39
32 2
32 41
33 27
33 45
34 0
34 35
35 3
35 11
36 31
36 44
37 27
37 40
38 16
38 21
39 14
39 29
40 3
40 8
41 13
41 22
42 35
42 40
43 20
43 32
44 9
44 17
45 12
45 34

# solution 502
# n=46 sym=rot4 status=verified source=flammenkamp_cache/n46_rot4.mvr
# code=mvr:0 16 0 33 1 39 1 41 2 10 2 23 3 27 3 37 
0 16
0 33
1 39
1 41
2 10
2 23
3 27
3 37
4 1
4 26
5 24
5 30
6 1
6 19
7 16
7 24
8 3
8 35
9 13
9 17
10 8
10 43
11 17
11 20
12 0
12 23
13 31
13 36
14 13
14 20
15 5
15 27
16 38
16 45
17 34
17 36
18 3
18 15
19 4
19 39
20 31
20 34
21 5
21 7
22 2
22 12
23 33
23 43
24 38
24 40
25 11
25 14
26 6
26 41
27 30
27 42
28 9
28 11
29 0
29 7
30 18
30 40
31 25
31 32
32 9
32 14
33 22
33 45
34 25
34 28
35 2
35 37
36 28
36 32
37 10
37 42
38 21
38 29
39 26
39 44
40 15
40 21
41 19
41 44
42 8
42 18
43 22
43 35
44 4
44 6
45 12
45 29

# solution 503
# n=46 sym=rot4 status=verified source=flammenkamp_cache/n46_rot4.mvr
# code=mvr:0 21 0 25 1 28 1 31 2 13 2 14 3 10 3 36 
0 21
0 25
1 28
1 31
2 13
2 14
3 10
3 36
4 16
4 27
5 7
5 23
6 10
6 37
7 30
7 40
8 6
8 36
9 3
9 8
10 39
10 42
11 17
11 21
12 15
12 23
13 18
13 43
14 1
14 43
15 7
15 33
16 25
16 41
17 1
17 34
18 4
18 32
19 19
19 26
20 0
20 16
21 34
21 45
22 5
22 12
23 33
23 40
24 0
24 11
25 29
25 45
26 19
26 26
27 13
27 41
28 11
28 44
29 4
29 20
30 12
30 38
31 2
31 44
32 2
32 27
33 22
33 30
34 24
34 28
35 3
35 6
36 37
36 42
37 9
37 39
38 5
38 15
39 8
39 35
40 22
40 38
41 18
41 29
42 9
42 35
43 31
43 32
44 14
44 17
45 20
45 24

# solution 504
# n=46 sym=rot4 status=verified source=flammenkamp_cache/n46_rot4.mvr
# code=mvr:0 8 0 23 1 17 1 20 2 16 2 28 3 13 3 34 4
0 8
0 23
1 17
1 20
2 16
2 28
3 13
3 34
4 21
4 38
5 23
5 30
6 19
6 36
7 4
7 16
8 36
8 45
9 6
9 8
10 31
10 34
11 3
11 10
12 18
12 21
13 27
13 42
14 10
14 20
15 5
15 26
16 38
16 43
17 2
17 44
18 13
18 33
19 15
19 39
20 31
20 44
21 33
21 41
22 0
22 5
23 40
23 45
24 4
24 12
25 1
25 14
26 6
26 30
27 12
27 32
28 1
28 43
29 2
29 7
30 19
30 40
31 25
31 35
32 3
32 18
33 24
33 27
34 35
34 42
35 11
35 14
36 37
36 39
37 0
37 9
38 29
38 41
39 9
39 26
40 15
40 22
41 7
41 24
42 11
42 32
43 17
43 29
44 25
44 28
45 22
45 37

# solution 505
# n=46 sym=rot4 status=verified source=flammenkamp_cache/n46_rot4.mvr
# code=mvr:0 23 0 35 1 18 1 19 2 11 2 14 3 12 3 28 
0 23
0 35
1 18
1 19
2 11
2 14
3 12
3 28
4 11
4 15
5 24
5 32
6 29
6 35
7 18
7 23
8 25
8 29
9 9
9 36
10 0
10 6
11 41
11 43
12 15
12 42
13 5
13 19
14 28
14 43
15 33
15 41
16 6
16 8
17 3
17 14
18 38
18 44
19 32
19 44
20 8
20 21
21 5
21 25
22 0
22 7
23 38
23 45
24 20
24 40
25 24
25 37
26 1
26 13
27 1
27 7
28 31
28 42
29 37
29 39
30 4
30 12
31 2
31 17
32 26
32 40
33 3
33 30
34 2
34 4
35 39
35 45
36 9
36 36
37 16
37 20
38 22
38 27
39 10
39 16
40 13
40 21
41 30
41 34
42 17
42 33
43 31
43 34
44 26
44 27
45 10
45 22

# solution 506
# n=46 sym=rot4 status=verified source=flammenkamp_cache/n46_rot4.mvr
# code=mvr:0 14 0 30 1 21 1 23 2 35 2 37 3 7 3 15 4
0 14
0 30
1 21
1 23
2 35
2 37
3 7
3 15
4 26
4 29
5 10
5 24
6 7
6 12
7 39
7 42
8 2
8 19
9 13
9 28
10 2
10 40
11 20
11 31
12 23
12 39
13 29
13 36
14 11
14 45
15 0
15 42
16 4
16 13
17 9
17 18
18 25
18 28
19 4
19 37
20 18
20 34
21 5
21 44
22 1
22 12
23 33
23 44
24 1
24 40
25 11
25 27
26 8
26 41
27 17
27 20
28 27
28 36
29 32
29 41
30 3
30 45
31 0
31 34
32 9
32 16
33 6
33 22
34 14
34 25
35 5
35 43
36 17
36 32
37 26
37 43
38 3
38 6
39 33
39 38
40 21
40 35
41 16
41 19
42 30
42 38
43 8
43 10
44 22
44 24
45 15
45 31

# solution 507
# n=46 sym=rot4 status=verified source=flammenkamp_cache/n46_rot4.mvr
# code=mvr:0 15 0 21 1 12 1 38 2 4 2 28 3 17 3 23 4
0 15
0 21
1 12
1 38
2 4
2 28
3 17
3 23
4 24
4 43
5 14
5 18
6 33
6 34
7 1
7 30
8 18
8 29
9 19
9 23
10 11
10 32
11 6
11 35
12 6
12 44
13 10
13 25
14 19
14 40
15 7
15 45
16 8
16 20
17 2
17 42
18 37
18 40
19 31
19 36
20 13
20 29
21 4
21 45
22 3
22 9
23 36
23 42
24 0
24 41
25 16
25 32
26 9
26 14
27 5
27 8
28 3
28 43
29 25
29 37
30 0
30 38
31 5
31 26
32 20
32 35
33 1
33 39
34 10
34 39
35 13
35 34
36 22
36 26
37 16
37 27
38 15
38 44
39 11
39 12
40 27
40 31
41 2
41 21
42 22
42 28
43 17
43 41
44 7
44 33
45 24
45 30

# solution 508
# n=46 sym=rot4 status=verified source=flammenkamp_cache/n46_rot4.mvr
# code=mvr:0 17 0 21 1 24 1 31 2 34 2 40 3 12 3 15 
0 17
0 21
1 24
1 31
2 34
2 40
3 12
3 15
4 20
4 23
5 2
5 32
6 10
6 38
7 6
7 20
8 27
8 34
9 31
9 35
10 9
10 39
11 2
11 8
12 17
12 42
13 5
13 15
14 1
14 9
15 32
15 42
16 23
16 27
17 33
17 45
18 8
18 16
19 19
19 26
20 38
20 41
21 1
21 45
22 4
22 16
23 29
23 41
24 0
24 44
25 4
25 7
26 19
26 26
27 29
27 37
28 0
28 12
29 18
29 22
30 3
30 13
31 36
31 44
32 30
32 40
33 3
33 28
34 37
34 43
35 6
35 36
36 10
36 14
37 11
37 18
38 25
38 39
39 7
39 35
40 13
40 43
41 22
41 25
42 30
42 33
43 5
43 11
44 14
44 21
45 24
45 28

# solution 509
# n=46 sym=rot4 status=verified source=flammenkamp_cache/n46_rot4.mvr
# code=mvr:0 7 0 32 1 20 1 23 2 12 2 31 3 19 3 25 4
0 7
0 32
1 20
1 23
2 12
2 31
3 19
3 25
4 6
4 24
5 10
5 17
6 35
6 41
7 8
7 45
8 11
8 38
9 17
9 29
10 6
10 40
11 16
11 37
12 27
12 43
13 0
13 23
14 2
14 15
15 19
15 31
16 9
16 34
17 36
17 40
18 12
18 21
19 30
19 42
20 3
20 44
21 4
21 27
22 1
22 13
23 32
23 44
24 18
24 41
25 1
25 42
26 3
26 15
27 24
27 33
28 5
28 9
29 11
29 36
30 14
30 26
31 30
31 43
32 22
32 45
33 2
33 18
34 8
34 29
35 5
35 39
36 16
36 28
37 7
37 34
38 0
38 37
39 4
39 10
40 28
40 35
41 21
41 39
42 20
42 26
43 14
43 33
44 22
44 25
45 13
45 38

# solution 510
# n=46 sym=rot4 status=verified source=flammenkamp_cache/n46_rot4.mvr
# code=mvr:0 10 0 19 1 22 1 34 2 9 2 16 3 18 3 23 4
0 10
0 19
1 22
1 34
2 9
2 16
3 18
3 23
4 6
4 32
5 9
5 26
6 14
6 41
7 32
7 35
8 14
8 30
9 40
9 43
10 7
10 45
11 1
11 16
12 20
12 21
13 4
13 7
14 37
14 39
15 8
15 27
16 34
16 43
17 17
17 28
18 15
18 42
19 5
19 45
20 21
20 33
21 25
21 33
22 3
22 44
23 1
23 42
24 12
24 20
25 12
25 24
26 0
26 40
27 3
27 30
28 17
28 28
29 2
29 11
30 18
30 37
31 6
31 8
32 38
32 41
33 24
33 25
34 29
34 44
35 0
35 38
36 2
36 5
37 15
37 31
38 10
38 13
39 4
39 31
40 19
40 36
41 13
41 39
42 22
42 27
43 29
43 36
44 11
44 23
45 26
45 35

# solution 511
# n=46 sym=rot4 status=verified source=flammenkamp_cache/n46_rot4.mvr
# code=mvr:0 10 0 32 1 21 1 31 2 14 2 16 3 6 3 24 4
0 10
0 32
1 21
1 31
2 14
2 16
3 6
3 24
4 8
4 19
5 6
5 22
6 40
6 42
7 15
7 33
8 17
8 41
9 9
9 36
10 25
10 45
11 20
11 27
12 7
12 17
13 0
13 15
14 1
14 43
15 32
15 38
16 18
16 43
17 33
17 37
18 11
18 29
19 23
19 41
20 10
20 34
21 3
21 44
22 19
22 40
23 5
23 26
24 1
24 42
25 11
25 35
26 4
26 22
27 16
27 34
28 8
28 12
29 2
29 27
30 7
30 13
31 2
31 44
32 30
32 45
33 28
33 38
34 18
34 25
35 0
35 20
36 9
36 36
37 4
37 28
38 12
38 30
39 3
39 5
40 23
40 39
41 26
41 37
42 21
42 39
43 29
43 31
44 14
44 24
45 13
45 35

# solution 512
# n=46 sym=rot4 status=verified source=flammenkamp_cache/n46_rot4.mvr
# code=mvr:0 28 0 36 1 13 1 23 2 15 2 27 3 15 3 18 
0 28
0 36
1 13
1 23
2 15
2 27
3 15
3 18
4 24
4 34
5 5
5 40
6 19
6 20
7 12
7 29
8 11
8 35
9 0
9 32
10 8
10 16
11 4
11 37
12 28
12 38
13 9
13 44
14 20
14 24
15 42
15 43
16 7
16 35
17 0
17 12
18 2
18 42
19 23
19 39
20 31
20 39
21 4
21 14
22 1
22 19
23 26
23 44
24 31
24 41
25 6
25 14
26 6
26 22
27 3
27 43
28 33
28 45
29 10
29 38
30 2
30 3
31 21
31 25
32 1
32 36
33 7
33 17
34 8
34 41
35 29
35 37
36 13
36 45
37 10
37 34
38 16
38 33
39 25
39 26
40 5
40 40
41 11
41 21
42 27
42 30
43 18
43 30
44 22
44 32
45 9
45 17

# solution 513
# n=46 sym=rot4 status=verified source=flammenkamp_cache/n46_rot4.mvr
# code=mvr:0 22 0 38 1 27 1 33 2 15 2 38 3 19 3 25 
0 22
0 38
1 27
1 33
2 15
2 38
3 19
3 25
4 5
4 32
5 24
5 41
6 9
6 33
7 0
7 2
8 16
8 18
9 11
9 39
10 25
10 31
11 31
11 36
12 1
12 6
13 4
13 28
14 10
14 11
15 23
15 43
16 17
16 37
17 13
17 29
18 1
18 37
19 21
19 42
20 3
20 10
21 5
21 26
22 15
22 45
23 0
23 30
24 19
24 40
25 35
25 42
26 3
26 24
27 8
27 44
28 16
28 32
29 8
29 28
30 2
30 22
31 34
31 35
32 17
32 41
33 39
33 44
34 9
34 14
35 14
35 20
36 6
36 34
37 27
37 29
38 43
38 45
39 12
39 36
40 4
40 21
41 13
41 40
42 20
42 26
43 7
43 30
44 12
44 18
45 7
45 23

# solution 514
# n=46 sym=rot4 status=verified source=flammenkamp_cache/n46_rot4.mvr
# code=mvr:0 19 0 20 1 14 1 29 2 22 2 33 3 18 3 19 
0 19
0 20
1 14
1 29
2 22
2 33
3 18
3 19
4 9
4 27
5 32
5 39
6 5
6 8
7 10
7 31
8 16
8 39
9 10
9 41
10 36
10 38
11 24
11 25
12 2
12 30
13 5
13 15
14 7
14 44
15 12
15 32
16 1
16 37
17 23
17 24
18 4
18 42
19 42
19 45
20 11
20 45
21 11
21 17
22 17
22 43
23 2
23 28
24 28
24 34
25 0
25 34
26 0
26 3
27 3
27 41
28 21
28 22
29 8
29 44
30 13
30 33
31 1
31 38
32 30
32 40
33 15
33 43
34 20
34 21
35 7
35 9
36 4
36 35
37 6
37 29
38 14
38 35
39 37
39 40
40 6
40 13
41 18
41 36
42 26
42 27
43 12
43 23
44 16
44 31
45 25
45 26

# solution 515
# n=46 sym=rot4 status=verified source=flammenkamp_cache/n46_rot4.mvr
# code=mvr:0 26 0 31 1 18 1 24 2 15 2 19 3 5 3 11 4
0 26
0 31
1 18
1 24
2 15
2 19
3 5
3 11
4 25
4 32
5 20
5 42
6 7
6 38
7 6
7 39
8 12
8 23
9 32
9 33
10 28
10 29
11 16
11 42
12 9
12 37
13 4
13 9
14 0
14 21
15 18
15 43
16 10
16 34
17 10
17 23
18 30
18 44
19 0
19 43
20 4
20 40
21 1
21 31
22 8
22 17
23 28
23 37
24 14
24 44
25 5
25 41
26 2
26 45
27 1
27 15
28 22
28 35
29 11
29 35
30 2
30 27
31 24
31 45
32 36
32 41
33 8
33 36
34 3
34 29
35 16
35 17
36 12
36 13
37 22
37 33
38 6
38 39
39 7
39 38
40 3
40 25
41 13
41 20
42 34
42 40
43 26
43 30
44 21
44 27
45 14
45 19

# solution 516
# n=46 sym=rot4 status=verified source=flammenkamp_cache/n46_rot4.mvr
# code=mvr:0 21 0 25 1 7 1 37 2 11 2 15 3 19 3 20 4
0 21
0 25
1 7
1 37
2 11
2 15
3 19
3 20
4 24
4 39
5 18
5 26
6 4
6 10
7 37
7 44
8 1
8 7
9 12
9 32
10 28
10 39
11 23
11 43
12 15
12 36
13 9
13 18
14 23
14 29
15 33
15 43
16 14
16 28
17 10
17 16
18 32
18 40
19 5
19 42
20 0
20 42
21 4
21 45
22 11
22 14
23 31
23 34
24 0
24 41
25 3
25 45
26 3
26 40
27 5
27 13
28 29
28 35
29 17
29 31
30 2
30 12
31 16
31 22
32 27
32 36
33 9
33 30
34 2
34 22
35 6
35 17
36 13
36 33
37 38
37 44
38 1
38 8
39 35
39 41
40 19
40 27
41 6
41 21
42 25
42 26
43 30
43 34
44 8
44 38
45 20
45 24

# solution 517
# n=46 sym=rot4 status=verified source=flammenkamp_cache/n46_rot4.mvr
# code=mvr:0 19 0 21 1 28 1 31 2 17 2 33 3 7 3 24 4
0 19
0 21
1 28
1 31
2 17
2 33
3 7
3 24
4 8
4 36
5 15
5 27
6 20
6 34
7 32
7 42
8 10
8 41
9 4
9 29
10 12
10 37
11 6
11 23
12 2
12 35
13 7
13 16
14 1
14 20
15 23
15 40
16 9
16 32
17 1
17 43
18 5
18 19
19 27
19 45
20 31
20 39
21 3
21 45
22 11
22 15
23 30
23 34
24 0
24 42
25 6
25 14
26 0
26 18
27 26
27 40
28 2
28 44
29 13
29 36
30 5
30 22
31 25
31 44
32 29
32 38
33 10
33 43
34 22
34 39
35 8
35 33
36 16
36 41
37 4
37 35
38 3
38 13
39 11
39 25
40 18
40 30
41 9
41 37
42 21
42 38
43 12
43 28
44 14
44 17
45 24
45 26

# solution 518
# n=46 sym=rot4 status=verified source=flammenkamp_cache/n46_rot4.mvr
# code=mvr:0 16 0 23 1 11 1 36 2 19 2 20 3 5 3 37 4
0 16
0 23
1 11
1 36
2 19
2 20
3 5
3 37
4 9
4 25
5 15
5 42
6 27
6 38
7 6
7 31
8 3
8 12
9 1
9 41
10 23
10 29
11 15
11 44
12 13
12 37
13 24
13 33
14 7
14 28
15 34
15 40
16 10
16 45
17 14
17 19
18 6
18 24
19 28
19 43
20 4
20 43
21 13
21 18
22 0
22 10
23 35
23 45
24 27
24 32
25 2
25 41
26 2
26 17
27 21
27 39
28 26
28 31
29 0
29 35
30 5
30 11
31 17
31 38
32 12
32 21
33 8
33 32
34 1
34 30
35 16
35 22
36 4
36 44
37 33
37 42
38 14
38 39
39 7
39 18
40 3
40 30
41 20
41 36
42 8
42 40
43 25
43 26
44 9
44 34
45 22
45 29

# solution 519
# n=46 sym=rot4 status=verified source=flammenkamp_cache/n46_rot4.mvr
# code=mvr:0 25 0 33 1 18 1 25 2 16 2 26 3 26 3 28 
0 25
0 33
1 18
1 25
2 16
2 26
3 26
3 28
4 11
4 15
5 12
5 36
6 18
6 24
7 29
7 35
8 10
8 31
9 5
9 15
10 7
10 37
11 31
11 41
12 0
12 40
13 23
13 28
14 8
14 11
15 36
15 41
16 7
16 43
17 3
17 13
18 39
18 44
19 2
19 3
20 0
20 1
21 6
21 23
22 13
22 21
23 24
23 32
24 22
24 39
25 44
25 45
26 42
26 43
27 1
27 6
28 32
28 42
29 2
29 38
30 4
30 9
31 34
31 37
32 17
32 22
33 5
33 45
34 4
34 14
35 8
35 38
36 30
36 40
37 14
37 35
38 10
38 16
39 21
39 27
40 9
40 33
41 30
41 34
42 17
42 19
43 19
43 29
44 20
44 27
45 12
45 20

# solution 520
# n=46 sym=rot4 status=verified source=flammenkamp_cache/n46_rot4.mvr
# code=mvr:0 3 0 21 1 14 1 24 2 12 2 32 3 4 3 45 4 
0 3
0 21
1 14
1 24
2 12
2 32
3 4
3 45
4 29
4 42
5 19
5 28
6 11
6 22
7 14
7 36
8 18
8 33
9 7
9 23
10 15
10 29
11 18
11 39
12 8
12 43
13 2
13 30
14 38
14 44
15 13
15 35
16 4
16 10
17 5
17 25
18 34
18 37
19 20
19 40
20 17
20 26
21 1
21 45
22 9
22 39
23 6
23 36
24 0
24 44
25 19
25 28
26 5
26 25
27 8
27 11
28 20
28 40
29 35
29 41
30 10
30 32
31 1
31 7
32 15
32 43
33 2
33 37
34 6
34 27
35 16
35 30
36 22
36 38
37 12
37 27
38 9
38 31
39 23
39 34
40 17
40 26
41 3
41 16
42 0
42 41
43 13
43 33
44 21
44 31
45 24
45 42

# solution 521
# n=46 sym=rot4 status=verified source=flammenkamp_cache/n46_rot4.mvr
# code=mvr:0 11 0 18 1 21 1 29 2 26 2 27 3 4 3 24 4
0 11
0 18
1 21
1 29
2 26
2 27
3 4
3 24
4 7
4 42
5 25
5 31
6 9
6 34
7 28
7 41
8 12
8 32
9 32
9 39
10 16
10 22
11 6
11 45
12 25
12 37
13 8
13 9
14 5
14 15
15 23
15 31
16 1
16 35
17 7
17 19
18 2
18 45
19 2
19 28
20 5
20 12
21 3
21 44
22 15
22 35
23 10
23 30
24 1
24 42
25 33
25 40
26 17
26 43
27 0
27 43
28 26
28 38
29 10
29 44
30 14
30 22
31 30
31 40
32 36
32 37
33 8
33 20
34 0
34 39
35 23
35 29
36 6
36 13
37 13
37 33
38 4
38 17
39 11
39 36
40 14
40 20
41 3
41 38
42 21
42 41
43 18
43 19
44 16
44 24
45 27
45 34

# solution 522
# n=46 sym=rot4 status=verified source=flammenkamp_cache/n46_rot4.mvr
# code=mvr:0 23 0 36 1 15 1 17 2 25 2 29 3 12 3 14 
0 23
0 36
1 15
1 17
2 25
2 29
3 12
3 14
4 19
4 23
5 10
5 37
6 18
6 31
7 32
7 33
8 5
8 25
9 0
9 10
10 36
10 40
11 24
11 30
12 7
12 42
13 7
13 16
14 6
14 42
15 11
15 44
16 2
16 32
17 24
17 44
18 19
18 39
19 27
19 41
20 2
20 8
21 11
21 17
22 0
22 4
23 41
23 45
24 28
24 34
25 37
25 43
26 4
26 18
27 6
27 26
28 1
28 21
29 13
29 43
30 1
30 34
31 3
31 39
32 29
32 38
33 3
33 38
34 15
34 21
35 5
35 9
36 35
36 45
37 20
37 40
38 12
38 13
39 14
39 27
40 8
40 35
41 22
41 26
42 31
42 33
43 16
43 20
44 28
44 30
45 9
45 22

# solution 523
# n=46 sym=rot4 status=verified source=flammenkamp_cache/n46_rot4.mvr
# code=mvr:0 19 0 21 1 12 1 39 2 24 2 38 3 13 3 30 
0 19
0 21
1 12
1 39
2 24
2 38
3 13
3 30
4 30
4 31
5 8
5 25
6 1
6 23
7 2
7 8
8 38
8 40
9 13
9 18
10 18
10 33
11 19
11 25
12 10
12 44
13 36
13 42
14 4
14 17
15 3
15 4
16 23
16 28
17 16
17 31
18 35
18 36
19 34
19 45
20 5
20 11
21 2
21 45
22 6
22 16
23 29
23 39
24 0
24 43
25 34
25 40
26 0
26 11
27 9
27 10
28 14
28 29
29 17
29 22
30 41
30 42
31 28
31 41
32 3
32 9
33 1
33 35
34 20
34 26
35 12
35 27
36 27
36 32
37 5
37 7
38 37
38 43
39 22
39 44
40 20
40 37
41 14
41 15
42 15
42 32
43 7
43 21
44 6
44 33
45 24
45 26

# solution 524
# n=46 sym=rot4 status=verified source=flammenkamp_cache/n46_rot4.mvr
# code=mvr:0 4 0 16 1 22 1 28 2 30 2 32 3 18 3 23 4
0 4
0 16
1 22
1 28
2 30
2 32
3 18
3 23
4 36
4 45
5 12
5 35
6 24
6 26
7 9
7 19
8 25
8 30
9 4
9 38
10 5
10 11
11 32
11 35
12 16
12 40
13 2
13 11
14 17
14 25
15 2
15 8
16 33
16 45
17 1
17 31
18 24
18 42
19 6
19 38
20 8
20 14
21 6
21 18
22 3
22 44
23 1
23 42
24 27
24 39
25 31
25 37
26 7
26 39
27 3
27 21
28 14
28 44
29 0
29 12
30 37
30 43
31 20
31 28
32 34
32 43
33 5
33 29
34 10
34 13
35 34
35 40
36 7
36 41
37 15
37 20
38 26
38 36
39 19
39 21
40 10
40 33
41 0
41 9
42 22
42 27
43 13
43 15
44 17
44 23
45 29
45 41

# solution 525
# n=46 sym=rot4 status=verified source=flammenkamp_cache/n46_rot4.mvr
# code=mvr:0 14 0 22 1 31 1 32 2 24 2 29 3 19 3 21 
0 14
0 22
1 31
1 32
2 24
2 29
3 19
3 21
4 28
4 40
5 4
5 8
6 7
6 10
7 36
7 39
8 20
8 40
9 7
9 27
10 29
10 39
11 13
11 19
12 17
12 27
13 1
13 34
14 1
14 45
15 20
15 23
16 2
16 10
17 4
17 33
18 9
18 12
19 34
19 42
20 30
20 37
21 2
21 42
22 15
22 45
23 0
23 30
24 3
24 43
25 8
25 15
26 3
26 11
27 33
27 36
28 12
28 41
29 35
29 43
30 22
30 25
31 0
31 44
32 11
32 44
33 18
33 28
34 26
34 32
35 6
35 16
36 18
36 38
37 5
37 25
38 6
38 9
39 35
39 38
40 37
40 41
41 5
41 17
42 24
42 26
43 16
43 21
44 13
44 14
45 23
45 31

# solution 526
# n=46 sym=rot4 status=verified source=flammenkamp_cache/n46_rot4.mvr
# code=mvr:0 20 0 27 1 2 1 23 2 12 2 44 3 10 3 12 4
0 20
0 27
1 2
1 23
2 12
2 44
3 10
3 12
4 28
4 34
5 32
5 34
6 16
6 23
7 25
7 30
8 9
8 17
9 31
9 37
10 14
10 42
11 4
11 5
12 42
12 43
13 5
13 29
14 9
14 35
15 7
15 19
16 13
16 39
17 4
17 37
18 0
18 24
19 24
19 30
20 7
20 45
21 18
21 19
22 1
22 6
23 39
23 44
24 26
24 27
25 0
25 38
26 15
26 21
27 21
27 45
28 8
28 41
29 6
29 32
30 26
30 38
31 10
31 36
32 16
32 40
33 2
33 3
34 40
34 41
35 3
35 31
36 8
36 14
37 28
37 36
38 15
38 20
39 22
39 29
40 11
40 13
41 11
41 17
42 33
42 35
43 1
43 33
44 22
44 43
45 18
45 25

# solution 527
# n=46 sym=rot4 status=verified source=flammenkamp_cache/n46_rot4.mvr
# code=mvr:0 11 0 19 1 23 1 25 2 13 2 37 3 9 3 39 4
0 11
0 19
1 23
1 25
2 13
2 37
3 9
3 39
4 24
4 26
5 28
5 30
6 3
6 18
7 12
7 30
8 2
8 35
9 18
9 42
10 8
10 17
11 14
11 45
12 29
12 38
13 23
13 43
14 29
14 34
15 5
15 7
16 12
16 14
17 5
17 35
18 36
18 39
19 4
19 45
20 1
20 21
21 4
21 25
22 1
22 13
23 32
23 44
24 20
24 41
25 24
25 44
26 0
26 41
27 6
27 9
28 10
28 40
29 31
29 33
30 38
30 40
31 11
31 16
32 2
32 22
33 7
33 16
34 0
34 31
35 28
35 37
36 3
36 27
37 10
37 43
38 15
38 33
39 27
39 42
40 15
40 17
41 19
41 21
42 6
42 36
43 8
43 32
44 20
44 22
45 26
45 34

# solution 528
# n=46 sym=rot4 status=verified source=flammenkamp_cache/n46_rot4.mvr
# code=mvr:0 19 0 34 1 23 1 25 2 13 2 37 3 9 3 39 4
0 19
0 34
1 23
1 25
2 13
2 37
3 9
3 39
4 24
4 26
5 28
5 30
6 3
6 18
7 12
7 30
8 2
8 35
9 18
9 42
10 8
10 17
11 0
11 14
12 29
12 38
13 23
13 43
14 29
14 34
15 5
15 7
16 12
16 14
17 5
17 35
18 36
18 39
19 4
19 45
20 1
20 21
21 4
21 25
22 1
22 13
23 32
23 44
24 20
24 41
25 24
25 44
26 0
26 41
27 6
27 9
28 10
28 40
29 31
29 33
30 38
30 40
31 11
31 16
32 2
32 22
33 7
33 16
34 31
34 45
35 28
35 37
36 3
36 27
37 10
37 43
38 15
38 33
39 27
39 42
40 15
40 17
41 19
41 21
42 6
42 36
43 8
43 32
44 20
44 22
45 11
45 26

# solution 529
# n=46 sym=rot4 status=verified source=flammenkamp_cache/n46_rot4.mvr
# code=mvr:0 12 0 39 1 2 1 24 2 21 2 44 3 26 3 29 4
0 12
0 39
1 2
1 24
2 21
2 44
3 26
3 29
4 12
4 17
5 9
5 23
6 0
6 8
7 19
7 34
8 13
8 39
9 31
9 40
10 17
10 25
11 7
11 20
12 41
12 45
13 30
13 37
14 9
14 30
15 13
15 14
16 3
16 23
17 35
17 41
18 18
18 27
19 3
19 38
20 10
20 34
21 1
21 43
22 5
22 16
23 29
23 40
24 2
24 44
25 11
25 35
26 7
26 42
27 18
27 27
28 4
28 10
29 22
29 42
30 31
30 32
31 15
31 36
32 8
32 15
33 0
33 4
34 25
34 38
35 20
35 28
36 5
36 14
37 6
37 32
38 11
38 26
39 37
39 45
40 22
40 36
41 28
41 33
42 16
42 19
43 1
43 24
44 21
44 43
45 6
45 33

# solution 530
# n=46 sym=rot4 status=verified source=flammenkamp_cache/n46_rot4.mvr
# code=mvr:0 20 0 28 1 27 1 29 2 18 2 37 3 10 3 22 
0 20
0 28
1 27
1 29
2 18
2 37
3 10
3 22
4 14
4 30
5 26
5 37
6 15
6 20
7 17
7 34
8 2
8 5
9 32
9 33
10 26
10 42
11 7
11 33
12 9
12 11
13 9
13 21
14 16
14 41
15 4
15 39
16 1
16 31
17 0
17 38
18 1
18 43
19 5
19 10
20 39
20 45
21 23
21 32
22 21
22 42
23 3
23 24
24 13
24 22
25 0
25 6
26 35
26 40
27 2
27 44
28 7
28 45
29 14
29 44
30 6
30 41
31 4
31 29
32 24
32 36
33 34
33 36
34 12
34 38
35 3
35 19
36 12
36 13
37 40
37 43
38 11
38 28
39 25
39 30
40 8
40 19
41 15
41 31
42 23
42 35
43 8
43 27
44 16
44 18
45 17
45 25

# solution 531
# n=46 sym=rot4 status=verified source=flammenkamp_cache/n46_rot4.mvr
# code=mvr:0 20 0 21 1 22 1 31 2 19 2 27 3 10 3 13 
0 20
0 21
1 22
1 31
2 19
2 27
3 10
3 13
4 26
4 36
5 23
5 32
6 9
6 37
7 10
7 15
8 6
8 18
9 4
9 39
10 38
10 42
11 25
11 30
12 24
12 28
13 5
13 42
14 1
14 16
15 11
15 38
16 28
16 31
17 12
17 16
18 2
18 37
19 4
19 43
20 11
20 45
21 12
21 45
22 5
22 44
23 1
23 40
24 0
24 33
25 0
25 34
26 2
26 41
27 8
27 43
28 29
28 33
29 14
29 17
30 7
30 34
31 29
31 44
32 3
32 40
33 17
33 21
34 15
34 20
35 3
35 7
36 6
36 41
37 27
37 39
38 30
38 35
39 8
39 36
40 13
40 22
41 9
41 19
42 32
42 35
43 18
43 26
44 14
44 23
45 24
45 25

# solution 532
# n=46 sym=rot4 status=verified source=flammenkamp_cache/n46_rot4.mvr
# code=mvr:0 14 0 34 1 23 1 28 2 33 2 41 3 20 3 23 
0 14
0 34
1 23
1 28
2 33
2 41
3 20
3 23
4 2
4 36
5 14
5 28
6 15
6 21
7 11
7 15
8 16
8 21
9 4
9 26
10 10
10 35
11 0
11 38
12 2
12 27
13 20
13 26
14 40
14 45
15 38
15 39
16 27
16 37
17 1
17 5
18 12
18 16
19 9
19 13
20 32
20 42
21 37
21 39
22 1
22 3
23 42
23 44
24 6
24 8
25 3
25 13
26 32
26 36
27 29
27 33
28 40
28 44
29 8
29 18
30 6
30 7
31 0
31 5
32 19
32 25
33 18
33 43
34 7
34 45
35 10
35 35
36 19
36 41
37 24
37 29
38 30
38 34
39 24
39 30
40 17
40 31
41 9
41 43
42 22
42 25
43 4
43 12
44 17
44 22
45 11
45 31

# solution 533
# n=46 sym=rot4 status=verified source=flammenkamp_cache/n46_rot4.mvr
# code=mvr:0 18 0 31 1 9 1 12 2 34 2 39 3 24 3 28 4
0 18
0 31
1 9
1 12
2 34
2 39
3 24
3 28
4 5
4 21
5 15
5 41
6 2
6 12
7 19
7 22
8 28
8 29
9 14
9 44
10 29
10 32
11 2
11 18
12 39
12 44
13 10
13 25
14 0
14 36
15 19
15 40
16 8
16 10
17 3
17 8
18 34
18 45
19 30
19 38
20 13
20 23
21 3
21 41
22 20
22 38
23 7
23 25
24 4
24 42
25 22
25 32
26 7
26 15
27 0
27 11
28 37
28 42
29 35
29 37
30 5
30 26
31 9
31 45
32 20
32 35
33 1
33 6
34 27
34 43
35 13
35 16
36 1
36 31
37 16
37 17
38 23
38 26
39 33
39 43
40 4
40 30
41 24
41 40
42 17
42 21
43 6
43 11
44 33
44 36
45 14
45 27

# solution 534
# n=46 sym=rot4 status=verified source=flammenkamp_cache/n46_rot4.mvr
# code=mvr:0 11 0 27 1 24 1 36 2 19 2 22 3 27 3 38 
0 11
0 27
1 24
1 36
2 19
2 22
3 27
3 38
4 14
4 20
5 24
5 33
6 32
6 37
7 3
7 13
8 6
8 25
9 1
9 10
10 33
10 36
11 16
11 45
12 5
12 10
13 6
13 38
14 17
14 41
15 15
15 30
16 28
16 34
17 16
17 31
18 0
18 3
19 23
19 43
20 8
20 41
21 1
21 5
22 19
22 43
23 2
23 26
24 40
24 44
25 4
25 37
26 2
26 22
27 42
27 45
28 14
28 29
29 11
29 17
30 15
30 30
31 4
31 28
32 7
32 39
33 35
33 40
34 0
34 29
35 9
35 12
36 35
36 44
37 20
37 39
38 32
38 42
39 8
39 13
40 12
40 21
41 25
41 31
42 7
42 18
43 23
43 26
44 9
44 21
45 18
45 34

# solution 535
# n=46 sym=rot4 status=verified source=flammenkamp_cache/n46_rot4.mvr
# code=mvr:0 28 0 35 1 12 1 35 2 20 2 27 3 14 3 30 
0 28
0 35
1 12
1 35
2 20
2 27
3 14
3 30
4 27
4 28
5 13
5 22
6 7
6 9
7 33
7 39
8 16
8 23
9 29
9 39
10 0
10 1
11 31
11 32
12 7
12 44
13 11
13 40
14 11
14 42
15 3
15 21
16 9
16 37
17 0
17 4
18 2
18 4
19 24
19 25
20 19
20 43
21 19
21 30
22 8
22 40
23 5
23 37
24 15
24 26
25 2
25 26
26 20
26 21
27 41
27 43
28 41
28 45
29 8
29 36
30 24
30 42
31 3
31 34
32 5
32 34
33 1
33 38
34 13
34 14
35 44
35 45
36 6
36 16
37 22
37 29
38 6
38 12
39 36
39 38
40 23
40 32
41 17
41 18
42 15
42 31
43 18
43 25
44 10
44 33
45 10
45 17

# solution 536
# n=46 sym=rot4 status=verified source=flammenkamp_cache/n46_rot4.mvr
# code=mvr:0 21 0 28 1 2 1 33 2 35 2 44 3 25 3 39 4
0 21
0 28
1 2
1 33
2 35
2 44
3 25
3 39
4 8
4 13
5 25
5 26
6 3
6 7
7 32
7 39
8 30
8 41
9 11
9 22
10 2
10 16
11 16
11 36
12 1
12 23
13 7
13 41
14 21
14 26
15 8
15 17
16 34
16 35
17 0
17 30
18 18
18 27
19 5
19 14
20 3
20 5
21 31
21 45
22 12
22 36
23 9
23 33
24 0
24 14
25 40
25 42
26 31
26 40
27 18
27 27
28 15
28 45
29 10
29 11
30 28
30 37
31 19
31 24
32 4
32 38
33 22
33 44
34 9
34 29
35 29
35 43
36 23
36 34
37 4
37 15
38 6
38 13
39 38
39 42
40 19
40 20
41 32
41 37
42 6
42 20
43 1
43 10
44 12
44 43
45 17
45 24

# solution 537
# n=46 sym=rot4 status=verified source=flammenkamp_cache/n46_rot4.mvr
# code=mvr:0 21 0 39 1 16 1 20 2 9 2 31 3 15 3 33 4
0 21
0 39
1 16
1 20
2 9
2 31
3 15
3 33
4 24
4 26
5 8
5 34
6 0
6 22
7 16
7 34
8 33
8 40
9 23
9 43
10 17
10 30
11 5
11 7
12 3
12 8
13 14
13 27
14 2
14 32
15 10
15 42
16 38
16 44
17 25
17 35
18 13
18 19
19 4
19 27
20 17
20 44
21 4
21 45
22 9
22 39
23 6
23 36
24 0
24 41
25 1
25 28
26 18
26 41
27 26
27 32
28 10
28 20
29 1
29 7
30 3
30 35
31 13
31 43
32 18
32 31
33 37
33 42
34 38
34 40
35 15
35 28
36 2
36 22
37 5
37 12
38 11
38 29
39 23
39 45
40 11
40 37
41 19
41 21
42 12
42 30
43 14
43 36
44 25
44 29
45 6
45 24

# solution 538
# n=46 sym=rot4 status=verified source=flammenkamp_cache/n46_rot4.mvr
# code=mvr:0 21 0 34 1 9 1 27 2 14 2 35 3 31 3 37 4
0 21
0 34
1 9
1 27
2 14
2 35
3 31
3 37
4 19
4 20
5 30
5 33
6 33
6 38
7 6
7 26
8 3
8 10
9 23
9 44
10 2
10 37
11 0
11 16
12 5
12 6
13 23
13 28
14 3
14 43
15 5
15 28
16 20
16 34
17 13
17 15
18 1
18 24
19 7
19 41
20 29
20 41
21 18
21 45
22 9
22 13
23 32
23 36
24 0
24 27
25 4
25 16
26 4
26 38
27 21
27 44
28 30
28 32
29 11
29 25
30 17
30 40
31 2
31 42
32 17
32 22
33 39
33 40
34 29
34 45
35 8
35 43
36 1
36 22
37 35
37 42
38 19
38 39
39 7
39 12
40 12
40 15
41 25
41 26
42 8
42 14
43 10
43 31
44 18
44 36
45 11
45 24

# solution 539
# n=46 sym=rot4 status=verified source=flammenkamp_cache/n46_rot4.mvr
# code=mvr:0 21 0 34 1 27 1 36 2 14 2 35 3 31 3 37 
0 21
0 34
1 27
1 36
2 14
2 35
3 31
3 37
4 19
4 20
5 30
5 33
6 33
6 38
7 6
7 26
8 3
8 10
9 1
9 23
10 2
10 37
11 0
11 16
12 5
12 6
13 23
13 28
14 3
14 43
15 5
15 28
16 20
16 34
17 13
17 15
18 1
18 24
19 7
19 41
20 29
20 41
21 18
21 45
22 9
22 13
23 32
23 36
24 0
24 27
25 4
25 16
26 4
26 38
27 21
27 44
28 30
28 32
29 11
29 25
30 17
30 40
31 2
31 42
32 17
32 22
33 39
33 40
34 29
34 45
35 8
35 43
36 22
36 44
37 35
37 42
38 19
38 39
39 7
39 12
40 12
40 15
41 25
41 26
42 8
42 14
43 10
43 31
44 9
44 18
45 11
45 24

# solution 540
# n=46 sym=rot4 status=verified source=flammenkamp_cache/n46_rot4.mvr
# code=mvr:0 17 0 25 1 16 1 34 2 6 2 14 3 28 3 38 4
0 17
0 25
1 16
1 34
2 6
2 14
3 28
3 38
4 24
4 27
5 32
5 34
6 15
6 43
7 3
7 37
8 7
8 21
9 27
9 33
10 12
10 23
11 1
11 5
12 9
12 35
13 5
13 31
14 13
14 43
15 20
15 39
16 23
16 44
17 3
17 45
18 4
18 9
19 19
19 26
20 0
20 30
21 4
21 37
22 10
22 16
23 29
23 35
24 8
24 41
25 15
25 45
26 19
26 26
27 36
27 41
28 0
28 42
29 1
29 22
30 6
30 25
31 2
31 32
32 14
32 40
33 10
33 36
34 40
34 44
35 22
35 33
36 12
36 18
37 24
37 38
38 8
38 42
39 2
39 30
40 11
40 13
41 18
41 21
42 7
42 17
43 31
43 39
44 11
44 29
45 20
45 28

# solution 541
# n=46 sym=rot4 status=verified source=flammenkamp_cache/n46_rot4.mvr
# code=mvr:0 17 0 35 1 8 1 20 2 27 2 31 3 17 3 19 4
0 17
0 35
1 8
1 20
2 27
2 31
3 17
3 19
4 9
4 13
5 31
5 36
6 19
6 25
7 8
7 30
8 38
8 44
9 5
9 41
10 0
10 22
11 12
11 16
12 30
12 34
13 21
13 41
14 2
14 5
15 7
15 12
16 23
16 34
17 42
17 45
18 2
18 21
19 39
19 42
20 6
20 44
21 27
21 32
22 16
22 35
23 10
23 29
24 13
24 18
25 1
25 39
26 3
26 6
27 24
27 43
28 0
28 3
29 11
29 22
30 33
30 38
31 40
31 43
32 4
32 24
33 11
33 15
34 29
34 33
35 23
35 45
36 4
36 40
37 1
37 7
38 15
38 37
39 20
39 26
40 9
40 14
41 32
41 36
42 26
42 28
43 14
43 18
44 25
44 37
45 10
45 28

# solution 542
# n=46 sym=rot4 status=verified source=flammenkamp_cache/n46_rot4.mvr
# code=mvr:0 15 0 35 1 7 1 31 2 22 2 38 3 24 3 39 4
0 15
0 35
1 7
1 31
2 22
2 38
3 24
3 39
4 16
4 30
5 14
5 16
6 3
6 21
7 2
7 44
8 20
8 32
9 13
9 23
10 0
10 12
11 18
11 33
12 11
12 35
13 8
13 36
14 1
14 40
15 4
15 45
16 40
16 41
17 18
17 25
18 28
18 34
19 19
19 26
20 17
20 37
21 3
21 39
22 9
22 43
23 2
23 36
24 6
24 42
25 8
25 28
26 19
26 26
27 11
27 17
28 20
28 27
29 4
29 5
30 0
30 41
31 5
31 44
32 9
32 37
33 10
33 34
34 12
34 27
35 33
35 45
36 22
36 32
37 13
37 25
38 1
38 43
39 24
39 42
40 29
40 31
41 15
41 29
42 6
42 21
43 7
43 23
44 14
44 38
45 10
45 30

# solution 543
# n=46 sym=rot4 status=verified source=flammenkamp_cache/n46_rot4.mvr
# code=mvr:0 30 0 31 1 18 1 23 2 7 2 36 3 16 3 18 4
0 30
0 31
1 18
1 23
2 7
2 36
3 16
3 18
4 23
4 24
5 11
5 37
6 16
6 30
7 26
7 43
8 5
8 33
9 2
9 32
10 17
10 19
11 24
11 40
12 8
12 13
13 9
13 33
14 0
14 28
15 0
15 6
16 39
16 42
17 14
17 35
18 42
18 44
19 7
19 35
20 20
20 25
21 4
21 11
22 1
22 4
23 41
23 44
24 34
24 41
25 20
25 25
26 10
26 38
27 1
27 3
28 10
28 31
29 3
29 6
30 39
30 45
31 17
31 45
32 12
32 36
33 32
33 37
34 5
34 21
35 26
35 28
36 13
36 43
37 12
37 40
38 2
38 19
39 15
39 29
40 8
40 34
41 21
41 22
42 27
42 29
43 9
43 38
44 22
44 27
45 14
45 15

# solution 544
# n=46 sym=rot4 status=verified source=flammenkamp_cache/n46_rot4.mvr
# code=mvr:0 19 0 22 1 9 1 16 2 12 2 27 3 9 3 24 4 
0 19
0 22
1 9
1 16
2 12
2 27
3 9
3 24
4 26
4 34
5 8
5 31
6 7
6 23
7 34
7 39
8 10
8 40
9 42
9 44
10 21
10 37
11 4
11 7
12 29
12 43
13 14
13 18
14 5
14 32
15 25
15 28
16 12
16 44
17 15
17 25
18 2
18 32
19 4
19 45
20 15
20 17
21 3
21 35
22 6
22 45
23 0
23 39
24 10
24 42
25 28
25 30
26 0
26 41
27 13
27 43
28 20
28 30
29 1
29 33
30 17
30 20
31 13
31 40
32 27
32 31
33 2
33 16
34 38
34 41
35 8
35 24
36 1
36 3
37 5
37 35
38 6
38 11
39 22
39 38
40 14
40 37
41 11
41 19
42 21
42 36
43 18
43 33
44 29
44 36
45 23
45 26

# solution 545
# n=46 sym=rot4 status=verified source=flammenkamp_cache/n46_rot4.mvr
# code=mvr:0 26 0 29 1 22 1 42 2 4 2 19 3 1 3 24 4 
0 26
0 29
1 22
1 42
2 4
2 19
3 1
3 24
4 21
4 43
5 8
5 32
6 10
6 31
7 11
7 32
8 17
8 40
9 25
9 31
10 34
10 39
11 10
11 38
12 23
12 27
13 5
13 7
14 6
14 9
15 18
15 20
16 0
16 28
17 16
17 37
18 12
18 30
19 0
19 43
20 9
20 30
21 3
21 41
22 12
22 44
23 1
23 33
24 4
24 42
25 15
25 36
26 2
26 45
27 15
27 33
28 8
28 29
29 17
29 45
30 25
30 27
31 36
31 39
32 38
32 40
33 18
33 22
34 7
34 35
35 6
35 11
36 14
36 20
37 5
37 28
38 13
38 34
39 14
39 35
40 13
40 37
41 2
41 24
42 21
42 44
43 26
43 41
44 3
44 23
45 16
45 19

# solution 546
# n=46 sym=rot4 status=verified source=flammenkamp_cache/n46_rot4.mvr
# code=mvr:0 30 0 37 1 17 1 36 2 5 2 6 3 18 3 23 4 
0 30
0 37
1 17
1 36
2 5
2 6
3 18
3 23
4 20
4 23
5 31
5 43
6 30
6 43
7 27
7 32
8 0
8 20
9 1
9 35
10 9
10 12
11 29
11 33
12 11
12 35
13 7
13 19
14 5
14 21
15 0
15 6
16 11
16 19
17 24
17 44
18 7
18 42
19 29
19 32
20 37
20 41
21 17
21 31
22 3
22 4
23 41
23 42
24 14
24 28
25 4
25 8
26 13
26 16
27 3
27 38
28 1
28 21
29 26
29 34
30 39
30 45
31 24
31 40
32 26
32 38
33 10
33 34
34 12
34 16
35 33
35 36
36 10
36 44
37 25
37 45
38 13
38 18
39 2
39 15
40 2
40 14
41 22
41 25
42 22
42 27
43 39
43 40
44 9
44 28
45 8
45 15

# solution 547
# n=46 sym=rot4 status=verified source=flammenkamp_cache/n46_rot4.mvr
# code=mvr:0 14 0 32 1 24 1 29 2 19 2 37 3 13 3 30 
0 14
0 32
1 24
1 29
2 19
2 37
3 13
3 30
4 16
4 26
5 10
5 35
6 30
6 38
7 6
7 34
8 2
8 14
9 17
9 20
10 5
10 40
11 7
11 33
12 11
12 23
13 0
13 42
14 37
14 45
15 3
15 6
16 1
16 41
17 24
17 36
18 18
18 27
19 4
19 43
20 23
20 36
21 1
21 17
22 12
22 20
23 25
23 33
24 28
24 44
25 9
25 22
26 2
26 41
27 18
27 27
28 9
28 21
29 4
29 44
30 39
30 42
31 0
31 8
32 3
32 45
33 22
33 34
34 12
34 38
35 5
35 40
36 25
36 28
37 31
37 43
38 11
38 39
39 7
39 15
40 10
40 35
41 19
41 29
42 15
42 32
43 8
43 26
44 16
44 21
45 13
45 31

# solution 548
# n=46 sym=rot4 status=verified source=flammenkamp_cache/n46_rot4.mvr
# code=mvr:0 24 0 43 1 23 1 28 2 0 2 8 3 23 3 26 4 
0 24
0 43
1 23
1 28
2 0
2 8
3 23
3 26
4 16
4 26
5 34
5 36
6 13
6 15
7 27
7 30
8 33
8 43
9 5
9 10
10 27
10 36
11 5
11 16
12 8
12 24
13 14
13 39
14 28
14 32
15 7
15 39
16 34
16 41
17 1
17 14
18 7
18 10
19 3
19 4
20 20
20 25
21 0
21 12
22 1
22 3
23 42
23 44
24 33
24 45
25 20
25 25
26 41
26 42
27 35
27 38
28 31
28 44
29 4
29 11
30 6
30 38
31 13
31 17
32 6
32 31
33 21
33 37
34 29
34 40
35 9
35 18
36 35
36 40
37 2
37 12
38 15
38 18
39 30
39 32
40 9
40 11
41 19
41 29
42 19
42 22
43 37
43 45
44 17
44 22
45 2
45 21

# solution 549
# n=46 sym=rot4 status=verified source=flammenkamp_cache/n46_rot4.mvr
# code=mvr:0 15 0 17 1 20 1 32 2 24 2 29 3 24 3 39 
0 15
0 17
1 20
1 32
2 24
2 29
3 24
3 39
4 9
4 10
5 13
5 23
6 3
6 7
7 17
7 39
8 12
8 30
9 34
9 41
10 26
10 41
11 9
11 27
12 23
12 37
13 1
13 40
14 16
14 25
15 8
15 45
16 2
16 31
17 38
17 45
18 11
18 19
19 10
19 27
20 14
20 44
21 2
21 3
22 5
22 12
23 33
23 40
24 42
24 43
25 1
25 31
26 18
26 35
27 26
27 34
28 0
28 7
29 14
29 43
30 0
30 37
31 20
31 29
32 5
32 44
33 8
33 22
34 18
34 36
35 4
35 19
36 4
36 11
37 15
37 33
38 6
38 28
39 38
39 42
40 22
40 32
41 35
41 36
42 6
42 21
43 16
43 21
44 13
44 25
45 28
45 30

# solution 550
# n=46 sym=rot4 status=verified source=flammenkamp_cache/n46_rot4.mvr
# code=mvr:0 12 0 16 1 19 1 34 2 27 2 36 3 24 3 31 
0 12
0 16
1 19
1 34
2 27
2 36
3 24
3 31
4 14
4 34
5 20
5 25
6 12
6 17
7 15
7 24
8 8
8 37
9 2
9 32
10 22
10 32
11 1
11 4
12 39
12 45
13 9
13 10
14 3
14 41
15 29
15 38
16 15
16 45
17 26
17 39
18 2
18 23
19 17
19 44
20 5
20 40
21 3
21 7
22 18
22 35
23 10
23 27
24 38
24 42
25 5
25 40
26 1
26 28
27 22
27 43
28 6
28 19
29 0
29 30
30 7
30 16
31 4
31 42
32 35
32 36
33 0
33 6
34 41
34 44
35 13
35 23
36 13
36 43
37 8
37 37
38 21
38 30
39 28
39 33
40 20
40 25
41 11
41 31
42 14
42 21
43 9
43 18
44 11
44 26
45 29
45 33

# solution 551
# n=46 sym=rot4 status=verified source=flammenkamp_cache/n46_rot4.mvr
# code=mvr:0 13 0 20 1 22 1 33 2 29 2 33 3 23 3 27 
0 13
0 20
1 22
1 33
2 29
2 33
3 23
3 27
4 5
4 11
5 34
5 41
6 14
6 24
7 8
7 36
8 20
8 38
9 7
9 19
10 14
10 28
11 5
11 41
12 1
12 2
13 29
13 45
14 35
14 39
15 19
15 28
16 2
16 13
17 10
17 15
18 3
18 24
19 30
19 36
20 37
20 45
21 6
21 18
22 3
22 44
23 1
23 42
24 27
24 39
25 0
25 8
26 9
26 15
27 21
27 42
28 30
28 35
29 32
29 43
30 17
30 26
31 6
31 10
32 0
32 16
33 43
33 44
34 4
34 40
35 17
35 31
36 26
36 38
37 7
37 25
38 9
38 37
39 21
39 31
40 4
40 11
41 34
41 40
42 18
42 22
43 12
43 16
44 12
44 23
45 25
45 32

# solution 552
# n=46 sym=rot4 status=verified source=flammenkamp_cache/n46_rot4.mvr
# code=mvr:0 17 0 24 1 11 1 26 2 16 2 31 3 18 3 23 
0 17
0 24
1 11
1 26
2 16
2 31
3 18
3 23
4 23
4 37
5 12
5 18
6 7
6 37
7 30
7 39
8 4
8 6
9 24
9 26
10 13
10 30
11 32
11 44
12 25
12 40
13 11
13 35
14 2
14 17
15 7
15 10
16 25
16 43
17 31
17 45
18 40
18 42
19 1
19 9
20 12
20 16
21 0
21 9
22 3
22 4
23 41
23 42
24 36
24 45
25 29
25 33
26 36
26 44
27 3
27 5
28 0
28 14
29 2
29 20
30 35
30 38
31 28
31 43
32 10
32 34
33 5
33 20
34 1
34 13
35 15
35 32
36 19
36 21
37 39
37 41
38 6
38 15
39 8
39 38
40 27
40 33
41 8
41 22
42 22
42 27
43 14
43 29
44 19
44 34
45 21
45 28

# solution 553
# n=46 sym=rot4 status=verified source=flammenkamp_cache/n46_rot4.mvr
# code=mvr:0 15 0 19 1 7 1 12 2 7 2 36 3 15 3 31 4 
0 15
0 19
1 7
1 12
2 7
2 36
3 15
3 31
4 24
4 39
5 10
5 27
6 4
6 21
7 43
7 44
8 16
8 17
9 2
9 32
10 31
10 40
11 18
11 28
12 20
12 44
13 9
13 23
14 3
14 10
15 42
15 45
16 26
16 37
17 11
17 37
18 5
18 34
19 16
19 45
20 23
20 33
21 4
21 39
22 13
22 20
23 25
23 32
24 6
24 41
25 12
25 22
26 0
26 29
27 11
27 40
28 8
28 34
29 8
29 19
30 0
30 3
31 35
31 42
32 22
32 36
33 1
33 25
34 17
34 27
35 5
35 14
36 13
36 43
37 28
37 29
38 1
38 2
39 24
39 41
40 18
40 35
41 6
41 21
42 14
42 30
43 9
43 38
44 33
44 38
45 26
45 30

# solution 554
# n=46 sym=rot4 status=verified source=flammenkamp_cache/n46_rot4.mvr
# code=mvr:0 10 0 28 1 23 1 25 2 14 2 21 3 4 3 12 4
0 10
0 28
1 23
1 25
2 14
2 21
3 4
3 12
4 28
4 42
5 32
5 34
6 18
6 21
7 30
7 32
8 23
8 36
9 8
9 29
10 12
10 45
11 5
11 29
12 35
12 42
13 5
13 7
14 18
14 43
15 7
15 25
16 9
16 11
17 0
17 4
18 31
18 39
19 19
19 26
20 1
20 15
21 39
21 43
22 1
22 8
23 37
23 44
24 2
24 6
25 30
25 44
26 19
26 26
27 6
27 14
28 41
28 45
29 34
29 36
30 20
30 38
31 2
31 27
32 38
32 40
33 3
33 10
34 16
34 40
35 0
35 33
36 16
36 37
37 9
37 22
38 13
38 15
39 24
39 27
40 11
40 13
41 3
41 17
42 33
42 41
43 24
43 31
44 20
44 22
45 17
45 35

# solution 555
# n=46 sym=rot4 status=verified source=flammenkamp_cache/n46_rot4.mvr
# code=mvr:0 20 0 27 1 14 1 37 2 5 2 28 3 15 3 24 4
0 20
0 27
1 14
1 37
2 5
2 28
3 15
3 24
4 26
4 32
5 9
5 43
6 9
6 23
7 28
7 29
8 1
8 12
9 39
9 40
10 33
10 34
11 10
11 23
12 10
12 37
13 4
13 18
14 20
14 44
15 29
15 42
16 7
16 15
17 2
17 7
18 0
18 32
19 4
19 21
20 31
20 45
21 3
21 26
22 6
22 11
23 34
23 39
24 19
24 42
25 0
25 14
26 24
26 41
27 13
27 45
28 38
28 43
29 30
29 38
30 3
30 16
31 1
31 25
32 27
32 41
33 8
33 35
34 22
34 35
35 11
35 12
36 5
36 6
37 33
37 44
38 16
38 17
39 22
39 36
40 2
40 36
41 13
41 19
42 21
42 30
43 17
43 40
44 8
44 31
45 18
45 25

# solution 556
# n=46 sym=rot4 status=verified source=flammenkamp_cache/n46_rot4.mvr
# code=mvr:0 14 0 24 1 21 1 28 2 4 2 22 3 11 3 17 4
0 14
0 24
1 21
1 28
2 4
2 22
3 11
3 17
4 23
4 43
5 8
5 12
6 29
6 30
7 8
7 36
8 38
8 40
9 7
9 31
10 16
10 25
11 33
11 42
12 11
12 40
13 19
13 25
14 9
14 45
15 6
15 26
16 6
16 35
17 1
17 42
18 18
18 27
19 15
19 32
20 10
20 13
21 0
21 44
22 4
22 43
23 2
23 41
24 1
24 45
25 32
25 35
26 13
26 30
27 18
27 27
28 3
28 44
29 10
29 39
30 19
30 39
31 0
31 36
32 20
32 26
33 5
33 34
34 3
34 12
35 20
35 29
36 14
36 38
37 5
37 7
38 9
38 37
39 15
39 16
40 33
40 37
41 2
41 22
42 28
42 34
43 23
43 41
44 17
44 24
45 21
45 31

# solution 557
# n=46 sym=rot4 status=verified source=flammenkamp_cache/n46_rot4.mvr
# code=mvr:0 20 0 37 1 9 1 27 2 20 2 41 3 16 3 21 4
0 20
0 37
1 9
1 27
2 20
2 41
3 16
3 21
4 2
4 17
5 28
5 34
6 10
6 23
7 10
7 34
8 0
8 32
9 15
9 44
10 38
10 39
11 5
11 7
12 23
12 32
13 8
13 12
14 16
14 21
15 27
15 36
16 31
16 42
17 5
17 41
18 1
18 15
19 19
19 26
20 43
20 45
21 31
21 42
22 6
22 12
23 33
23 39
24 3
24 14
25 0
25 2
26 19
26 26
27 30
27 44
28 4
28 40
29 3
29 14
30 9
30 18
31 24
31 29
32 33
32 37
33 13
33 22
34 38
34 40
35 6
35 7
36 1
36 30
37 13
37 45
38 11
38 35
39 22
39 35
40 11
40 17
41 28
41 43
42 24
42 29
43 4
43 25
44 18
44 36
45 8
45 25

# solution 558
# n=46 sym=rot4 status=verified source=flammenkamp_cache/n46_rot4.mvr
# code=mvr:0 24 0 26 1 17 1 30 2 13 2 31 3 6 3 25 4
0 24
0 26
1 17
1 30
2 13
2 31
3 6
3 25
4 24
4 35
5 6
5 36
6 40
6 42
7 19
7 23
8 28
8 35
9 5
9 12
10 4
10 8
11 16
11 33
12 11
12 36
13 23
13 43
14 2
14 27
15 1
15 20
16 27
16 34
17 8
17 44
18 14
18 16
19 0
19 38
20 3
20 30
21 0
21 4
22 7
22 13
23 32
23 38
24 41
24 45
25 15
25 42
26 7
26 45
27 29
27 31
28 1
28 37
29 11
29 18
30 25
30 44
31 18
31 43
32 2
32 22
33 9
33 34
34 12
34 29
35 37
35 41
36 33
36 40
37 10
37 17
38 22
38 26
39 3
39 5
40 9
40 39
41 10
41 21
42 20
42 39
43 14
43 32
44 15
44 28
45 19
45 21

# solution 559
# n=46 sym=rot4 status=verified source=flammenkamp_cache/n46_rot4.mvr
# code=mvr:0 12 0 31 1 8 1 18 2 27 2 34 3 23 3 28 4
0 12
0 31
1 8
1 18
2 27
2 34
3 23
3 28
4 25
4 39
5 9
5 35
6 4
6 21
7 20
7 28
8 14
8 44
9 12
9 40
10 5
10 34
11 2
11 10
12 36
12 45
13 26
13 30
14 0
14 37
15 13
15 23
16 19
16 24
17 3
17 7
18 2
18 44
19 13
19 29
20 4
20 38
21 16
21 39
22 3
22 15
23 30
23 42
24 6
24 29
25 7
25 41
26 16
26 32
27 1
27 43
28 38
28 42
29 21
29 26
30 22
30 32
31 8
31 45
32 15
32 19
33 0
33 9
34 35
34 43
35 11
35 40
36 5
36 33
37 1
37 31
38 17
38 25
39 24
39 41
40 10
40 36
41 6
41 20
42 17
42 22
43 11
43 18
44 27
44 37
45 14
45 33

# solution 560
# n=46 sym=rot4 status=verified source=flammenkamp_cache/n46_rot4.mvr
# code=mvr:0 24 0 28 1 17 1 29 2 23 2 41 3 15 3 25 
0 24
0 28
1 17
1 29
2 23
2 41
3 15
3 25
4 2
4 37
5 6
5 11
6 14
6 40
7 15
7 19
8 4
8 32
9 31
9 35
10 9
10 12
11 24
11 40
12 23
12 35
13 8
13 26
14 9
14 39
15 38
15 42
16 1
16 25
17 0
17 44
18 18
18 27
19 13
19 38
20 3
20 16
21 0
21 11
22 2
22 12
23 33
23 43
24 34
24 45
25 29
25 42
26 7
26 32
27 18
27 27
28 1
28 45
29 20
29 44
30 3
30 7
31 6
31 36
32 19
32 37
33 10
33 22
34 5
34 21
35 33
35 36
36 10
36 14
37 13
37 41
38 26
38 30
39 5
39 31
40 34
40 39
41 8
41 43
42 20
42 30
43 4
43 22
44 16
44 28
45 17
45 21

# solution 561
# n=46 sym=rot4 status=verified source=flammenkamp_cache/n46_rot4.mvr
# code=mvr:0 10 0 16 1 16 1 24 2 31 2 37 3 6 3 36 4
0 10
0 16
1 16
1 24
2 31
2 37
3 6
3 36
4 19
4 25
5 26
5 38
6 9
6 42
7 5
7 15
8 2
8 17
9 3
9 39
10 28
10 45
11 20
11 33
12 11
12 22
13 15
13 21
14 2
14 27
15 32
15 38
16 44
16 45
17 10
17 37
18 14
18 23
19 5
19 41
20 4
20 34
21 1
21 32
22 18
22 33
23 12
23 27
24 13
24 44
25 11
25 41
26 4
26 40
27 22
27 31
28 8
28 35
29 0
29 1
30 7
30 13
31 18
31 43
32 24
32 30
33 23
33 34
34 12
34 25
35 0
35 17
36 6
36 42
37 28
37 43
38 30
38 40
39 3
39 36
40 7
40 19
41 20
41 26
42 9
42 39
43 8
43 14
44 21
44 29
45 29
45 35

# solution 562
# n=46 sym=rot4 status=verified source=flammenkamp_cache/n46_rot4.mvr
# code=mvr:0 22 0 25 1 18 1 42 2 30 2 39 3 1 3 27 4
0 22
0 25
1 18
1 42
2 30
2 39
3 1
3 27
4 13
4 21
5 8
5 32
6 2
6 25
7 19
7 29
8 14
8 40
9 34
9 35
10 9
10 34
11 9
11 10
12 17
12 30
13 5
13 41
14 19
14 37
15 2
15 12
16 7
16 23
17 24
17 33
18 3
18 44
19 31
19 38
20 0
20 6
21 17
21 41
22 16
22 45
23 0
23 29
24 4
24 28
25 39
25 45
26 7
26 14
27 1
27 42
28 12
28 21
29 22
29 38
30 33
30 43
31 8
31 26
32 4
32 40
33 15
33 28
34 35
34 36
35 11
35 36
36 10
36 11
37 5
37 31
38 16
38 26
39 20
39 43
40 13
40 37
41 24
41 32
42 18
42 44
43 6
43 15
44 3
44 27
45 20
45 23

# solution 563
# n=46 sym=rot4 status=verified source=flammenkamp_cache/n46_rot4.mvr
# code=mvr:0 23 0 29 1 18 1 33 2 12 2 26 3 11 3 23 
0 23
0 29
1 18
1 33
2 12
2 26
3 11
3 23
4 14
4 37
5 11
5 26
6 7
6 27
7 20
7 39
8 4
8 9
9 21
9 37
10 13
10 15
11 40
11 42
12 1
12 43
13 17
13 35
14 25
14 41
15 17
15 35
16 0
16 24
17 30
17 32
18 6
18 44
19 2
19 5
20 14
20 38
21 16
21 36
22 0
22 3
23 42
23 45
24 9
24 29
25 7
25 31
26 40
26 43
27 1
27 39
28 13
28 15
29 21
29 45
30 10
30 28
31 4
31 20
32 10
32 28
33 2
33 44
34 3
34 5
35 30
35 32
36 8
36 24
37 36
37 41
38 6
38 25
39 18
39 38
40 19
40 34
41 8
41 31
42 22
42 34
43 19
43 33
44 12
44 27
45 16
45 22

# solution 564
# n=46 sym=rot4 status=verified source=flammenkamp_cache/n46_rot4.mvr
# code=mvr:0 6 0 10 1 21 1 27 2 15 2 30 3 28 3 35 4
0 6
0 10
1 21
1 27
2 15
2 30
3 28
3 35
4 7
4 23
5 6
5 7
6 40
6 45
7 40
7 41
8 26
8 29
9 14
9 24
10 3
10 45
11 23
11 27
12 14
12 32
13 12
13 28
14 33
14 36
15 2
15 43
16 8
16 19
17 3
17 13
18 1
18 11
19 8
19 29
20 20
20 25
21 9
21 44
22 4
22 11
23 34
23 41
24 1
24 36
25 20
25 25
26 16
26 37
27 34
27 44
28 32
28 42
29 26
29 37
30 2
30 43
31 9
31 12
32 17
32 33
33 13
33 31
34 18
34 22
35 0
35 42
36 21
36 31
37 16
37 19
38 4
38 5
39 0
39 5
40 38
40 39
41 22
41 38
42 10
42 17
43 15
43 30
44 18
44 24
45 35
45 39

# solution 565
# n=46 sym=rot4 status=verified source=flammenkamp_cache/n46_rot4.mvr
# code=mvr:0 17 0 42 1 19 1 24 2 10 2 29 3 0 3 27 4
0 17
0 42
1 19
1 24
2 10
2 29
3 0
3 27
4 11
4 20
5 24
5 26
6 13
6 14
7 36
7 37
8 7
8 11
9 7
9 13
10 30
10 43
11 37
11 41
12 27
12 29
13 36
13 39
14 20
14 39
15 10
15 28
16 2
16 12
17 15
17 45
18 3
18 12
19 5
19 44
20 31
20 41
21 1
21 5
22 22
22 23
23 22
23 23
24 40
24 44
25 4
25 14
26 1
26 40
27 33
27 42
28 0
28 30
29 33
29 43
30 17
30 35
31 6
31 25
32 6
32 9
33 16
33 18
34 4
34 8
35 2
35 15
36 32
36 38
37 34
37 38
38 8
38 9
39 31
39 32
40 19
40 21
41 25
41 34
42 18
42 45
43 16
43 35
44 21
44 26
45 3
45 28

# solution 566
# n=46 sym=rot4 status=verified source=flammenkamp_cache/n46_rot4.mvr
# code=mvr:0 7 0 17 1 26 1 32 2 16 2 18 3 23 3 33 4
0 7
0 17
1 26
1 32
2 16
2 18
3 23
3 33
4 14
4 18
5 35
5 36
6 24
6 26
7 33
7 45
8 14
8 16
9 5
9 20
10 5
10 11
11 23
11 35
12 3
12 7
13 1
13 15
14 37
14 41
15 28
15 32
16 37
16 43
17 15
17 45
18 41
18 43
19 1
19 6
20 21
20 36
21 6
21 25
22 3
22 11
23 34
23 42
24 20
24 39
25 9
25 24
26 39
26 44
27 2
27 4
28 0
28 30
29 2
29 8
30 13
30 17
31 4
31 8
32 30
32 44
33 38
33 42
34 10
34 22
35 34
35 40
36 25
36 40
37 29
37 31
38 0
38 12
39 19
39 21
40 9
40 10
41 27
41 31
42 12
42 22
43 27
43 29
44 13
44 19
45 28
45 38

# solution 567
# n=46 sym=rot4 status=verified source=flammenkamp_cache/n46_rot4.mvr
# code=mvr:0 13 0 29 1 26 1 34 2 8 2 21 3 23 3 30 4
0 13
0 29
1 26
1 34
2 8
2 21
3 23
3 30
4 19
4 33
5 10
5 17
6 8
6 13
7 30
7 33
8 39
8 43
9 23
9 27
10 34
10 40
11 1
11 10
12 4
12 7
13 39
13 45
14 20
14 28
15 3
15 7
16 0
16 18
17 14
17 40
18 9
18 29
19 1
19 41
20 21
20 31
21 25
21 43
22 3
22 9
23 36
23 42
24 2
24 20
25 14
25 24
26 4
26 44
27 16
27 36
28 5
28 31
29 27
29 45
30 38
30 42
31 17
31 25
32 0
32 6
33 38
33 41
34 35
34 44
35 5
35 11
36 18
36 22
37 2
37 6
38 12
38 15
39 32
39 37
40 28
40 35
41 12
41 26
42 15
42 22
43 24
43 37
44 11
44 19
45 16
45 32

# solution 568
# n=46 sym=rot4 status=verified source=flammenkamp_cache/n46_rot4.mvr
# code=mvr:0 19 0 37 1 14 1 33 2 19 2 33 3 34 3 37 
0 19
0 37
1 14
1 33
2 19
2 33
3 34
3 37
4 16
4 18
5 7
5 14
6 15
6 20
7 25
7 40
8 0
8 3
9 16
9 32
10 10
10 35
11 3
11 23
12 1
12 2
13 9
13 15
14 40
14 44
15 32
15 39
16 36
16 41
17 23
17 24
18 21
18 41
19 43
19 45
20 7
20 39
21 17
21 27
22 11
22 17
23 28
23 34
24 18
24 28
25 6
25 38
26 0
26 2
27 4
27 24
28 21
28 22
29 4
29 9
30 6
30 13
31 1
31 5
32 30
32 36
33 43
33 44
34 22
34 42
35 10
35 35
36 13
36 29
37 42
37 45
38 5
38 20
39 25
39 30
40 31
40 38
41 27
41 29
42 8
42 11
43 12
43 26
44 12
44 31
45 8
45 26

# solution 569
# n=46 sym=rot4 status=verified source=flammenkamp_cache/n46_rot4.mvr
# code=mvr:0 2 0 8 1 22 1 34 2 23 2 45 3 25 3 28 4 
0 2
0 8
1 22
1 34
2 23
2 45
3 25
3 28
4 12
4 30
5 8
5 30
6 21
6 36
7 19
7 21
8 40
8 45
9 6
9 25
10 11
10 16
11 1
11 35
12 28
12 41
13 19
13 31
14 13
14 16
15 4
15 5
16 31
16 35
17 3
17 12
18 18
18 27
19 32
19 38
20 3
20 9
21 38
21 39
22 2
22 44
23 1
23 43
24 6
24 7
25 36
25 42
26 7
26 13
27 18
27 27
28 33
28 42
29 10
29 14
30 40
30 41
31 29
31 32
32 14
32 26
33 4
33 17
34 10
34 44
35 29
35 34
36 20
36 39
37 0
37 5
38 24
38 26
39 9
39 24
40 15
40 37
41 15
41 33
42 17
42 20
43 0
43 22
44 11
44 23
45 37
45 43

# solution 570
# n=46 sym=rot4 status=verified source=flammenkamp_cache/n46_rot4.mvr
# code=mvr:0 23 0 35 1 13 1 15 2 21 2 29 3 18 3 24 
0 23
0 35
1 13
1 15
2 21
2 29
3 18
3 24
4 8
4 11
5 9
5 37
6 6
6 39
7 27
7 33
8 5
8 41
9 20
9 40
10 0
10 28
11 26
11 41
12 7
12 14
13 30
13 44
14 23
14 33
15 13
15 44
16 2
16 28
17 10
17 16
18 7
18 42
19 11
19 25
20 19
20 36
21 3
21 43
22 0
22 14
23 31
23 45
24 2
24 42
25 9
25 26
26 20
26 34
27 3
27 38
28 29
28 35
29 17
29 43
30 1
30 32
31 12
31 22
32 1
32 15
33 31
33 38
34 4
34 19
35 17
35 45
36 5
36 25
37 4
37 40
38 12
38 18
39 6
39 39
40 8
40 36
41 34
41 37
42 21
42 27
43 16
43 24
44 30
44 32
45 10
45 22

# solution 571
# n=46 sym=rot4 status=verified source=flammenkamp_cache/n46_rot4.mvr
# code=mvr:0 17 0 20 1 12 1 30 2 17 2 25 3 30 3 39 
0 17
0 20
1 12
1 30
2 17
2 25
3 30
3 39
4 9
4 32
5 27
5 38
6 3
6 27
7 5
7 12
8 14
8 16
9 34
9 41
10 16
10 21
11 9
11 26
12 38
12 44
13 4
13 23
14 24
14 37
15 1
15 3
16 35
16 37
17 43
17 45
18 5
18 6
19 11
19 23
20 2
20 45
21 14
21 35
22 13
22 19
23 26
23 32
24 10
24 31
25 0
25 43
26 22
26 34
27 39
27 40
28 0
28 2
29 8
29 10
30 42
30 44
31 8
31 21
32 22
32 41
33 1
33 7
34 19
34 36
35 24
35 29
36 4
36 11
37 29
37 31
38 33
38 40
39 18
39 42
40 7
40 18
41 13
41 36
42 6
42 15
43 20
43 28
44 15
44 33
45 25
45 28

# solution 572
# n=46 sym=rot4 status=verified source=flammenkamp_cache/n46_rot4.mvr
# code=mvr:0 17 0 33 1 28 1 32 2 10 2 22 3 20 3 21 
0 17
0 33
1 28
1 32
2 10
2 22
3 20
3 21
4 9
4 15
5 31
5 36
6 16
6 24
7 8
7 30
8 18
8 38
9 5
9 41
10 34
10 43
11 10
11 25
12 0
12 14
13 1
13 19
14 5
14 33
15 7
15 41
16 18
16 39
17 1
17 45
18 29
18 37
19 23
19 32
20 11
20 42
21 6
21 42
22 19
22 43
23 2
23 26
24 3
24 39
25 3
25 34
26 13
26 22
27 8
27 16
28 0
28 44
29 6
29 27
30 4
30 38
31 12
31 40
32 26
32 44
33 31
33 45
34 20
34 35
35 2
35 11
36 4
36 40
37 7
37 27
38 15
38 37
39 21
39 29
40 9
40 14
41 30
41 36
42 24
42 25
43 23
43 35
44 13
44 17
45 12
45 28

# solution 573
# n=46 sym=rot4 status=verified source=flammenkamp_cache/n46_rot4.mvr
# code=mvr:0 25 0 37 1 17 1 18 2 25 2 30 3 7 3 10 4
0 25
0 37
1 17
1 18
2 25
2 30
3 7
3 10
4 28
4 34
5 10
5 14
6 12
6 21
7 36
7 42
8 0
8 29
9 7
9 26
10 40
10 42
11 4
11 14
12 27
12 39
13 23
13 29
14 34
14 40
15 2
15 19
16 8
16 13
17 4
17 44
18 12
18 44
19 9
19 30
20 0
20 2
21 23
21 39
22 13
22 21
23 24
23 32
24 6
24 22
25 43
25 45
26 15
26 36
27 1
27 33
28 1
28 41
29 32
29 37
30 26
30 43
31 5
31 11
32 16
32 22
33 6
33 18
34 31
34 41
35 3
35 5
36 19
36 38
37 16
37 45
38 3
38 9
39 24
39 33
40 31
40 35
41 11
41 17
42 35
42 38
43 15
43 20
44 27
44 28
45 8
45 20

# solution 574
# n=46 sym=rot4 status=verified source=flammenkamp_cache/n46_rot4.mvr
# code=mvr:0 10 0 19 1 24 1 33 2 14 2 31 3 20 3 40 
0 10
0 19
1 24
1 33
2 14
2 31
3 20
3 40
4 6
4 19
5 3
5 37
6 36
6 41
7 15
7 28
8 5
8 22
9 6
9 30
10 17
10 45
11 20
11 29
12 1
12 32
13 12
13 21
14 2
14 43
15 9
15 38
16 11
16 23
17 7
17 35
18 18
18 27
19 41
19 45
20 34
20 42
21 1
21 32
22 16
22 37
23 8
23 29
24 13
24 44
25 3
25 11
26 0
26 4
27 18
27 27
28 10
28 38
29 22
29 34
30 7
30 36
31 2
31 43
32 24
32 33
33 13
33 44
34 16
34 25
35 0
35 28
36 15
36 39
37 23
37 40
38 17
38 30
39 4
39 9
40 8
40 42
41 26
41 39
42 5
42 25
43 14
43 31
44 12
44 21
45 26
45 35

# solution 575
# n=46 sym=rot4 status=verified source=flammenkamp_cache/n46_rot4.mvr
# code=mvr:0 16 0 24 1 12 1 34 2 13 2 20 3 12 3 30 
0 16
0 24
1 12
1 34
2 13
2 20
3 12
3 30
4 18
4 38
5 23
5 30
6 31
6 38
7 4
7 6
8 25
8 35
9 14
9 16
10 8
10 34
11 1
11 10
12 42
12 44
13 27
13 43
14 6
14 36
15 3
15 5
16 36
16 45
17 21
17 26
18 13
18 41
19 17
19 23
20 8
20 43
21 0
21 28
22 5
22 19
23 26
23 40
24 17
24 45
25 2
25 37
26 22
26 28
27 4
27 32
28 19
28 24
29 0
29 9
30 40
30 42
31 9
31 39
32 2
32 18
33 1
33 3
34 35
34 44
35 11
35 37
36 29
36 31
37 10
37 20
38 39
38 41
39 7
39 14
40 15
40 22
41 7
41 27
42 15
42 33
43 25
43 32
44 11
44 33
45 21
45 29

# solution 576
# n=46 sym=rot4 status=verified source=flammenkamp_cache/n46_rot4.mvr
# code=mvr:0 26 0 41 1 18 1 31 2 14 2 30 3 12 3 17 
0 26
0 41
1 18
1 31
2 14
2 30
3 12
3 17
4 0
4 40
5 4
5 25
6 16
6 30
7 11
7 23
8 25
8 35
9 12
9 16
10 8
10 32
11 27
11 38
12 36
12 42
13 10
13 21
14 1
14 43
15 2
15 6
16 36
16 39
17 23
17 42
18 11
18 44
19 0
19 21
20 5
20 8
21 26
21 32
22 7
22 17
23 28
23 38
24 13
24 19
25 37
25 40
26 24
26 45
27 1
27 34
28 3
28 22
29 6
29 9
30 39
30 43
31 2
31 44
32 24
32 35
33 3
33 9
34 7
34 18
35 13
35 37
36 29
36 33
37 10
37 20
38 22
38 34
39 15
39 29
40 20
40 41
41 5
41 45
42 28
42 33
43 15
43 31
44 14
44 27
45 4
45 19

# solution 577
# n=46 sym=rot4 status=verified source=flammenkamp_cache/n46_rot4.mvr
# code=mvr:0 11 0 31 1 7 1 21 2 29 2 37 3 16 3 21 4
0 11
0 31
1 7
1 21
2 29
2 37
3 16
3 21
4 7
4 39
5 23
5 28
6 4
6 13
7 41
7 44
8 2
8 18
9 9
9 36
10 20
10 26
11 33
11 45
12 11
12 32
13 12
13 39
14 0
14 18
15 23
15 26
16 2
16 42
17 5
17 25
18 31
18 37
19 10
19 15
20 17
20 35
21 42
21 44
22 5
22 15
23 30
23 40
24 1
24 3
25 10
25 28
26 30
26 35
27 8
27 14
28 20
28 40
29 3
29 43
30 19
30 22
31 27
31 45
32 6
32 33
33 13
33 34
34 0
34 12
35 19
35 25
36 9
36 36
37 27
37 43
38 1
38 4
39 32
39 41
40 17
40 22
41 6
41 38
42 24
42 29
43 8
43 16
44 24
44 38
45 14
45 34

# solution 578
# n=46 sym=rot4 status=verified source=flammenkamp_cache/n46_rot4.mvr
# code=mvr:0 19 0 21 1 12 1 20 2 13 2 14 3 24 3 36 
0 19
0 21
1 12
1 20
2 13
2 14
3 24
3 36
4 19
4 29
5 27
5 39
6 5
6 37
7 11
7 36
8 6
8 23
9 3
9 7
10 15
10 28
11 31
11 38
12 16
12 44
13 18
13 43
14 11
14 43
15 23
15 35
16 4
16 33
17 10
17 25
18 5
18 32
19 41
19 45
20 17
20 44
21 3
21 45
22 8
22 15
23 30
23 37
24 0
24 42
25 1
25 28
26 0
26 4
27 13
27 40
28 20
28 35
29 12
29 41
30 10
30 22
31 2
31 34
32 2
32 27
33 1
33 29
34 7
34 14
35 17
35 30
36 38
36 42
37 22
37 39
38 9
38 34
39 8
39 40
40 6
40 18
41 16
41 26
42 9
42 21
43 31
43 32
44 25
44 33
45 24
45 26

# solution 579
# n=46 sym=rot4 status=verified source=flammenkamp_cache/n46_rot4.mvr
# code=mvr:0 12 0 25 1 16 1 23 2 10 2 31 3 25 3 35 
0 12
0 25
1 16
1 23
2 10
2 31
3 25
3 35
4 27
4 38
5 24
5 39
6 5
6 12
7 4
7 9
8 26
8 32
9 19
9 38
10 3
10 43
11 16
11 30
12 39
12 45
13 8
13 23
14 2
14 15
15 11
15 31
16 34
16 44
17 17
17 28
18 4
18 24
19 8
19 36
20 0
20 3
21 5
21 18
22 1
22 13
23 32
23 44
24 27
24 40
25 42
25 45
26 9
26 37
27 21
27 41
28 17
28 28
29 1
29 11
30 14
30 34
31 30
31 43
32 22
32 37
33 0
33 6
34 15
34 29
35 2
35 42
36 7
36 26
37 13
37 19
38 36
38 41
39 33
39 40
40 6
40 21
41 7
41 18
42 10
42 20
43 14
43 35
44 22
44 29
45 20
45 33

# solution 580
# n=46 sym=rot4 status=verified source=flammenkamp_cache/n46_rot4.mvr
# code=mvr:0 18 0 24 1 15 1 33 2 5 2 9 3 25 3 39 4 
0 18
0 24
1 15
1 33
2 5
2 9
3 25
3 39
4 16
4 31
5 11
5 43
6 3
6 16
7 22
7 26
8 9
8 32
9 37
9 43
10 24
10 30
11 12
11 40
12 1
12 34
13 8
13 17
14 4
14 23
15 10
15 44
16 39
16 41
17 26
17 32
18 20
18 45
19 7
19 17
20 3
20 27
21 0
21 10
22 14
22 38
23 7
23 31
24 35
24 45
25 18
25 42
26 28
26 38
27 0
27 25
28 13
28 19
29 4
29 6
30 1
30 35
31 22
31 41
32 28
32 37
33 11
33 44
34 5
34 33
35 15
35 21
36 2
36 8
37 13
37 36
38 19
38 23
39 29
39 42
40 2
40 34
41 14
41 29
42 6
42 20
43 36
43 40
44 12
44 30
45 21
45 27

# solution 581
# n=46 sym=rot4 status=verified source=flammenkamp_cache/n46_rot4.mvr
# code=mvr:0 25 0 29 1 18 1 35 2 21 2 23 3 8 3 25 4
0 25
0 29
1 18
1 35
2 21
2 23
3 8
3 25
4 14
4 35
5 11
5 17
6 30
6 36
7 30
7 37
8 7
8 42
9 6
9 33
10 1
10 4
11 26
11 40
12 9
12 23
13 14
13 28
14 32
14 41
15 6
15 7
16 0
16 18
17 13
17 40
18 29
18 44
19 11
19 24
20 0
20 3
21 19
21 43
22 2
22 12
23 33
23 43
24 2
24 26
25 42
25 45
26 21
26 34
27 1
27 16
28 5
28 32
29 27
29 45
30 38
30 39
31 4
31 13
32 17
32 31
33 22
33 36
34 5
34 19
35 41
35 44
36 12
36 39
37 3
37 38
38 8
38 15
39 9
39 15
40 28
40 34
41 10
41 31
42 20
42 37
43 22
43 24
44 10
44 27
45 16
45 20

# solution 582
# n=46 sym=rot4 status=verified source=flammenkamp_cache/n46_rot4.mvr
# code=mvr:0 35 0 39 1 9 1 31 2 17 2 20 3 21 3 26 4
0 35
0 39
1 9
1 31
2 17
2 20
3 21
3 26
4 34
4 36
5 12
5 16
6 0
6 18
7 32
7 35
8 23
8 28
9 4
9 44
10 0
10 7
11 4
11 21
12 16
12 40
13 7
13 15
14 1
14 15
15 31
15 32
16 33
16 40
17 8
17 43
18 19
18 39
19 3
19 27
20 23
20 43
21 34
21 42
22 8
22 20
23 25
23 37
24 3
24 11
25 2
25 22
26 18
26 42
27 6
27 26
28 2
28 37
29 5
29 12
30 13
30 14
31 30
31 44
32 30
32 38
33 5
33 29
34 24
34 41
35 38
35 45
36 1
36 41
37 17
37 22
38 10
38 13
39 27
39 45
40 29
40 33
41 9
41 11
42 19
42 24
43 25
43 28
44 14
44 36
45 6
45 10

# solution 583
# n=46 sym=rot4 status=verified source=flammenkamp_cache/n46_rot4.mvr
# code=mvr:0 11 0 14 1 7 1 23 2 7 2 17 3 18 3 23 4 
0 11
0 14
1 7
1 23
2 7
2 17
3 18
3 23
4 21
4 36
5 30
5 32
6 30
6 33
7 43
7 44
8 16
8 19
9 4
9 34
10 13
10 26
11 9
11 45
12 6
12 16
13 5
13 35
14 28
14 45
15 5
15 6
16 33
16 37
17 14
17 43
18 20
18 42
19 10
19 37
20 24
20 27
21 20
21 41
22 1
22 3
23 42
23 44
24 4
24 25
25 18
25 21
26 8
26 35
27 3
27 25
28 2
28 31
29 8
29 12
30 39
30 40
31 0
31 17
32 10
32 40
33 29
33 39
34 0
34 36
35 19
35 32
36 11
36 41
37 26
37 29
38 1
38 2
39 12
39 15
40 13
40 15
41 9
41 24
42 22
42 27
43 28
43 38
44 22
44 38
45 31
45 34

# solution 584
# n=46 sym=rot4 status=verified source=flammenkamp_cache/n46_rot4.mvr
# code=mvr:0 4 0 13 1 23 1 27 2 20 2 35 3 10 3 38 4
0 4
0 13
1 23
1 27
2 20
2 35
3 10
3 38
4 38
4 45
5 24
5 28
6 12
6 20
7 3
7 4
8 17
8 26
9 11
9 15
10 2
10 42
11 21
11 36
12 32
12 39
13 12
13 45
14 15
14 23
15 31
15 36
16 19
16 27
17 5
17 37
18 1
18 16
19 8
19 29
20 39
20 43
21 5
21 34
22 1
22 14
23 31
23 44
24 11
24 40
25 2
25 6
26 16
26 37
27 29
27 44
28 8
28 40
29 18
29 26
30 9
30 14
31 22
31 30
32 0
32 33
33 6
33 13
34 9
34 24
35 3
35 43
36 30
36 34
37 19
37 28
38 41
38 42
39 25
39 33
40 17
40 21
41 0
41 7
42 7
42 35
43 10
43 25
44 18
44 22
45 32
45 41

# solution 585
# n=46 sym=rot4 status=verified source=flammenkamp_cache/n46_rot4.mvr
# code=mvr:0 23 0 34 1 17 1 21 2 26 2 28 3 13 3 23 
0 23
0 34
1 17
1 21
2 26
2 28
3 13
3 23
4 14
4 38
5 33
5 35
6 6
6 39
7 4
7 16
8 20
8 29
9 21
9 25
10 5
10 31
11 0
11 30
12 5
12 15
13 18
13 42
14 10
14 41
15 11
15 33
16 8
16 38
17 2
17 44
18 26
18 32
19 2
19 18
20 9
20 37
21 36
21 44
22 0
22 3
23 42
23 45
24 1
24 9
25 8
25 36
26 27
26 43
27 13
27 19
28 1
28 43
29 7
29 37
30 12
30 34
31 4
31 35
32 3
32 27
33 30
33 40
34 15
34 45
35 14
35 40
36 20
36 24
37 16
37 25
38 29
38 41
39 6
39 39
40 10
40 12
41 7
41 31
42 22
42 32
43 17
43 19
44 24
44 28
45 11
45 22

# solution 586
# n=46 sym=rot4 status=verified source=flammenkamp_cache/n46_rot4.mvr
# code=mvr:0 16 0 34 1 28 1 41 2 23 2 25 3 30 3 34 
0 16
0 34
1 28
1 41
2 23
2 25
3 30
3 34
4 1
4 8
5 15
5 38
6 19
6 27
7 5
7 32
8 13
8 41
9 12
9 23
10 16
10 28
11 0
11 3
12 31
12 36
13 7
13 37
14 12
14 24
15 3
15 40
16 35
16 45
17 1
17 10
18 6
18 26
19 18
19 39
20 2
20 24
21 14
21 20
22 2
22 9
23 36
23 43
24 25
24 31
25 21
25 43
26 6
26 27
27 19
27 39
28 35
28 44
29 0
29 10
30 5
30 42
31 21
31 33
32 8
32 38
33 9
33 14
34 42
34 45
35 17
35 29
36 22
36 33
37 4
37 32
38 13
38 40
39 18
39 26
40 7
40 30
41 37
41 44
42 11
42 15
43 20
43 22
44 4
44 17
45 11
45 29

# solution 587
# n=46 sym=rot4 status=verified source=flammenkamp_cache/n46_rot4.mvr
# code=mvr:0 26 0 37 1 23 1 39 2 11 2 24 3 12 3 15 
0 26
0 37
1 23
1 39
2 11
2 24
3 12
3 15
4 17
4 33
5 6
5 29
6 1
6 40
7 13
7 17
8 0
8 10
9 16
9 34
10 20
10 37
11 9
11 43
12 4
12 42
13 25
13 38
14 14
14 31
15 26
15 42
16 5
16 36
17 38
17 41
18 21
18 23
19 0
19 15
20 13
20 35
21 2
21 27
22 1
22 18
23 27
23 44
24 18
24 43
25 10
25 32
26 30
26 45
27 22
27 24
28 4
28 7
29 9
29 40
30 3
30 19
31 14
31 31
32 7
32 20
33 3
33 41
34 2
34 36
35 8
35 25
36 11
36 29
37 35
37 45
38 28
38 32
39 5
39 44
40 16
40 39
41 12
41 28
42 30
42 33
43 21
43 34
44 6
44 22
45 8
45 19

# solution 588
# n=46 sym=rot4 status=verified source=flammenkamp_cache/n46_rot4.mvr
# code=mvr:0 14 0 28 1 22 1 33 2 11 2 26 3 18 3 37 
0 14
0 28
1 22
1 33
2 11
2 26
3 18
3 37
4 11
4 23
5 27
5 35
6 10
6 24
7 9
7 15
8 3
8 14
9 20
9 38
10 5
10 39
11 41
11 43
12 1
12 32
13 12
13 16
14 37
14 45
15 17
15 38
16 26
16 32
17 0
17 30
18 5
18 42
19 2
19 16
20 21
20 36
21 6
21 25
22 4
22 44
23 1
23 41
24 20
24 39
25 9
25 24
26 29
26 43
27 3
27 40
28 15
28 45
29 13
29 19
30 7
30 28
31 0
31 8
32 29
32 33
33 13
33 44
34 2
34 4
35 6
35 40
36 7
36 25
37 31
37 42
38 30
38 36
39 21
39 35
40 10
40 18
41 22
41 34
42 8
42 27
43 19
43 34
44 12
44 23
45 17
45 31

# solution 589
# n=46 sym=rot4 status=verified source=flammenkamp_cache/n46_rot4.mvr
# code=mvr:0 15 0 32 1 16 1 22 2 23 2 31 3 17 3 19 
0 15
0 32
1 16
1 22
2 23
2 31
3 17
3 19
4 6
4 10
5 15
5 32
6 8
6 41
7 10
7 14
8 27
8 39
9 9
9 36
10 38
10 41
11 20
11 28
12 21
12 29
13 0
13 5
14 2
14 38
15 40
15 45
16 12
16 44
17 11
17 42
18 8
18 26
19 18
19 42
20 24
20 34
21 20
21 33
22 2
22 44
23 1
23 43
24 12
24 25
25 11
25 21
26 3
26 27
27 19
27 37
28 3
28 34
29 1
29 33
30 0
30 5
31 7
31 43
32 40
32 45
33 16
33 24
34 17
34 25
35 4
35 7
36 9
36 36
37 6
37 18
38 31
38 35
39 4
39 37
40 13
40 30
41 35
41 39
42 26
42 28
43 14
43 22
44 23
44 29
45 13
45 30

# solution 590
# n=46 sym=rot4 status=verified source=flammenkamp_cache/n46_rot4.mvr
# code=mvr:0 19 0 31 1 12 1 29 2 7 2 13 3 7 3 15 4 
0 19
0 31
1 12
1 29
2 7
2 13
3 7
3 15
4 24
4 28
5 22
5 36
6 9
6 33
7 42
7 43
8 21
8 23
9 5
9 39
10 10
10 35
11 16
11 32
12 6
12 44
13 11
13 43
14 0
14 15
15 31
15 42
16 1
16 34
17 4
17 20
18 19
18 25
19 27
19 45
20 18
20 28
21 4
21 37
22 8
22 40
23 5
23 37
24 8
24 41
25 17
25 27
26 0
26 18
27 20
27 26
28 25
28 41
29 11
29 44
30 3
30 14
31 30
31 45
32 2
32 34
33 1
33 39
34 13
34 29
35 10
35 35
36 6
36 40
37 22
37 24
38 2
38 3
39 12
39 36
40 9
40 23
41 17
41 21
42 30
42 38
43 32
43 38
44 16
44 33
45 14
45 26

# solution 591
# n=46 sym=rot4 status=verified source=flammenkamp_cache/n46_rot4.mvr
# code=mvr:0 17 0 25 1 10 1 29 2 18 2 19 3 22 3 30 
0 17
0 25
1 10
1 29
2 18
2 19
3 22
3 30
4 9
4 30
5 14
5 37
6 9
6 37
7 14
7 25
8 5
8 6
9 39
9 41
10 24
10 44
11 24
11 32
12 12
12 33
13 11
13 17
14 38
14 40
15 3
15 4
16 1
16 23
17 32
17 45
18 19
18 43
19 27
19 43
20 0
20 7
21 10
21 11
22 16
22 42
23 3
23 29
24 34
24 35
25 38
25 45
26 2
26 18
27 2
27 26
28 0
28 13
29 22
29 44
30 41
30 42
31 5
31 7
32 28
32 34
33 12
33 33
34 13
34 21
35 1
35 21
36 4
36 6
37 39
37 40
38 20
38 31
39 8
39 36
40 8
40 31
41 15
41 36
42 15
42 23
43 26
43 27
44 16
44 35
45 20
45 28

# solution 592
# n=46 sym=rot4 status=verified source=flammenkamp_cache/n46_rot4.mvr
# code=mvr:0 4 0 31 1 9 1 14 2 19 2 28 3 16 3 36 4 
0 4
0 31
1 9
1 14
2 19
2 28
3 16
3 36
4 22
4 45
5 30
5 35
6 8
6 23
7 18
7 26
8 30
8 39
9 3
9 44
10 5
10 11
11 29
11 35
12 18
12 32
13 12
13 25
14 0
14 44
15 5
15 8
16 11
16 42
17 2
17 25
18 33
18 38
19 7
19 43
20 13
20 17
21 21
21 24
22 6
22 41
23 4
23 39
24 21
24 24
25 28
25 32
26 2
26 38
27 7
27 12
28 20
28 43
29 3
29 34
30 37
30 40
31 1
31 45
32 20
32 33
33 13
33 27
34 10
34 16
35 34
35 40
36 1
36 42
37 6
37 15
38 19
38 27
39 22
39 37
40 10
40 15
41 0
41 23
42 9
42 29
43 17
43 26
44 31
44 36
45 14
45 41

# solution 593
# n=46 sym=rot4 status=verified source=flammenkamp_cache/n46_rot4.mvr
# code=mvr:0 15 0 33 1 20 1 32 2 9 2 26 3 7 3 25 4 
0 15
0 33
1 20
1 32
2 9
2 26
3 7
3 25
4 11
4 30
5 21
5 36
6 7
6 29
7 39
7 42
8 29
8 34
9 5
9 43
10 12
10 21
11 8
11 41
12 0
12 35
13 1
13 19
14 22
14 28
15 4
15 45
16 6
16 8
17 14
17 23
18 18
18 27
19 2
19 32
20 3
20 44
21 35
21 40
22 17
22 31
23 14
23 28
24 5
24 10
25 1
25 42
26 13
26 43
27 18
27 27
28 22
28 31
29 37
29 39
30 0
30 41
31 17
31 23
32 26
32 44
33 10
33 45
34 4
34 37
35 24
35 33
36 2
36 40
37 11
37 16
38 3
38 6
39 16
39 38
40 9
40 24
41 15
41 34
42 20
42 38
43 19
43 36
44 13
44 25
45 12
45 30

# solution 594
# n=46 sym=rot4 status=verified source=flammenkamp_cache/n46_rot4.mvr
# code=mvr:0 25 0 31 1 6 1 42 2 16 2 35 3 1 3 22 4 
0 25
0 31
1 6
1 42
2 16
2 35
3 1
3 22
4 14
4 17
5 11
5 23
6 21
6 44
7 12
7 17
8 16
8 24
9 32
9 35
10 2
10 9
11 30
11 40
12 27
12 38
13 9
13 20
14 0
14 41
15 11
15 27
16 37
16 43
17 38
17 41
18 12
18 15
19 19
19 26
20 0
20 32
21 8
21 39
22 5
22 42
23 3
23 40
24 6
24 37
25 13
25 45
26 19
26 26
27 30
27 33
28 4
28 7
29 2
29 8
30 18
30 34
31 4
31 45
32 25
32 36
33 7
33 18
34 5
34 15
35 36
35 43
36 10
36 13
37 21
37 29
38 28
38 33
39 1
39 24
40 22
40 34
41 28
41 31
42 23
42 44
43 10
43 29
44 3
44 39
45 14
45 20

# solution 595
# n=46 sym=rot4 status=verified source=flammenkamp_cache/n46_rot4.mvr
# code=mvr:0 8 0 12 1 19 1 35 2 21 2 29 3 18 3 31 4
0 8
0 12
1 19
1 35
2 21
2 29
3 18
3 31
4 36
4 38
5 8
5 38
6 12
6 19
7 4
7 5
8 40
8 45
9 4
9 10
10 1
10 36
11 22
11 30
12 39
12 45
13 15
13 28
14 3
14 21
15 11
15 32
16 2
16 23
17 13
17 18
18 28
18 42
19 39
19 44
20 20
20 25
21 31
21 43
22 16
22 34
23 11
23 29
24 2
24 14
25 20
25 25
26 1
26 6
27 3
27 17
28 27
28 32
29 22
29 43
30 13
30 34
31 24
31 42
32 17
32 30
33 0
33 6
34 15
34 23
35 9
35 44
36 35
36 41
37 0
37 5
38 40
38 41
39 26
39 33
40 7
40 37
41 7
41 9
42 14
42 27
43 16
43 24
44 10
44 26
45 33
45 37

# solution 596
# n=46 sym=rot4 status=verified source=flammenkamp_cache/n46_rot4.mvr
# code=mvr:0 4 0 12 1 21 1 25 2 26 2 32 3 30 3 36 4
0 4
0 12
1 21
1 25
2 26
2 32
3 30
3 36
4 22
4 45
5 10
5 18
6 23
6 26
7 30
7 32
8 11
8 29
9 3
9 35
10 9
10 40
11 33
11 37
12 11
12 45
13 2
13 7
14 24
14 29
15 3
15 7
16 8
16 14
17 17
17 28
18 25
18 40
19 2
19 6
20 1
20 18
21 14
21 44
22 6
22 41
23 4
23 39
24 1
24 31
25 27
25 44
26 39
26 43
27 5
27 20
28 17
28 28
29 31
29 37
30 38
30 42
31 16
31 21
32 38
32 43
33 0
33 34
34 8
34 12
35 5
35 36
36 10
36 42
37 16
37 34
38 13
38 15
39 19
39 22
40 27
40 35
41 0
41 23
42 9
42 15
43 13
43 19
44 20
44 24
45 33
45 41

# solution 597
# n=46 sym=rot4 status=verified source=flammenkamp_cache/n46_rot4.mvr
# code=mvr:0 22 0 27 1 14 1 17 2 15 2 26 3 6 3 24 4
0 22
0 27
1 14
1 17
2 15
2 26
3 6
3 24
4 9
4 24
5 14
5 35
6 8
6 42
7 27
7 28
8 36
8 39
9 8
9 41
10 5
10 16
11 15
11 25
12 23
12 26
13 16
13 25
14 40
14 44
15 34
15 43
16 32
16 35
17 7
17 44
18 0
18 7
19 2
19 12
20 11
20 13
21 3
21 4
22 12
22 45
23 0
23 33
24 41
24 42
25 32
25 34
26 33
26 43
27 38
27 45
28 1
28 38
29 10
29 13
30 2
30 11
31 1
31 5
32 20
32 29
33 19
33 22
34 20
34 30
35 29
35 40
36 4
36 37
37 6
37 9
38 17
38 18
39 3
39 37
40 10
40 31
41 21
41 36
42 21
42 39
43 19
43 30
44 28
44 31
45 18
45 23

# solution 598
# n=46 sym=rot4 status=verified source=flammenkamp_cache/n46_rot4.mvr
# code=mvr:0 14 0 26 1 12 1 30 2 8 2 13 3 20 3 34 4
0 14
0 26
1 12
1 30
2 8
2 13
3 20
3 34
4 33
4 38
5 22
5 25
6 7
6 18
7 4
7 39
8 27
8 43
9 24
9 29
10 14
10 19
11 3
11 21
12 4
12 44
13 29
13 43
14 35
14 45
15 1
15 17
16 9
16 13
17 23
17 30
18 8
18 39
19 0
19 35
20 5
20 42
21 9
21 34
22 17
22 40
23 5
23 28
24 11
24 36
25 3
25 40
26 10
26 45
27 6
27 37
28 15
28 22
29 32
29 36
30 28
30 44
31 0
31 10
32 2
32 16
33 1
33 41
34 24
34 42
35 26
35 31
36 16
36 21
37 2
37 18
38 6
38 41
39 27
39 38
40 20
40 23
41 7
41 12
42 11
42 25
43 32
43 37
44 15
44 33
45 19
45 31

# solution 599
# n=46 sym=rot4 status=verified source=flammenkamp_cache/n46_rot4.mvr
# code=mvr:0 4 0 29 1 15 1 18 2 17 2 20 3 10 3 39 4
0 4
0 29
1 15
1 18
2 17
2 20
3 10
3 39
4 29
4 45
5 20
5 39
6 3
6 5
7 15
7 31
8 17
8 33
9 9
9 36
10 26
10 42
11 22
11 32
12 8
12 23
13 11
13 31
14 7
14 13
15 38
15 44
16 0
16 4
17 37
17 43
18 24
18 44
19 10
19 24
20 40
20 43
21 18
21 19
22 12
22 34
23 11
23 33
24 26
24 27
25 2
25 5
26 21
26 35
27 1
27 21
28 2
28 8
29 41
29 45
30 1
30 7
31 32
31 38
32 14
32 34
33 22
33 37
34 13
34 23
35 3
35 19
36 9
36 36
37 12
37 28
38 14
38 30
39 40
39 42
40 6
40 25
41 0
41 16
42 6
42 35
43 25
43 28
44 27
44 30
45 16
45 41

# solution 600
# n=46 sym=rot4 status=verified source=flammenkamp_cache/n46_rot4.mvr
# code=mvr:0 25 0 26 1 30 1 32 2 18 2 37 3 27 3 39 
0 25
0 26
1 30
1 32
2 18
2 37
3 27
3 39
4 6
4 31
5 12
5 16
6 3
6 41
7 10
7 23
8 2
8 31
9 17
9 32
10 17
10 38
11 21
11 23
12 20
12 40
13 1
13 9
14 4
14 8
15 1
15 16
16 30
16 40
17 35
17 36
18 3
18 43
19 0
19 21
20 0
20 33
21 26
21 34
22 7
22 11
23 34
23 38
24 11
24 19
25 12
25 45
26 24
26 45
27 2
27 42
28 9
28 10
29 5
29 15
30 29
30 44
31 37
31 41
32 36
32 44
33 5
33 25
34 22
34 24
35 7
35 28
36 13
36 28
37 14
37 43
38 22
38 35
39 4
39 42
40 29
40 33
41 14
41 39
42 6
42 18
43 8
43 27
44 13
44 15
45 19
45 20

# solution 601
# n=46 sym=rot4 status=verified source=flammenkamp_cache/n46_rot4.mvr
# code=mvr:0 21 0 23 1 18 1 33 2 18 2 30 3 23 3 28 
0 21
0 23
1 18
1 33
2 18
2 30
3 23
3 28
4 10
4 19
5 7
5 35
6 7
6 26
7 39
7 40
8 11
8 20
9 12
9 30
10 5
10 41
11 29
11 37
12 1
12 36
13 14
13 20
14 29
14 32
15 2
15 9
16 11
16 14
17 3
17 24
18 43
18 44
19 6
19 41
20 32
20 37
21 17
21 45
22 0
22 3
23 42
23 45
24 0
24 28
25 8
25 13
26 4
26 39
27 1
27 2
28 21
28 42
29 31
29 34
30 36
30 43
31 13
31 16
32 25
32 31
33 9
33 44
34 8
34 16
35 4
35 40
36 15
36 33
37 25
37 34
38 5
38 6
39 19
39 38
40 10
40 38
41 26
41 35
42 17
42 22
43 15
43 27
44 12
44 27
45 22
45 24

# solution 602
# n=46 sym=rot4 status=verified source=flammenkamp_cache/n46_rot4.mvr
# code=mvr:0 12 0 25 1 9 1 28 2 29 2 32 3 25 3 35 4
0 12
0 25
1 9
1 28
2 29
2 32
3 25
3 35
4 15
4 19
5 31
5 39
6 5
6 24
7 8
7 36
8 16
8 38
9 7
9 44
10 3
10 22
11 15
11 28
12 14
12 45
13 2
13 18
14 5
14 33
15 34
15 41
16 2
16 37
17 1
17 11
18 24
18 32
19 23
19 41
20 0
20 3
21 6
21 18
22 19
22 35
23 10
23 26
24 27
24 39
25 42
25 45
26 4
26 22
27 13
27 21
28 34
28 44
29 8
29 43
30 4
30 11
31 12
31 40
32 27
32 43
33 0
33 31
34 17
34 30
35 23
35 42
36 1
36 38
37 7
37 29
38 9
38 37
39 21
39 40
40 6
40 14
41 26
41 30
42 10
42 20
43 13
43 16
44 17
44 36
45 20
45 33

# solution 603
# n=46 sym=rot4 status=verified source=flammenkamp_cache/n46_rot4.mvr
# code=mvr:0 17 0 20 1 9 1 21 2 26 2 29 3 13 3 38 4
0 17
0 20
1 9
1 21
2 26
2 29
3 13
3 38
4 30
4 34
5 10
5 14
6 24
6 27
7 3
7 11
8 29
8 31
9 20
9 44
10 23
10 40
11 4
11 38
12 19
12 27
13 23
13 42
14 8
14 40
15 4
15 17
16 2
16 8
17 30
17 45
18 6
18 12
19 2
19 33
20 36
20 45
21 6
21 44
22 10
22 13
23 32
23 35
24 1
24 39
25 0
25 9
26 12
26 43
27 33
27 39
28 0
28 15
29 37
29 43
30 28
30 41
31 5
31 37
32 3
32 22
33 18
33 26
34 7
34 41
35 5
35 22
36 1
36 25
37 14
37 16
38 34
38 42
39 18
39 21
40 31
40 35
41 11
41 15
42 7
42 32
43 16
43 19
44 24
44 36
45 25
45 28

# solution 604
# n=46 sym=rot4 status=verified source=flammenkamp_cache/n46_rot4.mvr
# code=mvr:0 12 0 19 1 18 1 33 2 7 2 19 3 10 3 37 4
0 12
0 19
1 18
1 33
2 7
2 19
3 10
3 37
4 10
4 34
5 20
5 36
6 18
6 29
7 23
7 43
8 3
8 31
9 5
9 20
10 41
10 42
11 4
11 32
12 1
12 45
13 11
13 23
14 8
14 28
15 16
15 28
16 6
16 30
17 14
17 15
18 39
18 44
19 43
19 45
20 36
20 40
21 21
21 24
22 7
22 13
23 32
23 38
24 21
24 24
25 5
25 9
26 0
26 2
27 1
27 6
28 30
28 31
29 15
29 39
30 17
30 29
31 17
31 37
32 22
32 34
33 0
33 44
34 13
34 41
35 3
35 4
36 25
36 40
37 14
37 42
38 2
38 22
39 16
39 27
40 9
40 25
41 11
41 35
42 8
42 35
43 26
43 38
44 12
44 27
45 26
45 33

# solution 605
# n=46 sym=rot4 status=verified source=flammenkamp_cache/n46_rot4.mvr
# code=mvr:0 25 0 33 1 23 1 25 2 16 2 26 3 13 3 15 
0 25
0 33
1 23
1 25
2 16
2 26
3 13
3 15
4 15
4 23
5 10
5 34
6 36
6 37
7 29
7 32
8 6
8 26
9 6
9 10
10 36
10 40
11 5
11 14
12 0
12 17
13 7
13 42
14 21
14 34
15 41
15 42
16 7
16 43
17 21
17 33
18 18
18 27
19 2
19 8
20 0
20 1
21 28
21 31
22 1
22 4
23 41
23 44
24 14
24 17
25 44
25 45
26 37
26 43
27 18
27 27
28 12
28 24
29 2
29 38
30 3
30 4
31 11
31 24
32 3
32 38
33 28
33 45
34 31
34 40
35 5
35 9
36 35
36 39
37 19
37 39
38 13
38 16
39 8
39 9
40 11
40 35
41 22
41 30
42 30
42 32
43 19
43 29
44 20
44 22
45 12
45 20

# solution 606
# n=46 sym=rot4 status=verified source=flammenkamp_cache/n46_rot4.mvr
# code=mvr:0 23 0 24 1 9 1 28 2 27 2 29 3 33 3 40 4
0 23
0 24
1 9
1 28
2 27
2 29
3 33
3 40
4 10
4 13
5 3
5 16
6 24
6 26
7 19
7 35
8 23
8 33
9 14
9 44
10 7
10 41
11 15
11 28
12 3
12 8
13 14
13 41
14 32
14 36
15 20
15 34
16 2
16 40
17 1
17 11
18 2
18 25
19 6
19 38
20 18
20 30
21 0
21 6
22 0
22 8
23 37
23 45
24 39
24 45
25 15
25 27
26 7
26 39
27 20
27 43
28 34
28 44
29 5
29 43
30 11
30 25
31 9
31 13
32 4
32 31
33 37
33 42
34 17
34 30
35 4
35 38
36 1
36 31
37 12
37 22
38 10
38 26
39 19
39 21
40 29
40 42
41 32
41 35
42 5
42 12
43 16
43 18
44 17
44 36
45 21
45 22

# solution 607
# n=46 sym=rot4 status=verified source=flammenkamp_cache/n46_rot4.mvr
# code=mvr:0 12 0 26 1 20 1 30 2 17 2 32 3 30 3 41 
0 12
0 26
1 20
1 30
2 17
2 32
3 30
3 41
4 3
4 9
5 35
5 37
6 8
6 26
7 14
7 35
8 5
8 39
9 16
9 41
10 5
10 7
11 21
11 28
12 29
12 45
13 2
13 23
14 25
14 38
15 1
15 3
16 12
16 36
17 11
17 43
18 18
18 27
19 0
19 6
20 14
20 44
21 23
21 34
22 13
22 21
23 24
23 32
24 11
24 22
25 1
25 31
26 39
26 45
27 18
27 27
28 2
28 34
29 9
29 33
30 42
30 44
31 7
31 20
32 22
32 43
33 0
33 16
34 17
34 24
35 38
35 40
36 4
36 29
37 6
37 40
38 10
38 31
39 19
39 37
40 8
40 10
41 36
41 42
42 4
42 15
43 13
43 28
44 15
44 25
45 19
45 33

# solution 608
# n=46 sym=rot4 status=verified source=flammenkamp_cache/n46_rot4.mvr
# code=mvr:0 19 0 22 1 28 1 30 2 20 2 33 3 15 3 27 
0 19
0 22
1 28
1 30
2 20
2 33
3 15
3 27
4 8
4 13
5 35
5 38
6 18
6 26
7 5
7 13
8 33
8 41
9 20
9 35
10 5
10 9
11 14
11 21
12 2
12 8
13 38
13 41
14 28
14 34
15 1
15 42
16 21
16 23
17 1
17 14
18 3
18 39
19 6
19 45
20 36
20 43
21 29
21 34
22 16
22 45
23 0
23 29
24 11
24 16
25 2
25 9
26 0
26 39
27 6
27 42
28 31
28 44
29 22
29 24
30 3
30 44
31 11
31 17
32 4
32 7
33 37
33 43
34 24
34 31
35 36
35 40
36 10
36 25
37 4
37 12
38 32
38 40
39 19
39 27
40 7
40 10
41 32
41 37
42 18
42 30
43 12
43 25
44 15
44 17
45 23
45 26

# solution 609
# n=46 sym=rot4 status=verified source=flammenkamp_cache/n46_rot4.mvr
# code=mvr:0 15 0 39 1 9 1 30 2 11 2 39 3 22 3 24 4
0 15
0 39
1 9
1 30
2 11
2 39
3 22
3 24
4 11
4 35
5 16
5 31
6 0
6 2
7 20
7 24
8 25
8 35
9 13
9 44
10 4
10 8
11 41
11 43
12 23
12 28
13 29
13 36
14 5
14 19
15 1
15 45
16 13
16 40
17 12
17 27
18 17
18 19
19 27
19 31
20 8
20 38
21 3
21 7
22 12
22 42
23 3
23 33
24 38
24 42
25 7
25 37
26 14
26 18
27 26
27 28
28 18
28 33
29 5
29 32
30 0
30 44
31 26
31 40
32 9
32 16
33 17
33 22
34 2
34 4
35 37
35 41
36 1
36 32
37 10
37 20
38 21
38 25
39 43
39 45
40 14
40 29
41 10
41 34
42 21
42 23
43 6
43 34
44 15
44 36
45 6
45 30

# solution 610
# n=46 sym=rot4 status=verified source=flammenkamp_cache/n46_rot4.mvr
# code=mvr:0 23 0 27 1 10 1 12 2 19 2 20 3 3 3 42 4
0 23
0 27
1 10
1 12
2 19
2 20
3 3
3 42
4 29
4 32
5 25
5 27
6 7
6 13
7 26
7 39
8 16
8 33
9 10
9 15
10 36
10 44
11 21
11 30
12 8
12 44
13 4
13 39
14 21
14 28
15 11
15 36
16 4
16 37
17 14
17 23
18 0
18 5
19 7
19 43
20 5
20 43
21 31
21 34
22 0
22 17
23 28
23 45
24 11
24 14
25 2
25 40
26 2
26 38
27 40
27 45
28 22
28 31
29 8
29 41
30 9
30 34
31 17
31 24
32 6
32 41
33 1
33 37
34 15
34 24
35 1
35 9
36 30
36 35
37 12
37 29
38 6
38 19
39 32
39 38
40 18
40 20
41 13
41 16
42 3
42 42
43 25
43 26
44 33
44 35
45 18
45 22

# solution 611
# n=46 sym=rot4 status=verified source=flammenkamp_cache/n46_rot4.mvr
# code=mvr:0 14 0 26 1 21 1 30 2 12 2 36 3 13 3 20 
0 14
0 26
1 21
1 30
2 12
2 36
3 13
3 20
4 29
4 39
5 22
5 25
6 4
6 38
7 6
7 10
8 29
8 34
9 2
9 13
10 17
10 38
11 8
11 12
12 34
12 43
13 36
13 42
14 26
14 45
15 1
15 21
16 4
16 8
17 23
17 35
18 18
18 27
19 0
19 14
20 5
20 42
21 30
21 44
22 17
22 40
23 5
23 28
24 1
24 15
25 3
25 40
26 31
26 45
27 18
27 27
28 10
28 22
29 37
29 41
30 24
30 44
31 0
31 19
32 3
32 9
33 2
33 11
34 33
34 37
35 7
35 28
36 32
36 43
37 11
37 16
38 35
38 39
39 7
39 41
40 20
40 23
41 6
41 16
42 25
42 32
43 9
43 33
44 15
44 24
45 19
45 31

# solution 612
# n=46 sym=rot4 status=verified source=flammenkamp_cache/n46_rot4.mvr
# code=mvr:0 18 0 28 1 10 1 30 2 26 2 33 3 12 3 26 
0 18
0 28
1 10
1 30
2 26
2 33
3 12
3 26
4 6
4 15
5 20
5 37
6 31
6 41
7 9
7 11
8 5
8 31
9 20
9 38
10 17
10 44
11 24
11 38
12 2
12 42
13 13
13 32
14 6
14 8
15 1
15 41
16 22
16 24
17 0
17 35
18 23
18 45
19 2
19 3
20 36
20 40
21 11
21 16
22 18
22 29
23 16
23 27
24 29
24 34
25 5
25 9
26 42
26 43
27 0
27 22
28 10
28 45
29 21
29 23
30 4
30 44
31 37
31 39
32 13
32 32
33 3
33 43
34 7
34 21
35 1
35 28
36 7
36 25
37 14
37 40
38 34
38 36
39 4
39 14
40 8
40 25
41 30
41 39
42 19
42 33
43 12
43 19
44 15
44 35
45 17
45 27

# solution 613
# n=46 sym=rot4 status=verified source=flammenkamp_cache/n46_rot4.mvr
# code=mvr:0 23 0 34 1 13 1 26 2 34 2 40 3 12 3 27 
0 23
0 34
1 13
1 26
2 34
2 40
3 12
3 27
4 17
4 23
5 2
5 15
6 8
6 36
7 24
7 27
8 24
8 39
9 6
9 31
10 14
10 16
11 0
11 2
12 28
12 42
13 25
13 44
14 9
14 35
15 16
15 40
16 30
16 35
17 12
17 41
18 3
18 7
19 1
19 25
20 13
20 19
21 7
21 8
22 0
22 4
23 41
23 45
24 37
24 38
25 26
25 32
26 20
26 44
27 38
27 42
28 4
28 33
29 10
29 15
30 5
30 29
31 10
31 36
32 1
32 20
33 3
33 17
34 43
34 45
35 29
35 31
36 14
36 39
37 6
37 21
38 18
38 21
39 9
39 37
40 30
40 43
41 22
41 28
42 18
42 33
43 5
43 11
44 19
44 32
45 11
45 22

# solution 614
# n=46 sym=rot4 status=verified source=flammenkamp_cache/n46_rot4.mvr
# code=mvr:0 23 0 25 1 18 1 19 2 28 2 39 3 10 3 32 
0 23
0 25
1 18
1 19
2 28
2 39
3 10
3 32
4 18
4 24
5 32
5 34
6 2
6 37
7 14
7 16
8 6
8 10
9 12
9 20
10 37
10 42
11 5
11 30
12 21
12 36
13 3
13 5
14 26
14 38
15 11
15 16
16 30
16 38
17 2
17 23
18 41
18 44
19 14
19 44
20 0
20 36
21 4
21 33
22 0
22 17
23 28
23 45
24 12
24 41
25 9
25 45
26 1
26 31
27 1
27 4
28 22
28 43
29 7
29 15
30 29
30 34
31 7
31 19
32 40
32 42
33 9
33 24
34 15
34 40
35 3
35 8
36 25
36 33
37 35
37 39
38 29
38 31
39 8
39 43
40 11
40 13
41 21
41 27
42 13
42 35
43 6
43 17
44 26
44 27
45 20
45 22

# solution 615
# n=46 sym=rot4 status=verified source=flammenkamp_cache/n46_rot4.mvr
# code=mvr:0 14 0 19 1 21 1 27 2 26 2 30 3 34 3 40 
0 14
0 19
1 21
1 27
2 26
2 30
3 34
3 40
4 13
4 20
5 3
5 25
6 7
6 38
7 6
7 39
8 22
8 33
9 12
9 13
10 16
10 17
11 3
11 29
12 8
12 36
13 36
13 41
14 24
14 45
15 2
15 27
16 11
16 35
17 23
17 35
18 1
18 15
19 2
19 45
20 5
20 41
21 14
21 44
22 17
22 37
23 8
23 28
24 1
24 31
25 4
25 40
26 0
26 43
27 30
27 44
28 10
28 22
29 10
29 34
30 18
30 43
31 0
31 21
32 4
32 9
33 9
33 37
34 16
34 42
35 28
35 29
36 32
36 33
37 12
37 23
38 6
38 39
39 7
39 38
40 20
40 42
41 25
41 32
42 5
42 11
43 15
43 19
44 18
44 24
45 26
45 31

# solution 616
# n=46 sym=rot4 status=verified source=flammenkamp_cache/n46_rot4.mvr
# code=mvr:0 21 0 27 1 6 1 12 2 22 2 32 3 34 3 36 4
0 21
0 27
1 6
1 12
2 22
2 32
3 34
3 36
4 26
4 35
5 14
5 20
6 29
6 44
7 20
7 30
8 10
8 13
9 3
9 23
10 4
10 37
11 3
11 27
12 16
12 44
13 2
13 37
14 15
14 40
15 7
15 31
16 6
16 33
17 19
17 21
18 0
18 11
19 4
19 28
20 38
20 40
21 28
21 45
22 9
22 43
23 2
23 36
24 0
24 17
25 5
25 7
26 17
26 41
27 34
27 45
28 24
28 26
29 12
29 39
30 14
30 38
31 5
31 30
32 8
32 43
33 1
33 29
34 18
34 42
35 8
35 41
36 22
36 42
37 32
37 35
38 15
38 25
39 1
39 16
40 25
40 31
41 10
41 19
42 9
42 11
43 13
43 23
44 33
44 39
45 18
45 24

# solution 617
# n=46 sym=rot4 status=verified source=flammenkamp_cache/n46_rot4.mvr
# code=mvr:0 18 0 32 1 15 1 31 2 9 2 34 3 7 3 17 4 
0 18
0 32
1 15
1 31
2 9
2 34
3 7
3 17
4 30
4 35
5 22
5 25
6 8
6 13
7 11
7 42
8 31
8 39
9 24
9 43
10 4
10 19
11 2
11 38
12 12
12 33
13 0
13 39
14 1
14 8
15 4
15 44
16 17
16 21
17 29
17 42
18 19
18 45
19 27
19 35
20 5
20 23
21 9
21 29
22 20
22 40
23 5
23 25
24 16
24 36
25 22
25 40
26 10
26 18
27 0
27 26
28 3
28 16
29 24
29 28
30 1
30 41
31 37
31 44
32 6
32 45
33 12
33 33
34 7
34 43
35 26
35 41
36 2
36 21
37 6
37 14
38 3
38 34
39 32
39 37
40 20
40 23
41 10
41 15
42 28
42 38
43 11
43 36
44 14
44 30
45 13
45 27

# solution 618
# n=46 sym=rot4 status=verified source=flammenkamp_cache/n46_rot4.mvr
# code=mvr:0 7 0 13 1 17 1 27 2 13 2 16 3 10 3 20 4
0 7
0 13
1 17
1 27
2 13
2 16
3 10
3 20
4 33
4 37
5 29
5 30
6 20
6 30
7 19
7 45
8 4
8 24
9 10
9 11
10 36
10 42
11 31
11 36
12 4
12 18
13 43
13 45
14 11
14 26
15 5
15 6
16 5
16 43
17 23
17 44
18 1
18 33
19 14
19 38
20 39
20 42
21 8
21 23
22 17
22 21
23 24
23 28
24 22
24 37
25 3
25 6
26 7
26 31
27 12
27 44
28 1
28 22
29 2
29 40
30 39
30 40
31 19
31 34
32 0
32 2
33 27
33 41
34 9
34 14
35 3
35 9
36 34
36 35
37 21
37 41
38 0
38 26
39 15
39 25
40 15
40 16
41 8
41 12
42 25
42 35
43 29
43 32
44 18
44 28
45 32
45 38

# solution 619
# n=46 sym=rot4 status=verified source=flammenkamp_cache/n46_rot4.mvr
# code=mvr:0 14 0 26 1 15 1 20 2 25 2 28 3 21 3 33 
0 14
0 26
1 15
1 20
2 25
2 28
3 21
3 33
4 26
4 32
5 10
5 15
6 8
6 14
7 27
7 34
8 21
8 39
9 12
9 16
10 32
10 40
11 7
11 23
12 3
12 36
13 4
13 10
14 39
14 45
15 40
15 44
16 17
16 36
17 2
17 29
18 7
18 23
19 0
19 4
20 2
20 44
21 37
21 42
22 11
22 18
23 27
23 34
24 3
24 8
25 1
25 43
26 41
26 45
27 22
27 38
28 16
28 43
29 9
29 28
30 1
30 5
31 0
31 6
32 35
32 41
33 9
33 42
34 22
34 38
35 5
35 13
36 29
36 33
37 6
37 24
38 11
38 18
39 31
39 37
40 30
40 35
41 13
41 19
42 12
42 24
43 17
43 20
44 25
44 30
45 19
45 31

# solution 620
# n=46 sym=rot4 status=verified source=flammenkamp_cache/n46_rot4.mvr
# code=mvr:0 25 0 36 1 19 1 28 2 5 2 19 3 13 3 38 4
0 25
0 36
1 19
1 28
2 5
2 19
3 13
3 38
4 12
4 34
5 20
5 43
6 24
6 36
7 3
7 12
8 13
8 27
9 0
9 6
10 21
10 23
11 4
11 30
12 38
12 41
13 37
13 42
14 14
14 31
15 11
15 28
16 23
16 27
17 1
17 15
18 8
18 16
19 43
19 44
20 0
20 40
21 6
21 35
22 10
22 16
23 29
23 35
24 10
24 39
25 5
25 45
26 1
26 2
27 29
27 37
28 30
28 44
29 18
29 22
30 17
30 34
31 14
31 31
32 3
32 8
33 4
33 7
34 15
34 41
35 22
35 24
36 39
36 45
37 18
37 32
38 33
38 42
39 9
39 21
40 2
40 25
41 11
41 33
42 7
42 32
43 26
43 40
44 17
44 26
45 9
45 20

# solution 621
# n=46 sym=rot4 status=verified source=flammenkamp_cache/n46_rot4.mvr
# code=mvr:0 4 0 29 1 20 1 23 2 28 2 33 3 15 3 17 4
0 4
0 29
1 20
1 23
2 28
2 33
3 15
3 17
4 23
4 45
5 25
5 27
6 14
6 34
7 9
7 21
8 14
8 32
9 10
9 38
10 33
10 36
11 6
11 21
12 2
12 10
13 8
13 16
14 37
14 39
15 27
15 42
16 0
16 32
17 2
17 42
18 5
18 15
19 19
19 26
20 5
20 44
21 34
21 38
22 1
22 4
23 41
23 44
24 7
24 11
25 1
25 40
26 19
26 26
27 30
27 40
28 3
28 43
29 13
29 45
30 3
30 18
31 6
31 8
32 29
32 37
33 35
33 43
34 24
34 39
35 9
35 12
36 7
36 35
37 13
37 31
38 24
38 36
39 11
39 31
40 18
40 20
41 0
41 22
42 28
42 30
43 12
43 17
44 22
44 25
45 16
45 41

# solution 622
# n=46 sym=rot4 status=verified source=flammenkamp_cache/n46_rot4.mvr
# code=mvr:0 26 0 36 1 17 1 25 2 22 2 31 3 9 3 39 4
0 26
0 36
1 17
1 25
2 22
2 31
3 9
3 39
4 11
4 15
5 18
5 34
6 3
6 26
7 15
7 37
8 7
8 13
9 0
9 42
10 25
10 27
11 5
11 41
12 23
12 24
13 16
13 37
14 2
14 29
15 38
15 41
16 14
16 32
17 24
17 44
18 10
18 40
19 0
19 6
20 1
20 10
21 12
21 17
22 12
22 43
23 2
23 33
24 28
24 33
25 35
25 44
26 39
26 45
27 5
27 35
28 1
28 21
29 13
29 31
30 4
30 7
31 16
31 43
32 8
32 29
33 21
33 22
34 4
34 40
35 18
35 20
36 3
36 45
37 32
37 38
38 8
38 30
39 19
39 42
40 11
40 27
41 30
41 34
42 6
42 36
43 14
43 23
44 20
44 28
45 9
45 19

# solution 623
# n=46 sym=rot4 status=verified source=flammenkamp_cache/n46_rot4.mvr
# code=mvr:0 13 0 33 1 15 1 35 2 20 2 22 3 8 3 23 4
0 13
0 33
1 15
1 35
2 20
2 22
3 8
3 23
4 6
4 37
5 16
5 28
6 9
6 41
7 14
7 21
8 4
8 42
9 15
9 39
10 1
10 20
11 26
11 27
12 0
12 28
13 24
13 45
14 18
14 38
15 36
15 44
16 26
16 40
17 5
17 12
18 11
18 31
19 11
19 16
20 35
20 43
21 13
21 38
22 3
22 43
23 2
23 42
24 7
24 32
25 2
25 10
26 29
26 34
27 14
27 34
28 33
28 40
29 5
29 19
30 1
30 9
31 7
31 27
32 0
32 21
33 17
33 45
34 18
34 19
35 25
35 44
36 6
36 30
37 3
37 41
38 24
38 31
39 4
39 36
40 17
40 29
41 8
41 39
42 22
42 37
43 23
43 25
44 10
44 30
45 12
45 32

# solution 624
# n=46 sym=rot4 status=verified source=flammenkamp_cache/n46_rot4.mvr
# code=mvr:0 19 0 27 1 7 1 43 2 1 2 10 3 27 3 32 4 
0 19
0 27
1 7
1 43
2 1
2 10
3 27
3 32
4 20
4 22
5 30
5 33
6 14
6 26
7 16
7 44
8 10
8 31
9 13
9 21
10 37
10 43
11 23
11 25
12 5
12 17
13 3
13 36
14 8
14 39
15 5
15 16
16 30
16 38
17 21
17 33
18 0
18 3
19 6
19 45
20 11
20 41
21 28
21 36
22 11
22 41
23 4
23 34
24 9
24 17
25 4
25 34
26 0
26 39
27 42
27 45
28 12
28 24
29 7
29 15
30 29
30 40
31 6
31 37
32 9
32 42
33 28
33 40
34 20
34 22
35 2
35 8
36 24
36 32
37 14
37 35
38 1
38 29
39 19
39 31
40 12
40 15
41 23
41 25
42 13
42 18
43 35
43 44
44 2
44 38
45 18
45 26

# solution 625
# n=46 sym=rot4 status=verified source=flammenkamp_cache/n46_rot4.mvr
# code=mvr:0 3 0 7 1 14 1 15 2 19 2 34 3 9 3 45 4 8
0 3
0 7
1 14
1 15
2 19
2 34
3 9
3 45
4 8
4 16
5 25
5 29
6 20
6 24
7 33
7 45
8 27
8 41
9 15
9 42
10 13
10 27
11 2
11 23
12 7
12 28
13 14
13 35
14 32
14 44
15 36
15 44
16 5
16 41
17 12
17 19
18 8
18 10
19 28
19 43
20 5
20 39
21 6
21 23
22 11
22 21
23 24
23 34
24 22
24 39
25 6
25 40
26 2
26 17
27 35
27 37
28 26
28 33
29 4
29 40
30 1
30 9
31 1
31 13
32 10
32 31
33 17
33 38
34 22
34 43
35 18
35 32
36 3
36 30
37 4
37 18
38 0
38 12
39 21
39 25
40 16
40 20
41 29
41 37
42 0
42 36
43 11
43 26
44 30
44 31
45 38
45 42

# solution 626
# n=46 sym=rot4 status=verified source=flammenkamp_cache/n46_rot4.mvr
# code=mvr:0 17 0 21 1 22 1 28 2 16 2 34 3 8 3 27 4
0 17
0 21
1 22
1 28
2 16
2 34
3 8
3 27
4 21
4 23
5 12
5 37
6 31
6 32
7 12
7 15
8 5
8 42
9 27
9 32
10 16
10 20
11 2
11 31
12 38
12 40
13 6
13 9
14 6
14 11
15 26
15 38
16 35
16 43
17 1
17 45
18 3
18 9
19 15
19 20
20 26
20 35
21 41
21 45
22 4
22 44
23 1
23 41
24 0
24 4
25 10
25 19
26 25
26 30
27 36
27 42
28 0
28 44
29 2
29 10
30 7
30 19
31 34
31 39
32 36
32 39
33 5
33 7
34 14
34 43
35 25
35 29
36 13
36 18
37 3
37 40
38 30
38 33
39 13
39 14
40 8
40 33
41 22
41 24
42 18
42 37
43 11
43 29
44 17
44 23
45 24
45 28

# solution 627
# n=46 sym=rot4 status=verified source=flammenkamp_cache/n46_rot4.mvr
# code=mvr:0 26 0 33 1 16 1 30 2 18 2 20 3 23 3 34 
0 26
0 33
1 16
1 30
2 18
2 20
3 23
3 34
4 17
4 32
5 10
5 19
6 23
6 37
7 14
7 25
8 6
8 10
9 13
9 30
10 37
10 40
11 3
11 14
12 0
12 18
13 4
13 36
14 34
14 38
15 1
15 9
16 24
16 44
17 24
17 41
18 33
18 43
19 0
19 40
20 7
20 43
21 16
21 17
22 3
22 6
23 39
23 42
24 28
24 29
25 2
25 38
26 5
26 45
27 2
27 12
28 4
28 21
29 1
29 21
30 36
30 44
31 7
31 11
32 9
32 41
33 27
33 45
34 31
34 42
35 5
35 8
36 15
36 32
37 35
37 39
38 20
38 31
39 8
39 22
40 26
40 35
41 13
41 28
42 11
42 22
43 25
43 27
44 15
44 29
45 12
45 19

# solution 628
# n=46 sym=rot4 status=verified source=flammenkamp_cache/n46_rot4.mvr
# code=mvr:0 19 0 21 1 16 1 31 2 25 2 27 3 11 3 25 
0 19
0 21
1 16
1 31
2 25
2 27
3 11
3 25
4 34
4 37
5 12
5 16
6 22
6 38
7 6
7 9
8 4
8 31
9 30
9 38
10 10
10 35
11 4
11 42
12 21
12 40
13 23
13 28
14 1
14 8
15 9
15 28
16 40
16 44
17 13
17 15
18 2
18 19
19 27
19 45
20 2
20 3
21 33
21 45
22 13
22 39
23 6
23 32
24 0
24 12
25 42
25 43
26 0
26 18
27 26
27 43
28 30
28 32
29 1
29 5
30 17
30 36
31 37
31 44
32 17
32 22
33 5
33 24
34 3
34 41
35 10
35 35
36 7
36 15
37 14
37 41
38 36
38 39
39 7
39 23
40 29
40 33
41 8
41 11
42 20
42 34
43 18
43 20
44 14
44 29
45 24
45 26

# solution 629
# n=46 sym=rot4 status=verified source=flammenkamp_cache/n46_rot4.mvr
# code=mvr:0 22 0 41 1 12 1 28 2 17 2 35 3 12 3 25 
0 22
0 41
1 12
1 28
2 17
2 35
3 12
3 25
4 0
4 31
5 11
5 21
6 8
6 29
7 18
7 35
8 36
8 39
9 8
9 18
10 2
10 7
11 16
11 40
12 42
12 44
13 19
13 30
14 4
14 26
15 13
15 23
16 6
16 34
17 1
17 43
18 36
18 38
19 14
19 32
20 3
20 21
21 25
21 40
22 15
22 45
23 0
23 30
24 5
24 20
25 24
25 42
26 13
26 31
27 7
27 9
28 2
28 44
29 11
29 39
30 22
30 32
31 19
31 41
32 15
32 26
33 1
33 3
34 5
34 29
35 38
35 43
36 27
36 37
37 6
37 9
38 10
38 27
39 16
39 37
40 24
40 34
41 14
41 45
42 20
42 33
43 10
43 28
44 17
44 33
45 4
45 23

# solution 630
# n=46 sym=rot4 status=verified source=flammenkamp_cache/n46_rot4.mvr
# code=mvr:0 13 0 21 1 9 1 19 2 7 2 32 3 25 3 35 4 
0 13
0 21
1 9
1 19
2 7
2 32
3 25
3 35
4 8
4 24
5 14
5 15
6 12
6 27
7 22
7 43
8 34
8 41
9 17
9 44
10 3
10 28
11 8
11 20
12 14
12 39
13 2
13 45
14 33
14 40
15 29
15 40
16 15
16 19
17 10
17 36
18 6
18 23
19 29
19 44
20 3
20 34
21 4
21 45
22 18
22 38
23 7
23 27
24 0
24 41
25 11
25 42
26 1
26 16
27 22
27 39
28 9
28 35
29 26
29 30
30 5
30 16
31 5
31 12
32 0
32 43
33 6
33 31
34 25
34 37
35 17
35 42
36 1
36 28
37 4
37 11
38 2
38 23
39 18
39 33
40 30
40 31
41 21
41 37
42 10
42 20
43 13
43 38
44 26
44 36
45 24
45 32

# solution 631
# n=46 sym=rot4 status=verified source=flammenkamp_cache/n46_rot4.mvr
# code=mvr:0 13 0 21 1 9 1 19 2 7 2 32 3 25 3 35 4 
0 13
0 21
1 9
1 19
2 7
2 32
3 25
3 35
4 8
4 24
5 14
5 15
6 27
6 33
7 22
7 43
8 34
8 41
9 17
9 44
10 3
10 28
11 8
11 20
12 6
12 14
13 2
13 45
14 33
14 40
15 29
15 40
16 15
16 19
17 10
17 36
18 6
18 23
19 29
19 44
20 3
20 34
21 4
21 45
22 18
22 38
23 7
23 27
24 0
24 41
25 11
25 42
26 1
26 16
27 22
27 39
28 9
28 35
29 26
29 30
30 5
30 16
31 5
31 12
32 0
32 43
33 31
33 39
34 25
34 37
35 17
35 42
36 1
36 28
37 4
37 11
38 2
38 23
39 12
39 18
40 30
40 31
41 21
41 37
42 10
42 20
43 13
43 38
44 26
44 36
45 24
45 32

# solution 632
# n=46 sym=rot4 status=verified source=flammenkamp_cache/n46_rot4.mvr
# code=mvr:0 3 0 24 1 14 1 24 2 12 2 32 3 4 3 45 4 
0 3
0 24
1 14
1 24
2 12
2 32
3 4
3 45
4 29
4 42
5 19
5 28
6 11
6 22
7 14
7 36
8 18
8 33
9 7
9 23
10 15
10 29
11 18
11 39
12 8
12 43
13 2
13 30
14 38
14 44
15 13
15 35
16 4
16 10
17 5
17 25
18 34
18 37
19 20
19 40
20 17
20 26
21 0
21 1
22 9
22 39
23 6
23 36
24 44
24 45
25 19
25 28
26 5
26 25
27 8
27 11
28 20
28 40
29 35
29 41
30 10
30 32
31 1
31 7
32 15
32 43
33 2
33 37
34 6
34 27
35 16
35 30
36 22
36 38
37 12
37 27
38 9
38 31
39 23
39 34
40 17
40 26
41 3
41 16
42 0
42 41
43 13
43 33
44 21
44 31
45 21
45 42

# solution 633
# n=46 sym=rot4 status=verified source=flammenkamp_cache/n46_rot4.mvr
# code=mvr:0 14 0 23 1 14 1 19 2 18 2 25 3 6 3 9 4 
0 14
0 23
1 14
1 19
2 18
2 25
3 6
3 9
4 32
4 33
5 10
5 33
6 37
6 42
7 18
7 23
8 6
8 25
9 28
9 42
10 16
10 40
11 24
11 32
12 4
12 5
13 4
13 11
14 44
14 45
15 19
15 29
16 15
16 35
17 9
17 21
18 38
18 43
19 30
19 44
20 2
20 8
21 11
21 28
22 0
22 7
23 38
23 45
24 17
24 34
25 37
25 43
26 1
26 15
27 2
27 7
28 24
28 36
29 10
29 30
30 16
30 26
31 0
31 1
32 34
32 41
33 40
33 41
34 13
34 21
35 5
35 29
36 3
36 17
37 20
37 39
38 22
38 27
39 3
39 8
40 12
40 35
41 12
41 13
42 36
42 39
43 20
43 27
44 26
44 31
45 22
45 31

# solution 634
# n=46 sym=rot4 status=verified source=flammenkamp_cache/n46_rot4.mvr
# code=mvr:0 16 0 25 1 15 1 23 2 10 2 34 3 25 3 29 
0 16
0 25
1 15
1 23
2 10
2 34
3 25
3 29
4 18
4 23
5 36
5 39
6 5
6 32
7 7
7 38
8 10
8 26
9 5
9 26
10 37
10 43
11 2
11 31
12 18
12 21
13 6
13 17
14 11
14 24
15 17
15 44
16 3
16 45
17 30
17 32
18 33
18 41
19 8
19 9
20 0
20 3
21 14
21 33
22 1
22 4
23 41
23 44
24 12
24 31
25 42
25 45
26 36
26 37
27 4
27 12
28 13
28 15
29 0
29 42
30 1
30 28
31 21
31 34
32 28
32 39
33 24
33 27
34 14
34 43
35 2
35 8
36 19
36 40
37 19
37 35
38 7
38 38
39 13
39 40
40 6
40 9
41 22
41 27
42 16
42 20
43 11
43 35
44 22
44 30
45 20
45 29

# solution 635
# n=46 sym=rot4 status=verified source=flammenkamp_cache/n46_rot4.mvr
# code=mvr:0 22 0 27 1 23 1 27 2 13 2 15 3 30 3 38 
0 22
0 27
1 23
1 27
2 13
2 15
3 30
3 38
4 12
4 32
5 16
5 25
6 8
6 35
7 3
7 17
8 11
8 39
9 12
9 17
10 6
10 29
11 25
11 37
12 36
12 41
13 4
13 43
14 21
14 26
15 3
15 43
16 10
16 40
17 36
17 38
18 0
18 1
19 14
19 21
20 5
20 11
21 26
21 31
22 1
22 45
23 0
23 44
24 14
24 19
25 34
25 40
26 24
26 31
27 44
27 45
28 7
28 9
29 5
29 35
30 2
30 42
31 19
31 24
32 2
32 41
33 4
33 9
34 8
34 20
35 16
35 39
36 28
36 33
37 6
37 34
38 28
38 42
39 10
39 37
40 20
40 29
41 13
41 33
42 7
42 15
43 30
43 32
44 18
44 22
45 18
45 23

# solution 636
# n=46 sym=rot4 status=verified source=flammenkamp_cache/n46_rot4.mvr
# code=mvr:0 28 0 31 1 23 1 25 2 6 2 36 3 12 3 28 4
0 28
0 31
1 23
1 25
2 6
2 36
3 12
3 28
4 11
4 15
5 9
5 25
6 18
6 43
7 15
7 23
8 13
8 31
9 2
9 40
10 27
10 29
11 21
11 41
12 32
12 42
13 12
13 37
14 0
14 8
15 38
15 41
16 10
16 26
17 0
17 3
18 10
18 39
19 16
19 21
20 1
20 5
21 26
21 34
22 1
22 7
23 38
23 44
24 11
24 19
25 40
25 44
26 24
26 29
27 6
27 35
28 42
28 45
29 19
29 35
30 4
30 7
31 37
31 45
32 8
32 33
33 3
33 13
34 4
34 24
35 16
35 18
36 5
36 43
37 14
37 32
38 22
38 30
39 2
39 27
40 20
40 36
41 30
41 34
42 17
42 33
43 9
43 39
44 20
44 22
45 14
45 17

# solution 637
# n=46 sym=rot4 status=verified source=flammenkamp_cache/n46_rot4.mvr
# code=mvr:0 26 0 29 1 12 1 21 2 28 2 36 3 24 3 25 
0 26
0 29
1 12
1 21
2 28
2 36
3 24
3 25
4 8
4 29
5 6
5 10
6 25
6 40
7 10
7 17
8 30
8 41
9 2
9 12
10 38
10 40
11 23
11 26
12 36
12 44
13 15
13 31
14 13
14 23
15 8
15 32
16 0
16 4
17 2
17 38
18 18
18 27
19 0
19 11
20 3
20 6
21 3
21 44
22 11
22 14
23 31
23 34
24 1
24 42
25 39
25 42
26 34
26 45
27 18
27 27
28 7
28 43
29 41
29 45
30 13
30 37
31 22
31 32
32 14
32 30
33 1
33 9
34 19
34 22
35 5
35 7
36 33
36 43
37 4
37 15
38 28
38 35
39 5
39 20
40 35
40 39
41 16
41 37
42 20
42 21
43 9
43 17
44 24
44 33
45 16
45 19

# solution 638
# n=46 sym=rot4 status=verified source=flammenkamp_cache/n46_rot4.mvr
# code=mvr:0 24 0 35 1 17 1 19 2 24 2 33 3 8 3 10 4
0 24
0 35
1 17
1 19
2 24
2 33
3 8
3 10
4 19
4 40
5 4
5 31
6 18
6 30
7 23
7 27
8 34
8 42
9 13
9 34
10 0
10 42
11 8
11 9
12 2
12 29
13 30
13 36
14 5
14 20
15 6
15 13
16 12
16 23
17 20
17 44
18 7
18 39
19 41
19 44
20 28
20 31
21 0
21 2
22 7
22 16
23 29
23 38
24 43
24 45
25 14
25 17
26 1
26 4
27 6
27 38
28 1
28 25
29 22
29 33
30 32
30 39
31 25
31 40
32 9
32 15
33 16
33 43
34 36
34 37
35 3
35 45
36 11
36 32
37 3
37 11
38 18
38 22
39 15
39 27
40 14
40 41
41 5
41 26
42 35
42 37
43 12
43 21
44 26
44 28
45 10
45 21

# solution 639
# n=46 sym=rot4 status=verified source=flammenkamp_cache/n46_rot4.mvr
# code=mvr:0 15 0 19 1 23 1 39 2 17 2 18 3 7 3 24 4
0 15
0 19
1 23
1 39
2 17
2 18
3 7
3 24
4 29
4 38
5 12
5 16
6 1
6 11
7 4
7 42
8 10
8 20
9 13
9 23
10 33
10 37
11 18
11 39
12 10
12 40
13 26
13 36
14 14
14 31
15 21
15 45
16 4
16 40
17 25
17 43
18 34
18 43
19 13
19 45
20 17
20 37
21 3
21 30
22 1
22 9
23 36
23 44
24 15
24 42
25 8
25 28
26 0
26 32
27 2
27 11
28 2
28 20
29 5
29 41
30 0
30 24
31 14
31 31
32 9
32 19
33 5
33 35
34 6
34 27
35 8
35 12
36 22
36 32
37 25
37 35
38 3
38 41
39 34
39 44
40 29
40 33
41 7
41 16
42 21
42 38
43 27
43 28
44 6
44 22
45 26
45 30

# solution 640
# n=46 sym=rot4 status=verified source=flammenkamp_cache/n46_rot4.mvr
# code=mvr:0 13 0 29 1 19 1 30 2 21 2 33 3 21 3 27 
0 13
0 29
1 19
1 30
2 21
2 33
3 21
3 27
4 10
4 15
5 17
5 32
6 22
6 36
7 10
7 34
8 14
8 28
9 6
9 29
10 38
10 41
11 7
11 19
12 2
12 23
13 5
13 45
14 18
14 37
15 1
15 41
16 0
16 9
17 8
17 40
18 3
18 31
19 34
19 44
20 20
20 25
21 42
21 43
22 12
22 39
23 6
23 33
24 2
24 3
25 20
25 25
26 1
26 11
27 14
27 42
28 5
28 37
29 36
29 45
30 4
30 44
31 8
31 27
32 0
32 40
33 22
33 43
34 26
34 38
35 4
35 7
36 16
36 39
37 17
37 31
38 11
38 35
39 9
39 23
40 13
40 28
41 30
41 35
42 18
42 24
43 12
43 24
44 15
44 26
45 16
45 32

# solution 641
# n=46 sym=rot4 status=verified source=flammenkamp_cache/n46_rot4.mvr
# code=mvr:0 12 0 21 1 10 1 27 2 29 2 39 3 13 3 21 
0 12
0 21
1 10
1 27
2 29
2 39
3 13
3 21
4 7
4 17
5 18
5 23
6 2
6 31
7 36
7 41
8 28
8 30
9 7
9 35
10 9
10 44
11 15
11 19
12 23
12 45
13 29
13 42
14 6
14 26
15 8
15 34
16 2
16 13
17 8
17 41
18 1
18 40
19 14
19 34
20 20
20 25
21 42
21 45
22 5
22 12
23 33
23 40
24 0
24 3
25 20
25 25
26 11
26 31
27 5
27 44
28 4
28 37
29 32
29 43
30 11
30 37
31 19
31 39
32 3
32 16
33 0
33 22
34 26
34 30
35 1
35 36
36 10
36 38
37 15
37 17
38 4
38 9
39 14
39 43
40 22
40 27
41 28
41 38
42 24
42 32
43 6
43 16
44 18
44 35
45 24
45 33

# solution 642
# n=46 sym=rot4 status=verified source=flammenkamp_cache/n46_rot4.mvr
# code=mvr:0 18 0 20 1 16 1 25 2 8 2 11 3 21 3 22 4
0 18
0 20
1 16
1 25
2 8
2 11
3 21
3 22
4 18
4 29
5 32
5 35
6 23
6 32
7 28
7 30
8 9
8 43
9 33
9 37
10 5
10 19
11 33
11 43
12 9
12 11
13 5
13 6
14 24
14 26
15 7
15 17
16 4
16 44
17 7
17 30
18 41
18 45
19 14
19 35
20 1
20 45
21 14
21 42
22 6
22 42
23 3
23 39
24 3
24 31
25 0
25 44
26 10
26 31
27 0
27 4
28 15
28 38
29 1
29 41
30 28
30 38
31 19
31 21
32 39
32 40
33 34
33 36
34 2
34 12
35 26
35 40
36 8
36 12
37 2
37 36
38 15
38 17
39 13
39 22
40 10
40 13
41 16
41 27
42 23
42 24
43 34
43 37
44 20
44 29
45 25
45 27

# solution 643
# n=46 sym=rot4 status=verified source=flammenkamp_cache/n46_rot4.mvr
# code=mvr:0 25 0 33 1 16 1 30 2 22 2 34 3 6 3 11 4
0 25
0 33
1 16
1 30
2 22
2 34
3 6
3 11
4 14
4 37
5 23
5 24
6 18
6 42
7 8
7 31
8 4
8 38
9 10
9 13
10 17
10 36
11 2
11 42
12 0
12 20
13 27
13 36
14 7
14 41
15 1
15 17
16 19
16 44
17 30
17 35
18 13
18 39
19 21
19 29
20 0
20 33
21 5
21 26
22 5
22 43
23 2
23 40
24 19
24 40
25 12
25 45
26 16
26 24
27 6
27 32
28 10
28 15
29 1
29 26
30 28
30 44
31 4
31 38
32 9
32 18
33 25
33 45
34 3
34 43
35 9
35 28
36 32
36 35
37 7
37 41
38 14
38 37
39 3
39 27
40 21
40 22
41 8
41 31
42 34
42 39
43 11
43 23
44 15
44 29
45 12
45 20

# solution 644
# n=46 sym=rot4 status=verified source=flammenkamp_cache/n46_rot4.mvr
# code=mvr:0 23 0 28 1 15 1 28 2 23 2 34 3 19 3 34 
0 23
0 28
1 15
1 28
2 23
2 34
3 19
3 34
4 5
4 10
5 37
5 41
6 24
6 31
7 14
7 19
8 5
8 33
9 12
9 21
10 29
10 41
11 2
11 3
12 8
12 36
13 18
13 30
14 6
14 38
15 13
15 44
16 10
16 18
17 0
17 1
18 29
18 32
19 38
19 42
20 20
20 25
21 6
21 36
22 0
22 2
23 43
23 45
24 9
24 39
25 20
25 25
26 3
26 7
27 13
27 16
28 44
28 45
29 27
29 35
30 1
30 32
31 7
31 39
32 15
32 27
33 9
33 37
34 42
34 43
35 4
35 16
36 24
36 33
37 12
37 40
38 26
38 31
39 14
39 21
40 4
40 8
41 35
41 40
42 11
42 26
43 11
43 22
44 17
44 30
45 17
45 22

# solution 645
# n=46 sym=rot4 status=verified source=flammenkamp_cache/n46_rot4.mvr
# code=mvr:0 17 0 25 1 15 1 20 2 8 2 32 3 21 3 36 4
0 17
0 25
1 15
1 20
2 8
2 32
3 21
3 36
4 17
4 38
5 6
5 23
6 10
6 40
7 4
7 30
8 16
8 43
9 3
9 21
10 32
10 39
11 18
11 33
12 11
12 23
13 2
13 10
14 16
14 18
15 7
15 44
16 31
16 37
17 41
17 45
18 31
18 34
19 19
19 26
20 0
20 44
21 36
21 42
22 5
22 12
23 33
23 40
24 3
24 9
25 1
25 45
26 19
26 26
27 11
27 14
28 0
28 4
29 8
29 14
30 1
30 38
31 27
31 29
32 35
32 43
33 22
33 34
34 12
34 27
35 6
35 13
36 24
36 42
37 2
37 29
38 15
38 41
39 5
39 35
40 22
40 39
41 7
41 28
42 9
42 24
43 13
43 37
44 25
44 30
45 20
45 28

# solution 646
# n=46 sym=rot4 status=verified source=flammenkamp_cache/n46_rot4.mvr
# code=mvr:0 4 0 34 1 14 1 29 2 23 2 25 3 7 3 20 4 
0 4
0 34
1 14
1 29
2 23
2 25
3 7
3 20
4 29
4 45
5 17
5 35
6 12
6 23
7 36
7 42
8 18
8 30
9 7
9 33
10 5
10 19
11 0
11 26
12 9
12 39
13 13
13 32
14 24
14 44
15 8
15 17
16 1
16 4
17 30
17 40
18 24
18 37
19 11
19 35
20 2
20 42
21 14
21 18
22 2
22 6
23 39
23 43
24 27
24 31
25 3
25 43
26 10
26 34
27 8
27 21
28 5
28 15
29 41
29 44
30 28
30 37
31 1
31 21
32 13
32 32
33 6
33 36
34 19
34 45
35 26
35 40
36 12
36 38
37 15
37 27
38 3
38 9
39 22
39 33
40 10
40 28
41 0
41 16
42 25
42 38
43 20
43 22
44 16
44 31
45 11
45 41

# solution 647
# n=46 sym=rot4 status=verified source=flammenkamp_cache/n46_rot4.mvr
# code=mvr:0 11 0 31 1 10 1 34 2 15 2 26 3 9 3 23 4
0 11
0 31
1 10
1 34
2 15
2 26
3 9
3 23
4 6
4 18
5 23
5 32
6 31
6 41
7 16
7 19
8 33
8 36
9 8
9 42
10 17
10 44
11 1
11 45
12 8
12 28
13 5
13 16
14 0
14 6
15 25
15 43
16 32
16 38
17 12
17 35
18 21
18 41
19 2
19 38
20 15
20 21
21 25
21 27
22 3
22 5
23 40
23 42
24 18
24 20
25 24
25 30
26 7
26 43
27 4
27 24
28 10
28 33
29 7
29 13
30 2
30 20
31 39
31 45
32 29
32 40
33 17
33 37
34 0
34 44
35 1
35 28
36 3
36 37
37 9
37 12
38 26
38 29
39 4
39 14
40 13
40 22
41 27
41 39
42 22
42 36
43 19
43 30
44 11
44 35
45 14
45 34

# solution 648
# n=46 sym=rot4 status=verified source=flammenkamp_cache/n46_rot4.mvr
# code=mvr:0 23 0 24 1 29 1 31 2 15 2 25 3 7 3 37 4
0 23
0 24
1 29
1 31
2 15
2 25
3 7
3 37
4 12
4 24
5 6
5 35
6 13
6 40
7 26
7 42
8 3
8 11
9 16
9 20
10 5
10 32
11 17
11 37
12 23
12 41
13 10
13 39
14 1
14 30
15 14
15 43
16 1
16 36
17 19
17 34
18 18
18 27
19 7
19 28
20 2
20 36
21 0
21 4
22 0
22 12
23 33
23 45
24 41
24 45
25 9
25 43
26 17
26 38
27 18
27 27
28 11
28 26
29 9
29 44
30 2
30 31
31 15
31 44
32 6
32 35
33 4
33 22
34 8
34 28
35 13
35 40
36 25
36 29
37 34
37 42
38 3
38 19
39 5
39 32
40 10
40 39
41 21
41 33
42 8
42 38
43 20
43 30
44 14
44 16
45 21
45 22

# solution 649
# n=46 sym=rot4 status=verified source=flammenkamp_cache/n46_rot4.mvr
# code=mvr:0 13 0 21 1 7 1 8 2 29 2 37 3 23 3 25 4 
0 13
0 21
1 7
1 8
2 29
2 37
3 23
3 25
4 25
4 33
5 14
5 15
6 30
6 34
7 10
7 44
8 2
8 44
9 24
9 32
10 28
10 38
11 6
11 33
12 4
12 11
13 9
13 45
14 19
14 40
15 6
15 40
16 2
16 18
17 10
17 18
18 28
18 29
19 23
19 31
20 3
20 4
21 9
21 45
22 3
22 19
23 26
23 42
24 0
24 36
25 41
25 42
26 14
26 22
27 16
27 17
28 27
28 35
29 27
29 43
30 5
30 39
31 5
31 26
32 0
32 36
33 34
33 41
34 12
34 39
35 7
35 17
36 13
36 21
37 1
37 43
38 1
38 35
39 11
39 15
40 30
40 31
41 12
41 20
42 20
42 22
43 8
43 16
44 37
44 38
45 24
45 32

# solution 650
# n=46 sym=rot4 status=verified source=flammenkamp_cache/n46_rot4.mvr
# code=mvr:0 23 0 34 1 18 1 24 2 31 2 32 3 6 3 17 4
0 23
0 34
1 18
1 24
2 31
2 32
3 6
3 17
4 23
4 32
5 27
5 35
6 7
6 42
7 19
7 39
8 8
8 37
9 15
9 19
10 5
10 11
11 0
11 35
12 15
12 25
13 2
13 4
14 2
14 16
15 33
15 36
16 25
16 31
17 21
17 42
18 5
18 44
19 36
19 38
20 12
20 16
21 1
21 28
22 0
22 4
23 41
23 45
24 17
24 44
25 29
25 33
26 7
26 9
27 1
27 40
28 3
28 24
29 14
29 20
30 9
30 12
31 29
31 43
32 41
32 43
33 20
33 30
34 10
34 45
35 34
35 40
36 26
36 30
37 8
37 37
38 6
38 26
39 3
39 38
40 10
40 18
41 13
41 22
42 28
42 39
43 13
43 14
44 21
44 27
45 11
45 22

# solution 651
# n=46 sym=rot4 status=verified source=flammenkamp_cache/n46_rot4.mvr
# code=mvr:0 15 0 20 1 11 1 22 2 26 2 37 3 5 3 12 4
0 15
0 20
1 11
1 22
2 26
2 37
3 5
3 12
4 19
4 36
5 17
5 42
6 25
6 29
7 24
7 31
8 2
8 12
9 4
9 10
10 23
10 36
11 29
11 44
12 37
12 42
13 14
13 24
14 7
14 32
15 17
15 45
16 6
16 11
17 30
17 40
18 18
18 27
19 2
19 41
20 6
20 45
21 7
21 13
22 10
22 44
23 1
23 35
24 32
24 38
25 0
25 39
26 4
26 43
27 18
27 27
28 5
28 15
29 34
29 39
30 0
30 28
31 13
31 38
32 21
32 31
33 3
33 8
34 1
34 16
35 9
35 22
36 35
36 41
37 33
37 43
38 14
38 21
39 16
39 20
40 3
40 28
41 9
41 26
42 33
42 40
43 8
43 19
44 23
44 34
45 25
45 30

# solution 652
# n=46 sym=rot4 status=verified source=flammenkamp_cache/n46_rot4.mvr
# code=mvr:0 15 0 33 1 25 1 38 2 15 2 23 3 11 3 14 
0 15
0 33
1 25
1 38
2 15
2 23
3 11
3 14
4 27
4 40
5 4
5 18
6 23
6 29
7 1
7 37
8 7
8 12
9 16
9 24
10 13
10 26
11 32
11 42
12 0
12 37
13 11
13 35
14 24
14 42
15 43
15 45
16 6
16 36
17 19
17 25
18 4
18 40
19 10
19 28
20 1
20 17
21 9
21 14
22 2
22 6
23 39
23 43
24 31
24 36
25 28
25 44
26 17
26 35
27 5
27 41
28 20
28 26
29 9
29 39
30 0
30 2
31 3
31 21
32 10
32 34
33 8
33 45
34 3
34 13
35 19
35 32
36 21
36 29
37 33
37 38
38 8
38 44
39 16
39 22
40 27
40 41
41 5
41 18
42 31
42 34
43 22
43 30
44 7
44 20
45 12
45 30

# solution 653
# n=46 sym=rot4 status=verified source=flammenkamp_cache/n46_rot4.mvr
# code=mvr:0 11 0 22 1 4 1 16 2 8 2 13 3 25 3 34 4 
0 11
0 22
1 4
1 16
2 8
2 13
3 25
3 34
4 21
4 44
5 19
5 35
6 18
6 30
7 30
7 31
8 35
8 43
9 21
9 23
10 5
10 8
11 3
11 45
12 17
12 31
13 16
13 43
14 7
14 12
15 6
15 7
16 32
16 44
17 27
17 33
18 17
18 39
19 20
19 40
20 3
20 26
21 36
21 41
22 9
22 45
23 0
23 36
24 4
24 9
25 19
25 42
26 5
26 25
27 6
27 28
28 12
28 18
29 1
29 13
30 38
30 39
31 33
31 38
32 2
32 29
33 14
33 28
34 0
34 42
35 37
35 40
36 22
36 24
37 2
37 10
38 14
38 15
39 15
39 27
40 10
40 26
41 1
41 24
42 11
42 20
43 32
43 37
44 29
44 41
45 23
45 34

# solution 654
# n=46 sym=rot4 status=verified source=flammenkamp_cache/n46_rot4.mvr
# code=mvr:0 18 0 20 1 2 1 20 2 28 2 44 3 30 3 31 4
0 18
0 20
1 2
1 20
2 28
2 44
3 30
3 31
4 9
4 10
5 12
5 24
6 7
6 18
7 9
7 39
8 12
8 32
9 38
9 41
10 21
10 41
11 19
11 31
12 37
12 40
13 8
13 23
14 3
14 11
15 3
15 28
16 19
16 23
17 2
17 15
18 39
18 45
19 29
19 34
20 44
20 45
21 5
21 35
22 13
22 16
23 29
23 32
24 10
24 40
25 0
25 1
26 11
26 16
27 0
27 6
28 30
28 43
29 22
29 26
30 17
30 42
31 34
31 42
32 22
32 37
33 5
33 8
34 14
34 26
35 4
35 24
36 4
36 7
37 13
37 33
38 6
38 36
39 27
39 38
40 21
40 33
41 35
41 36
42 14
42 15
43 1
43 17
44 25
44 43
45 25
45 27

# solution 655
# n=46 sym=rot4 status=verified source=flammenkamp_cache/n46_rot4.mvr
# code=mvr:0 13 0 21 1 25 1 29 2 17 2 25 3 17 3 32 
0 13
0 21
1 25
1 29
2 17
2 25
3 17
3 32
4 27
4 35
5 14
5 15
6 7
6 8
7 9
7 39
8 24
8 39
9 29
9 38
10 4
10 26
11 12
11 22
12 30
12 34
13 3
13 45
14 19
14 40
15 12
15 40
16 1
16 9
17 42
17 43
18 4
18 23
19 10
19 31
20 1
20 2
21 8
21 45
22 18
22 34
23 11
23 27
24 0
24 37
25 43
25 44
26 14
26 35
27 22
27 41
28 2
28 3
29 36
29 44
30 5
30 33
31 5
31 26
32 0
32 42
33 11
33 15
34 23
34 33
35 19
35 41
36 7
36 16
37 6
37 21
38 6
38 36
39 37
39 38
40 30
40 31
41 10
41 18
42 13
42 28
43 20
43 28
44 16
44 20
45 24
45 32

# solution 656
# n=46 sym=rot4 status=verified source=flammenkamp_cache/n46_rot4.mvr
# code=mvr:0 6 0 18 1 20 1 26 2 26 2 30 3 11 3 13 4
0 6
0 18
1 20
1 26
2 26
2 30
3 11
3 13
4 16
4 20
5 31
5 37
6 18
6 45
7 33
7 37
8 5
8 7
9 13
9 17
10 24
10 30
11 24
11 42
12 7
12 29
13 36
13 42
14 5
14 17
15 2
15 10
16 12
16 41
17 31
17 36
18 39
18 45
19 1
19 2
20 41
20 44
21 10
21 11
22 22
22 23
23 22
23 23
24 34
24 35
25 1
25 4
26 43
26 44
27 0
27 6
28 9
28 14
29 4
29 33
30 35
30 43
31 28
31 40
32 3
32 9
33 16
33 38
34 3
34 21
35 15
35 21
36 28
36 32
37 38
37 40
38 8
38 12
39 0
39 27
40 8
40 14
41 25
41 29
42 32
42 34
43 15
43 19
44 19
44 25
45 27
45 39

# solution 657
# n=46 sym=rot4 status=verified source=flammenkamp_cache/n46_rot4.mvr
# code=mvr:0 17 0 23 1 6 1 24 2 14 2 29 3 12 3 17 4
0 17
0 23
1 6
1 24
2 14
2 29
3 12
3 17
4 23
4 34
5 9
5 27
6 30
6 44
7 19
7 27
8 9
8 35
9 37
9 40
10 8
10 14
11 4
11 13
12 20
12 42
13 24
13 34
14 35
14 43
15 6
15 20
16 2
16 26
17 42
17 45
18 5
18 7
19 16
19 38
20 30
20 33
21 1
21 13
22 0
22 4
23 41
23 45
24 32
24 44
25 12
25 15
26 7
26 29
27 38
27 40
28 0
28 3
29 19
29 43
30 25
30 39
31 2
31 10
32 11
32 21
33 3
33 25
34 32
34 41
35 31
35 37
36 5
36 8
37 10
37 36
38 18
38 26
39 1
39 15
40 18
40 36
41 11
41 22
42 28
42 33
43 16
43 31
44 21
44 39
45 22
45 28

# solution 658
# n=46 sym=rot4 status=verified source=flammenkamp_cache/n46_rot4.mvr
# code=mvr:0 22 0 26 1 15 1 38 2 6 2 20 3 11 3 28 4
0 22
0 26
1 15
1 38
2 6
2 20
3 11
3 28
4 31
4 32
5 24
5 29
6 36
6 43
7 1
7 9
8 15
8 35
9 6
9 38
10 8
10 25
11 29
11 42
12 24
12 32
13 4
13 12
14 4
14 18
15 37
15 44
16 5
16 11
17 3
17 23
18 19
18 31
19 0
19 27
20 10
20 43
21 5
21 12
22 17
22 45
23 0
23 28
24 33
24 40
25 2
25 35
26 18
26 45
27 14
27 26
28 22
28 42
29 34
29 40
30 1
30 8
31 27
31 41
32 33
32 41
33 13
33 21
34 3
34 16
35 20
35 37
36 7
36 39
37 10
37 30
38 36
38 44
39 2
39 9
40 16
40 21
41 13
41 14
42 17
42 34
43 25
43 39
44 7
44 30
45 19
45 23

# solution 659
# n=46 sym=rot4 status=verified source=flammenkamp_cache/n46_rot4.mvr
# code=mvr:0 8 0 32 1 11 1 14 2 4 2 22 3 18 3 25 4 
0 8
0 32
1 11
1 14
2 4
2 22
3 18
3 25
4 16
4 43
5 6
5 17
6 30
6 40
7 24
7 36
8 23
8 45
9 7
9 13
10 10
10 35
11 33
11 44
12 11
12 17
13 0
13 36
14 25
14 44
15 6
15 26
16 19
16 41
17 33
17 40
18 21
18 42
19 15
19 29
20 3
20 14
21 7
21 27
22 8
22 43
23 2
23 37
24 18
24 38
25 31
25 42
26 16
26 30
27 3
27 24
28 5
28 12
29 4
29 26
30 19
30 39
31 1
31 20
32 9
32 45
33 28
33 34
34 1
34 12
35 10
35 35
36 32
36 38
37 0
37 22
38 9
38 21
39 5
39 15
40 28
40 39
41 2
41 29
42 20
42 27
43 23
43 41
44 31
44 34
45 13
45 37

# solution 660
# n=46 sym=rot4 status=verified source=flammenkamp_cache/n46_rot4.mvr
# code=mvr:0 12 0 22 1 14 1 30 2 19 2 34 3 12 3 21 
0 12
0 22
1 14
1 30
2 19
2 34
3 12
3 21
4 10
4 19
5 23
5 32
6 7
6 37
7 10
7 39
8 6
8 21
9 17
9 29
10 38
10 41
11 2
11 30
12 42
12 45
13 5
13 20
14 25
14 44
15 1
15 11
16 9
16 18
17 18
17 36
18 28
18 29
19 41
19 43
20 14
20 32
21 37
21 42
22 5
22 45
23 0
23 40
24 3
24 8
25 13
25 31
26 2
26 4
27 16
27 17
28 9
28 27
29 27
29 36
30 34
30 44
31 1
31 20
32 25
32 40
33 0
33 3
34 15
34 43
35 4
35 7
36 16
36 28
37 24
37 39
38 6
38 35
39 8
39 38
40 13
40 22
41 26
41 35
42 24
42 33
43 11
43 26
44 15
44 31
45 23
45 33

# solution 661
# n=46 sym=rot4 status=verified source=flammenkamp_cache/n46_rot4.mvr
# code=mvr:0 23 0 37 1 17 1 32 2 26 2 33 3 21 3 27 
0 23
0 37
1 17
1 32
2 26
2 33
3 21
3 27
4 6
4 11
5 5
5 40
6 26
6 41
7 8
7 18
8 0
8 38
9 23
9 30
10 12
10 13
11 30
11 41
12 2
12 35
13 1
13 35
14 20
14 24
15 9
15 11
16 25
16 28
17 16
17 44
18 3
18 38
19 2
19 6
20 16
20 31
21 14
21 42
22 0
22 9
23 36
23 45
24 3
24 31
25 14
25 29
26 39
26 43
27 7
27 42
28 1
28 29
29 17
29 20
30 34
30 36
31 21
31 25
32 10
32 44
33 10
33 43
34 4
34 15
35 32
35 33
36 15
36 22
37 7
37 45
38 27
38 37
39 4
39 19
40 5
40 40
41 34
41 39
42 18
42 24
43 12
43 19
44 13
44 28
45 8
45 22

# solution 662
# n=46 sym=rot4 status=verified source=flammenkamp_cache/n46_rot4.mvr
# code=mvr:0 19 0 31 1 12 1 31 2 9 2 22 3 18 3 30 4
0 19
0 31
1 12
1 31
2 9
2 22
3 18
3 30
4 32
4 33
5 13
5 21
6 8
6 38
7 6
7 25
8 28
8 39
9 19
9 43
10 20
10 21
11 28
11 29
12 4
12 44
13 4
13 40
14 0
14 1
15 3
15 18
16 11
16 23
17 8
17 11
18 30
18 42
19 36
19 45
20 7
20 35
21 35
21 40
22 16
22 43
23 2
23 29
24 5
24 10
25 10
25 38
26 0
26 9
27 3
27 15
28 34
28 37
29 22
29 34
30 27
30 42
31 44
31 45
32 5
32 41
33 1
33 41
34 16
34 17
35 24
35 25
36 2
36 26
37 6
37 17
38 20
38 39
39 7
39 37
40 24
40 32
41 12
41 13
42 15
42 27
43 23
43 36
44 14
44 33
45 14
45 26

# solution 663
# n=46 sym=rot4 status=verified source=flammenkamp_cache/n46_rot4.mvr
# code=mvr:0 16 0 28 1 19 1 29 2 13 2 33 3 10 3 34 
0 16
0 28
1 19
1 29
2 13
2 33
3 10
3 34
4 11
4 31
5 18
5 24
6 27
6 33
7 9
7 21
8 22
8 31
9 13
9 38
10 30
10 42
11 3
11 41
12 2
12 6
13 36
13 43
14 4
14 8
15 10
15 26
16 1
16 45
17 0
17 20
18 6
18 40
19 15
19 44
20 23
20 28
21 5
21 38
22 20
22 37
23 8
23 25
24 7
24 40
25 17
25 22
26 1
26 30
27 5
27 39
28 25
28 45
29 0
29 44
30 19
30 35
31 37
31 41
32 2
32 9
33 39
33 43
34 4
34 42
35 3
35 15
36 7
36 32
37 14
37 23
38 24
38 36
39 12
39 18
40 21
40 27
41 14
41 34
42 11
42 35
43 12
43 32
44 16
44 26
45 17
45 29

# solution 664
# n=46 sym=rot4 status=verified source=flammenkamp_cache/n46_rot4.mvr
# code=mvr:0 21 0 37 1 17 1 20 2 15 2 38 3 11 3 17 
0 21
0 37
1 17
1 20
2 15
2 38
3 11
3 17
4 27
4 31
5 31
5 35
6 8
6 32
7 2
7 27
8 0
8 39
9 15
9 24
10 5
10 19
11 12
11 42
12 32
12 34
13 6
13 12
14 4
14 5
15 36
15 43
16 23
16 26
17 42
17 44
18 4
18 7
19 16
19 35
20 23
20 44
21 9
21 45
22 16
22 20
23 25
23 29
24 0
24 36
25 1
25 22
26 10
26 29
27 38
27 41
28 1
28 3
29 19
29 22
30 2
30 9
31 40
31 41
32 33
32 39
33 11
33 13
34 3
34 33
35 26
35 40
36 21
36 30
37 6
37 45
38 18
38 43
39 13
39 37
40 10
40 14
41 14
41 18
42 28
42 34
43 7
43 30
44 25
44 28
45 8
45 24

# solution 665
# n=46 sym=rot4 status=verified source=flammenkamp_cache/n46_rot4.mvr
# code=mvr:0 11 0 18 1 20 1 21 2 28 2 36 3 11 3 32 
0 11
0 18
1 20
1 21
2 28
2 36
3 11
3 32
4 10
4 18
5 7
5 23
6 12
6 35
7 26
7 40
8 23
8 28
9 2
9 33
10 6
10 41
11 42
11 45
12 9
12 39
13 3
13 30
14 15
14 19
15 13
15 31
16 20
16 24
17 2
17 8
18 41
18 45
19 7
19 31
20 29
20 44
21 16
21 44
22 5
22 8
23 37
23 40
24 1
24 29
25 1
25 16
26 14
26 38
27 0
27 4
28 37
28 43
29 21
29 25
30 14
30 32
31 26
31 30
32 15
32 42
33 6
33 36
34 0
34 3
35 4
35 39
36 12
36 43
37 17
37 22
38 5
38 19
39 10
39 33
40 22
40 38
41 27
41 35
42 13
42 34
43 9
43 17
44 24
44 25
45 27
45 34

# solution 666
# n=46 sym=rot4 status=verified source=flammenkamp_cache/n46_rot4.mvr
# code=mvr:0 13 0 38 1 19 1 23 2 29 2 31 3 5 3 23 4
0 13
0 38
1 19
1 23
2 29
2 31
3 5
3 23
4 10
4 19
5 16
5 42
6 24
6 30
7 0
7 17
8 12
8 36
9 8
9 32
10 27
10 41
11 17
11 31
12 24
12 37
13 9
13 45
14 2
14 11
15 6
15 25
16 2
16 40
17 34
17 38
18 10
18 20
19 41
19 44
20 15
20 27
21 6
21 12
22 1
22 3
23 42
23 44
24 33
24 39
25 18
25 30
26 1
26 4
27 25
27 35
28 7
28 11
29 5
29 43
30 20
30 39
31 34
31 43
32 0
32 36
33 8
33 21
34 14
34 28
35 4
35 18
36 13
36 37
37 9
37 33
38 28
38 45
39 15
39 21
40 3
40 29
41 26
41 35
42 22
42 40
43 14
43 16
44 22
44 26
45 7
45 32

# solution 667
# n=46 sym=rot4 status=verified source=flammenkamp_cache/n46_rot4.mvr
# code=mvr:0 17 0 22 1 10 1 12 2 16 2 24 3 8 3 31 4
0 17
0 22
1 10
1 12
2 16
2 24
3 8
3 31
4 9
4 35
5 32
5 38
6 24
6 26
7 5
7 28
8 12
8 42
9 15
9 41
10 4
10 44
11 19
11 27
12 37
12 44
13 5
13 25
14 3
14 18
15 29
15 36
16 15
16 43
17 7
17 45
18 11
18 31
19 6
19 34
20 13
20 23
21 2
21 6
22 20
22 45
23 0
23 25
24 39
24 43
25 22
25 32
26 11
26 39
27 14
27 34
28 0
28 38
29 2
29 30
30 9
30 16
31 27
31 42
32 20
32 40
33 1
33 8
34 18
34 26
35 1
35 41
36 4
36 30
37 3
37 33
38 17
38 40
39 19
39 21
40 7
40 13
41 10
41 36
42 14
42 37
43 21
43 29
44 33
44 35
45 23
45 28

# solution 668
# n=46 sym=rot4 status=verified source=flammenkamp_cache/n46_rot4.mvr
# code=mvr:0 19 0 25 1 28 1 35 2 12 2 16 3 9 3 18 4
0 19
0 25
1 28
1 35
2 12
2 16
3 9
3 18
4 8
4 23
5 23
5 33
6 8
6 16
7 14
7 30
8 39
8 41
9 35
9 42
10 1
10 9
11 20
11 31
12 5
12 43
13 28
13 30
14 11
14 38
15 7
15 13
16 39
16 43
17 1
17 13
18 26
18 42
19 18
19 45
20 0
20 34
21 21
21 24
22 4
22 5
23 40
23 41
24 21
24 24
25 11
25 45
26 0
26 27
27 3
27 19
28 32
28 44
29 2
29 6
30 32
30 38
31 7
31 34
32 15
32 17
33 2
33 40
34 14
34 25
35 36
35 44
36 3
36 10
37 4
37 6
38 15
38 31
39 29
39 37
40 12
40 22
41 22
41 37
42 27
42 36
43 29
43 33
44 10
44 17
45 20
45 26

# solution 669
# n=46 sym=rot4 status=verified source=flammenkamp_cache/n46_rot4.mvr
# code=mvr:0 16 0 19 1 27 1 34 2 15 2 21 3 11 3 32 
0 16
0 19
1 27
1 34
2 15
2 21
3 11
3 32
4 19
4 25
5 17
5 29
6 8
6 36
7 8
7 10
8 38
8 39
9 6
9 32
10 28
10 38
11 1
11 42
12 12
12 33
13 3
13 9
14 18
14 25
15 22
15 43
16 5
16 45
17 10
17 40
18 1
18 31
19 41
19 45
20 4
20 14
21 23
21 43
22 21
22 30
23 15
23 24
24 2
24 22
25 31
25 41
26 0
26 4
27 14
27 44
28 5
28 35
29 0
29 40
30 2
30 23
31 20
31 27
32 36
32 42
33 12
33 33
34 3
34 44
35 7
35 17
36 13
36 39
37 6
37 7
38 35
38 37
39 9
39 37
40 16
40 28
41 20
41 26
42 13
42 34
43 24
43 30
44 11
44 18
45 26
45 29

# solution 670
# n=46 sym=rot4 status=verified source=flammenkamp_cache/n46_rot4.mvr
# code=mvr:0 13 0 14 1 12 1 25 2 17 2 20 3 6 3 12 4
0 13
0 14
1 12
1 25
2 17
2 20
3 6
3 12
4 5
4 29
5 39
5 41
6 5
6 42
7 26
7 30
8 19
8 23
9 14
9 29
10 27
10 30
11 17
11 21
12 42
12 44
13 23
13 45
14 36
14 45
15 7
15 10
16 4
16 9
17 34
17 43
18 10
18 21
19 7
19 37
20 1
20 43
21 27
21 34
22 8
22 13
23 32
23 37
24 11
24 18
25 2
25 44
26 8
26 38
27 24
27 35
28 2
28 11
29 36
29 41
30 35
30 38
31 0
31 9
32 0
32 22
33 1
33 3
34 24
34 28
35 15
35 18
36 16
36 31
37 22
37 26
38 15
38 19
39 3
39 40
40 4
40 6
41 16
41 40
42 33
42 39
43 25
43 28
44 20
44 33
45 31
45 32

# solution 671
# n=46 sym=rot4 status=verified source=flammenkamp_cache/n46_rot4.mvr
# code=mvr:0 17 0 26 1 26 1 31 2 20 2 23 3 5 3 16 4
0 17
0 26
1 26
1 31
2 20
2 23
3 5
3 16
4 24
4 33
5 16
5 42
6 7
6 31
7 10
7 39
8 15
8 27
9 24
9 32
10 34
10 38
11 10
11 13
12 4
12 18
13 9
13 34
14 1
14 6
15 25
15 37
16 40
16 42
17 23
17 45
18 8
18 33
19 0
19 1
20 15
20 43
21 4
21 9
22 2
22 17
23 28
23 43
24 36
24 41
25 2
25 30
26 44
26 45
27 12
27 37
28 0
28 22
29 3
29 5
30 8
30 20
31 39
31 44
32 11
32 36
33 27
33 41
34 32
34 35
35 7
35 11
36 13
36 21
37 18
37 30
38 6
38 35
39 14
39 38
40 3
40 29
41 12
41 21
42 29
42 40
43 22
43 25
44 14
44 19
45 19
45 28

# solution 672
# n=46 sym=rot4 status=verified source=flammenkamp_cache/n46_rot4.mvr
# code=mvr:0 19 0 31 1 18 1 24 2 13 2 22 3 9 3 35 4
0 19
0 31
1 18
1 24
2 13
2 22
3 9
3 35
4 26
4 38
5 5
5 40
6 17
6 27
7 4
7 30
8 13
8 35
9 33
9 42
10 3
10 8
11 24
11 28
12 9
12 31
13 37
13 43
14 0
14 12
15 7
15 23
16 20
16 25
17 11
17 39
18 6
18 44
19 4
19 45
20 16
20 29
21 1
21 11
22 15
22 43
23 2
23 30
24 34
24 44
25 16
25 29
26 0
26 41
27 1
27 39
28 6
28 34
29 20
29 25
30 22
30 38
31 33
31 45
32 2
32 8
33 14
33 36
34 17
34 21
35 37
35 42
36 3
36 12
37 10
37 32
38 15
38 41
39 18
39 28
40 5
40 40
41 7
41 19
42 10
42 36
43 23
43 32
44 21
44 27
45 14
45 26

# solution 673
# n=46 sym=rot4 status=verified source=flammenkamp_cache/n46_rot4.mvr
# code=mvr:0 34 0 36 1 26 1 28 2 3 2 21 3 13 3 43 4
0 34
0 36
1 26
1 28
2 3
2 21
3 13
3 43
4 18
4 22
5 32
5 36
6 7
6 8
7 28
7 39
8 15
8 39
9 0
9 5
10 15
10 33
11 0
11 14
12 10
12 25
13 5
13 42
14 19
14 34
15 35
15 37
16 23
16 25
17 1
17 7
18 21
18 41
19 1
19 31
20 12
20 16
21 27
21 43
22 16
22 41
23 4
23 29
24 2
24 18
25 29
25 33
26 14
26 44
27 4
27 24
28 38
28 44
29 20
29 22
30 8
30 10
31 11
31 26
32 3
32 40
33 20
33 35
34 31
34 45
35 12
35 30
36 40
36 45
37 6
37 30
38 6
38 17
39 37
39 38
40 9
40 13
41 23
41 27
42 2
42 32
43 24
43 42
44 17
44 19
45 9
45 11

# solution 674
# n=46 sym=rot4 status=verified source=flammenkamp_cache/n46_rot4.mvr
# code=mvr:0 11 0 25 1 18 1 25 2 8 2 15 3 6 3 21 4 
0 11
0 25
1 18
1 25
2 8
2 15
3 6
3 21
4 29
4 37
5 32
5 38
6 19
6 42
7 5
7 26
8 4
8 43
9 31
9 35
10 9
10 34
11 10
11 45
12 17
12 23
13 5
13 17
14 9
14 29
15 23
15 43
16 4
16 14
17 32
17 33
18 21
18 44
19 7
19 39
20 0
20 1
21 27
21 42
22 12
22 15
23 30
23 33
24 3
24 18
25 44
25 45
26 6
26 38
27 1
27 24
28 12
28 13
29 31
29 41
30 2
30 22
31 16
31 36
32 28
32 40
33 22
33 28
34 0
34 35
35 11
35 36
36 10
36 14
37 2
37 41
38 19
38 40
39 3
39 26
40 7
40 13
41 8
41 16
42 24
42 39
43 30
43 37
44 20
44 27
45 20
45 34

# solution 675
# n=46 sym=rot4 status=verified source=flammenkamp_cache/n46_rot4.mvr
# code=mvr:0 32 0 34 1 12 1 40 2 16 2 23 3 18 3 27 
0 32
0 34
1 12
1 40
2 16
2 23
3 18
3 27
4 25
4 32
5 1
5 21
6 8
6 16
7 21
7 35
8 14
8 39
9 28
9 34
10 7
10 28
11 0
11 9
12 30
12 44
13 0
13 4
14 23
14 37
15 12
15 20
16 39
16 43
17 9
17 10
18 3
18 42
19 19
19 26
20 4
20 30
21 38
21 40
22 2
22 14
23 31
23 43
24 5
24 7
25 15
25 41
26 19
26 26
27 3
27 42
28 35
28 36
29 2
29 6
30 25
30 33
31 8
31 22
32 41
32 45
33 1
33 15
34 36
34 45
35 17
35 38
36 11
36 17
37 6
37 31
38 10
38 24
39 29
39 37
40 24
40 44
41 13
41 20
42 18
42 27
43 22
43 29
44 5
44 33
45 11
45 13

# solution 676
# n=46 sym=rot4 status=verified source=flammenkamp_cache/n46_rot4.mvr
# code=mvr:0 23 0 27 1 18 1 29 2 20 2 36 3 32 3 39 
0 23
0 27
1 18
1 29
2 20
2 36
3 32
3 39
4 15
4 36
5 19
5 25
6 3
6 12
7 8
7 28
8 33
8 38
9 2
9 4
10 26
10 34
11 10
11 31
12 8
12 39
13 3
13 15
14 11
14 23
15 32
15 41
16 1
16 21
17 7
17 24
18 0
18 44
19 10
19 40
20 5
20 43
21 17
21 29
22 0
22 14
23 31
23 45
24 16
24 28
25 2
25 40
26 5
26 35
27 1
27 45
28 21
28 38
29 24
29 44
30 4
30 13
31 22
31 34
32 30
32 42
33 6
33 37
34 14
34 35
35 11
35 19
36 41
36 43
37 7
37 12
38 17
38 37
39 33
39 42
40 20
40 26
41 9
41 30
42 6
42 13
43 9
43 25
44 16
44 27
45 18
45 22

# solution 677
# n=46 sym=rot4 status=verified source=flammenkamp_cache/n46_rot4.mvr
# code=mvr:0 13 0 25 1 8 1 21 2 7 2 8 3 34 3 35 4 2
0 13
0 25
1 8
1 21
2 7
2 8
3 34
3 35
4 25
4 39
5 21
5 23
6 4
6 15
7 28
7 43
8 43
8 44
9 27
9 28
10 3
10 32
11 3
11 12
12 18
12 34
13 10
13 45
14 16
14 26
15 29
15 39
16 15
16 31
17 7
17 9
18 9
18 33
19 14
19 23
20 0
20 4
21 40
21 44
22 5
22 19
23 26
23 40
24 1
24 5
25 41
25 45
26 22
26 31
27 12
27 36
28 36
28 38
29 14
29 30
30 6
30 16
31 19
31 29
32 0
32 35
33 11
33 27
34 33
34 42
35 13
35 42
36 17
36 18
37 1
37 2
38 2
38 17
39 30
39 41
40 22
40 24
41 6
41 20
42 10
42 11
43 37
43 38
44 24
44 37
45 20
45 32

# solution 678
# n=46 sym=rot4 status=verified source=flammenkamp_cache/n46_rot4.mvr
# code=mvr:0 20 0 28 1 7 1 21 2 16 2 21 3 12 3 18 4
0 20
0 28
1 7
1 21
2 16
2 21
3 12
3 18
4 28
4 38
5 32
5 36
6 27
6 37
7 4
7 44
8 6
8 15
9 5
9 11
10 23
10 31
11 29
11 36
12 23
12 42
13 5
13 14
14 10
14 32
15 25
15 37
16 11
16 43
17 0
17 4
18 6
18 42
19 19
19 26
20 15
20 45
21 43
21 44
22 10
22 12
23 33
23 35
24 1
24 2
25 0
25 30
26 19
26 26
27 3
27 39
28 41
28 45
29 2
29 34
30 8
30 20
31 13
31 35
32 31
32 40
33 3
33 22
34 9
34 16
35 14
35 22
36 34
36 40
37 30
37 39
38 1
38 41
39 8
39 18
40 9
40 13
41 7
41 17
42 27
42 33
43 24
43 29
44 24
44 38
45 17
45 25

# solution 679
# n=46 sym=rot4 status=verified source=flammenkamp_cache/n46_rot4.mvr
# code=mvr:0 16 0 23 1 17 1 19 2 19 2 35 3 10 3 39 
0 16
0 23
1 17
1 19
2 19
2 35
3 10
3 39
4 24
4 32
5 17
5 18
6 3
6 8
7 14
7 34
8 33
8 39
9 21
9 23
10 2
10 42
11 7
11 20
12 8
12 13
13 4
13 33
14 20
14 38
15 15
15 30
16 18
16 45
17 40
17 44
18 29
18 40
19 43
19 44
20 31
20 34
21 4
21 36
22 0
22 9
23 36
23 45
24 9
24 41
25 11
25 14
26 1
26 2
27 5
27 16
28 1
28 5
29 0
29 27
30 15
30 30
31 7
31 25
32 12
32 41
33 32
33 37
34 25
34 38
35 3
35 43
36 22
36 24
37 6
37 12
38 11
38 31
39 37
39 42
40 27
40 28
41 13
41 21
42 6
42 35
43 10
43 26
44 26
44 28
45 22
45 29

# solution 680
# n=46 sym=rot4 status=verified source=flammenkamp_cache/n46_rot4.mvr
# code=mvr:0 22 0 27 1 14 1 28 2 12 2 33 3 21 3 26 
0 22
0 27
1 14
1 28
2 12
2 33
3 21
3 26
4 16
4 37
5 29
5 35
6 34
6 38
7 6
7 9
8 4
8 23
9 15
9 38
10 5
10 32
11 6
11 20
12 2
12 43
13 10
13 30
14 25
14 44
15 13
15 36
16 5
16 41
17 1
17 21
18 0
18 19
19 3
19 27
20 14
20 34
21 28
21 42
22 8
22 45
23 0
23 37
24 3
24 17
25 11
25 31
26 18
26 42
27 26
27 45
28 24
28 44
29 4
29 40
30 9
30 32
31 1
31 20
32 15
32 35
33 2
33 43
34 25
34 39
35 13
35 40
36 7
36 30
37 22
37 41
38 36
38 39
39 7
39 11
40 10
40 16
41 8
41 29
42 19
42 24
43 12
43 33
44 17
44 31
45 18
45 23

# solution 681
# n=46 sym=rot4 status=verified source=flammenkamp_cache/n46_rot4.mvr
# code=mvr:0 17 0 23 1 16 1 31 2 27 2 34 3 20 3 41 
0 17
0 23
1 16
1 31
2 27
2 34
3 20
3 41
4 3
4 7
5 7
5 35
6 18
6 25
7 40
7 41
8 13
8 23
9 12
9 34
10 5
10 29
11 2
11 9
12 24
12 36
13 19
13 37
14 1
14 15
15 26
15 31
16 10
16 44
17 24
17 45
18 2
18 39
19 15
19 32
20 6
20 42
21 12
21 17
22 0
22 8
23 37
23 45
24 28
24 33
25 3
25 39
26 13
26 30
27 6
27 43
28 0
28 21
29 1
29 35
30 14
30 19
31 30
31 44
32 8
32 26
33 9
33 21
34 36
34 43
35 16
35 40
36 11
36 33
37 22
37 32
38 4
38 5
39 20
39 27
40 10
40 38
41 38
41 42
42 4
42 25
43 11
43 18
44 14
44 29
45 22
45 28

# solution 682
# n=46 sym=rot4 status=verified source=flammenkamp_cache/n46_rot4.mvr
# code=mvr:0 21 0 29 1 19 1 32 2 21 2 37 3 11 3 27 
0 21
0 29
1 19
1 32
2 21
2 37
3 11
3 27
4 9
4 37
5 12
5 38
6 10
6 22
7 5
7 28
8 2
8 4
9 26
9 41
10 16
10 39
11 14
11 42
12 32
12 40
13 1
13 12
14 23
14 34
15 27
15 28
16 0
16 35
17 7
17 15
18 3
18 15
19 9
19 44
20 20
20 25
21 43
21 45
22 14
22 39
23 6
23 31
24 0
24 2
25 20
25 25
26 1
26 36
27 30
27 42
28 30
28 38
29 10
29 45
30 17
30 18
31 11
31 22
32 33
32 44
33 5
33 13
34 3
34 31
35 6
35 29
36 4
36 19
37 41
37 43
38 17
38 40
39 23
39 35
40 7
40 33
41 8
41 36
42 18
42 34
43 8
43 24
44 13
44 26
45 16
45 24

# solution 683
# n=46 sym=rot4 status=verified source=flammenkamp_cache/n46_rot4.mvr
# code=mvr:0 25 0 30 1 18 1 39 2 14 2 38 3 22 3 28 
0 25
0 30
1 18
1 39
2 14
2 38
3 22
3 28
4 12
4 31
5 9
5 18
6 1
6 12
7 2
7 10
8 16
8 23
9 25
9 40
10 13
10 38
11 21
11 32
12 39
12 41
13 11
13 35
14 4
14 43
15 0
15 24
16 28
16 37
17 3
17 16
18 40
18 44
19 19
19 26
20 0
20 9
21 15
21 34
22 8
22 42
23 3
23 37
24 11
24 30
25 36
25 45
26 19
26 26
27 1
27 5
28 29
28 42
29 8
29 17
30 21
30 45
31 2
31 41
32 10
32 34
33 4
33 6
34 13
34 24
35 7
35 32
36 5
36 20
37 22
37 29
38 35
38 43
39 33
39 44
40 27
40 36
41 14
41 33
42 17
42 23
43 7
43 31
44 6
44 27
45 15
45 20

# solution 684
# n=46 sym=rot4 status=verified source=flammenkamp_cache/n46_rot4.mvr
# code=mvr:0 11 0 13 1 27 1 28 2 27 2 28 3 13 3 15 
0 11
0 13
1 27
1 28
2 27
2 28
3 13
3 15
4 23
4 35
5 34
5 37
6 30
6 31
7 8
7 16
8 5
8 38
9 24
9 29
10 4
10 24
11 5
11 45
12 26
12 31
13 42
13 45
14 6
14 12
15 6
15 42
16 9
16 38
17 1
17 2
18 1
18 2
19 12
19 23
20 20
20 25
21 9
21 10
22 4
22 19
23 26
23 41
24 35
24 36
25 20
25 25
26 22
26 33
27 43
27 44
28 43
28 44
29 7
29 36
30 3
30 39
31 33
31 39
32 0
32 3
33 14
33 19
34 0
34 40
35 21
35 41
36 16
36 21
37 7
37 40
38 29
38 37
39 14
39 15
40 8
40 11
41 10
41 22
42 30
42 32
43 17
43 18
44 17
44 18
45 32
45 34

# solution 685
# n=46 sym=rot4 status=verified source=flammenkamp_cache/n46_rot4.mvr
# code=mvr:0 28 0 30 1 22 1 35 2 20 2 37 3 8 3 23 4
0 28
0 30
1 22
1 35
2 20
2 37
3 8
3 23
4 19
4 34
5 17
5 21
6 7
6 26
7 12
7 39
8 2
8 42
9 30
9 34
10 1
10 21
11 4
11 9
12 16
12 38
13 14
13 20
14 27
14 32
15 0
15 9
16 18
16 33
17 0
17 40
18 14
18 29
19 6
19 41
20 32
20 43
21 35
21 40
22 3
22 44
23 1
23 42
24 5
24 10
25 2
25 13
26 4
26 39
27 16
27 31
28 5
28 45
29 12
29 27
30 36
30 45
31 13
31 18
32 25
32 31
33 7
33 29
34 36
34 41
35 24
35 44
36 11
36 15
37 3
37 43
38 6
38 33
39 19
39 38
40 24
40 28
41 11
41 26
42 22
42 37
43 8
43 25
44 10
44 23
45 15
45 17

# solution 686
# n=46 sym=rot4 status=verified source=flammenkamp_cache/n46_rot4.mvr
# code=mvr:0 35 0 43 1 14 1 23 2 0 2 26 3 18 3 40 4
0 35
0 43
1 14
1 23
2 0
2 26
3 18
3 40
4 33
4 40
5 3
5 4
6 16
6 26
7 23
7 32
8 15
8 36
9 8
9 20
10 0
10 28
11 15
11 20
12 4
12 16
13 7
13 21
14 17
14 44
15 34
15 37
16 33
16 39
17 10
17 31
18 24
18 42
19 2
19 6
20 34
20 36
21 18
21 32
22 1
22 7
23 38
23 44
24 13
24 27
25 9
25 11
26 39
26 43
27 3
27 21
28 14
28 35
29 6
29 12
30 8
30 11
31 1
31 28
32 24
32 38
33 29
33 41
34 25
34 30
35 17
35 45
36 25
36 37
37 9
37 30
38 13
38 22
39 19
39 29
40 41
40 42
41 5
41 12
42 5
42 27
43 19
43 45
44 22
44 31
45 2
45 10

# solution 687
# n=46 sym=rot4 status=verified source=flammenkamp_cache/n46_rot4.mvr
# code=mvr:0 12 0 13 1 7 1 31 2 6 2 37 3 22 3 24 4 
0 12
0 13
1 7
1 31
2 6
2 37
3 22
3 24
4 20
4 26
5 6
5 29
6 40
6 43
7 31
7 44
8 2
8 17
9 11
9 32
10 10
10 35
11 18
11 36
12 23
12 45
13 9
13 45
14 1
14 7
15 18
15 29
16 5
16 15
17 25
17 37
18 30
18 34
19 4
19 24
20 17
20 41
21 3
21 19
22 12
22 42
23 3
23 33
24 26
24 42
25 4
25 28
26 21
26 41
27 11
27 15
28 8
28 20
29 30
29 40
30 16
30 27
31 38
31 44
32 0
32 36
33 0
33 22
34 9
34 27
35 10
35 35
36 13
36 34
37 28
37 43
38 1
38 14
39 2
39 5
40 16
40 39
41 19
41 25
42 21
42 23
43 8
43 39
44 14
44 38
45 32
45 33

# solution 688
# n=46 sym=rot4 status=verified source=flammenkamp_cache/n46_rot4.mvr
# code=mvr:0 16 0 18 1 15 1 31 2 10 2 39 3 22 3 25 
0 16
0 18
1 15
1 31
2 10
2 39
3 22
3 25
4 10
4 36
5 5
5 40
6 2
6 18
7 28
7 33
8 11
8 23
9 4
9 21
10 41
10 43
11 33
11 37
12 7
12 11
13 15
13 19
14 1
14 24
15 32
15 44
16 25
16 45
17 7
17 19
18 39
18 45
19 28
19 32
20 3
20 16
21 14
21 36
22 8
22 42
23 3
23 37
24 9
24 31
25 29
25 42
26 13
26 17
27 0
27 6
28 26
28 38
29 0
29 20
30 1
30 13
31 21
31 44
32 26
32 30
33 34
33 38
34 8
34 12
35 2
35 4
36 24
36 41
37 22
37 34
38 12
38 17
39 27
39 43
40 5
40 40
41 9
41 35
42 20
42 23
43 6
43 35
44 14
44 30
45 27
45 29

# solution 689
# n=46 sym=rot4 status=verified source=flammenkamp_cache/n46_rot4.mvr
# code=mvr:0 12 0 19 1 16 1 31 2 24 2 33 3 19 3 27 
0 12
0 19
1 16
1 31
2 24
2 33
3 19
3 27
4 15
4 38
5 10
5 34
6 22
6 31
7 4
7 24
8 10
8 13
9 9
9 36
10 37
10 40
11 5
11 20
12 2
12 45
13 25
13 37
14 1
14 6
15 28
15 41
16 23
16 44
17 15
17 27
18 3
18 17
19 42
19 45
20 13
20 34
21 2
21 7
22 16
22 39
23 6
23 29
24 38
24 43
25 11
25 32
26 0
26 3
27 28
27 42
28 18
28 30
29 1
29 22
30 4
30 17
31 39
31 44
32 8
32 20
33 0
33 43
34 25
34 40
35 5
35 8
36 9
36 36
37 32
37 35
38 21
38 41
39 14
39 23
40 11
40 35
41 7
41 30
42 18
42 26
43 12
43 21
44 14
44 29
45 26
45 33

# solution 690
# n=46 sym=rot4 status=verified source=flammenkamp_cache/n46_rot4.mvr
# code=mvr:0 24 0 28 1 6 1 12 2 27 2 37 3 15 3 23 4
0 24
0 28
1 6
1 12
2 27
2 37
3 15
3 23
4 10
4 16
5 25
5 29
6 38
6 44
7 6
7 12
8 2
8 34
9 18
9 23
10 32
10 41
11 8
11 25
12 38
12 44
13 10
13 14
14 24
14 32
15 28
15 42
16 5
16 41
17 0
17 15
18 2
18 36
19 19
19 26
20 5
20 11
21 0
21 14
22 3
22 9
23 36
23 42
24 31
24 45
25 34
25 40
26 19
26 26
27 9
27 43
28 30
28 45
29 4
29 40
30 3
30 17
31 13
31 21
32 31
32 35
33 1
33 7
34 20
34 37
35 4
35 13
36 22
36 27
37 11
37 43
38 33
38 39
39 1
39 7
40 16
40 20
41 29
41 35
42 22
42 30
43 8
43 18
44 33
44 39
45 17
45 21

# solution 691
# n=46 sym=rot4 status=verified source=flammenkamp_cache/n46_rot4.mvr
# code=mvr:0 17 0 21 1 5 1 14 2 17 2 25 3 30 3 31 4
0 17
0 21
1 5
1 14
2 17
2 25
3 30
3 31
4 26
4 27
5 35
5 44
6 8
6 38
7 6
7 26
8 16
8 39
9 16
9 34
10 5
10 34
11 9
11 10
12 20
12 22
13 23
13 27
14 3
14 44
15 3
15 21
16 36
16 37
17 43
17 45
18 4
18 13
19 4
19 7
20 2
20 33
21 30
21 45
22 13
22 33
23 12
23 32
24 0
24 15
25 12
25 43
26 38
26 41
27 32
27 41
28 0
28 2
29 8
29 9
30 24
30 42
31 1
31 42
32 18
32 22
33 23
33 25
34 35
34 36
35 11
35 40
36 11
36 29
37 6
37 29
38 19
38 39
39 7
39 37
40 1
40 10
41 18
41 19
42 14
42 15
43 20
43 28
44 31
44 40
45 24
45 28

# solution 692
# n=46 sym=rot4 status=verified source=flammenkamp_cache/n46_rot4.mvr
# code=mvr:0 12 0 19 1 28 1 29 2 32 2 41 3 13 3 25 
0 12
0 19
1 28
1 29
2 32
2 41
3 13
3 25
4 2
4 21
5 8
5 27
6 11
6 25
7 8
7 34
8 38
8 40
9 18
9 22
10 15
10 28
11 7
11 39
12 21
12 45
13 2
13 42
14 29
14 30
15 14
15 35
16 1
16 14
17 1
17 10
18 5
18 36
19 23
19 45
20 3
20 6
21 33
21 41
22 19
22 36
23 9
23 26
24 4
24 12
25 39
25 42
26 0
26 22
27 9
27 40
28 35
28 44
29 31
29 44
30 10
30 31
31 15
31 16
32 3
32 43
33 0
33 24
34 6
34 38
35 17
35 30
36 23
36 27
37 5
37 7
38 11
38 37
39 20
39 34
40 18
40 37
41 24
41 43
42 20
42 32
43 4
43 13
44 16
44 17
45 26
45 33

# solution 693
# n=46 sym=rot4 status=verified source=flammenkamp_cache/n46_rot4.mvr
# code=mvr:0 26 0 32 1 12 1 20 2 6 2 27 3 5 3 36 4 
0 26
0 32
1 12
1 20
2 6
2 27
3 5
3 36
4 19
4 38
5 27
5 42
6 31
6 43
7 4
7 28
8 17
8 23
9 3
9 15
10 30
10 34
11 10
11 29
12 16
12 44
13 0
13 24
14 6
14 21
15 10
15 36
16 11
16 33
17 7
17 37
18 2
18 5
19 0
19 41
20 23
20 44
21 13
21 31
22 8
22 20
23 25
23 37
24 14
24 32
25 1
25 22
26 4
26 45
27 40
27 43
28 8
28 38
29 12
29 34
30 9
30 35
31 24
31 39
32 21
32 45
33 1
33 29
34 16
34 35
35 11
35 15
36 30
36 42
37 22
37 28
38 17
38 41
39 2
39 14
40 3
40 18
41 7
41 26
42 9
42 40
43 18
43 39
44 25
44 33
45 13
45 19

# solution 694
# n=46 sym=rot4 status=verified source=flammenkamp_cache/n46_rot4.mvr
# code=mvr:0 29 0 33 1 19 1 20 2 13 2 23 3 15 3 28 
0 29
0 33
1 19
1 20
2 13
2 23
3 15
3 28
4 26
4 35
5 23
5 39
6 5
6 33
7 29
7 36
8 28
8 36
9 7
9 8
10 4
10 20
11 15
11 18
12 0
12 6
13 24
13 43
14 18
14 24
15 34
15 42
16 0
16 7
17 3
17 8
18 31
18 34
19 4
19 44
20 35
20 44
21 13
21 14
22 2
22 5
23 40
23 43
24 31
24 32
25 1
25 10
26 1
26 41
27 11
27 14
28 37
28 42
29 38
29 45
30 3
30 11
31 21
31 27
32 2
32 21
33 39
33 45
34 27
34 30
35 25
35 41
36 37
36 38
37 9
37 17
38 9
38 16
39 12
39 40
40 6
40 22
41 10
41 19
42 17
42 30
43 22
43 32
44 25
44 26
45 12
45 16

# solution 695
# n=46 sym=rot4 status=verified source=flammenkamp_cache/n46_rot4.mvr
# code=mvr:0 23 0 26 1 8 1 18 2 32 2 34 3 20 3 30 4
0 23
0 26
1 8
1 18
2 32
2 34
3 20
3 30
4 13
4 16
5 20
5 36
6 7
6 33
7 27
7 39
8 23
8 44
9 5
9 33
10 11
10 29
11 2
11 35
12 6
12 9
13 2
13 41
14 17
14 21
15 3
15 17
16 10
16 41
17 30
17 31
18 7
18 44
19 0
19 21
20 40
20 42
21 26
21 31
22 0
22 8
23 37
23 45
24 14
24 19
25 3
25 5
26 24
26 45
27 1
27 38
28 14
28 15
29 4
29 35
30 28
30 42
31 24
31 28
32 4
32 43
33 36
33 39
34 10
34 43
35 16
35 34
36 12
36 40
37 1
37 22
38 6
38 18
39 12
39 38
40 9
40 25
41 29
41 32
42 15
42 25
43 11
43 13
44 27
44 37
45 19
45 22

# solution 696
# n=46 sym=rot4 status=verified source=flammenkamp_cache/n46_rot4.mvr
# code=mvr:0 15 0 16 1 31 1 35 2 34 2 38 3 5 3 18 4
0 15
0 16
1 31
1 35
2 34
2 38
3 5
3 18
4 22
4 24
5 15
5 42
6 26
6 33
7 2
7 26
8 13
8 36
9 8
9 13
10 1
10 33
11 2
11 18
12 6
12 10
13 36
13 37
14 1
14 28
15 40
15 45
16 23
16 45
17 14
17 25
18 34
18 42
19 6
19 7
20 17
20 21
21 4
21 25
22 16
22 41
23 4
23 29
24 20
24 41
25 24
25 28
26 38
26 39
27 3
27 11
28 20
28 31
29 0
29 22
30 0
30 5
31 17
31 44
32 8
32 9
33 35
33 39
34 27
34 43
35 12
35 44
36 32
36 37
37 9
37 32
38 19
38 43
39 12
39 19
40 3
40 30
41 21
41 23
42 27
42 40
43 7
43 11
44 10
44 14
45 29
45 30

# solution 697
# n=46 sym=rot4 status=verified source=flammenkamp_cache/n46_rot4.mvr
# code=mvr:0 10 0 20 1 32 1 33 2 11 2 28 3 26 3 34 
0 10
0 20
1 32
1 33
2 11
2 28
3 26
3 34
4 13
4 33
5 18
5 38
6 27
6 36
7 5
7 25
8 19
8 22
9 6
9 31
10 29
10 45
11 3
11 43
12 1
12 4
13 1
13 41
14 9
14 15
15 16
15 31
16 10
16 30
17 2
17 23
18 6
18 40
19 3
19 37
20 7
20 45
21 21
21 24
22 17
22 37
23 8
23 28
24 21
24 24
25 0
25 38
26 8
26 42
27 5
27 39
28 22
28 43
29 15
29 35
30 14
30 29
31 30
31 36
32 4
32 44
33 41
33 44
34 2
34 42
35 0
35 16
36 14
36 39
37 23
37 26
38 20
38 40
39 9
39 18
40 7
40 27
41 12
41 32
42 11
42 19
43 17
43 34
44 12
44 13
45 25
45 35

# solution 698
# n=46 sym=rot4 status=verified source=flammenkamp_cache/n46_rot4.mvr
# code=mvr:0 18 0 29 1 17 1 21 2 15 2 35 3 11 3 31 
0 18
0 29
1 17
1 21
2 15
2 35
3 11
3 31
4 9
4 19
5 35
5 37
6 6
6 39
7 13
7 26
8 5
8 23
9 13
9 41
10 2
10 5
11 20
11 42
12 23
12 31
13 36
13 38
14 3
14 12
15 28
15 43
16 0
16 20
17 15
17 44
18 24
18 45
19 7
19 41
20 29
20 34
21 18
21 44
22 8
22 12
23 33
23 37
24 1
24 27
25 11
25 16
26 4
26 38
27 0
27 21
28 1
28 30
29 25
29 45
30 2
30 17
31 33
31 42
32 7
32 9
33 14
33 22
34 3
34 25
35 40
35 43
36 4
36 32
37 22
37 40
38 19
38 32
39 6
39 39
40 8
40 10
41 26
41 36
42 14
42 34
43 10
43 30
44 24
44 28
45 16
45 27

# solution 699
# n=46 sym=rot4 status=verified source=flammenkamp_cache/n46_rot4.mvr
# code=mvr:0 24 0 37 1 11 1 16 2 10 2 28 3 19 3 31 
0 24
0 37
1 11
1 16
2 10
2 28
3 19
3 31
4 35
4 40
5 4
5 26
6 9
6 23
7 18
7 24
8 0
8 32
9 11
9 39
10 4
10 43
11 36
11 44
12 15
12 32
13 8
13 12
14 3
14 18
15 17
15 33
16 23
16 44
17 2
17 30
18 31
18 38
19 5
19 42
20 20
20 25
21 0
21 7
22 6
22 16
23 29
23 39
24 38
24 45
25 20
25 25
26 3
26 40
27 7
27 14
28 15
28 43
29 1
29 22
30 12
30 28
31 27
31 42
32 33
32 37
33 13
33 30
34 1
34 9
35 2
35 41
36 6
36 34
37 13
37 45
38 21
38 27
39 22
39 36
40 19
40 41
41 5
41 10
42 14
42 26
43 17
43 35
44 29
44 34
45 8
45 21

# solution 700
# n=46 sym=rot4 status=verified source=flammenkamp_cache/n46_rot4.mvr
# code=mvr:0 13 0 23 1 7 1 28 2 18 2 20 3 28 3 31 4
0 13
0 23
1 7
1 28
2 18
2 20
3 28
3 31
4 10
4 39
5 10
5 31
6 4
6 32
7 19
7 44
8 15
8 18
9 12
9 24
10 40
10 41
11 19
11 25
12 30
12 36
13 6
13 45
14 3
14 5
15 12
15 37
16 16
16 29
17 1
17 3
18 37
18 43
19 34
19 38
20 11
20 43
21 9
21 23
22 0
22 21
23 24
23 45
24 22
24 36
25 2
25 34
26 7
26 11
27 2
27 8
28 42
28 44
29 16
29 29
30 8
30 33
31 40
31 42
32 0
32 39
33 9
33 15
34 20
34 26
35 4
35 5
36 21
36 33
37 27
37 30
38 1
38 26
39 13
39 41
40 14
40 35
41 6
41 35
42 14
42 17
43 25
43 27
44 17
44 38
45 22
45 32

# solution 701
# n=46 sym=rot4 status=verified source=flammenkamp_cache/n46_rot4.mvr
# code=mvr:0 14 0 23 1 7 1 35 2 13 2 26 3 24 3 30 4
0 14
0 23
1 7
1 35
2 13
2 26
3 24
3 30
4 23
4 33
5 7
5 33
6 10
6 16
7 40
7 44
8 13
8 18
9 24
9 29
10 1
10 39
11 26
11 28
12 4
12 5
13 37
13 43
14 18
14 45
15 3
15 17
16 9
16 39
17 11
17 30
18 31
18 37
19 2
19 11
20 20
20 25
21 3
21 9
22 0
22 4
23 41
23 45
24 36
24 42
25 20
25 25
26 34
26 43
27 8
27 14
28 15
28 34
29 6
29 36
30 28
30 42
31 0
31 27
32 2
32 8
33 40
33 41
34 17
34 19
35 6
35 44
36 16
36 21
37 27
37 32
38 1
38 5
39 29
39 35
40 12
40 38
41 12
41 22
42 15
42 21
43 19
43 32
44 10
44 38
45 22
45 31

# solution 702
# n=46 sym=rot4 status=verified source=flammenkamp_cache/n46_rot4.mvr
# code=mvr:0 22 0 28 1 27 1 36 2 13 2 16 3 6 3 21 4
0 22
0 28
1 27
1 36
2 13
2 16
3 6
3 21
4 14
4 23
5 24
5 34
6 18
6 42
7 30
7 37
8 7
8 12
9 1
9 11
10 30
10 32
11 5
11 36
12 28
12 37
13 10
13 43
14 20
14 41
15 7
15 10
16 25
16 43
17 0
17 12
18 1
18 39
19 19
19 26
20 16
20 31
21 5
21 42
22 4
22 45
23 0
23 41
24 3
24 40
25 14
25 29
26 19
26 26
27 6
27 44
28 33
28 45
29 2
29 20
30 35
30 38
31 4
31 25
32 2
32 35
33 8
33 17
34 9
34 40
35 13
35 15
36 34
36 44
37 33
37 38
38 8
38 15
39 3
39 27
40 11
40 21
41 22
41 31
42 24
42 39
43 29
43 32
44 9
44 18
45 17
45 23

# solution 703
# n=46 sym=rot4 status=verified source=flammenkamp_cache/n46_rot4.mvr
# code=mvr:0 19 0 25 1 14 1 28 2 14 2 33 3 24 3 26 
0 19
0 25
1 14
1 28
2 14
2 33
3 24
3 26
4 17
4 18
5 32
5 33
6 8
6 9
7 29
7 35
8 18
8 39
9 15
9 39
10 7
10 11
11 25
11 35
12 2
12 5
13 5
13 15
14 43
14 44
15 32
15 36
16 7
16 24
17 1
17 41
18 37
18 41
19 3
19 45
20 0
20 11
21 3
21 16
22 22
22 23
23 22
23 23
24 29
24 42
25 34
25 45
26 0
26 42
27 4
27 8
28 4
28 44
29 21
29 38
30 9
30 13
31 1
31 2
32 30
32 40
33 40
33 43
34 10
34 20
35 34
35 38
36 6
36 30
37 6
37 27
38 10
38 16
39 36
39 37
40 12
40 13
41 27
41 28
42 19
42 21
43 12
43 31
44 17
44 31
45 20
45 26

# solution 704
# n=46 sym=rot4 status=verified source=flammenkamp_cache/n46_rot4.mvr
# code=mvr:0 24 0 32 1 16 1 34 2 7 2 21 3 15 3 36 4
0 24
0 32
1 16
1 34
2 7
2 21
3 15
3 36
4 17
4 39
5 20
5 23
6 4
6 28
7 37
7 43
8 7
8 16
9 3
9 13
10 18
10 26
11 1
11 14
12 14
12 23
13 0
13 36
14 33
14 34
15 18
15 42
16 37
16 44
17 6
17 41
18 30
18 35
19 10
19 25
20 19
20 40
21 0
21 43
22 5
22 12
23 33
23 40
24 2
24 45
25 5
25 26
26 20
26 35
27 10
27 15
28 4
28 39
29 1
29 8
30 3
30 27
31 11
31 12
32 9
32 45
33 22
33 31
34 31
34 44
35 19
35 27
36 32
36 42
37 29
37 38
38 2
38 8
39 17
39 41
40 22
40 25
41 6
41 28
42 9
42 30
43 24
43 38
44 11
44 29
45 13
45 21

# solution 705
# n=46 sym=rot4 status=verified source=flammenkamp_cache/n46_rot4.mvr
# code=mvr:0 23 0 28 1 13 1 14 2 11 2 27 3 32 3 36 
0 23
0 28
1 13
1 14
2 11
2 27
3 32
3 36
4 20
4 39
5 23
5 29
6 4
6 10
7 25
7 35
8 16
8 18
9 3
9 14
10 7
10 39
11 19
11 43
12 21
12 26
13 3
13 44
14 36
14 44
15 15
15 30
16 5
16 37
17 0
17 24
18 2
18 37
19 12
19 34
20 7
20 41
21 17
21 33
22 0
22 5
23 40
23 45
24 12
24 28
25 4
25 38
26 11
26 33
27 8
27 43
28 21
28 45
29 8
29 40
30 15
30 30
31 1
31 9
32 1
32 42
33 19
33 24
34 2
34 26
35 6
35 38
36 31
36 42
37 27
37 29
38 10
38 20
39 35
39 41
40 16
40 22
41 6
41 25
42 9
42 13
43 18
43 34
44 31
44 32
45 17
45 22

# solution 706
# n=46 sym=rot4 status=verified source=flammenkamp_cache/n46_rot4.mvr
# code=mvr:0 23 0 28 1 13 1 31 2 11 2 27 3 32 3 36 
0 23
0 28
1 13
1 31
2 11
2 27
3 32
3 36
4 20
4 39
5 23
5 29
6 4
6 10
7 25
7 35
8 16
8 18
9 3
9 14
10 7
10 39
11 19
11 43
12 21
12 26
13 3
13 44
14 1
14 36
15 15
15 30
16 5
16 37
17 0
17 24
18 2
18 37
19 12
19 34
20 7
20 41
21 17
21 33
22 0
22 5
23 40
23 45
24 12
24 28
25 4
25 38
26 11
26 33
27 8
27 43
28 21
28 45
29 8
29 40
30 15
30 30
31 9
31 44
32 1
32 42
33 19
33 24
34 2
34 26
35 6
35 38
36 31
36 42
37 27
37 29
38 10
38 20
39 35
39 41
40 16
40 22
41 6
41 25
42 9
42 13
43 18
43 34
44 14
44 32
45 17
45 22

# solution 707
# n=46 sym=rot4 status=verified source=flammenkamp_cache/n46_rot4.mvr
# code=mvr:0 18 0 25 1 21 1 30 2 11 2 14 3 11 3 19 
0 18
0 25
1 21
1 30
2 11
2 14
3 11
3 19
4 28
4 31
5 18
5 38
6 9
6 38
7 5
7 6
8 12
8 32
9 26
9 39
10 17
10 29
11 42
11 43
12 29
12 37
13 8
13 20
14 4
14 43
15 1
15 24
16 10
16 12
17 4
17 35
18 40
18 45
19 9
19 42
20 0
20 32
21 15
21 44
22 22
22 23
23 22
23 23
24 1
24 30
25 13
25 45
26 3
26 36
27 0
27 5
28 10
28 41
29 33
29 35
30 21
30 44
31 2
31 41
32 25
32 37
33 8
33 16
34 2
34 3
35 16
35 28
36 6
36 19
37 13
37 33
38 39
38 40
39 7
39 36
40 7
40 27
41 14
41 17
42 26
42 34
43 31
43 34
44 15
44 24
45 20
45 27

# solution 708
# n=46 sym=rot4 status=verified source=flammenkamp_cache/n46_rot4.mvr
# code=mvr:0 26 0 27 1 16 1 19 2 28 2 38 3 13 3 31 
0 26
0 27
1 16
1 19
2 28
2 38
3 13
3 31
4 25
4 31
5 8
5 11
6 15
6 25
7 2
7 8
8 38
8 40
9 22
9 32
10 23
10 33
11 33
11 40
12 10
12 11
13 9
13 42
14 3
14 4
15 18
15 39
16 24
16 44
17 2
17 24
18 0
18 30
19 0
19 44
20 4
20 6
21 16
21 17
22 10
22 36
23 9
23 35
24 28
24 29
25 39
25 41
26 1
26 45
27 15
27 45
28 21
28 43
29 1
29 21
30 6
30 27
31 41
31 42
32 3
32 36
33 34
33 35
34 5
34 12
35 12
35 22
36 13
36 23
37 5
37 7
38 37
38 43
39 20
39 30
40 34
40 37
41 14
41 20
42 14
42 32
43 7
43 17
44 26
44 29
45 18
45 19

# solution 709
# n=46 sym=rot4 status=verified source=flammenkamp_cache/n46_rot4.mvr
# code=mvr:0 22 0 26 1 29 1 43 2 1 2 25 3 6 3 20 4 
0 22
0 26
1 29
1 43
2 1
2 25
3 6
3 20
4 12
4 16
5 34
5 37
6 30
6 42
7 13
7 14
8 5
8 35
9 23
9 26
10 8
10 30
11 5
11 21
12 31
12 41
13 17
13 38
14 12
14 38
15 6
15 10
16 1
16 41
17 24
17 32
18 18
18 27
19 0
19 9
20 2
20 42
21 17
21 34
22 9
22 45
23 0
23 36
24 11
24 28
25 3
25 43
26 36
26 45
27 18
27 27
28 13
28 21
29 4
29 44
30 35
30 39
31 7
31 33
32 7
32 28
33 4
33 14
34 24
34 40
35 15
35 37
36 19
36 22
37 10
37 40
38 31
38 32
39 3
39 15
40 8
40 11
41 29
41 33
42 25
42 39
43 20
43 44
44 2
44 16
45 19
45 23

# solution 710
# n=46 sym=rot4 status=verified source=flammenkamp_cache/n46_rot4.mvr
# code=mvr:0 18 0 20 1 12 1 42 2 12 2 20 3 1 3 23 4
0 18
0 20
1 12
1 42
2 12
2 20
3 1
3 23
4 8
4 17
5 28
5 31
6 36
6 38
7 6
7 31
8 18
8 41
9 6
9 24
10 19
10 24
11 13
11 19
12 43
12 44
13 29
13 34
14 5
14 7
15 23
15 29
16 13
16 15
17 5
17 41
18 37
18 45
19 34
19 35
20 43
20 45
21 9
21 10
22 3
22 15
23 30
23 42
24 35
24 36
25 0
25 2
26 10
26 11
27 0
27 8
28 4
28 40
29 30
29 32
30 16
30 22
31 38
31 40
32 11
32 16
33 1
33 2
34 26
34 32
35 21
35 26
36 21
36 39
37 4
37 27
38 14
38 39
39 7
39 9
40 14
40 17
41 28
41 37
42 22
42 44
43 25
43 33
44 3
44 33
45 25
45 27

# solution 711
# n=46 sym=rot4 status=verified source=flammenkamp_cache/n46_rot4.mvr
# code=mvr:0 19 0 28 1 25 1 30 2 12 2 39 3 10 3 21 
0 19
0 28
1 25
1 30
2 12
2 39
3 10
3 21
4 9
4 10
5 28
5 32
6 2
6 18
7 30
7 34
8 19
8 23
9 33
9 41
10 41
10 42
11 7
11 27
12 9
12 43
13 5
13 16
14 20
14 29
15 1
15 7
16 14
16 32
17 0
17 5
18 11
18 39
19 37
19 45
20 1
20 31
21 23
21 42
22 8
22 21
23 24
23 37
24 3
24 22
25 14
25 44
26 0
26 8
27 6
27 34
28 40
28 45
29 13
29 31
30 38
30 44
31 16
31 25
32 29
32 40
33 2
33 36
34 18
34 38
35 3
35 4
36 4
36 12
37 22
37 26
38 11
38 15
39 27
39 43
40 13
40 17
41 35
41 36
42 24
42 35
43 6
43 33
44 15
44 20
45 17
45 26

# solution 712
# n=46 sym=rot4 status=verified source=flammenkamp_cache/n46_rot4.mvr
# code=mvr:0 20 0 34 1 12 1 30 2 19 2 25 3 37 3 39 
0 20
0 34
1 12
1 30
2 19
2 25
3 37
3 39
4 19
4 29
5 17
5 36
6 3
6 12
7 21
7 23
8 3
8 10
9 5
9 14
10 31
10 37
11 0
11 21
12 39
12 44
13 23
13 29
14 10
14 36
15 1
15 28
16 4
16 13
17 15
17 40
18 18
18 27
19 41
19 43
20 2
20 45
21 34
21 38
22 7
22 13
23 32
23 38
24 7
24 11
25 0
25 43
26 2
26 4
27 18
27 27
28 5
28 30
29 32
29 41
30 17
30 44
31 9
31 35
32 16
32 22
33 1
33 6
34 24
34 45
35 8
35 14
36 31
36 40
37 35
37 42
38 22
38 24
39 33
39 42
40 9
40 28
41 16
41 26
42 6
42 8
43 20
43 26
44 15
44 33
45 11
45 25

# solution 713
# n=46 sym=rot4 status=verified source=flammenkamp_cache/n46_rot4.mvr
# code=mvr:0 12 0 31 1 28 1 34 2 9 2 28 3 23 3 32 4
0 12
0 31
1 28
1 34
2 9
2 28
3 23
3 32
4 9
4 38
5 8
5 23
6 12
6 19
7 4
7 25
8 16
8 40
9 41
9 43
10 24
10 26
11 1
11 15
12 39
12 45
13 3
13 15
14 0
14 20
15 32
15 34
16 24
16 37
17 1
17 2
18 18
18 27
19 10
19 39
20 7
20 31
21 10
21 16
22 3
22 5
23 40
23 42
24 29
24 35
25 14
25 38
26 6
26 35
27 18
27 27
28 43
28 44
29 8
29 21
30 11
30 13
31 25
31 45
32 30
32 42
33 0
33 6
34 30
34 44
35 19
35 21
36 2
36 4
37 5
37 29
38 20
38 41
39 26
39 33
40 22
40 37
41 7
41 36
42 13
42 22
43 17
43 36
44 11
44 17
45 14
45 33

# solution 714
# n=46 sym=rot4 status=verified source=flammenkamp_cache/n46_rot4.mvr
# code=mvr:0 27 0 29 1 12 1 18 2 10 2 23 3 11 3 25 
0 27
0 29
1 12
1 18
2 10
2 23
3 11
3 25
4 31
4 32
5 7
5 8
6 19
6 29
7 14
7 40
8 23
8 40
9 10
9 11
10 36
10 43
11 36
11 42
12 28
12 44
13 4
13 19
14 4
14 38
15 15
15 30
16 0
16 6
17 12
17 21
18 0
18 44
19 32
19 39
20 3
20 21
21 25
21 28
22 2
22 8
23 37
23 43
24 17
24 20
25 24
25 42
26 6
26 13
27 1
27 45
28 24
28 33
29 39
29 45
30 15
30 30
31 7
31 41
32 26
32 41
33 1
33 17
34 3
34 9
35 2
35 9
36 34
36 35
37 5
37 22
38 5
38 31
39 16
39 26
40 37
40 38
41 13
41 14
42 20
42 34
43 22
43 35
44 27
44 33
45 16
45 18

# solution 715
# n=46 sym=rot4 status=verified source=flammenkamp_cache/n46_rot4.mvr
# code=mvr:0 20 0 21 1 21 1 26 2 8 2 29 3 12 3 13 4
0 20
0 21
1 21
1 26
2 8
2 29
3 12
3 13
4 14
4 17
5 8
5 9
6 32
6 34
7 26
7 35
8 40
8 43
9 28
9 40
10 7
10 22
11 6
11 12
12 34
12 42
13 6
13 42
14 20
14 41
15 15
15 30
16 2
16 18
17 9
17 41
18 23
18 29
19 1
19 7
20 31
20 45
21 44
21 45
22 18
22 35
23 10
23 27
24 0
24 1
25 0
25 14
26 38
26 44
27 16
27 22
28 4
28 36
29 27
29 43
30 15
30 30
31 4
31 25
32 3
32 39
33 3
33 11
34 33
34 39
35 23
35 38
36 5
36 17
37 2
37 5
38 10
38 19
39 11
39 13
40 36
40 37
41 28
41 31
42 32
42 33
43 16
43 37
44 19
44 24
45 24
45 25

# solution 716
# n=46 sym=rot4 status=verified source=flammenkamp_cache/n46_rot4.mvr
# code=mvr:0 6 0 40 1 26 1 29 2 23 2 31 3 25 3 30 4
0 6
0 40
1 26
1 29
2 23
2 31
3 25
3 30
4 13
4 18
5 0
5 10
6 33
6 45
7 18
7 36
8 23
8 26
9 7
9 17
10 34
10 40
11 10
11 15
12 6
12 20
13 29
13 41
14 2
14 24
15 3
15 34
16 1
16 13
17 24
17 36
18 38
18 41
19 1
19 8
20 3
20 33
21 14
21 17
22 2
22 8
23 37
23 43
24 28
24 31
25 12
25 42
26 37
26 44
27 4
27 7
28 9
28 21
29 32
29 44
30 11
30 42
31 21
31 43
32 4
32 16
33 25
33 39
34 30
34 35
35 5
35 11
36 28
36 38
37 19
37 22
38 9
38 27
39 0
39 12
40 35
40 45
41 27
41 32
42 15
42 20
43 14
43 22
44 16
44 19
45 5
45 39

# solution 717
# n=46 sym=rot4 status=verified source=flammenkamp_cache/n46_rot4.mvr
# code=mvr:0 28 0 31 1 31 1 36 2 20 2 36 3 10 3 17 
0 28
0 31
1 31
1 36
2 20
2 36
3 10
3 17
4 6
4 13
5 23
5 24
6 12
6 41
7 26
7 37
8 7
8 13
9 1
9 2
10 34
10 42
11 10
11 24
12 18
12 39
13 37
13 41
14 0
14 1
15 15
15 30
16 19
16 20
17 0
17 42
18 23
18 33
19 7
19 29
20 29
20 43
21 5
21 11
22 5
22 18
23 27
23 40
24 34
24 40
25 2
25 16
26 16
26 38
27 12
27 22
28 3
28 45
29 25
29 26
30 15
30 30
31 44
31 45
32 4
32 8
33 6
33 27
34 21
34 35
35 3
35 11
36 43
36 44
37 32
37 38
38 8
38 19
39 4
39 33
40 21
40 22
41 32
41 39
42 28
42 35
43 9
43 25
44 9
44 14
45 14
45 17

# solution 718
# n=46 sym=rot4 status=verified source=flammenkamp_cache/n46_rot4.mvr
# code=mvr:0 16 0 21 1 18 1 33 2 25 2 33 3 28 3 40 
0 16
0 21
1 18
1 33
2 25
2 33
3 28
3 40
4 7
4 19
5 3
5 15
6 6
6 39
7 26
7 41
8 11
8 31
9 17
9 23
10 31
10 34
11 10
11 37
12 1
12 2
13 15
13 20
14 8
14 10
15 32
15 40
16 24
16 45
17 3
17 36
18 23
18 44
19 7
19 41
20 2
20 32
21 16
21 45
22 9
22 18
23 27
23 36
24 0
24 29
25 13
25 43
26 4
26 38
27 1
27 22
28 9
28 42
29 0
29 21
30 5
30 13
31 35
31 37
32 25
32 30
33 43
33 44
34 8
34 35
35 11
35 14
36 22
36 28
37 14
37 34
38 4
38 19
39 6
39 39
40 30
40 42
41 26
41 38
42 5
42 17
43 12
43 20
44 12
44 27
45 24
45 29

# solution 719
# n=46 sym=rot4 status=verified source=flammenkamp_cache/n46_rot4.mvr
# code=mvr:0 17 0 19 1 8 1 33 2 22 2 27 3 27 3 28 4
0 17
0 19
1 8
1 33
2 22
2 27
3 27
3 28
4 11
4 39
5 13
5 31
6 4
6 16
7 8
7 10
8 38
8 44
9 24
9 30
10 33
10 38
11 16
11 41
12 1
12 10
13 24
13 40
14 5
14 30
15 9
15 14
16 34
16 39
17 3
17 45
18 2
18 3
19 23
19 45
20 20
20 25
21 9
21 13
22 19
22 43
23 2
23 26
24 32
24 36
25 20
25 25
26 0
26 22
27 42
27 43
28 0
28 42
29 6
29 11
30 31
30 36
31 15
31 40
32 5
32 21
33 35
33 44
34 4
34 29
35 7
35 12
36 15
36 21
37 1
37 7
38 35
38 37
39 29
39 41
40 14
40 32
41 6
41 34
42 17
42 18
43 18
43 23
44 12
44 37
45 26
45 28

# solution 720
# n=46 sym=rot4 status=verified source=flammenkamp_cache/n46_rot4.mvr
# code=mvr:0 12 0 18 1 26 1 38 2 13 2 33 3 5 3 8 4 
0 12
0 18
1 26
1 38
2 13
2 33
3 5
3 8
4 20
4 35
5 24
5 42
6 11
6 25
7 1
7 27
8 9
8 42
9 16
9 37
10 4
10 31
11 19
11 39
12 2
12 45
13 23
13 43
14 10
14 23
15 15
15 30
16 28
16 36
17 16
17 21
18 7
18 45
19 1
19 34
20 6
20 41
21 5
21 28
22 13
22 14
23 31
23 32
24 17
24 40
25 4
25 39
26 11
26 44
27 0
27 38
28 24
28 29
29 9
29 17
30 15
30 30
31 22
31 35
32 2
32 22
33 0
33 43
34 6
34 26
35 14
35 41
36 8
36 29
37 3
37 36
38 18
38 44
39 20
39 34
40 3
40 21
41 10
41 25
42 37
42 40
43 12
43 32
44 7
44 19
45 27
45 33

# solution 721
# n=46 sym=rot4 status=verified source=flammenkamp_cache/n46_rot4.mvr
# code=mvr:0 19 0 40 1 19 1 23 2 8 2 30 3 14 3 36 4
0 19
0 40
1 19
1 23
2 8
2 30
3 14
3 36
4 11
4 29
5 0
5 24
6 16
6 23
7 9
7 37
8 7
8 43
9 3
9 38
10 12
10 30
11 20
11 41
12 32
12 35
13 12
13 21
14 17
14 42
15 2
15 10
16 4
16 39
17 20
17 31
18 18
18 27
19 44
19 45
20 28
20 34
21 5
21 32
22 1
22 6
23 39
23 44
24 13
24 40
25 11
25 17
26 0
26 1
27 18
27 27
28 14
28 25
29 6
29 41
30 35
30 43
31 3
31 28
32 24
32 33
33 10
33 13
34 4
34 25
35 15
35 33
36 7
36 42
37 2
37 38
38 8
38 36
39 22
39 29
40 21
40 45
41 16
41 34
42 9
42 31
43 15
43 37
44 22
44 26
45 5
45 26

# solution 722
# n=46 sym=rot4 status=verified source=flammenkamp_cache/n46_rot4.mvr
# code=mvr:0 21 0 33 1 6 1 38 2 17 2 24 3 17 3 19 4
0 21
0 33
1 6
1 38
2 17
2 24
3 17
3 19
4 23
4 25
5 6
5 12
6 40
6 44
7 1
7 10
8 26
8 31
9 29
9 34
10 25
10 38
11 9
11 31
12 0
12 40
13 15
13 23
14 8
14 11
15 16
15 32
16 9
16 30
17 42
17 43
18 18
18 27
19 8
19 42
20 4
20 10
21 2
21 45
22 4
22 13
23 32
23 41
24 0
24 43
25 35
25 41
26 3
26 37
27 18
27 27
28 2
28 3
29 15
29 36
30 13
30 29
31 34
31 37
32 22
32 30
33 5
33 45
34 14
34 36
35 7
35 20
36 11
36 16
37 14
37 19
38 35
38 44
39 1
39 5
40 33
40 39
41 20
41 22
42 26
42 28
43 21
43 28
44 7
44 39
45 12
45 24

# solution 723
# n=46 sym=rot4 status=verified source=flammenkamp_cache/n46_rot4.mvr
# code=mvr:0 24 0 37 1 18 1 25 2 14 2 28 3 12 3 34 
0 24
0 37
1 18
1 25
2 14
2 28
3 12
3 34
4 18
4 20
5 5
5 40
6 7
6 35
7 26
7 39
8 0
8 35
9 16
9 23
10 6
10 8
11 3
11 29
12 15
12 42
13 19
13 30
14 21
14 43
15 13
15 33
16 11
16 36
17 2
17 23
18 41
18 44
19 7
19 32
20 1
20 41
21 0
21 31
22 9
22 17
23 28
23 36
24 14
24 45
25 4
25 44
26 13
26 38
27 1
27 4
28 22
28 43
29 9
29 34
30 12
30 32
31 2
31 24
32 15
32 26
33 3
33 30
34 16
34 42
35 37
35 39
36 22
36 29
37 10
37 45
38 6
38 19
39 10
39 38
40 5
40 40
41 25
41 27
42 11
42 33
43 17
43 31
44 20
44 27
45 8
45 21

# solution 724
# n=46 sym=rot4 status=verified source=flammenkamp_cache/n46_rot4.mvr
# code=mvr:0 23 0 40 1 17 1 29 2 29 2 33 3 10 3 13 
0 23
0 40
1 17
1 29
2 29
2 33
3 10
3 13
4 21
4 37
5 0
5 14
6 18
6 24
7 8
7 12
8 4
8 38
9 25
9 34
10 31
10 42
11 9
11 25
12 2
12 38
13 19
13 42
14 10
14 40
15 23
15 28
16 1
16 2
17 15
17 44
18 19
18 39
19 27
19 32
20 9
20 11
21 6
21 41
22 0
22 15
23 30
23 45
24 4
24 39
25 34
25 36
26 13
26 18
27 6
27 26
28 1
28 30
29 43
29 44
30 17
30 22
31 5
31 35
32 3
32 26
33 7
33 43
34 20
34 36
35 3
35 14
36 11
36 20
37 7
37 41
38 33
38 37
39 21
39 27
40 31
40 45
41 8
41 24
42 32
42 35
43 12
43 16
44 16
44 28
45 5
45 22

# solution 725
# n=46 sym=rot4 status=verified source=flammenkamp_cache/n46_rot4.mvr
# code=mvr:0 18 0 28 1 23 1 25 2 13 2 33 3 27 3 36 
0 18
0 28
1 23
1 25
2 13
2 33
3 27
3 36
4 5
4 15
5 10
5 41
6 19
6 24
7 15
7 19
8 24
8 29
9 3
9 31
10 12
10 40
11 14
11 20
12 2
12 35
13 23
13 43
14 9
14 34
15 38
15 41
16 8
16 28
17 0
17 16
18 3
18 45
19 38
19 39
20 1
20 34
21 6
21 8
22 1
22 13
23 32
23 44
24 37
24 39
25 11
25 44
26 6
26 7
27 0
27 42
28 29
28 45
29 17
29 37
30 4
30 7
31 11
31 36
32 2
32 22
33 10
33 43
34 25
34 31
35 5
35 33
36 14
36 42
37 16
37 21
38 26
38 30
39 21
39 26
40 4
40 35
41 30
41 40
42 9
42 18
43 12
43 32
44 20
44 22
45 17
45 27

# solution 726
# n=46 sym=rot4 status=verified source=flammenkamp_cache/n46_rot4.mvr
# code=mvr:0 17 0 20 1 15 1 27 2 12 2 14 3 26 3 37 
0 17
0 20
1 15
1 27
2 12
2 14
3 26
3 37
4 30
4 39
5 20
5 36
6 4
6 27
7 10
7 13
8 3
8 29
9 5
9 12
10 26
10 38
11 16
11 21
12 36
12 43
13 28
13 38
14 23
14 43
15 4
15 44
16 8
16 34
17 13
17 45
18 1
18 6
19 3
19 10
20 40
20 45
21 23
21 34
22 14
22 21
23 24
23 31
24 11
24 22
25 0
25 5
26 35
26 42
27 39
27 44
28 0
28 32
29 11
29 37
30 1
30 41
31 2
31 22
32 7
32 17
33 2
33 9
34 24
34 29
35 7
35 19
36 33
36 40
37 16
37 42
38 32
38 35
39 18
39 41
40 9
40 25
41 6
41 15
42 8
42 19
43 31
43 33
44 18
44 30
45 25
45 28

# solution 727
# n=46 sym=rot4 status=verified source=flammenkamp_cache/n46_rot4.mvr
# code=mvr:0 17 0 33 1 2 1 26 2 23 2 44 3 14 3 28 4
0 17
0 33
1 2
1 26
2 23
2 44
3 14
3 28
4 7
4 14
5 21
5 25
6 13
6 16
7 33
7 41
8 10
8 16
9 23
9 25
10 32
10 37
11 15
11 19
12 0
12 7
13 10
13 39
14 41
14 42
15 24
15 34
16 37
16 39
17 3
17 45
18 18
18 27
19 1
19 34
20 5
20 9
21 15
21 40
22 2
22 9
23 36
23 43
24 5
24 30
25 36
25 40
26 11
26 44
27 18
27 27
28 0
28 42
29 6
29 8
30 11
30 21
31 3
31 4
32 6
32 35
33 38
33 45
34 26
34 30
35 8
35 13
36 20
36 22
37 29
37 35
38 4
38 12
39 29
39 32
40 20
40 24
41 31
41 38
42 17
42 31
43 1
43 22
44 19
44 43
45 12
45 28

# solution 728
# n=46 sym=rot4 status=verified source=flammenkamp_cache/n46_rot4.mvr
# code=mvr:0 33 0 34 1 20 1 35 2 38 2 41 3 9 3 15 4
0 33
0 34
1 20
1 35
2 38
2 41
3 9
3 15
4 2
4 20
5 5
5 40
6 14
6 19
7 2
7 29
8 23
8 27
9 26
9 42
10 1
10 34
11 0
11 10
12 0
12 28
13 15
13 24
14 18
14 39
15 32
15 42
16 7
16 23
17 12
17 24
18 8
18 31
19 9
19 39
20 41
20 44
21 13
21 17
22 8
22 16
23 29
23 37
24 28
24 32
25 1
25 4
26 6
26 36
27 14
27 37
28 21
28 33
29 22
29 38
30 3
30 13
31 6
31 27
32 21
32 30
33 17
33 45
34 35
34 45
35 11
35 44
36 3
36 19
37 18
37 22
38 16
38 43
39 26
39 31
40 5
40 40
41 25
41 43
42 30
42 36
43 4
43 7
44 10
44 25
45 11
45 12

# solution 729
# n=46 sym=rot4 status=verified source=flammenkamp_cache/n46_rot4.mvr
# code=mvr:0 31 0 34 1 19 1 24 2 13 2 27 3 13 3 15 
0 31
0 34
1 19
1 24
2 13
2 27
3 13
3 15
4 34
4 36
5 8
5 9
6 23
6 24
7 28
7 29
8 20
8 40
9 4
9 40
10 14
10 15
11 0
11 4
12 20
12 27
13 42
13 43
14 0
14 35
15 35
15 42
16 7
16 23
17 7
17 19
18 2
18 12
19 28
19 44
20 33
20 37
21 1
21 6
22 6
22 16
23 29
23 39
24 39
24 44
25 8
25 12
26 1
26 17
27 33
27 43
28 26
28 38
29 22
29 38
30 3
30 10
31 10
31 45
32 2
32 3
33 18
33 25
34 41
34 45
35 30
35 31
36 5
36 41
37 5
37 25
38 16
38 17
39 21
39 22
40 36
40 37
41 9
41 11
42 30
42 32
43 18
43 32
44 21
44 26
45 11
45 14

# solution 730
# n=46 sym=rot4 status=verified source=flammenkamp_cache/n46_rot4.mvr
# code=mvr:0 14 0 26 1 21 1 38 2 15 2 27 3 19 3 21 
0 14
0 26
1 21
1 38
2 15
2 27
3 19
3 21
4 9
4 29
5 14
5 16
6 7
6 37
7 1
7 39
8 6
8 23
9 33
9 41
10 27
10 32
11 28
11 33
12 9
12 11
13 10
13 17
14 40
14 45
15 23
15 43
16 4
16 40
17 11
17 32
18 2
18 10
19 0
19 42
20 20
20 25
21 42
21 44
22 8
22 15
23 30
23 37
24 1
24 3
25 20
25 25
26 3
26 45
27 35
27 43
28 13
28 34
29 5
29 41
30 2
30 22
31 0
31 5
32 28
32 35
33 34
33 36
34 12
34 17
35 13
35 18
36 4
36 12
37 22
37 39
38 6
38 44
39 8
39 38
40 29
40 31
41 16
41 36
42 24
42 26
43 18
43 30
44 7
44 24
45 19
45 31

# solution 731
# n=46 sym=rot4 status=verified source=flammenkamp_cache/n46_rot4.mvr
# code=mvr:0 30 0 35 1 13 1 24 2 21 2 27 3 25 3 33 
0 30
0 35
1 13
1 24
2 21
2 27
3 25
3 33
4 8
4 17
5 11
5 38
6 25
6 27
7 5
7 13
8 36
8 41
9 8
9 22
10 0
10 14
11 16
11 40
12 3
12 28
13 38
13 44
14 16
14 35
15 0
15 23
16 31
16 34
17 12
17 41
18 2
18 6
19 19
19 26
20 3
20 6
21 1
21 43
22 15
22 36
23 9
23 30
24 2
24 44
25 39
25 42
26 19
26 26
27 39
27 43
28 4
28 33
29 11
29 14
30 22
30 45
31 10
31 29
32 1
32 7
33 17
33 42
34 5
34 29
35 31
35 45
36 23
36 37
37 4
37 9
38 32
38 40
39 18
39 20
40 7
40 34
41 28
41 37
42 12
42 20
43 18
43 24
44 21
44 32
45 10
45 15

# solution 732
# n=46 sym=rot4 status=verified source=flammenkamp_cache/n46_rot4.mvr
# code=mvr:0 16 0 23 1 17 1 35 2 5 2 15 3 9 3 28 4 
0 16
0 23
1 17
1 35
2 5
2 15
3 9
3 28
4 33
4 34
5 7
5 43
6 24
6 34
7 26
7 40
8 20
8 23
9 32
9 42
10 1
10 15
11 4
11 6
12 4
12 14
13 9
13 14
14 32
14 33
15 35
15 43
16 20
16 45
17 3
17 44
18 19
18 21
19 7
19 27
20 29
20 37
21 6
21 27
22 0
22 8
23 37
23 45
24 18
24 39
25 8
25 16
26 18
26 38
27 24
27 26
28 1
28 42
29 0
29 25
30 2
30 10
31 12
31 13
32 31
32 36
33 31
33 41
34 39
34 41
35 30
35 44
36 3
36 13
37 22
37 25
38 5
38 19
39 11
39 21
40 2
40 38
41 11
41 12
42 17
42 36
43 30
43 40
44 10
44 28
45 22
45 29

# solution 733
# n=46 sym=rot4 status=verified source=flammenkamp_cache/n46_rot4.mvr
# code=mvr:0 16 0 23 1 17 1 35 2 5 2 15 3 9 3 17 4 
0 16
0 23
1 17
1 35
2 5
2 15
3 9
3 17
4 33
4 34
5 7
5 43
6 24
6 34
7 26
7 40
8 20
8 23
9 32
9 42
10 1
10 15
11 4
11 6
12 4
12 14
13 9
13 14
14 32
14 33
15 35
15 43
16 20
16 45
17 42
17 44
18 19
18 21
19 7
19 27
20 29
20 37
21 6
21 27
22 0
22 8
23 37
23 45
24 18
24 39
25 8
25 16
26 18
26 38
27 24
27 26
28 1
28 3
29 0
29 25
30 2
30 10
31 12
31 13
32 31
32 36
33 31
33 41
34 39
34 41
35 30
35 44
36 3
36 13
37 22
37 25
38 5
38 19
39 11
39 21
40 2
40 38
41 11
41 12
42 28
42 36
43 30
43 40
44 10
44 28
45 22
45 29

# solution 734
# n=46 sym=rot4 status=verified source=flammenkamp_cache/n46_rot4.mvr
# code=mvr:0 14 0 21 1 24 1 32 2 19 2 25 3 17 3 33 
0 14
0 21
1 24
1 32
2 19
2 25
3 17
3 33
4 6
4 12
5 15
5 18
6 7
6 41
7 36
7 39
8 15
8 19
9 7
9 10
10 27
10 36
11 14
11 22
12 3
12 41
13 1
13 17
14 34
14 45
15 37
15 40
16 20
16 23
17 32
17 42
18 10
18 40
19 37
19 43
20 2
20 29
21 1
21 45
22 16
22 34
23 11
23 29
24 0
24 44
25 16
25 43
26 2
26 8
27 5
27 35
28 3
28 13
29 22
29 25
30 5
30 8
31 0
31 11
32 28
32 44
33 4
33 42
34 23
34 31
35 9
35 18
36 35
36 38
37 26
37 30
38 6
38 9
39 4
39 38
40 27
40 30
41 33
41 39
42 12
42 28
43 20
43 26
44 13
44 21
45 24
45 31

# solution 735
# n=46 sym=rot4 status=verified source=flammenkamp_cache/n46_rot4.mvr
# code=mvr:0 15 0 32 1 4 1 33 2 23 2 32 3 28 3 39 4
0 15
0 32
1 4
1 33
2 23
2 32
3 28
3 39
4 8
4 44
5 24
5 36
6 3
6 15
7 17
7 21
8 10
8 41
9 5
9 29
10 25
10 37
11 16
11 18
12 1
12 14
13 0
13 2
14 23
14 33
15 39
15 45
16 9
16 34
17 3
17 38
18 19
18 34
19 25
19 27
20 10
20 19
21 5
21 38
22 2
22 14
23 31
23 43
24 7
24 40
25 26
25 35
26 18
26 20
27 11
27 26
28 7
28 42
29 11
29 36
30 0
30 6
31 12
31 22
32 43
32 45
33 31
33 44
34 27
34 29
35 8
35 20
36 16
36 40
37 4
37 35
38 24
38 28
39 30
39 42
40 9
40 21
41 1
41 37
42 6
42 17
43 13
43 22
44 12
44 41
45 13
45 30

# solution 736
# n=46 sym=rot4 status=verified source=flammenkamp_cache/n46_rot4.mvr
# code=mvr:0 21 0 25 1 10 1 22 2 16 2 33 3 14 3 28 
0 21
0 25
1 10
1 22
2 16
2 33
3 14
3 28
4 34
4 36
5 9
5 21
6 15
6 33
7 27
7 37
8 7
8 25
9 4
9 40
10 32
10 44
11 4
11 18
12 2
12 6
13 10
13 26
14 16
14 42
15 17
15 39
16 31
16 43
17 3
17 30
18 7
18 34
19 13
19 23
20 0
20 8
21 40
21 45
22 19
22 44
23 1
23 26
24 0
24 5
25 37
25 45
26 22
26 32
27 11
27 38
28 15
28 42
29 2
29 14
30 6
30 28
31 3
31 29
32 19
32 35
33 39
33 43
34 27
34 41
35 1
35 13
36 5
36 41
37 20
37 38
38 8
38 18
39 12
39 30
40 24
40 36
41 9
41 11
42 17
42 31
43 12
43 29
44 23
44 35
45 20
45 24

# solution 737
# n=46 sym=rot4 status=verified source=flammenkamp_cache/n46_rot4.mvr
# code=mvr:0 16 0 21 1 18 1 33 2 17 2 30 3 31 3 40 
0 16
0 21
1 18
1 33
2 17
2 30
3 31
3 40
4 8
4 34
5 3
5 8
6 16
6 26
7 23
7 36
8 40
8 41
9 7
9 26
10 30
10 34
11 4
11 10
12 1
12 21
13 14
13 20
14 3
14 32
15 2
15 10
16 39
16 45
17 25
17 43
18 23
18 44
19 6
19 9
20 17
20 32
21 33
21 45
22 7
22 18
23 27
23 38
24 0
24 12
25 13
25 28
26 36
26 39
27 1
27 22
28 2
28 20
29 0
29 6
30 35
30 43
31 13
31 42
32 25
32 31
33 24
33 44
34 35
34 41
35 11
35 15
36 19
36 38
37 4
37 5
38 9
38 22
39 19
39 29
40 37
40 42
41 11
41 37
42 5
42 14
43 15
43 28
44 12
44 27
45 24
45 29

# solution 738
# n=46 sym=rot4 status=verified source=flammenkamp_cache/n46_rot4.mvr
# code=mvr:0 11 0 28 1 14 1 34 2 24 2 30 3 9 3 12 4
0 11
0 28
1 14
1 34
2 24
2 30
3 9
3 12
4 27
4 39
5 23
5 39
6 4
6 5
7 12
7 19
8 23
8 31
9 35
9 42
10 9
10 19
11 1
11 45
12 38
12 42
13 20
13 29
14 8
14 44
15 2
15 20
16 13
16 27
17 0
17 21
18 4
18 16
19 35
19 38
20 30
20 32
21 2
21 28
22 5
22 8
23 37
23 40
24 17
24 43
25 13
25 15
26 7
26 10
27 29
27 41
28 24
28 45
29 18
29 32
30 25
30 43
31 1
31 37
32 16
32 25
33 3
33 7
34 0
34 44
35 26
35 36
36 3
36 10
37 14
37 22
38 26
38 33
39 40
39 41
40 6
40 22
41 6
41 18
42 33
42 36
43 15
43 21
44 11
44 31
45 17
45 34

# solution 739
# n=46 sym=rot4 status=verified source=flammenkamp_cache/n46_rot4.mvr
# code=mvr:0 23 0 26 1 6 1 30 2 23 2 33 3 11 3 30 4
0 23
0 26
1 6
1 30
2 23
2 33
3 11
3 30
4 19
4 32
5 10
5 37
6 7
6 44
7 25
7 39
8 5
8 18
9 25
9 33
10 14
10 40
11 18
11 42
12 2
12 9
13 4
13 24
14 16
14 35
15 1
15 3
16 28
16 31
17 16
17 24
18 34
18 37
19 0
19 41
20 7
20 9
21 13
21 17
22 0
22 2
23 43
23 45
24 28
24 32
25 36
25 38
26 4
26 45
27 8
27 11
28 21
28 29
29 14
29 17
30 42
30 44
31 10
31 29
32 21
32 41
33 36
33 43
34 3
34 27
35 5
35 31
36 12
36 20
37 27
37 40
38 6
38 20
39 1
39 38
40 8
40 35
41 13
41 26
42 15
42 34
43 12
43 22
44 15
44 39
45 19
45 22

# solution 740
# n=46 sym=rot4 status=verified source=flammenkamp_cache/n46_rot4.mvr
# code=mvr:0 14 0 21 1 28 1 30 2 19 2 32 3 20 3 35 
0 14
0 21
1 28
1 30
2 19
2 32
3 20
3 35
4 12
4 30
5 8
5 32
6 6
6 39
7 19
7 20
8 27
8 40
9 10
9 24
10 3
10 36
11 16
11 33
12 11
12 41
13 2
13 5
14 27
14 45
15 1
15 4
16 22
16 34
17 1
17 23
18 8
18 14
19 38
19 43
20 38
20 42
21 9
21 45
22 17
22 29
23 16
23 28
24 0
24 36
25 3
25 7
26 2
26 7
27 31
27 37
28 22
28 44
29 11
29 23
30 41
30 44
31 0
31 18
32 40
32 43
33 4
33 34
34 12
34 29
35 9
35 42
36 21
36 35
37 5
37 18
38 25
38 26
39 6
39 39
40 13
40 37
41 15
41 33
42 10
42 25
43 13
43 26
44 15
44 17
45 24
45 31

# solution 741
# n=46 sym=rot4 status=verified source=flammenkamp_cache/n46_rot4.mvr
# code=mvr:0 21 0 26 1 8 1 31 2 13 2 19 3 17 3 37 4
0 21
0 26
1 8
1 31
2 13
2 19
3 17
3 37
4 25
4 30
5 6
5 12
6 12
6 40
7 10
7 16
8 3
8 44
9 32
9 34
10 27
10 38
11 9
11 29
12 39
12 40
13 9
13 43
14 1
14 18
15 4
15 24
16 11
16 38
17 25
17 42
18 10
18 31
19 0
19 43
20 4
20 17
21 15
21 45
22 22
22 23
23 22
23 23
24 0
24 30
25 28
25 41
26 2
26 45
27 14
27 35
28 3
28 20
29 7
29 34
30 21
30 41
31 27
31 44
32 2
32 36
33 5
33 6
34 16
34 36
35 7
35 18
36 11
36 13
37 1
37 42
38 29
38 35
39 5
39 33
40 33
40 39
41 15
41 20
42 8
42 28
43 26
43 32
44 14
44 37
45 19
45 24

# solution 742
# n=46 sym=rot4 status=verified source=flammenkamp_cache/n46_rot4.mvr
# code=mvr:0 21 0 39 1 15 1 21 2 16 2 19 3 26 3 33 
0 21
0 39
1 15
1 21
2 16
2 19
3 26
3 33
4 14
4 30
5 8
5 9
6 0
6 10
7 22
7 28
8 11
8 40
9 28
9 40
10 23
10 39
11 12
11 37
12 3
12 34
13 14
13 25
14 32
14 41
15 4
15 44
16 18
16 43
17 7
17 9
18 20
18 29
19 3
19 43
20 13
20 27
21 44
21 45
22 10
22 38
23 7
23 35
24 0
24 1
25 18
25 32
26 2
26 42
27 16
27 25
28 36
28 38
29 2
29 27
30 1
30 41
31 4
31 13
32 20
32 31
33 11
33 42
34 8
34 33
35 6
35 22
36 5
36 17
37 5
37 34
38 17
38 23
39 35
39 45
40 36
40 37
41 15
41 31
42 12
42 19
43 26
43 29
44 24
44 30
45 6
45 24

# solution 743
# n=46 sym=rot4 status=verified source=flammenkamp_cache/n46_rot4.mvr
# code=mvr:0 20 0 33 1 16 1 18 2 7 2 9 3 26 3 38 4 
0 20
0 33
1 16
1 18
2 7
2 9
3 26
3 38
4 29
4 32
5 6
5 21
6 33
6 40
7 3
7 43
8 18
8 26
9 10
9 43
10 14
10 36
11 13
11 24
12 0
12 6
13 4
13 34
14 28
14 35
15 15
15 30
16 4
16 44
17 14
17 23
18 37
18 44
19 3
19 8
20 23
20 45
21 11
21 40
22 17
22 20
23 25
23 28
24 5
24 34
25 0
25 22
26 37
26 42
27 1
27 8
28 22
28 31
29 1
29 41
30 15
30 30
31 10
31 17
32 11
32 41
33 39
33 45
34 21
34 32
35 9
35 31
36 2
36 35
37 19
37 27
38 2
38 42
39 5
39 12
40 24
40 39
41 13
41 16
42 7
42 19
43 36
43 38
44 27
44 29
45 12
45 25

# solution 744
# n=46 sym=rot4 status=verified source=flammenkamp_cache/n46_rot4.mvr
# code=mvr:0 34 0 43 1 23 1 38 2 0 2 28 3 13 3 17 4
0 34
0 43
1 23
1 38
2 0
2 28
3 13
3 17
4 18
4 21
5 21
5 32
6 12
6 18
7 1
7 31
8 20
8 26
9 31
9 35
10 9
10 15
11 0
11 15
12 25
12 39
13 5
13 42
14 7
14 9
15 34
15 35
16 16
16 29
17 2
17 42
18 39
18 41
19 8
19 23
20 12
20 37
21 40
21 41
22 1
22 19
23 26
23 44
24 4
24 5
25 8
25 33
26 22
26 37
27 4
27 6
28 3
28 43
29 16
29 29
30 10
30 11
31 36
31 38
32 3
32 40
33 6
33 20
34 30
34 45
35 30
35 36
36 10
36 14
37 19
37 25
38 14
38 44
39 27
39 33
40 13
40 24
41 24
41 27
42 28
42 32
43 17
43 45
44 7
44 22
45 2
45 11

# solution 745
# n=46 sym=rot4 status=verified source=flammenkamp_cache/n46_rot4.mvr
# code=mvr:0 19 0 34 1 27 1 30 2 11 2 32 3 23 3 25 
0 19
0 34
1 27
1 30
2 11
2 32
3 23
3 25
4 10
4 19
5 9
5 10
6 14
6 29
7 20
7 23
8 16
8 31
9 27
9 40
10 40
10 41
11 0
11 43
12 17
12 32
13 2
13 12
14 8
14 39
15 1
15 28
16 6
16 37
17 15
17 33
18 1
18 9
19 41
19 45
20 3
20 38
21 21
21 24
22 3
22 7
23 38
23 42
24 21
24 24
25 7
25 42
26 0
26 4
27 36
27 44
28 12
28 30
29 8
29 39
30 17
30 44
31 6
31 37
32 33
32 43
33 13
33 28
34 2
34 45
35 4
35 5
36 5
36 18
37 14
37 29
38 22
38 25
39 16
39 31
40 35
40 36
41 26
41 35
42 20
42 22
43 13
43 34
44 15
44 18
45 11
45 26

# solution 746
# n=46 sym=rot4 status=verified source=flammenkamp_cache/n46_rot4.mvr
# code=mvr:0 17 0 35 1 15 1 24 2 27 2 33 3 21 3 27 
0 17
0 35
1 15
1 24
2 27
2 33
3 21
3 27
4 36
4 39
5 25
5 34
6 4
6 13
7 25
7 32
8 9
8 16
9 4
9 37
10 0
10 22
11 5
11 15
12 2
12 16
13 7
13 39
14 23
14 26
15 34
15 44
16 33
16 37
17 19
17 45
18 2
18 3
19 14
19 28
20 5
20 7
21 1
21 42
22 14
22 35
23 10
23 31
24 3
24 44
25 38
25 40
26 17
26 31
27 42
27 43
28 0
28 26
29 8
29 12
30 1
30 11
31 19
31 22
32 6
32 38
33 29
33 43
34 30
34 40
35 23
35 45
36 8
36 41
37 29
37 36
38 13
38 20
39 32
39 41
40 11
40 20
41 6
41 9
42 18
42 24
43 12
43 18
44 21
44 30
45 10
45 28

# solution 747
# n=46 sym=rot4 status=verified source=flammenkamp_cache/n46_rot4.mvr
# code=mvr:0 19 0 21 1 22 1 31 2 14 2 34 3 17 3 19 
0 19
0 21
1 22
1 31
2 14
2 34
3 17
3 19
4 30
4 33
5 9
5 13
6 21
6 38
7 6
7 16
8 33
8 36
9 8
9 40
10 25
10 29
11 2
11 23
12 4
12 8
13 18
13 40
14 1
14 43
15 4
15 17
16 10
16 38
17 30
17 42
18 20
18 32
19 42
19 45
20 10
20 27
21 39
21 45
22 11
22 44
23 1
23 34
24 0
24 6
25 18
25 35
26 0
26 3
27 13
27 25
28 3
28 15
29 7
29 35
30 28
30 41
31 2
31 44
32 5
32 27
33 37
33 41
34 22
34 43
35 16
35 20
36 5
36 37
37 9
37 12
38 29
38 39
39 7
39 24
40 32
40 36
41 12
41 15
42 26
42 28
43 11
43 31
44 14
44 23
45 24
45 26

# solution 748
# n=46 sym=rot4 status=verified source=flammenkamp_cache/n46_rot4.mvr
# code=mvr:0 24 0 29 1 18 1 34 2 6 2 20 3 7 3 12 4 
0 24
0 29
1 18
1 34
2 6
2 20
3 7
3 12
4 20
4 29
5 17
5 30
6 37
6 43
7 35
7 42
8 6
8 23
9 17
9 23
10 7
10 18
11 1
11 31
12 32
12 42
13 12
13 31
14 11
14 13
15 5
15 21
16 0
16 4
17 36
17 40
18 35
18 44
19 19
19 26
20 41
20 43
21 0
21 30
22 8
22 9
23 36
23 37
24 15
24 45
25 2
25 4
26 19
26 26
27 1
27 10
28 5
28 9
29 41
29 45
30 24
30 40
31 32
31 34
32 14
32 33
33 3
33 13
34 14
34 44
35 27
35 38
36 22
36 28
37 22
37 39
38 3
38 10
39 2
39 8
40 15
40 28
41 16
41 25
42 33
42 38
43 25
43 39
44 11
44 27
45 16
45 21

# solution 749
# n=46 sym=rot4 status=verified source=flammenkamp_cache/n46_rot4.mvr
# code=mvr:0 10 0 36 1 19 1 38 2 6 2 15 3 25 3 27 4
0 10
0 36
1 19
1 38
2 6
2 15
3 25
3 27
4 13
4 33
5 17
5 25
6 36
6 43
7 1
7 18
8 14
8 24
9 0
9 6
10 31
10 45
11 13
11 29
12 4
12 22
13 34
13 41
14 10
14 37
15 23
15 43
16 11
16 17
17 29
17 40
18 3
18 38
19 21
19 44
20 3
20 5
21 8
21 26
22 15
22 33
23 12
23 30
24 19
24 37
25 40
25 42
26 1
26 24
27 7
27 42
28 5
28 16
29 28
29 34
30 2
30 22
31 8
31 35
32 4
32 11
33 23
33 41
34 16
34 32
35 0
35 14
36 39
36 45
37 21
37 31
38 27
38 44
39 2
39 9
40 20
40 28
41 12
41 32
42 18
42 20
43 30
43 39
44 7
44 26
45 9
45 35

# solution 750
# n=46 sym=rot4 status=verified source=flammenkamp_cache/n46_rot4.mvr
# code=mvr:0 12 0 24 1 12 1 20 2 9 2 27 3 22 3 25 4
0 12
0 24
1 12
1 20
2 9
2 27
3 22
3 25
4 34
4 38
5 10
5 37
6 24
6 29
7 4
7 32
8 5
8 17
9 10
9 43
10 36
10 40
11 4
11 26
12 44
12 45
13 7
13 19
14 15
14 23
15 17
15 31
16 6
16 18
17 30
17 37
18 2
18 29
19 11
19 32
20 3
20 44
21 0
21 6
22 14
22 42
23 3
23 31
24 39
24 45
25 1
25 42
26 13
26 34
27 16
27 43
28 8
28 15
29 27
29 39
30 14
30 28
31 22
31 30
32 26
32 38
33 0
33 1
34 19
34 41
35 5
35 9
36 2
36 35
37 28
37 40
38 13
38 41
39 16
39 21
40 8
40 35
41 7
41 11
42 20
42 23
43 18
43 36
44 25
44 33
45 21
45 33

# solution 751
# n=46 sym=rot4 status=verified source=flammenkamp_cache/n46_rot4.mvr
# code=mvr:0 14 0 28 1 21 1 26 2 29 2 31 3 11 3 19 
0 14
0 28
1 21
1 26
2 29
2 31
3 11
3 19
4 13
4 23
5 10
5 37
6 36
6 38
7 6
7 18
8 5
8 10
9 6
9 15
10 37
10 40
11 32
11 42
12 18
12 23
13 11
13 41
14 2
14 45
15 20
15 36
16 2
16 25
17 0
17 21
18 33
18 38
19 1
19 42
20 16
20 30
21 28
21 44
22 4
22 12
23 33
23 41
24 1
24 17
25 15
25 29
26 3
26 44
27 7
27 12
28 24
28 45
29 20
29 43
30 9
30 25
31 0
31 43
32 4
32 34
33 22
33 27
34 3
34 13
35 5
35 8
36 30
36 39
37 35
37 40
38 27
38 39
39 7
39 9
40 8
40 35
41 22
41 32
42 26
42 34
43 14
43 16
44 19
44 24
45 17
45 31

# solution 752
# n=46 sym=rot4 status=verified source=flammenkamp_cache/n46_rot4.mvr
# code=mvr:0 11 0 29 1 9 1 18 2 22 2 31 3 19 3 28 4
0 11
0 29
1 9
1 18
2 22
2 31
3 19
3 28
4 28
4 35
5 15
5 36
6 18
6 32
7 24
7 29
8 19
8 35
9 5
9 44
10 4
10 8
11 31
11 45
12 20
12 30
13 6
13 23
14 2
14 11
15 12
15 40
16 0
16 7
17 3
17 4
18 39
18 44
19 37
19 42
20 21
20 33
21 7
21 25
22 13
22 43
23 2
23 32
24 20
24 38
25 12
25 24
26 3
26 8
27 1
27 6
28 41
28 42
29 38
29 45
30 5
30 33
31 34
31 43
32 22
32 39
33 15
33 25
34 0
34 14
35 37
35 41
36 1
36 40
37 10
37 26
38 16
38 21
39 13
39 27
40 9
40 30
41 10
41 17
42 17
42 26
43 14
43 23
44 27
44 36
45 16
45 34

# solution 753
# n=46 sym=rot4 status=verified source=flammenkamp_cache/n46_rot4.mvr
# code=mvr:0 16 0 19 1 23 1 32 2 8 2 14 3 27 3 33 4
0 16
0 19
1 23
1 32
2 8
2 14
3 27
3 33
4 11
4 36
5 6
5 13
6 16
6 40
7 15
7 23
8 33
8 43
9 4
9 26
10 17
10 30
11 20
11 41
12 3
12 8
13 1
13 40
14 17
14 43
15 10
15 38
16 39
16 45
17 31
17 35
18 3
18 24
19 9
19 45
20 21
20 34
21 18
21 25
22 1
22 7
23 38
23 44
24 20
24 27
25 11
25 24
26 0
26 36
27 21
27 42
28 10
28 14
29 0
29 6
30 7
30 35
31 2
31 28
32 5
32 44
33 37
33 42
34 4
34 25
35 15
35 28
36 19
36 41
37 2
37 12
38 22
38 30
39 5
39 29
40 32
40 39
41 9
41 34
42 12
42 18
43 31
43 37
44 13
44 22
45 26
45 29

# solution 754
# n=46 sym=rot4 status=verified source=flammenkamp_cache/n46_rot4.mvr
# code=mvr:0 24 0 32 1 18 1 19 2 8 2 16 3 7 3 23 4 
0 24
0 32
1 18
1 19
2 8
2 16
3 7
3 23
4 15
4 31
5 9
5 33
6 21
6 30
7 17
7 42
8 36
8 43
9 8
9 40
10 23
10 32
11 12
11 28
12 5
12 34
13 0
13 10
14 4
14 19
15 6
15 41
16 18
16 43
17 11
17 38
18 29
18 44
19 31
19 44
20 20
20 25
21 0
21 39
22 3
22 10
23 35
23 42
24 6
24 45
25 20
25 25
26 1
26 14
27 1
27 16
28 7
28 34
29 2
29 27
30 4
30 39
31 26
31 41
32 35
32 45
33 11
33 40
34 17
34 33
35 13
35 22
36 5
36 37
37 2
37 9
38 3
38 28
39 15
39 24
40 12
40 36
41 14
41 30
42 22
42 38
43 29
43 37
44 26
44 27
45 13
45 21

# solution 755
# n=46 sym=rot4 status=verified source=flammenkamp_cache/n46_rot4.mvr
# code=mvr:0 29 0 33 1 18 1 21 2 14 2 17 3 20 3 28 
0 29
0 33
1 18
1 21
2 14
2 17
3 20
3 28
4 14
4 32
5 10
5 16
6 9
6 33
7 25
7 30
8 9
8 26
9 37
9 39
10 34
10 40
11 10
11 21
12 0
12 6
13 4
13 18
14 41
14 43
15 7
15 23
16 0
16 40
17 3
17 43
18 32
18 44
19 8
19 23
20 7
20 42
21 34
21 44
22 15
22 19
23 26
23 30
24 1
24 11
25 3
25 38
26 22
26 37
27 1
27 13
28 2
28 42
29 5
29 45
30 22
30 38
31 2
31 4
32 27
32 41
33 39
33 45
34 24
34 35
35 5
35 11
36 6
36 8
37 19
37 36
38 15
38 20
39 12
39 36
40 29
40 35
41 13
41 31
42 17
42 25
43 28
43 31
44 24
44 27
45 12
45 16

# solution 756
# n=46 sym=rot4 status=verified source=flammenkamp_cache/n46_rot4.mvr
# code=mvr:0 17 0 31 1 6 1 14 2 27 2 32 3 15 3 21 4
0 17
0 31
1 6
1 14
2 27
2 32
3 15
3 21
4 22
4 24
5 6
5 37
6 40
6 44
7 15
7 29
8 5
8 9
9 16
9 37
10 12
10 25
11 23
11 32
12 18
12 35
13 2
13 11
14 0
14 44
15 38
15 42
16 7
16 36
17 25
17 45
18 2
18 33
19 19
19 26
20 10
20 17
21 4
21 42
22 11
22 41
23 4
23 34
24 3
24 41
25 28
25 35
26 19
26 26
27 12
27 43
28 0
28 20
29 9
29 38
30 3
30 7
31 1
31 45
32 34
32 43
33 10
33 27
34 13
34 22
35 20
35 33
36 8
36 29
37 36
37 40
38 16
38 30
39 1
39 5
40 8
40 39
41 21
41 23
42 24
42 30
43 13
43 18
44 31
44 39
45 14
45 28

# solution 757
# n=46 sym=rot4 status=verified source=flammenkamp_cache/n46_rot4.mvr
# code=mvr:0 26 0 32 1 23 1 25 2 12 2 28 3 28 3 36 
0 26
0 32
1 23
1 25
2 12
2 28
3 28
3 36
4 9
4 35
5 5
5 40
6 15
6 18
7 10
7 16
8 23
8 24
9 3
9 41
10 4
10 38
11 27
11 31
12 29
12 43
13 0
13 15
14 11
14 19
15 32
15 39
16 12
16 38
17 2
17 3
18 11
18 39
19 0
19 31
20 1
20 24
21 8
21 20
22 1
22 8
23 37
23 44
24 25
24 37
25 21
25 44
26 14
26 45
27 6
27 34
28 42
28 43
29 7
29 33
30 6
30 13
31 26
31 34
32 30
32 45
33 2
33 16
34 14
34 18
35 7
35 41
36 4
36 42
37 21
37 22
38 29
38 35
39 27
39 30
40 5
40 40
41 10
41 36
42 9
42 17
43 17
43 33
44 20
44 22
45 13
45 19

# solution 758
# n=46 sym=rot4 status=verified source=flammenkamp_cache/n46_rot4.mvr
# code=mvr:0 21 0 23 1 16 1 20 2 27 2 28 3 33 3 35 
0 21
0 23
1 16
1 20
2 27
2 28
3 33
3 35
4 6
4 10
5 5
5 40
6 26
6 41
7 13
7 33
8 21
8 26
9 14
9 27
10 3
10 41
11 13
11 14
12 3
12 7
13 34
13 38
14 34
14 36
15 16
15 23
16 30
16 44
17 2
17 20
18 2
18 9
19 6
19 8
20 28
20 44
21 37
21 45
22 0
22 15
23 30
23 45
24 0
24 8
25 1
25 17
26 37
26 39
27 36
27 43
28 25
28 43
29 1
29 15
30 22
30 29
31 9
31 11
32 7
32 11
33 38
33 42
34 31
34 32
35 4
35 42
36 18
36 31
37 19
37 24
38 12
38 32
39 4
39 19
40 5
40 40
41 35
41 39
42 10
42 12
43 17
43 18
44 25
44 29
45 22
45 24

# solution 759
# n=46 sym=rot4 status=verified source=flammenkamp_cache/n46_rot4.mvr
# code=mvr:0 20 0 26 1 11 1 21 2 10 2 29 3 20 3 26 
0 20
0 26
1 11
1 21
2 10
2 29
3 20
3 26
4 15
4 35
5 22
5 37
6 27
6 30
7 11
7 13
8 5
8 13
9 27
9 31
10 4
10 43
11 38
11 44
12 23
12 31
13 37
13 38
14 9
14 12
15 6
15 41
16 2
16 28
17 16
17 21
18 6
18 9
19 0
19 3
20 42
20 45
21 28
21 44
22 12
22 40
23 5
23 33
24 1
24 17
25 0
25 3
26 42
26 45
27 36
27 39
28 24
28 29
29 17
29 43
30 4
30 39
31 33
31 36
32 7
32 8
33 14
33 22
34 1
34 7
35 2
35 41
36 14
36 18
37 32
37 40
38 32
38 34
39 15
39 18
40 8
40 23
41 10
41 30
42 19
42 25
43 16
43 35
44 24
44 34
45 19
45 25

# solution 760
# n=46 sym=rot4 status=verified source=flammenkamp_cache/n46_rot4.mvr
# code=mvr:0 13 0 25 1 7 1 14 2 26 2 40 3 10 3 21 4
0 13
0 25
1 7
1 14
2 26
2 40
3 10
3 21
4 31
4 33
5 2
5 16
6 24
6 27
7 23
7 44
8 10
8 18
9 20
9 32
10 37
10 42
11 15
11 33
12 4
12 11
13 9
13 45
14 4
14 44
15 23
15 34
16 28
16 40
17 16
17 19
18 6
18 37
19 2
19 28
20 0
20 36
21 6
21 42
22 7
22 15
23 30
23 38
24 3
24 39
25 9
25 45
26 17
26 43
27 8
27 39
28 26
28 29
29 5
29 17
30 11
30 22
31 1
31 41
32 0
32 36
33 34
33 41
34 12
34 30
35 3
35 8
36 13
36 25
37 27
37 35
38 1
38 22
39 18
39 21
40 29
40 43
41 12
41 14
42 24
42 35
43 5
43 19
44 31
44 38
45 20
45 32

# solution 761
# n=46 sym=rot4 status=verified source=flammenkamp_cache/n46_rot4.mvr
# code=mvr:0 8 0 25 1 18 1 20 2 23 2 27 3 15 3 31 4
0 8
0 25
1 18
1 20
2 23
2 27
3 15
3 31
4 34
4 40
5 4
5 24
6 10
6 34
7 12
7 29
8 19
8 45
9 23
9 33
10 13
10 39
11 4
11 6
12 9
12 38
13 15
13 35
14 3
14 24
15 32
15 42
16 7
16 28
17 16
17 19
18 2
18 44
19 28
19 37
20 0
20 44
21 5
21 14
22 2
22 9
23 36
23 43
24 31
24 40
25 1
25 45
26 8
26 17
27 1
27 43
28 26
28 29
29 17
29 38
30 3
30 13
31 21
31 42
32 10
32 30
33 7
33 36
34 39
34 41
35 6
35 32
36 12
36 22
37 0
37 26
38 16
38 33
39 11
39 35
40 21
40 41
41 5
41 11
42 14
42 30
43 18
43 22
44 25
44 27
45 20
45 37

# solution 762
# n=46 sym=rot4 status=verified source=flammenkamp_cache/n46_rot4.mvr
# code=mvr:0 25 0 37 1 18 1 20 2 23 2 27 3 15 3 31 
0 25
0 37
1 18
1 20
2 23
2 27
3 15
3 31
4 34
4 40
5 4
5 24
6 10
6 34
7 12
7 29
8 0
8 19
9 23
9 33
10 13
10 39
11 4
11 6
12 9
12 38
13 15
13 35
14 3
14 24
15 32
15 42
16 7
16 28
17 16
17 19
18 2
18 44
19 28
19 37
20 0
20 44
21 5
21 14
22 2
22 9
23 36
23 43
24 31
24 40
25 1
25 45
26 8
26 17
27 1
27 43
28 26
28 29
29 17
29 38
30 3
30 13
31 21
31 42
32 10
32 30
33 7
33 36
34 39
34 41
35 6
35 32
36 12
36 22
37 26
37 45
38 16
38 33
39 11
39 35
40 21
40 41
41 5
41 11
42 14
42 30
43 18
43 22
44 25
44 27
45 8
45 20

# solution 763
# n=46 sym=rot4 status=verified source=flammenkamp_cache/n46_rot4.mvr
# code=mvr:0 26 0 29 1 29 1 36 2 15 2 20 3 33 3 34 
0 26
0 29
1 29
1 36
2 15
2 20
3 33
3 34
4 6
4 26
5 8
5 36
6 27
6 41
7 14
7 33
8 21
8 40
9 1
9 5
10 17
10 21
11 3
11 13
12 3
12 7
13 22
13 34
14 20
14 38
15 27
15 43
16 0
16 1
17 23
17 35
18 6
18 15
19 0
19 4
20 31
20 43
21 35
21 37
22 17
22 32
23 13
23 28
24 8
24 10
25 2
25 14
26 41
26 45
27 30
27 39
28 10
28 22
29 44
29 45
30 2
30 18
31 7
31 25
32 11
32 23
33 38
33 42
34 32
34 42
35 24
35 28
36 40
36 44
37 5
37 24
38 12
38 31
39 4
39 18
40 9
40 37
41 19
41 39
42 11
42 12
43 25
43 30
44 9
44 16
45 16
45 19

# solution 764
# n=46 sym=rot4 status=verified source=flammenkamp_cache/n46_rot4.mvr
# code=mvr:0 11 0 31 1 16 1 34 2 27 2 31 3 12 3 19 
0 11
0 31
1 16
1 34
2 27
2 31
3 12
3 19
4 22
4 24
5 9
5 38
6 12
6 20
7 5
7 8
8 35
8 38
9 29
9 40
10 8
10 27
11 1
11 45
12 39
12 42
13 19
13 23
14 0
14 2
15 15
15 30
16 9
16 44
17 21
17 25
18 2
18 10
19 32
19 42
20 17
20 39
21 4
21 28
22 13
22 41
23 4
23 32
24 17
24 41
25 6
25 28
26 3
26 13
27 35
27 43
28 20
28 24
29 1
29 36
30 15
30 30
31 43
31 45
32 22
32 26
33 3
33 6
34 0
34 44
35 18
35 37
36 5
36 16
37 7
37 10
38 37
38 40
39 25
39 33
40 7
40 36
41 21
41 23
42 26
42 33
43 14
43 18
44 11
44 29
45 14
45 34

# solution 765
# n=46 sym=rot4 status=verified source=flammenkamp_cache/n46_rot4.mvr
# code=mvr:0 24 0 27 1 23 1 31 2 28 2 31 3 12 3 13 
0 24
0 27
1 23
1 31
2 28
2 31
3 12
3 13
4 23
4 39
5 6
5 16
6 4
6 40
7 10
7 30
8 9
8 17
9 25
9 37
10 15
10 38
11 21
11 26
12 26
12 42
13 16
13 42
14 1
14 2
15 7
15 35
16 32
16 40
17 2
17 37
18 0
18 20
19 11
19 12
20 9
20 27
21 0
21 34
22 1
22 4
23 41
23 44
24 11
24 45
25 18
25 36
26 33
26 34
27 25
27 45
28 8
28 43
29 5
29 13
30 10
30 38
31 43
31 44
32 3
32 29
33 3
33 19
34 19
34 24
35 7
35 30
36 8
36 20
37 28
37 36
38 15
38 35
39 5
39 41
40 29
40 39
41 6
41 22
42 32
42 33
43 14
43 17
44 14
44 22
45 18
45 21

# solution 766
# n=46 sym=rot4 status=verified source=flammenkamp_cache/n46_rot4.mvr
# code=mvr:0 19 0 24 1 18 1 19 2 30 2 33 3 13 3 35 
0 19
0 24
1 18
1 19
2 30
2 33
3 13
3 35
4 7
4 8
5 21
5 28
6 33
6 36
7 23
7 41
8 29
8 41
9 6
9 11
10 3
10 11
11 35
11 36
12 2
12 6
13 15
13 42
14 18
14 23
15 2
15 32
16 8
16 28
17 5
17 16
18 31
18 44
19 44
19 45
20 20
20 25
21 0
21 40
22 7
22 14
23 31
23 38
24 5
24 45
25 20
25 25
26 0
26 1
27 1
27 14
28 29
28 40
29 17
29 37
30 13
30 43
31 22
31 27
32 3
32 30
33 39
33 43
34 9
34 10
35 34
35 42
36 34
36 39
37 4
37 16
38 4
38 22
39 9
39 12
40 17
40 24
41 37
41 38
42 10
42 32
43 12
43 15
44 26
44 27
45 21
45 26

# solution 767
# n=46 sym=rot4 status=verified source=flammenkamp_cache/n46_rot4.mvr
# code=mvr:0 19 0 24 1 18 1 19 2 30 2 33 3 32 3 35 
0 19
0 24
1 18
1 19
2 30
2 33
3 32
3 35
4 7
4 8
5 21
5 28
6 33
6 36
7 23
7 41
8 29
8 41
9 6
9 11
10 3
10 11
11 35
11 36
12 2
12 6
13 3
13 15
14 18
14 23
15 2
15 32
16 8
16 28
17 5
17 16
18 31
18 44
19 44
19 45
20 20
20 25
21 0
21 40
22 7
22 14
23 31
23 38
24 5
24 45
25 20
25 25
26 0
26 1
27 1
27 14
28 29
28 40
29 17
29 37
30 13
30 43
31 22
31 27
32 30
32 42
33 39
33 43
34 9
34 10
35 34
35 42
36 34
36 39
37 4
37 16
38 4
38 22
39 9
39 12
40 17
40 24
41 37
41 38
42 10
42 13
43 12
43 15
44 26
44 27
45 21
45 26

# solution 768
# n=46 sym=rot4 status=verified source=flammenkamp_cache/n46_rot4.mvr
# code=mvr:0 20 0 23 1 17 1 26 2 12 2 26 3 18 3 20 
0 20
0 23
1 17
1 26
2 12
2 26
3 18
3 20
4 30
4 34
5 13
5 21
6 10
6 37
7 17
7 35
8 6
8 11
9 24
9 30
10 7
10 39
11 4
11 37
12 32
12 43
13 12
13 40
14 23
14 27
15 4
15 9
16 16
16 29
17 38
17 44
18 14
18 42
19 1
19 2
20 42
20 45
21 9
21 40
22 0
22 14
23 31
23 45
24 5
24 36
25 0
25 3
26 43
26 44
27 3
27 31
28 1
28 7
29 16
29 29
30 36
30 41
31 18
31 22
32 5
32 33
33 2
33 13
34 8
34 41
35 6
35 38
36 15
36 21
37 34
37 39
38 10
38 28
39 8
39 35
40 24
40 32
41 11
41 15
42 25
42 27
43 19
43 33
44 19
44 28
45 22
45 25

# solution 769
# n=46 sym=rot4 status=verified source=flammenkamp_cache/n46_rot4.mvr
# code=mvr:0 27 0 29 1 14 1 21 2 20 2 22 3 11 3 25 
0 27
0 29
1 14
1 21
2 20
2 22
3 11
3 25
4 29
4 36
5 10
5 13
6 13
6 27
7 24
7 36
8 12
8 30
9 4
9 7
10 26
10 40
11 30
11 42
12 23
12 37
13 39
13 40
14 17
14 44
15 8
15 11
16 0
16 4
17 26
17 31
18 0
18 6
19 10
19 17
20 3
20 43
21 7
21 44
22 12
22 43
23 2
23 33
24 1
24 38
25 2
25 42
26 28
26 35
27 39
27 45
28 14
28 19
29 41
29 45
30 34
30 37
31 1
31 28
32 5
32 6
33 8
33 22
34 3
34 15
35 5
35 19
36 38
36 41
37 15
37 33
38 9
38 21
39 18
39 32
40 32
40 35
41 9
41 16
42 20
42 34
43 23
43 25
44 24
44 31
45 16
45 18

# solution 770
# n=46 sym=rot4 status=verified source=flammenkamp_cache/n46_rot4.mvr
# code=mvr:0 16 0 37 1 15 1 24 2 19 2 30 3 12 3 27 
0 16
0 37
1 15
1 24
2 19
2 30
3 12
3 27
4 7
4 13
5 32
5 36
6 9
6 19
7 34
7 41
8 0
8 27
9 5
9 39
10 20
10 28
11 7
11 16
12 31
12 42
13 5
13 41
14 12
14 25
15 2
15 44
16 34
16 45
17 10
17 23
18 3
18 8
19 39
19 43
20 14
20 35
21 1
21 23
22 17
22 21
23 24
23 28
24 22
24 44
25 10
25 31
26 2
26 6
27 37
27 42
28 22
28 35
29 0
29 11
30 1
30 43
31 20
31 33
32 4
32 40
33 3
33 14
34 29
34 38
35 17
35 25
36 6
36 40
37 18
37 45
38 4
38 11
39 26
39 36
40 9
40 13
41 32
41 38
42 18
42 33
43 15
43 26
44 21
44 30
45 8
45 29

# solution 771
# n=46 sym=rot4 status=verified source=flammenkamp_cache/n46_rot4.mvr
# code=mvr:0 23 0 37 1 25 1 27 2 7 2 32 3 15 3 25 4
0 23
0 37
1 25
1 27
2 7
2 32
3 15
3 25
4 13
4 17
5 14
5 26
6 29
6 34
7 19
7 43
8 0
8 24
9 11
9 15
10 10
10 35
11 6
11 36
12 18
12 23
13 2
13 41
14 29
14 40
15 36
15 42
16 6
16 14
17 21
17 41
18 1
18 33
19 5
19 38
20 1
20 3
21 8
21 28
22 0
22 12
23 33
23 45
24 17
24 37
25 42
25 44
26 7
26 40
27 12
27 44
28 4
28 24
29 31
29 39
30 3
30 9
31 5
31 16
32 4
32 43
33 22
33 27
34 9
34 39
35 10
35 35
36 30
36 34
37 21
37 45
38 2
38 26
39 11
39 16
40 19
40 31
41 28
41 32
42 20
42 30
43 13
43 38
44 18
44 20
45 8
45 22

# solution 772
# n=46 sym=rot4 status=verified source=flammenkamp_cache/n46_rot4.mvr
# code=mvr:0 11 0 19 1 28 1 29 2 25 2 35 3 7 3 35 4
0 11
0 19
1 28
1 29
2 25
2 35
3 7
3 35
4 18
4 24
5 15
5 18
6 7
6 25
7 39
7 42
8 12
8 13
9 12
9 21
10 2
10 3
11 14
11 45
12 36
12 37
13 23
13 37
14 26
14 34
15 28
15 40
16 1
16 23
17 1
17 15
18 40
18 41
19 14
19 45
20 2
20 6
21 4
21 36
22 13
22 16
23 29
23 32
24 9
24 41
25 39
25 43
26 0
26 31
27 4
27 5
28 30
28 44
29 22
29 44
30 5
30 17
31 11
31 19
32 8
32 22
33 8
33 9
34 0
34 31
35 42
35 43
36 24
36 33
37 32
37 33
38 3
38 6
39 20
39 38
40 27
40 30
41 21
41 27
42 10
42 38
43 10
43 20
44 16
44 17
45 26
45 34

# solution 773
# n=46 sym=rot4 status=verified source=flammenkamp_cache/n46_rot4.mvr
# code=mvr:0 12 0 26 1 28 1 38 2 12 2 42 3 2 3 6 4 
0 12
0 26
1 28
1 38
2 12
2 42
3 2
3 6
4 19
4 35
5 23
5 24
6 30
6 42
7 1
7 11
8 16
8 30
9 13
9 35
10 4
10 9
11 23
11 38
12 43
12 45
13 27
13 36
14 17
14 24
15 6
15 8
16 27
16 37
17 1
17 31
18 13
18 16
19 0
19 41
20 20
20 25
21 5
21 14
22 5
22 11
23 34
23 40
24 31
24 40
25 20
25 25
26 4
26 45
27 29
27 32
28 14
28 44
29 8
29 18
30 37
30 39
31 21
31 28
32 9
32 18
33 0
33 2
34 7
34 22
35 36
35 41
36 10
36 32
37 15
37 29
38 34
38 44
39 3
39 15
40 21
40 22
41 10
41 26
42 39
42 43
43 3
43 33
44 7
44 17
45 19
45 33

# solution 774
# n=46 sym=rot4 status=verified source=flammenkamp_cache/n46_rot4.mvr
# code=mvr:0 23 0 28 1 21 1 30 2 7 2 16 3 21 3 31 4
0 23
0 28
1 21
1 30
2 7
2 16
3 21
3 31
4 19
4 33
5 15
5 39
6 5
6 9
7 11
7 43
8 28
8 32
9 35
9 39
10 9
10 27
11 23
11 38
12 4
12 14
13 8
13 20
14 3
14 33
15 1
15 40
16 26
16 43
17 0
17 8
18 10
18 20
19 16
19 41
20 27
20 32
21 42
21 44
22 0
22 11
23 34
23 45
24 1
24 3
25 13
25 18
26 4
26 29
27 25
27 35
28 37
28 45
29 2
29 19
30 5
30 44
31 12
31 42
32 25
32 37
33 31
33 41
34 7
34 22
35 18
35 36
36 6
36 10
37 13
37 17
38 2
38 34
39 36
39 40
40 6
40 30
41 12
41 26
42 14
42 24
43 29
43 38
44 15
44 24
45 17
45 22

# solution 775
# n=46 sym=rot4 status=verified source=flammenkamp_cache/n46_rot4.mvr
# code=mvr:0 16 0 34 1 24 1 27 2 12 2 37 3 31 3 34 
0 16
0 34
1 24
1 27
2 12
2 37
3 31
3 34
4 17
4 19
5 23
5 37
6 30
6 32
7 20
7 32
8 2
8 5
9 14
9 24
10 10
10 35
11 0
11 3
12 17
12 43
13 6
13 7
14 3
14 36
15 6
15 16
16 30
16 45
17 33
17 41
18 1
18 19
19 27
19 41
20 23
20 38
21 1
21 9
22 5
22 20
23 25
23 40
24 36
24 44
25 7
25 22
26 4
26 18
27 26
27 44
28 4
28 12
29 0
29 15
30 29
30 39
31 9
31 42
32 38
32 39
33 2
33 28
34 42
34 45
35 10
35 35
36 21
36 31
37 40
37 43
38 13
38 25
39 13
39 15
40 8
40 22
41 26
41 28
42 11
42 14
43 8
43 33
44 18
44 21
45 11
45 29

# solution 776
# n=46 sym=rot4 status=verified source=flammenkamp_cache/n46_rot4.mvr
# code=mvr:0 16 0 25 1 22 1 25 2 30 2 32 3 28 3 33 
0 16
0 25
1 22
1 25
2 30
2 32
3 28
3 33
4 9
4 10
5 13
5 38
6 6
6 39
7 5
7 24
8 14
8 19
9 31
9 41
10 34
10 41
11 10
11 18
12 3
12 24
13 2
13 40
14 9
14 37
15 2
15 23
16 19
16 45
17 3
17 27
18 17
18 34
19 29
19 37
20 0
20 1
21 7
21 12
22 15
22 44
23 1
23 30
24 33
24 38
25 44
25 45
26 8
26 16
27 11
27 28
28 18
28 42
29 0
29 26
30 22
30 43
31 8
31 36
32 5
32 43
33 21
33 42
34 27
34 35
35 4
35 11
36 4
36 14
37 26
37 31
38 21
38 40
39 6
39 39
40 7
40 32
41 35
41 36
42 12
42 17
43 13
43 15
44 20
44 23
45 20
45 29

# solution 777
# n=46 sym=rot4 status=verified source=flammenkamp_cache/n46_rot4.mvr
# code=mvr:0 30 0 35 1 12 1 39 2 30 2 36 3 6 3 19 4
0 30
0 35
1 12
1 39
2 30
2 36
3 6
3 19
4 19
4 24
5 11
5 23
6 1
6 42
7 17
7 32
8 24
8 36
9 2
9 8
10 0
10 14
11 33
11 40
12 11
12 44
13 7
13 27
14 23
14 35
15 0
15 2
16 25
16 27
17 25
17 38
18 13
18 16
19 41
19 42
20 16
20 17
21 4
21 8
22 5
22 14
23 31
23 40
24 37
24 41
25 28
25 29
26 3
26 4
27 29
27 32
28 7
28 20
29 18
29 20
30 43
30 45
31 10
31 22
32 18
32 38
33 1
33 34
34 5
34 12
35 31
35 45
36 37
36 43
37 9
37 21
38 13
38 28
39 3
39 44
40 22
40 34
41 21
41 26
42 26
42 39
43 9
43 15
44 6
44 33
45 10
45 15

# solution 778
# n=46 sym=rot4 status=verified source=flammenkamp_cache/n46_rot4.mvr
# code=mvr:0 18 0 21 1 32 1 37 2 27 2 40 3 20 3 28 
0 18
0 21
1 32
1 37
2 27
2 40
3 20
3 28
4 12
4 32
5 2
5 23
6 10
6 16
7 11
7 37
8 1
8 7
9 28
9 35
10 9
10 39
11 23
11 38
12 31
12 41
13 1
13 4
14 12
14 20
15 15
15 30
16 26
16 39
17 3
17 9
18 2
18 45
19 16
19 21
20 31
20 42
21 26
21 45
22 5
22 11
23 34
23 40
24 0
24 19
25 3
25 14
26 24
26 29
27 0
27 43
28 36
28 42
29 6
29 19
30 15
30 30
31 25
31 33
32 41
32 44
33 4
33 14
34 7
34 22
35 6
35 36
36 10
36 17
37 38
37 44
38 8
38 34
39 29
39 35
40 22
40 43
41 13
41 33
42 17
42 25
43 5
43 18
44 8
44 13
45 24
45 27

# solution 779
# n=46 sym=rot4 status=verified source=flammenkamp_cache/n46_rot4.mvr
# code=mvr:0 18 0 30 1 24 1 35 2 35 2 38 3 11 3 14 
0 18
0 30
1 24
1 35
2 35
2 38
3 11
3 14
4 18
4 36
5 11
5 38
6 23
6 25
7 2
7 5
8 8
8 37
9 4
9 16
10 1
10 2
11 40
11 42
12 15
12 23
13 28
13 29
14 24
14 42
15 0
15 33
16 13
16 36
17 13
17 19
18 41
18 45
19 25
19 28
20 6
20 19
21 1
21 14
22 6
22 12
23 33
23 39
24 31
24 44
25 26
25 39
26 17
26 20
27 0
27 4
28 26
28 32
29 9
29 32
30 12
30 45
31 3
31 21
32 16
32 17
33 22
33 30
34 3
34 5
35 43
35 44
36 29
36 41
37 8
37 37
38 40
38 43
39 20
39 22
40 7
40 34
41 9
41 27
42 31
42 34
43 7
43 10
44 10
44 21
45 15
45 27

# solution 780
# n=46 sym=rot4 status=verified source=flammenkamp_cache/n46_rot4.mvr
# code=mvr:0 23 0 27 1 30 1 38 2 17 2 35 3 8 3 28 4
0 23
0 27
1 30
1 38
2 17
2 35
3 8
3 28
4 6
4 14
5 5
5 40
6 30
6 41
7 1
7 25
8 36
8 42
9 8
9 13
10 2
10 14
11 18
11 23
12 24
12 25
13 16
13 36
14 35
14 41
15 1
15 6
16 19
16 32
17 3
17 43
18 0
18 34
19 21
19 29
20 7
20 12
21 12
21 26
22 0
22 11
23 34
23 45
24 19
24 33
25 33
25 38
26 16
26 24
27 11
27 45
28 2
28 42
29 13
29 26
30 39
30 44
31 4
31 10
32 9
32 29
33 20
33 21
34 22
34 27
35 31
35 43
36 32
36 37
37 3
37 9
38 20
38 44
39 4
39 15
40 5
40 40
41 31
41 39
42 17
42 37
43 10
43 28
44 7
44 15
45 18
45 22

# solution 781
# n=46 sym=rot4 status=verified source=flammenkamp_cache/n46_rot4.mvr
# code=mvr:0 15 0 21 1 14 1 34 2 26 2 37 3 5 3 8 4 
0 15
0 21
1 14
1 34
2 26
2 37
3 5
3 8
4 14
4 30
5 36
5 42
6 24
6 35
7 19
7 27
8 2
8 42
9 5
9 17
10 6
10 13
11 1
11 27
12 13
12 20
13 33
13 35
14 41
14 44
15 4
15 45
16 22
16 28
17 16
17 36
18 7
18 11
19 2
19 38
20 23
20 33
21 6
21 45
22 20
22 29
23 16
23 25
24 0
24 39
25 12
25 22
26 7
26 43
27 34
27 38
28 9
28 29
29 17
29 23
30 0
30 41
31 1
31 4
32 10
32 12
33 25
33 32
34 18
34 44
35 32
35 39
36 28
36 40
37 3
37 43
38 18
38 26
39 10
39 21
40 3
40 9
41 15
41 31
42 37
42 40
43 8
43 19
44 11
44 31
45 24
45 30

# solution 782
# n=46 sym=rot4 status=verified source=flammenkamp_cache/n46_rot4.mvr
# code=mvr:0 18 0 33 1 24 1 33 2 17 2 37 3 22 3 26 
0 18
0 33
1 24
1 33
2 17
2 37
3 22
3 26
4 9
4 29
5 10
5 13
6 30
6 36
7 20
7 29
8 2
8 23
9 6
9 41
10 34
10 40
11 10
11 15
12 0
12 1
13 26
13 40
14 17
14 21
15 6
15 34
16 4
16 7
17 31
17 43
18 20
18 45
19 3
19 13
20 27
20 38
21 1
21 31
22 8
22 42
23 3
23 37
24 14
24 44
25 7
25 18
26 32
26 42
27 0
27 25
28 2
28 14
29 38
29 41
30 11
30 39
31 24
31 28
32 5
32 19
33 44
33 45
34 30
34 35
35 5
35 11
36 4
36 39
37 22
37 43
38 16
38 25
39 9
39 15
40 32
40 35
41 16
41 36
42 19
42 23
43 8
43 28
44 12
44 21
45 12
45 27

# solution 783
# n=46 sym=rot4 status=verified source=flammenkamp_cache/n46_rot4.mvr
# code=mvr:0 24 0 26 1 10 1 15 2 9 2 27 3 35 3 38 4
0 24
0 26
1 10
1 15
2 9
2 27
3 35
3 38
4 22
4 31
5 15
5 36
6 24
6 37
7 3
7 27
8 6
8 14
9 5
9 43
10 3
10 44
11 23
11 25
12 12
12 33
13 16
13 26
14 4
14 37
15 40
15 44
16 17
16 32
17 25
17 29
18 2
18 7
19 0
19 13
20 11
20 17
21 0
21 6
22 11
22 41
23 4
23 34
24 39
24 45
25 28
25 34
26 32
26 45
27 38
27 43
28 16
28 20
29 13
29 28
30 1
30 5
31 8
31 41
32 19
32 29
33 12
33 33
34 20
34 22
35 1
35 42
36 2
36 40
37 31
37 39
38 18
38 42
39 8
39 21
40 9
40 30
41 14
41 23
42 7
42 10
43 18
43 36
44 30
44 35
45 19
45 21

# solution 784
# n=46 sym=rot4 status=verified source=flammenkamp_cache/n46_rot4.mvr
# code=mvr:0 7 0 11 1 23 1 38 2 27 2 28 3 5 3 15 4 
0 7
0 11
1 23
1 38
2 27
2 28
3 5
3 15
4 14
4 36
5 34
5 42
6 25
6 30
7 1
7 45
8 16
8 19
9 4
9 12
10 25
10 27
11 5
11 45
12 32
12 36
13 12
13 16
14 26
14 41
15 6
15 42
16 32
16 37
17 2
17 24
18 2
18 10
19 14
19 37
20 6
20 10
21 17
21 23
22 1
22 21
23 24
23 44
24 22
24 28
25 35
25 39
26 8
26 31
27 35
27 43
28 21
28 43
29 8
29 13
30 3
30 39
31 4
31 19
32 29
32 33
33 9
33 13
34 0
34 40
35 18
35 20
36 33
36 41
37 26
37 29
38 0
38 44
39 15
39 20
40 3
40 11
41 9
41 31
42 30
42 40
43 17
43 18
44 7
44 22
45 34
45 38

# solution 785
# n=46 sym=rot4 status=verified source=flammenkamp_cache/n46_rot4.mvr
# code=mvr:0 22 0 33 1 15 1 18 2 9 2 17 3 23 3 30 4
0 22
0 33
1 15
1 18
2 9
2 17
3 23
3 30
4 32
4 35
5 24
5 39
6 5
6 9
7 29
7 37
8 7
8 19
9 39
9 43
10 4
10 28
11 31
11 32
12 0
12 16
13 4
13 11
14 11
14 18
15 3
15 44
16 7
16 33
17 10
17 43
18 31
18 44
19 21
19 37
20 20
20 25
21 5
21 26
22 3
22 45
23 0
23 42
24 19
24 40
25 20
25 25
26 8
26 24
27 1
27 14
28 2
28 35
29 12
29 38
30 1
30 42
31 27
31 34
32 34
32 41
33 29
33 45
34 13
34 14
35 17
35 41
36 2
36 6
37 26
37 38
38 8
38 16
39 36
39 40
40 6
40 21
41 10
41 13
42 15
42 22
43 28
43 36
44 27
44 30
45 12
45 23

# solution 786
# n=46 sym=rot4 status=verified source=flammenkamp_cache/n46_rot4.mvr
# code=mvr:0 11 0 21 1 23 1 31 2 30 2 38 3 9 3 19 4
0 11
0 21
1 23
1 31
2 30
2 38
3 9
3 19
4 16
4 18
5 16
5 34
6 8
6 23
7 2
7 26
8 33
8 39
9 28
9 42
10 20
10 32
11 5
11 45
12 8
12 30
13 10
13 17
14 1
14 21
15 2
15 12
16 40
16 41
17 9
17 32
18 25
18 41
19 7
19 42
20 18
20 35
21 31
21 45
22 1
22 6
23 39
23 44
24 0
24 14
25 10
25 27
26 3
26 38
27 4
27 20
28 13
28 36
29 4
29 5
30 33
30 43
31 24
31 44
32 28
32 35
33 15
33 37
34 0
34 40
35 13
35 25
36 3
36 17
37 6
37 12
38 19
38 43
39 22
39 37
40 11
40 29
41 27
41 29
42 26
42 36
43 7
43 15
44 14
44 22
45 24
45 34

# solution 787
# n=46 sym=rot4 status=verified source=flammenkamp_cache/n46_rot4.mvr
# code=mvr:0 20 0 41 1 8 1 22 2 8 2 28 3 20 3 33 4 
0 20
0 41
1 8
1 22
2 8
2 28
3 20
3 33
4 0
4 18
5 21
5 29
6 12
6 13
7 21
7 36
8 43
8 44
9 7
9 28
10 14
10 34
11 10
11 26
12 3
12 39
13 23
13 39
14 30
14 35
15 14
15 18
16 5
16 19
17 2
17 9
18 30
18 41
19 11
19 29
20 42
20 45
21 38
21 40
22 13
22 44
23 1
23 32
24 5
24 7
25 0
25 3
26 16
26 34
27 4
27 15
28 36
28 43
29 26
29 40
30 27
30 31
31 10
31 15
32 6
32 22
33 6
33 42
34 19
34 35
35 11
35 31
36 17
36 38
37 1
37 2
38 9
38 24
39 32
39 33
40 16
40 24
41 27
41 45
42 12
42 25
43 17
43 37
44 23
44 37
45 4
45 25

# solution 788
# n=46 sym=rot4 status=verified source=flammenkamp_cache/n46_rot4.mvr
# code=mvr:0 22 0 38 1 27 1 35 2 15 2 19 3 17 3 32 
0 22
0 38
1 27
1 35
2 15
2 19
3 17
3 32
4 31
4 37
5 12
5 20
6 27
6 38
7 0
7 6
8 4
8 16
9 24
9 34
10 1
10 16
11 9
11 25
12 31
12 40
13 3
13 21
14 4
14 12
15 19
15 43
16 35
16 37
17 23
17 42
18 1
18 6
19 30
19 43
20 11
20 40
21 9
21 32
22 17
22 45
23 0
23 28
24 13
24 36
25 5
25 34
26 2
26 15
27 39
27 44
28 3
28 22
29 8
29 10
30 2
30 26
31 33
31 41
32 24
32 42
33 5
33 14
34 20
34 36
35 29
35 44
36 11
36 21
37 29
37 41
38 39
38 45
39 7
39 18
40 25
40 33
41 8
41 14
42 13
42 28
43 26
43 30
44 10
44 18
45 7
45 23

# solution 789
# n=46 sym=rot4 status=verified source=flammenkamp_cache/n46_rot4.mvr
# code=mvr:0 15 0 29 1 23 1 25 2 26 2 33 3 10 3 12 
0 15
0 29
1 23
1 25
2 26
2 33
3 10
3 12
4 8
4 9
5 13
5 27
6 11
6 14
7 32
7 35
8 27
8 41
9 21
9 41
10 7
10 42
11 23
11 39
12 2
12 42
13 7
13 40
14 20
14 39
15 16
15 45
16 0
16 30
17 24
17 26
18 5
18 8
19 2
19 17
20 1
20 31
21 17
21 36
22 1
22 11
23 34
23 44
24 9
24 28
25 14
25 44
26 28
26 43
27 37
27 40
28 19
28 21
29 15
29 45
30 0
30 29
31 6
31 25
32 5
32 38
33 3
33 43
34 6
34 22
35 3
35 38
36 4
36 24
37 4
37 18
38 10
38 13
39 31
39 34
40 18
40 32
41 36
41 37
42 33
42 35
43 12
43 19
44 20
44 22
45 16
45 30

# solution 790
# n=46 sym=rot4 status=verified source=flammenkamp_cache/n46_rot4.mvr
# code=mvr:0 18 0 20 1 16 1 18 2 30 2 34 3 20 3 22 
0 18
0 20
1 16
1 18
2 30
2 34
3 20
3 22
4 11
4 30
5 36
5 37
6 12
6 37
7 13
7 23
8 5
8 6
9 5
9 33
10 21
10 26
11 2
11 41
12 9
12 39
13 31
13 38
14 13
14 19
15 2
15 4
16 28
16 44
17 16
17 21
18 44
18 45
19 10
19 31
20 42
20 45
21 28
21 35
22 7
22 42
23 3
23 38
24 10
24 17
25 0
25 3
26 14
26 35
27 0
27 1
28 24
28 29
29 1
29 17
30 41
30 43
31 26
31 32
32 7
32 14
33 6
33 36
34 4
34 43
35 19
35 24
36 12
36 40
37 39
37 40
38 22
38 32
39 8
39 33
40 8
40 9
41 15
41 34
42 23
42 25
43 11
43 15
44 27
44 29
45 25
45 27

# solution 791
# n=46 sym=rot4 status=verified source=flammenkamp_cache/n46_rot4.mvr
# code=mvr:0 14 0 34 1 7 1 37 2 12 2 27 3 21 3 22 4
0 14
0 34
1 7
1 37
2 12
2 27
3 21
3 22
4 24
4 39
5 29
5 31
6 4
6 16
7 20
7 44
8 1
8 13
9 15
9 32
10 23
10 27
11 0
11 30
12 19
12 43
13 9
13 37
14 5
14 45
15 11
15 36
16 5
16 39
17 19
17 20
18 2
18 10
19 28
19 33
20 28
20 38
21 4
21 42
22 10
22 42
23 3
23 35
24 3
24 41
25 7
25 17
26 12
26 17
27 35
27 43
28 25
28 26
29 6
29 40
30 9
30 34
31 0
31 40
32 8
32 36
33 2
33 26
34 15
34 45
35 18
35 22
36 13
36 30
37 32
37 44
38 1
38 25
39 29
39 41
40 14
40 16
41 6
41 21
42 23
42 24
43 18
43 33
44 8
44 38
45 11
45 31

# solution 792
# n=46 sym=rot4 status=verified source=flammenkamp_cache/n46_rot4.mvr
# code=mvr:0 26 0 28 1 14 1 15 2 19 2 35 3 7 3 35 4
0 26
0 28
1 14
1 15
2 19
2 35
3 7
3 35
4 16
4 30
5 11
5 12
6 24
6 36
7 27
7 42
8 14
8 23
9 6
9 18
10 2
10 3
11 24
11 40
12 13
12 40
13 23
13 33
14 37
14 44
15 4
15 44
16 28
16 41
17 0
17 16
18 7
18 36
19 0
19 43
20 20
20 25
21 6
21 11
22 8
22 13
23 32
23 37
24 34
24 39
25 20
25 25
26 2
26 45
27 9
27 38
28 29
28 45
29 4
29 17
30 1
30 41
31 1
31 8
32 12
32 22
33 5
33 32
34 5
34 21
35 42
35 43
36 27
36 39
37 22
37 31
38 3
38 18
39 9
39 21
40 33
40 34
41 15
41 29
42 10
42 38
43 10
43 26
44 30
44 31
45 17
45 19

# solution 793
# n=46 sym=rot4 status=verified source=flammenkamp_cache/n46_rot4.mvr
# code=mvr:0 28 0 33 1 9 1 21 2 26 2 33 3 13 3 14 4
0 28
0 33
1 9
1 21
2 26
2 33
3 13
3 14
4 7
4 11
5 25
5 32
6 9
6 24
7 26
7 41
8 10
8 14
9 39
9 44
10 16
10 37
11 20
11 41
12 0
12 2
13 5
13 42
14 37
14 42
15 17
15 29
16 15
16 35
17 0
17 30
18 22
18 23
19 2
19 7
20 5
20 34
21 6
21 44
22 18
22 27
23 18
23 27
24 1
24 39
25 11
25 40
26 38
26 43
27 22
27 23
28 15
28 45
29 10
29 30
30 16
30 28
31 3
31 8
32 3
32 40
33 43
33 45
34 4
34 25
35 8
35 29
36 1
36 6
37 31
37 35
38 4
38 19
39 21
39 36
40 13
40 20
41 34
41 38
42 31
42 32
43 12
43 19
44 24
44 36
45 12
45 17

# solution 794
# n=46 sym=rot4 status=verified source=flammenkamp_cache/n46_rot4.mvr
# code=mvr:0 20 0 26 1 21 1 31 2 30 2 32 3 6 3 36 4
0 20
0 26
1 21
1 31
2 30
2 32
3 6
3 36
4 15
4 16
5 23
5 28
6 10
6 42
7 31
7 36
8 18
8 23
9 3
9 7
10 11
10 39
11 25
11 35
12 12
12 33
13 2
13 16
14 1
14 7
15 2
15 41
16 32
16 41
17 5
17 24
18 19
18 37
19 0
19 27
20 11
20 45
21 17
21 44
22 5
22 8
23 37
23 40
24 1
24 28
25 0
25 34
26 18
26 45
27 8
27 26
28 21
28 40
29 4
29 13
30 4
30 43
31 38
31 44
32 29
32 43
33 12
33 33
34 10
34 20
35 6
35 34
36 38
36 42
37 22
37 27
38 9
38 14
39 3
39 35
40 17
40 22
41 29
41 30
42 9
42 39
43 13
43 15
44 14
44 24
45 19
45 25

# solution 795
# n=46 sym=rot4 status=verified source=flammenkamp_cache/n46_rot4.mvr
# code=mvr:0 16 0 31 1 14 1 26 2 7 2 19 3 20 3 28 4
0 16
0 31
1 14
1 26
2 7
2 19
3 20
3 28
4 28
4 40
5 4
5 24
6 10
6 33
7 35
7 43
8 9
8 27
9 30
9 37
10 7
10 39
11 16
11 32
12 6
12 21
13 11
13 23
14 0
14 44
15 9
15 23
16 34
16 45
17 3
17 4
18 8
18 20
19 1
19 43
20 27
20 42
21 5
21 33
22 13
22 15
23 30
23 32
24 12
24 40
25 3
25 18
26 2
26 44
27 25
27 37
28 41
28 42
29 0
29 11
30 22
30 36
31 1
31 45
32 22
32 34
33 24
33 39
34 13
34 29
35 6
35 38
36 8
36 15
37 18
37 36
38 2
38 10
39 12
39 35
40 21
40 41
41 5
41 17
42 17
42 25
43 26
43 38
44 19
44 31
45 14
45 29

# solution 796
# n=46 sym=rot4 status=verified source=flammenkamp_cache/n46_rot4.mvr
# code=mvr:0 25 0 32 1 14 1 26 2 16 2 21 3 10 3 26 
0 25
0 32
1 14
1 26
2 16
2 21
3 10
3 26
4 14
4 22
5 9
5 11
6 16
6 30
7 9
7 37
8 7
8 25
9 38
9 40
10 27
10 42
11 32
11 40
12 12
12 33
13 0
13 11
14 41
14 44
15 6
15 18
16 39
16 43
17 21
17 23
18 10
18 30
19 1
19 3
20 0
20 8
21 28
21 43
22 17
22 41
23 4
23 28
24 2
24 17
25 37
25 45
26 42
26 44
27 15
27 35
28 22
28 24
29 2
29 6
30 27
30 39
31 1
31 4
32 34
32 45
33 12
33 33
34 5
34 13
35 3
35 18
36 5
36 7
37 20
37 38
38 8
38 36
39 15
39 29
40 34
40 36
41 23
41 31
42 19
42 35
43 24
43 29
44 19
44 31
45 13
45 20

# solution 797
# n=46 sym=rot4 status=verified source=flammenkamp_cache/n46_rot4.mvr
# code=mvr:0 20 0 22 1 27 1 34 2 14 2 35 3 15 3 25 
0 20
0 22
1 27
1 34
2 14
2 35
3 15
3 25
4 10
4 32
5 15
5 21
6 7
6 9
7 11
7 39
8 23
8 32
9 29
9 39
10 2
10 41
11 1
11 38
12 12
12 33
13 4
13 8
14 16
14 43
15 40
15 42
16 9
16 31
17 21
17 26
18 1
18 26
19 17
19 18
20 3
20 45
21 28
21 40
22 8
22 45
23 0
23 37
24 5
24 17
25 0
25 42
26 27
26 28
27 19
27 44
28 19
28 24
29 14
29 36
30 3
30 5
31 2
31 29
32 37
32 41
33 12
33 33
34 7
34 44
35 4
35 43
36 6
36 16
37 13
37 22
38 6
38 34
39 36
39 38
40 24
40 30
41 13
41 35
42 20
42 30
43 10
43 31
44 11
44 18
45 23
45 25

# solution 798
# n=46 sym=rot4 status=verified source=flammenkamp_cache/n46_rot4.mvr
# code=mvr:0 21 0 25 1 22 1 31 2 11 2 39 3 7 3 15 4
0 21
0 25
1 22
1 31
2 11
2 39
3 7
3 15
4 4
4 41
5 12
5 17
6 2
6 29
7 37
7 42
8 7
8 10
9 20
9 26
10 11
10 37
11 35
11 43
12 28
12 40
13 26
13 27
14 1
14 16
15 23
15 42
16 6
16 31
17 12
17 40
18 13
18 24
19 9
19 13
20 0
20 36
21 18
21 45
22 15
22 44
23 1
23 30
24 0
24 27
25 9
25 45
26 32
26 36
27 21
27 32
28 5
28 33
29 14
29 39
30 3
30 22
31 29
31 44
32 18
32 19
33 5
33 17
34 2
34 10
35 8
35 34
36 19
36 25
37 35
37 38
38 3
38 8
39 16
39 43
40 28
40 33
41 4
41 41
42 30
42 38
43 6
43 34
44 14
44 23
45 20
45 24

# solution 799
# n=46 sym=rot4 status=verified source=flammenkamp_cache/n46_rot4.mvr
# code=mvr:0 23 0 24 1 12 1 30 2 17 2 18 3 19 3 34 
0 23
0 24
1 12
1 30
2 17
2 18
3 19
3 34
4 9
4 39
5 10
5 31
6 4
6 36
7 20
7 29
8 18
8 23
9 6
9 41
10 34
10 40
11 3
11 10
12 30
12 44
13 20
13 26
14 5
14 21
15 1
15 12
16 7
16 28
17 16
17 43
18 37
18 43
19 13
19 42
20 32
20 38
21 0
21 31
22 0
22 8
23 37
23 45
24 14
24 45
25 7
25 13
26 3
26 32
27 2
27 8
28 2
28 29
29 17
29 38
30 33
30 44
31 24
31 40
32 19
32 25
33 1
33 15
34 35
34 42
35 5
35 11
36 4
36 39
37 22
37 27
38 16
38 25
39 9
39 41
40 14
40 35
41 6
41 36
42 11
42 26
43 27
43 28
44 15
44 33
45 21
45 22

# solution 800
# n=46 sym=rot4 status=verified source=flammenkamp_cache/n46_rot4.mvr
# code=mvr:0 2 0 34 1 17 1 18 2 33 2 45 3 10 3 30 4
0 2
0 34
1 17
1 18
2 33
2 45
3 10
3 30
4 23
4 28
5 8
5 10
6 14
6 19
7 23
7 32
8 16
8 40
9 21
9 27
10 40
10 42
11 0
11 25
12 2
12 32
13 7
13 12
14 25
14 39
15 3
15 29
16 15
16 37
17 4
17 44
18 9
18 44
19 21
19 39
20 11
20 14
21 26
21 36
22 4
22 7
23 38
23 41
24 9
24 19
25 31
25 34
26 6
26 24
27 1
27 36
28 1
28 41
29 8
29 30
30 16
30 42
31 6
31 20
32 33
32 38
33 13
33 43
34 20
34 45
35 3
35 5
36 18
36 24
37 5
37 29
38 13
38 22
39 26
39 31
40 35
40 37
41 17
41 22
42 15
42 35
43 0
43 12
44 27
44 28
45 11
45 43

# solution 801
# n=46 sym=rot4 status=verified source=flammenkamp_cache/n46_rot4.mvr
# code=mvr:0 9 0 26 1 15 1 33 2 28 2 42 3 2 3 35 4 
0 9
0 26
1 15
1 33
2 28
2 42
3 2
3 35
4 7
4 22
5 17
5 23
6 30
6 35
7 21
7 41
8 14
8 32
9 29
9 45
10 3
10 6
11 21
11 26
12 1
12 32
13 8
13 12
14 18
14 37
15 6
15 44
16 9
16 27
17 2
17 40
18 16
18 31
19 0
19 11
20 20
20 25
21 34
21 38
22 5
22 41
23 4
23 40
24 7
24 11
25 20
25 25
26 34
26 45
27 14
27 29
28 5
28 43
29 18
29 36
30 1
30 39
31 8
31 27
32 33
32 37
33 13
33 44
34 19
34 24
35 39
35 42
36 0
36 16
37 13
37 31
38 4
38 24
39 10
39 15
40 22
40 28
41 23
41 38
42 10
42 43
43 3
43 17
44 12
44 30
45 19
45 36

# solution 802
# n=46 sym=rot4 status=verified source=flammenkamp_cache/n46_rot4.mvr
# code=mvr:0 22 0 38 1 14 1 26 2 16 2 20 3 10 3 23 
0 22
0 38
1 14
1 26
2 16
2 20
3 10
3 23
4 5
4 40
5 4
5 41
6 15
6 30
7 0
7 27
8 12
8 27
9 9
9 36
10 25
10 42
11 17
11 32
12 16
12 37
13 11
13 21
14 17
14 44
15 6
15 39
16 33
16 43
17 31
17 34
18 7
18 8
19 1
19 21
20 10
20 43
21 26
21 32
22 3
22 45
23 0
23 42
24 13
24 19
25 2
25 35
26 24
26 44
27 37
27 38
28 11
28 14
29 2
29 12
30 6
30 39
31 1
31 28
32 24
32 34
33 8
33 29
34 13
34 28
35 3
35 20
36 9
36 36
37 18
37 33
38 18
38 45
39 15
39 30
40 4
40 41
41 5
41 40
42 22
42 35
43 25
43 29
44 19
44 31
45 7
45 23

# solution 803
# n=46 sym=rot4 status=verified source=flammenkamp_cache/n46_rot4.mvr
# code=mvr:0 19 0 22 1 9 1 26 2 13 2 29 3 14 3 28 4
0 19
0 22
1 9
1 26
2 13
2 29
3 14
3 28
4 5
4 20
5 20
5 41
6 7
6 12
7 30
7 39
8 13
8 28
9 33
9 44
10 23
10 29
11 18
11 21
12 9
12 39
13 37
13 43
14 21
14 42
15 7
15 18
16 2
16 10
17 3
17 8
18 30
18 34
19 1
19 45
20 40
20 41
21 31
21 34
22 10
22 45
23 0
23 35
24 11
24 14
25 4
25 5
26 0
26 44
27 11
27 15
28 37
28 42
29 35
29 43
30 27
30 38
31 3
31 24
32 2
32 8
33 6
33 36
34 24
34 27
35 16
35 22
36 1
36 12
37 17
37 32
38 6
38 15
39 33
39 38
40 4
40 25
41 25
41 40
42 17
42 31
43 16
43 32
44 19
44 36
45 23
45 26

# solution 804
# n=46 sym=rot4 status=verified source=flammenkamp_cache/n46_rot4.mvr
# code=mvr:0 13 0 31 1 22 1 24 2 12 2 36 3 13 3 38 
0 13
0 31
1 22
1 24
2 12
2 36
3 13
3 38
4 20
4 26
5 17
5 23
6 9
6 12
7 3
7 34
8 25
8 28
9 2
9 39
10 10
10 35
11 7
11 19
12 39
12 43
13 42
13 45
14 0
14 15
15 16
15 31
16 18
16 30
17 8
17 40
18 24
18 29
19 4
19 34
20 8
20 41
21 1
21 18
22 5
22 44
23 1
23 40
24 27
24 44
25 4
25 37
26 11
26 41
27 16
27 21
28 5
28 37
29 15
29 27
30 14
30 29
31 30
31 45
32 0
32 3
33 2
33 6
34 26
34 38
35 10
35 35
36 6
36 43
37 17
37 20
38 11
38 42
39 33
39 36
40 22
40 28
41 19
41 25
42 7
42 32
43 9
43 33
44 21
44 23
45 14
45 32

# solution 805
# n=46 sym=rot4 status=verified source=flammenkamp_cache/n46_rot4.mvr
# code=mvr:0 16 0 31 1 13 1 20 2 26 2 28 3 13 3 29 
0 16
0 31
1 13
1 20
2 26
2 28
3 13
3 29
4 6
4 9
5 7
5 22
6 11
6 41
7 17
7 40
8 9
8 30
9 37
9 41
10 14
10 26
11 23
11 39
12 18
12 30
13 42
13 44
14 0
14 35
15 8
15 12
16 3
16 45
17 2
17 38
18 21
18 33
19 2
19 10
20 24
20 44
21 20
21 27
22 11
22 40
23 5
23 34
24 18
24 25
25 1
25 21
26 35
26 43
27 12
27 24
28 7
28 43
29 0
29 42
30 33
30 37
31 10
31 45
32 1
32 3
33 15
33 27
34 6
34 22
35 19
35 31
36 4
36 8
37 15
37 36
38 5
38 28
39 4
39 34
40 23
40 38
41 36
41 39
42 16
42 32
43 17
43 19
44 25
44 32
45 14
45 29

# solution 806
# n=46 sym=rot4 status=verified source=flammenkamp_cache/n46_rot4.mvr
# code=mvr:0 16 0 20 1 27 1 28 2 14 2 17 3 33 3 40 
0 16
0 20
1 27
1 28
2 14
2 17
3 33
3 40
4 23
4 38
5 3
5 15
6 9
6 30
7 4
7 11
8 18
8 23
9 29
9 39
10 24
10 31
11 13
11 38
12 3
12 20
13 24
13 34
14 10
14 43
15 6
15 40
16 9
16 45
17 1
17 43
18 1
18 37
19 19
19 26
20 33
20 45
21 10
21 13
22 4
22 8
23 37
23 41
24 32
24 35
25 0
25 12
26 19
26 26
27 8
27 44
28 2
28 44
29 0
29 36
30 5
30 39
31 2
31 35
32 11
32 21
33 25
33 42
34 7
34 32
35 14
35 21
36 6
36 16
37 22
37 27
38 34
38 41
39 15
39 36
40 30
40 42
41 7
41 22
42 5
42 12
43 28
43 31
44 17
44 18
45 25
45 29

# solution 807
# n=46 sym=rot4 status=verified source=flammenkamp_cache/n46_rot4.mvr
# code=mvr:0 10 0 23 1 20 1 24 2 29 2 36 3 18 3 39 
0 10
0 23
1 20
1 24
2 29
2 36
3 18
3 39
4 32
4 34
5 10
5 37
6 3
6 23
7 18
7 28
8 5
8 19
9 2
9 21
10 40
10 45
11 4
11 32
12 25
12 29
13 4
13 11
14 15
14 19
15 28
15 31
16 2
16 12
17 7
17 15
18 38
18 42
19 31
19 37
20 12
20 44
21 1
21 36
22 0
22 6
23 39
23 45
24 9
24 44
25 1
25 33
26 8
26 14
27 3
27 7
28 30
28 38
29 33
29 43
30 14
30 17
31 26
31 30
32 34
32 41
33 16
33 20
34 13
34 41
35 0
35 5
36 24
36 43
37 26
37 40
38 17
38 27
39 22
39 42
40 8
40 35
41 11
41 13
42 6
42 27
43 9
43 16
44 21
44 25
45 22
45 35

# solution 808
# n=46 sym=rot4 status=verified source=flammenkamp_cache/n46_rot4.mvr
# code=mvr:0 10 0 39 1 15 1 24 2 14 2 19 3 19 3 22 
0 10
0 39
1 15
1 24
2 14
2 19
3 19
3 22
4 15
4 29
5 32
5 37
6 0
6 36
7 20
7 32
8 5
8 10
9 6
9 17
10 37
10 45
11 29
11 33
12 11
12 23
13 5
13 7
14 18
14 43
15 41
15 44
16 4
16 11
17 24
17 36
18 25
18 31
19 42
19 43
20 18
20 38
21 1
21 17
22 12
22 42
23 3
23 33
24 28
24 44
25 7
25 27
26 2
26 3
27 14
27 20
28 9
28 21
29 34
29 41
30 1
30 4
31 2
31 27
32 38
32 40
33 22
33 34
34 12
34 16
35 0
35 8
36 28
36 39
37 35
37 40
38 13
38 25
39 9
39 45
40 8
40 13
41 16
41 30
42 23
42 26
43 26
43 31
44 21
44 30
45 6
45 35

# solution 809
# n=46 sym=rot4 status=verified source=flammenkamp_cache/n46_rot4.mvr
# code=mvr:0 12 0 14 1 27 1 28 2 8 2 17 3 18 3 30 4
0 12
0 14
1 27
1 28
2 8
2 17
3 18
3 30
4 7
4 32
5 6
5 21
6 37
6 40
7 15
7 41
8 6
8 43
9 19
9 29
10 24
10 34
11 10
11 16
12 23
12 45
13 4
13 19
14 23
14 45
15 3
15 38
16 9
16 34
17 1
17 43
18 1
18 42
19 32
19 36
20 20
20 25
21 10
21 40
22 12
22 14
23 31
23 33
24 5
24 35
25 20
25 25
26 9
26 13
27 3
27 44
28 2
28 44
29 11
29 36
30 7
30 42
31 0
31 22
32 26
32 41
33 0
33 22
34 29
34 35
35 11
35 21
36 16
36 26
37 2
37 39
38 4
38 30
39 5
39 8
40 24
40 39
41 13
41 38
42 15
42 27
43 28
43 37
44 17
44 18
45 31
45 33

# solution 810
# n=46 sym=rot4 status=verified source=flammenkamp_cache/n46_rot4.mvr
# code=mvr:0 12 0 29 1 19 1 40 2 14 2 23 3 18 3 21 
0 12
0 29
1 19
1 40
2 14
2 23
3 18
3 21
4 10
4 37
5 1
5 32
6 23
6 28
7 10
7 32
8 4
8 18
9 14
9 29
10 38
10 41
11 21
11 25
12 25
12 45
13 5
13 7
14 36
14 43
15 15
15 30
16 0
16 9
17 6
17 19
18 37
18 42
19 28
19 44
20 11
20 12
21 34
21 42
22 2
22 6
23 39
23 43
24 3
24 11
25 33
25 34
26 1
26 17
27 3
27 8
28 26
28 39
29 36
29 45
30 15
30 30
31 2
31 9
32 38
32 40
33 0
33 20
34 20
34 24
35 4
35 7
36 16
36 31
37 27
37 41
38 13
38 35
39 17
39 22
40 13
40 44
41 8
41 35
42 24
42 27
43 22
43 31
44 5
44 26
45 16
45 33

# solution 811
# n=46 sym=rot4 status=verified source=flammenkamp_cache/n46_rot4.mvr
# code=mvr:0 7 0 33 1 2 1 10 2 24 2 44 3 21 3 28 4 
0 7
0 33
1 2
1 10
2 24
2 44
3 21
3 28
4 11
4 31
5 23
5 25
6 31
6 36
7 15
7 45
8 13
8 27
9 6
9 23
10 11
10 44
11 35
11 41
12 0
12 28
13 19
13 37
14 4
14 6
15 19
15 38
16 18
16 20
17 3
17 12
18 8
18 29
19 30
19 32
20 5
20 29
21 2
21 42
22 5
22 9
23 36
23 40
24 3
24 43
25 16
25 40
26 13
26 15
27 16
27 37
28 33
28 42
29 25
29 27
30 7
30 26
31 39
31 41
32 8
32 26
33 17
33 45
34 4
34 10
35 1
35 34
36 22
36 39
37 18
37 32
38 0
38 30
39 9
39 14
40 20
40 22
41 14
41 34
42 17
42 24
43 1
43 21
44 35
44 43
45 12
45 38

# solution 812
# n=46 sym=rot4 status=verified source=flammenkamp_cache/n46_rot4.mvr
# code=mvr:0 15 0 25 1 23 1 30 2 16 2 17 3 7 3 36 4
0 15
0 25
1 23
1 30
2 16
2 17
3 7
3 36
4 11
4 31
5 12
5 34
6 8
6 29
7 35
7 42
8 32
8 39
9 3
9 25
10 7
10 23
11 5
11 41
12 32
12 40
13 8
13 12
14 4
14 18
15 1
15 45
16 6
16 43
17 19
17 43
18 19
18 31
19 27
19 28
20 0
20 9
21 21
21 24
22 1
22 10
23 35
23 44
24 21
24 24
25 36
25 45
26 17
26 18
27 14
27 26
28 2
28 26
29 2
29 39
30 0
30 44
31 27
31 41
32 33
32 37
33 5
33 13
34 4
34 40
35 22
35 38
36 20
36 42
37 6
37 13
38 3
38 10
39 16
39 37
40 11
40 33
41 14
41 34
42 9
42 38
43 28
43 29
44 15
44 22
45 20
45 30

# solution 813
# n=46 sym=rot4 status=verified source=flammenkamp_cache/n46_rot4.mvr
# code=mvr:0 20 0 28 1 20 1 24 2 7 2 34 3 6 3 26 4 
0 20
0 28
1 20
1 24
2 7
2 34
3 6
3 26
4 14
4 30
5 19
5 39
6 5
6 42
7 10
7 43
8 13
8 33
9 24
9 27
10 28
10 38
11 2
11 13
12 8
12 22
13 34
13 37
14 27
14 41
15 4
15 29
16 15
16 23
17 0
17 10
18 9
18 14
19 3
19 40
20 44
20 45
21 1
21 9
22 16
22 33
23 12
23 29
24 36
24 44
25 0
25 1
26 5
26 42
27 31
27 36
28 35
28 45
29 22
29 30
30 16
30 41
31 4
31 18
32 8
32 11
33 23
33 37
34 32
34 43
35 7
35 17
36 18
36 21
37 12
37 32
38 2
38 35
39 3
39 40
40 6
40 26
41 15
41 31
42 19
42 39
43 11
43 38
44 21
44 25
45 17
45 25

# solution 814
# n=46 sym=rot4 status=verified source=flammenkamp_cache/n46_rot4.mvr
# code=mvr:0 26 0 29 1 12 1 32 2 30 2 31 3 17 3 23 
0 26
0 29
1 12
1 32
2 30
2 31
3 17
3 23
4 8
4 25
5 10
5 16
6 9
6 37
7 11
7 21
8 6
8 41
9 30
9 39
10 13
10 40
11 28
11 38
12 25
12 44
13 1
13 35
14 2
14 23
15 2
15 9
16 0
16 40
17 11
17 42
18 18
18 27
19 0
19 24
20 4
20 12
21 19
21 38
22 3
22 14
23 31
23 42
24 7
24 26
25 33
25 41
26 21
26 45
27 18
27 27
28 3
28 34
29 5
29 45
30 36
30 43
31 22
31 43
32 10
32 44
33 1
33 20
34 7
34 17
35 5
35 32
36 6
36 15
37 4
37 39
38 24
38 34
39 8
39 36
40 29
40 35
41 20
41 37
42 22
42 28
43 14
43 15
44 13
44 33
45 16
45 19

# solution 815
# n=46 sym=rot4 status=verified source=flammenkamp_cache/n46_rot4.mvr
# code=mvr:0 21 0 31 1 17 1 23 2 10 2 39 3 30 3 37 
0 21
0 31
1 17
1 23
2 10
2 39
3 30
3 37
4 7
4 26
5 11
5 24
6 2
6 16
7 31
7 41
8 3
8 36
9 8
9 29
10 18
10 43
11 30
11 40
12 18
12 32
13 12
13 23
14 0
14 7
15 3
15 11
16 9
16 39
17 26
17 44
18 33
18 35
19 4
19 17
20 20
20 25
21 5
21 45
22 1
22 13
23 32
23 44
24 0
24 40
25 20
25 25
26 28
26 41
27 10
27 12
28 1
28 19
29 6
29 36
30 34
30 42
31 38
31 45
32 22
32 33
33 13
33 27
34 5
34 15
35 2
35 27
36 16
36 37
37 9
37 42
38 4
38 14
39 29
39 43
40 21
40 34
41 19
41 38
42 8
42 15
43 6
43 35
44 22
44 28
45 14
45 24

# solution 816
# n=46 sym=rot4 status=verified source=flammenkamp_cache/n46_rot4.mvr
# code=mvr:0 19 0 22 1 16 1 23 2 9 2 33 3 15 3 34 4
0 19
0 22
1 16
1 23
2 9
2 33
3 15
3 34
4 32
4 36
5 11
5 16
6 21
6 26
7 20
7 32
8 8
8 37
9 4
9 43
10 15
10 31
11 3
11 40
12 2
12 21
13 4
13 7
14 10
14 28
15 35
15 42
16 40
16 44
17 14
17 18
18 20
18 28
19 6
19 45
20 27
20 38
21 33
21 39
22 1
22 45
23 0
23 44
24 6
24 12
25 7
25 18
26 0
26 39
27 17
27 25
28 27
28 31
29 1
29 5
30 3
30 10
31 17
31 35
32 38
32 41
33 24
33 43
34 5
34 42
35 14
35 30
36 2
36 41
37 8
37 37
38 13
38 25
39 19
39 24
40 29
40 34
41 9
41 13
42 11
42 30
43 12
43 36
44 22
44 29
45 23
45 26

# solution 817
# n=46 sym=rot4 status=verified source=flammenkamp_cache/n46_rot4.mvr
# code=mvr:0 16 0 25 1 30 1 31 2 6 2 11 3 5 3 21 4 
0 16
0 25
1 30
1 31
2 6
2 11
3 5
3 21
4 18
4 28
5 25
5 42
6 36
6 43
7 23
7 35
8 12
8 26
9 6
9 15
10 7
10 27
11 33
11 43
12 11
12 37
13 21
13 23
14 1
14 26
15 1
15 36
16 28
16 45
17 4
17 16
18 10
18 41
19 8
19 14
20 0
20 5
21 32
21 42
22 7
22 13
23 32
23 38
24 3
24 13
25 40
25 45
26 31
26 37
27 4
27 35
28 29
28 41
29 0
29 17
30 9
30 44
31 19
31 44
32 22
32 24
33 8
33 34
34 2
34 12
35 18
35 38
36 30
36 39
37 19
37 33
38 10
38 22
39 2
39 9
40 3
40 20
41 17
41 27
42 24
42 40
43 34
43 39
44 14
44 15
45 20
45 29

# solution 818
# n=46 sym=rot4 status=verified source=flammenkamp_cache/n46_rot4.mvr
# code=mvr:0 17 0 26 1 19 1 31 2 25 2 39 3 27 3 33 
0 17
0 26
1 19
1 31
2 25
2 39
3 27
3 33
4 17
4 35
5 11
5 36
6 2
6 18
7 10
7 30
8 15
8 25
9 5
9 16
10 4
10 38
11 12
11 40
12 3
12 34
13 22
13 24
14 1
14 29
15 7
15 37
16 14
16 36
17 41
17 45
18 3
18 39
19 0
19 44
20 2
20 8
21 13
21 23
22 21
22 32
23 13
23 24
24 22
24 32
25 37
25 43
26 1
26 45
27 6
27 42
28 0
28 4
29 9
29 31
30 8
30 38
31 16
31 44
32 21
32 23
33 11
33 42
34 5
34 33
35 7
35 41
36 29
36 40
37 20
37 30
38 15
38 35
39 27
39 43
40 9
40 34
41 10
41 28
42 12
42 18
43 6
43 20
44 14
44 26
45 19
45 28

# solution 819
# n=46 sym=rot4 status=verified source=flammenkamp_cache/n46_rot4.mvr
# code=mvr:0 22 0 24 1 27 1 41 2 15 2 27 3 30 3 38 
0 22
0 24
1 27
1 41
2 15
2 27
3 30
3 38
4 1
4 37
5 7
5 12
6 12
6 20
7 3
7 40
8 4
8 28
9 17
9 23
10 11
10 20
11 29
11 35
12 39
12 40
13 24
13 31
14 13
14 19
15 3
15 43
16 11
16 26
17 8
17 36
18 1
18 2
19 16
19 31
20 35
20 39
21 0
21 13
22 9
22 45
23 0
23 36
24 32
24 45
25 6
25 10
26 14
26 29
27 43
27 44
28 9
28 37
29 19
29 34
30 2
30 42
31 26
31 32
32 14
32 21
33 5
33 6
34 10
34 16
35 25
35 34
36 22
36 28
37 17
37 41
38 5
38 42
39 25
39 33
40 33
40 38
41 8
41 44
42 7
42 15
43 18
43 30
44 4
44 18
45 21
45 23

# solution 820
# n=46 sym=rot4 status=verified source=flammenkamp_cache/n46_rot4.mvr
# code=mvr:0 18 0 25 1 14 1 22 2 8 2 39 3 8 3 32 4 
0 18
0 25
1 14
1 22
2 8
2 39
3 8
3 32
4 18
4 32
5 11
5 35
6 2
6 21
7 15
7 35
8 42
8 43
9 20
9 28
10 5
10 7
11 30
11 40
12 21
12 23
13 3
13 4
14 16
14 44
15 11
15 38
16 28
16 31
17 9
17 16
18 41
18 45
19 19
19 26
20 0
20 36
21 33
21 39
22 12
22 44
23 1
23 33
24 6
24 12
25 9
25 45
26 19
26 26
27 0
27 4
28 29
28 36
29 14
29 17
30 7
30 34
31 1
31 29
32 41
32 42
33 22
33 24
34 5
34 15
35 38
35 40
36 17
36 25
37 2
37 3
38 10
38 30
39 24
39 43
40 10
40 34
41 13
41 27
42 13
42 37
43 6
43 37
44 23
44 31
45 20
45 27

# solution 821
# n=46 sym=rot4 status=verified source=flammenkamp_cache/n46_rot4.mvr
# code=mvr:0 19 0 24 1 14 1 23 2 34 2 42 3 2 3 12 4
0 19
0 24
1 14
1 23
2 34
2 42
3 2
3 12
4 10
4 18
5 7
5 25
6 14
6 34
7 24
7 40
8 19
8 32
9 25
9 29
10 13
10 41
11 2
11 6
12 30
12 42
13 8
13 35
14 39
14 44
15 12
15 17
16 9
16 23
17 18
17 30
18 28
18 41
19 37
19 45
20 5
20 9
21 0
21 7
22 1
22 16
23 29
23 44
24 38
24 45
25 36
25 40
26 0
26 8
27 4
27 17
28 15
28 27
29 22
29 36
30 28
30 33
31 1
31 6
32 10
32 37
33 3
33 15
34 39
34 43
35 4
35 32
36 16
36 20
37 13
37 26
38 5
38 21
39 11
39 31
40 20
40 38
41 27
41 35
42 33
42 43
43 3
43 11
44 22
44 31
45 21
45 26

# solution 822
# n=46 sym=rot4 status=verified source=flammenkamp_cache/n46_rot4.mvr
# code=mvr:0 21 0 22 1 28 1 32 2 12 2 27 3 12 3 23 
0 21
0 22
1 28
1 32
2 12
2 27
3 12
3 23
4 11
4 15
5 8
5 31
6 26
6 38
7 6
7 36
8 10
8 40
9 7
9 15
10 27
10 37
11 17
11 41
12 42
12 43
13 1
13 31
14 5
14 13
15 36
15 41
16 24
16 26
17 1
17 34
18 2
18 10
19 6
19 16
20 20
20 25
21 16
21 45
22 3
22 45
23 0
23 42
24 0
24 29
25 20
25 25
26 29
26 39
27 35
27 43
28 11
28 44
29 19
29 21
30 4
30 9
31 32
31 40
32 14
32 44
33 2
33 3
34 4
34 28
35 8
35 18
36 30
36 38
37 5
37 35
38 9
38 39
39 7
39 19
40 14
40 37
41 30
41 34
42 22
42 33
43 18
43 33
44 13
44 17
45 23
45 24

# solution 823
# n=46 sym=rot4 status=verified source=flammenkamp_cache/n46_rot4.mvr
# code=mvr:0 21 0 22 1 14 1 26 2 24 2 28 3 13 3 28 
0 21
0 22
1 14
1 26
2 24
2 28
3 13
3 28
4 7
4 18
5 10
5 16
6 33
6 38
7 6
7 41
8 9
8 26
9 15
9 37
10 18
10 40
11 15
11 31
12 6
12 25
13 23
13 42
14 11
14 44
15 34
15 36
16 20
16 40
17 2
17 3
18 35
18 41
19 1
19 8
20 12
20 29
21 2
21 45
22 13
22 45
23 0
23 32
24 0
24 43
25 16
25 33
26 37
26 44
27 4
27 10
28 42
28 43
29 5
29 25
30 9
30 11
31 1
31 34
32 3
32 22
33 20
33 39
34 14
34 30
35 5
35 27
36 8
36 30
37 19
37 36
38 4
38 39
39 7
39 12
40 29
40 35
41 27
41 38
42 17
42 32
43 17
43 21
44 19
44 31
45 23
45 24

# solution 824
# n=46 sym=rot4 status=verified source=flammenkamp_cache/n46_rot4.mvr
# code=mvr:0 28 0 31 1 25 1 28 2 34 2 36 3 20 3 23 
0 28
0 31
1 25
1 28
2 34
2 36
3 20
3 23
4 29
4 32
5 5
5 40
6 37
6 38
7 6
7 12
8 6
8 13
9 2
9 30
10 21
10 23
11 2
11 33
12 11
12 38
13 4
13 37
14 0
14 18
15 9
15 26
16 4
16 19
17 0
17 1
18 21
18 31
19 15
19 29
20 1
20 42
21 27
21 35
22 3
22 10
23 35
23 42
24 10
24 18
25 3
25 44
26 16
26 30
27 14
27 24
28 44
28 45
29 26
29 41
30 19
30 36
31 27
31 45
32 8
32 41
33 7
33 34
34 12
34 43
35 22
35 24
36 15
36 43
37 32
37 39
38 33
38 39
39 7
39 8
40 5
40 40
41 13
41 16
42 22
42 25
43 9
43 11
44 17
44 20
45 14
45 17

# solution 825
# n=46 sym=rot4 status=verified source=flammenkamp_cache/n46_rot4.mvr
# code=mvr:0 16 0 34 1 31 1 37 2 10 2 22 3 20 3 30 
0 16
0 34
1 31
1 37
2 10
2 22
3 20
3 30
4 9
4 16
5 24
5 25
6 9
6 38
7 6
7 14
8 1
8 27
9 39
9 41
10 18
10 43
11 0
11 33
12 11
12 15
13 23
13 28
14 1
14 38
15 3
15 33
16 41
16 45
17 13
17 19
18 8
18 35
19 24
19 28
20 5
20 42
21 5
21 19
22 13
22 43
23 2
23 32
24 26
24 40
25 3
25 40
26 17
26 21
27 10
27 37
28 26
28 32
29 0
29 4
30 12
30 42
31 7
31 44
32 17
32 22
33 30
33 34
34 12
34 45
35 2
35 27
36 4
36 6
37 18
37 44
38 31
38 39
39 7
39 36
40 20
40 21
41 29
41 36
42 15
42 25
43 23
43 35
44 8
44 14
45 11
45 29

# solution 826
# n=46 sym=rot4 status=verified source=flammenkamp_cache/n46_rot4.mvr
# code=mvr:0 16 0 34 1 17 1 19 2 23 2 40 3 9 3 21 4
0 16
0 34
1 17
1 19
2 23
2 40
3 9
3 21
4 32
4 36
5 2
5 38
6 19
6 29
7 5
7 33
8 18
8 23
9 4
9 42
10 12
10 32
11 0
11 25
12 7
12 35
13 4
13 10
14 18
14 25
15 15
15 30
16 6
16 45
17 21
17 44
18 31
18 37
19 39
19 44
20 11
20 14
21 28
21 42
22 2
22 8
23 37
23 43
24 3
24 17
25 31
25 34
26 1
26 6
27 8
27 14
28 1
28 24
29 0
29 39
30 15
30 30
31 20
31 27
32 35
32 41
33 10
33 38
34 20
34 45
35 13
35 33
36 3
36 41
37 22
37 27
38 12
38 40
39 16
39 26
40 7
40 43
41 9
41 13
42 24
42 36
43 5
43 22
44 26
44 28
45 11
45 29

# solution 827
# n=46 sym=rot4 status=verified source=flammenkamp_cache/n46_rot4.mvr
# code=mvr:0 20 0 38 1 15 1 39 2 12 2 32 3 18 3 24 
0 20
0 38
1 15
1 39
2 12
2 32
3 18
3 24
4 14
4 17
5 6
5 26
6 1
6 40
7 0
7 29
8 21
8 25
9 9
9 36
10 18
10 28
11 12
11 15
12 34
12 43
13 2
13 29
14 22
14 41
15 34
15 44
16 7
16 13
17 10
17 41
18 35
18 42
19 5
19 23
20 8
20 45
21 3
21 37
22 19
22 31
23 14
23 26
24 8
24 42
25 0
25 37
26 22
26 40
27 3
27 10
28 4
28 35
29 32
29 38
30 1
30 11
31 4
31 23
32 16
32 43
33 2
33 11
34 30
34 33
35 17
35 27
36 9
36 36
37 20
37 24
38 16
38 45
39 5
39 44
40 19
40 39
41 28
41 31
42 21
42 27
43 13
43 33
44 6
44 30
45 7
45 25

# solution 828
# n=46 sym=rot4 status=verified source=flammenkamp_cache/n46_rot4.mvr
# code=mvr:0 20 0 38 1 15 1 39 2 12 2 32 3 18 3 24 
0 20
0 38
1 15
1 39
2 12
2 32
3 18
3 24
4 14
4 17
5 26
5 39
6 1
6 5
7 0
7 29
8 21
8 25
9 9
9 36
10 18
10 28
11 12
11 15
12 34
12 43
13 2
13 29
14 22
14 41
15 34
15 44
16 7
16 13
17 10
17 41
18 35
18 42
19 5
19 23
20 8
20 45
21 3
21 37
22 19
22 31
23 14
23 26
24 8
24 42
25 0
25 37
26 22
26 40
27 3
27 10
28 4
28 35
29 32
29 38
30 1
30 11
31 4
31 23
32 16
32 43
33 2
33 11
34 30
34 33
35 17
35 27
36 9
36 36
37 20
37 24
38 16
38 45
39 40
39 44
40 6
40 19
41 28
41 31
42 21
42 27
43 13
43 33
44 6
44 30
45 7
45 25

# solution 829
# n=46 sym=rot4 status=verified source=flammenkamp_cache/n46_rot4.mvr
# code=mvr:0 20 0 38 1 15 1 39 2 12 2 32 3 24 3 27 
0 20
0 38
1 15
1 39
2 12
2 32
3 24
3 27
4 14
4 17
5 6
5 26
6 1
6 40
7 0
7 29
8 21
8 25
9 9
9 36
10 18
10 28
11 12
11 15
12 34
12 43
13 2
13 29
14 22
14 41
15 34
15 44
16 7
16 13
17 10
17 41
18 3
18 35
19 5
19 23
20 8
20 45
21 3
21 37
22 19
22 31
23 14
23 26
24 8
24 42
25 0
25 37
26 22
26 40
27 10
27 42
28 4
28 35
29 32
29 38
30 1
30 11
31 4
31 23
32 16
32 43
33 2
33 11
34 30
34 33
35 17
35 27
36 9
36 36
37 20
37 24
38 16
38 45
39 5
39 44
40 19
40 39
41 28
41 31
42 18
42 21
43 13
43 33
44 6
44 30
45 7
45 25

# solution 830
# n=46 sym=rot4 status=verified source=flammenkamp_cache/n46_rot4.mvr
# code=mvr:0 21 0 27 1 10 1 31 2 10 2 17 3 6 3 27 4
0 21
0 27
1 10
1 31
2 10
2 17
3 6
3 27
4 8
4 16
5 24
5 36
6 29
6 42
7 28
7 36
8 26
8 41
9 5
9 7
10 43
10 44
11 14
11 23
12 13
12 19
13 30
13 33
14 1
14 34
15 13
15 23
16 6
16 41
17 7
17 43
18 0
18 3
19 8
19 33
20 20
20 25
21 5
21 45
22 11
22 15
23 30
23 34
24 0
24 40
25 20
25 25
26 12
26 37
27 42
27 45
28 2
28 38
29 4
29 39
30 22
30 32
31 11
31 44
32 12
32 15
33 26
33 32
34 22
34 31
35 1
35 2
36 38
36 40
37 4
37 19
38 9
38 17
39 3
39 16
40 9
40 21
41 29
41 37
42 18
42 39
43 28
43 35
44 14
44 35
45 18
45 24

# solution 831
# n=46 sym=rot4 status=verified source=flammenkamp_cache/n46_rot4.mvr
# code=mvr:0 14 0 23 1 7 1 13 2 16 2 26 3 26 3 29 4
0 14
0 23
1 7
1 13
2 16
2 26
3 26
3 29
4 21
4 33
5 7
5 15
6 33
6 34
7 40
7 44
8 18
8 32
9 21
9 35
10 9
10 28
11 6
11 15
12 4
12 6
13 8
13 44
14 18
14 45
15 34
15 40
16 3
16 43
17 10
17 25
18 31
18 37
19 2
19 3
20 17
20 23
21 36
21 41
22 0
22 20
23 25
23 45
24 4
24 9
25 22
25 28
26 42
26 43
27 8
27 14
28 20
28 35
29 2
29 42
30 5
30 11
31 0
31 27
32 1
32 37
33 39
33 41
34 30
34 39
35 17
35 36
36 10
36 24
37 13
37 27
38 1
38 5
39 11
39 12
40 30
40 38
41 12
41 24
42 16
42 19
43 19
43 29
44 32
44 38
45 22
45 31

# solution 832
# n=46 sym=rot4 status=verified source=flammenkamp_cache/n46_rot4.mvr
# code=mvr:0 24 0 26 1 18 1 36 2 24 2 40 3 31 3 39 
0 24
0 26
1 18
1 36
2 24
2 40
3 31
3 39
4 11
4 12
5 2
5 29
6 3
6 35
7 25
7 28
8 17
8 20
9 1
9 11
10 6
10 12
11 36
11 41
12 35
12 41
13 26
13 31
14 3
14 13
15 15
15 30
16 5
16 23
17 7
17 37
18 23
18 44
19 0
19 13
20 7
20 37
21 0
21 2
22 16
22 18
23 27
23 29
24 43
24 45
25 8
25 38
26 32
26 45
27 1
27 22
28 8
28 38
29 22
29 40
30 15
30 30
31 32
31 42
32 14
32 19
33 4
33 10
34 4
34 9
35 33
35 39
36 34
36 44
37 25
37 28
38 17
38 20
39 10
39 42
40 16
40 43
41 33
41 34
42 6
42 14
43 5
43 21
44 9
44 27
45 19
45 21

# solution 833
# n=46 sym=rot4 status=verified source=flammenkamp_cache/n46_rot4.mvr
# code=mvr:0 12 0 24 1 7 1 28 2 27 2 29 3 16 3 33 4
0 12
0 24
1 7
1 28
2 27
2 29
3 16
3 33
4 26
4 32
5 18
5 22
6 14
6 32
7 9
7 44
8 8
8 37
9 19
9 38
10 11
10 15
11 15
11 35
12 3
12 45
13 4
13 6
14 24
14 39
15 34
15 35
16 2
16 42
17 1
17 25
18 2
18 40
19 4
19 36
20 17
20 23
21 0
21 14
22 20
22 40
23 5
23 25
24 31
24 45
25 22
25 28
26 9
26 41
27 5
27 43
28 20
28 44
29 3
29 43
30 10
30 11
31 6
31 21
32 39
32 41
33 0
33 42
34 10
34 30
35 30
35 34
36 7
36 26
37 8
37 37
38 1
38 36
39 13
39 31
40 23
40 27
41 13
41 19
42 12
42 29
43 16
43 18
44 17
44 38
45 21
45 33

# solution 834
# n=46 sym=rot4 status=verified source=flammenkamp_cache/n46_rot4.mvr
# code=mvr:0 14 0 36 1 21 1 23 2 5 2 19 3 26 3 31 4
0 14
0 36
1 21
1 23
2 5
2 19
3 26
3 31
4 12
4 16
5 38
5 43
6 30
6 32
7 5
7 25
8 12
8 24
9 0
9 10
10 25
10 36
11 29
11 32
12 37
12 41
13 6
13 11
14 3
14 45
15 6
15 18
16 11
16 41
17 18
17 23
18 28
18 30
19 3
19 43
20 7
20 10
21 8
21 44
22 1
22 17
23 28
23 44
24 1
24 37
25 35
25 38
26 2
26 42
27 15
27 17
28 22
28 27
29 4
29 34
30 27
30 39
31 0
31 42
32 34
32 39
33 4
33 8
34 13
34 16
35 9
35 20
36 35
36 45
37 21
37 33
38 20
38 40
39 13
39 15
40 2
40 7
41 29
41 33
42 14
42 19
43 26
43 40
44 22
44 24
45 9
45 31

# solution 835
# n=46 sym=rot4 status=verified source=flammenkamp_cache/n46_rot4.mvr
# code=mvr:0 17 0 21 1 22 1 29 2 5 2 25 3 12 3 26 4
0 17
0 21
1 22
1 29
2 5
2 25
3 12
3 26
4 5
4 15
5 41
5 43
6 13
6 36
7 13
7 27
8 10
8 24
9 6
9 28
10 15
10 37
11 12
11 20
12 34
12 42
13 38
13 39
14 19
14 27
15 35
15 41
16 1
16 23
17 9
17 45
18 7
18 14
19 3
19 31
20 2
20 34
21 8
21 45
22 16
22 44
23 1
23 29
24 0
24 37
25 11
25 43
26 14
26 42
27 31
27 38
28 0
28 36
29 22
29 44
30 4
30 10
31 18
31 26
32 6
32 7
33 3
33 11
34 25
34 33
35 8
35 30
36 17
36 39
37 21
37 35
38 18
38 32
39 9
39 32
40 2
40 4
41 30
41 40
42 19
42 33
43 20
43 40
44 16
44 23
45 24
45 28

# solution 836
# n=46 sym=rot4 status=verified source=flammenkamp_cache/n46_rot4.mvr
# code=mvr:0 31 0 32 1 7 1 29 2 18 2 23 3 20 3 24 4
0 31
0 32
1 7
1 29
2 18
2 23
3 20
3 24
4 33
4 39
5 15
5 28
6 4
6 10
7 15
7 44
8 11
8 32
9 24
9 35
10 9
10 39
11 29
11 37
12 4
12 23
13 0
13 8
14 0
14 18
15 38
15 40
16 1
16 11
17 5
17 26
18 31
18 43
19 17
19 20
20 26
20 42
21 3
21 9
22 2
22 12
23 33
23 43
24 36
24 42
25 3
25 19
26 25
26 28
27 2
27 14
28 19
28 40
29 34
29 44
30 5
30 7
31 27
31 45
32 37
32 45
33 22
33 41
34 8
34 16
35 6
35 36
36 10
36 21
37 13
37 34
38 1
38 30
39 35
39 41
40 17
40 30
41 6
41 12
42 21
42 25
43 22
43 27
44 16
44 38
45 13
45 14

# solution 837
# n=46 sym=rot4 status=verified source=flammenkamp_cache/n46_rot4.mvr
# code=mvr:0 10 0 22 1 15 1 17 2 6 2 30 3 24 3 27 4
0 10
0 22
1 15
1 17
2 6
2 30
3 24
3 27
4 5
4 12
5 7
5 41
6 25
6 43
7 13
7 40
8 21
8 33
9 16
9 18
10 25
10 45
11 13
11 31
12 8
12 41
13 34
13 38
14 11
14 23
15 2
15 44
16 28
16 36
17 16
17 44
18 3
18 36
19 19
19 26
20 6
20 10
21 3
21 37
22 14
22 45
23 0
23 31
24 8
24 42
25 35
25 39
26 19
26 26
27 9
27 42
28 1
28 29
29 9
29 17
30 1
30 43
31 22
31 34
32 7
32 11
33 4
33 37
34 14
34 32
35 0
35 20
36 27
36 29
37 12
37 24
38 5
38 32
39 2
39 20
40 4
40 38
41 33
41 40
42 18
42 21
43 15
43 39
44 28
44 30
45 23
45 35

# solution 838
# n=46 sym=rot4 status=verified source=flammenkamp_cache/n46_rot4.mvr
# code=mvr:0 22 0 35 1 15 1 17 2 6 2 30 3 24 3 27 4
0 22
0 35
1 15
1 17
2 6
2 30
3 24
3 27
4 5
4 12
5 7
5 41
6 25
6 43
7 13
7 40
8 21
8 33
9 16
9 18
10 0
10 25
11 13
11 31
12 8
12 41
13 34
13 38
14 11
14 23
15 2
15 44
16 28
16 36
17 16
17 44
18 3
18 36
19 19
19 26
20 6
20 10
21 3
21 37
22 14
22 45
23 0
23 31
24 8
24 42
25 35
25 39
26 19
26 26
27 9
27 42
28 1
28 29
29 9
29 17
30 1
30 43
31 22
31 34
32 7
32 11
33 4
33 37
34 14
34 32
35 20
35 45
36 27
36 29
37 12
37 24
38 5
38 32
39 2
39 20
40 4
40 38
41 33
41 40
42 18
42 21
43 15
43 39
44 28
44 30
45 10
45 23

# solution 839
# n=46 sym=rot4 status=verified source=flammenkamp_cache/n46_rot4.mvr
# code=mvr:0 15 0 16 1 21 1 26 2 23 2 32 3 6 3 34 4
0 15
0 16
1 21
1 26
2 23
2 32
3 6
3 34
4 6
4 28
5 11
5 27
6 41
6 42
7 12
7 31
8 25
8 36
9 8
9 14
10 25
10 26
11 3
11 40
12 15
12 38
13 2
13 23
14 7
14 36
15 33
15 45
16 27
16 45
17 4
17 24
18 5
18 16
19 1
19 10
20 8
20 10
21 17
21 44
22 2
22 13
23 32
23 43
24 1
24 28
25 35
25 37
26 35
26 44
27 29
27 40
28 21
28 41
29 0
29 18
30 0
30 12
31 9
31 38
32 22
32 43
33 7
33 30
34 5
34 42
35 19
35 20
36 31
36 37
37 9
37 20
38 14
38 33
39 3
39 4
40 18
40 34
41 17
41 39
42 11
42 39
43 13
43 22
44 19
44 24
45 29
45 30

# solution 840
# n=46 sym=rot4 status=verified source=flammenkamp_cache/n46_rot4.mvr
# code=mvr:0 16 0 23 1 10 1 30 2 7 2 19 3 16 3 34 4
0 16
0 23
1 10
1 30
2 7
2 19
3 16
3 34
4 26
4 27
5 5
5 40
6 8
6 18
7 33
7 43
8 25
8 39
9 12
9 15
10 28
10 44
11 3
11 24
12 7
12 36
13 17
13 31
14 13
14 21
15 1
15 36
16 42
16 45
17 10
17 32
18 4
18 39
19 4
19 43
20 8
20 23
21 11
21 31
22 0
22 20
23 25
23 45
24 14
24 34
25 22
25 37
26 2
26 41
27 6
27 41
28 13
28 35
29 0
29 3
30 9
30 44
31 24
31 32
32 14
32 28
33 9
33 38
34 21
34 42
35 1
35 17
36 30
36 33
37 6
37 20
38 2
38 12
39 27
39 37
40 5
40 40
41 18
41 19
42 11
42 29
43 26
43 38
44 15
44 35
45 22
45 29

# solution 841
# n=46 sym=rot4 status=verified source=flammenkamp_cache/n46_rot4.mvr
# code=mvr:0 9 0 29 1 17 1 21 2 12 2 20 3 28 3 31 4
0 9
0 29
1 17
1 21
2 12
2 20
3 28
3 31
4 34
4 39
5 25
5 36
6 4
6 24
7 10
7 13
8 18
8 34
9 5
9 45
10 23
10 38
11 4
11 8
12 31
12 43
13 26
13 38
14 3
14 12
15 23
15 29
16 0
16 15
17 3
17 44
18 19
18 37
19 13
19 27
20 5
20 43
21 6
21 44
22 10
22 15
23 30
23 35
24 1
24 39
25 2
25 40
26 18
26 32
27 8
27 26
28 1
28 42
29 30
29 45
30 16
30 22
31 33
31 42
32 7
32 19
33 2
33 14
34 37
34 41
35 7
35 22
36 0
36 40
37 11
37 27
38 32
38 35
39 21
39 41
40 9
40 20
41 6
41 11
42 14
42 17
43 25
43 33
44 24
44 28
45 16
45 36

# solution 842
# n=46 sym=rot4 status=verified source=flammenkamp_cache/n46_rot4.mvr
# code=mvr:0 10 0 35 1 23 1 26 2 14 2 32 3 18 3 33 
0 10
0 35
1 23
1 26
2 14
2 32
3 18
3 33
4 19
4 32
5 33
5 36
6 25
6 37
7 11
7 21
8 6
8 16
9 5
9 25
10 0
10 45
11 28
11 38
12 3
12 5
13 2
13 4
14 30
14 43
15 14
15 23
16 28
16 37
17 11
17 16
18 21
18 42
19 1
19 41
20 6
20 9
21 27
21 38
22 1
22 15
23 30
23 44
24 7
24 18
25 36
25 39
26 4
26 44
27 3
27 24
28 29
28 34
29 8
29 17
30 22
30 31
31 2
31 15
32 41
32 43
33 40
33 42
34 7
34 17
35 0
35 45
36 20
36 40
37 29
37 39
38 24
38 34
39 8
39 20
40 9
40 12
41 13
41 26
42 12
42 27
43 13
43 31
44 19
44 22
45 10
45 35

# solution 843
# n=46 sym=rot4 status=verified source=flammenkamp_cache/n46_rot4.mvr
# code=mvr:0 16 0 27 1 16 1 20 2 11 2 12 3 35 3 36 
0 16
0 27
1 16
1 20
2 11
2 12
3 35
3 36
4 24
4 30
5 5
5 40
6 14
6 30
7 35
7 36
8 14
8 18
9 3
9 7
10 3
10 7
11 22
11 43
12 28
12 43
13 17
13 25
14 37
14 39
15 4
15 6
16 44
16 45
17 12
17 32
18 0
18 37
19 23
19 24
20 13
20 44
21 4
21 19
22 19
22 34
23 11
23 26
24 26
24 41
25 1
25 32
26 21
26 22
27 8
27 45
28 13
28 33
29 0
29 1
30 39
30 41
31 6
31 8
32 20
32 28
33 2
33 17
34 2
34 23
35 38
35 42
36 38
36 42
37 27
37 31
38 9
38 10
39 15
39 31
40 5
40 40
41 15
41 21
42 9
42 10
43 33
43 34
44 25
44 29
45 18
45 29

# solution 844
# n=46 sym=rot4 status=verified source=flammenkamp_cache/n46_rot4.mvr
# code=mvr:0 24 0 29 1 26 1 34 2 13 2 35 3 6 3 25 4
0 24
0 29
1 26
1 34
2 13
2 35
3 6
3 25
4 10
4 38
5 17
5 18
6 12
6 42
7 4
7 33
8 28
8 32
9 25
9 26
10 2
10 41
11 1
11 15
12 7
12 39
13 8
13 43
14 22
14 27
15 16
15 34
16 0
16 30
17 8
17 40
18 14
18 40
19 1
19 9
20 3
20 9
21 0
21 23
22 21
22 31
23 14
23 24
24 22
24 45
25 36
25 42
26 36
26 44
27 5
27 31
28 5
28 37
29 15
29 45
30 11
30 29
31 18
31 23
32 2
32 37
33 6
33 38
34 30
34 44
35 4
35 43
36 19
36 20
37 13
37 17
38 12
38 41
39 3
39 33
40 27
40 28
41 7
41 35
42 20
42 39
43 10
43 32
44 11
44 19
45 16
45 21

# solution 845
# n=46 sym=rot4 status=verified source=flammenkamp_cache/n46_rot4.mvr
# code=mvr:0 18 0 30 1 16 1 23 2 34 2 39 3 11 3 17 
0 18
0 30
1 16
1 23
2 34
2 39
3 11
3 17
4 25
4 35
5 13
5 16
6 2
6 38
7 6
7 26
8 13
8 19
9 23
9 35
10 4
10 9
11 2
11 42
12 17
12 31
13 37
13 40
14 12
14 24
15 0
15 24
16 40
16 44
17 33
17 42
18 25
18 45
19 7
19 37
20 4
20 18
21 14
21 15
22 1
22 9
23 36
23 44
24 30
24 31
25 27
25 41
26 8
26 38
27 0
27 20
28 3
28 12
29 1
29 5
30 21
30 45
31 21
31 33
32 5
32 8
33 14
33 28
34 3
34 43
35 36
35 41
36 10
36 22
37 26
37 32
38 19
38 39
39 7
39 43
40 29
40 32
41 10
41 20
42 28
42 34
43 6
43 11
44 22
44 29
45 15
45 27

# solution 846
# n=46 sym=rot4 status=verified source=flammenkamp_cache/n46_rot4.mvr
# code=mvr:0 12 0 36 1 18 1 28 2 22 2 25 3 14 3 20 
0 12
0 36
1 18
1 28
2 22
2 25
3 14
3 20
4 11
4 35
5 6
5 15
6 31
6 40
7 30
7 36
8 23
8 26
9 0
9 7
10 4
10 16
11 27
11 41
12 13
12 45
13 28
13 33
14 6
14 42
15 7
15 40
16 19
16 35
17 1
17 13
18 11
18 44
19 8
19 29
20 2
20 42
21 21
21 24
22 8
22 43
23 2
23 37
24 21
24 24
25 3
25 43
26 16
26 37
27 1
27 34
28 32
28 44
29 10
29 26
30 5
30 38
31 3
31 39
32 12
32 17
33 0
33 32
34 4
34 18
35 29
35 41
36 38
36 45
37 19
37 22
38 9
38 15
39 5
39 14
40 30
40 39
41 10
41 34
42 25
42 31
43 20
43 23
44 17
44 27
45 9
45 33

# solution 847
# n=46 sym=rot4 status=verified source=flammenkamp_cache/n46_rot4.mvr
# code=mvr:0 15 0 24 1 26 1 29 2 31 2 36 3 7 3 23 4
0 15
0 24
1 26
1 29
2 31
2 36
3 7
3 23
4 28
4 29
5 10
5 13
6 23
6 37
7 18
7 42
8 6
8 26
9 2
9 13
10 12
10 40
11 18
11 25
12 25
12 35
13 36
13 40
14 2
14 17
15 21
15 45
16 1
16 4
17 4
17 31
18 34
18 38
19 1
19 8
20 11
20 12
21 0
21 30
22 3
22 6
23 39
23 42
24 15
24 45
25 33
25 34
26 37
26 44
27 7
27 11
28 14
28 41
29 41
29 44
30 0
30 24
31 28
31 43
32 5
32 9
33 10
33 20
34 20
34 27
35 5
35 33
36 32
36 43
37 19
37 39
38 3
38 27
39 8
39 22
40 32
40 35
41 16
41 17
42 22
42 38
43 9
43 14
44 16
44 19
45 21
45 30

# solution 848
# n=46 sym=rot4 status=verified source=flammenkamp_cache/n46_rot4.mvr
# code=mvr:0 33 0 41 1 16 1 36 2 21 2 25 3 19 3 20 
0 33
0 41
1 16
1 36
2 21
2 25
3 19
3 20
4 0
4 11
5 23
5 37
6 30
6 33
7 14
7 18
8 5
8 36
9 1
9 8
10 30
10 31
11 21
11 41
12 0
12 6
13 23
13 29
14 10
14 38
15 6
15 10
16 13
16 44
17 17
17 28
18 26
18 38
19 18
19 42
20 2
20 42
21 34
21 43
22 5
22 13
23 32
23 40
24 2
24 11
25 3
25 43
26 3
26 27
27 7
27 19
28 17
28 28
29 1
29 32
30 35
30 39
31 7
31 35
32 16
32 22
33 39
33 45
34 4
34 24
35 14
35 15
36 37
36 44
37 9
37 40
38 27
38 31
39 12
39 15
40 8
40 22
41 34
41 45
42 25
42 26
43 20
43 24
44 9
44 29
45 4
45 12

# solution 849
# n=46 sym=rot4 status=verified source=flammenkamp_cache/n46_rot4.mvr
# code=mvr:0 25 0 26 1 10 1 15 2 28 2 29 3 25 3 39 
0 25
0 26
1 10
1 15
2 28
2 29
3 25
3 39
4 34
4 38
5 23
5 27
6 3
6 10
7 4
7 14
8 16
8 32
9 11
9 21
10 39
10 44
11 4
11 36
12 21
12 23
13 8
13 14
14 32
14 38
15 28
15 44
16 2
16 37
17 2
17 15
18 5
18 26
19 0
19 18
20 0
20 3
21 33
21 36
22 5
22 12
23 33
23 40
24 9
24 12
25 42
25 45
26 27
26 45
27 19
27 40
28 30
28 43
29 8
29 43
30 1
30 17
31 7
31 13
32 31
32 37
33 22
33 24
34 9
34 41
35 1
35 6
36 24
36 34
37 13
37 29
38 31
38 41
39 35
39 42
40 18
40 22
41 7
41 11
42 6
42 20
43 16
43 17
44 30
44 35
45 19
45 20

# solution 850
# n=46 sym=rot4 status=verified source=flammenkamp_cache/n46_rot4.mvr
# code=mvr:0 8 0 34 1 9 1 20 2 21 2 26 3 19 3 37 4 
0 8
0 34
1 9
1 20
2 21
2 26
3 19
3 37
4 31
4 40
5 4
5 11
6 12
6 27
7 22
7 27
8 3
8 45
9 29
9 44
10 12
10 32
11 0
11 40
12 35
12 39
13 10
13 23
14 4
14 17
15 15
15 30
16 9
16 20
17 21
17 31
18 6
18 7
19 2
19 42
20 29
20 44
21 28
21 43
22 13
22 38
23 7
23 32
24 2
24 17
25 1
25 16
26 3
26 43
27 38
27 39
28 14
28 24
29 25
29 36
30 15
30 30
31 28
31 41
32 22
32 35
33 6
33 10
34 5
34 45
35 13
35 33
36 1
36 16
37 0
37 42
38 18
38 23
39 18
39 33
40 34
40 41
41 5
41 14
42 8
42 26
43 19
43 24
44 25
44 36
45 11
45 37

# solution 851
# n=46 sym=rot4 status=verified source=flammenkamp_cache/n46_rot4.mvr
# code=mvr:0 25 0 32 1 17 1 22 2 29 2 35 3 7 3 27 4
0 25
0 32
1 17
1 22
2 29
2 35
3 7
3 27
4 9
4 17
5 6
5 21
6 36
6 40
7 27
7 42
8 25
8 31
9 6
9 41
10 2
10 12
11 13
11 15
12 26
12 35
13 0
13 34
14 8
14 23
15 24
15 34
16 2
16 26
17 41
17 44
18 3
18 7
19 12
19 16
20 0
20 8
21 15
21 40
22 14
22 44
23 1
23 31
24 5
24 30
25 37
25 45
26 29
26 33
27 38
27 42
28 1
28 4
29 19
29 43
30 11
30 21
31 22
31 37
32 11
32 45
33 10
33 19
34 30
34 32
35 33
35 43
36 4
36 39
37 14
37 20
38 3
38 18
39 5
39 9
40 24
40 39
41 28
41 36
42 18
42 38
43 10
43 16
44 23
44 28
45 13
45 20

# solution 852
# n=46 sym=rot4 status=verified source=flammenkamp_cache/n46_rot4.mvr
# code=mvr:0 14 0 23 1 30 1 31 2 10 2 18 3 11 3 13 
0 14
0 23
1 30
1 31
2 10
2 18
3 11
3 13
4 29
4 30
5 25
5 38
6 9
6 34
7 5
7 23
8 19
8 25
9 35
9 39
10 9
10 43
11 6
11 42
12 29
12 32
13 12
13 42
14 1
14 45
15 1
15 4
16 4
16 12
17 21
17 26
18 21
18 43
19 17
19 37
20 5
20 8
21 27
21 28
22 0
22 7
23 38
23 45
24 17
24 18
25 37
25 40
26 8
26 28
27 2
27 24
28 19
28 24
29 33
29 41
30 41
30 44
31 0
31 44
32 3
32 33
33 13
33 16
34 3
34 39
35 2
35 36
36 6
36 10
37 20
37 26
38 22
38 40
39 11
39 36
40 7
40 20
41 15
41 16
42 32
42 34
43 27
43 35
44 14
44 15
45 22
45 31

# solution 853
# n=46 sym=rot4 status=verified source=flammenkamp_cache/n46_rot4.mvr
# code=mvr:0 18 0 23 1 15 1 24 2 10 2 14 3 31 3 33 
0 18
0 23
1 15
1 24
2 10
2 14
3 31
3 33
4 29
4 37
5 23
5 26
6 12
6 34
7 7
7 38
8 4
8 24
9 17
9 29
10 26
10 43
11 6
11 13
12 3
12 39
13 28
13 34
14 3
14 43
15 20
15 44
16 4
16 9
17 13
17 36
18 25
18 45
19 5
19 10
20 18
20 30
21 1
21 8
22 0
22 5
23 40
23 45
24 37
24 44
25 15
25 27
26 35
26 40
27 0
27 20
28 9
28 32
29 36
29 41
30 1
30 25
31 2
31 42
32 11
32 17
33 6
33 42
34 32
34 39
35 2
35 19
36 16
36 28
37 21
37 41
38 7
38 38
39 11
39 33
40 19
40 22
41 8
41 16
42 12
42 14
43 31
43 35
44 21
44 30
45 22
45 27

# solution 854
# n=46 sym=rot4 status=verified source=flammenkamp_cache/n46_rot4.mvr
# code=mvr:0 22 0 24 1 11 1 36 2 13 2 33 3 19 3 29 
0 22
0 24
1 11
1 36
2 13
2 33
3 19
3 29
4 15
4 35
5 37
5 38
6 24
6 30
7 5
7 26
8 5
8 12
9 1
9 23
10 4
10 18
11 27
11 44
12 2
12 37
13 14
13 43
14 17
14 32
15 6
15 41
16 3
16 17
17 29
17 31
18 11
18 35
19 7
19 42
20 20
20 25
21 0
21 6
22 9
22 45
23 0
23 36
24 39
24 45
25 20
25 25
26 3
26 38
27 10
27 34
28 14
28 16
29 28
29 42
30 4
30 39
31 13
31 28
32 2
32 31
33 8
33 43
34 1
34 18
35 27
35 41
36 22
36 44
37 33
37 40
38 19
38 40
39 15
39 21
40 7
40 8
41 10
41 30
42 16
42 26
43 12
43 32
44 9
44 34
45 21
45 23

# solution 855
# n=46 sym=rot4 status=verified source=flammenkamp_cache/n46_rot4.mvr
# code=mvr:0 12 0 25 1 13 1 26 2 21 2 28 3 11 3 39 
0 12
0 25
1 13
1 26
2 21
2 28
3 11
3 39
4 8
4 18
5 18
5 22
6 3
6 38
7 6
7 24
8 36
8 41
9 8
9 15
10 16
10 26
11 31
11 42
12 28
12 45
13 23
13 44
14 11
14 16
15 25
15 36
16 31
16 35
17 2
17 12
18 40
18 41
19 1
19 10
20 0
20 15
21 7
21 43
22 13
22 40
23 5
23 32
24 2
24 38
25 30
25 45
26 35
26 44
27 4
27 5
28 33
28 43
29 10
29 14
30 9
30 20
31 29
31 34
32 1
32 22
33 0
33 17
34 3
34 14
35 19
35 29
36 30
36 37
37 4
37 9
38 21
38 39
39 7
39 42
40 23
40 27
41 27
41 37
42 6
42 34
43 17
43 24
44 19
44 32
45 20
45 33

# solution 856
# n=46 sym=rot4 status=verified source=flammenkamp_cache/n46_rot4.mvr
# code=mvr:0 25 0 33 1 13 1 26 2 21 2 28 3 11 3 39 
0 25
0 33
1 13
1 26
2 21
2 28
3 11
3 39
4 8
4 18
5 18
5 22
6 3
6 38
7 6
7 24
8 36
8 41
9 8
9 15
10 16
10 26
11 31
11 42
12 0
12 28
13 23
13 44
14 11
14 16
15 25
15 36
16 31
16 35
17 2
17 12
18 40
18 41
19 1
19 10
20 0
20 15
21 7
21 43
22 13
22 40
23 5
23 32
24 2
24 38
25 30
25 45
26 35
26 44
27 4
27 5
28 33
28 43
29 10
29 14
30 9
30 20
31 29
31 34
32 1
32 22
33 17
33 45
34 3
34 14
35 19
35 29
36 30
36 37
37 4
37 9
38 21
38 39
39 7
39 42
40 23
40 27
41 27
41 37
42 6
42 34
43 17
43 24
44 19
44 32
45 12
45 20

# solution 857
# n=46 sym=rot4 status=verified source=flammenkamp_cache/n46_rot4.mvr
# code=mvr:0 29 0 42 1 20 1 29 2 4 2 13 3 0 3 20 4 
0 29
0 42
1 20
1 29
2 4
2 13
3 0
3 20
4 10
4 43
5 6
5 18
6 32
6 40
7 30
7 31
8 14
8 17
9 11
9 19
10 23
10 41
11 30
11 36
12 17
12 23
13 6
13 43
14 7
14 37
15 7
15 11
16 0
16 1
17 33
17 37
18 26
18 40
19 18
19 36
20 42
20 44
21 21
21 24
22 10
22 12
23 33
23 35
24 21
24 24
25 1
25 3
26 9
26 27
27 5
27 19
28 8
28 12
29 44
29 45
30 34
30 38
31 8
31 38
32 2
32 39
33 22
33 28
34 9
34 15
35 4
35 22
36 26
36 34
37 28
37 31
38 14
38 15
39 5
39 13
40 27
40 39
41 2
41 35
42 25
42 45
43 32
43 41
44 16
44 25
45 3
45 16

# solution 858
# n=46 sym=rot4 status=verified source=flammenkamp_cache/n46_rot4.mvr
# code=mvr:0 23 0 24 1 10 1 31 2 9 2 17 3 20 3 36 4
0 23
0 24
1 10
1 31
2 9
2 17
3 20
3 36
4 29
4 37
5 20
5 31
6 18
6 38
7 6
7 15
8 4
8 32
9 3
9 43
10 21
10 44
11 15
11 27
12 23
12 28
13 8
13 26
14 1
14 5
15 34
15 38
16 4
16 19
17 12
17 43
18 11
18 39
19 13
19 29
20 40
20 42
21 0
21 35
22 0
22 12
23 33
23 45
24 10
24 45
25 3
25 5
26 16
26 32
27 6
27 34
28 2
28 33
29 26
29 41
30 7
30 11
31 40
31 44
32 19
32 37
33 17
33 22
34 18
34 30
35 1
35 24
36 2
36 42
37 13
37 41
38 30
38 39
39 7
39 27
40 14
40 25
41 8
41 16
42 9
42 25
43 28
43 36
44 14
44 35
45 21
45 22

# solution 859
# n=46 sym=rot4 status=verified source=flammenkamp_cache/n46_rot4.mvr
# code=mvr:0 36 0 40 1 18 1 25 2 19 2 42 3 2 3 15 4
0 36
0 40
1 18
1 25
2 19
2 42
3 2
3 15
4 22
4 34
5 0
5 11
6 10
6 14
7 29
7 33
8 24
8 26
9 0
9 30
10 33
10 39
11 4
11 40
12 7
12 10
13 17
13 29
14 21
14 39
15 9
15 42
16 7
16 13
17 27
17 32
18 17
18 44
19 8
19 43
20 1
20 23
21 8
21 31
22 20
22 41
23 4
23 25
24 14
24 37
25 22
25 44
26 2
26 37
27 1
27 28
28 13
28 18
29 32
29 38
30 3
30 36
31 6
31 24
32 16
32 28
33 35
33 38
34 5
34 41
35 6
35 12
36 15
36 45
37 19
37 21
38 12
38 16
39 31
39 35
40 34
40 45
41 11
41 23
42 30
42 43
43 3
43 26
44 20
44 27
45 5
45 9

# solution 860
# n=46 sym=rot4 status=verified source=flammenkamp_cache/n46_rot4.mvr
# code=mvr:0 25 0 34 1 15 1 27 2 26 2 39 3 7 3 9 4 
0 25
0 34
1 15
1 27
2 26
2 39
3 7
3 9
4 29
4 31
5 13
5 18
6 2
6 8
7 25
7 42
8 32
8 39
9 35
9 42
10 9
10 26
11 0
11 14
12 17
12 22
13 8
13 40
14 4
14 34
15 23
15 44
16 4
16 17
17 29
17 33
18 1
18 40
19 2
19 10
20 0
20 7
21 21
21 24
22 15
22 33
23 12
23 30
24 21
24 24
25 38
25 45
26 35
26 43
27 5
27 44
28 12
28 16
29 28
29 41
30 1
30 22
31 11
31 41
32 5
32 37
33 23
33 28
34 31
34 45
35 19
35 36
36 3
36 10
37 6
37 13
38 3
38 20
39 37
39 43
40 27
40 32
41 14
41 16
42 36
42 38
43 6
43 19
44 18
44 30
45 11
45 20

# solution 861
# n=46 sym=rot4 status=verified source=flammenkamp_cache/n46_rot4.mvr
# code=mvr:0 20 0 23 1 3 1 18 2 20 2 24 3 15 3 44 4
0 20
0 23
1 3
1 18
2 20
2 24
3 15
3 44
4 31
4 33
5 9
5 21
6 15
6 27
7 8
7 32
8 13
8 38
9 35
9 40
10 9
10 17
11 14
11 26
12 4
12 28
13 7
13 37
14 4
14 34
15 39
15 42
16 19
16 23
17 12
17 35
18 6
18 44
19 11
19 29
20 43
20 45
21 2
21 40
22 0
22 16
23 29
23 45
24 5
24 43
25 0
25 2
26 16
26 34
27 1
27 39
28 10
28 33
29 22
29 26
30 3
30 6
31 11
31 41
32 8
32 38
33 17
33 41
34 19
34 31
35 28
35 36
36 5
36 10
37 7
37 32
38 13
38 37
39 18
39 30
40 24
40 36
41 12
41 14
42 1
42 30
43 21
43 25
44 27
44 42
45 22
45 25

# solution 862
# n=46 sym=rot4 status=verified source=flammenkamp_cache/n46_rot4.mvr
# code=mvr:0 11 0 21 1 16 1 27 2 29 2 41 3 23 3 30 
0 11
0 21
1 16
1 27
2 29
2 41
3 23
3 30
4 2
4 11
5 7
5 28
6 13
6 19
7 35
7 40
8 21
8 23
9 12
9 32
10 7
10 31
11 41
11 45
12 28
12 36
13 9
13 39
14 10
14 20
15 3
15 25
16 2
16 44
17 5
17 12
18 1
18 26
19 18
19 39
20 15
20 31
21 37
21 45
22 3
22 8
23 37
23 42
24 0
24 8
25 14
25 30
26 6
26 27
27 19
27 44
28 33
28 40
29 1
29 43
30 20
30 42
31 25
31 35
32 6
32 36
33 9
33 17
34 0
34 4
35 14
35 38
36 13
36 33
37 22
37 24
38 5
38 10
39 26
39 32
40 17
40 38
41 34
41 43
42 15
42 22
43 4
43 16
44 18
44 29
45 24
45 34

# solution 863
# n=46 sym=rot4 status=verified source=flammenkamp_cache/n46_rot4.mvr
# code=mvr:0 10 0 27 1 18 1 22 2 3 2 29 3 25 3 43 4
0 10
0 27
1 18
1 22
2 3
2 29
3 25
3 43
4 15
4 23
5 19
5 34
6 6
6 39
7 10
7 26
8 24
8 32
9 11
9 12
10 38
10 45
11 5
11 36
12 20
12 36
13 8
13 28
14 15
14 29
15 31
15 41
16 2
16 14
17 13
17 21
18 0
18 44
19 7
19 40
20 3
20 33
21 8
21 28
22 4
22 44
23 1
23 41
24 17
24 37
25 12
25 42
26 5
26 38
27 1
27 45
28 24
28 32
29 31
29 43
30 4
30 14
31 16
31 30
32 17
32 37
33 9
33 25
34 9
34 40
35 0
35 7
36 33
36 34
37 13
37 21
38 19
38 35
39 6
39 39
40 11
40 26
41 22
41 30
42 2
42 20
43 16
43 42
44 23
44 27
45 18
45 35

# solution 864
# n=46 sym=rot4 status=verified source=flammenkamp_cache/n46_rot4.mvr
# code=mvr:0 10 0 16 1 24 1 31 2 19 2 22 3 27 3 32 
0 10
0 16
1 24
1 31
2 19
2 22
3 27
3 32
4 23
4 39
5 12
5 36
6 4
6 7
7 24
7 39
8 29
8 34
9 5
9 25
10 17
10 45
11 8
11 33
12 11
12 40
13 3
13 18
14 1
14 26
15 15
15 30
16 8
16 45
17 25
17 35
18 3
18 32
19 14
19 43
20 9
20 17
21 1
21 7
22 4
22 43
23 2
23 41
24 38
24 44
25 28
25 36
26 2
26 31
27 13
27 42
28 10
28 20
29 0
29 37
30 15
30 30
31 19
31 44
32 27
32 42
33 5
33 34
34 12
34 37
35 0
35 28
36 20
36 40
37 11
37 16
38 6
38 21
39 38
39 41
40 9
40 33
41 6
41 22
42 13
42 18
43 23
43 26
44 14
44 21
45 29
45 35

# solution 865
# n=46 sym=rot4 status=verified source=flammenkamp_cache/n46_rot4.mvr
# code=mvr:0 15 0 16 1 23 1 36 2 26 2 28 3 24 3 30 
0 15
0 16
1 23
1 36
2 26
2 28
3 24
3 30
4 9
4 21
5 6
5 29
6 7
6 40
7 10
7 39
8 18
8 19
9 1
9 41
10 12
10 38
11 25
11 27
12 14
12 35
13 20
13 23
14 28
14 33
15 3
15 45
16 5
16 45
17 2
17 14
18 11
18 37
19 2
19 37
20 11
20 32
21 3
21 41
22 1
22 13
23 32
23 44
24 4
24 42
25 13
25 34
26 8
26 43
27 8
27 34
28 31
28 43
29 0
29 40
30 0
30 42
31 12
31 17
32 22
32 25
33 10
33 31
34 18
34 20
35 7
35 33
36 4
36 44
37 26
37 27
38 6
38 35
39 5
39 38
40 16
40 39
41 24
41 36
42 15
42 21
43 17
43 19
44 9
44 22
45 29
45 30

# solution 866
# n=46 sym=rot4 status=verified source=flammenkamp_cache/n46_rot4.mvr
# code=mvr:0 28 0 40 1 16 1 23 2 16 2 21 3 6 3 21 4
0 28
0 40
1 16
1 23
2 16
2 21
3 6
3 21
4 15
4 33
5 0
5 23
6 19
6 42
7 9
7 30
8 31
8 33
9 20
9 38
10 11
10 19
11 14
11 35
12 4
12 8
13 18
13 28
14 8
14 34
15 7
15 41
16 43
16 44
17 0
17 13
18 20
18 32
19 35
19 39
20 27
20 36
21 42
21 43
22 1
22 5
23 40
23 44
24 2
24 3
25 9
25 18
26 6
26 10
27 13
27 25
28 32
28 45
29 1
29 2
30 4
30 38
31 11
31 37
32 17
32 27
33 37
33 41
34 10
34 31
35 26
35 34
36 7
36 25
37 12
37 14
38 15
38 36
39 3
39 26
40 22
40 45
41 12
41 30
42 24
42 39
43 24
43 29
44 22
44 29
45 5
45 17

# solution 867
# n=46 sym=rot4 status=verified source=flammenkamp_cache/n46_rot4.mvr
# code=mvr:0 28 0 40 1 16 1 23 2 16 2 21 3 6 3 24 4
0 28
0 40
1 16
1 23
2 16
2 21
3 6
3 24
4 15
4 33
5 0
5 23
6 19
6 42
7 9
7 30
8 31
8 33
9 20
9 38
10 11
10 19
11 14
11 35
12 4
12 8
13 18
13 28
14 8
14 34
15 7
15 41
16 43
16 44
17 0
17 13
18 20
18 32
19 35
19 39
20 27
20 36
21 3
21 43
22 1
22 5
23 40
23 44
24 2
24 42
25 9
25 18
26 6
26 10
27 13
27 25
28 32
28 45
29 1
29 2
30 4
30 38
31 11
31 37
32 17
32 27
33 37
33 41
34 10
34 31
35 26
35 34
36 7
36 25
37 12
37 14
38 15
38 36
39 3
39 26
40 22
40 45
41 12
41 30
42 21
42 39
43 24
43 29
44 22
44 29
45 5
45 17

# solution 868
# n=46 sym=rot4 status=verified source=flammenkamp_cache/n46_rot4.mvr
# code=mvr:0 6 0 25 1 16 1 18 2 13 2 23 3 38 3 39 4
0 6
0 25
1 16
1 18
2 13
2 23
3 38
3 39
4 18
4 23
5 30
5 32
6 3
6 45
7 3
7 8
8 14
8 38
9 21
9 26
10 19
10 34
11 10
11 29
12 14
12 25
13 5
13 43
14 33
14 37
15 5
15 28
16 11
16 44
17 15
17 21
18 41
18 44
19 9
19 35
20 0
20 12
21 28
21 36
22 2
22 4
23 41
23 43
24 9
24 17
25 33
25 45
26 10
26 36
27 1
27 4
28 24
28 30
29 1
29 34
30 17
30 40
31 8
31 12
32 2
32 40
33 20
33 31
34 16
34 35
35 11
35 26
36 19
36 24
37 7
37 31
38 37
38 42
39 0
39 42
40 13
40 15
41 22
41 27
42 6
42 7
43 22
43 32
44 27
44 29
45 20
45 39

# solution 869
# n=46 sym=rot4 status=verified source=flammenkamp_cache/n46_rot4.mvr
# code=mvr:0 24 0 26 1 8 1 12 2 10 2 22 3 15 3 28 4
0 24
0 26
1 8
1 12
2 10
2 22
3 15
3 28
4 17
4 33
5 31
5 34
6 7
6 16
7 32
7 39
8 26
8 44
9 16
9 21
10 32
10 43
11 5
11 25
12 4
12 44
13 7
13 10
14 5
14 27
15 20
15 42
16 36
16 39
17 3
17 41
18 14
18 23
19 0
19 8
20 11
20 30
21 0
21 36
22 18
22 43
23 2
23 27
24 9
24 45
25 15
25 34
26 37
26 45
27 22
27 31
28 4
28 42
29 6
29 9
30 3
30 25
31 18
31 40
32 35
32 38
33 1
33 41
34 20
34 40
35 2
35 13
36 24
36 29
37 1
37 19
38 6
38 13
39 29
39 38
40 11
40 14
41 12
41 28
42 17
42 30
43 23
43 35
44 33
44 37
45 19
45 21

# solution 870
# n=46 sym=rot4 status=verified source=flammenkamp_cache/n46_rot4.mvr
# code=mvr:0 24 0 26 1 12 1 37 2 10 2 22 3 15 3 28 
0 24
0 26
1 12
1 37
2 10
2 22
3 15
3 28
4 17
4 33
5 31
5 34
6 7
6 16
7 32
7 39
8 1
8 26
9 16
9 21
10 32
10 43
11 5
11 25
12 4
12 44
13 7
13 10
14 5
14 27
15 20
15 42
16 36
16 39
17 3
17 41
18 14
18 23
19 0
19 8
20 11
20 30
21 0
21 36
22 18
22 43
23 2
23 27
24 9
24 45
25 15
25 34
26 37
26 45
27 22
27 31
28 4
28 42
29 6
29 9
30 3
30 25
31 18
31 40
32 35
32 38
33 1
33 41
34 20
34 40
35 2
35 13
36 24
36 29
37 19
37 44
38 6
38 13
39 29
39 38
40 11
40 14
41 12
41 28
42 17
42 30
43 23
43 35
44 8
44 33
45 19
45 21

# solution 871
# n=46 sym=rot4 status=verified source=flammenkamp_cache/n46_rot4.mvr
# code=mvr:0 20 0 21 1 17 1 18 2 30 2 33 3 30 3 37 
0 20
0 21
1 17
1 18
2 30
2 33
3 30
3 37
4 10
4 13
5 28
5 29
6 35
6 36
7 13
7 24
8 3
8 19
9 6
9 29
10 6
10 41
11 19
11 33
12 2
12 11
13 38
13 41
14 18
14 23
15 2
15 3
16 5
16 9
17 5
17 44
18 31
18 44
19 34
19 37
20 23
20 45
21 7
21 45
22 14
22 20
23 25
23 31
24 0
24 38
25 0
25 22
26 8
26 11
27 1
27 14
28 1
28 40
29 36
29 40
30 42
30 43
31 22
31 27
32 4
32 7
33 34
33 43
34 12
34 26
35 4
35 39
36 16
36 39
37 26
37 42
38 21
38 32
39 9
39 10
40 16
40 17
41 32
41 35
42 8
42 15
43 12
43 15
44 27
44 28
45 24
45 25

# solution 872
# n=46 sym=rot4 status=verified source=flammenkamp_cache/n46_rot4.mvr
# code=mvr:0 2 0 24 1 15 1 41 2 13 2 45 3 22 3 26 4
0 2
0 24
1 15
1 41
2 13
2 45
3 22
3 26
4 1
4 17
5 20
5 34
6 27
6 33
7 25
7 37
8 7
8 9
9 13
9 37
10 18
10 26
11 5
11 30
12 6
12 23
13 36
13 43
14 17
14 29
15 11
15 44
16 14
16 24
17 31
17 41
18 6
18 35
19 3
19 10
20 7
20 40
21 0
21 16
22 12
22 42
23 3
23 33
24 29
24 45
25 5
25 38
26 35
26 42
27 10
27 39
28 4
28 14
29 21
29 31
30 1
30 34
31 16
31 28
32 2
32 9
33 22
33 39
34 15
34 40
35 19
35 27
36 8
36 32
37 36
37 38
38 8
38 20
39 12
39 18
40 11
40 25
41 28
41 44
42 19
42 23
43 0
43 32
44 4
44 30
45 21
45 43

# solution 873
# n=46 sym=rot4 status=verified source=flammenkamp_cache/n46_rot4.mvr
# code=mvr:0 23 0 29 1 4 1 25 2 17 2 35 3 12 3 25 4
0 23
0 29
1 4
1 25
2 17
2 35
3 12
3 25
4 37
4 44
5 15
5 30
6 18
6 34
7 24
7 31
8 4
8 35
9 16
9 23
10 2
10 8
11 6
11 31
12 24
12 42
13 26
13 28
14 7
14 11
15 5
15 40
16 0
16 36
17 13
17 43
18 19
18 39
19 13
19 27
20 1
20 3
21 7
21 12
22 0
22 9
23 36
23 45
24 33
24 38
25 42
25 44
26 18
26 32
27 6
27 26
28 2
28 32
29 9
29 45
30 5
30 40
31 34
31 38
32 17
32 19
33 3
33 21
34 14
34 39
35 37
35 43
36 22
36 29
37 10
37 41
38 14
38 21
39 11
39 27
40 15
40 30
41 1
41 8
42 20
42 33
43 10
43 28
44 20
44 41
45 16
45 22

# solution 874
# n=46 sym=rot4 status=verified source=flammenkamp_cache/n46_rot4.mvr
# code=mvr:0 19 0 22 1 16 1 26 2 32 2 34 3 33 3 36 
0 19
0 22
1 16
1 26
2 32
2 34
3 33
3 36
4 18
4 24
5 6
5 7
6 35
6 40
7 33
7 40
8 16
8 20
9 3
9 24
10 6
10 14
11 2
11 18
12 3
12 7
13 2
13 14
14 32
14 35
15 23
15 25
16 37
16 44
17 17
17 28
18 34
18 41
19 1
19 45
20 15
20 37
21 4
21 9
22 15
22 45
23 0
23 30
24 36
24 41
25 8
25 30
26 0
26 44
27 4
27 11
28 17
28 28
29 1
29 8
30 20
30 22
31 10
31 13
32 31
32 43
33 38
33 42
34 27
34 43
35 31
35 39
36 21
36 42
37 25
37 29
38 5
38 12
39 5
39 10
40 38
40 39
41 21
41 27
42 9
42 12
43 11
43 13
44 19
44 29
45 23
45 26

# solution 875
# n=46 sym=rot4 status=verified source=flammenkamp_cache/n46_rot4.mvr
# code=mvr:0 14 0 24 1 21 1 29 2 10 2 32 3 6 3 29 4
0 14
0 24
1 21
1 29
2 10
2 32
3 6
3 29
4 19
4 23
5 27
5 28
6 32
6 42
7 11
7 14
8 9
8 17
9 19
9 37
10 18
10 43
11 30
11 38
12 23
12 30
13 2
13 6
14 38
14 45
15 11
15 12
16 1
16 3
17 5
17 37
18 5
18 35
19 36
19 41
20 20
20 25
21 0
21 44
22 4
22 12
23 33
23 41
24 1
24 45
25 20
25 25
26 4
26 9
27 10
27 40
28 8
28 40
29 42
29 44
30 33
30 34
31 0
31 7
32 39
32 43
33 15
33 22
34 7
34 15
35 2
35 27
36 8
36 26
37 28
37 36
38 31
38 34
39 3
39 13
40 17
40 18
41 22
41 26
42 16
42 39
43 13
43 35
44 16
44 24
45 21
45 31

# solution 876
# n=46 sym=rot4 status=verified source=flammenkamp_cache/n46_rot4.mvr
# code=mvr:0 20 0 38 1 19 1 33 2 14 2 16 3 8 3 18 4
0 20
0 38
1 19
1 33
2 14
2 16
3 8
3 18
4 30
4 34
5 18
5 24
6 15
6 34
7 0
7 21
8 10
8 42
9 26
9 28
10 13
10 37
11 4
11 6
12 1
12 13
13 33
13 35
14 23
14 43
15 4
15 39
16 17
16 43
17 9
17 29
18 40
18 42
19 9
19 44
20 23
20 45
21 5
21 38
22 14
22 20
23 25
23 31
24 7
24 40
25 0
25 22
26 1
26 36
27 3
27 5
28 16
28 36
29 2
29 28
30 6
30 41
31 2
31 22
32 10
32 12
33 32
33 44
34 39
34 41
35 8
35 32
36 17
36 19
37 3
37 35
38 24
38 45
39 11
39 30
40 21
40 27
41 11
41 15
42 27
42 37
43 29
43 31
44 12
44 26
45 7
45 25

# solution 877
# n=46 sym=rot4 status=verified source=flammenkamp_cache/n46_rot4.mvr
# code=mvr:0 16 0 31 1 4 1 24 2 25 2 36 3 15 3 35 4
0 16
0 31
1 4
1 24
2 25
2 36
3 15
3 35
4 12
4 44
5 14
5 15
6 7
6 12
7 23
7 39
8 26
8 36
9 2
9 8
10 3
10 18
11 17
11 23
12 39
12 41
13 27
13 28
14 0
14 40
15 40
15 42
16 25
16 45
17 13
17 34
18 13
18 35
19 8
19 24
20 2
20 16
21 1
21 19
22 7
22 11
23 34
23 38
24 26
24 44
25 29
25 43
26 21
26 37
27 10
27 32
28 11
28 32
29 0
29 20
30 3
30 5
31 5
31 45
32 17
32 18
33 4
33 6
34 22
34 28
35 27
35 42
36 37
36 43
37 9
37 19
38 6
38 22
39 33
39 38
40 30
40 31
41 1
41 33
42 10
42 30
43 9
43 20
44 21
44 41
45 14
45 29

# solution 878
# n=46 sym=rot4 status=verified source=flammenkamp_cache/n46_rot4.mvr
# code=mvr:0 19 0 34 1 5 1 27 2 14 2 32 3 10 3 25 4
0 19
0 34
1 5
1 27
2 14
2 32
3 10
3 25
4 19
4 33
5 8
5 44
6 25
6 27
7 7
7 38
8 16
8 40
9 12
9 22
10 30
10 42
11 0
11 16
12 4
12 36
13 2
13 28
14 21
14 43
15 10
15 17
16 34
16 37
17 13
17 30
18 1
18 6
19 41
19 45
20 3
20 6
21 23
21 31
22 21
22 36
23 9
23 24
24 14
24 22
25 39
25 42
26 0
26 4
27 39
27 44
28 15
28 32
29 8
29 11
30 28
30 35
31 2
31 24
32 17
32 43
33 9
33 41
34 29
34 45
35 3
35 15
36 23
36 33
37 5
37 29
38 7
38 38
39 18
39 20
40 1
40 37
41 12
41 26
42 20
42 35
43 13
43 31
44 18
44 40
45 11
45 26

# solution 879
# n=46 sym=rot4 status=verified source=flammenkamp_cache/n46_rot4.mvr
# code=mvr:0 23 0 25 1 28 1 30 2 34 2 40 3 17 3 25 
0 23
0 25
1 28
1 30
2 34
2 40
3 17
3 25
4 11
4 12
5 2
5 9
6 29
6 37
7 12
7 26
8 6
8 16
9 30
9 40
10 23
10 26
11 2
11 41
12 38
12 41
13 13
13 32
14 18
14 24
15 1
15 9
16 6
16 37
17 1
17 42
18 21
18 31
19 7
19 10
20 0
20 3
21 14
21 27
22 0
22 10
23 35
23 45
24 18
24 31
25 42
25 45
26 35
26 38
27 14
27 24
28 3
28 44
29 8
29 39
30 36
30 44
31 21
31 27
32 13
32 32
33 4
33 7
34 4
34 43
35 19
35 22
36 5
36 15
37 29
37 39
38 19
38 33
39 8
39 16
40 36
40 43
41 33
41 34
42 20
42 28
43 5
43 11
44 15
44 17
45 20
45 22

# solution 880
# n=46 sym=rot4 status=verified source=flammenkamp_cache/n46_rot4.mvr
# code=mvr:0 21 0 35 1 19 1 29 2 24 2 27 3 11 3 12 
0 21
0 35
1 19
1 29
2 24
2 27
3 11
3 12
4 37
4 38
5 20
5 22
6 26
6 28
7 4
7 11
8 4
8 10
9 28
9 33
10 0
10 37
11 38
11 42
12 9
12 42
13 23
13 27
14 15
14 20
15 29
15 31
16 1
16 15
17 6
17 9
18 2
18 13
19 6
19 44
20 31
20 40
21 2
21 45
22 13
22 40
23 5
23 32
24 0
24 43
25 5
25 14
26 1
26 39
27 32
27 43
28 36
28 39
29 30
29 44
30 14
30 16
31 25
31 30
32 18
32 22
33 3
33 36
34 3
34 7
35 8
35 45
36 12
36 17
37 35
37 41
38 34
38 41
39 17
39 19
40 23
40 25
41 7
41 8
42 33
42 34
43 18
43 21
44 16
44 26
45 10
45 24

# solution 881
# n=46 sym=rot4 status=verified source=flammenkamp_cache/n46_rot4.mvr
# code=mvr:0 31 0 34 1 20 1 38 2 7 2 15 3 25 3 26 4
0 31
0 34
1 20
1 38
2 7
2 15
3 25
3 26
4 12
4 13
5 8
5 36
6 23
6 27
7 1
7 43
8 16
8 40
9 5
9 11
10 23
10 28
11 0
11 36
12 13
12 41
13 33
13 41
14 0
14 24
15 16
15 43
16 30
16 37
17 10
17 19
18 6
18 24
19 3
19 28
20 3
20 44
21 14
21 18
22 6
22 10
23 35
23 39
24 27
24 31
25 1
25 42
26 17
26 42
27 21
27 39
28 26
28 35
29 8
29 15
30 2
30 29
31 21
31 45
32 4
32 12
33 4
33 32
34 9
34 45
35 17
35 22
36 34
36 40
37 5
37 29
38 2
38 44
39 18
39 22
40 9
40 37
41 32
41 33
42 19
42 20
43 30
43 38
44 7
44 25
45 11
45 14

# solution 882
# n=46 sym=rot4 status=verified source=flammenkamp_cache/n46_rot4.mvr
# code=mvr:0 22 0 37 1 10 1 30 2 9 2 13 3 20 3 21 4
0 22
0 37
1 10
1 30
2 9
2 13
3 20
3 21
4 28
4 40
5 4
5 20
6 23
6 27
7 30
7 32
8 0
8 12
9 12
9 43
10 29
10 44
11 18
11 21
12 36
12 37
13 7
13 43
14 16
14 19
15 1
15 7
16 10
16 31
17 4
17 26
18 6
18 34
19 17
19 31
20 40
20 42
21 34
21 42
22 6
22 45
23 0
23 39
24 3
24 11
25 3
25 5
26 14
26 28
27 11
27 39
28 19
28 41
29 14
29 35
30 38
30 44
31 26
31 29
32 2
32 38
33 8
33 9
34 24
34 27
35 1
35 16
36 2
36 33
37 33
37 45
38 13
38 15
39 18
39 22
40 25
40 41
41 5
41 17
42 24
42 25
43 32
43 36
44 15
44 35
45 8
45 23

# solution 883
# n=46 sym=rot4 status=verified source=flammenkamp_cache/n46_rot4.mvr
# code=mvr:0 6 0 36 1 17 1 18 2 8 2 22 3 25 3 35 4 
0 6
0 36
1 17
1 18
2 8
2 22
3 25
3 35
4 5
4 14
5 36
5 41
6 16
6 45
7 25
7 27
8 23
8 43
9 0
9 5
10 3
10 17
11 12
11 13
12 24
12 34
13 29
13 34
14 26
14 41
15 15
15 30
16 13
16 39
17 35
17 44
18 7
18 44
19 14
19 21
20 3
20 7
21 12
21 26
22 8
22 43
23 2
23 37
24 19
24 33
25 38
25 42
26 24
26 31
27 1
27 38
28 1
28 10
29 6
29 32
30 15
30 30
31 4
31 19
32 11
32 16
33 11
33 21
34 32
34 33
35 28
35 42
36 40
36 45
37 2
37 22
38 18
38 20
39 0
39 29
40 4
40 9
41 31
41 40
42 10
42 20
43 23
43 37
44 27
44 28
45 9
45 39

# solution 884
# n=46 sym=rot4 status=verified source=flammenkamp_cache/n46_rot4.mvr
# code=mvr:0 21 0 23 1 27 1 28 2 8 2 16 3 28 3 33 4
0 21
0 23
1 27
1 28
2 8
2 16
3 28
3 33
4 6
4 23
5 12
5 36
6 31
6 41
7 15
7 27
8 15
8 43
9 5
9 10
10 34
10 36
11 10
11 24
12 3
12 40
13 19
13 29
14 6
14 26
15 37
15 38
16 13
16 43
17 1
17 3
18 1
18 7
19 14
19 32
20 20
20 25
21 11
21 45
22 0
22 4
23 41
23 45
24 0
24 34
25 20
25 25
26 13
26 31
27 38
27 44
28 42
28 44
29 2
29 32
30 7
30 8
31 19
31 39
32 16
32 26
33 5
33 42
34 21
34 35
35 9
35 11
36 35
36 40
37 2
37 30
38 18
38 30
39 4
39 14
40 9
40 33
41 22
41 39
42 12
42 17
43 29
43 37
44 17
44 18
45 22
45 24

# solution 885
# n=46 sym=rot4 status=verified source=flammenkamp_cache/n46_rot4.mvr
# code=mvr:0 24 0 38 1 16 1 31 2 18 2 20 3 23 3 39 
0 24
0 38
1 16
1 31
2 18
2 20
3 23
3 39
4 32
4 33
5 11
5 36
6 3
6 23
7 0
7 27
8 15
8 32
9 5
9 15
10 20
10 33
11 21
11 40
12 4
12 10
13 4
13 8
14 1
14 19
15 36
15 37
16 17
16 44
17 26
17 29
18 7
18 43
19 17
19 31
20 35
20 43
21 0
21 34
22 3
22 6
23 39
23 42
24 11
24 45
25 2
25 10
26 14
26 28
27 2
27 38
28 16
28 19
29 1
29 28
30 8
30 9
31 26
31 44
32 37
32 41
33 35
33 41
34 5
34 24
35 12
35 25
36 30
36 40
37 13
37 30
38 18
38 45
39 22
39 42
40 9
40 34
41 12
41 13
42 6
42 22
43 25
43 27
44 14
44 29
45 7
45 21

# solution 886
# n=46 sym=rot4 status=verified source=flammenkamp_cache/n46_rot4.mvr
# code=mvr:0 21 0 32 1 17 1 26 2 10 2 28 3 7 3 22 4
0 21
0 32
1 17
1 26
2 10
2 28
3 7
3 22
4 12
4 14
5 19
5 35
6 30
6 38
7 6
7 42
8 25
8 30
9 23
9 32
10 5
10 43
11 27
11 29
12 21
12 41
13 0
13 9
14 25
14 41
15 6
15 8
16 11
16 27
17 2
17 44
18 11
18 16
19 1
19 40
20 8
20 14
21 33
21 45
22 9
22 42
23 3
23 36
24 0
24 12
25 31
25 37
26 5
26 44
27 29
27 34
28 1
28 43
29 18
29 34
30 37
30 39
31 4
31 20
32 36
32 45
33 4
33 24
34 16
34 18
35 2
35 40
36 13
36 22
37 15
37 20
38 3
38 39
39 7
39 15
40 10
40 26
41 31
41 33
42 23
42 38
43 17
43 35
44 19
44 28
45 13
45 24

# solution 887
# n=46 sym=rot4 status=verified source=flammenkamp_cache/n46_rot4.mvr
# code=mvr:0 16 0 17 1 11 1 24 2 27 2 29 3 9 3 21 4
0 16
0 17
1 11
1 24
2 27
2 29
3 9
3 21
4 22
4 40
5 4
5 14
6 35
6 37
7 26
7 30
8 6
8 11
9 23
9 42
10 6
10 13
11 37
11 44
12 13
12 27
13 33
13 35
14 19
14 40
15 7
15 28
16 2
16 45
17 15
17 45
18 2
18 12
19 7
19 31
20 20
20 25
21 1
21 42
22 9
22 41
23 4
23 36
24 3
24 44
25 20
25 25
26 14
26 38
27 33
27 43
28 0
28 30
29 0
29 43
30 17
30 38
31 5
31 26
32 10
32 12
33 18
33 32
34 1
34 8
35 32
35 39
36 3
36 22
37 34
37 39
38 15
38 19
39 8
39 10
40 31
40 41
41 5
41 23
42 24
42 36
43 16
43 18
44 21
44 34
45 28
45 29

# solution 888
# n=46 sym=rot4 status=verified source=flammenkamp_cache/n46_rot4.mvr
# code=mvr:0 19 0 29 1 14 1 22 2 11 2 19 3 30 3 33 
0 19
0 29
1 14
1 22
2 11
2 19
3 30
3 33
4 21
4 23
5 11
5 30
6 33
6 38
7 6
7 10
8 9
8 21
9 31
9 37
10 28
10 38
11 40
11 43
12 3
12 6
13 20
13 27
14 9
14 44
15 3
15 5
16 0
16 18
17 10
17 20
18 13
18 29
19 43
19 45
20 28
20 32
21 37
21 41
22 4
22 44
23 1
23 41
24 4
24 8
25 13
25 17
26 0
26 2
27 16
27 32
28 25
28 35
29 27
29 45
30 40
30 42
31 1
31 36
32 18
32 25
33 39
33 42
34 2
34 5
35 7
35 17
36 8
36 14
37 24
37 36
38 35
38 39
39 7
39 12
40 15
40 34
41 22
41 24
42 12
42 15
43 26
43 34
44 23
44 31
45 16
45 26

# solution 889
# n=46 sym=rot4 status=verified source=flammenkamp_cache/n46_rot4.mvr
# code=mvr:0 21 0 25 1 8 1 18 2 12 2 31 3 30 3 37 4
0 21
0 25
1 8
1 18
2 12
2 31
3 30
3 37
4 17
4 32
5 7
5 23
6 12
6 25
7 30
7 40
8 3
8 44
9 11
9 23
10 16
10 31
11 29
11 36
12 39
12 43
13 4
13 24
14 2
14 10
15 3
15 7
16 11
16 35
17 18
17 41
18 28
18 44
19 19
19 26
20 0
20 6
21 13
21 45
22 5
22 9
23 36
23 40
24 0
24 32
25 39
25 45
26 19
26 26
27 1
27 17
28 4
28 27
29 10
29 34
30 38
30 42
31 35
31 43
32 21
32 41
33 2
33 6
34 9
34 16
35 14
35 29
36 22
36 34
37 1
37 42
38 5
38 15
39 20
39 33
40 22
40 38
41 13
41 28
42 8
42 15
43 14
43 33
44 27
44 37
45 20
45 24

# solution 890
# n=46 sym=rot4 status=verified source=flammenkamp_cache/n46_rot4.mvr
# code=mvr:0 6 0 16 1 30 1 31 2 11 2 34 3 22 3 28 4
0 6
0 16
1 30
1 31
2 11
2 34
3 22
3 28
4 19
4 20
5 7
5 38
6 12
6 45
7 5
7 40
8 9
8 27
9 33
9 37
10 20
10 28
11 2
11 43
12 9
12 39
13 14
13 24
14 1
14 32
15 1
15 19
16 24
16 45
17 3
17 10
18 8
18 23
19 30
19 41
20 35
20 41
21 13
21 16
22 18
22 42
23 3
23 27
24 29
24 32
25 4
25 10
26 4
26 15
27 22
27 37
28 35
28 42
29 0
29 21
30 26
30 44
31 13
31 44
32 21
32 31
33 6
33 36
34 2
34 43
35 17
35 25
36 8
36 12
37 18
37 36
38 5
38 40
39 0
39 33
40 7
40 38
41 25
41 26
42 17
42 23
43 11
43 34
44 14
44 15
45 29
45 39

# solution 891
# n=46 sym=rot4 status=verified source=flammenkamp_cache/n46_rot4.mvr
# code=mvr:0 10 0 24 1 19 1 33 2 6 2 29 3 14 3 27 4
0 10
0 24
1 19
1 33
2 6
2 29
3 14
3 27
4 14
4 20
5 8
5 36
6 23
6 43
7 24
7 30
8 28
8 40
9 5
9 11
10 12
10 45
11 16
11 36
12 1
12 35
13 20
13 26
14 41
14 42
15 7
15 27
16 2
16 34
17 8
17 23
18 3
18 15
19 13
19 44
20 32
20 41
21 0
21 7
22 6
22 17
23 28
23 39
24 38
24 45
25 4
25 13
26 1
26 32
27 30
27 42
28 22
28 37
29 11
29 43
30 18
30 38
31 3
31 4
32 19
32 25
33 10
33 44
34 9
34 29
35 0
35 33
36 34
36 40
37 5
37 17
38 15
38 21
39 2
39 22
40 9
40 37
41 25
41 31
42 18
42 31
43 16
43 39
44 12
44 26
45 21
45 35

# solution 892
# n=46 sym=rot4 status=verified source=flammenkamp_cache/n46_rot4.mvr
# code=mvr:0 10 0 24 1 19 1 33 2 29 2 36 3 14 3 27 
0 10
0 24
1 19
1 33
2 29
2 36
3 14
3 27
4 14
4 20
5 6
5 8
6 23
6 40
7 24
7 30
8 28
8 40
9 2
9 11
10 12
10 45
11 16
11 36
12 1
12 35
13 20
13 26
14 41
14 42
15 7
15 27
16 2
16 34
17 8
17 23
18 3
18 15
19 13
19 44
20 32
20 41
21 0
21 7
22 6
22 17
23 28
23 39
24 38
24 45
25 4
25 13
26 1
26 32
27 30
27 42
28 22
28 37
29 11
29 43
30 18
30 38
31 3
31 4
32 19
32 25
33 10
33 44
34 9
34 29
35 0
35 33
36 34
36 43
37 5
37 17
38 15
38 21
39 5
39 22
40 37
40 39
41 25
41 31
42 18
42 31
43 9
43 16
44 12
44 26
45 21
45 35

# solution 893
# n=46 sym=rot4 status=verified source=flammenkamp_cache/n46_rot4.mvr
# code=mvr:0 11 0 29 1 14 1 25 2 23 2 24 3 6 3 9 4 
0 11
0 29
1 14
1 25
2 23
2 24
3 6
3 9
4 27
4 29
5 11
5 23
6 36
6 42
7 21
7 28
8 13
8 15
9 6
9 42
10 25
10 33
11 40
11 45
12 10
12 28
13 14
13 37
14 32
14 44
15 26
15 37
16 0
16 4
17 7
17 12
18 4
18 19
19 15
19 27
20 1
20 10
21 2
21 38
22 2
22 5
23 40
23 43
24 7
24 43
25 35
25 44
26 18
26 30
27 26
27 41
28 33
28 38
29 41
29 45
30 8
30 19
31 1
31 13
32 8
32 31
33 17
33 35
34 0
34 5
35 12
35 20
36 3
36 39
37 30
37 32
38 17
38 24
39 3
39 9
40 22
40 34
41 16
41 18
42 36
42 39
43 21
43 22
44 20
44 31
45 16
45 34

# solution 894
# n=46 sym=rot4 status=verified source=flammenkamp_cache/n46_rot4.mvr
# code=mvr:0 9 0 33 1 17 1 23 2 6 2 24 3 12 3 28 4 
0 9
0 33
1 17
1 23
2 6
2 24
3 12
3 28
4 31
4 40
5 4
5 9
6 27
6 43
7 15
7 35
8 19
8 24
9 40
9 45
10 7
10 25
11 16
11 19
12 0
12 42
13 18
13 30
14 4
14 20
15 13
15 38
16 23
16 34
17 3
17 44
18 6
18 32
19 34
19 37
20 10
20 31
21 2
21 8
22 1
22 16
23 29
23 44
24 37
24 43
25 14
25 35
26 8
26 11
27 13
27 39
28 1
28 42
29 11
29 22
30 7
30 32
31 25
31 41
32 15
32 27
33 3
33 45
34 26
34 29
35 20
35 38
36 0
36 5
37 21
37 26
38 10
38 30
39 2
39 18
40 36
40 41
41 5
41 14
42 17
42 33
43 21
43 39
44 22
44 28
45 12
45 36

# solution 895
# n=46 sym=rot4 status=verified source=flammenkamp_cache/n46_rot4.mvr
# code=mvr:0 23 0 33 1 16 1 18 2 6 2 26 3 15 3 24 4
0 23
0 33
1 16
1 18
2 6
2 26
3 15
3 24
4 10
4 13
5 29
5 31
6 38
6 43
7 6
7 28
8 24
8 26
9 13
9 34
10 15
10 41
11 9
11 31
12 0
12 20
13 36
13 41
14 5
14 11
15 35
15 42
16 5
16 44
17 7
17 18
18 28
18 44
19 2
19 8
20 23
20 33
21 3
21 8
22 0
22 20
23 25
23 45
24 37
24 42
25 12
25 22
26 37
26 43
27 1
27 17
28 27
28 38
29 1
29 40
30 3
30 10
31 34
31 40
32 4
32 9
33 25
33 45
34 14
34 36
35 4
35 30
36 11
36 32
37 19
37 21
38 17
38 39
39 2
39 7
40 14
40 16
41 32
41 35
42 21
42 30
43 19
43 39
44 27
44 29
45 12
45 22

# solution 896
# n=46 sym=rot4 status=verified source=flammenkamp_cache/n46_rot4.mvr
# code=mvr:0 13 0 24 1 10 1 19 2 27 2 33 3 20 3 37 
0 13
0 24
1 10
1 19
2 27
2 33
3 20
3 37
4 36
4 39
5 9
5 19
6 4
6 20
7 27
7 37
8 3
8 7
9 4
9 40
10 32
10 44
11 14
11 22
12 2
12 14
13 10
13 45
14 33
14 34
15 15
15 30
16 17
16 23
17 21
17 29
18 2
18 7
19 40
19 44
20 39
20 42
21 0
21 28
22 16
22 34
23 11
23 29
24 17
24 45
25 3
25 6
26 1
26 5
27 38
27 43
28 16
28 24
29 22
29 28
30 15
30 30
31 11
31 12
32 0
32 35
33 31
33 43
34 23
34 31
35 1
35 13
36 5
36 41
37 38
37 42
38 8
38 18
39 25
39 41
40 26
40 36
41 6
41 9
42 8
42 25
43 12
43 18
44 26
44 35
45 21
45 32

# solution 897
# n=46 sym=rot4 status=verified source=flammenkamp_cache/n46_rot4.mvr
# code=mvr:0 19 0 22 1 17 1 23 2 13 2 31 3 24 3 36 
0 19
0 22
1 17
1 23
2 13
2 31
3 24
3 36
4 14
4 24
5 6
5 15
6 20
6 40
7 15
7 35
8 28
8 32
9 3
9 33
10 7
10 18
11 27
11 29
12 9
12 19
13 8
13 43
14 2
14 41
15 38
15 40
16 11
16 25
17 8
17 44
18 11
18 35
19 33
19 45
20 16
20 39
21 3
21 4
22 1
22 45
23 0
23 44
24 41
24 42
25 6
25 29
26 0
26 12
27 10
27 34
28 1
28 37
29 20
29 34
30 5
30 7
31 4
31 43
32 2
32 37
33 26
33 36
34 16
34 18
35 27
35 38
36 12
36 42
37 13
37 17
38 10
38 30
39 5
39 25
40 30
40 39
41 21
41 31
42 9
42 21
43 14
43 32
44 22
44 28
45 23
45 26

# solution 898
# n=46 sym=rot4 status=verified source=flammenkamp_cache/n46_rot4.mvr
# code=mvr:0 16 0 18 1 13 1 35 2 23 2 26 3 26 3 36 
0 16
0 18
1 13
1 35
2 23
2 26
3 26
3 36
4 39
4 40
5 4
5 15
6 4
6 11
7 28
7 31
8 20
8 23
9 3
9 13
10 1
10 28
11 33
11 39
12 11
12 20
13 36
13 44
14 7
14 18
15 24
15 40
16 21
16 45
17 7
17 10
18 31
18 45
19 2
19 3
20 33
20 37
21 15
21 29
22 2
22 8
23 37
23 43
24 16
24 30
25 8
25 12
26 42
26 43
27 0
27 14
28 35
28 38
29 0
29 24
30 5
30 21
31 27
31 38
32 1
32 9
33 25
33 34
34 6
34 12
35 17
35 44
36 32
36 42
37 22
37 25
38 14
38 17
39 34
39 41
40 30
40 41
41 5
41 6
42 9
42 19
43 19
43 22
44 10
44 32
45 27
45 29

# solution 899
# n=46 sym=rot4 status=verified source=flammenkamp_cache/n46_rot4.mvr
# code=mvr:0 27 0 29 1 20 1 22 2 8 2 32 3 9 3 15 4 
0 27
0 29
1 20
1 22
2 8
2 32
3 9
3 15
4 23
4 26
5 19
5 30
6 10
6 11
7 14
7 21
8 9
8 43
9 37
9 42
10 18
10 39
11 24
11 39
12 25
12 32
13 2
13 12
14 29
14 38
15 5
15 42
16 0
16 14
17 17
17 28
18 0
18 35
19 4
19 40
20 12
20 44
21 11
21 38
22 4
22 44
23 1
23 41
24 7
24 34
25 1
25 33
26 5
26 41
27 10
27 45
28 17
28 28
29 31
29 45
30 3
30 40
31 7
31 16
32 33
32 43
33 13
33 20
34 6
34 21
35 6
35 27
36 3
36 8
37 2
37 36
38 24
38 31
39 34
39 35
40 15
40 26
41 19
41 22
42 30
42 36
43 13
43 37
44 23
44 25
45 16
45 18

# solution 900
# n=46 sym=rot4 status=verified source=flammenkamp_cache/n46_rot4.mvr
# code=mvr:0 9 0 24 1 15 1 23 2 28 2 35 3 12 3 19 4
0 9
0 24
1 15
1 23
2 28
2 35
3 12
3 19
4 5
4 29
5 11
5 41
6 34
6 37
7 18
7 25
8 6
8 30
9 17
9 45
10 2
10 20
11 6
11 40
12 29
12 42
13 26
13 31
14 13
14 24
15 8
15 44
16 4
16 12
17 2
17 36
18 23
18 38
19 13
19 42
20 7
20 35
21 0
21 14
22 1
22 18
23 27
23 44
24 31
24 45
25 10
25 38
26 3
26 32
27 7
27 22
28 9
28 43
29 33
29 41
30 1
30 37
31 21
31 32
32 14
32 19
33 3
33 16
34 5
34 39
35 25
35 43
36 0
36 28
37 15
37 39
38 20
38 27
39 8
39 11
40 4
40 34
41 16
41 40
42 26
42 33
43 10
43 17
44 22
44 30
45 21
45 36

# solution 901
# n=46 sym=rot4 status=verified source=flammenkamp_cache/n46_rot4.mvr
# code=mvr:0 26 0 31 1 10 1 19 2 13 2 33 3 28 3 36 
0 26
0 31
1 10
1 19
2 13
2 33
3 28
3 36
4 20
4 22
5 6
5 38
6 18
6 40
7 5
7 11
8 15
8 24
9 3
9 29
10 18
10 44
11 31
11 38
12 2
12 16
13 21
13 43
14 0
14 11
15 25
15 37
16 9
16 33
17 3
17 23
18 35
18 39
19 0
19 44
20 15
20 41
21 8
21 32
22 17
22 41
23 4
23 28
24 13
24 37
25 4
25 30
26 1
26 45
27 6
27 10
28 22
28 42
29 12
29 36
30 8
30 20
31 34
31 45
32 2
32 24
33 29
33 43
34 7
34 14
35 1
35 27
36 16
36 42
37 21
37 30
38 34
38 40
39 5
39 27
40 7
40 39
41 23
41 25
42 9
42 17
43 12
43 32
44 26
44 35
45 14
45 19

# solution 902
# n=46 sym=rot4 status=verified source=flammenkamp_cache/n46_rot4.mvr
# code=mvr:0 9 0 13 1 7 1 23 2 14 2 30 3 25 3 28 4 
0 9
0 13
1 7
1 23
2 14
2 30
3 25
3 28
4 12
4 21
5 21
5 30
6 34
6 36
7 11
7 44
8 23
8 26
9 6
9 45
10 19
10 31
11 6
11 38
12 13
12 41
13 33
13 45
14 10
14 43
15 2
15 5
16 18
16 28
17 3
17 16
18 20
18 29
19 8
19 35
20 3
20 27
21 40
21 41
22 1
22 8
23 37
23 44
24 4
24 5
25 18
25 42
26 10
26 37
27 16
27 25
28 29
28 42
29 17
29 27
30 40
30 43
31 2
31 35
32 0
32 12
33 4
33 32
34 7
34 39
35 14
35 26
36 0
36 39
37 19
37 22
38 1
38 34
39 9
39 11
40 15
40 24
41 24
41 33
42 17
42 20
43 15
43 31
44 22
44 38
45 32
45 36

# solution 903
# n=46 sym=rot4 status=verified source=flammenkamp_cache/n46_rot4.mvr
# code=mvr:0 7 0 22 1 14 1 34 2 11 2 27 3 12 3 17 4
0 7
0 22
1 14
1 34
2 11
2 27
3 12
3 17
4 25
4 39
5 5
5 40
6 4
6 8
7 26
7 45
8 32
8 39
9 15
9 16
10 23
10 25
11 1
11 43
12 29
12 42
13 8
13 21
14 28
14 44
15 26
15 36
16 12
16 36
17 14
17 42
18 2
18 24
19 7
19 15
20 4
20 10
21 18
21 32
22 10
22 45
23 0
23 35
24 13
24 27
25 35
25 41
26 30
26 38
27 21
27 43
28 3
28 31
29 9
29 33
30 9
30 19
31 1
31 17
32 24
32 37
33 3
33 16
34 2
34 44
35 20
35 22
36 29
36 30
37 6
37 13
38 0
38 19
39 37
39 41
40 5
40 40
41 6
41 20
42 28
42 33
43 18
43 34
44 11
44 31
45 23
45 38

# solution 904
# n=46 sym=rot4 status=verified source=flammenkamp_cache/n46_rot4.mvr
# code=mvr:0 12 0 23 1 15 1 26 2 9 2 17 3 18 3 23 4
0 12
0 23
1 15
1 26
2 9
2 17
3 18
3 23
4 13
4 30
5 9
5 16
6 14
6 37
7 35
7 37
8 6
8 7
9 40
9 43
10 7
10 27
11 16
11 31
12 24
12 45
13 26
13 41
14 11
14 39
15 4
15 44
16 34
16 40
17 21
17 43
18 10
18 42
19 1
19 13
20 20
20 25
21 12
21 28
22 0
22 3
23 42
23 45
24 17
24 33
25 20
25 25
26 32
26 44
27 3
27 35
28 2
28 24
29 5
29 11
30 1
30 41
31 6
31 34
32 4
32 19
33 0
33 21
34 14
34 29
35 18
35 38
36 2
36 5
37 38
37 39
38 8
38 10
39 8
39 31
40 29
40 36
41 15
41 32
42 22
42 27
43 28
43 36
44 19
44 30
45 22
45 33

# solution 905
# n=46 sym=rot4 status=verified source=flammenkamp_cache/n46_rot4.mvr
# code=mvr:0 0 0 45 1 16 1 28 2 23 2 35 3 24 3 25 4
0 0
0 45
1 16
1 28
2 23
2 35
3 24
3 25
4 12
4 40
5 4
5 28
6 19
6 20
7 14
7 23
8 12
8 31
9 11
9 35
10 2
10 9
11 30
11 36
12 37
12 41
13 15
13 27
14 8
14 38
15 11
15 32
16 19
16 44
17 1
17 5
18 13
18 24
19 29
19 39
20 3
20 39
21 3
21 18
22 2
22 7
23 38
23 43
24 27
24 42
25 6
25 42
26 6
26 16
27 21
27 32
28 40
28 44
29 1
29 26
30 13
30 34
31 7
31 37
32 18
32 30
33 4
33 8
34 9
34 15
35 36
35 43
36 10
36 34
37 14
37 33
38 22
38 31
39 25
39 26
40 17
40 41
41 5
41 33
42 20
42 21
43 10
43 22
44 17
44 29
45 0
45 45

# solution 906
# n=46 sym=rot4 status=verified source=flammenkamp_cache/n46_rot4.mvr
# code=mvr:0 19 0 28 1 17 1 31 2 24 2 39 3 4 3 14 4
0 19
0 28
1 17
1 31
2 24
2 39
3 4
3 14
4 12
4 42
5 19
5 35
6 2
6 35
7 27
7 32
8 25
8 34
9 16
9 24
10 5
10 6
11 8
11 32
12 18
12 41
13 7
13 11
14 1
14 42
15 23
15 29
16 15
16 36
17 0
17 44
18 7
18 33
19 40
19 45
20 8
20 23
21 2
21 9
22 15
22 20
23 25
23 30
24 36
24 43
25 22
25 37
26 0
26 5
27 12
27 38
28 1
28 45
29 9
29 30
30 16
30 22
31 3
31 44
32 34
32 38
33 4
33 27
34 13
34 37
35 39
35 40
36 21
36 29
37 11
37 20
38 13
38 18
39 10
39 43
40 10
40 26
41 3
41 33
42 31
42 41
43 6
43 21
44 14
44 28
45 17
45 26

# solution 907
# n=46 sym=rot4 status=verified source=flammenkamp_cache/n46_rot4.mvr
# code=mvr:0 17 0 22 1 14 1 30 2 18 2 21 3 33 3 35 
0 17
0 22
1 14
1 30
2 18
2 21
3 33
3 35
4 16
4 39
5 21
5 25
6 4
6 8
7 30
7 34
8 26
8 39
9 16
9 26
10 3
10 34
11 7
11 10
12 3
12 18
13 14
13 23
14 32
14 44
15 1
15 7
16 36
16 41
17 25
17 45
18 33
18 43
19 8
19 9
20 5
20 17
21 40
21 43
22 13
22 45
23 0
23 32
24 2
24 5
25 28
25 40
26 36
26 37
27 2
27 12
28 0
28 20
29 4
29 9
30 38
30 44
31 1
31 13
32 22
32 31
33 27
33 42
34 35
34 38
35 11
35 42
36 19
36 29
37 6
37 19
38 11
38 15
39 37
39 41
40 20
40 24
41 6
41 29
42 10
42 12
43 24
43 27
44 15
44 31
45 23
45 28

# solution 908
# n=46 sym=rot4 status=verified source=flammenkamp_cache/n46_rot4.mvr
# code=mvr:0 23 0 37 1 20 1 38 2 14 2 25 3 23 3 33 
0 23
0 37
1 20
1 38
2 14
2 25
3 23
3 33
4 9
4 17
5 15
5 36
6 18
6 38
7 1
7 6
8 0
8 12
9 5
9 41
10 21
10 28
11 27
11 31
12 3
12 37
13 16
13 26
14 11
14 43
15 16
15 40
16 30
16 32
17 10
17 41
18 11
18 39
19 13
19 24
20 2
20 44
21 19
21 35
22 0
22 3
23 42
23 45
24 10
24 26
25 1
25 43
26 21
26 32
27 6
27 34
28 4
28 35
29 13
29 15
30 5
30 29
31 2
31 34
32 19
32 29
33 8
33 42
34 14
34 18
35 17
35 24
36 4
36 40
37 33
37 45
38 39
38 44
39 7
39 27
40 9
40 30
41 28
41 36
42 12
42 22
43 20
43 31
44 7
44 25
45 8
45 22

# solution 909
# n=46 sym=rot4 status=verified source=flammenkamp_cache/n46_rot4.mvr
# code=mvr:0 18 0 24 1 15 1 29 2 17 2 32 3 14 3 25 
0 18
0 24
1 15
1 29
2 17
2 32
3 14
3 25
4 34
4 36
5 14
5 15
6 23
6 37
7 34
7 36
8 6
8 18
9 4
9 7
10 16
10 28
11 4
11 7
12 21
12 25
13 2
13 26
14 40
14 42
15 40
15 44
16 1
16 35
17 10
17 43
18 37
18 45
19 13
19 23
20 3
20 12
21 0
21 33
22 6
22 19
23 26
23 39
24 12
24 45
25 33
25 42
26 22
26 32
27 0
27 8
28 2
28 35
29 10
29 44
30 1
30 5
31 3
31 5
32 19
32 43
33 20
33 24
34 38
34 41
35 17
35 29
36 38
36 41
37 27
37 39
38 9
38 11
39 8
39 22
40 30
40 31
41 9
41 11
42 20
42 31
43 13
43 28
44 16
44 30
45 21
45 27

# solution 910
# n=46 sym=rot4 status=verified source=flammenkamp_cache/n46_rot4.mvr
# code=mvr:0 27 0 28 1 16 1 21 2 8 2 32 3 26 3 40 4
0 27
0 28
1 16
1 21
2 8
2 32
3 26
3 40
4 14
4 16
5 3
5 9
6 27
6 38
7 6
7 33
8 22
8 43
9 35
9 40
10 9
10 15
11 20
11 24
12 7
12 15
13 2
13 26
14 23
14 41
15 33
15 35
16 41
16 44
17 0
17 20
18 0
18 6
19 3
19 13
20 28
20 34
21 11
21 44
22 14
22 37
23 8
23 31
24 1
24 34
25 11
25 17
26 32
26 42
27 39
27 45
28 25
28 45
29 1
29 4
30 10
30 12
31 4
31 22
32 19
32 43
33 30
33 38
34 21
34 25
35 30
35 36
36 5
36 10
37 2
37 23
38 12
38 39
39 7
39 18
40 36
40 42
41 29
41 31
42 5
42 19
43 13
43 37
44 24
44 29
45 17
45 18

# solution 911
# n=46 sym=rot4 status=verified source=flammenkamp_cache/n46_rot4.mvr
# code=mvr:0 21 0 26 1 22 1 29 2 16 2 25 3 6 3 18 4
0 21
0 26
1 22
1 29
2 16
2 25
3 6
3 18
4 32
4 37
5 32
5 36
6 7
6 42
7 12
7 39
8 4
8 31
9 5
9 25
10 17
10 26
11 21
11 23
12 31
12 38
13 4
13 5
14 8
14 12
15 27
15 28
16 1
16 43
17 15
17 35
18 15
18 42
19 0
19 10
20 2
20 9
21 34
21 45
22 11
22 44
23 1
23 34
24 0
24 11
25 36
25 43
26 35
26 45
27 3
27 30
28 10
28 30
29 2
29 44
30 17
30 18
31 33
31 37
32 40
32 41
33 7
33 14
34 22
34 24
35 19
35 28
36 20
36 40
37 14
37 41
38 6
38 33
39 3
39 38
40 9
40 13
41 8
41 13
42 27
42 39
43 20
43 29
44 16
44 23
45 19
45 24

# solution 912
# n=46 sym=rot4 status=verified source=flammenkamp_cache/n46_rot4.mvr
# code=mvr:0 9 0 29 1 4 1 23 2 25 2 31 3 30 3 36 4 
0 9
0 29
1 4
1 23
2 25
2 31
3 30
3 36
4 24
4 44
5 16
5 30
6 26
6 37
7 13
7 20
8 6
8 11
9 3
9 45
10 11
10 33
11 35
11 37
12 10
12 26
13 18
13 38
14 2
14 23
15 3
15 5
16 0
16 40
17 18
17 24
18 28
18 32
19 6
19 12
20 2
20 38
21 4
21 17
22 1
22 14
23 31
23 44
24 28
24 41
25 7
25 43
26 33
26 39
27 13
27 17
28 21
28 27
29 5
29 45
30 40
30 42
31 22
31 43
32 7
32 27
33 19
33 35
34 8
34 10
35 12
35 34
36 0
36 42
37 34
37 39
38 25
38 32
39 8
39 19
40 15
40 29
41 1
41 21
42 9
42 15
43 14
43 20
44 22
44 41
45 16
45 36

# solution 913
# n=46 sym=rot4 status=verified source=flammenkamp_cache/n46_rot4.mvr
# code=mvr:0 14 0 34 1 25 1 36 2 18 2 30 3 27 3 30 
0 14
0 34
1 25
1 36
2 18
2 30
3 27
3 30
4 7
4 13
5 19
5 22
6 7
6 9
7 39
7 41
8 31
8 35
9 1
9 39
10 8
10 25
11 0
11 16
12 13
12 23
13 33
13 41
14 8
14 45
15 2
15 3
16 21
16 34
17 24
17 26
18 3
18 43
19 17
19 40
20 1
20 10
21 17
21 29
22 12
22 40
23 5
23 33
24 16
24 28
25 35
25 44
26 5
26 28
27 2
27 42
28 19
28 21
29 11
29 24
30 42
30 43
31 0
31 37
32 4
32 12
33 22
33 32
34 29
34 45
35 20
35 37
36 6
36 44
37 10
37 14
38 4
38 6
39 36
39 38
40 23
40 26
41 32
41 38
42 15
42 18
43 15
43 27
44 9
44 20
45 11
45 31

# solution 914
# n=46 sym=rot4 status=verified source=flammenkamp_cache/n46_rot4.mvr
# code=mvr:0 10 0 18 1 23 1 29 2 15 2 32 3 17 3 26 
0 10
0 18
1 23
1 29
2 15
2 32
3 17
3 26
4 23
4 30
5 7
5 39
6 5
6 12
7 26
7 40
8 17
8 20
9 10
9 32
10 36
10 45
11 20
11 31
12 29
12 39
13 2
13 9
14 11
14 21
15 4
15 43
16 1
16 12
17 37
17 42
18 24
18 45
19 3
19 7
20 34
20 37
21 18
21 31
22 1
22 4
23 41
23 44
24 14
24 27
25 8
25 11
26 38
26 42
27 0
27 21
28 3
28 8
29 33
29 44
30 2
30 41
31 24
31 34
32 36
32 43
33 6
33 16
34 14
34 25
35 0
35 9
36 13
36 35
37 25
37 28
38 5
38 19
39 33
39 40
40 6
40 38
41 15
41 22
42 19
42 28
43 13
43 30
44 16
44 22
45 27
45 35

# solution 915
# n=46 sym=rot4 status=verified source=flammenkamp_cache/n46_rot4.mvr
# code=mvr:0 14 0 42 1 21 1 22 2 18 2 33 3 0 3 33 4
0 14
0 42
1 21
1 22
2 18
2 33
3 0
3 33
4 8
4 28
5 11
5 38
6 10
6 20
7 5
7 30
8 19
8 41
9 14
9 24
10 15
10 39
11 26
11 40
12 2
12 3
13 20
13 29
14 36
14 45
15 7
15 35
16 13
16 23
17 4
17 18
18 28
18 43
19 11
19 37
20 32
20 39
21 9
21 44
22 16
22 44
23 1
23 29
24 1
24 36
25 6
25 13
26 8
26 34
27 2
27 17
28 27
28 41
29 22
29 32
30 10
30 38
31 0
31 9
32 16
32 25
33 42
33 43
34 5
34 19
35 6
35 30
36 21
36 31
37 4
37 26
38 15
38 40
39 25
39 35
40 7
40 34
41 17
41 37
42 12
42 45
43 12
43 27
44 23
44 24
45 3
45 31

# solution 916
# n=46 sym=rot4 status=verified source=flammenkamp_cache/n46_rot4.mvr
# code=mvr:0 13 0 35 1 16 1 23 2 21 2 26 3 30 3 31 
0 13
0 35
1 16
1 23
2 21
2 26
3 30
3 31
4 23
4 38
5 5
5 40
6 12
6 16
7 4
7 31
8 25
8 28
9 10
9 11
10 0
10 36
11 20
11 36
12 17
12 39
13 18
13 45
14 3
14 7
15 3
15 26
16 39
16 44
17 8
17 33
18 21
18 32
19 2
19 15
20 8
20 34
21 27
21 43
22 1
22 4
23 41
23 44
24 2
24 18
25 11
25 37
26 30
26 43
27 13
27 24
28 12
28 37
29 1
29 6
30 19
30 42
31 38
31 42
32 0
32 27
33 6
33 28
34 9
34 25
35 9
35 45
36 34
36 35
37 17
37 20
38 14
38 41
39 29
39 33
40 5
40 40
41 7
41 22
42 14
42 15
43 19
43 24
44 22
44 29
45 10
45 32

# solution 917
# n=46 sym=rot4 status=verified source=flammenkamp_cache/n46_rot4.mvr
# code=mvr:0 10 0 19 1 23 1 39 2 29 2 33 3 12 3 26 
0 10
0 19
1 23
1 39
2 29
2 33
3 12
3 26
4 20
4 28
5 11
5 23
6 1
6 15
7 35
7 37
8 7
8 9
9 21
9 37
10 7
10 45
11 15
11 40
12 2
12 42
13 24
13 25
14 18
14 28
15 34
15 39
16 2
16 27
17 4
17 14
18 16
18 31
19 3
19 45
20 13
20 41
21 13
21 36
22 1
22 5
23 40
23 44
24 9
24 32
25 4
25 32
26 0
26 42
27 14
27 29
28 31
28 41
29 18
29 43
30 6
30 11
31 17
31 27
32 20
32 21
33 3
33 43
34 5
34 30
35 0
35 38
36 8
36 24
37 36
37 38
38 8
38 10
39 30
39 44
40 22
40 34
41 17
41 25
42 19
42 33
43 12
43 16
44 6
44 22
45 26
45 35

# solution 918
# n=46 sym=rot4 status=verified source=flammenkamp_cache/n46_rot4.mvr
# code=mvr:0 16 0 22 1 18 1 40 2 2 2 43 3 23 3 33 4
0 16
0 22
1 18
1 40
2 2
2 43
3 23
3 33
4 13
4 36
5 1
5 15
6 9
6 12
7 28
7 35
8 15
8 24
9 4
9 39
10 7
10 17
11 26
11 32
12 3
12 39
13 11
13 41
14 20
14 26
15 37
15 40
16 18
16 45
17 7
17 35
18 29
18 44
19 11
19 14
20 24
20 31
21 8
21 20
22 3
22 45
23 0
23 42
24 25
24 37
25 14
25 21
26 31
26 34
27 1
27 16
28 10
28 38
29 0
29 27
30 5
30 8
31 19
31 25
32 4
32 34
33 6
33 42
34 13
34 19
35 28
35 38
36 6
36 41
37 21
37 30
38 10
38 17
39 33
39 36
40 30
40 44
41 9
41 32
42 12
42 22
43 2
43 43
44 5
44 27
45 23
45 29

# solution 919
# n=46 sym=rot4 status=verified source=flammenkamp_cache/n46_rot4.mvr
# code=mvr:0 10 0 23 1 8 1 42 2 7 2 19 3 1 3 12 4 3
0 10
0 23
1 8
1 42
2 7
2 19
3 1
3 12
4 31
4 35
5 18
5 28
6 23
6 24
7 36
7 43
8 9
8 44
9 7
9 37
10 4
10 45
11 20
11 30
12 27
12 42
13 16
13 31
14 4
14 13
15 11
15 26
16 21
16 32
17 5
17 20
18 12
18 40
19 15
19 43
20 28
20 34
21 6
21 29
22 0
22 6
23 39
23 45
24 16
24 39
25 11
25 17
26 2
26 30
27 5
27 33
28 25
28 40
29 13
29 24
30 19
30 34
31 32
31 41
32 14
32 29
33 3
33 18
34 15
34 25
35 0
35 41
36 8
36 38
37 1
37 36
38 2
38 9
39 21
39 22
40 17
40 27
41 10
41 14
42 33
42 44
43 26
43 38
44 3
44 37
45 22
45 35

# solution 920
# n=46 sym=rot4 status=verified source=flammenkamp_cache/n46_rot4.mvr
# code=mvr:0 23 0 29 1 13 1 17 2 26 2 31 3 9 3 21 4
0 23
0 29
1 13
1 17
2 26
2 31
3 9
3 21
4 15
4 18
5 8
5 35
6 31
6 34
7 20
7 28
8 36
8 40
9 8
9 42
10 5
10 13
11 6
11 24
12 26
12 27
13 35
13 44
14 2
14 6
15 23
15 41
16 0
16 20
17 7
17 44
18 12
18 41
19 2
19 12
20 29
20 38
21 11
21 42
22 0
22 15
23 30
23 45
24 3
24 34
25 7
25 16
26 33
26 43
27 4
27 33
28 1
28 38
29 25
29 45
30 4
30 22
31 39
31 43
32 1
32 10
33 18
33 19
34 21
34 39
35 32
35 40
36 3
36 37
37 5
37 9
38 17
38 25
39 11
39 14
40 10
40 37
41 27
41 30
42 24
42 36
43 14
43 19
44 28
44 32
45 16
45 22

# solution 921
# n=46 sym=rot4 status=verified source=flammenkamp_cache/n46_rot4.mvr
# code=mvr:0 20 0 32 1 20 1 29 2 17 2 36 3 24 3 26 
0 20
0 32
1 20
1 29
2 17
2 36
3 24
3 26
4 7
4 27
5 31
5 33
6 9
6 15
7 8
7 41
8 35
8 38
9 2
9 39
10 8
10 22
11 12
11 15
12 5
12 34
13 0
13 24
14 5
14 26
15 34
15 39
16 1
16 27
17 23
17 43
18 4
18 16
19 3
19 14
20 44
20 45
21 3
21 13
22 17
22 35
23 10
23 28
24 32
24 42
25 0
25 1
26 31
26 42
27 29
27 41
28 2
28 22
29 18
29 44
30 6
30 11
31 19
31 40
32 21
32 45
33 11
33 40
34 30
34 33
35 23
35 37
36 6
36 43
37 7
37 10
38 4
38 37
39 30
39 36
40 12
40 14
41 18
41 38
42 19
42 21
43 9
43 28
44 16
44 25
45 13
45 25

# solution 922
# n=46 sym=rot4 status=verified source=flammenkamp_cache/n46_rot4.mvr
# code=mvr:0 19 0 33 1 8 1 22 2 17 2 27 3 6 3 40 4 
0 19
0 33
1 8
1 22
2 17
2 27
3 6
3 40
4 32
4 36
5 3
5 15
6 20
6 42
7 27
7 29
8 21
8 44
9 4
9 19
10 31
10 34
11 10
11 31
12 0
12 20
13 4
13 24
14 10
14 11
15 29
15 40
16 7
16 15
17 23
17 43
18 2
18 7
19 36
19 45
20 33
20 39
21 13
21 37
22 17
22 44
23 1
23 28
24 8
24 32
25 6
25 12
26 0
26 9
27 38
27 43
28 2
28 22
29 30
29 38
30 5
30 16
31 34
31 35
32 21
32 41
33 25
33 45
34 14
34 35
35 11
35 14
36 26
36 41
37 1
37 24
38 16
38 18
39 3
39 25
40 30
40 42
41 9
41 13
42 5
42 39
43 18
43 28
44 23
44 37
45 12
45 26

# solution 923
# n=46 sym=rot4 status=verified source=flammenkamp_cache/n46_rot4.mvr
# code=mvr:0 20 0 32 1 15 1 17 2 33 2 36 3 24 3 35 
0 20
0 32
1 15
1 17
2 33
2 36
3 24
3 35
4 7
4 19
5 11
5 13
6 6
6 39
7 27
7 41
8 11
8 20
9 2
9 30
10 3
10 24
11 37
11 40
12 2
12 29
13 0
13 40
14 23
14 29
15 9
15 44
16 12
16 14
17 26
17 44
18 7
18 23
19 17
19 41
20 37
20 45
21 3
21 10
22 14
22 18
23 27
23 31
24 35
24 42
25 0
25 8
26 4
26 28
27 22
27 38
28 1
28 19
29 31
29 33
30 1
30 36
31 16
31 22
32 5
32 45
33 16
33 43
34 5
34 8
35 21
35 42
36 15
36 43
37 25
37 34
38 4
38 18
39 6
39 39
40 32
40 34
41 26
41 38
42 10
42 21
43 9
43 12
44 28
44 30
45 13
45 25

# solution 924
# n=46 sym=rot4 status=verified source=flammenkamp_cache/n46_rot4.mvr
# code=mvr:0 28 0 30 1 15 1 18 2 36 2 42 3 2 3 23 4
0 28
0 30
1 15
1 18
2 36
2 42
3 2
3 23
4 20
4 23
5 14
5 33
6 9
6 37
7 18
7 32
8 6
8 19
9 2
9 39
10 11
10 14
11 21
11 35
12 5
12 25
13 7
13 28
14 35
14 40
15 0
15 44
16 19
16 21
17 0
17 13
18 38
18 44
19 29
19 37
20 12
20 41
21 29
21 34
22 3
22 4
23 41
23 42
24 11
24 16
25 4
25 33
26 8
26 16
27 1
27 7
28 32
28 45
29 24
29 26
30 1
30 45
31 5
31 10
32 17
32 38
33 20
33 40
34 10
34 24
35 31
35 34
36 6
36 43
37 26
37 39
38 13
38 27
39 8
39 36
40 12
40 31
41 22
41 25
42 22
42 43
43 3
43 9
44 27
44 30
45 15
45 17

# solution 925
# n=46 sym=rot4 status=verified source=flammenkamp_cache/n46_rot4.mvr
# code=mvr:0 16 0 17 1 24 1 26 2 10 2 12 3 27 3 28 
0 16
0 17
1 24
1 26
2 10
2 12
3 27
3 28
4 13
4 23
5 8
5 38
6 10
6 18
7 5
7 24
8 16
8 40
9 31
9 32
10 39
10 43
11 23
11 33
12 11
12 43
13 9
13 41
14 9
14 25
15 15
15 30
16 37
16 45
17 3
17 45
18 3
18 39
19 1
19 25
20 14
20 19
21 1
21 7
22 4
22 11
23 34
23 41
24 38
24 44
25 26
25 31
26 20
26 44
27 6
27 42
28 0
28 42
29 0
29 8
30 15
30 30
31 20
31 36
32 4
32 36
33 2
33 34
34 12
34 22
35 2
35 6
36 13
36 14
37 5
37 29
38 21
38 40
39 27
39 35
40 7
40 37
41 22
41 32
42 17
42 18
43 33
43 35
44 19
44 21
45 28
45 29

# solution 926
# n=46 sym=rot4 status=verified source=flammenkamp_cache/n46_rot4.mvr
# code=mvr:0 2 0 36 1 14 1 28 2 23 2 45 3 8 3 9 4 1
0 2
0 36
1 14
1 28
2 23
2 45
3 8
3 9
4 18
4 28
5 32
5 38
6 21
6 23
7 5
7 33
8 11
8 42
9 0
9 42
10 18
10 25
11 30
11 37
12 7
12 13
13 5
13 33
14 24
14 44
15 11
15 16
16 25
16 30
17 1
17 4
18 35
18 41
19 19
19 26
20 10
20 16
21 14
21 39
22 2
22 6
23 39
23 43
24 6
24 31
25 29
25 35
26 19
26 26
27 4
27 10
28 41
28 44
29 15
29 20
30 29
30 34
31 1
31 21
32 12
32 40
33 32
33 38
34 8
34 15
35 20
35 27
36 3
36 45
37 3
37 34
38 12
38 40
39 22
39 24
40 7
40 13
41 17
41 27
42 36
42 37
43 0
43 22
44 17
44 31
45 9
45 43

# solution 927
# n=46 sym=rot4 status=verified source=flammenkamp_cache/n46_rot4.mvr
# code=mvr:0 18 0 32 1 12 1 19 2 14 2 23 3 13 3 23 
0 18
0 32
1 12
1 19
2 14
2 23
3 13
3 23
4 27
4 35
5 10
5 38
6 25
6 36
7 5
7 16
8 29
8 34
9 6
9 25
10 4
10 40
11 8
11 33
12 11
12 44
13 0
13 42
14 21
14 43
15 15
15 30
16 8
16 38
17 19
17 24
18 4
18 45
19 28
19 44
20 6
20 9
21 17
21 31
22 2
22 3
23 42
23 43
24 14
24 28
25 36
25 39
26 1
26 17
27 0
27 41
28 21
28 26
29 7
29 37
30 15
30 30
31 2
31 24
32 3
32 45
33 1
33 34
34 12
34 37
35 5
35 41
36 20
36 39
37 11
37 16
38 29
38 40
39 9
39 20
40 7
40 35
41 10
41 18
42 22
42 32
43 22
43 31
44 26
44 33
45 13
45 27

# solution 928
# n=46 sym=rot4 status=verified source=flammenkamp_cache/n46_rot4.mvr
# code=mvr:0 13 0 20 1 28 1 34 2 13 2 17 3 14 3 21 
0 13
0 20
1 28
1 34
2 13
2 17
3 14
3 21
4 9
4 10
5 30
5 34
6 18
6 26
7 8
7 36
8 22
8 38
9 7
9 41
10 27
10 41
11 1
11 5
12 15
12 31
13 43
13 45
14 12
14 42
15 5
15 33
16 21
16 25
17 1
17 43
18 10
18 39
19 6
19 23
20 16
20 45
21 29
21 42
22 19
22 37
23 8
23 26
24 3
24 16
25 0
25 29
26 22
26 39
27 6
27 35
28 2
28 44
29 20
29 24
30 12
30 40
31 3
31 33
32 0
32 2
33 14
33 30
34 40
34 44
35 4
35 18
36 4
36 38
37 7
37 23
38 9
38 37
39 19
39 27
40 11
40 15
41 35
41 36
42 24
42 31
43 28
43 32
44 11
44 17
45 25
45 32

# solution 929
# n=46 sym=rot4 status=verified source=flammenkamp_cache/n46_rot4.mvr
# code=mvr:0 19 0 24 1 14 1 25 2 25 2 27 3 33 3 34 
0 19
0 24
1 14
1 25
2 25
2 27
3 33
3 34
4 14
4 16
5 37
5 38
6 13
6 22
7 5
7 17
8 5
8 35
9 16
9 23
10 8
10 30
11 3
11 28
12 3
12 27
13 21
13 39
14 41
14 44
15 10
15 26
16 36
16 41
17 11
17 38
18 2
18 12
19 15
19 45
20 1
20 2
21 0
21 32
22 9
22 39
23 6
23 36
24 13
24 45
25 43
25 44
26 0
26 30
27 33
27 43
28 7
28 34
29 4
29 9
30 19
30 35
31 1
31 4
32 6
32 24
33 18
33 42
34 17
34 42
35 15
35 37
36 22
36 29
37 10
37 40
38 28
38 40
39 23
39 32
40 7
40 8
41 29
41 31
42 11
42 12
43 18
43 20
44 20
44 31
45 21
45 26

# solution 930
# n=46 sym=rot4 status=verified source=flammenkamp_cache/n46_rot4.mvr
# code=mvr:0 14 0 17 1 27 1 30 2 6 2 23 3 9 3 35 4 
0 14
0 17
1 27
1 30
2 6
2 23
3 9
3 35
4 16
4 20
5 6
5 24
6 40
6 43
7 9
7 27
8 12
8 32
9 38
9 42
10 3
10 25
11 24
11 29
12 30
12 37
13 8
13 19
14 23
14 45
15 1
15 12
16 11
16 41
17 26
17 45
18 1
18 7
19 17
19 32
20 10
20 41
21 5
21 11
22 2
22 14
23 31
23 43
24 34
24 40
25 4
25 35
26 13
26 28
27 38
27 44
28 0
28 19
29 4
29 34
30 33
30 44
31 0
31 22
32 26
32 37
33 8
33 15
34 16
34 21
35 20
35 42
36 3
36 7
37 13
37 33
38 18
38 36
39 2
39 5
40 21
40 39
41 25
41 29
42 10
42 36
43 22
43 39
44 15
44 18
45 28
45 31

# solution 931
# n=46 sym=rot4 status=verified source=flammenkamp_cache/n46_rot4.mvr
# code=mvr:0 17 0 26 1 22 1 24 2 30 2 38 3 12 3 27 
0 17
0 26
1 22
1 24
2 30
2 38
3 12
3 27
4 26
4 35
5 35
5 39
6 5
6 16
7 2
7 18
8 11
8 25
9 12
9 17
10 4
10 5
11 13
11 37
12 36
12 42
13 25
13 34
14 23
14 24
15 2
15 16
16 30
16 39
17 36
17 45
18 3
18 38
19 0
19 4
20 8
20 13
21 1
21 14
22 14
22 44
23 1
23 31
24 31
24 44
25 32
25 37
26 41
26 45
27 7
27 42
28 0
28 9
29 6
29 15
30 29
30 43
31 21
31 22
32 11
32 20
33 3
33 9
34 8
34 32
35 40
35 41
36 28
36 33
37 20
37 34
38 27
38 43
39 29
39 40
40 6
40 10
41 10
41 19
42 18
42 33
43 7
43 15
44 21
44 23
45 19
45 28

# solution 932
# n=46 sym=rot4 status=verified source=flammenkamp_cache/n46_rot4.mvr
# code=mvr:0 2 0 23 1 10 1 16 2 31 2 45 3 23 3 34 4
0 2
0 23
1 10
1 16
2 31
2 45
3 23
3 34
4 7
4 13
5 27
5 28
6 12
6 26
7 36
7 41
8 13
8 18
9 7
9 12
10 17
10 44
11 3
11 29
12 36
12 39
13 37
13 41
14 2
14 24
15 15
15 30
16 11
16 44
17 5
17 35
18 5
18 37
19 6
19 20
20 24
20 26
21 14
21 20
22 0
22 3
23 42
23 45
24 25
24 31
25 19
25 21
26 25
26 39
27 8
27 40
28 10
28 40
29 1
29 34
30 15
30 30
31 21
31 43
32 4
32 8
33 6
33 9
34 16
34 42
35 1
35 28
36 33
36 38
37 27
37 32
38 4
38 9
39 19
39 33
40 17
40 18
41 32
41 38
42 11
42 22
43 0
43 14
44 29
44 35
45 22
45 43

# solution 933
# n=46 sym=rot4 status=verified source=flammenkamp_cache/n46_rot4.mvr
# code=mvr:0 23 0 33 1 17 1 30 2 4 2 25 3 14 3 32 4
0 23
0 33
1 17
1 30
2 4
2 25
3 14
3 32
4 9
4 43
5 30
5 37
6 21
6 33
7 18
7 24
8 5
8 32
9 16
9 41
10 23
10 26
11 17
11 19
12 0
12 6
13 3
13 8
14 27
14 42
15 1
15 5
16 25
16 36
17 34
17 44
18 14
18 38
19 10
19 34
20 2
20 16
21 7
21 39
22 0
22 10
23 35
23 45
24 6
24 38
25 29
25 43
26 11
26 35
27 7
27 31
28 1
28 11
29 9
29 20
30 40
30 44
31 3
31 18
32 37
32 42
33 39
33 45
34 26
34 28
35 19
35 22
36 4
36 29
37 13
37 40
38 21
38 27
39 12
39 24
40 8
40 15
41 2
41 36
42 13
42 31
43 20
43 41
44 15
44 28
45 12
45 22

# solution 934
# n=46 sym=rot4 status=verified source=flammenkamp_cache/n46_rot4.mvr
# code=mvr:0 9 0 16 1 35 1 40 2 25 2 28 3 24 3 32 4
0 9
0 16
1 35
1 40
2 25
2 28
3 24
3 32
4 11
4 17
5 1
5 15
6 22
6 36
7 27
7 35
8 15
8 31
9 6
9 45
10 1
10 7
11 23
11 41
12 14
12 16
13 3
13 18
14 8
14 33
15 37
15 40
16 33
16 45
17 2
17 41
18 7
18 32
19 20
19 24
20 2
20 26
21 3
21 19
22 11
22 39
23 6
23 34
24 26
24 42
25 19
25 43
26 21
26 25
27 13
27 38
28 4
28 43
29 0
29 12
30 5
30 8
31 12
31 37
32 27
32 42
33 29
33 31
34 4
34 22
35 38
35 44
36 0
36 39
37 14
37 30
38 10
38 18
39 9
39 23
40 30
40 44
41 28
41 34
42 13
42 21
43 17
43 20
44 5
44 10
45 29
45 36

# solution 935
# n=46 sym=rot4 status=verified source=flammenkamp_cache/n46_rot4.mvr
# code=mvr:0 26 0 35 1 20 1 23 2 9 2 16 3 21 3 27 4
0 26
0 35
1 20
1 23
2 9
2 16
3 21
3 27
4 16
4 39
5 23
5 37
6 4
6 34
7 13
7 15
8 5
8 14
9 21
9 43
10 0
10 26
11 6
11 33
12 11
12 25
13 15
13 38
14 28
14 37
15 32
15 38
16 41
16 43
17 14
17 18
18 3
18 28
19 0
19 10
20 12
20 44
21 36
21 42
22 1
22 5
23 40
23 44
24 3
24 9
25 1
25 33
26 35
26 45
27 17
27 42
28 27
28 31
29 2
29 4
30 7
30 13
31 8
31 17
32 7
32 30
33 20
33 34
34 12
34 39
35 19
35 45
36 2
36 24
37 31
37 40
38 30
38 32
39 11
39 41
40 8
40 22
41 6
41 29
42 18
42 24
43 29
43 36
44 22
44 25
45 10
45 19

# solution 936
# n=46 sym=rot4 status=verified source=flammenkamp_cache/n46_rot4.mvr
# code=mvr:0 25 0 32 1 11 1 23 2 30 2 38 3 18 3 35 
0 25
0 32
1 11
1 23
2 30
2 38
3 18
3 35
4 15
4 16
5 7
5 11
6 25
6 35
7 2
7 40
8 17
8 23
9 12
9 18
10 3
10 6
11 40
11 44
12 14
12 36
13 0
13 24
14 19
14 33
15 2
15 41
16 26
16 41
17 24
17 37
18 36
18 42
19 16
19 31
20 0
20 6
21 13
21 17
22 1
22 8
23 37
23 44
24 28
24 32
25 39
25 45
26 14
26 29
27 3
27 9
28 8
28 21
29 4
29 19
30 4
30 43
31 12
31 26
32 21
32 45
33 9
33 31
34 1
34 5
35 39
35 42
36 27
36 33
37 22
37 28
38 5
38 43
39 10
39 20
40 34
40 38
41 29
41 30
42 10
42 27
43 7
43 15
44 22
44 34
45 13
45 20

# solution 937
# n=46 sym=rot4 status=verified source=flammenkamp_cache/n46_rot4.mvr
# code=mvr:0 23 0 26 1 4 1 32 2 16 2 20 3 31 3 33 4
0 23
0 26
1 4
1 32
2 16
2 20
3 31
3 33
4 36
4 44
5 16
5 23
6 9
6 37
7 17
7 21
8 6
8 24
9 4
9 39
10 26
10 34
11 10
11 12
12 3
12 34
13 1
13 28
14 3
14 27
15 15
15 30
16 40
16 43
17 13
17 38
18 14
18 25
19 0
19 10
20 18
20 43
21 8
21 38
22 0
22 5
23 40
23 45
24 7
24 37
25 2
25 27
26 35
26 45
27 20
27 31
28 7
28 32
29 2
29 5
30 15
30 30
31 18
31 42
32 17
32 44
33 11
33 42
34 33
34 35
35 11
35 19
36 6
36 41
37 21
37 39
38 24
38 28
39 8
39 36
40 22
40 29
41 1
41 9
42 12
42 14
43 25
43 29
44 13
44 41
45 19
45 22

# solution 938
# n=46 sym=rot4 status=verified source=flammenkamp_cache/n46_rot4.mvr
# code=mvr:0 17 0 22 1 17 1 35 2 26 2 30 3 3 3 42 4
0 17
0 22
1 17
1 35
2 26
2 30
3 3
3 42
4 12
4 37
5 29
5 30
6 9
6 18
7 9
7 33
8 4
8 23
9 38
9 39
10 1
10 13
11 25
11 29
12 7
12 41
13 24
13 35
14 18
14 21
15 2
15 5
16 5
16 11
17 44
17 45
18 31
18 39
19 2
19 20
20 11
20 26
21 13
21 31
22 8
22 45
23 0
23 37
24 14
24 32
25 19
25 34
26 25
26 43
27 6
27 14
28 0
28 1
29 34
29 40
30 40
30 43
31 24
31 27
32 10
32 21
33 4
33 38
34 16
34 20
35 32
35 44
36 6
36 7
37 22
37 41
38 12
38 36
39 27
39 36
40 15
40 16
41 8
41 33
42 3
42 42
43 15
43 19
44 10
44 28
45 23
45 28

# solution 939
# n=46 sym=rot4 status=verified source=flammenkamp_cache/n46_rot4.mvr
# code=mvr:0 18 0 21 1 20 1 23 2 9 2 13 3 14 3 34 4
0 18
0 21
1 20
1 23
2 9
2 13
3 14
3 34
4 35
4 40
5 4
5 30
6 19
6 34
7 13
7 16
8 23
8 27
9 35
9 43
10 4
10 9
11 3
11 6
12 15
12 25
13 38
13 43
14 16
14 42
15 5
15 33
16 31
16 38
17 19
17 24
18 8
18 45
19 28
19 39
20 12
20 44
21 17
21 45
22 1
22 8
23 37
23 44
24 0
24 28
25 1
25 33
26 6
26 17
27 0
27 37
28 21
28 26
29 7
29 14
30 12
30 40
31 3
31 29
32 2
32 7
33 20
33 30
34 39
34 42
35 36
35 41
36 2
36 10
37 18
37 22
38 29
38 32
39 11
39 26
40 15
40 41
41 5
41 10
42 11
42 31
43 32
43 36
44 22
44 25
45 24
45 27

# solution 940
# n=46 sym=rot4 status=verified source=flammenkamp_cache/n46_rot4.mvr
# code=mvr:0 32 0 43 1 11 1 30 2 0 2 21 3 17 3 27 4
0 32
0 43
1 11
1 30
2 0
2 21
3 17
3 27
4 14
4 25
5 10
5 37
6 18
6 33
7 7
7 38
8 5
8 26
9 16
9 31
10 29
10 40
11 22
11 44
12 6
12 13
13 0
13 33
14 9
14 41
15 1
15 17
16 10
16 36
17 30
17 42
18 3
18 39
19 8
19 23
20 4
20 24
21 20
21 43
22 19
22 34
23 11
23 26
24 2
24 25
25 21
25 41
26 22
26 37
27 6
27 42
28 3
28 15
29 9
29 35
30 28
30 44
31 4
31 36
32 12
32 45
33 32
33 39
34 1
34 23
35 5
35 16
36 14
36 29
37 19
37 40
38 7
38 38
39 12
39 27
40 8
40 35
41 20
41 31
42 18
42 28
43 24
43 45
44 15
44 34
45 2
45 13

# solution 941
# n=46 sym=rot4 status=verified source=flammenkamp_cache/n46_rot4.mvr
# code=mvr:0 14 0 21 1 26 1 41 2 16 2 21 3 12 3 30 
0 14
0 21
1 26
1 41
2 16
2 21
3 12
3 30
4 1
4 6
5 25
5 31
6 23
6 41
7 28
7 30
8 11
8 12
9 13
9 20
10 11
10 18
11 35
11 37
12 37
12 42
13 26
13 36
14 5
14 45
15 3
15 7
16 23
16 43
17 7
17 18
18 28
18 35
19 1
19 13
20 5
20 36
21 43
21 45
22 6
22 16
23 29
23 39
24 0
24 2
25 9
25 40
26 32
26 44
27 10
27 17
28 27
28 38
29 2
29 22
30 38
30 42
31 0
31 40
32 9
32 19
33 3
33 8
34 8
34 10
35 27
35 34
36 25
36 32
37 33
37 34
38 15
38 17
39 4
39 22
40 14
40 20
41 39
41 44
42 15
42 33
43 24
43 29
44 4
44 19
45 24
45 31

# solution 942
# n=46 sym=rot4 status=verified source=flammenkamp_cache/n46_rot4.mvr
# code=mvr:0 24 0 33 1 11 1 16 2 23 2 31 3 12 3 17 
0 24
0 33
1 11
1 16
2 23
2 31
3 12
3 17
4 6
4 28
5 31
5 37
6 23
6 41
7 18
7 36
8 5
8 15
9 7
9 13
10 16
10 18
11 26
11 44
12 0
12 42
13 26
13 36
14 2
14 5
15 25
15 37
16 35
16 44
17 4
17 42
18 35
18 38
19 11
19 13
20 15
20 24
21 0
21 20
22 2
22 6
23 39
23 43
24 25
24 45
25 21
25 30
26 32
26 34
27 7
27 10
28 3
28 41
29 1
29 10
30 8
30 20
31 40
31 43
32 9
32 19
33 3
33 45
34 1
34 19
35 27
35 29
36 32
36 38
37 30
37 40
38 9
38 27
39 4
39 22
40 8
40 14
41 17
41 39
42 28
42 33
43 14
43 22
44 29
44 34
45 12
45 21

# solution 943
# n=46 sym=rot4 status=verified source=flammenkamp_cache/n46_rot4.mvr
# code=mvr:0 23 0 24 1 16 1 27 2 34 2 36 3 11 3 25 
0 23
0 24
1 16
1 27
2 34
2 36
3 11
3 25
4 10
4 12
5 16
5 20
6 7
6 33
7 37
7 39
8 7
8 27
9 2
9 23
10 31
10 41
11 2
11 42
12 6
12 41
13 13
13 32
14 10
14 17
15 19
15 28
16 40
16 44
17 15
17 31
18 1
18 8
19 21
19 30
20 3
20 40
21 0
21 26
22 0
22 9
23 36
23 45
24 19
24 45
25 5
25 42
26 15
26 24
27 37
27 44
28 14
28 30
29 1
29 5
30 17
30 26
31 28
31 35
32 13
32 32
33 4
33 39
34 3
34 43
35 4
35 14
36 22
36 43
37 18
37 38
38 6
38 8
39 12
39 38
40 25
40 29
41 33
41 35
42 20
42 34
43 9
43 11
44 18
44 29
45 21
45 22

# solution 944
# n=46 sym=rot4 status=verified source=flammenkamp_cache/n46_rot4.mvr
# code=mvr:0 11 0 29 1 22 1 34 2 21 2 26 3 36 3 41 
0 11
0 29
1 22
1 34
2 21
2 26
3 36
3 41
4 3
4 15
5 30
5 32
6 19
6 31
7 10
7 12
8 9
8 14
9 3
9 37
10 23
10 38
11 1
11 45
12 28
12 38
13 5
13 20
14 6
14 37
15 5
15 41
16 0
16 20
17 12
17 21
18 18
18 27
19 2
19 39
20 29
20 32
21 28
21 43
22 10
22 44
23 1
23 35
24 2
24 17
25 13
25 16
26 6
26 43
27 18
27 27
28 24
28 33
29 25
29 45
30 4
30 40
31 8
31 39
32 25
32 40
33 7
33 17
34 0
34 44
35 7
35 22
36 8
36 42
37 31
37 36
38 33
38 35
39 14
39 26
40 13
40 15
41 30
41 42
42 4
42 9
43 19
43 24
44 11
44 23
45 16
45 34

# solution 945
# n=46 sym=rot4 status=verified source=flammenkamp_cache/n46_rot4.mvr
# code=mvr:0 8 0 23 1 10 1 28 2 14 2 25 3 27 3 28 4
0 8
0 23
1 10
1 28
2 14
2 25
3 27
3 28
4 21
4 32
5 11
5 24
6 8
6 32
7 11
7 27
8 39
8 45
9 10
9 23
10 36
10 44
11 38
11 40
12 25
12 31
13 4
13 6
14 12
14 43
15 15
15 30
16 19
16 26
17 1
17 3
18 3
18 7
19 16
19 29
20 2
20 12
21 5
21 41
22 0
22 9
23 36
23 45
24 4
24 40
25 33
25 43
26 16
26 29
27 38
27 42
28 42
28 44
29 19
29 26
30 15
30 30
31 2
31 33
32 39
32 41
33 14
33 20
34 5
34 7
35 1
35 9
36 22
36 35
37 0
37 6
38 18
38 34
39 13
39 37
40 21
40 34
41 13
41 24
42 17
42 18
43 20
43 31
44 17
44 35
45 22
45 37

# solution 946
# n=46 sym=rot4 status=verified source=flammenkamp_cache/n46_rot4.mvr
# code=mvr:0 29 0 32 1 21 1 31 2 9 2 23 3 7 3 11 4 
0 29
0 32
1 21
1 31
2 9
2 23
3 7
3 11
4 29
4 30
5 10
5 23
6 8
6 33
7 17
7 42
8 34
8 39
9 19
9 43
10 32
10 40
11 8
11 42
12 6
12 18
13 0
13 10
14 1
14 30
15 4
15 14
16 0
16 4
17 21
17 38
18 26
18 33
19 18
19 36
20 20
20 25
21 28
21 44
22 2
22 5
23 40
23 43
24 1
24 17
25 20
25 25
26 9
26 27
27 12
27 19
28 7
28 24
29 41
29 45
30 31
30 41
31 15
31 44
32 35
32 45
33 27
33 39
34 3
34 37
35 5
35 13
36 2
36 26
37 6
37 11
38 3
38 28
39 12
39 37
40 22
40 35
41 15
41 16
42 34
42 38
43 22
43 36
44 14
44 24
45 13
45 16

# solution 947
# n=46 sym=rot4 status=verified source=flammenkamp_cache/n46_rot4.mvr
# code=mvr:0 16 0 23 1 13 1 29 2 11 2 13 3 31 3 34 
0 16
0 23
1 13
1 29
2 11
2 13
3 31
3 34
4 20
4 24
5 37
5 38
6 12
6 26
7 5
7 9
8 5
8 30
9 30
9 38
10 17
10 25
11 3
11 43
12 21
12 39
13 43
13 44
14 3
14 27
15 8
15 9
16 1
16 45
17 27
17 35
18 14
18 17
19 6
19 23
20 10
20 41
21 4
21 33
22 0
22 19
23 26
23 45
24 12
24 41
25 4
25 35
26 22
26 39
27 28
27 31
28 10
28 18
29 0
29 44
30 36
30 37
31 18
31 42
32 1
32 2
33 6
33 24
34 2
34 42
35 20
35 28
36 7
36 15
37 15
37 40
38 36
38 40
39 19
39 33
40 7
40 8
41 21
41 25
42 11
42 14
43 32
43 34
44 16
44 32
45 22
45 29

# solution 948
# n=46 sym=rot4 status=verified source=flammenkamp_cache/n46_rot4.mvr
# code=mvr:0 31 0 34 1 18 1 38 2 9 2 31 3 18 3 23 4
0 31
0 34
1 18
1 38
2 9
2 31
3 18
3 23
4 20
4 32
5 25
5 26
6 10
6 36
7 1
7 37
8 7
8 15
9 6
9 43
10 12
10 39
11 0
11 29
12 23
12 35
13 4
13 19
14 0
14 2
15 28
15 37
16 11
16 17
17 15
17 29
18 42
18 44
19 5
19 32
20 5
20 41
21 21
21 24
22 3
22 12
23 33
23 42
24 21
24 24
25 4
25 40
26 13
26 40
27 1
27 3
28 16
28 30
29 28
29 34
30 8
30 17
31 43
31 45
32 26
32 41
33 10
33 22
34 16
34 45
35 6
35 33
36 2
36 39
37 30
37 38
38 8
38 44
39 9
39 35
40 19
40 20
41 13
41 25
42 22
42 27
43 14
43 36
44 7
44 27
45 11
45 14

# solution 949
# n=46 sym=rot4 status=verified source=flammenkamp_cache/n46_rot4.mvr
# code=mvr:0 24 0 29 1 12 1 18 2 29 2 34 3 15 3 23 
0 24
0 29
1 12
1 18
2 29
2 34
3 15
3 23
4 33
4 38
5 10
5 17
6 23
6 25
7 4
7 37
8 7
8 15
9 14
9 32
10 31
10 40
11 2
11 21
12 4
12 44
13 9
13 19
14 10
14 36
15 37
15 42
16 0
16 2
17 26
17 40
18 25
18 44
19 17
19 32
20 6
20 18
21 0
21 34
22 3
22 6
23 39
23 42
24 11
24 45
25 27
25 39
26 13
26 28
27 1
27 20
28 5
28 19
29 43
29 45
30 3
30 8
31 9
31 35
32 26
32 36
33 1
33 41
34 24
34 43
35 5
35 14
36 13
36 31
37 30
37 38
38 8
38 41
39 20
39 22
40 28
40 35
41 7
41 12
42 22
42 30
43 11
43 16
44 27
44 33
45 16
45 21

# solution 950
# n=46 sym=rot4 status=verified source=flammenkamp_cache/n46_rot4.mvr
# code=mvr:0 17 0 23 1 18 1 19 2 24 2 38 3 18 3 35 
0 17
0 23
1 18
1 19
2 24
2 38
3 18
3 35
4 5
4 8
5 31
5 41
6 25
6 33
7 2
7 10
8 23
8 41
9 11
9 12
10 3
10 38
11 29
11 36
12 6
12 36
13 19
13 24
14 5
14 15
15 17
15 31
16 11
16 20
17 30
17 45
18 42
18 44
19 32
19 44
20 6
20 29
21 2
21 13
22 0
22 8
23 37
23 45
24 32
24 43
25 16
25 39
26 1
26 13
27 1
27 3
28 0
28 15
29 25
29 34
30 14
30 28
31 30
31 40
32 21
32 26
33 9
33 39
34 9
34 16
35 7
35 42
36 33
36 34
37 4
37 22
38 35
38 43
39 12
39 20
40 4
40 14
41 37
41 40
42 10
42 27
43 7
43 21
44 26
44 27
45 22
45 28

# solution 951
# n=46 sym=rot4 status=verified source=flammenkamp_cache/n46_rot4.mvr
# code=mvr:0 23 0 35 1 16 1 24 2 6 2 31 3 11 3 17 4
0 23
0 35
1 16
1 24
2 6
2 31
3 11
3 17
4 19
4 33
5 29
5 37
6 30
6 43
7 11
7 35
8 5
8 18
9 23
9 27
10 0
10 7
11 38
11 42
12 4
12 28
13 20
13 30
14 2
14 20
15 6
15 13
16 5
16 44
17 12
17 42
18 9
18 37
19 24
19 41
20 31
20 32
21 1
21 19
22 0
22 9
23 36
23 45
24 26
24 44
25 13
25 14
26 4
26 21
27 8
27 36
28 3
28 33
29 1
29 40
30 32
30 39
31 25
31 43
32 15
32 25
33 17
33 41
34 3
34 7
35 38
35 45
36 18
36 22
37 27
37 40
38 10
38 34
39 2
39 15
40 8
40 16
41 12
41 26
42 28
42 34
43 14
43 39
44 21
44 29
45 10
45 22

# solution 952
# n=46 sym=rot4 status=verified source=flammenkamp_cache/n46_rot4.mvr
# code=mvr:0 25 0 41 1 3 1 17 2 13 2 34 3 24 3 44 4
0 25
0 41
1 3
1 17
2 13
2 34
3 24
3 44
4 0
4 24
5 8
5 17
6 13
6 22
7 26
7 35
8 31
8 40
9 18
9 23
10 7
10 11
11 2
11 35
12 20
12 27
13 39
13 43
14 8
14 16
15 26
15 29
16 15
16 31
17 40
17 44
18 12
18 36
19 7
19 15
20 0
20 33
21 3
21 4
22 9
22 39
23 6
23 36
24 41
24 42
25 12
25 45
26 30
26 38
27 9
27 33
28 1
28 5
29 14
29 30
30 16
30 19
31 29
31 37
32 2
32 6
33 18
33 25
34 10
34 43
35 34
35 38
36 22
36 27
37 5
37 14
38 10
38 19
39 23
39 32
40 28
40 37
41 21
41 45
42 1
42 21
43 11
43 32
44 28
44 42
45 4
45 20

# solution 953
# n=46 sym=rot4 status=verified source=flammenkamp_cache/n46_rot4.mvr
# code=mvr:0 25 0 28 1 26 1 30 2 13 2 21 3 10 3 24 
0 25
0 28
1 26
1 30
2 13
2 21
3 10
3 24
4 18
4 38
5 34
5 39
6 5
6 12
7 4
7 27
8 16
8 36
9 8
9 12
10 23
10 42
11 5
11 15
12 36
12 39
13 25
13 43
14 16
14 23
15 1
15 34
16 31
16 37
17 0
17 26
18 7
18 41
19 1
19 17
20 0
20 13
21 3
21 43
22 10
22 14
23 31
23 35
24 2
24 42
25 32
25 45
26 28
26 44
27 4
27 38
28 19
28 45
29 8
29 14
30 11
30 44
31 22
31 29
32 2
32 20
33 6
33 9
34 30
34 40
35 3
35 22
36 33
36 37
37 9
37 29
38 18
38 41
39 33
39 40
40 6
40 11
41 7
41 27
42 21
42 35
43 24
43 32
44 15
44 19
45 17
45 20

# solution 954
# n=46 sym=rot4 status=verified source=flammenkamp_cache/n46_rot4.mvr
# code=mvr:0 15 0 27 1 12 1 24 2 18 2 34 3 23 3 34 
0 15
0 27
1 12
1 24
2 18
2 34
3 23
3 34
4 14
4 29
5 16
5 23
6 6
6 39
7 17
7 35
8 21
8 25
9 13
9 30
10 7
10 13
11 2
11 3
12 14
12 44
13 35
13 36
14 33
14 41
15 9
15 45
16 4
16 40
17 26
17 38
18 0
18 43
19 17
19 20
20 8
20 26
21 1
21 37
22 3
22 5
23 40
23 42
24 8
24 44
25 19
25 37
26 25
26 28
27 2
27 45
28 7
28 19
29 5
29 41
30 0
30 36
31 4
31 12
32 9
32 10
33 1
33 31
34 42
34 43
35 32
35 38
36 15
36 32
37 20
37 24
38 10
38 28
39 6
39 39
40 22
40 29
41 16
41 31
42 11
42 22
43 11
43 27
44 21
44 33
45 18
45 30

# solution 955
# n=46 sym=rot4 status=verified source=flammenkamp_cache/n46_rot4.mvr
# code=mvr:0 20 0 21 1 31 1 36 2 16 2 34 3 10 3 17 
0 20
0 21
1 31
1 36
2 16
2 34
3 10
3 17
4 6
4 20
5 24
5 36
6 12
6 41
7 12
7 30
8 11
8 26
9 1
9 5
10 15
10 42
11 2
11 37
12 38
12 39
13 14
13 23
14 1
14 32
15 7
15 35
16 18
16 43
17 18
17 42
18 28
18 29
19 8
19 23
20 41
20 45
21 5
21 45
22 13
22 19
23 26
23 32
24 0
24 40
25 0
25 4
26 22
26 37
27 16
27 17
28 3
28 27
29 2
29 27
30 10
30 38
31 13
31 44
32 22
32 31
33 6
33 7
34 8
34 43
35 3
35 30
36 40
36 44
37 19
37 34
38 15
38 33
39 4
39 33
40 9
40 21
41 25
41 39
42 28
42 35
43 11
43 29
44 9
44 14
45 24
45 25

# solution 956
# n=46 sym=rot4 status=verified source=flammenkamp_cache/n46_rot4.mvr
# code=mvr:0 23 0 31 1 10 1 15 2 26 2 39 3 21 3 27 
0 23
0 31
1 10
1 15
2 26
2 39
3 21
3 27
4 23
4 34
5 31
5 35
6 2
6 34
7 13
7 15
8 9
8 21
9 25
9 37
10 5
10 44
11 4
11 6
12 12
12 33
13 26
13 38
14 0
14 5
15 38
15 44
16 18
16 28
17 16
17 25
18 3
18 29
19 2
19 13
20 9
20 17
21 37
21 42
22 0
22 4
23 41
23 45
24 3
24 8
25 28
25 36
26 32
26 43
27 16
27 42
28 20
28 29
29 17
29 27
30 1
30 7
31 40
31 45
32 7
32 19
33 12
33 33
34 39
34 41
35 1
35 40
36 8
36 20
37 24
37 36
38 30
38 32
39 11
39 43
40 10
40 14
41 11
41 22
42 18
42 24
43 6
43 19
44 30
44 35
45 14
45 22

# solution 957
# n=46 sym=rot4 status=verified source=flammenkamp_cache/n46_rot4.mvr
# code=mvr:0 14 0 25 1 18 1 29 2 32 2 34 3 25 3 36 
0 14
0 25
1 18
1 29
2 32
2 34
3 25
3 36
4 8
4 28
5 6
5 17
6 32
6 40
7 18
7 23
8 10
8 41
9 3
9 15
10 23
10 37
11 2
11 30
12 26
12 31
13 2
13 6
14 12
14 45
15 11
15 36
16 1
16 26
17 4
17 40
18 38
18 44
19 12
19 16
20 0
20 3
21 21
21 24
22 7
22 10
23 35
23 38
24 21
24 24
25 42
25 45
26 29
26 33
27 1
27 7
28 5
28 41
29 19
29 44
30 9
30 34
31 0
31 33
32 39
32 43
33 14
33 19
34 15
34 43
35 8
35 22
36 30
36 42
37 4
37 35
38 22
38 27
39 5
39 13
40 28
40 39
41 17
41 37
42 9
42 20
43 11
43 13
44 16
44 27
45 20
45 31

# solution 958
# n=46 sym=rot4 status=verified source=flammenkamp_cache/n46_rot4.mvr
# code=mvr:0 16 0 21 1 19 1 28 2 12 2 29 3 6 3 12 4
0 16
0 21
1 19
1 28
2 12
2 29
3 6
3 12
4 17
4 34
5 9
5 18
6 35
6 42
7 19
7 35
8 23
8 31
9 31
9 40
10 6
10 7
11 4
11 23
12 42
12 43
13 24
13 30
14 8
14 9
15 13
15 20
16 2
16 45
17 1
17 41
18 20
18 40
19 38
19 44
20 27
20 30
21 13
21 45
22 8
22 11
23 34
23 37
24 0
24 32
25 15
25 18
26 1
26 7
27 5
27 25
28 4
28 44
29 0
29 43
30 25
30 32
31 36
31 37
32 15
32 21
33 2
33 3
34 22
34 41
35 38
35 39
36 5
36 14
37 14
37 22
38 10
38 26
39 3
39 10
40 27
40 36
41 11
41 28
42 33
42 39
43 16
43 33
44 17
44 26
45 24
45 29

# solution 959
# n=46 sym=rot4 status=verified source=flammenkamp_cache/n46_rot4.mvr
# code=mvr:0 14 0 15 1 16 1 26 2 27 2 33 3 5 3 23 4
0 14
0 15
1 16
1 26
2 27
2 33
3 5
3 23
4 34
4 36
5 23
5 42
6 30
6 38
7 6
7 10
8 25
8 27
9 4
9 12
10 19
10 38
11 4
11 32
12 2
12 36
13 11
13 21
14 25
14 45
15 6
15 45
16 17
16 44
17 21
17 29
18 2
18 8
19 1
19 35
20 8
20 14
21 28
21 32
22 3
22 5
23 40
23 42
24 13
24 17
25 31
25 37
26 10
26 44
27 37
27 43
28 16
28 24
29 1
29 28
30 0
30 39
31 0
31 20
32 24
32 34
33 9
33 43
34 13
34 41
35 7
35 26
36 33
36 41
37 18
37 20
38 35
38 39
39 7
39 15
40 3
40 22
41 9
41 11
42 22
42 40
43 12
43 18
44 19
44 29
45 30
45 31

# solution 960
# n=46 sym=rot4 status=verified source=flammenkamp_cache/n46_rot4.mvr
# code=mvr:0 19 0 25 1 2 1 31 2 14 2 44 3 10 3 28 4
0 19
0 25
1 2
1 31
2 14
2 44
3 10
3 28
4 10
4 28
5 23
5 37
6 15
6 20
7 30
7 37
8 5
8 7
9 9
9 36
10 41
10 42
11 18
11 29
12 18
12 23
13 16
13 24
14 1
14 43
15 7
15 39
16 11
16 32
17 3
17 4
18 33
18 34
19 24
19 45
20 0
20 39
21 13
21 19
22 5
22 12
23 33
23 40
24 26
24 32
25 6
25 45
26 0
26 21
27 11
27 12
28 41
28 42
29 13
29 34
30 6
30 38
31 2
31 44
32 21
32 29
33 22
33 27
34 16
34 27
35 3
35 4
36 9
36 36
37 38
37 40
38 8
38 15
39 25
39 30
40 8
40 22
41 17
41 35
42 17
42 35
43 1
43 31
44 14
44 43
45 20
45 26

# solution 961
# n=46 sym=rot4 status=verified source=flammenkamp_cache/n46_rot4.mvr
# code=mvr:0 26 0 31 1 28 1 37 2 22 2 26 3 18 3 31 
0 26
0 31
1 28
1 37
2 22
2 26
3 18
3 31
4 11
4 38
5 13
5 18
6 20
6 29
7 4
7 9
8 1
8 25
9 35
9 38
10 9
10 13
11 29
11 41
12 21
12 28
13 35
13 40
14 0
14 3
15 15
15 30
16 6
16 11
17 1
17 12
18 40
18 42
19 0
19 2
20 8
20 39
21 23
21 33
22 21
22 43
23 2
23 24
24 12
24 22
25 6
25 37
26 43
26 45
27 3
27 5
28 33
28 44
29 34
29 39
30 15
30 30
31 42
31 45
32 5
32 10
33 17
33 24
34 4
34 16
35 32
35 36
36 7
36 10
37 20
37 44
38 36
38 41
39 16
39 25
40 27
40 32
41 7
41 34
42 14
42 27
43 19
43 23
44 8
44 17
45 14
45 19

# solution 962
# n=46 sym=rot4 status=verified source=flammenkamp_cache/n46_rot4.mvr
# code=mvr:0 8 0 21 1 31 1 32 2 23 2 24 3 4 3 10 4 
0 8
0 21
1 31
1 32
2 23
2 24
3 4
3 10
4 16
4 42
5 9
5 37
6 14
6 36
7 18
7 25
8 5
8 45
9 6
9 40
10 33
10 42
11 18
11 28
12 10
12 29
13 1
13 23
14 1
14 39
15 15
15 30
16 12
16 41
17 11
17 26
18 34
18 38
19 17
19 25
20 7
20 19
21 2
21 45
22 2
22 13
23 32
23 43
24 0
24 43
25 26
25 38
26 20
26 28
27 7
27 11
28 19
28 34
29 4
29 33
30 15
30 30
31 6
31 44
32 22
32 44
33 16
33 35
34 17
34 27
35 3
35 12
36 5
36 39
37 0
37 40
38 20
38 27
39 9
39 31
40 8
40 36
41 3
41 29
42 35
42 41
43 21
43 22
44 13
44 14
45 24
45 37

# solution 963
# n=46 sym=rot4 status=verified source=flammenkamp_cache/n46_rot4.mvr
# code=mvr:0 27 0 33 1 19 1 30 2 29 2 39 3 23 3 33 
0 27
0 33
1 19
1 30
2 29
2 39
3 23
3 33
4 6
4 9
5 14
5 15
6 2
6 41
7 17
7 23
8 24
8 36
9 8
9 41
10 29
10 34
11 10
11 14
12 0
12 3
13 19
13 24
14 34
14 40
15 1
15 40
16 2
16 10
17 20
17 38
18 0
18 25
19 32
19 44
20 18
20 28
21 8
21 13
22 3
22 7
23 38
23 42
24 32
24 37
25 17
25 27
26 1
26 13
27 20
27 45
28 7
28 25
29 35
29 43
30 5
30 44
31 5
31 11
32 21
32 26
33 42
33 45
34 31
34 35
35 11
35 16
36 4
36 37
37 9
37 21
38 22
38 28
39 4
39 43
40 30
40 31
41 36
41 39
42 12
42 22
43 6
43 16
44 15
44 26
45 12
45 18

# solution 964
# n=46 sym=rot4 status=verified source=flammenkamp_cache/n46_rot4.mvr
# code=mvr:0 6 0 8 1 25 1 34 2 23 2 24 3 17 3 31 4 
0 6
0 8
1 25
1 34
2 23
2 24
3 17
3 31
4 17
4 27
5 30
5 38
6 37
6 45
7 5
7 12
8 6
8 45
9 13
9 16
10 23
10 27
11 1
11 16
12 24
12 38
13 31
13 36
14 3
14 13
15 5
15 19
16 34
16 36
17 41
17 42
18 4
18 10
19 25
19 30
20 1
20 19
21 2
21 12
22 2
22 10
23 35
23 43
24 33
24 43
25 26
25 44
26 15
26 20
27 35
27 41
28 3
28 4
29 9
29 11
30 26
30 40
31 32
31 42
32 9
32 14
33 7
33 21
34 29
34 44
35 18
35 22
36 29
36 32
37 0
37 39
38 33
38 40
39 0
39 8
40 7
40 15
41 18
41 28
42 14
42 28
43 21
43 22
44 11
44 20
45 37
45 39

# solution 965
# n=46 sym=rot4 status=verified source=flammenkamp_cache/n46_rot4.mvr
# code=mvr:0 22 0 28 1 17 1 32 2 15 2 33 3 12 3 18 
0 22
0 28
1 17
1 32
2 15
2 33
3 12
3 18
4 15
4 36
5 8
5 11
6 24
6 29
7 19
7 31
8 35
8 40
9 4
9 31
10 8
10 24
11 27
11 40
12 2
12 42
13 1
13 19
14 7
14 9
15 41
15 43
16 6
16 20
17 0
17 44
18 11
18 42
19 32
19 38
20 23
20 29
21 6
21 10
22 20
22 45
23 0
23 25
24 35
24 39
25 16
25 22
26 7
26 13
27 3
27 34
28 1
28 45
29 25
29 39
30 2
30 4
31 36
31 38
32 26
32 44
33 3
33 43
34 5
34 18
35 21
35 37
36 14
36 41
37 5
37 10
38 14
38 26
39 16
39 21
40 34
40 37
41 9
41 30
42 27
42 33
43 12
43 30
44 13
44 28
45 17
45 23

# solution 966
# n=46 sym=rot4 status=verified source=flammenkamp_cache/n46_rot4.mvr
# code=mvr:0 19 0 34 1 8 1 26 2 17 2 24 3 20 3 38 4
0 19
0 34
1 8
1 26
2 17
2 24
3 20
3 38
4 12
4 27
5 8
5 35
6 9
6 15
7 3
7 15
8 40
8 44
9 24
9 39
10 5
10 31
11 0
11 20
12 32
12 41
13 12
13 14
14 10
14 32
15 38
15 39
16 22
16 27
17 23
17 43
18 4
18 16
19 1
19 45
20 34
20 42
21 2
21 9
22 17
22 29
23 16
23 28
24 36
24 43
25 3
25 11
26 0
26 44
27 29
27 41
28 2
28 22
29 18
29 23
30 6
30 7
31 13
31 35
32 31
32 33
33 4
33 13
34 25
34 45
35 14
35 40
36 6
36 21
37 1
37 5
38 30
38 42
39 30
39 36
40 10
40 37
41 18
41 33
42 7
42 25
43 21
43 28
44 19
44 37
45 11
45 26

# solution 967
# n=46 sym=rot4 status=verified source=flammenkamp_cache/n46_rot4.mvr
# code=mvr:0 14 0 22 1 18 1 21 2 16 2 34 3 3 3 42 4
0 14
0 22
1 18
1 21
2 16
2 34
3 3
3 42
4 25
4 32
5 16
5 33
6 9
6 19
7 8
7 14
8 34
8 38
9 30
9 39
10 23
10 25
11 2
11 8
12 5
12 17
13 4
13 15
14 38
14 45
15 9
15 32
16 40
16 43
17 27
17 33
18 17
18 44
19 21
19 39
20 4
20 10
21 26
21 44
22 10
22 45
23 0
23 35
24 1
24 19
25 35
25 41
26 6
26 24
27 1
27 28
28 12
28 18
29 2
29 5
30 13
30 36
31 0
31 7
32 30
32 41
33 28
33 40
34 37
34 43
35 20
35 22
36 6
36 15
37 7
37 11
38 31
38 37
39 26
39 36
40 12
40 29
41 13
41 20
42 3
42 42
43 11
43 29
44 24
44 27
45 23
45 31

# solution 968
# n=46 sym=rot4 status=verified source=flammenkamp_cache/n46_rot4.mvr
# code=mvr:0 22 0 24 1 29 1 35 2 17 2 20 3 17 3 21 
0 22
0 24
1 29
1 35
2 17
2 20
3 17
3 21
4 31
4 33
5 9
5 10
6 37
6 38
7 6
7 18
8 6
8 30
9 12
9 40
10 1
10 40
11 20
11 23
12 4
12 36
13 29
13 30
14 4
14 26
15 8
15 13
16 1
16 13
17 42
17 43
18 26
18 38
19 14
19 18
20 34
20 43
21 0
21 42
22 11
22 45
23 0
23 34
24 3
24 45
25 2
25 11
26 27
26 31
27 7
27 19
28 2
28 3
29 32
29 44
30 32
30 37
31 19
31 41
32 15
32 16
33 9
33 41
34 22
34 25
35 5
35 44
36 5
36 33
37 15
37 39
38 27
38 39
39 7
39 8
40 35
40 36
41 12
41 14
42 24
42 28
43 25
43 28
44 10
44 16
45 21
45 23

# solution 969
# n=46 sym=rot4 status=verified source=flammenkamp_cache/n46_rot4.mvr
# code=mvr:0 17 0 24 1 20 1 31 2 8 2 13 3 7 3 20 4 
0 17
0 24
1 20
1 31
2 8
2 13
3 7
3 20
4 14
4 18
5 19
5 37
6 13
6 38
7 6
7 42
8 5
8 43
9 24
9 34
10 19
10 23
11 9
11 33
12 11
12 17
13 39
13 43
14 1
14 41
15 15
15 30
16 23
16 27
17 33
17 45
18 16
18 41
19 35
19 40
20 42
20 44
21 0
21 9
22 10
22 16
23 29
23 35
24 36
24 45
25 1
25 3
26 5
26 10
27 4
27 29
28 0
28 12
29 18
29 22
30 15
30 30
31 4
31 44
32 2
32 6
33 28
33 34
34 12
34 36
35 22
35 26
36 11
36 21
37 2
37 40
38 3
38 39
39 7
39 32
40 8
40 26
41 27
41 31
42 25
42 38
43 32
43 37
44 14
44 25
45 21
45 28

# solution 970
# n=46 sym=rot4 status=verified source=flammenkamp_cache/n46_rot4.mvr
# code=mvr:0 11 0 21 1 28 1 31 2 23 2 33 3 26 3 30 
0 11
0 21
1 28
1 31
2 23
2 33
3 26
3 30
4 17
4 21
5 34
5 35
6 7
6 8
7 10
7 39
8 30
8 39
9 13
9 18
10 5
10 38
11 5
11 45
12 2
12 16
13 23
13 36
14 1
14 16
15 3
15 8
16 31
16 33
17 1
17 41
18 26
18 36
19 3
19 18
20 20
20 25
21 41
21 45
22 2
22 13
23 32
23 43
24 0
24 4
25 20
25 25
26 27
26 42
27 9
27 19
28 4
28 44
29 12
29 14
30 37
30 42
31 29
31 44
32 9
32 22
33 29
33 43
34 0
34 40
35 7
35 40
36 27
36 32
37 6
37 15
38 6
38 35
39 37
39 38
40 10
40 11
41 24
41 28
42 15
42 19
43 12
43 22
44 14
44 17
45 24
45 34

# solution 971
# n=46 sym=rot4 status=verified source=flammenkamp_cache/n46_rot4.mvr
# code=mvr:0 15 0 24 1 12 1 34 2 30 2 37 3 8 3 23 4
0 15
0 24
1 12
1 34
2 30
2 37
3 8
3 23
4 7
4 35
5 13
5 17
6 10
6 23
7 20
7 41
8 2
8 42
9 13
9 29
10 4
10 39
11 1
11 29
12 21
12 44
13 36
13 40
14 14
14 31
15 2
15 45
16 9
16 11
17 19
17 40
18 25
18 26
19 18
19 28
20 18
20 38
21 0
21 33
22 3
22 6
23 39
23 42
24 12
24 45
25 7
25 27
26 17
26 27
27 19
27 20
28 5
28 26
29 34
29 36
30 0
30 43
31 14
31 31
32 5
32 9
33 1
33 24
34 16
34 44
35 6
35 41
36 16
36 32
37 3
37 43
38 4
38 25
39 22
39 35
40 28
40 32
41 10
41 38
42 22
42 37
43 8
43 15
44 11
44 33
45 21
45 30

# solution 972
# n=46 sym=rot4 status=verified source=flammenkamp_cache/n46_rot4.mvr
# code=mvr:0 18 0 21 1 22 1 25 2 16 2 31 3 5 3 17 4
0 18
0 21
1 22
1 25
2 16
2 31
3 5
3 17
4 9
4 38
5 31
5 42
6 21
6 37
7 4
7 30
8 6
8 34
9 13
9 41
10 15
10 16
11 8
11 23
12 20
12 32
13 12
13 36
14 2
14 5
15 7
15 35
16 35
16 43
17 18
17 42
18 28
18 45
19 19
19 26
20 1
20 33
21 39
21 45
22 11
22 44
23 1
23 34
24 0
24 6
25 12
25 44
26 19
26 26
27 0
27 17
28 3
28 27
29 2
29 10
30 10
30 38
31 40
31 43
32 9
32 33
33 13
33 25
34 22
34 37
35 29
35 30
36 4
36 32
37 11
37 39
38 15
38 41
39 8
39 24
40 3
40 14
41 7
41 36
42 28
42 40
43 14
43 29
44 20
44 23
45 24
45 27

# solution 973
# n=46 sym=rot4 status=verified source=flammenkamp_cache/n46_rot4.mvr
# code=mvr:0 7 0 32 1 23 1 43 2 1 2 25 3 14 3 28 4 
0 7
0 32
1 23
1 43
2 1
2 25
3 14
3 28
4 5
4 23
5 12
5 41
6 10
6 18
7 29
7 45
8 21
8 28
9 21
9 34
10 33
10 39
11 9
11 14
12 10
12 40
13 0
13 18
14 34
14 42
15 20
15 26
16 7
16 19
17 3
17 8
18 32
18 39
19 15
19 29
20 2
20 30
21 36
21 37
22 1
22 4
23 41
23 44
24 8
24 9
25 15
25 43
26 16
26 30
27 6
27 13
28 37
28 42
29 26
29 38
30 19
30 25
31 3
31 11
32 27
32 45
33 5
33 35
34 31
34 36
35 6
35 12
36 11
36 24
37 17
37 24
38 0
38 16
39 27
39 35
40 4
40 33
41 22
41 40
42 17
42 31
43 20
43 44
44 2
44 22
45 13
45 38

# solution 974
# n=46 sym=rot4 status=verified source=flammenkamp_cache/n46_rot4.mvr
# code=mvr:0 7 0 32 1 23 1 43 2 1 2 25 3 14 3 28 4 
0 7
0 32
1 23
1 43
2 1
2 25
3 14
3 28
4 23
4 40
5 4
5 12
6 10
6 18
7 29
7 45
8 21
8 28
9 21
9 34
10 33
10 39
11 9
11 14
12 10
12 40
13 0
13 18
14 34
14 42
15 20
15 26
16 7
16 19
17 3
17 8
18 32
18 39
19 15
19 29
20 2
20 30
21 36
21 37
22 1
22 4
23 41
23 44
24 8
24 9
25 15
25 43
26 16
26 30
27 6
27 13
28 37
28 42
29 26
29 38
30 19
30 25
31 3
31 11
32 27
32 45
33 5
33 35
34 31
34 36
35 6
35 12
36 11
36 24
37 17
37 24
38 0
38 16
39 27
39 35
40 33
40 41
41 5
41 22
42 17
42 31
43 20
43 44
44 2
44 22
45 13
45 38

# solution 975
# n=46 sym=rot4 status=verified source=flammenkamp_cache/n46_rot4.mvr
# code=mvr:0 23 0 36 1 13 1 29 2 14 2 18 3 10 3 34 
0 23
0 36
1 13
1 29
2 14
2 18
3 10
3 34
4 11
4 23
5 26
5 38
6 15
6 33
7 5
7 24
8 9
8 18
9 0
9 37
10 14
10 42
11 3
11 41
12 6
12 17
13 24
13 44
14 35
14 43
15 28
15 39
16 1
16 26
17 15
17 33
18 37
18 43
19 5
19 16
20 20
20 25
21 7
21 13
22 0
22 4
23 41
23 45
24 32
24 38
25 20
25 25
26 29
26 40
27 2
27 8
28 12
28 30
29 19
29 44
30 6
30 17
31 2
31 10
32 1
32 21
33 28
33 39
34 4
34 42
35 3
35 31
36 8
36 45
37 27
37 36
38 21
38 40
39 12
39 30
40 7
40 19
41 22
41 34
42 11
42 35
43 27
43 31
44 16
44 32
45 9
45 22

# solution 976
# n=46 sym=rot4 status=verified source=flammenkamp_cache/n46_rot4.mvr
# code=mvr:0 25 0 31 1 24 1 33 2 9 2 15 3 5 3 15 4 
0 25
0 31
1 24
1 33
2 9
2 15
3 5
3 15
4 22
4 26
5 23
5 42
6 34
6 38
7 6
7 13
8 16
8 32
9 33
9 43
10 16
10 27
11 6
11 20
12 1
12 9
13 8
13 38
14 0
14 21
15 42
15 43
16 35
16 37
17 18
17 19
18 10
18 28
19 4
19 28
20 0
20 34
21 1
21 31
22 5
22 41
23 4
23 40
24 14
24 44
25 11
25 45
26 17
26 41
27 17
27 35
28 26
28 27
29 8
29 10
30 2
30 3
31 24
31 45
32 7
32 37
33 36
33 44
34 25
34 39
35 18
35 29
36 2
36 12
37 13
37 29
38 32
38 39
39 7
39 11
40 3
40 22
41 19
41 23
42 30
42 40
43 30
43 36
44 12
44 21
45 14
45 20

# solution 977
# n=46 sym=rot4 status=verified source=flammenkamp_cache/n46_rot4.mvr
# code=mvr:0 25 0 28 1 15 1 36 2 18 2 33 3 11 3 18 
0 25
0 28
1 15
1 36
2 18
2 33
3 11
3 18
4 5
4 19
5 11
5 41
6 29
6 32
7 19
7 25
8 28
8 35
9 1
9 13
10 8
10 23
11 40
11 42
12 2
12 31
13 6
13 36
14 12
14 15
15 31
15 44
16 6
16 23
17 0
17 8
18 42
18 43
19 38
19 41
20 0
20 7
21 21
21 24
22 10
22 16
23 29
23 35
24 21
24 24
25 38
25 45
26 4
26 7
27 2
27 3
28 37
28 45
29 22
29 39
30 1
30 14
31 30
31 33
32 9
32 39
33 14
33 43
34 3
34 5
35 22
35 37
36 32
36 44
37 10
37 17
38 20
38 26
39 13
39 16
40 4
40 34
41 26
41 40
42 27
42 34
43 12
43 27
44 9
44 30
45 17
45 20

# solution 978
# n=46 sym=rot4 status=verified source=flammenkamp_cache/n46_rot4.mvr
# code=mvr:0 16 0 20 1 16 1 43 2 1 2 17 3 9 3 24 4 
0 16
0 20
1 16
1 43
2 1
2 17
3 9
3 24
4 32
4 33
5 10
5 14
6 31
6 37
7 18
7 24
8 6
8 15
9 20
9 42
10 23
10 40
11 32
11 33
12 4
12 11
13 4
13 11
14 6
14 40
15 18
15 37
16 44
16 45
17 23
17 43
18 30
18 38
19 19
19 26
20 36
20 45
21 3
21 7
22 10
22 17
23 28
23 35
24 38
24 42
25 0
25 9
26 19
26 26
27 7
27 15
28 2
28 22
29 0
29 1
30 8
30 27
31 5
31 39
32 34
32 41
33 34
33 41
34 12
34 13
35 5
35 22
36 3
36 25
37 30
37 39
38 21
38 27
39 8
39 14
40 31
40 35
41 12
41 13
42 21
42 36
43 28
43 44
44 2
44 29
45 25
45 29

# solution 979
# n=46 sym=rot4 status=verified source=flammenkamp_cache/n46_rot4.mvr
# code=mvr:0 16 0 23 1 3 1 24 2 12 2 28 3 36 3 44 4
0 16
0 23
1 3
1 24
2 12
2 28
3 36
3 44
4 10
4 13
5 20
5 27
6 18
6 36
7 8
7 20
8 33
8 38
9 3
9 6
10 11
10 41
11 29
11 35
12 8
12 43
13 21
13 41
14 19
14 28
15 23
15 26
16 11
16 45
17 2
17 14
18 5
18 39
19 15
19 31
20 38
20 40
21 1
21 32
22 0
22 15
23 30
23 45
24 13
24 44
25 5
25 7
26 14
26 30
27 6
27 40
28 31
28 43
29 0
29 34
30 19
30 22
31 17
31 26
32 4
32 24
33 2
33 37
34 10
34 16
35 4
35 34
36 39
36 42
37 7
37 12
38 25
38 37
39 9
39 27
40 18
40 25
41 32
41 35
42 1
42 9
43 17
43 33
44 21
44 42
45 22
45 29

# solution 980
# n=46 sym=rot4 status=verified source=flammenkamp_cache/n46_rot4.mvr
# code=mvr:0 19 0 30 1 13 1 38 2 24 2 37 3 6 3 34 4
0 19
0 30
1 13
1 38
2 24
2 37
3 6
3 34
4 13
4 19
5 23
5 35
6 31
6 42
7 1
7 24
8 2
8 11
9 20
9 23
10 5
10 14
11 3
11 37
12 12
12 33
13 41
13 44
14 6
14 35
15 0
15 17
16 18
16 25
17 18
17 30
18 28
18 29
19 41
19 45
20 16
20 36
21 2
21 7
22 5
22 9
23 36
23 40
24 38
24 43
25 9
25 29
26 0
26 4
27 16
27 17
28 15
28 27
29 20
29 27
30 28
30 45
31 10
31 39
32 1
32 4
33 12
33 33
34 8
34 42
35 31
35 40
36 22
36 25
37 34
37 43
38 21
38 44
39 3
39 14
40 10
40 22
41 26
41 32
42 11
42 39
43 8
43 21
44 7
44 32
45 15
45 26

# solution 981
# n=46 sym=rot4 status=verified source=flammenkamp_cache/n46_rot4.mvr
# code=mvr:0 20 0 31 1 31 1 34 2 13 2 34 3 9 3 13 4
0 20
0 31
1 31
1 34
2 13
2 34
3 9
3 13
4 20
4 38
5 8
5 17
6 24
6 37
7 4
7 19
8 6
8 40
9 29
9 42
10 24
10 26
11 1
11 2
12 16
12 18
13 42
13 43
14 0
14 1
15 22
15 28
16 9
16 33
17 15
17 40
18 23
18 33
19 10
19 38
20 41
20 45
21 6
21 10
22 18
22 30
23 15
23 27
24 35
24 39
25 0
25 4
26 7
26 35
27 12
27 22
28 5
28 30
29 12
29 36
30 17
30 23
31 44
31 45
32 2
32 3
33 27
33 29
34 43
34 44
35 19
35 21
36 3
36 16
37 5
37 39
38 26
38 41
39 8
39 21
40 28
40 37
41 7
41 25
42 32
42 36
43 11
43 32
44 11
44 14
45 14
45 25

# solution 982
# n=46 sym=rot4 status=verified source=flammenkamp_cache/n46_rot4.mvr
# code=mvr:0 10 0 34 1 7 1 18 2 23 2 29 3 15 3 20 4
0 10
0 34
1 7
1 18
2 23
2 29
3 15
3 20
4 23
4 32
5 7
5 34
6 14
6 25
7 40
7 44
8 9
8 24
9 32
9 37
10 31
10 45
11 0
11 5
12 15
12 17
13 4
13 9
14 10
14 39
15 33
15 42
16 2
16 24
17 18
17 33
18 28
18 44
19 19
19 26
20 6
20 42
21 8
21 16
22 2
22 4
23 41
23 43
24 29
24 37
25 3
25 39
26 19
26 26
27 1
27 17
28 12
28 27
29 21
29 43
30 3
30 12
31 6
31 35
32 36
32 41
33 28
33 30
34 40
34 45
35 0
35 14
36 8
36 13
37 21
37 36
38 1
38 5
39 20
39 31
40 11
40 38
41 13
41 22
42 25
42 30
43 16
43 22
44 27
44 38
45 11
45 35

# solution 983
# n=46 sym=rot4 status=verified source=flammenkamp_cache/n46_rot4.mvr
# code=mvr:0 23 0 24 1 14 1 29 2 11 2 28 3 13 3 20 
0 23
0 24
1 14
1 29
2 11
2 28
3 13
3 20
4 20
4 34
5 13
5 15
6 33
6 37
7 18
7 33
8 6
8 9
9 29
9 37
10 19
10 23
11 4
11 43
12 6
12 7
13 40
13 42
14 28
14 44
15 26
15 40
16 1
16 9
17 2
17 14
18 24
18 38
19 15
19 35
20 41
20 42
21 0
21 18
22 0
22 10
23 35
23 45
24 27
24 45
25 3
25 4
26 10
26 30
27 7
27 21
28 31
28 43
29 36
29 44
30 5
30 19
31 1
31 17
32 3
32 5
33 38
33 39
34 2
34 41
35 22
35 26
36 8
36 16
37 36
37 39
38 12
38 27
39 8
39 12
40 30
40 32
41 11
41 25
42 25
42 32
43 17
43 34
44 16
44 31
45 21
45 22

# solution 984
# n=46 sym=rot4 status=verified source=flammenkamp_cache/n46_rot4.mvr
# code=mvr:0 15 0 20 1 11 1 41 2 9 2 16 3 8 3 20 4 
0 15
0 20
1 11
1 41
2 9
2 16
3 8
3 20
4 1
4 29
5 21
5 36
6 15
6 33
7 24
7 37
8 7
8 42
9 5
9 43
10 23
10 32
11 32
11 44
12 6
12 17
13 10
13 11
14 18
14 23
15 39
15 45
16 4
16 43
17 18
17 33
18 28
18 31
19 19
19 26
20 42
20 45
21 7
21 40
22 10
22 14
23 31
23 35
24 5
24 38
25 0
25 3
26 19
26 26
27 14
27 17
28 12
28 27
29 2
29 41
30 0
30 6
31 22
31 27
32 34
32 35
33 28
33 39
34 1
34 13
35 13
35 22
36 2
36 40
37 3
37 38
38 8
38 21
39 12
39 30
40 9
40 24
41 16
41 44
42 25
42 37
43 29
43 36
44 4
44 34
45 25
45 30

# solution 985
# n=46 sym=rot4 status=verified source=flammenkamp_cache/n46_rot4.mvr
# code=mvr:0 18 0 32 1 30 1 31 2 18 2 22 3 15 3 23 
0 18
0 32
1 30
1 31
2 18
2 22
3 15
3 23
4 10
4 33
5 35
5 39
6 5
6 25
7 16
7 31
8 11
8 12
9 24
9 25
10 5
10 41
11 13
11 37
12 4
12 37
13 0
13 34
14 1
14 7
15 1
15 42
16 19
16 38
17 24
17 26
18 43
18 45
19 17
19 29
20 6
20 9
21 9
21 17
22 3
22 43
23 2
23 42
24 28
24 36
25 36
25 39
26 16
26 28
27 0
27 2
28 19
28 21
29 7
29 26
30 3
30 44
31 38
31 44
32 11
32 45
33 8
33 41
34 8
34 32
35 4
35 40
36 20
36 21
37 33
37 34
38 14
38 29
39 20
39 40
40 6
40 10
41 12
41 35
42 22
42 30
43 23
43 27
44 14
44 15
45 13
45 27

# solution 986
# n=46 sym=rot4 status=verified source=flammenkamp_cache/n46_rot4.mvr
# code=mvr:0 18 0 33 1 23 1 25 2 26 2 29 3 7 3 17 4
0 18
0 33
1 23
1 25
2 26
2 29
3 7
3 17
4 10
4 11
5 10
5 18
6 24
6 31
7 9
7 42
8 29
8 34
9 19
9 38
10 40
10 41
11 8
11 41
12 0
12 17
13 23
13 25
14 6
14 30
15 14
15 24
16 2
16 8
17 33
17 42
18 40
18 45
19 2
19 36
20 1
20 13
21 6
21 15
22 1
22 13
23 32
23 44
24 30
24 39
25 32
25 44
26 9
26 43
27 0
27 5
28 3
28 12
29 37
29 43
30 21
30 31
31 15
31 39
32 20
32 22
33 28
33 45
34 4
34 37
35 4
35 5
36 7
36 26
37 11
37 16
38 3
38 36
39 14
39 21
40 27
40 35
41 34
41 35
42 28
42 38
43 16
43 19
44 20
44 22
45 12
45 27

# solution 987
# n=46 sym=rot4 status=verified source=flammenkamp_cache/n46_rot4.mvr
# code=mvr:0 12 0 33 1 20 1 31 2 16 2 22 3 19 3 20 
0 12
0 33
1 20
1 31
2 16
2 22
3 19
3 20
4 10
4 14
5 29
5 36
6 36
6 38
7 6
7 23
8 27
8 30
9 5
9 6
10 30
10 41
11 17
11 19
12 0
12 45
13 21
13 27
14 1
14 41
15 8
15 10
16 5
16 43
17 24
17 34
18 8
18 13
19 34
19 42
20 42
20 44
21 17
21 32
22 7
22 43
23 2
23 38
24 13
24 28
25 1
25 3
26 3
26 11
27 32
27 37
28 11
28 21
29 2
29 40
30 35
30 37
31 4
31 44
32 18
32 24
33 0
33 45
34 26
34 28
35 4
35 15
36 39
36 40
37 15
37 18
38 22
38 39
39 7
39 9
40 9
40 16
41 31
41 35
42 25
42 26
43 23
43 29
44 14
44 25
45 12
45 33

# solution 988
# n=46 sym=rot4 status=verified source=flammenkamp_cache/n46_rot4.mvr
# code=mvr:0 12 0 21 1 7 1 21 2 16 2 27 3 13 3 34 4
0 12
0 21
1 7
1 21
2 16
2 27
3 13
3 34
4 19
4 36
5 35
5 37
6 26
6 30
7 28
7 44
8 5
8 23
9 4
9 13
10 5
10 17
11 3
11 12
12 34
12 45
13 36
13 42
14 15
14 20
15 6
15 31
16 27
16 43
17 7
17 35
18 2
18 16
19 6
19 41
20 23
20 31
21 44
21 45
22 8
22 20
23 25
23 37
24 0
24 1
25 14
25 22
26 4
26 39
27 29
27 43
28 10
28 38
29 2
29 18
30 14
30 39
31 25
31 30
32 3
32 9
33 0
33 11
34 33
34 42
35 28
35 40
36 32
36 41
37 22
37 40
38 1
38 17
39 15
39 19
40 8
40 10
41 9
41 26
42 11
42 32
43 18
43 29
44 24
44 38
45 24
45 33

# solution 989
# n=46 sym=rot4 status=verified source=flammenkamp_cache/n46_rot4.mvr
# code=mvr:0 30 0 31 1 20 1 24 2 20 2 35 3 11 3 17 
0 30
0 31
1 20
1 24
2 20
2 35
3 11
3 17
4 8
4 13
5 29
5 37
6 7
6 23
7 18
7 39
8 5
8 41
9 15
9 26
10 2
10 13
11 21
11 42
12 12
12 33
13 35
13 41
14 0
14 18
15 0
15 36
16 5
16 23
17 26
17 42
18 31
18 38
19 9
19 17
20 43
20 44
21 1
21 34
22 6
22 16
23 29
23 39
24 11
24 44
25 1
25 2
26 28
26 36
27 7
27 14
28 3
28 19
29 22
29 40
30 9
30 45
31 27
31 45
32 4
32 10
33 12
33 33
34 3
34 24
35 32
35 43
36 19
36 30
37 4
37 40
38 6
38 27
39 22
39 38
40 8
40 16
41 32
41 37
42 28
42 34
43 10
43 25
44 21
44 25
45 14
45 15

# solution 990
# n=46 sym=rot4 status=verified source=flammenkamp_cache/n46_rot4.mvr
# code=mvr:0 30 0 34 1 13 1 22 2 19 2 27 3 18 3 38 
0 30
0 34
1 13
1 22
2 19
2 27
3 18
3 38
4 10
4 25
5 8
5 33
6 9
6 19
7 3
7 24
8 17
8 40
9 32
9 39
10 33
10 41
11 0
11 21
12 5
12 10
13 9
13 44
14 20
14 23
15 0
15 29
16 15
16 28
17 16
17 37
18 2
18 42
19 39
19 43
20 4
20 31
21 7
21 34
22 14
22 44
23 1
23 31
24 11
24 38
25 14
25 41
26 2
26 6
27 3
27 43
28 8
28 29
29 17
29 30
30 16
30 45
31 22
31 25
32 1
32 36
33 35
33 40
34 24
34 45
35 4
35 12
36 6
36 13
37 5
37 28
38 21
38 42
39 26
39 36
40 12
40 37
41 20
41 35
42 7
42 27
43 18
43 26
44 23
44 32
45 11
45 15

# solution 991
# n=46 sym=rot4 status=verified source=flammenkamp_cache/n46_rot4.mvr
# code=mvr:0 30 0 34 1 13 1 22 2 19 2 27 3 18 3 38 
0 30
0 34
1 13
1 22
2 19
2 27
3 18
3 38
4 10
4 25
5 8
5 33
6 9
6 19
7 3
7 21
8 17
8 40
9 32
9 39
10 33
10 41
11 0
11 21
12 5
12 10
13 9
13 44
14 20
14 23
15 0
15 29
16 15
16 28
17 16
17 37
18 2
18 42
19 39
19 43
20 4
20 31
21 34
21 38
22 14
22 44
23 1
23 31
24 7
24 11
25 14
25 41
26 2
26 6
27 3
27 43
28 8
28 29
29 17
29 30
30 16
30 45
31 22
31 25
32 1
32 36
33 35
33 40
34 24
34 45
35 4
35 12
36 6
36 13
37 5
37 28
38 24
38 42
39 26
39 36
40 12
40 37
41 20
41 35
42 7
42 27
43 18
43 26
44 23
44 32
45 11
45 15

# solution 992
# n=46 sym=rot4 status=verified source=flammenkamp_cache/n46_rot4.mvr
# code=mvr:0 6 0 36 1 8 1 15 2 16 2 20 3 26 3 38 4 
0 6
0 36
1 8
1 15
2 16
2 20
3 26
3 38
4 21
4 31
5 25
5 27
6 34
6 45
7 3
7 9
8 13
8 44
9 0
9 38
10 17
10 27
11 6
11 23
12 12
12 33
13 28
13 37
14 4
14 30
15 14
15 44
16 26
16 43
17 13
17 35
18 5
18 10
19 3
19 16
20 5
20 43
21 23
21 41
22 11
22 21
23 24
23 34
24 4
24 22
25 2
25 40
26 29
26 42
27 35
27 40
28 10
28 32
29 2
29 19
30 1
30 31
31 15
31 41
32 8
32 17
33 12
33 33
34 22
34 39
35 18
35 28
36 7
36 45
37 1
37 32
38 36
38 42
39 0
39 11
40 18
40 20
41 14
41 24
42 7
42 19
43 25
43 29
44 30
44 37
45 9
45 39

# solution 993
# n=46 sym=rot4 status=verified source=flammenkamp_cache/n46_rot4.mvr
# code=mvr:0 32 0 33 1 24 1 36 2 18 2 26 3 17 3 34 
0 32
0 33
1 24
1 36
2 18
2 26
3 17
3 34
4 17
4 23
5 8
5 20
6 10
6 32
7 24
7 29
8 18
8 40
9 1
9 15
10 33
10 39
11 3
11 23
12 0
12 10
13 0
13 6
14 20
14 30
15 14
15 36
16 7
16 26
17 41
17 42
18 37
18 43
19 2
19 16
20 31
20 40
21 1
21 7
22 4
22 11
23 34
23 41
24 38
24 44
25 5
25 14
26 29
26 43
27 2
27 8
28 3
28 4
29 19
29 38
30 9
30 31
31 15
31 25
32 39
32 45
33 35
33 45
34 22
34 42
35 6
35 12
36 30
36 44
37 5
37 27
38 16
38 21
39 13
39 35
40 25
40 37
41 22
41 28
42 11
42 28
43 19
43 27
44 9
44 21
45 12
45 13

# solution 994
# n=46 sym=rot4 status=verified source=flammenkamp_cache/n46_rot4.mvr
# code=mvr:0 20 0 39 1 17 1 22 2 13 2 31 3 18 3 41 
0 20
0 39
1 17
1 22
2 13
2 31
3 18
3 41
4 3
4 9
5 31
5 34
6 0
6 30
7 17
7 24
8 12
8 24
9 10
9 41
10 13
10 36
11 5
11 19
12 16
12 37
13 35
13 43
14 2
14 5
15 6
15 23
16 19
16 33
17 38
17 44
18 20
18 42
19 29
19 34
20 27
20 45
21 7
21 8
22 15
22 44
23 1
23 30
24 37
24 38
25 0
25 18
26 11
26 16
27 3
27 25
28 1
28 7
29 12
29 26
30 22
30 39
31 40
31 43
32 2
32 10
33 8
33 29
34 26
34 40
35 9
35 32
36 4
36 35
37 21
37 33
38 21
38 28
39 15
39 45
40 11
40 14
41 36
41 42
42 4
42 27
43 14
43 32
44 23
44 28
45 6
45 25

# solution 995
# n=46 sym=rot4 status=verified source=flammenkamp_cache/n46_rot4.mvr
# code=mvr:0 3 0 34 1 16 1 18 2 18 2 23 3 24 3 45 4
0 3
0 34
1 16
1 18
2 18
2 23
3 24
3 45
4 5
4 13
5 25
5 41
6 31
6 32
7 16
7 24
8 10
8 19
9 9
9 36
10 12
10 37
11 0
11 30
12 19
12 35
13 6
13 41
14 6
14 30
15 11
15 14
16 38
16 44
17 20
17 23
18 43
18 44
19 33
19 37
20 5
20 28
21 3
21 7
22 2
22 17
23 28
23 43
24 38
24 42
25 17
25 40
26 8
26 12
27 1
27 2
28 22
28 25
29 1
29 7
30 31
30 34
31 15
31 39
32 4
32 39
33 10
33 26
34 15
34 45
35 8
35 33
36 9
36 36
37 26
37 35
38 21
38 29
39 13
39 14
40 4
40 20
41 32
41 40
42 0
42 21
43 22
43 27
44 27
44 29
45 11
45 42

# solution 996
# n=46 sym=rot4 status=verified source=flammenkamp_cache/n46_rot4.mvr
# code=mvr:0 25 0 29 1 33 1 34 2 20 2 38 3 10 3 18 
0 25
0 29
1 33
1 34
2 20
2 38
3 10
3 18
4 6
4 19
5 9
5 17
6 27
6 41
7 2
7 21
8 24
8 34
9 30
9 40
10 17
10 42
11 1
11 8
12 1
12 14
13 22
13 26
14 23
14 33
15 9
15 16
16 0
16 30
17 35
17 40
18 6
18 42
19 13
19 41
20 0
20 43
21 8
21 38
22 14
22 32
23 13
23 31
24 7
24 37
25 2
25 45
26 4
26 32
27 3
27 39
28 5
28 10
29 15
29 45
30 29
30 36
31 12
31 22
32 19
32 23
33 31
33 44
34 37
34 44
35 3
35 28
36 5
36 15
37 11
37 21
38 24
38 43
39 4
39 18
40 28
40 36
41 26
41 39
42 27
42 35
43 7
43 25
44 11
44 12
45 16
45 20

# solution 997
# n=46 sym=rot4 status=verified source=flammenkamp_cache/n46_rot4.mvr
# code=mvr:0 10 0 23 1 20 1 33 2 14 2 40 3 13 3 27 
0 10
0 23
1 20
1 33
2 14
2 40
3 13
3 27
4 20
4 23
5 2
5 35
6 8
6 36
7 27
7 32
8 29
8 39
9 6
9 16
10 5
10 45
11 19
11 33
12 1
12 11
13 7
13 42
14 15
14 43
15 24
15 31
16 8
16 36
17 19
17 24
18 3
18 7
19 28
19 34
20 41
20 44
21 15
21 17
22 0
22 4
23 41
23 45
24 28
24 30
25 1
25 4
26 11
26 17
27 38
27 42
28 21
28 26
29 9
29 37
30 14
30 21
31 2
31 30
32 3
32 38
33 34
33 44
34 12
34 26
35 0
35 40
36 29
36 39
37 6
37 16
38 13
38 18
39 9
39 37
40 10
40 43
41 22
41 25
42 18
42 32
43 5
43 31
44 12
44 25
45 22
45 35

# solution 998
# n=46 sym=rot4 status=verified source=flammenkamp_cache/n46_rot4.mvr
# code=mvr:0 10 0 16 1 23 1 32 2 19 2 21 3 14 3 27 
0 10
0 16
1 23
1 32
2 19
2 21
3 14
3 27
4 30
4 36
5 14
5 28
6 10
6 11
7 30
7 32
8 12
8 21
9 4
9 28
10 39
10 45
11 25
11 39
12 18
12 37
13 1
13 7
14 40
14 42
15 4
15 7
16 19
16 45
17 5
17 9
18 3
18 33
19 29
19 43
20 11
20 23
21 37
21 43
22 1
22 20
23 25
23 44
24 2
24 8
25 22
25 34
26 2
26 16
27 12
27 42
28 36
28 40
29 0
29 26
30 38
30 41
31 3
31 5
32 38
32 44
33 8
33 27
34 6
34 20
35 0
35 6
36 17
36 41
37 24
37 33
38 13
38 15
39 34
39 35
40 17
40 31
41 9
41 15
42 18
42 31
43 24
43 26
44 13
44 22
45 29
45 35

# solution 999
# n=46 sym=rot4 status=verified source=flammenkamp_cache/n46_rot4.mvr
# code=mvr:0 24 0 28 1 13 1 20 2 17 2 23 3 8 3 29 4
0 24
0 28
1 13
1 20
2 17
2 23
3 8
3 29
4 31
4 36
5 20
5 34
6 31
6 38
7 6
7 36
8 10
8 42
9 4
9 7
10 13
10 37
11 5
11 30
12 19
12 24
13 35
13 44
14 4
14 6
15 11
15 26
16 3
16 23
17 0
17 43
18 18
18 27
19 15
19 33
20 40
20 44
21 0
21 12
22 2
22 16
23 29
23 43
24 33
24 45
25 1
25 5
26 12
26 30
27 18
27 27
28 2
28 45
29 22
29 42
30 19
30 34
31 39
31 41
32 1
32 10
33 21
33 26
34 15
34 40
35 8
35 32
36 38
36 41
37 3
37 35
38 9
38 39
39 7
39 14
40 11
40 25
41 9
41 14
42 16
42 37
43 22
43 28
44 25
44 32
45 17
45 21

# solution 1000
# n=46 sym=rot4 status=verified source=flammenkamp_cache/n46_rot4.mvr
# code=mvr:0 23 0 36 1 9 1 13 2 26 2 29 3 19 3 31 4
0 23
0 36
1 9
1 13
2 26
2 29
3 19
3 31
4 10
4 39
5 20
5 31
6 4
6 20
7 27
7 34
8 13
8 18
9 0
9 44
10 23
10 41
11 7
11 17
12 15
12 30
13 37
13 44
14 3
14 5
15 12
15 33
16 2
16 24
17 24
17 34
18 7
18 37
19 2
19 42
20 39
20 40
21 16
21 17
22 0
22 10
23 35
23 45
24 28
24 29
25 5
25 6
26 3
26 43
27 8
27 38
28 11
28 21
29 21
29 43
30 12
30 33
31 40
31 42
32 1
32 8
33 15
33 30
34 28
34 38
35 4
35 22
36 1
36 45
37 27
37 32
38 11
38 18
39 25
39 41
40 14
40 25
41 6
41 35
42 14
42 26
43 16
43 19
44 32
44 36
45 9
45 22

# solution 1001
# n=46 sym=rot4 status=verified source=flammenkamp_cache/n46_rot4.mvr
# code=mvr:0 16 0 28 1 11 1 25 2 12 2 23 3 15 3 24 
0 16
0 28
1 11
1 25
2 12
2 23
3 15
3 24
4 28
4 34
5 14
5 35
6 8
6 38
7 6
7 19
8 23
8 39
9 32
9 35
10 5
10 9
11 4
11 44
12 19
12 43
13 9
13 30
14 25
14 40
15 13
15 42
16 24
16 45
17 0
17 4
18 18
18 27
19 33
19 38
20 1
20 14
21 3
21 16
22 2
22 8
23 37
23 43
24 29
24 42
25 31
25 44
26 7
26 12
27 18
27 27
28 41
28 45
29 0
29 21
30 3
30 32
31 5
31 20
32 15
32 36
33 2
33 26
34 1
34 41
35 36
35 40
36 10
36 13
37 6
37 22
38 26
38 39
39 7
39 37
40 10
40 31
41 11
41 17
42 21
42 30
43 22
43 33
44 20
44 34
45 17
45 29

# solution 1002
# n=46 sym=rot4 status=verified source=flammenkamp_cache/n46_rot4.mvr
# code=mvr:0 14 0 19 1 13 1 26 2 31 2 34 3 20 3 27 
0 14
0 19
1 13
1 26
2 31
2 34
3 20
3 27
4 8
4 36
5 7
5 20
6 22
6 29
7 10
7 40
8 27
8 41
9 4
9 15
10 11
10 38
11 2
11 35
12 13
12 17
13 33
13 44
14 2
14 45
15 17
15 36
16 6
16 23
17 30
17 33
18 3
18 8
19 1
19 45
20 40
20 42
21 21
21 24
22 16
22 39
23 6
23 29
24 21
24 24
25 3
25 5
26 0
26 44
27 37
27 42
28 12
28 15
29 22
29 39
30 9
30 28
31 0
31 43
32 1
32 12
33 28
33 32
34 10
34 43
35 7
35 34
36 30
36 41
37 4
37 18
38 5
38 35
39 16
39 23
40 25
40 38
41 9
41 37
42 18
42 25
43 11
43 14
44 19
44 32
45 26
45 31

# solution 1003
# n=46 sym=rot4 status=verified source=flammenkamp_cache/n46_rot4.mvr
# code=mvr:0 8 0 26 1 30 1 33 2 10 2 20 3 25 3 28 4
0 8
0 26
1 30
1 33
2 10
2 20
3 25
3 28
4 10
4 38
5 9
5 15
6 7
6 18
7 4
7 39
8 31
8 45
9 29
9 40
10 41
10 43
11 18
11 23
12 1
12 13
13 23
13 33
14 8
14 29
15 1
15 40
16 9
16 14
17 3
17 19
18 34
18 39
19 0
19 28
20 3
20 43
21 21
21 24
22 11
22 13
23 32
23 34
24 21
24 24
25 2
25 42
26 17
26 45
27 6
27 11
28 26
28 42
29 31
29 36
30 5
30 44
31 16
31 37
32 12
32 22
33 32
33 44
34 22
34 27
35 2
35 4
36 5
36 16
37 0
37 14
38 6
38 41
39 27
39 38
40 30
40 36
41 7
41 35
42 17
42 20
43 25
43 35
44 12
44 15
45 19
45 37

# solution 1004
# n=46 sym=rot4 status=verified source=flammenkamp_cache/n46_rot4.mvr
# code=mvr:0 21 0 25 1 24 1 28 2 32 2 34 3 15 3 20 
0 21
0 25
1 24
1 28
2 32
2 34
3 15
3 20
4 5
4 35
5 27
5 41
6 10
6 16
7 9
7 31
8 9
8 16
9 37
9 38
10 4
10 39
11 2
11 30
12 14
12 22
13 2
13 18
14 7
14 33
15 11
15 42
16 37
16 39
17 1
17 23
18 5
18 32
19 19
19 26
20 0
20 42
21 1
21 45
22 17
22 33
23 12
23 28
24 0
24 44
25 3
25 45
26 19
26 26
27 13
27 40
28 22
28 44
29 6
29 8
30 3
30 34
31 12
31 38
32 27
32 43
33 23
33 31
34 15
34 43
35 6
35 41
36 7
36 8
37 29
37 36
38 14
38 36
39 29
39 35
40 4
40 18
41 10
41 40
42 25
42 30
43 11
43 13
44 17
44 21
45 20
45 24

# solution 1005
# n=46 sym=rot4 status=verified source=flammenkamp_cache/n46_rot4.mvr
# code=mvr:0 22 0 31 1 6 1 27 2 13 2 27 3 11 3 21 4
0 22
0 31
1 6
1 27
2 13
2 27
3 11
3 21
4 28
4 40
5 4
5 25
6 35
6 44
7 14
7 16
8 20
8 26
9 21
9 30
10 6
10 12
11 30
11 42
12 13
12 35
13 33
13 43
14 0
14 38
15 9
15 11
16 23
16 38
17 4
17 26
18 1
18 2
19 8
19 17
20 5
20 37
21 36
21 42
22 16
22 45
23 0
23 29
24 3
24 9
25 8
25 40
26 28
26 37
27 43
27 44
28 19
28 41
29 7
29 22
30 34
30 36
31 7
31 45
32 2
32 12
33 10
33 32
34 3
34 15
35 33
35 39
36 15
36 24
37 19
37 25
38 29
38 31
39 1
39 10
40 20
40 41
41 5
41 17
42 24
42 34
43 18
43 32
44 18
44 39
45 14
45 23

# solution 1006
# n=46 sym=rot4 status=verified source=flammenkamp_cache/n46_rot4.mvr
# code=mvr:0 8 0 33 1 25 1 28 2 15 2 22 3 10 3 13 4
0 8
0 33
1 25
1 28
2 15
2 22
3 10
3 13
4 19
4 38
5 5
5 40
6 21
6 33
7 4
7 31
8 9
8 45
9 19
9 37
10 18
10 42
11 16
11 30
12 0
12 6
13 18
13 42
14 7
14 28
15 11
15 43
16 20
16 34
17 1
17 14
18 32
18 35
19 36
19 41
20 1
20 29
21 23
21 39
22 21
22 43
23 2
23 24
24 6
24 22
25 16
25 44
26 4
26 9
27 10
27 13
28 31
28 44
29 11
29 25
30 2
30 34
31 17
31 38
32 3
32 27
33 39
33 45
34 15
34 29
35 3
35 27
36 8
36 26
37 0
37 36
38 14
38 41
39 12
39 24
40 5
40 40
41 7
41 26
42 32
42 35
43 23
43 30
44 17
44 20
45 12
45 37

# solution 1007
# n=46 sym=rot4 status=verified source=flammenkamp_cache/n46_rot4.mvr
# code=mvr:0 12 0 17 1 19 1 34 2 22 2 29 3 8 3 19 4
0 12
0 17
1 19
1 34
2 22
2 29
3 8
3 19
4 15
4 33
5 5
5 40
6 27
6 35
7 20
7 29
8 28
8 42
9 13
9 31
10 6
10 24
11 1
11 18
12 4
12 45
13 15
13 36
14 9
14 24
15 32
15 41
16 2
16 7
17 8
17 45
18 6
18 34
19 42
19 44
20 23
20 38
21 10
21 14
22 20
22 43
23 2
23 25
24 31
24 35
25 7
25 22
26 1
26 3
27 11
27 39
28 0
28 37
29 38
29 43
30 4
30 13
31 21
31 36
32 9
32 30
33 0
33 41
34 27
34 44
35 21
35 39
36 14
36 32
37 3
37 17
38 16
38 25
39 10
39 18
40 5
40 40
41 12
41 30
42 26
42 37
43 16
43 23
44 11
44 26
45 28
45 33

# solution 1008
# n=46 sym=rot4 status=verified source=flammenkamp_cache/n46_rot4.mvr
# code=mvr:0 16 0 26 1 14 1 23 2 18 2 25 3 30 3 32 
0 16
0 26
1 14
1 23
2 18
2 25
3 30
3 32
4 27
4 40
5 4
5 10
6 15
6 37
7 14
7 25
8 6
8 11
9 17
9 21
10 32
10 40
11 26
11 37
12 16
12 23
13 3
13 10
14 38
14 44
15 3
15 39
16 33
16 45
17 24
17 36
18 4
18 43
19 0
19 11
20 2
20 7
21 17
21 36
22 1
22 12
23 33
23 44
24 9
24 28
25 38
25 43
26 34
26 45
27 2
27 41
28 9
28 21
29 0
29 12
30 6
30 42
31 1
31 7
32 35
32 42
33 22
33 29
34 8
34 19
35 5
35 13
36 24
36 28
37 34
37 39
38 20
38 31
39 8
39 30
40 35
40 41
41 5
41 18
42 13
42 15
43 20
43 27
44 22
44 31
45 19
45 29

# solution 1009
# n=46 sym=rot4 status=verified source=flammenkamp_cache/n46_rot4.mvr
# code=mvr:0 23 0 35 1 25 1 35 2 30 2 33 3 14 3 39 
0 23
0 35
1 25
1 35
2 30
2 33
3 14
3 39
4 5
4 23
5 17
5 41
6 3
6 18
7 24
7 34
8 8
8 37
9 14
9 33
10 0
10 1
11 7
11 19
12 2
12 9
13 28
13 30
14 36
14 42
15 2
15 13
16 18
16 24
17 13
17 40
18 29
18 39
19 25
19 34
20 1
20 19
21 7
21 16
22 0
22 4
23 41
23 45
24 29
24 38
25 26
25 44
26 11
26 20
27 6
27 16
28 5
28 32
29 21
29 27
30 32
30 43
31 3
31 9
32 15
32 17
33 36
33 43
34 26
34 38
35 44
35 45
36 12
36 31
37 8
37 37
38 11
38 21
39 27
39 42
40 4
40 28
41 22
41 40
42 6
42 31
43 12
43 15
44 10
44 20
45 10
45 22

# solution 1010
# n=46 sym=rot4 status=verified source=flammenkamp_cache/n46_rot4.mvr
# code=mvr:0 19 0 22 1 30 1 35 2 13 2 16 3 16 3 24 
0 19
0 22
1 30
1 35
2 13
2 16
3 16
3 24
4 8
4 38
5 24
5 28
6 6
6 39
7 4
7 13
8 19
8 41
9 11
9 14
10 1
10 11
11 35
11 36
12 20
12 27
13 38
13 43
14 15
14 36
15 1
15 31
16 42
16 43
17 5
17 20
18 12
18 23
19 37
19 45
20 28
20 33
21 3
21 5
22 18
22 45
23 0
23 27
24 40
24 42
25 12
25 17
26 0
26 8
27 22
27 33
28 25
28 40
29 2
29 3
30 14
30 44
31 9
31 30
32 2
32 7
33 18
33 25
34 9
34 10
35 34
35 44
36 31
36 34
37 4
37 26
38 32
38 41
39 6
39 39
40 17
40 21
41 7
41 37
42 21
42 29
43 29
43 32
44 10
44 15
45 23
45 26

# solution 1011
# n=46 sym=rot4 status=verified source=flammenkamp_cache/n46_rot4.mvr
# code=mvr:0 24 0 29 1 7 1 16 2 5 2 32 3 12 3 23 4 
0 24
0 29
1 7
1 16
2 5
2 32
3 12
3 23
4 7
4 36
5 18
5 43
6 32
6 37
7 41
7 44
8 6
8 14
9 4
9 24
10 19
10 31
11 23
11 30
12 19
12 42
13 2
13 6
14 10
14 37
15 11
15 17
16 0
16 44
17 27
17 30
18 17
18 40
19 33
19 35
20 20
20 25
21 0
21 9
22 3
22 11
23 34
23 42
24 36
24 45
25 20
25 25
26 10
26 12
27 5
27 28
28 15
28 18
29 1
29 45
30 28
30 34
31 8
31 35
32 39
32 43
33 3
33 26
34 15
34 22
35 14
35 26
36 21
36 41
37 31
37 39
38 1
38 4
39 8
39 13
40 2
40 27
41 9
41 38
42 22
42 33
43 13
43 40
44 29
44 38
45 16
45 21

# solution 1012
# n=46 sym=rot4 status=verified source=flammenkamp_cache/n46_rot4.mvr
# code=mvr:0 15 0 24 1 18 1 26 2 16 2 17 3 7 3 35 4
0 15
0 24
1 18
1 26
2 16
2 17
3 7
3 35
4 18
4 38
5 11
5 13
6 6
6 39
7 4
7 42
8 24
8 30
9 13
9 20
10 3
10 23
11 29
11 40
12 23
12 31
13 36
13 40
14 12
14 19
15 8
15 45
16 11
16 43
17 25
17 43
18 41
18 44
19 1
19 31
20 17
20 36
21 0
21 8
22 10
22 12
23 33
23 35
24 37
24 45
25 9
25 28
26 14
26 44
27 1
27 4
28 2
28 20
29 2
29 34
30 0
30 37
31 26
31 33
32 5
32 9
33 14
33 22
34 5
34 16
35 22
35 42
36 25
36 32
37 15
37 21
38 3
38 41
39 6
39 39
40 32
40 34
41 7
41 27
42 10
42 38
43 28
43 29
44 19
44 27
45 21
45 30

# solution 1013
# n=46 sym=rot4 status=verified source=flammenkamp_cache/n46_rot4.mvr
# code=mvr:0 23 0 27 1 19 1 33 2 7 2 27 3 10 3 16 4
0 23
0 27
1 19
1 33
2 7
2 27
3 10
3 16
4 17
4 37
5 31
5 36
6 20
6 33
7 8
7 43
8 4
8 38
9 5
9 20
10 32
10 42
11 13
11 17
12 1
12 6
13 10
13 34
14 5
14 26
15 16
15 23
16 30
16 42
17 34
17 41
18 0
18 2
19 14
19 44
20 36
20 39
21 21
21 24
22 0
22 15
23 30
23 45
24 21
24 24
25 6
25 9
26 1
26 31
27 43
27 45
28 4
28 11
29 3
29 15
30 22
30 29
31 19
31 40
32 11
32 35
33 39
33 44
34 28
34 32
35 3
35 13
36 25
36 40
37 7
37 41
38 2
38 37
39 12
39 25
40 9
40 14
41 8
41 28
42 29
42 35
43 18
43 38
44 12
44 26
45 18
45 22

# solution 1014
# n=46 sym=rot4 status=verified source=flammenkamp_cache/n46_rot4.mvr
# code=mvr:0 17 0 21 1 22 1 28 2 14 2 21 3 26 3 27 
0 17
0 21
1 22
1 28
2 14
2 21
3 26
3 27
4 23
4 35
5 13
5 33
6 10
6 16
7 8
7 33
8 34
8 38
9 11
9 27
10 4
10 39
11 8
11 36
12 5
12 7
13 20
13 40
14 25
14 43
15 16
15 26
16 30
16 39
17 1
17 45
18 3
18 9
19 3
19 15
20 14
20 32
21 43
21 45
22 4
22 44
23 1
23 41
24 0
24 2
25 13
25 31
26 30
26 42
27 36
27 42
28 0
28 44
29 6
29 15
30 19
30 29
31 2
31 20
32 5
32 25
33 38
33 40
34 9
34 37
35 6
35 41
36 18
36 34
37 7
37 11
38 12
38 37
39 29
39 35
40 12
40 32
41 10
41 22
42 18
42 19
43 24
43 31
44 17
44 23
45 24
45 28

# solution 1015
# n=46 sym=rot4 status=verified source=flammenkamp_cache/n46_rot4.mvr
# code=mvr:0 12 0 37 1 22 1 31 2 16 2 17 3 20 3 27 
0 12
0 37
1 22
1 31
2 16
2 17
3 20
3 27
4 31
4 36
5 11
5 21
6 26
6 38
7 6
7 10
8 0
8 29
9 4
9 13
10 17
10 38
11 18
11 40
12 32
12 45
13 12
13 36
14 1
14 4
15 21
15 25
16 8
16 43
17 35
17 43
18 3
18 34
19 6
19 23
20 15
20 42
21 30
21 40
22 19
22 44
23 1
23 26
24 5
24 15
25 3
25 30
26 22
26 39
27 11
27 42
28 2
28 10
29 2
29 37
30 20
30 24
31 41
31 44
32 9
32 33
33 0
33 13
34 5
34 27
35 7
35 28
36 32
36 41
37 16
37 45
38 35
38 39
39 7
39 19
40 24
40 34
41 9
41 14
42 18
42 25
43 28
43 29
44 14
44 23
45 8
45 33

# solution 1016
# n=46 sym=rot4 status=verified source=flammenkamp_cache/n46_rot4.mvr
# code=mvr:0 9 0 10 1 14 1 22 2 23 2 27 3 4 3 12 4 
0 9
0 10
1 14
1 22
2 23
2 27
3 4
3 12
4 35
4 42
5 20
5 24
6 17
6 29
7 11
7 15
8 19
8 34
9 33
9 45
10 4
10 45
11 8
11 38
12 9
12 42
13 25
13 30
14 29
14 44
15 13
15 38
16 6
16 14
17 24
17 39
18 2
18 19
19 27
19 37
20 13
20 40
21 5
21 17
22 2
22 44
23 1
23 43
24 28
24 40
25 5
25 32
26 8
26 18
27 26
27 43
28 6
28 21
29 31
29 39
30 7
30 32
31 1
31 16
32 15
32 20
33 3
33 36
34 7
34 37
35 0
35 41
36 0
36 12
37 11
37 26
38 30
38 34
39 16
39 28
40 21
40 25
41 3
41 10
42 33
42 41
43 18
43 22
44 23
44 31
45 35
45 36

# solution 1017
# n=46 sym=rot4 status=verified source=flammenkamp_cache/n46_rot4.mvr
# code=mvr:0 7 0 9 1 12 1 25 2 22 2 31 3 34 3 36 4 
0 7
0 9
1 12
1 25
2 22
2 31
3 34
3 36
4 24
4 29
5 11
5 18
6 13
6 21
7 35
7 45
8 23
8 35
9 3
9 45
10 7
10 8
11 3
11 40
12 28
12 44
13 31
13 39
14 2
14 13
15 17
15 25
16 4
16 26
17 12
17 30
18 26
18 40
19 16
19 18
20 1
20 15
21 4
21 39
22 8
22 43
23 2
23 37
24 6
24 41
25 30
25 44
26 27
26 29
27 5
27 19
28 15
28 33
29 19
29 41
30 20
30 28
31 32
31 43
32 6
32 14
33 1
33 17
34 5
34 42
35 37
35 38
36 0
36 42
37 10
37 22
38 0
38 10
39 24
39 32
40 27
40 34
41 16
41 21
42 9
42 11
43 14
43 23
44 20
44 33
45 36
45 38

# solution 1018
# n=46 sym=rot4 status=verified source=flammenkamp_cache/n46_rot4.mvr
# code=mvr:0 10 0 16 1 17 1 23 2 20 2 23 3 18 3 30 
0 10
0 16
1 17
1 23
2 20
2 23
3 18
3 30
4 32
4 39
5 9
5 16
6 4
6 11
7 9
7 12
8 30
8 33
9 38
9 40
10 17
10 45
11 31
11 39
12 8
12 38
13 4
13 26
14 11
14 20
15 3
15 8
16 40
16 45
17 35
17 44
18 26
18 42
19 13
19 18
20 31
20 43
21 21
21 24
22 1
22 2
23 43
23 44
24 21
24 24
25 2
25 14
26 27
26 32
27 3
27 19
28 1
28 10
29 0
29 5
30 37
30 42
31 25
31 34
32 19
32 41
33 7
33 37
34 6
34 14
35 0
35 28
36 5
36 7
37 12
37 15
38 33
38 36
39 34
39 41
40 29
40 36
41 6
41 13
42 15
42 27
43 22
43 25
44 22
44 28
45 29
45 35

# solution 1019
# n=46 sym=rot4 status=verified source=flammenkamp_cache/n46_rot4.mvr
# code=mvr:0 22 0 37 1 26 1 29 2 11 2 12 3 18 3 21 
0 22
0 37
1 26
1 29
2 11
2 12
3 18
3 21
4 15
4 35
5 5
5 40
6 13
6 25
7 8
7 26
8 0
8 38
9 14
9 23
10 4
10 34
11 10
11 43
12 17
12 43
13 29
13 39
14 27
14 36
15 21
15 41
16 1
16 13
17 25
17 33
18 14
18 42
19 1
19 7
20 6
20 17
21 30
21 42
22 9
22 45
23 0
23 36
24 3
24 15
25 28
25 39
26 38
26 44
27 3
27 31
28 12
28 20
29 32
29 44
30 4
30 24
31 9
31 18
32 6
32 16
33 2
33 28
34 2
34 35
35 11
35 41
36 22
36 31
37 7
37 45
38 19
38 37
39 20
39 32
40 5
40 40
41 10
41 30
42 24
42 27
43 33
43 34
44 16
44 19
45 8
45 23

# solution 1020
# n=46 sym=rot4 status=verified source=flammenkamp_cache/n46_rot4.mvr
# code=mvr:0 21 0 30 1 11 1 18 2 16 2 25 3 19 3 23 
0 21
0 30
1 11
1 18
2 16
2 25
3 19
3 23
4 14
4 35
5 38
5 39
6 5
6 30
7 5
7 18
8 19
8 21
9 14
9 28
10 4
10 32
11 32
11 44
12 16
12 25
13 10
13 11
14 36
14 41
15 0
15 6
16 33
16 43
17 9
17 23
18 38
18 44
19 37
19 42
20 2
20 12
21 37
21 45
22 3
22 17
23 28
23 42
24 0
24 8
25 33
25 43
26 3
26 8
27 1
27 7
28 22
28 36
29 2
29 12
30 39
30 45
31 4
31 9
32 34
32 35
33 20
33 29
34 1
34 13
35 13
35 41
36 17
36 31
37 24
37 26
38 27
38 40
39 15
39 40
40 6
40 7
41 10
41 31
42 22
42 26
43 20
43 29
44 27
44 34
45 15
45 24

# solution 1021
# n=46 sym=rot4 status=verified source=flammenkamp_cache/n46_rot4.mvr
# code=mvr:0 23 0 28 1 18 1 29 2 23 2 39 3 9 3 37 4
0 23
0 28
1 18
1 29
2 23
2 39
3 9
3 37
4 14
4 30
5 15
5 29
6 2
6 36
7 13
7 19
8 3
8 10
9 6
9 42
10 11
10 37
11 19
11 35
12 20
12 24
13 14
13 38
14 32
14 41
15 4
15 40
16 1
16 5
17 0
17 24
18 20
18 44
19 34
19 38
20 27
20 33
21 12
21 17
22 0
22 2
23 43
23 45
24 28
24 33
25 12
25 18
26 7
26 11
27 1
27 25
28 21
28 45
29 40
29 44
30 5
30 41
31 4
31 13
32 7
32 31
33 21
33 25
34 10
34 26
35 8
35 34
36 3
36 39
37 35
37 42
38 26
38 32
39 9
39 43
40 16
40 30
41 15
41 31
42 8
42 36
43 6
43 22
44 16
44 27
45 17
45 22

# solution 1022
# n=46 sym=rot4 status=verified source=flammenkamp_cache/n46_rot4.mvr
# code=mvr:0 20 0 23 1 16 1 36 2 26 2 28 3 10 3 25 
0 20
0 23
1 16
1 36
2 26
2 28
3 10
3 25
4 17
4 31
5 6
5 8
6 37
6 40
7 30
7 33
8 6
8 40
9 1
9 15
10 16
10 42
11 23
11 27
12 7
12 21
13 13
13 32
14 4
14 18
15 7
15 36
16 35
16 44
17 2
17 41
18 11
18 31
19 2
19 24
20 3
20 45
21 19
21 33
22 0
22 11
23 34
23 45
24 12
24 26
25 0
25 42
26 21
26 43
27 14
27 34
28 4
28 43
29 1
29 10
30 9
30 38
31 27
31 41
32 13
32 32
33 24
33 38
34 18
34 22
35 3
35 29
36 30
36 44
37 5
37 39
38 12
38 15
39 5
39 8
40 37
40 39
41 14
41 28
42 20
42 35
43 17
43 19
44 9
44 29
45 22
45 25

# solution 1023
# n=46 sym=rot4 status=verified source=flammenkamp_cache/n46_rot4.mvr
# code=mvr:0 21 0 32 1 17 1 32 2 11 2 23 3 25 3 39 
0 21
0 32
1 17
1 32
2 11
2 23
3 25
3 39
4 6
4 31
5 9
5 28
6 3
6 41
7 8
7 23
8 34
8 38
9 31
9 40
10 16
10 21
11 8
11 43
12 19
12 25
13 0
13 1
14 4
14 9
15 15
15 30
16 18
16 35
17 5
17 44
18 26
18 29
19 18
19 33
20 3
20 12
21 35
21 45
22 2
22 7
23 38
23 43
24 0
24 10
25 33
25 42
26 12
26 27
27 16
27 19
28 1
28 40
29 10
29 27
30 15
30 30
31 36
31 41
32 44
32 45
33 20
33 26
34 2
34 37
35 24
35 29
36 5
36 14
37 7
37 11
38 22
38 37
39 4
39 42
40 17
40 36
41 14
41 39
42 6
42 20
43 22
43 34
44 13
44 28
45 13
45 24

# solution 1024
# n=46 sym=rot4 status=verified source=flammenkamp_cache/n46_rot4.mvr
# code=mvr:0 13 0 22 1 28 1 30 2 35 2 37 3 21 3 35 
0 13
0 22
1 28
1 30
2 35
2 37
3 21
3 35
4 19
4 28
5 19
5 39
6 5
6 9
7 23
7 34
8 2
8 27
9 12
9 39
10 2
10 3
11 7
11 16
12 16
12 36
13 21
13 45
14 14
14 31
15 1
15 25
16 33
16 34
17 1
17 4
18 8
18 20
19 40
19 41
20 15
20 27
21 32
21 42
22 7
22 45
23 0
23 38
24 3
24 13
25 18
25 30
26 4
26 5
27 25
27 37
28 41
28 44
29 11
29 12
30 20
30 44
31 14
31 31
32 0
32 24
33 9
33 29
34 29
34 38
35 42
35 43
36 6
36 33
37 18
37 43
38 11
38 22
39 36
39 40
40 6
40 26
41 17
41 26
42 10
42 24
43 8
43 10
44 15
44 17
45 23
45 32

# solution 1025
# n=46 sym=rot4 status=verified source=flammenkamp_cache/n46_rot4.mvr
# code=mvr:0 21 0 22 1 13 1 16 2 8 2 28 3 11 3 36 4
0 21
0 22
1 13
1 16
2 8
2 28
3 11
3 36
4 16
4 40
5 4
5 31
6 19
6 28
7 20
7 37
8 7
8 43
9 3
9 33
10 14
10 18
11 27
11 42
12 9
12 30
13 23
13 44
14 5
14 35
15 12
15 20
16 41
16 44
17 2
17 6
18 11
18 35
19 24
19 39
20 30
20 38
21 19
21 45
22 13
22 45
23 0
23 32
24 0
24 26
25 7
25 15
26 6
26 21
27 10
27 34
28 39
28 43
29 1
29 4
30 25
30 33
31 10
31 40
32 1
32 22
33 15
33 36
34 3
34 18
35 27
35 31
36 12
36 42
37 2
37 38
38 8
38 25
39 17
39 26
40 14
40 41
41 5
41 29
42 9
42 34
43 17
43 37
44 29
44 32
45 23
45 24

# solution 1026
# n=46 sym=rot4 status=verified source=flammenkamp_cache/n46_rot4.mvr
# code=mvr:0 11 0 20 1 17 1 19 2 11 2 30 3 15 3 39 
0 11
0 20
1 17
1 19
2 11
2 30
3 15
3 39
4 24
4 39
5 12
5 18
6 3
6 4
7 8
7 12
8 23
8 38
9 26
9 32
10 24
10 31
11 43
11 45
12 38
12 40
13 9
13 29
14 10
14 23
15 2
15 42
16 13
16 17
17 29
17 44
18 25
18 40
19 9
19 44
20 18
20 45
21 4
21 10
22 8
22 14
23 31
23 37
24 35
24 41
25 0
25 27
26 1
26 36
27 5
27 20
28 1
28 16
29 28
29 32
30 3
30 43
31 22
31 35
32 16
32 36
33 5
33 7
34 0
34 2
35 14
35 21
36 13
36 19
37 7
37 22
38 33
38 37
39 41
39 42
40 27
40 33
41 6
41 21
42 6
42 30
43 15
43 34
44 26
44 28
45 25
45 34

# solution 1027
# n=46 sym=rot4 status=verified source=flammenkamp_cache/n46_rot4.mvr
# code=mvr:0 20 0 24 1 15 1 27 2 8 2 20 3 14 3 27 4
0 20
0 24
1 15
1 27
2 8
2 20
3 14
3 27
4 32
4 40
5 4
5 21
6 29
6 33
7 11
7 29
8 11
8 43
9 17
9 23
10 28
10 32
11 37
11 38
12 6
12 23
13 4
13 10
14 30
14 42
15 14
15 44
16 6
16 7
17 10
17 36
18 1
18 3
19 19
19 26
20 43
20 45
21 0
21 40
22 9
22 12
23 33
23 36
24 5
24 45
25 0
25 2
26 19
26 26
27 42
27 44
28 9
28 35
29 38
29 39
30 1
30 31
31 3
31 15
32 35
32 41
33 22
33 39
34 7
34 8
35 13
35 17
36 22
36 28
37 2
37 34
38 16
38 34
39 12
39 16
40 24
40 41
41 5
41 13
42 18
42 31
43 25
43 37
44 18
44 30
45 21
45 25

# solution 1028
# n=46 sym=rot4 status=verified source=flammenkamp_cache/n46_rot4.mvr
# code=mvr:0 22 0 24 1 30 1 35 2 19 2 20 3 11 3 32 
0 22
0 24
1 30
1 35
2 19
2 20
3 11
3 32
4 15
4 29
5 20
5 38
6 7
6 33
7 5
7 39
8 9
8 11
9 29
9 37
10 1
10 28
11 37
11 42
12 6
12 23
13 3
13 18
14 14
14 31
15 1
15 41
16 4
16 9
17 10
17 19
18 24
18 32
19 28
19 43
20 40
20 43
21 0
21 18
22 12
22 45
23 0
23 33
24 27
24 45
25 2
25 5
26 2
26 17
27 13
27 21
28 26
28 35
29 36
29 41
30 4
30 44
31 14
31 31
32 27
32 42
33 22
33 39
34 3
34 8
35 17
35 44
36 8
36 16
37 34
37 36
38 6
38 40
39 12
39 38
40 7
40 25
41 16
41 30
42 13
42 34
43 25
43 26
44 10
44 15
45 21
45 23

# solution 1029
# n=46 sym=rot4 status=verified source=flammenkamp_cache/n46_rot4.mvr
# code=mvr:0 22 0 29 1 20 1 28 2 16 2 21 3 8 3 34 4
0 22
0 29
1 20
1 28
2 16
2 21
3 8
3 34
4 15
4 33
5 6
5 23
6 27
6 40
7 14
7 21
8 33
8 42
9 27
9 30
10 10
10 35
11 3
11 14
12 4
12 8
13 20
13 26
14 34
14 38
15 9
15 41
16 0
16 43
17 1
17 19
18 6
18 9
19 13
19 28
20 32
20 44
21 38
21 43
22 5
22 45
23 0
23 40
24 2
24 7
25 1
25 13
26 17
26 32
27 36
27 39
28 26
28 44
29 2
29 45
30 4
30 36
31 7
31 11
32 19
32 25
33 37
33 41
34 31
34 42
35 10
35 35
36 15
36 18
37 3
37 12
38 24
38 31
39 5
39 18
40 22
40 39
41 12
41 30
42 11
42 37
43 24
43 29
44 17
44 25
45 16
45 23

# solution 1030
# n=46 sym=rot4 status=verified source=flammenkamp_cache/n46_rot4.mvr
# code=mvr:0 11 0 14 1 30 1 39 2 18 2 24 3 7 3 31 4
0 11
0 14
1 30
1 39
2 18
2 24
3 7
3 31
4 16
4 33
5 7
5 22
6 1
6 18
7 40
7 42
8 13
8 17
9 26
9 30
10 26
10 29
11 24
11 45
12 4
12 13
13 33
13 37
14 3
14 45
15 1
15 9
16 10
16 41
17 20
17 37
18 39
18 43
19 9
19 10
20 23
20 28
21 2
21 11
22 20
22 40
23 5
23 25
24 34
24 43
25 17
25 22
26 35
26 36
27 2
27 6
28 8
28 25
29 4
29 35
30 36
30 44
31 0
31 42
32 8
32 12
33 32
33 41
34 0
34 21
35 16
35 19
36 15
36 19
37 28
37 32
38 3
38 5
39 27
39 44
40 23
40 38
41 12
41 29
42 14
42 38
43 21
43 27
44 6
44 15
45 31
45 34

# solution 1031
# n=46 sym=rot4 status=verified source=flammenkamp_cache/n46_rot4.mvr
# code=mvr:0 14 0 20 1 18 1 28 2 33 2 37 3 16 3 28 
0 14
0 20
1 18
1 28
2 33
2 37
3 16
3 28
4 9
4 39
5 7
5 21
6 4
6 10
7 29
7 40
8 2
8 32
9 30
9 41
10 11
10 39
11 22
11 35
12 2
12 30
13 8
13 20
14 24
14 45
15 9
15 12
16 7
16 42
17 1
17 3
18 19
18 44
19 23
19 27
20 32
20 45
21 14
21 40
22 19
22 34
23 11
23 26
24 5
24 31
25 0
25 13
26 18
26 22
27 1
27 26
28 42
28 44
29 3
29 38
30 33
30 36
31 0
31 21
32 25
32 37
33 15
33 43
34 10
34 23
35 6
35 34
36 4
36 15
37 13
37 43
38 5
38 16
39 35
39 41
40 24
40 38
41 6
41 36
42 17
42 29
43 8
43 12
44 17
44 27
45 25
45 31

# solution 1032
# n=46 sym=rot4 status=verified source=flammenkamp_cache/n46_rot4.mvr
# code=mvr:0 6 0 20 1 27 1 40 2 12 2 28 3 27 3 35 4
0 6
0 20
1 27
1 40
2 12
2 28
3 27
3 35
4 12
4 23
5 1
5 37
6 30
6 45
7 7
7 38
8 5
8 14
9 11
9 23
10 3
10 19
11 24
11 36
12 41
12 43
13 29
13 30
14 26
14 37
15 6
15 13
16 13
16 17
17 2
17 29
18 1
18 3
19 14
19 35
20 24
20 45
21 11
21 20
22 4
22 9
23 36
23 41
24 25
24 34
25 0
25 21
26 10
26 31
27 42
27 44
28 16
28 43
29 28
29 32
30 32
30 39
31 8
31 19
32 15
32 16
33 2
33 4
34 9
34 21
35 26
35 42
36 22
36 34
37 31
37 40
38 7
38 38
39 0
39 15
40 8
40 44
41 22
41 33
42 10
42 18
43 17
43 33
44 5
44 18
45 25
45 39

# solution 1033
# n=46 sym=rot4 status=verified source=flammenkamp_cache/n46_rot4.mvr
# code=mvr:0 14 0 26 1 27 1 34 2 12 2 30 3 19 3 36 
0 14
0 26
1 27
1 34
2 12
2 30
3 19
3 36
4 12
4 21
5 17
5 20
6 9
6 34
7 29
7 37
8 7
8 23
9 3
9 39
10 13
10 16
11 1
11 6
12 41
12 43
13 25
13 35
14 30
14 45
15 2
15 14
16 7
16 35
17 24
17 40
18 1
18 23
19 0
19 42
20 13
20 40
21 17
21 41
22 8
22 18
23 27
23 37
24 4
24 28
25 5
25 32
26 3
26 45
27 22
27 44
28 5
28 21
29 10
29 38
30 31
30 43
31 0
31 15
32 10
32 20
33 2
33 4
34 39
34 44
35 29
35 32
36 6
36 42
37 22
37 38
38 8
38 16
39 11
39 36
40 25
40 28
41 24
41 33
42 9
42 26
43 15
43 33
44 11
44 18
45 19
45 31

# solution 1034
# n=46 sym=rot4 status=verified source=flammenkamp_cache/n46_rot4.mvr
# code=mvr:0 16 0 20 1 5 1 30 2 12 2 30 3 22 3 31 4
0 16
0 20
1 5
1 30
2 12
2 30
3 22
3 31
4 9
4 27
5 13
5 44
6 8
6 16
7 23
7 31
8 20
8 39
9 35
9 41
10 9
10 13
11 17
11 19
12 24
12 43
13 35
13 40
14 3
14 7
15 1
15 2
16 39
16 45
17 19
17 34
18 4
18 24
19 28
19 34
20 37
20 45
21 12
21 18
22 7
22 42
23 3
23 38
24 27
24 33
25 0
25 8
26 11
26 17
27 21
27 41
28 11
28 26
29 0
29 6
30 43
30 44
31 38
31 42
32 5
32 10
33 2
33 21
34 26
34 28
35 32
35 36
36 4
36 10
37 6
37 25
38 14
38 22
39 29
39 37
40 1
40 32
41 18
41 36
42 14
42 23
43 15
43 33
44 15
44 40
45 25
45 29

# solution 1035
# n=46 sym=rot4 status=verified source=flammenkamp_cache/n46_rot4.mvr
# code=mvr:0 23 0 25 1 17 1 29 2 19 2 23 3 30 3 36 
0 23
0 25
1 17
1 29
2 19
2 23
3 30
3 36
4 12
4 16
5 11
5 35
6 8
6 36
7 20
7 31
8 27
8 39
9 3
9 6
10 5
10 12
11 27
11 40
12 35
12 41
13 14
13 17
14 7
14 32
15 3
15 19
16 1
16 41
17 32
17 44
18 8
18 11
19 30
19 43
20 0
20 38
21 21
21 24
22 0
22 2
23 43
23 45
24 21
24 24
25 7
25 45
26 2
26 15
27 34
27 37
28 1
28 13
29 4
29 44
30 26
30 42
31 13
31 38
32 28
32 31
33 4
33 10
34 5
34 18
35 33
35 40
36 39
36 42
37 6
37 18
38 14
38 25
39 9
39 37
40 10
40 34
41 29
41 33
42 9
42 15
43 22
43 26
44 16
44 28
45 20
45 22

# solution 1036
# n=46 sym=rot4 status=verified source=flammenkamp_cache/n46_rot4.mvr
# code=mvr:0 12 0 28 1 15 1 26 2 23 2 25 3 25 3 38 
0 12
0 28
1 15
1 26
2 23
2 25
3 25
3 38
4 14
4 40
5 4
5 15
6 35
6 36
7 3
7 29
8 14
8 28
9 6
9 33
10 6
10 16
11 23
11 27
12 9
12 45
13 24
13 27
14 37
14 41
15 40
15 44
16 7
16 35
17 0
17 8
18 11
18 13
19 1
19 24
20 2
20 3
21 13
21 19
22 2
22 11
23 34
23 43
24 26
24 32
25 42
25 43
26 21
26 44
27 32
27 34
28 37
28 45
29 10
29 38
30 1
30 5
31 4
31 8
32 18
32 21
33 0
33 36
34 18
34 22
35 29
35 39
36 12
36 39
37 17
37 31
38 16
38 42
39 9
39 10
40 30
40 41
41 5
41 31
42 7
42 20
43 20
43 22
44 19
44 30
45 17
45 33

# solution 1037
# n=46 sym=rot4 status=verified source=flammenkamp_cache/n46_rot4.mvr
# code=mvr:0 12 0 28 1 26 1 30 2 23 2 25 3 25 3 38 
0 12
0 28
1 26
1 30
2 23
2 25
3 25
3 38
4 14
4 40
5 4
5 15
6 35
6 36
7 3
7 29
8 14
8 28
9 6
9 33
10 6
10 16
11 23
11 27
12 9
12 45
13 24
13 27
14 37
14 41
15 1
15 40
16 7
16 35
17 0
17 8
18 11
18 13
19 1
19 24
20 2
20 3
21 13
21 19
22 2
22 11
23 34
23 43
24 26
24 32
25 42
25 43
26 21
26 44
27 32
27 34
28 37
28 45
29 10
29 38
30 5
30 44
31 4
31 8
32 18
32 21
33 0
33 36
34 18
34 22
35 29
35 39
36 12
36 39
37 17
37 31
38 16
38 42
39 9
39 10
40 30
40 41
41 5
41 31
42 7
42 20
43 20
43 22
44 15
44 19
45 17
45 33

# solution 1038
# n=46 sym=rot4 status=verified source=flammenkamp_cache/n46_rot4.mvr
# code=mvr:0 13 0 25 1 18 1 29 2 8 2 25 3 26 3 27 4
0 13
0 25
1 18
1 29
2 8
2 25
3 26
3 27
4 11
4 15
5 11
5 21
6 15
6 36
7 7
7 38
8 33
8 43
9 6
9 19
10 28
10 32
11 40
11 41
12 8
12 14
13 10
13 45
14 22
14 33
15 39
15 41
16 1
16 28
17 10
17 16
18 3
18 44
19 3
19 36
20 0
20 2
21 23
21 40
22 21
22 31
23 14
23 24
24 5
24 22
25 43
25 45
26 9
26 42
27 1
27 42
28 29
28 35
29 17
29 44
30 4
30 6
31 12
31 23
32 0
32 35
33 31
33 37
34 4
34 5
35 13
35 17
36 26
36 39
37 2
37 12
38 7
38 38
39 9
39 30
40 24
40 34
41 30
41 34
42 18
42 19
43 20
43 37
44 16
44 27
45 20
45 32

# solution 1039
# n=46 sym=rot4 status=verified source=flammenkamp_cache/n46_rot4.mvr
# code=mvr:0 21 0 22 1 27 1 30 2 17 2 35 3 11 3 14 
0 21
0 22
1 27
1 30
2 17
2 35
3 11
3 14
4 23
4 32
5 9
5 19
6 33
6 38
7 6
7 18
8 10
8 28
9 33
9 40
10 2
10 37
11 29
11 42
12 6
12 9
13 4
13 16
14 24
14 42
15 1
15 25
16 11
16 32
17 8
17 43
18 1
18 38
19 25
19 40
20 15
20 19
21 14
21 45
22 4
22 45
23 0
23 41
24 0
24 31
25 26
25 30
26 5
26 20
27 7
27 44
28 2
28 37
29 13
29 34
30 20
30 44
31 3
31 21
32 29
32 41
33 36
33 39
34 3
34 16
35 8
35 43
36 5
36 12
37 17
37 35
38 27
38 39
39 7
39 12
40 26
40 36
41 13
41 22
42 31
42 34
43 10
43 28
44 15
44 18
45 23
45 24

# solution 1040
# n=46 sym=rot4 status=verified source=flammenkamp_cache/n46_rot4.mvr
# code=mvr:0 16 0 35 1 17 1 18 2 22 2 30 3 11 3 31 
0 16
0 35
1 17
1 18
2 22
2 30
3 11
3 31
4 6
4 10
5 13
5 15
6 19
6 41
7 12
7 31
8 23
8 33
9 18
9 24
10 0
10 41
11 28
11 42
12 8
12 38
13 20
13 40
14 3
14 7
15 2
15 40
16 25
16 45
17 11
17 44
18 36
18 44
19 24
19 39
20 16
20 32
21 9
21 19
22 8
22 43
23 2
23 37
24 26
24 36
25 13
25 29
26 6
26 21
27 1
27 9
28 1
28 34
29 0
29 20
30 5
30 43
31 38
31 42
32 5
32 25
33 7
33 37
34 3
34 17
35 4
35 45
36 21
36 27
37 12
37 22
38 14
38 33
39 4
39 26
40 30
40 32
41 35
41 39
42 14
42 34
43 15
43 23
44 27
44 28
45 10
45 29

# solution 1041
# n=46 sym=rot4 status=verified source=flammenkamp_cache/n46_rot4.mvr
# code=mvr:0 14 0 23 1 8 1 27 2 16 2 34 3 11 3 14 4
0 14
0 23
1 8
1 27
2 16
2 34
3 11
3 14
4 26
4 40
5 4
5 35
6 10
6 21
7 9
7 15
8 28
8 44
9 33
9 38
10 5
10 39
11 2
11 42
12 9
12 15
13 19
13 25
14 42
14 45
15 33
15 38
16 27
16 43
17 8
17 23
18 1
18 16
19 4
19 32
20 13
20 21
21 25
21 39
22 0
22 17
23 28
23 45
24 6
24 20
25 24
25 32
26 13
26 41
27 29
27 44
28 22
28 37
29 2
29 18
30 7
30 12
31 0
31 3
32 20
32 26
33 30
33 36
34 3
34 43
35 6
35 40
36 7
36 12
37 1
37 17
38 30
38 36
39 24
39 35
40 10
40 41
41 5
41 19
42 31
42 34
43 11
43 29
44 18
44 37
45 22
45 31

# solution 1042
# n=46 sym=rot4 status=verified source=flammenkamp_cache/n46_rot4.mvr
# code=mvr:0 3 0 41 1 12 1 24 2 18 2 34 3 36 3 45 4
0 3
0 41
1 12
1 24
2 18
2 34
3 36
3 45
4 0
4 16
5 23
5 26
6 6
6 39
7 28
7 34
8 20
8 24
9 3
9 17
10 13
10 15
11 2
11 7
12 31
12 44
13 18
13 35
14 12
14 16
15 23
15 35
16 31
16 41
17 7
17 36
18 32
18 43
19 5
19 25
20 19
20 37
21 1
21 8
22 5
22 15
23 30
23 40
24 37
24 44
25 8
25 26
26 20
26 40
27 2
27 13
28 9
28 38
29 4
29 14
30 10
30 22
31 29
31 33
32 10
32 27
33 1
33 14
34 38
34 43
35 30
35 32
36 28
36 42
37 21
37 25
38 11
38 17
39 6
39 39
40 19
40 22
41 29
41 45
42 0
42 9
43 11
43 27
44 21
44 33
45 4
45 42

# solution 1043
# n=46 sym=rot4 status=verified source=flammenkamp_cache/n46_rot4.mvr
# code=mvr:0 31 0 40 1 12 1 25 2 11 2 17 3 21 3 34 
0 31
0 40
1 12
1 25
2 11
2 17
3 21
3 34
4 29
4 39
5 0
5 23
6 4
6 16
7 28
7 36
8 21
8 30
9 7
9 13
10 13
10 19
11 3
11 43
12 27
12 44
13 35
13 36
14 0
14 27
15 8
15 23
16 4
16 39
17 7
17 43
18 12
18 14
19 25
19 35
20 1
20 19
21 37
21 42
22 5
22 15
23 30
23 40
24 3
24 8
25 26
25 44
26 10
26 20
27 31
27 33
28 2
28 38
29 6
29 41
30 22
30 37
31 18
31 45
32 9
32 10
33 1
33 18
34 2
34 42
35 26
35 32
36 32
36 38
37 15
37 24
38 9
38 17
39 29
39 41
40 22
40 45
41 6
41 16
42 11
42 24
43 28
43 34
44 20
44 33
45 5
45 14

# solution 1044
# n=46 sym=rot4 status=verified source=flammenkamp_cache/n46_rot4.mvr
# code=mvr:0 30 0 33 1 24 1 27 2 19 2 41 3 16 3 32 
0 30
0 33
1 24
1 27
2 19
2 41
3 16
3 32
4 2
4 11
5 24
5 38
6 10
6 11
7 5
7 20
8 22
8 28
9 25
9 33
10 16
10 39
11 39
11 41
12 0
12 9
13 3
13 14
14 17
14 32
15 0
15 23
16 35
16 42
17 8
17 31
18 1
18 19
19 27
19 43
20 9
20 38
21 1
21 5
22 15
22 37
23 8
23 30
24 40
24 44
25 7
25 36
26 2
26 18
27 26
27 44
28 14
28 37
29 3
29 10
30 22
30 45
31 13
31 28
32 31
32 42
33 36
33 45
34 4
34 6
35 6
35 29
36 12
36 20
37 17
37 23
38 25
38 40
39 34
39 35
40 7
40 21
41 34
41 43
42 13
42 29
43 4
43 26
44 18
44 21
45 12
45 15

# solution 1045
# n=46 sym=rot4 status=verified source=flammenkamp_cache/n46_rot4.mvr
# code=mvr:0 10 0 40 1 19 1 24 2 23 2 32 3 18 3 33 
0 10
0 40
1 19
1 24
2 23
2 32
3 18
3 33
4 17
4 32
5 0
5 18
6 25
6 35
7 34
7 36
8 14
8 15
9 7
9 21
10 6
10 45
11 7
11 16
12 3
12 14
13 2
13 4
14 33
14 37
15 23
15 37
16 28
16 34
17 16
17 41
18 40
18 42
19 20
19 44
20 6
20 26
21 1
21 36
22 2
22 15
23 30
23 43
24 9
24 44
25 19
25 39
26 1
26 25
27 3
27 5
28 4
28 29
29 11
29 17
30 8
30 22
31 8
31 12
32 41
32 43
33 31
33 42
34 29
34 38
35 0
35 39
36 24
36 38
37 30
37 31
38 9
38 11
39 10
39 20
40 27
40 45
41 13
41 28
42 12
42 27
43 13
43 22
44 21
44 26
45 5
45 35

# solution 1046
# n=46 sym=rot4 status=verified source=flammenkamp_cache/n46_rot4.mvr
# code=mvr:0 17 0 21 1 9 1 14 2 26 2 29 3 22 3 39 4
0 17
0 21
1 9
1 14
2 26
2 29
3 22
3 39
4 7
4 40
5 4
5 34
6 3
6 21
7 23
7 41
8 29
8 31
9 18
9 44
10 19
10 33
11 5
11 30
12 10
12 32
13 12
13 18
14 8
14 44
15 11
15 17
16 2
16 8
17 30
17 45
18 32
18 36
19 2
19 35
20 20
20 25
21 39
21 45
22 7
22 42
23 3
23 38
24 0
24 6
25 20
25 25
26 10
26 43
27 9
27 13
28 0
28 15
29 37
29 43
30 28
30 34
31 1
31 37
32 27
32 33
33 13
33 35
34 15
34 40
35 12
35 26
36 1
36 27
37 14
37 16
38 4
38 22
39 24
39 42
40 11
40 41
41 5
41 38
42 6
42 23
43 16
43 19
44 31
44 36
45 24
45 28

# solution 1047
# n=46 sym=rot4 status=verified source=flammenkamp_cache/n46_rot4.mvr
# code=mvr:0 21 0 31 1 27 1 28 2 21 2 28 3 12 3 13 
0 21
0 31
1 27
1 28
2 21
2 28
3 12
3 13
4 16
4 32
5 9
5 37
6 6
6 39
7 8
7 20
8 5
8 38
9 22
9 40
10 15
10 18
11 23
11 29
12 14
12 42
13 4
13 42
14 0
14 33
15 19
15 35
16 11
16 41
17 1
17 2
18 1
18 35
19 25
19 30
20 19
20 38
21 43
21 45
22 11
22 36
23 9
23 34
24 0
24 2
25 7
25 26
26 15
26 20
27 10
27 44
28 43
28 44
29 4
29 34
30 10
30 26
31 12
31 45
32 3
32 41
33 3
33 31
34 16
34 22
35 27
35 30
36 5
36 23
37 7
37 40
38 25
38 37
39 6
39 39
40 8
40 36
41 13
41 29
42 32
42 33
43 17
43 24
44 17
44 18
45 14
45 24

# solution 1048
# n=46 sym=rot4 status=verified source=flammenkamp_cache/n46_rot4.mvr
# code=mvr:0 6 0 33 1 14 1 20 2 33 2 36 3 9 3 26 4 
0 6
0 33
1 14
1 20
2 33
2 36
3 9
3 26
4 23
4 26
5 13
5 15
6 21
6 45
7 15
7 37
8 7
8 28
9 2
9 42
10 21
10 34
11 10
11 13
12 0
12 2
13 34
13 40
14 17
14 44
15 38
15 40
16 25
16 27
17 8
17 31
18 16
18 23
19 3
19 4
20 16
20 44
21 35
21 39
22 4
22 18
23 27
23 41
24 6
24 10
25 1
25 29
26 41
26 42
27 22
27 29
28 14
28 37
29 18
29 20
30 5
30 7
31 1
31 28
32 5
32 11
33 43
33 45
34 32
34 35
35 11
35 24
36 3
36 43
37 17
37 38
38 8
38 30
39 0
39 24
40 30
40 32
41 19
41 22
42 19
42 36
43 9
43 12
44 25
44 31
45 12
45 39

# solution 1049
# n=46 sym=rot4 status=verified source=flammenkamp_cache/n46_rot4.mvr
# code=mvr:0 23 0 25 1 13 1 37 2 16 2 21 3 14 3 15 
0 23
0 25
1 13
1 37
2 16
2 21
3 14
3 15
4 8
4 36
5 5
5 40
6 29
6 30
7 23
7 33
8 1
8 41
9 4
9 19
10 26
10 27
11 13
11 14
12 7
12 27
13 34
13 44
14 34
14 42
15 6
15 42
16 6
16 43
17 20
17 24
18 10
18 12
19 10
19 36
20 0
20 28
21 17
21 43
22 0
22 7
23 38
23 45
24 2
24 28
25 17
25 45
26 9
26 35
27 33
27 35
28 21
28 25
29 2
29 39
30 3
30 39
31 3
31 11
32 1
32 11
33 18
33 38
34 31
34 32
35 18
35 19
36 26
36 41
37 4
37 44
38 12
38 22
39 15
39 16
40 5
40 40
41 9
41 37
42 30
42 31
43 24
43 29
44 8
44 32
45 20
45 22

# solution 1050
# n=46 sym=rot4 status=verified source=flammenkamp_cache/n46_rot4.mvr
# code=mvr:0 24 0 36 1 14 1 21 2 19 2 29 3 25 3 29 
0 24
0 36
1 14
1 21
2 19
2 29
3 25
3 29
4 32
4 36
5 11
5 15
6 33
6 37
7 10
7 27
8 6
8 23
9 0
9 4
10 28
10 38
11 12
11 40
12 6
12 34
13 4
13 14
14 32
14 44
15 26
15 40
16 2
16 3
17 10
17 20
18 7
18 23
19 15
19 43
20 3
20 28
21 0
21 44
22 8
22 18
23 27
23 37
24 1
24 45
25 17
25 42
26 2
26 30
27 22
27 38
28 25
28 35
29 42
29 43
30 5
30 19
31 1
31 13
32 31
32 41
33 11
33 39
34 5
34 33
35 7
35 17
36 41
36 45
37 22
37 39
38 18
38 35
39 8
39 12
40 30
40 34
41 9
41 13
42 16
42 20
43 16
43 26
44 24
44 31
45 9
45 21

# solution 1051
# n=46 sym=rot4 status=verified source=flammenkamp_cache/n46_rot4.mvr
# code=mvr:0 24 0 26 1 15 1 21 2 10 2 33 3 31 3 37 
0 24
0 26
1 15
1 21
2 10
2 33
3 31
3 37
4 10
4 26
5 20
5 39
6 5
6 9
7 13
7 25
8 3
8 34
9 13
9 39
10 41
10 43
11 8
11 23
12 2
12 29
13 36
13 38
14 3
14 23
15 17
15 44
16 12
16 28
17 16
17 30
18 18
18 27
19 0
19 4
20 7
20 40
21 0
21 44
22 11
22 14
23 31
23 34
24 1
24 45
25 5
25 38
26 41
26 45
27 18
27 27
28 15
28 29
29 17
29 33
30 1
30 28
31 22
31 42
32 7
32 9
33 16
33 43
34 22
34 37
35 2
35 4
36 6
36 32
37 11
37 42
38 20
38 32
39 36
39 40
40 6
40 25
41 19
41 35
42 8
42 14
43 12
43 35
44 24
44 30
45 19
45 21

# solution 1052
# n=46 sym=rot4 status=verified source=flammenkamp_cache/n46_rot4.mvr
# code=mvr:0 18 0 38 1 18 1 25 2 10 2 31 3 5 3 26 4
0 18
0 38
1 18
1 25
2 10
2 31
3 5
3 26
4 19
4 29
5 36
5 42
6 12
6 20
7 0
7 24
8 9
8 17
9 5
9 37
10 32
10 43
11 24
11 29
12 13
12 39
13 10
13 33
14 2
14 22
15 15
15 30
16 4
16 11
17 23
17 37
18 44
18 45
19 3
19 41
20 1
20 39
21 7
21 11
22 17
22 31
23 14
23 28
24 34
24 38
25 6
25 44
26 4
26 42
27 0
27 1
28 8
28 22
29 34
29 41
30 15
30 30
31 23
31 43
32 12
32 35
33 6
33 32
34 16
34 21
35 2
35 13
36 8
36 40
37 28
37 36
38 21
38 45
39 25
39 33
40 3
40 9
41 16
41 26
42 19
42 40
43 14
43 35
44 20
44 27
45 7
45 27

# solution 1053
# n=46 sym=rot4 status=verified source=flammenkamp_cache/n46_rot4.mvr
# code=mvr:0 25 0 27 1 27 1 29 2 15 2 19 3 4 3 24 4
0 25
0 27
1 27
1 29
2 15
2 19
3 4
3 24
4 12
4 42
5 24
5 32
6 8
6 32
7 7
7 38
8 28
8 39
9 11
9 31
10 14
10 20
11 33
11 36
12 11
12 41
13 5
13 6
14 9
14 35
15 19
15 43
16 1
16 22
17 8
17 23
18 0
18 1
19 30
19 43
20 0
20 35
21 3
21 5
22 17
22 29
23 16
23 28
24 40
24 42
25 10
25 45
26 2
26 15
27 44
27 45
28 22
28 37
29 23
29 44
30 2
30 26
31 10
31 36
32 39
32 40
33 4
33 34
34 9
34 12
35 25
35 31
36 14
36 34
37 6
37 17
38 7
38 38
39 13
39 37
40 13
40 21
41 3
41 33
42 21
42 41
43 26
43 30
44 16
44 18
45 18
45 20

# solution 1054
# n=46 sym=rot4 status=verified source=flammenkamp_cache/n46_rot4.mvr
# code=mvr:0 25 0 28 1 23 1 30 2 13 2 20 3 6 3 36 4
0 25
0 28
1 23
1 30
2 13
2 20
3 6
3 36
4 11
4 33
5 23
5 31
6 38
6 42
7 6
7 16
8 13
8 18
9 3
9 12
10 29
10 31
11 21
11 41
12 4
12 36
13 37
13 43
14 5
14 10
15 1
15 17
16 10
16 38
17 0
17 30
18 26
18 37
19 18
19 21
20 0
20 43
21 26
21 34
22 1
22 5
23 40
23 44
24 11
24 19
25 2
25 45
26 24
26 27
27 8
27 19
28 15
28 45
29 7
29 35
30 28
30 44
31 35
31 40
32 2
32 8
33 9
33 41
34 4
34 24
35 14
35 16
36 33
36 42
37 27
37 32
38 29
38 39
39 3
39 7
40 14
40 22
41 12
41 34
42 9
42 39
43 25
43 32
44 15
44 22
45 17
45 20

# solution 1055
# n=46 sym=rot4 status=verified source=flammenkamp_cache/n46_rot4.mvr
# code=mvr:0 27 0 28 1 21 1 22 2 10 2 12 3 8 3 24 4
0 27
0 28
1 21
1 22
2 10
2 12
3 8
3 24
4 15
4 16
5 5
5 40
6 8
6 34
7 31
7 34
8 39
8 42
9 29
9 32
10 26
10 43
11 6
11 7
12 18
12 43
13 9
13 23
14 7
14 15
15 31
15 41
16 9
16 41
17 0
17 25
18 0
18 33
19 10
19 20
20 17
20 26
21 3
21 44
22 13
22 44
23 1
23 32
24 1
24 42
25 19
25 28
26 25
26 35
27 12
27 45
28 20
28 45
29 4
29 36
30 4
30 14
31 30
31 38
32 22
32 36
33 2
33 27
34 38
34 39
35 2
35 19
36 13
36 16
37 3
37 6
38 11
38 14
39 11
39 37
40 5
40 40
41 29
41 30
42 21
42 37
43 33
43 35
44 23
44 24
45 17
45 18

# solution 1056
# n=46 sym=rot4 status=verified source=flammenkamp_cache/n46_rot4.mvr
# code=mvr:0 20 0 26 1 24 1 29 2 16 2 19 3 24 3 30 
0 20
0 26
1 24
1 29
2 16
2 19
3 24
3 30
4 8
4 10
5 28
5 38
6 13
6 36
7 5
7 13
8 23
8 41
9 6
9 14
10 27
10 41
11 30
11 33
12 11
12 17
13 38
13 39
14 23
14 36
15 3
15 11
16 1
16 43
17 5
17 33
18 10
18 20
19 0
19 43
20 27
20 45
21 1
21 3
22 8
22 14
23 31
23 37
24 42
24 44
25 0
25 18
26 2
26 45
27 25
27 35
28 12
28 40
29 2
29 44
30 34
30 42
31 9
31 22
32 6
32 7
33 28
33 34
34 12
34 15
35 4
35 18
36 31
36 39
37 4
37 22
38 32
38 40
39 9
39 32
40 7
40 17
41 35
41 37
42 15
42 21
43 26
43 29
44 16
44 21
45 19
45 25

# solution 1057
# n=46 sym=rot4 status=verified source=flammenkamp_cache/n46_rot4.mvr
# code=mvr:0 16 0 31 1 20 1 32 2 21 2 38 3 24 3 40 
0 16
0 31
1 20
1 32
2 21
2 38
3 24
3 40
4 13
4 15
5 3
5 15
6 10
6 22
7 2
7 28
8 11
8 12
9 18
9 29
10 27
10 39
11 31
11 37
12 20
12 37
13 1
13 41
14 0
14 11
15 40
15 41
16 9
16 45
17 7
17 23
18 10
18 36
19 19
19 26
20 33
20 44
21 3
21 43
22 17
22 39
23 6
23 28
24 2
24 42
25 1
25 12
26 19
26 26
27 9
27 35
28 22
28 38
29 0
29 36
30 4
30 5
31 34
31 45
32 4
32 44
33 8
33 25
34 8
34 14
35 6
35 18
36 16
36 27
37 33
37 34
38 17
38 43
39 23
39 35
40 30
40 42
41 30
41 32
42 5
42 21
43 7
43 24
44 13
44 25
45 14
45 29

# solution 1058
# n=46 sym=rot4 status=verified source=flammenkamp_cache/n46_rot4.mvr
# code=mvr:0 13 0 37 1 5 1 18 2 10 2 18 3 23 3 24 4
0 13
0 37
1 5
1 18
2 10
2 18
3 23
3 24
4 13
4 31
5 29
5 44
6 26
6 36
7 17
7 19
8 0
8 31
9 6
9 34
10 33
10 43
11 9
11 23
12 10
12 17
13 41
13 45
14 4
14 8
15 16
15 24
16 5
16 30
17 33
17 38
18 43
18 44
19 6
19 38
20 20
20 25
21 3
21 15
22 3
22 11
23 34
23 42
24 30
24 42
25 20
25 25
26 7
26 39
27 1
27 2
28 7
28 12
29 15
29 40
30 21
30 29
31 37
31 41
32 0
32 4
33 28
33 35
34 22
34 36
35 2
35 12
36 11
36 39
37 14
37 45
38 26
38 28
39 9
39 19
40 1
40 16
41 14
41 32
42 21
42 22
43 27
43 35
44 27
44 40
45 8
45 32

# solution 1059
# n=46 sym=rot4 status=verified source=flammenkamp_cache/n46_rot4.mvr
# code=mvr:0 13 0 37 1 18 1 40 2 10 2 18 3 23 3 24 
0 13
0 37
1 18
1 40
2 10
2 18
3 23
3 24
4 13
4 31
5 1
5 29
6 26
6 36
7 17
7 19
8 0
8 31
9 6
9 34
10 33
10 43
11 9
11 23
12 10
12 17
13 41
13 45
14 4
14 8
15 16
15 24
16 5
16 30
17 33
17 38
18 43
18 44
19 6
19 38
20 20
20 25
21 3
21 15
22 3
22 11
23 34
23 42
24 30
24 42
25 20
25 25
26 7
26 39
27 1
27 2
28 7
28 12
29 15
29 40
30 21
30 29
31 37
31 41
32 0
32 4
33 28
33 35
34 22
34 36
35 2
35 12
36 11
36 39
37 14
37 45
38 26
38 28
39 9
39 19
40 16
40 44
41 14
41 32
42 21
42 22
43 27
43 35
44 5
44 27
45 8
45 32

# solution 1060
# n=46 sym=rot4 status=verified source=flammenkamp_cache/n46_rot4.mvr
# code=mvr:0 20 0 27 1 12 1 38 2 12 2 36 3 23 3 24 
0 20
0 27
1 12
1 38
2 12
2 36
3 23
3 24
4 6
4 8
5 17
5 28
6 20
6 41
7 1
7 29
8 13
8 41
9 2
9 19
10 31
10 34
11 10
11 19
12 43
12 44
13 15
13 37
14 10
14 23
15 29
15 32
16 7
16 15
17 5
17 40
18 0
18 24
19 34
19 36
20 39
20 45
21 3
21 18
22 3
22 14
23 31
23 42
24 27
24 42
25 0
25 6
26 9
26 11
27 21
27 45
28 5
28 40
29 30
29 38
30 13
30 16
31 22
31 35
32 8
32 30
33 1
33 2
34 26
34 35
35 11
35 14
36 26
36 43
37 4
37 32
38 16
38 44
39 4
39 25
40 17
40 28
41 37
41 39
42 21
42 22
43 9
43 33
44 7
44 33
45 18
45 25

# solution 1061
# n=46 sym=rot4 status=verified source=flammenkamp_cache/n46_rot4.mvr
# code=mvr:0 20 0 29 1 29 1 31 2 12 2 26 3 20 3 36 
0 20
0 29
1 29
1 31
2 12
2 26
3 20
3 36
4 18
4 30
5 18
5 26
6 8
6 13
7 13
7 17
8 9
8 39
9 3
9 37
10 30
10 34
11 10
11 22
12 17
12 43
13 38
13 39
14 1
14 23
15 4
15 10
16 0
16 1
17 33
17 38
18 40
18 41
19 2
19 5
20 42
20 45
21 21
21 24
22 14
22 34
23 11
23 31
24 21
24 24
25 0
25 3
26 40
26 43
27 4
27 5
28 7
28 12
29 44
29 45
30 35
30 41
31 22
31 44
32 6
32 7
33 2
33 28
34 23
34 35
35 11
35 15
36 8
36 42
37 6
37 36
38 28
38 32
39 32
39 37
40 19
40 27
41 15
41 27
42 9
42 25
43 19
43 33
44 14
44 16
45 16
45 25

# solution 1062
# n=46 sym=rot4 status=verified source=flammenkamp_cache/n46_rot4.mvr
# code=mvr:0 13 0 20 1 32 1 39 2 26 2 33 3 17 3 18 
0 13
0 20
1 32
1 39
2 26
2 33
3 17
3 18
4 19
4 24
5 27
5 28
6 1
6 10
7 8
7 11
8 29
8 38
9 30
9 35
10 9
10 39
11 20
11 38
12 2
12 30
13 1
13 45
14 23
14 24
15 9
15 12
16 8
16 23
17 5
17 42
18 5
18 42
19 2
19 41
20 34
20 45
21 4
21 14
22 14
22 16
23 29
23 31
24 31
24 41
25 0
25 11
26 4
26 43
27 3
27 40
28 3
28 40
29 22
29 37
30 33
30 36
31 21
31 22
32 0
32 44
33 15
33 43
34 7
34 25
35 6
35 36
36 10
36 15
37 7
37 16
38 34
38 37
39 35
39 44
40 17
40 18
41 21
41 26
42 27
42 28
43 12
43 19
44 6
44 13
45 25
45 32

# solution 1063
# n=46 sym=rot4 status=verified source=flammenkamp_cache/n46_rot4.mvr
# code=mvr:0 18 0 19 1 16 1 36 2 5 2 33 3 4 3 25 4 
0 18
0 19
1 16
1 36
2 5
2 33
3 4
3 25
4 32
4 42
5 36
5 43
6 18
6 23
7 32
7 37
8 7
8 10
9 1
9 5
10 19
10 37
11 23
11 29
12 2
12 20
13 4
13 7
14 24
14 28
15 15
15 30
16 11
16 44
17 14
17 24
18 39
18 45
19 35
19 45
20 3
20 33
21 14
21 17
22 6
22 11
23 34
23 39
24 28
24 31
25 12
25 42
26 0
26 10
27 0
27 6
28 21
28 31
29 1
29 34
30 15
30 30
31 17
31 21
32 38
32 41
33 25
33 43
34 16
34 22
35 8
35 26
36 40
36 44
37 35
37 38
38 8
38 13
39 22
39 27
40 2
40 9
41 3
41 13
42 20
42 41
43 12
43 40
44 9
44 29
45 26
45 27

# solution 1064
# n=46 sym=rot4 status=verified source=flammenkamp_cache/n46_rot4.mvr
# code=mvr:0 14 0 29 1 24 1 39 2 17 2 32 3 8 3 34 4
0 14
0 29
1 24
1 39
2 17
2 32
3 8
3 34
4 13
4 17
5 21
5 23
6 1
6 36
7 20
7 30
8 15
8 42
9 6
9 35
10 9
10 34
11 3
11 10
12 16
12 19
13 2
13 41
14 20
14 45
15 7
15 37
16 0
16 33
17 41
17 43
18 18
18 27
19 23
19 33
20 31
20 38
21 1
21 40
22 5
22 19
23 26
23 40
24 5
24 44
25 7
25 14
26 12
26 22
27 18
27 27
28 2
28 4
29 12
29 45
30 8
30 38
31 0
31 25
32 4
32 43
33 26
33 29
34 35
34 42
35 11
35 36
36 10
36 39
37 3
37 30
38 15
38 25
39 9
39 44
40 22
40 24
41 28
41 32
42 11
42 37
43 13
43 28
44 6
44 21
45 16
45 31

# solution 1065
# n=46 sym=rot4 status=verified source=flammenkamp_cache/n46_rot4.mvr
# code=mvr:0 17 0 20 1 33 1 42 2 16 2 22 3 1 3 25 4
0 17
0 20
1 33
1 42
2 16
2 22
3 1
3 25
4 18
4 31
5 5
5 40
6 11
6 31
7 8
7 23
8 26
8 38
9 18
9 30
10 13
10 33
11 19
11 39
12 1
12 10
13 29
13 35
14 4
14 6
15 9
15 24
16 13
16 43
17 24
17 45
18 36
18 41
19 8
19 34
20 3
20 45
21 15
21 17
22 7
22 43
23 2
23 38
24 28
24 30
25 0
25 42
26 11
26 37
27 4
27 9
28 0
28 21
29 2
29 32
30 21
30 36
31 39
31 41
32 10
32 16
33 35
33 44
34 6
34 26
35 12
35 32
36 15
36 27
37 7
37 19
38 22
38 37
39 14
39 34
40 5
40 40
41 14
41 27
42 20
42 44
43 23
43 29
44 3
44 12
45 25
45 28

# solution 1066
# n=46 sym=rot4 status=verified source=flammenkamp_cache/n46_rot4.mvr
# code=mvr:0 20 0 27 1 15 1 23 2 25 2 33 3 16 3 17 
0 20
0 27
1 15
1 23
2 25
2 33
3 16
3 17
4 5
4 17
5 24
5 41
6 30
6 32
7 8
7 10
8 10
8 38
9 26
9 31
10 37
10 38
11 19
11 31
12 2
12 27
13 6
13 24
14 9
14 11
15 6
15 44
16 23
16 42
17 41
17 42
18 0
18 12
19 9
19 34
20 2
20 45
21 5
21 13
22 1
22 16
23 29
23 44
24 32
24 40
25 0
25 43
26 11
26 36
27 33
27 45
28 3
28 4
29 3
29 22
30 1
30 39
31 34
31 36
32 21
32 39
33 18
33 43
34 14
34 26
35 7
35 8
36 14
36 19
37 7
37 35
38 35
38 37
39 13
39 15
40 4
40 21
41 28
41 40
42 28
42 29
43 12
43 20
44 22
44 30
45 18
45 25

# solution 1067
# n=46 sym=rot4 status=verified source=flammenkamp_cache/n46_rot4.mvr
# code=mvr:0 25 0 27 1 16 1 24 2 32 2 40 3 15 3 25 
0 25
0 27
1 16
1 24
2 32
2 40
3 15
3 25
4 4
4 41
5 2
5 19
6 7
6 10
7 31
7 39
8 24
8 32
9 11
9 23
10 17
10 39
11 30
11 36
12 14
12 18
13 2
13 8
14 7
14 33
15 11
15 42
16 26
16 44
17 23
17 35
18 0
18 33
19 16
19 40
20 0
20 3
21 1
21 8
22 9
22 17
23 28
23 36
24 37
24 44
25 42
25 45
26 5
26 29
27 12
27 45
28 10
28 22
29 1
29 19
30 3
30 34
31 12
31 38
32 37
32 43
33 27
33 31
34 9
34 15
35 6
35 28
36 22
36 34
37 13
37 21
38 6
38 14
39 35
39 38
40 26
40 43
41 4
41 41
42 20
42 30
43 5
43 13
44 21
44 29
45 18
45 20

# solution 1068
# n=46 sym=rot4 status=verified source=flammenkamp_cache/n46_rot4.mvr
# code=mvr:0 21 0 33 1 9 1 27 2 16 2 26 3 22 3 33 4
0 21
0 33
1 9
1 27
2 16
2 26
3 22
3 33
4 34
4 38
5 21
5 27
6 19
6 34
7 4
7 10
8 10
8 31
9 20
9 44
10 37
10 38
11 4
11 6
12 0
12 3
13 14
13 23
14 8
14 32
15 25
15 29
16 15
16 43
17 17
17 28
18 1
18 5
19 2
19 39
20 15
20 36
21 40
21 45
22 13
22 42
23 3
23 32
24 0
24 5
25 9
25 30
26 6
26 43
27 40
27 44
28 17
28 28
29 2
29 30
30 16
30 20
31 13
31 37
32 22
32 31
33 42
33 45
34 39
34 41
35 7
35 8
36 1
36 25
37 14
37 35
38 35
38 41
39 11
39 26
40 18
40 24
41 7
41 11
42 12
42 23
43 19
43 29
44 18
44 36
45 12
45 24

# solution 1069
# n=46 sym=rot4 status=verified source=flammenkamp_cache/n46_rot4.mvr
# code=mvr:0 16 0 30 1 18 1 36 2 9 2 24 3 15 3 23 4
0 16
0 30
1 18
1 36
2 9
2 24
3 15
3 23
4 5
4 35
5 39
5 41
6 5
6 24
7 29
7 35
8 12
8 19
9 1
9 43
10 4
10 7
11 31
11 32
12 17
12 37
13 11
13 20
14 11
14 25
15 0
15 42
16 7
16 45
17 26
17 33
18 23
18 44
19 17
19 37
20 14
20 32
21 2
21 6
22 3
22 18
23 27
23 42
24 39
24 43
25 13
25 31
26 8
26 28
27 1
27 22
28 12
28 19
29 0
29 38
30 3
30 45
31 20
31 34
32 25
32 34
33 8
33 28
34 13
34 14
35 38
35 41
36 2
36 44
37 26
37 33
38 10
38 16
39 21
39 40
40 4
40 6
41 10
41 40
42 22
42 30
43 21
43 36
44 9
44 27
45 15
45 29

# solution 1070
# n=46 sym=rot4 status=verified source=flammenkamp_cache/n46_rot4.mvr
# code=mvr:0 25 0 30 1 9 1 24 2 4 2 10 3 14 3 26 4 
0 25
0 30
1 9
1 24
2 4
2 10
3 14
3 26
4 13
4 43
5 23
5 27
6 32
6 37
7 8
7 12
8 6
8 38
9 26
9 44
10 17
10 43
11 21
11 23
12 27
12 38
13 6
13 41
14 17
14 42
15 0
15 29
16 15
16 20
17 31
17 35
18 5
18 12
19 3
19 9
20 0
20 29
21 1
21 34
22 5
22 11
23 34
23 40
24 11
24 44
25 16
25 45
26 36
26 42
27 33
27 40
28 10
28 14
29 25
29 30
30 16
30 45
31 3
31 28
32 4
32 39
33 7
33 18
34 22
34 24
35 2
35 28
36 1
36 19
37 7
37 39
38 33
38 37
39 8
39 13
40 18
40 22
41 2
41 32
42 19
42 31
43 35
43 41
44 21
44 36
45 15
45 20

# solution 1071
# n=46 sym=rot4 status=verified source=flammenkamp_cache/n46_rot4.mvr
# code=mvr:0 13 0 18 1 16 1 24 2 24 2 28 3 11 3 28 
0 13
0 18
1 16
1 24
2 24
2 28
3 11
3 28
4 6
4 22
5 11
5 35
6 12
6 41
7 31
7 37
8 7
8 13
9 25
9 26
10 5
10 12
11 40
11 42
12 35
12 39
13 37
13 45
14 7
14 23
15 18
15 19
16 20
16 44
17 2
17 3
18 30
18 45
19 9
19 30
20 9
20 29
21 1
21 2
22 14
22 41
23 4
23 31
24 43
24 44
25 16
25 36
26 15
26 36
27 0
27 15
28 42
28 43
29 1
29 25
30 26
30 27
31 22
31 38
32 0
32 8
33 6
33 10
34 3
34 5
35 33
35 40
36 19
36 20
37 32
37 38
38 8
38 14
39 4
39 33
40 10
40 34
41 23
41 39
42 17
42 34
43 17
43 21
44 21
44 29
45 27
45 32

# solution 1072
# n=46 sym=rot4 status=verified source=flammenkamp_cache/n46_rot4.mvr
# code=mvr:0 14 0 24 1 29 1 31 2 17 2 25 3 33 3 34 
0 14
0 24
1 29
1 31
2 17
2 25
3 33
3 34
4 8
4 38
5 15
5 21
6 12
6 38
7 4
7 6
8 20
8 41
9 19
9 29
10 23
10 32
11 3
11 15
12 3
12 39
13 10
13 18
14 1
14 45
15 34
15 40
16 1
16 9
17 23
17 43
18 26
18 32
19 18
19 36
20 2
20 37
21 0
21 40
22 10
22 17
23 28
23 35
24 5
24 45
25 8
25 43
26 9
26 27
27 13
27 19
28 2
28 22
29 36
29 44
30 5
30 11
31 0
31 44
32 27
32 35
33 6
33 42
34 30
34 42
35 13
35 22
36 16
36 26
37 4
37 25
38 39
38 41
39 7
39 33
40 24
40 30
41 7
41 37
42 11
42 12
43 20
43 28
44 14
44 16
45 21
45 31

# solution 1073
# n=46 sym=rot4 status=verified source=flammenkamp_cache/n46_rot4.mvr
# code=mvr:0 17 0 26 1 22 1 25 2 11 2 23 3 30 3 34 
0 17
0 26
1 22
1 25
2 11
2 23
3 30
3 34
4 14
4 33
5 10
5 18
6 30
6 37
7 32
7 36
8 6
8 21
9 7
9 24
10 28
10 40
11 3
11 43
12 4
12 16
13 7
13 27
14 20
14 41
15 3
15 6
16 19
16 33
17 10
17 45
18 13
18 40
19 0
19 29
20 1
20 31
21 9
21 37
22 2
22 44
23 1
23 43
24 8
24 36
25 14
25 44
26 16
26 45
27 5
27 32
28 0
28 35
29 12
29 26
30 39
30 42
31 4
31 25
32 18
32 38
33 29
33 41
34 2
34 42
35 5
35 17
36 21
36 38
37 24
37 39
38 9
38 13
39 8
39 15
40 27
40 35
41 12
41 31
42 11
42 15
43 22
43 34
44 20
44 23
45 19
45 28

# solution 1074
# n=46 sym=rot4 status=verified source=flammenkamp_cache/n46_rot4.mvr
# code=mvr:0 22 0 26 1 16 1 37 2 13 2 24 3 9 3 24 4
0 22
0 26
1 16
1 37
2 13
2 24
3 9
3 24
4 16
4 30
5 5
5 40
6 35
6 38
7 6
7 13
8 1
8 23
9 18
9 42
10 6
10 33
11 14
11 27
12 10
12 25
13 38
13 43
14 30
14 34
15 4
15 14
16 41
16 44
17 19
17 25
18 11
18 36
19 0
19 28
20 12
20 17
21 2
21 3
22 8
22 45
23 0
23 37
24 42
24 43
25 28
25 33
26 17
26 45
27 9
27 34
28 20
28 26
29 1
29 4
30 31
30 41
31 11
31 15
32 2
32 7
33 20
33 35
34 18
34 31
35 12
35 39
36 3
36 27
37 22
37 44
38 32
38 39
39 7
39 10
40 5
40 40
41 15
41 29
42 21
42 36
43 21
43 32
44 8
44 29
45 19
45 23

# solution 1075
# n=46 sym=rot4 status=verified source=flammenkamp_cache/n46_rot4.mvr
# code=mvr:0 19 0 30 1 19 1 24 2 10 2 33 3 25 3 35 
0 19
0 30
1 19
1 24
2 10
2 33
3 25
3 35
4 8
4 31
5 14
5 18
6 9
6 30
7 22
7 36
8 13
8 41
9 7
9 39
10 3
10 43
11 17
11 23
12 2
12 25
13 29
13 37
14 4
14 40
15 0
15 6
16 13
16 18
17 24
17 34
18 29
18 40
19 44
19 45
20 3
20 12
21 1
21 17
22 11
22 38
23 7
23 34
24 28
24 44
25 33
25 42
26 0
26 1
27 5
27 16
28 11
28 21
29 27
29 32
30 39
30 45
31 5
31 41
32 8
32 16
33 20
33 43
34 22
34 28
35 2
35 42
36 6
36 38
37 4
37 32
38 9
38 23
39 15
39 36
40 27
40 31
41 14
41 37
42 10
42 20
43 12
43 35
44 21
44 26
45 15
45 26

# solution 1076
# n=46 sym=rot4 status=verified source=flammenkamp_cache/n46_rot4.mvr
# code=mvr:0 8 0 13 1 27 1 29 2 35 2 38 3 21 3 37 4
0 8
0 13
1 27
1 29
2 35
2 38
3 21
3 37
4 27
4 28
5 20
5 39
6 5
6 33
7 2
7 32
8 3
8 45
9 9
9 36
10 2
10 17
11 23
11 30
12 6
12 14
13 7
13 45
14 24
14 33
15 11
15 26
16 1
16 26
17 4
17 35
18 1
18 4
19 15
19 16
20 23
20 40
21 14
21 42
22 11
22 20
23 25
23 34
24 3
24 31
25 5
25 22
26 29
26 30
27 41
27 44
28 10
28 41
29 19
29 44
30 19
30 34
31 12
31 21
32 0
32 38
33 31
33 39
34 15
34 22
35 28
35 43
36 9
36 36
37 0
37 42
38 13
38 43
39 12
39 40
40 6
40 25
41 17
41 18
42 8
42 24
43 7
43 10
44 16
44 18
45 32
45 37

# solution 1077
# n=46 sym=rot4 status=verified source=flammenkamp_cache/n46_rot4.mvr
# code=mvr:0 5 0 29 1 14 1 36 2 24 2 25 3 10 3 24 4
0 5
0 29
1 14
1 36
2 24
2 25
3 10
3 24
4 13
4 17
5 31
5 45
6 27
6 28
7 36
7 37
8 7
8 23
9 1
9 7
10 12
10 42
11 26
11 30
12 23
12 35
13 29
13 41
14 5
14 44
15 11
15 18
16 0
16 13
17 6
17 41
18 6
18 30
19 11
19 20
20 2
20 26
21 2
21 3
22 8
22 12
23 33
23 37
24 42
24 43
25 19
25 43
26 25
26 34
27 15
27 39
28 4
28 39
29 32
29 45
30 27
30 34
31 1
31 40
32 4
32 16
33 10
33 22
34 15
34 19
35 3
35 33
36 38
36 44
37 22
37 38
38 8
38 9
39 17
39 18
40 0
40 14
41 28
41 32
42 21
42 35
43 20
43 21
44 9
44 31
45 16
45 40

# solution 1078
# n=46 sym=rot4 status=verified source=flammenkamp_cache/n46_rot4.mvr
# code=mvr:0 24 0 29 1 17 1 38 2 13 2 36 3 10 3 18 
0 24
0 29
1 17
1 38
2 13
2 36
3 10
3 18
4 6
4 29
5 31
5 32
6 21
6 41
7 1
7 37
8 7
8 11
9 2
9 23
10 12
10 42
11 15
11 37
12 20
12 35
13 5
13 43
14 5
14 26
15 25
15 34
16 0
16 4
17 18
17 44
18 28
18 42
19 14
19 23
20 15
20 33
21 0
21 39
22 9
22 19
23 26
23 36
24 6
24 45
25 12
25 30
26 22
26 31
27 3
27 17
28 1
28 27
29 41
29 45
30 11
30 20
31 19
31 40
32 2
32 40
33 10
33 25
34 8
34 30
35 3
35 33
36 22
36 43
37 34
37 38
38 8
38 44
39 4
39 24
40 13
40 14
41 16
41 39
42 27
42 35
43 9
43 32
44 7
44 28
45 16
45 21

# solution 1079
# n=46 sym=rot4 status=verified source=flammenkamp_cache/n46_rot4.mvr
# code=mvr:0 15 0 24 1 25 1 33 2 23 2 31 3 15 3 19 
0 15
0 24
1 25
1 33
2 23
2 31
3 15
3 19
4 14
4 35
5 8
5 18
6 24
6 34
7 8
7 33
8 38
8 40
9 13
9 23
10 4
10 28
11 6
11 17
12 1
12 7
13 16
13 36
14 2
14 41
15 42
15 45
16 25
16 32
17 10
17 34
18 19
18 40
19 27
19 42
20 1
20 16
21 0
21 6
22 2
22 9
23 36
23 43
24 39
24 45
25 29
25 44
26 3
26 18
27 5
27 26
28 11
28 35
29 13
29 20
30 0
30 3
31 4
31 43
32 9
32 29
33 38
33 44
34 28
34 39
35 17
35 41
36 22
36 32
37 5
37 7
38 12
38 37
39 11
39 21
40 27
40 37
41 10
41 31
42 26
42 30
43 14
43 22
44 12
44 20
45 21
45 30

# solution 1080
# n=46 sym=rot4 status=verified source=flammenkamp_cache/n46_rot4.mvr
# code=mvr:0 13 0 27 1 24 1 29 2 12 2 25 3 10 3 39 
0 13
0 27
1 24
1 29
2 12
2 25
3 10
3 39
4 32
4 34
5 11
5 35
6 3
6 37
7 17
7 21
8 6
8 22
9 15
9 17
10 5
10 42
11 4
11 40
12 14
12 43
13 4
13 45
14 30
14 33
15 14
15 36
16 1
16 20
17 36
17 38
18 0
18 19
19 23
19 27
20 2
20 29
21 1
21 38
22 19
22 37
23 8
23 26
24 7
24 44
25 16
25 43
26 18
26 22
27 26
27 45
28 7
28 9
29 25
29 44
30 9
30 31
31 12
31 15
32 0
32 41
33 2
33 31
34 5
34 41
35 3
35 40
36 28
36 30
37 23
37 39
38 24
38 28
39 8
39 42
40 10
40 34
41 11
41 13
42 6
42 35
43 20
43 33
44 16
44 21
45 18
45 32

# solution 1081
# n=46 sym=rot4 status=verified source=flammenkamp_cache/n46_rot4.mvr
# code=mvr:0 6 0 30 1 17 1 23 2 10 2 42 3 2 3 8 4 2
0 6
0 30
1 17
1 23
2 10
2 42
3 2
3 8
4 25
4 35
5 27
5 32
6 34
6 45
7 18
7 19
8 36
8 42
9 8
9 19
10 4
10 43
11 6
11 31
12 23
12 24
13 5
13 30
14 11
14 16
15 0
15 13
16 20
16 31
17 24
17 44
18 5
18 38
19 36
19 38
20 4
20 29
21 12
21 17
22 1
22 12
23 33
23 44
24 28
24 33
25 16
25 41
26 7
26 9
27 7
27 40
28 1
28 21
29 14
29 25
30 32
30 45
31 29
31 34
32 15
32 40
33 21
33 22
34 14
34 39
35 2
35 41
36 26
36 37
37 3
37 9
38 26
38 27
39 0
39 11
40 13
40 18
41 10
41 20
42 37
42 43
43 3
43 35
44 22
44 28
45 15
45 39

# solution 1082
# n=46 sym=rot4 status=verified source=flammenkamp_cache/n46_rot4.mvr
# code=mvr:0 25 0 29 1 17 1 18 2 13 2 17 3 20 3 21 
0 25
0 29
1 17
1 18
2 13
2 17
3 20
3 21
4 32
4 35
5 7
5 12
6 7
6 9
7 39
7 40
8 23
8 30
9 12
9 39
10 4
10 14
11 15
11 23
12 36
12 40
13 4
13 43
14 26
14 35
15 8
15 34
16 0
16 24
17 43
17 44
18 26
18 44
19 14
19 18
20 0
20 42
21 16
21 42
22 8
22 11
23 34
23 37
24 3
24 29
25 3
25 45
26 27
26 31
27 1
27 19
28 1
28 2
29 21
29 45
30 11
30 37
31 10
31 19
32 2
32 41
33 5
33 9
34 22
34 30
35 31
35 41
36 6
36 33
37 15
37 22
38 5
38 6
39 36
39 38
40 33
40 38
41 10
41 13
42 24
42 25
43 28
43 32
44 27
44 28
45 16
45 20

# solution 1083
# n=46 sym=rot4 status=verified source=flammenkamp_cache/n46_rot4.mvr
# code=mvr:0 26 0 29 1 15 1 24 2 28 2 41 3 18 3 34 
0 26
0 29
1 15
1 24
2 28
2 41
3 18
3 34
4 2
4 13
5 6
5 30
6 33
6 40
7 19
7 20
8 9
8 14
9 33
9 37
10 14
10 22
11 3
11 29
12 6
12 9
13 27
13 41
14 35
14 37
15 5
15 44
16 0
16 11
17 2
17 24
18 13
18 42
19 0
19 38
20 23
20 38
21 1
21 17
22 20
22 35
23 10
23 25
24 28
24 44
25 7
25 22
26 7
26 45
27 3
27 32
28 21
28 43
29 34
29 45
30 1
30 40
31 8
31 10
32 4
32 18
33 36
33 39
34 16
34 42
35 23
35 31
36 8
36 12
37 31
37 36
38 25
38 26
39 5
39 12
40 15
40 39
41 32
41 43
42 11
42 27
43 4
43 17
44 21
44 30
45 16
45 19

# solution 1084
# n=46 sym=rot4 status=verified source=flammenkamp_cache/n46_rot4.mvr
# code=mvr:0 26 0 29 1 15 1 21 2 28 2 41 3 18 3 34 
0 26
0 29
1 15
1 21
2 28
2 41
3 18
3 34
4 2
4 13
5 6
5 30
6 33
6 40
7 19
7 20
8 9
8 14
9 33
9 37
10 14
10 22
11 3
11 29
12 6
12 9
13 27
13 41
14 35
14 37
15 5
15 44
16 0
16 11
17 2
17 24
18 13
18 42
19 0
19 38
20 23
20 38
21 17
21 44
22 20
22 35
23 10
23 25
24 1
24 28
25 7
25 22
26 7
26 45
27 3
27 32
28 21
28 43
29 34
29 45
30 1
30 40
31 8
31 10
32 4
32 18
33 36
33 39
34 16
34 42
35 23
35 31
36 8
36 12
37 31
37 36
38 25
38 26
39 5
39 12
40 15
40 39
41 32
41 43
42 11
42 27
43 4
43 17
44 24
44 30
45 16
45 19

# solution 1085
# n=46 sym=rot4 status=verified source=flammenkamp_cache/n46_rot4.mvr
# code=mvr:0 11 0 16 1 27 1 32 2 22 2 28 3 37 3 40 
0 11
0 16
1 27
1 32
2 22
2 28
3 37
3 40
4 6
4 14
5 3
5 24
6 19
6 41
7 16
7 21
8 3
8 33
9 12
9 32
10 17
10 23
11 25
11 45
12 8
12 36
13 1
13 9
14 20
14 41
15 15
15 30
16 38
16 45
17 2
17 35
18 1
18 26
19 18
19 39
20 11
20 31
21 5
21 38
22 10
22 43
23 2
23 35
24 7
24 40
25 14
25 34
26 6
26 27
27 19
27 44
28 10
28 43
29 0
29 7
30 15
30 30
31 4
31 25
32 36
32 44
33 9
33 37
34 0
34 20
35 22
35 28
36 13
36 33
37 12
37 42
38 24
38 29
39 4
39 26
40 21
40 42
41 31
41 39
42 5
42 8
43 17
43 23
44 13
44 18
45 29
45 34

# solution 1086
# n=46 sym=rot4 status=verified source=flammenkamp_cache/n46_rot4.mvr
# code=mvr:0 22 0 32 1 11 1 23 2 29 2 31 3 18 3 27 
0 22
0 32
1 11
1 23
2 29
2 31
3 18
3 27
4 15
4 24
5 10
5 38
6 11
6 37
7 5
7 26
8 6
8 36
9 8
9 26
10 14
10 40
11 39
11 44
12 25
12 32
13 0
13 12
14 2
14 35
15 21
15 41
16 2
16 25
17 17
17 28
18 3
18 42
19 7
19 9
20 12
20 16
21 4
21 30
22 1
22 45
23 0
23 44
24 15
24 41
25 29
25 33
26 36
26 38
27 3
27 42
28 17
28 28
29 20
29 43
30 4
30 24
31 10
31 43
32 33
32 45
33 13
33 20
34 1
34 6
35 5
35 31
36 19
36 37
37 9
37 39
38 19
38 40
39 8
39 34
40 7
40 35
41 21
41 30
42 18
42 27
43 14
43 16
44 22
44 34
45 13
45 23

# solution 1087
# n=46 sym=rot4 status=verified source=flammenkamp_cache/n46_rot4.mvr
# code=mvr:0 19 0 24 1 30 1 37 2 10 2 25 3 10 3 17 
0 19
0 24
1 30
1 37
2 10
2 25
3 10
3 17
4 20
4 32
5 18
5 37
6 14
6 29
7 23
7 36
8 1
8 5
9 7
9 31
10 42
10 43
11 16
11 17
12 23
12 24
13 4
13 19
14 9
14 39
15 1
15 27
16 6
16 34
17 34
17 42
18 15
18 40
19 32
19 45
20 2
20 41
21 0
21 12
22 7
22 12
23 33
23 38
24 33
24 45
25 4
25 43
26 0
26 13
27 5
27 30
28 3
28 11
29 11
29 39
30 18
30 44
31 6
31 36
32 26
32 41
33 21
33 22
34 28
34 29
35 2
35 3
36 14
36 38
37 40
37 44
38 9
38 22
39 16
39 31
40 8
40 27
41 13
41 25
42 28
42 35
43 20
43 35
44 8
44 15
45 21
45 26

# solution 1088
# n=46 sym=rot4 status=verified source=flammenkamp_cache/n46_rot4.mvr
# code=mvr:0 13 0 14 1 5 1 24 2 31 2 38 3 19 3 28 4
0 13
0 14
1 5
1 24
2 31
2 38
3 19
3 28
4 17
4 23
5 30
5 44
6 33
6 38
7 2
7 6
8 15
8 18
9 33
9 35
10 9
10 13
11 23
11 26
12 6
12 9
13 35
13 45
14 2
14 45
15 5
15 37
16 21
16 25
17 3
17 41
18 20
18 37
19 11
19 42
20 16
20 27
21 1
21 29
22 4
22 11
23 34
23 41
24 16
24 44
25 18
25 29
26 3
26 34
27 8
27 25
28 4
28 42
29 20
29 24
30 8
30 40
31 0
31 43
32 0
32 10
33 36
33 39
34 19
34 22
35 32
35 36
36 10
36 12
37 27
37 30
38 39
38 43
39 7
39 12
40 1
40 15
41 22
41 28
42 17
42 26
43 7
43 14
44 21
44 40
45 31
45 32

# solution 1089
# n=46 sym=rot4 status=verified source=flammenkamp_cache/n46_rot4.mvr
# code=mvr:0 22 0 28 1 14 1 19 2 27 2 34 3 27 3 39 
0 22
0 28
1 14
1 19
2 27
2 34
3 27
3 39
4 25
4 35
5 12
5 20
6 3
6 33
7 21
7 28
8 26
8 35
9 16
9 32
10 4
10 8
11 2
11 30
12 6
12 40
13 9
13 21
14 23
14 44
15 11
15 29
16 15
16 36
17 0
17 7
18 2
18 3
19 8
19 44
20 4
20 40
21 32
21 38
22 14
22 45
23 0
23 31
24 7
24 13
25 5
25 41
26 1
26 37
27 42
27 43
28 38
28 45
29 9
29 30
30 16
30 34
31 1
31 22
32 24
32 36
33 5
33 39
34 15
34 43
35 37
35 41
36 13
36 29
37 10
37 19
38 17
38 24
39 12
39 42
40 25
40 33
41 10
41 20
42 6
42 18
43 11
43 18
44 26
44 31
45 17
45 23

# solution 1090
# n=46 sym=rot4 status=verified source=flammenkamp_cache/n46_rot4.mvr
# code=mvr:0 17 0 22 1 18 1 30 2 17 2 24 3 32 3 39 
0 17
0 22
1 18
1 30
2 17
2 24
3 32
3 39
4 25
4 32
5 7
5 37
6 3
6 12
7 19
7 40
8 5
8 12
9 23
9 30
10 10
10 35
11 18
11 21
12 37
12 39
13 3
13 4
14 26
14 29
15 1
15 9
16 14
16 20
17 43
17 45
18 34
18 44
19 14
19 38
20 4
20 29
21 2
21 34
22 9
22 45
23 0
23 36
24 11
24 43
25 16
25 41
26 7
26 31
27 1
27 11
28 0
28 2
29 25
29 31
30 36
30 44
31 16
31 19
32 41
32 42
33 6
33 8
34 24
34 27
35 10
35 35
36 15
36 22
37 33
37 40
38 5
38 26
39 33
39 42
40 8
40 38
41 13
41 20
42 6
42 13
43 21
43 28
44 15
44 27
45 23
45 28

# solution 1091
# n=46 sym=rot4 status=verified source=flammenkamp_cache/n46_rot4.mvr
# code=mvr:0 19 0 23 1 16 1 30 2 12 2 34 3 18 3 30 
0 19
0 23
1 16
1 30
2 12
2 34
3 18
3 30
4 23
4 39
5 9
5 39
6 4
6 5
7 11
7 12
8 24
8 31
9 31
9 40
10 17
10 24
11 2
11 38
12 38
12 43
13 16
13 20
14 8
14 9
15 1
15 3
16 32
16 44
17 25
17 35
18 19
18 42
19 27
19 45
20 17
20 32
21 8
21 10
22 0
22 4
23 41
23 45
24 35
24 37
25 13
25 28
26 0
26 18
27 3
27 26
28 10
28 20
29 1
29 13
30 42
30 44
31 36
31 37
32 25
32 29
33 2
33 7
34 7
34 43
35 21
35 28
36 5
36 14
37 14
37 21
38 33
38 34
39 40
39 41
40 6
40 36
41 6
41 22
42 15
42 27
43 11
43 33
44 15
44 29
45 22
45 26

# solution 1092
# n=46 sym=rot4 status=verified source=flammenkamp_cache/n46_rot4.mvr
# code=mvr:0 16 0 33 1 21 1 23 2 15 2 27 3 10 3 30 
0 16
0 33
1 21
1 23
2 15
2 27
3 10
3 30
4 7
4 19
5 14
5 16
6 26
6 33
7 8
7 41
8 23
8 38
9 32
9 34
10 14
10 42
11 9
11 25
12 0
12 6
13 9
13 21
14 35
14 40
15 3
15 43
16 40
16 45
17 25
17 27
18 2
18 17
19 6
19 41
20 11
20 17
21 32
21 44
22 1
22 8
23 37
23 44
24 1
24 13
25 28
25 34
26 4
26 39
27 28
27 43
28 18
28 20
29 0
29 5
30 2
30 42
31 5
31 10
32 24
32 36
33 39
33 45
34 20
34 36
35 3
35 31
36 11
36 13
37 7
37 22
38 4
38 37
39 12
39 19
40 29
40 31
41 26
41 38
42 15
42 35
43 18
43 30
44 22
44 24
45 12
45 29

# solution 1093
# n=46 sym=rot4 status=verified source=flammenkamp_cache/n46_rot4.mvr
# code=mvr:0 25 0 30 1 9 1 27 2 28 2 36 3 19 3 33 4
0 25
0 30
1 9
1 27
2 28
2 36
3 19
3 33
4 29
4 39
5 18
5 21
6 4
6 10
7 14
7 28
8 19
8 32
9 2
9 44
10 22
10 39
11 29
11 33
12 3
12 11
13 8
13 15
14 23
14 38
15 0
15 32
16 4
16 11
17 2
17 7
18 1
18 40
19 37
19 42
20 0
20 21
21 25
21 40
22 14
22 35
23 10
23 31
24 5
24 20
25 24
25 45
26 3
26 8
27 5
27 44
28 38
28 43
29 34
29 41
30 13
30 45
31 7
31 22
32 30
32 37
33 34
33 42
34 12
34 16
35 6
35 23
36 1
36 43
37 13
37 26
38 17
38 31
39 35
39 41
40 24
40 27
41 6
41 16
42 12
42 26
43 9
43 17
44 18
44 36
45 15
45 20

# solution 1094
# n=46 sym=rot4 status=verified source=flammenkamp_cache/n46_rot4.mvr
# code=mvr:0 15 0 19 1 12 1 28 2 7 2 22 3 12 3 39 4
0 15
0 19
1 12
1 28
2 7
2 22
3 12
3 39
4 32
4 35
5 16
5 27
6 3
6 11
7 21
7 43
8 20
8 35
9 16
9 23
10 4
10 8
11 32
11 39
12 42
12 44
13 4
13 11
14 15
14 24
15 31
15 45
16 36
16 40
17 1
17 25
18 5
18 19
19 27
19 45
20 17
20 37
21 14
21 38
22 9
22 43
23 2
23 36
24 7
24 31
25 8
25 28
26 0
26 18
27 26
27 40
28 20
28 44
29 5
29 9
30 0
30 14
31 21
31 30
32 34
32 41
33 1
33 3
34 6
34 13
35 37
35 41
36 22
36 29
37 10
37 25
38 2
38 24
39 34
39 42
40 18
40 29
41 10
41 13
42 6
42 33
43 23
43 38
44 17
44 33
45 26
45 30

# solution 1095
# n=46 sym=rot4 status=verified source=flammenkamp_cache/n46_rot4.mvr
# code=mvr:0 13 0 26 1 22 1 29 2 10 2 34 3 15 3 27 
0 13
0 26
1 22
1 29
2 10
2 34
3 15
3 27
4 27
4 32
5 7
5 24
6 19
6 33
7 9
7 40
8 12
8 16
9 25
9 38
10 17
10 43
11 2
11 31
12 6
12 37
13 4
13 45
14 11
14 21
15 25
15 42
16 1
16 37
17 23
17 35
18 3
18 4
19 0
19 39
20 9
20 15
21 5
21 31
22 17
22 44
23 1
23 28
24 14
24 40
25 30
25 36
26 6
26 45
27 41
27 42
28 10
28 22
29 8
29 44
30 3
30 20
31 24
31 34
32 0
32 41
33 8
33 39
34 14
34 43
35 2
35 28
36 7
36 20
37 29
37 33
38 5
38 36
39 12
39 26
40 21
40 38
41 13
41 18
42 18
42 30
43 11
43 35
44 16
44 23
45 19
45 32

# solution 1096
# n=46 sym=rot4 status=verified source=flammenkamp_cache/n46_rot4.mvr
# code=mvr:0 15 0 34 1 18 1 24 2 23 2 31 3 32 3 34 
0 15
0 34
1 18
1 24
2 23
2 31
3 32
3 34
4 8
4 10
5 18
5 23
6 7
6 13
7 26
7 39
8 10
8 41
9 20
9 30
10 37
10 41
11 0
11 3
12 17
12 25
13 3
13 39
14 2
14 16
15 9
15 45
16 19
16 31
17 21
17 33
18 40
18 44
19 7
19 29
20 12
20 36
21 1
21 28
22 2
22 5
23 40
23 43
24 17
24 44
25 9
25 33
26 16
26 38
27 1
27 5
28 12
28 24
29 14
29 26
30 0
30 36
31 29
31 43
32 6
32 42
33 20
33 28
34 42
34 45
35 4
35 8
36 15
36 25
37 4
37 35
38 6
38 19
39 32
39 38
40 22
40 27
41 35
41 37
42 11
42 13
43 14
43 22
44 21
44 27
45 11
45 30

# solution 1097
# n=46 sym=rot4 status=verified source=flammenkamp_cache/n46_rot4.mvr
# code=mvr:0 8 0 32 1 24 1 30 2 13 2 18 3 14 3 27 4
0 8
0 32
1 24
1 30
2 13
2 18
3 14
3 27
4 17
4 20
5 37
5 39
6 5
6 12
7 24
7 36
8 5
8 45
9 7
9 34
10 15
10 17
11 9
11 33
12 11
12 39
13 0
13 43
14 26
14 42
15 1
15 35
16 23
16 25
17 35
17 41
18 3
18 43
19 14
19 23
20 16
20 41
21 1
21 7
22 16
22 19
23 26
23 29
24 38
24 44
25 4
25 29
26 22
26 31
27 2
27 42
28 4
28 10
29 20
29 22
30 10
30 44
31 3
31 19
32 2
32 45
33 6
33 34
34 12
34 36
35 28
35 30
36 11
36 38
37 0
37 40
38 9
38 21
39 33
39 40
40 6
40 8
41 25
41 28
42 18
42 31
43 27
43 32
44 15
44 21
45 13
45 37

# solution 1098
# n=46 sym=rot4 status=verified source=flammenkamp_cache/n46_rot4.mvr
# code=mvr:0 24 0 26 1 3 1 23 2 10 2 30 3 9 3 44 4 
0 24
0 26
1 3
1 23
2 10
2 30
3 9
3 44
4 16
4 27
5 28
5 33
6 15
6 23
7 8
7 11
8 35
8 38
9 19
9 42
10 8
10 43
11 14
11 38
12 5
12 13
13 18
13 33
14 24
14 34
15 2
15 39
16 20
16 41
17 5
17 25
18 4
18 32
19 0
19 36
20 17
20 29
21 0
21 14
22 1
22 6
23 39
23 44
24 31
24 45
25 16
25 28
26 9
26 45
27 13
27 41
28 20
28 40
29 4
29 25
30 6
30 43
31 11
31 21
32 12
32 27
33 32
33 40
34 7
34 31
35 2
35 37
36 3
36 26
37 7
37 10
38 34
38 37
39 22
39 30
40 12
40 17
41 18
41 29
42 1
42 36
43 15
43 35
44 22
44 42
45 19
45 21

# solution 1099
# n=46 sym=rot4 status=verified source=flammenkamp_cache/n46_rot4.mvr
# code=mvr:0 14 0 26 1 14 1 23 2 19 2 36 3 7 3 12 4
0 14
0 26
1 14
1 23
2 19
2 36
3 7
3 12
4 25
4 40
5 4
5 25
6 16
6 35
7 30
7 42
8 17
8 35
9 2
9 12
10 6
10 8
11 27
11 29
12 36
12 42
13 24
13 30
14 44
14 45
15 7
15 13
16 11
16 39
17 23
17 37
18 11
18 21
19 0
19 43
20 4
20 5
21 13
21 27
22 1
22 17
23 28
23 44
24 18
24 32
25 40
25 41
26 2
26 45
27 24
27 34
28 8
28 22
29 6
29 34
30 32
30 38
31 0
31 1
32 15
32 21
33 3
33 9
34 16
34 18
35 37
35 39
36 33
36 43
37 10
37 28
38 3
38 15
39 10
39 29
40 20
40 41
41 5
41 20
42 33
42 38
43 9
43 26
44 22
44 31
45 19
45 31

# solution 1100
# n=46 sym=rot4 status=verified source=flammenkamp_cache/n46_rot4.mvr
# code=mvr:0 23 0 25 1 18 1 32 2 9 2 17 3 6 3 21 4 
0 23
0 25
1 18
1 32
2 9
2 17
3 6
3 21
4 14
4 29
5 12
5 32
6 34
6 42
7 25
7 29
8 14
8 18
9 23
9 43
10 24
10 26
11 6
11 15
12 17
12 40
13 1
13 5
14 37
14 41
15 26
15 34
16 4
16 7
17 33
17 43
18 37
18 44
19 10
19 15
20 0
20 7
21 10
21 42
22 0
22 9
23 36
23 45
24 3
24 35
25 38
25 45
26 30
26 35
27 1
27 8
28 2
28 12
29 38
29 41
30 11
30 19
31 4
31 8
32 40
32 44
33 5
33 28
34 30
34 39
35 19
35 21
36 2
36 22
37 27
37 31
38 16
38 20
39 3
39 11
40 13
40 33
41 16
41 31
42 24
42 39
43 28
43 36
44 13
44 27
45 20
45 22

# solution 1101
# n=46 sym=rot4 status=verified source=flammenkamp_cache/n46_rot4.mvr
# code=mvr:0 24 0 34 1 19 1 35 2 24 2 30 3 17 3 23 
0 24
0 34
1 19
1 35
2 24
2 30
3 17
3 23
4 27
4 33
5 7
5 14
6 23
6 33
7 27
7 40
8 9
8 15
9 26
9 37
10 1
10 34
11 0
11 10
12 4
12 6
13 16
13 17
14 29
14 40
15 2
15 37
16 14
16 32
17 32
17 42
18 4
18 7
19 9
19 44
20 20
20 25
21 0
21 2
22 3
22 6
23 39
23 42
24 43
24 45
25 20
25 25
26 1
26 36
27 38
27 41
28 3
28 13
29 13
29 31
30 8
30 43
31 5
31 16
32 28
32 29
33 39
33 41
34 35
34 45
35 11
35 44
36 8
36 19
37 30
37 36
38 5
38 18
39 12
39 22
40 31
40 38
41 12
41 18
42 22
42 28
43 15
43 21
44 10
44 26
45 11
45 21

# solution 1102
# n=46 sym=rot4 status=verified source=flammenkamp_cache/n46_rot4.mvr
# code=mvr:0 14 0 16 1 23 1 26 2 24 2 34 3 5 3 16 4
0 14
0 16
1 23
1 26
2 24
2 34
3 5
3 16
4 23
4 35
5 37
5 42
6 10
6 15
7 28
7 33
8 5
8 13
9 9
9 36
10 4
10 39
11 2
11 24
12 7
12 27
13 20
13 37
14 30
14 45
15 14
15 39
16 42
16 45
17 7
17 25
18 12
18 19
19 1
19 27
20 17
20 32
21 2
21 11
22 1
22 4
23 41
23 44
24 34
24 43
25 13
25 28
26 18
26 44
27 26
27 33
28 20
28 38
29 0
29 3
30 6
30 31
31 0
31 15
32 8
32 25
33 18
33 38
34 21
34 43
35 6
35 41
36 9
36 36
37 32
37 40
38 12
38 17
39 30
39 35
40 3
40 8
41 10
41 22
42 29
42 40
43 11
43 21
44 19
44 22
45 29
45 31

# solution 1103
# n=46 sym=rot4 status=verified source=flammenkamp_cache/n46_rot4.mvr
# code=mvr:0 8 0 38 1 17 1 27 2 22 2 41 3 13 3 15 4
0 8
0 38
1 17
1 27
2 22
2 41
3 13
3 15
4 2
4 35
5 26
5 36
6 14
6 30
7 0
7 21
8 19
8 45
9 5
9 33
10 4
10 13
11 16
11 23
12 9
12 27
13 35
13 42
14 29
14 39
15 6
15 42
16 14
16 34
17 24
17 44
18 1
18 12
19 5
19 37
20 20
20 25
21 17
21 38
22 11
22 43
23 2
23 34
24 7
24 28
25 20
25 25
26 8
26 40
27 33
27 44
28 1
28 21
29 11
29 31
30 3
30 39
31 6
31 16
32 3
32 10
33 18
33 36
34 22
34 29
35 32
35 41
36 12
36 40
37 0
37 26
38 24
38 45
39 15
39 31
40 9
40 19
41 10
41 43
42 30
42 32
43 4
43 23
44 18
44 28
45 7
45 37

# solution 1104
# n=46 sym=rot4 status=verified source=flammenkamp_cache/n46_rot4.mvr
# code=mvr:0 23 0 24 1 19 1 28 2 8 2 12 3 20 3 31 4
0 23
0 24
1 19
1 28
2 8
2 12
3 20
3 31
4 13
4 36
5 31
5 38
6 24
6 25
7 5
7 11
8 34
8 43
9 4
9 13
10 27
10 29
11 8
11 38
12 23
12 43
13 36
13 41
14 3
14 5
15 15
15 30
16 10
16 17
17 1
17 29
18 10
18 19
19 27
19 44
20 6
20 42
21 0
21 6
22 0
22 12
23 33
23 45
24 39
24 45
25 3
25 39
26 1
26 18
27 26
27 35
28 16
28 44
29 28
29 35
30 15
30 30
31 40
31 42
32 4
32 9
33 2
33 22
34 7
34 37
35 16
35 18
36 32
36 41
37 2
37 11
38 34
38 40
39 20
39 21
40 7
40 14
41 9
41 32
42 14
42 25
43 33
43 37
44 17
44 26
45 21
45 22

# solution 1105
# n=46 sym=rot4 status=verified source=flammenkamp_cache/n46_rot4.mvr
# code=mvr:0 14 0 16 1 19 1 24 2 23 2 30 3 8 3 33 4
0 14
0 16
1 19
1 24
2 23
2 30
3 8
3 33
4 20
4 26
5 5
5 40
6 14
6 24
7 9
7 30
8 27
8 42
9 33
9 38
10 13
10 16
11 23
11 28
12 3
12 9
13 20
13 35
14 39
14 45
15 2
15 7
16 35
16 45
17 11
17 27
18 8
18 17
19 4
19 44
20 32
20 41
21 1
21 6
22 2
22 11
23 34
23 43
24 39
24 44
25 4
25 13
26 1
26 41
27 28
27 37
28 18
28 34
29 0
29 10
30 38
30 43
31 0
31 6
32 10
32 25
33 36
33 42
34 17
34 22
35 29
35 32
36 7
36 12
37 3
37 18
38 15
38 36
39 21
39 31
40 5
40 40
41 19
41 25
42 12
42 37
43 15
43 22
44 21
44 26
45 29
45 31

# solution 1106
# n=46 sym=rot4 status=verified source=flammenkamp_cache/n46_rot4.mvr
# code=mvr:0 18 0 24 1 23 1 28 2 12 2 14 3 26 3 38 
0 18
0 24
1 23
1 28
2 12
2 14
3 26
3 38
4 30
4 39
5 18
5 36
6 4
6 32
7 3
7 19
8 13
8 23
9 5
9 17
10 10
10 35
11 20
11 29
12 25
12 43
13 6
13 37
14 29
14 43
15 4
15 24
16 11
16 14
17 1
17 36
18 40
18 45
19 3
19 38
20 12
20 34
21 0
21 15
22 1
22 8
23 37
23 44
24 30
24 45
25 11
25 33
26 7
26 42
27 0
27 5
28 9
28 44
29 31
29 34
30 21
30 41
31 2
31 16
32 8
32 39
33 2
33 20
34 16
34 25
35 10
35 35
36 28
36 40
37 22
37 32
38 26
38 42
39 13
39 41
40 9
40 27
41 6
41 15
42 7
42 19
43 31
43 33
44 17
44 22
45 21
45 27

# solution 1107
# n=46 sym=rot4 status=verified source=flammenkamp_cache/n46_rot4.mvr
# code=mvr:0 20 0 32 1 22 1 27 2 17 2 30 3 18 3 25 
0 20
0 32
1 22
1 27
2 17
2 30
3 18
3 25
4 9
4 11
5 6
5 32
6 8
6 40
7 7
7 38
8 14
8 39
9 12
9 41
10 21
10 31
11 29
11 41
12 24
12 36
13 0
13 5
14 10
14 37
15 2
15 19
16 11
16 23
17 19
17 43
18 1
18 42
19 28
19 30
20 3
20 45
21 12
21 35
22 16
22 44
23 1
23 29
24 10
24 33
25 0
25 42
26 15
26 17
27 3
27 44
28 2
28 26
29 22
29 34
30 26
30 43
31 8
31 35
32 40
32 45
33 9
33 21
34 4
34 16
35 14
35 24
36 4
36 33
37 6
37 31
38 7
38 38
39 5
39 37
40 13
40 39
41 34
41 36
42 20
42 27
43 15
43 28
44 18
44 23
45 13
45 25

# solution 1108
# n=46 sym=rot4 status=verified source=flammenkamp_cache/n46_rot4.mvr
# code=mvr:0 20 0 32 1 22 1 27 2 17 2 30 3 18 3 25 
0 20
0 32
1 22
1 27
2 17
2 30
3 18
3 25
4 9
4 11
5 6
5 32
6 8
6 40
7 7
7 38
8 31
8 39
9 12
9 41
10 21
10 31
11 29
11 41
12 24
12 36
13 0
13 5
14 8
14 10
15 2
15 19
16 11
16 23
17 19
17 43
18 1
18 42
19 28
19 30
20 3
20 45
21 12
21 35
22 16
22 44
23 1
23 29
24 10
24 33
25 0
25 42
26 15
26 17
27 3
27 44
28 2
28 26
29 22
29 34
30 26
30 43
31 35
31 37
32 40
32 45
33 9
33 21
34 4
34 16
35 14
35 24
36 4
36 33
37 6
37 14
38 7
38 38
39 5
39 37
40 13
40 39
41 34
41 36
42 20
42 27
43 15
43 28
44 18
44 23
45 13
45 25

# solution 1109
# n=46 sym=rot4 status=verified source=flammenkamp_cache/n46_rot4.mvr
# code=mvr:0 24 0 26 1 17 1 30 2 5 2 20 3 12 3 35 4
0 24
0 26
1 17
1 30
2 5
2 20
3 12
3 35
4 10
4 13
5 27
5 43
6 14
6 38
7 6
7 26
8 12
8 23
9 14
9 15
10 3
10 41
11 27
11 29
12 37
12 42
13 24
13 41
14 36
14 39
15 1
15 36
16 11
16 17
17 29
17 44
18 5
18 11
19 0
19 7
20 23
20 43
21 0
21 13
22 8
22 20
23 25
23 37
24 32
24 45
25 2
25 22
26 38
26 45
27 34
27 40
28 1
28 16
29 28
29 34
30 9
30 44
31 6
31 9
32 4
32 21
33 3
33 8
34 16
34 18
35 4
35 42
36 30
36 31
37 22
37 33
38 19
38 39
39 7
39 31
40 2
40 18
41 32
41 35
42 10
42 33
43 25
43 40
44 15
44 28
45 19
45 21

# solution 1110
# n=46 sym=rot4 status=verified source=flammenkamp_cache/n46_rot4.mvr
# code=mvr:0 20 0 26 1 18 1 23 2 14 2 32 3 31 3 34 
0 20
0 26
1 18
1 23
2 14
2 32
3 31
3 34
4 21
4 27
5 26
5 37
6 7
6 11
7 16
7 39
8 5
8 10
9 13
9 33
10 28
10 37
11 3
11 39
12 9
12 25
13 2
13 36
14 3
14 43
15 21
15 28
16 23
16 38
17 10
17 15
18 4
18 44
19 0
19 5
20 12
20 45
21 30
21 41
22 1
22 16
23 29
23 44
24 4
24 15
25 0
25 33
26 40
26 45
27 1
27 41
28 30
28 35
29 7
29 22
30 17
30 24
31 2
31 42
32 9
32 43
33 20
33 36
34 6
34 42
35 8
35 17
36 12
36 32
37 35
37 40
38 6
38 29
39 34
39 38
40 8
40 19
41 18
41 24
42 11
42 14
43 13
43 31
44 22
44 27
45 19
45 25

# solution 1111
# n=46 sym=rot4 status=verified source=flammenkamp_cache/n46_rot4.mvr
# code=mvr:0 17 0 34 1 18 1 25 2 27 2 32 3 26 3 37 
0 17
0 34
1 18
1 25
2 27
2 32
3 26
3 37
4 6
4 13
5 25
5 35
6 24
6 41
7 16
7 19
8 3
8 33
9 12
9 15
10 5
10 31
11 0
11 24
12 8
12 36
13 2
13 41
14 10
14 28
15 22
15 36
16 23
16 38
17 14
17 45
18 2
18 44
19 3
19 38
20 1
20 5
21 6
21 11
22 16
22 30
23 15
23 29
24 34
24 39
25 40
25 44
26 7
26 42
27 1
27 43
28 0
28 31
29 7
29 22
30 9
30 23
31 17
31 35
32 4
32 43
33 9
33 37
34 21
34 45
35 14
35 40
36 30
36 33
37 12
37 42
38 26
38 29
39 4
39 21
40 10
40 20
41 32
41 39
42 8
42 19
43 13
43 18
44 20
44 27
45 11
45 28

# solution 1112
# n=46 sym=rot4 status=verified source=flammenkamp_cache/n46_rot4.mvr
# code=mvr:0 12 0 24 1 18 1 42 2 25 2 34 3 1 3 23 4
0 12
0 24
1 18
1 42
2 25
2 34
3 1
3 23
4 14
4 15
5 30
5 37
6 19
6 23
7 11
7 32
8 5
8 36
9 8
9 13
10 16
10 28
11 2
11 38
12 24
12 45
13 7
13 36
14 29
14 41
15 5
15 41
16 14
16 35
17 10
17 25
18 19
18 44
19 27
19 39
20 2
20 17
21 0
21 12
22 3
22 6
23 39
23 42
24 33
24 45
25 28
25 43
26 6
26 18
27 1
27 26
28 20
28 35
29 10
29 31
30 4
30 40
31 4
31 16
32 9
32 38
33 0
33 21
34 7
34 43
35 17
35 29
36 32
36 37
37 9
37 40
38 13
38 34
39 22
39 26
40 8
40 15
41 30
41 31
42 22
42 44
43 11
43 20
44 3
44 27
45 21
45 33

# solution 1113
# n=46 sym=rot4 status=verified source=flammenkamp_cache/n46_rot4.mvr
# code=mvr:0 17 0 38 1 24 1 26 2 17 2 21 3 32 3 39 
0 17
0 38
1 24
1 26
2 17
2 21
3 32
3 39
4 16
4 31
5 11
5 14
6 3
6 23
7 0
7 18
8 32
8 35
9 18
9 33
10 8
10 33
11 30
11 40
12 9
12 10
13 3
13 8
14 4
14 40
15 11
15 26
16 23
16 41
17 43
17 45
18 36
18 38
19 1
19 15
20 20
20 25
21 1
21 43
22 6
22 16
23 29
23 39
24 2
24 44
25 20
25 25
26 30
26 44
27 7
27 9
28 0
28 2
29 4
29 22
30 19
30 34
31 5
31 41
32 37
32 42
33 35
33 36
34 5
34 15
35 12
35 37
36 12
36 27
37 10
37 13
38 27
38 45
39 22
39 42
40 31
40 34
41 14
41 29
42 6
42 13
43 24
43 28
44 19
44 21
45 7
45 28

# solution 1114
# n=46 sym=rot4 status=verified source=flammenkamp_cache/n46_rot4.mvr
# code=mvr:0 20 0 24 1 30 1 31 2 30 2 33 3 8 3 23 4
0 20
0 24
1 30
1 31
2 30
2 33
3 8
3 23
4 7
4 29
5 13
5 17
6 21
6 23
7 12
7 41
8 19
8 42
9 10
9 13
10 31
10 36
11 17
11 18
12 2
12 38
13 36
13 40
14 1
14 10
15 1
15 2
16 4
16 19
17 34
17 40
18 25
18 34
19 29
19 37
20 18
20 45
21 0
21 39
22 3
22 6
23 39
23 42
24 6
24 45
25 0
25 27
26 8
26 16
27 11
27 20
28 5
28 11
29 26
29 41
30 43
30 44
31 35
31 44
32 5
32 9
33 7
33 43
34 27
34 28
35 9
35 14
36 32
36 35
37 3
37 26
38 4
38 33
39 22
39 24
40 28
40 32
41 16
41 38
42 22
42 37
43 12
43 15
44 14
44 15
45 21
45 25

# solution 1115
# n=46 sym=rot4 status=verified source=flammenkamp_cache/n46_rot4.mvr
# code=mvr:0 24 0 26 1 16 1 23 2 29 2 35 3 9 3 11 4
0 24
0 26
1 16
1 23
2 29
2 35
3 9
3 11
4 9
4 21
5 5
5 40
6 33
6 37
7 14
7 25
8 6
8 25
9 41
9 42
10 2
10 32
11 14
11 42
12 6
12 23
13 10
13 18
14 34
14 38
15 26
15 28
16 2
16 44
17 15
17 27
18 17
18 32
19 0
19 15
20 7
20 8
21 0
21 41
22 1
22 12
23 33
23 44
24 4
24 45
25 37
25 38
26 30
26 45
27 13
27 28
28 18
28 30
29 1
29 43
30 17
30 19
31 7
31 11
32 27
32 35
33 22
33 39
34 3
34 31
35 13
35 43
36 3
36 4
37 20
37 39
38 20
38 31
39 8
39 12
40 5
40 40
41 24
41 36
42 34
42 36
43 10
43 16
44 22
44 29
45 19
45 21

# solution 1116
# n=46 sym=rot4 status=verified source=flammenkamp_cache/n46_rot4.mvr
# code=mvr:0 28 0 37 1 13 1 30 2 10 2 24 3 23 3 27 
0 28
0 37
1 13
1 30
2 10
2 24
3 23
3 27
4 24
4 27
5 17
5 29
6 6
6 39
7 12
7 32
8 0
8 36
9 8
9 34
10 31
10 43
11 9
11 12
12 34
12 38
13 7
13 44
14 10
14 20
15 1
15 25
16 5
16 26
17 0
17 40
18 3
18 4
19 16
19 23
20 15
20 31
21 2
21 4
22 3
22 19
23 26
23 42
24 41
24 43
25 14
25 30
26 22
26 29
27 41
27 42
28 5
28 45
29 19
29 40
30 20
30 44
31 25
31 35
32 1
32 38
33 7
33 11
34 33
34 36
35 2
35 14
36 11
36 37
37 9
37 45
38 13
38 33
39 6
39 39
40 16
40 28
41 18
41 21
42 18
42 22
43 21
43 35
44 15
44 32
45 8
45 17

# solution 1117
# n=46 sym=rot4 status=verified source=flammenkamp_cache/n46_rot4.mvr
# code=mvr:0 22 0 25 1 18 1 32 2 18 2 26 3 11 3 12 
0 22
0 25
1 18
1 32
2 18
2 26
3 11
3 12
4 28
4 37
5 13
5 37
6 11
6 33
7 17
7 35
8 4
8 5
9 23
9 30
10 7
10 24
11 39
11 42
12 6
12 42
13 1
13 40
14 29
14 30
15 9
15 14
16 14
16 25
17 4
17 38
18 43
18 44
19 2
19 21
20 0
20 16
21 10
21 26
22 9
22 45
23 0
23 36
24 19
24 35
25 29
25 45
26 24
26 43
27 1
27 2
28 7
28 41
29 20
29 31
30 31
30 36
31 15
31 16
32 5
32 44
33 3
33 39
34 3
34 6
35 21
35 38
36 15
36 22
37 40
37 41
38 10
38 28
39 12
39 34
40 8
40 32
41 8
41 17
42 33
42 34
43 19
43 27
44 13
44 27
45 20
45 23

# solution 1118
# n=46 sym=rot4 status=verified source=flammenkamp_cache/n46_rot4.mvr
# code=mvr:0 20 0 43 1 13 1 31 2 0 2 10 3 10 3 27 4
0 20
0 43
1 13
1 31
2 0
2 10
3 10
3 27
4 24
4 30
5 17
5 29
6 23
6 37
7 13
7 34
8 6
8 21
9 14
9 17
10 42
10 43
11 7
11 12
12 27
12 34
13 38
13 44
14 1
14 36
15 4
15 25
16 5
16 19
17 36
17 40
18 3
18 12
19 23
19 29
20 15
20 45
21 4
21 37
22 6
22 19
23 26
23 39
24 8
24 41
25 0
25 30
26 16
26 22
27 33
27 42
28 5
28 9
29 26
29 40
30 20
30 41
31 9
31 44
32 1
32 7
33 11
33 18
34 33
34 38
35 2
35 3
36 28
36 31
37 24
37 39
38 11
38 32
39 8
39 22
40 16
40 28
41 15
41 21
42 18
42 35
43 35
43 45
44 14
44 32
45 2
45 25

# solution 1119
# n=46 sym=rot4 status=verified source=flammenkamp_cache/n46_rot4.mvr
# code=mvr:0 12 0 24 1 15 1 37 2 21 2 26 3 16 3 40 
0 12
0 24
1 15
1 37
2 21
2 26
3 16
3 40
4 7
4 20
5 3
5 28
6 12
6 16
7 27
7 41
8 1
8 15
9 11
9 20
10 10
10 35
11 26
11 36
12 39
12 45
13 22
13 28
14 18
14 23
15 37
15 44
16 39
16 42
17 5
17 13
18 7
18 31
19 2
19 11
20 36
20 41
21 0
21 43
22 14
22 32
23 13
23 31
24 2
24 45
25 4
25 9
26 34
26 43
27 14
27 38
28 32
28 40
29 3
29 6
30 1
30 8
31 22
31 27
32 17
32 23
33 0
33 6
34 9
34 19
35 10
35 35
36 25
36 34
37 30
37 44
38 4
38 18
39 29
39 33
40 17
40 42
41 25
41 38
42 5
42 29
43 19
43 24
44 8
44 30
45 21
45 33

# solution 1120
# n=46 sym=rot4 status=verified source=flammenkamp_cache/n46_rot4.mvr
# code=mvr:0 14 0 22 1 26 1 28 2 5 2 15 3 15 3 35 4
0 14
0 22
1 26
1 28
2 5
2 15
3 15
3 35
4 34
4 37
5 19
5 43
6 23
6 24
7 10
7 33
8 4
8 20
9 14
9 28
10 3
10 38
11 4
11 32
12 7
12 27
13 11
13 21
14 36
14 45
15 42
15 43
16 25
16 27
17 1
17 9
18 12
18 16
19 1
19 40
20 16
20 37
21 6
21 32
22 6
22 45
23 0
23 39
24 13
24 39
25 8
25 29
26 5
26 44
27 29
27 33
28 36
28 44
29 18
29 20
30 2
30 3
31 0
31 9
32 24
32 34
33 18
33 38
34 13
34 41
35 7
35 42
36 17
36 31
37 25
37 41
38 12
38 35
39 21
39 22
40 2
40 26
41 8
41 11
42 10
42 30
43 30
43 40
44 17
44 19
45 23
45 31

# solution 1121
# n=46 sym=rot4 status=verified source=flammenkamp_cache/n46_rot4.mvr
# code=mvr:0 12 0 15 1 20 1 28 2 23 2 35 3 6 3 15 4
0 12
0 15
1 20
1 28
2 23
2 35
3 6
3 15
4 10
4 19
5 27
5 36
6 23
6 42
7 14
7 28
8 9
8 18
9 5
9 37
10 2
10 41
11 20
11 29
12 29
12 45
13 14
13 24
14 32
14 38
15 42
15 45
16 11
16 12
17 1
17 7
18 5
18 37
19 21
19 41
20 34
20 44
21 13
21 26
22 2
22 6
23 39
23 43
24 19
24 32
25 1
25 11
26 4
26 24
27 8
27 40
28 38
28 44
29 33
29 34
30 0
30 3
31 7
31 13
32 21
32 31
33 0
33 16
34 16
34 25
35 4
35 43
36 8
36 40
37 27
37 36
38 17
38 31
39 3
39 22
40 9
40 18
41 26
41 35
42 30
42 39
43 10
43 22
44 17
44 25
45 30
45 33

# solution 1122
# n=46 sym=rot4 status=verified source=flammenkamp_cache/n46_rot4.mvr
# code=mvr:0 6 0 38 1 22 1 24 2 13 2 33 3 26 3 30 4
0 6
0 38
1 22
1 24
2 13
2 33
3 26
3 30
4 9
4 15
5 14
5 35
6 25
6 45
7 0
7 16
8 23
8 27
9 33
9 41
10 5
10 34
11 10
11 13
12 2
12 9
13 34
13 43
14 29
14 40
15 3
15 41
16 14
16 38
17 20
17 24
18 8
18 19
19 3
19 27
20 6
20 28
21 1
21 17
22 8
22 44
23 1
23 37
24 28
24 44
25 17
25 39
26 18
26 42
27 26
27 37
28 21
28 25
29 7
29 31
30 4
30 42
31 5
31 16
32 2
32 11
33 36
33 43
34 32
34 35
35 11
35 40
36 4
36 12
37 18
37 22
38 29
38 45
39 0
39 20
40 10
40 31
41 30
41 36
42 15
42 19
43 12
43 32
44 21
44 23
45 7
45 39

# solution 1123
# n=46 sym=rot4 status=verified source=flammenkamp_cache/n46_rot4.mvr
# code=mvr:0 25 0 33 1 16 1 26 2 30 2 36 3 13 3 19 
0 25
0 33
1 16
1 26
2 30
2 36
3 13
3 19
4 14
4 18
5 8
5 27
6 7
6 21
7 31
7 39
8 16
8 40
9 2
9 10
10 32
10 36
11 20
11 23
12 0
12 28
13 10
13 42
14 7
14 41
15 2
15 24
16 37
16 44
17 12
17 23
18 5
18 41
19 1
19 42
20 0
20 34
21 15
21 39
22 11
22 17
23 28
23 34
24 6
24 30
25 11
25 45
26 3
26 44
27 4
27 40
28 22
28 33
29 1
29 8
30 21
30 43
31 4
31 38
32 3
32 35
33 17
33 45
34 22
34 25
35 9
35 13
36 35
36 43
37 5
37 29
38 6
38 14
39 24
39 38
40 18
40 37
41 27
41 31
42 26
42 32
43 9
43 15
44 19
44 29
45 12
45 20

# solution 1124
# n=46 sym=rot4 status=verified source=flammenkamp_cache/n46_rot4.mvr
# code=mvr:0 20 0 39 1 13 1 33 2 17 2 34 3 7 3 15 4
0 20
0 39
1 13
1 33
2 17
2 34
3 7
3 15
4 12
4 23
5 13
5 27
6 0
6 36
7 20
7 42
8 23
8 28
9 6
9 19
10 16
10 31
11 2
11 27
12 1
12 41
13 40
13 44
14 10
14 24
15 29
15 42
16 15
16 35
17 8
17 43
18 5
18 11
19 24
19 36
20 38
20 45
21 14
21 19
22 4
22 8
23 37
23 41
24 26
24 31
25 0
25 7
26 9
26 21
27 34
27 40
28 2
28 37
29 10
29 30
30 3
30 16
31 21
31 35
32 1
32 5
33 4
33 44
34 18
34 43
35 14
35 29
36 26
36 39
37 17
37 22
38 3
38 25
39 9
39 45
40 18
40 32
41 22
41 33
42 30
42 38
43 11
43 28
44 12
44 32
45 6
45 25

# solution 1125
# n=46 sym=rot4 status=verified source=flammenkamp_cache/n46_rot4.mvr
# code=mvr:0 22 0 33 1 10 1 25 2 16 2 25 3 24 3 32 
0 22
0 33
1 10
1 25
2 16
2 25
3 24
3 32
4 29
4 37
5 8
5 30
6 7
6 13
7 21
7 39
8 4
8 40
9 9
9 36
10 26
10 44
11 26
11 27
12 0
12 14
13 3
13 39
14 27
14 33
15 5
15 17
16 4
16 43
17 23
17 30
18 11
18 14
19 10
19 11
20 1
20 2
21 3
21 38
22 17
22 45
23 0
23 28
24 7
24 42
25 43
25 44
26 34
26 35
27 31
27 34
28 15
28 22
29 2
29 41
30 28
30 40
31 12
31 18
32 6
32 42
33 31
33 45
34 18
34 19
35 1
35 19
36 9
36 36
37 5
37 41
38 6
38 24
39 32
39 38
40 15
40 37
41 8
41 16
42 13
42 21
43 20
43 29
44 20
44 35
45 12
45 23

# solution 1126
# n=46 sym=rot4 status=verified source=flammenkamp_cache/n46_rot4.mvr
# code=mvr:0 4 0 23 1 17 1 34 2 15 2 31 3 12 3 26 4
0 4
0 23
1 17
1 34
2 15
2 31
3 12
3 26
4 19
4 45
5 23
5 37
6 8
6 32
7 24
7 33
8 5
8 39
9 15
9 16
10 14
10 20
11 1
11 29
12 7
12 42
13 6
13 24
14 2
14 35
15 36
15 43
16 11
16 36
17 20
17 44
18 18
18 27
19 3
19 41
20 28
20 35
21 7
21 13
22 0
22 5
23 40
23 45
24 32
24 38
25 10
25 17
26 4
26 42
27 18
27 27
28 1
28 25
29 9
29 34
30 2
30 9
31 10
31 43
32 21
32 39
33 3
33 38
34 16
34 44
35 25
35 31
36 29
36 30
37 6
37 40
38 12
38 21
39 13
39 37
40 8
40 22
41 0
41 26
42 19
42 33
43 14
43 30
44 11
44 28
45 22
45 41

# solution 1127
# n=46 sym=rot4 status=verified source=flammenkamp_cache/n46_rot4.mvr
# code=mvr:0 12 0 20 1 15 1 27 2 33 2 41 3 8 3 34 4
0 12
0 20
1 15
1 27
2 33
2 41
3 8
3 34
4 2
4 6
5 21
5 37
6 23
6 41
7 10
7 26
8 5
8 42
9 13
9 14
10 28
10 38
11 3
11 26
12 2
12 45
13 31
13 36
14 13
14 36
15 21
15 44
16 23
16 25
17 10
17 18
18 1
18 28
19 7
19 11
20 16
20 45
21 30
21 40
22 6
22 16
23 29
23 39
24 5
24 15
25 0
25 29
26 34
26 38
27 17
27 44
28 27
28 35
29 20
29 22
30 1
30 24
31 9
31 32
32 9
32 14
33 0
33 43
34 19
34 42
35 7
35 17
36 31
36 32
37 3
37 40
38 19
38 35
39 4
39 22
40 8
40 24
41 39
41 43
42 11
42 37
43 4
43 12
44 18
44 30
45 25
45 33

# solution 1128
# n=46 sym=rot4 status=verified source=flammenkamp_cache/n46_rot4.mvr
# code=mvr:0 23 0 27 1 29 1 33 2 12 2 37 3 5 3 26 4
0 23
0 27
1 29
1 33
2 12
2 37
3 5
3 26
4 11
4 16
5 21
5 42
6 15
6 30
7 34
7 36
8 2
8 23
9 7
9 35
10 9
10 17
11 7
11 41
12 1
12 43
13 19
13 24
14 18
14 28
15 6
15 39
16 1
16 41
17 14
17 35
18 0
18 31
19 3
19 32
20 20
20 25
21 13
21 40
22 0
22 8
23 37
23 45
24 5
24 32
25 20
25 25
26 13
26 42
27 14
27 45
28 10
28 31
29 4
29 44
30 6
30 39
31 17
31 27
32 21
32 26
33 2
33 44
34 4
34 38
35 28
35 36
36 10
36 38
37 22
37 43
38 9
38 11
39 15
39 30
40 3
40 24
41 29
41 34
42 19
42 40
43 8
43 33
44 12
44 16
45 18
45 22

# solution 1129
# n=46 sym=rot4 status=verified source=flammenkamp_cache/n46_rot4.mvr
# code=mvr:0 18 0 23 1 29 1 33 2 12 2 37 3 5 3 26 4
0 18
0 23
1 29
1 33
2 12
2 37
3 5
3 26
4 11
4 29
5 21
5 42
6 15
6 30
7 34
7 36
8 2
8 23
9 7
9 35
10 9
10 17
11 7
11 41
12 1
12 43
13 19
13 24
14 18
14 28
15 6
15 39
16 1
16 4
17 14
17 35
18 31
18 45
19 3
19 32
20 20
20 25
21 13
21 40
22 0
22 8
23 37
23 45
24 5
24 32
25 20
25 25
26 13
26 42
27 0
27 14
28 10
28 31
29 41
29 44
30 6
30 39
31 17
31 27
32 21
32 26
33 2
33 44
34 4
34 38
35 28
35 36
36 10
36 38
37 22
37 43
38 9
38 11
39 15
39 30
40 3
40 24
41 16
41 34
42 19
42 40
43 8
43 33
44 12
44 16
45 22
45 27

# solution 1130
# n=46 sym=rot4 status=verified source=flammenkamp_cache/n46_rot4.mvr
# code=mvr:0 2 0 34 1 18 1 35 2 5 2 45 3 26 3 27 4 
0 2
0 34
1 18
1 35
2 5
2 45
3 26
3 27
4 5
4 14
5 41
5 43
6 12
6 19
7 17
7 29
8 16
8 30
9 24
9 32
10 1
10 23
11 0
11 30
12 14
12 39
13 9
13 24
14 33
14 41
15 8
15 11
16 7
16 37
17 23
17 38
18 3
18 44
19 3
19 39
20 20
20 25
21 9
21 13
22 10
22 17
23 28
23 35
24 32
24 36
25 20
25 25
26 6
26 42
27 1
27 42
28 7
28 22
29 8
29 38
30 34
30 37
31 4
31 12
32 21
32 36
33 6
33 31
34 15
34 45
35 22
35 44
36 13
36 21
37 15
37 29
38 16
38 28
39 26
39 33
40 2
40 4
41 31
41 40
42 18
42 19
43 0
43 40
44 10
44 27
45 11
45 43

# solution 1131
# n=46 sym=rot4 status=verified source=flammenkamp_cache/n46_rot4.mvr
# code=mvr:0 11 0 26 1 3 1 31 2 24 2 31 3 18 3 44 4
0 11
0 26
1 3
1 31
2 24
2 31
3 18
3 44
4 11
4 33
5 23
5 36
6 8
6 27
7 13
7 21
8 29
8 39
9 5
9 25
10 17
10 26
11 41
11 45
12 4
12 32
13 12
13 38
14 1
14 2
15 15
15 30
16 8
16 20
17 23
17 35
18 6
18 42
19 0
19 10
20 9
20 29
21 2
21 38
22 5
22 17
23 28
23 40
24 7
24 43
25 16
25 36
26 35
26 45
27 3
27 39
28 10
28 22
29 25
29 37
30 15
30 30
31 43
31 44
32 7
32 33
33 13
33 41
34 0
34 4
35 19
35 28
36 20
36 40
37 6
37 16
38 24
38 32
39 18
39 37
40 9
40 22
41 12
41 34
42 1
42 27
43 14
43 21
44 14
44 42
45 19
45 34

# solution 1132
# n=46 sym=rot4 status=verified source=flammenkamp_cache/n46_rot4.mvr
# code=mvr:0 13 0 31 1 8 1 16 2 21 2 25 3 23 3 27 4
0 13
0 31
1 8
1 16
2 21
2 25
3 23
3 27
4 38
4 40
5 4
5 35
6 8
6 12
7 4
7 16
8 39
8 44
9 26
9 30
10 5
10 18
11 13
11 20
12 28
12 39
13 34
13 45
14 0
14 30
15 9
15 14
16 38
16 44
17 12
17 24
18 3
18 35
19 9
19 23
20 2
20 34
21 17
21 43
22 3
22 19
23 26
23 42
24 2
24 28
25 11
25 43
26 22
26 36
27 10
27 42
28 21
28 33
29 1
29 7
30 31
30 36
31 15
31 45
32 0
32 11
33 6
33 17
34 25
34 32
35 27
35 40
36 15
36 19
37 1
37 6
38 29
38 41
39 33
39 37
40 10
40 41
41 5
41 7
42 18
42 22
43 20
43 24
44 29
44 37
45 14
45 32

# solution 1133
# n=46 sym=rot4 status=verified source=flammenkamp_cache/n46_rot4.mvr
# code=mvr:0 16 0 24 1 6 1 38 2 31 2 40 3 11 3 35 4
0 16
0 24
1 6
1 38
2 31
2 40
3 11
3 35
4 13
4 23
5 2
5 28
6 38
6 44
7 1
7 6
8 17
8 23
9 16
9 19
10 3
10 31
11 24
11 42
12 27
12 30
13 15
13 41
14 2
14 10
15 12
15 32
16 36
16 45
17 5
17 37
18 12
18 19
19 27
19 36
20 20
20 25
21 0
21 11
22 4
22 8
23 37
23 41
24 34
24 45
25 20
25 25
26 9
26 18
27 26
27 33
28 8
28 40
29 0
29 9
30 13
30 33
31 35
31 43
32 4
32 30
33 15
33 18
34 3
34 21
35 14
35 42
36 26
36 29
37 22
37 28
38 39
38 44
39 1
39 7
40 17
40 43
41 22
41 32
42 10
42 34
43 5
43 14
44 7
44 39
45 21
45 29

# solution 1134
# n=46 sym=rot4 status=verified source=flammenkamp_cache/n46_rot4.mvr
# code=mvr:0 19 0 37 1 14 1 22 2 16 2 27 3 35 3 39 
0 19
0 37
1 14
1 22
2 16
2 27
3 35
3 39
4 9
4 24
5 5
5 40
6 3
6 30
7 24
7 29
8 0
8 19
9 33
9 41
10 3
10 12
11 30
11 32
12 9
12 35
13 11
13 25
14 20
14 44
15 6
15 11
16 7
16 43
17 23
17 27
18 2
18 17
19 37
19 45
20 13
20 31
21 4
21 7
22 17
22 44
23 1
23 28
24 38
24 41
25 14
25 32
26 0
26 8
27 28
27 43
28 18
28 22
29 2
29 38
30 34
30 39
31 1
31 25
32 20
32 34
33 10
33 36
34 13
34 15
35 33
35 42
36 4
36 12
37 26
37 45
38 16
38 21
39 15
39 42
40 5
40 40
41 21
41 36
42 6
42 10
43 18
43 29
44 23
44 31
45 8
45 26

# solution 1135
# n=46 sym=rot4 status=verified source=flammenkamp_cache/n46_rot4.mvr
# code=mvr:0 12 0 40 1 2 1 24 2 19 2 44 3 17 3 28 4
0 12
0 40
1 2
1 24
2 19
2 44
3 17
3 28
4 22
4 31
5 0
5 33
6 23
6 30
7 11
7 15
8 16
8 26
9 10
9 20
10 32
10 36
11 24
11 38
12 5
12 45
13 10
13 25
14 4
14 16
15 6
15 38
16 31
16 37
17 3
17 42
18 18
18 27
19 8
19 43
20 13
20 36
21 1
21 11
22 6
22 41
23 4
23 39
24 34
24 44
25 9
25 32
26 2
26 37
27 18
27 27
28 3
28 42
29 8
29 14
30 7
30 39
31 29
31 41
32 20
32 35
33 0
33 40
34 7
34 21
35 9
35 13
36 25
36 35
37 19
37 29
38 30
38 34
39 15
39 22
40 12
40 45
41 14
41 23
42 17
42 28
43 1
43 26
44 21
44 43
45 5
45 33

# solution 1136
# n=46 sym=rot4 status=verified source=flammenkamp_cache/n46_rot4.mvr
# code=mvr:0 25 0 26 1 8 1 13 2 20 2 32 3 23 3 36 4
0 25
0 26
1 8
1 13
2 20
2 32
3 23
3 36
4 29
4 31
5 14
5 18
6 11
6 35
7 9
7 30
8 24
8 44
9 3
9 38
10 6
10 18
11 12
11 39
12 30
12 34
13 2
13 44
14 4
14 40
15 7
15 12
16 4
16 19
17 21
17 23
18 35
18 40
19 0
19 29
20 0
20 43
21 8
21 28
22 3
22 17
23 28
23 42
24 17
24 37
25 2
25 45
26 16
26 45
27 5
27 10
28 22
28 24
29 26
29 41
30 33
30 38
31 5
31 41
32 1
32 43
33 11
33 15
34 6
34 33
35 27
35 39
36 7
36 42
37 1
37 21
38 15
38 36
39 10
39 34
40 27
40 31
41 14
41 16
42 9
42 22
43 13
43 25
44 32
44 37
45 19
45 20

# solution 1137
# n=46 sym=rot4 status=verified source=flammenkamp_cache/n46_rot4.mvr
# code=mvr:0 15 0 41 1 22 1 24 2 24 2 26 3 17 3 33 
0 15
0 41
1 22
1 24
2 24
2 26
3 17
3 33
4 0
4 36
5 7
5 11
6 13
6 20
7 17
7 40
8 8
8 37
9 4
9 16
10 11
10 25
11 35
11 40
12 3
12 30
13 16
13 39
14 23
14 27
15 12
15 45
16 32
16 36
17 38
17 42
18 14
18 19
19 2
19 27
20 10
20 39
21 1
21 2
22 14
22 44
23 1
23 31
24 43
24 44
25 6
25 35
26 18
26 43
27 26
27 31
28 3
28 7
29 9
29 13
30 0
30 33
31 18
31 22
32 6
32 29
33 15
33 42
34 5
34 10
35 20
35 34
36 29
36 41
37 8
37 37
38 5
38 28
39 25
39 32
40 34
40 38
41 9
41 45
42 12
42 28
43 19
43 21
44 21
44 23
45 4
45 30

# solution 1138
# n=46 sym=rot4 status=verified source=flammenkamp_cache/n46_rot4.mvr
# code=mvr:0 27 0 33 1 18 1 21 2 14 2 32 3 28 3 37 
0 27
0 33
1 18
1 21
2 14
2 32
3 28
3 37
4 9
4 25
5 8
5 9
6 26
6 33
7 15
7 28
8 3
8 40
9 40
9 41
10 10
10 35
11 15
11 20
12 0
12 6
13 2
13 14
14 32
14 43
15 34
15 38
16 22
16 26
17 3
17 7
18 0
18 44
19 6
19 16
20 4
20 34
21 23
21 44
22 21
22 29
23 16
23 24
24 1
24 22
25 11
25 41
26 29
26 39
27 1
27 45
28 38
28 42
29 19
29 23
30 7
30 11
31 2
31 13
32 31
32 43
33 39
33 45
34 25
34 30
35 10
35 35
36 4
36 5
37 5
37 42
38 17
38 30
39 12
39 19
40 36
40 37
41 20
41 36
42 8
42 17
43 13
43 31
44 24
44 27
45 12
45 18

# solution 1139
# n=46 sym=rot4 status=verified source=flammenkamp_cache/n46_rot4.mvr
# code=mvr:0 14 0 37 1 20 1 33 2 24 2 28 3 8 3 26 4
0 14
0 37
1 20
1 33
2 24
2 28
3 8
3 26
4 10
4 14
5 5
5 40
6 18
6 30
7 24
7 29
8 0
8 42
9 29
9 35
10 9
10 41
11 13
11 23
12 1
12 15
13 26
13 34
14 41
14 45
15 6
15 33
16 7
16 9
17 2
17 27
18 17
18 39
19 3
19 13
20 23
20 44
21 2
21 7
22 11
22 20
23 25
23 34
24 38
24 43
25 1
25 22
26 32
26 42
27 6
27 28
28 18
28 43
29 36
29 38
30 12
30 39
31 0
31 4
32 11
32 19
33 30
33 44
34 22
34 32
35 4
35 36
36 10
36 16
37 3
37 45
38 16
38 21
39 15
39 27
40 5
40 40
41 31
41 35
42 19
42 37
43 17
43 21
44 12
44 25
45 8
45 31

# solution 1140
# n=46 sym=rot4 status=verified source=flammenkamp_cache/n46_rot4.mvr
# code=mvr:0 19 0 31 1 16 1 17 2 11 2 22 3 8 3 32 4
0 19
0 31
1 16
1 17
2 11
2 22
3 8
3 32
4 29
4 31
5 20
5 21
6 6
6 39
7 36
7 37
8 7
8 42
9 7
9 27
10 13
10 24
11 33
11 43
12 11
12 20
13 3
13 35
14 0
14 4
15 18
15 26
16 4
16 44
17 23
17 44
18 9
18 30
19 15
19 45
20 33
20 40
21 10
21 40
22 17
22 43
23 2
23 28
24 5
24 35
25 5
25 12
26 0
26 30
27 15
27 36
28 1
28 22
29 1
29 41
30 19
30 27
31 41
31 45
32 10
32 42
33 25
33 34
34 2
34 12
35 21
35 32
36 18
36 38
37 3
37 38
38 8
38 9
39 6
39 39
40 24
40 25
41 14
41 16
42 13
42 37
43 23
43 34
44 28
44 29
45 14
45 26

# solution 1141
# n=46 sym=rot4 status=verified source=flammenkamp_cache/n46_rot4.mvr
# code=mvr:0 8 0 25 1 23 1 28 2 18 2 26 3 12 3 21 4
0 8
0 25
1 23
1 28
2 18
2 26
3 12
3 21
4 23
4 36
5 9
5 13
6 29
6 32
7 31
7 35
8 25
8 45
9 4
9 40
10 7
10 29
11 12
11 14
12 34
12 42
13 6
13 40
14 7
14 34
15 21
15 26
16 6
16 10
17 1
17 27
18 17
18 43
19 2
19 15
20 0
20 8
21 30
21 42
22 1
22 4
23 41
23 44
24 3
24 15
25 37
25 45
26 30
26 43
27 2
27 28
28 18
28 44
29 35
29 39
30 19
30 24
31 11
31 38
32 5
32 39
33 3
33 11
34 31
34 33
35 16
35 38
36 5
36 41
37 0
37 20
38 10
38 14
39 13
39 16
40 32
40 36
41 9
41 22
42 24
42 33
43 19
43 27
44 17
44 22
45 20
45 37

# solution 1142
# n=46 sym=rot4 status=verified source=flammenkamp_cache/n46_rot4.mvr
# code=mvr:0 23 0 30 1 25 1 43 2 1 2 13 3 20 3 26 4
0 23
0 30
1 25
1 43
2 1
2 13
3 20
3 26
4 16
4 35
5 23
5 37
6 26
6 38
7 6
7 18
8 5
8 13
9 9
9 36
10 4
10 31
11 18
11 29
12 24
12 31
13 37
13 43
14 10
14 12
15 0
15 28
16 11
16 41
17 15
17 24
18 34
18 38
19 3
19 6
20 1
20 42
21 12
21 17
22 0
22 5
23 40
23 45
24 28
24 33
25 3
25 44
26 39
26 42
27 7
27 11
28 21
28 30
29 4
29 34
30 17
30 45
31 33
31 35
32 2
32 8
33 14
33 21
34 16
34 27
35 14
35 41
36 9
36 36
37 32
37 40
38 27
38 39
39 7
39 19
40 8
40 22
41 10
41 29
42 19
42 25
43 32
43 44
44 2
44 20
45 15
45 22

# solution 1143
# n=46 sym=rot4 status=verified source=flammenkamp_cache/n46_rot4.mvr
# code=mvr:0 8 0 16 1 9 1 24 2 15 2 31 3 9 3 25 4 1
0 8
0 16
1 9
1 24
2 15
2 31
3 9
3 25
4 18
4 23
5 6
5 14
6 27
6 40
7 13
7 34
8 34
8 45
9 42
9 44
10 17
10 24
11 7
11 8
12 17
12 29
13 23
13 38
14 2
14 40
15 25
15 43
16 12
16 45
17 33
17 35
18 6
18 41
19 19
19 26
20 3
20 15
21 1
21 10
22 4
22 13
23 32
23 41
24 35
24 44
25 30
25 42
26 19
26 26
27 4
27 39
28 10
28 12
29 0
29 33
30 2
30 20
31 5
31 43
32 7
32 22
33 16
33 28
34 37
34 38
35 21
35 28
36 1
36 3
37 0
37 11
38 11
38 32
39 5
39 18
40 31
40 39
41 22
41 27
42 20
42 36
43 14
43 30
44 21
44 36
45 29
45 37

# solution 1144
# n=46 sym=rot4 status=verified source=flammenkamp_cache/n46_rot4.mvr
# code=mvr:0 18 0 21 1 31 1 35 2 15 2 20 3 10 3 17 
0 18
0 21
1 31
1 35
2 15
2 20
3 10
3 17
4 6
4 36
5 7
5 31
6 12
6 41
7 23
7 40
8 29
8 36
9 4
9 8
10 1
10 42
11 18
11 28
12 32
12 39
13 12
13 21
14 1
14 5
15 25
15 43
16 8
16 19
17 11
17 42
18 34
18 45
19 23
19 29
20 15
20 43
21 32
21 45
22 7
22 19
23 26
23 38
24 0
24 13
25 2
25 30
26 16
26 22
27 0
27 11
28 3
28 34
29 26
29 37
30 2
30 20
31 40
31 44
32 24
32 33
33 6
33 13
34 17
34 27
35 3
35 44
36 37
36 41
37 9
37 16
38 5
38 22
39 4
39 33
40 14
40 38
41 9
41 39
42 28
42 35
43 25
43 30
44 10
44 14
45 24
45 27

# solution 1145
# n=46 sym=rot4 status=verified source=flammenkamp_cache/n46_rot4.mvr
# code=mvr:0 20 0 24 1 11 1 28 2 33 2 38 3 25 3 30 
0 20
0 24
1 11
1 28
2 33
2 38
3 25
3 30
4 13
4 19
5 23
5 37
6 10
6 14
7 2
7 14
8 5
8 11
9 10
9 30
10 36
10 39
11 37
11 44
12 2
12 24
13 28
13 41
14 38
14 39
15 3
15 9
16 18
16 23
17 1
17 13
18 19
18 29
19 27
19 41
20 3
20 45
21 0
21 12
22 5
22 16
23 29
23 40
24 33
24 45
25 0
25 42
26 4
26 18
27 16
27 26
28 32
28 44
29 22
29 27
30 36
30 42
31 6
31 7
32 4
32 17
33 21
33 43
34 1
34 8
35 6
35 9
36 15
36 35
37 34
37 40
38 31
38 43
39 31
39 35
40 8
40 22
41 26
41 32
42 15
42 20
43 7
43 12
44 17
44 34
45 21
45 25

# solution 1146
# n=46 sym=rot4 status=verified source=flammenkamp_cache/n46_rot4.mvr
# code=mvr:0 19 0 34 1 11 1 27 2 12 2 13 3 4 3 6 4 
0 19
0 34
1 11
1 27
2 12
2 13
3 4
3 6
4 24
4 42
5 26
5 35
6 27
6 42
7 16
7 31
8 8
8 37
9 23
9 24
10 5
10 15
11 0
11 44
12 25
12 43
13 28
13 43
14 7
14 15
15 31
15 35
16 23
16 38
17 13
17 25
18 1
18 6
19 5
19 45
20 12
20 17
21 4
21 9
22 9
22 16
23 29
23 36
24 36
24 41
25 28
25 33
26 0
26 40
27 39
27 44
28 20
28 32
29 7
29 22
30 10
30 14
31 30
31 38
32 2
32 17
33 2
33 20
34 1
34 45
35 30
35 40
36 21
36 22
37 8
37 37
38 14
38 29
39 3
39 18
40 10
40 19
41 3
41 21
42 39
42 41
43 32
43 33
44 18
44 34
45 11
45 26

# solution 1147
# n=46 sym=rot4 status=verified source=flammenkamp_cache/n46_rot4.mvr
# code=mvr:0 13 0 20 1 11 1 28 2 18 2 32 3 12 3 35 
0 13
0 20
1 11
1 28
2 18
2 32
3 12
3 35
4 19
4 31
5 9
5 11
6 8
6 27
7 20
7 24
8 19
8 39
9 12
9 40
10 3
10 31
11 40
11 44
12 36
12 42
13 2
13 45
14 4
14 10
15 16
15 22
16 21
16 30
17 1
17 23
18 6
18 43
19 37
19 41
20 38
20 45
21 7
21 29
22 17
22 30
23 15
23 28
24 16
24 38
25 0
25 7
26 4
26 8
27 2
27 39
28 22
28 44
29 15
29 24
30 23
30 29
31 35
31 41
32 0
32 43
33 3
33 9
34 1
34 5
35 14
35 42
36 5
36 33
37 6
37 26
38 21
38 25
39 18
39 37
40 34
40 36
41 14
41 26
42 10
42 33
43 13
43 27
44 17
44 34
45 25
45 32

# solution 1148
# n=46 sym=rot4 status=verified source=flammenkamp_cache/n46_rot4.mvr
# code=mvr:0 24 0 29 1 7 1 23 2 3 2 30 3 9 3 43 4 3
0 24
0 29
1 7
1 23
2 3
2 30
3 9
3 43
4 34
4 38
5 14
5 16
6 23
6 24
7 4
7 44
8 17
8 27
9 28
9 42
10 13
10 33
11 4
11 26
12 10
12 13
13 33
13 35
14 26
14 40
15 2
15 25
16 0
16 40
17 9
17 37
18 8
18 20
19 11
19 14
20 15
20 27
21 0
21 6
22 1
22 6
23 39
23 44
24 39
24 45
25 18
25 30
26 31
26 34
27 25
27 37
28 8
28 36
29 5
29 45
30 20
30 43
31 5
31 19
32 10
32 12
33 32
33 35
34 19
34 41
35 12
35 32
36 3
36 17
37 18
37 28
38 1
38 41
39 21
39 22
40 29
40 31
41 7
41 11
42 2
42 36
43 15
43 42
44 22
44 38
45 16
45 21

# solution 1149
# n=46 sym=rot4 status=verified source=flammenkamp_cache/n46_rot4.mvr
# code=mvr:0 23 0 24 1 11 1 12 2 19 2 27 3 7 3 11 4
0 23
0 24
1 11
1 12
2 19
2 27
3 7
3 11
4 8
4 29
5 31
5 39
6 5
6 13
7 36
7 42
8 20
8 41
9 7
9 31
10 12
10 24
11 42
11 44
12 35
12 44
13 19
13 39
14 5
14 9
15 15
15 30
16 4
16 23
17 18
17 25
18 2
18 28
19 32
19 43
20 17
20 37
21 0
21 10
22 0
22 16
23 29
23 45
24 35
24 45
25 8
25 28
26 2
26 13
27 17
27 43
28 20
28 27
29 22
29 41
30 15
30 30
31 36
31 40
32 6
32 26
33 1
33 10
34 1
34 3
35 21
35 33
36 14
36 38
37 4
37 25
38 3
38 9
39 32
39 40
40 6
40 14
41 16
41 37
42 34
42 38
43 18
43 26
44 33
44 34
45 21
45 22

# solution 1150
# n=46 sym=rot4 status=verified source=flammenkamp_cache/n46_rot4.mvr
# code=mvr:0 8 0 20 1 25 1 42 2 19 2 28 3 1 3 15 4 
0 8
0 20
1 25
1 42
2 19
2 28
3 1
3 15
4 12
4 32
5 22
5 26
6 9
6 11
7 8
7 33
8 38
8 45
9 32
9 39
10 17
10 29
11 23
11 39
12 7
12 41
13 4
13 9
14 18
14 21
15 16
15 42
16 10
16 30
17 2
17 35
18 21
18 31
19 5
19 43
20 1
20 45
21 27
21 31
22 11
22 40
23 5
23 34
24 14
24 18
25 0
25 44
26 2
26 40
27 14
27 24
28 10
28 43
29 15
29 35
30 3
30 29
31 24
31 27
32 36
32 41
33 4
33 38
34 6
34 22
35 16
35 28
36 6
36 13
37 0
37 7
38 12
38 37
39 34
39 36
40 19
40 23
41 13
41 33
42 30
42 44
43 17
43 26
44 3
44 20
45 25
45 37

# solution 1151
# n=46 sym=rot4 status=verified source=flammenkamp_cache/n46_rot4.mvr
# code=mvr:0 12 0 20 1 19 1 29 2 12 2 29 3 32 3 37 
0 12
0 20
1 19
1 29
2 12
2 29
3 32
3 37
4 7
4 11
5 19
5 32
6 23
6 24
7 8
7 41
8 3
8 38
9 20
9 28
10 14
10 15
11 23
11 41
12 43
12 45
13 3
13 5
14 18
14 35
15 28
15 35
16 1
16 2
17 9
17 15
18 24
18 31
19 40
19 44
20 36
20 45
21 6
21 18
22 6
22 11
23 34
23 39
24 27
24 39
25 0
25 9
26 1
26 5
27 14
27 21
28 30
28 36
29 43
29 44
30 10
30 17
31 10
31 27
32 40
32 42
33 0
33 2
34 4
34 22
35 30
35 31
36 17
36 25
37 7
37 42
38 4
38 37
39 21
39 22
40 13
40 26
41 34
41 38
42 8
42 13
43 16
43 33
44 16
44 26
45 25
45 33

# solution 1152
# n=46 sym=rot4 status=verified source=flammenkamp_cache/n46_rot4.mvr
# code=mvr:0 14 0 35 1 18 1 37 2 11 2 32 3 22 3 32 
0 14
0 35
1 18
1 37
2 11
2 32
3 22
3 32
4 10
4 26
5 16
5 24
6 7
6 19
7 24
7 39
8 1
8 11
9 12
9 18
10 0
10 41
11 37
11 43
12 28
12 36
13 2
13 3
14 29
14 45
15 17
15 23
16 14
16 40
17 12
17 30
18 36
18 44
19 4
19 39
20 20
20 25
21 5
21 7
22 15
22 42
23 3
23 30
24 38
24 40
25 20
25 25
26 6
26 41
27 1
27 9
28 15
28 33
29 5
29 31
30 22
30 28
31 0
31 16
32 42
32 43
33 9
33 17
34 2
34 8
35 4
35 45
36 27
36 33
37 34
37 44
38 6
38 21
39 26
39 38
40 21
40 29
41 19
41 35
42 13
42 23
43 13
43 34
44 8
44 27
45 10
45 31

# solution 1153
# n=46 sym=rot4 status=verified source=flammenkamp_cache/n46_rot4.mvr
# code=mvr:0 24 0 33 1 37 1 41 2 6 2 24 3 15 3 22 4
0 24
0 33
1 37
1 41
2 6
2 24
3 15
3 22
4 1
4 28
5 15
5 31
6 23
6 43
7 13
7 18
8 1
8 29
9 26
9 35
10 9
10 33
11 18
11 25
12 0
12 10
13 26
13 38
14 5
14 29
15 40
15 42
16 8
16 14
17 4
17 25
18 34
18 38
19 9
19 13
20 11
20 17
21 0
21 2
22 6
22 42
23 3
23 39
24 43
24 45
25 28
25 34
26 32
26 36
27 7
27 11
28 20
28 41
29 31
29 37
30 3
30 5
31 16
31 40
32 7
32 19
33 35
33 45
34 20
34 27
35 12
35 36
36 10
36 19
37 16
37 44
38 27
38 32
39 2
39 22
40 14
40 30
41 17
41 44
42 23
42 30
43 21
43 39
44 4
44 8
45 12
45 21

# solution 1154
# n=46 sym=rot4 status=verified source=flammenkamp_cache/n46_rot4.mvr
# code=mvr:0 13 0 21 1 29 1 37 2 27 2 31 3 15 3 20 
0 13
0 21
1 29
1 37
2 27
2 31
3 15
3 20
4 26
4 38
5 5
5 40
6 12
6 13
7 4
7 20
8 1
8 34
9 28
9 30
10 24
10 34
11 8
11 10
12 29
12 39
13 39
13 45
14 2
14 23
15 9
15 42
16 1
16 12
17 9
17 26
18 2
18 23
19 4
19 17
20 38
20 42
21 10
21 45
22 14
22 18
23 27
23 31
24 0
24 35
25 3
25 7
26 28
26 41
27 22
27 43
28 19
28 36
29 33
29 44
30 3
30 36
31 22
31 43
32 0
32 6
33 6
33 16
34 35
34 37
35 11
35 21
36 15
36 17
37 11
37 44
38 25
38 41
39 32
39 33
40 5
40 40
41 7
41 19
42 25
42 30
43 14
43 18
44 8
44 16
45 24
45 32

# solution 1155
# n=46 sym=rot4 status=verified source=flammenkamp_cache/n46_rot4.mvr
# code=mvr:0 14 0 26 1 28 1 29 2 11 2 23 3 34 3 37 
0 14
0 26
1 28
1 29
2 11
2 23
3 34
3 37
4 23
4 33
5 16
5 19
6 6
6 39
7 9
7 35
8 3
8 24
9 18
9 38
10 7
10 25
11 3
11 43
12 4
12 13
13 25
13 33
14 24
14 45
15 18
15 28
16 1
16 40
17 1
17 15
18 30
18 36
19 0
19 40
20 10
20 13
21 8
21 14
22 2
22 4
23 41
23 43
24 31
24 37
25 32
25 35
26 5
26 45
27 9
27 15
28 30
28 44
29 5
29 44
30 17
30 27
31 0
31 21
32 12
32 20
33 32
33 41
34 2
34 42
35 20
35 38
36 7
36 27
37 21
37 42
38 10
38 36
39 6
39 39
40 26
40 29
41 12
41 22
42 8
42 11
43 22
43 34
44 16
44 17
45 19
45 31

# solution 1156
# n=46 sym=rot4 status=verified source=flammenkamp_cache/n46_rot4.mvr
# code=mvr:0 9 0 13 1 23 1 28 2 19 2 38 3 7 3 35 4 
0 9
0 13
1 23
1 28
2 19
2 38
3 7
3 35
4 12
4 21
5 5
5 40
6 14
6 16
7 2
7 42
8 28
8 34
9 20
9 45
10 3
10 23
11 8
11 13
12 27
12 41
13 34
13 45
14 29
14 39
15 25
15 26
16 14
16 39
17 1
17 8
18 12
18 21
19 15
19 43
20 15
20 36
21 27
21 41
22 1
22 10
23 35
23 44
24 4
24 18
25 9
25 30
26 2
26 30
27 24
27 33
28 37
28 44
29 6
29 31
30 19
30 20
31 6
31 16
32 0
32 11
33 4
33 18
34 32
34 37
35 22
35 42
36 0
36 25
37 11
37 17
38 3
38 43
39 29
39 31
40 5
40 40
41 24
41 33
42 10
42 38
43 7
43 26
44 17
44 22
45 32
45 36

# solution 1157
# n=46 sym=rot4 status=verified source=flammenkamp_cache/n46_rot4.mvr
# code=mvr:0 18 0 24 1 23 1 34 2 16 2 26 3 19 3 31 
0 18
0 24
1 23
1 34
2 16
2 26
3 19
3 31
4 11
4 13
5 8
5 36
6 25
6 35
7 8
7 33
8 38
8 40
9 5
9 25
10 6
10 32
11 1
11 41
12 7
12 18
13 10
13 41
14 3
14 24
15 15
15 30
16 17
16 43
17 23
17 29
18 33
18 45
19 2
19 42
20 6
20 9
21 0
21 14
22 1
22 17
23 28
23 44
24 31
24 45
25 36
25 39
26 3
26 43
27 0
27 12
28 16
28 22
29 2
29 28
30 15
30 30
31 21
31 42
32 4
32 35
33 27
33 38
34 4
34 44
35 13
35 39
36 20
36 40
37 5
37 7
38 12
38 37
39 10
39 20
40 9
40 37
41 32
41 34
42 14
42 26
43 19
43 29
44 11
44 22
45 21
45 27

# solution 1158
# n=46 sym=rot4 status=verified source=flammenkamp_cache/n46_rot4.mvr
# code=mvr:0 23 0 28 1 13 1 35 2 19 2 32 3 9 3 10 4
0 23
0 28
1 13
1 35
2 19
2 32
3 9
3 10
4 25
4 40
5 4
5 25
6 14
6 30
7 11
7 12
8 24
8 30
9 23
9 42
10 1
10 42
11 31
11 38
12 18
12 38
13 2
13 44
14 11
14 39
15 6
15 8
16 19
16 24
17 0
17 18
18 28
18 33
19 29
19 43
20 4
20 5
21 8
21 16
22 0
22 9
23 36
23 45
24 29
24 37
25 40
25 41
26 2
26 16
27 12
27 17
28 27
28 45
29 21
29 26
30 37
30 39
31 6
31 34
32 1
32 43
33 7
33 27
34 7
34 14
35 3
35 44
36 3
36 22
37 15
37 21
38 33
38 34
39 15
39 31
40 20
40 41
41 5
41 20
42 35
42 36
43 13
43 26
44 10
44 32
45 17
45 22

# solution 1159
# n=46 sym=rot4 status=verified source=flammenkamp_cache/n46_rot4.mvr
# code=mvr:0 5 0 31 1 22 1 25 2 15 2 33 3 21 3 36 4
0 5
0 31
1 22
1 25
2 15
2 33
3 21
3 36
4 11
4 26
5 8
5 45
6 9
6 31
7 23
7 32
8 20
8 40
9 3
9 39
10 18
10 24
11 30
11 41
12 2
12 32
13 7
13 12
14 0
14 6
15 11
15 43
16 18
16 28
17 16
17 26
18 29
18 35
19 4
19 17
20 1
20 37
21 10
21 42
22 7
22 44
23 1
23 38
24 3
24 35
25 8
25 44
26 28
26 41
27 10
27 16
28 19
28 29
29 17
29 27
30 2
30 34
31 39
31 45
32 33
32 38
33 13
33 43
34 4
34 15
35 21
35 27
36 6
36 42
37 5
37 25
38 13
38 22
39 14
39 36
40 0
40 37
41 19
41 34
42 9
42 24
43 12
43 30
44 20
44 23
45 14
45 40

# solution 1160
# n=46 sym=rot4 status=verified source=flammenkamp_cache/n46_rot4.mvr
# code=mvr:0 16 0 31 1 18 1 20 2 12 2 26 3 5 3 21 4
0 16
0 31
1 18
1 20
2 12
2 26
3 5
3 21
4 13
4 14
5 28
5 42
6 7
6 36
7 34
7 39
8 9
8 33
9 6
9 37
10 17
10 23
11 7
11 19
12 8
12 43
13 27
13 41
14 0
14 41
15 15
15 30
16 24
16 45
17 5
17 35
18 13
18 44
19 2
19 34
20 23
20 44
21 16
21 42
22 10
22 20
23 25
23 35
24 3
24 29
25 1
25 22
26 11
26 43
27 1
27 32
28 10
28 40
29 0
29 21
30 15
30 30
31 4
31 45
32 4
32 18
33 2
33 37
34 26
34 38
35 22
35 28
36 8
36 39
37 12
37 36
38 6
38 11
39 9
39 38
40 3
40 17
41 31
41 32
42 24
42 40
43 19
43 33
44 25
44 27
45 14
45 29

# solution 1161
# n=46 sym=rot4 status=verified source=flammenkamp_cache/n46_rot4.mvr
# code=mvr:0 22 0 32 1 17 1 19 2 7 2 10 3 6 3 34 4 
0 22
0 32
1 17
1 19
2 7
2 10
3 6
3 34
4 15
4 35
5 20
5 27
6 30
6 42
7 37
7 43
8 7
8 27
9 16
9 33
10 4
10 43
11 3
11 13
12 9
12 23
13 0
13 34
14 16
14 26
15 6
15 41
16 31
16 36
17 24
17 44
18 5
18 8
19 14
19 44
20 24
20 40
21 17
21 20
22 12
22 45
23 0
23 33
24 25
24 28
25 5
25 21
26 1
26 31
27 37
27 40
28 1
28 21
29 9
29 14
30 4
30 39
31 19
31 29
32 11
32 45
33 22
33 36
34 32
34 42
35 2
35 41
36 12
36 29
37 18
37 38
38 2
38 8
39 3
39 15
40 18
40 25
41 10
41 30
42 11
42 39
43 35
43 38
44 26
44 28
45 13
45 23

# solution 1162
# n=46 sym=rot4 status=verified source=flammenkamp_cache/n46_rot4.mvr
# code=mvr:0 24 0 34 1 25 1 41 2 18 2 38 3 12 3 30 
0 24
0 34
1 25
1 41
2 18
2 38
3 12
3 30
4 1
4 15
5 24
5 25
6 14
6 29
7 2
7 37
8 7
8 35
9 13
9 19
10 8
10 18
11 0
11 32
12 26
12 42
13 11
13 36
14 17
14 39
15 3
15 41
16 6
16 22
17 23
17 31
18 35
18 43
19 12
19 36
20 1
20 5
21 0
21 5
22 17
22 29
23 16
23 28
24 40
24 45
25 40
25 44
26 9
26 33
27 2
27 10
28 14
28 22
29 23
29 39
30 4
30 42
31 6
31 28
32 9
32 34
33 3
33 19
34 13
34 45
35 27
35 37
36 26
36 32
37 10
37 38
38 8
38 43
39 16
39 31
40 20
40 21
41 30
41 44
42 15
42 33
43 7
43 27
44 4
44 20
45 11
45 21

# solution 1163
# n=46 sym=rot4 status=verified source=flammenkamp_cache/n46_rot4.mvr
# code=mvr:0 15 0 19 1 10 1 18 2 31 2 37 3 32 3 34 
0 15
0 19
1 10
1 18
2 31
2 37
3 32
3 34
4 18
4 28
5 32
5 38
6 11
6 21
7 5
7 20
8 2
8 9
9 12
9 37
10 26
10 44
11 3
11 39
12 29
12 36
13 3
13 5
14 2
14 15
15 31
15 45
16 12
16 22
17 4
17 24
18 41
18 44
19 10
19 45
20 23
20 38
21 17
21 39
22 20
22 29
23 16
23 25
24 6
24 28
25 7
25 22
26 0
26 35
27 1
27 4
28 21
28 41
29 23
29 33
30 0
30 14
31 30
31 43
32 40
32 42
33 9
33 16
34 6
34 42
35 1
35 19
36 8
36 33
37 36
37 43
38 25
38 40
39 24
39 34
40 7
40 13
41 17
41 27
42 11
42 13
43 8
43 14
44 27
44 35
45 26
45 30

# solution 1164
# n=46 sym=rot4 status=verified source=flammenkamp_cache/n46_rot4.mvr
# code=mvr:0 26 0 31 1 14 1 28 2 7 2 22 3 11 3 21 4
0 26
0 31
1 14
1 28
2 7
2 22
3 11
3 21
4 16
4 27
5 6
5 10
6 15
6 40
7 25
7 43
8 9
8 20
9 33
9 37
10 12
10 40
11 27
11 42
12 9
12 35
13 15
13 23
14 0
14 44
15 32
15 39
16 26
16 41
17 1
17 21
18 4
18 11
19 0
19 16
20 7
20 37
21 28
21 42
22 13
22 43
23 2
23 32
24 3
24 17
25 8
25 38
26 29
26 45
27 34
27 41
28 24
28 44
29 4
29 19
30 6
30 13
31 1
31 45
32 22
32 30
33 10
33 36
34 3
34 18
35 5
35 33
36 8
36 12
37 25
37 36
38 2
38 20
39 5
39 30
40 35
40 39
41 18
41 29
42 24
42 34
43 23
43 38
44 17
44 31
45 14
45 19

# solution 1165
# n=46 sym=rot4 status=verified source=flammenkamp_cache/n46_rot4.mvr
# code=mvr:0 21 0 24 1 33 1 40 2 9 2 34 3 15 3 22 4
0 21
0 24
1 33
1 40
2 9
2 34
3 15
3 22
4 11
4 27
5 1
5 20
6 8
6 16
7 8
7 20
8 38
8 39
9 35
9 43
10 9
10 27
11 2
11 41
12 1
12 17
13 26
13 30
14 17
14 23
15 13
15 42
16 26
16 39
17 31
17 33
18 4
18 10
19 13
19 16
20 38
20 40
21 0
21 45
22 14
22 42
23 3
23 31
24 0
24 45
25 5
25 7
26 29
26 32
27 35
27 41
28 12
28 14
29 6
29 19
30 3
30 32
31 22
31 28
32 15
32 19
33 28
33 44
34 4
34 43
35 18
35 36
36 2
36 10
37 6
37 7
38 25
38 37
39 29
39 37
40 25
40 44
41 18
41 34
42 23
42 30
43 11
43 36
44 5
44 12
45 21
45 24

# solution 1166
# n=46 sym=rot4 status=verified source=flammenkamp_cache/n46_rot4.mvr
# code=mvr:0 28 0 35 1 19 1 21 2 20 2 37 3 12 3 27 
0 28
0 35
1 19
1 21
2 20
2 37
3 12
3 27
4 8
4 11
5 31
5 32
6 20
6 28
7 14
7 22
8 2
8 41
9 9
9 36
10 0
10 15
11 12
11 41
12 34
12 42
13 5
13 24
14 5
14 38
15 16
15 35
16 26
16 30
17 0
17 6
18 3
18 23
19 16
19 44
20 39
20 43
21 13
21 44
22 18
22 38
23 7
23 27
24 1
24 32
25 2
25 6
26 1
26 29
27 22
27 42
28 39
28 45
29 15
29 19
30 10
30 29
31 7
31 40
32 21
32 40
33 3
33 11
34 4
34 33
35 30
35 45
36 9
36 36
37 4
37 43
38 23
38 31
39 17
39 25
40 13
40 14
41 34
41 37
42 18
42 33
43 8
43 25
44 24
44 26
45 10
45 17

# solution 1167
# n=46 sym=rot4 status=verified source=flammenkamp_cache/n46_rot4.mvr
# code=mvr:0 18 0 32 1 15 1 21 2 9 2 33 3 4 3 21 4 
0 18
0 32
1 15
1 21
2 9
2 33
3 4
3 21
4 7
4 42
5 13
5 30
6 23
6 25
7 8
7 41
8 11
8 38
9 16
9 43
10 26
10 31
11 17
11 37
12 2
12 25
13 0
13 40
14 10
14 16
15 5
15 44
16 31
16 36
17 26
17 34
18 23
18 45
19 10
19 17
20 6
20 12
21 42
21 44
22 6
22 18
23 27
23 39
24 1
24 3
25 33
25 39
26 28
26 35
27 0
27 22
28 11
28 19
29 9
29 14
30 1
30 40
31 29
31 35
32 5
32 45
33 20
33 43
34 8
34 28
35 14
35 19
36 2
36 29
37 7
37 34
38 4
38 37
39 20
39 22
40 15
40 32
41 3
41 38
42 24
42 41
43 12
43 36
44 24
44 30
45 13
45 27

# solution 1168
# n=46 sym=rot4 status=verified source=flammenkamp_cache/n46_rot4.mvr
# code=mvr:0 10 0 16 1 20 1 24 2 6 2 40 3 24 3 33 4
0 10
0 16
1 20
1 24
2 6
2 40
3 24
3 33
4 10
4 36
5 2
5 32
6 15
6 43
7 20
7 37
8 7
8 23
9 4
9 11
10 41
10 45
11 28
11 36
12 3
12 32
13 5
13 12
14 18
14 28
15 23
15 39
16 27
16 45
17 11
17 14
18 16
18 31
19 19
19 26
20 38
20 44
21 1
21 3
22 8
22 15
23 30
23 37
24 42
24 44
25 1
25 7
26 19
26 26
27 14
27 29
28 31
28 34
29 0
29 18
30 6
30 22
31 17
31 27
32 33
32 40
33 13
33 42
34 9
34 17
35 0
35 4
36 34
36 41
37 22
37 38
38 8
38 25
39 2
39 30
40 13
40 43
41 9
41 35
42 12
42 21
43 5
43 39
44 21
44 25
45 29
45 35

# solution 1169
# n=46 sym=rot4 status=verified source=flammenkamp_cache/n46_rot4.mvr
# code=mvr:0 21 0 31 1 4 1 39 2 29 2 38 3 13 3 18 4
0 21
0 31
1 4
1 39
2 29
2 38
3 13
3 18
4 16
4 44
5 11
5 31
6 1
6 19
7 2
7 8
8 21
8 38
9 17
9 32
10 28
10 33
11 22
11 40
12 10
12 23
13 9
13 42
14 0
14 5
15 15
15 30
16 2
16 41
17 10
17 36
18 25
18 42
19 25
19 39
20 18
20 19
21 37
21 45
22 12
22 34
23 11
23 33
24 0
24 8
25 26
25 27
26 6
26 20
27 3
27 20
28 9
28 35
29 4
29 43
30 15
30 30
31 40
31 45
32 3
32 36
33 22
33 35
34 5
34 23
35 12
35 17
36 13
36 28
37 7
37 24
38 37
38 43
39 26
39 44
40 14
40 34
41 1
41 29
42 27
42 32
43 7
43 16
44 6
44 41
45 14
45 24

# solution 1170
# n=46 sym=rot4 status=verified source=flammenkamp_cache/n46_rot4.mvr
# code=mvr:0 6 0 20 1 18 1 30 2 28 2 34 3 15 3 33 4
0 6
0 20
1 18
1 30
2 28
2 34
3 15
3 33
4 33
4 34
5 9
5 13
6 37
6 45
7 20
7 22
8 6
8 21
9 29
9 40
10 13
10 14
11 2
11 4
12 3
12 4
13 35
13 40
14 26
14 35
15 1
15 42
16 9
16 19
17 2
17 27
18 17
18 44
19 14
19 29
20 38
20 45
21 23
21 37
22 21
22 38
23 7
23 24
24 8
24 22
25 0
25 7
26 16
26 31
27 1
27 28
28 18
28 43
29 26
29 36
30 3
30 44
31 10
31 19
32 5
32 10
33 41
33 42
34 41
34 43
35 31
35 32
36 5
36 16
37 24
37 39
38 23
38 25
39 0
39 8
40 32
40 36
41 11
41 12
42 12
42 30
43 11
43 17
44 15
44 27
45 25
45 39

# solution 1171
# n=46 sym=rot4 status=verified source=flammenkamp_cache/n46_rot4.mvr
# code=mvr:0 19 0 28 1 14 1 28 2 3 2 23 3 13 3 43 4
0 19
0 28
1 14
1 28
2 3
2 23
3 13
3 43
4 30
4 36
5 23
5 34
6 8
6 36
7 14
7 27
8 21
8 39
9 4
9 6
10 16
10 25
11 5
11 32
12 15
12 21
13 11
13 42
14 38
14 44
15 4
15 33
16 25
16 35
17 0
17 1
18 7
18 19
19 27
19 45
20 10
20 16
21 33
21 37
22 2
22 5
23 40
23 43
24 8
24 12
25 29
25 35
26 0
26 18
27 26
27 38
28 44
28 45
29 10
29 20
30 12
30 41
31 1
31 7
32 3
32 34
33 24
33 30
34 13
34 40
35 20
35 29
36 39
36 41
37 6
37 24
38 18
38 31
39 9
39 37
40 11
40 22
41 9
41 15
42 2
42 32
43 22
43 42
44 17
44 31
45 17
45 26

# solution 1172
# n=46 sym=rot4 status=verified source=flammenkamp_cache/n46_rot4.mvr
# code=mvr:0 19 0 28 1 23 1 35 2 23 2 29 3 6 3 18 4
0 19
0 28
1 23
1 35
2 23
2 29
3 6
3 18
4 16
4 34
5 9
5 15
6 35
6 42
7 27
7 31
8 11
8 31
9 24
9 40
10 1
10 6
11 4
11 37
12 17
12 20
13 24
13 26
14 7
14 8
15 20
15 40
16 2
16 41
17 0
17 33
18 7
18 42
19 13
19 45
20 30
20 33
21 9
21 13
22 1
22 2
23 43
23 44
24 32
24 36
25 12
25 15
26 0
26 32
27 3
27 38
28 12
28 45
29 4
29 43
30 5
30 25
31 37
31 38
32 19
32 21
33 25
33 28
34 8
34 41
35 39
35 44
36 5
36 21
37 14
37 34
38 14
38 18
39 3
39 10
40 30
40 36
41 11
41 29
42 27
42 39
43 16
43 22
44 10
44 22
45 17
45 26

# solution 1173
# n=46 sym=rot4 status=verified source=flammenkamp_cache/n46_rot4.mvr
# code=mvr:0 16 0 22 1 21 1 26 2 9 2 33 3 14 3 36 4
0 16
0 22
1 21
1 26
2 9
2 33
3 14
3 36
4 13
4 17
5 6
5 10
6 37
6 40
7 20
7 27
8 6
8 20
9 3
9 43
10 14
10 40
11 19
11 32
12 2
12 16
13 11
13 41
14 35
14 42
15 23
15 24
16 33
16 45
17 27
17 41
18 7
18 17
19 1
19 34
20 37
20 38
21 15
21 44
22 15
22 45
23 0
23 30
24 1
24 30
25 7
25 8
26 11
26 44
27 28
27 38
28 4
28 18
29 0
29 12
30 21
30 22
31 3
31 10
32 4
32 34
33 29
33 43
34 13
34 26
35 5
35 31
36 2
36 42
37 25
37 39
38 18
38 25
39 5
39 8
40 35
40 39
41 28
41 32
42 9
42 31
43 12
43 36
44 19
44 24
45 23
45 29

# solution 1174
# n=46 sym=rot4 status=verified source=flammenkamp_cache/n46_rot4.mvr
# code=mvr:0 2 0 29 1 17 1 39 2 15 2 45 3 21 3 27 4
0 2
0 29
1 17
1 39
2 15
2 45
3 21
3 27
4 16
4 22
5 31
5 39
6 1
6 5
7 13
7 34
8 28
8 34
9 19
9 24
10 12
10 27
11 7
11 8
12 13
12 35
13 33
13 38
14 5
14 20
15 25
15 43
16 0
16 41
17 8
17 44
18 3
18 10
19 23
19 36
20 15
20 31
21 9
21 42
22 19
22 41
23 4
23 26
24 3
24 36
25 14
25 30
26 9
26 22
27 35
27 42
28 1
28 37
29 4
29 45
30 2
30 20
31 25
31 40
32 7
32 12
33 10
33 32
34 37
34 38
35 18
35 33
36 21
36 26
37 11
37 17
38 11
38 32
39 40
39 44
40 6
40 14
41 23
41 29
42 18
42 24
43 0
43 30
44 6
44 28
45 16
45 43

# solution 1175
# n=46 sym=rot4 status=verified source=flammenkamp_cache/n46_rot4.mvr
# code=mvr:0 19 0 24 1 28 1 32 2 10 2 11 3 23 3 25 
0 19
0 24
1 28
1 32
2 10
2 11
3 23
3 25
4 4
4 41
5 12
5 27
6 36
6 37
7 18
7 32
8 6
8 34
9 6
9 23
10 28
10 43
11 8
11 43
12 16
12 40
13 1
13 7
14 26
14 29
15 24
15 25
16 14
16 33
17 1
17 10
18 5
18 38
19 14
19 45
20 3
20 15
21 0
21 15
22 3
22 9
23 36
23 42
24 30
24 45
25 30
25 42
26 0
26 31
27 7
27 40
28 35
28 44
29 12
29 31
30 20
30 21
31 16
31 19
32 38
32 44
33 5
33 29
34 2
34 37
35 2
35 17
36 22
36 39
37 11
37 39
38 13
38 27
39 8
39 9
40 18
40 33
41 4
41 41
42 20
42 22
43 34
43 35
44 13
44 17
45 21
45 26

# solution 1176
# n=46 sym=rot4 status=verified source=flammenkamp_cache/n46_rot4.mvr
# code=mvr:0 19 0 25 1 16 1 20 2 17 2 32 3 5 3 11 4
0 19
0 25
1 16
1 20
2 17
2 32
3 5
3 11
4 27
4 28
5 12
5 42
6 9
6 35
7 24
7 30
8 12
8 19
9 27
9 39
10 6
10 22
11 32
11 42
12 37
12 40
13 2
13 11
14 14
14 31
15 7
15 24
16 23
16 44
17 4
17 43
18 4
18 9
19 37
19 45
20 0
20 44
21 7
21 15
22 16
22 35
23 10
23 29
24 30
24 38
25 1
25 45
26 0
26 8
27 36
27 41
28 2
28 41
29 1
29 22
30 21
30 38
31 14
31 31
32 34
32 43
33 5
33 8
34 3
34 13
35 23
35 39
36 6
36 18
37 26
37 33
38 15
38 21
39 10
39 36
40 3
40 33
41 17
41 18
42 34
42 40
43 13
43 28
44 25
44 29
45 20
45 26

# solution 1177
# n=46 sym=rot4 status=verified source=flammenkamp_cache/n46_rot4.mvr
# code=mvr:0 15 0 21 1 20 1 32 2 12 2 17 3 19 3 35 
0 15
0 21
1 20
1 32
2 12
2 17
3 19
3 35
4 22
4 38
5 32
5 34
6 7
6 36
7 4
7 39
8 15
8 17
9 6
9 23
10 3
10 12
11 5
11 20
12 35
12 43
13 1
13 5
14 26
14 27
15 37
15 45
16 24
16 27
17 37
17 43
18 14
18 16
19 14
19 42
20 34
20 44
21 16
21 45
22 9
22 41
23 4
23 36
24 0
24 29
25 1
25 11
26 3
26 31
27 29
27 31
28 2
28 8
29 18
29 21
30 0
30 8
31 18
31 19
32 40
32 44
33 2
33 10
34 25
34 40
35 33
35 42
36 22
36 39
37 28
37 30
38 6
38 41
39 9
39 38
40 11
40 13
41 7
41 23
42 10
42 26
43 28
43 33
44 13
44 25
45 24
45 30

# solution 1178
# n=46 sym=rot4 status=verified source=flammenkamp_cache/n46_rot4.mvr
# code=mvr:0 15 0 21 1 20 1 32 2 17 2 33 3 19 3 35 
0 15
0 21
1 20
1 32
2 17
2 33
3 19
3 35
4 22
4 38
5 32
5 34
6 7
6 36
7 4
7 39
8 15
8 17
9 6
9 23
10 3
10 12
11 5
11 20
12 2
12 35
13 1
13 5
14 26
14 27
15 37
15 45
16 24
16 27
17 37
17 43
18 14
18 16
19 14
19 42
20 34
20 44
21 16
21 45
22 9
22 41
23 4
23 36
24 0
24 29
25 1
25 11
26 3
26 31
27 29
27 31
28 2
28 8
29 18
29 21
30 0
30 8
31 18
31 19
32 40
32 44
33 10
33 43
34 25
34 40
35 33
35 42
36 22
36 39
37 28
37 30
38 6
38 41
39 9
39 38
40 11
40 13
41 7
41 23
42 10
42 26
43 12
43 28
44 13
44 25
45 24
45 30

# solution 1179
# n=46 sym=rot4 status=verified source=flammenkamp_cache/n46_rot4.mvr
# code=mvr:0 25 0 31 1 16 1 20 2 12 2 18 3 9 3 21 4
0 25
0 31
1 16
1 20
2 12
2 18
3 9
3 21
4 28
4 32
5 5
5 40
6 16
6 23
7 11
7 24
8 10
8 17
9 15
9 42
10 32
10 37
11 33
11 38
12 11
12 43
13 4
13 10
14 0
14 26
15 23
15 36
16 39
16 44
17 4
17 37
18 26
18 43
19 14
19 18
20 0
20 44
21 7
21 42
22 6
22 15
23 30
23 39
24 3
24 38
25 1
25 45
26 27
26 31
27 2
27 19
28 8
28 41
29 1
29 6
30 9
30 22
31 19
31 45
32 35
32 41
33 2
33 34
34 7
34 12
35 8
35 13
36 3
36 30
37 28
37 35
38 21
38 34
39 22
39 29
40 5
40 40
41 13
41 17
42 24
42 36
43 27
43 33
44 25
44 29
45 14
45 20

# solution 1180
# n=46 sym=rot4 status=verified source=flammenkamp_cache/n46_rot4.mvr
# code=mvr:0 25 0 31 1 16 1 20 2 12 2 18 3 21 3 36 
0 25
0 31
1 16
1 20
2 12
2 18
3 21
3 36
4 28
4 32
5 5
5 40
6 16
6 23
7 11
7 24
8 10
8 17
9 3
9 15
10 32
10 37
11 33
11 38
12 11
12 43
13 4
13 10
14 0
14 26
15 23
15 36
16 39
16 44
17 4
17 37
18 26
18 43
19 14
19 18
20 0
20 44
21 7
21 42
22 6
22 15
23 30
23 39
24 3
24 38
25 1
25 45
26 27
26 31
27 2
27 19
28 8
28 41
29 1
29 6
30 9
30 22
31 19
31 45
32 35
32 41
33 2
33 34
34 7
34 12
35 8
35 13
36 30
36 42
37 28
37 35
38 21
38 34
39 22
39 29
40 5
40 40
41 13
41 17
42 9
42 24
43 27
43 33
44 25
44 29
45 14
45 20

# solution 1181
# n=46 sym=rot4 status=verified source=flammenkamp_cache/n46_rot4.mvr
# code=mvr:0 20 0 27 1 12 1 27 2 10 2 17 3 13 3 39 
0 20
0 27
1 12
1 27
2 10
2 17
3 13
3 39
4 5
4 23
5 20
5 41
6 3
6 34
7 16
7 26
8 12
8 31
9 23
9 30
10 31
10 43
11 6
11 24
12 37
12 44
13 30
13 42
14 8
14 10
15 9
15 13
16 24
16 38
17 26
17 43
18 0
18 1
19 7
19 17
20 40
20 45
21 11
21 16
22 4
22 9
23 36
23 41
24 29
24 34
25 0
25 5
26 28
26 38
27 44
27 45
28 2
28 19
29 7
29 21
30 32
30 36
31 35
31 37
32 3
32 15
33 1
33 8
34 21
34 39
35 2
35 14
36 15
36 22
37 14
37 33
38 19
38 29
39 11
39 42
40 4
40 25
41 22
41 40
42 6
42 32
43 28
43 35
44 18
44 33
45 18
45 25

# solution 1182
# n=46 sym=rot4 status=verified source=flammenkamp_cache/n46_rot4.mvr
# code=mvr:0 8 0 31 1 23 1 31 2 18 2 39 3 20 3 32 4
0 8
0 31
1 23
1 31
2 18
2 39
3 20
3 32
4 7
4 20
5 5
5 40
6 2
6 15
7 37
7 41
8 7
8 45
9 12
9 13
10 24
10 28
11 26
11 29
12 18
12 36
13 3
13 36
14 0
14 1
15 28
15 39
16 11
16 23
17 10
17 15
18 33
18 43
19 11
19 24
20 41
20 42
21 10
21 19
22 1
22 16
23 29
23 44
24 26
24 35
25 3
25 4
26 21
26 34
27 2
27 12
28 30
28 35
29 22
29 34
30 6
30 17
31 44
31 45
32 9
32 42
33 9
33 27
34 16
34 19
35 17
35 21
36 32
36 33
37 0
37 38
38 4
38 8
39 30
39 43
40 5
40 40
41 25
41 38
42 13
42 25
43 6
43 27
44 14
44 22
45 14
45 37

# solution 1183
# n=46 sym=rot4 status=verified source=flammenkamp_cache/n46_rot4.mvr
# code=mvr:0 32 0 34 1 16 1 30 2 23 2 38 3 15 3 39 
0 32
0 34
1 16
1 30
2 23
2 38
3 15
3 39
4 10
4 23
5 10
5 27
6 3
6 17
7 2
7 31
8 8
8 37
9 21
9 26
10 40
10 41
11 0
11 20
12 13
12 16
13 0
13 33
14 7
14 24
15 1
15 42
16 33
16 44
17 20
17 39
18 5
18 26
19 9
19 18
20 28
20 34
21 14
21 36
22 2
22 4
23 41
23 43
24 9
24 31
25 11
25 17
26 27
26 36
27 19
27 40
28 6
28 25
29 1
29 12
30 3
30 44
31 21
31 38
32 12
32 45
33 29
33 32
34 25
34 45
35 4
35 5
36 19
36 24
37 8
37 37
38 14
38 43
39 28
39 42
40 18
40 35
41 22
41 35
42 6
42 30
43 7
43 22
44 15
44 29
45 11
45 13

# solution 1184
# n=46 sym=rot4 status=verified source=flammenkamp_cache/n46_rot4.mvr
# code=mvr:0 16 0 20 1 13 1 30 2 24 2 35 3 21 3 31 
0 16
0 20
1 13
1 30
2 24
2 35
3 21
3 31
4 13
4 17
5 35
5 37
6 6
6 39
7 20
7 31
8 5
8 12
9 26
9 30
10 2
10 5
11 12
11 26
12 34
12 37
13 41
13 44
14 3
14 7
15 1
15 9
16 23
16 45
17 27
17 41
18 17
18 23
19 9
19 11
20 38
20 45
21 2
21 42
22 16
22 18
23 27
23 29
24 3
24 43
25 0
25 7
26 34
26 36
27 22
27 28
28 4
28 18
29 0
29 22
30 36
30 44
31 38
31 42
32 1
32 4
33 8
33 11
34 19
34 33
35 40
35 43
36 15
36 19
37 33
37 40
38 14
38 25
39 6
39 39
40 8
40 10
41 28
41 32
42 14
42 24
43 10
43 21
44 15
44 32
45 25
45 29

# solution 1185
# n=46 sym=rot4 status=verified source=flammenkamp_cache/n46_rot4.mvr
# code=mvr:0 16 0 17 1 31 1 38 2 4 2 24 3 11 3 35 4
0 16
0 17
1 31
1 38
2 4
2 24
3 11
3 35
4 12
4 43
5 9
5 23
6 24
6 27
7 1
7 8
8 32
8 38
9 20
9 40
10 3
10 23
11 31
11 42
12 26
12 41
13 8
13 27
14 1
14 11
15 15
15 30
16 25
16 45
17 26
17 45
18 6
18 13
19 12
19 17
20 16
20 36
21 2
21 6
22 5
22 10
23 35
23 40
24 39
24 43
25 9
25 29
26 28
26 33
27 32
27 39
28 0
28 19
29 0
29 20
30 15
30 30
31 34
31 44
32 18
32 37
33 4
33 19
34 3
34 14
35 22
35 42
36 5
36 25
37 7
37 13
38 37
38 44
39 18
39 21
40 22
40 36
41 2
41 33
42 10
42 34
43 21
43 41
44 7
44 14
45 28
45 29

# solution 1186
# n=46 sym=rot4 status=verified source=flammenkamp_cache/n46_rot4.mvr
# code=mvr:0 17 0 22 1 9 1 21 2 28 2 31 3 18 3 33 4
0 17
0 22
1 9
1 21
2 28
2 31
3 18
3 33
4 13
4 16
5 9
5 30
6 8
6 25
7 18
7 33
8 24
8 39
9 40
9 44
10 11
10 31
11 32
11 35
12 3
12 7
13 11
13 41
14 2
14 10
15 5
15 23
16 19
16 41
17 2
17 45
18 38
18 42
19 20
19 29
20 6
20 26
21 8
21 44
22 15
22 45
23 0
23 30
24 1
24 37
25 19
25 39
26 16
26 25
27 3
27 7
28 0
28 43
29 4
29 26
30 22
30 40
31 35
31 43
32 4
32 34
33 38
33 42
34 10
34 13
35 14
35 34
36 1
36 5
37 6
37 21
38 12
38 27
39 20
39 37
40 15
40 36
41 29
41 32
42 12
42 27
43 14
43 17
44 24
44 36
45 23
45 28

# solution 1187
# n=46 sym=rot4 status=verified source=flammenkamp_cache/n46_rot4.mvr
# code=mvr:0 27 0 32 1 31 1 33 2 16 2 18 3 23 3 25 
0 27
0 32
1 31
1 33
2 16
2 18
3 23
3 25
4 6
4 10
5 5
5 40
6 9
6 41
7 16
7 24
8 9
8 11
9 37
9 39
10 30
10 41
11 30
11 37
12 1
12 23
13 0
13 25
14 1
14 26
15 10
15 11
16 38
16 43
17 24
17 26
18 0
18 43
19 14
19 17
20 3
20 13
21 7
21 17
22 3
22 12
23 33
23 42
24 28
24 38
25 32
25 42
26 28
26 31
27 2
27 45
28 19
28 21
29 2
29 7
30 34
30 35
31 19
31 44
32 20
32 45
33 22
33 44
34 8
34 15
35 4
35 15
36 6
36 8
37 34
37 36
38 21
38 29
39 4
39 36
40 5
40 40
41 35
41 39
42 20
42 22
43 27
43 29
44 12
44 14
45 13
45 18

# solution 1188
# n=46 sym=rot4 status=verified source=flammenkamp_cache/n46_rot4.mvr
# code=mvr:0 22 0 24 1 24 1 36 2 15 2 32 3 30 3 32 
0 22
0 24
1 24
1 36
2 15
2 32
3 30
3 32
4 12
4 20
5 31
5 39
6 5
6 12
7 26
7 29
8 19
8 36
9 1
9 8
10 25
10 28
11 17
11 27
12 39
12 41
13 2
13 3
14 5
14 16
15 3
15 43
16 7
16 31
17 10
17 34
18 11
18 23
19 7
19 37
20 10
20 41
21 0
21 1
22 18
22 45
23 0
23 27
24 44
24 45
25 4
25 35
26 8
26 38
27 22
27 34
28 11
28 35
29 14
29 38
30 2
30 42
31 29
31 40
32 42
32 43
33 4
33 6
34 18
34 28
35 17
35 20
36 37
36 44
37 9
37 26
38 16
38 19
39 33
39 40
40 6
40 14
41 25
41 33
42 13
42 15
43 13
43 30
44 9
44 21
45 21
45 23

# solution 1189
# n=46 sym=rot4 status=verified source=flammenkamp_cache/n46_rot4.mvr
# code=mvr:0 15 0 32 1 21 1 32 2 17 2 23 3 20 3 36 
0 15
0 32
1 21
1 32
2 17
2 23
3 20
3 36
4 25
4 35
5 31
5 38
6 16
6 38
7 5
7 6
8 12
8 26
9 3
9 23
10 4
10 28
11 15
11 18
12 31
12 37
13 0
13 1
14 5
14 12
15 34
15 45
16 24
16 39
17 10
17 43
18 26
18 34
19 8
19 18
20 4
20 42
21 16
21 44
22 2
22 9
23 36
23 43
24 1
24 29
25 3
25 41
26 27
26 37
27 11
27 19
28 2
28 35
29 6
29 21
30 0
30 11
31 33
31 40
32 44
32 45
33 8
33 14
34 27
34 30
35 17
35 41
36 22
36 42
37 19
37 33
38 39
38 40
39 7
39 29
40 7
40 14
41 10
41 20
42 9
42 25
43 22
43 28
44 13
44 24
45 13
45 30

# solution 1190
# n=46 sym=rot4 status=verified source=flammenkamp_cache/n46_rot4.mvr
# code=mvr:0 25 0 33 1 11 1 30 2 9 2 39 3 8 3 18 4 
0 25
0 33
1 11
1 30
2 9
2 39
3 8
3 18
4 28
4 29
5 21
5 23
6 2
6 33
7 18
7 21
8 10
8 42
9 28
9 43
10 31
10 37
11 32
11 44
12 0
12 6
13 11
13 14
14 10
14 32
15 1
15 23
16 4
16 19
17 4
17 9
18 38
18 42
19 25
19 29
20 0
20 19
21 38
21 40
22 5
22 15
23 30
23 40
24 5
24 7
25 26
25 45
26 16
26 20
27 3
27 7
28 36
28 41
29 26
29 41
30 22
30 44
31 13
31 35
32 31
32 34
33 39
33 45
34 1
34 13
35 8
35 14
36 2
36 17
37 3
37 35
38 24
38 27
39 12
39 43
40 22
40 24
41 16
41 17
42 27
42 37
43 6
43 36
44 15
44 34
45 12
45 20

# solution 1191
# n=46 sym=rot4 status=verified source=flammenkamp_cache/n46_rot4.mvr
# code=mvr:0 22 0 31 1 10 1 33 2 19 2 37 3 23 3 25 
0 22
0 31
1 10
1 33
2 19
2 37
3 23
3 25
4 6
4 17
5 14
5 30
6 18
6 41
7 7
7 38
8 2
8 16
9 10
9 24
10 36
10 44
11 24
11 30
12 1
12 19
13 28
13 29
14 0
14 40
15 5
15 11
16 13
16 37
17 13
17 41
18 25
18 39
19 33
19 43
20 3
20 18
21 9
21 11
22 3
22 45
23 0
23 42
24 34
24 36
25 27
25 42
26 2
26 12
27 6
27 20
28 4
28 32
29 8
29 32
30 34
30 40
31 5
31 45
32 16
32 17
33 26
33 44
34 15
34 21
35 1
35 9
36 21
36 35
37 29
37 43
38 7
38 38
39 4
39 27
40 15
40 31
41 28
41 39
42 20
42 22
43 8
43 26
44 12
44 35
45 14
45 23

# solution 1192
# n=46 sym=rot4 status=verified source=flammenkamp_cache/n46_rot4.mvr
# code=mvr:0 10 0 31 1 21 1 23 2 26 2 28 3 10 3 25 
0 10
0 31
1 21
1 23
2 26
2 28
3 10
3 25
4 33
4 34
5 7
5 31
6 12
6 20
7 23
7 40
8 29
8 32
9 9
9 36
10 42
10 45
11 4
11 15
12 4
12 39
13 8
13 16
14 0
14 5
15 26
15 34
16 8
16 32
17 2
17 27
18 17
18 24
19 2
19 15
20 3
20 39
21 18
21 44
22 1
22 7
23 38
23 44
24 1
24 27
25 6
25 42
26 30
26 43
27 21
27 28
28 18
28 43
29 13
29 37
30 11
30 19
31 40
31 45
32 29
32 37
33 6
33 41
34 30
34 41
35 0
35 3
36 9
36 36
37 13
37 16
38 5
38 22
39 25
39 33
40 14
40 38
41 11
41 12
42 20
42 35
43 17
43 19
44 22
44 24
45 14
45 35

# solution 1193
# n=46 sym=rot4 status=verified source=flammenkamp_cache/n46_rot4.mvr
# code=mvr:0 16 0 39 1 22 1 36 2 8 2 20 3 31 3 35 4
0 16
0 39
1 22
1 36
2 8
2 20
3 31
3 35
4 30
4 32
5 19
5 27
6 0
6 30
7 8
7 12
8 38
8 43
9 1
9 21
10 3
10 33
11 14
11 21
12 10
12 38
13 4
13 28
14 3
14 34
15 4
15 6
16 17
16 45
17 13
17 29
18 5
18 25
19 23
19 40
20 18
20 43
21 34
21 36
22 19
22 44
23 1
23 26
24 9
24 11
25 2
25 27
26 5
26 22
27 20
27 40
28 16
28 32
29 0
29 28
30 39
30 41
31 11
31 42
32 17
32 41
33 7
33 35
34 24
34 31
35 12
35 42
36 24
36 44
37 2
37 7
38 33
38 37
39 15
39 45
40 18
40 26
41 13
41 15
42 10
42 14
43 25
43 37
44 9
44 23
45 6
45 29

# solution 1194
# n=46 sym=rot4 status=verified source=flammenkamp_cache/n46_rot4.mvr
# code=mvr:0 19 0 22 1 27 1 34 2 15 2 31 3 12 3 14 
0 19
0 22
1 27
1 34
2 15
2 31
3 12
3 14
4 16
4 24
5 19
5 25
6 8
6 35
7 8
7 30
8 38
8 39
9 12
9 18
10 6
10 21
11 1
11 29
12 36
12 42
13 13
13 32
14 2
14 42
15 7
15 43
16 11
16 41
17 20
17 23
18 1
18 36
19 40
19 45
20 5
20 28
21 4
21 35
22 17
22 45
23 0
23 28
24 10
24 41
25 17
25 40
26 0
26 5
27 9
27 44
28 22
28 25
29 4
29 34
30 2
30 38
31 3
31 43
32 13
32 32
33 3
33 9
34 16
34 44
35 24
35 39
36 27
36 33
37 6
37 7
38 15
38 37
39 10
39 37
40 20
40 26
41 21
41 29
42 31
42 33
43 14
43 30
44 11
44 18
45 23
45 26

# solution 1195
# n=46 sym=rot4 status=verified source=flammenkamp_cache/n46_rot4.mvr
# code=mvr:0 21 0 24 1 28 1 31 2 34 2 36 3 15 3 33 
0 21
0 24
1 28
1 31
2 34
2 36
3 15
3 33
4 10
4 38
5 20
5 23
6 29
6 31
7 4
7 18
8 19
8 23
9 2
9 11
10 29
10 41
11 2
11 36
12 3
12 17
13 20
13 30
14 1
14 6
15 13
15 42
16 6
16 10
17 1
17 33
18 26
18 38
19 18
19 37
20 32
20 40
21 0
21 45
22 5
22 8
23 37
23 40
24 0
24 45
25 5
25 13
26 8
26 27
27 7
27 19
28 12
28 44
29 35
29 39
30 3
30 32
31 39
31 44
32 15
32 25
33 28
33 42
34 9
34 43
35 4
35 16
36 34
36 43
37 22
37 26
38 27
38 41
39 14
39 16
40 22
40 25
41 7
41 35
42 12
42 30
43 9
43 11
44 14
44 17
45 21
45 24

# solution 1196
# n=46 sym=rot4 status=verified source=flammenkamp_cache/n46_rot4.mvr
# code=mvr:0 17 0 34 1 21 1 24 2 17 2 38 3 16 3 25 
0 17
0 34
1 21
1 24
2 17
2 38
3 16
3 25
4 29
4 32
5 10
5 30
6 27
6 36
7 2
7 11
8 8
8 37
9 6
9 27
10 31
10 40
11 0
11 38
12 14
12 23
13 4
13 26
14 10
14 33
15 5
15 23
16 4
16 42
17 43
17 45
18 6
18 9
19 13
19 25
20 3
20 19
21 1
21 44
22 12
22 15
23 30
23 33
24 1
24 44
25 26
25 42
26 20
26 32
27 36
27 39
28 0
28 2
29 3
29 41
30 22
30 40
31 12
31 35
32 19
32 41
33 22
33 31
34 7
34 45
35 5
35 14
36 18
36 39
37 8
37 37
38 34
38 43
39 9
39 18
40 15
40 35
41 13
41 16
42 20
42 29
43 7
43 28
44 21
44 24
45 11
45 28

# solution 1197
# n=46 sym=rot4 status=verified source=flammenkamp_cache/n46_rot4.mvr
# code=mvr:0 28 0 40 1 17 1 30 2 33 2 35 3 6 3 24 4
0 28
0 40
1 17
1 30
2 33
2 35
3 6
3 24
4 16
4 34
5 0
5 39
6 5
6 42
7 20
7 27
8 23
8 25
9 11
9 13
10 2
10 26
11 4
11 36
12 2
12 13
13 33
13 36
14 16
14 23
15 1
15 26
16 31
16 41
17 0
17 44
18 7
18 24
19 10
19 15
20 8
20 38
21 3
21 18
22 8
22 14
23 31
23 37
24 27
24 42
25 7
25 37
26 30
26 35
27 21
27 38
28 1
28 45
29 4
29 14
30 19
30 44
31 22
31 29
32 9
32 12
33 32
33 43
34 9
34 41
35 19
35 43
36 32
36 34
37 20
37 22
38 18
38 25
39 3
39 40
40 6
40 45
41 11
41 29
42 21
42 39
43 10
43 12
44 15
44 28
45 5
45 17

# solution 1198
# n=46 sym=rot4 status=verified source=flammenkamp_cache/n46_rot4.mvr
# code=mvr:0 15 0 36 1 19 1 33 2 4 2 35 3 18 3 22 4
0 15
0 36
1 19
1 33
2 4
2 35
3 18
3 22
4 17
4 43
5 28
5 31
6 10
6 23
7 24
7 33
8 16
8 18
9 0
9 13
10 2
10 39
11 24
11 29
12 1
12 7
13 20
13 36
14 5
14 15
15 31
15 45
16 11
16 37
17 5
17 41
18 37
18 42
19 25
19 44
20 19
20 32
21 7
21 11
22 6
22 42
23 3
23 39
24 34
24 38
25 13
25 26
26 1
26 20
27 3
27 8
28 4
28 40
29 8
29 34
30 0
30 14
31 30
31 40
32 9
32 25
33 38
33 44
34 16
34 21
35 6
35 43
36 32
36 45
37 27
37 29
38 12
38 21
39 22
39 35
40 14
40 17
41 2
41 28
42 23
42 27
43 10
43 41
44 12
44 26
45 9
45 30

# solution 1199
# n=46 sym=rot4 status=verified source=flammenkamp_cache/n46_rot4.mvr
# code=mvr:0 25 0 26 1 5 1 33 2 18 2 33 3 10 3 15 4
0 25
0 26
1 5
1 33
2 18
2 33
3 10
3 15
4 26
4 28
5 21
5 44
6 27
6 36
7 8
7 16
8 23
8 38
9 6
9 23
10 28
10 42
11 13
11 14
12 1
12 2
13 14
13 34
14 32
14 34
15 25
15 42
16 24
16 38
17 4
17 10
18 6
18 43
19 0
19 4
20 0
20 15
21 16
21 40
22 8
22 9
23 36
23 37
24 5
24 29
25 30
25 45
26 41
26 45
27 2
27 39
28 35
28 41
29 7
29 21
30 3
30 20
31 11
31 13
32 11
32 31
33 43
33 44
34 31
34 32
35 3
35 17
36 22
36 39
37 7
37 22
38 29
38 37
39 9
39 18
40 1
40 24
41 17
41 19
42 30
42 35
43 12
43 27
44 12
44 40
45 19
45 20

# solution 1200
# n=46 sym=rot4 status=verified source=flammenkamp_cache/n46_rot4.mvr
# code=mvr:0 28 0 42 1 20 1 31 2 13 2 22 3 0 3 15 4
0 28
0 42
1 20
1 31
2 13
2 22
3 0
3 15
4 28
4 36
5 24
5 39
6 5
6 14
7 11
7 15
8 11
8 23
9 4
9 18
10 10
10 35
11 37
11 38
12 26
12 29
13 25
13 43
14 1
14 39
15 38
15 42
16 12
16 27
17 0
17 4
18 16
18 36
19 12
19 24
20 13
20 44
21 5
21 19
22 8
22 43
23 2
23 37
24 26
24 40
25 1
25 32
26 21
26 33
27 9
27 29
28 41
28 45
29 18
29 33
30 3
30 7
31 6
31 44
32 2
32 20
33 16
33 19
34 7
34 8
35 10
35 35
36 27
36 41
37 22
37 34
38 30
38 34
39 31
39 40
40 6
40 21
41 9
41 17
42 30
42 45
43 23
43 32
44 14
44 25
45 3
45 17

# solution 1201
# n=46 sym=rot4 status=verified source=flammenkamp_cache/n46_rot4.mvr
# code=mvr:0 18 0 19 1 23 1 37 2 33 2 34 3 8 3 10 4
0 18
0 19
1 23
1 37
2 33
2 34
3 8
3 10
4 26
4 39
5 7
5 13
6 4
6 16
7 24
7 40
8 1
8 42
9 17
9 33
10 30
10 42
11 2
11 23
12 2
12 9
13 17
13 40
14 15
14 20
15 10
15 31
16 25
16 39
17 32
17 36
18 24
18 45
19 4
19 45
20 16
20 31
21 7
21 18
22 1
22 11
23 34
23 44
24 27
24 38
25 14
25 29
26 0
26 41
27 0
27 21
28 9
28 13
29 6
29 20
30 14
30 35
31 25
31 30
32 5
32 28
33 36
33 43
34 22
34 43
35 3
35 15
36 12
36 28
37 3
37 44
38 5
38 21
39 29
39 41
40 32
40 38
41 6
41 19
42 35
42 37
43 11
43 12
44 8
44 22
45 26
45 27

# solution 1202
# n=46 sym=rot4 status=verified source=flammenkamp_cache/n46_rot4.mvr
# code=mvr:0 24 0 26 1 16 1 23 2 25 2 35 3 10 3 13 
0 24
0 26
1 16
1 23
2 25
2 35
3 10
3 13
4 17
4 39
5 9
5 18
6 4
6 37
7 12
7 32
8 6
8 19
9 29
9 40
10 2
10 42
11 28
11 31
12 24
12 38
13 7
13 42
14 11
14 23
15 18
15 25
16 9
16 44
17 11
17 41
18 30
18 40
19 0
19 37
20 2
20 15
21 0
21 12
22 1
22 14
23 31
23 44
24 33
24 45
25 30
25 43
26 8
26 45
27 5
27 15
28 4
28 34
29 1
29 36
30 20
30 27
31 22
31 34
32 3
32 38
33 7
33 21
34 14
34 17
35 3
35 43
36 5
36 16
37 26
37 39
38 13
38 33
39 8
39 41
40 27
40 36
41 6
41 28
42 32
42 35
43 10
43 20
44 22
44 29
45 19
45 21

# solution 1203
# n=46 sym=rot4 status=verified source=flammenkamp_cache/n46_rot4.mvr
# code=mvr:0 17 0 31 1 19 1 40 2 18 2 24 3 9 3 32 4
0 17
0 31
1 19
1 40
2 18
2 24
3 9
3 32
4 27
4 38
5 1
5 11
6 6
6 39
7 4
7 25
8 15
8 34
9 16
9 42
10 30
10 33
11 8
11 40
12 10
12 20
13 3
13 22
14 0
14 26
15 10
15 37
16 17
16 36
17 29
17 45
18 4
18 43
19 14
19 44
20 7
20 33
21 2
21 23
22 21
22 32
23 13
23 24
24 22
24 43
25 12
25 38
26 1
26 31
27 2
27 41
28 0
28 16
29 9
29 28
30 8
30 35
31 19
31 45
32 23
32 42
33 25
33 35
34 5
34 37
35 12
35 15
36 3
36 29
37 11
37 30
38 20
38 41
39 6
39 39
40 34
40 44
41 7
41 18
42 13
42 36
43 21
43 27
44 5
44 26
45 14
45 28

# solution 1204
# n=46 sym=rot4 status=verified source=flammenkamp_cache/n46_rot4.mvr
# code=mvr:0 14 0 31 1 24 1 35 2 5 2 19 3 19 3 37 4
0 14
0 31
1 24
1 35
2 5
2 19
3 19
3 37
4 16
4 22
5 38
5 43
6 12
6 34
7 5
7 17
8 3
8 29
9 24
9 35
10 1
10 9
11 6
11 27
12 32
12 39
13 12
13 23
14 0
14 45
15 15
15 30
16 8
16 41
17 25
17 38
18 11
18 20
19 42
19 43
20 17
20 27
21 1
21 9
22 13
22 41
23 4
23 32
24 36
24 44
25 18
25 28
26 2
26 3
27 25
27 34
28 7
28 20
29 4
29 37
30 15
30 30
31 0
31 45
32 22
32 33
33 6
33 13
34 18
34 39
35 36
35 44
36 10
36 21
37 16
37 42
38 28
38 40
39 11
39 33
40 2
40 7
41 23
41 29
42 8
42 26
43 26
43 40
44 10
44 21
45 14
45 31

# solution 1205
# n=46 sym=rot4 status=verified source=flammenkamp_cache/n46_rot4.mvr
# code=mvr:0 8 0 17 1 14 1 20 2 28 2 31 3 12 3 21 4
0 8
0 17
1 14
1 20
2 28
2 31
3 12
3 21
4 6
4 16
5 23
5 30
6 29
6 41
7 30
7 36
8 13
8 45
9 7
9 23
10 13
10 19
11 12
11 18
12 34
12 42
13 35
13 37
14 2
14 44
15 5
15 7
16 6
16 41
17 2
17 45
18 24
18 34
19 20
19 35
20 26
20 44
21 18
21 42
22 5
22 9
23 36
23 40
24 3
24 27
25 1
25 19
26 10
26 25
27 11
27 21
28 0
28 43
29 4
29 39
30 38
30 40
31 1
31 43
32 8
32 10
33 3
33 11
34 27
34 33
35 26
35 32
36 22
36 38
37 0
37 32
38 9
38 15
39 4
39 16
40 15
40 22
41 29
41 39
42 24
42 33
43 14
43 17
44 25
44 31
45 28
45 37

# solution 1206
# n=46 sym=rot4 status=verified source=flammenkamp_cache/n46_rot4.mvr
# code=mvr:0 7 0 36 1 30 1 34 2 13 2 21 3 38 3 40 4
0 7
0 36
1 30
1 34
2 13
2 21
3 38
3 40
4 4
4 41
5 3
5 23
6 18
6 33
7 3
7 45
8 21
8 28
9 0
9 14
10 18
10 20
11 1
11 29
12 6
12 14
13 19
13 43
14 33
14 36
15 1
15 16
16 11
16 30
17 8
17 20
18 35
18 39
19 23
19 32
20 28
20 35
21 37
21 43
22 5
22 19
23 26
23 40
24 2
24 8
25 10
25 17
26 13
26 22
27 6
27 10
28 25
28 37
29 15
29 34
30 29
30 44
31 9
31 12
32 2
32 26
33 31
33 39
34 16
34 44
35 25
35 27
36 31
36 45
37 17
37 24
38 0
38 42
39 12
39 27
40 22
40 42
41 4
41 41
42 5
42 7
43 24
43 32
44 11
44 15
45 9
45 38

# solution 1207
# n=46 sym=rot4 status=verified source=flammenkamp_cache/n46_rot4.mvr
# code=mvr:0 16 0 23 1 27 1 34 2 9 2 28 3 15 3 41 4
0 16
0 23
1 27
1 34
2 9
2 28
3 15
3 41
4 3
4 32
5 5
5 40
6 21
6 23
7 10
7 20
8 12
8 15
9 33
9 43
10 31
10 38
11 1
11 32
12 9
12 37
13 4
13 11
14 10
14 20
15 37
15 42
16 21
16 45
17 2
17 26
18 1
18 19
19 17
19 27
20 31
20 38
21 29
21 39
22 0
22 6
23 39
23 45
24 6
24 16
25 7
25 14
26 18
26 28
27 26
27 44
28 19
28 43
29 0
29 24
30 3
30 8
31 25
31 35
32 34
32 41
33 8
33 36
34 13
34 44
35 7
35 14
36 2
36 12
37 30
37 33
38 25
38 35
39 22
39 24
40 5
40 40
41 13
41 42
42 4
42 30
43 17
43 36
44 11
44 18
45 22
45 29

# solution 1208
# n=46 sym=rot4 status=verified source=flammenkamp_cache/n46_rot4.mvr
# code=mvr:0 16 0 23 1 27 1 34 2 9 2 28 3 15 3 41 4
0 16
0 23
1 27
1 34
2 9
2 28
3 15
3 41
4 3
4 32
5 5
5 40
6 21
6 23
7 10
7 20
8 15
8 33
9 33
9 43
10 31
10 38
11 1
11 32
12 8
12 9
13 4
13 11
14 10
14 20
15 37
15 42
16 21
16 45
17 2
17 26
18 1
18 19
19 17
19 27
20 31
20 38
21 29
21 39
22 0
22 6
23 39
23 45
24 6
24 16
25 7
25 14
26 18
26 28
27 26
27 44
28 19
28 43
29 0
29 24
30 3
30 8
31 25
31 35
32 34
32 41
33 36
33 37
34 13
34 44
35 7
35 14
36 2
36 12
37 12
37 30
38 25
38 35
39 22
39 24
40 5
40 40
41 13
41 42
42 4
42 30
43 17
43 36
44 11
44 18
45 22
45 29

# solution 1209
# n=46 sym=rot4 status=verified source=flammenkamp_cache/n46_rot4.mvr
# code=mvr:0 18 0 25 1 25 1 34 2 23 2 35 3 10 3 30 
0 18
0 25
1 25
1 34
2 23
2 35
3 10
3 30
4 7
4 13
5 21
5 27
6 16
6 38
7 6
7 41
8 23
8 33
9 14
9 33
10 2
10 42
11 1
11 16
12 8
12 9
13 26
13 41
14 30
14 36
15 3
15 14
16 34
16 39
17 24
17 26
18 5
18 45
19 13
19 17
20 0
20 1
21 17
21 40
22 2
22 8
23 37
23 43
24 5
24 28
25 44
25 45
26 28
26 32
27 0
27 40
28 19
28 21
29 6
29 11
30 31
30 42
31 9
31 15
32 4
32 19
33 36
33 37
34 29
34 44
35 3
35 43
36 12
36 31
37 12
37 22
38 4
38 39
39 7
39 29
40 18
40 24
41 32
41 38
42 15
42 35
43 10
43 22
44 11
44 20
45 20
45 27

# solution 1210
# n=46 sym=rot4 status=verified source=flammenkamp_cache/n46_rot4.mvr
# code=mvr:0 9 0 29 1 16 1 23 2 25 2 26 3 6 3 38 4 
0 9
0 29
1 16
1 23
2 25
2 26
3 6
3 38
4 24
4 28
5 27
5 37
6 34
6 42
7 3
7 13
8 5
8 12
9 24
9 45
10 28
10 33
11 6
11 13
12 10
12 37
13 34
13 38
14 15
14 23
15 25
15 31
16 0
16 44
17 4
17 10
18 5
18 26
19 2
19 18
20 2
20 15
21 4
21 9
22 1
22 14
23 31
23 44
24 36
24 41
25 30
25 43
26 27
26 43
27 19
27 40
28 35
28 41
29 1
29 45
30 14
30 20
31 22
31 30
32 7
32 11
33 8
33 35
34 32
34 39
35 12
35 17
36 0
36 21
37 33
37 40
38 32
38 42
39 3
39 11
40 8
40 18
41 17
41 21
42 7
42 39
43 19
43 20
44 22
44 29
45 16
45 36

# solution 1211
# n=46 sym=rot4 status=verified source=flammenkamp_cache/n46_rot4.mvr
# code=mvr:0 14 0 32 1 17 1 20 2 11 2 12 3 24 3 40 
0 14
0 32
1 17
1 20
2 11
2 12
3 24
3 40
4 27
4 29
5 3
5 6
6 22
6 40
7 11
7 12
8 14
8 32
9 24
9 29
10 17
10 27
11 38
11 43
12 38
12 43
13 0
13 8
14 37
14 45
15 15
15 30
16 4
16 9
17 35
17 44
18 4
18 10
19 20
19 23
20 26
20 44
21 3
21 9
22 19
22 39
23 6
23 26
24 36
24 42
25 1
25 19
26 22
26 25
27 35
27 41
28 1
28 10
29 36
29 41
30 15
30 30
31 0
31 8
32 37
32 45
33 2
33 7
34 2
34 7
35 18
35 28
36 16
36 21
37 13
37 31
38 33
38 34
39 5
39 23
40 39
40 42
41 16
41 18
42 5
42 21
43 33
43 34
44 25
44 28
45 13
45 31

# solution 1212
# n=46 sym=rot4 status=verified source=flammenkamp_cache/n46_rot4.mvr
# code=mvr:0 6 0 12 1 32 1 35 2 21 2 35 3 4 3 18 4 
0 6
0 12
1 32
1 35
2 21
2 35
3 4
3 18
4 18
4 42
5 6
5 25
6 40
6 45
7 11
7 15
8 13
8 19
9 26
9 29
10 1
10 2
11 24
11 38
12 28
12 45
13 1
13 37
14 14
14 31
15 28
15 38
16 9
16 22
17 12
17 15
18 41
18 42
19 9
19 37
20 5
20 23
21 11
21 43
22 20
22 29
23 16
23 25
24 2
24 34
25 22
25 40
26 8
26 36
27 3
27 4
28 30
28 33
29 23
29 36
30 7
30 17
31 14
31 31
32 8
32 44
33 0
33 17
34 7
34 21
35 43
35 44
36 16
36 19
37 26
37 32
38 30
38 34
39 0
39 5
40 20
40 39
41 3
41 27
42 27
42 41
43 10
43 24
44 10
44 13
45 33
45 39

# solution 1213
# n=46 sym=rot4 status=verified source=flammenkamp_cache/n46_rot4.mvr
# code=mvr:0 23 0 36 1 18 1 30 2 23 2 33 3 14 3 15 
0 23
0 36
1 18
1 30
2 23
2 33
3 14
3 15
4 4
4 41
5 20
5 29
6 13
6 37
7 13
7 17
8 6
8 31
9 0
9 21
10 27
10 34
11 10
11 16
12 2
12 26
13 38
13 39
14 8
14 42
15 1
15 42
16 5
16 34
17 25
17 38
18 10
18 44
19 12
19 21
20 17
20 40
21 26
21 36
22 0
22 2
23 43
23 45
24 9
24 19
25 5
25 28
26 24
26 33
27 1
27 35
28 7
28 20
29 11
29 40
30 3
30 44
31 3
31 37
32 6
32 7
33 19
33 43
34 29
34 35
35 11
35 18
36 24
36 45
37 14
37 39
38 28
38 32
39 8
39 32
40 16
40 25
41 4
41 41
42 30
42 31
43 12
43 22
44 15
44 27
45 9
45 22

# solution 1214
# n=46 sym=rot4 status=verified source=flammenkamp_cache/n46_rot4.mvr
# code=mvr:0 10 0 28 1 26 1 31 2 23 2 39 3 27 3 34 
0 10
0 28
1 26
1 31
2 23
2 39
3 27
3 34
4 13
4 23
5 20
5 34
6 2
6 37
7 9
7 12
8 6
8 30
9 35
9 38
10 9
10 45
11 3
11 5
12 17
12 38
13 24
13 41
14 1
14 30
15 8
15 14
16 25
16 26
17 0
17 33
18 3
18 24
19 1
19 16
20 16
20 40
21 13
21 18
22 2
22 4
23 41
23 43
24 27
24 32
25 5
25 29
26 29
26 44
27 21
27 42
28 12
28 45
29 19
29 20
30 31
30 37
31 15
31 44
32 4
32 21
33 7
33 28
34 40
34 42
35 0
35 36
36 7
36 10
37 15
37 39
38 33
38 36
39 8
39 43
40 11
40 25
41 22
41 32
42 11
42 18
43 6
43 22
44 14
44 19
45 17
45 35

# solution 1215
# n=46 sym=rot4 status=verified source=flammenkamp_cache/n46_rot4.mvr
# code=mvr:0 14 0 21 1 15 1 36 2 5 2 8 3 25 3 27 4 
0 14
0 21
1 15
1 36
2 5
2 8
3 25
3 27
4 5
4 12
5 41
5 43
6 22
6 34
7 26
7 32
8 24
8 43
9 1
9 29
10 17
10 25
11 6
11 13
12 14
12 41
13 7
13 34
14 33
14 45
15 26
15 44
16 9
16 17
17 29
17 35
18 3
18 23
19 7
19 15
20 3
20 10
21 8
21 45
22 18
22 39
23 6
23 27
24 0
24 37
25 35
25 42
26 30
26 38
27 22
27 42
28 10
28 16
29 28
29 36
30 1
30 19
31 0
31 12
32 11
32 38
33 4
33 31
34 32
34 39
35 20
35 28
36 16
36 44
37 2
37 21
38 13
38 19
39 11
39 23
40 2
40 4
41 33
41 40
42 18
42 20
43 37
43 40
44 9
44 30
45 24
45 31

# solution 1216
# n=46 sym=rot4 status=verified source=flammenkamp_cache/n46_rot4.mvr
# code=mvr:0 8 0 16 1 14 1 28 2 23 2 25 3 7 3 14 4 
0 8
0 16
1 14
1 28
2 23
2 25
3 7
3 14
4 6
4 18
5 19
5 30
6 33
6 41
7 33
7 42
8 36
8 45
9 8
9 21
10 13
10 18
11 23
11 29
12 6
12 7
13 15
13 35
14 42
14 44
15 5
15 32
16 11
16 45
17 1
17 21
18 35
18 41
19 25
19 40
20 2
20 19
21 28
21 36
22 2
22 11
23 34
23 43
24 9
24 17
25 26
25 43
26 5
26 20
27 4
27 10
28 24
28 44
29 0
29 34
30 13
30 40
31 1
31 3
32 10
32 30
33 38
33 39
34 16
34 22
35 27
35 32
36 24
36 37
37 0
37 9
38 3
38 12
39 4
39 12
40 15
40 26
41 27
41 39
42 31
42 38
43 20
43 22
44 17
44 31
45 29
45 37

# solution 1217
# n=46 sym=rot4 status=verified source=flammenkamp_cache/n46_rot4.mvr
# code=mvr:0 10 0 16 1 21 1 25 2 15 2 18 3 12 3 36 
0 10
0 16
1 21
1 25
2 15
2 18
3 12
3 36
4 7
4 19
5 28
5 38
6 12
6 32
7 5
7 41
8 19
8 36
9 3
9 8
10 28
10 45
11 20
11 30
12 39
12 42
13 6
13 24
14 18
14 29
15 11
15 43
16 14
16 45
17 5
17 10
18 31
18 43
19 37
19 41
20 1
20 34
21 13
21 44
22 22
22 23
23 22
23 23
24 1
24 32
25 11
25 44
26 4
26 8
27 2
27 14
28 35
28 40
29 0
29 31
30 2
30 34
31 16
31 27
32 21
32 39
33 3
33 6
34 15
34 25
35 0
35 17
36 37
36 42
37 9
37 26
38 4
38 40
39 13
39 33
40 7
40 17
41 26
41 38
42 9
42 33
43 27
43 30
44 20
44 24
45 29
45 35

# solution 1218
# n=46 sym=rot4 status=verified source=flammenkamp_cache/n46_rot4.mvr
# code=mvr:0 5 0 8 1 16 1 28 2 19 2 25 3 6 3 16 4 2
0 5
0 8
1 16
1 28
2 19
2 25
3 6
3 16
4 23
4 27
5 37
5 45
6 18
6 42
7 12
7 32
8 5
8 45
9 24
9 34
10 14
10 19
11 9
11 25
12 32
12 38
13 7
13 12
14 24
14 35
15 23
15 28
16 42
16 44
17 1
17 15
18 4
18 39
19 35
19 43
20 2
20 11
21 9
21 14
22 4
22 15
23 30
23 41
24 31
24 36
25 34
25 43
26 2
26 10
27 6
27 41
28 30
28 44
29 1
29 3
30 17
30 22
31 10
31 21
32 33
32 38
33 7
33 13
34 20
34 36
35 26
35 31
36 11
36 21
37 0
37 40
38 13
38 33
39 3
39 27
40 0
40 8
41 18
41 22
42 29
42 39
43 20
43 26
44 17
44 29
45 37
45 40

# solution 1219
# n=46 sym=rot4 status=verified source=flammenkamp_cache/n46_rot4.mvr
# code=mvr:0 16 0 32 1 39 1 40 2 12 2 19 3 9 3 30 4
0 16
0 32
1 39
1 40
2 12
2 19
3 9
3 30
4 19
4 28
5 1
5 25
6 1
6 8
7 11
7 35
8 18
8 39
9 14
9 42
10 7
10 27
11 20
11 38
12 14
12 43
13 0
13 24
14 33
14 36
15 3
15 24
16 17
16 45
17 4
17 29
18 10
18 37
19 41
19 43
20 5
20 34
21 13
21 15
22 22
22 23
23 22
23 23
24 30
24 32
25 11
25 40
26 2
26 4
27 8
27 35
28 16
28 41
29 0
29 28
30 21
30 42
31 9
31 12
32 21
32 45
33 2
33 31
34 7
34 25
35 18
35 38
36 3
36 31
37 6
37 27
38 10
38 34
39 37
39 44
40 20
40 44
41 17
41 26
42 15
42 36
43 26
43 33
44 5
44 6
45 13
45 29

# solution 1220
# n=46 sym=rot4 status=verified source=flammenkamp_cache/n46_rot4.mvr
# code=mvr:0 24 0 33 1 16 1 18 2 16 2 23 3 32 3 41 
0 24
0 33
1 16
1 18
2 16
2 23
3 32
3 41
4 3
4 10
5 23
5 35
6 11
6 20
7 9
7 30
8 27
8 33
9 20
9 38
10 5
10 41
11 14
11 39
12 0
12 8
13 3
13 31
14 13
14 34
15 7
15 17
16 43
16 44
17 21
17 30
18 8
18 44
19 19
19 26
20 36
20 39
21 0
21 28
22 2
22 5
23 40
23 43
24 17
24 45
25 6
25 9
26 19
26 26
27 1
27 37
28 15
28 24
29 1
29 2
30 28
30 38
31 11
31 32
32 14
32 42
33 37
33 45
34 6
34 31
35 4
35 40
36 7
36 25
37 12
37 18
38 15
38 36
39 25
39 34
40 10
40 22
41 35
41 42
42 4
42 13
43 22
43 29
44 27
44 29
45 12
45 21

# solution 1221
# n=46 sym=rot4 status=verified source=flammenkamp_cache/n46_rot4.mvr
# code=mvr:0 11 0 26 1 11 1 36 2 20 2 23 3 18 3 21 
0 11
0 26
1 11
1 36
2 20
2 23
3 18
3 21
4 27
4 31
5 20
5 37
6 32
6 37
7 7
7 38
8 5
8 6
9 1
9 33
10 16
10 19
11 44
11 45
12 9
12 16
13 6
13 30
14 4
14 30
15 13
15 14
16 33
16 35
17 21
17 23
18 4
18 42
19 0
19 35
20 40
20 43
21 28
21 42
22 2
22 17
23 28
23 43
24 3
24 17
25 2
25 5
26 10
26 45
27 3
27 41
28 22
28 24
29 10
29 12
30 31
30 32
31 15
31 41
32 15
32 39
33 29
33 36
34 0
34 1
35 26
35 29
36 12
36 44
37 39
37 40
38 7
38 38
39 8
39 13
40 8
40 25
41 14
41 18
42 24
42 27
43 22
43 25
44 9
44 34
45 19
45 34

# solution 1222
# n=46 sym=rot4 status=verified source=flammenkamp_cache/n46_rot4.mvr
# code=mvr:0 20 0 23 1 6 1 13 2 29 2 42 3 2 3 31 4 
0 20
0 23
1 6
1 13
2 29
2 42
3 2
3 31
4 17
4 28
5 34
5 37
6 33
6 44
7 15
7 23
8 5
8 9
9 34
9 37
10 19
10 27
11 5
11 9
12 6
12 14
13 27
13 44
14 3
14 33
15 26
15 38
16 2
16 20
17 4
17 41
18 10
18 13
19 15
19 35
20 29
20 45
21 21
21 24
22 0
22 7
23 38
23 45
24 21
24 24
25 0
25 16
26 10
26 30
27 32
27 35
28 4
28 41
29 25
29 43
30 7
30 19
31 12
31 42
32 1
32 18
33 31
33 39
34 36
34 40
35 18
35 26
36 8
36 11
37 36
37 40
38 22
38 30
39 1
39 12
40 8
40 11
41 17
41 28
42 14
42 43
43 3
43 16
44 32
44 39
45 22
45 25

# solution 1223
# n=46 sym=rot4 status=verified source=flammenkamp_cache/n46_rot4.mvr
# code=mvr:0 13 0 20 1 18 1 29 2 30 2 33 3 21 3 32 
0 13
0 20
1 18
1 29
2 30
2 33
3 21
3 32
4 8
4 11
5 6
5 17
6 36
6 40
7 23
7 34
8 14
8 41
9 6
9 20
10 24
10 27
11 7
11 41
12 2
12 30
13 3
13 45
14 19
14 37
15 2
15 12
16 1
16 23
17 19
17 40
18 10
18 44
19 28
19 31
20 36
20 45
21 10
21 42
22 7
22 16
23 29
23 38
24 3
24 35
25 0
25 9
26 14
26 17
27 1
27 35
28 5
28 26
29 22
29 44
30 33
30 43
31 8
31 26
32 0
32 42
33 15
33 43
34 4
34 38
35 18
35 21
36 25
36 39
37 4
37 31
38 11
38 22
39 5
39 9
40 28
40 39
41 34
41 37
42 13
42 24
43 12
43 15
44 16
44 27
45 25
45 32

# solution 1224
# n=46 sym=rot4 status=verified source=flammenkamp_cache/n46_rot4.mvr
# code=mvr:0 17 0 33 1 4 1 14 2 18 2 23 3 17 3 30 4
0 17
0 33
1 4
1 14
2 18
2 23
3 17
3 30
4 20
4 44
5 9
5 12
6 7
6 8
7 24
7 39
8 35
8 39
9 18
9 40
10 8
10 25
11 26
11 30
12 0
12 40
13 14
13 21
14 32
14 44
15 3
15 11
16 19
16 23
17 42
17 45
18 36
18 43
19 11
19 29
20 10
20 41
21 7
21 32
22 2
22 16
23 29
23 43
24 13
24 38
25 4
25 35
26 16
26 34
27 2
27 9
28 0
28 3
29 22
29 26
30 34
30 42
31 1
31 13
32 24
32 31
33 5
33 45
34 15
34 19
35 20
35 37
36 5
36 27
37 6
37 10
38 6
38 21
39 37
39 38
40 33
40 36
41 1
41 25
42 15
42 28
43 22
43 27
44 31
44 41
45 12
45 28

# solution 1225
# n=46 sym=rot4 status=verified source=flammenkamp_cache/n46_rot4.mvr
# code=mvr:0 21 0 24 1 28 1 31 2 34 2 36 3 15 3 33 
0 21
0 24
1 28
1 31
2 34
2 36
3 15
3 33
4 10
4 38
5 20
5 22
6 29
6 31
7 4
7 18
8 19
8 23
9 2
9 11
10 29
10 41
11 2
11 36
12 3
12 17
13 20
13 30
14 1
14 6
15 13
15 42
16 6
16 10
17 1
17 33
18 26
18 38
19 18
19 37
20 32
20 40
21 0
21 45
22 8
22 40
23 5
23 37
24 0
24 45
25 5
25 13
26 8
26 27
27 7
27 19
28 12
28 44
29 35
29 39
30 3
30 32
31 39
31 44
32 15
32 25
33 28
33 42
34 9
34 43
35 4
35 16
36 34
36 43
37 22
37 26
38 27
38 41
39 14
39 16
40 23
40 25
41 7
41 35
42 12
42 30
43 9
43 11
44 14
44 17
45 21
45 24

# solution 1226
# n=46 sym=rot4 status=verified source=flammenkamp_cache/n46_rot4.mvr
# code=mvr:0 26 0 41 1 12 1 23 2 18 2 28 3 10 3 15 
0 26
0 41
1 12
1 23
2 18
2 28
3 10
3 15
4 0
4 40
5 4
5 32
6 15
6 31
7 25
7 37
8 7
8 23
9 14
9 33
10 28
10 42
11 20
11 24
12 9
12 44
13 5
13 29
14 6
14 36
15 39
15 42
16 13
16 27
17 2
17 10
18 16
18 43
19 0
19 24
20 7
20 34
21 11
21 19
22 1
22 8
23 37
23 44
24 26
24 34
25 11
25 38
26 21
26 45
27 2
27 29
28 35
28 43
29 18
29 32
30 3
30 6
31 9
31 39
32 16
32 40
33 1
33 36
34 21
34 25
35 3
35 17
36 12
36 31
37 22
37 38
38 8
38 20
39 14
39 30
40 13
40 41
41 5
41 45
42 30
42 35
43 17
43 27
44 22
44 33
45 4
45 19

# solution 1227
# n=46 sym=rot4 status=verified source=flammenkamp_cache/n46_rot4.mvr
# code=mvr:0 16 0 21 1 36 1 37 2 5 2 18 3 16 3 23 4
0 16
0 21
1 36
1 37
2 5
2 18
3 16
3 23
4 12
4 31
5 36
5 43
6 18
6 21
7 12
7 35
8 1
8 13
9 1
9 5
10 7
10 20
11 23
11 28
12 38
12 41
13 30
13 37
14 4
14 20
15 13
15 28
16 42
16 45
17 11
17 15
18 39
18 43
19 19
19 26
20 31
20 35
21 39
21 45
22 3
22 11
23 34
23 42
24 0
24 6
25 10
25 14
26 19
26 26
27 2
27 6
28 30
28 34
29 0
29 3
30 17
30 32
31 25
31 41
32 8
32 15
33 4
33 7
34 17
34 22
35 25
35 38
36 40
36 44
37 32
37 44
38 10
38 33
39 24
39 27
40 2
40 9
41 14
41 33
42 22
42 29
43 27
43 40
44 8
44 9
45 24
45 29

# solution 1228
# n=46 sym=rot4 status=verified source=flammenkamp_cache/n46_rot4.mvr
# code=mvr:0 6 0 28 1 12 1 20 2 23 2 35 3 15 3 36 4
0 6
0 28
1 12
1 20
2 23
2 35
3 15
3 36
4 15
4 16
5 14
5 20
6 29
6 45
7 35
7 37
8 7
8 13
9 3
9 23
10 2
10 7
11 18
11 24
12 14
12 44
13 17
13 37
14 33
14 40
15 41
15 42
16 6
16 41
17 0
17 32
18 19
18 34
19 24
19 27
20 40
20 44
21 11
21 19
22 2
22 9
23 36
23 43
24 26
24 34
25 1
25 5
26 18
26 21
27 11
27 26
28 13
28 45
29 4
29 39
30 3
30 4
31 5
31 12
32 8
32 28
33 1
33 31
34 21
34 27
35 38
35 43
36 22
36 42
37 32
37 38
38 8
38 10
39 0
39 16
40 25
40 31
41 29
41 30
42 9
42 30
43 10
43 22
44 25
44 33
45 17
45 39

# solution 1229
# n=46 sym=rot4 status=verified source=flammenkamp_cache/n46_rot4.mvr
# code=mvr:0 12 0 14 1 5 1 21 2 19 2 37 3 11 3 30 4
0 12
0 14
1 5
1 21
2 19
2 37
3 11
3 30
4 19
4 27
5 23
5 44
6 36
6 38
7 6
7 34
8 2
8 13
9 6
9 16
10 17
10 20
11 7
11 42
12 17
12 45
13 24
13 37
14 30
14 45
15 3
15 14
16 27
16 36
17 33
17 35
18 4
18 16
19 41
19 43
20 23
20 35
21 13
21 44
22 5
22 20
23 25
23 40
24 1
24 32
25 10
25 22
26 2
26 4
27 29
27 41
28 10
28 12
29 9
29 18
30 31
30 42
31 0
31 15
32 8
32 21
33 0
33 28
34 3
34 38
35 25
35 28
36 29
36 39
37 32
37 43
38 11
38 39
39 7
39 9
40 1
40 22
41 18
41 26
42 15
42 34
43 8
43 26
44 24
44 40
45 31
45 33

# solution 1230
# n=46 sym=rot4 status=verified source=flammenkamp_cache/n46_rot4.mvr
# code=mvr:0 24 0 29 1 10 1 19 2 7 2 17 3 5 3 33 4 
0 24
0 29
1 10
1 19
2 7
2 17
3 5
3 33
4 20
4 23
5 30
5 42
6 11
6 12
7 24
7 43
8 18
8 30
9 29
9 32
10 11
10 44
11 35
11 39
12 3
12 39
13 9
13 19
14 17
14 18
15 5
15 8
16 0
16 9
17 31
17 43
18 31
18 37
19 32
19 44
20 23
20 41
21 0
21 7
22 4
22 20
23 25
23 41
24 38
24 45
25 4
25 22
26 1
26 13
27 8
27 14
28 2
28 14
29 36
29 45
30 37
30 40
31 27
31 28
32 26
32 36
33 6
33 42
34 6
34 10
35 1
35 34
36 13
36 16
37 15
37 27
38 2
38 21
39 33
39 34
40 3
40 15
41 22
41 25
42 12
42 40
43 28
43 38
44 26
44 35
45 16
45 21

# solution 1231
# n=46 sym=rot4 status=verified source=flammenkamp_cache/n46_rot4.mvr
# code=mvr:0 13 0 28 1 22 1 34 2 24 2 36 3 30 3 36 
0 13
0 28
1 22
1 34
2 24
2 36
3 30
3 36
4 6
4 12
5 24
5 39
6 5
6 41
7 27
7 37
8 7
8 14
9 2
9 3
10 19
10 30
11 1
11 23
12 20
12 41
13 27
13 45
14 28
14 37
15 3
15 10
16 19
16 20
17 0
17 14
18 7
18 13
19 29
19 35
20 29
20 33
21 2
21 5
22 11
22 44
23 1
23 34
24 40
24 43
25 12
25 16
26 10
26 16
27 32
27 38
28 31
28 45
29 25
29 26
30 35
30 42
31 8
31 17
32 0
32 18
33 4
33 25
34 22
34 44
35 15
35 26
36 42
36 43
37 31
37 38
38 8
38 18
39 4
39 40
40 6
40 21
41 33
41 39
42 9
42 15
43 9
43 21
44 11
44 23
45 17
45 32

# solution 1232
# n=46 sym=rot4 status=verified source=flammenkamp_cache/n46_rot4.mvr
# code=mvr:0 8 0 18 1 7 1 31 2 22 2 36 3 27 3 34 4 
0 8
0 18
1 7
1 31
2 22
2 36
3 27
3 34
4 14
4 29
5 15
5 36
6 23
6 38
7 6
7 44
8 25
8 45
9 2
9 5
10 16
10 19
11 3
11 25
12 19
12 32
13 12
13 28
14 1
14 41
15 28
15 40
16 4
16 35
17 13
17 15
18 3
18 45
19 33
19 35
20 8
20 11
21 21
21 24
22 6
22 43
23 2
23 39
24 21
24 24
25 34
25 37
26 10
26 12
27 0
27 42
28 30
28 32
29 10
29 41
30 5
30 17
31 4
31 44
32 17
32 33
33 13
33 26
34 20
34 42
35 26
35 29
36 40
36 43
37 0
37 20
38 1
38 39
39 7
39 22
40 9
40 30
41 16
41 31
42 11
42 18
43 9
43 23
44 14
44 38
45 27
45 37

# solution 1233
# n=46 sym=rot4 status=verified source=flammenkamp_cache/n46_rot4.mvr
# code=mvr:0 14 0 32 1 23 1 26 2 10 2 42 3 2 3 17 4
0 14
0 32
1 23
1 26
2 10
2 42
3 2
3 17
4 20
4 36
5 5
5 40
6 21
6 32
7 9
7 33
8 10
8 14
9 4
9 38
10 37
10 43
11 26
11 30
12 7
12 21
13 0
13 6
14 37
14 45
15 11
15 18
16 23
16 25
17 18
17 42
18 28
18 30
19 1
19 11
20 16
20 41
21 33
21 39
22 1
22 16
23 29
23 44
24 6
24 12
25 4
25 29
26 34
26 44
27 15
27 17
28 3
28 27
29 20
29 22
30 27
30 34
31 0
31 8
32 39
32 45
33 24
33 38
34 15
34 19
35 2
35 8
36 7
36 41
37 31
37 35
38 12
38 36
39 13
39 24
40 5
40 40
41 9
41 25
42 28
42 43
43 3
43 35
44 19
44 22
45 13
45 31

# solution 1234
# n=46 sym=rot4 status=verified source=flammenkamp_cache/n46_rot4.mvr
# code=mvr:0 21 0 25 1 23 1 28 2 9 2 15 3 14 3 25 4
0 21
0 25
1 23
1 28
2 9
2 15
3 14
3 25
4 12
4 30
5 7
5 34
6 6
6 39
7 13
7 40
8 23
8 32
9 35
9 43
10 9
10 18
11 5
11 29
12 21
12 41
13 8
13 38
14 18
14 42
15 4
15 43
16 11
16 26
17 1
17 19
18 31
18 35
19 16
19 28
20 0
20 3
21 33
21 45
22 1
22 8
23 37
23 44
24 0
24 12
25 42
25 45
26 17
26 29
27 10
27 14
28 26
28 44
29 19
29 34
30 2
30 41
31 3
31 27
32 7
32 37
33 4
33 24
34 16
34 40
35 27
35 36
36 2
36 10
37 13
37 22
38 5
38 32
39 6
39 39
40 11
40 38
41 15
41 33
42 20
42 31
43 30
43 36
44 17
44 22
45 20
45 24

# solution 1235
# n=46 sym=rot4 status=verified source=flammenkamp_cache/n46_rot4.mvr
# code=mvr:0 14 0 20 1 16 1 19 2 11 2 39 3 27 3 31 
0 14
0 20
1 16
1 19
2 11
2 39
3 27
3 31
4 21
4 30
5 7
5 19
6 2
6 37
7 33
7 40
8 6
8 24
9 28
9 30
10 13
10 16
11 33
11 43
12 7
12 11
13 23
13 35
14 3
14 45
15 4
15 9
16 35
16 44
17 9
17 20
18 3
18 23
19 40
19 44
20 28
20 45
21 8
21 41
22 13
22 18
23 27
23 32
24 4
24 37
25 0
25 17
26 1
26 5
27 22
27 42
28 25
28 36
29 1
29 10
30 36
30 41
31 0
31 42
32 10
32 22
33 34
33 38
34 2
34 12
35 29
35 32
36 15
36 17
37 21
37 39
38 5
38 12
39 8
39 43
40 26
40 38
41 15
41 24
42 14
42 18
43 6
43 34
44 26
44 29
45 25
45 31

# solution 1236
# n=46 sym=rot4 status=verified source=flammenkamp_cache/n46_rot4.mvr
# code=mvr:0 18 0 24 1 9 1 28 2 5 2 13 3 19 3 34 4 
0 18
0 24
1 9
1 28
2 5
2 13
3 19
3 34
4 29
4 39
5 12
5 43
6 4
6 24
7 32
7 37
8 7
8 15
9 23
9 44
10 12
10 30
11 3
11 23
12 35
12 40
13 7
13 43
14 18
14 28
15 10
15 37
16 4
16 25
17 1
17 14
18 31
18 45
19 20
19 42
20 16
20 26
21 0
21 6
22 9
22 11
23 34
23 36
24 39
24 45
25 19
25 29
26 3
26 25
27 0
27 14
28 31
28 44
29 20
29 41
30 8
30 35
31 17
31 27
32 2
32 38
33 5
33 10
34 22
34 42
35 15
35 33
36 1
36 22
37 30
37 38
38 8
38 13
39 21
39 41
40 2
40 33
41 6
41 16
42 11
42 26
43 32
43 40
44 17
44 36
45 21
45 27

# solution 1237
# n=46 sym=rot4 status=verified source=flammenkamp_cache/n46_rot4.mvr
# code=mvr:0 20 0 27 1 15 1 22 2 11 2 33 3 17 3 18 
0 20
0 27
1 15
1 22
2 11
2 33
3 17
3 18
4 9
4 30
5 36
5 38
6 28
6 33
7 5
7 8
8 21
8 38
9 5
9 41
10 16
10 31
11 19
11 43
12 2
12 6
13 20
13 29
14 10
14 23
15 4
15 44
16 13
16 35
17 6
17 42
18 0
18 42
19 24
19 34
20 32
20 45
21 19
21 37
22 14
22 44
23 1
23 31
24 8
24 26
25 0
25 13
26 11
26 21
27 3
27 45
28 3
28 39
29 10
29 32
30 1
30 41
31 22
31 35
32 16
32 25
33 39
33 43
34 2
34 26
35 14
35 29
36 4
36 40
37 7
37 24
38 37
38 40
39 12
39 17
40 7
40 9
41 15
41 36
42 27
42 28
43 12
43 34
44 23
44 30
45 18
45 25

# solution 1238
# n=46 sym=rot4 status=verified source=flammenkamp_cache/n46_rot4.mvr
# code=mvr:0 7 0 21 1 17 1 26 2 15 2 42 3 2 3 30 4 
0 7
0 21
1 17
1 26
2 15
2 42
3 2
3 30
4 10
4 28
5 12
5 37
6 21
6 35
7 9
7 45
8 5
8 33
9 31
9 38
10 6
10 41
11 20
11 22
12 8
12 40
13 18
13 29
14 9
14 23
15 3
15 43
16 13
16 18
17 4
17 44
18 29
18 32
19 1
19 25
20 19
20 34
21 39
21 45
22 14
22 34
23 11
23 31
24 0
24 6
25 11
25 26
26 20
26 44
27 13
27 16
28 1
28 41
29 27
29 32
30 2
30 42
31 22
31 36
32 16
32 27
33 5
33 37
34 23
34 25
35 4
35 39
36 7
36 14
37 12
37 40
38 0
38 36
39 10
39 24
40 8
40 33
41 17
41 35
42 15
42 43
43 3
43 30
44 19
44 28
45 24
45 38

# solution 1239
# n=46 sym=rot4 status=verified source=flammenkamp_cache/n46_rot4.mvr
# code=mvr:0 18 0 28 1 10 1 29 2 16 2 18 3 23 3 24 
0 18
0 28
1 10
1 29
2 16
2 18
3 23
3 24
4 33
4 37
5 14
5 15
6 26
6 36
7 23
7 36
8 4
8 11
9 6
9 7
10 31
10 44
11 17
11 37
12 4
12 20
13 13
13 32
14 10
14 40
15 20
15 40
16 1
16 43
17 0
17 34
18 43
18 45
19 6
19 24
20 30
20 33
21 3
21 19
22 3
22 7
23 38
23 42
24 26
24 42
25 12
25 15
26 21
26 39
27 0
27 2
28 11
28 45
29 2
29 44
30 5
30 25
31 5
31 35
32 13
32 32
33 25
33 41
34 8
34 28
35 1
35 14
36 38
36 39
37 34
37 41
38 9
38 22
39 9
39 19
40 30
40 31
41 8
41 12
42 21
42 22
43 27
43 29
44 16
44 35
45 17
45 27

# solution 1240
# n=46 sym=rot4 status=verified source=flammenkamp_cache/n46_rot4.mvr
# code=mvr:0 25 0 34 1 17 1 31 2 10 2 34 3 20 3 33 
0 25
0 34
1 17
1 31
2 10
2 34
3 20
3 33
4 8
4 12
5 17
5 26
6 21
6 38
7 6
7 22
8 36
8 41
9 8
9 30
10 29
10 43
11 0
11 2
12 3
12 41
13 18
13 30
14 1
14 24
15 9
15 13
16 10
16 18
17 40
17 44
18 29
18 32
19 5
19 23
20 0
20 42
21 14
21 39
22 19
22 38
23 7
23 26
24 6
24 31
25 3
25 45
26 22
26 40
27 13
27 16
28 1
28 5
29 27
29 35
30 32
30 36
31 21
31 44
32 15
32 27
33 4
33 42
34 43
34 45
35 2
35 16
36 15
36 37
37 4
37 9
38 23
38 39
39 7
39 24
40 19
40 28
41 33
41 37
42 12
42 25
43 11
43 35
44 14
44 28
45 11
45 20

# solution 1241
# n=46 sym=rot4 status=verified source=flammenkamp_cache/n46_rot4.mvr
# code=mvr:0 22 0 33 1 29 1 43 2 1 2 21 3 17 3 23 4
0 22
0 33
1 29
1 43
2 1
2 21
3 17
3 23
4 7
4 10
5 30
5 34
6 15
6 26
7 21
7 41
8 13
8 29
9 10
9 18
10 36
10 41
11 5
11 26
12 0
12 28
13 25
13 37
14 14
14 31
15 5
15 39
16 1
16 8
17 12
17 42
18 25
18 36
19 6
19 11
20 13
20 18
21 38
21 43
22 3
22 45
23 0
23 42
24 2
24 7
25 27
25 32
26 34
26 39
27 9
27 20
28 3
28 33
29 37
29 44
30 6
30 40
31 14
31 31
32 8
32 20
33 17
33 45
34 19
34 40
35 4
35 9
36 27
36 35
37 16
37 32
38 4
38 24
39 19
39 30
40 11
40 15
41 35
41 38
42 22
42 28
43 24
43 44
44 2
44 16
45 12
45 23

# solution 1242
# n=46 sym=rot4 status=verified source=flammenkamp_cache/n46_rot4.mvr
# code=mvr:0 23 0 25 1 11 1 20 2 19 2 29 3 33 3 37 
0 23
0 25
1 11
1 20
2 19
2 29
3 33
3 37
4 10
4 30
5 5
5 40
6 21
6 27
7 13
7 28
8 3
8 9
9 14
9 37
10 28
10 41
11 14
11 44
12 3
12 21
13 29
13 38
14 34
14 36
15 4
15 23
16 2
16 13
17 7
17 10
18 6
18 26
19 18
19 43
20 0
20 44
21 33
21 39
22 0
22 15
23 30
23 45
24 6
24 12
25 1
25 45
26 2
26 27
27 19
27 39
28 35
28 38
29 32
29 43
30 22
30 41
31 9
31 11
32 7
32 16
33 24
33 42
34 1
34 31
35 4
35 17
36 8
36 31
37 36
37 42
38 17
38 32
39 18
39 24
40 5
40 40
41 15
41 35
42 8
42 12
43 16
43 26
44 25
44 34
45 20
45 22

# solution 1243
# n=46 sym=rot4 status=verified source=flammenkamp_cache/n46_rot4.mvr
# code=mvr:0 18 0 26 1 12 1 14 2 16 2 28 3 7 3 26 4
0 18
0 26
1 12
1 14
2 16
2 28
3 7
3 26
4 23
4 39
5 9
5 25
6 4
6 8
7 15
7 42
8 32
8 39
9 15
9 40
10 11
10 23
11 33
11 35
12 11
12 44
13 8
13 25
14 17
14 44
15 36
15 38
16 24
16 43
17 2
17 31
18 21
18 45
19 0
19 3
20 5
20 13
21 16
21 27
22 4
22 10
23 35
23 41
24 18
24 29
25 32
25 40
26 42
26 45
27 0
27 24
28 14
28 43
29 2
29 21
30 7
30 9
31 1
31 28
32 20
32 37
33 1
33 34
34 10
34 12
35 22
35 34
36 5
36 30
37 6
37 13
38 3
38 30
39 37
39 41
40 20
40 36
41 6
41 22
42 19
42 38
43 17
43 29
44 31
44 33
45 19
45 27

# solution 1244
# n=46 sym=rot4 status=verified source=flammenkamp_cache/n46_rot4.mvr
# code=mvr:0 20 0 23 1 16 1 17 2 26 2 32 3 12 3 25 
0 20
0 23
1 16
1 17
2 26
2 32
3 12
3 25
4 30
4 40
5 4
5 36
6 12
6 18
7 30
7 35
8 17
8 23
9 5
9 10
10 7
10 36
11 16
11 32
12 39
12 42
13 2
13 11
14 18
14 21
15 4
15 7
16 34
16 44
17 37
17 44
18 31
18 39
19 2
19 24
20 3
20 45
21 19
21 31
22 0
22 8
23 37
23 45
24 14
24 26
25 0
25 42
26 21
26 43
27 6
27 14
28 1
28 8
29 1
29 11
30 38
30 41
31 24
31 27
32 34
32 43
33 3
33 6
34 13
34 29
35 9
35 38
36 35
36 40
37 22
37 28
38 10
38 15
39 27
39 33
40 9
40 41
41 5
41 15
42 20
42 33
43 13
43 19
44 28
44 29
45 22
45 25

# solution 1245
# n=46 sym=rot4 status=verified source=flammenkamp_cache/n46_rot4.mvr
# code=mvr:0 12 0 31 1 26 1 27 2 7 2 17 3 18 3 21 4
0 12
0 31
1 26
1 27
2 7
2 17
3 18
3 21
4 6
4 31
5 17
5 37
6 23
6 41
7 32
7 43
8 5
8 30
9 23
9 29
10 30
10 34
11 10
11 32
12 20
12 45
13 7
13 11
14 0
14 4
15 8
15 10
16 9
16 19
17 40
17 43
18 1
18 42
19 1
19 29
20 21
20 33
21 25
21 42
22 6
22 9
23 36
23 39
24 3
24 20
25 12
25 24
26 16
26 44
27 3
27 44
28 2
28 5
29 26
29 36
30 35
30 37
31 41
31 45
32 34
32 38
33 0
33 25
34 13
34 35
35 11
35 15
36 16
36 22
37 15
37 40
38 2
38 13
39 4
39 22
40 8
40 28
41 14
41 39
42 24
42 27
43 28
43 38
44 18
44 19
45 14
45 33

# solution 1246
# n=46 sym=rot4 status=verified source=flammenkamp_cache/n46_rot4.mvr
# code=mvr:0 15 0 16 1 10 1 23 2 15 2 24 3 11 3 32 
0 15
0 16
1 10
1 23
2 15
2 24
3 11
3 32
4 9
4 39
5 8
5 28
6 4
6 9
7 21
7 32
8 27
8 40
9 39
9 41
10 23
10 44
11 19
11 42
12 26
12 28
13 3
13 7
14 14
14 31
15 43
15 45
16 20
16 45
17 5
17 12
18 8
18 20
19 12
19 34
20 27
20 29
21 2
21 38
22 1
22 10
23 35
23 44
24 7
24 43
25 16
25 18
26 11
26 33
27 25
27 37
28 33
28 40
29 0
29 25
30 0
30 2
31 14
31 31
32 38
32 42
33 17
33 19
34 3
34 26
35 1
35 22
36 4
36 6
37 5
37 18
38 13
38 24
39 36
39 41
40 17
40 37
41 6
41 36
42 13
42 34
43 21
43 30
44 22
44 35
45 29
45 30

# solution 1247
# n=46 sym=rot4 status=verified source=flammenkamp_cache/n46_rot4.mvr
# code=mvr:0 13 0 27 1 18 1 30 2 12 2 25 3 23 3 30 
0 13
0 27
1 18
1 30
2 12
2 25
3 23
3 30
4 13
4 17
5 8
5 25
6 16
6 23
7 12
7 14
8 36
8 40
9 8
9 34
10 29
10 31
11 9
11 19
12 38
12 43
13 41
13 45
14 10
14 38
15 1
15 3
16 10
16 39
17 21
17 41
18 0
18 44
19 24
19 34
20 2
20 5
21 19
21 28
22 3
22 6
23 39
23 42
24 17
24 26
25 40
25 43
26 11
26 21
27 1
27 45
28 4
28 24
29 6
29 35
30 42
30 44
31 7
31 35
32 0
32 4
33 2
33 7
34 26
34 36
35 14
35 16
36 11
36 37
37 5
37 9
38 31
38 33
39 22
39 29
40 20
40 37
41 28
41 32
42 15
42 22
43 20
43 33
44 15
44 27
45 18
45 32

# solution 1248
# n=46 sym=rot4 status=verified source=flammenkamp_cache/n46_rot4.mvr
# code=mvr:0 15 0 20 1 14 1 28 2 24 2 33 3 15 3 32 
0 15
0 20
1 14
1 28
2 24
2 33
3 15
3 32
4 5
4 19
5 33
5 41
6 25
6 37
7 18
7 36
8 6
8 16
9 7
9 10
10 19
10 36
11 16
11 23
12 2
12 5
13 3
13 18
14 23
14 44
15 42
15 45
16 34
16 37
17 1
17 24
18 32
18 38
19 35
19 41
20 6
20 45
21 2
21 17
22 11
22 14
23 31
23 34
24 28
24 43
25 0
25 39
26 4
26 10
27 7
27 13
28 21
28 44
29 8
29 11
30 0
30 3
31 1
31 22
32 27
32 42
33 40
33 43
34 22
34 29
35 9
35 26
36 35
36 38
37 29
37 39
38 9
38 27
39 8
39 20
40 4
40 12
41 26
41 40
42 13
42 30
43 12
43 21
44 17
44 31
45 25
45 30

# solution 1249
# n=46 sym=rot4 status=verified source=flammenkamp_cache/n46_rot4.mvr
# code=mvr:0 11 0 13 1 34 1 35 2 13 2 27 3 16 3 21 
0 11
0 13
1 34
1 35
2 13
2 27
3 16
3 21
4 21
4 40
5 4
5 14
6 33
6 37
7 26
7 35
8 6
8 30
9 14
9 17
10 1
10 7
11 1
11 45
12 6
12 27
13 43
13 45
14 36
14 40
15 8
15 23
16 28
16 42
17 16
17 36
18 2
18 12
19 7
19 23
20 20
20 25
21 41
21 42
22 15
22 19
23 26
23 30
24 3
24 4
25 20
25 25
26 22
26 38
27 33
27 43
28 9
28 29
29 3
29 17
30 22
30 37
31 5
31 9
32 0
32 2
33 18
33 39
34 0
34 44
35 38
35 44
36 28
36 31
37 15
37 39
38 10
38 19
39 8
39 12
40 31
40 41
41 5
41 24
42 24
42 29
43 18
43 32
44 10
44 11
45 32
45 34

# solution 1250
# n=46 sym=rot4 status=verified source=flammenkamp_cache/n46_rot4.mvr
# code=mvr:0 17 0 34 1 11 1 30 2 12 2 24 3 21 3 30 
0 17
0 34
1 11
1 30
2 12
2 24
3 21
3 30
4 10
4 25
5 13
5 35
6 6
6 39
7 8
7 25
8 23
8 38
9 16
9 17
10 5
10 41
11 0
11 44
12 13
12 43
13 33
13 40
14 26
14 27
15 1
15 3
16 18
16 36
17 36
17 45
18 14
18 29
19 14
19 23
20 4
20 7
21 2
21 42
22 8
22 19
23 26
23 37
24 3
24 43
25 38
25 41
26 22
26 31
27 16
27 31
28 0
28 9
29 9
29 27
30 42
30 44
31 18
31 19
32 5
32 12
33 2
33 32
34 1
34 45
35 4
35 40
36 28
36 29
37 7
37 22
38 20
38 37
39 6
39 39
40 10
40 32
41 20
41 35
42 15
42 24
43 21
43 33
44 15
44 34
45 11
45 28

# solution 1251
# n=46 sym=rot4 status=verified source=flammenkamp_cache/n46_rot4.mvr
# code=mvr:0 12 0 27 1 17 1 37 2 26 2 35 3 17 3 20 
0 12
0 27
1 17
1 37
2 26
2 35
3 17
3 20
4 13
4 39
5 14
5 16
6 4
6 26
7 30
7 33
8 1
8 18
9 22
9 34
10 2
10 29
11 9
11 23
12 7
12 45
13 31
13 41
14 13
14 40
15 7
15 20
16 10
16 40
17 42
17 44
18 0
18 37
19 2
19 6
20 30
20 42
21 21
21 24
22 11
22 36
23 9
23 34
24 21
24 24
25 3
25 15
26 39
26 43
27 8
27 45
28 1
28 3
29 5
29 35
30 25
30 38
31 5
31 32
32 4
32 14
33 0
33 38
34 22
34 36
35 16
35 43
36 11
36 23
37 27
37 44
38 12
38 15
39 19
39 41
40 29
40 31
41 6
41 32
42 25
42 28
43 10
43 19
44 8
44 28
45 18
45 33

# solution 1252
# n=46 sym=rot4 status=verified source=flammenkamp_cache/n46_rot4.mvr
# code=mvr:0 11 0 12 1 7 1 28 2 15 2 21 3 27 3 32 4
0 11
0 12
1 7
1 28
2 15
2 21
3 27
3 32
4 16
4 27
5 14
5 32
6 19
6 25
7 8
7 44
8 14
8 38
9 10
9 33
10 20
10 36
11 29
11 45
12 9
12 45
13 3
13 5
14 37
14 40
15 23
15 43
16 11
16 41
17 1
17 21
18 3
18 4
19 23
19 39
20 6
20 35
21 28
21 43
22 15
22 19
23 26
23 30
24 2
24 17
25 10
25 39
26 6
26 22
27 41
27 42
28 24
28 44
29 4
29 34
30 2
30 22
31 5
31 8
32 40
32 42
33 0
33 36
34 0
34 16
35 9
35 25
36 12
36 35
37 7
37 31
38 1
38 37
39 20
39 26
40 13
40 31
41 18
41 29
42 13
42 18
43 24
43 30
44 17
44 38
45 33
45 34

# solution 1253
# n=46 sym=rot4 status=verified source=flammenkamp_cache/n46_rot4.mvr
# code=mvr:0 16 0 23 1 25 1 41 2 18 2 36 3 12 3 23 
0 16
0 23
1 25
1 41
2 18
2 36
3 12
3 23
4 1
4 11
5 34
5 36
6 6
6 39
7 20
7 21
8 31
8 33
9 2
9 5
10 13
10 15
11 5
11 41
12 8
12 42
13 31
13 35
14 8
14 13
15 28
15 35
16 21
16 45
17 15
17 19
18 19
18 43
19 27
19 28
20 1
20 38
21 29
21 38
22 0
22 3
23 42
23 45
24 7
24 16
25 7
25 44
26 17
26 18
27 2
27 26
28 26
28 30
29 0
29 24
30 10
30 17
31 32
31 37
32 10
32 14
33 3
33 37
34 4
34 40
35 30
35 32
36 40
36 43
37 12
37 14
38 24
38 25
39 6
39 39
40 9
40 11
41 34
41 44
42 22
42 33
43 9
43 27
44 4
44 20
45 22
45 29

# solution 1254
# n=46 sym=rot4 status=verified source=flammenkamp_cache/n46_rot4.mvr
# code=mvr:0 17 0 32 1 10 1 21 2 30 2 32 3 12 3 19 
0 17
0 32
1 10
1 21
2 30
2 32
3 12
3 19
4 12
4 15
5 6
5 24
6 27
6 40
7 7
7 38
8 22
8 25
9 10
9 17
10 36
10 44
11 29
11 31
12 41
12 42
13 0
13 2
14 11
14 29
15 2
15 41
16 11
16 14
17 36
17 45
18 6
18 25
19 23
19 42
20 8
20 18
21 5
21 44
22 19
22 37
23 8
23 26
24 1
24 40
25 27
25 37
26 3
26 22
27 20
27 39
28 0
28 9
29 31
29 34
30 4
30 43
31 16
31 34
32 43
32 45
33 3
33 4
34 14
34 16
35 1
35 9
36 28
36 35
37 20
37 23
38 7
38 38
39 5
39 18
40 21
40 39
41 30
41 33
42 26
42 33
43 13
43 15
44 24
44 35
45 13
45 28

# solution 1255
# n=46 sym=rot4 status=verified source=flammenkamp_cache/n46_rot4.mvr
# code=mvr:0 12 0 24 1 28 1 39 2 14 2 24 3 7 3 23 4
0 12
0 24
1 28
1 39
2 14
2 24
3 7
3 23
4 30
4 33
5 8
5 20
6 1
6 9
7 34
7 42
8 30
8 40
9 25
9 39
10 11
10 27
11 7
11 35
12 4
12 45
13 19
13 27
14 16
14 43
15 4
15 8
16 23
16 31
17 1
17 19
18 10
18 13
19 28
19 32
20 9
20 40
21 0
21 2
22 3
22 16
23 29
23 42
24 43
24 45
25 5
25 36
26 13
26 17
27 32
27 35
28 26
28 44
29 14
29 22
30 37
30 41
31 2
31 29
32 18
32 26
33 0
33 41
34 10
34 38
35 18
35 34
36 6
36 20
37 5
37 15
38 3
38 11
39 36
39 44
40 25
40 37
41 12
41 15
42 22
42 38
43 21
43 31
44 6
44 17
45 21
45 33

# solution 1256
# n=46 sym=rot4 status=verified source=flammenkamp_cache/n46_rot4.mvr
# code=mvr:0 7 0 37 1 14 1 19 2 24 2 39 3 16 3 26 4
0 7
0 37
1 14
1 19
2 24
2 39
3 16
3 26
4 20
4 22
5 31
5 36
6 2
6 30
7 17
7 45
8 0
8 9
9 5
9 37
10 13
10 20
11 23
11 28
12 13
12 27
13 33
13 35
14 5
14 44
15 6
15 18
16 21
16 42
17 11
17 38
18 12
18 30
19 3
19 44
20 35
20 41
21 2
21 29
22 11
22 41
23 4
23 34
24 16
24 43
25 4
25 10
26 1
26 42
27 15
27 33
28 7
28 34
29 3
29 24
30 27
30 39
31 1
31 40
32 10
32 12
33 18
33 32
34 17
34 22
35 25
35 32
36 8
36 40
37 36
37 45
38 0
38 28
39 15
39 43
40 9
40 14
41 23
41 25
42 19
42 29
43 6
43 21
44 26
44 31
45 8
45 38

# solution 1257
# n=46 sym=rot4 status=verified source=flammenkamp_cache/n46_rot4.mvr
# code=mvr:0 18 0 32 1 16 1 36 2 12 2 25 3 25 3 26 
0 18
0 32
1 16
1 36
2 12
2 25
3 25
3 26
4 28
4 34
5 6
5 15
6 12
6 40
7 31
7 36
8 17
8 23
9 1
9 7
10 14
10 26
11 4
11 23
12 39
12 43
13 0
13 24
14 7
14 35
15 16
15 40
16 30
16 44
17 4
17 37
18 24
18 45
19 3
19 10
20 2
20 3
21 13
21 18
22 8
22 11
23 34
23 37
24 27
24 32
25 42
25 43
26 35
26 42
27 0
27 21
28 8
28 41
29 1
29 15
30 5
30 29
31 10
31 38
32 21
32 45
33 2
33 6
34 22
34 41
35 19
35 31
36 38
36 44
37 22
37 28
38 9
38 14
39 5
39 33
40 30
40 39
41 11
41 17
42 19
42 20
43 20
43 33
44 9
44 29
45 13
45 27

# solution 1258
# n=46 sym=rot4 status=verified source=flammenkamp_cache/n46_rot4.mvr
# code=mvr:0 17 0 32 1 23 1 37 2 17 2 19 3 12 3 31 
0 17
0 32
1 23
1 37
2 17
2 19
3 12
3 31
4 12
4 36
5 13
5 16
6 16
6 24
7 26
7 36
8 1
8 35
9 4
9 7
10 8
10 23
11 20
11 27
12 41
12 42
13 0
13 40
14 3
14 15
15 20
15 31
16 39
16 40
17 43
17 45
18 11
18 24
19 7
19 43
20 30
20 34
21 6
21 18
22 1
22 10
23 35
23 44
24 27
24 39
25 11
25 15
26 2
26 38
27 21
27 34
28 0
28 2
29 5
29 6
30 14
30 25
31 30
31 42
32 5
32 45
33 3
33 4
34 18
34 25
35 22
35 37
36 38
36 41
37 10
37 44
38 9
38 19
39 21
39 29
40 29
40 32
41 9
41 33
42 14
42 33
43 26
43 28
44 8
44 22
45 13
45 28

# solution 1259
# n=46 sym=rot4 status=verified source=flammenkamp_cache/n46_rot4.mvr
# code=mvr:0 23 0 29 1 15 1 32 2 12 2 21 3 23 3 33 
0 23
0 29
1 15
1 32
2 12
2 21
3 23
3 33
4 5
4 8
5 16
5 41
6 9
6 19
7 14
7 28
8 35
8 41
9 30
9 39
10 8
10 18
11 18
11 28
12 3
12 43
13 1
13 14
14 32
14 38
15 9
15 44
16 0
16 40
17 7
17 11
18 34
18 35
19 24
19 39
20 20
20 25
21 19
21 43
22 0
22 3
23 42
23 45
24 2
24 26
25 20
25 25
26 6
26 21
27 10
27 11
28 34
28 38
29 5
29 45
30 1
30 36
31 7
31 13
32 31
32 44
33 2
33 42
34 17
34 27
35 27
35 37
36 6
36 15
37 4
37 10
38 17
38 31
39 26
39 36
40 4
40 29
41 37
41 40
42 12
42 22
43 24
43 33
44 13
44 30
45 16
45 22

# solution 1260
# n=46 sym=rot4 status=verified source=flammenkamp_cache/n46_rot4.mvr
# code=mvr:0 21 0 32 1 13 1 17 2 9 2 15 3 31 3 41 4
0 21
0 32
1 13
1 17
2 9
2 15
3 31
3 41
4 3
4 35
5 7
5 25
6 18
6 33
7 30
7 40
8 22
8 26
9 10
9 43
10 4
10 36
11 16
11 20
12 6
12 31
13 0
13 44
14 3
14 12
15 7
15 43
16 19
16 34
17 24
17 44
18 23
18 39
19 8
19 29
20 5
20 34
21 17
21 45
22 18
22 37
23 8
23 27
24 0
24 28
25 11
25 40
26 16
26 37
27 6
27 22
28 1
28 21
29 11
29 26
30 2
30 38
31 33
31 42
32 1
32 45
33 14
33 39
34 25
34 29
35 9
35 41
36 2
36 35
37 19
37 23
38 5
38 15
39 12
39 27
40 20
40 38
41 10
41 42
42 4
42 14
43 30
43 36
44 28
44 32
45 13
45 24

# solution 1261
# n=46 sym=rot4 status=verified source=flammenkamp_cache/n46_rot4.mvr
# code=mvr:0 26 0 32 1 23 1 34 2 16 2 21 3 10 3 18 
0 26
0 32
1 23
1 34
2 16
2 21
3 10
3 18
4 5
4 24
5 6
5 41
6 31
6 40
7 28
7 34
8 14
8 32
9 18
9 25
10 15
10 42
11 1
11 7
12 15
12 25
13 0
13 8
14 6
14 37
15 33
15 35
16 23
16 43
17 7
17 19
18 36
18 42
19 0
19 28
20 9
20 12
21 4
21 43
22 1
22 16
23 29
23 44
24 2
24 41
25 33
25 36
26 17
26 45
27 3
27 9
28 26
28 38
29 2
29 22
30 10
30 12
31 8
31 39
32 37
32 45
33 20
33 30
34 38
34 44
35 3
35 30
36 20
36 27
37 13
37 31
38 11
38 17
39 5
39 14
40 4
40 39
41 21
41 40
42 27
42 35
43 24
43 29
44 11
44 22
45 13
45 19

# solution 1262
# n=46 sym=rot4 status=verified source=flammenkamp_cache/n46_rot4.mvr
# code=mvr:0 22 0 24 1 27 1 33 2 20 2 23 3 11 3 15 
0 22
0 24
1 27
1 33
2 20
2 23
3 11
3 15
4 29
4 30
5 8
5 10
6 11
6 14
7 21
7 37
8 7
8 40
9 16
9 27
10 32
10 40
11 39
11 42
12 1
12 31
13 10
13 28
14 12
14 39
15 4
15 42
16 4
16 36
17 13
17 19
18 1
18 9
19 25
19 28
20 19
20 43
21 0
21 38
22 2
22 45
23 0
23 43
24 7
24 45
25 2
25 26
26 17
26 20
27 36
27 44
28 26
28 32
29 9
29 41
30 3
30 41
31 6
31 33
32 17
32 35
33 14
33 44
34 3
34 6
35 5
35 13
36 18
36 29
37 5
37 38
38 8
38 24
39 31
39 34
40 35
40 37
41 15
41 16
42 30
42 34
43 22
43 25
44 12
44 18
45 21
45 23

# solution 1263
# n=46 sym=rot4 status=verified source=flammenkamp_cache/n46_rot4.mvr
# code=mvr:0 3 0 15 1 13 1 16 2 25 2 27 3 15 3 45 4
0 3
0 15
1 13
1 16
2 25
2 27
3 15
3 45
4 6
4 37
5 26
5 31
6 34
6 41
7 9
7 12
8 4
8 24
9 17
9 38
10 17
10 27
11 6
11 21
12 32
12 38
13 12
13 44
14 5
14 25
15 42
15 45
16 22
16 44
17 35
17 36
18 2
18 10
19 5
19 23
20 2
20 14
21 8
21 34
22 19
22 29
23 16
23 26
24 11
24 37
25 31
25 43
26 22
26 40
27 35
27 43
28 9
28 10
29 1
29 23
30 0
30 3
31 20
31 40
32 1
32 33
33 7
33 13
34 24
34 39
35 18
35 28
36 7
36 28
37 21
37 41
38 33
38 36
39 4
39 11
40 14
40 19
41 8
41 39
42 0
42 30
43 18
43 20
44 29
44 32
45 30
45 42

# solution 1264
# n=46 sym=rot4 status=verified source=flammenkamp_cache/n46_rot4.mvr
# code=mvr:0 24 0 37 1 17 1 29 2 5 2 9 3 17 3 32 4 
0 24
0 37
1 17
1 29
2 5
2 9
3 17
3 32
4 24
4 35
5 25
5 43
6 13
6 18
7 8
7 36
8 0
8 38
9 7
9 43
10 4
10 19
11 15
11 29
12 14
12 23
13 3
13 39
14 23
14 33
15 18
15 34
16 1
16 11
17 42
17 44
18 30
18 39
19 25
19 35
20 5
20 19
21 0
21 4
22 12
22 14
23 31
23 33
24 41
24 45
25 26
25 40
26 10
26 20
27 6
27 15
28 1
28 3
29 34
29 44
30 11
30 27
31 12
31 22
32 6
32 42
33 22
33 31
34 16
34 30
35 26
35 41
36 2
36 38
37 7
37 45
38 9
38 37
39 27
39 32
40 2
40 20
41 10
41 21
42 13
42 28
43 36
43 40
44 16
44 28
45 8
45 21

# solution 1265
# n=46 sym=rot4 status=verified source=flammenkamp_cache/n46_rot4.mvr
# code=mvr:0 16 0 19 1 16 1 26 2 21 2 41 3 17 3 27 
0 16
0 19
1 16
1 26
2 21
2 41
3 17
3 27
4 2
4 34
5 31
5 37
6 7
6 12
7 21
7 39
8 5
8 9
9 32
9 37
10 28
10 31
11 4
11 22
12 23
12 39
13 9
13 15
14 5
14 10
15 18
15 32
16 44
16 45
17 10
17 42
18 3
18 30
19 1
19 45
20 20
20 25
21 38
21 43
22 12
22 34
23 11
23 33
24 2
24 7
25 20
25 25
26 0
26 44
27 15
27 42
28 3
28 35
29 0
29 1
30 13
30 27
31 35
31 40
32 30
32 36
33 6
33 22
34 23
34 41
35 14
35 17
36 8
36 13
37 36
37 40
38 6
38 24
39 33
39 38
40 8
40 14
41 11
41 43
42 18
42 28
43 4
43 24
44 19
44 29
45 26
45 29

# solution 1266
# n=46 sym=rot4 status=verified source=flammenkamp_cache/n46_rot4.mvr
# code=mvr:0 19 0 22 1 16 1 20 2 11 2 30 3 32 3 36 
0 19
0 22
1 16
1 20
2 11
2 30
3 32
3 36
4 29
4 39
5 8
5 14
6 4
6 21
7 24
7 36
8 14
8 40
9 3
9 7
10 10
10 35
11 33
11 43
12 11
12 17
13 3
13 25
14 37
14 40
15 2
15 26
16 4
16 44
17 18
17 33
18 23
18 28
19 15
19 45
20 13
20 44
21 7
21 39
22 18
22 45
23 0
23 27
24 6
24 38
25 1
25 32
26 0
26 30
27 17
27 22
28 12
28 27
29 1
29 41
30 19
30 43
31 5
31 8
32 20
32 42
33 28
33 34
34 2
34 12
35 10
35 35
36 38
36 42
37 5
37 31
38 9
38 21
39 24
39 41
40 31
40 37
41 6
41 16
42 9
42 13
43 15
43 34
44 25
44 29
45 23
45 26

# solution 1267
# n=46 sym=rot4 status=verified source=flammenkamp_cache/n46_rot4.mvr
# code=mvr:0 13 0 22 1 19 1 29 2 8 2 14 3 12 3 34 4
0 13
0 22
1 19
1 29
2 8
2 14
3 12
3 34
4 5
4 26
5 36
5 41
6 7
6 20
7 21
7 39
8 27
8 43
9 5
9 25
10 10
10 35
11 3
11 16
12 17
12 42
13 15
13 45
14 23
14 43
15 28
15 32
16 1
16 34
17 15
17 33
18 8
18 24
19 4
19 44
20 9
20 39
21 18
21 38
22 14
22 45
23 0
23 31
24 7
24 27
25 6
25 36
26 1
26 41
27 21
27 37
28 12
28 30
29 11
29 44
30 13
30 17
31 2
31 22
32 0
32 30
33 3
33 28
34 29
34 42
35 10
35 35
36 20
36 40
37 2
37 18
38 6
38 24
39 25
39 38
40 4
40 9
41 19
41 40
42 11
42 33
43 31
43 37
44 16
44 26
45 23
45 32

# solution 1268
# n=46 sym=rot4 status=verified source=flammenkamp_cache/n46_rot4.mvr
# code=mvr:0 31 0 35 1 19 1 25 2 23 2 27 3 16 3 41 
0 31
0 35
1 19
1 25
2 23
2 27
3 16
3 41
4 3
4 8
5 14
5 38
6 33
6 36
7 5
7 30
8 17
8 41
9 6
9 12
10 0
10 23
11 17
11 27
12 6
12 36
13 24
13 25
14 0
14 40
15 7
15 16
16 30
16 42
17 34
17 37
18 2
18 11
19 24
19 44
20 1
20 13
21 13
21 19
22 2
22 10
23 35
23 43
24 26
24 32
25 32
25 44
26 1
26 21
27 34
27 43
28 8
28 11
29 3
29 15
30 29
30 38
31 5
31 45
32 20
32 21
33 9
33 39
34 18
34 28
35 22
35 45
36 33
36 39
37 4
37 28
38 15
38 40
39 9
39 12
40 7
40 31
41 37
41 42
42 4
42 29
43 18
43 22
44 20
44 26
45 10
45 14

# solution 1269
# n=46 sym=rot4 status=verified source=flammenkamp_cache/n46_rot4.mvr
# code=mvr:0 23 0 38 1 17 1 32 2 18 2 28 3 29 3 40 
0 23
0 38
1 17
1 32
2 18
2 28
3 29
3 40
4 11
4 23
5 3
5 10
6 15
6 33
7 0
7 25
8 18
8 20
9 12
9 19
10 31
10 40
11 31
11 41
12 6
12 36
13 1
13 24
14 10
14 11
15 29
15 39
16 3
16 15
17 2
17 44
18 37
18 43
19 24
19 36
20 7
20 37
21 13
21 19
22 0
22 4
23 41
23 45
24 26
24 32
25 8
25 38
26 9
26 21
27 2
27 8
28 1
28 43
29 30
29 42
30 6
30 16
31 34
31 35
32 21
32 44
33 9
33 39
34 4
34 14
35 5
35 14
36 26
36 33
37 25
37 27
38 20
38 45
39 12
39 30
40 35
40 42
41 22
41 34
42 5
42 16
43 17
43 27
44 13
44 28
45 7
45 22

# solution 1270
# n=46 sym=rot4 status=verified source=flammenkamp_cache/n46_rot4.mvr
# code=mvr:0 21 0 40 1 20 1 21 2 10 2 28 3 7 3 37 4
0 21
0 40
1 20
1 21
2 10
2 28
3 7
3 37
4 18
4 29
5 0
5 27
6 31
6 38
7 6
7 42
8 3
8 36
9 8
9 15
10 20
10 43
11 23
11 31
12 15
12 29
13 23
13 26
14 6
14 11
15 33
15 36
16 4
16 12
17 2
17 26
18 5
18 41
19 13
19 17
20 35
20 44
21 44
21 45
22 11
22 13
23 32
23 34
24 0
24 1
25 1
25 10
26 28
26 32
27 4
27 40
28 19
28 43
29 33
29 41
30 9
30 12
31 34
31 39
32 19
32 22
33 16
33 30
34 14
34 22
35 2
35 25
36 30
36 37
37 9
37 42
38 3
38 39
39 7
39 14
40 18
40 45
41 16
41 27
42 8
42 38
43 17
43 35
44 24
44 25
45 5
45 24

# solution 1271
# n=46 sym=rot4 status=verified source=flammenkamp_cache/n46_rot4.mvr
# code=mvr:0 14 0 16 1 10 1 24 2 19 2 27 3 32 3 35 
0 14
0 16
1 10
1 24
2 19
2 27
3 32
3 35
4 5
4 27
5 6
5 41
6 14
6 40
7 33
7 34
8 16
8 25
9 12
9 15
10 3
10 44
11 7
11 21
12 7
12 36
13 3
13 25
14 39
14 45
15 28
15 36
16 37
16 45
17 15
17 23
18 2
18 4
19 23
19 43
20 8
20 13
21 1
21 34
22 17
22 19
23 26
23 28
24 11
24 44
25 32
25 37
26 2
26 22
27 41
27 43
28 22
28 30
29 0
29 8
30 9
30 17
31 0
31 6
32 20
32 42
33 9
33 38
34 24
34 38
35 1
35 42
36 30
36 33
37 20
37 29
38 11
38 12
39 5
39 31
40 4
40 39
41 18
41 40
42 10
42 13
43 18
43 26
44 21
44 35
45 29
45 31

# solution 1272
# n=46 sym=rot4 status=verified source=flammenkamp_cache/n46_rot4.mvr
# code=mvr:0 25 0 31 1 12 1 21 2 10 2 13 3 21 3 27 
0 25
0 31
1 12
1 21
2 10
2 13
3 21
3 27
4 13
4 25
5 7
5 36
6 9
6 10
7 22
7 40
8 27
8 30
9 5
9 39
10 39
10 43
11 16
11 33
12 11
12 44
13 41
13 43
14 0
14 26
15 8
15 23
16 28
16 34
17 16
17 26
18 3
18 8
19 14
19 17
20 0
20 4
21 42
21 44
22 15
22 38
23 7
23 30
24 1
24 3
25 41
25 45
26 28
26 31
27 37
27 42
28 19
28 29
29 11
29 17
30 22
30 37
31 19
31 45
32 2
32 4
33 1
33 34
34 12
34 29
35 2
35 6
36 6
36 40
37 15
37 18
38 5
38 23
39 35
39 36
40 9
40 38
41 20
41 32
42 18
42 24
43 32
43 35
44 24
44 33
45 14
45 20

# solution 1273
# n=46 sym=rot4 status=verified source=flammenkamp_cache/n46_rot4.mvr
# code=mvr:0 12 0 21 1 7 1 12 2 26 2 29 3 22 3 34 4
0 12
0 21
1 7
1 12
2 26
2 29
3 22
3 34
4 7
4 25
5 13
5 17
6 6
6 39
7 41
7 44
8 30
8 36
9 8
9 10
10 25
10 36
11 3
11 29
12 44
12 45
13 30
13 40
14 18
14 21
15 8
15 13
16 2
16 11
17 26
17 40
18 23
18 31
19 2
19 17
20 4
20 10
21 31
21 45
22 18
22 42
23 3
23 27
24 0
24 14
25 35
25 41
26 28
26 43
27 14
27 22
28 5
28 19
29 34
29 43
30 32
30 37
31 24
31 27
32 5
32 15
33 0
33 1
34 16
34 42
35 9
35 20
36 35
36 37
37 9
37 15
38 1
38 4
39 6
39 39
40 28
40 32
41 20
41 38
42 11
42 23
43 16
43 19
44 33
44 38
45 24
45 33

# solution 1274
# n=46 sym=rot4 status=verified source=flammenkamp_cache/n46_rot4.mvr
# code=mvr:0 12 0 27 1 9 1 12 2 17 2 34 3 23 3 37 4
0 12
0 27
1 9
1 12
2 17
2 34
3 23
3 37
4 25
4 32
5 11
5 18
6 6
6 39
7 9
7 26
8 3
8 21
9 38
9 44
10 13
10 31
11 2
11 40
12 44
12 45
13 4
13 35
14 10
14 16
15 20
15 23
16 26
16 31
17 21
17 43
18 0
18 40
19 7
19 16
20 4
20 30
21 28
21 37
22 3
22 15
23 30
23 42
24 8
24 17
25 15
25 41
26 29
26 38
27 5
27 45
28 2
28 24
29 14
29 19
30 22
30 25
31 29
31 35
32 10
32 41
33 0
33 1
34 5
34 43
35 14
35 32
36 1
36 7
37 24
37 42
38 19
38 36
39 6
39 39
40 27
40 34
41 13
41 20
42 8
42 22
43 11
43 28
44 33
44 36
45 18
45 33

# solution 1275
# n=46 sym=rot4 status=verified source=flammenkamp_cache/n46_rot4.mvr
# code=mvr:0 20 0 35 1 19 1 27 2 15 2 32 3 9 3 34 4
0 20
0 35
1 19
1 27
2 15
2 32
3 9
3 34
4 6
4 27
5 14
5 24
6 36
6 41
7 16
7 23
8 20
8 32
9 6
9 42
10 0
10 11
11 3
11 35
12 15
12 19
13 2
13 8
14 16
14 40
15 33
15 43
16 31
16 38
17 23
17 24
18 1
18 4
19 33
19 44
20 37
20 45
21 5
21 17
22 7
22 17
23 28
23 38
24 28
24 40
25 0
25 8
26 1
26 12
27 41
27 44
28 21
28 22
29 7
29 14
30 2
30 12
31 5
31 29
32 37
32 43
33 26
33 30
34 10
34 42
35 34
35 45
36 3
36 39
37 13
37 25
38 22
38 29
39 4
39 9
40 21
40 31
41 18
41 39
42 11
42 36
43 13
43 30
44 18
44 26
45 10
45 25

# solution 1276
# n=46 sym=rot4 status=verified source=flammenkamp_cache/n46_rot4.mvr
# code=mvr:0 12 0 19 1 28 1 31 2 9 2 22 3 18 3 37 4
0 12
0 19
1 28
1 31
2 9
2 22
3 18
3 37
4 16
4 24
5 32
5 33
6 14
6 25
7 8
7 16
8 3
8 38
9 18
9 43
10 11
10 21
11 32
11 35
12 5
12 45
13 5
13 11
14 1
14 39
15 25
15 28
16 38
16 41
17 1
17 15
18 36
18 42
19 23
19 45
20 6
20 15
21 4
21 35
22 19
22 43
23 2
23 26
24 10
24 41
25 30
25 39
26 0
26 22
27 3
27 9
28 30
28 44
29 4
29 7
30 17
30 20
31 6
31 44
32 34
32 40
33 0
33 40
34 10
34 13
35 24
35 34
36 2
36 27
37 7
37 42
38 29
38 37
39 20
39 31
40 12
40 13
41 21
41 29
42 8
42 27
43 23
43 36
44 14
44 17
45 26
45 33

# solution 1277
# n=46 sym=rot4 status=verified source=flammenkamp_cache/n46_rot4.mvr
# code=mvr:0 20 0 26 1 15 1 32 2 11 2 15 3 24 3 25 
0 20
0 26
1 15
1 32
2 11
2 15
3 24
3 25
4 31
4 32
5 34
5 36
6 7
6 9
7 23
7 39
8 10
8 16
9 5
9 39
10 17
10 37
11 5
11 43
12 23
12 28
13 1
13 4
14 4
14 16
15 43
15 44
16 31
16 37
17 12
17 35
18 24
18 26
19 0
19 18
20 3
20 45
21 3
21 18
22 7
22 12
23 33
23 38
24 27
24 42
25 0
25 42
26 27
26 45
27 19
27 21
28 10
28 33
29 8
29 14
30 1
30 2
31 29
31 41
32 41
32 44
33 17
33 22
34 2
34 40
35 8
35 28
36 6
36 40
37 29
37 35
38 6
38 22
39 36
39 38
40 9
40 11
41 13
41 14
42 20
42 21
43 30
43 34
44 13
44 30
45 19
45 25

# solution 1278
# n=46 sym=rot4 status=verified source=flammenkamp_cache/n46_rot4.mvr
# code=mvr:0 25 0 27 1 34 1 37 2 14 2 15 3 18 3 23 
0 25
0 27
1 34
1 37
2 14
2 15
3 18
3 23
4 6
4 12
5 7
5 32
6 23
6 41
7 10
7 40
8 1
8 11
9 26
9 31
10 29
10 38
11 1
11 37
12 28
12 41
13 5
13 26
14 9
14 43
15 16
15 43
16 10
16 30
17 12
17 24
18 0
18 42
19 9
19 13
20 0
20 21
21 17
21 25
22 3
22 6
23 39
23 42
24 20
24 28
25 24
25 45
26 32
26 36
27 3
27 45
28 21
28 33
29 15
29 35
30 2
30 29
31 2
31 36
32 19
32 40
33 4
33 17
34 8
34 44
35 7
35 16
36 14
36 19
37 34
37 44
38 5
38 35
39 4
39 22
40 13
40 38
41 33
41 39
42 22
42 27
43 30
43 31
44 8
44 11
45 18
45 20

# solution 1279
# n=46 sym=rot4 status=verified source=flammenkamp_cache/n46_rot4.mvr
# code=mvr:0 9 0 20 1 21 1 29 2 27 2 37 3 18 3 30 4
0 9
0 20
1 21
1 29
2 27
2 37
3 18
3 30
4 10
4 15
5 5
5 40
6 22
6 29
7 14
7 34
8 2
8 9
9 37
9 45
10 32
10 41
11 7
11 33
12 11
12 23
13 10
13 20
14 28
14 38
15 3
15 41
16 1
16 6
17 14
17 19
18 2
18 42
19 21
19 28
20 32
20 45
21 26
21 44
22 12
22 39
23 6
23 33
24 1
24 19
25 0
25 13
26 17
26 24
27 3
27 43
28 26
28 31
29 39
29 44
30 4
30 42
31 7
31 17
32 25
32 35
33 22
33 34
34 12
34 38
35 4
35 13
36 0
36 8
37 36
37 43
38 11
38 31
39 16
39 23
40 5
40 40
41 30
41 35
42 15
42 27
43 8
43 18
44 16
44 24
45 25
45 36

# solution 1280
# n=46 sym=rot4 status=verified source=flammenkamp_cache/n46_rot4.mvr
# code=mvr:0 16 0 23 1 18 1 37 2 28 2 32 3 7 3 14 4
0 16
0 23
1 18
1 37
2 28
2 32
3 7
3 14
4 5
4 23
5 30
5 41
6 9
6 34
7 32
7 42
8 1
8 16
9 21
9 39
10 14
10 18
11 6
11 25
12 24
12 26
13 2
13 7
14 35
14 42
15 5
15 17
16 37
16 45
17 2
17 30
18 35
18 44
19 12
19 20
20 11
20 26
21 12
21 36
22 0
22 4
23 41
23 45
24 9
24 33
25 19
25 34
26 25
26 33
27 1
27 10
28 15
28 43
29 0
29 8
30 28
30 40
31 3
31 10
32 38
32 43
33 19
33 21
34 20
34 39
35 27
35 31
36 6
36 24
37 29
37 44
38 3
38 13
39 11
39 36
40 4
40 15
41 22
41 40
42 31
42 38
43 13
43 17
44 8
44 27
45 22
45 29

# solution 1281
# n=46 sym=rot4 status=verified source=flammenkamp_cache/n46_rot4.mvr
# code=mvr:0 30 0 33 1 24 1 27 2 16 2 23 3 20 3 35 
0 30
0 33
1 24
1 27
2 16
2 23
3 20
3 35
4 8
4 27
5 5
5 40
6 8
6 30
7 13
7 19
8 39
8 41
9 31
9 35
10 3
10 9
11 13
11 21
12 0
12 28
13 34
13 38
14 9
14 23
15 0
15 6
16 19
16 43
17 12
17 20
18 1
18 4
19 29
19 38
20 28
20 42
21 1
21 34
22 2
22 14
23 31
23 43
24 11
24 44
25 3
25 17
26 7
26 16
27 41
27 44
28 25
28 33
29 2
29 26
30 39
30 45
31 22
31 36
32 7
32 11
33 17
33 45
34 24
34 32
35 36
35 42
36 10
36 14
37 4
37 6
38 26
38 32
39 15
39 37
40 5
40 40
41 18
41 37
42 10
42 25
43 22
43 29
44 18
44 21
45 12
45 15

# solution 1282
# n=46 sym=rot4 status=verified source=flammenkamp_cache/n46_rot4.mvr
# code=mvr:0 10 0 21 1 27 1 30 2 15 2 20 3 14 3 20 
0 10
0 21
1 27
1 30
2 15
2 20
3 14
3 20
4 17
4 36
5 26
5 28
6 8
6 10
7 33
7 37
8 7
8 39
9 4
9 24
10 39
10 45
11 27
11 33
12 7
12 11
13 13
13 32
14 29
14 42
15 1
15 43
16 14
16 22
17 5
17 41
18 1
18 11
19 5
19 23
20 42
20 43
21 9
21 45
22 19
22 29
23 16
23 26
24 0
24 36
25 2
25 3
26 22
26 40
27 34
27 44
28 4
28 40
29 23
29 31
30 2
30 44
31 3
31 16
32 13
32 32
33 34
33 38
34 12
34 18
35 0
35 6
36 21
36 41
37 6
37 38
38 8
38 12
39 35
39 37
40 17
40 19
41 9
41 28
42 25
42 31
43 25
43 30
44 15
44 18
45 24
45 35

# solution 1283
# n=46 sym=rot4 status=verified source=flammenkamp_cache/n46_rot4.mvr
# code=mvr:0 7 0 27 1 21 1 33 2 18 2 23 3 16 3 28 4
0 7
0 27
1 21
1 33
2 18
2 23
3 16
3 28
4 7
4 23
5 16
5 31
6 12
6 34
7 41
7 45
8 8
8 37
9 24
9 32
10 13
10 20
11 6
11 30
12 1
12 39
13 9
13 35
14 5
14 30
15 11
15 14
16 40
16 42
17 3
17 26
18 0
18 43
19 17
19 20
20 26
20 35
21 9
21 44
22 2
22 4
23 41
23 43
24 1
24 36
25 10
25 19
26 25
26 28
27 2
27 45
28 19
28 42
29 3
29 5
30 31
30 34
31 15
31 40
32 10
32 36
33 6
33 44
34 15
34 39
35 25
35 32
36 13
36 21
37 8
37 37
38 0
38 4
39 11
39 33
40 14
40 29
41 22
41 38
42 17
42 29
43 22
43 27
44 12
44 24
45 18
45 38

# solution 1284
# n=46 sym=rot4 status=verified source=flammenkamp_cache/n46_rot4.mvr
# code=mvr:0 16 0 20 1 23 1 28 2 17 2 19 3 30 3 34 
0 16
0 20
1 23
1 28
2 17
2 19
3 30
3 34
4 33
4 35
5 31
5 38
6 16
6 36
7 5
7 8
8 26
8 38
9 6
9 13
10 4
10 24
11 3
11 20
12 4
12 13
13 33
13 36
14 5
14 24
15 3
15 27
16 39
16 45
17 1
17 43
18 15
18 23
19 8
19 43
20 34
20 45
21 10
21 14
22 1
22 18
23 27
23 44
24 31
24 35
25 0
25 11
26 2
26 37
27 22
27 30
28 2
28 44
29 0
29 6
30 18
30 42
31 21
31 40
32 9
32 12
33 32
33 41
34 25
34 42
35 21
35 41
36 32
36 39
37 7
37 19
38 37
38 40
39 9
39 29
40 7
40 14
41 10
41 12
42 11
42 15
43 26
43 28
44 17
44 22
45 25
45 29

# solution 1285
# n=46 sym=rot4 status=verified source=flammenkamp_cache/n46_rot4.mvr
# code=mvr:0 17 0 19 1 24 1 37 2 14 2 30 3 27 3 41 
0 17
0 19
1 24
1 37
2 14
2 30
3 27
3 41
4 3
4 20
5 5
5 40
6 16
6 33
7 11
7 36
8 1
8 16
9 7
9 33
10 28
10 32
11 20
11 38
12 6
12 9
13 10
13 22
14 30
14 43
15 2
15 14
16 37
16 39
17 10
17 45
18 3
18 23
19 24
19 45
20 34
20 41
21 1
21 19
22 18
22 32
23 13
23 27
24 26
24 44
25 4
25 11
26 0
26 21
27 22
27 42
28 0
28 35
29 6
29 8
30 31
30 43
31 2
31 15
32 23
32 35
33 36
33 39
34 7
34 25
35 13
35 17
36 12
36 38
37 29
37 44
38 9
38 34
39 12
39 29
40 5
40 40
41 25
41 42
42 4
42 18
43 15
43 31
44 8
44 21
45 26
45 28

# solution 1286
# n=46 sym=rot4 status=verified source=flammenkamp_cache/n46_rot4.mvr
# code=mvr:0 26 0 29 1 11 1 28 2 12 2 19 3 18 3 21 
0 26
0 29
1 11
1 28
2 12
2 19
3 18
3 21
4 29
4 32
5 11
5 17
6 14
6 37
7 27
7 37
8 6
8 7
9 14
9 22
10 24
10 32
11 40
11 44
12 20
12 43
13 4
13 10
14 36
14 39
15 15
15 30
16 0
16 4
17 1
17 40
18 7
18 42
19 0
19 43
20 23
20 33
21 10
21 42
22 20
22 36
23 9
23 25
24 3
24 35
25 12
25 22
26 2
26 45
27 3
27 38
28 5
28 44
29 41
29 45
30 15
30 30
31 6
31 9
32 35
32 41
33 2
33 25
34 1
34 5
35 13
35 21
36 23
36 31
37 38
37 39
38 8
38 18
39 8
39 31
40 28
40 34
41 13
41 16
42 24
42 27
43 26
43 33
44 17
44 34
45 16
45 19

# solution 1287
# n=46 sym=rot4 status=verified source=flammenkamp_cache/n46_rot4.mvr
# code=mvr:0 14 0 23 1 19 1 30 2 23 2 25 3 9 3 18 4
0 14
0 23
1 19
1 30
2 23
2 25
3 9
3 18
4 30
4 33
5 5
5 40
6 14
6 36
7 33
7 35
8 21
8 27
9 6
9 42
10 7
10 16
11 24
11 32
12 4
12 7
13 11
13 17
14 39
14 45
15 1
15 4
16 20
16 35
17 26
17 32
18 8
18 42
19 17
19 44
20 2
20 29
21 11
21 37
22 0
22 2
23 43
23 45
24 8
24 34
25 16
25 43
26 1
26 28
27 3
27 37
28 13
28 19
29 10
29 25
30 41
30 44
31 0
31 6
32 28
32 34
33 38
33 41
34 13
34 21
35 29
35 38
36 3
36 39
37 18
37 24
38 10
38 12
39 9
39 31
40 5
40 40
41 12
41 15
42 27
42 36
43 20
43 22
44 15
44 26
45 22
45 31

# solution 1288
# n=46 sym=rot4 status=verified source=flammenkamp_cache/n46_rot4.mvr
# code=mvr:0 23 0 27 1 16 1 25 2 13 2 39 3 23 3 39 
0 23
0 27
1 16
1 25
2 13
2 39
3 23
3 39
4 24
4 30
5 28
5 35
6 2
6 3
7 14
7 28
8 34
8 35
9 14
9 19
10 5
10 8
11 8
11 32
12 19
12 27
13 11
13 43
14 36
14 38
15 4
15 16
16 30
16 44
17 5
17 7
18 0
18 12
19 33
19 36
20 1
20 21
21 4
21 25
22 0
22 3
23 42
23 45
24 20
24 41
25 24
25 44
26 9
26 12
27 33
27 45
28 38
28 40
29 1
29 15
30 29
30 41
31 7
31 9
32 2
32 34
33 18
33 26
34 13
34 37
35 37
35 40
36 26
36 31
37 10
37 11
38 17
38 31
39 42
39 43
40 10
40 17
41 15
41 21
42 6
42 22
43 6
43 32
44 20
44 29
45 18
45 22

# solution 1289
# n=46 sym=rot4 status=verified source=flammenkamp_cache/n46_rot4.mvr
# code=mvr:0 12 0 35 1 14 1 20 2 17 2 42 3 2 3 17 4
0 12
0 35
1 14
1 20
2 17
2 42
3 2
3 17
4 6
4 26
5 23
5 32
6 18
6 41
7 34
7 35
8 21
8 31
9 13
9 33
10 0
10 7
11 7
11 18
12 9
12 45
13 5
13 36
14 8
14 44
15 20
15 29
16 15
16 23
17 42
17 43
18 34
18 39
19 4
19 24
20 30
20 44
21 19
21 37
22 5
22 16
23 29
23 40
24 8
24 26
25 1
25 15
26 21
26 41
27 6
27 11
28 2
28 3
29 22
29 30
30 16
30 25
31 1
31 37
32 9
32 40
33 0
33 36
34 27
34 38
35 38
35 45
36 12
36 32
37 14
37 24
38 10
38 11
39 4
39 27
40 13
40 22
41 19
41 39
42 28
42 43
43 3
43 28
44 25
44 31
45 10
45 33

# solution 1290
# n=46 sym=rot4 status=verified source=flammenkamp_cache/n46_rot4.mvr
# code=mvr:0 27 0 37 1 16 1 22 2 15 2 26 3 32 3 33 
0 27
0 37
1 16
1 22
2 15
2 26
3 32
3 33
4 23
4 26
5 6
5 9
6 32
6 40
7 15
7 28
8 0
8 21
9 10
9 40
10 21
10 36
11 28
11 31
12 3
12 31
13 3
13 6
14 11
14 12
15 38
15 43
16 18
16 44
17 7
17 11
18 0
18 29
19 2
19 4
20 20
20 25
21 35
21 37
22 4
22 44
23 1
23 41
24 8
24 10
25 20
25 25
26 41
26 43
27 16
27 45
28 34
28 38
29 1
29 27
30 2
30 7
31 33
31 34
32 39
32 42
33 14
33 42
34 14
34 17
35 9
35 24
36 5
36 35
37 24
37 45
38 17
38 30
39 5
39 13
40 36
40 39
41 19
41 22
42 12
42 13
43 19
43 30
44 23
44 29
45 8
45 18

# solution 1291
# n=46 sym=rot4 status=verified source=flammenkamp_cache/n46_rot4.mvr
# code=mvr:0 23 0 29 1 5 1 26 2 12 2 17 3 18 3 37 4
0 23
0 29
1 5
1 26
2 12
2 17
3 18
3 37
4 12
4 23
5 7
5 44
6 25
6 30
7 24
7 40
8 3
8 21
9 14
9 16
10 10
10 35
11 28
11 31
12 41
12 43
13 19
13 20
14 11
14 36
15 6
15 27
16 0
16 36
17 11
17 43
18 15
18 42
19 1
19 32
20 6
20 32
21 7
21 37
22 0
22 4
23 41
23 45
24 8
24 38
25 13
25 39
26 13
26 44
27 3
27 30
28 2
28 34
29 9
29 45
30 18
30 39
31 9
31 34
32 25
32 26
33 2
33 4
34 14
34 17
35 10
35 35
36 29
36 31
37 24
37 42
38 5
38 21
39 15
39 20
40 1
40 38
41 22
41 33
42 8
42 27
43 28
43 33
44 19
44 40
45 16
45 22

# solution 1292
# n=46 sym=rot4 status=verified source=flammenkamp_cache/n46_rot4.mvr
# code=mvr:0 26 0 33 1 15 1 19 2 18 2 20 3 23 3 35 
0 26
0 33
1 15
1 19
2 18
2 20
3 23
3 35
4 13
4 17
5 7
5 28
6 10
6 33
7 16
7 40
8 21
8 29
9 9
9 36
10 3
10 39
11 13
11 31
12 0
12 6
13 34
13 41
14 11
14 21
15 25
15 44
16 8
16 38
17 5
17 41
18 23
18 43
19 0
19 44
20 15
20 43
21 31
21 37
22 3
22 18
23 27
23 42
24 8
24 14
25 2
25 30
26 1
26 45
27 2
27 22
28 4
28 40
29 7
29 37
30 1
30 20
31 24
31 34
32 4
32 11
33 39
33 45
34 14
34 32
35 6
35 42
36 9
36 36
37 16
37 24
38 5
38 29
39 12
39 35
40 17
40 38
41 28
41 32
42 10
42 22
43 25
43 27
44 26
44 30
45 12
45 19

# solution 1293
# n=46 sym=rot4 status=verified source=flammenkamp_cache/n46_rot4.mvr
# code=mvr:0 12 0 26 1 15 1 29 2 26 2 33 3 22 3 28 
0 12
0 26
1 15
1 29
2 26
2 33
3 22
3 28
4 8
4 16
5 6
5 13
6 23
6 40
7 9
7 34
8 14
8 41
9 20
9 38
10 15
10 28
11 7
11 21
12 2
12 45
13 31
13 40
14 13
14 37
15 35
15 44
16 1
16 41
17 3
17 10
18 20
18 24
19 0
19 2
20 27
20 36
21 18
21 34
22 6
22 42
23 3
23 39
24 11
24 27
25 9
25 18
26 43
26 45
27 21
27 25
28 35
28 42
29 4
29 44
30 1
30 10
31 8
31 32
32 5
32 14
33 0
33 43
34 24
34 38
35 17
35 30
36 7
36 25
37 4
37 31
38 11
38 36
39 5
39 22
40 32
40 39
41 29
41 37
42 17
42 23
43 12
43 19
44 16
44 30
45 19
45 33

# solution 1294
# n=46 sym=rot4 status=verified source=flammenkamp_cache/n46_rot4.mvr
# code=mvr:0 20 0 35 1 17 1 34 2 17 2 25 3 12 3 37 
0 20
0 35
1 17
1 34
2 17
2 25
3 12
3 37
4 27
4 38
5 12
5 29
6 19
6 34
7 4
7 14
8 3
8 22
9 9
9 36
10 0
10 18
11 1
11 6
12 40
12 42
13 29
13 31
14 13
14 38
15 21
15 26
16 5
16 13
17 43
17 44
18 4
18 35
19 15
19 39
20 2
20 45
21 23
21 30
22 21
22 37
23 8
23 24
24 15
24 22
25 0
25 43
26 6
26 30
27 10
27 41
28 1
28 2
29 32
29 40
30 19
30 24
31 7
31 32
32 14
32 16
33 3
33 5
34 39
34 44
35 27
35 45
36 9
36 36
37 23
37 42
38 31
38 41
39 11
39 26
40 16
40 33
41 7
41 18
42 8
42 33
43 20
43 28
44 11
44 28
45 10
45 25

# solution 1295
# n=46 sym=rot4 status=verified source=flammenkamp_cache/n46_rot4.mvr
# code=mvr:0 8 0 17 1 7 1 18 2 27 2 31 3 4 3 26 4 3
0 8
0 17
1 7
1 18
2 27
2 31
3 4
3 26
4 36
4 42
5 19
5 30
6 10
6 30
7 29
7 44
8 13
8 45
9 4
9 24
10 17
10 39
11 24
11 31
12 13
12 20
13 33
13 37
14 2
14 11
15 5
15 6
16 7
16 22
17 35
17 45
18 2
18 44
19 3
19 40
20 23
20 33
21 9
21 11
22 20
22 29
23 16
23 25
24 34
24 36
25 12
25 22
26 5
26 42
27 1
27 43
28 0
28 10
29 23
29 38
30 39
30 40
31 34
31 43
32 8
32 12
33 25
33 32
34 14
34 21
35 6
35 28
36 21
36 41
37 0
37 32
38 1
38 16
39 15
39 35
40 15
40 26
41 3
41 9
42 19
42 41
43 14
43 18
44 27
44 38
45 28
45 37

# solution 1296
# n=46 sym=rot4 status=verified source=flammenkamp_cache/n46_rot4.mvr
# code=mvr:0 14 0 20 1 16 1 28 2 10 2 25 3 12 3 32 
0 14
0 20
1 16
1 28
2 10
2 25
3 12
3 32
4 8
4 24
5 15
5 22
6 7
6 9
7 36
7 39
8 31
8 41
9 7
9 39
10 19
10 43
11 12
11 26
12 34
12 42
13 3
13 18
14 8
14 45
15 18
15 40
16 23
16 44
17 1
17 24
18 30
18 32
19 11
19 35
20 2
20 45
21 4
21 17
22 16
22 40
23 5
23 29
24 28
24 41
25 0
25 43
26 10
26 34
27 13
27 15
28 21
28 44
29 1
29 22
30 5
30 27
31 0
31 37
32 27
32 42
33 3
33 11
34 19
34 33
35 2
35 26
36 6
36 38
37 4
37 14
38 6
38 9
39 36
39 38
40 23
40 30
41 21
41 37
42 13
42 33
43 20
43 35
44 17
44 29
45 25
45 31

# solution 1297
# n=46 sym=rot4 status=verified source=flammenkamp_cache/n46_rot4.mvr
# code=mvr:0 24 0 34 1 25 1 31 2 17 2 22 3 17 3 38 
0 24
0 34
1 25
1 31
2 17
2 22
3 17
3 38
4 8
4 31
5 23
5 35
6 32
6 34
7 3
7 15
8 36
8 41
9 8
9 20
10 5
10 29
11 0
11 6
12 21
12 27
13 6
13 15
14 1
14 4
15 32
15 38
16 10
16 19
17 42
17 43
18 12
18 26
19 18
19 29
20 1
20 36
21 0
21 33
22 5
22 43
23 2
23 40
24 12
24 45
25 9
25 44
26 16
26 27
27 19
27 33
28 2
28 3
29 26
29 35
30 7
30 13
31 41
31 44
32 30
32 39
33 18
33 24
34 39
34 45
35 16
35 40
36 25
36 37
37 4
37 9
38 30
38 42
39 11
39 13
40 10
40 22
41 14
41 37
42 7
42 28
43 23
43 28
44 14
44 20
45 11
45 21

# solution 1298
# n=46 sym=rot4 status=verified source=flammenkamp_cache/n46_rot4.mvr
# code=mvr:0 16 0 34 1 26 1 29 2 14 2 32 3 9 3 20 4
0 16
0 34
1 26
1 29
2 14
2 32
3 9
3 20
4 28
4 40
5 4
5 21
6 12
6 37
7 26
7 35
8 6
8 30
9 12
9 42
10 7
10 27
11 0
11 21
12 36
12 39
13 2
13 17
14 23
14 43
15 8
15 25
16 1
16 45
17 4
17 32
18 10
18 23
19 1
19 7
20 15
20 42
21 34
21 40
22 14
22 18
23 27
23 31
24 5
24 11
25 3
25 30
26 38
26 44
27 22
27 35
28 13
28 41
29 0
29 44
30 20
30 37
31 2
31 22
32 28
32 43
33 6
33 9
34 24
34 45
35 18
35 38
36 3
36 33
37 15
37 39
38 10
38 19
39 8
39 33
40 24
40 41
41 5
41 17
42 25
42 36
43 13
43 31
44 16
44 19
45 11
45 29

# solution 1299
# n=46 sym=rot4 status=verified source=flammenkamp_cache/n46_rot4.mvr
# code=mvr:0 26 0 33 1 15 1 36 2 18 2 20 3 7 3 23 4
0 26
0 33
1 15
1 36
2 18
2 20
3 7
3 23
4 34
4 36
5 15
5 18
6 6
6 39
7 31
7 42
8 24
8 28
9 1
9 4
10 32
10 33
11 4
11 25
12 0
12 10
13 10
13 14
14 7
14 32
15 40
15 44
16 17
16 21
17 8
17 29
18 40
18 43
19 0
19 23
20 11
20 43
21 8
21 29
22 3
22 19
23 26
23 42
24 16
24 37
25 2
25 34
26 22
26 45
27 2
27 5
28 16
28 37
29 24
29 28
30 1
30 5
31 13
31 38
32 31
32 35
33 35
33 45
34 20
34 41
35 12
35 13
36 41
36 44
37 17
37 21
38 3
38 14
39 6
39 39
40 27
40 30
41 9
41 11
42 22
42 38
43 25
43 27
44 9
44 30
45 12
45 19

# solution 1300
# n=46 sym=rot4 status=verified source=flammenkamp_cache/n46_rot4.mvr
# code=mvr:0 20 0 21 1 14 1 17 2 26 2 31 3 6 3 13 4
0 20
0 21
1 14
1 17
2 26
2 31
3 6
3 13
4 30
4 36
5 13
5 23
6 11
6 42
7 25
7 35
8 12
8 27
9 4
9 15
10 7
10 19
11 12
11 39
12 34
12 37
13 40
13 42
14 2
14 44
15 4
15 36
16 18
16 23
17 24
17 44
18 8
18 29
19 2
19 35
20 7
20 45
21 17
21 45
22 5
22 16
23 29
23 40
24 0
24 28
25 0
25 38
26 10
26 43
27 16
27 37
28 1
28 21
29 22
29 27
30 9
30 41
31 1
31 43
32 3
32 5
33 8
33 11
34 6
34 33
35 26
35 38
36 30
36 41
37 18
37 33
38 10
38 20
39 3
39 34
40 22
40 32
41 9
41 15
42 32
42 39
43 14
43 19
44 28
44 31
45 24
45 25

# solution 1301
# n=46 sym=rot4 status=verified source=flammenkamp_cache/n46_rot4.mvr
# code=mvr:0 20 0 22 1 15 1 33 2 28 2 35 3 13 3 35 
0 20
0 22
1 15
1 33
2 28
2 35
3 13
3 35
4 6
4 21
5 19
5 21
6 33
6 41
7 11
7 16
8 26
8 36
9 8
9 18
10 2
10 3
11 13
11 38
12 1
12 6
13 34
13 42
14 14
14 31
15 25
15 44
16 17
16 38
17 2
17 29
18 23
18 36
19 8
19 40
20 15
20 45
21 40
21 41
22 18
22 45
23 0
23 27
24 4
24 5
25 0
25 30
26 5
26 37
27 9
27 22
28 16
28 43
29 7
29 28
30 1
30 20
31 14
31 31
32 3
32 11
33 39
33 44
34 7
34 32
35 42
35 43
36 27
36 37
37 9
37 19
38 29
38 34
39 4
39 12
40 24
40 26
41 24
41 39
42 10
42 32
43 10
43 17
44 12
44 30
45 23
45 25

# solution 1302
# n=46 sym=rot4 status=verified source=flammenkamp_cache/n46_rot4.mvr
# code=mvr:0 21 0 26 1 14 1 29 2 10 2 11 3 9 3 13 4
0 21
0 26
1 14
1 29
2 10
2 11
3 9
3 13
4 25
4 27
5 22
5 36
6 25
6 37
7 18
7 33
8 6
8 21
9 5
9 42
10 28
10 43
11 28
11 43
12 7
12 32
13 12
13 42
14 23
14 44
15 15
15 30
16 1
16 26
17 10
17 11
18 4
18 38
19 0
19 16
20 4
20 6
21 37
21 45
22 14
22 40
23 5
23 31
24 0
24 8
25 39
25 41
26 29
26 45
27 7
27 41
28 34
28 35
29 19
29 44
30 15
30 30
31 1
31 22
32 3
32 33
33 13
33 38
34 2
34 17
35 2
35 17
36 3
36 40
37 24
37 39
38 12
38 27
39 8
39 20
40 9
40 23
41 18
41 20
42 32
42 36
43 34
43 35
44 16
44 31
45 19
45 24

# solution 1303
# n=46 sym=rot4 status=verified source=flammenkamp_cache/n46_rot4.mvr
# code=mvr:0 13 0 22 1 13 1 25 2 21 2 31 3 28 3 38 
0 13
0 22
1 13
1 25
2 21
2 31
3 28
3 38
4 15
4 28
5 35
5 36
6 12
6 33
7 3
7 18
8 11
8 23
9 5
9 16
10 5
10 20
11 27
11 37
12 6
12 39
13 44
13 45
14 2
14 30
15 14
15 41
16 19
16 36
17 3
17 4
18 11
18 38
19 24
19 29
20 1
20 35
21 19
21 43
22 8
22 45
23 0
23 37
24 2
24 26
25 10
25 44
26 16
26 21
27 7
27 34
28 41
28 42
29 9
29 26
30 4
30 31
31 15
31 43
32 0
32 1
33 6
33 39
34 8
34 18
35 25
35 40
36 29
36 40
37 22
37 34
38 27
38 42
39 12
39 33
40 9
40 10
41 17
41 30
42 7
42 17
43 14
43 24
44 20
44 32
45 23
45 32

# solution 1304
# n=46 sym=rot4 status=verified source=flammenkamp_cache/n46_rot4.mvr
# code=mvr:0 11 0 16 1 13 1 30 2 20 2 24 3 8 3 36 4
0 11
0 16
1 13
1 30
2 20
2 24
3 8
3 36
4 28
4 40
5 4
5 17
6 31
6 33
7 24
7 29
8 18
8 42
9 3
9 19
10 10
10 35
11 31
11 45
12 6
12 13
13 33
13 44
14 6
14 11
15 1
15 26
16 7
16 45
17 4
17 40
18 23
18 37
19 15
19 36
20 23
20 43
21 2
21 7
22 18
22 20
23 25
23 27
24 38
24 43
25 2
25 22
26 9
26 30
27 8
27 22
28 5
28 41
29 0
29 38
30 19
30 44
31 34
31 39
32 1
32 12
33 32
33 39
34 0
34 14
35 10
35 35
36 26
36 42
37 3
37 27
38 16
38 21
39 12
39 14
40 28
40 41
41 5
41 17
42 9
42 37
43 21
43 25
44 15
44 32
45 29
45 34

# solution 1305
# n=46 sym=rot4 status=verified source=flammenkamp_cache/n46_rot4.mvr
# code=mvr:0 20 0 28 1 13 1 15 2 14 2 21 3 9 3 21 4
0 20
0 28
1 13
1 15
2 14
2 21
3 9
3 21
4 10
4 20
5 32
5 33
6 28
6 36
7 12
7 30
8 19
8 22
9 6
9 42
10 11
10 41
11 27
11 35
12 5
12 38
13 5
13 44
14 16
14 43
15 7
15 44
16 19
16 31
17 0
17 6
18 11
18 23
19 29
19 37
20 41
20 45
21 42
21 43
22 18
22 37
23 8
23 27
24 2
24 3
25 0
25 4
26 8
26 16
27 22
27 34
28 39
28 45
29 14
29 26
30 1
30 38
31 2
31 29
32 1
32 40
33 7
33 40
34 10
34 18
35 4
35 34
36 3
36 39
37 23
37 26
38 15
38 33
39 9
39 17
40 12
40 13
41 25
41 35
42 24
42 36
43 24
43 31
44 30
44 32
45 17
45 25

# solution 1306
# n=46 sym=rot4 status=verified source=flammenkamp_cache/n46_rot4.mvr
# code=mvr:0 18 0 33 1 10 1 13 2 25 2 32 3 27 3 31 
0 18
0 33
1 10
1 13
2 25
2 32
3 27
3 31
4 9
4 28
5 15
5 24
6 10
6 16
7 33
7 37
8 7
8 21
9 16
9 41
10 39
10 44
11 28
11 31
12 0
12 7
13 2
13 44
14 3
14 11
15 22
15 40
16 36
16 39
17 4
17 11
18 3
18 45
19 20
19 23
20 2
20 26
21 5
21 37
22 19
22 30
23 15
23 26
24 8
24 40
25 19
25 43
26 22
26 25
27 0
27 42
28 34
28 41
29 6
29 9
30 5
30 23
31 34
31 42
32 1
32 43
33 38
33 45
34 14
34 17
35 1
35 6
36 4
36 29
37 24
37 38
38 8
38 12
39 29
39 35
40 21
40 30
41 17
41 36
42 14
42 18
43 13
43 20
44 32
44 35
45 12
45 27

# solution 1307
# n=46 sym=rot4 status=verified source=flammenkamp_cache/n46_rot4.mvr
# code=mvr:0 13 0 23 1 20 1 38 2 9 2 20 3 17 3 28 4
0 13
0 23
1 20
1 38
2 9
2 20
3 17
3 28
4 12
4 24
5 10
5 29
6 23
6 37
7 1
7 34
8 6
8 15
9 35
9 43
10 9
10 40
11 7
11 31
12 21
12 41
13 29
13 45
14 11
14 26
15 19
15 37
16 5
16 13
17 3
17 42
18 18
18 27
19 14
19 30
20 43
20 44
21 4
21 33
22 0
22 6
23 39
23 45
24 12
24 41
25 1
25 2
26 15
26 31
27 18
27 27
28 3
28 42
29 32
29 40
30 8
30 26
31 19
31 34
32 0
32 16
33 4
33 24
34 14
34 38
35 5
35 36
36 2
36 10
37 30
37 39
38 11
38 44
39 8
39 22
40 16
40 35
41 21
41 33
42 17
42 28
43 25
43 36
44 7
44 25
45 22
45 32

# solution 1308
# n=46 sym=rot4 status=verified source=flammenkamp_cache/n46_rot4.mvr
# code=mvr:0 24 0 26 1 28 1 29 2 4 2 24 3 15 3 37 4
0 24
0 26
1 28
1 29
2 4
2 24
3 15
3 37
4 10
4 43
5 15
5 28
6 9
6 22
7 12
7 32
8 3
8 16
9 32
9 39
10 11
10 41
11 25
11 35
12 23
12 38
13 7
13 9
14 14
14 31
15 40
15 42
16 1
16 37
17 1
17 5
18 19
18 25
19 0
19 27
20 11
20 18
21 0
21 2
22 12
22 39
23 6
23 33
24 43
24 45
25 27
25 34
26 18
26 45
27 20
27 26
28 40
28 44
29 8
29 44
30 3
30 5
31 14
31 31
32 36
32 38
33 7
33 22
34 10
34 20
35 4
35 34
36 6
36 13
37 29
37 42
38 13
38 33
39 23
39 36
40 17
40 30
41 2
41 35
42 8
42 30
43 21
43 41
44 16
44 17
45 19
45 21

# solution 1309
# n=46 sym=rot4 status=verified source=flammenkamp_cache/n46_rot4.mvr
# code=mvr:0 20 0 28 1 11 1 21 2 13 2 37 3 35 3 37 
0 20
0 28
1 11
1 21
2 13
2 37
3 35
3 37
4 28
4 32
5 14
5 15
6 7
6 9
7 11
7 39
8 2
8 3
9 24
9 39
10 3
10 22
11 38
11 44
12 16
12 27
13 4
13 43
14 15
14 40
15 31
15 40
16 27
16 33
17 0
17 4
18 12
18 16
19 19
19 26
20 23
20 45
21 9
21 44
22 20
22 35
23 10
23 25
24 1
24 36
25 0
25 22
26 19
26 26
27 29
27 33
28 41
28 45
29 12
29 18
30 5
30 14
31 5
31 30
32 2
32 41
33 18
33 29
34 1
34 7
35 23
35 42
36 6
36 21
37 42
37 43
38 6
38 34
39 36
39 38
40 30
40 31
41 13
41 17
42 8
42 10
43 8
43 32
44 24
44 34
45 17
45 25

# solution 1310
# n=46 sym=rot4 status=verified source=flammenkamp_cache/n46_rot4.mvr
# code=mvr:0 18 0 30 1 23 1 24 2 14 2 32 3 18 3 28 
0 18
0 30
1 23
1 24
2 14
2 32
3 18
3 28
4 9
4 35
5 5
5 40
6 7
6 23
7 14
7 39
8 9
8 33
9 37
9 41
10 4
10 16
11 20
11 30
12 8
12 25
13 2
13 16
14 38
14 43
15 0
15 11
16 32
16 35
17 3
17 19
18 42
18 45
19 24
19 28
20 12
20 34
21 1
21 19
22 1
22 6
23 39
23 44
24 26
24 44
25 11
25 33
26 17
26 21
27 0
27 3
28 26
28 42
29 10
29 13
30 34
30 45
31 2
31 7
32 29
32 43
33 20
33 37
34 15
34 25
35 29
35 41
36 4
36 8
37 12
37 36
38 6
38 31
39 22
39 38
40 5
40 40
41 10
41 36
42 17
42 27
43 13
43 31
44 21
44 22
45 15
45 27

# solution 1311
# n=46 sym=rot4 status=verified source=flammenkamp_cache/n46_rot4.mvr
# code=mvr:0 21 0 30 1 7 1 27 2 11 2 20 3 25 3 35 4
0 21
0 30
1 7
1 27
2 11
2 20
3 25
3 35
4 16
4 40
5 4
5 16
6 8
6 13
7 30
7 44
8 33
8 39
9 24
9 28
10 3
10 19
11 31
11 43
12 8
12 31
13 27
13 39
14 11
14 12
15 0
15 7
16 40
16 41
17 9
17 23
18 1
18 13
19 23
19 35
20 3
20 43
21 9
21 45
22 17
22 19
23 26
23 28
24 0
24 36
25 2
25 42
26 10
26 22
27 32
27 44
28 22
28 36
29 4
29 5
30 38
30 45
31 33
31 34
32 6
32 18
33 14
33 37
34 2
34 14
35 26
35 42
36 17
36 21
37 6
37 12
38 1
38 15
39 32
39 37
40 29
40 41
41 5
41 29
42 10
42 20
43 25
43 34
44 18
44 38
45 15
45 24

# solution 1312
# n=46 sym=rot4 status=verified source=flammenkamp_cache/n46_rot4.mvr
# code=mvr:0 17 0 26 1 12 1 25 2 27 2 32 3 21 3 36 
0 17
0 26
1 12
1 25
2 27
2 32
3 21
3 36
4 7
4 14
5 36
5 37
6 10
6 31
7 17
7 41
8 5
8 25
9 3
9 5
10 12
10 39
11 26
11 29
12 35
12 44
13 2
13 18
14 6
14 41
15 15
15 30
16 11
16 23
17 38
17 45
18 2
18 32
19 0
19 11
20 1
20 8
21 23
21 42
22 16
22 21
23 24
23 29
24 3
24 22
25 37
25 44
26 34
26 45
27 13
27 43
28 0
28 7
29 22
29 34
30 15
30 30
31 4
31 39
32 27
32 43
33 1
33 10
34 16
34 19
35 6
35 33
36 40
36 42
37 20
37 40
38 4
38 28
39 14
39 35
40 8
40 9
41 31
41 38
42 9
42 24
43 13
43 18
44 20
44 33
45 19
45 28

# solution 1313
# n=46 sym=rot4 status=verified source=flammenkamp_cache/n46_rot4.mvr
# code=mvr:0 24 0 34 1 7 1 16 2 10 2 30 3 19 3 20 4
0 24
0 34
1 7
1 16
2 10
2 30
3 19
3 20
4 12
4 37
5 27
5 30
6 21
6 36
7 27
7 44
8 4
8 17
9 6
9 19
10 31
10 43
11 0
11 29
12 31
12 41
13 13
13 32
14 10
14 12
15 2
15 5
16 11
16 44
17 23
17 37
18 5
18 7
19 36
19 42
20 23
20 42
21 0
21 39
22 17
22 20
23 25
23 28
24 6
24 45
25 3
25 22
26 3
26 9
27 38
27 40
28 8
28 22
29 1
29 34
30 40
30 43
31 33
31 35
32 13
32 32
33 4
33 14
34 16
34 45
35 2
35 14
36 26
36 39
37 28
37 41
38 1
38 18
39 9
39 24
40 15
40 18
41 8
41 33
42 25
42 26
43 15
43 35
44 29
44 38
45 11
45 21

# solution 1314
# n=46 sym=rot4 status=verified source=flammenkamp_cache/n46_rot4.mvr
# code=mvr:0 24 0 38 1 19 1 20 2 11 2 28 3 11 3 15 
0 24
0 38
1 19
1 20
2 11
2 28
3 11
3 15
4 25
4 39
5 5
5 40
6 4
6 12
7 0
7 12
8 15
8 36
9 8
9 32
10 22
10 24
11 42
11 43
12 38
12 39
13 9
13 29
14 18
14 29
15 37
15 42
16 13
16 14
17 2
17 23
18 19
18 31
19 27
19 44
20 4
20 44
21 0
21 10
22 17
22 35
23 10
23 28
24 35
24 45
25 1
25 41
26 1
26 18
27 14
27 26
28 22
28 43
29 31
29 32
30 3
30 8
31 16
31 27
32 16
32 36
33 6
33 7
34 2
34 3
35 21
35 23
36 13
36 37
37 9
37 30
38 33
38 45
39 33
39 41
40 5
40 40
41 6
41 20
42 30
42 34
43 17
43 34
44 25
44 26
45 7
45 21

# solution 1315
# n=46 sym=rot4 status=verified source=flammenkamp_cache/n46_rot4.mvr
# code=mvr:0 23 0 28 1 19 1 23 2 14 2 29 3 33 3 37 
0 23
0 28
1 19
1 23
2 14
2 29
3 33
3 37
4 10
4 34
5 5
5 40
6 20
6 24
7 14
7 17
8 3
8 9
9 20
9 37
10 27
10 41
11 4
11 30
12 3
12 13
13 24
13 33
14 38
14 43
15 11
15 27
16 2
16 19
17 0
17 38
18 10
18 15
19 29
19 44
20 36
20 39
21 6
21 13
22 0
22 1
23 44
23 45
24 32
24 39
25 6
25 9
26 1
26 16
27 30
27 35
28 7
28 45
29 26
29 43
30 18
30 34
31 2
31 7
32 12
32 21
33 32
33 42
34 15
34 41
35 4
35 18
36 8
36 25
37 36
37 42
38 28
38 31
39 21
39 25
40 5
40 40
41 11
41 35
42 8
42 12
43 16
43 31
44 22
44 26
45 17
45 22

# solution 1316
# n=46 sym=rot4 status=verified source=flammenkamp_cache/n46_rot4.mvr
# code=mvr:0 13 0 38 1 26 1 39 2 19 2 25 3 23 3 30 
0 13
0 38
1 26
1 39
2 19
2 25
3 23
3 30
4 30
4 40
5 4
5 25
6 1
6 14
7 0
7 16
8 35
8 36
9 8
9 12
10 8
10 29
11 21
11 23
12 28
12 36
13 17
13 45
14 21
14 39
15 3
15 4
16 10
16 38
17 12
17 32
18 18
18 27
19 1
19 43
20 2
20 5
21 31
21 34
22 3
22 11
23 34
23 42
24 11
24 14
25 40
25 43
26 2
26 44
27 18
27 27
28 13
28 33
29 7
29 35
30 41
30 42
31 6
31 24
32 0
32 28
33 9
33 17
34 22
34 24
35 16
35 37
36 33
36 37
37 9
37 10
38 29
38 45
39 31
39 44
40 20
40 41
41 5
41 15
42 15
42 22
43 20
43 26
44 6
44 19
45 7
45 32

# solution 1317
# n=46 sym=rot4 status=verified source=flammenkamp_cache/n46_rot4.mvr
# code=mvr:0 13 0 27 1 24 1 30 2 12 2 25 3 39 3 41 
0 13
0 27
1 24
1 30
2 12
2 25
3 39
3 41
4 3
4 31
5 11
5 27
6 3
6 22
7 23
7 26
8 32
8 36
9 8
9 12
10 29
10 30
11 25
11 40
12 36
12 43
13 8
13 45
14 4
14 29
15 1
15 10
16 10
16 14
17 24
17 26
18 0
18 5
19 7
19 17
20 2
20 11
21 1
21 17
22 7
22 39
23 6
23 38
24 28
24 44
25 34
25 43
26 28
26 38
27 40
27 45
28 19
28 21
29 31
29 35
30 35
30 44
31 16
31 41
32 0
32 37
33 2
33 9
34 5
34 20
35 15
35 16
36 33
36 37
37 9
37 13
38 19
38 22
39 23
39 42
40 18
40 34
41 14
41 42
42 4
42 6
43 20
43 33
44 15
44 21
45 18
45 32

# solution 1318
# n=46 sym=rot4 status=verified source=flammenkamp_cache/n46_rot4.mvr
# code=mvr:0 13 0 35 1 26 1 33 2 6 2 15 3 18 3 23 4
0 13
0 35
1 26
1 33
2 6
2 15
3 18
3 23
4 20
4 24
5 31
5 32
6 37
6 43
7 23
7 28
8 6
8 36
9 8
9 34
10 0
10 16
11 9
11 16
12 1
12 19
13 5
13 45
14 5
14 17
15 27
15 43
16 34
16 35
17 7
17 31
18 15
18 42
19 1
19 33
20 21
20 41
21 4
21 25
22 3
22 7
23 38
23 42
24 20
24 41
25 4
25 24
26 12
26 44
27 3
27 30
28 14
28 38
29 10
29 11
30 2
30 18
31 28
31 40
32 0
32 40
33 26
33 44
34 29
34 36
35 29
35 45
36 11
36 37
37 9
37 39
38 17
38 22
39 2
39 8
40 13
40 14
41 21
41 25
42 22
42 27
43 30
43 39
44 12
44 19
45 10
45 32

# solution 1319
# n=46 sym=rot4 status=verified source=flammenkamp_cache/n46_rot4.mvr
# code=mvr:0 8 0 29 1 14 1 25 2 12 2 27 3 8 3 15 4 
0 8
0 29
1 14
1 25
2 12
2 27
3 8
3 15
4 17
4 24
5 15
5 34
6 9
6 38
7 6
7 29
8 42
8 45
9 32
9 39
10 24
10 27
11 5
11 32
12 19
12 43
13 9
13 11
14 20
14 44
15 40
15 42
16 0
16 7
17 19
17 41
18 2
18 10
19 28
19 33
20 1
20 31
21 4
21 10
22 22
22 23
23 22
23 23
24 35
24 41
25 14
25 44
26 12
26 17
27 35
27 43
28 4
28 26
29 38
29 45
30 3
30 5
31 1
31 25
32 34
32 36
33 2
33 26
34 13
34 40
35 18
35 21
36 6
36 13
37 0
37 3
38 16
38 39
39 7
39 36
40 11
40 30
41 21
41 28
42 30
42 37
43 18
43 33
44 20
44 31
45 16
45 37

# solution 1320
# n=46 sym=rot4 status=verified source=flammenkamp_cache/n46_rot4.mvr
# code=mvr:0 19 0 34 1 19 1 23 2 23 2 25 3 9 3 30 4
0 19
0 34
1 19
1 23
2 23
2 25
3 9
3 30
4 13
4 33
5 14
5 18
6 8
6 35
7 13
7 34
8 24
8 39
9 29
9 42
10 6
10 20
11 0
11 7
12 4
12 14
13 38
13 41
14 33
14 40
15 3
15 18
16 9
16 21
17 17
17 28
18 30
18 40
19 44
19 45
20 2
20 35
21 8
21 29
22 1
22 2
23 43
23 44
24 16
24 37
25 10
25 43
26 0
26 1
27 5
27 15
28 17
28 28
29 24
29 36
30 27
30 42
31 5
31 12
32 4
32 7
33 31
33 41
34 38
34 45
35 25
35 39
36 3
36 16
37 6
37 21
38 11
38 32
39 10
39 37
40 27
40 31
41 12
41 32
42 15
42 36
43 20
43 22
44 22
44 26
45 11
45 26

# solution 1321
# n=46 sym=rot4 status=verified source=flammenkamp_cache/n46_rot4.mvr
# code=mvr:0 14 0 29 1 11 1 41 2 12 2 24 3 18 3 19 
0 14
0 29
1 11
1 41
2 12
2 24
3 18
3 19
4 1
4 18
5 29
5 31
6 19
6 35
7 11
7 13
8 15
8 25
9 9
9 36
10 6
10 28
11 38
11 44
12 25
12 43
13 30
13 38
14 5
14 45
15 13
15 37
16 0
16 5
17 10
17 22
18 41
18 42
19 39
19 42
20 8
20 12
21 2
21 23
22 21
22 28
23 17
23 24
24 22
24 43
25 33
25 37
26 3
26 6
27 3
27 4
28 23
28 35
29 40
29 45
30 8
30 32
31 0
31 40
32 7
32 15
33 2
33 20
34 1
34 7
35 17
35 39
36 9
36 36
37 20
37 30
38 32
38 34
39 10
39 26
40 14
40 16
41 27
41 44
42 26
42 27
43 21
43 33
44 4
44 34
45 16
45 31

# solution 1322
# n=46 sym=rot4 status=verified source=flammenkamp_cache/n46_rot4.mvr
# code=mvr:0 11 0 25 1 27 1 30 2 17 2 23 3 30 3 35 
0 11
0 25
1 27
1 30
2 17
2 23
3 30
3 35
4 13
4 40
5 4
5 32
6 11
6 16
7 25
7 26
8 12
8 18
9 12
9 14
10 3
10 19
11 39
11 45
12 36
12 37
13 5
13 41
14 29
14 36
15 1
15 3
16 14
16 39
17 24
17 43
18 1
18 37
19 7
19 35
20 0
20 7
21 17
21 23
22 2
22 21
23 24
23 43
24 22
24 28
25 38
25 45
26 10
26 38
27 8
27 44
28 2
28 21
29 6
29 31
30 42
30 44
31 9
31 16
32 4
32 40
33 8
33 9
34 0
34 6
35 26
35 42
36 31
36 33
37 27
37 33
38 19
38 20
39 29
39 34
40 13
40 41
41 5
41 32
42 10
42 15
43 22
43 28
44 15
44 18
45 20
45 34

# solution 1323
# n=46 sym=rot4 status=verified source=flammenkamp_cache/n46_rot4.mvr
# code=mvr:0 21 0 27 1 12 1 13 2 34 2 35 3 23 3 28 
0 21
0 27
1 12
1 13
2 34
2 35
3 23
3 28
4 15
4 34
5 18
5 23
6 6
6 39
7 12
7 31
8 28
8 29
9 14
9 19
10 2
10 20
11 2
11 4
12 38
12 44
13 26
13 44
14 7
14 36
15 29
15 41
16 8
16 15
17 3
17 8
18 0
18 40
19 13
19 36
20 21
20 35
21 25
21 45
22 3
22 5
23 40
23 42
24 0
24 20
25 10
25 24
26 9
26 32
27 5
27 45
28 37
28 42
29 30
29 37
30 4
30 16
31 9
31 38
32 1
32 19
33 1
33 7
34 41
34 43
35 25
35 43
36 26
36 31
37 16
37 17
38 14
38 33
39 6
39 39
40 22
40 27
41 11
41 30
42 17
42 22
43 10
43 11
44 32
44 33
45 18
45 24

# solution 1324
# n=46 sym=rot4 status=verified source=flammenkamp_cache/n46_rot4.mvr
# code=mvr:0 15 0 27 1 11 1 33 2 9 2 22 3 15 3 28 4
0 15
0 27
1 11
1 33
2 9
2 22
3 15
3 28
4 26
4 37
5 10
5 18
6 26
6 37
7 9
7 14
8 4
8 6
9 38
9 43
10 16
10 40
11 20
11 44
12 1
12 17
13 24
13 29
14 23
14 38
15 42
15 45
16 13
16 35
17 3
17 33
18 0
18 40
19 4
19 6
20 24
20 34
21 13
21 20
22 14
22 43
23 2
23 31
24 25
24 32
25 11
25 21
26 39
26 41
27 5
27 45
28 12
28 42
29 10
29 32
30 0
30 3
31 7
31 22
32 16
32 21
33 28
33 44
34 1
34 25
35 5
35 29
36 2
36 7
37 39
37 41
38 31
38 36
39 8
39 19
40 27
40 35
41 8
41 19
42 17
42 30
43 23
43 36
44 12
44 34
45 18
45 30

# solution 1325
# n=46 sym=rot4 status=verified source=flammenkamp_cache/n46_rot4.mvr
# code=mvr:0 26 0 34 1 10 1 14 2 22 2 29 3 17 3 18 
0 26
0 34
1 10
1 14
2 22
2 29
3 17
3 18
4 23
4 31
5 8
5 33
6 18
6 38
7 6
7 30
8 34
8 40
9 13
9 21
10 17
10 44
11 0
11 8
12 5
12 29
13 30
13 36
14 4
14 44
15 7
15 13
16 2
16 12
17 35
17 42
18 39
18 42
19 0
19 21
20 20
20 25
21 26
21 36
22 4
22 43
23 2
23 41
24 9
24 19
25 20
25 25
26 24
26 45
27 3
27 6
28 3
28 10
29 33
29 43
30 32
30 38
31 1
31 41
32 9
32 15
33 16
33 40
34 37
34 45
35 1
35 28
36 24
36 32
37 5
37 11
38 15
38 39
39 7
39 27
40 12
40 37
41 14
41 22
42 27
42 28
43 16
43 23
44 31
44 35
45 11
45 19

# solution 1326
# n=46 sym=rot4 status=verified source=flammenkamp_cache/n46_rot4.mvr
# code=mvr:0 21 0 26 1 16 1 30 2 22 2 31 3 9 3 23 4
0 21
0 26
1 16
1 30
2 22
2 31
3 9
3 23
4 27
4 31
5 12
5 35
6 17
6 38
7 6
7 8
8 34
8 38
9 34
9 42
10 5
10 27
11 8
11 9
12 25
12 40
13 16
13 20
14 2
14 4
15 1
15 21
16 32
16 44
17 19
17 39
18 4
18 10
19 0
19 28
20 12
20 32
21 30
21 45
22 3
22 43
23 2
23 42
24 0
24 15
25 13
25 33
26 17
26 45
27 35
27 41
28 6
28 26
29 1
29 13
30 24
30 44
31 41
31 43
32 25
32 29
33 5
33 20
34 36
34 37
35 18
35 40
36 3
36 11
37 7
37 11
38 37
38 39
39 7
39 28
40 10
40 33
41 14
41 18
42 22
42 36
43 14
43 23
44 15
44 29
45 19
45 24

# solution 1327
# n=46 sym=rot4 status=verified source=flammenkamp_cache/n46_rot4.mvr
# code=mvr:0 19 0 23 1 14 1 38 2 16 2 23 3 27 3 34 
0 19
0 23
1 14
1 38
2 16
2 23
3 27
3 34
4 14
4 15
5 8
5 33
6 15
6 34
7 1
7 8
8 38
8 40
9 26
9 27
10 21
10 33
11 3
11 6
12 5
12 10
13 16
13 28
14 41
14 44
15 39
15 41
16 32
16 43
17 13
17 21
18 3
18 9
19 9
19 45
20 20
20 25
21 28
21 35
22 0
22 2
23 43
23 45
24 10
24 17
25 20
25 25
26 0
26 36
27 36
27 42
28 24
28 32
29 2
29 13
30 4
30 6
31 1
31 4
32 17
32 29
33 35
33 40
34 39
34 42
35 12
35 24
36 18
36 19
37 5
37 7
38 37
38 44
39 11
39 30
40 12
40 37
41 30
41 31
42 11
42 18
43 22
43 29
44 7
44 31
45 22
45 26

# solution 1328
# n=46 sym=rot4 status=verified source=flammenkamp_cache/n46_rot4.mvr
# code=mvr:0 2 0 29 1 20 1 24 2 9 2 45 3 28 3 36 4 
0 2
0 29
1 20
1 24
2 9
2 45
3 28
3 36
4 31
4 37
5 10
5 14
6 12
6 18
7 23
7 29
8 4
8 32
9 3
9 43
10 28
10 40
11 19
11 23
12 30
12 39
13 8
13 15
14 4
14 40
15 12
15 32
16 0
16 7
17 3
17 10
18 19
18 39
19 27
19 34
20 21
20 44
21 1
21 25
22 7
22 11
23 34
23 38
24 20
24 44
25 1
25 24
26 11
26 18
27 6
27 26
28 35
28 42
29 38
29 45
30 13
30 33
31 5
31 41
32 30
32 37
33 6
33 15
34 22
34 26
35 5
35 17
36 2
36 42
37 13
37 41
38 16
38 22
39 27
39 33
40 31
40 35
41 8
41 14
42 9
42 17
43 0
43 36
44 21
44 25
45 16
45 43

# solution 1329
# n=46 sym=rot4 status=verified source=flammenkamp_cache/n46_rot4.mvr
# code=mvr:0 16 0 31 1 3 1 23 2 26 2 38 3 34 3 44 4
0 16
0 31
1 3
1 23
2 26
2 38
3 34
3 44
4 13
4 16
5 12
5 17
6 9
6 12
7 2
7 37
8 7
8 27
9 25
9 39
10 28
10 31
11 3
11 24
12 39
12 40
13 21
13 41
14 0
14 10
15 15
15 30
16 41
16 45
17 10
17 40
18 8
18 23
19 2
19 25
20 9
20 19
21 11
21 32
22 1
22 18
23 27
23 44
24 13
24 34
25 26
25 36
26 20
26 43
27 22
27 37
28 5
28 35
29 0
29 4
30 15
30 30
31 35
31 45
32 4
32 24
33 5
33 6
34 21
34 42
35 14
35 17
36 6
36 20
37 18
37 38
38 8
38 43
39 33
39 36
40 28
40 33
41 29
41 32
42 1
42 11
43 7
43 19
44 22
44 42
45 14
45 29

# solution 1330
# n=46 sym=rot4 status=verified source=flammenkamp_cache/n46_rot4.mvr
# code=mvr:0 13 0 22 1 30 1 32 2 18 2 25 3 14 3 34 
0 13
0 22
1 30
1 32
2 18
2 25
3 14
3 34
4 26
4 33
5 5
5 40
6 36
6 38
7 6
7 17
8 12
8 36
9 6
9 8
10 23
10 28
11 3
11 18
12 4
12 37
13 1
13 45
14 29
14 42
15 1
15 21
16 14
16 25
17 10
17 38
18 34
18 43
19 4
19 21
20 2
20 16
21 26
21 30
22 10
22 45
23 0
23 35
24 15
24 19
25 29
25 43
26 24
26 41
27 2
27 11
28 7
28 35
29 20
29 31
30 24
30 44
31 3
31 16
32 0
32 44
33 8
33 41
34 27
34 42
35 17
35 22
36 37
36 39
37 9
37 33
38 28
38 39
39 7
39 9
40 5
40 40
41 12
41 19
42 11
42 31
43 20
43 27
44 13
44 15
45 23
45 32

# solution 1331
# n=46 sym=rot4 status=verified source=flammenkamp_cache/n46_rot4.mvr
# code=mvr:0 15 0 25 1 15 1 18 2 29 2 37 3 11 3 23 
0 15
0 25
1 15
1 18
2 29
2 37
3 11
3 23
4 25
4 26
5 9
5 38
6 6
6 39
7 5
7 12
8 2
8 14
9 12
9 40
10 23
10 28
11 21
11 42
12 36
12 38
13 16
13 31
14 13
14 37
15 44
15 45
16 2
16 32
17 10
17 21
18 26
18 44
19 4
19 18
20 0
20 4
21 28
21 34
22 3
22 10
23 35
23 42
24 11
24 17
25 41
25 45
26 27
26 41
27 1
27 19
28 24
28 35
29 13
29 43
30 0
30 1
31 8
31 32
32 14
32 29
33 7
33 9
34 3
34 24
35 17
35 22
36 5
36 33
37 31
37 43
38 33
38 40
39 6
39 39
40 7
40 36
41 19
41 20
42 22
42 34
43 8
43 16
44 27
44 30
45 20
45 30

# solution 1332
# n=46 sym=rot4 status=verified source=flammenkamp_cache/n46_rot4.mvr
# code=mvr:0 20 0 33 1 18 1 30 2 20 2 24 3 7 3 12 4
0 20
0 33
1 18
1 30
2 20
2 24
3 7
3 12
4 13
4 27
5 37
5 39
6 5
6 7
7 39
7 42
8 5
8 26
9 14
9 19
10 29
10 31
11 21
11 22
12 0
12 42
13 29
13 41
14 10
14 36
15 1
15 17
16 10
16 13
17 23
17 30
18 4
18 44
19 8
19 36
20 43
20 45
21 2
21 34
22 17
22 34
23 11
23 28
24 11
24 43
25 0
25 2
26 9
26 37
27 1
27 41
28 15
28 22
29 32
29 35
30 28
30 44
31 9
31 35
32 4
32 16
33 3
33 45
34 23
34 24
35 14
35 16
36 26
36 31
37 19
37 40
38 3
38 6
39 38
39 40
40 6
40 8
41 18
41 32
42 33
42 38
43 21
43 25
44 15
44 27
45 12
45 25

# solution 1333
# n=46 sym=rot4 status=verified source=flammenkamp_cache/n46_rot4.mvr
# code=mvr:0 18 0 28 1 24 1 30 2 11 2 38 3 13 3 23 
0 18
0 28
1 24
1 30
2 11
2 38
3 13
3 23
4 25
4 28
5 9
5 10
6 15
6 37
7 2
7 35
8 6
8 16
9 19
9 40
10 7
10 40
11 33
11 43
12 11
12 27
13 24
13 42
14 16
14 25
15 1
15 39
16 31
16 37
17 0
17 4
18 12
18 45
19 23
19 36
20 4
20 14
21 1
21 13
22 3
22 19
23 26
23 42
24 32
24 44
25 31
25 41
26 9
26 22
27 0
27 33
28 41
28 45
29 8
29 14
30 6
30 44
31 20
31 29
32 3
32 21
33 18
33 34
34 2
34 12
35 5
35 38
36 5
36 26
37 29
37 39
38 10
38 43
39 8
39 30
40 35
40 36
41 17
41 20
42 22
42 32
43 7
43 34
44 15
44 21
45 17
45 27

# solution 1334
# n=46 sym=rot4 status=verified source=flammenkamp_cache/n46_rot4.mvr
# code=mvr:0 21 0 25 1 13 1 37 2 15 2 28 3 21 3 28 
0 21
0 25
1 13
1 37
2 15
2 28
3 21
3 28
4 23
4 37
5 32
5 39
6 5
6 15
7 18
7 19
8 1
8 4
9 31
9 35
10 9
10 18
11 11
11 34
12 26
12 29
13 5
13 44
14 9
14 16
15 39
15 43
16 12
16 31
17 2
17 3
18 35
18 38
19 12
19 38
20 0
20 23
21 42
21 45
22 4
22 20
23 25
23 41
24 0
24 3
25 22
25 45
26 7
26 33
27 7
27 10
28 42
28 43
29 14
29 33
30 2
30 6
31 29
31 36
32 1
32 40
33 16
33 19
34 11
34 34
35 27
35 36
36 10
36 14
37 41
37 44
38 26
38 27
39 30
39 40
40 6
40 13
41 8
41 22
42 17
42 24
43 17
43 30
44 8
44 32
45 20
45 24

# solution 1335
# n=46 sym=rot4 status=verified source=flammenkamp_cache/n46_rot4.mvr
# code=mvr:0 23 0 32 1 16 1 27 2 12 2 23 3 36 3 39 
0 23
0 32
1 16
1 27
2 12
2 23
3 36
3 39
4 16
4 30
5 13
5 35
6 3
6 25
7 11
7 17
8 12
8 36
9 3
9 8
10 5
10 24
11 14
11 38
12 37
12 43
13 0
13 40
14 19
14 34
15 4
15 24
16 41
16 44
17 26
17 38
18 1
18 20
19 17
19 31
20 6
20 27
21 10
21 15
22 0
22 2
23 43
23 45
24 30
24 35
25 18
25 39
26 14
26 28
27 25
27 44
28 7
28 19
29 1
29 4
30 21
30 41
31 11
31 26
32 5
32 45
33 2
33 8
34 7
34 31
35 21
35 40
36 37
36 42
37 9
37 33
38 28
38 34
39 20
39 42
40 10
40 32
41 15
41 29
42 6
42 9
43 22
43 33
44 18
44 29
45 13
45 22

# solution 1336
# n=46 sym=rot4 status=verified source=flammenkamp_cache/n46_rot4.mvr
# code=mvr:0 9 0 25 1 26 1 27 2 12 2 24 3 16 3 35 4
0 9
0 25
1 26
1 27
2 12
2 24
3 16
3 35
4 4
4 41
5 13
5 34
6 9
6 30
7 17
7 23
8 23
8 30
9 39
9 45
10 3
10 18
11 5
11 13
12 31
12 43
13 34
13 40
14 12
14 26
15 6
15 8
16 28
16 42
17 16
17 38
18 1
18 35
19 1
19 14
20 0
20 24
21 2
21 20
22 7
22 8
23 37
23 38
24 25
24 43
25 21
25 45
26 31
26 44
27 10
27 44
28 7
28 29
29 3
29 17
30 37
30 39
31 19
31 33
32 5
32 11
33 2
33 14
34 32
34 40
35 27
35 42
36 0
36 6
37 15
37 22
38 22
38 28
39 15
39 36
40 11
40 32
41 4
41 41
42 10
42 29
43 21
43 33
44 18
44 19
45 20
45 36

# solution 1337
# n=46 sym=rot4 status=verified source=flammenkamp_cache/n46_rot4.mvr
# code=mvr:0 18 0 30 1 20 1 29 2 9 2 38 3 13 3 35 4
0 18
0 30
1 20
1 29
2 9
2 38
3 13
3 35
4 6
4 8
5 24
5 27
6 16
6 41
7 2
7 15
8 21
8 41
9 35
9 43
10 3
10 9
11 13
11 28
12 12
12 33
13 34
13 42
14 22
14 28
15 0
15 38
16 1
16 39
17 11
17 14
18 5
18 45
19 23
19 25
20 19
20 44
21 5
21 37
22 19
22 31
23 14
23 26
24 8
24 40
25 1
25 26
26 20
26 22
27 0
27 40
28 31
28 34
29 6
29 44
30 7
30 45
31 17
31 23
32 3
32 11
33 12
33 33
34 17
34 32
35 36
35 42
36 2
36 10
37 4
37 24
38 30
38 43
39 4
39 29
40 18
40 21
41 37
41 39
42 10
42 32
43 7
43 36
44 16
44 25
45 15
45 27

# solution 1338
# n=46 sym=rot4 status=verified source=flammenkamp_cache/n46_rot4.mvr
# code=mvr:0 5 0 23 1 12 1 31 2 23 2 28 3 17 3 24 4
0 5
0 23
1 12
1 31
2 23
2 28
3 17
3 24
4 8
4 12
5 15
5 45
6 7
6 36
7 31
7 39
8 27
8 41
9 6
9 16
10 26
10 32
11 19
11 20
12 41
12 44
13 10
13 15
14 1
14 7
15 32
15 40
16 27
16 36
17 2
17 42
18 8
18 16
19 10
19 34
20 24
20 34
21 3
21 20
22 0
22 2
23 43
23 45
24 25
24 42
25 11
25 21
26 11
26 35
27 29
27 37
28 3
28 43
29 9
29 18
30 5
30 13
31 38
31 44
32 30
32 35
33 1
33 4
34 25
34 26
35 13
35 19
36 29
36 39
37 4
37 18
38 6
38 14
39 9
39 38
40 0
40 30
41 33
41 37
42 21
42 28
43 17
43 22
44 14
44 33
45 22
45 40

# solution 1339
# n=46 sym=rot4 status=verified source=flammenkamp_cache/n46_rot4.mvr
# code=mvr:0 19 0 20 1 18 1 25 2 34 2 38 3 15 3 39 
0 19
0 20
1 18
1 25
2 34
2 38
3 15
3 39
4 17
4 32
5 8
5 9
6 3
6 23
7 2
7 32
8 16
8 40
9 15
9 40
10 23
10 33
11 2
11 12
12 10
12 34
13 4
13 7
14 16
14 21
15 36
15 42
16 31
16 37
17 21
17 41
18 26
18 44
19 18
19 45
20 1
20 45
21 28
21 31
22 6
22 10
23 35
23 39
24 14
24 17
25 0
25 44
26 0
26 27
27 1
27 19
28 4
28 24
29 8
29 14
30 3
30 9
31 24
31 29
32 38
32 41
33 11
33 35
34 33
34 43
35 12
35 22
36 5
36 30
37 5
37 29
38 13
38 43
39 22
39 42
40 36
40 37
41 13
41 28
42 6
42 30
43 7
43 11
44 20
44 27
45 25
45 26

# solution 1340
# n=46 sym=rot4 status=verified source=flammenkamp_cache/n46_rot4.mvr
# code=mvr:0 14 0 20 1 13 1 23 2 28 2 37 3 30 3 31 
0 14
0 20
1 13
1 23
2 28
2 37
3 30
3 31
4 9
4 27
5 13
5 18
6 6
6 39
7 9
7 23
8 2
8 29
9 38
9 41
10 11
10 26
11 17
11 35
12 29
12 30
13 40
13 44
14 3
14 45
15 3
15 12
16 8
16 12
17 2
17 34
18 4
18 40
19 10
19 24
20 21
20 45
21 19
21 25
22 1
22 7
23 38
23 44
24 20
24 26
25 0
25 24
26 21
26 35
27 5
27 41
28 11
28 43
29 33
29 37
30 33
30 42
31 0
31 42
32 1
32 5
33 15
33 16
34 10
34 28
35 19
35 34
36 4
36 7
37 16
37 43
38 22
38 36
39 6
39 39
40 27
40 32
41 18
41 36
42 14
42 15
43 8
43 17
44 22
44 32
45 25
45 31

# solution 1341
# n=46 sym=rot4 status=verified source=flammenkamp_cache/n46_rot4.mvr
# code=mvr:0 18 0 34 1 10 1 25 2 23 2 33 3 17 3 18 
0 18
0 34
1 10
1 25
2 23
2 33
3 17
3 18
4 6
4 10
5 13
5 37
6 19
6 41
7 21
7 26
8 5
8 21
9 32
9 34
10 41
10 44
11 0
11 9
12 2
12 16
13 9
13 40
14 20
14 23
15 15
15 30
16 28
16 33
17 16
17 42
18 42
18 45
19 7
19 39
20 1
20 31
21 37
21 38
22 2
22 14
23 31
23 43
24 7
24 8
25 14
25 44
26 6
26 38
27 0
27 3
28 3
28 29
29 12
29 17
30 15
30 30
31 22
31 25
32 5
32 36
33 29
33 43
34 36
34 45
35 1
35 4
36 11
36 13
37 24
37 40
38 19
38 24
39 4
39 26
40 8
40 32
41 35
41 39
42 27
42 28
43 12
43 22
44 20
44 35
45 11
45 27

# solution 1342
# n=46 sym=rot4 status=verified source=flammenkamp_cache/n46_rot4.mvr
# code=mvr:0 18 0 34 1 10 1 25 2 23 2 33 3 17 3 27 
0 18
0 34
1 10
1 25
2 23
2 33
3 17
3 27
4 6
4 10
5 13
5 37
6 19
6 41
7 21
7 26
8 5
8 21
9 32
9 34
10 41
10 44
11 0
11 9
12 2
12 16
13 9
13 40
14 20
14 23
15 15
15 30
16 28
16 33
17 16
17 42
18 3
18 45
19 7
19 39
20 1
20 31
21 37
21 38
22 2
22 14
23 31
23 43
24 7
24 8
25 14
25 44
26 6
26 38
27 0
27 42
28 3
28 29
29 12
29 17
30 15
30 30
31 22
31 25
32 5
32 36
33 29
33 43
34 36
34 45
35 1
35 4
36 11
36 13
37 24
37 40
38 19
38 24
39 4
39 26
40 8
40 32
41 35
41 39
42 18
42 28
43 12
43 22
44 20
44 35
45 11
45 27

# solution 1343
# n=46 sym=rot4 status=verified source=flammenkamp_cache/n46_rot4.mvr
# code=mvr:0 18 0 38 1 6 1 12 2 25 2 37 3 15 3 23 4
0 18
0 38
1 6
1 12
2 25
2 37
3 15
3 23
4 25
4 26
5 21
5 30
6 9
6 44
7 0
7 18
8 2
8 11
9 34
9 39
10 12
10 14
11 9
11 37
12 35
12 44
13 17
13 26
14 23
14 35
15 5
15 42
16 21
16 28
17 16
17 32
18 38
18 45
19 4
19 13
20 2
20 4
21 29
21 40
22 3
22 14
23 31
23 42
24 5
24 16
25 41
25 43
26 32
26 41
27 0
27 7
28 13
28 29
29 17
29 24
30 3
30 40
31 10
31 22
32 19
32 28
33 1
33 10
34 8
34 36
35 31
35 33
36 6
36 11
37 34
37 43
38 27
38 45
39 1
39 36
40 15
40 24
41 19
41 20
42 22
42 30
43 8
43 20
44 33
44 39
45 7
45 27

# solution 1344
# n=46 sym=rot4 status=verified source=flammenkamp_cache/n46_rot4.mvr
# code=mvr:0 20 0 27 1 13 1 16 2 26 2 35 3 5 3 37 4
0 20
0 27
1 13
1 16
2 26
2 35
3 5
3 37
4 30
4 33
5 28
5 42
6 15
6 33
7 23
7 27
8 3
8 9
9 14
9 37
10 2
10 17
11 11
11 34
12 4
12 6
13 16
13 44
14 21
14 36
15 4
15 39
16 32
16 44
17 5
17 35
18 0
18 7
19 2
19 23
20 21
20 45
21 25
21 31
22 7
22 19
23 26
23 38
24 14
24 20
25 0
25 24
26 22
26 43
27 38
27 45
28 10
28 40
29 1
29 13
30 6
30 41
31 9
31 24
32 1
32 29
33 39
33 41
34 11
34 34
35 28
35 43
36 8
36 31
37 36
37 42
38 18
38 22
39 12
39 30
40 3
40 17
41 12
41 15
42 8
42 40
43 10
43 19
44 29
44 32
45 18
45 25

# solution 1345
# n=46 sym=rot4 status=verified source=flammenkamp_cache/n46_rot4.mvr
# code=mvr:0 26 0 34 1 26 1 30 2 6 2 36 3 14 3 40 4
0 26
0 34
1 26
1 30
2 6
2 36
3 14
3 40
4 13
4 20
5 3
5 9
6 29
6 43
7 13
7 31
8 17
8 23
9 2
9 40
10 23
10 33
11 0
11 24
12 10
12 18
13 38
13 41
14 7
14 42
15 1
15 27
16 6
16 24
17 25
17 37
18 15
18 33
19 0
19 1
20 17
20 41
21 11
21 16
22 8
22 10
23 35
23 37
24 29
24 34
25 4
25 28
26 44
26 45
27 12
27 30
28 8
28 20
29 21
29 39
30 18
30 44
31 3
31 38
32 4
32 7
33 27
33 35
34 21
34 45
35 12
35 22
36 5
36 43
37 22
37 28
38 14
38 32
39 2
39 16
40 36
40 42
41 25
41 32
42 5
42 31
43 9
43 39
44 15
44 19
45 11
45 19

# solution 1346
# n=46 sym=rot4 status=verified source=flammenkamp_cache/n46_rot4.mvr
# code=mvr:0 10 0 23 1 15 1 29 2 25 2 34 3 15 3 36 
0 10
0 23
1 15
1 29
2 25
2 34
3 15
3 36
4 20
4 32
5 19
5 24
6 8
6 36
7 18
7 31
8 19
8 39
9 3
9 6
10 23
10 45
11 2
11 12
12 31
12 34
13 4
13 17
14 7
14 12
15 42
15 44
16 1
16 21
17 18
17 32
18 28
18 38
19 37
19 40
20 2
20 41
21 5
21 29
22 0
22 10
23 35
23 45
24 16
24 40
25 4
25 43
26 5
26 8
27 7
27 17
28 13
28 27
29 24
29 44
30 1
30 3
31 33
31 38
32 28
32 41
33 11
33 14
34 33
34 43
35 0
35 22
36 39
36 42
37 6
37 26
38 14
38 27
39 9
39 37
40 21
40 26
41 13
41 25
42 9
42 30
43 11
43 20
44 16
44 30
45 22
45 35

# solution 1347
# n=46 sym=rot4 status=verified source=flammenkamp_cache/n46_rot4.mvr
# code=mvr:0 25 0 29 1 7 1 35 2 22 2 29 3 25 3 30 4
0 25
0 29
1 7
1 35
2 22
2 29
3 25
3 30
4 9
4 37
5 18
5 34
6 9
6 18
7 8
7 44
8 4
8 38
9 39
9 41
10 1
10 21
11 5
11 26
12 15
12 23
13 28
13 31
14 13
14 21
15 3
15 33
16 0
16 2
17 13
17 26
18 39
18 40
19 11
19 17
20 0
20 3
21 31
21 35
22 12
22 43
23 2
23 33
24 10
24 14
25 42
25 45
26 28
26 34
27 5
27 6
28 19
28 32
29 43
29 45
30 12
30 42
31 24
31 32
32 14
32 17
33 22
33 30
34 19
34 40
35 24
35 44
36 4
36 6
37 7
37 41
38 1
38 37
39 27
39 36
40 11
40 27
41 8
41 36
42 15
42 20
43 16
43 23
44 10
44 38
45 16
45 20

# solution 1348
# n=46 sym=rot4 status=verified source=flammenkamp_cache/n46_rot4.mvr
# code=mvr:0 22 0 35 1 5 1 17 2 11 2 25 3 15 3 18 4
0 22
0 35
1 5
1 17
2 11
2 25
3 15
3 18
4 12
4 16
5 38
5 44
6 26
6 37
7 5
7 32
8 6
8 21
9 18
9 31
10 0
10 21
11 14
11 43
12 23
12 41
13 7
13 17
14 9
14 34
15 29
15 42
16 15
16 41
17 32
17 44
18 36
18 42
19 6
19 20
20 2
20 26
21 35
21 37
22 12
22 45
23 0
23 33
24 8
24 10
25 19
25 43
26 25
26 39
27 3
27 9
28 1
28 13
29 4
29 30
30 3
30 16
31 11
31 36
32 28
32 38
33 4
33 22
34 2
34 31
35 24
35 45
36 14
36 27
37 24
37 39
38 13
38 40
39 8
39 19
40 1
40 7
41 29
41 33
42 27
42 30
43 20
43 34
44 28
44 40
45 10
45 23

# solution 1349
# n=46 sym=rot4 status=verified source=flammenkamp_cache/n46_rot4.mvr
# code=mvr:0 20 0 32 1 4 1 24 2 19 2 37 3 15 3 27 4
0 20
0 32
1 4
1 24
2 19
2 37
3 15
3 27
4 32
4 44
5 22
5 34
6 9
6 29
7 8
7 11
8 2
8 38
9 24
9 39
10 14
10 28
11 5
11 38
12 23
12 25
13 0
13 4
14 15
14 35
15 31
15 42
16 6
16 18
17 10
17 26
18 3
18 29
19 17
19 43
20 12
20 45
21 1
21 9
22 12
22 40
23 5
23 33
24 36
24 44
25 0
25 33
26 2
26 28
27 16
27 42
28 19
28 35
29 27
29 39
30 3
30 14
31 10
31 30
32 41
32 45
33 20
33 22
34 7
34 40
35 17
35 31
36 6
36 21
37 7
37 43
38 34
38 37
39 16
39 36
40 11
40 23
41 1
41 13
42 18
42 30
43 8
43 26
44 21
44 41
45 13
45 25

# solution 1350
# n=46 sym=rot4 status=verified source=flammenkamp_cache/n46_rot4.mvr
# code=mvr:0 17 0 23 1 10 1 16 2 10 2 12 3 12 3 30 
0 17
0 23
1 10
1 16
2 10
2 12
3 12
3 30
4 24
4 34
5 7
5 37
6 29
6 32
7 19
7 40
8 5
8 23
9 25
9 30
10 43
10 44
11 4
11 32
12 42
12 43
13 6
13 11
14 17
14 18
15 3
15 9
16 6
16 44
17 31
17 45
18 26
18 31
19 18
19 38
20 9
20 24
21 4
21 20
22 0
22 8
23 37
23 45
24 25
24 41
25 21
25 36
26 7
26 27
27 14
27 19
28 0
28 14
29 1
29 39
30 36
30 42
31 27
31 28
32 34
32 39
33 2
33 3
34 13
34 41
35 1
35 2
36 15
36 20
37 22
37 40
38 5
38 26
39 13
39 16
40 8
40 38
41 11
41 21
42 15
42 33
43 33
43 35
44 29
44 35
45 22
45 28

# solution 1351
# n=46 sym=rot4 status=verified source=flammenkamp_cache/n46_rot4.mvr
# code=mvr:0 24 0 29 1 19 1 23 2 12 2 24 3 14 3 40 
0 24
0 29
1 19
1 23
2 12
2 24
3 14
3 40
4 28
4 37
5 3
5 6
6 35
6 40
7 18
7 23
8 4
8 34
9 19
9 34
10 6
10 15
11 8
11 9
12 18
12 43
13 20
13 25
14 28
14 42
15 29
15 35
16 0
16 15
17 4
17 14
18 33
18 38
19 36
19 44
20 13
20 32
21 0
21 2
22 1
22 7
23 38
23 44
24 43
24 45
25 13
25 32
26 1
26 9
27 7
27 12
28 31
28 41
29 30
29 45
30 10
30 16
31 3
31 17
32 20
32 25
33 2
33 27
34 36
34 37
35 30
35 39
36 11
36 26
37 11
37 41
38 22
38 27
39 5
39 10
40 39
40 42
41 8
41 17
42 5
42 31
43 21
43 33
44 22
44 26
45 16
45 21

# solution 1352
# n=46 sym=rot4 status=verified source=flammenkamp_cache/n46_rot4.mvr
# code=mvr:0 35 0 40 1 13 1 34 2 18 2 37 3 10 3 39 
0 35
0 40
1 13
1 34
2 18
2 37
3 10
3 39
4 9
4 23
5 0
5 18
6 3
6 15
7 13
7 25
8 2
8 16
9 21
9 41
10 0
10 42
11 1
11 12
12 26
12 34
13 38
13 44
14 23
14 29
15 26
15 39
16 14
16 37
17 17
17 28
18 40
18 43
19 12
19 15
20 7
20 21
21 25
21 36
22 4
22 14
23 31
23 41
24 9
24 20
25 24
25 38
26 30
26 33
27 2
27 5
28 17
28 28
29 8
29 31
30 6
30 19
31 16
31 22
32 1
32 7
33 11
33 19
34 33
34 44
35 3
35 45
36 4
36 24
37 29
37 43
38 20
38 32
39 30
39 42
40 27
40 45
41 22
41 36
42 6
42 35
43 8
43 27
44 11
44 32
45 5
45 10

# solution 1353
# n=46 sym=rot4 status=verified source=flammenkamp_cache/n46_rot4.mvr
# code=mvr:0 12 0 27 1 9 1 25 2 31 2 40 3 16 3 24 4
0 12
0 27
1 9
1 25
2 31
2 40
3 16
3 24
4 20
4 30
5 2
5 18
6 23
6 38
7 6
7 34
8 17
8 31
9 29
9 44
10 13
10 33
11 7
11 17
12 10
12 45
13 23
13 35
14 2
14 8
15 4
15 26
16 9
16 42
17 34
17 37
18 0
18 40
19 15
19 21
20 1
20 41
21 3
21 26
22 6
22 13
23 32
23 39
24 19
24 42
25 4
25 44
26 24
26 30
27 5
27 45
28 8
28 11
29 3
29 36
30 19
30 41
31 37
31 43
32 10
32 22
33 0
33 35
34 28
34 38
35 12
35 32
36 1
36 16
37 14
37 28
38 11
38 39
39 7
39 22
40 27
40 43
41 15
41 25
42 21
42 29
43 5
43 14
44 20
44 36
45 18
45 33

# solution 1354
# n=46 sym=rot4 status=verified source=flammenkamp_cache/n46_rot4.mvr
# code=mvr:0 10 0 13 1 20 1 26 2 16 2 34 3 5 3 30 4
0 10
0 13
1 20
1 26
2 16
2 34
3 5
3 30
4 23
4 30
5 36
5 42
6 19
6 23
7 9
7 12
8 17
8 29
9 5
9 38
10 34
10 45
11 2
11 10
12 27
12 38
13 20
13 45
14 17
14 21
15 3
15 4
16 8
16 43
17 31
17 37
18 12
18 21
19 1
19 39
20 32
20 44
21 27
21 31
22 4
22 6
23 39
23 41
24 14
24 18
25 1
25 13
26 6
26 44
27 24
27 33
28 8
28 14
29 2
29 37
30 41
30 42
31 24
31 28
32 0
32 25
33 7
33 18
34 35
34 43
35 0
35 11
36 7
36 40
37 16
37 28
38 33
38 36
39 22
39 26
40 3
40 9
41 15
41 22
42 15
42 40
43 11
43 29
44 19
44 25
45 32
45 35

# solution 1355
# n=46 sym=rot4 status=verified source=flammenkamp_cache/n46_rot4.mvr
# code=mvr:0 12 0 25 1 24 1 36 2 3 2 40 3 14 3 43 4
0 12
0 25
1 24
1 36
2 3
2 40
3 14
3 43
4 11
4 15
5 2
5 27
6 23
6 25
7 34
7 37
8 7
8 23
9 1
9 13
10 16
10 28
11 7
11 41
12 18
12 45
13 16
13 36
14 26
14 42
15 28
15 41
16 32
16 35
17 10
17 15
18 5
18 33
19 14
19 24
20 0
20 6
21 1
21 19
22 6
22 8
23 37
23 39
24 26
24 44
25 39
25 45
26 21
26 31
27 12
27 40
28 30
28 35
29 10
29 13
30 4
30 17
31 3
31 19
32 9
32 29
33 0
33 27
34 4
34 38
35 17
35 29
36 32
36 44
37 22
37 38
38 8
38 11
39 20
39 22
40 18
40 43
41 30
41 34
42 2
42 31
43 5
43 42
44 9
44 21
45 20
45 33

# solution 1356
# n=46 sym=rot4 status=verified source=flammenkamp_cache/n46_rot4.mvr
# code=mvr:0 24 0 25 1 27 1 39 2 31 2 35 3 12 3 25 
0 24
0 25
1 27
1 39
2 31
2 35
3 12
3 25
4 12
4 13
5 17
5 21
6 1
6 36
7 28
7 35
8 18
8 23
9 6
9 16
10 2
10 7
11 11
11 34
12 41
12 42
13 26
13 41
14 2
14 30
15 14
15 26
16 23
16 36
17 7
17 40
18 1
18 37
19 13
19 15
20 0
20 3
21 0
21 40
22 8
22 16
23 29
23 37
24 5
24 45
25 42
25 45
26 30
26 32
27 8
27 44
28 5
28 38
29 9
29 22
30 19
30 31
31 15
31 43
32 4
32 19
33 3
33 4
34 11
34 34
35 38
35 43
36 29
36 39
37 22
37 27
38 10
38 17
39 9
39 44
40 24
40 28
41 32
41 33
42 20
42 33
43 10
43 14
44 6
44 18
45 20
45 21

# solution 1357
# n=46 sym=rot4 status=verified source=flammenkamp_cache/n46_rot4.mvr
# code=mvr:0 25 0 29 1 18 1 22 2 6 2 12 3 15 3 24 4
0 25
0 29
1 18
1 22
2 6
2 12
3 15
3 24
4 32
4 34
5 7
5 37
6 26
6 43
7 32
7 40
8 5
8 23
9 20
9 31
10 29
10 34
11 4
11 10
12 15
12 43
13 4
13 7
14 9
14 24
15 33
15 42
16 0
16 10
17 17
17 28
18 26
18 44
19 6
19 18
20 0
20 36
21 3
21 14
22 8
22 44
23 1
23 37
24 31
24 42
25 9
25 45
26 27
26 39
27 1
27 19
28 17
28 28
29 35
29 45
30 3
30 12
31 21
31 36
32 38
32 41
33 2
33 30
34 35
34 41
35 11
35 16
36 14
36 25
37 22
37 40
38 5
38 13
39 2
39 19
40 8
40 38
41 11
41 13
42 21
42 30
43 33
43 39
44 23
44 27
45 16
45 20

# solution 1358
# n=46 sym=rot4 status=verified source=flammenkamp_cache/n46_rot4.mvr
# code=mvr:0 19 0 24 1 15 1 31 2 5 2 27 3 15 3 34 4
0 19
0 24
1 15
1 31
2 5
2 27
3 15
3 34
4 13
4 37
5 25
5 43
6 8
6 23
7 27
7 34
8 4
8 39
9 14
9 23
10 20
10 32
11 3
11 7
12 12
12 33
13 10
13 41
14 1
14 36
15 42
15 44
16 17
16 24
17 26
17 29
18 2
18 7
19 17
19 45
20 5
20 35
21 0
21 16
22 6
22 9
23 36
23 39
24 29
24 45
25 10
25 40
26 0
26 28
27 38
27 43
28 16
28 19
29 21
29 28
30 1
30 3
31 9
31 44
32 4
32 35
33 12
33 33
34 38
34 42
35 13
35 25
36 22
36 31
37 6
37 41
38 11
38 18
39 22
39 37
40 2
40 20
41 8
41 32
42 11
42 30
43 18
43 40
44 14
44 30
45 21
45 26

# solution 1359
# n=46 sym=rot4 status=verified source=flammenkamp_cache/n46_rot4.mvr
# code=mvr:0 17 0 20 1 22 1 42 2 16 2 38 3 1 3 37 4
0 17
0 20
1 22
1 42
2 16
2 38
3 1
3 37
4 17
4 31
5 8
5 23
6 13
6 31
7 2
7 19
8 3
8 40
9 27
9 32
10 19
10 34
11 10
11 30
12 18
12 25
13 9
13 39
14 4
14 6
15 11
15 16
16 30
16 43
17 41
17 45
18 9
18 33
19 35
19 38
20 12
20 45
21 21
21 24
22 5
22 44
23 1
23 40
24 21
24 24
25 0
25 33
26 7
26 10
27 12
27 36
28 0
28 4
29 2
29 15
30 29
30 34
31 39
31 41
32 6
32 36
33 20
33 27
34 15
34 35
35 11
35 26
36 13
36 18
37 5
37 42
38 26
38 43
39 14
39 32
40 22
40 37
41 14
41 28
42 8
42 44
43 7
43 29
44 3
44 23
45 25
45 28

# solution 1360
# n=46 sym=rot4 status=verified source=flammenkamp_cache/n46_rot4.mvr
# code=mvr:0 21 0 29 1 14 1 18 2 6 2 30 3 21 3 25 4
0 21
0 29
1 14
1 18
2 6
2 30
3 21
3 25
4 16
4 40
5 4
5 10
6 37
6 43
7 23
7 32
8 6
8 18
9 32
9 35
10 9
10 40
11 11
11 34
12 23
12 30
13 7
13 9
14 19
14 44
15 2
15 12
16 0
16 41
17 19
17 25
18 37
18 44
19 28
19 31
20 3
20 17
21 42
21 45
22 7
22 12
23 33
23 38
24 0
24 3
25 28
25 42
26 14
26 17
27 1
27 8
28 20
28 26
29 4
29 45
30 33
30 43
31 1
31 26
32 36
32 38
33 15
33 22
34 11
34 34
35 5
35 36
36 10
36 13
37 27
37 39
38 13
38 22
39 2
39 8
40 35
40 41
41 5
41 29
42 20
42 24
43 15
43 39
44 27
44 31
45 16
45 24

# solution 1361
# n=46 sym=rot4 status=verified source=flammenkamp_cache/n46_rot4.mvr
# code=mvr:0 20 0 24 1 13 1 33 2 9 2 20 3 14 3 23 4
0 20
0 24
1 13
1 33
2 9
2 20
3 14
3 23
4 14
4 32
5 26
5 27
6 30
6 37
7 9
7 37
8 6
8 7
9 38
9 43
10 17
10 23
11 11
11 34
12 1
12 17
13 4
13 44
14 41
14 42
15 6
15 29
16 15
16 19
17 33
17 35
18 5
18 24
19 5
19 29
20 43
20 45
21 0
21 18
22 3
22 10
23 35
23 42
24 27
24 45
25 0
25 2
26 16
26 40
27 21
27 40
28 10
28 12
29 26
29 30
30 16
30 39
31 3
31 4
32 1
32 41
33 28
33 44
34 11
34 34
35 22
35 28
36 2
36 7
37 38
37 39
38 8
38 36
39 8
39 15
40 18
40 19
41 13
41 31
42 22
42 31
43 25
43 36
44 12
44 32
45 21
45 25

# solution 1362
# n=46 sym=rot4 status=verified source=flammenkamp_cache/n46_rot4.mvr
# code=mvr:0 14 0 32 1 6 1 27 2 10 2 29 3 24 3 39 4
0 14
0 32
1 6
1 27
2 10
2 29
3 24
3 39
4 14
4 23
5 9
5 30
6 3
6 44
7 12
7 15
8 28
8 33
9 16
9 40
10 23
10 43
11 11
11 34
12 8
12 38
13 0
13 25
14 41
14 45
15 5
15 38
16 2
16 36
17 8
17 19
18 1
18 24
19 25
19 28
20 13
20 19
21 3
21 18
22 4
22 10
23 35
23 41
24 27
24 42
25 26
25 32
26 17
26 20
27 21
27 44
28 26
28 37
29 9
29 43
30 7
30 40
31 0
31 4
32 20
32 45
33 7
33 37
34 11
34 34
35 2
35 22
36 5
36 29
37 12
37 17
38 30
38 33
39 1
39 42
40 15
40 36
41 22
41 31
42 6
42 21
43 16
43 35
44 18
44 39
45 13
45 31

# solution 1363
# n=46 sym=rot4 status=verified source=flammenkamp_cache/n46_rot4.mvr
# code=mvr:0 20 0 23 1 9 1 18 2 32 2 40 3 17 3 34 4
0 20
0 23
1 9
1 18
2 32
2 40
3 17
3 34
4 23
4 34
5 2
5 27
6 7
6 10
7 26
7 39
8 10
8 32
9 16
9 44
10 37
10 39
11 3
11 4
12 21
12 28
13 2
13 8
14 15
14 25
15 21
15 31
16 26
16 36
17 12
17 42
18 5
18 44
19 7
19 16
20 14
20 45
21 30
21 33
22 0
22 4
23 41
23 45
24 12
24 15
25 0
25 31
26 29
26 38
27 1
27 40
28 3
28 33
29 9
29 19
30 14
30 24
31 20
31 30
32 37
32 43
33 17
33 24
34 41
34 42
35 6
35 8
36 1
36 29
37 13
37 35
38 6
38 19
39 35
39 38
40 18
40 43
41 11
41 22
42 11
42 28
43 5
43 13
44 27
44 36
45 22
45 25

# solution 1364
# n=46 sym=rot4 status=verified source=flammenkamp_cache/n46_rot4.mvr
# code=mvr:0 13 0 17 1 23 1 26 2 8 2 17 3 10 3 32 4
0 13
0 17
1 23
1 26
2 8
2 17
3 10
3 32
4 20
4 23
5 7
5 31
6 30
6 36
7 19
7 40
8 9
8 43
9 6
9 37
10 30
10 42
11 18
11 31
12 18
12 29
13 3
13 45
14 5
14 11
15 6
15 10
16 12
16 24
17 43
17 45
18 33
18 34
19 1
19 38
20 21
20 41
21 16
21 25
22 1
22 4
23 41
23 44
24 20
24 29
25 4
25 24
26 7
26 44
27 11
27 12
28 0
28 2
29 21
29 33
30 35
30 39
31 34
31 40
32 0
32 42
33 16
33 27
34 14
34 27
35 3
35 15
36 8
36 39
37 2
37 36
38 5
38 26
39 9
39 15
40 14
40 38
41 22
41 25
42 13
42 35
43 28
43 37
44 19
44 22
45 28
45 32

# solution 1365
# n=46 sym=rot4 status=verified source=flammenkamp_cache/n46_rot4.mvr
# code=mvr:0 23 0 32 1 26 1 28 2 15 2 21 3 24 3 31 
0 23
0 32
1 26
1 28
2 15
2 21
3 24
3 31
4 9
4 29
5 13
5 39
6 5
6 10
7 8
7 18
8 23
8 38
9 33
9 41
10 18
10 39
11 11
11 34
12 9
12 14
13 0
13 40
14 3
14 33
15 25
15 43
16 4
16 25
17 1
17 19
18 35
18 38
19 1
19 28
20 15
20 16
21 3
21 43
22 0
22 8
23 37
23 45
24 2
24 42
25 29
25 30
26 17
26 44
27 7
27 10
28 26
28 44
29 20
29 41
30 2
30 20
31 12
31 42
32 5
32 45
33 31
33 36
34 11
34 34
35 6
35 27
36 4
36 12
37 7
37 22
38 27
38 37
39 35
39 40
40 6
40 32
41 16
41 36
42 14
42 21
43 24
43 30
44 17
44 19
45 13
45 22

# solution 1366
# n=46 sym=rot4 status=verified source=flammenkamp_cache/n46_rot4.mvr
# code=mvr:0 23 0 35 1 17 1 23 2 30 2 35 3 14 3 36 
0 23
0 35
1 17
1 23
2 30
2 35
3 14
3 36
4 38
4 39
5 14
5 26
6 4
6 30
7 4
7 18
8 18
8 25
9 3
9 33
10 0
10 2
11 11
11 34
12 9
12 16
13 17
13 25
14 40
14 42
15 2
15 6
16 21
16 33
17 32
17 44
18 37
18 38
19 5
19 24
20 8
20 13
21 19
21 29
22 0
22 1
23 44
23 45
24 16
24 26
25 32
25 37
26 21
26 40
27 7
27 8
28 1
28 13
29 12
29 24
30 39
30 43
31 3
31 5
32 20
32 28
33 29
33 36
34 11
34 34
35 43
35 45
36 12
36 42
37 20
37 27
38 27
38 41
39 15
39 41
40 19
40 31
41 6
41 7
42 9
42 31
43 10
43 15
44 22
44 28
45 10
45 22

