# solution 1
# n=49 sym=rct4 status=verified source=flammenkamp_cache/n49_rct4.mvr
# code=mvr:0 16 0 28 1 14 1 42 2 28 2 30 3 11 3 32 
0 16
0 28
1 14
1 42
2 28
2 30
3 11
3 32
4 18
4 23
5 37
5 39
6 1
6 41
7 6
7 31
8 19
8 26
9 5
9 14
10 29
10 35
11 5
11 45
12 12
12 21
13 10
13 15
14 39
14 47
15 27
15 35
16 3
16 48
17 7
17 24
18 2
18 44
19 10
19 40
20 0
20 2
21 15
21 36
22 8
22 25
23 22
23 44
24 17
24 31
25 4
25 26
26 23
26 40
27 12
27 33
28 46
28 48
29 8
29 38
30 4
30 46
31 24
31 41
32 0
32 45
33 13
33 21
34 1
34 9
35 33
35 38
36 27
36 36
37 3
37 43
38 13
38 19
39 34
39 43
40 22
40 29
41 17
41 42
42 7
42 47
43 9
43 11
44 25
44 30
45 16
45 37
46 18
46 20
47 6
47 34
48 20
48 32

# solution 2
# n=49 sym=rct4 status=verified source=flammenkamp_cache/n49_rct4.mvr
# code=mvr:0 29 0 31 1 20 1 41 2 18 2 32 3 21 3 34 
0 29
0 31
1 20
1 41
2 18
2 32
3 21
3 34
4 15
4 37
5 10
5 31
6 15
6 21
7 1
7 9
8 8
8 26
9 35
9 41
10 18
10 43
11 4
11 13
12 29
12 32
13 9
13 37
14 3
14 24
15 42
15 44
16 2
16 12
17 0
17 5
18 38
18 46
19 0
19 12
20 25
20 47
21 42
21 45
22 8
22 25
23 20
23 22
24 14
24 34
25 26
25 28
26 23
26 40
27 3
27 6
28 1
28 23
29 36
29 48
30 2
30 10
31 43
31 48
32 36
32 46
33 4
33 6
34 24
34 45
35 11
35 39
36 16
36 19
37 35
37 44
38 5
38 30
39 7
39 13
40 22
40 40
41 39
41 47
42 27
42 33
43 17
43 38
44 11
44 33
45 14
45 27
46 16
46 30
47 7
47 28
48 17
48 19

# solution 3
# n=49 sym=rct4 status=verified source=flammenkamp_cache/n49_rct4.mvr
# code=mvr:0 8 0 27 1 15 1 19 2 7 2 37 3 17 3 35 4 
0 8
0 27
1 15
1 19
2 7
2 37
3 17
3 35
4 8
4 38
5 24
5 34
6 17
6 27
7 7
7 46
8 44
8 48
9 13
9 16
10 4
10 18
11 2
11 22
12 29
12 34
13 3
13 39
14 5
14 12
15 32
15 47
16 15
16 39
17 42
17 45
18 28
18 38
19 12
19 47
20 18
20 23
21 0
21 6
22 25
22 37
23 22
23 28
24 5
24 43
25 20
25 26
26 11
26 23
27 42
27 48
28 25
28 30
29 1
29 36
30 10
30 20
31 3
31 6
32 9
32 33
33 1
33 16
34 36
34 43
35 9
35 45
36 14
36 19
37 26
37 46
38 30
38 44
39 32
39 35
40 0
40 4
41 2
41 41
42 21
42 31
43 14
43 24
44 10
44 40
45 13
45 31
46 11
46 41
47 29
47 33
48 21
48 40

# solution 4
# n=49 sym=rct4 status=verified source=flammenkamp_cache/n49_rct4.mvr
# code=mvr:0 27 0 33 1 17 1 36 2 18 2 24 3 17 3 35 
0 27
0 33
1 17
1 36
2 18
2 24
3 17
3 35
4 13
4 29
5 5
5 14
6 9
6 11
7 21
7 30
8 14
8 20
9 26
9 42
10 28
10 36
11 16
11 42
12 1
12 10
13 3
13 44
14 40
14 43
15 0
15 32
16 15
16 37
17 45
17 47
18 7
18 46
19 4
19 25
20 10
20 40
21 0
21 41
22 9
22 25
23 19
23 22
24 2
24 46
25 26
25 29
26 23
26 39
27 7
27 48
28 8
28 38
29 23
29 44
30 2
30 41
31 1
31 3
32 11
32 33
33 16
33 48
34 5
34 8
35 4
35 45
36 38
36 47
37 6
37 32
38 12
38 20
39 6
39 22
40 28
40 34
41 18
41 27
42 37
42 39
43 34
43 43
44 19
44 35
45 13
45 31
46 24
46 30
47 12
47 31
48 15
48 21

# solution 5
# n=49 sym=rct4 status=verified source=flammenkamp_cache/n49_rct4.mvr
# code=mvr:0 19 0 32 1 34 1 41 2 19 2 32 3 6 3 24 4
0 19
0 32
1 34
1 41
2 19
2 32
3 6
3 24
4 11
4 39
5 17
5 23
6 6
6 45
7 1
7 15
8 12
8 30
9 4
9 28
10 11
10 22
11 38
11 44
12 27
12 40
13 15
13 17
14 1
14 27
15 35
15 41
16 0
16 2
17 35
17 43
18 8
18 28
19 46
19 48
20 9
20 18
21 12
21 14
22 25
22 38
23 22
23 43
24 3
24 45
25 5
25 26
26 10
26 23
27 34
27 36
28 30
28 39
29 0
29 2
30 20
30 40
31 5
31 13
32 46
32 48
33 7
33 13
34 21
34 47
35 31
35 33
36 8
36 21
37 4
37 10
38 26
38 37
39 20
39 44
40 18
40 36
41 33
41 47
42 3
42 42
43 25
43 31
44 9
44 37
45 24
45 42
46 16
46 29
47 7
47 14
48 16
48 29

# solution 6
# n=49 sym=rct4 status=verified source=flammenkamp_cache/n49_rct4.mvr
# code=mvr:0 28 0 42 1 16 1 23 2 19 2 34 3 24 3 36 
0 28
0 42
1 16
1 23
2 19
2 34
3 24
3 36
4 4
4 42
5 15
5 31
6 0
6 4
7 12
7 21
8 13
8 21
9 35
9 38
10 9
10 16
11 26
11 30
12 3
12 41
13 9
13 40
14 2
14 17
15 29
15 43
16 38
16 47
17 5
17 34
18 11
18 20
19 15
19 46
20 0
20 30
21 40
21 41
22 11
22 25
23 22
23 47
24 3
24 45
25 1
25 26
26 23
26 37
27 7
27 8
28 18
28 48
29 2
29 33
30 28
30 37
31 14
31 43
32 1
32 10
33 5
33 19
34 31
34 46
35 8
35 39
36 7
36 45
37 18
37 22
38 32
38 39
39 10
39 13
40 27
40 35
41 27
41 36
42 44
42 48
43 17
43 33
44 6
44 44
45 12
45 24
46 14
46 29
47 25
47 32
48 6
48 20

# solution 7
# n=49 sym=rct4 status=verified source=flammenkamp_cache/n49_rct4.mvr
# code=mvr:0 17 0 20 1 14 1 35 2 16 2 27 3 24 3 30 
0 17
0 20
1 14
1 35
2 16
2 27
3 24
3 30
4 30
4 36
5 14
5 39
6 17
6 37
7 33
7 40
8 7
8 27
9 5
9 9
10 16
10 22
11 6
11 33
12 4
12 29
13 1
13 19
14 43
14 47
15 7
15 11
16 38
16 46
17 42
17 48
18 3
18 4
19 12
19 35
20 25
20 48
21 2
21 8
22 25
22 38
23 20
23 22
24 3
24 45
25 26
25 28
26 10
26 23
27 40
27 46
28 0
28 23
29 13
29 36
30 44
30 45
31 0
31 6
32 2
32 10
33 37
33 41
34 1
34 5
35 29
35 47
36 19
36 44
37 15
37 42
38 26
38 32
39 39
39 43
40 21
40 41
41 8
41 15
42 11
42 31
43 9
43 34
44 12
44 18
45 18
45 24
46 21
46 32
47 13
47 34
48 28
48 31

# solution 8
# n=49 sym=rct4 status=verified source=flammenkamp_cache/n49_rct4.mvr
# code=mvr:0 8 0 11 1 23 1 42 2 19 2 21 3 32 3 33 4
0 8
0 11
1 23
1 42
2 19
2 21
3 32
3 33
4 13
4 24
5 17
5 26
6 1
6 11
7 7
7 33
8 10
8 48
9 28
9 36
10 34
10 40
11 42
11 48
12 9
12 18
13 31
13 44
14 10
14 27
15 3
15 7
16 3
16 18
17 13
17 43
18 32
18 36
19 20
19 46
20 9
20 29
21 14
21 46
22 5
22 25
23 22
23 47
24 4
24 44
25 1
25 26
26 23
26 43
27 2
27 34
28 19
28 39
29 2
29 28
30 12
30 16
31 5
31 35
32 30
32 45
33 41
33 45
34 21
34 38
35 4
35 17
36 30
36 39
37 0
37 6
38 8
38 14
39 12
39 20
40 0
40 38
41 15
41 41
42 37
42 47
43 22
43 31
44 24
44 35
45 15
45 16
46 27
46 29
47 6
47 25
48 37
48 40

# solution 9
# n=49 sym=rct4 status=verified source=flammenkamp_cache/n49_rct4.mvr
# code=mvr:0 17 0 27 1 12 1 23 2 11 2 41 3 18 3 26 
0 17
0 27
1 12
1 23
2 11
2 41
3 18
3 26
4 10
4 18
5 35
5 36
6 31
6 34
7 2
7 11
8 24
8 28
9 14
9 32
10 10
10 44
11 41
11 46
12 5
12 47
13 5
13 33
14 6
14 39
15 13
15 27
16 9
16 19
17 6
17 48
18 44
18 45
19 20
19 32
20 8
20 29
21 0
21 15
22 3
22 25
23 22
23 47
24 8
24 40
25 1
25 26
26 23
26 45
27 33
27 48
28 19
28 40
29 16
29 28
30 3
30 4
31 0
31 42
32 29
32 39
33 21
33 35
34 9
34 42
35 15
35 43
36 1
36 43
37 2
37 7
38 4
38 38
39 16
39 34
40 20
40 24
41 37
41 46
42 14
42 17
43 12
43 13
44 30
44 38
45 22
45 30
46 7
46 37
47 25
47 36
48 21
48 31

# solution 10
# n=49 sym=rct4 status=verified source=flammenkamp_cache/n49_rct4.mvr
# code=mvr:0 24 0 34 1 17 1 20 2 20 2 32 3 14 3 40 
0 24
0 34
1 17
1 20
2 20
2 32
3 14
3 40
4 4
4 13
5 22
5 23
6 27
6 38
7 36
7 39
8 3
8 33
9 7
9 19
10 6
10 16
11 27
11 30
12 7
12 13
13 36
13 44
14 0
14 45
15 8
15 30
16 2
16 38
17 29
17 47
18 11
18 15
19 17
19 39
20 46
20 47
21 6
21 11
22 25
22 43
23 22
23 43
24 0
24 48
25 5
25 26
26 5
26 23
27 37
27 42
28 1
28 2
29 9
29 31
30 33
30 37
31 1
31 19
32 10
32 46
33 18
33 40
34 3
34 48
35 4
35 12
36 35
36 41
37 18
37 21
38 32
38 42
39 29
39 41
40 15
40 45
41 9
41 12
42 10
42 21
43 25
43 26
44 35
44 44
45 8
45 34
46 16
46 28
47 28
47 31
48 14
48 24

# solution 11
# n=49 sym=rct4 status=verified source=flammenkamp_cache/n49_rct4.mvr
# code=mvr:0 20 0 21 1 5 1 29 2 11 2 33 3 7 3 22 4 
0 20
0 21
1 5
1 29
2 11
2 33
3 7
3 22
4 4
4 28
5 35
5 47
6 29
6 30
7 33
7 45
8 11
8 13
9 10
9 21
10 16
10 39
11 40
11 46
12 17
12 34
13 5
13 40
14 12
14 23
15 2
15 7
16 30
16 38
17 24
17 36
18 6
18 16
19 1
19 6
20 4
20 48
21 39
21 48
22 25
22 45
23 22
23 34
24 17
24 31
25 14
25 26
26 3
26 23
27 0
27 9
28 0
28 44
29 42
29 47
30 32
30 42
31 12
31 24
32 10
32 18
33 41
33 46
34 25
34 36
35 8
35 43
36 14
36 31
37 2
37 8
38 9
38 32
39 27
39 38
40 35
40 37
41 3
41 15
42 18
42 19
43 1
43 13
44 20
44 44
45 26
45 41
46 15
46 37
47 19
47 43
48 27
48 28

# solution 12
# n=49 sym=rct4 status=verified source=flammenkamp_cache/n49_rct4.mvr
# code=mvr:0 22 0 25 1 14 1 22 2 15 2 31 3 7 3 36 4
0 22
0 25
1 14
1 22
2 15
2 31
3 7
3 36
4 10
4 18
5 28
5 37
6 6
6 8
7 21
7 45
8 10
8 42
9 31
9 36
10 40
10 44
11 5
11 21
12 3
12 9
13 14
13 16
14 35
14 47
15 25
15 46
16 28
16 35
17 2
17 9
18 29
18 44
19 18
19 24
20 5
20 16
21 37
21 41
22 47
22 48
23 0
23 15
24 19
24 29
25 33
25 48
26 0
26 1
27 7
27 11
28 32
28 43
29 24
29 30
30 4
30 19
31 39
31 46
32 13
32 20
33 2
33 23
34 1
34 13
35 32
35 34
36 39
36 45
37 27
37 43
38 4
38 8
39 12
39 17
40 6
40 38
41 3
41 27
42 40
42 42
43 11
43 20
44 30
44 38
45 12
45 41
46 17
46 33
47 26
47 34
48 23
48 26

# solution 13
# n=49 sym=rct4 status=verified source=flammenkamp_cache/n49_rct4.mvr
# code=mvr:0 24 0 39 1 10 1 18 2 32 2 40 3 34 3 42 
0 24
0 39
1 10
1 18
2 32
2 40
3 34
3 42
4 17
4 21
5 25
5 40
6 3
6 28
7 12
7 22
8 2
8 5
9 0
9 9
10 32
10 47
11 22
11 29
12 13
12 41
13 33
13 36
14 3
14 18
15 13
15 25
16 2
16 10
17 29
17 44
18 34
18 47
19 11
19 17
20 6
20 27
21 20
21 44
22 37
22 41
23 5
23 15
24 0
24 48
25 33
25 43
26 7
26 11
27 4
27 28
28 21
28 42
29 31
29 37
30 1
30 14
31 4
31 19
32 38
32 46
33 23
33 35
34 30
34 45
35 12
35 15
36 7
36 35
37 19
37 26
38 1
38 16
39 39
39 48
40 43
40 46
41 26
41 36
42 20
42 45
43 8
43 23
44 27
44 31
45 6
45 14
46 8
46 16
47 30
47 38
48 9
48 24

# solution 14
# n=49 sym=rct4 status=verified source=flammenkamp_cache/n49_rct4.mvr
# code=mvr:0 9 0 17 1 3 1 13 2 24 2 32 3 29 3 47 4 
0 9
0 17
1 3
1 13
2 24
2 32
3 29
3 47
4 4
4 19
5 18
5 22
6 8
6 39
7 13
7 31
8 37
8 42
9 6
9 48
10 11
10 15
11 8
11 38
12 25
12 27
13 41
13 47
14 18
14 20
15 25
15 38
16 2
16 20
17 7
17 48
18 34
18 43
19 3
19 44
20 32
20 34
21 12
21 22
22 27
22 43
23 12
23 15
24 2
24 46
25 33
25 36
26 5
26 21
27 26
27 36
28 14
28 16
29 4
29 45
30 5
30 14
31 0
31 41
32 28
32 46
33 10
33 23
34 28
34 30
35 1
35 7
36 21
36 23
37 10
37 40
38 33
38 37
39 0
39 42
40 6
40 11
41 17
41 35
42 9
42 40
43 26
43 30
44 29
44 44
45 1
45 19
46 16
46 24
47 35
47 45
48 31
48 39

# solution 15
# n=49 sym=rct4 status=verified source=flammenkamp_cache/n49_rct4.mvr
# code=mvr:0 17 0 44 1 28 1 46 2 1 2 33 3 12 3 27 4
0 17
0 44
1 28
1 46
2 1
2 33
3 12
3 27
4 0
4 30
5 21
5 37
6 16
6 30
7 20
7 26
8 8
8 38
9 16
9 17
10 8
10 13
11 5
11 22
12 29
12 45
13 34
13 38
14 13
14 25
15 2
15 25
16 39
16 42
17 39
17 48
18 4
18 6
19 12
19 24
20 1
20 41
21 3
21 43
22 7
22 37
23 14
23 15
24 19
24 29
25 33
25 34
26 11
26 41
27 5
27 45
28 7
28 47
29 24
29 36
30 42
30 44
31 0
31 9
32 6
32 9
33 23
33 46
34 23
34 35
35 10
35 14
36 3
36 19
37 26
37 43
38 35
38 40
39 31
39 32
40 10
40 40
41 22
41 28
42 18
42 32
43 11
43 27
44 18
44 48
45 21
45 36
46 15
46 47
47 2
47 20
48 4
48 31

# solution 16
# n=49 sym=rct4 status=verified source=flammenkamp_cache/n49_rct4.mvr
# code=mvr:0 17 0 21 1 17 1 37 2 22 2 42 3 12 3 28 
0 17
0 21
1 17
1 37
2 22
2 42
3 12
3 28
4 4
4 26
5 8
5 10
6 2
6 29
7 18
7 34
8 19
8 43
9 10
9 25
10 39
10 43
11 1
11 35
12 32
12 45
13 11
13 21
14 7
14 32
15 20
15 25
16 12
16 14
17 47
17 48
18 24
18 41
19 6
19 40
20 3
20 33
21 35
21 48
22 4
22 46
23 9
23 15
24 18
24 30
25 33
25 39
26 2
26 44
27 0
27 13
28 15
28 45
29 8
29 42
30 7
30 24
31 0
31 1
32 34
32 36
33 23
33 28
34 16
34 41
35 27
35 37
36 3
36 16
37 13
37 47
38 5
38 9
39 23
39 38
40 5
40 29
41 14
41 30
42 19
42 46
43 38
43 40
44 22
44 44
45 20
45 36
46 6
46 26
47 11
47 31
48 27
48 31

# solution 17
# n=49 sym=rct4 status=verified source=flammenkamp_cache/n49_rct4.mvr
# code=mvr:0 31 0 32 1 20 1 21 2 26 2 39 3 15 3 29 
0 31
0 32
1 20
1 21
2 26
2 39
3 15
3 29
4 10
4 29
5 14
5 42
6 5
6 8
7 28
7 30
8 17
8 42
9 2
9 11
10 16
10 44
11 25
11 39
12 12
12 22
13 18
13 34
14 13
14 43
15 25
15 45
16 0
16 38
17 0
17 40
18 7
18 35
19 3
19 4
20 7
20 47
21 24
21 47
22 2
22 36
23 11
23 15
24 21
24 27
25 33
25 37
26 12
26 46
27 1
27 24
28 1
28 41
29 44
29 45
30 13
30 41
31 8
31 48
32 10
32 48
33 3
33 23
34 5
34 35
35 14
35 30
36 26
36 36
37 9
37 23
38 4
38 32
39 37
39 46
40 6
40 31
41 18
41 20
42 40
42 43
43 6
43 34
44 19
44 38
45 19
45 33
46 9
46 22
47 27
47 28
48 16
48 17

# solution 18
# n=49 sym=rct4 status=verified source=flammenkamp_cache/n49_rct4.mvr
# code=mvr:0 29 0 30 1 15 1 23 2 22 2 36 3 3 3 26 4
0 29
0 30
1 15
1 23
2 22
2 36
3 3
3 26
4 6
4 38
5 12
5 30
6 17
6 44
7 9
7 11
8 29
8 37
9 24
9 41
10 4
10 32
11 8
11 41
12 2
12 43
13 27
13 34
14 13
14 17
15 25
15 47
16 10
16 20
17 34
17 42
18 0
18 5
19 0
19 8
20 21
20 32
21 13
21 28
22 3
22 46
23 15
23 47
24 9
24 39
25 1
25 33
26 2
26 45
27 20
27 35
28 16
28 27
29 40
29 48
30 43
30 48
31 6
31 14
32 28
32 38
33 1
33 23
34 31
34 35
35 14
35 21
36 5
36 46
37 7
37 40
38 16
38 44
39 7
39 24
40 11
40 19
41 37
41 39
42 4
42 31
43 18
43 36
44 10
44 42
45 22
45 45
46 12
46 26
47 25
47 33
48 18
48 19

# solution 19
# n=49 sym=rct4 status=verified source=flammenkamp_cache/n49_rct4.mvr
# code=mvr:0 21 0 29 1 17 1 29 2 6 2 24 3 14 3 32 4
0 21
0 29
1 17
1 29
2 6
2 24
3 14
3 32
4 18
4 36
5 10
5 33
6 9
6 46
7 17
7 25
8 8
8 10
9 18
9 42
10 40
10 43
11 26
11 35
12 4
12 13
13 11
13 36
14 26
14 45
15 5
15 20
16 3
16 25
17 41
17 47
18 39
18 44
19 0
19 1
20 21
20 33
21 28
21 48
22 11
22 14
23 7
23 16
24 2
24 46
25 32
25 41
26 34
26 37
27 0
27 20
28 15
28 27
29 47
29 48
30 4
30 9
31 1
31 7
32 23
32 45
33 28
33 43
34 3
34 22
35 12
35 37
36 35
36 44
37 13
37 22
38 5
38 8
39 6
39 30
40 38
40 40
41 23
41 31
42 2
42 39
43 15
43 38
44 12
44 30
45 16
45 34
46 24
46 42
47 19
47 31
48 19
48 27

# solution 20
# n=49 sym=rct4 status=verified source=flammenkamp_cache/n49_rct4.mvr
# code=mvr:0 28 0 46 1 22 1 34 2 0 2 30 3 15 3 36 4
0 28
0 46
1 22
1 34
2 0
2 30
3 15
3 36
4 19
4 39
5 12
5 39
6 22
6 37
7 11
7 15
8 19
8 30
9 4
9 5
10 20
10 21
11 6
11 41
12 3
12 43
13 21
13 32
14 1
14 17
15 41
15 45
16 13
16 25
17 17
17 34
18 2
18 8
19 40
19 44
20 0
20 38
21 35
21 38
22 42
22 47
23 16
23 24
24 23
24 25
25 24
25 32
26 1
26 6
27 10
27 13
28 10
28 48
29 4
29 8
30 40
30 46
31 14
31 31
32 23
32 35
33 3
33 7
34 31
34 47
35 16
35 27
36 5
36 45
37 7
37 42
38 27
38 28
39 43
39 44
40 18
40 29
41 33
41 37
42 11
42 26
43 9
43 36
44 9
44 29
45 12
45 33
46 18
46 48
47 14
47 26
48 2
48 20

# solution 21
# n=49 sym=rct4 status=verified source=flammenkamp_cache/n49_rct4.mvr
# code=mvr:0 9 0 19 1 6 1 34 2 8 2 36 3 24 3 27 4 4
0 9
0 19
1 6
1 34
2 8
2 36
3 24
3 27
4 4
4 26
5 18
5 33
6 38
6 47
7 26
7 36
8 15
8 46
9 25
9 48
10 6
10 18
11 34
11 35
12 2
12 7
13 11
13 21
14 1
14 11
15 5
15 40
16 25
16 28
17 20
17 29
18 38
18 43
19 17
19 48
20 16
20 31
21 3
21 35
22 4
22 7
23 9
23 16
24 3
24 45
25 32
25 39
26 41
26 44
27 13
27 45
28 17
28 32
29 0
29 31
30 5
30 10
31 19
31 28
32 20
32 23
33 8
33 43
34 37
34 47
35 27
35 37
36 41
36 46
37 13
37 14
38 30
38 42
39 0
39 23
40 2
40 33
41 12
41 22
42 1
42 10
43 15
43 30
44 22
44 44
45 21
45 24
46 12
46 40
47 14
47 42
48 29
48 39

# solution 22
# n=49 sym=rct4 status=verified source=flammenkamp_cache/n49_rct4.mvr
# code=mvr:0 21 0 34 1 22 1 37 2 12 2 22 3 19 3 31 
0 21
0 34
1 22
1 37
2 12
2 22
3 19
3 31
4 21
4 39
5 8
5 20
6 9
6 34
7 8
7 15
8 41
8 43
9 4
9 42
10 16
10 25
11 1
11 30
12 12
12 46
13 19
13 33
14 0
14 6
15 13
15 41
16 25
16 38
17 3
17 30
18 11
18 17
19 35
19 45
20 24
20 43
21 44
21 48
22 46
22 47
23 10
23 16
24 20
24 28
25 32
25 38
26 1
26 2
27 0
27 4
28 5
28 24
29 3
29 13
30 31
30 37
31 18
31 45
32 10
32 23
33 7
33 35
34 42
34 48
35 15
35 29
36 2
36 36
37 18
37 47
38 23
38 32
39 6
39 44
40 5
40 7
41 33
41 40
42 14
42 39
43 28
43 40
44 9
44 27
45 17
45 29
46 26
46 36
47 11
47 26
48 14
48 27

# solution 23
# n=49 sym=rct4 status=verified source=flammenkamp_cache/n49_rct4.mvr
# code=mvr:0 24 0 38 1 12 1 33 2 20 2 38 3 36 3 44 
0 24
0 38
1 12
1 33
2 20
2 38
3 36
3 44
4 3
4 4
5 17
5 21
6 22
6 23
7 14
7 35
8 13
8 21
9 26
9 31
10 0
10 2
11 14
11 16
12 3
12 47
13 7
13 40
14 37
14 41
15 1
15 29
16 25
16 37
17 9
17 43
18 19
18 20
19 15
19 30
20 30
20 46
21 40
21 43
22 9
22 42
23 16
23 42
24 0
24 48
25 6
25 32
26 6
26 39
27 5
27 8
28 2
28 18
29 18
29 33
30 28
30 29
31 5
31 39
32 11
32 23
33 19
33 47
34 7
34 11
35 8
35 41
36 1
36 45
37 32
37 34
38 46
38 48
39 17
39 22
40 27
40 35
41 13
41 34
42 25
42 26
43 27
43 31
44 44
44 45
45 4
45 12
46 10
46 28
47 15
47 36
48 10
48 24

# solution 24
# n=49 sym=rct4 status=verified source=flammenkamp_cache/n49_rct4.mvr
# code=mvr:0 18 0 24 1 9 1 27 2 15 2 29 3 35 3 40 4
0 18
0 24
1 9
1 27
2 15
2 29
3 35
3 40
4 7
4 42
5 17
5 26
6 4
6 38
7 16
7 44
8 3
8 29
9 9
9 47
10 6
10 22
11 12
11 17
12 25
12 37
13 3
13 27
14 15
14 20
15 34
15 46
16 25
16 41
17 37
17 43
18 20
18 48
19 2
19 8
20 30
20 34
21 1
21 13
22 5
22 38
23 12
23 16
24 0
24 48
25 32
25 36
26 10
26 43
27 35
27 47
28 14
28 18
29 40
29 46
30 0
30 28
31 5
31 11
32 7
32 23
33 2
33 14
34 28
34 33
35 21
35 45
36 11
36 23
37 31
37 36
38 26
38 42
39 1
39 39
40 19
40 45
41 4
41 32
42 10
42 44
43 22
43 31
44 6
44 41
45 8
45 13
46 19
46 33
47 21
47 39
48 24
48 30

# solution 25
# n=49 sym=rct4 status=verified source=flammenkamp_cache/n49_rct4.mvr
# code=mvr:0 18 0 24 1 9 1 27 2 15 2 29 3 35 3 40 4
0 18
0 24
1 9
1 27
2 15
2 29
3 35
3 40
4 7
4 42
5 26
5 31
6 4
6 38
7 16
7 44
8 3
8 29
9 9
9 47
10 6
10 22
11 12
11 17
12 25
12 37
13 3
13 27
14 15
14 20
15 34
15 46
16 25
16 41
17 5
17 37
18 20
18 48
19 2
19 8
20 30
20 34
21 1
21 13
22 5
22 38
23 12
23 16
24 0
24 48
25 32
25 36
26 10
26 43
27 35
27 47
28 14
28 18
29 40
29 46
30 0
30 28
31 11
31 43
32 7
32 23
33 2
33 14
34 28
34 33
35 21
35 45
36 11
36 23
37 31
37 36
38 26
38 42
39 1
39 39
40 19
40 45
41 4
41 32
42 10
42 44
43 17
43 22
44 6
44 41
45 8
45 13
46 19
46 33
47 21
47 39
48 24
48 30

# solution 26
# n=49 sym=rct4 status=verified source=flammenkamp_cache/n49_rct4.mvr
# code=mvr:0 24 0 26 1 30 1 31 2 14 2 20 3 13 3 15 
0 24
0 26
1 30
1 31
2 14
2 20
3 13
3 15
4 11
4 40
5 23
5 33
6 19
6 40
7 7
7 26
8 4
8 6
9 20
9 38
10 9
10 21
11 31
11 44
12 34
12 35
13 12
13 45
14 12
14 46
15 5
15 45
16 19
16 25
17 1
17 11
18 1
18 27
19 32
19 42
20 39
20 46
21 18
21 38
22 0
22 7
23 16
23 43
24 0
24 48
25 5
25 32
26 41
26 48
27 10
27 30
28 2
28 9
29 6
29 16
30 21
30 47
31 37
31 47
32 23
32 29
33 3
33 43
34 2
34 36
35 3
35 36
36 13
36 14
37 4
37 17
38 27
38 39
39 10
39 28
40 42
40 44
41 22
41 41
42 8
42 29
43 15
43 25
44 8
44 37
45 33
45 35
46 28
46 34
47 17
47 18
48 22
48 24

# solution 27
# n=49 sym=rct4 status=verified source=flammenkamp_cache/n49_rct4.mvr
# code=mvr:0 13 0 23 1 29 1 38 2 28 2 32 3 3 3 25 4
0 13
0 23
1 29
1 38
2 28
2 32
3 3
3 25
4 15
4 21
5 31
5 37
6 12
6 18
7 28
7 38
8 12
8 39
9 8
9 18
10 1
10 7
11 5
11 26
12 40
12 42
13 15
13 48
14 29
14 31
15 35
15 44
16 2
16 24
17 5
17 14
18 39
18 42
19 1
19 14
20 2
20 7
21 26
21 44
22 11
22 21
23 3
23 48
24 16
24 32
25 0
25 45
26 27
26 37
27 4
27 22
28 41
28 46
29 34
29 47
30 6
30 9
31 34
31 43
32 24
32 46
33 4
33 13
34 17
34 19
35 0
35 33
36 6
36 8
37 22
37 43
38 41
38 47
39 30
39 40
40 9
40 36
41 10
41 20
42 30
42 36
43 11
43 17
44 27
44 33
45 23
45 45
46 16
46 20
47 10
47 19
48 25
48 35

# solution 28
# n=49 sym=rct4 status=verified source=flammenkamp_cache/n49_rct4.mvr
# code=mvr:0 22 0 35 1 19 1 28 2 25 2 39 3 18 3 25 
0 22
0 35
1 19
1 28
2 25
2 39
3 18
3 25
4 8
4 12
5 34
5 36
6 27
6 32
7 7
7 11
8 39
8 44
9 2
9 8
10 13
10 19
11 27
11 41
12 5
12 44
13 0
13 38
14 5
14 22
15 16
15 17
16 6
16 33
17 28
17 33
18 24
18 45
19 38
19 47
20 1
20 17
21 6
21 11
22 34
22 48
23 2
23 3
24 18
24 30
25 45
25 46
26 0
26 14
27 37
27 42
28 31
28 47
29 1
29 10
30 3
30 24
31 15
31 20
32 15
32 42
33 31
33 32
34 26
34 43
35 10
35 48
36 4
36 43
37 7
37 21
38 29
38 35
39 40
39 46
40 4
40 9
41 37
41 41
42 16
42 21
43 12
43 14
44 36
44 40
45 23
45 30
46 9
46 23
47 20
47 29
48 13
48 26

# solution 29
# n=49 sym=rct4 status=verified source=flammenkamp_cache/n49_rct4.mvr
# code=mvr:0 22 0 30 1 18 1 21 2 13 2 15 3 33 3 34 
0 22
0 30
1 18
1 21
2 13
2 15
3 33
3 34
4 20
4 26
5 5
5 8
6 7
6 8
7 36
7 42
8 42
8 43
9 24
9 32
10 19
10 34
11 20
11 27
12 7
12 13
13 36
13 46
14 3
14 10
15 3
15 46
16 9
16 29
17 23
17 25
18 0
18 47
19 16
19 38
20 37
20 44
21 11
21 47
22 4
22 48
23 17
23 31
24 9
24 39
25 17
25 31
26 0
26 44
27 1
27 37
28 4
28 11
29 10
29 32
30 1
30 48
31 23
31 25
32 19
32 39
33 2
33 45
34 38
34 45
35 2
35 12
36 35
36 41
37 21
37 28
38 14
38 29
39 16
39 24
40 5
40 6
41 6
41 12
42 40
42 41
43 40
43 43
44 22
44 28
45 14
45 15
46 33
46 35
47 27
47 30
48 18
48 26

# solution 30
# n=49 sym=rct4 status=verified source=flammenkamp_cache/n49_rct4.mvr
# code=mvr:0 21 0 30 1 30 1 36 2 24 2 33 3 11 3 13 
0 21
0 30
1 30
1 36
2 24
2 33
3 11
3 13
4 4
4 41
5 19
5 20
6 10
6 26
7 4
7 14
8 10
8 17
9 29
9 33
10 40
10 42
11 32
11 45
12 1
12 25
13 20
13 45
14 32
14 41
15 2
15 9
16 11
16 14
17 25
17 40
18 0
18 1
19 9
19 43
20 35
20 43
21 22
21 48
22 6
22 27
23 12
23 17
24 2
24 46
25 31
25 36
26 21
26 42
27 0
27 26
28 5
28 13
29 5
29 39
30 47
30 48
31 8
31 23
32 34
32 37
33 39
33 46
34 7
34 16
35 3
35 28
36 23
36 47
37 3
37 16
38 6
38 8
39 15
39 19
40 31
40 38
41 34
41 44
42 22
42 38
43 28
43 29
44 7
44 44
45 35
45 37
46 15
46 24
47 12
47 18
48 18
48 27

# solution 31
# n=49 sym=rct4 status=verified source=flammenkamp_cache/n49_rct4.mvr
# code=mvr:0 26 0 30 1 18 1 21 2 13 2 15 3 33 3 34 
0 26
0 30
1 18
1 21
2 13
2 15
3 33
3 34
4 20
4 26
5 5
5 8
6 7
6 8
7 36
7 42
8 42
8 43
9 24
9 32
10 19
10 34
11 20
11 27
12 7
12 13
13 36
13 46
14 3
14 10
15 3
15 46
16 9
16 29
17 23
17 25
18 0
18 47
19 16
19 38
20 37
20 44
21 11
21 47
22 0
22 4
23 17
23 31
24 9
24 39
25 17
25 31
26 44
26 48
27 1
27 37
28 4
28 11
29 10
29 32
30 1
30 48
31 23
31 25
32 19
32 39
33 2
33 45
34 38
34 45
35 2
35 12
36 35
36 41
37 21
37 28
38 14
38 29
39 16
39 24
40 5
40 6
41 6
41 12
42 40
42 41
43 40
43 43
44 22
44 28
45 14
45 15
46 33
46 35
47 27
47 30
48 18
48 22

# solution 32
# n=49 sym=rct4 status=verified source=flammenkamp_cache/n49_rct4.mvr
# code=mvr:0 10 0 28 1 22 1 29 2 5 2 38 3 3 3 25 4 
0 10
0 28
1 22
1 29
2 5
2 38
3 3
3 25
4 33
4 35
5 36
5 46
6 18
6 21
7 12
7 22
8 21
8 30
9 14
9 32
10 2
10 48
11 34
11 35
12 5
12 41
13 4
13 11
14 11
14 39
15 4
15 32
16 9
16 15
17 25
17 29
18 8
18 42
19 1
19 17
20 0
20 24
21 40
21 42
22 41
22 47
23 3
23 17
24 20
24 28
25 31
25 45
26 1
26 7
27 6
27 8
28 24
28 48
29 31
29 47
30 6
30 40
31 19
31 23
32 33
32 39
33 16
33 44
34 9
34 37
35 37
35 44
36 7
36 43
37 13
37 14
38 0
38 46
39 16
39 34
40 18
40 27
41 26
41 36
42 27
42 30
43 2
43 12
44 13
44 15
45 23
45 45
46 10
46 43
47 19
47 26
48 20
48 38

# solution 33
# n=49 sym=rct4 status=verified source=flammenkamp_cache/n49_rct4.mvr
# code=mvr:0 27 0 35 1 27 1 33 2 12 2 24 3 8 3 12 4
0 27
0 35
1 27
1 33
2 12
2 24
3 8
3 12
4 29
4 37
5 5
5 9
6 16
6 22
7 20
7 38
8 33
8 45
9 25
9 43
10 7
10 37
11 4
11 10
12 45
12 46
13 0
13 30
14 22
14 31
15 1
15 8
16 20
16 42
17 14
17 25
18 13
18 29
19 4
19 18
20 32
20 41
21 0
21 1
22 34
22 42
23 9
23 17
24 2
24 46
25 31
25 39
26 6
26 14
27 47
27 48
28 7
28 16
29 30
29 44
30 19
30 35
31 23
31 34
32 6
32 28
33 40
33 47
34 17
34 26
35 18
35 48
36 2
36 3
37 38
37 44
38 11
38 41
39 5
39 23
40 3
40 15
41 10
41 28
42 26
42 32
43 39
43 43
44 11
44 19
45 36
45 40
46 24
46 36
47 15
47 21
48 13
48 21

# solution 34
# n=49 sym=rct4 status=verified source=flammenkamp_cache/n49_rct4.mvr
# code=mvr:0 19 0 20 1 22 1 35 2 37 2 42 3 3 3 29 4
0 19
0 20
1 22
1 35
2 37
2 42
3 3
3 29
4 15
4 23
5 32
5 40
6 2
6 28
7 9
7 21
8 5
8 32
9 13
9 41
10 22
10 37
11 2
11 10
12 14
12 21
13 1
13 39
14 24
14 36
15 30
15 44
16 5
16 8
17 25
17 30
18 15
18 17
19 3
19 48
20 6
20 48
21 36
21 41
22 38
22 47
23 17
23 44
24 14
24 34
25 4
25 31
26 1
26 10
27 7
27 12
28 0
28 42
29 0
29 45
30 31
30 33
31 18
31 23
32 40
32 43
33 4
33 18
34 12
34 24
35 9
35 47
36 27
36 34
37 38
37 46
38 11
38 26
39 7
39 35
40 16
40 43
41 27
41 39
42 20
42 46
43 8
43 16
44 25
44 33
45 19
45 45
46 6
46 11
47 13
47 26
48 28
48 29

# solution 35
# n=49 sym=rct4 status=verified source=flammenkamp_cache/n49_rct4.mvr
# code=mvr:0 11 0 25 1 21 1 30 2 15 2 36 3 15 3 19 
0 11
0 25
1 21
1 30
2 15
2 36
3 15
3 19
4 7
4 31
5 14
5 37
6 38
6 40
7 26
7 44
8 6
8 28
9 16
9 18
10 6
10 10
11 5
11 48
12 2
12 26
13 21
13 28
14 32
14 43
15 45
15 46
16 14
16 39
17 4
17 25
18 1
18 39
19 24
19 45
20 8
20 13
21 35
21 47
22 7
22 12
23 0
23 17
24 19
24 29
25 31
25 48
26 36
26 41
27 1
27 13
28 35
28 40
29 3
29 24
30 9
30 47
31 23
31 44
32 9
32 34
33 2
33 3
34 5
34 16
35 20
35 27
36 22
36 46
37 0
37 43
38 38
38 42
39 30
39 32
40 20
40 42
41 4
41 22
42 8
42 10
43 11
43 34
44 17
44 41
45 29
45 33
46 12
46 33
47 18
47 27
48 23
48 37

# solution 36
# n=49 sym=rct4 status=verified source=flammenkamp_cache/n49_rct4.mvr
# code=mvr:0 22 0 35 1 30 1 32 2 32 2 40 3 14 3 36 
0 22
0 35
1 30
1 32
2 32
2 40
3 14
3 36
4 9
4 20
5 15
5 27
6 9
6 14
7 22
7 37
8 2
8 27
9 42
9 44
10 12
10 13
11 7
11 23
12 3
12 38
13 0
13 38
14 42
14 45
15 15
15 43
16 1
16 2
17 24
17 25
18 1
18 29
19 18
19 20
20 29
20 44
21 5
21 8
22 41
22 48
23 17
23 37
24 17
24 31
25 11
25 31
26 0
26 7
27 40
27 43
28 4
28 19
29 28
29 30
30 19
30 47
31 23
31 24
32 46
32 47
33 5
33 33
34 3
34 6
35 10
35 48
36 10
36 45
37 25
37 41
38 35
38 36
39 4
39 6
40 21
40 46
41 11
41 26
42 34
42 39
43 21
43 33
44 28
44 39
45 12
45 34
46 8
46 16
47 16
47 18
48 13
48 26

# solution 37
# n=49 sym=rct4 status=verified source=flammenkamp_cache/n49_rct4.mvr
# code=mvr:0 35 0 41 1 22 1 23 2 14 2 29 3 8 3 11 4
0 35
0 41
1 22
1 23
2 14
2 29
3 8
3 11
4 9
4 27
5 14
5 19
6 16
6 24
7 0
7 40
8 7
8 45
9 18
9 44
10 10
10 36
11 31
11 45
12 10
12 22
13 0
13 33
14 43
14 46
15 13
15 30
16 20
16 42
17 11
17 25
18 15
18 39
19 2
19 43
20 27
20 32
21 4
21 20
22 36
22 47
23 17
23 47
24 6
24 42
25 1
25 31
26 1
26 12
27 28
27 44
28 16
28 21
29 5
29 46
30 9
30 33
31 23
31 37
32 6
32 28
33 18
33 35
34 2
34 5
35 15
35 48
36 26
36 38
37 3
37 17
38 12
38 38
39 4
39 30
40 3
40 41
41 8
41 48
42 24
42 32
43 29
43 34
44 21
44 39
45 37
45 40
46 19
46 34
47 25
47 26
48 7
48 13

# solution 38
# n=49 sym=rct4 status=verified source=flammenkamp_cache/n49_rct4.mvr
# code=mvr:0 30 0 34 1 24 1 33 2 28 2 40 3 13 3 19 
0 30
0 34
1 24
1 33
2 28
2 40
3 13
3 19
4 4
4 43
5 4
5 22
6 15
6 26
7 12
7 16
8 2
8 30
9 36
9 37
10 25
10 35
11 9
11 16
12 9
12 41
13 10
13 45
14 0
14 21
15 1
15 42
16 37
16 41
17 19
17 25
18 0
18 8
19 31
19 45
20 2
20 27
21 20
21 34
22 6
22 43
23 10
23 17
24 1
24 47
25 31
25 38
26 5
26 42
27 14
27 28
28 21
28 46
29 3
29 17
30 40
30 48
31 23
31 29
32 7
32 11
33 6
33 47
34 27
34 48
35 3
35 38
36 7
36 39
37 32
37 39
38 13
38 23
39 11
39 12
40 18
40 46
41 32
41 36
42 22
42 33
43 26
43 44
44 5
44 44
45 29
45 35
46 8
46 20
47 15
47 24
48 14
48 18

# solution 39
# n=49 sym=rct4 status=verified source=flammenkamp_cache/n49_rct4.mvr
# code=mvr:0 22 0 33 1 18 1 20 2 30 2 33 3 22 3 36 
0 22
0 33
1 18
1 20
2 30
2 33
3 22
3 36
4 8
4 34
5 19
5 21
6 6
6 32
7 37
7 39
8 39
8 44
9 7
9 8
10 13
10 25
11 7
11 31
12 3
12 19
13 24
13 38
14 4
14 32
15 0
15 2
16 6
16 14
17 11
17 25
18 2
18 47
19 36
19 43
20 27
20 47
21 20
21 43
22 45
22 48
23 10
23 17
24 13
24 35
25 31
25 38
26 0
26 3
27 5
27 28
28 1
28 21
29 5
29 12
30 1
30 46
31 23
31 37
32 34
32 42
33 46
33 48
34 16
34 44
35 10
35 24
36 29
36 45
37 17
37 41
38 23
38 35
39 40
39 41
40 4
40 9
41 9
41 11
42 16
42 42
43 27
43 29
44 14
44 40
45 12
45 26
46 15
46 18
47 28
47 30
48 15
48 26

# solution 40
# n=49 sym=rct4 status=verified source=flammenkamp_cache/n49_rct4.mvr
# code=mvr:0 1 0 35 1 27 1 48 2 16 2 18 3 8 3 13 4 
0 1
0 35
1 27
1 48
2 16
2 18
3 8
3 13
4 20
4 33
5 10
5 26
6 6
6 27
7 32
7 34
8 17
8 45
9 11
9 29
10 23
10 43
11 29
11 39
12 18
12 34
13 0
13 45
14 7
14 12
15 4
15 22
16 7
16 46
17 25
17 40
18 36
18 46
19 9
19 11
20 24
20 44
21 1
21 6
22 5
22 33
23 17
23 38
24 20
24 28
25 10
25 31
26 15
26 43
27 42
27 47
28 4
28 24
29 37
29 39
30 2
30 12
31 8
31 23
32 2
32 41
33 26
33 44
34 36
34 41
35 3
35 48
36 14
36 30
37 9
37 19
38 5
38 25
39 19
39 37
40 3
40 31
41 14
41 16
42 21
42 42
43 22
43 38
44 15
44 28
45 35
45 40
46 30
46 32
47 0
47 21
48 13
48 47

# solution 41
# n=49 sym=rct4 status=verified source=flammenkamp_cache/n49_rct4.mvr
# code=mvr:0 0 0 31 1 25 1 28 2 18 2 36 3 15 3 24 4
0 0
0 31
1 25
1 28
2 18
2 36
3 15
3 24
4 9
4 13
5 13
5 37
6 7
6 39
7 8
7 42
8 28
8 41
9 6
9 44
10 19
10 21
11 5
11 15
12 2
12 26
13 43
13 44
14 30
14 32
15 37
15 45
16 14
16 21
17 0
17 25
18 14
18 46
19 26
19 38
20 1
20 8
21 32
21 38
22 12
22 19
23 1
23 17
24 3
24 45
25 31
25 47
26 29
26 36
27 10
27 16
28 40
28 47
29 10
29 22
30 2
30 34
31 23
31 48
32 27
32 34
33 3
33 11
34 16
34 18
35 4
35 5
36 22
36 46
37 33
37 43
38 27
38 29
39 4
39 42
40 7
40 20
41 6
41 40
42 9
42 41
43 11
43 35
44 35
44 39
45 24
45 33
46 12
46 30
47 20
47 23
48 17
48 48

# solution 42
# n=49 sym=rct4 status=verified source=flammenkamp_cache/n49_rct4.mvr
# code=mvr:0 29 0 30 1 22 1 28 2 30 2 41 3 16 3 39 
0 29
0 30
1 22
1 28
2 30
2 41
3 16
3 39
4 11
4 27
5 12
5 21
6 9
6 17
7 2
7 10
8 20
8 36
9 3
9 42
10 33
10 41
11 29
11 44
12 8
12 43
13 23
13 34
14 13
14 14
15 10
15 32
16 15
16 45
17 25
17 42
18 0
18 2
19 0
19 11
20 1
20 40
21 4
21 43
22 24
22 47
23 17
23 35
24 22
24 26
25 13
25 31
26 1
26 24
27 5
27 44
28 8
28 47
29 37
29 48
30 46
30 48
31 6
31 23
32 3
32 33
33 16
33 38
34 34
34 35
35 14
35 25
36 5
36 40
37 4
37 19
38 7
38 15
39 6
39 45
40 12
40 28
41 38
41 46
42 31
42 39
43 27
43 36
44 21
44 37
45 9
45 32
46 7
46 18
47 20
47 26
48 18
48 19

# solution 43
# n=49 sym=rct4 status=verified source=flammenkamp_cache/n49_rct4.mvr
# code=mvr:0 19 0 30 1 26 1 32 2 19 2 30 3 37 3 42 
0 19
0 30
1 26
1 32
2 19
2 30
3 37
3 42
4 10
4 13
5 17
5 27
6 3
6 39
7 8
7 14
8 36
8 41
9 6
9 21
10 34
10 44
11 3
11 11
12 8
12 25
13 20
13 44
14 10
14 41
15 20
15 32
16 1
16 15
17 25
17 43
18 0
18 2
19 46
19 48
20 33
20 35
21 5
21 39
22 1
22 24
23 12
23 17
24 22
24 26
25 31
25 36
26 24
26 47
27 9
27 43
28 13
28 15
29 0
29 2
30 46
30 48
31 5
31 23
32 33
32 47
33 16
33 28
34 7
34 38
35 4
35 28
36 23
36 40
37 37
37 45
38 4
38 14
39 27
39 42
40 7
40 12
41 34
41 40
42 9
42 45
43 21
43 31
44 35
44 38
45 6
45 11
46 18
46 29
47 16
47 22
48 18
48 29

# solution 44
# n=49 sym=rct4 status=verified source=flammenkamp_cache/n49_rct4.mvr
# code=mvr:0 16 0 31 1 14 1 15 2 27 2 32 3 7 3 21 4
0 16
0 31
1 14
1 15
2 27
2 32
3 7
3 21
4 20
4 29
5 12
5 38
6 6
6 14
7 37
7 45
8 11
8 25
9 18
9 28
10 5
10 15
11 7
11 40
12 13
12 43
13 26
13 36
14 42
14 47
15 38
15 47
16 2
16 48
17 0
17 25
18 29
18 39
19 4
19 18
20 9
20 44
21 2
21 45
22 13
22 24
23 8
23 17
24 22
24 26
25 31
25 40
26 24
26 35
27 3
27 46
28 4
28 39
29 30
29 44
30 9
30 19
31 23
31 48
32 0
32 46
33 1
33 10
34 1
34 6
35 12
35 22
36 5
36 35
37 8
37 41
38 33
38 43
39 20
39 30
40 23
40 37
41 3
41 11
42 34
42 42
43 10
43 36
44 19
44 28
45 27
45 41
46 16
46 21
47 33
47 34
48 17
48 32

# solution 45
# n=49 sym=rct4 status=verified source=flammenkamp_cache/n49_rct4.mvr
# code=mvr:0 25 0 26 1 17 1 20 2 33 2 39 3 11 3 14 
0 25
0 26
1 17
1 20
2 33
2 39
3 11
3 14
4 25
4 38
5 29
5 32
6 22
6 27
7 39
7 40
8 7
8 34
9 2
9 7
10 4
10 13
11 29
11 45
12 21
12 24
13 18
13 38
14 8
14 45
15 2
15 32
16 5
16 15
17 17
17 47
18 28
18 35
19 5
19 11
20 18
20 47
21 6
21 36
22 0
22 42
23 0
23 4
24 12
24 36
25 44
25 48
26 6
26 48
27 12
27 42
28 1
28 30
29 37
29 43
30 13
30 20
31 1
31 31
32 33
32 43
33 16
33 46
34 3
34 40
35 10
35 30
36 24
36 27
37 3
37 19
38 35
38 44
39 41
39 46
40 14
40 41
41 8
41 9
42 21
42 26
43 16
43 19
44 10
44 23
45 34
45 37
46 9
46 15
47 28
47 31
48 22
48 23

# solution 46
# n=49 sym=rct4 status=verified source=flammenkamp_cache/n49_rct4.mvr
# code=mvr:0 18 0 39 1 11 1 23 2 26 2 33 3 6 3 19 4
0 18
0 39
1 11
1 23
2 26
2 33
3 6
3 19
4 25
4 33
5 14
5 30
6 7
6 45
7 21
7 42
8 13
8 29
9 0
9 9
10 32
10 36
11 14
11 47
12 10
12 13
13 36
13 40
14 37
14 43
15 2
15 4
16 10
16 20
17 21
17 24
18 5
18 48
19 8
19 45
20 26
20 32
21 31
21 41
22 2
22 20
23 4
23 47
24 17
24 31
25 1
25 44
26 28
26 46
27 7
27 17
28 16
28 22
29 3
29 40
30 0
30 43
31 24
31 27
32 28
32 38
33 44
33 46
34 5
34 11
35 8
35 12
36 35
36 38
37 1
37 34
38 12
38 16
39 39
39 48
40 19
40 35
41 6
41 27
42 3
42 41
43 18
43 34
44 15
44 23
45 29
45 42
46 15
46 22
47 25
47 37
48 9
48 30

# solution 47
# n=49 sym=rct4 status=verified source=flammenkamp_cache/n49_rct4.mvr
# code=mvr:0 25 0 40 1 11 1 18 2 18 2 32 3 3 3 35 4
0 25
0 40
1 11
1 18
2 18
2 32
3 3
3 35
4 25
4 27
5 11
5 29
6 35
6 41
7 6
7 15
8 0
8 12
9 20
9 24
10 16
10 22
11 43
11 47
12 34
12 40
13 3
13 6
14 12
14 27
15 20
15 41
16 2
16 38
17 19
17 26
18 46
18 47
19 5
19 31
20 33
20 39
21 4
21 14
22 17
22 38
23 0
23 4
24 9
24 39
25 44
25 48
26 10
26 31
27 34
27 44
28 9
28 15
29 17
29 43
30 1
30 2
31 22
31 29
32 10
32 46
33 7
33 28
34 21
34 36
35 42
35 45
36 8
36 14
37 1
37 5
38 26
38 32
39 24
39 28
40 36
40 48
41 33
41 42
42 7
42 13
43 19
43 37
44 21
44 23
45 13
45 45
46 16
46 30
47 30
47 37
48 8
48 23

# solution 48
# n=49 sym=rct4 status=verified source=flammenkamp_cache/n49_rct4.mvr
# code=mvr:0 19 0 26 1 28 1 39 2 8 2 12 3 15 3 33 4
0 19
0 26
1 28
1 39
2 8
2 12
3 15
3 33
4 39
4 40
5 12
5 18
6 19
6 26
7 32
7 38
8 4
8 46
9 1
9 4
10 7
10 32
11 21
11 28
12 43
12 46
13 17
13 27
14 14
14 17
15 3
15 45
16 7
16 10
17 34
17 35
18 25
18 43
19 42
19 48
20 1
20 11
21 13
21 37
22 0
22 6
23 18
23 24
24 23
24 25
25 24
25 30
26 42
26 48
27 11
27 35
28 37
28 47
29 0
29 6
30 5
30 23
31 13
31 14
32 38
32 41
33 3
33 45
34 31
34 34
35 21
35 31
36 2
36 5
37 20
37 27
38 16
38 41
39 44
39 47
40 2
40 44
41 10
41 16
42 22
42 29
43 30
43 36
44 8
44 9
45 15
45 33
46 36
46 40
47 9
47 20
48 22
48 29

# solution 49
# n=49 sym=rct4 status=verified source=flammenkamp_cache/n49_rct4.mvr
# code=mvr:0 32 0 33 1 31 1 37 2 8 2 19 3 20 3 22 4
0 32
0 33
1 31
1 37
2 8
2 19
3 20
3 22
4 19
4 42
5 14
5 42
6 4
6 5
7 12
7 31
8 22
8 46
9 18
9 21
10 10
10 32
11 1
11 23
12 35
12 41
13 12
13 15
14 21
14 43
15 0
15 35
16 0
16 10
17 1
17 7
18 25
18 39
19 44
19 46
20 24
20 45
21 34
21 39
22 40
22 45
23 18
23 37
24 20
24 28
25 11
25 30
26 3
26 8
27 9
27 14
28 3
28 24
29 2
29 4
30 9
30 23
31 41
31 47
32 38
32 48
33 13
33 48
34 5
34 27
35 33
35 36
36 7
36 13
37 25
37 47
38 16
38 38
39 27
39 30
40 2
40 26
41 17
41 36
42 43
42 44
43 6
43 34
44 6
44 29
45 26
45 28
46 29
46 40
47 11
47 17
48 15
48 16

# solution 50
# n=49 sym=rct4 status=verified source=flammenkamp_cache/n49_rct4.mvr
# code=mvr:0 20 0 23 1 17 1 34 2 33 2 38 3 26 3 27 
0 20
0 23
1 17
1 34
2 33
2 38
3 26
3 27
4 4
4 40
5 8
5 19
6 10
6 13
7 19
7 39
8 4
8 43
9 7
9 27
10 2
10 42
11 28
11 36
12 11
12 34
13 16
13 42
14 1
14 12
15 2
15 32
16 15
16 35
17 26
17 47
18 24
18 25
19 41
19 43
20 11
20 48
21 3
21 9
22 3
22 17
23 18
23 48
24 18
24 30
25 0
25 30
26 31
26 45
27 39
27 45
28 0
28 37
29 5
29 7
30 23
30 24
31 1
31 22
32 13
32 33
33 16
33 46
34 36
34 47
35 6
35 32
36 14
36 37
37 12
37 20
38 6
38 46
39 21
39 41
40 5
40 44
41 9
41 29
42 35
42 38
43 29
43 40
44 8
44 44
45 21
45 22
46 10
46 15
47 14
47 31
48 25
48 28

# solution 51
# n=49 sym=rct4 status=verified source=flammenkamp_cache/n49_rct4.mvr
# code=mvr:0 21 0 26 1 32 1 33 2 2 2 30 3 26 3 38 4
0 21
0 26
1 32
1 33
2 2
2 30
3 26
3 38
4 17
4 20
5 13
5 40
6 25
6 39
7 11
7 32
8 5
8 29
9 6
9 10
10 3
10 39
11 29
11 41
12 14
12 21
13 17
13 43
14 24
14 36
15 1
15 28
16 1
16 7
17 35
17 44
18 2
18 25
19 8
19 11
20 15
20 44
21 36
21 48
22 0
22 3
23 6
23 18
24 14
24 34
25 30
25 42
26 45
26 48
27 0
27 12
28 4
28 33
29 37
29 40
30 23
30 46
31 4
31 13
32 41
32 47
33 20
33 47
34 12
34 24
35 5
35 31
36 27
36 34
37 7
37 19
38 9
38 45
39 38
39 42
40 19
40 43
41 16
41 37
42 9
42 23
43 8
43 35
44 28
44 31
45 10
45 22
46 18
46 46
47 15
47 16
48 22
48 27

# solution 52
# n=49 sym=rct4 status=verified source=flammenkamp_cache/n49_rct4.mvr
# code=mvr:0 23 0 33 1 20 1 36 2 13 2 15 3 26 3 29 
0 23
0 33
1 20
1 36
2 13
2 15
3 26
3 29
4 24
4 32
5 7
5 11
6 10
6 34
7 29
7 43
8 35
8 37
9 10
9 18
10 39
10 42
11 8
11 43
12 1
12 22
13 8
13 46
14 6
14 16
15 0
15 46
16 4
16 34
17 17
17 27
18 25
18 39
19 3
19 7
20 27
20 47
21 17
21 20
22 3
22 36
23 18
23 48
24 4
24 44
25 0
25 30
26 12
26 45
27 28
27 31
28 1
28 21
29 41
29 45
30 9
30 23
31 21
31 31
32 14
32 44
33 2
33 48
34 32
34 42
35 2
35 40
36 26
36 47
37 5
37 40
38 6
38 9
39 30
39 38
40 11
40 13
41 5
41 19
42 14
42 38
43 37
43 41
44 16
44 24
45 19
45 22
46 33
46 35
47 12
47 28
48 15
48 25

# solution 53
# n=49 sym=rct4 status=verified source=flammenkamp_cache/n49_rct4.mvr
# code=mvr:0 24 0 31 1 26 1 28 2 17 2 35 3 3 3 33 4
0 24
0 31
1 26
1 28
2 17
2 35
3 3
3 33
4 26
4 38
5 8
5 32
6 8
6 21
7 16
7 37
8 42
8 43
9 19
9 25
10 4
10 12
11 7
11 19
12 35
12 38
13 2
13 12
14 18
14 27
15 3
15 20
16 5
16 41
17 0
17 46
18 25
18 34
19 37
19 39
20 1
20 33
21 14
21 42
22 1
22 4
23 9
23 18
24 0
24 48
25 30
25 39
26 44
26 47
27 6
27 34
28 15
28 47
29 9
29 11
30 14
30 23
31 2
31 48
32 7
32 43
33 28
33 45
34 21
34 30
35 36
35 46
36 10
36 13
37 29
37 41
38 36
38 44
39 23
39 29
40 5
40 6
41 11
41 32
42 27
42 40
43 16
43 40
44 10
44 22
45 15
45 45
46 13
46 31
47 20
47 22
48 17
48 24

# solution 54
# n=49 sym=rct4 status=verified source=flammenkamp_cache/n49_rct4.mvr
# code=mvr:0 35 0 37 1 22 1 24 2 27 2 31 3 14 3 44 
0 35
0 37
1 22
1 24
2 27
2 31
3 14
3 44
4 3
4 16
5 5
5 19
6 9
6 36
7 19
7 33
8 23
8 35
9 38
9 42
10 9
10 14
11 0
11 28
12 6
12 28
13 0
13 8
14 38
14 45
15 7
15 31
16 22
16 44
17 2
17 15
18 25
18 27
19 41
19 43
20 11
20 12
21 2
21 18
22 32
22 47
23 18
23 40
24 1
24 47
25 8
25 30
26 1
26 16
27 30
27 46
28 36
28 37
29 5
29 7
30 21
30 23
31 33
31 46
32 4
32 26
33 17
33 41
34 3
34 10
35 40
35 48
36 20
36 42
37 20
37 48
38 34
38 39
39 6
39 10
40 13
40 25
41 15
41 29
42 12
42 39
43 29
43 43
44 32
44 45
45 4
45 34
46 17
46 21
47 24
47 26
48 11
48 13

# solution 55
# n=49 sym=rct4 status=verified source=flammenkamp_cache/n49_rct4.mvr
# code=mvr:0 29 0 34 1 17 1 22 2 24 2 28 3 15 3 37 
0 29
0 34
1 17
1 22
2 24
2 28
3 15
3 37
4 29
4 31
5 15
5 36
6 6
6 21
7 8
7 10
8 21
8 41
9 25
9 35
10 37
10 41
11 3
11 10
12 5
12 16
13 9
13 18
14 0
14 16
15 43
15 45
16 34
16 36
17 4
17 47
18 25
18 35
19 0
19 4
20 2
20 26
21 40
21 42
22 20
22 47
23 9
23 18
24 2
24 46
25 30
25 39
26 1
26 28
27 6
27 8
28 22
28 46
29 44
29 48
30 13
30 23
31 1
31 44
32 12
32 14
33 3
33 5
34 32
34 48
35 30
35 39
36 32
36 43
37 38
37 45
38 7
38 11
39 13
39 23
40 7
40 27
41 38
41 40
42 27
42 42
43 12
43 33
44 17
44 19
45 11
45 33
46 20
46 24
47 26
47 31
48 14
48 19

# solution 56
# n=49 sym=rct4 status=verified source=flammenkamp_cache/n49_rct4.mvr
# code=mvr:0 12 0 21 1 22 1 32 2 15 2 36 3 13 3 31 
0 12
0 21
1 22
1 32
2 15
2 36
3 13
3 31
4 22
4 40
5 28
5 35
6 23
6 28
7 7
7 9
8 4
8 33
9 11
9 41
10 14
10 19
11 29
11 39
12 2
12 48
13 5
13 45
14 31
14 38
15 8
15 46
16 1
16 21
17 3
17 14
18 24
18 25
19 11
19 38
20 5
20 6
21 32
21 48
22 44
22 47
23 18
23 42
24 18
24 30
25 6
25 30
26 1
26 4
27 0
27 16
28 42
28 43
29 10
29 37
30 23
30 24
31 34
31 45
32 27
32 47
33 2
33 40
34 10
34 17
35 3
35 43
36 0
36 46
37 9
37 19
38 29
38 34
39 7
39 37
40 15
40 44
41 39
41 41
42 20
42 25
43 13
43 20
44 8
44 26
45 17
45 35
46 12
46 33
47 16
47 26
48 27
48 36

# solution 57
# n=49 sym=rct4 status=verified source=flammenkamp_cache/n49_rct4.mvr
# code=mvr:0 27 0 30 1 20 1 34 2 9 2 15 3 12 3 15 4
0 27
0 30
1 20
1 34
2 9
2 15
3 12
3 15
4 16
4 22
5 34
5 42
6 5
6 38
7 26
7 36
8 16
8 29
9 37
9 46
10 6
10 24
11 9
11 27
12 7
12 45
13 13
13 19
14 1
14 5
15 45
15 46
16 40
16 44
17 25
17 28
18 0
18 25
19 8
19 35
20 17
20 47
21 0
21 11
22 7
22 44
23 17
23 18
24 10
24 38
25 30
25 31
26 4
26 41
27 37
27 48
28 1
28 31
29 13
29 40
30 23
30 48
31 20
31 23
32 4
32 8
33 2
33 3
34 43
34 47
35 29
35 35
36 3
36 41
37 21
37 39
38 24
38 42
39 2
39 11
40 19
40 32
41 12
41 22
42 10
42 43
43 6
43 14
44 26
44 32
45 33
45 36
46 33
46 39
47 14
47 28
48 18
48 21

# solution 58
# n=49 sym=rct4 status=verified source=flammenkamp_cache/n49_rct4.mvr
# code=mvr:0 23 0 33 1 10 1 16 2 21 2 29 3 24 3 36 
0 23
0 33
1 10
1 16
2 21
2 29
3 24
3 36
4 16
4 17
5 9
5 37
6 7
6 8
7 33
7 42
8 22
8 42
9 35
9 43
10 26
10 47
11 5
11 14
12 3
12 12
13 9
13 29
14 17
14 37
15 0
15 7
16 44
16 47
17 34
17 44
18 25
18 28
19 2
19 13
20 18
20 27
21 20
21 46
22 10
22 40
23 18
23 48
24 3
24 45
25 0
25 30
26 8
26 38
27 2
27 28
28 21
28 30
29 35
29 46
30 20
30 23
31 4
31 14
32 1
32 4
33 41
33 48
34 11
34 31
35 19
35 39
36 36
36 45
37 34
37 43
38 1
38 22
39 5
39 13
40 6
40 26
41 6
41 15
42 40
42 41
43 11
43 39
44 31
44 32
45 12
45 24
46 19
46 27
47 32
47 38
48 15
48 25

# solution 59
# n=49 sym=rct4 status=verified source=flammenkamp_cache/n49_rct4.mvr
# code=mvr:0 19 0 23 1 21 1 33 2 15 2 18 3 6 3 12 4
0 19
0 23
1 21
1 33
2 15
2 18
3 6
3 12
4 32
4 38
5 25
5 37
6 17
6 45
7 22
7 36
8 38
8 39
9 8
9 9
10 4
10 8
11 5
11 20
12 7
12 45
13 17
13 28
14 18
14 24
15 1
15 46
16 4
16 27
17 35
17 42
18 34
18 46
19 22
19 48
20 13
20 37
21 16
21 47
22 29
22 41
23 5
23 48
24 14
24 34
25 0
25 43
26 7
26 19
27 1
27 32
28 11
28 35
29 0
29 26
30 2
30 14
31 6
31 13
32 21
32 44
33 2
33 47
34 24
34 30
35 20
35 31
36 3
36 41
37 28
37 43
38 40
38 44
39 39
39 40
40 9
40 10
41 12
41 26
42 3
42 31
43 11
43 23
44 10
44 16
45 36
45 42
46 30
46 33
47 15
47 27
48 25
48 29

# solution 60
# n=49 sym=rct4 status=verified source=flammenkamp_cache/n49_rct4.mvr
# code=mvr:0 2 0 21 1 18 1 22 2 14 2 48 3 25 3 28 4
0 2
0 21
1 18
1 22
2 14
2 48
3 25
3 28
4 32
4 38
5 25
5 35
6 36
6 41
7 6
7 9
8 21
8 31
9 24
9 41
10 4
10 19
11 15
11 19
12 6
12 35
13 5
13 12
14 30
14 46
15 22
15 37
16 4
16 16
17 8
17 20
18 14
18 47
19 37
19 38
20 3
20 31
21 40
21 48
22 33
22 47
23 3
23 5
24 9
24 39
25 43
25 45
26 1
26 15
27 0
27 8
28 17
28 45
29 10
29 11
30 1
30 34
31 28
31 40
32 32
32 44
33 11
33 26
34 2
34 18
35 36
35 43
36 13
36 42
37 29
37 33
38 29
38 44
39 7
39 24
40 17
40 27
41 39
41 42
42 7
42 12
43 13
43 23
44 10
44 16
45 20
45 23
46 0
46 34
47 26
47 30
48 27
48 46

# solution 61
# n=49 sym=rct4 status=verified source=flammenkamp_cache/n49_rct4.mvr
# code=mvr:0 24 0 29 1 33 1 36 2 17 2 23 3 14 3 30 
0 24
0 29
1 33
1 36
2 17
2 23
3 14
3 30
4 16
4 35
5 13
5 25
6 40
6 41
7 6
7 33
8 6
8 30
9 9
9 36
10 17
10 22
11 27
11 28
12 1
12 9
13 4
13 43
14 21
14 45
15 1
15 7
16 29
16 44
17 38
17 46
18 3
18 8
19 0
19 16
20 11
20 26
21 11
21 34
22 20
22 38
23 5
23 46
24 0
24 48
25 2
25 43
26 10
26 28
27 14
27 37
28 22
28 37
29 32
29 48
30 40
30 45
31 2
31 10
32 4
32 19
33 41
33 47
34 3
34 27
35 5
35 44
36 39
36 47
37 20
37 21
38 26
38 31
39 12
39 39
40 18
40 42
41 15
41 42
42 7
42 8
43 23
43 35
44 13
44 32
45 18
45 34
46 25
46 31
47 12
47 15
48 19
48 24

# solution 62
# n=49 sym=rct4 status=verified source=flammenkamp_cache/n49_rct4.mvr
# code=mvr:0 12 0 18 1 1 1 17 2 24 2 25 3 34 3 37 4
0 12
0 18
1 1
1 17
2 24
2 25
3 34
3 37
4 8
4 17
5 25
5 29
6 16
6 35
7 12
7 22
8 13
8 44
9 22
9 37
10 29
10 34
11 3
11 9
12 41
12 48
13 6
13 40
14 3
14 10
15 21
15 32
16 15
16 42
17 44
17 47
18 28
18 48
19 5
19 10
20 18
20 21
21 28
21 33
22 39
22 41
23 2
23 5
24 2
24 46
25 43
25 46
26 7
26 9
27 15
27 20
28 27
28 30
29 38
29 43
30 0
30 20
31 1
31 4
32 6
32 33
33 16
33 27
34 38
34 45
35 8
35 42
36 0
36 7
37 39
37 45
38 14
38 19
39 11
39 26
40 4
40 35
41 26
41 36
42 13
42 32
43 19
43 23
44 31
44 40
45 11
45 14
46 23
46 24
47 31
47 47
48 30
48 36

# solution 63
# n=49 sym=rct4 status=verified source=flammenkamp_cache/n49_rct4.mvr
# code=mvr:0 21 0 25 1 34 1 35 2 11 2 17 3 9 3 28 4
0 21
0 25
1 34
1 35
2 11
2 17
3 9
3 28
4 32
4 38
5 25
5 28
6 6
6 16
7 9
7 10
8 18
8 24
9 41
9 45
10 4
10 41
11 13
11 46
12 15
12 19
13 1
13 37
14 1
14 27
15 29
15 36
16 4
16 42
17 26
17 46
18 26
18 40
19 15
19 36
20 3
20 5
21 14
21 48
22 17
22 18
23 0
23 5
24 8
24 40
25 43
25 48
26 30
26 31
27 0
27 34
28 43
28 45
29 12
29 33
30 8
30 22
31 2
31 22
32 6
32 44
33 12
33 19
34 21
34 47
35 11
35 47
36 29
36 33
37 2
37 35
38 7
38 44
39 3
39 7
40 24
40 30
41 38
41 39
42 32
42 42
43 20
43 23
44 10
44 16
45 20
45 39
46 31
46 37
47 13
47 14
48 23
48 27

# solution 64
# n=49 sym=rct4 status=verified source=flammenkamp_cache/n49_rct4.mvr
# code=mvr:0 14 0 26 1 31 1 32 2 10 2 25 3 7 3 22 4
0 14
0 26
1 31
1 32
2 10
2 25
3 7
3 22
4 18
4 28
5 18
5 25
6 6
6 9
7 38
7 45
8 27
8 35
9 34
9 42
10 7
10 46
11 15
11 19
12 24
12 29
13 8
13 15
14 9
14 48
15 35
15 37
16 1
16 17
17 1
17 32
18 43
18 44
19 12
19 37
20 4
20 27
21 8
21 20
22 0
22 45
23 2
23 5
24 12
24 36
25 43
25 46
26 3
26 48
27 28
27 40
28 21
28 44
29 11
29 36
30 4
30 5
31 16
31 47
32 31
32 47
33 11
33 13
34 0
34 39
35 33
35 40
36 19
36 24
37 29
37 33
38 2
38 41
39 6
39 14
40 13
40 21
41 3
41 10
42 39
42 42
43 23
43 30
44 20
44 30
45 26
45 41
46 23
46 38
47 16
47 17
48 22
48 34

# solution 65
# n=49 sym=rct4 status=verified source=flammenkamp_cache/n49_rct4.mvr
# code=mvr:0 15 0 39 1 30 1 31 2 25 2 40 3 3 3 5 4 
0 15
0 39
1 30
1 31
2 25
2 40
3 3
3 5
4 17
4 19
5 25
5 45
6 29
6 34
7 14
7 38
8 2
8 26
9 0
9 18
10 7
10 16
11 12
11 21
12 22
12 37
13 16
13 33
14 6
14 41
15 13
15 48
16 35
16 38
17 1
17 44
18 1
18 39
19 6
19 44
20 21
20 24
21 28
21 37
22 8
22 36
23 2
23 5
24 20
24 28
25 43
25 46
26 12
26 40
27 11
27 20
28 24
28 27
29 4
29 42
30 9
30 47
31 4
31 47
32 10
32 13
33 0
33 35
34 7
34 42
35 15
35 32
36 11
36 26
37 27
37 36
38 32
38 41
39 30
39 48
40 22
40 46
41 10
41 34
42 14
42 19
43 3
43 23
44 29
44 31
45 43
45 45
46 8
46 23
47 17
47 18
48 9
48 33

# solution 66
# n=49 sym=rct4 status=verified source=flammenkamp_cache/n49_rct4.mvr
# code=mvr:0 22 0 24 1 33 1 41 2 21 2 25 3 12 3 36 
0 22
0 24
1 33
1 41
2 21
2 25
3 12
3 36
4 16
4 33
5 13
5 25
6 14
6 20
7 1
7 39
8 14
8 35
9 7
9 32
10 11
10 20
11 18
11 38
12 3
12 45
13 8
13 43
14 40
14 42
15 1
15 4
16 9
16 44
17 21
17 29
18 29
18 37
19 17
19 18
20 38
20 42
21 31
21 46
22 22
22 48
23 2
23 5
24 0
24 48
25 43
25 46
26 0
26 26
27 2
27 17
28 6
28 10
29 30
29 31
30 11
30 19
31 19
31 27
32 4
32 39
33 44
33 47
34 6
34 8
35 5
35 40
36 3
36 45
37 10
37 30
38 28
38 37
39 16
39 41
40 13
40 34
41 9
41 47
42 28
42 34
43 23
43 35
44 15
44 32
45 12
45 36
46 23
46 27
47 7
47 15
48 24
48 26

# solution 67
# n=49 sym=rct4 status=verified source=flammenkamp_cache/n49_rct4.mvr
# code=mvr:0 31 0 37 1 13 1 26 2 16 2 43 3 23 3 33 
0 31
0 37
1 13
1 26
2 16
2 43
3 23
3 33
4 15
4 19
5 2
5 8
6 19
6 25
7 22
7 35
8 39
8 43
9 8
9 30
10 18
10 36
11 0
11 27
12 10
12 20
13 7
13 47
14 27
14 32
15 3
15 44
16 14
16 46
17 0
17 17
18 9
18 38
19 42
19 44
20 24
20 36
21 11
21 14
22 1
22 41
23 6
23 45
24 20
24 28
25 3
25 42
26 7
26 47
27 34
27 37
28 12
28 24
29 4
29 6
30 10
30 39
31 31
31 48
32 2
32 34
33 4
33 45
34 16
34 21
35 1
35 41
36 28
36 38
37 21
37 48
38 12
38 30
39 18
39 40
40 5
40 9
41 13
41 26
42 23
42 29
43 40
43 46
44 29
44 33
45 15
45 25
46 5
46 32
47 22
47 35
48 11
48 17

# solution 68
# n=49 sym=rct4 status=verified source=flammenkamp_cache/n49_rct4.mvr
# code=mvr:0 19 0 38 1 18 1 41 2 11 2 14 3 3 3 23 4
0 19
0 38
1 18
1 41
2 11
2 14
3 3
3 23
4 20
4 31
5 27
5 35
6 10
6 25
7 1
7 16
8 28
8 39
9 8
9 32
10 0
10 42
11 22
11 46
12 15
12 26
13 5
13 17
14 27
14 46
15 30
15 36
16 9
16 41
17 4
17 35
18 15
18 47
19 24
19 48
20 8
20 44
21 5
21 14
22 12
22 37
23 6
23 45
24 19
24 29
25 3
25 42
26 11
26 36
27 34
27 43
28 4
28 40
29 0
29 24
30 1
30 33
31 13
31 44
32 7
32 39
33 12
33 18
34 2
34 21
35 31
35 43
36 22
36 33
37 2
37 26
38 6
38 48
39 16
39 40
40 9
40 20
41 32
41 47
42 23
42 38
43 13
43 21
44 17
44 28
45 25
45 45
46 34
46 37
47 7
47 30
48 10
48 29

# solution 69
# n=49 sym=rct4 status=verified source=flammenkamp_cache/n49_rct4.mvr
# code=mvr:0 24 0 30 1 26 1 28 2 17 2 35 3 23 3 38 
0 24
0 30
1 26
1 28
2 17
2 35
3 23
3 38
4 16
4 18
5 38
5 39
6 25
6 26
7 7
7 35
8 9
8 31
9 5
9 40
10 3
10 5
11 14
11 33
12 19
12 33
13 2
13 7
14 28
14 37
15 11
15 12
16 21
16 44
17 8
17 46
18 0
18 44
19 21
19 36
20 1
20 14
21 29
21 32
22 1
22 6
23 6
23 45
24 0
24 48
25 3
25 42
26 42
26 47
27 16
27 19
28 34
28 47
29 12
29 27
30 4
30 48
31 2
31 40
32 4
32 27
33 36
33 37
34 11
34 20
35 41
35 46
36 15
36 29
37 15
37 34
38 43
38 45
39 8
39 43
40 17
40 39
41 13
41 41
42 22
42 23
43 9
43 10
44 30
44 32
45 10
45 25
46 13
46 31
47 20
47 22
48 18
48 24

# solution 70
# n=49 sym=rct4 status=verified source=flammenkamp_cache/n49_rct4.mvr
# code=mvr:0 13 0 34 1 32 1 40 2 21 2 28 3 3 3 7 4 
0 13
0 34
1 32
1 40
2 21
2 28
3 3
3 7
4 17
4 21
5 10
5 25
6 20
6 26
7 36
7 45
8 1
8 32
9 15
9 17
10 35
10 43
11 18
11 26
12 7
12 15
13 10
13 48
14 0
14 24
15 36
15 39
16 1
16 8
17 39
17 44
18 29
18 37
19 18
19 25
20 2
20 42
21 44
21 46
22 6
22 11
23 5
23 19
24 14
24 34
25 29
25 43
26 37
26 42
27 2
27 4
28 6
28 46
29 23
29 30
30 11
30 19
31 4
31 9
32 40
32 47
33 9
33 12
34 24
34 48
35 0
35 38
36 33
36 41
37 22
37 30
38 5
38 13
39 31
39 33
40 16
40 47
41 3
41 12
42 22
42 28
43 23
43 38
44 27
44 31
45 41
45 45
46 20
46 27
47 8
47 16
48 14
48 35

# solution 71
# n=49 sym=rct4 status=verified source=flammenkamp_cache/n49_rct4.mvr
# code=mvr:0 11 0 14 1 24 1 26 2 17 2 29 3 37 3 41 
0 11
0 14
1 24
1 26
2 17
2 29
3 37
3 41
4 18
4 42
5 30
5 36
6 4
6 21
7 3
7 39
8 13
8 28
9 7
9 10
10 28
10 39
11 3
11 48
12 5
12 17
13 26
13 40
14 14
14 48
15 16
15 21
16 25
16 33
17 36
17 46
18 5
18 44
19 2
19 25
20 8
20 10
21 33
21 42
22 1
22 13
23 16
23 19
24 1
24 47
25 29
25 32
26 35
26 47
27 6
27 15
28 38
28 40
29 23
29 46
30 4
30 43
31 2
31 12
32 15
32 23
33 27
33 32
34 0
34 34
35 8
35 22
36 31
36 43
37 0
37 45
38 9
38 20
39 38
39 41
40 20
40 35
41 9
41 45
42 27
42 44
43 12
43 18
44 6
44 30
45 7
45 11
46 19
46 31
47 22
47 24
48 34
48 37

# solution 72
# n=49 sym=rct4 status=verified source=flammenkamp_cache/n49_rct4.mvr
# code=mvr:0 11 0 14 1 24 1 26 2 17 2 29 3 37 3 41 
0 11
0 14
1 24
1 26
2 17
2 29
3 37
3 41
4 18
4 42
5 30
5 36
6 4
6 21
7 3
7 9
8 13
8 28
9 10
9 41
10 28
10 39
11 3
11 48
12 5
12 17
13 26
13 40
14 14
14 48
15 16
15 21
16 25
16 33
17 36
17 46
18 5
18 44
19 2
19 25
20 8
20 10
21 33
21 42
22 1
22 13
23 16
23 19
24 1
24 47
25 29
25 32
26 35
26 47
27 6
27 15
28 38
28 40
29 23
29 46
30 4
30 43
31 2
31 12
32 15
32 23
33 27
33 32
34 0
34 34
35 8
35 22
36 31
36 43
37 0
37 45
38 9
38 20
39 7
39 38
40 20
40 35
41 39
41 45
42 27
42 44
43 12
43 18
44 6
44 30
45 7
45 11
46 19
46 31
47 22
47 24
48 34
48 37

# solution 73
# n=49 sym=rct4 status=verified source=flammenkamp_cache/n49_rct4.mvr
# code=mvr:0 5 0 33 1 18 1 22 2 28 2 42 3 11 3 31 4
0 5
0 33
1 18
1 22
2 28
2 42
3 11
3 31
4 12
4 33
5 18
5 48
6 2
6 21
7 31
7 40
8 7
8 24
9 9
9 37
10 16
10 20
11 9
11 45
12 35
12 44
13 12
13 32
14 21
14 23
15 0
15 4
16 13
16 38
17 3
17 7
18 43
18 47
19 25
19 26
20 2
20 38
21 34
21 42
22 19
22 47
23 19
23 34
24 8
24 40
25 14
25 29
26 1
26 29
27 6
27 14
28 10
28 46
29 22
29 23
30 1
30 5
31 41
31 45
32 10
32 35
33 44
33 48
34 25
34 27
35 16
35 36
36 4
36 13
37 3
37 39
38 28
38 32
39 11
39 39
40 24
40 41
41 8
41 17
42 27
42 46
43 0
43 30
44 15
44 36
45 17
45 37
46 6
46 20
47 26
47 30
48 15
48 43

# solution 74
# n=49 sym=rct4 status=verified source=flammenkamp_cache/n49_rct4.mvr
# code=mvr:0 16 0 35 1 22 1 24 2 6 2 31 3 14 3 36 4
0 16
0 35
1 22
1 24
2 6
2 31
3 14
3 36
4 32
4 38
5 27
5 29
6 9
6 46
7 9
7 14
8 13
8 21
9 41
9 42
10 4
10 28
11 18
11 23
12 3
12 15
13 0
13 40
14 41
14 45
15 15
15 36
16 4
16 48
17 2
17 22
18 28
18 37
19 5
19 25
20 10
20 18
21 5
21 40
22 31
22 47
23 19
23 37
24 1
24 47
25 11
25 29
26 1
26 17
27 8
27 43
28 30
28 38
29 23
29 43
30 11
30 20
31 26
31 46
32 0
32 44
33 12
33 33
34 3
34 7
35 8
35 48
36 33
36 45
37 25
37 30
38 20
38 44
39 6
39 7
40 27
40 35
41 34
41 39
42 2
42 39
43 19
43 21
44 10
44 16
45 12
45 34
46 17
46 42
47 24
47 26
48 13
48 32

# solution 75
# n=49 sym=rct4 status=verified source=flammenkamp_cache/n49_rct4.mvr
# code=mvr:0 26 0 31 1 11 1 36 2 18 2 39 3 11 3 16 
0 26
0 31
1 11
1 36
2 18
2 39
3 11
3 16
4 22
4 25
5 30
5 38
6 17
6 21
7 9
7 21
8 34
8 35
9 2
9 41
10 5
10 10
11 45
11 47
12 1
12 28
13 8
13 28
14 8
14 32
15 19
15 24
16 14
16 45
17 0
17 42
18 5
18 46
19 25
19 33
20 12
20 13
21 41
21 42
22 0
22 44
23 4
23 19
24 15
24 33
25 29
25 44
26 4
26 48
27 6
27 7
28 35
28 36
29 15
29 23
30 2
30 43
31 6
31 48
32 3
32 34
33 24
33 29
34 16
34 40
35 20
35 40
36 20
36 47
37 1
37 3
38 38
38 43
39 7
39 46
40 13
40 14
41 27
41 39
42 27
42 31
43 10
43 18
44 23
44 26
45 32
45 37
46 9
46 30
47 12
47 37
48 17
48 22

# solution 76
# n=49 sym=rct4 status=verified source=flammenkamp_cache/n49_rct4.mvr
# code=mvr:0 24 0 26 1 12 1 32 2 2 2 20 3 12 3 20 4
0 24
0 26
1 12
1 32
2 2
2 20
3 12
3 20
4 17
4 32
5 9
5 33
6 26
6 40
7 27
7 39
8 6
8 19
9 7
9 43
10 17
10 23
11 14
11 18
12 45
12 47
13 27
13 30
14 33
14 37
15 5
15 14
16 1
16 4
17 38
17 44
18 13
18 37
19 25
19 40
20 45
20 46
21 7
21 13
22 0
22 6
23 19
23 38
24 0
24 48
25 10
25 29
26 42
26 48
27 35
27 41
28 2
28 3
29 8
29 23
30 11
30 35
31 4
31 10
32 44
32 47
33 34
33 43
34 11
34 15
35 18
35 21
36 1
36 3
37 30
37 34
38 25
38 31
39 5
39 41
40 29
40 42
41 9
41 21
42 8
42 22
43 15
43 39
44 16
44 31
45 28
45 36
46 28
46 46
47 16
47 36
48 22
48 24

# solution 77
# n=49 sym=rct4 status=verified source=flammenkamp_cache/n49_rct4.mvr
# code=mvr:0 13 0 22 1 18 1 32 2 9 2 33 3 12 3 27 4
0 13
0 22
1 18
1 32
2 9
2 33
3 12
3 27
4 38
4 42
5 19
5 27
6 4
6 22
7 8
7 15
8 31
8 41
9 28
9 46
10 4
10 37
11 10
11 14
12 17
12 45
13 30
13 48
14 24
14 37
15 2
15 41
16 1
16 28
17 8
17 36
18 13
18 47
19 25
19 43
20 9
20 16
21 3
21 5
22 42
22 48
23 19
23 23
24 14
24 34
25 25
25 29
26 0
26 6
27 43
27 45
28 32
28 39
29 5
29 23
30 1
30 35
31 12
31 40
32 20
32 47
33 7
33 46
34 11
34 24
35 0
35 18
36 3
36 31
37 34
37 38
38 11
38 44
39 2
39 20
40 7
40 17
41 33
41 40
42 26
42 44
43 21
43 29
44 6
44 10
45 21
45 36
46 15
46 39
47 16
47 30
48 26
48 35

# solution 78
# n=49 sym=rct4 status=verified source=flammenkamp_cache/n49_rct4.mvr
# code=mvr:0 14 0 25 1 20 1 36 2 22 2 31 3 21 3 35 
0 14
0 25
1 20
1 36
2 22
2 31
3 21
3 35
4 10
4 40
5 27
5 35
6 15
6 39
7 15
7 20
8 4
8 30
9 6
9 22
10 31
10 44
11 12
11 14
12 1
12 37
13 3
13 5
14 37
14 48
15 41
15 42
16 16
16 18
17 2
17 10
18 8
18 32
19 24
19 25
20 41
20 47
21 5
21 45
22 39
22 46
23 0
23 19
24 19
24 29
25 29
25 48
26 2
26 9
27 3
27 43
28 1
28 7
29 23
29 24
30 16
30 40
31 38
31 46
32 30
32 32
33 6
33 7
34 0
34 11
35 43
35 45
36 11
36 47
37 34
37 36
38 4
38 17
39 26
39 42
40 18
40 44
41 28
41 33
42 9
42 33
43 13
43 21
44 8
44 38
45 13
45 27
46 17
46 26
47 12
47 28
48 23
48 34

# solution 79
# n=49 sym=rct4 status=verified source=flammenkamp_cache/n49_rct4.mvr
# code=mvr:0 8 0 35 1 15 1 19 2 2 2 28 3 12 3 32 4 
0 8
0 35
1 15
1 19
2 2
2 28
3 12
3 32
4 24
4 41
5 17
5 20
6 25
6 37
7 4
7 39
8 30
8 48
9 7
9 32
10 17
10 21
11 6
11 26
12 34
12 45
13 0
13 14
14 12
14 35
15 27
15 47
16 3
16 9
17 38
17 43
18 8
18 22
19 25
19 47
20 2
20 43
21 15
21 38
22 11
22 30
23 6
23 19
24 4
24 44
25 29
25 42
26 18
26 37
27 10
27 33
28 5
28 46
29 1
29 23
30 26
30 40
31 5
31 10
32 39
32 45
33 1
33 21
34 13
34 36
35 34
35 48
36 3
36 14
37 22
37 42
38 27
38 31
39 16
39 41
40 0
40 18
41 9
41 44
42 11
42 23
43 28
43 31
44 7
44 24
45 16
45 36
46 20
46 46
47 29
47 33
48 13
48 40

# solution 80
# n=49 sym=rct4 status=verified source=flammenkamp_cache/n49_rct4.mvr
# code=mvr:0 22 0 25 1 8 1 31 2 19 2 28 3 12 3 42 4
0 22
0 25
1 8
1 31
2 19
2 28
3 12
3 42
4 4
4 21
5 9
5 14
6 3
6 28
7 31
7 35
8 19
8 47
9 38
9 43
10 9
10 25
11 18
11 32
12 24
12 45
13 7
13 33
14 33
14 43
15 13
15 14
16 11
16 27
17 1
17 7
18 26
18 37
19 40
19 46
20 2
20 6
21 16
21 44
22 18
22 48
23 0
23 10
24 12
24 36
25 38
25 48
26 0
26 30
27 4
27 32
28 42
28 46
29 2
29 8
30 11
30 22
31 41
31 47
32 21
32 37
33 34
33 35
34 5
34 15
35 15
35 41
36 3
36 24
37 16
37 30
38 23
38 39
39 5
39 10
40 1
40 29
41 13
41 17
42 20
42 45
43 34
43 39
44 27
44 44
45 6
45 36
46 20
46 29
47 17
47 40
48 23
48 26

# solution 81
# n=49 sym=rct4 status=verified source=flammenkamp_cache/n49_rct4.mvr
# code=mvr:0 20 0 24 1 9 1 13 2 18 2 25 3 3 3 33 4 
0 20
0 24
1 9
1 13
2 18
2 25
3 3
3 33
4 27
4 37
5 14
5 42
6 5
6 20
7 33
7 37
8 14
8 19
9 12
9 47
10 13
10 25
11 4
11 7
12 29
12 39
13 38
13 47
14 40
14 43
15 3
15 7
16 22
16 27
17 18
17 26
18 31
18 46
19 12
19 40
20 42
20 48
21 4
21 16
22 17
22 32
23 2
23 10
24 0
24 48
25 38
25 46
26 16
26 31
27 32
27 44
28 0
28 6
29 8
29 36
30 2
30 17
31 22
31 30
32 21
32 26
33 41
33 45
34 5
34 8
35 1
35 10
36 9
36 19
37 41
37 44
38 23
38 35
39 1
39 36
40 29
40 34
41 11
41 15
42 28
42 43
43 6
43 34
44 11
44 21
45 15
45 45
46 23
46 30
47 35
47 39
48 24
48 28

# solution 82
# n=49 sym=rct4 status=verified source=flammenkamp_cache/n49_rct4.mvr
# code=mvr:0 16 0 21 1 3 1 15 2 28 2 36 3 29 3 47 4
0 16
0 21
1 3
1 15
2 28
2 36
3 29
3 47
4 4
4 5
5 39
5 44
6 25
6 29
7 26
7 34
8 10
8 15
9 5
9 18
10 25
10 40
11 17
11 31
12 2
12 13
13 18
13 36
14 7
14 22
15 40
15 47
16 28
16 48
17 11
17 37
18 35
18 39
19 3
19 6
20 2
20 16
21 24
21 48
22 7
22 34
23 6
23 10
24 21
24 27
25 38
25 42
26 14
26 41
27 0
27 24
28 32
28 46
29 42
29 45
30 9
30 13
31 11
31 37
32 0
32 20
33 1
33 8
34 26
34 41
35 12
35 30
36 35
36 46
37 17
37 31
38 8
38 23
39 30
39 43
40 33
40 38
41 14
41 22
42 19
42 23
43 4
43 9
44 43
44 44
45 1
45 19
46 12
46 20
47 33
47 45
48 27
48 32

# solution 83
# n=49 sym=rct4 status=verified source=flammenkamp_cache/n49_rct4.mvr
# code=mvr:0 17 0 26 1 14 1 20 2 26 2 30 3 13 3 36 
0 17
0 26
1 14
1 20
2 26
2 30
3 13
3 36
4 14
4 40
5 25
5 28
6 37
6 41
7 6
7 19
8 4
8 8
9 15
9 21
10 25
10 35
11 6
11 12
12 3
12 37
13 10
13 45
14 44
14 47
15 19
15 39
16 18
16 27
17 24
17 48
18 2
18 32
19 33
19 41
20 5
20 47
21 16
21 39
22 0
22 2
23 5
23 10
24 17
24 31
25 38
25 43
26 46
26 48
27 9
27 32
28 1
28 43
29 7
29 15
30 16
30 46
31 0
31 24
32 21
32 30
33 9
33 29
34 1
34 4
35 3
35 38
36 11
36 45
37 36
37 42
38 13
38 23
39 27
39 33
40 40
40 44
41 29
41 42
42 7
42 11
43 20
43 23
44 8
44 34
45 12
45 35
46 18
46 22
47 28
47 34
48 22
48 31

# solution 84
# n=49 sym=rct4 status=verified source=flammenkamp_cache/n49_rct4.mvr
# code=mvr:0 22 0 26 1 30 1 31 2 15 2 21 3 7 3 13 4
0 22
0 26
1 30
1 31
2 15
2 21
3 7
3 13
4 13
4 39
5 20
5 23
6 6
6 14
7 36
7 45
8 28
8 32
9 4
9 12
10 19
10 25
11 14
11 21
12 7
12 39
13 44
13 45
14 37
14 42
15 32
15 46
16 8
16 15
17 1
17 29
18 1
18 24
19 17
19 38
20 8
20 43
21 37
21 46
22 0
22 48
23 10
23 43
24 18
24 30
25 5
25 38
26 0
26 48
27 2
27 11
28 5
28 40
29 10
29 31
30 24
30 47
31 19
31 47
32 33
32 40
33 2
33 16
34 6
34 11
35 3
35 4
36 9
36 41
37 27
37 34
38 23
38 29
39 36
39 44
40 16
40 20
41 3
41 12
42 34
42 42
43 25
43 28
44 9
44 35
45 35
45 41
46 27
46 33
47 17
47 18
48 22
48 26

# solution 85
# n=49 sym=rct4 status=verified source=flammenkamp_cache/n49_rct4.mvr
# code=mvr:0 22 0 26 1 30 1 31 2 15 2 21 3 7 3 13 4
0 22
0 26
1 30
1 31
2 15
2 21
3 7
3 13
4 9
4 13
5 20
5 23
6 6
6 14
7 36
7 45
8 28
8 32
9 12
9 44
10 19
10 25
11 14
11 21
12 7
12 39
13 44
13 45
14 37
14 42
15 32
15 46
16 8
16 15
17 1
17 29
18 1
18 24
19 17
19 38
20 8
20 43
21 37
21 46
22 0
22 48
23 10
23 43
24 18
24 30
25 5
25 38
26 0
26 48
27 2
27 11
28 5
28 40
29 10
29 31
30 24
30 47
31 19
31 47
32 33
32 40
33 2
33 16
34 6
34 11
35 3
35 4
36 9
36 41
37 27
37 34
38 23
38 29
39 4
39 36
40 16
40 20
41 3
41 12
42 34
42 42
43 25
43 28
44 35
44 39
45 35
45 41
46 27
46 33
47 17
47 18
48 22
48 26

# solution 86
# n=49 sym=rct4 status=verified source=flammenkamp_cache/n49_rct4.mvr
# code=mvr:0 22 0 27 1 27 1 37 2 13 2 36 3 23 3 31 
0 22
0 27
1 27
1 37
2 13
2 36
3 23
3 31
4 8
4 38
5 6
5 18
6 7
6 43
7 14
7 42
8 32
8 44
9 14
9 33
10 4
10 25
11 1
11 20
12 2
12 19
13 32
13 46
14 39
14 41
15 9
15 29
16 8
16 13
17 3
17 20
18 18
18 43
19 15
19 36
20 31
20 37
21 0
21 1
22 24
22 48
23 10
23 45
24 22
24 26
25 3
25 38
26 0
26 24
27 47
27 48
28 11
28 17
29 12
29 33
30 5
30 30
31 28
31 45
32 35
32 40
33 19
33 39
34 7
34 9
35 2
35 16
36 29
36 46
37 28
37 47
38 23
38 44
39 15
39 34
40 4
40 16
41 6
41 34
42 5
42 41
43 30
43 42
44 10
44 40
45 17
45 25
46 12
46 35
47 11
47 21
48 21
48 26

# solution 87
# n=49 sym=rct4 status=verified source=flammenkamp_cache/n49_rct4.mvr
# code=mvr:0 26 0 36 1 20 1 30 2 19 2 33 3 12 3 35 
0 26
0 36
1 20
1 30
2 19
2 33
3 12
3 35
4 20
4 25
5 9
5 31
6 11
6 14
7 16
7 25
8 30
8 38
9 24
9 43
10 8
10 13
11 16
11 42
12 0
12 45
13 3
13 38
14 21
14 42
15 2
15 22
16 37
16 41
17 5
17 17
18 1
18 8
19 27
19 46
20 44
20 47
21 19
21 34
22 0
22 33
23 4
23 7
24 9
24 39
25 41
25 44
26 15
26 48
27 14
27 29
28 1
28 4
29 2
29 21
30 40
30 47
31 31
31 43
32 7
32 11
33 26
33 46
34 6
34 27
35 10
35 45
36 3
36 48
37 6
37 32
38 35
38 40
39 5
39 24
40 10
40 18
41 23
41 32
42 34
42 37
43 17
43 39
44 23
44 28
45 13
45 36
46 15
46 29
47 18
47 28
48 12
48 22

# solution 88
# n=49 sym=rct4 status=verified source=flammenkamp_cache/n49_rct4.mvr
# code=mvr:0 15 0 22 1 14 1 22 2 31 2 38 3 7 3 35 4
0 15
0 22
1 14
1 22
2 31
2 38
3 7
3 35
4 25
4 27
5 8
5 32
6 14
6 29
7 25
7 45
8 15
8 43
9 27
9 29
10 2
10 12
11 18
11 28
12 16
12 38
13 3
13 13
14 42
14 47
15 40
15 48
16 5
16 36
17 2
17 20
18 24
18 37
19 6
19 9
20 11
20 31
21 4
21 9
22 47
22 48
23 4
23 7
24 18
24 30
25 41
25 44
26 0
26 1
27 39
27 44
28 17
28 37
29 39
29 42
30 11
30 24
31 28
31 46
32 12
32 43
33 0
33 8
34 1
34 6
35 35
35 45
36 10
36 32
37 20
37 30
38 36
38 46
39 19
39 21
40 5
40 33
41 3
41 23
42 19
42 34
43 16
43 40
44 21
44 23
45 13
45 41
46 10
46 17
47 26
47 34
48 26
48 33

# solution 89
# n=49 sym=rct4 status=verified source=flammenkamp_cache/n49_rct4.mvr
# code=mvr:0 23 0 27 1 16 1 30 2 13 2 34 3 3 3 28 4
0 23
0 27
1 16
1 30
2 13
2 34
3 3
3 28
4 15
4 20
5 8
5 33
6 18
6 21
7 8
7 25
8 41
8 43
9 29
9 35
10 32
10 36
11 17
11 24
12 10
12 34
13 9
13 46
14 2
14 12
15 5
15 44
16 10
16 47
17 22
17 37
18 1
18 42
19 9
19 26
20 3
20 44
21 0
21 42
22 19
22 31
23 7
23 48
24 11
24 37
25 0
25 41
26 17
26 29
27 6
27 48
28 4
28 45
29 22
29 39
30 6
30 47
31 11
31 26
32 1
32 38
33 4
33 43
34 36
34 46
35 2
35 39
36 14
36 38
37 24
37 31
38 12
38 16
39 13
39 19
40 5
40 7
41 23
41 40
42 27
42 30
43 15
43 40
44 28
44 33
45 20
45 45
46 14
46 35
47 18
47 32
48 21
48 25

# solution 90
# n=49 sym=rct4 status=verified source=flammenkamp_cache/n49_rct4.mvr
# code=mvr:0 19 0 34 1 24 1 28 2 26 2 31 3 10 3 40 
0 19
0 34
1 24
1 28
2 26
2 31
3 10
3 40
4 12
4 13
5 25
5 35
6 27
6 32
7 25
7 37
8 3
8 8
9 36
9 37
10 14
10 45
11 7
11 9
12 9
12 44
13 5
13 44
14 0
14 38
15 20
15 27
16 6
16 18
17 2
17 30
18 17
18 32
19 26
19 48
20 1
20 33
21 6
21 15
22 2
22 19
23 5
23 7
24 1
24 47
25 41
25 43
26 29
26 46
27 33
27 42
28 15
28 47
29 0
29 22
30 16
30 31
31 18
31 46
32 30
32 42
33 21
33 28
34 10
34 48
35 4
35 43
36 4
36 39
37 39
37 41
38 3
38 34
39 11
39 12
40 40
40 45
41 11
41 23
42 16
42 21
43 13
43 23
44 35
44 36
45 8
45 38
46 17
46 22
47 20
47 24
48 14
48 29

# solution 91
# n=49 sym=rct4 status=verified source=flammenkamp_cache/n49_rct4.mvr
# code=mvr:0 20 0 27 1 28 1 36 2 9 2 14 3 25 3 40 4
0 20
0 27
1 28
1 36
2 9
2 14
3 25
3 40
4 12
4 35
5 21
5 29
6 6
6 16
7 25
7 38
8 3
8 38
9 11
9 46
10 7
10 8
11 19
11 39
12 1
12 44
13 4
13 26
14 17
14 46
15 26
15 32
16 15
16 42
17 30
17 34
18 17
18 24
19 5
19 37
20 1
20 48
21 0
21 43
22 13
22 15
23 3
23 7
24 18
24 30
25 41
25 45
26 33
26 35
27 5
27 48
28 0
28 47
29 11
29 43
30 24
30 31
31 14
31 18
32 6
32 33
33 16
33 22
34 2
34 31
35 22
35 44
36 4
36 47
37 9
37 29
38 40
38 41
39 2
39 37
40 10
40 45
41 10
41 23
42 32
42 42
43 19
43 27
44 13
44 36
45 8
45 23
46 34
46 39
47 12
47 20
48 21
48 28

# solution 92
# n=49 sym=rct4 status=verified source=flammenkamp_cache/n49_rct4.mvr
# code=mvr:0 14 0 25 1 30 1 32 2 26 2 36 3 14 3 36 
0 14
0 25
1 30
1 32
2 26
2 36
3 14
3 36
4 37
4 43
5 4
5 18
6 19
6 27
7 15
7 25
8 8
8 35
9 20
9 38
10 9
10 29
11 4
11 31
12 2
12 3
13 8
13 17
14 45
14 48
15 27
15 41
16 1
16 20
17 11
17 35
18 1
18 43
19 10
19 42
20 32
20 39
21 6
21 15
22 2
22 24
23 0
23 7
24 22
24 26
25 41
25 48
26 24
26 46
27 33
27 42
28 9
28 16
29 6
29 38
30 5
30 47
31 13
31 37
32 28
32 47
33 7
33 21
34 0
34 3
35 31
35 40
36 45
36 46
37 17
37 44
38 19
38 39
39 10
39 28
40 13
40 40
41 23
41 33
42 21
42 29
43 30
43 44
44 5
44 11
45 12
45 34
46 12
46 22
47 16
47 18
48 23
48 34

# solution 93
# n=49 sym=rct4 status=verified source=flammenkamp_cache/n49_rct4.mvr
# code=mvr:0 0 0 13 1 21 1 28 2 16 2 30 3 14 3 35 4
0 0
0 13
1 21
1 28
2 16
2 30
3 14
3 35
4 10
4 22
5 19
5 37
6 25
6 32
7 25
7 30
8 15
8 39
9 8
9 14
10 37
10 44
11 5
11 10
12 21
12 33
13 3
13 48
14 39
14 45
15 12
15 40
16 6
16 46
17 19
17 22
18 2
18 7
19 31
19 43
20 1
20 24
21 36
21 47
22 31
22 44
23 6
23 7
24 20
24 28
25 41
25 42
26 4
26 17
27 1
27 12
28 24
28 47
29 5
29 17
30 41
30 46
31 26
31 29
32 2
32 42
33 8
33 36
34 3
34 9
35 0
35 45
36 15
36 27
37 38
37 43
38 4
38 11
39 34
39 40
40 9
40 33
41 18
41 23
42 16
42 23
43 11
43 29
44 26
44 38
45 13
45 34
46 18
46 32
47 20
47 27
48 35
48 48

# solution 94
# n=49 sym=rct4 status=verified source=flammenkamp_cache/n49_rct4.mvr
# code=mvr:0 19 0 42 1 15 1 25 2 32 2 34 3 3 3 5 4 
0 19
0 42
1 15
1 25
2 32
2 34
3 3
3 5
4 21
4 33
5 27
5 45
6 0
6 37
7 13
7 25
8 12
8 32
9 12
9 24
10 18
10 28
11 6
11 28
12 39
12 40
13 34
13 41
14 2
14 13
15 4
15 47
16 2
16 8
17 22
17 30
18 17
18 38
19 22
19 48
20 10
20 11
21 5
21 44
22 29
22 31
23 1
23 7
24 9
24 39
25 41
25 47
26 17
26 19
27 4
27 43
28 37
28 38
29 0
29 26
30 10
30 31
31 18
31 26
32 40
32 46
33 1
33 44
34 35
34 46
35 7
35 14
36 8
36 9
37 20
37 42
38 20
38 30
39 24
39 36
40 16
40 36
41 23
41 35
42 11
42 48
43 3
43 21
44 15
44 27
45 43
45 45
46 14
46 16
47 23
47 33
48 6
48 29

# solution 95
# n=49 sym=rct4 status=verified source=flammenkamp_cache/n49_rct4.mvr
# code=mvr:0 10 0 44 1 28 1 36 2 17 2 26 3 23 3 28 
0 10
0 44
1 28
1 36
2 17
2 26
3 23
3 28
4 0
4 36
5 14
5 42
6 5
6 6
7 25
7 33
8 15
8 35
9 18
9 21
10 16
10 48
11 18
11 35
12 1
12 4
13 8
13 11
14 29
14 43
15 7
15 40
16 22
16 38
17 29
17 46
18 37
18 39
19 14
19 17
20 1
20 3
21 24
21 39
22 2
22 32
23 7
23 45
24 21
24 27
25 3
25 41
26 16
26 46
27 9
27 24
28 45
28 47
29 31
29 34
30 9
30 11
31 2
31 19
32 10
32 26
33 8
33 41
34 5
34 19
35 37
35 40
36 44
36 47
37 13
37 30
38 0
38 32
39 27
39 30
40 13
40 33
41 15
41 23
42 42
42 43
43 6
43 34
44 12
44 48
45 20
45 25
46 22
46 31
47 12
47 20
48 4
48 38

# solution 96
# n=49 sym=rct4 status=verified source=flammenkamp_cache/n49_rct4.mvr
# code=mvr:0 16 0 22 1 11 1 16 2 25 2 27 3 26 3 33 
0 16
0 22
1 11
1 16
2 25
2 27
3 26
3 33
4 18
4 20
5 33
5 35
6 20
6 38
7 14
7 35
8 9
8 25
9 12
9 40
10 6
10 31
11 36
11 47
12 11
12 39
13 5
13 7
14 17
14 41
15 3
15 5
16 47
16 48
17 10
17 34
18 18
18 44
19 24
19 27
20 42
20 44
21 2
21 19
22 3
22 48
23 2
23 8
24 19
24 29
25 40
25 46
26 0
26 45
27 29
27 46
28 4
28 6
29 21
29 24
30 4
30 30
31 14
31 38
32 0
32 1
33 43
33 45
34 7
34 31
35 41
35 43
36 9
36 37
37 1
37 12
38 17
38 42
39 8
39 36
40 23
40 39
41 13
41 34
42 10
42 28
43 13
43 15
44 28
44 30
45 15
45 22
46 21
46 23
47 32
47 37
48 26
48 32

# solution 97
# n=49 sym=rct4 status=verified source=flammenkamp_cache/n49_rct4.mvr
# code=mvr:0 20 0 23 1 26 1 30 2 4 2 12 3 3 3 26 4 
0 20
0 23
1 26
1 30
2 4
2 12
3 3
3 26
4 13
4 46
5 21
5 36
6 38
6 39
7 13
7 31
8 25
8 28
9 6
9 10
10 6
10 39
11 15
11 16
12 5
12 46
13 41
13 44
14 15
14 19
15 34
15 37
16 24
16 37
17 7
17 29
18 1
18 27
19 17
19 34
20 8
20 48
21 18
21 43
22 1
22 3
23 8
23 48
24 16
24 32
25 0
25 40
26 45
26 47
27 5
27 30
28 0
28 40
29 14
29 31
30 21
30 47
31 19
31 41
32 11
32 24
33 11
33 14
34 29
34 33
35 4
35 7
36 2
36 43
37 32
37 33
38 9
38 42
39 38
39 42
40 20
40 23
41 17
41 35
42 9
42 10
43 12
43 27
44 2
44 35
45 22
45 45
46 36
46 44
47 18
47 22
48 25
48 28

# solution 98
# n=49 sym=rct4 status=verified source=flammenkamp_cache/n49_rct4.mvr
# code=mvr:0 20 0 23 1 26 1 30 2 4 2 12 3 3 3 26 4 
0 20
0 23
1 26
1 30
2 4
2 12
3 3
3 26
4 13
4 46
5 21
5 36
6 38
6 39
7 13
7 17
8 25
8 28
9 6
9 10
10 6
10 39
11 15
11 16
12 5
12 46
13 41
13 44
14 15
14 19
15 34
15 37
16 24
16 37
17 29
17 41
18 1
18 27
19 17
19 34
20 8
20 48
21 18
21 43
22 1
22 3
23 8
23 48
24 16
24 32
25 0
25 40
26 45
26 47
27 5
27 30
28 0
28 40
29 14
29 31
30 21
30 47
31 7
31 19
32 11
32 24
33 11
33 14
34 29
34 33
35 4
35 7
36 2
36 43
37 32
37 33
38 9
38 42
39 38
39 42
40 20
40 23
41 31
41 35
42 9
42 10
43 12
43 27
44 2
44 35
45 22
45 45
46 36
46 44
47 18
47 22
48 25
48 28

# solution 99
# n=49 sym=rct4 status=verified source=flammenkamp_cache/n49_rct4.mvr
# code=mvr:0 23 0 26 1 15 1 22 2 32 2 35 3 12 3 37 
0 23
0 26
1 15
1 22
2 32
2 35
3 12
3 37
4 28
4 35
5 37
5 39
6 6
6 16
7 18
7 28
8 9
8 25
9 5
9 40
10 14
10 18
11 3
11 5
12 29
12 45
13 2
13 4
14 27
14 38
15 31
15 47
16 2
16 42
17 15
17 29
18 38
18 41
19 12
19 17
20 4
20 7
21 14
21 24
22 0
22 47
23 8
23 48
24 21
24 27
25 0
25 40
26 1
26 48
27 24
27 34
28 41
28 44
29 31
29 36
30 7
30 10
31 19
31 33
32 6
32 46
33 1
33 17
34 10
34 21
35 44
35 46
36 3
36 19
37 43
37 45
38 30
38 34
39 8
39 43
40 23
40 39
41 20
41 30
42 32
42 42
43 9
43 11
44 13
44 20
45 11
45 36
46 13
46 16
47 26
47 33
48 22
48 25

# solution 100
# n=49 sym=rct4 status=verified source=flammenkamp_cache/n49_rct4.mvr
# code=mvr:0 23 0 26 1 15 1 22 2 32 2 35 3 12 3 37 
0 23
0 26
1 15
1 22
2 32
2 35
3 12
3 37
4 28
4 35
5 11
5 39
6 6
6 16
7 18
7 28
8 9
8 25
9 5
9 40
10 14
10 18
11 3
11 43
12 29
12 45
13 2
13 4
14 27
14 38
15 31
15 47
16 2
16 42
17 15
17 29
18 38
18 41
19 12
19 17
20 4
20 7
21 14
21 24
22 0
22 47
23 8
23 48
24 21
24 27
25 0
25 40
26 1
26 48
27 24
27 34
28 41
28 44
29 31
29 36
30 7
30 10
31 19
31 33
32 6
32 46
33 1
33 17
34 10
34 21
35 44
35 46
36 3
36 19
37 5
37 45
38 30
38 34
39 8
39 43
40 23
40 39
41 20
41 30
42 32
42 42
43 9
43 37
44 13
44 20
45 11
45 36
46 13
46 16
47 26
47 33
48 22
48 25

# solution 101
# n=49 sym=rct4 status=verified source=flammenkamp_cache/n49_rct4.mvr
# code=mvr:0 24 0 25 1 26 1 34 2 16 2 38 3 15 3 31 
0 24
0 25
1 26
1 34
2 16
2 38
3 15
3 31
4 6
4 36
5 5
5 14
6 32
6 44
7 20
7 35
8 9
8 25
9 20
9 40
10 2
10 22
11 18
11 33
12 4
12 29
13 7
13 29
14 1
14 43
15 11
15 45
16 6
16 46
17 3
17 27
18 27
18 37
19 12
19 13
20 39
20 41
21 17
21 18
22 1
22 38
23 0
23 8
24 0
24 48
25 40
25 48
26 10
26 47
27 30
27 31
28 7
28 9
29 35
29 36
30 11
30 21
31 21
31 45
32 2
32 42
33 3
33 37
34 5
34 47
35 19
35 41
36 19
36 44
37 15
37 30
38 26
38 46
39 8
39 28
40 23
40 39
41 13
41 28
42 4
42 16
43 34
43 43
44 12
44 42
45 17
45 33
46 10
46 32
47 14
47 22
48 23
48 24

# solution 102
# n=49 sym=rct4 status=verified source=flammenkamp_cache/n49_rct4.mvr
# code=mvr:0 22 0 27 1 14 1 29 2 25 2 32 3 34 3 38 
0 22
0 27
1 14
1 29
2 25
2 32
3 34
3 38
4 12
4 27
5 7
5 40
6 11
6 18
7 12
7 43
8 5
8 25
9 9
9 33
10 3
10 22
11 18
11 42
12 41
12 44
13 29
13 33
14 3
14 47
15 9
15 13
16 2
16 31
17 16
17 20
18 37
18 42
19 1
19 13
20 24
20 31
21 0
21 4
22 38
22 48
23 2
23 8
24 20
24 28
25 40
25 46
26 0
26 10
27 44
27 48
28 17
28 24
29 35
29 47
30 6
30 11
31 28
31 32
32 17
32 46
33 35
33 39
34 1
34 45
35 15
35 19
36 4
36 7
37 6
37 30
38 26
38 45
39 15
39 39
40 23
40 43
41 5
41 36
42 30
42 37
43 8
43 41
44 21
44 36
45 10
45 14
46 16
46 23
47 19
47 34
48 21
48 26

# solution 103
# n=49 sym=rct4 status=verified source=flammenkamp_cache/n49_rct4.mvr
# code=mvr:0 26 0 29 1 12 1 15 2 25 2 38 3 28 3 37 
0 26
0 29
1 12
1 15
2 25
2 38
3 28
3 37
4 13
4 26
5 37
5 39
6 6
6 32
7 12
7 18
8 24
8 25
9 5
9 34
10 2
10 20
11 3
11 5
12 41
12 47
13 34
13 44
14 9
14 13
15 27
15 47
16 6
16 31
17 16
17 19
18 27
18 41
19 0
19 31
20 3
20 38
21 15
21 18
22 0
22 4
23 2
23 8
24 8
24 40
25 40
25 46
26 44
26 48
27 30
27 33
28 10
28 45
29 17
29 48
30 7
30 21
31 29
31 32
32 17
32 42
33 1
33 21
34 35
34 39
35 4
35 14
36 1
36 7
37 43
37 45
38 28
38 46
39 14
39 43
40 23
40 24
41 30
41 36
42 16
42 42
43 9
43 11
44 22
44 35
45 11
45 20
46 10
46 23
47 33
47 36
48 19
48 22

# solution 104
# n=49 sym=rct4 status=verified source=flammenkamp_cache/n49_rct4.mvr
# code=mvr:0 23 0 28 1 21 1 30 2 24 2 34 3 12 3 32 
0 23
0 28
1 21
1 30
2 24
2 34
3 12
3 32
4 10
4 39
5 16
5 35
6 17
6 30
7 7
7 8
8 25
8 41
9 4
9 35
10 11
10 44
11 14
11 38
12 21
12 45
13 5
13 9
14 2
14 37
15 19
15 31
16 3
16 43
17 15
17 42
18 1
18 6
19 22
19 33
20 0
20 22
21 36
21 47
22 28
22 29
23 8
23 48
24 2
24 46
25 0
25 40
26 19
26 20
27 1
27 12
28 26
28 48
29 15
29 26
30 42
30 47
31 6
31 33
32 5
32 45
33 17
33 29
34 11
34 46
35 39
35 43
36 3
36 27
37 10
37 34
38 4
38 37
39 13
39 44
40 7
40 23
41 40
41 41
42 18
42 31
43 13
43 32
44 9
44 38
45 16
45 36
46 14
46 24
47 18
47 27
48 20
48 25

# solution 105
# n=49 sym=rct4 status=verified source=flammenkamp_cache/n49_rct4.mvr
# code=mvr:0 21 0 26 1 10 1 17 2 14 2 36 3 10 3 30 
0 21
0 26
1 10
1 17
2 14
2 36
3 10
3 30
4 35
4 41
5 23
5 29
6 29
6 37
7 4
7 20
8 8
8 25
9 34
9 37
10 45
10 47
11 6
11 9
12 2
12 13
13 4
13 36
14 9
14 46
15 16
15 22
16 28
16 33
17 27
17 47
18 3
18 24
19 5
19 6
20 16
20 41
21 17
21 48
22 0
22 33
23 8
23 43
24 18
24 30
25 5
25 40
26 15
26 48
27 0
27 31
28 7
28 32
29 42
29 43
30 24
30 45
31 1
31 21
32 15
32 20
33 26
33 32
34 2
34 39
35 12
35 44
36 35
36 46
37 39
37 42
38 1
38 3
39 11
39 14
40 23
40 40
41 28
41 44
42 11
42 19
43 19
43 25
44 7
44 13
45 18
45 38
46 12
46 34
47 31
47 38
48 22
48 27

# solution 106
# n=49 sym=rct4 status=verified source=flammenkamp_cache/n49_rct4.mvr
# code=mvr:0 21 0 26 1 17 1 38 2 14 2 36 3 10 3 30 
0 21
0 26
1 17
1 38
2 14
2 36
3 10
3 30
4 35
4 41
5 23
5 29
6 29
6 37
7 4
7 20
8 8
8 25
9 34
9 37
10 1
10 45
11 6
11 9
12 2
12 13
13 4
13 36
14 9
14 46
15 16
15 22
16 28
16 33
17 27
17 47
18 3
18 24
19 5
19 6
20 16
20 41
21 17
21 48
22 0
22 33
23 8
23 43
24 18
24 30
25 5
25 40
26 15
26 48
27 0
27 31
28 7
28 32
29 42
29 43
30 24
30 45
31 1
31 21
32 15
32 20
33 26
33 32
34 2
34 39
35 12
35 44
36 35
36 46
37 39
37 42
38 3
38 47
39 11
39 14
40 23
40 40
41 28
41 44
42 11
42 19
43 19
43 25
44 7
44 13
45 18
45 38
46 12
46 34
47 10
47 31
48 22
48 27

# solution 107
# n=49 sym=rct4 status=verified source=flammenkamp_cache/n49_rct4.mvr
# code=mvr:0 33 0 36 1 13 1 14 2 25 2 28 3 14 3 31 
0 33
0 36
1 13
1 14
2 25
2 28
3 14
3 31
4 12
4 21
5 9
5 42
6 5
6 28
7 32
7 38
8 25
8 33
9 13
9 43
10 7
10 18
11 21
11 32
12 0
12 44
13 39
13 47
14 45
14 47
15 0
15 8
16 7
16 11
17 3
17 26
18 24
18 38
19 19
19 26
20 2
20 6
21 37
21 44
22 17
22 19
23 2
23 8
24 18
24 30
25 40
25 46
26 29
26 31
27 4
27 11
28 42
28 46
29 22
29 29
30 10
30 24
31 22
31 45
32 37
32 41
33 40
33 48
34 1
34 3
35 1
35 9
36 4
36 48
37 16
37 27
38 30
38 41
39 5
39 35
40 15
40 23
41 10
41 16
42 20
42 43
43 6
43 39
44 27
44 36
45 17
45 34
46 20
46 23
47 34
47 35
48 12
48 15

# solution 108
# n=49 sym=rct4 status=verified source=flammenkamp_cache/n49_rct4.mvr
# code=mvr:0 11 0 17 1 25 1 34 2 18 2 27 3 26 3 37 
0 11
0 17
1 25
1 34
2 18
2 27
3 26
3 37
4 36
4 38
5 15
5 16
6 6
6 9
7 19
7 31
8 25
8 35
9 27
9 42
10 4
10 36
11 3
11 48
12 4
12 10
13 8
13 14
14 1
14 35
15 20
15 43
16 18
16 43
17 7
17 48
18 32
18 46
19 26
19 41
20 24
20 33
21 2
21 9
22 3
22 19
23 1
23 8
24 20
24 28
25 40
25 47
26 29
26 45
27 39
27 46
28 15
28 24
29 7
29 22
30 2
30 16
31 0
31 41
32 5
32 30
33 5
33 28
34 13
34 47
35 34
35 40
36 38
36 44
37 0
37 45
38 12
38 44
39 6
39 21
40 13
40 23
41 17
41 29
42 39
42 42
43 32
43 33
44 10
44 12
45 11
45 22
46 21
46 30
47 14
47 23
48 31
48 37

# solution 109
# n=49 sym=rct4 status=verified source=flammenkamp_cache/n49_rct4.mvr
# code=mvr:0 22 0 25 1 15 1 40 2 15 2 30 3 24 3 35 
0 22
0 25
1 15
1 40
2 15
2 30
3 24
3 35
4 26
4 28
5 6
5 34
6 13
6 43
7 18
7 21
8 1
8 25
9 9
9 11
10 29
10 34
11 36
11 39
12 11
12 31
13 3
13 42
14 5
14 10
15 46
15 47
16 20
16 27
17 12
17 19
18 2
18 41
19 10
19 31
20 4
20 32
21 16
21 41
22 4
22 48
23 0
23 8
24 3
24 45
25 40
25 48
26 0
26 44
27 7
27 32
28 16
28 44
29 17
29 38
30 7
30 46
31 29
31 36
32 21
32 28
33 1
33 2
34 38
34 43
35 6
35 45
36 17
36 37
37 9
37 12
38 14
38 19
39 37
39 39
40 23
40 47
41 27
41 30
42 5
42 35
43 14
43 42
44 20
44 22
45 13
45 24
46 18
46 33
47 8
47 33
48 23
48 26

# solution 110
# n=49 sym=rct4 status=verified source=flammenkamp_cache/n49_rct4.mvr
# code=mvr:0 39 0 42 1 20 1 27 2 30 2 35 3 10 3 18 
0 39
0 42
1 20
1 27
2 30
2 35
3 10
3 18
4 22
4 41
5 5
5 23
6 0
6 11
7 4
7 33
8 19
8 25
9 0
9 16
10 32
10 45
11 36
11 42
12 11
12 20
13 2
13 34
14 13
14 31
15 7
15 29
16 10
16 39
17 14
17 21
18 2
18 45
19 15
19 40
20 36
20 47
21 1
21 31
22 24
22 44
23 8
23 43
24 22
24 26
25 5
25 40
26 4
26 24
27 17
27 47
28 1
28 12
29 8
29 33
30 3
30 46
31 27
31 34
32 9
32 38
33 19
33 41
34 17
34 35
35 14
35 46
36 28
36 37
37 6
37 12
38 3
38 16
39 32
39 48
40 23
40 29
41 15
41 44
42 37
42 48
43 25
43 43
44 7
44 26
45 30
45 38
46 13
46 18
47 21
47 28
48 6
48 9

# solution 111
# n=49 sym=rct4 status=verified source=flammenkamp_cache/n49_rct4.mvr
# code=mvr:0 15 0 17 1 25 1 36 2 11 2 19 3 26 3 32 
0 15
0 17
1 25
1 36
2 11
2 19
3 26
3 32
4 14
4 28
5 11
5 12
6 14
6 24
7 19
7 40
8 7
8 8
9 10
9 25
10 15
10 39
11 43
11 46
12 1
12 43
13 16
13 20
14 42
14 44
15 38
15 48
16 3
16 35
17 21
17 48
18 22
18 27
19 41
19 46
20 4
20 35
21 18
21 31
22 3
22 30
23 1
23 9
24 6
24 42
25 39
25 47
26 18
26 45
27 17
27 30
28 13
28 44
29 2
29 7
30 21
30 26
31 0
31 27
32 13
32 45
33 0
33 10
34 4
34 6
35 28
35 32
36 5
36 47
37 2
37 5
38 9
38 33
39 23
39 38
40 40
40 41
41 8
41 29
42 24
42 34
43 36
43 37
44 20
44 34
45 16
45 22
46 29
46 37
47 12
47 23
48 31
48 33

# solution 112
# n=49 sym=rct4 status=verified source=flammenkamp_cache/n49_rct4.mvr
# code=mvr:0 21 0 25 1 11 1 34 2 8 2 35 3 18 3 38 4
0 21
0 25
1 11
1 34
2 8
2 35
3 18
3 38
4 22
4 24
5 20
5 41
6 38
6 41
7 5
7 6
8 16
8 46
9 25
9 31
10 3
10 6
11 35
11 47
12 15
12 31
13 2
13 11
14 1
14 21
15 29
15 36
16 26
16 40
17 9
17 12
18 18
18 45
19 15
19 20
20 29
20 43
21 34
21 48
22 16
22 44
23 0
23 9
24 4
24 44
25 39
25 48
26 4
26 32
27 0
27 14
28 5
28 19
29 28
29 33
30 3
30 30
31 36
31 39
32 8
32 22
33 12
33 19
34 27
34 47
35 37
35 46
36 17
36 33
37 1
37 13
38 42
38 45
39 17
39 23
40 2
40 32
41 42
41 43
42 7
42 10
43 7
43 28
44 24
44 26
45 10
45 30
46 13
46 40
47 14
47 37
48 23
48 27

# solution 113
# n=49 sym=rct4 status=verified source=flammenkamp_cache/n49_rct4.mvr
# code=mvr:0 12 0 32 1 19 1 29 2 22 2 25 3 35 3 37 
0 12
0 32
1 19
1 29
2 22
2 25
3 35
3 37
4 4
4 7
5 20
5 32
6 7
6 18
7 42
7 44
8 34
8 35
9 17
9 25
10 27
10 36
11 3
11 33
12 10
12 48
13 3
13 8
14 8
14 20
15 11
15 30
16 0
16 5
17 24
17 39
18 15
18 42
19 1
19 47
20 34
20 43
21 10
21 22
22 27
22 46
23 2
23 9
24 17
24 31
25 39
25 46
26 2
26 21
27 26
27 38
28 5
28 14
29 1
29 47
30 6
30 33
31 9
31 24
32 43
32 48
33 18
33 37
34 28
34 40
35 40
35 45
36 0
36 38
37 15
37 45
38 12
38 21
39 23
39 31
40 13
40 14
41 4
41 6
42 30
42 41
43 16
43 28
44 41
44 44
45 11
45 13
46 23
46 26
47 19
47 29
48 16
48 36

# solution 114
# n=49 sym=rct4 status=verified source=flammenkamp_cache/n49_rct4.mvr
# code=mvr:0 17 0 22 1 29 1 36 2 21 2 25 3 26 3 32 
0 17
0 22
1 29
1 36
2 21
2 25
3 26
3 32
4 14
4 36
5 5
5 11
6 14
6 17
7 19
7 21
8 35
8 38
9 25
9 30
10 8
10 11
11 38
11 43
12 1
12 4
13 8
13 20
14 42
14 44
15 30
15 32
16 3
16 15
17 42
17 48
18 9
18 15
19 1
19 41
20 24
20 35
21 41
21 46
22 3
22 48
23 2
23 9
24 20
24 28
25 39
25 46
26 0
26 45
27 2
27 7
28 13
28 24
29 7
29 47
30 33
30 39
31 0
31 6
32 33
32 45
33 16
33 18
34 4
34 6
35 28
35 40
36 44
36 47
37 5
37 10
38 37
38 40
39 18
39 23
40 10
40 13
41 27
41 29
42 31
42 34
43 37
43 43
44 12
44 34
45 16
45 22
46 23
46 27
47 12
47 19
48 26
48 31

# solution 115
# n=49 sym=rct4 status=verified source=flammenkamp_cache/n49_rct4.mvr
# code=mvr:0 17 0 38 1 30 1 38 2 21 2 45 3 2 3 29 4
0 17
0 38
1 30
1 38
2 21
2 45
3 2
3 29
4 8
4 24
5 11
5 15
6 28
6 39
7 22
7 32
8 35
8 44
9 6
9 25
10 0
10 1
11 19
11 43
12 14
12 33
13 8
13 28
14 22
14 36
15 12
15 43
16 7
16 27
17 18
17 48
18 1
18 31
19 3
19 37
20 6
20 13
21 16
21 46
22 34
22 41
23 9
23 23
24 4
24 44
25 25
25 39
26 7
26 14
27 2
27 32
28 35
28 42
29 11
29 45
30 17
30 47
31 0
31 30
32 21
32 41
33 5
33 36
34 12
34 26
35 20
35 40
36 15
36 34
37 5
37 29
38 47
38 48
39 23
39 42
40 4
40 13
41 16
41 26
42 9
42 20
43 33
43 37
44 24
44 40
45 19
45 46
46 3
46 27
47 10
47 18
48 10
48 31

# solution 116
# n=49 sym=rct4 status=verified source=flammenkamp_cache/n49_rct4.mvr
# code=mvr:0 15 0 25 1 19 1 38 2 30 2 36 3 11 3 14 
0 15
0 25
1 19
1 38
2 30
2 36
3 11
3 14
4 21
4 24
5 5
5 10
6 11
6 36
7 22
7 39
8 30
8 34
9 7
9 25
10 1
10 43
11 42
11 45
12 2
12 6
13 22
13 32
14 8
14 45
15 32
15 48
16 13
16 15
17 20
17 29
18 2
18 8
19 17
19 47
20 27
20 31
21 20
21 44
22 35
22 41
23 0
23 9
24 4
24 44
25 39
25 48
26 7
26 13
27 4
27 28
28 17
28 21
29 1
29 31
30 40
30 46
31 19
31 28
32 33
32 35
33 0
33 16
34 3
34 40
35 16
35 26
36 42
36 46
37 3
37 6
38 5
38 47
39 23
39 41
40 14
40 18
41 9
41 26
42 12
42 37
43 38
43 43
44 24
44 27
45 34
45 37
46 12
46 18
47 10
47 29
48 23
48 33

# solution 117
# n=49 sym=rct4 status=verified source=flammenkamp_cache/n49_rct4.mvr
# code=mvr:0 13 0 31 1 18 1 25 2 9 2 44 3 5 3 26 4 
0 13
0 31
1 18
1 25
2 9
2 44
3 5
3 26
4 2
4 38
5 20
5 45
6 16
6 18
7 32
7 38
8 24
8 28
9 36
9 46
10 4
10 7
11 15
11 19
12 9
12 25
13 14
13 48
14 29
14 35
15 15
15 37
16 7
16 42
17 0
17 21
18 42
18 47
19 14
19 37
20 8
20 43
21 22
21 31
22 3
22 27
23 1
23 12
24 8
24 40
25 36
25 47
26 21
26 45
27 17
27 26
28 5
28 40
29 11
29 34
30 1
30 6
31 27
31 48
32 6
32 41
33 11
33 33
34 13
34 19
35 0
35 34
36 23
36 39
37 29
37 33
38 41
38 44
39 2
39 12
40 20
40 24
41 10
41 16
42 30
42 32
43 3
43 28
44 10
44 46
45 22
45 43
46 4
46 39
47 23
47 30
48 17
48 35

# solution 118
# n=49 sym=rct4 status=verified source=flammenkamp_cache/n49_rct4.mvr
# code=mvr:0 22 0 35 1 16 1 28 2 18 2 30 3 21 3 33 
0 22
0 35
1 16
1 28
2 18
2 30
3 21
3 33
4 4
4 13
5 16
5 19
6 9
6 21
7 9
7 37
8 28
8 34
9 41
9 42
10 17
10 33
11 7
11 17
12 25
12 34
13 0
13 44
14 8
14 12
15 3
15 10
16 43
16 47
17 37
17 38
18 2
18 46
19 26
19 43
20 1
20 8
21 42
21 45
22 19
22 48
23 12
23 24
24 23
24 25
25 24
25 36
26 0
26 29
27 3
27 6
28 40
28 47
29 5
29 22
30 2
30 46
31 10
31 11
32 1
32 5
33 38
33 45
34 36
34 40
35 4
35 48
36 14
36 23
37 31
37 41
38 15
38 31
39 6
39 7
40 14
40 20
41 11
41 39
42 27
42 39
43 29
43 32
44 35
44 44
45 15
45 27
46 18
46 30
47 20
47 32
48 13
48 26

# solution 119
# n=49 sym=rct4 status=verified source=flammenkamp_cache/n49_rct4.mvr
# code=mvr:0 9 0 28 1 33 1 41 2 17 2 18 3 23 3 38 4
0 9
0 28
1 33
1 41
2 17
2 18
3 23
3 38
4 9
4 43
5 4
5 22
6 16
6 19
7 1
7 19
8 32
8 33
9 44
9 48
10 3
10 27
11 11
11 35
12 25
12 35
13 11
13 12
14 20
14 30
15 1
15 8
16 8
16 42
17 22
17 46
18 14
18 46
19 41
19 42
20 0
20 34
21 10
21 24
22 31
22 43
23 12
23 45
24 21
24 27
25 3
25 36
26 5
26 17
27 24
27 38
28 14
28 48
29 6
29 7
30 2
30 34
31 2
31 26
32 6
32 40
33 40
33 47
34 18
34 28
35 36
35 37
36 13
36 23
37 13
37 37
38 21
38 45
39 0
39 4
40 15
40 16
41 29
41 47
42 29
42 32
43 26
43 44
44 5
44 39
45 10
45 25
46 30
46 31
47 7
47 15
48 20
48 39

# solution 120
# n=49 sym=rct4 status=verified source=flammenkamp_cache/n49_rct4.mvr
# code=mvr:0 16 0 18 1 17 1 35 2 26 2 27 3 11 3 32 
0 16
0 18
1 17
1 35
2 26
2 27
3 11
3 32
4 22
4 39
5 6
5 28
6 39
6 43
7 10
7 14
8 15
8 25
9 4
9 6
10 14
10 41
11 11
11 45
12 25
12 31
13 1
13 21
14 38
14 41
15 29
15 40
16 3
16 48
17 12
17 47
18 24
18 48
19 15
19 20
20 5
20 29
21 2
21 35
22 2
22 44
23 8
23 12
24 18
24 30
25 36
25 40
26 4
26 46
27 13
27 46
28 19
28 43
29 28
29 33
30 0
30 24
31 1
31 36
32 0
32 45
33 8
33 19
34 7
34 10
35 27
35 47
36 17
36 23
37 3
37 37
38 7
38 34
39 42
39 44
40 23
40 33
41 34
41 38
42 5
42 9
43 20
43 42
44 9
44 26
45 16
45 37
46 21
46 22
47 13
47 31
48 30
48 32

# solution 121
# n=49 sym=rct4 status=verified source=flammenkamp_cache/n49_rct4.mvr
# code=mvr:0 17 0 21 1 8 1 32 2 26 2 28 3 3 3 30 4 
0 17
0 21
1 8
1 32
2 26
2 28
3 3
3 30
4 9
4 15
5 10
5 40
6 19
6 25
7 31
7 37
8 5
8 47
9 13
9 44
10 19
10 43
11 7
11 27
12 20
12 25
13 15
13 39
14 22
14 32
15 35
15 44
16 1
16 14
17 7
17 48
18 3
18 24
19 38
19 42
20 2
20 36
21 11
21 48
22 2
22 34
23 6
23 12
24 18
24 30
25 36
25 42
26 14
26 46
27 0
27 37
28 12
28 46
29 6
29 10
30 24
30 45
31 0
31 41
32 34
32 47
33 4
33 13
34 16
34 26
35 9
35 33
36 23
36 28
37 21
37 41
38 5
38 29
39 4
39 35
40 1
40 43
41 11
41 17
42 23
42 29
43 8
43 38
44 33
44 39
45 18
45 45
46 20
46 22
47 16
47 40
48 27
48 31

# solution 122
# n=49 sym=rct4 status=verified source=flammenkamp_cache/n49_rct4.mvr
# code=mvr:0 14 0 28 1 25 1 32 2 21 2 32 3 13 3 21 
0 14
0 28
1 25
1 32
2 21
2 32
3 13
3 21
4 12
4 38
5 20
5 22
6 39
6 41
7 6
7 30
8 13
8 38
9 6
9 14
10 4
10 8
11 29
11 33
12 25
12 44
13 40
13 45
14 39
14 48
15 11
15 24
16 1
16 2
17 18
17 19
18 7
18 31
19 11
19 31
20 0
20 43
21 45
21 46
22 22
22 43
23 1
23 12
24 15
24 33
25 36
25 47
26 5
26 26
27 2
27 3
28 5
28 48
29 17
29 37
30 17
30 41
31 29
31 30
32 46
32 47
33 24
33 37
34 0
34 9
35 3
35 8
36 4
36 23
37 15
37 19
38 40
38 44
39 34
39 42
40 10
40 35
41 18
41 42
42 7
42 9
43 26
43 28
44 10
44 36
45 27
45 35
46 16
46 27
47 16
47 23
48 20
48 34

# solution 123
# n=49 sym=rct4 status=verified source=flammenkamp_cache/n49_rct4.mvr
# code=mvr:0 22 0 30 1 8 1 16 2 8 2 20 3 20 3 33 4 
0 22
0 30
1 8
1 16
2 8
2 20
3 20
3 33
4 17
4 27
5 10
5 41
6 30
6 35
7 5
7 10
8 46
8 47
9 23
9 36
10 41
10 43
11 17
11 32
12 9
12 25
13 6
13 34
14 13
14 24
15 3
15 19
16 11
16 47
17 37
17 44
18 0
18 6
19 27
19 33
20 45
20 46
21 4
21 19
22 22
22 48
23 12
23 39
24 14
24 34
25 9
25 36
26 0
26 26
27 29
27 44
28 2
28 3
29 15
29 21
30 42
30 48
31 4
31 11
32 1
32 37
33 29
33 45
34 24
34 35
35 14
35 42
36 23
36 39
37 16
37 31
38 5
38 7
39 12
39 25
40 1
40 2
41 38
41 43
42 13
42 18
43 7
43 38
44 21
44 31
45 15
45 28
46 28
46 40
47 32
47 40
48 18
48 26

# solution 124
# n=49 sym=rct4 status=verified source=flammenkamp_cache/n49_rct4.mvr
# code=mvr:0 24 0 28 1 7 1 32 2 16 2 21 3 28 3 41 4
0 24
0 28
1 7
1 32
2 16
2 21
3 28
3 41
4 25
4 39
5 14
5 36
6 9
6 13
7 3
7 47
8 10
8 29
9 4
9 42
10 15
10 40
11 17
11 27
12 5
12 25
13 13
13 42
14 26
14 43
15 18
15 38
16 1
16 46
17 19
17 37
18 26
18 33
19 8
19 31
20 0
20 3
21 11
21 46
22 14
22 18
23 4
23 12
24 0
24 48
25 36
25 44
26 30
26 34
27 2
27 37
28 45
28 48
29 17
29 40
30 15
30 22
31 11
31 29
32 2
32 47
33 10
33 30
34 5
34 22
35 6
35 35
36 23
36 43
37 21
37 31
38 8
38 33
39 6
39 44
40 19
40 38
41 1
41 45
42 35
42 39
43 12
43 34
44 9
44 23
45 7
45 20
46 27
46 32
47 16
47 41
48 20
48 24

# solution 125
# n=49 sym=rct4 status=verified source=flammenkamp_cache/n49_rct4.mvr
# code=mvr:0 20 0 32 1 14 1 20 2 29 2 32 3 9 3 11 4
0 20
0 32
1 14
1 20
2 29
2 32
3 9
3 11
4 22
4 23
5 29
5 34
6 8
6 18
7 36
7 40
8 7
8 42
9 18
9 45
10 21
10 33
11 12
11 45
12 7
12 37
13 15
13 25
14 5
14 47
15 10
15 35
16 0
16 2
17 24
17 27
18 39
18 42
19 2
19 5
20 47
20 48
21 17
21 38
22 22
22 44
23 13
23 44
24 17
24 31
25 4
25 35
26 4
26 26
27 10
27 31
28 0
28 1
29 43
29 46
30 6
30 9
31 21
31 24
32 46
32 48
33 13
33 38
34 1
34 43
35 23
35 33
36 11
36 41
37 3
37 36
38 15
38 27
39 3
39 30
40 6
40 41
41 8
41 12
42 30
42 40
43 14
43 19
44 25
44 26
45 37
45 39
46 16
46 19
47 28
47 34
48 16
48 28

# solution 126
# n=49 sym=rct4 status=verified source=flammenkamp_cache/n49_rct4.mvr
# code=mvr:0 15 0 19 1 17 1 23 2 14 2 29 3 28 3 32 
0 15
0 19
1 17
1 23
2 14
2 29
3 28
3 32
4 20
4 34
5 37
5 42
6 5
6 9
7 7
7 30
8 12
8 17
9 37
9 42
10 24
10 32
11 5
11 9
12 21
12 40
13 15
13 25
14 4
14 46
15 35
15 48
16 3
16 10
17 40
17 47
18 7
18 26
19 2
19 48
20 3
20 44
21 26
21 36
22 18
22 21
23 13
23 47
24 10
24 38
25 1
25 35
26 27
26 30
27 12
27 22
28 4
28 45
29 0
29 46
30 22
30 41
31 1
31 8
32 38
32 45
33 0
33 13
34 2
34 44
35 23
35 33
36 8
36 27
37 39
37 43
38 16
38 24
39 6
39 11
40 31
40 36
41 18
41 41
42 39
42 43
43 6
43 11
44 14
44 28
45 16
45 20
46 19
46 34
47 25
47 31
48 29
48 33

# solution 127
# n=49 sym=rct4 status=verified source=flammenkamp_cache/n49_rct4.mvr
# code=mvr:0 21 0 41 1 22 1 32 2 16 2 18 3 25 3 30 
0 21
0 41
1 22
1 32
2 16
2 18
3 25
3 30
4 26
4 36
5 8
5 14
6 11
6 17
7 0
7 33
8 38
8 43
9 19
9 28
10 8
10 10
11 14
11 42
12 4
12 31
13 25
13 29
14 37
14 43
15 7
15 27
16 1
16 46
17 12
17 42
18 3
18 46
19 13
19 39
20 9
20 24
21 15
21 48
22 4
22 47
23 3
23 13
24 20
24 28
25 35
25 45
26 1
26 44
27 0
27 33
28 24
28 39
29 9
29 35
30 2
30 45
31 6
31 36
32 2
32 47
33 21
33 41
34 5
34 11
35 19
35 23
36 17
36 44
37 6
37 34
38 38
38 40
39 20
39 29
40 5
40 10
41 15
41 48
42 31
42 37
43 34
43 40
44 12
44 22
45 18
45 23
46 30
46 32
47 16
47 26
48 7
48 27

# solution 128
# n=49 sym=rct4 status=verified source=flammenkamp_cache/n49_rct4.mvr
# code=mvr:0 0 0 18 1 26 1 28 2 20 2 30 3 10 3 16 4
0 0
0 18
1 26
1 28
2 20
2 30
3 10
3 16
4 6
4 24
5 10
5 39
6 34
6 44
7 26
7 33
8 17
8 25
9 5
9 36
10 43
10 45
11 14
11 16
12 9
12 19
13 19
13 25
14 6
14 37
15 7
15 27
16 37
16 45
17 27
17 40
18 2
18 48
19 35
19 36
20 1
20 46
21 15
21 17
22 1
22 7
23 8
23 13
24 4
24 44
25 35
25 40
26 41
26 47
27 31
27 33
28 2
28 47
29 12
29 13
30 0
30 46
31 8
31 21
32 3
32 11
33 21
33 41
34 11
34 42
35 23
35 29
36 29
36 39
37 32
37 34
38 3
38 5
39 12
39 43
40 23
40 31
41 15
41 22
42 4
42 14
43 9
43 38
44 24
44 42
45 32
45 38
46 18
46 28
47 20
47 22
48 30
48 48

# solution 129
# n=49 sym=rct4 status=verified source=flammenkamp_cache/n49_rct4.mvr
# code=mvr:0 18 0 24 1 32 1 36 2 20 2 27 3 13 3 17 
0 18
0 24
1 32
1 36
2 20
2 27
3 13
3 17
4 4
4 25
5 8
5 38
6 14
6 29
7 27
7 29
8 34
8 43
9 17
9 38
10 5
10 9
11 16
11 36
12 1
12 11
13 25
13 45
14 8
14 42
15 22
15 30
16 1
16 37
17 39
17 45
18 15
18 48
19 6
19 7
20 22
20 46
21 2
21 7
22 28
22 33
23 4
23 13
24 0
24 48
25 35
25 44
26 15
26 20
27 41
27 46
28 2
28 26
29 41
29 42
30 0
30 33
31 3
31 9
32 11
32 47
33 18
33 26
34 6
34 40
35 3
35 23
36 37
36 47
37 12
37 32
38 39
38 43
39 10
39 31
40 5
40 14
41 19
41 21
42 19
42 34
43 10
43 40
44 23
44 44
45 31
45 35
46 21
46 28
47 12
47 16
48 24
48 30

# solution 130
# n=49 sym=rct4 status=verified source=flammenkamp_cache/n49_rct4.mvr
# code=mvr:0 34 0 36 1 17 1 30 2 20 2 23 3 3 3 19 4
0 34
0 36
1 17
1 30
2 20
2 23
3 3
3 19
4 27
4 31
5 33
5 39
6 9
6 14
7 16
7 40
8 7
8 27
9 5
9 42
10 11
10 35
11 18
11 38
12 0
12 16
13 10
13 25
14 0
14 42
15 5
15 22
16 36
16 41
17 4
17 47
18 1
18 37
19 24
19 45
20 22
20 46
21 4
21 8
22 28
22 33
23 13
23 46
24 19
24 29
25 2
25 35
26 15
26 20
27 40
27 44
28 2
28 26
29 3
29 24
30 11
30 47
31 1
31 44
32 7
32 12
33 26
33 43
34 6
34 48
35 23
35 38
36 32
36 48
37 10
37 30
38 13
38 37
39 6
39 43
40 21
40 41
41 8
41 32
42 34
42 39
43 9
43 15
44 17
44 21
45 29
45 45
46 25
46 28
47 18
47 31
48 12
48 14

# solution 131
# n=49 sym=rct4 status=verified source=flammenkamp_cache/n49_rct4.mvr
# code=mvr:0 16 0 30 1 27 1 29 2 2 2 17 3 35 3 41 4
0 16
0 30
1 27
1 29
2 2
2 17
3 35
3 41
4 31
4 40
5 12
5 18
6 9
6 21
7 3
7 10
8 4
8 14
9 28
9 42
10 29
10 41
11 12
11 25
12 37
12 43
13 3
13 25
14 28
14 40
15 16
15 26
16 33
16 48
17 4
17 46
18 0
18 43
19 1
19 10
20 9
20 14
21 1
21 42
22 15
22 24
23 11
23 13
24 22
24 26
25 35
25 37
26 24
26 33
27 6
27 47
28 34
28 39
29 38
29 47
30 5
30 48
31 2
31 44
32 0
32 15
33 22
33 32
34 8
34 20
35 23
35 45
36 5
36 11
37 23
37 36
38 7
38 19
39 6
39 20
40 34
40 44
41 38
41 45
42 27
42 39
43 30
43 36
44 8
44 17
45 7
45 13
46 31
46 46
47 19
47 21
48 18
48 32

# solution 132
# n=49 sym=rct4 status=verified source=flammenkamp_cache/n49_rct4.mvr
# code=mvr:0 23 0 30 1 26 1 29 2 11 2 33 3 15 3 17 
0 23
0 30
1 26
1 29
2 11
2 33
3 15
3 17
4 9
4 20
5 27
5 28
6 38
6 40
7 8
7 24
8 6
8 41
9 18
9 44
10 6
10 11
11 38
11 46
12 31
12 34
13 21
13 25
14 12
14 14
15 2
15 45
16 22
16 29
17 12
17 45
18 0
18 39
19 1
19 16
20 5
20 44
21 5
21 35
22 1
22 32
23 13
23 48
24 7
24 41
25 0
25 35
26 16
26 47
27 13
27 43
28 4
28 43
29 32
29 47
30 9
30 48
31 3
31 36
32 19
32 26
33 3
33 46
34 34
34 36
35 23
35 27
36 14
36 17
37 2
37 10
38 37
38 42
39 4
39 30
40 7
40 42
41 24
41 40
42 8
42 10
43 20
43 21
44 28
44 39
45 31
45 33
46 15
46 37
47 19
47 22
48 18
48 25

# solution 133
# n=49 sym=rct4 status=verified source=flammenkamp_cache/n49_rct4.mvr
# code=mvr:0 26 0 27 1 16 1 41 2 9 2 19 3 9 3 29 4 
0 26
0 27
1 16
1 41
2 9
2 19
3 9
3 29
4 6
4 13
5 22
5 33
6 34
6 44
7 1
7 36
8 16
8 20
9 45
9 46
10 24
10 34
11 12
11 33
12 7
12 37
13 25
13 44
14 6
14 10
15 5
15 11
16 40
16 47
17 18
17 20
18 27
18 31
19 3
19 46
20 31
20 40
21 0
21 18
22 0
22 43
23 13
23 23
24 10
24 38
25 25
25 35
26 5
26 48
27 30
27 48
28 8
28 17
29 2
29 45
30 17
30 21
31 28
31 30
32 1
32 8
33 37
33 43
34 38
34 42
35 4
35 23
36 11
36 41
37 15
37 36
38 14
38 24
39 2
39 3
40 28
40 32
41 12
41 47
42 4
42 14
43 15
43 26
44 35
44 42
45 19
45 39
46 29
46 39
47 7
47 32
48 21
48 22

# solution 134
# n=49 sym=rct4 status=verified source=flammenkamp_cache/n49_rct4.mvr
# code=mvr:0 20 0 26 1 26 1 31 2 23 2 38 3 12 3 16 
0 20
0 26
1 26
1 31
2 23
2 38
3 12
3 16
4 8
4 33
5 9
5 36
6 31
6 32
7 19
7 27
8 9
8 44
9 40
9 43
10 2
10 10
11 14
11 20
12 5
12 45
13 25
13 27
14 29
14 37
15 4
15 18
16 6
16 45
17 1
17 6
18 24
18 33
19 14
19 41
20 37
20 48
21 7
21 13
22 0
22 1
23 13
23 46
24 18
24 30
25 2
25 35
26 47
26 48
27 35
27 41
28 0
28 11
29 7
29 34
30 15
30 24
31 42
31 47
32 3
32 42
33 30
33 44
34 11
34 19
35 21
35 23
36 3
36 43
37 28
37 34
38 38
38 46
39 5
39 8
40 4
40 39
41 21
41 29
42 16
42 17
43 12
43 39
44 15
44 40
45 32
45 36
46 10
46 25
47 17
47 22
48 22
48 28

# solution 135
# n=49 sym=rct4 status=verified source=flammenkamp_cache/n49_rct4.mvr
# code=mvr:0 28 0 33 1 25 1 33 2 9 2 29 3 12 3 16 4
0 28
0 33
1 25
1 33
2 9
2 29
3 12
3 16
4 18
4 41
5 27
5 35
6 17
6 38
7 4
7 16
8 9
8 34
9 40
9 46
10 6
10 22
11 26
11 34
12 18
12 45
13 5
13 25
14 8
14 11
15 0
15 1
16 41
16 45
17 21
17 42
18 36
18 44
19 2
19 24
20 0
20 20
21 5
21 31
22 11
22 38
23 1
23 13
24 19
24 29
25 35
25 47
26 10
26 37
27 17
27 43
28 28
28 48
29 24
29 46
30 4
30 12
31 6
31 27
32 3
32 7
33 47
33 48
34 37
34 40
35 23
35 43
36 3
36 30
37 14
37 22
38 26
38 42
39 2
39 8
40 14
40 39
41 32
41 44
42 10
42 31
43 13
43 21
44 7
44 30
45 32
45 36
46 19
46 39
47 15
47 23
48 15
48 20

# solution 136
# n=49 sym=rct4 status=verified source=flammenkamp_cache/n49_rct4.mvr
# code=mvr:0 26 0 39 1 21 1 25 2 22 2 30 3 13 3 17 
0 26
0 39
1 21
1 25
2 22
2 30
3 13
3 17
4 29
4 42
5 18
5 37
6 4
6 29
7 8
7 36
8 38
8 41
9 0
9 12
10 8
10 15
11 5
11 20
12 7
12 39
13 25
13 45
14 15
14 17
15 34
15 38
16 24
16 28
17 34
17 45
18 2
18 43
19 4
19 6
20 16
20 37
21 21
21 47
22 0
22 46
23 1
23 13
24 16
24 32
25 35
25 47
26 2
26 48
27 1
27 27
28 11
28 32
29 42
29 44
30 5
30 46
31 3
31 14
32 20
32 24
33 10
33 14
34 31
34 33
35 3
35 23
36 9
36 41
37 28
37 43
38 33
38 40
39 36
39 48
40 7
40 10
41 12
41 40
42 19
42 44
43 11
43 30
44 6
44 19
45 31
45 35
46 18
46 26
47 23
47 27
48 9
48 22

# solution 137
# n=49 sym=rct4 status=verified source=flammenkamp_cache/n49_rct4.mvr
# code=mvr:0 14 0 19 1 21 1 26 2 11 2 31 3 21 3 42 
0 14
0 19
1 21
1 26
2 11
2 31
3 21
3 42
4 4
4 13
5 25
5 28
6 3
6 34
7 15
7 39
8 30
8 38
9 7
9 22
10 8
10 16
11 12
11 46
12 15
12 37
13 25
13 44
14 6
14 48
15 36
15 41
16 20
16 38
17 2
17 24
18 8
18 29
19 18
19 48
20 5
20 32
21 45
21 47
22 1
22 39
23 5
23 13
24 17
24 31
25 35
25 43
26 9
26 47
27 1
27 3
28 16
28 43
29 0
29 30
30 19
30 40
31 24
31 46
32 10
32 28
33 7
33 12
34 0
34 42
35 4
35 23
36 11
36 33
37 2
37 36
38 32
38 40
39 26
39 41
40 10
40 18
41 9
41 33
42 14
42 45
43 20
43 23
44 35
44 44
45 6
45 27
46 17
46 37
47 22
47 27
48 29
48 34

# solution 138
# n=49 sym=rct4 status=verified source=flammenkamp_cache/n49_rct4.mvr
# code=mvr:0 10 0 33 1 7 1 27 2 19 2 25 3 19 3 26 4
0 10
0 33
1 7
1 27
2 19
2 25
3 19
3 26
4 32
4 36
5 8
5 18
6 11
6 26
7 13
7 47
8 8
8 43
9 14
9 27
10 24
10 48
11 28
11 42
12 4
12 15
13 17
13 41
14 25
14 39
15 0
15 36
16 4
16 17
17 32
17 35
18 28
18 43
19 45
19 46
20 11
20 18
21 1
21 9
22 3
22 6
23 2
23 14
24 10
24 38
25 34
25 46
26 42
26 45
27 39
27 47
28 30
28 37
29 2
29 3
30 5
30 20
31 13
31 16
32 31
32 44
33 12
33 48
34 9
34 23
35 7
35 31
36 33
36 44
37 6
37 20
38 0
38 24
39 21
39 34
40 5
40 40
41 1
41 35
42 22
42 37
43 30
43 40
44 12
44 16
45 22
45 29
46 23
46 29
47 21
47 41
48 15
48 38

# solution 139
# n=49 sym=rct4 status=verified source=flammenkamp_cache/n49_rct4.mvr
# code=mvr:0 25 0 27 1 21 1 31 2 13 2 40 3 33 3 38 
0 25
0 27
1 21
1 31
2 13
2 40
3 33
3 38
4 12
4 16
5 10
5 29
6 22
6 24
7 31
7 36
8 2
8 9
9 13
9 40
10 3
10 43
11 28
11 30
12 7
12 44
13 39
13 46
14 25
14 28
15 3
15 16
16 33
16 44
17 1
17 7
18 11
18 26
19 5
19 19
20 11
20 14
21 0
21 47
22 18
22 42
23 0
23 14
24 6
24 42
25 34
25 48
26 6
26 30
27 1
27 48
28 34
28 37
29 29
29 43
30 22
30 37
31 41
31 47
32 4
32 15
33 32
33 45
34 20
34 23
35 2
35 9
36 4
36 41
37 18
37 20
38 5
38 45
39 8
39 35
40 39
40 46
41 12
41 17
42 24
42 26
43 19
43 38
44 32
44 36
45 10
45 15
46 8
46 35
47 17
47 27
48 21
48 23

# solution 140
# n=49 sym=rct4 status=verified source=flammenkamp_cache/n49_rct4.mvr
# code=mvr:0 15 0 30 1 22 1 31 2 34 2 36 3 26 3 44 
0 15
0 30
1 22
1 31
2 34
2 36
3 26
3 44
4 3
4 8
5 32
5 37
6 13
6 19
7 15
7 21
8 9
8 44
9 27
9 40
10 25
10 31
11 5
11 11
12 2
12 20
13 16
13 42
14 2
14 25
15 41
15 48
16 5
16 35
17 1
17 10
18 0
18 20
19 24
19 42
20 30
20 36
21 9
21 41
22 3
22 47
23 10
23 14
24 19
24 29
25 34
25 38
26 1
26 45
27 7
27 39
28 12
28 18
29 6
29 24
30 28
30 48
31 38
31 47
32 13
32 43
33 0
33 7
34 23
34 46
35 6
35 32
36 28
36 46
37 37
37 43
38 17
38 23
39 8
39 21
40 4
40 39
41 27
41 33
42 29
42 35
43 11
43 16
44 40
44 45
45 4
45 22
46 12
46 14
47 17
47 26
48 18
48 33

# solution 141
# n=49 sym=rct4 status=verified source=flammenkamp_cache/n49_rct4.mvr
# code=mvr:0 11 0 35 1 20 1 21 2 25 2 32 3 18 3 36 
0 11
0 35
1 20
1 21
2 25
2 32
3 18
3 36
4 7
4 28
5 12
5 17
6 22
6 38
7 26
7 44
8 8
8 38
9 31
9 33
10 6
10 8
11 33
11 48
12 3
12 43
13 0
13 18
14 24
14 25
15 9
15 11
16 2
16 29
17 9
17 43
18 35
18 45
19 16
19 21
20 4
20 47
21 29
21 47
22 7
22 42
23 2
23 14
24 14
24 34
25 34
25 46
26 6
26 41
27 1
27 19
28 1
28 44
29 27
29 32
30 3
30 13
31 5
31 39
32 19
32 46
33 37
33 39
34 23
34 24
35 30
35 48
36 5
36 45
37 0
37 15
38 40
38 42
39 15
39 17
40 10
40 40
41 4
41 22
42 10
42 26
43 31
43 36
44 20
44 41
45 12
45 30
46 16
46 23
47 27
47 28
48 13
48 37

# solution 142
# n=49 sym=rct4 status=verified source=flammenkamp_cache/n49_rct4.mvr
# code=mvr:0 11 0 13 1 20 1 21 2 25 2 32 3 18 3 36 
0 11
0 13
1 20
1 21
2 25
2 32
3 18
3 36
4 7
4 28
5 12
5 17
6 22
6 38
7 26
7 44
8 8
8 38
9 31
9 33
10 6
10 8
11 33
11 48
12 3
12 43
13 18
13 48
14 24
14 25
15 9
15 11
16 2
16 29
17 9
17 43
18 35
18 45
19 16
19 21
20 4
20 47
21 29
21 47
22 7
22 42
23 2
23 14
24 14
24 34
25 34
25 46
26 6
26 41
27 1
27 19
28 1
28 44
29 27
29 32
30 3
30 13
31 5
31 39
32 19
32 46
33 37
33 39
34 23
34 24
35 0
35 30
36 5
36 45
37 0
37 15
38 40
38 42
39 15
39 17
40 10
40 40
41 4
41 22
42 10
42 26
43 31
43 36
44 20
44 41
45 12
45 30
46 16
46 23
47 27
47 28
48 35
48 37

# solution 143
# n=49 sym=rct4 status=verified source=flammenkamp_cache/n49_rct4.mvr
# code=mvr:0 13 0 20 1 30 1 32 2 21 2 28 3 15 3 39 
0 13
0 20
1 30
1 32
2 21
2 28
3 15
3 39
4 11
4 19
5 9
5 34
6 19
6 25
7 10
7 17
8 26
8 32
9 3
9 43
10 30
10 41
11 21
11 44
12 15
12 35
13 12
13 48
14 5
14 25
15 36
15 45
16 1
16 8
17 17
17 41
18 1
18 10
19 42
19 44
20 2
20 48
21 37
21 46
22 8
22 24
23 6
23 14
24 22
24 26
25 34
25 42
26 24
26 40
27 2
27 11
28 0
28 46
29 4
29 6
30 38
30 47
31 7
31 31
32 40
32 47
33 3
33 12
34 23
34 43
35 0
35 36
36 13
36 33
37 4
37 27
38 7
38 18
39 5
39 45
40 16
40 22
41 31
41 38
42 23
42 29
43 14
43 39
44 29
44 37
45 9
45 33
46 20
46 27
47 16
47 18
48 28
48 35

# solution 144
# n=49 sym=rct4 status=verified source=flammenkamp_cache/n49_rct4.mvr
# code=mvr:0 21 0 26 1 14 1 15 2 30 2 31 3 39 3 43 
0 21
0 26
1 14
1 15
2 30
2 31
3 39
3 43
4 11
4 24
5 3
5 31
6 19
6 40
7 26
7 36
8 6
8 16
9 3
9 16
10 10
10 20
11 28
11 44
12 7
12 33
13 21
13 23
14 25
14 47
15 12
15 47
16 39
16 40
17 2
17 5
18 2
18 19
19 30
19 42
20 11
20 38
21 35
21 48
22 0
22 7
23 14
23 35
24 4
24 44
25 13
25 34
26 41
26 48
27 0
27 13
28 10
28 37
29 6
29 18
30 29
30 46
31 43
31 46
32 8
32 9
33 1
33 36
34 1
34 23
35 25
35 27
36 15
36 41
37 4
37 20
38 28
38 38
39 32
39 45
40 32
40 42
41 12
41 22
42 8
42 29
43 17
43 45
44 24
44 37
45 5
45 9
46 17
46 18
47 33
47 34
48 22
48 27

# solution 145
# n=49 sym=rct4 status=verified source=flammenkamp_cache/n49_rct4.mvr
# code=mvr:0 22 0 25 1 16 1 27 2 21 2 37 3 5 3 35 4
0 22
0 25
1 16
1 27
2 21
2 37
3 5
3 35
4 4
4 16
5 29
5 45
6 8
6 20
7 34
7 36
8 29
8 42
9 12
9 15
10 22
10 31
11 2
11 17
12 7
12 39
13 3
13 18
14 7
14 25
15 30
15 39
16 44
16 47
17 10
17 37
18 15
18 35
19 5
19 8
20 24
20 42
21 1
21 46
22 38
22 48
23 0
23 14
24 20
24 28
25 34
25 48
26 0
26 10
27 2
27 47
28 6
28 24
29 40
29 43
30 13
30 33
31 11
31 38
32 1
32 4
33 9
33 18
34 23
34 41
35 30
35 45
36 9
36 41
37 31
37 46
38 17
38 26
39 33
39 36
40 6
40 19
41 12
41 14
42 28
42 40
43 3
43 19
44 32
44 44
45 13
45 43
46 11
46 27
47 21
47 32
48 23
48 26

# solution 146
# n=49 sym=rct4 status=verified source=flammenkamp_cache/n49_rct4.mvr
# code=mvr:0 21 0 42 1 26 1 28 2 26 2 30 3 3 3 43 4
0 21
0 42
1 26
1 28
2 26
2 30
3 3
3 43
4 21
4 36
5 3
5 13
6 0
6 13
7 25
7 31
8 15
8 39
9 8
9 29
10 32
10 36
11 15
11 24
12 4
12 10
13 42
13 43
14 25
14 31
15 37
15 40
16 10
16 20
17 7
17 14
18 2
18 19
19 9
19 30
20 1
20 32
21 44
21 48
22 1
22 2
23 7
23 14
24 11
24 37
25 34
25 41
26 46
26 47
27 0
27 4
28 16
28 47
29 18
29 39
30 29
30 46
31 34
31 41
32 28
32 38
33 8
33 11
34 17
34 23
35 5
35 6
36 38
36 44
37 24
37 33
38 12
38 16
39 19
39 40
40 9
40 33
41 17
41 23
42 35
42 48
43 35
43 45
44 12
44 27
45 5
45 45
46 18
46 22
47 20
47 22
48 6
48 27

# solution 147
# n=49 sym=rct4 status=verified source=flammenkamp_cache/n49_rct4.mvr
# code=mvr:0 13 0 36 1 18 1 29 2 24 2 41 3 5 3 34 4
0 13
0 36
1 18
1 29
2 24
2 41
3 5
3 34
4 11
4 29
5 10
5 45
6 22
6 26
7 2
7 31
8 11
8 16
9 35
9 36
10 23
10 43
11 40
11 44
12 0
12 9
13 9
13 48
14 3
14 25
15 16
15 21
16 33
16 40
17 7
17 17
18 28
18 47
19 1
19 4
20 18
20 27
21 20
21 33
22 6
22 42
23 14
23 38
24 2
24 46
25 10
25 34
26 6
26 42
27 15
27 28
28 21
28 30
29 44
29 47
30 1
30 20
31 31
31 41
32 8
32 15
33 27
33 32
34 23
34 45
35 0
35 39
36 39
36 48
37 4
37 8
38 5
38 25
39 12
39 13
40 32
40 37
41 17
41 46
42 22
42 26
43 3
43 38
44 19
44 37
45 14
45 43
46 7
46 24
47 19
47 30
48 12
48 35

# solution 148
# n=49 sym=rct4 status=verified source=flammenkamp_cache/n49_rct4.mvr
# code=mvr:0 17 0 22 1 24 1 29 2 22 2 33 3 32 3 35 
0 17
0 22
1 24
1 29
2 22
2 33
3 32
3 35
4 10
4 25
5 5
5 37
6 18
6 21
7 11
7 14
8 30
8 35
9 27
9 28
10 36
10 44
11 5
11 41
12 10
12 16
13 3
13 8
14 25
14 41
15 2
15 17
16 3
16 36
17 33
17 48
18 8
18 42
19 1
19 28
20 9
20 19
21 9
21 42
22 46
22 48
23 4
23 14
24 1
24 47
25 34
25 44
26 0
26 2
27 6
27 39
28 29
28 39
29 20
29 47
30 6
30 40
31 0
31 15
32 12
32 45
33 31
33 46
34 7
34 23
35 40
35 45
36 32
36 38
37 7
37 43
38 4
38 12
39 20
39 21
40 13
40 18
41 34
41 37
42 27
42 30
43 11
43 43
44 23
44 38
45 13
45 16
46 15
46 26
47 19
47 24
48 26
48 31

# solution 149
# n=49 sym=rct4 status=verified source=flammenkamp_cache/n49_rct4.mvr
# code=mvr:0 31 0 32 1 20 1 38 2 22 2 34 3 10 3 18 
0 31
0 32
1 20
1 38
2 22
2 34
3 10
3 18
4 4
4 11
5 13
5 33
6 7
6 21
7 35
7 42
8 21
8 39
9 8
9 25
10 1
10 45
11 19
11 44
12 18
12 32
13 7
13 43
14 2
14 25
15 5
15 29
16 0
16 12
17 0
17 20
18 36
18 45
19 15
19 37
20 31
20 47
21 40
21 42
22 24
22 46
23 9
23 14
24 22
24 26
25 34
25 39
26 2
26 24
27 6
27 8
28 1
28 17
29 11
29 33
30 3
30 12
31 28
31 48
32 36
32 48
33 19
33 43
34 23
34 46
35 5
35 41
36 16
36 30
37 4
37 29
38 3
38 47
39 23
39 40
40 9
40 27
41 6
41 13
42 27
42 41
43 15
43 35
44 37
44 44
45 30
45 38
46 14
46 26
47 10
47 28
48 16
48 17

# solution 150
# n=49 sym=rct4 status=verified source=flammenkamp_cache/n49_rct4.mvr
# code=mvr:0 15 0 27 1 39 1 40 2 27 2 36 3 18 3 22 
0 15
0 27
1 39
1 40
2 27
2 36
3 18
3 22
4 10
4 18
5 7
5 33
6 6
6 22
7 40
7 43
8 1
8 7
9 1
9 14
10 16
10 44
11 14
11 25
12 2
12 32
13 17
13 24
14 37
14 39
15 5
15 48
16 12
16 38
17 29
17 35
18 44
18 45
19 17
19 20
20 25
20 29
21 0
21 2
22 42
22 45
23 11
23 20
24 13
24 35
25 28
25 37
26 3
26 6
27 46
27 48
28 19
28 23
29 28
29 31
30 3
30 4
31 13
31 19
32 10
32 36
33 0
33 43
34 9
34 11
35 24
35 31
36 16
36 46
37 23
37 34
38 4
38 32
39 34
39 47
40 41
40 47
41 5
41 8
42 26
42 42
43 15
43 41
44 30
44 38
45 26
45 30
46 12
46 21
47 8
47 9
48 21
48 33

# solution 151
# n=49 sym=rct4 status=verified source=flammenkamp_cache/n49_rct4.mvr
# code=mvr:0 19 0 33 1 11 1 27 2 15 2 23 3 34 3 38 
0 19
0 33
1 11
1 27
2 15
2 23
3 34
3 38
4 17
4 43
5 4
5 10
6 14
6 17
7 9
7 29
8 12
8 24
9 21
9 41
10 3
10 43
11 11
11 47
12 22
12 40
13 16
13 28
14 3
14 42
15 0
15 46
16 30
16 35
17 42
17 44
18 16
18 22
19 7
19 48
20 13
20 25
21 1
21 39
22 30
22 36
23 20
23 46
24 8
24 40
25 2
25 28
26 12
26 18
27 9
27 47
28 23
28 35
29 0
29 41
30 26
30 32
31 4
31 6
32 13
32 18
33 2
33 48
34 6
34 45
35 20
35 32
36 8
36 26
37 1
37 37
38 5
38 45
39 7
39 27
40 24
40 36
41 19
41 39
42 31
42 34
43 38
43 44
44 5
44 31
45 10
45 14
46 25
46 33
47 21
47 37
48 15
48 29

# solution 152
# n=49 sym=rct4 status=verified source=flammenkamp_cache/n49_rct4.mvr
# code=mvr:0 24 0 29 1 19 1 26 2 10 2 18 3 7 3 13 4
0 24
0 29
1 19
1 26
2 10
2 18
3 7
3 13
4 13
4 40
5 6
5 36
6 31
6 43
7 21
7 45
8 4
8 34
9 9
9 21
10 15
10 46
11 22
11 31
12 5
12 14
13 44
13 45
14 8
14 36
15 16
15 38
16 25
16 33
17 6
17 11
18 28
18 46
19 0
19 47
20 18
20 25
21 39
21 41
22 1
22 37
23 16
23 20
24 0
24 48
25 28
25 32
26 11
26 47
27 7
27 9
28 23
28 30
29 1
29 48
30 2
30 20
31 37
31 42
32 15
32 23
33 10
33 32
34 12
34 40
35 3
35 4
36 34
36 43
37 17
37 26
38 2
38 33
39 27
39 39
40 14
40 44
41 3
41 27
42 5
42 17
43 12
43 42
44 8
44 35
45 35
45 41
46 30
46 38
47 22
47 29
48 19
48 24

# solution 153
# n=49 sym=rct4 status=verified source=flammenkamp_cache/n49_rct4.mvr
# code=mvr:0 27 0 29 1 8 1 20 2 18 2 33 3 34 3 37 4
0 27
0 29
1 8
1 20
2 18
2 33
3 34
3 37
4 19
4 32
5 8
5 22
6 7
6 38
7 12
7 42
8 43
8 47
9 15
9 31
10 6
10 24
11 3
11 26
12 18
12 41
13 13
13 23
14 3
14 16
15 2
15 39
16 4
16 34
17 9
17 21
18 36
18 46
19 0
19 44
20 25
20 47
21 0
21 31
22 11
22 43
23 20
23 35
24 10
24 38
25 13
25 28
26 5
26 37
27 17
27 48
28 1
28 23
29 4
29 48
30 2
30 12
31 27
31 39
32 14
32 44
33 9
33 46
34 32
34 45
35 25
35 35
36 7
36 30
37 22
37 45
38 24
38 42
39 17
39 33
40 1
40 5
41 6
41 36
42 10
42 41
43 26
43 40
44 16
44 29
45 11
45 14
46 15
46 30
47 28
47 40
48 19
48 21

# solution 154
# n=49 sym=rct4 status=verified source=flammenkamp_cache/n49_rct4.mvr
# code=mvr:0 27 0 38 1 16 1 36 2 18 2 38 3 22 3 27 
0 27
0 38
1 16
1 36
2 18
2 38
3 22
3 27
4 13
4 33
5 25
5 40
6 13
6 29
7 14
7 22
8 5
8 14
9 9
9 17
10 0
10 2
11 28
11 31
12 1
12 24
13 42
13 44
14 40
14 41
15 4
15 19
16 30
16 47
17 11
17 39
18 16
18 46
19 6
19 33
20 11
20 25
21 0
21 3
22 41
22 45
23 5
23 20
24 12
24 36
25 28
25 43
26 3
26 7
27 45
27 48
28 23
28 37
29 15
29 42
30 2
30 32
31 9
31 37
32 1
32 18
33 29
33 44
34 7
34 8
35 4
35 6
36 24
36 47
37 17
37 20
38 46
38 48
39 31
39 39
40 34
40 43
41 26
41 34
42 19
42 35
43 8
43 23
44 15
44 35
45 21
45 26
46 10
46 30
47 12
47 32
48 10
48 21

# solution 155
# n=49 sym=rct4 status=verified source=flammenkamp_cache/n49_rct4.mvr
# code=mvr:0 25 0 35 1 9 1 30 2 29 2 38 3 12 3 24 4
0 25
0 35
1 9
1 30
2 29
2 38
3 12
3 24
4 22
4 42
5 12
5 19
6 4
6 7
7 10
7 42
8 20
8 27
9 35
9 47
10 2
10 41
11 15
11 18
12 43
12 45
13 0
13 9
14 14
14 32
15 27
15 37
16 14
16 17
17 26
17 32
18 1
18 37
19 2
19 43
20 25
20 40
21 8
21 15
22 17
22 44
23 0
23 20
24 3
24 45
25 28
25 48
26 4
26 31
27 33
27 40
28 8
28 23
29 5
29 46
30 11
30 47
31 16
31 22
32 31
32 34
33 11
33 21
34 16
34 34
35 39
35 48
36 3
36 5
37 30
37 33
38 7
38 46
39 1
39 13
40 21
40 28
41 6
41 38
42 41
42 44
43 29
43 36
44 6
44 26
45 24
45 36
46 10
46 19
47 18
47 39
48 13
48 23

# solution 156
# n=49 sym=rct4 status=verified source=flammenkamp_cache/n49_rct4.mvr
# code=mvr:0 27 0 28 1 14 1 33 2 10 2 11 3 23 3 29 
0 27
0 28
1 14
1 33
2 10
2 11
3 23
3 29
4 26
4 33
5 7
5 17
6 17
6 35
7 40
7 43
8 7
8 12
9 26
9 30
10 37
10 46
11 10
11 46
12 19
12 40
13 6
13 16
14 24
14 47
15 1
15 4
16 30
16 35
17 42
17 43
18 9
18 16
19 3
19 36
20 0
20 25
21 0
21 21
22 4
22 9
23 20
23 45
24 14
24 34
25 3
25 28
26 39
26 44
27 27
27 48
28 23
28 48
29 12
29 45
30 32
30 39
31 5
31 6
32 13
32 18
33 44
33 47
34 1
34 24
35 32
35 42
36 8
36 29
37 2
37 38
38 2
38 11
39 18
39 22
40 36
40 41
41 5
41 8
42 13
42 31
43 31
43 41
44 15
44 22
45 19
45 25
46 37
46 38
47 15
47 34
48 20
48 21

# solution 157
# n=49 sym=rct4 status=verified source=flammenkamp_cache/n49_rct4.mvr
# code=mvr:0 10 0 29 1 23 1 26 2 20 2 34 3 13 3 37 
0 10
0 29
1 23
1 26
2 20
2 34
3 13
3 37
4 21
4 24
5 8
5 17
6 6
6 12
7 26
7 32
8 36
8 43
9 30
9 37
10 15
10 48
11 3
11 9
12 8
12 42
13 31
13 45
14 2
14 27
15 32
15 38
16 7
16 15
17 13
17 43
18 9
18 29
19 0
19 18
20 25
20 46
21 14
21 44
22 1
22 7
23 20
23 47
24 4
24 44
25 1
25 28
26 41
26 47
27 4
27 34
28 2
28 23
29 30
29 48
30 19
30 39
31 5
31 35
32 33
32 41
33 10
33 16
34 21
34 46
35 3
35 17
36 6
36 40
37 39
37 45
38 0
38 33
39 11
39 18
40 5
40 12
41 16
41 22
42 36
42 42
43 31
43 40
44 24
44 27
45 11
45 35
46 14
46 28
47 22
47 25
48 19
48 38

# solution 158
# n=49 sym=rct4 status=verified source=flammenkamp_cache/n49_rct4.mvr
# code=mvr:0 21 0 29 1 16 1 33 2 23 2 41 3 11 3 26 
0 21
0 29
1 16
1 33
2 23
2 41
3 11
3 26
4 13
4 22
5 5
5 30
6 20
6 33
7 2
7 39
8 12
8 14
9 7
9 21
10 35
10 36
11 17
11 45
12 10
12 40
13 10
13 44
14 24
14 40
15 1
15 6
16 17
16 47
17 32
17 37
18 5
18 19
19 0
19 30
20 25
20 42
21 39
21 48
22 3
22 44
23 20
23 46
24 14
24 34
25 2
25 28
26 4
26 45
27 0
27 9
28 6
28 23
29 18
29 48
30 29
30 43
31 11
31 16
32 1
32 31
33 42
33 47
34 8
34 24
35 4
35 38
36 8
36 38
37 3
37 31
38 12
38 13
39 27
39 41
40 34
40 36
41 9
41 46
42 15
42 28
43 18
43 43
44 26
44 35
45 22
45 37
46 7
46 25
47 15
47 32
48 19
48 27

# solution 159
# n=49 sym=rct4 status=verified source=flammenkamp_cache/n49_rct4.mvr
# code=mvr:0 16 0 28 1 17 1 26 2 23 2 29 3 7 3 18 4
0 16
0 28
1 17
1 26
2 23
2 29
3 7
3 18
4 15
4 39
5 13
5 36
6 24
6 30
7 10
7 45
8 17
8 34
9 4
9 38
10 9
10 41
11 25
11 33
12 5
12 21
13 13
13 43
14 8
14 28
15 11
15 44
16 27
16 48
17 40
17 47
18 6
18 45
19 2
19 22
20 0
20 14
21 16
21 36
22 1
22 29
23 11
23 46
24 6
24 42
25 2
25 37
26 19
26 47
27 12
27 32
28 34
28 48
29 26
29 46
30 3
30 42
31 1
31 8
32 0
32 21
33 4
33 37
34 20
34 40
35 5
35 35
36 27
36 43
37 15
37 23
38 7
38 39
39 10
39 44
40 14
40 31
41 3
41 38
42 18
42 24
43 12
43 35
44 9
44 33
45 30
45 41
46 19
46 25
47 22
47 31
48 20
48 32

# solution 160
# n=49 sym=rct4 status=verified source=flammenkamp_cache/n49_rct4.mvr
# code=mvr:0 15 0 32 1 14 1 33 2 26 2 40 3 11 3 41 
0 15
0 32
1 14
1 33
2 26
2 40
3 11
3 41
4 8
4 28
5 18
5 23
6 12
6 17
7 3
7 29
8 2
8 44
9 9
9 10
10 29
10 39
11 25
11 45
12 17
12 42
13 14
13 20
14 35
14 47
15 1
15 48
16 0
16 27
17 36
17 42
18 27
18 43
19 7
19 10
20 4
20 35
21 16
21 18
22 2
22 24
23 11
23 43
24 22
24 26
25 5
25 37
26 24
26 46
27 30
27 32
28 13
28 44
29 38
29 41
30 5
30 21
31 6
31 12
32 21
32 48
33 0
33 47
34 1
34 13
35 28
35 34
36 6
36 31
37 3
37 23
38 9
38 19
39 38
39 39
40 4
40 46
41 19
41 45
42 31
42 36
43 25
43 30
44 20
44 40
45 7
45 37
46 8
46 22
47 15
47 34
48 16
48 33

# solution 161
# n=49 sym=rct4 status=verified source=flammenkamp_cache/n49_rct4.mvr
# code=mvr:0 18 0 22 1 12 1 32 2 15 2 23 3 20 3 35 
0 18
0 22
1 12
1 32
2 15
2 23
3 20
3 35
4 10
4 26
5 6
5 34
6 16
6 43
7 21
7 39
8 12
8 21
9 7
9 9
10 15
10 44
11 25
11 28
12 40
12 47
13 3
13 19
14 5
14 30
15 38
15 46
16 1
16 42
17 19
17 24
18 14
18 48
19 31
19 35
20 11
20 45
21 40
21 41
22 4
22 48
23 11
23 46
24 17
24 31
25 2
25 37
26 0
26 44
27 7
27 8
28 3
28 37
29 13
29 17
30 0
30 34
31 24
31 29
32 6
32 47
33 2
33 10
34 18
34 43
35 29
35 45
36 1
36 8
37 20
37 23
38 4
38 33
39 39
39 41
40 27
40 36
41 9
41 27
42 5
42 32
43 14
43 42
44 22
44 38
45 13
45 28
46 25
46 33
47 16
47 36
48 26
48 30

# solution 162
# n=49 sym=rct4 status=verified source=flammenkamp_cache/n49_rct4.mvr
# code=mvr:0 13 0 27 1 16 1 21 2 16 2 36 3 14 3 28 
0 13
0 27
1 16
1 21
2 16
2 36
3 14
3 28
4 4
4 38
5 8
5 26
6 9
6 36
7 22
7 23
8 33
8 43
9 17
9 42
10 4
10 18
11 13
11 25
12 2
12 6
13 37
13 48
14 15
14 45
15 8
15 34
16 46
16 47
17 29
17 39
18 29
18 38
19 17
19 18
20 3
20 24
21 0
21 47
22 5
22 41
23 11
23 41
24 20
24 28
25 7
25 37
26 7
26 43
27 1
27 48
28 24
28 45
29 30
29 31
30 10
30 19
31 9
31 19
32 1
32 2
33 14
33 40
34 3
34 33
35 0
35 11
36 42
36 46
37 23
37 35
38 30
38 44
39 6
39 31
40 5
40 15
41 25
41 26
42 12
42 39
43 22
43 40
44 10
44 44
45 20
45 34
46 12
46 32
47 27
47 32
48 21
48 35

# solution 163
# n=49 sym=rct4 status=verified source=flammenkamp_cache/n49_rct4.mvr
# code=mvr:0 22 0 31 1 25 1 26 2 10 2 20 3 36 3 42 
0 22
0 31
1 25
1 26
2 10
2 20
3 36
3 42
4 16
4 27
5 9
5 30
6 3
6 8
7 14
7 21
8 35
8 42
9 28
9 43
10 33
10 46
11 17
11 25
12 3
12 33
13 8
13 19
14 24
14 41
15 10
15 12
16 16
16 44
17 0
17 37
18 5
18 29
19 18
19 35
20 9
20 46
21 4
21 41
22 1
22 48
23 1
23 11
24 14
24 34
25 37
25 47
26 0
26 47
27 7
27 44
28 2
28 39
29 13
29 30
30 19
30 43
31 11
31 48
32 4
32 32
33 36
33 38
34 7
34 24
35 29
35 40
36 15
36 45
37 23
37 31
38 2
38 15
39 5
39 20
40 6
40 13
41 27
41 34
42 40
42 45
43 18
43 39
44 21
44 32
45 6
45 12
46 28
46 38
47 22
47 23
48 17
48 26

# solution 164
# n=49 sym=rct4 status=verified source=flammenkamp_cache/n49_rct4.mvr
# code=mvr:0 25 0 43 1 15 1 18 2 31 2 37 3 8 3 28 4
0 25
0 43
1 15
1 18
2 31
2 37
3 8
3 28
4 10
4 22
5 0
5 27
6 16
6 22
7 7
7 34
8 39
8 45
9 8
9 19
10 34
10 44
11 2
11 25
12 15
12 35
13 12
13 20
14 7
14 10
15 36
15 47
16 24
16 42
17 2
17 19
18 21
18 47
19 31
19 39
20 3
20 35
21 5
21 30
22 42
22 44
23 0
23 11
24 16
24 32
25 37
25 48
26 4
26 6
27 18
27 43
28 13
28 45
29 9
29 17
30 1
30 27
31 29
31 46
32 6
32 24
33 1
33 12
34 38
34 41
35 28
35 36
36 13
36 33
37 23
37 46
38 4
38 14
39 29
39 40
40 3
40 9
41 14
41 41
42 26
42 32
43 21
43 48
44 26
44 38
45 20
45 40
46 11
46 17
47 30
47 33
48 5
48 23

# solution 165
# n=49 sym=rct4 status=verified source=flammenkamp_cache/n49_rct4.mvr
# code=mvr:0 0 0 10 1 24 1 31 2 16 2 40 3 30 3 44 4
0 0
0 10
1 24
1 31
2 16
2 40
3 30
3 44
4 3
4 41
5 23
5 30
6 15
6 27
7 4
7 12
8 2
8 11
9 17
9 19
10 34
10 48
11 25
11 40
12 34
12 41
13 19
13 26
14 10
14 12
15 26
15 42
16 28
16 46
17 1
17 39
18 3
18 5
19 35
19 39
20 16
20 21
21 6
21 28
22 13
22 15
23 11
23 43
24 1
24 47
25 5
25 37
26 33
26 35
27 20
27 42
28 27
28 32
29 9
29 13
30 43
30 45
31 9
31 47
32 2
32 20
33 6
33 22
34 36
34 38
35 22
35 29
36 7
36 14
37 8
37 23
38 0
38 14
39 29
39 31
40 37
40 46
41 36
41 44
42 21
42 33
43 18
43 25
44 7
44 45
45 4
45 18
46 8
46 32
47 17
47 24
48 38
48 48

# solution 166
# n=49 sym=rct4 status=verified source=flammenkamp_cache/n49_rct4.mvr
# code=mvr:0 16 0 38 1 28 1 29 2 33 2 36 3 18 3 36 
0 16
0 38
1 28
1 29
2 33
2 36
3 18
3 36
4 21
4 23
5 13
5 40
6 17
6 26
7 7
7 10
8 5
8 28
9 17
9 26
10 0
10 41
11 15
11 25
12 2
12 3
13 14
13 43
14 19
14 35
15 2
15 37
16 27
16 48
17 39
17 42
18 24
18 45
19 1
19 34
20 1
20 8
21 16
21 44
22 6
22 9
23 11
23 44
24 18
24 30
25 4
25 37
26 39
26 42
27 4
27 32
28 40
28 47
29 14
29 47
30 3
30 24
31 6
31 9
32 0
32 21
33 11
33 46
34 13
34 29
35 5
35 34
36 45
36 46
37 23
37 33
38 7
38 48
39 22
39 31
40 20
40 43
41 38
41 41
42 22
42 31
43 8
43 35
44 25
44 27
45 12
45 30
46 12
46 15
47 19
47 20
48 10
48 32

# solution 167
# n=49 sym=rct4 status=verified source=flammenkamp_cache/n49_rct4.mvr
# code=mvr:0 13 0 15 1 11 1 18 2 12 2 43 3 25 3 30 
0 13
0 15
1 11
1 18
2 12
2 43
3 25
3 30
4 4
4 21
5 2
5 13
6 8
6 39
7 32
7 34
8 26
8 42
9 6
9 17
10 26
10 34
11 25
11 47
12 32
12 46
13 43
13 48
14 7
14 10
15 31
15 48
16 7
16 12
17 15
17 39
18 3
18 47
19 24
19 28
20 19
20 27
21 20
21 44
22 8
22 10
23 3
23 11
24 19
24 29
25 37
25 45
26 38
26 40
27 4
27 28
28 21
28 29
29 20
29 24
30 1
30 45
31 9
31 33
32 36
32 41
33 0
33 17
34 38
34 41
35 0
35 5
36 2
36 16
37 1
37 23
38 14
38 22
39 31
39 42
40 6
40 22
41 14
41 16
42 9
42 40
43 35
43 46
44 27
44 44
45 18
45 23
46 5
46 36
47 30
47 37
48 33
48 35

# solution 168
# n=49 sym=rct4 status=verified source=flammenkamp_cache/n49_rct4.mvr
# code=mvr:0 20 0 29 1 21 1 26 2 31 2 45 3 2 3 19 4
0 20
0 29
1 21
1 26
2 31
2 45
3 2
3 19
4 34
4 37
5 16
5 30
6 10
6 40
7 28
7 40
8 6
8 7
9 21
9 25
10 15
10 42
11 4
11 25
12 12
12 34
13 17
13 18
14 4
14 12
15 24
15 38
16 26
16 43
17 2
17 35
18 5
18 35
19 0
19 45
20 7
20 48
21 39
21 47
22 1
22 16
23 9
23 11
24 15
24 33
25 37
25 39
26 32
26 47
27 1
27 9
28 0
28 41
29 3
29 48
30 13
30 43
31 13
31 46
32 5
32 22
33 10
33 24
34 36
34 44
35 30
35 31
36 14
36 36
37 23
37 44
38 6
38 33
39 23
39 27
40 41
40 42
41 8
41 20
42 8
42 38
43 18
43 32
44 11
44 14
45 29
45 46
46 3
46 17
47 22
47 27
48 19
48 28

# solution 169
# n=49 sym=rct4 status=verified source=flammenkamp_cache/n49_rct4.mvr
# code=mvr:0 19 0 22 1 13 1 16 2 2 2 38 3 25 3 28 4
0 19
0 22
1 13
1 16
2 2
2 38
3 25
3 28
4 8
4 36
5 16
5 18
6 9
6 15
7 13
7 31
8 26
8 44
9 38
9 42
10 2
10 9
11 25
11 27
12 4
12 30
13 41
13 47
14 15
14 27
15 34
15 42
16 43
16 47
17 7
17 28
18 12
18 43
19 24
19 48
20 3
20 17
21 11
21 14
22 8
22 48
23 3
23 11
24 19
24 29
25 37
25 45
26 0
26 40
27 34
27 37
28 31
28 45
29 0
29 24
30 5
30 36
31 20
31 41
32 1
32 5
33 6
33 14
34 21
34 33
35 1
35 7
36 18
36 44
37 21
37 23
38 39
38 46
39 6
39 10
40 4
40 22
41 17
41 35
42 33
42 39
43 30
43 32
44 12
44 40
45 20
45 23
46 10
46 46
47 32
47 35
48 26
48 29

# solution 170
# n=49 sym=rct4 status=verified source=flammenkamp_cache/n49_rct4.mvr
# code=mvr:0 21 0 25 1 15 1 16 2 19 2 27 3 32 3 44 
0 21
0 25
1 15
1 16
2 19
2 27
3 32
3 44
4 3
4 35
5 22
5 40
6 12
6 19
7 9
7 33
8 5
8 28
9 38
9 41
10 9
10 14
11 25
11 26
12 18
12 42
13 4
13 17
14 14
14 38
15 7
15 47
16 3
16 47
17 24
17 35
18 28
18 36
19 42
19 46
20 8
20 18
21 2
21 48
22 11
22 43
23 0
23 11
24 17
24 31
25 37
25 48
26 5
26 37
27 0
27 46
28 30
28 40
29 2
29 6
30 12
30 20
31 13
31 24
32 1
32 45
33 1
33 41
34 10
34 34
35 31
35 44
36 6
36 30
37 22
37 23
38 34
38 39
39 7
39 10
40 20
40 43
41 15
41 39
42 29
42 36
43 8
43 26
44 13
44 45
45 4
45 16
46 21
46 29
47 32
47 33
48 23
48 27

# solution 171
# n=49 sym=rct4 status=verified source=flammenkamp_cache/n49_rct4.mvr
# code=mvr:0 21 0 26 1 17 1 35 2 6 2 18 3 17 3 39 4
0 21
0 26
1 17
1 35
2 6
2 18
3 17
3 39
4 9
4 22
5 23
5 28
6 6
6 46
7 12
7 34
8 33
8 34
9 3
9 44
10 21
10 29
11 25
11 28
12 33
12 41
13 1
13 16
14 7
14 8
15 8
15 12
16 24
16 35
17 45
17 47
18 19
18 46
19 10
19 30
20 5
20 11
21 38
21 48
22 0
22 44
23 11
23 43
24 16
24 32
25 5
25 37
26 4
26 48
27 0
27 10
28 37
28 43
29 18
29 38
30 2
30 29
31 1
31 3
32 13
32 24
33 36
33 40
34 40
34 41
35 32
35 47
36 7
36 15
37 20
37 23
38 19
38 27
39 4
39 45
40 14
40 15
41 14
41 36
42 2
42 42
43 20
43 25
44 26
44 39
45 9
45 31
46 30
46 42
47 13
47 31
48 22
48 27

# solution 172
# n=49 sym=rct4 status=verified source=flammenkamp_cache/n49_rct4.mvr
# code=mvr:0 16 0 25 1 19 1 43 2 26 2 33 3 8 3 38 4
0 16
0 25
1 19
1 43
2 26
2 33
3 8
3 38
4 17
4 20
5 1
5 16
6 6
6 38
7 22
7 40
8 7
8 45
9 18
9 30
10 3
10 6
11 25
11 29
12 17
12 34
13 15
13 21
14 12
14 24
15 2
15 35
16 43
16 48
17 36
17 44
18 9
18 39
19 11
19 47
20 27
20 44
21 20
21 35
22 2
22 41
23 0
23 11
24 14
24 34
25 37
25 48
26 7
26 46
27 13
27 28
28 4
28 21
29 1
29 37
30 9
30 39
31 4
31 12
32 0
32 5
33 13
33 46
34 24
34 36
35 27
35 33
36 14
36 31
37 19
37 23
38 42
38 45
39 18
39 30
40 3
40 41
41 8
41 26
42 10
42 42
43 32
43 47
44 28
44 31
45 10
45 40
46 15
46 22
47 5
47 29
48 23
48 32

# solution 173
# n=49 sym=rct4 status=verified source=flammenkamp_cache/n49_rct4.mvr
# code=mvr:0 4 0 27 1 18 1 19 2 27 2 33 3 25 3 39 4
0 4
0 27
1 18
1 19
2 27
2 33
3 25
3 39
4 36
4 48
5 20
5 38
6 12
6 13
7 16
7 20
8 31
8 35
9 3
9 9
10 5
10 26
11 19
11 25
12 4
12 42
13 8
13 42
14 18
14 24
15 2
15 26
16 31
16 41
17 8
17 16
18 34
18 47
19 37
19 47
20 41
20 43
21 0
21 2
22 10
22 15
23 3
23 11
24 14
24 34
25 37
25 45
26 33
26 38
27 46
27 48
28 5
28 7
29 1
29 11
30 1
30 14
31 32
31 40
32 7
32 17
33 22
33 46
34 24
34 30
35 6
35 40
36 6
36 44
37 23
37 29
38 22
38 43
39 39
39 45
40 13
40 17
41 28
41 32
42 35
42 36
43 10
43 28
44 0
44 12
45 9
45 23
46 15
46 21
47 29
47 30
48 21
48 44

# solution 174
# n=49 sym=rct4 status=verified source=flammenkamp_cache/n49_rct4.mvr
# code=mvr:0 8 0 19 1 1 1 31 2 15 2 21 3 31 3 44 4 
0 8
0 19
1 1
1 31
2 15
2 21
3 31
3 44
4 3
4 21
5 12
5 18
6 26
6 32
7 14
7 35
8 25
8 48
9 12
9 38
10 9
10 14
11 13
11 25
12 39
12 43
13 7
13 37
14 38
14 41
15 30
15 46
16 6
16 20
17 1
17 3
18 15
18 43
19 24
19 48
20 26
20 32
21 44
21 46
22 6
22 20
23 8
23 11
24 19
24 29
25 37
25 40
26 28
26 42
27 2
27 4
28 16
28 22
29 0
29 24
30 5
30 33
31 45
31 47
32 28
32 42
33 2
33 18
34 7
34 10
35 11
35 41
36 5
36 9
37 23
37 35
38 34
38 39
39 10
39 36
40 0
40 23
41 13
41 34
42 16
42 22
43 30
43 36
44 27
44 45
45 4
45 17
46 27
46 33
47 17
47 47
48 29
48 40

# solution 175
# n=49 sym=rct4 status=verified source=flammenkamp_cache/n49_rct4.mvr
# code=mvr:0 13 0 28 1 18 1 33 2 12 2 28 3 12 3 22 
0 13
0 28
1 18
1 33
2 12
2 28
3 12
3 22
4 39
4 40
5 15
5 25
6 6
6 21
7 9
7 32
8 4
8 14
9 4
9 41
10 26
10 35
11 16
11 25
12 45
12 46
13 10
13 48
14 17
14 40
15 1
15 43
16 7
16 37
17 24
17 34
18 29
18 47
19 18
19 21
20 0
20 2
21 29
21 42
22 10
22 45
23 5
23 11
24 17
24 31
25 37
25 43
26 3
26 38
27 6
27 19
28 46
28 48
29 27
29 30
30 1
30 19
31 14
31 24
32 11
32 41
33 5
33 47
34 8
34 31
35 0
35 38
36 2
36 3
37 23
37 32
38 13
38 22
39 7
39 44
40 34
40 44
41 16
41 39
42 27
42 42
43 23
43 33
44 8
44 9
45 26
45 36
46 20
46 36
47 15
47 30
48 20
48 35

# solution 176
# n=49 sym=rct4 status=verified source=flammenkamp_cache/n49_rct4.mvr
# code=mvr:0 17 0 34 1 26 1 31 2 20 2 21 3 3 3 35 4
0 17
0 34
1 26
1 31
2 20
2 21
3 3
3 35
4 12
4 39
5 26
5 42
6 5
6 12
7 19
7 25
8 34
8 37
9 4
9 38
10 9
10 30
11 8
11 18
12 42
12 44
13 3
13 15
14 0
14 8
15 24
15 35
16 19
16 20
17 1
17 48
18 10
18 37
19 32
19 41
20 32
20 46
21 25
21 46
22 1
22 5
23 7
23 21
24 15
24 33
25 27
25 41
26 43
26 47
27 2
27 23
28 2
28 16
29 7
29 16
30 11
30 38
31 0
31 47
32 28
32 29
33 13
33 24
34 40
34 48
35 33
35 45
36 4
36 6
37 30
37 40
38 18
38 39
39 10
39 44
40 11
40 14
41 23
41 29
42 36
42 43
43 6
43 22
44 9
44 36
45 13
45 45
46 27
46 28
47 17
47 22
48 14
48 31

# solution 177
# n=49 sym=rct4 status=verified source=flammenkamp_cache/n49_rct4.mvr
# code=mvr:0 19 0 26 1 32 1 38 2 23 2 34 3 29 3 39 
0 19
0 26
1 32
1 38
2 23
2 34
3 29
3 39
4 10
4 14
5 5
5 7
6 27
6 28
7 31
7 43
8 15
8 22
9 3
9 36
10 1
10 44
11 30
11 36
12 9
12 11
13 18
13 31
14 2
14 44
15 20
15 40
16 1
16 24
17 7
17 13
18 11
18 35
19 3
19 48
20 6
20 33
21 6
21 25
22 0
22 40
23 21
23 46
24 16
24 32
25 2
25 27
26 8
26 48
27 23
27 42
28 15
28 42
29 0
29 45
30 13
30 37
31 35
31 41
32 24
32 47
33 8
33 28
34 4
34 46
35 17
35 30
36 37
36 39
37 12
37 18
38 4
38 47
39 12
39 45
40 26
40 33
41 5
41 17
42 20
42 21
43 41
43 43
44 34
44 38
45 9
45 19
46 14
46 25
47 10
47 16
48 22
48 29

# solution 178
# n=49 sym=rct4 status=verified source=flammenkamp_cache/n49_rct4.mvr
# code=mvr:0 11 0 28 1 21 1 22 2 15 2 19 3 30 3 40 
0 11
0 28
1 21
1 22
2 15
2 19
3 30
3 40
4 35
4 37
5 19
5 24
6 10
6 39
7 12
7 16
8 3
8 32
9 6
9 31
10 12
10 42
11 4
11 48
12 38
12 41
13 4
13 23
14 17
14 28
15 26
15 46
16 8
16 41
17 9
17 34
18 3
18 18
19 43
19 46
20 0
20 14
21 25
21 47
22 15
22 47
23 21
23 35
24 5
24 43
25 13
25 27
26 1
26 33
27 1
27 23
28 34
28 48
29 2
29 5
30 30
30 45
31 14
31 39
32 7
32 40
33 2
33 22
34 20
34 31
35 25
35 44
36 7
36 10
37 0
37 44
38 6
38 36
39 17
39 42
40 16
40 45
41 32
41 36
42 9
42 38
43 24
43 29
44 11
44 13
45 8
45 18
46 29
46 33
47 26
47 27
48 20
48 37

# solution 179
# n=49 sym=rct4 status=verified source=flammenkamp_cache/n49_rct4.mvr
# code=mvr:0 6 0 24 1 30 1 32 2 2 2 37 3 28 3 33 4 
0 6
0 24
1 30
1 32
2 2
2 37
3 28
3 33
4 17
4 35
5 15
5 18
6 10
6 48
7 9
7 25
8 29
8 37
9 17
9 41
10 32
10 42
11 2
11 8
12 20
12 26
13 4
13 34
14 13
14 29
15 3
15 43
16 1
16 10
17 39
17 44
18 1
18 43
19 8
19 14
20 3
20 36
21 25
21 26
22 12
22 21
23 7
23 21
24 0
24 48
25 27
25 41
26 27
26 36
27 22
27 23
28 12
28 45
29 34
29 40
30 5
30 47
31 4
31 9
32 38
32 47
33 5
33 45
34 19
34 35
35 14
35 44
36 22
36 28
37 40
37 46
38 6
38 16
39 7
39 31
40 11
40 19
41 23
41 39
42 0
42 38
43 30
43 33
44 13
44 31
45 15
45 20
46 11
46 46
47 16
47 18
48 24
48 42

# solution 180
# n=49 sym=rct4 status=verified source=flammenkamp_cache/n49_rct4.mvr
# code=mvr:0 28 0 35 1 4 1 18 2 17 2 29 3 14 3 21 4
0 28
0 35
1 4
1 18
2 17
2 29
3 14
3 21
4 17
4 47
5 35
5 40
6 12
6 16
7 23
7 29
8 5
8 9
9 34
9 40
10 16
10 26
11 30
11 36
12 11
12 42
13 0
13 5
14 9
14 45
15 24
15 26
16 38
16 42
17 44
17 46
18 11
18 47
19 2
19 7
20 0
20 20
21 25
21 45
22 10
22 15
23 21
23 41
24 15
24 33
25 7
25 27
26 33
26 38
27 3
27 23
28 28
28 48
29 41
29 46
30 1
30 37
31 2
31 4
32 6
32 10
33 22
33 24
34 3
34 39
35 43
35 48
36 6
36 37
37 12
37 18
38 22
38 32
39 8
39 14
40 39
40 43
41 19
41 25
42 32
42 36
43 8
43 13
44 1
44 31
45 27
45 34
46 19
46 31
47 30
47 44
48 13
48 20

# solution 181
# n=49 sym=rct4 status=verified source=flammenkamp_cache/n49_rct4.mvr
# code=mvr:0 29 0 34 1 14 1 17 2 22 2 28 3 24 3 40 
0 29
0 34
1 14
1 17
2 22
2 28
3 24
3 40
4 12
4 18
5 33
5 38
6 15
6 17
7 29
7 35
8 3
8 8
9 16
9 21
10 5
10 11
11 26
11 38
12 35
12 44
13 7
13 12
14 0
14 47
15 5
15 42
16 25
16 39
17 42
17 47
18 28
18 44
19 0
19 7
20 2
20 18
21 25
21 39
22 11
22 46
23 16
23 21
24 3
24 45
25 27
25 32
26 2
26 37
27 9
27 23
28 30
28 46
29 41
29 48
30 4
30 20
31 1
31 6
32 9
32 23
33 6
33 43
34 1
34 48
35 36
35 41
36 4
36 13
37 10
37 22
38 37
38 43
39 27
39 32
40 40
40 45
41 13
41 19
42 31
42 33
43 10
43 15
44 30
44 36
45 8
45 24
46 20
46 26
47 31
47 34
48 14
48 19

# solution 182
# n=49 sym=rct4 status=verified source=flammenkamp_cache/n49_rct4.mvr
# code=mvr:0 7 0 11 1 29 1 34 2 18 2 31 3 20 3 26 4
0 7
0 11
1 29
1 34
2 18
2 31
3 20
3 26
4 10
4 18
5 9
5 29
6 12
6 17
7 8
7 48
8 37
8 41
9 9
9 43
10 33
10 44
11 8
11 48
12 24
12 42
13 20
13 32
14 1
14 32
15 10
15 25
16 13
16 14
17 2
17 42
18 44
18 46
19 1
19 5
20 35
20 45
21 25
21 26
22 3
22 21
23 15
23 21
24 12
24 36
25 27
25 33
26 27
26 45
27 22
27 23
28 3
28 13
29 43
29 47
30 2
30 4
31 6
31 46
32 34
32 35
33 23
33 38
34 16
34 47
35 16
35 28
36 6
36 24
37 0
37 40
38 4
38 15
39 5
39 39
40 7
40 11
41 0
41 40
42 31
42 36
43 19
43 39
44 30
44 38
45 22
45 28
46 17
46 30
47 14
47 19
48 37
48 41

# solution 183
# n=49 sym=rct4 status=verified source=flammenkamp_cache/n49_rct4.mvr
# code=mvr:0 13 0 17 1 18 1 27 2 10 2 13 3 30 3 40 
0 13
0 17
1 18
1 27
2 10
2 13
3 30
3 40
4 29
4 32
5 9
5 14
6 17
6 41
7 6
7 34
8 3
8 24
9 16
9 43
10 10
10 46
11 25
11 29
12 26
12 33
13 46
13 48
14 7
14 43
15 12
15 28
16 4
16 39
17 42
17 48
18 3
18 47
19 4
19 11
20 15
20 26
21 1
21 25
22 12
22 20
23 11
23 21
24 8
24 40
25 27
25 37
26 28
26 36
27 23
27 47
28 22
28 33
29 37
29 44
30 1
30 45
31 0
31 6
32 9
32 44
33 20
33 36
34 5
34 41
35 0
35 2
36 15
36 22
37 19
37 23
38 2
38 38
39 5
39 32
40 24
40 45
41 14
41 42
42 7
42 31
43 34
43 39
44 16
44 19
45 8
45 18
46 35
46 38
47 21
47 30
48 31
48 35

# solution 184
# n=49 sym=rct4 status=verified source=flammenkamp_cache/n49_rct4.mvr
# code=mvr:0 12 0 28 1 22 1 38 2 30 2 31 3 15 3 25 
0 12
0 28
1 22
1 38
2 30
2 31
3 15
3 25
4 9
4 27
5 14
5 19
6 6
6 36
7 9
7 15
8 14
8 18
9 41
9 44
10 1
10 28
11 24
11 32
12 6
12 48
13 31
13 32
14 40
14 43
15 41
15 45
16 11
16 13
17 2
17 13
18 2
18 40
19 26
19 43
20 0
20 10
21 4
21 25
22 19
22 47
23 3
23 21
24 11
24 37
25 27
25 45
26 1
26 29
27 23
27 44
28 38
28 48
29 5
29 22
30 8
30 46
31 35
31 46
32 35
32 37
33 3
33 7
34 5
34 8
35 16
35 17
36 0
36 42
37 16
37 24
38 20
38 47
39 4
39 7
40 30
40 34
41 33
41 39
42 12
42 42
43 29
43 34
44 21
44 39
45 23
45 33
46 17
46 18
47 10
47 26
48 20
48 36

# solution 185
# n=49 sym=rct4 status=verified source=flammenkamp_cache/n49_rct4.mvr
# code=mvr:0 18 0 31 1 8 1 9 2 21 2 22 3 25 3 26 4 
0 18
0 31
1 8
1 9
2 21
2 22
3 25
3 26
4 15
4 36
5 8
5 38
6 15
6 39
7 20
7 30
8 43
8 47
9 6
9 47
10 5
10 37
11 10
11 16
12 4
12 29
13 17
13 19
14 24
14 28
15 42
15 44
16 16
16 37
17 0
17 35
18 7
18 48
19 12
19 35
20 14
20 41
21 25
21 46
22 3
22 46
23 3
23 21
24 14
24 34
25 27
25 45
26 2
26 45
27 2
27 23
28 7
28 34
29 13
29 36
30 0
30 41
31 13
31 48
32 11
32 32
33 4
33 6
34 20
34 24
35 29
35 31
36 19
36 44
37 32
37 38
38 11
38 43
39 1
39 42
40 1
40 5
41 18
41 28
42 9
42 33
43 10
43 40
44 12
44 33
45 22
45 23
46 26
46 27
47 39
47 40
48 17
48 30

# solution 186
# n=49 sym=rct4 status=verified source=flammenkamp_cache/n49_rct4.mvr
# code=mvr:0 19 0 22 1 32 1 34 2 20 2 30 3 10 3 15 
0 19
0 22
1 32
1 34
2 20
2 30
3 10
3 15
4 17
4 24
5 15
5 40
6 36
6 37
7 9
7 26
8 5
8 8
9 31
9 41
10 13
10 45
11 6
11 21
12 6
12 30
13 14
13 38
14 1
14 35
15 43
15 45
16 1
16 25
17 9
17 44
18 2
18 12
19 28
19 48
20 19
20 46
21 25
21 37
22 7
22 48
23 16
23 21
24 4
24 44
25 27
25 32
26 0
26 41
27 11
27 23
28 2
28 29
29 0
29 20
30 36
30 46
31 4
31 39
32 23
32 47
33 3
33 5
34 13
34 47
35 10
35 34
36 18
36 42
37 27
37 42
38 3
38 35
39 7
39 17
40 40
40 43
41 22
41 39
42 11
42 12
43 8
43 33
44 24
44 31
45 33
45 38
46 18
46 28
47 14
47 16
48 26
48 29

# solution 187
# n=49 sym=rct4 status=verified source=flammenkamp_cache/n49_rct4.mvr
# code=mvr:0 21 0 25 1 14 1 26 2 28 2 32 3 18 3 33 
0 21
0 25
1 14
1 26
2 28
2 32
3 18
3 33
4 27
4 40
5 11
5 19
6 38
6 39
7 12
7 17
8 4
8 11
9 6
9 31
10 6
10 19
11 40
11 43
12 28
12 41
13 18
13 33
14 14
14 47
15 3
15 13
16 2
16 26
17 9
17 41
18 35
18 45
19 38
19 43
20 2
20 12
21 4
21 48
22 1
22 16
23 0
23 24
24 23
24 25
25 24
25 48
26 32
26 47
27 0
27 44
28 36
28 46
29 5
29 10
30 3
30 13
31 7
31 39
32 22
32 46
33 35
33 45
34 1
34 34
35 15
35 30
36 7
36 20
37 5
37 8
38 29
38 42
39 17
39 42
40 37
40 44
41 31
41 36
42 9
42 10
43 29
43 37
44 8
44 21
45 15
45 30
46 16
46 20
47 22
47 34
48 23
48 27

# solution 188
# n=49 sym=rct4 status=verified source=flammenkamp_cache/n49_rct4.mvr
# code=mvr:0 25 0 26 1 19 1 37 2 15 2 39 3 16 3 20 
0 25
0 26
1 19
1 37
2 15
2 39
3 16
3 20
4 9
4 42
5 22
5 38
6 4
6 18
7 27
7 31
8 19
8 34
9 2
9 44
10 5
10 10
11 1
11 31
12 28
12 34
13 16
13 27
14 8
14 12
15 18
15 46
16 35
16 45
17 7
17 11
18 33
18 42
19 40
19 47
20 12
20 45
21 7
21 13
22 0
22 43
23 0
23 24
24 23
24 25
25 24
25 48
26 5
26 48
27 35
27 41
28 3
28 36
29 1
29 8
30 6
30 15
31 37
31 41
32 3
32 13
33 2
33 30
34 36
34 40
35 21
35 32
36 14
36 20
37 17
37 47
38 38
38 43
39 4
39 46
40 14
40 29
41 17
41 21
42 30
42 44
43 10
43 26
44 6
44 39
45 28
45 32
46 9
46 33
47 11
47 29
48 22
48 23

# solution 189
# n=49 sym=rct4 status=verified source=flammenkamp_cache/n49_rct4.mvr
# code=mvr:0 19 0 25 1 16 1 25 2 12 2 18 3 18 3 40 
0 19
0 25
1 16
1 25
2 12
2 18
3 18
3 40
4 35
4 37
5 13
5 26
6 24
6 39
7 9
7 15
8 3
8 21
9 6
9 41
10 17
10 37
11 4
11 10
12 32
12 46
13 4
13 43
14 20
14 28
15 31
15 41
16 12
16 47
17 15
17 38
18 45
18 46
19 19
19 48
20 14
20 34
21 22
21 40
22 5
22 27
23 0
23 1
24 6
24 42
25 47
25 48
26 21
26 43
27 8
27 26
28 14
28 34
29 0
29 29
30 2
30 3
31 10
31 33
32 1
32 36
33 7
33 17
34 20
34 28
35 5
35 44
36 2
36 16
37 38
37 44
38 11
38 31
39 7
39 42
40 27
40 45
41 33
41 39
42 9
42 24
43 22
43 35
44 11
44 13
45 8
45 30
46 30
46 36
47 23
47 32
48 23
48 29

# solution 190
# n=49 sym=rct4 status=verified source=flammenkamp_cache/n49_rct4.mvr
# code=mvr:0 15 0 25 1 21 1 25 2 11 2 15 3 7 3 20 4
0 15
0 25
1 21
1 25
2 11
2 15
3 7
3 20
4 4
4 32
5 27
5 29
6 34
6 38
7 8
7 45
8 9
8 41
9 20
9 40
10 6
10 36
11 26
11 46
12 10
12 18
13 18
13 19
14 6
14 16
15 46
15 48
16 4
16 34
17 24
17 26
18 35
18 36
19 5
19 35
20 39
20 45
21 5
21 47
22 11
22 17
23 0
23 1
24 17
24 31
25 47
25 48
26 31
26 37
27 1
27 43
28 3
28 9
29 13
29 43
30 12
30 13
31 22
31 24
32 14
32 44
33 0
33 2
34 32
34 42
35 29
35 30
36 30
36 38
37 2
37 22
38 12
38 42
39 8
39 28
40 7
40 39
41 3
41 40
42 10
42 14
43 19
43 21
44 16
44 44
45 28
45 41
46 33
46 37
47 23
47 27
48 23
48 33

# solution 191
# n=49 sym=rct4 status=verified source=flammenkamp_cache/n49_rct4.mvr
# code=mvr:0 25 0 29 1 25 1 26 2 18 2 42 3 3 3 12 4
0 25
0 29
1 25
1 26
2 18
2 42
3 3
3 12
4 12
4 31
5 11
5 29
6 2
6 7
7 38
7 42
8 20
8 35
9 16
9 24
10 7
10 27
11 33
11 43
12 44
12 45
13 8
13 34
14 13
14 27
15 11
15 31
16 26
16 39
17 4
17 15
18 28
18 46
19 0
19 5
20 18
20 40
21 10
21 14
22 1
22 16
23 0
23 1
24 9
24 39
25 47
25 48
26 32
26 47
27 34
27 38
28 8
28 30
29 43
29 48
30 2
30 20
31 33
31 44
32 9
32 22
33 17
33 37
34 21
34 35
35 14
35 40
36 3
36 4
37 5
37 15
38 21
38 41
39 24
39 32
40 13
40 28
41 6
41 10
42 41
42 46
43 19
43 37
44 17
44 36
45 36
45 45
46 6
46 30
47 22
47 23
48 19
48 23

# solution 192
# n=49 sym=rct4 status=verified source=flammenkamp_cache/n49_rct4.mvr
# code=mvr:0 21 0 25 1 17 1 25 2 14 2 38 3 34 3 40 
0 21
0 25
1 17
1 25
2 14
2 38
3 34
3 40
4 4
4 10
5 20
5 32
6 9
6 24
7 13
7 39
8 3
8 27
9 7
9 42
10 2
10 44
11 30
11 33
12 26
12 32
13 15
13 41
14 3
14 46
15 11
15 35
16 5
16 12
17 30
17 47
18 11
18 17
19 22
19 28
20 19
20 43
21 8
21 48
22 12
22 29
23 0
23 1
24 6
24 42
25 47
25 48
26 19
26 36
27 0
27 40
28 5
28 29
29 20
29 26
30 31
30 37
31 1
31 18
32 36
32 43
33 13
33 37
34 2
34 45
35 7
35 33
36 16
36 22
37 15
37 18
38 4
38 46
39 6
39 41
40 21
40 45
41 9
41 35
42 24
42 39
43 16
43 28
44 38
44 44
45 8
45 14
46 10
46 34
47 23
47 31
48 23
48 27

# solution 193
# n=49 sym=rct4 status=verified source=flammenkamp_cache/n49_rct4.mvr
# code=mvr:0 8 0 23 1 31 1 33 2 25 2 36 3 21 3 33 4
0 8
0 23
1 31
1 33
2 25
2 36
3 21
3 33
4 26
4 37
5 14
5 32
6 13
6 39
7 20
7 26
8 21
8 48
9 6
9 13
10 10
10 18
11 4
11 17
12 2
12 14
13 39
13 42
14 36
14 43
15 1
15 3
16 5
16 18
17 1
17 37
18 32
18 38
19 20
19 24
20 29
20 41
21 40
21 45
22 4
22 7
23 2
23 48
24 19
24 29
25 0
25 46
26 41
26 44
27 3
27 8
28 7
28 19
29 24
29 28
30 10
30 16
31 11
31 47
32 30
32 43
33 45
33 47
34 5
34 12
35 6
35 9
36 34
36 46
37 31
37 44
38 30
38 38
39 35
39 42
40 0
40 27
41 22
41 28
42 9
42 35
43 16
43 34
44 11
44 22
45 15
45 27
46 12
46 23
47 15
47 17
48 25
48 40

# solution 194
# n=49 sym=rct4 status=verified source=flammenkamp_cache/n49_rct4.mvr
# code=mvr:0 11 0 23 1 28 1 29 2 20 2 25 3 14 3 19 
0 11
0 23
1 28
1 29
2 20
2 25
3 14
3 19
4 12
4 37
5 35
5 38
6 6
6 10
7 16
7 26
8 36
8 39
9 8
9 18
10 5
10 42
11 4
11 48
12 8
12 44
13 5
13 33
14 27
14 45
15 13
15 31
16 26
16 41
17 15
17 18
18 31
18 39
19 1
19 45
20 1
20 46
21 14
21 24
22 7
22 16
23 2
23 48
24 21
24 27
25 0
25 46
26 32
26 41
27 24
27 34
28 2
28 47
29 3
29 47
30 9
30 17
31 30
31 33
32 7
32 22
33 17
33 35
34 3
34 21
35 15
35 43
36 4
36 40
37 0
37 44
38 6
38 43
39 30
39 40
40 9
40 12
41 22
41 32
42 38
42 42
43 10
43 13
44 11
44 36
45 29
45 34
46 23
46 28
47 19
47 20
48 25
48 37

# solution 195
# n=49 sym=rct4 status=verified source=flammenkamp_cache/n49_rct4.mvr
# code=mvr:0 22 0 40 1 25 1 33 2 20 2 25 3 3 3 33 4
0 22
0 40
1 25
1 33
2 20
2 25
3 3
3 33
4 8
4 27
5 12
5 18
6 30
6 38
7 13
7 14
8 0
8 44
9 26
9 38
10 6
10 9
11 16
11 31
12 31
12 43
13 32
13 41
14 24
14 41
15 1
15 3
16 13
16 37
17 11
17 12
18 6
18 43
19 27
19 28
20 19
20 46
21 4
21 19
22 9
22 48
23 1
23 2
24 14
24 34
25 46
25 47
26 0
26 39
27 29
27 44
28 2
28 29
29 20
29 21
30 5
30 42
31 36
31 37
32 11
32 35
33 45
33 47
34 7
34 24
35 7
35 16
36 5
36 17
37 17
37 32
38 39
38 42
39 10
39 22
40 4
40 48
41 34
41 35
42 10
42 18
43 30
43 36
44 21
44 40
45 15
45 45
46 23
46 28
47 15
47 23
48 8
48 26

# solution 196
# n=49 sym=rct4 status=verified source=flammenkamp_cache/n49_rct4.mvr
# code=mvr:0 33 0 42 1 25 1 31 2 19 2 25 3 3 3 30 4
0 33
0 42
1 25
1 31
2 19
2 25
3 3
3 30
4 12
4 32
5 14
5 18
6 0
6 10
7 8
7 21
8 37
8 41
9 14
9 31
10 33
10 42
11 8
11 21
12 26
12 44
13 24
13 32
14 39
14 43
15 0
15 10
16 4
16 13
17 1
17 9
18 3
18 43
19 20
19 46
20 26
20 29
21 37
21 41
22 12
22 20
23 1
23 2
24 13
24 35
25 46
25 47
26 28
26 36
27 7
27 11
28 19
28 22
29 2
29 28
30 5
30 45
31 39
31 47
32 35
32 44
33 38
33 48
34 5
34 9
35 16
35 24
36 4
36 22
37 27
37 40
38 6
38 15
39 17
39 34
40 7
40 11
41 27
41 40
42 38
42 48
43 30
43 34
44 16
44 36
45 18
45 45
46 23
46 29
47 17
47 23
48 6
48 15

