# solution 1
# n=51 sym=rct4 status=verified source=flammenkamp_cache/n51_rct4.mvr
# code=mvr:0 25 0 29 1 17 1 35 2 22 2 32 3 8 3 40 4
0 25
0 29
1 17
1 35
2 22
2 32
3 8
3 40
4 8
4 16
5 40
5 41
6 18
6 41
7 24
7 30
8 46
8 47
9 5
9 6
10 3
10 5
11 11
11 33
12 27
12 30
13 19
13 36
14 13
14 16
15 1
15 22
16 36
16 46
17 11
17 49
18 2
18 44
19 29
19 37
20 7
20 12
21 0
21 19
22 35
22 48
23 12
23 26
24 23
24 43
25 0
25 50
26 7
26 27
27 24
27 38
28 2
28 15
29 31
29 50
30 38
30 43
31 13
31 21
32 6
32 48
33 1
33 39
34 4
34 14
35 28
35 49
36 34
36 37
37 14
37 31
38 20
38 23
39 17
39 39
40 45
40 47
41 44
41 45
42 3
42 4
43 20
43 26
44 9
44 32
45 9
45 10
46 34
46 42
47 10
47 42
48 18
48 28
49 15
49 33
50 21
50 25

# solution 2
# n=51 sym=rct4 status=verified source=flammenkamp_cache/n51_rct4.mvr
# code=mvr:0 18 0 26 1 30 1 36 2 5 2 23 3 15 3 17 4
0 18
0 26
1 30
1 36
2 5
2 23
3 15
3 17
4 4
4 30
5 14
5 48
6 28
6 39
7 32
7 37
8 19
8 29
9 10
9 37
10 12
10 41
11 6
11 34
12 29
12 40
13 7
13 9
14 1
14 45
15 25
15 47
16 11
16 28
17 19
17 47
18 7
18 50
19 33
19 42
20 1
20 4
21 8
21 12
22 6
22 16
23 26
23 48
24 0
24 23
25 15
25 35
26 27
26 50
27 2
27 24
28 34
28 44
29 38
29 42
30 46
30 49
31 8
31 17
32 0
32 43
33 3
33 31
34 22
34 39
35 3
35 25
36 5
36 49
37 41
37 43
38 10
38 21
39 16
39 44
40 9
40 38
41 13
41 40
42 21
42 31
43 13
43 18
44 11
44 22
45 2
45 36
46 20
46 46
47 33
47 35
48 27
48 45
49 14
49 20
50 24
50 32

# solution 3
# n=51 sym=rct4 status=verified source=flammenkamp_cache/n51_rct4.mvr
# code=mvr:0 5 0 23 1 18 1 28 2 28 2 32 3 9 3 15 4 
0 5
0 23
1 18
1 28
2 28
2 32
3 9
3 15
4 11
4 35
5 40
5 50
6 19
6 20
7 25
7 39
8 8
8 34
9 34
9 47
10 5
10 19
11 7
11 46
12 29
12 36
13 21
13 33
14 12
14 24
15 4
15 47
16 8
16 9
17 13
17 30
18 2
18 49
19 40
19 44
20 17
20 44
21 12
21 37
22 1
22 2
23 26
23 50
24 23
24 36
25 7
25 43
26 14
26 27
27 0
27 24
28 48
28 49
29 13
29 38
30 6
30 33
31 6
31 10
32 1
32 48
33 20
33 37
34 41
34 42
35 3
35 46
36 26
36 38
37 17
37 29
38 14
38 21
39 4
39 43
40 31
40 45
41 3
41 16
42 16
42 42
43 11
43 25
44 30
44 31
45 0
45 10
46 15
46 39
47 35
47 41
48 18
48 22
49 22
49 32
50 27
50 45

# solution 4
# n=51 sym=rct4 status=verified source=flammenkamp_cache/n51_rct4.mvr
# code=mvr:0 18 0 23 1 22 1 24 2 12 2 42 3 14 3 34 
0 18
0 23
1 22
1 24
2 12
2 42
3 14
3 34
4 41
4 44
5 10
5 12
6 4
6 35
7 29
7 31
8 2
8 10
9 4
9 37
10 42
10 45
11 11
11 17
12 45
12 48
13 9
13 22
14 29
14 47
15 6
15 18
16 3
16 20
17 25
17 39
18 35
18 50
19 7
19 30
20 19
20 34
21 7
21 14
22 37
22 49
23 26
23 50
24 23
24 49
25 17
25 33
26 1
26 27
27 0
27 24
28 1
28 13
29 36
29 43
30 16
30 31
31 20
31 43
32 0
32 15
33 11
33 25
34 30
34 47
35 32
35 44
36 3
36 21
37 28
37 41
38 2
38 5
39 33
39 39
40 5
40 8
41 13
41 46
42 40
42 48
43 19
43 21
44 15
44 46
45 38
45 40
46 6
46 9
47 16
47 36
48 8
48 38
49 26
49 28
50 27
50 32

# solution 5
# n=51 sym=rct4 status=verified source=flammenkamp_cache/n51_rct4.mvr
# code=mvr:0 18 0 24 1 22 1 30 2 31 2 37 3 14 3 15 
0 18
0 24
1 22
1 30
2 31
2 37
3 14
3 15
4 9
4 29
5 36
5 39
6 9
6 19
7 22
7 23
8 12
8 16
9 44
9 46
10 10
10 30
11 5
11 33
12 16
12 42
13 2
13 21
14 5
14 47
15 17
15 47
16 38
16 42
17 11
17 35
18 25
18 50
19 2
19 44
20 1
20 10
21 4
21 37
22 43
22 49
23 26
23 43
24 23
24 50
25 18
25 32
26 0
26 27
27 7
27 24
28 1
28 7
29 13
29 46
30 40
30 49
31 6
31 48
32 0
32 25
33 15
33 39
34 8
34 12
35 3
35 33
36 3
36 45
37 29
37 48
38 8
38 34
39 17
39 45
40 20
40 40
41 4
41 6
42 34
42 38
43 27
43 28
44 31
44 41
45 11
45 14
46 21
46 41
47 35
47 36
48 13
48 19
49 20
49 28
50 26
50 32

# solution 6
# n=51 sym=rct4 status=verified source=flammenkamp_cache/n51_rct4.mvr
# code=mvr:0 29 0 38 1 29 1 42 2 11 2 15 3 13 3 31 
0 29
0 38
1 29
1 42
2 11
2 15
3 13
3 31
4 4
4 43
5 18
5 22
6 28
6 30
7 4
7 37
8 1
8 9
9 11
9 42
10 18
10 25
11 41
11 48
12 0
12 33
13 7
13 47
14 26
14 31
15 33
15 48
16 20
16 27
17 12
17 15
18 40
18 45
19 3
19 14
20 6
20 34
21 0
21 1
22 6
22 45
23 16
23 26
24 14
24 23
25 10
25 40
26 27
26 36
27 24
27 34
28 5
28 44
29 49
29 50
30 16
30 44
31 36
31 47
32 5
32 10
33 35
33 38
34 23
34 30
35 2
35 17
36 19
36 24
37 3
37 43
38 17
38 50
39 2
39 9
40 25
40 32
41 8
41 39
42 41
42 49
43 13
43 46
44 20
44 22
45 28
45 32
46 7
46 46
47 19
47 37
48 35
48 39
49 8
49 21
50 12
50 21

# solution 7
# n=51 sym=rct4 status=verified source=flammenkamp_cache/n51_rct4.mvr
# code=mvr:0 21 0 28 1 14 1 30 2 14 2 41 3 15 3 21 
0 21
0 28
1 14
1 30
2 14
2 41
3 15
3 21
4 10
4 42
5 7
5 39
6 16
6 31
7 32
7 45
8 4
8 23
9 2
9 32
10 37
10 46
11 5
11 25
12 12
12 17
13 10
13 28
14 48
14 49
15 17
15 47
16 24
16 44
17 35
17 38
18 7
18 9
19 6
19 30
20 1
20 19
21 47
21 50
22 0
22 13
23 26
23 42
24 23
24 34
25 11
25 39
26 16
26 27
27 8
27 24
28 37
28 50
29 0
29 3
30 31
30 49
31 20
31 44
32 41
32 43
33 12
33 15
34 6
34 26
35 3
35 33
36 1
36 2
37 22
37 40
38 33
38 38
39 25
39 45
40 4
40 13
41 18
41 48
42 27
42 46
43 5
43 18
44 19
44 34
45 11
45 43
46 8
46 40
47 29
47 35
48 9
48 36
49 20
49 36
50 22
50 29

# solution 8
# n=51 sym=rct4 status=verified source=flammenkamp_cache/n51_rct4.mvr
# code=mvr:0 7 0 16 1 19 1 30 2 33 2 39 3 7 3 42 4 
0 7
0 16
1 19
1 30
2 33
2 39
3 7
3 42
4 16
4 22
5 22
5 29
6 6
6 10
7 47
7 50
8 3
8 9
9 36
9 42
10 32
10 44
11 2
11 14
12 18
12 23
13 24
13 30
14 9
14 39
15 25
15 29
16 46
16 50
17 2
17 19
18 10
18 38
19 33
19 49
20 1
20 13
21 5
21 15
22 45
22 46
23 26
23 38
24 23
24 37
25 15
25 35
26 13
26 27
27 12
27 24
28 4
28 5
29 35
29 45
30 37
30 49
31 1
31 17
32 12
32 40
33 31
33 48
34 0
34 4
35 21
35 25
36 11
36 41
37 20
37 26
38 27
38 32
39 36
39 48
40 6
40 18
41 8
41 14
42 41
42 47
43 0
43 3
44 40
44 44
45 21
45 28
46 28
46 34
47 8
47 43
48 11
48 17
49 20
49 31
50 34
50 43

# solution 9
# n=51 sym=rct4 status=verified source=flammenkamp_cache/n51_rct4.mvr
# code=mvr:0 18 0 28 1 35 1 38 2 27 2 33 3 13 3 43 
0 18
0 28
1 35
1 38
2 27
2 33
3 13
3 43
4 13
4 20
5 10
5 44
6 5
6 15
7 3
7 30
8 34
8 36
9 9
9 21
10 21
10 45
11 26
11 31
12 1
12 14
13 46
13 47
14 8
14 38
15 1
15 44
16 8
16 28
17 2
17 31
18 25
18 50
19 11
19 17
20 7
20 46
21 40
21 41
22 0
22 16
23 2
23 26
24 11
24 23
25 18
25 32
26 27
26 39
27 24
27 48
28 34
28 50
29 9
29 10
30 4
30 43
31 33
31 39
32 0
32 25
33 19
33 48
34 22
34 42
35 6
35 49
36 12
36 42
37 3
37 4
38 36
38 49
39 19
39 24
40 5
40 29
41 29
41 41
42 14
42 16
43 20
43 47
44 35
44 45
45 6
45 40
46 30
46 37
47 7
47 37
48 17
48 23
49 12
49 15
50 22
50 32

# solution 10
# n=51 sym=rct4 status=verified source=flammenkamp_cache/n51_rct4.mvr
# code=mvr:0 7 0 28 1 18 1 28 2 26 2 34 3 17 3 38 4
0 7
0 28
1 18
1 28
2 26
2 34
3 17
3 38
4 15
4 19
5 12
5 40
6 29
6 34
7 39
7 50
8 8
8 41
9 8
9 35
10 5
10 14
11 7
11 19
12 3
12 45
13 21
13 25
14 20
14 40
15 9
15 46
16 2
16 6
17 20
17 47
18 27
18 49
19 39
19 46
20 33
20 36
21 6
21 37
22 0
22 1
23 18
23 26
24 2
24 23
25 13
25 37
26 27
26 48
27 24
27 32
28 49
28 50
29 13
29 44
30 14
30 17
31 4
31 11
32 1
32 23
33 3
33 30
34 44
34 48
35 4
35 41
36 10
36 30
37 25
37 29
38 5
38 47
39 31
39 43
40 36
40 45
41 15
41 42
42 9
42 42
43 0
43 11
44 16
44 21
45 10
45 38
46 31
46 35
47 12
47 33
48 16
48 24
49 22
49 32
50 22
50 43

# solution 11
# n=51 sym=rct4 status=verified source=flammenkamp_cache/n51_rct4.mvr
# code=mvr:0 29 0 34 1 28 1 36 2 13 2 17 3 7 3 21 4
0 29
0 34
1 28
1 36
2 13
2 17
3 7
3 21
4 14
4 19
5 12
5 42
6 20
6 35
7 11
7 47
8 5
8 25
9 23
9 35
10 20
10 38
11 16
11 43
12 10
12 45
13 13
13 48
14 1
14 46
15 6
15 9
16 0
16 39
17 22
17 48
18 24
18 31
19 18
19 46
20 40
20 44
21 0
21 47
22 1
22 33
23 26
23 41
24 23
24 32
25 8
25 42
26 18
26 27
27 9
27 24
28 17
28 49
29 3
29 50
30 6
30 10
31 4
31 32
32 19
32 26
33 2
33 28
34 11
34 50
35 41
35 44
36 4
36 49
37 2
37 37
38 5
38 40
39 7
39 34
40 12
40 30
41 15
41 27
42 25
42 45
43 3
43 39
44 15
44 30
45 8
45 38
46 31
46 36
47 29
47 43
48 33
48 37
49 14
49 22
50 16
50 21

# solution 12
# n=51 sym=rct4 status=verified source=flammenkamp_cache/n51_rct4.mvr
# code=mvr:0 20 0 21 1 14 1 26 2 26 2 36 3 11 3 35 
0 20
0 21
1 14
1 26
2 26
2 36
3 11
3 35
4 4
4 30
5 19
5 22
6 17
6 37
7 25
7 40
8 9
8 11
9 33
9 42
10 7
10 27
11 42
11 47
12 16
12 19
13 6
13 18
14 2
14 49
15 3
15 29
16 32
16 38
17 9
17 44
18 16
18 37
19 38
19 45
20 4
20 50
21 15
21 50
22 23
22 45
23 10
23 28
24 1
24 2
25 7
25 43
26 48
26 49
27 22
27 40
28 5
28 27
29 0
29 35
30 0
30 46
31 5
31 12
32 13
32 34
33 6
33 41
34 12
34 18
35 21
35 47
36 1
36 48
37 32
37 44
38 31
38 34
39 3
39 8
40 23
40 43
41 8
41 17
42 39
42 41
43 10
43 25
44 13
44 33
45 28
45 31
46 20
46 46
47 15
47 39
48 14
48 24
49 24
49 36
50 29
50 30

# solution 13
# n=51 sym=rct4 status=verified source=flammenkamp_cache/n51_rct4.mvr
# code=mvr:0 26 0 30 1 12 1 34 2 17 2 26 3 10 3 30 
0 26
0 30
1 12
1 34
2 17
2 26
3 10
3 30
4 21
4 36
5 9
5 39
6 6
6 11
7 25
7 35
8 21
8 31
9 35
9 45
10 12
10 47
11 5
11 44
12 40
12 49
13 17
13 27
14 4
14 28
15 7
15 9
16 1
16 18
17 37
17 48
18 27
18 34
19 8
19 22
20 0
20 3
21 42
21 46
22 14
22 31
23 13
23 18
24 0
24 2
25 7
25 43
26 48
26 50
27 32
27 37
28 19
28 36
29 4
29 8
30 47
30 50
31 28
31 42
32 16
32 23
33 2
33 13
34 32
34 49
35 41
35 43
36 22
36 46
37 23
37 33
38 1
38 10
39 6
39 45
40 3
40 38
41 5
41 15
42 19
42 29
43 15
43 25
44 39
44 44
45 11
45 41
46 14
46 29
47 20
47 40
48 24
48 33
49 16
49 38
50 20
50 24

# solution 14
# n=51 sym=rct4 status=verified source=flammenkamp_cache/n51_rct4.mvr
# code=mvr:0 17 0 26 1 20 1 32 2 26 2 34 3 21 3 37 
0 17
0 26
1 20
1 32
2 26
2 34
3 21
3 37
4 10
4 39
5 17
5 30
6 10
6 28
7 7
7 42
8 7
8 15
9 21
9 36
10 44
10 46
11 4
11 34
12 18
12 35
13 3
13 27
14 9
14 25
15 12
15 42
16 2
16 11
17 45
17 50
18 1
18 38
19 22
19 27
20 5
20 49
21 41
21 47
22 6
22 31
23 13
23 19
24 0
24 2
25 14
25 36
26 48
26 50
27 31
27 37
28 19
28 44
29 3
29 9
30 1
30 45
31 23
31 28
32 12
32 49
33 0
33 5
34 39
34 48
35 8
35 38
36 25
36 41
37 23
37 47
38 15
38 32
39 16
39 46
40 4
40 6
41 14
41 29
42 35
42 43
43 8
43 43
44 22
44 40
45 20
45 33
46 11
46 40
47 13
47 29
48 16
48 24
49 18
49 30
50 24
50 33

# solution 15
# n=51 sym=rct4 status=verified source=flammenkamp_cache/n51_rct4.mvr
# code=mvr:0 4 0 24 1 22 1 29 2 18 2 26 3 3 3 31 4 
0 4
0 24
1 22
1 29
2 18
2 26
3 3
3 31
4 38
4 50
5 15
5 22
6 11
6 31
7 12
7 30
8 9
8 23
9 10
9 42
10 18
10 41
11 37
11 44
12 4
12 43
13 11
13 25
14 17
14 21
15 33
15 45
16 20
16 23
17 15
17 36
18 40
18 48
19 3
19 6
20 7
20 34
21 1
21 36
22 45
22 49
23 34
23 42
24 2
24 50
25 13
25 37
26 0
26 48
27 8
27 16
28 1
28 5
29 14
29 49
30 16
30 43
31 44
31 47
32 2
32 10
33 14
33 35
34 27
34 30
35 5
35 17
36 29
36 33
37 25
37 39
38 7
38 46
39 6
39 13
40 9
40 32
41 8
41 40
42 27
42 41
43 20
43 38
44 19
44 39
45 28
45 35
46 0
46 12
47 19
47 47
48 24
48 32
49 21
49 28
50 26
50 46

# solution 16
# n=51 sym=rct4 status=verified source=flammenkamp_cache/n51_rct4.mvr
# code=mvr:0 11 0 43 1 20 1 26 2 11 2 26 3 3 3 27 4
0 11
0 43
1 20
1 26
2 11
2 26
3 3
3 27
4 18
4 33
5 8
5 31
6 13
6 36
7 0
7 28
8 17
8 45
9 21
9 35
10 12
10 27
11 48
11 50
12 28
12 40
13 16
13 44
14 6
14 19
15 9
15 20
16 32
16 37
17 4
17 42
18 16
18 46
19 5
19 36
20 35
20 49
21 25
21 41
22 7
22 12
23 3
23 10
24 1
24 2
25 21
25 29
26 48
26 49
27 40
27 47
28 38
28 43
29 9
29 25
30 1
30 15
31 14
31 45
32 4
32 34
33 8
33 46
34 13
34 18
35 30
35 41
36 31
36 44
37 6
37 34
38 10
38 22
39 0
39 2
40 23
40 38
41 15
41 29
42 5
42 33
43 22
43 50
44 14
44 37
45 19
45 42
46 17
46 32
47 23
47 47
48 24
48 39
49 24
49 30
50 7
50 39

# solution 17
# n=51 sym=rct4 status=verified source=flammenkamp_cache/n51_rct4.mvr
# code=mvr:0 29 0 33 1 16 1 24 2 26 2 29 3 19 3 23 
0 29
0 33
1 16
1 24
2 26
2 29
3 19
3 23
4 15
4 40
5 37
5 39
6 23
6 36
7 16
7 41
8 11
8 40
9 7
9 13
10 4
10 8
11 5
11 42
12 15
12 28
13 5
13 41
14 6
14 14
15 38
15 46
16 43
16 49
17 0
17 32
18 17
18 22
19 30
19 47
20 19
20 25
21 0
21 2
22 12
22 32
23 44
23 47
24 2
24 49
25 20
25 30
26 1
26 48
27 3
27 6
28 18
28 38
29 48
29 50
30 25
30 31
31 3
31 20
32 28
32 33
33 18
33 50
34 1
34 7
35 4
35 12
36 36
36 44
37 9
37 45
38 22
38 35
39 8
39 45
40 42
40 46
41 37
41 43
42 10
42 39
43 9
43 34
44 14
44 27
45 11
45 13
46 10
46 35
47 27
47 31
48 21
48 24
49 26
49 34
50 17
50 21

# solution 18
# n=51 sym=rct4 status=verified source=flammenkamp_cache/n51_rct4.mvr
# code=mvr:0 24 0 29 1 15 1 34 2 26 2 33 3 31 3 42 
0 24
0 29
1 15
1 34
2 26
2 33
3 31
3 42
4 11
4 40
5 6
5 22
6 17
6 45
7 27
7 41
8 3
8 19
9 7
9 13
10 4
10 39
11 10
11 46
12 29
12 30
13 34
13 41
14 14
14 32
15 25
15 49
16 1
16 13
17 2
17 44
18 14
18 23
19 3
19 42
20 12
20 28
21 0
21 12
22 20
22 45
23 7
23 32
24 2
24 50
25 15
25 35
26 0
26 48
27 18
27 43
28 5
28 30
29 38
29 50
30 22
30 38
31 8
31 47
32 27
32 36
33 6
33 48
34 37
34 49
35 1
35 25
36 18
36 36
37 9
37 16
38 20
38 21
39 4
39 40
40 11
40 46
41 37
41 43
42 31
42 47
43 9
43 23
44 5
44 33
45 28
45 44
46 10
46 39
47 8
47 19
48 17
48 24
49 16
49 35
50 21
50 26

# solution 19
# n=51 sym=rct4 status=verified source=flammenkamp_cache/n51_rct4.mvr
# code=mvr:0 26 0 28 1 31 1 32 2 12 2 26 3 11 3 13 
0 26
0 28
1 31
1 32
2 12
2 26
3 11
3 13
4 30
4 42
5 5
5 42
6 14
6 15
7 14
7 38
8 4
8 5
9 27
9 30
10 23
10 25
11 34
11 47
12 7
12 48
13 33
13 47
14 43
14 44
15 34
15 44
16 11
16 15
17 13
17 19
18 1
18 29
19 1
19 33
20 4
20 9
21 18
21 28
22 0
22 21
23 9
23 40
24 0
24 2
25 10
25 40
26 48
26 50
27 10
27 41
28 29
28 50
29 22
29 32
30 41
30 46
31 17
31 49
32 21
32 49
33 31
33 37
34 35
34 39
35 6
35 16
36 6
36 7
37 3
37 17
38 2
38 43
39 3
39 16
40 25
40 27
41 20
41 23
42 45
42 46
43 12
43 36
44 35
44 36
45 8
45 45
46 8
46 20
47 37
47 39
48 24
48 38
49 18
49 19
50 22
50 24

# solution 20
# n=51 sym=rct4 status=verified source=flammenkamp_cache/n51_rct4.mvr
# code=mvr:0 27 0 28 1 14 1 26 2 33 2 42 3 6 3 21 4
0 27
0 28
1 14
1 26
2 33
2 42
3 6
3 21
4 8
4 35
5 21
5 43
6 38
6 47
7 5
7 26
8 2
8 46
9 33
9 34
10 10
10 19
11 19
11 25
12 6
12 16
13 28
13 32
14 35
14 49
15 4
15 14
16 9
16 38
17 2
17 9
18 13
18 20
19 39
19 40
20 27
20 32
21 45
21 47
22 0
22 13
23 0
23 20
24 1
24 7
25 11
25 39
26 43
26 49
27 30
27 50
28 37
28 50
29 3
29 5
30 18
30 23
31 10
31 11
32 30
32 37
33 41
33 48
34 12
34 41
35 36
35 46
36 1
36 15
37 18
37 22
38 34
38 44
39 25
39 31
40 31
40 40
41 16
41 17
42 4
42 48
43 24
43 45
44 3
44 12
45 7
45 29
46 15
46 42
47 29
47 44
48 8
48 17
49 24
49 36
50 22
50 23

# solution 21
# n=51 sym=rct4 status=verified source=flammenkamp_cache/n51_rct4.mvr
# code=mvr:0 24 0 36 1 16 1 38 2 14 2 29 3 25 3 33 
0 24
0 36
1 16
1 38
2 14
2 29
3 25
3 33
4 6
4 16
5 18
5 20
6 37
6 46
7 17
7 26
8 9
8 10
9 40
9 42
10 9
10 42
11 22
11 35
12 1
12 22
13 6
13 31
14 0
14 48
15 11
15 19
16 46
16 49
17 3
17 43
18 27
18 45
19 13
19 35
20 27
20 45
21 2
21 21
22 38
22 39
23 18
23 20
24 7
24 50
25 3
25 47
26 0
26 43
27 30
27 32
28 11
28 12
29 29
29 48
30 5
30 23
31 15
31 37
32 5
32 23
33 7
33 47
34 1
34 4
35 31
35 39
36 2
36 50
37 19
37 44
38 28
38 49
39 15
39 28
40 8
40 41
41 8
41 10
42 40
42 41
43 24
43 33
44 4
44 13
45 30
45 32
46 34
46 44
47 17
47 25
48 21
48 36
49 12
49 34
50 14
50 26

# solution 22
# n=51 sym=rct4 status=verified source=flammenkamp_cache/n51_rct4.mvr
# code=mvr:0 2 0 37 1 15 1 29 2 26 2 50 3 31 3 35 4
0 2
0 37
1 15
1 29
2 26
2 50
3 31
3 35
4 9
4 27
5 37
5 38
6 20
6 36
7 22
7 26
8 12
8 19
9 10
9 46
10 36
10 41
11 32
11 33
12 5
12 42
13 0
13 5
14 6
14 10
15 3
15 49
16 29
16 32
17 11
17 23
18 11
18 16
19 3
19 42
20 20
20 44
21 1
21 16
22 25
22 43
23 4
23 33
24 2
24 7
25 22
25 28
26 43
26 48
27 17
27 46
28 7
28 25
29 34
29 49
30 6
30 30
31 8
31 47
32 34
32 39
33 27
33 39
34 18
34 21
35 1
35 47
36 40
36 44
37 45
37 50
38 8
38 45
39 17
39 18
40 9
40 14
41 4
41 40
42 31
42 38
43 24
43 28
44 14
44 30
45 12
45 13
46 23
46 41
47 15
47 19
48 0
48 24
49 21
49 35
50 13
50 48

# solution 23
# n=51 sym=rct4 status=verified source=flammenkamp_cache/n51_rct4.mvr
# code=mvr:0 38 0 40 1 25 1 35 2 20 2 33 3 22 3 24 
0 38
0 40
1 25
1 35
2 20
2 33
3 22
3 24
4 21
4 31
5 8
5 44
6 5
6 13
7 11
7 26
8 30
8 45
9 18
9 38
10 0
10 10
11 19
11 43
12 0
12 9
13 35
13 44
14 16
14 28
15 1
15 13
16 21
16 36
17 2
17 23
18 23
18 41
19 4
19 39
20 8
20 48
21 34
21 46
22 14
22 47
23 32
23 33
24 7
24 47
25 1
25 49
26 3
26 43
27 17
27 18
28 3
28 36
29 4
29 16
30 2
30 42
31 11
31 46
32 9
32 27
33 27
33 48
34 14
34 29
35 37
35 49
36 22
36 34
37 6
37 15
38 41
38 50
39 7
39 31
40 40
40 50
41 12
41 32
42 5
42 20
43 24
43 39
44 37
44 45
45 6
45 42
46 19
46 29
47 26
47 28
48 17
48 30
49 15
49 25
50 10
50 12

# solution 24
# n=51 sym=rct4 status=verified source=flammenkamp_cache/n51_rct4.mvr
# code=mvr:0 33 0 35 1 21 1 28 2 5 2 16 3 10 3 26 4
0 33
0 35
1 21
1 28
2 5
2 16
3 10
3 26
4 16
4 35
5 5
5 48
6 11
6 41
7 26
7 33
8 20
8 22
9 6
9 10
10 41
10 47
11 37
11 44
12 14
12 25
13 11
13 19
14 18
14 38
15 0
15 4
16 46
16 48
17 0
17 7
18 27
18 36
19 27
19 37
20 29
20 42
21 20
21 49
22 1
22 42
23 18
23 19
24 3
24 7
25 12
25 38
26 43
26 47
27 31
27 32
28 8
28 49
29 1
29 30
30 8
30 21
31 13
31 23
32 14
32 23
33 43
33 50
34 2
34 4
35 46
35 50
36 12
36 32
37 31
37 39
38 25
38 36
39 6
39 13
40 3
40 9
41 40
41 44
42 28
42 30
43 17
43 24
44 9
44 39
45 2
45 45
46 15
46 34
47 24
47 40
48 34
48 45
49 22
49 29
50 15
50 17

# solution 25
# n=51 sym=rct4 status=verified source=flammenkamp_cache/n51_rct4.mvr
# code=mvr:0 16 0 18 1 12 1 24 2 28 2 45 3 25 3 39 
0 16
0 18
1 12
1 24
2 28
2 45
3 25
3 39
4 17
4 34
5 2
5 12
6 17
6 37
7 8
7 26
8 23
8 43
9 13
9 21
10 23
10 31
11 3
11 11
12 45
12 49
13 6
13 41
14 15
14 30
15 20
15 36
16 4
16 50
17 44
17 46
18 22
18 50
19 10
19 21
20 14
20 35
21 31
21 41
22 2
22 32
23 40
23 42
24 7
24 49
25 3
25 47
26 1
26 43
27 8
27 10
28 18
28 48
29 9
29 19
30 15
30 36
31 29
31 40
32 0
32 28
33 4
33 6
34 0
34 46
35 14
35 30
36 20
36 35
37 9
37 44
38 1
38 5
39 39
39 47
40 19
40 27
41 29
41 37
42 7
42 27
43 24
43 42
44 13
44 33
45 38
45 48
46 16
46 33
47 11
47 25
48 5
48 22
49 26
49 38
50 32
50 34

# solution 26
# n=51 sym=rct4 status=verified source=flammenkamp_cache/n51_rct4.mvr
# code=mvr:0 30 0 41 1 15 1 25 2 7 2 22 3 21 3 24 4
0 30
0 41
1 15
1 25
2 7
2 22
3 21
3 24
4 9
4 15
5 8
5 34
6 31
6 36
7 26
7 48
8 29
8 45
9 0
9 46
10 12
10 18
11 12
11 17
12 39
12 40
13 28
13 36
14 6
14 13
15 46
15 49
16 5
16 19
17 23
17 39
18 20
18 40
19 6
19 34
20 0
20 32
21 8
21 47
22 13
22 48
23 23
23 33
24 7
24 47
25 1
25 49
26 3
26 43
27 17
27 27
28 2
28 37
29 3
29 42
30 18
30 50
31 16
31 44
32 10
32 30
33 11
33 27
34 31
34 45
35 1
35 4
36 37
36 44
37 14
37 22
38 10
38 11
39 33
39 38
40 32
40 38
41 4
41 50
42 5
42 21
43 2
43 24
44 14
44 19
45 16
45 42
46 35
46 41
47 26
47 29
48 28
48 43
49 25
49 35
50 9
50 20

# solution 27
# n=51 sym=rct4 status=verified source=flammenkamp_cache/n51_rct4.mvr
# code=mvr:0 0 0 20 1 26 1 35 2 13 2 34 3 29 3 31 4
0 0
0 20
1 26
1 35
2 13
2 34
3 29
3 31
4 14
4 23
5 9
5 44
6 5
6 36
7 18
7 26
8 34
8 39
9 40
9 45
10 9
10 12
11 8
11 29
12 33
12 40
13 22
13 48
14 6
14 46
15 1
15 22
16 2
16 8
17 12
17 30
18 23
18 43
19 3
19 25
20 17
20 50
21 3
21 11
22 35
22 37
23 32
23 46
24 1
24 7
25 19
25 31
26 43
26 49
27 4
27 18
28 13
28 15
29 39
29 47
30 0
30 33
31 25
31 47
32 7
32 27
33 20
33 38
34 42
34 48
35 28
35 49
36 4
36 44
37 2
37 28
38 10
38 17
39 21
39 42
40 38
40 41
41 5
41 10
42 11
42 16
43 24
43 32
44 14
44 45
45 6
45 41
46 27
46 36
47 19
47 21
48 16
48 37
49 15
49 24
50 30
50 50

# solution 28
# n=51 sym=rct4 status=verified source=flammenkamp_cache/n51_rct4.mvr
# code=mvr:0 16 0 41 1 1 1 15 2 30 2 33 3 8 3 27 4 
0 16
0 41
1 1
1 15
2 30
2 33
3 8
3 27
4 10
4 26
5 9
5 10
6 20
6 32
7 18
7 26
8 17
8 47
9 0
9 45
10 45
10 46
11 13
11 22
12 16
12 31
13 36
13 39
14 13
14 29
15 23
15 49
16 38
16 50
17 2
17 42
18 6
18 43
19 12
19 21
20 2
20 44
21 14
21 31
22 25
22 39
23 3
23 35
24 4
24 7
25 22
25 28
26 43
26 46
27 15
27 47
28 11
28 25
29 19
29 36
30 6
30 48
31 29
31 38
32 7
32 44
33 8
33 48
34 0
34 12
35 1
35 27
36 21
36 37
37 11
37 14
38 19
38 34
39 28
39 37
40 4
40 5
41 5
41 50
42 3
42 33
43 24
43 32
44 18
44 30
45 40
45 41
46 24
46 40
47 23
47 42
48 17
48 20
49 35
49 49
50 9
50 34

# solution 29
# n=51 sym=rct4 status=verified source=flammenkamp_cache/n51_rct4.mvr
# code=mvr:0 22 0 26 1 16 1 18 2 15 2 37 3 8 3 41 4
0 22
0 26
1 16
1 18
2 15
2 37
3 8
3 41
4 31
4 36
5 18
5 27
6 12
6 13
7 17
7 26
8 8
8 47
9 3
9 39
10 17
10 22
11 9
11 16
12 14
12 44
13 2
13 44
14 4
14 38
15 27
15 48
16 39
16 49
17 40
17 43
18 45
18 49
19 4
19 30
20 19
20 21
21 25
21 30
22 40
22 50
23 5
23 15
24 0
24 7
25 21
25 29
26 43
26 50
27 35
27 45
28 0
28 10
29 20
29 25
30 29
30 31
31 20
31 46
32 1
32 5
33 7
33 10
34 1
34 11
35 2
35 23
36 12
36 46
37 6
37 48
38 6
38 36
39 34
39 41
40 28
40 33
41 11
41 47
42 3
42 42
43 24
43 33
44 37
44 38
45 23
45 32
46 14
46 19
47 9
47 42
48 13
48 35
49 32
49 34
50 24
50 28

# solution 30
# n=51 sym=rct4 status=verified source=flammenkamp_cache/n51_rct4.mvr
# code=mvr:0 19 0 33 1 24 1 41 2 18 2 19 3 26 3 40 
0 19
0 33
1 24
1 41
2 18
2 19
3 26
3 40
4 22
4 43
5 14
5 34
6 32
6 43
7 4
7 6
8 20
8 22
9 1
9 11
10 3
10 25
11 15
11 41
12 33
12 37
13 12
13 23
14 20
14 45
15 15
15 39
16 5
16 29
17 0
17 12
18 6
18 48
19 48
19 50
20 36
20 42
21 16
21 27
22 42
22 46
23 21
23 37
24 3
24 49
25 10
25 40
26 1
26 47
27 13
27 29
28 4
28 8
29 23
29 34
30 8
30 14
31 0
31 2
32 2
32 44
33 38
33 50
34 21
34 45
35 11
35 35
36 5
36 30
37 27
37 38
38 13
38 17
39 9
39 35
40 25
40 47
41 39
41 49
42 28
42 30
43 44
43 46
44 7
44 18
45 16
45 36
46 7
46 28
47 10
47 24
48 31
48 32
49 9
49 26
50 17
50 31

# solution 31
# n=51 sym=rct4 status=verified source=flammenkamp_cache/n51_rct4.mvr
# code=mvr:0 15 0 16 1 12 1 24 2 29 2 31 3 16 3 26 
0 15
0 16
1 12
1 24
2 29
2 31
3 16
3 26
4 20
4 29
5 31
5 39
6 39
6 41
7 15
7 22
8 9
8 10
9 6
9 42
10 22
10 42
11 5
11 6
12 20
12 49
13 13
13 33
14 27
14 33
15 43
15 50
16 47
16 50
17 13
17 14
18 23
18 25
19 2
19 5
20 38
20 46
21 2
21 4
22 40
22 43
23 14
23 32
24 3
24 49
25 18
25 32
26 1
26 47
27 18
27 36
28 7
28 10
29 46
29 48
30 4
30 12
31 45
31 48
32 25
32 27
33 36
33 37
34 0
34 3
35 0
35 7
36 17
36 23
37 17
37 37
38 1
38 30
39 44
39 45
40 8
40 28
41 8
41 44
42 40
42 41
43 28
43 35
44 9
44 11
45 11
45 19
46 21
46 30
47 24
47 34
48 19
48 21
49 26
49 38
50 34
50 35

# solution 32
# n=51 sym=rct4 status=verified source=flammenkamp_cache/n51_rct4.mvr
# code=mvr:0 24 0 33 1 19 1 36 2 8 2 12 3 26 3 28 4
0 24
0 33
1 19
1 36
2 8
2 12
3 26
3 28
4 17
4 37
5 31
5 42
6 37
6 38
7 11
7 27
8 5
8 48
9 11
9 29
10 18
10 25
11 41
11 43
12 6
12 48
13 4
13 6
14 1
14 15
15 18
15 36
16 16
16 27
17 0
17 46
18 35
18 40
19 5
19 49
20 21
20 22
21 9
21 30
22 3
22 30
23 7
23 16
24 3
24 50
25 10
25 40
26 0
26 47
27 34
27 43
28 20
28 47
29 20
29 41
30 28
30 29
31 1
31 45
32 10
32 15
33 4
33 50
34 23
34 34
35 14
35 32
36 35
36 49
37 44
37 46
38 2
38 44
39 7
39 9
40 25
40 32
41 21
41 39
42 2
42 45
43 23
43 39
44 12
44 13
45 8
45 19
46 13
46 33
47 22
47 24
48 38
48 42
49 14
49 31
50 17
50 26

# solution 33
# n=51 sym=rct4 status=verified source=flammenkamp_cache/n51_rct4.mvr
# code=mvr:0 8 0 41 1 16 1 26 2 29 2 30 3 18 3 26 4
0 8
0 41
1 16
1 26
2 29
2 30
3 18
3 26
4 18
4 28
5 14
5 43
6 19
6 33
7 5
7 12
8 9
8 50
9 0
9 42
10 27
10 29
11 19
11 23
12 16
12 43
13 17
13 35
14 20
14 45
15 13
15 25
16 38
16 49
17 6
17 37
18 46
18 47
19 39
19 44
20 2
20 36
21 2
21 10
22 4
22 22
23 10
23 39
24 1
24 3
25 15
25 35
26 47
26 49
27 11
27 40
28 28
28 46
29 40
29 48
30 14
30 48
31 6
31 11
32 3
32 4
33 13
33 44
34 1
34 12
35 25
35 37
36 5
36 30
37 15
37 33
38 7
38 34
39 27
39 31
40 21
40 23
41 8
41 50
42 0
42 41
43 38
43 45
44 17
44 31
45 7
45 36
46 22
46 32
47 24
47 32
48 20
48 21
49 24
49 34
50 9
50 42

# solution 34
# n=51 sym=rct4 status=verified source=flammenkamp_cache/n51_rct4.mvr
# code=mvr:0 24 0 42 1 29 1 30 2 14 2 27 3 18 3 26 
0 24
0 42
1 29
1 30
2 14
2 27
3 18
3 26
4 15
4 39
5 32
5 41
6 13
6 40
7 7
7 8
8 0
8 43
9 5
9 19
10 6
10 27
11 4
11 17
12 15
12 36
13 28
13 44
14 12
14 48
15 38
15 46
16 17
16 22
17 34
17 39
18 5
18 47
19 21
19 41
20 1
20 25
21 1
21 31
22 13
22 34
23 2
23 10
24 3
24 50
25 20
25 30
26 0
26 47
27 40
27 48
28 16
28 37
29 19
29 49
30 25
30 49
31 9
31 29
32 3
32 45
33 11
33 16
34 28
34 33
35 4
35 12
36 2
36 38
37 6
37 22
38 14
38 35
39 33
39 46
40 23
40 44
41 31
41 45
42 7
42 50
43 42
43 43
44 10
44 37
45 9
45 18
46 11
46 35
47 24
47 32
48 23
48 36
49 20
49 21
50 8
50 26

# solution 35
# n=51 sym=rct4 status=verified source=flammenkamp_cache/n51_rct4.mvr
# code=mvr:0 12 0 26 1 16 1 19 2 17 2 27 3 26 3 34 
0 12
0 26
1 16
1 19
2 17
2 27
3 26
3 34
4 29
4 30
5 6
5 39
6 10
6 45
7 15
7 36
8 35
8 37
9 27
9 36
10 20
10 44
11 5
11 17
12 29
12 50
13 8
13 13
14 7
14 9
15 8
15 43
16 3
16 49
17 39
17 48
18 19
18 22
19 32
19 49
20 4
20 40
21 4
21 12
22 25
22 32
23 2
23 9
24 0
24 3
25 22
25 28
26 47
26 50
27 41
27 48
28 18
28 25
29 38
29 46
30 10
30 46
31 1
31 18
32 28
32 31
33 2
33 11
34 1
34 47
35 7
35 42
36 41
36 43
37 37
37 42
38 0
38 21
39 33
39 45
40 6
40 30
41 14
41 23
42 13
42 15
43 14
43 35
44 5
44 40
45 11
45 44
46 20
46 21
47 16
47 24
48 23
48 33
49 31
49 34
50 24
50 38

# solution 36
# n=51 sym=rct4 status=verified source=flammenkamp_cache/n51_rct4.mvr
# code=mvr:0 18 0 42 1 10 1 26 2 31 2 35 3 11 3 26 
0 18
0 42
1 10
1 26
2 31
2 35
3 11
3 26
4 6
4 16
5 7
5 25
6 31
6 46
7 10
7 45
8 0
8 20
9 27
9 35
10 43
10 49
11 11
11 47
12 16
12 17
13 27
13 32
14 20
14 33
15 2
15 9
16 38
16 46
17 14
17 38
18 13
18 50
19 2
19 6
20 36
20 42
21 22
21 28
22 21
22 29
23 9
23 13
24 1
24 3
25 5
25 45
26 47
26 49
27 37
27 41
28 21
28 29
29 22
29 28
30 8
30 14
31 44
31 48
32 0
32 37
33 12
33 36
34 4
34 12
35 41
35 48
36 17
36 30
37 18
37 23
38 33
38 34
39 3
39 39
40 1
40 7
41 15
41 23
42 30
42 50
43 5
43 40
44 4
44 19
45 25
45 43
46 34
46 44
47 24
47 39
48 15
48 19
49 24
49 40
50 8
50 32

# solution 37
# n=51 sym=rct4 status=verified source=flammenkamp_cache/n51_rct4.mvr
# code=mvr:0 9 0 27 1 15 1 40 2 19 2 26 3 22 3 26 4
0 9
0 27
1 15
1 40
2 19
2 26
3 22
3 26
4 39
4 40
5 19
5 33
6 11
6 33
7 27
7 28
8 30
8 34
9 38
9 50
10 1
10 4
11 4
11 44
12 9
12 14
13 18
13 30
14 16
14 38
15 25
15 49
16 8
16 36
17 5
17 6
18 29
18 37
19 45
19 48
20 8
20 13
21 18
21 21
22 7
22 47
23 0
23 7
24 2
24 3
25 15
25 35
26 47
26 48
27 43
27 50
28 3
28 43
29 29
29 32
30 37
30 42
31 2
31 5
32 13
32 21
33 44
33 45
34 14
34 42
35 1
35 25
36 12
36 34
37 20
37 32
38 36
38 41
39 6
39 46
40 46
40 49
41 0
41 12
42 16
42 20
43 22
43 23
44 17
44 39
45 17
45 31
46 10
46 11
47 24
47 28
48 24
48 31
49 10
49 35
50 23
50 41

# solution 38
# n=51 sym=rct4 status=verified source=flammenkamp_cache/n51_rct4.mvr
# code=mvr:0 15 0 21 1 6 1 18 2 26 2 34 3 36 3 40 4
0 15
0 21
1 6
1 18
2 26
2 34
3 36
3 40
4 30
4 32
5 13
5 39
6 41
6 49
7 19
7 33
8 19
8 29
9 6
9 26
10 3
10 38
11 5
11 14
12 10
12 30
13 33
13 45
14 3
14 39
15 22
15 50
16 2
16 25
17 7
17 13
18 4
18 49
19 42
19 43
20 4
20 12
21 8
21 50
22 23
22 35
23 23
23 28
24 2
24 9
25 16
25 34
26 41
26 48
27 22
27 27
28 15
28 27
29 0
29 42
30 38
30 46
31 7
31 8
32 1
32 46
33 37
33 43
34 25
34 48
35 0
35 28
36 11
36 47
37 5
37 17
38 20
38 40
39 36
39 45
40 12
40 47
41 24
41 44
42 21
42 31
43 17
43 31
44 1
44 9
45 11
45 37
46 18
46 20
47 10
47 14
48 16
48 24
49 32
49 44
50 29
50 35

# solution 39
# n=51 sym=rct4 status=verified source=flammenkamp_cache/n51_rct4.mvr
# code=mvr:0 11 0 31 1 22 1 35 2 18 2 20 3 37 3 40 
0 11
0 31
1 22
1 35
2 18
2 20
3 37
3 40
4 4
4 13
5 8
5 38
6 23
6 26
7 21
7 31
8 32
8 45
9 22
9 26
10 3
10 39
11 10
11 50
12 5
12 16
13 3
13 46
14 23
14 34
15 1
15 30
16 14
16 38
17 21
17 25
18 8
18 48
19 0
19 7
20 15
20 48
21 33
21 43
22 41
22 49
23 36
23 44
24 6
24 9
25 17
25 33
26 41
26 44
27 6
27 14
28 1
28 9
29 7
29 17
30 2
30 35
31 43
31 50
32 2
32 42
33 25
33 29
34 12
34 36
35 20
35 49
36 16
36 27
37 4
37 47
38 34
38 45
39 0
39 40
40 11
40 47
41 24
41 28
42 5
42 18
43 19
43 29
44 24
44 27
45 12
45 42
46 37
46 46
47 10
47 13
48 30
48 32
49 15
49 28
50 19
50 39

# solution 40
# n=51 sym=rct4 status=verified source=flammenkamp_cache/n51_rct4.mvr
# code=mvr:0 27 0 31 1 12 1 21 2 16 2 35 3 12 3 24 
0 27
0 31
1 12
1 21
2 16
2 35
3 12
3 24
4 21
4 33
5 13
5 39
6 6
6 8
7 23
7 31
8 37
8 44
9 26
9 39
10 28
10 35
11 5
11 9
12 47
12 49
13 8
13 45
14 18
14 30
15 2
15 10
16 20
16 48
17 4
17 18
18 33
18 36
19 0
19 7
20 14
20 34
21 46
21 49
22 10
22 25
23 0
23 43
24 9
24 47
25 22
25 28
26 3
26 41
27 7
27 50
28 25
28 40
29 1
29 4
30 16
30 36
31 43
31 50
32 14
32 17
33 32
33 46
34 2
34 30
35 40
35 48
36 20
36 32
37 5
37 42
38 1
38 3
39 41
39 45
40 15
40 22
41 11
41 24
42 6
42 13
43 19
43 27
44 42
44 44
45 11
45 37
46 17
46 29
47 26
47 38
48 15
48 34
49 29
49 38
50 19
50 23

# solution 41
# n=51 sym=rct4 status=verified source=flammenkamp_cache/n51_rct4.mvr
# code=mvr:0 19 0 29 1 21 1 33 2 8 2 20 3 26 3 33 4
0 19
0 29
1 21
1 33
2 8
2 20
3 26
3 33
4 7
4 37
5 11
5 44
6 5
6 35
7 20
7 46
8 18
8 48
9 26
9 34
10 10
10 32
11 27
11 45
12 34
12 37
13 4
13 12
14 19
14 22
15 6
15 28
16 9
16 12
17 1
17 3
18 10
18 42
19 36
19 50
20 43
20 48
21 0
21 49
22 15
22 36
23 11
23 25
24 3
24 9
25 23
25 27
26 41
26 47
27 25
27 39
28 14
28 35
29 1
29 50
30 2
30 7
31 0
31 14
32 8
32 40
33 47
33 49
34 38
34 41
35 22
35 44
36 28
36 31
37 38
37 46
38 13
38 16
39 5
39 23
40 18
40 40
41 16
41 24
42 2
42 32
43 4
43 30
44 15
44 45
45 6
45 39
46 13
46 43
47 17
47 24
48 30
48 42
49 17
49 29
50 21
50 31

# solution 42
# n=51 sym=rct4 status=verified source=flammenkamp_cache/n51_rct4.mvr
# code=mvr:0 14 0 34 1 21 1 40 2 15 2 22 3 7 3 25 4
0 14
0 34
1 21
1 40
2 15
2 22
3 7
3 25
4 12
4 36
5 6
5 26
6 12
6 45
7 31
7 47
8 31
8 39
9 18
9 26
10 1
10 15
11 8
11 13
12 44
12 46
13 32
13 39
14 4
14 50
15 40
15 48
16 0
16 27
17 17
17 21
18 13
18 41
19 7
19 8
20 22
20 27
21 33
21 49
22 30
22 48
23 16
23 20
24 5
24 9
25 3
25 47
26 41
26 45
27 30
27 34
28 2
28 20
29 1
29 17
30 23
30 28
31 42
31 43
32 9
32 37
33 29
33 33
34 23
34 50
35 2
35 10
36 0
36 46
37 11
37 18
38 4
38 6
39 37
39 42
40 35
40 49
41 24
41 32
42 11
42 19
43 3
43 19
44 5
44 38
45 24
45 44
46 14
46 38
47 25
47 43
48 28
48 35
49 10
49 29
50 16
50 36

# solution 43
# n=51 sym=rct4 status=verified source=flammenkamp_cache/n51_rct4.mvr
# code=mvr:0 31 0 33 1 21 1 23 2 18 2 38 3 10 3 26 
0 31
0 33
1 21
1 23
2 18
2 38
3 10
3 26
4 4
4 10
5 18
5 21
6 7
6 12
7 11
7 44
8 28
8 33
9 20
9 26
10 46
10 47
11 37
11 43
12 2
12 44
13 11
13 15
14 22
14 27
15 34
15 37
16 15
16 31
17 0
17 8
18 45
18 48
19 0
19 16
20 25
20 41
21 45
21 49
22 8
22 36
23 14
23 49
24 3
24 9
25 20
25 30
26 41
26 47
27 1
27 36
28 14
28 42
29 1
29 5
30 9
30 25
31 34
31 50
32 2
32 5
33 42
33 50
34 19
34 35
35 13
35 16
36 23
36 28
37 35
37 39
38 6
38 48
39 7
39 13
40 3
40 4
41 24
41 30
42 17
42 22
43 6
43 39
44 38
44 43
45 29
45 32
46 40
46 46
47 24
47 40
48 12
48 32
49 27
49 29
50 17
50 19

# solution 44
# n=51 sym=rct4 status=verified source=flammenkamp_cache/n51_rct4.mvr
# code=mvr:0 15 0 36 1 24 1 30 2 8 2 34 3 19 3 46 4
0 15
0 36
1 24
1 30
2 8
2 34
3 19
3 46
4 3
4 38
5 12
5 22
6 19
6 40
7 11
7 33
8 15
8 48
9 26
9 33
10 6
10 22
11 29
11 43
12 4
12 45
13 13
13 16
14 0
14 20
15 42
15 50
16 2
16 37
17 7
17 9
18 21
18 23
19 44
19 47
20 1
20 36
21 11
21 32
22 40
22 45
23 25
23 32
24 9
24 49
25 23
25 27
26 1
26 41
27 18
27 25
28 5
28 10
29 18
29 39
30 14
30 49
31 3
31 6
32 27
32 29
33 41
33 43
34 13
34 48
35 0
35 8
36 30
36 50
37 34
37 37
38 5
38 46
39 7
39 21
40 28
40 44
41 17
41 24
42 2
42 35
43 17
43 39
44 10
44 31
45 28
45 38
46 12
46 47
47 4
47 31
48 16
48 42
49 20
49 26
50 14
50 35

# solution 45
# n=51 sym=rct4 status=verified source=flammenkamp_cache/n51_rct4.mvr
# code=mvr:0 16 0 33 1 26 1 36 2 20 2 23 3 32 3 39 
0 16
0 33
1 26
1 36
2 20
2 23
3 32
3 39
4 14
4 42
5 15
5 41
6 12
6 17
7 29
7 40
8 4
8 30
9 5
9 26
10 7
10 31
11 3
11 11
12 19
12 44
13 18
13 29
14 1
14 46
15 22
15 45
16 22
16 50
17 0
17 44
18 3
18 37
19 10
19 38
20 8
20 48
21 7
21 13
22 34
22 35
23 25
23 48
24 1
24 9
25 23
25 27
26 41
26 49
27 2
27 25
28 15
28 16
29 37
29 43
30 2
30 42
31 12
31 40
32 13
32 47
33 6
33 50
34 0
34 28
35 5
35 28
36 4
36 49
37 21
37 32
38 6
38 31
39 39
39 47
40 19
40 43
41 24
41 45
42 20
42 46
43 10
43 21
44 33
44 38
45 9
45 35
46 8
46 36
47 11
47 18
48 27
48 30
49 14
49 24
50 17
50 34

# solution 46
# n=51 sym=rct4 status=verified source=flammenkamp_cache/n51_rct4.mvr
# code=mvr:0 26 0 34 1 20 1 36 2 12 2 28 3 12 3 42 
0 26
0 34
1 20
1 36
2 12
2 28
3 12
3 42
4 25
4 29
5 5
5 17
6 39
6 40
7 15
7 31
8 3
8 26
9 23
9 31
10 6
10 11
11 6
11 40
12 47
12 48
13 15
13 30
14 1
14 22
15 37
15 43
16 0
16 23
17 32
17 45
18 17
18 21
19 7
19 9
20 13
20 49
21 4
21 32
22 2
22 36
23 34
23 41
24 0
24 8
25 4
25 46
26 42
26 50
27 9
27 16
28 14
28 48
29 18
29 46
30 1
30 37
31 41
31 43
32 29
32 33
33 5
33 18
34 27
34 50
35 7
35 13
36 28
36 49
37 20
37 35
38 2
38 3
39 10
39 44
40 39
40 44
41 19
41 27
42 24
42 47
43 19
43 35
44 10
44 11
45 33
45 45
46 21
46 25
47 8
47 38
48 22
48 38
49 14
49 30
50 16
50 24

# solution 47
# n=51 sym=rct4 status=verified source=flammenkamp_cache/n51_rct4.mvr
# code=mvr:0 23 0 25 1 27 1 32 2 16 2 17 3 10 3 38 
0 23
0 25
1 27
1 32
2 16
2 17
3 10
3 38
4 24
4 34
5 13
5 18
6 41
6 42
7 7
7 14
8 6
8 26
9 6
9 30
10 39
10 47
11 10
11 28
12 3
12 20
13 22
13 45
14 15
14 43
15 31
15 36
16 4
16 48
17 21
17 48
18 1
18 45
19 15
19 29
20 9
20 38
21 19
21 33
22 11
22 37
23 1
23 50
24 8
24 46
25 0
25 50
26 4
26 42
27 0
27 49
28 13
28 39
29 17
29 31
30 12
30 41
31 21
31 35
32 5
32 49
33 2
33 29
34 2
34 46
35 14
35 19
36 7
36 35
37 5
37 28
38 30
38 47
39 22
39 40
40 3
40 11
41 20
41 44
42 24
42 44
43 36
43 43
44 8
44 9
45 32
45 37
46 16
46 26
47 12
47 40
48 33
48 34
49 18
49 23
50 25
50 27

# solution 48
# n=51 sym=rct4 status=verified source=flammenkamp_cache/n51_rct4.mvr
# code=mvr:0 34 0 38 1 9 1 21 2 15 2 24 3 3 3 33 4 
0 34
0 38
1 9
1 21
2 15
2 24
3 3
3 33
4 23
4 29
5 16
5 18
6 15
6 18
7 28
7 40
8 26
8 31
9 37
9 49
10 7
10 14
11 17
11 31
12 0
12 36
13 9
13 22
14 12
14 40
15 44
15 48
16 0
16 45
17 3
17 39
18 44
18 45
19 8
19 11
20 23
20 25
21 4
21 49
22 7
22 37
23 30
23 46
24 8
24 48
25 20
25 30
26 2
26 42
27 4
27 20
28 13
28 43
29 1
29 46
30 25
30 27
31 39
31 42
32 5
32 6
33 11
33 47
34 5
34 50
35 2
35 6
36 10
36 38
37 28
37 41
38 14
38 50
39 19
39 33
40 36
40 43
41 1
41 13
42 19
42 24
43 10
43 22
44 32
44 35
45 32
45 34
46 21
46 27
47 17
47 47
48 26
48 35
49 29
49 41
50 12
50 16

# solution 49
# n=51 sym=rct4 status=verified source=flammenkamp_cache/n51_rct4.mvr
# code=mvr:0 19 0 37 1 26 1 30 2 9 2 40 3 23 3 39 4
0 19
0 37
1 26
1 30
2 9
2 40
3 23
3 39
4 11
4 17
5 19
5 23
6 33
6 34
7 22
7 40
8 26
8 36
9 9
9 48
10 2
10 7
11 3
11 46
12 15
12 18
13 0
13 28
14 8
14 15
15 36
15 38
16 6
16 18
17 6
17 46
18 34
18 38
19 45
19 50
20 1
20 29
21 20
21 25
22 13
22 43
23 45
23 47
24 1
24 8
25 21
25 29
26 42
26 49
27 3
27 5
28 7
28 37
29 25
29 30
30 21
30 49
31 0
31 5
32 12
32 16
33 4
33 44
34 32
34 44
35 12
35 14
36 35
36 42
37 22
37 50
38 32
38 35
39 4
39 47
40 43
40 48
41 2
41 41
42 14
42 24
43 10
43 28
44 16
44 17
45 27
45 31
46 33
46 39
47 11
47 27
48 10
48 41
49 20
49 24
50 13
50 31

# solution 50
# n=51 sym=rct4 status=verified source=flammenkamp_cache/n51_rct4.mvr
# code=mvr:0 27 0 33 1 14 1 25 2 9 2 14 3 35 3 40 4
0 27
0 33
1 14
1 25
2 9
2 14
3 35
3 40
4 12
4 26
5 22
5 44
6 5
6 35
7 29
7 39
8 13
8 26
9 22
9 48
10 3
10 10
11 7
11 20
12 32
12 46
13 34
13 42
14 48
14 49
15 3
15 6
16 13
16 18
17 0
17 27
18 12
18 34
19 21
19 30
20 19
20 39
21 7
21 31
22 41
22 45
23 0
23 17
24 4
24 8
25 1
25 49
26 42
26 46
27 33
27 50
28 5
28 9
29 19
29 43
30 11
30 31
31 20
31 29
32 16
32 38
33 23
33 50
34 32
34 37
35 44
35 47
36 1
36 2
37 8
37 16
38 4
38 18
39 30
39 43
40 40
40 47
41 2
41 28
42 24
42 37
43 11
43 21
44 15
44 45
45 6
45 28
46 24
46 38
47 10
47 15
48 36
48 41
49 25
49 36
50 17
50 23

# solution 51
# n=51 sym=rct4 status=verified source=flammenkamp_cache/n51_rct4.mvr
# code=mvr:0 27 0 29 1 29 1 38 2 11 2 15 3 28 3 32 
0 27
0 29
1 29
1 38
2 11
2 15
3 28
3 32
4 8
4 38
5 7
5 15
6 24
6 41
7 37
7 45
8 26
8 46
9 6
9 34
10 14
10 19
11 11
11 48
12 1
12 4
13 7
13 25
14 28
14 40
15 45
15 48
16 9
16 18
17 20
17 23
18 3
18 34
19 30
19 40
20 19
20 33
21 0
21 1
22 3
22 14
23 0
23 33
24 8
24 44
25 13
25 37
26 6
26 42
27 17
27 50
28 36
28 47
29 49
29 50
30 17
30 31
31 10
31 20
32 16
32 47
33 27
33 30
34 32
34 41
35 2
35 5
36 10
36 22
37 25
37 43
38 46
38 49
39 2
39 39
40 31
40 36
41 16
41 44
42 4
42 24
43 5
43 13
44 9
44 26
45 35
45 43
46 12
46 42
47 18
47 22
48 35
48 39
49 12
49 21
50 21
50 23

# solution 52
# n=51 sym=rct4 status=verified source=flammenkamp_cache/n51_rct4.mvr
# code=mvr:0 27 0 29 1 12 1 29 2 11 2 15 3 28 3 32 
0 27
0 29
1 12
1 29
2 11
2 15
3 28
3 32
4 8
4 38
5 7
5 15
6 24
6 41
7 37
7 45
8 26
8 46
9 6
9 34
10 14
10 19
11 11
11 48
12 4
12 49
13 7
13 25
14 28
14 40
15 45
15 48
16 9
16 18
17 20
17 23
18 3
18 34
19 30
19 40
20 19
20 33
21 0
21 1
22 3
22 14
23 0
23 33
24 8
24 44
25 13
25 37
26 6
26 42
27 17
27 50
28 36
28 47
29 49
29 50
30 17
30 31
31 10
31 20
32 16
32 47
33 27
33 30
34 32
34 41
35 2
35 5
36 10
36 22
37 25
37 43
38 1
38 46
39 2
39 39
40 31
40 36
41 16
41 44
42 4
42 24
43 5
43 13
44 9
44 26
45 35
45 43
46 12
46 42
47 18
47 22
48 35
48 39
49 21
49 38
50 21
50 23

# solution 53
# n=51 sym=rct4 status=verified source=flammenkamp_cache/n51_rct4.mvr
# code=mvr:0 15 0 28 1 20 1 27 2 23 2 34 3 15 3 29 
0 15
0 28
1 20
1 27
2 23
2 34
3 15
3 29
4 33
4 37
5 22
5 26
6 10
6 36
7 18
7 41
8 11
8 12
9 7
9 21
10 13
10 44
11 26
11 42
12 36
12 42
13 4
13 40
14 6
14 12
15 47
15 50
16 2
16 17
17 4
17 34
18 18
18 43
19 20
19 25
20 31
20 49
21 3
21 41
22 0
22 45
23 1
23 48
24 5
24 11
25 19
25 31
26 39
26 45
27 2
27 49
28 5
28 50
29 9
29 47
30 1
30 19
31 25
31 30
32 7
32 32
33 16
33 46
34 33
34 48
35 0
35 3
36 38
36 44
37 10
37 46
38 8
38 14
39 8
39 24
40 6
40 37
41 29
41 43
42 38
42 39
43 9
43 32
44 14
44 40
45 24
45 28
46 13
46 17
47 21
47 35
48 16
48 27
49 23
49 30
50 22
50 35

# solution 54
# n=51 sym=rct4 status=verified source=flammenkamp_cache/n51_rct4.mvr
# code=mvr:0 24 0 38 1 15 1 16 2 19 2 27 3 19 3 21 
0 24
0 38
1 15
1 16
2 19
2 27
3 19
3 21
4 9
4 37
5 10
5 37
6 6
6 15
7 30
7 42
8 7
8 28
9 16
9 46
10 38
10 45
11 18
11 26
12 0
12 10
13 4
13 5
14 18
14 30
15 44
15 49
16 41
16 49
17 27
17 29
18 36
18 39
19 47
19 48
20 7
20 14
21 17
21 47
22 8
22 25
23 2
23 17
24 11
24 50
25 22
25 28
26 0
26 39
27 33
27 48
28 25
28 42
29 3
29 33
30 36
30 43
31 2
31 3
32 11
32 14
33 21
33 23
34 1
34 9
35 1
35 6
36 20
36 32
37 45
37 46
38 40
38 50
39 24
39 32
40 5
40 12
41 4
41 34
42 22
42 43
43 8
43 20
44 35
44 44
45 13
45 40
46 13
46 41
47 29
47 31
48 23
48 31
49 34
49 35
50 12
50 26

# solution 55
# n=51 sym=rct4 status=verified source=flammenkamp_cache/n51_rct4.mvr
# code=mvr:0 32 0 33 1 15 1 20 2 27 2 40 3 18 3 20 
0 32
0 33
1 15
1 20
2 27
2 40
3 18
3 20
4 37
4 38
5 10
5 19
6 13
6 43
7 6
7 33
8 15
8 26
9 28
9 29
10 2
10 45
11 26
11 27
12 4
12 16
13 4
13 44
14 14
14 16
15 42
15 49
16 36
16 38
17 0
17 7
18 0
18 47
19 21
19 45
20 47
20 49
21 9
21 31
22 9
22 25
23 2
23 11
24 8
24 11
25 22
25 28
26 39
26 42
27 39
27 48
28 25
28 41
29 19
29 41
30 1
30 3
31 5
31 29
32 3
32 50
33 43
33 50
34 12
34 14
35 1
35 8
36 34
36 36
37 6
37 46
38 34
38 46
39 23
39 24
40 5
40 48
41 21
41 22
42 24
42 35
43 17
43 44
44 7
44 37
45 31
45 40
46 12
46 13
47 30
47 32
48 10
48 23
49 30
49 35
50 17
50 18

# solution 56
# n=51 sym=rct4 status=verified source=flammenkamp_cache/n51_rct4.mvr
# code=mvr:0 41 0 43 1 22 1 23 2 26 2 33 3 14 3 19 
0 41
0 43
1 22
1 23
2 26
2 33
3 14
3 19
4 13
4 45
5 4
5 28
6 16
6 19
7 0
7 7
8 13
8 34
9 0
9 40
10 9
10 20
11 26
11 36
12 18
12 30
13 42
13 46
14 11
14 47
15 18
15 33
16 8
16 44
17 2
17 15
18 35
18 38
19 44
19 47
20 12
20 40
21 25
21 27
22 5
22 49
23 21
23 49
24 2
24 11
25 21
25 29
26 39
26 48
27 1
27 29
28 1
28 45
29 23
29 25
30 10
30 38
31 3
31 6
32 12
32 15
33 35
33 48
34 6
34 42
35 17
35 32
36 3
36 39
37 4
37 8
38 20
38 32
39 14
39 24
40 30
40 41
41 10
41 50
42 16
42 37
43 43
43 50
44 31
44 34
45 22
45 46
46 5
46 37
47 31
47 36
48 17
48 24
49 27
49 28
50 7
50 9

# solution 57
# n=51 sym=rct4 status=verified source=flammenkamp_cache/n51_rct4.mvr
# code=mvr:0 14 0 35 1 22 1 27 2 28 2 44 3 19 3 37 
0 14
0 35
1 22
1 27
2 28
2 44
3 19
3 37
4 27
4 35
5 5
5 26
6 2
6 30
7 10
7 25
8 36
8 37
9 31
9 34
10 39
10 43
11 10
11 26
12 18
12 21
13 3
13 8
14 8
14 50
15 0
15 4
16 9
16 33
17 16
17 21
18 30
18 38
19 9
19 47
20 6
20 18
21 33
21 38
22 2
22 49
23 1
23 4
24 5
24 11
25 7
25 43
26 39
26 45
27 46
27 49
28 1
28 48
29 12
29 17
30 32
30 44
31 3
31 41
32 12
32 20
33 29
33 34
34 17
34 41
35 46
35 50
36 0
36 42
37 42
37 47
38 29
38 32
39 24
39 40
40 7
40 11
41 16
41 19
42 13
42 14
43 25
43 40
44 20
44 48
45 24
45 45
46 15
46 23
47 13
47 31
48 6
48 22
49 23
49 28
50 15
50 36

# solution 58
# n=51 sym=rct4 status=verified source=flammenkamp_cache/n51_rct4.mvr
# code=mvr:0 36 0 38 1 28 1 42 2 23 2 37 3 5 3 29 4
0 36
0 38
1 28
1 42
2 23
2 37
3 5
3 29
4 15
4 17
5 10
5 47
6 14
6 15
7 23
7 26
8 1
8 41
9 8
9 19
10 13
10 45
11 26
11 30
12 0
12 28
13 2
13 40
14 0
14 44
15 44
15 46
16 17
16 19
17 34
17 46
18 18
18 30
19 34
19 41
20 11
20 18
21 3
21 25
22 1
22 12
23 43
23 48
24 7
24 11
25 21
25 29
26 39
26 43
27 2
27 7
28 38
28 49
29 25
29 47
30 32
30 39
31 9
31 16
32 20
32 32
33 4
33 16
34 31
34 33
35 4
35 6
36 6
36 50
37 10
37 48
38 22
38 50
39 20
39 24
40 5
40 37
41 31
41 42
42 9
42 49
43 24
43 27
44 35
44 36
45 3
45 40
46 33
46 35
47 21
47 45
48 13
48 27
49 8
49 22
50 12
50 14

# solution 59
# n=51 sym=rct4 status=verified source=flammenkamp_cache/n51_rct4.mvr
# code=mvr:0 19 0 40 1 25 1 29 2 2 2 12 3 32 3 35 4
0 19
0 40
1 25
1 29
2 2
2 12
3 32
3 35
4 17
4 44
5 12
5 26
6 4
6 14
7 21
7 23
8 9
8 30
9 10
9 42
10 0
10 41
11 16
11 26
12 45
12 48
13 30
13 34
14 28
14 44
15 3
15 17
16 13
16 39
17 35
17 46
18 3
18 27
19 28
19 50
20 8
20 13
21 1
21 43
22 14
22 19
23 18
23 43
24 5
24 11
25 1
25 49
26 39
26 45
27 7
27 32
28 31
28 36
29 7
29 49
30 37
30 42
31 0
31 22
32 23
32 47
33 4
33 15
34 11
34 37
35 33
35 47
36 6
36 22
37 16
37 20
38 2
38 5
39 24
39 34
40 9
40 50
41 8
41 40
42 20
42 41
43 27
43 29
44 36
44 46
45 24
45 38
46 6
46 33
47 15
47 18
48 38
48 48
49 21
49 25
50 10
50 31

# solution 60
# n=51 sym=rct4 status=verified source=flammenkamp_cache/n51_rct4.mvr
# code=mvr:0 9 0 36 1 27 1 42 2 21 2 31 3 16 3 30 4
0 9
0 36
1 27
1 42
2 21
2 31
3 16
3 30
4 4
4 15
5 17
5 37
6 36
6 42
7 10
7 27
8 1
8 6
9 12
9 50
10 35
10 43
11 21
11 26
12 34
12 41
13 5
13 19
14 0
14 6
15 10
15 46
16 12
16 47
17 28
17 45
18 20
18 28
19 2
19 37
20 3
20 32
21 39
21 48
22 17
22 18
23 1
23 7
24 11
24 25
25 24
25 26
26 25
26 39
27 43
27 49
28 32
28 33
29 2
29 11
30 18
30 47
31 13
31 48
32 22
32 30
33 5
33 22
34 3
34 38
35 4
35 40
36 44
36 50
37 31
37 45
38 9
38 16
39 24
39 29
40 7
40 15
41 0
41 38
42 44
42 49
43 23
43 40
44 8
44 14
45 13
45 33
46 35
46 46
47 20
47 34
48 19
48 29
49 8
49 23
50 14
50 41

# solution 61
# n=51 sym=rct4 status=verified source=flammenkamp_cache/n51_rct4.mvr
# code=mvr:0 16 0 31 1 16 1 37 2 24 2 42 3 30 3 38 
0 16
0 31
1 16
1 37
2 24
2 42
3 30
3 38
4 5
4 25
5 18
5 46
6 9
6 14
7 15
7 33
8 2
8 31
9 23
9 44
10 22
10 38
11 14
11 26
12 3
12 10
13 1
13 18
14 39
14 44
15 15
15 43
16 49
16 50
17 7
17 28
18 37
18 45
19 0
19 8
20 3
20 21
21 23
21 30
22 17
22 40
23 29
23 41
24 11
24 48
25 4
25 46
26 2
26 39
27 9
27 21
28 10
28 33
29 20
29 27
30 29
30 47
31 42
31 50
32 5
32 13
33 22
33 43
34 0
34 1
35 7
35 35
36 6
36 11
37 32
37 49
38 40
38 47
39 24
39 36
40 12
40 28
41 6
41 27
42 19
42 48
43 17
43 35
44 36
44 41
45 4
45 32
46 25
46 45
47 12
47 20
48 8
48 26
49 13
49 34
50 19
50 34

# solution 62
# n=51 sym=rct4 status=verified source=flammenkamp_cache/n51_rct4.mvr
# code=mvr:0 21 0 28 1 32 1 36 2 12 2 28 3 21 3 35 
0 21
0 28
1 32
1 36
2 12
2 28
3 21
3 35
4 7
4 31
5 5
5 14
6 8
6 39
7 27
7 46
8 26
8 44
9 18
9 20
10 33
10 35
11 6
11 26
12 13
12 48
13 23
13 38
14 1
14 45
15 3
15 10
16 30
16 33
17 10
17 16
18 1
18 41
19 4
19 25
20 16
20 41
21 47
21 50
22 0
22 2
23 7
23 37
24 8
24 11
25 19
25 31
26 39
26 42
27 13
27 43
28 48
28 50
29 0
29 3
30 9
30 34
31 25
31 46
32 9
32 49
33 34
33 40
34 17
34 20
35 40
35 47
36 5
36 49
37 12
37 27
38 2
38 37
39 24
39 44
40 15
40 17
41 30
41 32
42 6
42 24
43 4
43 23
44 11
44 42
45 36
45 45
46 19
46 43
47 15
47 29
48 22
48 38
49 14
49 18
50 22
50 29

# solution 63
# n=51 sym=rct4 status=verified source=flammenkamp_cache/n51_rct4.mvr
# code=mvr:0 21 0 38 1 22 1 26 2 15 2 37 3 3 3 41 4
0 21
0 38
1 22
1 26
2 15
2 37
3 3
3 41
4 30
4 34
5 8
5 15
6 13
6 43
7 6
7 25
8 18
8 45
9 3
9 33
10 14
10 29
11 26
11 30
12 0
12 18
13 2
13 44
14 16
14 40
15 45
15 48
16 4
16 36
17 9
17 19
18 38
18 42
19 27
19 33
20 4
20 11
21 10
21 50
22 23
22 49
23 19
23 28
24 1
24 11
25 7
25 43
26 39
26 49
27 22
27 31
28 1
28 27
29 0
29 40
30 39
30 46
31 17
31 23
32 8
32 12
33 31
33 41
34 14
34 46
35 2
35 5
36 10
36 34
37 6
37 48
38 32
38 50
39 20
39 24
40 21
40 36
41 17
41 47
42 5
42 32
43 25
43 44
44 7
44 37
45 35
45 42
46 16
46 20
47 9
47 47
48 13
48 35
49 24
49 28
50 12
50 29

# solution 64
# n=51 sym=rct4 status=verified source=flammenkamp_cache/n51_rct4.mvr
# code=mvr:0 14 0 46 1 1 1 12 2 28 2 37 3 24 3 27 4
0 14
0 46
1 1
1 12
2 28
2 37
3 24
3 27
4 0
4 36
5 18
5 30
6 18
6 23
7 41
7 42
8 7
8 11
9 7
9 33
10 13
10 17
11 26
11 42
12 29
12 49
13 2
13 40
14 4
14 50
15 31
15 34
16 15
16 22
17 9
17 40
18 44
18 45
19 15
19 29
20 5
20 25
21 12
21 19
22 2
22 34
23 3
23 44
24 11
24 47
25 20
25 30
26 3
26 39
27 6
27 47
28 16
28 48
29 31
29 38
30 25
30 45
31 21
31 35
32 5
32 6
33 10
33 41
34 28
34 35
35 16
35 19
36 0
36 46
37 10
37 48
38 1
38 21
39 8
39 24
40 33
40 37
41 17
41 43
42 39
42 43
43 8
43 9
44 27
44 32
45 20
45 32
46 14
46 50
47 23
47 26
48 13
48 22
49 38
49 49
50 4
50 36

# solution 65
# n=51 sym=rct4 status=verified source=flammenkamp_cache/n51_rct4.mvr
# code=mvr:0 28 0 36 1 22 1 27 2 13 2 39 3 35 3 40 
0 28
0 36
1 22
1 27
2 13
2 39
3 35
3 40
4 27
4 43
5 13
5 20
6 14
6 35
7 4
7 26
8 9
8 32
9 16
9 42
10 3
10 38
11 2
11 26
12 10
12 17
13 45
13 48
14 0
14 44
15 3
15 6
16 21
16 41
17 29
17 38
18 8
18 18
19 20
19 25
20 31
20 45
21 17
21 34
22 0
22 49
23 1
23 4
24 7
24 11
25 19
25 31
26 39
26 43
27 46
27 49
28 1
28 50
29 16
29 33
30 5
30 19
31 25
31 30
32 32
32 42
33 12
33 21
34 9
34 29
35 44
35 47
36 6
36 50
37 2
37 5
38 33
38 40
39 24
39 48
40 12
40 47
41 8
41 34
42 18
42 41
43 24
43 46
44 15
44 36
45 30
45 37
46 7
46 23
47 10
47 15
48 11
48 37
49 23
49 28
50 14
50 22

# solution 66
# n=51 sym=rct4 status=verified source=flammenkamp_cache/n51_rct4.mvr
# code=mvr:0 22 0 31 1 17 1 43 2 30 2 39 3 15 3 23 
0 22
0 31
1 17
1 43
2 30
2 39
3 15
3 23
4 15
4 17
5 26
5 28
6 9
6 18
7 1
7 42
8 7
8 37
9 23
9 44
10 10
10 31
11 2
11 14
12 34
12 36
13 8
13 29
14 12
14 39
15 46
15 47
16 12
16 29
17 46
17 49
18 25
18 44
19 0
19 10
20 2
20 26
21 13
21 16
22 5
22 50
23 41
23 47
24 5
24 20
25 18
25 32
26 30
26 45
27 3
27 9
28 0
28 45
29 34
29 37
30 24
30 48
31 40
31 50
32 6
32 25
33 1
33 4
34 21
34 38
35 3
35 4
36 11
36 38
37 21
37 42
38 14
38 16
39 36
39 48
40 19
40 40
41 6
41 27
42 13
42 43
43 8
43 49
44 32
44 41
45 22
45 24
46 33
46 35
47 27
47 35
48 11
48 20
49 7
49 33
50 19
50 28

# solution 67
# n=51 sym=rct4 status=verified source=flammenkamp_cache/n51_rct4.mvr
# code=mvr:0 19 0 23 1 14 1 42 2 4 2 34 3 3 3 32 4 
0 19
0 23
1 14
1 42
2 4
2 34
3 3
3 32
4 21
4 48
5 21
5 33
6 14
6 15
7 11
7 33
8 1
8 27
9 32
9 40
10 9
10 12
11 22
11 43
12 26
12 40
13 16
13 19
14 44
14 49
15 28
15 44
16 2
16 37
17 5
17 7
18 3
18 9
19 37
19 50
20 25
20 26
21 45
21 46
22 15
22 39
23 8
23 50
24 12
24 20
25 20
25 30
26 30
26 38
27 0
27 42
28 11
28 35
29 4
29 5
30 24
30 25
31 0
31 13
32 41
32 47
33 43
33 45
34 13
34 48
35 6
35 22
36 1
36 6
37 31
37 34
38 10
38 24
39 7
39 28
40 38
40 41
41 10
41 18
42 23
42 49
43 17
43 39
44 35
44 36
45 17
45 29
46 2
46 29
47 18
47 47
48 16
48 46
49 8
49 36
50 27
50 31

# solution 68
# n=51 sym=rct4 status=verified source=flammenkamp_cache/n51_rct4.mvr
# code=mvr:0 27 0 33 1 22 1 36 2 16 2 18 3 19 3 29 
0 27
0 33
1 22
1 36
2 16
2 18
3 19
3 29
4 24
4 34
5 12
5 40
6 7
6 37
7 28
7 44
8 11
8 23
9 15
9 19
10 5
10 11
11 40
11 42
12 29
12 45
13 6
13 13
14 1
14 25
15 33
15 41
16 4
16 48
17 0
17 15
18 20
18 48
19 41
19 47
20 26
20 32
21 3
21 12
22 7
22 49
23 0
23 42
24 20
24 46
25 14
25 36
26 4
26 30
27 8
27 50
28 1
28 43
29 38
29 47
30 18
30 24
31 3
31 9
32 2
32 30
33 35
33 50
34 2
34 46
35 9
35 17
36 25
36 49
37 37
37 44
38 5
38 21
39 8
39 10
40 39
40 45
41 31
41 35
42 27
42 39
43 6
43 22
44 13
44 43
45 10
45 38
46 16
46 26
47 21
47 31
48 32
48 34
49 14
49 28
50 17
50 23

# solution 69
# n=51 sym=rct4 status=verified source=flammenkamp_cache/n51_rct4.mvr
# code=mvr:0 35 0 44 1 18 1 19 2 10 2 18 3 8 3 35 4
0 35
0 44
1 18
1 19
2 10
2 18
3 8
3 35
4 25
4 27
5 7
5 12
6 0
6 22
7 33
7 45
8 22
8 47
9 16
9 40
10 9
10 48
11 30
11 36
12 29
12 45
13 23
13 26
14 11
14 14
15 0
15 3
16 19
16 41
17 7
17 21
18 48
18 49
19 34
19 49
20 11
20 26
21 12
21 33
22 42
22 44
23 4
23 37
24 13
24 20
25 4
25 46
26 30
26 37
27 13
27 46
28 6
28 8
29 17
29 38
30 24
30 39
31 1
31 16
32 1
32 2
33 29
33 43
34 9
34 31
35 47
35 50
36 36
36 39
37 24
37 27
38 5
38 21
39 14
39 20
40 2
40 41
41 10
41 34
42 3
42 28
43 5
43 17
44 28
44 50
45 38
45 43
46 23
46 25
47 15
47 42
48 32
48 40
49 31
49 32
50 6
50 15

# solution 70
# n=51 sym=rct4 status=verified source=flammenkamp_cache/n51_rct4.mvr
# code=mvr:0 19 0 22 1 1 1 29 2 13 2 38 3 5 3 29 4 
0 19
0 22
1 1
1 29
2 13
2 38
3 5
3 29
4 25
4 36
5 10
5 47
6 18
6 30
7 34
7 38
8 27
8 41
9 8
9 27
10 33
10 45
11 14
11 19
12 2
12 7
13 15
13 48
14 4
14 39
15 22
15 37
16 7
16 33
17 10
17 16
18 26
18 44
19 39
19 50
20 6
20 26
21 1
21 3
22 35
22 50
23 8
23 9
24 18
24 20
25 4
25 46
26 30
26 32
27 41
27 42
28 0
28 15
29 47
29 49
30 24
30 44
31 0
31 11
32 6
32 24
33 34
33 40
34 17
34 43
35 13
35 28
36 11
36 46
37 2
37 35
38 43
38 48
39 31
39 36
40 5
40 17
41 23
41 42
42 9
42 23
43 12
43 16
44 20
44 32
45 3
45 40
46 14
46 25
47 21
47 45
48 12
48 37
49 21
49 49
50 28
50 31

# solution 71
# n=51 sym=rct4 status=verified source=flammenkamp_cache/n51_rct4.mvr
# code=mvr:0 27 0 33 1 21 1 26 2 12 2 41 3 16 3 32 
0 27
0 33
1 21
1 26
2 12
2 41
3 16
3 32
4 6
4 9
5 18
5 27
6 38
6 46
7 11
7 29
8 22
8 34
9 2
9 46
10 15
10 19
11 11
11 43
12 6
12 48
13 22
13 25
14 15
14 17
15 36
15 40
16 8
16 47
17 0
17 36
18 3
18 45
19 30
19 40
20 19
20 26
21 7
21 49
22 37
22 42
23 0
23 5
24 1
24 20
25 13
25 37
26 30
26 49
27 45
27 50
28 8
28 13
29 1
29 43
30 24
30 31
31 10
31 20
32 5
32 47
33 14
33 50
34 3
34 42
35 10
35 14
36 33
36 35
37 25
37 28
38 2
38 44
39 7
39 39
40 31
40 35
41 4
41 48
42 16
42 28
43 21
43 39
44 4
44 12
45 23
45 32
46 41
46 44
47 18
47 34
48 9
48 38
49 24
49 29
50 17
50 23

# solution 72
# n=51 sym=rct4 status=verified source=flammenkamp_cache/n51_rct4.mvr
# code=mvr:0 0 0 32 1 22 1 34 2 19 2 25 3 12 3 35 4
0 0
0 32
1 22
1 34
2 19
2 25
3 12
3 35
4 12
4 33
5 19
5 43
6 13
6 14
7 5
7 41
8 27
8 33
9 7
9 20
10 14
10 34
11 27
11 29
12 46
12 47
13 24
13 44
14 40
14 44
15 3
15 18
16 1
16 10
17 4
17 8
18 0
18 35
19 45
19 48
20 26
20 41
21 11
21 22
22 29
22 49
23 8
23 11
24 20
24 37
25 2
25 48
26 13
26 30
27 39
27 42
28 1
28 21
29 28
29 39
30 9
30 24
31 2
31 5
32 15
32 50
33 42
33 46
34 40
34 49
35 32
35 47
36 6
36 10
37 6
37 26
38 3
38 4
39 21
39 23
40 16
40 36
41 30
41 43
42 17
42 23
43 9
43 45
44 36
44 37
45 7
45 31
46 17
46 38
47 15
47 38
48 25
48 31
49 16
49 28
50 18
50 50

# solution 73
# n=51 sym=rct4 status=verified source=flammenkamp_cache/n51_rct4.mvr
# code=mvr:0 8 0 38 1 33 1 35 2 25 2 34 3 12 3 13 4
0 8
0 38
1 33
1 35
2 25
2 34
3 12
3 13
4 4
4 17
5 24
5 30
6 7
6 28
7 10
7 44
8 15
8 50
9 21
9 36
10 21
10 43
11 19
11 36
12 0
12 47
13 31
13 47
14 9
14 11
15 1
15 42
16 2
16 27
17 1
17 46
18 23
18 28
19 13
19 39
20 5
20 26
21 40
21 41
22 6
22 18
23 16
23 32
24 20
24 45
25 2
25 48
26 5
26 30
27 18
27 34
28 32
28 44
29 9
29 10
30 24
30 45
31 11
31 37
32 22
32 27
33 4
33 49
34 23
34 48
35 8
35 49
36 39
36 41
37 3
37 19
38 3
38 50
39 14
39 31
40 7
40 29
41 14
41 29
42 0
42 35
43 6
43 40
44 22
44 43
45 20
45 26
46 33
46 46
47 37
47 38
48 16
48 25
49 15
49 17
50 12
50 42

# solution 74
# n=51 sym=rct4 status=verified source=flammenkamp_cache/n51_rct4.mvr
# code=mvr:0 23 0 25 1 22 1 32 2 40 2 45 3 13 3 19 
0 23
0 25
1 22
1 32
2 40
2 45
3 13
3 19
4 6
4 33
5 2
5 12
6 32
6 46
7 10
7 14
8 26
8 38
9 29
9 35
10 2
10 43
11 16
11 31
12 8
12 45
13 13
13 47
14 27
14 43
15 9
15 34
16 15
16 39
17 4
17 22
18 1
18 6
19 11
19 47
20 26
20 29
21 9
21 20
22 33
22 49
23 14
23 50
24 8
24 20
25 0
25 50
26 30
26 42
27 0
27 36
28 1
28 17
29 30
29 41
30 21
30 24
31 3
31 39
32 44
32 49
33 28
33 46
34 11
34 35
35 16
35 41
36 7
36 23
37 3
37 37
38 5
38 42
39 19
39 34
40 7
40 48
41 15
41 21
42 12
42 24
43 36
43 40
44 4
44 18
45 38
45 48
46 17
46 44
47 31
47 37
48 5
48 10
49 18
49 28
50 25
50 27

# solution 75
# n=51 sym=rct4 status=verified source=flammenkamp_cache/n51_rct4.mvr
# code=mvr:0 36 0 40 1 20 1 28 2 12 2 24 3 31 3 32 
0 36
0 40
1 20
1 28
2 12
2 24
3 31
3 32
4 21
4 39
5 23
5 31
6 13
6 17
7 23
7 28
8 36
8 41
9 8
9 9
10 0
10 15
11 4
11 16
12 15
12 48
13 25
13 44
14 0
14 8
15 38
15 40
16 33
16 39
17 16
17 44
18 3
18 21
19 3
19 5
20 26
20 49
21 32
21 46
22 1
22 7
23 43
23 45
24 20
24 48
25 13
25 37
26 2
26 30
27 5
27 7
28 43
28 49
29 4
29 18
30 1
30 24
31 45
31 47
32 29
32 47
33 6
33 34
34 11
34 17
35 10
35 12
36 42
36 50
37 6
37 25
38 2
38 35
39 34
39 46
40 35
40 50
41 41
41 42
42 9
42 14
43 22
43 27
44 33
44 37
45 19
45 27
46 11
46 29
47 18
47 19
48 26
48 38
49 22
49 30
50 10
50 14

# solution 76
# n=51 sym=rct4 status=verified source=flammenkamp_cache/n51_rct4.mvr
# code=mvr:0 28 0 29 1 16 1 31 2 8 2 15 3 18 3 20 4
0 28
0 29
1 16
1 31
2 8
2 15
3 18
3 20
4 4
4 11
5 33
5 36
6 9
6 24
7 27
7 38
8 38
8 48
9 17
9 44
10 29
10 35
11 28
11 46
12 7
12 8
13 34
13 36
14 5
14 13
15 10
15 48
16 13
16 49
17 5
17 41
18 31
18 47
19 1
19 18
20 26
20 47
21 0
21 10
22 0
22 11
23 7
23 25
24 20
24 44
25 23
25 27
26 6
26 30
27 25
27 43
28 39
28 50
29 40
29 50
30 3
30 24
31 32
31 49
32 3
32 19
33 9
33 45
34 1
34 37
35 2
35 40
36 37
36 45
37 14
37 16
38 42
38 43
39 4
39 22
40 15
40 21
41 6
41 33
42 2
42 12
43 12
43 23
44 26
44 41
45 14
45 17
46 39
46 46
47 30
47 32
48 35
48 42
49 19
49 34
50 21
50 22

# solution 77
# n=51 sym=rct4 status=verified source=flammenkamp_cache/n51_rct4.mvr
# code=mvr:0 21 0 28 1 16 1 31 2 8 2 15 3 18 3 20 4
0 21
0 28
1 16
1 31
2 8
2 15
3 18
3 20
4 4
4 11
5 33
5 36
6 9
6 24
7 27
7 38
8 38
8 48
9 17
9 44
10 29
10 35
11 28
11 46
12 7
12 8
13 34
13 36
14 5
14 13
15 10
15 48
16 13
16 49
17 5
17 41
18 31
18 47
19 1
19 18
20 26
20 47
21 10
21 50
22 0
22 11
23 7
23 25
24 20
24 44
25 23
25 27
26 6
26 30
27 25
27 43
28 39
28 50
29 0
29 40
30 3
30 24
31 32
31 49
32 3
32 19
33 9
33 45
34 1
34 37
35 2
35 40
36 37
36 45
37 14
37 16
38 42
38 43
39 4
39 22
40 15
40 21
41 6
41 33
42 2
42 12
43 12
43 23
44 26
44 41
45 14
45 17
46 39
46 46
47 30
47 32
48 35
48 42
49 19
49 34
50 22
50 29

# solution 78
# n=51 sym=rct4 status=verified source=flammenkamp_cache/n51_rct4.mvr
# code=mvr:0 14 0 19 1 1 1 34 2 22 2 38 3 12 3 32 4
0 14
0 19
1 1
1 34
2 22
2 38
3 12
3 32
4 7
4 21
5 13
5 19
6 13
6 27
7 36
7 46
8 30
8 40
9 18
9 28
10 8
10 35
11 27
11 33
12 2
12 47
13 44
13 45
14 7
14 50
15 10
15 33
16 1
16 21
17 11
17 15
18 3
18 41
19 45
19 50
20 8
20 26
21 34
21 46
22 9
22 48
23 6
23 11
24 20
24 25
25 24
25 26
26 25
26 30
27 39
27 44
28 2
28 41
29 4
29 16
30 24
30 42
31 0
31 5
32 9
32 47
33 35
33 39
34 29
34 49
35 17
35 40
36 0
36 43
37 5
37 6
38 3
38 48
39 17
39 23
40 15
40 42
41 22
41 32
42 10
42 20
43 4
43 14
44 23
44 37
45 31
45 37
46 29
46 43
47 18
47 38
48 12
48 28
49 16
49 49
50 31
50 36

# solution 79
# n=51 sym=rct4 status=verified source=flammenkamp_cache/n51_rct4.mvr
# code=mvr:0 20 0 29 1 1 1 23 2 12 2 35 3 19 3 35 4
0 20
0 29
1 1
1 23
2 12
2 35
3 19
3 35
4 8
4 29
5 7
5 19
6 24
6 37
7 36
7 45
8 41
8 46
9 8
9 23
10 16
10 32
11 12
11 28
12 39
12 48
13 6
13 18
14 7
14 33
15 2
15 3
16 25
16 40
17 14
17 22
18 10
18 37
19 45
19 47
20 26
20 50
21 0
21 4
22 11
22 33
23 41
23 49
24 20
24 44
25 16
25 34
26 6
26 30
27 1
27 9
28 17
28 39
29 46
29 50
30 0
30 24
31 3
31 5
32 13
32 40
33 28
33 36
34 10
34 25
35 47
35 48
36 17
36 43
37 32
37 44
38 2
38 11
39 22
39 38
40 18
40 34
41 27
41 42
42 4
42 9
43 5
43 14
44 13
44 26
45 31
45 43
46 21
46 42
47 15
47 31
48 15
48 38
49 27
49 49
50 21
50 30

# solution 80
# n=51 sym=rct4 status=verified source=flammenkamp_cache/n51_rct4.mvr
# code=mvr:0 26 0 28 1 15 1 28 2 7 2 33 3 8 3 12 4 
0 26
0 28
1 15
1 28
2 7
2 33
3 8
3 12
4 29
4 36
5 25
5 41
6 19
6 34
7 41
7 48
8 15
8 47
9 5
9 7
10 10
10 18
11 27
11 30
12 19
12 47
13 14
13 34
14 4
14 37
15 42
15 49
16 6
16 13
17 2
17 18
18 33
18 40
19 38
19 44
20 11
20 26
21 4
21 23
22 0
22 1
23 11
23 29
24 0
24 20
25 5
25 45
26 30
26 50
27 21
27 39
28 49
28 50
29 27
29 46
30 24
30 39
31 6
31 12
32 10
32 17
33 32
33 48
34 37
34 44
35 1
35 8
36 13
36 46
37 16
37 36
38 3
38 31
39 20
39 23
40 32
40 40
41 43
41 45
42 3
42 35
43 2
43 9
44 16
44 31
45 9
45 25
46 14
46 21
47 38
47 42
48 17
48 43
49 22
49 35
50 22
50 24

# solution 81
# n=51 sym=rct4 status=verified source=flammenkamp_cache/n51_rct4.mvr
# code=mvr:0 23 0 25 1 32 1 39 2 7 2 38 3 8 3 35 4 
0 23
0 25
1 32
1 39
2 7
2 38
3 8
3 35
4 11
4 31
5 17
5 34
6 13
6 22
7 21
7 48
8 8
8 47
9 28
9 33
10 26
10 36
11 1
11 46
12 2
12 20
13 34
13 44
14 10
14 15
15 3
15 36
16 5
16 13
17 9
17 45
18 1
18 19
19 4
19 32
20 26
20 38
21 23
21 43
22 9
22 44
23 29
23 50
24 10
24 20
25 0
25 50
26 30
26 40
27 0
27 21
28 6
28 41
29 7
29 27
30 12
30 24
31 18
31 46
32 31
32 49
33 5
33 41
34 37
34 45
35 14
35 47
36 35
36 40
37 6
37 16
38 30
38 48
39 4
39 49
40 14
40 24
41 17
41 22
42 3
42 42
43 2
43 29
44 28
44 37
45 16
45 33
46 19
46 39
47 15
47 42
48 12
48 43
49 11
49 18
50 25
50 27

# solution 82
# n=51 sym=rct4 status=verified source=flammenkamp_cache/n51_rct4.mvr
# code=mvr:0 20 0 41 1 22 1 29 2 26 2 36 3 13 3 39 
0 20
0 41
1 22
1 29
2 26
2 36
3 13
3 39
4 16
4 21
5 12
5 13
6 15
6 25
7 22
7 32
8 40
8 41
9 0
9 8
10 8
10 26
11 3
11 11
12 35
12 45
13 45
13 47
14 2
14 30
15 12
15 44
16 27
16 46
17 19
17 27
18 7
18 19
19 32
19 33
20 14
20 50
21 1
21 46
22 43
22 49
23 16
23 17
24 2
24 10
25 6
25 44
26 40
26 48
27 33
27 34
28 1
28 7
29 4
29 49
30 0
30 36
31 17
31 18
32 31
32 43
33 23
33 31
34 4
34 23
35 6
35 38
36 20
36 48
37 3
37 5
38 5
38 15
39 39
39 47
40 24
40 42
41 42
41 50
42 9
42 10
43 18
43 28
44 25
44 35
45 37
45 38
46 29
46 34
47 11
47 37
48 14
48 24
49 21
49 28
50 9
50 30

# solution 83
# n=51 sym=rct4 status=verified source=flammenkamp_cache/n51_rct4.mvr
# code=mvr:0 9 0 40 1 15 1 25 2 6 2 30 3 22 3 32 4 
0 9
0 40
1 15
1 25
2 6
2 30
3 22
3 32
4 4
4 26
5 8
5 14
6 33
6 48
7 18
7 30
8 14
8 45
9 38
9 50
10 0
10 26
11 23
11 34
12 9
12 19
13 31
13 33
14 42
14 45
15 27
15 49
16 11
16 21
17 6
17 13
18 3
18 43
19 13
19 38
20 2
20 7
21 22
21 34
22 29
22 47
23 15
23 39
24 4
24 10
25 1
25 49
26 40
26 46
27 11
27 35
28 3
28 21
29 16
29 28
30 43
30 48
31 12
31 37
32 7
32 47
33 37
33 44
34 29
34 39
35 1
35 23
36 5
36 8
37 17
37 19
38 31
38 41
39 16
39 27
40 24
40 50
41 0
41 12
42 5
42 36
43 20
43 32
44 2
44 17
45 36
45 42
46 24
46 46
47 18
47 28
48 20
48 44
49 25
49 35
50 10
50 41

# solution 84
# n=51 sym=rct4 status=verified source=flammenkamp_cache/n51_rct4.mvr
# code=mvr:0 19 0 32 1 34 1 36 2 9 2 11 3 20 3 22 4
0 19
0 32
1 34
1 36
2 9
2 11
3 20
3 22
4 17
4 24
5 34
5 43
6 33
6 43
7 5
7 6
8 18
8 30
9 15
9 48
10 10
10 26
11 27
11 48
12 35
12 37
13 12
13 23
14 1
14 29
15 12
15 41
16 1
16 5
17 6
17 46
18 0
18 42
19 28
19 50
20 8
20 47
21 14
21 25
22 19
22 47
23 11
23 37
24 10
24 46
25 21
25 29
26 4
26 40
27 13
27 39
28 3
28 31
29 25
29 36
30 3
30 42
31 0
31 22
32 8
32 50
33 4
33 44
34 45
34 49
35 9
35 38
36 21
36 49
37 27
37 38
38 13
38 15
39 2
39 23
40 24
40 40
41 2
41 35
42 20
42 32
43 44
43 45
44 7
44 17
45 7
45 16
46 26
46 33
47 28
47 30
48 39
48 41
49 14
49 16
50 18
50 31

# solution 85
# n=51 sym=rct4 status=verified source=flammenkamp_cache/n51_rct4.mvr
# code=mvr:0 16 0 19 1 20 1 22 2 11 2 23 3 16 3 29 
0 16
0 19
1 20
1 22
2 11
2 23
3 16
3 29
4 4
4 36
5 35
5 42
6 18
6 26
7 39
7 42
8 5
8 7
9 13
9 14
10 26
10 33
11 7
11 48
12 18
12 23
13 20
13 41
14 4
14 41
15 5
15 29
16 47
16 50
17 10
17 25
18 38
18 44
19 22
19 50
20 37
20 49
21 3
21 15
22 31
22 49
23 38
23 48
24 6
24 10
25 17
25 33
26 40
26 44
27 2
27 12
28 1
28 19
29 35
29 47
30 1
30 13
31 0
31 28
32 6
32 12
33 25
33 40
34 0
34 3
35 21
35 45
36 9
36 46
37 9
37 30
38 27
38 32
39 2
39 43
40 17
40 24
41 36
41 37
42 43
42 45
43 8
43 11
44 24
44 32
45 8
45 15
46 14
46 46
47 21
47 34
48 27
48 39
49 28
49 30
50 31
50 34

# solution 86
# n=51 sym=rct4 status=verified source=flammenkamp_cache/n51_rct4.mvr
# code=mvr:0 13 0 14 1 28 1 32 2 15 2 36 3 19 3 41 
0 13
0 14
1 28
1 32
2 15
2 36
3 19
3 41
4 6
4 34
5 9
5 24
6 37
6 46
7 11
7 25
8 17
8 23
9 3
9 45
10 26
10 30
11 38
11 43
12 11
12 32
13 6
13 50
14 2
14 50
15 30
15 48
16 4
16 23
17 28
17 42
18 1
18 12
19 21
19 47
20 10
20 15
21 21
21 31
22 1
22 17
23 34
23 42
24 10
24 45
25 7
25 43
26 5
26 40
27 8
27 16
28 33
28 49
29 19
29 29
30 35
30 40
31 3
31 29
32 38
32 49
33 8
33 22
34 27
34 46
35 2
35 20
36 0
36 48
37 0
37 44
38 18
38 39
39 7
39 12
40 20
40 24
41 5
41 47
42 27
42 33
43 25
43 39
44 4
44 13
45 26
45 41
46 16
46 44
47 9
47 31
48 14
48 35
49 18
49 22
50 36
50 37

# solution 87
# n=51 sym=rct4 status=verified source=flammenkamp_cache/n51_rct4.mvr
# code=mvr:0 14 0 17 1 33 1 43 2 37 2 39 3 21 3 23 
0 14
0 17
1 33
1 43
2 37
2 39
3 21
3 23
4 4
4 6
5 23
5 32
6 39
6 46
7 1
7 28
8 18
8 20
9 26
9 30
10 26
10 35
11 2
11 6
12 31
12 37
13 2
13 12
14 16
14 50
15 10
15 16
16 35
16 36
17 1
17 50
18 5
18 42
19 12
19 28
20 9
20 42
21 25
21 47
22 7
22 19
23 45
23 47
24 9
24 10
25 21
25 29
26 40
26 41
27 3
27 5
28 31
28 43
29 3
29 25
30 8
30 41
31 22
31 38
32 8
32 45
33 0
33 49
34 14
34 15
35 34
35 40
36 0
36 34
37 38
37 48
38 13
38 19
39 44
39 48
40 15
40 24
41 20
41 24
42 30
42 32
43 22
43 49
44 4
44 11
45 18
45 27
46 44
46 46
47 27
47 29
48 11
48 13
49 7
49 17
50 33
50 36

# solution 88
# n=51 sym=rct4 status=verified source=flammenkamp_cache/n51_rct4.mvr
# code=mvr:0 16 0 26 1 35 1 38 2 21 2 28 3 16 3 17 
0 16
0 26
1 35
1 38
2 21
2 28
3 16
3 17
4 22
4 37
5 10
5 41
6 14
6 27
7 7
7 8
8 21
8 43
9 5
9 31
10 39
10 45
11 10
11 27
12 1
12 30
13 4
13 17
14 19
14 44
15 1
15 26
16 47
16 50
17 37
17 47
18 20
18 25
19 9
19 36
20 12
20 32
21 42
21 48
22 2
22 46
23 6
23 11
24 0
24 15
25 18
25 32
26 35
26 50
27 39
27 44
28 4
28 48
29 2
29 8
30 18
30 38
31 14
31 41
32 25
32 30
33 3
33 13
34 0
34 3
35 24
35 49
36 6
36 31
37 33
37 46
38 20
38 49
39 23
39 40
40 5
40 11
41 19
41 45
42 7
42 29
43 42
43 43
44 23
44 36
45 9
45 40
46 13
46 28
47 33
47 34
48 22
48 29
49 12
49 15
50 24
50 34

# solution 89
# n=51 sym=rct4 status=verified source=flammenkamp_cache/n51_rct4.mvr
# code=mvr:0 26 0 27 1 16 1 45 2 18 2 33 3 15 3 25 
0 26
0 27
1 16
1 45
2 18
2 33
3 15
3 25
4 18
4 28
5 1
5 12
6 7
6 31
7 36
7 44
8 13
8 28
9 10
9 29
10 38
10 41
11 20
11 29
12 10
12 45
13 34
13 42
14 7
14 17
15 26
15 47
16 13
16 49
17 2
17 36
18 46
18 48
19 6
19 27
20 20
20 39
21 9
21 11
22 4
22 8
23 0
23 19
24 0
24 15
25 3
25 47
26 35
26 50
27 31
27 50
28 42
28 46
29 39
29 41
30 11
30 30
31 23
31 44
32 2
32 4
33 14
33 48
34 1
34 37
35 3
35 24
36 33
36 43
37 8
37 16
38 5
38 40
39 21
39 30
40 9
40 12
41 21
41 40
42 22
42 37
43 6
43 14
44 19
44 43
45 38
45 49
46 22
46 32
47 25
47 35
48 17
48 32
49 5
49 34
50 23
50 24

# solution 90
# n=51 sym=rct4 status=verified source=flammenkamp_cache/n51_rct4.mvr
# code=mvr:0 20 0 31 1 27 1 38 2 15 2 25 3 10 3 32 
0 20
0 31
1 27
1 38
2 15
2 25
3 10
3 32
4 11
4 31
5 14
5 24
6 9
6 28
7 7
7 33
8 21
8 37
9 23
9 44
10 34
10 47
11 14
11 46
12 1
12 30
13 8
13 29
14 39
14 45
15 26
15 48
16 10
16 17
17 7
17 34
18 3
18 28
19 0
19 4
20 12
20 50
21 13
21 42
22 6
22 18
23 1
23 41
24 15
24 45
25 2
25 48
26 5
26 35
27 9
27 49
28 32
28 44
29 8
29 37
30 0
30 38
31 46
31 50
32 22
32 47
33 16
33 43
34 33
34 40
35 2
35 24
36 5
36 11
37 21
37 42
38 20
38 49
39 4
39 36
40 3
40 16
41 6
41 27
42 13
42 29
43 17
43 43
44 22
44 41
45 26
45 36
46 19
46 39
47 18
47 40
48 25
48 35
49 12
49 23
50 19
50 30

# solution 91
# n=51 sym=rct4 status=verified source=flammenkamp_cache/n51_rct4.mvr
# code=mvr:0 14 0 33 1 24 1 27 2 33 2 38 3 18 3 34 
0 14
0 33
1 24
1 27
2 33
2 38
3 18
3 34
4 8
4 11
5 6
5 22
6 41
6 45
7 11
7 25
8 20
8 46
9 6
9 9
10 19
10 34
11 43
11 46
12 2
12 19
13 29
13 32
14 15
14 50
15 26
15 36
16 3
16 10
17 0
17 2
18 13
18 47
19 38
19 40
20 22
20 42
21 13
21 23
22 30
22 45
23 1
23 29
24 15
24 49
25 7
25 43
26 1
26 35
27 21
27 49
28 5
28 20
29 27
29 37
30 8
30 28
31 10
31 12
32 3
32 37
33 48
33 50
34 40
34 47
35 14
35 24
36 0
36 35
37 18
37 21
38 31
38 48
39 4
39 7
40 16
40 31
41 41
41 44
42 4
42 30
43 25
43 39
44 5
44 9
45 28
45 44
46 39
46 42
47 16
47 32
48 12
48 17
49 23
49 26
50 17
50 36

# solution 92
# n=51 sym=rct4 status=verified source=flammenkamp_cache/n51_rct4.mvr
# code=mvr:0 13 0 16 1 10 1 23 2 21 2 41 3 22 3 26 
0 13
0 16
1 10
1 23
2 21
2 41
3 22
3 26
4 36
4 38
5 9
5 17
6 27
6 29
7 7
7 35
8 10
8 28
9 2
9 45
10 42
10 49
11 13
11 17
12 4
12 32
13 39
13 50
14 4
14 32
15 7
15 26
16 19
16 50
17 39
17 45
18 12
18 14
19 20
19 34
20 25
20 31
21 6
21 48
22 8
22 47
23 6
23 49
24 3
24 15
25 20
25 30
26 35
26 47
27 1
27 44
28 3
28 42
29 2
29 44
30 19
30 25
31 16
31 30
32 36
32 38
33 5
33 11
34 0
34 31
35 24
35 43
36 18
36 46
37 0
37 11
38 18
38 46
39 33
39 37
40 1
40 8
41 5
41 48
42 22
42 40
43 15
43 43
44 21
44 23
45 33
45 41
46 12
46 14
47 24
47 28
48 9
48 29
49 27
49 40
50 34
50 37

# solution 93
# n=51 sym=rct4 status=verified source=flammenkamp_cache/n51_rct4.mvr
# code=mvr:0 26 0 32 1 30 1 34 2 27 2 29 3 11 3 46 
0 26
0 32
1 30
1 34
2 27
2 29
3 11
3 46
4 3
4 16
5 7
5 11
6 22
6 33
7 41
7 45
8 14
8 37
9 7
9 19
10 23
10 30
11 45
11 47
12 15
12 33
13 8
13 14
14 37
14 42
15 26
15 38
16 1
16 46
17 6
17 12
18 0
18 18
19 28
19 41
20 1
20 10
21 2
21 25
22 19
22 44
23 2
23 40
24 0
24 15
25 21
25 29
26 35
26 50
27 10
27 48
28 6
28 31
29 25
29 48
30 40
30 49
31 9
31 22
32 32
32 50
33 38
33 44
34 4
34 49
35 12
35 24
36 8
36 13
37 36
37 42
38 17
38 35
39 3
39 5
40 20
40 27
41 31
41 43
42 13
42 36
43 5
43 9
44 17
44 28
45 39
45 43
46 34
46 47
47 4
47 39
48 21
48 23
49 16
49 20
50 18
50 24

# solution 94
# n=51 sym=rct4 status=verified source=flammenkamp_cache/n51_rct4.mvr
# code=mvr:0 19 0 28 1 25 1 30 2 33 2 43 3 17 3 38 
0 19
0 28
1 25
1 30
2 33
2 43
3 17
3 38
4 14
4 44
5 5
5 32
6 4
6 9
7 2
7 29
8 14
8 35
9 24
9 44
10 27
10 28
11 21
11 27
12 3
12 13
13 34
13 38
14 42
14 46
15 8
15 26
16 13
16 18
17 2
17 47
18 5
18 34
19 20
19 50
20 1
20 31
21 7
21 39
22 0
22 10
23 10
23 11
24 15
24 41
25 1
25 49
26 9
26 35
27 39
27 40
28 40
28 50
29 11
29 43
30 19
30 49
31 0
31 30
32 16
32 45
33 3
33 48
34 32
34 37
35 24
35 42
36 4
36 8
37 12
37 16
38 37
38 47
39 23
39 29
40 22
40 23
41 6
41 26
42 15
42 36
43 21
43 48
44 41
44 46
45 18
45 45
46 6
46 36
47 12
47 33
48 7
48 17
49 20
49 25
50 22
50 31

# solution 95
# n=51 sym=rct4 status=verified source=flammenkamp_cache/n51_rct4.mvr
# code=mvr:0 14 0 21 1 16 1 42 2 35 2 36 3 24 3 27 
0 14
0 21
1 16
1 42
2 35
2 36
3 24
3 27
4 38
4 45
5 4
5 37
6 28
6 31
7 18
7 42
8 1
8 7
9 9
9 18
10 28
10 37
11 17
11 21
12 4
12 31
13 5
13 10
14 2
14 50
15 2
15 26
16 20
16 49
17 23
17 39
18 41
18 43
19 6
19 12
20 25
20 34
21 39
21 50
22 6
22 10
23 3
23 33
24 15
24 47
25 20
25 30
26 3
26 35
27 17
27 47
28 40
28 44
29 0
29 11
30 16
30 25
31 38
31 44
32 7
32 9
33 11
33 27
34 1
34 30
35 24
35 48
36 0
36 48
37 40
37 45
38 19
38 46
39 29
39 33
40 13
40 22
41 32
41 41
42 43
42 49
43 8
43 32
44 19
44 22
45 13
45 46
46 5
46 12
47 23
47 26
48 14
48 15
49 8
49 34
50 29
50 36

# solution 96
# n=51 sym=rct4 status=verified source=flammenkamp_cache/n51_rct4.mvr
# code=mvr:0 0 0 24 1 16 1 30 2 21 2 22 3 13 3 38 4
0 0
0 24
1 16
1 30
2 21
2 22
3 13
3 38
4 28
4 36
5 6
5 13
6 21
6 45
7 8
7 41
8 11
8 43
9 7
9 34
10 18
10 27
11 23
11 42
12 3
12 33
13 45
13 47
14 4
14 18
15 26
15 31
16 9
16 49
17 12
17 20
18 36
18 40
19 15
19 25
20 1
20 33
21 44
21 48
22 4
22 48
23 10
23 39
24 15
24 50
25 19
25 31
26 0
26 35
27 11
27 40
28 2
28 46
29 2
29 6
30 17
30 49
31 25
31 35
32 10
32 14
33 30
33 38
34 1
34 41
35 19
35 24
36 32
36 46
37 3
37 5
38 17
38 47
39 8
39 27
40 23
40 32
41 16
41 43
42 7
42 39
43 9
43 42
44 5
44 29
45 37
45 44
46 14
46 22
47 12
47 37
48 28
48 29
49 20
49 34
50 26
50 50

# solution 97
# n=51 sym=rct4 status=verified source=flammenkamp_cache/n51_rct4.mvr
# code=mvr:0 24 0 34 1 32 1 37 2 12 2 17 3 15 3 29 
0 24
0 34
1 32
1 37
2 12
2 17
3 15
3 29
4 21
4 23
5 5
5 38
6 14
6 19
7 8
7 22
8 31
8 43
9 22
9 36
10 30
10 37
11 18
11 33
12 5
12 48
13 1
13 10
14 9
14 44
15 26
15 47
16 0
16 30
17 11
17 48
18 1
18 39
19 8
19 44
20 10
20 16
21 3
21 46
22 41
22 43
23 25
23 46
24 15
24 50
25 23
25 27
26 0
26 35
27 4
27 25
28 7
28 9
29 4
29 47
30 34
30 40
31 6
31 42
32 11
32 49
33 2
33 39
34 20
34 50
35 3
35 24
36 6
36 41
37 40
37 49
38 2
38 45
39 17
39 32
40 13
40 20
41 14
41 28
42 7
42 19
43 28
43 42
44 31
44 36
45 12
45 45
46 27
46 29
47 21
47 35
48 33
48 38
49 13
49 18
50 16
50 26

# solution 98
# n=51 sym=rct4 status=verified source=flammenkamp_cache/n51_rct4.mvr
# code=mvr:0 17 0 30 1 32 1 37 2 8 2 30 3 3 3 22 4 
0 17
0 30
1 32
1 37
2 8
2 30
3 3
3 22
4 19
4 27
5 8
5 38
6 10
6 16
7 21
7 33
8 45
8 48
9 12
9 14
10 34
10 44
11 24
11 35
12 5
12 41
13 1
13 21
14 28
14 41
15 11
15 26
16 10
16 44
17 7
17 50
18 1
18 19
19 32
19 46
20 0
20 2
21 37
21 43
22 14
22 47
23 4
23 25
24 15
24 39
25 23
25 27
26 11
26 35
27 25
27 46
28 3
28 36
29 7
29 13
30 48
30 50
31 4
31 18
32 31
32 49
33 0
33 43
34 6
34 40
35 24
35 39
36 9
36 22
37 29
37 49
38 9
38 45
39 15
39 26
40 6
40 16
41 36
41 38
42 2
42 5
43 17
43 29
44 34
44 40
45 12
45 42
46 23
46 31
47 28
47 47
48 20
48 42
49 13
49 18
50 20
50 33

# solution 99
# n=51 sym=rct4 status=verified source=flammenkamp_cache/n51_rct4.mvr
# code=mvr:0 28 0 30 1 10 1 18 2 26 2 38 3 9 3 20 4
0 28
0 30
1 10
1 18
2 26
2 38
3 9
3 20
4 8
4 15
5 5
5 33
6 29
6 31
7 23
7 37
8 16
8 46
9 28
9 47
10 39
10 49
11 10
11 18
12 2
12 26
13 7
13 16
14 21
14 33
15 19
15 46
16 37
16 42
17 5
17 14
18 39
18 49
19 6
19 35
20 0
20 47
21 6
21 36
22 0
22 9
23 25
23 43
24 2
24 12
25 23
25 27
26 38
26 48
27 7
27 25
28 41
28 50
29 14
29 44
30 3
30 50
31 15
31 44
32 1
32 11
33 36
33 45
34 8
34 13
35 4
35 31
36 17
36 29
37 34
37 43
38 24
38 48
39 32
39 40
40 1
40 11
41 3
41 22
42 4
42 34
43 13
43 27
44 19
44 21
45 17
45 45
46 35
46 42
47 30
47 41
48 12
48 24
49 32
49 40
50 20
50 22

# solution 100
# n=51 sym=rct4 status=verified source=flammenkamp_cache/n51_rct4.mvr
# code=mvr:0 26 0 43 1 19 1 41 2 13 2 18 3 3 3 13 4
0 26
0 43
1 19
1 41
2 13
2 18
3 3
3 13
4 7
4 36
5 18
5 30
6 17
6 27
7 0
7 46
8 10
8 22
9 1
9 35
10 22
10 42
11 16
11 19
12 26
12 35
13 47
13 48
14 4
14 23
15 9
15 12
16 33
16 39
17 16
17 44
18 45
18 48
19 39
19 49
20 5
20 29
21 20
21 25
22 40
22 42
23 6
23 36
24 0
24 12
25 21
25 29
26 38
26 50
27 14
27 44
28 8
28 10
29 25
29 30
30 21
30 45
31 1
31 11
32 2
32 5
33 6
33 34
34 11
34 17
35 38
35 41
36 27
36 46
37 2
37 3
38 15
38 24
39 31
39 34
40 8
40 28
41 15
41 49
42 28
42 40
43 4
43 50
44 23
44 33
45 20
45 32
46 14
46 43
47 37
47 47
48 32
48 37
49 9
49 31
50 7
50 24

# solution 101
# n=51 sym=rct4 status=verified source=flammenkamp_cache/n51_rct4.mvr
# code=mvr:0 17 0 23 1 22 1 23 2 13 2 35 3 19 3 21 
0 17
0 23
1 22
1 23
2 13
2 35
3 19
3 21
4 28
4 36
5 8
5 41
6 6
6 41
7 21
7 32
8 40
8 45
9 5
9 6
10 8
10 16
11 24
11 30
12 13
12 26
13 38
13 48
14 4
14 31
15 2
15 34
16 15
16 40
17 25
17 50
18 7
18 30
19 14
19 47
20 11
20 18
21 43
21 47
22 4
22 49
23 49
23 50
24 12
24 39
25 17
25 33
26 11
26 38
27 0
27 1
28 1
28 46
29 3
29 7
30 32
30 39
31 3
31 36
32 20
32 43
33 0
33 25
34 10
34 35
35 16
35 48
36 19
36 46
37 2
37 12
38 24
38 37
39 20
39 26
40 34
40 42
41 44
41 45
42 5
42 10
43 18
43 29
44 9
44 44
45 9
45 42
46 14
46 22
47 29
47 31
48 15
48 37
49 27
49 28
50 27
50 33

# solution 102
# n=51 sym=rct4 status=verified source=flammenkamp_cache/n51_rct4.mvr
# code=mvr:0 38 0 43 1 16 1 40 2 29 2 32 3 14 3 16 
0 38
0 43
1 16
1 40
2 29
2 32
3 14
3 16
4 25
4 36
5 11
5 19
6 24
6 28
7 0
7 35
8 13
8 27
9 9
9 37
10 1
10 20
11 17
11 45
12 0
12 26
13 9
13 42
14 4
14 47
15 7
15 17
16 47
16 49
17 35
17 39
18 2
18 27
19 30
19 45
20 19
20 40
21 2
21 22
22 6
22 29
23 8
23 18
24 12
24 44
25 4
25 46
26 6
26 38
27 32
27 42
28 21
28 44
29 28
29 48
30 10
30 31
31 5
31 20
32 23
32 48
33 11
33 15
34 1
34 3
35 33
35 43
36 3
36 46
37 8
37 41
38 24
38 50
39 5
39 33
40 30
40 49
41 13
41 41
42 23
42 37
43 15
43 50
44 22
44 26
45 31
45 39
46 14
46 25
47 34
47 36
48 18
48 21
49 10
49 34
50 7
50 12

# solution 103
# n=51 sym=rct4 status=verified source=flammenkamp_cache/n51_rct4.mvr
# code=mvr:0 18 0 35 1 24 1 25 2 9 2 29 3 31 3 42 4
0 18
0 35
1 24
1 25
2 9
2 29
3 31
3 42
4 13
4 20
5 14
5 39
6 7
6 19
7 33
7 44
8 3
8 40
9 37
9 48
10 8
10 28
11 5
11 33
12 23
12 26
13 9
13 46
14 35
14 45
15 0
15 14
16 21
16 27
17 7
17 11
18 18
18 50
19 3
19 44
20 22
20 46
21 2
21 34
22 10
22 30
23 16
23 38
24 12
24 49
25 1
25 49
26 1
26 38
27 12
27 34
28 20
28 40
29 16
29 48
30 4
30 28
31 6
31 47
32 0
32 32
33 39
33 43
34 23
34 29
35 36
35 50
36 5
36 15
37 4
37 41
38 24
38 27
39 17
39 45
40 22
40 42
41 2
41 13
42 10
42 47
43 6
43 17
44 31
44 43
45 11
45 36
46 30
46 37
47 8
47 19
48 21
48 41
49 25
49 26
50 15
50 32

# solution 104
# n=51 sym=rct4 status=verified source=flammenkamp_cache/n51_rct4.mvr
# code=mvr:0 25 0 30 1 37 1 42 2 10 2 16 3 27 3 37 
0 25
0 30
1 37
1 42
2 10
2 16
3 27
3 37
4 19
4 40
5 18
5 22
6 11
6 41
7 24
7 33
8 1
8 23
9 6
9 39
10 4
10 48
11 9
11 44
12 16
12 26
13 1
13 3
14 20
14 35
15 14
15 19
16 38
16 48
17 7
17 22
18 29
18 45
19 35
19 46
20 0
20 36
21 18
21 21
22 33
22 45
23 3
23 42
24 12
24 43
25 0
25 50
26 7
26 38
27 8
27 47
28 5
28 17
29 29
29 32
30 14
30 50
31 4
31 15
32 5
32 21
33 28
33 43
34 2
34 12
35 31
35 36
36 15
36 30
37 47
37 49
38 24
38 34
39 6
39 41
40 2
40 46
41 11
41 44
42 27
42 49
43 17
43 26
44 9
44 39
45 28
45 32
46 10
46 31
47 13
47 23
48 34
48 40
49 8
49 13
50 20
50 25

# solution 105
# n=51 sym=rct4 status=verified source=flammenkamp_cache/n51_rct4.mvr
# code=mvr:0 23 0 26 1 22 1 30 2 23 2 36 3 9 3 13 4
0 23
0 26
1 22
1 30
2 23
2 36
3 9
3 13
4 18
4 44
5 37
5 40
6 4
6 15
7 7
7 8
8 17
8 43
9 31
9 47
10 5
10 21
11 15
11 17
12 26
12 30
13 5
13 47
14 2
14 34
15 39
15 44
16 14
16 29
17 39
17 42
18 31
18 46
19 9
19 18
20 1
20 12
21 16
21 40
22 25
22 49
23 48
23 50
24 0
24 12
25 22
25 28
26 38
26 50
27 0
27 2
28 1
28 25
29 10
29 34
30 38
30 49
31 32
31 41
32 4
32 19
33 8
33 11
34 21
34 36
35 6
35 11
36 16
36 48
37 3
37 45
38 20
38 24
39 33
39 35
40 29
40 45
41 3
41 19
42 7
42 33
43 42
43 43
44 35
44 46
45 10
45 13
46 6
46 32
47 37
47 41
48 14
48 27
49 20
49 28
50 24
50 27

# solution 106
# n=51 sym=rct4 status=verified source=flammenkamp_cache/n51_rct4.mvr
# code=mvr:0 13 0 34 1 19 1 27 2 29 2 47 3 2 3 5 4 
0 13
0 34
1 19
1 27
2 29
2 47
3 2
3 5
4 13
4 15
5 26
5 47
6 20
6 36
7 17
7 35
8 36
8 39
9 9
9 29
10 20
10 23
11 8
11 28
12 26
12 34
13 46
13 50
14 6
14 8
15 7
15 46
16 0
16 12
17 18
17 43
18 25
18 33
19 22
19 49
20 40
20 44
21 2
21 9
22 11
22 31
23 1
23 40
24 5
24 12
25 18
25 32
26 38
26 45
27 10
27 49
28 19
28 39
29 41
29 48
30 6
30 10
31 1
31 28
32 17
32 25
33 7
33 32
34 38
34 50
35 4
35 43
36 42
36 44
37 0
37 4
38 16
38 24
39 22
39 42
40 27
40 30
41 21
41 41
42 11
42 14
43 15
43 33
44 14
44 30
45 3
45 24
46 35
46 37
47 45
47 48
48 3
48 21
49 23
49 31
50 16
50 37

# solution 107
# n=51 sym=rct4 status=verified source=flammenkamp_cache/n51_rct4.mvr
# code=mvr:0 26 0 28 1 35 1 41 2 23 2 37 3 27 3 32 
0 26
0 28
1 35
1 41
2 23
2 37
3 27
3 32
4 11
4 15
5 8
5 30
6 25
6 43
7 6
7 10
8 41
8 45
9 1
9 8
10 31
10 43
11 17
11 46
12 12
12 26
13 2
13 19
14 16
14 18
15 1
15 46
16 29
16 36
17 29
17 39
18 3
18 36
19 10
19 37
20 5
20 22
21 16
21 17
22 0
22 30
23 3
23 48
24 0
24 12
25 6
25 44
26 38
26 50
27 2
27 47
28 20
28 50
29 33
29 34
30 28
30 45
31 13
31 40
32 14
32 47
33 11
33 21
34 14
34 21
35 4
35 49
36 32
36 34
37 31
37 48
38 24
38 38
39 4
39 33
40 7
40 19
41 42
41 49
42 5
42 9
43 40
43 44
44 7
44 25
45 20
45 42
46 35
46 39
47 18
47 23
48 13
48 27
49 9
49 15
50 22
50 24

# solution 108
# n=51 sym=rct4 status=verified source=flammenkamp_cache/n51_rct4.mvr
# code=mvr:0 15 0 37 1 20 1 27 2 14 2 32 3 3 3 42 4
0 15
0 37
1 20
1 27
2 14
2 32
3 3
3 42
4 6
4 10
5 11
5 35
6 26
6 46
7 22
7 27
8 3
8 10
9 16
9 32
10 42
10 46
11 21
11 45
12 19
12 26
13 0
13 36
14 13
14 48
15 5
15 50
16 17
16 41
17 20
17 34
18 2
18 9
19 22
19 38
20 33
20 49
21 25
21 39
22 31
22 43
23 1
23 7
24 6
24 12
25 21
25 29
26 38
26 44
27 43
27 49
28 7
28 19
29 11
29 25
30 1
30 17
31 12
31 28
32 41
32 48
33 16
33 30
34 9
34 33
35 0
35 45
36 2
36 37
37 14
37 50
38 24
38 31
39 5
39 29
40 4
40 8
41 18
41 34
42 40
42 47
43 23
43 28
44 4
44 24
45 15
45 39
46 40
46 44
47 8
47 47
48 18
48 36
49 23
49 30
50 13
50 35

# solution 109
# n=51 sym=rct4 status=verified source=flammenkamp_cache/n51_rct4.mvr
# code=mvr:0 26 0 43 1 19 1 41 2 13 2 18 3 3 3 13 4
0 26
0 43
1 19
1 41
2 13
2 18
3 3
3 13
4 36
4 40
5 18
5 30
6 17
6 27
7 0
7 28
8 10
8 22
9 1
9 35
10 4
10 42
11 16
11 19
12 26
12 35
13 47
13 48
14 4
14 23
15 9
15 12
16 33
16 39
17 16
17 44
18 45
18 48
19 39
19 49
20 5
20 29
21 20
21 25
22 7
22 42
23 6
23 36
24 0
24 12
25 21
25 29
26 38
26 50
27 14
27 44
28 8
28 43
29 25
29 30
30 21
30 45
31 1
31 11
32 2
32 5
33 6
33 34
34 11
34 17
35 38
35 41
36 27
36 46
37 2
37 3
38 15
38 24
39 31
39 34
40 8
40 46
41 15
41 49
42 28
42 40
43 22
43 50
44 23
44 33
45 20
45 32
46 10
46 14
47 37
47 47
48 32
48 37
49 9
49 31
50 7
50 24

# solution 110
# n=51 sym=rct4 status=verified source=flammenkamp_cache/n51_rct4.mvr
# code=mvr:0 26 0 43 1 19 1 41 2 13 2 18 3 3 3 13 4
0 26
0 43
1 19
1 41
2 13
2 18
3 3
3 13
4 36
4 40
5 18
5 30
6 17
6 27
7 0
7 28
8 22
8 40
9 1
9 35
10 4
10 8
11 16
11 19
12 26
12 35
13 47
13 48
14 4
14 23
15 9
15 12
16 33
16 39
17 16
17 44
18 45
18 48
19 39
19 49
20 5
20 29
21 20
21 25
22 7
22 42
23 6
23 36
24 0
24 12
25 21
25 29
26 38
26 50
27 14
27 44
28 8
28 43
29 25
29 30
30 21
30 45
31 1
31 11
32 2
32 5
33 6
33 34
34 11
34 17
35 38
35 41
36 27
36 46
37 2
37 3
38 15
38 24
39 31
39 34
40 42
40 46
41 15
41 49
42 10
42 28
43 22
43 50
44 23
44 33
45 20
45 32
46 10
46 14
47 37
47 47
48 32
48 37
49 9
49 31
50 7
50 24

# solution 111
# n=51 sym=rct4 status=verified source=flammenkamp_cache/n51_rct4.mvr
# code=mvr:0 29 0 34 1 18 1 28 2 8 2 20 3 8 3 27 4 
0 29
0 34
1 18
1 28
2 8
2 20
3 8
3 27
4 13
4 39
5 17
5 32
6 15
6 24
7 9
7 12
8 47
8 48
9 31
9 43
10 21
10 25
11 4
11 36
12 26
12 43
13 13
13 46
14 11
14 22
15 16
15 44
16 0
16 35
17 30
17 45
18 5
18 49
19 9
19 23
20 17
20 48
21 0
21 40
22 1
22 36
23 3
23 31
24 12
24 44
25 10
25 40
26 6
26 38
27 19
27 47
28 14
28 49
29 10
29 50
30 2
30 33
31 27
31 41
32 1
32 45
33 5
33 20
34 15
34 50
35 6
35 34
36 28
36 39
37 4
37 37
38 7
38 24
39 14
39 46
40 25
40 29
41 7
41 19
42 2
42 3
43 38
43 41
44 26
44 35
45 18
45 33
46 11
46 37
47 23
47 42
48 30
48 42
49 22
49 32
50 16
50 21

# solution 112
# n=51 sym=rct4 status=verified source=flammenkamp_cache/n51_rct4.mvr
# code=mvr:0 9 0 28 1 1 1 28 2 19 2 26 3 31 3 33 4 
0 9
0 28
1 1
1 28
2 19
2 26
3 31
3 33
4 35
4 39
5 8
5 44
6 5
6 14
7 18
7 38
8 27
8 45
9 34
9 50
10 11
10 20
11 4
11 40
12 7
12 26
13 16
13 32
14 20
14 44
15 4
15 33
16 9
16 37
17 3
17 15
18 13
18 43
19 3
19 48
20 36
20 40
21 25
21 27
22 0
22 1
23 8
23 21
24 2
24 12
25 21
25 29
26 38
26 48
27 29
27 42
28 49
28 50
29 23
29 25
30 10
30 14
31 2
31 47
32 7
32 37
33 35
33 47
34 13
34 41
35 17
35 46
36 6
36 30
37 18
37 34
38 24
38 43
39 10
39 46
40 30
40 39
41 0
41 16
42 5
42 23
43 12
43 32
44 36
44 45
45 6
45 42
46 11
46 15
47 17
47 19
48 24
48 31
49 22
49 49
50 22
50 41

# solution 113
# n=51 sym=rct4 status=verified source=flammenkamp_cache/n51_rct4.mvr
# code=mvr:0 0 0 15 1 22 1 32 2 22 2 34 3 30 3 40 4
0 0
0 15
1 22
1 32
2 22
2 34
3 30
3 40
4 11
4 41
5 23
5 43
6 26
6 31
7 5
7 37
8 16
8 33
9 4
9 19
10 3
10 39
11 10
11 46
12 26
12 36
13 7
13 18
14 12
14 17
15 23
15 50
16 2
16 42
17 8
17 36
18 1
18 37
19 6
19 41
20 3
20 21
21 25
21 30
22 48
22 49
23 35
23 45
24 6
24 12
25 21
25 29
26 38
26 44
27 5
27 15
28 1
28 2
29 20
29 25
30 29
30 47
31 9
31 44
32 13
32 49
33 14
33 42
34 8
34 48
35 0
35 27
36 33
36 38
37 32
37 43
38 14
38 24
39 4
39 40
40 11
40 47
41 31
41 46
42 17
42 34
43 13
43 45
44 19
44 24
45 7
45 27
46 9
46 39
47 10
47 20
48 16
48 28
49 18
49 28
50 35
50 50

# solution 114
# n=51 sym=rct4 status=verified source=flammenkamp_cache/n51_rct4.mvr
# code=mvr:0 14 0 31 1 25 1 27 2 7 2 31 3 29 3 39 4
0 14
0 31
1 25
1 27
2 7
2 31
3 29
3 39
4 12
4 26
5 10
5 44
6 5
6 16
7 42
7 48
8 7
8 17
9 16
9 30
10 37
10 45
11 3
11 11
12 26
12 46
13 10
13 17
14 30
14 50
15 18
15 28
16 41
16 44
17 37
17 42
18 28
18 35
19 0
19 2
20 9
20 14
21 3
21 27
22 15
22 18
23 1
23 21
24 4
24 12
25 1
25 49
26 38
26 46
27 29
27 49
28 32
28 35
29 23
29 47
30 36
30 41
31 48
31 50
32 15
32 22
33 8
33 13
34 6
34 9
35 22
35 32
36 0
36 20
37 33
37 40
38 4
38 24
39 39
39 47
40 5
40 13
41 20
41 34
42 33
42 43
43 2
43 8
44 34
44 45
45 6
45 40
46 24
46 38
47 11
47 21
48 19
48 43
49 23
49 25
50 19
50 36

# solution 115
# n=51 sym=rct4 status=verified source=flammenkamp_cache/n51_rct4.mvr
# code=mvr:0 12 0 23 1 1 1 7 2 17 2 18 3 9 3 23 4 1
0 12
0 23
1 1
1 7
2 17
2 18
3 9
3 23
4 18
4 36
5 19
5 34
6 14
6 37
7 10
7 49
8 9
8 33
9 42
9 47
10 28
10 43
11 26
11 29
12 21
12 50
13 6
13 26
14 4
14 44
15 16
15 31
16 5
16 35
17 8
17 48
18 46
18 48
19 15
19 45
20 22
20 25
21 11
21 38
22 10
22 30
23 47
23 50
24 11
24 13
25 20
25 30
26 37
26 39
27 0
27 3
28 20
28 40
29 12
29 39
30 25
30 28
31 5
31 35
32 2
32 4
33 2
33 42
34 15
34 45
35 19
35 34
36 6
36 46
37 24
37 44
38 0
38 29
39 21
39 24
40 7
40 22
41 3
41 8
42 17
42 41
43 1
43 40
44 13
44 36
45 16
45 31
46 14
46 32
47 27
47 41
48 32
48 33
49 43
49 49
50 27
50 38

# solution 116
# n=51 sym=rct4 status=verified source=flammenkamp_cache/n51_rct4.mvr
# code=mvr:0 27 0 32 1 12 1 21 2 20 2 29 3 5 3 15 4
0 27
0 32
1 12
1 21
2 20
2 29
3 5
3 15
4 24
4 40
5 38
5 47
6 11
6 31
7 7
7 28
8 18
8 33
9 19
9 25
10 4
10 14
11 15
11 44
12 5
12 49
13 26
13 34
14 22
14 40
15 39
15 47
16 13
16 33
17 8
17 16
18 0
18 42
19 6
19 41
20 27
20 48
21 2
21 49
22 7
22 36
23 0
23 20
24 13
24 46
25 9
25 41
26 4
26 37
27 30
27 50
28 14
28 43
29 1
29 48
30 2
30 23
31 9
31 44
32 8
32 50
33 34
33 42
34 17
34 37
35 3
35 11
36 10
36 28
37 16
37 24
38 1
38 45
39 6
39 35
40 36
40 46
41 25
41 31
42 17
42 32
43 22
43 43
44 19
44 39
45 3
45 12
46 10
46 26
47 35
47 45
48 21
48 30
49 29
49 38
50 18
50 23

# solution 117
# n=51 sym=rct4 status=verified source=flammenkamp_cache/n51_rct4.mvr
# code=mvr:0 10 0 18 1 17 1 45 2 23 2 29 3 26 3 32 
0 10
0 18
1 17
1 45
2 23
2 29
3 26
3 32
4 4
4 7
5 1
5 10
6 20
6 36
7 36
7 46
8 20
8 22
9 19
9 39
10 45
10 50
11 9
11 38
12 11
12 15
13 19
13 26
14 6
14 7
15 28
15 38
16 25
16 33
17 16
17 49
18 3
18 50
19 37
19 41
20 42
20 44
21 2
21 27
22 15
22 42
23 21
23 48
24 3
24 13
25 16
25 34
26 37
26 47
27 2
27 29
28 8
28 35
29 23
29 48
30 6
30 8
31 9
31 13
32 0
32 47
33 1
33 34
34 17
34 25
35 12
35 22
36 43
36 44
37 24
37 31
38 35
38 39
39 12
39 41
40 0
40 5
41 11
41 31
42 28
42 30
43 4
43 14
44 14
44 30
45 40
45 49
46 43
46 46
47 18
47 24
48 21
48 27
49 5
49 33
50 32
50 40

# solution 118
# n=51 sym=rct4 status=verified source=flammenkamp_cache/n51_rct4.mvr
# code=mvr:0 0 0 12 1 26 1 29 2 16 2 19 3 28 3 34 4
0 0
0 12
1 26
1 29
2 16
2 19
3 28
3 34
4 25
4 36
5 12
5 29
6 41
6 42
7 23
7 41
8 6
8 11
9 6
9 7
10 22
10 36
11 35
11 42
12 45
12 50
13 18
13 26
14 4
14 10
15 11
15 20
16 3
16 48
17 23
17 32
18 17
18 37
19 30
19 48
20 19
20 35
21 1
21 5
22 3
22 40
23 33
23 43
24 1
24 13
25 4
25 46
26 37
26 49
27 7
27 17
28 10
28 47
29 45
29 49
30 15
30 31
31 2
31 20
32 13
32 33
33 18
33 27
34 2
34 47
35 30
35 39
36 40
36 46
37 24
37 32
38 0
38 5
39 8
39 15
40 14
40 28
41 43
41 44
42 39
42 44
43 9
43 27
44 8
44 9
45 21
45 38
46 14
46 25
47 16
47 22
48 31
48 34
49 21
49 24
50 38
50 50

# solution 119
# n=51 sym=rct4 status=verified source=flammenkamp_cache/n51_rct4.mvr
# code=mvr:0 27 0 38 1 19 1 35 2 16 2 20 3 24 3 28 
0 27
0 38
1 19
1 35
2 16
2 20
3 24
3 28
4 8
4 41
5 11
5 34
6 23
6 43
7 6
7 15
8 33
8 46
9 4
9 14
10 10
10 14
11 30
11 45
12 0
12 18
13 21
13 26
14 40
14 41
15 1
15 43
16 5
16 48
17 8
17 32
18 17
18 38
19 29
19 49
20 11
20 48
21 19
21 37
22 3
22 25
23 0
23 44
24 13
24 47
25 22
25 28
26 3
26 37
27 6
27 50
28 25
28 47
29 13
29 31
30 2
30 39
31 1
31 21
32 12
32 33
33 18
33 42
34 2
34 45
35 7
35 49
36 9
36 10
37 24
37 29
38 32
38 50
39 5
39 20
40 36
40 40
41 36
41 46
42 4
42 17
43 35
43 44
44 7
44 27
45 16
45 39
46 9
46 42
47 22
47 26
48 30
48 34
49 15
49 31
50 12
50 23

# solution 120
# n=51 sym=rct4 status=verified source=flammenkamp_cache/n51_rct4.mvr
# code=mvr:0 26 0 30 1 22 1 35 2 6 2 19 3 27 3 30 4
0 26
0 30
1 22
1 35
2 6
2 19
3 27
3 30
4 5
4 17
5 17
5 46
6 39
6 48
7 9
7 10
8 16
8 38
9 9
9 43
10 29
10 43
11 6
11 14
12 8
12 31
13 22
13 26
14 29
14 39
15 1
15 25
16 18
16 42
17 45
17 46
18 27
18 34
19 12
19 48
20 0
20 3
21 10
21 14
22 37
22 49
23 3
23 18
24 0
24 13
25 15
25 35
26 37
26 50
27 32
27 47
28 1
28 13
29 36
29 40
30 47
30 50
31 2
31 38
32 16
32 23
33 4
33 5
34 8
34 32
35 25
35 49
36 11
36 21
37 24
37 28
38 19
38 42
39 36
39 44
40 7
40 21
41 7
41 41
42 12
42 34
43 40
43 41
44 2
44 11
45 4
45 33
46 33
46 45
47 20
47 23
48 31
48 44
49 15
49 28
50 20
50 24

# solution 121
# n=51 sym=rct4 status=verified source=flammenkamp_cache/n51_rct4.mvr
# code=mvr:0 20 0 33 1 16 1 21 2 31 2 43 3 35 3 44 
0 20
0 33
1 16
1 21
2 31
2 43
3 35
3 44
4 28
4 35
5 11
5 14
6 3
6 18
7 2
7 16
8 21
8 24
9 9
9 33
10 12
10 36
11 25
11 45
12 28
12 40
13 18
13 26
14 10
14 45
15 3
15 4
16 43
16 49
17 0
17 9
18 37
18 44
19 2
19 27
20 27
20 50
21 42
21 49
22 4
22 12
23 19
23 20
24 13
24 42
25 11
25 39
26 8
26 37
27 30
27 31
28 38
28 46
29 1
29 8
30 0
30 23
31 23
31 48
32 6
32 13
33 41
33 50
34 1
34 7
35 46
35 47
36 5
36 40
37 24
37 32
38 10
38 22
39 5
39 25
40 14
40 38
41 17
41 41
42 26
42 29
43 34
43 48
44 32
44 47
45 36
45 39
46 15
46 22
47 6
47 15
48 7
48 19
49 29
49 34
50 17
50 30

# solution 122
# n=51 sym=rct4 status=verified source=flammenkamp_cache/n51_rct4.mvr
# code=mvr:0 14 0 40 1 9 1 20 2 23 2 29 3 3 3 23 4 
0 14
0 40
1 9
1 20
2 23
2 29
3 3
3 23
4 7
4 12
5 28
5 33
6 19
6 40
7 34
7 46
8 13
8 30
9 19
9 49
10 0
10 6
11 28
11 34
12 18
12 46
13 26
13 42
14 32
14 50
15 21
15 33
16 7
16 11
17 5
17 15
18 14
18 38
19 41
19 44
20 8
20 49
21 2
21 35
22 5
22 11
23 47
23 48
24 13
24 25
25 24
25 26
26 25
26 37
27 2
27 3
28 39
28 45
29 15
29 48
30 1
30 42
31 6
31 9
32 12
32 36
33 35
33 45
34 39
34 43
35 17
35 29
36 0
36 18
37 8
37 24
38 4
38 32
39 16
39 22
40 44
40 50
41 1
41 31
42 20
42 37
43 4
43 16
44 10
44 31
45 17
45 22
46 38
46 43
47 27
47 47
48 21
48 27
49 30
49 41
50 10
50 36

# solution 123
# n=51 sym=rct4 status=verified source=flammenkamp_cache/n51_rct4.mvr
# code=mvr:0 9 0 31 1 19 1 24 2 20 2 44 3 18 3 36 4
0 9
0 31
1 19
1 24
2 20
2 44
3 18
3 36
4 27
4 29
5 25
5 39
6 2
6 18
7 15
7 40
8 16
8 20
9 11
9 50
10 7
10 23
11 5
11 41
12 33
12 34
13 26
13 28
14 3
14 15
15 36
15 43
16 12
16 42
17 12
17 17
18 44
18 47
19 0
19 49
20 42
20 48
21 4
21 28
22 13
22 21
23 4
23 40
24 13
24 49
25 5
25 45
26 1
26 37
27 10
27 46
28 29
28 37
29 22
29 46
30 2
30 8
31 1
31 50
32 3
32 6
33 33
33 38
34 8
34 38
35 7
35 14
36 35
36 47
37 22
37 24
38 16
38 17
39 9
39 45
40 27
40 43
41 0
41 39
42 30
42 34
43 10
43 35
44 32
44 48
45 11
45 25
46 21
46 23
47 14
47 32
48 6
48 30
49 26
49 31
50 19
50 41

# solution 124
# n=51 sym=rct4 status=verified source=flammenkamp_cache/n51_rct4.mvr
# code=mvr:0 30 0 39 1 26 1 45 2 16 2 36 3 19 3 21 
0 30
0 39
1 26
1 45
2 16
2 36
3 19
3 21
4 13
4 41
5 1
5 36
6 27
6 29
7 7
7 17
8 11
8 38
9 4
9 19
10 12
10 34
11 0
11 42
12 8
12 40
13 26
13 46
14 2
14 5
15 18
15 28
16 10
16 48
17 25
17 43
18 20
18 35
19 41
19 47
20 0
20 32
21 6
21 47
22 15
22 23
23 6
23 28
24 1
24 13
25 17
25 33
26 37
26 49
27 22
27 44
28 27
28 35
29 3
29 44
30 18
30 50
31 3
31 9
32 15
32 30
33 7
33 25
34 2
34 40
35 22
35 32
36 45
36 48
37 4
37 24
38 10
38 42
39 8
39 50
40 16
40 38
41 31
41 46
42 12
42 39
43 33
43 43
44 21
44 23
45 14
45 49
46 9
46 37
47 29
47 31
48 14
48 34
49 5
49 24
50 11
50 20

# solution 125
# n=51 sym=rct4 status=verified source=flammenkamp_cache/n51_rct4.mvr
# code=mvr:0 21 0 27 1 1 1 34 2 32 2 39 3 12 3 22 4
0 21
0 27
1 1
1 34
2 32
2 39
3 12
3 22
4 22
4 30
5 8
5 19
6 13
6 27
7 14
7 19
8 30
8 45
9 36
9 40
10 9
10 12
11 2
11 33
12 40
12 47
13 33
13 44
14 9
14 43
15 25
15 34
16 1
16 15
17 11
17 13
18 2
18 26
19 43
19 45
20 4
20 8
21 26
21 50
22 46
22 47
23 0
23 6
24 18
24 21
25 15
25 35
26 29
26 32
27 44
27 50
28 3
28 4
29 0
29 24
30 42
30 46
31 5
31 7
32 24
32 48
33 37
33 39
34 35
34 49
35 16
35 25
36 7
36 41
37 6
37 17
38 3
38 10
39 17
39 48
40 38
40 41
41 10
41 14
42 5
42 20
43 31
43 36
44 23
44 37
45 31
45 42
46 20
46 28
47 28
47 38
48 11
48 18
49 16
49 49
50 23
50 29

# solution 126
# n=51 sym=rct4 status=verified source=flammenkamp_cache/n51_rct4.mvr
# code=mvr:0 13 0 20 1 11 1 23 2 25 2 41 3 20 3 32 
0 13
0 20
1 11
1 23
2 25
2 41
3 20
3 32
4 35
4 38
5 19
5 23
6 13
6 14
7 19
7 34
8 8
8 14
9 2
9 26
10 11
10 12
11 40
11 49
12 4
12 40
13 44
13 50
14 42
14 44
15 4
15 16
16 7
16 35
17 21
17 22
18 3
18 22
19 43
19 45
20 47
20 50
21 26
21 33
22 32
22 33
23 45
23 49
24 9
24 21
25 2
25 48
26 29
26 41
27 1
27 5
28 17
28 18
29 17
29 24
30 0
30 3
31 5
31 7
32 28
32 47
33 28
33 29
34 15
34 43
35 34
35 46
36 6
36 8
37 0
37 6
38 10
38 46
39 1
39 10
40 38
40 39
41 24
41 48
42 36
42 42
43 16
43 31
44 36
44 37
45 27
45 31
46 12
46 15
47 18
47 30
48 9
48 25
49 27
49 39
50 30
50 37

# solution 127
# n=51 sym=rct4 status=verified source=flammenkamp_cache/n51_rct4.mvr
# code=mvr:0 0 0 20 1 12 1 24 2 17 2 22 3 38 3 39 4
0 0
0 20
1 12
1 24
2 17
2 22
3 38
3 39
4 19
4 28
5 6
5 8
6 33
6 45
7 35
7 41
8 14
8 45
9 7
9 25
10 23
10 31
11 3
11 18
12 3
12 49
13 15
13 23
14 18
14 42
15 7
15 37
16 20
16 29
17 6
17 48
18 36
18 39
19 10
19 46
20 34
20 50
21 16
21 26
22 4
22 48
23 37
23 40
24 21
24 49
25 9
25 41
26 1
26 29
27 10
27 13
28 2
28 46
29 24
29 34
30 0
30 16
31 4
31 40
32 11
32 14
33 2
33 44
34 21
34 30
35 13
35 43
36 8
36 32
37 27
37 35
38 1
38 47
39 32
39 47
40 19
40 27
41 25
41 43
42 5
42 36
43 9
43 15
44 5
44 17
45 42
45 44
46 22
46 31
47 11
47 12
48 28
48 33
49 26
49 38
50 30
50 50

# solution 128
# n=51 sym=rct4 status=verified source=flammenkamp_cache/n51_rct4.mvr
# code=mvr:0 27 0 31 1 22 1 32 2 20 2 38 3 7 3 23 4
0 27
0 31
1 22
1 32
2 20
2 38
3 7
3 23
4 14
4 44
5 37
5 38
6 4
6 7
7 44
7 47
8 26
8 34
9 28
9 34
10 10
10 19
11 17
11 25
12 2
12 5
13 5
13 15
14 20
14 46
15 32
15 37
16 8
16 9
17 21
17 39
18 1
18 15
19 0
19 40
20 36
20 48
21 26
21 33
22 9
22 49
23 0
23 47
24 8
24 21
25 11
25 39
26 29
26 42
27 3
27 50
28 1
28 41
29 17
29 24
30 2
30 14
31 10
31 50
32 35
32 49
33 11
33 29
34 41
34 42
35 13
35 18
36 4
36 30
37 35
37 45
38 45
38 48
39 25
39 33
40 31
40 40
41 16
41 22
42 16
42 24
43 3
43 6
44 43
44 46
45 12
45 13
46 6
46 36
47 27
47 43
48 12
48 30
49 18
49 28
50 19
50 23

# solution 129
# n=51 sym=rct4 status=verified source=flammenkamp_cache/n51_rct4.mvr
# code=mvr:0 36 0 37 1 25 1 38 2 27 2 34 3 11 3 13 
0 36
0 37
1 25
1 38
2 27
2 34
3 11
3 13
4 14
4 30
5 5
5 7
6 15
6 29
7 42
7 45
8 7
8 38
9 22
9 35
10 19
10 33
11 23
11 47
12 1
12 8
13 0
13 47
14 0
14 46
15 9
15 44
16 2
16 19
17 10
17 22
18 26
18 30
19 34
19 40
20 4
20 18
21 6
21 26
22 33
22 41
23 2
23 39
24 18
24 21
25 1
25 49
26 29
26 32
27 11
27 48
28 9
28 17
29 24
29 44
30 32
30 46
31 10
31 16
32 20
32 24
33 28
33 40
34 31
34 48
35 6
35 41
36 4
36 50
37 3
37 50
38 42
38 49
39 3
39 27
40 17
40 31
41 15
41 28
42 12
42 43
43 5
43 8
44 21
44 35
45 43
45 45
46 20
46 36
47 37
47 39
48 16
48 23
49 12
49 25
50 13
50 14

# solution 130
# n=51 sym=rct4 status=verified source=flammenkamp_cache/n51_rct4.mvr
# code=mvr:0 20 0 27 1 1 1 21 2 18 2 38 3 14 3 44 4
0 20
0 27
1 1
1 21
2 18
2 38
3 14
3 44
4 28
4 33
5 19
5 32
6 3
6 27
7 14
7 39
8 24
8 40
9 31
9 35
10 8
10 17
11 7
11 22
12 2
12 37
13 12
13 35
14 43
14 47
15 9
15 13
16 20
16 25
17 4
17 40
18 5
18 48
19 9
19 45
20 34
20 50
21 26
21 49
22 4
22 39
23 0
23 6
24 21
24 42
25 16
25 34
26 8
26 29
27 44
27 50
28 11
28 46
29 1
29 24
30 0
30 16
31 5
31 41
32 2
32 45
33 10
33 46
34 25
34 30
35 37
35 41
36 3
36 7
37 15
37 38
38 13
38 48
39 28
39 43
40 33
40 42
41 15
41 19
42 10
42 26
43 11
43 36
44 23
44 47
45 18
45 31
46 17
46 22
47 6
47 36
48 12
48 32
49 29
49 49
50 23
50 30

# solution 131
# n=51 sym=rct4 status=verified source=flammenkamp_cache/n51_rct4.mvr
# code=mvr:0 19 0 25 1 27 1 30 2 12 2 34 3 16 3 36 
0 19
0 25
1 27
1 30
2 12
2 34
3 16
3 36
4 4
4 24
5 17
5 37
6 8
6 18
7 28
7 40
8 13
8 44
9 30
9 32
10 7
10 23
11 15
11 35
12 28
12 48
13 5
13 42
14 3
14 21
15 11
15 39
16 2
16 47
17 31
17 45
18 9
18 44
19 17
19 50
20 1
20 9
21 26
21 36
22 7
22 12
23 1
23 40
24 21
24 46
25 0
25 50
26 4
26 29
27 10
27 49
28 38
28 43
29 14
29 24
30 41
30 49
31 0
31 33
32 6
32 41
33 5
33 19
34 3
34 48
35 11
35 39
36 29
36 47
37 8
37 45
38 2
38 22
39 15
39 35
40 27
40 43
41 18
41 20
42 6
42 37
43 10
43 22
44 32
44 42
45 13
45 33
46 26
46 46
47 14
47 34
48 16
48 38
49 20
49 23
50 25
50 31

# solution 132
# n=51 sym=rct4 status=verified source=flammenkamp_cache/n51_rct4.mvr
# code=mvr:0 28 0 34 1 10 1 30 2 17 2 23 3 23 3 30 
0 28
0 34
1 10
1 30
2 17
2 23
3 23
3 30
4 13
4 35
5 5
5 15
6 7
6 42
7 22
7 44
8 6
8 19
9 37
9 38
10 17
10 49
11 25
11 31
12 9
12 14
13 9
13 46
14 32
14 38
15 4
15 45
16 0
16 29
17 40
17 48
18 14
18 24
19 11
19 42
20 1
20 3
21 16
21 26
22 0
22 43
23 47
23 48
24 21
24 32
25 11
25 39
26 18
26 29
27 2
27 3
28 7
28 50
29 24
29 34
30 47
30 49
31 8
31 39
32 26
32 36
33 2
33 10
34 21
34 50
35 5
35 46
36 12
36 18
37 4
37 41
38 36
38 41
39 19
39 25
40 1
40 33
41 12
41 13
42 31
42 44
43 6
43 28
44 8
44 43
45 35
45 45
46 15
46 37
47 20
47 27
48 27
48 33
49 20
49 40
50 16
50 22

# solution 133
# n=51 sym=rct4 status=verified source=flammenkamp_cache/n51_rct4.mvr
# code=mvr:0 14 0 32 1 1 1 22 2 8 2 35 3 16 3 22 4 
0 14
0 32
1 1
1 22
2 8
2 35
3 16
3 22
4 30
4 32
5 17
5 21
6 27
6 35
7 9
7 13
8 33
8 48
9 39
9 43
10 14
10 25
11 9
11 38
12 11
12 19
13 30
13 43
14 40
14 50
15 2
15 6
16 26
16 47
17 8
17 45
18 0
18 4
19 23
19 38
20 4
20 13
21 26
21 45
22 47
22 49
23 6
23 31
24 16
24 21
25 10
25 40
26 29
26 34
27 19
27 44
28 1
28 3
29 5
29 24
30 37
30 46
31 12
31 27
32 46
32 50
33 5
33 42
34 3
34 24
35 44
35 48
36 0
36 10
37 7
37 20
38 31
38 39
39 12
39 41
40 25
40 36
41 7
41 11
42 2
42 17
43 37
43 41
44 15
44 23
45 29
45 33
46 18
46 20
47 28
47 34
48 15
48 42
49 28
49 49
50 18
50 36

# solution 134
# n=51 sym=rct4 status=verified source=flammenkamp_cache/n51_rct4.mvr
# code=mvr:0 22 0 27 1 27 1 34 2 19 2 42 3 21 3 43 
0 22
0 27
1 27
1 34
2 19
2 42
3 21
3 43
4 4
4 37
5 26
5 37
6 10
6 38
7 3
7 18
8 2
8 17
9 17
9 20
10 39
10 44
11 10
11 38
12 6
12 11
13 4
13 5
14 16
14 31
15 22
15 25
16 1
16 36
17 41
17 42
18 20
18 43
19 14
19 48
20 32
20 41
21 26
21 47
22 35
22 50
23 0
23 1
24 5
24 21
25 15
25 35
26 29
26 45
27 49
27 50
28 0
28 15
29 3
29 24
30 9
30 18
31 2
31 36
32 7
32 30
33 8
33 9
34 14
34 49
35 25
35 28
36 19
36 34
37 45
37 46
38 39
38 44
39 12
39 40
40 6
40 11
41 30
41 33
42 33
42 48
43 32
43 47
44 12
44 40
45 13
45 24
46 13
46 46
47 7
47 29
48 8
48 31
49 16
49 23
50 23
50 28

# solution 135
# n=51 sym=rct4 status=verified source=flammenkamp_cache/n51_rct4.mvr
# code=mvr:0 27 0 31 1 20 1 39 2 23 2 34 3 14 3 40 
0 27
0 31
1 20
1 39
2 23
2 34
3 14
3 40
4 13
4 21
5 7
5 10
6 12
6 28
7 35
7 45
8 19
8 32
9 26
9 33
10 3
10 45
11 1
11 11
12 16
12 44
13 25
13 46
14 20
14 47
15 7
15 28
16 2
16 38
17 9
17 18
18 8
18 33
19 0
19 42
20 36
20 49
21 26
21 46
22 6
22 15
23 0
23 48
24 9
24 21
25 13
25 37
26 29
26 41
27 2
27 50
28 35
28 44
29 4
29 24
30 1
30 14
31 8
31 50
32 17
32 42
33 32
33 41
34 12
34 48
35 22
35 43
36 3
36 30
37 4
37 25
38 6
38 34
39 39
39 49
40 5
40 47
41 17
41 24
42 18
42 31
43 5
43 15
44 22
44 38
45 40
45 43
46 29
46 37
47 10
47 36
48 16
48 27
49 11
49 30
50 19
50 23

# solution 136
# n=51 sym=rct4 status=verified source=flammenkamp_cache/n51_rct4.mvr
# code=mvr:0 19 0 39 1 26 1 30 2 22 2 23 3 10 3 30 
0 19
0 39
1 26
1 30
2 22
2 23
3 10
3 30
4 13
4 35
5 5
5 23
6 38
6 42
7 9
7 21
8 6
8 16
9 38
9 43
10 16
10 47
11 0
11 35
12 6
12 9
13 25
13 46
14 22
14 31
15 4
15 11
16 40
16 42
17 18
17 32
18 17
18 33
19 14
19 50
20 1
20 3
21 26
21 43
22 36
22 48
23 45
23 48
24 1
24 21
25 13
25 37
26 29
26 49
27 2
27 5
28 2
28 14
29 7
29 24
30 47
30 49
31 0
31 36
32 17
32 33
33 18
33 32
34 8
34 10
35 39
35 46
36 19
36 28
37 4
37 25
38 41
38 44
39 15
39 50
40 3
40 34
41 7
41 12
42 34
42 44
43 29
43 41
44 8
44 12
45 27
45 45
46 15
46 37
47 20
47 40
48 27
48 28
49 20
49 24
50 11
50 31

# solution 137
# n=51 sym=rct4 status=verified source=flammenkamp_cache/n51_rct4.mvr
# code=mvr:0 30 0 38 1 23 1 36 2 23 2 29 3 17 3 41 
0 30
0 38
1 23
1 36
2 23
2 29
3 17
3 41
4 12
4 22
5 10
5 39
6 31
6 35
7 7
7 22
8 16
8 24
9 3
9 40
10 9
10 45
11 5
11 35
12 0
12 46
13 17
13 36
14 1
14 13
15 6
15 11
16 31
16 42
17 37
17 47
18 20
18 25
19 6
19 16
20 0
20 32
21 2
21 26
22 43
22 46
23 48
23 49
24 21
24 42
25 18
25 32
26 8
26 29
27 1
27 2
28 4
28 7
29 24
29 48
30 18
30 50
31 34
31 44
32 25
32 30
33 3
33 13
34 8
34 19
35 39
35 44
36 37
36 49
37 14
37 33
38 4
38 50
39 15
39 45
40 5
40 41
41 10
41 47
42 26
42 34
43 28
43 43
44 15
44 19
45 11
45 40
46 28
46 38
47 9
47 33
48 21
48 27
49 14
49 27
50 12
50 20

# solution 138
# n=51 sym=rct4 status=verified source=flammenkamp_cache/n51_rct4.mvr
# code=mvr:0 28 0 38 1 15 1 20 2 23 2 39 3 6 3 32 4
0 28
0 38
1 15
1 20
2 23
2 39
3 6
3 32
4 4
4 15
5 9
5 25
6 40
6 47
7 8
7 20
8 31
8 43
9 34
9 45
10 6
10 24
11 2
11 21
12 0
12 33
13 22
13 31
14 17
14 26
15 46
15 49
16 9
16 18
17 12
17 36
18 3
18 34
19 8
19 13
20 43
20 49
21 23
21 39
22 0
22 37
23 29
23 48
24 14
24 40
25 5
25 45
26 10
26 36
27 2
27 21
28 13
28 50
29 11
29 27
30 1
30 7
31 37
31 42
32 16
32 47
33 14
33 38
34 32
34 41
35 1
35 4
36 24
36 33
37 19
37 28
38 17
38 50
39 29
39 48
40 26
40 44
41 5
41 16
42 7
42 19
43 30
43 42
44 3
44 10
45 25
45 41
46 35
46 46
47 18
47 44
48 11
48 27
49 30
49 35
50 12
50 22

# solution 139
# n=51 sym=rct4 status=verified source=flammenkamp_cache/n51_rct4.mvr
# code=mvr:0 9 0 28 1 20 1 45 2 18 2 33 3 29 3 39 4
0 9
0 28
1 20
1 45
2 18
2 33
3 29
3 39
4 11
4 13
5 1
5 9
6 20
6 34
7 29
7 32
8 19
8 26
9 45
9 50
10 10
10 27
11 3
11 46
12 36
12 37
13 12
13 46
14 12
14 26
15 23
15 28
16 6
16 33
17 2
17 16
18 7
18 48
19 25
19 42
20 44
20 49
21 3
21 7
22 0
22 15
23 10
23 35
24 8
24 14
25 19
25 31
26 36
26 42
27 15
27 40
28 35
28 50
29 43
29 47
30 1
30 6
31 8
31 25
32 2
32 43
33 34
33 48
34 17
34 44
35 22
35 27
36 24
36 38
37 4
37 38
38 13
38 14
39 4
39 47
40 23
40 40
41 0
41 5
42 24
42 31
43 18
43 21
44 16
44 30
45 41
45 49
46 37
46 39
47 11
47 21
48 17
48 32
49 5
49 30
50 22
50 41

# solution 140
# n=51 sym=rct4 status=verified source=flammenkamp_cache/n51_rct4.mvr
# code=mvr:0 16 0 24 1 28 1 32 2 15 2 21 3 17 3 23 
0 16
0 24
1 28
1 32
2 15
2 21
3 17
3 23
4 8
4 9
5 8
5 36
6 6
6 34
7 18
7 28
8 45
8 46
9 13
9 46
10 15
10 39
11 10
11 37
12 27
12 30
13 11
13 41
14 5
14 26
15 40
15 48
16 6
16 50
17 31
17 47
18 1
18 43
19 17
19 25
20 12
20 21
21 30
21 48
22 1
22 7
23 12
23 47
24 14
24 50
25 19
25 31
26 0
26 36
27 3
27 38
28 43
28 49
29 2
29 20
30 29
30 38
31 25
31 33
32 7
32 49
33 3
33 19
34 0
34 44
35 2
35 10
36 24
36 45
37 9
37 39
38 20
38 23
39 13
39 40
40 11
40 35
41 4
41 37
42 4
42 5
43 22
43 32
44 16
44 44
45 14
45 42
46 41
46 42
47 27
47 33
48 29
48 35
49 18
49 22
50 26
50 34

# solution 141
# n=51 sym=rct4 status=verified source=flammenkamp_cache/n51_rct4.mvr
# code=mvr:0 15 0 30 1 29 1 30 2 34 2 38 3 12 3 33 
0 15
0 30
1 29
1 30
2 34
2 38
3 12
3 33
4 22
4 25
5 18
5 27
6 37
6 43
7 6
7 9
8 10
8 15
9 10
9 43
10 41
10 42
11 26
11 34
12 2
12 47
13 6
13 32
14 14
14 26
15 42
15 50
16 2
16 11
17 3
17 29
18 13
18 45
19 22
19 27
20 0
20 1
21 1
21 17
22 31
22 46
23 5
23 19
24 11
24 14
25 4
25 46
26 36
26 39
27 31
27 45
28 4
28 19
29 33
29 49
30 49
30 50
31 23
31 28
32 5
32 37
33 21
33 47
34 39
34 48
35 0
35 8
36 24
36 36
37 18
37 44
38 3
38 48
39 16
39 24
40 8
40 9
41 7
41 40
42 35
42 40
43 41
43 44
44 7
44 13
45 23
45 32
46 25
46 28
47 17
47 38
48 12
48 16
49 20
49 21
50 20
50 35

# solution 142
# n=51 sym=rct4 status=verified source=flammenkamp_cache/n51_rct4.mvr
# code=mvr:0 21 0 33 1 25 1 29 2 6 2 33 3 11 3 43 4
0 21
0 33
1 25
1 29
2 6
2 33
3 11
3 43
4 13
4 36
5 27
5 39
6 27
6 48
7 3
7 30
8 10
8 19
9 16
9 28
10 15
10 42
11 5
11 47
12 26
12 32
13 22
13 46
14 4
14 26
15 16
15 40
16 35
16 41
17 0
17 2
18 12
18 18
19 30
19 42
20 7
20 19
21 1
21 50
22 9
22 37
23 5
23 6
24 12
24 14
25 1
25 49
26 36
26 38
27 44
27 45
28 13
28 41
29 0
29 49
30 31
30 43
31 8
31 20
32 32
32 38
33 48
33 50
34 9
34 15
35 10
35 34
36 24
36 46
37 4
37 28
38 18
38 24
39 3
39 45
40 8
40 35
41 22
41 34
42 31
42 40
43 20
43 47
44 2
44 23
45 11
45 23
46 14
46 37
47 7
47 39
48 17
48 44
49 21
49 25
50 17
50 29

# solution 143
# n=51 sym=rct4 status=verified source=flammenkamp_cache/n51_rct4.mvr
# code=mvr:0 16 0 22 1 9 1 10 2 29 2 33 3 33 3 34 4
0 16
0 22
1 9
1 10
2 29
2 33
3 33
3 34
4 13
4 20
5 12
5 26
6 23
6 31
7 41
7 42
8 7
8 35
9 7
9 49
10 28
10 49
11 11
11 19
12 37
12 45
13 12
13 46
14 18
14 26
15 8
15 32
16 3
16 50
17 2
17 3
18 15
18 36
19 6
19 39
20 25
20 46
21 2
21 23
22 10
22 50
23 29
23 44
24 5
24 14
25 20
25 30
26 36
26 45
27 6
27 21
28 0
28 40
29 27
29 48
30 4
30 25
31 11
31 44
32 14
32 35
33 47
33 48
34 0
34 47
35 18
35 42
36 24
36 32
37 4
37 38
38 5
38 13
39 31
39 39
40 1
40 22
41 1
41 43
42 15
42 43
43 8
43 9
44 19
44 27
45 24
45 38
46 30
46 37
47 16
47 17
48 17
48 21
49 40
49 41
50 28
50 34

# solution 144
# n=51 sym=rct4 status=verified source=flammenkamp_cache/n51_rct4.mvr
# code=mvr:0 24 0 35 1 20 1 27 2 14 2 34 3 17 3 30 
0 24
0 35
1 20
1 27
2 14
2 34
3 17
3 30
4 28
4 41
5 9
5 18
6 34
6 40
7 7
7 42
8 7
8 19
9 4
9 45
10 6
10 11
11 19
11 40
12 17
12 35
13 28
13 29
14 26
14 48
15 0
15 12
16 2
16 6
17 38
17 47
18 25
18 45
19 39
19 42
20 3
20 49
21 13
21 23
22 4
22 13
23 1
23 29
24 14
24 50
25 18
25 32
26 0
26 36
27 21
27 49
28 37
28 46
29 27
29 37
30 1
30 47
31 8
31 11
32 5
32 25
33 3
33 12
34 44
34 48
35 38
35 50
36 2
36 24
37 21
37 22
38 15
38 33
39 10
39 31
40 39
40 44
41 5
41 46
42 31
42 43
43 8
43 43
44 10
44 16
45 32
45 41
46 9
46 22
47 20
47 33
48 16
48 36
49 23
49 30
50 15
50 26

# solution 145
# n=51 sym=rct4 status=verified source=flammenkamp_cache/n51_rct4.mvr
# code=mvr:0 9 0 29 1 17 1 23 2 22 2 30 3 28 3 34 4
0 9
0 29
1 17
1 23
2 22
2 30
3 28
3 34
4 13
4 27
5 10
5 16
6 11
6 37
7 7
7 18
8 29
8 36
9 39
9 50
10 25
10 45
11 9
11 44
12 24
12 30
13 6
13 46
14 8
14 26
15 18
15 19
16 3
16 45
17 31
17 49
18 35
18 43
19 17
19 35
20 2
20 12
21 0
21 8
22 3
22 48
23 4
23 49
24 14
24 38
25 10
25 40
26 12
26 36
27 1
27 46
28 2
28 47
29 42
29 50
30 38
30 48
31 15
31 33
32 7
32 15
33 1
33 19
34 5
34 47
35 31
35 32
36 24
36 42
37 4
37 44
38 20
38 26
39 6
39 41
40 5
40 25
41 0
41 11
42 14
42 21
43 32
43 43
44 13
44 39
45 34
45 40
46 23
46 37
47 16
47 22
48 20
48 28
49 27
49 33
50 21
50 41

# solution 146
# n=51 sym=rct4 status=verified source=flammenkamp_cache/n51_rct4.mvr
# code=mvr:0 20 0 31 1 23 1 27 2 2 2 21 3 34 3 37 4
0 20
0 31
1 23
1 27
2 2
2 21
3 34
3 37
4 12
4 41
5 29
5 33
6 9
6 24
7 20
7 28
8 15
8 25
9 4
9 44
10 33
10 39
11 10
11 15
12 37
12 46
13 3
13 12
14 18
14 26
15 39
15 42
16 3
16 32
17 5
17 10
18 16
18 36
19 0
19 28
20 43
20 50
21 5
21 48
22 7
22 19
23 1
23 49
24 14
24 44
25 8
25 42
26 6
26 36
27 1
27 49
28 31
28 43
29 2
29 45
30 0
30 7
31 22
31 50
32 14
32 34
33 40
33 45
34 18
34 47
35 8
35 11
36 24
36 32
37 38
37 47
38 4
38 13
39 35
39 40
40 11
40 17
41 6
41 46
42 25
42 35
43 22
43 30
44 26
44 41
45 17
45 21
46 9
46 38
47 13
47 16
48 29
48 48
49 23
49 27
50 19
50 30

# solution 147
# n=51 sym=rct4 status=verified source=flammenkamp_cache/n51_rct4.mvr
# code=mvr:0 30 0 37 1 22 1 29 2 2 2 18 3 22 3 29 4
0 30
0 37
1 22
1 29
2 2
2 18
3 22
3 29
4 33
4 36
5 23
5 24
6 37
6 42
7 10
7 41
8 6
8 9
9 7
9 42
10 17
10 43
11 34
11 38
12 11
12 27
13 0
13 6
14 4
14 26
15 31
15 32
16 11
16 20
17 4
17 40
18 15
18 48
19 15
19 25
20 0
20 34
21 1
21 3
22 47
22 49
23 12
23 45
24 14
24 45
25 19
25 31
26 5
26 36
27 5
27 38
28 1
28 3
29 47
29 49
30 16
30 50
31 25
31 35
32 2
32 35
33 10
33 46
34 30
34 39
35 18
35 19
36 24
36 46
37 44
37 50
38 23
38 39
39 12
39 16
40 7
40 33
41 8
41 43
42 41
42 44
43 9
43 40
44 8
44 13
45 26
45 27
46 14
46 17
47 21
47 28
48 32
48 48
49 21
49 28
50 13
50 20

# solution 148
# n=51 sym=rct4 status=verified source=flammenkamp_cache/n51_rct4.mvr
# code=mvr:0 30 0 38 1 23 1 25 2 9 2 17 3 14 3 29 4
0 30
0 38
1 23
1 25
2 9
2 17
3 14
3 29
4 29
4 37
5 26
5 32
6 16
6 17
7 9
7 30
8 8
8 22
9 43
9 48
10 38
10 39
11 10
11 32
12 0
12 10
13 4
13 22
14 26
14 47
15 16
15 31
16 35
16 44
17 44
17 48
18 5
18 11
19 15
19 27
20 0
20 7
21 3
21 4
22 37
22 42
23 19
23 49
24 5
24 14
25 1
25 49
26 36
26 45
27 1
27 31
28 8
28 13
29 46
29 47
30 43
30 50
31 23
31 35
32 39
32 45
33 2
33 6
34 6
34 15
35 19
35 34
36 3
36 24
37 28
37 46
38 40
38 50
39 18
39 40
40 11
40 12
41 2
41 7
42 28
42 42
43 20
43 41
44 33
44 34
45 18
45 24
46 13
46 21
47 21
47 36
48 33
48 41
49 25
49 27
50 12
50 20

# solution 149
# n=51 sym=rct4 status=verified source=flammenkamp_cache/n51_rct4.mvr
# code=mvr:0 15 0 37 1 25 1 29 2 19 2 22 3 33 3 41 
0 15
0 37
1 25
1 29
2 19
2 22
3 33
3 41
4 27
4 34
5 36
5 42
6 8
6 12
7 15
7 17
8 5
8 44
9 3
9 20
10 29
10 37
11 32
11 34
12 20
12 44
13 0
13 10
14 5
14 26
15 43
15 50
16 4
16 11
17 3
17 43
18 11
18 31
19 18
19 48
20 38
20 41
21 1
21 10
22 23
22 48
23 4
23 28
24 14
24 24
25 1
25 49
26 26
26 36
27 22
27 46
28 2
28 27
29 40
29 49
30 9
30 12
31 2
31 32
32 19
32 39
33 7
33 47
34 39
34 46
35 0
35 7
36 24
36 45
37 40
37 50
38 6
38 30
39 16
39 18
40 13
40 21
41 30
41 47
42 6
42 45
43 33
43 35
44 38
44 42
45 8
45 14
46 16
46 23
47 9
47 17
48 28
48 31
49 21
49 25
50 13
50 35

# solution 150
# n=51 sym=rct4 status=verified source=flammenkamp_cache/n51_rct4.mvr
# code=mvr:0 21 0 33 1 14 1 16 2 10 2 33 3 19 3 43 
0 21
0 33
1 14
1 16
2 10
2 33
3 19
3 43
4 12
4 26
5 10
5 28
6 15
6 38
7 3
7 39
8 20
8 32
9 27
9 35
10 45
10 48
11 7
11 37
12 6
12 46
13 11
13 13
14 26
14 49
15 9
15 44
16 27
16 49
17 0
17 2
18 8
18 19
19 32
19 47
20 21
20 42
21 30
21 50
22 5
22 25
23 9
23 16
24 4
24 14
25 22
25 28
26 36
26 46
27 34
27 41
28 25
28 45
29 0
29 20
30 8
30 29
31 3
31 18
32 31
32 42
33 48
33 50
34 1
34 23
35 6
35 41
36 1
36 24
37 37
37 39
38 4
38 44
39 13
39 43
40 2
40 5
41 15
41 23
42 18
42 30
43 11
43 47
44 12
44 35
45 22
45 40
46 24
46 38
47 7
47 31
48 17
48 40
49 34
49 36
50 17
50 29

# solution 151
# n=51 sym=rct4 status=verified source=flammenkamp_cache/n51_rct4.mvr
# code=mvr:0 27 0 30 1 19 1 23 2 33 2 42 3 12 3 42 
0 27
0 30
1 19
1 23
2 33
2 42
3 12
3 42
4 25
4 33
5 37
5 39
6 19
6 28
7 9
7 18
8 2
8 3
9 18
9 43
10 12
10 13
11 5
11 35
12 40
12 47
13 5
13 40
14 21
14 26
15 11
15 15
16 26
16 30
17 2
17 4
18 41
18 43
19 44
19 49
20 0
20 16
21 28
21 36
22 6
22 21
23 0
23 49
24 14
24 16
25 4
25 46
26 34
26 36
27 1
27 50
28 29
28 44
29 14
29 22
30 34
30 50
31 1
31 6
32 7
32 9
33 46
33 48
34 20
34 24
35 35
35 39
36 24
36 29
37 10
37 45
38 3
38 10
39 15
39 45
40 37
40 38
41 7
41 32
42 47
42 48
43 32
43 41
44 22
44 31
45 11
45 13
46 17
46 25
47 8
47 38
48 8
48 17
49 27
49 31
50 20
50 23

# solution 152
# n=51 sym=rct4 status=verified source=flammenkamp_cache/n51_rct4.mvr
# code=mvr:0 27 0 29 1 10 1 12 2 7 2 28 3 25 3 33 4
0 27
0 29
1 10
1 12
2 7
2 28
3 25
3 33
4 14
4 33
5 20
5 26
6 12
6 13
7 31
7 48
8 11
8 23
9 13
9 18
10 28
10 49
11 11
11 42
12 44
12 49
13 41
13 44
14 16
14 46
15 18
15 29
16 26
16 36
17 3
17 4
18 35
18 41
19 7
19 20
20 31
20 45
21 0
21 15
22 2
22 10
23 0
23 42
24 5
24 16
25 3
25 47
26 34
26 45
27 8
27 50
28 40
28 48
29 35
29 50
30 5
30 19
31 30
31 43
32 9
32 15
33 46
33 47
34 14
34 24
35 21
35 32
36 4
36 34
37 6
37 9
38 1
38 6
39 8
39 39
40 1
40 22
41 32
41 37
42 27
42 39
43 2
43 19
44 37
44 38
45 24
45 30
46 17
46 36
47 17
47 25
48 22
48 43
49 38
49 40
50 21
50 23

# solution 153
# n=51 sym=rct4 status=verified source=flammenkamp_cache/n51_rct4.mvr
# code=mvr:0 27 0 29 1 10 1 12 2 7 2 28 3 25 3 33 4
0 27
0 29
1 10
1 12
2 7
2 28
3 25
3 33
4 14
4 33
5 20
5 26
6 12
6 13
7 31
7 48
8 11
8 23
9 18
9 37
10 28
10 49
11 11
11 42
12 44
12 49
13 9
13 44
14 16
14 46
15 18
15 29
16 26
16 36
17 3
17 4
18 35
18 41
19 7
19 20
20 31
20 45
21 0
21 15
22 2
22 10
23 0
23 42
24 5
24 16
25 3
25 47
26 34
26 45
27 8
27 50
28 40
28 48
29 35
29 50
30 5
30 19
31 30
31 43
32 9
32 15
33 46
33 47
34 14
34 24
35 21
35 32
36 4
36 34
37 6
37 41
38 1
38 6
39 8
39 39
40 1
40 22
41 13
41 32
42 27
42 39
43 2
43 19
44 37
44 38
45 24
45 30
46 17
46 36
47 17
47 25
48 22
48 43
49 38
49 40
50 21
50 23

# solution 154
# n=51 sym=rct4 status=verified source=flammenkamp_cache/n51_rct4.mvr
# code=mvr:0 19 0 32 1 20 1 24 2 7 2 17 3 6 3 36 4 
0 19
0 32
1 20
1 24
2 7
2 17
3 6
3 36
4 4
4 16
5 22
5 25
6 10
6 47
7 35
7 48
8 20
8 32
9 12
9 37
10 19
10 44
11 17
11 37
12 21
12 41
13 9
13 11
14 3
14 15
15 7
15 36
16 26
16 46
17 39
17 48
18 0
18 8
19 40
19 50
20 42
20 49
21 23
21 38
22 23
22 45
23 28
23 29
24 16
24 49
25 5
25 45
26 1
26 34
27 21
27 22
28 5
28 27
29 12
29 27
30 1
30 8
31 0
31 10
32 42
32 50
33 2
33 11
34 4
34 24
35 14
35 43
36 35
36 47
37 39
37 41
38 9
38 29
39 13
39 33
40 6
40 31
41 13
41 38
42 18
42 30
43 2
43 15
44 3
44 40
45 25
45 28
46 34
46 46
47 14
47 44
48 33
48 43
49 26
49 30
50 18
50 31

# solution 155
# n=51 sym=rct4 status=verified source=flammenkamp_cache/n51_rct4.mvr
# code=mvr:0 6 0 25 1 18 1 21 2 16 2 37 3 17 3 45 4
0 6
0 25
1 18
1 21
2 16
2 37
3 17
3 45
4 27
4 30
5 3
5 11
6 35
6 50
7 19
7 28
8 15
8 37
9 10
9 36
10 27
10 41
11 24
11 45
12 12
12 30
13 2
13 8
14 9
14 18
15 6
15 42
16 26
16 48
17 21
17 47
18 36
18 49
19 28
19 43
20 4
20 12
21 33
21 49
22 7
22 19
23 4
23 10
24 16
24 39
25 0
25 50
26 11
26 34
27 40
27 46
28 31
28 43
29 1
29 17
30 38
30 46
31 7
31 22
32 1
32 14
33 3
33 29
34 2
34 24
35 8
35 44
36 32
36 41
37 42
37 48
38 20
38 38
39 5
39 26
40 9
40 23
41 14
41 40
42 13
42 35
43 22
43 31
44 0
44 15
45 39
45 47
46 20
46 23
47 5
47 33
48 13
48 34
49 29
49 32
50 25
50 44

# solution 156
# n=51 sym=rct4 status=verified source=flammenkamp_cache/n51_rct4.mvr
# code=mvr:0 27 0 29 1 18 1 30 2 21 2 36 3 35 3 38 
0 27
0 29
1 18
1 30
2 21
2 36
3 35
3 38
4 10
4 18
5 15
5 27
6 19
6 30
7 8
7 39
8 41
8 43
9 8
9 16
10 38
10 46
11 7
11 17
12 3
12 10
13 28
13 33
14 2
14 19
15 3
15 45
16 26
16 41
17 13
17 39
18 46
18 49
19 36
19 44
20 1
20 6
21 0
21 48
22 13
22 25
23 0
23 5
24 16
24 24
25 22
25 28
26 26
26 34
27 45
27 50
28 25
28 37
29 2
29 50
30 44
30 49
31 6
31 14
32 1
32 4
33 11
33 37
34 9
34 24
35 5
35 47
36 31
36 48
37 17
37 22
38 40
38 47
39 33
39 43
40 4
40 12
41 34
41 42
42 7
42 9
43 11
43 42
44 20
44 31
45 23
45 35
46 32
46 40
47 12
47 15
48 14
48 29
49 20
49 32
50 21
50 23

# solution 157
# n=51 sym=rct4 status=verified source=flammenkamp_cache/n51_rct4.mvr
# code=mvr:0 23 0 31 1 21 1 33 2 7 2 32 3 10 3 11 4
0 23
0 31
1 21
1 33
2 7
2 32
3 10
3 11
4 16
4 18
5 5
5 9
6 30
6 35
7 12
7 48
8 23
8 30
9 24
9 45
10 14
10 47
11 33
11 47
12 21
12 43
13 14
13 31
14 37
14 40
15 6
15 28
16 26
16 46
17 1
17 11
18 2
18 46
19 0
19 13
20 6
20 8
21 38
21 49
22 15
22 25
23 42
23 50
24 16
24 41
25 22
25 28
26 9
26 34
27 0
27 8
28 25
28 35
29 1
29 12
30 42
30 44
31 37
31 50
32 4
32 48
33 39
33 49
34 4
34 24
35 22
35 44
36 10
36 13
37 19
37 36
38 7
38 29
39 3
39 17
40 3
40 36
41 5
41 26
42 20
42 27
43 2
43 38
44 15
44 20
45 41
45 45
46 32
46 34
47 39
47 40
48 18
48 43
49 17
49 29
50 19
50 27

# solution 158
# n=51 sym=rct4 status=verified source=flammenkamp_cache/n51_rct4.mvr
# code=mvr:0 13 0 15 1 24 1 40 2 32 2 36 3 28 3 31 
0 13
0 15
1 24
1 40
2 32
2 36
3 28
3 31
4 17
4 36
5 23
5 34
6 7
6 38
7 7
7 44
8 23
8 35
9 21
9 30
10 1
10 13
11 18
11 33
12 6
12 30
13 40
13 50
14 2
14 4
15 8
15 50
16 5
16 26
17 11
17 46
18 2
18 39
19 3
19 28
20 9
20 12
21 25
21 41
22 3
22 19
23 42
23 45
24 16
24 49
25 21
25 29
26 1
26 34
27 5
27 8
28 31
28 47
29 9
29 25
30 38
30 41
31 22
31 47
32 11
32 48
33 4
33 39
34 24
34 45
35 0
35 42
36 46
36 48
37 0
37 10
38 20
38 44
39 17
39 32
40 37
40 49
41 20
41 29
42 15
42 27
43 6
43 43
44 12
44 43
45 16
45 27
46 14
46 33
47 19
47 22
48 14
48 18
49 10
49 26
50 35
50 37

# solution 159
# n=51 sym=rct4 status=verified source=flammenkamp_cache/n51_rct4.mvr
# code=mvr:0 31 0 38 1 18 1 30 2 14 2 26 3 31 3 42 
0 31
0 38
1 18
1 30
2 14
2 26
3 31
3 42
4 13
4 39
5 23
5 25
6 9
6 36
7 9
7 40
8 3
8 12
9 43
9 44
10 7
10 11
11 4
11 40
12 0
12 42
13 28
13 46
14 6
14 48
15 21
15 28
16 20
16 26
17 17
17 18
18 33
18 49
19 0
19 3
20 1
20 34
21 23
21 35
22 13
22 15
23 29
23 45
24 2
24 16
25 5
25 45
26 34
26 48
27 5
27 21
28 35
28 37
29 15
29 27
30 16
30 49
31 47
31 50
32 1
32 17
33 32
33 33
34 24
34 30
35 22
35 29
36 2
36 44
37 4
37 22
38 8
38 50
39 10
39 46
40 39
40 43
41 6
41 7
42 38
42 47
43 10
43 41
44 14
44 41
45 25
45 27
46 11
46 37
47 8
47 19
48 24
48 36
49 20
49 32
50 12
50 19

# solution 160
# n=51 sym=rct4 status=verified source=flammenkamp_cache/n51_rct4.mvr
# code=mvr:0 4 0 31 1 20 1 21 2 16 2 37 3 3 3 21 4 
0 4
0 31
1 20
1 21
2 16
2 37
3 3
3 21
4 9
4 50
5 7
5 28
6 15
6 37
7 42
7 45
8 7
8 30
9 26
9 46
10 19
10 33
11 23
11 33
12 18
12 23
13 2
13 6
14 15
14 32
15 36
15 44
16 26
16 48
17 10
17 11
18 14
18 38
19 0
19 40
20 8
20 49
21 47
21 49
22 5
22 25
23 38
23 39
24 9
24 16
25 22
25 28
26 34
26 41
27 11
27 12
28 25
28 45
29 1
29 3
30 1
30 42
31 10
31 50
32 12
32 36
33 39
33 40
34 2
34 24
35 6
35 14
36 18
36 35
37 44
37 48
38 27
38 32
39 17
39 27
40 17
40 31
41 4
41 24
42 20
42 43
43 5
43 8
44 13
44 35
45 22
45 43
46 0
46 41
47 29
47 47
48 13
48 34
49 29
49 30
50 19
50 46

# solution 161
# n=51 sym=rct4 status=verified source=flammenkamp_cache/n51_rct4.mvr
# code=mvr:0 12 0 22 1 30 1 31 2 27 2 37 3 37 3 45 
0 12
0 22
1 30
1 31
2 27
2 37
3 37
3 45
4 17
4 22
5 3
5 14
6 12
6 30
7 24
7 39
8 14
8 35
9 10
9 21
10 25
10 41
11 7
11 32
12 44
12 50
13 2
13 3
14 42
14 45
15 8
15 15
16 26
16 29
17 31
17 46
18 11
18 27
19 1
19 17
20 1
20 6
21 16
21 41
22 46
22 50
23 2
23 18
24 16
24 43
25 10
25 40
26 7
26 34
27 32
27 48
28 0
28 4
29 9
29 34
30 44
30 49
31 33
31 49
32 23
32 39
33 4
33 19
34 21
34 24
35 35
35 42
36 5
36 8
37 47
37 48
38 0
38 6
39 18
39 43
40 9
40 25
41 29
41 40
42 15
42 36
43 11
43 26
44 20
44 38
45 36
45 47
46 28
46 33
47 5
47 13
48 13
48 23
49 19
49 20
50 28
50 38

# solution 162
# n=51 sym=rct4 status=verified source=flammenkamp_cache/n51_rct4.mvr
# code=mvr:0 35 0 36 1 23 1 32 2 12 2 22 3 20 3 44 
0 35
0 36
1 23
1 32
2 12
2 22
3 20
3 44
4 4
4 33
5 26
5 39
6 3
6 9
7 13
7 31
8 19
8 28
9 16
9 44
10 11
10 21
11 5
11 40
12 13
12 48
13 38
13 43
14 0
14 18
15 0
15 20
16 26
16 41
17 4
17 29
18 1
18 36
19 7
19 42
20 35
20 47
21 17
21 40
22 8
22 48
23 25
23 49
24 5
24 16
25 23
25 27
26 34
26 45
27 1
27 25
28 2
28 42
29 10
29 33
30 3
30 15
31 8
31 43
32 14
32 49
33 21
33 46
34 9
34 24
35 30
35 50
36 32
36 50
37 7
37 12
38 2
38 37
39 10
39 45
40 29
40 39
41 6
41 34
42 22
42 31
43 19
43 37
44 41
44 47
45 11
45 24
46 17
46 46
47 6
47 30
48 28
48 38
49 18
49 27
50 14
50 15

# solution 163
# n=51 sym=rct4 status=verified source=flammenkamp_cache/n51_rct4.mvr
# code=mvr:0 30 0 42 1 5 1 18 2 35 2 37 3 21 3 46 4
0 30
0 42
1 5
1 18
2 35
2 37
3 21
3 46
4 3
4 27
5 20
5 49
6 22
6 24
7 7
7 37
8 0
8 33
9 32
9 38
10 16
10 39
11 10
11 35
12 9
12 19
13 2
13 7
14 19
14 21
15 2
15 11
16 26
16 40
17 8
17 22
18 9
18 49
19 36
19 38
20 0
20 45
21 36
21 47
22 33
22 44
23 4
23 25
24 16
24 44
25 23
25 27
26 6
26 34
27 25
27 46
28 6
28 17
29 3
29 14
30 5
30 50
31 12
31 14
32 1
32 41
33 28
33 42
34 10
34 24
35 39
35 48
36 29
36 31
37 43
37 48
38 31
38 41
39 15
39 40
40 11
40 34
41 12
41 18
42 17
42 50
43 13
43 43
44 26
44 28
45 1
45 30
46 23
46 47
47 4
47 29
48 13
48 15
49 32
49 45
50 8
50 20

# solution 164
# n=51 sym=rct4 status=verified source=flammenkamp_cache/n51_rct4.mvr
# code=mvr:0 27 0 36 1 6 1 31 2 10 2 22 3 29 3 32 4
0 27
0 36
1 6
1 31
2 10
2 22
3 29
3 32
4 27
4 35
5 12
5 20
6 33
6 49
7 29
7 40
8 12
8 13
9 13
9 19
10 7
10 48
11 11
11 20
12 42
12 45
13 41
13 42
14 0
14 34
15 4
15 32
16 14
16 22
17 6
17 26
18 3
18 15
19 1
19 41
20 39
20 45
21 3
21 7
22 34
22 48
23 0
23 4
24 17
24 25
25 24
25 26
26 25
26 33
27 46
27 50
28 2
28 16
29 43
29 47
30 5
30 11
31 9
31 49
32 35
32 47
33 24
33 44
34 28
34 36
35 18
35 46
36 16
36 50
37 8
37 9
38 5
38 8
39 30
39 39
40 2
40 43
41 31
41 37
42 37
42 38
43 10
43 21
44 1
44 17
45 30
45 38
46 15
46 23
47 18
47 21
48 28
48 40
49 19
49 44
50 14
50 23

# solution 165
# n=51 sym=rct4 status=verified source=flammenkamp_cache/n51_rct4.mvr
# code=mvr:0 21 0 25 1 14 1 29 2 34 2 43 3 19 3 26 
0 21
0 25
1 14
1 29
2 34
2 43
3 19
3 26
4 34
4 38
5 22
5 27
6 11
6 40
7 2
7 36
8 18
8 30
9 11
9 35
10 6
10 27
11 41
11 44
12 4
12 20
13 13
13 22
14 7
14 49
15 9
15 19
16 2
16 4
17 26
17 32
18 17
18 42
19 35
19 47
20 8
20 38
21 1
21 50
22 37
22 45
23 5
23 10
24 3
24 17
25 0
25 50
26 33
26 47
27 40
27 45
28 5
28 13
29 0
29 49
30 12
30 42
31 3
31 15
32 8
32 33
33 18
33 24
34 46
34 48
35 31
35 41
36 1
36 43
37 28
37 37
38 30
38 46
39 6
39 9
40 23
40 44
41 15
41 39
42 20
42 32
43 14
43 48
44 10
44 39
45 23
45 28
46 12
46 16
47 24
47 31
48 7
48 16
49 21
49 36
50 25
50 29

# solution 166
# n=51 sym=rct4 status=verified source=flammenkamp_cache/n51_rct4.mvr
# code=mvr:0 27 0 31 1 20 1 34 2 11 2 26 3 17 3 34 
0 27
0 31
1 20
1 34
2 11
2 26
3 17
3 34
4 36
4 39
5 20
5 43
6 9
6 28
7 5
7 15
8 9
8 10
9 42
9 44
10 27
10 42
11 4
11 48
12 18
12 28
13 13
13 25
14 4
14 31
15 21
15 43
16 1
16 3
17 26
17 47
18 21
18 38
19 0
19 14
20 45
20 49
21 32
21 35
22 6
22 12
23 0
23 10
24 2
24 17
25 13
25 37
26 33
26 48
27 40
27 50
28 38
28 44
29 15
29 18
30 1
30 5
31 36
31 50
32 12
32 29
33 3
33 24
34 47
34 49
35 7
35 29
36 19
36 46
37 25
37 37
38 22
38 32
39 2
39 46
40 8
40 23
41 6
41 8
42 40
42 41
43 35
43 45
44 22
44 41
45 7
45 30
46 11
46 14
47 16
47 33
48 24
48 39
49 16
49 30
50 19
50 23

# solution 167
# n=51 sym=rct4 status=verified source=flammenkamp_cache/n51_rct4.mvr
# code=mvr:0 20 0 26 1 23 1 35 2 10 2 31 3 32 3 42 
0 20
0 26
1 23
1 35
2 10
2 31
3 32
3 42
4 5
4 25
5 14
5 46
6 31
6 34
7 7
7 39
8 3
8 14
9 22
9 34
10 13
10 48
11 7
11 12
12 27
12 39
13 15
13 40
14 42
14 45
15 1
15 37
16 6
16 9
17 26
17 29
18 3
18 21
19 2
19 6
20 28
20 50
21 17
21 32
22 20
22 41
23 12
23 49
24 0
24 17
25 4
25 46
26 33
26 50
27 1
27 38
28 9
28 30
29 18
29 33
30 0
30 22
31 44
31 48
32 29
32 47
33 21
33 24
34 41
34 44
35 13
35 49
36 5
36 8
37 10
37 35
38 11
38 23
39 38
39 43
40 2
40 37
41 16
41 28
42 36
42 47
43 11
43 43
44 16
44 19
45 4
45 36
46 25
46 45
47 8
47 18
48 19
48 40
49 15
49 27
50 24
50 30

# solution 168
# n=51 sym=rct4 status=verified source=flammenkamp_cache/n51_rct4.mvr
# code=mvr:0 12 0 29 1 26 1 33 2 32 2 38 3 16 3 27 
0 12
0 29
1 26
1 33
2 32
2 38
3 16
3 27
4 8
4 40
5 13
5 19
6 9
6 13
7 25
7 32
8 22
8 46
9 39
9 44
10 4
10 27
11 9
11 11
12 2
12 50
13 44
13 45
14 15
14 19
15 30
15 36
16 22
16 47
17 1
17 26
18 2
18 7
19 36
19 45
20 15
20 21
21 0
21 30
22 34
22 42
23 3
23 10
24 1
24 17
25 7
25 43
26 33
26 49
27 40
27 47
28 8
28 16
29 20
29 50
30 29
30 35
31 5
31 14
32 43
32 48
33 24
33 49
34 3
34 28
35 14
35 20
36 31
36 35
37 5
37 6
38 0
38 48
39 39
39 41
40 23
40 46
41 6
41 11
42 4
42 28
43 18
43 25
44 37
44 41
45 31
45 37
46 10
46 42
47 23
47 34
48 12
48 18
49 17
49 24
50 21
50 38

# solution 169
# n=51 sym=rct4 status=verified source=flammenkamp_cache/n51_rct4.mvr
# code=mvr:0 0 0 22 1 19 1 26 2 28 2 36 3 20 3 38 4
0 0
0 22
1 19
1 26
2 28
2 36
3 20
3 38
4 19
4 25
5 23
5 41
6 30
6 38
7 41
7 42
8 7
8 37
9 5
9 7
10 11
10 21
11 16
11 40
12 3
12 6
13 8
13 21
14 2
14 17
15 27
15 32
16 32
16 39
17 26
17 36
18 15
18 16
19 46
19 49
20 6
20 47
21 37
21 40
22 2
22 50
23 15
23 45
24 1
24 17
25 4
25 46
26 33
26 49
27 5
27 35
28 0
28 48
29 10
29 13
30 3
30 44
31 1
31 4
32 34
32 35
33 14
33 24
34 11
34 18
35 18
35 23
36 33
36 48
37 29
37 42
38 44
38 47
39 10
39 34
40 29
40 39
41 43
41 45
42 13
42 43
43 8
43 9
44 12
44 20
45 9
45 27
46 25
46 31
47 12
47 30
48 14
48 22
49 24
49 31
50 28
50 50

# solution 170
# n=51 sym=rct4 status=verified source=flammenkamp_cache/n51_rct4.mvr
# code=mvr:0 0 0 28 1 19 1 26 2 28 2 36 3 20 3 38 4
0 0
0 28
1 19
1 26
2 28
2 36
3 20
3 38
4 19
4 25
5 23
5 41
6 30
6 38
7 41
7 42
8 7
8 37
9 5
9 7
10 11
10 21
11 16
11 40
12 3
12 6
13 8
13 21
14 2
14 17
15 27
15 32
16 32
16 39
17 26
17 36
18 15
18 16
19 46
19 49
20 6
20 47
21 37
21 40
22 0
22 2
23 15
23 45
24 1
24 17
25 4
25 46
26 33
26 49
27 5
27 35
28 48
28 50
29 10
29 13
30 3
30 44
31 1
31 4
32 34
32 35
33 14
33 24
34 11
34 18
35 18
35 23
36 33
36 48
37 29
37 42
38 44
38 47
39 10
39 34
40 29
40 39
41 43
41 45
42 13
42 43
43 8
43 9
44 12
44 20
45 9
45 27
46 25
46 31
47 12
47 30
48 14
48 22
49 24
49 31
50 22
50 50

# solution 171
# n=51 sym=rct4 status=verified source=flammenkamp_cache/n51_rct4.mvr
# code=mvr:0 15 0 37 1 5 1 18 2 26 2 32 3 20 3 42 4
0 15
0 37
1 5
1 18
2 26
2 32
3 20
3 42
4 31
4 43
5 5
5 49
6 10
6 12
7 4
7 25
8 3
8 31
9 29
9 34
10 39
10 44
11 10
11 20
12 37
12 44
13 0
13 12
14 22
14 34
15 27
15 50
16 9
16 14
17 22
17 26
18 2
18 49
19 4
19 8
20 39
20 47
21 9
21 27
22 33
22 36
23 15
23 21
24 2
24 17
25 7
25 43
26 33
26 48
27 29
27 35
28 14
28 17
29 23
29 41
30 3
30 11
31 42
31 46
32 1
32 48
33 24
33 28
34 36
34 41
35 0
35 23
36 16
36 28
37 38
37 50
38 6
38 13
39 30
39 40
40 6
40 11
41 16
41 21
42 19
42 47
43 25
43 46
44 38
44 40
45 1
45 45
46 7
46 19
47 8
47 30
48 18
48 24
49 32
49 45
50 13
50 35

# solution 172
# n=51 sym=rct4 status=verified source=flammenkamp_cache/n51_rct4.mvr
# code=mvr:0 15 0 36 1 20 1 27 2 23 2 35 3 3 3 41 4
0 15
0 36
1 20
1 27
2 23
2 35
3 3
3 41
4 7
4 32
5 9
5 22
6 16
6 17
7 40
7 46
8 20
8 37
9 3
9 45
10 7
10 28
11 16
11 37
12 21
12 31
13 8
13 11
14 0
14 18
15 2
15 50
16 39
16 44
17 26
17 44
18 4
18 36
19 12
19 21
20 42
20 49
21 31
21 38
22 10
22 45
23 1
23 48
24 17
24 25
25 24
25 26
26 25
26 33
27 2
27 49
28 5
28 40
29 12
29 19
30 1
30 8
31 29
31 38
32 14
32 46
33 6
33 24
34 6
34 11
35 0
35 48
36 32
36 50
37 39
37 42
38 19
38 29
39 13
39 34
40 22
40 43
41 5
41 47
42 13
42 30
43 4
43 10
44 33
44 34
45 28
45 41
46 18
46 43
47 9
47 47
48 15
48 27
49 23
49 30
50 14
50 35

# solution 173
# n=51 sym=rct4 status=verified source=flammenkamp_cache/n51_rct4.mvr
# code=mvr:0 14 0 28 1 12 1 21 2 23 2 36 3 30 3 42 
0 14
0 28
1 12
1 21
2 23
2 36
3 30
3 42
4 4
4 19
5 19
5 37
6 9
6 10
7 30
7 42
8 3
8 7
9 35
9 44
10 32
10 44
11 24
11 27
12 21
12 49
13 5
13 16
14 2
14 50
15 9
15 25
16 32
16 37
17 26
17 28
18 10
18 16
19 45
19 46
20 3
20 7
21 38
21 49
22 0
22 17
23 11
23 48
24 17
24 39
25 15
25 35
26 11
26 33
27 2
27 39
28 33
28 50
29 1
29 12
30 43
30 47
31 4
31 5
32 34
32 40
33 22
33 24
34 13
34 18
35 25
35 41
36 0
36 48
37 34
37 45
38 1
38 29
39 23
39 26
40 6
40 18
41 6
41 15
42 43
42 47
43 8
43 20
44 40
44 41
45 13
45 31
46 31
46 46
47 8
47 20
48 14
48 27
49 29
49 38
50 22
50 36

# solution 174
# n=51 sym=rct4 status=verified source=flammenkamp_cache/n51_rct4.mvr
# code=mvr:0 3 0 30 1 22 1 27 2 13 2 15 3 40 3 50 4
0 3
0 30
1 22
1 27
2 13
2 15
3 40
3 50
4 28
4 34
5 19
5 21
6 31
6 40
7 12
7 32
8 14
8 37
9 26
9 32
10 3
10 6
11 11
11 29
12 15
12 43
13 8
13 48
14 20
14 42
15 38
15 48
16 4
16 17
17 26
17 34
18 7
18 9
19 6
19 45
20 0
20 36
21 11
21 45
22 4
22 49
23 1
23 25
24 9
24 17
25 23
25 27
26 33
26 41
27 25
27 49
28 1
28 46
29 5
29 39
30 14
30 50
31 5
31 44
32 41
32 43
33 16
33 24
34 33
34 46
35 2
35 12
36 8
36 30
37 2
37 42
38 7
38 35
39 21
39 39
40 44
40 47
41 18
41 24
42 13
42 36
43 18
43 38
44 10
44 19
45 29
45 31
46 16
46 22
47 0
47 10
48 35
48 37
49 23
49 28
50 20
50 47

# solution 175
# n=51 sym=rct4 status=verified source=flammenkamp_cache/n51_rct4.mvr
# code=mvr:0 9 0 35 1 30 1 38 2 11 2 21 3 17 3 25 4
0 9
0 35
1 30
1 38
2 11
2 21
3 17
3 25
4 4
4 6
5 21
5 38
6 16
6 46
7 28
7 31
8 24
8 37
9 40
9 50
10 9
10 15
11 22
11 48
12 1
12 5
13 8
13 20
14 16
14 18
15 0
15 40
16 36
16 44
17 27
17 47
18 26
18 36
19 7
19 23
20 1
20 37
21 45
21 48
22 7
22 39
23 17
23 31
24 18
24 42
25 3
25 47
26 8
26 32
27 19
27 33
28 11
28 43
29 2
29 5
30 13
30 49
31 27
31 43
32 14
32 24
33 3
33 23
34 6
34 14
35 10
35 50
36 32
36 34
37 30
37 42
38 45
38 49
39 2
39 28
40 35
40 41
41 0
41 10
42 13
42 26
43 19
43 22
44 4
44 34
45 12
45 29
46 44
46 46
47 25
47 33
48 29
48 39
49 12
49 20
50 15
50 41

# solution 176
# n=51 sym=rct4 status=verified source=flammenkamp_cache/n51_rct4.mvr
# code=mvr:0 23 0 28 1 20 1 40 2 2 2 20 3 35 3 40 4
0 23
0 28
1 20
1 40
2 2
2 20
3 35
3 40
4 6
4 9
5 16
5 25
6 31
6 46
7 13
7 33
8 24
8 29
9 36
9 46
10 1
10 3
11 36
11 37
12 19
12 28
13 11
13 43
14 9
14 11
15 3
15 23
16 17
16 45
17 7
17 34
18 26
18 29
19 6
19 38
20 48
20 49
21 8
21 18
22 0
22 12
23 35
23 50
24 18
24 42
25 5
25 45
26 8
26 32
27 0
27 15
28 38
28 50
29 32
29 42
30 1
30 2
31 12
31 44
32 21
32 24
33 16
33 43
34 5
34 33
35 27
35 47
36 39
36 41
37 7
37 39
38 22
38 31
39 13
39 14
40 47
40 49
41 4
41 14
42 21
42 26
43 17
43 37
44 4
44 19
45 25
45 34
46 41
46 44
47 10
47 15
48 30
48 48
49 10
49 30
50 22
50 27

# solution 177
# n=51 sym=rct4 status=verified source=flammenkamp_cache/n51_rct4.mvr
# code=mvr:0 15 0 34 1 20 1 22 2 26 2 28 3 7 3 10 4
0 15
0 34
1 20
1 22
2 26
2 28
3 7
3 10
4 20
4 21
5 7
5 12
6 6
6 39
7 45
7 47
8 13
8 21
9 31
9 32
10 34
10 47
11 6
11 12
12 39
12 45
13 25
13 42
14 17
14 27
15 17
15 50
16 0
16 10
17 35
17 36
18 9
18 26
19 9
19 27
20 46
20 49
21 42
21 46
22 2
22 49
23 14
23 19
24 2
24 18
25 13
25 37
26 32
26 48
27 31
27 36
28 1
28 48
29 4
29 8
30 1
30 4
31 23
31 41
32 24
32 41
33 14
33 15
34 40
34 50
35 0
35 33
36 23
36 33
37 8
37 25
38 5
38 11
39 38
39 44
40 3
40 16
41 18
41 19
42 29
42 37
43 3
43 5
44 11
44 44
45 38
45 43
46 29
46 30
47 40
47 43
48 22
48 24
49 28
49 30
50 16
50 35

# solution 178
# n=51 sym=rct4 status=verified source=flammenkamp_cache/n51_rct4.mvr
# code=mvr:0 29 0 33 1 8 1 29 2 36 2 40 3 3 3 12 4 
0 29
0 33
1 8
1 29
2 36
2 40
3 3
3 12
4 22
4 24
5 7
5 9
6 16
6 33
7 39
7 45
8 23
8 49
9 31
9 45
10 2
10 23
11 7
11 14
12 35
12 47
13 22
13 31
14 2
14 39
15 12
15 34
16 15
16 44
17 0
17 6
18 26
18 30
19 9
19 13
20 18
20 25
21 0
21 1
22 37
22 46
23 40
23 42
24 18
24 46
25 20
25 30
26 4
26 32
27 8
27 10
28 4
28 13
29 49
29 50
30 25
30 32
31 37
31 41
32 20
32 24
33 44
33 50
34 6
34 35
35 16
35 38
36 11
36 48
37 19
37 28
38 3
38 15
39 36
39 43
40 27
40 48
41 5
41 19
42 1
42 27
43 5
43 11
44 17
44 34
45 41
45 43
46 26
46 28
47 38
47 47
48 10
48 14
49 21
49 42
50 17
50 21

# solution 179
# n=51 sym=rct4 status=verified source=flammenkamp_cache/n51_rct4.mvr
# code=mvr:0 18 0 29 1 13 1 23 2 33 2 36 3 20 3 36 
0 18
0 29
1 13
1 23
2 33
2 36
3 20
3 36
4 27
4 40
5 5
5 38
6 7
6 16
7 42
7 44
8 7
8 24
9 16
9 31
10 4
10 37
11 15
11 25
12 5
12 29
13 10
13 49
14 2
14 3
15 31
15 39
16 41
16 44
17 2
17 22
18 26
18 50
19 9
19 15
20 22
20 47
21 0
21 12
22 30
22 33
23 4
23 49
24 18
24 42
25 11
25 39
26 8
26 32
27 1
27 46
28 17
28 20
29 38
29 50
30 3
30 28
31 35
31 41
32 0
32 24
33 28
33 48
34 6
34 9
35 11
35 19
36 47
36 48
37 1
37 40
38 21
38 45
39 25
39 35
40 13
40 46
41 19
41 34
42 26
42 43
43 6
43 8
44 34
44 43
45 12
45 45
46 10
46 23
47 14
47 30
48 14
48 17
49 27
49 37
50 21
50 32

# solution 180
# n=51 sym=rct4 status=verified source=flammenkamp_cache/n51_rct4.mvr
# code=mvr:0 13 0 29 1 2 1 28 2 38 2 49 3 18 3 27 4
0 13
0 29
1 2
1 28
2 38
2 49
3 18
3 27
4 27
4 30
5 38
5 40
6 14
6 19
7 10
7 11
8 17
8 24
9 9
9 21
10 5
10 43
11 33
11 43
12 2
12 5
13 35
13 50
14 25
14 44
15 13
15 34
16 15
16 30
17 11
17 42
18 26
18 47
19 28
19 44
20 4
20 16
21 0
21 41
22 1
22 19
23 3
23 4
24 18
24 42
25 14
25 36
26 8
26 32
27 46
27 47
28 31
28 49
29 9
29 50
30 34
30 46
31 6
31 22
32 3
32 24
33 8
33 39
34 20
34 35
35 16
35 37
36 6
36 25
37 0
37 15
38 45
38 48
39 7
39 17
40 7
40 45
41 29
41 41
42 26
42 33
43 39
43 40
44 31
44 36
45 10
45 12
46 20
46 23
47 23
47 32
48 1
48 12
49 22
49 48
50 21
50 37

# solution 181
# n=51 sym=rct4 status=verified source=flammenkamp_cache/n51_rct4.mvr
# code=mvr:0 30 0 37 1 23 1 32 2 35 2 42 3 12 3 14 
0 30
0 37
1 23
1 32
2 35
2 42
3 12
3 14
4 21
4 25
5 13
5 41
6 30
6 40
7 7
7 38
8 2
8 22
9 5
9 31
10 6
10 22
11 23
11 34
12 7
12 47
13 0
13 45
14 33
14 47
15 2
15 34
16 11
16 15
17 14
17 26
18 1
18 26
19 9
19 29
20 0
20 6
21 19
21 46
22 40
22 42
23 39
23 49
24 17
24 18
25 4
25 46
26 32
26 33
27 1
27 11
28 8
28 10
29 4
29 31
30 44
30 50
31 21
31 41
32 24
32 49
33 24
33 36
34 35
34 39
35 16
35 48
36 3
36 17
37 5
37 50
38 3
38 43
39 16
39 27
40 28
40 44
41 19
41 45
42 28
42 48
43 12
43 43
44 10
44 20
45 9
45 37
46 25
46 29
47 36
47 38
48 8
48 15
49 18
49 27
50 13
50 20

# solution 182
# n=51 sym=rct4 status=verified source=flammenkamp_cache/n51_rct4.mvr
# code=mvr:0 9 0 12 1 1 1 21 2 8 2 31 3 21 3 37 4 2
0 9
0 12
1 1
1 21
2 8
2 31
3 21
3 37
4 27
4 36
5 6
5 30
6 40
6 45
7 15
7 24
8 38
8 48
9 30
9 50
10 6
10 19
11 16
11 23
12 8
12 50
13 3
13 35
14 4
14 34
15 13
15 43
16 14
16 39
17 18
17 22
18 26
18 33
19 2
19 40
20 5
20 9
21 47
21 49
22 25
22 33
23 4
23 39
24 18
24 43
25 22
25 28
26 7
26 32
27 11
27 46
28 17
28 25
29 1
29 3
30 41
30 45
31 10
31 48
32 17
32 24
33 28
33 32
34 11
34 36
35 7
35 37
36 16
36 46
37 15
37 47
38 0
38 42
39 27
39 34
40 31
40 44
41 0
41 20
42 2
42 12
43 26
43 35
44 5
44 10
45 20
45 44
46 14
46 23
47 13
47 29
48 19
48 42
49 29
49 49
50 38
50 41

# solution 183
# n=51 sym=rct4 status=verified source=flammenkamp_cache/n51_rct4.mvr
# code=mvr:0 16 0 42 1 13 1 24 2 23 2 31 3 29 3 35 
0 16
0 42
1 13
1 24
2 23
2 31
3 29
3 35
4 7
4 14
5 14
5 38
6 22
6 34
7 42
7 46
8 0
8 7
9 11
9 28
10 23
10 29
11 11
11 41
12 5
12 18
13 33
13 49
14 45
14 46
15 3
15 33
16 6
16 50
17 13
17 15
18 26
18 38
19 2
19 30
20 19
20 25
21 3
21 10
22 9
22 44
23 40
23 48
24 18
24 49
25 20
25 30
26 1
26 32
27 2
27 10
28 6
28 41
29 40
29 47
30 25
30 31
31 20
31 48
32 12
32 24
33 35
33 37
34 0
34 44
35 17
35 47
36 4
36 5
37 1
37 17
38 32
38 45
39 9
39 39
40 21
40 27
41 22
41 39
42 43
42 50
43 4
43 8
44 16
44 28
45 12
45 36
46 36
46 43
47 15
47 21
48 19
48 27
49 26
49 37
50 8
50 34

# solution 184
# n=51 sym=rct4 status=verified source=flammenkamp_cache/n51_rct4.mvr
# code=mvr:0 18 0 37 1 25 1 29 2 27 2 36 3 7 3 19 4
0 18
0 37
1 25
1 29
2 27
2 36
3 7
3 19
4 20
4 34
5 5
5 35
6 12
6 15
7 21
7 47
8 16
8 28
9 26
9 31
10 27
10 37
11 12
11 20
12 39
12 44
13 0
13 10
14 2
14 33
15 5
15 44
16 4
16 42
17 14
17 22
18 26
18 50
19 9
19 47
20 39
20 46
21 1
21 43
22 8
22 33
23 2
23 10
24 9
24 18
25 1
25 49
26 32
26 41
27 40
27 48
28 17
28 42
29 7
29 49
30 4
30 11
31 3
31 41
32 0
32 24
33 28
33 36
34 8
34 46
35 6
35 45
36 17
36 48
37 40
37 50
38 6
38 11
39 30
39 38
40 13
40 23
41 19
41 24
42 22
42 34
43 3
43 29
44 35
44 38
45 15
45 45
46 16
46 30
47 31
47 43
48 14
48 23
49 21
49 25
50 13
50 32

# solution 185
# n=51 sym=rct4 status=verified source=flammenkamp_cache/n51_rct4.mvr
# code=mvr:0 27 0 28 1 35 1 40 2 17 2 21 3 31 3 45 
0 27
0 28
1 35
1 40
2 17
2 21
3 31
3 45
4 4
4 21
5 3
5 41
6 10
6 13
7 8
7 19
8 37
8 43
9 5
9 30
10 1
10 44
11 28
11 34
12 26
12 32
13 8
13 44
14 16
14 17
15 1
15 25
16 11
16 36
17 36
17 48
18 12
18 26
19 3
19 43
20 9
20 23
21 46
21 48
22 0
22 11
23 0
23 30
24 12
24 18
25 15
25 35
26 32
26 38
27 20
27 50
28 39
28 50
29 2
29 4
30 27
30 41
31 7
31 47
32 24
32 38
33 2
33 14
34 14
34 39
35 25
35 49
36 33
36 34
37 6
37 42
38 18
38 24
39 16
39 22
40 6
40 49
41 20
41 45
42 7
42 13
43 31
43 42
44 37
44 40
45 9
45 47
46 29
46 46
47 5
47 19
48 29
48 33
49 10
49 15
50 22
50 23

# solution 186
# n=51 sym=rct4 status=verified source=flammenkamp_cache/n51_rct4.mvr
# code=mvr:0 34 0 43 1 25 1 36 2 17 2 27 3 3 3 44 4
0 34
0 43
1 25
1 36
2 17
2 27
3 3
3 44
4 12
4 13
5 10
5 34
6 3
6 39
7 0
7 26
8 28
8 36
9 19
9 21
10 12
10 45
11 6
11 28
12 40
12 46
13 15
13 46
14 1
14 8
15 19
15 37
16 0
16 5
17 32
17 48
18 17
18 26
19 35
19 41
20 21
20 23
21 30
21 41
22 8
22 11
23 2
23 30
24 7
24 18
25 1
25 49
26 32
26 43
27 20
27 48
28 39
28 42
29 9
29 20
30 27
30 29
31 9
31 15
32 24
32 33
33 2
33 18
34 45
34 50
35 13
35 31
36 42
36 49
37 4
37 35
38 4
38 10
39 22
39 44
40 5
40 38
41 29
41 31
42 14
42 22
43 24
43 50
44 11
44 47
45 16
45 40
46 37
46 38
47 6
47 47
48 23
48 33
49 14
49 25
50 7
50 16

# solution 187
# n=51 sym=rct4 status=verified source=flammenkamp_cache/n51_rct4.mvr
# code=mvr:0 30 0 34 1 24 1 27 2 11 2 36 3 8 3 19 4
0 30
0 34
1 24
1 27
2 11
2 36
3 8
3 19
4 4
4 29
5 13
5 27
6 37
6 41
7 38
7 40
8 10
8 47
9 6
9 20
10 7
10 42
11 22
11 48
12 7
12 31
13 6
13 45
14 2
14 15
15 33
15 36
16 0
16 28
17 15
17 18
18 26
18 33
19 12
19 47
20 0
20 41
21 4
21 25
22 16
22 39
23 1
23 5
24 18
24 49
25 21
25 29
26 1
26 32
27 45
27 49
28 11
28 34
29 25
29 46
30 9
30 50
31 3
31 38
32 17
32 24
33 32
33 35
34 22
34 50
35 14
35 17
36 35
36 48
37 5
37 44
38 19
38 43
39 2
39 28
40 8
40 43
41 30
41 44
42 3
42 40
43 10
43 12
44 9
44 13
45 23
45 37
46 21
46 46
47 31
47 42
48 14
48 39
49 23
49 26
50 16
50 20

# solution 188
# n=51 sym=rct4 status=verified source=flammenkamp_cache/n51_rct4.mvr
# code=mvr:0 34 0 38 1 21 1 25 2 30 2 45 3 24 3 30 
0 34
0 38
1 21
1 25
2 30
2 45
3 24
3 30
4 4
4 14
5 2
5 19
6 15
6 21
7 9
7 36
8 22
8 27
9 11
9 43
10 13
10 15
11 33
11 41
12 0
12 22
13 18
13 40
14 7
14 46
15 40
15 44
16 0
16 33
17 11
17 16
18 26
18 37
19 23
19 45
20 2
20 3
21 44
21 49
22 38
22 42
23 8
23 31
24 18
24 47
25 1
25 49
26 3
26 32
27 19
27 42
28 8
28 12
29 1
29 6
30 47
30 48
31 5
31 27
32 13
32 24
33 34
33 39
34 17
34 50
35 6
35 10
36 4
36 43
37 10
37 32
38 28
38 50
39 9
39 17
40 35
40 37
41 7
41 39
42 23
42 28
43 14
43 41
44 29
44 35
45 31
45 48
46 36
46 46
47 20
47 26
48 5
48 20
49 25
49 29
50 12
50 16

# solution 189
# n=51 sym=rct4 status=verified source=flammenkamp_cache/n51_rct4.mvr
# code=mvr:0 34 0 46 1 1 1 25 2 18 2 38 3 20 3 29 4
0 34
0 46
1 1
1 25
2 18
2 38
3 20
3 29
4 0
4 34
5 10
5 12
6 19
6 41
7 33
7 39
8 20
8 27
9 6
9 27
10 29
10 45
11 7
11 17
12 2
12 45
13 22
13 36
14 13
14 19
15 22
15 26
16 0
16 4
17 7
17 39
18 26
18 48
19 36
19 44
20 42
20 47
21 3
21 10
22 35
22 37
23 8
23 9
24 15
24 18
25 1
25 49
26 32
26 35
27 41
27 42
28 13
28 15
29 40
29 47
30 3
30 8
31 6
31 14
32 2
32 24
33 11
33 43
34 46
34 50
35 24
35 28
36 31
36 37
37 14
37 28
38 5
38 48
39 33
39 43
40 5
40 21
41 23
41 44
42 23
42 30
43 11
43 17
44 9
44 31
45 38
45 40
46 16
46 50
47 21
47 30
48 12
48 32
49 25
49 49
50 4
50 16

# solution 190
# n=51 sym=rct4 status=verified source=flammenkamp_cache/n51_rct4.mvr
# code=mvr:0 35 0 38 1 29 1 30 2 16 2 30 3 33 3 37 
0 35
0 38
1 29
1 30
2 16
2 30
3 33
3 37
4 9
4 37
5 8
5 23
6 10
6 15
7 19
7 40
8 25
8 45
9 19
9 46
10 7
10 44
11 26
11 32
12 0
12 14
13 3
13 4
14 16
14 38
15 0
15 44
16 36
16 48
17 3
17 17
18 11
18 26
19 41
19 43
20 1
20 2
21 1
21 28
22 21
22 27
23 22
23 45
24 11
24 18
25 8
25 42
26 32
26 39
27 5
27 28
28 23
28 29
29 22
29 49
30 48
30 49
31 7
31 9
32 24
32 39
33 33
33 47
34 2
34 14
35 6
35 50
36 12
36 34
37 46
37 47
38 36
38 50
39 18
39 24
40 6
40 43
41 4
41 31
42 5
42 25
43 10
43 31
44 35
44 40
45 27
45 42
46 13
46 41
47 13
47 17
48 20
48 34
49 20
49 21
50 12
50 15

# solution 191
# n=51 sym=rct4 status=verified source=flammenkamp_cache/n51_rct4.mvr
# code=mvr:0 30 0 31 1 10 1 25 2 15 2 28 3 10 3 22 
0 30
0 31
1 10
1 25
2 15
2 28
3 10
3 22
4 4
4 30
5 17
5 23
6 33
6 38
7 38
7 39
8 21
8 37
9 16
9 19
10 47
10 49
11 7
11 23
12 6
12 7
13 8
13 36
14 13
14 35
15 14
15 48
16 24
16 41
17 6
17 45
18 26
18 29
19 0
19 41
20 0
20 4
21 18
21 42
22 2
22 47
23 39
23 45
24 18
24 34
25 1
25 49
26 16
26 32
27 5
27 11
28 3
28 48
29 8
29 32
30 46
30 50
31 9
31 50
32 21
32 24
33 5
33 44
34 9
34 26
35 2
35 36
36 15
36 37
37 14
37 42
38 43
38 44
39 27
39 43
40 1
40 3
41 31
41 34
42 13
42 29
43 11
43 12
44 12
44 17
45 27
45 33
46 20
46 46
47 28
47 40
48 22
48 35
49 25
49 40
50 19
50 20

# solution 192
# n=51 sym=rct4 status=verified source=flammenkamp_cache/n51_rct4.mvr
# code=mvr:0 9 0 18 1 25 1 40 2 4 2 37 3 3 3 33 4 4
0 9
0 18
1 25
1 40
2 4
2 37
3 3
3 33
4 43
4 48
5 15
5 20
6 26
6 28
7 4
7 39
8 34
8 39
9 13
9 50
10 1
10 23
11 7
11 8
12 17
12 19
13 2
13 41
14 21
14 34
15 29
15 45
16 8
16 14
17 3
17 38
18 26
18 50
19 30
19 38
20 19
20 45
21 15
21 36
22 6
22 23
23 28
23 40
24 6
24 18
25 1
25 49
26 32
26 44
27 10
27 22
28 27
28 44
29 14
29 35
30 5
30 31
31 12
31 20
32 0
32 24
33 12
33 47
34 36
34 42
35 5
35 21
36 16
36 29
37 9
37 48
38 31
38 33
39 42
39 43
40 27
40 49
41 0
41 37
42 11
42 16
43 11
43 46
44 22
44 24
45 30
45 35
46 2
46 7
47 17
47 47
48 13
48 46
49 10
49 25
50 32
50 41

# solution 193
# n=51 sym=rct4 status=verified source=flammenkamp_cache/n51_rct4.mvr
# code=mvr:0 23 0 30 1 34 1 44 2 9 2 35 3 22 3 37 4
0 23
0 30
1 34
1 44
2 9
2 35
3 22
3 37
4 12
4 42
5 21
5 28
6 1
6 32
7 11
7 14
8 4
8 17
9 30
9 48
10 37
10 39
11 10
11 43
12 26
12 46
13 3
13 10
14 19
14 43
15 2
15 21
16 1
16 31
17 17
17 42
18 6
18 26
19 16
19 36
20 0
20 9
21 35
21 45
22 5
22 47
23 25
23 50
24 12
24 18
25 23
25 27
26 32
26 38
27 0
27 25
28 3
28 45
29 5
29 15
30 41
30 50
31 14
31 34
32 24
32 44
33 8
33 33
34 19
34 49
35 29
35 48
36 7
36 31
37 40
37 47
38 4
38 24
39 7
39 40
40 11
40 13
41 2
41 20
42 33
42 46
43 36
43 39
44 18
44 49
45 22
45 29
46 8
46 38
47 13
47 28
48 15
48 41
49 6
49 16
50 20
50 27

# solution 194
# n=51 sym=rct4 status=verified source=flammenkamp_cache/n51_rct4.mvr
# code=mvr:0 10 0 13 1 20 1 35 2 15 2 41 3 21 3 28 
0 10
0 13
1 20
1 35
2 15
2 41
3 21
3 28
4 31
4 43
5 5
5 17
6 24
6 36
7 4
7 10
8 25
8 31
9 2
9 39
10 43
10 50
11 9
11 23
12 13
12 17
13 38
13 50
14 6
14 29
15 1
15 48
16 18
16 30
17 38
17 45
18 26
18 34
19 4
19 8
20 16
20 49
21 14
21 47
22 3
22 27
23 22
23 39
24 18
24 44
25 8
25 42
26 6
26 32
27 11
27 28
28 23
28 47
29 3
29 36
30 1
30 34
31 42
31 46
32 16
32 24
33 5
33 12
34 20
34 32
35 2
35 49
36 21
36 44
37 0
37 12
38 33
38 37
39 27
39 41
40 0
40 7
41 11
41 48
42 19
42 25
43 40
43 46
44 14
44 26
45 33
45 45
46 7
46 19
47 22
47 29
48 9
48 35
49 15
49 30
50 37
50 40

# solution 195
# n=51 sym=rct4 status=verified source=flammenkamp_cache/n51_rct4.mvr
# code=mvr:0 15 0 32 1 26 1 27 2 33 2 41 3 19 3 37 
0 15
0 32
1 26
1 27
2 33
2 41
3 19
3 37
4 7
4 37
5 15
5 28
6 32
6 40
7 42
7 46
8 7
8 21
9 2
9 12
10 6
10 12
11 20
11 25
12 40
12 41
13 3
13 4
14 20
14 34
15 45
15 50
16 14
16 16
17 2
17 29
18 0
18 6
19 26
19 47
20 36
20 39
21 17
21 42
22 5
22 27
23 1
23 22
24 1
24 19
25 11
25 39
26 31
26 49
27 28
27 49
28 23
28 45
29 8
29 33
30 11
30 14
31 3
31 24
32 44
32 50
33 21
33 48
34 34
34 36
35 0
35 5
36 16
36 30
37 46
37 47
38 9
38 10
39 25
39 30
40 38
40 44
41 38
41 48
42 29
42 43
43 4
43 8
44 10
44 18
45 22
45 35
46 13
46 43
47 13
47 31
48 9
48 17
49 23
49 24
50 18
50 35

# solution 196
# n=51 sym=rct4 status=verified source=flammenkamp_cache/n51_rct4.mvr
# code=mvr:0 16 0 36 1 21 1 35 2 22 2 24 3 21 3 30 
0 16
0 36
1 21
1 35
2 22
2 24
3 21
3 30
4 33
4 39
5 22
5 30
6 17
6 31
7 10
7 11
8 9
8 14
9 12
9 42
10 32
10 43
11 4
11 43
12 23
12 41
13 25
13 32
14 0
14 42
15 1
15 16
16 35
16 50
17 4
17 44
18 10
18 13
19 6
19 26
20 3
20 5
21 47
21 49
22 45
22 48
23 23
23 38
24 19
24 48
25 13
25 37
26 2
26 31
27 12
27 27
28 2
28 5
29 1
29 3
30 45
30 47
31 24
31 44
32 37
32 40
33 6
33 46
34 0
34 15
35 34
35 49
36 8
36 50
37 18
37 25
38 9
38 27
39 7
39 46
40 7
40 18
41 8
41 38
42 36
42 41
43 39
43 40
44 19
44 33
45 20
45 28
46 11
46 17
47 20
47 29
48 26
48 28
49 15
49 29
50 14
50 34

# solution 197
# n=51 sym=rct4 status=verified source=flammenkamp_cache/n51_rct4.mvr
# code=mvr:0 22 0 23 1 20 1 37 2 11 2 37 3 27 3 35 
0 22
0 23
1 20
1 37
2 11
2 37
3 27
3 35
4 18
4 36
5 15
5 28
6 6
6 41
7 10
7 14
8 9
8 29
9 6
9 42
10 16
10 43
11 24
11 48
12 16
12 18
13 1
13 2
14 4
14 43
15 3
15 45
16 38
16 40
17 19
17 25
18 38
18 46
19 26
19 33
20 29
20 49
21 8
21 20
22 5
22 50
23 3
23 50
24 19
24 39
25 17
25 33
26 11
26 31
27 0
27 47
28 0
28 45
29 30
29 42
30 1
30 21
31 17
31 24
32 4
32 12
33 25
33 31
34 10
34 12
35 5
35 47
36 7
36 46
37 48
37 49
38 32
38 34
39 2
39 26
40 7
40 34
41 8
41 44
42 21
42 41
43 36
43 40
44 9
44 44
45 22
45 35
46 14
46 32
47 15
47 23
48 13
48 39
49 13
49 30
50 27
50 28

# solution 198
# n=51 sym=rct4 status=verified source=flammenkamp_cache/n51_rct4.mvr
# code=mvr:0 19 0 21 1 9 1 27 2 12 2 22 3 32 3 34 4
0 19
0 21
1 9
1 27
2 12
2 22
3 32
3 34
4 7
4 40
5 8
5 15
6 30
6 38
7 29
7 46
8 40
8 45
9 37
9 49
10 4
10 8
11 16
11 27
12 6
12 48
13 9
13 13
14 15
14 25
15 36
15 45
16 3
16 39
17 26
17 32
18 3
18 17
19 26
19 50
20 6
20 22
21 7
21 50
22 30
22 48
23 1
23 11
24 17
24 19
25 14
25 36
26 31
26 33
27 39
27 49
28 2
28 20
29 0
29 43
30 28
30 44
31 0
31 24
32 33
32 47
33 18
33 24
34 11
34 47
35 5
35 14
36 25
36 35
37 37
37 41
38 2
38 44
39 23
39 34
40 42
40 46
41 1
41 13
42 5
42 10
43 4
43 21
44 12
44 20
45 35
45 42
46 10
46 43
47 16
47 18
48 28
48 38
49 23
49 41
50 29
50 31

# solution 199
# n=51 sym=rct4 status=verified source=flammenkamp_cache/n51_rct4.mvr
# code=mvr:0 19 0 33 1 11 1 25 2 28 2 37 3 16 3 28 
0 19
0 33
1 11
1 25
2 28
2 37
3 16
3 28
4 12
4 42
5 20
5 23
6 9
6 32
7 10
7 23
8 4
8 30
9 14
9 44
10 10
10 43
11 38
11 49
12 11
12 46
13 2
13 24
14 21
14 41
15 17
15 21
16 32
16 47
17 0
17 35
18 6
18 16
19 26
19 50
20 8
20 45
21 35
21 36
22 2
22 3
23 43
23 45
24 19
24 37
25 1
25 49
26 13
26 31
27 5
27 7
28 47
28 48
29 14
29 15
30 5
30 42
31 0
31 24
32 34
32 44
33 15
33 50
34 3
34 18
35 29
35 33
36 9
36 29
37 26
37 48
38 4
38 39
39 1
39 12
40 7
40 40
41 6
41 36
42 20
42 46
43 27
43 40
44 18
44 41
45 27
45 30
46 8
46 38
47 22
47 34
48 13
48 22
49 25
49 39
50 17
50 31

# solution 200
# n=51 sym=rct4 status=verified source=flammenkamp_cache/n51_rct4.mvr
# code=mvr:0 21 0 33 1 7 1 33 2 13 2 20 3 25 3 37 4
0 21
0 33
1 7
1 33
2 13
2 20
3 25
3 37
4 22
4 44
5 30
5 32
6 4
6 10
7 34
7 49
8 34
8 41
9 8
9 12
10 14
10 44
11 11
11 19
12 23
12 41
13 3
13 48
14 26
14 40
15 18
15 21
16 7
16 8
17 0
17 1
18 5
18 35
19 26
19 39
20 5
20 48
21 35
21 50
22 23
22 46
23 28
23 38
24 14
24 19
25 3
25 47
26 31
26 36
27 12
27 22
28 4
28 27
29 0
29 15
30 2
30 45
31 11
31 24
32 15
32 45
33 49
33 50
34 42
34 43
35 29
35 32
36 10
36 24
37 2
37 47
38 9
38 27
39 31
39 39
40 6
40 36
41 38
41 42
42 9
42 16
43 1
43 16
44 40
44 46
45 18
45 20
46 6
46 28
47 13
47 25
48 30
48 37
49 17
49 43
50 17
50 29

# solution 201
# n=51 sym=rct4 status=verified source=flammenkamp_cache/n51_rct4.mvr
# code=mvr:0 23 0 24 1 15 1 32 2 21 2 31 3 14 3 18 
0 23
0 24
1 15
1 32
2 21
2 31
3 14
3 18
4 34
4 37
5 41
5 42
6 7
6 20
7 37
7 44
8 5
8 33
9 5
9 15
10 12
10 20
11 23
11 36
12 25
12 40
13 4
13 7
14 11
14 47
15 41
15 49
16 4
16 16
17 8
17 28
18 1
18 47
19 2
19 26
20 40
20 44
21 28
21 48
22 17
22 21
23 39
23 50
24 19
24 50
25 12
25 38
26 0
26 31
27 0
27 11
28 29
28 33
29 2
29 22
30 6
30 10
31 24
31 48
32 3
32 49
33 22
33 42
34 34
34 46
35 1
35 9
36 3
36 39
37 43
37 46
38 10
38 25
39 14
39 27
40 30
40 38
41 35
41 45
42 17
42 45
43 6
43 13
44 30
44 43
45 8
45 9
46 13
46 16
47 32
47 36
48 19
48 29
49 18
49 35
50 26
50 27

# solution 202
# n=51 sym=rct4 status=verified source=flammenkamp_cache/n51_rct4.mvr
# code=mvr:0 23 0 24 1 15 1 32 2 21 2 31 3 14 3 18 
0 23
0 24
1 15
1 32
2 21
2 31
3 14
3 18
4 34
4 37
5 37
5 42
6 7
6 20
7 9
7 44
8 5
8 33
9 15
9 43
10 12
10 20
11 23
11 36
12 25
12 40
13 4
13 5
14 11
14 47
15 41
15 49
16 4
16 16
17 8
17 28
18 1
18 47
19 2
19 26
20 40
20 44
21 28
21 48
22 17
22 21
23 39
23 50
24 19
24 50
25 12
25 38
26 0
26 31
27 0
27 11
28 29
28 33
29 2
29 22
30 6
30 10
31 24
31 48
32 3
32 49
33 22
33 42
34 34
34 46
35 1
35 9
36 3
36 39
37 45
37 46
38 10
38 25
39 14
39 27
40 30
40 38
41 7
41 35
42 17
42 45
43 6
43 41
44 30
44 43
45 8
45 13
46 13
46 16
47 32
47 36
48 19
48 29
49 18
49 35
50 26
50 27

# solution 203
# n=51 sym=rct4 status=verified source=flammenkamp_cache/n51_rct4.mvr
# code=mvr:0 0 0 30 1 12 1 26 2 32 2 44 3 21 3 37 4
0 0
0 30
1 12
1 26
2 32
2 44
3 21
3 37
4 13
4 25
5 22
5 36
6 2
6 7
7 15
7 44
8 27
8 39
9 17
9 21
10 16
10 27
11 8
11 36
12 22
12 49
13 3
13 46
14 5
14 11
15 33
15 43
16 30
16 40
17 15
17 41
18 2
18 19
19 26
19 32
20 0
20 16
21 41
21 47
22 38
22 45
23 8
23 10
24 1
24 19
25 4
25 46
26 31
26 49
27 40
27 42
28 5
28 12
29 3
29 9
30 34
30 50
31 18
31 24
32 31
32 48
33 9
33 35
34 10
34 20
35 7
35 17
36 39
36 45
37 4
37 47
38 1
38 28
39 14
39 42
40 23
40 34
41 29
41 33
42 11
42 23
43 6
43 35
44 43
44 48
45 14
45 28
46 25
46 37
47 13
47 29
48 6
48 18
49 24
49 38
50 20
50 50

# solution 204
# n=51 sym=rct4 status=verified source=flammenkamp_cache/n51_rct4.mvr
# code=mvr:0 26 0 29 1 1 1 19 2 17 2 40 3 21 3 23 4
0 26
0 29
1 1
1 19
2 17
2 40
3 21
3 23
4 12
4 37
5 18
5 28
6 39
6 40
7 32
7 42
8 7
8 14
9 13
9 30
10 2
10 6
11 6
11 23
12 15
12 46
13 4
13 41
14 34
14 42
15 25
15 38
16 14
16 28
17 20
17 48
18 7
18 45
19 26
19 49
20 9
20 33
21 0
21 47
22 5
22 16
23 39
23 47
24 0
24 19
25 15
25 35
26 31
26 50
27 3
27 11
28 34
28 45
29 3
29 50
30 17
30 41
31 1
31 24
32 5
32 43
33 2
33 30
34 22
34 36
35 12
35 25
36 8
36 16
37 9
37 46
38 4
38 35
39 27
39 44
40 44
40 48
41 20
41 37
42 36
42 43
43 8
43 18
44 10
44 11
45 22
45 32
46 13
46 38
47 27
47 29
48 10
48 33
49 31
49 49
50 21
50 24

# solution 205
# n=51 sym=rct4 status=verified source=flammenkamp_cache/n51_rct4.mvr
# code=mvr:0 12 0 21 1 15 1 31 2 27 2 30 3 25 3 28 
0 12
0 21
1 15
1 31
2 27
2 30
3 25
3 28
4 13
4 36
5 5
5 17
6 8
6 17
7 30
7 39
8 23
8 44
9 10
9 36
10 34
10 41
11 7
11 15
12 32
12 50
13 24
13 46
14 4
14 9
15 39
15 49
16 10
16 18
17 44
17 45
18 12
18 34
19 1
19 26
20 2
20 7
21 22
21 50
22 3
22 29
23 2
23 42
24 19
24 37
25 3
25 47
26 13
26 31
27 8
27 48
28 21
28 47
29 0
29 28
30 43
30 48
31 24
31 49
32 16
32 38
33 5
33 6
34 32
34 40
35 1
35 11
36 41
36 46
37 4
37 26
38 0
38 18
39 35
39 43
40 9
40 16
41 14
41 40
42 6
42 27
43 11
43 20
44 33
44 42
45 33
45 45
46 14
46 37
47 22
47 25
48 20
48 23
49 19
49 35
50 29
50 38

# solution 206
# n=51 sym=rct4 status=verified source=flammenkamp_cache/n51_rct4.mvr
# code=mvr:0 5 0 30 1 1 1 16 2 22 2 25 3 12 3 36 4 
0 5
0 30
1 1
1 16
2 22
2 25
3 12
3 36
4 21
4 35
5 26
5 50
6 23
6 30
7 9
7 42
8 7
8 16
9 27
9 43
10 32
10 37
11 15
11 17
12 37
12 47
13 10
13 12
14 3
14 17
15 4
15 39
16 42
16 49
17 36
17 39
18 10
18 22
19 21
19 26
20 0
20 6
21 31
21 46
22 32
22 48
23 9
23 44
24 5
24 19
25 2
25 48
26 31
26 45
27 6
27 41
28 2
28 18
29 4
29 19
30 44
30 50
31 24
31 29
32 28
32 40
33 11
33 14
34 1
34 8
35 11
35 46
36 33
36 47
37 38
37 40
38 3
38 13
39 33
39 35
40 13
40 18
41 7
41 23
42 34
42 43
43 8
43 41
44 20
44 27
45 0
45 24
46 15
46 29
47 14
47 38
48 25
48 28
49 34
49 49
50 20
50 45

# solution 207
# n=51 sym=rct4 status=verified source=flammenkamp_cache/n51_rct4.mvr
# code=mvr:0 15 0 29 1 21 1 25 2 22 2 36 3 28 3 30 
0 15
0 29
1 21
1 25
2 22
2 36
3 28
3 30
4 37
4 41
5 7
5 27
6 6
6 14
7 32
7 45
8 31
8 38
9 4
9 10
10 17
10 41
11 23
11 38
12 8
12 11
13 4
13 16
14 2
14 44
15 33
15 50
16 30
16 37
17 15
17 40
18 7
18 26
19 8
19 26
20 3
20 16
21 0
21 49
22 3
22 48
23 5
23 39
24 18
24 19
25 1
25 49
26 31
26 32
27 11
27 45
28 2
28 47
29 1
29 50
30 34
30 47
31 24
31 42
32 24
32 43
33 10
33 35
34 13
34 20
35 0
35 17
36 6
36 48
37 34
37 46
38 39
38 42
39 12
39 27
40 9
40 33
41 40
41 46
42 12
42 19
43 5
43 18
44 36
44 44
45 23
45 43
46 9
46 13
47 20
47 22
48 14
48 28
49 25
49 29
50 21
50 35

# solution 208
# n=51 sym=rct4 status=verified source=flammenkamp_cache/n51_rct4.mvr
# code=mvr:0 21 0 29 1 16 1 32 2 8 2 14 3 16 3 20 4
0 21
0 29
1 16
1 32
2 8
2 14
3 16
3 20
4 5
4 39
5 25
5 46
6 28
6 31
7 35
7 40
8 20
8 48
9 17
9 27
10 7
10 37
11 4
11 35
12 22
12 37
13 10
13 12
14 18
14 48
15 7
15 11
16 47
16 49
17 27
17 41
18 1
18 36
19 6
19 26
20 42
20 47
21 0
21 50
22 6
22 38
23 9
23 17
24 19
24 24
25 5
25 45
26 26
26 31
27 33
27 41
28 12
28 44
29 0
29 50
30 3
30 8
31 24
31 44
32 14
32 49
33 9
33 23
34 1
34 3
35 39
35 43
36 2
36 32
37 38
37 40
38 13
38 28
39 15
39 46
40 13
40 43
41 23
41 33
42 2
42 30
43 10
43 15
44 19
44 22
45 4
45 25
46 11
46 45
47 30
47 34
48 36
48 42
49 18
49 34
50 21
50 29

# solution 209
# n=51 sym=rct4 status=verified source=flammenkamp_cache/n51_rct4.mvr
# code=mvr:0 22 0 33 1 22 1 24 2 36 2 46 3 17 3 18 
0 22
0 33
1 22
1 24
2 36
2 46
3 17
3 18
4 2
4 43
5 13
5 25
6 8
6 15
7 4
7 38
8 30
8 44
9 18
9 34
10 10
10 37
11 21
11 29
12 7
12 23
13 10
13 45
14 2
14 20
15 34
15 44
16 9
16 15
17 0
17 47
18 41
18 47
19 23
19 26
20 8
20 36
21 11
21 39
22 49
22 50
23 31
23 38
24 19
24 49
25 5
25 45
26 1
26 31
27 12
27 19
28 0
28 1
29 11
29 39
30 14
30 42
31 24
31 27
32 3
32 9
33 3
33 50
34 35
34 41
35 6
35 16
36 30
36 48
37 5
37 40
38 27
38 43
39 21
39 29
40 13
40 40
41 16
41 32
42 6
42 20
43 12
43 46
44 35
44 42
45 25
45 37
46 7
46 48
47 32
47 33
48 4
48 14
49 26
49 28
50 17
50 28

# solution 210
# n=51 sym=rct4 status=verified source=flammenkamp_cache/n51_rct4.mvr
# code=mvr:0 15 0 27 1 20 1 38 2 7 2 37 3 24 3 29 4
0 15
0 27
1 20
1 38
2 7
2 37
3 24
3 29
4 10
4 16
5 25
5 29
6 18
6 35
7 39
7 48
8 8
8 27
9 11
9 16
10 37
10 46
11 7
11 41
12 1
12 28
13 2
13 10
14 18
14 28
15 6
15 50
16 41
16 46
17 19
17 30
18 36
18 44
19 26
19 33
20 17
20 49
21 3
21 5
22 12
22 14
23 0
23 8
24 19
24 47
25 5
25 45
26 3
26 31
27 42
27 50
28 36
28 38
29 45
29 47
30 1
30 33
31 17
31 24
32 6
32 14
33 20
33 31
34 4
34 9
35 0
35 44
36 22
36 32
37 40
37 48
38 22
38 49
39 9
39 43
40 4
40 13
41 34
41 39
42 23
42 42
43 2
43 11
44 15
44 32
45 21
45 25
46 34
46 40
47 21
47 26
48 13
48 43
49 12
49 30
50 23
50 35

# solution 211
# n=51 sym=rct4 status=verified source=flammenkamp_cache/n51_rct4.mvr
# code=mvr:0 25 0 28 1 19 1 32 2 16 2 21 3 3 3 35 4
0 25
0 28
1 19
1 32
2 16
2 21
3 3
3 35
4 37
4 42
5 11
5 41
6 22
6 30
7 10
7 16
8 4
8 26
9 5
9 20
10 27
10 43
11 37
11 45
12 33
12 36
13 4
13 11
14 12
14 21
15 3
15 27
16 43
16 48
17 12
17 32
18 1
18 17
19 26
19 49
20 6
20 41
21 36
21 48
22 0
22 44
23 10
23 15
24 8
24 19
25 0
25 50
26 31
26 42
27 35
27 40
28 6
28 50
29 2
29 14
30 9
30 44
31 1
31 24
32 33
32 49
33 18
33 38
34 2
34 7
35 23
35 47
36 29
36 38
37 39
37 46
38 14
38 17
39 5
39 13
40 7
40 23
41 30
41 45
42 24
42 46
43 34
43 40
44 20
44 28
45 9
45 39
46 8
46 13
47 15
47 47
48 29
48 34
49 18
49 31
50 22
50 25

# solution 212
# n=51 sym=rct4 status=verified source=flammenkamp_cache/n51_rct4.mvr
# code=mvr:0 29 0 35 1 32 1 41 2 18 2 28 3 23 3 35 
0 29
0 35
1 32
1 41
2 18
2 28
3 23
3 35
4 4
4 5
5 11
5 46
6 19
6 20
7 10
7 16
8 9
8 37
9 1
9 42
10 36
10 43
11 17
11 45
12 22
12 29
13 8
13 26
14 10
14 17
15 0
15 3
16 20
16 43
17 36
17 39
18 1
18 48
19 26
19 44
20 34
20 44
21 0
21 12
22 2
22 38
23 25
23 47
24 13
24 19
25 23
25 27
26 31
26 37
27 3
27 25
28 12
28 48
29 38
29 50
30 6
30 16
31 6
31 24
32 2
32 49
33 11
33 14
34 7
34 30
35 47
35 50
36 33
36 40
37 24
37 42
38 21
38 28
39 5
39 33
40 7
40 14
41 8
41 49
42 13
42 41
43 34
43 40
44 30
44 31
45 4
45 39
46 45
46 46
47 15
47 27
48 22
48 32
49 9
49 18
50 15
50 21

# solution 213
# n=51 sym=rct4 status=verified source=flammenkamp_cache/n51_rct4.mvr
# code=mvr:0 22 0 27 1 16 1 30 2 30 2 32 3 3 3 35 4
0 22
0 27
1 16
1 30
2 30
2 32
3 3
3 35
4 11
4 17
5 14
5 39
6 14
6 32
7 9
7 21
8 9
8 16
9 42
9 43
10 13
10 35
11 5
11 46
12 27
12 28
13 24
13 40
14 44
14 45
15 3
15 10
16 42
16 49
17 19
17 46
18 2
18 6
19 26
19 33
20 1
20 2
21 25
21 43
22 12
22 50
23 0
23 12
24 19
24 37
25 21
25 29
26 13
26 31
27 38
27 50
28 0
28 38
29 7
29 25
30 48
30 49
31 17
31 24
32 44
32 48
33 4
33 31
34 1
34 8
35 40
35 47
36 5
36 6
37 10
37 26
38 22
38 23
39 4
39 45
40 15
40 37
41 7
41 8
42 34
42 41
43 29
43 41
44 18
44 36
45 11
45 36
46 33
46 39
47 15
47 47
48 18
48 20
49 20
49 34
50 23
50 28

# solution 214
# n=51 sym=rct4 status=verified source=flammenkamp_cache/n51_rct4.mvr
# code=mvr:0 12 0 34 1 20 1 33 2 27 2 35 3 20 3 24 
0 12
0 34
1 20
1 33
2 27
2 35
3 20
3 24
4 10
4 43
5 34
5 44
6 5
6 33
7 4
7 39
8 14
8 22
9 19
9 39
10 25
10 46
11 7
11 9
12 29
12 50
13 32
13 35
14 27
14 42
15 2
15 13
16 0
16 5
17 1
17 6
18 13
18 22
19 26
19 41
20 47
20 49
21 12
21 21
22 32
22 42
23 2
23 14
24 19
24 47
25 10
25 40
26 3
26 31
27 36
27 48
28 8
28 18
29 29
29 38
30 1
30 3
31 9
31 24
32 28
32 37
33 44
33 49
34 45
34 50
35 37
35 48
36 8
36 23
37 15
37 18
38 0
38 21
39 41
39 43
40 4
40 25
41 11
41 31
42 28
42 36
43 11
43 46
44 17
44 45
45 6
45 16
46 7
46 40
47 26
47 30
48 15
48 23
49 17
49 30
50 16
50 38

# solution 215
# n=51 sym=rct4 status=verified source=flammenkamp_cache/n51_rct4.mvr
# code=mvr:0 14 0 15 1 23 1 24 2 38 2 42 3 21 3 37 
0 14
0 15
1 23
1 24
2 38
2 42
3 21
3 37
4 28
4 37
5 7
5 40
6 17
6 38
7 10
7 45
8 2
8 22
9 9
9 30
10 5
10 43
11 18
11 20
12 2
12 6
13 3
13 4
14 16
14 50
15 27
15 50
16 17
16 36
17 34
17 44
18 19
18 39
19 26
19 32
20 9
20 39
21 25
21 47
22 4
22 42
23 15
23 49
24 19
24 49
25 21
25 29
26 1
26 31
27 1
27 35
28 8
28 46
29 3
29 25
30 11
30 41
31 18
31 24
32 11
32 31
33 6
33 16
34 14
34 33
35 0
35 23
36 0
36 34
37 46
37 47
38 44
38 48
39 30
39 32
40 7
40 45
41 20
41 41
42 28
42 48
43 5
43 40
44 12
44 33
45 10
45 43
46 13
46 22
47 13
47 29
48 8
48 12
49 26
49 27
50 35
50 36

# solution 216
# n=51 sym=rct4 status=verified source=flammenkamp_cache/n51_rct4.mvr
# code=mvr:0 0 0 29 1 23 1 35 2 7 2 18 3 14 3 15 4 
0 0
0 29
1 23
1 35
2 7
2 18
3 14
3 15
4 37
4 40
5 23
5 41
6 17
6 25
7 30
7 48
8 11
8 36
9 5
9 29
10 4
10 38
11 26
11 42
12 10
12 28
13 4
13 20
14 8
14 47
15 1
15 47
16 31
16 33
17 16
17 44
18 22
18 48
19 16
19 26
20 7
20 37
21 0
21 9
22 12
22 32
23 45
23 49
24 11
24 19
25 6
25 44
26 31
26 39
27 1
27 5
28 18
28 38
29 41
29 50
30 13
30 43
31 24
31 34
32 2
32 28
33 6
33 34
34 17
34 19
35 3
35 49
36 3
36 42
37 30
37 46
38 22
38 40
39 8
39 24
40 12
40 46
41 21
41 45
42 14
42 39
43 2
43 20
44 25
44 33
45 9
45 27
46 10
46 13
47 35
47 36
48 32
48 43
49 15
49 27
50 21
50 50

# solution 217
# n=51 sym=rct4 status=verified source=flammenkamp_cache/n51_rct4.mvr
# code=mvr:0 4 0 28 1 16 1 18 2 7 2 36 3 15 3 21 4 
0 4
0 28
1 16
1 18
2 7
2 36
3 15
3 21
4 4
4 50
5 13
5 20
6 25
6 40
7 34
7 48
8 26
8 36
9 17
9 32
10 6
10 11
11 28
11 40
12 13
12 35
13 38
13 45
14 2
14 8
15 12
15 47
16 7
16 49
17 27
17 41
18 9
18 49
19 21
19 26
20 27
20 45
21 31
21 47
22 0
22 11
23 17
23 20
24 8
24 19
25 6
25 44
26 31
26 42
27 30
27 33
28 39
28 50
29 3
29 19
30 5
30 23
31 24
31 29
32 1
32 41
33 9
33 23
34 1
34 43
35 3
35 38
36 42
36 48
37 5
37 12
38 15
38 37
39 10
39 22
40 39
40 44
41 18
41 33
42 14
42 24
43 2
43 16
44 10
44 25
45 30
45 37
46 0
46 46
47 29
47 35
48 14
48 43
49 32
49 34
50 22
50 46

# solution 218
# n=51 sym=rct4 status=verified source=flammenkamp_cache/n51_rct4.mvr
# code=mvr:0 20 0 28 1 32 1 37 2 3 2 38 3 19 3 48 4
0 20
0 28
1 32
1 37
2 3
2 38
3 19
3 48
4 37
4 39
5 20
5 32
6 9
6 12
7 17
7 29
8 9
8 23
9 42
9 44
10 14
10 27
11 4
11 34
12 2
12 44
13 1
13 4
14 25
14 40
15 29
15 33
16 11
16 16
17 15
17 43
18 1
18 5
19 26
19 47
20 45
20 50
21 7
21 15
22 0
22 26
23 10
23 42
24 19
24 22
25 14
25 36
26 28
26 31
27 8
27 40
28 24
28 50
29 35
29 43
30 0
30 5
31 3
31 24
32 45
32 49
33 7
33 35
34 34
34 39
35 17
35 21
36 10
36 25
37 46
37 49
38 6
38 48
39 16
39 46
40 23
40 36
41 6
41 8
42 27
42 41
43 21
43 33
44 38
44 41
45 18
45 30
46 11
46 13
47 2
47 31
48 12
48 47
49 13
49 18
50 22
50 30

# solution 219
# n=51 sym=rct4 status=verified source=flammenkamp_cache/n51_rct4.mvr
# code=mvr:0 21 0 32 1 27 1 35 2 15 2 20 3 9 3 43 4
0 21
0 32
1 27
1 35
2 15
2 20
3 9
3 43
4 14
4 40
5 5
5 31
6 21
6 36
7 3
7 12
8 23
8 39
9 20
9 47
10 4
10 32
11 8
11 16
12 13
12 43
13 25
13 38
14 6
14 46
15 1
15 48
16 17
16 39
17 24
17 34
18 0
18 10
19 5
19 22
20 41
20 48
21 44
21 50
22 26
22 31
23 1
23 42
24 22
24 33
25 13
25 37
26 17
26 28
27 8
27 49
28 19
28 24
29 0
29 6
30 2
30 9
31 28
31 45
32 40
32 50
33 16
33 26
34 11
34 33
35 2
35 49
36 4
36 44
37 12
37 25
38 7
38 37
39 34
39 42
40 18
40 46
41 3
41 30
42 11
42 27
43 38
43 47
44 14
44 29
45 19
45 45
46 10
46 36
47 7
47 41
48 30
48 35
49 15
49 23
50 18
50 29

# solution 220
# n=51 sym=rct4 status=verified source=flammenkamp_cache/n51_rct4.mvr
# code=mvr:0 19 0 22 1 37 1 39 2 32 2 39 3 17 3 20 
0 19
0 22
1 37
1 39
2 32
2 39
3 17
3 20
4 13
4 24
5 12
5 21
6 7
6 31
7 17
7 44
8 21
8 23
9 10
9 34
10 38
10 41
11 1
11 2
12 10
12 45
13 1
13 46
14 25
14 32
15 20
15 27
16 9
16 16
17 43
17 47
18 2
18 14
19 6
19 50
20 35
20 47
21 42
21 45
22 26
22 50
23 15
23 42
24 22
24 46
25 14
25 36
26 4
26 28
27 8
27 35
28 0
28 24
29 5
29 8
30 3
30 15
31 0
31 44
32 36
32 48
33 3
33 7
34 34
34 41
35 23
35 30
36 18
36 25
37 4
37 49
38 5
38 40
39 48
39 49
40 9
40 12
41 16
41 40
42 27
42 29
43 6
43 33
44 19
44 43
45 29
45 38
46 26
46 37
47 30
47 33
48 11
48 18
49 11
49 13
50 28
50 31

# solution 221
# n=51 sym=rct4 status=verified source=flammenkamp_cache/n51_rct4.mvr
# code=mvr:0 25 0 32 1 16 1 27 2 10 2 19 3 10 3 12 
0 25
0 32
1 16
1 27
2 10
2 19
3 10
3 12
4 23
4 30
5 32
5 39
6 17
6 39
7 7
7 42
8 7
8 36
9 21
9 31
10 47
10 48
11 5
11 6
12 35
12 47
13 24
13 34
14 8
14 35
15 12
15 14
16 13
16 49
17 21
17 44
18 0
18 5
19 9
19 48
20 4
20 28
21 33
21 41
22 20
22 26
23 1
23 46
24 22
24 37
25 0
25 50
26 13
26 28
27 4
27 49
28 24
28 30
29 9
29 17
30 22
30 46
31 2
31 41
32 45
32 50
33 6
33 29
34 1
34 37
35 36
35 38
36 15
36 42
37 16
37 26
38 3
38 15
39 44
39 45
40 2
40 3
41 19
41 29
42 14
42 43
43 8
43 43
44 11
44 33
45 11
45 18
46 20
46 27
47 38
47 40
48 31
48 40
49 23
49 34
50 18
50 25

# solution 222
# n=51 sym=rct4 status=verified source=flammenkamp_cache/n51_rct4.mvr
# code=mvr:0 12 0 22 1 20 1 26 2 15 2 32 3 9 3 12 4
0 12
0 22
1 20
1 26
2 15
2 32
3 9
3 12
4 34
4 43
5 5
5 23
6 34
6 37
7 4
7 39
8 32
8 39
9 14
9 47
10 21
10 23
11 7
11 8
12 47
12 50
13 6
13 19
14 35
14 41
15 14
15 48
16 4
16 6
17 19
17 25
18 2
18 8
19 33
19 37
20 21
20 49
21 30
21 40
22 26
22 50
23 40
23 45
24 1
24 22
25 17
25 33
26 28
26 49
27 5
27 10
28 0
28 24
29 10
29 20
30 1
30 29
31 13
31 17
32 42
32 48
33 25
33 31
34 44
34 46
35 2
35 36
36 9
36 15
37 31
37 44
38 0
38 3
39 42
39 43
40 27
40 29
41 3
41 36
42 11
42 18
43 11
43 46
44 13
44 16
45 27
45 45
46 7
46 16
47 38
47 41
48 18
48 35
49 24
49 30
50 28
50 38

# solution 223
# n=51 sym=rct4 status=verified source=flammenkamp_cache/n51_rct4.mvr
# code=mvr:0 11 0 41 1 26 1 32 2 15 2 38 3 23 3 31 
0 11
0 41
1 26
1 32
2 15
2 38
3 23
3 31
4 22
4 30
5 23
5 33
6 7
6 37
7 14
7 44
8 10
8 17
9 0
9 12
10 32
10 42
11 25
11 50
12 2
12 41
13 6
13 14
14 37
14 43
15 30
15 48
16 21
16 31
17 5
17 42
18 1
18 10
19 3
19 16
20 4
20 15
21 21
21 34
22 26
22 46
23 45
23 47
24 1
24 22
25 11
25 39
26 28
26 49
27 3
27 5
28 4
28 24
29 16
29 29
30 35
30 46
31 34
31 47
32 40
32 49
33 8
33 45
34 19
34 29
35 2
35 20
36 7
36 13
37 36
37 44
38 9
38 48
39 0
39 25
40 8
40 18
41 38
41 50
42 33
42 40
43 6
43 36
44 13
44 43
45 17
45 27
46 20
46 28
47 19
47 27
48 12
48 35
49 18
49 24
50 9
50 39

# solution 224
# n=51 sym=rct4 status=verified source=flammenkamp_cache/n51_rct4.mvr
# code=mvr:0 27 0 28 1 10 1 20 2 17 2 36 3 36 3 42 
0 27
0 28
1 10
1 20
2 17
2 36
3 36
3 42
4 20
4 24
5 31
5 34
6 7
6 41
7 13
7 44
8 3
8 23
9 6
9 17
10 12
10 49
11 19
11 34
12 29
12 40
13 13
13 43
14 2
14 3
15 21
15 32
16 5
16 11
17 41
17 48
18 15
18 25
19 5
19 39
20 46
20 49
21 12
21 35
22 0
22 26
23 0
23 42
24 22
24 46
25 18
25 32
26 4
26 28
27 8
27 50
28 24
28 50
29 15
29 38
30 1
30 4
31 11
31 45
32 25
32 35
33 2
33 9
34 39
34 45
35 18
35 29
36 47
36 48
37 7
37 37
38 10
38 21
39 16
39 31
40 1
40 38
41 33
41 44
42 27
42 47
43 6
43 37
44 9
44 43
45 16
45 19
46 26
46 30
47 8
47 14
48 14
48 33
49 30
49 40
50 22
50 23

# solution 225
# n=51 sym=rct4 status=verified source=flammenkamp_cache/n51_rct4.mvr
# code=mvr:0 19 0 33 1 28 1 35 2 35 2 43 3 8 3 16 4
0 19
0 33
1 28
1 35
2 35
2 43
3 8
3 16
4 14
4 21
5 23
5 37
6 16
6 29
7 2
7 23
8 12
8 47
9 32
9 33
10 10
10 37
11 20
11 36
12 26
12 42
13 5
13 10
14 11
14 46
15 1
15 2
16 44
16 47
17 0
17 9
18 9
18 30
19 25
19 50
20 18
20 39
21 6
21 46
22 1
22 26
23 43
23 45
24 12
24 22
25 19
25 31
26 28
26 38
27 5
27 7
28 24
28 49
29 4
29 44
30 11
30 32
31 0
31 25
32 20
32 41
33 41
33 50
34 3
34 6
35 48
35 49
36 4
36 39
37 40
37 45
38 8
38 24
39 14
39 30
40 13
40 40
41 17
41 18
42 3
42 38
43 27
43 48
44 21
44 34
45 13
45 27
46 29
46 36
47 34
47 42
48 7
48 15
49 15
49 22
50 17
50 31

# solution 226
# n=51 sym=rct4 status=verified source=flammenkamp_cache/n51_rct4.mvr
# code=mvr:0 18 0 34 1 24 1 34 2 13 2 28 3 31 3 43 
0 18
0 34
1 24
1 34
2 13
2 28
3 31
3 43
4 23
4 26
5 6
5 36
6 38
6 45
7 3
7 10
8 15
8 29
9 17
9 19
10 28
10 43
11 13
11 25
12 6
12 17
13 39
13 48
14 5
14 23
15 30
15 42
16 0
16 1
17 38
17 41
18 30
18 50
19 3
19 41
20 15
20 18
21 8
21 21
22 2
22 10
23 36
23 46
24 4
24 49
25 11
25 39
26 1
26 46
27 4
27 14
28 40
28 48
29 29
29 42
30 32
30 35
31 9
31 47
32 0
32 20
33 9
33 12
34 49
34 50
35 8
35 20
36 27
36 45
37 2
37 11
38 33
38 44
39 25
39 37
40 7
40 22
41 31
41 33
42 21
42 35
43 40
43 47
44 5
44 12
45 14
45 44
46 24
46 27
47 7
47 19
48 22
48 37
49 16
49 26
50 16
50 32

# solution 227
# n=51 sym=rct4 status=verified source=flammenkamp_cache/n51_rct4.mvr
# code=mvr:0 9 0 26 1 28 1 36 2 32 2 40 3 13 3 19 4
0 9
0 26
1 28
1 36
2 32
2 40
3 13
3 19
4 4
4 26
5 6
5 16
6 36
6 45
7 11
7 38
8 13
8 21
9 35
9 50
10 2
10 25
11 22
11 43
12 7
12 31
13 42
13 47
14 1
14 6
15 9
15 16
16 35
16 45
17 21
17 27
18 2
18 30
19 12
19 47
20 18
20 23
21 33
21 42
22 1
22 39
23 17
23 30
24 0
24 4
25 10
25 40
26 46
26 50
27 20
27 33
28 11
28 49
29 8
29 17
30 27
30 32
31 3
31 38
32 20
32 48
33 23
33 29
34 5
34 15
35 34
35 41
36 44
36 49
37 3
37 8
38 19
38 43
39 7
39 28
40 25
40 48
41 0
41 15
42 29
42 37
43 12
43 39
44 5
44 14
45 34
45 44
46 24
46 46
47 31
47 37
48 10
48 18
49 14
49 22
50 24
50 41

# solution 228
# n=51 sym=rct4 status=verified source=flammenkamp_cache/n51_rct4.mvr
# code=mvr:0 23 0 38 1 26 1 32 2 7 2 28 3 34 3 41 4
0 23
0 38
1 26
1 32
2 7
2 28
3 34
3 41
4 17
4 26
5 10
5 17
6 15
6 43
7 6
7 48
8 12
8 32
9 3
9 20
10 13
10 45
11 11
11 21
12 0
12 42
13 31
13 40
14 29
14 35
15 14
15 44
16 3
16 20
17 45
17 46
18 1
18 8
19 13
19 22
20 34
20 41
21 14
21 39
22 2
22 31
23 25
23 50
24 1
24 4
25 23
25 27
26 46
26 49
27 0
27 25
28 19
28 48
29 11
29 36
30 9
30 16
31 28
31 37
32 42
32 49
33 4
33 5
34 30
34 47
35 6
35 36
36 15
36 21
37 10
37 19
38 8
38 50
39 29
39 39
40 5
40 37
41 30
41 47
42 18
42 38
43 2
43 44
44 7
44 35
45 33
45 40
46 24
46 33
47 9
47 16
48 22
48 43
49 18
49 24
50 12
50 27

# solution 229
# n=51 sym=rct4 status=verified source=flammenkamp_cache/n51_rct4.mvr
# code=mvr:0 24 0 30 1 8 1 34 2 16 2 21 3 11 3 22 4
0 24
0 30
1 8
1 34
2 16
2 21
3 11
3 22
4 26
4 41
5 21
5 23
6 12
6 17
7 7
7 15
8 31
8 49
9 4
9 37
10 11
10 31
11 40
11 47
12 33
12 44
13 9
13 14
14 20
14 37
15 32
15 43
16 1
16 48
17 12
17 44
18 15
18 22
19 8
19 10
20 0
20 36
21 45
21 48
22 32
22 47
23 25
23 45
24 4
24 50
25 23
25 27
26 0
26 46
27 5
27 25
28 3
28 18
29 2
29 5
30 14
30 50
31 40
31 42
32 28
32 35
33 6
33 38
34 2
34 49
35 7
35 18
36 13
36 30
37 36
37 41
38 6
38 17
39 3
39 10
40 19
40 39
41 13
41 46
42 1
42 19
43 35
43 43
44 33
44 38
45 27
45 29
46 9
46 24
47 28
47 39
48 29
48 34
49 16
49 42
50 20
50 26

# solution 230
# n=51 sym=rct4 status=verified source=flammenkamp_cache/n51_rct4.mvr
# code=mvr:0 17 0 45 1 22 1 24 2 12 2 19 3 31 3 34 
0 17
0 45
1 22
1 24
2 12
2 19
3 31
3 34
4 23
4 26
5 0
5 9
6 14
6 37
7 10
7 35
8 17
8 30
9 15
9 45
10 11
10 43
11 32
11 40
12 12
12 48
13 6
13 22
14 30
14 44
15 7
15 41
16 3
16 21
17 42
17 50
18 11
18 29
19 3
19 48
20 8
20 14
21 18
21 34
22 37
22 49
23 25
23 46
24 4
24 49
25 23
25 27
26 1
26 46
27 4
27 25
28 1
28 13
29 16
29 32
30 36
30 42
31 2
31 47
32 21
32 39
33 0
33 8
34 29
34 47
35 9
35 43
36 6
36 20
37 28
37 44
38 2
38 38
39 10
39 18
40 7
40 39
41 5
41 35
42 20
42 33
43 15
43 40
44 13
44 36
45 41
45 50
46 24
46 27
47 16
47 19
48 31
48 38
49 26
49 28
50 5
50 33

# solution 231
# n=51 sym=rct4 status=verified source=flammenkamp_cache/n51_rct4.mvr
# code=mvr:0 21 0 24 1 15 1 16 2 21 2 30 3 32 3 38 
0 21
0 24
1 15
1 16
2 21
2 30
3 32
3 38
4 26
4 37
5 9
5 35
6 10
6 20
7 7
7 33
8 11
8 19
9 36
9 45
10 27
10 44
11 22
11 42
12 3
12 33
13 4
13 14
14 9
14 37
15 5
15 49
16 22
16 49
17 7
17 12
18 3
18 19
19 32
19 42
20 2
20 44
21 48
21 50
22 34
22 39
23 10
23 25
24 4
24 50
25 23
25 27
26 0
26 46
27 25
27 40
28 11
28 16
29 0
29 2
30 6
30 48
31 8
31 18
32 31
32 47
33 38
33 43
34 1
34 28
35 1
35 45
36 13
36 41
37 36
37 46
38 17
38 47
39 8
39 28
40 6
40 23
41 5
41 14
42 31
42 39
43 17
43 43
44 30
44 40
45 15
45 41
46 13
46 24
47 12
47 18
48 20
48 29
49 34
49 35
50 26
50 29

# solution 232
# n=51 sym=rct4 status=verified source=flammenkamp_cache/n51_rct4.mvr
# code=mvr:0 16 0 17 1 1 1 26 2 9 2 23 3 13 3 19 4 
0 16
0 17
1 1
1 26
2 9
2 23
3 13
3 19
4 26
4 43
5 10
5 34
6 15
6 32
7 4
7 12
8 15
8 39
9 39
9 48
10 25
10 45
11 8
11 9
12 21
12 43
13 27
13 47
14 28
14 32
15 42
15 44
16 5
16 50
17 21
17 50
18 6
18 14
19 20
19 47
20 28
20 31
21 33
21 38
22 14
22 20
23 13
23 48
24 1
24 4
25 10
25 40
26 46
26 49
27 2
27 37
28 30
28 36
29 12
29 17
30 19
30 22
31 3
31 30
32 36
32 44
33 0
33 29
34 0
34 45
35 6
35 8
36 18
36 22
37 3
37 23
38 7
38 29
39 41
39 42
40 5
40 25
41 2
41 11
42 11
42 35
43 38
43 46
44 18
44 35
45 16
45 40
46 7
46 24
47 31
47 37
48 27
48 41
49 24
49 49
50 33
50 34

# solution 233
# n=51 sym=rct4 status=verified source=flammenkamp_cache/n51_rct4.mvr
# code=mvr:0 37 0 48 1 14 1 32 2 0 2 11 3 26 3 30 4
0 37
0 48
1 14
1 32
2 0
2 11
3 26
3 30
4 20
4 26
5 21
5 35
6 9
6 14
7 21
7 25
8 35
8 39
9 9
9 44
10 19
10 34
11 8
11 48
12 32
12 37
13 0
13 12
14 44
14 49
15 5
15 8
16 10
16 27
17 22
17 31
18 1
18 12
19 17
19 40
20 3
20 46
21 43
21 45
22 23
22 33
23 16
23 28
24 3
24 4
25 7
25 43
26 46
26 47
27 22
27 34
28 17
28 27
29 5
29 7
30 4
30 47
31 10
31 33
32 38
32 49
33 19
33 28
34 23
34 40
35 42
35 45
36 1
36 6
37 38
37 50
38 13
38 18
39 2
39 42
40 16
40 31
41 6
41 41
42 11
42 15
43 25
43 29
44 36
44 41
45 15
45 29
46 24
46 30
47 20
47 24
48 39
48 50
49 18
49 36
50 2
50 13

# solution 234
# n=51 sym=rct4 status=verified source=flammenkamp_cache/n51_rct4.mvr
# code=mvr:0 24 0 32 1 16 1 37 2 28 2 33 3 16 3 44 
0 24
0 32
1 16
1 37
2 28
2 33
3 16
3 44
4 8
4 26
5 9
5 18
6 3
6 7
7 35
7 44
8 30
8 46
9 39
9 45
10 31
10 35
11 9
11 11
12 19
12 21
13 1
13 30
14 22
14 25
15 7
15 10
16 47
16 49
17 2
17 27
18 0
18 45
19 10
19 38
20 8
20 13
21 23
21 38
22 2
22 36
23 17
23 29
24 4
24 50
25 14
25 36
26 0
26 46
27 21
27 33
28 14
28 48
29 12
29 27
30 37
30 42
31 12
31 40
32 5
32 50
33 23
33 48
34 1
34 3
35 40
35 43
36 25
36 28
37 20
37 49
38 29
38 31
39 39
39 41
40 15
40 19
41 5
41 11
42 4
42 20
43 6
43 15
44 43
44 47
45 32
45 41
46 24
46 42
47 6
47 34
48 17
48 22
49 13
49 34
50 18
50 26

# solution 235
# n=51 sym=rct4 status=verified source=flammenkamp_cache/n51_rct4.mvr
# code=mvr:0 21 0 22 1 9 1 24 2 15 2 17 3 9 3 33 4 
0 21
0 22
1 9
1 24
2 15
2 17
3 9
3 33
4 20
4 21
5 26
5 34
6 38
6 43
7 6
7 40
8 32
8 40
9 47
9 49
10 7
10 8
11 12
11 19
12 6
12 39
13 13
13 28
14 23
14 32
15 19
15 48
16 5
16 27
17 3
17 48
18 8
18 14
19 35
19 39
20 25
20 46
21 46
21 50
22 13
22 50
23 16
23 36
24 5
24 49
25 20
25 30
26 1
26 45
27 14
27 34
28 0
28 37
29 0
29 4
30 4
30 25
31 11
31 15
32 36
32 42
33 2
33 47
34 23
34 45
35 2
35 31
36 18
36 27
37 22
37 37
38 11
38 44
39 31
39 38
40 42
40 43
41 1
41 3
42 10
42 18
43 10
43 44
44 7
44 12
45 16
45 24
46 29
46 30
47 17
47 41
48 33
48 35
49 26
49 41
50 28
50 29

# solution 236
# n=51 sym=rct4 status=verified source=flammenkamp_cache/n51_rct4.mvr
# code=mvr:0 24 0 27 1 17 1 29 2 12 2 35 3 17 3 25 
0 24
0 27
1 17
1 29
2 12
2 35
3 17
3 25
4 39
4 40
5 26
5 28
6 15
6 31
7 9
7 11
8 14
8 38
9 16
9 43
10 4
10 30
11 4
11 43
12 8
12 48
13 13
13 34
14 31
14 42
15 2
15 44
16 13
16 41
17 47
17 49
18 21
18 27
19 6
19 14
20 10
20 28
21 1
21 32
22 5
22 20
23 0
23 18
24 5
24 50
25 3
25 47
26 0
26 45
27 32
27 50
28 30
28 45
29 18
29 49
30 22
30 40
31 36
31 44
32 23
32 29
33 1
33 3
34 9
34 37
35 6
35 48
36 8
36 19
37 16
37 37
38 2
38 42
39 7
39 46
40 20
40 46
41 7
41 34
42 12
42 36
43 39
43 41
44 19
44 35
45 22
45 24
46 10
46 11
47 25
47 33
48 15
48 38
49 21
49 33
50 23
50 26

# solution 237
# n=51 sym=rct4 status=verified source=flammenkamp_cache/n51_rct4.mvr
# code=mvr:0 16 0 22 1 21 1 26 2 15 2 31 3 40 3 43 
0 16
0 22
1 21
1 26
2 15
2 31
3 40
3 43
4 13
4 17
5 8
5 26
6 32
6 36
7 3
7 41
8 17
8 45
9 7
9 19
10 3
10 34
11 22
11 29
12 12
12 32
13 14
13 46
14 6
14 37
15 27
15 48
16 10
16 50
17 42
17 46
18 6
18 12
19 2
19 41
20 23
20 25
21 11
21 49
22 39
22 50
23 15
23 30
24 1
24 5
25 20
25 30
26 45
26 49
27 20
27 35
28 0
28 11
29 1
29 39
30 25
30 27
31 9
31 48
32 38
32 44
33 4
33 8
34 0
34 40
35 2
35 23
36 13
36 44
37 4
37 36
38 18
38 38
39 21
39 28
40 16
40 47
41 31
41 43
42 5
42 33
43 9
43 47
44 14
44 18
45 24
45 42
46 33
46 37
47 7
47 10
48 19
48 35
49 24
49 29
50 28
50 34

# solution 238
# n=51 sym=rct4 status=verified source=flammenkamp_cache/n51_rct4.mvr
# code=mvr:0 20 0 24 1 37 1 38 2 14 2 16 3 19 3 27 
0 20
0 24
1 37
1 38
2 14
2 16
3 19
3 27
4 20
4 35
5 26
5 32
6 40
6 42
7 10
7 12
8 6
8 35
9 19
9 22
10 6
10 43
11 11
11 21
12 1
12 43
13 1
13 16
14 29
14 48
15 4
15 8
16 37
16 48
17 25
17 32
18 5
18 17
19 41
19 47
20 46
20 50
21 14
21 39
22 27
22 41
23 3
23 22
24 5
24 50
25 17
25 33
26 0
26 45
27 28
27 47
28 9
28 23
29 11
29 36
30 0
30 4
31 3
31 9
32 33
32 45
33 18
33 25
34 2
34 13
35 42
35 46
36 2
36 21
37 34
37 49
38 7
38 49
39 29
39 39
40 7
40 44
41 28
41 31
42 15
42 44
43 38
43 40
44 8
44 10
45 18
45 24
46 15
46 30
47 23
47 31
48 34
48 36
49 12
49 13
50 26
50 30

# solution 239
# n=51 sym=rct4 status=verified source=flammenkamp_cache/n51_rct4.mvr
# code=mvr:0 34 0 46 1 17 1 26 2 15 2 21 3 32 3 38 
0 34
0 46
1 17
1 26
2 15
2 21
3 32
3 38
4 0
4 28
5 26
5 27
6 11
6 21
7 17
7 42
8 7
8 32
9 15
9 20
10 38
10 39
11 10
11 44
12 3
12 10
13 25
13 30
14 14
14 34
15 41
15 48
16 0
16 14
17 43
17 49
18 3
18 8
19 27
19 28
20 13
20 41
21 44
21 48
22 4
22 19
23 5
23 19
24 1
24 5
25 13
25 37
26 45
26 49
27 31
27 45
28 31
28 46
29 2
29 6
30 9
30 37
31 22
31 23
32 42
32 47
33 1
33 7
34 36
34 50
35 2
35 9
36 16
36 36
37 20
37 25
38 40
38 47
39 6
39 40
40 11
40 12
41 30
41 35
42 18
42 43
43 8
43 33
44 29
44 39
45 23
45 24
46 22
46 50
47 12
47 18
48 29
48 35
49 24
49 33
50 4
50 16

# solution 240
# n=51 sym=rct4 status=verified source=flammenkamp_cache/n51_rct4.mvr
# code=mvr:0 3 0 9 1 26 1 36 2 22 2 31 3 28 3 50 4 
0 3
0 9
1 26
1 36
2 22
2 31
3 28
3 50
4 10
4 15
5 26
5 42
6 13
6 17
7 20
7 33
8 5
8 15
9 23
9 50
10 39
10 46
11 10
11 29
12 34
12 36
13 25
13 44
14 1
14 12
15 42
15 46
16 12
16 18
17 7
17 44
18 18
18 34
19 2
19 23
20 29
20 43
21 11
21 20
22 3
22 48
23 31
23 41
24 1
24 5
25 13
25 37
26 45
26 49
27 9
27 19
28 2
28 47
29 30
29 39
30 7
30 21
31 27
31 48
32 16
32 32
33 6
33 43
34 32
34 38
35 4
35 8
36 38
36 49
37 6
37 25
38 14
38 16
39 21
39 40
40 4
40 11
41 0
41 27
42 35
42 45
43 17
43 30
44 33
44 37
45 8
45 24
46 35
46 40
47 0
47 22
48 19
48 28
49 14
49 24
50 41
50 47

# solution 241
# n=51 sym=rct4 status=verified source=flammenkamp_cache/n51_rct4.mvr
# code=mvr:0 15 0 16 1 14 1 45 2 24 2 29 3 37 3 46 
0 15
0 16
1 14
1 45
2 24
2 29
3 37
3 46
4 3
4 29
5 1
5 26
6 17
6 38
7 22
7 25
8 19
8 40
9 33
9 35
10 8
10 32
11 11
11 16
12 6
12 37
13 3
13 12
14 27
14 49
15 9
15 50
16 39
16 50
17 9
17 44
18 10
18 30
19 22
19 42
20 18
20 27
21 2
21 4
22 31
22 43
23 14
23 20
24 5
24 48
25 7
25 43
26 2
26 45
27 30
27 36
28 7
28 19
29 46
29 48
30 23
30 32
31 8
31 28
32 20
32 40
33 6
33 41
34 0
34 11
35 0
35 41
36 1
36 23
37 38
37 47
38 13
38 44
39 34
39 39
40 18
40 42
41 15
41 17
42 10
42 31
43 25
43 28
44 12
44 33
45 24
45 49
46 21
46 47
47 4
47 13
48 21
48 26
49 5
49 36
50 34
50 35

# solution 242
# n=51 sym=rct4 status=verified source=flammenkamp_cache/n51_rct4.mvr
# code=mvr:0 17 0 26 1 21 1 26 2 34 2 36 3 10 3 32 
0 17
0 26
1 21
1 26
2 34
2 36
3 10
3 32
4 19
4 39
5 23
5 44
6 5
6 39
7 9
7 23
8 17
8 37
9 35
9 43
10 31
10 47
11 4
11 6
12 16
12 20
13 8
13 29
14 2
14 35
15 9
15 14
16 2
16 38
17 42
17 50
18 3
18 22
19 10
19 46
20 20
20 38
21 13
21 49
22 25
22 32
23 43
23 45
24 0
24 1
25 22
25 28
26 49
26 50
27 5
27 7
28 18
28 25
29 1
29 37
30 12
30 30
31 4
31 40
32 28
32 47
33 0
33 8
34 12
34 48
35 36
35 41
36 15
36 48
37 21
37 42
38 30
38 34
39 44
39 46
40 3
40 19
41 7
41 15
42 13
42 33
43 27
43 41
44 11
44 45
45 6
45 27
46 11
46 31
47 18
47 40
48 14
48 16
49 24
49 29
50 24
50 33

# solution 243
# n=51 sym=rct4 status=verified source=flammenkamp_cache/n51_rct4.mvr
# code=mvr:0 17 0 26 1 21 1 26 2 34 2 36 3 10 3 32 
0 17
0 26
1 21
1 26
2 34
2 36
3 10
3 32
4 11
4 19
5 23
5 44
6 5
6 39
7 9
7 23
8 17
8 37
9 35
9 43
10 31
10 47
11 6
11 46
12 16
12 20
13 8
13 29
14 2
14 35
15 9
15 14
16 2
16 38
17 42
17 50
18 3
18 22
19 10
19 46
20 20
20 38
21 13
21 49
22 25
22 32
23 43
23 45
24 0
24 1
25 22
25 28
26 49
26 50
27 5
27 7
28 18
28 25
29 1
29 37
30 12
30 30
31 4
31 40
32 28
32 47
33 0
33 8
34 12
34 48
35 36
35 41
36 15
36 48
37 21
37 42
38 30
38 34
39 4
39 44
40 3
40 19
41 7
41 15
42 13
42 33
43 27
43 41
44 11
44 45
45 6
45 27
46 31
46 39
47 18
47 40
48 14
48 16
49 24
49 29
50 24
50 33

# solution 244
# n=51 sym=rct4 status=verified source=flammenkamp_cache/n51_rct4.mvr
# code=mvr:0 6 0 28 1 24 1 26 2 21 2 32 3 33 3 37 4
0 6
0 28
1 24
1 26
2 21
2 32
3 33
3 37
4 13
4 32
5 21
5 36
6 12
6 50
7 10
7 25
8 15
8 39
9 17
9 30
10 23
10 43
11 8
11 19
12 34
12 44
13 3
13 46
14 5
14 19
15 34
15 42
16 12
16 15
17 3
17 41
18 2
18 4
19 36
19 39
20 9
20 20
21 45
21 48
22 0
22 27
23 22
23 40
24 1
24 49
25 7
25 43
26 1
26 49
27 10
27 28
28 23
28 50
29 2
29 5
30 30
30 41
31 11
31 14
32 46
32 48
33 9
33 47
34 35
34 38
35 8
35 16
36 31
36 45
37 4
37 47
38 6
38 16
39 31
39 42
40 7
40 27
41 20
41 33
42 11
42 35
43 25
43 40
44 0
44 38
45 14
45 29
46 18
46 37
47 13
47 17
48 18
48 29
49 24
49 26
50 22
50 44

# solution 245
# n=51 sym=rct4 status=verified source=flammenkamp_cache/n51_rct4.mvr
# code=mvr:0 24 0 42 1 26 1 34 2 15 2 31 3 6 3 40 4
0 24
0 42
1 26
1 34
2 15
2 31
3 6
3 40
4 17
4 19
5 15
5 36
6 33
6 47
7 9
7 27
8 0
8 16
9 9
9 43
10 3
10 12
11 20
11 29
12 32
12 40
13 25
13 32
14 5
14 20
15 45
15 48
16 1
16 42
17 6
17 46
18 12
18 13
19 2
19 46
20 36
20 39
21 11
21 22
22 27
22 29
23 7
23 22
24 1
24 50
25 13
25 37
26 0
26 49
27 28
27 43
28 21
28 23
29 28
29 39
30 11
30 14
31 4
31 48
32 37
32 38
33 4
33 44
34 8
34 49
35 2
35 5
36 30
36 45
37 18
37 25
38 10
38 18
39 21
39 30
40 38
40 47
41 7
41 41
42 34
42 50
43 23
43 41
44 3
44 17
45 14
45 35
46 31
46 33
47 10
47 44
48 19
48 35
49 16
49 24
50 8
50 26

# solution 246
# n=51 sym=rct4 status=verified source=flammenkamp_cache/n51_rct4.mvr
# code=mvr:0 16 0 24 1 26 1 38 2 15 2 19 3 14 3 33 
0 16
0 24
1 26
1 38
2 15
2 19
3 14
3 33
4 25
4 28
5 10
5 18
6 38
6 40
7 15
7 39
8 14
8 20
9 27
9 29
10 6
10 45
11 7
11 37
12 1
12 6
13 11
13 18
14 42
14 47
15 43
15 48
16 31
16 50
17 3
17 17
18 37
18 45
19 16
19 48
20 27
20 42
21 9
21 28
22 4
22 21
23 9
23 20
24 1
24 50
25 4
25 46
26 0
26 49
27 30
27 41
28 29
28 46
29 22
29 41
30 8
30 23
31 2
31 34
32 5
32 13
33 33
33 47
34 0
34 19
35 2
35 7
36 3
36 8
37 32
37 39
38 44
38 49
39 13
39 43
40 5
40 44
41 21
41 23
42 30
42 36
43 11
43 35
44 10
44 12
45 32
45 40
46 22
46 25
47 17
47 36
48 31
48 35
49 12
49 24
50 26
50 34

# solution 247
# n=51 sym=rct4 status=verified source=flammenkamp_cache/n51_rct4.mvr
# code=mvr:0 24 0 36 1 26 1 31 2 21 2 42 3 10 3 20 
0 24
0 36
1 26
1 31
2 21
2 42
3 10
3 20
4 25
4 34
5 13
5 43
6 13
6 31
7 5
7 17
8 2
8 41
9 8
9 32
10 12
10 47
11 15
11 21
12 32
12 40
13 44
13 45
14 0
14 23
15 15
15 39
16 4
16 20
17 28
17 43
18 9
18 12
19 1
19 6
20 34
20 47
21 39
21 48
22 17
22 27
23 22
23 36
24 1
24 50
25 4
25 46
26 0
26 49
27 14
27 28
28 23
28 33
29 2
29 11
30 3
30 16
31 44
31 49
32 38
32 41
33 7
33 22
34 30
34 46
35 11
35 35
36 27
36 50
37 5
37 6
38 10
38 18
39 29
39 35
40 3
40 38
41 18
41 42
42 9
42 48
43 33
43 45
44 19
44 37
45 7
45 37
46 16
46 25
47 30
47 40
48 8
48 29
49 19
49 24
50 14
50 26

# solution 248
# n=51 sym=rct4 status=verified source=flammenkamp_cache/n51_rct4.mvr
# code=mvr:0 6 0 26 1 26 1 35 2 8 2 28 3 16 3 35 4 
0 6
0 26
1 26
1 35
2 8
2 28
3 16
3 35
4 19
4 23
5 14
5 33
6 14
6 50
7 9
7 39
8 21
8 48
9 27
9 43
10 30
10 39
11 7
11 10
12 21
12 33
13 13
13 18
14 44
14 45
15 1
15 3
16 31
16 47
17 5
17 12
18 25
18 37
19 16
19 46
20 10
20 28
21 38
21 42
22 2
22 20
23 9
23 46
24 0
24 1
25 18
25 32
26 49
26 50
27 4
27 41
28 30
28 48
29 8
29 12
30 22
30 40
31 4
31 34
32 13
32 25
33 38
33 45
34 3
34 19
35 47
35 49
36 5
36 6
37 32
37 37
38 17
38 29
39 40
39 43
40 11
40 20
41 7
41 23
42 2
42 29
43 11
43 41
44 0
44 36
45 17
45 36
46 27
46 31
47 15
47 34
48 22
48 42
49 15
49 24
50 24
50 44

# solution 249
# n=51 sym=rct4 status=verified source=flammenkamp_cache/n51_rct4.mvr
# code=mvr:0 21 0 27 1 17 1 25 2 37 2 41 3 15 3 34 
0 21
0 27
1 17
1 25
2 37
2 41
3 15
3 34
4 40
4 43
5 14
5 24
6 6
6 26
7 4
7 32
8 13
8 28
9 2
9 34
10 4
10 14
11 20
11 23
12 20
12 35
13 2
13 42
14 40
14 45
15 12
15 47
16 3
16 9
17 19
17 49
18 7
18 22
19 29
19 33
20 38
20 39
21 19
21 50
22 8
22 32
23 0
23 39
24 6
24 45
25 1
25 49
26 5
26 44
27 11
27 50
28 18
28 42
29 0
29 31
30 11
30 12
31 17
31 21
32 28
32 43
33 1
33 31
34 41
34 47
35 3
35 38
36 5
36 10
37 8
37 48
38 15
38 30
39 27
39 30
40 36
40 46
41 16
41 48
42 22
42 37
43 18
43 46
44 24
44 44
45 26
45 36
46 7
46 10
47 16
47 35
48 9
48 13
49 25
49 33
50 23
50 29

# solution 250
# n=51 sym=rct4 status=verified source=flammenkamp_cache/n51_rct4.mvr
# code=mvr:0 15 0 18 1 9 1 12 2 22 2 26 3 33 3 45 4
0 15
0 18
1 9
1 12
2 22
2 26
3 33
3 45
4 4
4 31
5 3
5 18
6 26
6 35
7 36
7 42
8 7
8 11
9 20
9 49
10 14
10 17
11 34
11 42
12 22
12 49
13 25
13 27
14 7
14 40
15 6
15 50
16 11
16 21
17 3
17 40
18 45
18 50
19 4
19 27
20 21
20 41
21 30
21 34
22 38
22 48
23 13
23 19
24 2
24 6
25 13
25 37
26 44
26 48
27 31
27 37
28 2
28 12
29 16
29 20
30 9
30 29
31 23
31 46
32 0
32 5
33 10
33 47
34 29
34 39
35 0
35 44
36 10
36 43
37 23
37 25
38 1
38 28
39 8
39 16
40 33
40 36
41 1
41 30
42 39
42 43
43 8
43 14
44 15
44 24
45 32
45 47
46 19
46 46
47 5
47 17
48 24
48 28
49 38
49 41
50 32
50 35

# solution 251
# n=51 sym=rct4 status=verified source=flammenkamp_cache/n51_rct4.mvr
# code=mvr:0 12 0 18 1 10 1 35 2 24 2 29 3 16 3 39 
0 12
0 18
1 10
1 35
2 24
2 29
3 16
3 39
4 20
4 42
5 19
5 28
6 26
6 43
7 6
7 13
8 4
8 39
9 9
9 16
10 31
10 49
11 3
11 8
12 27
12 50
13 21
13 43
14 17
14 35
15 1
15 14
16 41
16 47
17 27
17 36
18 22
18 50
19 10
19 45
20 25
20 46
21 2
21 37
22 5
22 32
23 12
23 17
24 6
24 48
25 20
25 30
26 2
26 44
27 33
27 38
28 18
28 45
29 13
29 48
30 4
30 25
31 5
31 40
32 0
32 28
33 14
33 23
34 3
34 9
35 36
35 49
36 15
36 33
37 7
37 29
38 0
38 23
39 42
39 47
40 1
40 19
41 34
41 41
42 11
42 46
43 37
43 44
44 7
44 24
45 22
45 31
46 8
46 30
47 11
47 34
48 21
48 26
49 15
49 40
50 32
50 38

# solution 252
# n=51 sym=rct4 status=verified source=flammenkamp_cache/n51_rct4.mvr
# code=mvr:0 21 0 35 1 16 1 26 2 22 2 30 3 9 3 13 4
0 21
0 35
1 16
1 26
2 22
2 30
3 9
3 13
4 10
4 36
5 5
5 34
6 8
6 26
7 19
7 39
8 39
8 44
9 30
9 47
10 36
10 46
11 7
11 8
12 13
12 21
13 38
13 47
14 4
14 10
15 0
15 18
16 5
16 49
17 19
17 25
18 27
18 35
19 33
19 43
20 2
20 9
21 38
21 50
22 23
22 48
23 18
23 28
24 1
24 6
25 17
25 33
26 44
26 49
27 22
27 32
28 2
28 27
29 0
29 12
30 41
30 48
31 7
31 17
32 15
32 23
33 25
33 31
34 1
34 45
35 32
35 50
36 40
36 46
37 3
37 12
38 29
38 37
39 42
39 43
40 4
40 14
41 3
41 20
42 6
42 11
43 11
43 31
44 24
44 42
45 16
45 45
46 14
46 40
47 37
47 41
48 20
48 28
49 24
49 34
50 15
50 29

# solution 253
# n=51 sym=rct4 status=verified source=flammenkamp_cache/n51_rct4.mvr
# code=mvr:0 15 0 26 1 27 1 32 2 19 2 37 3 15 3 33 
0 15
0 26
1 27
1 32
2 19
2 37
3 15
3 33
4 27
4 40
5 8
5 36
6 26
6 30
7 7
7 11
8 36
8 45
9 21
9 22
10 4
10 38
11 16
11 43
12 10
12 17
13 2
13 29
14 5
14 8
15 47
15 50
16 31
16 39
17 3
17 38
18 1
18 25
19 16
19 48
20 6
20 22
21 13
21 41
22 30
22 41
23 1
23 4
24 0
24 6
25 18
25 32
26 44
26 50
27 46
27 49
28 9
28 20
29 9
29 37
30 28
30 44
31 2
31 34
32 25
32 49
33 12
33 47
34 11
34 19
35 0
35 3
36 42
36 45
37 21
37 48
38 33
38 40
39 7
39 34
40 12
40 46
41 28
41 29
42 5
42 14
43 39
43 43
44 20
44 24
45 14
45 42
46 10
46 23
47 17
47 35
48 13
48 31
49 18
49 23
50 24
50 35

# solution 254
# n=51 sym=rct4 status=verified source=flammenkamp_cache/n51_rct4.mvr
# code=mvr:0 16 0 25 1 1 1 20 2 7 2 19 3 30 3 40 4 
0 16
0 25
1 1
1 20
2 7
2 19
3 30
3 40
4 24
4 36
5 37
5 38
6 26
6 32
7 16
7 48
8 9
8 11
9 35
9 42
10 3
10 29
11 27
11 42
12 5
12 14
13 5
13 22
14 4
14 38
15 9
15 29
16 43
16 50
17 22
17 32
18 6
18 17
19 27
19 48
20 3
20 49
21 10
21 15
22 33
22 37
23 11
23 19
24 6
24 46
25 0
25 50
26 4
26 44
27 31
27 39
28 13
28 17
29 35
29 40
30 1
30 47
31 2
31 23
32 33
32 44
33 18
33 28
34 0
34 7
35 21
35 41
36 12
36 46
37 28
37 45
38 36
38 45
39 8
39 23
40 21
40 47
41 8
41 15
42 39
42 41
43 2
43 34
44 18
44 24
45 12
45 13
46 14
46 26
47 10
47 20
48 31
48 43
49 30
49 49
50 25
50 34

# solution 255
# n=51 sym=rct4 status=verified source=flammenkamp_cache/n51_rct4.mvr
# code=mvr:0 15 0 16 1 25 1 37 2 30 2 33 3 20 3 33 
0 15
0 16
1 25
1 37
2 30
2 33
3 20
3 33
4 26
4 41
5 11
5 14
6 6
6 26
7 36
7 42
8 7
8 19
9 4
9 11
10 21
10 37
11 41
11 45
12 29
12 31
13 1
13 10
14 7
14 45
15 27
15 50
16 32
16 50
17 2
17 3
18 16
18 28
19 12
19 42
20 2
20 47
21 12
21 40
22 18
22 23
23 15
23 28
24 4
24 6
25 1
25 49
26 44
26 46
27 22
27 35
28 27
28 32
29 10
29 38
30 3
30 48
31 8
31 38
32 22
32 34
33 47
33 48
34 0
34 18
35 0
35 23
36 5
36 43
37 40
37 49
38 19
38 21
39 5
39 9
40 13
40 29
41 39
41 46
42 31
42 43
43 8
43 14
44 24
44 44
45 36
45 39
46 9
46 24
47 17
47 30
48 17
48 20
49 13
49 25
50 34
50 35

# solution 256
# n=51 sym=rct4 status=verified source=flammenkamp_cache/n51_rct4.mvr
# code=mvr:0 22 0 29 1 14 1 26 2 11 2 19 3 40 3 46 
0 22
0 29
1 14
1 26
2 11
2 19
3 40
3 46
4 3
4 35
5 20
5 22
6 6
6 26
7 31
7 33
8 12
8 20
9 35
9 36
10 3
10 16
11 12
11 48
12 39
12 42
13 16
13 17
14 9
14 49
15 4
15 9
16 37
16 40
17 7
17 37
18 23
18 29
19 7
19 48
20 42
20 45
21 0
21 18
22 45
22 50
23 25
23 32
24 1
24 6
25 23
25 27
26 44
26 49
27 18
27 25
28 0
28 5
29 32
29 50
30 5
30 8
31 2
31 43
32 21
32 27
33 13
33 43
34 10
34 13
35 41
35 46
36 1
36 41
37 33
37 34
38 8
38 11
39 2
39 38
40 34
40 47
41 14
41 15
42 30
42 38
43 17
43 19
44 24
44 44
45 28
45 30
46 15
46 47
47 4
47 10
48 31
48 39
49 24
49 36
50 21
50 28

# solution 257
# n=51 sym=rct4 status=verified source=flammenkamp_cache/n51_rct4.mvr
# code=mvr:0 25 0 26 1 27 1 34 2 13 2 21 3 20 3 36 
0 25
0 26
1 27
1 34
2 13
2 21
3 20
3 36
4 11
4 34
5 17
5 39
6 10
6 26
7 7
7 15
8 28
8 37
9 12
9 19
10 17
10 44
11 5
11 46
12 15
12 41
13 8
13 48
14 3
14 28
15 38
15 43
16 1
16 4
17 40
17 45
18 19
18 27
19 32
19 41
20 21
20 47
21 30
21 48
22 8
22 14
23 1
23 18
24 0
24 6
25 0
25 50
26 44
26 50
27 32
27 49
28 36
28 42
29 2
29 20
30 3
30 29
31 9
31 18
32 23
32 31
33 5
33 10
34 46
34 49
35 7
35 12
36 22
36 47
37 2
37 42
38 9
38 35
39 4
39 45
40 6
40 33
41 31
41 38
42 13
42 22
43 35
43 43
44 24
44 40
45 11
45 33
46 16
46 39
47 14
47 30
48 29
48 37
49 16
49 23
50 24
50 25

# solution 258
# n=51 sym=rct4 status=verified source=flammenkamp_cache/n51_rct4.mvr
# code=mvr:0 26 0 34 1 11 1 16 2 15 2 23 3 3 3 7 4 
0 26
0 34
1 11
1 16
2 15
2 23
3 3
3 7
4 32
4 36
5 32
5 40
6 25
6 26
7 41
7 47
8 35
8 36
9 7
9 39
10 5
10 22
11 9
11 49
12 29
12 33
13 21
13 33
14 4
14 8
15 8
15 48
16 0
16 49
17 12
17 13
18 4
18 5
19 22
19 30
20 19
20 23
21 12
21 37
22 31
22 40
23 30
23 48
24 0
24 6
25 6
25 44
26 44
26 50
27 2
27 20
28 10
28 19
29 13
29 38
30 27
30 31
31 20
31 28
32 45
32 46
33 37
33 38
34 1
34 50
35 2
35 42
36 42
36 46
37 17
37 29
38 17
38 21
39 1
39 41
40 28
40 45
41 11
41 43
42 14
42 15
43 3
43 9
44 24
44 25
45 10
45 18
46 14
46 18
47 43
47 47
48 27
48 35
49 34
49 39
50 16
50 24

# solution 259
# n=51 sym=rct4 status=verified source=flammenkamp_cache/n51_rct4.mvr
# code=mvr:0 19 0 33 1 20 1 26 2 16 2 35 3 11 3 16 
0 19
0 33
1 20
1 26
2 16
2 35
3 11
3 16
4 4
4 38
5 10
5 23
6 26
6 32
7 32
7 33
8 10
8 22
9 19
9 25
10 42
10 45
11 12
11 47
12 4
12 39
13 22
13 30
14 29
14 35
15 2
15 14
16 47
16 48
17 0
17 7
18 6
18 7
19 41
19 50
20 13
20 49
21 14
21 23
22 37
22 42
23 29
23 45
24 1
24 6
25 9
25 41
26 44
26 49
27 5
27 21
28 8
28 13
29 27
29 36
30 1
30 37
31 0
31 9
32 43
32 44
33 43
33 50
34 2
34 3
35 36
35 48
36 15
36 21
37 20
37 28
38 11
38 46
39 3
39 38
40 5
40 8
41 25
41 31
42 28
42 40
43 17
43 18
44 18
44 24
45 27
45 40
46 12
46 46
47 34
47 39
48 15
48 34
49 24
49 30
50 17
50 31

# solution 260
# n=51 sym=rct4 status=verified source=flammenkamp_cache/n51_rct4.mvr
# code=mvr:0 27 0 29 1 14 1 16 2 15 2 43 3 22 3 33 
0 27
0 29
1 14
1 16
2 15
2 43
3 22
3 33
4 24
4 43
5 16
5 17
6 26
6 32
7 2
7 4
8 10
8 35
9 11
9 13
10 29
10 42
11 32
11 41
12 20
12 28
13 36
13 41
14 13
14 49
15 8
15 48
16 45
16 49
17 3
17 45
18 6
18 11
19 25
19 27
20 20
20 38
21 0
21 10
22 12
22 47
23 0
23 19
24 6
24 46
25 19
25 31
26 4
26 44
27 31
27 50
28 3
28 38
29 40
29 50
30 12
30 30
31 23
31 25
32 39
32 44
33 5
33 47
34 1
34 5
35 2
35 42
36 1
36 37
37 9
37 14
38 22
38 30
39 9
39 18
40 8
40 21
41 37
41 39
42 15
42 40
43 46
43 48
44 18
44 24
45 33
45 34
46 7
46 26
47 17
47 28
48 7
48 35
49 34
49 36
50 21
50 23

# solution 261
# n=51 sym=rct4 status=verified source=flammenkamp_cache/n51_rct4.mvr
# code=mvr:0 11 0 28 1 20 1 24 2 34 2 41 3 14 3 29 
0 11
0 28
1 20
1 24
2 34
2 41
3 14
3 29
4 19
4 34
5 14
5 29
6 26
6 42
7 35
7 41
8 6
8 11
9 2
9 7
10 20
10 27
11 42
11 50
12 12
12 33
13 18
13 23
14 45
14 47
15 7
15 28
16 2
16 4
17 12
17 32
18 17
18 37
19 25
19 46
20 40
20 49
21 3
21 5
22 0
22 15
23 10
23 37
24 6
24 49
25 19
25 31
26 1
26 44
27 13
27 40
28 35
28 50
29 45
29 47
30 1
30 10
31 4
31 25
32 13
32 33
33 18
33 38
34 46
34 48
35 22
35 43
36 3
36 5
37 27
37 32
38 17
38 38
39 0
39 8
40 23
40 30
41 43
41 48
42 39
42 44
43 9
43 15
44 8
44 24
45 21
45 36
46 16
46 31
47 21
47 36
48 9
48 16
49 26
49 30
50 22
50 39

# solution 262
# n=51 sym=rct4 status=verified source=flammenkamp_cache/n51_rct4.mvr
# code=mvr:0 4 0 16 1 22 1 27 2 21 2 34 3 4 3 40 4 
0 4
0 16
1 22
1 27
2 21
2 34
3 4
3 40
4 47
4 50
5 20
5 26
6 11
6 26
7 33
7 35
8 12
8 14
9 9
9 11
10 3
10 33
11 41
11 44
12 27
12 42
13 15
13 25
14 20
14 42
15 7
15 37
16 2
16 50
17 7
17 10
18 21
18 31
19 18
19 22
20 36
20 45
21 32
21 48
22 31
22 49
23 1
23 12
24 5
24 6
25 13
25 37
26 44
26 45
27 38
27 49
28 1
28 19
29 2
29 18
30 5
30 14
31 28
31 32
32 19
32 29
33 40
33 43
34 0
34 48
35 13
35 43
36 8
36 30
37 25
37 35
38 8
38 23
39 6
39 9
40 17
40 47
41 39
41 41
42 36
42 38
43 15
43 17
44 24
44 39
45 24
45 30
46 0
46 3
47 10
47 46
48 16
48 29
49 23
49 28
50 34
50 46

# solution 263
# n=51 sym=rct4 status=verified source=flammenkamp_cache/n51_rct4.mvr
# code=mvr:0 26 0 34 1 27 1 32 2 13 2 29 3 41 3 45 
0 26
0 34
1 27
1 32
2 13
2 29
3 41
3 45
4 11
4 42
5 3
5 13
6 20
6 26
7 11
7 38
8 4
8 8
9 3
9 23
10 19
10 25
11 43
11 46
12 7
12 35
13 45
13 48
14 16
14 17
15 12
15 28
16 0
16 36
17 28
17 36
18 1
18 19
19 32
19 40
20 29
20 44
21 2
21 20
22 15
22 17
23 1
23 41
24 0
24 6
25 10
25 40
26 44
26 50
27 9
27 49
28 33
28 35
29 30
29 48
30 6
30 21
31 10
31 18
32 31
32 49
33 14
33 22
34 14
34 50
35 22
35 38
36 33
36 34
37 2
37 5
38 15
38 43
39 4
39 7
40 25
40 31
41 27
41 47
42 42
42 46
43 12
43 39
44 24
44 30
45 37
45 47
46 8
46 39
47 5
47 9
48 21
48 37
49 18
49 23
50 16
50 24

# solution 264
# n=51 sym=rct4 status=verified source=flammenkamp_cache/n51_rct4.mvr
# code=mvr:0 33 0 38 1 16 1 38 2 8 2 24 3 16 3 40 4
0 33
0 38
1 16
1 38
2 8
2 24
3 16
3 40
4 23
4 31
5 40
5 41
6 26
6 31
7 7
7 15
8 33
8 48
9 5
9 29
10 3
10 5
11 13
11 18
12 0
12 1
13 23
13 39
14 15
14 20
15 36
15 43
16 47
16 49
17 0
17 8
18 22
18 39
19 4
19 6
20 21
20 36
21 9
21 30
22 25
22 32
23 37
23 46
24 6
24 48
25 22
25 28
26 2
26 44
27 4
27 13
28 18
28 25
29 20
29 41
30 14
30 29
31 44
31 46
32 11
32 28
33 42
33 50
34 1
34 3
35 7
35 14
36 30
36 35
37 11
37 27
38 49
38 50
39 32
39 37
40 45
40 47
41 21
41 45
42 2
42 17
43 35
43 43
44 19
44 24
45 9
45 10
46 19
46 27
47 10
47 34
48 26
48 42
49 12
49 34
50 12
50 17

